t,fase,vermogen,regel
0.0333,rust,0,"4,46,-6,ACC,4,0,265,ADC,1250,501,7,2,"
0.0333,rust,0,MM1 ?P
0.0333,rust,0,MM0 ?P
0.0333,rust,0,MM1 P=0:0
0.0333,rust,0,MM0 P=0:0
0.0333,rust,0,MM0 !M 0 0MMW !M 0 0
0.0333,rust,0,MM1 !M 0 0MMW !M 0 0
0.0333,rust,0,MM0 +
0.0333,rust,0,MM1 +
0.0334,rust,0,"#76,YAW,2.64,GYRO,-12,47,-5,ACC,4,1,258,ADC,1326,503,6,2,"
0.0334,rust,0,MM1 ?S
0.0334,rust,0,MM0 ?S
0.0334,rust,0,MM1 S=0:0
0.0334,rust,0,MM0 S=0:0
0.0334,rust,0,"#77,YAW,2.64,GYRO,-13,45,-6,ACC,3,1,258,ADC,1256,501,6,2,"
0.0334,rust,0,MM1 ?T
0.0334,rust,0,MM0 ?T
0.0334,rust,0,MM1 T=36:34
0.0334,rust,0,MM0 T=35:34
0.0334,rust,0,"#78,YAW,2.64,GYRO,-14,46,-6,ACC,7,0,261,ADC,1218,499,5,2,"
0.0334,rust,0,MM1 ?V
0.0334,rust,0,MM0 ?V
0.0334,rust,0,MM1 V=120:223:4901
0.0334,rust,0,MM0 V=120:223:4906
0.0334,rust,0,"#79,YAW,2.64,GYRO,-14,46,-6,ACC,4,0,258,ADC,1234,492,5,2,"
0.0334,rust,0,MM1 ?CR
0.0334,rust,0,MM0 ?CR
0.0334,rust,0,MM1 CR=0:0
0.0334,rust,0,MM0 CR=0:0
0.0334,rust,0,"#80,YAW,2.64,GYRO,-13,46,-6,ACC,6,0,254,ADC,1249,393,6,2,"
0.0334,rust,0,MM1 ?A
0.0335,rust,0,MM0 ?A
0.0335,rust,0,MM1 A=0:0
0.0335,rust,0,MM0 A=0:0
0.0335,rust,0,"$GPRMC,131452.0,A,5050.50825,N,00419.37811,E,000.53,187.8,081026,000.4,E*5B"
0.0335,rust,0,"#81,YAW,2.64,GYRO,-14,47,-6,ACC,7,3,257,ADC,1210,314,6,1,"
0.0335,rust,0,MM1 ?AI
0.0335,rust,0,MM0 ?AI
0.0335,rust,0,MM1 AI=0:0:2372:2371:0:0
0.0335,rust,0,MM0 AI=0:0:2458:2488:0:0
0.0335,rust,0,"#82,YAW,2.67,GYRO,-12,47,-5,ACC,5,2,255,ADC,1251,381,6,2,"
0.0335,rust,0,MM0 ?C
0.0335,rust,0,MM1 ?C
0.0335,rust,0,MM1 C=-917:-1101
0.0335,rust,0,MM0 C=-956:-981
0.0335,rust,0,"#83,YAW,2.67,GYRO,-14,47,-4,ACC,6,1,255,ADC,1239,383,5,2,"
0.0335,rust,0,MM0 ?D
0.0335,rust,0,MM1 ?D
0.0335,rust,0,MM1 D=49
0.0335,rust,0,MM0 D=3
0.0335,rust,0,"#84,YAW,2.67,GYRO,-12,47,-5,ACC,4,1,256,ADC,1255,390,6,2,"
0.0335,rust,0,MM1 ?FF
0.0335,rust,0,MM0 ?FF
0.0335,rust,0,MM1 FF=0
0.0335,rust,0,MM0 FF=0
0.0335,rust,0,"#85,YAW,2.67,GYRO,-12,48,-7,ACC,6,1,261,ADC,1223,407,5,2,"
0.0336,rust,0,MM0 ?P
0.0336,rust,0,MM1 ?P
0.0336,rust,0,MM0 P=0:0
0.0336,rust,0,MM1 P=0:0
0.0336,rust,0,"#86,YAW,2.67,GYRO,-12,49,-5,ACC,7,2,257,ADC,1228,392,5,2,"
0.0336,rust,0,MM1 ?S
0.0336,rust,0,MM0 ?S
0.0336,rust,0,MM1 S=0:0
0.0336,rust,0,MM0 S=0:0
0.0336,rust,0,"#87,YAW,2.67,GYRO,-13,47,-6,ACC,5,2,253,ADC,1263,501,5,2,"
0.0336,rust,0,MM1 ?T
0.0336,rust,0,MM0 ?T
0.0336,rust,0,MM1 T=36:34
0.0336,rust,0,MM0 T=35:34
0.0336,rust,0,"#88,YAW,2.67,GYRO,-13,46,-6,ACC,5,2,259,ADC,1272,500,5,2,"
0.0336,rust,0,MM0 ?V
0.0336,rust,0,MM1 ?V
0.0336,rust,0,MM0 V=120:223:4905
0.0336,rust,0,MM1 V=120:223:4902
0.0336,rust,0,"#89,YAW,2.67,GYRO,-13,47,-6,ACC,6,2,260,ADC,1247,392,5,2,"
0.0336,rust,0,MM0 ?CR
0.0336,rust,0,MM1 ?CR
0.0336,rust,0,MM0 CR=0:0
0.0336,rust,0,MM1 CR=0:0
0.0336,rust,0,"#90,YAW,2.67,GYRO,-13,45,-4,ACC,3,0,257,ADC,1214,404,6,2,"
0.0336,rust,0,MM0 ?A
0.0336,rust,0,MM1 ?A
0.0336,rust,0,MM0 A=0:0
0.0336,rust,0,MM1 A=0:0
0.0336,rust,0,"$GPRMC,131452.2,A,5050.50831,N,00419.37817,E,000.51,187.8,081026,000.4,E*58"
0.0337,rust,0,"#91,YAW,2.67,GYRO,-13,46,-4,ACC,4,1,255,ADC,1260,387,5,2,"
0.0337,rust,0,MM0 ?AI
0.0337,rust,0,MM1 ?AI
0.0337,rust,0,MM0 AI=0:0:2439:2467:0:0
0.0337,rust,0,MM1 AI=0:0:2353:2382:0:0
0.0337,rust,0,"#92,YAW,2.70,GYRO,-13,46,-7,ACC,5,1,259,ADC,1225,392,4,2,"
0.0337,rust,0,MM0 ?C
0.0337,rust,0,MM1 ?C
0.0337,rust,0,"MM1 C#149,YAW,0.03,GYRO,-14,44,-5,ACC,4,1,257,ADC,1227,501,6,2,"
0.0337,rust,0,MM0 ?AI
0.0337,rust,0,MM1 ?AI
0.0337,rust,0,MM0 AI=0:0:2462:2465:0:0
0.0337,rust,0,MM1 AI=0:0:2371:2364:0:0
0.0677,rust,0,MM0 PING
0.0677,rust,0,MM1 PING
0.0677,rust,0,"#150,YAW,0.03,GYRO,-14,47,-4,ACC,3,0,261,ADC,1241,390,5,1,"
0.0677,rust,0,MM0 !M 0 0
0.0678,rust,0,MM0 +
0.0678,rust,0,MM1 !M 0 0
0.0678,rust,0,MM1 +
0.0678,rust,0,MM0 ?C
0.0678,rust,0,MM1 ?C
0.0678,rust,0,MM1 C=-916:-1102
0.0678,rust,0,MM0 C=-954:-982
0.0678,rust,0,"#151,YAW,0.03,GYRO,-13,48,-5,ACC,2,3,255,ADC,1213,382,7,2,"
0.0678,rust,0,MM0 ?D
0.0679,rust,0,MM1 ?D
0.0679,rust,0,MM0 D=32
0.0679,rust,0,MM1 D=19
0.0885,rust,0,"#152,YAW,0.03,GYRO,-12,46,-4,ACC,7,2,259,ADC,1229,380,5,1,"
0.0885,rust,0,MM0 ?FF
0.0886,rust,0,MM1 ?FF
0.0886,rust,0,MM0 FF=16
0.0886,rust,0,MM1 FF=16
0.1121,rust,0,"#153,YAW,0.03,GYRO,-13,46,-6,ACC,5,2,258,ADC,1263,384,4,1,"
0.1122,rust,0,MM0 ?P
0.1122,rust,0,MM1 ?P
0.1122,rust,0,MM0 P=0:0
0.1122,rust,0,MM1 P=0:0
0.1305,rust,0,"#154,YAW,0.03,GYRO,-15,46,-5,ACC,2,1,259,ADC,1229,401,4,1,"
0.1305,rust,0,MM0 ?S
0.1305,rust,0,MM1 ?S
0.1305,rust,0,MM0 S=0:0
0.1305,rust,0,MM1 S=0:0
0.1698,rust,0,MM1 !M 0 0
0.1698,rust,0,MM0 !M 0 0
0.1698,rust,0,MM1 +
0.1698,rust,0,MM0 +
0.1698,rust,0,"#155,YAW,0.03,GYRO,-12,46,-4,ACC,2,1,252,ADC,1282,300,3,2,"
0.1698,rust,0,MM0 ?T
0.1698,rust,0,MM1 ?T
0.1698,rust,0,MM0 T=35:34
0.1698,rust,0,MM1 T=36:34
0.1698,rust,0,"#156,YAW,0.03,GYRO,-13,48,-5,ACC,5,2,261,ADC,1247,501,4,1,"
0.1698,rust,0,MM0 ?V
0.1858,rust,0,MM1 ?V
0.1858,rust,0,MM0 V=120:223:4903
0.1858,rust,0,MM1 V=120:223:4902
0.1858,rust,0,"$GPRMC,135743.8,A,5050.50880,N,00419.37173,E,000.66,205.4,081026,000.4,E*55"
0.1858,rust,0,"#157,YAW,0.03,GYRO,-14,46,-6,ACC,7,1,261,ADC,1223,384,5,1,"
0.1859,rust,0,MM0 ?CR
0.1859,rust,0,MM1 ?CR
0.2067,rust,0,MM0 CR=0:0
0.2067,rust,0,MM1 CR=0:0
0.2067,rust,0,"#158,YAW,0.01,GYRO,-15,47,-7,ACC,4,2,255,ADC,1254,394,4,1,"
0.2067,rust,0,MM0 ?A
0.2067,rust,0,MM1 ?A
0.2067,rust,0,MM0 A=0:0
0.2277,rust,0,MM1 A=0:0
0.2277,rust,0,"#159,YAW,0.01,GYRO,-15,47,-5,ACC,6,0,253,ADC,1204,380,6,2,"
0.2278,rust,0,MM0 ?AI
0.2278,rust,0,MM1 ?AI
0.2278,rust,0,MM0 AI=0:0:2431:2470:0:0
0.2618,rust,0,MM1 AI=0:0:2397:2376:0:0
0.2618,rust,0,MM0 !M 0 0
0.2618,rust,0,MM1 !M 0 0
0.2618,rust,0,MM0 +
0.2618,rust,0,MM1 +
0.2618,rust,0,"#160,YAW,0.01,GYRO,-14,46,-5,ACC,4,0,260,ADC,1274,389,3,2,"
0.2618,rust,0,MM0 ?C
0.2618,rust,0,MM1 ?C
0.2618,rust,0,MM1 C=-916:-1102
0.2619,rust,0,MM0 C=-954:-982
0.2826,rust,0,"#161,YAW,0.01,GYRO,-12,47,-6,ACC,6,1,257,ADC,1219,503,4,1,"
0.2827,rust,0,MM0 ?D
0.2827,rust,0,MM1 ?D
0.2827,rust,0,MM0 D=32
0.2827,rust,0,MM1 D=19
0.3043,rust,0,"#162,YAW,0.01,GYRO,-14,47,-5,ACC,1,0,257,ADC,1244,497,4,1,"
0.3043,rust,0,MM0 ?FF
0.3043,rust,0,MM1 ?FF
0.3043,rust,0,MM0 FF=16
0.3043,rust,0,MM1 FF=16
0.3246,rust,0,"#163,YAW,0.01,GYRO,-13,47,-5,ACC,5,2,257,ADC,1213,380,5,2,"
0.3247,rust,0,MM0 ?P
0.3247,rust,0,MM1 ?P
0.3247,rust,0,MM0 P=0:0
0.3247,rust,0,MM1 P=0:0
0.3247,rust,0,"#164,YAW,0.01,GYRO,-14,47,-6,ACC,5,2,263,ADC,1235,381,5,1,"
0.3247,rust,0,MM0 ?S
0.3759,rust,0,MM1 ?S
0.3759,rust,0,MM0 S=0:0
0.3759,rust,0,MM1 S=0:0
0.3759,rust,0,"#165,YAW,0.01,GYRO,-14,46,-4,ACC,6,0,259,ADC,1268,498,5,1,"
0.3759,rust,0,MM0 ?T
0.3759,rust,0,MM1 ?T
0.3759,rust,0,MM0 T=35:34
0.3759,rust,0,MM1 T=36:34
0.3759,rust,0,MM0 !M 0 0
0.3759,rust,0,MM1 !M 0 0
0.3759,rust,0,MM0 +
0.3759,rust,0,MM1 +
0.3759,rust,0,"#166,YAW,0.01,GYRO,-14,47,-6,ACC,4,1,257,ADC,1207,388,4,2,"
0.3760,rust,0,MM0 ?V
0.3760,rust,0,MM1 ?V
0.3760,rust,0,MM0 V=120:223:4904
0.3760,rust,0,MM1 V=120:223:4901
0.3760,rust,0,"$GPRMC,135744.0,A,5050.50871,N,00419.37168,E,000.64,205.7,081026,000.4,E*5F"
0.3966,rust,0,"#167,YAW,0.01,GYRO,-13,47,-5,ACC,6,-1,255,ADC,1270,386,5,3,"
0.3966,rust,0,MM0 ?CR
0.3966,rust,0,MM1 ?CR
0.3966,rust,0,MM0 CR=0:0
0.3966,rust,0,MM1 CR=0:0
0.4192,rust,0,"#168,YAW,-0.02,GYRO,-12,47,-6,ACC,3,2,261,ADC,1232,380,4,1,"
0.4192,rust,0,MM0 ?A
0.4192,rust,0,MM1 ?A
0.4193,rust,0,MM0 A=0:0
0.4193,rust,0,MM1 A=0:0
0.4385,rust,0,"#169,YAW,-0.02,GYRO,-14,47,-6,ACC,3,0,256,ADC,1244,390,6,2,"
0.4385,rust,0,MM0 ?AI
0.4385,rust,0,MM1 ?AI
0.4385,rust,0,MM0 AI=0:0:2459:2454:0:0
0.4385,rust,0,MM1 AI=0:0:2355:2366:0:0
0.4775,rust,0,"#170,YAW,-0.02,GYRO,-14,46,-6,ACC,6,1,259,ADC,1292,500,4,1,"
0.4776,rust,0,MM0 ?C
0.4776,rust,0,MM1 ?C
0.4776,rust,0,MM1 C=-916:-1102
0.4776,rust,0,MM0 C=-954:-982
0.4777,rust,0,MM0 !M 0 0
0.4777,rust,0,MM1 !M 0 0
0.4777,rust,0,MM0 +
0.4777,rust,0,MM1 +
0.4777,rust,0,"#171,YAW,-0.02,GYRO,-13,45,-4,ACC,6,1,259,ADC,1225,385,5,3,"
0.4777,rust,0,MM0 ?D
0.4777,rust,0,MM1 ?D
0.4777,rust,0,MM0 D=32
0.4777,rust,0,MM1 D=19
0.4936,rust,0,"#172,YAW,-0.02,GYRO,-13,46,-6,ACC,5,1,257,ADC,1252,492,6,1,"
0.4936,rust,0,MM0 ?FF
0.4936,rust,0,MM1 ?FF
0.4936,rust,0,MM0 FF=16
0.4936,rust,0,MM1 FF=16
0.5144,rust,0,"#173,YAW,-0.02,GYRO,-13,47,-5,ACC,4,0,256,ADC,1273,496,5,2,"
0.5144,rust,0,MM0 ?P
0.5144,rust,0,MM1 ?P
0.5144,rust,0,MM0 P=0:0
0.5144,rust,0,MM1 P=0:0
0.5358,rust,0,"#174,YAW,-0.02,GYRO,-14,47,-6,ACC,6,0,258,ADC,1194,389,6,2,"
0.5358,rust,0,MM0 ?S
0.5358,rust,0,MM1 ?S
0.5358,rust,0,MM0 S=0:0
0.5358,rust,0,MM1 S=0:0
0.5697,rust,0,"#175,YAW,-0.02,GYRO,-14,47,-5,ACC,7,0,259,ADC,1247,383,4,2,"
0.5698,rust,0,MM0 ?T
0.5698,rust,0,MM1 ?T
0.5698,rust,0,MM0 T=35:34
0.5698,rust,0,MM1 T=36:34
0.5698,rust,0,MM0 !M 0 0
0.5698,rust,0,MM1 !M 0 0
0.5698,rust,0,MM0 +
0.5698,rust,0,MM1 +
0.5698,rust,0,"#176,YAW,-0.02,GYRO,-14,47,-6,ACC,4,0,258,ADC,1270,388,5,2,"
0.5698,rust,0,MM0 ?V
0.5698,rust,0,MM1 ?V
0.5698,rust,0,MM0 V=120:223:4904
0.5698,rust,0,MM1 V=120:222:4902
0.5906,rust,0,"$GPRMC,135744.2,A,5050.50872,N,00419.37171,E,000.63,206.0,081026,000.4,E*55"
0.5906,rust,0,"#177,YAW,-0.02,GYRO,-14,47,-5,ACC,3,1,255,ADC,1242,394,4,2,"
0.5906,rust,0,MM0 ?CR
0.5906,rust,0,MM1 ?CR
0.5906,rust,0,MM0 CR=0:0
0.5906,rust,0,MM1 CR=0:0
0.6116,rust,0,"#178,YAW,-0.04,GYRO,-13,48,-5,ACC,3,1,259,ADC,1259,502,7,2,"
0.6116,rust,0,MM0 ?A
0.6116,rust,0,MM1 ?A
0.6116,rust,0,MM0 A=0:0
0.6116,rust,0,MM1 A=0:0
0.6316,rust,0,"#179,YAW,-0.04,GYRO,-13,47,-6,ACC,5,2,261,ADC,1255,386,5,2,"
0.6317,rust,0,MM0 ?AI
0.6317,rust,0,MM1 ?AI
0.6317,rust,0,MM0 AI=0:0:2460:2451:0:0
0.6317,rust,0,MM1 AI=0:0:2352:2382:0:0
0.6661,rust,0,MM0 !M 0 0
0.6661,rust,0,MM1 !M 0 0
0.6661,rust,0,MM0 +
0.6661,rust,0,MM1 +
0.6661,rust,0,"#180,YAW,-0.04,GYRO,-13,45,-5,ACC,2,1,258,ADC,1245,375,5,2,"
0.6662,rust,0,MM0 ?C
0.6662,rust,0,MM1 ?C
0.6662,rust,0,MM1 C=-916:-1102
0.6662,rust,0,MM0 C=-954:-982
0.6662,rust,0,"#181,YAW,-0.04,GYRO,-14,46,-5,ACC,4,2,261,ADC,1266,391,6,2,"
0.6662,rust,0,MM0 ?D
0.6662,rust,0,MM1 ?D
0.6868,rust,0,MM0 D=32
0.6868,rust,0,MM1 D=19
0.6868,rust,0,"#182,YAW,-0.04,GYRO,-14,44,-5,ACC,7,1,258,ADC,1260,387,4,2,"
0.6868,rust,0,MM0 ?FF
0.6868,rust,0,MM1 ?FF
0.6868,rust,0,MM0 FF=16
0.7076,rust,0,MM1 FF=16
0.7076,rust,0,"#183,YAW,-0.04,GYRO,-13,46,-5,ACC,5,3,260,ADC,1239,383,6,2,"
0.7077,rust,0,MM0 ?P
0.7077,rust,0,MM1 ?P
0.7077,rust,0,MM0 P=0:0
0.7077,rust,0,MM1 P=0:0
0.7289,rust,0,"#184,YAW,-0.04,GYRO,-13,45,-6,ACC,6,0,255,ADC,1201,380,6,2,"
0.7290,rust,0,MM0 ?S
0.7290,rust,0,MM1 ?S
0.7290,rust,0,MM0 S=0:0
0.7290,rust,0,MM1 S=0:0
0.7767,rust,0,"#185,YAW,-0.04,GYRO,-13,45,-5,ACC,0,4,254,ADC,1230,395,6,2,"
0.7768,rust,0,MM0 ?T
0.7768,rust,0,MM1 ?T
0.7768,rust,0,MM0 T=35:34
0.7768,rust,0,MM1 T=36:34
0.7768,rust,0,MM0 !M 0 0
0.7768,rust,0,MM1 !M 0 0
0.7768,rust,0,MM0 +
0.7768,rust,0,MM1 +
0.7768,rust,0,"#186,YAW,-0.04,GYRO,-13,47,-6,ACC,5,0,261,ADC,1263,387,5,2,"
0.7768,rust,0,MM0 ?V
0.7768,rust,0,MM1 ?V
0.7768,rust,0,MM0 V=120:225:4904
0.7768,rust,0,MM1 V=120:223:4902
0.7768,rust,0,"$GPRMC,135744.4,A,5050.50881,N,00419.37175,E,000.61,206.3,081026,000.4,E*5A"
0.7974,rust,0,"#187,YAW,-0.04,GYRO,-14,46,-6,ACC,3,1,256,ADC,1258,398,3,1,"
0.7974,rust,0,MM0 ?CR
0.7974,rust,0,MM1 ?CR
0.7974,rust,0,MM0 CR=0:0
0.7974,rust,0,MM1 CR=0:0
0.8185,rust,0,"#188,YAW,-0.06,GYRO,-13,45,-5,ACC,5,1,256,ADC,1270,386,4,2,"
0.8185,rust,0,MM0 ?A
0.8185,rust,0,MM1 ?A
0.8185,rust,0,MM0 A=0:0
0.8185,rust,0,MM1 A=0:0
0.8398,rust,0,"#189,YAW,-0.06,GYRO,-13,48,-5,ACC,3,0,257,ADC,1247,381,4,2,"
0.8398,rust,0,MM0 ?AI
0.8398,rust,0,MM1 ?AI
0.8398,rust,0,MM0 AI=0:0:2459:2449:0:0
0.8398,rust,0,MM1 AI=0:0:2372:2318:0:0
0.8740,rust,0,"#190,YAW,-0.06,GYRO,-13,46,-4,ACC,4,2,257,ADC,1227,385,4,2,"
0.8741,rust,0,MM0 ?C
0.8741,rust,0,MM1 ?C
0.8741,rust,0,MM1 C=-916:-1102
0.8741,rust,0,MM0 C=-954:-982
0.8742,rust,0,MM0 !M 0 0
0.8742,rust,0,MM1 !M 0 0
0.8742,rust,0,MM0 +
0.8742,rust,0,MM1 +
0.8742,rust,0,"#191,YAW,-0.06,GYRO,-14,47,-5,ACC,1,3,256,ADC,1235,384,5,1,"
0.8742,rust,0,MM0 ?D
0.8742,rust,0,MM1 ?D
0.8743,rust,0,MM0 D=32
0.8743,rust,0,MM1 D=19
0.8945,rust,0,"#192,YAW,-0.06,GYRO,-13,47,-6,ACC,4,1,259,ADC,1241,395,5,2,"
0.8945,rust,0,MM0 ?FF
0.8945,rust,0,MM1 ?FF
0.8945,rust,0,MM0 FF=16
0.8945,rust,0,MM1 FF=16
0.9157,rust,0,"#193,YAW,-0.06,GYRO,-13,46,-5,ACC,4,0,261,ADC,1250,499,5,1,"
0.9158,rust,0,MM0 ?P
0.9158,rust,0,MM1 ?P
0.9158,rust,0,MM0 P=0:0
0.9158,rust,0,MM1 P=0:0
0.9366,rust,0,"#194,YAW,-0.06,GYRO,-13,46,-5,ACC,4,0,261,ADC,1263,500,6,2,"
0.9366,rust,0,MM0 ?S
0.9366,rust,0,MM1 ?S
0.9366,rust,0,MM0 S=0:0
0.9367,rust,0,MM1 S=0:0
0.9719,rust,0,"#195,YAW,-0.06,GYRO,-14,46,-6,ACC,2,1,257,ADC,1253,385,4,2,"
0.9719,rust,0,MM0 ?T
0.9719,rust,0,MM1 ?T
0.9719,rust,0,MM0 T=35:34
0.9719,rust,0,MM1 T=36:34
0.9719,rust,0,MM1 !M 0 0
0.9719,rust,0,MM0 !M 0 0
0.9719,rust,0,MM1 +
0.9719,rust,0,MM0 +
0.9719,rust,0,"#196,YAW,-0.06,GYRO,-14,45,-6,ACC,2,1,254,ADC,1279,501,5,2,"
0.9719,rust,0,MM0 ?V
0.9719,rust,0,MM1 ?V
0.9719,rust,0,MM0 V=120:222:4904
0.9719,rust,0,MM1 V=120:223:4901
0.9917,rust,0,"$GPRMC,135744.6,A,5050.50887,N,00419.37179,E,000.58,206.6,081026,000.4,E*5D"
0.9917,rust,0,"#197,YAW,-0.06,GYRO,-13,46,-6,ACC,6,3,260,ADC,1205,379,4,1,"
0.9917,rust,0,MM1 ?CR
0.9917,rust,0,MM0 ?CR
0.9917,rust,0,MM1 CR=0:0
0.9917,rust,0,MM0 CR=0:0
1.0126,rust,0,"#198,YAW,-0.09,GYRO,-14,47,-6,ACC,2,3,256,ADC,1226,382,4,2,"
1.0126,rust,0,MM0 ?A
1.0126,rust,0,MM1 ?A
1.0126,rust,0,MM0 A=0:0
1.0126,rust,0,MM1 A=0:0
1.0332,rust,0,"#199,YAW,-0.09,GYRO,-13,48,-5,ACC,6,1,260,ADC,1266,499,4,2,"
1.0332,rust,0,MM1 ?AI
1.0332,rust,0,MM0 ?AI
1.0332,rust,0,MM1 AI=0:0:2372:2366:0:0
1.0332,rust,0,MM0 AI=0:0:2462:2459:0:0
1.0678,rust,0,"#200,YAW,-0.09,GYRO,-16,46,-6,ACC,3,1,258,ADC,1254,391,5,2,"
1.0678,rust,0,MM0 !M 0 0
1.0678,rust,0,MM0 +
1.0678,rust,0,MM1 !M 0 0
1.0678,rust,0,MM1 +
1.0678,rust,0,MM0 ?C
1.0678,rust,0,MM1 ?C
1.0678,rust,0,MM1 C=-916:-1102
1.0678,rust,0,MM0 C=-954:-982
1.0679,rust,0,"#201,YAW,-0.09,GYRO,-15,48,-6,ACC,5,1,259,ADC,1269,500,4,2,"
1.0679,rust,0,MM0 ?D
1.0679,rust,0,MM1 ?D
1.0679,rust,0,MM0 D=32
1.0679,rust,0,MM1 D=19
1.0913,rust,0,"#202,YAW,-0.09,GYRO,-14,47,-7,ACC,2,1,255,ADC,1227,501,4,1,"
1.0913,rust,0,MM1 ?FF
1.0913,rust,0,MM0 ?FF
1.0913,rust,0,MM1 FF=16
1.0913,rust,0,MM0 FF=16
1.1096,rust,0,"#203,YAW,-0.09,GYRO,-12,47,-5,ACC,4,3,266,ADC,1220,380,5,2,"
1.1097,rust,0,MM0 ?P
1.1097,rust,0,MM1 ?P
1.1097,rust,0,MM0 P=0:0
1.1097,rust,0,MM1 P=0:0
1.1305,rust,0,"#204,YAW,-0.09,GYRO,-13,47,-5,ACC,6,1,258,ADC,1224,384,6,2,"
1.1306,rust,0,MM1 ?S
1.1306,rust,0,MM0 ?S
1.1306,rust,0,MM0 S=0:0
1.1306,rust,0,MM1 S=0:0
1.1832,rust,0,"#205,YAW,-0.09,GYRO,-14,47,-6,ACC,0,3,256,ADC,1244,391,4,1,"
1.1832,rust,0,MM0 ?T
1.1832,rust,0,MM1 ?T
1.1832,rust,0,MM0 T=35:34
1.1832,rust,0,MM1 T=36:34
1.1832,rust,0,MM1 !M 0 0
1.1832,rust,0,MM0 !M 0 0
1.1832,rust,0,MM1 +
1.1832,rust,0,MM0 +
1.1832,rust,0,"#206,YAW,-0.09,GYRO,-13,47,-5,ACC,3,2,257,ADC,1215,381,6,2,"
1.1832,rust,0,MM1 ?V
1.1832,rust,0,MM0 ?V
1.1832,rust,0,MM1 V=120:223:4901
1.1833,rust,0,MM0 V=120:223:4904
1.1833,rust,0,"$GPRMC,135744.8,A,5050.50871,N,00419.37165,E,000.56,206.9,081026,000.4,E*56"
1.2033,rust,0,"#207,YAW,-0.09,GYRO,-12,48,-6,ACC,5,2,260,ADC,1246,394,4,1,"
1.2034,rust,0,MM1 ?CR
1.2034,rust,0,MM0 ?CR
1.2034,rust,0,MM1 CR=0:0
1.2034,rust,0,MM0 CR=0:0
1.2238,rust,0,"#208,YAW,-0.11,GYRO,-15,47,-5,ACC,3,1,260,ADC,1234,387,4,2,"
1.2238,rust,0,MM1 ?A
1.2238,rust,0,MM0 ?A
1.2238,rust,0,MM1 A=0:0
1.2238,rust,0,MM0 A=0:0
1.2447,rust,0,"#209,YAW,-0.11,GYRO,-14,46,-6,ACC,2,2,256,ADC,1209,387,5,2,"
1.2447,rust,0,MM1 ?AI
1.2447,rust,0,MM0 ?AI
1.2447,rust,0,MM1 AI=0:0:2371:2350:0:0
1.2447,rust,0,MM0 AI=0:0:2447:2627:0:0
1.2447,rust,0,"#210,YAW,-0.11,GYRO,-14,47,-5,ACC,4,1,257,ADC,1240,495,5,2,"
1.2447,rust,0,MM1 ?C
1.2786,rust,0,MM0 ?C
1.2786,rust,0,MM1 C=-916:-1102
1.2786,rust,0,MM0 C=-954:-982
1.2787,rust,0,MM1 !M 0 0
1.2787,rust,0,MM0 !M 0 0
1.2787,rust,0,MM1 +
1.2787,rust,0,MM0 +
1.2787,rust,0,"#211,YAW,-0.11,GYRO,-13,46,-6,ACC,6,0,258,ADC,1226,383,6,2,"
1.2789,rust,0,MM1 ?D
1.2789,rust,0,MM0 ?D
1.2789,rust,0,MM1 D=19
1.2789,rust,0,MM0 D=40
1.2998,rust,0,"#212,YAW,-0.11,GYRO,-13,47,-6,ACC,3,0,260,ADC,1264,386,6,2,"
1.2998,rust,0,MM1 ?FF
1.2998,rust,0,MM0 ?FF
1.2998,rust,0,MM1 FF=16
1.2998,rust,0,MM0 FF=16
1.3206,rust,0,"#213,YAW,-0.11,GYRO,-15,47,-6,ACC,4,2,257,ADC,1283,399,4,2,"
1.3206,rust,0,MM1 ?P
1.3206,rust,0,MM0 ?P
1.3206,rust,0,MM1 P=0:0
1.3206,rust,0,MM0 P=0:0
1.3425,rust,0,"#214,YAW,-0.11,GYRO,-13,47,-5,ACC,2,2,260,ADC,1268,405,4,1,"
1.3426,rust,0,MM1 ?S
1.3426,rust,0,MM0 ?S
1.3426,rust,0,MM1 S=0:0
1.3426,rust,0,MM0 S=0:0
1.3768,rust,0,"#215,YAW,-0.11,GYRO,-14,47,-4,ACC,4,1,258,ADC,1250,499,4,2,"
1.3768,rust,0,MM1 ?T
1.3768,rust,0,MM0 ?T
1.3768,rust,0,MM1 T=36:34
1.3768,rust,0,MM0 T=35:34
1.3768,rust,0,MM1 !M 0 0
1.3768,rust,0,MM0 !M 0 0
1.3768,rust,0,MM1 +
1.3768,rust,0,MM0 +
1.3768,rust,0,"#216,YAW,-0.11,GYRO,-14,47,-6,ACC,5,2,250,ADC,1276,502,4,1,"
1.3768,rust,0,MM1 ?V
1.3768,rust,0,MM0 ?V
1.3769,rust,0,MM1 V=120:222:4902
1.3769,rust,0,MM0 V=120:223:4903
1.3769,rust,0,"$GPRMC,135745.0,A,5050.50858,N,00419.37157,E,000.54,207.1,081026,000.4,E*5E"
1.3985,rust,0,"#217,YAW,-0.11,GYRO,-14,47,-6,ACC,7,2,254,ADC,1283,500,4,2,"
1.3986,rust,0,MM1 ?CR
1.3986,rust,0,MM0 ?CR
1.3986,rust,0,MM1 CR=0:0
1.3986,rust,0,MM0 CR=0:0
1.4186,rust,0,"#218,YAW,-0.14,GYRO,-13,49,-5,ACC,2,1,261,ADC,1231,387,6,2,"
1.4187,rust,0,MM1 ?A
1.4187,rust,0,MM0 ?A
1.4187,rust,0,MM1 A=0:0
1.4187,rust,0,MM0 A=0:0
1.4398,rust,0,"#219,YAW,-0.14,GYRO,-14,47,-5,ACC,3,1,259,ADC,1252,501,5,2,"
1.4398,rust,0,MM1 ?AI
1.4398,rust,0,MM0 ?AI
1.4398,rust,0,MM1 AI=0:0:2375:2379:0:0
1.4398,rust,0,MM0 AI=0:0:2444:2530:0:0
1.4746,rust,0,"#220,YAW,-0.14,GYRO,-13,46,-6,ACC,3,3,257,ADC,1216,383,5,1,"
1.4746,rust,0,MM1 ?C
1.4746,rust,0,MM0 ?C
1.4746,rust,0,MM1 C=-916:-1102
1.4747,rust,0,MM0 C=-954:-982
1.4747,rust,0,MM0 !M 0 0
1.4747,rust,0,MM1 !M 0 0
1.4747,rust,0,MM0 +
1.4747,rust,0,MM1 +
1.4747,rust,0,"#221,YAW,-0.14,GYRO,-14,46,-6,ACC,2,3,257,ADC,1277,390,4,1,"
1.4747,rust,0,MM1 ?D
1.4747,rust,0,MM0 ?D
1.4747,rust,0,MM1 D=19
1.4747,rust,0,MM0 D=40
1.5015,rust,0,"#222,YAW,-0.14,GYRO,-13,48,-5,ACC,5,3,260,ADC,1219,384,4,1,"
1.5016,rust,0,MM1 ?FF
1.5016,rust,0,MM0 ?FF
1.5016,rust,0,MM1 FF=16
1.5016,rust,0,MM0 FF=16
1.5166,rust,0,"#223,YAW,-0.14,GYRO,-13,46,-7,ACC,3,0,255,ADC,1241,393,4,1,"
1.5167,rust,0,MM1 ?P
1.5167,rust,0,MM0 ?P
1.5167,rust,0,MM1 P=0:0
1.5167,rust,0,MM0 P=0:0
1.5378,rust,0,"#224,YAW,-0.14,GYRO,-13,48,-4,ACC,5,1,263,ADC,1226,385,5,2,"
1.5379,rust,0,MM1 ?S
1.5379,rust,0,MM0 ?S
1.5379,rust,0,MM1 S=0:0
1.5379,rust,0,MM0 S=0:0
1.5731,rust,0,"#225,YAW,-0.14,GYRO,-14,48,-6,ACC,4,2,259,ADC,1210,387,3,2,"
1.5731,rust,0,MM1 ?T
1.5731,rust,0,MM0 ?T
1.5731,rust,0,MM1 T=36:34
1.5731,rust,0,MM0 T=35:34
1.5731,rust,0,MM0 !M 0 0
1.5731,rust,0,MM1 !M 0 0
1.5731,rust,0,MM0 +
1.5731,rust,0,MM1 +
1.5731,rust,0,"#226,YAW,-0.14,GYRO,-12,49,-6,ACC,4,0,259,ADC,1246,497,5,2,"
1.5731,rust,0,MM1 ?V
1.5732,rust,0,MM0 ?V
1.5732,rust,0,MM1 V=120:223:4901
1.5732,rust,0,MM0 V=120:222:4903
1.5936,rust,0,"$GPRMC,135745.2,A,5050.50856,N,00419.37155,E,000.53,207.3,081026,000.4,E*55"
1.5936,rust,0,"#227,YAW,-0.14,GYRO,-14,46,-7,ACC,6,0,258,ADC,1216,385,6,2,"
1.5936,rust,0,MM0 ?CR
1.5936,rust,0,MM1 ?CR
1.5936,rust,0,MM0 CR=0:0
1.5936,rust,0,MM1 CR=0:0
1.6147,rust,0,"#228,YAW,-0.17,GYRO,-13,47,-6,ACC,5,0,262,ADC,1284,396,5,2,"
1.6147,rust,0,MM1 ?A
1.6147,rust,0,MM0 ?A
1.6147,rust,0,MM1 A=0:0
1.6147,rust,0,MM0 A=0:0
1.6355,rust,0,"#229,YAW,-0.17,GYRO,-14,49,-5,ACC,3,2,259,ADC,1285,498,5,2,"
1.6355,rust,0,MM1 ?AI
1.6356,rust,0,MM0 ?AI
1.6356,rust,0,MM1 AI=0:0:2392:2365:0:0
1.6356,rust,0,MM0 AI=0:0:2456:2469:0:0
1.6700,rust,0,"#230,YAW,-0.17,GYRO,-14,48,-5,ACC,3,4,256,ADC,1229,383,5,2,"
1.6701,rust,0,MM1 ?C
1.6701,rust,0,MM0 ?C
1.6701,rust,0,MM0 C=-954:-982
1.6701,rust,0,MM1 C=-916:-1102
1.6701,rust,0,MM1 !M 0 0
1.6701,rust,0,MM0 !M 0 0
1.6701,rust,0,MM1 +
1.6701,rust,0,MM0 +
1.6701,rust,0,"#231,YAW,-0.17,GYRO,-14,48,-5,ACC,7,1,255,ADC,1229,379,5,1,"
1.6701,rust,0,MM1 ?D
1.6702,rust,0,MM0 ?D
1.6702,rust,0,MM1 D=19
1.6702,rust,0,MM0 D=40
1.6905,rust,0,"#232,YAW,-0.17,GYRO,-14,47,-4,ACC,5,1,258,ADC,1254,499,5,2,"
1.6906,rust,0,MM1 ?FF
1.6906,rust,0,MM0 ?FF
1.6906,rust,0,MM1 FF=16
1.6906,rust,0,MM0 FF=16
1.7116,rust,0,"#233,YAW,-0.17,GYRO,-12,48,-6,ACC,3,1,259,ADC,1272,389,4,2,"
1.7117,rust,0,MM1 ?P
1.7117,rust,0,MM0 ?P
1.7117,rust,0,MM1 P=0:0
1.7117,rust,0,MM0 P=0:0
1.7326,rust,0,"#234,YAW,-0.17,GYRO,-12,48,-4,ACC,4,0,253,ADC,1217,385,5,3,"
1.7326,rust,0,MM1 ?S
1.7326,rust,0,MM0 ?S
1.7326,rust,0,MM1 S=0:0
1.7326,rust,0,MM0 S=0:0
1.7689,rust,0,"#235,YAW,-0.17,GYRO,-14,47,-6,ACC,4,1,258,ADC,1239,383,5,2,"
1.7689,rust,0,MM1 ?T
1.7690,rust,0,MM0 ?T
1.7690,rust,0,MM1 T=36:34
1.7690,rust,0,MM0 T=35:34
1.7690,rust,0,"#236,YAW,-0.17,GYRO,-15,49,-5,ACC,4,1,263,ADC,1265,491,6,2,"
1.7690,rust,0,MM1 ?V
1.7690,rust,0,MM0 ?V
1.7690,rust,0,MM1 V=120:222:4901
1.7896,rust,0,MM0 V=120:223:4904
1.7896,rust,0,"$GPRMC,135745.4,A,5050.50854,N,00419.37153,E,000.52,207.4,081026,000.4,E*51"
1.7896,rust,0,MM0 !M 0 0
1.7896,rust,0,MM0 +
1.7896,rust,0,MM1 !M 0 0
1.7897,rust,0,MM1 +
1.7897,rust,0,"#237,YAW,-0.17,GYRO,-14,46,-6,ACC,0,0,260,ADC,1253,298,7,1,"
1.7897,rust,0,MM0 ?CR
1.7897,rust,0,MM1 ?CR
1.7897,rust,0,MM0 CR=0:0
1.7897,rust,0,MM1 CR=0:0
1.8107,rust,0,"#238,YAW,-0.20,GYRO,-14,47,-5,ACC,5,0,258,ADC,1244,394,4,2,"
1.8107,rust,0,MM0 ?A
1.8107,rust,0,MM1 ?A
1.8107,rust,0,MM0 A=0:0
1.8107,rust,0,MM1 A=0:0
1.8316,rust,0,"#239,YAW,-0.20,GYRO,-13,46,-5,ACC,9,-1,248,ADC,1252,381,5,2,"
1.8317,rust,0,MM0 ?AI
1.8317,rust,0,MM1 ?AI
1.8317,rust,0,MM0 AI=0:0:2456:2461:0:0
1.8317,rust,0,MM1 AI=0:0:2368:2383:0:0
1.8849,rust,0,"#240,YAW,-0.20,GYRO,-14,47,-5,ACC,6,0,259,ADC,1264,390,5,2,"
1.8850,rust,0,MM0 ?C
1.8850,rust,0,MM1 ?C
1.8850,rust,0,MM1 C=-916:-1102
1.8850,rust,0,MM0 C=-954:-982
1.8850,rust,0,MM0 !M 0 0
1.8850,rust,0,MM1 !M 0 0
1.8850,rust,0,MM0 +
1.8850,rust,0,MM1 +
1.8850,rust,0,"#241,YAW,-0.20,GYRO,-14,47,-6,ACC,7,0,253,ADC,1221,306,5,1,"
1.8850,rust,0,MM0 ?D
1.8850,rust,0,MM1 ?D
1.8850,rust,0,MM0 D=32
1.8850,rust,0,MM1 D=19
1.8850,rust,0,"#242,YAW,-0.20,GYRO,-14,48,-5,ACC,8,0,257,ADC,1272,390,5,2,"
1.9106,rust,0,MM0 ?FF
1.9106,rust,0,MM1 ?FF
1.9106,rust,0,MM0 FF=16
1.9106,rust,0,MM1 FF=16
1.9106,rust,0,"#243,YAW,-0.20,GYRO,-14,48,-5,ACC,4,1,255,ADC,1258,420,6,2,"
1.9106,rust,0,MM0 ?P
1.9106,rust,0,MM1 ?P
1.9268,rust,0,MM0 P=0:0
1.9268,rust,0,MM1 P=0:0
1.9268,rust,0,"#244,YAW,-0.20,GYRO,-14,47,-4,ACC,5,1,256,ADC,1250,501,7,2,"
1.9268,rust,0,MM0 ?S
1.9268,rust,0,MM1 ?S
1.9268,rust,0,MM0 S=0:0
1.9477,rust,0,MM1 S=0:0
1.9477,rust,0,"#245,YAW,-0.20,GYRO,-15,48,-6,ACC,4,3,255,ADC,1256,388,5,2,"
1.9478,rust,0,MM0 ?T
1.9478,rust,0,MM1 ?T
1.9478,rust,0,MM0 T=35:34
1.9478,rust,0,MM1 T=36:34
1.9828,rust,0,MM0 !M 0 0
1.9828,rust,0,MM1 !M 0 0
1.9828,rust,0,MM0 +
1.9828,rust,0,MM1 +
1.9828,rust,0,"#246,YAW,-0.20,GYRO,-13,48,-5,ACC,6,2,258,ADC,1202,381,5,2,"
1.9829,rust,0,MM0 ?V
1.9829,rust,0,MM1 ?V
1.9829,rust,0,MM0 V=120:222:4904
1.9829,rust,0,MM1 V=120:224:4901
1.9829,rust,0,"$GPRMC,135745.6,A,5050.50860,N,00419.37146,E,000.51,207.4,081026,000.4,E*53"
2.0038,rust,0,"#247,YAW,-0.20,GYRO,-14,48,-6,ACC,3,1,258,ADC,1240,386,4,2,"
2.0039,rust,0,MM0 ?CR
2.0039,rust,0,MM1 ?CR
2.0039,rust,0,MM0 CR=0:0
2.0039,rust,0,MM1 CR=0:0
2.0247,rust,0,"#248,YAW,-0.23,GYRO,-12,48,-5,ACC,4,0,258,ADC,1197,381,7,2,"
2.0247,rust,0,MM0 ?A
2.0247,rust,0,MM1 ?A
2.0247,rust,0,MM0 A=0:0
2.0247,rust,0,MM1 A=0:0
2.0247,rust,0,"#249,YAW,-0.23,GYRO,-13,45,-5,ACC,5,0,256,ADC,1249,500,5,2,"
2.0470,rust,0,MM0 ?AI
2.0471,rust,0,MM1 ?AI
2.0471,rust,0,MM0 AI=0:0:2471:2452:0:0
2.0471,rust,0,MM1 AI=0:0:2399:2326:0:0
2.0471,rust,0,"#250,YAW,-0.23,GYRO,-13,48,-6,ACC,3,0,255,ADC,1279,497,5,2,"
2.0471,rust,0,MM0 ?C
2.0471,rust,0,MM1 ?C
2.0819,rust,0,MM1 C=-916:-1102
2.0820,rust,0,MM0 C=-954:-982
2.0820,rust,0,MM0 !M 0 0
2.0820,rust,0,MM1 !M 0 0
2.0822,rust,0,MM0 +
2.0822,rust,0,MM1 +
2.0822,rust,0,"#251,YAW,-0.23,GYRO,-14,47,-5,ACC,6,0,260,ADC,1284,385,4,2,"
2.0822,rust,0,MM0 ?D
2.0822,rust,0,MM1 ?D
2.0822,rust,0,MM0 D=32
2.0822,rust,0,MM1 D=19
2.1029,rust,0,"#252,YAW,-0.23,GYRO,-14,48,-6,ACC,3,2,254,ADC,1232,386,5,1,"
2.1030,rust,0,MM0 ?FF
2.1030,rust,0,MM1 ?FF
2.1030,rust,0,MM0 FF=16
2.1030,rust,0,MM1 FF=16
2.1236,rust,0,"#253,YAW,-0.23,GYRO,-13,47,-5,ACC,7,0,257,ADC,1289,392,7,2,"
2.1237,rust,0,MM0 ?P
2.1237,rust,0,MM1 ?P
2.1237,rust,0,MM0 P=0:0
2.1237,rust,0,MM1 P=0:0
2.1447,rust,0,"#254,YAW,-0.23,GYRO,-15,49,-6,ACC,4,3,260,ADC,1238,397,8,2,"
2.1447,rust,0,MM0 ?S
2.1447,rust,0,MM1 ?S
2.1447,rust,0,MM0 S=0:0
2.1447,rust,0,MM1 S=0:0
2.1447,rust,0,"#255,YAW,-0.23,GYRO,-13,45,-5,ACC,4,0,257,ADC,1238,382,5,1,"
2.1447,rust,0,MM0 ?T
2.1816,rust,0,MM1 ?T
2.1816,rust,0,MM0 T=35:34
2.1816,rust,0,MM1 T=36:34
2.1816,rust,0,MM0 !M 0 0
2.1816,rust,0,MM1 !M 0 0
2.1816,rust,0,MM0 +
2.1816,rust,0,MM1 +
2.1816,rust,0,"#0,YAW,-0.23,GYRO,-13,49,-5,ACC,2,1,256,ADC,1252,385,4,2,"
2.1817,rust,0,MM0 ?V
2.1817,rust,0,MM1 ?V
2.1817,rust,0,"$GPRMC,135745.8,A,5050.50860,N,00419.37137,E,000.49,207.4,081026,000.4,E*52"
2.1817,rust,0,MM0 V=120:223:4903
2.1817,rust,0,MM1 V=120:221:4901
2.2027,rust,0,"#1,YAW,-0.23,GYRO,-13,48,-4,ACC,5,1,261,ADC,1224,384,6,2,"
2.2027,rust,0,MM0 ?CR
2.2027,rust,0,MM1 ?CR
2.2027,rust,0,MM0 CR=0:0
2.2027,rust,0,MM1 CR=0:0
2.2242,rust,0,"#2,YAW,-0.26,GYRO,-14,46,-5,ACC,2,3,258,ADC,1250,394,6,2,"
2.2242,rust,0,MM0 ?A
2.2242,rust,0,MM1 ?A
2.2243,rust,0,MM0 A=0:0
2.2243,rust,0,MM1 A=0:0
2.2446,rust,0,"#3,YAW,-0.26,GYRO,-13,48,-6,ACC,3,0,253,ADC,1195,381,4,1,"
2.2447,rust,0,MM0 ?AI
2.2447,rust,0,MM1 ?AI
2.2447,rust,0,MM0 AI=0:0:2445:2447:0:0
2.2447,rust,0,MM1 AI=0:0:2378:2409:0:0
2.2447,rust,0,"#4,YAW,-0.26,GYRO,-13,48,-6,ACC,6,1,259,ADC,1245,383,4,2,"
2.2447,rust,0,MM0 ?C
2.2798,rust,0,MM1 ?C
2.2798,rust,0,MM1 C=-916:-1102
2.2798,rust,0,MM0 C=-954:-982
2.2799,rust,0,MM1 !M 0 0
2.2799,rust,0,MM0 !M 0 0
2.2799,rust,0,MM1 +
2.2799,rust,0,MM0 +
2.2799,rust,0,"#5,YAW,-0.26,GYRO,-13,49,-5,ACC,7,0,260,ADC,1221,382,5,1,"
2.2799,rust,0,MM0 ?D
2.2799,rust,0,MM1 ?D
2.2799,rust,0,MM0 D=32
2.2799,rust,0,MM1 D=27
2.3007,rust,0,"#6,YAW,-0.26,GYRO,-13,46,-5,ACC,3,3,257,ADC,1281,381,6,3,"
2.3008,rust,0,MM0 ?FF
2.3008,rust,0,MM1 ?FF
2.3008,rust,0,MM0 FF=16
2.3008,rust,0,MM1 FF=16
2.3218,rust,0,"#7,YAW,-0.26,GYRO,-13,47,-5,ACC,4,5,255,ADC,1234,388,5,1,"
2.3218,rust,0,MM0 ?P
2.3218,rust,0,MM1 ?P
2.3218,rust,0,MM0 P=0:0
2.3218,rust,0,MM1 P=0:0
2.3429,rust,0,"#8,YAW,-0.26,GYRO,-14,48,-5,ACC,5,0,260,ADC,1275,399,7,1,"
2.3429,rust,0,MM0 ?S
2.3429,rust,0,MM1 ?S
2.3430,rust,0,MM0 S=0:0
2.3430,rust,0,MM1 S=0:0
2.3775,rust,0,"#9,YAW,-0.26,GYRO,-12,48,-5,ACC,4,0,259,ADC,1263,383,5,2,"
2.3776,rust,0,MM0 ?T
2.3776,rust,0,MM1 ?T
2.3776,rust,0,MM0 T=35:34
2.3776,rust,0,MM1 T=36:34
2.3776,rust,0,MM0 !M 0 0
2.3776,rust,0,MM1 !M 0 0
2.3776,rust,0,MM0 +
2.3776,rust,0,MM1 +
2.3776,rust,0,"#10,YAW,-0.26,GYRO,-13,47,-5,ACC,5,1,258,ADC,1246,384,5,2,"
2.3776,rust,0,MM0 ?V
2.3776,rust,0,MM1 ?V
2.3776,rust,0,"$GPRMC,135746.0,A,5050.50858,N,00419.37133,E,000.47,207.4,081026,000.4,E*58"
2.3776,rust,0,MM0 V=120:223:4903
2.3776,rust,0,MM1 V=120:223:4901
2.3985,rust,0,"#11,YAW,-0.26,GYRO,-14,47,-7,ACC,3,1,255,ADC,1275,388,4,1,"
2.3985,rust,0,MM0 ?CR
2.3985,rust,0,MM1 ?CR
2.3985,rust,0,MM0 CR=0:0
2.3985,rust,0,MM1 CR=0:0
2.4222,rust,0,"#12,YAW,-0.29,GYRO,-14,46,-5,ACC,4,-1,260,ADC,1257,499,5,2,"
2.4222,rust,0,MM0 ?A
2.4222,rust,0,MM1 ?A
2.4222,rust,0,MM0 A=0:0
2.4223,rust,0,MM1 A=0:0
2.4397,rust,0,"#13,YAW,-0.29,GYRO,-13,48,-5,ACC,5,3,259,ADC,1252,385,4,2,"
2.4398,rust,0,MM0 ?AI
2.4398,rust,0,MM1 ?AI
2.4398,rust,0,MM0 AI=0:0:2453:2453:0:0
2.4398,rust,0,MM1 AI=0:0:2386:2614:0:0
2.4741,rust,0,"#14,YAW,-0.29,GYRO,-13,45,-5,ACC,4,0,252,ADC,1235,385,3,2,"
2.4741,rust,0,MM0 ?C
2.4741,rust,0,MM1 ?C
2.4741,rust,0,MM1 C=-916:-1102
2.4742,rust,0,MM0 C=-954:-982
2.4742,rust,0,MM0 !M 0 0
2.4742,rust,0,MM1 !M 0 0
2.4742,rust,0,MM0 +
2.4742,rust,0,MM1 +
2.4742,rust,0,"#15,YAW,-0.29,GYRO,-14,47,-3,ACC,4,1,259,ADC,1240,387,5,2,"
2.4742,rust,0,MM0 ?D
2.4742,rust,0,MM1 ?D
2.4742,rust,0,MM0 D=32
2.4742,rust,0,MM1 D=19
2.4944,rust,0,"#16,YAW,-0.29,GYRO,-13,47,-6,ACC,7,0,259,ADC,1265,390,4,2,"
2.4944,rust,0,MM0 ?FF
2.4944,rust,0,MM1 ?FF
2.4945,rust,0,MM0 FF=16
2.4945,rust,0,MM1 FF=16
2.5160,rust,0,"#17,YAW,-0.29,GYRO,-13,48,-5,ACC,4,0,257,ADC,1282,391,5,2,"
2.5160,rust,0,MM0 ?P
2.5160,rust,0,MM1 ?P
2.5160,rust,0,MM0 P=0:0
2.5160,rust,0,MM1 P=0:0
2.5372,rust,0,"#18,YAW,-0.29,GYRO,-14,47,-4,ACC,5,1,257,ADC,1222,391,3,1,"
2.5372,rust,0,MM0 ?S
2.5372,rust,0,MM1 ?S
2.5372,rust,0,MM0 S=0:0
2.5372,rust,0,MM1 S=0:0
2.5869,rust,0,"#19,YAW,-0.29,GYRO,-12,48,-5,ACC,5,1,257,ADC,1229,383,5,2,"
2.5870,rust,0,MM0 ?T
2.5870,rust,0,MM1 ?T
2.5870,rust,0,MM0 T=35:34
2.5870,rust,0,MM1 T=36:34
2.5870,rust,0,MM0 !M 0 0
2.5870,rust,0,MM1 !M 0 0
2.5870,rust,0,MM0 +
2.5870,rust,0,MM1 +
2.5870,rust,0,"#20,YAW,-0.29,GYRO,-13,48,-7,ACC,5,2,256,ADC,1269,317,6,2,"
2.5870,rust,0,MM0 ?V
2.5870,rust,0,MM1 ?V
2.5870,rust,0,"$GPRMC,135746.2,A,5050.50859,N,00419.37129,E,000.46,207.4,081026,000.4,E*51"
2.5870,rust,0,MM0 V=120:223:4904
2.5870,rust,0,MM1 V=120:223:4901
2.5870,rust,0,"#21,YAW,-0.29,GYRO,-14,47,-5,ACC,4,0,258,ADC,1236,339,5,2,"
2.5870,rust,0,MM0 ?CR
2.5870,rust,0,MM1 ?CR
2.5871,rust,0,MM0 CR=0:0
2.6078,rust,0,MM1 CR=0:0
2.6078,rust,0,"#22,YAW,-0.33,GYRO,-13,47,-5,ACC,5,2,256,ADC,1235,386,4,1,"
2.6078,rust,0,MM0 ?A
2.6078,rust,0,MM1 ?A
2.6078,rust,0,MM0 A=0:0
2.6078,rust,0,MM1 A=0:0
2.6286,rust,0,"#23,YAW,-0.33,GYRO,-14,48,-5,ACC,1,6,260,ADC,1222,384,5,2,"
2.6286,rust,0,MM0 ?AI
2.6286,rust,0,MM1 ?AI
2.6286,rust,0,MM0 AI=0:0:2440:2452:0:0
2.6497,rust,0,MM1 AI=0:0:2373:2381:0:0
2.6497,rust,0,"#24,YAW,-0.33,GYRO,-13,46,-5,ACC,2,1,257,ADC,1284,398,5,1,"
2.6498,rust,0,MM0 ?C
2.6498,rust,0,MM1 ?C
2.6498,rust,0,MM1 C=-916:-1102
2.6498,rust,0,MM0 C=-954:-982
2.6904,rust,0,MM0 !M 0 0
2.6904,rust,0,MM1 !M 0 0
2.6904,rust,0,MM0 +
2.6904,rust,0,MM1 +
2.6904,rust,0,"#25,YAW,-0.33,GYRO,-14,49,-5,ACC,2,1,255,ADC,1301,356,6,2,"
2.6905,rust,0,MM0 ?D
2.6905,rust,0,MM1 ?D
2.6905,rust,0,MM0 D=32
2.6905,rust,0,MM1 D=19
2.7057,rust,0,"#26,YAW,-0.33,GYRO,-14,46,-5,ACC,3,1,262,ADC,1242,390,7,2,"
2.7058,rust,0,MM0 ?FF
2.7058,rust,0,MM1 ?FF
2.7058,rust,0,MM0 FF=16
2.7058,rust,0,MM1 FF=16
2.7058,rust,0,"#27,YAW,-0.33,GYRO,-15,47,-6,ACC,4,1,261,ADC,1244,380,4,2,"
2.7058,rust,0,MM0 ?P
2.7309,rust,0,MM1 ?P
2.7309,rust,0,MM0 P=0:0
2.7309,rust,0,MM1 P=0:0
2.7309,rust,0,"#28,YAW,-0.33,GYRO,-13,46,-5,ACC,6,0,258,ADC,1264,389,5,1,"
2.7309,rust,0,MM0 ?S
2.7309,rust,0,MM1 ?S
2.7473,rust,0,MM0 S=0:0
2.7473,rust,0,MM1 S=0:0
2.7473,rust,0,"#29,YAW,-0.33,GYRO,-14,47,-5,ACC,5,1,259,ADC,1249,383,5,2,"
2.7473,rust,0,MM0 ?T
2.7473,rust,0,MM1 ?T
2.7816,rust,0,MM0 T=35:34
2.7816,rust,0,MM1 T=36:34
2.7816,rust,0,MM0 !M 0 0
2.7816,rust,0,MM1 !M 0 0
2.7816,rust,0,MM0 +
2.7816,rust,0,MM1 +
2.7817,rust,0,"#30,YAW,-0.33,GYRO,-13,48,-5,ACC,5,1,260,ADC,1225,397,6,2,"
2.7817,rust,0,"$GPRMC,135746.4,A,5050.50866,N,00419.37131,E,000.44,207.4,081026,000.4,E*50"
2.7817,rust,0,MM0 ?V
2.7817,rust,0,MM1 ?V
2.7817,rust,0,MM0 V=120:223:4904
2.7817,rust,0,MM1 V=120:222:4902
2.8026,rust,0,"#31,YAW,-0.33,GYRO,-12,46,-6,ACC,4,1,257,ADC,1268,384,5,2,"
2.8026,rust,0,MM0 ?CR
2.8027,rust,0,MM1 ?CR
2.8027,rust,0,MM0 CR=0:0
2.8027,rust,0,MM1 CR=0:0
2.8233,rust,0,"#32,YAW,-0.36,GYRO,-14,46,-4,ACC,5,0,257,ADC,1290,388,3,1,"
2.8233,rust,0,MM0 ?A
2.8233,rust,0,MM1 ?A
2.8233,rust,0,MM0 A=0:0
2.8233,rust,0,MM1 A=0:0
2.8448,rust,0,"#33,YAW,-0.36,GYRO,-13,47,-5,ACC,7,2,258,ADC,1256,388,4,1,"
2.8448,rust,0,MM0 ?AI
2.8448,rust,0,MM1 ?AI
2.8448,rust,0,MM0 AI=0:0:2449:2455:0:0
2.8448,rust,0,MM1 AI=0:0:2397:2386:0:0
2.8448,rust,0,"#34,YAW,-0.36,GYRO,-13,49,-4,ACC,6,0,251,ADC,1255,399,6,2,"
2.8448,rust,0,MM0 ?C
2.8796,rust,0,MM1 ?C
2.8796,rust,0,MM1 C=-916:-1102
2.8796,rust,0,MM0 C=-954:-982
2.8797,rust,0,MM1 !M 0 0
2.8797,rust,0,MM0 !M 0 0
2.8797,rust,0,MM1 +
2.8797,rust,0,MM0 +
2.8797,rust,0,"#35,YAW,-0.36,GYRO,-13,47,-6,ACC,5,1,255,ADC,1213,494,5,2,"
2.8798,rust,0,MM0 ?D
2.8798,rust,0,MM1 ?D
2.8798,rust,0,MM0 D=32
2.8798,rust,0,MM1 D=19
2.9007,rust,0,"#36,YAW,-0.36,GYRO,-14,46,-5,ACC,5,1,257,ADC,1284,389,4,2,"
2.9007,rust,0,MM0 ?FF
2.9007,rust,0,MM1 ?FF
2.9007,rust,0,MM0 FF=16
2.9008,rust,0,MM1 FF=16
2.9219,rust,0,"#37,YAW,-0.36,GYRO,-14,47,-5,ACC,3,1,256,ADC,1267,387,7,2,"
2.9220,rust,0,MM1 ?P
2.9220,rust,0,MM0 ?P
2.9220,rust,0,MM0 P=0:0
2.9220,rust,0,MM1 P=0:0
2.9446,rust,0,"#38,YAW,-0.36,GYRO,-14,46,-6,ACC,2,1,259,ADC,1309,503,7,2,"
2.9447,rust,0,MM0 ?S
2.9447,rust,0,MM1 ?S
2.9447,rust,0,MM0 S=0:0
2.9447,rust,0,MM1 S=0:0
2.9638,rust,0,"#39,YAW,-0.36,GYRO,-13,47,-6,ACC,2,1,257,ADC,1286,502,5,2,"
2.9639,rust,0,MM0 ?T
2.9639,rust,0,MM1 ?T
2.9639,rust,0,MM0 T=35:34
2.9639,rust,0,MM1 T=36:34
2.9639,rust,0,MM0 !M 0 0
2.9639,rust,0,MM1 !M 0 0
2.9639,rust,0,MM0 +
2.9639,rust,0,MM1 +
2.9845,rust,0,"#40,YAW,-0.36,GYRO,-16,48,-5,ACC,2,1,262,ADC,1247,396,6,2,"
2.9846,rust,0,MM0 ?V
2.9846,rust,0,MM1 ?V
2.9846,rust,0,"$GPRMC,135746.6,A,5050.50881,N,00419.37133,E,000.43,207.4,081026,000.4,E*5E"
2.9846,rust,0,MM0 V=120:223:4903
2.9846,rust,0,MM1 V=120:223:4901
2.9846,rust,0,"#41,YAW,-0.36,GYRO,-13,46,-6,ACC,5,1,257,ADC,1275,295,9,1,"
3.0066,rust,0,MM1 ?CR
3.0066,rust,0,MM0 ?CR
3.0066,rust,0,MM1 CR=0:0
3.0066,rust,0,MM0 CR=0:0
3.0066,rust,0,"#42,YAW,-0.40,GYRO,-13,45,-4,ACC,2,2,258,ADC,1207,388,4,1,"
3.0067,rust,0,MM0 ?A
3.0067,rust,0,MM1 ?A
3.0294,rust,0,MM0 A=0:0
3.0294,rust,0,MM1 A=0:0
3.0294,rust,0,"#43,YAW,-0.40,GYRO,-13,46,-6,ACC,6,4,258,ADC,1254,496,3,1,"
3.0295,rust,0,MM0 ?AI
3.0295,rust,0,MM1 ?AI
3.0500,vrijgeven,0,MM0 AI=0:0:2468:2467:0:0
3.0500,vrijgeven,0,MM1 AI=0:0:2376:2367:0:0
3.0500,vrijgeven,0,"#44,YAW,-0.40,GYRO,-13,47,-5,ACC,2,1,259,ADC,1214,383,5,1,"
3.0501,vrijgeven,0,MM0 ?C
3.0501,vrijgeven,0,MM1 ?C
3.0501,vrijgeven,0,MM1 C=-916:-1102
3.0888,vrijgeven,0,MM0 C=-954:-982
3.0890,vrijgeven,0,MM0 !MG
3.0890,vrijgeven,0,MM1 !MG
3.0890,vrijgeven,0,MM0 +
3.0890,vrijgeven,0,MM1 +
3.0890,vrijgeven,0,"#45,YAW,-0.40,GYRO,-14,47,-5,ACC,5,0,260,ADC,1274,502,5,2,"
3.0890,vrijgeven,0,MM0 ?D
3.0890,vrijgeven,0,MM1 ?D
3.0890,vrijgeven,0,MM0 D=32
3.0890,vrijgeven,0,MM1 D=19
3.0890,vrijgeven,0,MM0 !M 0 0
3.0890,vrijgeven,0,MM1 !M 0 0
3.0890,vrijgeven,0,MM0 +
3.0890,vrijgeven,0,MM1 +
3.0890,vrijgeven,0,"#46,YAW,-0.40,GYRO,-14,46,-6,ACC,5,0,257,ADC,1246,390,5,2,"
3.0890,vrijgeven,0,MM0 ?FF
3.0890,vrijgeven,0,MM1 ?FF
3.0890,vrijgeven,0,MM0 FF=0
3.0890,vrijgeven,0,MM1 FF=0
3.1095,vrijgeven,0,"#47,YAW,-0.40,GYRO,-14,48,-6,ACC,4,0,261,ADC,1199,379,7,1,"
3.1096,vrijgeven,0,MM0 ?P
3.1096,vrijgeven,0,MM1 ?P
3.1096,vrijgeven,0,MM0 P=0:0
3.1096,vrijgeven,0,MM1 P=0:0
3.1305,vrijgeven,0,"#48,YAW,-0.40,GYRO,-14,48,-5,ACC,7,3,259,ADC,1312,500,4,1,"
3.1305,vrijgeven,0,MM0 ?S
3.1305,vrijgeven,0,MM1 ?S
3.1305,vrijgeven,0,MM0 S=0:0
3.1305,vrijgeven,0,MM1 S=0:0
3.1515,vrijgeven,0,"#49,YAW,-0.40,GYRO,-13,47,-6,ACC,4,2,253,ADC,1198,397,5,2,"
3.1516,vrijgeven,0,MM0 ?T
3.1516,vrijgeven,0,MM1 ?T
3.1516,vrijgeven,0,MM0 T=35:34
3.1516,vrijgeven,0,MM1 T=36:34
3.1858,vrijgeven,0,MM0 !M 0 0
3.1858,vrijgeven,0,MM1 !M 0 0
3.1858,vrijgeven,0,MM0 +
3.1858,vrijgeven,0,MM1 +
3.1858,vrijgeven,0,"#50,YAW,-0.40,GYRO,-14,48,-6,ACC,6,1,259,ADC,1256,313,6,1,"
3.1858,vrijgeven,0,MM0 ?V
3.1858,vrijgeven,0,MM1 ?V
3.1859,vrijgeven,0,"$GPRMC,135746.8,A,5050.50897,N,00419.37139,E,000.41,207.4,081026,000.4,E*5F"
3.1859,vrijgeven,0,MM0 V=120:223:4902
3.1859,vrijgeven,0,MM1 V=120:222:4902
3.1859,vrijgeven,0,"#51,YAW,-0.40,GYRO,-15,48,-5,ACC,4,2,253,ADC,1245,389,4,2,"
3.1859,vrijgeven,0,MM1 ?CR
3.1859,vrijgeven,0,MM0 ?CR
3.2067,vrijgeven,0,MM1 CR=0:0
3.2067,vrijgeven,0,MM0 CR=0:0
3.2067,vrijgeven,0,"#52,YAW,-0.44,GYRO,-14,47,-5,ACC,-1,4,259,ADC,1243,383,5,2,"
3.2068,vrijgeven,0,MM0 ?A
3.2068,vrijgeven,0,MM1 ?A
3.2068,vrijgeven,0,MM0 A=0:0
3.2277,vrijgeven,0,MM1 A=0:0
3.2277,vrijgeven,0,"#53,YAW,-0.44,GYRO,-13,48,-5,ACC,2,0,255,ADC,1275,385,5,1,"
3.2278,vrijgeven,0,MM1 ?AI
3.2278,vrijgeven,0,MM0 ?AI
3.2486,vrijgeven,0,MM1 AI=0:0:2388:2386:0:0
3.2486,vrijgeven,0,MM0 AI=0:0:2447:2368:0:0
3.2486,vrijgeven,0,"#54,YAW,-0.44,GYRO,-13,47,-4,ACC,5,2,260,ADC,1252,501,5,2,"
3.2487,vrijgeven,0,MM0 ?C
3.2487,vrijgeven,0,MM1 ?C
3.2487,vrijgeven,0,MM1 C=-916:-1102
3.2487,vrijgeven,0,MM0 C=-954:-982
3.2844,vrijgeven,0,MM0 !M 0 0
3.2845,vrijgeven,0,MM1 !M 0 0
3.2845,vrijgeven,0,MM0 +
3.2845,vrijgeven,0,MM1 +
3.2845,vrijgeven,0,"#55,YAW,-0.44,GYRO,-13,48,-5,ACC,5,-1,267,ADC,1250,382,4,1,"
3.2845,vrijgeven,0,MM0 ?D
3.2845,vrijgeven,0,MM1 ?D
3.2845,vrijgeven,0,MM0 D=32
3.2845,vrijgeven,0,MM1 D=19
3.3047,vrijgeven,0,"#56,YAW,-0.44,GYRO,-14,48,-6,ACC,2,3,255,ADC,1269,383,5,1,"
3.3047,vrijgeven,0,MM0 ?FF
3.3048,vrijgeven,0,MM1 ?FF
3.3048,vrijgeven,0,MM0 FF=0
3.3048,vrijgeven,0,MM1 FF=0
3.3048,vrijgeven,0,"#57,YAW,-0.44,GYRO,-14,47,-6,ACC,5,1,257,ADC,1246,396,4,2,"
3.3048,vrijgeven,0,MM0 ?P
3.3270,vrijgeven,0,MM1 ?P
3.3271,vrijgeven,0,MM0 P=0:0
3.3271,vrijgeven,0,MM1 P=0:0
3.3271,vrijgeven,0,"#58,YAW,-0.44,GYRO,-13,47,-6,ACC,3,1,263,ADC,1276,396,6,2,"
3.3271,vrijgeven,0,MM0 ?S
3.3271,vrijgeven,0,MM1 ?S
3.3467,vrijgeven,0,MM0 S=0:0
3.3467,vrijgeven,0,MM1 S=0:0
3.3467,vrijgeven,0,"#59,YAW,-0.44,GYRO,-14,46,-5,ACC,6,1,260,ADC,1228,383,5,2,"
3.3468,vrijgeven,0,MM0 ?T
3.3468,vrijgeven,0,MM1 ?T
3.3468,vrijgeven,0,MM0 T=35:34
3.3933,vrijgeven,0,MM1 T=36:34
3.3934,vrijgeven,0,MM0 !M 0 0
3.3934,vrijgeven,0,MM1 !M 0 0
3.3934,vrijgeven,0,MM0 +
3.3934,vrijgeven,0,MM1 +
3.3934,vrijgeven,0,"#60,YAW,-0.44,GYRO,-13,48,-7,ACC,2,2,258,ADC,1309,317,6,2,"
3.3934,vrijgeven,0,"$GPRMC,135747.0,A,5050.50913,N,00419.37142,E,000.39,207.4,081026,000.4,E*58"
3.3934,vrijgeven,0,MM0 ?V
3.3934,vrijgeven,0,MM1 ?V
3.3934,vrijgeven,0,MM1 V=120:222:4902
3.3935,vrijgeven,0,MM0 V=120:223:4902
3.3935,vrijgeven,0,"#61,YAW,-0.44,GYRO,-12,46,-5,ACC,7,0,260,ADC,1224,380,4,1,"
3.4056,vrijgeven,0,MM1 ?CR
3.4056,vrijgeven,0,MM0 ?CR
3.4056,vrijgeven,0,MM1 CR=0:0
3.4056,vrijgeven,0,MM0 CR=0:0
3.4056,vrijgeven,0,"#62,YAW,-0.48,GYRO,-13,48,-4,ACC,6,1,256,ADC,1254,394,5,2,"
3.4056,vrijgeven,0,MM1 ?A
3.4056,vrijgeven,0,MM0 ?A
3.4267,vrijgeven,0,MM1 A=0:0
3.4267,vrijgeven,0,MM0 A=0:0
3.4267,vrijgeven,0,"#63,YAW,-0.48,GYRO,-13,45,-5,ACC,5,0,256,ADC,1283,385,5,2,"
3.4268,vrijgeven,0,MM1 ?AI
3.4268,vrijgeven,0,MM0 ?AI
3.4480,vrijgeven,0,MM1 AI=0:0:2365:2374:0:0
3.4480,vrijgeven,0,MM0 AI=0:0:2454:2456:0:0
3.4480,vrijgeven,0,"#64,YAW,-0.48,GYRO,-14,47,-5,ACC,4,4,256,ADC,1249,383,4,2,"
3.4481,vrijgeven,0,MM1 ?C
3.4481,vrijgeven,0,MM0 ?C
3.4481,vrijgeven,0,MM1 C=-916:-1102
3.4847,vrijgeven,0,MM0 C=-954:-982
3.4848,vrijgeven,0,MM1 !M 0 0
3.4848,vrijgeven,0,MM0 !M 0 0
3.4848,vrijgeven,0,MM1 +
3.4848,vrijgeven,0,MM0 +
3.4848,vrijgeven,0,"#65,YAW,-0.48,GYRO,-14,47,-5,ACC,5,2,255,ADC,1217,387,5,1,"
3.4849,vrijgeven,0,MM1 ?D
3.4849,vrijgeven,0,MM0 ?D
3.4849,vrijgeven,0,MM1 D=19
3.4849,vrijgeven,0,MM0 D=32
3.5048,vrijgeven,0,"#66,YAW,-0.48,GYRO,-13,46,-6,ACC,5,1,259,ADC,1255,387,5,2,"
3.5048,vrijgeven,0,MM0 ?FF
3.5048,vrijgeven,0,MM1 ?FF
3.5048,vrijgeven,0,MM0 FF=0
3.5048,vrijgeven,0,MM1 FF=0
3.5246,vrijgeven,0,"#67,YAW,-0.48,GYRO,-15,46,-6,ACC,2,2,259,ADC,1249,497,6,2,"
3.5246,vrijgeven,0,MM0 ?P
3.5246,vrijgeven,0,MM1 ?P
3.5246,vrijgeven,0,MM0 P=0:0
3.5246,vrijgeven,0,MM1 P=0:0
3.5246,vrijgeven,0,"#68,YAW,-0.48,GYRO,-13,47,-6,ACC,4,1,260,ADC,1272,395,5,2,"
3.5247,vrijgeven,0,MM0 ?S
3.5506,vrijgeven,0,MM1 ?S
3.5506,vrijgeven,0,MM0 S=0:0
3.5506,vrijgeven,0,MM1 S=0:0
3.5506,vrijgeven,0,"#69,YAW,-0.48,GYRO,-14,46,-6,ACC,4,2,261,ADC,1241,392,6,2,"
3.5507,vrijgeven,0,MM0 ?T
3.5507,vrijgeven,0,MM1 ?T
3.5667,vrijgeven,0,MM0 T=35:34
3.5667,vrijgeven,0,MM1 T=36:34
3.5667,vrijgeven,0,"#70,YAW,-0.48,GYRO,-14,46,-6,ACC,4,0,259,ADC,1253,395,5,2,"
3.5667,vrijgeven,0,MM0 ?V
3.5667,vrijgeven,0,MM1 ?V
3.5878,vrijgeven,0,MM0 V=120:223:4903
3.5878,vrijgeven,0,MM1 V=120:223:4901
3.5878,vrijgeven,0,MM0 !M 0 0
3.5879,vrijgeven,0,MM1 !M 0 0
3.5879,vrijgeven,0,"$GPRMC,135747.2,A,5050.50935,N,00419.37145,E,000.36,207.4,081026,000.4,E*56"
3.5879,vrijgeven,0,MM0 +
3.5879,vrijgeven,0,MM1 +
3.5879,vrijgeven,0,"#71,YAW,-0.48,GYRO,-13,46,-4,ACC,8,2,255,ADC,1258,305,4,1,"
3.5880,vrijgeven,0,MM0 ?CR
3.5880,vrijgeven,0,MM1 ?CR
3.5880,vrijgeven,0,MM0 CR=0:0
3.5880,vrijgeven,0,MM1 CR=0:0
3.6083,vrijgeven,0,"#72,YAW,-0.48,GYRO,-14,47,-5,ACC,8,0,257,ADC,1214,400,6,2,"
3.6084,vrijgeven,0,MM1 ?A
3.6084,vrijgeven,0,MM0 ?A
3.6084,vrijgeven,0,MM1 A=0:0
3.6084,vrijgeven,0,MM0 A=0:0
3.6305,vrijgeven,0,"#73,YAW,-0.48,GYRO,-13,47,-5,ACC,8,1,256,ADC,1216,500,5,1,"
3.6306,vrijgeven,0,MM0 ?AI
3.6306,vrijgeven,0,MM1 ?AI
3.6306,vrijgeven,0,MM0 AI=0:0:2457:2455:0:0
3.6513,vrijgeven,0,MM1 AI=0:0:2362:2374:0:0
3.6513,vrijgeven,0,"#74,YAW,-0.48,GYRO,-13,48,-5,ACC,3,1,262,ADC,1287,498,6,2,"
3.6513,vrijgeven,0,MM0 ?C
3.6513,vrijgeven,0,MM1 ?C
3.6513,vrijgeven,0,MM1 C=-916:-1102
3.6513,vrijgeven,0,MM0 C=-954:-982
3.6879,vrijgeven,0,MM0 !M 0 0
3.6879,vrijgeven,0,MM1 !M 0 0
3.6879,vrijgeven,0,MM0 +
3.6879,vrijgeven,0,MM1 +
3.6879,vrijgeven,0,"#75,YAW,-0.48,GYRO,-13,46,-6,ACC,4,-1,256,ADC,1196,287,4,2,"
3.6880,vrijgeven,0,MM0 ?D
3.6880,vrijgeven,0,MM1 ?D
3.6880,vrijgeven,0,MM1 D=27
3.6880,vrijgeven,0,MM0 D=32
3.6880,vrijgeven,0,"#76,YAW,-0.48,GYRO,-14,48,-6,ACC,6,0,257,ADC,1251,499,6,2,"
3.6880,vrijgeven,0,MM1 ?FF
3.6880,vrijgeven,0,MM0 ?FF
3.7066,vrijgeven,0,MM1 FF=0
3.7067,vrijgeven,0,MM0 FF=0
3.7067,vrijgeven,0,"#77,YAW,-0.48,GYRO,-15,46,-5,ACC,3,1,260,ADC,1249,382,4,3,"
3.7067,vrijgeven,0,MM1 ?P
3.7067,vrijgeven,0,MM0 ?P
3.7067,vrijgeven,0,MM1 P=0:0
3.7276,vrijgeven,0,MM0 P=0:0
3.7276,vrijgeven,0,"#78,YAW,-0.48,GYRO,-14,46,-5,ACC,5,0,253,ADC,1235,383,5,2,"
3.7276,vrijgeven,0,MM1 ?S
3.7276,vrijgeven,0,MM0 ?S
3.7277,vrijgeven,0,MM1 S=0:0
3.7277,vrijgeven,0,MM0 S=0:0
3.7544,vrijgeven,0,"#79,YAW,-0.48,GYRO,-12,46,-4,ACC,7,2,258,ADC,1256,497,4,1,"
3.7545,vrijgeven,0,MM1 ?T
3.7545,vrijgeven,0,MM0 ?T
3.7545,vrijgeven,0,MM1 T=36:34
3.7545,vrijgeven,0,MM0 T=35:34
3.7884,vrijgeven,0,"#80,YAW,-0.48,GYRO,-15,47,-6,ACC,5,2,255,ADC,1267,388,5,1,"
3.7885,vrijgeven,0,"$GPRMC,135747.4,A,5050.50945,N,00419.37143,E,000.33,207.4,081026,000.4,E*54"
3.7885,vrijgeven,0,MM0 ?V
3.7885,vrijgeven,0,MM1 ?V
3.7885,vrijgeven,0,MM1 V=120:222:4902
3.7885,vrijgeven,0,MM0 V=120:223:4903
3.7885,vrijgeven,0,MM0 !M 0 0
3.7885,vrijgeven,0,MM1 !M 0 0
3.7885,vrijgeven,0,MM0 +
3.7885,vrijgeven,0,MM1 +
3.7885,vrijgeven,0,"#81,YAW,-0.48,GYRO,-15,45,-6,ACC,2,1,260,ADC,1249,300,4,1,"
3.7885,vrijgeven,0,MM1 ?CR
3.7885,vrijgeven,0,MM0 ?CR
3.7885,vrijgeven,0,MM1 CR=0:0
3.7885,vrijgeven,0,MM0 CR=0:0
3.8098,vrijgeven,0,"#82,YAW,-0.48,GYRO,-13,47,-5,ACC,5,-1,257,ADC,1262,501,4,2,"
3.8099,vrijgeven,0,MM1 ?A
3.8099,vrijgeven,0,MM0 ?A
3.8099,vrijgeven,0,MM1 A=0:0
3.8099,vrijgeven,0,MM0 A=0:0
3.8305,vrijgeven,0,"#83,YAW,-0.48,GYRO,-12,47,-5,ACC,5,1,259,ADC,1279,423,8,2,"
3.8305,vrijgeven,0,MM1 ?AI
3.8305,vrijgeven,0,MM0 ?AI
3.8306,vrijgeven,0,MM1 AI=0:0:2388:2374:0:0
3.8306,vrijgeven,0,MM0 AI=0:0:2443:2466:0:0
3.8562,vrijgeven,0,"#84,YAW,-0.48,GYRO,-14,47,-5,ACC,4,0,262,ADC,1251,381,6,2,"
3.8562,vrijgeven,0,MM1 ?C
3.8562,vrijgeven,0,MM0 ?C
3.8562,vrijgeven,0,MM1 C=-916:-1102
3.8563,vrijgeven,0,MM0 C=-954:-982
3.8904,vrijgeven,0,"#85,YAW,-0.48,GYRO,-14,46,-6,ACC,2,0,257,ADC,1249,497,5,1,"
3.8905,vrijgeven,0,MM1 ?D
3.8905,vrijgeven,0,MM0 ?D
3.8905,vrijgeven,0,MM1 D=19
3.8905,vrijgeven,0,MM0 D=40
3.8905,vrijgeven,0,MM0 !M 0 0
3.8905,vrijgeven,0,MM1 !M 0 0
3.8905,vrijgeven,0,MM0 +
3.8905,vrijgeven,0,MM1 +
3.8905,vrijgeven,0,"#86,YAW,-0.48,GYRO,-14,46,-5,ACC,5,1,258,ADC,1247,386,6,2,"
3.8905,vrijgeven,0,MM1 ?FF
3.8905,vrijgeven,0,MM0 ?FF
3.8905,vrijgeven,0,MM1 FF=0
3.8905,vrijgeven,0,MM0 FF=0
3.9116,vrijgeven,0,"#87,YAW,-0.48,GYRO,-14,46,-5,ACC,2,0,260,ADC,1255,503,6,2,"
3.9116,vrijgeven,0,MM1 ?P
3.9116,vrijgeven,0,MM0 ?P
3.9116,vrijgeven,0,MM1 P=0:0
3.9116,vrijgeven,0,MM0 P=0:0
3.9326,vrijgeven,0,"#88,YAW,-0.48,GYRO,-14,48,-5,ACC,4,4,258,ADC,1223,401,5,2,"
3.9327,vrijgeven,0,MM1 ?S
3.9327,vrijgeven,0,MM0 ?S
3.9327,vrijgeven,0,MM1 S=0:0
3.9327,vrijgeven,0,MM0 S=0:0
3.9585,vrijgeven,0,"#89,YAW,-0.48,GYRO,-14,48,-5,ACC,4,1,256,ADC,1242,385,5,2,"
3.9586,vrijgeven,0,MM1 ?T
3.9586,vrijgeven,0,MM0 ?T
3.9586,vrijgeven,0,MM1 T=36:34
3.9586,vrijgeven,0,MM0 T=35:34
4.0048,vrijgeven,0,"#90,YAW,-0.48,GYRO,-13,47,-3,ACC,5,0,258,ADC,1229,500,6,2,"
4.0049,vrijgeven,0,MM1 ?V
4.0049,vrijgeven,0,MM0 ?V
4.0049,vrijgeven,0,"$GPRMC,135747.6,A,5050.50950,N,00419.37146,E,000.31,207.4,081026,000.4,E*55"
4.0049,vrijgeven,0,MM1 V=120:222:4901
4.0049,vrijgeven,0,MM0 V=120:222:4903
4.0049,vrijgeven,0,MM1 !M 0 0
4.0049,vrijgeven,0,MM0 !M 0 0
4.0049,vrijgeven,0,MM0 +
4.0049,vrijgeven,0,MM1 +
4.0049,vrijgeven,0,"#91,YAW,-0.48,GYRO,-13,47,-4,ACC,6,3,258,ADC,1244,387,6,1,"
4.0049,vrijgeven,0,MM0 ?CR
4.0049,vrijgeven,0,MM1 ?CR
4.0049,vrijgeven,0,MM0 CR=0:0
4.0049,vrijgeven,0,MM1 CR=0:0
4.0161,vrijgeven,0,"#92,YAW,-0.48,GYRO,-13,45,-5,ACC,5,2,255,ADC,1255,388,5,2,"
4.0161,vrijgeven,0,MM1 ?A
4.0161,vrijgeven,0,MM0 ?A
4.0161,vrijgeven,0,MM1 A=0:0
4.0161,vrijgeven,0,MM0 A=0:0
4.0345,vrijgeven,0,"#93,YAW,-0.48,GYRO,-13,46,-5,ACC,7,3,257,ADC,1254,501,6,2,"
4.0345,vrijgeven,0,MM0 ?AI
4.0345,vrijgeven,0,MM1 ?AI
4.0345,vrijgeven,0,MM0 AI=0:0:2467:2453:0:0
4.0345,vrijgeven,0,MM1 AI=0:0:2376:2374:0:0
4.0610,heen,0,"#94,YAW,-0.48,GYRO,-13,48,-6,ACC,4,1,254,ADC,1300,499,5,2,"
4.0611,heen,0,MM0 ?C
4.0611,heen,0,MM1 ?C
4.0611,heen,0,MM1 C=-916:-1102
4.0611,heen,0,MM0 C=-954:-982
4.0953,heen,0,"#95,YAW,-0.48,GYRO,-13,47,-5,ACC,-1,3,252,ADC,1266,393,5,2,"
4.0953,heen,0,MM0 ?D
4.0953,heen,0,MM1 ?D
4.0953,heen,0,MM0 D=32
4.0953,heen,0,MM1 D=19
4.0954,heen,0,MM0 !M 0 0
4.0954,heen,0,MM1 !M 0 0
4.0954,heen,0,MM0 +
4.0954,heen,0,MM1 +
4.0954,heen,0,"#96,YAW,-0.48,GYRO,-13,47,-7,ACC,4,1,253,ADC,1243,386,7,2,"
4.0954,heen,0,MM0 ?FF
4.0954,heen,0,MM1 ?FF
4.0954,heen,0,MM0 FF=0
4.0954,heen,0,MM1 FF=0
4.1468,heen,0,"#97,YAW,-0.48,GYRO,-12,47,-5,ACC,6,1,261,ADC,1289,390,5,2,"
4.1469,heen,0,MM0 ?P
4.1469,heen,0,MM1 ?P
4.1469,heen,0,MM0 P=0:0
4.1469,heen,0,MM1 P=0:0
4.1469,heen,0,MM0 !M 0 0
4.1469,heen,0,MM1 !M 0 0
4.1469,heen,0,MM0 +
4.1469,heen,0,MM1 +
4.1469,heen,0,"#98,YAW,-0.48,GYRO,-14,45,-7,ACC,3,1,255,ADC,1242,338,6,1,"
4.1469,heen,0,MM1 ?S
4.1469,heen,0,MM0 ?S
4.1469,heen,0,MM1 S=0:0
4.1469,heen,0,MM0 S=0:0
4.1469,heen,0,"#99,YAW,-0.48,GYRO,-13,47,-7,ACC,6,2,256,ADC,1257,406,6,2,"
4.1469,heen,0,MM0 ?T
4.1469,heen,0,MM1 ?T
4.1470,heen,0,MM0 T=35:34
4.1989,heen,0,MM1 T=36:34
4.1989,heen,0,"#100,YAW,-0.48,GYRO,-15,48,-5,ACC,6,1,256,ADC,1238,387,4,2,"
4.1990,heen,0,"$GPRMC,135747.8,A,5050.50958,N,00419.37146,E,000.28,207.4,081026,000.4,E*5B"
4.1990,heen,0,MM0 ?V
4.1990,heen,0,MM1 ?V
4.1990,heen,0,MM0 V=120:223:4902
4.1990,heen,0,MM1 V=120:223:4901
4.1990,heen,0,MM0 !M 0 0
4.1990,heen,0,MM1 !M 0 0
4.1990,heen,0,MM0 +
4.1990,heen,0,MM1 +
4.1990,heen,0,"#101,YAW,-0.48,GYRO,-14,47,-6,ACC,4,3,258,ADC,1257,306,5,2,"
4.1990,heen,0,MM0 ?CR
4.1990,heen,0,MM1 ?CR
4.1990,heen,0,MM0 CR=0:0
4.1990,heen,0,MM1 CR=0:0
4.2468,heen,0,"#102,YAW,-0.48,GYRO,-13,45,-6,ACC,5,0,257,ADC,1251,381,5,3,"
4.2469,heen,0,MM0 ?A
4.2469,heen,0,MM1 ?A
4.2469,heen,0,MM0 A=0:0
4.2469,heen,0,MM1 A=0:0
4.2469,heen,0,MM0 !M 0 0
4.2469,heen,0,MM1 !M 0 0
4.2469,heen,0,MM0 +
4.2469,heen,0,MM1 +
4.2469,heen,0,"#103,YAW,-0.48,GYRO,-13,48,-6,ACC,-1,3,255,ADC,1240,316,6,2,"
4.2469,heen,0,MM0 ?AI
4.2469,heen,0,MM1 ?AI
4.2469,heen,0,MM0 AI=0:0:2452:2457:0:0
4.2469,heen,0,MM1 AI=0:0:2394:2382:0:0
4.2469,heen,0,"#104,YAW,-0.48,GYRO,-14,48,-7,ACC,7,0,259,ADC,1237,387,5,2,"
4.2470,heen,0,MM0 ?C
4.2470,heen,0,MM1 ?C
4.2996,heen,0,MM1 C=-916:-1102
4.2997,heen,0,MM0 C=-954:-982
4.2998,heen,0,"#105,YAW,-0.48,GYRO,-15,48,-6,ACC,5,0,259,ADC,1274,501,5,2,"
4.2998,heen,0,MM0 ?D
4.2998,heen,0,MM1 ?D
4.2998,heen,0,MM0 D=32
4.2998,heen,0,MM1 D=19
4.2998,heen,0,MM0 !M 0 0
4.2998,heen,0,MM1 !M 0 0
4.2998,heen,0,MM0 +
4.2999,heen,0,MM1 +
4.2999,heen,0,"#106,YAW,-0.48,GYRO,-13,47,-5,ACC,6,3,261,ADC,1286,392,6,1,"
4.2999,heen,0,MM0 ?FF
4.2999,heen,0,MM1 ?FF
4.2999,heen,0,MM0 FF=0
4.2999,heen,0,MM1 FF=0
4.3478,heen,0,"#107,YAW,-0.48,GYRO,-14,48,-7,ACC,4,2,257,ADC,1254,500,5,2,"
4.3478,heen,0,MM0 ?P
4.3478,heen,0,MM1 ?P
4.3478,heen,0,MM0 P=0:0
4.3478,heen,0,MM1 P=0:0
4.3478,heen,0,"#108,YAW,-0.48,GYRO,-13,47,-5,ACC,6,1,259,ADC,1241,383,6,2,"
4.3478,heen,0,MM0 !M 0 0
4.3478,heen,0,MM0 +
4.3478,heen,0,MM1 !M 0 0
4.3479,heen,0,MM1 +
4.3479,heen,0,MM0 ?S
4.3479,heen,0,MM1 ?S
4.3479,heen,0,MM0 S=0:0
4.3479,heen,0,MM1 S=0:0
4.3479,heen,0,"#109,YAW,-0.48,GYRO,-13,48,-5,ACC,2,2,256,ADC,1263,410,6,1,"
4.3479,heen,0,MM0 ?T
4.3479,heen,0,MM1 ?T
4.3479,heen,0,MM0 T=35:34
4.3479,heen,0,MM1 T=36:34
4.4029,heen,0,"#110,YAW,-0.48,GYRO,-13,47,-4,ACC,4,0,255,ADC,1235,386,5,1,"
4.4030,heen,0,MM0 ?V
4.4030,heen,0,MM1 ?V
4.4030,heen,0,MM0 V=120:224:4902
4.4030,heen,0,MM1 V=120:222:4901
4.4030,heen,0,"$GPRMC,135748.0,A,5050.50957,N,00419.37145,E,000.25,207.4,081026,000.4,E*5D"
4.4030,heen,0,MM1 !M 0 0
4.4030,heen,0,MM0 !M 0 0
4.4030,heen,0,MM1 +
4.4030,heen,0,MM0 +
4.4030,heen,0,"#111,YAW,-0.48,GYRO,-14,47,-6,ACC,4,1,261,ADC,1290,363,5,1,"
4.4030,heen,0,MM0 ?CR
4.4030,heen,0,MM1 ?CR
4.4030,heen,0,MM0 CR=0:0
4.4030,heen,0,MM1 CR=0:0
4.4375,heen,0,"#112,YAW,-0.48,GYRO,-13,47,-4,ACC,2,2,256,ADC,1284,391,4,2,"
4.4375,heen,0,MM0 ?A
4.4375,heen,0,MM1 ?A
4.4375,heen,0,MM0 A=0:0
4.4375,heen,0,MM1 A=0:0
4.4375,heen,0,MM0 !M 0 0
4.4375,heen,0,MM1 !M 0 0
4.4375,heen,0,MM0 +
4.4375,heen,0,MM1 +
4.4375,heen,0,"#113,YAW,-0.48,GYRO,-14,46,-6,ACC,3,3,257,ADC,1271,385,4,1,"
4.4376,heen,0,MM0 ?AI
4.4376,heen,0,MM1 ?AI
4.4376,heen,0,MM0 AI=0:0:2453:2450:0:0
4.4376,heen,0,MM1 AI=0:0:2381:2380:0:0
4.4594,heen,0,"#114,YAW,-0.48,GYRO,-14,47,-6,ACC,4,2,259,ADC,1286,500,5,2,"
4.4594,heen,0,MM0 ?C
4.4594,heen,0,MM1 ?C
4.4595,heen,0,MM1 C=-916:-1102
4.4595,heen,0,MM0 C=-954:-982
4.4936,heen,0,"#115,YAW,-0.48,GYRO,-14,46,-5,ACC,4,0,259,ADC,1265,392,5,1,"
4.4937,heen,0,MM0 ?D
4.4937,heen,0,MM1 ?D
4.4937,heen,0,MM0 D=32
4.4937,heen,0,MM1 D=19
4.4937,heen,0,MM1 !M 0 0
4.4937,heen,0,MM0 !M 0 0
4.4937,heen,0,MM1 +
4.4937,heen,0,MM0 +
4.4937,heen,0,"#116,YAW,-0.48,GYRO,-13,47,-5,ACC,3,1,257,ADC,1201,382,4,3,"
4.4937,heen,0,MM0 ?FF
4.4937,heen,0,MM1 ?FF
4.4937,heen,0,MM0 FF=0
4.4937,heen,0,MM1 FF=0
4.5030,heen,0,DOEL heen 5.0000 r=0.13360
4.5147,heen,0,"#117,YAW,-0.48,GYRO,-12,46,-5,ACC,2,3,258,ADC,1231,385,6,2,"
4.5147,heen,0,MM0 ?P
4.5147,heen,0,MM1 ?P
4.5147,heen,0,MM0 P=0:0
4.5147,heen,0,MM1 P=0:0
4.5488,heen,0,"#118,YAW,-0.48,GYRO,-14,47,-5,ACC,4,2,259,ADC,1293,500,6,2,"
4.5489,heen,0,MM0 ?S
4.5489,heen,0,MM1 ?S
4.5489,heen,0,MM0 S=0:0
4.5489,heen,0,MM1 S=0:0
4.5489,heen,0,MM0 !M 0 0
4.5489,heen,0,MM1 !M 0 0
4.5489,heen,0,MM0 +
4.5489,heen,0,MM1 +
4.5489,heen,0,"#119,YAW,-0.48,GYRO,-13,47,-6,ACC,3,1,256,ADC,1246,392,5,2,"
4.5489,heen,0,MM0 ?T
4.5489,heen,0,MM1 ?T
4.5489,heen,0,MM0 T=35:34
4.5489,heen,0,MM1 T=36:34
4.6077,heen,16,"#120,YAW,-0.48,GYRO,-13,47,-5,ACC,5,3,255,ADC,1216,383,3,1,"
4.6077,heen,16,MM0 ?V
4.6077,heen,16,MM1 ?V
4.6077,heen,16,MM0 V=120:223:4902
4.6077,heen,16,MM1 V=120:221:4902
4.6077,heen,16,"$GPRMC,135748.2,A,5050.50956,N,00419.37144,E,000.23,207.4,081026,000.4,E*59"
4.6077,heen,16,"#121,YAW,-0.48,GYRO,-14,45,-5,ACC,5,1,255,ADC,1302,387,4,1,"
4.6078,heen,16,MM0 !M 8 -8
4.6078,heen,16,MM0 +
4.6078,heen,16,MM1 !M 8 -8
4.6078,heen,16,MM1 +
4.6078,heen,16,MM0 ?CR
4.6078,heen,16,MM1 ?CR
4.6078,heen,16,MM0 CR=0:0
4.6078,heen,16,MM1 CR=0:0
4.6078,heen,16,"#122,YAW,-0.48,GYRO,-14,46,-6,ACC,6,0,258,ADC,1242,385,5,2,"
4.6078,heen,16,MM0 ?A
4.6078,heen,16,MM1 ?A
4.6078,heen,16,MM0 A=0:0
4.6078,heen,16,MM1 A=0:0
4.6418,heen,16,MM1 !M 16 -16
4.6418,heen,16,MM0 !M 16 -16
4.6418,heen,16,MM1 +
4.6418,heen,16,MM0 +
4.6418,heen,16,"#123,YAW,-0.48,GYRO,-14,49,-4,ACC,3,2,254,ADC,1301,393,4,2,"
4.6418,heen,16,MM0 ?AI
4.6418,heen,16,MM1 ?AI
4.6418,heen,16,MM0 AI=0:0:2462:2456:0:0
4.6418,heen,16,MM1 AI=0:0:2342:2389:0:0
4.6628,heen,25,"#124,YAW,-0.48,GYRO,-14,43,-4,ACC,-1,2,253,ADC,1268,497,4,2,"
4.6628,heen,25,MM0 ?C
4.6628,heen,25,MM1 ?C
4.6628,heen,25,MM1 C=-916:-1102
4.6629,heen,25,MM0 C=-954:-982
4.6975,heen,25,"#125,YAW,-0.48,GYRO,-15,48,-3,ACC,4,2,260,ADC,1266,383,6,2,"
4.6975,heen,25,MM0 ?D
4.6976,heen,25,MM1 ?D
4.6976,heen,25,MM0 D=40
4.6976,heen,25,MM1 D=19
4.6976,heen,25,MM0 !M 25 -25
4.6976,heen,25,MM1 !M 25 -25
4.6976,heen,25,MM0 +
4.6976,heen,25,MM1 +
4.6976,heen,25,"#126,YAW,-0.48,GYRO,-14,45,-5,ACC,3,0,259,ADC,1227,381,3,1,"
4.6976,heen,25,MM0 ?FF
4.6976,heen,25,MM1 ?FF
4.6976,heen,25,MM0 FF=0
4.6976,heen,25,MM1 FF=0
4.7188,heen,33,"#127,YAW,-0.48,GYRO,-14,44,-6,ACC,3,0,258,ADC,1240,500,6,2,"
4.7188,heen,33,MM0 ?P
4.7188,heen,33,MM1 ?P
4.7188,heen,33,MM0 P=25:-25
4.7188,heen,33,MM1 P=25:-25
4.7525,heen,33,"#128,YAW,-0.48,GYRO,-15,44,-6,ACC,5,2,256,ADC,1232,393,6,2,"
4.7526,heen,33,MM0 ?S
4.7526,heen,33,MM1 ?S
4.7526,heen,33,MM0 S=0:0
4.7526,heen,33,MM1 S=0:0
4.7526,heen,33,MM0 !M 33 -33
4.7526,heen,33,MM1 !M 33 -33
4.7526,heen,33,MM0 +
4.7526,heen,33,MM1 +
4.7526,heen,33,"#129,YAW,-0.48,GYRO,-13,46,-5,ACC,-1,2,258,ADC,1270,498,4,1,"
4.7526,heen,33,MM0 ?T
4.7526,heen,33,MM1 ?T
4.7526,heen,33,MM0 T=35:34
4.7526,heen,33,MM1 T=36:34
4.8037,heen,42,"#130,YAW,-0.48,GYRO,-13,46,-3,ACC,3,1,260,ADC,1244,391,6,2,"
4.8038,heen,42,MM0 ?V
4.8038,heen,42,MM1 ?V
4.8038,heen,42,MM0 V=120:223:4902
4.8038,heen,42,MM1 V=120:222:4902
4.8038,heen,42,"$GPRMC,135748.4,A,5050.50955,N,00419.37142,E,000.22,207.4,081026,000.4,E*5B"
4.8038,heen,42,MM0 !M 42 -42
4.8038,heen,42,MM1 !M 42 -42
4.8038,heen,42,MM0 +
4.8038,heen,42,MM1 +
4.8038,heen,42,"#131,YAW,-0.48,GYRO,-14,46,-5,ACC,1,1,257,ADC,1221,313,5,1,"
4.8038,heen,42,MM0 ?CR
4.8039,heen,42,MM1 ?CR
4.8039,heen,42,MM0 CR=0:0
4.8039,heen,42,MM1 CR=0:0
4.8546,heen,50,"#132,YAW,-0.48,GYRO,-15,45,-5,ACC,16,2,254,ADC,1239,403,4,2,"
4.8547,heen,50,MM0 ?A
4.8547,heen,50,MM1 ?A
4.8547,heen,50,MM0 A=0:0
4.8547,heen,50,MM1 A=0:0
4.8547,heen,50,"#133,YAW,-0.48,GYRO,-18,33,-2,ACC,-1,-5,236,ADC,1235,394,5,2,"
4.8547,heen,50,MM0 ?AI
4.8547,heen,50,MM1 ?AI
4.8547,heen,50,MM0 AI=0:0:2464:2452:0:0
4.8547,heen,50,MM1 AI=0:0:2365:2370:0:0
4.8547,heen,50,MM1 !M 50 -50
4.8547,heen,50,MM0 !M 50 -50
4.8547,heen,50,MM1 +
4.8547,heen,50,MM0 +
4.8547,heen,50,"#134,YAW,-0.48,GYRO,-11,48,4,ACC,21,3,253,ADC,1238,390,4,2,"
4.8548,heen,50,MM0 ?C
4.8548,heen,50,MM1 ?C
4.8548,heen,50,MM1 C=-915:-1103
4.8548,heen,50,MM0 C=-953:-983
4.9048,heen,58,"#135,YAW,-0.48,GYRO,-18,48,2,ACC,15,1,263,ADC,1227,388,5,2,"
4.9048,heen,58,MM0 ?D
4.9048,heen,58,MM1 ?D
4.9048,heen,58,MM0 D=25
4.9048,heen,58,MM1 D=2
4.9048,heen,58,MM1 !M 58 -58
4.9048,heen,58,MM0 !M 58 -58
4.9048,heen,58,MM1 +
4.9048,heen,58,MM0 +
4.9048,heen,58,"#136,YAW,-0.48,GYRO,-19,41,-25,ACC,6,-2,255,ADC,1238,343,6,1,"
4.9049,heen,58,MM0 ?FF
4.9049,heen,58,MM1 ?FF
4.9049,heen,58,MM0 FF=0
4.9049,heen,58,MM1 FF=0
4.9049,heen,58,"#137,YAW,-0.48,GYRO,-17,39,-26,ACC,4,1,251,ADC,1305,398,7,1,"
4.9556,heen,67,MM0 ?P
4.9556,heen,67,MM1 ?P
4.9556,heen,67,MM0 P=58:-58
4.9556,heen,67,MM1 P=58:-58
4.9556,heen,67,"#138,YAW,-0.48,GYRO,-17,33,-3,ACC,7,2,258,ADC,1229,380,4,2,"
4.9557,heen,67,MM0 ?S
4.9557,heen,67,MM1 ?S
4.9557,heen,67,MM1 S=75:0
4.9557,heen,67,MM0 S=0:0
4.9557,heen,67,MM0 !M 67 -67
4.9557,heen,67,MM1 !M 67 -67
4.9557,heen,67,MM0 +
4.9557,heen,67,MM1 +
4.9557,heen,67,"#139,YAW,-0.48,GYRO,-17,37,22,ACC,17,5,262,ADC,1266,385,5,1,"
4.9557,heen,67,MM0 ?T
4.9557,heen,67,MM1 ?T
4.9557,heen,67,MM0 T=35:34
4.9557,heen,67,MM1 T=36:34
5.0061,heen,75,"#140,YAW,-0.48,GYRO,-18,26,20,ACC,16,1,252,ADC,1251,384,7,2,"
5.0062,heen,75,MM0 ?V
5.0062,heen,75,MM1 ?V
5.0062,heen,75,MM0 V=120:223:4905
5.0062,heen,75,MM1 V=120:222:4899
5.0062,heen,75,"$GPRMC,135748.6,A,5050.50954,N,00419.37142,E,000.19,207.4,081026,000.4,E*50"
5.0062,heen,75,MM0 !M 75 -75
5.0062,heen,75,MM1 !M 75 -75
5.0062,heen,75,MM0 +
5.0062,heen,75,MM1 +
5.0062,heen,75,"#141,YAW,-0.48,GYRO,-20,43,-4,ACC,10,0,256,ADC,1295,335,6,2,"
5.0063,heen,75,MM0 ?CR
5.0063,heen,75,MM1 ?CR
5.0063,heen,75,MM0 CR=3:-4
5.0063,heen,75,MM1 CR=4:-3
5.0063,heen,75,"#142,YAW,-0.48,GYRO,-17,34,-25,ACC,9,3,266,ADC,1249,385,4,1,"
5.0063,heen,75,MM0 ?A
5.0063,heen,75,MM1 ?A
5.0626,heen,92,MM0 A=0:-4
5.0626,heen,92,MM1 A=0:-4
5.0626,heen,92,"#143,YAW,-0.48,GYRO,-20,24,-13,ACC,21,5,253,ADC,1289,495,5,2,"
5.0626,heen,92,MM0 ?AI
5.0626,heen,92,MM1 ?AI
5.0626,heen,92,MM0 AI=0:0:2427:2464:0:0
5.0627,heen,92,MM1 AI=0:0:2353:2365:0:0
5.0627,heen,92,MM0 !M 84 -84
5.0627,heen,92,MM1 !M 84 -84
5.0627,heen,92,MM0 +
5.0627,heen,92,MM1 +
5.0627,heen,92,"#144,YAW,-0.48,GYRO,-19,48,1,ACC,16,-1,253,ADC,1271,390,7,2,"
5.0627,heen,92,MM0 ?C
5.0627,heen,92,MM1 ?C
5.0627,heen,92,MM1 C=-911:-1107
5.0627,heen,92,MM0 C=-949:-987
5.1018,heen,92,"#145,YAW,-0.48,GYRO,-26,38,-3,ACC,14,1,265,ADC,1218,381,7,1,"
5.1019,heen,92,MM0 ?D
5.1019,heen,92,MM1 ?D
5.1019,heen,92,MM0 D=17
5.1019,heen,92,MM1 D=32
5.1019,heen,92,MM1 !M 92 -92
5.1019,heen,92,MM0 !M 92 -92
5.1019,heen,92,MM1 +
5.1019,heen,92,MM0 +
5.1019,heen,92,"#146,YAW,-0.48,GYRO,-23,15,5,ACC,22,0,250,ADC,1214,394,5,2,"
5.1020,heen,92,MM0 ?FF
5.1020,heen,92,MM1 ?FF
5.1020,heen,92,MM0 FF=0
5.1020,heen,92,MM1 FF=0
5.1226,heen,100,"#147,YAW,-0.48,GYRO,-14,41,2,ACC,12,-1,259,ADC,1239,382,6,2,"
5.1226,heen,100,MM0 ?P
5.1226,heen,100,MM1 ?P
5.1226,heen,100,MM0 P=92:-92
5.1226,heen,100,MM1 P=92:-92
5.1438,heen,100,"#148,YAW,-0.48,GYRO,-22,35,-2,ACC,21,2,261,ADC,1221,501,5,1,"
5.1439,heen,100,MM0 ?S
5.1439,heen,100,MM1 ?S
5.1439,heen,100,MM0 S=0:0
5.1439,heen,100,MM1 S=0:-75
5.1646,heen,109,"#149,YAW,-0.48,GYRO,-2,43,0,ACC,5,0,254,ADC,1204,391,5,2,"
5.1646,heen,109,MM0 !M 100 -100
5.1647,heen,109,MM0 +
5.1647,heen,109,MM1 !M 100 -100
5.1647,heen,109,MM1 +
5.1647,heen,109,MM0 ?T
5.1647,heen,109,MM1 ?T
5.1647,heen,109,MM0 T=35:34
5.1647,heen,109,MM1 T=36:34
5.1647,heen,109,"#150,YAW,-0.48,GYRO,-24,25,-4,ACC,30,1,251,ADC,1250,386,4,2,"
5.1983,heen,109,MM0 ?V
5.1983,heen,109,MM1 ?V
5.1983,heen,109,MM0 V=120:222:4904
5.1983,heen,109,MM1 V=120:222:4898
5.1983,heen,109,"$GPRMC,135748.8,A,5050.50954,N,00419.37141,E,000.14,207.4,081026,000.4,E*50"
5.1983,heen,109,"#151,YAW,-0.48,GYRO,1,44,-4,ACC,10,0,258,ADC,1219,384,4,2,"
5.1983,heen,109,MM0 ?CR
5.1984,heen,109,MM1 ?CR
5.1984,heen,109,MM0 CR=7:-7
5.1984,heen,109,MM1 CR=7:-8
5.2196,heen,117,"#152,YAW,-0.48,GYRO,2,39,8,ACC,22,0,247,ADC,1236,383,6,1,"
5.2197,heen,117,MM0 ?A
5.2197,heen,117,MM1 ?A
5.2197,heen,117,MM0 A=0:-4
5.2197,heen,117,MM1 A=5:-4
5.2197,heen,117,MM0 !M 109 -109
5.2197,heen,117,MM1 !M 109 -109
5.2197,heen,117,MM0 +
5.2197,heen,117,MM1 +
5.2552,heen,117,MM0 PING
5.2552,heen,117,MM1 PING
5.2552,heen,117,"#153,YAW,-0.48,GYRO,-14,41,1,ACC,27,1,259,ADC,1309,297,5,1,"
5.2552,heen,117,MM0 ?AI
5.2553,heen,117,MM1 ?AI
5.2553,heen,117,MM0 AI=0:0:2442:2468:0:0
5.2553,heen,117,MM1 AI=0:0:2505:2401:0:0
5.2553,heen,117,"#154,YAW,-0.48,GYRO,-6,82,-8,ACC,22,4,269,ADC,1231,502,7,2,"
5.2553,heen,117,MM0 ?C
5.2553,heen,117,MM1 ?C
5.2553,heen,117,MM1 C=-901:-1117
5.2553,heen,117,MM0 C=-940:-997
5.3079,heen,126,"#155,YAW,-0.48,GYRO,-13,54,-11,ACC,26,3,241,ADC,1245,382,4,2,"
5.3080,heen,126,MM0 ?D
5.3080,heen,126,MM1 ?D
5.3080,heen,126,MM0 D=34
5.3080,heen,126,MM1 D=19
5.3080,heen,126,MM0 !M 117 -117
5.3080,heen,126,MM1 !M 117 -117
5.3080,heen,126,MM0 +
5.3080,heen,126,MM1 +
5.3080,heen,126,MM1 PING
5.3080,heen,126,MM0 PING
5.3080,heen,126,"#156,YAW,-0.48,GYRO,-26,61,-23,ACC,29,8,249,ADC,1230,381,4,2,"
5.3081,heen,126,MM0 ?FF
5.3081,heen,126,MM0 FF=0
5.3081,heen,126,MM1 ?FF
5.3081,heen,126,MM1 FF=0
5.3081,heen,126,MM0 !M 126 -126
5.3081,heen,126,MM1 !M 126 -126
5.3081,heen,126,MM0 +
5.3081,heen,126,MM1 +
5.3081,heen,126,"#157,YAW,-0.48,GYRO,-31,57,-31,ACC,21,3,274,ADC,1190,377,7,1,"
5.3081,heen,126,MM0 ?P
5.3081,heen,126,MM1 ?P
5.3081,heen,126,MM0 P=126:-126
5.3587,heen,134,MM1 P=126:-126
5.3588,heen,134,"#158,YAW,-0.48,GYRO,-40,45,-29,ACC,14,-4,260,ADC,1220,381,6,2,"
5.3588,heen,134,MM0 ?S
5.3588,heen,134,MM1 ?S
5.3588,heen,134,MM0 S=75:-75
5.3588,heen,134,MM1 S=75:-75
5.3588,heen,134,MM1 !M 134 -134
5.3588,heen,134,MM0 !M 134 -134
5.3588,heen,134,MM1 +
5.3588,heen,134,MM0 +
5.3588,heen,134,"#159,YAW,-0.48,GYRO,-34,35,-18,ACC,10,0,246,ADC,1222,381,7,2,"
5.3588,heen,134,MM0 ?T
5.3588,heen,134,MM1 ?T
5.3588,heen,134,MM0 T=35:34
5.3589,heen,134,MM1 T=36:34
5.4096,heen,143,"#160,YAW,-0.48,GYRO,-35,53,-9,ACC,15,0,253,ADC,1255,383,5,2,"
5.4096,heen,143,MM0 ?V
5.4096,heen,143,MM1 ?V
5.4097,heen,143,MM0 V=120:222:4904
5.4097,heen,143,MM1 V=120:221:4900
5.4097,heen,143,"$GPRMC,135749.0,A,5050.50954,N,00419.37140,E,000.11,207.4,081026,000.4,E*5D"
5.4097,heen,143,"#161,YAW,-0.48,GYRO,-24,73,-13,ACC,21,1,277,ADC,1290,500,5,1,"
5.4097,heen,143,MM0 ?CR
5.4097,heen,143,MM1 ?CR
5.4097,heen,143,MM0 CR=17:-16
5.4097,heen,143,MM1 CR=17:-16
5.4097,heen,143,MM1 !M 143 -143
5.4097,heen,143,MM0 !M 143 -143
5.4097,heen,143,MM0 +
5.4097,heen,143,MM1 +
5.4097,heen,143,"#162,YAW,-0.48,GYRO,-39,29,-9,ACC,18,3,262,ADC,1212,381,4,2,"
5.4097,heen,143,MM0 ?A
5.4097,heen,143,MM1 ?A
5.4097,heen,143,MM0 A=5:-4
5.4097,heen,143,MM1 A=5:-4
5.4607,heen,151,"#163,YAW,-0.48,GYRO,-16,26,12,ACC,19,-2,240,ADC,1226,387,5,2,"
5.4607,heen,151,MM1 ?AI
5.4607,heen,151,MM0 ?AI
5.4608,heen,151,MM1 AI=0:0:2392:2367:0:0
5.4608,heen,151,MM0 AI=0:0:2437:2470:0:0
5.4608,heen,151,MM0 !M 151 -151
5.4608,heen,151,MM1 !M 151 -151
5.4608,heen,151,MM0 +
5.4608,heen,151,MM1 +
5.4608,heen,151,"#164,YAW,-0.48,GYRO,9,61,27,ACC,33,-5,261,ADC,1241,389,5,1,"
5.4608,heen,151,MM0 ?C
5.4608,heen,151,MM1 ?C
5.4608,heen,151,MM0 C=-921:-1016
5.4608,heen,151,MM1 C=-882:-1136
5.5105,heen,159,"#165,YAW,-0.48,GYRO,22,32,32,ACC,21,-14,243,ADC,1327,503,6,2,"
5.5106,heen,159,MM0 ?D
5.5106,heen,159,MM1 ?D
5.5106,heen,159,MM0 D=40
5.5106,heen,159,MM1 D=18
5.5106,heen,159,"#166,YAW,-0.48,GYRO,19,34,22,ACC,26,1,234,ADC,1248,498,5,2,"
5.5106,heen,159,MM1 ?FF
5.5106,heen,159,MM0 ?FF
5.5106,heen,159,MM1 FF=0
5.5106,heen,159,MM0 FF=0
5.5106,heen,159,"#167,YAW,-0.48,GYRO,-9,58,3,ACC,23,21,274,ADC,1219,383,5,2,"
5.5106,heen,159,MM0 ?P
5.5106,heen,159,MM1 ?P
5.5106,heen,159,MM0 P=151:-151
5.5106,heen,159,MM1 P=151:-151
5.5627,heen,168,"#168,YAW,-0.48,GYRO,-23,23,-11,ACC,11,17,292,ADC,1227,368,6,2,"
5.5628,heen,168,MM0 !M 159 -159
5.5628,heen,168,MM0 +
5.5628,heen,168,MM0 PING
5.5628,heen,168,MM1 !M 159 -159
5.5628,heen,168,MM1 +
5.5628,heen,168,MM1 PING
5.5628,heen,168,MM0 ?S
5.5628,heen,168,MM1 ?S
5.5628,heen,168,MM0 S=150:-75
5.5628,heen,168,MM1 S=150:-75
5.5628,heen,168,"#169,YAW,-0.48,GYRO,-23,56,-14,ACC,19,-3,233,ADC,1274,394,4,2,"
5.5628,heen,168,MM0 ?T
5.5628,heen,168,MM1 ?T
5.5628,heen,168,MM0 T=35:34
5.5628,heen,168,MM1 T=36:34
5.6147,heen,185,"#170,YAW,-0.48,GYRO,-48,75,-10,ACC,10,-8,271,ADC,1273,502,4,2,"
5.6147,heen,185,MM0 ?V
5.6147,heen,185,MM1 ?V
5.6147,heen,185,MM0 V=120:221:4905
5.6147,heen,185,MM1 V=120:221:4899
5.6147,heen,185,"$GPRMC,135749.2,A,5050.50954,N,00419.37140,E,000.09,207.4,081026,000.4,E*56"
5.6147,heen,185,MM1 !M 169 -167
5.6147,heen,185,MM0 !M 169 -167
5.6147,heen,185,MM1 +
5.6147,heen,185,MM0 +
5.6147,heen,185,MM0 PING
5.6147,heen,185,MM1 PING
5.6147,heen,185,"#171,YAW,-0.48,GYRO,-1,83,-11,ACC,9,1,296,ADC,1280,363,5,1,"
5.6148,heen,185,MM0 ?CR
5.6148,heen,185,MM1 ?CR
5.6148,heen,185,MM0 CR=26:-26
5.6148,heen,185,MM1 CR=25:-26
5.6148,heen,185,MM0 !M 176 -176
5.6148,heen,185,MM1 !M 176 -176
5.6148,heen,185,MM0 +
5.6148,heen,185,MM1 +
5.6148,heen,185,"#172,YAW,-0.48,GYRO,-3,20,8,ACC,14,0,233,ADC,1230,382,8,1,"
5.6148,heen,185,MM0 ?A
5.6148,heen,185,MM1 ?A
5.6148,heen,185,MM0 A=10:-9
5.6148,heen,185,MM1 A=10:-9
5.6498,heen,185,"#173,YAW,-0.48,GYRO,34,37,18,ACC,21,-7,224,ADC,1260,502,5,2,"
5.6499,heen,185,MM1 ?AI
5.6499,heen,185,MM0 ?AI
5.6499,heen,185,MM1 AI=0:0:2355:2385:0:0
5.6499,heen,185,MM0 AI=0:0:2447:2336:0:0
5.6499,heen,185,MM1 !M 185 -185
5.6499,heen,185,MM0 !M 185 -185
5.6500,heen,185,MM1 +
5.6500,heen,185,MM0 +
5.6500,heen,185,"#174,YAW,-0.48,GYRO,17,80,13,ACC,37,-1,236,ADC,1288,411,4,2,"
5.6500,heen,185,MM0 ?C
5.6500,heen,185,MM1 ?C
5.6500,heen,185,MM0 C=-892:-1044
5.6501,heen,185,MM1 C=-853:-1164
5.6704,heen,193,"#175,YAW,-0.48,GYRO,22,61,13,ACC,28,5,259,ADC,1253,386,4,2,"
5.6705,heen,193,MM1 ?D
5.6705,heen,193,MM0 ?D
5.6705,heen,193,MM0 D=17
5.6705,heen,193,MM1 D=0
5.7049,heen,193,MM0 !M 194 -192
5.7049,heen,193,MM1 !M 194 -192
5.7049,heen,193,MM0 +
5.7049,heen,193,MM1 +
5.7049,heen,193,"#176,YAW,-0.48,GYRO,-49,77,-15,ACC,22,22,274,ADC,1284,349,5,2,"
5.7049,heen,193,MM1 ?FF
5.7049,heen,193,MM0 ?FF
5.7049,heen,193,MM1 FF=0
5.7049,heen,193,MM0 FF=0
5.7049,heen,193,"#177,YAW,-0.48,GYRO,3,55,-38,ACC,24,2,295,ADC,1201,384,4,2,"
5.7259,heen,202,MM1 ?P
5.7259,heen,202,MM0 ?P
5.7259,heen,202,MM1 P=194:-192
5.7259,heen,202,MM0 P=194:-192
5.7259,heen,202,"#178,YAW,-0.48,GYRO,-43,36,-33,ACC,15,-8,267,ADC,1280,388,6,2,"
5.7606,heen,202,MM1 ?S
5.7607,heen,202,MM0 ?S
5.7607,heen,202,MM1 S=150:-150
5.7607,heen,202,MM0 S=150:-150
5.7607,heen,202,MM0 !M 202 -202
5.7607,heen,202,MM1 !M 202 -202
5.7607,heen,202,MM0 +
5.7607,heen,202,MM1 +
5.7607,heen,202,"#179,YAW,-0.48,GYRO,-26,49,-49,ACC,5,-1,272,ADC,1224,389,5,2,"
5.7607,heen,202,MM1 ?T
5.7607,heen,202,MM0 ?T
5.7607,heen,202,MM1 T=36:34
5.7607,heen,202,MM0 T=35:34
5.8126,heen,210,"#180,YAW,-0.48,GYRO,8,-14,-15,ACC,29,-5,225,ADC,1287,501,6,2,"
5.8127,heen,210,MM1 ?V
5.8127,heen,210,MM0 ?V
5.8127,heen,210,MM1 V=120:221:4899
5.8127,heen,210,MM0 V=120:223:4905
5.8127,heen,210,"$GPRMC,135749.4,A,5050.50954,N,00419.37139,E,000.07,207.4,081026,000.4,E*50"
5.8127,heen,210,"#181,YAW,-0.48,GYRO,10,77,11,ACC,27,1,236,ADC,1283,402,5,1,"
5.8127,heen,210,MM1 ?CR
5.8127,heen,210,MM0 ?CR
5.8127,heen,210,MM1 CR=35:-35
5.8127,heen,210,MM0 CR=35:-35
5.8127,heen,210,"#182,YAW,-0.48,GYRO,-23,146,3,ACC,23,19,317,ADC,1216,391,5,2,"
5.8128,heen,210,MM1 ?A
5.8128,heen,210,MM0 ?A
5.8128,heen,210,MM1 A=9:-8
5.8128,heen,210,MM0 A=4:-3
5.8633,heen,218,"#183,YAW,-0.48,GYRO,-35,31,-22,ACC,3,14,296,ADC,1272,501,5,2,"
5.8633,heen,218,MM1 ?AI
5.8633,heen,218,MM0 ?AI
5.8633,heen,218,MM0 AI=0:0:2446:2442:0:0
5.8633,heen,218,MM1 AI=0:0:2352:2397:0:0
5.8633,heen,218,MM0 !M 210 -210
5.8633,heen,218,MM1 !M 210 -210
5.8633,heen,218,MM0 +
5.8633,heen,218,MM1 +
5.8634,heen,218,MM1 PING
5.8634,heen,218,MM0 PING
5.8634,heen,218,"#184,YAW,-0.48,GYRO,-12,46,-39,ACC,14,0,236,ADC,1242,391,6,2,"
5.8634,heen,218,MM1 ?C
5.8634,heen,218,MM0 ?C
5.8634,heen,218,MM1 C=-815:-1202
5.8634,heen,218,MM0 C=-854:-1082
5.9141,heen,227,"#185,YAW,-0.48,GYRO,-39,40,-34,ACC,26,-8,234,ADC,1290,504,6,3,"
5.9142,heen,227,MM1 ?D
5.9142,heen,227,MM0 ?D
5.9142,heen,227,MM1 D=18
5.9142,heen,227,MM0 D=41
5.9142,heen,227,MM1 !M 218 -218
5.9142,heen,227,MM0 !M 218 -218
5.9142,heen,227,MM1 +
5.9142,heen,227,MM0 +
5.9142,heen,227,MM0 PING
5.9142,heen,227,MM1 PING
5.9142,heen,227,"#186,YAW,-0.48,GYRO,69,65,15,ACC,29,-21,217,ADC,1272,500,4,2,"
5.9142,heen,227,MM1 ?FF
5.9142,heen,227,MM0 ?FF
5.9142,heen,227,MM1 FF=0
5.9142,heen,227,MM0 FF=0
5.9142,heen,227,"#187,YAW,-0.48,GYRO,-37,101,21,ACC,25,14,265,ADC,1252,383,6,2,"
5.9143,heen,227,MM1 ?P
5.9143,heen,227,MM0 ?P
5.9143,heen,227,MM1 P=218:-218
5.9143,heen,227,MM0 P=218:-218
5.9637,heen,235,"#188,YAW,-0.48,GYRO,-74,-7,-3,ACC,8,38,342,ADC,1230,383,4,1,"
5.9637,heen,235,MM1 ?S
5.9637,heen,235,MM0 ?S
5.9637,heen,235,MM1 S=150:-150
5.9637,heen,235,MM0 S=225:-225
5.9637,heen,235,MM0 !M 227 -227
5.9637,heen,235,MM1 !M 227 -227
5.9637,heen,235,MM0 +
5.9637,heen,235,MM1 +
5.9637,heen,235,MM0 PING
5.9637,heen,235,MM1 PING
5.9637,heen,235,"#189,YAW,-0.48,GYRO,-63,-19,-17,ACC,14,3,249,ADC,1288,498,4,2,"
5.9637,heen,235,MM1 ?T
5.9637,heen,235,MM0 ?T
5.9637,heen,235,MM1 T=36:34
5.9638,heen,235,MM0 T=35:34
6.0145,heen,243,"#190,YAW,-0.48,GYRO,-50,8,-22,ACC,25,-26,230,ADC,1286,501,7,1,"
6.0146,heen,243,MM1 ?V
6.0146,heen,243,MM0 ?V
6.0146,heen,243,MM1 V=120:221:4900
6.0146,heen,243,MM0 V=120:222:4906
6.0146,heen,243,"$GPRMC,135749.6,A,5050.50953,N,00419.37139,E,000.06,207.4,081026,000.4,E*54"
6.0146,heen,243,MM0 !M 235 -235
6.0146,heen,243,MM1 !M 235 -235
6.0146,heen,243,MM0 +
6.0146,heen,243,MM1 +
6.0146,heen,243,MM0 PING
6.0146,heen,243,MM1 PING
6.0146,heen,243,"#191,YAW,-0.48,GYRO,43,68,9,ACC,16,-54,211,ADC,1207,325,7,2,"
6.0147,heen,243,MM1 ?CR
6.0147,heen,243,MM0 ?CR
6.0147,heen,243,MM1 CR=44:-43
6.0147,heen,243,MM0 CR=43:-43
6.0147,heen,243,"#192,YAW,-0.48,GYRO,-2,74,26,ACC,42,1,239,ADC,1244,396,5,2,"
6.0147,heen,243,MM1 ?A
6.0147,heen,243,MM0 ?A
6.0147,heen,243,MM1 A=12:-7
6.0147,heen,243,MM0 A=8:-11
6.0661,heen,250,"#193,YAW,-0.48,GYRO,-87,34,-1,ACC,0,50,354,ADC,1229,384,8,2,"
6.0661,heen,250,MM1 ?AI
6.0661,heen,250,MM0 ?AI
6.0661,heen,250,MM1 AI=0:0:2379:2362:0:0
6.0661,heen,250,MM0 AI=0:0:2450:2460:0:0
6.0661,heen,250,MM0 !M 243 -243
6.0661,heen,250,MM1 !M 243 -243
6.0661,heen,250,MM0 +
6.0661,heen,250,MM1 +
6.0661,heen,250,MM0 PING
6.0661,heen,250,MM1 PING
6.0661,heen,250,"#194,YAW,-0.48,GYRO,25,-52,6,ACC,22,21,237,ADC,1219,380,5,2,"
6.0661,heen,250,MM1 ?C
6.0661,heen,250,MM0 ?C
6.0661,heen,250,MM1 C=-770:-1247
6.0662,heen,250,MM0 C=-808:-1128
6.0662,heen,250,"#195,YAW,-0.48,GYRO,-36,-79,-9,ACC,22,-20,229,ADC,1273,401,4,2,"
6.1198,heen,250,MM0 ?D
6.1198,heen,250,MM1 ?D
6.1198,heen,250,MM0 D=10
6.1198,heen,250,MM1 D=33
6.1198,heen,250,MM0 !M 250 -250
6.1198,heen,250,MM1 !M 250 -250
6.1198,heen,250,MM0 +
6.1198,heen,250,MM1 +
6.1198,heen,250,MM0 PING
6.1198,heen,250,MM1 PING
6.1198,heen,250,"#196,YAW,-0.48,GYRO,58,81,4,ACC,32,-45,196,ADC,1263,327,4,1,"
6.1198,heen,250,MM0 ?FF
6.1199,heen,250,MM1 ?FF
6.1199,heen,250,MM1 FF=0
6.1199,heen,250,MM0 FF=0
6.1199,heen,250,MM0 !M 250 -250
6.1199,heen,250,MM1 !M 250 -250
6.1199,heen,250,MM0 +
6.1199,heen,250,MM1 +
6.1199,heen,250,"#197,YAW,-0.48,GYRO,29,145,17,ACC,37,4,214,ADC,1246,388,4,2,"
6.1199,heen,250,MM0 ?P
6.1199,heen,250,MM1 ?P
6.1199,heen,250,MM0 P=250:-250
6.1199,heen,250,MM1 P=250:-250
6.1535,heen,250,"#198,YAW,-0.48,GYRO,-117,107,-6,ACC,13,54,437,ADC,1280,396,5,2,"
6.1536,heen,250,MM1 ?S
6.1536,heen,250,MM0 ?S
6.1536,heen,250,MM1 S=150:-150
6.1536,heen,250,MM0 S=225:-225
6.1536,heen,250,MM1 !M 250 -250
6.1536,heen,250,MM0 !M 250 -250
6.1536,heen,250,MM0 +
6.1536,heen,250,MM1 +
6.1536,heen,250,"#199,YAW,-0.48,GYRO,-11,-22,1,ACC,-2,-4,216,ADC,1225,382,4,3,"
6.1536,heen,250,MM1 ?T
6.1536,heen,250,MM0 ?T
6.1536,heen,250,MM1 T=36:34
6.1536,heen,250,MM0 T=35:35
6.1746,heen,250,"#200,YAW,-0.48,GYRO,-34,22,-4,ACC,13,-30,207,ADC,1263,501,6,2,"
6.1746,heen,250,MM0 ?V
6.1746,heen,250,MM1 ?V
6.1746,heen,250,MM0 V=120:222:4905
6.1746,heen,250,MM1 V=120:222:4900
6.2111,heen,250,"$GPRMC,135749.8,A,5050.50953,N,00419.37139,E,000.08,207.4,081026,000.4,E*54"
6.2111,heen,250,"#201,YAW,-0.48,GYRO,101,152,13,ACC,28,-49,138,ADC,1241,497,6,2,"
6.2111,heen,250,MM0 ?CR
6.2111,heen,250,MM1 ?CR
6.2111,heen,250,MM0 CR=51:-51
6.2111,heen,250,MM1 CR=51:-50
6.2111,heen,250,MM0 !M 251 -249
6.2111,heen,250,MM1 !M 251 -249
6.2111,heen,250,MM0 +
6.2111,heen,250,MM1 +
6.2111,heen,250,"#202,YAW,-0.48,GYRO,-91,64,10,ACC,3,-10,412,ADC,1242,383,5,2,"
6.2111,heen,250,MM0 ?A
6.2112,heen,250,MM1 ?A
6.2112,heen,250,MM0 A=3:-7
6.2112,heen,250,MM1 A=7:-3
6.2296,heen,250,"#203,YAW,-0.48,GYRO,77,110,-26,ACC,-16,14,306,ADC,1262,499,4,2,"
6.2297,heen,250,MM0 ?AI
6.2297,heen,250,MM1 ?AI
6.2297,heen,250,MM0 AI=0:0:2516:2467:0:0
6.2637,heen,250,MM1 AI=0:0:2368:2353:0:0
6.2637,heen,250,MM1 !M 251 -249
6.2637,heen,250,MM0 !M 251 -249
6.2637,heen,250,MM1 +
6.2637,heen,250,MM0 +
6.2637,heen,250,"#204,YAW,-0.48,GYRO,-54,10,-29,ACC,3,-2,185,ADC,1248,271,7,2,"
6.2637,heen,250,MM1 ?C
6.2637,heen,250,MM0 ?C
6.2637,heen,250,MM1 C=-717:-1299
6.2637,heen,250,MM0 C=-755:-1180
6.2846,heen,250,"#205,YAW,-0.48,GYRO,70,100,-16,ACC,32,-29,103,ADC,1268,387,4,2,"
6.2847,heen,250,MM0 ?D
6.2847,heen,250,MM1 ?D
6.2847,heen,250,MM0 D=40
6.2847,heen,250,MM1 D=50
6.2847,heen,250,"#206,YAW,-0.48,GYRO,-143,102,-27,ACC,220,-35,351,ADC,1245,391,6,2,"
6.3219,heen,250,MM0 ?FF
6.3219,heen,250,MM1 ?FF
6.3219,heen,250,MM0 FF=0
6.3219,heen,250,MM1 FF=0
6.3219,heen,250,MM0 !M 250 -250
6.3219,heen,250,MM1 !M 250 -250
6.3219,heen,250,MM0 +
6.3219,heen,250,MM1 +
6.3219,heen,250,"#207,YAW,-0.48,GYRO,13,3,-34,ACC,8,-1,243,ADC,1258,373,4,1,"
6.3220,heen,250,MM0 ?P
6.3220,heen,250,MM1 ?P
6.3220,heen,250,MM0 P=250:-250
6.3220,heen,250,MM1 P=250:-250
6.3566,heen,250,"#208,YAW,-0.48,GYRO,-63,-97,-25,ACC,-9,25,213,ADC,1202,383,5,1,"
6.3567,heen,250,MM0 ?S
6.3567,heen,250,MM1 ?S
6.3567,heen,250,MM0 S=225:-225
6.3567,heen,250,MM1 S=225:-225
6.3567,heen,250,"#209,YAW,-0.48,GYRO,6,62,-15,ACC,17,-13,135,ADC,1286,392,4,2,"
6.3567,heen,250,MM0 ?T
6.3567,heen,250,MM1 ?T
6.3567,heen,250,MM0 T=35:34
6.3567,heen,250,MM1 T=36:34
6.3773,heen,250,"#210,YAW,-0.48,GYRO,42,144,8,ACC,-23,21,251,ADC,1257,383,3,2,"
6.3773,heen,250,MM0 ?V
6.3773,heen,250,MM1 ?V
6.3773,heen,250,MM0 V=120:223:4906
6.3773,heen,250,MM1 V=120:222:4900
6.3774,heen,250,"$GPRMC,135750.0,A,5050.50952,N,00419.37139,E,000.13,207.4,081026,000.4,E*5F"
6.4176,heen,250,"#211,YAW,-0.48,GYRO,-124,91,8,ACC,-24,4,544,ADC,1231,386,5,1,"
6.4177,heen,250,MM0 ?CR
6.4177,heen,250,MM1 ?CR
6.4177,heen,250,MM0 CR=57:-56
6.4177,heen,250,MM1 CR=56:-55
6.4177,heen,250,MM0 !M 250PING
6.4177,heen,250,MM1 !M 250PING
6.4177,heen,250,MM0 +
6.4177,heen,250,MM1 +
6.4177,heen,250,"#212,YAW,-0.48,GYRO,-78,-164,-3,ACC,-8,34,199,ADC,1236,380,6,2,"
6.4177,heen,250,MM0 ?A
6.4177,heen,250,MM1 ?A
6.4177,heen,250,MM0 A=0:-3
6.4177,heen,250,MM1 A=4:-3
6.4685,heen,250,"#213,YAW,-0.48,GYRO,18,3,4,ACC,33,0,133,ADC,1241,382,7,2,"
6.4686,heen,250,MM0 ?AI
6.4686,heen,250,MM1 ?AI
6.4686,heen,250,MM0 AI=0:0:2471:2452:0:0
6.4686,heen,250,MM1 AI=0:0:2386:2360:0:0
6.4686,heen,250,MM0 !M 250 -250
6.4686,heen,250,MM1 !M 250 -250
6.4686,heen,250,MM0 +
6.4686,heen,250,MM1 +
6.4686,heen,250,MM1 PING
6.4686,heen,250,MM0 PING
6.4686,heen,250,"#214,YAW,-0.48,GYRO,4,234,8,ACC,19,-5,204,ADC,1269,397,6,2,"
6.4686,heen,250,MM0 ?C
6.4686,heen,250,MM1 ?C
6.4686,heen,250,MM0 C=-698:-1237
6.4687,heen,250,MM1 C=-660:-1356
6.4687,heen,250,MM0 !M 250 -250
6.4687,heen,250,MM1 !M 250 -250
6.4687,heen,250,MM0 +
6.4687,heen,250,MM1 +
6.4688,heen,250,"#215,YAW,-0.48,GYRO,-38,8,6,ACC,41,-39,522,ADC,1258,500,4,2,"
6.4688,heen,250,MM0 ?D
6.4688,heen,250,MM1 ?D
6.4688,heen,250,MM0 D=49
6.4688,heen,250,MM1 D=48
6.5206,heen,250,"#216,YAW,-0.48,GYRO,56,48,-19,ACC,1,-1,196,ADC,1209,384,4,2,"
6.5206,heen,250,MM0 ?FF
6.5206,heen,250,MM1 ?FF
6.5206,heen,250,MM0 FF=0
6.5206,heen,250,MM1 FF=0
6.5206,heen,250,MM0 !M 250 -250
6.5206,heen,250,MM1 !M 250 -250
6.5206,heen,250,MM0 +
6.5206,heen,250,MM1 +
6.5206,heen,250,"#217,YAW,-0.48,GYRO,33,81,2,ACC,44,-13,73,ADC,1253,383,6,2,"
6.5207,heen,250,MM0 ?P
6.5207,heen,250,MM1 ?P
6.5207,heen,250,MM0 P=250:-250
6.5207,heen,250,MM1 P=250:-250
6.5696,heen,250,"#218,YAW,-0.48,GYRO,113,288,27,ACC,-2,13,156,ADC,1213,380,7,2,"
6.5697,heen,250,MM0 ?S
6.5697,heen,250,MM1 ?S
6.5697,heen,250,MM0 S=225:-225
6.5697,heen,250,MM1 S=225:-225
6.5697,heen,250,"#219,YAW,-0.48,GYRO,-237,-234,30,ACC,83,-50,511,ADC,1255,389,6,2,"
6.5697,heen,250,MM0 ?T
6.5697,heen,250,MM1 ?T
6.5697,heen,250,MM0 T=35:34
6.5697,heen,250,MM1 T=36:34
6.5697,heen,250,MM0 !M 250 -250
6.5697,heen,250,MM1 !M 250 -250
6.5697,heen,250,MM0 +
6.5697,heen,250,MM1 +
6.5697,heen,250,"#220,YAW,-0.48,GYRO,51,217,8,ACC,-16,-14,238,ADC,1248,383,4,2,"
6.5698,heen,250,MM0 ?V
6.5698,heen,250,MM1 ?V
6.5698,heen,250,MM0 V=120:222:4905
6.5698,heen,250,MM1 V=120:221:4900
6.6217,heen,250,"$GPRMC,135750.2,A,5050.50951,N,00419.37140,E,000.19,207.4,081026,000.4,E*5A"
6.6218,heen,250,"#221,YAW,-0.48,GYRO,-11,-123,14,ACC,53,-26,105,ADC,1259,396,4,2,"
6.6218,heen,250,MM0 ?CR
6.6218,heen,250,MM1 ?CR
6.6218,heen,250,MM0 CR=57:-57
6.6218,heen,250,MM1 CR=57:-57
6.6218,heen,250,MM0 !M 251 -249
6.6218,heen,250,MM1 !M 251 -249
6.6218,heen,250,MM0 +
6.6218,heen,250,MM1 +
6.6218,heen,250,"#222,YAW,-0.48,GYRO,-28,125,-2,ACC,26,-4,210,ADC,1257,318,5,2,"
6.6218,heen,250,MM1 ?A
6.6218,heen,250,MM0 ?A
6.6218,heen,250,MM0 A=3:-3
6.6219,heen,250,MM1 A=7:-3
6.6735,heen,250,"#223,YAW,-0.48,GYRO,-180,-146,7,ACC,3,9,721,ADC,1279,500,4,2,"
6.6736,heen,250,MM0 ?AI
6.6736,heen,250,MM1 ?AI
6.6736,heen,250,MM0 AI=0:0:2454:2478:0:0
6.6736,heen,250,MM1 AI=0:0:2385:2382:0:0
6.6736,heen,250,"#224,YAW,-0.48,GYRO,18,-104,11,ACC,-17,-12,123,ADC,1242,396,4,1,"
6.6736,heen,250,MM0 ?C
6.6736,heen,250,MM1 ?C
6.6736,heen,250,MM0 C=-641:-1295
6.6736,heen,250,MM1 C=-603:-1413
6.6737,heen,250,"#225,YAW,-0.48,GYRO,23,17,23,ACC,34,-9,76,ADC,1240,386,4,2,"
6.6738,heen,250,MM0 ?D
6.6738,heen,250,MM1 ?D
6.6738,heen,250,MM1 D=17
6.6738,heen,250,MM0 D=2
6.7237,heen,250,"#226,YAW,-0.48,GYRO,10,247,6,ACC,30,20,192,ADC,1211,384,4,2,"
6.7238,heen,250,MM0 ?FF
6.7238,heen,250,MM1 ?FF
6.7238,heen,250,MM0 FF=0
6.7238,heen,250,MM1 FF=0
6.7238,heen,250,MM0 !M 251 -249
6.7238,heen,250,MM1 !M 251 -249
6.7238,heen,250,MM0 +
6.7238,heen,250,MM1 +
6.7238,heen,250,MM0 PING
6.7238,heen,250,MM1 PING
6.7238,heen,250,MM0 !M 252 -248
6.7238,heen,250,MM1 !M 252 -248
6.7238,heen,250,MM1 +
6.7238,heen,250,MM0 +
6.7238,heen,250,"#227,YAW,-0.48,GYRO,-49,-36,1,ACC,-45,13,709,ADC,1227,307,6,2,"
6.7239,heen,250,MM0 ?P
6.7239,heen,250,MM1 ?P
6.7239,heen,250,MM0 P=252:-248
6.7239,heen,250,MM1 P=252:-248
6.7739,heen,250,"#228,YAW,-0.48,GYRO,63,101,-16,ACC,10,0,144,ADC,1294,502,6,2,"
6.7739,heen,250,MM0 ?S
6.7739,heen,250,MM1 ?S
6.7739,heen,250,MM0 S=225:-225
6.7739,heen,250,MM1 S=225:-150
6.7739,heen,250,"#229,YAW,-0.48,GYRO,7,-103,-4,ACC,19,-59,144,ADC,1229,392,6,2,"
6.7740,heen,250,MM0 ?T
6.7740,heen,250,MM1 ?T
6.7740,heen,250,MM0 T=35:35
6.7740,heen,250,MM1 T=36:34
6.7740,heen,250,"#230,YAW,-0.48,GYRO,97,242,5,ACC,22,-10,241,ADC,1303,389,3,1,"
6.7740,heen,250,MM0 ?V
6.7740,heen,250,MM1 ?V
6.7740,heen,250,MM0 V=120:222:4906
6.7740,heen,250,MM1 V=120:222:4900
6.8285,heen,250,"$GPRMC,135750.4,A,5050.50950,N,00419.37140,E,000.24,207.4,081026,000.4,E*53"
6.8285,heen,250,"#231,YAW,-0.48,GYRO,-19,-218,43,ACC,-16,38,596,ADC,1259,504,4,2,"
6.8286,heen,250,MM0 ?CR
6.8286,heen,250,MM0 CR=58:-58
6.8286,heen,250,MM1 ?CR
6.8286,heen,250,MM1 CR=58:-58
6.8286,heen,250,MM1 !M 252 -248
6.8286,heen,250,MM0 !M 252 -248
6.8286,heen,250,MM1 +
6.8286,heen,250,MM0 +
6.8286,heen,250,MM0 PING
6.8286,heen,250,MM1 PING
6.8286,heen,250,"#232,YAW,-0.48,GYRO,89,225,16,ACC,-5,7,148,ADC,1220,380,6,2,"
6.8286,heen,250,MM0 ?A
6.8286,heen,250,MM0 A=3:-3
6.8286,heen,250,MM1 ?A
6.8286,heen,250,MM1 A=7:-3
6.8286,heen,250,MM0 !M 252 -248
6.8286,heen,250,MM1 !M 252 -248
6.8286,heen,250,MM0 +
6.8286,heen,250,MM1 +
6.8286,heen,250,"#233,YAW,-0.48,GYRO,-3,12,7,ACC,34,0,91,ADC,1282,501,4,1,"
6.8286,heen,250,MM0 ?AI
6.8286,heen,250,MM1 ?AI
6.8287,heen,250,MM0 AI=0:0:2450:2442:0:0
6.8625,heen,250,MM1 AI=0:0:2364:2368:0:0
6.8625,heen,250,MM0 !M 252 -248
6.8625,heen,250,MM1 !M 252 -248
6.8625,heen,250,MM0 +
6.8625,heen,250,MM1 +
6.8625,heen,250,"#234,YAW,-0.48,GYRO,51,176,-24,ACC,-2,-21,224,ADC,1237,303,6,2,"
6.8625,heen,250,MM0 ?C
6.8625,heen,250,MM1 ?C
6.8625,heen,250,MM0 C=-583:-1352
6.8625,heen,250,MM1 C=-545:-1470
6.8835,heen,250,"#235,YAW,-0.48,GYRO,-46,-57,-6,ACC,-20,9,528,ADC,1281,488,7,2,"
6.8835,heen,250,MM0 ?D
6.8835,heen,250,MM1 ?D
6.8835,heen,250,MM0 D=41
6.8835,heen,250,MM1 D=3
6.9173,heen,250,"#236,YAW,-0.48,GYRO,19,96,-38,ACC,-7,13,208,ADC,1263,393,7,2,"
6.9174,heen,250,MM0 ?FF
6.9174,heen,250,MM1 ?FF
6.9174,heen,250,MM0 FF=0
6.9174,heen,250,MM1 FF=0
6.9174,heen,250,MM0 !M 253 -247
6.9174,heen,250,MM1 !M 253 -247
6.9174,heen,250,MM0 +
6.9174,heen,250,MM1 +
6.9174,heen,250,"#237,YAW,-0.48,GYRO,-60,-53,-44,ACC,13,-10,196,ADC,1268,499,5,1,"
6.9174,heen,250,MM0 ?P
6.9174,heen,250,MM1 ?P
6.9174,heen,250,MM0 P=253:-247
6.9175,heen,250,MM1 P=253:-247
6.9384,heen,250,"#238,YAW,-0.48,GYRO,71,145,-29,ACC,10,-21,184,ADC,1237,390,4,2,"
6.9384,heen,250,MM0 ?S
6.9384,heen,250,MM1 ?S
6.9386,heen,250,MM0 S=225:-225
6.9386,heen,250,MM1 S=225:-225
6.9727,heen,250,"#239,YAW,-0.48,GYRO,-58,75,-26,ACC,-1,-10,451,ADC,1249,388,6,2,"
6.9728,heen,250,MM0 ?T
6.9728,heen,250,MM1 ?T
6.9728,heen,250,MM0 T=35:34
6.9728,heen,250,MM1 T=36:34
6.9728,heen,250,"#240,YAW,-0.48,GYRO,-32,43,-46,ACC,-6,31,198,ADC,1221,384,5,1,"
6.9728,heen,250,MM0 ?V
6.9728,heen,250,MM1 ?V
6.9728,heen,250,MM0 V=120:223:4904
6.9728,heen,250,MM1 V=120:221:4900
6.9936,heen,250,"$GPRMC,135750.6,A,5050.50949,N,00419.37142,E,000.31,207.4,081026,000.4,E*5F"
6.9936,heen,250,"#241,YAW,-0.48,GYRO,7,13,-29,ACC,1,-3,185,ADC,1249,501,7,1,"
6.9936,heen,250,MM0 ?CR
6.9936,heen,250,MM1 ?CR
6.9936,heen,250,MM0 CR=58:-57
6.9936,heen,250,MM1 CR=57:-56
6.9936,heen,250,MM1 !M 252 -248
6.9936,heen,250,MM0 !M 252 -248
6.9936,heen,250,MM1 +
6.9936,heen,250,MM0 +
6.9936,heen,250,MM0 PING
7.0345,heen,250,MM1 PING
7.0345,heen,250,"#242,YAW,-0.48,GYRO,53,186,-6,ACC,25,-6,127,ADC,1249,386,6,2,"
7.0345,heen,250,MM0 ?A
7.0345,heen,250,MM1 ?A
7.0345,heen,250,MM0 A=3:-3
7.0345,heen,250,MM1 A=7:-3
7.0345,heen,250,MM1 !M 251 -249
7.0345,heen,250,MM0 !M 251 -249
7.0345,heen,250,MM1 +
7.0345,heen,250,MM0 +
7.0345,heen,250,"#243,YAW,-0.48,GYRO,-162,-45,14,ACC,-76,2,634,ADC,1223,384,6,2,"
7.0345,heen,250,MM0 ?AI
7.0345,heen,250,MM1 ?AI
7.0345,heen,250,MM0 AI=0:0:2450:2462:0:0
7.0345,heen,250,MM1 AI=0:0:2353:2388:0:0
7.0707,heen,250,"#244,YAW,-0.48,GYRO,-30,-68,-18,ACC,1,50,155,ADC,1262,380,3,2,"
7.0708,heen,250,MM0 ?C
7.0708,heen,250,MM1 ?C
7.0708,heen,250,MM0 C=-525:-1410
7.0708,heen,250,MM1 C=-487:-1527
7.0709,heen,250,MM0 !M 251 -249
7.0709,heen,250,MM1 !M 251 -249
7.0709,heen,250,MM0 +
7.0709,heen,250,MM1 +
7.0709,heen,250,"#245,YAW,-0.48,GYRO,-5,5,12,ACC,-8,-19,165,ADC,1197,381,5,2,"
7.0709,heen,250,MM0 ?D
7.0709,heen,250,MM1 ?D
7.0709,heen,250,MM0 D=58
7.0709,heen,250,MM1 D=32
7.0900,heen,250,"#246,YAW,-0.48,GYRO,30,232,15,ACC,26,-10,126,ADC,1257,502,6,2,"
7.0900,heen,250,MM0 ?FF
7.0900,heen,250,MM1 ?FF
7.0900,heen,250,MM0 FF=0
7.0900,heen,250,MM1 FF=0
7.1247,heen,250,MM0 !M 252 -248
7.1247,heen,250,MM1 !M 252 -248
7.1247,heen,250,MM0 +
7.1247,heen,250,MM1 +
7.1247,heen,250,"#247,YAW,-0.48,GYRO,-78,-94,26,ACC,-92,25,638,ADC,1248,306,4,2,"
7.1247,heen,250,MM0 ?P
7.1247,heen,250,MM1 ?P
7.1247,heen,250,MM0 P=252:-248
7.1247,heen,250,MM1 P=252:-248
7.1247,heen,250,"#248,YAW,-0.48,GYRO,12,-67,-12,ACC,-22,19,153,ADC,1266,502,5,2,"
7.1785,heen,250,MM0 ?S
7.1785,heen,250,MM1 ?S
7.1785,heen,250,MM0 S=225:-150
7.1785,heen,250,MM1 S=225:-150
7.1785,heen,250,"#249,YAW,-0.48,GYRO,31,-35,-16,ACC,4,-10,150,ADC,1270,385,7,2,"
7.1785,heen,250,MM0 ?T
7.1785,heen,250,MM1 ?T
7.1785,heen,250,MM0 T=35:34
7.1785,heen,250,MM1 T=36:34
7.1786,heen,250,MM0 !M 252 -248
7.1786,heen,250,MM1 !M 252 -248
7.1786,heen,250,MM0 +
7.1786,heen,250,MM1 +
7.1786,heen,250,"#250,YAW,-0.48,GYRO,-3,262,-16,ACC,4,-7,167,ADC,1274,392,5,1,"
7.1786,heen,250,MM0 ?V
7.1786,heen,250,MM1 ?V
7.1786,heen,250,MM0 V=120:222:4906
7.1786,heen,250,MM1 V=120:222:4900
7.1786,heen,250,"$GPRMC,135750.8,A,5050.50947,N,00419.37144,E,000.35,207.4,081026,000.4,E*5D"
7.2267,heen,250,"#251,YAW,-0.48,GYRO,-20,81,5,ACC,3,39,419,ADC,1284,503,5,2,"
7.2267,heen,250,MM0 ?CR
7.2267,heen,250,MM1 ?CR
7.2267,heen,250,MM0 CR=57:-57
7.2267,heen,250,MM1 CR=57:-57
7.2267,heen,250,"#252,YAW,-0.48,GYRO,-52,-50,2,ACC,-14,27,326,ADC,1271,382,5,2,"
7.2267,heen,250,MM0 !M 252 -248
7.2267,heen,250,MM0 +
7.2268,heen,250,MM1 !M 252 -248
7.2268,heen,250,MM1 +
7.2268,heen,250,MM0 ?A
7.2268,heen,250,MM1 ?A
7.2268,heen,250,MM1 A=7:-3
7.2268,heen,250,MM0 A=3:0
7.2268,heen,250,"#253,YAW,-0.48,GYRO,34,78,12,ACC,10,-9,167,ADC,1221,383,5,2,"
7.2268,heen,250,MM0 ?AI
7.2268,heen,250,MM1 ?AI
7.2474,heen,250,MM0 AI=0:0:2439:2456:0:0
7.2474,heen,250,MM1 AI=0:0:2370:2396:0:0
7.2474,heen,250,"#254,YAW,-0.48,GYRO,15,182,16,ACC,40,-19,102,ADC,1257,501,5,2,"
7.2475,heen,250,MM0 ?C
7.2475,heen,250,MM1 ?C
7.2475,heen,250,MM0 C=-468:-1466
7.2815,heen,250,MM1 C=-431:-1584
7.2816,heen,250,MM1 !M 253 -247
7.2816,heen,250,MM0 !M 253 -247
7.2816,heen,250,MM1 +
7.2816,heen,250,MM0 +
7.2816,heen,250,"#255,YAW,-0.48,GYRO,-18,50,9,ACC,30,-62,358,ADC,1252,373,4,2,"
7.2817,heen,250,MM0 ?D
7.2817,heen,250,MM1 ?D
7.2817,heen,250,MM0 D=24
7.2817,heen,250,MM1 D=49
7.3154,heen,250,"#0,YAW,-0.48,GYRO,-7,72,-8,ACC,-5,13,322,ADC,1234,383,6,2,"
7.3155,heen,250,MM0 ?FF
7.3155,heen,250,MM1 ?FF
7.3155,heen,250,MM0 FF=0
7.3155,heen,250,MM1 FF=0
7.3155,heen,250,"#1,YAW,-0.48,GYRO,48,191,-24,ACC,-12,-15,191,ADC,1219,495,4,1,"
7.3155,heen,250,MM0 ?P
7.3155,heen,250,MM1 ?P
7.3155,heen,250,MM0 P=253:-247
7.3155,heen,250,MM1 P=253:-247
7.3381,heen,250,"#2,YAW,-0.48,GYRO,-24,97,-25,ACC,38,-1,68,ADC,1204,380,4,1,"
7.3381,heen,250,MM0 ?S
7.3381,heen,250,MM1 ?S
7.3381,heen,250,MM0 S=225:-225
7.3381,heen,250,MM1 S=225:-225
7.3728,heen,250,"#3,YAW,-0.48,GYRO,-72,-26,-23,ACC,-182,7,393,ADC,1245,384,6,2,"
7.3728,heen,250,MM0 ?T
7.3728,heen,250,MM1 ?T
7.3728,heen,250,MM0 T=35:34
7.3728,heen,250,MM1 T=36:34
7.3728,heen,250,MM1 !M 253 -247
7.3728,heen,250,MM0 !M 253 -247
7.3728,heen,250,MM1 +
7.3729,heen,250,MM0 +
7.3729,heen,250,MM1 PING
7.3729,heen,250,MM0 PING
7.3729,heen,250,"#4,YAW,-0.48,GYRO,-47,51,-41,ACC,-4,21,252,ADC,1251,386,5,1,"
7.3729,heen,250,MM0 ?V
7.3729,heen,250,MM1 ?V
7.3729,heen,250,MM0 V=120:223:4904
7.3729,heen,250,MM1 V=120:222:4899
7.3938,heen,250,"$GPRMC,135751.0,A,5050.50946,N,00419.37146,E,000.39,207.4,081026,000.4,E*5B"
7.3938,heen,250,"#5,YAW,-0.48,GYRO,35,-10,-27,ACC,-15,-19,205,ADC,1239,384,6,2,"
7.3938,heen,250,MM0 ?CR
7.3938,heen,250,MM1 ?CR
7.3938,heen,250,MM0 CR=59:-58
7.3938,heen,250,MM1 CR=59:-58
7.3938,heen,250,MM1 !M 253 -247
7.3938,heen,250,MM0 !M 253 -247
7.3938,heen,250,MM1 +
7.3938,heen,250,MM0 +
7.3938,heen,250,MM0 PING
7.4276,heen,250,MM1 PING
7.4276,heen,250,"#6,YAW,-0.52,GYRO,-35,123,-15,ACC,32,-7,73,ADC,1279,502,6,2,"
7.4277,heen,250,MM0 ?A
7.4277,heen,250,MM1 ?A
7.4277,heen,250,MM0 A=0:-3
7.4277,heen,250,MM1 A=7:-3
7.4277,heen,250,MM0 !M 252 -248
7.4277,heen,250,MM1 !M 252 -248
7.4277,heen,250,MM0 +
7.4277,heen,250,MM1 +
7.4277,heen,250,"#7,YAW,-0.52,GYRO,41,29,-4,ACC,18,-90,432,ADC,1236,503,7,2,"
7.4277,heen,250,MM0 ?AI
7.4277,heen,250,MM1 ?AI
7.4813,heen,250,MM0 AI=0:0:2469:2448:0:0
7.4813,heen,250,MM1 AI=0:0:2371:2361:0:0
7.4813,heen,250,"#8,YAW,-0.52,GYRO,-127,68,2,ACC,-16,38,336,ADC,1235,384,5,2,"
7.4813,heen,250,MM0 ?C
7.4813,heen,250,MM1 ?C
7.4814,heen,250,MM0 C=-409:-1524
7.4814,heen,250,MM1 C=-372:-1641
7.4815,heen,250,MM0 !M 252 -248
7.4815,heen,250,MM1 !M 252 -248
7.4815,heen,250,MM0 +
7.4815,heen,250,MM1 +
7.4815,heen,250,"#9,YAW,-0.52,GYRO,35,-79,-4,ACC,4,10,176,ADC,1234,391,4,2,"
7.4815,heen,250,MM0 ?D
7.4815,heen,250,MM1 ?D
7.4815,heen,250,MM0 D=34
7.4815,heen,250,MM1 D=0
7.5295,heen,250,"#10,YAW,-0.52,GYRO,13,211,0,ACC,31,8,38,ADC,1250,499,4,2,"
7.5296,heen,250,MM0 ?FF
7.5296,heen,250,MM1 ?FF
7.5296,heen,250,MM0 FF=0
7.5296,heen,250,MM1 FF=0
7.5296,heen,250,"#11,YAW,-0.52,GYRO,-18,175,-22,ACC,-4,70,467,ADC,1272,391,5,2,"
7.5296,heen,250,MM0 ?P
7.5296,heen,250,MM1 ?P
7.5296,heen,250,MM0 P=252:-248
7.5296,heen,250,MM1 P=252:-248
7.5296,heen,250,MM0 !M 252 -248
7.5296,heen,250,MM1 !M 252 -248
7.5296,heen,250,MM0 +
7.5296,heen,250,MM1 +
7.5296,heen,250,"#12,YAW,-0.52,GYRO,-203,-160,-5,ACC,-24,-98,111,ADC,1282,383,7,2,"
7.5297,heen,250,MM0 ?S
7.5297,heen,250,MM1 ?S
7.5297,heen,250,MM0 S=225:-225
7.5297,heen,250,MM1 S=150:-225
7.5797,heen,250,"#13,YAW,-0.52,GYRO,174,350,-16,ACC,-97,-13,221,ADC,1266,385,4,1,"
7.5797,heen,250,MM0 ?T
7.5797,heen,250,MM1 ?T
7.5798,heen,250,MM0 T=35:34
7.5798,heen,250,MM1 T=36:34
7.5798,heen,250,MM0 !M 252 -248
7.5798,heen,250,MM1 !M 252 -248
7.5798,heen,250,MM1 +
7.5798,heen,250,MM0 +
7.5798,heen,250,"#14,YAW,-0.52,GYRO,-66,183,-13,ACC,-22,21,178,ADC,1278,500,5,2,"
7.5798,heen,250,MM0 ?V
7.5798,heen,250,MM1 ?V
7.5798,heen,250,MM0 V=120:222:4905
7.5798,heen,250,MM1 V=120:223:4898
7.5798,heen,250,"$GPRMC,135751.2,A,5050.50944,N,00419.37149,E,000.43,207.4,081026,000.4,E*59"
7.6296,heen,250,"#15,YAW,-0.52,GYRO,120,-61,-6,ACC,-65,26,291,ADC,1286,502,7,2,"
7.6296,heen,250,MM1 ?CR
7.6296,heen,250,MM0 ?CR
7.6296,heen,250,MM1 CR=54:-53
7.6296,heen,250,MM0 CR=54:-54
7.6296,heen,250,"#16,YAW,-0.56,GYRO,-139,68,-27,ACC,-112,45,231,ADC,1270,500,3,1,"
7.6296,heen,250,MM0 ?A
7.6296,heen,250,MM1 ?A
7.6296,heen,250,MM0 A=19:-19
7.6296,heen,250,MM1 A=23:-19
7.6296,heen,250,MM0 !M 252 -248
7.6297,heen,250,MM1 !M 252 -248
7.6297,heen,250,MM1 +
7.6297,heen,250,MM0 +
7.6297,heen,250,"#17,YAW,-0.56,GYRO,73,84,-16,ACC,-37,-5,154,ADC,1223,380,5,2,"
7.6297,heen,250,MM0 ?AI
7.6297,heen,250,MM1 ?AI
7.6297,heen,250,MM0 AI=0:0:2446:2467:0:0
7.6504,heen,250,MM1 AI=0:0:2266:2363:0:0
7.6504,heen,250,"#18,YAW,-0.56,GYRO,-121,-56,-26,ACC,-85,-21,381,ADC,1281,396,6,2,"
7.6505,heen,250,MM0 ?C
7.6505,heen,250,MM1 ?C
7.6505,heen,250,MM0 C=-361:-1572
7.6505,heen,250,MM1 C=-324:-1688
7.6918,heen,250,"#19,YAW,-0.56,GYRO,34,162,4,ACC,-48,-30,246,ADC,1262,393,6,2,"
7.6918,heen,250,MM0 ?D
7.6919,heen,250,MM1 ?D
7.6919,heen,250,MM0 D=48
7.6919,heen,250,MM1 D=11
7.6919,heen,250,"#20,YAW,-0.56,GYRO,-72,-29,-12,ACC,-41,5,222,ADC,1299,502,4,1,"
7.6919,heen,250,MM0 ?FF
7.6919,heen,250,MM1 ?FF
7.6919,heen,250,MM0 FF=0
7.6919,heen,250,MM1 FF=0
7.7116,heen,250,"#21,YAW,-0.56,GYRO,20,143,-19,ACC,-27,16,232,ADC,1248,389,4,2,"
7.7117,heen,250,MM0 ?P
7.7117,heen,250,MM1 ?P
7.7117,heen,250,MM0 P=252:-248
7.7117,heen,250,MM1 P=252:-248
7.7117,heen,250,MM0 !M 251 -249
7.7117,heen,250,MM1 !M 251 -249
7.7325,heen,250,MM0 +
7.7325,heen,250,MM1 +
7.7325,heen,250,MM0 PING
7.7325,heen,250,MM1 PING
7.7325,heen,250,MM0 !M 251 -249
7.7325,heen,250,MM1 !M 251 -249
7.7325,heen,250,MM0 +
7.7325,heen,250,MM1 +
7.7325,heen,250,"#22,YAW,-0.56,GYRO,-21,0,1,ACC,-23,-10,281,ADC,1232,379,8,1,"
7.7325,heen,250,MM0 ?S
7.7325,heen,250,MM1 ?S
7.7325,heen,250,MM0 S=75:-75
7.7325,heen,250,MM1 S=75:-75
7.7817,heen,250,"#23,YAW,-0.56,GYRO,-7,-23,9,ACC,-14,-6,231,ADC,1263,499,4,1,"
7.7817,heen,250,MM0 ?T
7.7817,heen,250,MM1 ?T
7.7817,heen,250,MM0 T=35:35
7.7817,heen,250,MM1 T=36:34
7.7817,heen,250,MM1 !M 251 -249
7.7817,heen,250,MM0 !M 251 -249
7.7817,heen,250,MM1 +
7.7817,heen,250,MM0 +
7.7817,heen,250,"#24,YAW,-0.56,GYRO,-23,58,-9,ACC,-17,5,300,ADC,1243,384,6,1,"
7.7818,heen,250,MM0 ?V
7.7818,heen,250,MM1 ?V
7.7818,heen,250,MM0 V=120:221:4904
7.7818,heen,250,MM1 V=120:221:4899
7.7818,heen,250,"$GPRMC,135751.4,A,5050.50943,N,00419.37152,E,000.48,207.4,081026,000.4,E*59"
7.8338,heen,250,"#25,YAW,-0.56,GYRO,-23,-24,-21,ACC,-18,15,247,ADC,1281,394,5,2,"
7.8339,heen,250,MM1 ?CR
7.8339,heen,250,MM0 ?CR
7.8339,heen,250,MM1 CR=28:-27
7.8339,heen,250,MM0 CR=27:-27
7.8339,heen,250,"#26,YAW,-0.60,GYRO,-22,20,-13,ACC,-15,8,237,ADC,1247,387,4,2,"
7.8339,heen,250,MM0 ?A
7.8339,heen,250,MM1 ?A
7.8339,heen,250,MM0 A=43:-47
7.8339,heen,250,MM1 A=39:-47
7.8339,heen,250,"#27,YAW,-0.60,GYRO,-29,31,-14,ACC,-26,1,272,ADC,1296,492,5,2,"
7.8339,heen,250,MM1 ?AI
7.8339,heen,250,MM0 ?AI
7.8339,heen,250,MM1 AI=0:0:2384:2387:0:0
7.8339,heen,250,MM0 AI=0:0:2444:2450:0:0
7.8834,heen,250,"#28,YAW,-0.60,GYRO,-12,16,-21,ACC,-22,1,259,ADC,1250,385,7,2,"
7.8834,heen,250,MM0 ?C
7.8835,heen,250,MM0 C=-340:-1592
7.8835,heen,250,MM1 ?C
7.8835,heen,250,MM1 C=-302:-1709
7.8836,heen,250,MM0 !M 252 -248
7.8836,heen,250,MM1 !M 252 -248
7.8836,heen,250,MM0 +
7.8836,heen,250,MM1 +
7.8836,heen,250,MM0 PING
7.8837,heen,250,MM1 PING
7.8837,heen,250,"#29,YAW,-0.60,GYRO,-15,27,-31,ACC,-20,17,267,ADC,1260,502,6,2,"
7.8837,heen,250,MM0 ?D
7.8837,heen,250,MM1 ?D
7.8837,heen,250,MM0 D=32
7.8837,heen,250,MM1 D=19
7.9343,heen,250,"#30,YAW,-0.60,GYRO,-1,13,-22,ACC,-7,16,251,ADC,1247,381,6,2,"
7.9344,heen,250,MM1 ?FF
7.9344,heen,250,MM0 ?FF
7.9344,heen,250,MM1 FF=0
7.9344,heen,250,MM0 FF=0
7.9344,heen,250,MM0 !M 251 -249
7.9344,heen,250,MM1 !M 251 -249
7.9344,heen,250,MM0 +
7.9344,heen,250,MM1 +
7.9344,heen,250,MM1 PING
7.9344,heen,250,MM0 PING
7.9344,heen,250,"#31,YAW,-0.60,GYRO,-20,22,-5,ACC,-1,14,260,ADC,1250,306,6,1,"
7.9344,heen,250,MM0 ?P
7.9344,heen,250,MM1 ?P
7.9344,heen,250,MM0 P=251:-249
7.9344,heen,250,MM1 P=251:-249
7.9344,heen,250,MM1 !M 251 -249
7.9344,heen,250,MM0 !M 251 -249
7.9344,heen,250,MM1 +
7.9344,heen,250,MM0 +
7.9344,heen,250,"#32,YAW,-0.60,GYRO,-18,66,8,ACC,-11,0,265,ADC,1205,380,4,1,"
7.9345,heen,250,MM0 ?S
7.9345,heen,250,MM1 ?S
7.9345,heen,250,MM1 S=75:0
7.9345,heen,250,MM0 S=75:-75
7.9940,heen,250,"#33,YAW,-0.60,GYRO,-15,78,-5,ACC,-11,-7,239,ADC,1227,384,6,2,"
7.9940,heen,250,MM1 ?T
7.9940,heen,250,MM0 ?T
7.9940,heen,250,MM1 T=36:34
7.9940,heen,250,MM0 T=35:34
7.9940,heen,250,"#34,YAW,-0.60,GYRO,-30,21,-16,ACC,-1,0,261,ADC,1250,382,7,1,"
7.9940,heen,250,MM0 !M 251 -249
7.9940,heen,250,MM0 +
7.9940,heen,250,MM1 !M 251 -249
7.9940,heen,250,MM1 +
7.9940,heen,250,MM0 ?V
7.9940,heen,250,MM1 ?V
7.9940,heen,250,MM0 V=120:221:4905
7.9940,heen,250,MM1 V=120:218:4897
7.9940,heen,250,"$GPRMC,135751.6,A,5050.50941,N,00419.37155,E,000.51,208.3,081026,000.4,E*5E"
7.9941,heen,250,"#35,YAW,-0.60,GYRO,-14,64,-4,ACC,-2,0,264,ADC,1222,355,5,2,"
7.9941,heen,250,MM1 ?CR
8.0075,heen,250,MM0 ?CR
8.0076,heen,250,MM1 CR=14:-13
8.0076,heen,250,MM0 CR=14:-13
8.0076,heen,250,"#36,YAW,-0.64,GYRO,-16,62,-15,ACC,-15,4,249,ADC,1251,500,5,2,"
8.0076,heen,250,MM0 ?A
8.0076,heen,250,MM1 ?A
8.0076,heen,250,MM0 A=51:-59
8.0286,heen,250,MM1 A=51:-47
8.0286,heen,250,MM0 !M 251 -249
8.0286,heen,250,MM1 !M 251 -249
8.0286,heen,250,MM0 +
8.0286,heen,250,MM1 +
8.0286,heen,250,"#37,YAW,-0.64,GYRO,-19,24,13,ACC,9,3,265,ADC,1262,383,5,3,"
8.0286,heen,250,MM1 ?AI
8.0286,heen,250,MM0 ?AI
8.0286,heen,250,MM1 AI=0:0:2373:2384:0:0
8.0545,heen,250,MM0 AI=0:0:2442:2460:0:0
8.0545,heen,250,"#38,YAW,-0.64,GYRO,-22,45,-1,ACC,-27,6,256,ADC,1254,390,4,2,"
8.0546,heen,250,MM1 ?C
8.0546,heen,250,MM0 ?C
8.0546,heen,250,MM1 C=-291:-1719
8.0546,heen,250,MM0 C=-329:-1603
8.0884,heen,250,"#39,YAW,-0.64,GYRO,-14,5,21,ACC,9,-2,255,ADC,1246,386,4,2,"
8.0885,heen,250,MM0 ?D
8.0885,heen,250,MM0 D=19
8.0885,heen,250,MM1 ?D
8.0885,heen,250,MM1 D=32
8.0885,heen,250,MM1 !M 251 -249
8.0885,heen,250,MM0 !M 251 -249
8.0885,heen,250,MM0 +
8.0885,heen,250,MM1 +
8.0885,heen,250,"#40,YAW,-0.64,GYRO,-25,26,-10,ACC,-3,9,254,ADC,1246,386,6,2,"
8.0885,heen,250,MM1 ?FF
8.0885,heen,250,MM0 ?FF
8.0885,heen,250,MM1 FF=0
8.0885,heen,250,MM0 FF=0
8.1226,heen,250,MM0 !M 251 -249
8.1227,heen,250,MM0 +
8.1227,heen,250,MM1 !M 251 -249
8.1227,heen,250,MM1 +
8.1227,heen,250,"#41,YAW,-0.64,GYRO,-6,62,3,ACC,19,5,274,ADC,1242,291,5,1,"
8.1227,heen,250,MM1 ?P
8.1227,heen,250,MM0 ?P
8.1227,heen,250,MM1 P=251:-249
8.1227,heen,250,MM0 P=251:-249
8.1429,heen,250,"#42,YAW,-0.64,GYRO,-27,13,-14,ACC,10,2,241,ADC,1283,389,4,2,"
8.1429,heen,250,MM1 ?S
8.1429,heen,250,MM0 ?S
8.1429,heen,250,MM1 S=0:0
8.1429,heen,250,MM0 S=0:0
8.1774,heen,250,"#43,YAW,-0.64,GYRO,-7,95,-14,ACC,9,-12,273,ADC,1238,494,5,1,"
8.1775,heen,250,MM1 ?T
8.1775,heen,250,MM0 ?T
8.1775,heen,250,MM1 T=36:34
8.1775,heen,250,MM0 T=35:35
8.1775,heen,250,MM1 !M 251 -249
8.1775,heen,250,MM0 !M 251 -249
8.1775,heen,250,MM1 +
8.1775,heen,250,MM0 +
8.1775,heen,250,"#44,YAW,-0.64,GYRO,-24,37,-21,ACC,-6,-3,249,ADC,1268,384,4,2,"
8.1775,heen,250,MM1 ?V
8.1775,heen,250,MM0 ?V
8.1775,heen,250,MM1 V=120:220:4898
8.1775,heen,250,MM0 V=120:219:4906
8.1775,heen,250,"$GPRMC,135751.8,A,5050.50939,N,00419.37158,E,000.52,208.3,081026,000.4,E*51"
8.1982,heen,250,"#45,YAW,-0.64,GYRO,-15,90,-26,ACC,-16,3,280,ADC,1261,383,4,2,"
8.1982,heen,250,MM1 ?CR
8.1982,heen,250,MM0 ?CR
8.1982,heen,250,MM1 CR=8:-7
8.1982,heen,250,MM0 CR=8:-7
8.2325,heen,250,"#46,YAW,-0.69,GYRO,-22,7,-13,ACC,-14,2,239,ADC,1247,383,7,1,"
8.2325,heen,250,MM1 ?A
8.2325,heen,250,MM0 ?A
8.2325,heen,250,MM1 A=59:-55
8.2325,heen,250,MM0 A=63:-63
8.2326,heen,250,"#47,YAW,-0.69,GYRO,-19,80,-22,ACC,-41,1,265,ADC,1244,502,5,2,"
8.2326,heen,250,MM1 ?AI
8.2326,heen,250,MM0 ?AI
8.2326,heen,250,MM1 AI=0:0:2364:2379:0:0
8.2326,heen,250,MM0 AI=0:0:2430:2457:0:0
8.2594,heen,250,"#48,YAW,-0.69,GYRO,-17,18,37,ACC,-30,0,253,ADC,1226,398,6,2,"
8.2594,heen,250,MM1 ?C
8.2594,heen,250,MM0 ?C
8.2594,heen,250,MM1 C=-284:-1725
8.2594,heen,250,MM0 C=-322:-1610
8.2748,heen,250,"#49,YAW,-0.69,GYRO,-18,35,33,ACC,-19,0,257,ADC,1225,382,5,2,"
8.2748,heen,250,MM1 ?D
8.2748,heen,250,MM0 ?D
8.2748,heen,250,MM1 D=19
8.2748,heen,250,MM0 D=40
8.2748,heen,250,MM0 !M 251 -249
8.2748,heen,250,MM1 !M 251 -249
8.2748,heen,250,MM0 +
8.2748,heen,250,MM1 +
8.2748,heen,250,MM0 PING
8.2748,heen,250,MM1 PING
8.2953,heen,250,MM0 !M 250 -250
8.2953,heen,250,MM1 !M 250 -250
8.2954,heen,250,MM1 +
8.2954,heen,250,MM0 +
8.2954,heen,250,"#50,YAW,-0.69,GYRO,-15,34,-12,ACC,-4,0,252,ADC,1271,317,6,1,"
8.2954,heen,250,MM1 ?FF
8.2954,heen,250,MM0 ?FF
8.2954,heen,250,MM1 FF=0
8.2954,heen,250,MM0 FF=0
8.3164,heen,250,"#51,YAW,-0.69,GYRO,-12,43,-28,ACC,5,2,259,ADC,1250,391,4,2,"
8.3165,heen,250,MM1 ?P
8.3165,heen,250,MM0 ?P
8.3165,heen,250,MM1 P=250:-250
8.3165,heen,250,MM0 P=250:-250
8.3165,heen,250,MM1 !M 252 -248
8.3165,heen,250,MM0 !M 252 -248
8.3165,heen,250,MM1 +
8.3165,heen,250,MM0 +
8.3374,heen,250,"#52,YAW,-0.69,GYRO,-17,34,-18,ACC,-5,4,245,ADC,1269,387,5,1,"
8.3374,heen,250,MM1 ?S
8.3375,heen,250,MM0 ?S
8.3375,heen,250,MM1 S=0:0
8.3375,heen,250,MM0 S=0:0
8.3617,heen,250,"#53,YAW,-0.69,GYRO,-16,29,15,ACC,15,1,265,ADC,1308,501,4,2,"
8.3618,heen,250,MM1 ?T
8.3618,heen,250,MM0 ?T
8.3618,heen,250,MM1 T=36:34
8.3618,heen,250,MM0 T=35:34
8.3795,heen,250,"#54,YAW,-0.69,GYRO,-8,61,6,ACC,21,-2,254,ADC,1246,495,7,2,"
8.3796,heen,250,MM1 ?V
8.3796,heen,250,MM0 ?V
8.3796,heen,250,MM1 V=120:220:4899
8.3796,heen,250,MM0 V=120:220:4904
8.3796,heen,250,"$GPRMC,135752.0,A,5050.50938,N,00419.37162,E,000.52,208.3,081026,000.4,E*52"
8.4020,heen,250,"#55,YAW,-0.69,GYRO,-15,58,-11,ACC,18,3,263,ADC,1268,391,5,2,"
8.4020,heen,250,MM0 ?CR
8.4020,heen,250,MM1 ?CR
8.4020,heen,250,MM0 CR=1:-2
8.4020,heen,250,MM1 CR=1:-2
8.4215,heen,250,"#56,YAW,-0.74,GYRO,-18,26,7,ACC,32,3,260,ADC,1232,385,5,2,"
8.4216,heen,250,MM0 ?A
8.4216,heen,250,MM0 A=59:-71
8.4216,heen,250,MM1 ?A
8.4216,heen,250,MM1 A=55:-55
8.4216,heen,250,MM1 !M 251 -249
8.4216,heen,250,MM0 !M 251 -249
8.4216,heen,250,MM1 +
8.4216,heen,250,MM0 +
8.4216,heen,250,MM1 PING
8.4216,heen,250,MM0 PING
8.4423,heen,250,"#57,YAW,-0.74,GYRO,-14,14,6,ACC,63,1,276,ADC,1266,419,4,2,"
8.4424,heen,250,MM1 ?AI
8.4424,heen,250,MM0 ?AI
8.4424,heen,250,MM1 AI=0:0:2381:2363:0:0
8.4424,heen,250,MM0 AI=0:0:2455:2456:0:0
8.4828,heen,250,"#58,YAW,-0.74,GYRO,-17,0,-26,ACC,73,0,245,ADC,1260,383,7,1,"
8.4829,heen,250,MM1 ?C
8.4829,heen,250,MM0 ?C
8.4829,heen,250,MM1 C=-283:-1727
8.4829,heen,250,MM0 C=-321:-1611
8.4830,heen,250,MM0 !M 251 -249
8.4830,heen,250,MM1 !M 251 -249
8.4830,heen,250,MM0 +
8.4830,heen,250,MM1 +
8.4830,heen,250,MM0 PING
8.4830,heen,250,MM1 PING
8.4830,heen,250,MM1 !M 251 -249
8.4830,heen,250,MM0 !M 251 -249
8.4830,heen,250,MM1 +
8.4830,heen,250,MM0 +
8.4830,heen,250,"#59,YAW,-0.73,GYRO,-16,74,-21,ACC,88,-2,274,ADC,1242,269,7,1,"
8.4830,heen,250,MM0 ?D
8.4830,heen,250,MM1 ?D
8.4830,heen,250,MM0 D=26
8.4830,heen,250,MM1 D=33
8.5034,heen,250,"#60,YAW,-0.73,GYRO,-10,10,-11,ACC,75,0,236,ADC,1224,385,6,2,"
8.5034,heen,250,MM1 ?FF
8.5035,heen,250,MM0 ?FF
8.5035,heen,250,MM1 FF=0
8.5035,heen,250,MM0 FF=0
8.5462,heen,250,"#61,YAW,-0.73,GYRO,-25,-2,-1,ACC,82,2,265,ADC,1276,397,5,2,"
8.5463,heen,250,MM1 ?P
8.5463,heen,250,MM0 ?P
8.5463,heen,250,MM1 P=251:-249
8.5463,heen,250,MM0 P=251:-249
8.5463,heen,250,MM1 !M 251 -249
8.5463,heen,250,MM0 !M 251 -249
8.5463,heen,250,MM1 +
8.5463,heen,250,MM0 +
8.5463,heen,250,"#62,YAW,-0.74,GYRO,-9,43,20,ACC,70,2,257,ADC,1274,396,4,2,"
8.5463,heen,250,MM1 ?S
8.5463,heen,250,MM0 ?S
8.5463,heen,250,MM0 S=75:-75
8.5463,heen,250,MM1 S=150:-75
8.5666,heen,250,"#63,YAW,-0.74,GYRO,-21,46,21,ACC,63,-1,231,ADC,1198,381,4,2,"
8.5667,heen,250,MM0 ?T
8.5667,heen,250,MM1 ?T
8.5667,heen,250,MM0 T=35:35
8.5667,heen,250,MM1 T=36:34
8.5826,heen,250,"#64,YAW,-0.74,GYRO,-17,117,11,ACC,70,0,259,ADC,1284,386,4,2,"
8.5826,heen,250,MM0 ?V
8.5826,heen,250,MM1 ?V
8.5826,heen,250,MM0 V=120:221:4903
8.5826,heen,250,MM1 V=120:217:4898
8.5826,heen,250,MM0 !M 251 -249
8.5826,heen,250,MM1 !M 251 -249
8.5826,heen,250,MM0 +
8.5826,heen,250,MM1 +
8.5826,heen,250,"$GPRMC,135752.2,A,5050.50936,N,00419.37166,E,000.51,208.3,081026,000.4,E*59"
8.6058,heen,250,"#65,YAW,-0.74,GYRO,-11,127,7,ACC,68,2,228,ADC,1225,283,7,2,"
8.6058,heen,250,MM0 ?CR
8.6058,heen,250,MM1 ?CR
8.6058,heen,250,MM0 CR=18:-20
8.6058,heen,250,MM1 CR=18:-18
8.6396,heen,250,"#66,YAW,-0.78,GYRO,20,53,0,ACC,35,-2,326,ADC,1254,401,6,2,"
8.6396,heen,250,MM0 ?A
8.6396,heen,250,MM1 ?A
8.6396,heen,250,MM0 A=23:-23
8.6396,heen,250,MM1 A=23:-23
8.6396,heen,250,MM0 !M 252 -248
8.6396,heen,250,MM1 !M 252 -248
8.6396,heen,250,MM0 +
8.6396,heen,250,MM1 +
8.6396,heen,250,"#67,YAW,-0.78,GYRO,33,-86,18,ACC,55,-11,234,ADC,1229,380,4,1,"
8.6397,heen,250,MM0 ?AI
8.6397,heen,250,MM1 ?AI
8.6397,heen,250,MM0 AI=0:0:2446:2359:0:0
8.6397,heen,250,MM1 AI=0:0:2376:2359:0:0
8.6905,heen,250,"#68,YAW,-0.78,GYRO,23,34,11,ACC,25,5,297,ADC,1215,384,7,2,"
8.6905,heen,250,MM0 ?C
8.6905,heen,250,MM1 ?C
8.6905,heen,250,MM0 C=-291:-1642
8.6905,heen,250,MM1 C=-254:-1756
8.6906,heen,250,"#69,YAW,-0.79,GYRO,-8,49,9,ACC,21,16,235,ADC,1260,391,5,2,"
8.6906,heen,250,MM0 ?D
8.6907,heen,250,MM1 ?D
8.6907,heen,250,MM0 D=58
8.6907,heen,250,MM1 D=49
8.6907,heen,250,"#70,YAW,-0.79,GYRO,11,187,-6,ACC,41,7,199,ADC,1274,390,6,2,"
8.6907,heen,250,MM0 ?FF
8.6907,heen,250,MM1 ?FF
8.6907,heen,250,MM0 FF=0
8.6907,heen,250,MM1 FF=0
8.7427,heen,250,"#71,YAW,-0.78,GYRO,-27,153,-20,ACC,23,-2,227,ADC,1243,381,7,2,"
8.7427,heen,250,MM0 !M 252 -248
8.7427,heen,250,MM0 +
8.7427,heen,250,MM1 !M 252 -248
8.7427,heen,250,MM1 +
8.7427,heen,250,MM0 PING
8.7427,heen,250,MM1 PING
8.7427,heen,250,MM0 ?P
8.7427,heen,250,MM1 ?P
8.7428,heen,250,MM0 P=252:-248
8.7428,heen,250,MM1 P=252:-248
8.7428,heen,250,"#72,YAW,-0.78,GYRO,36,-71,-19,ACC,24,-3,319,ADC,1217,383,5,2,"
8.7428,heen,250,MM0 ?S
8.7428,heen,250,MM1 ?S
8.7428,heen,250,MM0 S=225:-225
8.7428,heen,250,MM1 S=225:-225
8.7915,heen,250,"#73,YAW,-0.78,GYRO,-6,-11,-29,ACC,17,-2,317,ADC,1252,383,5,2,"
8.7915,heen,250,MM0 ?T
8.7915,heen,250,MM1 ?T
8.7915,heen,250,MM0 T=35:35
8.7915,heen,250,MM1 T=36:34
8.7915,heen,250,MM0 !M 253 -247
8.7915,heen,250,MM1 !M 253 -247
8.7915,heen,250,MM0 +
8.7915,heen,250,MM1 +
8.7915,heen,250,MM1 PING
8.7915,heen,250,MM0 PING
8.7915,heen,250,"#74,YAW,-0.78,GYRO,-2,52,-30,ACC,23,10,205,ADC,1233,380,4,2,"
8.7916,heen,250,MM0 ?V
8.7916,heen,250,MM1 ?V
8.7916,heen,250,MM0 V=120:222:4905
8.7916,heen,250,MM1 V=120:221:4898
8.7916,heen,250,"$GPRMC,135752.4,A,5050.50934,N,00419.37170,E,000.52,208.3,081026,000.4,E*59"
8.7916,heen,250,"#75,YAW,-0.78,GYRO,3,77,-21,ACC,24,5,205,ADC,1230,500,4,1,"
8.7916,heen,250,MM0 ?CR
8.7916,heen,250,MM1 ?CR
8.7916,heen,250,MM0 CR=47:-46
8.7916,heen,250,MM1 CR=47:-46
8.8427,heen,250,"#76,YAW,-0.83,GYRO,11,109,-19,ACC,25,-10,305,ADC,1225,386,5,2,"
8.8428,heen,250,MM0 ?A
8.8428,heen,250,MM0 A=7:-7
8.8428,heen,250,MM1 ?A
8.8428,heen,250,MM1 A=11:-7
8.8428,heen,250,MM0 !M 252 -248
8.8428,heen,250,MM0 +
8.8428,heen,250,MM1 !M 252 -248
8.8428,heen,250,MM1 +
8.8428,heen,250,MM1 PING
8.8428,heen,250,MM0 PING
8.8428,heen,250,"#77,YAW,-0.83,GYRO,1,-39,-16,ACC,-16,3,343,ADC,1298,494,5,1,"
8.8428,heen,250,MM0 ?AI
8.8428,heen,250,MM1 ?AI
8.8428,heen,250,MM0 AI=0:0:2461:2476:0:0
8.8428,heen,250,MM1 AI=0:0:2357:2372:0:0
8.8923,heen,250,"#78,YAW,-0.83,GYRO,-41,115,-31,ACC,-2,0,251,ADC,1210,385,3,2,"
8.8923,heen,250,MM0 ?C
8.8923,heen,250,MM1 ?C
8.8923,heen,250,MM0 C=-241:-1692
8.8923,heen,250,MM1 C=-203:-1806
8.8924,heen,250,MM0 !M 251 -249
8.8924,heen,250,MM1 !M 251 -249
8.8924,heen,250,MM0 +
8.8924,heen,250,MM1 +
8.8924,heen,250,MM0 PING
8.8924,heen,250,MM1 PING
8.8924,heen,250,"#79,YAW,-0.83,GYRO,12,135,-27,ACC,19,1,162,ADC,1225,388,5,2,"
8.8925,heen,250,MM0 ?D
8.8925,heen,250,MM1 ?D
8.8925,heen,250,MM0 D=42
8.8925,heen,250,MM1 D=40
8.8925,heen,250,"#80,YAW,-0.83,GYRO,-75,141,-34,ACC,34,-14,308,ADC,1231,389,4,1,"
8.8925,heen,250,MM0 ?FF
8.8925,heen,250,MM1 ?FF
8.8926,heen,250,MM0 FF=0
8.8926,heen,250,MM1 FF=0
8.9458,heen,250,"#81,YAW,-0.83,GYRO,-95,-195,1,ACC,-22,-6,300,ADC,1240,499,3,1,"
8.9459,heen,250,MM0 ?P
8.9459,heen,250,MM1 ?P
8.9459,heen,250,MM0 P=251:-249
8.9459,heen,250,MM1 P=251:-249
8.9459,heen,250,MM0 !M 251 -249
8.9459,heen,250,MM1 !M 251 -249
8.9459,heen,250,MM0 +
8.9459,heen,250,MM1 +
8.9459,heen,250,MM0 PING
8.9459,heen,250,MM1 PING
8.9459,heen,250,MM0 !M 250 -250
8.9459,heen,250,MM1 !M 250 -250
8.9459,heen,250,MM0 +
8.9459,heen,250,MM1 +
8.9459,heen,250,"#82,YAW,-0.83,GYRO,-44,-45,4,ACC,-1,0,332,ADC,1264,384,5,2,"
8.9459,heen,250,MM0 ?S
8.9459,heen,250,MM1 ?S
8.9459,heen,250,MM0 S=225:-225
8.9459,heen,250,MM1 S=225:-225
8.9459,heen,250,"#83,YAW,-0.83,GYRO,33,178,20,ACC,22,-25,152,ADC,1251,380,5,1,"
8.9460,heen,250,MM0 ?T
8.9460,heen,250,MM1 ?T
8.9975,heen,250,MM0 T=35:35
8.9975,heen,250,MM1 T=36:34
8.9976,heen,250,"#84,YAW,-0.83,GYRO,-71,188,3,ACC,35,-1,174,ADC,1214,391,5,2,"
8.9976,heen,250,MM0 ?V
8.9976,heen,250,MM1 ?V
8.9976,heen,250,MM0 V=120:222:4904
8.9976,heen,250,MM1 V=120:222:4898
8.9976,heen,250,"$GPRMC,135752.6,A,5050.50933,N,00419.37173,E,000.54,208.3,081026,000.4,E*59"
8.9976,heen,250,"#85,YAW,-0.83,GYRO,5,-195,11,ACC,14,-3,385,ADC,1266,501,6,2,"
8.9977,heen,250,MM0 ?CR
8.9977,heen,250,MM1 ?CR
8.9977,heen,250,MM0 CR=56:-55
8.9977,heen,250,MM1 CR=54:-55
9.0326,heen,250,"#86,YAW,-0.88,GYRO,-94,-60,-8,ACC,13,11,295,ADC,1272,393,4,1,"
9.0326,heen,250,MM0 ?A
9.0326,heen,250,MM1 ?A
9.0326,heen,250,MM1 A=8:-3
9.0326,heen,250,MM0 A=4:-11
9.0326,heen,250,MM0 !M 251 -249
9.0326,heen,250,MM1 !M 251 -249
9.0326,heen,250,MM0 +
9.0326,heen,250,MM1 +
9.0326,heen,250,MM0 PING
9.0326,heen,250,MM1 PING
9.0326,heen,250,"#87,YAW,-0.88,GYRO,128,102,11,ACC,35,-13,127,ADC,1278,401,4,2,"
9.0326,heen,250,MM0 ?AI
9.0326,heen,250,MM1 ?AI
9.0326,heen,250,MM0 AI=0:0:2461:2473:0:0
9.0327,heen,250,MM1 AI=0:0:2373:2360:0:0
9.0524,heen,250,"#88,YAW,-0.88,GYRO,-95,282,-14,ACC,12,11,178,ADC,1290,502,5,2,"
9.0524,heen,250,MM0 ?C
9.0524,heen,250,MM1 ?C
9.0524,heen,250,MM0 C=-185:-1748
9.0524,heen,250,MM1 C=-148:-1862
9.0866,heen,250,MM0 !M 251PING
9.0866,heen,250,MM1 !M 251PING
9.0867,heen,250,MM0 +
9.0867,heen,250,MM1 +
9.0867,heen,250,"#89,YAW,-0.88,GYRO,53,22,10,ACC,-24,-18,482,ADC,1255,383,4,2,"
9.0867,heen,250,MM0 !M 252 -248
9.0867,heen,250,MM0 +
9.0867,heen,250,MM1 !M 252 -248
9.0867,heen,250,MM1 +
9.0867,heen,250,MM0 ?D
9.0867,heen,250,MM1 ?D
9.0867,heen,250,MM0 D=34
9.0867,heen,250,MM1 D=0
9.0867,heen,250,"#90,YAW,-0.88,GYRO,-90,-149,17,ACC,-8,6,290,ADC,1234,395,6,2,"
9.0867,heen,250,MM0 ?FF
9.0867,heen,250,MM1 ?FF
9.1078,heen,250,MM0 FF=0
9.1078,heen,250,MM1 FF=0
9.1078,heen,250,"#91,YAW,-0.88,GYRO,58,142,13,ACC,4,-19,150,ADC,1239,386,5,3,"
9.1079,heen,250,MM0 ?P
9.1079,heen,250,MM1 ?P
9.1079,heen,250,MM0 P=252:-248
9.1465,heen,250,MM1 P=252:-248
9.1465,heen,250,MM0 !M 252 -248
9.1465,heen,250,MM1 !M 252 -248
9.1465,heen,250,MM0 +
9.1465,heen,250,MM1 +
9.1465,heen,250,"#92,YAW,-0.88,GYRO,-41,288,-6,ACC,18,10,141,ADC,1284,374,6,2,"
9.1466,heen,250,MM0 ?S
9.1466,heen,250,MM1 ?S
9.1466,heen,250,MM0 S=225:-225
9.1466,heen,250,MM1 S=225:-225
9.1466,heen,250,"#93,YAW,-0.88,GYRO,15,52,-5,ACC,-5,41,551,ADC,1204,384,4,2,"
9.1466,heen,250,MM0 ?T
9.1466,heen,250,MM1 ?T
9.1964,heen,250,MM0 T=35:35
9.1964,heen,250,MM1 T=36:34
9.1964,heen,250,"#94,YAW,-0.88,GYRO,2,-24,4,ACC,-4,4,284,ADC,1262,498,7,2,"
9.1964,heen,250,MM0 ?V
9.1964,heen,250,MM1 ?V
9.1964,heen,250,MM0 V=120:223:4905
9.1964,heen,250,MM1 V=120:223:4898
9.1964,heen,250,"$GPRMC,135752.8,A,5050.50931,N,00419.37178,E,000.52,208.3,081026,000.4,E*58"
9.1964,heen,250,"#95,YAW,-0.88,GYRO,4,143,-19,ACC,1,-3,186,ADC,1233,381,7,1,"
9.1965,heen,250,MM0 ?CR
9.1965,heen,250,MM1 ?CR
9.1965,heen,250,MM0 CR=57:-57
9.1965,heen,250,MM1 CR=58:-57
9.2338,heen,250,"#96,YAW,-0.93,GYRO,-6,266,-19,ACC,31,29,97,ADC,1219,383,5,2,"
9.2338,heen,250,MM0 ?A
9.2338,heen,250,MM1 ?A
9.2339,heen,250,MM0 A=3:-7
9.2339,heen,250,MM1 A=3:-3
9.2339,heen,250,MM0 !M 252 -248
9.2339,heen,250,MM1 !M 252 -248
9.2339,heen,250,MM0 +
9.2339,heen,250,MM1 +
9.2339,heen,250,MM0 PING
9.2339,heen,250,MM1 PING
9.2339,heen,250,"#97,YAW,-0.93,GYRO,-8,-49,-32,ACC,-28,-10,586,ADC,1206,381,6,2,"
9.2339,heen,250,MM0 ?AI
9.2339,heen,250,MM1 ?AI
9.2339,heen,250,MM0 AI=0:0:2444:2464:0:0
9.2339,heen,250,MM1 AI=0:0:2379:2375:0:0
9.2339,heen,250,MM1 !M 252 -248
9.2544,heen,250,MM0 !M 252 -248
9.2544,heen,250,MM1 +
9.2544,heen,250,MM0 +
9.2544,heen,250,"#98,YAW,-0.93,GYRO,-111,72,-46,ACC,-20,35,237,ADC,1251,393,4,1,"
9.2544,heen,250,MM0 ?C
9.2544,heen,250,MM1 ?C
9.2544,heen,250,MM0 C=-127:-1806
9.2545,heen,250,MM1 C=-90:-1919
9.2948,heen,250,"#99,YAW,-0.93,GYRO,82,-106,-24,ACC,8,-32,180,ADC,1251,386,3,1,"
9.2948,heen,250,MM0 ?D
9.2948,heen,250,MM1 ?D
9.2948,heen,250,MM0 D=17
9.2948,heen,250,MM1 D=51
9.2948,heen,250,MM0 !M 251 -249
9.2948,heen,250,MM1 !M 251 -249
9.2948,heen,250,MM0 +
9.2948,heen,250,MM1 +
9.2948,heen,250,"#100,YAW,-0.93,GYRO,-46,371,-30,ACC,-14,29,135,ADC,1277,499,5,2,"
9.2949,heen,250,MM0 ?FF
9.2949,heen,250,MM1 ?FF
9.2949,heen,250,MM0 FF=0
9.2949,heen,250,MM1 FF=0
9.3154,heen,250,"#101,YAW,-0.93,GYRO,127,-149,11,ACC,-49,-25,533,ADC,1269,386,5,2,"
9.3154,heen,250,MM0 ?P
9.3154,heen,250,MM1 ?P
9.3154,heen,250,MM0 P=251:-249
9.3154,heen,250,MM1 P=251:-249
9.3365,heen,250,"#102,YAW,-0.93,GYRO,-142,43,2,ACC,-18,17,290,ADC,1244,388,7,2,"
9.3365,heen,250,MM0 ?S
9.3365,heen,250,MM1 ?S
9.3365,heen,250,MM0 S=225:-225
9.3365,heen,250,MM1 S=225:-225
9.3365,heen,250,MM0 !M 250 -250
9.3576,heen,250,MM1 !M 250 -250
9.3576,heen,250,MM0 +
9.3577,heen,250,MM1 +
9.3577,heen,250,"#103,YAW,-0.93,GYRO,34,-210,9,ACC,22,15,180,ADC,1234,318,5,1,"
9.3577,heen,250,MM0 ?T
9.3577,heen,250,MM1 ?T
9.3577,heen,250,MM0 T=35:35
9.3577,heen,250,MM1 T=36:34
9.3935,heen,250,"#104,YAW,-0.93,GYRO,-9,472,-16,ACC,25,10,130,ADC,1214,386,7,2,"
9.3935,heen,250,MM0 ?V
9.3935,heen,250,MM1 ?V
9.3935,heen,250,MM0 V=120:223:4905
9.3935,heen,250,MM1 V=120:222:4898
9.3935,heen,250,"$GPRMC,135753.0,A,5050.50930,N,00419.37182,E,000.52,208.3,081026,000.4,E*55"
9.3935,heen,250,"#105,YAW,-0.93,GYRO,-11,-216,-13,ACC,-174,-66,803,ADC,1240,384,4,3,"
9.3935,heen,250,MM0 ?CR
9.3936,heen,250,MM1 ?CR
9.3936,heen,250,MM0 CR=59:-59
9.3936,heen,250,MM1 CR=59:-57
9.4146,heen,250,"#106,YAW,-0.97,GYRO,-102,65,-25,ACC,-23,23,123,ADC,1244,395,4,2,"
9.4147,heen,250,MM0 ?A
9.4147,heen,250,MM1 ?A
9.4147,heen,250,MM0 A=0:-3
9.4147,heen,250,MM1 A=4:-3
9.4147,heen,250,MM0 !M 251PING
9.4147,heen,250,MM1 !M 251PING
9.4147,heen,250,MM0 +
9.4147,heen,250,MM1 +
9.4524,heen,250,"#107,YAW,-0.97,GYRO,159,112,-4,ACC,-1,-32,210,ADC,1238,391,4,2,"
9.4524,heen,250,MM0 ?AI
9.4524,heen,250,MM1 ?AI
9.4524,heen,250,MM0 AI=0:0:2454:2465:0:0
9.4524,heen,250,MM1 AI=0:0:2371:2392:0:0
9.4524,heen,250,"#108,YAW,-0.97,GYRO,13,468,3,ACC,32,64,79,ADC,1234,380,5,2,"
9.4524,heen,250,MM0 ?C
9.4524,heen,250,MM1 ?C
9.4525,heen,250,MM0 C=-68:-1864
9.4525,heen,250,MM1 C=-31:-1977
9.4898,heen,250,MM0 !M 251 -249
9.4898,heen,250,MM1 !M 251 -249
9.4898,heen,250,MM0 +
9.4898,heen,250,MM1 +
9.4898,heen,250,MM1 PING
9.4898,heen,250,MM0 PING
9.4898,heen,250,"#109,YAW,-0.98,GYRO,12,-288,7,ACC,22,-2,675,ADC,1249,329,4,2,"
9.4899,heen,250,MM0 ?D
9.4899,heen,250,MM1 ?D
9.4899,heen,250,MM0 D=32
9.4899,heen,250,MM1 D=17
9.4899,heen,250,"#110,YAW,-0.98,GYRO,-42,110,12,ACC,-7,52,266,ADC,1265,389,6,2,"
9.4899,heen,250,MM0 ?FF
9.4899,heen,250,MM1 ?FF
9.4899,heen,250,MM0 FF=0
9.4899,heen,250,MM1 FF=0
9.5107,heen,250,"#111,YAW,-0.98,GYRO,48,-13,21,ACC,25,1,151,ADC,1275,498,4,2,"
9.5107,heen,250,MM0 ?P
9.5107,heen,250,MM1 ?P
9.5107,heen,250,MM0 P=251:-249
9.5108,heen,250,MM1 P=251:-249
9.5108,heen,250,MM0 !M 250 -250
9.5450,heen,250,MM1 !M 250 -250
9.5450,heen,250,MM0 +
9.5450,heen,250,MM1 +
9.5450,heen,250,MM1 PING
9.5450,heen,250,MM0 PING
9.5450,heen,250,MM1 !M 251 -249
9.5450,heen,250,MM0 !M 251 -249
9.5450,heen,250,MM0 +
9.5450,heen,250,MM1 +
9.5450,heen,250,"#112,YAW,-0.98,GYRO,-42,396,-17,ACC,-4,73,90,ADC,1282,287,5,2,"
9.5451,heen,250,MM0 ?S
9.5451,heen,250,MM1 ?S
9.5451,heen,250,MM0 S=225:-225
9.5451,heen,250,MM1 S=225:-225
9.5451,heen,250,"#113,YAW,-0.98,GYRO,-25,-218,-26,ACC,41,-12,469,ADC,1267,395,7,2,"
9.5656,heen,250,MM1 ?T
9.5656,heen,250,MM0 ?T
9.5656,heen,250,MM0 T=35:35
9.5656,heen,250,MM1 T=36:34
9.5656,heen,250,"#114,YAW,-0.98,GYRO,-91,-151,6,ACC,-41,39,222,ADC,1241,382,8,2,"
9.5656,heen,250,MM0 ?V
9.6019,heen,250,MM1 ?V
9.6019,heen,250,MM0 V=120:223:4905
9.6019,heen,250,MM1 V=120:223:4898
9.6019,heen,250,"$GPRMC,135753.2,A,5050.50929,N,00419.37186,E,000.53,208.3,081026,000.4,E*5A"
9.6019,heen,250,"#115,YAW,-0.98,GYRO,30,-76,39,ACC,43,-27,77,ADC,1258,499,6,2,"
9.6020,heen,250,MM0 ?CR
9.6020,heen,250,MM1 ?CR
9.6020,heen,250,MM0 CR=59:-58
9.6020,heen,250,MM1 CR=58:-58
9.6507,heen,250,"#116,YAW,-1.03,GYRO,-65,456,2,ACC,29,59,133,ADC,1207,389,6,2,"
9.6507,heen,250,MM0 ?A
9.6507,heen,250,MM1 ?A
9.6507,heen,250,MM0 A=3:-3
9.6507,heen,250,MM1 A=7:0
9.6507,heen,250,MM1 !M 251 -249
9.6507,heen,250,MM0 !M 251 -249
9.6507,heen,250,MM1 +
9.6507,heen,250,MM0 +
9.6507,heen,250,MM0 PING
9.6507,heen,250,MM1 PING
9.6507,heen,250,"#117,YAW,-1.03,GYRO,-101,-373,11,ACC,-57,-60,626,ADC,1189,384,7,2,"
9.6508,heen,250,MM0 ?AI
9.6508,heen,250,MM1 ?AI
9.6508,heen,250,MM0 AI=0:0:2459:2441:0:0
9.6508,heen,250,MM1 AI=0:0:2386:2377:0:0
9.6508,heen,250,"#118,YAW,-1.03,GYRO,32,139,-19,ACC,-62,4,181,ADC,1219,414,5,2,"
9.6508,heen,250,MM0 ?C
9.6508,heen,250,MM1 ?C
9.6508,heen,250,MM0 C=-9:-1923
9.6508,heen,250,MM1 C=28:-2035
9.7060,heen,250,"#119,YAW,-1.03,GYRO,26,-9,4,ACC,-9,-30,143,ADC,1211,378,4,2,"
9.7061,heen,250,MM0 !M 252 -248
9.7061,heen,250,MM0 +
9.7061,heen,250,MM1 !M 252 -248
9.7061,heen,250,MM1 +
9.7061,heen,250,MM0 PING
9.7061,heen,250,MM1 PING
9.7061,heen,250,MM0 ?D
9.7061,heen,250,MM1 ?D
9.7061,heen,250,MM0 D=10
9.7061,heen,250,MM1 D=50
9.7061,heen,250,MM0 !M 252 -248
9.7061,heen,250,MM1 !M 252 -248
9.7061,heen,250,MM0 +
9.7061,heen,250,MM1 +
9.7061,heen,250,"#120,YAW,-1.03,GYRO,-14,384,-22,ACC,16,43,130,ADC,1230,340,5,2,"
9.7061,heen,250,MM0 ?FF
9.7061,heen,250,MM1 ?FF
9.7061,heen,250,MM0 FF=0
9.7062,heen,250,MM1 FF=0
9.7062,heen,250,"#121,YAW,-1.03,GYRO,-16,-225,3,ACC,-115,25,574,ADC,1252,389,6,2,"
9.7439,heen,250,MM0 ?P
9.7439,heen,250,MM1 ?P
9.7439,heen,250,MM0 P=252:-248
9.7439,heen,250,MM1 P=252:-248
9.7439,heen,250,MM1 !M 252 -248
9.7439,heen,250,MM0 !M 252 -248
9.7439,heen,250,MM1 +
9.7440,heen,250,MM0 +
9.7440,heen,250,"#122,YAW,-1.03,GYRO,195,59,38,ACC,-21,-40,241,ADC,1251,334,4,1,"
9.7440,heen,250,MM0 ?S
9.7440,heen,250,MM1 ?S
9.7440,heen,250,MM0 S=225:-225
9.7440,heen,250,MM1 S=225:-225
9.7646,heen,250,"#123,YAW,-1.03,GYRO,-36,-46,45,ACC,20,11,151,ADC,1256,496,4,2,"
9.7647,heen,250,MM0 ?T
9.7647,heen,250,MM1 ?T
9.7647,heen,250,MM0 T=35:35
9.7647,heen,250,MM1 T=36:34
9.7647,heen,250,"#124,YAW,-1.03,GYRO,35,370,-1,ACC,17,35,137,ADC,1241,502,6,2,"
9.7985,heen,250,MM0 ?V
9.7985,heen,250,MM1 ?V
9.7985,heen,250,MM0 V=120:222:4904
9.7985,heen,250,MM1 V=120:222:4898
9.7985,heen,250,"$GPRMC,135753.4,A,5050.50928,N,00419.37190,E,000.55,208.3,081026,000.4,E*5C"
9.7985,heen,250,"#125,YAW,-1.03,GYRO,-140,36,-47,ACC,202,7,323,ADC,1250,381,4,1,"
9.7986,heen,250,MM1 ?CR
9.7986,heen,250,MM0 ?CR
9.7986,heen,250,MM1 CR=58:-59
9.7986,heen,250,MM0 CR=58:-58
9.8525,heen,250,"#126,YAW,-1.08,GYRO,82,-213,-33,ACC,1,-22,192,ADC,1216,382,5,2,"
9.8526,heen,250,MM0 ?A
9.8526,heen,250,MM1 ?A
9.8526,heen,250,MM1 A=3:-3
9.8526,heen,250,MM0 A=0:0
9.8526,heen,250,MM0 !M 252 -248
9.8526,heen,250,MM1 !M 252 -248
9.8526,heen,250,MM0 +
9.8526,heen,250,MM1 +
9.8526,heen,250,MM1 PING
9.8526,heen,250,MM0 PING
9.8526,heen,250,"#127,YAW,-1.08,GYRO,-109,33,-52,ACC,-20,24,192,ADC,1254,387,4,2,"
9.8527,heen,250,MM0 ?AI
9.8527,heen,250,MM1 ?AI
9.8527,heen,250,MM0 AI=0:0:2484:2461:0:0
9.8527,heen,250,MM1 AI=0:0:2353:2396:0:0
9.8527,heen,250,"#128,YAW,-1.07,GYRO,2,230,-51,ACC,40,41,168,ADC,1244,497,5,2,"
9.8527,heen,250,MM0 ?C
9.8527,heen,250,MM1 ?C
9.8527,heen,250,MM0 C=50:-1981
9.8527,heen,250,MM1 C=86:-2093
9.9040,heen,250,"#129,YAW,-1.07,GYRO,30,59,-43,ACC,-24,7,454,ADC,1271,500,4,2,"
9.9041,heen,250,MM0 ?D
9.9041,heen,250,MM1 ?D
9.9041,heen,250,MM0 D=43
9.9041,heen,250,MM1 D=19
9.9041,heen,250,MM0 !M 252 -248
9.9041,heen,250,MM1 !M 252 -248
9.9041,heen,250,MM0 +
9.9041,heen,250,MM1 +
9.9041,heen,250,MM0 PING
9.9041,heen,250,MM1 PING
9.9041,heen,250,MM0 !M 250 -250
9.9041,heen,250,MM1 !M 250 -250
9.9041,heen,250,MM0 +
9.9041,heen,250,MM1 +
9.9041,heen,250,"#130,YAW,-1.07,GYRO,-45,-160,-17,ACC,-11,6,281,ADC,1233,372,5,1,"
9.9041,heen,250,MM0 ?FF
9.9041,heen,250,MM1 ?FF
9.9041,heen,250,MM0 FF=0
9.9042,heen,250,MM1 FF=0
9.9535,heen,250,"#131,YAW,-1.07,GYRO,-17,154,-31,ACC,17,0,167,ADC,1171,382,4,2,"
9.9535,heen,250,MM0 ?P
9.9535,heen,250,MM1 ?P
9.9535,heen,250,MM0 P=250:-250
9.9535,heen,250,MM1 P=250:-250
9.9535,heen,250,"#132,YAW,-1.07,GYRO,-53,288,-27,ACC,15,16,159,ADC,1232,379,6,1,"
9.9536,heen,250,MM0 ?S
9.9536,heen,250,MM1 ?S
9.9536,heen,250,MM0 S=150:-225
9.9536,heen,250,MM1 S=225:-225
9.9536,heen,250,"#133,YAW,-1.07,GYRO,-2,-127,-4,ACC,2,11,429,ADC,1255,496,7,2,"
9.9536,heen,250,MM0 ?T
9.9536,heen,250,MM1 ?T
9.9536,heen,250,MM0 T=35:35
9.9536,heen,250,MM1 T=36:34
10.0109,heen,250,"#134,YAW,-1.07,GYRO,-83,-142,4,ACC,-31,23,340,ADC,1227,381,4,2,"
10.0109,heen,250,MM0 ?V
10.0109,heen,250,MM1 ?V
10.0109,heen,250,MM0 V=120:223:4906
10.0109,heen,250,MM1 V=120:221:4899
10.0110,heen,250,"$GPRMC,135753.6,A,5050.50927,N,00419.37195,E,000.56,208.3,081026,000.4,E*57"
10.0110,heen,250,MM0 !M 250 -250
10.0110,heen,250,MM1 !M 250 -250
10.0110,heen,250,MM0 +
10.0110,heen,250,MM1 +
10.0110,heen,250,MM0 PING
10.0110,heen,250,MM1 PING
10.0110,heen,250,"#135,YAW,-1.07,GYRO,9,118,21,ACC,21,-18,89,ADC,1255,293,3,2,"
10.0110,heen,250,MM0 ?CR
10.0110,heen,250,MM1 ?CR
10.0110,heen,250,MM0 CR=60:-59
10.0110,heen,250,MM1 CR=59:-57
10.0110,heen,250,"#136,YAW,-1.12,GYRO,-105,285,-1,ACC,8,39,145,ADC,1241,498,4,2,"
10.0110,heen,250,MM0 ?A
10.0110,heen,250,MM1 ?A
10.0110,heen,250,MM0 A=8:-3
10.0110,heen,250,MM1 A=8:-3
10.0457,heen,250,MM1 !M 250 -250
10.0457,heen,250,MM0 !M 250 -250
10.0457,heen,250,MM0 +
10.0457,heen,250,MM1 +
10.0457,heen,250,MM0 PING
10.0457,heen,250,MM1 PING
10.0457,heen,250,"#137,YAW,-1.12,GYRO,83,-156,7,ACC,-16,-14,504,ADC,1258,316,6,2,"
10.0457,heen,250,MM1 ?AI
10.0457,heen,250,MM0 ?AI
10.0457,heen,250,MM1 AI=0:0:2367:2364:0:0
10.0457,heen,250,MM0 AI=0:0:2432:2473:0:0
10.0457,heen,250,"#138,YAW,-1.12,GYRO,-56,-107,-11,ACC,2,38,276,ADC,1227,381,6,2,"
10.0458,heen,250,MM0 ?C
10.0674,heen,250,MM1 ?C
10.0674,heen,250,MM0 C=108:-2038
10.0674,heen,250,MM1 C=144:-2151
10.0675,heen,250,"#139,YAW,-1.12,GYRO,5,74,-21,ACC,43,-21,38,ADC,1220,387,6,2,"
10.0675,heen,250,MM0 ?D
10.0675,heen,250,MM1 ?D
10.0675,heen,250,MM0 D=16
10.1032,heen,250,MM1 D=34
10.1032,heen,250,MM1 !M 250 -250
10.1032,heen,250,MM0 !M 250 -250
10.1032,heen,250,MM1 +
10.1032,heen,250,MM0 +
10.1032,heen,250,MM0 PING
10.1032,heen,250,MM1 PING
10.1032,heen,250,"#140,YAW,-1.12,GYRO,-34,356,-13,ACC,1,33,156,ADC,1224,380,6,2,"
10.1032,heen,250,MM0 ?FF
10.1032,heen,250,MM1 ?FF
10.1032,heen,250,MM0 FF=0
10.1033,heen,250,MM1 FF=0
10.1567,heen,250,"#141,YAW,-1.12,GYRO,-74,-29,9,ACC,19,73,545,ADC,1215,389,5,2,"
10.1567,heen,250,MM0 ?P
10.1567,heen,250,MM1 ?P
10.1567,heen,250,MM0 P=250:-250
10.1567,heen,250,MM1 P=250:-250
10.1567,heen,250,MM0 !M 250 -250
10.1567,heen,250,MM1 !M 250 -250
10.1567,heen,250,MM0 +
10.1567,heen,250,MM1 +
10.1567,heen,250,MM0 PING
10.1567,heen,250,MM1 PING
10.1568,heen,250,"#142,YAW,-1.12,GYRO,76,-23,25,ACC,-7,-13,259,ADC,1288,384,5,1,"
10.1568,heen,250,MM0 ?S
10.1568,heen,250,MM1 ?S
10.1568,heen,250,MM0 S=225:-225
10.1568,heen,250,MM1 S=225:-225
10.1568,heen,250,"#143,YAW,-1.12,GYRO,-66,-52,30,ACC,-9,8,184,ADC,1280,386,7,2,"
10.1568,heen,250,MM0 ?T
10.1568,heen,250,MM1 ?T
10.1568,heen,250,MM0 T=35:35
10.1568,heen,250,MM1 T=36:34
10.2122,heen,250,"#144,YAW,-1.13,GYRO,71,380,10,ACC,5,20,132,ADC,1262,501,6,2,"
10.2123,heen,250,MM1 ?V
10.2123,heen,250,MM0 ?V
10.2123,heen,250,MM1 V=120:221:4898
10.2123,heen,250,MM0 V=120:221:4903
10.2123,heen,250,"$GPRMC,135753.8,A,5050.50925,N,00419.37200,E,000.58,208.3,081026,000.4,E*5A"
10.2123,heen,250,MM0 !M 250 -250
10.2123,heen,250,MM1 !M 250 -250
10.2123,heen,250,MM0 +
10.2123,heen,250,MM1 +
10.2123,heen,250,MM0 PING
10.2123,heen,250,MM1 PING
10.2123,heen,250,"#145,YAW,-1.13,GYRO,-115,47,-10,ACC,26,-45,459,ADC,1223,381,4,2,"
10.2123,heen,250,MM0 ?CR
10.2123,heen,250,MM1 ?CR
10.2124,heen,250,MM0 CR=57:-57
10.2124,heen,250,MM1 CR=57:-58
10.2124,heen,250,MM0 !M 251 -249
10.2124,heen,250,MM1 !M 251 -249
10.2124,heen,250,MM0 +
10.2124,heen,250,MM1 +
10.2124,heen,250,"#146,YAW,-1.17,GYRO,99,60,-7,ACC,-33,-31,219,ADC,1268,428,7,2,"
10.2124,heen,250,MM0 ?A
10.2124,heen,250,MM1 ?A
10.2124,heen,250,MM0 A=0:0
10.2124,heen,250,MM1 A=3:0
10.2464,heen,250,"#147,YAW,-1.17,GYRO,-30,4,-14,ACC,10,13,218,ADC,1233,362,5,2,"
10.2464,heen,250,MM0 !M 251 -249
10.2464,heen,250,MM0 +
10.2464,heen,250,MM1 !M 251 -249
10.2464,heen,250,MM1 +
10.2464,heen,250,MM0 ?AI
10.2464,heen,250,MM1 ?AI
10.2464,heen,250,MM0 AI=0:0:2436:2486:0:0
10.2464,heen,250,MM1 AI=0:0:2385:2374:0:0
10.2464,heen,250,"#148,YAW,-1.17,GYRO,2,347,-39,ACC,14,57,155,ADC,1273,389,5,2,"
10.2465,heen,250,MM0 ?C
10.2465,heen,250,MM1 ?C
10.2676,heen,250,MM0 C=167:-2096
10.2676,heen,250,MM1 C=202:-2208
10.2676,heen,250,"#149,YAW,-1.17,GYRO,-33,-111,-21,ACC,12,-55,419,ADC,1280,392,5,2,"
10.2677,heen,250,MM0 ?D
10.2677,heen,250,MM1 ?D
10.2677,heen,250,MM0 D=43
10.3041,heen,250,MM1 D=19
10.3042,heen,250,MM0 !M 250 -250
10.3042,heen,250,MM1 !M 250 -250
10.3042,heen,250,MM1 +
10.3042,heen,250,MM0 +
10.3042,heen,250,"#150,YAW,-1.17,GYRO,-85,22,-28,ACC,-41,17,290,ADC,1236,384,7,2,"
10.3042,heen,250,MM0 ?FF
10.3042,heen,250,MM1 ?FF
10.3042,heen,250,MM1 FF=0
10.3042,heen,250,MM0 FF=0
10.3245,heen,250,"#151,YAW,-1.17,GYRO,14,-22,-37,ACC,15,-18,199,ADC,1264,416,6,2,"
10.3245,heen,250,MM0 ?P
10.3245,heen,250,MM1 ?P
10.3245,heen,250,MM0 P=250:-250
10.3245,heen,250,MM1 P=250:-250
10.3595,heen,250,"#152,YAW,-1.17,GYRO,39,284,-29,ACC,4,-4,147,ADC,1257,387,5,2,"
10.3596,heen,250,MM0 ?S
10.3596,heen,250,MM1 ?S
10.3596,heen,250,MM0 S=225:-225
10.3596,heen,250,MM1 S=225:-225
10.3596,heen,250,MM0 !M 250 -250
10.3596,heen,250,MM1 !M 250 -250
10.3596,heen,250,MM0 +
10.3596,heen,250,MM1 +
10.3596,heen,250,"#153,YAW,-1.17,GYRO,-2,-77,-9,ACC,41,5,348,ADC,1273,499,6,2,"
10.3596,heen,250,MM0 ?T
10.3596,heen,250,MM1 ?T
10.3596,heen,250,MM0 T=35:35
10.3596,heen,250,MM1 T=36:34
10.4098,heen,250,"#154,YAW,-1.17,GYRO,8,6,16,ACC,-11,21,320,ADC,1247,386,5,2,"
10.4099,heen,250,MM1 ?V
10.4099,heen,250,MM0 ?V
10.4099,heen,250,MM1 V=120:221:4898
10.4099,heen,250,MM0 V=120:223:4906
10.4099,heen,250,"$GPRMC,135754.0,A,5050.50924,N,00419.37205,E,000.60,208.3,081026,000.4,E*5A"
10.4099,heen,250,"#155,YAW,-1.17,GYRO,-68,-151,12,ACC,17,27,169,ADC,1230,382,4,2,"
10.4099,heen,250,MM0 ?CR
10.4099,heen,250,MM1 ?CR
10.4099,heen,250,MM0 CR=59:-58
10.4099,heen,250,MM1 CR=60:-58
10.4099,heen,250,MM0 !M 250 -250
10.4099,heen,250,MM1 !M 250 -250
10.4099,heen,250,MM0 +
10.4099,heen,250,MM1 +
10.4099,heen,250,"#156,YAW,-1.22,GYRO,43,317,-8,ACC,7,5,159,ADC,1273,395,4,2,"
10.4099,heen,250,MM0 ?A
10.4099,heen,250,MM1 ?A
10.4099,heen,250,MM0 A=0:-3
10.4099,heen,250,MM1 A=4:-3
10.4596,heen,250,"#157,YAW,-1.22,GYRO,-62,-85,-12,ACC,-19,2,378,ADC,1290,501,5,2,"
10.4596,heen,250,MM1 ?AI
10.4596,heen,250,MM0 ?AI
10.4596,heen,250,MM1 AI=0:0:2381:2393:0:0
10.4596,heen,250,MM0 AI=0:0:2457:2455:0:0
10.4596,heen,250,"#158,YAW,-1.22,GYRO,-49,18,-12,ACC,-41,24,288,ADC,1257,396,5,2,"
10.4596,heen,250,MM1 ?C
10.4596,heen,250,MM0 ?C
10.4597,heen,250,MM1 C=261:-2266
10.4597,heen,250,MM0 C=226:-2155
10.5143,heen,250,"#159,YAW,-1.22,GYRO,77,147,-17,ACC,29,-14,163,ADC,1247,388,7,2,"
10.5144,heen,250,MM1 ?D
10.5144,heen,250,MM0 ?D
10.5144,heen,250,MM1 D=33
10.5144,heen,250,MM0 D=3
10.5144,heen,250,MM0 !M 250 -250
10.5144,heen,250,MM1 !M 250 -250
10.5144,heen,250,MM0 +
10.5144,heen,250,MM1 +
10.5144,heen,250,MM0 PING
10.5144,heen,250,MM1 PING
10.5144,heen,250,"#160,YAW,-1.22,GYRO,10,339,-8,ACC,-19,44,163,ADC,1221,393,4,2,"
10.5144,heen,250,MM1 ?FF
10.5144,heen,250,MM0 ?FF
10.5144,heen,250,MM1 FF=0
10.5144,heen,250,MM0 FF=0
10.5144,heen,250,MM0 !M 250 -250
10.5145,heen,250,MM1 !M 250 -250
10.5145,heen,250,MM0 +
10.5145,heen,250,MM1 +
10.5145,heen,250,"#161,YAW,-1.22,GYRO,36,-190,30,ACC,29,63,284,ADC,1239,411,6,2,"
10.5145,heen,250,MM1 ?P
10.5145,heen,250,MM0 ?P
10.5145,heen,250,MM1 P=250:-250
10.5145,heen,250,MM0 P=250:-250
10.5501,heen,250,"#162,YAW,-1.22,GYRO,69,36,35,ACC,-18,47,286,ADC,1219,502,4,2,"
10.5502,heen,250,MM0 ?S
10.5502,heen,250,MM1 ?S
10.5502,heen,250,MM0 S=225:-225
10.5502,heen,250,MM1 S=225:-225
10.5502,heen,250,MM0 !M 250 -250
10.5502,heen,250,MM1 !M 250 -250
10.5502,heen,250,MM0 +
10.5502,heen,250,MM1 +
10.5502,heen,250,"#163,YAW,-1.22,GYRO,-27,-100,19,ACC,37,4,159,ADC,1244,384,6,2,"
10.5502,heen,250,MM1 ?T
10.5502,heen,250,MM0 ?T
10.5502,heen,250,MM1 T=36:34
10.5502,heen,250,MM0 T=35:35
10.5695,heen,250,"#164,YAW,-1.22,GYRO,41,319,-8,ACC,-26,54,180,ADC,1234,412,6,1,"
10.5695,heen,250,MM1 ?V
10.5695,heen,250,MM0 ?V
10.5696,heen,250,MM1 V=120:225:4899
10.5696,heen,250,MM0 V=120:222:4906
10.6048,heen,250,"$GPRMC,135754.2,A,5050.50922,N,00419.37212,E,000.60,208.3,081026,000.4,E*58"
10.6048,heen,250,"#165,YAW,-1.22,GYRO,76,-163,11,ACC,32,19,296,ADC,1253,502,6,2,"
10.6049,heen,250,MM0 ?CR
10.6049,heen,250,MM1 ?CR
10.6049,heen,250,MM0 CR=59:-58
10.6049,heen,250,MM1 CR=58:-58
10.6254,heen,250,"#166,YAW,-1.27,GYRO,-39,-56,19,ACC,-27,32,300,ADC,1254,501,3,2,"
10.6254,heen,250,MM1 ?A
10.6254,heen,250,MM0 ?A
10.6254,heen,250,MM1 A=4:-3
10.6254,heen,250,MM0 A=0:-3
10.6254,heen,250,"#167,YAW,-1.28,GYRO,-33,-213,40,ACC,22,-8,221,ADC,1230,381,5,2,"
10.6596,heen,250,MM0 !M 251 -249
10.6596,heen,250,MM0 +
10.6596,heen,250,MM0 PING
10.6596,heen,250,MM1 !M 251 -249
10.6596,heen,250,MM1 +
10.6596,heen,250,MM1 PING
10.6596,heen,250,MM0 ?AI
10.6596,heen,250,MM1 ?AI
10.6596,heen,250,MM0 AI=0:0:2453:2456:0:0
10.6596,heen,250,MM1 AI=0:0:2373:2366:0:0
10.6596,heen,250,"#168,YAW,-1.28,GYRO,32,359,23,ACC,12,19,145,ADC,1255,500,5,2,"
10.6597,heen,250,MM1 ?C
10.6597,heen,250,MM0 ?C
10.6597,heen,250,MM1 C=320:-2324
10.6597,heen,250,MM0 C=285:-2213
10.7177,heen,250,"#169,YAW,-1.28,GYRO,-92,-207,0,ACC,50,-98,405,ADC,1258,399,4,2,"
10.7178,heen,250,MM1 ?D
10.7178,heen,250,MM0 ?D
10.7178,heen,250,MM1 D=16
10.7178,heen,250,MM0 D=49
10.7178,heen,250,MM1 !M 251 -249
10.7178,heen,250,MM0 !M 251 -249
10.7178,heen,250,MM1 +
10.7178,heen,250,MM0 +
10.7178,heen,250,MM0 PING
10.7178,heen,250,MM1 PING
10.7178,heen,250,"#170,YAW,-1.28,GYRO,-11,-29,11,ACC,-36,36,288,ADC,1242,380,6,2,"
10.7178,heen,250,MM1 ?FF
10.7178,heen,250,MM0 ?FF
10.7178,heen,250,MM1 FF=0
10.7178,heen,250,MM0 FF=0
10.7178,heen,250,"#171,YAW,-1.28,GYRO,1,-4,15,ACC,15,-7,193,ADC,1225,380,6,2,"
10.7178,heen,250,MM1 ?P
10.7179,heen,250,MM0 ?P
10.7179,heen,250,MM1 P=251:-249
10.7179,heen,250,MM0 P=251:-249
10.7560,heen,250,"#172,YAW,-1.28,GYRO,24,298,-3,ACC,20,16,130,ADC,1228,387,6,2,"
10.7560,heen,250,MM1 ?S
10.7560,heen,250,MM0 ?S
10.7561,heen,250,MM0 S=225:-150
10.7561,heen,250,MM1 S=150:-225
10.7561,heen,250,MM1 !M 252 -248
10.7561,heen,250,MM0 !M 252 -248
10.7561,heen,250,MM1 +
10.7561,heen,250,MM0 +
10.7561,heen,250,MM1 PING
10.7561,heen,250,MM0 PING
10.7561,heen,250,"#173,YAW,-1.28,GYRO,-48,-140,-5,ACC,-50,6,438,ADC,1273,499,6,2,"
10.7561,heen,250,MM1 ?T
10.7561,heen,250,MM0 ?T
10.7561,heen,250,MM1 T=36:34
10.7561,heen,250,MM0 T=35:35
10.7744,heen,250,"#174,YAW,-1.28,GYRO,136,-30,21,ACC,-21,-30,223,ADC,1233,381,6,2,"
10.7745,heen,250,MM0 ?V
10.7745,heen,250,MM1 ?V
10.7745,heen,250,MM0 V=120:223:4905
10.7745,heen,250,MM1 V=120:223:4897
10.8085,heen,250,"$GPRMC,135754.4,A,5050.50919,N,00419.37219,E,000.60,208.3,081026,000.4,E*5D"
10.8086,heen,250,MM0 !M 252 -248
10.8086,heen,250,MM1 !M 252 -248
10.8086,heen,250,MM0 +
10.8086,heen,250,MM1 +
10.8086,heen,250,MM0 PING
10.8086,heen,250,MM1 PING
10.8086,heen,250,"#175,YAW,-1.28,GYRO,1,-141,46,ACC,27,-11,175,ADC,1281,301,5,1,"
10.8086,heen,250,MM0 ?CR
10.8086,heen,250,MM1 ?CR
10.8086,heen,250,MM0 CR=59:-59
10.8086,heen,250,MM1 CR=59:-58
10.8086,heen,250,"#176,YAW,-1.33,GYRO,-21,270,14,ACC,12,40,180,ADC,1212,385,7,1,"
10.8086,heen,250,MM1 ?A
10.8087,heen,250,MM0 ?A
10.8087,heen,250,MM1 A=7:-3
10.8298,heen,250,MM0 A=3:-3
10.8298,heen,250,"#177,YAW,-1.33,GYRO,-121,141,-37,ACC,23,-8,310,ADC,1241,386,3,2,"
10.8298,heen,250,MM0 ?AI
10.8299,heen,250,MM1 ?AI
10.8299,heen,250,MM0 AI=0:0:2443:2464:0:0
10.8657,heen,250,MM1 AI=0:0:2390:2335:0:0
10.8657,heen,250,MM0 !M 252 -248
10.8657,heen,250,MM1 !M 252 -248
10.8657,heen,250,MM0 +
10.8657,heen,250,MM1 +
10.8657,heen,250,MM0 PING
10.8657,heen,250,MM1 PING
10.8658,heen,250,"#178,YAW,-1.33,GYRO,116,-177,-30,ACC,-9,-37,240,ADC,1254,383,6,2,"
10.8658,heen,250,MM0 ?C
10.8658,heen,250,MM1 ?C
10.8658,heen,250,MM0 C=343:-2271
10.8658,heen,250,MM1 C=378:-2382
10.8659,heen,250,"#179,YAW,-1.33,GYRO,-69,-29,-45,ACC,-8,-22,258,ADC,1249,497,3,1,"
10.9219,heen,250,MM0 ?D
10.9219,heen,250,MM1 ?D
10.9220,heen,250,MM1 D=35
10.9220,heen,250,MM0 D=2
10.9220,heen,250,MM0 !M 253 -247
10.9220,heen,250,MM1 !M 253 -247
10.9220,heen,250,MM0 +
10.9220,heen,250,MM1 +
10.9220,heen,250,MM0 PING
10.9220,heen,250,MM1 PING
10.9220,heen,250,"#180,YAW,-1.33,GYRO,24,193,-28,ACC,23,-3,203,ADC,1244,501,5,1,"
10.9220,heen,250,MM0 ?FF
10.9220,heen,250,MM1 ?FF
10.9220,heen,250,MM0 FF=0
10.9220,heen,250,MM1 FF=0
10.9220,heen,250,"#181,YAW,-1.32,GYRO,41,90,-37,ACC,13,0,309,ADC,1228,382,4,2,"
10.9220,heen,250,MM0 ?P
10.9220,heen,250,MM1 ?P
10.9220,heen,250,MM0 P=253:-247
10.9220,heen,250,MM1 P=253:-247
10.9555,heen,250,"#182,YAW,-1.32,GYRO,-1,4,-13,ACC,-3,-2,312,ADC,1224,395,5,2,"
10.9555,heen,250,MM0 ?S
10.9556,heen,250,MM1 ?S
10.9556,heen,250,MM0 S=225:-225
10.9556,heen,250,MM1 S=225:-225
10.9556,heen,250,MM0 !M 252 -248
10.9556,heen,250,MM1 !M 252 -248
10.9556,heen,250,MM0 +
10.9556,heen,250,MM1 +
10.9556,heen,250,MM0 PING
10.9556,heen,250,MM1 PING
10.9556,heen,250,"#183,YAW,-1.32,GYRO,-19,200,-18,ACC,17,13,218,ADC,1238,501,4,2,"
10.9556,heen,250,MM0 ?T
10.9556,heen,250,MM1 ?T
10.9556,heen,250,MM0 T=35:35
10.9556,heen,250,MM1 T=36:34
10.9767,heen,250,"#184,YAW,-1.32,GYRO,-44,180,-17,ACC,2,11,226,ADC,1251,387,5,2,"
10.9767,heen,250,MM0 ?V
10.9767,heen,250,MM1 ?V
10.9767,heen,250,MM0 V=120:220:4905
10.9767,heen,250,MM1 V=120:222:4899
10.9767,heen,250,"$GPRMC,135754.6,A,5050.50916,N,00419.37225,E,000.61,208.3,081026,000.4,E*5E"
11.0108,heen,250,MM0 !M 251 -249
11.0108,heen,250,MM1 !M 251 -249
11.0108,heen,250,MM0 +
11.0108,heen,250,MM1 +
11.0108,heen,250,MM1 PING
11.0108,heen,250,MM0 PING
11.0108,heen,250,"#185,YAW,-1.32,GYRO,-12,57,-18,ACC,-5,4,308,ADC,1253,308,5,2,"
11.0109,heen,250,MM0 ?CR
11.0109,heen,250,MM1 ?CR
11.0109,heen,250,MM0 CR=58:-57
11.0109,heen,250,MM1 CR=57:-57
11.0109,heen,250,"#186,YAW,-1.37,GYRO,-32,-146,6,ACC,-4,-4,282,ADC,1232,383,6,1,"
11.0109,heen,250,MM1 ?A
11.0109,heen,250,MM0 ?A
11.0109,heen,250,MM0 A=0:-3
11.0109,heen,250,MM1 A=3:0
11.0319,heen,250,"#187,YAW,-1.37,GYRO,-57,59,0,ACC,9,-1,207,ADC,1229,382,8,2,"
11.0320,heen,250,MM0 ?AI
11.0320,heen,250,MM1 ?AI
11.0320,heen,250,MM0 AI=0:0:2459:2469:0:0
11.0320,heen,250,MM1 AI=0:0:2419:2367:0:0
11.0685,heen,250,MM1 !M 251 -249
11.0685,heen,250,MM0 !M 251 -249
11.0685,heen,250,MM1 +
11.0685,heen,250,MM0 +
11.0685,heen,250,MM0 PING
11.0685,heen,250,MM1 PING
11.0685,heen,250,"#188,YAW,-1.37,GYRO,-41,218,6,ACC,4,11,187,ADC,1234,382,6,1,"
11.0685,heen,250,MM0 ?C
11.0686,heen,250,MM1 ?C
11.0686,heen,250,MM0 C=402:-2328
11.0686,heen,250,MM1 C=436:-2439
11.0687,heen,250,MM0 !M 251 -249
11.0687,heen,250,MM1 !M 251 -249
11.0687,heen,250,MM0 +
11.0687,heen,250,MM1 +
11.0687,heen,250,"#189,YAW,-1.37,GYRO,27,46,-6,ACC,5,-7,303,ADC,1271,390,5,2,"
11.0687,heen,250,MM0 ?D
11.0687,heen,250,MM1 ?D
11.0687,heen,250,MM0 D=41
11.0687,heen,250,MM1 D=50
11.1285,heen,250,"#190,YAW,-1.37,GYRO,-29,-143,1,ACC,-3,0,307,ADC,1249,413,4,2,"
11.1285,heen,250,MM0 ?FF
11.1285,heen,250,MM1 ?FF
11.1285,heen,250,MM0 FF=0
11.1285,heen,250,MM1 FF=0
11.1285,heen,250,MM0 !M 251 -249
11.1285,heen,250,MM1 !M 251 -249
11.1285,heen,250,MM0 +
11.1285,heen,250,MM1 +
11.1286,heen,250,"#191,YAW,-1.37,GYRO,-79,108,-29,ACC,13,15,188,ADC,1240,501,4,2,"
11.1286,heen,250,MM0 ?P
11.1286,heen,250,MM1 ?P
11.1286,heen,250,MM0 P=251:-249
11.1286,heen,250,MM1 P=251:-249
11.1457,heen,250,"#192,YAW,-1.37,GYRO,37,253,6,ACC,18,9,156,ADC,1244,383,5,2,"
11.1458,heen,250,MM0 ?S
11.1458,heen,250,MM1 ?S
11.1458,heen,250,MM0 S=225:-225
11.1458,heen,250,MM1 S=225:-225
11.1458,heen,250,MM0 !M 251 -249
11.1458,heen,250,MM1 !M 251 -249
11.1458,heen,250,MM0 +
11.1458,heen,250,MM1 +
11.1605,heen,250,"#193,YAW,-1.37,GYRO,-54,37,4,ACC,-2,0,440,ADC,1252,291,5,2,"
11.1605,heen,250,MM0 ?T
11.1605,heen,250,MM1 ?T
11.1605,heen,250,MM0 T=35:35
11.1605,heen,250,MM1 T=36:34
11.1816,heen,250,"#194,YAW,-1.37,GYRO,108,20,25,ACC,12,-26,261,ADC,1237,390,4,2,"
11.1817,heen,250,MM0 ?V
11.1817,heen,250,MM1 ?V
11.1817,heen,250,MM0 V=120:223:4904
11.1817,heen,250,MM1 V=120:222:4898
11.1817,heen,250,"$GPRMC,135754.8,A,5050.50914,N,00419.37232,E,000.61,208.3,081026,000.4,E*54"
11.2165,heen,250,"#195,YAW,-1.37,GYRO,-105,-7,21,ACC,5,0,212,ADC,1270,498,8,2,"
11.2165,heen,250,MM0 ?CR
11.2165,heen,250,MM1 ?CR
11.2165,heen,250,MM0 CR=58:-57
11.2165,heen,250,MM1 CR=58:-58
11.2165,heen,250,"#196,YAW,-1.42,GYRO,12,295,19,ACC,-2,23,188,ADC,1243,500,5,2,"
11.2165,heen,250,MM0 ?A
11.2166,heen,250,MM1 ?A
11.2166,heen,250,MM0 A=3:-3
11.2166,heen,250,MM1 A=7:-3
11.2676,heen,250,"#197,YAW,-1.42,GYRO,-20,103,-2,ACC,19,-1,262,ADC,1226,383,6,2,"
11.2677,heen,250,MM0 ?AI
11.2677,heen,250,MM1 ?AI
11.2677,heen,250,MM0 AI=0:0:2468:2436:0:0
11.2677,heen,250,MM1 AI=0:0:2374:2372:0:0
11.2677,heen,250,MM0 !M 251 -249
11.2677,heen,250,MM1 !M 251 -249
11.2677,heen,250,MM0 +
11.2677,heen,250,MM1 +
11.2677,heen,250,MM0 PING
11.2677,heen,250,MM1 PING
11.2677,heen,250,"#198,YAW,-1.42,GYRO,108,16,-6,ACC,-10,-29,338,ADC,1261,384,7,2,"
11.2677,heen,250,MM0 ?C
11.2677,heen,250,MM1 ?C
11.2677,heen,250,MM0 C=459:-2386
11.2678,heen,250,MM1 C=493:-2497
11.2678,heen,250,MM0 !M 252 -248
11.2679,heen,250,MM1 !M 252 -248
11.2679,heen,250,MM0 +
11.2679,heen,250,MM1 +
11.2679,heen,250,"#199,YAW,-1.42,GYRO,-70,99,-26,ACC,2,20,234,ADC,1249,394,5,2,"
11.2679,heen,250,MM0 ?D
11.2679,heen,250,MM1 ?D
11.2679,heen,250,MM0 D=58
11.2679,heen,250,MM1 D=1
11.3196,heen,250,"#200,YAW,-1.42,GYRO,-5,97,-26,ACC,15,26,204,ADC,1271,385,6,2,"
11.3197,heen,250,MM0 ?FF
11.3197,heen,250,MM1 ?FF
11.3197,heen,250,MM0 FF=0
11.3197,heen,250,MM1 FF=0
11.3197,heen,250,MM1 !M 252 -248
11.3197,heen,250,MM0 !M 252 -248
11.3197,heen,250,MM0 +
11.3197,heen,250,MM1 +
11.3197,heen,250,"#201,YAW,-1.42,GYRO,-28,94,-37,ACC,-16,3,262,ADC,1261,401,4,2,"
11.3197,heen,250,MM0 ?P
11.3198,heen,250,MM1 ?P
11.3198,heen,250,MM0 P=252:-248
11.3198,heen,250,MM1 P=252:-248
11.3687,heen,250,"#202,YAW,-1.42,GYRO,47,-25,-18,ACC,6,-29,285,ADC,1205,391,5,2,"
11.3688,heen,250,MM0 ?S
11.3688,heen,250,MM1 ?S
11.3688,heen,250,MM0 S=225:-225
11.3688,heen,250,MM1 S=225:-225
11.3688,heen,250,"#203,YAW,-1.42,GYRO,-135,28,-45,ACC,3,-1,304,ADC,1260,501,6,1,"
11.3688,heen,250,MM0 ?T
11.3688,heen,250,MM1 ?T
11.3688,heen,250,MM0 T=35:35
11.3688,heen,250,MM1 T=36:34
11.3688,heen,250,MM0 !M 251 -249
11.3688,heen,250,MM1 !M 251 -249
11.3688,heen,250,MM0 +
11.3688,heen,250,MM1 +
11.3688,heen,250,"#204,YAW,-1.42,GYRO,74,72,-16,ACC,13,-3,164,ADC,1261,384,6,2,"
11.3689,heen,250,MM0 ?V
11.3689,heen,250,MM1 ?V
11.3689,heen,250,MM0 V=120:223:4905
11.3689,heen,250,MM1 V=120:222:4898
11.4197,heen,250,"$GPRMC,135755.0,A,5050.50916,N,00419.37242,E,000.61,208.3,081026,000.4,E*58"
11.4197,heen,250,"#205,YAW,-1.42,GYRO,-76,8,-18,ACC,-17,-20,311,ADC,1253,382,6,2,"
11.4197,heen,250,MM0 ?CR
11.4197,heen,250,MM1 ?CR
11.4197,heen,250,MM0 CR=59:-58
11.4197,heen,250,MM1 CR=59:-57
11.4197,heen,250,MM0 !M 250 -250
11.4197,heen,250,MM1 !M 250 -250
11.4197,heen,250,MM0 +
11.4197,heen,250,MM1 +
11.4197,heen,250,"#206,YAW,-1.47,GYRO,108,37,14,ACC,3,-29,272,ADC,1249,394,5,2,"
11.4198,heen,250,MM1 ?A
11.4198,heen,250,MM0 ?A
11.4198,heen,250,MM0 A=0:-3
11.4198,heen,250,MM1 A=4:0
11.4711,heen,250,"#207,YAW,-1.47,GYRO,-134,-115,8,ACC,-2,23,309,ADC,1251,391,6,2,"
11.4712,heen,250,MM0 ?AI
11.4712,heen,250,MM1 ?AI
11.4712,heen,250,MM0 AI=0:0:2425:2460:0:0
11.4712,heen,250,MM1 AI=0:0:2353:2383:0:0
11.4712,heen,250,"#208,YAW,-1.47,GYRO,53,88,10,ACC,6,8,196,ADC,1264,500,4,2,"
11.4712,heen,250,MM0 ?C
11.4712,heen,250,MM1 ?C
11.4712,heen,250,MM0 C=519:-2444
11.4712,heen,250,MM1 C=553:-2555
11.4713,heen,250,"#209,YAW,-1.47,GYRO,-98,80,-27,ACC,10,-19,299,ADC,1276,386,4,2,"
11.4713,heen,250,MM0 ?D
11.4713,heen,250,MM1 ?D
11.4713,heen,250,MM0 D=42
11.4713,heen,250,MM1 D=49
11.5207,heen,250,"#210,YAW,-1.47,GYRO,21,-117,0,ACC,-12,-22,281,ADC,1223,366,7,1,"
11.5208,heen,250,MM0 !M 251 -249
11.5208,heen,250,MM0 +
11.5208,heen,250,MM0 PING
11.5208,heen,250,MM1 !M 251 -249
11.5208,heen,250,MM1 +
11.5208,heen,250,MM1 PING
11.5208,heen,250,MM0 ?FF
11.5208,heen,250,MM1 ?FF
11.5208,heen,250,MM0 FF=0
11.5208,heen,250,MM1 FF=0
11.5208,heen,250,"#211,YAW,-1.47,GYRO,14,168,-17,ACC,-1,-22,253,ADC,1251,381,7,2,"
11.5209,heen,250,MM0 ?P
11.5209,heen,250,MM1 ?P
11.5209,heen,250,MM0 P=251:-249
11.5209,heen,250,MM1 P=251:-249
11.5735,heen,250,"#212,YAW,-1.47,GYRO,-36,199,0,ACC,0,20,199,ADC,1228,388,3,2,"
11.5735,heen,250,MM0 ?S
11.5735,heen,250,MM1 ?S
11.5735,heen,250,MM0 S=225:-225
11.5736,heen,250,MM1 S=150:-150
11.5736,heen,250,MM0 !M 251 -249
11.5736,heen,250,MM1 !M 251 -249
11.5736,heen,250,MM0 +
11.5736,heen,250,MM1 +
11.5736,heen,250,MM1 PING
11.5736,heen,250,MM0 PING
11.5736,heen,250,"#213,YAW,-1.47,GYRO,-2,-60,5,ACC,7,15,249,ADC,1219,384,4,1,"
11.5736,heen,250,MM0 ?T
11.5736,heen,250,MM1 ?T
11.5736,heen,250,MM0 T=35:35
11.5736,heen,250,MM1 T=36:34
11.5736,heen,250,"#214,YAW,-1.47,GYRO,63,-26,9,ACC,8,-26,313,ADC,1262,503,5,2,"
11.5736,heen,250,MM0 ?V
11.5736,heen,250,MM1 ?V
11.5736,heen,250,MM0 V=120:223:4905
11.5736,heen,250,MM1 V=120:221:4899
11.6252,heen,243,"$GPRMC,135755.2,A,5050.50923,N,00419.37254,E,000.62,208.3,081026,000.4,E*58"
11.6253,heen,243,"#215,YAW,-1.47,GYRO,-83,188,0,ACC,7,-16,241,ADC,1272,385,7,1,"
11.6253,heen,243,MM0 ?CR
11.6253,heen,243,MM0 CR=59:-59
11.6253,heen,243,MM1 ?CR
11.6253,heen,243,MM1 CR=59:-59
11.6253,heen,243,MM1 !M 251 -249
11.6253,heen,243,MM0 !M 251 -249
11.6253,heen,243,MM1 +
11.6253,heen,243,MM0 +
11.6253,heen,243,MM0 PING
11.6253,heen,243,MM1 PING
11.6253,heen,243,"#216,YAW,-1.51,GYRO,-59,27,10,ACC,8,27,230,ADC,1240,387,5,2,"
11.6254,heen,243,MM0 ?A
11.6254,heen,243,MM1 ?A
11.6254,heen,243,MM0 A=0:-3
11.6254,heen,243,MM1 A=7:-3
11.6601,heen,243,"#217,YAW,-1.51,GYRO,-31,-12,-14,ACC,9,8,269,ADC,1196,381,5,1,"
11.6601,heen,243,MM0 ?AI
11.6601,heen,243,MM1 ?AI
11.6601,heen,243,MM0 AI=0:0:2460:2461:0:0
11.6601,heen,243,MM1 AI=0:0:2384:2363:0:0
11.6601,heen,243,MM0 !M 244 -242
11.6601,heen,243,MM0 +
11.6601,heen,243,MM1 !M 244 -242
11.6601,heen,243,MM1 +
11.6601,heen,243,MM1 PING
11.6601,heen,243,MM0 PING
11.6601,heen,243,MM1 !M 2442
11.6601,heen,243,MM0 !M 2442
11.6601,heen,243,MM1 +
11.6601,heen,243,MM0 +
11.6601,heen,243,"#218,YAW,-1.51,GYRO,17,-94,6,ACC,8,-21,320,ADC,1237,268,6,1,"
11.6601,heen,243,MM0 ?C
11.6601,heen,243,MM1 ?C
11.6601,heen,243,MM0 C=578:-2503
11.6601,heen,243,MM1 C=611:-2613
11.6813,heen,229,"#219,YAW,-1.51,GYRO,-58,-113,-15,ACC,75,-47,300,ADC,1227,403,4,2,"
11.6814,heen,229,MM0 ?D
11.6814,heen,229,MM1 ?D
11.6814,heen,229,MM0 D=26
11.6814,heen,229,MM1 D=1
11.7155,heen,229,"#220,YAW,-1.51,GYRO,-121,-126,-180,ACC,122,-18,138,ADC,1240,383,5,2,"
11.7156,heen,229,MM0 ?FF
11.7156,heen,229,MM1 ?FF
11.7156,heen,229,MM0 FF=0
11.7156,heen,229,MM1 FF=0
11.7156,heen,229,MM1 !M 230 -228
11.7157,heen,229,MM0 !M 230 -228
11.7157,heen,229,MM1 +
11.7157,heen,229,MM0 +
11.7157,heen,229,"#221,YAW,-1.50,GYRO,16,-143,-502,ACC,152,-73,349,ADC,1222,411,4,1,"
11.7157,heen,229,MM0 ?P
11.7157,heen,229,MM1 ?P
11.7157,heen,229,MM0 P=1000:-228
11.7157,heen,229,MM1 P=1000:-228
11.7410,heen,220,"#222,YAW,-1.48,GYRO,20,396,-679,ACC,138,-56,182,ADC,1257,396,4,2,"
11.7410,heen,220,MM0 ?S
11.7410,heen,220,MM1 ?S
11.7410,heen,220,MM0 S=600:-225
11.7410,heen,220,MM1 S=300:-225
11.7781,heen,215,"#223,YAW,-1.46,GYRO,217,461,-746,ACC,-5,83,341,ADC,1262,382,6,2,"
11.7781,heen,215,MM0 ?T
11.7781,heen,215,MM1 ?T
11.7781,heen,215,MM0 T=35:35
11.7781,heen,215,MM1 T=36:34
11.7781,heen,215,MM0 !M 211 -229
11.7781,heen,215,MM1 !M 211 -229
11.7782,heen,215,MM0 +
11.7782,heen,215,MM1 +
11.7782,heen,215,"#224,YAW,-1.45,GYRO,-81,224,-509,ACC,-101,64,394,ADC,1230,383,5,2,"
11.7782,heen,215,MM0 ?V
11.7782,heen,215,MM1 ?V
11.7782,heen,215,MM0 V=120:223:4906
11.7782,heen,215,MM1 V=120:223:4900
11.8125,heen,215,"$GPRMC,135755.4,A,5050.50934,N,00419.37270,E,000.62,208.3,081026,000.4,E*5E"
11.8126,heen,215,"#225,YAW,-1.45,GYRO,125,-97,-124,ACC,-28,29,108,ADC,1264,383,7,2,"
11.8126,heen,215,MM0 ?CR
11.8126,heen,215,MM1 ?CR
11.8126,heen,215,MM0 CR=91:-59
11.8126,heen,215,MM1 CR=76:-59
11.8126,heen,215,"#226,YAW,-1.49,GYRO,-102,90,-64,ACC,-61,23,109,ADC,1228,387,4,2,"
11.8126,heen,215,MM0 ?A
11.8126,heen,215,MM1 ?A
11.8126,heen,215,MM1 A=-8:4
11.8126,heen,215,MM0 A=-13:13
11.8338,heen,200,"#227,YAW,-1.49,GYRO,-251,-485,12,ACC,359,-93,824,ADC,1261,387,4,1,"
11.8338,heen,200,MM0 ?AI
11.8338,heen,200,MM1 ?AI
11.8338,heen,200,MM0 AI=0:0:2447:2453:0:0
11.8338,heen,200,MM1 AI=0:0:2361:2397:0:0
11.8338,heen,200,MM1 !M 196PING
11.8684,heen,200,MM0 !M 196PING
11.8684,heen,200,MM1 +
11.8684,heen,200,MM0 +
11.8684,heen,200,"#228,YAW,-1.49,GYRO,71,557,12,ACC,-66,-97,-55,ADC,1234,388,5,2,"
11.8685,heen,200,MM0 ?C
11.8685,heen,200,MM1 ?C
11.8685,heen,200,MM0 C=671:-2566
11.8685,heen,200,MM1 C=690:-2675
11.8686,heen,200,MM0 !M 170 -230
11.8686,heen,200,MM1 !M 170 -230
11.8686,heen,200,MM0 +
11.8686,heen,200,MM1 +
11.8686,heen,200,"#229,YAW,-1.49,GYRO,106,527,6,ACC,-75,-7,194,ADC,1249,389,6,2,"
11.8686,heen,200,MM0 ?D
11.8686,heen,200,MM1 ?D
11.8687,heen,200,MM0 D=26
11.8687,heen,200,MM1 D=19
11.8902,heen,182,"#230,YAW,-1.49,GYRO,-17,-304,37,ACC,-70,198,303,ADC,1251,500,6,2,"
11.8903,heen,182,MM0 ?FF
11.8903,heen,182,MM1 ?FF
11.8903,heen,182,MM0 FF=0
11.8903,heen,182,MM1 FF=0
11.9248,heen,182,MM0 !M 155 -209
11.9248,heen,182,MM1 !M 155 -209
11.9249,heen,182,MM0 +
11.9249,heen,182,MM1 +
11.9249,heen,182,"#231,YAW,-1.50,GYRO,-47,-97,86,ACC,16,85,269,ADC,1298,372,3,1,"
11.9249,heen,182,MM0 ?P
11.9249,heen,182,MM1 ?P
11.9249,heen,182,MM0 P=155:-209
11.9249,heen,182,MM1 P=155:-209
11.9249,heen,182,"#232,YAW,-1.50,GYRO,22,312,38,ACC,-24,-11,214,ADC,1243,387,5,1,"
11.9827,heen,167,MM0 ?S
11.9828,heen,167,MM1 ?S
11.9828,heen,167,MM0 S=150:-225
11.9828,heen,167,MM1 S=150:-225
11.9828,heen,167,"#233,YAW,-1.50,GYRO,-29,-31,8,ACC,-20,42,228,ADC,1199,497,5,2,"
11.9828,heen,167,MM0 ?T
11.9828,heen,167,MM1 ?T
11.9828,heen,167,MM0 T=35:35
11.9828,heen,167,MM1 T=36:34
11.9828,heen,167,MM0 !M 143 -191
11.9828,heen,167,MM1 !M 143 -191
11.9829,heen,167,MM0 +
11.9829,heen,167,MM1 +
11.9829,heen,167,"#234,YAW,-1.50,GYRO,-180,-232,9,ACC,-65,78,341,ADC,1273,399,4,2,"
11.9829,heen,167,MM0 ?V
11.9829,heen,167,MM1 ?V
11.9829,heen,167,MM0 V=120:224:4905
11.9829,heen,167,MM1 V=120:221:4900
11.9829,heen,167,"$GPRMC,135755.6,A,5050.50933,N,00419.37277,E,000.63,208.3,081026,000.4,E*5D"
12.0178,heen,167,"#235,YAW,-1.50,GYRO,69,101,8,ACC,-30,-7,242,ADC,1234,391,4,2,"
12.0179,heen,167,MM0 ?CR
12.0179,heen,167,MM1 ?CR
12.0180,heen,167,MM0 CR=60:-64
12.0180,heen,167,MM1 CR=57:-62
12.0180,heen,167,"#236,YAW,-1.54,GYRO,133,303,-4,ACC,-15,-30,152,ADC,1212,380,5,2,"
12.0180,heen,167,MM0 ?A
12.0180,heen,167,MM1 ?A
12.0180,heen,167,MM0 A=-9:0
12.0180,heen,167,MM1 A=0:0
12.0389,heen,146,"#237,YAW,-1.54,GYRO,-106,45,-25,ACC,-4,8,265,ADC,1252,495,5,1,"
12.0389,heen,146,MM0 ?AI
12.0389,heen,146,MM1 ?AI
12.0389,heen,146,MM0 AI=0:0:2438:2459:0:0
12.0389,heen,146,MM1 AI=0:0:2388:2381:0:0
12.0389,heen,146,MM0 !M 142 -192
12.0389,heen,146,MM1 !M 142 -192
12.0389,heen,146,MM0 +
12.0389,heen,146,MM1 +
12.0595,heen,146,MM1 PING
12.0595,heen,146,MM0 PING
12.0595,heen,146,"#238,YAW,-1.54,GYRO,-242,-261,0,ACC,-48,61,231,ADC,1234,313,7,1,"
12.0596,heen,146,MM0 ?C
12.0596,heen,146,MM1 ?C
12.0596,heen,146,MM0 C=726:-2622
12.0596,heen,146,MM1 C=740:-2731
12.0945,heen,154,"#239,YAW,-1.55,GYRO,-10,-114,51,ACC,8,34,394,ADC,1287,500,5,2,"
12.0945,heen,154,MM0 ?D
12.0945,heen,154,MM1 ?D
12.0945,heen,154,MM0 D=48
12.0945,heen,154,MM1 D=35
12.0945,heen,154,"#240,YAW,-1.55,GYRO,54,403,20,ACC,-6,-42,190,ADC,1223,380,4,2,"
12.0946,heen,154,MM0 ?FF
12.0946,heen,154,MM1 ?FF
12.0946,heen,154,MM0 FF=0
12.0946,heen,154,MM1 FF=0
12.0946,heen,154,MM0 !M 121 -171
12.1362,heen,147,MM1 !M 121 -171
12.1362,heen,147,MM0 +
12.1362,heen,147,MM1 +
12.1362,heen,147,MM0 PING
12.1362,heen,147,MM1 PING
12.1362,heen,147,"#241,YAW,-1.55,GYRO,-55,-175,23,ACC,49,-73,362,ADC,1273,393,5,2,"
12.1362,heen,147,MM0 ?P
12.1363,heen,147,MM1 ?P
12.1363,heen,147,MM0 P=121:-171
12.1363,heen,147,MM1 P=121:-171
12.1363,heen,147,"#242,YAW,-1.55,GYRO,-40,125,6,ACC,-31,11,259,ADC,1246,383,4,1,"
12.1363,heen,147,MM0 ?S
12.1363,heen,147,MM1 ?S
12.1363,heen,147,MM0 S=150:-150
12.1363,heen,147,MM1 S=150:-150
12.1706,heen,147,MM0 !M 127 -181
12.1707,heen,147,MM1 !M 127 -181
12.1707,heen,147,MM0 +
12.1707,heen,147,MM1 +
12.1707,heen,147,MM0 PING
12.1707,heen,147,MM1 PING
12.1707,heen,147,"#243,YAW,-1.55,GYRO,-60,-87,32,ACC,-15,21,297,ADC,1214,273,5,2,"
12.1707,heen,147,MM0 ?T
12.1707,heen,147,MM1 ?T
12.1707,heen,147,MM0 T=35:35
12.1707,heen,147,MM1 T=36:34
12.1707,heen,147,MM1 !M 120 -174
12.1707,heen,147,MM0 !M 120 -174
12.1707,heen,147,MM1 +
12.1707,heen,147,MM0 +
12.1707,heen,147,"#244,YAW,-1.55,GYRO,-65,25,17,ACC,-22,24,270,ADC,1247,390,6,2,"
12.1708,heen,147,MM0 ?V
12.1708,heen,147,MM1 ?V
12.1708,heen,147,MM0 V=120:223:4905
12.1708,heen,147,MM1 V=120:221:4899
12.1915,heen,134,"$GPRMC,135755.8,A,5050.50932,N,00419.37283,E,000.63,208.3,081026,000.4,E*59"
12.1915,heen,134,"#245,YAW,-1.55,GYRO,3,38,25,ACC,-15,-25,230,ADC,1268,495,6,2,"
12.1915,heen,134,MM1 ?CR
12.1915,heen,134,MM0 ?CR
12.1915,heen,134,MM1 CR=41:-44
12.1915,heen,134,MM0 CR=44:-44
12.2266,heen,134,MM0 !M 107 -161
12.2267,heen,134,MM1 !M 107 -161
12.2267,heen,134,"#246,YAW,-1.59,GYRO,-12,71,8,ACC,-6,-26,264,ADC,1222,387,7,2,"
12.2267,heen,134,MM0 +
12.2267,heen,134,MM1 +
12.2267,heen,134,MM0 ?A
12.2267,heen,134,MM1 ?A
12.2267,heen,134,MM1 A=0:0
12.2267,heen,134,MM0 A=-4:-4
12.2267,heen,134,"#247,YAW,-1.59,GYRO,54,131,10,ACC,-17,2,257,ADC,1244,383,7,2,"
12.2267,heen,134,MM0 ?AI
12.2267,heen,134,MM1 ?AI
12.2786,heen,123,MM0 AI=0:0:2476:2463:0:0
12.2786,heen,123,MM1 AI=0:0:2379:2391:0:0
12.2786,heen,123,"#248,YAW,-1.60,GYRO,-3,66,15,ACC,3,32,233,ADC,1277,385,7,2,"
12.2787,heen,123,MM0 ?C
12.2787,heen,123,MM1 ?C
12.2787,heen,123,MM0 C=765:-2663
12.2787,heen,123,MM1 C=779:-2773
12.2787,heen,123,MM0 !M 96 -150
12.2788,heen,123,MM1 !M 96 -150
12.2788,heen,123,MM0 +
12.2788,heen,123,MM1 +
12.2788,heen,123,"#249,YAW,-1.60,GYRO,-26,-86,24,ACC,-20,31,247,ADC,1257,500,7,1,"
12.2788,heen,123,MM0 ?D
12.2788,heen,123,MM1 ?D
12.2788,heen,123,MM0 D=50
12.2788,heen,123,MM1 D=32
12.3287,heen,121,"#250,YAW,-1.60,GYRO,-50,12,23,ACC,-27,6,296,ADC,1261,383,5,2,"
12.3287,heen,121,MM1 ?FF
12.3288,heen,121,MM0 ?FF
12.3288,heen,121,MM1 FF=0
12.3288,heen,121,MM0 FF=0
12.3288,heen,121,"#251,YAW,-1.60,GYRO,-15,49,22,ACC,-1,-23,229,ADC,1263,391,5,2,"
12.3288,heen,121,MM0 ?P
12.3288,heen,121,MM1 ?P
12.3288,heen,121,MM0 P=96:-150
12.3288,heen,121,MM1 P=96:-150
12.3288,heen,121,MM1 !M 93 -149
12.3288,heen,121,MM0 !M 93 -149
12.3288,heen,121,MM1 +
12.3288,heen,121,MM0 +
12.3288,heen,121,"#252,YAW,-1.60,GYRO,-6,19,32,ACC,-20,-16,245,ADC,1250,384,4,2,"
12.3288,heen,121,MM0 ?S
12.3288,heen,121,MM1 ?S
12.3288,heen,121,MM0 S=75:-150
12.3288,heen,121,MM1 S=150:-75
12.3807,heen,114,"#253,YAW,-1.60,GYRO,38,136,19,ACC,-9,9,264,ADC,1243,499,5,2,"
12.3807,heen,114,MM0 ?T
12.3807,heen,114,MM1 ?T
12.3807,heen,114,MM0 T=35:35
12.3807,heen,114,MM1 T=36:34
12.3807,heen,114,MM1 !M 86 -142
12.3807,heen,114,MM0 !M 86 -142
12.3807,heen,114,MM1 +
12.3807,heen,114,MM0 +
12.3807,heen,114,"#254,YAW,-1.60,GYRO,22,123,2,ACC,-6,15,263,ADC,1275,389,7,2,"
12.3807,heen,114,MM0 ?V
12.3807,heen,114,MM1 ?V
12.3808,heen,114,MM0 V=120:223:4905
12.3808,heen,114,MM1 V=120:222:4898
12.3808,heen,114,"$GPRMC,135756.0,A,5050.50932,N,00419.37288,E,000.63,208.3,081026,000.4,E*59"
12.4297,heen,108,"#255,YAW,-1.60,GYRO,17,85,-15,ACC,-12,20,234,ADC,1210,380,7,2,"
12.4298,heen,108,MM1 ?CR
12.4298,heen,108,MM0 ?CR
12.4298,heen,108,MM1 CR=32:-34
12.4298,heen,108,MM0 CR=32:-34
12.4298,heen,108,"#0,YAW,-1.64,GYRO,-22,11,-13,ACC,-6,3,250,ADC,1219,383,3,1,"
12.4298,heen,108,MM0 ?A
12.4298,heen,108,MM1 ?A
12.4298,heen,108,MM0 A=-4:-4
12.4298,heen,108,MM1 A=0:-4
12.4298,heen,108,MM1 !M 80 -136
12.4298,heen,108,MM0 !M 80 -136
12.4298,heen,108,MM1 +
12.4298,heen,108,MM0 +
12.4298,heen,108,"#1,YAW,-1.64,GYRO,-53,9,-11,ACC,-5,2,284,ADC,1212,381,5,1,"
12.4298,heen,108,MM1 ?AI
12.4298,heen,108,MM0 ?AI
12.4298,heen,108,MM1 AI=0:0:2356:2366:0:0
12.4808,heen,101,MM0 AI=0:0:2452:2336:0:0
12.4808,heen,101,"#2,YAW,-1.64,GYRO,-47,31,-12,ACC,-14,-10,269,ADC,1266,501,5,1,"
12.4808,heen,101,MM0 ?C
12.4808,heen,101,MM1 ?C
12.4808,heen,101,MM0 C=796:-2695
12.4808,heen,101,MM1 C=809:-2804
12.4809,heen,101,MM0 !M 72 -130
12.4809,heen,101,MM1 !M 72 -130
12.4809,heen,101,MM0 +
12.4810,heen,101,MM1 +
12.4810,heen,101,"#3,YAW,-1.64,GYRO,-21,14,8,ACC,-9,-4,232,ADC,1217,379,4,1,"
12.4810,heen,101,MM0 ?D
12.4810,heen,101,MM1 ?D
12.4810,heen,101,MM0 D=40
12.4810,heen,101,MM1 D=3
12.5305,heen,93,"#4,YAW,-1.64,GYRO,-36,64,20,ACC,-19,-2,284,ADC,1238,395,5,1,"
12.5306,heen,93,MM1 ?FF
12.5306,heen,93,MM0 ?FF
12.5306,heen,93,MM1 FF=0
12.5306,heen,93,MM0 FF=0
12.5306,heen,93,"#5,YAW,-1.64,GYRO,-1,89,8,ACC,-23,6,244,ADC,1252,388,3,1,"
12.5306,heen,93,MM0 ?P
12.5306,heen,93,MM1 ?P
12.5306,heen,93,MM0 P=72:-130
12.5306,heen,93,MM1 P=72:-130
12.5306,heen,93,MM1 !M 66 -120
12.5306,heen,93,MM0 !M 66 -120
12.5307,heen,93,MM1 +
12.5307,heen,93,MM0 +
12.5307,heen,93,"#6,YAW,-1.64,GYRO,5,85,-1,ACC,-18,-2,259,ADC,1253,500,5,2,"
12.5307,heen,93,MM1 ?S
12.5307,heen,93,MM0 ?S
12.5307,heen,93,MM1 S=75:-75
12.5307,heen,93,MM0 S=75:-150
12.5806,heen,86,"#7,YAW,-1.64,GYRO,7,83,-6,ACC,-9,2,254,ADC,1275,501,4,1,"
12.5807,heen,86,MM1 ?T
12.5807,heen,86,MM0 ?T
12.5807,heen,86,MM1 T=36:34
12.5807,heen,86,MM0 T=35:35
12.5807,heen,86,MM0 !M 61 -111
12.5807,heen,86,MM1 !M 61 -111
12.5807,heen,86,MM0 +
12.5807,heen,86,MM1 +
12.5807,heen,86,"#8,YAW,-1.64,GYRO,-8,65,-2,ACC,9,3,254,ADC,1243,386,4,2,"
12.5807,heen,86,MM1 ?V
12.5807,heen,86,MM0 ?V
12.5807,heen,86,MM1 V=120:224:4898
12.5807,heen,86,MM0 V=120:223:4905
12.5807,heen,86,"$GPRMC,135756.2,A,5050.50931,N,00419.37293,E,000.63,208.3,081026,000.4,E*52"
12.6342,heen,81,"#9,YAW,-1.64,GYRO,-26,75,-7,ACC,-1,8,264,ADC,1287,392,6,1,"
12.6342,heen,81,MM1 ?CR
12.6342,heen,81,MM0 ?CR
12.6342,heen,81,MM1 CR=26:-26
12.6342,heen,81,MM0 CR=26:-26
12.6342,heen,81,"#10,YAW,-1.68,GYRO,-29,12,-8,ACC,-12,1,259,ADC,1226,383,4,2,"
12.6343,heen,81,MM1 ?A
12.6343,heen,81,MM0 ?A
12.6343,heen,81,MM1 A=0:0
12.6343,heen,81,MM0 A=0:0
12.6343,heen,81,MM0 !M 57 -105
12.6343,heen,81,MM1 !M 57 -105
12.6343,heen,81,MM0 +
12.6343,heen,81,MM1 +
12.6343,heen,81,"#11,YAW,-1.68,GYRO,-64,-4,-15,ACC,-19,4,232,ADC,1284,499,4,2,"
12.6343,heen,81,MM1 ?AI
12.6343,heen,81,MM0 ?AI
12.6343,heen,81,MM1 AI=0:0:2381:2393:0:0
12.6344,heen,81,MM0 AI=0:0:2448:2473:0:0
12.6826,heen,75,"#12,YAW,-1.68,GYRO,-23,60,-10,ACC,-14,4,256,ADC,1259,498,5,2,"
12.6826,heen,75,MM1 ?C
12.6826,heen,75,MM0 ?C
12.6826,heen,75,MM1 C=833:-2828
12.6826,heen,75,MM0 C=820:-2719
12.6827,heen,75,MM0 !M 53 -97
12.6827,heen,75,MM1 !M 53 -97
12.6827,heen,75,MM0 +
12.6827,heen,75,MM1 +
12.6827,heen,75,"#13,YAW,-1.68,GYRO,-16,38,5,ACC,-10,-6,283,ADC,1230,332,6,1,"
12.6828,heen,75,MM1 ?D
12.6828,heen,75,MM0 ?D
12.6828,heen,75,MM1 D=17
12.6828,heen,75,MM0 D=8
12.7338,heen,62,"#14,YAW,-1.69,GYRO,-10,58,10,ACC,-5,-2,250,ADC,1249,390,5,2,"
12.7338,heen,62,MM0 ?FF
12.7339,heen,62,MM1 ?FF
12.7339,heen,62,MM0 FF=0
12.7339,heen,62,MM1 FF=0
12.7339,heen,62,"#15,YAW,-1.69,GYRO,-1,61,4,ACC,-16,11,250,ADC,1237,409,6,1,"
12.7339,heen,62,MM1 ?P
12.7339,heen,62,MM0 ?P
12.7339,heen,62,MM1 P=53:-97
12.7339,heen,62,MM0 P=53:-97
12.7339,heen,62,MM0 !M 44 -80
12.7339,heen,62,MM1 !M 44 -80
12.7339,heen,62,MM0 +
12.7339,heen,62,MM1 +
12.7339,heen,62,"#16,YAW,-1.69,GYRO,-1,63,-2,ACC,-19,11,271,ADC,1294,392,4,2,"
12.7339,heen,62,MM1 ?S
12.7339,heen,62,MM0 ?S
12.7339,heen,62,MM1 S=75:-75
12.7339,heen,62,MM0 S=75:-75
12.7848,heen,60,"#17,YAW,-1.69,GYRO,8,77,-10,ACC,-16,-1,247,ADC,1259,387,5,2,"
12.7849,heen,60,MM1 ?T
12.7849,heen,60,MM0 ?T
12.7849,heen,60,MM1 T=36:34
12.7849,heen,60,MM0 T=35:35
12.7849,heen,60,MM0 !M 42 -78
12.7849,heen,60,MM1 !M 42 -78
12.7849,heen,60,MM0 +
12.7849,heen,60,MM1 +
12.7849,heen,60,"#18,YAW,-1.69,GYRO,1,59,-15,ACC,-17,4,254,ADC,1228,306,7,2,"
12.7849,heen,60,MM1 ?V
12.7849,heen,60,MM0 ?V
12.7849,heen,60,"$GPRMC,135756.4,A,5050.50937,N,00419.37303,E,000.63,208.3,081026,000.4,E*5A"
12.7849,heen,60,MM0 V=120:223:4906
12.7849,heen,60,MM1 V=120:222:4898
12.8364,heen,60,"#19,YAW,-1.69,GYRO,-10,34,-11,ACC,-11,8,246,ADC,1223,499,5,1,"
12.8365,heen,60,MM0 ?CR
12.8365,heen,60,MM1 ?CR
12.8365,heen,60,MM0 CR=19:-20
12.8365,heen,60,MM1 CR=19:-19
12.8365,heen,60,"#20,YAW,-1.73,GYRO,-2,55,-9,ACC,-2,0,264,ADC,1271,501,4,2,"
12.8365,heen,60,MM0 ?A
12.8365,heen,60,MM1 ?A
12.8365,heen,60,MM0 A=0:0
12.8365,heen,60,MM1 A=0:0
12.8365,heen,60,MM0 !M 42 -78
12.8365,heen,60,MM1 !M 42 -78
12.8365,heen,60,MM0 +
12.8365,heen,60,MM1 +
12.8365,heen,60,"#21,YAW,-1.73,GYRO,-21,51,1,ACC,-6,3,278,ADC,1225,503,4,1,"
12.8366,heen,60,MM0 ?AI
12.8366,heen,60,MM1 ?AI
12.8366,heen,60,MM0 AI=0:0:2446:2467:0:0
12.8366,heen,60,MM1 AI=0:0:2369:2380:0:0
12.8870,heen,60,"#22,YAW,-1.73,GYRO,-18,15,11,ACC,-1,4,259,ADC,1214,381,8,2,"
12.8870,heen,60,MM0 ?C
12.8870,heen,60,MM1 ?C
12.8870,heen,60,MM0 C=836:-2736
12.8870,heen,60,MM1 C=849:-2845
12.8871,heen,60,MM0 !M 42 -78
12.8871,heen,60,MM1 !M 42 -78
12.8871,heen,60,MM0 +
12.8871,heen,60,MM1 +
12.8871,heen,60,"#23,YAW,-1.73,GYRO,-33,21,12,ACC,4,4,254,ADC,1253,309,6,2,"
12.8872,heen,60,MM1 ?D
12.8872,heen,60,MM0 ?D
12.8872,heen,60,MM1 D=17
12.8872,heen,60,MM0 D=40
12.8872,heen,60,"#24,YAW,-1.73,GYRO,-26,17,8,ACC,-3,6,263,ADC,1224,381,5,2,"
12.8872,heen,60,MM1 ?FF
12.8872,heen,60,MM0 ?FF
12.9418,heen,60,MM1 FF=0
12.9418,heen,60,MM0 FF=0
12.9418,heen,60,"#25,YAW,-1.73,GYRO,-25,8,-1,ACC,-1,-2,245,ADC,1217,381,6,1,"
12.9419,heen,60,MM1 ?P
12.9419,heen,60,MM0 ?P
12.9419,heen,60,MM1 P=42:-78
12.9419,heen,60,MM0 P=42:-78
12.9419,heen,60,MM0 !M 42 -78
12.9419,heen,60,MM1 !M 42 -78
12.9419,heen,60,MM0 +
12.9419,heen,60,MM1 +
12.9419,heen,60,"#26,YAW,-1.73,GYRO,-17,28,-9,ACC,-4,-5,255,ADC,1277,384,6,2,"
12.9419,heen,60,MM0 ?S
12.9419,heen,60,MM1 ?S
12.9419,heen,60,MM0 S=75:-75
12.9419,heen,60,MM1 S=75:-75
12.9767,heen,60,"#27,YAW,-1.73,GYRO,-19,22,-3,ACC,-2,5,269,ADC,1286,505,5,2,"
12.9767,heen,60,MM0 ?T
12.9767,heen,60,MM1 ?T
12.9767,heen,60,MM0 T=35:35
12.9767,heen,60,MM1 T=36:34
12.9767,heen,60,MM0 !M 42 -78
12.9768,heen,60,MM1 !M 42 -78
12.9768,heen,60,MM0 +
12.9768,heen,60,MM1 +
12.9768,heen,60,"#28,YAW,-1.73,GYRO,-20,45,10,ACC,0,2,275,ADC,1245,501,5,2,"
12.9768,heen,60,MM0 ?V
12.9768,heen,60,MM1 ?V
12.9768,heen,60,"$GPRMC,135756.6,A,5050.50948,N,00419.37316,E,000.62,208.3,081026,000.4,E*55"
12.9768,heen,60,MM0 V=120:223:4906
12.9768,heen,60,MM1 V=120:222:4898
12.9973,heen,0,"#29,YAW,-1.73,GYRO,-13,79,10,ACC,-3,3,260,ADC,1246,384,4,2,"
12.9973,heen,0,MM0 ?CR
12.9973,heen,0,MM1 ?CR
12.9973,heen,0,MM0 CR=14:-14
12.9973,heen,0,MM1 CR=14:-14
13.0347,heen,0,"#30,YAW,-1.77,GYRO,0,45,-2,ACC,-2,0,253,ADC,1263,501,4,2,"
13.0348,heen,0,MM0 ?A
13.0348,heen,0,MM1 ?A
13.0348,heen,0,MM0 A=0:-4
13.0348,heen,0,MM1 A=0:0
13.0348,heen,0,MM0 !M 0 0
13.0348,heen,0,MM1 !M 0 0
13.0348,heen,0,MM0 +
13.0348,heen,0,MM1 +
13.0348,heen,0,"#31,YAW,-1.77,GYRO,-4,44,9,ACC,-25,-1,258,ADC,1256,401,4,1,"
13.0348,heen,0,MM0 ?AI
13.0348,heen,0,MM1 ?AI
13.0348,heen,0,MM0 AI=0:0:2446:2461:0:0
13.0348,heen,0,MM1 AI=0:0:2368:2368:0:0
13.0525,heen,0,"#32,YAW,-1.77,GYRO,-15,155,14,ACC,-31,2,246,ADC,1258,397,5,1,"
13.0525,heen,0,MM0 ?C
13.0525,heen,0,MM1 ?C
13.0525,heen,0,MM0 C=849:-2748
13.0525,heen,0,MM1 C=862:-2856
13.0867,heen,0,MM0 !M 0 0
13.0867,heen,0,MM1 !M 0 0
13.0867,heen,0,MM0 +
13.0867,heen,0,MM1 +
13.0867,heen,0,"#33,YAW,-1.77,GYRO,9,30,-23,ACC,-25,8,260,ADC,1227,285,3,2,"
13.0867,heen,0,MM0 ?D
13.0867,heen,0,MM1 ?D
13.0867,heen,0,MM0 D=26
13.0867,heen,0,MM1 D=57
13.0867,heen,0,"#34,YAW,-1.77,GYRO,-13,60,-24,ACC,-43,6,246,ADC,1262,397,7,3,"
13.0867,heen,0,MM0 ?FF
13.0867,heen,0,MM1 ?FF
13.1374,heen,0,MM0 FF=0
13.1374,heen,0,MM1 FF=0
13.1374,heen,0,"#35,YAW,-1.77,GYRO,0,61,-37,ACC,-14,1,266,ADC,1280,390,5,2,"
13.1374,heen,0,MM0 ?P
13.1374,heen,0,MM1 ?P
13.1375,heen,0,MM0 P=0:0
13.1375,heen,0,MM1 P=0:0
13.1375,heen,0,MM0 !M 0 0
13.1375,heen,0,MM1 !M 0 0
13.1375,heen,0,MM0 +
13.1375,heen,0,MM1 +
13.1375,heen,0,"#36,YAW,-1.77,GYRO,-10,15,-42,ACC,-20,4,244,ADC,1248,501,7,2,"
13.1375,heen,0,MM0 ?S
13.1375,heen,0,MM1 ?S
13.1375,heen,0,MM0 S=0:0
13.1375,heen,0,MM1 S=0:0
13.1887,heen,0,"#37,YAW,-1.77,GYRO,-12,68,-14,ACC,-14,1,265,ADC,1238,424,7,2,"
13.1887,heen,0,MM0 ?T
13.1888,heen,0,MM1 ?T
13.1888,heen,0,MM0 T=35:35
13.1888,heen,0,MM1 T=36:34
13.1888,heen,0,"#38,YAW,-1.77,GYRO,-16,38,21,ACC,-7,1,258,ADC,1252,393,6,2,"
13.1888,heen,0,MM0 ?V
13.1888,heen,0,MM1 ?V
13.1888,heen,0,MM0 V=120:223:4905
13.1888,heen,0,MM1 V=120:222:4900
13.1888,heen,0,"$GPRMC,135756.8,A,5050.50947,N,00419.37321,E,000.62,208.3,081026,000.4,E*50"
13.1888,heen,0,MM0 !M 0 0
13.1888,heen,0,MM0 +
13.1888,heen,0,MM1 !M 0 0
13.1888,heen,0,MM1 +
13.1888,heen,0,"#39,YAW,-1.77,GYRO,-14,31,23,ACC,-4,1,244,ADC,1195,305,6,1,"
13.1888,heen,0,MM0 ?CR
13.1888,heen,0,MM1 ?CR
13.1888,heen,0,MM0 CR=5:-4
13.1888,heen,0,MM1 CR=5:-4
13.2394,heen,0,"#40,YAW,-1.81,GYRO,-15,58,7,ACC,-7,3,260,ADC,1221,386,4,1,"
13.2394,heen,0,MM0 ?A
13.2395,heen,0,MM1 ?A
13.2395,heen,0,MM0 A=0:0
13.2395,heen,0,MM1 A=0:0
13.2395,heen,0,MM0 !M 0 0
13.2395,heen,0,MM1 !M 0 0
13.2395,heen,0,MM0 +
13.2395,heen,0,MM1 +
13.2395,heen,0,"#41,YAW,-1.81,GYRO,-14,35,-13,ACC,-4,5,259,ADC,1245,381,4,2,"
13.2395,heen,0,MM0 ?AI
13.2395,heen,0,MM1 ?AI
13.2395,heen,0,MM0 AI=0:0:2445:2451:0:0
13.2395,heen,0,MM1 AI=0:0:2357:2374:0:0
13.2882,heen,0,"#42,YAW,-1.81,GYRO,-15,50,-27,ACC,-1,1,253,ADC,1264,384,7,2,"
13.2883,heen,0,MM0 ?C
13.2883,heen,0,MM1 ?C
13.2883,heen,0,MM0 C=851:-2750
13.2883,heen,0,MM1 C=864:-2858
13.2884,heen,0,"#43,YAW,-1.81,GYRO,-16,36,-15,ACC,4,3,256,ADC,1260,382,4,1,"
13.2884,heen,0,MM0 ?D
13.2884,heen,0,MM1 ?D
13.2884,heen,0,MM0 D=33
13.2884,heen,0,MM1 D=19
13.2884,heen,0,MM0 !M 0 0
13.2884,heen,0,MM1 !M 0 0
13.2884,heen,0,MM0 +
13.2884,heen,0,MM1 +
13.2884,heen,0,"#44,YAW,-1.81,GYRO,-14,40,9,ACC,8,3,255,ADC,1281,502,3,2,"
13.2884,heen,0,MM0 ?FF
13.2884,heen,0,MM1 ?FF
13.2884,heen,0,MM0 FF=0
13.2884,heen,0,MM1 FF=0
13.3255,heen,0,"#45,YAW,-1.81,GYRO,-17,34,20,ACC,15,2,255,ADC,1281,500,5,2,"
13.3255,heen,0,MM0 ?P
13.3256,heen,0,MM1 ?P
13.3256,heen,0,MM0 P=0:0
13.3256,heen,0,MM1 P=0:0
13.3256,heen,0,"#46,YAW,-1.81,GYRO,-17,39,18,ACC,20,0,264,ADC,1273,401,5,2,"
13.3256,heen,0,MM0 ?S
13.3256,heen,0,MM1 ?S
13.3468,heen,0,MM0 S=0:0
13.3468,heen,0,MM1 S=0:0
13.3468,heen,0,MM0 !M 0 0
13.3468,heen,0,MM1 !M 0 0
13.3468,heen,0,MM0 +
13.3468,heen,0,MM1 +
13.3468,heen,0,"#47,YAW,-1.81,GYRO,-15,47,-5,ACC,12,0,259,ADC,1245,387,6,2,"
13.3469,heen,0,MM0 ?T
13.3469,heen,0,MM1 ?T
13.3971,heen,0,MM0 T=35:35
13.3972,heen,0,MM1 T=36:34
13.3972,heen,0,MM0 !M 0 0
13.3972,heen,0,MM1 !M 0 0
13.3972,heen,0,MM0 +
13.3972,heen,0,MM1 +
13.3972,heen,0,"#48,YAW,-1.81,GYRO,-10,50,-28,ACC,7,4,256,ADC,1230,499,6,2,"
13.3972,heen,0,MM0 ?V
13.3972,heen,0,MM1 ?V
13.3972,heen,0,MM0 V=120:221:4906
13.3972,heen,0,MM1 V=120:223:4901
13.3972,heen,0,"$GPRMC,135757.0,A,5050.50947,N,00419.37327,E,000.61,208.3,081026,000.4,E*5C"
13.4031,heen,0,"#49,YAW,-1.81,GYRO,-11,53,-34,ACC,6,7,259,ADC,1269,382,7,2,"
13.4032,heen,0,MM0 ?CR
13.4032,heen,0,MM1 ?CR
13.4032,heen,0,MM0 CR=0:1
13.4032,heen,0,MM1 CR=0:0
13.4236,heen,0,"#50,YAW,-1.84,GYRO,-11,49,-16,ACC,2,3,260,ADC,1264,390,5,1,"
13.4236,heen,0,MM0 ?A
13.4236,heen,0,MM1 ?A
13.4236,heen,0,MM0 A=0:0
13.4236,heen,0,MM1 A=0:0
13.4236,heen,0,MM0 !M 0 0
13.4236,heen,0,MM1 !M 0 0
13.4236,heen,0,MM0 +
13.4236,heen,0,MM1 +
13.4445,heen,0,"#51,YAW,-1.84,GYRO,-14,42,0,ACC,4,2,255,ADC,1221,382,5,2,"
13.4446,heen,0,MM0 ?AI
13.4446,heen,0,MM1 ?AI
13.4446,heen,0,MM0 AI=0:0:2441:2450:0:0
13.4446,heen,0,MM1 AI=0:0:2364:2369:0:0
13.4446,heen,0,"#52,YAW,-1.84,GYRO,-13,46,-1,ACC,7,2,259,ADC,1290,382,7,2,"
13.4819,heen,0,MM0 ?C
13.4819,heen,0,MM1 ?C
13.4819,heen,0,MM0 C=851:-2749
13.4820,heen,0,MM1 C=864:-2858
13.4820,heen,0,MM0 !M 0 0
13.4820,heen,0,MM1 !M 0 0
13.4820,heen,0,MM0 +
13.4820,heen,0,MM1 +
13.4820,heen,0,"#53,YAW,-1.84,GYRO,-13,49,-8,ACC,5,4,256,ADC,1241,394,4,2,"
13.4821,heen,0,MM0 ?D
13.4821,heen,0,MM1 ?D
13.4821,heen,0,MM1 D=19
13.4821,heen,0,MM0 D=1
13.4994,heen,0,"#54,YAW,-1.84,GYRO,-12,49,-8,ACC,3,0,256,ADC,1233,382,6,1,"
13.4995,heen,0,MM0 ?FF
13.4995,heen,0,MM1 ?FF
13.4995,heen,0,MM0 FF=0
13.4995,heen,0,MM1 FF=0
13.5358,heen,0,"#55,YAW,-1.84,GYRO,-13,48,-5,ACC,3,0,259,ADC,1234,384,6,1,"
13.5358,heen,0,MM0 ?P
13.5358,heen,0,MM1 ?P
13.5358,heen,0,MM0 P=0:0
13.5358,heen,0,MM1 P=0:0
13.5358,heen,0,MM0 !M 0 0
13.5358,heen,0,MM1 !M 0 0
13.5359,heen,0,MM0 +
13.5359,heen,0,MM1 +
13.5359,heen,0,"#56,YAW,-1.84,GYRO,-14,45,-1,ACC,5,-1,257,ADC,1259,500,7,2,"
13.5359,heen,0,MM0 ?S
13.5359,heen,0,MM1 ?S
13.5359,heen,0,MM0 S=0:0
13.5359,heen,0,MM1 S=0:0
13.5581,heen,0,"#57,YAW,-1.84,GYRO,-12,49,-6,ACC,5,4,260,ADC,1266,387,7,2,"
13.5582,heen,0,MM1 ?T
13.5582,heen,0,MM0 ?T
13.5582,heen,0,MM0 T=35:35
13.5582,heen,0,MM1 T=36:34
13.5926,heen,0,"#58,YAW,-1.84,GYRO,-12,47,-5,ACC,1,2,260,ADC,1302,498,4,1,"
13.5926,heen,0,MM0 ?V
13.5926,heen,0,MM1 ?V
13.5926,heen,0,MM0 V=120:223:4904
13.5927,heen,0,MM1 V=120:223:4901
13.5927,heen,0,MM0 !M 0 0
13.5927,heen,0,MM1 !M 0 0
13.5927,heen,0,MM1 +
13.5927,heen,0,MM0 +
13.5927,heen,0,"$GPRMC,135757.2,A,5050.50948,N,00419.37333,E,000.61,208.3,081026,000.4,E*54"
13.5927,heen,0,"#59,YAW,-1.84,GYRO,-14,47,-6,ACC,4,1,255,ADC,1237,388,5,1,"
13.5927,heen,0,MM0 ?CR
13.5927,heen,0,MM1 ?CR
13.5927,heen,0,MM0 CR=0:0
13.5927,heen,0,MM1 CR=0:0
13.6426,heen,0,"#60,YAW,-1.88,GYRO,-13,47,-7,ACC,5,2,257,ADC,1269,381,6,1,"
13.6427,heen,0,MM0 ?A
13.6427,heen,0,MM1 ?A
13.6427,heen,0,MM0 A=0:0
13.6427,heen,0,MM1 A=0:0
13.6427,heen,0,MM0 !M 0 0
13.6427,heen,0,MM1 !M 0 0
13.6427,heen,0,MM0 +
13.6427,heen,0,MM1 +
13.6427,heen,0,"#61,YAW,-1.88,GYRO,-14,47,-8,ACC,5,1,259,ADC,1209,382,4,2,"
13.6428,heen,0,MM0 ?AI
13.6428,heen,0,MM1 ?AI
13.6428,heen,0,MM0 AI=0:0:2446:2458:0:0
13.6428,heen,0,MM1 AI=0:0:2391:2376:0:0
13.6955,heen,0,"#62,YAW,-1.88,GYRO,-13,48,-7,ACC,3,2,258,ADC,1245,388,4,2,"
13.6955,heen,0,MM0 ?C
13.6955,heen,0,MM1 ?C
13.6955,heen,0,MM0 C=851:-2749
13.6955,heen,0,MM1 C=864:-2857
13.6956,heen,0,"#63,YAW,-1.88,GYRO,-14,46,-9,ACC,4,3,257,ADC,1278,501,8,2,"
13.6956,heen,0,MM0 ?D
13.6956,heen,0,MM1 ?D
13.6956,heen,0,MM1 D=51
13.6956,heen,0,MM0 D=1
13.6956,heen,0,MM0 !M 0 0
13.6957,heen,0,MM1 !M 0 0
13.6957,heen,0,MM0 +
13.6957,heen,0,MM1 +
13.6957,heen,0,"#64,YAW,-1.88,GYRO,-14,47,-8,ACC,2,3,259,ADC,1225,384,3,2,"
13.6957,heen,0,MM0 ?FF
13.6957,heen,0,MM1 ?FF
13.6957,heen,0,MM0 FF=0
13.6957,heen,0,MM1 FF=0
13.7456,heen,-60,"#65,YAW,-1.88,GYRO,-14,45,-6,ACC,8,1,258,ADC,1236,496,6,2,"
13.7457,heen,-60,MM1 ?P
13.7457,heen,-60,MM0 ?P
13.7457,heen,-60,MM0 P=0:0
13.7457,heen,-60,MM1 P=0:0
13.7457,heen,-60,MM1 !M -65 55
13.7457,heen,-60,MM0 !M -65 55
13.7457,heen,-60,MM1 +
13.7457,heen,-60,MM0 +
13.7457,heen,-60,"#66,YAW,-1.88,GYRO,-14,48,-7,ACC,3,1,256,ADC,1293,281,4,1,"
13.7457,heen,-60,MM0 ?S
13.7458,heen,-60,MM1 ?S
13.7458,heen,-60,MM0 S=0:0
13.7458,heen,-60,MM1 S=0:0
13.7458,heen,-60,"#67,YAW,-1.88,GYRO,-14,68,2,ACC,5,-11,243,ADC,1241,501,7,2,"
13.7458,heen,-60,MM0 ?T
13.7458,heen,-60,MM1 ?T
13.7804,heen,0,MM0 T=35:35
13.7804,heen,0,MM1 T=36:34
13.7804,heen,0,"#68,YAW,-1.88,GYRO,-9,56,7,ACC,-44,-7,281,ADC,1256,389,6,1,"
13.7804,heen,0,"$GPRMC,135757.4,A,5050.50947,N,00419.37339,E,000.60,208.3,081026,000.4,E*56"
13.7804,heen,0,MM0 ?V
13.7804,heen,0,MM1 ?V
13.7804,heen,0,MM0 V=120:223:4903
13.7804,heen,0,MM1 V=120:222:4902
13.7804,heen,0,MM0 !M -65 55
13.7804,heen,0,MM1 !M -65 55
13.7804,heen,0,MM0 +
13.7804,heen,0,MM1 +
13.8015,heen,0,"#69,YAW,-1.88,GYRO,-26,21,12,ACC,-16,5,274,ADC,1225,350,5,2,"
13.8016,heen,0,MM0 ?CR
13.8016,heen,0,MM1 ?CR
13.8016,heen,0,MM0 CR=-2:1
13.8016,heen,0,MM1 CR=-2:2
13.8016,heen,0,MM0 !M 0 0
13.8016,heen,0,MM1 !M 0 0
13.8016,heen,0,MM0 +
13.8016,heen,0,MM1 +
13.8016,heen,0,MM1 !M 0 0
13.8016,heen,0,MM0 !M 0 0
13.8016,heen,0,MM1 +
13.8247,heen,0,"#70,YAW,-1.91,GYRO,-20,57,-15,ACC,-25,6,239,ADC,1231,313,4,2,"
13.8247,heen,0,MM0 +
13.8247,heen,0,MM0 ?A
13.8247,heen,0,MM1 ?A
13.8247,heen,0,MM0 A=0:0
13.8247,heen,0,MM1 A=0:0
13.8435,heen,0,"#71,YAW,-1.91,GYRO,-19,-9,-20,ACC,16,5,246,ADC,1310,499,5,2,"
13.8436,heen,0,MM0 ?AI
13.8436,heen,0,MM1 ?AI
13.8436,heen,0,MM0 AI=0:0:2455:2460:0:0
13.8436,heen,0,MM1 AI=0:0:2374:2353:0:0
13.8774,heen,0,"#72,YAW,-1.91,GYRO,-25,56,-14,ACC,-8,9,261,ADC,1255,501,6,2,"
13.8774,heen,0,MM0 ?C
13.8774,heen,0,MM1 ?C
13.8774,heen,0,MM0 C=848:-2747
13.8774,heen,0,MM1 C=861:-2855
13.8775,heen,0,MM0 !M 0 0
13.8775,heen,0,MM1 !M 0 0
13.8775,heen,0,MM0 +
13.8775,heen,0,MM1 +
13.8775,heen,0,"#73,YAW,-1.91,GYRO,-11,38,2,ACC,1,6,253,ADC,1232,391,5,2,"
13.8775,heen,0,MM0 ?D
13.8775,heen,0,MM1 ?D
13.8775,heen,0,MM0 D=51
13.8775,heen,0,MM1 D=2
13.9284,heen,0,"#74,YAW,-1.91,GYRO,-24,10,9,ACC,21,8,260,ADC,1284,502,6,2,"
13.9285,heen,0,MM0 ?FF
13.9285,heen,0,MM1 ?FF
13.9285,heen,0,MM0 FF=0
13.9285,heen,0,MM1 FF=0
13.9285,heen,0,"#75,YAW,-1.91,GYRO,-13,42,15,ACC,26,4,260,ADC,1230,381,5,2,"
13.9285,heen,0,MM0 ?P
13.9285,heen,0,MM1 ?P
13.9285,heen,0,MM0 P=0:0
13.9285,heen,0,MM1 P=0:0
13.9285,heen,0,MM0 !M 0 0
13.9285,heen,0,MM1 !M 0 0
13.9285,heen,0,MM0 +
13.9285,heen,0,MM1 +
13.9285,heen,0,"#76,YAW,-1.91,GYRO,-14,48,8,ACC,23,5,262,ADC,1278,500,6,2,"
13.9286,heen,0,MM0 ?S
13.9286,heen,0,MM1 ?S
13.9286,heen,0,MM0 S=0:0
13.9286,heen,0,MM1 S=0:0
13.9869,heen,0,"#77,YAW,-1.91,GYRO,-10,58,-15,ACC,21,1,251,ADC,1235,500,4,1,"
13.9870,heen,0,MM0 ?T
13.9870,heen,0,MM1 ?T
13.9870,heen,0,MM0 T=35:35
13.9870,heen,0,MM1 T=36:34
13.9870,heen,0,MM1 !M 0 0
13.9870,heen,0,MM0 !M 0 0
13.9870,heen,0,MM1 +
13.9870,heen,0,MM0 +
13.9870,heen,0,"#78,YAW,-1.91,GYRO,-12,51,-28,ACC,7,2,260,ADC,1301,334,4,2,"
13.9871,heen,0,MM0 ?V
13.9871,heen,0,MM1 ?V
13.9871,heen,0,MM0 V=120:223:4905
13.9871,heen,0,MM1 V=120:223:4901
13.9871,heen,0,"$GPRMC,135757.6,A,5050.50946,N,00419.37343,E,000.60,208.3,081026,000.4,E*58"
13.9871,heen,0,"#79,YAW,-1.91,GYRO,-13,55,-17,ACC,6,0,259,ADC,1246,497,3,3,"
14.0054,heen,0,MM0 ?CR
14.0055,heen,0,MM1 ?CR
14.0055,heen,0,MM0 CR=-2:2
14.0055,heen,0,MM1 CR=-2:1
14.0055,heen,0,"#80,YAW,-1.95,GYRO,-12,49,-7,ACC,7,2,254,ADC,1224,390,7,2,"
14.0055,heen,0,MM0 ?A
14.0056,heen,0,MM1 ?A
14.0294,heen,0,MM0 A=0:0
14.0294,heen,0,MM1 A=0:0
14.0294,heen,0,MM0 !M 0 0
14.0294,heen,0,MM1 !M 0 0
14.0294,heen,0,MM0 +
14.0294,heen,0,MM1 +
14.0294,heen,0,"#81,YAW,-1.95,GYRO,-15,46,2,ACC,4,1,259,ADC,1258,382,6,1,"
14.0294,heen,0,MM0 ?AI
14.0294,heen,0,MM1 ?AI
14.0799,heen,0,MM0 AI=0:0:2451:2456:0:0
14.0799,heen,0,MM1 AI=0:0:2368:2376:0:0
14.0799,heen,0,"#82,YAW,-1.95,GYRO,-12,52,7,ACC,5,1,251,ADC,1256,502,6,2,"
14.0800,heen,0,MM0 ?C
14.0800,heen,0,MM1 ?C
14.0800,heen,0,MM0 C=847:-2746
14.0800,heen,0,MM1 C=860:-2855
14.0801,heen,0,MM0 !M 0 0
14.0801,heen,0,MM1 !M 0 0
14.0801,heen,0,MM0 +
14.0801,heen,0,MM1 +
14.0801,heen,0,"#83,YAW,-1.95,GYRO,-13,47,-2,ACC,3,0,254,ADC,1258,385,6,2,"
14.0801,heen,0,MM0 ?D
14.0801,heen,0,MM1 ?D
14.0801,heen,0,MM0 D=33
14.0801,heen,0,MM1 D=3
14.1317,heen,0,"#84,YAW,-1.95,GYRO,-13,51,-12,ACC,4,2,255,ADC,1254,385,3,1,"
14.1317,heen,0,MM0 ?FF
14.1317,heen,0,MM1 ?FF
14.1317,heen,0,MM0 FF=0
14.1317,heen,0,MM1 FF=0
14.1317,heen,0,"#85,YAW,-1.95,GYRO,-12,48,-16,ACC,1,3,259,ADC,1249,497,6,2,"
14.1318,heen,0,MM0 ?P
14.1318,heen,0,MM1 ?P
14.1318,heen,0,MM0 P=0:0
14.1318,heen,0,MM1 P=0:0
14.1318,heen,0,MM1 !M 0 0
14.1318,heen,0,MM0 !M 0 0
14.1318,heen,0,MM1 +
14.1318,heen,0,MM0 +
14.1318,heen,0,"#86,YAW,-1.95,GYRO,-12,47,-11,ACC,0,3,254,ADC,1258,385,3,1,"
14.1318,heen,0,MM0 ?S
14.1318,heen,0,MM1 ?S
14.1318,heen,0,MM0 S=0:0
14.1318,heen,0,MM1 S=0:0
14.1806,heen,0,"#87,YAW,-1.95,GYRO,-12,47,-1,ACC,4,3,260,ADC,1265,502,4,2,"
14.1806,heen,0,MM0 ?T
14.1806,heen,0,MM1 ?T
14.1806,heen,0,MM0 T=35:35
14.1806,heen,0,MM1 T=36:34
14.1807,heen,0,MM1 !M 0 0
14.1807,heen,0,MM0 !M 0 0
14.1807,heen,0,MM1 +
14.1807,heen,0,MM0 +
14.1807,heen,0,"#88,YAW,-1.95,GYRO,-15,46,3,ACC,1,1,262,ADC,1301,501,8,2,"
14.1807,heen,0,MM0 ?V
14.1807,heen,0,MM1 ?V
14.1807,heen,0,MM0 V=120:223:4906
14.1807,heen,0,MM1 V=120:220:4900
14.1807,heen,0,"$GPRMC,135757.8,A,5050.50942,N,00419.37346,E,000.60,208.3,081026,000.4,E*57"
14.2183,heen,0,"#89,YAW,-1.95,GYRO,-14,47,0,ACC,1,1,256,ADC,1212,385,5,1,"
14.2184,heen,0,MM0 ?CR
14.2184,heen,0,MM1 ?CR
14.2184,heen,0,MM0 CR=0:0
14.2184,heen,0,MM1 CR=0:0
14.2184,heen,0,"#90,YAW,-1.98,GYRO,-13,49,-7,ACC,2,4,255,ADC,1264,389,5,2,"
14.2184,heen,0,MM0 ?A
14.2184,heen,0,MM1 ?A
14.2184,heen,0,MM0 A=0:0
14.2184,heen,0,MM1 A=0:0
14.2184,heen,0,MM1 !M 0 0
14.2184,heen,0,MM0 !M 0 0
14.2184,heen,0,MM1 +
14.2184,heen,0,MM0 +
14.2394,heen,0,"#91,YAW,-1.98,GYRO,-14,45,-7,ACC,4,4,259,ADC,1203,382,6,2,"
14.2395,heen,0,MM0 ?AI
14.2395,heen,0,MM1 ?AI
14.2395,heen,0,MM0 AI=0:0:2457:2464:0:0
14.2395,heen,0,MM1 AI=0:0:2362:2375:0:0
14.2748,heen,0,"#92,YAW,-1.98,GYRO,-12,49,-1,ACC,7,1,259,ADC,1234,387,4,2,"
14.2748,heen,0,MM0 ?C
14.2748,heen,0,MM1 ?C
14.2748,heen,0,MM0 C=847:-2746
14.2748,heen,0,MM1 C=860:-2855
14.2749,heen,0,MM0 !M 0 0
14.2749,heen,0,MM1 !M 0 0
14.2750,heen,0,MM0 +
14.2750,heen,0,MM1 +
14.2750,heen,0,"#93,YAW,-1.98,GYRO,-14,45,1,ACC,4,1,257,ADC,1247,403,5,1,"
14.2750,heen,0,MM0 ?D
14.2750,heen,0,MM1 ?D
14.2750,heen,0,MM0 D=33
14.2750,heen,0,MM1 D=3
14.3015,heen,0,"#94,YAW,-1.98,GYRO,-15,48,-1,ACC,4,1,259,ADC,1229,387,5,2,"
14.3015,heen,0,MM0 ?FF
14.3015,heen,0,MM1 ?FF
14.3015,heen,0,MM0 FF=0
14.3015,heen,0,MM1 FF=0
14.3163,heen,0,"#95,YAW,-1.98,GYRO,-15,48,-7,ACC,2,3,260,ADC,1273,382,4,1,"
14.3163,heen,0,MM0 ?P
14.3163,heen,0,MM1 ?P
14.3163,heen,0,MM0 P=0:0
14.3163,heen,0,MM1 P=0:0
14.3163,heen,0,MM1 !M 0 0
14.3163,heen,0,MM0 !M 0 0
14.3163,heen,0,MM1 +
14.3163,heen,0,MM0 +
14.3373,heen,0,"#96,YAW,-1.98,GYRO,-14,49,-10,ACC,7,2,259,ADC,1237,391,4,2,"
14.3374,heen,0,MM0 ?S
14.3374,heen,0,MM1 ?S
14.3374,heen,0,MM0 S=0:0
14.3374,heen,0,MM1 S=0:0
14.3717,heen,0,"#97,YAW,-1.98,GYRO,-13,50,-9,ACC,3,2,259,ADC,1243,393,5,2,"
14.3718,heen,0,MM0 ?T
14.3718,heen,0,MM1 ?T
14.3718,heen,0,MM0 T=35:35
14.3718,heen,0,MM1 T=36:34
14.3718,heen,0,MM1 !M 0 0
14.3718,heen,0,MM0 !M 0 0
14.3718,heen,0,MM1 +
14.3718,heen,0,MM0 +
14.3718,heen,0,"#98,YAW,-1.98,GYRO,-14,48,-7,ACC,3,3,256,ADC,1236,382,4,2,"
14.3718,heen,0,MM0 ?V
14.3718,heen,0,MM1 ?V
14.3718,heen,0,MM0 V=120:223:4906
14.3718,heen,0,MM1 V=120:222:4900
14.3929,heen,0,"$GPRMC,135758.0,A,5050.50943,N,00419.37352,E,000.59,208.3,081026,000.4,E*5E"
14.3930,heen,0,"#99,YAW,-1.98,GYRO,-13,48,-5,ACC,1,3,260,ADC,1248,386,6,2,"
14.3930,heen,0,MM1 ?CR
14.3930,heen,0,MM0 ?CR
14.3930,heen,0,MM1 CR=0:0
14.3930,heen,0,MM0 CR=0:0
14.4131,heen,0,"#100,YAW,-2.01,GYRO,-13,48,-6,ACC,3,3,258,ADC,1297,502,5,2,"
14.4132,heen,0,MM0 ?A
14.4132,heen,0,MM1 ?A
14.4132,heen,0,MM0 A=0:0
14.4132,heen,0,MM1 A=0:0
14.4132,heen,0,MM1 !M 0 0
14.4132,heen,0,MM0 !M 0 0
14.4132,heen,0,MM1 +
14.4132,heen,0,MM0 +
14.4344,heen,0,"#101,YAW,-2.01,GYRO,-13,45,-4,ACC,4,2,256,ADC,1276,387,5,1,"
14.4344,heen,0,MM0 ?AI
14.4344,heen,0,MM1 ?AI
14.4344,heen,0,MM0 AI=0:0:2442:2471:0:0
14.4344,heen,0,MM1 AI=0:0:2366:2374:0:0
14.5077,heen,0,"#102,YAW,-2.01,GYRO,-14,47,-3,ACC,4,2,257,ADC,1230,383,5,2,"
14.5078,heen,0,MM0 ?C
14.5078,heen,0,MM1 ?C
14.5078,heen,0,MM0 C=847:-2746
14.5078,heen,0,MM1 C=860:-2855
14.5079,heen,0,MM0 !M 0 0
14.5079,heen,0,MM1 !M 0 0
14.5079,heen,0,MM0 +
14.5079,heen,0,MM1 +
14.5080,heen,0,"#103,YAW,-2.01,GYRO,-13,47,-3,ACC,1,4,262,ADC,1277,342,4,2,"
14.5080,heen,0,MM0 ?D
14.5080,heen,0,MM1 ?D
14.5080,heen,0,MM0 D=33
14.5080,heen,0,MM1 D=11
14.5080,heen,0,"#104,YAW,-2.01,GYRO,-13,48,-2,ACC,3,3,259,ADC,1231,388,6,2,"
14.5080,heen,0,MM0 ?FF
14.5206,heen,0,MM1 ?FF
14.5206,heen,0,MM0 FF=0
14.5206,heen,0,MM1 FF=0
14.5207,heen,0,"#105,YAW,-2.01,GYRO,-12,48,-5,ACC,4,3,257,ADC,1295,498,4,2,"
14.5207,heen,0,MM0 ?P
14.5207,heen,0,MM1 ?P
14.5207,heen,0,MM0 P=0:0
14.5207,heen,0,MM1 P=0:0
14.5207,heen,0,MM0 !M 0 0
14.5207,heen,0,MM1 !M 0 0
14.5207,heen,0,MM0 +
14.5207,heen,0,MM1 +
14.5411,heen,0,"#106,YAW,-2.01,GYRO,-13,48,-6,ACC,9,2,260,ADC,1255,382,4,2,"
14.5411,heen,0,MM0 ?S
14.5411,heen,0,MM1 ?S
14.5411,heen,0,MM0 S=0:0
14.5411,heen,0,MM1 S=0:0
14.5757,heen,0,"#107,YAW,-2.01,GYRO,-13,47,-7,ACC,5,3,255,ADC,1234,380,6,2,"
14.5757,heen,0,MM0 ?T
14.5757,heen,0,MM1 ?T
14.5758,heen,0,MM0 T=35:35
14.5758,heen,0,MM1 T=36:34
14.5758,heen,0,MM0 !M 0 0
14.5758,heen,0,MM1 !M 0 0
14.5758,heen,0,MM0 +
14.5758,heen,0,MM1 +
14.5758,heen,0,"#108,YAW,-2.01,GYRO,-13,48,-5,ACC,5,1,260,ADC,1276,390,4,1,"
14.5758,heen,0,MM0 ?V
14.5758,heen,0,MM1 ?V
14.5758,heen,0,MM0 V=120:223:4905
14.5758,heen,0,MM1 V=120:222:4898
14.5962,heen,0,"$GPRMC,135758.2,A,5050.50940,N,00419.37355,E,000.59,208.3,081026,000.4,E*58"
14.5963,heen,0,"#109,YAW,-2.01,GYRO,-14,49,-5,ACC,5,0,255,ADC,1221,380,4,1,"
14.5963,heen,0,MM1 ?CR
14.5963,heen,0,MM0 ?CR
14.5963,heen,0,MM1 CR=0:0
14.5963,heen,0,MM0 CR=0:0
14.6335,heen,0,"#110,YAW,-2.04,GYRO,-14,46,-6,ACC,3,2,260,ADC,1246,387,5,1,"
14.6335,heen,0,MM0 ?A
14.6335,heen,0,MM1 ?A
14.6335,heen,0,MM0 A=0:0
14.6335,heen,0,MM1 A=0:0
14.6335,heen,0,MM0 !M 0 0
14.6335,heen,0,MM1 !M 0 0
14.6335,heen,0,MM0 +
14.6335,heen,0,MM1 +
14.6335,heen,0,"#111,YAW,-2.04,GYRO,-14,47,-5,ACC,4,3,258,ADC,1288,501,4,2,"
14.6335,heen,0,MM1 ?AI
14.6335,heen,0,MM0 ?AI
14.6335,heen,0,MM1 AI=0:0:2376:2366:0:0
14.6335,heen,0,MM0 AI=0:0:2446:2468:0:0
14.6857,heen,0,"#112,YAW,-2.04,GYRO,-13,47,-4,ACC,2,3,264,ADC,1219,385,4,2,"
14.6858,heen,0,MM0 ?C
14.6858,heen,0,MM1 ?C
14.6858,heen,0,MM0 C=847:-2746
14.6858,heen,0,MM1 C=860:-2855
14.6859,heen,0,MM0 !M 0 0
14.6859,heen,0,MM1 !M 0 0
14.6859,heen,0,MM0 +
14.6859,heen,0,MM1 +
14.6859,heen,0,"#113,YAW,-2.04,GYRO,-12,47,-3,ACC,1,0,253,ADC,1248,344,6,2,"
14.6859,heen,0,MM0 ?D
14.6859,heen,0,MM1 ?D
14.6860,heen,0,MM0 D=33
14.6860,heen,0,MM1 D=3
14.6860,heen,0,"#114,YAW,-2.04,GYRO,-15,48,-4,ACC,1,3,260,ADC,1189,382,7,2,"
14.6860,heen,0,MM1 ?FF
14.7367,heen,0,MM0 ?FF
14.7367,heen,0,MM1 FF=0
14.7367,heen,0,MM0 FF=0
14.7368,heen,0,"#115,YAW,-2.04,GYRO,-14,47,-5,ACC,4,2,258,ADC,1266,498,4,2,"
14.7368,heen,0,MM0 ?P
14.7368,heen,0,MM1 ?P
14.7368,heen,0,MM0 P=0:0
14.7368,heen,0,MM1 P=0:0
14.7368,heen,0,MM0 !M 0 0
14.7368,heen,0,MM1 !M 0 0
14.7368,heen,0,MM0 +
14.7369,heen,0,MM1 +
14.7369,heen,0,"#116,YAW,-2.04,GYRO,-14,47,-5,ACC,2,3,255,ADC,1251,384,5,2,"
14.7369,heen,0,MM1 ?S
14.7369,heen,0,MM0 ?S
14.7369,heen,0,MM1 S=0:0
14.7369,heen,0,MM0 S=0:0
14.7866,heen,0,"#117,YAW,-2.04,GYRO,-13,47,-7,ACC,5,1,254,ADC,1253,391,7,2,"
14.7867,heen,0,MM1 ?T
14.7867,heen,0,MM0 ?T
14.7867,heen,0,MM1 T=36:34
14.7867,heen,0,MM0 T=35:35
14.7867,heen,0,MM1 !M 0 0
14.7867,heen,0,MM0 !M 0 0
14.7867,heen,0,MM1 +
14.7867,heen,0,MM0 +
14.7867,heen,0,"#118,YAW,-2.04,GYRO,-14,49,-5,ACC,6,1,254,ADC,1280,401,6,2,"
14.7867,heen,0,MM0 ?V
14.7867,heen,0,MM1 ?V
14.7867,heen,0,MM0 V=120:223:4907
14.7867,heen,0,MM1 V=120:222:4900
14.7867,heen,0,"$GPRMC,135758.4,A,5050.50930,N,00419.37354,E,000.58,208.3,081026,000.4,E*59"
14.7867,heen,0,"#119,YAW,-2.04,GYRO,-13,47,-6,ACC,6,3,258,ADC,1221,391,5,2,"
14.7867,heen,0,MM1 ?CR
14.7867,heen,0,MM0 ?CR
14.8384,heen,0,MM1 CR=0:0
14.8384,heen,0,MM0 CR=0:0
14.8384,heen,0,"#120,YAW,-2.07,GYRO,-14,47,-6,ACC,3,1,256,ADC,1236,388,3,2,"
14.8384,heen,0,MM1 ?A
14.8384,heen,0,MM0 ?A
14.8384,heen,0,MM1 A=0:0
14.8384,heen,0,MM0 A=0:0
14.8384,heen,0,MM1 !M 0 0
14.8384,heen,0,MM0 !M 0 0
14.8384,heen,0,MM1 +
14.8384,heen,0,MM0 +
14.8384,heen,0,"#121,YAW,-2.07,GYRO,-12,47,-5,ACC,2,3,257,ADC,1279,391,4,1,"
14.8385,heen,0,MM1 ?AI
14.8385,heen,0,MM0 ?AI
14.8385,heen,0,MM1 AI=0:0:2352:2360:0:0
14.8385,heen,0,MM0 AI=0:0:2451:2464:0:0
14.8876,heen,0,"#122,YAW,-2.07,GYRO,-14,48,-4,ACC,2,2,256,ADC,1269,389,5,1,"
14.8876,heen,0,MM1 ?C
14.8876,heen,0,MM0 ?C
14.8876,heen,0,MM1 C=860:-2855
14.8876,heen,0,MM0 C=847:-2746
14.8877,heen,0,"#123,YAW,-2.07,GYRO,-14,48,-4,ACC,7,0,261,ADC,1270,376,4,1,"
14.8877,heen,0,MM0 !M 0 0
14.8878,heen,0,MM0 +
14.8878,heen,0,MM1 !M 0 0
14.8878,heen,0,MM1 +
14.8878,heen,0,MM1 ?D
14.8878,heen,0,MM0 ?D
14.8878,heen,0,MM0 D=33
14.8878,heen,0,MM1 D=3
14.8878,heen,0,"#124,YAW,-2.07,GYRO,-14,49,-5,ACC,3,0,255,ADC,1240,383,4,2,"
14.8878,heen,0,MM1 ?FF
14.8878,heen,0,MM0 ?FF
14.8878,heen,0,MM1 FF=0
14.8878,heen,0,MM0 FF=0
14.9383,heen,0,"#125,YAW,-2.07,GYRO,-13,48,-5,ACC,1,1,259,ADC,1279,500,5,2,"
14.9384,heen,0,MM1 ?P
14.9384,heen,0,MM0 ?P
14.9384,heen,0,MM1 P=0:0
14.9384,heen,0,MM0 P=0:0
14.9384,heen,0,MM1 !M 0 0
14.9384,heen,0,MM0 !M 0 0
14.9384,heen,0,MM1 +
14.9384,heen,0,MM0 +
14.9384,heen,0,"#126,YAW,-2.07,GYRO,-13,48,-5,ACC,5,1,257,ADC,1241,381,5,2,"
14.9384,heen,0,MM1 ?S
14.9384,heen,0,MM0 ?S
14.9384,heen,0,MM1 S=0:0
14.9384,heen,0,MM0 S=0:0
14.9928,heen,0,"#127,YAW,-2.07,GYRO,-14,46,-6,ACC,3,3,260,ADC,1231,386,5,2,"
14.9928,heen,0,MM1 ?T
14.9928,heen,0,MM0 ?T
14.9928,heen,0,MM1 T=36:34
14.9928,heen,0,MM0 T=35:35
14.9928,heen,0,"#128,YAW,-2.07,GYRO,-14,48,-6,ACC,0,4,254,ADC,1258,398,5,2,"
14.9928,heen,0,MM0 ?V
14.9928,heen,0,MM1 ?V
14.9928,heen,0,MM1 V=120:221:4898
14.9928,heen,0,MM0 V=120:223:4905
14.9928,heen,0,"$GPRMC,135758.6,A,5050.50931,N,00419.37359,E,000.58,208.3,081026,000.4,E*57"
14.9928,heen,0,MM0 !M 0 0
14.9928,heen,0,MM1 !M 0 0
14.9928,heen,0,MM1 +
14.9928,heen,0,MM0 +
14.9928,heen,0,"#129,YAW,-2.07,GYRO,-13,47,-5,ACC,1,2,255,ADC,1213,393,4,1,"
14.9929,heen,0,MM1 ?CR
14.9929,heen,0,MM0 ?CR
14.9929,heen,0,MM1 CR=0:0
14.9929,heen,0,MM0 CR=0:0
15.0255,heen,0,"#130,YAW,-2.10,GYRO,-14,48,-5,ACC,5,1,258,ADC,1284,404,7,2,"
15.0256,heen,0,MM1 ?A
15.0256,heen,0,MM0 ?A
15.0256,heen,0,MM1 A=0:0
15.0256,heen,0,MM0 A=0:0
15.0256,heen,0,"#131,YAW,-2.10,GYRO,-12,47,-5,ACC,1,1,261,ADC,1305,386,5,2,"
15.0256,heen,0,MM1 ?AI
15.0465,heen,0,MM0 ?AI
15.0465,heen,0,MM1 AI=0:0:2370:2365:0:0
15.0465,heen,0,MM0 AI=0:0:2439:2476:0:0
15.0465,heen,0,MM0 !M 0 0
15.0465,heen,0,MM1 !M 0 0
15.0465,heen,0,MM0 +
15.0465,heen,0,MM1 +
15.0465,heen,0,"#132,YAW,-2.10,GYRO,-14,48,-4,ACC,3,3,251,ADC,1269,389,4,2,"
15.0466,heen,0,MM1 ?C
15.0466,heen,0,MM0 ?C
15.0806,heen,0,MM1 C=860:-2855
15.0806,heen,0,MM0 C=847:-2746
15.0807,heen,0,MM0 !M 0 0
15.0807,heen,0,MM1 !M 0 0
15.0807,heen,0,MM0 +
15.0807,heen,0,MM1 +
15.0807,heen,0,"#133,YAW,-2.10,GYRO,-14,48,-6,ACC,4,3,256,ADC,1262,500,5,2,"
15.0807,heen,0,MM1 ?D
15.0807,heen,0,MM0 ?D
15.0807,heen,0,MM0 D=41
15.0807,heen,0,MM1 D=3
15.1015,heen,0,"#134,YAW,-2.10,GYRO,-14,46,-4,ACC,6,0,258,ADC,1222,385,5,2,"
15.1015,heen,0,MM1 ?FF
15.1015,heen,0,MM0 ?FF
15.1015,heen,0,MM1 FF=0
15.1015,heen,0,MM0 FF=0
15.1374,heen,0,"#135,YAW,-2.10,GYRO,-13,48,-5,ACC,2,3,256,ADC,1246,403,5,2,"
15.1374,heen,0,MM1 ?P
15.1374,heen,0,MM0 ?P
15.1374,heen,0,MM1 P=0:0
15.1375,heen,0,MM0 P=0:0
15.1375,heen,0,MM1 !M 0 0
15.1375,heen,0,MM0 !M 0 0
15.1375,heen,0,MM1 +
15.1375,heen,0,MM0 +
15.1375,heen,0,"#136,YAW,-2.10,GYRO,-13,46,-5,ACC,5,2,257,ADC,1260,383,4,2,"
15.1375,heen,0,MM1 ?S
15.1375,heen,0,MM0 ?S
15.1375,heen,0,MM1 S=0:0
15.1375,heen,0,MM0 S=0:0
15.1914,heen,0,"#137,YAW,-2.10,GYRO,-13,46,-5,ACC,6,0,256,ADC,1232,501,5,2,"
15.1915,heen,0,MM1 ?T
15.1915,heen,0,MM0 ?T
15.1915,heen,0,MM1 T=36:34
15.1915,heen,0,MM0 T=35:35
15.1915,heen,0,"#138,YAW,-2.10,GYRO,-14,48,-5,ACC,6,4,261,ADC,1267,499,4,2,"
15.1915,heen,0,MM1 ?V
15.1915,heen,0,MM0 ?V
15.1915,heen,0,MM1 V=120:222:4899
15.1915,heen,0,MM0 V=120:223:4905
15.1915,heen,0,"$GPRMC,135758.8,A,5050.50930,N,00419.37362,E,000.57,208.3,081026,000.4,E*5F"
15.1915,heen,0,MM1 !M 0 0
15.1915,heen,0,MM0 !M 0 0
15.1915,heen,0,MM1 +
15.1915,heen,0,MM0 +
15.1915,heen,0,"#139,YAW,-2.10,GYRO,-12,47,-5,ACC,2,3,259,ADC,1238,285,4,1,"
15.1916,heen,0,MM0 ?CR
15.1916,heen,0,MM1 ?CR
15.1916,heen,0,MM0 CR=0:0
15.1916,heen,0,MM1 CR=0:0
15.2406,heen,0,"#140,YAW,-2.12,GYRO,-13,47,-5,ACC,5,4,259,ADC,1248,387,5,1,"
15.2406,heen,0,MM1 ?A
15.2406,heen,0,MM0 ?A
15.2406,heen,0,MM1 A=0:0
15.2407,heen,0,MM0 A=0:0
15.2407,heen,0,MM0 !M 0 0
15.2407,heen,0,MM1 !M 0 0
15.2407,heen,0,MM0 +
15.2407,heen,0,MM1 +
15.2407,heen,0,"#141,YAW,-2.12,GYRO,-14,47,-6,ACC,1,3,257,ADC,1266,389,5,2,"
15.2407,heen,0,MM1 ?AI
15.2407,heen,0,MM0 ?AI
15.2407,heen,0,MM1 AI=0:0:2371:2378:0:0
15.2407,heen,0,MM0 AI=0:0:2447:2457:0:0
15.2924,heen,0,"#142,YAW,-2.12,GYRO,-13,49,-4,ACC,4,1,261,ADC,1265,501,5,2,"
15.2925,heen,0,MM1 ?C
15.2925,heen,0,MM0 ?C
15.2925,heen,0,MM1 C=860:-2855
15.2925,heen,0,MM0 C=847:-2746
15.2926,heen,0,"#143,YAW,-2.12,GYRO,-12,47,-6,ACC,6,1,258,ADC,1290,497,5,2,"
15.2926,heen,0,MM1 ?D
15.2926,heen,0,MM0 ?D
15.2926,heen,0,MM0 D=33
15.2926,heen,0,MM1 D=3
15.2926,heen,0,MM1 !M 0 0
15.2926,heen,0,MM0 !M 0 0
15.2926,heen,0,MM1 +
15.2926,heen,0,MM0 +
15.2926,heen,0,"#144,YAW,-2.12,GYRO,-13,47,-4,ACC,4,2,256,ADC,1250,391,6,2,"
15.2926,heen,0,MM1 ?FF
15.2926,heen,0,MM0 ?FF
15.2926,heen,0,MM1 FF=0
15.2926,heen,0,MM0 FF=0
15.2941,heen,0,STOP heen 4.9976
15.3446,pauze,0,"#145,YAW,-2.12,GYRO,-14,48,-7,ACC,0,2,258,ADC,1234,387,7,2,"
15.3447,pauze,0,MM1 ?P
15.3447,pauze,0,MM0 ?P
15.3447,pauze,0,MM1 P=0:0
15.3447,pauze,0,MM0 P=0:0
15.3448,pauze,0,MM0 !M 0 0
15.3448,pauze,0,MM1 !M 0 0
15.3448,pauze,0,MM0 +
15.3448,pauze,0,MM1 +
15.3448,pauze,0,"#146,YAW,-2.12,GYRO,-13,47,-5,ACC,3,2,260,ADC,1242,413,5,2,"
15.3448,pauze,0,MM1 ?S
15.3448,pauze,0,MM0 ?S
15.3448,pauze,0,MM1 S=0:0
15.3448,pauze,0,MM0 S=0:0
15.3670,pauze,0,"#147,YAW,-2.12,GYRO,-14,48,-7,ACC,3,3,258,ADC,1266,500,5,2,"
15.3670,pauze,0,MM0 ?T
15.3670,pauze,0,MM1 ?T
15.3670,pauze,0,MM0 T=35:35
15.3670,pauze,0,MM1 T=36:34
15.3845,pauze,0,"#148,YAW,-2.12,GYRO,-14,49,-5,ACC,4,1,255,ADC,1252,384,5,1,"
15.3846,pauze,0,MM0 ?V
15.3846,pauze,0,MM1 ?V
15.3846,pauze,0,MM0 V=120:223:4905
15.3846,pauze,0,MM1 V=120:222:4900
15.3846,pauze,0,"$GPRMC,135759.0,A,5050.50929,N,00419.37365,E,000.56,208.3,081026,000.4,E*58"
15.3846,pauze,0,"#149,YAW,-2.12,GYRO,-13,49,-6,ACC,4,2,255,ADC,1259,387,7,2,"
15.4054,pauze,0,MM0 ?CR
15.4055,pauze,0,MM1 ?CR
15.4055,pauze,0,MM0 CR=0:0
15.4055,pauze,0,MM1 CR=0:0
15.4055,pauze,0,"#150,YAW,-2.15,GYRO,-15,47,-5,ACC,5,3,248,ADC,1264,394,5,2,"
15.4055,pauze,0,MM0 ?A
15.4055,pauze,0,MM1 ?A
15.4404,pauze,0,MM0 A=0:0
15.4404,pauze,0,MM1 A=0:0
15.4404,pauze,0,MM0 !M 0 0
15.4404,pauze,0,MM1 !M 0 0
15.4404,pauze,0,MM0 +
15.4404,pauze,0,MM1 +
15.4404,pauze,0,"#151,YAW,-2.15,GYRO,-13,48,-5,ACC,6,2,260,ADC,1208,381,5,2,"
15.4405,pauze,0,MM0 ?AI
15.4405,pauze,0,MM1 ?AI
15.4405,pauze,0,MM0 AI=0:0:2459:2458:0:0
15.4405,pauze,0,MM1 AI=0:0:2388:2371:0:0
15.4618,pauze,0,"#152,YAW,-2.15,GYRO,-14,49,-5,ACC,6,2,258,ADC,1304,398,5,2,"
15.4618,pauze,0,MM0 ?C
15.4618,pauze,0,MM1 ?C
15.4618,pauze,0,MM0 C=847:-2746
15.4618,pauze,0,MM1 C=860:-2855
15.5021,pauze,0,"#153,YAW,-2.15,GYRO,-14,46,-6,ACC,5,2,255,ADC,1251,385,4,2,"
15.5021,pauze,0,MM0 ?D
15.5021,pauze,0,MM1 ?D
15.5021,pauze,0,MM0 D=33
15.5021,pauze,0,MM1 D=3
15.5035,pauze,0,"#154,YAW,-2.15,GYRO,-14,49,-4,ACC,4,3,258,ADC,1275,399,7,2,"
15.5035,pauze,0,MM0 ?FF
15.5035,pauze,0,MM1 ?FF
15.5035,pauze,0,MM0 FF=0
15.5035,pauze,0,MM1 FF=0
15.5384,pauze,0,"#155,YAW,-2.15,GYRO,-14,48,-5,ACC,4,3,261,ADC,1246,498,5,1,"
15.5384,pauze,0,MM0 ?P
15.5384,pauze,0,MM1 ?P
15.5385,pauze,0,MM0 P=0:0
15.5385,pauze,0,MM1 P=0:0
15.5385,pauze,0,MM1 !M 0 0
15.5385,pauze,0,MM0 !M 0 0
15.5385,pauze,0,MM1 +
15.5385,pauze,0,MM0 +
15.5385,pauze,0,"#156,YAW,-2.15,GYRO,-13,48,-5,ACC,4,0,258,ADC,1223,385,4,2,"
15.5385,pauze,0,MM0 ?S
15.5385,pauze,0,MM1 ?S
15.5385,pauze,0,MM0 S=0:0
15.5385,pauze,0,MM1 S=0:0
15.5642,pauze,0,"#157,YAW,-2.15,GYRO,-13,47,-5,ACC,6,1,257,ADC,1273,500,6,1,"
15.5642,pauze,0,MM0 ?T
15.5642,pauze,0,MM1 ?T
15.5642,pauze,0,MM0 T=35:35
15.5642,pauze,0,MM1 T=36:34
15.5805,pauze,0,"#158,YAW,-2.15,GYRO,-14,47,-6,ACC,5,1,257,ADC,1222,384,5,2,"
15.5805,pauze,0,MM0 ?V
15.5805,pauze,0,MM1 ?V
15.5805,pauze,0,MM0 V=120:223:4906
15.5805,pauze,0,MM1 V=120:223:4898
15.5805,pauze,0,"$GPRMC,135759.2,A,5050.50925,N,00419.37366,E,000.55,208.3,081026,000.4,E*56"
15.6000,pauze,0,"#159,YAW,-2.15,GYRO,-14,48,-6,ACC,4,1,257,ADC,1256,502,8,3,"
15.6000,pauze,0,MM0 ?CR
15.6000,pauze,0,MM1 ?CR
15.6000,pauze,0,MM0 CR=0:0
15.6000,pauze,0,MM1 CR=0:0
15.6363,pauze,0,"#160,YAW,-2.17,GYRO,-12,48,-5,ACC,0,1,255,ADC,1261,391,5,1,"
15.6364,pauze,0,MM0 ?A
15.6364,pauze,0,MM1 ?A
15.6364,pauze,0,MM0 A=0:0
15.6364,pauze,0,MM1 A=0:0
15.6364,pauze,0,MM0 !M 0 0
15.6364,pauze,0,MM1 !M 0 0
15.6364,pauze,0,MM0 +
15.6364,pauze,0,MM1 +
15.6364,pauze,0,"#161,YAW,-2.17,GYRO,-14,46,-5,ACC,4,2,259,ADC,1246,494,5,2,"
15.6364,pauze,0,MM0 ?AI
15.6364,pauze,0,MM1 ?AI
15.6364,pauze,0,MM0 AI=0:0:2444:2469:0:0
15.6364,pauze,0,MM1 AI=0:0:2408:2381:0:0
15.6675,pauze,0,"#162,YAW,-2.17,GYRO,-14,48,-5,ACC,6,1,260,ADC,1224,389,5,1,"
15.6676,pauze,0,MM0 ?C
15.6676,pauze,0,MM1 ?C
15.6676,pauze,0,MM0 C=847:-2746
15.6676,pauze,0,MM1 C=860:-2855
15.6762,pauze,0,"#163,YAW,-2.17,GYRO,-12,49,-6,ACC,3,0,259,ADC,1205,380,6,2,"
15.6763,pauze,0,MM0 ?D
15.6763,pauze,0,MM1 ?D
15.6763,pauze,0,MM0 D=33
15.6763,pauze,0,MM1 D=3
15.6971,pauze,0,"#164,YAW,-2.17,GYRO,-13,47,-5,ACC,1,1,256,ADC,1248,383,4,2,"
15.6971,pauze,0,MM0 ?FF
15.6971,pauze,0,MM1 ?FF
15.6971,pauze,0,MM0 FF=0
15.6971,pauze,0,MM1 FF=0
15.7348,pauze,0,"#165,YAW,-2.17,GYRO,-14,46,-4,ACC,3,5,258,ADC,1258,412,6,2,"
15.7348,pauze,0,MM0 ?P
15.7348,pauze,0,MM1 ?P
15.7348,pauze,0,MM0 P=0:0
15.7348,pauze,0,MM1 P=0:0
15.7348,pauze,0,"#166,YAW,-2.17,GYRO,-13,47,-4,ACC,2,2,255,ADC,1270,503,4,2,"
15.7348,pauze,0,MM0 ?S
15.7348,pauze,0,MM1 ?S
15.7348,pauze,0,MM0 S=0:0
15.7348,pauze,0,MM1 S=0:0
15.7523,pauze,0,"#167,YAW,-2.17,GYRO,-13,47,-6,ACC,5,0,260,ADC,1291,500,4,2,"
15.7523,pauze,0,MM0 ?T
15.7523,pauze,0,MM1 ?T
15.7523,pauze,0,MM0 T=35:35
15.7523,pauze,0,MM1 T=36:34
15.7735,pauze,0,"#168,YAW,-2.17,GYRO,-13,47,-5,ACC,7,1,260,ADC,1233,499,5,1,"
15.7736,pauze,0,MM0 ?V
15.7736,pauze,0,MM1 ?V
15.7736,pauze,0,MM0 V=120:223:4906
15.7736,pauze,0,MM1 V=120:222:4900
15.7945,pauze,0,"$GPRMC,135759.4,A,5050.50918,N,00419.37363,E,000.54,208.3,081026,000.4,E*5A"
15.7945,pauze,0,"#169,YAW,-2.17,GYRO,-13,47,-5,ACC,3,4,251,ADC,1256,501,6,1,"
15.7946,pauze,0,MM0 ?CR
15.7946,pauze,0,MM1 ?CR
15.7946,pauze,0,MM0 CR=0:0
15.7946,pauze,0,MM1 CR=0:0
15.8458,pauze,0,"#170,YAW,-2.20,GYRO,-14,47,-7,ACC,6,0,255,ADC,1253,396,3,2,"
15.8458,pauze,0,MM0 ?A
15.8458,pauze,0,MM1 ?A
15.8459,pauze,0,MM0 A=0:0
15.8459,pauze,0,MM1 A=0:0
15.8459,pauze,0,MM1 !M 0 0PING
15.8459,pauze,0,MM0 !M 0 0PING
15.8459,pauze,0,MM1 +
15.8459,pauze,0,MM0 +
15.8459,pauze,0,MM1 !M 0 0
15.8459,pauze,0,MM0 !M 0 0
15.8459,pauze,0,MM1 +
15.8459,pauze,0,MM0 +
15.8459,pauze,0,"#171,YAW,-2.20,GYRO,-14,49,-5,ACC,1,4,258,ADC,1219,319,4,2,"
15.8459,pauze,0,MM0 ?AI
15.8459,pauze,0,MM1 ?AI
15.8459,pauze,0,MM0 AI=0:0:2452:2464:0:0
15.8459,pauze,0,MM1 AI=0:0:2357:2382:0:0
15.8459,pauze,0,"#172,YAW,-2.20,GYRO,-13,47,-5,ACC,4,1,258,ADC,1299,502,5,2,"
15.8654,pauze,0,MM0 ?C
15.8654,pauze,0,MM1 ?C
15.8654,pauze,0,MM0 C=847:-2746
15.8655,pauze,0,MM1 C=860:-2855
15.8655,pauze,0,"#173,YAW,-2.20,GYRO,-13,46,-6,ACC,4,1,256,ADC,1272,496,5,1,"
15.8656,pauze,0,MM0 ?D
15.8656,pauze,0,MM1 ?D
15.8867,pauze,0,MM0 D=33
15.8867,pauze,0,MM1 D=3
15.8867,pauze,0,"#174,YAW,-2.20,GYRO,-14,46,-6,ACC,4,1,263,ADC,1281,394,5,2,"
15.8867,pauze,0,MM0 ?FF
15.8867,pauze,0,MM1 ?FF
15.9074,pauze,0,MM0 FF=0
15.9074,pauze,0,MM1 FF=0
15.9074,pauze,0,"#175,YAW,-2.20,GYRO,-12,47,-6,ACC,4,2,258,ADC,1276,398,4,2,"
15.9075,pauze,0,MM0 ?P
15.9075,pauze,0,MM1 ?P
15.9075,pauze,0,MM0 P=0:0
15.9075,pauze,0,MM1 P=0:0
15.9415,pauze,0,MM0 !M 0 0
15.9415,pauze,0,MM1 !M 0 0
15.9415,pauze,0,MM0 +
15.9415,pauze,0,MM1 +
15.9415,pauze,0,"#176,YAW,-2.20,GYRO,-14,46,-4,ACC,6,1,257,ADC,1216,500,5,2,"
15.9415,pauze,0,MM0 ?S
15.9415,pauze,0,MM1 ?S
15.9415,pauze,0,MM0 S=0:0
15.9415,pauze,0,MM1 S=0:0
15.9624,pauze,0,"#177,YAW,-2.20,GYRO,-13,47,-6,ACC,2,1,255,ADC,1224,391,5,2,"
15.9624,pauze,0,MM0 ?T
15.9624,pauze,0,MM1 ?T
15.9624,pauze,0,MM0 T=35:35
15.9624,pauze,0,MM1 T=36:34
15.9835,pauze,0,"#178,YAW,-2.20,GYRO,-14,47,-5,ACC,2,2,259,ADC,1223,387,7,2,"
15.9835,pauze,0,MM0 ?V
15.9835,pauze,0,MM1 ?V
15.9835,pauze,0,MM0 V=120:223:4906
15.9835,pauze,0,MM1 V=120:222:4899
15.9835,pauze,0,"$GPRMC,135759.6,A,5050.50911,N,00419.37362,E,000.53,208.3,081026,000.4,E*57"
16.0045,pauze,0,"#179,YAW,-2.20,GYRO,-13,48,-4,ACC,6,1,257,ADC,1277,397,4,2,"
16.0045,pauze,0,MM0 ?CR
16.0045,pauze,0,MM1 ?CR
16.0045,pauze,0,MM0 CR=0:0
16.0045,pauze,0,MM1 CR=0:0
16.0045,pauze,0,"#180,YAW,-2.22,GYRO,-14,47,-6,ACC,2,4,260,ADC,1219,384,6,3,"
16.0418,pauze,0,MM0 ?A
16.0419,pauze,0,MM1 ?A
16.0419,pauze,0,MM0 A=0:0
16.0419,pauze,0,MM1 A=0:0
16.0419,pauze,0,MM0 !M 0 0
16.0419,pauze,0,MM1 !M 0 0
16.0419,pauze,0,MM0 +
16.0419,pauze,0,MM1 +
16.0419,pauze,0,"#181,YAW,-2.22,GYRO,-14,50,-5,ACC,3,2,256,ADC,1264,384,4,2,"
16.0419,pauze,0,MM0 ?AI
16.0419,pauze,0,MM1 ?AI
16.0419,pauze,0,MM0 AI=0:0:2446:2457:0:0
16.0419,pauze,0,MM1 AI=0:0:2369:2383:0:0
16.0605,pauze,0,"#182,YAW,-2.22,GYRO,-14,46,-4,ACC,4,3,261,ADC,1241,385,4,2,"
16.0605,pauze,0,MM0 ?C
16.0605,pauze,0,MM1 ?C
16.0605,pauze,0,MM0 C=847:-2746
16.0605,pauze,0,MM1 C=860:-2855
16.0817,pauze,0,"#183,YAW,-2.22,GYRO,-13,49,-7,ACC,5,1,261,ADC,1245,393,5,2,"
16.0817,pauze,0,MM0 ?D
16.0817,pauze,0,MM1 ?D
16.0817,pauze,0,MM0 D=33
16.0817,pauze,0,MM1 D=3
16.1025,pauze,0,"#184,YAW,-2.22,GYRO,-14,47,-6,ACC,2,2,259,ADC,1248,497,6,2,"
16.1026,pauze,0,MM0 ?FF
16.1026,pauze,0,MM1 ?FF
16.1026,pauze,0,MM0 FF=0
16.1026,pauze,0,MM1 FF=0
16.1363,pauze,0,"#185,YAW,-2.22,GYRO,-14,47,-5,ACC,5,1,256,ADC,1243,501,5,2,"
16.1364,pauze,0,MM0 ?P
16.1364,pauze,0,MM1 ?P
16.1364,pauze,0,MM0 P=0:0
16.1364,pauze,0,MM1 P=0:0
16.1364,pauze,0,MM0 !M 0 0
16.1364,pauze,0,MM1 !M 0 0
16.1364,pauze,0,MM0 +
16.1364,pauze,0,MM1 +
16.1364,pauze,0,"#186,YAW,-2.22,GYRO,-14,45,-6,ACC,5,0,260,ADC,1241,384,6,2,"
16.1364,pauze,0,MM0 ?S
16.1364,pauze,0,MM1 ?S
16.1364,pauze,0,MM0 S=0:0
16.1364,pauze,0,MM1 S=0:0
16.1607,pauze,0,"#187,YAW,-2.22,GYRO,-13,47,-6,ACC,5,1,259,ADC,1249,500,5,2,"
16.1607,pauze,0,MM0 ?T
16.1607,pauze,0,MM1 ?T
16.1607,pauze,0,MM0 T=35:35
16.1608,pauze,0,MM1 T=36:34
16.1784,pauze,0,"#188,YAW,-2.22,GYRO,-14,46,-5,ACC,3,1,255,ADC,1191,383,6,2,"
16.1784,pauze,0,MM0 ?V
16.1784,pauze,0,MM1 ?V
16.1784,pauze,0,MM0 V=120:224:4906
16.1784,pauze,0,MM1 V=120:223:4898
16.1784,pauze,0,"$GPRMC,135759.8,A,5050.50902,N,00419.37359,E,000.52,208.3,081026,000.4,E*52"
16.2188,pauze,0,"#189,YAW,-2.22,GYRO,-14,47,-6,ACC,5,2,257,ADC,1280,403,3,1,"
16.2188,pauze,0,MM0 ?CR
16.2189,pauze,0,MM1 ?CR
16.2189,pauze,0,MM0 CR=0:0
16.2189,pauze,0,MM1 CR=0:0
16.2534,pauze,0,"#190,YAW,-2.24,GYRO,-15,48,-6,ACC,3,1,255,ADC,1258,381,5,2,"
16.2534,pauze,0,MM0 ?A
16.2534,pauze,0,MM1 ?A
16.2534,pauze,0,MM0 A=0:0
16.2534,pauze,0,MM1 A=0:0
16.2534,pauze,0,"#191,YAW,-2.24,GYRO,-13,47,-5,ACC,4,0,262,ADC,1246,386,9,2,"
16.2535,pauze,0,MM0 ?AI
16.2535,pauze,0,MM1 ?AI
16.2535,pauze,0,MM0 AI=0:0:2437:2452:0:0
16.2535,pauze,0,MM1 AI=0:0:2380:2375:0:0
16.2535,pauze,0,MM0 !M 0 0
16.2535,pauze,0,MM1 !M 0 0
16.2535,pauze,0,MM0 +
16.2535,pauze,0,MM1 +
16.2535,pauze,0,"#192,YAW,-2.24,GYRO,-15,47,-5,ACC,4,0,255,ADC,1235,391,5,2,"
16.2535,pauze,0,MM0 ?C
16.2535,pauze,0,MM1 ?C
16.2535,pauze,0,MM0 C=847:-2746
16.2535,pauze,0,MM1 C=860:-2855
16.2744,pauze,0,"#193,YAW,-2.24,GYRO,-14,48,-5,ACC,2,0,258,ADC,1226,384,4,2,"
16.2745,pauze,0,MM0 ?D
16.2745,pauze,0,MM1 ?D
16.2745,pauze,0,MM0 D=33
16.2745,pauze,0,MM1 D=3
16.2952,pauze,0,"#194,YAW,-2.24,GYRO,-13,48,-4,ACC,2,2,259,ADC,1257,395,5,2,"
16.2953,pauze,0,MM0 ?FF
16.2953,pauze,0,MM1 ?FF
16.2953,pauze,0,MM0 FF=0
16.2953,pauze,0,MM1 FF=0
16.3411,pauze,0,"#195,YAW,-2.24,GYRO,-13,49,-5,ACC,4,5,262,ADC,1288,501,4,2,"
16.3412,pauze,0,MM0 ?P
16.3412,pauze,0,MM1 ?P
16.3412,pauze,0,MM0 P=0:0
16.3412,pauze,0,MM1 P=0:0
16.3412,pauze,0,"#196,YAW,-2.24,GYRO,-13,48,-5,ACC,3,4,260,ADC,1312,500,4,2,"
16.3412,pauze,0,MM0 ?S
16.3412,pauze,0,MM1 ?S
16.3412,pauze,0,MM0 S=0:0
16.3412,pauze,0,MM1 S=0:0
16.3746,pauze,0,"#197,YAW,-2.24,GYRO,-13,47,-6,ACC,1,6,258,ADC,1226,381,7,1,"
16.3746,pauze,0,MM0 ?T
16.3746,pauze,0,MM1 ?T
16.3746,pauze,0,MM0 T=35:35
16.3747,pauze,0,MM1 T=36:34
16.3747,pauze,0,MM1 !M 0 0
16.3747,pauze,0,MM0 !M 0 0
16.3747,pauze,0,MM1 +
16.3747,pauze,0,MM0 +
16.3747,pauze,0,"#198,YAW,-2.24,GYRO,-13,46,-6,ACC,3,2,257,ADC,1278,391,4,2,"
16.3747,pauze,0,MM0 ?V
16.3747,pauze,0,MM1 ?V
16.3747,pauze,0,MM0 V=120:223:4906
16.3747,pauze,0,MM1 V=120:223:4900
16.3953,pauze,0,"$GPRMC,135800.0,A,5050.50889,N,00419.37355,E,000.51,208.3,081026,000.4,E*54"
16.3953,pauze,0,"#199,YAW,-2.24,GYRO,-14,46,-5,ACC,5,3,257,ADC,1208,379,4,1,"
16.3953,pauze,0,MM0 ?CR
16.3953,pauze,0,MM1 ?CR
16.3953,pauze,0,MM0 CR=0:0
16.3954,pauze,0,MM1 CR=0:0
16.4515,pauze,0,"#200,YAW,-2.26,GYRO,-14,47,-6,ACC,5,3,255,ADC,1212,381,5,2,"
16.4515,pauze,0,MM0 ?A
16.4515,pauze,0,MM1 ?A
16.4515,pauze,0,MM0 A=0:0
16.4515,pauze,0,MM1 A=0:0
16.4515,pauze,0,MM1 !M 0 0
16.4515,pauze,0,MM0 !M 0 0
16.4515,pauze,0,MM1 +
16.4515,pauze,0,MM0 +
16.4515,pauze,0,"#201,YAW,-2.26,GYRO,-13,47,-6,ACC,3,5,258,ADC,1213,373,4,2,"
16.4516,pauze,0,MM0 ?AI
16.4516,pauze,0,MM1 ?AI
16.4516,pauze,0,MM0 AI=0:0:2468:2461:0:0
16.4516,pauze,0,MM1 AI=0:0:2372:2370:0:0
16.4516,pauze,0,"#202,YAW,-2.26,GYRO,-12,47,-6,ACC,6,4,256,ADC,1224,381,5,2,"
16.4516,pauze,0,MM0 ?C
16.4516,pauze,0,MM1 ?C
16.4675,pauze,0,MM0 C=847:-2746
16.4675,pauze,0,MM1 C=860:-2855
16.4676,pauze,0,"#203,YAW,-2.26,GYRO,-13,45,-7,ACC,3,0,256,ADC,1278,498,6,2,"
16.4676,pauze,0,MM0 ?D
16.4676,pauze,0,MM1 ?D
16.4676,pauze,0,MM0 D=33
16.4676,pauze,0,MM1 D=3
16.4882,pauze,0,"#204,YAW,-2.26,GYRO,-12,47,-4,ACC,5,3,256,ADC,1249,389,4,2,"
16.4883,pauze,0,MM0 ?FF
16.4883,pauze,0,MM1 ?FF
16.4883,pauze,0,MM0 FF=0
16.4883,pauze,0,MM1 FF=0
16.5093,pauze,0,"#205,YAW,-2.26,GYRO,-12,48,-5,ACC,3,4,253,ADC,1215,379,5,1,"
16.5093,pauze,0,MM0 ?P
16.5093,pauze,0,MM1 ?P
16.5093,pauze,0,MM0 P=0:0
16.5093,pauze,0,MM1 P=0:0
16.5437,pauze,0,MM0 !M 0 0
16.5437,pauze,0,MM1 !M 0 0
16.5437,pauze,0,MM0 +
16.5437,pauze,0,MM1 +
16.5437,pauze,0,"#206,YAW,-2.26,GYRO,-14,48,-7,ACC,4,2,256,ADC,1237,382,5,2,"
16.5438,pauze,0,MM0 ?S
16.5438,pauze,0,MM1 ?S
16.5438,pauze,0,MM0 S=0:0
16.5438,pauze,0,MM1 S=0:0
16.5645,pauze,0,"#207,YAW,-2.26,GYRO,-15,48,-6,ACC,1,5,256,ADC,1266,502,6,1,"
16.5645,pauze,0,MM0 ?T
16.5645,pauze,0,MM1 ?T
16.5645,pauze,0,MM0 T=35:35
16.5645,pauze,0,MM1 T=36:34
16.5645,pauze,0,"#208,YAW,-2.26,GYRO,-14,44,-5,ACC,6,2,259,ADC,1290,502,6,1,"
16.5877,pauze,0,MM0 ?V
16.5877,pauze,0,MM1 ?V
16.5877,pauze,0,MM0 V=120:222:4905
16.5877,pauze,0,MM1 V=120:222:4900
16.5877,pauze,0,"$GPRMC,135800.2,A,5050.50880,N,00419.37353,E,000.51,208.3,081026,000.4,E*59"
16.5877,pauze,0,"#209,YAW,-2.26,GYRO,-13,47,-4,ACC,4,1,254,ADC,1230,383,6,2,"
16.5878,pauze,0,MM0 ?CR
16.6064,pauze,0,MM1 ?CR
16.6064,pauze,0,MM0 CR=0:0
16.6064,pauze,0,MM1 CR=0:0
16.6064,pauze,0,"#210,YAW,-2.28,GYRO,-16,47,-6,ACC,5,1,260,ADC,1247,502,4,1,"
16.6064,pauze,0,MM0 ?A
16.6064,pauze,0,MM1 ?A
16.6064,pauze,0,MM0 A=0:0
16.6407,pauze,0,MM1 A=0:0
16.6407,pauze,0,MM0 !M 0 0
16.6407,pauze,0,MM1 !M 0 0
16.6407,pauze,0,MM0 +
16.6408,pauze,0,MM1 +
16.6408,pauze,0,"#211,YAW,-2.28,GYRO,-13,47,-5,ACC,3,1,256,ADC,1315,501,6,2,"
16.6408,pauze,0,MM0 ?AI
16.6408,pauze,0,MM1 ?AI
16.6408,pauze,0,MM0 AI=0:0:2456:2452:0:0
16.6408,pauze,0,MM1 AI=0:0:2395:2388:0:0
16.6615,pauze,0,"#212,YAW,-2.28,GYRO,-13,48,-4,ACC,5,5,260,ADC,1307,393,5,2,"
16.6615,pauze,0,MM0 ?C
16.6616,pauze,0,MM1 ?C
16.6616,pauze,0,MM0 C=847:-2746
16.6616,pauze,0,MM1 C=860:-2855
16.6823,pauze,0,"#213,YAW,-2.28,GYRO,-14,46,-5,ACC,3,3,254,ADC,1274,502,6,2,"
16.6824,pauze,0,MM0 ?D
16.6824,pauze,0,MM1 ?D
16.6824,pauze,0,MM0 D=33
16.6824,pauze,0,MM1 D=3
16.7042,pauze,0,"#214,YAW,-2.28,GYRO,-14,47,-6,ACC,3,1,258,ADC,1217,407,4,1,"
16.7042,pauze,0,MM0 ?FF
16.7043,pauze,0,MM1 ?FF
16.7043,pauze,0,MM0 FF=0
16.7043,pauze,0,MM1 FF=0
16.7383,pauze,0,"#215,YAW,-2.28,GYRO,-14,49,-6,ACC,5,2,259,ADC,1232,497,4,2,"
16.7383,pauze,0,MM0 ?P
16.7384,pauze,0,MM1 ?P
16.7384,pauze,0,MM0 P=0:0
16.7384,pauze,0,MM1 P=0:0
16.7384,pauze,0,MM0 !M 0 0
16.7384,pauze,0,MM1 !M 0 0
16.7384,pauze,0,MM0 +
16.7384,pauze,0,MM1 +
16.7384,pauze,0,"#216,YAW,-2.28,GYRO,-13,48,-5,ACC,3,1,254,ADC,1235,401,5,2,"
16.7384,pauze,0,MM0 ?S
16.7384,pauze,0,MM1 ?S
16.7384,pauze,0,MM0 S=0:0
16.7384,pauze,0,MM1 S=0:0
16.7594,pauze,0,"#217,YAW,-2.28,GYRO,-13,47,-5,ACC,5,1,254,ADC,1233,381,5,1,"
16.7594,pauze,0,MM0 ?T
16.7594,pauze,0,MM1 ?T
16.7594,pauze,0,MM0 T=35:35
16.7594,pauze,0,MM1 T=36:34
16.7805,pauze,0,"#218,YAW,-2.28,GYRO,-13,45,-5,ACC,6,3,260,ADC,1245,501,5,2,"
16.7806,pauze,0,MM0 ?V
16.7806,pauze,0,MM1 ?V
16.7806,pauze,0,MM0 V=120:223:4906
16.7806,pauze,0,MM1 V=120:223:4900
16.7806,pauze,0,"$GPRMC,135800.4,A,5050.50868,N,00419.37347,E,000.50,208.3,081026,000.4,E*5D"
16.8014,pauze,0,"#219,YAW,-2.28,GYRO,-13,48,-6,ACC,2,4,262,ADC,1290,501,4,1,"
16.8014,pauze,0,MM0 ?CR
16.8014,pauze,0,MM1 ?CR
16.8014,pauze,0,MM0 CR=0:0
16.8014,pauze,0,MM1 CR=0:0
16.8225,terug,0,"#220,YAW,-2.30,GYRO,-13,47,-4,ACC,3,2,256,ADC,1243,384,5,2,"
16.8226,terug,0,MM0 ?A
16.8226,terug,0,MM1 ?A
16.8226,terug,0,MM0 A=0:0
16.8226,terug,0,MM1 A=0:0
16.8611,terug,0,"#221,YAW,-2.30,GYRO,-14,48,-5,ACC,4,3,254,ADC,1245,390,4,2,"
16.8611,terug,0,MM0 ?AI
16.8611,terug,0,MM1 ?AI
16.8611,terug,0,MM0 AI=0:0:2441:2455:0:0
16.8611,terug,0,MM1 AI=0:0:2378:2653:0:0
16.8611,terug,0,MM0 !M 0 0
16.8611,terug,0,MM1 !M 0 0
16.8611,terug,0,MM0 +
16.8611,terug,0,MM1 +
16.8611,terug,0,"#222,YAW,-2.30,GYRO,-14,47,-5,ACC,4,1,260,ADC,1255,502,6,2,"
16.8611,terug,0,MM0 ?C
16.8611,terug,0,MM1 ?C
16.8611,terug,0,MM0 C=847:-2746
16.8611,terug,0,MM1 C=860:-2855
16.8946,terug,0,"#223,YAW,-2.30,GYRO,-13,47,-7,ACC,5,0,261,ADC,1233,383,6,2,"
16.8946,terug,0,MM0 ?D
16.8947,terug,0,MM1 ?D
16.8947,terug,0,MM0 D=33
16.8947,terug,0,MM1 D=3
16.8947,terug,0,MM0 !M 0 0
16.8947,terug,0,MM1 !M 0 0
16.8947,terug,0,MM0 +
16.8947,terug,0,MM1 +
16.8947,terug,0,"#224,YAW,-2.30,GYRO,-13,50,-4,ACC,2,1,256,ADC,1251,501,6,2,"
16.8947,terug,0,MM0 ?FF
16.8947,terug,0,MM1 ?FF
16.8947,terug,0,MM0 FF=0
16.8947,terug,0,MM1 FF=0
16.9492,terug,0,"#225,YAW,-2.30,GYRO,-14,47,-5,ACC,1,2,258,ADC,1246,393,4,2,"
16.9492,terug,0,MM0 ?P
16.9492,terug,0,MM1 ?P
16.9492,terug,0,MM0 P=0:0
16.9492,terug,0,MM1 P=0:0
16.9492,terug,0,"#226,YAW,-2.30,GYRO,-14,48,-5,ACC,7,3,260,ADC,1263,499,5,2,"
16.9493,terug,0,MM0 ?S
16.9493,terug,0,MM1 ?S
16.9493,terug,0,MM1 S=0:0
16.9493,terug,0,MM0 S=0:0
16.9493,terug,0,MM1 !M 0 0
16.9493,terug,0,MM0 !M 0 0
16.9493,terug,0,MM1 +
16.9493,terug,0,MM0 +
16.9493,terug,0,"#227,YAW,-2.30,GYRO,-13,47,-4,ACC,5,2,257,ADC,1271,389,4,1,"
16.9493,terug,0,MM0 ?T
16.9493,terug,0,MM1 ?T
16.9493,terug,0,MM0 T=35:35
16.9493,terug,0,MM1 T=36:34
16.9993,terug,0,"#228,YAW,-2.30,GYRO,-14,47,-5,ACC,4,1,258,ADC,1276,388,5,1,"
16.9994,terug,0,MM0 ?V
16.9994,terug,0,MM1 ?V
16.9994,terug,0,MM0 V=120:223:4907
16.9994,terug,0,MM1 V=120:223:4898
16.9994,terug,0,"$GPRMC,135800.6,A,5050.50866,N,00419.37350,E,000.50,208.3,081026,000.4,E*57"
16.9994,terug,0,MM1 !M 0 0
16.9994,terug,0,MM0 !M 0 0
16.9994,terug,0,MM1 +
16.9994,terug,0,MM0 +
16.9994,terug,0,"#229,YAW,-2.30,GYRO,-13,47,-6,ACC,7,0,258,ADC,1225,281,5,1,"
16.9994,terug,0,MM1 ?CR
16.9994,terug,0,MM0 ?CR
16.9995,terug,0,MM1 CR=0:0
16.9995,terug,0,MM0 CR=0:0
17.0504,terug,0,"#230,YAW,-2.31,GYRO,-12,47,-6,ACC,6,4,258,ADC,1269,386,4,1,"
17.0505,terug,0,MM0 ?A
17.0505,terug,0,MM1 ?A
17.0505,terug,0,MM0 A=0:0
17.0505,terug,0,MM1 A=0:0
17.0505,terug,0,"#231,YAW,-2.31,GYRO,-12,47,-6,ACC,8,1,256,ADC,1244,386,6,2,"
17.0505,terug,0,MM1 ?AI
17.0505,terug,0,MM0 ?AI
17.0505,terug,0,MM1 AI=0:0:2365:2375:0:0
17.0505,terug,0,MM0 AI=0:0:2427:2473:0:0
17.0505,terug,0,MM0 !M 0 0
17.0505,terug,0,MM1 !M 0 0
17.0505,terug,0,MM0 +
17.0505,terug,0,MM1 +
17.0505,terug,0,"#232,YAW,-2.31,GYRO,-14,48,-5,ACC,5,1,259,ADC,1208,380,5,2,"
17.0506,terug,0,MM1 ?C
17.0506,terug,0,MM0 ?C
17.0506,terug,0,MM1 C=860:-2855
17.0506,terug,0,MM0 C=847:-2746
17.0537,terug,0,DOEL terug -5.0000 r=0.13360
17.0710,terug,0,"#233,YAW,-2.31,GYRO,-14,48,-6,ACC,6,1,259,ADC,1239,494,4,2,"
17.0711,terug,0,MM1 ?D
17.0711,terug,0,MM0 ?D
17.0711,terug,0,MM0 D=33
17.0711,terug,0,MM1 D=3
17.1055,terug,-8,MM0 !M 0 0
17.1055,terug,-8,MM1 !M 0 0
17.1055,terug,-8,MM0 +
17.1056,terug,-8,MM1 +
17.1056,terug,-8,"#234,YAW,-2.31,GYRO,-13,47,-6,ACC,3,2,256,ADC,1248,341,4,2,"
17.1056,terug,-8,MM0 ?FF
17.1056,terug,-8,MM1 ?FF
17.1056,terug,-8,MM0 FF=0
17.1056,terug,-8,MM1 FF=0
17.1056,terug,-8,"#235,YAW,-2.31,GYRO,-12,48,-6,ACC,4,1,257,ADC,1226,386,5,2,"
17.1056,terug,-8,MM0 ?P
17.1056,terug,-8,MM1 ?P
17.1395,terug,-8,MM0 P=0:0
17.1395,terug,-8,MM1 P=0:0
17.1395,terug,-8,MM0 !M -10 6
17.1395,terug,-8,MM1 !M -10 6
17.1395,terug,-8,MM0 +
17.1395,terug,-8,MM1 +
17.1395,terug,-8,"#236,YAW,-2.31,GYRO,-14,47,-4,ACC,2,3,255,ADC,1252,394,4,2,"
17.1395,terug,-8,MM0 ?S
17.1395,terug,-8,MM1 ?S
17.1395,terug,-8,MM0 S=0:0
17.1395,terug,-8,MM1 S=0:0
17.1602,terug,-16,"#237,YAW,-2.31,GYRO,-12,47,-5,ACC,4,1,257,ADC,1245,385,4,2,"
17.1603,terug,-16,MM0 ?T
17.1603,terug,-16,MM1 ?T
17.1603,terug,-16,MM0 T=35:35
17.1603,terug,-16,MM1 T=36:34
17.2014,terug,-16,"#238,YAW,-2.31,GYRO,-14,47,-6,ACC,4,2,257,ADC,1243,392,5,2,"
17.2015,terug,-16,MM1 ?V
17.2015,terug,-16,MM0 ?V
17.2015,terug,-16,MM1 V=120:223:4900
17.2015,terug,-16,MM0 V=120:223:4905
17.2015,terug,-16,"$GPRMC,135800.8,A,5050.50859,N,00419.37349,E,000.49,208.3,081026,000.4,E*55"
17.2015,terug,-16,MM1 !M -20 12
17.2015,terug,-16,MM0 !M -20 12
17.2015,terug,-16,MM1 +
17.2015,terug,-16,MM0 +
17.2015,terug,-16,"#239,YAW,-2.31,GYRO,-13,49,-6,ACC,3,1,258,ADC,1258,345,5,2,"
17.2015,terug,-16,MM1 ?CR
17.2015,terug,-16,MM0 ?CR
17.2015,terug,-16,MM1 CR=0:0
17.2015,terug,-16,MM0 CR=0:0
17.2527,terug,-25,"#240,YAW,-2.33,GYRO,-13,47,-6,ACC,3,1,260,ADC,1207,381,6,2,"
17.2528,terug,-25,MM1 ?A
17.2528,terug,-25,MM0 ?A
17.2528,terug,-25,MM1 A=0:0
17.2528,terug,-25,MM0 A=0:0
17.2528,terug,-25,"#241,YAW,-2.33,GYRO,-13,46,-6,ACC,4,3,254,ADC,1235,386,6,2,"
17.2528,terug,-25,MM1 ?AI
17.2528,terug,-25,MM0 ?AI
17.2528,terug,-25,MM1 AI=0:0:2364:2402:0:0
17.2528,terug,-25,MM0 AI=0:0:2463:2463:0:0
17.2528,terug,-25,MM1 !M -30 20
17.2528,terug,-25,MM0 !M -30 20
17.2528,terug,-25,MM0 +
17.2528,terug,-25,MM1 +
17.2528,terug,-25,"#242,YAW,-2.33,GYRO,-13,48,-5,ACC,4,2,260,ADC,1266,391,6,2,"
17.2528,terug,-25,MM1 ?C
17.2529,terug,-25,MM0 ?C
17.2529,terug,-25,MM1 C=860:-2855
17.2529,terug,-25,MM0 C=847:-2746
17.3067,terug,-42,"#243,YAW,-2.33,GYRO,-12,46,-8,ACC,9,1,254,ADC,1326,502,4,2,"
17.3067,terug,-42,MM1 ?D
17.3067,terug,-42,MM0 ?D
17.3067,terug,-42,MM0 D=33
17.3067,terug,-42,MM1 D=3
17.3067,terug,-42,"#244,YAW,-2.33,GYRO,-14,50,-9,ACC,4,2,264,ADC,1272,377,6,2,"
17.3068,terug,-42,MM0 !M -39 27
17.3068,terug,-42,MM0 +
17.3068,terug,-42,MM1 !M -39 27
17.3068,terug,-42,MM1 +
17.3068,terug,-42,MM0 ?FF
17.3068,terug,-42,MM1 ?FF
17.3068,terug,-42,MM1 FF=0
17.3068,terug,-42,MM0 FF=0
17.3068,terug,-42,"#245,YAW,-2.33,GYRO,-15,50,-10,ACC,3,4,253,ADC,1260,382,4,2,"
17.3068,terug,-42,MM1 ?P
17.3068,terug,-42,MM0 ?P
17.3403,terug,-42,MM1 P=-39:27
17.3403,terug,-42,MM0 P=-39:27
17.3403,terug,-42,MM1 !M -48 36
17.3403,terug,-42,MM0 !M -48 36
17.3403,terug,-42,MM1 +
17.3403,terug,-42,MM0 +
17.3403,terug,-42,"#246,YAW,-2.33,GYRO,-12,43,-6,ACC,4,2,260,ADC,1230,384,5,2,"
17.3404,terug,-42,MM1 ?S
17.3404,terug,-42,MM0 ?S
17.3404,terug,-42,MM1 S=0:0
17.3404,terug,-42,MM0 S=-75:0
17.3614,terug,-50,"#247,YAW,-2.33,GYRO,-10,70,7,ACC,-4,0,257,ADC,1199,381,6,2,"
17.3615,terug,-50,MM1 ?T
17.3615,terug,-50,MM0 ?T
17.3615,terug,-50,MM1 T=36:34
17.3615,terug,-50,MM0 T=35:35
17.3954,terug,-50,"#248,YAW,-2.33,GYRO,-16,29,16,ACC,-3,-3,263,ADC,1272,384,4,2,"
17.3954,terug,-50,MM1 ?V
17.3954,terug,-50,MM0 ?V
17.3955,terug,-50,MM1 V=120:222:4899
17.3955,terug,-50,MM0 V=120:224:4905
17.3955,terug,-50,"$GPRMC,135801.0,A,5050.50864,N,00419.37358,E,000.49,208.3,081026,000.4,E*52"
17.3955,terug,-50,MM0 !M -57 43
17.3955,terug,-50,MM1 !M -57 43
17.3955,terug,-50,MM0 +
17.3955,terug,-50,MM1 +
17.3955,terug,-50,"#249,YAW,-2.33,GYRO,-14,48,4,ACC,-3,-2,252,ADC,1240,379,4,2,"
17.3955,terug,-50,MM0 ?CR
17.3955,terug,-50,MM1 ?CR
17.3955,terug,-50,MM1 CR=-1:2
17.3955,terug,-50,MM0 CR=-1:1
17.4162,terug,-58,"#250,YAW,-2.35,GYRO,-14,43,-9,ACC,5,3,266,ADC,1243,385,5,2,"
17.4163,terug,-58,MM1 ?A
17.4163,terug,-58,MM0 ?A
17.4163,terug,-58,MM1 A=0:0
17.4163,terug,-58,MM0 A=0:0
17.4503,terug,-58,"#251,YAW,-2.35,GYRO,-15,51,-27,ACC,-5,3,252,ADC,1252,502,4,2,"
17.4503,terug,-58,MM1 ?AI
17.4503,terug,-58,MM0 ?AI
17.4503,terug,-58,MM1 AI=0:0:2369:2362:0:0
17.4503,terug,-58,MM0 AI=0:0:2453:2461:0:0
17.4503,terug,-58,MM1 !M -64 52
17.4503,terug,-58,MM0 !M -64 52
17.4503,terug,-58,MM1 +
17.4503,terug,-58,MM0 +
17.4503,terug,-58,"#252,YAW,-2.34,GYRO,-8,66,-41,ACC,-18,0,257,ADC,1258,500,5,2,"
17.4503,terug,-58,MM1 ?C
17.4503,terug,-58,MM0 ?C
17.4504,terug,-58,MM1 C=858:-2852
17.4504,terug,-58,MM0 C=845:-2744
17.4754,terug,-67,"#253,YAW,-2.34,GYRO,-15,41,-24,ACC,-9,6,258,ADC,1281,501,5,2,"
17.4754,terug,-67,MM1 ?D
17.4754,terug,-67,MM0 ?D
17.4755,terug,-67,MM1 D=32
17.4755,terug,-67,MM0 D=50
17.5087,terug,-75,"#254,YAW,-2.35,GYRO,-14,43,32,ACC,-2,3,259,ADC,1297,503,8,2,"
17.5087,terug,-75,MM1 ?FF
17.5087,terug,-75,MM0 ?FF
17.5087,terug,-75,MM0 FF=0
17.5087,terug,-75,MM1 FF=0
17.5087,terug,-75,MM0 !M -75 59
17.5088,terug,-75,MM1 !M -75 59
17.5088,terug,-75,MM0 +
17.5088,terug,-75,MM1 +
17.5088,terug,-75,"#255,YAW,-2.35,GYRO,-9,69,25,ACC,-10,0,256,ADC,1266,501,6,2,"
17.5088,terug,-75,MM1 ?P
17.5088,terug,-75,MM0 ?P
17.5088,terug,-75,MM1 P=-75:59
17.5088,terug,-75,MM0 P=-75:59
17.5551,terug,-75,"#0,YAW,-2.35,GYRO,-5,69,-17,ACC,-13,1,260,ADC,1235,502,4,2,"
17.5552,terug,-75,MM1 ?S
17.5552,terug,-75,MM0 ?S
17.5552,terug,-75,MM1 S=0:0
17.5552,terug,-75,MM0 S=0:0
17.5552,terug,-75,MM0 !M -84 66
17.5552,terug,-75,MM1 !M -84 66
17.5552,terug,-75,MM0 +
17.5552,terug,-75,MM1 +
17.5552,terug,-75,"#1,YAW,-2.35,GYRO,-22,14,-13,ACC,3,4,255,ADC,1244,381,5,2,"
17.5552,terug,-75,MM1 ?T
17.5552,terug,-75,MM0 ?T
17.5552,terug,-75,MM1 T=37:34
17.5552,terug,-75,MM0 T=35:35
17.6129,terug,-92,"#2,YAW,-2.35,GYRO,-4,80,-25,ACC,-14,5,259,ADC,1264,399,5,2,"
17.6129,terug,-92,MM1 ?V
17.6129,terug,-92,MM0 ?V
17.6129,terug,-92,MM0 V=120:223:4905
17.6130,terug,-92,MM1 V=120:222:4898
17.6130,terug,-92,"$GPRMC,135801.2,A,5050.50857,N,00419.37355,E,000.49,208.3,081026,000.4,E*5D"
17.6130,terug,-92,"#3,YAW,-2.35,GYRO,1,76,-17,ACC,-1,2,268,ADC,1263,499,4,1,"
17.6131,terug,-92,MM0 ?CR
17.6131,terug,-92,MM1 ?CR
17.6131,terug,-92,MM0 CR=-5:5
17.6131,terug,-92,MM1 CR=-5:5
17.6131,terug,-92,MM1 !M -92 76
17.6131,terug,-92,MM0 !M -92 76
17.6131,terug,-92,MM1 +
17.6131,terug,-92,MM0 +
17.6131,terug,-92,"#4,YAW,-2.36,GYRO,-19,27,-2,ACC,-14,4,241,ADC,1251,499,4,2,"
17.6131,terug,-92,MM1 ?A
17.6131,terug,-92,MM0 ?A
17.6131,terug,-92,MM1 A=0:0
17.6131,terug,-92,MM0 A=0:0
17.6475,terug,-92,"#5,YAW,-2.36,GYRO,10,102,-7,ACC,4,1,261,ADC,1236,385,4,2,"
17.6476,terug,-92,MM0 !M -101 83
17.6476,terug,-92,MM0 +
17.6476,terug,-92,MM1 !M -101 83
17.6476,terug,-92,MM1 +
17.6476,terug,-92,MM0 ?AI
17.6476,terug,-92,MM1 ?AI
17.6476,terug,-92,MM0 AI=0:0:2399:2386:0:0
17.6476,terug,-92,MM1 AI=0:0:2376:2408:0:0
17.6476,terug,-92,"#6,YAW,-2.36,GYRO,-15,53,-1,ACC,-21,0,256,ADC,1213,381,5,2,"
17.6476,terug,-92,MM0 ?C
17.6476,terug,-92,MM1 ?C
17.6476,terug,-92,MM0 C=838:-2737
17.6686,terug,-101,MM1 C=851:-2845
17.6687,terug,-101,"#7,YAW,-2.36,GYRO,0,60,1,ACC,6,4,264,ADC,1251,385,5,2,"
17.6687,terug,-101,MM0 ?D
17.6687,terug,-101,MM1 ?D
17.6687,terug,-101,MM0 D=18
17.6687,terug,-101,MM1 D=32
17.7024,terug,-101,MM1 !M -110 92
17.7024,terug,-101,MM0 !M -110 92
17.7024,terug,-101,MM1 +
17.7024,terug,-101,MM0 +
17.7024,terug,-101,"#8,YAW,-2.36,GYRO,-11,95,-23,ACC,-17,10,258,ADC,1256,285,6,2,"
17.7025,terug,-101,MM0 ?FF
17.7025,terug,-101,MM1 ?FF
17.7025,terug,-101,MM0 FF=0
17.7025,terug,-101,MM1 FF=0
17.7237,terug,-109,"#9,YAW,-2.36,GYRO,-7,35,-5,ACC,1,0,256,ADC,1237,393,4,1,"
17.7237,terug,-109,MM0 ?P
17.7237,terug,-109,MM1 ?P
17.7237,terug,-109,MM0 P=-110:92
17.7237,terug,-109,MM1 P=-110:92
17.7586,terug,-109,"#10,YAW,-2.36,GYRO,-15,94,-24,ACC,-1,8,271,ADC,1237,387,4,2,"
17.7586,terug,-109,MM0 ?S
17.7586,terug,-109,MM1 ?S
17.7586,terug,-109,MM0 S=0:75
17.7586,terug,-109,MM1 S=0:0
17.7587,terug,-109,MM0 !M -119 99
17.7587,terug,-109,MM1 !M -119 99
17.7587,terug,-109,MM0 +
17.7587,terug,-109,MM1 +
17.7587,terug,-109,"#11,YAW,-2.36,GYRO,-19,49,-24,ACC,-24,6,258,ADC,1276,387,4,1,"
17.7587,terug,-109,MM0 ?T
17.7587,terug,-109,MM1 ?T
17.7587,terug,-109,MM0 T=35:35
17.7587,terug,-109,MM1 T=36:34
17.8085,terug,-117,"#12,YAW,-2.36,GYRO,-25,14,0,ACC,-6,-2,235,ADC,1245,392,6,2,"
17.8086,terug,-117,MM0 ?V
17.8086,terug,-117,MM1 ?V
17.8086,terug,-117,MM0 V=120:222:4905
17.8086,terug,-117,MM1 V=120:223:4899
17.8086,terug,-117,"$GPRMC,135801.4,A,5050.50843,N,00419.37349,E,000.48,208.3,081026,000.4,E*52"
17.8086,terug,-117,"#13,YAW,-2.36,GYRO,-24,70,3,ACC,-11,-1,252,ADC,1250,499,4,1,"
17.8086,terug,-117,MM0 ?CR
17.8086,terug,-117,MM1 ?CR
17.8086,terug,-117,MM0 CR=-12:12
17.8086,terug,-117,MM1 CR=-12:11
17.8086,terug,-117,MM0 !M -128 106
17.8086,terug,-117,MM0 +
17.8086,terug,-117,MM1 !M -128 106
17.8086,terug,-117,MM1 +
17.8086,terug,-117,"#14,YAW,-2.37,GYRO,-29,32,9,ACC,-30,4,283,ADC,1266,393,5,2,"
17.8087,terug,-117,MM0 ?A
17.8087,terug,-117,MM1 ?A
17.8087,terug,-117,MM0 A=-4:0
17.8087,terug,-117,MM1 A=-4:0
17.8595,terug,-126,"#15,YAW,-2.37,GYRO,-25,5,15,ACC,-22,2,271,ADC,1250,389,4,2,"
17.8596,terug,-126,MM0 ?AI
17.8596,terug,-126,MM1 ?AI
17.8596,terug,-126,MM0 AI=0:0:2442:2453:0:0
17.8596,terug,-126,MM1 AI=0:0:2377:2387:0:0
17.8596,terug,-126,"#16,YAW,-2.37,GYRO,-18,10,10,ACC,-15,0,245,ADC,1248,386,5,2,"
17.8596,terug,-126,MM0 ?C
17.8596,terug,-126,MM1 ?C
17.8596,terug,-126,MM0 C=824:-2723
17.8596,terug,-126,MM1 C=837:-2832
17.9094,terug,-134,"#17,YAW,-2.38,GYRO,-19,27,-1,ACC,-8,4,238,ADC,1250,385,6,2,"
17.9094,terug,-134,MM0 ?D
17.9094,terug,-134,MM1 ?D
17.9095,terug,-134,MM1 D=17
17.9095,terug,-134,MM0 D=0
17.9095,terug,-134,MM0 !M -137 115
17.9095,terug,-134,MM1 !M -137 115
17.9095,terug,-134,MM0 +
17.9095,terug,-134,MM1 +
17.9095,terug,-134,MM0 PING
17.9095,terug,-134,MM1 PING
17.9095,terug,-134,"#18,YAW,-2.37,GYRO,-16,28,-8,ACC,-19,8,256,ADC,1305,386,6,2,"
17.9095,terug,-134,MM0 ?FF
17.9095,terug,-134,MM1 ?FF
17.9095,terug,-134,MM0 FF=0
17.9095,terug,-134,MM1 FF=0
17.9095,terug,-134,MM1 !M -145 123
17.9095,terug,-134,MM0 !M -145 123
17.9095,terug,-134,MM1 +
17.9095,terug,-134,MM0 +
17.9095,terug,-134,"#19,YAW,-2.37,GYRO,5,73,-15,ACC,-19,8,236,ADC,1298,502,4,2,"
17.9095,terug,-134,MM0 ?P
17.9095,terug,-134,MM1 ?P
17.9095,terug,-134,MM0 P=-145:123
17.9095,terug,-134,MM1 P=-145:123
17.9594,terug,-143,"#20,YAW,-2.37,GYRO,30,70,-14,ACC,-2,-6,248,ADC,1303,499,5,2,"
17.9595,terug,-143,MM0 ?S
17.9595,terug,-143,MM1 ?S
17.9595,terug,-143,MM0 S=-75:75
17.9595,terug,-143,MM1 S=-75:75
17.9595,terug,-143,MM0 !M -155 131
17.9595,terug,-143,MM1 !M -155 131
17.9595,terug,-143,MM0 +
17.9595,terug,-143,MM1 +
17.9595,terug,-143,"#21,YAW,-2.37,GYRO,-4,49,-17,ACC,-9,4,269,ADC,1231,494,4,1,"
17.9595,terug,-143,MM0 ?T
17.9595,terug,-143,MM1 ?T
17.9595,terug,-143,MM0 T=35:35
17.9595,terug,-143,MM1 T=36:34
18.0094,terug,-151,"#22,YAW,-2.37,GYRO,11,86,-12,ACC,-7,13,268,ADC,1278,501,4,2,"
18.0095,terug,-151,MM0 ?V
18.0095,terug,-151,MM1 ?V
18.0095,terug,-151,"$GPRMC,135801.6,A,5050.50831,N,00419.37351,E,000.49,208.3,081026,000.4,E*5D"
18.0095,terug,-151,MM0 V=120:223:4905
18.0095,terug,-151,MM1 V=120:221:4899
18.0095,terug,-151,"#23,YAW,-2.37,GYRO,-22,26,3,ACC,-13,16,262,ADC,1265,407,6,2,"
18.0095,terug,-151,MM0 ?CR
18.0095,terug,-151,MM1 ?CR
18.0095,terug,-151,MM0 CR=-20:20
18.0095,terug,-151,MM1 CR=-20:20
18.0095,terug,-151,MM0 !M -163 139
18.0095,terug,-151,MM0 +
18.0095,terug,-151,MM1 !M -163 139
18.0095,terug,-151,MM1 +
18.0095,terug,-151,"#24,YAW,-2.39,GYRO,-18,17,9,ACC,-11,2,224,ADC,1233,497,5,1,"
18.0095,terug,-151,MM0 ?A
18.0095,terug,-151,MM1 ?A
18.0095,terug,-151,MM0 A=-9:0
18.0095,terug,-151,MM1 A=-9:5
18.0605,terug,-159,"#25,YAW,-2.39,GYRO,-41,51,8,ACC,-17,1,272,ADC,1255,384,6,2,"
18.0606,terug,-159,MM0 ?AI
18.0606,terug,-159,MM1 ?AI
18.0606,terug,-159,MM0 AI=0:0:2449:2454:0:0
18.0606,terug,-159,MM1 AI=0:0:2365:2376:0:0
18.0606,terug,-159,MM0 !M -171 147
18.0606,terug,-159,MM1 !M -171 147
18.0606,terug,-159,MM0 +
18.0606,terug,-159,MM1 +
18.0606,terug,-159,"#26,YAW,-2.39,GYRO,-22,-17,13,ACC,-16,-9,292,ADC,1234,414,4,2,"
18.0606,terug,-159,MM0 ?C
18.0606,terug,-159,MM1 ?C
18.0606,terug,-159,MM0 C=802:-2701
18.0606,terug,-159,MM1 C=815:-2810
18.1102,terug,-168,"#27,YAW,-2.39,GYRO,-14,35,14,ACC,-17,-1,261,ADC,1263,389,7,2,"
18.1103,terug,-168,MM0 ?D
18.1103,terug,-168,MM1 ?D
18.1103,terug,-168,MM0 D=33
18.1103,terug,-168,MM1 D=3
18.1103,terug,-168,"#28,YAW,-2.39,GYRO,8,22,16,ACC,-10,13,262,ADC,1267,384,6,2,"
18.1103,terug,-168,MM0 ?FF
18.1103,terug,-168,MM1 ?FF
18.1103,terug,-168,MM0 FF=0
18.1103,terug,-168,MM1 FF=0
18.1103,terug,-168,"#29,YAW,-2.39,GYRO,7,95,13,ACC,-12,3,274,ADC,1247,384,7,2,"
18.1103,terug,-168,MM0 ?P
18.1103,terug,-168,MM1 ?P
18.1103,terug,-168,MM0 P=-171:147
18.1103,terug,-168,MM1 P=-171:147
18.1616,terug,-176,"#30,YAW,-2.39,GYRO,29,92,-13,ACC,0,3,265,ADC,1278,388,5,1,"
18.1616,terug,-176,MM0 !M -181 155
18.1616,terug,-176,MM0 +
18.1616,terug,-176,MM1 !M -181 155
18.1616,terug,-176,MM1 +
18.1616,terug,-176,MM1 PING
18.1616,terug,-176,MM0 PING
18.1616,terug,-176,MM0 ?S
18.1616,terug,-176,MM1 ?S
18.1616,terug,-176,MM0 S=-75:75
18.1617,terug,-176,MM1 S=-75:150
18.1617,terug,-176,"#31,YAW,-2.39,GYRO,-17,72,-17,ACC,4,19,261,ADC,1238,395,6,2,"
18.1617,terug,-176,MM0 ?T
18.1617,terug,-176,MM1 ?T
18.1617,terug,-176,MM0 T=35:35
18.1617,terug,-176,MM1 T=36:34
18.2458,terug,-193,"#32,YAW,-2.39,GYRO,-32,33,3,ACC,-6,15,228,ADC,1225,381,7,2,"
18.2458,terug,-193,MM0 ?V
18.2458,terug,-193,MM1 ?V
18.2458,terug,-193,MM0 V=120:221:4906
18.2458,terug,-193,MM1 V=120:222:4898
18.2458,terug,-193,"$GPRMC,135801.8,A,5050.50829,N,00419.37354,E,000.49,208.3,081026,000.4,E*5F"
18.2459,terug,-193,MM0 !M -188 164
18.2459,terug,-193,MM1 !M -188 164
18.2459,terug,-193,MM0 +
18.2459,terug,-193,MM1 +
18.2459,terug,-193,MM1 PING
18.2459,terug,-193,MM0 PING
18.2459,terug,-193,"#33,YAW,-2.39,GYRO,-73,2,14,ACC,-17,4,244,ADC,1227,354,5,2,"
18.2459,terug,-193,MM0 ?CR
18.2459,terug,-193,MM1 ?CR
18.2459,terug,-193,MM0 CR=-28:28
18.2459,terug,-193,MM1 CR=-28:28
18.2459,terug,-193,MM1 !M -198 172
18.2460,terug,-193,MM0 !M -198 172
18.2460,terug,-193,MM1 +
18.2460,terug,-193,MM0 +
18.2460,terug,-193,"#34,YAW,-2.40,GYRO,-42,-10,29,ACC,-30,-9,292,ADC,1233,382,5,1,"
18.2460,terug,-193,MM0 ?A
18.2460,terug,-193,MM1 ?A
18.2460,terug,-193,MM0 A=-9:5
18.2460,terug,-193,MM1 A=-9:5
18.2783,terug,-201,"#35,YAW,-2.41,GYRO,-25,-13,33,ACC,-18,-14,235,ADC,1264,501,7,2,"
18.2784,terug,-201,MM0 ?AI
18.2784,terug,-201,MM1 ?AI
18.2784,terug,-201,MM0 AI=0:0:2456:2465:0:0
18.2784,terug,-201,MM1 AI=0:0:2359:2403:0:0
18.2784,terug,-201,"#36,YAW,-2.41,GYRO,-1,57,30,ACC,-13,-4,242,ADC,1229,389,4,2,"
18.2784,terug,-201,MM0 ?C
18.2784,terug,-201,MM1 ?C
18.2784,terug,-201,MM0 C=770:-2671
18.2784,terug,-201,MM1 C=784:-2780
18.2841,terug,-201,MM0 !M -207 179
18.2841,terug,-201,MM1 !M -207 179
18.2841,terug,-201,MM0 +
18.2841,terug,-201,MM1 +
18.2841,terug,-201,"#37,YAW,-2.41,GYRO,36,83,-1,ACC,-19,-4,272,ADC,1230,396,4,1,"
18.2841,terug,-201,MM0 ?D
18.2841,terug,-201,MM1 ?D
18.2841,terug,-201,MM0 D=49
18.2841,terug,-201,MM1 D=35
18.2946,terug,-201,"#38,YAW,-2.41,GYRO,-4,112,-33,ACC,-4,2,256,ADC,1240,386,4,2,"
18.2946,terug,-201,MM0 ?FF
18.2947,terug,-201,MM1 ?FF
18.2947,terug,-201,MM0 FF=0
18.2947,terug,-201,MM1 FF=0
18.3300,terug,-210,"#39,YAW,-2.41,GYRO,-27,86,-31,ACC,-3,9,210,ADC,1249,381,5,2,"
18.3301,terug,-210,MM0 ?P
18.3301,terug,-210,MM1 ?P
18.3301,terug,-210,MM0 P=-207:179
18.3301,terug,-210,MM1 P=-207:179
18.8705,terug,-250,"#40,YAW,-2.40,GYRO,-66,39,-15,ACC,-5,16,234,ADC,1275,500,5,1,"
18.8705,terug,-250,MM0 ?S
18.8706,terug,-250,MM1 ?S
18.8706,terug,-250,MM0 S=-75:150
18.8706,terug,-250,MM1 S=-150:150
18.8706,terug,-250,MM0 !M -21PING
18.8706,terug,-250,MM0 +
18.8706,terug,-250,MM1 !M -21PING
18.8706,terug,-250,MM1 +
18.8706,terug,-250,MM1 !M -224 196
18.8706,terug,-250,MM0 !M -224 196
18.8706,terug,-250,MM1 +
18.8706,terug,-250,MM0 +
18.8706,terug,-250,"#41,YAW,-2.41,GYRO,-25,-56,3,ACC,-5,-15,359,ADC,1278,309,4,2,"
18.8706,terug,-250,MM0 ?T
18.8706,terug,-250,MM1 ?T
18.8706,terug,-250,MM0 T=35:35
18.8706,terug,-250,MM1 T=36:34
18.8706,terug,-250,"$GPRMC,135802.0,A,5050.50827,N,00419.37357,E,000.48,208.3,081026,000.4,E*58"
18.8706,terug,-250,"#42,YAW,-2.41,GYRO,-28,78,7,ACC,-15,-13,220,ADC,1293,366,5,2,"
18.8706,terug,-250,MM0 ?V
18.8706,terug,-250,MM1 ?V
18.8706,terug,-250,MM0 V=120:223:4906
18.8706,terug,-250,MM1 V=120:220:4897
18.8706,terug,-250,"#43,YAW,-2.42,GYRO,50,65,12,ACC,-10,-22,233,ADC,1240,385,3,1,"
18.8707,terug,-250,MM0 ?CR
18.8707,terug,-250,MM1 ?CR
18.8707,terug,-250,MM0 CR=-37:36
18.8707,terug,-250,MM1 CR=-37:36
18.8707,terug,-250,"#44,YAW,-2.42,GYRO,-17,95,-8,ACC,-9,7,292,ADC,1225,383,5,2,"
18.8707,terug,-250,MM0 ?A
18.8707,terug,-250,MM1 ?A
18.8707,terug,-250,MM0 A=-7:0
18.8707,terug,-250,MM1 A=-12:5
18.8707,terug,-250,MM0 !M -233 203
18.8707,terug,-250,MM1 !M -233 203
18.8707,terug,-250,MM0 +
18.8707,terug,-250,MM1 +
18.8707,terug,-250,"#45,YAW,-2.42,GYRO,-1,79,-26,ACC,-14,30,239,ADC,1245,303,5,1,"
18.8707,terug,-250,MM0 ?AI
18.8707,terug,-250,MM1 ?AI
18.8707,terug,-250,MM0 AI=0:0:2466:2455:0:0
18.8707,terug,-250,MM1 AI=0:0:2369:2361:0:0
18.8707,terug,-250,MM0 !M -242 212
18.8707,terug,-250,MM1 !M -242 212
18.8707,terug,-250,MM0 +
18.8707,terug,-250,MM1 +
18.8707,terug,-250,"#46,YAW,-2.42,GYRO,-51,36,-18,ACC,-24,21,229,ADC,1263,276,3,1,"
18.8707,terug,-250,MM0 ?C
18.8707,terug,-250,MM1 ?C
18.8707,terug,-250,MM0 C=731:-2632
18.8707,terug,-250,MM1 C=744:-2741
18.8708,terug,-250,"#47,YAW,-2.42,GYRO,45,-19,-15,ACC,-15,-11,293,ADC,1247,380,6,2,"
18.8708,terug,-250,MM0 ?D
18.8708,terug,-250,MM1 ?D
18.8708,terug,-250,MM0 D=17
18.8708,terug,-250,MM1 D=59
18.8708,terug,-250,"#48,YAW,-2.42,GYRO,45,-6,-19,ACC,-9,-34,286,ADC,1249,386,6,3,"
18.8709,terug,-250,MM0 ?FF
18.8709,terug,-250,MM1 ?FF
18.8709,terug,-250,MM0 FF=0
18.8709,terug,-250,MM1 FF=0
18.8709,terug,-250,MM0 !M -251 219
18.8709,terug,-250,MM1 !M -251 219
18.8709,terug,-250,MM0 +
18.8709,terug,-250,MM1 +
18.8709,terug,-250,"#49,YAW,-2.42,GYRO,118,150,-32,ACC,0,-17,205,ADC,1298,390,4,2,"
18.8709,terug,-250,MM0 ?P
18.8709,terug,-250,MM1 ?P
18.8709,terug,-250,MM0 P=-251:219
18.8709,terug,-250,MM1 P=-251:219
18.8709,terug,-250,"#50,YAW,-2.42,GYRO,33,119,-18,ACC,2,11,234,ADC,1236,388,5,2,"
18.8709,terug,-250,MM0 ?S
18.8709,terug,-250,MM1 ?S
18.8709,terug,-250,MM0 S=-150:150
18.8709,terug,-250,MM1 S=-225:150
18.8709,terug,-250,MM0 !M -259 227
18.8709,terug,-250,"#51,YAW,-2.42,GYRO,-39,134,-3,ACC,-19,32,238,ADC,1276,379,6,1,"
18.8709,terug,-250,MM0 +
18.8709,terug,-250,MM1 !M -259 227
18.8709,terug,-250,MM1 +
18.8709,terug,-250,MM0 ?T
18.8709,terug,-250,MM1 ?T
18.8709,terug,-250,MM0 T=35:35
18.8709,terug,-250,MM1 T=36:34
18.8709,terug,-250,"$GPRMC,135802.2,A,5050.50826,N,00419.37360,E,000.47,208.3,081026,000.4,E*50"
18.8709,terug,-250,"#52,YAW,-2.42,GYRO,-71,-79,28,ACC,-19,31,272,ADC,1267,319,5,2,"
18.8710,terug,-250,MM0 ?V
18.8710,terug,-250,MM1 ?V
18.8710,terug,-250,MM0 V=120:220:4905
18.8710,terug,-250,MM1 V=120:221:4899
18.8710,terug,-250,"#53,YAW,-2.43,GYRO,-22,-90,70,ACC,-6,-16,280,ADC,1289,388,5,2,"
18.8710,terug,-250,MM0 ?CR
18.8710,terug,-250,MM1 ?CR
18.8710,terug,-250,MM0 CR=-45:45
18.8710,terug,-250,MM1 CR=-47:44
18.8710,terug,-250,"#54,YAW,-2.43,GYRO,49,196,34,ACC,16,-34,225,ADC,1246,392,6,2,"
18.8710,terug,-250,MM1 ?A
18.8710,terug,-250,MM0 ?A
18.8710,terug,-250,MM1 A=-6:4
18.8710,terug,-250,MM0 A=-10:4
18.8710,terug,-250,"#55,YAW,-2.43,GYRO,-70,45,31,ACC,-11,6,267,ADC,1269,387,5,2,"
18.8710,terug,-250,MM0 ?AI
18.8710,terug,-250,MM1 ?AI
18.8710,terug,-250,MM0 AI=0:0:2436:2471:0:0
18.8710,terug,-250,MM1 AI=0:0:2377:2367:0:0
18.8710,terug,-250,"#56,YAW,-2.43,GYRO,-121,-48,26,ACC,-2,43,243,ADC,1239,500,6,2,"
18.8710,terug,-250,MM0 ?C
18.8710,terug,-250,MM1 ?C
18.8710,terug,-250,MM0 C=683:-2584
18.8710,terug,-250,MM1 C=694:-2694
18.8711,terug,-250,"#57,YAW,-2.43,GYRO,19,-47,21,ACC,-13,-11,288,ADC,1199,381,6,2,"
18.8711,terug,-250,MM0 ?D
18.8711,terug,-250,MM1 ?D
18.8711,terug,-250,MM0 D=50
18.8711,terug,-250,MM1 D=50
18.8711,terug,-250,"#58,YAW,-2.43,GYRO,-7,79,3,ACC,9,-23,254,ADC,1247,390,5,1,"
18.8711,terug,-250,MM0 ?FF
18.8711,terug,-250,MM1 ?FF
18.8711,terug,-250,MM0 FF=0
18.8711,terug,-250,MM1 FF=0
18.8711,terug,-250,MM0 !M -266 234
18.8711,terug,-250,MM1 !M -266 234
18.8711,terug,-250,MM0 +
18.8711,terug,-250,MM1 +
18.8711,terug,-250,MM1 PING
18.8711,terug,-250,MM0 PING
18.8711,terug,-250,MM0 !M -267 233
18.8711,terug,-250,MM1 !M -267 233
18.8711,terug,-250,MM0 +
18.8711,terug,-250,MM1 +
18.8712,terug,-250,MM0 !M -267 233
18.8712,terug,-250,MM1 !M -267 233
18.8712,terug,-250,MM0 +
18.8712,terug,-250,MM1 +
18.8712,terug,-250,"#59,YAW,-2.43,GYRO,11,109,4,ACC,-15,3,261,ADC,1250,359,4,1,"
18.8712,terug,-250,MM0 ?P
18.8712,terug,-250,MM1 ?P
18.8712,terug,-250,MM0 P=-267:233
18.8712,terug,-250,MM1 P=-267:233
18.8712,terug,-250,"#60,YAW,-2.43,GYRO,-116,40,21,ACC,-5,40,260,ADC,1253,392,6,2,"
18.8712,terug,-250,MM0 ?S
18.8712,terug,-250,MM1 ?S
18.8712,terug,-250,MM0 S=-225:225
18.8712,terug,-250,MM1 S=-150:150
18.8712,terug,-250,"#61,YAW,-2.44,GYRO,-12,-7,46,ACC,2,-11,256,ADC,1313,502,4,2,"
18.8712,terug,-250,MM0 ?T
18.8712,terug,-250,MM1 ?T
18.8712,terug,-250,MM0 T=35:35
18.8712,terug,-250,MM1 T=36:34
18.8712,terug,-250,"$GPRMC,135802.4,A,5050.50824,N,00419.37363,E,000.48,208.3,081026,000.4,E*58"
18.8712,terug,-250,"#62,YAW,-2.44,GYRO,25,10,51,ACC,-16,-24,241,ADC,1273,382,4,2,"
18.8712,terug,-250,MM0 ?V
18.8712,terug,-250,MM1 ?V
18.8712,terug,-250,MM0 V=120:222:4905
18.8712,terug,-250,MM1 V=120:223:4898
18.8712,terug,-250,"#63,YAW,-2.45,GYRO,-6,133,38,ACC,0,4,248,ADC,1244,395,5,2,"
18.8713,terug,-250,MM0 !M -268 232
18.8713,terug,-250,MM0 +
18.8713,terug,-250,MM1 !M -268 232
18.8713,terug,-250,MM1 +
18.8714,terug,-250,MM0 PING
18.8714,terug,-250,MM1 PING
18.8714,terug,-250,MM0 ?CR
18.8714,terug,-250,MM1 ?CR
18.8714,terug,-250,MM0 CR=-55:52
18.8714,terug,-250,MM1 CR=-54:52
18.8714,terug,-250,"#64,YAW,-2.45,GYRO,-132,148,0,ACC,4,50,238,ADC,1241,390,4,2,"
18.8714,terug,-250,MM0 ?A
18.8714,terug,-250,MM1 ?A
18.8714,terug,-250,MM0 A=-6:0
18.8714,terug,-250,MM1 A=-10:4
18.8714,terug,-250,"#65,YAW,-2.45,GYRO,3,-49,-14,ACC,-6,-1,330,ADC,1224,379,3,1,"
18.8714,terug,-250,MM0 ?AI
18.8714,terug,-250,MM1 ?AI
18.8714,terug,-250,MM0 AI=0:0:2434:2460:0:0
18.8714,terug,-250,MM1 AI=0:0:2385:2403:0:0
18.8714,terug,-250,MM1 !M -268 232
18.8715,terug,-250,MM0 !M -268 232
18.8715,terug,-250,MM1 +
18.8715,terug,-250,MM0 +
18.8715,terug,-250,MM0 PING
18.8715,terug,-250,MM1 PING
18.8715,terug,-250,"#66,YAW,-2.45,GYRO,-31,-115,-2,ACC,-9,-33,227,ADC,1255,293,6,2,"
18.8715,terug,-250,MM0 ?C
18.8715,terug,-250,MM1 ?C
18.8715,terug,-250,MM0 C=628:-2532
18.8715,terug,-250,MM1 C=640:-2641
18.8715,terug,-250,MM0 !M -268 232
18.8715,terug,-250,MM1 !M -268 232
18.8716,terug,-250,MM0 +
18.8716,terug,-250,MM1 +
18.8716,terug,-250,"#67,YAW,-2.45,GYRO,58,79,-21,ACC,-3,-27,239,ADC,1237,382,4,2,"
18.8716,terug,-250,MM0 ?D
18.8716,terug,-250,MM1 ?D
18.8716,terug,-250,MM0 D=32
18.8716,terug,-250,MM1 D=0
18.9269,terug,-250,"#68,YAW,-2.45,GYRO,-50,190,-22,ACC,14,31,225,ADC,1241,382,4,1,"
18.9269,terug,-250,MM0 ?FF
18.9269,terug,-250,MM1 ?FF
18.9269,terug,-250,MM0 FF=0
18.9269,terug,-250,MM1 FF=0
18.9270,terug,-250,MM1 !M -266 234
18.9270,terug,-250,MM0 !M -266 234
18.9270,terug,-250,MM1 +
18.9270,terug,-250,MM0 +
18.9270,terug,-250,"#69,YAW,-2.45,GYRO,-43,-27,5,ACC,-13,33,353,ADC,1240,390,5,1,"
18.9270,terug,-250,MM0 ?P
18.9270,terug,-250,MM1 ?P
18.9270,terug,-250,MM0 P=-266:234
18.9270,terug,-250,MM1 P=-266:234
18.9458,terug,-250,"#70,YAW,-2.45,GYRO,41,-48,22,ACC,-5,-28,265,ADC,1201,381,5,2,"
18.9458,terug,-250,MM0 ?S
18.9458,terug,-250,MM1 ?S
18.9458,terug,-250,MM0 S=-225:225
18.9458,terug,-250,MM1 S=-225:150
18.9458,terug,-250,MM0 !M -268 232
18.9458,terug,-250,MM1 !M -268 232
18.9458,terug,-250,MM0 +
18.9458,terug,-250,MM1 +
18.9604,terug,-250,"#71,YAW,-2.45,GYRO,16,165,5,ACC,27,-28,187,ADC,1212,381,7,1,"
18.9604,terug,-250,MM0 ?T
18.9604,terug,-250,MM1 ?T
18.9604,terug,-250,MM0 T=35:35
18.9604,terug,-250,MM1 T=36:34
18.9814,terug,-250,"$GPRMC,135802.6,A,5050.50822,N,00419.37366,E,000.48,208.3,081026,000.4,E*59"
18.9815,terug,-250,"#72,YAW,-2.45,GYRO,-11,223,-3,ACC,4,9,212,ADC,1240,503,6,2,"
18.9815,terug,-250,MM0 ?V
18.9815,terug,-250,MM1 ?V
18.9815,terug,-250,MM0 V=120:223:4906
18.9815,terug,-250,MM1 V=120:222:4898
19.0153,terug,-250,"#73,YAW,-2.46,GYRO,-26,187,-4,ACC,-4,5,424,ADC,1215,386,4,1,"
19.0154,terug,-250,MM0 ?CR
19.0154,terug,-250,MM1 ?CR
19.0154,terug,-250,MM0 CR=-57:54
19.0154,terug,-250,MM1 CR=-57:55
19.0154,terug,-250,"#74,YAW,-2.46,GYRO,57,-175,15,ACC,7,-19,250,ADC,1252,388,6,1,"
19.0154,terug,-250,MM0 ?A
19.0154,terug,-250,MM1 ?A
19.0154,terug,-250,MM0 A=-6:0
19.0154,terug,-250,MM1 A=-10:0
19.0365,terug,-250,"#75,YAW,-2.46,GYRO,44,92,8,ACC,-7,-12,160,ADC,1260,388,3,1,"
19.0365,terug,-250,MM0 ?AI
19.0365,terug,-250,MM1 ?AI
19.0365,terug,-250,MM0 AI=0:0:2469:2471:0:0
19.0365,terug,-250,MM1 AI=0:0:2374:2342:0:0
19.0365,terug,-250,MM0 !M -268 232
19.0365,terug,-250,MM1 !M -268 232
19.0365,terug,-250,MM0 +
19.0366,terug,-250,MM1 +
19.0366,terug,-250,MM1 PING
19.0702,terug,-250,MM0 PING
19.0702,terug,-250,"#76,YAW,-2.46,GYRO,-49,193,0,ACC,8,25,201,ADC,1240,382,4,1,"
19.0703,terug,-250,MM0 ?C
19.0703,terug,-250,MM1 ?C
19.0703,terug,-250,MM0 C=570:-2476
19.0703,terug,-250,MM1 C=582:-2585
19.0704,terug,-250,"#77,YAW,-2.46,GYRO,-109,106,15,ACC,13,-2,403,ADC,1273,389,6,2,"
19.0704,terug,-250,MM1 ?D
19.0704,terug,-250,MM0 ?D
19.0704,terug,-250,MM0 D=43
19.0704,terug,-250,MM1 D=34
19.1215,terug,-250,"#78,YAW,-2.46,GYRO,47,-122,2,ACC,0,-47,197,ADC,1240,497,5,1,"
19.1216,terug,-250,MM0 !M -268 232
19.1216,terug,-250,MM0 +
19.1216,terug,-250,MM1 !M -268 232
19.1216,terug,-250,MM1 +
19.1216,terug,-250,MM0 PING
19.1216,terug,-250,MM1 PING
19.1216,terug,-250,MM1 ?FF
19.1216,terug,-250,MM0 ?FF
19.1216,terug,-250,MM1 FF=0
19.1216,terug,-250,MM0 FF=0
19.1216,terug,-250,"#79,YAW,-2.46,GYRO,44,-71,-2,ACC,2,-26,195,ADC,1223,386,5,2,"
19.1216,terug,-250,MM0 ?P
19.1216,terug,-250,MM1 ?P
19.1216,terug,-250,MM0 P=-268:232
19.1216,terug,-250,MM1 P=-268:232
19.1721,terug,-250,"#80,YAW,-2.46,GYRO,-84,84,-16,ACC,-21,11,233,ADC,1248,394,4,1,"
19.1721,terug,-250,MM0 ?S
19.1721,terug,-250,MM1 ?S
19.1721,terug,-250,MM0 S=-225:225
19.1721,terug,-250,MM1 S=-225:225
19.1721,terug,-250,MM0 !M -269 231
19.1721,terug,-250,MM1 !M -269 231
19.1721,terug,-250,MM0 +
19.1721,terug,-250,MM1 +
19.1721,terug,-250,MM1 PING
19.1721,terug,-250,MM0 PING
19.1722,terug,-250,"#81,YAW,-2.46,GYRO,-99,74,-2,ACC,4,31,350,ADC,1253,383,5,2,"
19.1722,terug,-250,MM0 ?T
19.1722,terug,-250,MM1 ?T
19.1722,terug,-250,MM0 T=35:35
19.1722,terug,-250,MM1 T=36:34
19.1722,terug,-250,"$GPRMC,135802.8,A,5050.50820,N,00419.37370,E,000.48,208.3,081026,000.4,E*52"
19.1722,terug,-250,"#82,YAW,-2.46,GYRO,108,19,-6,ACC,17,-29,240,ADC,1260,496,5,1,"
19.1722,terug,-250,MM0 ?V
19.2227,terug,-250,MM1 ?V
19.2227,terug,-250,MM0 V=120:226:4911
19.2227,terug,-250,MM1 V=120:221:4900
19.2227,terug,-250,"#83,YAW,-2.47,GYRO,-55,65,9,ACC,19,-12,223,ADC,1245,498,6,2,"
19.2228,terug,-250,MM0 !M -269 231
19.2228,terug,-250,MM1 !M -269 231
19.2228,terug,-250,MM0 +
19.2228,terug,-250,MM1 +
19.2228,terug,-250,MM1 PING
19.2228,terug,-250,MM0 PING
19.2228,terug,-250,MM1 ?CR
19.2228,terug,-250,MM0 ?CR
19.2228,terug,-250,MM1 CR=-57:56
19.2228,terug,-250,MM0 CR=-57:56
19.2228,terug,-250,"#84,YAW,-2.47,GYRO,29,116,5,ACC,4,7,207,ADC,1241,493,4,2,"
19.2228,terug,-250,MM0 ?A
19.2228,terug,-250,MM1 ?A
19.2228,terug,-250,MM0 A=-2:0
19.2228,terug,-250,MM1 A=-6:0
19.2723,terug,-250,"#85,YAW,-2.47,GYRO,-91,229,14,ACC,18,23,350,ADC,1199,382,6,2,"
19.2724,terug,-250,MM1 ?AI
19.2724,terug,-250,MM0 ?AI
19.2724,terug,-250,MM1 AI=0:0:2344:2356:0:0
19.2724,terug,-250,MM0 AI=0:0:2450:2465:0:0
19.2724,terug,-250,MM0 !M -270 230
19.2724,terug,-250,MM1 !M -270 230
19.2724,terug,-250,MM0 +
19.2724,terug,-250,MM1 +
19.2724,terug,-250,MM0 PING
19.2724,terug,-250,MM1 PING
19.2724,terug,-250,"#86,YAW,-2.47,GYRO,33,22,4,ACC,2,4,251,ADC,1251,497,4,1,"
19.2724,terug,-250,MM0 ?C
19.2724,terug,-250,MM1 ?C
19.2724,terug,-250,MM0 C=512:-2420
19.2724,terug,-250,MM1 C=525:-2529
19.2725,terug,-250,"#87,YAW,-2.47,GYRO,-73,-61,18,ACC,15,-2,209,ADC,1249,500,5,1,"
19.2725,terug,-250,MM1 ?D
19.2726,terug,-250,MM0 ?D
19.2726,terug,-250,MM0 D=32
19.2726,terug,-250,MM1 D=1
19.2942,terug,-250,"#88,YAW,-2.47,GYRO,75,68,-5,ACC,-8,11,199,ADC,1210,381,6,2,"
19.2943,terug,-250,MM1 ?FF
19.2943,terug,-250,MM0 ?FF
19.2943,terug,-250,MM1 FF=0
19.2943,terug,-250,MM0 FF=0
19.2943,terug,-250,MM0 !M -270 230
19.2943,terug,-250,MM1 !M -270 230
19.2943,terug,-250,MM0 +
19.2943,terug,-250,MM1 +
19.2943,terug,-250,MM0 PING
19.2943,terug,-250,MM1 PING
19.3282,terug,-250,"#89,YAW,-2.47,GYRO,-102,187,18,ACC,8,13,373,ADC,1216,383,7,1,"
19.3282,terug,-250,MM0 ?P
19.3282,terug,-250,MM1 ?P
19.3282,terug,-250,MM1 P=-270:230
19.3282,terug,-250,MM0 P=-270:230
19.3282,terug,-250,MM1 !M -270 230
19.3282,terug,-250,MM0 !M -270 230
19.3283,terug,-250,MM1 +
19.3283,terug,-250,MM0 +
19.3283,terug,-250,"#90,YAW,-2.47,GYRO,53,1,31,ACC,-15,13,272,ADC,1273,494,5,1,"
19.3283,terug,-250,MM1 ?S
19.3283,terug,-250,MM0 ?S
19.3283,terug,-250,MM1 S=-225:150
19.3283,terug,-250,MM0 S=-225:225
19.3627,terug,-250,MM0 !M -271 229
19.3628,terug,-250,MM0 +
19.3628,terug,-250,MM1 !M -271 229
19.3628,terug,-250,MM1 +
19.3628,terug,-250,"#91,YAW,-2.47,GYRO,18,-99,45,ACC,14,-4,208,ADC,1232,341,5,1,"
19.3628,terug,-250,MM1 ?T
19.3628,terug,-250,MM0 ?T
19.3628,terug,-250,MM1 T=36:34
19.3628,terug,-250,MM0 T=35:35
19.3834,terug,-250,"$GPRMC,135803.0,A,5050.50819,N,00419.37373,E,000.49,208.3,081026,000.4,E*53"
19.3834,terug,-250,"#92,YAW,-2.48,GYRO,-7,30,36,ACC,0,2,163,ADC,1204,342,4,1,"
19.3835,terug,-250,MM1 ?V
19.3835,terug,-250,MM0 ?V
19.3835,terug,-250,MM1 V=120:222:4898
19.3835,terug,-250,MM0 V=120:222:4905
19.4212,terug,-250,"#93,YAW,-2.48,GYRO,-150,176,9,ACC,15,42,410,ADC,1225,383,3,1,"
19.4212,terug,-250,MM1 ?CR
19.4212,terug,-250,MM0 ?CR
19.4212,terug,-250,MM1 CR=-58:56
19.4212,terug,-250,MM0 CR=-59:56
19.4212,terug,-250,"#94,YAW,-2.49,GYRO,-23,-27,28,ACC,1,12,230,ADC,1232,391,5,2,"
19.4212,terug,-250,MM1 ?A
19.4213,terug,-250,MM0 ?A
19.4213,terug,-250,MM0 A=-6:0
19.4213,terug,-250,MM1 A=-10:0
19.4384,terug,-250,"#95,YAW,-2.49,GYRO,20,-159,43,ACC,-9,-36,197,ADC,1268,387,5,2,"
19.4384,terug,-250,MM0 ?AI
19.4384,terug,-250,MM1 ?AI
19.4384,terug,-250,MM0 AI=0:0:2447:2466:0:0
19.4384,terug,-250,MM1 AI=0:0:2369:2376:0:0
19.4384,terug,-250,MM0 !M -269 231
19.4384,terug,-250,MM1 !M -269 231
19.4384,terug,-250,MM0 +
19.4384,terug,-250,MM1 +
19.4384,terug,-250,MM1 PING
19.4385,terug,-250,MM0 PING
19.4724,terug,-250,"#96,YAW,-2.49,GYRO,-21,47,26,ACC,-4,-16,162,ADC,1279,343,3,2,"
19.4724,terug,-250,MM1 ?C
19.4724,terug,-250,MM0 ?C
19.4724,terug,-250,MM1 C=468:-2474
19.4724,terug,-250,MM0 C=454:-2364
19.4725,terug,-250,"#97,YAW,-2.49,GYRO,-51,208,-5,ACC,8,27,401,ADC,1269,391,5,2,"
19.4725,terug,-250,MM1 ?D
19.4725,terug,-250,MM0 ?D
19.4725,terug,-250,MM1 D=32
19.4725,terug,-250,MM0 D=59
19.5275,terug,-250,"#98,YAW,-2.49,GYRO,9,52,6,ACC,-8,29,301,ADC,1231,502,3,1,"
19.5276,terug,-250,MM0 ?FF
19.5276,terug,-250,MM1 ?FF
19.5276,terug,-250,MM0 FF=0
19.5276,terug,-250,MM1 FF=0
19.5276,terug,-250,MM0 !M -269 231
19.5276,terug,-250,MM1 !M -269 231
19.5276,terug,-250,MM1 +
19.5276,terug,-250,MM0 +
19.5276,terug,-250,MM0 PING
19.5276,terug,-250,MM1 PING
19.5276,terug,-250,MM0 !M -269 231
19.5276,terug,-250,MM1 !M -269 231
19.5276,terug,-250,MM0 +
19.5276,terug,-250,MM1 +
19.5276,terug,-250,"#99,YAW,-2.49,GYRO,-16,-165,13,ACC,20,5,201,ADC,1242,337,6,2,"
19.5276,terug,-250,MM1 ?P
19.5276,terug,-250,MM0 ?P
19.5276,terug,-250,MM1 P=-269:231
19.5276,terug,-250,MM0 P=-269:231
19.5276,terug,-250,"#100,YAW,-2.49,GYRO,-20,2,18,ACC,2,3,141,ADC,1224,385,7,2,"
19.5765,terug,-250,MM0 ?S
19.5765,terug,-250,MM1 ?S
19.5765,terug,-250,MM0 S=-225:225
19.5765,terug,-250,MM1 S=-225:225
19.5765,terug,-250,"#101,YAW,-2.49,GYRO,-106,115,-9,ACC,21,-18,283,ADC,1260,400,5,2,"
19.5765,terug,-250,MM0 ?T
19.5765,terug,-250,MM1 ?T
19.5765,terug,-250,MM0 T=35:35
19.5765,terug,-250,MM1 T=36:34
19.5765,terug,-250,MM0 !M -269 231
19.5765,terug,-250,MM1 !M -269 231
19.5765,terug,-250,MM0 +
19.5765,terug,-250,MM1 +
19.5765,terug,-250,"$GPRMC,135803.2,A,5050.50817,N,00419.37376,E,000.49,208.3,081026,000.4,E*5A"
19.5766,terug,-250,"#102,YAW,-2.49,GYRO,113,70,-28,ACC,4,-5,328,ADC,1203,354,4,2,"
19.5766,terug,-250,MM0 ?V
19.5766,terug,-250,MM1 ?V
19.5766,terug,-250,MM0 V=120:223:4906
19.5766,terug,-250,MM1 V=120:222:4899
19.6263,terug,-250,"#103,YAW,-2.50,GYRO,61,-74,-30,ACC,-4,-21,154,ADC,1236,383,8,2,"
19.6263,terug,-250,MM0 ?CR
19.6263,terug,-250,MM1 ?CR
19.6263,terug,-250,MM0 CR=-57:56
19.6263,terug,-250,MM1 CR=-57:56
19.6263,terug,-250,"#104,YAW,-2.50,GYRO,57,-98,11,ACC,19,10,155,ADC,1284,385,4,1,"
19.6263,terug,-250,MM0 !M -270 230
19.6263,terug,-250,MM0 +
19.6263,terug,-250,MM1 !M -270 230
19.6263,terug,-250,MM1 +
19.6263,terug,-250,MM0 ?A
19.6263,terug,-250,MM1 ?A
19.6263,terug,-250,MM0 A=-6:0
19.6264,terug,-250,MM1 A=-10:0
19.6264,terug,-250,"#105,YAW,-2.50,GYRO,-205,120,4,ACC,6,30,380,ADC,1260,384,6,1,"
19.6264,terug,-250,MM0 ?AI
19.6264,terug,-250,MM1 ?AI
19.6766,terug,-250,MM0 AI=0:0:2439:2463:0:0
19.6766,terug,-250,MM1 AI=0:0:2377:2408:0:0
19.6766,terug,-250,"#106,YAW,-2.50,GYRO,173,244,6,ACC,-5,-2,313,ADC,1243,385,4,2,"
19.6766,terug,-250,MM0 ?C
19.6766,terug,-250,MM1 ?C
19.6766,terug,-250,MM0 C=396:-2308
19.6767,terug,-250,MM1 C=410:-2417
19.6767,terug,-250,"#107,YAW,-2.50,GYRO,-20,-38,7,ACC,30,-17,168,ADC,1239,385,7,2,"
19.6767,terug,-250,MM1 ?D
19.6768,terug,-250,MM0 ?D
19.6768,terug,-250,MM0 D=41
19.6768,terug,-250,MM1 D=3
19.7284,terug,-250,"#108,YAW,-2.50,GYRO,13,-144,15,ACC,-35,15,226,ADC,1267,381,5,1,"
19.7285,terug,-250,MM1 ?FF
19.7285,terug,-250,MM0 ?FF
19.7285,terug,-250,MM1 FF=0
19.7285,terug,-250,MM0 FF=0
19.7285,terug,-250,MM0 !M -270 230
19.7285,terug,-250,MM1 !M -270 230
19.7285,terug,-250,MM0 +
19.7285,terug,-250,MM1 +
19.7285,terug,-250,MM1 PING
19.7285,terug,-250,MM0 PING
19.7285,terug,-250,"#109,YAW,-2.50,GYRO,-154,28,20,ACC,25,48,281,ADC,1221,381,6,1,"
19.7285,terug,-250,MM0 !M -271 229
19.7285,terug,-250,MM0 +
19.7285,terug,-250,MM1 !M -271 229
19.7285,terug,-250,MM1 +
19.7285,terug,-250,MM0 ?P
19.7285,terug,-250,MM1 ?P
19.7285,terug,-250,MM0 P=-271:229
19.7285,terug,-250,MM1 P=-271:229
19.7285,terug,-250,"#110,YAW,-2.50,GYRO,40,115,33,ACC,12,-10,327,ADC,1235,381,5,2,"
19.7286,terug,-250,MM1 ?S
19.7286,terug,-250,MM0 ?S
19.7774,terug,-250,MM1 S=-225:225
19.7774,terug,-250,MM0 S=-225:225
19.7774,terug,-250,"#111,YAW,-2.50,GYRO,-51,-62,42,ACC,13,-23,220,ADC,1246,389,4,2,"
19.7774,terug,-250,MM1 ?T
19.7774,terug,-250,MM0 ?T
19.7774,terug,-250,MM1 T=36:34
19.7774,terug,-250,MM0 T=35:35
19.7774,terug,-250,"$GPRMC,135803.4,A,5050.50815,N,00419.37379,E,000.48,208.3,081026,000.4,E*50"
19.7774,terug,-250,"#112,YAW,-2.50,GYRO,10,-51,42,ACC,-13,4,163,ADC,1254,381,6,2,"
19.7775,terug,-250,MM0 ?V
19.7775,terug,-250,MM1 ?V
19.7775,terug,-250,MM0 V=120:223:4905
19.7775,terug,-250,MM1 V=120:222:4899
19.8312,terug,-250,"#113,YAW,-2.51,GYRO,-140,221,21,ACC,4,-7,325,ADC,1268,392,5,2,"
19.8313,terug,-250,MM0 ?CR
19.8313,terug,-250,MM1 ?CR
19.8313,terug,-250,MM0 CR=-59:57
19.8313,terug,-250,MM1 CR=-58:57
19.8313,terug,-250,MM0 !M -270 230
19.8313,terug,-250,MM1 !M -270 230
19.8313,terug,-250,MM0 +
19.8313,terug,-250,MM1 +
19.8313,terug,-250,MM0 PING
19.8313,terug,-250,MM1 PING
19.8313,terug,-250,"#114,YAW,-2.51,GYRO,-9,210,22,ACC,13,27,318,ADC,1218,378,4,1,"
19.8313,terug,-250,MM0 ?A
19.8313,terug,-250,MM1 ?A
19.8313,terug,-250,MM0 A=-2:0
19.8313,terug,-250,MM1 A=-6:0
19.8313,terug,-250,MM0 !M -269 231
19.8313,terug,-250,MM1 !M -269 231
19.8313,terug,-250,MM0 +
19.8313,terug,-250,MM1 +
19.8314,terug,-250,"#115,YAW,-2.51,GYRO,16,-144,46,ACC,0,-24,173,ADC,1225,383,5,2,"
19.8314,terug,-250,MM0 ?AI
19.8314,terug,-250,MM1 ?AI
19.8543,terug,-250,MM0 AI=0:0:2461:2460:0:0
19.8543,terug,-250,MM1 AI=0:0:2391:2485:0:0
19.8543,terug,-250,"#116,YAW,-2.51,GYRO,-21,-118,51,ACC,-16,-14,164,ADC,1233,387,7,2,"
19.8543,terug,-250,MM0 ?C
19.8543,terug,-250,MM1 ?C
19.8543,terug,-250,MM0 C=338:-2251
19.8543,terug,-250,MM1 C=352:-2360
19.8753,terug,-250,"#117,YAW,-2.51,GYRO,-221,211,25,ACC,12,21,310,ADC,1265,502,4,2,"
19.8753,terug,-250,MM0 ?D
19.8754,terug,-250,MM1 ?D
19.8754,terug,-250,MM0 D=35
19.8754,terug,-250,MM1 D=0
19.8986,terug,-250,"#118,YAW,-2.51,GYRO,86,411,-39,ACC,-6,-3,385,ADC,1208,390,4,2,"
19.8986,terug,-250,MM0 ?FF
19.8986,terug,-250,MM1 ?FF
19.8986,terug,-250,MM0 FF=0
19.8986,terug,-250,MM1 FF=0
19.9193,terug,-250,"#119,YAW,-2.51,GYRO,-29,-180,-32,ACC,32,-35,115,ADC,1274,397,6,2,"
19.9194,terug,-250,MM0 ?P
19.9194,terug,-250,MM1 ?P
19.9194,terug,-250,MM0 P=-269:231
19.9194,terug,-250,MM1 P=-269:231
19.9686,terug,-250,"#120,YAW,-2.51,GYRO,-54,-89,-24,ACC,-33,-7,268,ADC,1264,498,5,2,"
19.9687,terug,-250,MM0 ?S
19.9687,terug,-250,MM1 ?S
19.9687,terug,-250,MM0 S=-225:225
19.9687,terug,-250,MM1 S=-150:225
19.9687,terug,-250,"#121,YAW,-2.51,GYRO,-116,165,-8,ACC,12,33,250,ADC,1200,381,5,1,"
19.9687,terug,-250,MM0 !M -26PING
19.9687,terug,-250,MM0 +
19.9687,terug,-250,MM1 !M -26PING
19.9687,terug,-250,MM1 +
19.9687,terug,-250,MM0 ?T
19.9687,terug,-250,MM1 ?T
19.9687,terug,-250,MM0 T=35:35
19.9687,terug,-250,MM1 T=36:34
19.9687,terug,-250,MM0 !M -270 230
19.9687,terug,-250,MM1 !M -270 230
19.9687,terug,-250,MM0 +
19.9687,terug,-250,MM1 +
19.9687,terug,-250,"$GPRMC,135803.6,A,5050.50813,N,00419.37383,E,000.48,208.3,081026,000.4,E*51"
19.9893,terug,-250,"#122,YAW,-2.51,GYRO,97,274,3,ACC,18,-18,356,ADC,1249,308,6,2,"
19.9894,terug,-250,MM0 ?V
19.9894,terug,-250,MM1 ?V
19.9894,terug,-250,MM0 V=120:223:4906
19.9894,terug,-250,MM1 V=120:222:4899
19.9894,terug,-250,"#123,YAW,-2.52,GYRO,-28,-9,18,ACC,24,-34,170,ADC,1228,386,6,2,"
19.9894,terug,-250,MM0 ?CR
19.9894,terug,-250,MM1 ?CR
19.9894,terug,-250,MM0 CR=-59:57
20.0235,terug,-250,MM1 CR=-58:57
20.0236,terug,-250,MM1 !M -271 229
20.0236,terug,-250,MM0 !M -271 229
20.0236,terug,-250,MM1 +
20.0236,terug,-250,MM0 +
20.0236,terug,-250,"#124,YAW,-2.52,GYRO,21,-80,17,ACC,-15,4,221,ADC,1281,307,5,1,"
20.0236,terug,-250,MM1 ?A
20.0236,terug,-250,MM0 ?A
20.0236,terug,-250,MM0 A=-6:0
20.0236,terug,-250,MM1 A=-10:0
20.0444,terug,-250,"#125,YAW,-2.52,GYRO,-211,183,12,ACC,17,33,343,ADC,1254,404,6,1,"
20.0445,terug,-250,MM0 ?AI
20.0445,terug,-250,MM1 ?AI
20.0445,terug,-250,MM0 AI=0:0:2463:2463:0:0
20.0445,terug,-250,MM1 AI=0:0:2404:2401:0:0
20.0794,terug,-250,"#126,YAW,-2.52,GYRO,190,319,-14,ACC,26,-40,262,ADC,1269,502,6,2,"
20.0795,terug,-250,MM0 ?C
20.0795,terug,-250,MM1 ?C
20.0795,terug,-250,MM0 C=279:-2195
20.0795,terug,-250,MM1 C=293:-2303
20.0796,terug,-250,MM0 !M -270 230
20.0796,terug,-250,MM1 !M -270 230
20.0796,terug,-250,MM0 +
20.0796,terug,-250,MM1 +
20.0796,terug,-250,"#127,YAW,-2.52,GYRO,2,209,-39,ACC,-4,-40,280,ADC,1249,397,5,1,"
20.0796,terug,-250,MM0 ?D
20.0796,terug,-250,MM1 ?D
20.0796,terug,-250,MM1 D=49
20.0796,terug,-250,MM0 D=2
20.1315,terug,-250,"#128,YAW,-2.52,GYRO,13,-157,-46,ACC,4,5,173,ADC,1286,503,5,2,"
20.1315,terug,-250,MM0 ?FF
20.1315,terug,-250,MM1 ?FF
20.1315,terug,-250,MM0 FF=0
20.1315,terug,-250,MM1 FF=0
20.1316,terug,-250,"#129,YAW,-2.52,GYRO,-266,-62,-11,ACC,-66,83,258,ADC,1187,380,6,2,"
20.1316,terug,-250,MM0 ?P
20.1316,terug,-250,MM1 ?P
20.1316,terug,-250,MM0 P=-270:230
20.1316,terug,-250,MM1 P=-270:230
20.1316,terug,-250,"#130,YAW,-2.52,GYRO,114,354,-11,ACC,13,-14,162,ADC,1240,386,7,2,"
20.1316,terug,-250,MM0 ?S
20.1316,terug,-250,MM1 ?S
20.1316,terug,-250,MM0 S=-225:225
20.1316,terug,-250,MM1 S=-225:150
20.1836,terug,-250,"#131,YAW,-2.52,GYRO,-22,126,-21,ACC,-21,-8,292,ADC,1235,381,5,2,"
20.1837,terug,-250,MM0 ?T
20.1837,terug,-250,MM1 ?T
20.1837,terug,-250,MM0 T=35:35
20.1837,terug,-250,MM1 T=36:34
20.1837,terug,-250,MM0 !M -271 229
20.1837,terug,-250,MM1 !M -271 229
20.1837,terug,-250,MM0 +
20.1837,terug,-250,MM1 +
20.1837,terug,-250,MM0 PING
20.1837,terug,-250,MM1 PING
20.1837,terug,-250,"$GPRMC,135803.8,A,5050.50812,N,00419.37386,E,000.48,208.3,081026,000.4,E*5B"
20.1837,terug,-250,"#132,YAW,-2.52,GYRO,22,-115,-29,ACC,-7,48,133,ADC,1234,311,5,1,"
20.1837,terug,-250,MM0 ?V
20.1837,terug,-250,MM1 ?V
20.1837,terug,-250,MM0 V=120:223:4905
20.1837,terug,-250,MM1 V=120:222:4899
20.2045,terug,-250,"#133,YAW,-2.52,GYRO,-236,-176,5,ACC,17,98,126,ADC,1241,397,5,1,"
20.2045,terug,-250,MM0 ?CR
20.2045,terug,-250,MM1 ?CR
20.2046,terug,-250,MM0 CR=-57:55
20.2046,terug,-250,MM1 CR=-60:56
20.2046,terug,-250,"#134,YAW,-2.52,GYRO,129,93,18,ACC,72,-19,586,ADC,1283,387,5,2,"
20.2407,terug,-250,MM0 ?A
20.2407,terug,-250,MM0 A=-6:0
20.2407,terug,-250,MM1 ?A
20.2407,terug,-250,MM1 A=-10:0
20.2407,terug,-250,MM0 !M -272 228
20.2407,terug,-250,MM1 !M -272 228
20.2407,terug,-250,MM0 +
20.2407,terug,-250,MM1 +
20.2407,terug,-250,MM0 PING
20.2407,terug,-250,MM1 PING
20.2407,terug,-250,"#135,YAW,-2.52,GYRO,185,412,-6,ACC,32,-42,208,ADC,1232,389,7,2,"
20.2408,terug,-250,MM0 ?AI
20.2408,terug,-250,MM1 ?AI
20.2408,terug,-250,MM0 AI=0:0:2448:2456:0:0
20.2408,terug,-250,MM1 AI=0:0:2362:2384:0:0
20.2754,terug,-250,"#136,YAW,-2.52,GYRO,-144,-181,-28,ACC,26,-16,413,ADC,1234,381,4,1,"
20.2754,terug,-250,MM0 ?C
20.2754,terug,-250,MM1 ?C
20.2754,terug,-250,MM0 C=222:-2139
20.2754,terug,-250,MM1 C=233:-2247
20.2755,terug,-250,MM1 !M -273 227
20.2755,terug,-250,MM0 !M -273 227
20.2755,terug,-250,MM1 +
20.2755,terug,-250,MM0 +
20.2755,terug,-250,MM0 PING
20.2755,terug,-250,MM1 PING
20.2755,terug,-250,MM0 !M -272 228
20.2755,terug,-250,MM1 !M -272 228
20.2755,terug,-250,MM1 +
20.2755,terug,-250,MM0 +
20.2756,terug,-250,"#137,YAW,-2.52,GYRO,-170,-72,33,ACC,-24,48,201,ADC,1265,297,6,1,"
20.2756,terug,-250,MM0 ?D
20.2756,terug,-250,MM1 ?D
20.2756,terug,-250,MM0 D=35
20.2756,terug,-250,MM1 D=49
20.2962,terug,-250,"#138,YAW,-2.53,GYRO,141,107,22,ACC,26,0,440,ADC,1249,386,4,1,"
20.2962,terug,-250,MM0 ?FF
20.2962,terug,-250,MM1 ?FF
20.2963,terug,-250,MM0 FF=0
20.2963,terug,-250,MM1 FF=0
20.3302,terug,-250,"#139,YAW,-2.53,GYRO,155,494,-11,ACC,37,-11,220,ADC,1222,383,5,2,"
20.3303,terug,-250,MM0 ?P
20.3303,terug,-250,MM1 ?P
20.3303,terug,-250,MM0 P=-272:228
20.3303,terug,-250,MM1 P=-272:228
20.3303,terug,-250,"#140,YAW,-2.53,GYRO,-80,-313,-12,ACC,2,-4,202,ADC,1259,385,4,1,"
20.3303,terug,-250,MM0 ?S
20.3303,terug,-250,MM1 ?S
20.3303,terug,-250,MM0 S=-225:225
20.3303,terug,-250,MM1 S=-225:150
20.3547,terug,-250,"#141,YAW,-2.53,GYRO,-68,-26,24,ACC,-41,66,190,ADC,1221,390,7,3,"
20.3547,terug,-250,MM0 ?T
20.3547,terug,-250,MM1 ?T
20.3547,terug,-250,MM0 T=35:35
20.3547,terug,-250,MM1 T=36:34
20.3547,terug,-250,MM0 !M -273 227
20.3547,terug,-250,MM1 !M -273 227
20.3891,terug,-250,MM0 +
20.3891,terug,-250,MM1 +
20.3891,terug,-250,MM1 PING
20.3891,terug,-250,MM0 PING
20.3891,terug,-250,"$GPRMC,135804.0,A,5050.50810,N,00419.37389,E,000.47,208.3,081026,000.4,E*56"
20.3891,terug,-250,"#142,YAW,-2.53,GYRO,-40,-88,28,ACC,-49,62,497,ADC,1255,306,4,2,"
20.3892,terug,-250,MM0 ?V
20.3892,terug,-250,MM1 ?V
20.3892,terug,-250,MM0 V=120:222:4905
20.3892,terug,-250,MM1 V=120:221:4898
20.3892,terug,-250,"#143,YAW,-2.53,GYRO,218,598,-16,ACC,17,6,287,ADC,1278,390,4,2,"
20.3892,terug,-250,MM0 ?CR
20.3892,terug,-250,MM1 ?CR
20.3892,terug,-250,MM0 CR=-57:56
20.3892,terug,-250,MM1 CR=-60:56
20.4236,terug,-250,MM0 !M -273 227
20.4236,terug,-250,MM1 !M -273 227
20.4236,terug,-250,MM0 +
20.4236,terug,-250,MM1 +
20.4236,terug,-250,MM0 PING
20.4236,terug,-250,MM1 PING
20.4236,terug,-250,"#144,YAW,-2.53,GYRO,-225,-433,11,ACC,64,104,318,ADC,1234,382,4,1,"
20.4237,terug,-250,MM0 ?A
20.4237,terug,-250,MM1 ?A
20.4237,terug,-250,MM0 A=-9:0
20.4237,terug,-250,MM1 A=-6:0
20.4457,terug,-250,"#145,YAW,-2.53,GYRO,-4,-40,70,ACC,-60,40,312,ADC,1265,501,3,1,"
20.4458,terug,-250,MM0 ?AI
20.4458,terug,-250,MM1 ?AI
20.4458,terug,-250,MM0 AI=0:0:2447:2449:0:0
20.4458,terug,-250,MM1 AI=0:0:2367:2387:0:0
20.4458,terug,-250,"#146,YAW,-2.54,GYRO,-54,206,61,ACC,46,10,367,ADC,1251,386,5,2,"
20.4825,terug,-250,MM0 ?C
20.4825,terug,-250,MM1 ?C
20.4825,terug,-250,MM0 C=165:-2084
20.4826,terug,-250,MM1 C=174:-2192
20.4826,terug,-250,MM0 !M -273 227
20.4827,terug,-250,MM1 !M -273 227
20.4827,terug,-250,MM0 +
20.4827,terug,-250,MM1 +
20.4827,terug,-250,MM1 PING
20.4827,terug,-250,MM0 PING
20.4827,terug,-250,MM0 !M -272 228
20.4827,terug,-250,MM1 !M -272 228
20.4827,terug,-250,MM0 +
20.4827,terug,-250,MM1 +
20.4827,terug,-250,"#147,YAW,-2.54,GYRO,-24,226,38,ACC,-42,-2,325,ADC,1265,299,5,1,"
20.4827,terug,-250,MM0 ?D
20.4827,terug,-250,MM1 ?D
20.4827,terug,-250,MM0 D=49
20.4827,terug,-250,MM1 D=19
20.5037,terug,-250,"#148,YAW,-2.54,GYRO,-114,-292,48,ACC,19,2,126,ADC,1266,502,4,2,"
20.5037,terug,-250,MM0 ?FF
20.5037,terug,-250,MM1 ?FF
20.5038,terug,-250,MM0 FF=0
20.5038,terug,-250,MM1 FF=0
20.5373,terug,-250,"#149,YAW,-2.54,GYRO,-6,-158,39,ACC,-5,-21,311,ADC,1232,382,8,1,"
20.5374,terug,-250,MM0 ?P
20.5374,terug,-250,MM1 ?P
20.5374,terug,-250,MM0 P=-272:228
20.5374,terug,-250,MM1 P=-272:228
20.5374,terug,-250,"#150,YAW,-2.54,GYRO,-41,289,15,ACC,3,-5,270,ADC,1200,386,6,2,"
20.5374,terug,-250,MM0 ?S
20.5374,terug,-250,MM1 ?S
20.5374,terug,-250,MM0 S=-225:225
20.5374,terug,-250,MM1 S=-225:225
20.5846,terug,-250,"#151,YAW,-2.54,GYRO,48,65,-4,ACC,7,-17,285,ADC,1231,399,4,2,"
20.5847,terug,-250,MM0 ?T
20.5847,terug,-250,MM1 ?T
20.5847,terug,-250,MM0 T=35:35
20.5847,terug,-250,MM1 T=36:34
20.5847,terug,-250,MM0 !M -270 230
20.5847,terug,-250,MM1 !M -270 230
20.5847,terug,-250,MM0 +
20.5847,terug,-250,MM1 +
20.5847,terug,-250,MM0 PING
20.5847,terug,-250,MM1 PING
20.5847,terug,-250,"$GPRMC,135804.2,A,5050.50808,N,00419.37392,E,000.46,208.3,081026,000.4,E*56"
20.5848,terug,-250,MM0 !M -270 230
20.5848,terug,-250,MM1 !M -270 230
20.5848,terug,-250,MM0 +
20.5848,terug,-250,MM1 +
20.5848,terug,-250,"#152,YAW,-2.54,GYRO,-40,-12,-14,ACC,2,15,207,ADC,1255,287,4,2,"
20.5848,terug,-250,MM0 ?V
20.5848,terug,-250,MM1 ?V
20.5848,terug,-250,MM0 V=120:223:4905
20.5848,terug,-250,MM1 V=120:221:4898
20.6358,terug,-250,"#153,YAW,-2.55,GYRO,-80,-80,-12,ACC,-9,35,258,ADC,1268,404,7,2,"
20.6358,terug,-250,MM0 ?CR
20.6358,terug,-250,MM1 ?CR
20.6358,terug,-250,MM0 CR=-57:54
20.6358,terug,-250,MM1 CR=-58:54
20.6358,terug,-250,"#154,YAW,-2.55,GYRO,8,84,9,ACC,3,-7,283,ADC,1263,393,6,2,"
20.6359,terug,-250,MM1 ?A
20.6359,terug,-250,MM0 ?A
20.6359,terug,-250,MM0 A=-2:0
20.6359,terug,-250,MM1 A=-10:0
20.6359,terug,-250,"#155,YAW,-2.55,GYRO,114,120,-2,ACC,2,-29,252,ADC,1246,501,5,2,"
20.6359,terug,-250,MM0 ?AI
20.6359,terug,-250,MM1 ?AI
20.6359,terug,-250,MM0 AI=0:0:2447:2443:0:0
20.6359,terug,-250,MM1 AI=0:0:2369:2354:0:0
20.6856,terug,-250,"#156,YAW,-2.55,GYRO,-28,-23,-13,ACC,-4,0,223,ADC,1259,502,4,2,"
20.6856,terug,-250,MM0 ?C
20.6856,terug,-250,MM1 ?C
20.6856,terug,-250,MM0 C=108:-2029
20.6856,terug,-250,MM1 C=116:-2137
20.6857,terug,-250,MM0 !M -271 229
20.6857,terug,-250,MM1 !M -271 229
20.6857,terug,-250,MM0 +
20.6857,terug,-250,MM1 +
20.6857,terug,-250,MM0 PING
20.6857,terug,-250,MM1 PING
20.6857,terug,-250,MM1 !M -271 229
20.6857,terug,-250,MM0 !M -271 229
20.6857,terug,-250,MM1 +
20.6857,terug,-250,MM0 +
20.6857,terug,-250,"#157,YAW,-2.55,GYRO,19,-60,-29,ACC,-8,23,197,ADC,1235,329,5,2,"
20.6858,terug,-250,MM0 ?D
20.6858,terug,-250,MM1 ?D
20.6858,terug,-250,MM0 D=48
20.6858,terug,-250,MM1 D=1
20.6858,terug,-250,"#158,YAW,-2.55,GYRO,-104,64,9,ACC,15,31,380,ADC,1211,380,5,2,"
20.6858,terug,-250,MM0 ?FF
20.7371,terug,-250,MM1 ?FF
20.7371,terug,-250,MM0 FF=0
20.7371,terug,-250,MM1 FF=0
20.7371,terug,-250,"#159,YAW,-2.55,GYRO,98,151,19,ACC,5,-28,247,ADC,1248,499,6,2,"
20.7371,terug,-250,MM0 ?P
20.7371,terug,-250,MM1 ?P
20.7371,terug,-250,MM0 P=-271:229
20.7371,terug,-250,MM1 P=-271:229
20.7372,terug,-250,"#160,YAW,-2.55,GYRO,-24,145,17,ACC,8,-27,210,ADC,1230,383,5,2,"
20.7372,terug,-250,MM0 ?S
20.7372,terug,-250,MM1 ?S
20.7372,terug,-250,MM0 S=-150:225
20.7372,terug,-250,MM1 S=-225:225
20.7894,terug,-250,"#161,YAW,-2.55,GYRO,38,18,7,ACC,-10,-13,242,ADC,1255,502,4,2,"
20.7894,terug,-250,MM0 ?T
20.7894,terug,-250,MM1 ?T
20.7894,terug,-250,MM0 T=35:35
20.7894,terug,-250,MM1 T=36:34
20.7894,terug,-250,MM0 !M -272 228
20.7895,terug,-250,MM1 !M -272 228
20.7895,terug,-250,MM0 +
20.7895,terug,-250,MM1 +
20.7895,terug,-250,MM0 PING
20.7895,terug,-250,MM1 PING
20.7895,terug,-250,"$GPRMC,135804.4,A,5050.50807,N,00419.37395,E,000.44,208.3,081026,000.4,E*5A"
20.7895,terug,-250,"#162,YAW,-2.55,GYRO,-57,-111,38,ACC,5,9,438,ADC,1227,302,4,2,"
20.7895,terug,-250,MM0 ?V
20.7895,terug,-250,MM1 ?V
20.7895,terug,-250,MM0 V=120:221:4906
20.7895,terug,-250,MM1 V=120:221:4899
20.7895,terug,-250,"#163,YAW,-2.55,GYRO,107,203,27,ACC,11,-17,169,ADC,1252,383,6,2,"
20.7895,terug,-250,MM0 ?CR
20.7895,terug,-250,MM1 ?CR
20.7895,terug,-250,MM0 CR=-58:57
20.8385,terug,-250,MM1 CR=-58:57
20.8385,terug,-250,MM0 !M -271 229
20.8385,terug,-250,MM1 !M -271 229
20.8385,terug,-250,MM0 +
20.8385,terug,-250,MM1 +
20.8385,terug,-250,MM1 PING
20.8385,terug,-250,MM0 PING
20.8385,terug,-250,"#164,YAW,-2.56,GYRO,-45,56,44,ACC,13,-13,294,ADC,1277,354,5,2,"
20.8386,terug,-250,MM0 ?A
20.8386,terug,-250,MM1 ?A
20.8386,terug,-250,MM0 A=-2:0
20.8386,terug,-250,MM1 A=-6:0
20.8386,terug,-250,"#165,YAW,-2.56,GYRO,-23,-4,45,ACC,-13,20,236,ADC,1253,389,6,2,"
20.8386,terug,-250,MM0 ?AI
20.8386,terug,-250,MM1 ?AI
20.8386,terug,-250,MM0 AI=0:0:2458:2467:0:0
20.8386,terug,-250,MM1 AI=0:0:2365:2391:0:0
20.8897,terug,-250,"#166,YAW,-2.56,GYRO,-14,38,65,ACC,20,-1,314,ADC,1244,401,6,2,"
20.8898,terug,-250,MM0 ?C
20.8898,terug,-250,MM1 ?C
20.8898,terug,-250,MM0 C=49:-1972
20.8898,terug,-250,MM1 C=57:-2080
20.8899,terug,-250,MM0 !M -270 230
20.8899,terug,-250,MM1 !M -270 230
20.8899,terug,-250,MM0 +
20.8899,terug,-250,MM1 +
20.8899,terug,-250,MM0 PING
20.8899,terug,-250,MM1 PING
20.8900,terug,-250,"#167,YAW,-2.56,GYRO,16,218,43,ACC,-10,16,218,ADC,1283,500,7,2,"
20.8900,terug,-250,MM0 ?D
20.8900,terug,-250,MM1 ?D
20.8900,terug,-250,MM0 D=41
20.8900,terug,-250,MM1 D=17
20.8900,terug,-250,MM0 !M -269 231
20.8900,terug,-250,MM1 !M -269 231
20.8900,terug,-250,MM0 +
20.8900,terug,-250,MM1 +
20.8900,terug,-250,"#168,YAW,-2.56,GYRO,-125,-54,39,ACC,6,31,269,ADC,1248,386,5,2,"
20.8900,terug,-250,MM0 ?FF
20.8900,terug,-250,MM1 ?FF
20.8900,terug,-250,MM0 FF=0
20.8900,terug,-250,MM1 FF=0
20.9304,terug,-250,"#169,YAW,-2.56,GYRO,-78,-90,24,ACC,-4,4,269,ADC,1249,384,6,2,"
20.9305,terug,-250,MM0 ?P
20.9305,terug,-250,MM1 ?P
20.9305,terug,-250,MM0 P=-269:231
20.9305,terug,-250,MM1 P=-269:231
20.9305,terug,-250,"#170,YAW,-2.56,GYRO,-49,11,29,ACC,8,-28,273,ADC,1217,383,4,1,"
20.9305,terug,-250,MM0 ?S
20.9305,terug,-250,MM1 ?S
20.9305,terug,-250,MM0 S=-225:150
20.9305,terug,-250,MM1 S=-225:225
20.9572,terug,-250,"#171,YAW,-2.56,GYRO,-50,49,11,ACC,19,-8,239,ADC,1311,503,3,2,"
20.9572,terug,-250,MM0 ?T
20.9572,terug,-250,MM1 ?T
20.9572,terug,-250,MM0 T=35:35
20.9572,terug,-250,MM1 T=36:34
20.9572,terug,-250,MM1 !M -267 233
20.9725,terug,-250,MM0 !M -267 233
20.9725,terug,-250,MM1 +
20.9725,terug,-250,MM0 +
20.9725,terug,-250,MM0 PING
20.9725,terug,-250,MM1 PING
20.9725,terug,-250,"$GPRMC,135804.6,A,5050.50805,N,00419.37399,E,000.43,208.3,081026,000.4,E*51"
20.9725,terug,-250,"#172,YAW,-2.56,GYRO,-7,263,-24,ACC,6,5,233,ADC,1275,394,7,2,"
20.9726,terug,-250,MM0 ?V
20.9726,terug,-250,MM1 ?V
20.9726,terug,-250,MM0 V=120:223:4906
20.9931,terug,-250,MM1 V=120:221:4900
20.9931,terug,-250,"#173,YAW,-2.57,GYRO,-46,24,-30,ACC,-12,10,233,ADC,1283,386,4,3,"
20.9932,terug,-250,MM0 ?CR
20.9932,terug,-250,MM1 ?CR
20.9932,terug,-250,MM0 CR=-59:57
20.9932,terug,-250,MM1 CR=-58:57
21.0277,terug,-250,MM0 !M -267 233
21.0277,terug,-250,MM1 !M -267 233
21.0277,terug,-250,MM0 +
21.0277,terug,-250,MM1 +
21.0277,terug,-250,MM0 PING
21.0277,terug,-250,MM1 PING
21.0277,terug,-250,"#174,YAW,-2.57,GYRO,36,-58,-2,ACC,11,-12,361,ADC,1276,280,7,2,"
21.0278,terug,-250,MM0 ?A
21.0278,terug,-250,MM1 ?A
21.0278,terug,-250,MM0 A=-6:0
21.0278,terug,-250,MM1 A=-10:0
21.0278,terug,-250,"#175,YAW,-2.57,GYRO,22,109,3,ACC,11,-27,221,ADC,1244,384,6,2,"
21.0278,terug,-250,MM0 ?AI
21.0278,terug,-250,MM1 ?AI
21.0482,terug,-250,MM0 AI=0:0:2449:2449:0:0
21.0482,terug,-250,MM1 AI=0:0:2376:2265:0:0
21.0482,terug,-250,"#176,YAW,-2.57,GYRO,51,124,9,ACC,13,3,236,ADC,1252,501,7,2,"
21.0483,terug,-250,MM0 ?C
21.0483,terug,-250,MM1 ?C
21.0483,terug,-250,MM0 C=-9:-1915
21.0823,terug,-250,MM1 C=-1:-2023
21.0824,terug,-250,MM0 !M -268 232
21.0824,terug,-250,MM1 !M -268 232
21.0825,terug,-250,MM0 +
21.0825,terug,-250,MM1 +
21.0825,terug,-250,MM1 PING
21.0825,terug,-250,MM0 PING
21.0825,terug,-250,"#177,YAW,-2.57,GYRO,-86,-4,13,ACC,11,29,269,ADC,1242,387,6,2,"
21.0825,terug,-250,MM0 ?D
21.0825,terug,-250,MM1 ?D
21.0825,terug,-250,MM0 D=34
21.0825,terug,-250,MM1 D=18
21.1038,terug,-250,"#178,YAW,-2.57,GYRO,66,172,12,ACC,14,-18,327,ADC,1238,387,7,2,"
21.1039,terug,-250,MM0 ?FF
21.1039,terug,-250,MM1 ?FF
21.1039,terug,-250,MM0 FF=0
21.1039,terug,-250,MM1 FF=0
21.1039,terug,-250,MM0 !M -268 232
21.1039,terug,-250,MM1 !M -268 232
21.1039,terug,-250,MM1 +
21.1039,terug,-250,MM0 +
21.1039,terug,-250,MM0 PING
21.1383,terug,-250,"#179,YAW,-2.57,GYRO,-15,126,32,ACC,1,-22,216,ADC,1254,325,5,2,"
21.1383,terug,-250,MM1 PING
21.1383,terug,-250,MM0 ?P
21.1383,terug,-250,MM1 ?P
21.1383,terug,-250,MM0 P=-268:232
21.1383,terug,-250,MM1 P=-268:232
21.1384,terug,-250,"#180,YAW,-2.57,GYRO,-13,91,-2,ACC,13,3,198,ADC,1259,495,4,2,"
21.1384,terug,-250,MM0 ?S
21.1384,terug,-250,MM1 ?S
21.1384,terug,-250,MM0 S=-225:225
21.1384,terug,-250,MM1 S=-225:150
21.1787,terug,-250,"#181,YAW,-2.57,GYRO,-134,118,-23,ACC,-6,27,287,ADC,1248,383,6,1,"
21.1788,terug,-250,MM0 ?T
21.1788,terug,-250,MM1 ?T
21.1788,terug,-250,MM0 T=35:35
21.1788,terug,-250,MM1 T=36:34
21.1788,terug,-250,MM0 !M -268 232
21.1788,terug,-250,MM1 !M -268 232
21.1788,terug,-250,MM0 +
21.1788,terug,-250,MM1 +
21.1788,terug,-250,MM0 PING
21.1788,terug,-250,MM1 PING
21.1788,terug,-250,"$GPRMC,135804.8,A,5050.50803,N,00419.37402,E,000.43,208.3,081026,000.4,E*5C"
21.1788,terug,-250,"#182,YAW,-2.57,GYRO,45,-32,-5,ACC,-5,-6,355,ADC,1242,296,5,1,"
21.1788,terug,-250,MM0 ?V
21.1788,terug,-250,MM1 ?V
21.1788,terug,-250,MM0 V=120:223:4906
21.1788,terug,-250,MM1 V=120:221:4899
21.1983,terug,-250,"#183,YAW,-2.57,GYRO,-27,12,9,ACC,9,-10,189,ADC,1288,389,5,2,"
21.1984,terug,-250,MM0 ?CR
21.1984,terug,-250,MM1 ?CR
21.1984,terug,-250,MM0 CR=-58:56
21.1984,terug,-250,MM1 CR=-58:56
21.2404,terug,-250,MM0 !M -267 233
21.2404,terug,-250,MM1 !M -267 233
21.2404,terug,-250,"#184,YAW,-2.57,GYRO,-22,48,-13,ACC,9,-10,226,ADC,1276,391,4,2,"
21.2405,terug,-250,MM0 +
21.2405,terug,-250,MM0 PING
21.2405,terug,-250,MM1 +
21.2405,terug,-250,MM1 PING
21.2405,terug,-250,MM0 ?A
21.2405,terug,-250,MM1 ?A
21.2405,terug,-250,MM0 A=-6:0
21.2405,terug,-250,MM1 A=-6:0
21.2405,terug,-250,"#185,YAW,-2.57,GYRO,-99,89,-24,ACC,-7,9,241,ADC,1252,390,6,2,"
21.2405,terug,-250,MM0 ?AI
21.2405,terug,-250,MM1 ?AI
21.2405,terug,-250,MM0 AI=0:0:2448:2451:0:0
21.2405,terug,-250,MM1 AI=0:0:2384:2364:0:0
21.2529,terug,-250,"#186,YAW,-2.57,GYRO,43,-24,-27,ACC,1,-9,350,ADC,1247,380,6,1,"
21.2529,terug,-250,MM0 ?C
21.2529,terug,-250,MM1 ?C
21.2529,terug,-250,MM0 C=-67:-1859
21.2529,terug,-250,MM1 C=-59:-1967
21.2973,terug,-250,MM0 !M -268 232
21.2973,terug,-250,MM1 !M -268 232
21.2973,terug,-250,MM0 +
21.2973,terug,-250,MM1 +
21.2973,terug,-250,MM0 PING
21.2973,terug,-250,MM1 PING
21.2973,terug,-250,"#187,YAW,-2.57,GYRO,-18,1,-11,ACC,-5,-15,215,ADC,1222,291,5,1,"
21.2974,terug,-250,MM0 ?D
21.2974,terug,-250,MM1 ?D
21.2974,terug,-250,MM1 D=51
21.2974,terug,-250,MM0 D=1
21.2974,terug,-250,MM0 !M -268 232
21.2974,terug,-250,MM1 !M -268 232
21.2974,terug,-250,MM0 +
21.2974,terug,-250,MM1 +
21.2974,terug,-250,"#188,YAW,-2.57,GYRO,30,58,-13,ACC,13,-5,244,ADC,1212,381,7,2,"
21.2974,terug,-250,MM0 ?FF
21.2974,terug,-250,MM1 ?FF
21.2974,terug,-250,MM0 FF=0
21.2975,terug,-250,MM1 FF=0
21.3322,terug,-250,"#189,YAW,-2.57,GYRO,-47,76,9,ACC,1,21,235,ADC,1254,503,5,2,"
21.3322,terug,-250,MM0 ?P
21.3322,terug,-250,MM1 ?P
21.3322,terug,-250,MM0 P=-268:232
21.3322,terug,-250,MM1 P=-268:232
21.3322,terug,-250,"#190,YAW,-2.57,GYRO,57,61,19,ACC,7,2,337,ADC,1248,495,4,2,"
21.3322,terug,-250,MM0 ?S
21.3322,terug,-250,MM1 ?S
21.3322,terug,-250,MM0 S=-150:225
21.3322,terug,-250,MM1 S=-225:225
21.3531,terug,-250,"#191,YAW,-2.57,GYRO,-34,-6,35,ACC,-1,-13,213,ADC,1288,391,6,1,"
21.3531,terug,-250,MM0 ?T
21.3531,terug,-250,MM1 ?T
21.3531,terug,-250,MM0 T=35:35
21.3531,terug,-250,MM1 T=36:34
21.3923,terug,-250,MM0 !M -268 232
21.3923,terug,-250,MM1 !M -268 232
21.3923,terug,-250,MM0 +
21.3924,terug,-250,MM1 +
21.3924,terug,-250,MM0 PING
21.3924,terug,-250,MM1 PING
21.3924,terug,-250,"$GPRMC,135805.0,A,5050.50802,N,00419.37405,E,000.43,208.3,081026,000.4,E*53"
21.3924,terug,-250,"#192,YAW,-2.57,GYRO,-2,82,11,ACC,16,-12,233,ADC,1252,310,6,1,"
21.3924,terug,-250,MM0 ?V
21.3924,terug,-250,MM1 ?V
21.3924,terug,-250,MM0 V=120:223:4906
21.3924,terug,-250,MM1 V=120:221:4900
21.3924,terug,-250,"#193,YAW,-2.58,GYRO,-13,193,-4,ACC,3,9,255,ADC,1227,381,4,1,"
21.3924,terug,-250,MM1 ?CR
21.3924,terug,-250,MM0 ?CR
21.3924,terug,-250,MM1 CR=-58:57
21.3924,terug,-250,MM0 CR=-58:57
21.4427,terug,-250,"#194,YAW,-2.58,GYRO,34,69,-2,ACC,-2,22,339,ADC,1213,385,5,1,"
21.4427,terug,-250,MM0 ?A
21.4427,terug,-250,MM0 A=-2:0
21.4428,terug,-250,MM1 ?A
21.4428,terug,-250,MM1 A=-6:0
21.4428,terug,-250,MM1 !M -268 232
21.4428,terug,-250,MM0 !M -268 232
21.4428,terug,-250,MM1 +
21.4428,terug,-250,MM0 +
21.4428,terug,-250,MM0 PING
21.4428,terug,-250,MM1 PING
21.4428,terug,-250,"#195,YAW,-2.58,GYRO,-38,-39,30,ACC,9,-8,222,ADC,1253,397,4,2,"
21.4428,terug,-250,MM1 ?AI
21.4428,terug,-250,MM0 ?AI
21.4428,terug,-250,MM1 AI=0:0:2368:2372:0:0
21.4428,terug,-250,MM0 AI=0:0:2453:2466:0:0
21.4924,terug,-250,"#196,YAW,-2.58,GYRO,52,39,17,ACC,-17,-12,204,ADC,1230,384,4,1,"
21.4924,terug,-250,MM0 ?C
21.4924,terug,-250,MM1 ?C
21.4925,terug,-250,MM0 C=-126:-1802
21.4925,terug,-250,MM1 C=-116:-1910
21.4925,terug,-250,MM0 !M -267 233
21.4925,terug,-250,MM1 !M -267 233
21.4925,terug,-250,MM0 +
21.4925,terug,-250,MM1 +
21.4926,terug,-250,MM0 PING
21.4926,terug,-250,MM1 PING
21.4926,terug,-250,"#197,YAW,-2.58,GYRO,-119,87,12,ACC,-2,27,325,ADC,1249,386,3,1,"
21.4926,terug,-250,MM0 ?D
21.4926,terug,-250,MM1 ?D
21.4926,terug,-250,MM1 D=48
21.4926,terug,-250,MM0 D=2
21.4926,terug,-250,"#198,YAW,-2.58,GYRO,-1,-32,15,ACC,8,19,303,ADC,1220,382,7,1,"
21.4926,terug,-250,MM1 ?FF
21.4926,terug,-250,MM0 ?FF
21.4926,terug,-250,MM1 FF=0
21.4926,terug,-250,MM0 FF=0
21.5462,terug,-250,"#199,YAW,-2.58,GYRO,5,-58,36,ACC,-8,-28,211,ADC,1234,497,4,2,"
21.5462,terug,-250,MM0 ?P
21.5462,terug,-250,MM1 ?P
21.5462,terug,-250,MM0 P=-267:233
21.5463,terug,-250,MM1 P=-267:233
21.5463,terug,-250,MM0 !M -267 233
21.5463,terug,-250,MM1 !M -267 233
21.5463,terug,-250,MM0 +
21.5463,terug,-250,MM1 +
21.5463,terug,-250,MM1 PING
21.5463,terug,-250,MM0 PING
21.5463,terug,-250,MM1 !M -266 234
21.5463,terug,-250,MM0 !M -266 234
21.5463,terug,-250,MM1 +
21.5463,terug,-250,MM0 +
21.5463,terug,-250,"#200,YAW,-2.58,GYRO,-49,49,24,ACC,8,-11,239,ADC,1272,330,4,2,"
21.5463,terug,-250,MM1 ?S
21.5463,terug,-250,MM0 ?S
21.5463,terug,-250,MM1 S=-225:225
21.5463,terug,-250,MM0 S=-225:225
21.5463,terug,-250,"#201,YAW,-2.58,GYRO,-82,90,7,ACC,-1,29,301,ADC,1278,397,4,2,"
21.5463,terug,-250,MM0 ?T
21.5934,terug,-250,MM1 ?T
21.5934,terug,-250,MM0 T=35:35
21.5934,terug,-250,MM1 T=36:34
21.5934,terug,-250,"$GPRMC,135805.2,A,5050.50800,N,00419.37407,E,000.42,208.3,081026,000.4,E*50"
21.5934,terug,-250,"#202,YAW,-2.58,GYRO,-7,-34,6,ACC,24,7,258,ADC,1219,294,4,1,"
21.5934,terug,-250,MM1 ?V
21.5934,terug,-250,MM0 ?V
21.5934,terug,-250,MM1 V=120:222:4898
21.5934,terug,-250,MM0 V=120:219:4905
21.5934,terug,-250,MM1 !M -265 235
21.5934,terug,-250,MM0 !M -265 235
21.5935,terug,-250,MM1 +
21.5935,terug,-250,MM0 +
21.5935,terug,-250,"#203,YAW,-2.59,GYRO,-32,-71,31,ACC,-5,-11,239,ADC,1288,359,5,1,"
21.5935,terug,-250,MM1 ?CR
21.5935,terug,-250,MM0 ?CR
21.5935,terug,-250,MM1 CR=-57:56
21.5935,terug,-250,MM0 CR=-58:56
21.6658,terug,-250,"#204,YAW,-2.59,GYRO,-15,3,27,ACC,7,-8,212,ADC,1260,499,4,2,"
21.6658,terug,-250,MM1 ?A
21.6658,terug,-250,MM0 ?A
21.6658,terug,-250,MM1 A=-6:0
21.6658,terug,-250,MM0 A=-6:0
21.6658,terug,-250,MM1 !M -265 235
21.6658,terug,-250,MM0 !M -265 235
21.6658,terug,-250,MM0 +
21.6658,terug,-250,MM1 +
21.6658,terug,-250,"#205,YAW,-2.59,GYRO,-18,96,-1,ACC,13,26,286,ADC,1286,388,4,1,"
21.6658,terug,-250,MM1 ?AI
21.6658,terug,-250,MM0 ?AI
21.6658,terug,-250,MM1 AI=0:0:2379:2355:0:0
21.6658,terug,-250,MM0 AI=0:0:2453:2466:0:0
21.6659,terug,-250,"#206,YAW,-2.59,GYRO,4,201,-19,ACC,15,7,358,ADC,1243,501,5,1,"
21.7014,terug,-250,MM1 ?C
21.7014,terug,-250,MM0 ?C
21.7014,terug,-250,MM1 C=-174:-1854
21.7015,terug,-250,MM0 C=-184:-1746
21.7015,terug,-250,"#207,YAW,-2.59,GYRO,14,-60,-8,ACC,8,-3,237,ADC,1260,395,6,2,"
21.7016,terug,-250,MM1 ?D
21.7016,terug,-250,MM0 ?D
21.7016,terug,-250,MM1 D=50
21.7016,terug,-250,MM0 D=25
21.7016,terug,-250,MM0 !M -265 235
21.7016,terug,-250,MM1 !M -265 235
21.7016,terug,-250,MM0 +
21.7016,terug,-250,MM1 +
21.7016,terug,-250,"#208,YAW,-2.59,GYRO,-27,-137,7,ACC,-3,3,170,ADC,1243,499,5,2,"
21.7016,terug,-250,MM1 ?FF
21.7016,terug,-250,MM0 ?FF
21.7016,terug,-250,MM1 FF=0
21.7016,terug,-250,MM0 FF=0
21.7362,terug,-250,"#209,YAW,-2.59,GYRO,-80,68,5,ACC,3,12,251,ADC,1247,399,5,2,"
21.7363,terug,-250,MM1 ?P
21.7363,terug,-250,MM0 ?P
21.7363,terug,-250,MM1 P=-265:235
21.7364,terug,-250,MM0 P=-265:235
21.7364,terug,-250,"#210,YAW,-2.59,GYRO,-41,240,-4,ACC,6,-9,322,ADC,1258,501,5,2,"
21.7364,terug,-250,MM1 ?S
21.7364,terug,-250,MM0 ?S
21.7364,terug,-250,MM1 S=-225:225
21.7364,terug,-250,MM0 S=-225:225
21.7591,terug,-250,"#211,YAW,-2.59,GYRO,25,-21,5,ACC,5,-35,240,ADC,1274,397,7,2,"
21.7591,terug,-250,MM1 ?T
21.7591,terug,-250,MM0 ?T
21.7591,terug,-250,MM1 T=36:34
21.7591,terug,-250,MM0 T=35:35
21.7591,terug,-250,MM0 !M -265 235
21.7591,terug,-250,MM1 !M -265 235
21.7591,terug,-250,MM0 +
21.7933,terug,-250,MM1 +
21.7933,terug,-250,MM1 PING
21.7933,terug,-250,MM0 PING
21.7933,terug,-250,"$GPRMC,135805.4,A,5050.50798,N,00419.37409,E,000.39,208.3,081026,000.4,E*5A"
21.7934,terug,-250,"#212,YAW,-2.59,GYRO,-84,-97,14,ACC,-10,9,209,ADC,1239,300,3,2,"
21.7934,terug,-250,MM1 ?V
21.7934,terug,-250,MM0 ?V
21.7934,terug,-250,MM1 V=120:222:4899
21.7934,terug,-250,MM0 V=120:223:4906
21.7934,terug,-250,"#213,YAW,-2.59,GYRO,18,151,3,ACC,10,16,216,ADC,1235,396,7,2,"
21.7934,terug,-250,MM1 ?CR
21.7934,terug,-250,MM0 ?CR
21.7934,terug,-250,MM1 CR=-58:56
21.7934,terug,-250,MM0 CR=-58:56
21.8508,terug,-250,"#214,YAW,-2.59,GYRO,36,291,-8,ACC,15,-26,369,ADC,1284,503,7,1,"
21.8508,terug,-250,MM1 ?A
21.8508,terug,-250,MM0 ?A
21.8508,terug,-250,MM1 A=-6:0
21.8508,terug,-250,MM0 A=-2:0
21.8508,terug,-250,MM0 !M -264 236
21.8508,terug,-250,MM1 !M -264 236
21.8508,terug,-250,MM0 +
21.8508,terug,-250,MM1 +
21.8508,terug,-250,MM0 PING
21.8508,terug,-250,MM1 PING
21.8508,terug,-250,"#215,YAW,-2.59,GYRO,82,-17,-4,ACC,2,-48,199,ADC,1232,384,6,2,"
21.8508,terug,-250,MM0 ?AI
21.8508,terug,-250,MM1 ?AI
21.8508,terug,-250,MM1 AI=0:0:2379:2356:0:0
21.8508,terug,-250,MM0 AI=0:0:2438:2467:0:0
21.8508,terug,-250,MM1 !M -264 236
21.8508,terug,-250,MM0 !M -264 236
21.8508,terug,-250,MM1 +
21.8508,terug,-250,MM0 +
21.8508,terug,-250,"#216,YAW,-2.59,GYRO,-90,-174,18,ACC,-3,19,248,ADC,1205,383,5,2,"
21.8509,terug,-250,MM1 ?C
21.8509,terug,-250,MM0 ?C
21.8846,terug,-250,MM1 C=-231:-1798
21.8846,terug,-250,MM0 C=-241:-1690
21.8848,terug,-250,MM0 !M -264 236
21.8848,terug,-250,MM1 !M -264 236
21.8848,terug,-250,MM0 +
21.8848,terug,-250,MM1 +
21.8848,terug,-250,"#217,YAW,-2.59,GYRO,88,143,17,ACC,15,12,215,ADC,1240,324,6,1,"
21.8848,terug,-250,MM1 ?D
21.8848,terug,-250,MM0 ?D
21.8848,terug,-250,MM1 D=33
21.8848,terug,-250,MM0 D=26
21.9053,terug,-250,"#218,YAW,-2.59,GYRO,-114,203,39,ACC,-2,17,390,ADC,1268,500,5,2,"
21.9053,terug,-250,MM1 ?FF
21.9053,terug,-250,MM0 ?FF
21.9054,terug,-250,MM1 FF=0
21.9054,terug,-250,MM0 FF=0
21.9054,terug,-250,"#219,YAW,-2.60,GYRO,25,-29,54,ACC,22,-20,230,ADC,1287,500,5,2,"
21.9054,terug,-250,MM1 ?P
21.9422,terug,-250,MM0 ?P
21.9422,terug,-250,MM1 P=-264:236
21.9422,terug,-250,MM0 P=-264:236
21.9422,terug,-250,MM1 !M -263 237
21.9422,terug,-250,MM0 !M -263 237
21.9422,terug,-250,MM1 +
21.9422,terug,-250,MM0 +
21.9422,terug,-250,"#220,YAW,-2.60,GYRO,-92,-51,55,ACC,10,-7,203,ADC,1264,404,7,2,"
21.9423,terug,-250,MM1 ?S
21.9423,terug,-250,MM0 ?S
21.9423,terug,-250,MM1 S=-225:225
21.9423,terug,-250,MM0 S=-225:150
21.9623,terug,-250,"#221,YAW,-2.60,GYRO,-108,81,21,ACC,6,29,234,ADC,1258,382,5,2,"
21.9623,terug,-250,MM1 ?T
21.9623,terug,-250,MM0 ?T
21.9623,terug,-250,MM1 T=36:34
21.9623,terug,-250,MM0 T=35:35
21.9964,terug,-250,"$GPRMC,135805.6,A,5050.50797,N,00419.37411,E,000.35,208.3,081026,000.4,E*52"
21.9964,terug,-250,"#222,YAW,-2.60,GYRO,-90,92,3,ACC,8,6,374,ADC,1284,417,6,2,"
21.9964,terug,-250,MM1 ?V
21.9964,terug,-250,MM0 ?V
21.9964,terug,-250,MM1 V=120:222:4899
21.9964,terug,-250,MM0 V=120:225:4906
21.9965,terug,-250,"#223,YAW,-2.60,GYRO,1,-100,6,ACC,17,-28,195,ADC,1268,396,4,2,"
21.9965,terug,-250,MM1 ?CR
21.9965,terug,-250,MM0 ?CR
21.9965,terug,-250,MM1 CR=-58:57
21.9965,terug,-250,MM0 CR=-59:57
22.0537,terug,-250,"#224,YAW,-2.60,GYRO,8,-121,20,ACC,-12,-15,230,ADC,1255,503,4,2,"
22.0537,terug,-250,MM1 ?A
22.0538,terug,-250,MM0 ?A
22.0538,terug,-250,MM1 A=-6:0
22.0538,terug,-250,MM0 A=-6:0
22.0538,terug,-250,MM0 !M -261 239
22.0538,terug,-250,MM1 !M -261 239
22.0538,terug,-250,MM0 +
22.0538,terug,-250,MM1 +
22.0538,terug,-250,MM0 PING
22.0538,terug,-250,MM1 PING
22.0538,terug,-250,"#225,YAW,-2.60,GYRO,-139,135,5,ACC,4,34,245,ADC,1230,383,6,2,"
22.0538,terug,-250,MM0 ?AI
22.0538,terug,-250,MM1 ?AI
22.0538,terug,-250,MM0 AI=0:0:2448:2474:0:0
22.0538,terug,-250,MM1 AI=0:0:2363:2394:0:0
22.0538,terug,-250,MM0 !M -261 239
22.0538,terug,-250,MM1 !M -261 239
22.0538,terug,-250,MM1 +
22.0538,terug,-250,MM0 +
22.0538,terug,-250,"#226,YAW,-2.60,GYRO,19,397,-33,ACC,-2,6,367,ADC,1278,389,5,2,"
22.0538,terug,-250,MM1 ?C
22.0538,terug,-250,MM0 ?C
22.0538,terug,-250,MM1 C=-290:-1741
22.0883,terug,-250,MM0 C=-300:-1632
22.0884,terug,-250,"#227,YAW,-2.60,GYRO,40,-154,-26,ACC,8,-26,176,ADC,1214,380,6,2,"
22.0884,terug,-250,MM0 ?D
22.0884,terug,-250,MM0 D=48
22.0884,terug,-250,MM1 ?D
22.0884,terug,-250,MM1 D=2
22.0884,terug,-250,MM1 !M -260 240
22.0884,terug,-250,MM0 !M -260 240
22.0884,terug,-250,MM1 +
22.0884,terug,-250,MM0 +
22.0884,terug,-250,"#228,YAW,-2.60,GYRO,8,-152,-1,ACC,-16,-3,238,ADC,1255,389,5,1,"
22.0885,terug,-250,MM0 ?FF
22.0885,terug,-250,MM1 ?FF
22.0885,terug,-250,MM0 FF=0
22.0885,terug,-250,MM1 FF=0
22.1100,terug,-250,"#229,YAW,-2.60,GYRO,-35,146,-1,ACC,1,34,212,ADC,1293,403,4,2,"
22.1100,terug,-250,MM1 ?P
22.1100,terug,-250,MM0 ?P
22.1100,terug,-250,MM1 P=-260:240
22.1100,terug,-250,MM0 P=-260:240
22.1464,terug,-250,"#230,YAW,-2.60,GYRO,12,326,-11,ACC,3,32,448,ADC,1218,383,3,2,"
22.1465,terug,-250,MM0 !M -261 239
22.1465,terug,-250,MM0 +
22.1465,terug,-250,MM1 !M -261 239
22.1465,terug,-250,MM1 +
22.1465,terug,-250,MM0 ?S
22.1465,terug,-250,MM1 ?S
22.1465,terug,-250,MM0 S=-225:150
22.1465,terug,-250,MM1 S=-225:225
22.1465,terug,-250,"#231,YAW,-2.60,GYRO,60,-92,18,ACC,9,-14,183,ADC,1283,429,4,2,"
22.1465,terug,-250,MM1 ?T
22.1465,terug,-250,MM0 ?T
22.2010,terug,-250,MM1 T=36:34
22.2010,terug,-250,MM0 T=35:35
22.2010,terug,-250,"#232,YAW,-2.60,GYRO,15,-88,37,ACC,-21,-4,191,ADC,1270,499,8,2,"
22.2011,terug,-250,MM0 ?V
22.2011,terug,-250,MM1 ?V
22.2011,terug,-250,MM0 V=120:222:4906
22.2011,terug,-250,MM1 V=120:222:4899
22.2011,terug,-250,"$GPRMC,135805.8,A,5050.50795,N,00419.37413,E,000.33,208.3,081026,000.4,E*5A"
22.2011,terug,-250,"#233,YAW,-2.60,GYRO,-142,140,12,ACC,17,46,206,ADC,1227,385,4,1,"
22.2011,terug,-250,MM0 ?CR
22.2011,terug,-250,MM1 ?CR
22.2011,terug,-250,MM0 CR=-58:58
22.2011,terug,-250,MM1 CR=-58:58
22.2524,terug,-250,"#234,YAW,-2.60,GYRO,52,394,-25,ACC,6,-6,378,ADC,1248,382,6,1,"
22.2524,terug,-250,MM0 ?A
22.2524,terug,-250,MM1 ?A
22.2524,terug,-250,MM0 A=-2:0
22.2524,terug,-250,MM1 A=-2:4
22.2524,terug,-250,MM0 !M -260 240
22.2524,terug,-250,MM1 !M -260 240
22.2524,terug,-250,MM0 +
22.2524,terug,-250,MM1 +
22.2524,terug,-250,MM0 PING
22.2525,terug,-250,MM1 PING
22.2525,terug,-250,"#235,YAW,-2.60,GYRO,28,-124,-41,ACC,-6,-32,291,ADC,1248,385,7,2,"
22.2525,terug,-250,MM0 ?AI
22.2525,terug,-250,MM1 ?AI
22.2525,terug,-250,MM0 AI=0:0:2475:2462:0:0
22.2525,terug,-250,MM1 AI=0:0:2379:2316:0:0
22.2525,terug,-250,"#236,YAW,-2.60,GYRO,-21,-197,-19,ACC,-17,-5,175,ADC,1268,500,5,2,"
22.2525,terug,-250,MM0 ?C
22.2525,terug,-250,MM1 ?C
22.2525,terug,-250,MM0 C=-358:-1575
22.2525,terug,-250,MM1 C=-347:-1683
22.3006,terug,-250,"#237,YAW,-2.60,GYRO,-135,-27,-12,ACC,9,23,221,ADC,1198,378,4,1,"
22.3006,terug,-250,MM0 !M -259 241
22.3007,terug,-250,MM0 +
22.3007,terug,-250,MM0 PING
22.3007,terug,-250,MM1 !M -259 241
22.3007,terug,-250,MM1 +
22.3007,terug,-250,MM1 PING
22.3007,terug,-250,MM0 ?D
22.3007,terug,-250,MM1 ?D
22.3007,terug,-250,MM0 D=35
22.3007,terug,-250,MM1 D=49
22.3007,terug,-250,"#238,YAW,-2.60,GYRO,-63,221,-16,ACC,-3,12,369,ADC,1244,501,4,2,"
22.3007,terug,-250,MM0 ?FF
22.3007,terug,-250,MM1 ?FF
22.3007,terug,-250,MM0 FF=0
22.3007,terug,-250,MM1 FF=0
22.3534,terug,-250,"#239,YAW,-2.60,GYRO,184,140,-39,ACC,30,-49,210,ADC,1251,383,6,1,"
22.3534,terug,-250,MM0 ?P
22.3534,terug,-250,MM1 ?P
22.3536,terug,-250,MM0 P=-259:241
22.3536,terug,-250,MM1 P=-259:241
22.3536,terug,-250,MM0 !M -260 240
22.3536,terug,-250,MM1 !M -260 240
22.3536,terug,-250,MM0 +
22.3536,terug,-250,MM1 +
22.3536,terug,-250,MM0 PING
22.3536,terug,-250,MM1 PING
22.3536,terug,-250,"#240,YAW,-2.60,GYRO,-88,-77,-51,ACC,3,-35,275,ADC,1223,396,4,1,"
22.3536,terug,-250,MM0 ?S
22.3536,terug,-250,MM1 ?S
22.3536,terug,-250,MM0 S=-225:225
22.3536,terug,-250,MM1 S=-225:225
22.3536,terug,-250,"#241,YAW,-2.60,GYRO,-64,-129,-25,ACC,-7,24,252,ADC,1241,385,3,1,"
22.3537,terug,-250,MM0 ?T
22.3537,terug,-250,MM1 ?T
22.3537,terug,-250,MM0 T=35:35
22.3537,terug,-250,MM1 T=36:34
22.4041,terug,-250,"#242,YAW,-2.60,GYRO,-40,155,-3,ACC,28,2,301,ADC,1228,385,5,2,"
22.4042,terug,-250,MM0 ?V
22.4042,terug,-250,MM1 ?V
22.4042,terug,-250,MM0 V=120:223:4906
22.4042,terug,-250,MM1 V=120:222:4899
22.4042,terug,-250,MM0 !M -260 240
22.4042,terug,-250,MM0 +
22.4042,terug,-250,MM1 !M -260 240
22.4042,terug,-250,MM1 +
22.4042,terug,-250,MM1 PING
22.4042,terug,-250,MM0 PING
22.4042,terug,-250,"$GPRMC,135806.0,A,5050.50794,N,00419.37414,E,000.25,208.3,081026,000.4,E*50"
22.4042,terug,-250,"#243,YAW,-2.60,GYRO,58,104,16,ACC,8,-31,250,ADC,1263,339,8,1,"
22.4042,terug,-250,MM0 ?CR
22.4042,terug,-250,MM1 ?CR
22.4043,terug,-250,MM0 CR=-57:57
22.4043,terug,-250,MM1 CR=-58:57
22.4404,terug,-250,"#244,YAW,-2.60,GYRO,-11,-179,49,ACC,5,-11,227,ADC,1257,498,5,2,"
22.4405,terug,-250,MM0 ?A
22.4405,terug,-250,MM1 ?A
22.4405,terug,-250,MM0 A=-2:0
22.4405,terug,-250,MM1 A=-6:0
22.4405,terug,-250,MM0 !M -261 239
22.4405,terug,-250,MM1 !M -261 239
22.4405,terug,-250,MM0 +
22.4405,terug,-250,MM1 +
22.4405,terug,-250,MM1 PING
22.4405,terug,-250,MM0 PING
22.4405,terug,-250,"#245,YAW,-2.60,GYRO,-74,26,20,ACC,1,17,252,ADC,1246,501,4,2,"
22.4405,terug,-250,MM0 ?AI
22.4405,terug,-250,MM1 ?AI
22.4405,terug,-250,MM0 AI=0:0:2454:2460:0:0
22.4405,terug,-250,MM1 AI=0:0:2279:2363:0:0
22.4405,terug,-250,MM1 !M -260 240
22.4405,terug,-250,MM0 !M -260 240
22.4405,terug,-250,MM1 +
22.4405,terug,-250,MM0 +
22.4603,terug,-250,"#246,YAW,-2.60,GYRO,58,364,-16,ACC,14,1,287,ADC,1222,310,3,1,"
22.4603,terug,-250,MM0 ?C
22.4603,terug,-250,MM1 ?C
22.4603,terug,-250,MM0 C=-416:-1518
22.4603,terug,-250,MM1 C=-405:-1626
22.4943,terug,-250,"#247,YAW,-2.60,GYRO,59,213,-24,ACC,-10,-22,344,ADC,1226,502,6,2,"
22.4943,terug,-250,MM0 ?D
22.4943,terug,-250,MM1 ?D
22.4943,terug,-250,MM1 D=34
22.4943,terug,-250,MM0 D=0
22.4943,terug,-250,MM0 !M -258 242
22.4943,terug,-250,MM0 +
22.4943,terug,-250,MM1 !M -258 242
22.4943,terug,-250,MM1 +
22.4943,terug,-250,"#248,YAW,-2.60,GYRO,-31,-279,19,ACC,14,5,173,ADC,1243,389,8,2,"
22.4943,terug,-250,MM0 ?FF
22.4943,terug,-250,MM1 ?FF
22.4943,terug,-250,MM0 FF=0
22.4943,terug,-250,MM1 FF=0
22.5151,terug,-250,"#249,YAW,-2.60,GYRO,-64,-23,13,ACC,-9,1,193,ADC,1252,382,4,2,"
22.5152,terug,-250,MM0 ?P
22.5152,terug,-250,MM1 ?P
22.5152,terug,-250,MM0 P=-258:242
22.5152,terug,-250,MM1 P=-258:242
22.5494,terug,-250,"#250,YAW,-2.60,GYRO,12,288,-1,ACC,24,-9,272,ADC,1221,381,6,2,"
22.5494,terug,-250,MM0 ?S
22.5494,terug,-250,MM1 ?S
22.5494,terug,-250,MM0 S=-225:225
22.5494,terug,-250,MM1 S=-225:225
22.5494,terug,-250,MM0 !M -258 242
22.5494,terug,-250,MM1 !M -258 242
22.5494,terug,-250,MM0 +
22.5494,terug,-250,MM1 +
22.5494,terug,-250,"#251,YAW,-2.60,GYRO,-24,64,8,ACC,-10,-37,370,ADC,1197,380,6,1,"
22.5494,terug,-250,MM0 ?T
22.5494,terug,-250,MM1 ?T
22.5495,terug,-250,MM0 T=35:35
22.5495,terug,-250,MM1 T=36:34
22.6045,terug,-250,"#252,YAW,-2.60,GYRO,34,-200,37,ACC,2,-18,157,ADC,1246,383,4,2,"
22.6046,terug,-250,MM0 ?V
22.6046,terug,-250,MM1 ?V
22.6046,terug,-250,MM0 V=120:223:4906
22.6046,terug,-250,MM1 V=120:222:4898
22.6046,terug,-250,"$GPRMC,135806.2,A,5050.50792,N,00419.37415,E,000.26,208.3,081026,000.4,E*56"
22.6046,terug,-250,"#253,YAW,-2.60,GYRO,-85,-103,26,ACC,2,15,204,ADC,1234,398,6,1,"
22.6046,terug,-250,MM0 ?CR
22.6046,terug,-250,MM1 ?CR
22.6046,terug,-250,MM0 CR=-58:57
22.6046,terug,-250,MM1 CR=-57:57
22.6046,terug,-250,"#254,YAW,-2.60,GYRO,-1,267,7,ACC,19,16,370,ADC,1252,499,5,2,"
22.6542,terug,-250,MM0 ?A
22.6543,terug,-250,MM1 ?A
22.6543,terug,-250,MM1 A=-2:4
22.6543,terug,-250,MM0 A=0:4
22.6543,terug,-250,MM0 !M -258 242
22.6543,terug,-250,MM1 !M -258 242
22.6543,terug,-250,MM0 +
22.6543,terug,-250,MM1 +
22.6543,terug,-250,MM0 PING
22.6543,terug,-250,MM1 PING
22.6543,terug,-250,"#255,YAW,-2.60,GYRO,-45,54,14,ACC,2,3,296,ADC,1269,334,7,2,"
22.6543,terug,-250,MM0 ?AI
22.6543,terug,-250,MM1 ?AI
22.6543,terug,-250,MM0 AI=0:0:2442:2449:0:0
22.6543,terug,-250,MM1 AI=0:0:2414:2358:0:0
22.6543,terug,-250,MM0 !M -256 244
22.6543,terug,-250,MM1 !M -256 244
22.6543,terug,-250,MM0 +
22.6543,terug,-250,MM1 +
22.6543,terug,-250,"#0,YAW,-2.60,GYRO,24,-196,28,ACC,2,-13,159,ADC,1283,501,7,2,"
22.6544,terug,-250,MM0 ?C
22.6544,terug,-250,MM1 ?C
22.6544,terug,-250,MM0 C=-474:-1461
22.6544,terug,-250,MM1 C=-462:-1569
22.7075,terug,-250,"#1,YAW,-2.60,GYRO,-96,-97,17,ACC,-18,26,188,ADC,1248,390,7,1,"
22.7076,terug,-250,MM0 ?D
22.7076,terug,-250,MM1 ?D
22.7076,terug,-250,MM0 D=18
22.7076,terug,-250,MM1 D=35
22.7076,terug,-250,"#2,YAW,-2.60,GYRO,-23,207,-11,ACC,15,-2,349,ADC,1293,502,5,2,"
22.7076,terug,-250,MM0 !M -255 245
22.7076,terug,-250,MM1 !M -255 245
22.7076,terug,-250,MM1 +
22.7076,terug,-250,MM0 +
22.7076,terug,-250,MM0 ?FF
22.7076,terug,-250,MM1 ?FF
22.7076,terug,-250,MM0 FF=0
22.7076,terug,-250,MM1 FF=0
22.7076,terug,-250,"#3,YAW,-2.60,GYRO,51,106,-32,ACC,23,-35,359,ADC,1222,387,6,1,"
22.7077,terug,-250,MM0 ?P
22.7077,terug,-250,MM1 ?P
22.7077,terug,-250,MM0 P=-255:245
22.7568,terug,-250,MM1 P=-255:245
22.7568,terug,-250,"#4,YAW,-2.60,GYRO,-29,-150,-14,ACC,10,-23,155,ADC,1284,498,4,2,"
22.7568,terug,-250,MM0 ?S
22.7569,terug,-250,MM1 ?S
22.7569,terug,-250,MM0 S=-225:150
22.7569,terug,-250,MM1 S=-225:150
22.7569,terug,-250,"#5,YAW,-2.60,GYRO,-113,-97,2,ACC,-4,26,165,ADC,1246,502,6,2,"
22.7569,terug,-250,MM0 ?T
22.7569,terug,-250,MM1 ?T
22.7569,terug,-250,MM0 T=35:35
22.7569,terug,-250,MM1 T=36:34
22.8066,terug,-250,"#6,YAW,-2.60,GYRO,-50,188,-5,ACC,-4,-3,302,ADC,1253,382,4,2,"
22.8067,terug,-250,MM0 ?V
22.8067,terug,-250,MM1 ?V
22.8067,terug,-250,MM0 V=120:223:4905
22.8067,terug,-250,MM1 V=120:222:4899
22.8067,terug,-250,"$GPRMC,135806.4,A,5050.50791,N,00419.37416,E,000.19,208.3,081026,000.4,E*5C"
22.8067,terug,-250,MM1 !M -256 244
22.8067,terug,-250,MM0 !M -256 244
22.8067,terug,-250,MM1 +
22.8067,terug,-250,MM0 +
22.8067,terug,-250,MM0 PING
22.8067,terug,-250,MM1 PING
22.8067,terug,-250,"#7,YAW,-2.60,GYRO,50,247,-1,ACC,-11,-26,387,ADC,1255,270,4,2,"
22.8067,terug,-250,MM0 ?CR
22.8067,terug,-250,MM1 ?CR
22.8067,terug,-250,MM0 CR=-58:56
22.8067,terug,-250,MM1 CR=-57:56
22.8067,terug,-250,"#8,YAW,-2.60,GYRO,-8,-106,5,ACC,35,-30,118,ADC,1250,382,5,2,"
22.8067,terug,-250,MM0 ?A
22.8067,terug,-250,MM1 ?A
22.8565,terug,-250,MM0 A=-2:4
22.8565,terug,-250,MM1 A=-6:0
22.8565,terug,-250,MM0 !M -255 245
22.8565,terug,-250,MM1 !M -255 245
22.8565,terug,-250,MM0 +
22.8565,terug,-250,MM1 +
22.8565,terug,-250,MM1 PING
22.8565,terug,-250,MM0 PING
22.8565,terug,-250,"#9,YAW,-2.60,GYRO,-52,-133,7,ACC,-39,-2,214,ADC,1239,329,3,2,"
22.8565,terug,-250,MM0 ?AI
22.8565,terug,-250,MM1 ?AI
22.8565,terug,-250,MM0 AI=0:0:2435:2463:0:0
22.8565,terug,-250,MM1 AI=0:0:2359:2370:0:0
22.8565,terug,-250,"#10,YAW,-2.60,GYRO,-79,185,-9,ACC,16,40,313,ADC,1243,386,5,2,"
22.8566,terug,-250,MM0 ?C
22.8566,terug,-250,MM1 ?C
22.8566,terug,-250,MM0 C=-532:-1404
22.8566,terug,-250,MM1 C=-520:-1513
22.9066,terug,-250,"#11,YAW,-2.60,GYRO,156,303,-28,ACC,13,-25,341,ADC,1296,405,5,2,"
22.9067,terug,-250,MM0 ?D
22.9067,terug,-250,MM1 ?D
22.9067,terug,-250,MM0 D=56
22.9067,terug,-250,MM1 D=0
22.9067,terug,-250,MM0 !M -255 245
22.9067,terug,-250,MM1 !M -255 245
22.9067,terug,-250,MM0 +
22.9067,terug,-250,MM1 +
22.9067,terug,-250,MM0 PING
22.9067,terug,-250,MM1 PING
22.9067,terug,-250,"#12,YAW,-2.60,GYRO,40,20,-31,ACC,6,-13,188,ADC,1242,375,5,2,"
22.9068,terug,-250,MM0 !M -254 246
22.9068,terug,-250,MM0 +
22.9068,terug,-250,MM1 !M -254 246
22.9068,terug,-250,MM1 +
22.9068,terug,-250,MM0 ?FF
22.9068,terug,-250,MM1 ?FF
22.9068,terug,-250,MM0 FF=0
22.9068,terug,-250,MM1 FF=0
22.9068,terug,-250,"#13,YAW,-2.60,GYRO,-4,-182,6,ACC,-14,40,233,ADC,1235,500,4,2,"
22.9068,terug,-250,MM0 ?P
22.9068,terug,-250,MM1 ?P
22.9620,terug,-250,MM0 P=-254:246
22.9620,terug,-250,MM1 P=-254:246
22.9620,terug,-250,"#14,YAW,-2.60,GYRO,-16,148,24,ACC,18,24,317,ADC,1233,395,5,1,"
22.9620,terug,-250,MM0 ?S
22.9620,terug,-250,MM1 ?S
22.9620,terug,-250,MM0 S=-225:225
22.9620,terug,-250,MM1 S=-225:225
22.9620,terug,-250,"#15,YAW,-2.60,GYRO,13,322,25,ACC,-1,-8,333,ADC,1302,497,4,2,"
22.9620,terug,-250,MM0 ?T
22.9620,terug,-250,MM1 ?T
22.9621,terug,-250,MM0 T=35:35
22.9621,terug,-250,MM1 T=36:34
23.0052,terug,-250,"#16,YAW,-2.60,GYRO,-35,-135,41,ACC,42,-8,148,ADC,1273,387,4,2,"
23.0053,terug,-250,MM0 ?V
23.0053,terug,-250,MM1 ?V
23.0053,terug,-250,MM0 V=120:222:4906
23.0053,terug,-250,MM1 V=120:222:4899
23.0053,terug,-250,"$GPRMC,135806.6,A,5050.50790,N,00419.37416,E,000.20,208.3,081026,000.4,E*55"
23.0053,terug,-250,MM1 !M -254 246
23.0053,terug,-250,MM0 !M -254 246
23.0053,terug,-250,MM1 +
23.0053,terug,-250,MM0 +
23.0053,terug,-250,MM0 PING
23.0053,terug,-250,MM1 PING
23.0053,terug,-250,"#17,YAW,-2.61,GYRO,-32,-179,48,ACC,-19,14,194,ADC,1282,368,4,2,"
23.0053,terug,-250,MM0 ?CR
23.0053,terug,-250,MM1 ?CR
23.0053,terug,-250,MM0 CR=-59:58
23.0054,terug,-250,MM1 CR=-58:58
23.0212,terug,-250,"#18,YAW,-2.61,GYRO,-157,93,20,ACC,23,25,308,ADC,1210,379,7,1,"
23.0213,terug,-250,MM0 ?A
23.0213,terug,-250,MM1 ?A
23.0213,terug,-250,MM1 A=-2:4
23.0213,terug,-250,MM0 A=0:0
23.0213,terug,-250,MM0 !M -254 246
23.0213,terug,-250,MM1 !M -254 246
23.0213,terug,-250,MM0 +
23.0553,terug,-250,MM1 +
23.0553,terug,-250,MM1 PING
23.0553,terug,-250,MM0 PING
23.0553,terug,-250,"#19,YAW,-2.61,GYRO,-19,243,-7,ACC,-2,-10,368,ADC,1257,312,4,2,"
23.0553,terug,-250,MM0 ?AI
23.0553,terug,-250,MM1 ?AI
23.0553,terug,-250,MM0 AI=0:0:2448:2479:0:0
23.0553,terug,-250,MM1 AI=0:0:2363:2383:0:0
23.0554,terug,-250,"#20,YAW,-2.61,GYRO,-27,-175,-1,ACC,9,-36,148,ADC,1260,497,4,2,"
23.0554,terug,-250,MM0 ?C
23.0554,terug,-250,MM1 ?C
23.0554,terug,-250,MM0 C=-590:-1346
23.0554,terug,-250,MM1 C=-578:-1454
23.1085,terug,-250,"#21,YAW,-2.61,GYRO,-24,-146,5,ACC,-18,-8,167,ADC,1233,390,4,2,"
23.1085,terug,-250,MM0 ?D
23.1086,terug,-250,MM1 ?D
23.1086,terug,-250,MM0 D=11
23.1086,terug,-250,MM1 D=50
23.1086,terug,-250,MM1 !M -251 249
23.1086,terug,-250,MM0 !M -251 249
23.1086,terug,-250,MM1 +
23.1086,terug,-250,MM0 +
23.1086,terug,-250,MM0 PING
23.1086,terug,-250,MM1 PING
23.1086,terug,-250,"#22,YAW,-2.61,GYRO,-126,296,-12,ACC,19,38,414,ADC,1277,490,3,2,"
23.1086,terug,-250,MM0 ?FF
23.1086,terug,-250,MM0 FF=0
23.1086,terug,-250,MM1 ?FF
23.1086,terug,-250,MM1 FF=0
23.1086,terug,-250,MM0 !M -251 249
23.1086,terug,-250,MM1 !M -251 249
23.1086,terug,-250,MM0 +
23.1086,terug,-250,MM1 +
23.1086,terug,-250,"#23,YAW,-2.61,GYRO,114,435,-41,ACC,-1,-3,361,ADC,1242,389,4,2,"
23.1086,terug,-250,MM0 ?P
23.1086,terug,-250,MM1 ?P
23.1086,terug,-250,MM0 P=-251:249
23.1581,terug,-250,MM1 P=-251:249
23.1581,terug,-250,"#24,YAW,-2.61,GYRO,-10,-299,-31,ACC,44,-37,112,ADC,1319,395,6,2,"
23.1582,terug,-250,MM0 ?S
23.1582,terug,-250,MM1 ?S
23.1582,terug,-250,MM0 S=-225:225
23.1582,terug,-250,MM1 S=-150:225
23.1582,terug,-250,"#25,YAW,-2.61,GYRO,-8,-115,-19,ACC,-40,0,236,ADC,1256,500,6,2,"
23.1582,terug,-250,MM0 ?T
23.1582,terug,-250,MM1 ?T
23.1582,terug,-250,MM0 T=35:35
23.1582,terug,-250,MM1 T=36:34
23.2100,terug,-250,"#26,YAW,-2.61,GYRO,-25,227,-13,ACC,26,26,308,ADC,1221,393,6,2,"
23.2100,terug,-250,MM0 ?V
23.2101,terug,-250,MM1 ?V
23.2101,terug,-250,MM0 V=120:222:4905
23.2101,terug,-250,MM1 V=120:223:4900
23.2101,terug,-250,"$GPRMC,135806.8,A,5050.50788,N,00419.37416,E,000.23,208.3,081026,000.4,E*51"
23.2101,terug,-250,MM0 !M -251 249
23.2101,terug,-250,MM1 !M -251 249
23.2101,terug,-250,MM0 +
23.2101,terug,-250,MM1 +
23.2101,terug,-250,MM0 PING
23.2101,terug,-250,MM1 PING
23.2101,terug,-250,"#27,YAW,-2.60,GYRO,48,275,-16,ACC,-16,-9,419,ADC,1251,299,6,1,"
23.2101,terug,-250,MM0 ?CR
23.2101,terug,-250,MM1 ?CR
23.2101,terug,-250,MM0 CR=-58:58
23.2101,terug,-250,MM1 CR=-59:58
23.2101,terug,-250,"#28,YAW,-2.61,GYRO,22,-166,19,ACC,16,-30,124,ADC,1223,398,5,2,"
23.2101,terug,-250,MM0 ?A
23.2101,terug,-250,MM1 ?A
23.2101,terug,-250,MM0 A=-2:4
23.2101,terug,-250,MM1 A=-6:4
23.2615,terug,-250,"#29,YAW,-2.61,GYRO,-4,-42,19,ACC,-15,23,187,ADC,1261,385,4,2,"
23.2616,terug,-250,MM0 !M -251 249
23.2616,terug,-250,MM1 !M -251 249
23.2616,terug,-250,MM1 +
23.2616,terug,-250,MM0 +
23.2616,terug,-250,MM0 PING
23.2616,terug,-250,MM1 PING
23.2616,terug,-250,MM0 ?AI
23.2616,terug,-250,MM1 ?AI
23.2616,terug,-250,MM1 AI=0:0:2383:2355:0:0
23.2616,terug,-250,MM0 AI=0:0:2461:2434:0:0
23.2616,terug,-250,"#30,YAW,-2.61,GYRO,-221,167,3,ACC,-7,58,392,ADC,1257,503,6,2,"
23.2616,terug,-250,MM0 ?C
23.2616,terug,-250,MM1 ?C
23.2616,terug,-250,MM0 C=-649:-1289
23.2616,terug,-250,MM1 C=-636:-1397
23.3124,terug,-250,"#31,YAW,-2.61,GYRO,92,393,-38,ACC,5,-20,320,ADC,1242,381,5,2,"
23.3125,terug,-250,MM0 ?D
23.3125,terug,-250,MM1 ?D
23.3125,terug,-250,MM0 D=50
23.3125,terug,-250,MM1 D=0
23.3125,terug,-250,MM0 !M -251 249
23.3125,terug,-250,MM1 !M -251 249
23.3125,terug,-250,MM0 +
23.3125,terug,-250,MM1 +
23.3125,terug,-250,MM1 PING
23.3125,terug,-250,MM0 PING
23.3125,terug,-250,"#32,YAW,-2.60,GYRO,-54,-219,-53,ACC,36,-35,167,ADC,1274,381,6,2,"
23.3126,terug,-250,MM0 ?FF
23.3126,terug,-250,MM1 ?FF
23.3126,terug,-250,MM0 FF=0
23.3126,terug,-250,MM1 FF=0
23.3126,terug,-250,MM0 !M -250 250
23.3126,terug,-250,MM1 !M -250 250
23.3126,terug,-250,MM0 +
23.3126,terug,-250,MM1 +
23.3126,terug,-250,"#33,YAW,-2.60,GYRO,-10,-137,-68,ACC,-35,29,200,ADC,1255,498,5,2,"
23.3126,terug,-250,MM0 ?P
23.3126,terug,-250,MM1 ?P
23.3126,terug,-250,MM0 P=-250:250
23.3126,terug,-250,MM1 P=-250:250
23.3603,terug,-242,"#34,YAW,-2.60,GYRO,-236,14,-54,ACC,-8,33,351,ADC,1278,385,4,1,"
23.3603,terug,-242,MM0 ?S
23.3603,terug,-242,MM1 ?S
23.3603,terug,-242,MM0 S=-225:150
23.3603,terug,-242,MM1 S=-225:225
23.3603,terug,-242,MM0 !M -243 241
23.3603,terug,-242,MM1 !M -243 241
23.3603,terug,-242,MM0 +
23.3603,terug,-242,MM1 +
23.3603,terug,-242,"#35,YAW,-2.60,GYRO,206,296,-49,ACC,15,-34,286,ADC,1239,381,4,2,"
23.3603,terug,-242,MM0 ?T
23.3604,terug,-242,MM1 ?T
23.3604,terug,-242,MM0 T=35:35
23.3604,terug,-242,MM1 T=36:34
23.4147,terug,-237,"#36,YAW,-2.60,GYRO,-54,-9,-51,ACC,-3,-19,235,ADC,1221,403,5,2,"
23.4148,terug,-237,"$GPRMC,135807.0,A,5050.50787,N,00419.37415,E,000.29,208.3,081026,000.4,E*5E"
23.4148,terug,-237,MM0 ?V
23.4148,terug,-237,MM1 ?V
23.4148,terug,-237,MM0 V=120:223:4905
23.4148,terug,-237,MM1 V=120:222:4900
23.4148,terug,-237,"#37,YAW,-2.60,GYRO,-6,-221,-23,ACC,-21,-13,170,ADC,1250,384,4,2,"
23.4148,terug,-237,MM0 ?CR
23.4148,terug,-237,MM1 ?CR
23.4148,terug,-237,MM0 CR=-58:58
23.4148,terug,-237,MM1 CR=-57:58
23.4148,terug,-237,"#38,YAW,-2.60,GYRO,-143,82,-14,ACC,27,30,393,ADC,1228,392,5,2,"
23.4148,terug,-237,MM0 ?A
23.4148,terug,-237,MM1 ?A
23.4148,terug,-237,MM1 A=-3:4
23.4148,terug,-237,MM0 A=0:0
23.4505,terug,-237,"#39,YAW,-2.60,GYRO,177,386,-4,ACC,23,-18,316,ADC,1231,391,5,2,"
23.4506,terug,-237,MM0 ?AI
23.4506,terug,-237,MM1 ?AI
23.4506,terug,-237,MM0 AI=0:0:2445:2445:0:0
23.4506,terug,-237,MM1 AI=0:0:2383:2377:0:0
23.4506,terug,-237,MM0 !M -239 235
23.4506,terug,-237,MM1 !M -239 235
23.4506,terug,-237,MM0 +
23.4506,terug,-237,MM1 +
23.4506,terug,-237,MM0 PING
23.4506,terug,-237,MM1 PING
23.4506,terug,-237,MM0 !M -239 235
23.4506,terug,-237,MM1 !M -239 235
23.4506,terug,-237,MM0 +
23.4506,terug,-237,MM1 +
23.4506,terug,-237,"#40,YAW,-2.60,GYRO,-49,-178,20,ACC,19,16,182,ADC,1224,359,5,1,"
23.4506,terug,-237,MM0 ?C
23.4506,terug,-237,MM1 ?C
23.4506,terug,-237,MM0 C=-706:-1231
23.4703,terug,-223,MM1 C=-693:-1339
23.4704,terug,-223,"#41,YAW,-2.60,GYRO,97,-41,5,ACC,-25,19,248,ADC,1219,384,6,2,"
23.4705,terug,-223,MM0 ?D
23.4705,terug,-223,MM1 ?D
23.4705,terug,-223,MM0 D=34
23.4705,terug,-223,MM1 D=18
23.5074,terug,-223,"#42,YAW,-2.60,GYRO,-163,103,3,ACC,22,50,271,ADC,1209,383,5,1,"
23.5075,terug,-223,MM0 !M -224 222
23.5075,terug,-223,MM1 !M -224 222
23.5075,terug,-223,MM0 +
23.5075,terug,-223,MM1 +
23.5075,terug,-223,MM0 ?FF
23.5075,terug,-223,MM1 ?FF
23.5075,terug,-223,MM0 FF=0
23.5075,terug,-223,MM1 FF=0
23.5075,terug,-223,"#43,YAW,-2.60,GYRO,218,380,-14,ACC,8,-19,300,ADC,1248,396,5,2,"
23.5075,terug,-223,MM0 ?P
23.5075,terug,-223,MM1 ?P
23.5075,terug,-223,MM0 P=-224:222
23.5283,terug,-217,MM1 P=-224:222
23.5283,terug,-217,"#44,YAW,-2.60,GYRO,-74,78,-7,ACC,15,-20,252,ADC,1230,386,6,2,"
23.5284,terug,-217,MM0 ?S
23.5284,terug,-217,MM1 ?S
23.5284,terug,-217,MM0 S=-225:225
23.5686,terug,-214,MM1 S=-225:150
23.5687,terug,-214,"#45,YAW,-2.60,GYRO,60,-184,-8,ACC,1,12,212,ADC,1202,381,5,2,"
23.5687,terug,-214,MM0 ?T
23.5687,terug,-214,MM1 ?T
23.5687,terug,-214,MM0 T=35:35
23.5687,terug,-214,MM1 T=36:34
23.5687,terug,-214,MM0 !M -217 217
23.5687,terug,-214,MM1 !M -217 217
23.5687,terug,-214,MM0 +
23.5687,terug,-214,MM1 +
23.5687,terug,-214,"$GPRMC,135807.2,A,5050.50786,N,00419.37412,E,000.32,208.3,081026,000.4,E*50"
23.5894,terug,-214,"#46,YAW,-2.60,GYRO,-154,19,4,ACC,17,47,191,ADC,1230,387,6,2,"
23.5894,terug,-214,MM0 ?V
23.5894,terug,-214,MM1 ?V
23.5894,terug,-214,MM0 V=120:223:4906
23.5894,terug,-214,MM1 V=120:222:4899
23.5894,terug,-214,"#47,YAW,-2.60,GYRO,89,271,14,ACC,13,-14,340,ADC,1282,500,7,2,"
23.5894,terug,-214,MM1 ?CR
23.5895,terug,-214,MM0 ?CR
23.5895,terug,-214,MM1 CR=-55:54
23.5895,terug,-214,MM0 CR=-55:55
23.6102,terug,-214,MM1 !M -214 214
23.6102,terug,-214,MM0 !M -214 214
23.6102,terug,-214,MM1 +
23.6102,terug,-214,MM0 +
23.6102,terug,-214,"#48,YAW,-2.60,GYRO,-78,42,30,ACC,4,-43,339,ADC,1253,381,5,2,"
23.6102,terug,-214,MM0 ?A
23.6102,terug,-214,MM1 ?A
23.6102,terug,-214,MM0 A=0:0
23.6102,terug,-214,MM1 A=0:0
23.6313,terug,-203,"#49,YAW,-2.60,GYRO,43,-106,16,ACC,21,-21,165,ADC,1297,429,4,2,"
23.6313,terug,-203,MM1 ?AI
23.6313,terug,-203,MM0 ?AI
23.6313,terug,-203,MM1 AI=0:0:2367:2366:0:0
23.6313,terug,-203,MM0 AI=0:0:2445:2443:0:0
23.6655,terug,-203,MM0 !M -203 203
23.6655,terug,-203,MM1 !M -203 203
23.6655,terug,-203,MM0 +
23.6655,terug,-203,MM1 +
23.6655,terug,-203,"#50,YAW,-2.60,GYRO,-11,-69,22,ACC,12,25,196,ADC,1249,374,5,2,"
23.6655,terug,-203,MM0 ?C
23.6655,terug,-203,MM1 ?C
23.6655,terug,-203,MM0 C=-760:-1178
23.6655,terug,-203,MM1 C=-747:-1286
23.6656,terug,-203,"#51,YAW,-2.60,GYRO,-62,178,9,ACC,43,25,381,ADC,1304,501,5,1,"
23.6656,terug,-203,MM0 ?D
23.7142,terug,-196,MM1 ?D
23.7142,terug,-196,MM1 D=51
23.7142,terug,-196,MM0 D=9
23.7142,terug,-196,"#52,YAW,-2.60,GYRO,3,37,21,ACC,11,3,283,ADC,1256,391,8,2,"
23.7143,terug,-196,MM1 ?FF
23.7143,terug,-196,MM0 ?FF
23.7143,terug,-196,MM1 FF=0
23.7143,terug,-196,MM0 FF=0
23.7143,terug,-196,MM1 !M -194 198
23.7143,terug,-196,MM0 !M -194 198
23.7143,terug,-196,MM1 +
23.7143,terug,-196,MM0 +
23.7143,terug,-196,"#53,YAW,-2.60,GYRO,24,-63,6,ACC,51,-15,193,ADC,1235,386,6,2,"
23.7143,terug,-196,MM0 ?P
23.7143,terug,-196,MM1 ?P
23.7143,terug,-196,MM0 P=-194:198
23.7143,terug,-196,MM1 P=-194:198
23.7677,terug,-191,"#54,YAW,-2.60,GYRO,-30,-126,9,ACC,-7,0,221,ADC,1266,501,6,1,"
23.7677,terug,-191,MM0 ?S
23.7677,terug,-191,MM1 ?S
23.7677,terug,-191,MM0 S=-150:150
23.7677,terug,-191,MM1 S=-225:225
23.7677,terug,-191,"#55,YAW,-2.60,GYRO,-88,43,2,ACC,12,28,302,ADC,1240,402,8,2,"
23.7677,terug,-191,MM0 !M -189 193
23.7677,terug,-191,MM1 !M -189 193
23.7677,terug,-191,MM0 +
23.7677,terug,-191,MM1 +
23.7677,terug,-191,MM0 ?T
23.7677,terug,-191,MM1 ?T
23.7677,terug,-191,MM0 T=35:35
23.7677,terug,-191,MM1 T=36:34
23.7677,terug,-191,"$GPRMC,135807.4,A,5050.50785,N,00419.37410,E,000.35,208.3,081026,000.4,E*50"
23.8152,terug,-191,"#56,YAW,-2.60,GYRO,78,242,-19,ACC,15,-8,291,ADC,1262,381,3,1,"
23.8153,terug,-191,MM0 ?V
23.8153,terug,-191,MM1 ?V
23.8153,terug,-191,MM0 V=120:223:4905
23.8153,terug,-191,MM1 V=120:223:4901
23.8153,terug,-191,"#57,YAW,-2.60,GYRO,-3,56,-23,ACC,26,-14,297,ADC,1265,388,5,2,"
23.8153,terug,-191,MM0 ?CR
23.8153,terug,-191,MM1 ?CR
23.8153,terug,-191,MM0 CR=-51:50
23.8153,terug,-191,MM1 CR=-50:50
23.8153,terug,-191,"#58,YAW,-2.60,GYRO,45,17,-39,ACC,0,-14,208,ADC,1256,389,6,1,"
23.8153,terug,-191,MM0 ?A
23.8153,terug,-191,MM1 ?A
23.8153,terug,-191,MM0 A=0:0
23.8153,terug,-191,MM1 A=0:0
23.8692,terug,-178,"#59,YAW,-2.60,GYRO,-112,-80,-15,ACC,17,18,241,ADC,1220,382,6,2,"
23.8692,terug,-178,MM0 ?AI
23.8693,terug,-178,MM1 ?AI
23.8693,terug,-178,MM1 AI=0:0:2356:2356:0:0
23.8693,terug,-178,MM0 AI=0:0:2401:2640:0:0
23.8693,terug,-178,MM0 !M -188 194
23.8693,terug,-178,MM1 !M -188 194
23.8693,terug,-178,MM0 +
23.8693,terug,-178,MM1 +
23.8693,terug,-178,MM0 PING
23.8693,terug,-178,MM1 PING
23.8693,terug,-178,"#60,YAW,-2.60,GYRO,-68,52,2,ACC,1,30,229,ADC,1292,406,7,2,"
23.8693,terug,-178,MM1 ?C
23.8693,terug,-178,MM0 ?C
23.8693,terug,-178,MM1 C=-795:-1238
23.8693,terug,-178,MM0 C=-808:-1129
23.8694,terug,-178,MM1 !M -176 180
23.8694,terug,-178,MM0 !M -176 180
23.8694,terug,-178,MM1 +
23.8694,terug,-178,MM0 +
23.8694,terug,-178,"#61,YAW,-2.60,GYRO,-21,160,4,ACC,20,-7,295,ADC,1229,385,4,2,"
23.8694,terug,-178,MM1 ?D
23.8694,terug,-178,MM0 ?D
23.8694,terug,-178,MM1 D=26
23.8694,terug,-178,MM0 D=1
23.9034,terug,-178,MM0 !M -176 180
23.9034,terug,-178,MM1 !M -176 180
23.9034,terug,-178,MM0 +
23.9034,terug,-178,MM1 +
23.9034,terug,-178,"#62,YAW,-2.60,GYRO,-6,78,-8,ACC,21,-28,298,ADC,1261,359,7,2,"
23.9035,terug,-178,MM1 ?FF
23.9035,terug,-178,MM0 ?FF
23.9035,terug,-178,MM1 FF=0
23.9035,terug,-178,MM0 FF=0
23.9278,terug,-166,"#63,YAW,-2.60,GYRO,23,47,-26,ACC,20,-21,186,ADC,1235,389,6,2,"
23.9279,terug,-166,MM1 ?P
23.9279,terug,-166,MM0 ?P
23.9279,terug,-166,MM1 P=-176:180
23.9279,terug,-166,MM0 P=-176:180
23.9695,terug,-166,"#64,YAW,-2.60,GYRO,29,1,-16,ACC,4,1,252,ADC,1272,387,5,2,"
23.9696,terug,-166,MM1 ?S
23.9696,terug,-166,MM0 ?S
23.9696,terug,-166,MM1 S=-150:150
23.9696,terug,-166,MM0 S=-150:150
23.9696,terug,-166,MM1 !M -163 169
23.9696,terug,-166,MM0 !M -163 169
23.9696,terug,-166,MM1 +
23.9696,terug,-166,MM0 +
23.9696,terug,-166,"#65,YAW,-2.60,GYRO,-104,-52,5,ACC,-2,42,254,ADC,1283,320,5,2,"
23.9696,terug,-166,MM1 ?T
23.9696,terug,-166,MM0 ?T
23.9696,terug,-166,MM1 T=36:34
23.9696,terug,-166,MM0 T=35:35
23.9834,terug,-158,"$GPRMC,135807.6,A,5050.50784,N,00419.37407,E,000.38,208.3,081026,000.4,E*58"
23.9834,terug,-158,"#66,YAW,-2.60,GYRO,29,134,4,ACC,27,1,303,ADC,1279,498,3,1,"
23.9834,terug,-158,MM0 ?V
23.9834,terug,-158,MM1 ?V
23.9834,terug,-158,MM0 V=120:223:4905
23.9835,terug,-158,MM1 V=120:223:4901
24.0172,terug,-158,"#67,YAW,-2.60,GYRO,10,143,-11,ACC,23,-38,252,ADC,1250,386,6,2,"
24.0172,terug,-158,MM1 ?CR
24.0172,terug,-158,MM0 ?CR
24.0172,terug,-158,MM1 CR=-44:44
24.0172,terug,-158,MM0 CR=-44:44
24.0172,terug,-158,"#68,YAW,-2.60,GYRO,34,103,-32,ACC,20,-19,228,ADC,1243,382,5,2,"
24.0173,terug,-158,MM1 ?A
24.0173,terug,-158,MM0 ?A
24.0173,terug,-158,MM1 A=0:0
24.0173,terug,-158,MM0 A=0:0
24.0675,terug,-150,"#69,YAW,-2.60,GYRO,60,45,-33,ACC,1,16,271,ADC,1262,396,4,1,"
24.0675,terug,-150,MM1 ?AI
24.0675,terug,-150,MM0 ?AI
24.0675,terug,-150,MM1 AI=0:0:2370:2379:0:0
24.0675,terug,-150,MM0 AI=0:0:2442:2493:0:0
24.0675,terug,-150,MM0 !M -155 161
24.0675,terug,-150,MM1 !M -155 161
24.0676,terug,-150,MM0 +
24.0676,terug,-150,MM1 +
24.0676,terug,-150,MM1 PING
24.0676,terug,-150,MM0 PING
24.0676,terug,-150,"#70,YAW,-2.60,GYRO,-46,-69,1,ACC,4,53,257,ADC,1221,392,5,1,"
24.0676,terug,-150,MM0 !M -147 153
24.0676,terug,-150,MM0 +
24.0676,terug,-150,MM1 !M -147 153
24.0676,terug,-150,MM1 +
24.0676,terug,-150,MM0 ?C
24.0676,terug,-150,MM1 ?C
24.0676,terug,-150,MM0 C=-852:-1087
24.0676,terug,-150,MM1 C=-837:-1195
24.0677,terug,-150,"#71,YAW,-2.60,GYRO,35,53,28,ACC,23,22,253,ADC,1264,403,5,2,"
24.0678,terug,-150,MM1 ?D
24.0678,terug,-150,MM0 ?D
24.0678,terug,-150,MM0 D=59
24.0678,terug,-150,MM1 D=1
24.1200,terug,-141,"#72,YAW,-2.60,GYRO,-30,159,15,ACC,24,-16,288,ADC,1188,379,3,1,"
24.1200,terug,-141,MM1 ?FF
24.1200,terug,-141,MM0 ?FF
24.1200,terug,-141,MM1 FF=0
24.1200,terug,-141,MM0 FF=0
24.1200,terug,-141,MM1 !M -136 146
24.1200,terug,-141,MM0 !M -136 146
24.1200,terug,-141,MM0 +
24.1200,terug,-141,MM1 +
24.1200,terug,-141,"#73,YAW,-2.60,GYRO,16,74,18,ACC,27,-24,279,ADC,1277,389,5,2,"
24.1200,terug,-141,MM1 ?P
24.1200,terug,-141,MM0 ?P
24.1200,terug,-141,MM1 P=-136:146
24.1201,terug,-141,MM0 P=-136:146
24.1403,terug,-136,"#74,YAW,-2.60,GYRO,-3,14,6,ACC,22,-6,234,ADC,1228,394,4,2,"
24.1403,terug,-136,MM1 ?S
24.1403,terug,-136,MM0 ?S
24.1403,terug,-136,MM1 S=-150:150
24.1403,terug,-136,MM0 S=-150:150
24.1760,terug,-133,"#75,YAW,-2.60,GYRO,0,12,2,ACC,8,13,238,ADC,1261,497,6,2,"
24.1761,terug,-133,MM1 ?T
24.1761,terug,-133,MM0 ?T
24.1761,terug,-133,MM1 T=36:34
24.1761,terug,-133,MM0 T=35:35
24.1761,terug,-133,MM0 !M -131 141
24.1761,terug,-133,MM1 !M -131 141
24.1761,terug,-133,MM0 +
24.1761,terug,-133,MM1 +
24.1761,terug,-133,"#76,YAW,-2.60,GYRO,-71,-29,14,ACC,12,22,260,ADC,1248,395,3,2,"
24.1761,terug,-133,MM1 ?V
24.1761,terug,-133,MM0 ?V
24.1761,terug,-133,MM1 V=120:223:4900
24.1761,terug,-133,MM0 V=120:223:4906
24.2115,terug,-133,"$GPRMC,135807.8,A,5050.50783,N,00419.37404,E,000.40,208.3,081026,000.4,E*5D"
24.2115,terug,-133,"#77,YAW,-2.61,GYRO,-88,21,25,ACC,11,19,243,ADC,1253,394,7,2,"
24.2115,terug,-133,MM0 ?CR
24.2115,terug,-133,MM1 ?CR
24.2115,terug,-133,MM0 CR=-39:38
24.2115,terug,-133,MM1 CR=-38:38
24.2115,terug,-133,"#78,YAW,-2.61,GYRO,-43,83,5,ACC,18,-12,288,ADC,1258,500,5,1,"
24.2116,terug,-133,MM1 ?A
24.2116,terug,-133,MM0 ?A
24.2116,terug,-133,MM1 A=0:0
24.2116,terug,-133,MM0 A=0:0
24.2342,terug,-122,"#79,YAW,-2.61,GYRO,-53,12,-19,ACC,16,-16,262,ADC,1247,498,6,2,"
24.2342,terug,-122,MM1 ?AI
24.2342,terug,-122,MM0 ?AI
24.2342,terug,-122,MM1 AI=0:0:2386:2380:0:0
24.2342,terug,-122,MM0 AI=0:0:2448:2623:0:0
24.2342,terug,-122,MM0 !M -12PING
24.2683,terug,-122,MM1 !M -12PING
24.2683,terug,-122,MM0 +
24.2683,terug,-122,MM1 +
24.2683,terug,-122,"#80,YAW,-2.61,GYRO,-23,32,-27,ACC,17,-3,246,ADC,1233,380,5,1,"
24.2684,terug,-122,MM0 ?C
24.2684,terug,-122,MM1 ?C
24.2684,terug,-122,MM1 C=-873:-1160
24.2684,terug,-122,MM0 C=-888:-1051
24.2685,terug,-122,MM1 !M -115 129
24.2685,terug,-122,MM0 !M -115 129
24.2685,terug,-122,MM1 +
24.2685,terug,-122,MM0 +
24.2685,terug,-122,"#81,YAW,-2.61,GYRO,-16,48,-40,ACC,17,14,274,ADC,1272,388,5,2,"
24.2685,terug,-122,MM1 ?D
24.2685,terug,-122,MM0 ?D
24.2685,terug,-122,MM1 D=51
24.2685,terug,-122,MM0 D=18
24.3206,terug,-113,"#82,YAW,-2.61,GYRO,3,-69,-20,ACC,16,7,252,ADC,1241,383,4,2,"
24.3207,terug,-113,MM1 ?FF
24.3207,terug,-113,MM0 ?FF
24.3207,terug,-113,MM1 FF=0
24.3207,terug,-113,MM0 FF=0
24.3207,terug,-113,MM1 !M -107 119
24.3207,terug,-113,MM0 !M -107 119
24.3207,terug,-113,MM1 +
24.3207,terug,-113,MM0 +
24.3207,terug,-113,"#83,YAW,-2.61,GYRO,-53,-52,11,ACC,17,14,223,ADC,1260,387,4,2,"
24.3207,terug,-113,MM1 ?P
24.3207,terug,-113,MM0 ?P
24.3207,terug,-113,MM1 P=-107:119
24.3207,terug,-113,MM0 P=-107:119
24.3718,terug,-107,"#84,YAW,-2.61,GYRO,-47,37,28,ACC,17,2,252,ADC,1252,502,5,2,"
24.3719,terug,-107,MM1 ?S
24.3719,terug,-107,MM0 ?S
24.3719,terug,-107,MM1 S=-150:75
24.3719,terug,-107,MM0 S=-150:75
24.3719,terug,-107,"#85,YAW,-2.61,GYRO,-29,108,12,ACC,15,-7,290,ADC,1253,386,6,2,"
24.3719,terug,-107,MM1 ?T
24.3719,terug,-107,MM0 ?T
24.3719,terug,-107,MM1 T=36:34
24.3719,terug,-107,MM0 T=35:35
24.3719,terug,-107,"#86,YAW,-2.61,GYRO,-20,80,-22,ACC,24,-13,258,ADC,1235,497,5,1,"
24.3719,terug,-107,MM1 ?V
24.3719,terug,-107,MM0 ?V
24.3719,terug,-107,MM1 V=120:222:4900
24.3719,terug,-107,MM0 V=120:221:4905
24.4212,terug,-98,"$GPRMC,135808.0,A,5050.50782,N,00419.37401,E,000.41,208.3,081026,000.4,E*5F"
24.4212,terug,-98,"#87,YAW,-2.61,GYRO,5,141,-52,ACC,32,-5,263,ADC,1251,452,4,2,"
24.4213,terug,-98,MM0 !M -100 114
24.4213,terug,-98,MM0 +
24.4213,terug,-98,MM0 PING
24.4213,terug,-98,MM1 !M -100 114
24.4213,terug,-98,MM1 +
24.4213,terug,-98,MM1 PING
24.4213,terug,-98,MM0 ?CR
24.4213,terug,-98,MM1 ?CR
24.4213,terug,-98,MM0 CR=-30:31
24.4213,terug,-98,MM1 CR=-31:31
24.4213,terug,-98,MM0 !M -90 106
24.4213,terug,-98,MM1 !M -90 106
24.4213,terug,-98,MM0 +
24.4213,terug,-98,MM1 +
24.4213,terug,-98,"#88,YAW,-2.61,GYRO,0,98,-59,ACC,24,8,267,ADC,1296,364,5,1,"
24.4213,terug,-98,MM1 ?A
24.4213,terug,-98,MM0 ?A
24.4213,terug,-98,MM1 A=0:0
24.4213,terug,-98,MM0 A=0:0
24.4422,terug,-92,"#89,YAW,-2.61,GYRO,20,23,-39,ACC,17,14,251,ADC,1236,386,7,2,"
24.4423,terug,-92,MM0 ?AI
24.4423,terug,-92,MM1 ?AI
24.4423,terug,-92,MM0 AI=0:0:2442:2448:0:0
24.4423,terug,-92,MM1 AI=0:0:2395:2384:0:0
24.4776,terug,-89,"#90,YAW,-2.61,GYRO,-5,23,-13,ACC,18,3,259,ADC,1250,381,6,2,"
24.4777,terug,-89,MM0 ?C
24.4777,terug,-89,MM1 ?C
24.4777,terug,-89,MM0 C=-916:-1022
24.4777,terug,-89,MM1 C=-901:-1131
24.4778,terug,-89,MM1 !M -86 98
24.4778,terug,-89,MM0 !M -86 98
24.4778,terug,-89,MM1 +
24.4778,terug,-89,MM0 +
24.4778,terug,-89,"#91,YAW,-2.61,GYRO,6,9,16,ACC,9,1,249,ADC,1248,384,4,2,"
24.4778,terug,-89,MM0 ?D
24.4778,terug,-89,MM1 ?D
24.4778,terug,-89,MM0 D=16
24.4778,terug,-89,MM1 D=50
24.5143,terug,-89,"#92,YAW,-2.61,GYRO,-34,-12,34,ACC,13,6,242,ADC,1209,503,7,2,"
24.5143,terug,-89,MM0 ?FF
24.5143,terug,-89,MM1 ?FF
24.5143,terug,-89,MM0 FF=0
24.5143,terug,-89,MM1 FF=0
24.5144,terug,-89,MM0 !M -83 95
24.5144,terug,-89,MM1 !M -83 95
24.5144,terug,-89,MM0 +
24.5144,terug,-89,MM1 +
24.5144,terug,-89,"#93,YAW,-2.61,GYRO,-8,60,37,ACC,13,4,269,ADC,1294,499,6,2,"
24.5144,terug,-89,MM0 ?P
24.5144,terug,-89,MM1 ?P
24.5144,terug,-89,MM0 P=-83:95
24.5144,terug,-89,MM1 P=-83:95
24.5342,terug,-78,"#94,YAW,-2.61,GYRO,-9,70,2,ACC,5,-8,253,ADC,1259,497,4,3,"
24.5342,terug,-78,MM0 ?S
24.5342,terug,-78,MM1 ?S
24.5342,terug,-78,MM0 S=-150:75
24.5342,terug,-78,MM1 S=-150:75
24.5741,terug,-78,"#95,YAW,-2.61,GYRO,17,54,-27,ACC,21,-11,261,ADC,1279,395,6,2,"
24.5741,terug,-78,MM0 ?T
24.5741,terug,-78,MM1 ?T
24.5741,terug,-78,MM0 T=35:35
24.5741,terug,-78,MM1 T=36:34
24.5741,terug,-78,MM0 !M -69 87
24.5741,terug,-78,MM1 !M -69 87
24.5742,terug,-78,MM0 +
24.5742,terug,-78,MM1 +
24.5742,terug,-78,"#96,YAW,-2.61,GYRO,7,101,-48,ACC,20,-4,274,ADC,1189,380,7,2,"
24.5742,terug,-78,MM0 ?V
24.5742,terug,-78,MM1 ?V
24.5742,terug,-78,MM0 V=120:226:4905
24.5742,terug,-78,MM1 V=120:223:4901
24.6238,terug,-69,"$GPRMC,135808.2,A,5050.50781,N,00419.37398,E,000.41,208.3,081026,000.4,E*59"
24.6238,terug,-69,"#97,YAW,-2.61,GYRO,-2,44,-40,ACC,26,12,264,ADC,1233,380,4,2,"
24.6238,terug,-69,MM0 ?CR
24.6238,terug,-69,MM1 ?CR
24.6239,terug,-69,MM0 CR=-24:23
24.6239,terug,-69,MM1 CR=-23:24
24.6239,terug,-69,MM0 !M -61 77
24.6239,terug,-69,MM1 !M -61 77
24.6239,terug,-69,MM0 +
24.6239,terug,-69,MM1 +
24.6239,terug,-69,"#98,YAW,-2.61,GYRO,-2,71,-15,ACC,22,7,241,ADC,1271,383,4,1,"
24.6239,terug,-69,MM0 ?A
24.6239,terug,-69,MM1 ?A
24.6239,terug,-69,MM0 A=0:0
24.6239,terug,-69,MM1 A=0:0
24.6798,terug,-63,"#99,YAW,-2.61,GYRO,13,65,2,ACC,26,-10,259,ADC,1256,495,4,2,"
24.6798,terug,-63,MM0 ?AI
24.6798,terug,-63,MM1 ?AI
24.6798,terug,-63,MM0 AI=0:0:2451:2472:0:0
24.6798,terug,-63,MM1 AI=0:0:2383:2382:0:0
24.6798,terug,-63,"#100,YAW,-2.61,GYRO,7,39,17,ACC,24,-11,263,ADC,1240,389,5,2,"
24.6798,terug,-63,MM0 ?C
24.6798,terug,-63,MM1 ?C
24.6798,terug,-63,MM0 C=-937:-1001
24.6799,terug,-63,MM1 C=-922:-1110
24.6799,terug,-63,MM0 !M -55 71
24.6799,terug,-63,MM0 +
24.6799,terug,-63,MM1 !M -55 71
24.6799,terug,-63,MM1 +
24.6799,terug,-63,"#101,YAW,-2.61,GYRO,8,35,21,ACC,15,-5,258,ADC,1281,386,4,1,"
24.6800,terug,-63,MM0 ?D
24.6800,terug,-63,MM1 ?D
24.6800,terug,-63,MM0 D=18
24.6800,terug,-63,MM1 D=35
24.6998,terug,-63,"#102,YAW,-2.61,GYRO,-6,42,12,ACC,20,4,257,ADC,1254,502,4,2,"
24.6999,terug,-63,MM0 ?FF
24.6999,terug,-63,MM1 ?FF
24.6999,terug,-63,MM0 FF=0
24.6999,terug,-63,MM1 FF=0
24.7204,terug,-63,"#103,YAW,-2.61,GYRO,-14,47,1,ACC,13,5,250,ADC,1266,494,6,1,"
24.7204,terug,-63,MM0 ?P
24.7204,terug,-63,MM1 ?P
24.7204,terug,-63,MM0 P=-55:71
24.7204,terug,-63,MM1 P=-55:71
24.7204,terug,-63,MM0 !M -55 71
24.7204,terug,-63,MM1 !M -55 71
24.7204,terug,-63,MM0 +
24.7204,terug,-63,MM1 +
24.7462,terug,-60,"#104,YAW,-2.61,GYRO,-30,33,-5,ACC,10,1,249,ADC,1267,391,6,1,"
24.7462,terug,-60,MM0 ?S
24.7462,terug,-60,MM1 ?S
24.7462,terug,-60,MM0 S=0:75
24.7462,terug,-60,MM1 S=0:0
24.7623,terug,-60,"#105,YAW,-2.61,GYRO,-36,29,-3,ACC,4,0,246,ADC,1238,495,3,1,"
24.7624,terug,-60,MM1 ?T
24.7624,terug,-60,MM0 ?T
24.7624,terug,-60,MM0 T=35:35
24.7624,terug,-60,MM1 T=36:34
24.7624,terug,-60,MM1 !M -50 70
24.7624,terug,-60,MM0 !M -50 70
24.7624,terug,-60,MM1 +
24.7624,terug,-60,MM0 +
24.7834,terug,-60,"#106,YAW,-2.61,GYRO,-30,52,-4,ACC,7,0,248,ADC,1275,294,6,2,"
24.7834,terug,-60,MM0 ?V
24.7834,terug,-60,MM1 ?V
24.7834,terug,-60,MM0 V=120:223:4906
24.7834,terug,-60,MM1 V=120:223:4900
24.7834,terug,-60,"$GPRMC,135808.4,A,5050.50780,N,00419.37395,E,000.40,208.3,081026,000.4,E*52"
24.8172,terug,-60,"#107,YAW,-2.61,GYRO,-22,61,-9,ACC,8,6,269,ADC,1244,500,6,2,"
24.8173,terug,-60,MM0 ?CR
24.8173,terug,-60,MM1 ?CR
24.8173,terug,-60,MM0 CR=-16:16
24.8173,terug,-60,MM1 CR=-16:16
24.8173,terug,-60,MM0 !M -49 71
24.8173,terug,-60,MM1 !M -49 71
24.8173,terug,-60,MM0 +
24.8173,terug,-60,MM1 +
24.8173,terug,-60,"#108,YAW,-2.61,GYRO,-17,94,-19,ACC,18,4,274,ADC,1270,502,5,2,"
24.8173,terug,-60,MM0 ?A
24.8173,terug,-60,MM1 ?A
24.8173,terug,-60,MM0 A=0:0
24.8173,terug,-60,MM1 A=0:0
24.8382,terug,-60,"#109,YAW,-2.61,GYRO,-18,100,-30,ACC,15,4,255,ADC,1215,380,8,2,"
24.8383,terug,-60,MM0 ?AI
24.8383,terug,-60,MM1 ?AI
24.8383,terug,-60,MM0 AI=0:0:2455:2446:0:0
24.8383,terug,-60,MM1 AI=0:0:2377:2369:0:0
24.8723,terug,-60,"#110,YAW,-2.61,GYRO,-14,60,-34,ACC,5,-2,252,ADC,1252,499,6,2,"
24.8724,terug,-60,MM0 ?C
24.8724,terug,-60,MM1 ?C
24.8724,terug,-60,MM1 C=-936:-1095
24.8724,terug,-60,MM0 C=-951:-986
24.8726,terug,-60,MM1 !M -49 71
24.8726,terug,-60,MM0 !M -49 71
24.8726,terug,-60,MM1 +
24.8726,terug,-60,MM0 +
24.8726,terug,-60,"#111,YAW,-2.61,GYRO,-22,32,-24,ACC,2,-1,247,ADC,1263,501,6,2,"
24.8726,terug,-60,MM0 ?D
24.8726,terug,-60,MM1 ?D
24.8726,terug,-60,MM1 D=48
24.8726,terug,-60,MM0 D=1
24.9255,terug,-60,"#112,YAW,-2.61,GYRO,-17,85,-14,ACC,20,4,265,ADC,1240,386,5,2,"
24.9256,terug,-60,MM0 ?FF
24.9256,terug,-60,MM1 ?FF
24.9256,terug,-60,MM0 FF=0
24.9256,terug,-60,MM1 FF=0
24.9256,terug,-60,MM1 !M -50 70
24.9256,terug,-60,MM0 !M -50 70
24.9256,terug,-60,MM1 +
24.9256,terug,-60,MM0 +
24.9256,terug,-60,"#113,YAW,-2.61,GYRO,-7,104,-18,ACC,6,0,271,ADC,1247,406,4,1,"
24.9256,terug,-60,MM0 ?P
24.9256,terug,-60,MM1 ?P
24.9256,terug,-60,MM0 P=-50:70
24.9256,terug,-60,MM1 P=-50:70
24.9256,terug,-60,"#114,YAW,-2.61,GYRO,-20,4,-17,ACC,2,0,240,ADC,1261,500,5,1,"
24.9257,terug,-60,MM0 ?S
24.9755,terug,0,MM1 ?S
24.9755,terug,0,MM0 S=-75:75
24.9755,terug,0,MM1 S=-75:0
24.9755,terug,0,"#115,YAW,-2.61,GYRO,-10,49,-21,ACC,13,5,246,ADC,1254,396,6,2,"
24.9755,terug,0,MM0 ?T
24.9755,terug,0,MM1 ?T
24.9755,terug,0,MM0 T=35:35
24.9755,terug,0,MM1 T=36:34
24.9755,terug,0,MM0 !M 0 0
24.9756,terug,0,MM1 !M 0 0
24.9756,terug,0,MM0 +
24.9756,terug,0,MM1 +
24.9756,terug,0,"#116,YAW,-2.61,GYRO,-3,86,-37,ACC,9,-2,273,ADC,1267,503,4,1,"
24.9756,terug,0,MM0 ?V
24.9756,terug,0,MM1 ?V
24.9756,terug,0,"$GPRMC,135808.6,A,5050.50779,N,00419.37391,E,000.40,208.3,081026,000.4,E*52"
24.9756,terug,0,MM0 V=120:222:4905
25.0265,terug,0,MM1 V=120:222:4900
25.0265,terug,0,"#117,YAW,-2.61,GYRO,-9,-42,-24,ACC,43,-25,235,ADC,1267,391,8,2,"
25.0266,terug,0,MM0 ?CR
25.0266,terug,0,MM1 ?CR
25.0266,terug,0,MM0 CR=-11:12
25.0266,terug,0,MM1 CR=-10:11
25.0266,terug,0,MM0 !M 0 0
25.0266,terug,0,MM1 !M 0 0
25.0266,terug,0,MM0 +
25.0266,terug,0,MM1 +
25.0266,terug,0,"#118,YAW,-2.61,GYRO,6,21,-3,ACC,40,18,271,ADC,1250,310,7,2,"
25.0266,terug,0,MM0 ?A
25.0266,terug,0,MM1 ?A
25.0266,terug,0,MM0 A=0:0
25.0266,terug,0,MM1 A=0:0
25.0266,terug,0,"#119,YAW,-2.61,GYRO,-15,103,9,ACC,22,4,272,ADC,1238,387,4,2,"
25.0266,terug,0,MM0 ?AI
25.0266,terug,0,MM1 ?AI
25.0782,terug,0,MM0 AI=0:0:2463:2469:0:0
25.0782,terug,0,MM1 AI=0:0:2360:2240:0:0
25.0782,terug,0,"#120,YAW,-2.61,GYRO,-9,6,25,ACC,32,0,256,ADC,1219,381,4,2,"
25.0782,terug,0,MM0 ?C
25.0782,terug,0,MM1 ?C
25.0782,terug,0,MM1 C=-945:-1087
25.0783,terug,0,MM0 C=-960:-978
25.0783,terug,0,MM1 !M 0 0
25.0783,terug,0,MM0 !M 0 0
25.0783,terug,0,MM1 +
25.0783,terug,0,MM0 +
25.0783,terug,0,"#121,YAW,-2.61,GYRO,-15,43,20,ACC,27,1,246,ADC,1236,385,7,2,"
25.0784,terug,0,MM0 ?D
25.0784,terug,0,MM1 ?D
25.0784,terug,0,MM0 D=33
25.0784,terug,0,MM1 D=9
25.1275,terug,0,"#122,YAW,-2.61,GYRO,-10,60,0,ACC,22,1,257,ADC,1228,384,8,2,"
25.1276,terug,0,MM0 ?FF
25.1276,terug,0,MM1 ?FF
25.1276,terug,0,MM0 FF=0
25.1276,terug,0,MM1 FF=0
25.1276,terug,0,"#123,YAW,-2.61,GYRO,-15,45,-12,ACC,20,1,266,ADC,1277,388,5,1,"
25.1276,terug,0,MM0 !M 0 0
25.1276,terug,0,MM0 +
25.1276,terug,0,MM1 !M 0 0
25.1276,terug,0,MM1 +
25.1276,terug,0,MM0 ?P
25.1276,terug,0,MM1 ?P
25.1276,terug,0,MM0 P=0:0
25.1276,terug,0,MM1 P=0:0
25.1276,terug,0,"#124,YAW,-2.61,GYRO,-16,63,-20,ACC,12,0,249,ADC,1234,387,5,2,"
25.1276,terug,0,MM0 ?S
25.1276,terug,0,MM1 ?S
25.1276,terug,0,MM0 S=0:0
25.1772,terug,0,MM1 S=0:0
25.1773,terug,0,"#125,YAW,-2.61,GYRO,-15,45,-16,ACC,10,0,257,ADC,1237,411,4,1,"
25.1773,terug,0,MM0 ?T
25.1773,terug,0,MM1 ?T
25.1773,terug,0,MM0 T=35:35
25.1773,terug,0,MM1 T=36:34
25.1773,terug,0,MM1 !M 0 0
25.1773,terug,0,MM0 !M 0 0
25.1773,terug,0,MM1 +
25.1773,terug,0,MM0 +
25.1773,terug,0,"#126,YAW,-2.61,GYRO,-14,49,-11,ACC,10,1,259,ADC,1281,500,4,1,"
25.1773,terug,0,MM0 ?V
25.1773,terug,0,MM1 ?V
25.1773,terug,0,"$GPRMC,135808.8,A,5050.50778,N,00419.37388,E,000.40,208.3,081026,000.4,E*55"
25.1773,terug,0,MM0 V=120:223:4905
25.1773,terug,0,MM1 V=120:223:4899
25.2295,terug,0,"#127,YAW,-2.61,GYRO,-15,58,-1,ACC,11,5,259,ADC,1222,382,5,2,"
25.2295,terug,0,MM0 ?CR
25.2295,terug,0,MM1 ?CR
25.2295,terug,0,MM0 CR=-2:1
25.2295,terug,0,MM1 CR=-2:1
25.2295,terug,0,"#128,YAW,-2.61,GYRO,-15,45,2,ACC,11,1,259,ADC,1262,386,5,1,"
25.2295,terug,0,MM0 ?A
25.2295,terug,0,MM1 ?A
25.2295,terug,0,MM0 A=0:0
25.2295,terug,0,MM1 A=0:0
25.2295,terug,0,MM0 !M 0 0
25.2295,terug,0,MM1 !M 0 0
25.2295,terug,0,MM0 +
25.2296,terug,0,MM1 +
25.2296,terug,0,"#129,YAW,-2.61,GYRO,-15,54,3,ACC,2,0,252,ADC,1264,497,5,1,"
25.2296,terug,0,MM0 ?AI
25.2296,terug,0,MM1 ?AI
25.2296,terug,0,MM0 AI=0:0:2450:2477:0:0
25.2783,terug,0,MM1 AI=0:0:2363:2355:0:0
25.2784,terug,0,"#130,YAW,-2.61,GYRO,-17,47,-3,ACC,2,-1,256,ADC,1220,380,4,1,"
25.2784,terug,0,MM0 ?C
25.2784,terug,0,MM1 ?C
25.2784,terug,0,MM1 C=-945:-1087
25.2784,terug,0,MM0 C=-961:-978
25.2785,terug,0,MM1 !M 0 0
25.2785,terug,0,MM0 !M 0 0
25.2785,terug,0,MM1 +
25.2785,terug,0,MM0 +
25.2785,terug,0,"#131,YAW,-2.61,GYRO,-12,59,-11,ACC,-3,4,257,ADC,1240,381,4,1,"
25.2785,terug,0,MM0 ?D
25.2785,terug,0,MM1 ?D
25.2785,terug,0,MM0 D=35
25.2785,terug,0,MM1 D=1
25.3293,terug,0,"#132,YAW,-2.61,GYRO,-17,43,-1,ACC,-4,2,257,ADC,1263,399,5,2,"
25.3293,terug,0,MM0 ?FF
25.3293,terug,0,MM1 ?FF
25.3293,terug,0,MM0 FF=0
25.3293,terug,0,MM1 FF=0
25.3293,terug,0,"#133,YAW,-2.61,GYRO,-15,46,3,ACC,-3,3,263,ADC,1223,384,5,2,"
25.3293,terug,0,MM0 ?P
25.3293,terug,0,MM1 ?P
25.3293,terug,0,MM0 P=0:0
25.3293,terug,0,MM1 P=0:0
25.3293,terug,0,MM0 !M 0 0
25.3293,terug,0,MM1 !M 0 0
25.3293,terug,0,MM0 +
25.3293,terug,0,MM1 +
25.3293,terug,0,"#134,YAW,-2.61,GYRO,-13,51,-8,ACC,-1,2,256,ADC,1258,384,4,1,"
25.3294,terug,0,MM0 ?S
25.3294,terug,0,MM1 ?S
25.3294,terug,0,MM1 S=75:0
25.3294,terug,0,MM0 S=0:0
25.3803,terug,0,"#135,YAW,-2.61,GYRO,-14,48,-20,ACC,-3,1,251,ADC,1282,495,5,2,"
25.3804,terug,0,MM0 ?T
25.3804,terug,0,MM1 ?T
25.3804,terug,0,MM0 T=35:35
25.3804,terug,0,MM1 T=36:34
25.3804,terug,0,MM0 !M 0 0
25.3804,terug,0,MM1 !M 0 0
25.3804,terug,0,MM0 +
25.3804,terug,0,MM1 +
25.3805,terug,0,"#136,YAW,-2.61,GYRO,-15,46,-22,ACC,-1,2,251,ADC,1279,501,7,2,"
25.3805,terug,0,MM0 ?V
25.3805,terug,0,MM1 ?V
25.3805,terug,0,MM0 V=120:223:4907
25.3805,terug,0,MM1 V=120:222:4898
25.3805,terug,0,"$GPRMC,135809.0,A,5050.50777,N,00419.37385,E,000.39,208.3,081026,000.4,E*50"
25.4294,terug,0,"#137,YAW,-2.61,GYRO,-14,45,-12,ACC,-1,1,259,ADC,1261,410,7,2,"
25.4295,terug,0,MM0 ?CR
25.4295,terug,0,MM1 ?CR
25.4295,terug,0,MM0 CR=1:0
25.4295,terug,0,MM1 CR=1:0
25.4295,terug,0,"#138,YAW,-2.61,GYRO,-15,49,-3,ACC,-1,1,258,ADC,1237,387,4,2,"
25.4295,terug,0,MM0 ?A
25.4295,terug,0,MM1 ?A
25.4295,terug,0,MM0 A=0:0
25.4295,terug,0,MM1 A=0:0
25.4295,terug,0,MM0 !M 0 0
25.4295,terug,0,MM1 !M 0 0
25.4295,terug,0,MM0 +
25.4295,terug,0,MM1 +
25.4295,terug,0,"#139,YAW,-2.61,GYRO,-12,42,2,ACC,0,0,253,ADC,1289,501,5,2,"
25.4296,terug,0,MM0 ?AI
25.4296,terug,0,MM1 ?AI
25.4296,terug,0,MM0 AI=0:0:2464:2453:0:0
25.4795,terug,0,MM1 AI=0:0:2361:2366:0:0
25.4795,terug,0,"#140,YAW,-2.61,GYRO,-14,44,-2,ACC,4,0,255,ADC,1239,387,5,2,"
25.4795,terug,0,MM0 ?C
25.4795,terug,0,MM1 ?C
25.4795,terug,0,MM1 C=-944:-1087
25.4796,terug,0,MM0 C=-959:-978
25.4796,terug,0,MM1 !M 0 0
25.4796,terug,0,MM0 !M 0 0
25.4797,terug,0,MM1 +
25.4797,terug,0,MM0 +
25.4797,terug,0,"#141,YAW,-2.61,GYRO,-13,45,-6,ACC,9,0,258,ADC,1261,501,5,2,"
25.4797,terug,0,MM0 ?D
25.4797,terug,0,MM1 ?D
25.4797,terug,0,MM0 D=34
25.4797,terug,0,MM1 D=3
25.5303,terug,0,"#142,YAW,-2.61,GYRO,-13,48,-7,ACC,5,1,259,ADC,1261,501,5,2,"
25.5303,terug,0,MM0 ?FF
25.5303,terug,0,MM1 ?FF
25.5303,terug,0,MM0 FF=0
25.5303,terug,0,MM1 FF=0
25.5303,terug,0,"#143,YAW,-2.61,GYRO,-14,48,-7,ACC,4,1,260,ADC,1220,383,4,2,"
25.5303,terug,0,MM1 ?P
25.5304,terug,0,MM0 ?P
25.5304,terug,0,MM0 P=0:0
25.5304,terug,0,MM1 P=0:0
25.5304,terug,0,MM1 !M 0 0
25.5304,terug,0,MM0 !M 0 0
25.5304,terug,0,MM1 +
25.5304,terug,0,MM0 +
25.5304,terug,0,"#144,YAW,-2.61,GYRO,-14,49,-8,ACC,3,1,255,ADC,1235,385,5,2,"
25.5304,terug,0,MM0 ?S
25.5304,terug,0,MM1 ?S
25.5304,terug,0,MM0 S=0:0
25.5304,terug,0,MM1 S=0:0
25.5805,terug,0,"#145,YAW,-2.61,GYRO,-12,47,-6,ACC,3,0,260,ADC,1260,500,6,2,"
25.5805,terug,0,MM0 ?T
25.5805,terug,0,MM1 ?T
25.5805,terug,0,MM0 T=35:35
25.5805,terug,0,MM1 T=36:34
25.5805,terug,0,MM0 !M 0 0
25.5805,terug,0,MM1 !M 0 0
25.5805,terug,0,MM0 +
25.5805,terug,0,MM1 +
25.5805,terug,0,"#146,YAW,-2.61,GYRO,-15,46,-3,ACC,3,0,255,ADC,1289,501,7,2,"
25.5806,terug,0,MM0 ?V
25.5806,terug,0,MM1 ?V
25.5806,terug,0,MM0 V=120:224:4906
25.5806,terug,0,MM1 V=120:223:4898
25.5806,terug,0,"$GPRMC,135809.2,A,5050.50776,N,00419.37382,E,000.40,208.3,081026,000.4,E*5A"
25.6314,terug,0,"#147,YAW,-2.61,GYRO,-13,46,-4,ACC,2,0,257,ADC,1244,389,5,2,"
25.6314,terug,0,MM0 ?CR
25.6314,terug,0,MM1 ?CR
25.6314,terug,0,MM0 CR=1:0
25.6314,terug,0,MM1 CR=0:0
25.6314,terug,0,"#148,YAW,-2.62,GYRO,-12,49,-4,ACC,1,1,259,ADC,1262,389,6,2,"
25.6315,terug,0,MM0 ?A
25.6315,terug,0,MM1 ?A
25.6315,terug,0,MM0 A=0:0
25.6315,terug,0,MM1 A=0:0
25.6315,terug,0,MM0 !M 0 0
25.6315,terug,0,MM1 !M 0 0
25.6315,terug,0,MM0 +
25.6315,terug,0,MM1 +
25.6315,terug,0,"#149,YAW,-2.62,GYRO,-13,47,-5,ACC,5,2,258,ADC,1213,384,6,2,"
25.6315,terug,0,MM0 ?AI
25.6315,terug,0,MM1 ?AI
25.6315,terug,0,MM0 AI=0:0:2456:2451:0:0
25.6315,terug,0,MM1 AI=0:0:2364:2364:0:0
25.6813,terug,0,"#150,YAW,-2.62,GYRO,-12,47,-6,ACC,2,1,258,ADC,1202,384,7,2,"
25.6814,terug,0,MM0 ?C
25.6814,terug,0,MM1 ?C
25.6814,terug,0,MM1 C=-944:-1087
25.6814,terug,0,MM0 C=-959:-978
25.6815,terug,0,MM0 !M 0 0
25.6815,terug,0,MM1 !M 0 0
25.6815,terug,0,MM0 +
25.6815,terug,0,MM1 +
25.6815,terug,0,"#151,YAW,-2.62,GYRO,-11,48,-6,ACC,2,-2,257,ADC,1253,382,5,2,"
25.6815,terug,0,MM0 ?D
25.6815,terug,0,MM1 ?D
25.6815,terug,0,MM0 D=34
25.6815,terug,0,MM1 D=3
25.7339,terug,0,"#152,YAW,-2.62,GYRO,-13,46,-5,ACC,4,-1,258,ADC,1242,491,5,3,"
25.7340,terug,0,MM0 ?FF
25.7340,terug,0,MM1 ?FF
25.7340,terug,0,MM0 FF=0
25.7340,terug,0,MM1 FF=0
25.7340,terug,0,"#153,YAW,-2.62,GYRO,-14,47,-5,ACC,3,0,258,ADC,1260,391,6,2,"
25.7340,terug,0,MM0 ?P
25.7340,terug,0,MM1 ?P
25.7340,terug,0,MM0 P=0:0
25.7340,terug,0,MM1 P=0:0
25.7340,terug,0,MM1 !M 0 0
25.7340,terug,0,MM0 !M 0 0
25.7340,terug,0,MM1 +
25.7341,terug,0,MM0 +
25.7341,terug,0,"#154,YAW,-2.62,GYRO,-14,48,-5,ACC,2,1,258,ADC,1254,501,3,1,"
25.7341,terug,0,MM0 ?S
25.7341,terug,0,MM1 ?S
25.7341,terug,0,MM0 S=0:0
25.7341,terug,0,MM1 S=0:0
25.7827,terug,0,"#155,YAW,-2.62,GYRO,-14,46,-5,ACC,3,1,257,ADC,1249,383,5,2,"
25.7828,terug,0,MM0 ?T
25.7828,terug,0,MM1 ?T
25.7828,terug,0,MM0 T=35:35
25.7828,terug,0,MM1 T=36:34
25.7828,terug,0,MM1 !M 0 0
25.7828,terug,0,MM0 !M 0 0
25.7828,terug,0,MM1 +
25.7828,terug,0,MM0 +
25.7828,terug,0,"#156,YAW,-2.62,GYRO,-13,48,-5,ACC,2,2,260,ADC,1295,502,7,1,"
25.7828,terug,0,MM0 ?V
25.7828,terug,0,MM1 ?V
25.7828,terug,0,MM0 V=120:223:4906
25.7828,terug,0,MM1 V=120:222:4900
25.7828,terug,0,"$GPRMC,135809.4,A,5050.50775,N,00419.37379,E,000.38,208.3,081026,000.4,E*54"
25.8333,terug,0,"#157,YAW,-2.62,GYRO,-12,47,-6,ACC,3,2,254,ADC,1263,386,5,1,"
25.8333,terug,0,MM0 ?CR
25.8333,terug,0,MM1 ?CR
25.8333,terug,0,MM0 CR=0:0
25.8333,terug,0,MM1 CR=0:0
25.8333,terug,0,"#158,YAW,-2.62,GYRO,-13,48,-6,ACC,3,1,257,ADC,1234,384,5,2,"
25.8333,terug,0,MM0 ?A
25.8334,terug,0,MM1 ?A
25.8334,terug,0,MM0 A=0:0
25.8334,terug,0,MM1 A=0:0
25.8334,terug,0,MM0 !M 0 0
25.8334,terug,0,MM1 !M 0 0
25.8334,terug,0,MM0 +
25.8334,terug,0,MM1 +
25.8334,terug,0,"#159,YAW,-2.62,GYRO,-15,48,-5,ACC,5,1,253,ADC,1237,382,4,2,"
25.8334,terug,0,MM0 ?AI
25.8334,terug,0,MM1 ?AI
25.8334,terug,0,MM0 AI=0:0:2459:2456:0:0
25.8334,terug,0,MM1 AI=0:0:2385:2380:0:0
25.8841,terug,0,"#160,YAW,-2.62,GYRO,-15,46,-4,ACC,8,0,258,ADC,1240,388,7,2,"
25.8841,terug,0,MM0 ?C
25.8841,terug,0,MM1 ?C
25.8841,terug,0,MM1 C=-944:-1087
25.8842,terug,0,MM0 C=-959:-978
25.8842,terug,0,MM1 !M 0 0
25.8842,terug,0,MM0 !M 0 0
25.8842,terug,0,MM1 +
25.8842,terug,0,MM0 +
25.8843,terug,0,"#161,YAW,-2.62,GYRO,-12,45,-4,ACC,6,3,261,ADC,1228,385,5,2,"
25.8843,terug,0,MM0 ?D
25.8843,terug,0,MM1 ?D
25.8843,terug,0,MM0 D=34
25.8843,terug,0,MM1 D=3
25.9343,terug,0,"#162,YAW,-2.62,GYRO,-16,47,-5,ACC,2,0,257,ADC,1253,405,5,1,"
25.9343,terug,0,MM1 ?FF
25.9343,terug,0,MM0 ?FF
25.9343,terug,0,MM1 FF=0
25.9343,terug,0,MM0 FF=0
25.9344,terug,0,"#163,YAW,-2.62,GYRO,-12,47,-6,ACC,4,2,258,ADC,1245,499,5,1,"
25.9344,terug,0,MM0 ?P
25.9344,terug,0,MM1 ?P
25.9344,terug,0,MM0 P=0:0
25.9344,terug,0,MM1 P=0:0
25.9344,terug,0,MM0 !M 0 0
25.9344,terug,0,MM1 !M 0 0
25.9344,terug,0,MM0 +
25.9344,terug,0,MM1 +
25.9344,terug,0,"#164,YAW,-2.62,GYRO,-13,46,-5,ACC,4,0,255,ADC,1246,384,5,1,"
25.9344,terug,0,MM0 ?S
25.9344,terug,0,MM1 ?S
25.9344,terug,0,MM0 S=0:0
25.9344,terug,0,MM1 S=0:0
25.9844,terug,0,"#165,YAW,-2.62,GYRO,-13,46,-6,ACC,2,2,256,ADC,1256,501,5,2,"
25.9844,terug,0,MM0 ?T
25.9845,terug,0,MM1 ?T
25.9845,terug,0,MM0 T=35:35
25.9845,terug,0,MM1 T=36:34
25.9845,terug,0,MM0 !M 0 0
25.9845,terug,0,MM1 !M 0 0
25.9845,terug,0,MM0 +
25.9845,terug,0,MM1 +
25.9845,terug,0,"#166,YAW,-2.62,GYRO,-13,48,-5,ACC,0,1,259,ADC,1282,436,5,2,"
25.9845,terug,0,MM0 ?V
25.9845,terug,0,MM1 ?V
25.9845,terug,0,MM0 V=120:223:4905
25.9845,terug,0,MM1 V=120:221:4900
25.9845,terug,0,"$GPRMC,135809.6,A,5050.50774,N,00419.37377,E,000.37,208.3,081026,000.4,E*56"
25.9845,terug,0,"#167,YAW,-2.62,GYRO,-15,46,-7,ACC,2,0,259,ADC,1271,496,6,1,"
26.0371,terug,0,MM1 ?CR
26.0371,terug,0,MM0 ?CR
26.0371,terug,0,MM1 CR=0:0
26.0371,terug,0,MM0 CR=0:0
26.0371,terug,0,"#168,YAW,-2.62,GYRO,-13,47,-6,ACC,6,1,258,ADC,1239,384,4,2,"
26.0372,terug,0,MM0 ?A
26.0372,terug,0,MM1 ?A
26.0372,terug,0,MM0 A=0:0
26.0372,terug,0,MM1 A=0:0
26.0372,terug,0,MM0 !M 0 0
26.0372,terug,0,MM1 !M 0 0
26.0372,terug,0,MM0 +
26.0372,terug,0,MM1 +
26.0372,terug,0,"#169,YAW,-2.62,GYRO,-12,47,-4,ACC,2,-1,255,ADC,1217,382,5,2,"
26.0372,terug,0,MM1 ?AI
26.0372,terug,0,MM0 ?AI
26.0372,terug,0,MM1 AI=0:0:2360:2384:0:0
26.0372,terug,0,MM0 AI=0:0:2458:2452:0:0
26.0856,terug,0,"#170,YAW,-2.62,GYRO,-14,47,-7,ACC,3,2,258,ADC,1216,393,6,2,"
26.0857,terug,0,MM0 ?C
26.0857,terug,0,MM1 ?C
26.0857,terug,0,MM1 C=-944:-1087
26.0857,terug,0,MM0 C=-959:-978
26.0858,terug,0,MM0 !M 0 0
26.0858,terug,0,MM1 !M 0 0
26.0858,terug,0,MM0 +
26.0858,terug,0,MM1 +
26.0858,terug,0,"#171,YAW,-2.62,GYRO,-13,46,-6,ACC,2,2,261,ADC,1271,324,5,2,"
26.0858,terug,0,MM0 ?D
26.0858,terug,0,MM1 ?D
26.0859,terug,0,MM0 D=34
26.0859,terug,0,MM1 D=3
26.0859,terug,0,"#172,YAW,-2.62,GYRO,-14,46,-6,ACC,2,1,262,ADC,1229,380,7,2,"
26.1374,terug,0,MM1 ?FF
26.1374,terug,0,MM0 ?FF
26.1374,terug,0,MM1 FF=0
26.1374,terug,0,MM0 FF=0
26.1374,terug,0,"#173,YAW,-2.62,GYRO,-13,47,-6,ACC,1,1,254,ADC,1242,498,5,2,"
26.1374,terug,0,MM1 ?P
26.1374,terug,0,MM0 ?P
26.1374,terug,0,MM1 P=0:0
26.1374,terug,0,MM0 P=0:0
26.1374,terug,0,MM1 !M 0 0
26.1374,terug,0,MM0 !M 0 0
26.1375,terug,0,MM1 +
26.1375,terug,0,MM0 +
26.1375,terug,0,"#174,YAW,-2.62,GYRO,-14,46,-4,ACC,5,0,260,ADC,1231,381,6,2,"
26.1375,terug,0,MM1 ?S
26.1375,terug,0,MM0 ?S
26.1375,terug,0,MM1 S=0:0
26.1375,terug,0,MM0 S=0:0
26.1854,terug,0,"#175,YAW,-2.62,GYRO,-13,47,-5,ACC,3,0,260,ADC,1222,388,5,2,"
26.1854,terug,0,MM1 ?T
26.1854,terug,0,MM0 ?T
26.1854,terug,0,MM1 T=36:34
26.1854,terug,0,MM0 T=35:35
26.1854,terug,0,MM0 !M 0 0
26.1854,terug,0,MM1 !M 0 0
26.1855,terug,0,MM0 +
26.1855,terug,0,MM1 +
26.1855,terug,0,"#176,YAW,-2.62,GYRO,-13,46,-6,ACC,3,0,255,ADC,1254,380,4,2,"
26.1855,terug,0,MM1 ?V
26.1855,terug,0,MM0 ?V
26.1855,terug,0,MM1 V=120:223:4901
26.1855,terug,0,MM0 V=120:223:4906
26.1855,terug,0,"$GPRMC,135809.8,A,5050.50773,N,00419.37374,E,000.34,208.3,081026,000.4,E*5F"
26.1855,terug,0,"#177,YAW,-2.62,GYRO,-13,47,-4,ACC,4,0,254,ADC,1232,383,5,2,"
26.1855,terug,0,MM0 ?CR
26.2363,terug,0,MM1 ?CR
26.2363,terug,0,MM0 CR=0:0
26.2363,terug,0,MM1 CR=0:0
26.2363,terug,0,"#178,YAW,-2.62,GYRO,-13,47,-6,ACC,3,3,259,ADC,1249,384,4,2,"
26.2363,terug,0,MM1 ?A
26.2363,terug,0,MM0 ?A
26.2363,terug,0,MM1 A=0:0
26.2363,terug,0,MM0 A=0:0
26.2363,terug,0,MM0 !M 0 0
26.2363,terug,0,MM1 !M 0 0
26.2363,terug,0,MM0 +
26.2363,terug,0,MM1 +
26.2363,terug,0,"#179,YAW,-2.62,GYRO,-14,47,-5,ACC,4,0,264,ADC,1253,498,6,2,"
26.2363,terug,0,MM0 ?AI
26.2363,terug,0,MM1 ?AI
26.2363,terug,0,MM0 AI=0:0:2445:2459:0:0
26.2363,terug,0,MM1 AI=0:0:2365:2377:0:0
26.2874,terug,0,"#180,YAW,-2.62,GYRO,-14,48,-4,ACC,3,3,256,ADC,1234,382,4,2,"
26.2874,terug,0,MM1 ?C
26.2874,terug,0,MM0 ?C
26.2874,terug,0,MM1 C=-944:-1087
26.2874,terug,0,MM0 C=-959:-978
26.2875,terug,0,MM0 !M 0 0
26.2875,terug,0,MM1 !M 0 0
26.2875,terug,0,MM0 +
26.2875,terug,0,MM1 +
26.2875,terug,0,"#181,YAW,-2.62,GYRO,-15,46,-5,ACC,3,2,260,ADC,1256,382,6,2,"
26.2875,terug,0,MM0 ?D
26.2875,terug,0,MM1 ?D
26.2875,terug,0,MM0 D=34
26.2876,terug,0,MM1 D=3
26.2876,terug,0,"#182,YAW,-2.62,GYRO,-13,47,-7,ACC,4,2,259,ADC,1255,399,6,1,"
26.2876,terug,0,MM0 ?FF
26.2876,terug,0,MM1 ?FF
26.2876,terug,0,MM0 FF=0
26.2898,terug,0,STOP terug -4.9988
26.3373,uitbollen,0,MM1 FF=0
26.3373,uitbollen,0,"#183,YAW,-2.62,GYRO,-15,49,-5,ACC,-1,2,259,ADC,1241,385,6,2,"
26.3374,uitbollen,0,MM1 ?P
26.3374,uitbollen,0,MM0 ?P
26.3374,uitbollen,0,MM1 P=0:0
26.3374,uitbollen,0,MM0 P=0:0
26.3374,uitbollen,0,MM0 !M 0 0
26.3374,uitbollen,0,MM1 !M 0 0
26.3374,uitbollen,0,MM0 +
26.3374,uitbollen,0,MM1 +
26.3374,uitbollen,0,"#184,YAW,-2.62,GYRO,-14,46,-6,ACC,3,1,253,ADC,1256,501,5,2,"
26.3374,uitbollen,0,MM1 ?S
26.3374,uitbollen,0,MM0 ?S
26.3374,uitbollen,0,MM1 S=0:0
26.3374,uitbollen,0,MM0 S=0:0
26.3581,uitbollen,0,"#185,YAW,-2.62,GYRO,-13,49,-6,ACC,3,1,259,ADC,1221,395,4,1,"
26.3582,uitbollen,0,MM1 ?T
26.3582,uitbollen,0,MM0 ?T
26.3582,uitbollen,0,MM1 T=37:34
26.3582,uitbollen,0,MM0 T=35:35
26.3848,uitbollen,0,"#186,YAW,-2.62,GYRO,-14,47,-5,ACC,5,-1,261,ADC,1228,382,7,2,"
26.3848,uitbollen,0,MM0 ?V
26.3848,uitbollen,0,MM1 ?V
26.3848,uitbollen,0,MM0 V=120:223:4905
26.3848,uitbollen,0,MM1 V=120:222:4898
26.3848,uitbollen,0,"$GPRMC,135810.0,A,5050.50772,N,00419.37372,E,000.33,208.3,081026,000.4,E*5F"
26.4003,uitbollen,0,"#187,YAW,-2.62,GYRO,-14,47,-5,ACC,2,0,259,ADC,1214,382,4,1,"
26.4004,uitbollen,0,MM0 ?CR
26.4004,uitbollen,0,MM1 ?CR
26.4004,uitbollen,0,MM0 CR=0:0
26.4004,uitbollen,0,MM1 CR=0:0
26.4342,uitbollen,0,"#188,YAW,-2.62,GYRO,-13,49,-5,ACC,3,2,257,ADC,1263,386,5,2,"
26.4342,uitbollen,0,MM0 ?A
26.4342,uitbollen,0,MM1 ?A
26.4342,uitbollen,0,MM0 A=0:0
26.4342,uitbollen,0,MM1 A=0:0
26.4342,uitbollen,0,MM0 !M 0 0
26.4342,uitbollen,0,MM1 !M 0 0
26.4342,uitbollen,0,MM0 +
26.4342,uitbollen,0,MM1 +
26.4342,uitbollen,0,"#189,YAW,-2.62,GYRO,-14,46,-5,ACC,3,0,260,ADC,1281,402,4,2,"
26.4342,uitbollen,0,MM0 ?AI
26.4342,uitbollen,0,MM1 ?AI
26.4343,uitbollen,0,MM0 AI=0:0:2439:2460:0:0
26.4343,uitbollen,0,MM1 AI=0:0:2400:2386:0:0
26.4549,uitbollen,0,"#190,YAW,-2.62,GYRO,-14,48,-6,ACC,6,3,255,ADC,1316,501,5,2,"
26.4550,uitbollen,0,MM0 ?C
26.4550,uitbollen,0,MM1 ?C
26.4550,uitbollen,0,MM1 C=-944:-1087
26.4550,uitbollen,0,MM0 C=-959:-978
26.4761,uitbollen,0,"#191,YAW,-2.62,GYRO,-14,46,-6,ACC,3,1,253,ADC,1227,384,3,1,"
26.4761,uitbollen,0,MM0 ?D
26.4761,uitbollen,0,MM1 ?D
26.4761,uitbollen,0,MM0 D=42
26.4761,uitbollen,0,MM1 D=3
26.4971,uitbollen,0,"#192,YAW,-2.62,GYRO,-14,47,-6,ACC,4,4,257,ADC,1248,502,4,2,"
26.4971,uitbollen,0,MM1 ?FF
26.4972,uitbollen,0,MM0 ?FF
26.4972,uitbollen,0,MM1 FF=0
26.4972,uitbollen,0,MM0 FF=0
26.5312,uitbollen,0,"#193,YAW,-2.62,GYRO,-12,46,-5,ACC,6,1,258,ADC,1274,382,7,2,"
26.5312,uitbollen,0,MM0 ?P
26.5312,uitbollen,0,MM1 ?P
26.5312,uitbollen,0,MM0 P=0:0
26.5312,uitbollen,0,MM1 P=0:0
26.5312,uitbollen,0,MM0 !M 0 0
26.5312,uitbollen,0,MM1 !M 0 0
26.5313,uitbollen,0,MM0 +
26.5313,uitbollen,0,MM1 +
26.5313,uitbollen,0,"#194,YAW,-2.62,GYRO,-12,45,-5,ACC,3,0,257,ADC,1277,502,6,2,"
26.5313,uitbollen,0,MM0 ?S
26.5313,uitbollen,0,MM1 ?S
26.5313,uitbollen,0,MM0 S=0:0
26.5313,uitbollen,0,MM1 S=0:0
26.5521,uitbollen,0,"#195,YAW,-2.62,GYRO,-16,48,-5,ACC,4,1,254,ADC,1238,384,5,2,"
26.5521,uitbollen,0,MM0 ?T
26.5521,uitbollen,0,MM1 ?T
26.5521,uitbollen,0,MM0 T=35:35
26.5521,uitbollen,0,MM1 T=36:34
26.5733,uitbollen,0,"#196,YAW,-2.62,GYRO,-14,48,-6,ACC,5,1,258,ADC,1273,382,5,2,"
26.5734,uitbollen,0,MM0 ?V
26.5734,uitbollen,0,MM1 ?V
26.5734,uitbollen,0,"$GPRMC,135810.2,A,5050.50771,N,00419.37369,E,000.33,208.3,081026,000.4,E*54"
26.5930,uitbollen,0,MM0 V=120:223:4905
26.5931,uitbollen,0,MM1 V=120:223:4899
26.5931,uitbollen,0,"#197,YAW,-2.62,GYRO,-13,47,-6,ACC,4,0,260,ADC,1276,383,5,2,"
26.5931,uitbollen,0,MM1 ?CR
26.5931,uitbollen,0,MM0 ?CR
26.5931,uitbollen,0,MM1 CR=0:0
26.5931,uitbollen,0,MM0 CR=0:0
26.6270,uitbollen,0,MM1 !M 0 0
26.6271,uitbollen,0,MM0 !M 0 0
26.6271,uitbollen,0,"#198,YAW,-2.62,GYRO,-13,47,-5,ACC,3,0,258,ADC,1264,331,5,2,"
26.6271,uitbollen,0,MM0 +
26.6271,uitbollen,0,MM1 +
26.6271,uitbollen,0,MM0 ?A
26.6271,uitbollen,0,MM1 ?A
26.6271,uitbollen,0,MM0 A=0:0
26.6271,uitbollen,0,MM1 A=0:0
26.6271,uitbollen,0,"#199,YAW,-2.62,GYRO,-14,46,-5,ACC,4,0,257,ADC,1257,384,3,1,"
26.6271,uitbollen,0,MM1 ?AI
26.6271,uitbollen,0,MM0 ?AI
26.6486,uitbollen,0,MM1 AI=0:0:2397:2387:0:0
26.6487,uitbollen,0,MM0 AI=0:0:2445:2463:0:0
26.6487,uitbollen,0,"#200,YAW,-2.62,GYRO,-12,49,-5,ACC,3,0,262,ADC,1244,384,6,1,"
26.6487,uitbollen,0,MM1 ?C
26.6487,uitbollen,0,MM0 ?C
26.6487,uitbollen,0,MM1 C=-944:-1087
26.6691,uitbollen,0,MM0 C=-959:-978
26.6692,uitbollen,0,"#201,YAW,-2.62,GYRO,-13,50,-4,ACC,5,0,262,ADC,1247,501,6,1,"
26.6693,uitbollen,0,MM1 ?D
26.6693,uitbollen,0,MM0 ?D
26.6693,uitbollen,0,MM0 D=34
26.6693,uitbollen,0,MM1 D=3
26.6917,uitbollen,0,"#202,YAW,-2.62,GYRO,-14,48,-6,ACC,2,0,257,ADC,1236,383,5,2,"
26.6917,uitbollen,0,MM1 ?FF
26.6917,uitbollen,0,MM0 ?FF
26.6917,uitbollen,0,MM1 FF=0
26.6917,uitbollen,0,MM0 FF=0
26.7253,uitbollen,0,MM0 !M 0 0
26.7253,uitbollen,0,MM1 !M 0 0
26.7254,uitbollen,0,MM0 +
26.7254,uitbollen,0,MM1 +
26.7254,uitbollen,0,"#203,YAW,-2.62,GYRO,-14,46,-5,ACC,5,1,259,ADC,1261,375,6,2,"
26.7254,uitbollen,0,MM1 ?P
26.7254,uitbollen,0,MM0 ?P
26.7254,uitbollen,0,MM1 P=0:0
26.7255,uitbollen,0,MM0 P=0:0
26.7255,uitbollen,0,"#204,YAW,-2.62,GYRO,-12,47,-6,ACC,5,0,260,ADC,1255,500,5,2,"
26.7255,uitbollen,0,MM0 ?S
26.7463,uitbollen,0,MM1 ?S
26.7463,uitbollen,0,MM0 S=0:0
26.7463,uitbollen,0,MM1 S=0:0
26.7463,uitbollen,0,"#205,YAW,-2.62,GYRO,-12,46,-4,ACC,5,1,256,ADC,1241,390,5,1,"
26.7464,uitbollen,0,MM0 ?T
26.7464,uitbollen,0,MM1 ?T
26.7673,uitbollen,0,MM0 T=35:35
26.7673,uitbollen,0,MM1 T=36:34
26.7673,uitbollen,0,"#206,YAW,-2.62,GYRO,-14,46,-8,ACC,4,1,257,ADC,1265,384,7,1,"
26.7674,uitbollen,0,MM0 ?V
26.7674,uitbollen,0,MM1 ?V
26.7951,uitbollen,0,"$GPRMC,135810.4,A,5050.50770,N,00419.37367,E,000.33,208.3,081026,000.4,E*5D"
26.7951,uitbollen,0,MM0 V=120:223:4906
26.7951,uitbollen,0,MM1 V=120:222:4899
26.7951,uitbollen,0,"#207,YAW,-2.62,GYRO,-14,48,-6,ACC,3,2,259,ADC,1222,386,4,1,"
26.7951,uitbollen,0,MM0 ?CR
26.7951,uitbollen,0,MM1 ?CR
26.7951,uitbollen,0,MM0 CR=0:0
26.7951,uitbollen,0,MM1 CR=0:0
26.8294,uitbollen,0,"#208,YAW,-2.62,GYRO,-14,47,-5,ACC,6,1,257,ADC,1261,387,5,1,"
26.8294,uitbollen,0,MM0 ?A
26.8294,uitbollen,0,MM1 ?A
26.8294,uitbollen,0,MM0 A=0:0
26.8294,uitbollen,0,MM1 A=0:0
26.8294,uitbollen,0,MM0 !M 0 0
26.8294,uitbollen,0,MM1 !M 0 0
26.8294,uitbollen,0,MM0 +
26.8294,uitbollen,0,MM1 +
26.8294,uitbollen,0,"#209,YAW,-2.62,GYRO,-14,46,-6,ACC,4,4,256,ADC,1242,404,5,2,"
26.8294,uitbollen,0,MM0 ?AI
26.8294,uitbollen,0,MM1 ?AI
26.8294,uitbollen,0,MM0 AI=0:0:2446:2467:0:0
26.8501,uitbollen,0,MM1 AI=0:0:2389:2382:0:0
26.8502,uitbollen,0,"#210,YAW,-2.62,GYRO,-14,47,-4,ACC,4,3,257,ADC,1275,502,4,2,"
26.8502,uitbollen,0,MM0 ?C
26.8502,uitbollen,0,MM1 ?C
26.8502,uitbollen,0,MM1 C=-944:-1087
26.8502,uitbollen,0,MM0 C=-959:-978
26.8711,uitbollen,0,"#211,YAW,-2.62,GYRO,-14,49,-4,ACC,7,-4,258,ADC,1272,500,6,1,"
26.8711,uitbollen,0,MM0 ?D
26.8711,uitbollen,0,MM1 ?D
26.8711,uitbollen,0,MM0 D=34
26.8711,uitbollen,0,MM1 D=3
26.8965,uitbollen,0,"#212,YAW,-2.62,GYRO,-14,46,-5,ACC,5,1,259,ADC,1288,503,5,2,"
26.8966,uitbollen,0,MM0 ?FF
26.8966,uitbollen,0,MM1 ?FF
26.8966,uitbollen,0,MM0 FF=0
26.8966,uitbollen,0,MM1 FF=0
26.9302,uitbollen,0,"#213,YAW,-2.62,GYRO,-14,46,-4,ACC,2,1,256,ADC,1289,388,4,2,"
26.9302,uitbollen,0,MM0 ?P
26.9302,uitbollen,0,MM1 ?P
26.9302,uitbollen,0,MM0 P=0:0
26.9302,uitbollen,0,MM1 P=0:0
26.9302,uitbollen,0,MM1 !M 0 0
26.9302,uitbollen,0,MM0 !M 0 0
26.9303,uitbollen,0,MM1 +
26.9303,uitbollen,0,MM0 +
26.9303,uitbollen,0,"#214,YAW,-2.62,GYRO,-13,48,-5,ACC,3,1,259,ADC,1240,500,5,1,"
26.9303,uitbollen,0,MM0 ?S
26.9303,uitbollen,0,MM1 ?S
26.9303,uitbollen,0,MM0 S=0:0
26.9303,uitbollen,0,MM1 S=0:0
26.9511,uitbollen,0,"#215,YAW,-2.62,GYRO,-13,48,-5,ACC,4,2,259,ADC,1278,388,6,2,"
26.9512,uitbollen,0,MM0 ?T
26.9512,uitbollen,0,MM1 ?T
26.9512,uitbollen,0,MM0 T=35:35
26.9512,uitbollen,0,MM1 T=36:34
26.9724,uitbollen,0,"#216,YAW,-2.62,GYRO,-14,46,-5,ACC,1,0,258,ADC,1240,500,4,2,"
26.9725,uitbollen,0,MM0 ?V
26.9725,uitbollen,0,MM1 ?V
26.9725,uitbollen,0,"$GPRMC,135810.6,A,5050.50769,N,00419.37364,E,000.34,208.3,081026,000.4,E*53"
26.9989,uitbollen,0,MM0 V=120:223:4905
26.9989,uitbollen,0,MM1 V=120:221:4899
26.9989,uitbollen,0,"#217,YAW,-2.62,GYRO,-13,46,-5,ACC,3,0,257,ADC,1275,502,5,2,"
26.9989,uitbollen,0,MM0 ?CR
26.9989,uitbollen,0,MM1 ?CR
26.9989,uitbollen,0,MM0 CR=0:0
26.9989,uitbollen,0,MM1 CR=0:0
27.0331,uitbollen,0,"#218,YAW,-2.62,GYRO,-14,48,-5,ACC,2,1,260,ADC,1285,502,6,2,"
27.0331,uitbollen,0,MM0 ?A
27.0331,uitbollen,0,MM1 ?A
27.0331,uitbollen,0,MM0 A=0:0
27.0331,uitbollen,0,MM1 A=0:0
27.0331,uitbollen,0,MM0 !M 0 0
27.0331,uitbollen,0,MM1 !M 0 0
27.0332,uitbollen,0,MM0 +
27.0332,uitbollen,0,MM1 +
27.0332,uitbollen,0,"#219,YAW,-2.62,GYRO,-14,48,-5,ACC,3,0,261,ADC,1232,382,4,2,"
27.0332,uitbollen,0,MM0 ?AI
27.0332,uitbollen,0,MM1 ?AI
27.0332,uitbollen,0,MM0 AI=0:0:2457:2465:0:0
27.0332,uitbollen,0,MM1 AI=0:0:2378:2385:0:0
27.0542,uitbollen,0,"#220,YAW,-2.62,GYRO,-14,46,-6,ACC,3,2,257,ADC,1230,389,4,2,"
27.0543,uitbollen,0,MM0 ?C
27.0543,uitbollen,0,MM1 ?C
27.0543,uitbollen,0,MM1 C=-944:-1087
27.0543,uitbollen,0,MM0 C=-959:-978
27.0750,uitbollen,0,"#221,YAW,-2.62,GYRO,-13,48,-5,ACC,5,0,255,ADC,1255,396,4,1,"
27.0751,uitbollen,0,MM0 ?D
27.0751,uitbollen,0,MM1 ?D
27.0751,uitbollen,0,MM0 D=34
27.0751,uitbollen,0,MM1 D=3
27.1011,uitbollen,0,"#222,YAW,-2.62,GYRO,-14,47,-5,ACC,6,1,260,ADC,1254,385,3,1,"
27.1012,uitbollen,0,MM0 ?FF
27.1012,uitbollen,0,MM1 ?FF
27.1012,uitbollen,0,MM0 FF=0
27.1012,uitbollen,0,MM1 FF=0
27.1353,uitbollen,0,"#223,YAW,-2.62,GYRO,-13,49,-4,ACC,6,0,261,ADC,1262,392,5,2,"
27.1354,uitbollen,0,MM0 ?P
27.1354,uitbollen,0,MM1 ?P
27.1354,uitbollen,0,MM0 P=0:0
27.1354,uitbollen,0,MM1 P=0:0
27.1354,uitbollen,0,MM0 !M 0 0
27.1354,uitbollen,0,MM1 !M 0 0
27.1354,uitbollen,0,MM0 +
27.1354,uitbollen,0,MM1 +
27.1354,uitbollen,0,"#224,YAW,-2.62,GYRO,-12,47,-6,ACC,5,1,255,ADC,1243,392,5,2,"
27.1354,uitbollen,0,MM0 ?S
27.1354,uitbollen,0,MM1 ?S
27.1354,uitbollen,0,MM0 S=0:0
27.1354,uitbollen,0,MM1 S=0:0
27.1561,uitbollen,0,"#225,YAW,-2.62,GYRO,-14,47,-5,ACC,5,2,255,ADC,1272,501,5,2,"
27.1562,uitbollen,0,MM0 ?T
27.1562,uitbollen,0,MM1 ?T
27.1562,uitbollen,0,MM0 T=35:35
27.1562,uitbollen,0,MM1 T=36:34
27.1775,uitbollen,0,"#226,YAW,-2.62,GYRO,-14,48,-4,ACC,6,1,257,ADC,1239,383,7,2,"
27.1775,uitbollen,0,MM0 ?V
27.1775,uitbollen,0,MM1 ?V
27.1775,uitbollen,0,MM0 V=120:222:4905
27.1775,uitbollen,0,MM1 V=120:222:4899
27.1775,uitbollen,0,"$GPRMC,135810.8,A,5050.50768,N,00419.37362,E,000.34,208.3,081026,000.4,E*5A"
27.2042,uitbollen,0,"#227,YAW,-2.62,GYRO,-14,46,-6,ACC,2,1,255,ADC,1221,380,4,1,"
27.2043,uitbollen,0,MM0 ?CR
27.2043,uitbollen,0,MM1 ?CR
27.2043,uitbollen,0,MM0 CR=0:0
27.2043,uitbollen,0,MM1 CR=0:0
27.2381,uitbollen,0,"#228,YAW,-2.62,GYRO,-13,48,-4,ACC,4,2,258,ADC,1266,499,6,2,"
27.2382,uitbollen,0,MM0 ?A
27.2382,uitbollen,0,MM1 ?A
27.2382,uitbollen,0,MM0 A=0:0
27.2382,uitbollen,0,MM1 A=0:0
27.2382,uitbollen,0,MM0 !M 0 0
27.2382,uitbollen,0,MM1 !M 0 0
27.2382,uitbollen,0,MM0 +
27.2382,uitbollen,0,MM1 +
27.2382,uitbollen,0,"#229,YAW,-2.62,GYRO,-14,49,-5,ACC,3,1,255,ADC,1217,390,4,1,"
27.2382,uitbollen,0,MM0 ?AI
27.2382,uitbollen,0,MM1 ?AI
27.2382,uitbollen,0,MM0 AI=0:0:2444:2468:0:0
27.2382,uitbollen,0,MM1 AI=0:0:2392:2379:0:0
27.2592,uitbollen,0,"#230,YAW,-2.62,GYRO,-13,47,-4,ACC,5,0,263,ADC,1224,388,7,2,"
27.2592,uitbollen,0,MM0 ?C
27.2592,uitbollen,0,MM1 ?C
27.2592,uitbollen,0,MM1 C=-944:-1087
27.2593,uitbollen,0,MM0 C=-959:-978
27.2807,uitbollen,0,"#231,YAW,-2.62,GYRO,-14,47,-5,ACC,-1,0,256,ADC,1212,388,4,1,"
27.2808,uitbollen,0,MM0 ?D
27.2808,uitbollen,0,MM1 ?D
27.2808,uitbollen,0,MM0 D=34
27.2808,uitbollen,0,MM1 D=3
27.3061,uitbollen,0,"#232,YAW,-2.62,GYRO,-13,48,-5,ACC,1,0,258,ADC,1264,386,5,2,"
27.3061,uitbollen,0,MM0 ?FF
27.3061,uitbollen,0,MM1 ?FF
27.3061,uitbollen,0,MM0 FF=0
27.3061,uitbollen,0,MM1 FF=0
27.3404,uitbollen,0,"#233,YAW,-2.62,GYRO,-14,46,-6,ACC,4,-1,258,ADC,1287,503,5,2,"
27.3404,uitbollen,0,MM0 ?P
27.3404,uitbollen,0,MM1 ?P
27.3404,uitbollen,0,MM0 P=0:0
27.3404,uitbollen,0,MM1 P=0:0
27.3404,uitbollen,0,MM0 !M 0 0
27.3404,uitbollen,0,MM1 !M 0 0
27.3404,uitbollen,0,MM0 +
27.3404,uitbollen,0,MM1 +
27.3404,uitbollen,0,"#234,YAW,-2.62,GYRO,-14,47,-5,ACC,4,1,256,ADC,1214,381,6,1,"
27.3405,uitbollen,0,MM0 ?S
27.3405,uitbollen,0,MM1 ?S
27.3405,uitbollen,0,MM0 S=0:0
27.3405,uitbollen,0,MM1 S=0:0
27.3619,uitbollen,0,"#235,YAW,-2.62,GYRO,-15,47,-3,ACC,2,0,254,ADC,1215,393,4,2,"
27.3619,uitbollen,0,MM0 ?T
27.3620,uitbollen,0,MM1 ?T
27.3620,uitbollen,0,MM0 T=35:35
27.3620,uitbollen,0,MM1 T=36:34
27.3824,uitbollen,0,"#236,YAW,-2.62,GYRO,-13,49,-5,ACC,4,0,259,ADC,1246,497,5,2,"
27.3824,uitbollen,0,MM0 ?V
27.3824,uitbollen,0,MM1 ?V
27.3824,uitbollen,0,MM0 V=120:223:4905
27.3824,uitbollen,0,MM1 V=120:223:4899
27.3825,uitbollen,0,"$GPRMC,135811.0,A,5050.50768,N,00419.37359,E,000.35,208.3,081026,000.4,E*5A"
27.4091,uitbollen,0,"#237,YAW,-2.62,GYRO,-15,49,-5,ACC,5,0,259,ADC,1265,391,6,2,"
27.4091,uitbollen,0,MM0 ?CR
27.4091,uitbollen,0,MM1 ?CR
27.4091,uitbollen,0,MM0 CR=0:0
27.4091,uitbollen,0,MM1 CR=0:0
27.4433,uitbollen,0,"#238,YAW,-2.62,GYRO,-13,47,-5,ACC,2,1,256,ADC,1287,388,6,2,"
27.4434,uitbollen,0,MM0 ?A
27.4434,uitbollen,0,MM1 ?A
27.4434,uitbollen,0,MM0 A=0:0
27.4435,uitbollen,0,MM1 A=0:0
27.4435,uitbollen,0,MM0 !M 0 0
27.4435,uitbollen,0,MM1 !M 0 0
27.4435,uitbollen,0,MM0 +
27.4435,uitbollen,0,MM1 +
27.4435,uitbollen,0,"#239,YAW,-2.62,GYRO,-14,49,-6,ACC,2,1,255,ADC,1221,381,5,2,"
27.4435,uitbollen,0,MM0 ?AI
27.4435,uitbollen,0,MM1 ?AI
27.4435,uitbollen,0,MM0 AI=0:0:2467:2463:0:0
27.4435,uitbollen,0,MM1 AI=0:0:2374:2382:0:0
27.4642,uitbollen,0,"#240,YAW,-2.62,GYRO,-14,48,-5,ACC,4,0,253,ADC,1251,383,5,2,"
27.4642,uitbollen,0,MM0 ?C
27.4642,uitbollen,0,MM1 ?C
27.4642,uitbollen,0,MM1 C=-944:-1087
27.4643,uitbollen,0,MM0 C=-959:-978
27.4644,uitbollen,0,"#241,YAW,-2.62,GYRO,-13,49,-5,ACC,5,0,258,ADC,1226,386,4,1,"
27.4855,uitbollen,0,MM0 ?D
27.4855,uitbollen,0,MM1 ?D
27.4856,uitbollen,0,MM0 D=34
27.4856,uitbollen,0,MM1 D=3
27.4856,uitbollen,0,"#242,YAW,-2.62,GYRO,-14,48,-5,ACC,3,2,257,ADC,1240,380,5,2,"
27.4856,uitbollen,0,MM0 ?FF
27.5105,uitbollen,0,MM1 ?FF
27.5105,uitbollen,0,MM0 FF=0
27.5105,uitbollen,0,MM1 FF=0
27.5105,uitbollen,0,"#243,YAW,-2.62,GYRO,-15,46,-5,ACC,5,0,260,ADC,1265,391,5,2,"
27.5106,uitbollen,0,MM0 ?P
27.5106,uitbollen,0,MM1 ?P
27.5444,uitbollen,0,MM0 P=0:0
27.5444,uitbollen,0,MM1 P=0:0
27.5444,uitbollen,0,MM1 !M 0 0
27.5444,uitbollen,0,MM0 !M 0 0
27.5444,uitbollen,0,MM1 +
27.5444,uitbollen,0,MM0 +
27.5444,uitbollen,0,"#244,YAW,-2.62,GYRO,-14,48,-7,ACC,7,2,261,ADC,1230,286,5,1,"
27.5445,uitbollen,0,MM1 ?S
27.5445,uitbollen,0,MM0 ?S
27.5445,uitbollen,0,MM0 S=0:0
27.5445,uitbollen,0,MM1 S=0:0
27.5445,uitbollen,0,"#245,YAW,-2.62,GYRO,-14,48,-6,ACC,2,3,258,ADC,1245,501,5,2,"
27.5654,uitbollen,0,MM0 ?T
27.5654,uitbollen,0,MM1 ?T
27.5654,uitbollen,0,MM0 T=35:35
27.5654,uitbollen,0,MM1 T=36:34
27.5654,uitbollen,0,"#246,YAW,-2.62,GYRO,-12,49,-6,ACC,0,1,257,ADC,1279,498,5,2,"
27.5655,uitbollen,0,MM0 ?V
27.5864,uitbollen,0,MM1 ?V
27.5864,uitbollen,0,MM0 V=120:223:4905
27.5864,uitbollen,0,MM1 V=120:223:4898
27.5865,uitbollen,0,"$GPRMC,135811.2,A,5050.50767,N,00419.37356,E,000.35,208.3,081026,000.4,E*58"
27.5865,uitbollen,0,"#247,YAW,-2.62,GYRO,-14,45,-4,ACC,3,2,250,ADC,1233,497,8,2,"
27.5865,uitbollen,0,MM0 ?CR
27.5865,uitbollen,0,MM1 ?CR
27.6139,uitbollen,0,MM0 CR=0:0
27.6139,uitbollen,0,MM1 CR=0:0
27.6139,uitbollen,0,"#248,YAW,-2.62,GYRO,-15,48,-5,ACC,4,3,260,ADC,1233,386,4,2,"
27.6139,uitbollen,0,MM0 ?A
27.6139,uitbollen,0,MM1 ?A
27.6139,uitbollen,0,MM0 A=0:0
27.6481,uitbollen,0,MM1 A=0:0
27.6482,uitbollen,0,"#249,YAW,-2.62,GYRO,-14,46,-6,ACC,4,-1,256,ADC,1223,396,6,2,"
27.6482,uitbollen,0,MM0 !M 0 0
27.6482,uitbollen,0,MM0 +
27.6482,uitbollen,0,MM1 !M 0 0
27.6482,uitbollen,0,MM1 +
27.6482,uitbollen,0,MM0 ?AI
27.6482,uitbollen,0,MM1 ?AI
27.6482,uitbollen,0,MM0 AI=0:0:2452:2459:0:0
27.6482,uitbollen,0,MM1 AI=0:0:2382:2364:0:0
27.6482,uitbollen,0,"#250,YAW,-2.62,GYRO,-13,47,-5,ACC,1,1,261,ADC,1261,382,5,2,"
27.6482,uitbollen,0,MM0 ?C
27.6482,uitbollen,0,MM1 ?C
27.6482,uitbollen,0,MM1 C=-944:-1087
27.6693,uitbollen,0,MM0 C=-959:-978
27.6695,uitbollen,0,"#251,YAW,-2.62,GYRO,-13,46,-7,ACC,3,1,258,ADC,1263,390,5,2,"
27.6695,uitbollen,0,MM0 ?D
27.6695,uitbollen,0,MM1 ?D
27.6695,uitbollen,0,MM0 D=34
27.6695,uitbollen,0,MM1 D=3
27.6901,uitbollen,0,"#252,YAW,-2.62,GYRO,-14,47,-7,ACC,4,1,258,ADC,1287,394,6,2,"
27.6901,uitbollen,0,MM0 ?FF
27.6901,uitbollen,0,MM1 ?FF
27.6901,uitbollen,0,MM0 FF=0
27.6901,uitbollen,0,MM1 FF=0
27.7502,uitbollen,0,"#253,YAW,-2.62,GYRO,-15,48,-6,ACC,3,-2,258,ADC,1241,392,4,2,"
27.7503,uitbollen,0,MM0 ?P
27.7503,uitbollen,0,MM1 ?P
27.7503,uitbollen,0,MM0 P=0:0
27.7503,uitbollen,0,MM1 P=0:0
27.7503,uitbollen,0,"#254,YAW,-2.62,GYRO,-13,49,-5,ACC,6,-1,258,ADC,1264,501,5,2,"
27.7503,uitbollen,0,MM0 ?S
27.7503,uitbollen,0,MM1 ?S
27.7503,uitbollen,0,MM0 S=0:0
27.7503,uitbollen,0,MM1 S=0:0
27.7503,uitbollen,0,MM0 !M 0 0
27.7503,uitbollen,0,MM1 !M 0 0
27.7503,uitbollen,0,MM0 +
27.7503,uitbollen,0,MM1 +
27.7503,uitbollen,0,"#255,YAW,-2.62,GYRO,-14,47,-6,ACC,4,1,254,ADC,1241,391,5,2,"
27.7504,uitbollen,0,MM0 ?T
27.7504,uitbollen,0,MM1 ?T
27.7504,uitbollen,0,MM0 T=35:35
27.7504,uitbollen,0,MM1 T=36:34
27.7714,uitbollen,0,"#0,YAW,-2.62,GYRO,-14,47,-6,ACC,4,0,256,ADC,1240,381,4,1,"
27.7714,uitbollen,0,MM0 ?V
27.7714,uitbollen,0,MM1 ?V
27.7715,uitbollen,0,MM0 V=120:224:4905
27.7715,uitbollen,0,MM1 V=120:222:4900
27.7923,uitbollen,0,"$GPRMC,135811.4,A,5050.50766,N,00419.37353,E,000.35,208.3,081026,000.4,E*5A"
27.7923,uitbollen,0,"#1,YAW,-2.62,GYRO,-13,47,-6,ACC,4,3,257,ADC,1227,500,4,2,"
27.7924,uitbollen,0,MM0 ?CR
27.7924,uitbollen,0,MM1 ?CR
27.7924,uitbollen,0,MM0 CR=0:0
27.7924,uitbollen,0,MM1 CR=0:0
27.8501,uitbollen,0,"#2,YAW,-2.62,GYRO,-13,47,-6,ACC,3,2,258,ADC,1258,385,7,2,"
27.8502,uitbollen,0,MM0 ?A
27.8502,uitbollen,0,MM1 ?A
27.8502,uitbollen,0,MM0 A=0:0
27.8502,uitbollen,0,MM1 A=0:0
27.8502,uitbollen,0,"#3,YAW,-2.62,GYRO,-14,45,-5,ACC,4,0,259,ADC,1271,499,6,2,"
27.8502,uitbollen,0,MM0 ?AI
27.8502,uitbollen,0,MM1 ?AI
27.8502,uitbollen,0,MM1 AI=0:0:2382:2382:0:0
27.8502,uitbollen,0,MM0 AI=0:0:2467:2460:0:0
27.8502,uitbollen,0,MM0 !M 0 0
27.8502,uitbollen,0,MM1 !M 0 0
27.8502,uitbollen,0,MM0 +
27.8502,uitbollen,0,MM1 +
27.8503,uitbollen,0,"#4,YAW,-2.62,GYRO,-12,47,-5,ACC,4,0,257,ADC,1264,502,4,1,"
27.8503,uitbollen,0,MM0 ?C
27.8503,uitbollen,0,MM1 ?C
27.8503,uitbollen,0,MM1 C=-944:-1087
27.8503,uitbollen,0,MM0 C=-959:-978
27.8711,uitbollen,0,"#5,YAW,-2.62,GYRO,-14,46,-6,ACC,4,1,257,ADC,1232,386,6,2,"
27.8712,uitbollen,0,MM0 ?D
27.8712,uitbollen,0,MM1 ?D
27.8712,uitbollen,0,MM0 D=34
27.8712,uitbollen,0,MM1 D=11
27.8921,uitbollen,0,"#6,YAW,-2.62,GYRO,-13,49,-5,ACC,4,1,255,ADC,1226,383,5,2,"
27.8921,uitbollen,0,MM0 ?FF
27.8921,uitbollen,0,MM1 ?FF
27.8922,uitbollen,0,MM0 FF=0
27.8922,uitbollen,0,MM1 FF=0
27.9464,uitbollen,0,"#7,YAW,-2.62,GYRO,-15,47,-6,ACC,4,1,260,ADC,1228,382,7,2,"
27.9464,uitbollen,0,MM0 ?P
27.9464,uitbollen,0,MM1 ?P
27.9464,uitbollen,0,MM0 P=0:0
27.9465,uitbollen,0,MM1 P=0:0
27.9465,uitbollen,0,MM0 !M 0 0
27.9465,uitbollen,0,MM1 !M 0 0
27.9465,uitbollen,0,MM0 +
27.9465,uitbollen,0,MM1 +
27.9465,uitbollen,0,"#8,YAW,-2.62,GYRO,-13,49,-5,ACC,2,1,258,ADC,1235,300,4,1,"
27.9465,uitbollen,0,MM0 ?S
27.9465,uitbollen,0,MM1 ?S
27.9465,uitbollen,0,MM0 S=0:0
27.9465,uitbollen,0,MM1 S=0:0
27.9465,uitbollen,0,"#9,YAW,-2.62,GYRO,-12,48,-6,ACC,3,2,262,ADC,1241,383,4,1,"
27.9465,uitbollen,0,MM0 ?T
27.9465,uitbollen,0,MM1 ?T
27.9672,uitbollen,0,MM0 T=35:35
27.9673,uitbollen,0,MM1 T=36:34
27.9673,uitbollen,0,"#10,YAW,-2.62,GYRO,-13,49,-5,ACC,7,0,256,ADC,1259,387,6,2,"
27.9673,uitbollen,0,MM0 ?V
27.9673,uitbollen,0,MM1 ?V
27.9673,uitbollen,0,MM0 V=120:222:4905
27.9883,uitbollen,0,MM1 V=120:222:4899
27.9883,uitbollen,0,"$GPRMC,135811.6,A,5050.50765,N,00419.37351,E,000.35,208.3,081026,000.4,E*59"
27.9883,uitbollen,0,"#11,YAW,-2.62,GYRO,-13,47,-5,ACC,3,0,255,ADC,1261,391,6,2,"
27.9884,uitbollen,0,MM0 ?CR
27.9884,uitbollen,0,MM1 ?CR
27.9884,uitbollen,0,MM0 CR=0:0
27.9884,uitbollen,0,MM1 CR=0:0
28.0090,uitbollen,0,"#12,YAW,-2.62,GYRO,-15,47,-5,ACC,3,1,256,ADC,1260,395,5,2,"
28.0091,uitbollen,0,MM0 ?A
28.0091,uitbollen,0,MM1 ?A
28.0091,uitbollen,0,MM0 A=0:0
28.0091,uitbollen,0,MM1 A=0:0
28.0438,uitbollen,0,MM1 !M 0 0
28.0438,uitbollen,0,MM0 !M 0 0
28.0438,uitbollen,0,MM1 +
28.0438,uitbollen,0,MM0 +
28.0438,uitbollen,0,"#13,YAW,-2.62,GYRO,-12,48,-6,ACC,2,1,261,ADC,1263,390,4,1,"
28.0438,uitbollen,0,MM0 ?AI
28.0438,uitbollen,0,MM1 ?AI
28.0438,uitbollen,0,MM0 AI=0:0:2445:2469:0:0
28.0438,uitbollen,0,MM1 AI=0:0:2378:2374:0:0
28.0644,uitbollen,0,"#14,YAW,-2.62,GYRO,-13,49,-5,ACC,7,2,260,ADC,1240,380,4,2,"
28.0644,uitbollen,0,MM0 ?C
28.0644,uitbollen,0,MM1 ?C
28.0644,uitbollen,0,MM1 C=-944:-1087
28.0644,uitbollen,0,MM0 C=-959:-978
28.0645,uitbollen,0,"#15,YAW,-2.62,GYRO,-14,48,-5,ACC,4,1,256,ADC,1285,389,3,2,"
28.0855,uitbollen,0,MM0 ?D
28.0855,uitbollen,0,MM1 ?D
28.0855,uitbollen,0,MM0 D=34
28.0855,uitbollen,0,MM1 D=3
28.0856,uitbollen,0,"#16,YAW,-2.62,GYRO,-13,47,-5,ACC,5,2,257,ADC,1225,503,6,2,"
28.0856,uitbollen,0,MM0 ?FF
28.1063,uitbollen,0,MM1 ?FF
28.1063,uitbollen,0,MM0 FF=0
28.1064,uitbollen,0,MM1 FF=0
28.1064,uitbollen,0,"#17,YAW,-2.62,GYRO,-13,48,-6,ACC,4,1,255,ADC,1249,382,5,2,"
28.1064,uitbollen,0,MM0 ?P
28.1064,uitbollen,0,MM1 ?P
28.1406,uitbollen,0,MM0 P=0:0
28.1406,uitbollen,0,MM1 P=0:0
28.1406,uitbollen,0,MM1 !M 0 0
28.1406,uitbollen,0,MM0 !M 0 0
28.1406,uitbollen,0,MM1 +
28.1406,uitbollen,0,MM0 +
28.1406,uitbollen,0,"#18,YAW,-2.62,GYRO,-12,47,-4,ACC,2,1,258,ADC,1239,389,6,2,"
28.1406,uitbollen,0,MM0 ?S
28.1406,uitbollen,0,MM1 ?S
28.1406,uitbollen,0,MM0 S=0:0
28.1406,uitbollen,0,MM1 S=0:0
28.1613,uitbollen,0,"#19,YAW,-2.62,GYRO,-13,49,-5,ACC,3,1,258,ADC,1229,386,5,1,"
28.1614,uitbollen,0,MM0 ?T
28.1614,uitbollen,0,MM1 ?T
28.1614,uitbollen,0,MM0 T=35:35
28.1614,uitbollen,0,MM1 T=37:34
28.1824,uitbollen,0,"#20,YAW,-2.62,GYRO,-14,49,-5,ACC,2,4,259,ADC,1254,386,7,2,"
28.1824,uitbollen,0,MM0 ?V
28.1824,uitbollen,0,MM1 ?V
28.1824,uitbollen,0,MM0 V=120:220:4906
28.1824,uitbollen,0,MM1 V=120:222:4899
28.1824,uitbollen,0,"$GPRMC,135811.8,A,5050.50763,N,00419.37348,E,000.36,208.3,081026,000.4,E*5A"
28.2035,uitbollen,0,"#21,YAW,-2.62,GYRO,-14,48,-5,ACC,4,0,258,ADC,1269,389,5,2,"
28.2036,uitbollen,0,MM1 ?CR
28.2036,uitbollen,0,MM0 ?CR
28.2036,uitbollen,0,MM1 CR=0:0
28.2036,uitbollen,0,MM0 CR=0:0
28.2381,uitbollen,0,"#22,YAW,-2.62,GYRO,-15,47,-6,ACC,4,0,255,ADC,1257,500,5,1,"
28.2381,uitbollen,0,MM0 ?A
28.2382,uitbollen,0,MM1 ?A
28.2382,uitbollen,0,MM0 A=0:0
28.2382,uitbollen,0,MM1 A=0:0
28.2382,uitbollen,0,MM0 !M 0 0
28.2382,uitbollen,0,MM1 !M 0 0
28.2382,uitbollen,0,MM0 +
28.2382,uitbollen,0,MM1 +
28.2382,uitbollen,0,"#23,YAW,-2.62,GYRO,-15,47,-5,ACC,0,1,258,ADC,1262,391,5,2,"
28.2382,uitbollen,0,MM1 ?AI
28.2382,uitbollen,0,MM0 ?AI
28.2382,uitbollen,0,MM1 AI=0:0:2386:2382:0:0
28.2382,uitbollen,0,MM0 AI=0:0:2455:2460:0:0
28.2590,uitbollen,0,"#24,YAW,-2.62,GYRO,-14,48,-7,ACC,5,3,260,ADC,1232,386,6,2,"
28.2590,uitbollen,0,MM0 ?C
28.2590,uitbollen,0,MM1 ?C
28.2590,uitbollen,0,MM1 C=-944:-1087
28.2590,uitbollen,0,MM0 C=-959:-978
28.2805,uitbollen,0,"#25,YAW,-2.62,GYRO,-13,47,-5,ACC,4,1,256,ADC,1237,498,3,2,"
28.2806,uitbollen,0,MM0 ?D
28.2806,uitbollen,0,MM1 ?D
28.2806,uitbollen,0,MM0 D=34
28.2806,uitbollen,0,MM1 D=3
