t,fase,vermogen,regel
0.0345,rust,0,",4,2,"
0.0345,rust,0,MM1 ?FF
0.0345,rust,0,MM0 ?FF
0.0345,rust,0,MM1 FF=0
0.0345,rust,0,MM0 FF=0
0.0345,rust,0,MM1 !M 0 0
0.0345,rust,0,MM0 !M 0 0
0.0345,rust,0,MM1 +
0.0345,rust,0,MM0 +
0.0345,rust,0,"#149,YAW,-0.43,GYRO,-9,41,-6,ACC,4,5,257,ADC,1278,401,5,2,"
0.0345,rust,0,MM1 ?P
0.0345,rust,0,MM0 ?P
0.0346,rust,0,MM1 P=0:0
0.0346,rust,0,MM0 P=0:0
0.0346,rust,0,"#150,YAW,-0.43,GYRO,-7,42,-6,ACC,5,1,257,ADC,1284,390,7,2,"
0.0346,rust,0,MM1 ?S
0.0346,rust,0,MM0 ?S
0.0346,rust,0,MM1 S=0:0
0.0346,rust,0,MM0 S=0:0
0.0346,rust,0,"#151,YAW,-0.43,GYRO,-7,43,-6,ACC,7,1,253,ADC,1298,387,6,1,"
0.0346,rust,0,MM1 ?T
0.0346,rust,0,MM0 ?T
0.0346,rust,0,MM1 T=33:31
0.0346,rust,0,MM0 T=32:31
0.0346,rust,0,"#152,YAW,-0.43,GYRO,-9,41,-7,ACC,6,2,255,ADC,1254,380,7,1,"
0.0346,rust,0,MM1 ?V
0.0346,rust,0,MM0 ?V
0.0346,rust,0,MM1 V=120:235:4893
0.0346,rust,0,MM0 V=120:235:4902
0.0346,rust,0,"#153,YAW,-0.43,GYRO,-7,41,-6,ACC,4,0,258,ADC,1256,385,5,2,"
0.0346,rust,0,MM1 ?CR
0.0346,rust,0,MM0 ?CR
0.0346,rust,0,MM1 CR=0:0
0.0346,rust,0,MM0 CR=0:0
0.0346,rust,0,"#154,YAW,-0.43,GYRO,-8,41,-6,ACC,6,0,251,ADC,1247,394,4,1,"
0.0346,rust,0,MM1 ?A
0.0346,rust,0,MM0 ?A
0.0346,rust,0,MM1 A=0:0
0.0346,rust,0,MM0 A=0:0
0.0346,rust,0,"$GPRMC,092941.6,A,5050.50229,N,00419.37524,E,001.55,019.0,081026,000.4,E*5E"
0.0346,rust,0,"#155,YAW,-0.43,GYRO,-8,44,-7,ACC,2,3,254,ADC,1308,396,4,1,"
0.0346,rust,0,MM1 ?AI
0.0347,rust,0,MM0 ?AI
0.0347,rust,0,MM1 AI=0:0:2195:2183:0:0
0.0347,rust,0,MM0 AI=0:0:2265:2265:0:0
0.0347,rust,0,"#156,YAW,-0.39,GYRO,-8,42,-5,ACC,5,0,256,ADC,1248,389,4,2,"
0.0347,rust,0,MM1 ?C
0.0347,rust,0,MM0 ?C
0.0347,rust,0,MM1 C=-27:18
0.0347,rust,0,MM0 C=-8:-20
0.0347,rust,0,"#157,YAW,-0.39,GYRO,-8,42,-6,ACC,1,0,253,ADC,1262,407,5,1,"
0.0347,rust,0,MM1 ?D
0.0347,rust,0,MM0 ?D
0.0347,rust,0,MM1 D=18
0.0347,rust,0,MM0 D=19
0.0347,rust,0,"#158,YAW,-0.39,GYRO,-8,43,-5,ACC,8,-1,258,ADC,1241,381,4,1,"
0.0347,rust,0,MM1 ?FF
0.0347,rust,0,MM0 ?FF
0.0347,rust,0,MM1 FF=0
0.0347,rust,0,MM0 FF=0
0.0347,rust,0,"#159,YAW,-0.39,GYRO,-8,42,-6,ACC,2,3,257,ADC,1263,500,5,1,"
0.0347,rust,0,MM1 ?P
0.0347,rust,0,MM0 ?P
0.0347,rust,0,MM1 P=0:0
0.0347,rust,0,MM0 P=0:0
0.0347,rust,0,"#160,YAW,-0.39,GYRO,-8,43,-7,ACC,5,0,258,ADC,1230,384,5,2,"
0.0347,rust,0,MM1 ?S
0.0347,rust,0,MM0 ?S
0.0347,rust,0,MM1 S=0:0
0.0347,rust,0,MM0 S=0:0
0.0355,rust,0,"#161,YAW,-0.39,GYRO,-8,42,-7,ACC,5,1,254,ADC,1250,389,4,2,"
0.0355,rust,0,MM1 ?T
0.0355,rust,0,MM0 ?T
0.0356,rust,0,MM1 T=34:31
0.0356,rust,0,MM0 T=33:31
0.0356,rust,0,"#162,YAW,-0.39,GYRO,-7,41,-6,ACC,4,1,258,ADC,1224,499,5,2,"
0.0356,rust,0,MM1 ?V
0.0356,rust,0,MM0 ?V
0.0356,rust,0,MM1 V=120:235:4892
0.0356,rust,0,MM0 V=120:236:4902
0.0356,rust,0,"#163,YAW,-0.39,GYRO,-8,43,-6,ACC,5,3,255,ADC,1252,501,4,2,"
0.0356,rust,0,MM1 ?CR
0.0356,rust,0,MM0 ?CR
0.0356,rust,0,MM1 CR=0:0
0.0356,rust,0,MM0 CR=0:0
0.0356,rust,0,"#164,YAW,-0.39,GYRO,-8,42,-6,ACC,4,1,255,ADC,1280,383,4,1,"
0.0356,rust,0,MM1 ?A
0.0356,rust,0,MM0 ?A
0.0356,rust,0,MM1 A=0:0
0.0356,rust,0,MM0 A=0:0
0.0356,rust,0,"$GPRMC,092941.8,A,5050.50249,N,00419.37531,E,001.58,017.9,081026,000.4,E*58"
0.0356,rust,0,"#165,YAW,-0.39,GYRO,-8,42,-6,ACC,3,1,258,ADC,1268,363,5,1,"
0.0356,rust,0,MM1 ?AI
0.0356,rust,0,MM0 ?AI
0.0356,rust,0,MM1 AI=0:0:2175:2171:0:0
0.0356,rust,0,MM0 AI=0:0:2262:2262:0:0
0.0356,rust,0,"#166,YAW,-0.36,GYRO,-9,#218,YAW,0.86,GYRO,-11,48,-6,ACC,4,-1,260,ADC,1284,502,9,2,"
0.0356,rust,0,MM1 ?FF
0.0356,rust,0,MM0 ?FF
0.0356,rust,0,MM1 FF=16
0.0356,rust,0,MM0 FF=16
0.0711,rust,0,"$GPRMC,113651.8,A,5050.51594,N,00419.37189,E,000.58,005.4,081026,000.4,E*50"
0.0711,rust,0,MM0 !EPING
0.0711,rust,0,MM1 !EPING
0.0711,rust,0,MM0 -
0.0711,rust,0,MM1 -
0.0711,rust,0,"#219,YAW,0.86,GYRO,-12,46,-6,ACC,4,0,257,ADC,1230,370,4,2,"
0.0711,rust,0,MM0 !M 0 0
0.0711,rust,0,MM0 +
0.0711,rust,0,MM1 !M 0 0
0.0711,rust,0,MM1 +
0.0712,rust,0,MM1 ?P
0.0712,rust,0,MM0 ?P
0.0712,rust,0,MM1 P=0:0
0.0712,rust,0,MM0 P=0:0
0.0712,rust,0,"#220,YAW,0.82,GYRO,-12,46,-7,ACC,4,0,254,ADC,1227,422,5,2,"
0.0712,rust,0,MM1 ?S
0.0712,rust,0,MM0 ?S
0.0712,rust,0,MM1 S=0:0
0.0712,rust,0,MM0 S=0:0
0.0899,rust,0,"#221,YAW,0.82,GYRO,-10,46,-6,ACC,4,0,260,ADC,1256,397,4,1,"
0.0899,rust,0,MM1 ?T
0.0899,rust,0,MM0 ?T
0.0899,rust,0,MM1 T=36:33
0.1132,rust,0,MM0 T=35:34
0.1132,rust,0,"#222,YAW,0.82,GYRO,-12,48,-7,ACC,6,0,260,ADC,1245,385,4,2,"
0.1132,rust,0,MM1 ?V
0.1132,rust,0,MM0 ?V
0.1132,rust,0,MM1 V=120:226:4894
0.1132,rust,0,MM0 V=120:227:4906
0.1318,rust,0,"#223,YAW,0.82,GYRO,-12,45,-6,ACC,6,-1,257,ADC,1239,380,4,2,"
0.1319,rust,0,MM1 !EX
0.1319,rust,0,MM0 !EX
0.1319,rust,0,MM1 +
0.1319,rust,0,MM0 +
0.1319,rust,0,MM1 ?CR
0.1319,rust,0,MM0 ?CR
0.1319,rust,0,MM1 CR=0:0
0.1319,rust,0,MM0 CR=0:0
0.1818,rust,0,"#224,YAW,0.82,GYRO,-12,47,-5,ACC,7,0,261,ADC,1226,393,7,2,"
0.1819,rust,0,MM1 ?A
0.1819,rust,0,MM0 ?A
0.1819,rust,0,MM1 A=0:0
0.1819,rust,0,MM0 A=0:0
0.1819,rust,0,MM1 !M 0 0
0.1819,rust,0,MM0 !M 0 0
0.1819,rust,0,MM1 +
0.1819,rust,0,MM0 +
0.1819,rust,0,"#225,YAW,0.82,GYRO,-12,45,-7,ACC,6,0,256,ADC,1236,391,4,2,"
0.1819,rust,0,MM1 ?AI
0.1819,rust,0,MM0 ?AI
0.1819,rust,0,MM1 AI=0:0:2326:2332:0:0
0.1819,rust,0,MM0 AI=0:0:2425:2422:0:0
0.2029,rust,0,"#226,YAW,0.82,GYRO,-12,47,-7,ACC,4,2,257,ADC,1230,498,4,1,"
0.2029,rust,0,MM1 ?C
0.2029,rust,0,MM0 ?C
0.2029,rust,0,MM1 C=-26:13
0.2029,rust,0,MM0 C=-7:-35
0.2237,rust,0,"#227,YAW,0.82,GYRO,-14,46,-5,ACC,6,0,253,ADC,1211,500,5,2,"
0.2237,rust,0,MM1 ?D
0.2238,rust,0,MM0 ?D
0.2238,rust,0,MM0 D=50
0.2238,rust,0,MM1 D=0
0.2449,rust,0,"#228,YAW,0.82,GYRO,-11,47,-7,ACC,8,0,259,ADC,1274,387,4,2,"
0.2449,rust,0,MM1 ?FF
0.2449,rust,0,MM0 ?FF
0.2449,rust,0,MM1 FF=16
0.2449,rust,0,MM0 FF=16
0.2449,rust,0,"$GPRMC,113652.0,A,5050.51593,N,00419.37192,E,000.57,005.2,081026,000.4,E*5F"
0.2825,rust,0,"#229,YAW,0.82,GYRO,-11,46,-6,ACC,5,3,258,ADC,1249,398,5,1,"
0.2825,rust,0,MM1 ?P
0.2825,rust,0,MM0 ?P
0.2825,rust,0,MM1 P=0:0
0.2825,rust,0,MM0 P=0:0
0.2825,rust,0,MM0 !M 0 0
0.2825,rust,0,MM1 !M 0 0
0.2825,rust,0,MM0 +
0.2825,rust,0,MM1 +
0.2825,rust,0,"#230,YAW,0.79,GYRO,-12,47,-7,ACC,3,2,254,ADC,1244,389,6,3,"
0.2825,rust,0,MM1 ?S
0.2825,rust,0,MM0 ?S
0.2825,rust,0,MM1 S=0:0
0.2825,rust,0,MM0 S=0:0
0.3046,rust,0,"#231,YAW,0.79,GYRO,-11,46,-6,ACC,5,2,259,ADC,1238,501,7,1,"
0.3046,rust,0,MM1 ?T
0.3046,rust,0,MM0 ?T
0.3046,rust,0,MM1 T=36:33
0.3046,rust,0,MM0 T=35:34
0.3209,rust,0,"#232,YAW,0.79,GYRO,-12,46,-7,ACC,6,2,260,ADC,1205,381,4,2,"
0.3209,rust,0,MM1 ?V
0.3209,rust,0,MM0 ?V
0.3209,rust,0,MM1 V=120:227:4893
0.3209,rust,0,MM0 V=120:227:4907
0.3418,rust,0,"#233,YAW,0.79,GYRO,-13,48,-6,ACC,6,0,259,ADC,1303,497,5,1,"
0.3418,rust,0,MM1 ?CR
0.3418,rust,0,MM0 ?CR
0.3418,rust,0,MM1 CR=0:0
0.3419,rust,0,MM0 CR=0:0
0.3760,rust,0,"#234,YAW,0.79,GYRO,-12,46,-6,ACC,4,-1,253,ADC,1252,401,6,2,"
0.3760,rust,0,MM1 ?A
0.3760,rust,0,MM0 ?A
0.3760,rust,0,MM1 A=0:0
0.3760,rust,0,MM0 A=0:0
0.3760,rust,0,MM1 !M 0 0
0.3760,rust,0,MM0 !M 0 0
0.3760,rust,0,MM1 +
0.3760,rust,0,MM0 +
0.3760,rust,0,"#235,YAW,0.79,GYRO,-12,46,-6,ACC,3,-1,260,ADC,1226,383,5,1,"
0.3760,rust,0,MM1 ?AI
0.3761,rust,0,MM0 ?AI
0.3761,rust,0,MM1 AI=0:0:2317:2358:0:0
0.3761,rust,0,MM0 AI=0:0:2428:2485:0:0
0.3971,rust,0,"#236,YAW,0.79,GYRO,-11,46,-5,ACC,5,0,261,ADC,1262,390,4,2,"
0.3971,rust,0,MM1 ?C
0.3971,rust,0,MM0 ?C
0.3971,rust,0,MM1 C=-26:13
0.3971,rust,0,MM0 C=-7:-35
0.4190,rust,0,"#237,YAW,0.79,GYRO,-13,48,-7,ACC,6,0,255,ADC,1286,388,5,2,"
0.4191,rust,0,MM1 ?D
0.4191,rust,0,MM0 ?D
0.4191,rust,0,MM0 D=50
0.4191,rust,0,MM1 D=0
0.4389,rust,0,"#238,YAW,0.79,GYRO,-12,47,-7,ACC,8,4,260,ADC,1236,380,6,2,"
0.4389,rust,0,MM0 ?FF
0.4389,rust,0,MM1 ?FF
0.4389,rust,0,MM0 FF=16
0.4389,rust,0,MM1 FF=16
0.4389,rust,0,"$GPRMC,113652.2,A,5050.51593,N,00419.37193,E,000.56,005.2,081026,000.4,E*5D"
0.4727,rust,0,"#239,YAW,0.79,GYRO,-12,46,-7,ACC,5,1,259,ADC,1228,389,6,2,"
0.4728,rust,0,MM0 ?P
0.4728,rust,0,MM1 ?P
0.4728,rust,0,MM0 P=0:0
0.4728,rust,0,MM1 P=0:0
0.4728,rust,0,MM0 !M 0 0
0.4728,rust,0,MM1 !M 0 0
0.4728,rust,0,MM0 +
0.4728,rust,0,MM1 +
0.4728,rust,0,"#240,YAW,0.75,GYRO,-11,45,-8,ACC,4,2,257,ADC,1306,403,4,1,"
0.4728,rust,0,MM1 ?S
0.4728,rust,0,MM0 ?S
0.4728,rust,0,MM1 S=0:0
0.4728,rust,0,MM0 S=0:0
0.4938,rust,0,"#241,YAW,0.75,GYRO,-12,45,-7,ACC,4,0,254,ADC,1267,500,7,2,"
0.4939,rust,0,MM1 ?T
0.4939,rust,0,MM0 ?T
0.4939,rust,0,MM1 T=36:33
0.4939,rust,0,MM0 T=35:34
0.5147,rust,0,"#242,YAW,0.75,GYRO,-12,46,-7,ACC,4,2,256,ADC,1232,502,4,2,"
0.5147,rust,0,MM1 ?V
0.5147,rust,0,MM0 ?V
0.5147,rust,0,MM1 V=120:226:4894
0.5147,rust,0,MM0 V=120:227:4906
0.5378,rust,0,"#243,YAW,0.75,GYRO,-12,48,-6,ACC,4,1,261,ADC,1238,382,4,1,"
0.5379,rust,0,MM0 ?CR
0.5379,rust,0,MM1 ?CR
0.5379,rust,0,MM0 CR=0:0
0.5379,rust,0,MM1 CR=0:0
0.5720,rust,0,"#244,YAW,0.75,GYRO,-11,47,-7,ACC,2,0,256,ADC,1269,503,4,2,"
0.5720,rust,0,MM0 ?A
0.5720,rust,0,MM1 ?A
0.5721,rust,0,MM0 A=0:0
0.5721,rust,0,MM1 A=0:0
0.5721,rust,0,MM0 !M 0 0
0.5721,rust,0,MM1 !M 0 0
0.5721,rust,0,MM0 +
0.5721,rust,0,MM1 +
0.5721,rust,0,"#245,YAW,0.75,GYRO,-12,48,-7,ACC,0,0,257,ADC,1231,389,6,2,"
0.5721,rust,0,MM0 ?AI
0.5721,rust,0,MM1 ?AI
0.5721,rust,0,MM0 AI=0:0:2415:2417:0:0
0.5721,rust,0,MM1 AI=0:0:2313:2240:0:0
0.5963,rust,0,"#246,YAW,0.75,GYRO,-12,47,-5,ACC,6,0,260,ADC,1235,500,4,2,"
0.5964,rust,0,MM0 ?C
0.5964,rust,0,MM1 ?C
0.5964,rust,0,MM0 C=-7:-35
0.5964,rust,0,MM1 C=-26:13
0.6137,rust,0,"#247,YAW,0.75,GYRO,-11,47,-6,ACC,5,0,259,ADC,1272,497,4,2,"
0.6137,rust,0,MM0 ?D
0.6137,rust,0,MM1 ?D
0.6137,rust,0,MM0 D=50
0.6137,rust,0,MM1 D=0
0.6352,rust,0,"#248,YAW,0.75,GYRO,-12,47,-6,ACC,3,1,256,ADC,1255,388,4,2,"
0.6352,rust,0,MM0 ?FF
0.6352,rust,0,MM1 ?FF
0.6352,rust,0,MM0 FF=16
0.6352,rust,0,MM1 FF=16
0.6863,rust,0,"$GPRMC,113652.4,A,5050.51594,N,00419.37193,E,000.55,005.2,081026,000.4,E*5F"
0.6863,rust,0,"#249,YAW,0.75,GYRO,-9,48,-8,ACC,2,1,255,ADC,1280,500,6,1,"
0.6863,rust,0,MM0 ?P
0.6864,rust,0,MM1 ?P
0.6864,rust,0,MM0 P=0:0
0.6864,rust,0,MM1 P=0:0
0.6864,rust,0,MM1 !M 0 0
0.6864,rust,0,MM0 !M 0 0
0.6864,rust,0,MM1 +
0.6864,rust,0,MM0 +
0.6864,rust,0,"#250,YAW,0.72,GYRO,-12,47,-6,ACC,6,1,260,ADC,1282,302,4,1,"
0.6864,rust,0,MM0 ?S
0.6864,rust,0,MM1 ?S
0.6864,rust,0,MM0 S=0:0
0.6864,rust,0,MM1 S=0:0
0.6864,rust,0,"#251,YAW,0.72,GYRO,-12,48,-7,ACC,7,0,256,ADC,1206,382,5,2,"
0.7081,rust,0,MM0 ?T
0.7081,rust,0,MM1 ?T
0.7081,rust,0,MM0 T=35:34
0.7081,rust,0,MM1 T=36:33
0.7081,rust,0,"#252,YAW,0.72,GYRO,-12,47,-5,ACC,9,0,255,ADC,1256,384,4,1,"
0.7081,rust,0,MM0 ?V
0.7081,rust,0,MM1 ?V
0.7428,rust,0,MM0 V=120:227:4906
0.7428,rust,0,MM1 V=120:227:4894
0.7428,rust,0,"#253,YAW,0.72,GYRO,-13,46,-7,ACC,2,1,259,ADC,1282,500,7,2,"
0.7429,rust,0,MM0 ?CR
0.7429,rust,0,MM1 ?CR
0.7492,rust,0,MM0 CR=0:0
0.7492,rust,0,MM1 CR=0:0
0.7492,rust,0,"#254,YAW,0.72,GYRO,-13,47,-7,ACC,6,1,257,ADC,1230,382,4,3,"
0.7492,rust,0,MM0 ?A
0.7492,rust,0,MM1 ?A
0.7492,rust,0,MM0 A=0:0
0.7492,rust,0,MM1 A=0:0
0.7706,rust,0,MM0 !M 0 0
0.7707,rust,0,MM1 !M 0 0
0.7707,rust,0,MM0 +
0.7707,rust,0,MM1 +
0.7707,rust,0,"#255,YAW,0.72,GYRO,-11,45,-6,ACC,5,1,257,ADC,1280,497,4,2,"
0.7707,rust,0,MM0 ?AI
0.7707,rust,0,MM1 ?AI
0.7707,rust,0,MM0 AI=0:0:2424:2414:0:0
0.7910,rust,0,MM1 AI=0:0:2350:2322:0:0
0.7910,rust,0,"#0,YAW,0.72,GYRO,-12,46,-8,ACC,2,0,259,ADC,1202,393,4,1,"
0.7910,rust,0,MM0 ?C
0.7911,rust,0,MM1 ?C
0.7911,rust,0,MM0 C=-7:-35
0.7911,rust,0,MM1 C=-26:13
0.8172,rust,0,"#1,YAW,0.72,GYRO,-12,48,-6,ACC,3,2,260,ADC,1240,401,6,2,"
0.8173,rust,0,MM0 ?D
0.8173,rust,0,MM1 ?D
0.8173,rust,0,MM0 D=50
0.8173,rust,0,MM1 D=0
0.8332,rust,0,"#2,YAW,0.72,GYRO,-13,48,-6,ACC,4,0,258,ADC,1267,396,6,2,"
0.8332,rust,0,MM0 ?FF
0.8332,rust,0,MM1 ?FF
0.8332,rust,0,MM0 FF=16
0.8333,rust,0,MM1 FF=16
0.8920,rust,0,"$GPRMC,113652.6,A,5050.51594,N,00419.37196,E,000.54,005.2,081026,000.4,E*59"
0.8920,rust,0,"#3,YAW,0.72,GYRO,-12,49,-5,ACC,0,2,258,ADC,1307,389,8,2,"
0.8920,rust,0,MM0 ?P
0.8920,rust,0,MM1 ?P
0.8920,rust,0,MM0 P=0:0
0.8920,rust,0,MM1 P=0:0
0.8920,rust,0,"#4,YAW,0.69,GYRO,-12,46,-6,ACC,8,2,257,ADC,1281,400,5,3,"
0.8921,rust,0,MM0 ?S
0.8921,rust,0,MM1 ?S
0.8921,rust,0,MM0 S=0:0
0.8921,rust,0,MM1 S=0:0
0.8921,rust,0,MM1 !M 0 0
0.8921,rust,0,MM0 !M 0 0
0.8921,rust,0,MM1 +
0.8921,rust,0,MM0 +
0.8921,rust,0,"#5,YAW,0.69,GYRO,-13,46,-6,ACC,4,1,261,ADC,1247,383,4,2,"
0.8921,rust,0,MM0 ?T
0.8921,rust,0,MM1 ?T
0.8921,rust,0,MM0 T=35:34
0.8921,rust,0,MM1 T=36:33
0.9254,rust,0,"#6,YAW,0.69,GYRO,-12,49,-6,ACC,4,0,254,ADC,1244,384,4,2,"
0.9255,rust,0,MM0 ?V
0.9255,rust,0,MM1 ?V
0.9255,rust,0,MM0 V=120:227:4907
0.9255,rust,0,MM1 V=120:226:4893
0.9336,rust,0,"#7,YAW,0.69,GYRO,-12,48,-5,ACC,5,-1,255,ADC,1249,393,5,2,"
0.9336,rust,0,MM0 ?CR
0.9337,rust,0,MM1 ?CR
0.9337,rust,0,MM0 CR=0:0
0.9337,rust,0,MM1 CR=0:0
0.9881,rust,0,"#8,YAW,0.69,GYRO,-12,48,-7,ACC,5,0,260,ADC,1226,386,4,2,"
0.9881,rust,0,MM0 ?A
0.9881,rust,0,MM1 ?A
0.9881,rust,0,MM0 A=0:0
0.9881,rust,0,MM1 A=0:0
0.9881,rust,0,MM1 !M 0 0
0.9881,rust,0,MM0 !M 0 0
0.9881,rust,0,MM1 +
0.9881,rust,0,MM0 +
0.9881,rust,0,"#9,YAW,0.69,GYRO,-13,48,-6,ACC,2,2,260,ADC,1234,349,8,2,"
0.9882,rust,0,MM0 ?AI
0.9882,rust,0,MM1 ?AI
0.9882,rust,0,MM0 AI=0:0:2430:2439:0:0
0.9882,rust,0,MM1 AI=0:0:2301:2341:0:0
0.9882,rust,0,"#10,YAW,0.69,GYRO,-12,48,-6,ACC,2,1,251,ADC,1236,382,3,3,"
0.9882,rust,0,MM0 ?C
0.9882,rust,0,MM1 ?C
1.0090,rust,0,MM0 C=-7:-35
1.0090,rust,0,MM1 C=-26:13
1.0090,rust,0,"#11,YAW,0.69,GYRO,-13,47,-6,ACC,3,1,255,ADC,1270,385,5,2,"
1.0090,rust,0,MM0 ?D
1.0090,rust,0,MM1 ?D
1.0090,rust,0,MM0 D=50
1.0090,rust,0,MM1 D=0
1.0301,rust,0,"#12,YAW,0.69,GYRO,-12,47,-7,ACC,6,0,258,ADC,1240,387,6,2,"
1.0301,rust,0,MM0 ?FF
1.0301,rust,0,MM1 ?FF
1.0301,rust,0,MM0 FF=16
1.0301,rust,0,MM1 FF=16
1.0508,rust,0,"$GPRMC,113652.8,A,5050.51594,N,00419.37189,E,000.54,005.2,081026,000.4,E*59"
1.0508,rust,0,"#13,YAW,0.69,GYRO,-13,45,-6,ACC,4,1,253,ADC,1246,390,3,2,"
1.0509,rust,0,MM0 ?P
1.0509,rust,0,MM1 ?P
1.0509,rust,0,MM0 P=0:0
1.0509,rust,0,MM1 P=0:0
1.0860,rust,0,MM1 !M 0 0
1.0860,rust,0,MM0 !M 0 0
1.0860,rust,0,MM1 +
1.0860,rust,0,MM0 +
1.0860,rust,0,"#14,YAW,0.66,GYRO,-12,47,-6,ACC,5,2,252,ADC,1288,308,6,2,"
1.0860,rust,0,MM0 ?S
1.0860,rust,0,MM1 ?S
1.0860,rust,0,MM0 S=0:0
1.0860,rust,0,MM1 S=0:0
1.1084,rust,0,"#15,YAW,0.66,GYRO,-11,47,-6,ACC,7,1,259,ADC,1267,502,5,2,"
1.1084,rust,0,MM0 ?T
1.1084,rust,0,MM1 ?T
1.1084,rust,0,MM0 T=35:34
1.1084,rust,0,MM1 T=36:33
1.1084,rust,0,"#16,YAW,0.66,GYRO,-12,45,-7,ACC,4,1,258,ADC,1233,384,5,2,"
1.1270,rust,0,MM0 ?V
1.1270,rust,0,MM1 ?V
1.1270,rust,0,MM0 V=120:227:4906
1.1270,rust,0,MM1 V=120:226:4893
1.1270,rust,0,"#17,YAW,0.66,GYRO,-12,49,-6,ACC,6,0,260,ADC,1296,390,5,2,"
1.1270,rust,0,MM0 ?CR
1.1270,rust,0,MM1 ?CR
1.1506,rust,0,MM0 CR=0:0
1.1506,rust,0,MM1 CR=0:0
1.1506,rust,0,"#18,YAW,0.66,GYRO,-14,46,-5,ACC,6,1,254,ADC,1255,497,5,2,"
1.1506,rust,0,MM0 ?A
1.1506,rust,0,MM1 ?A
1.1506,rust,0,MM0 A=0:0
1.1851,rust,0,MM1 A=0:0
1.1851,rust,0,MM0 !M 0 0
1.1851,rust,0,MM1 !M 0 0
1.1851,rust,0,MM0 +
1.1851,rust,0,MM1 +
1.1851,rust,0,"#19,YAW,0.66,GYRO,-12,47,-7,ACC,4,2,260,ADC,1258,380,7,1,"
1.1851,rust,0,MM0 ?AI
1.1851,rust,0,MM1 ?AI
1.1851,rust,0,MM0 AI=0:0:2415:2428:0:0
1.1851,rust,0,MM1 AI=0:0:2328:2323:0:0
1.2082,rust,0,"#20,YAW,0.66,GYRO,-13,47,-6,ACC,5,0,256,ADC,1262,388,4,2,"
1.2083,rust,0,MM0 ?C
1.2083,rust,0,MM1 ?C
1.2083,rust,0,MM0 C=-7:-35
1.2083,rust,0,MM1 C=-26:13
1.2271,rust,0,"#21,YAW,0.66,GYRO,-12,46,-6,ACC,4,-1,256,ADC,1257,498,4,2,"
1.2272,rust,0,MM0 ?D
1.2272,rust,0,MM1 ?D
1.2272,rust,0,MM0 D=50
1.2272,rust,0,MM1 D=0
1.2272,rust,0,"#22,YAW,0.66,GYRO,-13,48,-7,ACC,6,3,256,ADC,1252,496,4,2,"
1.2272,rust,0,MM0 ?FF
1.2272,rust,0,MM1 ?FF
1.2481,rust,0,MM0 FF=16
1.2482,rust,0,MM1 FF=16
1.2482,rust,0,"$GPRMC,113653.0,A,5050.51593,N,00419.37184,E,000.54,005.2,081026,000.4,E*5A"
1.2482,rust,0,"#23,YAW,0.66,GYRO,-13,46,-6,ACC,3,1,256,ADC,1302,393,5,1,"
1.2482,rust,0,MM0 ?P
1.2482,rust,0,MM1 ?P
1.2482,rust,0,MM0 P=0:0
1.2820,rust,0,MM1 P=0:0
1.2820,rust,0,MM0 !M 0 0
1.2820,rust,0,MM1 !M 0 0
1.2820,rust,0,MM0 +
1.2820,rust,0,MM1 +
1.2822,rust,0,"#24,YAW,0.63,GYRO,-12,45,-7,ACC,3,1,263,ADC,1259,385,4,2,"
1.2822,rust,0,MM0 ?S
1.2822,rust,0,MM1 ?S
1.2822,rust,0,MM0 S=0:0
1.2822,rust,0,MM1 S=0:0
1.3028,rust,0,"#25,YAW,0.63,GYRO,-14,45,-7,ACC,1,1,257,ADC,1248,502,4,2,"
1.3028,rust,0,MM0 ?T
1.3028,rust,0,MM1 ?T
1.3028,rust,0,MM0 T=35:34
1.3028,rust,0,MM1 T=36:33
1.3286,rust,0,"#26,YAW,0.63,GYRO,-13,47,-6,ACC,4,1,262,ADC,1229,500,7,2,"
1.3287,rust,0,MM0 ?V
1.3287,rust,0,MM1 ?V
1.3287,rust,0,MM0 V=120:227:4906
1.3287,rust,0,MM1 V=120:227:4894
1.3449,rust,0,"#27,YAW,0.63,GYRO,-12,47,-8,ACC,1,0,257,ADC,1267,386,9,2,"
1.3449,rust,0,MM0 ?CR
1.3449,rust,0,MM1 ?CR
1.3449,rust,0,MM0 CR=0:0
1.3449,rust,0,MM1 CR=0:0
1.3789,rust,0,"#28,YAW,0.63,GYRO,-13,47,-6,ACC,5,0,255,ADC,1246,500,5,1,"
1.3790,rust,0,MM0 ?A
1.3790,rust,0,MM1 ?A
1.3790,rust,0,MM0 A=0:0
1.3790,rust,0,MM1 A=0:0
1.3790,rust,0,MM0 !M 0 0
1.3790,rust,0,MM1 !M 0 0
1.3790,rust,0,MM0 +
1.3790,rust,0,MM1 +
1.3790,rust,0,"#29,YAW,0.63,GYRO,-12,46,-6,ACC,4,2,258,ADC,1276,395,3,1,"
1.3790,rust,0,MM0 ?AI
1.3790,rust,0,MM1 ?AI
1.3790,rust,0,MM0 AI=0:0:2407:2421:0:0
1.3790,rust,0,MM1 AI=0:0:2316:2315:0:0
1.3998,rust,0,"#30,YAW,0.63,GYRO,-13,44,-7,ACC,6,1,258,ADC,1282,388,4,2,"
1.3998,rust,0,MM0 ?C
1.3998,rust,0,MM1 ?C
1.3998,rust,0,MM0 C=-7:-35
1.3999,rust,0,MM1 C=-26:13
1.4210,rust,0,"#31,YAW,0.63,GYRO,-12,48,-7,ACC,7,2,256,ADC,1242,381,5,2,"
1.4210,rust,0,MM0 ?D
1.4210,rust,0,MM1 ?D
1.4210,rust,0,MM0 D=50
1.4210,rust,0,MM1 D=0
1.4432,rust,0,"#32,YAW,0.63,GYRO,-11,46,-7,ACC,7,0,257,ADC,1261,502,5,2,"
1.4432,rust,0,MM0 ?FF
1.4432,rust,0,MM1 ?FF
1.4432,rust,0,MM0 FF=16
1.4432,rust,0,MM1 FF=16
1.4432,rust,0,"$GPRMC,113653.2,A,5050.51587,N,00419.37176,E,000.53,005.2,081026,000.4,E*57"
1.4769,rust,0,"#33,YAW,0.63,GYRO,-14,46,-6,ACC,6,1,264,ADC,1231,502,6,3,"
1.4769,rust,0,MM0 ?P
1.4769,rust,0,MM1 ?P
1.4769,rust,0,MM0 P=0:0
1.4769,rust,0,MM1 P=0:0
1.4769,rust,0,MM0 !M 0 0
1.4769,rust,0,MM1 !M 0 0
1.4770,rust,0,MM0 +
1.4770,rust,0,MM1 +
1.4770,rust,0,"#34,YAW,0.60,GYRO,-13,46,-6,ACC,4,2,259,ADC,1250,383,5,2,"
1.4770,rust,0,MM0 ?S
1.4770,rust,0,MM1 ?S
1.4770,rust,0,MM0 S=0:0
1.4770,rust,0,MM1 S=0:0
1.4994,rust,0,"#35,YAW,0.60,GYRO,-12,46,-7,ACC,3,1,258,ADC,1247,384,7,2,"
1.4994,rust,0,MM0 ?T
1.4994,rust,0,MM1 ?T
1.4994,rust,0,MM0 T=35:34
1.4994,rust,0,MM1 T=36:33
1.5191,rust,0,"#36,YAW,0.60,GYRO,-12,47,-6,ACC,3,0,257,ADC,1295,406,5,1,"
1.5191,rust,0,MM0 ?V
1.5191,rust,0,MM1 ?V
1.5191,rust,0,MM0 V=120:226:4906
1.5191,rust,0,MM1 V=120:226:4893
1.5398,rust,0,"#37,YAW,0.60,GYRO,-12,45,-6,ACC,4,1,259,ADC,1223,502,5,1,"
1.5398,rust,0,MM0 ?CR
1.5399,rust,0,MM1 ?CR
1.5399,rust,0,MM0 CR=0:0
1.5399,rust,0,MM1 CR=0:0
1.5890,rust,0,"#38,YAW,0.60,GYRO,-13,46,-6,ACC,4,0,261,ADC,1279,500,4,2,"
1.5890,rust,0,MM0 ?A
1.5890,rust,0,MM1 ?A
1.5890,rust,0,MM0 A=0:0
1.5890,rust,0,MM1 A=0:0
1.5890,rust,0,MM0 !M 0 0
1.5890,rust,0,"#39,YAW,0.60,GYRO,-12,46,-5,ACC,2,0,256,ADC,1250,375,3,1,"
1.5890,rust,0,MM0 +
1.5890,rust,0,MM1 !M 0 0
1.5890,rust,0,MM1 +
1.5890,rust,0,MM0 ?AI
1.5890,rust,0,MM1 ?AI
1.5890,rust,0,MM0 AI=0:0:2417:2406:0:0
1.5890,rust,0,MM1 AI=0:0:2309:2321:0:0
1.5890,rust,0,"#40,YAW,0.60,GYRO,-11,45,-6,ACC,3,2,257,ADC,1233,386,7,2,"
1.5890,rust,0,MM0 ?C
1.5890,rust,0,MM1 ?C
1.5890,rust,0,MM0 C=-7:-35
1.6097,rust,0,MM1 C=-26:13
1.6097,rust,0,"#41,YAW,0.60,GYRO,-12,46,-6,ACC,8,0,259,ADC,1247,501,6,2,"
1.6097,rust,0,MM0 ?D
1.6097,rust,0,MM1 ?D
1.6097,rust,0,MM0 D=50
1.6097,rust,0,MM1 D=0
1.6385,rust,0,"#42,YAW,0.60,GYRO,-13,44,-6,ACC,4,-1,259,ADC,1267,387,4,2,"
1.6385,rust,0,MM0 ?FF
1.6385,rust,0,MM1 ?FF
1.6385,rust,0,MM0 FF=16
1.6385,rust,0,MM1 FF=16
1.6519,rust,0,"$GPRMC,113653.4,A,5050.51580,N,00419.37174,E,000.51,005.2,081026,000.4,E*56"
1.6519,rust,0,"#43,YAW,0.60,GYRO,-11,48,-6,ACC,5,2,255,ADC,1266,384,4,1,"
1.6519,rust,0,MM0 ?P
1.6519,rust,0,MM1 ?P
1.6519,rust,0,MM0 P=0:0
1.6519,rust,0,MM1 P=0:0
1.6860,rust,0,MM0 !M 0 0
1.6860,rust,0,MM1 !M 0 0
1.6860,rust,0,MM0 +
1.6860,rust,0,MM1 +
1.6860,rust,0,"#44,YAW,0.57,GYRO,-12,46,-7,ACC,6,0,256,ADC,1284,312,5,1,"
1.6860,rust,0,MM0 ?S
1.6860,rust,0,MM1 ?S
1.6860,rust,0,MM0 S=0:0
1.6860,rust,0,MM1 S=0:0
1.7070,rust,0,"#45,YAW,0.57,GYRO,-13,47,-6,ACC,7,1,262,ADC,1249,386,5,1,"
1.7071,rust,0,MM0 ?T
1.7071,rust,0,MM1 ?T
1.7071,rust,0,MM0 T=35:34
1.7071,rust,0,MM1 T=36:33
1.7071,rust,0,"#46,YAW,0.57,GYRO,-11,46,-7,ACC,5,2,256,ADC,1275,389,4,1,"
1.7071,rust,0,MM0 ?V
1.7071,rust,0,MM1 ?V
1.7281,rust,0,MM0 V=120:227:4905
1.7282,rust,0,MM1 V=120:227:4894
1.7282,rust,0,"#47,YAW,0.57,GYRO,-12,47,-7,ACC,6,1,257,ADC,1249,406,5,2,"
1.7282,rust,0,MM0 ?CR
1.7282,rust,0,MM1 ?CR
1.7282,rust,0,MM0 CR=0:0
1.7490,rust,0,MM1 CR=0:0
1.7490,rust,0,"#48,YAW,0.57,GYRO,-12,46,-7,ACC,7,-2,255,ADC,1216,382,4,2,"
1.7490,rust,0,MM0 ?A
1.7490,rust,0,MM1 ?A
1.7490,rust,0,MM0 A=0:0
1.7490,rust,0,MM1 A=0:0
1.7830,rust,0,MM0 !M 0 0
1.7830,rust,0,MM1 !M 0 0
1.7831,rust,0,MM0 +
1.7831,rust,0,MM1 +
1.7831,rust,0,"#49,YAW,0.57,GYRO,-12,47,-6,ACC,1,1,256,ADC,1270,400,4,2,"
1.7831,rust,0,MM0 ?AI
1.7831,rust,0,MM1 ?AI
1.7831,rust,0,MM0 AI=0:0:2418:2423:0:0
1.7831,rust,0,MM1 AI=0:0:2321:2314:0:0
1.8041,rust,0,"#50,YAW,0.57,GYRO,-12,45,-5,ACC,3,1,258,ADC,1279,501,4,2,"
1.8042,rust,0,MM0 ?C
1.8042,rust,0,MM1 ?C
1.8042,rust,0,MM0 C=-7:-35
1.8042,rust,0,MM1 C=-26:13
1.8263,rust,0,"#51,YAW,0.57,GYRO,-12,45,-7,ACC,5,2,258,ADC,1256,497,4,2,"
1.8264,rust,0,MM0 ?D
1.8264,rust,0,MM1 ?D
1.8264,rust,0,MM0 D=50
1.8264,rust,0,MM1 D=0
1.8460,rust,0,"#52,YAW,0.57,GYRO,-13,48,-6,ACC,7,1,258,ADC,1233,379,6,2,"
1.8461,rust,0,MM0 ?FF
1.8461,rust,0,MM1 ?FF
1.8461,rust,0,MM0 FF=16
1.8461,rust,0,MM1 FF=16
1.8461,rust,0,"$GPRMC,113653.6,A,5050.51577,N,00419.37174,E,000.50,005.2,081026,000.4,E*5D"
1.8461,rust,0,"#53,YAW,0.57,GYRO,-10,46,-6,ACC,3,0,256,ADC,1211,390,6,2,"
1.8799,rust,0,MM0 ?P
1.8799,rust,0,MM1 ?P
1.8799,rust,0,MM0 P=0:0
1.8799,rust,0,MM1 P=0:0
1.8799,rust,0,MM0 !M 0 0
1.8799,rust,0,MM1 !M 0 0
1.8799,rust,0,MM0 +
1.8799,rust,0,MM1 +
1.8799,rust,0,"#54,YAW,0.55,GYRO,-12,47,-7,ACC,4,0,258,ADC,1253,502,6,2,"
1.8799,rust,0,MM0 ?S
1.8799,rust,0,MM1 ?S
1.8800,rust,0,MM0 S=0:0
1.8800,rust,0,MM1 S=0:0
1.9098,rust,0,"#55,YAW,0.55,GYRO,-12,47,-7,ACC,6,1,258,ADC,1257,393,4,2,"
1.9098,rust,0,MM1 ?T
1.9098,rust,0,MM0 ?T
1.9098,rust,0,MM0 T=35:34
1.9098,rust,0,MM1 T=36:33
1.9249,rust,0,"#56,YAW,0.55,GYRO,-11,47,-6,ACC,6,0,259,ADC,1268,502,4,2,"
1.9249,rust,0,MM0 ?V
1.9249,rust,0,MM1 ?V
1.9249,rust,0,MM0 V=120:227:4907
1.9249,rust,0,MM1 V=120:226:4893
1.9435,rust,0,"#57,YAW,0.55,GYRO,-11,46,-7,ACC,5,1,260,ADC,1227,385,6,3,"
1.9436,rust,0,MM0 ?CR
1.9436,rust,0,MM1 ?CR
1.9436,rust,0,MM0 CR=0:0
1.9436,rust,0,MM1 CR=0:0
1.9780,rust,0,"#58,YAW,0.55,GYRO,-11,47,-7,ACC,9,1,259,ADC,1228,502,5,2,"
1.9780,rust,0,MM0 ?A
1.9781,rust,0,MM1 ?A
1.9781,rust,0,MM0 A=0:0
1.9781,rust,0,MM1 A=0:0
1.9781,rust,0,"#59,YAW,0.55,GYRO,-13,44,-6,ACC,6,-1,260,ADC,1226,499,5,2,"
1.9781,rust,0,MM0 ?AI
1.9781,rust,0,MM1 ?AI
1.9781,rust,0,MM0 AI=0:0:2413:2430:0:0
1.9781,rust,0,MM1 AI=0:0:2329:2317:0:0
1.9988,rust,0,"#60,YAW,0.55,GYRO,-12,47,-7,ACC,3,1,257,ADC,1311,399,4,1,"
1.9989,rust,0,MM0 ?C
1.9989,rust,0,MM1 ?C
1.9989,rust,0,MM0 C=-7:-35
1.9989,rust,0,MM1 C=-26:13
2.0199,rust,0,"#61,YAW,0.55,GYRO,-12,46,-7,ACC,3,3,253,ADC,1263,500,6,2,"
2.0199,rust,0,MM0 ?D
2.0199,rust,0,MM1 ?D
2.0199,rust,0,MM0 D=50
2.0199,rust,0,MM1 D=0
2.0458,rust,0,"#62,YAW,0.55,GYRO,-12,45,-5,ACC,5,0,260,ADC,1254,498,4,1,"
2.0458,rust,0,MM0 ?FF
2.0458,rust,0,MM1 ?FF
2.0458,rust,0,MM0 FF=16
2.0458,rust,0,MM1 FF=16
2.0458,rust,0,"$GPRMC,113653.8,A,5050.51573,N,00419.37172,E,000.49,005.2,081026,000.4,E*59"
2.0799,rust,0,"#63,YAW,0.55,GYRO,-13,45,-7,ACC,7,0,259,ADC,1286,499,5,2,"
2.0799,rust,0,MM0 ?P
2.0799,rust,0,MM1 ?P
2.0799,rust,0,MM0 P=0:0
2.0799,rust,0,MM1 P=0:0
2.0799,rust,0,MM0 !M 0 0PING
2.0799,rust,0,MM1 !M 0 0PING
2.0799,rust,0,MM0 +
2.0799,rust,0,MM1 +
2.0799,rust,0,MM0 !M 0 0
2.0799,rust,0,MM1 !M 0 0
2.0799,rust,0,MM0 +
2.0799,rust,0,MM1 +
2.0799,rust,0,"#64,YAW,0.52,GYRO,-11,46,-6,ACC,3,0,256,ADC,1258,390,7,2,"
2.0800,rust,0,MM0 ?S
2.0800,rust,0,MM1 ?S
2.0800,rust,0,MM0 S=0:0
2.0800,rust,0,MM1 S=0:0
2.1009,rust,0,"#65,YAW,0.52,GYRO,-13,48,-5,ACC,3,3,256,ADC,1241,381,7,2,"
2.1009,rust,0,MM0 ?T
2.1009,rust,0,MM1 ?T
2.1009,rust,0,MM0 T=35:34
2.1009,rust,0,MM1 T=36:33
2.1220,rust,0,"#66,YAW,0.52,GYRO,-12,45,-6,ACC,5,0,262,ADC,1304,503,6,2,"
2.1220,rust,0,MM0 ?V
2.1220,rust,0,MM1 ?V
2.1220,rust,0,MM0 V=120:228:4906
2.1220,rust,0,MM1 V=120:227:4893
2.1479,rust,0,"#67,YAW,0.52,GYRO,-11,46,-6,ACC,5,1,255,ADC,1199,381,5,2,"
2.1479,rust,0,MM1 ?CR
2.1479,rust,0,MM0 ?CR
2.1479,rust,0,MM1 CR=0:0
2.1479,rust,0,MM0 CR=0:0
2.1841,rust,0,"#68,YAW,0.52,GYRO,-12,47,-6,ACC,7,1,258,ADC,1278,385,8,2,"
2.1841,rust,0,MM0 ?A
2.1841,rust,0,MM1 ?A
2.1841,rust,0,MM0 A=0:0
2.1842,rust,0,MM1 A=0:0
2.1842,rust,0,MM0 !M 0 0
2.1842,rust,0,MM1 !M 0 0
2.1842,rust,0,MM0 +
2.1842,rust,0,MM1 +
2.1842,rust,0,"#69,YAW,0.52,GYRO,-13,46,-6,ACC,5,1,258,ADC,1196,388,4,2,"
2.1842,rust,0,MM0 ?AI
2.1842,rust,0,MM1 ?AI
2.1842,rust,0,MM0 AI=0:0:2434:2426:0:0
2.1842,rust,0,MM1 AI=0:0:2311:2384:0:0
2.2050,rust,0,"#70,YAW,0.52,GYRO,-13,47,-6,ACC,7,2,252,ADC,1240,385,5,1,"
2.2050,rust,0,MM0 ?C
2.2050,rust,0,MM1 ?C
2.2050,rust,0,MM0 C=-7:-35
2.2050,rust,0,MM1 C=-26:13
2.2259,rust,0,"#71,YAW,0.52,GYRO,-12,47,-5,ACC,4,0,256,ADC,1273,501,4,1,"
2.2260,rust,0,MM0 ?D
2.2260,rust,0,MM1 ?D
2.2260,rust,0,MM0 D=50
2.2260,rust,0,MM1 D=8
2.2260,rust,0,"#72,YAW,0.52,GYRO,-12,46,-6,ACC,-1,1,254,ADC,1260,389,5,2,"
2.2508,rust,0,MM1 ?FF
2.2509,rust,0,MM0 ?FF
2.2509,rust,0,MM1 FF=16
2.2509,rust,0,MM0 FF=16
2.2509,rust,0,"$GPRMC,113654.0,A,5050.51571,N,00419.37177,E,000.47,005.2,081026,000.4,E*5F"
2.2509,rust,0,"#73,YAW,0.52,GYRO,-12,45,-8,ACC,6,1,261,ADC,1271,390,5,2,"
2.2850,rust,0,MM1 ?P
2.2850,rust,0,MM0 ?P
2.2850,rust,0,MM1 P=0:0
2.2850,rust,0,MM0 P=0:0
2.2850,rust,0,MM1 !M 0 0
2.2850,rust,0,MM0 !M 0 0
2.2850,rust,0,MM1 +
2.2850,rust,0,MM0 +
2.2850,rust,0,"#74,YAW,0.50,GYRO,-11,48,-6,ACC,1,2,256,ADC,1278,387,5,2,"
2.2850,rust,0,MM0 ?S
2.2850,rust,0,MM1 ?S
2.2850,rust,0,MM0 S=0:0
2.2850,rust,0,MM1 S=0:0
2.3059,rust,0,"#75,YAW,0.50,GYRO,-14,47,-6,ACC,5,1,257,ADC,1265,500,8,2,"
2.3060,rust,0,MM1 ?T
2.3060,rust,0,MM0 ?T
2.3060,rust,0,MM1 T=36:33
2.3060,rust,0,MM0 T=35:34
2.3060,rust,0,"#76,YAW,0.50,GYRO,-13,46,-6,ACC,3,1,257,ADC,1254,500,6,2,"
2.3271,rust,0,MM1 ?V
2.3271,rust,0,MM0 ?V
2.3271,rust,0,MM1 V=120:226:4894
2.3271,rust,0,MM0 V=120:226:4906
2.3271,rust,0,"#77,YAW,0.50,GYRO,-11,47,-6,ACC,5,1,261,ADC,1217,385,3,1,"
2.3271,rust,0,MM1 ?CR
2.3271,rust,0,MM0 ?CR
2.3533,rust,0,MM1 CR=0:0
2.3533,rust,0,MM0 CR=0:0
2.3533,rust,0,"#78,YAW,0.50,GYRO,-13,46,-6,ACC,5,0,257,ADC,1254,499,7,2,"
2.3533,rust,0,MM1 ?A
2.3533,rust,0,MM0 ?A
2.3533,rust,0,MM1 A=0:0
2.3688,rust,0,MM0 A=0:0
2.3688,rust,0,"#79,YAW,0.50,GYRO,-11,47,-5,ACC,4,1,257,ADC,1284,499,6,2,"
2.3688,rust,0,MM0 ?AI
2.3688,rust,0,MM1 ?AI
2.3899,rust,0,MM1 AI=0:0:2331:2342:0:0
2.3900,rust,0,MM0 AI=0:0:2404:2416:0:0
2.3900,rust,0,MM0 !M 0 0
2.3900,rust,0,MM1 !M 0 0
2.3900,rust,0,MM0 +
2.3900,rust,0,MM1 +
2.3900,rust,0,"#80,YAW,0.50,GYRO,-12,45,-7,ACC,4,0,258,ADC,1260,492,5,1,"
2.3900,rust,0,MM1 ?C
2.3900,rust,0,MM0 ?C
2.3900,rust,0,MM1 C=-26:13
2.3900,rust,0,MM0 C=-7:-35
2.4110,rust,0,"#81,YAW,0.50,GYRO,-13,46,-6,ACC,6,0,258,ADC,1254,384,5,2,"
2.4111,rust,0,MM1 ?D
2.4111,rust,0,MM0 ?D
2.4111,rust,0,MM0 D=50
2.4111,rust,0,MM1 D=0
2.4318,rust,0,"#82,YAW,0.50,GYRO,-12,46,-7,ACC,4,0,254,ADC,1241,382,6,1,"
2.4318,rust,0,MM1 ?FF
2.4318,rust,0,MM0 ?FF
2.4318,rust,0,MM1 FF=16
2.4319,rust,0,MM0 FF=16
2.4554,rust,0,"$GPRMC,113654.2,A,5050.51569,N,00419.37177,E,000.45,005.2,081026,000.4,E*56"
2.4554,rust,0,"#83,YAW,0.50,GYRO,-12,47,-7,ACC,4,3,255,ADC,1241,381,5,1,"
2.4554,rust,0,MM1 ?P
2.4554,rust,0,MM0 ?P
2.4554,rust,0,MM1 P=0:0
2.4554,rust,0,MM0 P=0:0
2.4897,rust,0,"#84,YAW,0.48,GYRO,-11,46,-7,ACC,8,0,257,ADC,1230,391,5,2,"
2.4897,rust,0,MM0 ?S
2.4897,rust,0,MM1 ?S
2.4897,rust,0,MM0 S=0:0
2.4898,rust,0,MM1 S=0:0
2.4898,rust,0,MM1 !M 0 0
2.4898,rust,0,MM0 !M 0 0
2.4898,rust,0,MM1 +
2.4898,rust,0,MM0 +
2.4898,rust,0,"#85,YAW,0.48,GYRO,-13,46,-6,ACC,3,0,255,ADC,1244,384,5,2,"
2.4898,rust,0,MM1 ?T
2.4898,rust,0,MM0 ?T
2.4898,rust,0,MM1 T=36:33
2.4898,rust,0,MM0 T=35:34
2.5108,rust,0,"#86,YAW,0.48,GYRO,-11,47,-5,ACC,1,3,255,ADC,1243,392,4,2,"
2.5108,rust,0,MM1 ?V
2.5109,rust,0,MM0 ?V
2.5109,rust,0,MM1 V=120:226:4894
2.5109,rust,0,MM0 V=120:227:4906
2.5316,rust,0,"#87,YAW,0.48,GYRO,-12,47,-7,ACC,4,1,257,ADC,1279,385,4,1,"
2.5316,rust,0,MM1 ?CR
2.5317,rust,0,MM0 ?CR
2.5317,rust,0,MM1 CR=0:0
2.5317,rust,0,MM0 CR=0:0
2.5577,rust,0,"#88,YAW,0.48,GYRO,-12,46,-7,ACC,2,1,256,ADC,1242,389,7,3,"
2.5577,rust,0,MM1 ?A
2.5577,rust,0,MM0 ?A
2.5577,rust,0,MM1 A=0:0
2.5577,rust,0,MM0 A=0:0
2.5916,rust,0,"#89,YAW,0.48,GYRO,-13,45,-6,ACC,5,2,258,ADC,1225,495,6,2,"
2.5917,rust,0,MM1 ?AI
2.5917,rust,0,MM0 ?AI
2.5917,rust,0,MM0 AI=0:0:2429:2435:0:0
2.5917,rust,0,MM1 AI=0:0:2322:2340:0:0
2.5917,rust,0,MM1 !M 0 0
2.5917,rust,0,MM0 !M 0 0
2.5917,rust,0,MM1 +
2.5917,rust,0,MM0 +
2.5917,rust,0,"#90,YAW,0.48,GYRO,-10,46,-6,ACC,3,1,255,ADC,1279,402,6,2,"
2.5917,rust,0,MM1 ?C
2.5917,rust,0,MM0 ?C
2.5917,rust,0,MM1 C=-26:13
2.5917,rust,0,MM0 C=-7:-35
2.6135,rust,0,"#91,YAW,0.48,GYRO,-11,46,-7,ACC,5,2,259,ADC,1273,387,4,2,"
2.6135,rust,0,MM1 ?D
2.6135,rust,0,MM0 ?D
2.6135,rust,0,MM0 D=58
2.6135,rust,0,MM1 D=0
2.6340,rust,0,"#92,YAW,0.48,GYRO,-13,46,-5,ACC,4,1,260,ADC,1248,382,5,2,"
2.6340,rust,0,MM1 ?FF
2.6340,rust,0,MM0 ?FF
2.6341,rust,0,MM1 FF=16
2.6341,rust,0,MM0 FF=16
2.6601,rust,0,"$GPRMC,113654.4,A,5050.51570,N,00419.37178,E,000.44,005.2,081026,000.4,E*56"
2.6601,rust,0,"#93,YAW,0.48,GYRO,-12,47,-6,ACC,5,2,258,ADC,1257,386,4,2,"
2.6602,rust,0,MM1 ?P
2.6602,rust,0,MM0 ?P
2.6602,rust,0,MM1 P=0:0
2.6602,rust,0,MM0 P=0:0
2.6759,rust,0,"#94,YAW,0.46,GYRO,-12,45,-6,ACC,6,2,255,ADC,1296,412,7,2,"
2.6759,rust,0,MM1 ?S
2.6759,rust,0,MM0 ?S
2.6759,rust,0,MM1 S=0:0
2.6759,rust,0,MM0 S=0:0
2.6759,rust,0,MM0 !M 0 0
2.6759,rust,0,MM1 !M 0 0
2.6759,rust,0,MM0 +
2.6759,rust,0,MM1 +
2.6966,rust,0,"#95,YAW,0.46,GYRO,-12,46,-6,ACC,3,2,257,ADC,1281,405,8,2,"
2.6967,rust,0,MM1 ?T
2.6967,rust,0,MM0 ?T
2.6967,rust,0,MM1 T=36:33
2.6967,rust,0,MM0 T=35:34
2.7178,rust,0,"#96,YAW,0.46,GYRO,-12,48,-6,ACC,4,0,258,ADC,1250,391,4,2,"
2.7178,rust,0,MM1 ?V
2.7178,rust,0,MM0 ?V
2.7178,rust,0,MM1 V=120:227:4894
2.7178,rust,0,MM0 V=120:228:4906
2.7387,rust,0,"#97,YAW,0.46,GYRO,-11,45,-6,ACC,4,0,260,ADC,1234,386,6,1,"
2.7387,rust,0,MM1 ?CR
2.7387,rust,0,MM0 ?CR
2.7387,rust,0,MM1 CR=0:0
2.7387,rust,0,MM0 CR=0:0
2.7626,rust,0,"#98,YAW,0.46,GYRO,-11,48,-6,ACC,5,1,258,ADC,1230,384,4,2,"
2.7626,rust,0,MM1 ?A
2.7626,rust,0,MM0 ?A
2.7626,rust,0,MM1 A=0:0
2.7627,rust,0,MM0 A=0:0
2.8036,rust,0,"#99,YAW,0.46,GYRO,-11,47,-7,ACC,4,0,259,ADC,1205,382,4,2,"
2.8036,rust,0,MM1 ?AI
2.8036,rust,0,MM0 ?AI
2.8036,rust,0,MM1 AI=0:0:2316:2344:0:0
2.8036,rust,0,MM0 AI=0:0:2435:2426:0:0
2.8036,rust,0,MM0 !M 0 0
2.8036,rust,0,MM1 !M 0 0
2.8036,rust,0,MM0 +
2.8036,rust,0,MM1 +
2.8036,rust,0,"#100,YAW,0.45,GYRO,-12,47,-6,ACC,0,0,257,ADC,1256,382,3,1,"
2.8036,rust,0,MM1 ?C
2.8036,rust,0,MM0 ?C
2.8036,rust,0,MM1 C=-26:13
2.8037,rust,0,MM0 C=-7:-35
2.8178,rust,0,"#101,YAW,0.45,GYRO,-12,44,-6,ACC,4,0,258,ADC,1266,396,5,2,"
2.8179,rust,0,MM1 ?D
2.8179,rust,0,MM0 ?D
2.8179,rust,0,MM0 D=50
2.8179,rust,0,MM1 D=0
2.8390,rust,0,"#102,YAW,0.45,GYRO,-12,44,-7,ACC,2,1,261,ADC,1240,383,8,1,"
2.8390,rust,0,MM0 ?FF
2.8390,rust,0,MM1 ?FF
2.8390,rust,0,MM1 FF=16
2.8390,rust,0,MM0 FF=16
2.8390,rust,0,"$GPRMC,113654.6,A,5050.51573,N,00419.37180,E,000.43,005.2,081026,000.4,E*57"
2.8698,rust,0,"#103,YAW,0.45,GYRO,-11,46,-8,ACC,4,1,259,ADC,1202,380,4,2,"
2.8698,rust,0,MM0 ?P
2.8698,rust,0,MM1 ?P
2.8698,rust,0,MM0 P=0:0
2.8698,rust,0,MM1 P=0:0
2.8809,rust,0,"#104,YAW,0.44,GYRO,-11,47,-7,ACC,4,1,253,ADC,1234,390,6,1,"
2.8809,rust,0,MM1 ?S
2.8809,rust,0,MM0 ?S
2.8809,rust,0,MM1 S=0:0
2.8810,rust,0,MM0 S=0:0
2.8810,rust,0,MM0 !M 0 0
2.8810,rust,0,MM1 !M 0 0
2.8810,rust,0,MM0 +
2.8810,rust,0,MM1 +
2.9020,rust,0,"#105,YAW,0.44,GYRO,-12,48,-5,ACC,6,1,261,ADC,1234,389,6,2,"
2.9021,rust,0,MM1 ?T
2.9021,rust,0,MM0 ?T
2.9021,rust,0,MM1 T=36:33
2.9021,rust,0,MM0 T=35:34
2.9240,rust,0,"#106,YAW,0.44,GYRO,-12,46,-5,ACC,6,2,257,ADC,1286,503,5,1,"
2.9240,rust,0,MM0 ?V
2.9241,rust,0,MM1 ?V
2.9241,rust,0,MM0 V=120:224:4908
2.9241,rust,0,MM1 V=120:227:4893
2.9440,rust,0,"#107,YAW,0.44,GYRO,-12,46,-5,ACC,4,1,261,ADC,1271,393,7,1,"
2.9440,rust,0,MM0 ?CR
2.9440,rust,0,MM1 ?CR
2.9440,rust,0,MM0 CR=0:0
2.9440,rust,0,MM1 CR=0:0
2.9999,rust,0,"#108,YAW,0.44,GYRO,-12,47,-6,ACC,6,2,253,ADC,1282,499,6,1,"
3.0000,rust,0,MM0 ?A
3.0000,rust,0,MM1 ?A
3.0000,rust,0,MM0 A=0:0
3.0000,rust,0,MM1 A=0:0
3.0000,rust,0,"#109,YAW,0.43,GYRO,-13,46,-7,ACC,6,2,259,ADC,1235,385,7,2,"
3.0000,rust,0,MM0 ?AI
3.0000,rust,0,MM1 ?AI
3.0000,rust,0,MM0 AI=0:0:2423:2421:0:0
3.0000,rust,0,MM1 AI=0:0:2328:2308:0:0
3.0000,rust,0,MM0 !M 0 0
3.0000,rust,0,MM1 !M 0 0
3.0000,rust,0,MM0 +
3.0000,rust,0,MM1 +
3.0000,rust,0,"#110,YAW,0.43,GYRO,-12,47,-5,ACC,2,1,258,ADC,1272,500,5,2,"
3.0000,rust,0,MM0 ?C
3.0000,rust,0,MM1 ?C
3.0000,rust,0,MM0 C=-7:-35
3.0000,rust,0,MM1 C=-26:13
3.0211,rust,0,"#111,YAW,0.43,GYRO,-12,45,-7,ACC,3,2,257,ADC,1268,501,4,2,"
3.0212,rust,0,MM1 ?D
3.0212,rust,0,MM0 ?D
3.0212,rust,0,MM0 D=50
3.0212,rust,0,MM1 D=0
3.0420,rust,0,"#112,YAW,0.43,GYRO,-13,45,-6,ACC,4,0,256,ADC,1272,501,5,2,"
3.0420,rust,0,MM0 ?FF
3.0420,rust,0,MM1 ?FF
3.0420,rust,0,MM0 FF=16
3.0420,rust,0,MM1 FF=16
3.0420,rust,0,"$GPRMC,113654.8,A,5050.51574,N,00419.37178,E,000.43,005.2,081026,000.4,E*59"
3.0960,vrijgeven,0,"#113,YAW,0.43,GYRO,-12,47,-6,ACC,6,3,255,ADC,1255,396,5,2,"
3.0960,vrijgeven,0,MM0 ?P
3.0960,vrijgeven,0,MM1 ?P
3.0960,vrijgeven,0,MM0 P=0:0
3.0960,vrijgeven,0,MM1 P=0:0
3.0960,vrijgeven,0,MM1 !MG
3.0960,vrijgeven,0,MM0 !MG
3.0960,vrijgeven,0,MM1 +
3.0960,vrijgeven,0,MM0 +
3.0960,vrijgeven,0,"#114,YAW,0.42,GYRO,-13,45,-6,ACC,1,2,256,ADC,1292,396,7,1,"
3.0960,vrijgeven,0,MM0 ?S
3.0961,vrijgeven,0,MM1 ?S
3.0961,vrijgeven,0,MM0 S=0:0
3.0961,vrijgeven,0,MM1 S=0:0
3.0961,vrijgeven,0,MM0 !M 0 0
3.0961,vrijgeven,0,MM1 !M 0 0
3.0961,vrijgeven,0,MM0 +
3.0961,vrijgeven,0,MM1 +
3.0961,vrijgeven,0,"#115,YAW,0.42,GYRO,-12,47,-7,ACC,5,0,256,ADC,1281,501,4,2,"
3.0961,vrijgeven,0,MM0 ?T
3.0961,vrijgeven,0,MM1 ?T
3.0961,vrijgeven,0,MM0 T=35:34
3.0961,vrijgeven,0,MM1 T=36:33
3.1169,vrijgeven,0,"#116,YAW,0.42,GYRO,-13,45,-6,ACC,7,1,256,ADC,1268,386,4,1,"
3.1169,vrijgeven,0,MM0 ?V
3.1169,vrijgeven,0,MM1 ?V
3.1169,vrijgeven,0,MM0 V=120:227:4907
3.1170,vrijgeven,0,MM1 V=120:226:4894
3.1378,vrijgeven,0,"#117,YAW,0.42,GYRO,-12,46,-7,ACC,3,0,260,ADC,1242,385,5,2,"
3.1379,vrijgeven,0,MM0 ?CR
3.1379,vrijgeven,0,MM1 ?CR
3.1379,vrijgeven,0,MM0 CR=0:0
3.1379,vrijgeven,0,MM1 CR=0:0
3.1587,vrijgeven,0,"#118,YAW,0.42,GYRO,-11,44,-5,ACC,4,2,256,ADC,1265,501,5,2,"
3.1588,vrijgeven,0,MM0 ?A
3.1588,vrijgeven,0,MM1 ?A
3.1588,vrijgeven,0,MM0 A=0:0
3.1588,vrijgeven,0,MM1 A=0:0
3.1929,vrijgeven,0,"#119,YAW,0.42,GYRO,-12,48,-5,ACC,5,1,259,ADC,1263,491,4,2,"
3.1929,vrijgeven,0,MM0 ?AI
3.1929,vrijgeven,0,MM1 ?AI
3.1929,vrijgeven,0,MM0 AI=0:0:2421:2426:0:0
3.1929,vrijgeven,0,MM1 AI=0:0:2314:2334:0:0
3.1929,vrijgeven,0,MM1 !M 0 0
3.1929,vrijgeven,0,MM0 !M 0 0
3.1929,vrijgeven,0,MM1 +
3.1929,vrijgeven,0,MM0 +
3.1929,vrijgeven,0,"#120,YAW,0.42,GYRO,-12,46,-7,ACC,3,1,258,ADC,1260,495,5,1,"
3.1929,vrijgeven,0,MM0 ?C
3.1929,vrijgeven,0,MM1 ?C
3.1929,vrijgeven,0,MM0 C=-7:-35
3.1929,vrijgeven,0,MM1 C=-26:13
3.2139,vrijgeven,0,"#121,YAW,0.41,GYRO,-12,48,-8,ACC,3,0,257,ADC,1273,385,5,2,"
3.2139,vrijgeven,0,MM0 ?D
3.2139,vrijgeven,0,MM1 ?D
3.2139,vrijgeven,0,MM0 D=50
3.2139,vrijgeven,0,MM1 D=0
3.2350,vrijgeven,0,"#122,YAW,0.41,GYRO,-13,45,-7,ACC,4,1,256,ADC,1287,500,5,2,"
3.2351,vrijgeven,0,MM0 ?FF
3.2351,vrijgeven,0,MM1 ?FF
3.2351,vrijgeven,0,MM0 FF=0
3.2351,vrijgeven,0,MM1 FF=0
3.2766,vrijgeven,0,"$GPRMC,113655.0,A,5050.51579,N,00419.37178,E,000.45,005.2,081026,000.4,E*5B"
3.2766,vrijgeven,0,"#123,YAW,0.41,GYRO,-13,45,-6,ACC,5,-1,259,ADC,1282,500,7,2,"
3.2766,vrijgeven,0,MM0 ?P
3.2766,vrijgeven,0,MM1 ?P
3.2766,vrijgeven,0,MM0 P=0:0
3.2766,vrijgeven,0,MM1 P=0:0
3.2766,vrijgeven,0,"#124,YAW,0.40,GYRO,-11,43,-5,ACC,5,1,261,ADC,1244,384,5,2,"
3.2766,vrijgeven,0,MM0 ?S
3.2766,vrijgeven,0,MM1 ?S
3.2766,vrijgeven,0,MM0 S=0:0
3.2766,vrijgeven,0,MM1 S=0:0
3.3110,vrijgeven,0,"#125,YAW,0.40,GYRO,-12,46,-6,ACC,3,4,258,ADC,1257,500,6,2,"
3.3110,vrijgeven,0,MM0 ?T
3.3110,vrijgeven,0,MM1 ?T
3.3110,vrijgeven,0,MM0 T=35:34
3.3110,vrijgeven,0,MM1 T=36:33
3.3110,vrijgeven,0,MM0 !M 0 0
3.3110,vrijgeven,0,MM1 !M 0 0
3.3110,vrijgeven,0,MM0 +
3.3110,vrijgeven,0,MM1 +
3.3110,vrijgeven,0,"#126,YAW,0.40,GYRO,-13,45,-5,ACC,1,1,260,ADC,1281,501,4,2,"
3.3111,vrijgeven,0,MM0 ?V
3.3111,vrijgeven,0,MM1 ?V
3.3111,vrijgeven,0,MM0 V=120:226:4906
3.3111,vrijgeven,0,MM1 V=120:226:4894
3.3319,vrijgeven,0,"#127,YAW,0.40,GYRO,-12,46,-6,ACC,7,2,257,ADC,1315,388,4,2,"
3.3320,vrijgeven,0,MM0 ?CR
3.3320,vrijgeven,0,MM1 ?CR
3.3320,vrijgeven,0,MM0 CR=0:0
3.3320,vrijgeven,0,MM1 CR=0:0
3.3531,vrijgeven,0,"#128,YAW,0.40,GYRO,-11,48,-6,ACC,7,1,255,ADC,1268,401,3,1,"
3.3532,vrijgeven,0,MM0 ?A
3.3532,vrijgeven,0,MM1 ?A
3.3532,vrijgeven,0,MM0 A=0:0
3.3532,vrijgeven,0,MM1 A=0:0
3.3888,vrijgeven,0,MM0 !M 0 0
3.3888,vrijgeven,0,MM1 !M 0 0
3.3888,vrijgeven,0,MM0 +
3.3888,vrijgeven,0,MM1 +
3.3888,vrijgeven,0,"#129,YAW,0.40,GYRO,-12,45,-5,ACC,3,2,255,ADC,1263,350,5,3,"
3.3888,vrijgeven,0,MM0 ?AI
3.3888,vrijgeven,0,MM1 ?AI
3.3888,vrijgeven,0,MM0 AI=0:0:2426:2422:0:0
3.3889,vrijgeven,0,MM1 AI=0:0:2308:2343:0:0
3.3889,vrijgeven,0,"#130,YAW,0.40,GYRO,-12,47,-6,ACC,5,0,254,ADC,1297,499,7,1,"
3.3889,vrijgeven,0,MM0 ?C
3.3889,vrijgeven,0,MM1 ?C
3.4089,vrijgeven,0,MM0 C=-7:-35
3.4090,vrijgeven,0,MM1 C=-26:13
3.4090,vrijgeven,0,"#131,YAW,0.40,GYRO,-12,45,-7,ACC,6,1,260,ADC,1268,402,5,2,"
3.4090,vrijgeven,0,MM0 ?D
3.4090,vrijgeven,0,MM1 ?D
3.4090,vrijgeven,0,MM0 D=50
3.4090,vrijgeven,0,MM1 D=8
3.4298,vrijgeven,0,"#132,YAW,0.40,GYRO,-10,46,-6,ACC,4,2,256,ADC,1258,407,5,2,"
3.4299,vrijgeven,0,MM0 ?FF
3.4299,vrijgeven,0,MM1 ?FF
3.4299,vrijgeven,0,MM0 FF=0
3.4299,vrijgeven,0,MM1 FF=0
3.4509,vrijgeven,0,"$GPRMC,113655.2,A,5050.51582,N,00419.37178,E,000.45,005.2,081026,000.4,E*5D"
3.4509,vrijgeven,0,"#133,YAW,0.40,GYRO,-12,45,-6,ACC,5,1,255,ADC,1244,502,5,2,"
3.4509,vrijgeven,0,MM0 ?P
3.4509,vrijgeven,0,MM1 ?P
3.4509,vrijgeven,0,MM0 P=0:0
3.4509,vrijgeven,0,MM1 P=0:0
3.4851,vrijgeven,0,MM1 !M 0 0
3.4851,vrijgeven,0,MM0 !M 0 0
3.4851,vrijgeven,0,MM1 +
3.4851,vrijgeven,0,MM0 +
3.4851,vrijgeven,0,"#134,YAW,0.38,GYRO,-12,47,-6,ACC,5,0,256,ADC,1245,395,6,2,"
3.4851,vrijgeven,0,MM0 ?S
3.4851,vrijgeven,0,MM1 ?S
3.4851,vrijgeven,0,MM0 S=0:0
3.4851,vrijgeven,0,MM1 S=0:0
3.5059,vrijgeven,0,"#135,YAW,0.38,GYRO,-13,46,-6,ACC,3,1,258,ADC,1217,382,5,1,"
3.5059,vrijgeven,0,MM0 ?T
3.5059,vrijgeven,0,MM1 ?T
3.5060,vrijgeven,0,MM0 T=35:34
3.5060,vrijgeven,0,MM1 T=36:33
3.5060,vrijgeven,0,"#136,YAW,0.38,GYRO,-13,47,-6,ACC,3,1,256,ADC,1214,385,8,1,"
3.5271,vrijgeven,0,MM0 ?V
3.5271,vrijgeven,0,MM1 ?V
3.5271,vrijgeven,0,MM0 V=120:228:4906
3.5271,vrijgeven,0,MM1 V=120:227:4894
3.5271,vrijgeven,0,"#137,YAW,0.38,GYRO,-12,47,-6,ACC,5,0,259,ADC,1285,501,5,2,"
3.5271,vrijgeven,0,MM0 ?CR
3.5480,vrijgeven,0,MM1 ?CR
3.5480,vrijgeven,0,MM0 CR=0:0
3.5480,vrijgeven,0,MM1 CR=0:0
3.5480,vrijgeven,0,"#138,YAW,0.38,GYRO,-11,47,-6,ACC,6,0,259,ADC,1235,388,6,2,"
3.5480,vrijgeven,0,MM0 ?A
3.5480,vrijgeven,0,MM1 ?A
3.5480,vrijgeven,0,MM0 A=0:0
3.5980,vrijgeven,0,MM1 A=0:0
3.5980,vrijgeven,0,"#139,YAW,0.38,GYRO,-12,47,-7,ACC,3,0,257,ADC,1238,496,6,2,"
3.5980,vrijgeven,0,MM0 ?AI
3.5980,vrijgeven,0,MM1 ?AI
3.5981,vrijgeven,0,MM0 AI=0:0:2426:2423:0:0
3.5981,vrijgeven,0,MM1 AI=0:0:2315:2330:0:0
3.5981,vrijgeven,0,MM0 !M 0 0
3.5981,vrijgeven,0,MM1 !M 0 0
3.5981,vrijgeven,0,MM0 +
3.5981,vrijgeven,0,MM1 +
3.5981,vrijgeven,0,"#140,YAW,0.38,GYRO,-12,44,-5,ACC,5,1,257,ADC,1290,496,4,2,"
3.5983,vrijgeven,0,MM0 ?C
3.5983,vrijgeven,0,MM1 ?C
3.5983,vrijgeven,0,MM0 C=-7:-35
3.5983,vrijgeven,0,MM1 C=-26:13
3.6188,vrijgeven,0,"#141,YAW,0.38,GYRO,-13,48,-6,ACC,7,-1,258,ADC,1262,500,5,2,"
3.6188,vrijgeven,0,MM0 ?D
3.6188,vrijgeven,0,MM1 ?D
3.6188,vrijgeven,0,MM0 D=50
3.6188,vrijgeven,0,MM1 D=0
3.6398,vrijgeven,0,"#142,YAW,0.38,GYRO,-11,44,-6,ACC,4,3,259,ADC,1261,401,4,1,"
3.6399,vrijgeven,0,MM0 ?FF
3.6399,vrijgeven,0,MM1 ?FF
3.6399,vrijgeven,0,MM0 FF=0
3.6399,vrijgeven,0,MM1 FF=0
3.6399,vrijgeven,0,"$GPRMC,113655.4,A,5050.51584,N,00419.37178,E,000.45,005.2,081026,000.4,E*5D"
3.6609,vrijgeven,0,"#143,YAW,0.38,GYRO,-13,47,-7,ACC,4,1,257,ADC,1241,383,7,2,"
3.6609,vrijgeven,0,MM0 ?P
3.6609,vrijgeven,0,MM1 ?P
3.6609,vrijgeven,0,MM0 P=0:0
3.6609,vrijgeven,0,MM1 P=0:0
3.6988,vrijgeven,0,"#144,YAW,0.36,GYRO,-12,45,-6,ACC,4,1,254,ADC,1255,503,4,1,"
3.6988,vrijgeven,0,MM0 ?S
3.6988,vrijgeven,0,MM1 ?S
3.6989,vrijgeven,0,MM0 S=0:0
3.6989,vrijgeven,0,MM1 S=0:0
3.6989,vrijgeven,0,MM1 !M 0 0
3.6989,vrijgeven,0,MM0 !M 0 0
3.6989,vrijgeven,0,MM0 +
3.6989,vrijgeven,0,MM1 +
3.6989,vrijgeven,0,"#145,YAW,0.36,GYRO,-12,45,-6,ACC,6,0,257,ADC,1299,397,4,1,"
3.6989,vrijgeven,0,MM0 ?T
3.6989,vrijgeven,0,MM1 ?T
3.6989,vrijgeven,0,MM0 T=35:34
3.6989,vrijgeven,0,MM1 T=36:33
3.7199,vrijgeven,0,"#146,YAW,0.36,GYRO,-13,45,-5,ACC,4,-2,252,ADC,1208,384,5,1,"
3.7199,vrijgeven,0,MM0 ?V
3.7199,vrijgeven,0,MM1 ?V
3.7199,vrijgeven,0,MM0 V=120:227:4906
3.7200,vrijgeven,0,MM1 V=120:226:4894
3.7408,vrijgeven,0,"#147,YAW,0.36,GYRO,-12,45,-7,ACC,4,2,254,ADC,1259,392,7,2,"
3.7409,vrijgeven,0,MM0 ?CR
3.7409,vrijgeven,0,MM1 ?CR
3.7409,vrijgeven,0,MM0 CR=0:0
3.7409,vrijgeven,0,MM1 CR=0:0
3.7620,vrijgeven,0,"#148,YAW,0.36,GYRO,-13,47,-6,ACC,5,0,257,ADC,1309,386,6,2,"
3.7620,vrijgeven,0,MM0 ?A
3.7621,vrijgeven,0,MM1 ?A
3.7621,vrijgeven,0,MM0 A=0:0
3.7621,vrijgeven,0,MM1 A=0:0
3.7959,vrijgeven,0,"#149,YAW,0.36,GYRO,-13,48,-6,ACC,3,0,262,ADC,1251,384,5,2,"
3.7959,vrijgeven,0,MM0 ?AI
3.7959,vrijgeven,0,MM1 ?AI
3.7959,vrijgeven,0,MM0 AI=0:0:2409:2428:0:0
3.7959,vrijgeven,0,MM1 AI=0:0:2306:2359:0:0
3.7959,vrijgeven,0,MM0 !M 0 0
3.7959,vrijgeven,0,MM1 !M 0 0
3.7959,vrijgeven,0,MM0 +
3.7959,vrijgeven,0,MM1 +
3.7959,vrijgeven,0,"#150,YAW,0.36,GYRO,-11,45,-6,ACC,2,1,256,ADC,1295,496,7,3,"
3.7959,vrijgeven,0,MM0 ?C
3.7959,vrijgeven,0,MM1 ?C
3.7959,vrijgeven,0,MM0 C=-7:-35
3.7960,vrijgeven,0,MM1 C=-26:13
3.8168,vrijgeven,0,"#151,YAW,0.36,GYRO,-12,45,-6,ACC,4,0,256,ADC,1256,385,6,1,"
3.8168,vrijgeven,0,MM0 ?D
3.8168,vrijgeven,0,MM1 ?D
3.8168,vrijgeven,0,MM0 D=50
3.8168,vrijgeven,0,MM1 D=0
3.8397,vrijgeven,0,"#152,YAW,0.36,GYRO,-12,46,-6,ACC,8,1,258,ADC,1266,389,5,2,"
3.8398,vrijgeven,0,MM0 ?FF
3.8398,vrijgeven,0,MM1 ?FF
3.8398,vrijgeven,0,MM0 FF=0
3.8398,vrijgeven,0,MM1 FF=0
3.8398,vrijgeven,0,"$GPRMC,113655.6,A,5050.51587,N,00419.37178,E,000.45,005.2,081026,000.4,E*5C"
3.8709,vrijgeven,0,"#153,YAW,0.36,GYRO,-12,44,-8,ACC,8,0,258,ADC,1238,385,4,2,"
3.8710,vrijgeven,0,MM0 ?P
3.8710,vrijgeven,0,MM1 ?P
3.8710,vrijgeven,0,MM0 P=0:0
3.8710,vrijgeven,0,MM1 P=0:0
3.8796,vrijgeven,0,"#154,YAW,0.35,GYRO,-12,46,-6,ACC,4,3,256,ADC,1221,384,4,1,"
3.8796,vrijgeven,0,MM0 ?S
3.8796,vrijgeven,0,MM1 ?S
3.8796,vrijgeven,0,MM0 S=0:0
3.8796,vrijgeven,0,MM1 S=0:0
3.8796,vrijgeven,0,MM0 !M 0 0
3.8796,vrijgeven,0,MM1 !M 0 0
3.8796,vrijgeven,0,MM0 +
3.8796,vrijgeven,0,MM1 +
3.9008,vrijgeven,0,"#155,YAW,0.35,GYRO,-13,45,-6,ACC,4,1,257,ADC,1241,501,8,2,"
3.9008,vrijgeven,0,MM0 ?T
3.9008,vrijgeven,0,MM1 ?T
3.9008,vrijgeven,0,MM0 T=35:34
3.9009,vrijgeven,0,MM1 T=36:33
3.9357,vrijgeven,0,"#156,YAW,0.35,GYRO,-11,46,-6,ACC,6,0,260,ADC,1239,388,5,2,"
3.9358,vrijgeven,0,MM0 ?V
3.9358,vrijgeven,0,MM1 ?V
3.9358,vrijgeven,0,MM0 V=120:228:4906
3.9358,vrijgeven,0,MM1 V=120:227:4894
3.9440,vrijgeven,0,"#157,YAW,0.35,GYRO,-12,47,-7,ACC,6,0,256,ADC,1308,501,7,2,"
3.9440,vrijgeven,0,MM0 ?CR
3.9440,vrijgeven,0,MM1 ?CR
3.9440,vrijgeven,0,MM0 CR=0:0
3.9440,vrijgeven,0,MM1 CR=0:0
3.9648,vrijgeven,0,"#158,YAW,0.35,GYRO,-12,47,-6,ACC,3,0,255,ADC,1277,389,5,2,"
3.9648,vrijgeven,0,MM0 ?A
3.9648,vrijgeven,0,MM1 ?A
3.9648,vrijgeven,0,MM0 A=0:0
3.9648,vrijgeven,0,MM1 A=0:0
3.9986,vrijgeven,0,"#159,YAW,0.35,GYRO,-11,46,-6,ACC,4,0,259,ADC,1244,389,4,1,"
3.9986,vrijgeven,0,MM0 ?AI
3.9987,vrijgeven,0,MM1 ?AI
3.9987,vrijgeven,0,MM0 AI=0:0:2425:2420:0:0
3.9987,vrijgeven,0,MM1 AI=0:0:2325:2343:0:0
3.9987,vrijgeven,0,MM1 !M 0 0
3.9987,vrijgeven,0,MM0 !M 0 0
3.9987,vrijgeven,0,MM1 +
3.9987,vrijgeven,0,MM0 +
3.9987,vrijgeven,0,"#160,YAW,0.35,GYRO,-12,47,-4,ACC,3,1,255,ADC,1237,501,6,2,"
3.9987,vrijgeven,0,MM0 ?C
3.9987,vrijgeven,0,MM1 ?C
3.9987,vrijgeven,0,MM0 C=-7:-35
3.9987,vrijgeven,0,MM1 C=-26:13
4.0198,vrijgeven,0,"#161,YAW,0.35,GYRO,-11,44,-7,ACC,3,1,261,ADC,1230,386,3,2,"
4.0198,vrijgeven,0,MM0 ?D
4.0198,vrijgeven,0,MM1 ?D
4.0198,vrijgeven,0,MM0 D=50
4.0198,vrijgeven,0,MM1 D=0
4.0410,vrijgeven,0,"#162,YAW,0.35,GYRO,-13,46,-6,ACC,5,2,258,ADC,1272,389,7,1,"
4.0410,vrijgeven,0,MM0 ?FF
4.0411,vrijgeven,0,MM1 ?FF
4.0411,vrijgeven,0,MM0 FF=0
4.0411,vrijgeven,0,MM1 FF=0
4.0411,vrijgeven,0,"$GPRMC,113655.8,A,5050.51589,N,00419.37178,E,000.45,005.2,081026,000.4,E*5C"
4.0618,heen,0,"#163,YAW,0.35,GYRO,-13,46,-6,ACC,4,1,259,ADC,1235,500,5,1,"
4.0618,heen,0,MM0 ?P
4.0618,heen,0,MM1 ?P
4.0618,heen,0,MM0 P=0:0
4.0618,heen,0,MM1 P=0:0
4.0956,heen,0,"#164,YAW,0.33,GYRO,-12,45,-6,ACC,3,1,256,ADC,1237,382,4,2,"
4.0956,heen,0,MM0 ?S
4.0956,heen,0,MM1 ?S
4.0956,heen,0,MM0 S=0:0
4.0956,heen,0,MM1 S=0:0
4.0956,heen,0,MM1 !M 0 0
4.0956,heen,0,MM0 !M 0 0
4.0956,heen,0,MM1 +
4.0956,heen,0,MM0 +
4.0956,heen,0,"#165,YAW,0.33,GYRO,-12,47,-6,ACC,5,0,256,ADC,1252,386,4,2,"
4.0956,heen,0,MM0 ?T
4.0956,heen,0,MM1 ?T
4.0956,heen,0,MM0 T=35:34
4.0956,heen,0,MM1 T=36:33
4.1167,heen,0,"#166,YAW,0.33,GYRO,-12,45,-7,ACC,8,1,261,ADC,1261,498,4,2,"
4.1168,heen,0,MM0 ?V
4.1168,heen,0,MM1 ?V
4.1168,heen,0,MM0 V=120:227:4906
4.1168,heen,0,MM1 V=120:226:4894
4.1509,heen,0,"#167,YAW,0.33,GYRO,-11,45,-5,ACC,8,2,257,ADC,1227,389,5,3,"
4.1509,heen,0,MM0 ?CR
4.1509,heen,0,MM1 ?CR
4.1509,heen,0,MM0 CR=0:0
4.1509,heen,0,MM1 CR=0:0
4.1509,heen,0,MM0 !M 0 0
4.1509,heen,0,MM1 !M 0 0
4.1509,heen,0,MM0 +
4.1509,heen,0,MM1 +
4.1509,heen,0,"#168,YAW,0.33,GYRO,-12,47,-6,ACC,2,2,258,ADC,1282,382,4,2,"
4.1509,heen,0,MM0 ?A
4.1509,heen,0,MM1 ?A
4.1509,heen,0,MM0 A=0:0
4.1509,heen,0,MM1 A=0:0
4.2010,heen,0,"#169,YAW,0.33,GYRO,-12,44,-6,ACC,4,0,255,ADC,1229,391,8,2,"
4.2010,heen,0,MM0 ?AI
4.2010,heen,0,MM1 ?AI
4.2010,heen,0,MM0 AI=0:0:2422:2429:0:0
4.2010,heen,0,MM1 AI=0:0:2347:2334:0:0
4.2010,heen,0,MM0 !M 0 0
4.2010,heen,0,MM1 !M 0 0
4.2010,heen,0,MM0 +
4.2010,heen,0,MM1 +
4.2010,heen,0,"#170,YAW,0.33,GYRO,-11,46,-6,ACC,6,1,259,ADC,1265,381,4,2,"
4.2010,heen,0,MM0 ?C
4.2010,heen,0,MM1 ?C
4.2010,heen,0,MM0 C=-7:-35
4.2010,heen,0,MM1 C=-26:13
4.2569,heen,0,"#171,YAW,0.33,GYRO,-11,46,-7,ACC,4,1,254,ADC,1270,501,6,1,"
4.2569,heen,0,MM0 ?D
4.2569,heen,0,MM1 ?D
4.2569,heen,0,MM0 D=50
4.2569,heen,0,MM1 D=0
4.2569,heen,0,"#172,YAW,0.33,GYRO,-12,46,-6,ACC,4,0,256,ADC,1279,401,4,2,"
4.2569,heen,0,MM0 ?FF
4.2570,heen,0,MM1 ?FF
4.2570,heen,0,MM0 FF=0
4.2570,heen,0,MM1 FF=0
4.2570,heen,0,"$GPRMC,113656.0,A,5050.51592,N,00419.37178,E,000.46,005.2,081026,000.4,E*5E"
4.2570,heen,0,MM0 !M 0 0
4.2570,heen,0,MM1 !M 0 0
4.2570,heen,0,MM0 +
4.2570,heen,0,MM1 +
4.2570,heen,0,"#173,YAW,0.33,GYRO,-11,47,-6,ACC,5,2,256,ADC,1292,498,7,1,"
4.2570,heen,0,MM0 ?P
4.2570,heen,0,MM1 ?P
4.2570,heen,0,MM0 P=0:0
4.2570,heen,0,MM1 P=0:0
4.2910,heen,0,"#174,YAW,0.32,GYRO,-12,48,-6,ACC,3,0,259,ADC,1273,503,5,2,"
4.2910,heen,0,MM0 ?S
4.2910,heen,0,MM1 ?S
4.2910,heen,0,MM0 S=0:0
4.2910,heen,0,MM1 S=0:0
4.2910,heen,0,MM0 !M 0 0
4.2910,heen,0,MM1 !M 0 0
4.2910,heen,0,MM0 +
4.2910,heen,0,MM1 +
4.2910,heen,0,"#175,YAW,0.32,GYRO,-12,45,-5,ACC,7,1,261,ADC,1259,386,5,2,"
4.2910,heen,0,MM0 ?T
4.2910,heen,0,MM1 ?T
4.2910,heen,0,MM0 T=35:34
4.2910,heen,0,MM1 T=36:33
4.3118,heen,0,"#176,YAW,0.32,GYRO,-12,46,-5,ACC,5,3,253,ADC,1306,502,9,2,"
4.3118,heen,0,MM0 ?V
4.3118,heen,0,MM1 ?V
4.3118,heen,0,MM0 V=120:227:4907
4.3118,heen,0,MM1 V=120:228:4894
4.3460,heen,0,MM1 !M 0 0
4.3460,heen,0,MM0 !M 0 0
4.3460,heen,0,MM1 +
4.3460,heen,0,MM0 +
4.3460,heen,0,"#177,YAW,0.32,GYRO,-12,45,-6,ACC,5,2,258,ADC,1281,297,7,1,"
4.3461,heen,0,MM0 ?CR
4.3461,heen,0,MM1 ?CR
4.3461,heen,0,MM0 CR=0:0
4.3461,heen,0,MM1 CR=0:0
4.3461,heen,0,"#178,YAW,0.32,GYRO,-13,44,-6,ACC,8,-8,270,ADC,1287,392,5,2,"
4.3669,heen,0,MM0 ?A
4.3670,heen,0,MM1 ?A
4.3670,heen,0,MM0 A=0:0
4.3670,heen,0,MM1 A=0:0
4.3670,heen,0,"#179,YAW,0.32,GYRO,-10,45,-7,ACC,4,0,256,ADC,1223,395,5,2,"
4.3670,heen,0,MM0 ?AI
4.4011,heen,0,MM1 ?AI
4.4011,heen,0,MM0 AI=0:0:2408:2429:0:0
4.4011,heen,0,MM1 AI=0:0:2320:2327:0:0
4.4011,heen,0,MM1 !M 0 0
4.4011,heen,0,MM0 !M 0 0
4.4012,heen,0,MM1 +
4.4012,heen,0,MM0 +
4.4012,heen,0,"#180,YAW,0.32,GYRO,-13,46,-6,ACC,5,0,256,ADC,1248,500,5,2,"
4.4012,heen,0,MM0 ?C
4.4012,heen,0,MM1 ?C
4.4012,heen,0,MM0 C=-7:-35
4.4012,heen,0,MM1 C=-26:13
4.4065,heen,0,DOEL heen 6.5000 r=0.13360
4.4540,heen,0,"#181,YAW,0.32,GYRO,-11,45,-5,ACC,6,1,260,ADC,1216,498,6,2,"
4.4540,heen,0,MM0 ?D
4.4540,heen,0,MM1 ?D
4.4540,heen,0,MM0 D=50
4.4540,heen,0,MM1 D=0
4.4540,heen,0,"#182,YAW,0.32,GYRO,-12,47,-6,ACC,5,0,254,ADC,1253,501,4,1,"
4.4540,heen,0,MM1 ?FF
4.4540,heen,0,MM0 ?FF
4.4541,heen,0,MM1 FF=0
4.4541,heen,0,MM0 FF=0
4.4541,heen,0,"$GPRMC,113656.2,A,5050.51595,N,00419.37178,E,000.47,005.2,081026,000.4,E*5A"
4.4541,heen,0,MM0 !M 0 0
4.4541,heen,0,MM0 +
4.4541,heen,0,MM1 !M 0 0
4.4541,heen,0,MM1 +
4.4541,heen,0,"#183,YAW,0.32,GYRO,-13,46,-6,ACC,4,1,254,ADC,1256,332,4,2,"
4.4541,heen,0,MM0 ?P
4.4541,heen,0,MM1 ?P
4.4541,heen,0,MM0 P=0:0
4.4541,heen,0,MM1 P=0:0
4.5052,heen,8,"#184,YAW,0.30,GYRO,-12,45,-8,ACC,5,0,260,ADC,1246,395,4,2,"
4.5052,heen,8,MM0 ?S
4.5052,heen,8,MM1 ?S
4.5052,heen,8,MM0 S=0:0
4.5052,heen,8,MM1 S=0:0
4.5052,heen,8,MM0 !M 8 -8
4.5052,heen,8,MM1 !M 8 -8
4.5052,heen,8,MM0 +
4.5052,heen,8,MM1 +
4.5052,heen,8,"#185,YAW,0.30,GYRO,-12,47,-6,ACC,7,0,259,ADC,1285,282,4,1,"
4.5052,heen,8,MM0 ?T
4.5053,heen,8,MM1 ?T
4.5053,heen,8,MM0 T=35:34
4.5053,heen,8,MM1 T=36:33
4.5549,heen,16,"#186,YAW,0.30,GYRO,-11,45,-7,ACC,3,0,258,ADC,1293,501,5,2,"
4.5549,heen,16,MM0 ?V
4.5549,heen,16,MM1 ?V
4.5549,heen,16,MM0 V=120:227:4906
4.5549,heen,16,MM1 V=120:224:4894
4.5549,heen,16,"#187,YAW,0.30,GYRO,-11,48,-7,ACC,2,1,254,ADC,1281,501,5,2,"
4.5549,heen,16,MM1 ?CR
4.5549,heen,16,MM0 ?CR
4.5549,heen,16,MM1 CR=0:0
4.5549,heen,16,MM0 CR=0:0
4.5549,heen,16,MM1 !M 16 -16
4.5550,heen,16,MM0 !M 16 -16
4.5550,heen,16,MM1 +
4.5550,heen,16,MM0 +
4.5550,heen,16,"#188,YAW,0.30,GYRO,-13,46,-5,ACC,6,1,258,ADC,1272,501,4,2,"
4.5550,heen,16,MM0 ?A
4.5550,heen,16,MM1 ?A
4.5550,heen,16,MM0 A=0:0
4.5550,heen,16,MM1 A=0:0
4.6060,heen,25,"#189,YAW,0.30,GYRO,-12,46,-4,ACC,3,1,257,ADC,1250,491,7,2,"
4.6060,heen,25,MM1 ?AI
4.6060,heen,25,MM0 ?AI
4.6060,heen,25,MM1 AI=0:0:2314:2316:0:0
4.6060,heen,25,MM0 AI=0:0:2434:2430:0:0
4.6060,heen,25,MM0 !M 25 -25
4.6060,heen,25,MM1 !M 25 -25
4.6060,heen,25,MM0 +
4.6060,heen,25,MM1 +
4.6060,heen,25,"#190,YAW,0.30,GYRO,-12,39,-12,ACC,7,1,254,ADC,1242,310,4,2,"
4.6061,heen,25,MM0 ?C
4.6061,heen,25,MM1 ?C
4.6061,heen,25,MM0 C=-6:-35
4.6061,heen,25,MM1 C=-26:13
4.6569,heen,33,"#191,YAW,0.30,GYRO,-13,51,-14,ACC,13,0,260,ADC,1223,411,6,1,"
4.6569,heen,33,MM0 ?D
4.6569,heen,33,MM1 ?D
4.6569,heen,33,MM0 D=48
4.6569,heen,33,MM1 D=0
4.6569,heen,33,"#192,YAW,0.30,GYRO,-12,50,-12,ACC,12,1,256,ADC,1257,385,6,2,"
4.6569,heen,33,MM1 ?FF
4.6569,heen,33,MM0 ?FF
4.6569,heen,33,MM1 FF=0
4.6569,heen,33,MM0 FF=0
4.6569,heen,33,"$GPRMC,113656.4,A,5050.51598,N,00419.37178,E,000.48,005.2,081026,000.4,E*5E"
4.6569,heen,33,MM1 !M 33 -33
4.6570,heen,33,MM0 !M 33 -33
4.6570,heen,33,MM1 +
4.6570,heen,33,MM0 +
4.6570,heen,33,"#193,YAW,0.30,GYRO,-15,49,-2,ACC,7,2,257,ADC,1250,351,4,2,"
4.6570,heen,33,MM0 ?P
4.6570,heen,33,MM1 ?P
4.6570,heen,33,MM0 P=33:-33
4.6570,heen,33,MM1 P=33:-33
4.7080,heen,42,"#194,YAW,0.29,GYRO,-12,46,4,ACC,7,0,254,ADC,1256,408,4,2,"
4.7081,heen,42,MM0 ?S
4.7081,heen,42,MM1 ?S
4.7081,heen,42,MM0 S=0:0
4.7081,heen,42,MM1 S=0:0
4.7081,heen,42,MM0 !M 42 -42
4.7081,heen,42,MM1 !M 42 -42
4.7081,heen,42,MM0 +
4.7081,heen,42,MM1 +
4.7081,heen,42,"#195,YAW,0.29,GYRO,-12,51,0,ACC,4,2,261,ADC,1245,348,9,2,"
4.7081,heen,42,MM0 ?T
4.7081,heen,42,MM1 ?T
4.7081,heen,42,MM0 T=35:34
4.7081,heen,42,MM1 T=36:33
4.7081,heen,42,"#196,YAW,0.29,GYRO,-11,39,-7,ACC,4,1,262,ADC,1220,382,5,2,"
4.7081,heen,42,MM0 ?V
4.7081,heen,42,MM1 ?V
4.7578,heen,50,MM0 V=120:228:4905
4.7579,heen,50,MM1 V=120:227:4893
4.7579,heen,50,"#197,YAW,0.29,GYRO,-11,54,-12,ACC,-3,4,252,ADC,1220,385,6,2,"
4.7579,heen,50,MM0 ?CR
4.7579,heen,50,MM1 ?CR
4.7579,heen,50,MM0 CR=1:-1
4.7579,heen,50,MM1 CR=1:-1
4.7579,heen,50,MM0 !M 50 -50
4.7579,heen,50,MM1 !M 50 -50
4.7579,heen,50,MM0 +
4.7579,heen,50,MM1 +
4.7579,heen,50,"#198,YAW,0.29,GYRO,-11,36,7,ACC,18,4,257,ADC,1260,394,4,2,"
4.7579,heen,50,MM0 ?A
4.7579,heen,50,MM1 ?A
4.7579,heen,50,MM0 A=0:0
4.7579,heen,50,MM1 A=0:0
4.8104,heen,59,"#199,YAW,0.29,GYRO,-13,32,3,ACC,15,0,250,ADC,1319,500,4,2,"
4.8104,heen,59,MM0 ?AI
4.8104,heen,59,MM1 ?AI
4.8104,heen,59,MM0 AI=0:0:2421:2434:0:0
4.8104,heen,59,MM1 AI=0:0:2319:2414:0:0
4.8104,heen,59,MM0 !M 59 -59
4.8104,heen,59,MM1 !M 59 -59
4.8104,heen,59,MM1 +
4.8105,heen,59,MM0 +
4.8105,heen,59,"#200,YAW,0.29,GYRO,-10,61,4,ACC,12,5,267,ADC,1263,363,7,2,"
4.8105,heen,59,MM0 ?C
4.8105,heen,59,MM1 ?C
4.8105,heen,59,MM0 C=-5:-36
4.8105,heen,59,MM1 C=-24:11
4.8105,heen,59,"#201,YAW,0.29,GYRO,-10,47,-1,ACC,12,0,263,ADC,1206,381,5,2,"
4.8105,heen,59,MM1 ?D
4.8105,heen,59,MM0 ?D
4.8105,heen,59,MM1 D=51
4.8587,heen,67,MM0 D=1
4.8588,heen,67,"#202,YAW,0.29,GYRO,-8,59,-17,ACC,15,3,252,ADC,1268,494,4,2,"
4.8588,heen,67,MM0 ?FF
4.8588,heen,67,MM1 ?FF
4.8588,heen,67,MM1 FF=0
4.8588,heen,67,MM0 FF=0
4.8588,heen,67,"$GPRMC,113656.6,A,5050.51600,N,00419.37178,E,000.49,005.2,081026,000.4,E*5F"
4.8588,heen,67,MM0 !M 67 -67
4.8588,heen,67,MM1 !M 67 -67
4.8588,heen,67,MM0 +
4.8588,heen,67,MM1 +
4.8588,heen,67,"#203,YAW,0.29,GYRO,-8,42,-19,ACC,21,0,259,ADC,1282,307,4,1,"
4.8588,heen,67,MM0 ?P
4.8588,heen,67,MM1 ?P
4.8588,heen,67,MM0 P=67:-67
4.8588,heen,67,MM1 P=67:-67
4.9130,heen,84,"#204,YAW,0.28,GYRO,-10,51,-12,ACC,11,1,249,ADC,1245,398,4,2,"
4.9130,heen,84,MM1 ?S
4.9130,heen,84,MM0 ?S
4.9130,heen,84,MM1 S=0:0
4.9130,heen,84,MM0 S=0:0
4.9130,heen,84,"#205,YAW,0.28,GYRO,-8,49,14,ACC,18,2,261,ADC,1218,383,6,1,"
4.9130,heen,84,MM1 ?T
4.9130,heen,84,MM0 ?T
4.9130,heen,84,MM1 T=36:33
4.9130,heen,84,MM0 T=35:34
4.9130,heen,84,MM1 !M 75 -75
4.9130,heen,84,MM0 !M 75 -75
4.9130,heen,84,MM1 +
4.9130,heen,84,MM0 +
4.9130,heen,84,"#206,YAW,0.28,GYRO,-4,49,8,ACC,21,1,260,ADC,1242,500,3,1,"
4.9130,heen,84,MM1 ?V
4.9130,heen,84,MM0 ?V
4.9130,heen,84,MM1 V=120:227:4896
4.9131,heen,84,MM0 V=120:227:4905
4.9468,heen,84,MM0 !M 84 -84
4.9468,heen,84,MM1 !M 84 -84
4.9468,heen,84,MM0 +
4.9468,heen,84,MM1 +
4.9468,heen,84,"#207,YAW,0.28,GYRO,2,61,-1,ACC,15,1,259,ADC,1277,306,6,2,"
4.9469,heen,84,MM0 ?CR
4.9469,heen,84,MM1 ?CR
4.9469,heen,84,MM0 CR=4:-4
4.9469,heen,84,MM1 CR=4:-4
4.9469,heen,84,"#208,YAW,0.28,GYRO,-5,39,2,ACC,21,0,259,ADC,1250,391,5,2,"
4.9469,heen,84,MM0 ?A
4.9469,heen,84,MM1 ?A
4.9684,heen,92,MM0 A=0:-4
4.9684,heen,92,MM1 A=5:0
4.9684,heen,92,"#209,YAW,0.28,GYRO,3,51,-12,ACC,19,3,250,ADC,1225,382,5,2,"
4.9684,heen,92,MM0 ?AI
4.9684,heen,92,MM1 ?AI
5.0031,heen,92,MM0 AI=0:0:2411:2422:0:0
5.0031,heen,92,MM1 AI=0:0:2344:2322:0:0
5.0031,heen,92,MM0 !M 92 -92
5.0031,heen,92,MM1 !M 92 -92
5.0031,heen,92,MM0 +
5.0031,heen,92,MM1 +
5.0031,heen,92,"#210,YAW,0.28,GYRO,3,79,-11,ACC,14,-1,261,ADC,1252,501,6,2,"
5.0031,heen,92,MM0 ?C
5.0031,heen,92,MM1 ?C
5.0031,heen,92,MM0 C=1:-42
5.0031,heen,92,MM1 C=-19:6
5.0240,heen,101,"#211,YAW,0.28,GYRO,5,18,-16,ACC,19,0,259,ADC,1281,501,4,2,"
5.0241,heen,101,MM0 ?D
5.0242,heen,101,MM1 ?D
5.0242,heen,101,MM0 D=50
5.0242,heen,101,MM1 D=8
5.0579,heen,101,"#212,YAW,0.28,GYRO,-15,55,-12,ACC,17,0,257,ADC,1275,383,6,2,"
5.0579,heen,101,MM1 ?FF
5.0579,heen,101,MM0 ?FF
5.0579,heen,101,MM1 FF=0
5.0579,heen,101,MM0 FF=0
5.0579,heen,101,"$GPRMC,113656.8,A,5050.51603,N,00419.37178,E,000.48,005.2,081026,000.4,E*53"
5.0579,heen,101,"#213,YAW,0.28,GYRO,3,54,-18,ACC,0,4,256,ADC,1226,382,5,1,"
5.0579,heen,101,MM1 ?P
5.0579,heen,101,MM0 ?P
5.0579,heen,101,MM1 P=92:-92
5.0579,heen,101,MM0 P=92:-92
5.0788,heen,109,"#214,YAW,0.27,GYRO,-6,22,-10,ACC,31,-1,255,ADC,1291,500,5,2,"
5.0788,heen,109,MM1 ?S
5.0788,heen,109,MM0 ?S
5.0788,heen,109,MM0 S=75:0
5.0788,heen,109,MM1 S=75:-75
5.0788,heen,109,MM0 !M 101 -101
5.0788,heen,109,MM1 !M 101 -101
5.0788,heen,109,MM0 +
5.0788,heen,109,MM1 +
5.0788,heen,109,MM1 PING
5.0788,heen,109,MM0 PING
5.1180,heen,118,"#215,YAW,0.27,GYRO,-15,68,-14,ACC,9,1,255,ADC,1246,502,4,2,"
5.1180,heen,118,MM1 ?T
5.1180,heen,118,MM0 ?T
5.1180,heen,118,MM1 T=36:33
5.1180,heen,118,MM0 T=35:34
5.1180,heen,118,"#216,YAW,0.27,GYRO,-13,27,-16,ACC,5,2,258,ADC,1249,501,5,1,"
5.1180,heen,118,MM1 ?V
5.1180,heen,118,MM0 ?V
5.1180,heen,118,MM1 V=120:226:4897
5.1181,heen,118,MM0 V=120:228:4904
5.1518,heen,118,"#217,YAW,0.27,GYRO,-34,15,-20,ACC,24,11,254,ADC,1272,384,6,2,"
5.1518,heen,118,MM0 ?CR
5.1518,heen,118,MM0 CR=11:-10
5.1518,heen,118,MM1 ?CR
5.1518,heen,118,MM1 CR=11:-10
5.1518,heen,118,MM1 !M 109 -109
5.1518,heen,118,MM0 !M 109 -109
5.1518,heen,118,MM1 +
5.1518,heen,118,MM0 +
5.1518,heen,118,MM0 PING
5.1518,heen,118,MM1 PING
5.1518,heen,118,"#218,YAW,0.27,GYRO,-25,54,-20,ACC,17,2,257,ADC,1252,390,4,2,"
5.1519,heen,118,MM1 ?A
5.1519,heen,118,MM0 ?A
5.1519,heen,118,MM1 A=5:-4
5.1519,heen,118,MM0 A=0:-4
5.1730,heen,126,"#219,YAW,0.27,GYRO,-59,28,-30,ACC,20,1,262,ADC,1241,384,3,1,"
5.1730,heen,126,MM1 ?AI
5.1730,heen,126,MM0 ?AI
5.1730,heen,126,MM1 AI=0:0:2318:2322:0:0
5.1730,heen,126,MM0 AI=0:0:2396:2502:0:0
5.2091,heen,126,MM1 !M 118 -118
5.2091,heen,126,MM0 !M 118 -118
5.2091,heen,126,MM1 +
5.2091,heen,126,MM0 +
5.2091,heen,126,MM0 PING
5.2091,heen,126,MM1 PING
5.2091,heen,126,"#220,YAW,0.27,GYRO,-49,51,-31,ACC,27,-6,251,ADC,1286,497,7,2,"
5.2092,heen,126,MM1 ?C
5.2092,heen,126,MM0 ?C
5.2092,heen,126,MM0 C=14:-55
5.2092,heen,126,MM1 C=-5:-7
5.2092,heen,126,"#221,YAW,0.27,GYRO,-51,30,-22,ACC,19,-2,262,ADC,1227,382,5,1,"
5.2092,heen,126,MM1 ?D
5.2279,heen,134,MM0 ?D
5.2279,heen,134,MM1 D=51
5.2279,heen,134,MM0 D=19
5.2279,heen,134,"#222,YAW,0.27,GYRO,-34,62,-12,ACC,10,-3,258,ADC,1256,382,5,2,"
5.2280,heen,134,MM0 ?FF
5.2280,heen,134,MM1 ?FF
5.2623,heen,134,MM1 FF=0
5.2623,heen,134,MM0 FF=0
5.2623,heen,134,"$GPRMC,113657.0,A,5050.51606,N,00419.37178,E,000.49,005.2,081026,000.4,E*5E"
5.2623,heen,134,MM0 !M 126 -126
5.2623,heen,134,MM1 !M 126 -126
5.2623,heen,134,MM0 +
5.2623,heen,134,MM1 +
5.2623,heen,134,MM0 PING
5.2623,heen,134,MM1 PING
5.2623,heen,134,"#223,YAW,0.27,GYRO,-24,63,-6,ACC,26,-1,248,ADC,1238,351,4,2,"
5.2624,heen,134,MM1 ?P
5.2624,heen,134,MM0 ?P
5.2624,heen,134,MM1 P=126:-126
5.2624,heen,134,MM0 P=126:-126
5.3151,heen,143,"#224,YAW,0.26,GYRO,-4,45,0,ACC,26,1,255,ADC,1253,388,6,2,"
5.3151,heen,143,MM1 ?S
5.3151,heen,143,MM0 ?S
5.3151,heen,143,MM1 S=75:-75
5.3151,heen,143,MM0 S=75:-75
5.3151,heen,143,MM0 !M 133 -135
5.3151,heen,143,MM1 !M 133 -135
5.3151,heen,143,MM0 +
5.3151,heen,143,MM1 +
5.3151,heen,143,MM0 PING
5.3151,heen,143,MM1 PING
5.3151,heen,143,"#225,YAW,0.26,GYRO,19,76,6,ACC,20,-1,265,ADC,1237,383,4,1,"
5.3151,heen,143,MM1 ?T
5.3151,heen,143,MM0 ?T
5.3151,heen,143,MM1 T=36:33
5.3151,heen,143,MM0 T=35:34
5.3151,heen,143,"#226,YAW,0.26,GYRO,23,64,15,ACC,13,-4,257,ADC,1279,387,5,2,"
5.3151,heen,143,MM0 ?V
5.3151,heen,143,MM1 ?V
5.3151,heen,143,MM0 V=120:226:4904
5.3151,heen,143,MM1 V=120:225:4897
5.3363,heen,151,"#227,YAW,0.26,GYRO,-16,43,12,ACC,9,10,255,ADC,1282,410,5,2,"
5.3363,heen,151,MM0 ?CR
5.3363,heen,151,MM1 ?CR
5.3363,heen,151,MM0 CR=19:-19
5.3363,heen,151,MM1 CR=18:-19
5.3363,heen,151,MM0 !M 143 -143
5.3363,heen,151,MM1 !M 143 -143
5.3363,heen,151,MM0 +
5.3363,heen,151,MM1 +
5.3363,heen,151,MM0 PING
5.3715,heen,160,MM1 PING
5.3716,heen,160,"#228,YAW,0.26,GYRO,6,31,4,ACC,18,2,262,ADC,1216,381,6,2,"
5.3716,heen,160,MM0 ?A
5.3716,heen,160,MM1 ?A
5.3716,heen,160,MM0 A=5:-4
5.3716,heen,160,MM1 A=5:-4
5.3716,heen,160,MM0 !M 151 -151
5.3716,heen,160,MM1 !M 151 -151
5.3716,heen,160,MM0 +
5.3716,heen,160,MM1 +
5.3716,heen,160,"#229,YAW,0.26,GYRO,-56,-4,-23,ACC,23,0,257,ADC,1241,394,6,2,"
5.3716,heen,160,MM0 ?AI
5.3716,heen,160,MM1 ?AI
5.3716,heen,160,MM0 AI=0:0:2407:2432:0:0
5.4061,heen,160,MM1 AI=0:0:2320:2338:0:0
5.4061,heen,160,MM0 !M 160 -160
5.4061,heen,160,MM1 !M 160 -160
5.4061,heen,160,MM0 +
5.4061,heen,160,MM1 +
5.4061,heen,160,"#230,YAW,0.26,GYRO,-49,-30,-27,ACC,15,-1,250,ADC,1268,290,5,2,"
5.4061,heen,160,MM1 ?C
5.4061,heen,160,MM0 ?C
5.4061,heen,160,MM1 C=16:-28
5.4061,heen,160,MM0 C=35:-76
5.4061,heen,160,"#231,YAW,0.26,GYRO,-66,0,-29,ACC,20,5,261,ADC,1241,381,4,2,"
5.4271,heen,168,MM0 ?D
5.4272,heen,168,MM1 ?D
5.4272,heen,168,MM0 D=48
5.4272,heen,168,MM1 D=1
5.4272,heen,168,"#232,YAW,0.26,GYRO,-15,45,-18,ACC,20,-13,270,ADC,1215,381,7,2,"
5.4272,heen,168,MM0 ?FF
5.4660,heen,168,MM1 ?FF
5.4660,heen,168,MM0 FF=0
5.4660,heen,168,MM1 FF=0
5.4660,heen,168,"$GPRMC,113657.2,A,5050.51609,N,00419.37178,E,000.50,005.2,081026,000.4,E*5B"
5.4660,heen,168,MM1 !M 1688
5.4660,heen,168,MM0 !M 1688
5.4660,heen,168,MM1 +
5.4660,heen,168,MM0 +
5.4660,heen,168,"#233,YAW,0.26,GYRO,-26,53,-3,ACC,20,-19,250,ADC,1277,351,9,2,"
5.4661,heen,168,MM0 ?P
5.4661,heen,168,MM1 ?P
5.4661,heen,168,MM0 P=236:-160
5.4661,heen,168,MM1 P=236:-160
5.4661,heen,168,"#234,YAW,0.25,GYRO,36,20,9,ACC,101,-8,234,ADC,1229,382,7,1,"
5.5164,heen,177,MM0 ?S
5.5164,heen,177,MM1 ?S
5.5164,heen,177,MM0 S=150:-75
5.5164,heen,177,MM1 S=225:-75
5.5164,heen,177,"#235,YAW,0.25,GYRO,86,-93,-135,ACC,129,-42,302,ADC,1258,501,7,2,"
5.5164,heen,177,MM0 ?T
5.5164,heen,177,MM1 ?T
5.5164,heen,177,MM0 T=35:34
5.5164,heen,177,MM1 T=36:33
5.5164,heen,177,MM1 !M 177 -177
5.5164,heen,177,MM0 !M 177 -177
5.5164,heen,177,MM1 +
5.5164,heen,177,MM0 +
5.5164,heen,177,"#236,YAW,0.26,GYRO,-52,-111,-378,ACC,71,-56,246,ADC,1271,501,4,2,"
5.5165,heen,177,MM0 ?V
5.5165,heen,177,MM1 ?V
5.5165,heen,177,MM0 V=120:216:4903
5.5165,heen,177,MM1 V=120:215:4898
5.5722,heen,193,"#237,YAW,0.27,GYRO,21,299,-667,ACC,155,-80,221,ADC,1225,421,3,1,"
5.5723,heen,193,MM0 ?CR
5.5723,heen,193,MM1 ?CR
5.5723,heen,193,MM0 CR=52:-28
5.5723,heen,193,MM1 CR=42:-28
5.5723,heen,193,"#238,YAW,0.29,GYRO,151,425,-617,ACC,-44,55,302,ADC,1227,380,9,2,"
5.5723,heen,193,MM0 ?A
5.5723,heen,193,MM1 ?A
5.5723,heen,193,MM1 A=5:-4
5.5723,heen,193,MM0 A=-14:-4
5.5723,heen,193,"#239,YAW,0.30,GYRO,-99,67,-329,ACC,-9,138,282,ADC,1232,498,5,1,"
5.5723,heen,193,MM0 ?AI
5.5723,heen,193,MM1 ?AI
5.5723,heen,193,MM0 AI=0:0:2414:2422:0:0
5.6085,heen,193,MM1 AI=0:0:2322:2329:0:0
5.6085,heen,193,MM0 !M 177 -193
5.6085,heen,193,MM1 !M 177 -193
5.6085,heen,193,MM0 +
5.6085,heen,193,MM1 +
5.6085,heen,193,MM0 PING
5.6085,heen,193,"#240,YAW,0.30,GYRO,81,-84,20,ACC,-60,39,215,ADC,1242,376,3,1,"
5.6085,heen,193,MM1 PING
5.6085,heen,193,MM1 !M 185 -201
5.6085,heen,193,MM0 !M 185 -201
5.6085,heen,193,MM0 +
5.6085,heen,193,MM1 +
5.6085,heen,193,MM1 ?C
5.6085,heen,193,MM0 ?C
5.6085,heen,193,MM1 C=64:-61
5.6085,heen,193,MM0 C=99:-109
5.6086,heen,193,"#241,YAW,0.29,GYRO,-100,-178,150,ACC,10,-1,223,ADC,1299,391,5,1,"
5.6086,heen,193,MM0 ?D
5.6086,heen,193,MM1 ?D
5.6086,heen,193,MM0 D=51
5.6299,heen,202,MM1 D=2
5.6299,heen,202,"#242,YAW,0.29,GYRO,-52,108,161,ACC,-2,-34,295,ADC,1244,499,6,2,"
5.6299,heen,202,MM0 ?FF
5.6300,heen,202,MM1 ?FF
5.6300,heen,202,MM0 FF=0
5.6300,heen,202,MM1 FF=0
5.6652,heen,202,"$GPRMC,113657.4,A,5050.51612,N,00419.37178,E,000.52,005.2,081026,000.4,E*55"
5.6652,heen,202,"#243,YAW,0.28,GYRO,-137,52,82,ACC,-5,-10,306,ADC,1240,499,4,2,"
5.6652,heen,202,MM0 ?P
5.6653,heen,202,MM1 ?P
5.6653,heen,202,MM0 P=185:-201
5.6653,heen,202,MM1 P=185:-201
5.7187,heen,210,"#244,YAW,0.27,GYRO,4,127,11,ACC,-7,0,201,ADC,1222,382,4,2,"
5.7188,heen,210,MM0 ?S
5.7188,heen,210,MM1 ?S
5.7188,heen,210,MM0 S=225:-225
5.7188,heen,210,MM1 S=150:-225
5.7188,heen,210,MM0 !M 181 -223
5.7188,heen,210,MM1 !M 181 -223
5.7188,heen,210,MM0 +
5.7188,heen,210,MM1 +
5.7188,heen,210,MM0 PING
5.7188,heen,210,MM1 PING
5.7188,heen,210,"#245,YAW,0.28,GYRO,-1,21,-44,ACC,-2,-5,229,ADC,1217,297,4,2,"
5.7188,heen,210,MM0 ?T
5.7188,heen,210,MM1 ?T
5.7188,heen,210,MM0 T=35:34
5.7188,heen,210,MM1 T=36:33
5.7188,heen,210,MM1 !M 194 -226
5.7188,heen,210,MM0 !M 194 -226
5.7188,heen,210,MM1 +
5.7188,heen,210,MM0 +
5.7188,heen,210,"#246,YAW,0.28,GYRO,69,42,-48,ACC,-14,-3,335,ADC,1285,396,5,2,"
5.7188,heen,210,MM0 ?V
5.7188,heen,210,MM1 ?V
5.7188,heen,210,MM0 V=120:227:4905
5.7188,heen,210,MM1 V=120:226:4898
5.7773,heen,227,"#247,YAW,0.28,GYRO,-27,145,-71,ACC,28,11,233,ADC,1275,386,5,2,"
5.7773,heen,227,MM0 ?CR
5.7774,heen,227,MM1 ?CR
5.7774,heen,227,MM0 CR=53:-48
5.7774,heen,227,MM1 CR=48:-48
5.7774,heen,227,"#248,YAW,0.28,GYRO,54,134,-4,ACC,-3,6,240,ADC,1233,383,3,1,"
5.7774,heen,227,MM0 ?A
5.7774,heen,227,MM1 ?A
5.7774,heen,227,MM0 A=0:-3
5.7774,heen,227,MM1 A=5:-7
5.7774,heen,227,"#249,YAW,0.28,GYRO,-83,58,14,ACC,10,15,264,ADC,1219,381,4,2,"
5.7774,heen,227,MM0 ?AI
5.7774,heen,227,MM1 ?AI
5.7774,heen,227,MM0 AI=0:0:2415:2433:0:0
5.7774,heen,227,MM1 AI=0:0:2290:2299:0:0
5.7940,heen,227,"#250,YAW,0.27,GYRO,65,18,32,ACC,-1,-12,229,ADC,1240,499,4,2,"
5.7940,heen,227,MM0 ?C
5.7940,heen,227,MM1 ?C
5.7940,heen,227,MM0 C=147:-159
5.7940,heen,227,MM1 C=112:-111
5.8150,heen,227,MM0 !M 201 -237
5.8150,heen,227,MM1 !M 201 -237
5.8150,heen,227,MM0 +
5.8150,heen,227,MM1 +
5.8150,heen,227,MM0 PING
5.8150,heen,227,MM1 PING
5.8150,heen,227,MM0 !M 209 -245
5.8150,heen,227,MM1 !M 209 -245
5.8150,heen,227,MM0 +
5.8150,heen,227,MM1 +
5.8150,heen,227,"#251,YAW,0.27,GYRO,67,-12,30,ACC,11,-10,276,ADC,1243,311,8,2,"
5.8150,heen,227,MM0 ?D
5.8150,heen,227,MM1 ?D
5.8150,heen,227,MM0 D=19
5.8150,heen,227,MM1 D=34
5.8360,heen,235,"#252,YAW,0.27,GYRO,-21,114,2,ACC,4,11,341,ADC,1210,383,9,2,"
5.8360,heen,235,MM0 ?FF
5.8360,heen,235,MM1 ?FF
5.8360,heen,235,MM0 FF=0
5.8360,heen,235,MM1 FF=0
5.8360,heen,235,"$GPRMC,113657.6,A,5050.51615,N,00419.37178,E,000.52,005.2,081026,000.4,E*50"
5.8725,heen,235,"#253,YAW,0.27,GYRO,27,120,18,ACC,12,2,237,ADC,1272,397,6,1,"
5.8725,heen,235,MM0 ?P
5.8725,heen,235,MM1 ?P
5.8726,heen,235,MM0 P=209:-245
5.8726,heen,235,MM1 P=209:-245
5.8726,heen,235,MM0 !M 217 -253
5.8726,heen,235,MM1 !M 217 -253
5.8726,heen,235,MM0 +
5.8726,heen,235,MM1 +
5.8726,heen,235,"#254,YAW,0.26,GYRO,-31,24,4,ACC,15,13,219,ADC,1286,497,5,2,"
5.8726,heen,235,MM0 ?S
5.8726,heen,235,MM1 ?S
5.8726,heen,235,MM0 S=225:-150
5.9520,heen,250,MM1 S=225:-225
5.9520,heen,250,"#255,YAW,0.26,GYRO,33,-37,6,ACC,25,-19,231,ADC,1245,387,5,2,"
5.9521,heen,250,MM0 ?T
5.9521,heen,250,MM1 ?T
5.9521,heen,250,MM0 T=35:34
5.9521,heen,250,MM1 T=36:33
5.9521,heen,250,MM0 !M 226 -262
5.9521,heen,250,MM1 !M 226 -262
5.9521,heen,250,MM0 +
5.9521,heen,250,MM1 +
5.9521,heen,250,"#0,YAW,0.26,GYRO,-171,-62,-16,ACC,10,8,326,ADC,1274,303,5,1,"
5.9521,heen,250,MM0 ?V
5.9521,heen,250,MM1 ?V
5.9521,heen,250,MM0 V=120:227:4903
5.9521,heen,250,MM1 V=120:226:4898
5.9521,heen,250,"#1,YAW,0.26,GYRO,3,107,-23,ACC,-8,0,297,ADC,1264,386,5,2,"
5.9578,heen,250,MM0 ?CR
5.9578,heen,250,MM1 ?CR
5.9578,heen,250,MM0 CR=50:-50
5.9578,heen,250,MM1 CR=49:-49
5.9578,heen,250,"#2,YAW,0.26,GYRO,-54,121,4,ACC,33,-7,177,ADC,1243,390,6,1,"
5.9578,heen,250,MM0 ?A
5.9578,heen,250,MM1 ?A
5.9578,heen,250,MM0 A=4:-14
5.9578,heen,250,MM1 A=4:-14
5.9788,heen,250,MM0 !M 231 -269
5.9788,heen,250,MM0 +
5.9788,heen,250,MM1 !M 231 -269
5.9788,heen,250,MM1 +
5.9788,heen,250,"#3,YAW,0.26,GYRO,38,9,24,ACC,16,-8,241,ADC,1238,320,4,1,"
5.9788,heen,250,MM0 ?AI
5.9788,heen,250,MM1 ?AI
5.9788,heen,250,MM0 AI=0:0:2407:2438:0:0
5.9788,heen,250,MM1 AI=0:0:2363:2331:0:0
6.0130,heen,250,"#4,YAW,0.26,GYRO,-24,-122,28,ACC,11,6,303,ADC,1237,392,4,2,"
6.0130,heen,250,MM0 ?C
6.0130,heen,250,MM1 ?C
6.0130,heen,250,MM0 C=198:-210
6.0130,heen,250,MM1 C=163:-161
6.0130,heen,250,"#5,YAW,0.26,GYRO,-57,40,9,ACC,35,20,261,ADC,1268,420,5,2,"
6.0130,heen,250,MM0 ?D
6.0130,heen,250,MM1 ?D
6.0130,heen,250,MM0 D=17
6.0131,heen,250,MM1 D=3
6.0341,heen,250,"#6,YAW,0.26,GYRO,-6,151,21,ACC,14,-3,265,ADC,1289,408,5,2,"
6.0341,heen,250,MM0 ?FF
6.0341,heen,250,MM1 ?FF
6.0341,heen,250,MM0 FF=0
6.0341,heen,250,MM1 FF=0
6.0749,heen,250,"$GPRMC,113657.8,A,5050.51618,N,00419.37178,E,000.53,005.2,081026,000.4,E*52"
6.0749,heen,250,MM0 !M 230 -270
6.0749,heen,250,MM1 !M 230 -270
6.0749,heen,250,MM0 +
6.0749,heen,250,MM1 +
6.0749,heen,250,MM0 PING
6.0749,heen,250,MM1 PING
6.0749,heen,250,"#7,YAW,0.26,GYRO,-18,70,13,ACC,32,-13,205,ADC,1266,373,4,1,"
6.0749,heen,250,MM0 ?P
6.0749,heen,250,MM1 ?P
6.0749,heen,250,MM0 P=230:-270
6.0749,heen,250,MM1 P=230:-270
6.0749,heen,250,"#8,YAW,0.25,GYRO,41,-73,20,ACC,28,-19,227,ADC,1256,492,5,2,"
6.0750,heen,250,MM0 ?S
6.0750,heen,250,MM1 ?S
6.0750,heen,250,MM0 S=150:-150
6.0750,heen,250,MM1 S=225:-225
6.1091,heen,250,"#9,YAW,0.25,GYRO,-49,-41,29,ACC,3,5,342,ADC,1311,398,5,2,"
6.1091,heen,250,MM0 !M 230 -270
6.1091,heen,250,MM0 +
6.1091,heen,250,MM0 PING
6.1091,heen,250,MM1 !M 230 -270
6.1091,heen,250,MM1 +
6.1091,heen,250,MM1 PING
6.1091,heen,250,MM0 ?T
6.1091,heen,250,MM1 ?T
6.1091,heen,250,MM0 T=35:34
6.1091,heen,250,MM1 T=36:33
6.1091,heen,250,MM0 !M 230 -270
6.1091,heen,250,MM1 !M 230 -270
6.1091,heen,250,MM0 +
6.1091,heen,250,MM1 +
6.1091,heen,250,"#10,YAW,0.25,GYRO,16,157,25,ACC,6,12,256,ADC,1261,364,7,2,"
6.1091,heen,250,MM0 ?V
6.1091,heen,250,MM1 ?V
6.1091,heen,250,MM0 V=120:226:4905
6.1299,heen,250,MM1 V=120:225:4899
6.1299,heen,250,"#11,YAW,0.24,GYRO,-21,61,38,ACC,21,-3,169,ADC,1246,382,6,2,"
6.1299,heen,250,MM0 ?CR
6.1300,heen,250,MM1 ?CR
6.1300,heen,250,MM0 CR=53:-54
6.1300,heen,250,MM1 CR=54:-55
6.1640,heen,250,MM0 !M 230 -270
6.1640,heen,250,MM1 !M 230 -270
6.1640,heen,250,MM0 +
6.1640,heen,250,MM1 +
6.1640,heen,250,"#12,YAW,0.24,GYRO,72,-16,25,ACC,12,-30,243,ADC,1258,349,4,1,"
6.1640,heen,250,MM0 ?A
6.1641,heen,250,MM1 ?A
6.1641,heen,250,MM1 A=4:-6
6.1641,heen,250,MM0 A=0:-10
6.1849,heen,250,"#13,YAW,0.24,GYRO,-119,15,-7,ACC,8,7,340,ADC,1274,502,4,2,"
6.1849,heen,250,MM0 ?AI
6.1849,heen,250,MM1 ?AI
6.1849,heen,250,MM0 AI=0:0:2402:2438:0:0
6.1849,heen,250,MM1 AI=0:0:2315:2356:0:0
6.2190,heen,250,"#14,YAW,0.24,GYRO,-58,158,-45,ACC,11,6,245,ADC,1243,380,8,2,"
6.2190,heen,250,MM0 ?C
6.2190,heen,250,MM1 ?C
6.2190,heen,250,MM0 C=253:-267
6.2190,heen,250,MM1 C=217:-218
6.2190,heen,250,"#15,YAW,0.24,GYRO,-16,41,-23,ACC,40,-8,179,ADC,1259,400,4,2,"
6.2190,heen,250,MM0 ?D
6.2190,heen,250,MM1 ?D
6.2190,heen,250,MM0 D=16
6.2190,heen,250,MM1 D=9
6.2453,heen,250,"#16,YAW,0.24,GYRO,22,-6,3,ACC,8,9,234,ADC,1289,503,4,2,"
6.2453,heen,250,MM0 ?FF
6.2454,heen,250,MM1 ?FF
6.2454,heen,250,MM0 FF=0
6.2454,heen,250,MM1 FF=0
6.2454,heen,250,"$GPRMC,113658.0,A,5050.51621,N,00419.37178,E,000.53,005.2,081026,000.4,E*5F"
6.2454,heen,250,MM0 !M 231 -269
6.2454,heen,250,MM1 !M 231 -269
6.2454,heen,250,MM0 +
6.2454,heen,250,MM1 +
6.2851,heen,250,MM1 PING
6.2851,heen,250,MM0 PING
6.2851,heen,250,"#17,YAW,0.24,GYRO,60,-62,56,ACC,20,-14,270,ADC,1236,322,3,1,"
6.2851,heen,250,MM0 ?P
6.2851,heen,250,MM1 ?P
6.2851,heen,250,MM0 P=231:-269
6.2851,heen,250,MM1 P=231:-269
6.2851,heen,250,"#18,YAW,0.23,GYRO,-136,152,44,ACC,6,39,369,ADC,1273,499,5,2,"
6.2851,heen,250,MM0 ?S
6.2851,heen,250,MM1 ?S
6.2851,heen,250,MM0 S=225:-225
6.2851,heen,250,MM1 S=225:-225
6.3210,heen,250,"#19,YAW,0.23,GYRO,70,156,34,ACC,26,-10,166,ADC,1280,387,4,1,"
6.3211,heen,250,MM0 ?T
6.3211,heen,250,MM0 T=35:34
6.3211,heen,250,MM1 ?T
6.3211,heen,250,MM1 T=36:33
6.3211,heen,250,MM0 !M 228 -272
6.3211,heen,250,MM1 !M 228 -272
6.3211,heen,250,MM0 +
6.3211,heen,250,MM1 +
6.3211,heen,250,MM0 PING
6.3211,heen,250,MM1 PING
6.3211,heen,250,"#20,YAW,0.23,GYRO,1,91,17,ACC,3,-3,176,ADC,1264,386,4,1,"
6.3211,heen,250,MM0 ?V
6.3212,heen,250,MM1 ?V
6.3212,heen,250,MM0 V=120:227:4905
6.3212,heen,250,MM1 V=120:227:4897
6.3743,heen,250,"#21,YAW,0.23,GYRO,-40,-137,40,ACC,-23,26,472,ADC,1248,386,4,1,"
6.3743,heen,250,MM0 ?CR
6.3743,heen,250,MM1 ?CR
6.3743,heen,250,MM0 CR=57:-60
6.3743,heen,250,MM1 CR=56:-58
6.3743,heen,250,MM0 !M 228 -272
6.3743,heen,250,MM1 !M 228 -272
6.3743,heen,250,MM0 +
6.3743,heen,250,MM1 +
6.3743,heen,250,MM0 PING
6.3743,heen,250,MM1 PING
6.3744,heen,250,"#22,YAW,0.23,GYRO,43,245,35,ACC,-27,5,268,ADC,1230,501,7,2,"
6.3744,heen,250,MM0 ?A
6.3744,heen,250,MM1 ?A
6.3744,heen,250,MM1 A=4:-6
6.3744,heen,250,MM0 A=0:-10
6.3744,heen,250,"#23,YAW,0.23,GYRO,54,146,73,ACC,46,-2,75,ADC,1248,390,7,2,"
6.3744,heen,250,MM0 ?AI
6.3744,heen,250,MM1 ?AI
6.3744,heen,250,MM0 AI=0:0:2396:2421:0:0
6.3744,heen,250,MM1 AI=0:0:2321:2333:0:0
6.4273,heen,250,"#24,YAW,0.22,GYRO,31,2,30,ACC,-29,-11,223,ADC,1244,386,5,2,"
6.4273,heen,250,MM0 ?C
6.4273,heen,250,MM0 C=310:-327
6.4273,heen,250,MM1 ?C
6.4273,heen,250,MM1 C=274:-277
6.4273,heen,250,MM0 !M 230 -270
6.4273,heen,250,MM1 !M 230 -270
6.4273,heen,250,MM0 +
6.4273,heen,250,MM1 +
6.4273,heen,250,MM0 PING
6.4273,heen,250,MM1 PING
6.4273,heen,250,"#25,YAW,0.22,GYRO,50,-260,31,ACC,34,23,487,ADC,1264,498,6,1,"
6.4273,heen,250,MM0 ?D
6.4273,heen,250,MM1 ?D
6.4273,heen,250,MM0 D=2
6.4274,heen,250,MM1 D=3
6.4759,heen,250,"#26,YAW,0.22,GYRO,-61,377,-14,ACC,-1,30,209,ADC,1199,389,8,1,"
6.4759,heen,250,MM0 ?FF
6.4759,heen,250,MM1 ?FF
6.4759,heen,250,MM0 FF=0
6.4759,heen,250,MM1 FF=0
6.4759,heen,250,"$GPRMC,113658.2,A,5050.51624,N,00419.37178,E,000.53,005.2,081026,000.4,E*58"
6.4759,heen,250,MM0 !M 231 -269
6.4759,heen,250,MM1 !M 231 -269
6.4759,heen,250,MM0 +
6.4759,heen,250,MM1 +
6.4759,heen,250,MM0 PING
6.4760,heen,250,MM1 PING
6.4760,heen,250,"#27,YAW,0.22,GYRO,-22,-22,3,ACC,43,-10,140,ADC,1250,313,5,1,"
6.4760,heen,250,MM0 ?P
6.4760,heen,250,MM1 ?P
6.4760,heen,250,MM0 P=231:-269
6.4760,heen,250,MM1 P=231:-269
6.4760,heen,250,"#28,YAW,0.22,GYRO,-70,-11,-22,ACC,1,-23,356,ADC,1230,385,6,1,"
6.4760,heen,250,MM0 ?S
6.4760,heen,250,MM1 ?S
6.4760,heen,250,MM0 S=225:-225
6.4760,heen,250,MM1 S=150:-225
6.5251,heen,250,"#29,YAW,0.22,GYRO,-141,-154,-21,ACC,0,22,308,ADC,1214,393,4,2,"
6.5251,heen,250,MM0 ?T
6.5251,heen,250,MM1 ?T
6.5251,heen,250,MM0 T=35:34
6.5251,heen,250,MM1 T=36:33
6.5251,heen,250,MM0 !M 231 -269
6.5252,heen,250,MM1 !M 231 -269
6.5252,heen,250,MM0 +
6.5252,heen,250,MM1 +
6.5252,heen,250,MM1 PING
6.5252,heen,250,MM0 PING
6.5252,heen,250,MM0 !M 229 -271
6.5252,heen,250,MM1 !M 229 -271
6.5252,heen,250,MM0 +
6.5252,heen,250,MM1 +
6.5252,heen,250,"#30,YAW,0.22,GYRO,-21,130,-38,ACC,-21,-3,191,ADC,1269,333,6,1,"
6.5252,heen,250,MM0 ?V
6.5252,heen,250,MM1 ?V
6.5252,heen,250,MM0 V=120:225:4905
6.5252,heen,250,MM1 V=120:227:4899
6.5759,heen,250,"#31,YAW,0.22,GYRO,23,154,-18,ACC,15,-16,187,ADC,1271,386,4,1,"
6.5760,heen,250,MM0 ?CR
6.5760,heen,250,MM1 ?CR
6.5760,heen,250,MM0 CR=59:-59
6.5760,heen,250,MM1 CR=58:-58
6.5760,heen,250,"#32,YAW,0.22,GYRO,51,8,17,ACC,6,0,259,ADC,1265,386,4,1,"
6.5760,heen,250,MM0 ?A
6.5760,heen,250,MM1 ?A
6.5760,heen,250,MM1 A=0:-6
6.5760,heen,250,MM0 A=0:-10
6.5760,heen,250,"#33,YAW,0.22,GYRO,-214,-151,28,ACC,-10,63,360,ADC,1277,502,5,2,"
6.5760,heen,250,MM0 ?AI
6.5760,heen,250,MM1 ?AI
6.5760,heen,250,MM0 AI=0:0:2424:2423:0:0
6.5760,heen,250,MM1 AI=0:0:2350:2364:0:0
6.6261,heen,250,"#34,YAW,0.21,GYRO,138,43,24,ACC,-13,10,219,ADC,1234,499,5,2,"
6.6261,heen,250,MM0 ?C
6.6261,heen,250,MM1 ?C
6.6261,heen,250,MM0 C=369:-386
6.6261,heen,250,MM1 C=332:-335
6.6261,heen,250,MM1 !M 228 -272
6.6262,heen,250,MM0 !M 228 -272
6.6262,heen,250,MM1 +
6.6262,heen,250,MM0 +
6.6262,heen,250,MM0 PING
6.6262,heen,250,MM1 PING
6.6262,heen,250,MM1 !M 228 -272
6.6262,heen,250,MM0 !M 228 -272
6.6262,heen,250,MM1 +
6.6262,heen,250,MM0 +
6.6262,heen,250,"#35,YAW,0.21,GYRO,-20,156,33,ACC,21,-21,143,ADC,1256,292,6,1,"
6.6262,heen,250,MM0 ?D
6.6262,heen,250,MM1 ?D
6.6262,heen,250,MM0 D=49
6.6262,heen,250,MM1 D=48
6.6262,heen,250,"#36,YAW,0.21,GYRO,121,21,41,ACC,-17,-7,371,ADC,1264,501,4,2,"
6.6769,heen,250,MM0 ?FF
6.6769,heen,250,MM1 ?FF
6.6769,heen,250,MM0 FF=0
6.6769,heen,250,MM1 FF=0
6.6769,heen,250,"$GPRMC,113658.4,A,5050.51627,N,00419.37178,E,000.52,005.2,081026,000.4,E*5C"
6.6769,heen,250,"#37,YAW,0.21,GYRO,-67,-101,24,ACC,-8,29,328,ADC,1266,387,6,2,"
6.6769,heen,250,MM0 ?P
6.6769,heen,250,MM1 ?P
6.6769,heen,250,MM0 P=228:-272
6.6769,heen,250,MM1 P=228:-272
6.6769,heen,250,"#38,YAW,0.20,GYRO,52,137,2,ACC,-1,40,172,ADC,1274,500,3,2,"
6.6769,heen,250,MM0 ?S
6.6769,heen,250,MM1 ?S
6.6769,heen,250,MM0 S=225:-225
6.6769,heen,250,MM1 S=225:-225
6.7271,heen,250,"#39,YAW,0.20,GYRO,-1,164,5,ACC,22,3,188,ADC,1256,497,5,2,"
6.7271,heen,250,MM0 ?T
6.7271,heen,250,MM1 ?T
6.7271,heen,250,MM0 T=35:34
6.7271,heen,250,MM1 T=36:33
6.7271,heen,250,MM0 !M 229 -271
6.7272,heen,250,MM1 !M 229 -271
6.7272,heen,250,MM0 +
6.7272,heen,250,MM1 +
6.7272,heen,250,MM0 PING
6.7272,heen,250,MM1 PING
6.7272,heen,250,MM1 !M 229 -271
6.7272,heen,250,MM0 !M 229 -271
6.7272,heen,250,MM1 +
6.7272,heen,250,MM0 +
6.7272,heen,250,"#40,YAW,0.20,GYRO,48,-41,13,ACC,-6,-3,361,ADC,1227,368,4,2,"
6.7272,heen,250,MM0 ?V
6.7272,heen,250,MM1 ?V
6.7272,heen,250,MM0 V=120:227:4903
6.7272,heen,250,MM1 V=120:226:4899
6.7272,heen,250,"#41,YAW,0.20,GYRO,-83,-249,4,ACC,13,43,219,ADC,1254,392,6,2,"
6.7272,heen,250,MM0 ?CR
6.7802,heen,250,MM1 ?CR
6.7803,heen,250,MM0 CR=58:-59
6.7803,heen,250,MM1 CR=57:-59
6.7803,heen,250,"#42,YAW,0.20,GYRO,-100,114,-15,ACC,27,46,147,ADC,1255,410,9,2,"
6.7803,heen,250,MM0 ?A
6.7803,heen,250,MM1 ?A
6.7803,heen,250,MM0 A=0:-13
6.7803,heen,250,MM1 A=4:-10
6.7803,heen,250,MM0 !M 229 -271
6.7803,heen,250,MM1 !M 229 -271
6.7803,heen,250,MM0 +
6.7803,heen,250,MM1 +
6.7803,heen,250,"#43,YAW,0.20,GYRO,-52,350,-13,ACC,10,-34,290,ADC,1248,390,8,2,"
6.7803,heen,250,MM0 ?AI
6.7803,heen,250,MM1 ?AI
6.7803,heen,250,MM0 AI=0:0:2423:2439:0:0
6.7803,heen,250,MM1 AI=0:0:2386:2343:0:0
6.8279,heen,250,"#44,YAW,0.20,GYRO,76,-70,12,ACC,27,-67,163,ADC,1260,385,4,2,"
6.8279,heen,250,MM0 ?C
6.8279,heen,250,MM1 ?C
6.8279,heen,250,MM0 C=427:-444
6.8279,heen,250,MM1 C=390:-393
6.8279,heen,250,MM0 !M 228 -272
6.8279,heen,250,"#45,YAW,0.20,GYRO,-105,-112,2,ACC,-10,1,376,ADC,1244,366,5,2,"
6.8280,heen,250,MM0 +
6.8280,heen,250,MM1 !M 228 -272
6.8280,heen,250,MM1 +
6.8280,heen,250,MM0 ?D
6.8280,heen,250,MM1 ?D
6.8280,heen,250,MM0 D=34
6.8280,heen,250,MM1 D=1
6.8280,heen,250,"#46,YAW,0.20,GYRO,29,216,-21,ACC,-3,29,269,ADC,1291,397,4,2,"
6.8280,heen,250,MM1 ?FF
6.8280,heen,250,MM0 ?FF
6.8789,heen,250,MM1 FF=0
6.8789,heen,250,MM0 FF=0
6.8789,heen,250,"$GPRMC,113658.6,A,5050.51630,N,00419.37178,E,000.52,005.2,081026,000.4,E*58"
6.8789,heen,250,"#47,YAW,0.20,GYRO,56,171,6,ACC,25,6,209,ADC,1248,497,4,1,"
6.8789,heen,250,MM1 ?P
6.8789,heen,250,MM0 ?P
6.8789,heen,250,MM1 P=228:-272
6.8790,heen,250,MM0 P=228:-272
6.8790,heen,250,"#48,YAW,0.19,GYRO,51,98,11,ACC,2,4,247,ADC,1265,394,9,2,"
6.8790,heen,250,MM0 ?S
6.8790,heen,250,MM1 ?S
6.8790,heen,250,MM0 S=225:-225
6.8790,heen,250,MM1 S=225:-225
6.9292,heen,250,"#49,YAW,0.19,GYRO,-5,-155,36,ACC,4,18,331,ADC,1297,389,4,1,"
6.9292,heen,250,MM0 ?T
6.9292,heen,250,MM1 ?T
6.9292,heen,250,MM0 T=35:34
6.9292,heen,250,MM1 T=36:33
6.9292,heen,250,MM1 !M 227 -273
6.9292,heen,250,MM0 !M 227 -273
6.9292,heen,250,MM1 +
6.9292,heen,250,MM0 +
6.9292,heen,250,MM0 PING
6.9292,heen,250,MM1 PING
6.9292,heen,250,"#50,YAW,0.19,GYRO,18,210,-1,ACC,-16,28,293,ADC,1303,500,5,1,"
6.9293,heen,250,MM0 ?V
6.9293,heen,250,MM1 ?V
6.9293,heen,250,MM0 V=120:226:4904
6.9293,heen,250,MM1 V=120:225:4899
6.9293,heen,250,MM1 !M 227 -273
6.9293,heen,250,MM0 !M 227 -273
6.9293,heen,250,MM0 +
6.9293,heen,250,MM1 +
6.9293,heen,250,"#51,YAW,0.19,GYRO,42,192,11,ACC,24,-22,176,ADC,1274,383,3,1,"
6.9295,heen,250,MM1 ?CR
6.9295,heen,250,MM0 ?CR
6.9295,heen,250,MM1 CR=58:-59
6.9820,heen,250,MM0 CR=58:-59
6.9820,heen,250,"#52,YAW,0.19,GYRO,-24,-20,18,ACC,-17,-7,296,ADC,1251,499,4,1,"
6.9820,heen,250,MM0 ?A
6.9821,heen,250,MM1 ?A
6.9821,heen,250,MM0 A=0:-6
6.9821,heen,250,MM1 A=0:-6
6.9821,heen,250,MM0 !M 227 -273
6.9821,heen,250,MM0 +
6.9821,heen,250,MM1 !M 227 -273
6.9821,heen,250,MM1 +
6.9821,heen,250,"#53,YAW,0.19,GYRO,-229,-245,15,ACC,-2,56,265,ADC,1228,385,5,2,"
6.9821,heen,250,MM1 ?AI
6.9821,heen,250,MM0 ?AI
6.9821,heen,250,MM1 AI=0:0:2311:2334:0:0
6.9821,heen,250,MM0 AI=0:0:2437:2409:0:0
7.0311,heen,250,"#54,YAW,0.19,GYRO,32,192,7,ACC,-5,0,216,ADC,1259,385,3,2,"
7.0312,heen,250,MM0 ?C
7.0312,heen,250,MM1 ?C
7.0312,heen,250,MM0 C=486:-504
7.0312,heen,250,MM1 C=447:-452
7.0312,heen,250,"#55,YAW,0.19,GYRO,17,287,27,ACC,24,-26,234,ADC,1232,500,5,2,"
7.0312,heen,250,MM1 ?D
7.0312,heen,250,MM0 ?D
7.0312,heen,250,MM1 D=18
7.0312,heen,250,MM0 D=1
7.0312,heen,250,MM1 !M 228 -272
7.0312,heen,250,MM0 !M 228 -272
7.0312,heen,250,MM1 +
7.0312,heen,250,MM0 +
7.0312,heen,250,"#56,YAW,0.19,GYRO,0,-112,40,ACC,-11,-15,249,ADC,1243,390,4,2,"
7.0312,heen,250,MM1 ?FF
7.0312,heen,250,MM0 ?FF
7.0312,heen,250,MM1 FF=0
7.0312,heen,250,MM0 FF=0
7.6357,heen,250,"$GPRMC,113658.8,A,5050.51633,N,00419.37178,E,000.53,005.2,081026,000.4,E*54"
7.6357,heen,250,"#57,YAW,0.19,GYRO,-98,-261,35,ACC,-24,40,301,ADC,1277,502,5,1,"
7.6358,heen,250,MM1 ?P
7.6358,heen,250,MM0 ?P
7.6358,heen,250,MM1 P=228:-272
7.6358,heen,250,MM0 P=228:-272
7.6358,heen,250,MM1 !M 228 -272
7.6358,heen,250,MM0 !M 228 -272
7.6358,heen,250,MM1 +
7.6358,heen,250,MM0 +
7.6358,heen,250,"#58,YAW,0.18,GYRO,-21,266,5,ACC,11,30,156,ADC,1234,385,5,2,"
7.6358,heen,250,MM1 ?S
7.6358,heen,250,MM0 ?S
7.6358,heen,250,MM1 S=225:-225
7.6358,heen,250,MM0 S=225:-150
7.6358,heen,250,"#59,YAW,0.18,GYRO,50,251,10,ACC,26,-40,317,ADC,1236,385,6,1,"
7.6358,heen,250,MM1 ?T
7.6358,heen,250,MM0 ?T
7.6358,heen,250,MM1 T=36:33
7.6358,heen,250,MM0 T=35:34
7.6358,heen,250,"#60,YAW,0.18,GYRO,24,-51,17,ACC,-4,-15,225,ADC,1249,391,7,2,"
7.6358,heen,250,MM1 ?V
7.6358,heen,250,MM0 ?V
7.6358,heen,250,MM1 V=120:225:4898
7.6358,heen,250,MM0 V=120:227:4905
7.6358,heen,250,"#61,YAW,0.18,GYRO,-80,-277,32,ACC,13,24,333,ADC,1271,393,4,2,"
7.6358,heen,250,MM1 ?CR
7.6358,heen,250,MM0 ?CR
7.6359,heen,250,MM1 CR=58:-59
7.6359,heen,250,MM0 CR=58:-59
7.6359,heen,250,"#62,YAW,0.18,GYRO,-24,240,9,ACC,-1,29,218,ADC,1221,333,6,1,"
7.6359,heen,250,MM0 !M 228 -272
7.6359,heen,250,MM0 +
7.6359,heen,250,MM0 PING
7.6359,heen,250,MM1 !M 228 -272
7.6359,heen,250,MM1 +
7.6359,heen,250,MM1 PING
7.6359,heen,250,MM0 ?A
7.6359,heen,250,MM1 ?A
7.6359,heen,250,MM0 A=0:-10
7.6359,heen,250,MM1 A=0:-10
7.6359,heen,250,"#63,YAW,0.18,GYRO,33,267,23,ACC,44,-23,287,ADC,1267,391,7,2,"
7.6359,heen,250,MM1 ?AI
7.6359,heen,250,MM0 ?AI
7.6359,heen,250,MM1 AI=0:0:2324:2350:0:0
7.6359,heen,250,MM0 AI=0:0:2403:2407:0:0
7.6359,heen,250,"#64,YAW,0.18,GYRO,75,-50,29,ACC,4,-31,263,ADC,1244,401,5,1,"
7.6359,heen,250,MM1 ?C
7.6359,heen,250,MM0 ?C
7.6359,heen,250,MM1 C=505:-511
7.6359,heen,250,MM0 C=543:-563
7.6359,heen,250,MM0 !M 227 -273
7.6359,heen,250,MM1 !M 227 -273
7.6359,heen,250,MM0 +
7.6359,heen,250,MM1 +
7.6359,heen,250,MM0 PING
7.6360,heen,250,MM1 PING
7.6360,heen,250,"#65,YAW,0.18,GYRO,-178,-118,-6,ACC,11,36,278,ADC,1269,401,6,2,"
7.6360,heen,250,MM0 !M 227 -273
7.6360,heen,250,MM0 +
7.6360,heen,250,MM1 !M 227 -273
7.6360,heen,250,MM1 +
7.6360,heen,250,MM0 ?D
7.6360,heen,250,MM1 ?D
7.6360,heen,250,MM1 D=49
7.6360,heen,250,MM0 D=2
7.6360,heen,250,"#66,YAW,0.18,GYRO,-65,139,-48,ACC,0,38,207,ADC,1278,502,6,2,"
7.6360,heen,250,MM1 ?FF
7.6360,heen,250,MM0 ?FF
7.6360,heen,250,MM1 FF=0
7.6360,heen,250,MM0 FF=0
7.6360,heen,250,"$GPRMC,113659.0,A,5050.51636,N,00419.37179,E,000.55,005.2,081026,000.4,E*5F"
7.6360,heen,250,"#67,YAW,0.18,GYRO,118,202,-22,ACC,12,-12,265,ADC,1264,384,7,2,"
7.6360,heen,250,MM1 ?P
7.6360,heen,250,MM0 ?P
7.6360,heen,250,MM1 P=227:-273
7.6360,heen,250,MM0 P=227:-273
7.6360,heen,250,MM0 !M 227 -273
7.6360,heen,250,MM1 !M 227 -273
7.6360,heen,250,MM0 +
7.6360,heen,250,MM1 +
7.6360,heen,250,"#68,YAW,0.17,GYRO,79,38,29,ACC,-4,-19,232,ADC,1279,318,3,2,"
7.6360,heen,250,MM1 ?S
7.6360,heen,250,MM0 ?S
7.6360,heen,250,MM1 S=225:-225
7.6360,heen,250,MM0 S=225:-225
7.6360,heen,250,"#69,YAW,0.17,GYRO,-102,-170,62,ACC,-12,43,292,ADC,1233,386,4,2,"
7.6361,heen,250,MM1 ?T
7.6361,heen,250,MM0 ?T
7.6361,heen,250,MM1 T=36:33
7.6361,heen,250,MM0 T=35:34
7.6361,heen,250,"#70,YAW,0.17,GYRO,-56,53,19,ACC,30,31,233,ADC,1260,386,5,2,"
7.6361,heen,250,MM1 ?V
7.6361,heen,250,MM0 ?V
7.6361,heen,250,MM1 V=120:227:4898
7.6361,heen,250,MM0 V=120:227:4905
7.6361,heen,250,"#71,YAW,0.17,GYRO,119,376,-5,ACC,47,-44,173,ADC,1246,393,4,2,"
7.6361,heen,250,MM0 ?CR
7.6361,heen,250,MM1 ?CR
7.6361,heen,250,MM0 CR=59:-61
7.6361,heen,250,MM1 CR=58:-58
7.6361,heen,250,"#72,YAW,0.17,GYRO,-30,63,23,ACC,-13,-49,326,ADC,1283,393,4,1,"
7.6361,heen,250,MM0 ?A
7.6361,heen,250,MM0 A=0:-6
7.6361,heen,250,MM1 ?A
7.6361,heen,250,MM1 A=0:-6
7.6361,heen,250,MM1 !M 226 -274
7.6361,heen,250,MM0 !M 226 -274
7.6361,heen,250,MM1 +
7.6361,heen,250,MM0 +
7.6361,heen,250,MM1 PING
7.6361,heen,250,MM0 PING
7.6361,heen,250,"#73,YAW,0.17,GYRO,-172,-327,38,ACC,-2,29,327,ADC,1233,384,6,2,"
7.6361,heen,250,MM0 ?AI
7.6361,heen,250,MM1 ?AI
7.6361,heen,250,MM0 AI=0:0:2410:2437:0:0
7.6361,heen,250,MM1 AI=0:0:2343:2555:0:0
7.6361,heen,250,"#74,YAW,0.16,GYRO,74,224,41,ACC,6,-22,177,ADC,1286,389,4,2,"
7.6361,heen,250,MM1 ?C
7.6362,heen,250,MM0 ?C
7.6362,heen,250,MM1 C=564:-571
7.6362,heen,250,MM0 C=603:-624
7.6362,heen,250,MM0 !M 226 -274
7.6362,heen,250,MM1 !M 226 -274
7.6362,heen,250,MM0 +
7.6362,heen,250,MM1 +
7.6362,heen,250,MM0 PING
7.6362,heen,250,MM1 PING
7.6362,heen,250,"#75,YAW,0.16,GYRO,59,476,59,ACC,-6,-16,247,ADC,1274,390,4,1,"
7.6362,heen,250,MM1 ?D
7.6362,heen,250,MM0 ?D
7.6362,heen,250,MM1 D=34
7.6362,heen,250,MM0 D=35
7.6362,heen,250,"#76,YAW,0.16,GYRO,51,-278,56,ACC,14,5,170,ADC,1246,498,4,2,"
7.6362,heen,250,MM0 ?FF
7.6362,heen,250,MM1 ?FF
7.6362,heen,250,MM0 FF=0
7.6363,heen,250,MM1 FF=0
7.6363,heen,250,"$GPRMC,113659.2,A,5050.51639,N,00419.37180,E,000.56,005.2,081026,000.4,E*57"
7.6363,heen,250,"#77,YAW,0.16,GYRO,-73,-114,-5,ACC,-27,22,330,ADC,1274,408,3,1,"
7.6363,heen,250,MM0 ?P
7.6363,heen,250,MM1 ?P
7.6363,heen,250,MM0 P=226:-274
7.6363,heen,250,MM1 P=226:-274
7.6363,heen,250,MM0 !M 226 -274
7.6363,heen,250,MM1 !M 226 -274
7.6363,heen,250,MM0 +
7.6363,heen,250,MM1 +
7.6363,heen,250,MM0 PING
7.6363,heen,250,MM1 PING
7.6363,heen,250,"#78,YAW,0.16,GYRO,-48,356,-18,ACC,42,38,136,ADC,1251,497,5,1,"
7.6363,heen,250,MM0 ?S
7.6363,heen,250,MM1 ?S
7.6363,heen,250,MM0 S=225:-150
7.6363,heen,250,MM1 S=225:-150
7.6363,heen,250,"#79,YAW,0.16,GYRO,50,235,-9,ACC,-9,-48,345,ADC,1297,498,4,1,"
7.6363,heen,250,MM1 ?T
7.6363,heen,250,MM0 ?T
7.6363,heen,250,MM0 T=35:34
7.6363,heen,250,MM1 T=36:33
7.6363,heen,250,MM0 !M 225 -275
7.6363,heen,250,MM1 !M 225 -275
7.6363,heen,250,MM0 +
7.6363,heen,250,MM1 +
7.6363,heen,250,MM0 PING
7.6363,heen,250,MM1 PING
7.6363,heen,250,"#80,YAW,0.16,GYRO,-42,-229,9,ACC,-12,7,238,ADC,1254,293,7,1,"
7.6363,heen,250,MM0 ?V
7.6363,heen,250,MM1 ?V
7.6363,heen,250,MM0 V=120:227:4904
7.6363,heen,250,MM1 V=120:226:4897
7.6363,heen,250,MM0 !M 225 -275
7.6363,heen,250,MM1 !M 225 -275
7.6364,heen,250,MM0 +
7.6364,heen,250,MM1 +
7.6364,heen,250,"#81,YAW,0.16,GYRO,-175,-121,-5,ACC,-2,26,210,ADC,1307,501,4,2,"
7.6364,heen,250,MM0 ?CR
7.6364,heen,250,MM1 ?CR
7.6364,heen,250,MM0 CR=59:-59
7.6364,heen,250,MM1 CR=58:-60
7.6364,heen,250,"#82,YAW,0.16,GYRO,-11,222,-43,ACC,-17,11,302,ADC,1266,500,6,1,"
7.6364,heen,250,MM0 ?A
7.6364,heen,250,MM1 ?A
7.6364,heen,250,MM0 A=0:-6
7.6364,heen,250,MM1 A=0:-9
7.6365,heen,250,MM0 !M 225 -275
7.6365,heen,250,MM1 !M 225 -275
7.6365,heen,250,MM0 +
7.6365,heen,250,MM1 +
7.6365,heen,250,"#83,YAW,0.16,GYRO,97,133,-37,ACC,28,-65,260,ADC,1222,274,8,2,"
7.6365,heen,250,MM0 ?AI
7.6365,heen,250,MM1 ?AI
7.6365,heen,250,MM0 AI=0:0:2398:2418:0:0
7.6365,heen,250,MM1 AI=0:0:2320:2319:0:0
7.6365,heen,250,"#84,YAW,0.16,GYRO,-161,-159,28,ACC,-15,4,297,ADC,1245,396,5,1,"
7.6365,heen,250,MM0 ?C
7.6365,heen,250,MM1 ?C
7.6365,heen,250,MM0 C=661:-683
7.6365,heen,250,MM1 C=621:-629
7.6366,heen,250,"#85,YAW,0.15,GYRO,-104,-198,39,ACC,5,19,213,ADC,1205,381,4,2,"
7.6366,heen,250,MM0 ?D
7.6366,heen,250,MM1 ?D
7.6366,heen,250,MM0 D=33
7.6366,heen,250,MM1 D=1
7.6460,heen,250,"#86,YAW,0.15,GYRO,50,180,6,ACC,-10,-5,274,ADC,1290,504,4,2,"
7.6460,heen,250,MM0 ?FF
7.6460,heen,250,MM1 ?FF
7.6460,heen,250,MM0 FF=0
7.6461,heen,250,MM1 FF=0
7.6461,heen,250,"$GPRMC,113659.4,A,5050.51642,N,00419.37181,E,000.58,002.3,081026,000.4,E*54"
7.6796,heen,250,"#87,YAW,0.15,GYRO,190,282,27,ACC,36,-58,297,ADC,1241,383,10,2,"
7.6797,heen,250,MM0 ?P
7.6797,heen,250,MM1 ?P
7.6797,heen,250,MM0 P=225:-275
7.6797,heen,250,MM1 P=225:-275
7.6797,heen,250,MM0 !M 224 -276
7.6797,heen,250,MM1 !M 224 -276
7.6797,heen,250,MM0 +
7.6797,heen,250,MM1 +
7.6797,heen,250,"#88,YAW,0.14,GYRO,-96,-131,63,ACC,4,-4,272,ADC,1246,384,4,1,"
7.6797,heen,250,MM0 ?S
7.6797,heen,250,MM1 ?S
7.6797,heen,250,MM0 S=225:-225
7.6797,heen,250,MM1 S=225:-225
8.2355,heen,250,"#89,YAW,0.14,GYRO,1,-214,54,ACC,-1,28,259,ADC,1248,393,8,2,"
8.2355,heen,250,MM0 ?T
8.2355,heen,250,MM1 ?T
8.2355,heen,250,MM0 T=35:34
8.2355,heen,250,MM1 T=36:33
8.2355,heen,250,"#90,YAW,0.14,GYRO,69,313,19,ACC,15,-6,156,ADC,1268,386,4,2,"
8.2355,heen,250,MM0 ?V
8.2355,heen,250,MM1 ?V
8.2355,heen,250,MM0 V=120:227:4904
8.2355,heen,250,MM1 V=120:226:4898
8.2355,heen,250,"#91,YAW,0.14,GYRO,17,205,21,ACC,-28,-42,528,ADC,1217,382,8,2,"
8.2355,heen,250,MM0 ?CR
8.2355,heen,250,MM1 ?CR
8.2355,heen,250,MM0 CR=57:-60
8.2355,heen,250,MM1 CR=57:-58
8.2355,heen,250,"#92,YAW,0.14,GYRO,46,-267,19,ACC,-15,-9,147,ADC,1267,500,4,1,"
8.2355,heen,250,MM0 ?A
8.2356,heen,250,MM1 ?A
8.2356,heen,250,MM0 A=0:-6
8.2356,heen,250,MM1 A=0:-6
8.2356,heen,250,MM0 !M 230 -270
8.2356,heen,250,MM1 !M 230 -270
8.2356,heen,250,MM0 +
8.2356,heen,250,MM1 +
8.2356,heen,250,MM0 PING
8.2356,heen,250,MM1 PING
8.2356,heen,250,"#93,YAW,0.14,GYRO,-152,-154,5,ACC,12,26,190,ADC,1297,502,7,2,"
8.2356,heen,250,MM0 ?AI
8.2356,heen,250,MM1 ?AI
8.2356,heen,250,MM0 AI=0:0:2407:2410:0:0
8.2356,heen,250,MM1 AI=0:0:2355:2323:0:0
8.2356,heen,250,"#94,YAW,0.14,GYRO,-38,342,-35,ACC,20,13,264,ADC,1230,381,6,1,"
8.2356,heen,250,MM0 ?C
8.2356,heen,250,MM1 ?C
8.2356,heen,250,MM0 C=719:-743
8.2356,heen,250,MM1 C=679:-688
8.2356,heen,250,MM0 !M 229 -271
8.2356,heen,250,MM1 !M 229 -271
8.2356,heen,250,MM1 +
8.2356,heen,250,MM0 +
8.2356,heen,250,MM0 PING
8.2356,heen,250,MM1 PING
8.2356,heen,250,MM0 !M 229 -271
8.2356,heen,250,MM1 !M 229 -271
8.2356,heen,250,MM0 +
8.2356,heen,250,MM1 +
8.2356,heen,250,"#95,YAW,0.14,GYRO,8,226,-48,ACC,2,-36,433,ADC,1252,320,5,2,"
8.2356,heen,250,MM0 ?D
8.2356,heen,250,MM1 ?D
8.2356,heen,250,MM0 D=19
8.2356,heen,250,MM1 D=59
8.2356,heen,250,"#96,YAW,0.14,GYRO,3,-158,-10,ACC,-2,-36,148,ADC,1209,384,6,1,"
8.2357,heen,250,MM1 ?FF
8.2357,heen,250,MM0 ?FF
8.2357,heen,250,MM0 FF=0
8.2357,heen,250,MM1 FF=0
8.2357,heen,250,"$GPRMC,113659.6,A,5050.51645,N,00419.37182,E,000.59,002.3,081026,000.4,E*53"
8.2357,heen,250,"#97,YAW,0.14,GYRO,-146,-63,-2,ACC,19,24,278,ADC,1246,391,5,2,"
8.2357,heen,250,MM0 ?P
8.2357,heen,250,MM1 ?P
8.2357,heen,250,MM0 P=229:-271
8.2357,heen,250,MM1 P=229:-271
8.2357,heen,250,MM0 !M 229 -271
8.2357,heen,250,MM1 !M 229 -271
8.2357,heen,250,MM0 +
8.2357,heen,250,MM1 +
8.2357,heen,250,"#98,YAW,0.14,GYRO,56,249,-10,ACC,1,3,228,ADC,1249,390,7,2,"
8.2357,heen,250,MM0 ?S
8.2357,heen,250,MM1 ?S
8.2357,heen,250,MM0 S=225:-225
8.2357,heen,250,MM1 S=225:-225
8.2357,heen,250,"#99,YAW,0.14,GYRO,107,276,-12,ACC,23,-28,304,ADC,1253,406,5,2,"
8.2357,heen,250,MM0 ?T
8.2357,heen,250,MM1 ?T
8.2357,heen,250,MM0 T=35:34
8.2357,heen,250,MM1 T=36:33
8.2357,heen,250,"#100,YAW,0.13,GYRO,16,5,26,ACC,-14,-13,230,ADC,1247,383,7,2,"
8.2357,heen,250,MM0 ?V
8.2357,heen,250,MM1 ?V
8.2357,heen,250,MM0 V=120:226:4906
8.2357,heen,250,MM1 V=120:226:4899
8.2357,heen,250,MM0 !M 229 -271
8.2357,heen,250,MM1 !M 229 -271
8.2357,heen,250,MM0 +
8.2357,heen,250,MM1 +
8.2357,heen,250,"#101,YAW,0.13,GYRO,-104,-168,38,ACC,-2,40,225,ADC,1253,391,9,1,"
8.2357,heen,250,MM0 ?CR
8.2357,heen,250,MM1 ?CR
8.2357,heen,250,MM0 CR=59:-60
8.2357,heen,250,MM1 CR=58:-59
8.2357,heen,250,"#102,YAW,0.13,GYRO,44,319,-4,ACC,-9,19,262,ADC,1239,391,4,1,"
8.2357,heen,250,MM0 ?A
8.2358,heen,250,MM1 ?A
8.2358,heen,250,MM0 A=0:-6
8.2358,heen,250,MM1 A=4:-10
8.2358,heen,250,MM1 !M 229 -271
8.2358,heen,250,MM0 !M 229 -271
8.2358,heen,250,MM1 +
8.2358,heen,250,MM0 +
8.2358,heen,250,"#103,YAW,0.13,GYRO,13,150,2,ACC,-1,-19,401,ADC,1236,389,7,2,"
8.2358,heen,250,MM0 ?AI
8.2358,heen,250,MM1 ?AI
8.2358,heen,250,MM0 AI=0:0:2437:2412:0:0
8.2358,heen,250,MM1 AI=0:0:2332:2321:0:0
8.2358,heen,250,"#104,YAW,0.13,GYRO,-57,-271,22,ACC,-18,3,171,ADC,1215,394,6,1,"
8.2358,heen,250,MM0 ?C
8.2358,heen,250,MM1 ?C
8.2358,heen,250,MM0 C=778:-803
8.2358,heen,250,MM1 C=737:-747
8.2358,heen,250,"#105,YAW,0.13,GYRO,-122,-99,24,ACC,-2,22,178,ADC,1264,501,5,1,"
8.2358,heen,250,MM0 ?D
8.2358,heen,250,MM1 ?D
8.2358,heen,250,MM1 D=49
8.2358,heen,250,MM0 D=3
8.2358,heen,250,"#106,YAW,0.13,GYRO,-52,397,-15,ACC,12,18,293,ADC,1213,382,5,2,"
8.2358,heen,250,MM0 ?FF
8.2358,heen,250,MM1 ?FF
8.2358,heen,250,MM0 FF=0
8.2358,heen,250,MM1 FF=0
8.2358,heen,250,"$GPRMC,113659.8,A,5050.51654,N,00419.37206,E,000.59,002.3,081026,000.4,E*52"
8.2358,heen,250,"#107,YAW,0.13,GYRO,100,134,11,ACC,-11,-24,363,ADC,1280,492,4,2,"
8.2358,heen,250,MM0 ?P
8.2358,heen,250,MM1 ?P
8.2358,heen,250,MM0 P=229:-271
8.2358,heen,250,MM1 P=229:-271
8.2358,heen,250,MM0 !M 229 -271
8.2358,heen,250,MM1 !M 229 -271
8.2358,heen,250,MM0 +
8.2358,heen,250,MM1 +
8.2358,heen,250,MM1 PING
8.2358,heen,250,MM0 PING
8.2358,heen,250,"#108,YAW,0.12,GYRO,-39,-270,41,ACC,-3,-6,154,ADC,1273,379,4,2,"
8.2358,heen,250,MM0 !M 229 -271
8.2358,heen,250,MM0 +
8.2358,heen,250,MM1 !M 229 -271
8.2358,heen,250,MM1 +
8.2358,heen,250,MM0 ?S
8.2359,heen,250,MM1 ?S
8.2359,heen,250,MM0 S=225:-225
8.2359,heen,250,MM1 S=225:-225
8.2359,heen,250,"#109,YAW,0.12,GYRO,-24,2,37,ACC,5,18,213,ADC,1253,382,7,1,"
8.2359,heen,250,MM0 ?T
8.2359,heen,250,MM1 ?T
8.2359,heen,250,MM0 T=35:34
8.2359,heen,250,MM1 T=36:33
8.2359,heen,250,"#110,YAW,0.12,GYRO,-5,422,8,ACC,4,28,316,ADC,1260,381,5,2,"
8.2359,heen,250,MM0 ?V
8.2359,heen,250,MM1 ?V
8.2359,heen,250,MM0 V=120:226:4904
8.2359,heen,250,MM1 V=120:225:4898
8.2359,heen,250,"#111,YAW,0.12,GYRO,43,28,13,ACC,4,4,329,ADC,1214,384,3,2,"
8.2359,heen,250,MM0 ?CR
8.2359,heen,250,MM1 ?CR
8.2359,heen,250,MM0 CR=58:-59
8.2359,heen,250,MM1 CR=58:-58
8.2359,heen,250,"#112,YAW,0.12,GYRO,21,-253,41,ACC,13,4,166,ADC,1264,385,3,2,"
8.2359,heen,250,MM0 ?A
8.2359,heen,250,MM1 ?A
8.2359,heen,250,MM0 A=0:-2
8.2359,heen,250,MM1 A=0:-2
8.2359,heen,250,MM1 !M 228 -272
8.2359,heen,250,MM0 !M 228 -272
8.2359,heen,250,MM1 +
8.2359,heen,250,MM0 +
8.2359,heen,250,MM0 PING
8.2359,heen,250,MM1 PING
8.2359,heen,250,"#113,YAW,0.12,GYRO,-77,-67,29,ACC,3,0,197,ADC,1248,393,5,1,"
8.2359,heen,250,MM0 ?AI
8.2359,heen,250,MM1 ?AI
8.2359,heen,250,MM0 AI=0:0:2407:2414:0:0
8.2359,heen,250,MM1 AI=0:0:2356:2338:0:0
8.2359,heen,250,MM0 !M 228 -272
8.2359,heen,250,MM1 !M 228 -272
8.2359,heen,250,MM0 +
8.2359,heen,250,MM1 +
8.2359,heen,250,"#114,YAW,0.12,GYRO,3,386,-2,ACC,16,3,341,ADC,1266,502,5,2,"
8.2359,heen,250,MM0 ?C
8.2359,heen,250,MM1 ?C
8.2359,heen,250,MM1 C=795:-805
8.2359,heen,250,MM0 C=836:-863
8.2385,heen,250,"#115,YAW,0.12,GYRO,44,120,-3,ACC,-23,-30,333,ADC,1276,494,5,2,"
8.2386,heen,250,MM0 ?D
8.2386,heen,250,MM1 ?D
8.2386,heen,250,MM0 D=18
8.2386,heen,250,MM1 D=3
8.2386,heen,250,MM1 !M 228 -272
8.2386,heen,250,MM0 !M 228 -272
8.2386,heen,250,MM1 +
8.2386,heen,250,MM0 +
8.2386,heen,250,"#116,YAW,0.12,GYRO,0,-107,29,ACC,-22,7,209,ADC,1234,383,5,2,"
8.2386,heen,250,MM0 ?FF
8.2386,heen,250,MM1 ?FF
8.2386,heen,250,MM0 FF=0
8.2386,heen,250,MM1 FF=0
8.2386,heen,250,"$GPRMC,113700.0,A,5050.51659,N,00419.37211,E,000.60,002.3,081026,000.4,E*56"
8.2921,heen,250,"#117,YAW,0.12,GYRO,-68,-41,13,ACC,9,14,163,ADC,1283,397,5,2,"
8.2921,heen,250,MM0 ?P
8.2921,heen,250,MM1 ?P
8.2921,heen,250,MM0 P=228:-272
8.2921,heen,250,MM1 P=228:-272
8.2921,heen,250,"#118,YAW,0.11,GYRO,-100,203,-34,ACC,13,6,375,ADC,1243,387,5,3,"
8.2921,heen,250,MM0 ?S
8.2922,heen,250,MM1 ?S
8.2922,heen,250,MM0 S=225:-225
8.2922,heen,250,MM1 S=225:-225
8.2922,heen,250,MM0 !M 233 -267
8.2922,heen,250,MM1 !M 233 -267
8.2922,heen,250,MM0 +
8.2922,heen,250,MM1 +
8.2922,heen,250,"#119,YAW,0.11,GYRO,152,104,-3,ACC,22,-50,269,ADC,1245,397,7,1,"
8.2922,heen,250,MM0 ?T
8.2922,heen,250,MM1 ?T
8.2922,heen,250,MM0 T=35:34
8.2922,heen,250,MM1 T=36:33
8.3409,heen,250,"#120,YAW,0.11,GYRO,-95,-220,46,ACC,1,-31,217,ADC,1261,401,5,2,"
8.3410,heen,250,MM0 ?V
8.3410,heen,250,MM1 ?V
8.3410,heen,250,MM0 V=120:227:4904
8.3410,heen,250,MM1 V=120:226:4898
8.3410,heen,250,MM0 !M 232 -268
8.3410,heen,250,MM1 !M 232 -268
8.3410,heen,250,MM0 +
8.3410,heen,250,MM1 +
8.3410,heen,250,"#121,YAW,0.11,GYRO,-30,-24,35,ACC,-1,17,240,ADC,1208,384,4,1,"
8.3410,heen,250,MM0 ?CR
8.3410,heen,250,MM1 ?CR
8.3410,heen,250,MM0 CR=59:-62
8.3410,heen,250,MM1 CR=59:-60
8.3947,heen,250,"#122,YAW,0.11,GYRO,-63,312,-25,ACC,15,35,276,ADC,1214,384,5,2,"
8.3947,heen,250,MM0 ?A
8.3947,heen,250,MM1 ?A
8.3947,heen,250,MM0 A=0:-6
8.3948,heen,250,MM1 A=4:-10
8.3948,heen,250,"#123,YAW,0.11,GYRO,44,88,-7,ACC,-19,-11,362,ADC,1267,498,4,2,"
8.3948,heen,250,MM0 ?AI
8.3948,heen,250,MM1 ?AI
8.3948,heen,250,MM0 AI=0:0:2404:2441:0:0
8.3948,heen,250,MM1 AI=0:0:2256:2313:0:0
8.3948,heen,250,"#124,YAW,0.11,GYRO,-55,-316,36,ACC,-7,20,143,ADC,1290,499,7,1,"
8.3948,heen,250,MM0 ?C
8.3948,heen,250,MM1 ?C
8.3948,heen,250,MM0 C=895:-924
8.3948,heen,250,MM1 C=854:-865
8.4431,heen,250,"#125,YAW,0.11,GYRO,1,62,26,ACC,4,-1,201,ADC,1313,379,4,2,"
8.4431,heen,250,MM0 !M 233 -267
8.4432,heen,250,MM0 +
8.4432,heen,250,MM1 !M 233 -267
8.4432,heen,250,MM1 +
8.4432,heen,250,MM0 PING
8.4432,heen,250,MM1 PING
8.4432,heen,250,MM0 ?D
8.4432,heen,250,MM1 ?D
8.4432,heen,250,MM1 D=3
8.4432,heen,250,MM0 D=34
8.4432,heen,250,"#126,YAW,0.11,GYRO,-111,356,3,ACC,-4,23,506,ADC,1259,385,4,2,"
8.4432,heen,250,MM0 ?FF
8.4432,heen,250,MM1 ?FF
8.4432,heen,250,MM0 FF=0
8.4432,heen,250,MM1 FF=0
8.4432,heen,250,"$GPRMC,113700.2,A,5050.51667,N,00419.37235,E,000.60,002.3,081026,000.4,E*5F"
8.4969,heen,250,"#127,YAW,0.10,GYRO,164,55,44,ACC,-10,-50,128,ADC,1323,432,4,2,"
8.4969,heen,250,MM0 ?P
8.4969,heen,250,MM1 ?P
8.4969,heen,250,MM0 P=233:-267
8.4969,heen,250,MM1 P=233:-267
8.4969,heen,250,MM0 !M 234 -266
8.4969,heen,250,MM1 !M 234 -266
8.4969,heen,250,MM0 +
8.4969,heen,250,MM1 +
8.4969,heen,250,MM0 PING
8.4969,heen,250,MM1 PING
8.4969,heen,250,"#128,YAW,0.10,GYRO,24,-204,31,ACC,-4,1,127,ADC,1292,387,6,2,"
8.4969,heen,250,MM0 ?S
8.4969,heen,250,MM1 ?S
8.4969,heen,250,MM0 S=225:-225
8.4969,heen,250,MM1 S=225:-225
8.4970,heen,250,"#129,YAW,0.10,GYRO,-77,77,-6,ACC,52,53,261,ADC,1282,497,3,1,"
8.4970,heen,250,MM0 ?T
8.4970,heen,250,MM1 ?T
8.4970,heen,250,MM0 T=35:34
8.4970,heen,250,MM1 T=35:33
8.5443,heen,250,"#130,YAW,0.10,GYRO,-102,308,-25,ACC,4,28,440,ADC,1272,394,5,1,"
8.5443,heen,250,MM0 ?V
8.5443,heen,250,MM1 ?V
8.5443,heen,250,MM0 V=120:227:4903
8.5443,heen,250,MM1 V=120:226:4897
8.5443,heen,250,MM0 !M 234 -266
8.5443,heen,250,MM1 !M 234 -266
8.5443,heen,250,MM0 +
8.5443,heen,250,MM1 +
8.5443,heen,250,MM1 PING
8.5443,heen,250,MM0 PING
8.5443,heen,250,"#131,YAW,0.10,GYRO,59,-72,4,ACC,10,-36,208,ADC,1212,380,5,2,"
8.5444,heen,250,MM0 ?CR
8.5444,heen,250,MM1 ?CR
8.5444,heen,250,MM0 CR=60:-60
8.5444,heen,250,MM1 CR=59:-59
8.5974,heen,250,"#132,YAW,0.10,GYRO,0,-153,15,ACC,-1,-20,168,ADC,1252,500,4,2,"
8.5975,heen,250,MM0 ?A
8.5975,heen,250,MM1 ?A
8.5975,heen,250,MM0 A=0:-2
8.5975,heen,250,MM1 A=0:-6
8.5975,heen,250,MM0 !M 234 -266
8.5975,heen,250,MM1 !M 234 -266
8.5975,heen,250,MM0 +
8.5975,heen,250,MM1 +
8.5975,heen,250,MM1 PING
8.5975,heen,250,MM0 PING
8.5975,heen,250,"#133,YAW,0.10,GYRO,-107,164,-10,ACC,21,29,237,ADC,1284,502,6,2,"
8.5975,heen,250,MM0 ?AI
8.5975,heen,250,MM1 ?AI
8.5975,heen,250,MM0 AI=0:0:2422:2500:0:0
8.5975,heen,250,MM1 AI=0:0:2299:2340:0:0
8.5975,heen,250,MM0 !M 235 -265
8.5975,heen,250,MM1 !M 235 -265
8.5975,heen,250,MM0 +
8.5975,heen,250,MM1 +
8.5975,heen,250,"#134,YAW,0.10,GYRO,-102,138,-41,ACC,-16,14,456,ADC,1297,500,8,2,"
8.5975,heen,250,MM0 ?C
8.5975,heen,250,MM1 ?C
8.5975,heen,250,MM0 C=954:-983
8.5975,heen,250,MM1 C=912:-924
8.6327,heen,250,"#135,YAW,0.10,GYRO,18,-156,-5,ACC,4,-32,162,ADC,1224,501,4,2,"
8.6327,heen,250,MM1 ?D
8.6327,heen,250,MM0 ?D
8.6327,heen,250,MM1 D=16
8.6327,heen,250,MM0 D=2
8.6327,heen,250,"#136,YAW,0.10,GYRO,-13,-26,26,ACC,8,-31,160,ADC,1260,396,4,2,"
8.6327,heen,250,MM0 ?FF
8.6327,heen,250,MM1 ?FF
8.6327,heen,250,MM0 FF=0
8.6328,heen,250,MM1 FF=0
8.6529,heen,250,"$GPRMC,113700.4,A,5050.51671,N,00419.37241,E,000.60,002.3,081026,000.4,E*5D"
8.6529,heen,250,MM0 !M 235 -265
8.6529,heen,250,MM1 !M 235 -265
8.6529,heen,250,MM0 +
8.6529,heen,250,MM1 +
8.6529,heen,250,"#137,YAW,0.10,GYRO,-64,119,16,ACC,-17,19,229,ADC,1201,266,5,2,"
8.6530,heen,250,MM0 ?P
8.6530,heen,250,MM1 ?P
8.6530,heen,250,MM0 P=235:-265
8.6530,heen,250,MM1 P=235:-265
8.6938,heen,250,"#138,YAW,0.09,GYRO,54,133,-6,ACC,-16,11,485,ADC,1272,390,7,2,"
8.6938,heen,250,MM0 ?S
8.6938,heen,250,MM1 ?S
8.6938,heen,250,MM0 S=225:-225
8.6938,heen,250,MM1 S=225:-225
8.6938,heen,250,"#139,YAW,0.09,GYRO,-25,-121,18,ACC,15,-10,202,ADC,1257,496,5,2,"
8.6938,heen,250,MM0 ?T
8.6938,heen,250,MM1 ?T
8.6938,heen,250,MM0 T=35:34
8.6938,heen,250,MM1 T=36:33
8.7153,heen,250,"#140,YAW,0.09,GYRO,84,-75,35,ACC,13,-15,171,ADC,1270,491,8,1,"
8.7153,heen,250,MM0 ?V
8.7153,heen,250,MM1 ?V
8.7153,heen,250,MM0 V=120:235:4905
8.7153,heen,250,MM1 V=120:225:4898
8.7153,heen,250,MM1 !M 235 -265
8.7153,heen,250,MM0 !M 235 -265
8.7153,heen,250,MM1 +
8.7153,heen,250,MM0 +
8.7503,heen,250,MM0 PING
8.7503,heen,250,MM1 PING
8.7503,heen,250,"#141,YAW,0.09,GYRO,-102,157,2,ACC,-68,102,235,ADC,1273,400,6,2,"
8.7503,heen,250,MM0 ?CR
8.7503,heen,250,MM1 ?CR
8.7503,heen,250,MM0 CR=59:-59
8.7503,heen,250,MM1 CR=59:-59
8.7503,heen,250,MM0 !M 236 -264
8.7503,heen,250,MM0 +
8.7503,heen,250,MM1 !M 236 -264
8.7503,heen,250,MM1 +
8.7503,heen,250,"#142,YAW,0.09,GYRO,-21,155,-11,ACC,-23,3,404,ADC,1208,385,6,2,"
8.7503,heen,250,MM0 ?A
8.7503,heen,250,MM1 ?A
8.7503,heen,250,MM1 A=4:-6
8.7503,heen,250,MM0 A=0:-10
8.7859,heen,250,MM0 !M 237 -263
8.7860,heen,250,MM1 !M 237 -263
8.7860,heen,250,MM0 +
8.7860,heen,250,MM1 +
8.7860,heen,250,"#143,YAW,0.09,GYRO,53,-166,19,ACC,13,-28,181,ADC,1258,295,4,2,"
8.7860,heen,250,MM0 ?AI
8.7860,heen,250,MM1 ?AI
8.7860,heen,250,MM0 AI=0:0:2410:2428:0:0
8.7860,heen,250,MM1 AI=0:0:2330:2358:0:0
8.7860,heen,250,"#144,YAW,0.09,GYRO,146,-55,36,ACC,5,-24,134,ADC,1298,396,6,1,"
8.8067,heen,250,MM0 ?C
8.8067,heen,250,MM1 ?C
8.8067,heen,250,MM1 C=971:-983
8.8067,heen,250,MM0 C=1013:-1042
8.8067,heen,250,"#145,YAW,0.09,GYRO,-231,176,-22,ACC,90,-31,305,ADC,1224,395,4,2,"
8.8068,heen,250,MM0 ?D
8.8431,heen,250,MM1 ?D
8.8431,heen,250,MM0 D=17
8.8431,heen,250,MM1 D=50
8.8431,heen,250,MM1 !M 238 -262
8.8431,heen,250,MM0 !M 238 -262
8.8431,heen,250,MM1 +
8.8431,heen,250,MM0 +
8.8431,heen,250,"#146,YAW,0.09,GYRO,-16,302,-71,ACC,-29,14,342,ADC,1282,497,4,2,"
8.8431,heen,250,MM0 ?FF
8.8431,heen,250,MM1 ?FF
8.8431,heen,250,MM0 FF=0
8.8431,heen,250,MM1 FF=0
8.8431,heen,250,"$GPRMC,113700.6,A,5050.51679,N,00419.37248,E,000.60,002.3,081026,000.4,E*5E"
8.8639,heen,250,"#147,YAW,0.09,GYRO,-52,-140,-48,ACC,-3,-14,219,ADC,1247,397,6,1,"
8.8640,heen,250,MM0 ?P
8.8640,heen,250,MM1 ?P
8.8640,heen,250,MM0 P=238:-262
8.8640,heen,250,MM1 P=238:-262
8.8988,heen,250,"#148,YAW,0.09,GYRO,18,-9,-5,ACC,-16,-25,227,ADC,1254,383,4,2,"
8.8989,heen,250,MM0 ?S
8.8989,heen,250,MM1 ?S
8.8989,heen,250,MM0 S=225:-225
8.8989,heen,250,MM1 S=225:-225
8.8989,heen,250,"#149,YAW,0.09,GYRO,-90,112,-11,ACC,24,11,215,ADC,1245,383,5,2,"
8.8989,heen,250,MM0 ?T
8.8990,heen,250,MM1 ?T
8.8990,heen,250,MM0 T=35:34
8.8990,heen,250,MM1 T=36:33
8.9191,heen,250,"#150,YAW,0.09,GYRO,71,280,-19,ACC,1,4,369,ADC,1255,497,6,1,"
8.9191,heen,250,MM0 ?V
8.9191,heen,250,MM1 ?V
8.9191,heen,250,MM0 V=120:228:4905
8.9191,heen,250,MM1 V=120:226:4899
8.9604,heen,250,MM0 !M 236 -264
8.9604,heen,250,MM1 !M 236 -264
8.9605,heen,250,MM0 +
8.9605,heen,250,MM1 +
8.9605,heen,250,MM0 PING
8.9605,heen,250,"#151,YAW,0.09,GYRO,23,43,-2,ACC,-12,-7,273,ADC,1221,392,7,2,"
8.9605,heen,250,MM1 PING
8.9605,heen,250,MM0 ?CR
8.9605,heen,250,MM1 ?CR
8.9605,heen,250,MM0 CR=58:-58
8.9605,heen,250,MM1 CR=58:-58
8.9605,heen,250,"#152,YAW,0.09,GYRO,33,-115,41,ACC,-3,3,193,ADC,1246,393,4,2,"
8.9605,heen,250,MM0 ?A
8.9605,heen,250,MM1 ?A
8.9605,heen,250,MM0 A=0:-2
8.9605,heen,250,MM1 A=4:-2
8.9605,heen,250,MM1 !M 236 -264
8.9605,heen,250,MM0 !M 236 -264
8.9605,heen,250,MM0 +
8.9950,heen,250,MM1 +
8.9950,heen,250,MM0 PING
8.9950,heen,250,MM1 PING
8.9950,heen,250,"#153,YAW,0.09,GYRO,-119,182,8,ACC,9,34,246,ADC,1278,370,4,1,"
8.9950,heen,250,MM0 ?AI
8.9950,heen,250,MM1 ?AI
8.9950,heen,250,MM0 AI=0:0:2427:2409:0:0
8.9950,heen,250,MM1 AI=0:0:2316:2460:0:0
8.9950,heen,250,"#154,YAW,0.09,GYRO,-32,143,-9,ACC,-14,12,422,ADC,1228,381,4,2,"
8.9950,heen,250,MM0 ?C
8.9951,heen,250,MM1 ?C
8.9951,heen,250,MM0 C=1072:-1102
8.9951,heen,250,MM1 C=1030:-1041
9.0158,heen,250,"#155,YAW,0.08,GYRO,8,-162,21,ACC,4,-19,194,ADC,1246,381,5,2,"
9.0158,heen,250,MM0 ?D
9.0158,heen,250,MM1 ?D
9.0158,heen,250,MM0 D=16
9.0158,heen,250,MM1 D=3
9.0500,heen,250,MM0 !M 236 -264
9.0500,heen,250,MM1 !M 236 -264
9.0500,heen,250,MM0 +
9.0500,heen,250,MM1 +
9.0500,heen,250,MM1 PING
9.0500,heen,250,MM0 PING
9.0500,heen,250,"#156,YAW,0.08,GYRO,-6,-35,38,ACC,15,-16,167,ADC,1269,272,4,2,"
9.0500,heen,250,MM1 ?FF
9.0500,heen,250,MM0 ?FF
9.0500,heen,250,MM1 FF=0
9.0501,heen,250,MM0 FF=0
9.0501,heen,250,"$GPRMC,113700.8,A,5050.51687,N,00419.37254,E,000.60,002.3,081026,000.4,E*5C"
9.0501,heen,250,"#157,YAW,0.08,GYRO,-187,291,-11,ACC,5,31,291,ADC,1280,498,4,2,"
9.0501,heen,250,MM0 ?P
9.0501,heen,250,MM1 ?P
9.0501,heen,250,MM0 P=236:-264
9.0989,heen,250,MM1 P=236:-264
9.0989,heen,250,MM0 !M 238 -262
9.0989,heen,250,MM1 !M 238 -262
9.0989,heen,250,MM0 +
9.0989,heen,250,MM1 +
9.0989,heen,250,MM0 PING
9.0989,heen,250,MM1 PING
9.0989,heen,250,"#158,YAW,0.08,GYRO,30,97,-22,ACC,-13,21,405,ADC,1273,289,5,2,"
9.0989,heen,250,MM0 ?S
9.0989,heen,250,MM1 ?S
9.0989,heen,250,MM0 S=225:-225
9.0989,heen,250,MM1 S=225:-225
9.0989,heen,250,"#159,YAW,0.08,GYRO,15,-151,4,ACC,1,-28,173,ADC,1266,502,4,2,"
9.0989,heen,250,MM0 ?T
9.0989,heen,250,MM1 ?T
9.0989,heen,250,MM0 T=35:34
9.0989,heen,250,MM1 T=36:33
9.1499,heen,250,"#160,YAW,0.08,GYRO,61,-5,37,ACC,9,-24,170,ADC,1201,382,8,2,"
9.1499,heen,250,MM0 ?V
9.1499,heen,250,MM1 ?V
9.1499,heen,250,MM0 V=120:226:4905
9.1499,heen,250,MM1 V=120:226:4899
9.1499,heen,250,MM0 !M 239 -261
9.1499,heen,250,MM1 !M 239 -261
9.1499,heen,250,MM0 +
9.1500,heen,250,MM1 +
9.1500,heen,250,MM0 PING
9.1500,heen,250,MM1 PING
9.1500,heen,250,"#161,YAW,0.08,GYRO,-154,271,1,ACC,7,20,344,ADC,1220,395,6,2,"
9.1500,heen,250,MM0 ?CR
9.1500,heen,250,MM1 ?CR
9.1500,heen,250,MM1 CR=59:-59
9.1500,heen,250,MM0 CR=60:-60
9.1500,heen,250,MM1 !M 239 -261
9.1500,heen,250,MM0 !M 239 -261
9.1501,heen,250,MM1 +
9.1501,heen,250,MM0 +
9.1501,heen,250,"#162,YAW,0.08,GYRO,62,126,-21,ACC,-2,46,300,ADC,1239,389,5,1,"
9.1501,heen,250,MM0 ?A
9.1501,heen,250,MM1 ?A
9.1501,heen,250,MM1 A=4:-2
9.1501,heen,250,MM0 A=0:-10
9.2009,heen,250,"#163,YAW,0.08,GYRO,22,-163,7,ACC,-5,-4,152,ADC,1251,384,7,2,"
9.2009,heen,250,MM1 ?AI
9.2009,heen,250,MM0 ?AI
9.2009,heen,250,MM1 AI=0:0:2348:2378:0:0
9.2009,heen,250,MM0 AI=0:0:2415:2419:0:0
9.2009,heen,250,"#164,YAW,0.08,GYRO,96,-51,33,ACC,8,-19,185,ADC,1265,501,6,1,"
9.2009,heen,250,MM0 ?C
9.2009,heen,250,MM1 ?C
9.2009,heen,250,MM0 C=1131:-1161
9.2010,heen,250,MM1 C=1089:-1100
9.2548,heen,250,"#165,YAW,0.08,GYRO,-111,222,3,ACC,33,19,311,ADC,1274,387,5,2,"
9.2548,heen,250,MM0 ?D
9.2548,heen,250,MM1 ?D
9.2548,heen,250,MM0 D=50
9.2548,heen,250,MM1 D=17
9.2548,heen,250,MM0 !M 239 -261
9.2548,heen,250,MM1 !M 239 -261
9.2548,heen,250,MM0 +
9.2548,heen,250,MM1 +
9.2548,heen,250,MM1 PING
9.2548,heen,250,MM0 PING
9.2549,heen,250,"#166,YAW,0.08,GYRO,115,279,-21,ACC,-19,32,326,ADC,1229,381,9,2,"
9.2549,heen,250,MM1 ?FF
9.2549,heen,250,MM0 ?FF
9.2549,heen,250,MM1 FF=0
9.2549,heen,250,MM0 FF=0
9.2549,heen,250,MM0 !M 241 -259
9.2549,heen,250,MM0 +
9.2549,heen,250,MM1 !M 241 -259
9.2549,heen,250,MM1 +
9.2549,heen,250,"$GPRMC,113701.0,A,5050.51692,N,00419.37262,E,000.60,002.3,081026,000.4,E*54"
9.2549,heen,250,"#167,YAW,0.08,GYRO,12,-174,12,ACC,-5,-11,176,ADC,1250,298,9,2,"
9.2549,heen,250,MM1 ?P
9.2549,heen,250,MM0 ?P
9.2549,heen,250,MM1 P=241:-259
9.2549,heen,250,MM0 P=241:-259
9.2887,heen,250,"#168,YAW,0.07,GYRO,-3,-7,9,ACC,-2,26,169,ADC,1254,501,5,1,"
9.2888,heen,250,MM0 ?S
9.2888,heen,250,MM1 ?S
9.2888,heen,250,MM0 S=225:-225
9.2888,heen,250,MM1 S=225:-225
9.2888,heen,250,MM0 !M 241 -259
9.2888,heen,250,MM1 !M 241 -259
9.2888,heen,250,MM0 +
9.2888,heen,250,MM1 +
9.2888,heen,250,"#169,YAW,0.07,GYRO,-179,197,-32,ACC,21,30,294,ADC,1283,390,6,2,"
9.2888,heen,250,MM0 ?T
9.2888,heen,250,MM1 ?T
9.2888,heen,250,MM0 T=35:34
9.3166,heen,250,MM1 T=35:33
9.3166,heen,250,"#170,YAW,0.07,GYRO,109,69,-45,ACC,19,3,303,ADC,1248,389,4,2,"
9.3166,heen,250,MM0 ?V
9.3166,heen,250,MM1 ?V
9.3166,heen,250,MM0 V=120:226:4905
9.3515,heen,250,MM1 V=120:226:4899
9.3516,heen,250,"#171,YAW,0.07,GYRO,-26,-136,9,ACC,-10,-19,207,ADC,1262,497,5,3,"
9.3516,heen,250,MM1 ?CR
9.3516,heen,250,MM0 ?CR
9.3516,heen,250,MM1 CR=59:-59
9.3516,heen,250,MM0 CR=59:-60
9.3516,heen,250,MM0 !M 241 -259
9.3516,heen,250,MM1 !M 241 -259
9.3516,heen,250,MM0 +
9.3516,heen,250,MM1 +
9.3516,heen,250,"#172,YAW,0.07,GYRO,36,-108,40,ACC,-7,0,246,ADC,1249,391,4,2,"
9.3516,heen,250,MM0 ?A
9.3516,heen,250,MM1 ?A
9.3516,heen,250,MM0 A=0:-2
9.3516,heen,250,MM1 A=4:-2
9.4037,heen,250,"#173,YAW,0.07,GYRO,-124,211,-15,ACC,18,25,283,ADC,1238,383,3,1,"
9.4038,heen,250,MM1 ?AI
9.4038,heen,250,MM0 ?AI
9.4038,heen,250,MM1 AI=0:0:2333:2347:0:0
9.4038,heen,250,MM0 AI=0:0:2409:2427:0:0
9.4038,heen,250,MM0 !M 241 -259
9.4038,heen,250,MM1 !M 241 -259
9.4038,heen,250,MM0 +
9.4038,heen,250,MM1 +
9.4038,heen,250,"#174,YAW,0.07,GYRO,27,73,-16,ACC,-4,8,349,ADC,1207,295,6,2,"
9.4038,heen,250,MM1 ?C
9.4038,heen,250,MM0 ?C
9.4038,heen,250,MM1 C=1148:-1159
9.4038,heen,250,MM0 C=1191:-1222
9.4539,heen,250,"#175,YAW,0.07,GYRO,-13,-176,16,ACC,10,-11,142,ADC,1227,386,6,2,"
9.4539,heen,250,MM1 ?D
9.4539,heen,250,MM0 ?D
9.4539,heen,250,MM1 D=48
9.4539,heen,250,MM0 D=18
9.4539,heen,250,"#176,YAW,0.07,GYRO,24,5,25,ACC,15,-24,240,ADC,1245,389,5,2,"
9.4539,heen,250,MM1 ?FF
9.4539,heen,250,MM0 ?FF
9.4540,heen,250,MM1 FF=0
9.4540,heen,250,MM0 FF=0
9.4540,heen,250,"$GPRMC,113701.2,A,5050.51695,N,00419.37264,E,000.60,002.3,081026,000.4,E*57"
9.4540,heen,250,"#177,YAW,0.07,GYRO,-166,214,2,ACC,1,20,368,ADC,1234,382,8,1,"
9.4540,heen,250,MM1 ?P
9.4540,heen,250,MM0 ?P
9.4540,heen,250,MM1 P=241:-259
9.4540,heen,250,MM0 P=241:-259
9.4916,heen,250,"#178,YAW,0.07,GYRO,136,-37,5,ACC,4,-6,286,ADC,1304,401,5,2,"
9.4916,heen,250,MM0 ?S
9.4916,heen,250,MM1 ?S
9.4917,heen,250,MM1 S=225:-225
9.4917,heen,250,MM0 S=225:-225
9.4917,heen,250,MM1 !M 242 -258
9.4917,heen,250,MM0 !M 242 -258
9.4917,heen,250,MM1 +
9.4917,heen,250,MM0 +
9.4917,heen,250,MM1 PING
9.4917,heen,250,MM0 PING
9.4917,heen,250,"#179,YAW,0.07,GYRO,55,1,33,ACC,10,-8,156,ADC,1270,499,4,2,"
9.4917,heen,250,MM1 ?T
9.4917,heen,250,MM0 ?T
9.4917,heen,250,MM1 T=36:33
9.4917,heen,250,MM0 T=35:34
9.5243,heen,250,MM0 !M 243 -257
9.5244,heen,250,MM1 !M 243 -257
9.5245,heen,250,MM0 +
9.5245,heen,250,MM1 +
9.5245,heen,250,"#180,YAW,0.07,GYRO,53,67,28,ACC,16,12,190,ADC,1237,349,8,2,"
9.5246,heen,250,MM1 ?V
9.5246,heen,250,MM0 ?V
9.5246,heen,250,MM1 V=120:225:4898
9.5246,heen,250,MM0 V=120:227:4904
9.5585,heen,250,"#181,YAW,0.07,GYRO,-219,49,-16,ACC,-26,90,515,ADC,1286,394,7,1,"
9.5586,heen,250,MM1 ?CR
9.5586,heen,250,MM0 ?CR
9.5586,heen,250,MM1 CR=60:-60
9.5586,heen,250,MM0 CR=60:-61
9.5586,heen,250,"#182,YAW,0.07,GYRO,70,109,-26,ACC,-15,-12,158,ADC,1222,383,5,2,"
9.5586,heen,250,MM1 ?A
9.5586,heen,250,MM0 ?A
9.5586,heen,250,MM1 A=4:-2
9.5586,heen,250,MM0 A=0:-6
9.5929,heen,250,"#183,YAW,0.07,GYRO,37,-103,12,ACC,21,-52,161,ADC,1273,398,4,1,"
9.5929,heen,250,MM1 ?AI
9.5929,heen,250,MM0 ?AI
9.5930,heen,250,MM0 AI=0:0:2425:2414:0:0
9.5930,heen,250,MM1 AI=0:0:2326:2333:0:0
9.5930,heen,250,MM1 !M 244 -256
9.5930,heen,250,MM0 !M 244 -256
9.5930,heen,250,MM0 +
9.5930,heen,250,MM1 +
9.5930,heen,250,MM1 PING
9.5930,heen,250,MM0 PING
9.5930,heen,250,"#184,YAW,0.06,GYRO,-9,101,6,ACC,-6,-2,244,ADC,1264,392,4,1,"
9.5930,heen,250,MM1 ?C
9.5930,heen,250,MM0 ?C
9.5930,heen,250,MM1 C=1207:-1219
9.5930,heen,250,MM0 C=1251:-1281
9.6141,heen,250,"#185,YAW,0.06,GYRO,-163,66,-17,ACC,-13,26,416,ADC,1301,500,5,2,"
9.6141,heen,250,MM1 ?D
9.6141,heen,250,MM0 ?D
9.6141,heen,250,MM1 D=50
9.6141,heen,250,MM0 D=58
9.6480,heen,250,MM0 !M 244 -256
9.6480,heen,250,MM1 !M 244 -256
9.6480,heen,250,MM0 +
9.6480,heen,250,MM1 +
9.6480,heen,250,MM0 PING
9.6480,heen,250,MM1 PING
9.6480,heen,250,"#186,YAW,0.07,GYRO,-2,-135,-40,ACC,7,-8,174,ADC,1218,324,5,2,"
9.6481,heen,250,MM1 ?FF
9.6481,heen,250,MM0 ?FF
9.6481,heen,250,MM1 FF=0
9.6481,heen,250,MM0 FF=0
9.6481,heen,250,"$GPRMC,113701.4,A,5050.51698,N,00419.37269,E,000.59,002.3,081026,000.4,E*5B"
9.6481,heen,250,"#187,YAW,0.06,GYRO,73,13,20,ACC,20,-47,181,ADC,1243,500,8,2,"
9.6481,heen,250,MM1 ?P
9.6691,heen,250,MM0 ?P
9.6691,heen,250,MM1 P=244:-256
9.6691,heen,250,MM0 P=244:-256
9.6691,heen,250,"#188,YAW,0.06,GYRO,-75,153,19,ACC,25,-8,191,ADC,1251,388,4,2,"
9.6691,heen,250,MM1 ?S
9.6691,heen,250,MM0 ?S
9.7040,heen,250,MM1 S=225:-225
9.7040,heen,250,MM0 S=225:-225
9.7040,heen,250,MM0 !M 245 -255
9.7040,heen,250,MM1 !M 245 -255
9.7040,heen,250,MM0 +
9.7040,heen,250,MM1 +
9.7040,heen,250,MM1 PING
9.7040,heen,250,MM0 PING
9.7040,heen,250,"#189,YAW,0.06,GYRO,0,45,3,ACC,-35,23,522,ADC,1247,498,5,2,"
9.7041,heen,250,MM1 ?T
9.7041,heen,250,MM0 ?T
9.7041,heen,250,MM1 T=36:33
9.7041,heen,250,MM0 T=35:34
9.7610,heen,250,"#190,YAW,0.06,GYRO,-14,-157,-4,ACC,17,15,205,ADC,1263,500,5,2,"
9.7610,heen,250,MM1 ?V
9.7610,heen,250,MM0 ?V
9.7610,heen,250,MM1 V=120:226:4899
9.7610,heen,250,MM0 V=120:223:4904
9.7610,heen,250,MM0 !M 245 -255
9.7610,heen,250,MM1 !M 245 -255
9.7610,heen,250,MM0 +
9.7610,heen,250,MM1 +
9.7610,heen,250,MM1 PING
9.7610,heen,250,MM0 PING
9.7610,heen,250,"#191,YAW,0.06,GYRO,109,7,33,ACC,17,-8,206,ADC,1236,335,4,1,"
9.7611,heen,250,MM1 ?CR
9.7611,heen,250,MM0 ?CR
9.7611,heen,250,MM1 CR=58:-59
9.7611,heen,250,MM0 CR=60:-58
9.7611,heen,250,MM0 !M 245 -255
9.7611,heen,250,MM1 !M 245 -255
9.7611,heen,250,MM0 +
9.7611,heen,250,MM1 +
9.7611,heen,250,"#192,YAW,0.06,GYRO,20,196,17,ACC,0,11,186,ADC,1226,387,8,2,"
9.7611,heen,250,MM1 ?A
9.7611,heen,250,MM0 ?A
9.7611,heen,250,MM1 A=8:-2
9.7611,heen,250,MM0 A=0:-6
9.7948,heen,250,"#193,YAW,0.06,GYRO,-27,43,-4,ACC,-25,3,520,ADC,1264,391,4,1,"
9.7948,heen,250,MM1 ?AI
9.7948,heen,250,MM0 ?AI
9.7948,heen,250,MM1 AI=0:0:2319:2340:0:0
9.7948,heen,250,MM0 AI=0:0:2423:2311:0:0
9.7948,heen,250,"#194,YAW,0.06,GYRO,61,58,-11,ACC,-18,-14,176,ADC,1197,382,4,2,"
9.7948,heen,250,MM1 ?C
9.7948,heen,250,MM0 ?C
9.7948,heen,250,MM1 C=1265:-1277
9.7949,heen,250,MM0 C=1311:-1339
9.8162,heen,250,"#195,YAW,0.06,GYRO,113,-58,32,ACC,32,-38,152,ADC,1267,389,6,1,"
9.8162,heen,250,MM1 ?D
9.8162,heen,250,MM0 ?D
9.8162,heen,250,MM1 D=1
9.8162,heen,250,MM0 D=3
9.8511,heen,250,MM1 !M 246 -254
9.8511,heen,250,MM0 !M 246 -254
9.8511,heen,250,MM1 +
9.8511,heen,250,MM0 +
9.8511,heen,250,MM0 PING
9.8511,heen,250,MM1 PING
9.8511,heen,250,"#196,YAW,0.06,GYRO,4,223,4,ACC,3,31,205,ADC,1234,287,5,1,"
9.8512,heen,250,MM1 ?FF
9.8512,heen,250,MM0 ?FF
9.8512,heen,250,MM0 FF=0
9.8512,heen,250,MM1 FF=0
9.8512,heen,250,MM1 !M 247 -253
9.8512,heen,250,MM0 !M 247 -253
9.8512,heen,250,MM1 +
9.8512,heen,250,MM0 +
9.8512,heen,250,"$GPRMC,113701.6,A,5050.51700,N,00419.37275,E,000.59,002.3,081026,000.4,E*54"
9.8512,heen,250,"#197,YAW,0.06,GYRO,-81,171,-41,ACC,30,40,404,ADC,1281,305,6,2,"
9.8512,heen,250,MM0 ?P
9.8512,heen,250,MM1 ?P
9.8512,heen,250,MM0 P=247:-253
9.8512,heen,250,MM1 P=247:-253
9.8718,heen,250,"#198,YAW,0.06,GYRO,38,185,-77,ACC,7,6,241,ADC,1246,501,6,2,"
9.8718,heen,250,MM1 ?S
9.8718,heen,250,MM0 ?S
9.8718,heen,250,MM1 S=225:-225
9.8718,heen,250,MM0 S=225:-225
9.9076,heen,250,MM1 !M 247 -253
9.9076,heen,250,MM0 !M 247 -253
9.9076,heen,250,MM1 +
9.9076,heen,250,MM0 +
9.9076,heen,250,"#199,YAW,0.06,GYRO,-53,-104,-36,ACC,1,-34,229,ADC,1279,386,4,2,"
9.9076,heen,250,MM0 ?T
9.9076,heen,250,MM1 ?T
9.9076,heen,250,MM0 T=35:34
9.9076,heen,250,MM1 T=36:33
9.9076,heen,250,"#200,YAW,0.06,GYRO,-35,96,-21,ACC,14,-12,189,ADC,1306,406,5,1,"
9.9076,heen,250,MM1 ?V
9.9313,heen,250,MM0 ?V
9.9313,heen,250,MM1 V=120:227:4899
9.9313,heen,250,MM0 V=120:226:4906
9.9313,heen,250,"#201,YAW,0.06,GYRO,-20,240,-39,ACC,-5,3,362,ADC,1243,499,6,1,"
9.9313,heen,250,MM1 ?CR
9.9313,heen,250,MM0 ?CR
9.9681,heen,250,MM1 CR=58:-57
9.9681,heen,250,MM0 CR=59:-58
9.9681,heen,250,MM1 !M 246 -254
9.9681,heen,250,MM0 !M 246 -254
9.9681,heen,250,"#202,YAW,0.06,GYRO,42,156,-36,ACC,24,6,300,ADC,1272,383,4,1,"
9.9681,heen,250,MM0 +
9.9681,heen,250,MM1 +
9.9681,heen,250,MM0 ?A
9.9681,heen,250,MM1 ?A
9.9681,heen,250,MM0 A=0:-2
9.9681,heen,250,MM1 A=4:-2
9.9681,heen,250,"#203,YAW,0.06,GYRO,2,-16,9,ACC,15,2,177,ADC,1236,383,6,2,"
9.9681,heen,250,MM1 ?AI
9.9681,heen,250,MM0 ?AI
10.0032,heen,250,MM1 AI=0:0:2313:2307:0:0
10.0032,heen,250,MM0 AI=0:0:2401:2445:0:0
10.0032,heen,250,MM0 !M 246 -254
10.0032,heen,250,MM1 !M 246 -254
10.0032,heen,250,MM0 +
10.0032,heen,250,MM1 +
10.0032,heen,250,"#204,YAW,0.06,GYRO,52,53,30,ACC,7,19,200,ADC,1231,388,8,2,"
10.0032,heen,250,MM1 ?C
10.0032,heen,250,MM0 ?C
10.0032,heen,250,MM1 C=1324:-1335
10.0032,heen,250,MM0 C=1369:-1398
10.0238,heen,250,"#205,YAW,0.06,GYRO,-84,134,-6,ACC,-64,25,475,ADC,1237,496,6,2,"
10.0238,heen,250,MM0 ?D
10.0238,heen,250,MM1 ?D
10.0239,heen,250,MM0 D=17
10.0239,heen,250,MM1 D=50
10.0577,heen,250,"#206,YAW,0.06,GYRO,-2,-45,-4,ACC,8,-14,198,ADC,1223,384,5,1,"
10.0578,heen,250,MM0 ?FF
10.0578,heen,250,MM1 ?FF
10.0578,heen,250,MM0 FF=0
10.0578,heen,250,MM1 FF=0
10.0578,heen,250,"$GPRMC,113701.8,A,5050.51706,N,00419.37284,E,000.58,002.3,081026,000.4,E*53"
10.0578,heen,250,"#207,YAW,0.06,GYRO,43,-27,34,ACC,17,-48,178,ADC,1271,501,6,2,"
10.0578,heen,250,MM0 ?P
10.0578,heen,250,MM1 ?P
10.0578,heen,250,MM0 P=246:-254
10.0578,heen,250,MM1 P=246:-254
10.1112,heen,250,"#208,YAW,0.06,GYRO,-90,241,9,ACC,15,13,214,ADC,1252,394,5,2,"
10.1112,heen,250,MM0 ?S
10.1112,heen,250,MM1 ?S
10.1112,heen,250,MM0 S=225:-225
10.1112,heen,250,MM1 S=225:-225
10.1112,heen,250,MM0 !M 248 -252
10.1112,heen,250,MM1 !M 248 -252
10.1112,heen,250,MM0 +
10.1112,heen,250,MM1 +
10.1112,heen,250,MM0 PING
10.1112,heen,250,MM1 PING
10.1112,heen,250,"#209,YAW,0.06,GYRO,-74,104,-19,ACC,-8,24,467,ADC,1274,386,6,1,"
10.1112,heen,250,MM0 ?T
10.1112,heen,250,MM1 ?T
10.1112,heen,250,MM0 T=35:34
10.1112,heen,250,MM1 T=36:33
10.1112,heen,250,MM0 !M 249 -251
10.1112,heen,250,MM1 !M 249 -251
10.1112,heen,250,MM0 +
10.1112,heen,250,MM1 +
10.1112,heen,250,"#210,YAW,0.06,GYRO,15,-52,-20,ACC,-10,-35,175,ADC,1258,499,5,2,"
10.1112,heen,250,MM1 ?V
10.1112,heen,250,MM0 ?V
10.1112,heen,250,MM0 V=120:227:4905
10.1598,heen,250,MM1 V=120:226:4898
10.1598,heen,250,"#211,YAW,0.05,GYRO,81,-56,22,ACC,20,-66,167,ADC,1243,380,3,1,"
10.1598,heen,250,MM0 ?CR
10.1598,heen,250,MM1 ?CR
10.1598,heen,250,MM0 CR=59:-59
10.1599,heen,250,MM1 CR=59:-59
10.1599,heen,250,MM0 !M 249 -251
10.1599,heen,250,MM1 !M 249 -251
10.1599,heen,250,MM0 +
10.1599,heen,250,MM1 +
10.1599,heen,250,"#212,YAW,0.05,GYRO,-60,227,12,ACC,21,3,207,ADC,1257,500,8,1,"
10.1599,heen,250,MM0 ?A
10.1599,heen,250,MM1 ?A
10.1599,heen,250,MM0 A=4:-2
10.1599,heen,250,MM1 A=8:-2
10.2152,heen,250,"#213,YAW,0.05,GYRO,-20,144,-16,ACC,15,34,601,ADC,1256,401,5,2,"
10.2152,heen,250,MM0 ?AI
10.2152,heen,250,MM1 ?AI
10.2152,heen,250,MM0 AI=0:0:2420:2435:0:0
10.2152,heen,250,MM1 AI=0:0:2353:2335:0:0
10.2152,heen,250,"#214,YAW,0.05,GYRO,-33,-115,-12,ACC,37,-11,114,ADC,1221,380,8,1,"
10.2152,heen,250,MM0 ?C
10.2152,heen,250,MM1 ?C
10.2152,heen,250,MM0 C=1428:-1457
10.2153,heen,250,MM1 C=1383:-1393
10.2153,heen,250,MM0 !M 250 -250
10.2153,heen,250,MM0 +
10.2153,heen,250,MM1 !M 250 -250
10.2153,heen,250,MM1 +
10.2153,heen,250,"#215,YAW,0.05,GYRO,99,-86,20,ACC,46,-60,155,ADC,1258,387,7,2,"
10.2153,heen,250,MM0 ?D
10.2153,heen,250,MM1 ?D
10.2153,heen,250,MM0 D=49
10.2153,heen,250,MM1 D=2
10.2386,heen,250,"#216,YAW,0.05,GYRO,9,218,17,ACC,16,1,212,ADC,1237,498,6,2,"
10.2386,heen,250,MM0 ?FF
10.2386,heen,250,MM1 ?FF
10.2386,heen,250,MM0 FF=0
10.2386,heen,250,MM1 FF=0
10.2539,heen,250,"$GPRMC,113702.0,A,5050.51709,N,00419.37295,E,000.58,002.3,081026,000.4,E*57"
10.2539,heen,250,"#217,YAW,0.05,GYRO,21,139,-8,ACC,41,48,518,ADC,1264,396,4,1,"
10.2539,heen,250,MM0 ?P
10.2539,heen,250,MM1 ?P
10.2539,heen,250,MM0 P=250:-250
10.2539,heen,250,MM1 P=250:-250
10.2736,heen,250,"#218,YAW,0.05,GYRO,55,17,-16,ACC,28,3,164,ADC,1258,498,6,2,"
10.2737,heen,250,MM0 ?S
10.2737,heen,250,MM1 ?S
10.2737,heen,250,MM0 S=225:-225
10.2737,heen,250,MM1 S=225:-225
10.3088,heen,250,MM0 !M 250 -250
10.3088,heen,250,MM1 !M 250 -250
10.3088,heen,250,MM0 +
10.3088,heen,250,MM1 +
10.3088,heen,250,MM1 PING
10.3088,heen,250,MM0 PING
10.3088,heen,250,"#219,YAW,0.05,GYRO,38,-206,13,ACC,18,-29,151,ADC,1244,369,9,2,"
10.3088,heen,250,MM0 ?T
10.3088,heen,250,MM1 ?T
10.3088,heen,250,MM0 T=35:34
10.3088,heen,250,MM1 T=36:33
10.3088,heen,250,"#220,YAW,0.05,GYRO,-106,293,-26,ACC,-3,29,223,ADC,1275,391,6,2,"
10.3088,heen,250,MM0 ?V
10.3088,heen,250,MM1 ?V
10.3630,heen,250,MM0 V=120:227:4905
10.3630,heen,250,MM1 V=120:227:4899
10.3630,heen,250,"#221,YAW,0.05,GYRO,-69,151,-43,ACC,17,18,458,ADC,1273,484,4,2,"
10.3630,heen,250,MM0 !M 250 -250
10.3630,heen,250,MM0 +
10.3630,heen,250,MM0 PING
10.3630,heen,250,MM1 !M 250 -250
10.3630,heen,250,MM1 +
10.3630,heen,250,MM1 PING
10.3631,heen,250,MM0 ?CR
10.3631,heen,250,MM1 ?CR
10.3631,heen,250,MM0 CR=59:-59
10.3631,heen,250,MM1 CR=59:-59
10.3631,heen,250,"#222,YAW,0.05,GYRO,-71,-218,-23,ACC,-7,3,199,ADC,1248,498,4,2,"
10.3631,heen,250,MM0 ?A
10.3631,heen,250,MM1 ?A
10.3631,heen,250,MM1 A=4:-3
10.3631,heen,250,MM0 A=0:0
10.4154,heen,250,"#223,YAW,0.05,GYRO,118,-105,22,ACC,13,-31,201,ADC,1220,381,5,2,"
10.4154,heen,250,MM0 ?AI
10.4154,heen,250,MM1 ?AI
10.4154,heen,250,MM0 AI=0:0:2408:2413:0:0
10.4154,heen,250,MM1 AI=0:0:2325:2339:0:0
10.4154,heen,250,MM0 !M 250 -250
10.4154,heen,250,MM1 !M 250 -250
10.4155,heen,250,MM0 +
10.4155,heen,250,MM1 +
10.4155,heen,250,MM0 PING
10.4155,heen,250,MM1 PING
10.4155,heen,250,"#224,YAW,0.05,GYRO,-31,184,31,ACC,5,-7,208,ADC,1278,392,6,1,"
10.4155,heen,250,MM0 ?C
10.4155,heen,250,MM1 ?C
10.4155,heen,250,MM0 C=1488:-1516
10.4155,heen,250,MM1 C=1442:-1452
10.4155,heen,250,"#225,YAW,0.05,GYRO,-60,187,-6,ACC,0,20,519,ADC,1261,503,4,2,"
10.4155,heen,250,MM0 ?D
10.4155,heen,250,MM1 ?D
10.4155,heen,250,MM0 D=32
10.4155,heen,250,MM1 D=19
10.4648,heen,250,"#226,YAW,0.05,GYRO,-111,-242,-10,ACC,8,22,143,ADC,1275,394,5,2,"
10.4648,heen,250,MM0 ?FF
10.4649,heen,250,MM0 FF=0
10.4649,heen,250,MM1 ?FF
10.4649,heen,250,MM1 FF=0
10.4649,heen,250,MM0 !M 250 -250
10.4649,heen,250,MM1 !M 250 -250
10.4649,heen,250,MM0 +
10.4649,heen,250,MM1 +
10.4649,heen,250,MM1 PING
10.4649,heen,250,MM0 PING
10.4649,heen,250,"$GPRMC,113702.2,A,5050.51712,N,00419.37316,E,000.58,002.3,081026,000.4,E*55"
10.4649,heen,250,"#227,YAW,0.05,GYRO,101,-72,20,ACC,13,-33,176,ADC,1218,356,4,1,"
10.4649,heen,250,MM0 ?P
10.4649,heen,250,MM1 ?P
10.4649,heen,250,MM0 P=250:-250
10.4649,heen,250,MM1 P=250:-250
10.5126,heen,250,"#228,YAW,0.05,GYRO,-87,314,-4,ACC,13,18,226,ADC,1276,498,4,1,"
10.5126,heen,250,MM0 ?S
10.5126,heen,250,MM1 ?S
10.5126,heen,250,MM0 S=225:-225
10.5126,heen,250,MM1 S=225:-225
10.5126,heen,250,MM0 !M 250 -250
10.5126,heen,250,MM1 !M 250 -250
10.5126,heen,250,MM0 +
10.5126,heen,250,MM1 +
10.5126,heen,250,MM0 PING
10.5126,heen,250,MM1 PING
10.5126,heen,250,"#229,YAW,0.05,GYRO,26,-35,-2,ACC,-74,17,537,ADC,1234,384,3,2,"
10.5127,heen,250,MM0 ?T
10.5127,heen,250,MM1 ?T
10.5127,heen,250,MM0 T=35:34
10.5127,heen,250,MM1 T=36:33
10.5127,heen,250,"#230,YAW,0.05,GYRO,88,12,9,ACC,-14,-14,176,ADC,1271,502,5,2,"
10.5127,heen,250,MM0 ?V
10.5127,heen,250,MM1 ?V
10.5127,heen,250,MM0 V=120:227:4904
10.5127,heen,250,MM1 V=120:227:4899
10.5660,heen,250,"#231,YAW,0.04,GYRO,67,-4,29,ACC,17,-29,69,ADC,1253,387,5,2,"
10.5661,heen,250,MM0 ?CR
10.5661,heen,250,MM1 ?CR
10.5661,heen,250,MM0 CR=61:-60
10.5661,heen,250,MM1 CR=60:-59
10.5661,heen,250,MM0 !M 252 -248
10.5661,heen,250,MM1 !M 252 -248
10.5661,heen,250,MM0 +
10.5661,heen,250,MM1 +
10.5661,heen,250,MM1 PING
10.5661,heen,250,MM0 PING
10.5661,heen,250,MM1 !M 253 -247
10.5661,heen,250,MM0 !M 253 -247
10.5661,heen,250,MM1 +
10.5661,heen,250,MM0 +
10.5661,heen,250,"#232,YAW,0.04,GYRO,-154,238,-25,ACC,-27,209,304,ADC,1287,384,5,2,"
10.5661,heen,250,MM0 ?A
10.5661,heen,250,MM1 ?A
10.5661,heen,250,MM0 A=3:-3
10.5661,heen,250,MM1 A=7:-3
10.5661,heen,250,"#233,YAW,0.05,GYRO,-79,-97,-34,ACC,23,-4,320,ADC,1280,389,4,1,"
10.6138,heen,250,MM0 ?AI
10.6138,heen,250,MM1 ?AI
10.6138,heen,250,MM0 AI=0:0:2412:2418:0:0
10.6138,heen,250,MM1 AI=0:0:2312:2358:0:0
10.6138,heen,250,"#234,YAW,0.05,GYRO,59,143,-24,ACC,-77,-4,210,ADC,1233,502,5,2,"
10.6139,heen,250,MM0 ?C
10.6139,heen,250,MM1 ?C
10.6139,heen,250,MM0 C=1549:-1576
10.6139,heen,250,MM1 C=1502:-1512
10.6139,heen,250,"#235,YAW,0.04,GYRO,97,-162,9,ACC,41,-37,158,ADC,1239,391,5,2,"
10.6139,heen,250,MM0 ?D
10.6139,heen,250,MM1 ?D
10.6139,heen,250,MM0 D=33
10.6139,heen,250,MM1 D=19
10.6651,heen,250,"#236,YAW,0.05,GYRO,-302,187,-44,ACC,12,84,525,ADC,1248,398,6,2,"
10.6651,heen,250,MM0 ?FF
10.6651,heen,250,MM0 FF=0
10.6651,heen,250,MM1 ?FF
10.6651,heen,250,MM1 FF=0
10.6651,heen,250,MM0 !M 253 -247
10.6651,heen,250,MM1 !M 253 -247
10.6651,heen,250,MM0 +
10.6651,heen,250,MM1 +
10.6651,heen,250,MM0 PING
10.6651,heen,250,MM1 PING
10.6651,heen,250,"$GPRMC,113702.4,A,5050.51715,N,00419.37327,E,000.58,002.3,081026,000.4,E*56"
10.6651,heen,250,MM0 !M 254 -246
10.6651,heen,250,MM1 !M 254 -246
10.6651,heen,250,MM0 +
10.6651,heen,250,MM1 +
10.6651,heen,250,"#237,YAW,0.05,GYRO,18,-91,-62,ACC,-23,57,246,ADC,1246,310,4,1,"
10.6652,heen,250,MM0 ?P
10.6652,heen,250,MM1 ?P
10.6652,heen,250,MM0 P=254:-246
10.6652,heen,250,MM1 P=254:-246
10.7147,heen,250,"#238,YAW,0.05,GYRO,-25,-132,-34,ACC,9,-17,120,ADC,1285,387,4,1,"
10.7148,heen,250,MM0 ?S
10.7148,heen,250,MM1 ?S
10.7148,heen,250,MM0 S=225:-225
10.7148,heen,250,MM1 S=225:-225
10.7148,heen,250,"#239,YAW,0.05,GYRO,43,109,13,ACC,1,-35,148,ADC,1255,382,7,2,"
10.7148,heen,250,MM0 ?T
10.7148,heen,250,MM1 ?T
10.7148,heen,250,MM0 T=35:34
10.7148,heen,250,MM1 T=36:33
10.7148,heen,250,"#240,YAW,0.05,GYRO,-149,162,-7,ACC,-12,-60,398,ADC,1241,387,6,2,"
10.7148,heen,250,MM0 ?V
10.7148,heen,250,MM1 ?V
10.7148,heen,250,MM0 V=120:228:4905
10.7148,heen,250,MM1 V=120:225:4898
10.7656,heen,250,"#241,YAW,0.05,GYRO,127,-53,-4,ACC,-18,22,248,ADC,1229,382,5,2,"
10.7656,heen,250,MM0 ?CR
10.7656,heen,250,MM1 ?CR
10.7656,heen,250,MM0 CR=59:-58
10.7656,heen,250,MM1 CR=59:-59
10.7656,heen,250,MM0 !M 253 -247
10.7656,heen,250,MM1 !M 253 -247
10.7656,heen,250,MM0 +
10.7656,heen,250,MM1 +
10.7656,heen,250,MM1 PING
10.7656,heen,250,MM0 PING
10.7656,heen,250,"#242,YAW,0.04,GYRO,-62,-70,6,ACC,6,1,232,ADC,1299,501,5,2,"
10.7657,heen,250,MM0 ?A
10.7657,heen,250,MM1 ?A
10.7657,heen,250,MM0 A=3:-3
10.7657,heen,250,MM1 A=7:0
10.8167,heen,250,"#243,YAW,0.04,GYRO,145,128,31,ACC,35,-35,115,ADC,1203,381,4,2,"
10.8167,heen,250,MM0 ?AI
10.8167,heen,250,MM1 ?AI
10.8167,heen,250,MM0 AI=0:0:2412:2427:0:0
10.8167,heen,250,MM1 AI=0:0:2337:2330:0:0
10.8167,heen,250,MM0 !M 254 -246
10.8167,heen,250,MM1 !M 254 -246
10.8167,heen,250,MM0 +
10.8167,heen,250,MM1 +
10.8168,heen,250,MM0 PING
10.8168,heen,250,MM1 PING
10.8168,heen,250,"#244,YAW,0.04,GYRO,-282,67,-21,ACC,-93,74,463,ADC,1267,320,3,1,"
10.8168,heen,250,MM0 ?C
10.8168,heen,250,MM1 ?C
10.8168,heen,250,MM0 C=1608:-1634
10.8168,heen,250,MM1 C=1561:-1570
10.8168,heen,250,MM0 !M 254 -246
10.8168,heen,250,MM1 !M 254 -246
10.8168,heen,250,MM0 +
10.8168,heen,250,MM1 +
10.8168,heen,250,"#245,YAW,0.04,GYRO,83,-3,-14,ACC,-17,15,28,ADC,1213,384,4,1,"
10.8168,heen,250,MM0 ?D
10.8168,heen,250,MM1 ?D
10.8168,heen,250,MM0 D=16
10.8168,heen,250,MM1 D=33
10.8659,heen,250,"#246,YAW,0.04,GYRO,-38,106,-5,ACC,-30,1,85,ADC,1251,500,4,2,"
10.8659,heen,250,MM0 ?FF
10.8659,heen,250,MM1 ?FF
10.8659,heen,250,MM0 FF=0
10.8659,heen,250,MM1 FF=0
10.8659,heen,250,"$GPRMC,113702.6,A,5050.51717,N,00419.37339,E,000.58,002.3,081026,000.4,E*59"
10.8659,heen,250,MM0 !M 256 -244
10.8659,heen,250,MM1 !M 256 -244
10.8659,heen,250,MM0 +
10.8659,heen,250,MM1 +
10.8659,heen,250,"#247,YAW,0.04,GYRO,113,49,7,ACC,36,-17,81,ADC,1276,324,6,2,"
10.8659,heen,250,MM0 ?P
10.8659,heen,250,MM1 ?P
10.8659,heen,250,MM0 P=256:-244
10.8659,heen,250,MM1 P=256:-244
10.8659,heen,250,"#248,YAW,0.04,GYRO,-275,76,-29,ACC,62,25,529,ADC,1245,380,6,2,"
10.9168,heen,250,MM0 ?S
10.9169,heen,250,MM1 ?S
10.9169,heen,250,MM0 S=225:-225
10.9169,heen,250,MM1 S=225:-150
10.9169,heen,250,"#249,YAW,0.04,GYRO,146,238,-66,ACC,-8,31,321,ADC,1271,390,4,2,"
10.9169,heen,250,MM0 ?T
10.9169,heen,250,MM1 ?T
10.9169,heen,250,MM0 T=35:34
10.9169,heen,250,MM1 T=36:33
10.9169,heen,250,MM1 !M 256 -244
10.9169,heen,250,MM0 !M 256 -244
10.9169,heen,250,MM1 +
10.9169,heen,250,MM0 +
10.9169,heen,250,"#250,YAW,0.05,GYRO,-32,-60,-51,ACC,-15,14,136,ADC,1226,382,4,2,"
10.9169,heen,250,MM0 ?V
10.9169,heen,250,MM1 ?V
10.9169,heen,250,MM0 V=120:227:4904
10.9169,heen,250,MM1 V=120:226:4898
10.9670,heen,250,"#251,YAW,0.05,GYRO,39,-55,-19,ACC,6,-15,162,ADC,1263,385,4,1,"
10.9671,heen,250,MM0 ?CR
10.9671,heen,250,MM1 ?CR
10.9671,heen,250,MM0 CR=59:-58
10.9671,heen,250,MM1 CR=59:-58
10.9671,heen,250,MM1 !M 255 -245
10.9671,heen,250,MM0 !M 255 -245
10.9671,heen,250,MM0 +
10.9671,heen,250,MM1 +
10.9671,heen,250,"#252,YAW,0.05,GYRO,-135,232,-43,ACC,16,14,395,ADC,1241,336,5,2,"
10.9671,heen,250,MM0 ?A
10.9671,heen,250,MM1 ?A
10.9671,heen,250,MM1 A=7:-3
10.9671,heen,250,MM0 A=3:0
10.9671,heen,250,"#253,YAW,0.05,GYRO,175,128,-41,ACC,-19,-21,241,ADC,1215,492,6,1,"
10.9671,heen,250,MM0 ?AI
11.0186,heen,250,MM1 ?AI
11.0187,heen,250,MM0 AI=0:0:2434:2317:0:0
11.0187,heen,250,MM1 AI=0:0:2306:2330:0:0
11.0187,heen,250,"#254,YAW,0.05,GYRO,-115,-10,-31,ACC,29,-5,233,ADC,1254,387,5,1,"
11.0187,heen,250,MM0 ?C
11.0187,heen,250,MM1 ?C
11.0187,heen,250,MM0 C=1667:-1692
11.0187,heen,250,MM1 C=1620:-1628
11.0187,heen,250,"#255,YAW,0.05,GYRO,149,-30,36,ACC,18,-21,116,ADC,1264,391,8,2,"
11.0187,heen,250,MM0 ?D
11.0187,heen,250,MM1 ?D
11.0187,heen,250,MM0 D=34
11.0187,heen,250,MM1 D=48
11.0692,heen,250,"#0,YAW,0.04,GYRO,-238,92,1,ACC,-205,-78,371,ADC,1240,500,6,2,"
11.0692,heen,250,MM0 ?FF
11.0692,heen,250,MM1 ?FF
11.0692,heen,250,MM0 FF=0
11.0692,heen,250,MM1 FF=0
11.0692,heen,250,MM0 !M 254 -246
11.0692,heen,250,MM1 !M 254 -246
11.0692,heen,250,MM0 +
11.0692,heen,250,MM1 +
11.0692,heen,250,"$GPRMC,113702.8,A,5050.51718,N,00419.37351,E,000.57,002.3,081026,000.4,E*59"
11.0692,heen,250,MM0 PING
11.0692,heen,250,MM1 PING
11.0692,heen,250,"#1,YAW,0.04,GYRO,105,71,-13,ACC,-58,27,132,ADC,1274,362,6,2,"
11.0692,heen,250,MM0 ?P
11.0692,heen,250,MM1 ?P
11.0693,heen,250,MM0 P=254:-246
11.0693,heen,250,MM1 P=254:-246
11.0693,heen,250,"#2,YAW,0.04,GYRO,-86,-35,2,ACC,3,-5,55,ADC,1271,398,5,1,"
11.0693,heen,250,MM0 ?S
11.0693,heen,250,MM1 ?S
11.0693,heen,250,MM0 S=225:-225
11.1198,heen,250,MM1 S=150:-225
11.1198,heen,250,MM0 !M 256 -244
11.1198,heen,250,MM1 !M 256 -244
11.1198,heen,250,MM0 +
11.1198,heen,250,MM1 +
11.1198,heen,250,MM0 PING
11.1198,heen,250,MM1 PING
11.1198,heen,250,"#3,YAW,0.04,GYRO,45,96,12,ACC,11,-7,100,ADC,1277,292,6,2,"
11.1198,heen,250,MM0 ?T
11.1198,heen,250,MM1 ?T
11.1198,heen,250,MM0 T=35:34
11.1198,heen,250,MM1 T=36:33
11.1198,heen,250,"#4,YAW,0.04,GYRO,-290,71,-25,ACC,-113,23,545,ADC,1253,382,6,1,"
11.1198,heen,250,MM0 ?V
11.1198,heen,250,MM1 ?V
11.1198,heen,250,MM0 V=120:227:4904
11.1198,heen,250,MM1 V=120:226:4897
11.1719,heen,250,"#5,YAW,0.04,GYRO,131,65,-27,ACC,-2,11,130,ADC,1231,382,5,2,"
11.1720,heen,250,MM0 ?CR
11.1720,heen,250,MM1 ?CR
11.1720,heen,250,MM0 CR=60:-59
11.1720,heen,250,MM1 CR=59:-58
11.1720,heen,250,MM0 !M 257 -243
11.1720,heen,250,MM1 !M 257 -243
11.1720,heen,250,MM0 +
11.1720,heen,250,MM1 +
11.1720,heen,250,MM1 PING
11.1720,heen,250,MM0 PING
11.1720,heen,250,"#6,YAW,0.04,GYRO,-44,-77,-2,ACC,10,-19,89,ADC,1274,382,8,2,"
11.1720,heen,250,MM0 ?A
11.1720,heen,250,MM1 ?A
11.1720,heen,250,MM0 A=3:-3
11.1720,heen,250,MM1 A=7:-3
11.1720,heen,250,MM1 !M 257 -243
11.1720,heen,250,MM0 !M 257 -243
11.1720,heen,250,MM1 +
11.1720,heen,250,MM0 +
11.1720,heen,250,"#7,YAW,0.04,GYRO,75,111,13,ACC,-3,-53,147,ADC,1241,399,5,1,"
11.1720,heen,250,MM0 ?AI
11.1720,heen,250,MM1 ?AI
11.1720,heen,250,MM0 AI=0:0:2493:2438:0:0
11.1720,heen,250,MM1 AI=0:0:2305:2336:0:0
11.2231,heen,250,"#8,YAW,0.04,GYRO,-206,76,-1,ACC,-49,68,624,ADC,1238,385,7,2,"
11.2231,heen,250,MM0 ?C
11.2231,heen,250,MM1 ?C
11.2231,heen,250,MM0 C=1726:-1751
11.2231,heen,250,MM1 C=1679:-1686
11.2231,heen,250,MM1 !M 257 -243
11.2231,heen,250,MM0 !M 257 -243
11.2232,heen,250,MM1 +
11.2232,heen,250,MM0 +
11.2232,heen,250,"#9,YAW,0.04,GYRO,83,123,-27,ACC,17,-1,120,ADC,1231,380,5,2,"
11.2232,heen,250,MM0 ?D
11.2232,heen,250,MM1 ?D
11.2232,heen,250,MM1 D=34
11.2232,heen,250,MM0 D=3
11.2769,heen,250,"#10,YAW,0.04,GYRO,-28,-62,-6,ACC,-4,-14,98,ADC,1228,380,4,1,"
11.2770,heen,250,MM0 ?FF
11.2770,heen,250,MM1 ?FF
11.2770,heen,250,MM0 FF=0
11.2770,heen,250,MM1 FF=0
11.2770,heen,250,"$GPRMC,113703.0,A,5050.51719,N,00419.37362,E,000.57,002.3,081026,000.4,E*51"
11.2770,heen,250,"#11,YAW,0.04,GYRO,42,61,-3,ACC,17,-42,132,ADC,1285,502,5,1,"
11.2770,heen,250,MM0 ?P
11.2770,heen,250,MM1 ?P
11.2770,heen,250,MM0 P=257:-243
11.2770,heen,250,MM1 P=257:-243
11.2770,heen,250,MM0 !M 258 -242
11.2770,heen,250,MM1 !M 258 -242
11.2770,heen,250,MM0 +
11.2770,heen,250,MM1 +
11.2770,heen,250,"#12,YAW,0.04,GYRO,-125,113,-5,ACC,-2,57,585,ADC,1251,502,6,2,"
11.2770,heen,250,MM0 ?S
11.2770,heen,250,MM1 ?S
11.2770,heen,250,MM0 S=225:-225
11.2770,heen,250,MM1 S=225:-225
11.3113,heen,250,"#13,YAW,0.04,GYRO,173,210,-12,ACC,15,-25,133,ADC,1288,502,4,1,"
11.3113,heen,250,MM0 ?T
11.3113,heen,250,MM1 ?T
11.3113,heen,250,MM0 T=35:34
11.3113,heen,250,MM1 T=36:33
11.3113,heen,250,MM0 !M 258 -242
11.3114,heen,250,MM1 !M 258 -242
11.3114,heen,250,MM0 +
11.3114,heen,250,MM1 +
11.3114,heen,250,"#14,YAW,0.04,GYRO,-37,-58,-11,ACC,19,13,136,ADC,1206,382,6,2,"
11.3114,heen,250,MM0 ?V
11.3114,heen,250,MM1 ?V
11.3114,heen,250,MM0 V=120:226:4904
11.3114,heen,250,MM1 V=120:227:4898
11.3317,heen,250,"#15,YAW,0.04,GYRO,44,47,-7,ACC,-1,16,202,ADC,1279,415,5,1,"
11.3318,heen,250,MM0 ?CR
11.3318,heen,250,MM1 ?CR
11.3318,heen,250,MM0 CR=59:-59
11.3318,heen,250,MM1 CR=59:-58
11.3659,heen,250,MM0 !M 259 -241
11.3659,heen,250,MM1 !M 259 -241
11.3659,heen,250,MM0 +
11.3659,heen,250,MM1 +
11.3659,heen,250,"#16,YAW,0.04,GYRO,-230,182,-48,ACC,-17,36,490,ADC,1243,310,5,1,"
11.3659,heen,250,MM0 ?A
11.3659,heen,250,MM1 ?A
11.3659,heen,250,MM0 A=3:-3
11.3659,heen,250,MM1 A=7:0
11.3869,heen,250,"#17,YAW,0.04,GYRO,133,165,-66,ACC,-36,-16,184,ADC,1266,502,5,1,"
11.3870,heen,250,MM0 ?AI
11.3870,heen,250,MM1 ?AI
11.3870,heen,250,MM0 AI=0:0:2454:2424:0:0
11.3870,heen,250,MM1 AI=0:0:2333:2315:0:0
11.3870,heen,250,"#18,YAW,0.04,GYRO,-70,-157,-31,ACC,-8,-3,153,ADC,1230,381,5,2,"
11.3870,heen,250,MM0 ?C
11.4209,heen,250,MM1 ?C
11.4209,heen,250,MM0 C=1786:-1809
11.4209,heen,250,MM1 C=1738:-1744
11.4209,heen,250,MM1 !M 258 -242
11.4209,heen,250,MM0 !M 258 -242
11.4209,heen,250,MM1 +
11.4209,heen,250,MM0 +
11.4209,heen,250,"#19,YAW,0.04,GYRO,99,67,22,ACC,19,-23,143,ADC,1250,391,4,2,"
11.4209,heen,250,MM0 ?D
11.4209,heen,250,MM1 ?D
11.4210,heen,250,MM0 D=51
11.4210,heen,250,MM1 D=18
11.4770,heen,250,"#20,YAW,0.04,GYRO,-138,215,1,ACC,-64,65,552,ADC,1246,382,6,2,"
11.4770,heen,250,MM0 ?FF
11.4770,heen,250,MM1 ?FF
11.4770,heen,250,MM0 FF=0
11.4770,heen,250,MM1 FF=0
11.4770,heen,250,"$GPRMC,113703.2,A,5050.51719,N,00419.37370,E,000.58,002.3,081026,000.4,E*5F"
11.4770,heen,250,"#21,YAW,0.04,GYRO,61,147,-25,ACC,-33,43,194,ADC,1235,501,4,2,"
11.4770,heen,250,MM0 ?P
11.4770,heen,250,MM1 ?P
11.4770,heen,250,MM0 P=258:-242
11.4770,heen,250,MM1 P=258:-242
11.4770,heen,250,"#22,YAW,0.04,GYRO,-46,-186,1,ACC,21,5,103,ADC,1212,399,4,2,"
11.4770,heen,250,MM0 ?S
11.4770,heen,250,MM1 ?S
11.4770,heen,250,MM0 S=225:-225
11.4770,heen,250,MM1 S=300:-225
11.5147,heen,250,"#23,YAW,0.04,GYRO,53,149,-3,ACC,10,-7,120,ADC,1214,379,4,2,"
11.5147,heen,250,MM0 ?T
11.5147,heen,250,MM1 ?T
11.5147,heen,250,MM0 T=35:34
11.5147,heen,250,MM1 T=36:33
11.5147,heen,250,MM0 !M 259 -241
11.5147,heen,250,MM1 !M 259 -241
11.5147,heen,250,MM0 +
11.5147,heen,250,MM1 +
11.5148,heen,250,MM1 PING
11.5148,heen,250,MM0 PING
11.5148,heen,250,"#24,YAW,0.04,GYRO,-172,85,-12,ACC,-79,80,976,ADC,1220,381,7,2,"
11.5148,heen,250,MM0 ?V
11.5148,heen,250,MM1 ?V
11.5148,heen,250,MM0 V=120:226:4905
11.5148,heen,250,MM1 V=120:227:4898
11.5359,heen,250,"#25,YAW,0.04,GYRO,209,256,6,ACC,-16,-67,90,ADC,1238,384,5,1,"
11.5359,heen,250,MM1 ?CR
11.5359,heen,250,MM0 ?CR
11.5359,heen,250,MM1 CR=61:-58
11.5359,heen,250,MM0 CR=60:-59
11.5359,heen,250,MM0 !M 259PING
11.5359,heen,250,MM1 !M 259PING
11.5359,heen,250,MM0 +
11.5359,heen,250,MM1 +
11.5700,heen,250,"#26,YAW,0.04,GYRO,-52,-147,2,ACC,12,-4,142,ADC,1279,387,9,2,"
11.5700,heen,250,MM0 ?A
11.5700,heen,250,MM0 A=3:0
11.5700,heen,250,MM1 ?A
11.5700,heen,250,MM1 A=7:0
11.5700,heen,250,MM0 !M 260 -240
11.5701,heen,250,MM0 +
11.5701,heen,250,MM1 !M 260 -240
11.5701,heen,250,MM1 +
11.5701,heen,250,"#27,YAW,0.04,GYRO,-92,-187,-22,ACC,-54,115,300,ADC,1220,382,4,1,"
11.5701,heen,250,MM0 ?AI
11.5701,heen,250,MM1 ?AI
11.5701,heen,250,MM0 AI=0:0:2420:2417:0:0
11.5906,heen,250,MM1 AI=0:0:2213:2295:0:0
11.5906,heen,250,"#28,YAW,0.04,GYRO,-74,-121,-14,ACC,55,-7,227,ADC,1271,389,6,1,"
11.5907,heen,250,MM0 ?C
11.5907,heen,250,MM1 ?C
11.5907,heen,250,MM0 C=1847:-1868
11.5907,heen,250,MM1 C=1799:-1803
11.6254,heen,250,MM0 !M 260 -240
11.6254,heen,250,MM1 !M 260 -240
11.6254,heen,250,MM0 +
11.6254,heen,250,MM1 +
11.6254,heen,250,"#29,YAW,0.04,GYRO,21,296,-31,ACC,-26,27,209,ADC,1269,293,5,1,"
11.6254,heen,250,MM0 ?D
11.6254,heen,250,MM1 ?D
11.6254,heen,250,MM0 D=35
11.6254,heen,250,MM1 D=58
11.6492,heen,250,"#30,YAW,0.04,GYRO,-49,-254,9,ACC,40,7,108,ADC,1209,380,5,2,"
11.6492,heen,250,MM0 ?FF
11.6493,heen,250,MM1 ?FF
11.6493,heen,250,MM0 FF=0
11.6493,heen,250,MM1 FF=0
11.6493,heen,250,"$GPRMC,113703.4,A,5050.51715,N,00419.37378,E,000.58,002.3,081026,000.4,E*5D"
11.6493,heen,250,"#31,YAW,0.04,GYRO,-51,7,8,ACC,-12,29,317,ADC,1303,393,6,2,"
11.6850,heen,250,MM0 ?P
11.6850,heen,250,MM1 ?P
11.6850,heen,250,MM0 P=260:-240
11.6850,heen,250,MM1 P=260:-240
11.6850,heen,250,MM0 !M 261 -239
11.6851,heen,250,MM1 !M 261 -239
11.6851,heen,250,MM0 +
11.6851,heen,250,MM1 +
11.6851,heen,250,"#32,YAW,0.04,GYRO,-190,61,-8,ACC,-4,42,372,ADC,1229,276,7,1,"
11.6851,heen,250,MM0 ?S
11.6851,heen,250,MM1 ?S
11.6851,heen,250,MM0 S=225:-225
11.6851,heen,250,MM1 S=225:-225
11.7199,heen,250,"#33,YAW,0.04,GYRO,4,45,-16,ACC,0,-17,233,ADC,1248,394,9,2,"
11.7199,heen,250,MM0 ?T
11.7199,heen,250,MM1 ?T
11.7199,heen,250,MM0 T=35:34
11.7199,heen,250,MM1 T=36:33
11.7199,heen,250,MM1 !M 262 -238
11.7199,heen,250,MM0 !M 262 -238
11.7199,heen,250,MM0 +
11.7199,heen,250,MM1 +
11.7199,heen,250,"#34,YAW,0.04,GYRO,-37,-67,-1,ACC,5,-26,158,ADC,1275,430,4,1,"
11.7199,heen,250,MM1 ?V
11.7199,heen,250,MM0 ?V
11.7199,heen,250,MM0 V=120:226:4904
11.7199,heen,250,MM1 V=120:227:4898
11.7406,heen,250,"#35,YAW,0.04,GYRO,25,-26,36,ACC,14,12,176,ADC,1274,384,5,1,"
11.7406,heen,250,MM1 ?CR
11.7406,heen,250,MM0 ?CR
11.7406,heen,250,MM1 CR=58:-58
11.7406,heen,250,MM0 CR=60:-58
11.7748,heen,250,"#36,YAW,0.04,GYRO,-32,90,32,ACC,-7,52,475,ADC,1278,394,5,2,"
11.7748,heen,250,MM1 ?A
11.7748,heen,250,MM0 ?A
11.7748,heen,250,MM1 A=11:0
11.7748,heen,250,MM0 A=7:0
11.7748,heen,250,"#37,YAW,0.04,GYRO,93,125,27,ACC,-20,-21,231,ADC,1268,394,5,1,"
11.7748,heen,250,MM1 ?AI
11.7748,heen,250,MM0 ?AI
11.7748,heen,250,MM1 AI=0:0:2314:2324:0:0
11.7748,heen,250,MM0 AI=0:0:2430:2461:0:0
11.7959,heen,250,"#38,YAW,0.03,GYRO,-19,-98,36,ACC,25,-19,193,ADC,1243,410,6,1,"
11.7959,heen,250,MM1 ?C
11.7959,heen,250,MM0 ?C
11.7959,heen,250,MM1 C=1856:-1860
11.7960,heen,250,MM0 C=1905:-1926
11.7960,heen,250,MM0 !M 262 -238
11.7960,heen,250,MM1 !M 262 -238
11.7960,heen,250,MM0 +
11.7960,heen,250,MM1 +
11.7960,heen,250,MM0 PING
11.8344,heen,250,MM1 PING
11.8344,heen,250,"#39,YAW,0.03,GYRO,39,-31,36,ACC,-1,26,188,ADC,1244,384,4,2,"
11.8344,heen,250,MM0 ?D
11.8344,heen,250,MM1 ?D
11.8344,heen,250,MM0 D=25
11.8344,heen,250,MM1 D=16
11.8344,heen,250,"#40,YAW,0.03,GYRO,46,57,36,ACC,3,16,421,ADC,1270,389,5,2,"
11.8344,heen,250,MM0 ?FF
11.8344,heen,250,MM1 ?FF
11.8344,heen,250,MM0 FF=0
11.8344,heen,250,MM1 FF=0
11.8547,heen,250,"$GPRMC,113703.6,A,5050.51712,N,00419.37378,E,000.58,002.3,081026,000.4,E*58"
11.8547,heen,250,MM0 !M 264 -236
11.8548,heen,250,MM1 !M 264 -236
11.8548,heen,250,MM0 +
11.8548,heen,250,MM1 +
11.8548,heen,250,MM0 PING
11.8548,heen,250,MM1 PING
11.8548,heen,250,"#41,YAW,0.03,GYRO,39,190,5,ACC,-3,-2,286,ADC,1266,368,7,2,"
11.8548,heen,250,MM0 ?P
11.8548,heen,250,MM1 ?P
11.8548,heen,250,MM0 P=264:-236
11.8548,heen,250,MM1 P=264:-236
11.8766,heen,250,"#42,YAW,0.03,GYRO,-18,-57,-7,ACC,28,-7,142,ADC,1278,395,6,1,"
11.8766,heen,250,MM0 ?S
11.8766,heen,250,MM1 ?S
11.8766,heen,250,MM0 S=225:-225
11.8766,heen,250,MM1 S=150:-225
11.9281,heen,250,"#43,YAW,0.03,GYRO,22,28,-15,ACC,12,11,161,ADC,1244,499,5,1,"
11.9281,heen,250,MM0 ?T
11.9281,heen,250,MM1 ?T
11.9281,heen,250,MM0 T=35:34
11.9281,heen,250,MM1 T=36:33
11.9281,heen,250,MM0 !M 265 -235
11.9281,heen,250,MM1 !M 265 -235
11.9281,heen,250,MM0 +
11.9282,heen,250,MM1 +
11.9282,heen,250,MM0 PING
11.9282,heen,250,MM1 PING
11.9282,heen,250,"#44,YAW,0.03,GYRO,-71,-4,-12,ACC,-3,22,378,ADC,1276,448,3,2,"
11.9282,heen,250,MM0 !M 266 -234
11.9282,heen,250,MM0 +
11.9282,heen,250,MM1 !M 266 -234
11.9282,heen,250,MM1 +
11.9282,heen,250,MM1 ?V
11.9282,heen,250,MM0 ?V
11.9282,heen,250,MM1 V=120:226:4899
11.9282,heen,250,MM0 V=120:227:4906
11.9282,heen,250,"#45,YAW,0.03,GYRO,-28,216,-40,ACC,11,13,277,ADC,1244,385,8,1,"
11.9282,heen,250,MM1 ?CR
11.9282,heen,250,MM0 ?CR
11.9788,heen,250,MM1 CR=57:-57
11.9788,heen,250,MM0 CR=58:-57
11.9788,heen,250,"#46,YAW,0.03,GYRO,-22,73,-50,ACC,7,-19,250,ADC,1230,383,3,1,"
11.9789,heen,250,MM1 ?A
11.9789,heen,250,MM0 ?A
11.9789,heen,250,MM1 A=11:0
11.9789,heen,250,MM0 A=7:-3
11.9789,heen,250,MM0 !M 266 -234
11.9789,heen,250,MM0 +
11.9789,heen,250,MM1 !M 266 -234
11.9789,heen,250,MM1 +
11.9789,heen,250,"#47,YAW,0.03,GYRO,-14,-56,-19,ACC,18,-12,160,ADC,1251,396,8,2,"
11.9789,heen,250,MM1 ?AI
11.9789,heen,250,MM0 ?AI
11.9789,heen,250,MM1 AI=0:0:2342:2364:0:0
11.9789,heen,250,MM0 AI=0:0:2397:2568:0:0
12.0290,heen,250,"#48,YAW,0.03,GYRO,-94,-24,0,ACC,-18,31,414,ADC,1227,382,5,2,"
12.0290,heen,250,MM1 ?C
12.0290,heen,250,MM0 ?C
12.0290,heen,250,MM1 C=1913:-1917
12.0290,heen,250,MM0 C=1964:-1983
12.0291,heen,250,"#49,YAW,0.03,GYRO,43,400,-53,ACC,-23,9,266,ADC,1252,378,5,2,"
12.0291,heen,250,MM0 !M 265 -235
12.0291,heen,250,MM0 +
12.0291,heen,250,MM1 !M 265 -235
12.0291,heen,250,MM1 +
12.0291,heen,250,MM1 ?D
12.0291,heen,250,MM0 ?D
12.0291,heen,250,MM1 D=17
12.0291,heen,250,MM0 D=2
12.0291,heen,250,"#50,YAW,0.03,GYRO,88,274,-49,ACC,33,-21,180,ADC,1287,503,4,2,"
12.0291,heen,250,MM1 ?FF
12.0291,heen,250,MM0 ?FF
12.0291,heen,250,MM1 FF=0
12.0812,heen,250,MM0 FF=0
12.0813,heen,250,"$GPRMC,113703.8,A,5050.51707,N,00419.37389,E,000.59,002.3,081026,000.4,E*5D"
12.0813,heen,250,"#51,YAW,0.03,GYRO,61,183,-33,ACC,-15,16,196,ADC,1249,400,5,1,"
12.0813,heen,250,MM1 ?P
12.0813,heen,250,MM0 ?P
12.0813,heen,250,MM1 P=265:-235
12.0813,heen,250,MM0 P=265:-235
12.0813,heen,250,MM0 !M 265 -235
12.0813,heen,250,MM1 !M 265 -235
12.0813,heen,250,MM0 +
12.0813,heen,250,MM1 +
12.0813,heen,250,"#52,YAW,0.03,GYRO,-55,-156,-23,ACC,28,20,299,ADC,1281,391,4,2,"
12.0813,heen,250,MM1 ?S
12.0813,heen,250,MM0 ?S
12.0813,heen,250,MM1 S=225:-225
12.0813,heen,250,MM0 S=225:-150
12.1299,heen,250,"#53,YAW,0.03,GYRO,9,66,-50,ACC,-14,8,302,ADC,1228,392,4,2,"
12.1299,heen,250,MM1 ?T
12.1299,heen,250,MM0 ?T
12.1300,heen,250,MM1 T=35:33
12.1300,heen,250,MM0 T=35:34
12.1300,heen,250,"#54,YAW,0.04,GYRO,-35,81,-46,ACC,16,-7,242,ADC,1259,502,6,1,"
12.1300,heen,250,MM0 ?V
12.1300,heen,250,MM1 ?V
12.1300,heen,250,MM1 V=120:226:4898
12.1300,heen,250,MM0 V=120:226:4904
12.1300,heen,250,MM1 !M 265 -235
12.1300,heen,250,MM0 !M 265 -235
12.1300,heen,250,MM1 +
12.1300,heen,250,MM0 +
12.1300,heen,250,"#55,YAW,0.04,GYRO,-64,86,-39,ACC,2,14,188,ADC,1241,386,4,2,"
12.1300,heen,250,MM1 ?CR
12.1300,heen,250,MM0 ?CR
12.1300,heen,250,MM1 CR=58:-55
12.1300,heen,250,MM0 CR=58:-56
12.1849,heen,250,"#56,YAW,0.04,GYRO,-8,-18,-38,ACC,6,10,264,ADC,1242,392,7,2,"
12.1850,heen,250,MM1 ?A
12.1850,heen,250,MM0 ?A
12.1850,heen,250,MM1 A=7:-3
12.1850,heen,250,MM0 A=7:-3
12.1850,heen,250,MM0 !M 265 -235
12.1850,heen,250,MM1 !M 265 -235
12.1850,heen,250,MM0 +
12.1850,heen,250,MM1 +
12.1850,heen,250,"#57,YAW,0.04,GYRO,-87,41,-62,ACC,-9,-6,321,ADC,1300,393,5,2,"
12.1850,heen,250,MM1 ?AI
12.1850,heen,250,MM0 ?AI
12.1850,heen,250,MM1 AI=0:0:2326:2309:0:0
12.1850,heen,250,MM0 AI=0:0:2411:2406:0:0
12.2198,heen,250,"#58,YAW,0.04,GYRO,14,111,-70,ACC,7,-23,246,ADC,1214,409,6,2,"
12.2199,heen,250,MM1 ?C
12.2199,heen,250,MM0 ?C
12.2199,heen,250,MM1 C=1972:-1972
12.2199,heen,250,MM0 C=2021:-2038
12.2199,heen,250,"#59,YAW,0.04,GYRO,-35,81,-53,ACC,-4,5,173,ADC,1280,501,5,1,"
12.2199,heen,250,MM1 ?D
12.2199,heen,250,MM0 ?D
12.2199,heen,250,MM1 D=48
12.2199,heen,250,MM0 D=48
12.2398,heen,250,"#60,YAW,0.04,GYRO,56,0,-35,ACC,2,4,251,ADC,1269,388,4,1,"
12.2398,heen,250,MM1 ?FF
12.2398,heen,250,MM0 ?FF
12.2398,heen,250,MM1 FF=0
12.2398,heen,250,MM0 FF=0
12.2398,heen,250,"$GPRMC,113704.0,A,5050.51706,N,00419.37403,E,000.59,002.3,081026,000.4,E*56"
12.2768,heen,250,"#61,YAW,0.04,GYRO,-25,92,-48,ACC,12,13,338,ADC,1234,381,5,2,"
12.2768,heen,250,MM0 ?P
12.2768,heen,250,MM1 ?P
12.2769,heen,250,MM0 P=265:-235
12.2769,heen,250,MM1 P=265:-235
12.2769,heen,250,MM0 !M 265 -235
12.2769,heen,250,MM1 !M 265 -235
12.2769,heen,250,MM0 +
12.2769,heen,250,MM1 +
12.2769,heen,250,MM1 PING
12.2769,heen,250,MM0 PING
12.2769,heen,250,"#62,YAW,0.04,GYRO,-17,116,-65,ACC,5,7,262,ADC,1218,382,6,1,"
12.2769,heen,250,MM1 ?S
12.2769,heen,250,MM0 ?S
12.2769,heen,250,MM1 S=150:-150
12.2769,heen,250,MM0 S=150:-225
12.2989,heen,247,"#63,YAW,0.04,GYRO,-72,69,-59,ACC,-12,21,193,ADC,1240,389,3,2,"
12.2989,heen,247,MM1 ?T
12.2989,heen,247,MM0 ?T
12.2989,heen,247,MM1 T=36:33
12.2989,heen,247,MM0 T=35:34
12.3198,heen,247,MM0 !M 264 -236
12.3198,heen,247,MM1 !M 264 -236
12.3198,heen,247,MM0 +
12.3198,heen,247,MM1 +
12.3198,heen,247,MM0 PING
12.3198,heen,247,MM1 PING
12.3198,heen,247,"#64,YAW,0.04,GYRO,27,-31,-24,ACC,13,10,235,ADC,1272,336,5,2,"
12.3199,heen,247,MM1 ?V
12.3199,heen,247,MM0 ?V
12.3199,heen,247,MM1 V=120:226:4898
12.3199,heen,247,MM0 V=120:226:4905
12.3404,heen,241,"#65,YAW,0.04,GYRO,56,28,-10,ACC,-7,-18,307,ADC,1256,503,5,2,"
12.3405,heen,241,MM0 ?CR
12.3405,heen,241,MM1 ?CR
12.3405,heen,241,MM0 CR=57:-53
12.3405,heen,241,MM1 CR=59:-55
12.3405,heen,241,MM0 !M 260 -234
12.3405,heen,241,MM1 !M 260 -234
12.3405,heen,241,MM0 +
12.3405,heen,241,MM1 +
12.3625,heen,241,"#66,YAW,0.04,GYRO,-9,96,-29,ACC,-8,2,278,ADC,1276,501,3,1,"
12.3625,heen,241,MM0 ?A
12.3625,heen,241,MM1 ?A
12.3625,heen,241,MM0 A=11:-3
12.3625,heen,241,MM1 A=11:-3
12.3625,heen,241,MM0 !M 254 -228
12.3625,heen,241,MM1 !M 254 -228
12.3625,heen,241,MM0 +
12.3625,heen,241,MM1 +
12.3819,heen,241,"#67,YAW,0.04,GYRO,-48,114,-41,ACC,7,24,211,ADC,1217,348,3,1,"
12.3820,heen,241,MM0 ?AI
12.3820,heen,241,MM1 ?AI
12.3820,heen,241,MM0 AI=0:0:2440:2420:0:0
12.3820,heen,241,MM1 AI=0:0:2323:2347:0:0
12.4028,heen,235,"#68,YAW,0.04,GYRO,-42,16,-23,ACC,4,21,227,ADC,1219,382,6,2,"
12.4029,heen,235,MM0 ?C
12.4029,heen,235,MM1 ?C
12.4029,heen,235,MM0 C=2078:-2092
12.4029,heen,235,MM1 C=2030:-2026
12.4366,heen,223,"#69,YAW,0.04,GYRO,28,-3,-9,ACC,-3,2,287,ADC,1224,385,5,2,"
12.4366,heen,223,MM0 ?D
12.4366,heen,223,MM1 ?D
12.4366,heen,223,MM1 D=35
12.4366,heen,223,MM0 D=3
12.4366,heen,223,"#70,YAW,0.04,GYRO,-40,125,-34,ACC,4,-6,304,ADC,1280,389,7,2,"
12.4366,heen,223,MM0 ?FF
12.4366,heen,223,MM1 ?FF
12.4366,heen,223,MM0 FF=0
12.4366,heen,223,MM1 FF=0
12.4366,heen,223,"$GPRMC,113704.2,A,5050.51707,N,00419.37410,E,000.60,002.3,081026,000.4,E*5D"
12.4708,heen,223,"#71,YAW,0.05,GYRO,-44,109,-39,ACC,-3,9,232,ADC,1254,388,5,2,"
12.4708,heen,223,MM0 ?P
12.4708,heen,223,MM0 P=254:-228
12.4708,heen,223,MM1 ?P
12.4708,heen,223,MM1 P=254:-228
12.4708,heen,223,MM0 !M 248 -222
12.4708,heen,223,MM1 !M 248 -222
12.4708,heen,223,MM0 +
12.4708,heen,223,MM1 +
12.4708,heen,223,MM0 PING
12.4708,heen,223,MM1 PING
12.4708,heen,223,MM0 !M 236 -210
12.4708,heen,223,MM1 !M 236 -210
12.4708,heen,223,MM0 +
12.4708,heen,223,MM1 +
12.4708,heen,223,"#72,YAW,0.04,GYRO,8,-34,-8,ACC,-5,-2,219,ADC,1217,316,4,1,"
12.4708,heen,223,MM0 ?S
12.4708,heen,223,MM1 ?S
12.4708,heen,223,MM0 S=225:-225
12.4709,heen,223,MM1 S=225:-225
12.4933,heen,217,"#73,YAW,0.04,GYRO,55,0,25,ACC,-36,-3,238,ADC,1251,502,5,2,"
12.4934,heen,217,MM0 ?T
12.4934,heen,217,MM1 ?T
12.4934,heen,217,MM0 T=35:34
12.4934,heen,217,MM1 T=36:33
12.5280,heen,217,"#74,YAW,0.04,GYRO,-13,69,7,ACC,-18,9,343,ADC,1264,324,4,2,"
12.5280,heen,217,MM0 !M 230 -204
12.5280,heen,217,MM0 +
12.5280,heen,217,MM1 !M 230 -204
12.5280,heen,217,MM1 +
12.5280,heen,217,MM0 ?V
12.5280,heen,217,MM1 ?V
12.5280,heen,217,MM0 V=120:227:4905
12.5281,heen,217,MM1 V=120:226:4898
12.5281,heen,217,"#75,YAW,0.04,GYRO,-63,77,-22,ACC,-2,8,258,ADC,1251,383,6,1,"
12.5281,heen,217,MM0 ?CR
12.5281,heen,217,MM1 ?CR
12.5512,heen,209,MM0 CR=56:-55
12.5512,heen,209,MM1 CR=58:-53
12.5512,heen,209,"#76,YAW,0.04,GYRO,-7,-11,-17,ACC,-16,17,240,ADC,1241,383,5,2,"
12.5512,heen,209,MM0 ?A
12.5512,heen,209,MM1 ?A
12.5512,heen,209,MM0 A=0:0
12.5849,heen,209,MM1 A=4:0
12.5849,heen,209,MM1 !M 223 -195
12.5849,heen,209,MM0 !M 223 -195
12.5849,heen,209,MM1 +
12.5849,heen,209,MM0 +
12.5849,heen,209,"#77,YAW,0.04,GYRO,47,10,2,ACC,-11,-7,225,ADC,1245,322,9,2,"
12.5850,heen,209,MM0 ?AI
12.5850,heen,209,MM1 ?AI
12.5850,heen,209,MM0 AI=0:0:2406:2415:0:0
12.5850,heen,209,MM1 AI=0:0:2357:2340:0:0
12.6431,heen,195,"#78,YAW,0.04,GYRO,72,50,3,ACC,-12,-13,315,ADC,1262,496,4,2,"
12.6431,heen,195,MM0 ?C
12.6432,heen,195,MM1 ?C
12.6432,heen,195,MM0 C=2134:-2146
12.6432,heen,195,MM1 C=2087:-2079
12.6432,heen,195,"#79,YAW,0.04,GYRO,-39,63,-7,ACC,-2,5,238,ADC,1262,502,10,2,"
12.6432,heen,195,MM0 ?D
12.6432,heen,195,MM1 ?D
12.6432,heen,195,MM0 D=49
12.6432,heen,195,MM1 D=35
12.6432,heen,195,MM0 !M 216 -188
12.6432,heen,195,MM1 !M 216 -188
12.6432,heen,195,MM0 +
12.6432,heen,195,MM1 +
12.6432,heen,195,"#80,YAW,0.04,GYRO,-41,53,-27,ACC,-7,22,247,ADC,1253,383,4,2,"
12.6432,heen,195,MM0 ?FF
12.6432,heen,195,MM1 ?FF
12.6433,heen,195,MM0 FF=0
12.6433,heen,195,MM1 FF=0
12.6433,heen,195,"$GPRMC,113704.4,A,5050.51706,N,00419.37413,E,000.61,002.3,081026,000.4,E*58"
12.6779,heen,195,"#81,YAW,0.04,GYRO,13,0,-23,ACC,-10,-3,245,ADC,1284,386,4,2,"
12.6780,heen,195,MM0 ?P
12.6780,heen,195,MM1 ?P
12.6780,heen,195,MM0 P=216:-188
12.6780,heen,195,MM1 P=216:-188
12.6780,heen,195,"#82,YAW,0.04,GYRO,24,34,-6,ACC,0,-16,281,ADC,1279,501,6,1,"
12.6780,heen,195,MM0 ?S
12.6780,heen,195,MM1 ?S
12.6780,heen,195,MM0 S=150:-150
12.6780,heen,195,MM1 S=150:-150
12.6989,heen,196,"#83,YAW,0.04,GYRO,-23,73,-15,ACC,-14,-1,267,ADC,1253,390,5,3,"
12.6989,heen,196,MM0 ?T
12.6989,heen,196,MM1 ?T
12.6989,heen,196,MM0 T=35:34
12.6989,heen,196,MM1 T=35:33
12.7370,heen,196,MM1 !M 210 -180
12.7371,heen,196,MM0 !M 210 -180
12.7371,heen,196,MM0 +
12.7371,heen,196,MM1 +
12.7371,heen,196,MM0 PING
12.7371,heen,196,"#84,YAW,0.04,GYRO,-41,10,-28,ACC,8,13,221,ADC,1250,343,6,2,"
12.7371,heen,196,MM1 PING
12.7371,heen,196,MM0 ?V
12.7371,heen,196,MM1 ?V
12.7371,heen,196,MM0 V=120:226:4907
12.7371,heen,196,MM1 V=120:225:4899
12.7371,heen,196,"#85,YAW,0.04,GYRO,-79,-32,-32,ACC,-7,12,275,ADC,1230,385,7,2,"
12.7371,heen,196,MM0 ?CR
12.7371,heen,196,MM1 ?CR
12.7371,heen,196,MM0 CR=52:-49
12.7371,heen,196,MM1 CR=50:-49
12.7904,heen,182,"#86,YAW,0.04,GYRO,-23,-29,-23,ACC,-18,6,275,ADC,1217,382,10,1,"
12.7905,heen,182,MM0 ?A
12.7905,heen,182,MM1 ?A
12.7905,heen,182,MM0 A=0:0
12.7905,heen,182,MM1 A=4:0
12.7905,heen,182,MM0 !M 211 -181
12.7905,heen,182,MM1 !M 211 -181
12.7905,heen,182,MM0 +
12.7905,heen,182,MM1 +
12.7905,heen,182,MM0 PING
12.7905,heen,182,MM1 PING
12.7905,heen,182,"#87,YAW,0.04,GYRO,23,-12,-9,ACC,-6,-14,267,ADC,1210,384,4,2,"
12.7905,heen,182,MM0 ?AI
12.7905,heen,182,MM1 ?AI
12.7905,heen,182,MM0 AI=0:0:2398:2420:0:0
12.7905,heen,182,MM1 AI=0:0:2333:2331:0:0
12.7905,heen,182,MM0 !M 203 -175
12.7905,heen,182,MM1 !M 203 -175
12.7905,heen,182,MM0 +
12.7905,heen,182,MM1 +
12.7905,heen,182,"#88,YAW,0.04,GYRO,-52,21,-31,ACC,-8,-5,235,ADC,1274,391,4,2,"
12.7905,heen,182,MM0 ?C
12.7905,heen,182,MM1 ?C
12.7906,heen,182,MM0 C=2183:-2193
12.8106,heen,182,MM1 C=2135:-2126
12.8107,heen,182,"#89,YAW,0.04,GYRO,-47,23,-46,ACC,-3,10,247,ADC,1248,397,8,2,"
12.8107,heen,182,MM0 ?D
12.8107,heen,182,MM1 ?D
12.8107,heen,182,MM1 D=19
12.8107,heen,182,MM0 D=1
12.8327,heen,182,"#90,YAW,0.04,GYRO,-80,23,-52,ACC,-10,10,285,ADC,1268,389,4,2,"
12.8327,heen,182,MM0 ?FF
12.8327,heen,182,MM1 ?FF
12.8327,heen,182,MM0 FF=0
12.8328,heen,182,MM1 FF=0
12.8528,heen,170,"$GPRMC,113704.6,A,5050.51703,N,00419.37419,E,000.61,002.3,081026,000.4,E*55"
12.8529,heen,170,"#91,YAW,0.04,GYRO,-21,4,-31,ACC,4,-3,239,ADC,1225,502,7,1,"
12.8529,heen,170,MM0 ?P
12.8529,heen,170,MM1 ?P
12.8529,heen,170,MM0 P=203:-175
12.8529,heen,170,MM1 P=203:-175
12.8529,heen,170,MM0 !M 196 -168
12.8529,heen,170,MM1 !M 196 -168
12.8870,heen,170,MM0 +
12.8870,heen,170,MM1 +
12.8870,heen,170,MM0 PING
12.8870,heen,170,MM1 PING
12.8870,heen,170,MM0 !M 183 -157
12.8870,heen,170,MM1 !M 183 -157
12.8870,heen,170,MM0 +
12.8870,heen,170,MM1 +
12.8870,heen,170,"#92,YAW,0.04,GYRO,32,21,-5,ACC,-8,-25,255,ADC,1257,372,4,1,"
12.8870,heen,170,MM0 ?S
12.8870,heen,170,MM1 ?S
12.8870,heen,170,MM0 S=150:-150
12.8870,heen,170,MM1 S=150:-150
12.8870,heen,170,"#93,YAW,0.04,GYRO,53,89,-5,ACC,-14,-18,239,ADC,1248,394,5,1,"
12.8870,heen,170,MM0 ?T
12.9379,heen,161,MM1 ?T
12.9379,heen,161,MM0 T=35:34
12.9379,heen,161,MM1 T=35:33
12.9379,heen,161,"#94,YAW,0.04,GYRO,-16,95,-17,ACC,-4,21,277,ADC,1264,385,5,2,"
12.9379,heen,161,MM0 ?V
12.9379,heen,161,MM1 ?V
12.9380,heen,161,MM0 V=120:227:4905
12.9380,heen,161,MM1 V=120:226:4899
12.9380,heen,161,"#95,YAW,0.04,GYRO,-3,20,-26,ACC,-5,15,248,ADC,1241,501,4,2,"
12.9380,heen,161,MM0 ?CR
12.9380,heen,161,MM1 ?CR
12.9380,heen,161,MM0 CR=44:-43
12.9380,heen,161,MM1 CR=45:-43
12.9894,heen,152,"#96,YAW,0.04,GYRO,-8,-15,-16,ACC,-12,8,280,ADC,1263,382,5,2,"
12.9894,heen,152,MM0 ?A
12.9894,heen,152,MM1 ?A
12.9894,heen,152,MM0 A=0:0
12.9895,heen,152,MM1 A=5:0
12.9895,heen,152,MM0 !M 175 -147
12.9895,heen,152,MM1 !M 175 -147
12.9895,heen,152,MM0 +
12.9895,heen,152,MM1 +
12.9895,heen,152,MM0 PING
12.9895,heen,152,MM1 PING
12.9895,heen,152,"#97,YAW,0.04,GYRO,14,14,-7,ACC,-3,-8,250,ADC,1217,381,4,2,"
12.9895,heen,152,MM0 ?AI
12.9895,heen,152,MM1 ?AI
12.9895,heen,152,MM0 AI=0:0:2406:2423:0:0
12.9895,heen,152,MM1 AI=0:0:2319:2329:0:0
12.9895,heen,152,MM0 !M 166 -138
12.9895,heen,152,MM1 !M 166 -138
12.9895,heen,152,MM0 +
12.9895,heen,152,MM1 +
12.9895,heen,152,"#98,YAW,0.04,GYRO,73,40,0,ACC,-20,-24,245,ADC,1225,385,5,2,"
12.9895,heen,152,MM0 ?C
12.9895,heen,152,MM1 ?C
12.9895,heen,152,MM0 C=2225:-2233
13.0391,heen,150,MM1 C=2177:-2166
13.0391,heen,150,"#99,YAW,0.04,GYRO,14,72,-13,ACC,-11,7,275,ADC,1271,382,5,2,"
13.0391,heen,150,MM0 ?D
13.0391,heen,150,MM1 ?D
13.0391,heen,150,MM1 D=18
13.0391,heen,150,MM0 D=2
13.0391,heen,150,MM0 !M 164 -136
13.0391,heen,150,MM1 !M 164 -136
13.0391,heen,150,MM0 +
13.0391,heen,150,MM1 +
13.0391,heen,150,"#100,YAW,0.04,GYRO,-55,52,-37,ACC,-14,28,263,ADC,1218,380,4,2,"
13.0391,heen,150,MM0 ?FF
13.0391,heen,150,MM1 ?FF
13.0392,heen,150,MM0 FF=0
13.0392,heen,150,MM1 FF=0
13.0392,heen,150,"$GPRMC,113704.8,A,5050.51695,N,00419.37421,E,000.60,002.3,081026,000.4,E*5F"
13.0889,heen,147,"#101,YAW,0.04,GYRO,-55,37,-51,ACC,-11,19,243,ADC,1236,386,6,2,"
13.0890,heen,147,MM0 ?P
13.0890,heen,147,MM1 ?P
13.0890,heen,147,MM0 P=164:-136
13.0890,heen,147,MM1 P=164:-136
13.0890,heen,147,"#102,YAW,0.05,GYRO,-88,4,-45,ACC,-1,5,290,ADC,1290,391,5,2,"
13.0890,heen,147,MM0 !M 161 -133
13.0890,heen,147,MM1 !M 161 -133
13.0890,heen,147,MM1 +
13.0890,heen,147,MM0 +
13.0890,heen,147,MM0 ?S
13.0890,heen,147,MM1 ?S
13.0890,heen,147,MM0 S=150:-150
13.0890,heen,147,MM1 S=150:-75
13.0890,heen,147,"#103,YAW,0.05,GYRO,-21,35,-25,ACC,-6,-15,237,ADC,1225,381,5,2,"
13.0890,heen,147,MM0 ?T
13.0890,heen,147,MM1 ?T
13.0890,heen,147,MM0 T=35:34
13.1388,heen,139,MM1 T=35:33
13.1388,heen,139,"#104,YAW,0.04,GYRO,-27,42,-5,ACC,-4,-12,242,ADC,1271,499,3,2,"
13.1388,heen,139,MM0 ?V
13.1388,heen,139,MM1 ?V
13.1388,heen,139,MM0 V=120:226:4905
13.1389,heen,139,MM1 V=120:226:4898
13.1389,heen,139,"#105,YAW,0.04,GYRO,29,32,-5,ACC,-10,3,271,ADC,1248,502,5,2,"
13.1389,heen,139,MM0 ?CR
13.1389,heen,139,MM1 ?CR
13.1389,heen,139,MM0 CR=37:-36
13.1389,heen,139,MM1 CR=37:-35
13.1973,heen,123,"#106,YAW,0.04,GYRO,-8,59,-22,ACC,-2,6,285,ADC,1283,500,5,2,"
13.1973,heen,123,MM0 ?A
13.1973,heen,123,MM1 ?A
13.1973,heen,123,MM0 A=0:0
13.1973,heen,123,MM1 A=5:0
13.1973,heen,123,MM0 !M 152 -126
13.1973,heen,123,MM1 !M 152 -126
13.1973,heen,123,MM0 +
13.1973,heen,123,MM1 +
13.1973,heen,123,MM0 PING
13.1974,heen,123,MM1 PING
13.1974,heen,123,"#107,YAW,0.05,GYRO,-32,60,-39,ACC,-2,12,252,ADC,1253,384,7,1,"
13.1974,heen,123,MM0 ?AI
13.1974,heen,123,MM1 ?AI
13.1974,heen,123,MM0 AI=0:0:2396:2418:0:0
13.1974,heen,123,MM1 AI=0:0:2302:2342:0:0
13.1974,heen,123,MM0 !M 145 -119
13.1974,heen,123,MM1 !M 145 -119
13.1974,heen,123,MM0 +
13.1974,heen,123,MM1 +
13.1974,heen,123,"#108,YAW,0.05,GYRO,-11,76,-39,ACC,-20,7,255,ADC,1275,502,5,2,"
13.1974,heen,123,MM0 ?C
13.1974,heen,123,MM1 ?C
13.1974,heen,123,MM0 C=2260:-2267
13.1974,heen,123,MM1 C=2213:-2200
13.2320,heen,123,"#109,YAW,0.05,GYRO,-9,81,-30,ACC,-11,-7,265,ADC,1217,380,4,2,"
13.2320,heen,123,MM0 ?D
13.2320,heen,123,MM1 ?D
13.2320,heen,123,MM0 D=33
13.2320,heen,123,MM1 D=11
13.2320,heen,123,MM0 !M 136 -110
13.2320,heen,123,MM1 !M 136 -110
13.2320,heen,123,MM0 +
13.2320,heen,123,MM1 +
13.2320,heen,123,"#110,YAW,0.05,GYRO,-24,75,-24,ACC,-10,-3,259,ADC,1247,396,7,2,"
13.2320,heen,123,MM0 ?FF
13.2320,heen,123,MM1 ?FF
13.2320,heen,123,MM0 FF=0
13.2320,heen,123,MM1 FF=0
13.2546,heen,118,"$GPRMC,113705.0,A,5050.51684,N,00419.37422,E,000.58,002.3,081026,000.4,E*5E"
13.2546,heen,118,"#111,YAW,0.05,GYRO,16,87,-7,ACC,-11,3,256,ADC,1225,399,4,2,"
13.2546,heen,118,MM0 ?P
13.2546,heen,118,MM1 ?P
13.2546,heen,118,MM0 P=136:-110
13.2546,heen,118,MM1 P=136:-110
13.2735,heen,118,"#112,YAW,0.05,GYRO,11,68,2,ACC,-2,9,269,ADC,1228,395,4,2,"
13.2735,heen,118,MM0 ?S
13.2735,heen,118,MM1 ?S
13.2735,heen,118,MM0 S=75:-75
13.2735,heen,118,MM1 S=75:-75
13.3058,heen,109,MM0 !M 130 -106
13.3058,heen,109,MM1 !M 130 -106
13.3058,heen,109,MM0 +
13.3058,heen,109,MM1 +
13.3058,heen,109,"#113,YAW,0.04,GYRO,8,37,-4,ACC,4,13,248,ADC,1252,345,5,2,"
13.3059,heen,109,MM0 ?T
13.3059,heen,109,MM1 ?T
13.3059,heen,109,MM0 T=35:34
13.3059,heen,109,MM1 T=36:33
13.3270,heen,109,"#114,YAW,0.04,GYRO,-10,65,-11,ACC,-7,14,255,ADC,1285,497,6,2,"
13.3270,heen,109,MM0 ?V
13.3270,heen,109,MM1 ?V
13.3270,heen,109,MM0 V=120:227:4903
13.3270,heen,109,MM1 V=120:226:4899
13.3271,heen,109,"#115,YAW,0.04,GYRO,-22,71,-11,ACC,-2,2,241,ADC,1271,397,6,2,"
13.3271,heen,109,MM0 ?CR
13.3478,heen,99,MM1 ?CR
13.3478,heen,99,MM0 CR=31:-29
13.3478,heen,99,MM1 CR=30:-29
13.3478,heen,99,"#116,YAW,0.04,GYRO,-10,33,-11,ACC,-7,-2,245,ADC,1265,498,4,1,"
13.3478,heen,99,MM0 ?A
13.3822,heen,99,MM1 ?A
13.3823,heen,99,MM0 A=0:0
13.3823,heen,99,MM1 A=0:0
13.3823,heen,99,MM0 !M 122PING
13.3823,heen,99,MM1 !M 122PING
13.3823,heen,99,MM0 +
13.3823,heen,99,MM1 +
13.3823,heen,99,MM0 !M 112 -86
13.3823,heen,99,MM0 +
13.3823,heen,99,MM1 !M 112 -86
13.3823,heen,99,MM1 +
13.3823,heen,99,"#117,YAW,0.04,GYRO,-12,37,-10,ACC,-9,5,264,ADC,1223,386,5,2,"
13.3823,heen,99,MM0 ?AI
13.3823,heen,99,MM1 ?AI
13.3823,heen,99,MM0 AI=0:0:2421:2408:0:0
13.3823,heen,99,MM1 AI=0:0:2332:2344:0:0
13.4030,heen,88,"#118,YAW,0.04,GYRO,-30,87,-20,ACC,-22,-3,260,ADC,1204,382,4,2,"
13.4030,heen,88,MM0 ?C
13.4030,heen,88,MM1 ?C
13.4030,heen,88,MM0 C=2288:-2295
13.4030,heen,88,MM1 C=2241:-2227
13.4240,heen,88,"#119,YAW,0.04,GYRO,9,73,-17,ACC,-2,0,253,ADC,1241,385,3,1,"
13.4240,heen,88,MM1 ?D
13.4240,heen,88,MM0 ?D
13.4240,heen,88,MM0 D=33
13.4240,heen,88,MM1 D=51
13.4240,heen,88,MM1 !M 101 -75
13.4241,heen,88,MM0 !M 101 -75
13.4241,heen,88,MM1 +
13.4241,heen,88,MM0 +
13.4450,heen,93,"#120,YAW,0.04,GYRO,4,58,-13,ACC,-8,1,249,ADC,1283,306,7,2,"
13.4450,heen,93,MM0 ?FF
13.4450,heen,93,MM1 ?FF
13.4450,heen,93,MM0 FF=0
13.4450,heen,93,MM1 FF=0
13.4450,heen,93,"$GPRMC,113705.2,A,5050.51670,N,00419.37417,E,000.54,002.3,081026,000.4,E*5D"
13.4839,heen,93,"#121,YAW,0.04,GYRO,9,83,-14,ACC,-12,0,245,ADC,1254,410,7,1,"
13.4839,heen,93,MM0 ?P
13.4840,heen,93,MM1 ?P
13.4840,heen,93,MM0 P=101:-75
13.4840,heen,93,MM1 P=101:-75
13.4840,heen,93,MM1 !M 106 -80
13.4840,heen,93,MM0 !M 106 -80
13.4840,heen,93,MM1 +
13.4840,heen,93,MM0 +
13.4840,heen,93,"#122,YAW,0.04,GYRO,33,118,-19,ACC,9,4,251,ADC,1269,310,8,1,"
13.4840,heen,93,MM0 ?S
13.4840,heen,93,MM1 ?S
13.4840,heen,93,MM1 S=75:-75
13.4840,heen,93,MM0 S=150:-75
13.5050,heen,84,"#123,YAW,0.04,GYRO,-1,115,-25,ACC,9,14,259,ADC,1265,494,7,2,"
13.5050,heen,84,MM0 ?T
13.5050,heen,84,MM1 ?T
13.5050,heen,84,MM0 T=35:34
13.5050,heen,84,MM1 T=36:33
13.5387,heen,84,"#124,YAW,0.04,GYRO,-13,137,-35,ACC,0,6,278,ADC,1231,380,6,2,"
13.5388,heen,84,MM0 ?V
13.5388,heen,84,MM1 ?V
13.5388,heen,84,MM0 V=120:227:4904
13.5388,heen,84,MM1 V=120:227:4898
13.5388,heen,84,MM0 !M 96 -72
13.5388,heen,84,MM1 !M 96 -72
13.5388,heen,84,MM0 +
13.5388,heen,84,MM1 +
13.5388,heen,84,"#125,YAW,0.05,GYRO,-66,46,-48,ACC,-11,16,282,ADC,1242,391,6,2,"
13.5388,heen,84,MM0 ?CR
13.5388,heen,84,MM1 ?CR
13.5388,heen,84,MM0 CR=23:-24
13.5388,heen,84,MM1 CR=24:-23
13.5938,heen,73,"#126,YAW,0.05,GYRO,-40,27,-43,ACC,-16,9,245,ADC,1235,501,9,1,"
13.5939,heen,73,MM0 ?A
13.5939,heen,73,MM1 ?A
13.5939,heen,73,MM0 A=0:0
13.5939,heen,73,MM1 A=0:0
13.5939,heen,73,"#127,YAW,0.05,GYRO,-49,44,-21,ACC,-18,-8,263,ADC,1272,502,6,2,"
13.5939,heen,73,MM0 ?AI
13.5939,heen,73,MM1 ?AI
13.5939,heen,73,MM0 AI=0:0:2429:2423:0:0
13.5939,heen,73,MM1 AI=0:0:2310:2348:0:0
13.5939,heen,73,MM1 !M 84 -62
13.5939,heen,73,MM0 !M 84 -62
13.5939,heen,73,MM1 +
13.5939,heen,73,MM0 +
13.5939,heen,73,"#128,YAW,0.05,GYRO,-36,17,-7,ACC,-14,-10,259,ADC,1246,498,4,2,"
13.5939,heen,73,MM0 ?C
13.5939,heen,73,MM1 ?C
13.5939,heen,73,MM0 C=2311:-2317
13.5939,heen,73,MM1 C=2264:-2248
13.6430,heen,75,"#129,YAW,0.05,GYRO,-14,50,3,ACC,-24,-2,243,ADC,1249,387,4,2,"
13.6430,heen,75,MM0 ?D
13.6430,heen,75,MM1 ?D
13.6430,heen,75,MM0 D=50
13.6430,heen,75,MM1 D=50
13.6430,heen,75,MM1 !M 86 -64
13.6430,heen,75,MM0 !M 86 -64
13.6430,heen,75,MM1 +
13.6430,heen,75,MM0 +
13.6431,heen,75,"#130,YAW,0.04,GYRO,-7,52,8,ACC,-16,1,241,ADC,1237,386,5,2,"
13.6431,heen,75,"$GPRMC,113705.4,A,5050.51659,N,00419.37414,E,000.49,002.3,081026,000.4,E*5F"
13.6431,heen,75,MM0 ?FF
13.6431,heen,75,MM1 ?FF
13.6431,heen,75,MM0 FF=0
13.6431,heen,75,MM1 FF=0
13.6939,heen,64,"#131,YAW,0.04,GYRO,-3,29,10,ACC,-8,2,258,ADC,1233,382,5,1,"
13.6939,heen,64,MM0 ?P
13.6939,heen,64,MM1 ?P
13.6940,heen,64,MM0 P=86:-64
13.6940,heen,64,MM1 P=86:-64
13.6940,heen,64,"#132,YAW,0.04,GYRO,-4,44,1,ACC,-6,3,256,ADC,1238,385,4,1,"
13.6940,heen,64,MM0 ?S
13.6940,heen,64,MM1 ?S
13.6940,heen,64,MM1 S=75:-75
13.6940,heen,64,MM0 S=0:-75
13.6940,heen,64,MM0 !M 76 -52
13.6940,heen,64,MM1 !M 76 -52
13.6940,heen,64,MM0 +
13.6940,heen,64,MM1 +
13.6940,heen,64,"#133,YAW,0.04,GYRO,-6,53,-11,ACC,-12,5,253,ADC,1246,387,7,2,"
13.6940,heen,64,MM0 ?T
13.6940,heen,64,MM1 ?T
13.6940,heen,64,MM0 T=35:34
13.6940,heen,64,MM1 T=36:33
13.7440,heen,60,"#134,YAW,0.04,GYRO,-16,45,-21,ACC,-4,7,255,ADC,1254,387,6,2,"
13.7440,heen,60,MM0 ?V
13.7440,heen,60,MM1 ?V
13.7440,heen,60,MM0 V=120:225:4905
13.7440,heen,60,MM1 V=120:226:4898
13.7440,heen,60,MM0 !M 72 -48
13.7440,heen,60,MM0 +
13.7440,heen,60,MM1 !M 72 -48
13.7440,heen,60,MM1 +
13.7440,heen,60,"#135,YAW,0.04,GYRO,-22,38,-22,ACC,-13,5,251,ADC,1270,382,9,2,"
13.7440,heen,60,MM0 ?CR
13.7441,heen,60,MM1 ?CR
13.7441,heen,60,MM0 CR=18:-17
13.7441,heen,60,MM1 CR=18:-17
13.7962,heen,60,"#136,YAW,0.04,GYRO,-24,73,-29,ACC,-20,5,274,ADC,1226,380,4,2,"
13.7962,heen,60,MM0 ?A
13.7963,heen,60,MM1 ?A
13.7963,heen,60,MM0 A=0:0
13.7963,heen,60,MM1 A=0:0
13.7963,heen,60,"#137,YAW,0.04,GYRO,-25,64,-24,ACC,-7,0,261,ADC,1307,386,5,2,"
13.7963,heen,60,MM0 ?AI
13.7963,heen,60,MM1 ?AI
13.7963,heen,60,MM0 AI=0:0:2416:2430:0:0
13.7963,heen,60,MM1 AI=0:0:2344:2326:0:0
13.7963,heen,60,MM1 !M 72 -48
13.7963,heen,60,MM0 !M 72 -48
13.7963,heen,60,MM1 +
13.7963,heen,60,MM0 +
13.7963,heen,60,"#138,YAW,0.04,GYRO,-19,43,-17,ACC,5,3,259,ADC,1285,497,6,2,"
13.7963,heen,60,MM0 ?C
13.7963,heen,60,MM1 ?C
13.7963,heen,60,MM0 C=2326:-2332
13.7963,heen,60,MM1 C=2279:-2263
13.8446,heen,60,"#139,YAW,0.04,GYRO,-27,39,-10,ACC,-11,9,260,ADC,1256,398,7,1,"
13.8447,heen,60,MM0 ?D
13.8447,heen,60,MM1 ?D
13.8447,heen,60,MM1 D=35
13.8447,heen,60,MM0 D=1
13.8447,heen,60,MM0 !M 71 -49
13.8447,heen,60,MM1 !M 71 -49
13.8447,heen,60,MM0 +
13.8447,heen,60,MM1 +
13.8447,heen,60,"#140,YAW,0.04,GYRO,-18,39,-5,ACC,-9,2,263,ADC,1226,291,4,3,"
13.8447,heen,60,MM1 ?FF
13.8447,heen,60,MM0 ?FF
13.8447,heen,60,MM1 FF=0
13.8447,heen,60,MM0 FF=0
13.8447,heen,60,"$GPRMC,113705.6,A,5050.51658,N,00419.37439,E,000.45,002.3,081026,000.4,E*5F"
13.8986,heen,60,"#141,YAW,0.04,GYRO,-16,28,1,ACC,-9,-3,260,ADC,1240,404,4,1,"
13.8986,heen,60,MM0 ?P
13.8986,heen,60,MM1 ?P
13.8986,heen,60,MM0 P=71:-49
13.8986,heen,60,MM1 P=71:-49
13.8986,heen,60,"#142,YAW,0.04,GYRO,-21,55,-2,ACC,-7,0,251,ADC,1284,501,5,2,"
13.8986,heen,60,MM0 ?S
13.8986,heen,60,MM1 ?S
13.8986,heen,60,MM0 S=75:0
13.8986,heen,60,MM1 S=0:0
13.8986,heen,60,MM1 !M 71 -49
13.8986,heen,60,MM0 !M 71 -49
13.8986,heen,60,MM1 +
13.8986,heen,60,MM0 +
13.8986,heen,60,"#143,YAW,0.04,GYRO,-18,49,-19,ACC,-9,1,254,ADC,1279,494,4,2,"
13.8986,heen,60,MM0 ?T
13.8986,heen,60,MM1 ?T
13.8986,heen,60,MM0 T=35:34
13.8986,heen,60,MM1 T=36:33
13.9460,heen,60,"#144,YAW,0.04,GYRO,-22,25,-17,ACC,0,-2,265,ADC,1281,500,4,2,"
13.9460,heen,60,MM0 ?V
13.9460,heen,60,MM1 ?V
13.9460,heen,60,MM0 V=120:227:4905
13.9460,heen,60,MM1 V=120:226:4899
13.9460,heen,60,MM1 !M 71 -49
13.9460,heen,60,MM0 !M 71 -49
13.9460,heen,60,MM1 +
13.9460,heen,60,MM0 +
13.9460,heen,60,"#145,YAW,0.04,GYRO,-18,59,-20,ACC,-5,9,256,ADC,1252,340,9,2,"
13.9461,heen,60,MM0 ?CR
13.9461,heen,60,MM1 ?CR
13.9461,heen,60,MM0 CR=12:-12
13.9461,heen,60,MM1 CR=11:-11
13.9461,heen,60,"#146,YAW,0.04,GYRO,-10,31,-15,ACC,-1,-2,250,ADC,1289,500,5,2,"
13.9959,heen,0,MM0 ?A
13.9959,heen,0,MM1 ?A
13.9959,heen,0,MM0 A=0:0
13.9959,heen,0,MM1 A=0:0
13.9959,heen,0,"#147,YAW,0.04,GYRO,-22,35,5,ACC,4,-5,276,ADC,1229,395,6,2,"
13.9960,heen,0,MM1 ?AI
13.9960,heen,0,MM0 ?AI
13.9960,heen,0,MM1 AI=0:0:2353:2335:0:0
13.9960,heen,0,MM0 AI=0:0:2402:2407:0:0
13.9960,heen,0,MM1 !M 0 0
13.9960,heen,0,MM0 !M 0 0
13.9960,heen,0,MM1 +
13.9960,heen,0,MM0 +
13.9960,heen,0,"#148,YAW,0.04,GYRO,-11,44,-2,ACC,3,-2,233,ADC,1249,402,5,1,"
13.9960,heen,0,MM0 ?C
13.9960,heen,0,MM1 ?C
13.9960,heen,0,MM0 C=2336:-2342
13.9960,heen,0,MM1 C=2289:-2273
14.0473,heen,0,"#149,YAW,0.04,GYRO,-17,88,10,ACC,-46,-15,248,ADC,1288,500,7,2,"
14.0473,heen,0,MM0 ?D
14.0474,heen,0,MM1 ?D
14.0474,heen,0,MM0 D=35
14.0474,heen,0,MM1 D=50
14.0474,heen,0,MM0 PING
14.0474,heen,0,MM1 PING
14.0474,heen,0,MM0 !M 0 0
14.0474,heen,0,MM1 !M 0 0
14.0474,heen,0,MM0 +
14.0474,heen,0,MM1 +
14.0474,heen,0,"#150,YAW,0.04,GYRO,-8,64,2,ACC,-35,3,250,ADC,1222,332,5,2,"
14.0474,heen,0,"$GPRMC,113705.8,A,5050.51651,N,00419.37437,E,000.40,002.3,081026,000.4,E*53"
14.0474,heen,0,MM0 ?FF
14.0474,heen,0,MM1 ?FF
14.0474,heen,0,MM1 FF=0
14.0474,heen,0,MM0 FF=0
14.0474,heen,0,"#151,YAW,0.04,GYRO,-19,21,23,ACC,-32,9,246,ADC,1205,388,5,2,"
14.0474,heen,0,MM1 ?P
14.0978,heen,0,MM0 ?P
14.0978,heen,0,MM1 P=0:0
14.0978,heen,0,MM0 P=0:0
14.0978,heen,0,"#152,YAW,0.04,GYRO,-8,45,13,ACC,-25,5,255,ADC,1282,502,6,1,"
14.0979,heen,0,MM1 ?S
14.0979,heen,0,MM0 ?S
14.0979,heen,0,MM1 S=0:0
14.0979,heen,0,MM0 S=0:0
14.0979,heen,0,MM1 !M 0 0
14.0979,heen,0,MM0 !M 0 0
14.0979,heen,0,MM1 +
14.0979,heen,0,MM0 +
14.0979,heen,0,"#153,YAW,0.04,GYRO,-9,36,0,ACC,-20,0,263,ADC,1218,500,4,2,"
14.0979,heen,0,MM1 ?T
14.0979,heen,0,MM0 ?T
14.0979,heen,0,MM1 T=35:33
14.0979,heen,0,MM0 T=35:34
14.1479,heen,0,"#154,YAW,0.04,GYRO,-12,39,-17,ACC,-12,2,257,ADC,1293,501,5,2,"
14.1480,heen,0,MM1 ?V
14.1480,heen,0,MM0 ?V
14.1480,heen,0,MM1 V=120:227:4898
14.1480,heen,0,MM0 V=120:227:4906
14.1480,heen,0,MM0 !M 0 0
14.1480,heen,0,MM1 !M 0 0
14.1480,heen,0,MM0 +
14.1480,heen,0,MM1 +
14.1480,heen,0,"#155,YAW,0.04,GYRO,-14,37,-16,ACC,-8,0,253,ADC,1236,394,5,2,"
14.1480,heen,0,MM1 ?CR
14.1480,heen,0,MM0 ?CR
14.1480,heen,0,MM1 CR=3:-4
14.1480,heen,0,MM0 CR=3:-4
14.1480,heen,0,"#156,YAW,0.04,GYRO,-15,40,-13,ACC,-7,4,256,ADC,1293,400,6,2,"
14.1480,heen,0,MM1 ?A
14.1480,heen,0,MM0 ?A
14.1991,heen,0,MM1 A=0:0
14.1991,heen,0,MM0 A=0:0
14.1991,heen,0,"#157,YAW,0.04,GYRO,-13,47,-11,ACC,-9,5,259,ADC,1241,383,6,2,"
14.1991,heen,0,MM1 ?AI
14.1991,heen,0,MM0 ?AI
14.1992,heen,0,MM1 AI=0:0:2353:2334:0:0
14.1992,heen,0,MM0 AI=0:0:2411:2413:0:0
14.1992,heen,0,MM0 !M 0 0
14.1992,heen,0,MM1 !M 0 0
14.1992,heen,0,MM0 +
14.1992,heen,0,MM1 +
14.1992,heen,0,"#158,YAW,0.04,GYRO,-16,43,-4,ACC,5,0,256,ADC,1239,383,6,2,"
14.1992,heen,0,MM1 ?C
14.1992,heen,0,MM0 ?C
14.1992,heen,0,MM1 C=2289:-2274
14.1992,heen,0,MM0 C=2337:-2344
14.2499,heen,0,"#159,YAW,0.04,GYRO,-15,44,-7,ACC,3,1,253,ADC,1284,397,7,2,"
14.2500,heen,0,MM1 ?D
14.2500,heen,0,MM0 ?D
14.2500,heen,0,MM1 D=18
14.2500,heen,0,MM0 D=26
14.2500,heen,0,"#160,YAW,0.04,GYRO,-13,32,-7,ACC,7,1,263,ADC,1290,384,4,1,"
14.2500,heen,0,MM0 ?FF
14.2500,heen,0,MM1 ?FF
14.2500,heen,0,MM0 FF=0
14.2500,heen,0,MM1 FF=0
14.2500,heen,0,MM0 !M 0 0
14.2500,heen,0,MM1 !M 0 0
14.2500,heen,0,MM0 +
14.2500,heen,0,MM1 +
14.2500,heen,0,"$GPRMC,113706.0,A,5050.51653,N,00419.37465,E,000.37,002.3,081026,000.4,E*5D"
14.2500,heen,0,"#161,YAW,0.04,GYRO,-14,46,-16,ACC,13,0,258,ADC,1274,335,4,2,"
14.2500,heen,0,MM1 ?P
14.2500,heen,0,MM0 ?P
14.2500,heen,0,MM1 P=0:0
14.2500,heen,0,MM0 P=0:0
14.3000,heen,0,"#162,YAW,0.04,GYRO,-11,51,-11,ACC,6,0,254,ADC,1266,502,5,2,"
14.3001,heen,0,MM1 ?S
14.3001,heen,0,MM0 ?S
14.3001,heen,0,MM1 S=0:0
14.3001,heen,0,MM0 S=0:0
14.3001,heen,0,MM0 !M 0 0
14.3001,heen,0,MM1 !M 0 0
14.3001,heen,0,MM0 +
14.3001,heen,0,MM1 +
14.3001,heen,0,"#163,YAW,0.04,GYRO,-13,45,-5,ACC,8,2,264,ADC,1270,403,4,2,"
14.3001,heen,0,MM1 ?T
14.3001,heen,0,MM0 ?T
14.3001,heen,0,MM1 T=36:33
14.3001,heen,0,MM0 T=35:34
14.3519,heen,0,"#164,YAW,0.04,GYRO,-13,44,-1,ACC,4,6,257,ADC,1283,499,5,2,"
14.3519,heen,0,MM0 ?V
14.3519,heen,0,MM1 ?V
14.3519,heen,0,MM0 V=120:230:4906
14.3519,heen,0,MM1 V=120:227:4898
14.3519,heen,0,"#165,YAW,0.04,GYRO,-12,53,3,ACC,5,1,260,ADC,1302,385,8,2,"
14.3519,heen,0,MM0 ?CR
14.3519,heen,0,MM1 ?CR
14.3519,heen,0,MM0 CR=-1:1
14.3520,heen,0,MM1 CR=0:0
14.3520,heen,0,MM0 !M 0 0
14.3520,heen,0,MM0 +
14.3520,heen,0,MM1 !M 0 0
14.3520,heen,0,MM1 +
14.3520,heen,0,"#166,YAW,0.04,GYRO,-14,37,2,ACC,9,0,260,ADC,1251,394,8,2,"
14.3520,heen,0,MM0 ?A
14.3520,heen,0,MM1 ?A
14.3520,heen,0,MM0 A=0:0
14.3520,heen,0,MM1 A=0:0
14.4019,heen,0,"#167,YAW,0.04,GYRO,-13,44,-2,ACC,8,1,259,ADC,1284,502,5,2,"
14.4019,heen,0,MM0 ?AI
14.4020,heen,0,MM1 ?AI
14.4020,heen,0,MM0 AI=0:0:2401:2430:0:0
14.4020,heen,0,MM1 AI=0:0:2317:2364:0:0
14.4020,heen,0,MM1 !M 0 0
14.4020,heen,0,MM0 !M 0 0
14.4020,heen,0,MM1 +
14.4020,heen,0,MM0 +
14.4020,heen,0,"#168,YAW,0.04,GYRO,-11,47,-10,ACC,7,1,257,ADC,1255,503,7,2,"
14.4020,heen,0,MM0 ?C
14.4020,heen,0,MM1 ?C
14.4020,heen,0,MM0 C=2336:-2343
14.4020,heen,0,MM1 C=2289:-2274
14.4530,heen,0,"#169,YAW,0.03,GYRO,-13,45,-10,ACC,6,2,260,ADC,1256,391,4,2,"
14.4530,heen,0,MM0 ?D
14.4530,heen,0,MM1 ?D
14.4530,heen,0,MM0 D=51
14.4530,heen,0,MM1 D=18
14.4530,heen,0,"#170,YAW,0.03,GYRO,-11,48,-6,ACC,-1,4,256,ADC,1242,387,5,2,"
14.4531,heen,0,MM1 ?FF
14.4531,heen,0,MM0 ?FF
14.4531,heen,0,MM1 FF=0
14.4531,heen,0,MM0 FF=0
14.4531,heen,0,"$GPRMC,113706.2,A,5050.51655,N,00419.37491,E,000.35,002.3,081026,000.4,E*50"
14.4531,heen,0,MM1 !M 0 0
14.4531,heen,0,MM0 !M 0 0
14.4531,heen,0,MM0 +
14.4531,heen,0,MM1 +
14.4531,heen,0,"#171,YAW,0.03,GYRO,-13,46,-5,ACC,0,1,255,ADC,1226,322,5,2,"
14.4531,heen,0,MM0 ?P
14.4531,heen,0,MM1 ?P
14.4531,heen,0,MM0 P=0:0
14.4531,heen,0,MM1 P=0:0
14.5020,heen,0,"#172,YAW,0.03,GYRO,-12,49,-5,ACC,3,1,261,ADC,1258,385,3,1,"
14.5020,heen,0,MM1 ?S
14.5020,heen,0,MM0 ?S
14.5020,heen,0,MM1 S=0:0
14.5020,heen,0,MM0 S=0:0
14.5020,heen,0,MM1 !M 0 0
14.5020,heen,0,MM0 !M 0 0
14.5020,heen,0,MM1 +
14.5020,heen,0,MM0 +
14.5020,heen,0,"#173,YAW,0.03,GYRO,-13,44,-8,ACC,5,-1,259,ADC,1278,401,6,2,"
14.5020,heen,0,MM1 ?T
14.5020,heen,0,MM0 ?T
14.5020,heen,0,MM1 T=36:33
14.5020,heen,0,MM0 T=35:34
14.5528,heen,0,"#174,YAW,0.03,GYRO,-12,44,-7,ACC,4,1,256,ADC,1212,379,3,1,"
14.5529,heen,0,MM1 ?V
14.5529,heen,0,MM0 ?V
14.5529,heen,0,MM1 V=120:226:4900
14.5529,heen,0,MM0 V=120:228:4908
14.5529,heen,0,"#175,YAW,0.03,GYRO,-11,45,-5,ACC,3,2,256,ADC,1252,384,6,2,"
14.5529,heen,0,MM1 ?CR
14.5529,heen,0,MM0 ?CR
14.5529,heen,0,MM1 CR=0:0
14.5529,heen,0,MM0 CR=0:0
14.5529,heen,0,MM1 !M 0 0
14.5529,heen,0,MM0 !M 0 0
14.5529,heen,0,MM1 +
14.5529,heen,0,MM0 +
14.5529,heen,0,"#176,YAW,0.03,GYRO,-12,48,-7,ACC,6,2,259,ADC,1275,500,8,2,"
14.5529,heen,0,MM1 ?A
14.5529,heen,0,MM0 ?A
14.5529,heen,0,MM1 A=0:0
14.5529,heen,0,MM0 A=0:0
14.5913,heen,0,"#177,YAW,0.03,GYRO,-12,45,-7,ACC,3,2,253,ADC,1267,392,6,2,"
14.5913,heen,0,MM0 ?AI
14.5914,heen,0,MM1 ?AI
14.5914,heen,0,MM0 AI=0:0:2433:2434:0:0
14.5914,heen,0,MM1 AI=0:0:2336:2316:0:0
14.5914,heen,0,"#178,YAW,0.03,GYRO,-12,46,-6,ACC,2,2,259,ADC,1270,395,4,2,"
14.5914,heen,0,MM0 ?C
14.5914,heen,0,MM1 ?C
14.5914,heen,0,MM0 C=2336:-2343
14.6309,heen,60,MM1 C=2289:-2274
14.6309,heen,60,"#179,YAW,0.03,GYRO,-12,44,-4,ACC,1,1,257,ADC,1237,501,6,2,"
14.6309,heen,60,MM0 ?D
14.6309,heen,60,MM1 ?D
14.6309,heen,60,MM0 D=59
14.6309,heen,60,MM1 D=18
14.6309,heen,60,MM0 !M 0 0
14.6309,heen,60,MM1 !M 0 0
14.6309,heen,60,MM0 +
14.6309,heen,60,MM1 +
14.6309,heen,60,"#180,YAW,0.03,GYRO,-11,43,-5,ACC,4,2,259,ADC,1236,387,7,2,"
14.6650,heen,60,"$GPRMC,113706.4,A,5050.51648,N,00419.37492,E,000.33,002.3,081026,000.4,E*5F"
14.6651,heen,60,MM0 ?FF
14.6651,heen,60,MM1 ?FF
14.6651,heen,60,MM0 FF=0
14.6651,heen,60,MM1 FF=0
14.6651,heen,60,MM0 !M 72 -48
14.6651,heen,60,MM1 !M 72 -48
14.6651,heen,60,MM0 +
14.6651,heen,60,MM1 +
14.6651,heen,60,"#181,YAW,0.03,GYRO,-12,46,-7,ACC,8,0,258,ADC,1261,313,5,1,"
14.6651,heen,60,MM0 ?P
14.6651,heen,60,MM1 ?P
14.6651,heen,60,MM0 P=72:-48
14.6651,heen,60,MM1 P=72:-48
14.6858,heen,60,"#182,YAW,0.03,GYRO,-17,-8,-3,ACC,25,3,262,ADC,1254,389,5,1,"
14.6859,heen,60,MM0 ?S
14.6859,heen,60,MM1 ?S
14.6859,heen,60,MM0 S=0:0
14.6859,heen,60,MM1 S=0:0
14.6859,heen,60,"#183,YAW,0.03,GYRO,-14,83,-21,ACC,18,3,258,ADC,1255,398,6,1,"
14.7199,heen,60,MM0 ?T
14.7199,heen,60,MM1 ?T
14.7199,heen,60,MM0 T=35:34
14.7199,heen,60,MM1 T=36:33
14.7199,heen,60,MM1 !M 72 -48
14.7199,heen,60,MM0 !M 72 -48
14.7199,heen,60,MM0 +
14.7199,heen,60,MM1 +
14.7199,heen,60,"#184,YAW,0.03,GYRO,-10,53,-28,ACC,16,7,257,ADC,1245,499,5,1,"
14.7199,heen,60,MM0 ?V
14.7199,heen,60,MM1 ?V
14.7199,heen,60,MM1 V=120:225:4900
14.7199,heen,60,MM0 V=120:227:4909
14.7799,heen,60,"#185,YAW,0.03,GYRO,-9,18,-17,ACC,21,3,257,ADC,1266,495,6,2,"
14.7800,heen,60,MM0 ?CR
14.7800,heen,60,MM1 ?CR
14.7800,heen,60,MM0 CR=1:-1
14.7800,heen,60,MM1 CR=1:0
14.7800,heen,60,"#186,YAW,0.03,GYRO,-10,58,-12,ACC,14,4,250,ADC,1227,389,5,2,"
14.7800,heen,60,MM0 ?A
14.7800,heen,60,MM1 ?A
14.7800,heen,60,MM0 A=0:0
14.7800,heen,60,MM1 A=5:0
14.7800,heen,60,MM0 !M 72 -48
14.7800,heen,60,MM1 !M 72 -48
14.7800,heen,60,MM0 +
14.7800,heen,60,MM1 +
14.7800,heen,60,"#187,YAW,0.03,GYRO,-6,49,2,ACC,7,4,262,ADC,1262,391,5,1,"
14.7800,heen,60,MM0 ?AI
14.7800,heen,60,MM1 ?AI
14.7800,heen,60,MM0 AI=0:0:2430:2417:0:0
14.7800,heen,60,MM1 AI=0:0:2302:2315:0:0
14.8137,heen,60,"#188,YAW,0.03,GYRO,-8,34,25,ACC,11,-5,261,ADC,1293,501,6,2,"
14.8137,heen,60,MM0 ?C
14.8138,heen,60,MM1 ?C
14.8138,heen,60,MM0 C=2338:-2345
14.8138,heen,60,MM1 C=2291:-2276
14.8138,heen,60,MM0 !M 72 -48
14.8138,heen,60,MM1 !M 72 -48
14.8138,heen,60,MM0 +
14.8138,heen,60,MM1 +
14.8138,heen,60,"#189,YAW,0.03,GYRO,-5,57,3,ACC,16,0,260,ADC,1265,383,9,2,"
14.8138,heen,60,MM0 ?D
14.8138,heen,60,MM1 ?D
14.8138,heen,60,MM0 D=33
14.8138,heen,60,MM1 D=35
14.8349,heen,60,"#190,YAW,0.03,GYRO,-2,46,-19,ACC,11,4,255,ADC,1248,389,5,2,"
14.8349,heen,60,MM0 ?FF
14.8349,heen,60,MM1 ?FF
14.8349,heen,60,MM0 FF=0
14.8349,heen,60,MM1 FF=0
14.8556,heen,60,"$GPRMC,113706.6,A,5050.51637,N,00419.37491,E,000.31,002.3,081026,000.4,E*54"
14.8556,heen,60,"#191,YAW,0.03,GYRO,-5,55,-12,ACC,8,2,259,ADC,1246,500,5,2,"
14.8556,heen,60,MM0 ?P
14.8556,heen,60,MM1 ?P
14.8556,heen,60,MM0 P=72:-48
14.8556,heen,60,MM1 P=72:-48
14.8557,heen,60,MM0 !M 72 -48
14.8557,heen,60,MM1 !M 72 -48
14.8557,heen,60,MM0 +
14.8557,heen,60,MM1 +
14.8772,heen,60,"#192,YAW,0.03,GYRO,0,44,-20,ACC,16,5,255,ADC,1240,391,6,2,"
14.8773,heen,60,MM0 ?S
14.8773,heen,60,MM1 ?S
14.8773,heen,60,MM1 S=75:0
14.8773,heen,60,MM0 S=0:-75
14.9348,heen,60,"#193,YAW,0.03,GYRO,-5,44,-18,ACC,2,3,254,ADC,1222,383,5,1,"
14.9348,heen,60,MM0 ?T
14.9348,heen,60,MM1 ?T
14.9348,heen,60,MM0 T=35:34
14.9348,heen,60,MM1 T=36:33
14.9348,heen,60,"#194,YAW,0.03,GYRO,-1,53,0,ACC,21,4,256,ADC,1227,385,5,1,"
14.9348,heen,60,MM0 ?V
14.9348,heen,60,MM1 ?V
14.9348,heen,60,MM0 V=120:230:4906
14.9348,heen,60,MM1 V=120:228:4898
14.9348,heen,60,MM0 !M 72 -48
14.9348,heen,60,MM1 !M 72 -48
14.9348,heen,60,MM0 +
14.9348,heen,60,MM1 +
14.9348,heen,60,"#195,YAW,0.03,GYRO,-11,32,-15,ACC,12,7,250,ADC,1231,389,7,2,"
14.9348,heen,60,MM0 ?CR
14.9348,heen,60,MM1 ?CR
14.9348,heen,60,MM0 CR=6:-6
14.9348,heen,60,MM1 CR=6:-6
14.9709,heen,0,"#196,YAW,0.03,GYRO,-4,58,-2,ACC,11,2,258,ADC,1219,383,4,1,"
14.9709,heen,0,MM0 ?A
14.9709,heen,0,MM1 ?A
14.9709,heen,0,MM0 A=0:0
14.9709,heen,0,MM1 A=0:0
14.9709,heen,0,MM1 !M 72 -48
14.9710,heen,0,MM0 !M 72 -48
14.9710,heen,0,MM1 +
14.9710,heen,0,MM0 +
14.9710,heen,0,"#197,YAW,0.03,GYRO,-2,52,-14,ACC,6,1,260,ADC,1238,382,4,2,"
14.9710,heen,0,MM0 ?AI
14.9710,heen,0,MM1 ?AI
14.9710,heen,0,MM0 AI=0:0:2432:2406:0:0
14.9917,heen,0,MM1 AI=0:0:2338:2318:0:0
14.9917,heen,0,"#198,YAW,0.03,GYRO,-14,41,-13,ACC,20,-3,247,ADC,1257,382,4,2,"
14.9917,heen,0,MM0 ?C
14.9917,heen,0,MM1 ?C
14.9917,heen,0,MM0 C=2346:-2352
14.9917,heen,0,MM1 C=2298:-2283
15.0514,heen,0,"#199,YAW,0.03,GYRO,-12,48,-18,ACC,6,-1,253,ADC,1253,401,5,2,"
15.0514,heen,0,MM0 ?D
15.0515,heen,0,MM1 ?D
15.0515,heen,0,MM1 D=33
15.0515,heen,0,MM0 D=1
15.0515,heen,0,MM1 !M 0 0PING
15.0515,heen,0,MM0 !M 0 0PING
15.0515,heen,0,MM1 +
15.0515,heen,0,MM0 +
15.0515,heen,0,MM0 !M 0 0
15.0515,heen,0,MM1 !M 0 0
15.0515,heen,0,MM0 +
15.0515,heen,0,MM1 +
15.0515,heen,0,"#200,YAW,0.03,GYRO,-21,49,-9,ACC,-4,1,268,ADC,1249,287,9,2,"
15.0515,heen,0,MM0 ?FF
15.0515,heen,0,MM1 ?FF
15.0515,heen,0,MM0 FF=0
15.0515,heen,0,MM1 FF=0
15.0515,heen,0,"$GPRMC,113706.8,A,5050.51625,N,00419.37491,E,000.29,002.3,081026,000.4,E*50"
15.0515,heen,0,"#201,YAW,0.03,GYRO,-15,54,10,ACC,-32,6,264,ADC,1247,389,5,2,"
15.0860,heen,0,MM0 ?P
15.0860,heen,0,MM1 ?P
15.0860,heen,0,MM0 P=0:0
15.0860,heen,0,MM1 P=0:0
15.0861,heen,0,MM1 !M 0 0
15.0861,heen,0,MM0 !M 0 0
15.0861,heen,0,MM1 +
15.0861,heen,0,MM0 +
15.0861,heen,0,"#202,YAW,0.03,GYRO,-11,92,34,ACC,-29,-4,243,ADC,1223,311,5,2,"
15.0861,heen,0,MM0 ?S
15.0861,heen,0,MM1 ?S
15.0861,heen,0,MM0 S=0:0
15.0861,heen,0,MM1 S=0:0
15.0861,heen,0,"#203,YAW,0.03,GYRO,-15,25,6,ACC,-22,2,267,ADC,1256,381,4,2,"
15.1068,heen,0,MM0 ?T
15.1068,heen,0,MM1 ?T
15.1068,heen,0,MM0 T=35:34
15.1068,heen,0,MM1 T=36:33
15.1068,heen,0,"#204,YAW,0.03,GYRO,-14,37,-17,ACC,-22,4,256,ADC,1257,499,6,1,"
15.1068,heen,0,MM0 ?V
15.1419,heen,0,MM1 ?V
15.1419,heen,0,MM0 V=120:227:4905
15.1419,heen,0,MM1 V=120:226:4899
15.1419,heen,0,MM0 !M 0 0
15.1419,heen,0,MM1 !M 0 0
15.1419,heen,0,MM0 +
15.1419,heen,0,MM1 +
15.1419,heen,0,"#205,YAW,0.03,GYRO,-14,57,-30,ACC,-23,3,260,ADC,1303,497,3,1,"
15.1419,heen,0,MM0 ?CR
15.1419,heen,0,MM1 ?CR
15.1419,heen,0,MM0 CR=6:-6
15.1420,heen,0,MM1 CR=5:-6
15.1618,heen,0,"#206,YAW,0.03,GYRO,-12,29,-25,ACC,-15,4,250,ADC,1242,386,4,1,"
15.1618,heen,0,MM0 ?A
15.1619,heen,0,MM1 ?A
15.1619,heen,0,MM0 A=0:0
15.1619,heen,0,MM1 A=0:0
15.1960,heen,0,"#207,YAW,0.03,GYRO,-16,39,-9,ACC,-10,1,262,ADC,1243,381,3,1,"
15.1960,heen,0,MM0 ?AI
15.1960,heen,0,MM1 ?AI
15.1960,heen,0,MM0 AI=0:0:2426:2424:0:0
15.1960,heen,0,MM1 AI=0:0:2300:2351:0:0
15.1960,heen,0,MM0 !M 0 0
15.1960,heen,0,MM1 !M 0 0
15.1960,heen,0,MM0 +
15.1960,heen,0,MM1 +
15.1961,heen,0,"#208,YAW,0.03,GYRO,-11,49,5,ACC,-10,1,258,ADC,1241,385,5,2,"
15.1961,heen,0,MM0 ?C
15.1961,heen,0,MM1 ?C
15.1961,heen,0,MM0 C=2349:-2356
15.1961,heen,0,MM1 C=2302:-2287
15.2590,heen,0,"#209,YAW,0.03,GYRO,-13,36,7,ACC,-4,1,253,ADC,1253,496,5,2,"
15.2590,heen,0,MM1 ?D
15.2590,heen,0,MM0 ?D
15.2590,heen,0,MM0 D=18
15.2590,heen,0,MM1 D=0
15.2590,heen,0,MM0 !M 0 0
15.2590,heen,0,MM1 !M 0 0
15.2590,heen,0,MM0 +
15.2590,heen,0,MM1 +
15.2590,heen,0,"#210,YAW,0.02,GYRO,-12,43,-6,ACC,-3,3,259,ADC,1285,490,5,1,"
15.2590,heen,0,MM0 ?FF
15.2591,heen,0,MM1 ?FF
15.2591,heen,0,MM0 FF=0
15.2591,heen,0,MM1 FF=0
15.2591,heen,0,"$GPRMC,113707.0,A,5050.51611,N,00419.37489,E,000.26,002.3,081026,000.4,E*58"
15.2591,heen,0,"#211,YAW,0.02,GYRO,-11,45,-17,ACC,2,0,257,ADC,1224,383,5,1,"
15.2591,heen,0,MM0 ?P
15.2678,heen,0,MM1 ?P
15.2678,heen,0,MM0 P=0:0
15.2678,heen,0,MM1 P=0:0
15.2678,heen,0,"#212,YAW,0.02,GYRO,-12,45,-16,ACC,5,0,257,ADC,1242,383,4,1,"
15.2678,heen,0,MM0 ?S
15.2679,heen,0,MM1 ?S
15.2889,heen,0,MM0 S=0:0
15.2889,heen,0,MM1 S=0:0
15.2889,heen,0,MM0 !M 0 0
15.2889,heen,0,MM1 !M 0 0
15.2889,heen,0,MM0 +
15.2889,heen,0,MM1 +
15.2889,heen,0,"#213,YAW,0.02,GYRO,-12,43,-8,ACC,1,2,255,ADC,1238,387,4,2,"
15.2889,heen,0,MM0 ?T
15.2889,heen,0,MM1 ?T
15.2889,heen,0,MM0 T=35:34
15.3098,heen,0,MM1 T=36:33
15.3098,heen,0,"#214,YAW,0.02,GYRO,-11,45,1,ACC,8,4,258,ADC,1243,499,5,3,"
15.3098,heen,0,MM0 ?V
15.3098,heen,0,MM1 ?V
15.3098,heen,0,MM0 V=120:226:4905
15.3449,heen,0,MM1 V=120:227:4897
15.3449,heen,0,MM1 !M 0 0
15.3449,heen,0,MM0 !M 0 0
15.3449,heen,0,MM1 +
15.3449,heen,0,MM0 +
15.3449,heen,0,"#215,YAW,0.02,GYRO,-14,44,1,ACC,8,2,261,ADC,1259,384,5,2,"
15.3449,heen,0,MM0 ?CR
15.3449,heen,0,MM1 ?CR
15.3449,heen,0,MM1 CR=1:-1
15.3449,heen,0,MM0 CR=0:0
15.3670,heen,0,"#216,YAW,0.02,GYRO,-12,44,-5,ACC,6,1,256,ADC,1218,380,4,2,"
15.3670,heen,0,MM0 ?A
15.3670,heen,0,MM1 ?A
15.3670,heen,0,MM0 A=0:0
15.3670,heen,0,MM1 A=0:0
15.3670,heen,0,"#217,YAW,0.02,GYRO,-11,44,-11,ACC,6,1,255,ADC,1261,394,5,1,"
15.4019,heen,0,MM0 ?AI
15.4019,heen,0,MM1 ?AI
15.4019,heen,0,MM0 AI=0:0:2407:2423:0:0
15.4019,heen,0,MM1 AI=0:0:2346:2325:0:0
15.4019,heen,0,MM1 !M 0 0
15.4019,heen,0,MM0 !M 0 0
15.4019,heen,0,MM1 +
15.4019,heen,0,MM0 +
15.4019,heen,0,"#218,YAW,0.02,GYRO,-11,44,-13,ACC,11,1,257,ADC,1223,388,5,2,"
15.4019,heen,0,MM0 ?C
15.4019,heen,0,MM1 ?C
15.4019,heen,0,MM0 C=2349:-2356
15.4019,heen,0,MM1 C=2302:-2287
15.4359,heen,0,"#219,YAW,0.02,GYRO,-13,46,-10,ACC,6,2,257,ADC,1254,500,6,2,"
15.4360,heen,0,MM0 ?D
15.4360,heen,0,MM1 ?D
15.4360,heen,0,MM0 D=18
15.4360,heen,0,MM1 D=0
15.4360,heen,0,MM0 !M 0 0
15.4360,heen,0,MM1 !M 0 0
15.4360,heen,0,MM0 +
15.4360,heen,0,MM1 +
15.4360,heen,0,"#220,YAW,0.02,GYRO,-11,45,-5,ACC,4,1,257,ADC,1213,386,5,2,"
15.4360,heen,0,MM0 ?FF
15.4360,heen,0,MM1 ?FF
15.4360,heen,0,MM0 FF=0
15.4360,heen,0,MM1 FF=0
15.4360,heen,0,"$GPRMC,113707.2,A,5050.51601,N,00419.37487,E,000.24,002.3,081026,000.4,E*57"
15.4606,heen,0,"#221,YAW,0.02,GYRO,-13,46,-1,ACC,6,1,257,ADC,1236,389,4,1,"
15.4607,heen,0,MM0 ?P
15.4607,heen,0,MM1 ?P
15.4607,heen,0,MM0 P=0:0
15.4607,heen,0,MM1 P=0:0
15.4985,heen,0,"#222,YAW,0.02,GYRO,-12,45,-3,ACC,3,1,255,ADC,1269,396,9,2,"
15.4985,heen,0,MM0 ?S
15.4985,heen,0,MM1 ?S
15.4985,heen,0,MM0 S=0:0
15.4985,heen,0,MM1 S=0:0
15.4985,heen,0,"#223,YAW,0.02,GYRO,-12,47,-7,ACC,5,0,259,ADC,1265,499,6,1,"
15.4985,heen,0,MM0 ?T
15.4985,heen,0,MM1 ?T
15.4985,heen,0,MM0 T=35:34
15.4985,heen,0,MM1 T=36:33
15.5499,heen,0,"#224,YAW,0.02,GYRO,-12,45,-11,ACC,2,1,257,ADC,1255,388,3,1,"
15.5499,heen,0,MM0 ?V
15.5499,heen,0,MM1 ?V
15.5499,heen,0,MM0 V=120:227:4905
15.5499,heen,0,MM1 V=120:227:4895
15.5499,heen,0,MM0 !M 0 0PING
15.5499,heen,0,MM1 !M 0 0PING
15.5499,heen,0,MM1 +
15.5499,heen,0,MM0 +
15.5499,heen,0,"#225,YAW,0.02,GYRO,-13,48,-9,ACC,-1,2,254,ADC,1234,403,5,1,"
15.5500,heen,0,MM0 ?CR
15.5500,heen,0,MM1 ?CR
15.5500,heen,0,MM0 CR=0:0
15.5500,heen,0,MM1 CR=0:0
15.5500,heen,0,MM0 !M 0 0
15.5500,heen,0,MM1 !M 0 0
15.5500,heen,0,MM1 +
15.5500,heen,0,MM0 +
15.5500,heen,0,"#226,YAW,0.02,GYRO,-13,45,-7,ACC,2,3,256,ADC,1220,389,3,1,"
15.5500,heen,0,MM0 ?A
15.5500,heen,0,MM1 ?A
15.5500,heen,0,MM0 A=0:0
15.5500,heen,0,MM1 A=0:0
15.6006,heen,0,"#227,YAW,0.02,GYRO,-13,45,-3,ACC,1,2,255,ADC,1217,398,5,2,"
15.6006,heen,0,MM0 ?AI
15.6006,heen,0,MM1 ?AI
15.6007,heen,0,MM0 AI=0:0:2429:2421:0:0
15.6007,heen,0,MM1 AI=0:0:2350:2323:0:0
15.6007,heen,0,MM1 !M 0 0
15.6007,heen,0,MM0 !M 0 0
15.6007,heen,0,MM1 +
15.6007,heen,0,MM0 +
15.6007,heen,0,"#228,YAW,0.02,GYRO,-13,45,-5,ACC,1,2,258,ADC,1239,384,5,2,"
15.6007,heen,0,MM0 ?C
15.6007,heen,0,MM1 ?C
15.6007,heen,0,MM0 C=2349:-2356
15.6007,heen,0,MM1 C=2302:-2287
15.6509,heen,0,"#229,YAW,0.02,GYRO,-12,46,-8,ACC,0,0,256,ADC,1263,401,4,2,"
15.6509,heen,0,MM1 ?D
15.6509,heen,0,MM0 ?D
15.6509,heen,0,MM0 D=18
15.6509,heen,0,MM1 D=0
15.6509,heen,0,"#230,YAW,0.02,GYRO,-12,47,-8,ACC,4,3,260,ADC,1277,499,6,2,"
15.6509,heen,0,MM0 ?FF
15.6509,heen,0,MM1 ?FF
15.6509,heen,0,MM0 FF=0
15.6509,heen,0,MM1 FF=0
15.6509,heen,0,"$GPRMC,113707.4,A,5050.51595,N,00419.37488,E,000.22,002.3,081026,000.4,E*56"
15.6509,heen,0,MM0 !M 0 0
15.6509,heen,0,MM1 !M 0 0
15.6509,heen,0,MM0 +
15.6510,heen,0,MM1 +
15.6510,heen,0,"#231,YAW,0.02,GYRO,-12,47,-8,ACC,4,0,257,ADC,1263,308,9,2,"
15.6510,heen,0,MM0 ?P
15.6510,heen,0,MM1 ?P
15.6510,heen,0,MM0 P=0:0
15.6510,heen,0,MM1 P=0:0
15.7010,heen,0,"#232,YAW,0.02,GYRO,-13,48,-5,ACC,-2,1,256,ADC,1286,498,5,1,"
15.7011,heen,0,MM0 ?S
15.7011,heen,0,MM1 ?S
15.7011,heen,0,MM0 S=0:0
15.7011,heen,0,MM1 S=0:0
15.7011,heen,0,MM0 !M 0 0
15.7011,heen,0,MM1 !M 0 0
15.7011,heen,0,MM0 +
15.7011,heen,0,MM1 +
15.7011,heen,0,"#233,YAW,0.02,GYRO,-11,47,-5,ACC,3,1,258,ADC,1299,387,6,1,"
15.7011,heen,0,MM0 ?T
15.7011,heen,0,MM1 ?T
15.7011,heen,0,MM0 T=35:34
15.7011,heen,0,MM1 T=36:33
15.7522,heen,0,"#234,YAW,0.02,GYRO,-14,46,-5,ACC,3,3,259,ADC,1228,380,5,2,"
15.7523,heen,0,MM0 ?V
15.7523,heen,0,MM1 ?V
15.7523,heen,0,MM0 V=120:227:4905
15.7523,heen,0,MM1 V=120:227:4894
15.7523,heen,0,"#235,YAW,0.02,GYRO,-14,45,-6,ACC,5,2,257,ADC,1231,386,7,2,"
15.7523,heen,0,MM0 ?CR
15.7523,heen,0,MM1 ?CR
15.7523,heen,0,MM0 CR=0:0
15.7523,heen,0,MM1 CR=0:0
15.7523,heen,0,MM1 !M 0 0
15.7523,heen,0,MM0 !M 0 0
15.7523,heen,0,MM1 +
15.7523,heen,0,MM0 +
15.7523,heen,0,"#236,YAW,0.02,GYRO,-12,46,-9,ACC,1,-2,258,ADC,1253,494,9,2,"
15.7523,heen,0,MM0 ?A
15.7523,heen,0,MM1 ?A
15.7523,heen,0,MM0 A=0:0
15.7523,heen,0,MM1 A=0:0
15.8040,heen,0,"#237,YAW,0.02,GYRO,-11,46,-7,ACC,2,2,256,ADC,1247,381,3,1,"
15.8040,heen,0,MM0 ?AI
15.8040,heen,0,MM1 ?AI
15.8040,heen,0,MM0 AI=0:0:2426:2421:0:0
15.8040,heen,0,MM1 AI=0:0:2335:2330:0:0
15.8040,heen,0,MM0 !M 0 0
15.8040,heen,0,MM1 !M 0 0
15.8040,heen,0,MM0 +
15.8040,heen,0,MM1 +
15.8040,heen,0,"#238,YAW,0.02,GYRO,-12,47,-5,ACC,1,2,259,ADC,1201,379,7,1,"
15.8040,heen,0,MM0 ?C
15.8040,heen,0,MM1 ?C
15.8041,heen,0,MM0 C=2349:-2356
15.8041,heen,0,MM1 C=2302:-2287
15.8528,heen,0,"#239,YAW,0.02,GYRO,-10,46,-6,ACC,5,1,261,ADC,1235,384,6,2,"
15.8529,heen,0,MM0 ?D
15.8529,heen,0,MM1 ?D
15.8529,heen,0,MM0 D=18
15.8529,heen,0,MM1 D=0
15.8529,heen,0,"#240,YAW,0.02,GYRO,-12,44,-6,ACC,3,1,256,ADC,1268,385,7,3,"
15.8529,heen,0,MM0 ?FF
15.8529,heen,0,MM1 ?FF
15.8529,heen,0,MM0 FF=0
15.8529,heen,0,MM1 FF=0
15.8529,heen,0,"$GPRMC,113707.6,A,5050.51584,N,00419.37490,E,000.20,002.3,081026,000.4,E*5F"
15.8529,heen,0,MM1 !M 0 0
15.8529,heen,0,MM0 !M 0 0
15.8529,heen,0,MM1 +
15.8529,heen,0,MM0 +
15.8529,heen,0,"#241,YAW,0.02,GYRO,-11,46,-7,ACC,4,2,258,ADC,1218,280,6,2,"
15.8529,heen,0,MM0 ?P
15.8529,heen,0,MM1 ?P
15.8529,heen,0,MM0 P=0:0
15.8529,heen,0,MM1 P=0:0
15.9038,heen,0,"#242,YAW,0.02,GYRO,-12,44,-8,ACC,3,2,257,ADC,1264,401,5,2,"
15.9038,heen,0,MM0 ?S
15.9038,heen,0,MM1 ?S
15.9038,heen,0,MM0 S=0:0
15.9038,heen,0,MM1 S=0:0
15.9038,heen,0,MM1 !M 0 0
15.9038,heen,0,MM0 !M 0 0
15.9038,heen,0,MM1 +
15.9038,heen,0,MM0 +
15.9038,heen,0,"#243,YAW,0.02,GYRO,-11,46,-6,ACC,4,1,259,ADC,1256,382,5,2,"
15.9038,heen,0,MM0 ?T
15.9038,heen,0,MM1 ?T
15.9038,heen,0,MM0 T=35:34
15.9038,heen,0,MM1 T=36:33
15.9542,heen,0,"#244,YAW,0.02,GYRO,-12,45,-5,ACC,5,0,252,ADC,1292,388,5,2,"
15.9543,heen,0,MM0 ?V
15.9543,heen,0,MM1 ?V
15.9543,heen,0,MM0 V=120:227:4904
15.9543,heen,0,MM1 V=120:227:4895
15.9543,heen,0,"#245,YAW,0.02,GYRO,-12,47,-5,ACC,2,2,257,ADC,1205,382,4,2,"
15.9543,heen,0,MM0 ?CR
15.9543,heen,0,MM1 ?CR
15.9543,heen,0,MM0 CR=0:0
15.9543,heen,0,MM1 CR=0:0
15.9543,heen,0,MM1 !M 0 0
15.9543,heen,0,MM0 !M 0 0
15.9543,heen,0,MM1 +
15.9543,heen,0,MM0 +
15.9543,heen,0,"#246,YAW,0.02,GYRO,-12,46,-5,ACC,1,3,258,ADC,1263,499,8,2,"
15.9543,heen,0,MM0 ?A
15.9543,heen,0,MM1 ?A
15.9543,heen,0,MM0 A=0:0
15.9543,heen,0,MM1 A=0:0
16.0070,heen,0,"#247,YAW,0.02,GYRO,-12,46,-7,ACC,1,1,256,ADC,1210,379,4,2,"
16.0071,heen,0,MM0 ?AI
16.0071,heen,0,MM1 ?AI
16.0071,heen,0,MM0 AI=0:0:2409:2435:0:0
16.0071,heen,0,MM1 AI=0:0:2340:2318:0:0
16.0071,heen,0,MM1 !M 0 0
16.0071,heen,0,MM0 !M 0 0
16.0071,heen,0,MM1 +
16.0071,heen,0,MM0 +
16.0071,heen,0,"#248,YAW,0.02,GYRO,-12,46,-5,ACC,2,1,257,ADC,1270,360,4,2,"
16.0071,heen,0,MM0 ?C
16.0071,heen,0,MM1 ?C
16.0071,heen,0,MM0 C=2349:-2356
16.0071,heen,0,MM1 C=2302:-2287
16.0071,heen,0,"#249,YAW,0.01,GYRO,-12,47,-5,ACC,3,4,256,ADC,1234,389,4,2,"
16.0071,heen,0,MM0 ?D
16.0547,heen,0,MM1 ?D
16.0547,heen,0,MM0 D=18
16.0548,heen,0,MM1 D=0
16.0548,heen,0,"#250,YAW,0.01,GYRO,-12,46,-6,ACC,2,2,263,ADC,1223,395,4,2,"
16.0548,heen,0,MM0 ?FF
16.0548,heen,0,MM1 ?FF
16.0548,heen,0,MM0 FF=0
16.0548,heen,0,MM1 FF=0
16.0548,heen,0,"$GPRMC,113707.8,A,5050.51574,N,00419.37500,E,000.20,002.3,081026,000.4,E*56"
16.0548,heen,0,MM0 !M -82 38
16.0548,heen,0,MM1 !M -82 38
16.0548,heen,0,MM0 +
16.0549,heen,0,MM1 +
16.0549,heen,0,"#251,YAW,0.01,GYRO,-12,48,-6,ACC,-7,10,260,ADC,1292,381,4,1,"
16.0549,heen,0,MM0 ?P
16.0549,heen,0,MM1 ?P
16.0549,heen,0,MM0 P=-82:38
16.0549,heen,0,MM1 P=-82:38
16.0889,heen,0,"#252,YAW,0.01,GYRO,-11,87,13,ACC,-1,-2,274,ADC,1255,375,4,2,"
16.0890,heen,0,MM0 !M 0 0
16.0890,heen,0,MM0 +
16.0890,heen,0,MM1 !M 0 0
16.0890,heen,0,MM1 +
16.0890,heen,0,MM0 ?S
16.0890,heen,0,MM1 ?S
16.0890,heen,0,MM0 S=0:75
16.0890,heen,0,MM1 S=0:0
16.0890,heen,0,MM1 !M 0 0
16.0890,heen,0,MM0 !M 0 0
16.0890,heen,0,MM1 +
16.0890,heen,0,MM0 +
16.0890,heen,0,"#253,YAW,0.01,GYRO,-29,-26,22,ACC,18,-1,254,ADC,1266,382,5,1,"
16.0890,heen,0,MM0 ?T
16.0890,heen,0,MM1 ?T
16.0890,heen,0,MM0 T=35:34
16.1098,heen,0,MM1 T=35:33
16.1099,heen,0,"#254,YAW,0.01,GYRO,-1,81,-23,ACC,0,6,269,ADC,1253,406,4,2,"
16.1099,heen,0,MM0 ?V
16.1099,heen,0,MM1 ?V
16.1099,heen,0,MM0 V=120:223:4905
16.1439,heen,0,MM1 V=120:226:4895
16.1439,heen,0,MM1 !M 0 0
16.1439,heen,0,MM0 !M 0 0
16.1439,heen,0,MM1 +
16.1439,heen,0,MM0 +
16.1439,heen,0,"#255,YAW,0.01,GYRO,-10,51,-41,ACC,7,6,273,ADC,1246,497,6,2,"
16.1439,heen,0,MM0 ?CR
16.1439,heen,0,MM1 ?CR
16.1439,heen,0,MM1 CR=-1:0
16.1439,heen,0,MM0 CR=0:1
16.1648,heen,0,"#0,YAW,0.01,GYRO,-11,24,-28,ACC,19,3,241,ADC,1278,396,5,2,"
16.1649,heen,0,MM0 ?A
16.1649,heen,0,MM1 ?A
16.1649,heen,0,MM0 A=0:0
16.1649,heen,0,MM1 A=0:0
16.1990,heen,0,"#1,YAW,0.01,GYRO,-10,61,2,ACC,8,1,264,ADC,1263,500,5,2,"
16.1990,heen,0,MM0 ?AI
16.1990,heen,0,MM1 ?AI
16.1990,heen,0,MM0 AI=0:0:2409:2425:0:0
16.1990,heen,0,MM1 AI=0:0:2320:2347:0:0
16.1990,heen,0,MM0 !M 0 0
16.1990,heen,0,MM1 !M 0 0
16.1990,heen,0,MM0 +
16.1990,heen,0,MM1 +
16.1990,heen,0,"#2,YAW,0.01,GYRO,-15,31,15,ACC,8,0,258,ADC,1275,501,6,2,"
16.1990,heen,0,MM0 ?C
16.1990,heen,0,MM1 ?C
16.1990,heen,0,MM0 C=2349:-2355
16.1991,heen,0,MM1 C=2301:-2287
16.2523,heen,0,"#3,YAW,0.01,GYRO,-10,54,8,ACC,7,0,250,ADC,1252,388,5,2,"
16.2524,heen,0,MM0 ?D
16.2524,heen,0,MM1 ?D
16.2524,heen,0,MM0 D=50
16.2524,heen,0,MM1 D=2
16.2524,heen,0,"#4,YAW,0.01,GYRO,-14,45,-11,ACC,8,0,263,ADC,1247,406,4,2,"
16.2524,heen,0,MM0 ?FF
16.2524,heen,0,MM1 ?FF
16.2524,heen,0,MM1 FF=0
16.2524,heen,0,MM0 FF=0
16.2524,heen,0,"$GPRMC,113708.0,A,5050.51565,N,00419.37507,E,000.21,002.3,081026,000.4,E*57"
16.2524,heen,0,MM0 !M 0 0
16.2524,heen,0,MM1 !M 0 0
16.2524,heen,0,MM0 +
16.2524,heen,0,MM1 +
16.2524,heen,0,"#5,YAW,0.01,GYRO,-13,45,-23,ACC,3,2,256,ADC,1255,501,5,1,"
16.2524,heen,0,MM0 ?P
16.2525,heen,0,MM1 ?P
16.2525,heen,0,MM0 P=0:0
16.2525,heen,0,MM1 P=0:0
16.2722,heen,0,"#6,YAW,0.01,GYRO,-11,48,-20,ACC,1,7,260,ADC,1256,391,4,2,"
16.2722,heen,0,MM0 ?S
16.2722,heen,0,MM1 ?S
16.2722,heen,0,MM0 S=0:0
16.2722,heen,0,MM1 S=0:0
16.2933,heen,0,"#7,YAW,0.01,GYRO,-12,46,-2,ACC,3,4,256,ADC,1299,499,5,1,"
16.2933,heen,0,MM0 ?T
16.2933,heen,0,MM1 ?T
16.2933,heen,0,MM0 T=35:34
16.2933,heen,0,MM1 T=36:33
16.2933,heen,0,MM0 !M 0 0
16.2933,heen,0,MM1 !M 0 0
16.2933,heen,0,MM0 +
16.2933,heen,0,MM1 +
16.3138,heen,0,"#8,YAW,0.01,GYRO,-14,48,6,ACC,1,1,260,ADC,1236,380,5,2,"
16.3138,heen,0,MM1 ?V
16.3138,heen,0,MM0 ?V
16.3138,heen,0,MM0 V=120:227:4906
16.3138,heen,0,MM1 V=120:226:4895
16.3640,heen,0,"#9,YAW,0.01,GYRO,-12,48,10,ACC,-2,1,259,ADC,1265,385,5,2,"
16.3640,heen,0,MM1 ?CR
16.3640,heen,0,MM0 ?CR
16.3640,heen,0,MM1 CR=0:0
16.3640,heen,0,MM0 CR=0:0
16.3640,heen,0,MM0 !M 0 0
16.3640,heen,0,MM1 !M 0 0
16.3640,heen,0,MM0 +
16.3640,heen,0,MM1 +
16.3640,heen,0,"#10,YAW,0.01,GYRO,-14,45,0,ACC,-3,1,258,ADC,1226,385,4,2,"
16.3641,heen,0,MM0 ?A
16.3641,heen,0,MM1 ?A
16.3641,heen,0,MM0 A=0:0
16.3641,heen,0,MM1 A=0:0
16.3977,heen,0,"#11,YAW,0.01,GYRO,-10,50,-12,ACC,-4,1,255,ADC,1246,390,3,1,"
16.3978,heen,0,MM1 ?AI
16.3978,heen,0,MM0 ?AI
16.3978,heen,0,MM1 AI=0:0:2339:2320:0:0
16.3978,heen,0,MM0 AI=0:0:2401:2417:0:0
16.3978,heen,0,MM0 !M 0 0
16.3978,heen,0,MM1 !M 0 0
16.3978,heen,0,MM0 +
16.3978,heen,0,MM1 +
16.3978,heen,0,"#12,YAW,0.01,GYRO,-12,42,-17,ACC,2,1,256,ADC,1294,500,4,1,"
16.3978,heen,0,MM0 ?C
16.3978,heen,0,MM1 ?C
16.3978,heen,0,MM0 C=2349:-2355
16.3978,heen,0,MM1 C=2301:-2287
16.4556,heen,0,"#13,YAW,0.01,GYRO,-12,45,-10,ACC,2,1,255,ADC,1212,386,6,2,"
16.4557,heen,0,MM0 ?D
16.4557,heen,0,MM1 ?D
16.4557,heen,0,MM0 D=50
16.4557,heen,0,MM1 D=2
16.4557,heen,0,"#14,YAW,0.01,GYRO,-12,44,-3,ACC,2,5,261,ADC,1253,389,5,1,"
16.4557,heen,0,MM1 ?FF
16.4557,heen,0,MM0 ?FF
16.4557,heen,0,MM1 FF=0
16.4557,heen,0,MM0 FF=0
16.4557,heen,0,"$GPRMC,113708.2,A,5050.51558,N,00419.37507,E,000.24,002.3,081026,000.4,E*5E"
16.4557,heen,0,MM0 !M 0 0
16.4557,heen,0,MM1 !M 0 0
16.4557,heen,0,MM0 +
16.4557,heen,0,MM1 +
16.4557,heen,0,"#15,YAW,0.01,GYRO,-12,46,-5,ACC,5,0,254,ADC,1250,389,7,1,"
16.4557,heen,0,MM1 ?P
16.4557,heen,0,MM0 ?P
16.4557,heen,0,MM1 P=0:0
16.4557,heen,0,MM0 P=0:0
16.4750,heen,0,"#16,YAW,0.01,GYRO,-12,47,-8,ACC,5,4,261,ADC,1266,498,5,3,"
16.4750,heen,0,MM1 ?S
16.4750,heen,0,MM0 ?S
16.4751,heen,0,MM1 S=0:0
16.4751,heen,0,MM0 S=0:0
16.4751,heen,0,MM1 !M 0 0
16.4751,heen,0,MM0 !M 0 0
16.4751,heen,0,MM1 +
16.4751,heen,0,MM0 +
16.4961,heen,0,"#17,YAW,0.01,GYRO,-11,45,-7,ACC,10,0,255,ADC,1228,386,4,2,"
16.4961,heen,0,MM1 ?T
16.4961,heen,0,MM0 ?T
16.4962,heen,0,MM1 T=36:33
16.4962,heen,0,MM0 T=35:34
16.5165,heen,0,"#18,YAW,0.01,GYRO,-11,45,-9,ACC,3,3,260,ADC,1213,382,4,1,"
16.5166,heen,0,MM1 ?V
16.5166,heen,0,MM0 ?V
16.5166,heen,0,MM1 V=120:226:4895
16.5166,heen,0,MM0 V=120:227:4907
16.5508,heen,0,"#19,YAW,0.01,GYRO,-14,46,-7,ACC,5,1,256,ADC,1257,384,5,2,"
16.5508,heen,0,MM0 ?CR
16.5508,heen,0,MM1 ?CR
16.5508,heen,0,MM1 CR=0:0
16.5508,heen,0,MM0 CR=0:0
16.5508,heen,0,MM0 !M 0 0
16.5508,heen,0,MM1 !M 0 0
16.5508,heen,0,MM0 +
16.5508,heen,0,MM1 +
16.5508,heen,0,"#20,YAW,0.01,GYRO,-11,45,-5,ACC,5,0,258,ADC,1235,382,8,2,"
16.5508,heen,0,MM1 ?A
16.5508,heen,0,MM0 ?A
16.5508,heen,0,MM1 A=0:0
16.5508,heen,0,MM0 A=0:0
16.6050,heen,0,"#21,YAW,0.01,GYRO,-12,45,-5,ACC,7,2,254,ADC,1239,383,5,2,"
16.6050,heen,0,MM1 ?AI
16.6050,heen,0,MM0 ?AI
16.6050,heen,0,MM1 AI=0:0:2320:2328:0:0
16.6051,heen,0,MM0 AI=0:0:2404:2418:0:0
16.6051,heen,0,MM0 !M 0 0
16.6051,heen,0,MM1 !M 0 0
16.6051,heen,0,MM0 +
16.6051,heen,0,MM1 +
16.6051,heen,0,"#22,YAW,0.01,GYRO,-11,47,-5,ACC,4,1,255,ADC,1198,379,6,2,"
16.6051,heen,0,MM1 ?C
16.6051,heen,0,MM0 ?C
16.6051,heen,0,MM1 C=2301:-2287
16.6051,heen,0,MM0 C=2349:-2355
16.6526,heen,0,"#23,YAW,0.01,GYRO,-13,46,-5,ACC,3,3,261,ADC,1221,497,2,1,"
16.6526,heen,0,MM1 ?D
16.6526,heen,0,MM0 ?D
16.6526,heen,0,MM0 D=50
16.6526,heen,0,MM1 D=2
16.6526,heen,0,"#24,YAW,0.01,GYRO,-11,46,-3,ACC,4,2,257,ADC,1222,495,5,1,"
16.6526,heen,0,"$GPRMC,113708.4,A,5050.51557,N,00419.37508,E,000.24,002.3,081026,000.4,E*58"
16.6526,heen,0,MM0 ?FF
16.6526,heen,0,MM1 ?FF
16.6526,heen,0,MM1 FF=0
16.6526,heen,0,MM0 FF=0
16.6526,heen,0,MM0 !M 0 0
16.6526,heen,0,MM1 !M 0 0
16.6526,heen,0,MM0 +
16.6527,heen,0,MM1 +
16.6527,heen,0,"#25,YAW,0.01,GYRO,-11,44,-7,ACC,2,1,259,ADC,1270,385,5,2,"
16.6527,heen,0,MM1 ?P
16.6527,heen,0,MM0 ?P
16.6527,heen,0,MM1 P=0:0
16.6527,heen,0,MM0 P=0:0
16.7059,heen,0,"#26,YAW,0.01,GYRO,-12,46,-9,ACC,4,0,256,ADC,1273,391,5,3,"
16.7060,heen,0,MM1 ?S
16.7060,heen,0,MM0 ?S
16.7060,heen,0,MM1 S=0:0
16.7060,heen,0,MM0 S=0:0
16.7060,heen,0,MM1 !M 0 0
16.7060,heen,0,MM0 !M 0 0
16.7060,heen,0,MM1 +
16.7060,heen,0,MM0 +
16.7060,heen,0,"#27,YAW,0.01,GYRO,-11,47,-9,ACC,4,3,260,ADC,1245,309,4,1,"
16.7060,heen,0,MM1 ?T
16.7060,heen,0,MM0 ?T
16.7060,heen,0,MM1 T=36:33
16.7060,heen,0,MM0 T=35:34
16.7060,heen,0,"#28,YAW,0.01,GYRO,-11,45,-8,ACC,3,4,256,ADC,1264,395,4,2,"
16.7547,heen,0,MM1 ?V
16.7547,heen,0,MM0 ?V
16.7547,heen,0,MM1 V=120:226:4895
16.7548,heen,0,MM0 V=120:227:4906
16.7548,heen,0,"#29,YAW,0.01,GYRO,-11,44,-5,ACC,3,4,261,ADC,1221,381,5,1,"
16.7549,heen,0,MM1 ?CR
16.7549,heen,0,MM0 ?CR
16.7549,heen,0,MM1 CR=0:0
16.7549,heen,0,MM0 CR=0:0
16.7549,heen,0,MM0 !M 0 0
16.7549,heen,0,MM1 !M 0 0
16.7549,heen,0,MM0 +
16.7549,heen,0,MM1 +
16.7549,heen,0,"#30,YAW,0.00,GYRO,-12,48,-5,ACC,2,0,257,ADC,1248,386,5,1,"
16.7549,heen,0,MM1 ?A
16.7549,heen,0,MM0 ?A
16.7549,heen,0,MM1 A=0:0
16.7549,heen,0,MM0 A=0:0
16.8050,heen,0,"#31,YAW,0.00,GYRO,-12,48,-8,ACC,4,0,254,ADC,1285,382,4,1,"
16.8050,heen,0,MM1 ?AI
16.8050,heen,0,MM0 ?AI
16.8050,heen,0,MM1 AI=0:0:2316:2314:0:0
16.8050,heen,0,MM0 AI=0:0:2406:2419:0:0
16.8050,heen,0,MM0 !M 0 0
16.8050,heen,0,MM1 !M 0 0
16.8050,heen,0,MM0 +
16.8050,heen,0,MM1 +
16.8050,heen,0,"#32,YAW,0.00,GYRO,-13,47,-6,ACC,4,2,259,ADC,1252,402,4,2,"
16.8050,heen,0,MM1 ?C
16.8050,heen,0,MM0 ?C
16.8050,heen,0,MM1 C=2301:-2287
16.8051,heen,0,MM0 C=2349:-2355
16.8612,heen,0,"#33,YAW,0.00,GYRO,-11,46,-6,ACC,1,2,254,ADC,1267,501,6,2,"
16.8612,heen,0,MM1 ?D
16.8612,heen,0,MM0 ?D
16.8612,heen,0,MM0 D=50
16.8612,heen,0,MM1 D=2
16.8612,heen,0,"#34,YAW,0.00,GYRO,-11,47,-5,ACC,2,5,256,ADC,1224,380,5,2,"
16.8613,heen,0,MM1 ?FF
16.8613,heen,0,MM0 ?FF
16.8613,heen,0,MM1 FF=0
16.8613,heen,0,MM0 FF=0
16.8613,heen,0,"$GPRMC,113708.6,A,5050.51556,N,00419.37509,E,000.24,002.3,081026,000.4,E*5A"
16.8613,heen,0,MM0 !M 0 0
16.8613,heen,0,MM1 !M 0 0
16.8613,heen,0,MM0 +
16.8613,heen,0,MM1 +
16.8613,heen,0,"#35,YAW,0.00,GYRO,-10,46,-4,ACC,5,4,258,ADC,1198,380,5,2,"
16.8613,heen,0,MM1 ?P
16.8613,heen,0,MM0 ?P
16.8613,heen,0,MM1 P=0:0
16.8613,heen,0,MM0 P=0:0
16.8788,heen,0,"#36,YAW,0.00,GYRO,-12,48,-6,ACC,2,2,256,ADC,1312,502,7,2,"
16.8788,heen,0,MM1 ?S
16.8788,heen,0,MM0 ?S
16.8788,heen,0,MM1 S=0:0
16.8788,heen,0,MM0 S=0:0
16.8788,heen,0,MM0 !M 0 0
16.8788,heen,0,MM1 !M 0 0
16.8788,heen,0,MM0 +
16.8788,heen,0,MM1 +
16.8994,heen,0,"#37,YAW,0.00,GYRO,-11,47,-8,ACC,4,1,256,ADC,1243,384,7,2,"
16.8994,heen,0,MM1 ?T
16.8994,heen,0,MM0 ?T
16.8994,heen,0,MM1 T=36:33
16.8994,heen,0,MM0 T=35:34
16.9207,heen,0,"#38,YAW,0.00,GYRO,-12,45,-7,ACC,1,2,255,ADC,1222,400,5,2,"
16.9207,heen,0,MM1 ?V
16.9207,heen,0,MM0 ?V
16.9207,heen,0,MM1 V=120:227:4896
16.9208,heen,0,MM0 V=120:226:4906
16.9548,heen,0,"#39,YAW,0.00,GYRO,-13,46,-6,ACC,7,2,258,ADC,1236,492,5,2,"
16.9548,heen,0,MM1 ?CR
16.9548,heen,0,MM0 ?CR
16.9548,heen,0,MM1 CR=0:0
16.9548,heen,0,MM0 CR=0:0
16.9548,heen,0,MM1 !M 0 0
16.9548,heen,0,MM0 !M 0 0
16.9548,heen,0,MM1 +
16.9548,heen,0,MM0 +
16.9548,heen,0,"#40,YAW,0.00,GYRO,-12,45,-6,ACC,1,2,255,ADC,1260,392,5,1,"
16.9549,heen,0,MM1 ?A
16.9549,heen,0,MM0 ?A
16.9549,heen,0,MM1 A=0:0
16.9549,heen,0,MM0 A=0:0
17.0069,heen,0,"#41,YAW,0.00,GYRO,-11,47,-6,ACC,6,1,260,ADC,1288,399,4,1,"
17.0069,heen,0,MM0 ?AI
17.0069,heen,0,MM1 ?AI
17.0069,heen,0,MM0 AI=0:0:2402:2438:0:0
17.0069,heen,0,MM1 AI=0:0:2313:2323:0:0
17.0069,heen,0,MM0 !M 0 0
17.0069,heen,0,MM1 !M 0 0
17.0069,heen,0,MM0 +
17.0069,heen,0,MM1 +
17.0069,heen,0,"#42,YAW,0.00,GYRO,-12,46,-5,ACC,3,3,260,ADC,1224,314,6,2,"
17.0069,heen,0,MM1 ?C
17.0069,heen,0,MM0 ?C
17.0069,heen,0,MM1 C=2301:-2287
17.0070,heen,0,MM0 C=2349:-2355
17.0070,heen,0,"#43,YAW,0.00,GYRO,-12,45,-7,ACC,3,2,257,ADC,1221,380,5,1,"
17.0070,heen,0,MM1 ?D
17.0568,heen,-60,MM0 ?D
17.0568,heen,-60,MM0 D=50
17.0568,heen,-60,MM1 D=2
17.0568,heen,-60,"#44,YAW,0.00,GYRO,-12,46,-6,ACC,1,1,253,ADC,1232,383,6,2,"
17.0569,heen,-60,MM0 ?FF
17.0569,heen,-60,MM1 ?FF
17.0569,heen,-60,MM0 FF=0
17.0569,heen,-60,MM1 FF=0
17.0569,heen,-60,"$GPRMC,113708.8,A,5050.51555,N,00419.37510,E,000.24,002.3,081026,000.4,E*5F"
17.0569,heen,-60,MM0 !M -83 37
17.0569,heen,-60,MM1 !M -83 37
17.0569,heen,-60,MM0 +
17.0569,heen,-60,MM1 +
17.0569,heen,-60,"#45,YAW,0.00,GYRO,-11,46,-6,ACC,-2,4,255,ADC,1275,381,5,1,"
17.0569,heen,-60,MM0 ?P
17.0569,heen,-60,MM1 ?P
17.0569,heen,-60,MM0 P=-83:37
17.0569,heen,-60,MM1 P=-83:37
17.1235,heen,0,"#46,YAW,-0.00,GYRO,-4,74,26,ACC,-13,0,284,ADC,1255,388,6,1,"
17.1236,heen,0,MM1 ?S
17.1236,heen,0,MM0 ?S
17.1236,heen,0,MM1 S=0:0
17.1236,heen,0,MM0 S=-75:0
17.1236,heen,0,MM0 !M -83 37
17.1236,heen,0,MM1 !M -83 37
17.1236,heen,0,MM0 +
17.1236,heen,0,MM1 +
17.1236,heen,0,"#47,YAW,-0.00,GYRO,-21,20,31,ACC,-10,2,252,ADC,1238,335,5,1,"
17.1236,heen,0,MM1 ?T
17.1236,heen,0,MM0 ?T
17.1236,heen,0,MM1 T=36:33
17.1236,heen,0,MM0 T=35:34
17.1236,heen,0,MM0 !M 0 0
17.1236,heen,0,MM1 !M 0 0
17.1236,heen,0,MM0 +
17.1236,heen,0,MM1 +
17.1236,heen,0,MM0 !M 0 0
17.1236,heen,0,MM1 !M 0 0
17.1236,heen,0,MM0 +
17.1236,heen,0,MM1 +
17.1236,heen,0,"#48,YAW,-0.00,GYRO,-4,66,6,ACC,-2,0,251,ADC,1246,395,7,2,"
17.1236,heen,0,MM0 ?V
17.1236,heen,0,MM1 ?V
17.1236,heen,0,MM0 V=120:227:4907
17.1236,heen,0,MM1 V=120:226:4896
17.1622,heen,0,"#49,YAW,-0.00,GYRO,-18,-14,-38,ACC,4,9,243,ADC,1266,395,4,2,"
17.1622,heen,0,MM0 ?CR
17.1622,heen,0,MM1 ?CR
17.1622,heen,0,MM0 CR=-1:0
17.1622,heen,0,MM1 CR=-1:2
17.1622,heen,0,MM0 !M 0 0
17.1622,heen,0,MM1 !M 0 0
17.1623,heen,0,MM0 +
17.1623,heen,0,MM1 +
17.1623,heen,0,"#50,YAW,-0.00,GYRO,-7,71,-65,ACC,20,5,263,ADC,1268,387,6,2,"
17.1623,heen,0,MM0 ?A
17.1623,heen,0,MM1 ?A
17.1623,heen,0,MM0 A=0:0
17.1623,heen,0,MM1 A=0:0
17.1829,heen,0,"#51,YAW,0.00,GYRO,-12,43,-40,ACC,20,4,262,ADC,1232,388,5,2,"
17.1830,heen,0,MM0 ?AI
17.1830,heen,0,MM1 ?AI
17.1830,heen,0,MM0 AI=0:0:2414:2422:0:0
17.1830,heen,0,MM1 AI=0:0:2346:2357:0:0
17.2194,heen,0,"#52,YAW,-0.00,GYRO,-11,42,8,ACC,21,2,260,ADC,1289,400,4,2,"
17.2194,heen,0,MM0 ?C
17.2194,heen,0,MM1 ?C
17.2194,heen,0,MM0 C=2348:-2355
17.2194,heen,0,MM1 C=2300:-2285
17.2194,heen,0,MM0 !M 0 0
17.2195,heen,0,MM1 !M 0 0
17.2195,heen,0,MM0 +
17.2195,heen,0,MM1 +
17.2195,heen,0,"#53,YAW,-0.00,GYRO,-11,60,31,ACC,18,0,257,ADC,1218,389,6,2,"
17.2195,heen,0,MM0 ?D
17.2195,heen,0,MM1 ?D
17.2195,heen,0,MM0 D=51
17.2195,heen,0,MM1 D=51
17.2718,heen,0,"#54,YAW,-0.00,GYRO,-15,39,16,ACC,14,1,255,ADC,1284,393,5,2,"
17.2719,heen,0,MM0 ?FF
17.2719,heen,0,MM1 ?FF
17.2719,heen,0,MM0 FF=0
17.2719,heen,0,MM1 FF=0
17.2719,heen,0,"$GPRMC,113709.0,A,5050.51553,N,00419.37511,E,000.24,002.3,081026,000.4,E*51"
17.2719,heen,0,"#55,YAW,-0.00,GYRO,-7,59,-11,ACC,11,0,266,ADC,1284,500,7,1,"
17.2719,heen,0,MM0 ?P
17.2719,heen,0,MM1 ?P
17.2719,heen,0,MM0 P=0:0
17.2719,heen,0,MM1 P=0:0
17.2719,heen,0,MM0 !M 0 0
17.2719,heen,0,MM1 !M 0 0
17.2719,heen,0,MM0 +
17.2719,heen,0,MM1 +
17.2719,heen,0,"#56,YAW,-0.00,GYRO,-15,41,-29,ACC,6,1,257,ADC,1300,386,4,1,"
17.2719,heen,0,MM0 ?S
17.2719,heen,0,MM1 ?S
17.2720,heen,0,MM0 S=0:0
17.2720,heen,0,MM1 S=0:0
17.3213,heen,0,"#57,YAW,-0.00,GYRO,-11,47,-28,ACC,6,3,254,ADC,1268,383,5,2,"
17.3213,heen,0,MM0 ?T
17.3213,heen,0,MM1 ?T
17.3213,heen,0,MM0 T=35:34
17.3213,heen,0,MM1 T=36:33
17.3213,heen,0,MM0 !M 0 0
17.3214,heen,0,MM1 !M 0 0
17.3214,heen,0,MM0 +
17.3214,heen,0,MM1 +
17.3214,heen,0,"#58,YAW,-0.00,GYRO,-13,52,-8,ACC,2,5,262,ADC,1269,403,5,2,"
17.3214,heen,0,MM0 ?V
17.3214,heen,0,MM1 ?V
17.3214,heen,0,MM0 V=120:227:4907
17.3214,heen,0,MM1 V=120:226:4900
17.3721,heen,0,"#59,YAW,-0.00,GYRO,-11,45,22,ACC,3,0,261,ADC,1231,392,6,1,"
17.3721,heen,0,MM0 ?CR
17.3721,heen,0,MM1 ?CR
17.3721,heen,0,MM0 CR=0:0
17.3721,heen,0,MM1 CR=0:0
17.3722,heen,0,"#60,YAW,-0.00,GYRO,-11,49,24,ACC,-3,0,261,ADC,1207,380,5,3,"
17.3722,heen,0,MM0 ?A
17.3722,heen,0,MM1 ?A
17.3722,heen,0,MM0 A=0:0
17.3722,heen,0,MM1 A=0:0
17.3722,heen,0,MM0 !M 0 0
17.3722,heen,0,MM1 !M 0 0
17.3722,heen,0,MM0 +
17.3722,heen,0,MM1 +
17.3722,heen,0,"#61,YAW,-0.00,GYRO,-12,50,2,ACC,-3,0,258,ADC,1252,500,8,2,"
17.3722,heen,0,MM0 ?AI
17.3722,heen,0,MM1 ?AI
17.3722,heen,0,MM0 AI=0:0:2414:2428:0:0
17.3722,heen,0,MM1 AI=0:0:2329:2363:0:0
17.4229,heen,0,"#62,YAW,-0.00,GYRO,-10,47,-26,ACC,-3,1,258,ADC,1253,400,6,2,"
17.4229,heen,0,MM0 ?C
17.4229,heen,0,MM1 ?C
17.4229,heen,0,MM0 C=2348:-2355
17.4229,heen,0,MM1 C=2300:-2285
17.4229,heen,0,MM0 !M 0 0
17.4229,heen,0,MM1 !M 0 0
17.4229,heen,0,MM0 +
17.4229,heen,0,MM1 +
17.4229,heen,0,"#63,YAW,-0.00,GYRO,-13,40,-31,ACC,-3,2,258,ADC,1255,390,4,2,"
17.4230,heen,0,MM0 ?D
17.4230,heen,0,MM1 ?D
17.4230,heen,0,MM0 D=51
17.4230,heen,0,MM1 D=51
17.4728,heen,0,"#64,YAW,-0.00,GYRO,-13,50,-15,ACC,2,2,257,ADC,1248,503,5,1,"
17.4729,heen,0,MM0 ?FF
17.4729,heen,0,MM1 ?FF
17.4729,heen,0,MM0 FF=0
17.4729,heen,0,MM1 FF=0
17.4729,heen,0,"$GPRMC,113709.2,A,5050.51552,N,00419.37512,E,000.23,002.3,081026,000.4,E*56"
17.4729,heen,0,"#65,YAW,-0.00,GYRO,-13,44,4,ACC,1,4,260,ADC,1273,503,4,2,"
17.4729,heen,0,MM0 ?P
17.4729,heen,0,MM1 ?P
17.4729,heen,0,MM0 P=0:0
17.4729,heen,0,MM1 P=0:0
17.4729,heen,0,MM0 !M 0 0
17.4729,heen,0,MM1 !M 0 0
17.4729,heen,0,MM0 +
17.4729,heen,0,MM1 +
17.4729,heen,0,"#66,YAW,-0.01,GYRO,-12,46,5,ACC,5,4,258,ADC,1253,498,5,2,"
17.4729,heen,0,MM0 ?S
17.4729,heen,0,MM1 ?S
17.4729,heen,0,MM0 S=0:0
17.4729,heen,0,MM1 S=0:0
17.5249,heen,0,"#67,YAW,-0.01,GYRO,-14,46,-4,ACC,4,1,259,ADC,1214,385,9,2,"
17.5249,heen,0,MM0 ?T
17.5249,heen,0,MM1 ?T
17.5249,heen,0,MM0 T=35:34
17.5249,heen,0,MM1 T=36:33
17.5249,heen,0,MM1 !M 0 0
17.5249,heen,0,MM0 !M 0 0
17.5249,heen,0,MM1 +
17.5249,heen,0,MM0 +
17.5249,heen,0,"#68,YAW,-0.01,GYRO,-11,48,-14,ACC,2,1,257,ADC,1230,399,6,2,"
17.5249,heen,0,MM0 ?V
17.5249,heen,0,MM1 ?V
17.5249,heen,0,MM0 V=120:227:4909
17.5249,heen,0,MM1 V=120:225:4901
17.5733,heen,0,"#69,YAW,-0.01,GYRO,-12,47,-11,ACC,4,1,260,ADC,1261,393,5,2,"
17.5733,heen,0,MM0 ?CR
17.5733,heen,0,MM1 ?CR
17.5734,heen,0,MM0 CR=0:0
17.5734,heen,0,MM1 CR=0:0
17.5734,heen,0,"#70,YAW,-0.01,GYRO,-12,45,-4,ACC,0,4,258,ADC,1215,389,5,2,"
17.5734,heen,0,MM0 ?A
17.5734,heen,0,MM1 ?A
17.5734,heen,0,MM0 A=0:0
17.5734,heen,0,MM1 A=0:0
17.5734,heen,0,MM1 !M 0 0
17.5734,heen,0,MM0 !M 0 0
17.5734,heen,0,MM1 +
17.5734,heen,0,MM0 +
17.5734,heen,0,"#71,YAW,-0.01,GYRO,-10,46,-2,ACC,-1,0,255,ADC,1247,380,5,2,"
17.5734,heen,0,MM0 ?AI
17.5734,heen,0,MM1 ?AI
17.5734,heen,0,MM0 AI=0:0:2416:2418:0:0
17.5734,heen,0,MM1 AI=0:0:2353:2334:0:0
17.6251,heen,0,"#72,YAW,-0.01,GYRO,-11,45,-7,ACC,4,-2,257,ADC,1224,382,5,2,"
17.6251,heen,0,MM0 ?C
17.6251,heen,0,MM1 ?C
17.6251,heen,0,MM0 C=2348:-2355
17.6251,heen,0,MM1 C=2300:-2285
17.6251,heen,0,MM0 !M 0 0
17.6251,heen,0,MM1 !M 0 0
17.6251,heen,0,MM0 +
17.6251,heen,0,MM1 +
17.6251,heen,0,"#73,YAW,-0.01,GYRO,-12,45,-8,ACC,5,0,257,ADC,1255,391,5,2,"
17.6252,heen,0,MM0 ?D
17.6252,heen,0,MM1 ?D
17.6252,heen,0,MM0 D=51
17.6252,heen,0,MM1 D=51
17.6738,heen,0,"#74,YAW,-0.01,GYRO,-13,49,-8,ACC,3,4,257,ADC,1243,503,5,2,"
17.6738,heen,0,MM0 ?FF
17.6738,heen,0,MM1 ?FF
17.6738,heen,0,MM0 FF=0
17.6738,heen,0,MM1 FF=0
17.6739,heen,0,"$GPRMC,113709.4,A,5050.51551,N,00419.37513,E,000.23,002.3,081026,000.4,E*52"
17.6739,heen,0,"#75,YAW,-0.01,GYRO,-12,44,-5,ACC,3,1,257,ADC,1305,499,5,2,"
17.6739,heen,0,MM0 ?P
17.6739,heen,0,MM1 ?P
17.6739,heen,0,MM0 P=0:0
17.6739,heen,0,MM1 P=0:0
17.6739,heen,0,MM1 !M 0 0
17.6739,heen,0,MM0 !M 0 0
17.6739,heen,0,MM1 +
17.6739,heen,0,MM0 +
17.6739,heen,0,"#76,YAW,-0.01,GYRO,-12,45,-5,ACC,0,1,253,ADC,1232,382,7,2,"
17.6739,heen,0,MM0 ?S
17.6739,heen,0,MM1 ?S
17.6739,heen,0,MM0 S=0:0
17.6739,heen,0,MM1 S=0:0
17.7249,heen,0,"#77,YAW,-0.01,GYRO,-12,46,-8,ACC,1,2,260,ADC,1215,380,4,1,"
17.7249,heen,0,MM1 ?T
17.7249,heen,0,MM0 ?T
17.7249,heen,0,MM0 T=35:34
17.7249,heen,0,MM1 T=36:33
17.7250,heen,0,MM0 !M 0 0
17.7250,heen,0,MM1 !M 0 0
17.7250,heen,0,MM0 +
17.7250,heen,0,MM1 +
17.7250,heen,0,"#78,YAW,-0.01,GYRO,-13,46,-5,ACC,2,1,254,ADC,1256,385,6,2,"
17.7250,heen,0,MM0 ?V
17.7250,heen,0,MM1 ?V
17.7250,heen,0,MM0 V=120:227:4909
17.7250,heen,0,MM1 V=120:226:4902
17.7748,heen,0,"#79,YAW,-0.01,GYRO,-11,46,-6,ACC,-1,2,255,ADC,1292,498,7,2,"
17.7748,heen,0,MM0 ?CR
17.7748,heen,0,MM1 ?CR
17.7748,heen,0,MM0 CR=0:0
17.7748,heen,0,MM1 CR=0:0
17.7748,heen,0,"#80,YAW,-0.01,GYRO,-14,45,-4,ACC,3,2,259,ADC,1195,382,10,2,"
17.7748,heen,0,MM0 ?A
17.7748,heen,0,MM1 ?A
17.7748,heen,0,MM0 A=0:0
17.7748,heen,0,MM1 A=0:0
17.7748,heen,0,MM0 !M 0 0
17.7748,heen,0,MM1 !M 0 0
17.7748,heen,0,MM1 +
17.7748,heen,0,MM0 +
17.7748,heen,0,"#81,YAW,-0.01,GYRO,-12,45,-6,ACC,0,1,260,ADC,1246,387,4,2,"
17.7749,heen,0,MM0 ?AI
17.7749,heen,0,MM1 ?AI
17.7749,heen,0,MM0 AI=0:0:2419:2435:0:0
17.7749,heen,0,MM1 AI=0:0:2320:2307:0:0
17.8272,heen,0,"#82,YAW,-0.01,GYRO,-11,47,-7,ACC,5,1,257,ADC,1302,498,4,2,"
17.8273,heen,0,MM0 ?C
17.8273,heen,0,MM1 ?C
17.8273,heen,0,MM0 C=2348:-2355
17.8273,heen,0,MM1 C=2300:-2285
17.8273,heen,0,MM0 !M 0 0
17.8273,heen,0,MM1 !M 0 0
17.8273,heen,0,MM0 +
17.8273,heen,0,MM1 +
17.8273,heen,0,"#83,YAW,-0.01,GYRO,-13,45,-5,ACC,5,2,255,ADC,1266,322,6,2,"
17.8273,heen,0,MM0 ?D
17.8273,heen,0,MM1 ?D
17.8273,heen,0,MM0 D=51
17.8273,heen,0,MM1 D=51
17.8273,heen,0,"#84,YAW,-0.01,GYRO,-11,43,-6,ACC,2,3,261,ADC,1285,502,6,1,"
17.8758,heen,0,MM0 ?FF
17.8759,heen,0,MM1 ?FF
17.8759,heen,0,MM0 FF=0
17.8759,heen,0,MM1 FF=0
17.8759,heen,0,"$GPRMC,113709.6,A,5050.51550,N,00419.37515,E,000.23,002.3,081026,000.4,E*57"
17.8759,heen,0,"#85,YAW,-0.01,GYRO,-14,45,-7,ACC,1,1,257,ADC,1230,497,5,1,"
17.8759,heen,0,MM0 ?P
17.8759,heen,0,MM1 ?P
17.8759,heen,0,MM0 P=0:0
17.8759,heen,0,MM1 P=0:0
17.8759,heen,0,MM0 !M 0 0
17.8759,heen,0,MM1 !M 0 0
17.8759,heen,0,MM0 +
17.8759,heen,0,MM1 +
17.8759,heen,0,"#86,YAW,-0.01,GYRO,-12,46,-7,ACC,5,2,252,ADC,1285,500,5,2,"
17.8759,heen,0,MM0 ?S
17.8759,heen,0,MM1 ?S
17.8759,heen,0,MM0 S=0:0
17.8759,heen,0,MM1 S=0:0
17.8966,heen,0,"#87,YAW,-0.01,GYRO,-12,45,-6,ACC,5,3,254,ADC,1260,491,4,1,"
17.8966,heen,0,MM0 ?T
17.8966,heen,0,MM1 ?T
17.8966,heen,0,MM0 T=35:34
17.8966,heen,0,MM1 T=36:33
17.9307,heen,0,"#88,YAW,-0.01,GYRO,-13,46,-7,ACC,3,4,259,ADC,1208,382,4,2,"
17.9307,heen,0,MM0 ?V
17.9307,heen,0,MM1 ?V
17.9307,heen,0,MM0 V=120:227:4909
17.9307,heen,0,MM1 V=120:225:4903
17.9307,heen,0,MM0 !M 0 0
17.9307,heen,0,MM1 !M 0 0
17.9307,heen,0,MM0 +
17.9307,heen,0,MM1 +
17.9308,heen,0,"#89,YAW,-0.01,GYRO,-13,46,-7,ACC,-1,4,259,ADC,1284,500,5,2,"
17.9308,heen,0,MM0 ?CR
17.9308,heen,0,MM1 ?CR
17.9308,heen,0,MM0 CR=0:0
17.9308,heen,0,MM1 CR=0:0
17.9659,heen,0,MM0 !M 0 0
17.9659,heen,0,MM1 !M 0 0
17.9659,heen,0,MM0 +
17.9659,heen,0,MM1 +
17.9659,heen,0,"#90,YAW,-0.01,GYRO,-14,45,-7,ACC,1,1,257,ADC,1272,317,4,2,"
17.9659,heen,0,MM0 ?A
17.9660,heen,0,MM1 ?A
17.9660,heen,0,MM0 A=0:0
17.9660,heen,0,MM1 A=0:0
17.9660,heen,0,"#91,YAW,-0.01,GYRO,-13,46,-6,ACC,5,1,255,ADC,1249,380,5,1,"
17.9869,heen,0,MM0 ?AI
17.9869,heen,0,MM1 ?AI
17.9869,heen,0,MM0 AI=0:0:2408:2432:0:0
17.9869,heen,0,MM1 AI=0:0:2315:2344:0:0
17.9869,heen,0,"#92,YAW,-0.01,GYRO,-11,45,-6,ACC,3,3,260,ADC,1247,499,4,1,"
17.9869,heen,0,MM0 ?C
18.0233,heen,0,MM1 ?C
18.0233,heen,0,MM0 C=2348:-2355
18.0233,heen,0,MM1 C=2300:-2285
18.0233,heen,0,MM0 !M 0 0
18.0233,heen,0,MM1 !M 0 0
18.0234,heen,0,MM0 +
18.0234,heen,0,MM1 +
18.0234,heen,0,"#93,YAW,-0.01,GYRO,-10,45,-6,ACC,4,0,260,ADC,1255,499,5,2,"
18.0234,heen,0,MM0 ?D
18.0234,heen,0,MM1 ?D
18.0234,heen,0,MM0 D=51
18.0234,heen,0,MM1 D=51
18.0439,heen,-60,"#94,YAW,-0.01,GYRO,-10,44,-7,ACC,1,3,254,ADC,1246,408,4,2,"
18.0439,heen,-60,MM0 ?FF
18.0439,heen,-60,MM1 ?FF
18.0439,heen,-60,MM0 FF=0
18.0439,heen,-60,MM1 FF=0
18.0439,heen,-60,"$GPRMC,113709.8,A,5050.51549,N,00419.37516,E,000.24,002.3,081026,000.4,E*55"
18.0788,heen,-60,"#95,YAW,-0.01,GYRO,-12,44,-6,ACC,1,3,258,ADC,1265,388,4,2,"
18.0788,heen,-60,MM0 ?P
18.0788,heen,-60,MM1 ?P
18.0788,heen,-60,MM0 P=0:0
18.0788,heen,-60,MM1 P=0:0
18.0788,heen,-60,MM1 !M -84 36
18.0788,heen,-60,MM0 !M -84 36
18.0788,heen,-60,MM1 +
18.0788,heen,-60,MM0 +
18.0788,heen,-60,"#96,YAW,-0.01,GYRO,-12,47,-7,ACC,-6,0,260,ADC,1242,381,6,2,"
18.0788,heen,-60,MM0 ?S
18.0788,heen,-60,MM1 ?S
18.0789,heen,-60,MM0 S=0:0
18.0789,heen,-60,MM1 S=0:0
18.1298,heen,0,"#97,YAW,-0.01,GYRO,-7,81,26,ACC,-18,3,272,ADC,1265,500,4,3,"
18.1298,heen,0,MM0 ?T
18.1298,heen,0,MM1 ?T
18.1298,heen,0,MM0 T=35:34
18.1298,heen,0,MM1 T=36:33
18.1298,heen,0,"#98,YAW,-0.02,GYRO,-27,20,35,ACC,-12,2,251,ADC,1239,382,5,2,"
18.1299,heen,0,MM0 ?V
18.1299,heen,0,MM1 ?V
18.1299,heen,0,MM0 V=120:225:4909
18.1299,heen,0,MM1 V=120:225:4903
18.1299,heen,0,MM0 !M -85 35
18.1299,heen,0,MM1 !M -85 35
18.1299,heen,0,MM0 +
18.1299,heen,0,MM1 +
18.1299,heen,0,MM0 !M 0 0
18.1299,heen,0,MM1 !M 0 0
18.1299,heen,0,MM0 +
18.1299,heen,0,MM1 +
18.1299,heen,0,"#99,YAW,-0.02,GYRO,-8,47,14,ACC,21,-4,262,ADC,1205,395,4,1,"
18.1299,heen,0,MM0 ?CR
18.1299,heen,0,MM1 ?CR
18.1299,heen,0,MM0 CR=-1:0
18.1299,heen,0,MM1 CR=0:0
18.1507,heen,0,"#100,YAW,-0.02,GYRO,-16,40,-54,ACC,8,0,264,ADC,1291,390,5,2,"
18.1507,heen,0,MM0 ?A
18.1507,heen,0,MM1 ?A
18.1507,heen,0,MM0 A=0:0
18.1507,heen,0,MM1 A=0:0
18.2052,heen,0,MM0 !M 0 0
18.2053,heen,0,MM1 !M 0 0
18.2053,heen,0,MM0 +
18.2053,heen,0,MM1 +
18.2053,heen,0,"#101,YAW,-0.01,GYRO,-12,46,-71,ACC,19,5,258,ADC,1206,385,5,2,"
18.2053,heen,0,MM0 ?AI
18.2053,heen,0,MM1 ?AI
18.2053,heen,0,MM0 AI=0:0:2414:2431:0:0
18.2053,heen,0,MM1 AI=0:0:2324:2322:0:0
18.2053,heen,0,"#102,YAW,-0.01,GYRO,-17,23,-28,ACC,21,9,250,ADC,1259,502,6,2,"
18.2053,heen,0,MM0 ?C
18.2053,heen,0,MM1 ?C
18.2053,heen,0,MM1 C=2300:-2285
18.2053,heen,0,MM0 C=2347:-2355
18.2053,heen,0,"#103,YAW,-0.01,GYRO,-10,57,21,ACC,13,7,258,ADC,1249,501,5,1,"
18.2398,heen,0,MM0 ?D
18.2398,heen,0,MM1 ?D
18.2398,heen,0,MM0 D=49
18.2398,heen,0,MM1 D=51
18.2398,heen,0,MM0 !M 0 0
18.2398,heen,0,MM1 !M 0 0
18.2398,heen,0,MM0 +
18.2398,heen,0,MM1 +
18.2398,heen,0,"#104,YAW,-0.02,GYRO,-5,51,36,ACC,12,-1,264,ADC,1244,390,5,2,"
18.2399,heen,0,MM0 ?FF
18.2399,heen,0,MM1 ?FF
18.2399,heen,0,MM0 FF=0
18.2399,heen,0,MM1 FF=0
18.2399,heen,0,"$GPRMC,113710.0,A,5050.51548,N,00419.37517,E,000.25,002.3,081026,000.4,E*54"
18.2900,heen,0,"#105,YAW,-0.02,GYRO,-15,39,12,ACC,9,0,256,ADC,1242,380,4,2,"
18.2901,heen,0,MM0 ?P
18.2901,heen,0,MM1 ?P
18.2901,heen,0,MM0 P=0:0
18.2901,heen,0,MM1 P=0:0
18.2901,heen,0,"#106,YAW,-0.02,GYRO,-11,52,-26,ACC,6,0,257,ADC,1241,387,3,2,"
18.2901,heen,0,MM0 !M 0 0
18.2901,heen,0,MM0 +
18.2901,heen,0,MM1 !M 0 0
18.2901,heen,0,MM1 +
18.2901,heen,0,MM0 ?S
18.2901,heen,0,MM1 ?S
18.2901,heen,0,MM0 S=0:0
18.2901,heen,0,MM1 S=0:0
18.2901,heen,0,"#107,YAW,-0.02,GYRO,-12,45,-40,ACC,11,3,258,ADC,1243,387,8,2,"
18.2901,heen,0,MM0 ?T
18.2901,heen,0,MM1 ?T
18.2901,heen,0,MM0 T=35:34
18.2901,heen,0,MM1 T=36:33
18.3420,heen,0,"#108,YAW,-0.02,GYRO,-10,66,-18,ACC,-2,2,261,ADC,1284,502,6,2,"
18.3420,heen,0,MM0 ?V
18.3420,heen,0,MM1 ?V
18.3420,heen,0,MM0 V=120:228:4909
18.3420,heen,0,MM1 V=120:226:4903
18.3420,heen,0,MM0 !M 0 0
18.3420,heen,0,MM1 !M 0 0
18.3420,heen,0,MM0 +
18.3420,heen,0,MM1 +
18.3420,heen,0,"#109,YAW,-0.02,GYRO,-15,35,16,ACC,-1,1,254,ADC,1236,393,9,2,"
18.3421,heen,0,MM0 ?CR
18.3421,heen,0,MM1 ?CR
18.3421,heen,0,MM0 CR=1:0
18.3421,heen,0,MM1 CR=0:0
18.3909,heen,0,"#110,YAW,-0.02,GYRO,-15,44,28,ACC,1,0,249,ADC,1269,395,8,2,"
18.3909,heen,0,MM0 ?A
18.3909,heen,0,MM1 ?A
18.3909,heen,0,MM0 A=0:0
18.3909,heen,0,MM1 A=0:0
18.3909,heen,0,"#111,YAW,-0.02,GYRO,-12,45,0,ACC,-5,0,258,ADC,1290,496,8,1,"
18.3909,heen,0,MM0 ?AI
18.3909,heen,0,MM1 ?AI
18.3910,heen,0,MM0 AI=0:0:2404:2434:0:0
18.3910,heen,0,MM1 AI=0:0:2343:2332:0:0
18.3910,heen,0,MM0 !M 0 0
18.3910,heen,0,MM1 !M 0 0
18.3910,heen,0,MM0 +
18.3910,heen,0,MM1 +
18.3910,heen,0,"#112,YAW,-0.02,GYRO,-14,46,-24,ACC,-2,-1,255,ADC,1259,390,5,1,"
18.3910,heen,0,MM0 ?C
18.3910,heen,0,MM1 ?C
18.3910,heen,0,MM0 C=2348:-2355
18.3910,heen,0,MM1 C=2300:-2285
18.4409,heen,0,"#113,YAW,-0.02,GYRO,-10,46,-28,ACC,-4,3,255,ADC,1261,408,5,2,"
18.4409,heen,0,MM0 ?D
18.4409,heen,0,MM1 ?D
18.4409,heen,0,MM0 D=51
18.4410,heen,0,MM1 D=51
18.4410,heen,0,MM0 !M 0 0
18.4410,heen,0,MM1 !M 0 0
18.4410,heen,0,MM0 +
18.4410,heen,0,MM1 +
18.4410,heen,0,"#114,YAW,-0.02,GYRO,-13,45,-14,ACC,0,4,260,ADC,1274,501,4,2,"
18.4410,heen,0,MM0 ?FF
18.4410,heen,0,MM1 ?FF
18.4410,heen,0,MM0 FF=0
18.4410,heen,0,MM1 FF=0
18.4410,heen,0,"$GPRMC,113710.2,A,5050.51546,N,00419.37518,E,000.26,002.3,081026,000.4,E*54"
18.4910,heen,0,"#115,YAW,-0.02,GYRO,-13,41,2,ACC,2,2,255,ADC,1247,390,4,1,"
18.4910,heen,0,MM0 ?P
18.4910,heen,0,MM1 ?P
18.4910,heen,0,MM0 P=0:0
18.4910,heen,0,MM1 P=0:0
18.4910,heen,0,"#116,YAW,-0.02,GYRO,-11,44,3,ACC,2,1,257,ADC,1262,383,5,2,"
18.4910,heen,0,MM0 ?S
18.4910,heen,0,MM1 ?S
18.4910,heen,0,MM0 S=0:0
18.4910,heen,0,MM1 S=0:0
18.4911,heen,0,MM0 !M 0 0
18.4911,heen,0,MM0 +
18.4911,heen,0,MM1 !M 0 0
18.4911,heen,0,MM1 +
18.4911,heen,0,"#117,YAW,-0.02,GYRO,-12,44,-7,ACC,3,0,257,ADC,1210,381,4,2,"
18.4911,heen,0,MM0 ?T
18.4911,heen,0,MM1 ?T
18.4911,heen,0,MM0 T=35:34
18.4911,heen,0,MM1 T=36:33
18.5490,heen,0,"#118,YAW,-0.02,GYRO,-13,45,-15,ACC,5,0,255,ADC,1314,387,5,1,"
18.5490,heen,0,MM0 ?V
18.5490,heen,0,MM1 ?V
18.5490,heen,0,MM0 V=120:230:4908
18.5490,heen,0,MM1 V=120:226:4902
18.5490,heen,0,"#119,YAW,-0.02,GYRO,-12,48,-12,ACC,2,0,259,ADC,1231,351,5,2,"
18.5490,heen,0,MM0 !M 0 0
18.5490,heen,0,MM0 +
18.5490,heen,0,MM1 !M 0 0
18.5490,heen,0,MM1 +
18.5490,heen,0,MM0 ?CR
18.5490,heen,0,MM1 ?CR
18.5490,heen,0,MM1 CR=0:0
18.5490,heen,0,MM0 CR=0:0
18.5490,heen,0,"#120,YAW,-0.02,GYRO,-13,45,-3,ACC,3,2,260,ADC,1255,391,8,2,"
18.5490,heen,0,MM0 ?A
18.5490,heen,0,MM1 ?A
18.5490,heen,0,MM0 A=0:0
18.5849,heen,0,MM1 A=0:0
18.5849,heen,0,MM0 !M 0 0
18.5849,heen,0,MM1 !M 0 0
18.5849,heen,0,MM1 +
18.5849,heen,0,MM0 +
18.5849,heen,0,"#121,YAW,-0.02,GYRO,-11,45,0,ACC,6,0,254,ADC,1259,389,6,2,"
18.5849,heen,0,MM0 ?AI
18.5849,heen,0,MM1 ?AI
18.5849,heen,0,MM1 AI=0:0:2328:2326:0:0
18.5849,heen,0,MM0 AI=0:0:2426:2418:0:0
18.6058,heen,0,"#122,YAW,-0.02,GYRO,-12,45,-4,ACC,5,0,256,ADC,1225,382,5,2,"
18.6058,heen,0,MM0 ?C
18.6058,heen,0,MM1 ?C
18.6058,heen,0,MM0 C=2348:-2355
18.6058,heen,0,MM1 C=2300:-2285
18.6058,heen,0,"#123,YAW,-0.02,GYRO,-12,48,-8,ACC,3,1,258,ADC,1235,501,5,1,"
18.6406,heen,0,MM0 ?D
18.6406,heen,0,MM1 ?D
18.6406,heen,0,MM0 D=51
18.6406,heen,0,MM1 D=51
18.6406,heen,0,MM0 !M 0 0
18.6406,heen,0,MM1 !M 0 0
18.6406,heen,0,MM0 +
18.6406,heen,0,MM1 +
18.6406,heen,0,"#124,YAW,-0.02,GYRO,-12,46,-7,ACC,-1,1,256,ADC,1266,392,4,2,"
18.6406,heen,0,MM0 ?FF
18.6407,heen,0,MM1 ?FF
18.6407,heen,0,MM0 FF=0
18.6407,heen,0,MM1 FF=0
18.6407,heen,0,"$GPRMC,113710.4,A,5050.51545,N,00419.37520,E,000.25,002.3,081026,000.4,E*59"
18.6938,heen,0,"#125,YAW,-0.02,GYRO,-12,46,-3,ACC,3,1,258,ADC,1213,383,5,1,"
18.6938,heen,0,MM0 ?P
18.6938,heen,0,MM1 ?P
18.6938,heen,0,MM0 P=0:0
18.6938,heen,0,MM1 P=0:0
18.6938,heen,0,"#126,YAW,-0.02,GYRO,-12,44,-6,ACC,2,3,258,ADC,1229,497,5,1,"
18.6938,heen,0,MM0 ?S
18.6938,heen,0,MM1 ?S
18.6938,heen,0,MM0 S=0:0
18.6939,heen,0,MM1 S=0:0
18.6939,heen,0,MM1 !M 0 0
18.6939,heen,0,MM0 !M 0 0
18.6939,heen,0,MM1 +
18.6939,heen,0,MM0 +
18.6939,heen,0,"#127,YAW,-0.02,GYRO,-13,45,-7,ACC,2,1,260,ADC,1230,500,3,2,"
18.6939,heen,0,MM0 ?T
18.6939,heen,0,MM1 ?T
18.6939,heen,0,MM0 T=35:34
18.6939,heen,0,MM1 T=36:33
18.7439,heen,0,"#128,YAW,-0.02,GYRO,-12,44,-10,ACC,2,1,255,ADC,1252,393,4,2,"
18.7439,heen,0,MM1 ?V
18.7440,heen,0,MM0 ?V
18.7440,heen,0,MM1 V=120:226:4902
18.7440,heen,0,MM0 V=120:227:4908
18.7440,heen,0,MM0 !M 0 0
18.7440,heen,0,MM1 !M 0 0
18.7440,heen,0,MM0 +
18.7440,heen,0,MM1 +
18.7440,heen,0,"#129,YAW,-0.02,GYRO,-14,43,-6,ACC,5,2,257,ADC,1195,381,4,2,"
18.7440,heen,0,MM0 ?CR
18.7440,heen,0,MM1 ?CR
18.7440,heen,0,MM0 CR=0:0
18.7440,heen,0,MM1 CR=0:0
18.7948,heen,0,"#130,YAW,-0.02,GYRO,-11,46,-5,ACC,3,2,258,ADC,1240,401,5,2,"
18.7948,heen,0,MM1 ?A
18.7949,heen,0,MM0 ?A
18.7949,heen,0,MM1 A=0:0
18.7949,heen,0,MM0 A=0:0
18.7949,heen,0,"#131,YAW,-0.02,GYRO,-11,45,-4,ACC,1,2,258,ADC,1265,381,4,2,"
18.7949,heen,0,MM1 ?AI
18.7949,heen,0,MM0 ?AI
18.7949,heen,0,MM1 AI=0:0:2321:2364:0:0
18.7949,heen,0,MM0 AI=0:0:2405:2499:0:0
18.7949,heen,0,MM0 !M 0 0
18.7949,heen,0,MM1 !M 0 0
18.7949,heen,0,MM1 +
18.7949,heen,0,MM0 +
18.7949,heen,0,"#132,YAW,-0.02,GYRO,-13,46,-7,ACC,2,1,256,ADC,1223,389,6,1,"
18.7949,heen,0,MM1 ?C
18.7949,heen,0,MM0 ?C
18.7949,heen,0,MM1 C=2300:-2285
18.7949,heen,0,MM0 C=2348:-2355
18.8449,heen,0,"#133,YAW,-0.02,GYRO,-12,47,-5,ACC,4,3,258,ADC,1308,390,5,1,"
18.8449,heen,0,MM1 ?D
18.8450,heen,0,MM0 ?D
18.8450,heen,0,MM1 D=59
18.8450,heen,0,MM0 D=51
18.8450,heen,0,MM0 !M -96 44
18.8450,heen,0,MM1 !M -96 44
18.8450,heen,0,MM0 +
18.8450,heen,0,MM1 +
18.8450,heen,0,"#134,YAW,-0.02,GYRO,-12,45,-6,ACC,5,1,258,ADC,1277,314,7,2,"
18.8450,heen,0,MM1 ?FF
18.8450,heen,0,MM0 ?FF
18.8450,heen,0,MM1 FF=0
18.8450,heen,0,MM0 FF=0
18.8450,heen,0,"$GPRMC,113710.6,A,5050.51544,N,00419.37521,E,000.26,002.3,081026,000.4,E*58"
18.8787,heen,0,"#135,YAW,-0.02,GYRO,-9,88,5,ACC,-9,1,236,ADC,1265,390,5,2,"
18.8787,heen,0,MM1 ?P
18.8787,heen,0,MM0 ?P
18.8787,heen,0,MM1 P=-96:44
18.8787,heen,0,MM0 P=-96:44
18.8787,heen,0,MM0 !M 0 0
18.8787,heen,0,MM1 !M 0 0
18.8787,heen,0,MM0 +
18.8787,heen,0,MM1 +
18.8787,heen,0,"#136,YAW,-0.03,GYRO,-14,18,42,ACC,-5,0,257,ADC,1244,383,4,1,"
18.8787,heen,0,MM1 ?S
18.8787,heen,0,MM0 ?S
18.8787,heen,0,MM0 S=-75:75
18.8787,heen,0,MM1 S=-75:0
18.8996,heen,0,"#137,YAW,-0.03,GYRO,-16,-9,0,ACC,12,2,240,ADC,1266,397,4,1,"
18.8996,heen,0,MM1 ?T
18.8996,heen,0,MM0 ?T
18.8996,heen,0,MM1 T=35:33
18.8996,heen,0,MM0 T=35:34
18.9337,heen,0,"#138,YAW,-0.02,GYRO,-1,97,-56,ACC,19,-2,273,ADC,1239,379,7,2,"
18.9337,heen,0,MM1 ?V
18.9337,heen,0,MM0 ?V
18.9337,heen,0,MM1 V=120:226:4903
18.9337,heen,0,MM0 V=120:227:4908
18.9337,heen,0,MM0 !M 0 0
18.9337,heen,0,MM1 !M 0 0
18.9337,heen,0,MM0 +
18.9337,heen,0,MM1 +
18.9337,heen,0,"#139,YAW,-0.02,GYRO,-17,17,-61,ACC,12,3,263,ADC,1240,387,3,1,"
18.9338,heen,0,MM1 ?CR
18.9338,heen,0,MM0 ?CR
18.9338,heen,0,MM1 CR=-1:0
18.9338,heen,0,MM0 CR=-1:1
18.9911,heen,0,"#140,YAW,-0.02,GYRO,-12,56,-27,ACC,13,7,254,ADC,1246,383,4,2,"
18.9911,heen,0,MM1 ?A
18.9911,heen,0,MM0 ?A
18.9911,heen,0,MM1 A=0:0
18.9911,heen,0,MM0 A=0:0
18.9911,heen,0,"#141,YAW,-0.02,GYRO,-12,50,17,ACC,10,5,262,ADC,1299,399,4,2,"
18.9911,heen,0,MM0 ?AI
18.9911,heen,0,MM1 ?AI
18.9911,heen,0,MM1 AI=0:0:2316:2348:0:0
18.9911,heen,0,MM0 AI=0:0:2431:2413:0:0
18.9911,heen,0,MM1 !M 0 0
18.9911,heen,0,MM0 !M 0 0
18.9911,heen,0,MM1 +
18.9911,heen,0,MM0 +
18.9911,heen,0,"#142,YAW,-0.03,GYRO,-13,43,35,ACC,12,1,254,ADC,1265,502,6,1,"
18.9911,heen,0,MM1 ?C
18.9912,heen,0,MM0 ?C
18.9912,heen,0,MM1 C=2299:-2285
19.0300,heen,0,MM0 C=2347:-2354
19.0300,heen,0,"#143,YAW,-0.03,GYRO,-10,51,18,ACC,9,-2,261,ADC,1220,368,3,2,"
19.0300,heen,0,MM0 !M 0 0
19.0300,heen,0,MM0 +
19.0300,heen,0,MM1 !M 0 0
19.0300,heen,0,MM1 +
19.0300,heen,0,MM1 ?D
19.0300,heen,0,MM0 ?D
19.0300,heen,0,MM1 D=49
19.0300,heen,0,MM0 D=33
19.0300,heen,0,"#144,YAW,-0.03,GYRO,-14,37,-15,ACC,7,-1,253,ADC,1268,501,5,2,"
19.0300,heen,0,MM1 ?FF
19.0300,heen,0,MM0 ?FF
19.0300,heen,0,MM1 FF=0
19.0300,heen,0,MM0 FF=0
19.0507,heen,0,"$GPRMC,113710.8,A,5050.51542,N,00419.37522,E,000.27,002.3,081026,000.4,E*52"
19.0507,heen,0,"#145,YAW,-0.03,GYRO,-10,60,-36,ACC,0,2,260,ADC,1287,386,5,2,"
19.0507,heen,0,MM1 ?P
19.0507,heen,0,MM0 ?P
19.0508,heen,0,MM1 P=0:0
19.0508,heen,0,MM0 P=0:0
19.0849,heen,0,MM1 !M 0 0
19.0849,heen,0,MM0 !M 0 0
19.0849,heen,0,MM1 +
19.0849,heen,0,MM0 +
19.0849,heen,0,"#146,YAW,-0.03,GYRO,-13,40,-9,ACC,-4,3,258,ADC,1240,384,5,3,"
19.0849,heen,0,MM1 ?S
19.0849,heen,0,MM0 ?S
19.0849,heen,0,MM0 S=75:0
19.0849,heen,0,MM1 S=0:0
19.1377,heen,0,"#147,YAW,-0.03,GYRO,-11,45,19,ACC,-2,3,258,ADC,1226,384,6,1,"
19.1377,heen,0,MM1 ?T
19.1377,heen,0,MM0 ?T
19.1377,heen,0,MM1 T=36:33
19.1377,heen,0,MM0 T=35:34
19.1377,heen,0,"#148,YAW,-0.03,GYRO,-14,43,19,ACC,-1,0,257,ADC,1269,385,5,2,"
19.1377,heen,0,MM1 ?V
19.1377,heen,0,MM0 ?V
19.1377,heen,0,MM1 V=120:225:4901
19.1377,heen,0,MM0 V=120:227:4908
19.1377,heen,0,MM0 !M 0 0
19.1377,heen,0,MM1 !M 0 0
19.1377,heen,0,MM0 +
19.1377,heen,0,MM1 +
19.1378,heen,0,"#149,YAW,-0.03,GYRO,-11,49,-3,ACC,0,0,256,ADC,1219,391,5,1,"
19.1378,heen,0,MM1 ?CR
19.1378,heen,0,MM0 ?CR
19.1378,heen,0,MM0 CR=1:-1
19.1378,heen,0,MM1 CR=1:0
19.1891,heen,0,"#150,YAW,-0.03,GYRO,-13,47,-18,ACC,-2,2,253,ADC,1268,502,6,2,"
19.1892,heen,0,MM1 ?A
19.1892,heen,0,MM0 ?A
19.1892,heen,0,MM1 A=0:0
19.1892,heen,0,MM0 A=0:0
19.1892,heen,0,MM0 !M 0 0
19.1892,heen,0,MM1 !M 0 0
19.1892,heen,0,MM1 +
19.1892,heen,0,MM0 +
19.1892,heen,0,"#151,YAW,-0.03,GYRO,-11,43,-22,ACC,-4,3,254,ADC,1252,338,4,1,"
19.1892,heen,0,MM1 ?AI
19.1892,heen,0,MM0 ?AI
19.1892,heen,0,MM1 AI=0:0:2322:2344:0:0
19.1892,heen,0,MM0 AI=0:0:2415:2435:0:0
19.1892,heen,0,"#152,YAW,-0.03,GYRO,-13,44,-13,ACC,3,2,254,ADC,1241,501,4,2,"
19.1892,heen,0,MM1 ?C
19.1892,heen,0,MM0 ?C
19.1892,heen,0,MM1 C=2300:-2285
19.2386,heen,0,MM0 C=2348:-2355
19.2386,heen,0,"#153,YAW,-0.03,GYRO,-12,42,-8,ACC,6,1,254,ADC,1256,503,7,2,"
19.2386,heen,0,MM1 ?D
19.2386,heen,0,MM0 ?D
19.2386,heen,0,MM1 D=51
19.2386,heen,0,MM0 D=51
19.2386,heen,0,MM0 !M 0 0
19.2386,heen,0,MM1 !M 0 0
19.2387,heen,0,MM0 +
19.2387,heen,0,MM1 +
19.2387,heen,0,"#154,YAW,-0.03,GYRO,-13,44,-5,ACC,5,3,254,ADC,1281,500,5,2,"
19.2387,heen,0,MM1 ?FF
19.2387,heen,0,MM0 ?FF
19.2387,heen,0,MM1 FF=0
19.2387,heen,0,MM0 FF=0
19.2387,heen,0,"$GPRMC,113711.0,A,5050.51541,N,00419.37523,E,000.27,002.3,081026,000.4,E*59"
19.2597,heen,0,"#155,YAW,-0.03,GYRO,-12,44,-5,ACC,5,2,255,ADC,1255,397,4,2,"
19.2597,heen,0,MM1 ?P
19.2597,heen,0,MM0 ?P
19.2597,heen,0,MM1 P=0:0
19.2597,heen,0,MM0 P=0:0
19.2946,heen,0,"#156,YAW,-0.03,GYRO,-12,47,-5,ACC,7,2,257,ADC,1265,501,4,2,"
19.2946,heen,0,MM1 ?S
19.2946,heen,0,MM0 ?S
19.2946,heen,0,MM1 S=0:0
19.2946,heen,0,MM0 S=0:0
19.2946,heen,0,MM0 !M 0 0
19.2946,heen,0,MM1 !M 0 0
19.2946,heen,0,MM0 +
19.2946,heen,0,MM1 +
19.2946,heen,0,"#157,YAW,-0.03,GYRO,-13,45,-5,ACC,4,0,257,ADC,1281,500,4,1,"
19.2946,heen,0,MM1 ?T
19.2946,heen,0,MM0 ?T
19.2946,heen,0,MM1 T=36:33
19.2946,heen,0,MM0 T=35:34
19.3288,heen,0,MM1 !M 0 0
19.3289,heen,0,MM0 !M 0 0
19.3289,heen,0,MM1 +
19.3289,heen,0,MM0 +
19.3289,heen,0,"#158,YAW,-0.03,GYRO,-11,49,-1,ACC,3,0,259,ADC,1252,370,3,1,"
19.3289,heen,0,MM0 ?V
19.3289,heen,0,MM1 ?V
19.3289,heen,0,MM0 V=120:227:4907
19.3289,heen,0,MM1 V=120:226:4902
19.3289,heen,0,"#159,YAW,-0.03,GYRO,-12,46,-1,ACC,-1,1,258,ADC,1202,380,6,2,"
19.3289,heen,0,MM1 ?CR
19.3289,heen,0,MM0 ?CR
19.3289,heen,0,MM1 CR=0:0
19.3517,heen,0,MM0 CR=0:0
19.3517,heen,0,"#160,YAW,-0.03,GYRO,-12,47,-5,ACC,1,3,257,ADC,1238,386,7,2,"
19.3517,heen,0,MM1 ?A
19.3517,heen,0,MM0 ?A
19.3517,heen,0,MM1 A=0:0
19.3517,heen,0,MM0 A=0:0
19.3868,heen,0,MM0 !M 0 0
19.3868,heen,0,MM1 !M 0 0
19.3868,heen,0,MM0 +
19.3868,heen,0,MM1 +
19.3868,heen,0,"#161,YAW,-0.03,GYRO,-12,46,-12,ACC,2,1,259,ADC,1227,350,3,1,"
19.3869,heen,0,MM1 ?AI
19.3869,heen,0,MM0 ?AI
19.3869,heen,0,MM1 AI=0:0:2341:2332:0:0
19.3869,heen,0,MM0 AI=0:0:2420:2291:0:0
19.3869,heen,0,"#162,YAW,-0.03,GYRO,-12,45,-11,ACC,3,1,255,ADC,1239,384,4,2,"
19.3869,heen,0,MM0 ?C
19.4398,heen,0,MM1 ?C
19.4398,heen,0,MM0 C=2348:-2355
19.4398,heen,0,MM1 C=2300:-2285
19.4398,heen,0,"#163,YAW,-0.03,GYRO,-12,44,-7,ACC,7,3,256,ADC,1278,501,5,2,"
19.4399,heen,0,MM0 ?D
19.4399,heen,0,MM1 ?D
19.4399,heen,0,MM1 D=51
19.4399,heen,0,MM0 D=51
19.4399,heen,0,MM0 !M 0 0
19.4399,heen,0,MM1 !M 0 0
19.4399,heen,0,MM0 +
19.4399,heen,0,MM1 +
19.4399,heen,0,"#164,YAW,-0.03,GYRO,-11,46,-8,ACC,5,3,260,ADC,1234,394,4,1,"
19.4399,heen,0,MM0 ?FF
19.4399,heen,0,MM1 ?FF
19.4399,heen,0,MM0 FF=0
19.4399,heen,0,MM1 FF=0
19.4399,heen,0,"$GPRMC,113711.2,A,5050.51540,N,00419.37525,E,000.28,002.3,081026,000.4,E*53"
19.4918,heen,0,"#165,YAW,-0.03,GYRO,-11,45,-6,ACC,6,2,257,ADC,1268,389,3,2,"
19.4919,heen,0,MM0 ?P
19.4919,heen,0,MM1 ?P
19.4919,heen,0,MM0 P=0:0
19.4919,heen,0,MM1 P=0:0
19.4919,heen,0,"#166,YAW,-0.03,GYRO,-13,47,-4,ACC,3,0,255,ADC,1255,499,5,2,"
19.4919,heen,0,MM0 ?S
19.4919,heen,0,MM1 ?S
19.4919,heen,0,MM0 S=0:0
19.4919,heen,0,MM1 S=0:0
19.4919,heen,0,MM0 !M 0 0
19.4919,heen,0,MM1 !M 0 0
19.4919,heen,0,MM0 +
19.4919,heen,0,MM1 +
19.4919,heen,0,"#167,YAW,-0.03,GYRO,-13,45,-3,ACC,5,1,262,ADC,1203,382,5,2,"
19.4919,heen,0,MM0 ?T
19.4919,heen,0,MM1 ?T
19.4919,heen,0,MM0 T=35:34
19.4919,heen,0,MM1 T=36:33
19.5418,heen,0,"#168,YAW,-0.03,GYRO,-11,47,-4,ACC,4,1,257,ADC,1219,380,3,1,"
19.5418,heen,0,MM0 ?V
19.5418,heen,0,MM1 ?V
19.5419,heen,0,MM0 V=120:227:4909
19.5419,heen,0,MM1 V=120:227:4901
19.5419,heen,0,MM0 !M 0 0
19.5419,heen,0,MM1 !M 0 0
19.5419,heen,0,MM0 +
19.5419,heen,0,MM1 +
19.5419,heen,0,"#169,YAW,-0.03,GYRO,-11,45,-6,ACC,-4,4,261,ADC,1242,385,5,2,"
19.5419,heen,0,MM0 ?CR
19.5419,heen,0,MM1 ?CR
19.5419,heen,0,MM0 CR=0:0
19.5419,heen,0,MM1 CR=0:0
19.5927,heen,0,"#170,YAW,-0.03,GYRO,-12,45,-8,ACC,4,2,258,ADC,1296,391,8,1,"
19.5928,heen,0,MM0 ?A
19.5928,heen,0,MM1 ?A
19.5928,heen,0,MM0 A=0:0
19.5928,heen,0,MM1 A=0:0
19.5928,heen,0,"#171,YAW,-0.03,GYRO,-13,43,-8,ACC,4,0,257,ADC,1294,496,7,2,"
19.5928,heen,0,MM0 ?AI
19.5928,heen,0,MM1 ?AI
19.5928,heen,0,MM0 AI=0:0:2417:2411:0:0
19.5928,heen,0,MM1 AI=0:0:2313:2358:0:0
19.5928,heen,0,MM0 !M 0 0
19.5928,heen,0,MM1 !M 0 0
19.5928,heen,0,MM0 +
19.5928,heen,0,MM1 +
19.5928,heen,0,"#172,YAW,-0.03,GYRO,-12,46,-9,ACC,6,0,257,ADC,1230,393,5,2,"
19.5928,heen,0,MM0 ?C
19.5928,heen,0,MM1 ?C
19.5928,heen,0,MM0 C=2348:-2355
19.5928,heen,0,MM1 C=2300:-2285
19.6429,heen,0,"#173,YAW,-0.03,GYRO,-11,45,-8,ACC,0,2,255,ADC,1235,398,4,2,"
19.6429,heen,0,MM0 ?D
19.6429,heen,0,MM1 ?D
19.6429,heen,0,MM0 D=51
19.6429,heen,0,MM1 D=51
19.6429,heen,0,MM0 !M 0 0
19.6429,heen,0,MM1 !M 0 0
19.6429,heen,0,MM0 +
19.6429,heen,0,MM1 +
19.6429,heen,0,"#174,YAW,-0.03,GYRO,-11,45,-5,ACC,4,3,258,ADC,1247,389,4,2,"
19.6429,heen,0,MM0 ?FF
19.6429,heen,0,MM1 ?FF
19.6429,heen,0,MM0 FF=0
19.6429,heen,0,MM1 FF=0
19.6429,heen,0,"$GPRMC,113711.4,A,5050.51538,N,00419.37526,E,000.27,002.3,081026,000.4,E*56"
19.6927,heen,0,"#175,YAW,-0.03,GYRO,-13,46,-4,ACC,1,3,261,ADC,1241,382,3,2,"
19.6927,heen,0,MM0 ?P
19.6927,heen,0,MM1 ?P
19.6927,heen,0,MM0 P=0:0
19.6927,heen,0,MM1 P=0:0
19.6927,heen,0,"#176,YAW,-0.03,GYRO,-13,47,-6,ACC,4,2,260,ADC,1253,389,4,2,"
19.6927,heen,0,MM0 ?S
19.6927,heen,0,MM1 ?S
19.6927,heen,0,MM0 S=0:0
19.6927,heen,0,MM1 S=0:0
19.6927,heen,0,MM0 !M 0 0
19.6927,heen,0,MM1 !M 0 0
19.6927,heen,0,MM0 +
19.6928,heen,0,MM1 +
19.6928,heen,0,"#177,YAW,-0.03,GYRO,-12,46,-6,ACC,1,3,258,ADC,1233,500,5,2,"
19.6928,heen,0,MM0 ?T
19.6928,heen,0,MM1 ?T
19.6928,heen,0,MM0 T=35:34
19.6928,heen,0,MM1 T=36:33
19.7437,heen,0,"#178,YAW,-0.04,GYRO,-11,46,-6,ACC,1,1,258,ADC,1283,395,5,2,"
19.7437,heen,0,MM0 ?V
19.7437,heen,0,MM1 ?V
19.7437,heen,0,MM0 V=120:227:4909
19.7438,heen,0,MM1 V=120:226:4902
19.7438,heen,0,MM0 !M 0 0
19.7438,heen,0,MM1 !M 0 0
19.7438,heen,0,MM0 +
19.7438,heen,0,MM1 +
19.7438,heen,0,"#179,YAW,-0.04,GYRO,-11,46,-6,ACC,2,2,261,ADC,1263,382,9,2,"
19.7438,heen,0,MM0 ?CR
19.7438,heen,0,MM1 ?CR
19.7438,heen,0,MM0 CR=0:0
19.7438,heen,0,MM1 CR=0:0
19.7957,heen,0,"#180,YAW,-0.04,GYRO,-11,45,-7,ACC,0,2,260,ADC,1226,382,3,2,"
19.7958,heen,0,MM0 ?A
19.7958,heen,0,MM1 ?A
19.7958,heen,0,MM0 A=0:0
19.7958,heen,0,MM1 A=0:0
19.7958,heen,0,"#181,YAW,-0.04,GYRO,-12,47,-8,ACC,6,1,260,ADC,1266,501,9,2,"
19.7958,heen,0,MM0 ?AI
19.7958,heen,0,MM1 ?AI
19.7958,heen,0,MM0 AI=0:0:2421:2420:0:0
19.7958,heen,0,MM1 AI=0:0:2325:2333:0:0
19.7958,heen,0,MM0 !M 0 0
19.7958,heen,0,MM1 !M 0 0
19.7958,heen,0,MM0 +
19.7958,heen,0,MM1 +
19.7958,heen,0,"#182,YAW,-0.04,GYRO,-13,47,-6,ACC,4,0,258,ADC,1245,382,6,2,"
19.7958,heen,0,MM0 ?C
19.7958,heen,0,MM1 ?C
19.7958,heen,0,MM0 C=2348:-2355
19.7958,heen,0,MM1 C=2300:-2285
19.8438,heen,0,"#183,YAW,-0.04,GYRO,-12,46,-7,ACC,4,1,257,ADC,1302,498,7,2,"
19.8439,heen,0,MM0 ?D
19.8439,heen,0,MM1 ?D
19.8439,heen,0,MM0 D=51
19.8439,heen,0,MM1 D=51
19.8439,heen,0,MM1 !M 0 0
19.8439,heen,0,MM0 !M 0 0
19.8439,heen,0,MM1 +
19.8439,heen,0,MM0 +
19.8439,heen,0,"#184,YAW,-0.04,GYRO,-11,45,-6,ACC,3,0,256,ADC,1265,392,5,2,"
19.8439,heen,0,MM0 ?FF
19.8439,heen,0,MM1 ?FF
19.8439,heen,0,MM0 FF=0
19.8439,heen,0,MM1 FF=0
19.8439,heen,0,"$GPRMC,113711.6,A,5050.51537,N,00419.37528,E,000.26,002.3,081026,000.4,E*54"
19.8986,heen,0,"#185,YAW,-0.04,GYRO,-12,45,-6,ACC,4,1,254,ADC,1247,500,4,1,"
19.8987,heen,0,MM0 ?P
19.8987,heen,0,MM1 ?P
19.8987,heen,0,MM0 P=0:0
19.8987,heen,0,MM1 P=0:0
19.8987,heen,0,"#186,YAW,-0.04,GYRO,-12,44,-7,ACC,4,2,256,ADC,1237,380,5,1,"
19.8987,heen,0,MM0 ?S
19.8987,heen,0,MM1 ?S
19.8987,heen,0,MM0 S=0:0
19.8987,heen,0,MM1 S=0:0
19.8987,heen,0,MM0 !M 0 0
19.8987,heen,0,MM1 !M 0 0
19.8987,heen,0,MM0 +
19.8987,heen,0,MM1 +
19.8987,heen,0,"#187,YAW,-0.04,GYRO,-12,44,-6,ACC,5,2,258,ADC,1238,501,4,1,"
19.8987,heen,0,MM0 ?T
19.8987,heen,0,MM1 ?T
19.8987,heen,0,MM0 T=35:34
19.8987,heen,0,MM1 T=36:33
19.9353,heen,0,"#188,YAW,-0.04,GYRO,-12,47,-6,ACC,3,1,258,ADC,1250,504,6,2,"
19.9353,heen,0,MM0 ?V
19.9353,heen,0,MM1 ?V
19.9353,heen,0,MM0 V=120:227:4909
19.9353,heen,0,MM1 V=120:227:4902
19.9353,heen,0,MM0 !M 0 0
19.9353,heen,0,MM1 !M 0 0
19.9353,heen,0,MM0 +
19.9353,heen,0,MM1 +
19.9353,heen,0,"#189,YAW,-0.04,GYRO,-11,46,-7,ACC,4,1,256,ADC,1241,395,4,1,"
19.9353,heen,0,MM0 ?CR
19.9353,heen,0,MM1 ?CR
19.9353,heen,0,MM0 CR=0:0
19.9353,heen,0,MM1 CR=0:0
19.9536,heen,0,"#190,YAW,-0.04,GYRO,-13,46,-6,ACC,2,2,258,ADC,1240,389,5,2,"
19.9536,heen,0,MM0 ?A
19.9536,heen,0,MM1 ?A
19.9537,heen,0,MM0 A=0:0
19.9537,heen,0,MM1 A=0:0
19.9908,heen,0,"#191,YAW,-0.04,GYRO,-11,46,-5,ACC,1,3,256,ADC,1254,385,6,2,"
19.9909,heen,0,MM0 ?AI
19.9909,heen,0,MM1 ?AI
19.9909,heen,0,MM0 AI=0:0:2418:2415:0:0
19.9909,heen,0,MM1 AI=0:0:2354:2335:0:0
19.9909,heen,0,MM0 !M 0 0
19.9909,heen,0,MM1 !M 0 0
19.9909,heen,0,MM1 +
19.9909,heen,0,MM0 +
19.9909,heen,0,"#192,YAW,-0.04,GYRO,-12,45,-7,ACC,4,0,256,ADC,1255,387,5,2,"
19.9909,heen,0,MM0 ?C
19.9909,heen,0,MM1 ?C
19.9909,heen,0,MM0 C=2348:-2355
19.9909,heen,0,MM1 C=2300:-2285
20.0115,heen,-80,"#193,YAW,-0.04,GYRO,-11,46,-7,ACC,4,2,255,ADC,1291,391,5,2,"
20.0116,heen,-80,MM0 ?D
20.0116,heen,-80,MM1 ?D
20.0116,heen,-80,MM0 D=51
20.0116,heen,-80,MM1 D=51
20.0488,heen,0,"#194,YAW,-0.04,GYRO,-11,45,-6,ACC,1,2,262,ADC,1246,381,6,1,"
20.0488,heen,0,MM0 !M -107 53
20.0488,heen,0,MM0 +
20.0488,heen,0,MM1 !M -107 53
20.0488,heen,0,MM1 +
20.0488,heen,0,MM0 ?FF
20.0488,heen,0,MM1 ?FF
20.0488,heen,0,MM0 FF=0
20.0488,heen,0,MM1 FF=0
20.0488,heen,0,"$GPRMC,113711.8,A,5050.51536,N,00419.37530,E,000.25,002.3,081026,000.4,E*51"
20.0488,heen,0,"#195,YAW,-0.04,GYRO,-6,58,-2,ACC,-41,13,242,ADC,1237,329,5,2,"
20.0488,heen,0,MM0 ?P
20.0488,heen,0,MM1 ?P
20.0829,heen,0,MM0 P=-107:53
20.0829,heen,0,MM1 P=-107:53
20.0829,heen,0,MM1 !M 0 0
20.0829,heen,0,MM0 !M 0 0
20.0829,heen,0,MM1 +
20.0829,heen,0,MM0 +
20.0829,heen,0,MM0 !M 0 0
20.0829,heen,0,MM1 !M 0 0
20.0829,heen,0,MM0 +
20.0829,heen,0,MM1 +
20.0829,heen,0,"#196,YAW,-0.04,GYRO,-15,32,47,ACC,-24,3,251,ADC,1235,391,7,2,"
20.0829,heen,0,MM0 ?S
20.0829,heen,0,MM1 ?S
20.0829,heen,0,MM0 S=0:0
20.0830,heen,0,MM1 S=0:0
20.1357,heen,0,"#197,YAW,-0.04,GYRO,-17,-19,4,ACC,15,3,239,ADC,1238,502,4,1,"
20.1358,heen,0,MM0 ?T
20.1358,heen,0,MM1 ?T
20.1358,heen,0,MM0 T=35:34
20.1358,heen,0,MM1 T=36:33
20.1358,heen,0,"#198,YAW,-0.04,GYRO,4,99,-65,ACC,4,-1,260,ADC,1289,501,4,2,"
20.1358,heen,0,MM0 ?V
20.1358,heen,0,MM1 ?V
20.1358,heen,0,MM0 V=120:227:4908
20.1358,heen,0,MM1 V=120:227:4903
20.1358,heen,0,MM1 !M 0 0
20.1358,heen,0,MM0 !M 0 0
20.1358,heen,0,MM1 +
20.1358,heen,0,MM0 +
20.1358,heen,0,"#199,YAW,-0.04,GYRO,-24,13,-58,ACC,20,6,259,ADC,1286,501,4,2,"
20.1358,heen,0,MM0 ?CR
20.1358,heen,0,MM1 ?CR
20.1358,heen,0,MM0 CR=-1:1
20.1358,heen,0,MM1 CR=-1:0
20.1877,heen,0,"#200,YAW,-0.04,GYRO,-8,55,-17,ACC,14,8,265,ADC,1256,393,5,2,"
20.1877,heen,0,MM0 ?A
20.1877,heen,0,MM1 ?A
20.1877,heen,0,MM0 A=0:0
20.1877,heen,0,MM1 A=0:0
20.1877,heen,0,MM1 !M 0 0
20.1877,heen,0,MM0 !M 0 0
20.1877,heen,0,MM1 +
20.1877,heen,0,MM0 +
20.1877,heen,0,"#201,YAW,-0.04,GYRO,-8,61,29,ACC,15,7,265,ADC,1244,322,5,1,"
20.1877,heen,0,MM0 ?AI
20.1877,heen,0,MM1 ?AI
20.1877,heen,0,MM0 AI=0:0:2397:2422:0:0
20.1877,heen,0,MM1 AI=0:0:2337:2310:0:0
20.1877,heen,0,"#202,YAW,-0.04,GYRO,-12,35,35,ACC,13,3,261,ADC,1258,396,4,2,"
20.1877,heen,0,MM0 ?C
20.1877,heen,0,MM1 ?C
20.2368,heen,0,MM0 C=2347:-2354
20.2368,heen,0,MM1 C=2299:-2285
20.2368,heen,0,"#203,YAW,-0.04,GYRO,-9,57,9,ACC,7,-1,258,ADC,1266,499,5,2,"
20.2369,heen,0,MM0 ?D
20.2369,heen,0,MM1 ?D
20.2369,heen,0,MM0 D=33
20.2369,heen,0,MM1 D=49
20.2369,heen,0,MM1 !M 0 0
20.2369,heen,0,MM0 !M 0 0
20.2369,heen,0,MM1 +
20.2369,heen,0,MM0 +
20.2369,heen,0,"#204,YAW,-0.04,GYRO,-15,36,-25,ACC,8,0,262,ADC,1262,388,8,2,"
20.2369,heen,0,MM0 ?FF
20.2369,heen,0,MM1 ?FF
20.2369,heen,0,MM0 FF=0
20.2369,heen,0,MM1 FF=0
20.2369,heen,0,"$GPRMC,113712.0,A,5050.51535,N,00419.37531,E,000.25,002.3,081026,000.4,E*58"
20.2576,heen,0,"#205,YAW,-0.04,GYRO,-9,51,-41,ACC,4,6,255,ADC,1262,397,5,2,"
20.2576,heen,0,MM0 ?P
20.2576,heen,0,MM1 ?P
20.2576,heen,0,MM0 P=0:0
20.2576,heen,0,MM1 P=0:0
20.2937,heen,0,"#206,YAW,-0.04,GYRO,-12,56,-14,ACC,-6,2,257,ADC,1205,380,5,2,"
20.2937,heen,0,MM0 ?S
20.2937,heen,0,MM1 ?S
20.2937,heen,0,MM0 S=0:0
20.2937,heen,0,MM1 S=0:0
20.2937,heen,0,MM0 !M 0 0
20.2937,heen,0,MM1 !M 0 0
20.2937,heen,0,MM0 +
20.2937,heen,0,MM1 +
20.2937,heen,0,"#207,YAW,-0.04,GYRO,-13,44,9,ACC,-8,5,255,ADC,1202,380,4,1,"
20.2938,heen,0,MM0 ?T
20.2938,heen,0,MM1 ?T
20.2938,heen,0,MM0 T=35:34
20.2938,heen,0,MM1 T=36:33
20.3304,heen,0,"#208,YAW,-0.04,GYRO,-11,48,15,ACC,-6,0,260,ADC,1233,392,4,2,"
20.3304,heen,0,MM0 ?V
20.3304,heen,0,MM1 ?V
20.3304,heen,0,MM0 V=120:227:4906
20.3304,heen,0,MM1 V=120:227:4901
20.3305,heen,0,MM0 !M 0 0
20.3305,heen,0,MM1 !M 0 0
20.3305,heen,0,MM0 +
20.3305,heen,0,MM1 +
20.3305,heen,0,"#209,YAW,-0.04,GYRO,-13,36,0,ACC,-1,1,259,ADC,1240,398,3,2,"
20.3305,heen,0,MM0 ?CR
20.3305,heen,0,MM1 ?CR
20.3305,heen,0,MM0 CR=0:0
20.3305,heen,0,MM1 CR=0:0
20.3516,heen,0,"#210,YAW,-0.04,GYRO,-13,47,-19,ACC,-2,2,255,ADC,1262,396,4,2,"
20.3516,heen,0,MM0 ?A
20.3517,heen,0,MM1 ?A
20.3517,heen,0,MM0 A=0:0
20.3517,heen,0,MM1 A=0:0
20.3889,heen,0,MM0 !M 0 0
20.3889,heen,0,MM1 !M 0 0
20.3889,heen,0,MM0 +
20.3889,heen,0,MM1 +
20.3889,heen,0,"#211,YAW,-0.04,GYRO,-12,44,-19,ACC,2,2,258,ADC,1219,309,4,2,"
20.3889,heen,0,MM0 ?AI
20.3889,heen,0,MM1 ?AI
20.3889,heen,0,MM0 AI=0:0:2402:2434:0:0
20.3889,heen,0,MM1 AI=0:0:2348:2330:0:0
20.3889,heen,0,"#212,YAW,-0.04,GYRO,-13,44,-9,ACC,9,1,257,ADC,1248,382,5,2,"
20.3889,heen,0,MM1 ?C
20.3889,heen,0,MM0 ?C
20.3890,heen,0,MM0 C=2347:-2354
20.4391,heen,0,MM1 C=2299:-2285
20.4391,heen,0,"#213,YAW,-0.04,GYRO,-15,43,-1,ACC,5,1,259,ADC,1252,500,7,2,"
20.4391,heen,0,MM0 ?D
20.4391,heen,0,MM1 ?D
20.4391,heen,0,MM0 D=33
20.4391,heen,0,MM1 D=49
20.4391,heen,0,MM1 !M 0 0
20.4391,heen,0,MM0 !M 0 0
20.4391,heen,0,MM1 +
20.4391,heen,0,MM0 +
20.4391,heen,0,"#214,YAW,-0.04,GYRO,-11,46,-1,ACC,4,1,255,ADC,1272,415,5,2,"
20.4392,heen,0,MM0 ?FF
20.4392,heen,0,MM1 ?FF
20.4392,heen,0,MM0 FF=0
20.4392,heen,0,MM1 FF=0
20.4392,heen,0,"$GPRMC,113712.2,A,5050.51534,N,00419.37533,E,000.26,002.3,081026,000.4,E*5A"
20.4898,heen,0,"#215,YAW,-0.05,GYRO,-11,44,-6,ACC,6,1,256,ADC,1221,381,5,2,"
20.4899,heen,0,MM0 ?P
20.4899,heen,0,MM1 ?P
20.4899,heen,0,MM0 P=0:0
20.4899,heen,0,MM1 P=0:0
20.4899,heen,0,"#216,YAW,-0.05,GYRO,-13,47,-10,ACC,1,1,259,ADC,1263,499,5,1,"
20.4899,heen,0,MM0 !M 0 0
20.4899,heen,0,MM0 +
20.4899,heen,0,MM1 !M 0 0
20.4899,heen,0,MM1 +
20.4899,heen,0,MM0 ?S
20.4899,heen,0,MM1 ?S
20.4899,heen,0,MM0 S=0:0
20.4899,heen,0,MM1 S=0:0
20.4899,heen,0,"#217,YAW,-0.05,GYRO,-12,47,-7,ACC,1,2,258,ADC,1222,396,5,1,"
20.4899,heen,0,MM0 ?T
20.4899,heen,0,MM1 ?T
20.4899,heen,0,MM0 T=35:34
20.4899,heen,0,MM1 T=36:33
20.5396,heen,0,"#218,YAW,-0.05,GYRO,-11,46,-4,ACC,1,3,256,ADC,1240,380,5,2,"
20.5396,heen,0,MM0 ?V
20.5396,heen,0,MM1 ?V
20.5396,heen,0,MM0 V=120:227:4905
20.5396,heen,0,MM1 V=120:227:4901
20.5396,heen,0,MM1 !M 0 0
20.5396,heen,0,MM0 !M 0 0
20.5396,heen,0,MM1 +
20.5396,heen,0,MM0 +
20.5396,heen,0,"#219,YAW,-0.05,GYRO,-11,42,-5,ACC,5,1,254,ADC,1230,387,4,2,"
20.5396,heen,0,MM0 ?CR
20.5396,heen,0,MM1 ?CR
20.5396,heen,0,MM0 CR=0:0
20.5396,heen,0,MM1 CR=0:0
20.5899,heen,0,"#220,YAW,-0.05,GYRO,-10,44,-8,ACC,9,1,260,ADC,1251,380,4,2,"
20.5900,heen,0,MM0 ?A
20.5900,heen,0,MM1 ?A
20.5900,heen,0,MM0 A=0:0
20.5900,heen,0,MM1 A=0:0
20.5900,heen,0,"#221,YAW,-0.05,GYRO,-11,44,-6,ACC,4,3,257,ADC,1258,396,3,2,"
20.5900,heen,0,MM0 !M 0 0
20.5900,heen,0,MM0 +
20.5900,heen,0,MM1 !M 0 0
20.5900,heen,0,MM1 +
20.5900,heen,0,MM0 ?AI
20.5900,heen,0,MM1 ?AI
20.5900,heen,0,MM0 AI=0:0:2401:2426:0:0
20.5900,heen,0,MM1 AI=0:0:2323:2306:0:0
20.5900,heen,0,"#222,YAW,-0.05,GYRO,-13,45,-5,ACC,3,0,257,ADC,1238,400,5,2,"
20.5900,heen,0,MM0 ?C
20.5900,heen,0,MM1 ?C
20.5900,heen,0,MM0 C=2347:-2354
20.6407,heen,0,MM1 C=2299:-2285
20.6408,heen,0,"#223,YAW,-0.05,GYRO,-12,46,-5,ACC,2,2,259,ADC,1238,385,5,2,"
20.6408,heen,0,MM0 ?D
20.6408,heen,0,MM1 ?D
20.6408,heen,0,MM0 D=33
20.6408,heen,0,MM1 D=49
20.6408,heen,0,MM0 !M 0 0
20.6408,heen,0,MM1 !M 0 0
20.6408,heen,0,MM0 +
20.6408,heen,0,MM1 +
20.6408,heen,0,"#224,YAW,-0.05,GYRO,-13,47,-6,ACC,2,1,258,ADC,1246,386,4,2,"
20.6408,heen,0,MM0 ?FF
20.6408,heen,0,MM1 ?FF
20.6408,heen,0,MM0 FF=0
20.6409,heen,0,MM1 FF=0
20.6409,heen,0,"$GPRMC,113712.4,A,5050.51533,N,00419.37535,E,000.27,002.3,081026,000.4,E*5C"
20.6908,heen,0,"#225,YAW,-0.05,GYRO,-13,45,-7,ACC,2,2,254,ADC,1232,390,4,1,"
20.6908,heen,0,MM0 ?P
20.6908,heen,0,MM1 ?P
20.6908,heen,0,MM0 P=0:0
20.6908,heen,0,MM1 P=0:0
20.6908,heen,0,"#226,YAW,-0.05,GYRO,-13,46,-7,ACC,4,1,257,ADC,1235,382,6,1,"
20.6908,heen,0,MM0 ?S
20.6908,heen,0,MM1 ?S
20.6908,heen,0,MM0 S=0:0
20.6908,heen,0,MM1 S=0:0
20.6908,heen,0,MM0 !M 0 0
20.6908,heen,0,MM1 !M 0 0
20.6908,heen,0,MM0 +
20.6908,heen,0,MM1 +
20.6908,heen,0,"#227,YAW,-0.05,GYRO,-12,44,-6,ACC,4,0,259,ADC,1257,385,5,2,"
20.6909,heen,0,MM0 ?T
20.6909,heen,0,MM1 ?T
20.6909,heen,0,MM0 T=35:34
20.6909,heen,0,MM1 T=36:33
20.7418,heen,0,"#228,YAW,-0.05,GYRO,-12,46,-6,ACC,1,0,255,ADC,1271,397,6,2,"
20.7419,heen,0,MM0 ?V
20.7419,heen,0,MM1 ?V
20.7419,heen,0,MM0 V=120:225:4905
20.7419,heen,0,MM1 V=120:226:4900
20.7419,heen,0,MM1 !M 0 0
20.7419,heen,0,MM0 !M 0 0
20.7420,heen,0,MM1 +
20.7420,heen,0,MM0 +
20.7420,heen,0,"#229,YAW,-0.05,GYRO,-12,45,-7,ACC,0,2,260,ADC,1248,501,6,2,"
20.7420,heen,0,MM0 ?CR
20.7420,heen,0,MM1 ?CR
20.7420,heen,0,MM0 CR=0:0
20.7420,heen,0,MM1 CR=0:0
20.7918,heen,0,"#230,YAW,-0.05,GYRO,-12,46,-6,ACC,6,3,257,ADC,1265,500,4,2,"
20.7918,heen,0,MM1 ?A
20.7918,heen,0,MM0 ?A
20.7918,heen,0,MM0 A=0:0
20.7919,heen,0,MM1 A=0:0
20.7919,heen,0,"#231,YAW,-0.05,GYRO,-11,46,-7,ACC,5,1,260,ADC,1295,500,6,1,"
20.7919,heen,0,MM0 ?AI
20.7919,heen,0,MM1 ?AI
20.7919,heen,0,MM0 AI=0:0:2410:2426:0:0
20.7919,heen,0,MM1 AI=0:0:2336:2332:0:0
20.7919,heen,0,MM0 !M 0 0
20.7919,heen,0,MM1 !M 0 0
20.7919,heen,0,MM0 +
20.7919,heen,0,MM1 +
20.7919,heen,0,"#232,YAW,-0.05,GYRO,-13,45,-6,ACC,2,1,255,ADC,1250,396,6,1,"
20.7919,heen,0,MM0 ?C
20.7919,heen,0,MM1 ?C
20.7919,heen,0,MM0 C=2347:-2354
20.7919,heen,0,MM1 C=2299:-2285
20.8429,heen,0,"#233,YAW,-0.05,GYRO,-12,46,-7,ACC,2,2,255,ADC,1258,389,4,1,"
20.8429,heen,0,MM0 ?D
20.8429,heen,0,MM1 ?D
20.8429,heen,0,MM0 D=33
20.8429,heen,0,MM1 D=49
20.8429,heen,0,MM0 !M 0 0
20.8430,heen,0,MM1 !M 0 0
20.8430,heen,0,MM0 +
20.8430,heen,0,MM1 +
20.8430,heen,0,"#234,YAW,-0.05,GYRO,-12,44,-6,ACC,5,1,260,ADC,1280,399,5,1,"
20.8430,heen,0,MM0 ?FF
20.8430,heen,0,MM1 ?FF
20.8430,heen,0,MM0 FF=0
20.8430,heen,0,MM1 FF=0
20.8430,heen,0,"$GPRMC,113712.6,A,5050.51532,N,00419.37537,E,000.28,002.3,081026,000.4,E*52"
20.8927,heen,0,"#235,YAW,-0.05,GYRO,-13,45,-6,ACC,3,3,256,ADC,1242,398,5,2,"
20.8927,heen,0,MM0 ?P
20.8928,heen,0,MM1 ?P
20.8928,heen,0,MM0 P=0:0
20.8928,heen,0,MM1 P=0:0
20.8928,heen,0,"#236,YAW,-0.05,GYRO,-14,46,-6,ACC,-1,1,259,ADC,1281,399,8,2,"
20.8928,heen,0,MM0 ?S
20.8928,heen,0,MM1 ?S
20.8928,heen,0,MM0 S=0:0
20.8928,heen,0,MM1 S=0:0
20.8928,heen,0,MM0 !M 0 0
20.8928,heen,0,MM1 !M 0 0
20.8928,heen,0,MM0 +
20.8928,heen,0,MM1 +
20.8928,heen,0,"#237,YAW,-0.05,GYRO,-13,46,-8,ACC,1,0,254,ADC,1270,392,5,2,"
20.8928,heen,0,MM0 ?T
20.8928,heen,0,MM1 ?T
20.8928,heen,0,MM0 T=35:34
20.8928,heen,0,MM1 T=36:33
20.9464,heen,0,"#238,YAW,-0.05,GYRO,-11,45,-5,ACC,3,4,261,ADC,1254,425,6,2,"
20.9465,heen,0,MM0 ?V
20.9465,heen,0,MM1 ?V
20.9465,heen,0,MM0 V=120:227:4905
20.9465,heen,0,MM1 V=120:227:4901
20.9465,heen,0,MM0 !M 0 0
20.9465,heen,0,MM1 !M 0 0
20.9465,heen,0,MM0 +
20.9465,heen,0,MM1 +
20.9465,heen,0,"#239,YAW,-0.05,GYRO,-12,47,-6,ACC,2,1,257,ADC,1273,313,4,2,"
20.9465,heen,0,MM1 ?CR
20.9465,heen,0,MM0 ?CR
20.9465,heen,0,MM1 CR=0:0
20.9465,heen,0,MM0 CR=0:0
20.9465,heen,0,"#240,YAW,-0.05,GYRO,-12,45,-7,ACC,4,2,255,ADC,1269,397,6,2,"
20.9937,heen,0,MM0 ?A
20.9937,heen,0,MM1 ?A
20.9937,heen,0,MM0 A=0:0
20.9937,heen,0,MM1 A=0:0
20.9937,heen,0,"#241,YAW,-0.05,GYRO,-13,46,-7,ACC,2,2,257,ADC,1254,384,4,1,"
20.9938,heen,0,MM1 ?AI
20.9938,heen,0,MM0 ?AI
20.9938,heen,0,MM1 AI=0:0:2321:2367:0:0
20.9938,heen,0,MM0 AI=0:0:2410:2422:0:0
20.9938,heen,0,MM0 !M 0 0
20.9938,heen,0,MM1 !M 0 0
20.9938,heen,0,MM0 +
20.9938,heen,0,MM1 +
20.9938,heen,0,"#242,YAW,-0.05,GYRO,-11,46,-6,ACC,3,3,257,ADC,1260,383,8,2,"
20.9938,heen,0,MM0 ?C
20.9938,heen,0,MM1 ?C
20.9938,heen,0,MM0 C=2347:-2354
20.9938,heen,0,MM1 C=2299:-2285
20.9971,heen,0,STOP heen 6.5028
21.0449,pauze,0,"#243,YAW,-0.05,GYRO,-13,45,-6,ACC,4,2,259,ADC,1233,389,5,2,"
21.0450,pauze,0,MM0 ?D
21.0450,pauze,0,MM1 ?D
21.0450,pauze,0,MM0 D=33
21.0450,pauze,0,MM1 D=49
21.0450,pauze,0,MM0 !M 0 0
21.0450,pauze,0,MM1 !M 0 0
21.0450,pauze,0,MM0 +
21.0450,pauze,0,MM1 +
21.0450,pauze,0,"#244,YAW,-0.05,GYRO,-12,47,-6,ACC,4,1,256,ADC,1293,404,8,2,"
21.0450,pauze,0,MM0 ?FF
21.0450,pauze,0,MM1 ?FF
21.0450,pauze,0,MM0 FF=0
21.0450,pauze,0,MM1 FF=0
21.0450,pauze,0,"$GPRMC,113712.8,A,5050.51530,N,00419.37538,E,000.31,002.3,081026,000.4,E*59"
21.0656,pauze,0,"#245,YAW,-0.05,GYRO,-12,47,-6,ACC,5,0,259,ADC,1280,391,5,1,"
21.0657,pauze,0,MM0 ?P
21.0657,pauze,0,MM1 ?P
21.0657,pauze,0,MM0 P=0:0
21.0657,pauze,0,MM1 P=0:0
21.0927,pauze,0,"#246,YAW,-0.05,GYRO,-12,46,-6,ACC,2,1,258,ADC,1253,490,5,2,"
21.0927,pauze,0,MM0 ?S
21.0927,pauze,0,MM1 ?S
21.0927,pauze,0,MM0 S=0:0
21.0927,pauze,0,MM1 S=0:0
21.0927,pauze,0,"#247,YAW,-0.05,GYRO,-12,46,-7,ACC,1,1,257,ADC,1225,498,5,2,"
21.0927,pauze,0,MM0 ?T
21.1082,pauze,0,MM1 ?T
21.1082,pauze,0,MM0 T=35:34
21.1082,pauze,0,MM1 T=36:33
21.1082,pauze,0,"#248,YAW,-0.05,GYRO,-13,46,-6,ACC,3,2,257,ADC,1228,384,8,1,"
21.1082,pauze,0,MM1 ?V
21.1082,pauze,0,MM0 ?V
21.1429,pauze,0,MM1 V=120:227:4899
21.1429,pauze,0,MM0 V=120:227:4904
21.1429,pauze,0,MM0 !M 0 0
21.1430,pauze,0,MM1 !M 0 0
21.1430,pauze,0,MM0 +
21.1430,pauze,0,MM1 +
21.1430,pauze,0,"#249,YAW,-0.05,GYRO,-14,44,-6,ACC,1,2,260,ADC,1228,397,7,2,"
21.1430,pauze,0,MM1 ?CR
21.1430,pauze,0,MM0 ?CR
21.1430,pauze,0,MM1 CR=0:0
21.1430,pauze,0,MM0 CR=0:0
21.1630,pauze,0,"#250,YAW,-0.05,GYRO,-13,45,-5,ACC,4,3,256,ADC,1254,384,4,1,"
21.1631,pauze,0,MM0 ?A
21.1631,pauze,0,MM1 ?A
21.1631,pauze,0,MM0 A=0:0
21.1631,pauze,0,MM1 A=0:0
21.1851,pauze,0,"#251,YAW,-0.05,GYRO,-12,46,-6,ACC,5,0,255,ADC,1244,501,9,2,"
21.1851,pauze,0,MM0 ?AI
21.1851,pauze,0,MM1 ?AI
21.1851,pauze,0,MM0 AI=0:0:2396:2415:0:0
21.1851,pauze,0,MM1 AI=0:0:2318:2319:0:0
21.2063,pauze,0,"#252,YAW,-0.05,GYRO,-13,47,-6,ACC,1,3,258,ADC,1216,383,6,1,"
21.2063,pauze,0,MM0 ?C
21.2063,pauze,0,MM1 ?C
21.2063,pauze,0,MM0 C=2347:-2354
21.2063,pauze,0,MM1 C=2299:-2285
21.2064,pauze,0,"#253,YAW,-0.06,GYRO,-12,46,-7,ACC,4,3,258,ADC,1235,386,5,2,"
21.2407,pauze,0,MM0 ?D
21.2407,pauze,0,MM1 ?D
21.2407,pauze,0,MM0 D=41
21.2407,pauze,0,MM1 D=49
21.2407,pauze,0,MM0 !M 0 0
21.2407,pauze,0,MM1 !M 0 0
21.2407,pauze,0,MM0 +
21.2407,pauze,0,MM1 +
21.2407,pauze,0,"#254,YAW,-0.06,GYRO,-12,46,-6,ACC,2,2,257,ADC,1257,387,5,2,"
21.2407,pauze,0,MM0 ?FF
21.2407,pauze,0,MM1 ?FF
21.2407,pauze,0,MM0 FF=0
21.2407,pauze,0,MM1 FF=0
21.2407,pauze,0,"$GPRMC,113713.0,A,5050.51529,N,00419.37540,E,000.35,002.3,081026,000.4,E*53"
21.2618,pauze,0,"#255,YAW,-0.06,GYRO,-12,45,-6,ACC,5,1,256,ADC,1228,381,4,1,"
21.2618,pauze,0,MM0 ?P
21.2618,pauze,0,MM1 ?P
21.2619,pauze,0,MM0 P=0:0
21.2619,pauze,0,MM1 P=0:0
21.2827,pauze,0,"#0,YAW,-0.06,GYRO,-12,47,-5,ACC,5,3,259,ADC,1240,502,4,2,"
21.2827,pauze,0,MM0 ?S
21.2827,pauze,0,MM1 ?S
21.2827,pauze,0,MM0 S=0:0
21.2827,pauze,0,MM1 S=0:0
21.3037,pauze,0,"#1,YAW,-0.06,GYRO,-13,47,-6,ACC,6,1,258,ADC,1281,404,4,1,"
21.3038,pauze,0,MM0 ?T
21.3038,pauze,0,MM1 ?T
21.3038,pauze,0,MM0 T=35:34
21.3038,pauze,0,MM1 T=36:33
21.3388,pauze,0,"#2,YAW,-0.06,GYRO,-14,45,-5,ACC,4,1,253,ADC,1259,380,5,2,"
21.3388,pauze,0,MM0 ?V
21.3388,pauze,0,MM1 ?V
21.3388,pauze,0,MM0 V=120:226:4903
21.3388,pauze,0,MM1 V=120:226:4901
21.3388,pauze,0,MM0 !M 0 0
21.3388,pauze,0,MM1 !M 0 0
21.3388,pauze,0,MM0 +
21.3388,pauze,0,MM1 +
21.3388,pauze,0,"#3,YAW,-0.06,GYRO,-12,46,-6,ACC,4,2,257,ADC,1233,400,4,2,"
21.3388,pauze,0,MM1 ?CR
21.3388,pauze,0,MM0 ?CR
21.3389,pauze,0,MM1 CR=0:0
21.3389,pauze,0,MM0 CR=0:0
21.3585,pauze,0,"#4,YAW,-0.06,GYRO,-12,45,-6,ACC,4,3,256,ADC,1249,382,4,2,"
21.3586,pauze,0,MM1 ?A
21.3586,pauze,0,MM0 ?A
21.3586,pauze,0,MM1 A=0:0
21.3586,pauze,0,MM0 A=0:0
21.3800,pauze,0,"#5,YAW,-0.06,GYRO,-13,45,-6,ACC,1,2,257,ADC,1265,500,5,2,"
21.3800,pauze,0,MM1 ?AI
21.3800,pauze,0,MM0 ?AI
21.3800,pauze,0,MM1 AI=0:0:2310:2313:0:0
21.3800,pauze,0,MM0 AI=0:0:2412:2440:0:0
21.4018,pauze,0,"#6,YAW,-0.06,GYRO,-11,44,-7,ACC,2,0,259,ADC,1242,386,8,1,"
21.4019,pauze,0,MM1 ?C
21.4019,pauze,0,MM0 ?C
21.4019,pauze,0,MM1 C=2299:-2285
21.4019,pauze,0,MM0 C=2347:-2354
21.4387,pauze,0,"#7,YAW,-0.06,GYRO,-12,45,-6,ACC,4,0,255,ADC,1258,383,6,2,"
21.4387,pauze,0,MM0 ?D
21.4387,pauze,0,MM1 ?D
21.4387,pauze,0,MM0 D=33
21.4387,pauze,0,MM1 D=49
21.4387,pauze,0,MM1 !M 0 0
21.4387,pauze,0,MM0 !M 0 0
21.4387,pauze,0,MM1 +
21.4387,pauze,0,MM0 +
21.4387,pauze,0,"$GPRMC,113713.2,A,5050.51527,N,00419.37542,E,000.38,002.3,081026,000.4,E*50"
21.4387,pauze,0,"#8,YAW,-0.06,GYRO,-12,46,-6,ACC,3,4,258,ADC,1229,391,8,2,"
21.4388,pauze,0,MM0 ?FF
21.4388,pauze,0,MM1 ?FF
21.4388,pauze,0,MM0 FF=0
21.4388,pauze,0,MM1 FF=0
21.4596,pauze,0,"#9,YAW,-0.06,GYRO,-12,44,-6,ACC,2,0,256,ADC,1266,391,6,1,"
21.4596,pauze,0,MM0 ?P
21.4596,pauze,0,MM1 ?P
21.4596,pauze,0,MM0 P=0:0
21.4597,pauze,0,MM1 P=0:0
21.4808,pauze,0,"#10,YAW,-0.06,GYRO,-14,45,-7,ACC,5,0,258,ADC,1260,381,3,1,"
21.4808,pauze,0,MM0 ?S
21.4808,pauze,0,MM1 ?S
21.4808,pauze,0,MM0 S=0:0
21.4808,pauze,0,MM1 S=0:0
21.5033,pauze,0,"#11,YAW,-0.06,GYRO,-12,45,-7,ACC,4,2,260,ADC,1246,499,4,2,"
21.5033,pauze,0,MM0 ?T
21.5033,pauze,0,MM1 ?T
21.5033,pauze,0,MM0 T=35:34
21.5033,pauze,0,MM1 T=36:33
21.5377,pauze,0,"#12,YAW,-0.06,GYRO,-11,44,-7,ACC,5,1,258,ADC,1243,388,4,2,"
21.5377,pauze,0,MM0 ?V
21.5377,pauze,0,MM1 ?V
21.5377,pauze,0,MM0 V=120:228:4903
21.5377,pauze,0,MM1 V=120:226:4900
21.5377,pauze,0,MM1 !M 0 0
21.5377,pauze,0,MM0 !M 0 0
21.5378,pauze,0,MM1 +
21.5378,pauze,0,MM0 +
21.5378,pauze,0,"#13,YAW,-0.06,GYRO,-13,45,-6,ACC,3,1,257,ADC,1257,397,7,2,"
21.5378,pauze,0,MM1 ?CR
21.5378,pauze,0,MM0 ?CR
21.5378,pauze,0,MM1 CR=0:0
21.5378,pauze,0,MM0 CR=0:0
21.5586,pauze,0,"#14,YAW,-0.06,GYRO,-11,43,-6,ACC,2,2,256,ADC,1266,395,5,3,"
21.5586,pauze,0,MM1 ?A
21.5586,pauze,0,MM0 ?A
21.5586,pauze,0,MM1 A=0:0
21.5586,pauze,0,MM0 A=0:0
21.5796,pauze,0,"#15,YAW,-0.06,GYRO,-11,46,-7,ACC,3,4,262,ADC,1249,385,4,2,"
21.5796,pauze,0,MM1 ?AI
21.5796,pauze,0,MM0 ?AI
21.5796,pauze,0,MM1 AI=0:0:2337:2311:0:0
21.5796,pauze,0,MM0 AI=0:0:2419:2424:0:0
21.6044,pauze,0,"#16,YAW,-0.06,GYRO,-13,44,-8,ACC,4,2,255,ADC,1231,498,5,2,"
21.6044,pauze,0,MM1 ?C
21.6044,pauze,0,MM0 ?C
21.6044,pauze,0,MM1 C=2299:-2285
21.6044,pauze,0,MM0 C=2347:-2354
21.6390,pauze,0,"#17,YAW,-0.06,GYRO,-12,45,-7,ACC,1,3,258,ADC,1265,501,5,1,"
21.6391,pauze,0,MM1 ?D
21.6391,pauze,0,MM0 ?D
21.6391,pauze,0,MM1 D=49
21.6391,pauze,0,MM0 D=41
21.6391,pauze,0,MM1 !M 0 0
21.6391,pauze,0,MM0 !M 0 0
21.6391,pauze,0,MM1 +
21.6391,pauze,0,MM0 +
21.6391,pauze,0,"$GPRMC,113713.4,A,5050.51525,N,00419.37544,E,000.40,002.3,081026,000.4,E*5D"
21.6391,pauze,0,"#18,YAW,-0.06,GYRO,-12,45,-7,ACC,5,3,256,ADC,1237,453,4,2,"
21.6391,pauze,0,MM1 ?FF
21.6391,pauze,0,MM0 ?FF
21.6391,pauze,0,MM1 FF=0
21.6392,pauze,0,MM0 FF=0
21.6596,pauze,0,"#19,YAW,-0.06,GYRO,-12,45,-5,ACC,2,1,261,ADC,1220,382,5,1,"
21.6596,pauze,0,MM1 ?P
21.6596,pauze,0,MM0 ?P
21.6596,pauze,0,MM1 P=0:0
21.6596,pauze,0,MM0 P=0:0
21.6806,pauze,0,"#20,YAW,-0.06,GYRO,-14,45,-6,ACC,1,1,255,ADC,1243,388,5,2,"
21.6806,pauze,0,MM1 ?S
21.6806,pauze,0,MM0 ?S
21.6806,pauze,0,MM1 S=0:0
21.6806,pauze,0,MM0 S=0:0
21.7067,pauze,0,"#21,YAW,-0.06,GYRO,-13,46,-5,ACC,4,1,257,ADC,1259,381,4,2,"
21.7067,pauze,0,MM1 ?T
21.7067,pauze,0,MM0 ?T
21.7067,pauze,0,MM1 T=36:33
21.7067,pauze,0,MM0 T=35:34
21.7407,pauze,0,"#22,YAW,-0.06,GYRO,-13,45,-5,ACC,5,2,258,ADC,1266,386,8,2,"
21.7407,pauze,0,MM1 ?V
21.7407,pauze,0,MM0 ?V
21.7407,pauze,0,MM1 V=120:227:4901
21.7407,pauze,0,MM0 V=120:227:4904
21.7407,pauze,0,"#23,YAW,-0.06,GYRO,-12,46,-6,ACC,4,1,258,ADC,1208,381,6,1,"
21.7407,pauze,0,MM0 ?CR
21.7407,pauze,0,MM1 ?CR
21.7408,pauze,0,MM1 CR=0:0
21.7408,pauze,0,MM0 CR=0:0
21.7623,pauze,0,"#24,YAW,-0.06,GYRO,-11,45,-6,ACC,5,2,258,ADC,1242,387,7,2,"
21.7623,pauze,0,MM0 ?A
21.7623,pauze,0,MM1 ?A
21.7623,pauze,0,MM1 A=0:0
21.7623,pauze,0,MM0 A=0:0
21.7828,pauze,0,"#25,YAW,-0.06,GYRO,-11,45,-8,ACC,2,2,257,ADC,1286,497,7,2,"
21.7828,pauze,0,MM0 ?AI
21.7828,pauze,0,MM1 ?AI
21.7828,pauze,0,MM0 AI=0:0:2408:2417:0:0
21.7828,pauze,0,MM1 AI=0:0:2311:2323:0:0
21.8059,pauze,0,"#26,YAW,-0.06,GYRO,-12,45,-5,ACC,3,2,258,ADC,1231,385,4,1,"
21.8059,pauze,0,MM0 ?C
21.8059,pauze,0,MM1 ?C
21.8059,pauze,0,MM0 C=2347:-2354
21.8060,pauze,0,MM1 C=2299:-2285
21.8426,pauze,0,"#27,YAW,-0.06,GYRO,-12,44,-8,ACC,-1,1,254,ADC,1221,379,4,1,"
21.8426,pauze,0,MM0 ?D
21.8426,pauze,0,MM1 ?D
21.8426,pauze,0,MM0 D=33
21.8426,pauze,0,MM1 D=49
21.8427,pauze,0,MM1 !M 0 0PING
21.8427,pauze,0,MM0 !M 0 0PING
21.8427,pauze,0,MM1 +
21.8427,pauze,0,MM0 +
21.8427,pauze,0,MM0 !M 0 0
21.8427,pauze,0,MM1 !M 0 0
21.8427,pauze,0,MM0 +
21.8427,pauze,0,MM1 +
21.8427,pauze,0,"$GPRMC,113713.6,A,5050.51522,N,00419.37545,E,000.42,002.3,081026,000.4,E*5B"
21.8427,pauze,0,"#28,YAW,-0.06,GYRO,-12,45,-7,ACC,1,1,255,ADC,1270,413,4,1,"
21.8427,pauze,0,MM0 ?FF
21.8427,pauze,0,MM1 ?FF
21.8427,pauze,0,MM0 FF=0
21.8427,pauze,0,MM1 FF=0
21.8638,pauze,0,"#29,YAW,-0.05,GYRO,-13,44,-6,ACC,3,3,258,ADC,1251,406,5,1,"
21.8638,pauze,0,MM0 ?P
21.8638,pauze,0,MM1 ?P
21.8638,pauze,0,MM0 P=0:0
21.8638,pauze,0,MM1 P=0:0
21.8849,pauze,0,"#30,YAW,-0.05,GYRO,-12,44,-6,ACC,0,1,256,ADC,1280,500,5,2,"
21.8849,pauze,0,MM0 ?S
21.8849,pauze,0,MM1 ?S
21.8849,pauze,0,MM0 S=0:0
21.8849,pauze,0,MM1 S=0:0
21.9119,pauze,0,"#31,YAW,-0.05,GYRO,-12,45,-5,ACC,6,2,251,ADC,1266,388,4,1,"
21.9120,pauze,0,MM0 ?T
21.9120,pauze,0,MM1 ?T
21.9120,pauze,0,MM0 T=35:34
21.9120,pauze,0,MM1 T=36:33
21.9120,pauze,0,"#32,YAW,-0.05,GYRO,-13,44,-7,ACC,4,0,257,ADC,1263,501,7,1,"
21.9459,pauze,0,MM0 ?V
21.9459,pauze,0,MM1 ?V
21.9459,pauze,0,MM0 V=120:226:4905
21.9459,pauze,0,MM1 V=120:227:4900
21.9459,pauze,0,MM0 !M 0 0
21.9459,pauze,0,MM1 !M 0 0
21.9459,pauze,0,MM0 +
21.9459,pauze,0,MM1 +
21.9459,pauze,0,"#33,YAW,-0.05,GYRO,-12,46,-7,ACC,4,0,258,ADC,1228,307,3,1,"
21.9459,pauze,0,MM0 ?CR
21.9459,pauze,0,MM1 ?CR
21.9459,pauze,0,MM0 CR=0:0
21.9459,pauze,0,MM1 CR=0:0
21.9459,pauze,0,"#34,YAW,-0.05,GYRO,-12,48,-7,ACC,2,1,257,ADC,1238,497,5,2,"
21.9667,pauze,0,MM0 ?A
21.9667,pauze,0,MM1 ?A
21.9667,pauze,0,MM0 A=0:0
21.9667,pauze,0,MM1 A=0:0
21.9667,pauze,0,"#35,YAW,-0.06,GYRO,-11,46,-7,ACC,5,1,254,ADC,1236,382,5,2,"
21.9667,pauze,0,MM0 ?AI
21.9878,pauze,0,MM1 ?AI
21.9878,pauze,0,MM0 AI=0:0:2405:2428:0:0
21.9878,pauze,0,MM1 AI=0:0:2334:2324:0:0
21.9878,pauze,0,"#36,YAW,-0.06,GYRO,-11,44,-5,ACC,2,3,257,ADC,1237,381,6,2,"
21.9878,pauze,0,MM0 ?C
21.9878,pauze,0,MM1 ?C
22.0142,pauze,0,MM0 C=2347:-2354
22.0142,pauze,0,MM1 C=2299:-2285
22.0142,pauze,0,"#37,YAW,-0.06,GYRO,-11,45,-6,ACC,2,2,257,ADC,1295,500,5,1,"
22.0142,pauze,0,MM0 ?D
22.0142,pauze,0,MM1 ?D
22.0142,pauze,0,MM0 D=33
22.0142,pauze,0,MM1 D=49
22.0489,pauze,0,"$GPRMC,113713.8,A,5050.51520,N,00419.37547,E,000.44,002.3,081026,000.4,E*53"
22.0489,pauze,0,"#38,YAW,-0.06,GYRO,-11,47,-6,ACC,2,1,258,ADC,1238,423,5,2,"
22.0489,pauze,0,MM0 !M 0 0
22.0489,pauze,0,MM0 +
22.0489,pauze,0,MM1 !M 0 0
22.0489,pauze,0,MM1 +
22.0489,pauze,0,MM0 ?FF
22.0489,pauze,0,MM1 ?FF
22.0489,pauze,0,MM0 FF=0
22.0489,pauze,0,MM1 FF=0
22.0489,pauze,0,"#39,YAW,-0.05,GYRO,-13,48,-5,ACC,3,3,255,ADC,1231,320,4,2,"
22.0489,pauze,0,MM0 ?P
22.0489,pauze,0,MM1 ?P
22.0489,pauze,0,MM0 P=0:0
22.0699,pauze,0,MM1 P=0:0
22.0699,pauze,0,"#40,YAW,-0.05,GYRO,-12,44,-6,ACC,1,3,257,ADC,1279,501,4,2,"
22.0699,pauze,0,MM0 ?S
22.0699,pauze,0,MM1 ?S
22.0699,pauze,0,MM0 S=0:0
22.0699,pauze,0,MM1 S=0:0
22.0906,pauze,0,"#41,YAW,-0.05,GYRO,-12,44,-7,ACC,1,0,256,ADC,1255,500,5,1,"
22.0906,pauze,0,MM0 ?T
22.0906,pauze,0,MM1 ?T
22.0906,pauze,0,MM0 T=35:34
22.0906,pauze,0,MM1 T=36:33
22.1162,pauze,0,"#42,YAW,-0.05,GYRO,-12,47,-6,ACC,1,3,256,ADC,1252,387,7,2,"
22.1162,pauze,0,MM0 ?V
22.1162,pauze,0,MM1 ?V
22.1162,pauze,0,MM0 V=120:227:4904
22.1162,pauze,0,MM1 V=120:228:4901
22.1520,pauze,0,"#43,YAW,-0.05,GYRO,-13,46,-7,ACC,5,3,258,ADC,1222,384,5,2,"
22.1520,pauze,0,MM0 ?CR
22.1520,pauze,0,MM1 ?CR
22.1520,pauze,0,MM0 CR=0:0
22.1520,pauze,0,MM1 CR=0:0
22.1520,pauze,0,MM0 !M 0 0
22.1520,pauze,0,MM1 !M 0 0
22.1520,pauze,0,MM0 +
22.1521,pauze,0,MM1 +
22.1521,pauze,0,"#44,YAW,-0.05,GYRO,-12,48,-6,ACC,3,1,256,ADC,1297,501,5,2,"
22.1521,pauze,0,MM0 ?A
22.1521,pauze,0,MM1 ?A
22.1521,pauze,0,MM0 A=0:0
22.1521,pauze,0,MM1 A=0:0
22.1720,pauze,0,"#45,YAW,-0.05,GYRO,-13,47,-7,ACC,2,2,259,ADC,1278,502,6,2,"
22.1720,pauze,0,MM0 ?AI
22.1720,pauze,0,MM1 ?AI
22.1720,pauze,0,MM0 AI=0:0:2407:2409:0:0
22.1720,pauze,0,MM1 AI=0:0:2302:2345:0:0
22.1928,pauze,0,"#46,YAW,-0.05,GYRO,-13,45,-6,ACC,3,1,257,ADC,1228,383,4,1,"
22.1928,pauze,0,MM0 ?C
22.1928,pauze,0,MM1 ?C
22.1928,pauze,0,MM0 C=2347:-2354
22.1928,pauze,0,MM1 C=2299:-2285
22.2188,pauze,0,"#47,YAW,-0.05,GYRO,-12,44,-6,ACC,5,3,259,ADC,1262,385,8,1,"
22.2188,pauze,0,MM0 ?D
22.2188,pauze,0,MM1 ?D
22.2188,pauze,0,MM0 D=33
22.2188,pauze,0,MM1 D=49
22.2527,pauze,0,"$GPRMC,113714.0,A,5050.51517,N,00419.37548,E,000.47,002.3,081026,000.4,E*54"
22.2528,pauze,0,"#48,YAW,-0.05,GYRO,-10,46,-7,ACC,2,2,257,ADC,1228,338,5,2,"
22.2528,pauze,0,MM0 ?FF
22.2528,pauze,0,MM1 ?FF
22.2528,pauze,0,MM0 FF=0
22.2528,pauze,0,MM1 FF=0
22.2528,pauze,0,MM1 !M 0 0
22.2528,pauze,0,MM0 !M 0 0
22.2528,pauze,0,MM1 +
22.2528,pauze,0,MM0 +
22.2528,pauze,0,"#49,YAW,-0.05,GYRO,-11,45,-6,ACC,-1,4,256,ADC,1276,396,5,2,"
22.2528,pauze,0,MM0 ?P
22.2528,pauze,0,MM1 ?P
22.2528,pauze,0,MM0 P=0:0
22.2528,pauze,0,MM1 P=0:0
22.2737,pauze,0,"#50,YAW,-0.05,GYRO,-12,44,-4,ACC,4,1,256,ADC,1266,390,5,2,"
22.2738,pauze,0,MM0 ?S
22.2738,pauze,0,MM1 ?S
22.2738,pauze,0,MM0 S=0:0
22.2738,pauze,0,MM1 S=0:0
22.2946,pauze,0,"#51,YAW,-0.05,GYRO,-12,46,-5,ACC,0,3,257,ADC,1234,381,4,2,"
22.2946,pauze,0,MM0 ?T
22.2946,pauze,0,MM1 ?T
22.2946,pauze,0,MM0 T=35:34
22.2946,pauze,0,MM1 T=36:33
22.3181,pauze,0,"#52,YAW,-0.05,GYRO,-11,46,-7,ACC,3,2,254,ADC,1232,386,4,2,"
22.3181,pauze,0,MM0 ?V
22.3181,pauze,0,MM1 ?V
22.3181,pauze,0,MM0 V=120:227:4905
22.3181,pauze,0,MM1 V=120:226:4901
22.3538,pauze,0,"#53,YAW,-0.05,GYRO,-12,45,-6,ACC,1,2,255,ADC,1267,380,4,2,"
22.3538,pauze,0,MM0 ?CR
22.3538,pauze,0,MM1 ?CR
22.3538,pauze,0,MM0 CR=0:0
22.3538,pauze,0,MM1 CR=0:0
22.3538,pauze,0,MM0 !M 0 0
22.3538,pauze,0,MM1 !M 0 0
22.3538,pauze,0,MM0 +
22.3538,pauze,0,MM1 +
22.3538,pauze,0,"#54,YAW,-0.05,GYRO,-13,46,-6,ACC,5,1,258,ADC,1264,384,4,1,"
22.3538,pauze,0,MM0 ?A
22.3538,pauze,0,MM1 ?A
22.3538,pauze,0,MM0 A=0:0
22.3538,pauze,0,MM1 A=0:0
22.3748,pauze,0,"#55,YAW,-0.05,GYRO,-13,46,-5,ACC,6,2,260,ADC,1246,389,6,2,"
22.3748,pauze,0,MM0 ?AI
22.3749,pauze,0,MM1 ?AI
22.3749,pauze,0,MM0 AI=0:0:2412:2435:0:0
22.3749,pauze,0,MM1 AI=0:0:2322:2364:0:0
22.3954,pauze,0,"#56,YAW,-0.05,GYRO,-13,45,-6,ACC,5,1,254,ADC,1281,502,4,1,"
22.3954,pauze,0,MM0 ?C
22.3954,pauze,0,MM1 ?C
22.3954,pauze,0,MM0 C=2347:-2354
22.3954,pauze,0,MM1 C=2299:-2285
22.4164,pauze,0,"#57,YAW,-0.05,GYRO,-12,43,-6,ACC,5,2,255,ADC,1304,501,6,2,"
22.4165,pauze,0,MM0 ?D
22.4165,pauze,0,MM1 ?D
22.4165,pauze,0,MM0 D=33
22.4166,pauze,0,MM1 D=49
22.4556,pauze,0,"#58,YAW,-0.05,GYRO,-13,45,-6,ACC,5,2,258,ADC,1245,500,5,1,"
22.4557,pauze,0,"$GPRMC,113714.2,A,5050.51515,N,00419.37549,E,000.49,002.3,081026,000.4,E*5B"
22.4557,pauze,0,MM0 ?FF
22.4557,pauze,0,MM1 ?FF
22.4557,pauze,0,MM0 FF=0
22.4557,pauze,0,MM1 FF=0
22.4557,pauze,0,MM1 !M 0 0
22.4557,pauze,0,MM0 !M 0 0
22.4557,pauze,0,MM1 +
22.4557,pauze,0,MM0 +
22.4557,pauze,0,"#59,YAW,-0.05,GYRO,-13,46,-6,ACC,3,1,261,ADC,1228,385,4,1,"
22.4557,pauze,0,MM0 ?P
22.4557,pauze,0,MM1 ?P
22.4557,pauze,0,MM0 P=0:0
22.4557,pauze,0,MM1 P=0:0
22.4765,pauze,0,"#60,YAW,-0.05,GYRO,-10,46,-7,ACC,1,1,254,ADC,1219,383,6,2,"
22.4766,pauze,0,MM0 ?S
22.4766,pauze,0,MM1 ?S
22.4766,pauze,0,MM0 S=0:0
22.4766,pauze,0,MM1 S=0:0
22.4978,pauze,0,"#61,YAW,-0.05,GYRO,-14,47,-6,ACC,6,2,257,ADC,1224,392,4,1,"
22.4978,pauze,0,MM0 ?T
22.4978,pauze,0,MM1 ?T
22.4979,pauze,0,MM0 T=35:34
22.4979,pauze,0,MM1 T=36:33
22.5186,terug,0,"#62,YAW,-0.05,GYRO,-12,46,-5,ACC,1,3,263,ADC,1248,394,4,1,"
22.5186,terug,0,MM0 ?V
22.5186,terug,0,MM1 ?V
22.5186,terug,0,MM0 V=120:227:4904
22.5186,terug,0,MM1 V=120:226:4901
22.5587,terug,0,"#63,YAW,-0.05,GYRO,-12,45,-6,ACC,3,1,255,ADC,1276,403,9,2,"
22.5587,terug,0,MM0 ?CR
22.5587,terug,0,MM1 ?CR
22.5587,terug,0,MM0 CR=0:0
22.5587,terug,0,MM1 CR=0:0
22.5587,terug,0,MM1 !M 0 0
22.5587,terug,0,MM0 !M 0 0
22.5587,terug,0,MM1 +
22.5587,terug,0,MM0 +
22.5587,terug,0,"#64,YAW,-0.05,GYRO,-12,45,-6,ACC,3,0,255,ADC,1246,386,5,2,"
22.5587,terug,0,MM0 ?A
22.5587,terug,0,MM1 ?A
22.5587,terug,0,MM0 A=0:0
22.5587,terug,0,MM1 A=0:0
22.5928,terug,0,"#65,YAW,-0.05,GYRO,-12,44,-7,ACC,5,0,260,ADC,1273,499,8,2,"
22.5928,terug,0,MM0 ?AI
22.5928,terug,0,MM1 ?AI
22.5928,terug,0,MM0 AI=0:0:2415:2413:0:0
22.5928,terug,0,MM1 AI=0:0:2342:2357:0:0
22.5928,terug,0,MM0 !M 0 0
22.5928,terug,0,MM1 !M 0 0
22.5928,terug,0,MM1 +
22.5928,terug,0,MM0 +
22.5928,terug,0,"#66,YAW,-0.05,GYRO,-12,46,-6,ACC,2,3,257,ADC,1281,502,8,2,"
22.5929,terug,0,MM0 ?C
22.5929,terug,0,MM1 ?C
22.5929,terug,0,MM0 C=2347:-2354
22.5929,terug,0,MM1 C=2299:-2285
22.6135,terug,0,"#67,YAW,-0.05,GYRO,-13,45,-6,ACC,2,2,255,ADC,1212,395,7,2,"
22.6136,terug,0,MM0 ?D
22.6136,terug,0,MM1 ?D
22.6136,terug,0,MM0 D=33
22.6136,terug,0,MM1 D=49
22.6481,terug,0,MM0 !M 0 0
22.6482,terug,0,MM1 !M 0 0
22.6482,terug,0,MM0 +
22.6482,terug,0,MM1 +
22.6482,terug,0,"$GPRMC,113714.4,A,5050.51512,N,00419.37550,E,000.49,002.3,081026,000.4,E*52"
22.6482,terug,0,"#68,YAW,-0.05,GYRO,-13,46,-5,ACC,5,1,259,ADC,1234,391,5,1,"
22.6482,terug,0,MM0 ?FF
22.6482,terug,0,MM1 ?FF
22.6482,terug,0,MM0 FF=0
22.6482,terug,0,MM1 FF=0
22.6482,terug,0,"#69,YAW,-0.05,GYRO,-12,47,-6,ACC,5,4,258,ADC,1247,419,7,2,"
22.6482,terug,0,MM0 ?P
22.6482,terug,0,MM1 ?P
22.6686,terug,0,MM0 P=0:0
22.6687,terug,0,MM1 P=0:0
22.6687,terug,0,"#70,YAW,-0.05,GYRO,-13,48,-8,ACC,6,0,258,ADC,1262,390,4,1,"
22.6687,terug,0,MM0 ?S
22.6687,terug,0,MM1 ?S
22.6687,terug,0,MM0 S=0:0
22.7028,terug,0,MM1 S=0:0
22.7028,terug,0,MM0 !M 0 0
22.7028,terug,0,MM1 !M 0 0
22.7028,terug,0,MM0 +
22.7028,terug,0,MM1 +
22.7028,terug,0,"#71,YAW,-0.05,GYRO,-11,47,-6,ACC,3,3,253,ADC,1242,389,6,1,"
22.7028,terug,0,MM0 ?T
22.7028,terug,0,MM1 ?T
22.7028,terug,0,MM0 T=35:34
22.7028,terug,0,MM1 T=36:33
22.7538,terug,0,"#72,YAW,-0.05,GYRO,-11,45,-6,ACC,5,0,254,ADC,1246,502,6,2,"
22.7538,terug,0,MM0 ?V
22.7538,terug,0,MM1 ?V
22.7538,terug,0,MM0 V=120:227:4904
22.7538,terug,0,MM1 V=120:227:4899
22.7538,terug,0,"#73,YAW,-0.05,GYRO,-12,45,-5,ACC,3,-1,258,ADC,1228,393,4,2,"
22.7538,terug,0,MM0 ?CR
22.7538,terug,0,MM1 ?CR
22.7538,terug,0,MM0 CR=0:0
22.7538,terug,0,MM1 CR=0:0
22.7538,terug,0,MM1 !M 0 0
22.7538,terug,0,MM0 !M 0 0
22.7538,terug,0,MM1 +
22.7539,terug,0,MM0 +
22.7539,terug,0,"#74,YAW,-0.05,GYRO,-12,46,-7,ACC,3,1,256,ADC,1259,391,5,2,"
22.7539,terug,0,MM0 ?A
22.7539,terug,0,MM1 ?A
22.7539,terug,0,MM0 A=0:0
22.7539,terug,0,MM1 A=0:0
22.8039,terug,0,"#75,YAW,-0.05,GYRO,-11,45,-7,ACC,4,1,257,ADC,1239,388,5,1,"
22.8039,terug,0,MM0 ?AI
22.8039,terug,0,MM1 ?AI
22.8039,terug,0,MM0 AI=0:0:2399:2418:0:0
22.8039,terug,0,MM1 AI=0:0:2327:2335:0:0
22.8039,terug,0,MM0 !M 0 0
22.8039,terug,0,MM1 !M 0 0
22.8039,terug,0,MM0 +
22.8039,terug,0,MM1 +
22.8039,terug,0,"#76,YAW,-0.05,GYRO,-11,45,-6,ACC,1,3,256,ADC,1270,500,5,1,"
22.8039,terug,0,MM0 ?C
22.8039,terug,0,MM1 ?C
22.8039,terug,0,MM0 C=2347:-2354
22.8039,terug,0,MM1 C=2299:-2285
22.8071,terug,0,DOEL terug -6.5000 r=0.13360
22.8547,terug,0,"#77,YAW,-0.05,GYRO,-12,45,-6,ACC,1,1,258,ADC,1259,500,5,2,"
22.8547,terug,0,MM0 ?D
22.8548,terug,0,MM1 ?D
22.8548,terug,0,MM0 D=33
22.8548,terug,0,MM1 D=49
22.8548,terug,0,"$GPRMC,113714.6,A,5050.51509,N,00419.37551,E,000.50,002.3,081026,000.4,E*53"
22.8548,terug,0,"#78,YAW,-0.05,GYRO,-12,46,-8,ACC,4,1,257,ADC,1238,387,7,2,"
22.8548,terug,0,MM0 ?FF
22.8548,terug,0,MM1 ?FF
22.8548,terug,0,MM0 FF=0
22.8548,terug,0,MM1 FF=0
22.8548,terug,0,MM1 !M 0 0
22.8548,terug,0,MM0 !M 0 0
22.8548,terug,0,MM1 +
22.8548,terug,0,MM0 +
22.8548,terug,0,"#79,YAW,-0.04,GYRO,-11,46,-5,ACC,3,1,256,ADC,1261,396,8,2,"
22.8548,terug,0,MM0 ?P
22.8548,terug,0,MM1 ?P
22.8548,terug,0,MM0 P=0:0
22.8548,terug,0,MM1 P=0:0
22.9048,terug,-8,"#80,YAW,-0.04,GYRO,-12,46,-5,ACC,6,1,257,ADC,1239,381,5,2,"
22.9048,terug,-8,MM0 ?S
22.9048,terug,-8,MM1 ?S
22.9048,terug,-8,MM0 S=0:0
22.9048,terug,-8,MM1 S=0:0
22.9049,terug,-8,MM0 !M -10 6
22.9049,terug,-8,MM1 !M -10 6
22.9049,terug,-8,MM0 +
22.9049,terug,-8,MM1 +
22.9049,terug,-8,"#81,YAW,-0.04,GYRO,-13,45,-6,ACC,6,1,259,ADC,1260,501,4,2,"
22.9049,terug,-8,MM0 ?T
22.9049,terug,-8,MM1 ?T
22.9049,terug,-8,MM0 T=35:34
22.9049,terug,-8,MM1 T=36:33
22.9558,terug,-16,"#82,YAW,-0.04,GYRO,-12,46,-6,ACC,2,2,258,ADC,1250,500,4,2,"
22.9559,terug,-16,MM0 ?V
22.9559,terug,-16,MM1 ?V
22.9559,terug,-16,MM0 V=120:227:4904
22.9559,terug,-16,MM1 V=120:226:4901
22.9559,terug,-16,"#83,YAW,-0.05,GYRO,-12,45,-5,ACC,4,0,257,ADC,1200,381,5,2,"
22.9559,terug,-16,MM0 ?CR
22.9559,terug,-16,MM1 ?CR
22.9559,terug,-16,MM0 CR=0:0
22.9559,terug,-16,MM1 CR=0:0
22.9559,terug,-16,MM1 !M -20 12
22.9559,terug,-16,MM0 !M -20 12
22.9559,terug,-16,MM1 +
22.9559,terug,-16,MM0 +
22.9559,terug,-16,"#84,YAW,-0.05,GYRO,-10,46,-6,ACC,-2,2,260,ADC,1268,498,5,2,"
22.9559,terug,-16,MM0 ?A
22.9559,terug,-16,MM1 ?A
22.9559,terug,-16,MM0 A=0:0
22.9559,terug,-16,MM1 A=0:0
23.0060,terug,-25,"#85,YAW,-0.05,GYRO,-12,43,-5,ACC,0,1,260,ADC,1273,385,10,2,"
23.0060,terug,-25,MM0 ?AI
23.0060,terug,-25,MM1 ?AI
23.0060,terug,-25,MM0 AI=0:0:2408:2391:0:0
23.0060,terug,-25,MM1 AI=0:0:2318:2324:0:0
23.0060,terug,-25,MM1 !M -32 18
23.0060,terug,-25,MM0 !M -32 18
23.0060,terug,-25,MM1 +
23.0060,terug,-25,MM0 +
23.0060,terug,-25,"#86,YAW,-0.05,GYRO,-11,47,-5,ACC,1,0,253,ADC,1283,300,4,1,"
23.0060,terug,-25,MM0 ?C
23.0060,terug,-25,MM1 ?C
23.0060,terug,-25,MM0 C=2347:-2354
23.0061,terug,-25,MM1 C=2299:-2285
23.0557,terug,-33,"#87,YAW,-0.05,GYRO,-10,56,-3,ACC,-2,1,259,ADC,1232,382,10,2,"
23.0557,terug,-33,MM0 ?D
23.0557,terug,-33,MM1 ?D
23.0557,terug,-33,MM0 D=33
23.0558,terug,-33,MM1 D=49
23.0558,terug,-33,"$GPRMC,113714.8,A,5050.51506,N,00419.37552,E,000.52,002.3,081026,000.4,E*53"
23.0558,terug,-33,"#88,YAW,-0.05,GYRO,-12,39,-1,ACC,2,0,256,ADC,1230,384,6,1,"
23.0558,terug,-33,MM0 ?FF
23.0558,terug,-33,MM1 ?FF
23.0558,terug,-33,MM0 FF=0
23.0558,terug,-33,MM1 FF=0
23.0558,terug,-33,MM0 !M -42 24
23.0558,terug,-33,MM1 !M -42 24
23.0558,terug,-33,MM0 +
23.0558,terug,-33,MM1 +
23.0558,terug,-33,"#89,YAW,-0.04,GYRO,-12,47,-6,ACC,-3,0,256,ADC,1225,388,5,3,"
23.0558,terug,-33,MM0 ?P
23.0558,terug,-33,MM1 ?P
23.0558,terug,-33,MM0 P=-42:24
23.0558,terug,-33,MM1 P=-42:24
23.1074,terug,-41,"#90,YAW,-0.04,GYRO,-14,42,-5,ACC,4,1,256,ADC,1225,388,4,2,"
23.1074,terug,-41,MM0 ?S
23.1075,terug,-41,MM1 ?S
23.1075,terug,-41,MM0 S=0:0
23.1075,terug,-41,MM1 S=0:0
23.1075,terug,-41,MM1 !M -53 29
23.1075,terug,-41,MM0 !M -53 29
23.1076,terug,-41,MM1 +
23.1076,terug,-41,MM0 +
23.1076,terug,-41,"#91,YAW,-0.04,GYRO,-11,45,-7,ACC,6,3,259,ADC,1280,309,6,2,"
23.1076,terug,-41,MM0 ?T
23.1077,terug,-41,MM1 ?T
23.1077,terug,-41,MM0 T=35:34
23.1077,terug,-41,MM1 T=36:33
23.1077,terug,-41,"#92,YAW,-0.04,GYRO,-9,57,-5,ACC,0,1,258,ADC,1301,393,4,1,"
23.1077,terug,-41,MM0 ?V
23.1616,terug,-58,MM1 ?V
23.1616,terug,-58,MM0 V=120:226:4904
23.1616,terug,-58,MM1 V=120:226:4901
23.1616,terug,-58,"#93,YAW,-0.04,GYRO,-14,36,1,ACC,3,1,257,ADC,1242,384,6,2,"
23.1616,terug,-58,MM0 ?CR
23.1616,terug,-58,MM1 ?CR
23.1616,terug,-58,MM0 CR=0:0
23.1616,terug,-58,MM1 CR=0:0
23.1616,terug,-58,MM1 !M -65 35
23.1616,terug,-58,MM0 !M -65 35
23.1616,terug,-58,MM1 +
23.1616,terug,-58,MM0 +
23.1616,terug,-58,"#94,YAW,-0.04,GYRO,-10,46,3,ACC,2,-1,254,ADC,1293,501,7,2,"
23.1616,terug,-58,MM1 ?A
23.1616,terug,-58,MM0 ?A
23.1616,terug,-58,MM0 A=0:0
23.1616,terug,-58,MM1 A=0:0
23.1957,terug,-58,"#95,YAW,-0.05,GYRO,-11,53,8,ACC,-2,0,258,ADC,1243,383,6,2,"
23.1957,terug,-58,MM0 ?AI
23.1957,terug,-58,MM1 ?AI
23.1957,terug,-58,MM0 AI=0:0:2435:2434:0:0
23.1957,terug,-58,MM1 AI=0:0:2308:2363:0:0
23.1957,terug,-58,MM0 !M -75 41
23.1957,terug,-58,MM0 +
23.1957,terug,-58,MM1 !M -75 41
23.1957,terug,-58,MM1 +
23.1957,terug,-58,"#96,YAW,-0.05,GYRO,-12,41,4,ACC,-6,2,256,ADC,1247,389,4,2,"
23.1957,terug,-58,MM0 ?C
23.1957,terug,-58,MM1 ?C
23.1957,terug,-58,MM0 C=2346:-2353
23.1957,terug,-58,MM1 C=2298:-2285
23.2165,terug,-67,"#97,YAW,-0.05,GYRO,-10,56,10,ACC,-8,2,258,ADC,1250,499,5,2,"
23.2166,terug,-67,MM0 ?D
23.2166,terug,-67,MM1 ?D
23.2166,terug,-67,MM1 D=32
23.2166,terug,-67,MM0 D=0
23.2507,terug,-67,"#98,YAW,-0.05,GYRO,-9,49,6,ACC,-2,5,260,ADC,1221,383,8,2,"
23.2508,terug,-67,"$GPRMC,113715.0,A,5050.51503,N,00419.37553,E,000.53,002.3,081026,000.4,E*5F"
23.2508,terug,-67,MM0 ?FF
23.2508,terug,-67,MM1 ?FF
23.2508,terug,-67,MM1 FF=0
23.2508,terug,-67,MM0 FF=0
23.2508,terug,-67,MM1 !M -87 47
23.2508,terug,-67,MM0 !M -87 47
23.2508,terug,-67,MM1 +
23.2508,terug,-67,MM0 +
23.2508,terug,-67,"#99,YAW,-0.05,GYRO,-7,54,-11,ACC,-12,0,255,ADC,1285,315,4,2,"
23.2508,terug,-67,MM1 ?P
23.2508,terug,-67,MM0 ?P
23.2508,terug,-67,MM1 P=-87:47
23.2508,terug,-67,MM0 P=-87:47
23.2715,terug,-75,"#100,YAW,-0.04,GYRO,-14,31,-24,ACC,1,3,257,ADC,1302,394,5,2,"
23.2715,terug,-75,MM0 ?S
23.2715,terug,-75,MM1 ?S
23.2715,terug,-75,MM0 S=0:0
23.2715,terug,-75,MM1 S=0:0
23.3058,terug,-75,MM0 !M -97 53
23.3058,terug,-75,MM1 !M -97 53
23.3058,terug,-75,MM0 +
23.3058,terug,-75,MM1 +
23.3058,terug,-75,"#101,YAW,-0.04,GYRO,-14,52,-23,ACC,-7,0,250,ADC,1226,355,4,1,"
23.3058,terug,-75,MM0 ?T
23.3058,terug,-75,MM1 ?T
23.3058,terug,-75,MM0 T=35:34
23.3058,terug,-75,MM1 T=36:33
23.3608,terug,-84,"#102,YAW,-0.04,GYRO,-13,81,-3,ACC,-10,2,268,ADC,1228,383,4,1,"
23.3608,terug,-84,MM0 ?V
23.3608,terug,-84,MM1 ?V
23.3608,terug,-84,MM0 V=120:227:4903
23.3608,terug,-84,MM1 V=120:226:4899
23.3609,terug,-84,"#103,YAW,-0.04,GYRO,-16,25,25,ACC,-3,-4,259,ADC,1263,383,5,1,"
23.3609,terug,-84,MM1 ?CR
23.3609,terug,-84,MM0 ?CR
23.3609,terug,-84,MM1 CR=-3:4
23.3609,terug,-84,MM0 CR=-3:3
23.3609,terug,-84,MM0 !M -109 59
23.3609,terug,-84,MM1 !M -109 59
23.3609,terug,-84,MM0 +
23.3609,terug,-84,MM1 +
23.3609,terug,-84,"#104,YAW,-0.04,GYRO,-22,31,13,ACC,-10,0,251,ADC,1285,500,5,2,"
23.3609,terug,-84,MM0 ?A
23.3609,terug,-84,MM1 ?A
23.3609,terug,-84,MM0 A=-4:0
23.3609,terug,-84,MM1 A=-4:0
23.4100,terug,-92,"#105,YAW,-0.04,GYRO,-20,88,2,ACC,-9,1,269,ADC,1317,502,9,2,"
23.4100,terug,-92,MM1 ?AI
23.4100,terug,-92,MM0 ?AI
23.4100,terug,-92,MM1 AI=0:0:2334:2332:0:0
23.4100,terug,-92,MM0 AI=0:0:2375:2421:0:0
23.4100,terug,-92,"#106,YAW,-0.05,GYRO,-22,26,1,ACC,-15,0,255,ADC,1280,502,9,1,"
23.4100,terug,-92,MM0 ?C
23.4100,terug,-92,MM1 ?C
23.4100,terug,-92,MM1 C=2293:-2279
23.4100,terug,-92,MM0 C=2341:-2349
23.4100,terug,-92,MM0 !M -118 66
23.4100,terug,-92,MM1 !M -118 66
23.4100,terug,-92,MM0 +
23.4100,terug,-92,MM1 +
23.4100,terug,-92,"#107,YAW,-0.05,GYRO,-25,50,-9,ACC,-14,3,251,ADC,1233,385,7,1,"
23.4100,terug,-92,MM0 ?D
23.4100,terug,-92,MM1 ?D
23.4100,terug,-92,MM0 D=19
23.4101,terug,-92,MM1 D=19
23.4368,terug,-100,"#108,YAW,-0.05,GYRO,-25,40,-2,ACC,-18,4,255,ADC,1289,384,4,2,"
23.4530,terug,-100,"$GPRMC,113715.2,A,5050.51500,N,00419.37554,E,000.54,002.3,081026,000.4,E*5E"
23.4530,terug,-100,MM0 ?FF
23.4530,terug,-100,MM1 ?FF
23.4530,terug,-100,MM1 FF=0
23.4530,terug,-100,MM0 FF=0
23.4530,terug,-100,"#109,YAW,-0.05,GYRO,-28,39,-6,ACC,-13,3,264,ADC,1252,387,7,1,"
23.4531,terug,-100,MM1 ?P
23.4531,terug,-100,MM0 ?P
23.4531,terug,-100,MM1 P=-118:66
23.4531,terug,-100,MM0 P=-118:66
23.4726,terug,-109,"#110,YAW,-0.04,GYRO,-21,47,-4,ACC,-19,1,258,ADC,1236,499,5,2,"
23.4726,terug,-109,MM1 ?S
23.4726,terug,-109,MM0 ?S
23.4726,terug,-109,MM1 S=-75:75
23.4726,terug,-109,MM0 S=-75:0
23.5098,terug,-109,MM0 !M -126 74
23.5099,terug,-109,MM1 !M -126 74
23.5099,terug,-109,MM0 +
23.5099,terug,-109,"#111,YAW,-0.04,GYRO,-20,26,-12,ACC,-7,0,252,ADC,1297,395,5,2,"
23.5099,terug,-109,MM1 +
23.5099,terug,-109,MM0 ?T
23.5099,terug,-109,MM1 ?T
23.5099,terug,-109,MM0 T=35:34
23.5099,terug,-109,MM1 T=36:33
23.5099,terug,-109,MM1 !M -136 82
23.5099,terug,-109,MM0 !M -136 82
23.5099,terug,-109,MM1 +
23.5099,terug,-109,MM0 +
23.5099,terug,-109,"#112,YAW,-0.04,GYRO,-16,55,-12,ACC,-28,-11,261,ADC,1268,492,5,2,"
23.5099,terug,-109,MM1 ?V
23.5099,terug,-109,MM0 ?V
23.5099,terug,-109,MM1 V=120:228:4899
23.5316,terug,-117,MM0 V=120:227:4904
23.5317,terug,-117,"#113,YAW,-0.04,GYRO,0,75,-12,ACC,-13,2,261,ADC,1225,389,5,2,"
23.5317,terug,-117,MM1 ?CR
23.5317,terug,-117,MM0 ?CR
23.5317,terug,-117,MM1 CR=-11:10
23.5317,terug,-117,MM0 CR=-11:11
23.5685,terug,-126,"#114,YAW,-0.04,GYRO,-4,38,-16,ACC,-4,0,241,ADC,1294,391,5,2,"
23.5686,terug,-126,MM0 !M -144 90
23.5686,terug,-126,MM0 +
23.5686,terug,-126,MM1 !M -144 90
23.5686,terug,-126,MM1 +
23.5686,terug,-126,MM1 ?A
23.5686,terug,-126,MM0 ?A
23.5686,terug,-126,MM1 A=-9:0
23.5686,terug,-126,MM0 A=-4:0
23.5686,terug,-126,"#115,YAW,-0.04,GYRO,-1,35,-9,ACC,-10,3,244,ADC,1259,502,5,2,"
23.5686,terug,-126,MM1 ?AI
23.5686,terug,-126,MM0 ?AI
23.6028,terug,-126,MM1 AI=0:0:2324:2311:0:0
23.6028,terug,-126,MM0 AI=0:0:2399:2406:0:0
23.6028,terug,-126,MM1 !M -154 98
23.6028,terug,-126,MM0 !M -154 98
23.6028,terug,-126,MM1 +
23.6028,terug,-126,MM0 +
23.6028,terug,-126,"#116,YAW,-0.04,GYRO,3,31,4,ACC,-10,-2,270,ADC,1250,403,4,1,"
23.6028,terug,-126,MM1 ?C
23.6028,terug,-126,MM0 ?C
23.6029,terug,-126,MM1 C=2280:-2266
23.6029,terug,-126,MM0 C=2328:-2335
23.6237,terug,-134,"#117,YAW,-0.04,GYRO,3,60,7,ACC,-15,4,263,ADC,1289,501,4,1,"
23.6238,terug,-134,MM1 ?D
23.6238,terug,-134,MM0 ?D
23.6238,terug,-134,MM1 D=48
23.6238,terug,-134,MM0 D=32
23.6593,terug,-134,"#118,YAW,-0.04,GYRO,2,51,13,ACC,-11,10,249,ADC,1244,382,5,2,"
23.6594,terug,-134,MM1 ?FF
23.6594,terug,-134,MM0 ?FF
23.6594,terug,-134,MM1 FF=0
23.6594,terug,-134,"$GPRMC,113715.4,A,5050.51497,N,00419.37554,E,000.55,002.3,081026,000.4,E*56"
23.6594,terug,-134,MM0 FF=0
23.6594,terug,-134,"#119,YAW,-0.05,GYRO,7,29,11,ACC,-8,2,253,ADC,1276,499,5,2,"
23.6594,terug,-134,MM1 ?P
23.6594,terug,-134,MM0 ?P
23.6594,terug,-134,MM1 P=-154:98
23.6594,terug,-134,MM0 P=-154:98
23.6786,terug,-142,"#120,YAW,-0.04,GYRO,7,30,8,ACC,-6,2,242,ADC,1303,501,5,1,"
23.6786,terug,-142,MM1 ?S
23.6786,terug,-142,MM0 ?S
23.6786,terug,-142,MM1 S=-75:75
23.6786,terug,-142,MM0 S=-75:75
23.6786,terug,-142,MM0 !M -162 106
23.6786,terug,-142,MM1 !M -162 106
23.6786,terug,-142,MM0 +
23.6786,terug,-142,MM1 +
23.6786,terug,-142,MM0 PING
23.6786,terug,-142,MM1 PING
23.7126,terug,-142,"#121,YAW,-0.04,GYRO,-22,38,12,ACC,-11,8,253,ADC,1250,408,5,2,"
23.7126,terug,-142,MM1 ?T
23.7126,terug,-142,MM0 ?T
23.7126,terug,-142,MM1 T=36:33
23.7127,terug,-142,MM0 T=35:34
23.7127,terug,-142,"#122,YAW,-0.04,GYRO,-35,55,20,ACC,-17,11,264,ADC,1228,381,3,1,"
23.7127,terug,-142,MM1 ?V
23.7127,terug,-142,MM0 ?V
23.7127,terug,-142,MM1 V=120:226:4899
23.7127,terug,-142,MM0 V=120:227:4905
23.7629,terug,-151,"#123,YAW,-0.04,GYRO,-41,41,19,ACC,-19,3,254,ADC,1259,397,9,2,"
23.7629,terug,-151,MM0 !M -169 115
23.7629,terug,-151,MM0 +
23.7629,terug,-151,MM1 !M -169 115
23.7629,terug,-151,MM1 +
23.7629,terug,-151,MM0 PING
23.7629,terug,-151,MM1 PING
23.7629,terug,-151,MM0 ?CR
23.7629,terug,-151,MM1 ?CR
23.7629,terug,-151,MM0 CR=-20:19
23.7629,terug,-151,MM1 CR=-20:19
23.7629,terug,-151,"#124,YAW,-0.04,GYRO,-16,19,5,ACC,-5,-7,243,ADC,1221,382,5,2,"
23.7629,terug,-151,MM1 ?A
23.7629,terug,-151,MM0 ?A
23.7629,terug,-151,MM1 A=-9:0
23.7629,terug,-151,MM0 A=-9:0
23.8147,terug,-159,"#125,YAW,-0.04,GYRO,2,58,-19,ACC,-16,-4,265,ADC,1285,504,4,2,"
23.8147,terug,-159,MM0 ?AI
23.8147,terug,-159,MM1 ?AI
23.8147,terug,-159,MM0 AI=0:0:2400:2440:0:0
23.8147,terug,-159,MM1 AI=0:0:2295:2312:0:0
23.8147,terug,-159,MM1 !M -178 124
23.8147,terug,-159,MM0 !M -178 124
23.8147,terug,-159,MM1 +
23.8147,terug,-159,MM0 +
23.8147,terug,-159,MM0 PING
23.8147,terug,-159,MM1 PING
23.8147,terug,-159,"#126,YAW,-0.04,GYRO,42,62,-32,ACC,-5,-10,255,ADC,1217,380,7,2,"
23.8147,terug,-159,MM1 ?C
23.8147,terug,-159,MM0 ?C
23.8147,terug,-159,MM1 C=2257:-2245
23.8147,terug,-159,MM0 C=2305:-2314
23.8147,terug,-159,"#127,YAW,-0.04,GYRO,41,42,-43,ACC,-3,-6,280,ADC,1236,390,6,2,"
23.8147,terug,-159,MM1 ?D
23.8147,terug,-159,MM0 ?D
23.8148,terug,-159,MM1 D=17
23.8148,terug,-159,MM0 D=56
23.8361,terug,-168,"$GPRMC,113715.6,A,5050.51494,N,00419.37555,E,000.54,002.3,081026,000.4,E*57"
23.8361,terug,-168,"#128,YAW,-0.04,GYRO,31,31,-33,ACC,2,12,284,ADC,1248,453,6,2,"
23.8361,terug,-168,MM1 ?FF
23.8361,terug,-168,MM0 ?FF
23.8361,terug,-168,MM1 FF=0
23.8361,terug,-168,MM0 FF=0
23.8737,terug,-176,MM0 !M -186 132
23.8737,terug,-176,MM1 !M -186 132
23.8737,terug,-176,MM0 +
23.8737,terug,-176,MM1 +
23.8737,terug,-176,MM0 PING
23.8737,terug,-176,MM1 PING
23.8737,terug,-176,"#129,YAW,-0.04,GYRO,-1,-7,10,ACC,0,15,263,ADC,1265,321,7,2,"
23.8737,terug,-176,MM0 ?P
23.8737,terug,-176,MM1 ?P
23.8737,terug,-176,MM1 P=-186:132
23.8738,terug,-176,MM0 P=-186:132
23.8738,terug,-176,MM1 !M -197 139
23.8738,terug,-176,MM0 !M -197 139
23.8738,terug,-176,MM1 +
23.8738,terug,-176,MM0 +
23.8738,terug,-176,"#130,YAW,-0.04,GYRO,-36,-38,59,ACC,-12,18,247,ADC,1255,500,6,1,"
23.8738,terug,-176,MM1 ?S
23.8738,terug,-176,MM0 ?S
23.8738,terug,-176,MM1 S=-75:150
23.8738,terug,-176,MM0 S=-150:75
23.9113,terug,-176,"#131,YAW,-0.04,GYRO,-56,-11,74,ACC,-14,-3,234,ADC,1222,384,3,1,"
23.9114,terug,-176,MM0 !M -205 147
23.9114,terug,-176,MM1 !M -205 147
23.9114,terug,-176,MM1 +
23.9114,terug,-176,MM0 +
23.9114,terug,-176,MM0 ?T
23.9114,terug,-176,MM1 ?T
23.9114,terug,-176,MM0 T=35:34
23.9114,terug,-176,MM1 T=36:33
23.9114,terug,-176,"#132,YAW,-0.05,GYRO,-42,23,50,ACC,-24,-7,234,ADC,1261,390,4,2,"
23.9114,terug,-176,MM0 ?V
23.9114,terug,-176,MM1 ?V
23.9297,terug,-185,MM0 V=120:225:4905
23.9297,terug,-185,MM1 V=120:225:4898
23.9297,terug,-185,"#133,YAW,-0.05,GYRO,-33,21,13,ACC,-11,-7,265,ADC,1240,384,3,2,"
23.9297,terug,-185,MM0 ?CR
23.9297,terug,-185,MM1 ?CR
23.9297,terug,-185,MM0 CR=-28:26
23.9689,terug,-193,MM1 CR=-28:26
23.9690,terug,-193,"#134,YAW,-0.05,GYRO,-6,40,-5,ACC,-12,1,239,ADC,1295,501,5,2,"
23.9690,terug,-193,MM0 !M -211 159
23.9690,terug,-193,MM1 !M -211 159
23.9690,terug,-193,MM0 +
23.9690,terug,-193,MM1 +
23.9690,terug,-193,MM0 ?A
23.9690,terug,-193,MM1 ?A
23.9690,terug,-193,MM0 A=-13:0
23.9690,terug,-193,MM1 A=-13:5
23.9690,terug,-193,"#135,YAW,-0.05,GYRO,13,63,-10,ACC,-32,4,261,ADC,1265,385,5,2,"
23.9690,terug,-193,MM0 ?AI
23.9690,terug,-193,MM1 ?AI
24.0054,terug,-193,MM0 AI=0:0:2427:2424:0:0
24.0054,terug,-193,MM1 AI=0:0:2359:2533:0:0
24.0054,terug,-193,MM0 !M -219 167
24.0054,terug,-193,MM1 !M -219 167
24.0054,terug,-193,MM0 +
24.0054,terug,-193,MM1 +
24.0054,terug,-193,"#136,YAW,-0.05,GYRO,-21,38,0,ACC,-6,8,268,ADC,1203,315,4,1,"
24.0055,terug,-193,MM0 ?C
24.0055,terug,-193,MM1 ?C
24.0055,terug,-193,MM0 C=2276:-2285
24.0055,terug,-193,MM1 C=2228:-2217
24.0283,terug,-201,"#137,YAW,-0.05,GYRO,-13,-7,30,ACC,-14,1,251,ADC,1221,385,5,1,"
24.0283,terug,-201,MM0 ?D
24.0283,terug,-201,MM1 ?D
24.0284,terug,-201,MM0 D=35
24.0284,terug,-201,MM1 D=51
24.0723,terug,-210,"#138,YAW,-0.05,GYRO,-47,-12,53,ACC,-16,1,254,ADC,1314,500,4,3,"
24.0723,terug,-210,MM0 ?FF
24.0723,terug,-210,MM1 ?FF
24.0723,terug,-210,MM0 FF=0
24.0723,terug,-210,MM1 FF=0
24.0723,terug,-210,"$GPRMC,113715.8,A,5050.51492,N,00419.37555,E,000.51,002.3,081026,000.4,E*5A"
24.0723,terug,-210,"#139,YAW,-0.05,GYRO,-57,-1,48,ACC,-4,7,267,ADC,1272,384,5,2,"
24.0723,terug,-210,MM0 ?P
24.0724,terug,-210,MM1 ?P
24.0724,terug,-210,MM0 P=-219:167
24.0724,terug,-210,MM1 P=-219:167
24.0724,terug,-210,MM1 !M -228 174
24.0724,terug,-210,MM0 !M -228 174
24.0724,terug,-210,MM1 +
24.0724,terug,-210,MM0 +
24.0724,terug,-210,"#140,YAW,-0.05,GYRO,4,22,31,ACC,-15,-9,259,ADC,1251,395,4,2,"
24.0724,terug,-210,MM0 ?S
24.0724,terug,-210,MM1 ?S
24.0724,terug,-210,MM0 S=-150:150
24.0724,terug,-210,MM1 S=-150:150
24.1099,terug,-210,"#141,YAW,-0.05,GYRO,-9,46,16,ACC,-20,-16,246,ADC,1256,496,5,2,"
24.1099,terug,-210,MM0 !M -237 183
24.1099,terug,-210,MM1 !M -237 183
24.1099,terug,-210,MM1 +
24.1099,terug,-210,MM0 +
24.1099,terug,-210,MM0 ?T
24.1099,terug,-210,MM1 ?T
24.1099,terug,-210,MM0 T=35:34
24.1099,terug,-210,MM1 T=36:33
24.1099,terug,-210,"#142,YAW,-0.05,GYRO,20,45,7,ACC,-11,3,280,ADC,1234,387,5,2,"
24.1099,terug,-210,MM0 ?V
24.1099,terug,-210,MM1 ?V
24.1307,terug,-218,MM0 V=120:225:4904
24.1307,terug,-218,MM1 V=120:226:4898
24.1307,terug,-218,"#143,YAW,-0.05,GYRO,-2,18,19,ACC,2,5,265,ADC,1244,387,5,2,"
24.1307,terug,-218,MM0 ?CR
24.1307,terug,-218,MM1 ?CR
24.1307,terug,-218,MM0 CR=-35:34
24.1648,terug,-218,MM1 CR=-36:34
24.1649,terug,-218,MM0 !M -243 193
24.1649,terug,-218,MM1 !M -243 193
24.1649,terug,-218,MM0 +
24.1649,terug,-218,MM1 +
24.1649,terug,-218,"#144,YAW,-0.05,GYRO,-12,51,38,ACC,-8,1,243,ADC,1225,327,4,1,"
24.1649,terug,-218,MM0 ?A
24.1649,terug,-218,MM1 ?A
24.1649,terug,-218,MM0 A=-15:5
24.1649,terug,-218,MM1 A=-15:5
24.2177,terug,-227,"#145,YAW,-0.05,GYRO,-79,53,47,ACC,-18,9,251,ADC,1233,402,4,1,"
24.2177,terug,-227,MM0 ?AI
24.2177,terug,-227,MM1 ?AI
24.2177,terug,-227,MM0 AI=0:0:2433:2422:0:0
24.2177,terug,-227,MM1 AI=0:0:2348:2336:0:0
24.2177,terug,-227,"#146,YAW,-0.05,GYRO,13,35,34,ACC,-11,-19,244,ADC,1252,501,4,1,"
24.2177,terug,-227,MM0 ?C
24.2177,terug,-227,MM1 ?C
24.2177,terug,-227,MM0 C=2237:-2249
24.2177,terug,-227,MM1 C=2189:-2180
24.2177,terug,-227,"#147,YAW,-0.05,GYRO,43,43,-3,ACC,-3,-23,260,ADC,1243,386,5,2,"
24.2178,terug,-227,MM0 ?D
24.2178,terug,-227,MM1 ?D
24.2178,terug,-227,MM1 D=34
24.2178,terug,-227,MM0 D=2
24.2680,terug,-235,"#148,YAW,-0.05,GYRO,65,61,-29,ACC,-3,-3,256,ADC,1243,399,9,2,"
24.2680,terug,-235,MM0 ?FF
24.2680,terug,-235,MM1 ?FF
24.2680,terug,-235,MM0 FF=0
24.2680,terug,-235,MM1 FF=0
24.2680,terug,-235,"$GPRMC,113716.0,A,5050.51489,N,00419.37555,E,000.49,002.3,081026,000.4,E*52"
24.2680,terug,-235,MM0 !M -252 202
24.2680,terug,-235,MM1 !M -252 202
24.2680,terug,-235,MM0 +
24.2680,terug,-235,MM1 +
24.2680,terug,-235,MM0 PING
24.2680,terug,-235,MM1 PING
24.2680,terug,-235,"#149,YAW,-0.05,GYRO,3,98,-15,ACC,-11,21,250,ADC,1274,316,8,1,"
24.2680,terug,-235,MM0 ?P
24.2681,terug,-235,MM1 ?P
24.2681,terug,-235,MM0 P=-252:202
24.2681,terug,-235,MM1 P=-252:202
24.2681,terug,-235,"#150,YAW,-0.05,GYRO,-48,57,27,ACC,-6,25,241,ADC,1230,381,4,1,"
24.2681,terug,-235,MM0 ?S
24.2681,terug,-235,MM1 ?S
24.3187,terug,-243,MM0 S=-150:150
24.3187,terug,-243,MM1 S=-150:150
24.3188,terug,-243,MM0 !M -259 211
24.3188,terug,-243,MM1 !M -259 211
24.3188,terug,-243,MM0 +
24.3188,terug,-243,MM1 +
24.3188,terug,-243,MM1 PING
24.3188,terug,-243,MM0 PING
24.3188,terug,-243,"#151,YAW,-0.05,GYRO,-121,15,65,ACC,-14,22,278,ADC,1244,325,4,2,"
24.3188,terug,-243,MM0 ?T
24.3188,terug,-243,MM1 ?T
24.3188,terug,-243,MM0 T=35:34
24.3188,terug,-243,MM1 T=36:33
24.3188,terug,-243,MM0 !M -267 219
24.3188,terug,-243,MM1 !M -267 219
24.3189,terug,-243,MM1 +
24.3189,terug,-243,MM0 +
24.3189,terug,-243,"#152,YAW,-0.05,GYRO,0,70,42,ACC,-15,-12,251,ADC,1231,387,5,2,"
24.3189,terug,-243,MM1 ?V
24.3189,terug,-243,MM0 ?V
24.3189,terug,-243,MM0 V=120:226:4904
24.3189,terug,-243,MM1 V=120:226:4898
24.3701,terug,-250,"#153,YAW,-0.05,GYRO,-4,81,4,ACC,-8,-24,270,ADC,1235,386,3,2,"
24.3702,terug,-250,MM0 ?CR
24.3702,terug,-250,MM1 ?CR
24.3702,terug,-250,MM0 CR=-45:42
24.3702,terug,-250,MM1 CR=-44:42
24.3702,terug,-250,"#154,YAW,-0.06,GYRO,-25,70,-2,ACC,-5,-5,272,ADC,1249,399,4,2,"
24.3702,terug,-250,MM0 ?A
24.3702,terug,-250,MM1 ?A
24.3702,terug,-250,MM0 A=-17:4
24.3702,terug,-250,MM1 A=-13:4
24.3702,terug,-250,MM0 !M -273 227
24.3702,terug,-250,MM1 !M -273 227
24.3702,terug,-250,MM0 +
24.3702,terug,-250,MM1 +
24.3702,terug,-250,"#155,YAW,-0.06,GYRO,-87,14,25,ACC,-11,17,231,ADC,1222,391,4,2,"
24.3702,terug,-250,MM0 ?AI
24.3702,terug,-250,MM1 ?AI
24.4194,terug,-250,MM0 AI=0:0:2431:2422:0:0
24.4195,terug,-250,MM1 AI=0:0:2328:2360:0:0
24.4195,terug,-250,"#156,YAW,-0.06,GYRO,-48,37,33,ACC,-26,12,268,ADC,1269,501,5,2,"
24.4195,terug,-250,MM0 ?C
24.4195,terug,-250,MM1 ?C
24.4195,terug,-250,MM0 C=2190:-2204
24.4195,terug,-250,MM1 C=2141:-2135
24.4195,terug,-250,"#157,YAW,-0.06,GYRO,75,92,22,ACC,-8,-21,230,ADC,1232,381,4,2,"
24.4195,terug,-250,MM0 ?D
24.4195,terug,-250,MM1 ?D
24.4195,terug,-250,MM0 D=50
24.4195,terug,-250,MM1 D=19
24.4766,terug,-250,"#158,YAW,-0.06,GYRO,71,78,10,ACC,-7,-18,278,ADC,1286,503,5,2,"
24.4766,terug,-250,MM0 ?FF
24.4767,terug,-250,MM1 ?FF
24.4767,terug,-250,MM0 FF=0
24.4767,terug,-250,MM1 FF=0
24.4767,terug,-250,"$GPRMC,113716.2,A,5050.51486,N,00419.37556,E,000.47,002.3,081026,000.4,E*52"
24.4767,terug,-250,MM0 !M -273 227
24.4767,terug,-250,MM1 !M -273 227
24.4767,terug,-250,MM0 +
24.4767,terug,-250,MM1 +
24.4767,terug,-250,MM1 PING
24.4767,terug,-250,MM0 PING
24.4767,terug,-250,"#159,YAW,-0.06,GYRO,-48,63,29,ACC,7,13,272,ADC,1224,312,4,1,"
24.4767,terug,-250,MM0 ?P
24.4767,terug,-250,MM1 ?P
24.4767,terug,-250,MM0 P=-273:227
24.4767,terug,-250,MM1 P=-273:227
24.4767,terug,-250,"#160,YAW,-0.06,GYRO,-17,83,52,ACC,1,19,265,ADC,1219,388,5,2,"
24.4767,terug,-250,MM0 ?S
24.4767,terug,-250,MM1 ?S
24.4767,terug,-250,MM0 S=-225:150
24.4767,terug,-250,MM1 S=-225:225
24.5126,terug,-250,"#161,YAW,-0.06,GYRO,6,140,47,ACC,-2,-4,274,ADC,1261,500,6,2,"
24.5127,terug,-250,MM0 ?T
24.5127,terug,-250,MM1 ?T
24.5127,terug,-250,MM0 T=35:34
24.5127,terug,-250,MM1 T=36:33
24.5127,terug,-250,MM0 !M -272 228
24.5127,terug,-250,MM1 !M -272 228
24.5127,terug,-250,MM0 +
24.5127,terug,-250,MM1 +
24.5127,terug,-250,MM0 PING
24.5127,terug,-250,MM1 PING
24.5127,terug,-250,"#162,YAW,-0.06,GYRO,52,148,32,ACC,-9,-20,242,ADC,1275,500,5,2,"
24.5127,terug,-250,MM0 ?V
24.5127,terug,-250,MM1 ?V
24.5127,terug,-250,MM0 V=120:227:4906
24.5127,terug,-250,MM1 V=120:225:4898
24.5337,terug,-250,"#163,YAW,-0.06,GYRO,-10,61,36,ACC,16,7,225,ADC,1246,391,6,2,"
24.5337,terug,-250,MM0 ?CR
24.5337,terug,-250,MM1 ?CR
24.5337,terug,-250,MM0 CR=-53:51
24.5337,terug,-250,MM1 CR=-53:52
24.5337,terug,-250,MM0 !M -272 228
24.5337,terug,-250,MM1 !M -272 228
24.5740,terug,-250,MM0 +
24.5740,terug,-250,MM1 +
24.5740,terug,-250,MM1 PING
24.5740,terug,-250,MM0 PING
24.5740,terug,-250,"#164,YAW,-0.06,GYRO,-59,-25,57,ACC,4,19,247,ADC,1256,496,4,1,"
24.5740,terug,-250,MM0 ?A
24.5740,terug,-250,MM1 ?A
24.5740,terug,-250,MM0 A=-10:4
24.5740,terug,-250,MM1 A=-13:4
24.5740,terug,-250,"#165,YAW,-0.06,GYRO,-6,31,57,ACC,-3,15,311,ADC,1253,382,4,2,"
24.5741,terug,-250,MM0 ?AI
24.5741,terug,-250,MM1 ?AI
24.5741,terug,-250,MM0 AI=0:0:2403:2435:0:0
24.5741,terug,-250,MM1 AI=0:0:2323:2315:0:0
24.6078,terug,-250,MM0 !M -270 230
24.6078,terug,-250,MM1 !M -270 230
24.6078,terug,-250,MM1 +
24.6078,terug,-250,MM0 +
24.6078,terug,-250,MM0 PING
24.6078,terug,-250,"#166,YAW,-0.07,GYRO,-25,66,41,ACC,-1,0,251,ADC,1245,360,6,2,"
24.6079,terug,-250,MM0 !M -270 230
24.6079,terug,-250,MM0 +
24.6079,terug,-250,MM1 PING
24.6079,terug,-250,MM1 !M -270 230
24.6079,terug,-250,MM1 +
24.6079,terug,-250,MM0 ?C
24.6079,terug,-250,MM1 ?C
24.6079,terug,-250,MM0 C=2136:-2152
24.6079,terug,-250,MM1 C=2087:-2082
24.6079,terug,-250,"#167,YAW,-0.07,GYRO,1,96,31,ACC,3,-12,219,ADC,1276,381,6,2,"
24.6079,terug,-250,MM0 ?D
24.6079,terug,-250,MM1 ?D
24.6289,terug,-250,MM0 D=48
24.6289,terug,-250,MM1 D=50
24.6290,terug,-250,"#168,YAW,-0.07,GYRO,-111,21,29,ACC,4,15,285,ADC,1243,499,5,2,"
24.6290,terug,-250,MM0 ?FF
24.6290,terug,-250,MM1 ?FF
24.6290,terug,-250,MM0 FF=0
24.6628,terug,-250,MM1 FF=0
24.6628,terug,-250,"$GPRMC,113716.4,A,5050.51484,N,00419.37557,E,000.45,002.3,081026,000.4,E*55"
24.6628,terug,-250,"#169,YAW,-0.07,GYRO,-39,69,16,ACC,0,7,302,ADC,1272,385,6,2,"
24.6628,terug,-250,MM0 ?P
24.6628,terug,-250,MM1 ?P
24.6628,terug,-250,MM0 P=-270:230
24.6628,terug,-250,MM1 P=-270:230
24.6844,terug,-250,"#170,YAW,-0.06,GYRO,13,52,1,ACC,18,-16,206,ADC,1248,500,5,3,"
24.6844,terug,-250,MM1 ?S
24.6844,terug,-250,MM0 ?S
24.6844,terug,-250,MM0 S=-225:150
24.6844,terug,-250,MM1 S=-150:150
24.6844,terug,-250,MM1 !M -267 233
24.6844,terug,-250,MM0 !M -267 233
24.6844,terug,-250,MM1 +
24.6845,terug,-250,MM0 +
24.7184,terug,-250,"#171,YAW,-0.06,GYRO,49,54,-7,ACC,-7,-5,237,ADC,1245,381,4,1,"
24.7184,terug,-250,MM0 PING
24.7184,terug,-250,MM1 PING
24.7184,terug,-250,MM0 ?T
24.7184,terug,-250,MM1 ?T
24.7184,terug,-250,MM0 T=35:34
24.7184,terug,-250,MM1 T=36:33
24.7184,terug,-250,MM0 !M -267 233
24.7184,terug,-250,MM1 !M -267 233
24.7184,terug,-250,MM0 +
24.7184,terug,-250,MM1 +
24.7184,terug,-250,"#172,YAW,-0.06,GYRO,-41,103,6,ACC,-9,18,304,ADC,1288,500,4,1,"
24.7185,terug,-250,MM0 ?V
24.7185,terug,-250,MM1 ?V
24.7185,terug,-250,MM0 V=120:226:4905
24.7185,terug,-250,MM1 V=120:225:4898
24.7729,terug,-250,"#173,YAW,-0.07,GYRO,-56,107,15,ACC,12,24,290,ADC,1248,501,5,1,"
24.7729,terug,-250,MM0 ?CR
24.7729,terug,-250,MM1 ?CR
24.7729,terug,-250,MM0 CR=-55:54
24.7729,terug,-250,MM1 CR=-56:54
24.7729,terug,-250,"#174,YAW,-0.07,GYRO,20,39,12,ACC,10,-13,210,ADC,1237,387,4,2,"
24.7729,terug,-250,MM0 ?A
24.7729,terug,-250,MM1 ?A
24.7729,terug,-250,MM0 A=-10:0
24.7729,terug,-250,MM1 A=-10:4
24.7729,terug,-250,"#175,YAW,-0.07,GYRO,65,-4,1,ACC,6,-22,200,ADC,1270,502,6,2,"
24.7729,terug,-250,MM0 ?AI
24.7729,terug,-250,MM1 ?AI
24.7729,terug,-250,MM0 AI=0:0:2411:2410:0:0
24.7729,terug,-250,MM1 AI=0:0:2319:2307:0:0
24.8260,terug,-250,"#176,YAW,-0.07,GYRO,-12,28,2,ACC,-7,14,277,ADC,1278,386,4,2,"
24.8261,terug,-250,MM0 ?C
24.8261,terug,-250,MM1 ?C
24.8261,terug,-250,MM0 C=2080:-2098
24.8261,terug,-250,MM1 C=2032:-2028
24.8261,terug,-250,MM0 !M -267 233
24.8261,terug,-250,MM1 !M -267 233
24.8261,terug,-250,MM0 +
24.8261,terug,-250,MM1 +
24.8261,terug,-250,MM1 PING
24.8261,terug,-250,MM0 PING
24.8261,terug,-250,"#177,YAW,-0.07,GYRO,-44,72,7,ACC,17,26,306,ADC,1230,502,3,2,"
24.8261,terug,-250,MM0 ?D
24.8261,terug,-250,MM1 ?D
24.8262,terug,-250,MM0 D=1
24.8262,terug,-250,MM1 D=0
24.8521,terug,-250,"#178,YAW,-0.07,GYRO,-1,60,5,ACC,12,-5,260,ADC,1227,382,5,1,"
24.8521,terug,-250,MM0 ?FF
24.8521,terug,-250,MM1 ?FF
24.8521,terug,-250,MM0 FF=0
24.8521,terug,-250,MM1 FF=0
24.8521,terug,-250,"$GPRMC,113716.6,A,5050.51481,N,00419.37557,E,000.46,002.3,081026,000.4,E*51"
24.8521,terug,-250,MM1 !M -267 233
24.8521,terug,-250,MM0 !M -267 233
24.8521,terug,-250,MM0 +
24.8521,terug,-250,MM1 +
24.8521,terug,-250,MM0 PING
24.8521,terug,-250,MM1 PING
24.8677,terug,-250,"#179,YAW,-0.07,GYRO,25,40,5,ACC,-7,-16,232,ADC,1221,382,5,2,"
24.8677,terug,-250,MM0 !M -266 234
24.8677,terug,-250,MM0 +
24.8677,terug,-250,MM1 !M -266 234
24.8677,terug,-250,MM1 +
24.8677,terug,-250,MM0 ?P
24.8677,terug,-250,MM1 ?P
24.8677,terug,-250,MM0 P=-266:234
24.8677,terug,-250,MM1 P=-266:234
24.8677,terug,-250,"#180,YAW,-0.06,GYRO,2,-6,13,ACC,6,1,204,ADC,1260,502,4,2,"
24.8677,terug,-250,MM0 ?S
24.8677,terug,-250,MM1 ?S
24.8887,terug,-250,MM0 S=-225:225
24.8887,terug,-250,MM1 S=-225:150
24.8887,terug,-250,"#181,YAW,-0.07,GYRO,-124,61,26,ACC,5,28,310,ADC,1219,382,5,2,"
24.8888,terug,-250,MM0 ?T
24.8888,terug,-250,MM1 ?T
24.8888,terug,-250,MM0 T=35:34
24.9242,terug,-250,MM1 T=36:33
24.9242,terug,-250,MM0 !M -265 235
24.9242,terug,-250,MM1 !M -265 235
24.9242,terug,-250,MM0 +
24.9242,terug,-250,MM1 +
24.9242,terug,-250,"#182,YAW,-0.07,GYRO,-39,105,17,ACC,-7,17,312,ADC,1213,381,5,2,"
24.9243,terug,-250,MM0 ?V
24.9243,terug,-250,MM1 ?V
24.9243,terug,-250,MM0 V=120:227:4905
24.9243,terug,-250,MM1 V=120:225:4899
24.9747,terug,-250,"#183,YAW,-0.07,GYRO,1,35,-13,ACC,-11,-28,212,ADC,1263,498,5,1,"
24.9748,terug,-250,MM0 ?CR
24.9748,terug,-250,MM1 ?CR
24.9748,terug,-250,MM0 CR=-55:54
24.9748,terug,-250,MM1 CR=-55:53
24.9748,terug,-250,"#184,YAW,-0.07,GYRO,63,-40,-32,ACC,8,-15,198,ADC,1230,381,5,2,"
24.9748,terug,-250,MM0 ?A
24.9748,terug,-250,MM1 ?A
24.9748,terug,-250,MM0 A=-10:4
24.9748,terug,-250,MM1 A=-10:4
24.9748,terug,-250,"#185,YAW,-0.07,GYRO,-39,5,-18,ACC,-11,15,302,ADC,1229,383,4,1,"
24.9748,terug,-250,MM0 ?AI
24.9748,terug,-250,MM1 ?AI
24.9748,terug,-250,MM0 AI=0:0:2409:2443:0:0
24.9748,terug,-250,MM1 AI=0:0:2331:2322:0:0
24.9958,terug,-250,"#186,YAW,-0.07,GYRO,-44,35,-2,ACC,2,21,302,ADC,1237,383,7,2,"
24.9958,terug,-250,MM0 ?C
24.9959,terug,-250,MM1 ?C
24.9959,terug,-250,MM0 C=2025:-2044
24.9959,terug,-250,MM1 C=1977:-1975
24.9959,terug,-250,MM0 !M -264 236
24.9959,terug,-250,MM1 !M -264 236
24.9959,terug,-250,MM0 +
24.9959,terug,-250,MM1 +
24.9959,terug,-250,MM1 PING
25.0297,terug,-250,MM0 PING
25.0297,terug,-250,"#187,YAW,-0.07,GYRO,-6,28,-15,ACC,22,-9,210,ADC,1286,494,5,1,"
25.0297,terug,-250,MM0 ?D
25.0297,terug,-250,MM0 D=35
25.0297,terug,-250,MM1 ?D
25.0297,terug,-250,MM1 D=51
25.0297,terug,-250,MM0 !M -265 235
25.0297,terug,-250,MM1 !M -265 235
25.0297,terug,-250,MM0 +
25.0297,terug,-250,MM1 +
25.0298,terug,-250,"#188,YAW,-0.07,GYRO,56,12,-24,ACC,5,-24,194,ADC,1265,497,6,2,"
25.0298,terug,-250,MM0 ?FF
25.0298,terug,-250,MM1 ?FF
25.0298,terug,-250,MM0 FF=0
25.0298,terug,-250,MM1 FF=0
25.0638,terug,-250,"$GPRMC,113716.8,A,5050.51479,N,00419.37558,E,000.44,002.3,081026,000.4,E*55"
25.0638,terug,-250,"#189,YAW,-0.07,GYRO,-21,17,-7,ACC,1,8,268,ADC,1208,381,5,1,"
25.0638,terug,-250,MM0 ?P
25.0638,terug,-250,MM1 ?P
25.0638,terug,-250,MM0 P=-265:235
25.0638,terug,-250,MM1 P=-265:235
25.0862,terug,-250,"#190,YAW,-0.06,GYRO,-18,54,0,ACC,13,23,328,ADC,1239,382,6,1,"
25.0862,terug,-250,MM0 ?S
25.0862,terug,-250,MM1 ?S
25.0862,terug,-250,MM0 S=-225:225
25.0862,terug,-250,MM1 S=-225:225
25.1206,terug,-250,"#191,YAW,-0.06,GYRO,28,90,-16,ACC,19,-4,280,ADC,1295,395,7,2,"
25.1207,terug,-250,MM0 ?T
25.1207,terug,-250,MM1 ?T
25.1207,terug,-250,MM0 T=35:34
25.1207,terug,-250,MM1 T=36:33
25.1207,terug,-250,MM0 !M -264 236
25.1207,terug,-250,MM1 !M -264 236
25.1207,terug,-250,MM0 +
25.1207,terug,-250,MM1 +
25.1207,terug,-250,MM0 PING
25.1207,terug,-250,MM1 PING
25.1207,terug,-250,MM0 !M -264 236
25.1207,terug,-250,MM1 !M -264 236
25.1207,terug,-250,MM0 +
25.1207,terug,-250,MM1 +
25.1207,terug,-250,"#192,YAW,-0.06,GYRO,60,38,-18,ACC,-3,0,201,ADC,1272,347,7,1,"
25.1207,terug,-250,MM0 ?V
25.1207,terug,-250,MM1 ?V
25.1207,terug,-250,MM0 V=120:227:4905
25.1207,terug,-250,MM1 V=120:230:4897
25.1418,terug,-250,"#193,YAW,-0.06,GYRO,8,24,4,ACC,-8,15,226,ADC,1286,500,6,2,"
25.1418,terug,-250,MM0 ?CR
25.1418,terug,-250,MM1 ?CR
25.1418,terug,-250,MM0 CR=-56:55
25.1418,terug,-250,MM1 CR=-55:55
25.1757,terug,-250,"#194,YAW,-0.06,GYRO,-123,70,22,ACC,11,31,308,ADC,1254,381,4,2,"
25.1757,terug,-250,MM0 ?A
25.1758,terug,-250,MM1 ?A
25.1758,terug,-250,MM0 A=-6:0
25.1758,terug,-250,MM1 A=-10:4
25.1758,terug,-250,MM1 !M -264 236
25.1758,terug,-250,MM0 !M -264 236
25.1758,terug,-250,MM0 +
25.1758,terug,-250,MM1 +
25.1758,terug,-250,"#195,YAW,-0.06,GYRO,-3,57,17,ACC,4,-1,296,ADC,1230,382,5,2,"
25.1758,terug,-250,MM0 ?AI
25.1758,terug,-250,MM1 ?AI
25.1758,terug,-250,MM0 AI=0:0:2395:2424:0:0
25.1758,terug,-250,MM1 AI=0:0:2340:2349:0:0
25.1965,terug,-250,"#196,YAW,-0.06,GYRO,-89,-128,12,ACC,-14,-3,222,ADC,1251,385,5,2,"
25.1965,terug,-250,MM0 ?C
25.1965,terug,-250,MM1 ?C
25.1965,terug,-250,MM1 C=1922:-1920
25.1965,terug,-250,MM0 C=1969:-1988
25.2313,terug,-250,"#197,YAW,-0.07,GYRO,62,-289,18,ACC,-15,-32,220,ADC,1214,378,3,2,"
25.2313,terug,-250,MM0 ?D
25.2313,terug,-250,MM0 D=51
25.2313,terug,-250,MM1 ?D
25.2313,terug,-250,MM1 D=19
25.2313,terug,-250,MM0 !M -263 237
25.2313,terug,-250,MM1 !M -263 237
25.2313,terug,-250,MM1 +
25.2313,terug,-250,MM0 +
25.2313,terug,-250,"#198,YAW,-0.07,GYRO,-110,9,23,ACC,10,27,377,ADC,1249,389,4,2,"
25.2313,terug,-250,MM0 ?FF
25.2313,terug,-250,MM1 ?FF
25.2313,terug,-250,MM0 FF=0
25.2313,terug,-250,MM1 FF=0
25.2672,terug,-250,"$GPRMC,113717.0,A,5050.51477,N,00419.37559,E,000.42,002.3,081026,000.4,E*55"
25.2672,terug,-250,"#199,YAW,-0.07,GYRO,26,172,38,ACC,2,1,259,ADC,1300,501,4,2,"
25.2672,terug,-250,MM0 ?P
25.2672,terug,-250,MM1 ?P
25.2672,terug,-250,MM0 P=-263:237
25.2673,terug,-250,MM1 P=-263:237
25.2908,terug,-250,"#200,YAW,-0.06,GYRO,38,5,52,ACC,20,-28,194,ADC,1232,389,6,1,"
25.2909,terug,-250,MM0 ?S
25.2909,terug,-250,MM1 ?S
25.2909,terug,-250,MM0 S=-225:225
25.2909,terug,-250,MM1 S=-225:225
25.2909,terug,-250,"#201,YAW,-0.07,GYRO,65,-54,64,ACC,5,1,210,ADC,1289,395,5,1,"
25.2909,terug,-250,MM0 ?T
25.3249,terug,-250,MM1 ?T
25.3250,terug,-250,MM0 T=35:34
25.3250,terug,-250,MM1 T=36:33
25.3250,terug,-250,MM1 !M -26PING
25.3250,terug,-250,MM0 !M -26PING
25.3250,terug,-250,MM1 +
25.3250,terug,-250,MM0 +
25.3250,terug,-250,MM0 !M -261 239
25.3250,terug,-250,MM1 !M -261 239
25.3250,terug,-250,MM0 +
25.3250,terug,-250,MM1 +
25.3250,terug,-250,"#202,YAW,-0.07,GYRO,-95,39,68,ACC,33,22,474,ADC,1256,336,4,1,"
25.3250,terug,-250,MM0 ?V
25.3250,terug,-250,MM1 ?V
25.3250,terug,-250,MM0 V=120:227:4904
25.3250,terug,-250,MM1 V=120:227:4897
25.3458,terug,-250,"#203,YAW,-0.07,GYRO,20,188,52,ACC,1,1,235,ADC,1266,500,4,1,"
25.3458,terug,-250,MM0 ?CR
25.3458,terug,-250,MM1 ?CR
25.3458,terug,-250,MM0 CR=-57:55
25.3458,terug,-250,MM1 CR=-58:55
25.3796,terug,-250,"#204,YAW,-0.07,GYRO,24,-140,43,ACC,0,-22,126,ADC,1264,381,5,2,"
25.3796,terug,-250,MM0 ?A
25.3796,terug,-250,MM1 ?A
25.3796,terug,-250,MM0 A=-6:4
25.3796,terug,-250,MM1 A=-6:4
25.3796,terug,-250,MM0 !M -258 242
25.3797,terug,-250,MM1 !M -258 242
25.3797,terug,-250,MM0 +
25.3797,terug,-250,MM1 +
25.3797,terug,-250,"#205,YAW,-0.07,GYRO,26,-22,23,ACC,-25,9,166,ADC,1216,382,7,2,"
25.3797,terug,-250,MM0 ?AI
25.3797,terug,-250,MM1 ?AI
25.3797,terug,-250,MM0 AI=0:0:2425:2299:0:0
25.3797,terug,-250,MM1 AI=0:0:2344:2334:0:0
25.4299,terug,-250,"#206,YAW,-0.07,GYRO,-210,88,19,ACC,-16,52,387,ADC,1232,392,4,2,"
25.4299,terug,-250,MM0 ?C
25.4299,terug,-250,MM1 ?C
25.4300,terug,-250,MM0 C=1912:-1934
25.4300,terug,-250,MM1 C=1863:-1864
25.4300,terug,-250,"#207,YAW,-0.07,GYRO,62,308,18,ACC,-1,14,304,ADC,1215,499,5,2,"
25.4300,terug,-250,MM0 ?D
25.4300,terug,-250,MM0 D=16
25.4300,terug,-250,MM1 ?D
25.4300,terug,-250,MM1 D=18
25.4300,terug,-250,MM0 !M -257 243
25.4300,terug,-250,MM1 !M -257 243
25.4300,terug,-250,MM0 +
25.4300,terug,-250,MM1 +
25.4300,terug,-250,"#208,YAW,-0.07,GYRO,-85,-56,26,ACC,19,-20,194,ADC,1264,382,10,2,"
25.4300,terug,-250,MM0 ?FF
25.4300,terug,-250,MM1 ?FF
25.4300,terug,-250,MM0 FF=0
25.4300,terug,-250,MM1 FF=0
25.4807,terug,-250,"$GPRMC,113717.2,A,5050.51474,N,00419.37559,E,000.42,002.3,081026,000.4,E*54"
25.4807,terug,-250,"#209,YAW,-0.08,GYRO,27,1,20,ACC,-20,-8,179,ADC,1268,393,4,2,"
25.4807,terug,-250,MM0 ?P
25.4807,terug,-250,MM1 ?P
25.4807,terug,-250,MM0 P=-257:243
25.4807,terug,-250,MM1 P=-257:243
25.4808,terug,-250,MM0 !M -255 245
25.4808,terug,-250,MM1 !M -255 245
25.4808,terug,-250,MM0 +
25.4808,terug,-250,MM1 +
25.4808,terug,-250,"#210,YAW,-0.07,GYRO,-217,36,12,ACC,39,2,432,ADC,1253,500,6,2,"
25.4808,terug,-250,MM0 ?S
25.4808,terug,-250,MM1 ?S
25.4808,terug,-250,MM0 S=-225:225
25.4808,terug,-250,MM1 S=-300:225
25.5345,terug,-250,"#211,YAW,-0.07,GYRO,128,245,1,ACC,21,-17,249,ADC,1287,495,5,1,"
25.5345,terug,-250,MM0 ?T
25.5346,terug,-250,MM1 ?T
25.5346,terug,-250,MM0 T=35:34
25.5346,terug,-250,MM1 T=36:33
25.5346,terug,-250,"#212,YAW,-0.07,GYRO,-44,92,11,ACC,16,-28,221,ADC,1258,384,7,2,"
25.5346,terug,-250,MM0 ?V
25.5346,terug,-250,MM1 ?V
25.5346,terug,-250,MM0 V=120:227:4905
25.5346,terug,-250,MM1 V=120:226:4899
25.5346,terug,-250,"#213,YAW,-0.07,GYRO,95,-58,16,ACC,-18,-14,153,ADC,1270,502,5,2,"
25.5346,terug,-250,MM0 ?CR
25.5346,terug,-250,MM1 ?CR
25.5346,terug,-250,MM0 CR=-58:56
25.5346,terug,-250,MM1 CR=-58:57
25.5750,terug,-250,"#214,YAW,-0.07,GYRO,-126,-43,4,ACC,-19,17,313,ADC,1239,497,7,1,"
25.5750,terug,-250,MM0 ?A
25.5750,terug,-250,MM1 ?A
25.5750,terug,-250,MM0 A=-2:4
25.5750,terug,-250,MM1 A=-2:4
25.5750,terug,-250,MM0 !M -254 246
25.5750,terug,-250,MM1 !M -254 246
25.5750,terug,-250,MM0 +
25.5750,terug,-250,MM1 +
25.5750,terug,-250,MM0 PING
25.5750,terug,-250,MM1 PING
25.5751,terug,-250,"#215,YAW,-0.07,GYRO,120,474,-2,ACC,17,-14,149,ADC,1220,381,8,2,"
25.5751,terug,-250,MM1 ?AI
25.5751,terug,-250,MM0 ?AI
25.5751,terug,-250,MM1 AI=0:0:2317:2320:0:0
25.5751,terug,-250,MM0 AI=0:0:2380:2419:0:0
25.5981,terug,-250,"#216,YAW,-0.08,GYRO,-60,93,40,ACC,1,4,178,ADC,1236,388,7,1,"
25.5981,terug,-250,MM0 ?C
25.5981,terug,-250,MM1 ?C
25.5981,terug,-250,MM0 C=1854:-1877
25.5981,terug,-250,MM1 C=1804:-1806
25.5981,terug,-250,MM0 !M -254 246
25.5981,terug,-250,MM1 !M -254 246
25.5981,terug,-250,MM0 +
25.5981,terug,-250,MM1 +
25.5981,terug,-250,MM0 PING
25.6326,terug,-250,MM1 PING
25.6326,terug,-250,"#217,YAW,-0.08,GYRO,29,-178,58,ACC,3,10,99,ADC,1241,384,4,2,"
25.6326,terug,-250,MM0 ?D
25.6326,terug,-250,MM1 ?D
25.6326,terug,-250,MM0 D=19
25.6326,terug,-250,MM1 D=49
25.6326,terug,-250,"#218,YAW,-0.08,GYRO,-20,73,36,ACC,-60,-3,237,ADC,1281,500,4,2,"
25.6326,terug,-250,MM1 ?FF
25.6326,terug,-250,MM0 ?FF
25.6326,terug,-250,MM1 FF=0
25.6326,terug,-250,MM0 FF=0
25.6849,terug,-250,"$GPRMC,113717.4,A,5050.51472,N,00419.37560,E,000.41,002.3,081026,000.4,E*5D"
25.6849,terug,-250,"#219,YAW,-0.08,GYRO,-69,525,6,ACC,27,-3,365,ADC,1281,391,8,2,"
25.6849,terug,-250,MM0 !M -253 247
25.6850,terug,-250,MM0 +
25.6850,terug,-250,MM1 !M -253 247
25.6850,terug,-250,MM1 +
25.6850,terug,-250,MM0 PING
25.6850,terug,-250,MM1 PING
25.6850,terug,-250,MM1 ?P
25.6850,terug,-250,MM0 ?P
25.6850,terug,-250,MM1 P=-253:247
25.6850,terug,-250,MM0 P=-253:247
25.6850,terug,-250,"#220,YAW,-0.07,GYRO,45,-215,-26,ACC,11,-13,294,ADC,1235,500,6,2,"
25.6850,terug,-250,MM0 ?S
25.6850,terug,-250,MM1 ?S
25.6850,terug,-250,MM0 S=-225:225
25.6850,terug,-250,MM1 S=-225:225
25.7354,terug,-250,"#221,YAW,-0.07,GYRO,17,-113,-18,ACC,-17,16,111,ADC,1238,384,7,2,"
25.7355,terug,-250,MM0 ?T
25.7355,terug,-250,MM1 ?T
25.7355,terug,-250,MM0 T=35:34
25.7355,terug,-250,MM1 T=36:33
25.7355,terug,-250,MM0 !M -250 250
25.7355,terug,-250,MM1 !M -250 250
25.7355,terug,-250,MM0 +
25.7355,terug,-250,MM1 +
25.7355,terug,-250,MM0 PING
25.7355,terug,-250,MM1 PING
25.7355,terug,-250,"#222,YAW,-0.07,GYRO,-165,84,-25,ACC,14,30,250,ADC,1202,382,3,2,"
25.7355,terug,-250,MM0 ?V
25.7355,terug,-250,MM1 ?V
25.7355,terug,-250,MM0 V=120:227:4904
25.7355,terug,-250,MM1 V=120:226:4898
25.7355,terug,-250,"#223,YAW,-0.07,GYRO,29,157,-23,ACC,-10,-27,461,ADC,1223,386,4,1,"
25.7355,terug,-250,MM1 ?CR
25.7355,terug,-250,MM0 ?CR
25.7355,terug,-250,MM1 CR=-59:59
25.7355,terug,-250,MM0 CR=-59:58
25.7849,terug,-250,"#224,YAW,-0.07,GYRO,72,5,-16,ACC,2,-30,139,ADC,1250,502,4,3,"
25.7849,terug,-250,MM0 ?A
25.7849,terug,-250,MM0 A=-3:4
25.7849,terug,-250,MM1 ?A
25.7849,terug,-250,MM1 A=-7:4
25.7849,terug,-250,MM0 !M -250 250
25.7849,terug,-250,MM1 !M -250 250
25.7849,terug,-250,MM0 +
25.7849,terug,-250,MM1 +
25.7849,terug,-250,MM1 PING
25.7849,terug,-250,MM0 PING
25.7849,terug,-250,"#225,YAW,-0.07,GYRO,45,-109,-3,ACC,-12,-24,68,ADC,1289,386,5,2,"
25.7849,terug,-250,MM1 ?AI
25.7849,terug,-250,MM0 ?AI
25.7849,terug,-250,MM1 AI=0:0:2309:2332:0:0
25.7849,terug,-250,MM0 AI=0:0:2430:2421:0:0
25.8368,terug,-250,"#226,YAW,-0.07,GYRO,-163,98,-20,ACC,-77,-225,399,ADC,1269,384,8,2,"
25.8368,terug,-250,MM1 ?C
25.8368,terug,-250,MM0 ?C
25.8368,terug,-250,MM1 C=1746:-1748
25.8368,terug,-250,MM0 C=1795:-1819
25.8368,terug,-250,MM1 !M -251 249
25.8368,terug,-250,MM0 !M -251 249
25.8368,terug,-250,MM1 +
25.8368,terug,-250,MM0 +
25.8368,terug,-250,MM0 PING
25.8368,terug,-250,MM1 PING
25.8368,terug,-250,"#227,YAW,-0.07,GYRO,54,269,-17,ACC,-19,24,302,ADC,1231,382,4,2,"
25.8368,terug,-250,MM1 ?D
25.8368,terug,-250,MM0 ?D
25.8368,terug,-250,MM1 D=19
25.8368,terug,-250,MM0 D=2
25.8369,terug,-250,MM1 !M -250 250
25.8369,terug,-250,MM0 !M -250 250
25.8369,terug,-250,MM1 +
25.8369,terug,-250,MM0 +
25.8369,terug,-250,"#228,YAW,-0.07,GYRO,30,-14,-2,ACC,-18,-25,63,ADC,1230,501,5,2,"
25.8369,terug,-250,MM1 ?FF
25.8369,terug,-250,MM0 ?FF
25.8369,terug,-250,MM1 FF=0
25.8369,terug,-250,MM0 FF=0
25.8369,terug,-250,"$GPRMC,113717.6,A,5050.51470,N,00419.37560,E,000.41,002.3,081026,000.4,E*5D"
25.8859,terug,-250,"#229,YAW,-0.07,GYRO,53,-73,-6,ACC,6,-9,71,ADC,1211,381,5,2,"
25.8859,terug,-250,MM1 ?P
25.8859,terug,-250,MM0 ?P
25.8859,terug,-250,MM1 P=-250:250
25.8859,terug,-250,MM0 P=-250:250
25.8859,terug,-250,MM1 !M -250 250
25.8859,terug,-250,MM0 !M -250 250
25.8859,terug,-250,MM1 +
25.8859,terug,-250,MM0 +
25.8859,terug,-250,"#230,YAW,-0.07,GYRO,-200,33,-19,ACC,16,-59,601,ADC,1256,341,4,2,"
25.8859,terug,-250,MM0 ?S
25.8859,terug,-250,MM1 ?S
25.8859,terug,-250,MM0 S=-225:225
25.8859,terug,-250,MM1 S=-150:225
25.9396,terug,-250,"#231,YAW,-0.07,GYRO,88,167,-11,ACC,-7,-3,235,ADC,1218,387,6,3,"
25.9396,terug,-250,MM1 ?T
25.9396,terug,-250,MM0 ?T
25.9396,terug,-250,MM1 T=36:33
25.9396,terug,-250,MM0 T=35:34
25.9396,terug,-250,"#232,YAW,-0.07,GYRO,12,35,14,ACC,-15,-7,59,ADC,1280,383,5,2,"
25.9396,terug,-250,MM1 ?V
25.9397,terug,-250,MM0 ?V
25.9397,terug,-250,MM1 V=120:225:4898
25.9397,terug,-250,MM0 V=120:227:4905
25.9397,terug,-250,"#233,YAW,-0.07,GYRO,66,-30,24,ACC,10,26,112,ADC,1216,501,5,1,"
25.9397,terug,-250,MM1 ?CR
25.9397,terug,-250,MM0 ?CR
25.9397,terug,-250,MM1 CR=-58:57
25.9397,terug,-250,MM0 CR=-58:57
25.9726,terug,-250,"#234,YAW,-0.07,GYRO,-242,43,10,ACC,-5,-29,477,ADC,1255,389,5,1,"
25.9727,terug,-250,MM1 ?A
25.9727,terug,-250,MM0 ?A
25.9727,terug,-250,MM1 A=-3:4
25.9727,terug,-250,MM0 A=0:4
25.9727,terug,-250,MM1 !M -250 250
25.9727,terug,-250,MM0 !M -250 250
25.9727,terug,-250,MM1 +
25.9727,terug,-250,MM0 +
25.9727,terug,-250,MM0 PING
25.9727,terug,-250,MM1 PING
25.9727,terug,-250,"#235,YAW,-0.07,GYRO,-2,46,28,ACC,-9,36,297,ADC,1245,393,5,3,"
25.9727,terug,-250,MM1 ?AI
25.9727,terug,-250,MM0 ?AI
25.9727,terug,-250,MM1 AI=0:0:2326:2363:0:0
25.9727,terug,-250,MM0 AI=0:0:2409:2436:0:0
25.9946,terug,-250,"#236,YAW,-0.07,GYRO,-22,95,17,ACC,-16,-9,125,ADC,1276,397,3,1,"
25.9946,terug,-250,MM1 ?C
25.9946,terug,-250,MM0 ?C
25.9946,terug,-250,MM1 C=1688:-1692
25.9946,terug,-250,MM0 C=1737:-1762
26.0289,terug,-250,MM0 !M -24PING
26.0289,terug,-250,MM1 !M -24PING
26.0290,terug,-250,MM0 +
26.0290,terug,-250,MM1 +
26.0290,terug,-250,"#237,YAW,-0.07,GYRO,43,-51,-15,ACC,17,1,114,ADC,1228,368,7,1,"
26.0290,terug,-250,MM0 !M -247 253
26.0290,terug,-250,MM0 +
26.0290,terug,-250,MM1 !M -247 253
26.0290,terug,-250,MM1 +
26.0290,terug,-250,MM0 ?D
26.0290,terug,-250,MM1 ?D
26.0290,terug,-250,MM0 D=17
26.0290,terug,-250,MM1 D=17
26.0290,terug,-250,"#238,YAW,-0.07,GYRO,-89,42,-32,ACC,-68,66,376,ADC,1289,500,5,2,"
26.0290,terug,-250,MM1 ?FF
26.0290,terug,-250,MM0 ?FF
26.0290,terug,-250,MM1 FF=0
26.0497,terug,-250,MM0 FF=0
26.0497,terug,-250,"$GPRMC,113717.8,A,5050.51467,N,00419.37561,E,000.40,002.3,081026,000.4,E*55"
26.0497,terug,-250,"#239,YAW,-0.07,GYRO,49,249,-28,ACC,12,32,344,ADC,1243,380,8,2,"
26.0497,terug,-250,MM1 ?P
26.0498,terug,-250,MM0 ?P
26.0498,terug,-250,MM1 P=-247:253
26.0848,terug,-250,MM0 P=-247:253
26.0848,terug,-250,MM1 !M -246 254
26.0848,terug,-250,MM0 !M -246 254
26.0848,terug,-250,MM1 +
26.0849,terug,-250,MM0 +
26.0849,terug,-250,"#240,YAW,-0.07,GYRO,-21,14,-5,ACC,-3,25,157,ADC,1224,291,5,1,"
26.0849,terug,-250,MM1 ?S
26.0849,terug,-250,MM0 ?S
26.0849,terug,-250,MM1 S=-225:150
26.0849,terug,-250,MM0 S=-225:225
26.1100,terug,-250,"#241,YAW,-0.07,GYRO,29,0,3,ACC,5,-17,121,ADC,1229,384,5,2,"
26.1100,terug,-250,MM1 ?T
26.1100,terug,-250,MM0 ?T
26.1100,terug,-250,MM1 T=36:33
26.1100,terug,-250,MM0 T=35:34
26.1447,terug,-250,"#242,YAW,-0.07,GYRO,-61,9,-19,ACC,-13,-54,217,ADC,1246,397,5,2,"
26.1447,terug,-250,MM1 ?V
26.1447,terug,-250,MM0 ?V
26.1448,terug,-250,MM1 V=120:226:4898
26.1448,terug,-250,MM0 V=120:227:4905
26.1448,terug,-250,MM1 !M -246 254
26.1448,terug,-250,MM0 !M -246 254
26.1448,terug,-250,MM1 +
26.1448,terug,-250,MM0 +
26.1448,terug,-250,"#243,YAW,-0.07,GYRO,-1,167,-35,ACC,9,-74,313,ADC,1283,431,5,1,"
26.1448,terug,-250,MM1 ?CR
26.1448,terug,-250,MM0 ?CR
26.1448,terug,-250,MM1 CR=-57:57
26.1448,terug,-250,MM0 CR=-57:58
26.1796,terug,-250,"#244,YAW,-0.07,GYRO,74,72,-34,ACC,4,-3,154,ADC,1222,380,4,2,"
26.1796,terug,-250,MM1 ?A
26.1796,terug,-250,MM0 ?A
26.1796,terug,-250,MM1 A=-3:3
26.1796,terug,-250,MM0 A=0:3
26.1796,terug,-250,MM1 !M -245 255
26.1796,terug,-250,MM0 !M -245 255
26.1796,terug,-250,MM1 +
26.1796,terug,-250,MM0 +
26.1796,terug,-250,"#245,YAW,-0.07,GYRO,24,-74,-7,ACC,1,1,119,ADC,1220,381,8,2,"
26.1796,terug,-250,MM1 ?AI
26.1796,terug,-250,MM0 ?AI
26.1796,terug,-250,MM1 AI=0:0:2326:2355:0:0
26.1796,terug,-250,MM0 AI=0:0:2431:2297:0:0
26.2006,terug,-250,"#246,YAW,-0.07,GYRO,-74,78,-10,ACC,-20,52,234,ADC,1231,391,5,1,"
26.2006,terug,-250,MM1 ?C
26.2006,terug,-250,MM0 ?C
26.2006,terug,-250,MM1 C=1631:-1634
26.2006,terug,-250,MM0 C=1679:-1704
26.2347,terug,-250,"#247,YAW,-0.07,GYRO,10,119,-7,ACC,-26,-30,466,ADC,1259,400,4,2,"
26.2348,terug,-250,MM1 ?D
26.2348,terug,-250,MM0 ?D
26.2348,terug,-250,MM1 D=34
26.2348,terug,-250,MM0 D=34
26.2348,terug,-250,"#248,YAW,-0.07,GYRO,20,182,-22,ACC,-3,4,190,ADC,1214,389,5,2,"
26.2348,terug,-250,MM1 ?FF
26.2348,terug,-250,MM0 ?FF
26.2348,terug,-250,MM1 FF=0
26.2348,terug,-250,MM0 FF=0
26.2558,terug,-250,"$GPRMC,113718.0,A,5050.51465,N,00419.37562,E,000.40,002.3,081026,000.4,E*53"
26.2558,terug,-250,"#249,YAW,-0.07,GYRO,-48,-184,-17,ACC,-10,15,172,ADC,1236,500,7,2,"
26.2558,terug,-250,MM0 ?P
26.2558,terug,-250,MM1 ?P
26.2558,terug,-250,MM0 P=-245:255
26.2558,terug,-250,MM1 P=-245:255
26.2558,terug,-250,MM0 !M -245 255
26.2558,terug,-250,MM1 !M -245 255
26.2558,terug,-250,MM0 +
26.2558,terug,-250,MM1 +
26.2558,terug,-250,MM0 PING
26.2901,terug,-250,MM1 PING
26.2901,terug,-250,"#250,YAW,-0.06,GYRO,-60,95,-23,ACC,-20,76,255,ADC,1278,500,6,1,"
26.2902,terug,-250,MM0 ?S
26.2902,terug,-250,MM1 ?S
26.2902,terug,-250,MM0 S=-225:225
26.2902,terug,-250,MM1 S=-225:225
26.2902,terug,-250,MM0 !M -244 256
26.2902,terug,-250,MM1 !M -244 256
26.2902,terug,-250,MM0 +
26.2902,terug,-250,MM1 +
26.2902,terug,-250,"#251,YAW,-0.06,GYRO,27,-81,-24,ACC,59,-42,353,ADC,1290,389,5,2,"
26.2902,terug,-250,MM1 ?T
26.2902,terug,-250,MM0 ?T
26.2902,terug,-250,MM1 T=35:33
26.3396,terug,-250,MM0 T=35:34
26.3396,terug,-250,"#252,YAW,-0.06,GYRO,45,114,-7,ACC,-27,-20,190,ADC,1263,502,4,1,"
26.3396,terug,-250,MM1 ?V
26.3396,terug,-250,MM0 ?V
26.3396,terug,-250,MM1 V=120:227:4897
26.3396,terug,-250,MM0 V=120:227:4905
26.3396,terug,-250,"#253,YAW,-0.06,GYRO,-1,-118,23,ACC,12,7,108,ADC,1240,389,7,1,"
26.3396,terug,-250,MM1 ?CR
26.3396,terug,-250,MM0 ?CR
26.3396,terug,-250,MM1 CR=-58:58
26.3396,terug,-250,MM0 CR=-59:59
26.3908,terug,-250,"#254,YAW,-0.06,GYRO,74,162,30,ACC,-9,58,295,ADC,1212,382,4,1,"
26.3909,terug,-250,MM1 ?A
26.3909,terug,-250,MM0 ?A
26.3909,terug,-250,MM1 A=-3:3
26.3909,terug,-250,MM0 A=0:3
26.3909,terug,-250,MM0 !M -244 256
26.3909,terug,-250,MM1 !M -244 256
26.3909,terug,-250,MM0 +
26.3909,terug,-250,MM1 +
26.3909,terug,-250,MM1 PING
26.3909,terug,-250,MM0 PING
26.3909,terug,-250,"#255,YAW,-0.06,GYRO,-76,-31,20,ACC,125,-31,297,ADC,1238,383,5,2,"
26.3909,terug,-250,MM0 ?AI
26.3909,terug,-250,MM1 ?AI
26.3909,terug,-250,MM0 AI=0:0:2456:2413:0:0
26.3909,terug,-250,MM1 AI=0:0:2269:2281:0:0
26.3909,terug,-250,MM0 !M -243 257
26.3909,terug,-250,MM1 !M -243 257
26.3909,terug,-250,MM0 +
26.3909,terug,-250,MM1 +
26.3909,terug,-250,"#0,YAW,-0.06,GYRO,48,146,11,ACC,-15,6,172,ADC,1255,498,5,2,"
26.3909,terug,-250,MM1 ?C
26.3909,terug,-250,MM0 ?C
26.3909,terug,-250,MM1 C=1573:-1576
26.3909,terug,-250,MM0 C=1621:-1645
26.4431,terug,-250,"#1,YAW,-0.07,GYRO,12,-7,14,ACC,16,2,83,ADC,1250,386,4,1,"
26.4431,terug,-250,MM1 ?D
26.4431,terug,-250,MM0 ?D
26.4431,terug,-250,MM1 D=17
26.4431,terug,-250,MM0 D=17
26.4431,terug,-250,MM0 !M -240 260
26.4431,terug,-250,MM1 !M -240 260
26.4431,terug,-250,MM0 +
26.4431,terug,-250,MM1 +
26.4431,terug,-250,"#2,YAW,-0.07,GYRO,-189,-134,-21,ACC,98,-85,398,ADC,1276,502,9,2,"
26.4431,terug,-250,MM0 ?FF
26.4431,terug,-250,MM1 ?FF
26.4431,terug,-250,MM0 FF=0
26.4431,terug,-250,MM1 FF=0
26.4431,terug,-250,"$GPRMC,113718.2,A,5050.51463,N,00419.37562,E,000.39,002.3,081026,000.4,E*59"
26.4917,terug,-250,"#3,YAW,-0.06,GYRO,18,210,-43,ACC,3,-8,379,ADC,1260,384,6,1,"
26.4917,terug,-250,MM0 ?P
26.4917,terug,-250,MM1 ?P
26.4917,terug,-250,MM0 P=-240:260
26.4917,terug,-250,MM1 P=-240:260
26.4917,terug,-250,"#4,YAW,-0.06,GYRO,-21,71,-31,ACC,-1,5,170,ADC,1217,381,8,2,"
26.4918,terug,-250,MM0 ?S
26.4918,terug,-250,MM1 ?S
26.4918,terug,-250,MM1 S=-225:150
26.4918,terug,-250,MM0 S=-225:225
26.4918,terug,-250,MM0 !M -240 260
26.4918,terug,-250,MM1 !M -240 260
26.4918,terug,-250,MM0 +
26.4918,terug,-250,MM1 +
26.4918,terug,-250,"#5,YAW,-0.06,GYRO,1,11,-35,ACC,-9,0,148,ADC,1247,390,3,2,"
26.4918,terug,-250,MM0 ?T
26.4918,terug,-250,MM1 ?T
26.4918,terug,-250,MM0 T=35:34
26.4918,terug,-250,MM1 T=36:33
26.5427,terug,-250,"#6,YAW,-0.06,GYRO,-90,139,-33,ACC,12,33,218,ADC,1264,392,4,2,"
26.5428,terug,-250,MM1 ?V
26.5428,terug,-250,MM0 ?V
26.5428,terug,-250,MM0 V=120:228:4905
26.5428,terug,-250,MM1 V=120:227:4898
26.5428,terug,-250,MM1 !M -240 260
26.5428,terug,-250,MM0 !M -240 260
26.5428,terug,-250,MM1 +
26.5428,terug,-250,MM0 +
26.5428,terug,-250,"#7,YAW,-0.06,GYRO,7,-59,-26,ACC,37,-6,570,ADC,1233,384,6,2,"
26.5428,terug,-250,MM0 ?CR
26.5428,terug,-250,MM1 ?CR
26.5428,terug,-250,MM0 CR=-58:58
26.5428,terug,-250,MM1 CR=-58:59
26.5927,terug,-250,"#8,YAW,-0.06,GYRO,18,132,-15,ACC,-44,-5,205,ADC,1262,389,4,2,"
26.5927,terug,-250,MM0 ?A
26.5927,terug,-250,MM1 ?A
26.5927,terug,-250,MM1 A=-3:3
26.5927,terug,-250,MM0 A=0:3
26.5927,terug,-250,"#9,YAW,-0.06,GYRO,62,-46,4,ACC,26,-14,110,ADC,1268,387,4,2,"
26.5927,terug,-250,MM0 ?AI
26.5927,terug,-250,MM1 ?AI
26.5927,terug,-250,MM0 AI=0:0:2444:2408:0:0
26.5927,terug,-250,MM1 AI=0:0:2323:2321:0:0
26.5927,terug,-250,"#10,YAW,-0.06,GYRO,49,150,-4,ACC,-40,30,235,ADC,1283,384,3,2,"
26.5927,terug,-250,MM0 ?C
26.5927,terug,-250,MM1 ?C
26.5927,terug,-250,MM0 C=1563:-1587
26.5928,terug,-250,MM1 C=1515:-1517
26.6440,terug,-250,"#11,YAW,-0.06,GYRO,132,-30,5,ACC,81,19,565,ADC,1272,386,5,2,"
26.6440,terug,-250,MM0 !M -240 260
26.6440,terug,-250,MM0 +
26.6440,terug,-250,MM1 !M -240 260
26.6441,terug,-250,MM1 +
26.6441,terug,-250,MM0 PING
26.6441,terug,-250,MM1 PING
26.6441,terug,-250,MM0 ?D
26.6441,terug,-250,MM1 ?D
26.6441,terug,-250,MM1 D=2
26.6441,terug,-250,MM0 D=10
26.6441,terug,-250,"#12,YAW,-0.06,GYRO,88,299,-4,ACC,-28,53,266,ADC,1223,385,5,2,"
26.6441,terug,-250,MM0 ?FF
26.6441,terug,-250,MM1 ?FF
26.6441,terug,-250,MM0 FF=0
26.6441,terug,-250,MM1 FF=0
26.6441,terug,-250,"$GPRMC,113718.4,A,5050.51461,N,00419.37562,E,000.39,002.3,081026,000.4,E*5D"
26.6946,terug,-250,"#13,YAW,-0.06,GYRO,19,-199,15,ACC,27,-1,74,ADC,1273,384,4,2,"
26.6947,terug,-250,MM0 ?P
26.6947,terug,-250,MM1 ?P
26.6947,terug,-250,MM0 P=-240:260
26.6947,terug,-250,MM1 P=-240:260
26.6947,terug,-250,MM0 !M -238 262
26.6947,terug,-250,MM1 !M -238 262
26.6947,terug,-250,MM0 +
26.6947,terug,-250,MM1 +
26.6947,terug,-250,MM1 PING
26.6947,terug,-250,MM0 PING
26.6947,terug,-250,"#14,YAW,-0.06,GYRO,-69,-20,-9,ACC,-8,-28,250,ADC,1217,389,5,2,"
26.6948,terug,-250,MM0 ?S
26.6948,terug,-250,MM1 ?S
26.6948,terug,-250,MM0 S=-225:225
26.6948,terug,-250,MM1 S=-225:225
26.6948,terug,-250,"#15,YAW,-0.06,GYRO,-105,16,3,ACC,-3,-8,422,ADC,1271,384,5,2,"
26.6948,terug,-250,MM0 ?T
26.6948,terug,-250,MM1 ?T
26.6948,terug,-250,MM0 T=35:34
26.6948,terug,-250,MM1 T=36:33
26.7447,terug,-250,"#16,YAW,-0.06,GYRO,33,75,-27,ACC,-7,-26,153,ADC,1249,503,4,1,"
26.7447,terug,-250,MM0 ?V
26.7447,terug,-250,MM1 ?V
26.7447,terug,-250,MM0 V=120:227:4905
26.7447,terug,-250,MM1 V=120:226:4898
26.7447,terug,-250,MM0 !M -237 263
26.7447,terug,-250,MM1 !M -237 263
26.7447,terug,-250,MM0 +
26.7447,terug,-250,MM1 +
26.7447,terug,-250,MM0 PING
26.7447,terug,-250,MM1 PING
26.7447,terug,-250,"#17,YAW,-0.06,GYRO,3,-55,-34,ACC,13,-10,108,ADC,1237,394,4,1,"
26.7448,terug,-250,MM0 ?CR
26.7448,terug,-250,MM1 ?CR
26.7448,terug,-250,MM0 CR=-58:58
26.7448,terug,-250,MM1 CR=-58:58
26.7947,terug,-250,"#18,YAW,-0.05,GYRO,-221,14,-49,ACC,205,-49,379,ADC,1262,502,4,1,"
26.7948,terug,-250,MM0 ?A
26.7948,terug,-250,MM1 ?A
26.7948,terug,-250,MM0 A=0:7
26.7948,terug,-250,MM1 A=0:7
26.7948,terug,-250,MM0 !M -236 264
26.7948,terug,-250,MM1 !M -236 264
26.7948,terug,-250,MM0 +
26.7948,terug,-250,MM1 +
26.7948,terug,-250,MM1 PING
26.7948,terug,-250,MM0 PING
26.7948,terug,-250,"#19,YAW,-0.05,GYRO,19,26,-38,ACC,36,-21,264,ADC,1247,389,5,2,"
26.7948,terug,-250,MM0 ?AI
26.7948,terug,-250,MM1 ?AI
26.7948,terug,-250,MM0 AI=0:0:2415:2412:0:0
26.7948,terug,-250,MM1 AI=0:0:2334:2572:0:0
26.7948,terug,-250,"#20,YAW,-0.05,GYRO,35,213,-38,ACC,-27,-43,163,ADC,1248,497,5,1,"
26.7948,terug,-250,MM0 ?C
26.7948,terug,-250,MM1 ?C
26.7948,terug,-250,MM0 C=1504:-1528
26.7949,terug,-250,MM1 C=1457:-1458
27.3477,terug,-250,"#21,YAW,-0.05,GYRO,71,3,-17,ACC,1,-33,90,ADC,1306,499,5,2,"
27.3478,terug,-250,MM0 ?D
27.3478,terug,-250,MM1 ?D
27.3478,terug,-250,MM0 D=32
27.3478,terug,-250,MM1 D=33
27.3478,terug,-250,MM0 !M -237 263
27.3478,terug,-250,MM1 !M -237 263
27.3478,terug,-250,MM0 +
27.3478,terug,-250,MM1 +
27.3478,terug,-250,MM0 PING
27.3478,terug,-250,MM1 PING
27.3478,terug,-250,MM0 !M -236 264
27.3478,terug,-250,MM1 !M -236 264
27.3478,terug,-250,MM0 +
27.3478,terug,-250,MM1 +
27.3478,terug,-250,"#22,YAW,-0.05,GYRO,-105,52,-45,ACC,190,-35,360,ADC,1244,299,5,2,"
27.3478,terug,-250,MM0 ?FF
27.3478,terug,-250,MM1 ?FF
27.3478,terug,-250,MM0 FF=0
27.3478,terug,-250,MM1 FF=0
27.3478,terug,-250,"$GPRMC,113718.6,A,5050.51459,N,00419.37561,E,000.40,002.3,081026,000.4,E*59"
27.3478,terug,-250,"#23,YAW,-0.05,GYRO,-47,224,-30,ACC,21,6,341,ADC,1277,391,6,2,"
27.3478,terug,-250,MM0 ?P
27.3478,terug,-250,MM1 ?P
27.3478,terug,-250,MM0 P=-236:264
27.3478,terug,-250,MM1 P=-236:264
27.3478,terug,-250,"#24,YAW,-0.05,GYRO,39,103,-28,ACC,-13,-1,150,ADC,1238,384,4,2,"
27.3478,terug,-250,MM0 ?S
27.3479,terug,-250,MM1 ?S
27.3479,terug,-250,MM0 S=-225:225
27.3479,terug,-250,MM1 S=-225:225
27.3479,terug,-250,"#25,YAW,-0.05,GYRO,98,34,-17,ACC,-3,-24,84,ADC,1259,395,4,2,"
27.3479,terug,-250,MM0 ?T
27.3479,terug,-250,MM1 ?T
27.3479,terug,-250,MM0 T=35:34
27.3479,terug,-250,MM1 T=36:33
27.3479,terug,-250,MM1 !M -236 264
27.3479,terug,-250,MM0 !M -236 264
27.3479,terug,-250,MM1 +
27.3479,terug,-250,MM0 +
27.3479,terug,-250,"#26,YAW,-0.05,GYRO,-101,72,-38,ACC,-37,-17,297,ADC,1246,383,4,1,"
27.3479,terug,-250,MM0 ?V
27.3479,terug,-250,MM1 ?V
27.3479,terug,-250,MM0 V=120:227:4904
27.3479,terug,-250,MM1 V=120:226:4897
27.3479,terug,-250,"#27,YAW,-0.05,GYRO,-82,-105,-33,ACC,38,-58,316,ADC,1226,387,5,2,"
27.3479,terug,-250,MM0 ?CR
27.3479,terug,-250,MM1 ?CR
27.3479,terug,-250,MM0 CR=-59:59
27.3479,terug,-250,MM1 CR=-57:59
27.3479,terug,-250,"#28,YAW,-0.05,GYRO,110,164,-27,ACC,-24,-11,138,ADC,1238,499,4,2,"
27.3479,terug,-250,MM0 ?A
27.3479,terug,-250,MM1 ?A
27.3479,terug,-250,MM1 A=-3:7
27.3479,terug,-250,MM0 A=0:7
27.3479,terug,-250,MM0 !M -23PING
27.3479,terug,-250,MM1 !M -23PING
27.3479,terug,-250,MM0 +
27.3479,terug,-250,MM1 +
27.3479,terug,-250,"#29,YAW,-0.05,GYRO,46,-20,10,ACC,29,6,119,ADC,1265,384,5,2,"
27.3479,terug,-250,MM0 ?AI
27.3479,terug,-250,MM1 ?AI
27.3479,terug,-250,MM0 AI=0:0:2407:2429:0:0
27.3480,terug,-250,MM1 AI=0:0:2332:2329:0:0
27.3480,terug,-250,MM0 !M -235 265
27.3480,terug,-250,MM1 !M -235 265
27.3480,terug,-250,MM0 +
27.3480,terug,-250,MM1 +
27.3480,terug,-250,"#30,YAW,-0.05,GYRO,-98,140,6,ACC,-5,110,317,ADC,1215,380,5,2,"
27.3480,terug,-250,MM0 ?C
27.3480,terug,-250,MM1 ?C
27.3480,terug,-250,MM0 C=1446:-1469
27.3480,terug,-250,MM1 C=1400:-1400
27.3480,terug,-250,"#31,YAW,-0.05,GYRO,-131,-76,34,ACC,5,10,363,ADC,1260,386,5,1,"
27.3480,terug,-250,MM0 ?D
27.3480,terug,-250,MM1 ?D
27.3480,terug,-250,MM0 D=18
27.3480,terug,-250,MM1 D=0
27.3480,terug,-250,MM0 !M -234 266
27.3480,terug,-250,MM1 !M -234 266
27.3480,terug,-250,MM0 +
27.3480,terug,-250,MM1 +
27.3480,terug,-250,"#32,YAW,-0.05,GYRO,-10,68,12,ACC,-3,-8,160,ADC,1244,286,6,2,"
27.3480,terug,-250,MM0 ?FF
27.3480,terug,-250,MM1 ?FF
27.3480,terug,-250,MM0 FF=0
27.3480,terug,-250,MM1 FF=0
27.3480,terug,-250,"$GPRMC,113718.8,A,5050.51457,N,00419.37560,E,000.41,002.3,081026,000.4,E*59"
27.3480,terug,-250,"#33,YAW,-0.05,GYRO,24,2,-28,ACC,22,-31,139,ADC,1255,389,4,1,"
27.3480,terug,-250,MM0 ?P
27.3480,terug,-250,MM1 ?P
27.3480,terug,-250,MM0 P=-234:266
27.3480,terug,-250,MM1 P=-234:266
27.3480,terug,-250,"#34,YAW,-0.04,GYRO,26,176,-44,ACC,-21,-4,219,ADC,1249,384,5,2,"
27.3481,terug,-250,MM0 ?S
27.3481,terug,-250,MM1 ?S
27.3481,terug,-250,MM0 S=-150:225
27.3481,terug,-250,MM1 S=-225:225
27.3481,terug,-250,"#35,YAW,-0.04,GYRO,-28,-78,-41,ACC,66,47,520,ADC,1260,496,7,2,"
27.3481,terug,-250,MM0 ?T
27.3481,terug,-250,MM1 ?T
27.3481,terug,-250,MM0 T=35:34
27.3481,terug,-250,MM1 T=36:33
27.3481,terug,-250,"#36,YAW,-0.04,GYRO,1,94,-24,ACC,31,14,168,ADC,1220,385,6,2,"
27.3481,terug,-250,MM0 ?V
27.3481,terug,-250,MM1 ?V
27.3481,terug,-250,MM0 V=120:226:4905
27.3481,terug,-250,MM1 V=120:225:4899
27.3481,terug,-250,MM0 !M -233 267
27.3481,terug,-250,MM1 !M -233 267
27.3481,terug,-250,MM0 +
27.3481,terug,-250,MM1 +
27.3481,terug,-250,MM0 PING
27.3481,terug,-250,MM1 PING
27.3481,terug,-250,"#37,YAW,-0.04,GYRO,15,-97,-10,ACC,7,-28,173,ADC,1259,397,5,2,"
27.3481,terug,-250,MM0 !M -233 267
27.3481,terug,-250,MM1 !M -233 267
27.3481,terug,-250,MM1 +
27.3481,terug,-250,MM0 +
27.3481,terug,-250,MM0 ?CR
27.3481,terug,-250,MM1 ?CR
27.3481,terug,-250,MM0 CR=-57:58
27.3481,terug,-250,MM1 CR=-57:57
27.3481,terug,-250,"#38,YAW,-0.04,GYRO,42,144,-17,ACC,-22,-14,199,ADC,1284,395,6,2,"
27.3481,terug,-250,MM0 ?A
27.3481,terug,-250,MM1 ?A
27.3481,terug,-250,MM1 A=-3:7
27.3481,terug,-250,MM0 A=0:7
27.3481,terug,-250,"#39,YAW,-0.04,GYRO,-49,-199,-5,ACC,-40,21,578,ADC,1211,381,4,2,"
27.3481,terug,-250,MM0 ?AI
27.3482,terug,-250,MM1 ?AI
27.3482,terug,-250,MM0 AI=0:0:2406:2444:0:0
27.3482,terug,-250,MM1 AI=0:0:2334:2390:0:0
27.3482,terug,-250,"#40,YAW,-0.04,GYRO,128,200,-29,ACC,21,16,210,ADC,1235,380,7,1,"
27.3482,terug,-250,MM0 ?C
27.3482,terug,-250,MM1 ?C
27.3482,terug,-250,MM0 C=1389:-1412
27.3482,terug,-250,MM1 C=1343:-1343
27.3482,terug,-250,"#41,YAW,-0.04,GYRO,-21,-64,-25,ACC,19,-17,122,ADC,1222,380,5,3,"
27.3482,terug,-250,MM0 ?D
27.3482,terug,-250,MM1 ?D
27.3482,terug,-250,MM0 D=35
27.3482,terug,-250,MM1 D=48
27.3482,terug,-250,MM0 !M -232 268
27.3482,terug,-250,MM1 !M -232 268
27.3482,terug,-250,MM0 +
27.3482,terug,-250,MM1 +
27.3482,terug,-250,MM0 PING
27.3482,terug,-250,MM1 PING
27.3482,terug,-250,"#42,YAW,-0.04,GYRO,108,164,-15,ACC,-10,11,186,ADC,1268,390,6,2,"
27.3482,terug,-250,MM0 ?FF
27.3482,terug,-250,MM0 FF=0
27.3482,terug,-250,MM1 ?FF
27.3482,terug,-250,MM1 FF=0
27.3482,terug,-250,MM0 !M -231 269
27.3482,terug,-250,MM1 !M -231 269
27.3482,terug,-250,MM0 +
27.3482,terug,-250,MM1 +
27.3482,terug,-250,"$GPRMC,113719.0,A,5050.51454,N,00419.37559,E,000.42,002.3,081026,000.4,E*5A"
27.3482,terug,-250,"#43,YAW,-0.04,GYRO,-230,-79,-28,ACC,9,55,732,ADC,1256,335,9,1,"
27.3483,terug,-250,MM0 ?P
27.3483,terug,-250,MM1 ?P
27.3483,terug,-250,MM0 P=-231:269
27.3483,terug,-250,MM1 P=-231:269
27.3483,terug,-250,"#44,YAW,-0.04,GYRO,153,183,-37,ACC,8,-33,145,ADC,1285,392,5,1,"
27.3483,terug,-250,MM0 ?S
27.3483,terug,-250,MM1 ?S
27.3483,terug,-250,MM0 S=-225:225
27.3483,terug,-250,MM1 S=-150:225
27.3483,terug,-250,"#45,YAW,-0.04,GYRO,-71,-121,-48,ACC,-27,-22,130,ADC,1270,504,5,1,"
27.3483,terug,-250,MM0 ?T
27.3483,terug,-250,MM1 ?T
27.3483,terug,-250,MM0 T=35:34
27.3483,terug,-250,MM1 T=36:33
27.3485,terug,-250,"#46,YAW,-0.04,GYRO,57,97,-23,ACC,-2,-1,211,ADC,1268,494,6,1,"
27.3485,terug,-250,MM0 ?V
27.3485,terug,-250,MM1 ?V
27.3485,terug,-250,MM0 V=120:227:4905
27.3485,terug,-250,MM1 V=120:224:4898
27.3485,terug,-250,MM0 !M -231 269
27.3485,terug,-250,MM1 !M -231 269
27.3485,terug,-250,MM0 +
27.3485,terug,-250,MM1 +
27.3485,terug,-250,MM1 PING
27.3485,terug,-250,MM0 PING
27.3485,terug,-250,"#47,YAW,-0.04,GYRO,-106,-72,-31,ACC,-13,8,542,ADC,1245,383,5,2,"
27.3485,terug,-250,MM0 ?CR
27.3485,terug,-250,MM1 ?CR
27.3485,terug,-250,MM0 CR=-57:59
27.3485,terug,-250,MM1 CR=-56:58
27.3485,terug,-250,MM0 !M -230 270
27.3485,terug,-250,MM1 !M -230 270
27.3485,terug,-250,MM0 +
27.3485,terug,-250,MM1 +
27.3485,terug,-250,"#48,YAW,-0.04,GYRO,37,-63,-38,ACC,25,8,184,ADC,1223,498,6,2,"
27.3485,terug,-250,MM0 ?A
27.3485,terug,-250,MM1 ?A
27.4006,terug,-250,MM0 A=0:7
27.4006,terug,-250,MM1 A=-3:11
27.4006,terug,-250,"#49,YAW,-0.04,GYRO,-21,-46,-20,ACC,15,-32,151,ADC,1254,398,3,2,"
27.4006,terug,-250,MM0 ?AI
27.4007,terug,-250,MM1 ?AI
27.4007,terug,-250,MM0 AI=0:0:2409:2432:0:0
27.4007,terug,-250,MM1 AI=0:0:2348:2328:0:0
27.4007,terug,-250,"#50,YAW,-0.04,GYRO,157,260,9,ACC,20,9,257,ADC,1249,387,8,2,"
27.4007,terug,-250,MM1 ?C
27.4007,terug,-250,MM0 ?C
27.4007,terug,-250,MM1 C=1287:-1284
27.4007,terug,-250,MM0 C=1332:-1352
27.4537,terug,-250,"#51,YAW,-0.04,GYRO,-67,-359,38,ACC,-44,50,626,ADC,1213,380,5,2,"
27.4538,terug,-250,MM0 ?D
27.4538,terug,-250,MM1 ?D
27.4538,terug,-250,MM0 D=32
27.4538,terug,-250,MM1 D=2
27.4538,terug,-250,MM0 !M -232 268
27.4538,terug,-250,MM1 !M -232 268
27.4538,terug,-250,MM0 +
27.4538,terug,-250,MM1 +
27.4538,terug,-250,MM1 PING
27.4538,terug,-250,MM0 PING
27.4538,terug,-250,"#52,YAW,-0.04,GYRO,96,147,5,ACC,15,-13,101,ADC,1234,390,6,2,"
27.4538,terug,-250,MM0 ?FF
27.4538,terug,-250,MM1 ?FF
27.4538,terug,-250,MM0 FF=0
27.4538,terug,-250,MM1 FF=0
27.4538,terug,-250,"$GPRMC,113719.2,A,5050.51452,N,00419.37557,E,000.44,002.3,081026,000.4,E*56"
27.4538,terug,-250,"#53,YAW,-0.04,GYRO,-2,105,8,ACC,18,-32,73,ADC,1314,499,4,3,"
27.4538,terug,-250,MM0 ?P
27.4538,terug,-250,MM1 ?P
27.4538,terug,-250,MM0 P=-232:268
27.4538,terug,-250,MM1 P=-232:268
27.5033,terug,-250,MM0 !M -231 269
27.5033,terug,-250,MM1 !M -231 269
27.5033,terug,-250,MM0 +
27.5033,terug,-250,MM1 +
27.5033,terug,-250,"#54,YAW,-0.04,GYRO,-33,50,-19,ACC,-36,18,331,ADC,1257,396,4,1,"
27.5033,terug,-250,MM0 PING
27.5033,terug,-250,MM1 PING
27.5033,terug,-250,MM0 ?S
27.5033,terug,-250,MM1 ?S
27.5033,terug,-250,MM0 S=-225:225
27.5033,terug,-250,MM1 S=-225:225
27.5033,terug,-250,"#55,YAW,-0.04,GYRO,-198,-54,-9,ACC,17,38,447,ADC,1295,501,6,2,"
27.5033,terug,-250,MM0 ?T
27.5033,terug,-250,MM1 ?T
27.5033,terug,-250,MM0 T=35:34
27.5033,terug,-250,MM1 T=36:33
27.5526,terug,-250,"#56,YAW,-0.04,GYRO,10,73,-12,ACC,19,-22,173,ADC,1269,391,4,1,"
27.5526,terug,-250,MM0 ?V
27.5526,terug,-250,MM1 ?V
27.5526,terug,-250,MM0 V=120:227:4905
27.5526,terug,-250,MM1 V=120:225:4897
27.5526,terug,-250,MM0 !M -229 271
27.5526,terug,-250,MM1 !M -229 271
27.5526,terug,-250,MM0 +
27.5526,terug,-250,MM1 +
27.5527,terug,-250,MM0 PING
27.5527,terug,-250,MM1 PING
27.5527,terug,-250,"#57,YAW,-0.04,GYRO,-13,56,-37,ACC,22,-28,203,ADC,1231,397,6,2,"
27.5527,terug,-250,MM0 ?CR
27.5527,terug,-250,MM1 ?CR
27.5527,terug,-250,MM0 CR=-58:59
27.5527,terug,-250,MM1 CR=-58:58
27.5527,terug,-250,"#58,YAW,-0.03,GYRO,-25,260,-54,ACC,-3,12,243,ADC,1259,502,4,2,"
27.5527,terug,-250,MM0 ?A
27.5527,terug,-250,MM1 ?A
27.5527,terug,-250,MM0 A=0:3
27.5527,terug,-250,MM1 A=0:7
27.6028,terug,-250,"#59,YAW,-0.03,GYRO,-89,-64,-40,ACC,25,43,418,ADC,1246,398,5,1,"
27.6028,terug,-250,MM0 !M -229 271
27.6028,terug,-250,MM0 +
27.6028,terug,-250,MM1 !M -229 271
27.6028,terug,-250,MM1 +
27.6028,terug,-250,MM0 PING
27.6028,terug,-250,MM1 PING
27.6028,terug,-250,MM0 ?AI
27.6029,terug,-250,MM1 ?AI
27.6029,terug,-250,MM0 AI=0:0:2407:2422:0:0
27.6029,terug,-250,MM1 AI=0:0:2311:2349:0:0
27.6029,terug,-250,"#60,YAW,-0.03,GYRO,-19,-7,-39,ACC,7,-14,166,ADC,1227,388,6,2,"
27.6029,terug,-250,MM0 ?C
27.6029,terug,-250,MM1 ?C
27.6029,terug,-250,MM0 C=1273:-1294
27.6029,terug,-250,MM1 C=1229:-1226
27.6547,terug,-250,"#61,YAW,-0.03,GYRO,121,168,-30,ACC,3,-32,142,ADC,1285,501,7,2,"
27.6547,terug,-250,MM0 ?D
27.6547,terug,-250,MM1 ?D
27.6547,terug,-250,MM0 D=51
27.6547,terug,-250,MM1 D=33
27.6547,terug,-250,MM1 !M -229 271
27.6547,terug,-250,MM0 !M -229 271
27.6548,terug,-250,MM1 +
27.6548,terug,-250,MM0 +
27.6548,terug,-250,MM0 PING
27.6548,terug,-250,MM1 PING
27.6548,terug,-250,"#62,YAW,-0.03,GYRO,168,293,-16,ACC,8,-14,165,ADC,1226,384,6,2,"
27.6548,terug,-250,MM0 ?FF
27.6548,terug,-250,MM1 ?FF
27.6548,terug,-250,MM0 FF=0
27.6548,terug,-250,MM1 FF=0
27.6548,terug,-250,"$GPRMC,113719.4,A,5050.51450,N,00419.37555,E,000.45,002.3,081026,000.4,E*51"
27.6548,terug,-250,"#63,YAW,-0.03,GYRO,-309,-165,-13,ACC,96,21,514,ADC,1237,502,4,2,"
27.6548,terug,-250,MM0 ?P
27.6548,terug,-250,MM1 ?P
27.6548,terug,-250,MM0 P=-229:271
27.6548,terug,-250,MM1 P=-229:271
27.7037,terug,-250,"#64,YAW,-0.03,GYRO,234,263,-9,ACC,45,1,164,ADC,1268,503,5,2,"
27.7037,terug,-250,MM0 ?S
27.7037,terug,-250,MM0 S=-225:225
27.7037,terug,-250,MM1 ?S
27.7037,terug,-250,MM1 S=-225:225
27.7037,terug,-250,MM0 !M -229 271
27.7038,terug,-250,MM1 !M -229 271
27.7038,terug,-250,MM0 +
27.7038,terug,-250,MM1 +
27.7038,terug,-250,MM1 PING
27.7038,terug,-250,MM0 PING
27.7038,terug,-250,"#65,YAW,-0.03,GYRO,50,110,-16,ACC,10,-8,83,ADC,1237,407,4,1,"
27.7038,terug,-250,MM0 ?T
27.7038,terug,-250,MM1 ?T
27.7038,terug,-250,MM0 T=35:34
27.7038,terug,-250,MM1 T=36:33
27.7545,terug,-250,"#66,YAW,-0.03,GYRO,45,149,-24,ACC,10,-2,273,ADC,1232,391,4,2,"
27.7545,terug,-250,MM0 ?V
27.7545,terug,-250,MM1 ?V
27.7545,terug,-250,MM0 V=120:226:4904
27.7546,terug,-250,MM1 V=120:228:4899
27.7546,terug,-250,MM0 !M -228 272
27.7546,terug,-250,MM1 !M -228 272
27.7546,terug,-250,MM0 +
27.7546,terug,-250,MM1 +
27.7546,terug,-250,MM0 PING
27.7546,terug,-250,MM1 PING
27.7546,terug,-250,"#67,YAW,-0.03,GYRO,-109,-150,0,ACC,-3,62,452,ADC,1245,384,4,2,"
27.7546,terug,-250,MM0 ?CR
27.7546,terug,-250,MM1 ?CR
27.7546,terug,-250,MM0 CR=-59:59
27.7546,terug,-250,MM1 CR=-57:60
27.7546,terug,-250,"#68,YAW,-0.03,GYRO,-2,163,-19,ACC,5,-13,160,ADC,1220,383,5,2,"
27.7546,terug,-250,MM0 ?A
27.7546,terug,-250,MM1 ?A
27.7546,terug,-250,MM0 A=0:11
27.7546,terug,-250,MM1 A=0:7
27.8048,terug,-250,"#69,YAW,-0.03,GYRO,55,41,-40,ACC,26,-34,160,ADC,1288,501,5,2,"
27.8049,terug,-250,MM0 ?AI
27.8049,terug,-250,MM1 ?AI
27.8049,terug,-250,MM1 AI=0:0:2326:2347:0:0
27.8049,terug,-250,MM0 AI=0:0:2412:2427:0:0
27.8049,terug,-250,MM1 !M -228 272
27.8049,terug,-250,MM0 !M -228 272
27.8049,terug,-250,MM1 +
27.8049,terug,-250,MM0 +
27.8049,terug,-250,MM0 PING
27.8049,terug,-250,MM1 PING
27.8049,terug,-250,"#70,YAW,-0.03,GYRO,-107,176,-45,ACC,-71,50,295,ADC,1264,386,7,2,"
27.8049,terug,-250,MM0 ?C
27.8049,terug,-250,MM1 ?C
27.8049,terug,-250,MM0 C=1214:-1234
27.8049,terug,-250,MM1 C=1171:-1166
27.8264,terug,-250,"#71,YAW,-0.03,GYRO,-139,-146,-31,ACC,32,30,366,ADC,1266,385,6,1,"
27.8264,terug,-250,MM0 ?D
27.8264,terug,-250,MM1 ?D
27.8264,terug,-250,MM0 D=18
27.8264,terug,-250,MM1 D=34
27.8264,terug,-250,MM0 !M -227 273
27.8264,terug,-250,MM1 !M -227 273
27.8626,terug,-250,"#72,YAW,-0.03,GYRO,-19,73,-36,ACC,10,-4,188,ADC,1224,382,4,1,"
27.8627,terug,-250,MM0 +
27.8627,terug,-250,MM0 PING
27.8627,terug,-250,MM1 +
27.8627,terug,-250,MM1 PING
27.8627,terug,-250,MM0 ?FF
27.8627,terug,-250,MM1 ?FF
27.8627,terug,-250,MM0 FF=0
27.8627,terug,-250,MM1 FF=0
27.8627,terug,-250,"$GPRMC,113719.6,A,5050.51448,N,00419.37554,E,000.48,002.3,081026,000.4,E*56"
27.8628,terug,-250,"#73,YAW,-0.03,GYRO,139,126,-36,ACC,6,-30,141,ADC,1236,281,7,1,"
27.8628,terug,-250,MM0 ?P
27.8628,terug,-250,MM1 ?P
27.8628,terug,-250,MM0 P=-227:273
27.8628,terug,-250,MM1 P=-227:273
27.8966,terug,-250,"#74,YAW,-0.02,GYRO,30,210,-28,ACC,13,5,249,ADC,1219,383,6,1,"
27.8967,terug,-250,MM0 ?S
27.8967,terug,-250,MM1 ?S
27.8967,terug,-250,MM0 S=-225:225
27.8967,terug,-250,MM1 S=-225:225
27.8967,terug,-250,MM0 !M -227 273
27.8967,terug,-250,MM1 !M -227 273
27.8967,terug,-250,MM0 +
27.8967,terug,-250,MM1 +
27.8967,terug,-250,MM0 PING
27.8967,terug,-250,MM1 PING
27.8967,terug,-250,MM0 !M -227 273
27.8967,terug,-250,MM1 !M -227 273
27.8967,terug,-250,MM0 +
27.8967,terug,-250,MM1 +
27.8967,terug,-250,"#75,YAW,-0.02,GYRO,-195,32,-34,ACC,27,24,497,ADC,1217,301,4,1,"
27.8967,terug,-250,MM0 ?T
27.8967,terug,-250,MM1 ?T
27.8967,terug,-250,MM0 T=35:34
27.8967,terug,-250,MM1 T=36:33
27.9172,terug,-250,"#76,YAW,-0.02,GYRO,18,-27,-39,ACC,24,-23,183,ADC,1255,384,9,2,"
27.9172,terug,-250,MM0 ?V
27.9172,terug,-250,MM1 ?V
27.9172,terug,-250,MM0 V=120:226:4904
27.9172,terug,-250,MM1 V=120:226:4898
27.9532,terug,-250,"#77,YAW,-0.02,GYRO,1,-32,-42,ACC,-28,-25,146,ADC,1252,395,7,2,"
27.9532,terug,-250,MM1 ?CR
27.9532,terug,-250,MM0 ?CR
27.9532,terug,-250,MM0 CR=-58:61
27.9532,terug,-250,MM1 CR=-58:59
27.9532,terug,-250,MM1 !M -228 272
27.9532,terug,-250,MM0 !M -228 272
27.9532,terug,-250,MM1 +
27.9532,terug,-250,MM0 +
27.9532,terug,-250,"#78,YAW,-0.02,GYRO,39,105,-24,ACC,7,0,190,ADC,1204,381,5,2,"
27.9532,terug,-250,MM0 ?A
27.9532,terug,-250,MM1 ?A
27.9532,terug,-250,MM0 A=0:3
27.9533,terug,-250,MM1 A=-3:11
27.9727,terug,-250,"#79,YAW,-0.02,GYRO,21,166,-43,ACC,38,47,516,ADC,1240,388,5,1,"
27.9727,terug,-250,MM1 ?AI
27.9727,terug,-250,MM0 ?AI
27.9727,terug,-250,MM1 AI=0:0:2328:2320:0:0
27.9727,terug,-250,MM0 AI=0:0:2390:2421:0:0
28.0074,terug,-250,MM0 !M -228 272
28.0074,terug,-250,MM1 !M -228 272
28.0074,terug,-250,MM0 +
28.0074,terug,-250,MM1 +
28.0074,terug,-250,"#80,YAW,-0.02,GYRO,-59,-103,-32,ACC,-1,46,157,ADC,1232,292,4,2,"
28.0074,terug,-250,MM0 ?C
28.0074,terug,-250,MM1 ?C
28.0074,terug,-250,MM0 C=1157:-1173
28.0074,terug,-250,MM1 C=1115:-1108
28.0075,terug,-250,"#81,YAW,-0.02,GYRO,37,25,-41,ACC,-11,5,164,ADC,1282,382,3,1,"
28.0075,terug,-250,MM0 ?D
28.0575,terug,-250,MM1 ?D
28.0575,terug,-250,MM0 D=51
28.0575,terug,-250,MM1 D=18
28.0575,terug,-250,"#82,YAW,-0.02,GYRO,16,209,-24,ACC,-30,30,299,ADC,1266,385,4,2,"
28.0575,terug,-250,MM0 ?FF
28.0575,terug,-250,MM1 ?FF
28.0575,terug,-250,MM0 FF=0
28.0575,terug,-250,MM1 FF=0
28.0575,terug,-250,"$GPRMC,113719.8,A,5050.51446,N,00419.37552,E,000.49,002.3,081026,000.4,E*51"
28.0576,terug,-250,"#83,YAW,-0.02,GYRO,-199,-18,25,ACC,12,50,331,ADC,1248,384,8,2,"
28.0576,terug,-250,MM0 ?P
28.0576,terug,-250,MM1 ?P
28.0576,terug,-250,MM0 P=-228:272
28.0576,terug,-250,MM1 P=-228:272
28.1078,terug,-250,"#84,YAW,-0.02,GYRO,-34,-101,20,ACC,1,0,168,ADC,1190,380,3,1,"
28.1078,terug,-250,MM0 ?S
28.1078,terug,-250,MM1 ?S
28.1078,terug,-250,MM0 S=-225:225
28.1078,terug,-250,MM1 S=-225:150
28.1078,terug,-250,MM0 !M -228 272
28.1078,terug,-250,MM1 !M -228 272
28.1079,terug,-250,MM0 +
28.1079,terug,-250,MM1 +
28.1079,terug,-250,MM0 PING
28.1079,terug,-250,MM1 PING
28.1079,terug,-250,"#85,YAW,-0.02,GYRO,107,128,-23,ACC,13,-46,191,ADC,1270,391,5,2,"
28.1079,terug,-250,MM0 !M -227 273
28.1079,terug,-250,MM0 +
28.1079,terug,-250,MM1 !M -227 273
28.1079,terug,-250,MM1 +
28.1079,terug,-250,MM0 ?T
28.1079,terug,-250,MM1 ?T
28.1079,terug,-250,MM0 T=35:34
28.1079,terug,-250,MM1 T=36:33
28.1079,terug,-250,"#86,YAW,-0.02,GYRO,32,168,-50,ACC,-4,-31,282,ADC,1214,384,4,2,"
28.1079,terug,-250,MM0 ?V
28.1079,terug,-250,MM1 ?V
28.1585,terug,-250,MM0 V=120:226:4905
28.1585,terug,-250,MM1 V=120:225:4898
28.1585,terug,-250,"#87,YAW,-0.02,GYRO,-158,-128,-7,ACC,18,50,331,ADC,1245,384,6,1,"
28.1585,terug,-250,MM0 ?CR
28.1585,terug,-250,MM1 ?CR
28.1585,terug,-250,MM0 CR=-57:59
28.1585,terug,-250,MM1 CR=-56:57
28.1585,terug,-250,"#88,YAW,-0.02,GYRO,33,38,-9,ACC,4,20,211,ADC,1244,391,8,2,"
28.1585,terug,-250,MM0 ?A
28.1585,terug,-250,MM1 ?A
28.1585,terug,-250,MM1 A=0:10
28.1585,terug,-250,MM0 A=0:7
28.1798,terug,-250,"#89,YAW,-0.02,GYRO,68,88,-39,ACC,10,-22,191,ADC,1291,396,6,2,"
28.1798,terug,-250,MM0 ?AI
28.1798,terug,-250,MM1 ?AI
28.1798,terug,-250,MM1 AI=0:0:2326:2345:0:0
28.1798,terug,-250,MM0 AI=0:0:2419:2404:0:0
28.2178,terug,-250,"#90,YAW,-0.02,GYRO,38,63,-44,ACC,2,-26,277,ADC,1256,383,5,1,"
28.2178,terug,-250,MM0 !M -227 273
28.2178,terug,-250,MM0 +
28.2178,terug,-250,MM1 !M -227 273
28.2178,terug,-250,MM1 +
28.2178,terug,-250,MM1 PING
28.2178,terug,-250,MM0 PING
28.2178,terug,-250,MM0 ?C
28.2178,terug,-250,MM1 ?C
28.2178,terug,-250,MM1 C=1058:-1051
28.2178,terug,-250,MM0 C=1100:-1115
28.2178,terug,-250,"#91,YAW,-0.02,GYRO,-114,-92,-20,ACC,-4,36,329,ADC,1276,497,4,1,"
28.2178,terug,-250,MM1 ?D
28.2178,terug,-250,MM0 ?D
28.2178,terug,-250,MM1 D=50
28.2178,terug,-250,MM0 D=8
28.2528,terug,-250,MM0 !M -226 274
28.2529,terug,-250,MM1 !M -226 274
28.2529,terug,-250,MM0 +
28.2529,terug,-250,MM1 +
28.2529,terug,-250,MM0 PING
28.2529,terug,-250,MM1 PING
28.2529,terug,-250,"#92,YAW,-0.02,GYRO,56,21,-15,ACC,-13,8,247,ADC,1224,336,5,2,"
28.2529,terug,-250,"$GPRMC,113720.0,A,5050.51443,N,00419.37549,E,000.51,002.3,081026,000.4,E*55"
28.2529,terug,-250,MM0 ?FF
28.2529,terug,-250,MM1 ?FF
28.2529,terug,-250,MM0 FF=0
28.2529,terug,-250,MM1 FF=0
28.2529,terug,-250,MM0 !M -226 274
28.2529,terug,-250,MM1 !M -226 274
28.2529,terug,-250,MM0 +
28.2529,terug,-250,MM1 +
28.2529,terug,-250,"#93,YAW,-0.02,GYRO,64,140,-36,ACC,-11,-28,185,ADC,1238,349,4,1,"
28.2529,terug,-250,MM0 ?P
28.2529,terug,-250,MM1 ?P
28.2529,terug,-250,MM0 P=-226:274
28.2530,terug,-250,MM1 P=-226:274
28.2725,terug,-250,"#94,YAW,-0.01,GYRO,129,154,-44,ACC,-2,-28,278,ADC,1242,497,4,1,"
28.2726,terug,-250,MM0 ?S
28.2726,terug,-250,MM1 ?S
28.2726,terug,-250,MM0 S=-225:225
28.2726,terug,-250,MM1 S=-225:225
28.3068,terug,-250,MM0 !M -226 274
28.3068,terug,-250,MM1 !M -226 274
28.3068,terug,-250,MM0 +
28.3068,terug,-250,MM1 +
28.3068,terug,-250,"#95,YAW,-0.01,GYRO,-171,-5,-13,ACC,8,63,356,ADC,1240,334,5,2,"
28.3068,terug,-250,MM1 ?T
28.3068,terug,-250,MM0 ?T
28.3068,terug,-250,MM1 T=36:33
28.3068,terug,-250,MM0 T=35:34
28.3069,terug,-250,"#96,YAW,-0.01,GYRO,4,-5,1,ACC,-8,34,240,ADC,1268,384,5,2,"
28.3069,terug,-250,MM0 ?V
28.3629,terug,-250,MM1 ?V
28.3629,terug,-250,MM0 V=120:227:4905
28.3629,terug,-250,MM1 V=120:226:4899
28.3629,terug,-250,"#97,YAW,-0.01,GYRO,-24,34,-29,ACC,-7,-37,238,ADC,1223,387,5,2,"
28.3629,terug,-250,MM1 ?CR
28.3629,terug,-250,MM0 ?CR
28.3629,terug,-250,MM1 CR=-57:58
28.3629,terug,-250,MM0 CR=-57:59
28.3629,terug,-250,MM0 !M -226 274
28.3630,terug,-250,MM1 !M -226 274
28.3630,terug,-250,MM0 +
28.3630,terug,-250,MM1 +
28.3630,terug,-250,"#98,YAW,-0.01,GYRO,34,73,-47,ACC,17,-47,264,ADC,1279,502,6,2,"
28.3630,terug,-250,MM1 ?A
28.3630,terug,-250,MM0 ?A
28.3630,terug,-250,MM1 A=0:7
28.3630,terug,-250,MM0 A=0:7
28.4116,terug,-250,"#99,YAW,-0.01,GYRO,-96,-37,-21,ACC,-3,18,284,ADC,1265,500,6,2,"
28.4117,terug,-250,MM1 ?AI
28.4117,terug,-250,MM0 ?AI
28.4117,terug,-250,MM1 AI=0:0:2328:2358:0:0
28.4117,terug,-250,MM0 AI=0:0:2406:2401:0:0
28.4117,terug,-250,"#100,YAW,-0.01,GYRO,-22,-105,-4,ACC,13,31,243,ADC,1230,380,7,2,"
28.4117,terug,-250,MM1 ?C
28.4117,terug,-250,MM0 ?C
28.4117,terug,-250,MM0 C=1042:-1056
28.4117,terug,-250,MM1 C=1001:-993
28.4117,terug,-250,MM1 !M -227 273
28.4117,terug,-250,MM0 !M -227 273
28.4117,terug,-250,MM1 +
28.4117,terug,-250,MM0 +
28.4117,terug,-250,"#101,YAW,-0.01,GYRO,43,80,-33,ACC,12,-27,236,ADC,1258,390,4,1,"
28.4117,terug,-250,MM1 ?D
28.4117,terug,-250,MM0 ?D
28.4118,terug,-250,MM0 D=42
28.4118,terug,-250,MM1 D=1
28.4693,terug,-250,"#102,YAW,-0.01,GYRO,18,30,-26,ACC,19,-28,302,ADC,1245,501,6,2,"
28.4694,terug,-250,"$GPRMC,113720.2,A,5050.51441,N,00419.37547,E,000.52,002.3,081026,000.4,E*58"
28.4694,terug,-250,MM0 ?FF
28.4694,terug,-250,MM1 ?FF
28.4694,terug,-250,MM1 FF=0
28.4694,terug,-250,MM0 FF=0
28.4694,terug,-250,"#103,YAW,-0.01,GYRO,-95,-75,21,ACC,1,27,268,ADC,1224,382,7,1,"
28.4694,terug,-250,MM1 ?P
28.4694,terug,-250,MM0 ?P
28.4694,terug,-250,MM1 P=-227:273
28.4694,terug,-250,MM0 P=-227:273
28.5037,terug,-250,"#104,YAW,-0.01,GYRO,59,103,13,ACC,10,-4,225,ADC,1213,382,7,2,"
28.5038,terug,-250,MM1 ?S
28.5038,terug,-250,MM0 ?S
28.5038,terug,-250,MM1 S=-225:225
28.5038,terug,-250,MM0 S=-225:225
28.5038,terug,-250,MM0 !M -226 274
28.5038,terug,-250,MM1 !M -226 274
28.5038,terug,-250,MM0 +
28.5038,terug,-250,MM1 +
28.5038,terug,-250,MM1 PING
28.5038,terug,-250,MM0 PING
28.5038,terug,-250,MM0 !M -226 274
28.5038,terug,-250,MM1 !M -226 274
28.5038,terug,-250,MM0 +
28.5038,terug,-250,MM1 +
28.5038,terug,-250,"#105,YAW,-0.01,GYRO,126,115,-34,ACC,17,-57,183,ADC,1280,320,5,2,"
28.5038,terug,-250,MM0 ?T
28.5038,terug,-250,MM1 ?T
28.5038,terug,-250,MM1 T=36:33
28.5038,terug,-250,MM0 T=35:34
28.5246,terug,-250,"#106,YAW,-0.01,GYRO,-42,153,-43,ACC,-11,5,292,ADC,1246,385,4,2,"
28.5246,terug,-250,MM1 ?V
28.5246,terug,-250,MM0 ?V
28.5246,terug,-250,MM1 V=120:225:4898
28.5246,terug,-250,MM0 V=120:227:4905
28.5593,terug,-250,"#107,YAW,-0.01,GYRO,-99,39,-1,ACC,3,59,239,ADC,1294,499,5,2,"
28.5593,terug,-250,MM1 ?CR
28.5593,terug,-250,MM0 ?CR
28.5593,terug,-250,MM1 CR=-57:58
28.5593,terug,-250,MM0 CR=-58:58
28.5593,terug,-250,MM0 !M -225 275
28.5593,terug,-250,MM1 !M -225 275
28.5594,terug,-250,MM0 +
28.5594,terug,-250,MM1 +
28.5594,terug,-250,"#108,YAW,-0.01,GYRO,-90,1,8,ACC,1,23,258,ADC,1261,501,4,2,"
28.5594,terug,-250,MM1 ?A
28.5594,terug,-250,MM0 ?A
28.5594,terug,-250,MM1 A=0:10
28.5594,terug,-250,MM0 A=0:7
28.6127,terug,-250,"#109,YAW,-0.01,GYRO,48,124,-45,ACC,4,-37,236,ADC,1247,393,4,2,"
28.6127,terug,-250,MM1 ?AI
28.6127,terug,-250,MM0 ?AI
28.6127,terug,-250,MM1 AI=0:0:2327:2335:0:0
28.6127,terug,-250,MM0 AI=0:0:2422:2423:0:0
28.6127,terug,-250,"#110,YAW,-0.01,GYRO,-66,115,-76,ACC,14,-28,303,ADC,1277,503,6,2,"
28.6127,terug,-250,MM1 ?C
28.6127,terug,-250,MM0 ?C
28.6127,terug,-250,MM1 C=944:-934
28.6127,terug,-250,MM0 C=984:-997
28.6127,terug,-250,"#111,YAW,-0.01,GYRO,-60,-26,-50,ACC,13,29,253,ADC,1231,390,6,2,"
28.6128,terug,-250,MM1 ?D
28.6128,terug,-250,MM0 ?D
28.6128,terug,-250,MM1 D=32
28.6128,terug,-250,MM0 D=49
28.6706,terug,-250,"#112,YAW,-0.01,GYRO,-48,-29,-22,ACC,8,29,192,ADC,1242,392,4,1,"
28.6706,terug,-250,MM0 !M -225 275
28.6706,terug,-250,MM1 !M -225 275
28.6706,terug,-250,MM0 +
28.6706,terug,-250,MM1 +
28.6706,terug,-250,"$GPRMC,113720.4,A,5050.51438,N,00419.37544,E,000.52,002.3,081026,000.4,E*53"
28.6706,terug,-250,MM0 PING
28.6706,terug,-250,MM1 PING
28.6706,terug,-250,MM0 ?FF
28.6706,terug,-250,MM1 ?FF
28.6706,terug,-250,MM1 FF=0
28.6706,terug,-250,MM0 FF=0
28.6706,terug,-250,"#113,YAW,-0.01,GYRO,124,155,-48,ACC,5,-19,246,ADC,1286,380,5,1,"
28.6706,terug,-250,MM1 ?P
28.6706,terug,-250,MM0 ?P
28.6706,terug,-250,MM1 P=-225:275
28.6706,terug,-250,MM0 P=-225:275
28.6706,terug,-250,"#114,YAW,-0.00,GYRO,75,178,-63,ACC,5,-17,363,ADC,1274,384,5,1,"
28.6706,terug,-250,MM1 ?S
28.6706,terug,-250,MM0 ?S
28.7045,terug,-250,MM1 S=-225:225
28.7045,terug,-250,MM0 S=-225:225
28.7045,terug,-250,MM0 !M -226 274
28.7045,terug,-250,MM1 !M -226 274
28.7045,terug,-250,MM0 +
28.7045,terug,-250,MM1 +
28.7045,terug,-250,MM0 PING
28.7045,terug,-250,MM1 PING
28.7045,terug,-250,MM0 !M -226 274
28.7045,terug,-250,MM1 !M -226 274
28.7045,terug,-250,MM0 +
28.7046,terug,-250,MM1 +
28.7046,terug,-250,"#115,YAW,-0.00,GYRO,-84,-91,-2,ACC,-3,51,189,ADC,1208,256,5,2,"
28.7046,terug,-250,MM1 ?T
28.7046,terug,-250,MM0 ?T
28.7046,terug,-250,MM1 T=36:33
28.7046,terug,-250,MM0 T=35:34
28.7257,terug,-250,"#116,YAW,-0.01,GYRO,-64,26,19,ACC,-4,23,195,ADC,1254,501,4,1,"
28.7257,terug,-250,MM1 ?V
28.7257,terug,-250,MM0 ?V
28.7257,terug,-250,MM1 V=120:226:4898
28.7257,terug,-250,MM0 V=120:226:4903
28.7595,terug,-250,"#117,YAW,-0.01,GYRO,176,203,-18,ACC,23,-54,300,ADC,1236,381,3,1,"
28.7595,terug,-250,MM0 ?CR
28.7595,terug,-250,MM1 ?CR
28.7595,terug,-250,MM0 CR=-59:59
28.7595,terug,-250,MM1 CR=-58:59
28.7595,terug,-250,"#118,YAW,-0.01,GYRO,-22,89,-32,ACC,-3,-21,316,ADC,1284,403,5,2,"
28.7596,terug,-250,MM1 ?A
28.7596,terug,-250,MM0 ?A
28.7596,terug,-250,MM1 A=0:10
28.7596,terug,-250,MM0 A=0:7
28.7805,terug,-250,"#119,YAW,-0.01,GYRO,-4,21,-5,ACC,4,19,213,ADC,1274,498,5,1,"
28.7805,terug,-250,MM0 ?AI
28.7805,terug,-250,MM1 ?AI
28.7805,terug,-250,MM0 AI=0:0:2371:2422:0:0
28.7805,terug,-250,MM1 AI=0:0:2330:2315:0:0
28.7805,terug,-250,MM0 !M -226 274
28.7805,terug,-250,MM1 !M -226 274
28.8213,terug,-250,MM0 +
28.8213,terug,-250,MM1 +
28.8213,terug,-250,MM0 PING
28.8213,terug,-250,MM1 PING
28.8213,terug,-250,"#120,YAW,-0.01,GYRO,-140,-21,3,ACC,-14,45,203,ADC,1286,309,5,2,"
28.8214,terug,-250,MM1 ?C
28.8214,terug,-250,MM0 ?C
28.8214,terug,-250,MM1 C=886:-875
28.8214,terug,-250,MM0 C=926:-938
28.8214,terug,-250,"#121,YAW,-0.01,GYRO,113,122,-37,ACC,-24,4,372,ADC,1256,498,4,2,"
28.8214,terug,-250,MM0 ?D
28.8214,terug,-250,MM1 ?D
28.8214,terug,-250,MM0 D=19
28.8214,terug,-250,MM1 D=51
28.8567,terug,-250,"#122,YAW,-0.00,GYRO,-44,-52,-43,ACC,9,4,198,ADC,1318,389,8,2,"
28.8567,terug,-250,MM0 ?FF
28.8567,terug,-250,MM1 ?FF
28.8567,terug,-250,MM0 FF=0
28.8567,terug,-250,MM1 FF=0
28.8567,terug,-250,"$GPRMC,113720.6,A,5050.51436,N,00419.37542,E,000.54,002.3,081026,000.4,E*5F"
28.8567,terug,-250,MM0 !M -226 274
28.8567,terug,-250,MM0 +
28.8567,terug,-250,MM0 PING
28.8567,terug,-250,MM1 !M -226 274
28.8567,terug,-250,MM1 +
28.8567,terug,-250,MM1 PING
28.8567,terug,-250,MM0 !M -22275
28.8567,terug,-250,MM1 !M -22275
28.8567,terug,-250,MM0 +
28.8567,terug,-250,MM1 +
28.8567,terug,-250,"#123,YAW,-0.00,GYRO,-117,166,-29,ACC,18,43,219,ADC,1248,336,4,2,"
28.8567,terug,-250,MM0 ?P
28.8567,terug,-250,MM1 ?P
28.8567,terug,-250,MM0 P=-476:274
28.8568,terug,-250,MM1 P=-457:274
28.8765,terug,-250,"#124,YAW,-0.00,GYRO,-32,105,12,ACC,-14,24,299,ADC,1271,398,7,2,"
28.8765,terug,-250,MM0 ?S
28.8765,terug,-250,MM1 ?S
28.8765,terug,-250,MM0 S=-375:225
28.8765,terug,-250,MM1 S=-450:225
28.9107,terug,-250,"#125,YAW,-0.01,GYRO,131,230,133,ACC,-88,-26,213,ADC,1237,501,4,1,"
28.9108,terug,-250,MM0 ?T
28.9108,terug,-250,MM1 ?T
28.9108,terug,-250,MM0 T=35:34
28.9108,terug,-250,MM1 T=36:33
28.9108,terug,-250,MM0 !M -226 274
28.9108,terug,-250,MM1 !M -226 274
28.9108,terug,-250,MM0 +
28.9108,terug,-250,MM1 +
28.9108,terug,-250,"#126,YAW,-0.02,GYRO,-51,147,392,ACC,-111,-37,535,ADC,1240,391,7,1,"
28.9108,terug,-250,MM0 ?V
28.9108,terug,-250,MM1 ?V
28.9108,terug,-250,MM0 V=120:218:4903
28.9314,terug,-250,MM1 V=120:218:4897
28.9314,terug,-250,"#127,YAW,-0.03,GYRO,-90,-389,421,ACC,-8,3,191,ADC,1258,500,4,2,"
28.9314,terug,-250,MM0 ?CR
28.9314,terug,-250,MM1 ?CR
28.9314,terug,-250,MM0 CR=-75:60
28.9315,terug,-250,MM1 CR=-90:60
28.9657,terug,-250,MM0 !M -216 284
28.9657,terug,-250,MM1 !M -216 284
28.9657,terug,-250,MM0 +
28.9657,terug,-250,MM1 +
28.9657,terug,-250,"#128,YAW,-0.03,GYRO,-6,-80,281,ACC,22,40,98,ADC,1251,388,4,1,"
28.9657,terug,-250,MM0 ?A
28.9657,terug,-250,MM1 ?A
28.9657,terug,-250,MM1 A=18:3
28.9657,terug,-250,MM0 A=0:0
29.0179,terug,-250,"#129,YAW,-0.04,GYRO,57,158,194,ACC,115,-56,-40,ADC,1263,501,6,2,"
29.0179,terug,-250,MM0 ?AI
29.0179,terug,-250,MM1 ?AI
29.0179,terug,-250,MM0 AI=0:0:2423:2410:0:0
29.0179,terug,-250,MM1 AI=0:0:2346:2312:0:0
29.0179,terug,-250,"#130,YAW,-0.04,GYRO,-137,-16,12,ACC,-2,-307,369,ADC,1282,496,5,2,"
29.0179,terug,-250,MM0 ?C
29.0179,terug,-250,MM1 ?C
29.0179,terug,-250,MM0 C=848:-875
29.0179,terug,-250,MM1 C=789:-813
29.0179,terug,-250,MM0 !M -207 293
29.0179,terug,-250,MM1 !M -207 293
29.0179,terug,-250,MM0 +
29.0180,terug,-250,MM1 +
29.0180,terug,-250,"#131,YAW,-0.04,GYRO,-166,-213,-134,ACC,113,5,4,ADC,1257,393,5,1,"
29.0180,terug,-250,MM0 ?D
29.0180,terug,-250,MM1 ?D
29.0180,terug,-250,MM0 D=18
29.0180,terug,-250,MM1 D=49
29.0688,terug,-250,"#132,YAW,-0.03,GYRO,117,359,-197,ACC,44,3,89,ADC,1295,388,6,1,"
29.0688,terug,-250,MM0 ?FF
29.0688,terug,-250,MM1 ?FF
29.0688,terug,-250,MM0 FF=0
29.0688,terug,-250,MM1 FF=0
29.0688,terug,-250,"$GPRMC,113720.8,A,5050.51433,N,00419.37539,E,000.56,002.3,081026,000.4,E*5A"
29.0688,terug,-250,"#133,YAW,-0.03,GYRO,-209,115,-166,ACC,-6,128,273,ADC,1218,377,5,2,"
29.0688,terug,-250,MM0 !M -209 291
29.0688,terug,-250,MM0 +
29.0689,terug,-250,MM1 !M -209 291
29.0689,terug,-250,MM1 +
29.0689,terug,-250,MM0 ?P
29.0689,terug,-250,MM1 ?P
29.0689,terug,-250,MM0 P=-209:291
29.0689,terug,-250,MM1 P=-209:291
29.0689,terug,-250,"#134,YAW,-0.03,GYRO,170,-446,-61,ACC,139,61,450,ADC,1251,384,4,1,"
29.0689,terug,-250,MM0 ?S
29.0689,terug,-250,MM1 ?S
29.1166,terug,-250,MM0 S=-225:225
29.1166,terug,-250,MM1 S=-300:300
29.1166,terug,-250,"#135,YAW,-0.02,GYRO,311,420,-46,ACC,33,22,185,ADC,1281,394,4,2,"
29.1167,terug,-250,MM0 ?T
29.1167,terug,-250,MM1 ?T
29.1167,terug,-250,MM0 T=35:34
29.1167,terug,-250,MM1 T=36:33
29.1167,terug,-250,MM1 !M -216 284
29.1167,terug,-250,MM0 !M -216 284
29.1167,terug,-250,MM1 +
29.1167,terug,-250,MM0 +
29.1167,terug,-250,"#136,YAW,-0.02,GYRO,-25,131,-26,ACC,49,-4,104,ADC,1214,385,4,2,"
29.1167,terug,-250,MM0 ?V
29.1167,terug,-250,MM1 ?V
29.1167,terug,-250,MM0 V=120:228:4904
29.1167,terug,-250,MM1 V=120:227:4898
29.1678,terug,-250,"#137,YAW,-0.02,GYRO,99,-387,-11,ACC,-81,152,701,ADC,1233,501,4,1,"
29.1678,terug,-250,MM0 ?CR
29.1678,terug,-250,MM1 ?CR
29.1678,terug,-250,MM0 CR=-65:69
29.1678,terug,-250,MM1 CR=-69:69
29.1678,terug,-250,MM0 !M -215 285
29.1678,terug,-250,MM1 !M -215 285
29.1678,terug,-250,MM0 +
29.1678,terug,-250,MM1 +
29.1678,terug,-250,"#138,YAW,-0.02,GYRO,181,188,-23,ACC,63,-50,215,ADC,1247,358,4,2,"
29.1678,terug,-250,MM0 ?A
29.1678,terug,-250,MM1 ?A
29.1679,terug,-250,MM0 A=4:3
29.1679,terug,-250,MM1 A=0:7
29.1679,terug,-250,"#139,YAW,-0.02,GYRO,118,186,-38,ACC,36,-56,83,ADC,1283,501,6,2,"
29.1679,terug,-250,MM0 ?AI
29.2196,terug,-250,MM1 ?AI
29.2196,terug,-250,MM0 AI=0:0:2411:2432:0:0
29.2196,terug,-250,MM1 AI=0:0:2321:2348:0:0
29.2196,terug,-250,"#140,YAW,-0.02,GYRO,-130,-6,-60,ACC,9,37,302,ADC,1239,499,6,2,"
29.2196,terug,-250,MM0 ?C
29.2196,terug,-250,MM1 ?C
29.2196,terug,-250,MM0 C=784:-808
29.2196,terug,-250,MM1 C=726:-744
29.2197,terug,-250,"#141,YAW,-0.02,GYRO,-223,-319,-42,ACC,150,-15,237,ADC,1285,500,5,1,"
29.2197,terug,-250,MM0 ?D
29.2197,terug,-250,MM1 ?D
29.2197,terug,-250,MM0 D=33
29.2197,terug,-250,MM1 D=18
29.2407,terug,-250,"#142,YAW,-0.02,GYRO,105,316,-75,ACC,-27,-25,151,ADC,1213,498,4,2,"
29.2407,terug,-250,MM0 ?FF
29.2407,terug,-250,MM1 ?FF
29.2407,terug,-250,MM0 FF=0
29.2407,terug,-250,MM1 FF=0
29.2407,terug,-250,"$GPRMC,113721.0,A,5050.51430,N,00419.37536,E,000.60,002.3,081026,000.4,E*5A"
29.2407,terug,-250,MM0 !M -215 285
29.2407,terug,-250,MM1 !M -215 285
29.2408,terug,-250,MM0 +
29.2408,terug,-250,MM1 +
29.2738,terug,-250,MM1 PING
29.2739,terug,-250,MM0 PING
29.2739,terug,-250,"#143,YAW,-0.02,GYRO,141,96,-42,ACC,38,-12,135,ADC,1244,317,5,1,"
29.2739,terug,-250,MM0 ?P
29.2739,terug,-250,MM1 ?P
29.2739,terug,-250,MM0 P=-215:285
29.2739,terug,-250,MM1 P=-215:285
29.2739,terug,-250,"#144,YAW,-0.02,GYRO,-330,63,-53,ACC,-37,-48,758,ADC,1253,391,3,1,"
29.2739,terug,-250,MM0 ?S
29.2739,terug,-250,MM1 ?S
29.2739,terug,-250,MM0 S=-225:300
29.2739,terug,-250,MM1 S=-225:225
29.3076,terug,-250,MM0 !M -215 285
29.3076,terug,-250,MM1 !M -215 285
29.3076,terug,-250,MM0 +
29.3076,terug,-250,MM1 +
29.3076,terug,-250,MM0 PING
29.3076,terug,-250,MM1 PING
29.3076,terug,-250,MM1 !M -215 285
29.3076,terug,-250,"#145,YAW,-0.02,GYRO,43,-130,-20,ACC,-21,58,160,ADC,1254,334,5,2,"
29.3076,terug,-250,MM0 !M -215 285
29.3076,terug,-250,MM0 +
29.3076,terug,-250,MM1 +
29.3076,terug,-250,MM0 ?T
29.3076,terug,-250,MM1 ?T
29.3076,terug,-250,MM0 T=35:34
29.3076,terug,-250,MM1 T=36:33
29.3076,terug,-250,"#146,YAW,-0.02,GYRO,-65,31,-55,ACC,-16,-42,168,ADC,1283,500,7,2,"
29.3076,terug,-250,MM0 ?V
29.3076,terug,-250,MM1 ?V
29.3287,terug,-250,MM0 V=120:227:4904
29.3287,terug,-250,MM1 V=120:226:4897
29.3287,terug,-250,"#147,YAW,-0.01,GYRO,72,151,-42,ACC,9,-48,194,ADC,1201,391,6,2,"
29.3287,terug,-250,MM0 ?CR
29.3287,terug,-250,MM1 ?CR
29.3638,terug,-250,MM0 CR=-60:64
29.3638,terug,-250,MM1 CR=-59:63
29.3638,terug,-250,MM0 !M -216 284
29.3638,terug,-250,MM1 !M -216 284
29.3638,terug,-250,MM0 +
29.3638,terug,-250,MM1 +
29.3638,terug,-250,"#148,YAW,-0.01,GYRO,-114,83,-29,ACC,0,-1,439,ADC,1290,406,5,3,"
29.3638,terug,-250,MM0 ?A
29.3638,terug,-250,MM1 ?A
29.3638,terug,-250,MM0 A=0:10
29.3638,terug,-250,MM1 A=0:10
29.3868,terug,-250,"#149,YAW,-0.01,GYRO,61,-151,-13,ACC,39,17,225,ADC,1215,381,5,2,"
29.3868,terug,-250,MM0 ?AI
29.3868,terug,-250,MM1 ?AI
29.3868,terug,-250,MM0 AI=0:0:2408:2424:0:0
29.3868,terug,-250,MM1 AI=0:0:2321:2306:0:0
29.4205,terug,-250,"#150,YAW,-0.01,GYRO,33,156,-37,ACC,6,-17,220,ADC,1250,381,5,2,"
29.4205,terug,-250,MM0 ?C
29.4205,terug,-250,MM1 ?C
29.4205,terug,-250,MM0 C=726:-746
29.4205,terug,-250,MM1 C=668:-684
29.4206,terug,-250,MM0 !M -216 284
29.4206,terug,-250,MM1 !M -216 284
29.4206,terug,-250,MM0 +
29.4206,terug,-250,MM1 +
29.4206,terug,-250,"#151,YAW,-0.01,GYRO,11,98,-20,ACC,2,12,262,ADC,1263,388,8,2,"
29.4206,terug,-250,MM0 ?D
29.4206,terug,-250,MM1 ?D
29.4206,terug,-250,MM0 D=19
29.4206,terug,-250,MM1 D=17
29.4719,terug,-250,"#152,YAW,-0.01,GYRO,-134,-134,27,ACC,6,48,322,ADC,1264,503,5,2,"
29.4720,terug,-250,MM0 ?FF
29.4720,terug,-250,MM1 ?FF
29.4720,terug,-250,MM0 FF=0
29.4720,terug,-250,"$GPRMC,113721.2,A,5050.51366,N,00419.37537,E,000.64,002.3,081026,000.4,E*59"
29.4720,terug,-250,MM1 FF=0
29.4720,terug,-250,"#153,YAW,-0.02,GYRO,26,-55,1,ACC,-2,-5,233,ADC,1272,502,3,2,"
29.4720,terug,-250,MM0 ?P
29.4720,terug,-250,MM1 ?P
29.4720,terug,-250,MM0 P=-216:284
29.4720,terug,-250,MM1 P=-216:284
29.4720,terug,-250,MM1 !M -215 285
29.4720,terug,-250,MM0 !M -215 285
29.4720,terug,-250,MM1 +
29.4720,terug,-250,MM0 +
29.4720,terug,-250,"#154,YAW,-0.01,GYRO,40,96,-67,ACC,-3,-19,161,ADC,1261,390,6,1,"
29.4720,terug,-250,MM0 ?S
29.4720,terug,-250,MM1 ?S
29.4720,terug,-250,MM0 S=-225:225
29.4720,terug,-250,MM1 S=-225:225
29.5237,terug,-250,"#155,YAW,-0.01,GYRO,-11,188,-78,ACC,11,-6,281,ADC,1270,501,8,2,"
29.5237,terug,-250,MM0 ?T
29.5237,terug,-250,MM1 ?T
29.5237,terug,-250,MM0 T=35:34
29.5237,terug,-250,MM1 T=36:33
29.5237,terug,-250,MM0 !M -215 285
29.5237,terug,-250,MM1 !M -215 285
29.5238,terug,-250,MM0 +
29.5238,terug,-250,MM1 +
29.5238,terug,-250,"#156,YAW,-0.01,GYRO,-124,49,-39,ACC,-7,45,372,ADC,1242,383,4,2,"
29.5238,terug,-250,MM0 ?V
29.5238,terug,-250,MM1 ?V
29.5238,terug,-250,MM0 V=120:227:4906
29.5238,terug,-250,MM1 V=120:226:4899
29.5718,terug,-250,"#157,YAW,-0.01,GYRO,-65,-63,-16,ACC,14,26,152,ADC,1266,388,5,1,"
29.5718,terug,-250,MM0 ?CR
29.5718,terug,-250,MM1 ?CR
29.5718,terug,-250,MM0 CR=-57:59
29.5718,terug,-250,MM1 CR=-57:58
29.5718,terug,-250,"#158,YAW,-0.01,GYRO,-20,101,-36,ACC,-1,-22,294,ADC,1252,412,6,2,"
29.5718,terug,-250,MM0 ?A
29.5718,terug,-250,MM1 ?A
29.5718,terug,-250,MM1 A=0:10
29.5718,terug,-250,MM0 A=0:7
29.5718,terug,-250,MM0 !M -215 285
29.5718,terug,-250,MM1 !M -215 285
29.5718,terug,-250,MM0 +
29.5718,terug,-250,MM1 +
29.5718,terug,-250,"#159,YAW,-0.01,GYRO,63,255,-57,ACC,13,-44,261,ADC,1304,418,7,2,"
29.5718,terug,-250,MM0 ?AI
29.5718,terug,-250,MM1 ?AI
29.5718,terug,-250,MM0 AI=0:0:2425:2410:0:0
29.6257,terug,-250,MM1 AI=0:0:2306:2322:0:0
29.6258,terug,-250,"#160,YAW,-0.01,GYRO,-67,7,-35,ACC,-33,-4,274,ADC,1246,392,6,2,"
29.6258,terug,-250,MM0 ?C
29.6258,terug,-250,MM1 ?C
29.6258,terug,-250,MM0 C=668:-686
29.6258,terug,-250,MM1 C=611:-625
29.6258,terug,-250,MM0 !M -216 284
29.6258,terug,-250,MM1 !M -216 284
29.6258,terug,-250,MM0 +
29.6258,terug,-250,MM1 +
29.6259,terug,-250,"#161,YAW,-0.01,GYRO,-14,-60,-24,ACC,5,11,194,ADC,1214,301,4,2,"
29.6259,terug,-250,MM0 ?D
29.6259,terug,-250,MM1 ?D
29.6259,terug,-250,MM0 D=16
29.6259,terug,-250,MM1 D=8
29.6596,terug,-250,"#162,YAW,-0.01,GYRO,116,197,-50,ACC,17,-22,275,ADC,1302,391,5,2,"
29.6596,terug,-250,MM0 ?FF
29.6596,terug,-250,MM1 ?FF
29.6596,terug,-250,MM0 FF=0
29.6596,terug,-250,MM1 FF=0
29.6596,terug,-250,"$GPRMC,113721.4,A,5050.51311,N,00419.37541,E,000.69,002.3,081026,000.4,E*53"
29.6596,terug,-250,"#163,YAW,-0.01,GYRO,87,287,-73,ACC,-30,24,322,ADC,1288,500,8,1,"
29.6596,terug,-250,MM0 ?P
29.6596,terug,-250,MM1 ?P
29.6596,terug,-250,MM0 P=-216:284
29.6596,terug,-250,MM1 P=-216:284
29.6816,terug,-250,"#164,YAW,-0.00,GYRO,-116,-258,15,ACC,1,62,161,ADC,1286,495,4,1,"
29.6816,terug,-250,MM0 ?S
29.6816,terug,-250,MM1 ?S
29.6816,terug,-250,MM0 S=-225:225
29.6816,terug,-250,MM1 S=-150:225
29.7168,terug,-250,"#165,YAW,-0.00,GYRO,-4,112,6,ACC,-1,37,210,ADC,1282,380,6,2,"
29.7169,terug,-250,MM0 !M -215 285
29.7169,terug,-250,MM0 +
29.7169,terug,-250,MM0 PING
29.7169,terug,-250,MM1 !M -215 285
29.7169,terug,-250,MM1 +
29.7169,terug,-250,MM1 PING
29.7169,terug,-250,MM0 ?T
29.7169,terug,-250,MM1 ?T
29.7169,terug,-250,MM0 T=35:34
29.7169,terug,-250,MM1 T=36:33
29.7169,terug,-250,MM0 !M -217 283
29.7169,terug,-250,MM1 !M -217 283
29.7169,terug,-250,MM0 +
29.7169,terug,-250,MM1 +
29.7169,terug,-250,"#166,YAW,-0.00,GYRO,-2,82,-21,ACC,2,-16,321,ADC,1242,298,4,2,"
29.7169,terug,-250,MM0 ?V
29.7169,terug,-250,MM1 ?V
29.7169,terug,-250,MM0 V=120:225:4905
29.7169,terug,-250,MM1 V=120:226:4898
29.7365,terug,-250,"#167,YAW,-0.00,GYRO,39,-65,-48,ACC,-13,-16,268,ADC,1256,389,7,2,"
29.7365,terug,-250,MM0 ?CR
29.7365,terug,-250,MM1 ?CR
29.7365,terug,-250,MM0 CR=-58:60
29.7365,terug,-250,MM1 CR=-57:59
29.7703,terug,-250,"#168,YAW,-0.00,GYRO,-55,6,-27,ACC,-5,18,180,ADC,1261,384,7,2,"
29.7704,terug,-250,MM0 ?A
29.7704,terug,-250,MM1 ?A
29.7704,terug,-250,MM0 A=0:10
29.7704,terug,-250,MM1 A=0:10
29.7704,terug,-250,MM0 !M -215 285
29.7704,terug,-250,MM1 !M -215 285
29.7704,terug,-250,MM0 +
29.7704,terug,-250,MM1 +
29.7704,terug,-250,"#169,YAW,-0.00,GYRO,-71,58,-27,ACC,13,33,252,ADC,1222,381,4,2,"
29.7704,terug,-250,MM0 ?AI
29.7704,terug,-250,MM1 ?AI
29.8238,terug,-250,MM0 AI=0:0:2443:2442:0:0
29.8238,terug,-250,MM1 AI=0:0:2311:2343:0:0
29.8238,terug,-250,"#170,YAW,-0.00,GYRO,-15,-8,-50,ACC,-7,-3,329,ADC,1248,380,3,1,"
29.8238,terug,-250,MM0 ?C
29.8238,terug,-250,MM1 ?C
29.8238,terug,-250,MM0 C=610:-626
29.8238,terug,-250,MM1 C=554:-566
29.8238,terug,-250,MM0 !M -216 284
29.8238,terug,-250,MM1 !M -216 284
29.8238,terug,-250,MM0 +
29.8238,terug,-250,MM1 +
29.8238,terug,-250,"#171,YAW,-0.00,GYRO,46,64,-49,ACC,9,-16,233,ADC,1243,305,6,1,"
29.8238,terug,-250,MM0 ?D
29.8239,terug,-250,MM1 ?D
29.8239,terug,-250,MM0 D=18
29.8239,terug,-250,MM1 D=34
29.8746,terug,-250,"#172,YAW,-0.00,GYRO,-96,146,-24,ACC,-1,32,198,ADC,1285,497,5,2,"
29.8746,terug,-250,MM0 ?FF
29.8746,terug,-250,MM1 ?FF
29.8746,terug,-250,"$GPRMC,113721.6,A,5050.51264,N,00419.37540,E,000.75,002.3,081026,000.4,E*5E"
29.8746,terug,-250,MM0 FF=0
29.8746,terug,-250,MM1 FF=0
29.8746,terug,-250,"#173,YAW,-0.00,GYRO,51,102,-27,ACC,17,5,290,ADC,1261,380,7,2,"
29.8746,terug,-250,MM0 ?P
29.8746,terug,-250,MM1 ?P
29.8746,terug,-250,MM0 P=-216:284
29.8746,terug,-250,MM1 P=-216:284
29.8746,terug,-250,"#174,YAW,0.00,GYRO,53,34,-64,ACC,4,-21,302,ADC,1206,382,5,2,"
29.8746,terug,-250,MM0 ?S
29.8746,terug,-250,MM1 ?S
29.8747,terug,-250,MM0 S=-225:225
29.8747,terug,-250,MM1 S=-225:225
29.9314,terug,-250,"#175,YAW,0.00,GYRO,-48,-94,-53,ACC,7,20,270,ADC,1209,380,6,2,"
29.9314,terug,-250,MM0 ?T
29.9314,terug,-250,MM1 ?T
29.9314,terug,-250,MM0 T=35:34
29.9314,terug,-250,MM1 T=36:33
29.9314,terug,-250,MM0 !M -216 284
29.9314,terug,-250,MM1 !M -216 284
29.9315,terug,-250,MM0 +
29.9315,terug,-250,MM1 +
29.9315,terug,-250,MM0 PING
29.9315,terug,-250,MM1 PING
29.9315,terug,-250,"#176,YAW,0.00,GYRO,-42,107,-39,ACC,6,13,219,ADC,1246,381,5,2,"
29.9315,terug,-250,MM0 ?V
29.9315,terug,-250,MM1 ?V
29.9315,terug,-250,MM0 V=120:226:4905
29.9315,terug,-250,MM1 V=120:226:4898
29.9315,terug,-250,MM0 !M -217 283
29.9315,terug,-250,MM1 !M -217 283
29.9315,terug,-250,MM0 +
29.9315,terug,-250,MM1 +
29.9315,terug,-250,"#177,YAW,0.00,GYRO,-21,183,-35,ACC,17,-6,245,ADC,1253,384,4,2,"
29.9315,terug,-250,MM0 ?CR
29.9315,terug,-250,MM1 ?CR
29.9315,terug,-250,MM0 CR=-58:60
29.9315,terug,-250,MM1 CR=-57:59
29.9657,terug,-250,MM0 !M -217 283
29.9657,terug,-250,MM1 !M -217 283
29.9657,terug,-250,MM0 +
29.9657,terug,-250,MM1 +
29.9657,terug,-250,"#178,YAW,0.01,GYRO,23,1,-59,ACC,-5,-26,261,ADC,1252,317,5,2,"
29.9657,terug,-250,MM0 ?A
29.9657,terug,-250,MM1 ?A
29.9658,terug,-250,MM0 A=0:10
29.9658,terug,-250,MM1 A=0:10
29.9863,terug,-250,"#179,YAW,0.01,GYRO,-66,-202,-58,ACC,23,5,271,ADC,1248,497,6,2,"
29.9863,terug,-250,MM0 ?AI
29.9863,terug,-250,MM1 ?AI
29.9863,terug,-250,MM0 AI=0:0:2411:2433:0:0
29.9863,terug,-250,MM1 AI=0:0:2349:2321:0:0
29.9863,terug,-250,"#180,YAW,0.01,GYRO,81,141,-39,ACC,1,-25,189,ADC,1235,383,4,2,"
30.0247,terug,-250,MM0 ?C
30.0247,terug,-250,MM1 ?C
30.0247,terug,-250,MM0 C=553:-567
30.0247,terug,-250,MM1 C=498:-507
30.0247,terug,-250,MM0 !M -218 282
30.0247,terug,-250,MM1 !M -218 282
30.0247,terug,-250,MM0 +
30.0247,terug,-250,MM1 +
30.0247,terug,-250,"#181,YAW,0.01,GYRO,-69,211,-19,ACC,20,3,317,ADC,1256,299,5,2,"
30.0248,terug,-250,MM0 ?D
30.0248,terug,-250,MM1 ?D
30.0248,terug,-250,MM1 D=51
30.0248,terug,-250,MM0 D=1
30.0457,terug,-250,"#182,YAW,0.01,GYRO,-20,-197,-8,ACC,4,4,246,ADC,1260,501,6,1,"
30.0458,terug,-250,MM0 ?FF
30.0458,terug,-250,MM1 ?FF
30.0458,terug,-250,MM0 FF=0
30.0458,terug,-250,MM1 FF=0
30.0458,terug,-250,"$GPRMC,113721.8,A,5050.51227,N,00419.37546,E,000.78,002.3,081026,000.4,E*5C"
30.0832,terug,-250,"#183,YAW,0.01,GYRO,-49,-116,-23,ACC,-19,7,279,ADC,1261,493,7,1,"
30.0832,terug,-250,MM0 ?P
30.0832,terug,-250,MM1 ?P
30.0832,terug,-250,MM0 P=-218:282
30.0832,terug,-250,MM1 P=-218:282
30.0832,terug,-250,MM0 !M -219 281
30.0832,terug,-250,MM1 !M -219 281
30.0832,terug,-250,MM0 +
30.0832,terug,-250,MM1 +
30.0832,terug,-250,"#184,YAW,0.01,GYRO,-23,222,-17,ACC,20,0,169,ADC,1290,499,8,2,"
30.0832,terug,-250,MM0 ?S
30.0832,terug,-250,MM1 ?S
30.0832,terug,-250,MM0 S=-150:225
30.0832,terug,-250,MM1 S=-225:225
30.1175,terug,-250,"#185,YAW,0.01,GYRO,-40,250,-31,ACC,-9,-3,392,ADC,1269,392,7,2,"
30.1175,terug,-250,MM0 ?T
30.1176,terug,-250,MM1 ?T
30.1176,terug,-250,MM0 T=35:34
30.1176,terug,-250,MM1 T=36:33
30.1176,terug,-250,"#186,YAW,0.01,GYRO,26,-124,-53,ACC,12,-11,203,ADC,1268,392,5,2,"
30.1176,terug,-250,MM0 ?V
30.1176,terug,-250,MM1 ?V
30.1176,terug,-250,MM0 V=120:225:4905
30.1176,terug,-250,MM1 V=120:225:4898
30.1386,terug,-250,"#187,YAW,0.01,GYRO,27,-121,-82,ACC,8,-5,269,ADC,1274,396,4,2,"
30.1386,terug,-250,MM0 ?CR
30.1386,terug,-250,MM1 ?CR
30.1386,terug,-250,MM0 CR=-56:58
30.1386,terug,-250,MM1 CR=-55:58
30.1386,terug,-250,MM0 !M -218 282
30.1386,terug,-250,MM1 !M -218 282
30.1386,terug,-250,MM0 +
30.1753,terug,-250,MM1 +
30.1753,terug,-250,MM0 PING
30.1753,terug,-250,MM1 PING
30.1753,terug,-250,"#188,YAW,0.01,GYRO,-69,173,-49,ACC,16,18,228,ADC,1249,373,5,1,"
30.1753,terug,-250,MM0 ?A
30.1753,terug,-250,MM1 ?A
30.1753,terug,-250,MM1 A=0:10
30.1753,terug,-250,MM0 A=4:7
30.1753,terug,-250,"#189,YAW,0.01,GYRO,24,193,-32,ACC,9,7,260,ADC,1249,499,5,2,"
30.1753,terug,-250,MM0 ?AI
30.1753,terug,-250,MM1 ?AI
30.1753,terug,-250,MM0 AI=0:0:2415:2434:0:0
30.1753,terug,-250,MM1 AI=0:0:2317:2347:0:0
30.1966,terug,-250,"#190,YAW,0.01,GYRO,9,-151,-39,ACC,-6,5,267,ADC,1213,380,4,2,"
30.1966,terug,-250,MM0 ?C
30.1966,terug,-250,MM1 ?C
30.1966,terug,-250,MM1 C=441:-449
30.1966,terug,-250,MM0 C=496:-508
30.1966,terug,-250,MM0 !M -219 281
30.1967,terug,-250,MM1 !M -219 281
30.1967,terug,-250,MM1 +
30.1967,terug,-250,MM0 +
30.1967,terug,-250,MM0 PING
30.1967,terug,-250,MM1 PING
30.2306,terug,-250,"#191,YAW,0.01,GYRO,48,-67,-77,ACC,3,5,292,ADC,1246,390,4,2,"
30.2307,terug,-250,MM0 ?D
30.2308,terug,-250,MM1 ?D
30.2308,terug,-250,MM0 D=33
30.2308,terug,-250,MM1 D=3
30.2308,terug,-250,MM0 !M -220 280
30.2308,terug,-250,MM1 !M -220 280
30.2308,terug,-250,MM0 +
30.2308,terug,-250,MM1 +
30.2308,terug,-250,"#192,YAW,0.02,GYRO,-19,186,-48,ACC,10,10,197,ADC,1214,499,5,2,"
30.2308,terug,-250,MM1 ?FF
30.2308,terug,-250,MM0 ?FF
30.2836,terug,-250,"$GPRMC,113722.0,A,5050.51191,N,00419.37538,E,000.81,002.3,081026,000.4,E*56"
30.2836,terug,-250,MM0 FF=0
30.2836,terug,-250,MM1 FF=0
30.2836,terug,-250,"#193,YAW,0.02,GYRO,65,231,-30,ACC,-2,14,232,ADC,1226,380,5,2,"
30.2836,terug,-250,MM0 ?P
30.2836,terug,-250,MM1 ?P
30.2836,terug,-250,MM1 P=-220:280
30.2836,terug,-250,MM0 P=-220:280
30.2836,terug,-250,"#194,YAW,0.02,GYRO,18,-77,-34,ACC,-22,27,322,ADC,1244,392,5,2,"
30.2836,terug,-250,MM0 ?S
30.2836,terug,-250,MM1 ?S
30.2836,terug,-250,MM0 S=-225:225
30.2836,terug,-250,MM1 S=-225:225
30.3175,terug,-250,"#195,YAW,0.02,GYRO,-65,-146,-55,ACC,-5,27,313,ADC,1232,383,5,1,"
30.3175,terug,-250,MM0 ?T
30.3175,terug,-250,MM1 ?T
30.3175,terug,-250,MM0 T=35:34
30.3175,terug,-250,MM1 T=36:33
30.3175,terug,-250,MM0 !M -221 279
30.3175,terug,-250,MM1 !M -221 279
30.3175,terug,-250,MM0 +
30.3175,terug,-250,MM1 +
30.3175,terug,-250,MM1 PING
30.3175,terug,-250,MM0 PING
30.3176,terug,-250,"#196,YAW,0.02,GYRO,-26,150,-30,ACC,10,-6,186,ADC,1236,381,5,1,"
30.3176,terug,-250,MM0 ?V
30.3176,terug,-250,MM1 ?V
30.3176,terug,-250,MM0 V=120:227:4905
30.3176,terug,-250,MM1 V=120:225:4898
30.3387,terug,-250,"#197,YAW,0.02,GYRO,-6,264,-18,ACC,-4,-12,261,ADC,1275,503,8,1,"
30.3387,terug,-250,MM1 ?CR
30.3387,terug,-250,MM0 ?CR
30.3387,terug,-250,MM1 CR=-58:60
30.3387,terug,-250,MM0 CR=-59:60
30.3388,terug,-250,MM0 !M -222 278
30.3731,terug,-250,MM1 !M -222 278
30.3731,terug,-250,MM0 +
30.3731,terug,-250,MM1 +
30.3731,terug,-250,MM1 PING
30.3731,terug,-250,MM0 PING
30.3731,terug,-250,"#198,YAW,0.02,GYRO,-50,-157,-4,ACC,15,-2,253,ADC,1228,272,5,1,"
30.3731,terug,-250,MM0 ?A
30.3731,terug,-250,MM1 ?A
30.3731,terug,-250,MM0 A=0:10
30.3731,terug,-250,MM1 A=0:14
30.3731,terug,-250,MM1 !M -222 278
30.3731,terug,-250,MM0 !M -222 278
30.3731,terug,-250,MM0 +
30.3732,terug,-250,MM1 +
30.3732,terug,-250,"#199,YAW,0.02,GYRO,-162,-243,-38,ACC,-6,15,342,ADC,1262,392,5,2,"
30.3732,terug,-250,MM1 ?AI
30.3732,terug,-250,MM0 ?AI
30.3732,terug,-250,MM1 AI=0:0:2326:2468:0:0
30.3732,terug,-250,MM0 AI=0:0:2415:2424:0:0
30.3954,terug,-250,"#200,YAW,0.02,GYRO,62,189,-33,ACC,14,-27,173,ADC,1235,382,4,1,"
30.3955,terug,-250,MM0 ?C
30.3955,terug,-250,MM1 ?C
30.3955,terug,-250,MM0 C=438:-448
30.3955,terug,-250,MM1 C=384:-390
30.4297,terug,-250,"#201,YAW,0.02,GYRO,-27,264,-23,ACC,19,-3,317,ADC,1219,382,5,1,"
30.4297,terug,-250,MM0 ?D
30.4297,terug,-250,MM0 D=35
30.4297,terug,-250,MM1 ?D
30.4298,terug,-250,MM1 D=32
30.4298,terug,-250,MM0 !M -222 278
30.4298,terug,-250,MM1 !M -222 278
30.4298,terug,-250,MM0 +
30.4298,terug,-250,MM1 +
30.4298,terug,-250,"#202,YAW,0.02,GYRO,15,-169,4,ACC,12,26,252,ADC,1248,396,4,2,"
30.4298,terug,-250,MM1 ?FF
30.4298,terug,-250,MM0 ?FF
30.4298,terug,-250,MM1 FF=0
30.4298,terug,-250,MM0 FF=0
30.9810,terug,-242,"$GPRMC,113722.2,A,5050.51160,N,00419.37533,E,000.86,002.3,081026,000.4,E*56"
30.9810,terug,-242,"#203,YAW,0.02,GYRO,23,-180,2,ACC,-16,12,301,ADC,1254,499,4,1,"
30.9810,terug,-242,MM1 ?P
30.9810,terug,-242,MM0 ?P
30.9810,terug,-242,MM1 P=-222:278
30.9810,terug,-242,MM0 P=-222:278
30.9810,terug,-242,"#204,YAW,0.02,GYRO,-17,283,4,ACC,37,8,146,ADC,1226,381,5,2,"
30.9811,terug,-242,MM0 ?S
30.9811,terug,-242,MM1 ?S
30.9811,terug,-242,MM0 S=-225:225
30.9811,terug,-242,MM1 S=-225:225
30.9811,terug,-242,"#205,YAW,0.02,GYRO,-8,303,-25,ACC,17,-28,308,ADC,1265,502,6,2,"
30.9811,terug,-242,MM1 ?T
30.9811,terug,-242,MM0 ?T
30.9811,terug,-242,MM1 T=35:33
30.9811,terug,-242,MM0 T=35:34
30.9811,terug,-242,MM0 !M -223 277
30.9811,terug,-242,MM1 !M -223 277
30.9811,terug,-242,MM0 +
30.9811,terug,-242,MM1 +
30.9811,terug,-242,MM0 PING
30.9811,terug,-242,MM1 PING
30.9811,terug,-242,"#206,YAW,0.02,GYRO,11,-311,-62,ACC,-14,-14,224,ADC,1260,394,5,2,"
30.9811,terug,-242,MM1 ?V
30.9811,terug,-242,MM0 ?V
30.9811,terug,-242,MM1 V=120:225:4899
30.9811,terug,-242,MM0 V=120:227:4904
30.9811,terug,-242,"#207,YAW,0.02,GYRO,-89,-89,-85,ACC,-10,22,358,ADC,1279,499,6,2,"
30.9811,terug,-242,MM1 ?CR
30.9811,terug,-242,MM0 ?CR
30.9811,terug,-242,MM1 CR=-57:58
30.9811,terug,-242,MM0 CR=-57:59
30.9811,terug,-242,MM0 !M -223 277
30.9811,terug,-242,MM1 !M -223 277
30.9811,terug,-242,MM0 +
30.9811,terug,-242,MM1 +
30.9811,terug,-242,MM0 PING
30.9811,terug,-242,MM1 PING
30.9811,terug,-242,"#208,YAW,0.02,GYRO,117,389,-45,ACC,21,-16,157,ADC,1287,336,6,2,"
30.9811,terug,-242,MM1 ?A
30.9811,terug,-242,MM0 ?A
30.9811,terug,-242,MM1 A=0:7
30.9811,terug,-242,MM0 A=4:3
30.9812,terug,-242,"#209,YAW,0.02,GYRO,-150,205,-26,ACC,49,-76,390,ADC,1275,498,5,2,"
30.9812,terug,-242,MM1 ?AI
30.9812,terug,-242,MM0 ?AI
30.9812,terug,-242,MM1 AI=0:0:2351:2346:0:0
30.9812,terug,-242,MM0 AI=0:0:2398:2423:0:0
30.9812,terug,-242,"#210,YAW,0.02,GYRO,-31,-210,-11,ACC,1,-1,159,ADC,1217,381,4,2,"
30.9812,terug,-242,MM1 ?C
30.9812,terug,-242,MM0 ?C
30.9812,terug,-242,MM1 C=327:-331
30.9812,terug,-242,MM0 C=381:-389
30.9812,terug,-242,MM0 !M -223 277
30.9812,terug,-242,MM1 !M -223 277
30.9812,terug,-242,MM0 +
30.9812,terug,-242,MM1 +
30.9812,terug,-242,MM0 PING
30.9812,terug,-242,MM1 PING
30.9812,terug,-242,"#211,YAW,0.02,GYRO,-207,-138,-37,ACC,36,-59,427,ADC,1209,380,9,2,"
30.9812,terug,-242,MM1 ?D
30.9812,terug,-242,MM0 ?D
30.9812,terug,-242,MM0 D=57
30.9812,terug,-242,MM1 D=50
30.9812,terug,-242,MM1 !M -223 277
30.9812,terug,-242,MM0 !M -223 277
30.9812,terug,-242,MM1 +
30.9812,terug,-242,MM0 +
30.9812,terug,-242,"#212,YAW,0.02,GYRO,164,423,-26,ACC,25,-82,150,ADC,1248,381,7,2,"
30.9812,terug,-242,MM1 ?FF
30.9812,terug,-242,MM0 ?FF
30.9812,terug,-242,"$GPRMC,113722.4,A,5050.51154,N,00419.37525,E,000.88,002.3,081026,000.4,E*5E"
30.9812,terug,-242,MM0 FF=0
30.9812,terug,-242,MM1 FF=0
30.9813,terug,-242,"#213,YAW,0.02,GYRO,-102,275,-51,ACC,-136,48,398,ADC,1242,381,4,2,"
30.9813,terug,-242,MM0 ?P
30.9813,terug,-242,MM1 ?P
30.9813,terug,-242,MM0 P=-223:277
30.9813,terug,-242,MM1 P=-223:277
30.9813,terug,-242,MM0 !M -222 276
30.9813,terug,-242,MM1 !M -222 276
30.9813,terug,-242,MM0 +
30.9813,terug,-242,MM1 +
30.9813,terug,-242,"#214,YAW,0.03,GYRO,2,-194,-35,ACC,18,-13,105,ADC,1298,497,4,2,"
30.9813,terug,-242,MM1 ?S
30.9813,terug,-242,MM0 ?S
30.9813,terug,-242,MM1 S=-225:225
30.9813,terug,-242,MM0 S=-225:225
30.9813,terug,-242,"#215,YAW,0.03,GYRO,-143,-291,-52,ACC,7,-25,591,ADC,1264,496,6,1,"
30.9813,terug,-242,MM1 ?T
30.9813,terug,-242,MM0 ?T
30.9813,terug,-242,MM1 T=36:33
30.9813,terug,-242,MM0 T=35:34
30.9813,terug,-242,"#216,YAW,0.03,GYRO,130,453,-22,ACC,75,-60,94,ADC,1256,387,5,2,"
30.9813,terug,-242,MM1 ?V
30.9813,terug,-242,MM0 ?V
30.9813,terug,-242,MM0 V=120:227:4904
30.9813,terug,-242,MM1 V=120:226:4897
30.9813,terug,-242,MM1 !M -217 271
30.9813,terug,-242,MM0 !M -217 271
30.9813,terug,-242,MM1 +
30.9813,terug,-242,MM0 +
30.9813,terug,-242,"#217,YAW,0.03,GYRO,-152,353,-14,ACC,-33,-8,281,ADC,1268,501,5,1,"
30.9813,terug,-242,MM0 ?CR
30.9813,terug,-242,MM1 ?CR
30.9813,terug,-242,MM0 CR=-58:60
30.9813,terug,-242,MM1 CR=-58:60
30.9813,terug,-242,"#218,YAW,0.03,GYRO,111,-445,24,ACC,-29,30,391,ADC,1233,382,4,3,"
30.9813,terug,-242,MM1 ?A
30.9813,terug,-242,MM0 ?A
30.9813,terug,-242,MM1 A=0:11
30.9813,terug,-242,MM0 A=0:11
30.9813,terug,-242,MM0 !M -215 269
30.9814,terug,-242,MM1 !M -215 269
30.9814,terug,-242,MM0 +
30.9814,terug,-242,MM1 +
30.9814,terug,-242,"#219,YAW,0.03,GYRO,-37,-90,-23,ACC,-29,33,394,ADC,1221,383,4,2,"
30.9814,terug,-242,MM0 ?AI
30.9814,terug,-242,MM1 ?AI
30.9814,terug,-242,MM0 AI=0:0:2425:2413:0:0
30.9814,terug,-242,MM1 AI=0:0:2320:2541:0:0
30.9814,terug,-242,"#220,YAW,0.03,GYRO,-20,232,-32,ACC,43,-7,124,ADC,1277,501,4,3,"
30.9814,terug,-242,MM0 ?C
30.9814,terug,-242,MM1 ?C
30.9814,terug,-242,MM0 C=322:-330
30.9814,terug,-242,MM1 C=269:-272
30.9814,terug,-242,"#221,YAW,0.03,GYRO,-198,311,-59,ACC,-120,66,312,ADC,1243,385,5,2,"
30.9814,terug,-242,MM0 ?D
30.9814,terug,-242,MM1 ?D
30.9815,terug,-242,MM0 D=27
30.9815,terug,-242,MM1 D=25
30.9815,terug,-242,"#222,YAW,0.03,GYRO,-4,-405,-32,ACC,34,-3,147,ADC,1252,499,6,1,"
30.9815,terug,-242,MM0 ?FF
30.9815,terug,-242,MM1 ?FF
30.9815,terug,-242,"$GPRMC,113722.6,A,5050.51150,N,00419.37521,E,000.90,002.3,081026,000.4,E*55"
30.9815,terug,-242,MM0 FF=0
30.9815,terug,-242,MM1 FF=0
30.9815,terug,-242,"#223,YAW,0.03,GYRO,-124,-124,-46,ACC,-13,-17,412,ADC,1247,379,4,2,"
30.9815,terug,-242,MM0 !M -215 269
30.9815,terug,-242,MM0 +
30.9815,terug,-242,MM1 !M -215 269
30.9815,terug,-242,MM1 +
30.9815,terug,-242,MM1 PING
30.9815,terug,-242,MM0 PING
30.9815,terug,-242,MM0 ?P
30.9815,terug,-242,MM1 ?P
30.9815,terug,-242,MM0 P=-215:269
30.9815,terug,-242,MM1 P=-215:269
30.9815,terug,-242,"#224,YAW,0.03,GYRO,98,506,-45,ACC,52,-30,131,ADC,1245,398,6,1,"
30.9815,terug,-242,MM0 ?S
30.9815,terug,-242,MM1 ?S
30.9815,terug,-242,MM0 S=-300:225
30.9815,terug,-242,MM1 S=-225:225
30.9815,terug,-242,"#225,YAW,0.03,GYRO,-38,164,-48,ACC,-87,-30,432,ADC,1241,383,6,2,"
30.9815,terug,-242,MM0 ?T
30.9815,terug,-242,MM1 ?T
30.9815,terug,-242,MM0 T=35:34
30.9815,terug,-242,MM1 T=36:33
30.9815,terug,-242,MM1 !M -215 269
30.9815,terug,-242,MM0 !M -215 269
30.9815,terug,-242,MM1 +
30.9815,terug,-242,MM0 +
30.9815,terug,-242,MM0 PING
30.9815,terug,-242,MM1 PING
30.9815,terug,-242,"#226,YAW,0.03,GYRO,-73,-292,-25,ACC,13,11,233,ADC,1242,490,5,1,"
30.9815,terug,-242,MM1 ?V
30.9815,terug,-242,MM0 ?V
30.9815,terug,-242,MM1 V=120:226:4897
30.9815,terug,-242,MM0 V=120:226:4905
30.9816,terug,-242,"#227,YAW,0.03,GYRO,-59,-184,-33,ACC,8,20,393,ADC,1237,388,4,1,"
30.9816,terug,-242,MM0 ?CR
30.9816,terug,-242,MM1 ?CR
30.9816,terug,-242,MM1 CR=-57:58
30.9816,terug,-242,MM0 CR=-57:58
30.9821,terug,-242,"#228,YAW,0.03,GYRO,56,448,-20,ACC,17,1,163,ADC,1213,380,6,1,"
30.9821,terug,-242,MM0 ?A
30.9821,terug,-242,MM0 A=4:3
30.9821,terug,-242,MM1 ?A
30.9822,terug,-242,MM1 A=0:3
30.9822,terug,-242,MM0 !M -215 269
30.9822,terug,-242,MM1 !M -215 269
30.9822,terug,-242,MM0 +
30.9822,terug,-242,MM1 +
30.9822,terug,-242,MM0 PING
30.9822,terug,-242,MM1 PING
30.9822,terug,-242,"#229,YAW,0.03,GYRO,33,170,-27,ACC,-31,-45,361,ADC,1232,387,6,2,"
30.9822,terug,-242,MM0 ?AI
30.9822,terug,-242,MM1 ?AI
30.9822,terug,-242,MM0 AI=0:0:2402:2428:0:0
30.9822,terug,-242,MM1 AI=0:0:2335:2304:0:0
31.0348,terug,-240,"#230,YAW,0.03,GYRO,-32,-164,-59,ACC,11,-15,198,ADC,1246,393,7,2,"
31.0348,terug,-240,MM0 ?C
31.0348,terug,-240,MM1 ?C
31.0348,terug,-240,MM0 C=266:-271
31.0348,terug,-240,MM1 C=212:-214
31.0348,terug,-240,MM1 !M -215 269
31.0348,terug,-240,MM0 !M -215 269
31.0348,terug,-240,MM1 +
31.0348,terug,-240,MM0 +
31.0348,terug,-240,MM0 PING
31.0348,terug,-240,MM1 PING
31.0348,terug,-240,"#231,YAW,0.03,GYRO,-142,-321,-77,ACC,-13,13,318,ADC,1285,387,6,2,"
31.0348,terug,-240,MM0 ?D
31.0348,terug,-240,MM1 ?D
31.0348,terug,-240,MM0 D=35
31.0348,terug,-240,MM1 D=49
31.0348,terug,-240,"#232,YAW,0.03,GYRO,95,289,-55,ACC,14,-27,149,ADC,1305,384,5,2,"
31.0348,terug,-240,MM0 ?FF
31.0348,terug,-240,MM1 ?FF
31.0348,terug,-240,MM0 FF=0
31.0348,terug,-240,MM1 FF=0
31.0850,terug,-170,"$GPRMC,113722.8,A,5050.51148,N,00419.37506,E,000.92,002.3,081026,000.4,E*55"
31.0851,terug,-170,"#233,YAW,0.03,GYRO,-2,412,-38,ACC,-90,89,347,ADC,1254,384,5,2,"
31.0851,terug,-170,MM0 ?P
31.0851,terug,-170,MM1 ?P
31.0851,terug,-170,MM0 P=-215:269
31.0851,terug,-170,MM1 P=-215:269
31.0851,terug,-170,MM0 !M -220 260
31.0851,terug,-170,MM1 !M -220 260
31.0851,terug,-170,MM0 +
31.0851,terug,-170,MM1 +
31.0851,terug,-170,MM0 PING
31.0851,terug,-170,MM1 PING
31.0851,terug,-170,"#234,YAW,0.03,GYRO,-83,-344,27,ACC,-3,40,85,ADC,1242,395,4,2,"
31.0851,terug,-170,MM0 ?S
31.0851,terug,-170,MM1 ?S
31.0851,terug,-170,MM0 S=-150:225
31.0851,terug,-170,MM1 S=-225:150
31.1356,terug,-157,"#235,YAW,0.03,GYRO,-108,-188,1,ACC,-127,82,309,ADC,1250,497,6,2,"
31.1356,terug,-157,MM0 ?T
31.1356,terug,-157,MM1 ?T
31.1356,terug,-157,MM0 T=35:34
31.1356,terug,-157,MM1 T=36:33
31.1356,terug,-157,MM0 !M -153 187
31.1356,terug,-157,MM1 !M -153 187
31.1356,terug,-157,MM0 +
31.1356,terug,-157,MM1 +
31.1356,terug,-157,MM0 PING
31.1356,terug,-157,MM1 PING
31.1356,terug,-157,"#236,YAW,0.03,GYRO,-60,215,-1,ACC,29,-19,129,ADC,1227,382,6,2,"
31.1356,terug,-157,MM0 ?V
31.1356,terug,-157,MM1 ?V
31.1356,terug,-157,MM0 V=120:227:4905
31.1356,terug,-157,MM1 V=120:227:4899
31.1356,terug,-157,"#237,YAW,0.03,GYRO,31,295,-42,ACC,1,29,225,ADC,1276,501,7,2,"
31.1357,terug,-157,MM0 ?CR
31.1357,terug,-157,MM1 ?CR
31.1357,terug,-157,MM0 CR=-56:56
31.1357,terug,-157,MM1 CR=-54:55
31.1878,terug,-143,"#238,YAW,0.03,GYRO,-1,32,-62,ACC,32,-2,260,ADC,1254,402,4,1,"
31.1878,terug,-143,MM0 ?A
31.1879,terug,-143,MM1 ?A
31.1879,terug,-143,MM1 A=5:0
31.1879,terug,-143,MM0 A=10:-4
31.1879,terug,-143,MM0 !M -140 174
31.1879,terug,-143,MM1 !M -140 174
31.1879,terug,-143,MM0 +
31.1879,terug,-143,MM1 +
31.1879,terug,-143,MM0 PING
31.1879,terug,-143,MM1 PING
31.1879,terug,-143,MM0 !M -126 160
31.1879,terug,-143,MM1 !M -126 160
31.1879,terug,-143,MM0 +
31.1879,terug,-143,MM1 +
31.1879,terug,-143,"#239,YAW,0.04,GYRO,-52,-200,-52,ACC,25,24,288,ADC,1274,455,5,1,"
31.1879,terug,-143,MM0 ?AI
31.1879,terug,-143,MM1 ?AI
31.1879,terug,-143,MM0 AI=0:0:2397:2429:0:0
31.1879,terug,-143,MM1 AI=0:0:2350:2348:0:0
31.1879,terug,-143,"#240,YAW,0.04,GYRO,19,7,-41,ACC,45,17,243,ADC,1226,497,6,2,"
31.1879,terug,-143,MM0 ?C
31.1879,terug,-143,MM1 ?C
31.2367,terug,-128,MM0 C=213:-218
31.2367,terug,-128,MM1 C=161:-162
31.2367,terug,-128,"#241,YAW,0.04,GYRO,-50,177,-22,ACC,42,2,209,ADC,1235,384,5,2,"
31.2367,terug,-128,MM0 ?D
31.2367,terug,-128,MM1 ?D
31.2367,terug,-128,MM1 D=51
31.2367,terug,-128,MM0 D=3
31.2367,terug,-128,MM0 !M -113 143
31.2367,terug,-128,MM1 !M -113 143
31.2367,terug,-128,MM0 +
31.2367,terug,-128,MM1 +
31.2367,terug,-128,"#242,YAW,0.04,GYRO,37,213,-12,ACC,52,-17,360,ADC,1250,501,5,2,"
31.2367,terug,-128,MM0 ?FF
31.2367,terug,-128,MM1 ?FF
31.2367,terug,-128,MM0 FF=0
31.2367,terug,-128,MM1 FF=0
31.2367,terug,-128,"$GPRMC,113723.0,A,5050.51144,N,00419.37491,E,000.92,002.3,081026,000.4,E*5F"
31.2868,terug,-150,"#243,YAW,0.04,GYRO,2,-34,2,ACC,36,-10,204,ADC,1225,502,3,1,"
31.2868,terug,-150,MM0 ?P
31.2868,terug,-150,MM1 ?P
31.2868,terug,-150,MM0 P=-113:143
31.2868,terug,-150,MM1 P=-113:143
31.2868,terug,-150,MM0 !M -136 164
31.2868,terug,-150,MM1 !M -136 164
31.2868,terug,-150,MM0 +
31.2868,terug,-150,MM1 +
31.2868,terug,-150,"#244,YAW,0.04,GYRO,-13,-67,-14,ACC,20,12,286,ADC,1255,300,6,1,"
31.2868,terug,-150,MM1 ?S
31.2868,terug,-150,MM0 ?S
31.2868,terug,-150,MM1 S=-150:150
31.2868,terug,-150,MM0 S=-150:150
31.2868,terug,-150,"#245,YAW,0.04,GYRO,4,46,-27,ACC,6,2,255,ADC,1277,502,7,1,"
31.2868,terug,-150,MM0 ?T
31.3425,terug,-129,MM1 ?T
31.3425,terug,-129,MM0 T=35:34
31.3425,terug,-129,MM1 T=36:33
31.3425,terug,-129,"#246,YAW,0.04,GYRO,37,59,-37,ACC,22,-13,216,ADC,1265,387,6,2,"
31.3425,terug,-129,MM0 ?V
31.3425,terug,-129,MM1 ?V
31.3425,terug,-129,MM0 V=120:227:4905
31.3425,terug,-129,MM1 V=120:226:4899
31.3425,terug,-129,"#247,YAW,0.04,GYRO,-17,147,-18,ACC,16,-5,242,ADC,1241,383,6,1,"
31.3425,terug,-129,MM0 ?CR
31.3425,terug,-129,MM1 ?CR
31.3425,terug,-129,MM0 CR=-43:44
31.3425,terug,-129,MM1 CR=-42:43
31.3771,terug,-129,"#248,YAW,0.04,GYRO,52,203,-10,ACC,9,-3,301,ADC,1246,499,6,2,"
31.3771,terug,-129,MM0 ?A
31.3771,terug,-129,MM1 ?A
31.3771,terug,-129,MM0 A=0:0
31.3771,terug,-129,MM1 A=0:0
31.3771,terug,-129,MM0 !M -127 153
31.3771,terug,-129,MM1 !M -127 153
31.3771,terug,-129,MM0 +
31.3771,terug,-129,MM1 +
31.3771,terug,-129,MM0 PING
31.3771,terug,-129,MM1 PING
31.3771,terug,-129,MM1 !M -116 142
31.3771,terug,-129,MM0 !M -116 142
31.3772,terug,-129,MM1 +
31.3772,terug,-129,MM0 +
31.3772,terug,-129,"#249,YAW,0.04,GYRO,6,27,2,ACC,19,3,230,ADC,1265,315,4,2,"
31.3772,terug,-129,MM0 ?AI
31.3772,terug,-129,MM1 ?AI
31.3772,terug,-129,MM0 AI=0:0:2421:2433:0:0
31.3772,terug,-129,MM1 AI=0:0:2340:2334:0:0
31.3975,terug,-118,"#250,YAW,0.04,GYRO,-24,-53,2,ACC,10,18,288,ADC,1311,500,4,2,"
31.3975,terug,-118,MM0 ?C
31.3975,terug,-118,MM1 ?C
31.3975,terug,-118,MM0 C=174:-178
31.3975,terug,-118,MM1 C=122:-122
31.4349,terug,-118,"#251,YAW,0.04,GYRO,-66,-22,-15,ACC,24,14,268,ADC,1225,384,4,1,"
31.4349,terug,-118,MM0 ?D
31.4350,terug,-118,MM1 ?D
31.4350,terug,-118,MM0 D=48
31.4350,terug,-118,MM1 D=17
31.4350,terug,-118,MM0 !M -106 130
31.4350,terug,-118,MM1 !M -106 130
31.4350,terug,-118,MM0 +
31.4350,terug,-118,MM1 +
31.4350,terug,-118,"#252,YAW,0.04,GYRO,5,44,-33,ACC,36,-7,235,ADC,1246,501,6,2,"
31.4527,terug,-126,"$GPRMC,113723.2,A,5050.51136,N,00419.37475,E,000.94,002.3,081026,000.4,E*54"
31.4527,terug,-126,MM0 ?FF
31.4527,terug,-126,MM1 ?FF
31.4527,terug,-126,MM0 FF=0
31.4527,terug,-126,MM1 FF=0
31.4527,terug,-126,"#253,YAW,0.04,GYRO,-40,63,-29,ACC,17,-17,226,ADC,1276,499,6,1,"
31.4527,terug,-126,MM0 ?P
31.4527,terug,-126,MM1 ?P
31.4527,terug,-126,MM0 P=-106:130
31.4527,terug,-126,MM1 P=-106:130
31.4867,terug,-126,MM0 !M -115 137
31.4867,terug,-126,MM1 !M -115 137
31.4867,terug,-126,MM0 +
31.4867,terug,-126,MM1 +
31.4867,terug,-126,"#254,YAW,0.04,GYRO,-6,166,-7,ACC,30,-8,295,ADC,1278,388,5,2,"
31.4867,terug,-126,MM0 ?S
31.4867,terug,-126,MM1 ?S
31.4867,terug,-126,MM0 S=-150:150
31.4867,terug,-126,MM1 S=-150:75
31.4867,terug,-126,"#255,YAW,0.04,GYRO,-14,102,6,ACC,14,7,245,ADC,1259,500,7,2,"
31.4867,terug,-126,MM0 ?T
31.5385,terug,-117,MM1 ?T
31.5386,terug,-117,MM0 T=35:34
31.5386,terug,-117,MM1 T=36:33
31.5386,terug,-117,"#0,YAW,0.03,GYRO,-18,14,23,ACC,9,4,223,ADC,1295,397,6,2,"
31.5386,terug,-117,MM0 ?V
31.5386,terug,-117,MM1 ?V
31.5386,terug,-117,MM0 V=120:226:4905
31.5386,terug,-117,MM1 V=120:226:4898
31.5386,terug,-117,"#1,YAW,0.03,GYRO,-61,-8,25,ACC,18,1,301,ADC,1268,382,5,2,"
31.5386,terug,-117,MM0 ?CR
31.5386,terug,-117,MM1 ?CR
31.5386,terug,-117,MM0 CR=-33:34
31.5386,terug,-117,MM1 CR=-33:34
31.5897,terug,-107,"#2,YAW,0.03,GYRO,-54,-12,8,ACC,5,1,248,ADC,1239,402,5,2,"
31.5898,terug,-107,MM0 ?A
31.5898,terug,-107,MM1 ?A
31.5898,terug,-107,MM0 A=0:0
31.5898,terug,-107,MM1 A=0:0
31.5898,terug,-107,MM1 !M -106 128
31.5898,terug,-107,MM0 !M -106 128
31.5898,terug,-107,MM1 +
31.5898,terug,-107,MM0 +
31.5898,terug,-107,MM0 PING
31.5898,terug,-107,MM1 PING
31.5898,terug,-107,"#3,YAW,0.03,GYRO,-18,1,-25,ACC,20,-3,232,ADC,1259,392,4,2,"
31.5898,terug,-107,MM0 !M -96 118
31.5898,terug,-107,MM1 !M -96 118
31.5898,terug,-107,MM1 +
31.5898,terug,-107,MM0 +
31.5898,terug,-107,MM0 ?AI
31.5898,terug,-107,MM1 ?AI
31.5898,terug,-107,MM0 AI=0:0:2401:2428:0:0
31.5898,terug,-107,MM1 AI=0:0:2318:2315:0:0
31.5898,terug,-107,"#4,YAW,0.03,GYRO,-27,2,-53,ACC,16,-3,252,ADC,1258,501,7,1,"
31.5898,terug,-107,MM1 ?C
31.5898,terug,-107,MM0 ?C
31.5898,terug,-107,MM1 C=92:-90
31.6396,terug,-113,MM0 C=143:-147
31.6397,terug,-113,"#5,YAW,0.04,GYRO,-20,97,-58,ACC,18,8,267,ADC,1230,501,7,1,"
31.6397,terug,-113,MM0 ?D
31.6397,terug,-113,MM1 ?D
31.6397,terug,-113,MM0 D=19
31.6397,terug,-113,MM1 D=34
31.6397,terug,-113,MM0 !M -104 122
31.6397,terug,-113,MM1 !M -104 122
31.6397,terug,-113,MM0 +
31.6397,terug,-113,MM1 +
31.6397,terug,-113,"#6,YAW,0.04,GYRO,-8,68,-20,ACC,24,1,272,ADC,1252,498,5,2,"
31.6397,terug,-113,MM0 ?FF
31.6397,terug,-113,MM1 ?FF
31.6397,terug,-113,MM0 FF=0
31.6397,terug,-113,MM1 FF=0
31.6397,terug,-113,"$GPRMC,113723.4,A,5050.51102,N,00419.37464,E,000.97,209.0,081026,000.4,E*5C"
31.6606,terug,-115,"#7,YAW,0.03,GYRO,-13,49,21,ACC,8,10,246,ADC,1229,502,6,2,"
31.6606,terug,-115,MM0 ?P
31.6606,terug,-115,MM1 ?P
31.6606,terug,-115,MM0 P=-104:122
31.6606,terug,-115,MM1 P=-104:122
31.6974,terug,-110,"#8,YAW,0.01,GYRO,17,73,26,ACC,5,-1,260,ADC,1246,502,6,1,"
31.6974,terug,-110,MM0 ?S
31.6974,terug,-110,MM1 ?S
31.6974,terug,-110,MM0 S=-150:75
31.6974,terug,-110,MM1 S=-150:75
31.6974,terug,-110,"#9,YAW,0.01,GYRO,-33,-37,36,ACC,24,4,262,ADC,1221,380,5,2,"
31.6975,terug,-110,MM0 ?T
31.6975,terug,-110,MM1 ?T
31.6975,terug,-110,MM0 T=35:34
31.6975,terug,-110,MM1 T=36:33
31.7315,terug,-110,MM0 !M -107 123
31.7315,terug,-110,MM1 !M -107 123
31.7315,terug,-110,MM0 +
31.7315,terug,-110,MM1 +
31.7315,terug,-110,MM0 PING
31.7315,terug,-110,MM1 PING
31.7315,terug,-110,"#10,YAW,0.01,GYRO,-6,-42,19,ACC,7,0,268,ADC,1278,303,8,2,"
31.7315,terug,-110,MM0 ?V
31.7315,terug,-110,MM1 ?V
31.7315,terug,-110,MM0 V=120:227:4906
31.7315,terug,-110,MM1 V=120:227:4898
31.7316,terug,-110,MM0 !M -102 118
31.7316,terug,-110,MM1 !M -102 118
31.7316,terug,-110,MM0 +
31.7316,terug,-110,MM1 +
31.7316,terug,-110,"#11,YAW,0.01,GYRO,-6,34,1,ACC,11,-7,238,ADC,1234,406,5,2,"
31.7316,terug,-110,MM0 ?CR
31.7316,terug,-110,MM1 ?CR
31.7316,terug,-110,MM0 CR=-26:26
31.7316,terug,-110,MM1 CR=-26:26
31.7541,terug,-104,"#12,YAW,0.01,GYRO,-2,31,-18,ACC,12,0,246,ADC,1309,399,4,2,"
31.7541,terug,-104,MM1 ?A
31.7541,terug,-104,MM0 ?A
31.7541,terug,-104,MM0 A=0:0
31.7541,terug,-104,MM1 A=0:0
31.7895,terug,-104,"#13,YAW,0.01,GYRO,1,51,-33,ACC,9,-4,259,ADC,1278,499,4,1,"
31.7895,terug,-104,MM0 !M -95 113
31.7895,terug,-104,MM1 !M -95 113
31.7896,terug,-104,MM1 +
31.7896,terug,-104,MM0 +
31.7896,terug,-104,MM1 ?AI
31.7896,terug,-104,MM0 ?AI
31.7896,terug,-104,MM0 AI=0:0:2438:2398:0:0
31.7896,terug,-104,MM1 AI=0:0:2346:2336:0:0
31.7896,terug,-104,"#14,YAW,0.01,GYRO,-11,108,-27,ACC,12,6,258,ADC,1282,387,4,1,"
31.7896,terug,-104,MM0 ?C
31.7896,terug,-104,MM1 ?C
31.7896,terug,-104,MM1 C=67:-65
31.8448,terug,-104,MM0 C=118:-122
31.8448,terug,-104,"#15,YAW,0.01,GYRO,-5,124,-18,ACC,7,-2,268,ADC,1248,394,3,1,"
31.8449,terug,-104,MM0 ?D
31.8449,terug,-104,MM1 ?D
31.8449,terug,-104,MM0 D=49
31.8449,terug,-104,MM1 D=3
31.8449,terug,-104,MM1 !M -97 111
31.8449,terug,-104,MM0 !M -97 111
31.8449,terug,-104,MM1 +
31.8449,terug,-104,MM0 +
31.8449,terug,-104,"#16,YAW,0.01,GYRO,-1,99,-13,ACC,8,2,251,ADC,1330,502,6,2,"
31.8449,terug,-104,MM0 ?FF
31.8449,terug,-104,MM1 ?FF
31.8449,terug,-104,"$GPRMC,113723.6,A,5050.51074,N,00419.37452,E,001.00,210.2,081026,000.4,E*5E"
31.8449,terug,-104,MM0 FF=0
31.8449,terug,-104,MM1 FF=0
31.8936,terug,-102,"#17,YAW,0.01,GYRO,-1,61,-3,ACC,2,3,249,ADC,1227,385,5,3,"
31.8936,terug,-102,MM0 ?P
31.8936,terug,-102,MM1 ?P
31.8936,terug,-102,MM0 P=-97:111
31.8936,terug,-102,MM1 P=-97:111
31.8936,terug,-102,"#18,YAW,-0.02,GYRO,15,42,2,ACC,8,0,255,ADC,1238,400,5,1,"
31.8936,terug,-102,MM0 ?S
31.8936,terug,-102,MM1 ?S
31.8936,terug,-102,MM0 S=-75:75
31.8936,terug,-102,MM1 S=-75:75
31.8936,terug,-102,MM1 !M -96 108
31.8936,terug,-102,MM0 !M -96 108
31.8936,terug,-102,MM1 +
31.8936,terug,-102,MM0 +
31.8936,terug,-102,"#19,YAW,-0.02,GYRO,0,-11,7,ACC,5,3,261,ADC,1304,498,5,1,"
31.8936,terug,-102,MM0 ?T
31.8936,terug,-102,MM1 ?T
31.8936,terug,-102,MM0 T=35:34
31.8937,terug,-102,MM1 T=36:33
31.9476,terug,-93,"#20,YAW,-0.02,GYRO,-5,-22,-1,ACC,-7,13,260,ADC,1240,381,5,2,"
31.9476,terug,-93,MM0 ?V
31.9476,terug,-93,MM1 ?V
31.9476,terug,-93,MM0 V=120:227:4905
31.9476,terug,-93,MM1 V=120:226:4899
31.9476,terug,-93,MM0 !M -90 104
31.9476,terug,-93,MM1 !M -90 104
31.9476,terug,-93,MM0 +
31.9476,terug,-93,MM1 +
31.9476,terug,-93,"#21,YAW,-0.02,GYRO,-23,-14,-13,ACC,7,3,249,ADC,1238,389,5,2,"
31.9476,terug,-93,MM0 ?CR
31.9476,terug,-93,MM1 ?CR
31.9477,terug,-93,MM0 CR=-24:23
31.9477,terug,-93,MM1 CR=-23:24
31.9817,terug,-93,"#22,YAW,-0.02,GYRO,-29,4,-18,ACC,-1,4,250,ADC,1193,384,4,1,"
31.9817,terug,-93,MM0 ?A
31.9817,terug,-93,MM1 ?A
31.9817,terug,-93,MM0 A=0:0
31.9817,terug,-93,MM1 A=0:0
31.9817,terug,-93,MM0 !M -87 99
31.9818,terug,-93,MM1 !M -87 99
31.9818,terug,-93,MM0 +
31.9818,terug,-93,MM1 +
31.9818,terug,-93,"#23,YAW,-0.02,GYRO,-25,26,-26,ACC,4,0,256,ADC,1298,501,5,2,"
31.9818,terug,-93,MM0 ?AI
31.9818,terug,-93,MM1 ?AI
31.9818,terug,-93,MM0 AI=0:0:2393:2433:0:0
31.9818,terug,-93,MM1 AI=0:0:2322:2345:0:0
32.0025,terug,-88,"#24,YAW,-0.02,GYRO,-5,65,-33,ACC,11,2,255,ADC,1230,497,5,2,"
32.0026,terug,-88,MM0 ?C
32.0026,terug,-88,MM1 ?C
32.0026,terug,-88,MM0 C=95:-99
32.0026,terug,-88,MM1 C=44:-43
32.0367,terug,-88,"#25,YAW,-0.02,GYRO,-25,96,-19,ACC,8,1,254,ADC,1239,389,4,1,"
32.0367,terug,-88,MM0 ?D
32.0367,terug,-88,MM1 ?D
32.0367,terug,-88,MM1 D=32
32.0367,terug,-88,MM0 D=2
32.0367,terug,-88,MM1 !M -83 93
32.0367,terug,-88,MM0 !M -83 93
32.0367,terug,-88,MM1 +
32.0367,terug,-88,MM0 +
32.0367,terug,-88,"#26,YAW,-0.02,GYRO,-34,104,-2,ACC,15,3,287,ADC,1259,501,7,2,"
32.0367,terug,-88,MM0 ?FF
32.0367,terug,-88,MM1 ?FF
32.0367,terug,-88,MM0 FF=0
32.0367,terug,-88,MM1 FF=0
32.0367,terug,-88,"$GPRMC,113723.8,A,5050.51046,N,00419.37438,E,001.04,211.3,081026,000.4,E*59"
32.0576,terug,-85,"#27,YAW,-0.02,GYRO,-24,44,5,ACC,13,2,258,ADC,1238,502,7,2,"
32.0576,terug,-85,MM0 ?P
32.0576,terug,-85,MM1 ?P
32.0576,terug,-85,MM0 P=-83:93
32.0576,terug,-85,MM1 P=-83:93
32.0915,terug,-85,"#28,YAW,-0.05,GYRO,-28,56,3,ACC,10,0,232,ADC,1268,399,8,1,"
32.0915,terug,-85,MM0 ?S
32.0915,terug,-85,MM1 ?S
32.0915,terug,-85,MM0 S=-75:75
32.0915,terug,-85,MM1 S=-75:75
32.0915,terug,-85,MM1 !M -81 89
32.0915,terug,-85,MM0 !M -81 89
32.0915,terug,-85,MM1 +
32.0915,terug,-85,MM0 +
32.0915,terug,-85,"#29,YAW,-0.05,GYRO,-9,61,-7,ACC,9,-4,272,ADC,1235,494,4,2,"
32.0915,terug,-85,MM0 ?T
32.0915,terug,-85,MM1 ?T
32.0915,terug,-85,MM0 T=35:34
32.0915,terug,-85,MM1 T=36:33
32.1545,terug,-80,"#30,YAW,-0.05,GYRO,-48,19,-5,ACC,22,2,266,ADC,1264,502,5,2,"
32.1545,terug,-80,MM0 ?V
32.1546,terug,-80,MM1 ?V
32.1546,terug,-80,MM0 V=120:225:4904
32.1546,terug,-80,MM1 V=120:225:4898
32.1546,terug,-80,MM1 !M -76 84
32.1546,terug,-80,MM0 !M -76 84
32.1546,terug,-80,MM1 +
32.1546,terug,-80,MM0 +
32.1546,terug,-80,"#31,YAW,-0.05,GYRO,-34,21,-4,ACC,14,2,240,ADC,1276,376,6,1,"
32.1546,terug,-80,MM0 ?CR
32.1546,terug,-80,MM1 ?CR
32.1546,terug,-80,MM0 CR=-20:22
32.1546,terug,-80,MM1 CR=-21:21
32.1546,terug,-80,"#32,YAW,-0.05,GYRO,-46,17,-6,ACC,17,-1,257,ADC,1270,384,4,2,"
32.1546,terug,-80,MM0 ?A
32.1668,terug,-80,MM1 ?A
32.1668,terug,-80,MM0 A=0:0
32.1668,terug,-80,MM1 A=0:0
32.1668,terug,-80,"#33,YAW,-0.05,GYRO,-30,32,-12,ACC,7,-1,250,ADC,1247,385,5,1,"
32.1668,terug,-80,MM0 ?AI
32.1668,terug,-80,MM1 ?AI
32.1887,terug,-80,MM0 AI=0:0:2429:2543:0:0
32.1887,terug,-80,MM1 AI=0:0:2318:2278:0:0
32.1887,terug,-80,MM0 !M -77 83
32.1887,terug,-80,MM1 !M -77 83
32.1887,terug,-80,MM0 +
32.1887,terug,-80,MM1 +
32.1887,terug,-80,"#34,YAW,-0.05,GYRO,-2,36,-25,ACC,14,-12,247,ADC,1266,400,4,2,"
32.1887,terug,-80,MM0 ?C
32.1887,terug,-80,MM1 ?C
32.1887,terug,-80,MM0 C=75:-79
32.2095,terug,-80,MM1 C=24:-22
32.2096,terug,-80,"#35,YAW,-0.05,GYRO,-17,48,-31,ACC,14,1,257,ADC,1251,383,4,1,"
32.2096,terug,-80,MM0 ?D
32.2096,terug,-80,MM1 ?D
32.2096,terug,-80,MM1 D=56
32.2096,terug,-80,MM0 D=2
32.2553,terug,-80,"#36,YAW,-0.05,GYRO,-5,88,-20,ACC,10,0,248,ADC,1265,380,4,2,"
32.2554,terug,-80,MM0 ?FF
32.2554,terug,-80,MM1 ?FF
32.2554,terug,-80,MM0 FF=0
32.2554,terug,-80,MM1 FF=0
32.2554,terug,-80,MM0 !M -78 82
32.2554,terug,-80,MM1 !M -78 82
32.2554,terug,-80,MM0 +
32.2554,terug,-80,MM1 +
32.2554,terug,-80,"$GPRMC,113724.0,A,5050.51017,N,00419.37424,E,001.10,212.4,081026,000.4,E*5E"
32.2554,terug,-80,"#37,YAW,-0.05,GYRO,-8,86,-4,ACC,11,-2,266,ADC,1248,355,6,2,"
32.2554,terug,-80,MM0 ?P
32.2554,terug,-80,MM1 ?P
32.2554,terug,-80,MM0 P=-78:82
32.2714,terug,-80,MM1 P=-78:82
32.2714,terug,-80,"#38,YAW,-0.08,GYRO,18,94,2,ACC,14,-16,270,ADC,1273,501,6,1,"
32.2714,terug,-80,MM0 ?S
32.2714,terug,-80,MM1 ?S
32.2714,terug,-80,MM1 S=-75:75
32.2714,terug,-80,MM0 S=-75:0
32.2916,terug,-80,MM1 !M -79 81
32.2916,terug,-80,MM0 !M -79 81
32.2916,terug,-80,MM1 +
32.2916,terug,-80,MM0 +
32.2916,terug,-80,"#39,YAW,-0.08,GYRO,11,88,-6,ACC,10,-5,254,ADC,1243,387,6,1,"
32.2916,terug,-80,MM0 ?T
32.2916,terug,-80,MM1 ?T
32.2916,terug,-80,MM0 T=35:34
32.2916,terug,-80,MM1 T=36:33
32.3125,terug,-80,"#40,YAW,-0.08,GYRO,3,57,-11,ACC,2,5,248,ADC,1222,387,4,2,"
32.3125,terug,-80,MM0 ?V
32.3125,terug,-80,MM1 ?V
32.3125,terug,-80,MM0 V=120:227:4905
32.3125,terug,-80,MM1 V=120:227:4899
32.3468,terug,-80,MM0 !M -79 81
32.3468,terug,-80,MM1 !M -79 81
32.3468,terug,-80,MM0 +
32.3468,terug,-80,MM1 +
32.3468,terug,-80,"#41,YAW,-0.08,GYRO,12,48,-17,ACC,6,10,255,ADC,1245,317,5,2,"
32.3468,terug,-80,MM0 ?CR
32.3468,terug,-80,MM1 ?CR
32.3468,terug,-80,MM0 CR=-19:18
32.3468,terug,-80,MM1 CR=-19:18
32.3468,terug,-80,"#42,YAW,-0.08,GYRO,-1,41,-17,ACC,3,1,262,ADC,1258,383,5,1,"
32.3468,terug,-80,MM0 ?A
32.3681,terug,-80,MM1 ?A
32.3681,terug,-80,MM0 A=0:0
32.3681,terug,-80,MM1 A=0:0
32.3681,terug,-80,"#43,YAW,-0.08,GYRO,-9,13,-3,ACC,2,4,256,ADC,1266,385,4,2,"
32.3681,terug,-80,MM0 ?AI
32.3681,terug,-80,MM1 ?AI
32.4025,terug,-80,MM0 AI=0:0:2434:2460:0:0
32.4025,terug,-80,MM1 AI=0:0:2322:2347:0:0
32.4025,terug,-80,MM1 !M -80 80
32.4025,terug,-80,MM0 !M -80 80
32.4025,terug,-80,MM1 +
32.4026,terug,-80,MM0 +
32.4026,terug,-80,"#44,YAW,-0.08,GYRO,-18,9,7,ACC,2,4,252,ADC,1263,392,5,2,"
32.4026,terug,-80,MM0 ?C
32.4026,terug,-80,MM1 ?C
32.4026,terug,-80,MM1 C=6:-5
32.4026,terug,-80,MM0 C=57:-61
32.4363,terug,-80,"#45,YAW,-0.08,GYRO,-23,11,12,ACC,-1,2,253,ADC,1284,500,4,2,"
32.4363,terug,-80,MM0 ?D
32.4364,terug,-80,MM1 ?D
32.4364,terug,-80,MM0 D=17
32.4364,terug,-80,MM1 D=3
32.4364,terug,-80,MM1 !M -80 80
32.4364,terug,-80,MM0 !M -80 80
32.4364,terug,-80,MM1 +
32.4364,terug,-80,MM0 +
32.4364,terug,-80,"#46,YAW,-0.08,GYRO,-21,7,15,ACC,4,2,254,ADC,1252,401,5,2,"
32.4364,terug,-80,MM0 ?FF
32.4364,terug,-80,MM1 ?FF
32.4364,terug,-80,MM0 FF=0
32.4364,terug,-80,MM1 FF=0
32.4364,terug,-80,"$GPRMC,113724.2,A,5050.50986,N,00419.37408,E,001.29,213.4,081026,000.4,E*59"
32.4593,terug,-80,"#47,YAW,-0.08,GYRO,-17,16,1,ACC,1,-2,252,ADC,1235,381,4,2,"
32.4593,terug,-80,MM0 ?P
32.4593,terug,-80,MM1 ?P
32.4593,terug,-80,MM0 P=-80:80
32.4593,terug,-80,MM1 P=-80:80
32.4935,terug,-80,"#48,YAW,-0.11,GYRO,-8,47,-15,ACC,5,1,255,ADC,1231,381,7,2,"
32.4935,terug,-80,MM0 ?S
32.4935,terug,-80,MM1 ?S
32.4935,terug,-80,MM0 S=0:75
32.4935,terug,-80,MM1 S=-75:75
32.4935,terug,-80,MM0 !M -80 80
32.4936,terug,-80,MM1 !M -80 80
32.4936,terug,-80,MM0 +
32.4936,terug,-80,MM1 +
32.4936,terug,-80,"#49,YAW,-0.11,GYRO,-7,74,-17,ACC,10,0,247,ADC,1231,503,6,2,"
32.4936,terug,-80,MM0 ?T
32.4936,terug,-80,MM1 ?T
32.4936,terug,-80,MM0 T=35:34
32.4936,terug,-80,MM1 T=36:33
32.5144,terug,-80,"#50,YAW,-0.11,GYRO,3,69,-7,ACC,8,3,268,ADC,1245,382,6,2,"
32.5144,terug,-80,MM0 ?V
32.5144,terug,-80,MM1 ?V
32.5144,terug,-80,MM0 V=120:226:4905
32.5145,terug,-80,MM1 V=120:227:4899
32.5488,terug,-80,"#51,YAW,-0.11,GYRO,11,91,-2,ACC,6,-4,255,ADC,1256,360,4,1,"
32.5488,terug,-80,MM0 !M -80 80
32.5488,terug,-80,MM0 +
32.5488,terug,-80,MM1 !M -80 80
32.5488,terug,-80,MM1 +
32.5488,terug,-80,MM1 ?CR
32.5488,terug,-80,MM0 ?CR
32.5488,terug,-80,MM1 CR=-17:17
32.5488,terug,-80,MM0 CR=-18:17
32.5488,terug,-80,"#52,YAW,-0.11,GYRO,1,88,-1,ACC,12,-3,250,ADC,1271,500,6,2,"
32.5488,terug,-80,MM0 ?A
32.5488,terug,-80,MM1 ?A
32.5488,terug,-80,MM0 A=0:0
32.6006,terug,-80,MM1 A=0:0
32.6006,terug,-80,"#53,YAW,-0.11,GYRO,-4,67,-1,ACC,4,-3,257,ADC,1237,384,4,2,"
32.6007,terug,-80,MM0 ?AI
32.6007,terug,-80,MM1 ?AI
32.6007,terug,-80,MM0 AI=0:0:2403:2430:0:0
32.6007,terug,-80,MM1 AI=0:0:2283:2334:0:0
32.6007,terug,-80,MM0 !M -81 79
32.6007,terug,-80,MM1 !M -81 79
32.6007,terug,-80,MM0 +
32.6007,terug,-80,MM1 +
32.6007,terug,-80,"#54,YAW,-0.11,GYRO,-5,57,-2,ACC,-4,-2,247,ADC,1263,385,4,2,"
32.6007,terug,-80,MM0 ?C
32.6007,terug,-80,MM1 ?C
32.6007,terug,-80,MM0 C=39:-45
32.6007,terug,-80,MM1 C=-11:12
32.6517,terug,-80,"#55,YAW,-0.11,GYRO,2,63,-4,ACC,5,3,263,ADC,1255,383,5,2,"
32.6517,terug,-80,MM0 ?D
32.6517,terug,-80,MM1 ?D
32.6517,terug,-80,MM0 D=48
32.6517,terug,-80,MM1 D=1
32.6517,terug,-80,"#56,YAW,-0.11,GYRO,-5,38,1,ACC,-4,-1,273,ADC,1257,499,8,2,"
32.6518,terug,-80,MM0 ?FF
32.6518,terug,-80,MM1 ?FF
32.6518,terug,-80,MM1 FF=0
32.6518,terug,-80,MM0 FF=0
32.6518,terug,-80,MM1 !M -81 79
32.6518,terug,-80,MM0 !M -81 79
32.6518,terug,-80,MM1 +
32.6518,terug,-80,MM0 +
32.6518,terug,-80,"$GPRMC,113724.4,A,5050.50961,N,00419.37395,E,001.32,214.2,081026,000.4,E*5E"
32.6518,terug,-80,"#57,YAW,-0.11,GYRO,-5,21,9,ACC,-4,0,253,ADC,1238,368,6,1,"
32.6518,terug,-80,MM1 ?P
32.6518,terug,-80,MM0 ?P
32.6518,terug,-80,MM1 P=-81:79
32.6518,terug,-80,MM0 P=-81:79
32.7017,terug,-80,"#58,YAW,-0.15,GYRO,-13,16,14,ACC,5,0,259,ADC,1269,502,7,2,"
32.7017,terug,-80,MM0 ?S
32.7017,terug,-80,MM1 ?S
32.7017,terug,-80,MM1 S=0:75
32.7017,terug,-80,MM0 S=-75:0
32.7017,terug,-80,MM1 !M -81 79
32.7017,terug,-80,MM0 !M -81 79
32.7017,terug,-80,MM1 +
32.7017,terug,-80,MM0 +
32.7017,terug,-80,"#59,YAW,-0.15,GYRO,-14,24,7,ACC,12,-3,269,ADC,1242,397,5,2,"
32.7018,terug,-80,MM0 ?T
32.7018,terug,-80,MM1 ?T
32.7018,terug,-80,MM0 T=35:34
32.7018,terug,-80,MM1 T=36:33
32.7516,terug,-80,"#60,YAW,-0.15,GYRO,-23,16,3,ACC,2,6,264,ADC,1277,395,7,2,"
32.7516,terug,-80,MM0 ?V
32.7516,terug,-80,MM1 ?V
32.7516,terug,-80,MM0 V=120:227:4905
32.7516,terug,-80,MM1 V=120:226:4898
32.7516,terug,-80,"#61,YAW,-0.15,GYRO,-21,18,-2,ACC,6,-8,249,ADC,1228,386,5,2,"
32.7516,terug,-80,MM1 ?CR
32.7516,terug,-80,MM0 ?CR
32.7516,terug,-80,MM0 CR=-16:15
32.7516,terug,-80,MM1 CR=-16:16
32.7516,terug,-80,MM1 !M -82 78
32.7516,terug,-80,MM0 !M -82 78
32.7516,terug,-80,MM1 +
32.7516,terug,-80,MM0 +
32.7517,terug,-80,"#62,YAW,-0.15,GYRO,-23,35,-14,ACC,10,-2,258,ADC,1255,386,9,2,"
32.7517,terug,-80,MM0 ?A
32.7517,terug,-80,MM1 ?A
32.7517,terug,-80,MM0 A=0:0
32.7517,terug,-80,MM1 A=0:0
32.8026,terug,0,"#63,YAW,-0.15,GYRO,-16,72,-22,ACC,1,-3,265,ADC,1268,498,4,1,"
32.8026,terug,0,MM1 ?AI
32.8026,terug,0,MM0 ?AI
32.8026,terug,0,MM1 AI=0:0:2328:2330:0:0
32.8026,terug,0,MM0 AI=0:0:2422:2421:0:0
32.8026,terug,0,MM1 !M 0 0
32.8026,terug,0,MM0 !M 0 0
32.8026,terug,0,MM1 +
32.8026,terug,0,MM0 +
32.8026,terug,0,MM0 !M 0 0
32.8026,terug,0,MM1 !M 0 0
32.8026,terug,0,MM0 +
32.8026,terug,0,MM1 +
32.8026,terug,0,"#64,YAW,-0.15,GYRO,-19,74,-14,ACC,1,0,259,ADC,1274,335,5,1,"
32.8027,terug,0,MM0 ?C
32.8027,terug,0,MM1 ?C
32.8027,terug,0,MM0 C=23:-29
32.8027,terug,0,MM1 C=-27:27
32.8546,terug,0,"#65,YAW,-0.15,GYRO,-26,44,1,ACC,51,11,258,ADC,1228,384,3,1,"
32.8546,terug,0,MM0 ?D
32.8546,terug,0,MM1 ?D
32.8546,terug,0,MM0 D=17
32.8546,terug,0,MM1 D=35
32.8546,terug,0,"#66,YAW,-0.15,GYRO,1,-66,8,ACC,79,-2,238,ADC,1251,387,6,2,"
32.8546,terug,0,MM1 ?FF
32.8546,terug,0,MM0 ?FF
32.8546,terug,0,MM1 FF=0
32.8546,terug,0,MM0 FF=0
32.8546,terug,0,"$GPRMC,113724.6,A,5050.50938,N,00419.37382,E,001.36,215.0,081026,000.4,E*51"
32.8546,terug,0,MM0 !M 0 0
32.8546,terug,0,MM0 +
32.8546,terug,0,MM1 !M 0 0
32.8546,terug,0,MM1 +
32.8546,terug,0,"#67,YAW,-0.15,GYRO,-28,158,-5,ACC,61,6,275,ADC,1265,327,7,2,"
32.8546,terug,0,MM1 ?P
32.8546,terug,0,MM0 ?P
32.8547,terug,0,MM1 P=0:0
32.8547,terug,0,MM0 P=0:0
32.9067,terug,0,"#68,YAW,-0.18,GYRO,2,53,-12,ACC,19,7,272,ADC,1251,383,4,2,"
32.9067,terug,0,MM1 ?S
32.9068,terug,0,MM0 ?S
32.9068,terug,0,MM0 S=0:0
32.9068,terug,0,MM1 S=-75:0
32.9068,terug,0,MM1 !M 0 0
32.9068,terug,0,MM0 !M 0 0
32.9068,terug,0,MM1 +
32.9068,terug,0,MM0 +
32.9068,terug,0,"#69,YAW,-0.18,GYRO,-24,-4,-14,ACC,58,2,252,ADC,1255,391,4,2,"
32.9068,terug,0,MM1 ?T
32.9068,terug,0,MM0 ?T
32.9068,terug,0,MM1 T=36:33
32.9068,terug,0,MM0 T=35:34
32.9068,terug,0,"#70,YAW,-0.18,GYRO,3,94,-15,ACC,15,1,258,ADC,1240,384,4,2,"
32.9068,terug,0,MM1 ?V
32.9404,terug,0,MM0 ?V
32.9404,terug,0,MM1 V=120:227:4898
32.9404,terug,0,MM0 V=120:227:4905
32.9404,terug,0,"#71,YAW,-0.18,GYRO,-18,65,-18,ACC,18,0,270,ADC,1219,500,4,1,"
32.9405,terug,0,MM1 ?CR
32.9405,terug,0,MM0 ?CR
32.9405,terug,0,MM1 CR=-10:10
32.9405,terug,0,MM0 CR=-10:10
32.9616,terug,0,"#72,YAW,-0.18,GYRO,-8,37,-6,ACC,21,0,245,ADC,1245,385,4,1,"
32.9616,terug,0,MM1 ?A
32.9616,terug,0,MM0 ?A
32.9616,terug,0,MM1 A=0:0
32.9616,terug,0,MM0 A=0:0
32.9956,terug,0,"#73,YAW,-0.18,GYRO,-12,60,6,ACC,20,0,259,ADC,1242,499,4,3,"
32.9956,terug,0,MM0 ?AI
32.9957,terug,0,MM1 ?AI
32.9957,terug,0,MM1 AI=0:0:2311:2361:0:0
32.9957,terug,0,MM0 AI=0:0:2411:2477:0:0
32.9957,terug,0,MM1 !M 0 0PING
32.9957,terug,0,MM0 !M 0 0PING
32.9957,terug,0,MM0 +
32.9957,terug,0,MM1 +
32.9957,terug,0,MM0 !M 0 0
32.9957,terug,0,MM1 !M 0 0
32.9957,terug,0,MM0 +
32.9957,terug,0,MM1 +
32.9957,terug,0,"#74,YAW,-0.19,GYRO,-12,46,4,ACC,20,0,255,ADC,1225,292,6,1,"
32.9957,terug,0,MM1 ?C
32.9957,terug,0,MM0 ?C
32.9957,terug,0,MM1 C=-33:33
32.9957,terug,0,MM0 C=17:-23
33.0164,terug,0,"#75,YAW,-0.19,GYRO,-11,50,-7,ACC,16,0,248,ADC,1272,500,4,2,"
33.0164,terug,0,MM1 ?D
33.0164,terug,0,MM0 ?D
33.0164,terug,0,MM0 D=50
33.0164,terug,0,MM1 D=1
33.0506,terug,0,"#76,YAW,-0.19,GYRO,-14,53,-15,ACC,7,2,264,ADC,1260,384,5,1,"
33.0506,terug,0,MM0 ?FF
33.0506,terug,0,MM1 ?FF
33.0506,terug,0,MM1 FF=0
33.0506,terug,0,MM0 FF=0
33.0506,terug,0,MM1 !M 0 0
33.0506,terug,0,MM0 !M 0 0
33.0506,terug,0,MM1 +
33.0506,terug,0,MM0 +
33.0506,terug,0,"$GPRMC,113724.8,A,5050.50914,N,00419.37370,E,001.42,215.6,081026,000.4,E*59"
33.0506,terug,0,"#77,YAW,-0.19,GYRO,-12,41,-16,ACC,6,6,255,ADC,1260,327,4,1,"
33.0506,terug,0,MM1 ?P
33.0506,terug,0,MM0 ?P
33.0507,terug,0,MM1 P=0:0
33.0507,terug,0,MM0 P=0:0
33.0735,terug,0,"#78,YAW,-0.22,GYRO,-13,54,-11,ACC,8,4,264,ADC,1235,391,4,2,"
33.0735,terug,0,MM1 ?S
33.0735,terug,0,MM0 ?S
33.0735,terug,0,MM1 S=0:0
33.0735,terug,0,MM0 S=0:0
33.1102,terug,0,MM1 !M 0 0
33.1102,terug,0,MM0 !M 0 0
33.1102,terug,0,MM1 +
33.1102,terug,0,MM0 +
33.1102,terug,0,"#79,YAW,-0.22,GYRO,-12,43,-2,ACC,8,0,256,ADC,1279,398,5,2,"
33.1103,terug,0,MM1 ?T
33.1103,terug,0,MM0 ?T
33.1103,terug,0,MM1 T=36:33
33.1103,terug,0,MM0 T=35:34
33.1103,terug,0,"#80,YAW,-0.22,GYRO,-12,45,1,ACC,7,1,255,ADC,1278,397,5,2,"
33.1103,terug,0,MM1 ?V
33.1103,terug,0,MM0 ?V
33.1456,terug,0,MM1 V=120:226:4898
33.1456,terug,0,MM0 V=120:228:4905
33.1456,terug,0,MM0 !M 0 0
33.1456,terug,0,MM0 +
33.1456,terug,0,MM1 !M 0 0
33.1456,terug,0,MM1 +
33.1456,terug,0,"#81,YAW,-0.22,GYRO,-13,45,-1,ACC,5,0,258,ADC,1201,382,6,2,"
33.1457,terug,0,MM1 ?CR
33.1457,terug,0,MM0 ?CR
33.1457,terug,0,MM1 CR=-1:0
33.1457,terug,0,MM0 CR=-1:1
33.1667,terug,0,"#82,YAW,-0.22,GYRO,-11,48,-7,ACC,-3,5,261,ADC,1226,388,6,1,"
33.1667,terug,0,MM1 ?A
33.1667,terug,0,MM0 ?A
33.1667,terug,0,MM1 A=0:0
33.1667,terug,0,MM0 A=0:0
33.2006,terug,0,"#83,YAW,-0.22,GYRO,-12,46,-8,ACC,0,1,254,ADC,1288,390,6,2,"
33.2006,terug,0,MM1 ?AI
33.2006,terug,0,MM0 ?AI
33.2006,terug,0,MM1 AI=0:0:2327:2342:0:0
33.2006,terug,0,MM0 AI=0:0:2427:2420:0:0
33.2006,terug,0,MM0 !M 0 0
33.2006,terug,0,MM1 !M 0 0
33.2006,terug,0,MM0 +
33.2006,terug,0,MM1 +
33.2006,terug,0,"#84,YAW,-0.22,GYRO,-10,52,-5,ACC,-2,8,261,ADC,1267,493,7,2,"
33.2006,terug,0,MM1 ?C
33.2006,terug,0,MM0 ?C
33.2006,terug,0,MM1 C=-33:33
33.2006,terug,0,MM0 C=17:-23
33.2216,terug,0,"#85,YAW,-0.22,GYRO,-13,49,-6,ACC,2,0,255,ADC,1319,500,5,1,"
33.2216,terug,0,MM1 ?D
33.2216,terug,0,MM0 ?D
33.2216,terug,0,MM0 D=58
33.2216,terug,0,MM1 D=1
33.2555,terug,0,"#86,YAW,-0.22,GYRO,-13,42,-9,ACC,-2,0,252,ADC,1274,502,4,2,"
33.2555,terug,0,MM1 ?FF
33.2555,terug,0,MM0 ?FF
33.2555,terug,0,MM1 FF=0
33.2555,terug,0,MM0 FF=0
33.2555,terug,0,"$GPRMC,113725.0,A,5050.50882,N,00419.37348,E,001.60,216.2,081026,000.4,E*52"
33.2555,terug,0,MM0 !M 0 0
33.2555,terug,0,MM1 !M 0 0
33.2555,terug,0,MM0 +
33.2555,terug,0,MM1 +
33.2555,terug,0,"#87,YAW,-0.22,GYRO,-14,48,-4,ACC,0,1,259,ADC,1242,291,5,2,"
33.2556,terug,0,MM0 ?P
33.2556,terug,0,MM1 ?P
33.2556,terug,0,MM0 P=0:0
33.2556,terug,0,MM1 P=0:0
33.3125,terug,0,"#88,YAW,-0.26,GYRO,-11,43,-5,ACC,3,-1,254,ADC,1277,407,5,2,"
33.3125,terug,0,MM1 ?S
33.3125,terug,0,MM0 ?S
33.3125,terug,0,MM1 S=0:0
33.3125,terug,0,MM0 S=0:0
33.3125,terug,0,"#89,YAW,-0.26,GYRO,-13,45,-6,ACC,5,1,259,ADC,1283,381,8,2,"
33.3125,terug,0,MM1 ?T
33.3126,terug,0,MM0 ?T
33.3126,terug,0,MM1 T=36:33
33.3126,terug,0,MM0 T=35:34
33.3126,terug,0,MM1 !M 0 0
33.3126,terug,0,MM0 !M 0 0
33.3126,terug,0,MM1 +
33.3126,terug,0,MM0 +
33.3126,terug,0,"#90,YAW,-0.26,GYRO,-12,45,-8,ACC,5,4,255,ADC,1268,385,5,3,"
33.3126,terug,0,MM1 ?V
33.3126,terug,0,MM0 ?V
33.3126,terug,0,MM1 V=120:227:4897
33.3126,terug,0,MM0 V=120:227:4905
33.3467,terug,0,MM1 !M 0 0
33.3467,terug,0,MM0 !M 0 0
33.3467,terug,0,MM1 +
33.3467,terug,0,MM0 +
33.3468,terug,0,"#91,YAW,-0.26,GYRO,-11,47,-8,ACC,4,0,264,ADC,1250,370,5,2,"
33.3468,terug,0,MM1 ?CR
33.3468,terug,0,MM0 ?CR
33.3468,terug,0,MM0 CR=0:-1
33.3468,terug,0,MM1 CR=0:0
33.3468,terug,0,"#92,YAW,-0.26,GYRO,-12,47,-6,ACC,4,1,252,ADC,1324,500,5,2,"
33.3468,terug,0,MM1 ?A
33.3676,terug,0,MM0 ?A
33.3676,terug,0,MM1 A=0:0
33.3676,terug,0,MM0 A=0:0
33.3676,terug,0,"#93,YAW,-0.26,GYRO,-12,46,-5,ACC,1,0,258,ADC,1241,384,7,2,"
33.3676,terug,0,MM0 ?AI
33.3676,terug,0,MM1 ?AI
33.4017,terug,0,MM0 AI=0:0:2421:2419:0:0
33.4017,terug,0,MM1 AI=0:0:2332:2323:0:0
33.4017,terug,0,MM0 !M 0 0
33.4017,terug,0,MM1 !M 0 0
33.4017,terug,0,MM0 +
33.4017,terug,0,MM1 +
33.4017,terug,0,"#94,YAW,-0.26,GYRO,-13,48,-6,ACC,3,0,255,ADC,1256,498,7,2,"
33.4017,terug,0,MM1 ?C
33.4018,terug,0,MM0 ?C
33.4018,terug,0,MM1 C=-33:33
33.4018,terug,0,MM0 C=17:-24
33.4225,terug,80,"#95,YAW,-0.26,GYRO,-14,44,-8,ACC,3,0,254,ADC,1237,397,6,2,"
33.4225,terug,80,MM1 ?D
33.4225,terug,80,MM0 ?D
33.4225,terug,80,MM0 D=18
33.4225,terug,80,MM1 D=1
33.4566,terug,80,"#96,YAW,-0.26,GYRO,-11,45,-8,ACC,3,1,261,ADC,1246,385,4,1,"
33.4566,terug,80,MM0 ?FF
33.4566,terug,80,MM1 ?FF
33.4566,terug,80,MM0 FF=0
33.4566,terug,80,MM1 FF=0
33.4566,terug,80,"$GPRMC,113725.2,A,5050.50859,N,00419.37327,E,001.92,216.5,081026,000.4,E*55"
33.4566,terug,80,MM0 !M 46 -114
33.4566,terug,80,MM1 !M 46 -114
33.4566,terug,80,MM0 +
33.4567,terug,80,MM1 +
33.4567,terug,80,"#97,YAW,-0.26,GYRO,-12,43,-6,ACC,8,0,256,ADC,1252,286,5,1,"
33.4567,terug,80,MM0 ?P
33.4567,terug,80,MM1 ?P
33.4567,terug,80,MM0 P=46:-114
33.4567,terug,80,MM1 P=46:-114
33.5145,terug,80,"#98,YAW,-0.30,GYRO,-14,15,4,ACC,46,17,272,ADC,1233,384,5,2,"
33.5145,terug,80,MM1 ?S
33.5145,terug,80,MM0 ?S
33.5145,terug,80,MM0 S=0:0
33.5145,terug,80,MM1 S=0:-75
33.5145,terug,80,"#99,YAW,-0.31,GYRO,5,44,86,ACC,28,-8,246,ADC,1248,382,7,1,"
33.5146,terug,80,MM0 ?T
33.5146,terug,80,MM1 ?T
33.5146,terug,80,MM0 T=35:34
33.5146,terug,80,MM1 T=36:33
33.5146,terug,80,MM0 !M 45 -115
33.5146,terug,80,MM1 !M 45 -115
33.5146,terug,80,MM0 +
33.5146,terug,80,MM1 +
33.5146,terug,80,"#100,YAW,-0.31,GYRO,-1,44,36,ACC,38,1,263,ADC,1243,382,8,1,"
33.5146,terug,80,MM0 ?V
33.5146,terug,80,MM1 ?V
33.5146,terug,80,MM0 V=120:227:4905
33.5146,terug,80,MM1 V=120:227:4899
33.5617,terug,0,"#101,YAW,-0.31,GYRO,-9,28,-3,ACC,25,0,263,ADC,1255,427,4,2,"
33.5618,terug,0,MM0 !M 44 -116
33.5618,terug,0,MM0 +
33.5618,terug,0,MM1 !M 44 -116
33.5618,terug,0,MM1 +
33.5618,terug,0,MM0 ?CR
33.5618,terug,0,MM1 ?CR
33.5618,terug,0,MM0 CR=3:-3
33.5618,terug,0,MM1 CR=3:-3
33.5618,terug,0,MM0 !M 0 00
33.5618,terug,0,MM1 !M 0 00
33.5618,terug,0,MM0 +
33.5618,terug,0,MM1 +
33.5618,terug,0,"#102,YAW,-0.31,GYRO,-13,67,-22,ACC,11,1,267,ADC,1238,394,4,2,"
33.5618,terug,0,MM0 ?A
33.5618,terug,0,MM1 ?A
33.5618,terug,0,MM0 A=0:0
33.5618,terug,0,MM1 A=0:0
33.6190,terug,0,"#103,YAW,-0.31,GYRO,-12,73,-64,ACC,5,-6,264,ADC,1288,501,7,1,"
33.6190,terug,0,MM0 ?AI
33.6191,terug,0,MM1 ?AI
33.6191,terug,0,MM0 AI=0:0:2410:2429:0:0
33.6191,terug,0,MM1 AI=0:0:2328:2312:0:0
33.6191,terug,0,"#104,YAW,-0.31,GYRO,-10,35,-72,ACC,-20,8,246,ADC,1233,384,4,2,"
33.6191,terug,0,MM0 ?C
33.6191,terug,0,MM1 ?C
33.6191,terug,0,MM0 C=21:-27
33.6191,terug,0,MM1 C=-29:29
33.6191,terug,0,MM0 !M 0 0
33.6191,terug,0,MM1 !M 0 0
33.6191,terug,0,MM0 +
33.6191,terug,0,MM1 +
33.6191,terug,0,"#105,YAW,-0.31,GYRO,3,85,-33,ACC,-37,2,266,ADC,1205,393,5,2,"
33.6191,terug,0,MM0 ?D
33.6191,terug,0,MM1 ?D
33.6191,terug,0,MM0 D=16
33.6191,terug,0,MM1 D=9
33.6535,terug,0,"#106,YAW,-0.31,GYRO,-9,2,22,ACC,-14,-1,266,ADC,1244,503,4,2,"
33.6536,terug,0,MM0 ?FF
33.6536,terug,0,MM1 ?FF
33.6536,terug,0,MM0 FF=0
33.6536,terug,0,MM1 FF=0
33.6536,terug,0,"$GPRMC,113725.4,A,5050.50837,N,00419.37301,E,002.42,216.9,081026,000.4,E*5D"
33.6536,terug,0,MM1 !M 0 0
33.6536,terug,0,MM0 !M 0 0
33.6536,terug,0,MM1 +
33.6536,terug,0,MM0 +
33.6536,terug,0,"#107,YAW,-0.31,GYRO,-16,24,25,ACC,-9,0,248,ADC,1273,360,5,1,"
33.6536,terug,0,MM0 ?P
33.6536,terug,0,MM1 ?P
33.6536,terug,0,MM0 P=0:0
33.6536,terug,0,MM1 P=0:0
33.6744,terug,0,"#108,YAW,-0.35,GYRO,-10,70,-10,ACC,-13,-4,259,ADC,1269,393,4,2,"
33.6745,terug,0,MM0 ?S
33.6745,terug,0,MM1 ?S
33.6745,terug,0,MM0 S=0:0
33.6745,terug,0,MM1 S=0:0
33.7087,terug,0,MM1 !M 0 0
33.7087,terug,0,MM0 !M 0 0
33.7087,terug,0,MM1 +
33.7087,terug,0,MM0 +
33.7087,terug,0,"#109,YAW,-0.35,GYRO,-9,38,-28,ACC,-16,1,264,ADC,1231,304,3,2,"
33.7087,terug,0,MM0 ?T
33.7088,terug,0,MM1 ?T
33.7088,terug,0,MM0 T=35:34
33.7088,terug,0,MM1 T=36:33
33.7088,terug,0,"#110,YAW,-0.35,GYRO,-12,37,-22,ACC,-5,2,246,ADC,1237,382,5,2,"
33.7088,terug,0,MM0 ?V
33.7088,terug,0,MM1 ?V
33.7296,terug,0,MM0 V=120:226:4905
33.7296,terug,0,MM1 V=120:226:4899
33.7296,terug,0,"#111,YAW,-0.35,GYRO,-11,40,-3,ACC,-1,0,258,ADC,1242,393,5,2,"
33.7296,terug,0,MM0 ?CR
33.7296,terug,0,MM1 ?CR
33.7296,terug,0,MM0 CR=3:-2
33.7636,terug,0,MM1 CR=2:-2
33.7636,terug,0,MM1 !M 0 0
33.7636,terug,0,MM0 !M 0 0
33.7636,terug,0,MM1 +
33.7636,terug,0,MM0 +
33.7636,terug,0,"#112,YAW,-0.35,GYRO,-14,50,12,ACC,1,1,262,ADC,1253,500,5,1,"
33.7636,terug,0,MM0 ?A
33.7636,terug,0,MM1 ?A
33.7637,terug,0,MM0 A=0:0
33.7637,terug,0,MM1 A=0:0
33.8156,terug,0,"#113,YAW,-0.35,GYRO,-11,44,11,ACC,-1,4,254,ADC,1233,387,5,2,"
33.8156,terug,0,MM0 ?AI
33.8156,terug,0,MM1 ?AI
33.8156,terug,0,MM0 AI=0:0:2410:2417:0:0
33.8156,terug,0,MM1 AI=0:0:2341:2374:0:0
33.8156,terug,0,"#114,YAW,-0.35,GYRO,-15,50,0,ACC,4,-2,260,ADC,1208,382,5,2,"
33.8156,terug,0,MM0 ?C
33.8156,terug,0,MM1 ?C
33.8156,terug,0,MM0 C=23:-29
33.8157,terug,0,MM1 C=-28:28
33.8157,terug,0,MM0 !M 0 0
33.8157,terug,0,MM1 !M 0 0
33.8157,terug,0,MM0 +
33.8157,terug,0,MM1 +
33.8157,terug,0,"#115,YAW,-0.35,GYRO,-13,45,-14,ACC,2,0,262,ADC,1246,387,4,2,"
33.8157,terug,0,MM0 ?D
33.8157,terug,0,MM1 ?D
33.8157,terug,0,MM1 D=35
33.8157,terug,0,MM0 D=1
33.8667,terug,0,"#116,YAW,-0.35,GYRO,-12,43,-20,ACC,5,1,255,ADC,1210,384,5,2,"
33.8667,terug,0,MM0 ?FF
33.8667,terug,0,MM1 ?FF
33.8667,terug,0,MM0 FF=0
33.8667,terug,0,MM1 FF=0
33.8667,terug,0,"$GPRMC,113725.6,A,5050.50811,N,00419.37270,E,002.69,216.6,081026,000.4,E*5A"
33.8667,terug,0,MM0 !M 0 0
33.8667,terug,0,MM1 !M 0 0
33.8667,terug,0,MM0 +
33.8667,terug,0,MM1 +
33.8667,terug,0,"#117,YAW,-0.35,GYRO,-16,47,-15,ACC,11,1,261,ADC,1250,358,5,2,"
33.8668,terug,0,MM0 ?P
33.8668,terug,0,MM1 ?P
33.8668,terug,0,MM0 P=0:0
33.8668,terug,0,MM1 P=0:0
33.8668,terug,0,"#118,YAW,-0.39,GYRO,-11,51,-5,ACC,10,3,259,ADC,1216,382,3,2,"
33.9176,terug,0,MM0 ?S
33.9176,terug,0,MM1 ?S
33.9176,terug,0,MM1 S=0:0
33.9176,terug,0,MM0 S=-75:0
33.9176,terug,0,"#119,YAW,-0.39,GYRO,-13,41,2,ACC,14,2,261,ADC,1249,391,5,2,"
33.9176,terug,0,MM0 ?T
33.9176,terug,0,MM1 ?T
33.9176,terug,0,MM0 T=35:34
33.9177,terug,0,MM1 T=36:33
33.9177,terug,0,MM0 !M 0 0
33.9177,terug,0,MM1 !M 0 0
33.9177,terug,0,MM0 +
33.9177,terug,0,MM1 +
33.9177,terug,0,"#120,YAW,-0.39,GYRO,-13,41,-4,ACC,15,0,255,ADC,1244,384,5,2,"
33.9177,terug,0,MM0 ?V
33.9177,terug,0,MM1 ?V
33.9177,terug,0,MM0 V=120:227:4904
33.9177,terug,0,MM1 V=120:226:4901
33.9676,terug,0,"#121,YAW,-0.39,GYRO,-13,46,-12,ACC,15,1,262,ADC,1290,392,5,1,"
33.9676,terug,0,MM0 ?CR
33.9677,terug,0,MM1 ?CR
33.9677,terug,0,MM0 CR=-1:1
33.9677,terug,0,MM1 CR=0:0
33.9677,terug,0,MM1 !M 0 0
33.9677,terug,0,MM0 !M 0 0
33.9677,terug,0,MM1 +
33.9677,terug,0,MM0 +
33.9677,terug,0,"#122,YAW,-0.39,GYRO,-13,54,-10,ACC,8,1,254,ADC,1268,385,5,2,"
33.9677,terug,0,MM0 ?A
33.9677,terug,0,MM1 ?A
33.9677,terug,0,MM0 A=0:0
33.9677,terug,0,MM1 A=0:0
33.9677,terug,0,"#123,YAW,-0.39,GYRO,-11,48,-3,ACC,1,4,259,ADC,1253,392,5,2,"
33.9677,terug,0,MM0 ?AI
33.9678,terug,0,MM1 ?AI
34.0220,terug,0,MM0 AI=0:0:2404:2426:0:0
34.0220,terug,0,MM1 AI=0:0:2309:2348:0:0
34.0221,terug,0,"#124,YAW,-0.39,GYRO,-12,44,3,ACC,6,0,257,ADC,1294,493,4,2,"
34.0221,terug,0,MM0 ?C
34.0221,terug,0,MM1 ?C
34.0221,terug,0,MM0 C=22:-28
34.0221,terug,0,MM1 C=-28:28
34.0221,terug,0,MM0 !M 0 0
34.0221,terug,0,MM1 !M 0 0
34.0221,terug,0,MM0 +
34.0221,terug,0,MM1 +
34.0221,terug,0,"#125,YAW,-0.39,GYRO,-12,47,0,ACC,3,0,259,ADC,1256,391,4,2,"
34.0221,terug,0,MM0 ?D
34.0221,terug,0,MM1 ?D
34.0221,terug,0,MM0 D=16
34.0221,terug,0,MM1 D=35
34.0581,terug,0,"#126,YAW,-0.40,GYRO,-11,48,-8,ACC,5,1,261,ADC,1247,394,6,2,"
34.0581,terug,0,MM0 ?FF
34.0582,terug,0,MM1 ?FF
34.0582,terug,0,MM0 FF=0
34.0582,terug,0,MM1 FF=0
34.0582,terug,0,"$GPRMC,113725.8,A,5050.50784,N,00419.37213,E,003.64,217.2,081026,000.4,E*5B"
34.0582,terug,0,MM0 !M 0 0
34.0582,terug,0,MM1 !M 0 0
34.0582,terug,0,MM0 +
34.0582,terug,0,MM1 +
34.0582,terug,0,"#127,YAW,-0.40,GYRO,-10,46,-12,ACC,3,3,255,ADC,1258,331,3,1,"
34.0582,terug,0,MM0 ?P
34.0582,terug,0,MM1 ?P
34.0582,terug,0,MM0 P=0:0
34.0582,terug,0,MM1 P=0:0
34.0774,terug,0,"#128,YAW,-0.44,GYRO,-13,45,-11,ACC,3,1,257,ADC,1249,388,7,2,"
34.0774,terug,0,MM0 ?S
34.0774,terug,0,MM1 ?S
34.0774,terug,0,MM0 S=0:0
34.0774,terug,0,MM1 S=0:0
34.1115,terug,0,"#129,YAW,-0.44,GYRO,-12,44,-4,ACC,5,0,256,ADC,1267,387,6,2,"
34.1116,terug,0,MM0 ?T
34.1116,terug,0,MM1 ?T
34.1116,terug,0,MM0 T=35:34
34.1116,terug,0,MM1 T=36:33
34.1116,terug,0,MM1 !M 0 0
34.1116,terug,0,MM0 !M 0 0
34.1116,terug,0,MM0 +
34.1116,terug,0,MM1 +
34.1116,terug,0,"#130,YAW,-0.44,GYRO,-11,46,0,ACC,4,0,257,ADC,1292,502,6,2,"
34.1116,terug,0,MM0 ?V
34.1116,terug,0,MM1 ?V
34.1116,terug,0,MM0 V=120:227:4902
34.1116,terug,0,MM1 V=120:226:4900
34.1325,terug,0,"#131,YAW,-0.44,GYRO,-12,44,-3,ACC,4,2,256,ADC,1231,501,5,2,"
34.1325,terug,0,MM0 ?CR
34.1325,terug,0,MM1 ?CR
34.1325,terug,0,MM0 CR=0:0
34.1325,terug,0,MM1 CR=0:0
34.1708,terug,0,MM0 !M 0 0
34.1709,terug,0,MM1 !M 0 0
34.1709,terug,0,MM0 +
34.1709,terug,0,MM1 +
34.1709,terug,0,"#132,YAW,-0.44,GYRO,-12,45,-10,ACC,6,1,258,ADC,1249,397,3,1,"
34.1709,terug,0,MM0 ?A
34.1709,terug,0,MM1 ?A
34.1709,terug,0,MM0 A=0:0
34.1709,terug,0,MM1 A=0:0
34.1709,terug,0,"#133,YAW,-0.44,GYRO,-13,48,-14,ACC,5,1,255,ADC,1253,408,5,2,"
34.1709,terug,0,MM0 ?AI
34.1709,terug,0,MM1 ?AI
34.2195,terug,0,MM0 AI=0:0:2409:2424:0:0
34.2195,terug,0,MM1 AI=0:0:2320:2323:0:0
34.2195,terug,0,"#134,YAW,-0.44,GYRO,-12,45,-9,ACC,5,0,258,ADC,1264,394,4,2,"
34.2196,terug,0,MM0 ?C
34.2196,terug,0,MM1 ?C
34.2196,terug,0,MM0 C=22:-28
34.2196,terug,0,MM1 C=-28:28
34.2196,terug,0,MM0 !M 0 0
34.2196,terug,0,MM1 !M 0 0
34.2196,terug,0,MM0 +
34.2196,terug,0,MM1 +
34.2196,terug,0,"#135,YAW,-0.44,GYRO,-12,43,-3,ACC,10,0,259,ADC,1274,394,7,2,"
34.2196,terug,0,MM0 ?D
34.2196,terug,0,MM1 ?D
34.2196,terug,0,MM0 D=16
34.2196,terug,0,MM1 D=35
34.2706,terug,0,"#136,YAW,-0.44,GYRO,-11,47,-2,ACC,7,1,257,ADC,1253,501,4,2,"
34.2706,terug,0,MM0 ?FF
34.2706,terug,0,MM1 ?FF
34.2706,terug,0,MM0 FF=0
34.2707,terug,0,MM1 FF=0
34.2707,terug,0,"$GPRMC,113726.0,A,5050.50759,N,00419.37154,E,004.60,218.6,081026,000.4,E*58"
34.2707,terug,0,"#137,YAW,-0.44,GYRO,-13,47,-6,ACC,7,0,258,ADC,1264,389,5,2,"
34.2707,terug,0,MM0 ?P
34.2707,terug,0,MM1 ?P
34.2707,terug,0,MM0 P=0:0
34.2707,terug,0,MM1 P=0:0
34.2707,terug,0,MM0 !M 0 0
34.2707,terug,0,MM1 !M 0 0
34.2707,terug,0,MM0 +
34.2707,terug,0,MM1 +
34.2707,terug,0,"#138,YAW,-0.49,GYRO,-12,45,-4,ACC,4,3,252,ADC,1245,499,3,1,"
34.2707,terug,0,MM0 ?S
34.2707,terug,0,MM1 ?S
34.2707,terug,0,MM0 S=0:0
34.2707,terug,0,MM1 S=0:0
34.3251,terug,0,"#139,YAW,-0.49,GYRO,-13,45,-2,ACC,2,2,259,ADC,1238,388,5,2,"
34.3252,terug,0,MM0 ?T
34.3252,terug,0,MM1 ?T
34.3252,terug,0,MM0 T=35:34
34.3252,terug,0,MM1 T=36:33
34.3252,terug,0,MM1 !M 0 0
34.3252,terug,0,MM0 !M 0 0
34.3252,terug,0,MM1 +
34.3252,terug,0,MM0 +
34.3252,terug,0,"#140,YAW,-0.49,GYRO,-13,45,-5,ACC,5,1,257,ADC,1229,498,8,2,"
34.3252,terug,0,MM0 ?V
34.3252,terug,0,MM1 ?V
34.3252,terug,0,MM0 V=120:227:4902
34.3252,terug,0,MM1 V=120:225:4901
34.3594,terug,0,"#141,YAW,-0.49,GYRO,-11,44,-7,ACC,4,1,256,ADC,1282,388,4,1,"
34.3594,terug,0,MM0 ?CR
34.3594,terug,0,MM1 ?CR
34.3594,terug,0,MM0 CR=0:0
34.3594,terug,0,MM1 CR=0:0
34.3594,terug,0,"#142,YAW,-0.49,GYRO,-12,46,-9,ACC,4,3,256,ADC,1284,395,6,2,"
34.3595,terug,0,MM0 ?A
34.3595,terug,0,MM1 ?A
34.3595,terug,0,MM0 A=0:0
34.3595,terug,0,MM1 A=0:0
34.3804,terug,0,"#143,YAW,-0.49,GYRO,-11,45,-6,ACC,6,0,258,ADC,1228,385,5,1,"
34.3805,terug,0,MM0 ?AI
34.3805,terug,0,MM1 ?AI
34.3805,terug,0,MM0 AI=0:0:2406:2421:0:0
34.3805,terug,0,MM1 AI=0:0:2329:2368:0:0
34.4145,terug,0,"#144,YAW,-0.49,GYRO,-13,45,-7,ACC,5,1,259,ADC,1256,381,5,2,"
34.4145,terug,0,MM0 !M 0 0PING
34.4146,terug,0,MM0 +
34.4146,terug,0,MM1 !M 0 0PING
34.4146,terug,0,MM1 +
34.4146,terug,0,MM0 ?C
34.4146,terug,0,MM1 ?C
34.4146,terug,0,MM0 C=22:-28
34.4146,terug,0,MM1 C=-28:28
34.4146,terug,0,MM0 !M 0 0
34.4146,terug,0,MM1 !M 0 0
34.4146,terug,0,MM0 +
34.4146,terug,0,MM1 +
34.4146,terug,0,"#145,YAW,-0.49,GYRO,-12,46,-6,ACC,6,0,258,ADC,1265,499,5,2,"
34.4146,terug,0,MM0 ?D
34.4146,terug,0,MM1 ?D
34.4146,terug,0,MM0 D=16
34.4146,terug,0,MM1 D=35
34.4356,terug,0,"#146,YAW,-0.49,GYRO,-12,44,-5,ACC,7,0,252,ADC,1238,389,4,2,"
34.4356,terug,0,MM0 ?FF
34.4356,terug,0,MM1 ?FF
34.4356,terug,0,MM0 FF=0
34.4356,terug,0,MM1 FF=0
34.4696,terug,0,"$GPRMC,113726.2,A,5050.50749,N,00419.37104,E,004.53,220.4,081026,000.4,E*57"
34.4696,terug,0,"#147,YAW,-0.49,GYRO,-12,46,-4,ACC,5,1,256,ADC,1258,403,7,1,"
34.4696,terug,0,MM0 !M 0 0
34.4696,terug,0,MM0 +
34.4696,terug,0,MM1 !M 0 0
34.4696,terug,0,MM1 +
34.4696,terug,0,MM0 ?P
34.4696,terug,0,MM1 ?P
34.4696,terug,0,MM0 P=0:0
34.4696,terug,0,MM1 P=0:0
34.4696,terug,0,"#148,YAW,-0.54,GYRO,-12,45,-5,ACC,5,0,254,ADC,1242,391,5,2,"
34.4697,terug,0,MM0 ?S
34.4697,terug,0,MM1 ?S
34.4697,terug,0,MM0 S=0:0
34.4697,terug,0,MM1 S=0:0
34.5228,terug,0,"#149,YAW,-0.54,GYRO,-11,46,-6,ACC,4,1,259,ADC,1252,389,7,2,"
34.5228,terug,0,MM1 ?T
34.5228,terug,0,MM0 ?T
34.5228,terug,0,MM0 T=35:34
34.5228,terug,0,MM1 T=36:33
34.5228,terug,0,MM0 !M 0 0
34.5228,terug,0,MM1 !M 0 0
34.5228,terug,0,MM1 +
34.5228,terug,0,MM0 +
34.5228,terug,0,"#150,YAW,-0.54,GYRO,-11,45,-6,ACC,5,0,255,ADC,1260,500,4,1,"
34.5228,terug,0,MM0 ?V
34.5228,terug,0,MM1 ?V
34.5228,terug,0,MM0 V=120:227:4904
34.5228,terug,0,MM1 V=120:225:4901
34.5734,terug,0,"#151,YAW,-0.54,GYRO,-12,46,-7,ACC,6,2,255,ADC,1185,380,4,1,"
34.5735,terug,0,MM0 ?CR
34.5735,terug,0,MM1 ?CR
34.5735,terug,0,MM0 CR=0:0
34.5735,terug,0,MM1 CR=0:0
34.5735,terug,0,"#152,YAW,-0.54,GYRO,-11,47,-7,ACC,4,3,258,ADC,1272,387,4,2,"
34.5735,terug,0,MM0 ?A
34.5735,terug,0,MM1 ?A
34.5735,terug,0,MM0 A=0:0
34.5735,terug,0,MM1 A=0:0
34.5735,terug,0,MM0 !M 0 0
34.5735,terug,0,MM1 !M 0 0
34.5735,terug,0,MM0 +
34.5735,terug,0,MM1 +
34.5735,terug,0,"#153,YAW,-0.54,GYRO,-11,47,-6,ACC,4,1,259,ADC,1283,392,7,2,"
34.5735,terug,0,MM0 ?AI
34.5735,terug,0,MM1 ?AI
34.5735,terug,0,MM0 AI=0:0:2402:2437:0:0
34.5735,terug,0,MM1 AI=0:0:2329:2331:0:0
34.6251,terug,0,"#154,YAW,-0.54,GYRO,-13,48,-5,ACC,2,3,258,ADC,1248,387,5,2,"
34.6252,terug,0,MM0 ?C
34.6252,terug,0,MM1 ?C
34.6252,terug,0,MM0 C=22:-28
34.6252,terug,0,MM1 C=-28:28
34.6252,terug,0,MM0 !M 0 0
34.6252,terug,0,MM1 !M 0 0
34.6252,terug,0,MM0 +
34.6252,terug,0,MM1 +
34.6252,terug,0,"#155,YAW,-0.54,GYRO,-11,46,-6,ACC,4,0,257,ADC,1200,381,7,2,"
34.6252,terug,0,MM0 ?D
34.6252,terug,0,MM1 ?D
34.6252,terug,0,MM0 D=16
34.6252,terug,0,MM1 D=35
34.6745,terug,0,"#156,YAW,-0.54,GYRO,-13,45,-6,ACC,4,2,257,ADC,1215,383,4,2,"
34.6745,terug,0,MM0 ?FF
34.6745,terug,0,MM1 ?FF
34.6745,terug,0,MM0 FF=0
34.6745,terug,0,MM1 FF=0
34.6745,terug,0,"$GPRMC,113726.4,A,5050.50740,N,00419.37065,E,004.23,221.9,081026,000.4,E*55"
34.6746,terug,0,"#157,YAW,-0.54,GYRO,-11,48,-6,ACC,6,0,258,ADC,1246,391,4,2,"
34.6746,terug,0,MM0 ?P
34.6746,terug,0,MM1 ?P
34.6746,terug,0,MM0 P=0:0
34.6746,terug,0,MM1 P=0:0
34.6746,terug,0,MM0 !M 0 0
34.6746,terug,0,MM1 !M 0 0
34.6746,terug,0,MM0 +
34.6746,terug,0,MM1 +
34.6746,terug,0,"#158,YAW,-0.59,GYRO,-12,46,-7,ACC,3,1,255,ADC,1226,381,5,2,"
34.6747,terug,0,MM0 ?S
34.6747,terug,0,MM1 ?S
34.6747,terug,0,MM0 S=0:0
34.6747,terug,0,MM1 S=0:0
34.7248,terug,0,"#159,YAW,-0.59,GYRO,-12,44,-6,ACC,5,0,255,ADC,1261,501,6,1,"
34.7249,terug,0,MM0 ?T
34.7249,terug,0,MM1 ?T
34.7249,terug,0,MM0 T=35:34
34.7249,terug,0,MM1 T=36:33
34.7249,terug,0,MM0 !M 0 0
34.7249,terug,0,MM1 !M 0 0
34.7249,terug,0,MM0 +
34.7249,terug,0,MM1 +
34.7249,terug,0,"#160,YAW,-0.59,GYRO,-14,48,-5,ACC,6,0,256,ADC,1272,502,9,1,"
34.7249,terug,0,MM0 ?V
34.7249,terug,0,MM1 ?V
34.7249,terug,0,MM0 V=120:227:4903
34.7249,terug,0,MM1 V=120:226:4901
34.7755,terug,0,"#161,YAW,-0.59,GYRO,-13,47,-6,ACC,6,2,256,ADC,1266,413,5,2,"
34.7756,terug,0,MM0 ?CR
34.7756,terug,0,MM1 ?CR
34.7756,terug,0,MM0 CR=0:0
34.7756,terug,0,MM1 CR=0:0
34.7756,terug,0,"#162,YAW,-0.59,GYRO,-13,44,-6,ACC,7,0,253,ADC,1245,500,5,1,"
34.7756,terug,0,MM0 ?A
34.7756,terug,0,MM1 ?A
34.7756,terug,0,MM0 A=0:0
34.7756,terug,0,MM1 A=0:0
34.7756,terug,0,MM0 !M 0 0
34.7756,terug,0,MM1 !M 0 0
34.7756,terug,0,MM0 +
34.7756,terug,0,MM1 +
34.7756,terug,0,"#163,YAW,-0.59,GYRO,-12,46,-6,ACC,3,0,255,ADC,1232,502,5,2,"
34.7756,terug,0,MM0 ?AI
34.7756,terug,0,MM1 ?AI
34.7756,terug,0,MM0 AI=0:0:2411:2428:0:0
34.7756,terug,0,MM1 AI=0:0:2324:2338:0:0
34.8257,terug,0,"#164,YAW,-0.59,GYRO,-12,47,-6,ACC,6,0,256,ADC,1206,384,5,2,"
34.8257,terug,0,MM0 ?C
34.8257,terug,0,MM1 ?C
34.8257,terug,0,MM0 C=22:-28
34.8258,terug,0,MM1 C=-28:28
34.8258,terug,0,MM0 !M 0 0
34.8258,terug,0,MM1 !M 0 0
34.8258,terug,0,MM0 +
34.8258,terug,0,MM1 +
34.8258,terug,0,"#165,YAW,-0.59,GYRO,-12,45,-7,ACC,5,0,258,ADC,1249,314,5,2,"
34.8258,terug,0,MM0 ?D
34.8258,terug,0,MM1 ?D
34.8258,terug,0,MM0 D=16
34.8258,terug,0,MM1 D=35
34.8756,terug,0,"#166,YAW,-0.59,GYRO,-12,46,-6,ACC,7,1,256,ADC,1262,499,8,2,"
34.8756,terug,0,MM0 ?FF
34.8756,terug,0,MM1 ?FF
34.8757,terug,0,MM0 FF=0
34.8757,terug,0,MM1 FF=0
34.8757,terug,0,"$GPRMC,113726.6,A,5050.50737,N,00419.37036,E,003.82,222.9,081026,000.4,E*5E"
34.8757,terug,0,"#167,YAW,-0.59,GYRO,-13,46,-6,ACC,6,1,258,ADC,1260,502,5,2,"
34.8757,terug,0,MM1 ?P
34.8757,terug,0,MM0 ?P
34.8757,terug,0,MM1 P=0:0
34.8757,terug,0,MM0 P=0:0
34.8757,terug,0,MM0 !M 0 0
34.8757,terug,0,MM1 !M 0 0
34.8757,terug,0,MM0 +
34.8757,terug,0,MM1 +
34.8757,terug,0,"#168,YAW,-0.64,GYRO,-13,47,-6,ACC,2,2,261,ADC,1257,387,5,2,"
34.8757,terug,0,MM0 ?S
34.8757,terug,0,MM1 ?S
34.8757,terug,0,MM0 S=0:0
34.8757,terug,0,MM1 S=0:0
34.9267,terug,0,"#169,YAW,-0.64,GYRO,-11,47,-6,ACC,3,0,255,ADC,1270,500,7,1,"
34.9268,terug,0,MM0 ?T
34.9268,terug,0,MM1 ?T
34.9268,terug,0,MM0 T=35:34
34.9268,terug,0,MM1 T=36:33
34.9268,terug,0,MM1 !M 0 0
34.9268,terug,0,MM0 !M 0 0
34.9268,terug,0,MM1 +
34.9268,terug,0,MM0 +
34.9268,terug,0,"#170,YAW,-0.64,GYRO,-13,45,-6,ACC,6,0,258,ADC,1270,366,5,2,"
34.9268,terug,0,MM0 ?V
34.9268,terug,0,MM1 ?V
34.9268,terug,0,MM0 V=120:227:4903
34.9268,terug,0,MM1 V=120:227:4901
34.9268,terug,0,"#171,YAW,-0.64,GYRO,-13,46,-7,ACC,5,0,259,ADC,1250,388,3,2,"
34.9783,terug,0,MM1 ?CR
34.9783,terug,0,MM0 ?CR
34.9783,terug,0,MM1 CR=0:0
34.9783,terug,0,MM0 CR=0:0
34.9783,terug,0,"#172,YAW,-0.64,GYRO,-13,46,-6,ACC,5,-1,257,ADC,1241,384,4,2,"
34.9783,terug,0,MM0 ?A
34.9783,terug,0,MM1 ?A
34.9783,terug,0,MM0 A=0:0
34.9783,terug,0,MM1 A=0:0
34.9783,terug,0,MM0 !M 0 0
34.9783,terug,0,MM1 !M 0 0
34.9783,terug,0,MM0 +
34.9783,terug,0,MM1 +
34.9783,terug,0,"#173,YAW,-0.64,GYRO,-12,45,-5,ACC,5,-2,257,ADC,1271,383,5,2,"
34.9784,terug,0,MM0 ?AI
34.9784,terug,0,MM1 ?AI
34.9784,terug,0,MM0 AI=0:0:2410:2408:0:0
34.9784,terug,0,MM1 AI=0:0:2340:2347:0:0
35.0286,terug,0,"#174,YAW,-0.64,GYRO,-13,46,-6,ACC,5,3,258,ADC,1242,399,4,2,"
35.0287,terug,0,MM0 ?C
35.0287,terug,0,MM1 ?C
35.0287,terug,0,MM0 C=22:-28
35.0287,terug,0,MM1 C=-28:28
35.0287,terug,0,MM0 !M 0 0
35.0287,terug,0,MM1 !M 0 0
35.0287,terug,0,MM0 +
35.0287,terug,0,MM1 +
35.0287,terug,0,"#175,YAW,-0.64,GYRO,-12,45,-7,ACC,6,1,258,ADC,1260,341,6,1,"
35.0287,terug,0,MM0 ?D
35.0287,terug,0,MM1 ?D
35.0287,terug,0,MM0 D=16
35.0287,terug,0,MM1 D=35
35.0287,terug,0,"#176,YAW,-0.64,GYRO,-13,44,-7,ACC,3,0,254,ADC,1241,384,5,2,"
35.0287,terug,0,MM0 ?FF
35.0287,terug,0,MM1 ?FF
35.0308,terug,0,STOP terug -6.4993
35.0805,uitbollen,0,MM0 FF=0
35.0806,uitbollen,0,MM1 FF=0
35.0806,uitbollen,0,"$GPRMC,113726.8,A,5050.50732,N,00419.37005,E,003.50,223.6,081026,000.4,E*54"
35.0806,uitbollen,0,"#177,YAW,-0.64,GYRO,-13,44,-6,ACC,3,3,253,ADC,1253,391,5,2,"
35.0806,uitbollen,0,MM1 ?P
35.0806,uitbollen,0,MM0 ?P
35.0806,uitbollen,0,MM1 P=0:0
35.0806,uitbollen,0,MM0 P=0:0
35.0806,uitbollen,0,MM1 !M 0 0
35.0806,uitbollen,0,MM0 !M 0 0
35.0806,uitbollen,0,MM1 +
35.0806,uitbollen,0,MM0 +
35.0806,uitbollen,0,"#178,YAW,-0.69,GYRO,-13,45,-6,ACC,4,0,257,ADC,1266,502,5,1,"
35.0806,uitbollen,0,MM0 ?S
35.0806,uitbollen,0,MM1 ?S
35.0806,uitbollen,0,MM0 S=0:0
35.0806,uitbollen,0,MM1 S=0:0
35.1002,uitbollen,0,"#179,YAW,-0.69,GYRO,-13,46,-6,ACC,3,2,260,ADC,1243,397,6,2,"
35.1002,uitbollen,0,MM0 ?T
35.1002,uitbollen,0,MM1 ?T
35.1002,uitbollen,0,MM0 T=35:34
35.1002,uitbollen,0,MM1 T=36:33
35.1214,uitbollen,0,"#180,YAW,-0.69,GYRO,-12,45,-7,ACC,4,2,265,ADC,1222,381,6,2,"
35.1214,uitbollen,0,MM0 ?V
35.1214,uitbollen,0,MM1 ?V
35.1215,uitbollen,0,MM0 V=120:225:4902
35.1215,uitbollen,0,MM1 V=120:226:4901
35.1416,uitbollen,0,"#181,YAW,-0.69,GYRO,-12,45,-6,ACC,5,1,258,ADC,1286,400,4,1,"
35.1416,uitbollen,0,MM1 ?CR
35.1416,uitbollen,0,MM0 ?CR
35.1416,uitbollen,0,MM1 CR=0:0
35.1416,uitbollen,0,MM0 CR=0:0
35.1765,uitbollen,0,"#182,YAW,-0.69,GYRO,-13,46,-7,ACC,4,2,258,ADC,1253,390,5,2,"
35.1765,uitbollen,0,MM1 ?A
35.1765,uitbollen,0,MM0 ?A
35.1765,uitbollen,0,MM1 A=0:0
35.1765,uitbollen,0,MM0 A=0:0
35.1765,uitbollen,0,MM0 !M 0 0
35.1765,uitbollen,0,MM1 !M 0 0
35.1765,uitbollen,0,MM0 +
35.1765,uitbollen,0,MM1 +
35.1765,uitbollen,0,"#183,YAW,-0.69,GYRO,-13,46,-7,ACC,4,1,256,ADC,1251,399,9,2,"
35.1766,uitbollen,0,MM1 ?AI
35.1766,uitbollen,0,MM0 ?AI
35.1766,uitbollen,0,MM1 AI=0:0:2336:2319:0:0
35.1766,uitbollen,0,MM0 AI=0:0:2422:2423:0:0
35.1975,uitbollen,0,"#184,YAW,-0.69,GYRO,-12,44,-7,ACC,3,0,257,ADC,1266,502,5,2,"
35.1975,uitbollen,0,MM1 ?C
35.1975,uitbollen,0,MM0 ?C
35.1975,uitbollen,0,MM1 C=-28:28
35.1975,uitbollen,0,MM0 C=22:-28
35.2236,uitbollen,0,"#185,YAW,-0.69,GYRO,-11,46,-8,ACC,7,1,256,ADC,1263,499,4,2,"
35.2237,uitbollen,0,MM1 ?D
35.2237,uitbollen,0,MM0 ?D
35.2237,uitbollen,0,MM1 D=35
35.2237,uitbollen,0,MM0 D=16
35.2394,uitbollen,0,"#186,YAW,-0.69,GYRO,-14,45,-5,ACC,4,2,255,ADC,1222,382,4,1,"
35.2394,uitbollen,0,MM1 ?FF
35.2394,uitbollen,0,MM0 ?FF
35.2394,uitbollen,0,MM1 FF=0
35.2394,uitbollen,0,MM0 FF=0
35.2394,uitbollen,0,"$GPRMC,113727.0,A,5050.50733,N,00419.36978,E,003.20,224.5,081026,000.4,E*5D"
35.2734,uitbollen,0,"#187,YAW,-0.69,GYRO,-12,47,-4,ACC,4,0,256,ADC,1247,384,5,2,"
35.2734,uitbollen,0,MM1 ?P
35.2734,uitbollen,0,MM0 ?P
35.2735,uitbollen,0,MM1 P=0:0
35.2735,uitbollen,0,MM0 P=0:0
35.2735,uitbollen,0,MM0 !M 0 0
35.2735,uitbollen,0,MM1 !M 0 0
35.2735,uitbollen,0,MM0 +
35.2735,uitbollen,0,MM1 +
35.2735,uitbollen,0,"#188,YAW,-0.74,GYRO,-12,47,-6,ACC,6,0,255,ADC,1249,500,4,1,"
35.2735,uitbollen,0,MM1 ?S
35.2735,uitbollen,0,MM0 ?S
35.2735,uitbollen,0,MM1 S=0:0
35.2735,uitbollen,0,MM0 S=0:0
35.3001,uitbollen,0,"#189,YAW,-0.74,GYRO,-12,45,-6,ACC,2,3,257,ADC,1243,383,5,2,"
35.3002,uitbollen,0,MM1 ?T
35.3002,uitbollen,0,MM0 ?T
35.3002,uitbollen,0,MM1 T=36:33
35.3002,uitbollen,0,MM0 T=35:34
35.3154,uitbollen,0,"#190,YAW,-0.74,GYRO,-13,46,-8,ACC,3,1,257,ADC,1297,389,4,2,"
35.3154,uitbollen,0,MM1 ?V
35.3154,uitbollen,0,MM0 ?V
35.3154,uitbollen,0,MM1 V=120:227:4901
35.3154,uitbollen,0,MM0 V=120:226:4902
35.3368,uitbollen,0,"#191,YAW,-0.74,GYRO,-11,45,-6,ACC,3,0,257,ADC,1266,387,6,2,"
35.3369,uitbollen,0,MM1 ?CR
35.3369,uitbollen,0,MM0 ?CR
35.3369,uitbollen,0,MM1 CR=0:0
35.3369,uitbollen,0,MM0 CR=0:0
35.3717,uitbollen,0,"#192,YAW,-0.74,GYRO,-12,48,-7,ACC,4,2,257,ADC,1233,381,5,2,"
35.3718,uitbollen,0,MM0 ?A
35.3718,uitbollen,0,MM1 ?A
35.3718,uitbollen,0,MM1 A=0:0
35.3718,uitbollen,0,MM0 A=0:0
35.3718,uitbollen,0,MM1 !M 0 0
35.3718,uitbollen,0,MM0 !M 0 0
35.3718,uitbollen,0,MM1 +
35.3718,uitbollen,0,MM0 +
35.3718,uitbollen,0,"#193,YAW,-0.74,GYRO,-12,46,-6,ACC,4,0,261,ADC,1270,503,3,2,"
35.3718,uitbollen,0,MM1 ?AI
35.3718,uitbollen,0,MM0 ?AI
35.3718,uitbollen,0,MM1 AI=0:0:2332:2329:0:0
35.3923,uitbollen,0,MM0 AI=0:0:2395:2422:0:0
35.3924,uitbollen,0,"#194,YAW,-0.74,GYRO,-11,48,-5,ACC,3,3,258,ADC,1255,385,5,1,"
35.3924,uitbollen,0,MM1 ?C
35.3924,uitbollen,0,MM0 ?C
35.3924,uitbollen,0,MM1 C=-28:28
35.3924,uitbollen,0,MM0 C=22:-28
35.4151,uitbollen,0,"#195,YAW,-0.74,GYRO,-11,46,-6,ACC,6,0,257,ADC,1223,384,4,2,"
35.4151,uitbollen,0,MM1 ?D
35.4151,uitbollen,0,MM0 ?D
35.4151,uitbollen,0,MM1 D=35
35.4151,uitbollen,0,MM0 D=16
35.4346,uitbollen,0,"#196,YAW,-0.74,GYRO,-12,46,-6,ACC,5,0,257,ADC,1251,381,4,1,"
35.4346,uitbollen,0,MM1 ?FF
35.4346,uitbollen,0,MM0 ?FF
35.4347,uitbollen,0,MM1 FF=0
35.4347,uitbollen,0,MM0 FF=0
35.4690,uitbollen,0,"$GPRMC,113727.2,A,5050.50732,N,00419.36965,E,002.59,225.2,081026,000.4,E*5B"
35.4690,uitbollen,0,MM0 !M 0 0
35.4690,uitbollen,0,MM1 !M 0 0
35.4690,uitbollen,0,MM0 +
35.4690,uitbollen,0,"#197,YAW,-0.74,GYRO,-12,47,-6,ACC,0,1,253,ADC,1257,426,5,2,"
35.4690,uitbollen,0,MM1 +
35.4690,uitbollen,0,MM0 ?P
35.4690,uitbollen,0,MM1 ?P
35.4690,uitbollen,0,MM0 P=0:0
35.4690,uitbollen,0,MM1 P=0:0
35.4690,uitbollen,0,"#198,YAW,-0.79,GYRO,-12,47,-5,ACC,2,2,256,ADC,1261,383,5,1,"
35.4691,uitbollen,0,MM1 ?S
35.4691,uitbollen,0,MM0 ?S
35.4691,uitbollen,0,MM1 S=0:0
35.4897,uitbollen,0,MM0 S=0:0
35.4897,uitbollen,0,"#199,YAW,-0.80,GYRO,-11,47,-5,ACC,5,0,257,ADC,1263,499,6,2,"
35.4897,uitbollen,0,MM1 ?T
35.4897,uitbollen,0,MM0 ?T
35.4897,uitbollen,0,MM1 T=36:33
35.4897,uitbollen,0,MM0 T=35:34
35.5107,uitbollen,0,"#200,YAW,-0.80,GYRO,-12,47,-5,ACC,5,0,254,ADC,1220,384,5,1,"
35.5108,uitbollen,0,MM1 ?V
35.5108,uitbollen,0,MM0 ?V
35.5108,uitbollen,0,MM1 V=120:227:4901
35.5314,uitbollen,0,MM0 V=120:230:4903
35.5314,uitbollen,0,"#201,YAW,-0.80,GYRO,-12,47,-6,ACC,4,-2,252,ADC,1239,500,5,2,"
35.5315,uitbollen,0,MM1 ?CR
35.5315,uitbollen,0,MM0 ?CR
35.5315,uitbollen,0,MM1 CR=0:0
35.5315,uitbollen,0,MM0 CR=0:0
35.5805,uitbollen,0,"#202,YAW,-0.80,GYRO,-10,47,-4,ACC,6,2,257,ADC,1271,496,5,2,"
35.5805,uitbollen,0,MM1 ?A
35.5805,uitbollen,0,MM0 ?A
35.5805,uitbollen,0,MM1 A=0:0
35.5805,uitbollen,0,MM0 A=0:0
35.5805,uitbollen,0,MM0 !M 0 0
35.5805,uitbollen,0,MM1 !M 0 0
35.5805,uitbollen,0,MM0 +
35.5805,uitbollen,0,MM1 +
35.5805,uitbollen,0,"#203,YAW,-0.80,GYRO,-13,44,-5,ACC,6,2,263,ADC,1307,392,5,2,"
35.5805,uitbollen,0,MM1 ?AI
35.5806,uitbollen,0,MM0 ?AI
35.5806,uitbollen,0,MM1 AI=0:0:2345:2322:0:0
35.5806,uitbollen,0,MM0 AI=0:0:2405:2430:0:0
35.6016,uitbollen,0,"#204,YAW,-0.80,GYRO,-12,47,-6,ACC,5,3,260,ADC,1258,383,5,1,"
35.6017,uitbollen,0,MM1 ?C
35.6017,uitbollen,0,MM0 ?C
35.6017,uitbollen,0,MM1 C=-28:28
35.6017,uitbollen,0,MM0 C=22:-28
35.6226,uitbollen,0,"#205,YAW,-0.80,GYRO,-12,47,-6,ACC,3,3,255,ADC,1275,496,6,2,"
35.6226,uitbollen,0,MM1 ?D
35.6226,uitbollen,0,MM0 ?D
35.6226,uitbollen,0,MM1 D=35
35.6226,uitbollen,0,MM0 D=24
35.6436,uitbollen,0,"#206,YAW,-0.80,GYRO,-13,46,-6,ACC,6,1,258,ADC,1267,499,4,1,"
35.6437,uitbollen,0,MM1 ?FF
35.6437,uitbollen,0,MM0 ?FF
35.6437,uitbollen,0,MM1 FF=0
35.6437,uitbollen,0,MM0 FF=0
35.6437,uitbollen,0,"$GPRMC,113727.4,A,5050.50732,N,00419.36955,E,002.21,225.9,081026,000.4,E*5A"
35.6777,uitbollen,0,"#207,YAW,-0.80,GYRO,-12,47,-6,ACC,4,2,258,ADC,1249,381,3,1,"
35.6777,uitbollen,0,MM0 ?P
35.6777,uitbollen,0,MM1 ?P
35.6778,uitbollen,0,MM0 P=0:0
35.6778,uitbollen,0,MM1 P=0:0
35.6778,uitbollen,0,MM0 !M 0 0
35.6778,uitbollen,0,MM1 !M 0 0
35.6778,uitbollen,0,MM0 +
35.6778,uitbollen,0,MM1 +
35.6778,uitbollen,0,"#208,YAW,-0.85,GYRO,-12,47,-6,ACC,6,0,259,ADC,1251,381,4,1,"
35.6778,uitbollen,0,MM1 ?S
35.6778,uitbollen,0,MM0 ?S
35.6778,uitbollen,0,MM1 S=0:0
35.6778,uitbollen,0,MM0 S=0:0
35.6986,uitbollen,0,"#209,YAW,-0.85,GYRO,-11,47,-7,ACC,3,2,257,ADC,1242,502,4,2,"
35.6986,uitbollen,0,MM1 ?T
35.6986,uitbollen,0,MM0 ?T
35.6986,uitbollen,0,MM1 T=36:33
35.6986,uitbollen,0,MM0 T=35:34
35.7196,uitbollen,0,"#210,YAW,-0.85,GYRO,-13,47,-7,ACC,6,3,259,ADC,1255,499,4,1,"
35.7197,uitbollen,0,MM1 ?V
35.7197,uitbollen,0,MM0 ?V
35.7197,uitbollen,0,MM1 V=120:226:4901
35.7197,uitbollen,0,MM0 V=120:227:4902
35.7403,uitbollen,0,"#211,YAW,-0.85,GYRO,-12,45,-7,ACC,5,2,256,ADC,1248,389,4,2,"
35.7404,uitbollen,0,MM0 ?CR
35.7404,uitbollen,0,MM1 ?CR
35.7404,uitbollen,0,MM0 CR=0:0
35.7404,uitbollen,0,MM1 CR=0:0
35.7745,uitbollen,0,"#212,YAW,-0.85,GYRO,-13,46,-6,ACC,4,1,257,ADC,1250,499,4,2,"
35.7745,uitbollen,0,MM0 ?A
35.7745,uitbollen,0,MM1 ?A
35.7745,uitbollen,0,MM0 A=0:0
35.7745,uitbollen,0,MM1 A=0:0
35.7745,uitbollen,0,MM1 !M 0 0
35.7745,uitbollen,0,MM0 !M 0 0
35.7745,uitbollen,0,MM1 +
35.7745,uitbollen,0,MM0 +
35.7745,uitbollen,0,"#213,YAW,-0.85,GYRO,-11,47,-7,ACC,8,1,260,ADC,1265,386,6,2,"
35.7745,uitbollen,0,MM0 ?AI
35.7746,uitbollen,0,MM1 ?AI
35.7746,uitbollen,0,MM0 AI=0:0:2415:2414:0:0
35.7746,uitbollen,0,MM1 AI=0:0:2308:2328:0:0
35.7967,uitbollen,0,"#214,YAW,-0.85,GYRO,-13,48,-6,ACC,4,0,258,ADC,1262,391,4,1,"
35.7967,uitbollen,0,MM0 ?C
35.7967,uitbollen,0,MM1 ?C
35.7967,uitbollen,0,MM0 C=22:-28
35.7967,uitbollen,0,MM1 C=-28:28
35.8166,uitbollen,0,"#215,YAW,-0.85,GYRO,-13,46,-6,ACC,1,0,257,ADC,1240,384,4,2,"
35.8166,uitbollen,0,MM0 ?D
35.8166,uitbollen,0,MM1 ?D
35.8166,uitbollen,0,MM0 D=16
35.8166,uitbollen,0,MM1 D=35
35.8394,uitbollen,0,"#216,YAW,-0.85,GYRO,-11,47,-6,ACC,5,1,256,ADC,1232,383,5,1,"
35.8394,uitbollen,0,MM0 ?FF
35.8395,uitbollen,0,MM1 ?FF
35.8395,uitbollen,0,MM0 FF=0
35.8395,uitbollen,0,MM1 FF=0
35.8395,uitbollen,0,"$GPRMC,113727.6,A,5050.50741,N,00419.36943,E,001.88,227.0,081026,000.4,E*50"
35.8733,uitbollen,0,"#217,YAW,-0.85,GYRO,-13,46,-6,ACC,5,2,257,ADC,1242,500,6,2,"
35.8733,uitbollen,0,MM0 ?P
35.8734,uitbollen,0,MM1 ?P
35.8734,uitbollen,0,MM0 P=0:0
35.8734,uitbollen,0,MM1 P=0:0
35.8734,uitbollen,0,MM1 !M 0 0
35.8734,uitbollen,0,MM0 !M 0 0
35.8734,uitbollen,0,MM1 +
35.8734,uitbollen,0,MM0 +
35.8734,uitbollen,0,"#218,YAW,-0.90,GYRO,-13,49,-6,ACC,5,0,258,ADC,1222,392,6,2,"
35.8734,uitbollen,0,MM0 ?S
35.8734,uitbollen,0,MM1 ?S
35.8734,uitbollen,0,MM1 S=0:0
35.8734,uitbollen,0,MM0 S=0:0
35.8944,uitbollen,0,"#219,YAW,-0.90,GYRO,-13,45,-6,ACC,3,-1,258,ADC,1270,500,7,2,"
35.8945,uitbollen,0,MM0 ?T
35.8945,uitbollen,0,MM1 ?T
35.8945,uitbollen,0,MM0 T=35:34
35.8945,uitbollen,0,MM1 T=36:33
35.9154,uitbollen,0,"#220,YAW,-0.90,GYRO,-12,46,-8,ACC,6,1,260,ADC,1317,500,5,2,"
35.9155,uitbollen,0,MM0 ?V
35.9155,uitbollen,0,MM1 ?V
35.9155,uitbollen,0,MM0 V=120:227:4902
35.9155,uitbollen,0,MM1 V=120:225:4901
35.9406,uitbollen,0,"#221,YAW,-0.90,GYRO,-11,47,-7,ACC,3,0,258,ADC,1233,383,8,2,"
35.9406,uitbollen,0,MM0 ?CR
35.9406,uitbollen,0,MM1 ?CR
35.9406,uitbollen,0,MM0 CR=0:0
35.9406,uitbollen,0,MM1 CR=0:0
35.9745,uitbollen,0,"#222,YAW,-0.90,GYRO,-12,48,-7,ACC,4,2,258,ADC,1249,412,5,2,"
35.9745,uitbollen,0,MM0 ?A
35.9745,uitbollen,0,MM1 ?A
35.9745,uitbollen,0,MM0 A=0:0
35.9745,uitbollen,0,MM1 A=0:0
35.9745,uitbollen,0,MM0 !M 0 0
35.9745,uitbollen,0,MM1 !M 0 0
35.9745,uitbollen,0,MM0 +
35.9745,uitbollen,0,MM1 +
35.9745,uitbollen,0,"#223,YAW,-0.90,GYRO,-13,46,-6,ACC,5,2,255,ADC,1274,386,3,2,"
35.9745,uitbollen,0,MM0 ?AI
35.9745,uitbollen,0,MM1 ?AI
35.9745,uitbollen,0,MM0 AI=0:0:2409:2419:0:0
35.9745,uitbollen,0,MM1 AI=0:0:2338:2325:0:0
35.9954,uitbollen,0,"#224,YAW,-0.90,GYRO,-12,45,-7,ACC,6,0,257,ADC,1253,397,5,1,"
35.9955,uitbollen,0,MM0 ?C
35.9955,uitbollen,0,MM1 ?C
35.9955,uitbollen,0,MM0 C=22:-28
35.9955,uitbollen,0,MM1 C=-28:28
36.0164,uitbollen,0,"#225,YAW,-0.90,GYRO,-12,47,-7,ACC,6,1,258,ADC,1286,501,5,2,"
36.0164,uitbollen,0,MM0 ?D
36.0165,uitbollen,0,MM1 ?D
36.0165,uitbollen,0,MM0 D=16
36.0165,uitbollen,0,MM1 D=35
36.0429,uitbollen,0,"#226,YAW,-0.90,GYRO,-11,45,-6,ACC,2,1,255,ADC,1241,383,3,1,"
36.0430,uitbollen,0,MM0 ?FF
36.0430,uitbollen,0,MM1 ?FF
36.0430,uitbollen,0,MM0 FF=0
36.0430,uitbollen,0,MM1 FF=0
36.0430,uitbollen,0,"$GPRMC,113727.8,A,5050.50754,N,00419.36925,E,001.65,228.4,081026,000.4,E*52"
36.0791,uitbollen,0,"#227,YAW,-0.90,GYRO,-14,46,-7,ACC,5,2,256,ADC,1265,393,5,1,"
36.0792,uitbollen,0,MM0 ?P
36.0792,uitbollen,0,MM1 ?P
36.0792,uitbollen,0,MM0 P=0:0
36.0792,uitbollen,0,MM1 P=0:0
36.0792,uitbollen,0,MM0 !M 0 0
36.0792,uitbollen,0,MM1 !M 0 0
36.0792,uitbollen,0,MM0 +
36.0792,uitbollen,0,MM1 +
36.0792,uitbollen,0,"#228,YAW,-0.95,GYRO,-12,45,-7,ACC,4,0,258,ADC,1251,503,5,1,"
36.0792,uitbollen,0,MM0 ?S
36.0792,uitbollen,0,MM1 ?S
36.0792,uitbollen,0,MM0 S=0:0
36.0792,uitbollen,0,MM1 S=0:0
36.0995,uitbollen,0,"#229,YAW,-0.95,GYRO,-12,46,-7,ACC,3,1,256,ADC,1240,496,4,2,"
36.0995,uitbollen,0,MM0 ?T
36.0995,uitbollen,0,MM1 ?T
36.0995,uitbollen,0,MM0 T=35:34
36.0995,uitbollen,0,MM1 T=36:33
36.1196,uitbollen,0,"#230,YAW,-0.95,GYRO,-12,47,-7,ACC,3,1,255,ADC,1266,501,4,1,"
36.1197,uitbollen,0,MM0 ?V
36.1197,uitbollen,0,MM1 ?V
36.1197,uitbollen,0,MM0 V=120:227:4902
36.1197,uitbollen,0,MM1 V=120:227:4901
36.1455,uitbollen,0,"#231,YAW,-0.95,GYRO,-12,47,-6,ACC,5,1,260,ADC,1273,388,4,1,"
36.1455,uitbollen,0,MM0 ?CR
36.1455,uitbollen,0,MM1 ?CR
36.1455,uitbollen,0,MM0 CR=0:0
36.1455,uitbollen,0,MM1 CR=0:0
36.1795,uitbollen,0,"#232,YAW,-0.95,GYRO,-13,46,-6,ACC,6,4,260,ADC,1248,395,5,2,"
36.1795,uitbollen,0,MM0 ?A
36.1795,uitbollen,0,MM1 ?A
36.1795,uitbollen,0,MM0 A=0:0
36.1795,uitbollen,0,MM1 A=0:0
36.1795,uitbollen,0,MM0 !M 0 0
36.1795,uitbollen,0,MM1 !M 0 0
36.1795,uitbollen,0,MM0 +
36.1795,uitbollen,0,MM1 +
36.1795,uitbollen,0,"#233,YAW,-0.95,GYRO,-12,46,-6,ACC,3,1,253,ADC,1270,382,5,1,"
36.1795,uitbollen,0,MM0 ?AI
36.1795,uitbollen,0,MM1 ?AI
36.1795,uitbollen,0,MM0 AI=0:0:2401:2428:0:0
36.1795,uitbollen,0,MM1 AI=0:0:2334:2313:0:0
36.2004,uitbollen,0,"#234,YAW,-0.95,GYRO,-12,44,-8,ACC,4,1,261,ADC,1221,490,5,1,"
36.2004,uitbollen,0,MM0 ?C
36.2004,uitbollen,0,MM1 ?C
36.2004,uitbollen,0,MM0 C=22:-28
36.2004,uitbollen,0,MM1 C=-28:28
36.2218,uitbollen,0,"#235,YAW,-0.95,GYRO,-10,47,-5,ACC,6,0,256,ADC,1267,386,7,2,"
36.2219,uitbollen,0,MM0 ?D
36.2219,uitbollen,0,MM1 ?D
36.2219,uitbollen,0,MM0 D=16
36.2219,uitbollen,0,MM1 D=35
36.2495,uitbollen,0,"#236,YAW,-0.95,GYRO,-13,46,-6,ACC,6,0,257,ADC,1270,502,5,2,"
36.2495,uitbollen,0,MM0 ?FF
36.2496,uitbollen,0,MM1 ?FF
36.2496,uitbollen,0,MM0 FF=0
36.2496,uitbollen,0,MM1 FF=0
36.2496,uitbollen,0,"$GPRMC,113728.0,A,5050.50758,N,00419.36905,E,001.58,229.9,081026,000.4,E*59"
36.2635,uitbollen,0,"#237,YAW,-0.95,GYRO,-12,45,-6,ACC,6,0,254,ADC,1254,411,5,2,"
36.2636,uitbollen,0,MM0 ?P
36.2636,uitbollen,0,MM1 ?P
36.2636,uitbollen,0,MM0 P=0:0
36.2636,uitbollen,0,MM1 P=0:0
36.2636,uitbollen,0,MM1 !M 0 0
36.2636,uitbollen,0,MM0 !M 0 0
36.2636,uitbollen,0,MM1 +
36.2636,uitbollen,0,MM0 +
36.2851,uitbollen,0,"#238,YAW,-1.00,GYRO,-13,47,-6,ACC,6,1,259,ADC,1266,387,5,1,"
36.2852,uitbollen,0,MM0 ?S
36.2852,uitbollen,0,MM1 ?S
36.2852,uitbollen,0,MM0 S=0:0
36.2852,uitbollen,0,MM1 S=0:0
36.3059,uitbollen,0,"#239,YAW,-1.00,GYRO,-12,48,-5,ACC,3,1,258,ADC,1299,499,4,2,"
36.3059,uitbollen,0,MM0 ?T
36.3059,uitbollen,0,MM1 ?T
36.3059,uitbollen,0,MM0 T=35:34
36.3059,uitbollen,0,MM1 T=36:33
36.3266,uitbollen,0,"#240,YAW,-1.00,GYRO,-12,47,-6,ACC,4,1,259,ADC,1246,389,4,2,"
36.3266,uitbollen,0,MM0 ?V
36.3266,uitbollen,0,MM1 ?V
36.3266,uitbollen,0,MM0 V=120:226:4902
36.3267,uitbollen,0,MM1 V=120:225:4900
36.3267,uitbollen,0,"#241,YAW,-1.00,GYRO,-11,48,-7,ACC,5,1,259,ADC,1254,384,6,1,"
36.3502,uitbollen,0,MM0 ?CR
36.3502,uitbollen,0,MM1 ?CR
36.3502,uitbollen,0,MM0 CR=0:0
36.3502,uitbollen,0,MM1 CR=0:0
36.3502,uitbollen,0,"#242,YAW,-1.00,GYRO,-11,46,-7,ACC,5,2,259,ADC,1276,392,6,1,"
36.3502,uitbollen,0,MM0 ?A
36.3502,uitbollen,0,MM1 ?A
36.3845,uitbollen,0,MM0 A=0:0
36.3845,uitbollen,0,MM1 A=0:0
36.3845,uitbollen,0,MM1 !M 0 0
36.3845,uitbollen,0,MM0 !M 0 0
36.3845,uitbollen,0,MM1 +
36.3845,uitbollen,0,MM0 +
36.3845,uitbollen,0,"#243,YAW,-1.00,GYRO,-12,47,-5,ACC,4,0,258,ADC,1254,494,7,2,"
36.3845,uitbollen,0,MM0 ?AI
36.3845,uitbollen,0,MM1 ?AI
36.3845,uitbollen,0,MM0 AI=0:0:2425:2411:0:0
36.3845,uitbollen,0,MM1 AI=0:0:2332:2337:0:0
36.4056,uitbollen,0,"#244,YAW,-1.00,GYRO,-13,45,-7,ACC,2,1,257,ADC,1276,386,5,1,"
36.4057,uitbollen,0,MM0 ?C
36.4057,uitbollen,0,MM1 ?C
36.4057,uitbollen,0,MM0 C=22:-28
36.4057,uitbollen,0,MM1 C=-28:28
36.4266,uitbollen,0,"#245,YAW,-1.01,GYRO,-11,45,-6,ACC,5,0,257,ADC,1240,383,5,2,"
36.4266,uitbollen,0,MM0 ?D
36.4266,uitbollen,0,MM1 ?D
36.4266,uitbollen,0,MM0 D=16
36.4266,uitbollen,0,MM1 D=35
36.4266,uitbollen,0,"#246,YAW,-1.01,GYRO,-13,45,-5,ACC,6,2,262,ADC,1245,387,4,1,"
36.4526,uitbollen,0,MM0 ?FF
36.4526,uitbollen,0,MM1 ?FF
36.4526,uitbollen,0,MM0 FF=0
36.4526,uitbollen,0,MM1 FF=0
36.4526,uitbollen,0,"$GPRMC,113728.2,A,5050.50766,N,00419.36905,E,001.26,231.5,081026,000.4,E*5A"
36.4526,uitbollen,0,"#247,YAW,-1.01,GYRO,-12,46,-6,ACC,4,1,255,ADC,1232,384,4,2,"
36.4526,uitbollen,0,MM0 ?P
36.4526,uitbollen,0,MM1 ?P
36.4866,uitbollen,0,MM0 P=0:0
36.4866,uitbollen,0,MM1 P=0:0
36.4866,uitbollen,0,MM0 !M 0 0
36.4866,uitbollen,0,MM1 !M 0 0
36.4866,uitbollen,0,MM0 +
36.4866,uitbollen,0,MM1 +
36.4866,uitbollen,0,"#248,YAW,-1.05,GYRO,-13,46,-6,ACC,5,2,258,ADC,1254,351,4,2,"
36.4866,uitbollen,0,MM0 ?S
36.4866,uitbollen,0,MM1 ?S
36.4866,uitbollen,0,MM0 S=0:0
36.4866,uitbollen,0,MM1 S=0:0
36.4866,uitbollen,0,"#249,YAW,-1.05,GYRO,-11,47,-7,ACC,5,2,255,ADC,1299,498,4,1,"
36.5075,uitbollen,0,MM0 ?T
36.5075,uitbollen,0,MM1 ?T
36.5075,uitbollen,0,MM0 T=35:34
36.5076,uitbollen,0,MM1 T=36:33
36.5076,uitbollen,0,"#250,YAW,-1.05,GYRO,-12,47,-7,ACC,5,1,259,ADC,1218,382,5,1,"
36.5076,uitbollen,0,MM0 ?V
36.5076,uitbollen,0,MM1 ?V
36.5286,uitbollen,0,MM0 V=120:227:4902
36.5286,uitbollen,0,MM1 V=120:226:4900
36.5287,uitbollen,0,"#251,YAW,-1.05,GYRO,-12,46,-7,ACC,7,1,254,ADC,1254,399,4,1,"
36.5287,uitbollen,0,MM0 ?CR
36.5287,uitbollen,0,MM1 ?CR
36.5287,uitbollen,0,MM0 CR=0:0
36.5549,uitbollen,0,MM1 CR=0:0
36.5549,uitbollen,0,"#252,YAW,-1.05,GYRO,-11,43,-5,ACC,2,1,260,ADC,1312,390,6,2,"
36.5550,uitbollen,0,MM0 ?A
36.5550,uitbollen,0,MM1 ?A
36.5550,uitbollen,0,MM0 A=0:0
36.5550,uitbollen,0,MM1 A=0:0
36.5897,uitbollen,0,"#253,YAW,-1.05,GYRO,-12,47,-4,ACC,3,2,259,ADC,1259,381,6,2,"
36.5897,uitbollen,0,MM0 !M 0 0
36.5897,uitbollen,0,MM0 +
36.5897,uitbollen,0,MM1 !M 0 0
36.5897,uitbollen,0,MM1 +
36.5897,uitbollen,0,MM0 ?AI
36.5898,uitbollen,0,MM1 ?AI
36.5898,uitbollen,0,MM0 AI=0:0:2430:2403:0:0
36.5898,uitbollen,0,MM1 AI=0:0:2344:2361:0:0
36.5898,uitbollen,0,"#254,YAW,-1.05,GYRO,-12,47,-6,ACC,4,2,258,ADC,1261,498,5,2,"
36.5898,uitbollen,0,MM0 ?C
36.5898,uitbollen,0,MM1 ?C
36.5898,uitbollen,0,MM0 C=22:-28
36.6104,uitbollen,0,MM1 C=-28:28
36.6104,uitbollen,0,"#255,YAW,-1.06,GYRO,-13,45,-5,ACC,5,0,257,ADC,1255,393,5,2,"
36.6104,uitbollen,0,MM0 ?D
36.6104,uitbollen,0,MM1 ?D
36.6104,uitbollen,0,MM0 D=16
36.6104,uitbollen,0,MM1 D=35
36.6315,uitbollen,0,"#0,YAW,-1.06,GYRO,-12,44,-7,ACC,4,0,256,ADC,1248,389,6,1,"
36.6315,uitbollen,0,MM0 ?FF
36.6315,uitbollen,0,MM1 ?FF
36.6315,uitbollen,0,MM0 FF=0
36.6315,uitbollen,0,MM1 FF=0
36.6573,uitbollen,0,"$GPRMC,113728.4,A,5050.50772,N,00419.36902,E,001.25,233.3,081026,000.4,E*59"
36.6574,uitbollen,0,"#1,YAW,-1.06,GYRO,-12,47,-7,ACC,2,-1,260,ADC,1271,497,5,2,"
36.6574,uitbollen,0,MM0 ?P
36.6574,uitbollen,0,MM1 ?P
36.6574,uitbollen,0,MM0 P=0:0
36.6574,uitbollen,0,MM1 P=0:0
36.6914,uitbollen,0,"#2,YAW,-1.10,GYRO,-12,44,-6,ACC,4,-1,259,ADC,1237,382,5,2,"
36.6914,uitbollen,0,MM0 ?S
36.6914,uitbollen,0,MM1 ?S
36.6914,uitbollen,0,MM0 S=0:0
36.6914,uitbollen,0,MM1 S=0:0
36.6914,uitbollen,0,MM0 !M 0 0
36.6914,uitbollen,0,MM1 !M 0 0
36.6914,uitbollen,0,MM0 +
36.6915,uitbollen,0,MM1 +
36.6915,uitbollen,0,"#3,YAW,-1.10,GYRO,-12,46,-5,ACC,4,1,255,ADC,1214,380,5,1,"
36.6915,uitbollen,0,MM0 ?T
36.6915,uitbollen,0,MM1 ?T
36.6916,uitbollen,0,MM0 T=35:34
36.6916,uitbollen,0,MM1 T=36:33
36.7127,uitbollen,0,"#4,YAW,-1.10,GYRO,-12,45,-6,ACC,4,3,261,ADC,1208,382,6,2,"
36.7127,uitbollen,0,MM0 ?V
36.7127,uitbollen,0,MM1 ?V
36.7127,uitbollen,0,MM0 V=120:227:4902
36.7127,uitbollen,0,MM1 V=120:227:4901
36.7334,uitbollen,0,"#5,YAW,-1.10,GYRO,-12,47,-7,ACC,5,0,255,ADC,1217,385,4,2,"
36.7334,uitbollen,0,MM0 ?CR
36.7334,uitbollen,0,MM1 ?CR
36.7334,uitbollen,0,MM0 CR=0:0
36.7334,uitbollen,0,MM1 CR=0:0
36.7932,uitbollen,0,"#6,YAW,-1.10,GYRO,-11,44,-6,ACC,8,1,257,ADC,1216,381,4,1,"
36.7932,uitbollen,0,MM0 ?A
36.7932,uitbollen,0,MM1 ?A
36.7932,uitbollen,0,MM0 A=0:0
36.7932,uitbollen,0,MM1 A=0:0
36.7932,uitbollen,0,"#7,YAW,-1.10,GYRO,-12,46,-8,ACC,7,0,259,ADC,1258,391,5,2,"
36.7933,uitbollen,0,MM0 ?AI
36.7933,uitbollen,0,MM1 ?AI
36.7933,uitbollen,0,MM0 AI=0:0:2410:2428:0:0
36.7933,uitbollen,0,MM1 AI=0:0:2335:2317:0:0
36.7933,uitbollen,0,MM0 !M 0 0
36.7933,uitbollen,0,MM1 !M 0 0
36.7933,uitbollen,0,MM0 +
36.7933,uitbollen,0,MM1 +
36.7933,uitbollen,0,"#8,YAW,-1.10,GYRO,-13,48,-7,ACC,3,0,257,ADC,1225,381,4,3,"
36.7933,uitbollen,0,MM0 ?C
36.7933,uitbollen,0,MM1 ?C
36.7933,uitbollen,0,MM0 C=22:-28
36.7933,uitbollen,0,MM1 C=-28:28
36.8146,uitbollen,0,"#9,YAW,-1.10,GYRO,-11,45,-6,ACC,6,-2,256,ADC,1190,379,5,2,"
36.8147,uitbollen,0,MM0 ?D
36.8147,uitbollen,0,MM1 ?D
36.8147,uitbollen,0,MM0 D=16
36.8147,uitbollen,0,MM1 D=35
36.8356,uitbollen,0,"#10,YAW,-1.10,GYRO,-12,44,-7,ACC,4,0,254,ADC,1293,500,4,2,"
36.8356,uitbollen,0,MM0 ?FF
36.8356,uitbollen,0,MM1 ?FF
36.8356,uitbollen,0,MM0 FF=0
36.8356,uitbollen,0,MM1 FF=0
36.8904,uitbollen,0,"$GPRMC,113728.6,A,5050.50779,N,00419.36900,E,001.18,235.1,081026,000.4,E*58"
36.8904,uitbollen,0,"#11,YAW,-1.10,GYRO,-12,45,-5,ACC,3,1,258,ADC,1286,383,5,2,"
36.8904,uitbollen,0,MM0 ?P
36.8904,uitbollen,0,MM1 ?P
36.8904,uitbollen,0,MM0 P=0:0
36.8904,uitbollen,0,MM1 P=0:0
36.8904,uitbollen,0,MM0 !M 0 0
36.8904,uitbollen,0,MM1 !M 0 0
36.8904,uitbollen,0,MM0 +
36.8904,uitbollen,0,MM1 +
36.8904,uitbollen,0,"#12,YAW,-1.15,GYRO,-10,45,-6,ACC,4,1,258,ADC,1242,333,5,2,"
36.8904,uitbollen,0,MM0 ?S
36.8905,uitbollen,0,MM1 ?S
36.8905,uitbollen,0,MM0 S=0:0
36.8905,uitbollen,0,MM1 S=0:0
36.8905,uitbollen,0,"#13,YAW,-1.15,GYRO,-12,46,-6,ACC,4,2,244,ADC,1232,388,5,2,"
36.8905,uitbollen,0,MM0 ?T
36.8905,uitbollen,0,MM1 ?T
36.8905,uitbollen,0,MM0 T=35:34
36.9095,uitbollen,0,MM1 T=36:33
36.9095,uitbollen,0,"#14,YAW,-1.15,GYRO,-11,47,-6,ACC,2,3,258,ADC,1239,383,5,1,"
36.9095,uitbollen,0,MM0 ?V
36.9095,uitbollen,0,MM1 ?V
36.9096,uitbollen,0,MM0 V=120:227:4902
36.9304,uitbollen,0,MM1 V=120:225:4900
36.9304,uitbollen,0,"#15,YAW,-1.15,GYRO,-12,44,-6,ACC,6,0,258,ADC,1216,383,5,2,"
36.9305,uitbollen,0,MM0 ?CR
36.9305,uitbollen,0,MM1 ?CR
36.9305,uitbollen,0,MM0 CR=0:0
36.9305,uitbollen,0,MM1 CR=0:0
36.9516,uitbollen,0,"#16,YAW,-1.15,GYRO,-13,47,-7,ACC,4,2,254,ADC,1247,380,4,2,"
36.9517,uitbollen,0,MM0 ?A
36.9517,uitbollen,0,MM1 ?A
36.9517,uitbollen,0,MM0 A=0:0
36.9517,uitbollen,0,MM1 A=0:0
36.9856,uitbollen,0,MM0 !M 0 0
36.9856,uitbollen,0,MM1 !M 0 0
36.9856,uitbollen,0,MM0 +
36.9856,uitbollen,0,MM1 +
36.9856,uitbollen,0,"#17,YAW,-1.15,GYRO,-13,45,-6,ACC,3,1,256,ADC,1263,332,8,2,"
36.9856,uitbollen,0,MM0 ?AI
36.9856,uitbollen,0,MM1 ?AI
36.9856,uitbollen,0,MM0 AI=0:0:2432:2420:0:0
36.9856,uitbollen,0,MM1 AI=0:0:2333:2311:0:0
37.0066,uitbollen,0,"#18,YAW,-1.15,GYRO,-13,46,-5,ACC,5,2,255,ADC,1267,387,5,1,"
37.0066,uitbollen,0,MM0 ?C
37.0066,uitbollen,0,MM1 ?C
37.0066,uitbollen,0,MM0 C=22:-28
37.0066,uitbollen,0,MM1 C=-28:28
37.0066,uitbollen,0,"#19,YAW,-1.15,GYRO,-12,49,-6,ACC,4,1,255,ADC,1249,384,4,2,"
37.0066,uitbollen,0,MM0 ?D
37.0273,uitbollen,0,MM1 ?D
37.0273,uitbollen,0,MM0 D=16
37.0273,uitbollen,0,MM1 D=35
37.0273,uitbollen,0,"#20,YAW,-1.15,GYRO,-13,46,-7,ACC,3,1,257,ADC,1266,390,5,1,"
37.0273,uitbollen,0,MM0 ?FF
37.0273,uitbollen,0,MM1 ?FF
