t,fase,vermogen,regel
0.0369,rust,0,MM0 !M 0 0
0.0369,rust,0,MM1 !M 0 0
0.0369,rust,0,MM0 +
0.0369,rust,0,MM1 +
0.0369,rust,0,"#235,YAW,2.54,GYRO,-9,45,-9,ACC,2,2,255,ADC,1283,376,5,2,"
0.0369,rust,0,MM0 ?T
0.0369,rust,0,MM1 ?T
0.0369,rust,0,MM0 T=35:34
0.0369,rust,0,MM1 T=36:33
0.0369,rust,0,MM0 !EX
0.0369,rust,0,MM1 !EX
0.0369,rust,0,MM0 +
0.0369,rust,0,MM1 +
0.0369,rust,0,"#236,YAW,2.54,GYRO,-7,47,-9,ACC,0,0,253,ADC,1231,384,4,2,"
0.0370,rust,0,MM0 ?V
0.0370,rust,0,MM1 ?V
0.0370,rust,0,MM0 V=120:224:4903
0.0370,rust,0,MM1 V=120:223:4898
0.0370,rust,0,"#237,YAW,2.54,GYRO,-7,44,-9,ACC,4,2,256,ADC,1276,500,4,1,"
0.0370,rust,0,MM0 ?CR
0.0370,rust,0,MM1 ?CR
0.0370,rust,0,MM0 CR=0:0
0.0370,rust,0,MM1 CR=0:0
0.0370,rust,0,"#238,YAW,2.54,GYRO,-6,45,-9,ACC,1,2,254,ADC,1248,407,5,2,"
0.0370,rust,0,MM0 ?A
0.0370,rust,0,MM1 ?A
0.0370,rust,0,MM0 A=0:0
0.0370,rust,0,MM1 A=0:0
0.0370,rust,0,"#239,YAW,2.54,GYRO,-8,46,-10,ACC,4,-1,251,ADC,1256,382,6,2,"
0.0370,rust,0,MM0 ?AI
0.0370,rust,0,MM1 ?AI
0.0370,rust,0,MM0 AI=0:0:2413:2419:0:0
0.0370,rust,0,MM1 AI=0:0:2336:2322:0:0
0.0370,rust,0,"#240,YAW,2.54,GYRO,-7,47,-10,ACC,3,2,256,ADC,1262,499,4,2,"
0.0370,rust,0,MM0 ?C
0.0370,rust,0,MM1 ?C
0.0370,rust,0,MM0 C=-291:287
0.0370,rust,0,MM1 C=1289:-1405
0.0370,rust,0,"$GPRMC,093211.4,A,5050.50641,N,00419.37666,E,000.26,146.0,021026,000.4,E*58"
0.0370,rust,0,"#241,YAW,2.54,GYRO,-8,46,-10,ACC,1,3,257,ADC,1254,312,5,1,"
0.0370,rust,0,MM0 ?D
0.0370,rust,0,MM1 ?D
0.0370,rust,0,MM1 D=33
0.0370,rust,0,MM0 D=2
0.0370,rust,0,"#242,YAW,2.54,GYRO,-7,46,-11,ACC,3,2,256,ADC,1246,499,5,1,"
0.0370,rust,0,MM0 ?FF
0.0370,rust,0,MM1 ?FF
0.0370,rust,0,MM0 FF=16
0.0370,rust,0,MM1 FF=16
0.0370,rust,0,"#243,YAW,2.54,GYRO,-10,45,-9,ACC,4,4,253,ADC,1251,392,5,2,"
0.0370,rust,0,MM0 ?P
0.0370,rust,0,MM1 ?P
0.0370,rust,0,MM0 P=0:0
0.0371,rust,0,MM1 P=0:0
0.0371,rust,0,"#244,YAW,2.54,GYRO,-9,44,-8,ACC,2,3,257,ADC,1290,502,7,2,"
0.0371,rust,0,MM0 ?S
0.0371,rust,0,MM1 ?S
0.0371,rust,0,MM0 S=0:0
0.0371,rust,0,MM1 S=0:0
0.0371,rust,0,"#245,YAW,2.54,GYRO,-8,46,-9,ACC,4,4,256,ADC,1241,387,5,2,"
0.0371,rust,0,MM0 ?T
0.0371,rust,0,MM1 ?T
0.0371,rust,0,MM0 T=35:34
0.0371,rust,0,MM1 T=36:33
0.0371,rust,0,"#246,YAW,2.54,GYRO,-9,46,-9,ACC,-1,3,251,ADC,1248,392,6,2,"
0.0371,rust,0,MM0 ?V
0.0371,rust,0,MM1 ?V
0.0371,rust,0,MM0 V=120:223:4902
0.0371,rust,0,MM1 V=120:224:4900
0.0371,rust,0,"#247,YAW,2.54,GYRO,-8,46,-9,ACC,4,1,257,ADC,1236,498,3,2,"
0.0371,rust,0,MM0 ?CR
0.0371,rust,0,MM1 ?CR
0.0371,rust,0,MM0 CR=0:0
0.0371,rust,0,MM1 CR=0:0
0.0371,rust,0,"#248,YAW,2.54,GYRO,-8,45,-9,ACC,2,3,254,ADC,1268,499,5,1,"
0.0371,rust,0,MM1 ?A
0.0371,rust,0,MM0 ?A
0.0371,rust,0,MM0 A=0:0
0.0371,rust,0,MM1 A=0:0
0.0371,rust,0,"#249,YAW,2.54,GYRO,-7,47,-9,ACC,4,-1,254,ADC,1236,382,5,2,"
0.0371,rust,0,MM0 ?AI
0.0371,rust,0,MM1 ?AI
0.0371,rust,0,MM0 AI=0:0:2405:2430:0:0
0.0371,rust,0,MM1 AI=0:0:2307:2348:0:0
0.0371,rust,0,"#250,YAW,2.54,GYRO,-8,46,-9,ACC,2,1,255,ADC,1243,501,5,2,"
0.0371,rust,0,MM0 ?C
0.0371,rust,0,MM1 ?C
0.0371,rust,0,MM0 C=-291:287
0.0371,rust,0,MM1 C=1289:-1405
0.0371,rust,0,"$GPRMC,093211.6,A,5050.50640,N,00419.37668,E,000.26,146.0,021026,000.4,E*55"
0.0371,rust,0,"#251,YAW,2.54,GYRO,-8,46,-9,ACC,3,3,251,ADC,1287,394,5,1,"
0.0371,rust,0,MM0 ?D
0.0371,rust,0,MM1 ?D
0.0371,rust,0,MM1 D=33
0.0371,rust,0,MM0 D=2
0.0371,rust,0,"#252,YAW,2.54,GYRO,-9,44,-9,AC#99,YAW,-1.48,GYRO,-8,45,-9,ACC,5,1,257,ADC,1274,381,6,3,"
0.0371,rust,0,MM1 !EX
0.0371,rust,0,MM0 !EX
0.0371,rust,0,MM1 +
0.0371,rust,0,MM0 +
0.0371,rust,0,MM1 ?CR
0.0371,rust,0,MM0 ?CR
0.0371,rust,0,MM0 CR=0:0
0.0371,rust,0,MM1 CR=0:0
0.0713,rust,0,"#100,YAW,-1.48,GYRO,-7,46,-9,ACC,2,3,252,ADC,1215,382,5,1,"
0.0713,rust,0,MM0 !M 0 0
0.0713,rust,0,MM0 +
0.0713,rust,0,MM1 !M 0 0
0.0713,rust,0,MM1 +
0.0713,rust,0,MM1 ?A
0.0713,rust,0,MM0 ?A
0.0713,rust,0,MM1 A=0:0
0.0713,rust,0,MM0 A=0:0
0.0713,rust,0,"#101,YAW,-1.48,GYRO,-9,48,-10,ACC,1,3,258,ADC,1221,380,5,1,"
0.0713,rust,0,MM1 ?AI
0.0713,rust,0,MM0 ?AI
0.0713,rust,0,MM1 AI=0:0:2340:2350:0:0
0.0921,rust,0,MM0 AI=0:0:2451:2421:0:0
0.0922,rust,0,"#102,YAW,-1.48,GYRO,-8,45,-13,ACC,3,2,255,ADC,1211,383,4,1,"
0.0922,rust,0,MM1 ?C
0.0922,rust,0,MM0 ?C
0.0922,rust,0,MM0 C=-291:287
0.0922,rust,0,MM1 C=1289:-1405
0.1132,rust,0,"$GPRMC,094056.0,A,5050.50740,N,00419.37201,E,000.39,223.8,021026,000.4,E*59"
0.1133,rust,0,"#103,YAW,-1.48,GYRO,-10,44,-7,ACC,4,0,248,ADC,1211,309,7,1,"
0.1133,rust,0,MM1 ?D
0.1133,rust,0,MM0 ?D
0.1133,rust,0,MM1 D=33
0.1133,rust,0,MM0 D=2
0.1339,rust,0,"#104,YAW,-1.52,GYRO,-7,44,-10,ACC,2,1,256,ADC,1286,394,4,2,"
0.1339,rust,0,MM1 ?FF
0.1339,rust,0,MM0 ?FF
0.1339,rust,0,MM1 FF=16
0.1340,rust,0,MM0 FF=16
0.1684,rust,0,MM1 !M 0 0
0.1684,rust,0,MM0 !M 0 0
0.1684,rust,0,MM1 +
0.1684,rust,0,MM0 +
0.1684,rust,0,"#105,YAW,-1.52,GYRO,-7,47,-11,ACC,3,2,257,ADC,1263,311,4,1,"
0.1685,rust,0,MM1 ?P
0.1685,rust,0,MM0 ?P
0.1685,rust,0,MM1 P=0:0
0.1685,rust,0,MM0 P=0:0
0.1685,rust,0,"#106,YAW,-1.52,GYRO,-8,48,-9,ACC,3,2,254,ADC,1214,385,5,1,"
0.1685,rust,0,MM1 ?S
0.1891,rust,0,MM0 ?S
0.1891,rust,0,MM1 S=0:0
0.1891,rust,0,MM0 S=0:0
0.1891,rust,0,"#107,YAW,-1.52,GYRO,-9,44,-10,ACC,4,1,260,ADC,1210,380,4,2,"
0.1891,rust,0,MM1 ?T
0.1891,rust,0,MM0 ?T
0.2101,rust,0,MM1 T=36:33
0.2101,rust,0,MM0 T=35:34
0.2101,rust,0,"#108,YAW,-1.52,GYRO,-7,45,-9,ACC,3,2,255,ADC,1253,501,6,2,"
0.2101,rust,0,MM1 ?V
0.2102,rust,0,MM0 ?V
0.2102,rust,0,MM1 V=120:223:4901
0.2311,rust,0,MM0 V=120:222:4902
0.2311,rust,0,"#109,YAW,-1.51,GYRO,-7,45,-11,ACC,0,2,257,ADC,1215,381,6,2,"
0.2311,rust,0,MM1 ?CR
0.2311,rust,0,MM0 ?CR
0.2311,rust,0,MM1 CR=0:0
0.2311,rust,0,MM0 CR=0:0
0.2801,rust,0,"#110,YAW,-1.51,GYRO,-8,45,-10,ACC,4,3,252,ADC,1223,381,6,2,"
0.2801,rust,0,MM1 ?A
0.2801,rust,0,MM0 ?A
0.2801,rust,0,MM1 A=0:0
0.2801,rust,0,MM0 A=0:0
0.2801,rust,0,MM0 !M 0 0
0.2801,rust,0,MM1 !M 0 0
0.2801,rust,0,MM0 +
0.2801,rust,0,MM1 +
0.2802,rust,0,"#111,YAW,-1.51,GYRO,-9,45,-8,ACC,5,3,256,ADC,1252,502,7,2,"
0.2802,rust,0,MM1 ?AI
0.2802,rust,0,MM0 ?AI
0.2802,rust,0,MM1 AI=0:0:2330:2322:0:0
0.2802,rust,0,MM0 AI=0:0:2436:2433:0:0
0.3012,rust,0,"#112,YAW,-1.51,GYRO,-7,45,-8,ACC,1,3,253,ADC,1243,382,6,2,"
0.3012,rust,0,MM1 ?C
0.3012,rust,0,MM0 ?C
0.3012,rust,0,MM0 C=-291:287
0.3012,rust,0,MM1 C=1289:-1405
0.3221,rust,0,"$GPRMC,094056.2,A,5050.50741,N,00419.37203,E,000.38,223.8,021026,000.4,E*59"
0.3221,rust,0,"#113,YAW,-1.51,GYRO,-7,47,-10,ACC,2,1,256,ADC,1217,335,5,1,"
0.3221,rust,0,MM1 ?D
0.3221,rust,0,MM0 ?D
0.3221,rust,0,MM1 D=33
0.3221,rust,0,MM0 D=10
0.3432,rust,0,"#114,YAW,-1.51,GYRO,-9,45,-8,ACC,3,5,257,ADC,1246,385,8,2,"
0.3432,rust,0,MM1 ?FF
0.3432,rust,0,MM0 ?FF
0.3432,rust,0,MM1 FF=16
0.3432,rust,0,MM0 FF=16
0.3775,rust,0,"#115,YAW,-1.51,GYRO,-8,45,-10,ACC,2,1,253,ADC,1282,397,4,2,"
0.3775,rust,0,MM1 ?P
0.3775,rust,0,MM0 ?P
0.3775,rust,0,MM1 P=0:0
0.3775,rust,0,MM0 P=0:0
0.3775,rust,0,MM0 !M 0 0
0.3775,rust,0,MM1 !M 0 0
0.3775,rust,0,MM0 +
0.3776,rust,0,MM1 +
0.3776,rust,0,"#116,YAW,-1.51,GYRO,-8,45,-10,ACC,0,2,255,ADC,1250,500,6,1,"
0.3776,rust,0,MM1 ?S
0.3776,rust,0,MM0 ?S
0.3776,rust,0,MM1 S=0:0
0.3776,rust,0,MM0 S=0:0
0.3983,rust,0,"#117,YAW,-1.51,GYRO,-8,45,-8,ACC,0,4,251,ADC,1254,384,6,2,"
0.3984,rust,0,MM1 ?T
0.3984,rust,0,MM0 ?T
0.3984,rust,0,MM1 T=36:33
0.3984,rust,0,MM0 T=35:34
0.4190,rust,0,"#118,YAW,-1.51,GYRO,-9,45,-9,ACC,-1,4,255,ADC,1284,500,7,2,"
0.4191,rust,0,MM1 ?V
0.4191,rust,0,MM0 ?V
0.4191,rust,0,MM1 V=120:223:4901
0.4191,rust,0,MM0 V=120:223:4903
0.4399,rust,0,"#119,YAW,-1.51,GYRO,-9,46,-9,ACC,2,1,253,ADC,1252,387,7,1,"
0.4399,rust,0,MM0 ?CR
0.4399,rust,0,MM1 ?CR
0.4399,rust,0,MM0 CR=0:0
0.4399,rust,0,MM1 CR=0:0
0.4743,rust,0,"#120,YAW,-1.51,GYRO,-7,45,-9,ACC,2,1,254,ADC,1237,394,5,2,"
0.4743,rust,0,MM1 ?A
0.4743,rust,0,MM0 ?A
0.4743,rust,0,MM1 A=0:0
0.4743,rust,0,MM0 A=0:0
0.4743,rust,0,MM0 !M 0 0
0.4743,rust,0,MM1 !M 0 0
0.4743,rust,0,MM0 +
0.4743,rust,0,MM1 +
0.4743,rust,0,"#121,YAW,-1.51,GYRO,-10,45,-9,ACC,3,4,259,ADC,1262,497,7,1,"
0.4743,rust,0,MM0 ?AI
0.4743,rust,0,MM1 ?AI
0.4743,rust,0,MM0 AI=0:0:2425:2421:0:0
0.4743,rust,0,MM1 AI=0:0:2336:2286:0:0
0.4953,rust,0,"#122,YAW,-1.51,GYRO,-8,47,-10,ACC,-3,3,250,ADC,1223,395,4,2,"
0.4953,rust,0,MM0 ?C
0.4953,rust,0,MM1 ?C
0.4953,rust,0,MM0 C=-291:287
0.4954,rust,0,MM1 C=1289:-1405
0.5159,rust,0,"$GPRMC,094056.4,A,5050.50743,N,00419.37206,E,000.36,223.8,021026,000.4,E*56"
0.5160,rust,0,"#123,YAW,-1.51,GYRO,-9,45,-9,ACC,1,1,251,ADC,1224,337,5,2,"
0.5160,rust,0,MM1 ?D
0.5160,rust,0,MM0 ?D
0.5160,rust,0,MM1 D=33
0.5160,rust,0,MM0 D=2
0.5369,rust,0,"#124,YAW,-1.51,GYRO,-8,45,-9,ACC,1,2,258,ADC,1228,382,5,2,"
0.5369,rust,0,MM0 ?FF
0.5370,rust,0,MM1 ?FF
0.5370,rust,0,MM0 FF=16
0.5370,rust,0,MM1 FF=16
0.5747,rust,0,"#125,YAW,-1.51,GYRO,-9,45,-10,ACC,2,1,256,ADC,1253,499,4,2,"
0.5747,rust,0,MM0 !M 0 0
0.5747,rust,0,MM0 +
0.5747,rust,0,MM1 !M 0 0
0.5747,rust,0,MM1 +
0.5747,rust,0,MM0 ?P
0.5747,rust,0,MM1 ?P
0.5747,rust,0,MM0 P=0:0
0.5747,rust,0,MM1 P=0:0
0.5747,rust,0,"#126,YAW,-1.51,GYRO,-9,46,-10,ACC,2,1,256,ADC,1248,384,5,2,"
0.5747,rust,0,MM0 ?S
0.5747,rust,0,MM1 ?S
0.5747,rust,0,MM0 S=0:0
0.5747,rust,0,MM1 S=0:0
0.5919,rust,0,"#127,YAW,-1.51,GYRO,-8,47,-9,ACC,6,3,258,ADC,1272,386,5,2,"
0.5920,rust,0,MM0 ?T
0.5920,rust,0,MM1 ?T
0.5920,rust,0,MM0 T=35:34
0.5920,rust,0,MM1 T=36:33
0.6131,rust,0,"#128,YAW,-1.51,GYRO,-7,45,-10,ACC,5,1,257,ADC,1234,384,6,1,"
0.6131,rust,0,MM0 ?V
0.6131,rust,0,MM1 ?V
0.6132,rust,0,MM0 V=120:228:4902
0.6132,rust,0,MM1 V=120:223:4900
0.6341,rust,0,"#129,YAW,-1.51,GYRO,-9,45,-9,ACC,5,3,250,ADC,1249,503,5,2,"
0.6341,rust,0,MM0 ?CR
0.6341,rust,0,MM1 ?CR
0.6341,rust,0,MM0 CR=0:0
0.6341,rust,0,MM1 CR=0:0
0.6811,rust,0,"#130,YAW,-1.51,GYRO,-7,43,-10,ACC,3,2,253,ADC,1290,388,5,1,"
0.6811,rust,0,MM0 ?A
0.6811,rust,0,MM1 ?A
0.6811,rust,0,MM0 A=0:0
0.6811,rust,0,MM1 A=0:0
0.6811,rust,0,MM0 !M 0 0
0.6811,rust,0,MM1 !M 0 0
0.6811,rust,0,MM0 +
0.6811,rust,0,MM1 +
0.6811,rust,0,"#131,YAW,-1.51,GYRO,-7,44,-10,ACC,3,3,255,ADC,1248,389,7,2,"
0.6811,rust,0,MM0 ?AI
0.6811,rust,0,MM1 ?AI
0.6811,rust,0,MM0 AI=0:0:2438:2439:0:0
0.6811,rust,0,MM1 AI=0:0:2339:2340:0:0
0.7024,rust,0,"#132,YAW,-1.51,GYRO,-8,46,-10,ACC,1,2,258,ADC,1255,385,6,2,"
0.7024,rust,0,MM0 ?C
0.7024,rust,0,MM1 ?C
0.7024,rust,0,MM0 C=-291:287
0.7024,rust,0,MM1 C=1289:-1405
0.7232,rust,0,"$GPRMC,094056.6,A,5050.50745,N,00419.37208,E,000.35,223.8,021026,000.4,E*5F"
0.7232,rust,0,"#133,YAW,-1.51,GYRO,-9,44,-9,ACC,4,4,256,ADC,1300,331,4,2,"
0.7232,rust,0,MM0 ?D
0.7232,rust,0,MM1 ?D
0.7232,rust,0,MM1 D=33
0.7232,rust,0,MM0 D=2
0.7441,rust,0,"#134,YAW,-1.51,GYRO,-8,46,-10,ACC,5,3,256,ADC,1220,380,4,2,"
0.7441,rust,0,MM0 ?FF
0.7442,rust,0,MM1 ?FF
0.7442,rust,0,MM0 FF=16
0.7442,rust,0,MM1 FF=16
0.7794,rust,0,"#135,YAW,-1.51,GYRO,-8,43,-9,ACC,0,2,249,ADC,1277,503,6,2,"
0.7794,rust,0,MM0 ?P
0.7794,rust,0,MM1 ?P
0.7794,rust,0,MM0 P=0:0
0.7794,rust,0,MM1 P=0:0
0.7794,rust,0,MM0 !M 0 0
0.7794,rust,0,MM1 !M 0 0
0.7794,rust,0,MM0 +
0.7794,rust,0,MM1 +
0.7794,rust,0,"#136,YAW,-1.51,GYRO,-9,47,-9,ACC,5,2,261,ADC,1277,501,7,2,"
0.7794,rust,0,MM0 ?S
0.7794,rust,0,MM1 ?S
0.7794,rust,0,MM0 S=0:0
0.7794,rust,0,MM1 S=0:0
0.8002,rust,0,"#137,YAW,-1.51,GYRO,-8,47,-10,ACC,3,2,255,ADC,1258,501,6,2,"
0.8002,rust,0,MM0 ?T
0.8002,rust,0,MM1 ?T
0.8002,rust,0,MM0 T=35:34
0.8002,rust,0,MM1 T=36:33
0.8211,rust,0,"#138,YAW,-1.51,GYRO,-9,46,-9,ACC,1,1,259,ADC,1285,501,6,2,"
0.8211,rust,0,MM0 ?V
0.8211,rust,0,MM1 ?V
0.8211,rust,0,MM0 V=120:223:4902
0.8211,rust,0,MM1 V=120:223:4901
0.8425,rust,0,"#139,YAW,-1.51,GYRO,-7,44,-8,ACC,1,3,255,ADC,1292,386,5,2,"
0.8425,rust,0,MM0 ?CR
0.8425,rust,0,MM1 ?CR
0.8425,rust,0,MM0 CR=0:0
0.8425,rust,0,MM1 CR=0:0
0.8772,rust,0,"#140,YAW,-1.51,GYRO,-8,46,-8,ACC,2,5,249,ADC,1264,386,7,2,"
0.8773,rust,0,MM0 ?A
0.8773,rust,0,MM1 ?A
0.8773,rust,0,MM0 A=0:0
0.8773,rust,0,MM1 A=0:0
0.8773,rust,0,MM0 !M 0 0
0.8773,rust,0,MM1 !M 0 0
0.8773,rust,0,MM0 +
0.8773,rust,0,MM1 +
0.8773,rust,0,"#141,YAW,-1.51,GYRO,-9,45,-9,ACC,1,4,260,ADC,1243,402,4,2,"
0.8773,rust,0,MM0 ?AI
0.8773,rust,0,MM1 ?AI
0.8773,rust,0,MM0 AI=0:0:2407:2444:0:0
0.8773,rust,0,MM1 AI=0:0:2326:2356:0:0
0.8972,rust,0,"#142,YAW,-1.51,GYRO,-9,44,-10,ACC,3,1,254,ADC,1252,502,6,2,"
0.8972,rust,0,MM0 ?C
0.8972,rust,0,MM1 ?C
0.8972,rust,0,MM0 C=-291:287
0.8972,rust,0,MM1 C=1289:-1405
0.9186,rust,0,"$GPRMC,094056.8,A,5050.50746,N,00419.37209,E,000.34,223.8,021026,000.4,E*52"
0.9186,rust,0,"#143,YAW,-1.51,GYRO,-8,46,-8,ACC,1,4,257,ADC,1259,323,6,2,"
0.9186,rust,0,MM0 ?D
0.9186,rust,0,MM1 ?D
0.9186,rust,0,MM1 D=33
0.9186,rust,0,MM0 D=2
0.9389,rust,0,"#144,YAW,-1.51,GYRO,-8,47,-10,ACC,4,2,258,ADC,1220,394,7,2,"
0.9389,rust,0,MM0 ?FF
0.9389,rust,0,MM1 ?FF
0.9389,rust,0,MM1 FF=16
0.9389,rust,0,MM0 FF=16
0.9788,rust,0,"#145,YAW,-1.51,GYRO,-7,47,-10,ACC,3,3,258,ADC,1213,385,5,2,"
0.9788,rust,0,MM0 ?P
0.9788,rust,0,MM1 ?P
0.9788,rust,0,MM0 P=0:0
0.9788,rust,0,MM1 P=0:0
0.9789,rust,0,MM0 !M 0 0
0.9789,rust,0,MM1 !M 0 0
0.9789,rust,0,MM0 +
0.9789,rust,0,MM1 +
0.9789,rust,0,"#146,YAW,-1.51,GYRO,-10,46,-10,ACC,2,2,257,ADC,1204,381,5,2,"
0.9789,rust,0,MM0 ?S
0.9789,rust,0,MM1 ?S
0.9789,rust,0,MM0 S=0:0
0.9789,rust,0,MM1 S=0:0
0.9990,rust,0,"#147,YAW,-1.51,GYRO,-9,47,-8,ACC,6,4,257,ADC,1238,381,5,2,"
0.9990,rust,0,MM0 ?T
0.9990,rust,0,MM1 ?T
0.9990,rust,0,MM0 T=35:34
0.9990,rust,0,MM1 T=36:33
1.0201,rust,0,"#148,YAW,-1.51,GYRO,-7,45,-9,ACC,3,2,255,ADC,1245,498,7,2,"
1.0201,rust,0,MM0 ?V
1.0201,rust,0,MM1 ?V
1.0201,rust,0,MM0 V=120:222:4903
1.0201,rust,0,MM1 V=120:223:4900
1.0409,rust,0,"#149,YAW,-1.51,GYRO,-8,45,-10,ACC,5,4,257,ADC,1255,385,4,1,"
1.0409,rust,0,MM0 ?CR
1.0409,rust,0,MM1 ?CR
1.0409,rust,0,MM0 CR=0:0
1.0409,rust,0,MM1 CR=0:0
1.0751,rust,0,"#150,YAW,-1.51,GYRO,-7,44,-7,ACC,1,2,257,ADC,1289,387,6,1,"
1.0751,rust,0,MM0 ?A
1.0751,rust,0,MM1 ?A
1.0751,rust,0,MM0 A=0:0
1.0751,rust,0,MM1 A=0:0
1.0751,rust,0,MM0 !M 0 0
1.0751,rust,0,MM1 !M 0 0
1.0751,rust,0,MM0 +
1.0751,rust,0,MM1 +
1.0751,rust,0,"#151,YAW,-1.51,GYRO,-10,46,-8,ACC,3,3,255,ADC,1233,388,5,2,"
1.0751,rust,0,MM0 ?AI
1.0751,rust,0,MM1 ?AI
1.0751,rust,0,MM0 AI=0:0:2421:2430:0:0
1.0751,rust,0,MM1 AI=0:0:2322:2340:0:0
1.0960,rust,0,"#152,YAW,-1.51,GYRO,-9,44,-10,ACC,3,1,258,ADC,1284,387,5,3,"
1.0960,rust,0,MM1 ?C
1.0961,rust,0,MM0 ?C
1.0961,rust,0,MM0 C=-291:287
1.0961,rust,0,MM1 C=1289:-1405
1.1172,rust,0,"$GPRMC,094057.0,A,5050.50748,N,00419.37211,E,000.33,223.8,021026,000.4,E*5B"
1.1172,rust,0,"#153,YAW,-1.51,GYRO,-7,44,-10,ACC,5,3,260,ADC,1261,321,6,2,"
1.1172,rust,0,MM0 ?D
1.1172,rust,0,MM1 ?D
1.1172,rust,0,MM1 D=33
1.1172,rust,0,MM0 D=2
1.1401,rust,0,"#154,YAW,-1.51,GYRO,-8,47,-9,ACC,5,3,259,ADC,1215,381,6,2,"
1.1401,rust,0,MM0 ?FF
1.1401,rust,0,MM1 ?FF
1.1401,rust,0,MM0 FF=16
1.1402,rust,0,MM1 FF=16
1.1741,rust,0,"#155,YAW,-1.51,GYRO,-9,45,-10,ACC,-1,2,250,ADC,1230,384,4,2,"
1.1741,rust,0,MM1 ?P
1.1741,rust,0,MM0 ?P
1.1741,rust,0,MM0 P=0:0
1.1741,rust,0,MM1 P=0:0
1.1741,rust,0,MM0 !M 0 0
1.1741,rust,0,MM1 !M 0 0
1.1741,rust,0,MM0 +
1.1741,rust,0,MM1 +
1.1741,rust,0,"#156,YAW,-1.51,GYRO,-9,44,-9,ACC,5,3,259,ADC,1228,494,4,1,"
1.1741,rust,0,MM0 ?S
1.1741,rust,0,MM1 ?S
1.1741,rust,0,MM0 S=0:0
1.1741,rust,0,MM1 S=0:0
1.1950,rust,0,"#157,YAW,-1.51,GYRO,-8,44,-8,ACC,5,-1,254,ADC,1262,502,4,2,"
1.1950,rust,0,MM0 ?T
1.1950,rust,0,MM1 ?T
1.1950,rust,0,MM0 T=35:34
1.1950,rust,0,MM1 T=36:33
1.2160,rust,0,"#158,YAW,-1.51,GYRO,-8,45,-8,ACC,2,3,254,ADC,1246,388,5,2,"
1.2160,rust,0,MM0 ?V
1.2160,rust,0,MM1 ?V
1.2160,rust,0,MM0 V=120:223:4902
1.2160,rust,0,MM1 V=120:223:4899
1.2370,rust,0,"#159,YAW,-1.51,GYRO,-7,45,-10,ACC,2,2,254,ADC,1262,389,5,1,"
1.2370,rust,0,MM0 ?CR
1.2370,rust,0,MM1 ?CR
1.2370,rust,0,MM0 CR=0:0
1.2370,rust,0,MM1 CR=0:0
1.2869,rust,0,"#160,YAW,-1.51,GYRO,-8,45,-9,ACC,3,2,258,ADC,1288,502,5,2,"
1.2869,rust,0,MM0 ?A
1.2869,rust,0,MM1 ?A
1.2869,rust,0,MM0 A=0:0
1.2869,rust,0,MM1 A=0:0
1.2869,rust,0,MM0 !M 0 0
1.2869,rust,0,MM1 !M 0 0
1.2869,rust,0,MM0 +
1.2869,rust,0,MM1 +
1.2869,rust,0,"#161,YAW,-1.51,GYRO,-8,44,-10,ACC,6,2,251,ADC,1255,401,4,2,"
1.2870,rust,0,MM0 ?AI
1.2870,rust,0,MM1 ?AI
1.2870,rust,0,MM0 AI=0:0:2431:2426:0:0
1.2870,rust,0,MM1 AI=0:0:2312:2345:0:0
1.3063,rust,0,"#162,YAW,-1.51,GYRO,-10,45,-9,ACC,4,0,267,ADC,1223,405,5,1,"
1.3063,rust,0,MM0 ?C
1.3063,rust,0,MM1 ?C
1.3063,rust,0,MM0 C=-291:287
1.3063,rust,0,MM1 C=1289:-1405
1.3063,rust,0,"$GPRMC,094057.2,A,5050.50749,N,00419.37213,E,000.32,223.8,021026,000.4,E*5B"
1.3273,rust,0,"#163,YAW,-1.51,GYRO,-8,46,-11,ACC,5,2,252,ADC,1203,379,5,1,"
1.3273,rust,0,MM0 ?D
1.3273,rust,0,MM1 ?D
1.3273,rust,0,MM1 D=33
1.3273,rust,0,MM0 D=2
1.3273,rust,0,"#164,YAW,-1.51,GYRO,-8,46,-10,ACC,5,3,263,ADC,1233,393,4,2,"
1.3483,rust,0,MM0 ?FF
1.3483,rust,0,MM1 ?FF
1.3483,rust,0,MM0 FF=16
1.3483,rust,0,MM1 FF=16
1.3483,rust,0,"#165,YAW,-1.51,GYRO,-8,43,-9,ACC,2,3,253,ADC,1258,406,6,2,"
1.3483,rust,0,MM0 ?P
1.3862,rust,0,MM1 ?P
1.3862,rust,0,MM0 P=0:0
1.3862,rust,0,MM1 P=0:0
1.3862,rust,0,MM0 !M 0 0
1.3862,rust,0,MM1 !M 0 0
1.3862,rust,0,MM0 +
1.3862,rust,0,MM1 +
1.3862,rust,0,"#166,YAW,-1.51,GYRO,-7,47,-9,ACC,3,1,257,ADC,1306,501,4,1,"
1.3862,rust,0,MM0 ?S
1.3862,rust,0,MM1 ?S
1.3862,rust,0,MM1 S=0:0
1.3862,rust,0,MM0 S=0:0
1.4071,rust,0,"#167,YAW,-1.51,GYRO,-9,47,-8,ACC,1,2,256,ADC,1241,503,6,2,"
1.4071,rust,0,MM0 ?T
1.4071,rust,0,MM1 ?T
1.4071,rust,0,MM0 T=35:34
1.4071,rust,0,MM1 T=36:33
1.4071,rust,0,"#168,YAW,-1.51,GYRO,-9,44,-9,ACC,3,3,254,ADC,1297,501,5,2,"
1.4280,rust,0,MM0 ?V
1.4281,rust,0,MM1 ?V
1.4281,rust,0,MM0 V=120:222:4902
1.4281,rust,0,MM1 V=120:223:4901
1.4281,rust,0,"#169,YAW,-1.51,GYRO,-8,44,-8,ACC,1,4,259,ADC,1225,383,8,2,"
1.4281,rust,0,MM0 ?CR
1.4494,rust,0,MM1 ?CR
1.4494,rust,0,MM0 CR=0:0
1.4494,rust,0,MM1 CR=0:0
1.4494,rust,0,"#170,YAW,-1.51,GYRO,-7,44,-8,ACC,2,1,258,ADC,1236,383,7,2,"
1.4494,rust,0,MM0 ?A
1.4494,rust,0,MM1 ?A
1.4872,rust,0,MM0 A=0:0
1.4872,rust,0,MM1 A=0:0
1.4872,rust,0,MM0 !M 0 0
1.4872,rust,0,MM1 !M 0 0
1.4872,rust,0,MM0 +
1.4872,rust,0,MM1 +
1.4872,rust,0,"#171,YAW,-1.51,GYRO,-7,47,-8,ACC,4,1,253,ADC,1278,354,4,1,"
1.4872,rust,0,MM0 ?AI
1.4872,rust,0,MM1 ?AI
1.4872,rust,0,MM0 AI=0:0:2414:2441:0:0
1.4872,rust,0,MM1 AI=0:0:2343:2333:0:0
1.4872,rust,0,"#172,YAW,-1.51,GYRO,-8,43,-9,ACC,2,1,254,ADC,1233,381,6,2,"
1.5082,rust,0,MM0 ?C
1.5082,rust,0,MM1 ?C
1.5082,rust,0,MM0 C=-291:287
1.5082,rust,0,MM1 C=1289:-1405
1.5082,rust,0,"$GPRMC,094057.4,A,5050.50751,N,00419.37215,E,000.33,223.8,021026,000.4,E*53"
1.5082,rust,0,"#173,YAW,-1.51,GYRO,-8,46,-10,ACC,3,1,257,ADC,1261,393,6,2,"
1.5082,rust,0,MM0 ?D
1.5291,rust,0,MM1 ?D
1.5291,rust,0,MM1 D=33
1.5292,rust,0,MM0 D=2
1.5292,rust,0,"#174,YAW,-1.51,GYRO,-7,48,-9,ACC,2,2,252,ADC,1252,382,5,1,"
1.5292,rust,0,MM0 ?FF
1.5292,rust,0,MM1 ?FF
1.5501,rust,0,MM0 FF=16
1.5501,rust,0,MM1 FF=16
1.5501,rust,0,"#175,YAW,-1.51,GYRO,-8,44,-10,ACC,2,2,253,ADC,1226,379,6,2,"
1.5501,rust,0,MM0 ?P
1.5501,rust,0,MM1 ?P
1.5501,rust,0,MM0 P=0:0
1.5853,rust,0,MM1 P=0:0
1.5853,rust,0,MM0 !M 0 0
1.5853,rust,0,MM1 !M 0 0
1.5853,rust,0,MM0 +
1.5853,rust,0,MM1 +
1.5853,rust,0,"#176,YAW,-1.51,GYRO,-8,44,-9,ACC,3,2,257,ADC,1251,499,4,2,"
1.5853,rust,0,MM0 ?S
1.5853,rust,0,MM1 ?S
1.5853,rust,0,MM0 S=0:0
1.5853,rust,0,MM1 S=0:0
1.6052,rust,0,"#177,YAW,-1.51,GYRO,-10,43,-11,ACC,2,2,253,ADC,1230,379,5,2,"
1.6052,rust,0,MM0 ?T
1.6052,rust,0,MM1 ?T
1.6052,rust,0,MM0 T=35:34
1.6052,rust,0,MM1 T=36:33
1.6262,rust,0,"#178,YAW,-1.51,GYRO,-9,47,-8,ACC,-1,4,250,ADC,1233,403,6,2,"
1.6262,rust,0,MM0 ?V
1.6262,rust,0,MM1 ?V
1.6262,rust,0,MM0 V=120:223:4903
1.6262,rust,0,MM1 V=120:223:4901
1.6472,rust,0,"#179,YAW,-1.51,GYRO,-9,45,-8,ACC,1,2,256,ADC,1271,391,6,2,"
1.6472,rust,0,MM0 ?CR
1.6473,rust,0,MM1 ?CR
1.6473,rust,0,MM0 CR=0:0
1.6473,rust,0,MM1 CR=0:0
1.6473,rust,0,"#180,YAW,-1.51,GYRO,-9,45,-10,ACC,1,1,257,ADC,1213,381,4,2,"
1.6811,rust,0,MM0 ?A
1.6812,rust,0,MM1 ?A
1.6812,rust,0,MM0 A=0:0
1.6812,rust,0,MM1 A=0:0
1.6812,rust,0,MM0 !M 0 0
1.6812,rust,0,MM1 !M 0 0
1.6812,rust,0,MM1 +
1.6812,rust,0,MM0 +
1.6812,rust,0,"#181,YAW,-1.51,GYRO,-9,43,-10,ACC,-2,0,256,ADC,1284,499,5,2,"
1.6812,rust,0,MM0 ?AI
1.6812,rust,0,MM1 ?AI
1.6812,rust,0,MM0 AI=0:0:2414:2436:0:0
1.6812,rust,0,MM1 AI=0:0:2344:2327:0:0
1.7021,rust,0,"#182,YAW,-1.51,GYRO,-8,45,-9,ACC,4,3,255,ADC,1235,384,6,1,"
1.7021,rust,0,MM0 ?C
1.7021,rust,0,MM1 ?C
1.7021,rust,0,MM0 C=-291:287
1.7021,rust,0,MM1 C=1289:-1405
1.7021,rust,0,"$GPRMC,094057.6,A,5050.50752,N,00419.37217,E,000.32,223.8,021026,000.4,E*51"
1.7232,rust,0,"#183,YAW,-1.51,GYRO,-8,45,-8,ACC,4,2,256,ADC,1261,389,4,2,"
1.7232,rust,0,MM0 ?D
1.7232,rust,0,MM1 ?D
1.7232,rust,0,MM1 D=33
1.7232,rust,0,MM0 D=2
1.7442,rust,0,"#184,YAW,-1.51,GYRO,-9,44,-9,ACC,0,2,254,ADC,1249,391,8,3,"
1.7442,rust,0,MM0 ?FF
1.7442,rust,0,MM1 ?FF
1.7442,rust,0,MM0 FF=16
1.7442,rust,0,MM1 FF=16
1.7784,rust,0,"#185,YAW,-1.51,GYRO,-9,46,-8,ACC,5,3,255,ADC,1257,502,5,2,"
1.7784,rust,0,MM0 ?P
1.7784,rust,0,MM1 ?P
1.7784,rust,0,MM0 P=0:0
1.7784,rust,0,MM1 P=0:0
1.7784,rust,0,MM1 !M 0 0
1.7784,rust,0,MM0 !M 0 0
1.7784,rust,0,MM1 +
1.7784,rust,0,MM0 +
1.7784,rust,0,"#186,YAW,-1.51,GYRO,-8,45,-9,ACC,5,4,255,ADC,1249,388,7,2,"
1.7784,rust,0,MM0 ?S
1.7784,rust,0,MM1 ?S
1.7784,rust,0,MM0 S=0:0
1.7784,rust,0,MM1 S=0:0
1.7990,rust,0,"#187,YAW,-1.51,GYRO,-8,44,-9,ACC,1,1,254,ADC,1271,501,6,3,"
1.7990,rust,0,MM0 ?T
1.7990,rust,0,MM1 ?T
1.7990,rust,0,MM0 T=35:34
1.7990,rust,0,MM1 T=36:33
1.8200,rust,0,"#188,YAW,-1.51,GYRO,-9,43,-9,ACC,5,1,257,ADC,1255,391,5,2,"
1.8201,rust,0,MM0 ?V
1.8201,rust,0,MM1 ?V
1.8201,rust,0,MM0 V=120:223:4903
1.8201,rust,0,MM1 V=120:223:4900
1.8410,rust,0,"#189,YAW,-1.51,GYRO,-9,45,-9,ACC,4,6,255,ADC,1281,500,5,2,"
1.8410,rust,0,MM0 ?CR
1.8410,rust,0,MM1 ?CR
1.8410,rust,0,MM0 CR=0:0
1.8410,rust,0,MM1 CR=0:0
1.8883,rust,0,"#190,YAW,-1.51,GYRO,-10,46,-9,ACC,3,3,255,ADC,1218,403,4,1,"
1.8883,rust,0,MM0 ?A
1.8883,rust,0,MM1 ?A
1.8883,rust,0,MM0 A=0:0
1.8883,rust,0,MM1 A=0:0
1.8883,rust,0,MM0 !M 0 0
1.8883,rust,0,MM1 !M 0 0
1.8883,rust,0,MM0 +
1.8883,rust,0,MM1 +
1.8883,rust,0,"#191,YAW,-1.51,GYRO,-8,44,-10,ACC,6,2,253,ADC,1252,378,5,2,"
1.8883,rust,0,MM0 ?AI
1.8883,rust,0,MM1 ?AI
1.8883,rust,0,MM0 AI=0:0:2433:2435:0:0
1.8883,rust,0,MM1 AI=0:0:2332:2211:0:0
1.8883,rust,0,"#192,YAW,-1.51,GYRO,-7,45,-9,ACC,2,2,252,ADC,1243,394,4,2,"
1.8883,rust,0,MM0 ?C
1.9094,rust,0,MM1 ?C
1.9094,rust,0,MM0 C=-291:287
1.9094,rust,0,MM1 C=1289:-1405
1.9094,rust,0,"$GPRMC,094057.8,A,5050.50754,N,00419.37218,E,000.31,223.8,021026,000.4,E*55"
1.9094,rust,0,"#193,YAW,-1.51,GYRO,-8,46,-9,ACC,2,2,256,ADC,1297,501,4,2,"
1.9094,rust,0,MM0 ?D
1.9094,rust,0,MM1 ?D
1.9302,rust,0,MM1 D=33
1.9302,rust,0,MM0 D=2
1.9302,rust,0,"#194,YAW,-1.51,GYRO,-8,45,-9,ACC,0,2,254,ADC,1258,497,7,2,"
1.9302,rust,0,MM0 ?FF
1.9303,rust,0,MM1 ?FF
1.9303,rust,0,MM0 FF=16
1.9510,rust,0,MM1 FF=16
1.9510,rust,0,"#195,YAW,-1.51,GYRO,-9,46,-9,ACC,0,2,252,ADC,1290,502,4,2,"
1.9510,rust,0,MM0 ?P
1.9510,rust,0,MM1 ?P
1.9510,rust,0,MM0 P=0:0
1.9511,rust,0,MM1 P=0:0
1.9875,rust,0,MM0 !M 0 0
1.9875,rust,0,MM1 !M 0 0
1.9875,rust,0,MM0 +
1.9876,rust,0,MM1 +
1.9876,rust,0,"#196,YAW,-1.51,GYRO,-9,45,-10,ACC,2,2,258,ADC,1241,302,6,2,"
1.9876,rust,0,MM0 ?S
1.9876,rust,0,MM1 ?S
1.9876,rust,0,MM0 S=0:0
1.9876,rust,0,MM1 S=0:0
1.9876,rust,0,"#197,YAW,-1.51,GYRO,-9,44,-9,ACC,1,2,252,ADC,1256,386,7,2,"
2.0074,rust,0,MM0 ?T
2.0074,rust,0,MM1 ?T
2.0074,rust,0,MM0 T=35:34
2.0074,rust,0,MM1 T=36:33
2.0074,rust,0,"#198,YAW,-1.51,GYRO,-7,44,-9,ACC,2,3,257,ADC,1282,400,5,1,"
2.0074,rust,0,MM0 ?V
2.0292,rust,0,MM1 ?V
2.0293,rust,0,MM0 V=120:222:4903
2.0293,rust,0,MM1 V=120:223:4900
2.0293,rust,0,"#199,YAW,-1.50,GYRO,-9,44,-9,ACC,6,3,255,ADC,1247,492,5,2,"
2.0293,rust,0,MM1 ?CR
2.0293,rust,0,MM0 ?CR
2.0502,rust,0,MM1 CR=0:0
2.0502,rust,0,MM0 CR=0:0
2.0502,rust,0,"#200,YAW,-1.50,GYRO,-9,45,-9,ACC,0,0,253,ADC,1231,384,6,2,"
2.0502,rust,0,MM0 ?A
2.0502,rust,0,MM1 ?A
2.0502,rust,0,MM0 A=0:0
2.0845,rust,0,MM1 A=0:0
2.0845,rust,0,MM0 !M 0 0
2.0845,rust,0,MM1 !M 0 0
2.0845,rust,0,MM0 +
2.0846,rust,0,MM1 +
2.0846,rust,0,"#201,YAW,-1.50,GYRO,-9,43,-9,ACC,1,2,258,ADC,1247,393,3,1,"
2.0846,rust,0,MM1 ?AI
2.0846,rust,0,MM0 ?AI
2.0846,rust,0,MM1 AI=0:0:2337:2353:0:0
2.0846,rust,0,MM0 AI=0:0:2444:2425:0:0
2.1051,rust,0,"#202,YAW,-1.50,GYRO,-9,46,-10,ACC,4,4,257,ADC,1223,389,5,2,"
2.1051,rust,0,MM0 ?C
2.1051,rust,0,MM1 ?C
2.1051,rust,0,MM0 C=-291:287
2.1051,rust,0,MM1 C=1289:-1405
2.1051,rust,0,"$GPRMC,094058.0,A,5050.50755,N,00419.37220,E,000.30,223.8,021026,000.4,E*59"
2.1261,rust,0,"#203,YAW,-1.50,GYRO,-10,45,-9,ACC,4,1,254,ADC,1238,385,6,2,"
2.1261,rust,0,MM0 ?D
2.1261,rust,0,MM1 ?D
2.1261,rust,0,MM1 D=33
2.1261,rust,0,MM0 D=2
2.1471,rust,0,"#204,YAW,-1.50,GYRO,-7,45,-10,ACC,3,2,255,ADC,1272,385,5,1,"
2.1471,rust,0,MM0 ?FF
2.1471,rust,0,MM1 ?FF
2.1471,rust,0,MM0 FF=16
2.1471,rust,0,MM1 FF=16
2.1471,rust,0,"#205,YAW,-1.50,GYRO,-7,47,-8,ACC,3,2,258,ADC,1273,382,5,1,"
2.1811,rust,0,MM0 ?P
2.1811,rust,0,MM1 ?P
2.1811,rust,0,MM0 P=0:0
2.1811,rust,0,MM1 P=0:0
2.1811,rust,0,MM0 !M 0 0
2.1811,rust,0,MM1 !M 0 0
2.1811,rust,0,MM0 +
2.1811,rust,0,MM1 +
2.1811,rust,0,"#206,YAW,-1.50,GYRO,-8,46,-9,ACC,2,3,257,ADC,1286,503,5,2,"
2.1811,rust,0,MM0 ?S
2.1811,rust,0,MM1 ?S
2.1811,rust,0,MM0 S=0:0
2.1811,rust,0,MM1 S=0:0
2.2021,rust,0,"#207,YAW,-1.50,GYRO,-10,44,-9,ACC,0,3,251,ADC,1275,391,5,2,"
2.2021,rust,0,MM0 ?T
2.2021,rust,0,MM1 ?T
2.2021,rust,0,MM0 T=35:34
2.2021,rust,0,MM1 T=36:33
2.2231,rust,0,"#208,YAW,-1.50,GYRO,-9,45,-9,ACC,6,2,258,ADC,1242,383,5,1,"
2.2231,rust,0,MM0 ?V
2.2231,rust,0,MM1 ?V
2.2231,rust,0,MM0 V=120:223:4902
2.2231,rust,0,MM1 V=120:223:4899
2.2443,rust,0,"#209,YAW,-1.50,GYRO,-10,45,-9,ACC,1,5,257,ADC,1235,415,6,2,"
2.2443,rust,0,MM1 ?CR
2.2443,rust,0,MM0 ?CR
2.2443,rust,0,MM1 CR=0:0
2.2443,rust,0,MM0 CR=0:0
2.2780,rust,0,"#210,YAW,-1.50,GYRO,-8,47,-10,ACC,3,3,252,ADC,1240,500,4,1,"
2.2780,rust,0,MM1 ?A
2.2780,rust,0,MM0 ?A
2.2780,rust,0,MM1 A=0:0
2.2780,rust,0,MM0 A=0:0
2.2780,rust,0,MM0 !M 0 0
2.2780,rust,0,MM1 !M 0 0
2.2780,rust,0,MM0 +
2.2780,rust,0,MM1 +
2.2780,rust,0,"#211,YAW,-1.50,GYRO,-8,46,-10,ACC,4,1,256,ADC,1292,499,5,3,"
2.2780,rust,0,MM1 ?AI
2.2780,rust,0,MM0 ?AI
2.2781,rust,0,MM1 AI=0:0:2335:2325:0:0
2.2781,rust,0,MM0 AI=0:0:2425:2488:0:0
2.2990,rust,0,"#212,YAW,-1.50,GYRO,-7,48,-10,ACC,4,1,253,ADC,1251,386,4,2,"
2.2990,rust,0,MM1 ?C
2.2990,rust,0,MM0 ?C
2.2990,rust,0,MM0 C=-291:287
2.2990,rust,0,MM1 C=1289:-1405
2.3199,rust,0,"$GPRMC,094058.2,A,5050.50756,N,00419.37222,E,000.30,223.8,021026,000.4,E*5A"
2.3199,rust,0,"#213,YAW,-1.50,GYRO,-8,45,-10,ACC,0,4,253,ADC,1236,499,5,2,"
2.3199,rust,0,MM1 ?D
2.3199,rust,0,MM0 ?D
2.3199,rust,0,MM1 D=33
2.3199,rust,0,MM0 D=2
2.3410,rust,0,"#214,YAW,-1.50,GYRO,-7,44,-9,ACC,0,2,257,ADC,1243,495,4,2,"
2.3410,rust,0,MM1 ?FF
2.3410,rust,0,MM0 ?FF
2.3410,rust,0,MM1 FF=16
2.3410,rust,0,MM0 FF=16
2.3912,rust,0,"#215,YAW,-1.50,GYRO,-6,44,-9,ACC,2,5,259,ADC,1248,501,6,2,"
2.3912,rust,0,MM1 ?P
2.3912,rust,0,MM0 ?P
2.3912,rust,0,MM1 P=0:0
2.3912,rust,0,MM0 P=0:0
2.3912,rust,0,"#216,YAW,-1.50,GYRO,-8,48,-10,ACC,2,1,256,ADC,1200,381,6,1,"
2.3912,rust,0,MM0 !M 0 0
2.3912,rust,0,MM0 +
2.3912,rust,0,MM1 !M 0 0
2.3912,rust,0,MM1 +
2.3912,rust,0,MM1 ?S
2.3912,rust,0,MM0 ?S
2.3913,rust,0,MM1 S=0:0
2.3913,rust,0,MM0 S=0:0
2.3913,rust,0,"#217,YAW,-1.50,GYRO,-8,45,-8,ACC,1,2,256,ADC,1273,499,4,2,"
2.3913,rust,0,MM1 ?T
2.3913,rust,0,MM0 ?T
2.3913,rust,0,MM1 T=36:34
2.3913,rust,0,MM0 T=35:34
2.4121,rust,0,"#218,YAW,-1.50,GYRO,-10,45,-9,ACC,3,1,257,ADC,1265,385,4,2,"
2.4121,rust,0,MM1 ?V
2.4121,rust,0,MM0 ?V
2.4121,rust,0,MM1 V=120:223:4900
2.4121,rust,0,MM0 V=120:222:4902
2.4330,rust,0,"#219,YAW,-1.50,GYRO,-7,46,-10,ACC,4,4,259,ADC,1290,502,8,2,"
2.4330,rust,0,MM1 ?CR
2.4330,rust,0,MM0 ?CR
2.4330,rust,0,MM1 CR=0:0
2.4330,rust,0,MM0 CR=0:0
2.4538,rust,0,"#220,YAW,-1.50,GYRO,-8,48,-9,ACC,2,1,254,ADC,1256,396,4,2,"
2.4538,rust,0,MM1 ?A
2.4539,rust,0,MM0 ?A
2.4539,rust,0,MM1 A=0:0
2.4539,rust,0,MM0 A=0:0
2.4901,rust,0,MM0 !M 0 0
2.4901,rust,0,MM1 !M 0 0
2.4901,rust,0,MM0 +
2.4901,rust,0,MM1 +
2.4901,rust,0,"#221,YAW,-1.50,GYRO,-9,45,-9,ACC,1,1,257,ADC,1247,289,5,2,"
2.4901,rust,0,MM1 ?AI
2.4901,rust,0,MM0 ?AI
2.4901,rust,0,MM1 AI=0:0:2325:2354:0:0
2.4901,rust,0,MM0 AI=0:0:2410:2453:0:0
2.4901,rust,0,"#222,YAW,-1.50,GYRO,-9,46,-10,ACC,1,2,253,ADC,1274,382,6,1,"
2.4901,rust,0,MM1 ?C
2.4901,rust,0,MM0 ?C
2.5111,rust,0,MM0 C=-291:287
2.5111,rust,0,MM1 C=1289:-1405
2.5111,rust,0,"$GPRMC,094058.4,A,5050.50758,N,00419.37223,E,000.31,223.8,021026,000.4,E*52"
2.5111,rust,0,"#223,YAW,-1.50,GYRO,-7,45,-9,ACC,2,1,254,ADC,1257,388,4,1,"
2.5111,rust,0,MM1 ?D
2.5111,rust,0,MM0 ?D
2.5111,rust,0,MM1 D=33
2.5111,rust,0,MM0 D=2
2.5319,rust,0,"#224,YAW,-1.50,GYRO,-7,45,-10,ACC,5,2,255,ADC,1278,500,7,2,"
2.5319,rust,0,MM1 ?FF
2.5319,rust,0,MM0 ?FF
2.5319,rust,0,MM1 FF=16
2.5319,rust,0,MM0 FF=16
2.5529,rust,0,"#225,YAW,-1.50,GYRO,-8,44,-10,ACC,2,1,258,ADC,1285,498,6,2,"
2.5529,rust,0,MM1 ?P
2.5529,rust,0,MM0 ?P
2.5529,rust,0,MM1 P=0:0
2.5529,rust,0,MM0 P=0:0
2.5872,rust,0,MM1 !M 0 0
2.5872,rust,0,MM0 !M 0 0
2.5872,rust,0,MM1 +
2.5872,rust,0,MM0 +
2.5872,rust,0,"#226,YAW,-1.50,GYRO,-9,45,-11,ACC,3,3,256,ADC,1234,342,4,2,"
2.5872,rust,0,MM1 ?S
2.5872,rust,0,MM0 ?S
2.5872,rust,0,MM1 S=0:0
2.5872,rust,0,MM0 S=0:0
2.5872,rust,0,"#227,YAW,-1.50,GYRO,-9,45,-9,ACC,2,3,248,ADC,1234,392,8,2,"
2.6081,rust,0,MM1 ?T
2.6081,rust,0,MM0 ?T
2.6081,rust,0,MM1 T=36:33
2.6081,rust,0,MM0 T=35:34
2.6081,rust,0,"#228,YAW,-1.50,GYRO,-8,45,-8,ACC,4,1,254,ADC,1211,404,3,2,"
2.6081,rust,0,MM1 ?V
2.6293,rust,0,MM0 ?V
2.6293,rust,0,MM1 V=120:223:4900
2.6293,rust,0,MM0 V=120:223:4904
2.6293,rust,0,"#229,YAW,-1.50,GYRO,-8,45,-10,ACC,4,1,255,ADC,1203,380,5,2,"
2.6293,rust,0,MM1 ?CR
2.6293,rust,0,MM0 ?CR
2.6501,rust,0,MM1 CR=0:0
2.6501,rust,0,MM0 CR=0:0
2.6501,rust,0,"#230,YAW,-1.50,GYRO,-8,46,-11,ACC,0,2,255,ADC,1254,388,4,1,"
2.6501,rust,0,MM1 ?A
2.6502,rust,0,MM0 ?A
2.6502,rust,0,MM1 A=0:0
2.6853,rust,0,MM0 A=0:0
2.6853,rust,0,MM1 !M 0 0
2.6853,rust,0,MM0 !M 0 0
2.6853,rust,0,MM1 +
2.6853,rust,0,MM0 +
2.6853,rust,0,"#231,YAW,-1.50,GYRO,-8,46,-10,ACC,5,2,260,ADC,1248,384,4,1,"
2.6853,rust,0,MM1 ?AI
2.6853,rust,0,MM0 ?AI
2.6853,rust,0,MM1 AI=0:0:2329:2343:0:0
2.6854,rust,0,MM0 AI=0:0:2425:2426:0:0
2.7062,rust,0,"#232,YAW,-1.50,GYRO,-9,45,-9,ACC,1,4,255,ADC,1257,499,7,2,"
2.7063,rust,0,MM1 ?C
2.7063,rust,0,MM0 ?C
2.7063,rust,0,MM0 C=-291:287
2.7063,rust,0,MM1 C=1289:-1405
2.7063,rust,0,"$GPRMC,094058.6,A,5050.50759,N,00419.37225,E,000.32,223.8,021026,000.4,E*54"
2.7276,rust,0,"#233,YAW,-1.50,GYRO,-7,45,-8,ACC,3,4,254,ADC,1273,495,7,3,"
2.7276,rust,0,MM1 ?D
2.7276,rust,0,MM0 ?D
2.7276,rust,0,MM1 D=33
2.7276,rust,0,MM0 D=10
2.7276,rust,0,"#234,YAW,-1.50,GYRO,-7,43,-9,ACC,5,2,255,ADC,1233,380,5,1,"
2.7477,rust,0,MM1 ?FF
2.7477,rust,0,MM0 ?FF
2.7477,rust,0,MM1 FF=16
2.7477,rust,0,MM0 FF=16
2.7477,rust,0,"#235,YAW,-1.50,GYRO,-8,46,-10,ACC,2,2,261,ADC,1299,395,6,1,"
2.7477,rust,0,MM1 ?P
2.7822,rust,0,MM0 ?P
2.7822,rust,0,MM1 P=0:0
2.7822,rust,0,MM0 P=0:0
2.7822,rust,0,MM0 !M 0 0
2.7822,rust,0,MM1 !M 0 0
2.7822,rust,0,MM0 +
2.7822,rust,0,MM1 +
2.7822,rust,0,"#236,YAW,-1.50,GYRO,-7,46,-9,ACC,0,2,254,ADC,1269,395,6,2,"
2.7822,rust,0,MM1 ?S
2.7822,rust,0,MM0 ?S
2.7822,rust,0,MM1 S=0:0
2.7822,rust,0,MM0 S=0:0
2.8031,rust,0,"#237,YAW,-1.50,GYRO,-9,43,-10,ACC,2,2,251,ADC,1275,498,6,2,"
2.8031,rust,0,MM1 ?T
2.8031,rust,0,MM0 ?T
2.8031,rust,0,MM1 T=36:33
2.8031,rust,0,MM0 T=35:34
2.8262,rust,0,"#238,YAW,-1.50,GYRO,-9,45,-10,ACC,2,3,258,ADC,1267,385,6,2,"
2.8262,rust,0,MM1 ?V
2.8262,rust,0,MM0 ?V
2.8262,rust,0,MM1 V=120:223:4898
2.8262,rust,0,MM0 V=120:224:4902
2.8452,rust,0,"#239,YAW,-1.50,GYRO,-8,45,-8,ACC,0,4,255,ADC,1281,502,5,2,"
2.8452,rust,0,MM0 ?CR
2.8452,rust,0,MM1 ?CR
2.8452,rust,0,MM1 CR=0:0
2.8452,rust,0,MM0 CR=0:0
2.8933,rust,0,"#240,YAW,-1.50,GYRO,-9,44,-8,ACC,2,1,254,ADC,1260,502,5,1,"
2.8933,rust,0,MM1 ?A
2.8933,rust,0,MM0 ?A
2.8933,rust,0,MM1 A=0:0
2.8933,rust,0,MM0 A=0:0
2.8933,rust,0,"#241,YAW,-1.50,GYRO,-9,45,-9,ACC,4,2,256,ADC,1250,392,5,2,"
2.8934,rust,0,MM0 ?AI
2.8934,rust,0,MM1 ?AI
2.8934,rust,0,MM0 AI=0:0:2439:2439:0:0
2.8934,rust,0,MM1 AI=0:0:2345:2331:0:0
2.8934,rust,0,MM0 !M 0 0
2.8934,rust,0,MM1 !M 0 0
2.8934,rust,0,MM0 +
2.8934,rust,0,MM1 +
2.8934,rust,0,"#242,YAW,-1.50,GYRO,-8,44,-9,ACC,4,2,252,ADC,1242,500,6,2,"
2.8934,rust,0,MM0 ?C
2.8934,rust,0,MM1 ?C
2.8934,rust,0,MM0 C=-291:287
2.8935,rust,0,MM1 C=1289:-1405
2.9139,rust,0,"$GPRMC,094058.8,A,5050.50761,N,00419.37227,E,000.33,223.8,021026,000.4,E*52"
2.9140,rust,0,"#243,YAW,-1.50,GYRO,-9,45,-9,ACC,2,3,253,ADC,1286,502,6,2,"
2.9140,rust,0,MM0 ?D
2.9140,rust,0,MM1 ?D
2.9140,rust,0,MM1 D=33
2.9140,rust,0,MM0 D=2
2.9351,rust,0,"#244,YAW,-1.50,GYRO,-8,46,-10,ACC,3,4,254,ADC,1206,388,5,2,"
2.9351,rust,0,MM0 ?FF
2.9351,rust,0,MM1 ?FF
2.9351,rust,0,MM0 FF=16
2.9351,rust,0,MM1 FF=16
2.9572,rust,0,"#245,YAW,-1.50,GYRO,-8,47,-10,ACC,2,2,255,ADC,1253,388,6,2,"
2.9572,rust,0,MM0 ?P
2.9572,rust,0,MM1 ?P
2.9572,rust,0,MM0 P=0:0
2.9572,rust,0,MM1 P=0:0
2.9911,rust,0,"#246,YAW,-1.50,GYRO,-8,45,-9,ACC,-1,1,253,ADC,1260,500,4,1,"
2.9911,rust,0,MM0 !M 0 0
2.9911,rust,0,MM0 +
2.9911,rust,0,MM1 !M 0 0
2.9911,rust,0,MM1 +
2.9911,rust,0,MM0 ?S
2.9911,rust,0,MM1 ?S
2.9911,rust,0,MM0 S=0:0
2.9911,rust,0,MM1 S=0:0
2.9911,rust,0,"#247,YAW,-1.50,GYRO,-10,46,-9,ACC,2,1,257,ADC,1257,501,5,2,"
2.9911,rust,0,MM0 ?T
2.9911,rust,0,MM1 ?T
2.9911,rust,0,MM0 T=35:34
2.9911,rust,0,MM1 T=36:33
3.0123,rust,0,"#248,YAW,-1.50,GYRO,-9,45,-10,ACC,2,3,257,ADC,1235,378,4,2,"
3.0123,rust,0,MM0 ?V
3.0123,rust,0,MM1 ?V
3.0123,rust,0,MM0 V=120:222:4902
3.0123,rust,0,MM1 V=120:223:4899
3.0329,rust,0,"#249,YAW,-1.50,GYRO,-8,46,-10,ACC,2,2,254,ADC,1236,389,6,2,"
3.0329,rust,0,MM0 ?CR
3.0329,rust,0,MM1 ?CR
3.0329,rust,0,MM0 CR=0:0
3.0329,rust,0,MM1 CR=0:0
3.0560,vrijgeven,0,"#250,YAW,-1.50,GYRO,-10,45,-10,ACC,2,3,256,ADC,1246,393,4,1,"
3.0561,vrijgeven,0,MM0 ?A
3.0561,vrijgeven,0,MM1 ?A
3.0561,vrijgeven,0,MM0 A=0:0
3.0561,vrijgeven,0,MM1 A=0:0
3.0561,vrijgeven,0,MM0 !MG
3.0561,vrijgeven,0,MM1 !MG
3.0561,vrijgeven,0,MM0 +
3.0561,vrijgeven,0,MM1 +
3.0903,vrijgeven,0,"#251,YAW,-1.50,GYRO,-9,45,-10,ACC,4,2,257,ADC,1280,385,6,2,"
3.0903,vrijgeven,0,MM0 !M 0 0
3.0903,vrijgeven,0,MM0 +
3.0903,vrijgeven,0,MM1 !M 0 0
3.0903,vrijgeven,0,MM1 +
3.0903,vrijgeven,0,MM0 ?AI
3.0903,vrijgeven,0,MM1 ?AI
3.0903,vrijgeven,0,MM0 AI=0:0:2426:2446:0:0
3.0903,vrijgeven,0,MM1 AI=0:0:2325:2356:0:0
3.0903,vrijgeven,0,"#252,YAW,-1.50,GYRO,-9,45,-10,ACC,5,1,251,ADC,1247,391,7,2,"
3.0903,vrijgeven,0,MM0 ?C
3.0903,vrijgeven,0,MM1 ?C
3.0903,vrijgeven,0,MM0 C=-291:287
3.1116,vrijgeven,0,MM1 C=1289:-1405
3.1117,vrijgeven,0,"$GPRMC,094059.0,A,5050.50762,N,00419.37229,E,000.33,223.8,021026,000.4,E*56"
3.1117,vrijgeven,0,"#253,YAW,-1.50,GYRO,-8,44,-10,ACC,2,5,261,ADC,1259,503,4,2,"
3.1117,vrijgeven,0,MM1 ?D
3.1117,vrijgeven,0,MM0 ?D
3.1117,vrijgeven,0,MM1 D=33
3.1117,vrijgeven,0,MM0 D=2
3.1331,vrijgeven,0,"#254,YAW,-1.50,GYRO,-7,45,-9,ACC,3,4,258,ADC,1226,384,6,2,"
3.1331,vrijgeven,0,MM0 ?FF
3.1332,vrijgeven,0,MM1 ?FF
3.1332,vrijgeven,0,MM0 FF=0
3.1332,vrijgeven,0,MM1 FF=0
3.1529,vrijgeven,0,"#255,YAW,-1.50,GYRO,-7,48,-10,ACC,2,2,262,ADC,1270,386,4,1,"
3.1529,vrijgeven,0,MM0 ?P
3.1529,vrijgeven,0,MM1 ?P
3.1529,vrijgeven,0,MM0 P=0:0
3.1529,vrijgeven,0,MM1 P=0:0
3.1871,vrijgeven,0,MM1 !M 0 0
3.1871,vrijgeven,0,MM0 !M 0 0
3.1871,vrijgeven,0,MM1 +
3.1871,vrijgeven,0,MM0 +
3.1872,vrijgeven,0,"#0,YAW,-1.50,GYRO,-9,43,-9,ACC,1,1,248,ADC,1304,309,8,1,"
3.1872,vrijgeven,0,MM1 ?S
3.1872,vrijgeven,0,MM0 ?S
3.1872,vrijgeven,0,MM0 S=0:0
3.1872,vrijgeven,0,MM1 S=0:0
3.1872,vrijgeven,0,"#1,YAW,-1.50,GYRO,-9,45,-9,ACC,4,1,254,ADC,1230,385,6,1,"
3.2118,vrijgeven,0,MM0 ?T
3.2118,vrijgeven,0,MM1 ?T
3.2118,vrijgeven,0,MM0 T=35:34
3.2118,vrijgeven,0,MM1 T=36:33
3.2118,vrijgeven,0,"#2,YAW,-1.50,GYRO,-9,44,-10,ACC,3,2,257,ADC,1284,498,4,2,"
3.2119,vrijgeven,0,MM0 ?V
3.2293,vrijgeven,0,MM1 ?V
3.2293,vrijgeven,0,MM0 V=120:224:4903
3.2293,vrijgeven,0,MM1 V=120:222:4899
3.2293,vrijgeven,0,"#3,YAW,-1.50,GYRO,-8,47,-9,ACC,0,2,251,ADC,1265,504,3,2,"
3.2293,vrijgeven,0,MM0 ?CR
3.2293,vrijgeven,0,MM1 ?CR
3.2504,vrijgeven,0,MM0 CR=0:0
3.2505,vrijgeven,0,MM1 CR=0:0
3.2505,vrijgeven,0,"#4,YAW,-1.50,GYRO,-7,46,-10,ACC,5,2,260,ADC,1256,503,4,2,"
3.2505,vrijgeven,0,MM0 ?A
3.2505,vrijgeven,0,MM1 ?A
3.2505,vrijgeven,0,MM0 A=0:0
3.2842,vrijgeven,0,MM1 A=0:0
3.2842,vrijgeven,0,MM1 !M 0 0
3.2842,vrijgeven,0,MM0 !M 0 0
3.2842,vrijgeven,0,MM1 +
3.2842,vrijgeven,0,MM0 +
3.2842,vrijgeven,0,"#5,YAW,-1.50,GYRO,-8,44,-10,ACC,4,2,252,ADC,1255,499,6,2,"
3.2842,vrijgeven,0,MM0 ?AI
3.2842,vrijgeven,0,MM1 ?AI
3.2842,vrijgeven,0,MM0 AI=0:0:2415:2442:0:0
3.2842,vrijgeven,0,MM1 AI=0:0:2346:2363:0:0
3.3049,vrijgeven,0,"#6,YAW,-1.50,GYRO,-9,48,-10,ACC,3,3,253,ADC,1237,500,4,2,"
3.3050,vrijgeven,0,MM0 ?C
3.3050,vrijgeven,0,MM1 ?C
3.3050,vrijgeven,0,MM0 C=-291:287
3.3050,vrijgeven,0,MM1 C=1289:-1405
3.3050,vrijgeven,0,"$GPRMC,094059.2,A,5050.50764,N,00419.37231,E,000.34,223.8,021026,000.4,E*5C"
3.3262,vrijgeven,0,"#7,YAW,-1.50,GYRO,-8,45,-8,ACC,3,5,258,ADC,1232,381,4,1,"
3.3262,vrijgeven,0,MM0 ?D
3.3262,vrijgeven,0,MM1 ?D
3.3262,vrijgeven,0,MM1 D=41
3.3262,vrijgeven,0,MM0 D=2
3.3473,vrijgeven,0,"#8,YAW,-1.50,GYRO,-7,45,-10,ACC,3,4,259,ADC,1273,501,5,2,"
3.3473,vrijgeven,0,MM0 ?FF
3.3473,vrijgeven,0,MM1 ?FF
3.3473,vrijgeven,0,MM0 FF=0
3.3473,vrijgeven,0,MM1 FF=0
3.3473,vrijgeven,0,"#9,YAW,-1.50,GYRO,-8,44,-8,ACC,3,3,254,ADC,1252,387,4,2,"
3.3971,vrijgeven,0,MM0 ?P
3.3971,vrijgeven,0,MM1 ?P
3.3971,vrijgeven,0,MM0 P=0:0
3.3971,vrijgeven,0,MM1 P=0:0
3.3971,vrijgeven,0,"#10,YAW,-1.50,GYRO,-9,48,-9,ACC,4,2,261,ADC,1238,393,7,2,"
3.3972,vrijgeven,0,MM0 ?S
3.3972,vrijgeven,0,MM1 ?S
3.3972,vrijgeven,0,MM0 S=0:0
3.3972,vrijgeven,0,MM1 S=0:0
3.3972,vrijgeven,0,MM0 !M 0 0
3.3972,vrijgeven,0,MM1 !M 0 0
3.3972,vrijgeven,0,MM0 +
3.3972,vrijgeven,0,MM1 +
3.3972,vrijgeven,0,"#11,YAW,-1.50,GYRO,-9,45,-8,ACC,3,1,253,ADC,1252,387,4,2,"
3.3972,vrijgeven,0,MM0 ?T
3.3972,vrijgeven,0,MM1 ?T
3.3972,vrijgeven,0,MM0 T=35:34
3.3972,vrijgeven,0,MM1 T=36:33
3.4181,vrijgeven,0,"#12,YAW,-1.50,GYRO,-7,46,-9,ACC,1,4,257,ADC,1263,500,5,2,"
3.4181,vrijgeven,0,MM0 ?V
3.4181,vrijgeven,0,MM1 ?V
3.4181,vrijgeven,0,MM0 V=120:223:4902
3.4181,vrijgeven,0,MM1 V=120:222:4898
3.4401,vrijgeven,0,"#13,YAW,-1.50,GYRO,-9,46,-10,ACC,3,1,259,ADC,1261,504,5,1,"
3.4401,vrijgeven,0,MM0 ?CR
3.4401,vrijgeven,0,MM1 ?CR
3.4401,vrijgeven,0,MM0 CR=0:0
3.4401,vrijgeven,0,MM1 CR=0:0
3.4598,vrijgeven,0,"#14,YAW,-1.50,GYRO,-8,46,-11,ACC,5,2,251,ADC,1246,384,4,1,"
3.4599,vrijgeven,0,MM0 ?A
3.4599,vrijgeven,0,MM1 ?A
3.4599,vrijgeven,0,MM0 A=0:0
3.4599,vrijgeven,0,MM1 A=0:0
3.4947,vrijgeven,0,"#15,YAW,-1.50,GYRO,-8,45,-9,ACC,2,2,255,ADC,1259,494,6,1,"
3.4948,vrijgeven,0,MM0 ?AI
3.4948,vrijgeven,0,MM1 ?AI
3.4948,vrijgeven,0,MM0 AI=0:0:2422:2420:0:0
3.4948,vrijgeven,0,MM1 AI=0:0:2343:2341:0:0
3.4948,vrijgeven,0,MM0 !M 0 0
3.4948,vrijgeven,0,MM1 !M 0 0
3.4948,vrijgeven,0,MM1 +
3.4948,vrijgeven,0,MM0 +
3.4948,vrijgeven,0,"#16,YAW,-1.50,GYRO,-8,46,-8,ACC,1,2,258,ADC,1266,393,6,2,"
3.4948,vrijgeven,0,MM0 ?C
3.4948,vrijgeven,0,MM1 ?C
3.4948,vrijgeven,0,MM0 C=-291:287
3.4948,vrijgeven,0,MM1 C=1289:-1405
3.5151,vrijgeven,0,"$GPRMC,094059.4,A,5050.50765,N,00419.37233,E,000.36,223.8,021026,000.4,E*5B"
3.5152,vrijgeven,0,"#17,YAW,-1.50,GYRO,-10,45,-9,ACC,4,1,259,ADC,1274,390,5,1,"
3.5152,vrijgeven,0,MM0 ?D
3.5152,vrijgeven,0,MM1 ?D
3.5152,vrijgeven,0,MM1 D=33
3.5152,vrijgeven,0,MM0 D=2
3.5359,vrijgeven,0,"#18,YAW,-1.50,GYRO,-9,46,-9,ACC,1,3,258,ADC,1263,385,4,1,"
3.5359,vrijgeven,0,MM0 ?FF
3.5359,vrijgeven,0,MM1 ?FF
3.5359,vrijgeven,0,MM0 FF=0
3.5359,vrijgeven,0,MM1 FF=0
3.5572,vrijgeven,0,"#19,YAW,-1.50,GYRO,-8,47,-8,ACC,1,5,255,ADC,1246,382,6,2,"
3.5573,vrijgeven,0,MM0 ?P
3.5573,vrijgeven,0,MM1 ?P
3.5573,vrijgeven,0,MM0 P=0:0
3.5573,vrijgeven,0,MM1 P=0:0
3.5913,vrijgeven,0,"#20,YAW,-1.50,GYRO,-9,45,-9,ACC,3,1,258,ADC,1216,385,5,2,"
3.5913,vrijgeven,0,MM0 !M 0 0
3.5914,vrijgeven,0,MM0 +
3.5915,vrijgeven,0,MM1 !M 0 0
3.5915,vrijgeven,0,MM1 +
3.5915,vrijgeven,0,MM0 ?S
3.5915,vrijgeven,0,MM1 ?S
3.5915,vrijgeven,0,MM0 S=0:0
3.5915,vrijgeven,0,MM1 S=0:0
3.5915,vrijgeven,0,"#21,YAW,-1.50,GYRO,-9,44,-11,ACC,3,1,252,ADC,1220,381,6,2,"
3.5915,vrijgeven,0,MM0 ?T
3.5915,vrijgeven,0,MM1 ?T
3.5915,vrijgeven,0,MM0 T=35:34
3.5915,vrijgeven,0,MM1 T=36:33
3.6120,vrijgeven,0,"#22,YAW,-1.50,GYRO,-7,46,-10,ACC,5,2,255,ADC,1257,392,4,2,"
3.6120,vrijgeven,0,MM0 ?V
3.6121,vrijgeven,0,MM1 ?V
3.6121,vrijgeven,0,MM0 V=120:223:4902
3.6121,vrijgeven,0,MM1 V=120:223:4900
3.6331,vrijgeven,0,"#23,YAW,-1.50,GYRO,-9,46,-8,ACC,4,2,257,ADC,1243,382,4,2,"
3.6331,vrijgeven,0,MM0 ?CR
3.6331,vrijgeven,0,MM1 ?CR
3.6331,vrijgeven,0,MM0 CR=0:0
3.6331,vrijgeven,0,MM1 CR=0:0
3.6539,vrijgeven,0,"#24,YAW,-1.50,GYRO,-8,45,-10,ACC,1,1,254,ADC,1265,390,5,2,"
3.6539,vrijgeven,0,MM0 ?A
3.6539,vrijgeven,0,MM1 ?A
3.6539,vrijgeven,0,MM0 A=0:0
3.6539,vrijgeven,0,MM1 A=0:0
3.6880,vrijgeven,0,MM0 !M 0 0
3.6880,vrijgeven,0,MM1 !M 0 0
3.6880,vrijgeven,0,MM0 +
3.6880,vrijgeven,0,MM1 +
3.6881,vrijgeven,0,"#25,YAW,-1.50,GYRO,-9,45,-9,ACC,2,2,250,ADC,1252,320,4,2,"
3.6881,vrijgeven,0,MM0 ?AI
3.6881,vrijgeven,0,MM1 ?AI
3.6881,vrijgeven,0,MM0 AI=0:0:2429:2417:0:0
3.6881,vrijgeven,0,MM1 AI=0:0:2330:2363:0:0
3.6881,vrijgeven,0,"#26,YAW,-1.50,GYRO,-9,46,-10,ACC,3,5,256,ADC,1262,499,5,2,"
3.7092,vrijgeven,0,MM0 ?C
3.7092,vrijgeven,0,MM1 ?C
3.7092,vrijgeven,0,MM0 C=-291:287
3.7092,vrijgeven,0,MM1 C=1289:-1405
3.7092,vrijgeven,0,"$GPRMC,094059.6,A,5050.50767,N,00419.37234,E,000.37,223.8,021026,000.4,E*5D"
3.7093,vrijgeven,0,"#27,YAW,-1.50,GYRO,-8,45,-10,ACC,1,1,253,ADC,1245,384,4,1,"
3.7093,vrijgeven,0,MM0 ?D
3.7093,vrijgeven,0,MM1 ?D
3.7300,vrijgeven,0,MM1 D=33
3.7301,vrijgeven,0,MM0 D=2
3.7301,vrijgeven,0,"#28,YAW,-1.50,GYRO,-10,45,-9,ACC,4,2,256,ADC,1232,390,6,1,"
3.7301,vrijgeven,0,MM0 ?FF
3.7301,vrijgeven,0,MM1 ?FF
3.7301,vrijgeven,0,MM0 FF=0
3.7510,vrijgeven,0,MM1 FF=0
3.7510,vrijgeven,0,"#29,YAW,-1.49,GYRO,-8,45,-10,ACC,4,3,256,ADC,1295,500,4,2,"
3.7510,vrijgeven,0,MM0 ?P
3.7510,vrijgeven,0,MM1 ?P
3.7510,vrijgeven,0,MM0 P=0:0
3.7510,vrijgeven,0,MM1 P=0:0
3.8000,vrijgeven,0,"#30,YAW,-1.49,GYRO,-8,47,-9,ACC,3,3,261,ADC,1236,393,6,1,"
3.8000,vrijgeven,0,MM0 ?S
3.8000,vrijgeven,0,MM1 ?S
3.8000,vrijgeven,0,MM0 S=0:0
3.8000,vrijgeven,0,MM1 S=0:0
3.8000,vrijgeven,0,MM1 !M 0 0
3.8000,vrijgeven,0,MM0 !M 0 0
3.8000,vrijgeven,0,MM1 +
3.8000,vrijgeven,0,MM0 +
3.8000,vrijgeven,0,"#31,YAW,-1.49,GYRO,-9,45,-10,ACC,1,3,249,ADC,1225,381,6,3,"
3.8001,vrijgeven,0,MM1 ?T
3.8001,vrijgeven,0,MM0 ?T
3.8001,vrijgeven,0,MM0 T=35:34
3.8001,vrijgeven,0,MM1 T=36:33
3.8211,vrijgeven,0,"#32,YAW,-1.49,GYRO,-11,45,-10,ACC,4,1,257,ADC,1249,497,7,2,"
3.8212,vrijgeven,0,MM0 ?V
3.8212,vrijgeven,0,MM1 ?V
3.8212,vrijgeven,0,MM0 V=120:222:4902
3.8212,vrijgeven,0,MM1 V=120:223:4900
3.8419,vrijgeven,0,"#33,YAW,-1.49,GYRO,-7,45,-9,ACC,2,2,259,ADC,1281,502,4,1,"
3.8419,vrijgeven,0,MM0 ?CR
3.8419,vrijgeven,0,MM1 ?CR
3.8419,vrijgeven,0,MM0 CR=0:0
3.8419,vrijgeven,0,MM1 CR=0:0
3.8633,vrijgeven,0,"#34,YAW,-1.49,GYRO,-9,46,-8,ACC,0,2,251,ADC,1259,503,5,1,"
3.8633,vrijgeven,0,MM0 ?A
3.8633,vrijgeven,0,MM1 ?A
3.8633,vrijgeven,0,MM0 A=0:0
3.8633,vrijgeven,0,MM1 A=0:0
3.9002,vrijgeven,0,"#35,YAW,-1.49,GYRO,-8,46,-8,ACC,2,2,252,ADC,1273,393,5,2,"
3.9002,vrijgeven,0,MM0 ?AI
3.9002,vrijgeven,0,MM1 ?AI
3.9002,vrijgeven,0,MM0 AI=0:0:2422:2434:0:0
3.9002,vrijgeven,0,MM1 AI=0:0:2361:2342:0:0
3.9002,vrijgeven,0,MM0 !M 0 0
3.9002,vrijgeven,0,MM1 !M 0 0
3.9002,vrijgeven,0,MM0 +
3.9002,vrijgeven,0,MM1 +
3.9002,vrijgeven,0,"#36,YAW,-1.49,GYRO,-8,44,-10,ACC,5,1,257,ADC,1221,389,5,1,"
3.9002,vrijgeven,0,MM0 ?C
3.9002,vrijgeven,0,MM1 ?C
3.9002,vrijgeven,0,MM0 C=-291:287
3.9002,vrijgeven,0,MM1 C=1289:-1405
3.9002,vrijgeven,0,"$GPRMC,094059.8,A,5050.50769,N,00419.37236,E,000.38,223.8,021026,000.4,E*50"
3.9209,vrijgeven,0,"#37,YAW,-1.49,GYRO,-8,46,-9,ACC,2,1,251,ADC,1283,387,5,1,"
3.9209,vrijgeven,0,MM0 ?D
3.9209,vrijgeven,0,MM1 ?D
3.9209,vrijgeven,0,MM1 D=33
3.9209,vrijgeven,0,MM0 D=2
3.9421,vrijgeven,0,"#38,YAW,-1.49,GYRO,-10,44,-9,ACC,1,4,257,ADC,1235,388,6,2,"
3.9421,vrijgeven,0,MM0 ?FF
3.9421,vrijgeven,0,MM1 ?FF
3.9421,vrijgeven,0,MM0 FF=0
3.9422,vrijgeven,0,MM1 FF=0
3.9631,vrijgeven,0,"#39,YAW,-1.49,GYRO,-8,45,-11,ACC,5,2,256,ADC,1191,382,4,2,"
3.9631,vrijgeven,0,MM0 ?P
3.9631,vrijgeven,0,MM1 ?P
3.9631,vrijgeven,0,MM0 P=0:0
3.9631,vrijgeven,0,MM1 P=0:0
3.9981,vrijgeven,0,"#40,YAW,-1.49,GYRO,-9,44,-10,ACC,5,2,252,ADC,1309,389,4,2,"
3.9981,vrijgeven,0,MM0 ?S
3.9981,vrijgeven,0,MM1 ?S
3.9981,vrijgeven,0,MM0 S=0:0
3.9981,vrijgeven,0,MM1 S=0:0
3.9981,vrijgeven,0,MM1 !M 0 0
3.9981,vrijgeven,0,MM0 !M 0 0
3.9981,vrijgeven,0,MM1 +
3.9981,vrijgeven,0,MM0 +
3.9981,vrijgeven,0,"#41,YAW,-1.49,GYRO,-8,43,-10,ACC,6,2,252,ADC,1244,395,5,2,"
3.9981,vrijgeven,0,MM0 ?T
3.9981,vrijgeven,0,MM1 ?T
3.9981,vrijgeven,0,MM0 T=35:34
3.9981,vrijgeven,0,MM1 T=36:33
4.0181,vrijgeven,0,"#42,YAW,-1.49,GYRO,-9,45,-9,ACC,4,6,257,ADC,1226,386,4,2,"
4.0181,vrijgeven,0,MM0 ?V
4.0181,vrijgeven,0,MM1 ?V
4.0181,vrijgeven,0,MM0 V=120:223:4902
4.0181,vrijgeven,0,MM1 V=120:223:4899
4.0389,vrijgeven,0,"#43,YAW,-1.49,GYRO,-8,46,-9,ACC,5,1,256,ADC,1277,385,4,2,"
4.0389,vrijgeven,0,MM0 ?CR
4.0389,vrijgeven,0,MM1 ?CR
4.0389,vrijgeven,0,MM0 CR=0:0
4.0389,vrijgeven,0,MM1 CR=0:0
4.0609,heen,0,"#44,YAW,-1.49,GYRO,-8,46,-9,ACC,3,2,251,ADC,1215,383,5,1,"
4.0609,heen,0,MM0 ?A
4.0609,heen,0,MM1 ?A
4.0609,heen,0,MM0 A=0:0
4.0609,heen,0,MM1 A=0:0
4.0954,heen,0,"#45,YAW,-1.49,GYRO,-7,43,-9,ACC,3,2,256,ADC,1257,388,6,2,"
4.0954,heen,0,MM0 ?AI
4.0954,heen,0,MM1 ?AI
4.0954,heen,0,MM0 AI=0:0:2436:2423:0:0
4.0954,heen,0,MM1 AI=0:0:2322:2345:0:0
4.0954,heen,0,MM0 !M 0 0
4.0954,heen,0,MM1 !M 0 0
4.0954,heen,0,MM0 +
4.0954,heen,0,MM1 +
4.0954,heen,0,"#46,YAW,-1.49,GYRO,-8,45,-9,ACC,4,2,260,ADC,1257,496,5,2,"
4.0954,heen,0,MM0 ?C
4.0954,heen,0,MM1 ?C
4.0954,heen,0,MM0 C=-291:287
4.0954,heen,0,MM1 C=1289:-1405
4.1162,heen,0,"$GPRMC,094100.0,A,5050.50771,N,00419.37238,E,000.38,223.8,021026,000.4,E*52"
4.1162,heen,0,"#47,YAW,-1.49,GYRO,-9,46,-8,ACC,1,2,253,ADC,1240,393,6,1,"
4.1162,heen,0,MM0 ?D
4.1162,heen,0,MM1 ?D
4.1162,heen,0,MM1 D=33
4.1162,heen,0,MM0 D=2
4.1383,heen,0,"#48,YAW,-1.49,GYRO,-9,46,-10,ACC,1,4,257,ADC,1280,383,6,2,"
4.1384,heen,0,MM0 ?FF
4.1384,heen,0,MM1 ?FF
4.1384,heen,0,MM0 FF=0
4.1384,heen,0,MM1 FF=0
4.1578,heen,30,"#49,YAW,-1.49,GYRO,-8,44,-9,ACC,2,1,256,ADC,1257,392,4,2,"
4.1578,heen,30,MM0 ?P
4.1578,heen,30,MM1 ?P
4.1578,heen,30,MM0 P=0:0
4.1578,heen,30,MM1 P=0:0
4.1919,heen,30,"#50,YAW,-1.49,GYRO,-7,43,-10,ACC,-2,3,254,ADC,1299,499,5,2,"
4.1919,heen,30,MM0 ?S
4.1919,heen,30,MM1 ?S
4.1919,heen,30,MM0 S=0:0
4.1919,heen,30,MM1 S=0:0
4.1919,heen,30,MM1 !M 30 -30
4.1919,heen,30,MM0 !M 30 -30
4.1919,heen,30,MM0 +
4.1920,heen,30,MM1 +
4.1920,heen,30,"#51,YAW,-1.49,GYRO,-9,37,-9,ACC,16,2,262,ADC,1234,383,6,1,"
4.1920,heen,30,MM0 ?T
4.1920,heen,30,MM1 ?T
4.1920,heen,30,MM0 T=35:34
4.1920,heen,30,MM1 T=36:34
4.2129,heen,30,"#52,YAW,-1.49,GYRO,-11,56,-12,ACC,6,2,250,ADC,1257,391,6,2,"
4.2129,heen,30,MM0 ?V
4.2129,heen,30,MM1 ?V
4.2129,heen,30,MM0 V=120:222:4902
4.2129,heen,30,MM1 V=120:223:4898
4.2339,heen,30,"#53,YAW,-1.49,GYRO,-11,40,-13,ACC,5,3,260,ADC,1250,387,6,2,"
4.2339,heen,30,MM0 ?CR
4.2340,heen,30,MM1 ?CR
4.2340,heen,30,MM0 CR=0:0
4.2340,heen,30,MM1 CR=0:0
4.2556,heen,60,"#54,YAW,-1.49,GYRO,-9,44,-9,ACC,4,5,251,ADC,1222,499,6,2,"
4.2556,heen,60,MM0 ?A
4.2556,heen,60,MM1 ?A
4.2556,heen,60,MM0 A=0:0
4.2556,heen,60,MM1 A=0:0
4.2912,heen,60,"#55,YAW,-1.49,GYRO,-9,43,-7,ACC,4,4,261,ADC,1212,380,6,2,"
4.2912,heen,60,MM0 ?AI
4.2912,heen,60,MM1 ?AI
4.2912,heen,60,MM0 AI=0:0:2423:2429:0:0
4.2912,heen,60,MM1 AI=0:0:2350:2343:0:0
4.2912,heen,60,MM0 !M 60 -60
4.2912,heen,60,MM1 !M 60 -60
4.2912,heen,60,MM0 +
4.2912,heen,60,MM1 +
4.2912,heen,60,"#56,YAW,-1.49,GYRO,-10,37,-11,ACC,19,12,279,ADC,1279,497,6,2,"
4.2912,heen,60,MM0 ?C
4.2912,heen,60,MM1 ?C
4.2914,heen,60,MM0 C=-290:286
4.3121,heen,60,MM1 C=1289:-1406
4.3122,heen,60,"$GPRMC,094100.2,A,5050.50773,N,00419.37239,E,000.37,223.8,021026,000.4,E*5C"
4.3122,heen,60,"#57,YAW,-1.49,GYRO,-9,45,-2,ACC,13,6,253,ADC,1284,389,7,2,"
4.3122,heen,60,MM0 ?D
4.3122,heen,60,MM1 ?D
4.3122,heen,60,MM0 D=32
4.3122,heen,60,MM1 D=49
4.3329,heen,60,"#58,YAW,-1.49,GYRO,-20,44,6,ACC,19,8,273,ADC,1236,380,4,2,"
4.3329,heen,60,MM0 ?FF
4.3329,heen,60,MM1 ?FF
4.3329,heen,60,MM0 FF=0
4.3329,heen,60,MM1 FF=0
4.3539,heen,60,"#59,YAW,-1.49,GYRO,-6,35,1,ACC,15,7,254,ADC,1249,498,5,2,"
4.3539,heen,60,MM0 ?P
4.3539,heen,60,MM1 ?P
4.3539,heen,60,MM0 P=60:-60
4.3539,heen,60,MM1 P=60:-60
4.4033,heen,90,"#60,YAW,-1.49,GYRO,-10,63,-5,ACC,2,2,253,ADC,1223,382,7,2,"
4.4033,heen,90,MM0 ?S
4.4033,heen,90,MM1 ?S
4.4033,heen,90,MM0 S=0:0
4.4033,heen,90,MM1 S=0:0
4.4033,heen,90,MM1 !M 90 -90
4.4033,heen,90,MM0 !M 90 -90
4.4033,heen,90,MM1 +
4.4033,heen,90,MM0 +
4.4033,heen,90,"#61,YAW,-1.49,GYRO,-14,29,-13,ACC,16,1,262,ADC,1229,382,5,1,"
4.4033,heen,90,MM0 ?T
4.4033,heen,90,MM1 ?T
4.4033,heen,90,MM0 T=35:34
4.4033,heen,90,MM1 T=36:33
4.4241,heen,90,"#62,YAW,-1.49,GYRO,-2,18,-14,ACC,19,2,239,ADC,1243,383,4,2,"
4.4241,heen,90,MM0 ?V
4.4241,heen,90,MM1 ?V
4.4241,heen,90,MM0 V=120:223:4903
4.4241,heen,90,MM1 V=120:223:4901
4.4454,heen,90,"#63,YAW,-1.49,GYRO,-11,63,-10,ACC,22,4,256,ADC,1231,390,5,2,"
4.4454,heen,90,MM1 ?CR
4.4454,heen,90,MM0 ?CR
4.4454,heen,90,MM1 CR=3:-3
4.4454,heen,90,MM0 CR=3:-4
4.4661,heen,120,"#64,YAW,-1.49,GYRO,-3,59,-2,ACC,17,5,266,ADC,1247,391,6,3,"
4.4661,heen,120,MM0 ?A
4.4661,heen,120,MM1 ?A
4.4661,heen,120,MM0 A=5:-4
4.4661,heen,120,MM1 A=5:0
4.5002,heen,120,"#65,YAW,-1.49,GYRO,-6,47,-6,ACC,15,2,244,ADC,1234,502,4,1,"
4.5002,heen,120,MM0 ?AI
4.5002,heen,120,MM1 ?AI
4.5002,heen,120,MM0 AI=0:0:2428:2432:0:0
4.5002,heen,120,MM1 AI=0:0:2410:2371:0:0
4.5002,heen,120,"#66,YAW,-1.49,GYRO,3,48,-9,ACC,23,-1,256,ADC,1257,381,4,1,"
4.5002,heen,120,MM0 ?C
4.5002,heen,120,MM1 ?C
4.5002,heen,120,MM0 C=-285:281
4.5003,heen,120,MM1 C=1294:-1411
4.5003,heen,120,"$GPRMC,094100.4,A,5050.50774,N,00419.37240,E,000.35,223.8,021026,000.4,E*51"
4.5209,heen,120,"#67,YAW,-1.49,GYRO,-4,53,-12,ACC,13,2,254,ADC,1204,381,8,2,"
4.5209,heen,120,MM0 ?D
4.5209,heen,120,MM1 ?D
4.5209,heen,120,MM0 D=19
4.5209,heen,120,MM1 D=2
4.5419,heen,120,"#68,YAW,-1.49,GYRO,5,56,-12,ACC,19,2,249,ADC,1286,399,6,1,"
4.5419,heen,120,MM0 ?FF
4.5419,heen,120,MM1 ?FF
4.5419,heen,120,MM0 FF=0
4.5419,heen,120,MM1 FF=0
4.5668,heen,150,"#69,YAW,-1.49,GYRO,-7,57,-7,ACC,14,1,250,ADC,1209,383,5,2,"
4.5668,heen,150,MM0 ?P
4.5668,heen,150,MM1 ?P
4.5668,heen,150,MM0 P=90:-90
4.5668,heen,150,MM1 P=90:-90
4.5840,heen,150,"#70,YAW,-1.49,GYRO,4,56,-12,ACC,20,1,251,ADC,1233,384,7,2,"
4.5840,heen,150,MM1 ?S
4.5840,heen,150,MM0 ?S
4.5841,heen,150,MM1 S=75:-75
4.5841,heen,150,MM0 S=75:-75
4.5841,heen,150,MM0 !M 120 -120
4.5841,heen,150,MM1 !M 120 -120
4.5841,heen,150,MM0 +
4.5841,heen,150,MM1 +
4.5841,heen,150,MM0 PING
4.5841,heen,150,MM1 PING
4.5841,heen,150,MM1 !M 150 -150
4.6051,heen,150,MM0 !M 150 -150
4.6051,heen,150,MM1 +
4.6051,heen,150,MM0 +
4.6052,heen,150,"#71,YAW,-1.49,GYRO,-12,45,-10,ACC,30,0,257,ADC,1262,357,6,2,"
4.6052,heen,150,MM0 ?T
4.6052,heen,150,MM1 ?T
4.6052,heen,150,MM0 T=35:34
4.6052,heen,150,MM1 T=36:34
4.6262,heen,150,"#72,YAW,-1.49,GYRO,-10,-10,-11,ACC,40,6,254,ADC,1222,383,6,1,"
4.6262,heen,150,MM0 ?V
4.6262,heen,150,MM1 ?V
4.6262,heen,150,MM0 V=120:222:4904
4.6263,heen,150,MM1 V=120:222:4899
4.6473,heen,150,"#73,YAW,-1.49,GYRO,-30,59,-22,ACC,42,13,265,ADC,1230,386,6,1,"
4.6473,heen,150,MM0 ?CR
4.6473,heen,150,MM1 ?CR
4.6473,heen,150,MM0 CR=12:-11
4.6473,heen,150,MM1 CR=11:-11
4.6679,heen,150,"#74,YAW,-1.49,GYRO,-13,48,-18,ACC,34,-3,257,ADC,1260,383,6,2,"
4.6679,heen,150,MM0 ?A
4.6679,heen,150,MM1 ?A
4.6679,heen,150,MM0 A=10:-9
4.6679,heen,150,MM1 A=10:-9
4.6680,heen,150,"#75,YAW,-1.49,GYRO,-40,-2,-18,ACC,36,5,257,ADC,1256,494,4,1,"
4.6680,heen,150,MM1 ?AI
4.7024,heen,150,MM0 ?AI
4.7024,heen,150,MM0 AI=0:0:2449:2431:0:0
4.7024,heen,150,MM1 AI=0:0:2337:2344:0:0
4.7024,heen,150,"#76,YAW,-1.49,GYRO,-44,26,-19,ACC,9,6,263,ADC,1250,500,5,2,"
4.7025,heen,150,MM0 ?C
4.7025,heen,150,MM1 ?C
4.7025,heen,150,MM0 C=-270:266
4.7025,heen,150,MM1 C=1309:-1426
4.7025,heen,150,"$GPRMC,094100.6,A,5050.50776,N,00419.37242,E,000.35,223.8,021026,000.4,E*53"
4.7231,heen,150,"#77,YAW,-1.49,GYRO,-23,19,-15,ACC,23,1,264,ADC,1268,406,4,1,"
4.7231,heen,150,MM0 ?D
4.7231,heen,150,MM1 ?D
4.7231,heen,150,MM0 D=19
4.7231,heen,150,MM1 D=2
4.7442,heen,150,"#78,YAW,-1.49,GYRO,-33,30,-5,ACC,14,-13,253,ADC,1208,382,5,2,"
4.7442,heen,150,MM0 ?FF
4.7442,heen,150,MM1 ?FF
4.7442,heen,150,MM0 FF=0
4.7443,heen,150,MM1 FF=0
4.7659,heen,150,"#79,YAW,-1.49,GYRO,-11,88,4,ACC,19,-3,252,ADC,1259,388,7,2,"
4.7659,heen,150,MM0 ?P
4.7659,heen,150,MM1 ?P
4.7659,heen,150,MM0 P=150:-150
4.7659,heen,150,MM1 P=150:-150
4.8045,heen,150,"#80,YAW,-1.49,GYRO,15,54,10,ACC,22,-3,242,ADC,1258,383,5,2,"
4.8045,heen,150,MM1 ?S
4.8045,heen,150,MM0 ?S
4.8045,heen,150,MM0 S=75:-75
4.8045,heen,150,MM1 S=150:-75
4.8045,heen,150,MM0 !M 150 -150
4.8045,heen,150,MM1 !M 150 -150
4.8045,heen,150,MM0 +
4.8046,heen,150,MM1 +
4.8046,heen,150,MM0 PING
4.8046,heen,150,MM1 PING
4.8046,heen,150,MM0 !M 150 -150
4.8046,heen,150,MM1 !M 150 -150
4.8046,heen,150,MM0 +
4.8046,heen,150,MM1 +
4.8046,heen,150,"#81,YAW,-1.49,GYRO,7,66,9,ACC,14,6,217,ADC,1272,359,4,1,"
4.8046,heen,150,MM1 ?T
4.8046,heen,150,MM0 ?T
4.8046,heen,150,MM0 T=35:34
4.8046,heen,150,MM1 T=36:34
4.8253,heen,150,"#82,YAW,-1.49,GYRO,6,88,1,ACC,29,4,277,ADC,1283,400,4,1,"
4.8253,heen,150,MM1 ?V
4.8254,heen,150,MM0 ?V
4.8254,heen,150,MM1 V=120:223:4898
4.8254,heen,150,MM0 V=120:223:4906
4.8462,heen,150,"#83,YAW,-1.49,GYRO,-9,55,-10,ACC,16,7,280,ADC,1197,379,5,2,"
4.8463,heen,150,MM0 ?CR
4.8463,heen,150,MM1 ?CR
4.8463,heen,150,MM0 CR=24:-23
4.8463,heen,150,MM1 CR=24:-24
4.8671,heen,150,"#84,YAW,-1.49,GYRO,-4,34,-24,ACC,6,0,241,ADC,1220,496,6,2,"
4.8671,heen,150,MM0 ?A
4.8671,heen,150,MM1 ?A
4.8671,heen,150,MM0 A=5:-4
4.8671,heen,150,MM1 A=5:-4
4.8671,heen,150,"#85,YAW,-1.49,GYRO,16,70,-25,ACC,6,-4,291,ADC,1214,386,6,1,"
4.9011,heen,150,MM0 ?AI
4.9012,heen,150,MM1 ?AI
4.9012,heen,150,MM0 AI=0:0:2341:2426:0:0
4.9012,heen,150,MM1 AI=0:0:2312:2370:0:0
4.9012,heen,150,"#86,YAW,-1.49,GYRO,-21,-1,-15,ACC,-6,-2,267,ADC,1264,395,7,2,"
4.9012,heen,150,MM0 ?C
4.9012,heen,150,MM1 ?C
4.9012,heen,150,MM0 C=-243:240
4.9012,heen,150,MM1 C=1336:-1452
4.9012,heen,150,"$GPRMC,094100.8,A,5050.50778,N,00419.37244,E,000.36,223.8,021026,000.4,E*56"
4.9219,heen,150,"#87,YAW,-1.49,GYRO,24,31,-4,ACC,0,-2,243,ADC,1255,395,6,2,"
4.9219,heen,150,MM0 ?D
4.9219,heen,150,MM1 ?D
4.9219,heen,150,MM0 D=59
4.9219,heen,150,MM1 D=18
4.9445,heen,150,"#88,YAW,-1.49,GYRO,2,77,4,ACC,9,1,231,ADC,1260,395,8,1,"
4.9445,heen,150,MM1 ?FF
4.9445,heen,150,MM0 ?FF
4.9445,heen,150,MM0 FF=0
4.9445,heen,150,MM1 FF=0
4.9641,heen,150,"#89,YAW,-1.49,GYRO,30,82,12,ACC,20,2,236,ADC,1274,503,7,2,"
4.9641,heen,150,MM1 ?P
4.9641,heen,150,MM0 ?P
4.9641,heen,150,MM0 P=150:-150
4.9641,heen,150,MM1 P=150:-150
4.9851,heen,150,"#90,YAW,-1.49,GYRO,8,56,7,ACC,14,7,265,ADC,1219,380,6,2,"
4.9851,heen,150,MM1 ?S
4.9851,heen,150,MM0 ?S
4.9851,heen,150,MM1 S=75:-150
4.9851,heen,150,MM0 S=75:-150
4.9851,heen,150,MM1 !M 150 -150
4.9851,heen,150,MM0 !M 150 -150
4.9852,heen,150,MM1 +
4.9852,heen,150,MM0 +
5.0062,heen,150,"#91,YAW,-1.49,GYRO,-30,6,-2,ACC,5,15,272,ADC,1243,375,6,2,"
5.0062,heen,150,MM0 PING
5.0063,heen,150,MM1 PING
5.0063,heen,150,MM0 ?T
5.0063,heen,150,MM1 ?T
5.0063,heen,150,MM0 T=35:34
5.0063,heen,150,MM1 T=36:33
5.0063,heen,150,MM0 !M 150 -150
5.0063,heen,150,MM1 !M 150 -150
5.0063,heen,150,MM0 +
5.0063,heen,150,MM1 +
5.0271,heen,150,"#92,YAW,-1.49,GYRO,-19,12,-10,ACC,4,11,278,ADC,1282,500,6,2,"
5.0271,heen,150,MM1 ?V
5.0271,heen,150,MM0 ?V
5.0271,heen,150,MM1 V=120:223:4898
5.0271,heen,150,MM0 V=120:225:4906
5.0491,heen,150,"#93,YAW,-1.49,GYRO,-35,17,-19,ACC,-2,-1,266,ADC,1244,404,5,2,"
5.0492,heen,150,MM1 ?CR
5.0492,heen,150,MM0 ?CR
5.0492,heen,150,MM1 CR=30:-30
5.0492,heen,150,MM0 CR=30:-30
5.0492,heen,150,"#94,YAW,-1.49,GYRO,-39,10,-31,ACC,-1,4,253,ADC,1268,385,5,2,"
5.0492,heen,150,MM1 ?A
5.0691,heen,150,MM0 ?A
5.0691,heen,150,MM1 A=0:0
5.0691,heen,150,MM0 A=0:0
5.0692,heen,150,"#95,YAW,-1.49,GYRO,-26,18,-38,ACC,5,3,240,ADC,1228,388,5,2,"
5.0692,heen,150,MM1 ?AI
5.0692,heen,150,MM0 ?AI
5.1102,heen,150,MM1 AI=0:0:2343:2361:0:0
5.1102,heen,150,MM0 AI=0:0:2423:2415:0:0
5.1102,heen,150,"#96,YAW,-1.49,GYRO,-4,75,-25,ACC,12,-6,223,ADC,1258,393,6,2,"
5.1102,heen,150,MM0 ?C
5.1102,heen,150,MM1 ?C
5.1102,heen,150,MM0 C=-212:209
5.1103,heen,150,MM1 C=1366:-1482
5.1103,heen,150,MM0 !M 150 -150
5.1103,heen,150,MM1 !M 150 -150
5.1103,heen,150,MM0 +
5.1103,heen,150,MM1 +
5.1103,heen,150,"$GPRMC,094101.0,A,5050.50780,N,00419.37245,E,000.37,223.8,021026,000.4,E*58"
5.1103,heen,150,"#97,YAW,-1.49,GYRO,10,69,-9,ACC,12,-3,250,ADC,1262,306,4,1,"
5.1103,heen,150,MM1 ?D
5.1103,heen,150,MM0 ?D
5.1103,heen,150,MM1 D=51
5.1313,heen,150,MM0 D=41
5.1313,heen,150,"#98,YAW,-1.49,GYRO,-4,91,-3,ACC,8,0,288,ADC,1291,401,5,2,"
5.1313,heen,150,MM1 ?FF
5.1313,heen,150,MM0 ?FF
5.1313,heen,150,MM1 FF=0
5.1313,heen,150,MM0 FF=0
5.1520,heen,150,"#99,YAW,-1.49,GYRO,-12,52,-15,ACC,-5,20,297,ADC,1260,401,7,2,"
5.1520,heen,150,MM1 ?P
5.1520,heen,150,MM0 ?P
5.1520,heen,150,MM1 P=150:-150
5.1520,heen,150,MM0 P=150:-150
5.1732,heen,150,"#100,YAW,-1.49,GYRO,-13,57,-27,ACC,1,7,237,ADC,1232,384,6,2,"
5.1732,heen,150,MM1 ?S
5.1732,heen,150,MM0 ?S
5.1732,heen,150,MM1 S=75:-75
5.1732,heen,150,MM0 S=150:-150
5.2135,heen,150,"#101,YAW,-1.49,GYRO,-18,84,-36,ACC,-13,-6,265,ADC,1228,384,5,1,"
5.2135,heen,150,MM0 ?T
5.2135,heen,150,MM1 ?T
5.2135,heen,150,MM0 T=35:34
5.2135,heen,150,MM1 T=36:33
5.2135,heen,150,MM0 !M 150 -150
5.2135,heen,150,MM1 !M 150 -150
5.2135,heen,150,MM0 +
5.2135,heen,150,MM1 +
5.2135,heen,150,"#102,YAW,-1.49,GYRO,-12,63,-24,ACC,-8,-1,272,ADC,1205,378,4,2,"
5.2135,heen,150,MM0 ?V
5.2135,heen,150,MM1 ?V
5.2135,heen,150,MM0 V=120:223:4904
5.2135,heen,150,MM1 V=120:222:4900
5.2353,heen,150,"#103,YAW,-1.49,GYRO,31,72,-1,ACC,14,-10,205,ADC,1262,396,4,2,"
5.2353,heen,150,MM0 ?CR
5.2354,heen,150,MM1 ?CR
5.2354,heen,150,MM0 CR=32:-32
5.2354,heen,150,MM1 CR=32:-32
5.2550,heen,150,"#104,YAW,-1.49,GYRO,19,102,12,ACC,12,2,216,ADC,1230,404,5,2,"
5.2550,heen,150,MM0 ?A
5.2550,heen,150,MM1 ?A
5.2550,heen,150,MM0 A=5:0
5.2550,heen,150,MM1 A=5:0
5.3093,heen,150,"#105,YAW,-1.49,GYRO,49,74,13,ACC,19,3,302,ADC,1243,502,6,2,"
5.3094,heen,150,MM0 ?AI
5.3094,heen,150,MM1 ?AI
5.3094,heen,150,MM0 AI=0:0:2471:2439:0:0
5.3094,heen,150,MM1 AI=0:0:2325:2334:0:0
5.3094,heen,150,MM1 !M 150 -150
5.3094,heen,150,MM0 !M 150 -150
5.3094,heen,150,MM1 +
5.3094,heen,150,MM0 +
5.3094,heen,150,"#106,YAW,-1.49,GYRO,-14,18,-1,ACC,1,14,284,ADC,1257,313,5,3,"
5.3094,heen,150,MM0 ?C
5.3094,heen,150,MM1 ?C
5.3094,heen,150,MM0 C=-180:177
5.3094,heen,150,MM1 C=1399:-1514
5.3094,heen,150,"$GPRMC,094101.2,A,5050.50781,N,00419.37247,E,000.38,223.8,021026,000.4,E*56"
5.3094,heen,150,"#107,YAW,-1.49,GYRO,0,17,-28,ACC,-1,-4,251,ADC,1263,312,4,1,"
5.3094,heen,150,MM0 ?D
5.3094,heen,150,MM1 ?D
5.3302,heen,150,MM0 D=35
5.3302,heen,150,MM1 D=51
5.3302,heen,150,"#108,YAW,-1.49,GYRO,-1,60,-25,ACC,0,-6,252,ADC,1231,381,4,3,"
5.3302,heen,150,MM0 ?FF
5.3302,heen,150,MM1 ?FF
5.3302,heen,150,MM0 FF=0
5.3511,heen,150,MM1 FF=0
5.3511,heen,150,"#109,YAW,-1.48,GYRO,-6,24,-26,ACC,-8,4,291,ADC,1207,378,7,2,"
5.3511,heen,150,MM0 ?P
5.3511,heen,150,MM1 ?P
5.3511,heen,150,MM0 P=150:-150
5.3719,heen,150,MM1 P=150:-150
5.3719,heen,150,"#110,YAW,-1.48,GYRO,21,67,-13,ACC,4,-8,211,ADC,1237,393,6,2,"
5.3719,heen,150,MM0 ?S
5.3719,heen,150,MM1 ?S
5.3720,heen,150,MM0 S=75:-150
5.3720,heen,150,MM1 S=150:-75
5.4063,heen,150,MM0 !M 150 -150
5.4063,heen,150,MM1 !M 150 -150
5.4063,heen,150,MM0 +
5.4063,heen,150,MM1 +
5.4063,heen,150,"#111,YAW,-1.48,GYRO,13,118,4,ACC,15,2,202,ADC,1262,311,5,1,"
5.4063,heen,150,MM0 ?T
5.4063,heen,150,MM1 ?T
5.4063,heen,150,MM0 T=35:34
5.4063,heen,150,MM1 T=36:33
5.4270,heen,150,"#112,YAW,-1.49,GYRO,33,54,16,ACC,26,6,302,ADC,1286,386,5,2,"
5.4270,heen,150,MM0 ?V
5.4270,heen,150,MM1 ?V
5.4270,heen,150,MM0 V=120:223:4905
5.4271,heen,150,MM1 V=120:223:4901
5.4483,heen,150,"#113,YAW,-1.49,GYRO,-78,-48,12,ACC,3,20,288,ADC,1217,382,4,2,"
5.4483,heen,150,MM0 ?CR
5.4483,heen,150,MM1 ?CR
5.4483,heen,150,MM0 CR=33:-33
5.4483,heen,150,MM1 CR=32:-32
5.4483,heen,150,"#114,YAW,-1.49,GYRO,-19,-18,-4,ACC,2,8,229,ADC,1214,384,4,1,"
5.4483,heen,150,MM0 ?A
5.4691,heen,150,MM1 ?A
5.4692,heen,150,MM0 A=0:0
5.4692,heen,150,MM1 A=0:0
5.4692,heen,150,"#115,YAW,-1.49,GYRO,-45,-17,-8,ACC,-13,0,277,ADC,1237,385,5,1,"
5.4692,heen,150,MM0 ?AI
5.4692,heen,150,MM1 ?AI
5.5031,heen,150,MM0 AI=0:0:2420:2430:0:0
5.5031,heen,150,MM1 AI=0:0:2336:2323:0:0
5.5031,heen,150,"#116,YAW,-1.49,GYRO,-20,-3,-10,ACC,-9,-6,264,ADC,1252,398,5,2,"
5.5031,heen,150,MM0 ?C
5.5031,heen,150,MM1 ?C
5.5031,heen,150,MM0 C=-147:144
5.5031,heen,150,MM1 C=1431:-1547
5.5031,heen,150,"$GPRMC,094101.4,A,5050.50783,N,00419.37249,E,000.40,223.8,021026,000.4,E*53"
5.5241,heen,150,"#117,YAW,-1.49,GYRO,5,50,3,ACC,3,-9,227,ADC,1225,387,8,2,"
5.5241,heen,150,MM0 ?D
5.5241,heen,150,MM1 ?D
5.5241,heen,150,MM0 D=51
5.5241,heen,150,MM1 D=50
5.5452,heen,150,"#118,YAW,-1.52,GYRO,24,98,10,ACC,16,1,220,ADC,1234,384,5,1,"
5.5452,heen,150,MM0 ?FF
5.5452,heen,150,MM1 ?FF
5.5452,heen,150,MM0 FF=0
5.5452,heen,150,MM1 FF=0
5.5665,heen,150,"#119,YAW,-1.53,GYRO,-4,68,14,ACC,20,12,294,ADC,1270,500,4,2,"
5.5665,heen,150,MM0 ?P
5.5665,heen,150,MM1 ?P
5.5665,heen,150,MM0 P=150:-150
5.5665,heen,150,MM1 P=150:-150
5.6000,heen,150,"#120,YAW,-1.53,GYRO,-82,-1,8,ACC,-2,29,275,ADC,1289,500,4,1,"
5.6000,heen,150,MM0 ?S
5.6000,heen,150,MM1 ?S
5.6000,heen,150,MM1 S=75:-75
5.6000,heen,150,MM0 S=150:-150
5.6000,heen,150,MM1 !M 150 -150
5.6000,heen,150,MM0 !M 150 -150
5.6000,heen,150,MM1 +
5.6000,heen,150,MM0 +
5.6000,heen,150,MM0 PING
5.6000,heen,150,MM1 PING
5.6000,heen,150,"#121,YAW,-1.53,GYRO,-11,47,-13,ACC,1,-4,229,ADC,1298,389,5,2,"
5.6000,heen,150,MM0 ?T
5.6000,heen,150,MM1 ?T
5.6000,heen,150,MM0 T=35:34
5.6000,heen,150,MM1 T=36:34
5.6208,heen,150,"#122,YAW,-1.52,GYRO,-30,30,-15,ACC,-15,-13,299,ADC,1248,501,9,2,"
5.6209,heen,150,MM0 ?V
5.6209,heen,150,MM1 ?V
5.6209,heen,150,MM0 V=120:223:4905
5.6209,heen,150,MM1 V=120:223:4900
5.6419,heen,150,"#123,YAW,-1.52,GYRO,-31,31,-18,ACC,-12,1,265,ADC,1237,501,4,2,"
5.6419,heen,150,MM0 ?CR
5.6419,heen,150,MM1 ?CR
5.6420,heen,150,MM0 CR=33:-33
5.6420,heen,150,MM1 CR=33:-33
5.6631,heen,150,"#124,YAW,-1.52,GYRO,22,46,-3,ACC,8,-3,213,ADC,1249,395,6,2,"
5.6631,heen,150,MM0 ?A
5.6631,heen,150,MM1 ?A
5.6631,heen,150,MM1 A=5:-4
5.6631,heen,150,MM0 A=5:0
5.7113,heen,150,"#125,YAW,-1.52,GYRO,24,93,4,ACC,18,2,236,ADC,1258,386,6,2,"
5.7113,heen,150,MM0 ?AI
5.7113,heen,150,MM1 ?AI
5.7113,heen,150,MM0 AI=0:0:2422:2420:0:0
5.7113,heen,150,MM1 AI=0:0:2324:2354:0:0
5.7113,heen,150,MM0 !M 150 -150
5.7113,heen,150,MM1 !M 150 -150
5.7113,heen,150,MM0 +
5.7113,heen,150,MM1 +
5.7114,heen,150,MM0 PING
5.7114,heen,150,MM1 PING
5.7114,heen,150,"#126,YAW,-1.53,GYRO,15,83,9,ACC,8,9,270,ADC,1258,398,5,2,"
5.7114,heen,150,MM0 ?C
5.7114,heen,150,MM1 ?C
5.7114,heen,150,MM0 C=-114:112
5.7114,heen,150,MM1 C=1464:-1580
5.7114,heen,150,MM0 !M 150 -150
5.7114,heen,150,MM1 !M 150 -150
5.7114,heen,150,MM0 +
5.7114,heen,150,MM1 +
5.7114,heen,150,"$GPRMC,094101.6,A,5050.50785,N,00419.37252,E,000.41,223.8,021026,000.4,E*5C"
5.7114,heen,150,"#127,YAW,-1.53,GYRO,15,-30,15,ACC,2,9,285,ADC,1257,312,4,2,"
5.7114,heen,150,MM0 ?D
5.7114,heen,150,MM1 ?D
5.7114,heen,150,MM0 D=18
5.7114,heen,150,MM1 D=18
5.7325,heen,150,"#128,YAW,-1.56,GYRO,-11,-29,5,ACC,-1,3,267,ADC,1271,502,6,1,"
5.7325,heen,150,MM0 ?FF
5.7325,heen,150,MM1 ?FF
5.7325,heen,150,MM0 FF=0
5.7325,heen,150,MM1 FF=0
5.7529,heen,150,"#129,YAW,-1.56,GYRO,-35,71,-15,ACC,-16,8,286,ADC,1244,501,5,2,"
5.7530,heen,150,MM0 ?P
5.7530,heen,150,MM1 ?P
5.7530,heen,150,MM0 P=150:-150
5.7530,heen,150,MM1 P=150:-150
5.7740,heen,150,"#130,YAW,-1.56,GYRO,-14,7,-21,ACC,-7,5,260,ADC,1223,382,3,1,"
5.7740,heen,150,MM0 ?S
5.7740,heen,150,MM1 ?S
5.7740,heen,150,MM0 S=150:-150
5.7740,heen,150,MM1 S=150:-150
5.8091,heen,150,MM0 !M 150 -150
5.8091,heen,150,MM1 !M 150 -150
5.8091,heen,150,MM0 +
5.8091,heen,150,MM1 +
5.8091,heen,150,"#131,YAW,-1.56,GYRO,-4,48,-25,ACC,-3,4,218,ADC,1231,308,5,2,"
5.8091,heen,150,MM0 ?T
5.8091,heen,150,MM1 ?T
5.8091,heen,150,MM0 T=35:34
5.8092,heen,150,MM1 T=36:34
5.8092,heen,150,"#132,YAW,-1.56,GYRO,7,98,-19,ACC,9,-3,239,ADC,1272,501,4,1,"
5.8092,heen,150,MM0 ?V
5.8092,heen,150,MM1 ?V
5.8306,heen,150,MM0 V=120:206:4905
5.8306,heen,150,MM1 V=120:223:4899
5.8306,heen,150,"#133,YAW,-1.56,GYRO,8,90,-7,ACC,16,0,238,ADC,1242,385,5,2,"
5.8306,heen,150,MM0 ?CR
5.8306,heen,150,MM1 ?CR
5.8306,heen,150,MM0 CR=33:-32
5.8517,heen,150,MM1 CR=33:-33
5.8517,heen,150,"#134,YAW,-1.56,GYRO,-2,9,4,ACC,12,2,289,ADC,1233,497,5,2,"
5.8517,heen,150,MM0 ?A
5.8517,heen,150,MM1 ?A
5.8517,heen,150,MM0 A=0:0
5.8517,heen,150,MM1 A=0:0
5.8720,heen,150,"#135,YAW,-1.56,GYRO,-13,-1,-12,ACC,9,5,276,ADC,1223,384,4,2,"
5.8721,heen,150,MM0 ?AI
5.8721,heen,150,MM1 ?AI
5.8721,heen,150,MM0 AI=0:0:2418:2435:0:0
5.9102,heen,150,MM1 AI=0:0:2353:2336:0:0
5.9102,heen,150,"#136,YAW,-1.56,GYRO,-17,86,-25,ACC,-9,5,269,ADC,1251,396,3,1,"
5.9102,heen,150,MM0 !M 150 -150
5.9102,heen,150,MM0 +
5.9102,heen,150,MM1 !M 150 -150
5.9102,heen,150,MM1 +
5.9102,heen,150,MM0 ?C
5.9102,heen,150,MM1 ?C
5.9102,heen,150,MM0 C=-81:78
5.9102,heen,150,MM1 C=1497:-1613
5.9103,heen,150,"$GPRMC,094101.8,A,5050.50786,N,00419.37254,E,000.42,223.8,021026,000.4,E*54"
5.9103,heen,150,"#137,YAW,-1.56,GYRO,-48,-15,-27,ACC,-2,9,250,ADC,1272,342,5,2,"
5.9103,heen,150,MM0 ?D
5.9103,heen,150,MM1 ?D
5.9103,heen,150,MM0 D=1
5.9310,heen,150,MM1 D=1
5.9311,heen,150,"#138,YAW,-1.60,GYRO,-10,17,-22,ACC,2,8,249,ADC,1252,381,4,2,"
5.9311,heen,150,MM0 ?FF
5.9311,heen,150,MM1 ?FF
5.9311,heen,150,MM0 FF=0
5.9311,heen,150,MM1 FF=0
5.9520,heen,150,"#139,YAW,-1.60,GYRO,0,100,-20,ACC,11,-9,223,ADC,1246,384,5,2,"
5.9521,heen,150,MM0 ?P
5.9521,heen,150,MM1 ?P
5.9521,heen,150,MM0 P=150:-150
5.9521,heen,150,MM1 P=150:-150
5.9728,heen,150,"#140,YAW,-1.60,GYRO,5,87,-9,ACC,7,-5,254,ADC,1239,393,7,1,"
5.9729,heen,150,MM0 ?S
5.9729,heen,150,MM1 ?S
5.9729,heen,150,MM0 S=150:-150
5.9729,heen,150,MM1 S=150:-150
6.0068,heen,150,MM0 !M 150 -150
6.0068,heen,150,MM1 !M 150 -150
6.0068,heen,150,MM0 +
6.0068,heen,150,MM1 +
6.0068,heen,150,"#141,YAW,-1.60,GYRO,-14,34,-5,ACC,-4,6,306,ADC,1260,319,5,2,"
6.0068,heen,150,MM0 ?T
6.0068,heen,150,MM1 ?T
6.0068,heen,150,MM0 T=35:34
6.0068,heen,150,MM1 T=36:33
6.0274,heen,150,"#142,YAW,-1.60,GYRO,-38,28,-20,ACC,2,16,239,ADC,1268,388,6,2,"
6.0274,heen,150,MM0 ?V
6.0274,heen,150,MM1 ?V
6.0274,heen,150,MM0 V=120:223:4905
6.0274,heen,150,MM1 V=120:223:4901
6.0274,heen,150,"#143,YAW,-1.60,GYRO,-14,80,-31,ACC,-2,2,271,ADC,1251,500,5,2,"
6.0274,heen,150,MM0 ?CR
6.0492,heen,150,MM1 ?CR
6.0493,heen,150,MM0 CR=34:-34
6.0493,heen,150,MM1 CR=34:-33
6.0493,heen,150,"#144,YAW,-1.59,GYRO,-68,35,-28,ACC,-10,6,252,ADC,1246,388,4,1,"
6.0493,heen,150,MM0 ?A
6.0493,heen,150,MM1 ?A
6.0700,heen,150,MM0 A=0:0
6.0700,heen,150,MM1 A=0:0
6.0700,heen,150,"#145,YAW,-1.59,GYRO,-19,17,-14,ACC,6,-12,236,ADC,1255,500,7,1,"
6.0700,heen,150,MM0 ?AI
6.0700,heen,150,MM1 ?AI
6.1044,heen,150,MM0 AI=0:0:2426:2422:0:0
6.1044,heen,150,MM1 AI=0:0:2359:2453:0:0
6.1044,heen,150,MM0 !M 150 -150
6.1044,heen,150,MM1 !M 150 -150
6.1044,heen,150,MM0 +
6.1044,heen,150,MM1 +
6.1044,heen,150,"#146,YAW,-1.59,GYRO,-8,114,-10,ACC,9,-12,214,ADC,1234,387,4,2,"
6.1044,heen,150,MM0 ?C
6.1044,heen,150,MM1 ?C
6.1044,heen,150,MM0 C=-47:46
6.1045,heen,150,MM1 C=1531:-1646
6.1045,heen,150,"$GPRMC,094102.0,A,5050.50788,N,00419.37257,E,000.41,223.8,021026,000.4,E*51"
6.1256,heen,150,"#147,YAW,-1.59,GYRO,17,65,3,ACC,1,-4,251,ADC,1265,386,5,2,"
6.1256,heen,150,MM0 ?D
6.1256,heen,150,MM1 ?D
6.1256,heen,150,MM0 D=11
6.1256,heen,150,MM1 D=35
6.1462,heen,150,"#148,YAW,-1.63,GYRO,3,13,4,ACC,-2,2,304,ADC,1260,383,7,2,"
6.1462,heen,150,MM0 ?FF
6.1462,heen,150,MM1 ?FF
6.1463,heen,150,MM0 FF=0
6.1463,heen,150,MM1 FF=0
6.1672,heen,150,"#149,YAW,-1.63,GYRO,-58,-4,-11,ACC,1,17,245,ADC,1235,503,6,1,"
6.1672,heen,150,MM0 ?P
6.1672,heen,150,MM1 ?P
6.1672,heen,150,MM0 P=150:-150
6.1672,heen,150,MM1 P=150:-150
6.2083,heen,150,"#150,YAW,-1.63,GYRO,-14,17,-16,ACC,-10,4,263,ADC,1253,384,5,2,"
6.2083,heen,150,MM0 ?S
6.2083,heen,150,MM1 ?S
6.2083,heen,150,MM1 S=150:-150
6.2083,heen,150,MM0 S=150:-75
6.2083,heen,150,"#151,YAW,-1.63,GYRO,-22,52,-7,ACC,-13,-5,290,ADC,1297,499,5,2,"
6.2084,heen,150,MM0 ?T
6.2084,heen,150,MM1 ?T
6.2084,heen,150,MM0 T=35:34
6.2084,heen,150,MM1 T=36:33
6.2084,heen,150,MM1 !M 150 -150
6.2084,heen,150,MM0 !M 150 -150
6.2084,heen,150,MM1 +
6.2084,heen,150,MM0 +
6.2283,heen,150,"#152,YAW,-1.63,GYRO,37,82,11,ACC,-3,-30,241,ADC,1240,310,6,1,"
6.2283,heen,150,MM0 ?V
6.2283,heen,150,MM1 ?V
6.2283,heen,150,MM0 V=120:222:4906
6.2283,heen,150,MM1 V=120:222:4899
6.2283,heen,150,"#153,YAW,-1.63,GYRO,3,100,13,ACC,7,1,209,ADC,1280,395,4,2,"
6.2283,heen,150,MM0 ?CR
6.2491,heen,150,MM1 ?CR
6.2492,heen,150,MM0 CR=32:-32
6.2492,heen,150,MM1 CR=32:-32
6.2492,heen,150,"#154,YAW,-1.63,GYRO,44,92,12,ACC,10,11,246,ADC,1274,382,5,1,"
6.2492,heen,150,MM0 ?A
6.2492,heen,150,MM1 ?A
6.2690,heen,150,MM0 A=5:0
6.2690,heen,150,MM1 A=5:0
6.2690,heen,150,"#155,YAW,-1.63,GYRO,18,12,7,ACC,2,6,279,ADC,1280,502,8,2,"
6.2690,heen,150,MM0 ?AI
6.2690,heen,150,MM1 ?AI
6.3054,heen,150,MM0 AI=0:0:2413:2423:0:0
6.3054,heen,150,MM1 AI=0:0:2333:2345:0:0
6.3054,heen,150,MM0 !M 150 -150
6.3054,heen,150,MM1 !M 150 -150
6.3054,heen,150,MM0 +
6.3054,heen,150,MM1 +
6.3054,heen,150,"#156,YAW,-1.63,GYRO,-17,1,-18,ACC,-1,8,261,ADC,1299,502,5,2,"
6.3054,heen,150,MM0 ?C
6.3054,heen,150,MM1 ?C
6.3054,heen,150,MM0 C=-15:13
6.3054,heen,150,MM1 C=1563:-1678
6.3054,heen,150,"$GPRMC,094102.2,A,5050.50790,N,00419.37259,E,000.41,223.8,021026,000.4,E*54"
6.3240,heen,150,"#157,YAW,-1.63,GYRO,35,45,-29,ACC,-2,-5,250,ADC,1220,382,5,2,"
6.3240,heen,150,MM0 ?D
6.3240,heen,150,MM1 ?D
6.3240,heen,150,MM0 D=35
6.3240,heen,150,MM1 D=35
6.3450,heen,150,"#158,YAW,-1.66,GYRO,11,32,-20,ACC,2,0,267,ADC,1217,381,6,2,"
6.3451,heen,150,MM0 ?FF
6.3451,heen,150,MM1 ?FF
6.3451,heen,150,MM0 FF=0
6.3451,heen,150,MM1 FF=0
6.3662,heen,150,"#159,YAW,-1.66,GYRO,30,8,-12,ACC,0,11,260,ADC,1299,389,6,2,"
6.3662,heen,150,MM0 ?P
6.3662,heen,150,MM1 ?P
6.3662,heen,150,MM0 P=150:-150
6.3662,heen,150,MM1 P=150:-150
6.4150,heen,150,"#160,YAW,-1.66,GYRO,14,84,0,ACC,12,13,203,ADC,1205,380,7,2,"
6.4151,heen,150,MM0 ?S
6.4151,heen,150,MM1 ?S
6.4151,heen,150,MM1 S=150:-150
6.4151,heen,150,MM0 S=75:-150
6.4151,heen,150,"#161,YAW,-1.66,GYRO,-14,78,5,ACC,20,11,234,ADC,1283,410,4,2,"
6.4151,heen,150,MM0 ?T
6.4151,heen,150,MM1 ?T
6.4151,heen,150,MM0 T=35:34
6.4151,heen,150,MM1 T=36:34
6.4151,heen,150,"#162,YAW,-1.66,GYRO,10,64,9,ACC,19,-4,247,ADC,1263,501,6,1,"
6.4151,heen,150,MM0 ?V
6.4151,heen,150,MM1 ?V
6.4151,heen,150,MM0 V=120:223:4904
6.4151,heen,150,MM1 V=120:223:4900
6.4360,heen,150,"#163,YAW,-1.66,GYRO,-56,38,3,ACC,5,4,286,ADC,1250,500,5,2,"
6.4360,heen,150,MM0 ?CR
6.4360,heen,150,MM1 ?CR
6.4360,heen,150,MM0 CR=33:-33
6.4360,heen,150,MM1 CR=33:-33
6.4570,heen,150,"#164,YAW,-1.66,GYRO,-26,11,-20,ACC,0,9,241,ADC,1215,389,5,1,"
6.4570,heen,150,MM0 ?A
6.4570,heen,150,MM1 ?A
6.4570,heen,150,MM0 A=0:0
6.4570,heen,150,MM1 A=0:0
6.4782,heen,150,"#165,YAW,-1.66,GYRO,-31,36,-28,ACC,-9,3,288,ADC,1262,503,6,2,"
6.4782,heen,150,MM0 ?AI
6.4782,heen,150,MM1 ?AI
6.4782,heen,150,MM0 AI=0:0:2435:2441:0:0
6.4782,heen,150,MM1 AI=0:0:2331:2355:0:0
6.4782,heen,150,MM0 !M 150 -150
6.4782,heen,150,MM1 !M 150 -150
6.4783,heen,150,MM0 +
6.4783,heen,150,MM1 +
6.5119,heen,150,MM1 PING
6.5119,heen,150,MM0 PING
6.5120,heen,150,"#166,YAW,-1.66,GYRO,-3,39,-15,ACC,-8,-3,271,ADC,1268,498,5,2,"
6.5120,heen,150,MM0 ?C
6.5121,heen,150,MM1 ?C
6.5121,heen,150,MM0 C=18:-20
6.5121,heen,150,MM1 C=1596:-1711
6.5121,heen,150,MM0 !M 150 -150
6.5121,heen,150,MM1 !M 150 -150
6.5121,heen,150,MM0 +
6.5121,heen,150,MM1 +
6.5121,heen,150,"$GPRMC,094102.4,A,5050.50791,N,00419.37262,E,000.43,223.8,021026,000.4,E*59"
6.5121,heen,150,"#167,YAW,-1.66,GYRO,-15,72,-6,ACC,3,2,212,ADC,1231,326,7,2,"
6.5121,heen,150,MM0 ?D
6.5121,heen,150,MM1 ?D
6.5121,heen,150,MM0 D=48
6.5121,heen,150,MM1 D=50
6.5330,heen,150,"#168,YAW,-1.70,GYRO,4,123,0,ACC,13,8,223,ADC,1284,502,5,2,"
6.5330,heen,150,MM0 ?FF
6.5330,heen,150,MM1 ?FF
6.5331,heen,150,MM0 FF=0
6.5331,heen,150,MM1 FF=0
6.5539,heen,150,"#169,YAW,-1.70,GYRO,-15,28,6,ACC,-8,13,316,ADC,1277,499,6,2,"
6.5539,heen,150,MM0 ?P
6.5539,heen,150,MM1 ?P
6.5539,heen,150,MM0 P=150:-150
6.5539,heen,150,MM1 P=150:-150
6.5749,heen,150,"#170,YAW,-1.70,GYRO,-70,-56,-5,ACC,4,17,247,ADC,1233,383,7,1,"
6.5750,heen,150,MM0 ?S
6.5750,heen,150,MM1 ?S
6.5750,heen,150,MM1 S=150:-150
6.5750,heen,150,MM0 S=150:-75
6.6124,heen,150,MM1 !M 150 -150
6.6124,heen,150,MM0 !M 150 -150
6.6124,heen,150,MM1 +
6.6124,heen,150,"#171,YAW,-1.70,GYRO,-25,69,-26,ACC,-15,1,250,ADC,1236,331,4,2,"
6.6124,heen,150,MM0 +
6.6124,heen,150,MM0 ?T
6.6124,heen,150,MM1 ?T
6.6124,heen,150,MM0 T=35:34
6.6124,heen,150,MM1 T=36:33
6.6124,heen,150,"#172,YAW,-1.70,GYRO,-63,-7,-24,ACC,-8,-8,278,ADC,1255,501,6,2,"
6.6124,heen,150,MM0 ?V
6.6124,heen,150,MM1 ?V
6.6301,heen,150,MM0 V=120:223:4904
6.6301,heen,150,MM1 V=120:222:4899
6.6301,heen,150,"#173,YAW,-1.70,GYRO,-17,36,-13,ACC,-1,-5,244,ADC,1267,385,6,2,"
6.6301,heen,150,MM0 ?CR
6.6301,heen,150,MM1 ?CR
6.6510,heen,150,MM0 CR=34:-33
6.6510,heen,150,MM1 CR=33:-33
6.6510,heen,150,"#174,YAW,-1.70,GYRO,-13,97,0,ACC,6,-5,216,ADC,1242,383,3,2,"
6.6510,heen,150,MM0 ?A
6.6510,heen,150,MM1 ?A
6.6510,heen,150,MM0 A=5:0
6.6510,heen,150,MM1 A=5:0
6.6720,heen,150,"#175,YAW,-1.70,GYRO,7,129,12,ACC,11,6,225,ADC,1276,503,7,2,"
6.6720,heen,150,MM1 ?AI
6.6720,heen,150,MM0 ?AI
6.6720,heen,150,MM1 AI=0:0:2278:2338:0:0
6.7062,heen,150,MM0 AI=0:0:2453:2417:0:0
6.7062,heen,150,MM0 !M 150 -150
6.7062,heen,150,MM1 !M 150 -150
6.7062,heen,150,MM1 +
6.7062,heen,150,MM0 +
6.7062,heen,150,"#176,YAW,-1.70,GYRO,10,42,15,ACC,10,5,286,ADC,1248,321,6,2,"
6.7062,heen,150,MM0 ?C
6.7062,heen,150,MM1 ?C
6.7062,heen,150,MM0 C=51:-53
6.7062,heen,150,MM1 C=1629:-1744
6.7062,heen,150,"$GPRMC,094102.6,A,5050.50793,N,00419.37265,E,000.45,223.8,021026,000.4,E*58"
6.7270,heen,150,"#177,YAW,-1.70,GYRO,-14,22,2,ACC,4,10,280,ADC,1229,397,4,2,"
6.7270,heen,150,MM1 ?D
6.7270,heen,150,MM0 ?D
6.7270,heen,150,MM1 D=16
6.7270,heen,150,MM0 D=17
6.7515,heen,150,"#178,YAW,-1.73,GYRO,-2,97,-17,ACC,9,0,219,ADC,1257,499,5,1,"
6.7515,heen,150,MM1 ?FF
6.7515,heen,150,MM0 ?FF
6.7515,heen,150,MM1 FF=0
6.7515,heen,150,MM0 FF=0
6.7516,heen,150,"#179,YAW,-1.73,GYRO,-2,11,-22,ACC,-2,-5,291,ADC,1256,504,7,2,"
6.7516,heen,150,MM0 ?P
6.7700,heen,150,MM1 ?P
6.7700,heen,150,MM0 P=150:-150
6.7700,heen,150,MM1 P=150:-150
6.7700,heen,150,"#180,YAW,-1.73,GYRO,7,49,-17,ACC,-9,4,265,ADC,1298,502,5,2,"
6.7700,heen,150,MM0 ?S
6.7700,heen,150,MM1 ?S
6.8041,heen,150,MM0 S=150:-150
6.8041,heen,150,MM1 S=150:-75
6.8041,heen,150,MM1 !M 150 -150
6.8041,heen,150,MM0 !M 150 -150
6.8041,heen,150,MM1 +
6.8041,heen,150,MM0 +
6.8041,heen,150,"#181,YAW,-1.73,GYRO,2,76,-6,ACC,6,1,211,ADC,1262,500,6,2,"
6.8041,heen,150,MM0 ?T
6.8041,heen,150,MM1 ?T
6.8041,heen,150,MM0 T=35:34
6.8041,heen,150,MM1 T=36:34
6.8255,heen,150,"#182,YAW,-1.73,GYRO,10,127,4,ACC,15,7,232,ADC,1243,383,5,2,"
6.8255,heen,150,MM0 ?V
6.8255,heen,150,MM1 ?V
6.8255,heen,150,MM0 V=120:223:4905
6.8255,heen,150,MM1 V=120:223:4900
6.8462,heen,150,"#183,YAW,-1.73,GYRO,-24,29,4,ACC,2,9,300,ADC,1235,387,7,1,"
6.8462,heen,150,MM1 ?CR
6.8462,heen,150,MM0 ?CR
6.8462,heen,150,MM1 CR=32:-32
6.8462,heen,150,MM0 CR=32:-33
6.8672,heen,150,"#184,YAW,-1.73,GYRO,10,-60,4,ACC,3,5,261,ADC,1264,396,4,1,"
6.8672,heen,150,MM0 ?A
6.8672,heen,150,MM1 ?A
6.8672,heen,150,MM0 A=0:0
6.8672,heen,150,MM1 A=0:0
6.9203,heen,150,"#185,YAW,-1.73,GYRO,-28,-5,-12,ACC,-1,-6,259,ADC,1240,384,5,2,"
6.9203,heen,150,MM1 ?AI
6.9203,heen,150,MM0 ?AI
6.9203,heen,150,MM1 AI=0:0:2311:2422:0:0
6.9203,heen,150,MM0 AI=0:0:2426:2428:0:0
6.9203,heen,150,"#186,YAW,-1.73,GYRO,-17,24,-32,ACC,-5,21,275,ADC,1266,497,6,1,"
6.9203,heen,150,MM1 ?C
6.9203,heen,150,MM0 ?C
6.9203,heen,150,MM0 C=84:-86
6.9204,heen,150,MM1 C=1661:-1776
6.9204,heen,150,"$GPRMC,094102.8,A,5050.50795,N,00419.37268,E,000.46,223.8,021026,000.4,E*5E"
6.9204,heen,150,MM0 !M 150 -150
6.9204,heen,150,MM1 !M 150 -150
6.9204,heen,150,MM0 +
6.9204,heen,150,MM1 +
6.9204,heen,150,"#187,YAW,-1.73,GYRO,-38,-11,-43,ACC,1,7,253,ADC,1215,334,6,1,"
6.9204,heen,150,MM1 ?D
6.9204,heen,150,MM0 ?D
6.9204,heen,150,MM1 D=17
6.9204,heen,150,MM0 D=3
6.9378,heen,150,"#188,YAW,-1.76,GYRO,-29,70,-45,ACC,12,6,211,ADC,1262,498,5,1,"
6.9378,heen,150,MM1 ?FF
6.9378,heen,150,MM0 ?FF
6.9378,heen,150,MM1 FF=0
6.9378,heen,150,MM0 FF=0
6.9589,heen,150,"#189,YAW,-1.75,GYRO,-24,117,-30,ACC,8,-9,242,ADC,1253,500,6,2,"
6.9590,heen,150,MM1 ?P
6.9590,heen,150,MM0 ?P
6.9590,heen,150,MM1 P=150:-150
6.9590,heen,150,MM0 P=150:-150
6.9798,heen,150,"#190,YAW,-1.75,GYRO,3,82,-8,ACC,13,-11,280,ADC,1275,500,4,2,"
6.9798,heen,150,MM1 ?S
6.9799,heen,150,MM0 ?S
6.9799,heen,150,MM0 S=75:-75
6.9799,heen,150,MM1 S=150:-150
7.0139,heen,150,"#191,YAW,-1.75,GYRO,8,13,4,ACC,3,1,266,ADC,1268,390,7,2,"
7.0139,heen,150,MM1 ?T
7.0139,heen,150,MM0 ?T
7.0139,heen,150,MM1 T=36:33
7.0139,heen,150,MM0 T=35:34
7.0139,heen,150,"#192,YAW,-1.75,GYRO,-14,68,-15,ACC,5,8,266,ADC,1269,397,5,1,"
7.0139,heen,150,MM1 ?V
7.0139,heen,150,MM0 ?V
7.0139,heen,150,MM1 V=120:222:4900
7.0139,heen,150,MM0 V=120:223:4905
7.0353,heen,150,"#193,YAW,-1.75,GYRO,40,91,-22,ACC,7,-2,243,ADC,1268,390,5,2,"
7.0353,heen,150,MM1 ?CR
7.0353,heen,150,MM0 ?CR
7.0353,heen,150,MM1 CR=34:-32
7.0353,heen,150,MM0 CR=33:-32
7.0558,heen,150,"#194,YAW,-1.75,GYRO,-44,69,-40,ACC,-6,-3,277,ADC,1275,384,5,1,"
7.0558,heen,150,MM1 ?A
7.0558,heen,150,MM0 ?A
7.0558,heen,150,MM1 A=5:-4
7.0558,heen,150,MM0 A=0:-4
7.0782,heen,150,"#195,YAW,-1.75,GYRO,15,46,-35,ACC,-1,1,239,ADC,1267,386,4,2,"
7.0782,heen,150,MM1 ?AI
7.0782,heen,150,MM0 ?AI
7.0782,heen,150,MM1 AI=0:0:2350:2346:0:0
7.0782,heen,150,MM0 AI=0:0:2420:2434:0:0
7.0782,heen,150,MM0 !M 150 -150
7.1120,heen,150,MM1 !M 150 -150
7.1120,heen,150,MM0 +
7.1120,heen,150,MM1 +
7.1120,heen,150,MM1 PING
7.1120,heen,150,MM0 PING
7.1120,heen,150,"#196,YAW,-1.75,GYRO,-9,144,-22,ACC,20,0,194,ADC,1258,344,6,2,"
7.1120,heen,150,MM1 ?C
7.1120,heen,150,MM0 ?C
7.1120,heen,150,MM0 C=117:-118
7.1120,heen,150,MM1 C=1695:-1808
7.1120,heen,150,MM0 !M 150 -150
7.1120,heen,150,MM0 +
7.1120,heen,150,MM1 !M 150 -150
7.1120,heen,150,MM1 +
7.1121,heen,150,"$GPRMC,094103.0,A,5050.50796,N,00419.37271,E,000.46,223.8,021026,000.4,E*5C"
7.1121,heen,150,"#197,YAW,-1.75,GYRO,20,135,-3,ACC,5,-5,260,ADC,1240,330,6,1,"
7.1121,heen,150,MM1 ?D
7.1121,heen,150,MM0 ?D
7.1121,heen,150,MM1 D=19
7.1121,heen,150,MM0 D=2
7.1331,heen,150,"#198,YAW,-1.78,GYRO,28,14,9,ACC,2,1,292,ADC,1256,502,5,2,"
7.1332,heen,150,MM1 ?FF
7.1332,heen,150,MM0 ?FF
7.1332,heen,150,MM1 FF=0
7.1332,heen,150,MM0 FF=0
7.1539,heen,150,"#199,YAW,-1.78,GYRO,-36,-8,10,ACC,-2,15,268,ADC,1246,435,5,1,"
7.1539,heen,150,MM1 ?P
7.1539,heen,150,MM0 ?P
7.1539,heen,150,MM1 P=150:-150
7.1539,heen,150,MM0 P=150:-150
7.1755,heen,150,"#200,YAW,-1.78,GYRO,56,61,5,ACC,6,-11,242,ADC,1259,395,7,1,"
7.1756,heen,150,MM1 ?S
7.1756,heen,150,MM0 ?S
7.1756,heen,150,MM1 S=150:-150
7.1756,heen,150,MM0 S=150:-150
7.2097,heen,150,"#201,YAW,-1.78,GYRO,-31,59,-15,ACC,-9,-4,291,ADC,1278,394,5,1,"
7.2097,heen,150,MM0 !M 150 -150
7.2097,heen,150,MM0 +
7.2097,heen,150,MM1 !M 150 -150
7.2097,heen,150,MM1 +
7.2097,heen,150,MM1 ?T
7.2097,heen,150,MM0 ?T
7.2097,heen,150,MM1 T=36:34
7.2097,heen,150,MM0 T=35:34
7.2098,heen,150,"#202,YAW,-1.78,GYRO,18,38,-23,ACC,-2,-1,233,ADC,1293,502,6,2,"
7.2098,heen,150,MM1 ?V
7.2098,heen,150,MM0 ?V
7.2301,heen,150,MM1 V=120:223:4900
7.2301,heen,150,MM0 V=120:224:4905
7.2301,heen,150,"#203,YAW,-1.78,GYRO,-23,136,-20,ACC,21,13,202,ADC,1239,386,6,3,"
7.2301,heen,150,MM0 ?CR
7.2301,heen,150,MM1 ?CR
7.2510,heen,150,MM0 CR=34:-33
7.2510,heen,150,MM1 CR=33:-33
7.2510,heen,150,"#204,YAW,-1.78,GYRO,34,101,-9,ACC,13,-6,266,ADC,1243,501,4,2,"
7.2510,heen,150,MM1 ?A
7.2510,heen,150,MM0 ?A
7.2510,heen,150,MM1 A=5:0
7.2510,heen,150,MM0 A=0:0
7.2721,heen,150,"#205,YAW,-1.78,GYRO,-27,-44,16,ACC,-2,2,298,ADC,1227,382,4,1,"
7.2721,heen,150,MM0 ?AI
7.2721,heen,150,MM1 ?AI
7.2721,heen,150,MM0 AI=0:0:2429:2436:0:0
7.3200,heen,150,MM1 AI=0:0:2324:2294:0:0
7.3200,heen,150,"#206,YAW,-1.78,GYRO,-51,-78,17,ACC,4,15,245,ADC,1231,381,5,1,"
7.3200,heen,150,MM1 ?C
7.3200,heen,150,MM0 ?C
7.3200,heen,150,MM0 C=151:-151
7.3200,heen,150,MM1 C=1728:-1841
7.3200,heen,150,"$GPRMC,094103.2,A,5050.50798,N,00419.37274,E,000.45,223.8,021026,000.4,E*56"
7.3200,heen,150,"#207,YAW,-1.78,GYRO,-30,26,15,ACC,-13,7,261,ADC,1255,390,5,2,"
7.3200,heen,150,MM0 ?D
7.3200,heen,150,MM1 ?D
7.3200,heen,150,MM0 D=56
7.3200,heen,150,MM1 D=42
7.3409,heen,150,"#208,YAW,-1.81,GYRO,-40,4,1,ACC,-11,-2,278,ADC,1290,385,4,2,"
7.3410,heen,150,MM0 ?FF
7.3410,heen,150,MM1 ?FF
7.3410,heen,150,MM0 FF=0
7.3410,heen,150,MM1 FF=0
7.3622,heen,150,"#209,YAW,-1.81,GYRO,-10,16,-8,ACC,-1,-11,230,ADC,1249,383,5,2,"
7.3622,heen,150,MM0 ?P
7.3622,heen,150,MM1 ?P
7.3622,heen,150,MM0 P=150:-150
7.3622,heen,150,MM1 P=150:-150
7.3852,heen,150,"#210,YAW,-1.81,GYRO,-23,130,-16,ACC,8,-4,218,ADC,1247,384,6,2,"
7.3853,heen,150,MM0 ?S
7.3853,heen,150,MM1 ?S
7.3853,heen,150,MM1 S=150:-150
7.3853,heen,150,MM0 S=150:-150
7.4210,heen,150,"#211,YAW,-1.81,GYRO,15,127,-7,ACC,0,4,275,ADC,1263,502,8,2,"
7.4210,heen,150,MM0 ?T
7.4210,heen,150,MM1 ?T
7.4210,heen,150,MM0 T=35:34
7.4210,heen,150,MM1 T=36:33
7.4210,heen,150,MM0 !M 150 -150
7.4210,heen,150,MM1 !M 150 -150
7.4210,heen,150,MM0 +
7.4210,heen,150,MM1 +
7.4210,heen,150,MM1 PING
7.4210,heen,150,MM0 PING
7.4210,heen,150,MM0 !M 150 -150
7.4210,heen,150,MM1 !M 150 -150
7.4210,heen,150,MM0 +
7.4210,heen,150,MM1 +
7.4210,heen,150,"#212,YAW,-1.81,GYRO,-53,-44,10,ACC,5,13,287,ADC,1262,309,3,2,"
7.4210,heen,150,MM1 ?V
7.4210,heen,150,MM0 ?V
7.4210,heen,150,MM0 V=120:218:4903
7.4211,heen,150,MM1 V=120:223:4899
7.4418,heen,150,"#213,YAW,-1.81,GYRO,-34,9,1,ACC,4,9,254,ADC,1268,386,7,1,"
7.4418,heen,150,MM1 ?CR
7.4418,heen,150,MM0 ?CR
7.4419,heen,150,MM0 CR=33:-34
7.4419,heen,150,MM1 CR=33:-34
7.4631,heen,150,"#214,YAW,-1.81,GYRO,-3,104,-11,ACC,-13,-9,250,ADC,1207,381,4,2,"
7.4631,heen,150,MM0 ?A
7.4631,heen,150,MM1 ?A
7.4631,heen,150,MM0 A=5:0
7.4631,heen,150,MM1 A=0:0
7.4841,heen,150,"#215,YAW,-1.81,GYRO,-56,-9,-11,ACC,-12,3,284,ADC,1225,385,4,2,"
7.4841,heen,150,MM0 ?AI
7.4841,heen,150,MM1 ?AI
7.4841,heen,150,MM0 AI=0:0:2415:2374:0:0
7.4841,heen,150,MM1 AI=0:0:2326:2358:0:0
7.5179,heen,150,"#216,YAW,-1.81,GYRO,-1,66,-16,ACC,7,-5,214,ADC,1262,397,7,2,"
7.5180,heen,150,MM0 ?C
7.5180,heen,150,MM1 ?C
7.5180,heen,150,MM0 C=184:-185
7.5180,heen,150,MM1 C=1761:-1874
7.5180,heen,150,MM1 !M 150 -150
7.5180,heen,150,MM0 !M 150 -150
7.5180,heen,150,MM1 +
7.5180,heen,150,MM0 +
7.5180,heen,150,"$GPRMC,094103.4,A,5050.50799,N,00419.37277,E,000.45,223.8,021026,000.4,E*52"
7.5180,heen,150,"#217,YAW,-1.81,GYRO,-8,116,-15,ACC,29,-3,205,ADC,1290,338,4,1,"
7.5180,heen,150,MM0 ?D
7.5180,heen,150,MM1 ?D
7.5180,heen,150,MM0 D=17
7.5180,heen,150,MM1 D=56
7.5388,heen,150,"#218,YAW,-1.84,GYRO,10,103,-5,ACC,11,3,276,ADC,1257,399,6,2,"
7.5388,heen,150,MM0 ?FF
7.5388,heen,150,MM1 ?FF
7.5389,heen,150,MM0 FF=0
7.5389,heen,150,MM1 FF=0
7.5611,heen,150,"#219,YAW,-1.84,GYRO,14,-24,5,ACC,9,5,275,ADC,1284,396,5,2,"
7.5612,heen,150,MM0 ?P
7.5612,heen,150,MM1 ?P
7.5612,heen,150,MM0 P=150:-150
7.5612,heen,150,MM1 P=150:-150
7.5808,heen,150,"#220,YAW,-1.84,GYRO,4,-53,9,ACC,7,3,260,ADC,1203,381,3,3,"
7.5808,heen,150,MM0 ?S
7.5808,heen,150,MM1 ?S
7.5808,heen,150,MM1 S=150:-150
7.5808,heen,150,MM0 S=75:-150
7.6150,heen,150,"#221,YAW,-1.84,GYRO,-21,37,12,ACC,-4,11,283,ADC,1262,383,5,2,"
7.6150,heen,150,MM0 ?T
7.6150,heen,150,MM1 ?T
7.6150,heen,150,MM0 T=35:34
7.6150,heen,150,MM1 T=36:34
7.6150,heen,150,"#222,YAW,-1.84,GYRO,4,35,-7,ACC,-14,3,258,ADC,1218,383,6,2,"
7.6150,heen,150,MM0 ?V
7.6150,heen,150,MM1 ?V
7.6151,heen,150,MM0 V=120:223:4906
7.6151,heen,150,MM1 V=120:223:4899
7.6356,heen,150,"#223,YAW,-1.84,GYRO,-22,42,-18,ACC,-1,2,210,ADC,1253,392,6,2,"
7.6357,heen,150,MM0 ?CR
7.6357,heen,150,MM1 ?CR
7.6357,heen,150,MM0 CR=34:-33
7.6357,heen,150,MM1 CR=33:-33
7.6569,heen,150,"#224,YAW,-1.84,GYRO,-5,134,-22,ACC,13,-4,233,ADC,1265,500,5,1,"
7.6569,heen,150,MM0 ?A
7.6569,heen,150,MM1 ?A
7.6569,heen,150,MM0 A=5:0
7.6569,heen,150,MM1 A=0:0
7.6773,heen,150,"#225,YAW,-1.84,GYRO,4,103,-21,ACC,16,-6,261,ADC,1255,502,7,2,"
7.6774,heen,150,MM0 ?AI
7.6774,heen,150,MM1 ?AI
7.6774,heen,150,MM0 AI=0:0:2416:2436:0:0
7.6774,heen,150,MM1 AI=0:0:2324:2336:0:0
7.7111,heen,150,MM1 !M 150 -150
7.7111,heen,150,MM0 !M 150 -150
7.7111,heen,150,MM1 +
7.7111,heen,150,MM0 +
7.7111,heen,150,MM1 PING
7.7111,heen,150,MM0 PING
7.7111,heen,150,"#226,YAW,-1.84,GYRO,9,-14,-9,ACC,7,-10,274,ADC,1288,371,4,1,"
7.7111,heen,150,MM0 ?C
7.7111,heen,150,MM1 ?C
7.7111,heen,150,MM0 C=217:-218
7.7111,heen,150,MM1 C=1794:-1908
7.7111,heen,150,MM0 !M 150 -150
7.7111,heen,150,MM1 !M 150 -150
7.7111,heen,150,MM0 +
7.7111,heen,150,MM1 +
7.7111,heen,150,"$GPRMC,094103.6,A,5050.50801,N,00419.37281,E,000.45,223.8,021026,000.4,E*57"
7.7320,heen,150,"#227,YAW,-1.84,GYRO,-13,4,-16,ACC,4,11,255,ADC,1265,340,5,2,"
7.7320,heen,150,MM0 ?D
7.7320,heen,150,MM1 ?D
7.7320,heen,150,MM1 D=19
7.7320,heen,150,MM0 D=2
7.7320,heen,150,"#228,YAW,-1.86,GYRO,2,68,-19,ACC,-6,16,261,ADC,1251,393,4,3,"
7.7320,heen,150,MM0 ?FF
7.7320,heen,150,MM1 ?FF
7.7320,heen,150,MM0 FF=0
7.7321,heen,150,MM1 FF=0
7.7528,heen,150,"#229,YAW,-1.86,GYRO,-29,29,-19,ACC,-13,9,286,ADC,1284,392,5,2,"
7.7528,heen,150,MM0 ?P
7.7528,heen,150,MM1 ?P
7.7528,heen,150,MM0 P=150:-150
7.7528,heen,150,MM1 P=150:-150
7.7740,heen,150,"#230,YAW,-1.86,GYRO,-4,19,-10,ACC,1,-3,231,ADC,1248,501,7,2,"
7.7740,heen,150,MM0 ?S
7.7740,heen,150,MM1 ?S
7.7740,heen,150,MM0 S=150:-150
7.7740,heen,150,MM1 S=150:-150
7.8243,heen,150,"#231,YAW,-1.86,GYRO,-11,118,-12,ACC,10,-5,223,ADC,1233,384,4,2,"
7.8243,heen,150,MM0 ?T
7.8243,heen,150,MM1 ?T
7.8243,heen,150,MM0 T=35:34
7.8243,heen,150,MM1 T=36:33
7.8243,heen,150,MM0 !M 150 -150
7.8243,heen,150,MM1 !M 150 -150
7.8243,heen,150,MM0 +
7.8243,heen,150,MM1 +
7.8243,heen,150,"#232,YAW,-1.86,GYRO,15,108,-7,ACC,13,-7,272,ADC,1224,384,4,1,"
7.8244,heen,150,MM0 ?V
7.8244,heen,150,MM1 ?V
7.8244,heen,150,MM0 V=120:223:4903
7.8244,heen,150,MM1 V=120:223:4900
7.8456,heen,150,"#233,YAW,-1.86,GYRO,8,-18,0,ACC,0,1,274,ADC,1282,390,4,2,"
7.8456,heen,150,MM0 ?CR
7.8456,heen,150,MM1 ?CR
7.8456,heen,150,MM0 CR=33:-33
7.8456,heen,150,MM1 CR=34:-33
7.8665,heen,150,"#234,YAW,-1.86,GYRO,-51,21,-20,ACC,-1,16,283,ADC,1230,383,4,1,"
7.8665,heen,150,MM0 ?A
7.8665,heen,150,MM1 ?A
7.8665,heen,150,MM0 A=0:0
7.8665,heen,150,MM1 A=0:0
7.8885,heen,150,"#235,YAW,-1.86,GYRO,2,84,-34,ACC,11,8,248,ADC,1266,396,4,2,"
7.8885,heen,150,MM0 ?AI
7.8885,heen,150,MM1 ?AI
7.8885,heen,150,MM0 AI=0:0:2426:2443:0:0
7.8885,heen,150,MM1 AI=0:0:2336:2346:0:0
7.9231,heen,150,"#236,YAW,-1.86,GYRO,-76,15,-29,ACC,-10,7,288,ADC,1216,386,7,2,"
7.9231,heen,150,MM0 ?C
7.9231,heen,150,MM1 ?C
7.9231,heen,150,MM0 C=251:-251
7.9231,heen,150,MM1 C=1828:-1941
7.9231,heen,150,"$GPRMC,094103.8,A,5050.50803,N,00419.37284,E,000.45,223.8,021026,000.4,E*5E"
7.9231,heen,150,MM0 !M 150 -150
7.9231,heen,150,MM1 !M 150 -150
7.9231,heen,150,MM0 +
7.9231,heen,150,MM1 +
7.9231,heen,150,"#237,YAW,-1.86,GYRO,19,-184,-5,ACC,-40,-12,320,ADC,1254,354,8,1,"
7.9231,heen,150,MM0 ?D
7.9231,heen,150,MM1 ?D
7.9231,heen,150,MM0 D=49
7.9232,heen,150,MM1 D=0
7.9442,heen,150,"#238,YAW,-1.88,GYRO,-69,-135,17,ACC,-3,14,223,ADC,1234,381,8,1,"
7.9442,heen,150,MM0 ?FF
7.9442,heen,150,MM1 ?FF
7.9442,heen,150,MM0 FF=0
7.9442,heen,150,MM1 FF=0
7.9664,heen,150,"#239,YAW,-1.89,GYRO,43,-88,33,ACC,8,1,160,ADC,1269,386,5,2,"
7.9664,heen,150,MM0 ?P
7.9664,heen,150,MM1 ?P
7.9664,heen,150,MM0 P=150:-150
7.9664,heen,150,MM1 P=150:-150
7.9859,heen,150,"#240,YAW,-1.89,GYRO,-38,-75,17,ACC,15,-4,310,ADC,1246,406,6,1,"
7.9859,heen,150,MM0 ?S
7.9859,heen,150,MM1 ?S
7.9859,heen,150,MM0 S=75:-75
7.9859,heen,150,MM1 S=75:-150
8.0198,heen,150,"#241,YAW,-1.89,GYRO,-12,-5,-25,ACC,11,14,275,ADC,1208,380,6,2,"
8.0198,heen,150,MM0 ?T
8.0198,heen,150,MM1 ?T
8.0199,heen,150,MM0 T=35:34
8.0199,heen,150,MM1 T=36:33
8.0199,heen,150,"#242,YAW,-1.88,GYRO,-27,-25,-33,ACC,18,0,212,ADC,1290,391,5,1,"
8.0199,heen,150,MM0 ?V
8.0199,heen,150,MM1 ?V
8.0199,heen,150,MM0 V=120:223:4905
8.0199,heen,150,MM1 V=120:221:4899
8.0412,heen,150,"#243,YAW,-1.88,GYRO,-17,32,-23,ACC,-11,-3,300,ADC,1238,383,7,2,"
8.0412,heen,150,MM0 ?CR
8.0412,heen,150,MM1 ?CR
8.0412,heen,150,MM0 CR=33:-33
8.0412,heen,150,MM1 CR=33:-32
8.0636,heen,150,"#244,YAW,-1.88,GYRO,33,100,0,ACC,15,-8,273,ADC,1241,503,6,2,"
8.0636,heen,150,MM0 ?A
8.0637,heen,150,MM1 ?A
8.0637,heen,150,MM1 A=5:-4
8.0637,heen,150,MM0 A=5:0
8.0830,heen,150,"#245,YAW,-1.89,GYRO,-9,79,16,ACC,10,1,212,ADC,1243,503,5,1,"
8.0830,heen,150,MM0 ?AI
8.0831,heen,150,MM1 ?AI
8.0831,heen,150,MM0 AI=0:0:2446:2441:0:0
8.0831,heen,150,MM1 AI=0:0:2312:2364:0:0
8.1172,heen,150,"#246,YAW,-1.89,GYRO,9,94,10,ACC,15,12,240,ADC,1281,386,6,2,"
8.1172,heen,150,MM0 ?C
8.1172,heen,150,MM0 C=283:-283
8.1172,heen,150,MM1 ?C
8.1172,heen,150,MM1 C=1859:-1972
8.1172,heen,150,MM0 !M 150 -150
8.1172,heen,150,MM0 +
8.1172,heen,150,MM1 !M 150 -150
8.1172,heen,150,MM1 +
8.1172,heen,150,MM1 PING
8.1172,heen,150,MM0 PING
8.1172,heen,150,MM0 !M 150 -150
8.1172,heen,150,MM1 !M 150 -150
8.1172,heen,150,MM0 +
8.1172,heen,150,MM1 +
8.1172,heen,150,"$GPRMC,094104.0,A,5050.50804,N,00419.37287,E,000.43,223.8,021026,000.4,E*53"
8.1172,heen,150,"#247,YAW,-1.89,GYRO,25,70,2,ACC,16,6,247,ADC,1257,309,6,1,"
8.1172,heen,150,MM0 ?D
8.1172,heen,150,MM1 ?D
8.1172,heen,150,MM0 D=32
8.1172,heen,150,MM1 D=19
8.1378,heen,150,"#248,YAW,-1.91,GYRO,-11,11,-5,ACC,16,-3,257,ADC,1268,388,7,2,"
8.1378,heen,150,MM0 ?FF
8.1378,heen,150,MM1 ?FF
8.1378,heen,150,MM0 FF=0
8.1378,heen,150,MM1 FF=0
8.1589,heen,150,"#249,YAW,-1.91,GYRO,-38,69,-25,ACC,16,4,273,ADC,1263,500,4,1,"
8.1589,heen,150,MM0 ?P
8.1589,heen,150,MM1 ?P
8.1589,heen,150,MM0 P=150:-150
8.1589,heen,150,MM1 P=150:-150
8.1798,heen,150,"#250,YAW,-1.91,GYRO,-9,189,-32,ACC,31,3,219,ADC,1279,398,5,2,"
8.1799,heen,150,MM0 ?S
8.1799,heen,150,MM1 ?S
8.1799,heen,150,MM0 S=150:-75
8.1799,heen,150,MM1 S=150:-75
8.2139,heen,150,"#251,YAW,-1.91,GYRO,-21,201,-15,ACC,5,-7,245,ADC,1272,501,6,2,"
8.2139,heen,150,MM0 ?T
8.2139,heen,150,MM1 ?T
8.2139,heen,150,MM0 T=35:34
8.2139,heen,150,MM1 T=36:34
8.2139,heen,150,"#252,YAW,-1.91,GYRO,-5,320,22,ACC,13,-12,298,ADC,1290,501,4,2,"
8.2139,heen,150,MM0 ?V
8.2139,heen,150,MM1 ?V
8.2139,heen,150,MM0 V=120:223:4904
8.2139,heen,150,MM1 V=120:221:4901
8.2356,heen,150,"#253,YAW,-1.91,GYRO,115,191,47,ACC,30,-20,219,ADC,1263,396,5,2,"
8.2356,heen,150,MM0 ?CR
8.2356,heen,150,MM1 ?CR
8.2356,heen,150,MM0 CR=31:-31
8.2356,heen,150,MM1 CR=30:-31
8.2560,heen,150,"#254,YAW,-1.91,GYRO,-8,123,12,ACC,4,7,249,ADC,1260,498,5,1,"
8.2561,heen,150,MM0 ?A
8.2561,heen,150,MM1 ?A
8.2561,heen,150,MM0 A=0:0
8.2561,heen,150,MM1 A=0:0
8.2781,heen,150,"#255,YAW,-1.91,GYRO,-3,13,-31,ACC,9,23,311,ADC,1240,499,5,2,"
8.2782,heen,150,MM0 ?AI
8.2782,heen,150,MM1 ?AI
8.2782,heen,150,MM0 AI=0:0:2427:2429:0:0
8.2782,heen,150,MM1 AI=0:0:2330:2332:0:0
8.3140,heen,150,"#0,YAW,-1.91,GYRO,-81,-76,-69,ACC,-2,17,249,ADC,1227,400,9,2,"
8.3140,heen,150,MM1 ?C
8.3140,heen,150,MM0 ?C
8.3140,heen,150,MM0 C=315:-316
8.3140,heen,150,MM1 C=1891:-2004
8.3140,heen,150,MM0 !M 150 -15PING
8.3140,heen,150,MM1 !M 150 -15PING
8.3140,heen,150,MM0 +
8.3140,heen,150,MM1 +
8.3140,heen,150,"$GPRMC,094104.2,A,5050.50805,N,00419.37290,E,000.41,223.8,021026,000.4,E*54"
8.3140,heen,150,"#1,YAW,-1.91,GYRO,-11,63,-62,ACC,-22,-17,295,ADC,1281,391,4,1,"
8.3140,heen,150,MM0 ?D
8.3140,heen,150,MM1 ?D
8.3140,heen,150,MM0 D=49
8.3140,heen,150,MM1 D=2
8.3349,heen,150,"#2,YAW,-1.93,GYRO,-15,-6,-10,ACC,-11,-28,266,ADC,1279,499,5,2,"
8.3350,heen,150,MM0 ?FF
8.3350,heen,150,MM1 ?FF
8.3350,heen,150,MM0 FF=0
8.3350,heen,150,MM1 FF=0
8.3559,heen,150,"#3,YAW,-1.93,GYRO,-8,104,11,ACC,-6,2,216,ADC,1249,394,5,2,"
8.3559,heen,150,MM0 ?P
8.3559,heen,150,MM1 ?P
8.3559,heen,150,MM0 P=150:-150
8.3559,heen,150,MM1 P=150:-150
8.3768,heen,150,"#4,YAW,-1.93,GYRO,-1,186,7,ACC,11,20,237,ADC,1247,490,4,1,"
8.3768,heen,150,MM0 ?S
8.3768,heen,150,MM1 ?S
8.3768,heen,150,MM0 S=150:-150
8.3768,heen,150,MM1 S=150:-75
8.4272,heen,150,"#5,YAW,-1.93,GYRO,-10,-22,5,ACC,-9,11,301,ADC,1274,387,4,1,"
8.4272,heen,150,MM0 ?T
8.4272,heen,150,MM1 ?T
8.4272,heen,150,MM0 T=35:34
8.4272,heen,150,MM1 T=36:34
8.4272,heen,150,MM0 !M 150 -150
8.4272,heen,150,MM1 !M 150 -150
8.4272,heen,150,MM0 +
8.4272,heen,150,MM1 +
8.4272,heen,150,MM1 PING
8.4272,heen,150,MM0 PING
8.4272,heen,150,MM1 !M 150 -150
8.4272,heen,150,MM0 !M 150 -150
8.4272,heen,150,MM1 +
8.4272,heen,150,MM0 +
8.4272,heen,150,"#6,YAW,-1.93,GYRO,-77,-78,-21,ACC,-5,-2,258,ADC,1296,327,4,1,"
8.4272,heen,150,MM0 ?V
8.4272,heen,150,MM1 ?V
8.4272,heen,150,MM0 V=120:223:4906
8.4272,heen,150,MM1 V=120:222:4899
8.4482,heen,150,"#7,YAW,-1.93,GYRO,-11,99,-39,ACC,-9,-11,247,ADC,1219,380,5,1,"
8.4482,heen,150,MM0 ?CR
8.4482,heen,150,MM1 ?CR
8.4482,heen,150,MM0 CR=36:-36
8.4482,heen,150,MM1 CR=35:-35
8.4482,heen,150,"#8,YAW,-1.93,GYRO,-35,-4,-23,ACC,-8,-8,286,ADC,1249,497,4,2,"
8.4482,heen,150,MM0 ?A
8.4691,heen,150,MM1 ?A
8.4691,heen,150,MM0 A=0:0
8.4692,heen,150,MM1 A=0:0
8.4692,heen,150,"#9,YAW,-1.93,GYRO,-7,44,-1,ACC,-18,2,214,ADC,1259,499,7,2,"
8.4692,heen,150,MM0 ?AI
8.4692,heen,150,MM1 ?AI
8.4900,heen,150,MM0 AI=0:0:2442:2444:0:0
8.4901,heen,150,MM1 AI=0:0:2346:2356:0:0
8.4901,heen,150,"#10,YAW,-1.93,GYRO,-22,182,6,ACC,11,14,230,ADC,1276,500,7,1,"
8.4901,heen,150,MM0 ?C
8.4901,heen,150,MM1 ?C
8.4901,heen,150,MM0 C=351:-351
8.5241,heen,150,MM1 C=1927:-2039
8.5241,heen,150,"$GPRMC,094104.4,A,5050.50807,N,00419.37293,E,000.39,223.8,021026,000.4,E*5C"
8.5241,heen,150,"#11,YAW,-1.93,GYRO,27,124,13,ACC,6,-3,267,ADC,1228,396,8,1,"
8.5241,heen,150,MM0 ?D
8.5241,heen,150,MM1 ?D
8.5241,heen,150,MM0 D=33
8.5241,heen,150,MM1 D=19
8.5454,heen,150,"#12,YAW,-1.95,GYRO,-11,-44,11,ACC,9,-1,255,ADC,1238,502,4,2,"
8.5455,heen,150,MM0 ?FF
8.5455,heen,150,MM1 ?FF
8.5455,heen,150,MM0 FF=0
8.5455,heen,150,MM1 FF=0
8.5659,heen,150,"#13,YAW,-1.95,GYRO,1,40,-14,ACC,0,-2,280,ADC,1260,391,5,2,"
8.5659,heen,150,MM0 ?P
8.5659,heen,150,MM1 ?P
8.5659,heen,150,MM0 P=150:-150
8.5659,heen,150,MM1 P=150:-150
8.5870,heen,150,"#14,YAW,-1.95,GYRO,9,109,-29,ACC,-13,-2,259,ADC,1259,405,5,2,"
8.5870,heen,150,MM0 ?S
8.5870,heen,150,MM1 ?S
8.5871,heen,150,MM1 S=150:-150
8.5871,heen,150,MM0 S=150:-75
8.6210,heen,150,"#15,YAW,-1.95,GYRO,13,-49,-25,ACC,-7,10,265,ADC,1217,381,3,2,"
8.6210,heen,150,MM0 ?T
8.6210,heen,150,MM1 ?T
8.6210,heen,150,MM0 T=35:34
8.6210,heen,150,MM1 T=36:33
8.6210,heen,150,MM1 !M 150 -150
8.6210,heen,150,MM0 !M 150 -150
8.6210,heen,150,MM1 +
8.6210,heen,150,MM0 +
8.6210,heen,150,MM0 PING
8.6210,heen,150,MM1 PING
8.6210,heen,150,"#16,YAW,-1.95,GYRO,-15,75,-11,ACC,1,4,220,ADC,1264,385,5,2,"
8.6210,heen,150,MM0 ?V
8.6211,heen,150,MM1 ?V
8.6211,heen,150,MM0 V=120:222:4905
8.6211,heen,150,MM1 V=120:223:4899
8.6422,heen,150,"#17,YAW,-1.95,GYRO,-6,162,-4,ACC,12,2,237,ADC,1246,386,4,1,"
8.6422,heen,150,MM0 ?CR
8.6422,heen,150,MM1 ?CR
8.6422,heen,150,MM0 CR=33:-33
8.6422,heen,150,MM1 CR=34:-33
8.6631,heen,150,"#18,YAW,-1.95,GYRO,-9,95,4,ACC,4,2,276,ADC,1251,498,5,1,"
8.6631,heen,150,MM0 ?A
8.6631,heen,150,MM1 ?A
8.6631,heen,150,MM0 A=0:0
8.6632,heen,150,MM1 A=5:0
8.6835,heen,150,"#19,YAW,-1.95,GYRO,-7,-37,12,ACC,6,1,250,ADC,1251,417,4,1,"
8.6836,heen,150,MM0 ?AI
8.6836,heen,150,MM1 ?AI
8.6836,heen,150,MM0 AI=0:0:2420:2442:0:0
8.6836,heen,150,MM1 AI=0:0:2319:2328:0:0
8.7171,heen,150,"#20,YAW,-1.95,GYRO,-32,66,-16,ACC,-27,6,302,ADC,1293,502,4,2,"
8.7171,heen,150,MM0 ?C
8.7171,heen,150,MM1 ?C
8.7171,heen,150,MM0 C=384:-384
8.7171,heen,150,MM1 C=1960:-2072
8.7171,heen,150,MM1 !M 150 -150
8.7171,heen,150,MM0 !M 150 -150
8.7171,heen,150,MM1 +
8.7171,heen,150,MM0 +
8.7171,heen,150,MM1 PING
8.7171,heen,150,MM0 PING
8.7171,heen,150,MM0 !M 150 -150
8.7172,heen,150,MM1 !M 150 -150
8.7172,heen,150,MM0 +
8.7172,heen,150,MM1 +
8.7172,heen,150,"$GPRMC,094104.6,A,5050.50808,N,00419.37295,E,000.38,223.8,021026,000.4,E*56"
8.7172,heen,150,"#21,YAW,-1.95,GYRO,-33,241,-50,ACC,-44,4,304,ADC,1230,315,5,1,"
8.7172,heen,150,MM0 ?D
8.7172,heen,150,MM1 ?D
8.7172,heen,150,MM0 D=49
8.7379,heen,150,MM1 D=18
8.7379,heen,150,"#22,YAW,-1.95,GYRO,-18,210,-47,ACC,16,-6,237,ADC,1241,388,5,2,"
8.7379,heen,150,MM0 ?FF
8.7379,heen,150,MM1 ?FF
8.7379,heen,150,MM0 FF=0
8.7379,heen,150,MM1 FF=0
8.7613,heen,150,"#23,YAW,-1.95,GYRO,-1,161,-28,ACC,-5,-11,179,ADC,1244,384,5,2,"
8.7613,heen,150,MM0 ?P
8.7613,heen,150,MM1 ?P
8.7613,heen,150,MM0 P=150:-150
8.7613,heen,150,MM1 P=150:-150
8.7799,heen,150,"#24,YAW,-1.95,GYRO,-65,110,-15,ACC,-12,16,255,ADC,1222,383,5,2,"
8.7799,heen,150,MM0 ?S
8.7799,heen,150,MM1 ?S
8.7799,heen,150,MM0 S=75:-75
8.7799,heen,150,MM1 S=150:-150
8.8301,heen,150,"#25,YAW,-1.95,GYRO,-14,128,-4,ACC,2,9,276,ADC,1252,392,6,1,"
8.8302,heen,150,MM0 ?T
8.8302,heen,150,MM1 ?T
8.8302,heen,150,MM0 T=35:34
8.8302,heen,150,MM1 T=36:34
8.8302,heen,150,"#26,YAW,-1.95,GYRO,-5,88,-1,ACC,12,1,240,ADC,1252,367,5,2,"
8.8302,heen,150,MM0 !M 150 -150
8.8302,heen,150,MM0 +
8.8302,heen,150,MM1 !M 150 -150
8.8302,heen,150,MM1 +
8.8302,heen,150,MM0 ?V
8.8302,heen,150,MM1 ?V
8.8302,heen,150,MM0 V=120:223:4905
8.8302,heen,150,MM1 V=120:222:4898
8.8302,heen,150,"#27,YAW,-1.95,GYRO,3,56,-7,ACC,-3,-5,270,ADC,1276,383,7,2,"
8.8302,heen,150,MM0 ?CR
8.8302,heen,150,MM1 ?CR
8.8302,heen,150,MM0 CR=31:-30
8.8511,heen,150,MM1 CR=31:-31
8.8511,heen,150,"#28,YAW,-1.95,GYRO,-3,37,-27,ACC,-15,4,270,ADC,1249,385,5,2,"
8.8511,heen,150,MM0 ?A
8.8511,heen,150,MM1 ?A
8.8511,heen,150,MM0 A=0:0
8.8511,heen,150,MM1 A=0:0
8.8720,heen,150,"#29,YAW,-1.95,GYRO,14,60,-32,ACC,-3,0,255,ADC,1236,382,6,1,"
8.8720,heen,150,MM0 ?AI
8.8721,heen,150,MM1 ?AI
8.8721,heen,150,MM0 AI=0:0:2420:2418:0:0
8.8930,heen,150,MM1 AI=0:0:2310:2353:0:0
8.8930,heen,150,"#30,YAW,-1.95,GYRO,8,43,-31,ACC,0,-10,231,ADC,1246,499,5,1,"
8.8930,heen,150,MM0 ?C
8.8930,heen,150,MM1 ?C
8.8930,heen,150,MM0 C=415:-414
8.8930,heen,150,MM1 C=1991:-2102
8.9271,heen,150,"$GPRMC,094104.8,A,5050.50809,N,00419.37298,E,000.37,223.8,021026,000.4,E*5B"
8.9271,heen,150,"#31,YAW,-1.94,GYRO,-54,-22,-35,ACC,12,18,217,ADC,1303,404,4,2,"
8.9271,heen,150,MM0 ?D
8.9271,heen,150,MM1 ?D
8.9271,heen,150,MM1 D=51
8.9271,heen,150,MM0 D=1
8.9480,heen,150,"#32,YAW,-1.94,GYRO,-36,-11,-32,ACC,12,15,247,ADC,1268,499,4,2,"
8.9480,heen,150,MM0 ?FF
8.9480,heen,150,MM1 ?FF
8.9481,heen,150,MM0 FF=0
8.9481,heen,150,MM1 FF=0
8.9481,heen,150,"#33,YAW,-1.94,GYRO,14,-82,-33,ACC,15,-5,252,ADC,1220,381,5,2,"
8.9481,heen,150,MM0 ?P
8.9690,heen,150,MM1 ?P
8.9691,heen,150,MM0 P=150:-150
8.9691,heen,150,MM1 P=150:-150
8.9691,heen,150,"#34,YAW,-1.94,GYRO,1,-184,-11,ACC,12,-8,261,ADC,1224,387,5,1,"
8.9691,heen,150,MM0 ?S
8.9691,heen,150,MM1 ?S
8.9899,heen,150,MM0 S=150:-150
8.9899,heen,150,MM1 S=150:-75
8.9899,heen,150,"#35,YAW,-1.94,GYRO,37,-160,26,ACC,13,-3,287,ADC,1230,381,6,2,"
8.9899,heen,150,MM0 ?T
8.9899,heen,150,MM1 ?T
8.9899,heen,150,MM0 T=35:34
9.0241,heen,150,MM1 T=36:34
9.0241,heen,150,MM0 !M 150 -150
9.0242,heen,150,MM1 !M 150 -150
9.0242,heen,150,MM0 +
9.0242,heen,150,MM1 +
9.0242,heen,150,MM1 PING
9.0242,heen,150,MM0 PING
9.0242,heen,150,"#36,YAW,-1.95,GYRO,42,183,35,ACC,-5,-1,278,ADC,1229,381,7,2,"
9.0242,heen,150,MM0 ?V
9.0242,heen,150,MM1 ?V
9.0242,heen,150,MM0 V=120:221:4905
9.0242,heen,150,MM1 V=120:221:4898
9.0451,heen,150,"#37,YAW,-1.95,GYRO,97,68,19,ACC,-19,-2,249,ADC,1256,387,4,2,"
9.0451,heen,150,MM1 ?CR
9.0451,heen,150,MM0 ?CR
9.0451,heen,150,MM1 CR=34:-33
9.0451,heen,150,MM0 CR=34:-34
9.0683,heen,150,"#38,YAW,-1.95,GYRO,-98,-18,-30,ACC,6,43,210,ADC,1286,391,4,2,"
9.0683,heen,150,MM0 ?A
9.0683,heen,150,MM1 ?A
9.0683,heen,150,MM0 A=0:0
9.0683,heen,150,MM1 A=0:0
9.0859,heen,150,"#39,YAW,-1.94,GYRO,48,158,-55,ACC,-6,22,276,ADC,1250,497,4,2,"
9.0859,heen,150,MM1 ?AI
9.0859,heen,150,MM0 ?AI
9.0859,heen,150,MM1 AI=0:0:2347:2337:0:0
9.0859,heen,150,MM0 AI=0:0:2431:2409:0:0
9.1200,heen,150,"#40,YAW,-1.94,GYRO,-12,122,-46,ACC,-2,-4,273,ADC,1309,500,4,1,"
9.1200,heen,150,MM0 ?C
9.1200,heen,150,MM1 ?C
9.1200,heen,150,MM0 C=450:-448
9.1200,heen,150,MM1 C=2026:-2136
9.1200,heen,150,MM0 !M 150 -150
9.1200,heen,150,MM1 !M 150 -150
9.1200,heen,150,MM0 +
9.1200,heen,150,MM1 +
9.1200,heen,150,MM1 PING
9.1200,heen,150,MM0 PING
9.1200,heen,150,"$GPRMC,094105.0,A,5050.50810,N,00419.37301,E,000.36,223.8,021026,000.4,E*5A"
9.1200,heen,150,"#41,YAW,-1.94,GYRO,-26,-121,-1,ACC,-1,-5,233,ADC,1292,319,5,1,"
9.1200,heen,150,MM0 ?D
9.1200,heen,150,MM1 ?D
9.1200,heen,150,MM0 D=58
9.1200,heen,150,MM1 D=1
9.1412,heen,150,"#42,YAW,-1.94,GYRO,-63,-109,33,ACC,-9,20,294,ADC,1255,497,5,2,"
9.1412,heen,150,MM1 ?FF
9.1412,heen,150,MM0 ?FF
9.1412,heen,150,MM1 FF=0
9.1412,heen,150,MM0 FF=0
9.1620,heen,150,"#43,YAW,-1.94,GYRO,-3,45,35,ACC,-6,4,257,ADC,1236,398,4,2,"
9.1620,heen,150,MM0 ?P
9.1620,heen,150,MM1 ?P
9.1620,heen,150,MM0 P=150:-150
9.1621,heen,150,MM1 P=150:-150
9.1841,heen,150,"#44,YAW,-1.95,GYRO,-30,-52,19,ACC,-4,-3,241,ADC,1235,499,5,2,"
9.1841,heen,150,MM0 ?S
9.1841,heen,150,MM1 ?S
9.1841,heen,150,MM0 S=150:-150
9.1841,heen,150,MM1 S=75:-150
9.2321,heen,150,"#45,YAW,-1.95,GYRO,-26,70,-7,ACC,-7,1,223,ADC,1282,386,5,3,"
9.2321,heen,150,MM0 ?T
9.2321,heen,150,MM1 ?T
9.2321,heen,150,MM0 T=35:34
9.2321,heen,150,MM1 T=36:34
9.2321,heen,150,MM0 !M 150 -150
9.2321,heen,150,MM1 !M 150 -150
9.2321,heen,150,MM0 +
9.2321,heen,150,MM1 +
9.2321,heen,150,MM1 PING
9.2321,heen,150,MM0 PING
9.2321,heen,150,"#46,YAW,-1.94,GYRO,4,159,-21,ACC,9,4,275,ADC,1223,386,4,2,"
9.2321,heen,150,MM0 ?V
9.2321,heen,150,MM1 ?V
9.2321,heen,150,MM0 V=120:217:4904
9.2322,heen,150,MM1 V=120:222:4899
9.2322,heen,150,MM0 !M 150 -150
9.2322,heen,150,MM1 !M 150 -150
9.2322,heen,150,MM0 +
9.2322,heen,150,MM1 +
9.2322,heen,150,"#47,YAW,-1.94,GYRO,-20,33,-20,ACC,-6,12,264,ADC,1192,380,8,2,"
9.2322,heen,150,MM1 ?CR
9.2322,heen,150,MM0 ?CR
9.2322,heen,150,MM1 CR=34:-34
9.2322,heen,150,MM0 CR=35:-34
9.2528,heen,150,"#48,YAW,-1.94,GYRO,-15,-88,-8,ACC,4,7,251,ADC,1284,502,7,2,"
9.2528,heen,150,MM1 ?A
9.2528,heen,150,MM0 ?A
9.2528,heen,150,MM1 A=0:0
9.2528,heen,150,MM0 A=0:0
9.2729,heen,150,"#49,YAW,-1.94,GYRO,-5,65,3,ACC,-9,-2,283,ADC,1255,502,7,2,"
9.2729,heen,150,MM1 ?AI
9.2729,heen,150,MM0 ?AI
9.2729,heen,150,MM1 AI=0:0:2313:2351:0:0
9.2729,heen,150,MM0 AI=0:0:2425:2418:0:0
9.2950,heen,150,"#50,YAW,-1.94,GYRO,-21,47,1,ACC,-9,-1,251,ADC,1241,398,5,2,"
9.2950,heen,150,MM1 ?C
9.2950,heen,150,MM0 ?C
9.2950,heen,150,MM0 C=484:-483
9.2950,heen,150,MM1 C=2060:-2170
9.3289,heen,150,"$GPRMC,094105.2,A,5050.50811,N,00419.37304,E,000.36,223.8,021026,000.4,E*5C"
9.3289,heen,150,MM1 !M 150 -150
9.3289,heen,150,MM0 !M 150 -150
9.3289,heen,150,MM1 +
9.3289,heen,150,MM0 +
9.3289,heen,150,"#51,YAW,-1.94,GYRO,-24,-31,-11,ACC,-1,0,249,ADC,1199,311,4,2,"
9.3289,heen,150,MM1 ?D
9.3289,heen,150,MM0 ?D
9.3289,heen,150,MM1 D=50
9.3290,heen,150,MM0 D=43
9.3290,heen,150,"#52,YAW,-1.94,GYRO,-22,146,-16,ACC,11,8,223,ADC,1263,500,6,2,"
9.3501,heen,150,MM1 ?FF
9.3501,heen,150,MM0 ?FF
9.3501,heen,150,MM1 FF=0
9.3501,heen,150,MM0 FF=0
9.3501,heen,150,"#53,YAW,-1.94,GYRO,3,129,-15,ACC,14,-8,242,ADC,1195,378,4,2,"
9.3501,heen,150,MM1 ?P
9.3501,heen,150,MM0 ?P
9.3501,heen,150,MM1 P=150:-150
9.3725,heen,150,MM0 P=150:-150
9.3726,heen,150,"#54,YAW,-1.94,GYRO,-23,-27,-2,ACC,5,0,271,ADC,1208,380,5,1,"
9.3726,heen,150,MM1 ?S
9.3726,heen,150,MM0 ?S
9.3726,heen,150,MM1 S=150:-150
9.3918,heen,150,MM0 S=150:-150
9.3919,heen,150,"#55,YAW,-1.94,GYRO,38,-19,0,ACC,7,1,266,ADC,1257,501,6,2,"
9.3919,heen,150,MM1 ?T
9.3919,heen,150,MM0 ?T
9.3919,heen,150,MM1 T=36:33
9.3919,heen,150,MM0 T=35:34
9.4261,heen,150,MM0 !M 150 -150
9.4261,heen,150,MM1 !M 150 -150
9.4261,heen,150,MM0 +
9.4261,heen,150,MM1 +
9.4261,heen,150,"#56,YAW,-1.95,GYRO,29,-12,21,ACC,5,-6,253,ADC,1245,335,4,1,"
9.4261,heen,150,MM1 ?V
9.4261,heen,150,MM0 ?V
9.4261,heen,150,MM1 V=120:223:4899
9.4261,heen,150,MM0 V=120:223:4904
9.4470,heen,150,"#57,YAW,-1.95,GYRO,1,-43,24,ACC,-4,14,282,ADC,1257,500,4,2,"
9.4470,heen,150,MM1 ?CR
9.4470,heen,150,MM0 ?CR
9.4470,heen,150,MM1 CR=34:-34
9.4471,heen,150,MM0 CR=34:-34
9.4682,heen,150,"#58,YAW,-1.95,GYRO,-19,62,0,ACC,-11,20,248,ADC,1249,387,4,2,"
9.4683,heen,150,MM1 ?A
9.4683,heen,150,MM0 ?A
9.4683,heen,150,MM1 A=5:0
9.4683,heen,150,MM0 A=0:0
9.4683,heen,150,"#59,YAW,-1.95,GYRO,-38,100,-25,ACC,10,9,231,ADC,1219,381,9,2,"
9.4902,heen,150,MM1 ?AI
9.4902,heen,150,MM0 ?AI
9.4902,heen,150,MM1 AI=0:0:2340:2323:0:0
9.4902,heen,150,MM0 AI=0:0:2404:2429:0:0
9.4902,heen,150,"#60,YAW,-1.94,GYRO,-35,137,-27,ACC,13,-3,242,ADC,1237,382,6,1,"
9.4902,heen,150,MM1 ?C
9.4902,heen,150,MM0 ?C
9.5243,heen,150,MM0 C=518:-516
9.5243,heen,150,MM1 C=2093:-2204
9.5244,heen,150,"$GPRMC,094105.4,A,5050.50812,N,00419.37307,E,000.36,223.8,021026,000.4,E*5A"
9.5244,heen,150,"#61,YAW,-1.94,GYRO,-5,80,-27,ACC,11,-18,268,ADC,1248,385,3,1,"
9.5244,heen,150,MM1 ?D
9.5244,heen,150,MM0 ?D
9.5244,heen,150,MM1 D=16
9.5244,heen,150,MM0 D=50
9.5451,heen,150,"#62,YAW,-1.94,GYRO,7,-30,-28,ACC,4,-9,254,ADC,1254,492,3,2,"
9.5451,heen,150,MM1 ?FF
9.5451,heen,150,MM0 ?FF
9.5451,heen,150,MM1 FF=0
9.5451,heen,150,MM0 FF=0
9.5660,heen,150,"#63,YAW,-1.94,GYRO,2,-3,-21,ACC,1,1,276,ADC,1268,383,6,2,"
9.5660,heen,150,MM1 ?P
9.5660,heen,150,MM0 ?P
9.5660,heen,150,MM1 P=150:-150
9.5660,heen,150,MM0 P=150:-150
9.5870,heen,150,"#64,YAW,-1.94,GYRO,9,52,-7,ACC,-2,19,278,ADC,1243,381,6,1,"
9.5870,heen,150,MM1 ?S
9.5870,heen,150,MM0 ?S
9.5871,heen,150,MM0 S=75:-75
9.5871,heen,150,MM1 S=150:-150
9.6232,heen,150,"#65,YAW,-1.94,GYRO,-29,-8,-11,ACC,-5,18,245,ADC,1251,390,7,3,"
9.6232,heen,150,MM1 ?T
9.6232,heen,150,MM0 ?T
9.6232,heen,150,MM1 T=36:34
9.6232,heen,150,MM0 T=35:34
9.6232,heen,150,MM0 !M 150PING
9.6232,heen,150,MM1 !M 150PING
9.6232,heen,150,MM0 +
9.6232,heen,150,MM1 +
9.6232,heen,150,MM1 !M 150 -150
9.6232,heen,150,MM0 !M 150 -150
9.6232,heen,150,MM1 +
9.6232,heen,150,MM0 +
9.6233,heen,150,"#66,YAW,-1.94,GYRO,-32,54,-15,ACC,4,4,232,ADC,1265,287,4,2,"
9.6233,heen,150,MM1 ?V
9.6233,heen,150,MM0 ?V
9.6233,heen,150,MM1 V=120:223:4899
9.6233,heen,150,MM0 V=120:223:4905
9.6440,heen,150,"#67,YAW,-1.94,GYRO,-3,119,-18,ACC,4,-13,256,ADC,1251,402,4,2,"
9.6440,heen,150,MM1 ?CR
9.6440,heen,150,MM0 ?CR
9.6440,heen,150,MM1 CR=34:-33
9.6440,heen,150,MM0 CR=34:-33
9.6651,heen,150,"#68,YAW,-1.94,GYRO,-1,47,-14,ACC,6,-14,241,ADC,1256,500,4,2,"
9.6652,heen,150,MM1 ?A
9.6652,heen,150,MM0 ?A
9.6652,heen,150,MM1 A=0:0
9.6652,heen,150,MM0 A=0:0
9.6859,heen,150,"#69,YAW,-1.94,GYRO,18,-15,-13,ACC,0,-3,286,ADC,1281,498,7,1,"
9.6859,heen,150,MM1 ?AI
9.6859,heen,150,MM0 ?AI
9.6859,heen,150,MM1 AI=0:0:2329:2346:0:0
9.6859,heen,150,MM0 AI=0:0:2404:2452:0:0
9.7209,heen,150,"#70,YAW,-1.94,GYRO,-28,57,-9,ACC,-5,26,253,ADC,1215,381,5,1,"
9.7209,heen,150,MM1 ?C
9.7209,heen,150,MM0 ?C
9.7209,heen,150,MM0 C=552:-550
9.7209,heen,150,MM1 C=2127:-2237
9.7209,heen,150,"$GPRMC,094105.6,A,5050.50813,N,00419.37310,E,000.36,223.8,021026,000.4,E*5F"
9.7209,heen,150,"#71,YAW,-1.94,GYRO,12,62,-10,ACC,-17,22,264,ADC,1294,504,4,2,"
9.7209,heen,150,MM1 ?D
9.7209,heen,150,MM0 ?D
9.7209,heen,150,MM1 D=34
9.7209,heen,150,MM0 D=9
9.7424,heen,150,MM1 !M 150 -150
9.7424,heen,150,MM0 !M 150 -150
9.7424,heen,150,MM1 +
9.7424,heen,150,MM0 +
9.7424,heen,150,"#72,YAW,-1.94,GYRO,-78,-1,-22,ACC,0,7,238,ADC,1247,374,4,1,"
9.7424,heen,150,MM1 ?FF
9.7424,heen,150,MM0 ?FF
9.7424,heen,150,MM1 FF=0
9.7425,heen,150,MM0 FF=0
9.7630,heen,150,"#73,YAW,-1.94,GYRO,-13,124,-30,ACC,9,-14,230,ADC,1223,387,3,1,"
9.7630,heen,150,MM1 ?P
9.7630,heen,150,MM0 ?P
9.7630,heen,150,MM1 P=150:-150
9.7630,heen,150,MM0 P=150:-150
9.7857,heen,150,"#74,YAW,-1.94,GYRO,-25,139,-34,ACC,5,-12,273,ADC,1317,500,6,2,"
9.7857,heen,150,MM1 ?S
9.7857,heen,150,MM0 ?S
9.7857,heen,150,MM1 S=150:-75
9.7857,heen,150,MM0 S=75:-150
9.8340,heen,150,"#75,YAW,-1.94,GYRO,9,23,-16,ACC,5,-7,217,ADC,1223,382,4,1,"
9.8340,heen,150,MM1 ?T
9.8340,heen,150,MM0 ?T
9.8340,heen,150,MM1 T=36:34
9.8341,heen,150,MM0 T=35:34
9.8341,heen,150,"#76,YAW,-1.94,GYRO,-26,3,-7,ACC,-5,15,284,ADC,1301,387,4,2,"
9.8341,heen,150,MM1 ?V
9.8341,heen,150,MM0 ?V
9.8341,heen,150,MM1 V=120:223:4900
9.8341,heen,150,MM0 V=120:223:4905
9.8341,heen,150,"#77,YAW,-1.94,GYRO,-9,60,5,ACC,-7,15,280,ADC,1273,501,6,2,"
9.8341,heen,150,MM0 ?CR
9.8341,heen,150,MM1 ?CR
9.8341,heen,150,MM0 CR=34:-34
9.8341,heen,150,MM1 CR=34:-33
9.8548,heen,150,"#78,YAW,-1.94,GYRO,11,44,8,ACC,-5,0,280,ADC,1222,386,7,1,"
9.8549,heen,150,MM1 ?A
9.8549,heen,150,MM0 ?A
9.8549,heen,150,MM1 A=0:0
9.8549,heen,150,MM0 A=0:0
9.8760,heen,150,"#79,YAW,-1.94,GYRO,-5,19,9,ACC,-3,-11,227,ADC,1287,504,6,2,"
9.8760,heen,150,MM1 ?AI
9.8760,heen,150,MM0 ?AI
9.8760,heen,150,MM0 AI=0:0:2423:2437:0:0
9.8760,heen,150,MM1 AI=0:0:2333:2315:0:0
9.8970,heen,150,"#80,YAW,-1.94,GYRO,-3,137,-1,ACC,7,3,231,ADC,1231,499,7,1,"
9.8970,heen,150,MM0 ?C
9.8970,heen,150,MM1 ?C
9.8970,heen,150,MM0 C=585:-582
9.8971,heen,150,MM1 C=2160:-2270
9.9323,heen,150,"$GPRMC,094105.8,A,5050.50813,N,00419.37312,E,000.37,223.8,021026,000.4,E*52"
9.9323,heen,150,MM0 !M 150 -150
9.9323,heen,150,MM1 !M 150 -150
9.9323,heen,150,MM0 +
9.9323,heen,150,MM1 +
9.9323,heen,150,MM1 PING
9.9323,heen,150,MM0 PING
9.9323,heen,150,"#81,YAW,-1.94,GYRO,-2,126,-9,ACC,4,12,266,ADC,1239,344,6,1,"
9.9323,heen,150,MM0 ?D
9.9323,heen,150,MM1 ?D
9.9323,heen,150,MM1 D=32
9.9323,heen,150,MM0 D=34
9.9323,heen,150,"#82,YAW,-1.94,GYRO,4,13,-5,ACC,-1,3,242,ADC,1265,502,5,2,"
9.9323,heen,150,MM0 ?FF
9.9323,heen,150,MM1 ?FF
9.9323,heen,150,MM0 FF=0
9.9323,heen,150,MM1 FF=0
9.9520,heen,150,"#83,YAW,-1.94,GYRO,23,-8,-16,ACC,-7,-8,276,ADC,1255,386,5,2,"
9.9520,heen,150,MM0 ?P
9.9520,heen,150,MM1 ?P
9.9520,heen,150,MM0 P=150:-150
9.9520,heen,150,MM1 P=150:-150
9.9731,heen,150,"#84,YAW,-1.94,GYRO,16,25,-5,ACC,11,-3,270,ADC,1215,397,6,1,"
9.9731,heen,150,MM0 ?S
9.9731,heen,150,MM1 ?S
9.9731,heen,150,MM1 S=75:-75
9.9731,heen,150,MM0 S=75:-150
9.9942,heen,150,"#85,YAW,-1.94,GYRO,22,59,-9,ACC,-1,12,244,ADC,1236,383,4,2,"
9.9942,heen,150,MM0 ?T
9.9942,heen,150,MM1 ?T
9.9942,heen,150,MM0 T=35:34
9.9942,heen,150,MM1 T=36:33
9.9942,heen,150,MM0 !M 150 -150
10.0285,heen,150,MM1 !M 150 -150
10.0285,heen,150,MM0 +
10.0285,heen,150,MM1 +
10.0285,heen,150,MM0 PING
10.0285,heen,150,MM1 PING
10.0285,heen,150,MM1 !M 150 -150
10.0285,heen,150,MM0 !M 150 -150
10.0285,heen,150,MM1 +
10.0285,heen,150,MM0 +
10.0285,heen,150,"#86,YAW,-1.94,GYRO,15,50,-14,ACC,5,12,250,ADC,1250,318,5,1,"
10.0285,heen,150,MM1 ?V
10.0285,heen,150,MM0 ?V
10.0285,heen,150,MM1 V=120:223:4900
10.0285,heen,150,MM0 V=120:223:4904
10.0285,heen,150,"#87,YAW,-1.94,GYRO,-33,76,-5,ACC,2,13,234,ADC,1272,499,5,1,"
10.0285,heen,150,MM0 ?CR
10.0492,heen,150,MM1 ?CR
10.0492,heen,150,MM0 CR=32:-32
10.0492,heen,150,MM1 CR=32:-33
10.0492,heen,150,"#88,YAW,-1.94,GYRO,-45,121,-4,ACC,17,11,222,ADC,1285,400,7,2,"
10.0492,heen,150,MM0 ?A
10.0492,heen,150,MM1 ?A
10.0700,heen,150,MM0 A=0:0
10.0700,heen,150,MM1 A=0:0
10.0700,heen,150,"#89,YAW,-1.94,GYRO,-14,73,6,ACC,14,-8,276,ADC,1187,380,5,2,"
10.0700,heen,150,MM0 ?AI
10.0700,heen,150,MM1 ?AI
10.0916,heen,150,MM0 AI=0:0:2429:2426:0:0
10.0916,heen,150,MM1 AI=0:0:2340:2436:0:0
10.0916,heen,150,"#90,YAW,-1.94,GYRO,-22,-43,-1,ACC,11,-8,241,ADC,1306,391,5,2,"
10.0917,heen,150,MM0 ?C
10.0917,heen,150,MM1 ?C
10.0917,heen,150,MM0 C=618:-615
10.1261,heen,150,MM1 C=2193:-2303
10.1261,heen,150,"$GPRMC,094106.0,A,5050.50814,N,00419.37315,E,000.37,223.8,021026,000.4,E*59"
10.1261,heen,150,"#91,YAW,-1.94,GYRO,-18,-18,-11,ACC,-3,2,276,ADC,1241,382,4,2,"
10.1261,heen,150,MM0 ?D
10.1261,heen,150,MM1 ?D
10.1261,heen,150,MM0 D=48
10.1261,heen,150,MM1 D=49
10.1470,heen,150,"#92,YAW,-1.94,GYRO,-14,93,-19,ACC,-8,15,289,ADC,1211,379,6,2,"
10.1470,heen,150,MM0 ?FF
10.1470,heen,150,MM1 ?FF
10.1470,heen,150,MM0 FF=0
10.1470,heen,150,MM1 FF=0
10.1680,heen,150,"#93,YAW,-1.94,GYRO,2,0,-12,ACC,-5,12,236,ADC,1234,500,5,2,"
10.1680,heen,150,MM0 ?P
10.1680,heen,150,MM1 ?P
10.1680,heen,150,MM0 P=150:-150
10.1680,heen,150,MM1 P=150:-150
10.1680,heen,150,"#94,YAW,-1.94,GYRO,-27,81,-6,ACC,3,1,229,ADC,1257,390,4,1,"
10.1681,heen,150,MM0 ?S
10.1892,heen,150,MM1 ?S
10.1892,heen,150,MM0 S=150:-150
10.1892,heen,150,MM1 S=150:-75
10.1892,heen,150,"#95,YAW,-1.94,GYRO,-17,158,-9,ACC,7,2,253,ADC,1264,499,7,2,"
10.1892,heen,150,MM0 ?T
10.1892,heen,150,MM1 ?T
10.2360,heen,150,MM0 T=35:34
10.2361,heen,150,MM1 T=36:33
10.2361,heen,150,MM0 !M 150 -150
10.2361,heen,150,MM1 !M 150 -150
10.2361,heen,150,MM0 +
10.2361,heen,150,MM1 +
10.2361,heen,150,MM1 PING
10.2361,heen,150,MM0 PING
10.2361,heen,150,"#96,YAW,-1.94,GYRO,-2,43,-2,ACC,8,-5,260,ADC,1212,378,6,2,"
10.2361,heen,150,MM0 ?V
10.2361,heen,150,MM1 ?V
10.2361,heen,150,MM0 V=120:223:4904
10.2361,heen,150,MM1 V=120:223:4901
10.2361,heen,150,"#97,YAW,-1.94,GYRO,-34,-42,-13,ACC,-1,5,250,ADC,1253,383,3,1,"
10.2361,heen,150,MM0 ?CR
10.2361,heen,150,MM1 ?CR
10.2361,heen,150,MM0 CR=34:-34
10.2361,heen,150,MM1 CR=34:-34
10.2570,heen,150,"#98,YAW,-1.94,GYRO,-32,38,-20,ACC,-6,7,293,ADC,1230,384,5,2,"
10.2570,heen,150,MM0 ?A
10.2570,heen,150,MM1 ?A
10.2570,heen,150,MM0 A=0:0
10.2570,heen,150,MM1 A=5:0
10.2778,heen,150,"#99,YAW,-1.94,GYRO,-19,27,-21,ACC,-6,1,261,ADC,1278,500,6,2,"
10.2779,heen,150,MM0 ?AI
10.2779,heen,150,MM1 ?AI
10.2779,heen,150,MM0 AI=0:0:2425:2428:0:0
10.2779,heen,150,MM1 AI=0:0:2371:2392:0:0
10.2992,heen,150,"#100,YAW,-1.94,GYRO,-24,-3,-2,ACC,-15,0,226,ADC,1241,393,4,2,"
10.2992,heen,150,MM0 ?C
10.2992,heen,150,MM1 ?C
10.2992,heen,150,MM0 C=653:-650
10.2992,heen,150,MM1 C=2227:-2337
10.2992,heen,150,"$GPRMC,094106.2,A,5050.50815,N,00419.37319,E,000.38,223.8,021026,000.4,E*59"
10.3329,heen,150,MM0 !M 150 -150
10.3329,heen,150,MM1 !M 150 -150
10.3329,heen,150,MM0 +
10.3329,heen,150,MM1 +
10.3329,heen,150,MM1 PING
10.3329,heen,150,MM0 PING
10.3329,heen,150,"#101,YAW,-1.94,GYRO,-24,144,8,ACC,8,-2,256,ADC,1265,331,5,1,"
10.3329,heen,150,MM0 ?D
10.3329,heen,150,MM1 ?D
10.3329,heen,150,MM1 D=10
10.3329,heen,150,MM0 D=3
10.3329,heen,150,"#102,YAW,-1.94,GYRO,2,154,4,ACC,2,-7,256,ADC,1272,386,4,2,"
10.3329,heen,150,MM0 ?FF
10.3329,heen,150,MM1 ?FF
10.3329,heen,150,MM0 FF=0
10.3329,heen,150,MM1 FF=0
10.3553,heen,150,"#103,YAW,-1.94,GYRO,18,19,5,ACC,2,-1,245,ADC,1252,393,5,2,"
10.3553,heen,150,MM0 ?P
10.3553,heen,150,MM1 ?P
10.3554,heen,150,MM0 P=150:-150
10.3554,heen,150,MM1 P=150:-150
10.3747,heen,150,"#104,YAW,-1.94,GYRO,30,24,-10,ACC,-1,6,291,ADC,1272,501,6,1,"
10.3747,heen,150,MM0 ?S
10.3748,heen,150,MM1 ?S
10.3748,heen,150,MM0 S=150:-150
10.3748,heen,150,MM1 S=75:-150
10.3959,heen,150,"#105,YAW,-1.94,GYRO,12,66,-20,ACC,0,4,240,ADC,1245,503,7,1,"
10.3959,heen,150,MM0 ?T
10.3960,heen,150,MM1 ?T
10.3960,heen,150,MM0 T=35:34
10.3960,heen,150,MM1 T=36:33
10.4310,heen,150,MM0 !M 150 -150
10.4311,heen,150,MM1 !M 150 -150
10.4311,heen,150,MM0 +
10.4311,heen,150,MM1 +
10.4311,heen,150,MM1 PING
10.4311,heen,150,MM0 PING
10.4311,heen,150,"#106,YAW,-1.94,GYRO,19,43,-29,ACC,-13,5,274,ADC,1229,382,4,2,"
10.4311,heen,150,MM0 ?V
10.4311,heen,150,MM1 ?V
10.4311,heen,150,MM0 V=120:223:4905
10.4311,heen,150,MM1 V=120:222:4899
10.4311,heen,150,MM0 !M 150 -150
10.4311,heen,150,MM1 !M 150 -150
10.4311,heen,150,MM0 +
10.4311,heen,150,MM1 +
10.4311,heen,150,"#107,YAW,-1.94,GYRO,-5,65,-21,ACC,-4,8,239,ADC,1280,403,5,2,"
10.4311,heen,150,MM0 ?CR
10.4311,heen,150,MM1 ?CR
10.4311,heen,150,MM0 CR=34:-33
10.4518,heen,150,MM1 CR=33:-33
10.4518,heen,150,"#108,YAW,-1.94,GYRO,-17,112,-11,ACC,14,11,243,ADC,1256,391,4,2,"
10.4518,heen,150,MM0 ?A
10.4518,heen,150,MM1 ?A
10.4518,heen,150,MM0 A=5:0
10.4518,heen,150,MM1 A=5:0
10.4730,heen,150,"#109,YAW,-1.94,GYRO,-25,133,-3,ACC,15,6,255,ADC,1210,381,5,3,"
10.4731,heen,150,MM0 ?AI
10.4731,heen,150,MM1 ?AI
10.4731,heen,150,MM0 AI=0:0:2439:2431:0:0
10.4948,heen,150,MM1 AI=0:0:2352:2331:0:0
10.4948,heen,150,"#110,YAW,-1.94,GYRO,3,21,9,ACC,8,5,269,ADC,1241,387,4,2,"
10.4948,heen,150,MM0 ?C
10.4948,heen,150,MM1 ?C
10.4948,heen,150,MM0 C=685:-682
10.4948,heen,150,MM1 C=2260:-2369
10.5290,heen,150,"$GPRMC,094106.4,A,5050.50816,N,00419.37322,E,000.40,223.8,021026,000.4,E*5B"
10.5291,heen,150,MM0 !M 150 -150
10.5291,heen,150,MM1 !M 150 -150
10.5291,heen,150,MM0 +
10.5291,heen,150,MM1 +
10.5291,heen,150,"#111,YAW,-1.94,GYRO,4,-59,-4,ACC,3,-3,248,ADC,1240,337,5,2,"
10.5291,heen,150,MM0 ?D
10.5291,heen,150,MM1 ?D
10.5291,heen,150,MM1 D=34
10.5291,heen,150,MM0 D=2
10.5291,heen,150,"#112,YAW,-1.96,GYRO,21,-45,-8,ACC,0,2,271,ADC,1221,392,5,2,"
10.5291,heen,150,MM0 ?FF
10.5291,heen,150,MM1 ?FF
10.5510,heen,150,MM0 FF=0
10.5510,heen,150,MM1 FF=0
10.5510,heen,150,"#113,YAW,-1.96,GYRO,-23,-11,-28,ACC,-1,6,244,ADC,1242,500,6,1,"
10.5510,heen,150,MM0 ?P
10.5510,heen,150,MM1 ?P
11.0736,heen,150,MM0 P=150:-150
11.0736,heen,150,MM1 P=150:-150
11.0736,heen,150,"#114,YAW,-1.96,GYRO,-29,-13,-37,ACC,3,14,232,ADC,1241,381,6,2,"
11.0736,heen,150,MM0 ?S
11.0736,heen,150,MM1 ?S
11.0736,heen,150,MM0 S=150:-75
11.0736,heen,150,MM1 S=75:-150
11.0736,heen,150,"#115,YAW,-1.96,GYRO,-66,70,-28,ACC,3,8,244,ADC,1217,387,4,2,"
11.0736,heen,150,MM0 ?T
11.0736,heen,150,MM1 ?T
11.0736,heen,150,MM0 T=35:34
11.0736,heen,150,MM1 T=36:34
11.0736,heen,150,MM0 !M 150 -150
11.0736,heen,150,MM1 !M 150 -150
11.0736,heen,150,MM1 +
11.0736,heen,150,MM0 +
11.0736,heen,150,"#116,YAW,-1.96,GYRO,-18,120,-18,ACC,3,-3,296,ADC,1289,334,4,1,"
11.0737,heen,150,MM0 ?V
11.0737,heen,150,MM1 ?V
11.0737,heen,150,MM0 V=120:223:4903
11.0737,heen,150,MM1 V=120:223:4899
11.0737,heen,150,"#117,YAW,-1.96,GYRO,22,72,-14,ACC,19,-15,216,ADC,1213,381,4,1,"
11.0737,heen,150,MM0 ?CR
11.0737,heen,150,MM1 ?CR
11.0737,heen,150,MM0 CR=33:-33
11.0737,heen,150,MM1 CR=34:-32
11.0737,heen,150,"#118,YAW,-1.96,GYRO,29,18,-14,ACC,1,-4,264,ADC,1294,393,4,1,"
11.0737,heen,150,MM0 ?A
11.0737,heen,150,MM1 ?A
11.0737,heen,150,MM0 A=0:0
11.0737,heen,150,MM1 A=0:0
11.0737,heen,150,"#119,YAW,-1.96,GYRO,-11,40,-18,ACC,0,12,294,ADC,1247,384,5,2,"
11.0737,heen,150,MM0 ?AI
11.0737,heen,150,MM1 ?AI
11.0737,heen,150,MM0 AI=0:0:2446:2434:0:0
11.0737,heen,150,MM1 AI=0:0:2333:2375:0:0
11.0737,heen,150,"#120,YAW,-1.96,GYRO,30,76,-29,ACC,3,1,226,ADC,1267,500,6,2,"
11.0737,heen,150,MM0 ?C
11.0737,heen,150,MM1 ?C
11.0737,heen,150,MM0 C=719:-715
11.0737,heen,150,MM1 C=2294:-2402
11.0737,heen,150,"$GPRMC,094106.6,A,5050.50817,N,00419.37325,E,000.43,223.8,021026,000.4,E*5C"
11.0737,heen,150,"#121,YAW,-1.96,GYRO,-25,70,-35,ACC,0,1,245,ADC,1247,501,6,2,"
11.0737,heen,150,MM1 ?D
11.0737,heen,150,MM0 ?D
11.0737,heen,150,MM0 D=33
11.0737,heen,150,MM1 D=49
11.0737,heen,150,"#122,YAW,-1.98,GYRO,-32,73,-30,ACC,-8,5,270,ADC,1244,383,5,2,"
11.0737,heen,150,MM0 ?FF
11.0737,heen,150,MM1 ?FF
11.0737,heen,150,MM0 FF=0
11.0737,heen,150,MM1 FF=0
11.0737,heen,150,"#123,YAW,-1.97,GYRO,-9,86,-20,ACC,-1,-6,232,ADC,1227,384,4,2,"
11.0737,heen,150,MM0 ?P
11.0737,heen,150,MM1 ?P
11.0737,heen,150,MM0 P=150:-150
11.0737,heen,150,MM1 P=150:-150
11.0737,heen,150,"#124,YAW,-1.98,GYRO,13,43,-3,ACC,-6,3,253,ADC,1272,408,6,2,"
11.0737,heen,150,MM0 ?S
11.0737,heen,150,MM1 ?S
11.0737,heen,150,MM0 S=75:-150
11.0737,heen,150,MM1 S=150:-75
11.0737,heen,150,"#125,YAW,-1.98,GYRO,40,0,20,ACC,4,-1,234,ADC,1261,387,6,2,"
11.0737,heen,150,MM0 ?T
11.0737,heen,150,MM1 ?T
11.0737,heen,150,MM0 T=35:34
11.0737,heen,150,MM1 T=36:34
11.0737,heen,150,MM0 !M 150 -150
11.0737,heen,150,MM1 !M 150 -150
11.0737,heen,150,MM0 +
11.0737,heen,150,MM1 +
11.0737,heen,150,MM1 PING
11.0737,heen,150,MM0 PING
11.0737,heen,150,"#126,YAW,-1.98,GYRO,-38,1,29,ACC,1,14,300,ADC,1280,362,3,2,"
11.0737,heen,150,MM0 ?V
11.0737,heen,150,MM1 ?V
11.0737,heen,150,MM0 V=120:223:4904
11.0737,heen,150,MM1 V=120:223:4900
11.0737,heen,150,"#127,YAW,-1.98,GYRO,20,4,13,ACC,-3,12,273,ADC,1216,500,4,2,"
11.0737,heen,150,MM0 ?CR
11.0737,heen,150,MM1 ?CR
11.0738,heen,150,MM0 CR=33:-33
11.0738,heen,150,MM1 CR=33:-33
11.0738,heen,150,"#128,YAW,-1.98,GYRO,-12,33,-11,ACC,4,0,214,ADC,1267,398,6,1,"
11.0738,heen,150,MM0 ?A
11.0738,heen,150,MM1 ?A
11.0738,heen,150,MM0 A=0:0
11.0738,heen,150,MM1 A=0:0
11.0738,heen,150,"#129,YAW,-1.98,GYRO,3,105,-31,ACC,-5,-2,251,ADC,1232,381,3,2,"
11.0738,heen,150,MM0 ?AI
11.0738,heen,150,MM1 ?AI
11.0738,heen,150,MM0 AI=0:0:2377:2441:0:0
11.0738,heen,150,MM1 AI=0:0:2329:2330:0:0
11.0738,heen,150,"#130,YAW,-1.98,GYRO,47,131,-40,ACC,4,-3,284,ADC,1267,502,7,1,"
11.0738,heen,150,MM0 ?C
11.0738,heen,150,MM1 ?C
11.0738,heen,150,MM0 C=752:-748
11.0738,heen,150,MM1 C=2326:-2435
11.0738,heen,150,"$GPRMC,094106.8,A,5050.50818,N,00419.37329,E,000.45,223.8,021026,000.4,E*57"
11.0738,heen,150,MM0 !M 150 -150
11.0738,heen,150,MM1 !M 150 -150
11.0738,heen,150,MM0 +
11.0738,heen,150,MM1 +
11.0738,heen,150,MM0 PING
11.0738,heen,150,MM1 PING
11.0738,heen,150,"#131,YAW,-1.97,GYRO,-31,56,-26,ACC,12,10,261,ADC,1250,319,5,2,"
11.0738,heen,150,MM0 ?D
11.0738,heen,150,MM1 ?D
11.0738,heen,150,MM0 D=49
11.0738,heen,150,MM1 D=49
11.0738,heen,150,"#132,YAW,-1.99,GYRO,8,-6,4,ACC,-9,12,235,ADC,1245,385,6,2,"
11.0738,heen,150,MM0 ?FF
11.0738,heen,150,MM1 ?FF
11.0738,heen,150,MM0 FF=0
11.0738,heen,150,MM1 FF=0
11.0738,heen,150,"#133,YAW,-2.00,GYRO,-42,-64,46,ACC,-6,15,262,ADC,1215,390,5,2,"
11.0738,heen,150,MM0 ?P
11.0738,heen,150,MM1 ?P
11.0738,heen,150,MM0 P=150:-150
11.0738,heen,150,MM1 P=150:-150
11.0738,heen,150,"#134,YAW,-2.00,GYRO,-77,-87,49,ACC,4,19,302,ADC,1294,501,5,2,"
11.0738,heen,150,MM0 ?S
11.0738,heen,150,MM1 ?S
11.0738,heen,150,MM0 S=75:-75
11.0738,heen,150,MM1 S=150:-150
11.0738,heen,150,"#135,YAW,-2.00,GYRO,-2,-14,15,ACC,8,-18,231,ADC,1268,500,5,1,"
11.0738,heen,150,MM0 ?T
11.0738,heen,150,MM1 ?T
11.0738,heen,150,MM0 T=35:34
11.0738,heen,150,MM1 T=36:34
11.0738,heen,150,MM0 !M 150 -150
11.0738,heen,150,MM1 !M 150 -150
11.0738,heen,150,MM0 +
11.0738,heen,150,MM1 +
11.0738,heen,150,MM0 PING
11.0738,heen,150,MM1 PING
11.0738,heen,150,"#136,YAW,-2.00,GYRO,-18,63,-14,ACC,-7,-15,248,ADC,1270,316,5,2,"
11.0738,heen,150,MM0 ?V
11.0738,heen,150,MM1 ?V
11.0738,heen,150,MM0 V=120:223:4905
11.0738,heen,150,MM1 V=120:222:4899
11.0738,heen,150,"#137,YAW,-2.00,GYRO,5,68,-29,ACC,5,2,276,ADC,1190,385,5,2,"
11.0738,heen,150,MM0 ?CR
11.0738,heen,150,MM1 ?CR
11.0738,heen,150,MM0 CR=34:-33
11.0738,heen,150,MM1 CR=32:-33
11.0738,heen,150,"#138,YAW,-2.00,GYRO,-24,65,-29,ACC,17,13,239,ADC,1285,389,5,2,"
11.0738,heen,150,MM0 ?A
11.0738,heen,150,MM1 ?A
11.0738,heen,150,MM1 A=5:-4
11.0738,heen,150,MM0 A=0:0
11.0738,heen,150,"#139,YAW,-2.00,GYRO,3,-7,-17,ACC,-2,17,248,ADC,1255,500,5,2,"
11.0738,heen,150,MM0 ?AI
11.0738,heen,150,MM1 ?AI
11.0738,heen,150,MM0 AI=0:0:2392:2594:0:0
11.0986,heen,150,MM1 AI=0:0:2333:2336:0:0
11.0986,heen,150,"#140,YAW,-2.00,GYRO,-37,-79,15,ACC,-8,2,282,ADC,1263,387,6,2,"
11.0986,heen,150,MM0 ?C
11.0986,heen,150,MM1 ?C
11.0986,heen,150,MM0 C=786:-781
11.0986,heen,150,MM1 C=2359:-2468
11.1361,heen,150,"$GPRMC,094107.0,A,5050.50819,N,00419.37333,E,000.46,223.8,021026,000.4,E*57"
11.1361,heen,150,"#141,YAW,-2.00,GYRO,3,106,17,ACC,-3,-11,262,ADC,1228,288,5,2,"
11.1361,heen,150,MM0 !M 150 -150
11.1361,heen,150,MM0 +
11.1361,heen,150,MM0 PING
11.1361,heen,150,MM1 !M 150 -150
11.1361,heen,150,MM1 +
11.1361,heen,150,MM1 PING
11.1361,heen,150,MM0 ?D
11.1361,heen,150,MM0 D=2
11.1361,heen,150,MM1 ?D
11.1361,heen,150,MM1 D=10
11.1361,heen,150,MM0 !M 150 -150
11.1361,heen,150,MM1 !M 150 -150
11.1362,heen,150,MM0 +
11.1362,heen,150,MM1 +
11.1362,heen,150,"#142,YAW,-2.02,GYRO,-28,-27,3,ACC,-2,-1,251,ADC,1272,309,5,1,"
11.1362,heen,150,MM0 ?FF
11.1362,heen,150,MM1 ?FF
11.1362,heen,150,MM0 FF=0
11.1362,heen,150,MM1 FF=0
11.1528,heen,150,"#143,YAW,-2.02,GYRO,-19,76,-5,ACC,-1,16,246,ADC,1298,500,5,2,"
11.1528,heen,150,MM0 ?P
11.1528,heen,150,MM1 ?P
11.1528,heen,150,MM0 P=150:-150
11.1529,heen,150,MM1 P=150:-150
11.1742,heen,150,"#144,YAW,-2.02,GYRO,7,137,-14,ACC,6,5,254,ADC,1276,501,6,3,"
11.1742,heen,150,MM0 ?S
11.1742,heen,150,MM1 ?S
11.1742,heen,150,MM1 S=75:-75
11.1742,heen,150,MM0 S=150:-75
11.1959,heen,150,"#145,YAW,-2.02,GYRO,2,46,-11,ACC,6,5,254,ADC,1274,393,5,2,"
11.1959,heen,150,MM0 ?T
11.1959,heen,150,MM1 ?T
11.1959,heen,150,MM0 T=35:34
11.1959,heen,150,MM1 T=36:34
11.2442,heen,150,"#146,YAW,-2.02,GYRO,8,-34,-6,ACC,-4,2,254,ADC,1254,499,5,1,"
11.2443,heen,150,MM0 ?V
11.2443,heen,150,MM1 ?V
11.2443,heen,150,MM0 V=120:222:4904
11.2443,heen,150,MM1 V=120:223:4901
11.2443,heen,150,MM0 !M 150 -150
11.2443,heen,150,MM1 !M 150 -150
11.2443,heen,150,MM0 +
11.2443,heen,150,MM1 +
11.2443,heen,150,"#147,YAW,-2.02,GYRO,12,-59,1,ACC,6,-1,280,ADC,1239,382,5,1,"
11.2443,heen,150,MM0 ?CR
11.2443,heen,150,MM1 ?CR
11.2443,heen,150,MM0 CR=33:-33
11.2443,heen,150,MM1 CR=33:-33
11.2652,heen,150,"#148,YAW,-2.02,GYRO,50,-5,25,ACC,4,-2,274,ADC,1297,399,5,2,"
11.2652,heen,150,MM0 ?A
11.2652,heen,150,MM1 ?A
11.2653,heen,150,MM0 A=0:0
11.2653,heen,150,MM1 A=0:0
11.2860,heen,150,"#149,YAW,-2.02,GYRO,-13,0,12,ACC,3,19,235,ADC,1264,389,4,3,"
11.2860,heen,150,MM0 ?AI
11.2860,heen,150,MM1 ?AI
11.2860,heen,150,MM0 AI=0:0:2452:2474:0:0
11.2860,heen,150,MM1 AI=0:0:2358:2348:0:0
11.3069,heen,150,"#150,YAW,-2.02,GYRO,-32,76,-2,ACC,2,23,244,ADC,1225,393,4,2,"
11.3069,heen,150,MM0 ?C
11.3069,heen,150,MM1 ?C
11.3069,heen,150,MM0 C=819:-814
11.3070,heen,150,MM1 C=2392:-2501
11.3070,heen,150,"$GPRMC,094107.2,A,5050.50820,N,00419.37336,E,000.47,223.8,021026,000.4,E*5B"
11.3408,heen,150,"#151,YAW,-2.02,GYRO,-30,132,-21,ACC,7,9,266,ADC,1259,381,6,2,"
11.3409,heen,150,MM1 ?D
11.3409,heen,150,MM0 ?D
11.3409,heen,150,MM0 D=32
11.3409,heen,150,MM1 D=32
11.3409,heen,150,MM1 !M 150 -150
11.3409,heen,150,MM0 !M 150 -150
11.3409,heen,150,MM1 +
11.3409,heen,150,MM0 +
11.3409,heen,150,"#152,YAW,-2.03,GYRO,6,66,-16,ACC,-32,-37,312,ADC,1247,384,6,2,"
11.3409,heen,150,MM0 ?FF
11.3409,heen,150,MM1 ?FF
11.3409,heen,150,MM0 FF=0
11.3409,heen,150,MM1 FF=0
11.3632,heen,150,"#153,YAW,-2.03,GYRO,-49,-272,11,ACC,-152,0,384,ADC,1266,388,5,1,"
11.3633,heen,150,MM0 ?P
11.3633,heen,150,MM1 ?P
11.3633,heen,150,MM0 P=150:-150
11.3633,heen,150,MM1 P=150:-150
11.3832,heen,150,"#154,YAW,-2.03,GYRO,-45,-854,22,ACC,-20,-2,260,ADC,1267,402,4,2,"
11.3832,heen,150,MM0 ?S
11.3832,heen,150,MM1 ?S
11.3832,heen,150,MM1 S=75:-75
11.3832,heen,150,MM0 S=150:-75
11.4039,heen,150,"#155,YAW,-2.04,GYRO,60,-522,30,ACC,3,-3,158,ADC,1261,388,4,2,"
11.4039,heen,150,MM0 ?T
11.4039,heen,150,MM1 ?T
11.4040,heen,150,MM0 T=35:34
11.4040,heen,150,MM1 T=36:33
11.4380,heen,150,"#156,YAW,-2.04,GYRO,-19,-306,22,ACC,41,-10,152,ADC,1227,381,5,2,"
11.4380,heen,150,MM0 ?V
11.4380,heen,150,MM1 ?V
11.4380,heen,150,MM0 V=120:222:4904
11.4380,heen,150,MM1 V=120:221:4899
11.4380,heen,150,MM0 !M 150 -150
11.4381,heen,150,MM1 !M 150 -150
11.4381,heen,150,MM0 +
11.4381,heen,150,MM1 +
11.4381,heen,150,"#157,YAW,-2.04,GYRO,-9,-67,-6,ACC,18,6,308,ADC,1269,493,5,2,"
11.4381,heen,150,MM0 ?CR
11.4381,heen,150,MM1 ?CR
11.4381,heen,150,MM0 CR=31:-32
11.4381,heen,150,MM1 CR=31:-31
11.4587,heen,150,"#158,YAW,-2.04,GYRO,-3,-109,-5,ACC,-3,0,318,ADC,1248,384,5,1,"
11.4587,heen,150,MM0 ?A
11.4587,heen,150,MM1 ?A
11.4587,heen,150,MM0 A=10:-9
11.4587,heen,150,MM1 A=10:-4
11.4798,heen,150,"#159,YAW,-2.04,GYRO,8,-242,-6,ACC,18,-7,241,ADC,1252,396,4,1,"
11.4798,heen,150,MM0 ?AI
11.4798,heen,150,MM1 ?AI
11.4798,heen,150,MM0 AI=0:0:2420:2455:0:0
11.4799,heen,150,MM1 AI=0:0:2330:2285:0:0
11.5007,heen,150,"#160,YAW,-2.04,GYRO,0,-194,-10,ACC,33,-6,209,ADC,1213,380,5,2,"
11.5007,heen,150,MM0 ?C
11.5007,heen,150,MM1 ?C
11.5007,heen,150,MM0 C=847:-843
11.5008,heen,150,MM1 C=2420:-2529
11.5008,heen,150,"$GPRMC,094107.4,A,5050.50822,N,00419.37340,E,000.47,223.8,021026,000.4,E*5E"
11.5349,heen,150,"#161,YAW,-2.04,GYRO,7,-40,-23,ACC,33,2,216,ADC,1263,501,5,2,"
11.5349,heen,150,MM0 ?D
11.5349,heen,150,MM1 ?D
11.5349,heen,150,MM0 D=32
11.5349,heen,150,MM1 D=19
11.5349,heen,150,"#162,YAW,-2.05,GYRO,-18,-22,-25,ACC,32,9,269,ADC,1260,500,4,1,"
11.5349,heen,150,MM0 ?FF
11.5349,heen,150,MM1 ?FF
11.5349,heen,150,MM0 FF=0
11.5350,heen,150,MM1 FF=0
11.5565,heen,150,"#163,YAW,-2.05,GYRO,-19,-68,-12,ACC,37,14,262,ADC,1225,385,5,2,"
11.5565,heen,150,MM0 ?P
11.5565,heen,150,MM1 ?P
11.5565,heen,150,MM0 P=150:-150
11.5565,heen,150,MM1 P=150:-150
11.5767,heen,150,"#164,YAW,-2.05,GYRO,1,-88,-2,ACC,41,-5,241,ADC,1262,385,8,1,"
11.5767,heen,150,MM1 ?S
11.5767,heen,150,MM0 ?S
11.5767,heen,150,MM1 S=75:-75
11.5767,heen,150,MM0 S=150:-75
11.5980,heen,150,"#165,YAW,-2.05,GYRO,-11,-15,-5,ACC,43,-9,236,ADC,1302,502,5,1,"
11.5980,heen,150,MM1 ?T
11.5980,heen,150,MM0 ?T
11.5980,heen,150,MM1 T=36:33
11.5980,heen,150,MM0 T=35:34
11.6463,heen,150,"#166,YAW,-2.05,GYRO,12,36,-2,ACC,35,2,249,ADC,1299,502,5,2,"
11.6464,heen,150,MM0 ?V
11.6464,heen,150,MM1 ?V
11.6464,heen,150,MM1 V=120:223:4901
11.6464,heen,150,MM0 V=120:223:4904
11.6464,heen,150,MM1 !M 150 -150
11.6464,heen,150,MM0 !M 150 -150
11.6464,heen,150,MM1 +
11.6464,heen,150,MM0 +
11.6464,heen,150,MM0 PING
11.6464,heen,150,MM1 PING
11.6464,heen,150,"#167,YAW,-2.05,GYRO,-19,49,-8,ACC,37,14,263,ADC,1237,500,4,2,"
11.6464,heen,150,MM1 ?CR
11.6464,heen,150,MM0 ?CR
11.6464,heen,150,MM1 CR=24:-23
11.6464,heen,150,MM0 CR=24:-24
11.6670,heen,150,"#168,YAW,-2.05,GYRO,-36,-9,-21,ACC,45,9,240,ADC,1269,383,7,2,"
11.6670,heen,150,MM1 ?A
11.6670,heen,150,MM0 ?A
11.6670,heen,150,MM1 A=5:-9
11.6670,heen,150,MM0 A=5:-4
11.6879,heen,150,"#169,YAW,-2.05,GYRO,1,103,-32,ACC,37,-5,239,ADC,1257,499,5,2,"
11.6879,heen,150,MM0 ?AI
11.6879,heen,150,MM1 ?AI
11.6879,heen,150,MM0 AI=0:0:2426:2431:0:0
11.6879,heen,150,MM1 AI=0:0:2337:2228:0:0
11.6879,heen,150,"#170,YAW,-2.05,GYRO,-16,69,-31,ACC,29,-11,261,ADC,1252,388,6,2,"
11.7094,heen,150,MM0 ?C
11.7094,heen,150,MM1 ?C
11.7094,heen,150,MM0 C=872:-868
11.7094,heen,150,MM1 C=2445:-2553
11.7095,heen,150,"$GPRMC,094107.6,A,5050.50823,N,00419.37344,E,000.47,223.8,021026,000.4,E*59"
11.7095,heen,150,"#171,YAW,-2.05,GYRO,-13,88,-28,ACC,44,0,264,ADC,1274,502,6,2,"
11.7095,heen,150,MM1 ?D
11.7095,heen,150,MM0 ?D
11.7426,heen,150,MM0 D=33
11.7426,heen,150,MM1 D=2
11.7426,heen,150,MM1 !M 150 -150
11.7426,heen,150,MM0 !M 150 -150
11.7426,heen,150,MM1 +
11.7426,heen,150,MM0 +
11.7426,heen,150,MM1 PING
11.7426,heen,150,MM0 PING
11.7426,heen,150,"#172,YAW,-2.07,GYRO,-6,82,-23,ACC,30,6,227,ADC,1228,492,4,1,"
11.7426,heen,150,MM1 ?FF
11.7426,heen,150,MM0 ?FF
11.7426,heen,150,MM1 FF=0
11.7426,heen,150,MM0 FF=0
11.7650,heen,150,"#173,YAW,-2.06,GYRO,-6,44,-22,ACC,36,12,258,ADC,1242,388,4,2,"
11.7651,heen,150,MM1 ?P
11.7651,heen,150,MM0 ?P
11.7651,heen,150,MM1 P=150:-150
11.7651,heen,150,MM0 P=150:-150
11.7851,heen,150,"#174,YAW,-2.07,GYRO,-34,-2,5,ACC,29,13,300,ADC,1258,388,5,2,"
11.7851,heen,150,MM1 ?S
11.7851,heen,150,MM0 ?S
11.7851,heen,150,MM1 S=75:-75
11.7851,heen,150,MM0 S=150:-75
11.8061,heen,150,"#175,YAW,-2.07,GYRO,1,32,20,ACC,25,4,269,ADC,1211,381,3,2,"
11.8061,heen,150,MM1 ?T
11.8061,heen,150,MM0 ?T
11.8061,heen,150,MM1 T=36:34
11.8061,heen,150,MM0 T=35:34
11.8398,heen,150,"#176,YAW,-2.07,GYRO,15,53,9,ACC,29,2,233,ADC,1312,501,4,2,"
11.8398,heen,150,MM1 ?V
11.8398,heen,150,MM0 ?V
11.8398,heen,150,MM0 V=120:222:4905
11.8399,heen,150,MM1 V=120:222:4901
11.8399,heen,150,MM1 !M 150 -150
11.8399,heen,150,MM0 !M 150 -150
11.8399,heen,150,MM1 +
11.8399,heen,150,MM0 +
11.8399,heen,150,MM0 PING
11.8399,heen,150,MM1 PING
11.8399,heen,150,"#177,YAW,-2.07,GYRO,38,69,-1,ACC,23,-6,262,ADC,1221,381,8,2,"
11.8399,heen,150,MM1 ?CR
11.8399,heen,150,MM0 ?CR
11.8399,heen,150,MM1 CR=28:-28
11.8399,heen,150,MM0 CR=29:-28
11.8610,heen,150,"#178,YAW,-2.07,GYRO,-6,95,-13,ACC,20,12,250,ADC,1249,380,5,2,"
11.8610,heen,150,MM1 ?A
11.8610,heen,150,MM0 ?A
11.8610,heen,150,MM1 A=5:-4
11.8610,heen,150,MM0 A=5:0
11.8819,heen,150,"#179,YAW,-2.07,GYRO,19,74,-16,ACC,30,12,236,ADC,1229,393,6,2,"
11.8819,heen,150,MM1 ?AI
11.8819,heen,150,MM0 ?AI
11.8819,heen,150,MM1 AI=0:0:2340:2333:0:0
11.8819,heen,150,MM0 AI=0:0:2422:2435:0:0
11.9029,heen,150,"#180,YAW,-2.07,GYRO,-31,66,-25,ACC,21,-6,255,ADC,1244,500,4,1,"
11.9030,heen,150,MM1 ?C
11.9030,heen,150,MM0 ?C
11.9030,heen,150,MM0 C=902:-897
11.9030,heen,150,MM1 C=2474:-2582
11.9030,heen,150,"$GPRMC,094107.8,A,5050.50824,N,00419.37347,E,000.48,223.8,021026,000.4,E*5C"
11.9369,heen,150,"#181,YAW,-2.06,GYRO,1,-10,-23,ACC,21,-3,246,ADC,1300,504,6,2,"
11.9369,heen,150,MM0 ?D
11.9369,heen,150,MM1 ?D
11.9369,heen,150,MM0 D=26
11.9369,heen,150,MM1 D=33
11.9369,heen,150,MM0 !M 150 -150
11.9369,heen,150,MM1 !M 150 -150
11.9369,heen,150,MM0 +
11.9369,heen,150,MM1 +
11.9370,heen,150,MM1 PING
11.9370,heen,150,MM0 PING
11.9370,heen,150,"#182,YAW,-2.08,GYRO,28,37,-1,ACC,30,-16,288,ADC,1294,393,5,2,"
11.9370,heen,150,MM1 ?FF
11.9370,heen,150,MM0 ?FF
11.9370,heen,150,MM1 FF=0
11.9370,heen,150,MM0 FF=0
11.9579,heen,150,"#183,YAW,-2.08,GYRO,15,85,-6,ACC,35,1,217,ADC,1260,398,4,2,"
11.9579,heen,150,MM1 ?P
11.9579,heen,150,MM0 ?P
11.9579,heen,150,MM1 P=150:-150
11.9579,heen,150,MM0 P=150:-150
11.9789,heen,150,"#184,YAW,-2.08,GYRO,-8,78,-13,ACC,27,18,286,ADC,1298,500,6,1,"
11.9789,heen,150,MM1 ?S
11.9789,heen,150,MM0 ?S
11.9789,heen,150,MM1 S=75:-75
11.9789,heen,150,MM0 S=75:-150
11.9999,heen,150,"#185,YAW,-2.08,GYRO,8,121,-7,ACC,24,10,248,ADC,1275,388,7,2,"
11.9999,heen,150,MM1 ?T
11.9999,heen,150,MM0 ?T
11.9999,heen,150,MM1 T=36:33
11.9999,heen,150,MM0 T=35:34
12.0483,heen,150,"#186,YAW,-2.08,GYRO,-41,83,-5,ACC,33,6,231,ADC,1277,501,5,2,"
12.0483,heen,150,MM1 ?V
12.0483,heen,150,MM0 ?V
12.0483,heen,150,MM1 V=120:223:4900
12.0483,heen,150,MM0 V=120:223:4905
12.0483,heen,150,MM1 !M 150 -150
12.0483,heen,150,MM0 !M 150 -150
12.0483,heen,150,MM1 +
12.0483,heen,150,MM0 +
12.0483,heen,150,MM0 PING
12.0483,heen,150,MM1 PING
12.0483,heen,150,MM0 !M 150 -150
12.0483,heen,150,MM1 !M 150 -150
12.0483,heen,150,MM0 +
12.0483,heen,150,MM1 +
12.0483,heen,150,"#187,YAW,-2.08,GYRO,1,92,4,ACC,42,-3,261,ADC,1273,344,4,2,"
12.0483,heen,150,MM1 ?CR
12.0483,heen,150,MM0 ?CR
12.0483,heen,150,MM1 CR=31:-31
12.0483,heen,150,MM0 CR=31:-31
12.0483,heen,150,"#188,YAW,-2.08,GYRO,-42,73,-2,ACC,34,2,256,ADC,1278,501,5,1,"
12.0483,heen,150,MM1 ?A
12.0690,heen,150,MM0 ?A
12.0691,heen,150,MM1 A=5:0
12.0691,heen,150,MM0 A=5:0
12.0691,heen,150,"#189,YAW,-2.08,GYRO,-28,-73,-8,ACC,21,5,246,ADC,1245,496,7,2,"
12.0691,heen,150,MM1 ?AI
12.0691,heen,150,MM0 ?AI
12.0901,heen,150,MM1 AI=0:0:2328:2324:0:0
12.0901,heen,150,MM0 AI=0:0:2422:2434:0:0
12.0901,heen,150,"#190,YAW,-2.08,GYRO,-4,-9,-12,ACC,19,1,311,ADC,1218,386,7,2,"
12.0901,heen,150,MM1 ?C
12.0901,heen,150,MM0 ?C
12.1111,heen,150,MM0 C=934:-929
12.1111,heen,150,MM1 C=2506:-2614
12.1111,heen,150,"$GPRMC,094108.0,A,5050.50825,N,00419.37351,E,000.51,223.8,021026,000.4,E*55"
12.1111,heen,150,"#191,YAW,-2.08,GYRO,-34,106,-21,ACC,21,6,228,ADC,1263,501,4,2,"
12.1112,heen,150,MM0 ?D
12.1112,heen,150,MM1 ?D
12.1112,heen,150,MM1 D=33
12.1112,heen,150,MM0 D=0
12.1452,heen,150,MM0 !M 150 -150
12.1452,heen,150,MM1 !M 150 -150
12.1452,heen,150,MM0 +
12.1452,heen,150,MM1 +
12.1452,heen,150,"#192,YAW,-2.09,GYRO,34,25,-8,ACC,19,3,246,ADC,1242,370,4,1,"
12.1452,heen,150,MM1 ?FF
12.1452,heen,150,MM0 ?FF
12.1452,heen,150,MM1 FF=0
12.1452,heen,150,MM0 FF=0
12.1659,heen,150,"#193,YAW,-2.09,GYRO,-31,108,-1,ACC,26,12,256,ADC,1233,395,7,2,"
12.1660,heen,150,MM1 ?P
12.1660,heen,150,MM0 ?P
12.1660,heen,150,MM1 P=150:-150
12.1660,heen,150,MM0 P=150:-150
12.1869,heen,150,"#194,YAW,-2.09,GYRO,-15,120,-4,ACC,35,5,246,ADC,1219,498,6,1,"
12.1869,heen,150,MM0 ?S
12.1869,heen,150,MM1 ?S
12.1869,heen,150,MM0 S=150:-150
12.1869,heen,150,MM1 S=150:-75
12.2083,heen,150,"#195,YAW,-2.09,GYRO,-50,-19,-18,ACC,20,15,267,ADC,1238,404,5,2,"
12.2084,heen,150,MM0 ?T
12.2084,heen,150,MM1 ?T
12.2084,heen,150,MM0 T=35:34
12.2084,heen,150,MM1 T=36:33
12.2084,heen,150,"#196,YAW,-2.09,GYRO,-2,-40,-18,ACC,15,-2,261,ADC,1245,385,4,1,"
12.2418,heen,150,MM0 ?V
12.2419,heen,150,MM1 ?V
12.2419,heen,150,MM0 V=120:224:4905
12.2419,heen,150,MM1 V=120:223:4900
12.2419,heen,150,MM0 !M 150 -150
12.2419,heen,150,MM1 !M 150 -150
12.2419,heen,150,MM0 +
12.2419,heen,150,MM1 +
12.2419,heen,150,"#197,YAW,-2.10,GYRO,96,201,67,ACC,-39,-19,363,ADC,1274,389,5,1,"
12.2419,heen,150,MM0 ?CR
12.2419,heen,150,MM1 ?CR
12.2419,heen,150,MM0 CR=34:-34
12.2419,heen,150,MM1 CR=33:-33
12.2629,heen,150,"#198,YAW,-2.10,GYRO,211,327,199,ACC,-51,-34,303,ADC,1247,391,4,2,"
12.2629,heen,150,MM0 ?A
12.2629,heen,150,MM1 ?A
12.2629,heen,150,MM0 A=10:0
12.2629,heen,150,MM1 A=10:-4
12.2842,heen,150,"#199,YAW,-2.11,GYRO,-89,380,199,ACC,-22,30,191,ADC,1244,385,7,2,"
12.2842,heen,150,MM0 ?AI
12.2842,heen,150,MM1 ?AI
12.2842,heen,150,MM0 AI=0:0:2438:2419:0:0
12.2842,heen,150,MM1 AI=0:0:2330:2322:0:0
12.3048,heen,150,"#200,YAW,-2.11,GYRO,-7,650,136,ACC,-7,57,200,ADC,1292,386,7,2,"
12.3048,heen,150,MM0 ?C
12.3048,heen,150,MM1 ?C
12.3048,heen,150,MM0 C=964:-960
12.3048,heen,150,MM1 C=2535:-2644
12.3048,heen,150,"$GPRMC,094108.2,A,5050.50827,N,00419.37355,E,000.52,223.8,021026,000.4,E*52"
12.3388,heen,150,"#201,YAW,-2.11,GYRO,-62,445,45,ACC,45,41,233,ADC,1266,500,8,2,"
12.3388,heen,150,MM0 ?D
12.3389,heen,150,MM1 ?D
12.3389,heen,150,MM0 D=32
12.3389,heen,150,MM1 D=49
12.3389,heen,150,"#202,YAW,-2.12,GYRO,-55,350,-46,ACC,-10,3,295,ADC,1241,393,4,2,"
12.3389,heen,150,MM0 ?FF
12.3389,heen,150,MM1 ?FF
12.3389,heen,150,MM0 FF=0
12.3389,heen,150,MM1 FF=0
12.3599,heen,150,"#203,YAW,-2.12,GYRO,17,245,-101,ACC,3,-44,271,ADC,1281,501,5,2,"
12.3600,heen,150,MM0 ?P
12.3600,heen,150,MM1 ?P
12.3600,heen,150,MM0 P=150:-150
12.3600,heen,150,MM1 P=150:-150
12.3810,heen,150,"#204,YAW,-2.12,GYRO,21,274,-129,ACC,12,-31,222,ADC,1259,502,6,2,"
12.3810,heen,150,MM0 ?S
12.3810,heen,150,MM1 ?S
12.3810,heen,150,MM0 S=75:-75
12.3810,heen,150,MM1 S=150:-75
12.4029,heen,150,"#205,YAW,-2.11,GYRO,18,268,-113,ACC,21,8,237,ADC,1241,386,6,1,"
12.4029,heen,150,MM0 ?T
12.4029,heen,150,MM1 ?T
12.4029,heen,150,MM0 T=35:34
12.4029,heen,150,MM1 T=36:34
12.4370,heen,150,"#206,YAW,-2.11,GYRO,6,220,-70,ACC,18,42,272,ADC,1262,388,5,2,"
12.4370,heen,150,MM0 ?V
12.4370,heen,150,MM1 ?V
12.4370,heen,150,MM0 V=120:221:4905
12.4370,heen,150,MM1 V=120:223:4900
12.4370,heen,150,MM0 !M 150 -150
12.4370,heen,150,MM1 !M 150 -150
12.4370,heen,150,MM0 +
12.4370,heen,150,MM1 +
12.4370,heen,150,MM1 PING
12.4370,heen,150,MM0 PING
12.4370,heen,150,"#207,YAW,-2.11,GYRO,-30,160,-31,ACC,17,32,250,ADC,1315,500,7,1,"
12.4370,heen,150,MM0 ?CR
12.4370,heen,150,MM1 ?CR
12.4370,heen,150,MM0 CR=20:-19
12.4370,heen,150,MM1 CR=20:-20
12.4579,heen,150,"#208,YAW,-2.11,GYRO,-45,193,-7,ACC,22,5,253,ADC,1224,393,7,2,"
12.4579,heen,150,MM0 ?A
12.4579,heen,150,MM1 ?A
12.4579,heen,150,MM0 A=15:-9
12.4579,heen,150,MM1 A=10:-9
12.4790,heen,150,"#209,YAW,-2.11,GYRO,-64,178,2,ACC,19,-2,245,ADC,1280,502,5,2,"
12.4790,heen,150,MM0 ?AI
12.4791,heen,150,MM1 ?AI
12.4791,heen,150,MM0 AI=0:0:2425:2432:0:0
12.4791,heen,150,MM1 AI=0:0:2311:2336:0:0
12.5000,heen,150,"#210,YAW,-2.11,GYRO,-34,147,6,ACC,22,-12,244,ADC,1255,388,5,1,"
12.5000,heen,150,MM0 ?C
12.5000,heen,150,MM1 ?C
12.5000,heen,150,MM0 C=984:-979
12.5000,heen,150,MM1 C=2555:-2663
12.5513,heen,150,"$GPRMC,094108.4,A,5050.50828,N,00419.37359,E,000.52,223.8,021026,000.4,E*57"
12.5514,heen,150,"#211,YAW,-2.11,GYRO,-10,131,6,ACC,19,-2,258,ADC,1247,344,5,2,"
12.5514,heen,150,MM0 ?D
12.5514,heen,150,MM1 ?D
12.5514,heen,150,MM1 D=49
12.5514,heen,150,MM0 D=0
12.5514,heen,150,MM1 !M 150PING
12.5514,heen,150,MM0 !M 150PING
12.5514,heen,150,MM1 +
12.5514,heen,150,MM0 +
12.5514,heen,150,"#212,YAW,-2.13,GYRO,-4,98,4,ACC,27,10,254,ADC,1271,411,3,1,"
12.5514,heen,150,MM0 ?FF
12.5514,heen,150,MM0 FF=0
12.5514,heen,150,MM1 ?FF
12.5514,heen,150,MM1 FF=0
12.5514,heen,150,MM0 !M 150 -150
12.5514,heen,150,MM1 !M 150 -150
12.5514,heen,150,MM0 +
12.5514,heen,150,MM1 +
12.5514,heen,150,"#213,YAW,-2.13,GYRO,-17,42,-10,ACC,12,15,262,ADC,1216,500,4,2,"
12.5514,heen,150,MM0 ?P
12.5514,heen,150,MM1 ?P
12.5514,heen,150,MM0 P=150:-150
12.5718,heen,150,MM1 P=150:-150
12.5718,heen,150,"#214,YAW,-2.13,GYRO,-10,5,-29,ACC,3,2,274,ADC,1258,500,5,2,"
12.5718,heen,150,MM0 ?S
12.5718,heen,150,MM1 ?S
12.5718,heen,150,MM0 S=75:-75
12.5718,heen,150,MM1 S=75:-75
12.5929,heen,150,"#215,YAW,-2.12,GYRO,15,-15,-27,ACC,22,-4,248,ADC,1275,400,7,2,"
12.5929,heen,150,MM0 ?T
12.5929,heen,150,MM1 ?T
12.5929,heen,150,MM0 T=35:34
12.5929,heen,150,MM1 T=36:34
12.6140,heen,150,"#216,YAW,-2.12,GYRO,-10,-11,-16,ACC,9,-1,266,ADC,1272,384,5,2,"
12.6140,heen,150,MM0 ?V
12.6140,heen,150,MM1 ?V
12.6140,heen,150,MM0 V=120:223:4905
12.6140,heen,150,MM1 V=120:223:4901
12.6512,heen,150,MM0 !M 150 -150
12.6512,heen,150,MM1 !M 150 -150
12.6512,heen,150,MM0 +
12.6512,heen,150,MM1 +
12.6513,heen,150,"#217,YAW,-2.12,GYRO,-38,25,-23,ACC,11,9,238,ADC,1226,376,4,2,"
12.6513,heen,150,MM0 ?CR
12.6513,heen,150,MM1 ?CR
12.6513,heen,150,MM0 CR=25:-26
12.6513,heen,150,MM1 CR=25:-25
12.6513,heen,150,"#218,YAW,-2.12,GYRO,-19,53,-21,ACC,17,11,235,ADC,1234,382,7,2,"
12.6689,heen,150,MM0 ?A
12.6689,heen,150,MM1 ?A
12.6689,heen,150,MM0 A=5:-4
12.6689,heen,150,MM1 A=5:-4
12.6689,heen,150,"#219,YAW,-2.12,GYRO,-42,59,-1,ACC,-2,10,286,ADC,1290,502,5,2,"
12.6689,heen,150,MM0 ?AI
12.6689,heen,150,MM1 ?AI
12.6900,heen,150,MM0 AI=0:0:2418:2433:0:0
12.6900,heen,150,MM1 AI=0:0:2341:2349:0:0
12.6900,heen,150,"#220,YAW,-2.12,GYRO,5,98,3,ACC,6,1,285,ADC,1200,381,5,2,"
12.6900,heen,150,MM0 ?C
12.6900,heen,150,MM1 ?C
12.6900,heen,150,MM0 C=1012:-1007
12.7117,heen,150,MM1 C=2583:-2691
12.7117,heen,150,"$GPRMC,094108.6,A,5050.50829,N,00419.37363,E,000.53,223.8,021026,000.4,E*5C"
12.7117,heen,150,"#221,YAW,-2.12,GYRO,0,102,-14,ACC,15,1,226,ADC,1221,340,5,2,"
12.7117,heen,150,MM0 ?D
12.7117,heen,150,MM1 ?D
12.7117,heen,150,MM0 D=33
12.7117,heen,150,MM1 D=51
12.7460,heen,150,MM0 !M 150 -150
12.7460,heen,150,MM1 !M 150 -150
12.7460,heen,150,MM1 +
12.7460,heen,150,MM0 +
12.7460,heen,150,"#222,YAW,-2.14,GYRO,28,40,-22,ACC,15,1,230,ADC,1269,352,4,2,"
12.7460,heen,150,MM0 ?FF
12.7460,heen,150,MM1 ?FF
12.7460,heen,150,MM0 FF=0
12.7460,heen,150,MM1 FF=0
12.7670,heen,150,"#223,YAW,-2.14,GYRO,21,0,-24,ACC,-10,13,288,ADC,1253,388,4,2,"
12.7670,heen,150,MM0 ?P
12.7670,heen,150,MM1 ?P
12.7670,heen,150,MM0 P=150:-150
12.7670,heen,150,MM1 P=150:-150
12.7880,heen,150,"#224,YAW,-2.13,GYRO,-1,57,-29,ACC,2,-1,238,ADC,1214,383,4,2,"
12.7880,heen,150,MM0 ?S
12.7880,heen,150,MM1 ?S
12.7880,heen,150,MM1 S=150:-150
12.7880,heen,150,MM0 S=150:-75
12.7880,heen,150,"#225,YAW,-2.13,GYRO,-28,101,-40,ACC,8,-2,241,ADC,1259,498,6,2,"
12.8090,heen,150,MM0 ?T
12.8090,heen,150,MM1 ?T
12.8090,heen,150,MM0 T=35:34
12.8090,heen,150,MM1 T=36:33
12.8090,heen,150,"#226,YAW,-2.13,GYRO,17,90,-16,ACC,0,2,274,ADC,1283,398,3,2,"
12.8090,heen,150,MM0 ?V
12.8090,heen,150,MM1 ?V
12.8438,heen,150,MM0 V=120:223:4905
12.8439,heen,150,MM1 V=120:223:4900
12.8439,heen,150,MM0 !M 150 -150
12.8439,heen,150,MM1 !M 150 -150
12.8439,heen,150,MM0 +
12.8439,heen,150,MM1 +
12.8439,heen,150,"#227,YAW,-2.13,GYRO,2,94,-3,ACC,6,11,262,ADC,1294,501,4,2,"
12.8439,heen,150,MM0 ?CR
12.8439,heen,150,MM1 ?CR
12.8439,heen,150,MM0 CR=32:-31
12.8439,heen,150,MM1 CR=32:-31
12.8639,heen,150,"#228,YAW,-2.13,GYRO,14,116,-11,ACC,6,8,234,ADC,1228,381,5,2,"
12.8640,heen,150,MM0 ?A
12.8640,heen,150,MM1 ?A
12.8640,heen,150,MM0 A=5:0
12.8640,heen,150,MM1 A=0:0
12.8849,heen,150,"#229,YAW,-2.13,GYRO,13,19,-3,ACC,8,5,239,ADC,1263,390,5,2,"
12.8849,heen,150,MM0 ?AI
12.8850,heen,150,MM1 ?AI
12.8850,heen,150,MM0 AI=0:0:2443:2443:0:0
12.8850,heen,150,MM1 AI=0:0:2335:2333:0:0
12.9084,heen,150,"#230,YAW,-2.13,GYRO,10,-65,6,ACC,0,4,288,ADC,1232,498,6,2,"
12.9084,heen,150,MM0 ?C
12.9084,heen,150,MM1 ?C
12.9084,heen,150,MM0 C=1044:-1039
12.9085,heen,150,MM1 C=2615:-2723
12.9085,heen,150,"$GPRMC,094108.8,A,5050.50830,N,00419.37368,E,000.52,223.8,021026,000.4,E*50"
12.9419,heen,150,"#231,YAW,-2.13,GYRO,-1,34,-3,ACC,4,2,251,ADC,1298,496,7,2,"
12.9419,heen,150,MM0 ?D
12.9419,heen,150,MM1 ?D
12.9419,heen,150,MM0 D=35
12.9419,heen,150,MM1 D=50
12.9419,heen,150,MM0 !M 150 -150
12.9419,heen,150,MM1 !M 150 -150
12.9419,heen,150,MM0 +
12.9419,heen,150,MM1 +
12.9419,heen,150,"#232,YAW,-2.15,GYRO,-41,83,-19,ACC,11,10,244,ADC,1242,394,4,2,"
12.9419,heen,150,MM0 ?FF
12.9419,heen,150,MM1 ?FF
12.9420,heen,150,MM0 FF=0
12.9420,heen,150,MM1 FF=0
12.9629,heen,150,"#233,YAW,-2.15,GYRO,31,67,-14,ACC,-9,6,270,ADC,1259,389,4,2,"
12.9629,heen,150,MM0 ?P
12.9629,heen,150,MM1 ?P
12.9630,heen,150,MM0 P=150:-150
12.9630,heen,150,MM1 P=150:-150
12.9840,heen,150,"#234,YAW,-2.15,GYRO,-27,91,-15,ACC,6,11,241,ADC,1226,502,5,1,"
12.9840,heen,150,MM0 ?S
12.9840,heen,150,MM1 ?S
12.9840,heen,150,MM0 S=150:-150
12.9840,heen,150,MM1 S=150:-150
13.0050,heen,150,"#235,YAW,-2.15,GYRO,31,97,-19,ACC,13,7,238,ADC,1248,501,7,2,"
13.0050,heen,150,MM0 ?T
13.0051,heen,150,MM1 ?T
13.0051,heen,150,MM0 T=35:34
13.0051,heen,150,MM1 T=36:34
13.0529,heen,150,"#236,YAW,-2.14,GYRO,-55,16,-6,ACC,1,22,260,ADC,1268,501,6,2,"
13.0529,heen,150,MM0 ?V
13.0530,heen,150,MM1 ?V
13.0530,heen,150,MM0 V=120:224:4906
13.0530,heen,150,MM1 V=120:223:4901
13.0530,heen,150,"#237,YAW,-2.15,GYRO,-24,-78,17,ACC,-4,7,265,ADC,1256,500,3,1,"
13.0530,heen,150,MM0 ?CR
13.0530,heen,150,MM1 ?CR
13.0530,heen,150,MM0 CR=33:-33
13.0530,heen,150,MM1 CR=33:-33
13.0530,heen,150,MM1 !M 150 -150
13.0530,heen,150,MM0 !M 150 -150
13.0530,heen,150,MM1 +
13.0530,heen,150,MM0 +
13.0530,heen,150,"#238,YAW,-2.15,GYRO,-65,-107,26,ACC,7,-10,253,ADC,1254,500,7,2,"
13.0530,heen,150,MM0 ?A
13.0530,heen,150,MM1 ?A
13.0530,heen,150,MM0 A=0:0
13.0530,heen,150,MM1 A=0:0
13.0741,heen,150,"#239,YAW,-2.15,GYRO,-62,26,8,ACC,2,1,253,ADC,1230,386,4,2,"
13.0741,heen,150,MM0 ?AI
13.0741,heen,150,MM1 ?AI
13.0741,heen,150,MM0 AI=0:0:2408:2448:0:0
13.0741,heen,150,MM1 AI=0:0:2347:2337:0:0
13.0950,heen,150,"#240,YAW,-2.15,GYRO,34,93,0,ACC,3,-14,235,ADC,1277,499,6,2,"
13.0950,heen,150,MM0 ?C
13.0950,heen,150,MM1 ?C
13.0950,heen,150,MM0 C=1078:-1072
13.0950,heen,150,MM1 C=2649:-2756
13.1158,heen,150,"$GPRMC,094109.0,A,5050.50831,N,00419.37372,E,000.52,223.8,021026,000.4,E*53"
13.1158,heen,150,"#241,YAW,-2.15,GYRO,-40,71,-6,ACC,12,2,281,ADC,1215,385,6,2,"
13.1158,heen,150,MM0 ?D
13.1158,heen,150,MM1 ?D
13.1158,heen,150,MM0 D=18
13.1158,heen,150,MM1 D=0
13.1500,heen,150,"#242,YAW,-2.16,GYRO,16,73,-10,ACC,3,18,259,ADC,1271,376,4,2,"
13.1500,heen,150,MM0 !M 150 -150
13.1500,heen,150,MM0 +
13.1500,heen,150,MM1 !M 150 -150
13.1500,heen,150,MM1 +
13.1500,heen,150,MM0 ?FF
13.1500,heen,150,MM1 ?FF
13.1500,heen,150,MM0 FF=0
13.1500,heen,150,MM1 FF=0
13.1500,heen,150,"#243,YAW,-2.16,GYRO,-41,3,-9,ACC,9,27,238,ADC,1261,390,5,2,"
13.1500,heen,150,MM0 ?P
13.1500,heen,150,MM1 ?P
13.1500,heen,150,MM0 P=150:-150
13.1713,heen,150,MM1 P=150:-150
13.1713,heen,150,"#244,YAW,-2.16,GYRO,5,-32,-7,ACC,-3,1,255,ADC,1251,390,5,1,"
13.1713,heen,150,MM0 ?S
13.1713,heen,150,MM1 ?S
13.1713,heen,150,MM0 S=150:-150
13.1917,heen,150,MM1 S=150:-150
13.1917,heen,150,"#245,YAW,-2.16,GYRO,-28,36,8,ACC,2,-2,272,ADC,1240,379,4,2,"
13.1917,heen,150,MM0 ?T
13.1917,heen,150,MM1 ?T
13.1917,heen,150,MM0 T=35:34
13.1917,heen,150,MM1 T=36:33
13.2133,heen,150,"#246,YAW,-2.16,GYRO,-22,68,-11,ACC,7,15,232,ADC,1249,393,6,2,"
13.2134,heen,150,MM0 ?V
13.2134,heen,150,MM1 ?V
13.2134,heen,150,MM0 V=120:219:4905
13.2134,heen,150,MM1 V=120:223:4899
13.2484,heen,150,MM0 !M 150 -150
13.2485,heen,150,MM1 !M 150 -150
13.2485,heen,150,MM0 +
13.2485,heen,150,MM1 +
13.2485,heen,150,"#247,YAW,-2.16,GYRO,-14,52,-5,ACC,-8,4,235,ADC,1262,297,4,2,"
13.2485,heen,150,MM0 ?CR
13.2485,heen,150,MM1 ?CR
13.2485,heen,150,MM0 CR=34:-34
13.2485,heen,150,MM1 CR=33:-34
13.2485,heen,150,"#248,YAW,-2.16,GYRO,-15,111,-9,ACC,6,6,280,ADC,1257,500,5,2,"
13.2485,heen,150,MM0 ?A
13.2709,heen,150,MM1 ?A
13.2709,heen,150,MM0 A=5:0
13.2709,heen,150,MM1 A=0:0
13.2710,heen,150,"#249,YAW,-2.16,GYRO,10,123,-22,ACC,6,6,247,ADC,1264,496,5,2,"
13.2710,heen,150,MM0 ?AI
13.2710,heen,150,MM1 ?AI
13.2900,heen,150,MM0 AI=0:0:2439:2426:0:0
13.2900,heen,150,MM1 AI=0:0:2302:2376:0:0
13.2900,heen,150,"#250,YAW,-2.16,GYRO,-2,-35,-13,ACC,0,5,226,ADC,1269,501,5,2,"
13.2900,heen,150,MM0 ?C
13.2900,heen,150,MM1 ?C
13.3108,heen,150,MM1 C=2682:-2789
13.3109,heen,150,MM0 C=1112:-1105
13.3109,heen,150,"$GPRMC,094109.2,A,5050.50832,N,00419.37376,E,000.52,223.8,021026,000.4,E*56"
13.3109,heen,150,"#251,YAW,-2.16,GYRO,-4,-65,2,ACC,8,-3,261,ADC,1238,319,4,2,"
13.3109,heen,150,MM0 ?D
13.3109,heen,150,MM1 ?D
13.3109,heen,150,MM1 D=33
13.3109,heen,150,MM0 D=1
13.3461,heen,150,MM0 !M 150 -150
13.3461,heen,150,MM1 !M 150 -150
13.3461,heen,150,MM0 +
13.3461,heen,150,MM1 +
13.3461,heen,150,"#252,YAW,-2.17,GYRO,36,8,29,ACC,1,-3,265,ADC,1250,298,4,1,"
13.3461,heen,150,MM0 ?FF
13.3461,heen,150,MM1 ?FF
13.3461,heen,150,MM0 FF=0
13.3462,heen,150,MM1 FF=0
13.3687,heen,150,"#253,YAW,-2.17,GYRO,18,4,30,ACC,4,10,258,ADC,1229,380,4,2,"
13.3687,heen,150,MM0 ?P
13.3687,heen,150,MM1 ?P
13.3687,heen,150,MM0 P=150:-150
13.3687,heen,150,MM1 P=150:-150
13.3870,heen,150,"#254,YAW,-2.17,GYRO,-33,76,14,ACC,9,19,239,ADC,1202,382,5,3,"
13.3870,heen,150,MM0 ?S
13.3870,heen,150,MM1 ?S
13.3870,heen,150,MM0 S=75:-150
13.3870,heen,150,MM1 S=75:-150
13.4083,heen,150,"#255,YAW,-2.17,GYRO,-11,118,-10,ACC,7,-1,282,ADC,1256,500,4,1,"
13.4083,heen,150,MM0 ?T
13.4083,heen,150,MM1 ?T
13.4083,heen,150,MM0 T=35:34
13.4083,heen,150,MM1 T=36:34
13.4083,heen,150,"#0,YAW,-2.17,GYRO,-7,102,-34,ACC,12,-11,230,ADC,1264,501,7,2,"
13.4580,heen,150,MM0 ?V
13.4580,heen,150,MM1 ?V
13.4580,heen,150,MM0 V=120:224:4905
13.4580,heen,150,MM1 V=120:222:4900
13.4580,heen,150,"#1,YAW,-2.17,GYRO,-18,5,-46,ACC,12,1,236,ADC,1247,384,4,2,"
13.4581,heen,150,MM0 ?CR
13.4581,heen,150,MM1 ?CR
13.4581,heen,150,MM0 CR=33:-33
13.4581,heen,150,MM1 CR=33:-33
13.4581,heen,150,MM1 !M 150 -150
13.4581,heen,150,MM0 !M 150 -150
13.4581,heen,150,MM1 +
13.4581,heen,150,MM0 +
13.4581,heen,150,"#2,YAW,-2.17,GYRO,15,-20,-42,ACC,-4,-9,278,ADC,1255,389,5,2,"
13.4581,heen,150,MM0 ?A
13.4581,heen,150,MM1 ?A
13.4581,heen,150,MM0 A=0:0
13.4581,heen,150,MM1 A=0:0
13.4792,heen,150,"#3,YAW,-2.17,GYRO,-11,18,-16,ACC,2,-3,254,ADC,1258,383,5,2,"
13.4792,heen,150,MM0 ?AI
13.4792,heen,150,MM1 ?AI
13.4792,heen,150,MM0 AI=0:0:2433:2409:0:0
13.4792,heen,150,MM1 AI=0:0:2319:2421:0:0
13.5009,heen,150,"#4,YAW,-2.17,GYRO,-14,44,-3,ACC,2,18,279,ADC,1218,382,5,1,"
13.5009,heen,150,MM0 ?C
13.5009,heen,150,MM1 ?C
13.5009,heen,150,MM0 C=1146:-1139
13.5010,heen,150,MM1 C=2716:-2823
13.5207,heen,150,"$GPRMC,094109.4,A,5050.50833,N,00419.37381,E,000.52,223.8,021026,000.4,E*59"
13.5207,heen,150,"#5,YAW,-2.17,GYRO,-11,25,9,ACC,-3,3,242,ADC,1232,326,5,2,"
13.5208,heen,150,MM0 ?D
13.5208,heen,150,MM1 ?D
13.5208,heen,150,MM0 D=50
13.5208,heen,150,MM1 D=18
13.5548,heen,150,"#6,YAW,-2.18,GYRO,-16,82,2,ACC,4,-4,242,ADC,1234,499,4,2,"
13.5549,heen,150,MM0 ?FF
13.5549,heen,150,MM1 ?FF
13.5549,heen,150,MM0 FF=0
13.5549,heen,150,MM1 FF=0
13.5549,heen,150,"#7,YAW,-2.18,GYRO,30,107,-25,ACC,-2,-2,268,ADC,1237,499,4,2,"
13.5549,heen,150,MM0 ?P
13.5549,heen,150,MM1 ?P
13.5549,heen,150,MM0 P=150:-150
13.5549,heen,150,MM1 P=150:-150
13.5758,heen,150,"#8,YAW,-2.18,GYRO,-32,-2,-36,ACC,12,16,249,ADC,1260,387,6,2,"
13.5758,heen,150,MM0 ?S
13.5758,heen,150,MM1 ?S
13.5758,heen,150,MM0 S=150:-150
13.5758,heen,150,MM1 S=150:-150
13.5967,heen,150,"#9,YAW,-2.18,GYRO,26,-4,-10,ACC,-3,14,266,ADC,1249,382,5,1,"
13.5967,heen,150,MM0 ?T
13.5967,heen,150,MM1 ?T
13.5968,heen,150,MM0 T=35:34
13.5968,heen,150,MM1 T=36:33
13.6189,heen,150,"#10,YAW,-2.18,GYRO,-41,74,3,ACC,-2,21,264,ADC,1252,500,6,2,"
13.6189,heen,150,MM0 ?V
13.6189,heen,150,MM1 ?V
13.6189,heen,150,MM0 V=120:222:4905
13.6189,heen,150,MM1 V=120:224:4899
13.6189,heen,150,MM0 !M 150 -150
13.6528,heen,150,MM1 !M 150 -150
13.6528,heen,150,MM0 +
13.6528,heen,150,MM1 +
13.6528,heen,150,MM0 PING
13.6529,heen,150,MM1 PING
13.6529,heen,150,"#11,YAW,-2.18,GYRO,-16,63,-4,ACC,4,6,263,ADC,1249,414,6,2,"
13.6529,heen,150,MM0 ?CR
13.6529,heen,150,MM1 ?CR
13.6529,heen,150,MM0 CR=35:-34
13.6529,heen,150,MM1 CR=35:-34
13.6529,heen,150,MM0 !M 150 -150
13.6529,heen,150,MM1 !M 150 -150
13.6529,heen,150,MM0 +
13.6529,heen,150,MM1 +
13.6529,heen,150,"#12,YAW,-2.18,GYRO,-46,69,-8,ACC,-5,-8,245,ADC,1258,381,4,2,"
13.6529,heen,150,MM0 ?A
13.6529,heen,150,MM1 ?A
13.6529,heen,150,MM0 A=0:0
13.6529,heen,150,MM1 A=0:0
13.6732,heen,150,"#13,YAW,-2.18,GYRO,-7,103,-23,ACC,5,-7,240,ADC,1282,392,5,1,"
13.6732,heen,150,MM0 ?AI
13.6732,heen,150,MM1 ?AI
13.6732,heen,150,MM0 AI=0:0:2416:2425:0:0
13.6732,heen,150,MM1 AI=0:0:2350:2346:0:0
13.6952,heen,150,"#14,YAW,-2.18,GYRO,-8,118,-39,ACC,-9,-3,274,ADC,1280,393,6,2,"
13.6952,heen,150,MM0 ?C
13.6952,heen,150,MM1 ?C
13.6952,heen,150,MM0 C=1180:-1173
13.6952,heen,150,MM1 C=2750:-2857
13.7158,heen,150,"$GPRMC,094109.6,A,5050.50834,N,00419.37385,E,000.52,223.8,021026,000.4,E*58"
13.7158,heen,150,"#15,YAW,-2.18,GYRO,-33,37,-31,ACC,7,14,262,ADC,1263,499,7,2,"
13.7158,heen,150,MM1 ?D
13.7158,heen,150,MM0 ?D
13.7158,heen,150,MM0 D=27
13.7158,heen,150,MM1 D=3
13.7503,heen,150,"#16,YAW,-2.19,GYRO,25,-78,5,ACC,10,9,268,ADC,1253,381,4,2,"
13.7503,heen,150,MM0 !M 150 -150
13.7503,heen,150,MM0 +
13.7503,heen,150,MM1 !M 150 -150
13.7503,heen,150,MM1 +
13.7503,heen,150,MM1 ?FF
13.7503,heen,150,MM0 ?FF
13.7503,heen,150,MM1 FF=0
13.7503,heen,150,MM0 FF=0
13.7503,heen,150,"#17,YAW,-2.19,GYRO,-34,27,20,ACC,-9,13,265,ADC,1262,384,4,2,"
13.7504,heen,150,MM0 ?P
13.7504,heen,150,MM1 ?P
13.7709,heen,150,MM0 P=150:-150
13.7709,heen,150,MM1 P=150:-150
13.7709,heen,150,"#18,YAW,-2.19,GYRO,51,86,16,ACC,-1,-5,242,ADC,1279,495,4,2,"
13.7709,heen,150,MM1 ?S
13.7709,heen,150,MM0 ?S
13.7709,heen,150,MM0 S=75:-75
13.7921,heen,150,MM1 S=150:-150
13.7921,heen,150,"#19,YAW,-2.19,GYRO,3,85,20,ACC,-2,-6,258,ADC,1249,500,5,2,"
13.7921,heen,150,MM0 ?T
13.7921,heen,150,MM1 ?T
13.7921,heen,150,MM0 T=35:34
13.7921,heen,150,MM1 T=36:33
13.8131,heen,150,"#20,YAW,-2.19,GYRO,-2,70,1,ACC,12,7,232,ADC,1233,391,5,2,"
13.8131,heen,150,MM0 ?V
13.8131,heen,150,MM1 ?V
13.8131,heen,150,MM0 V=120:223:4905
13.8131,heen,150,MM1 V=120:225:4899
13.8598,heen,150,"#21,YAW,-2.19,GYRO,10,62,-26,ACC,4,15,267,ADC,1235,383,5,1,"
13.8598,heen,150,MM1 ?CR
13.8598,heen,150,MM0 ?CR
13.8598,heen,150,MM1 CR=33:-33
13.8599,heen,150,MM0 CR=33:-33
13.8599,heen,150,"#22,YAW,-2.19,GYRO,-13,10,-44,ACC,-5,8,273,ADC,1240,398,6,2,"
13.8599,heen,150,MM0 ?A
13.8599,heen,150,MM1 ?A
13.8599,heen,150,MM0 A=0:0
13.8599,heen,150,MM1 A=0:0
13.8809,heen,150,"#23,YAW,-2.19,GYRO,22,-44,-28,ACC,7,-6,231,ADC,1240,384,5,2,"
13.8809,heen,150,MM1 ?AI
13.8809,heen,150,MM0 ?AI
13.8809,heen,150,MM1 AI=0:0:2337:2343:0:0
13.8809,heen,150,MM0 AI=0:0:2411:2443:0:0
13.9018,heen,150,"#24,YAW,-2.19,GYRO,-7,96,-13,ACC,9,2,246,ADC,1270,383,7,2,"
13.9018,heen,150,MM1 ?C
13.9018,heen,150,MM0 ?C
13.9018,heen,150,MM1 C=2783:-2889
13.9019,heen,150,MM0 C=1213:-1206
13.9019,heen,150,"$GPRMC,094109.8,A,5050.50834,N,00419.37389,E,000.51,223.8,021026,000.4,E*59"
13.9229,heen,150,"#25,YAW,-2.19,GYRO,4,108,-3,ACC,9,14,281,ADC,1252,363,6,2,"
13.9229,heen,150,MM1 ?D
13.9229,heen,150,MM0 ?D
13.9229,heen,150,MM0 D=11
13.9230,heen,150,MM1 D=3
13.9230,heen,150,MM0 !M 150 -150
13.9230,heen,150,MM1 !M 150 -150
13.9230,heen,150,MM0 +
13.9568,heen,150,MM1 +
13.9568,heen,150,MM0 PING
13.9568,heen,150,MM1 PING
13.9568,heen,150,"#26,YAW,-2.20,GYRO,-20,85,12,ACC,10,7,231,ADC,1273,365,7,1,"
13.9568,heen,150,MM1 ?FF
13.9568,heen,150,MM0 ?FF
13.9568,heen,150,MM1 FF=0
13.9568,heen,150,MM0 FF=0
13.9568,heen,150,"#27,YAW,-2.20,GYRO,-7,42,22,ACC,8,0,263,ADC,1278,503,4,2,"
13.9569,heen,150,MM1 ?P
13.9569,heen,150,MM0 ?P
13.9569,heen,150,MM1 P=150:-150
13.9569,heen,150,MM0 P=150:-150
13.9805,heen,150,"#28,YAW,-2.20,GYRO,-33,75,8,ACC,3,-3,270,ADC,1290,492,6,1,"
13.9805,heen,150,MM1 ?S
13.9805,heen,150,MM0 ?S
13.9805,heen,150,MM1 S=150:-75
13.9806,heen,150,MM0 S=75:-150
13.9989,heen,150,"#29,YAW,-2.20,GYRO,-26,-21,-17,ACC,14,6,232,ADC,1236,484,4,2,"
13.9989,heen,150,MM1 ?T
13.9990,heen,150,MM0 ?T
13.9990,heen,150,MM1 T=36:34
13.9990,heen,150,MM0 T=35:34
14.0201,heen,150,"#30,YAW,-2.20,GYRO,-2,-113,-34,ACC,9,12,251,ADC,1316,387,4,2,"
14.0201,heen,150,MM1 ?V
14.0201,heen,150,MM0 ?V
14.0201,heen,150,MM1 V=120:222:4900
14.0202,heen,150,MM0 V=120:222:4904
14.0414,heen,150,MM0 !M 150 -150
14.0415,heen,150,MM1 !M 150 -150
14.0415,heen,150,MM0 +
14.0415,heen,150,MM1 +
14.0415,heen,150,MM1 PING
14.0415,heen,150,MM0 PING
14.0415,heen,150,"#31,YAW,-2.19,GYRO,-5,39,-28,ACC,1,9,289,ADC,1278,335,7,2,"
14.0415,heen,150,MM1 ?CR
14.0415,heen,150,MM0 ?CR
14.0415,heen,150,MM1 CR=33:-33
14.0415,heen,150,MM0 CR=34:-34
14.0621,heen,150,MM1 !M 150 -150
14.0621,heen,150,MM0 !M 150 -150
14.0621,heen,150,MM1 +
14.0621,heen,150,MM0 +
14.0621,heen,150,"#32,YAW,-2.19,GYRO,-15,95,-16,ACC,-6,14,269,ADC,1302,406,6,2,"
14.0621,heen,150,MM1 ?A
14.0621,heen,150,MM0 ?A
14.0621,heen,150,MM1 A=0:0
14.0621,heen,150,MM0 A=0:0
14.0827,heen,150,"#33,YAW,-2.20,GYRO,19,18,27,ACC,-1,-2,231,ADC,1227,384,6,2,"
14.0827,heen,150,MM0 ?AI
14.0827,heen,150,MM1 ?AI
14.0827,heen,150,MM0 AI=0:0:2451:2399:0:0
14.0827,heen,150,MM1 AI=0:0:2332:2327:0:0
14.1041,heen,150,"#34,YAW,-2.20,GYRO,-39,60,32,ACC,12,-7,242,ADC,1270,395,5,2,"
14.1041,heen,150,MM1 ?C
14.1041,heen,150,MM0 ?C
14.1041,heen,150,MM1 C=2817:-2923
14.1041,heen,150,MM0 C=1247:-1240
14.1042,heen,150,"$GPRMC,094110.0,A,5050.50835,N,00419.37394,E,000.50,223.8,021026,000.4,E*55"
14.1249,heen,150,"#35,YAW,-2.20,GYRO,-23,91,-3,ACC,-13,9,295,ADC,1234,325,4,1,"
14.1249,heen,150,MM0 ?D
14.1249,heen,150,MM1 ?D
14.1249,heen,150,MM0 D=16
14.1249,heen,150,MM1 D=48
14.1600,heen,150,"#36,YAW,-2.20,GYRO,-57,-34,-34,ACC,-8,19,230,ADC,1260,382,4,2,"
14.1600,heen,150,MM1 ?FF
14.1600,heen,150,MM0 ?FF
14.1600,heen,150,MM1 FF=0
14.1600,heen,150,MM0 FF=0
14.1600,heen,150,"#37,YAW,-2.20,GYRO,15,-64,-48,ACC,4,-5,256,ADC,1284,501,5,2,"
14.1600,heen,150,MM1 ?P
14.1600,heen,150,MM0 ?P
14.1600,heen,150,MM1 P=150:-150
14.1600,heen,150,MM0 P=150:-150
14.1798,heen,150,"#38,YAW,-2.20,GYRO,-78,59,-40,ACC,-6,-5,264,ADC,1280,500,6,2,"
14.1798,heen,150,MM0 ?S
14.1798,heen,150,MM1 ?S
14.1798,heen,150,MM0 S=150:-150
14.1798,heen,150,MM1 S=150:-150
14.2009,heen,150,"#39,YAW,-2.20,GYRO,-22,93,-6,ACC,10,0,234,ADC,1287,502,5,2,"
14.2009,heen,150,MM0 ?T
14.2009,heen,150,MM1 ?T
14.2009,heen,150,MM0 T=35:34
14.2009,heen,150,MM1 T=36:34
14.2220,heen,150,"#40,YAW,-2.20,GYRO,-12,90,36,ACC,5,5,228,ADC,1276,386,5,1,"
14.2220,heen,150,MM0 ?V
14.2220,heen,150,MM1 ?V
14.2220,heen,150,MM0 V=120:223:4905
14.2220,heen,150,MM1 V=120:223:4899
14.2575,heen,150,"#41,YAW,-2.21,GYRO,-65,216,45,ACC,15,16,231,ADC,1241,386,5,1,"
14.2575,heen,150,MM0 !M 150 -150
14.2575,heen,150,MM0 +
14.2575,heen,150,MM0 PING
14.2576,heen,150,MM1 !M 150 -150
14.2576,heen,150,MM1 +
14.2576,heen,150,MM1 PING
14.2576,heen,150,MM0 ?CR
14.2576,heen,150,MM1 ?CR
14.2576,heen,150,MM0 CR=33:-34
14.2576,heen,150,MM1 CR=35:-34
14.2576,heen,150,"#42,YAW,-2.21,GYRO,-88,359,30,ACC,35,7,206,ADC,1213,382,5,2,"
14.2576,heen,150,MM0 ?A
14.2576,heen,150,MM1 ?A
14.2576,heen,150,MM0 A=5:0
14.2576,heen,150,MM1 A=5:0
14.2771,heen,150,"#43,YAW,-2.21,GYRO,1,422,32,ACC,20,-13,235,ADC,1245,500,6,2,"
14.2771,heen,150,MM0 ?AI
14.2771,heen,150,MM1 ?AI
14.2771,heen,150,MM0 AI=0:0:2398:2429:0:0
14.2771,heen,150,MM1 AI=0:0:2335:2339:0:0
14.2982,heen,150,"#44,YAW,-2.21,GYRO,-20,462,54,ACC,31,-12,219,ADC,1280,501,6,2,"
14.2982,heen,150,MM0 ?C
14.2982,heen,150,MM1 ?C
14.2983,heen,150,MM0 C=1280:-1273
14.2983,heen,150,MM1 C=2850:-2956
14.3185,heen,150,"$GPRMC,094110.2,A,5050.50836,N,00419.37398,E,000.49,223.8,021026,000.4,E*50"
14.3185,heen,150,"#45,YAW,-2.21,GYRO,35,626,90,ACC,9,0,212,ADC,1219,380,6,2,"
14.3185,heen,150,MM0 ?D
14.3185,heen,150,MM1 ?D
14.3185,heen,150,MM0 D=1
14.3185,heen,150,MM1 D=1
14.3528,heen,150,"#46,YAW,-2.22,GYRO,3,782,125,ACC,13,9,193,ADC,1258,382,5,2,"
14.3528,heen,150,MM0 !M 150 -150
14.3529,heen,150,MM0 +
14.3529,heen,150,MM0 PING
14.3529,heen,150,MM1 !M 150 -150
14.3529,heen,150,MM1 +
14.3529,heen,150,MM1 PING
14.3529,heen,150,MM0 ?FF
14.3529,heen,150,MM1 ?FF
14.3529,heen,150,MM0 FF=0
14.3529,heen,150,MM1 FF=0
14.3529,heen,150,MM1 !M 150 -150
14.3529,heen,150,MM0 !M 150 -150
14.3529,heen,150,MM0 +
14.3529,heen,150,MM1 +
14.3529,heen,150,"#47,YAW,-2.23,GYRO,48,1008,119,ACC,9,13,193,ADC,1275,369,4,2,"
14.3529,heen,150,MM1 ?P
14.3529,heen,150,MM0 ?P
14.3529,heen,150,MM1 P=150:-150
14.3529,heen,150,MM0 P=150:-150
14.3739,heen,150,"#48,YAW,-2.23,GYRO,187,845,44,ACC,-141,-75,1549,ADC,1208,380,7,2,"
14.3739,heen,150,MM1 ?S
14.3740,heen,150,MM0 ?S
14.3740,heen,150,MM1 S=75:-150
14.3740,heen,150,MM0 S=75:-150
14.3997,heen,150,"#49,YAW,-2.22,GYRO,-96,-1027,-57,ACC,58,-141,-111,ADC,1263,390,6,2,"
14.3997,heen,150,MM0 ?T
14.3997,heen,150,MM1 ?T
14.3997,heen,150,MM0 T=35:34
14.3997,heen,150,MM1 T=36:33
14.4158,heen,150,"#50,YAW,-2.22,GYRO,28,-141,-144,ACC,-18,-44,96,ADC,1218,381,6,3,"
14.4158,heen,150,MM0 ?V
14.4158,heen,150,MM1 ?V
14.4158,heen,150,MM0 V=120:223:4905
14.4158,heen,150,MM1 V=120:223:4900
14.4641,heen,150,"#51,YAW,-2.22,GYRO,9,50,-115,ACC,43,9,287,ADC,1226,383,5,2,"
14.4641,heen,150,MM0 ?CR
14.4641,heen,150,MM1 ?CR
14.4642,heen,150,MM0 CR=35:-37
14.4642,heen,150,MM1 CR=33:-35
14.4642,heen,150,MM0 !M 150 -150
14.4642,heen,150,MM1 !M 150 -150
14.4642,heen,150,MM0 +
14.4642,heen,150,MM1 +
14.4642,heen,150,"#52,YAW,-2.22,GYRO,-390,450,-61,ACC,45,-55,537,ADC,1258,387,4,1,"
14.4642,heen,150,MM0 ?A
14.4642,heen,150,MM1 ?A
14.4642,heen,150,MM0 A=0:0
14.4642,heen,150,MM1 A=0:0
14.4876,heen,150,"#53,YAW,-2.22,GYRO,247,-138,33,ACC,-16,-169,45,ADC,1282,502,3,2,"
14.4877,heen,150,MM0 ?AI
14.4877,heen,150,MM1 ?AI
14.4877,heen,150,MM0 AI=0:0:2395:2434:0:0
14.4877,heen,150,MM1 AI=0:0:2344:2379:0:0
14.5060,heen,150,"#54,YAW,-2.22,GYRO,-108,191,-16,ACC,-13,35,114,ADC,1226,500,4,2,"
14.5060,heen,150,MM0 ?C
14.5060,heen,150,MM1 ?C
14.5060,heen,150,MM0 C=1317:-1312
14.5060,heen,150,MM1 C=2886:-2993
14.5060,heen,150,"$GPRMC,094110.4,A,5050.50836,N,00419.37402,E,000.48,223.8,021026,000.4,E*53"
14.5283,heen,150,"#55,YAW,-2.22,GYRO,51,-32,0,ACC,-110,60,353,ADC,1233,386,5,2,"
14.5283,heen,150,MM0 ?D
14.5283,heen,150,MM1 ?D
14.5283,heen,150,MM0 D=19
14.5283,heen,150,MM1 D=33
14.5618,heen,150,"#56,YAW,-2.23,GYRO,42,152,-23,ACC,-88,5,259,ADC,1244,496,4,2,"
14.5619,heen,150,MM0 ?FF
14.5619,heen,150,MM1 ?FF
14.5619,heen,150,MM0 FF=0
14.5619,heen,150,MM1 FF=0
14.5619,heen,150,MM0 !M 150 -150
14.5619,heen,150,MM0 +
14.5619,heen,150,MM1 !M 150 -150
14.5619,heen,150,MM1 +
14.5619,heen,150,"#57,YAW,-2.23,GYRO,-61,-107,-35,ACC,-9,9,217,ADC,1241,381,5,2,"
14.5619,heen,150,MM0 ?P
14.5619,heen,150,MM1 ?P
14.5619,heen,150,MM0 P=150:-150
14.5619,heen,150,MM1 P=150:-150
14.5830,heen,150,"#58,YAW,-2.22,GYRO,105,323,-21,ACC,-46,-10,226,ADC,1236,494,3,2,"
14.5830,heen,150,MM0 ?S
14.5830,heen,150,MM1 ?S
14.5830,heen,150,MM0 S=150:-150
14.5830,heen,150,MM1 S=150:-150
14.6040,heen,150,"#59,YAW,-2.22,GYRO,-19,34,-8,ACC,-21,-6,271,ADC,1263,381,4,2,"
14.6040,heen,150,MM0 ?T
14.6040,heen,150,MM1 ?T
14.6040,heen,150,MM0 T=35:34
14.6040,heen,150,MM1 T=36:34
14.6251,heen,150,"#60,YAW,-2.22,GYRO,17,73,-9,ACC,-37,24,236,ADC,1230,384,6,2,"
14.6251,heen,150,MM0 ?V
14.6252,heen,150,MM1 ?V
14.6252,heen,150,MM0 V=120:223:4905
14.6252,heen,150,MM1 V=120:224:4900
14.6587,heen,150,"#61,YAW,-2.22,GYRO,-16,9,-7,ACC,-14,22,247,ADC,1252,391,5,2,"
14.6588,heen,150,MM0 ?CR
14.6588,heen,150,MM1 ?CR
14.6588,heen,150,MM0 CR=37:-37
14.6588,heen,150,MM1 CR=37:-36
14.6588,heen,150,"#62,YAW,-2.22,GYRO,49,17,1,ACC,-12,-3,231,ADC,1316,502,6,1,"
14.6588,heen,150,MM0 ?A
14.6588,heen,150,MM1 ?A
14.6588,heen,150,MM0 A=0:0
14.6588,heen,150,MM1 A=0:0
14.6798,heen,150,"#63,YAW,-2.22,GYRO,-93,33,-13,ACC,-20,7,285,ADC,1264,500,6,2,"
14.6798,heen,150,MM0 ?AI
14.6798,heen,150,MM1 ?AI
14.6798,heen,150,MM0 AI=0:0:2441:2426:0:0
14.6798,heen,150,MM1 AI=0:0:2367:2344:0:0
14.7008,heen,150,"#64,YAW,-2.22,GYRO,39,100,-19,ACC,-30,-13,270,ADC,1223,383,6,2,"
14.7008,heen,150,MM0 ?C
14.7008,heen,150,MM1 ?C
14.7008,heen,150,MM0 C=1353:-1348
14.7009,heen,150,MM1 C=2922:-3028
14.7009,heen,150,"$GPRMC,094110.6,A,5050.50837,N,00419.37406,E,000.47,223.8,021026,000.4,E*5B"
14.7219,heen,150,"#65,YAW,-2.22,GYRO,-2,156,-1,ACC,-34,-9,228,ADC,1294,500,5,2,"
14.7219,heen,150,MM0 ?D
14.7219,heen,150,MM1 ?D
14.7219,heen,150,MM0 D=19
14.7219,heen,150,MM1 D=1
14.7560,heen,150,"#66,YAW,-2.23,GYRO,10,97,-11,ACC,-26,5,266,ADC,1250,398,4,1,"
14.7561,heen,150,MM0 ?FF
14.7561,heen,150,MM0 FF=0
14.7561,heen,150,MM1 ?FF
14.7561,heen,150,MM1 FF=0
14.7561,heen,150,MM0 !M 150 -150
14.7561,heen,150,MM1 !M 150 -150
14.7561,heen,150,MM0 +
14.7561,heen,150,MM1 +
14.7561,heen,150,MM1 PING
14.7561,heen,150,MM0 PING
14.7561,heen,150,"#67,YAW,-2.23,GYRO,-68,-39,-16,ACC,-27,29,247,ADC,1249,391,7,2,"
14.7561,heen,150,MM0 ?P
14.7561,heen,150,MM1 ?P
14.7561,heen,150,MM0 P=150:-150
14.7561,heen,150,MM1 P=150:-150
14.7767,heen,150,"#68,YAW,-2.23,GYRO,-36,-19,-2,ACC,-27,16,249,ADC,1242,389,7,1,"
14.7767,heen,150,MM0 ?S
14.7768,heen,150,MM1 ?S
14.7768,heen,150,MM0 S=150:-150
14.7768,heen,150,MM1 S=150:-150
14.7990,heen,150,"#69,YAW,-2.23,GYRO,-40,-61,2,ACC,-14,-14,240,ADC,1203,382,6,2,"
14.7990,heen,150,MM0 ?T
14.7990,heen,150,MM1 ?T
14.7990,heen,150,MM0 T=35:34
14.7990,heen,150,MM1 T=36:34
14.8187,heen,150,"#70,YAW,-2.23,GYRO,-75,-3,4,ACC,-26,-12,257,ADC,1268,391,5,2,"
14.8187,heen,150,MM0 ?V
14.8187,heen,150,MM1 ?V
14.8187,heen,150,MM0 V=120:223:4905
14.8188,heen,150,MM1 V=120:223:4900
14.8671,heen,150,"#71,YAW,-2.23,GYRO,24,127,10,ACC,-16,-12,248,ADC,1227,399,6,2,"
14.8671,heen,150,MM0 ?CR
14.8671,heen,150,MM1 ?CR
14.8671,heen,150,MM0 CR=35:-34
14.8671,heen,150,MM1 CR=35:-34
14.8671,heen,150,MM0 !M 150 -150
14.8672,heen,150,MM1 !M 150 -150
14.8672,heen,150,MM0 +
14.8672,heen,150,MM1 +
14.8672,heen,150,MM0 PING
14.8672,heen,150,MM1 PING
14.8672,heen,150,"#72,YAW,-2.23,GYRO,-16,103,9,ACC,-29,4,274,ADC,1251,383,7,2,"
14.8672,heen,150,MM0 ?A
14.8672,heen,150,MM1 ?A
14.8672,heen,150,MM0 A=0:0
14.8672,heen,150,MM1 A=0:0
14.8880,heen,150,"#73,YAW,-2.23,GYRO,-6,44,5,ACC,-23,19,252,ADC,1238,383,5,3,"
14.8880,heen,150,MM0 ?AI
14.8880,heen,150,MM1 ?AI
14.8880,heen,150,MM0 AI=0:0:2412:2440:0:0
14.8880,heen,150,MM1 AI=0:0:2343:2345:0:0
14.8880,heen,150,"#74,YAW,-2.23,GYRO,-35,6,-9,ACC,-13,24,241,ADC,1264,387,5,2,"
14.8880,heen,150,MM0 ?C
14.9101,heen,150,MM1 ?C
14.9102,heen,150,MM0 C=1387:-1383
14.9102,heen,150,MM1 C=2956:-3063
14.9102,heen,150,"$GPRMC,094110.8,A,5050.50837,N,00419.37410,E,000.46,223.8,021026,000.4,E*53"
14.9102,heen,150,"#75,YAW,-2.23,GYRO,-6,19,-12,ACC,-17,1,250,ADC,1212,384,5,2,"
14.9102,heen,150,MM1 ?D
14.9102,heen,150,MM0 ?D
14.9298,heen,150,MM0 D=33
14.9299,heen,150,MM1 D=50
14.9299,heen,150,"#76,YAW,-2.24,GYRO,-56,-111,-16,ACC,-1,-5,228,ADC,1263,503,6,2,"
14.9299,heen,150,MM0 ?FF
14.9299,heen,150,MM1 ?FF
14.9640,heen,150,MM0 FF=0
14.9640,heen,150,MM1 FF=0
14.9640,heen,150,MM1 !M 150 -150
14.9640,heen,150,MM0 !M 150 -150
14.9640,heen,150,MM1 +
14.9640,heen,150,MM0 +
14.9640,heen,150,MM1 PING
14.9641,heen,150,MM0 PING
14.9641,heen,150,"#77,YAW,-2.24,GYRO,-55,-156,-11,ACC,7,3,222,ADC,1290,500,6,1,"
14.9641,heen,150,MM0 ?P
14.9641,heen,150,MM1 ?P
14.9641,heen,150,MM0 P=150:-150
14.9641,heen,150,MM1 P=150:-150
14.9850,heen,150,"#78,YAW,-2.24,GYRO,-21,-174,2,ACC,3,4,244,ADC,1309,391,7,2,"
14.9850,heen,150,MM0 ?S
14.9850,heen,150,MM1 ?S
14.9850,heen,150,MM1 S=150:-150
14.9850,heen,150,MM0 S=150:-75
15.0058,heen,150,"#79,YAW,-2.24,GYRO,12,-279,25,ACC,9,2,242,ADC,1275,391,4,2,"
15.0059,heen,150,MM1 ?T
15.0059,heen,150,MM0 ?T
15.0059,heen,150,MM0 T=35:34
15.0059,heen,150,MM1 T=36:34
15.0274,heen,150,"#80,YAW,-2.24,GYRO,4,-399,44,ACC,-31,-8,215,ADC,1279,391,5,2,"
15.0274,heen,150,MM0 ?V
15.0274,heen,150,MM1 ?V
15.0274,heen,150,MM0 V=120:227:4905
15.0274,heen,150,MM1 V=120:223:4900
15.0609,heen,150,"#81,YAW,-2.24,GYRO,-50,-632,67,ACC,-13,29,246,ADC,1246,386,7,1,"
15.0609,heen,150,MM0 ?CR
15.0609,heen,150,MM1 ?CR
15.0609,heen,150,MM0 CR=36:-36
15.0609,heen,150,MM1 CR=35:-37
15.0609,heen,150,MM0 !M 150 -150
15.0609,heen,150,MM1 !M 150 -150
15.0609,heen,150,MM0 +
15.0609,heen,150,MM1 +
15.0609,heen,150,MM1 PING
15.0609,heen,150,MM0 PING
15.0609,heen,150,"#82,YAW,-2.25,GYRO,11,-677,81,ACC,-9,12,232,ADC,1231,387,4,2,"
15.0609,heen,150,MM0 ?A
15.0609,heen,150,MM1 ?A
15.0610,heen,150,MM0 A=-4:5
15.0610,heen,150,MM1 A=-4:10
15.0818,heen,150,"#83,YAW,-2.25,GYRO,-57,-849,50,ACC,12,17,186,ADC,1268,389,4,2,"
15.0819,heen,150,MM0 ?AI
15.0819,heen,150,MM1 ?AI
15.0819,heen,150,MM0 AI=0:0:2442:2420:0:0
15.0819,heen,150,MM1 AI=0:0:2350:2354:0:0
15.1061,heen,150,"#84,YAW,-2.25,GYRO,446,-358,56,ACC,-98,-22,1022,ADC,1274,499,5,2,"
15.1061,heen,150,MM0 ?C
15.1061,heen,150,MM1 ?C
15.1061,heen,150,MM0 C=1426:-1422
15.1061,heen,150,MM1 C=2995:-3104
15.1061,heen,150,"$GPRMC,094111.0,A,5050.50837,N,00419.37414,E,000.45,223.8,021026,000.4,E*5D"
15.1234,heen,150,"#85,YAW,-2.25,GYRO,-14,723,-2,ACC,59,65,160,ADC,1301,491,6,2,"
15.1234,heen,150,MM0 ?D
15.1235,heen,150,MM1 ?D
15.1235,heen,150,MM0 D=0
15.1235,heen,150,MM1 D=2
15.1571,heen,150,"#86,YAW,-2.25,GYRO,-89,65,-1,ACC,-30,-9,150,ADC,1247,390,6,2,"
15.1571,heen,150,MM0 ?FF
15.1571,heen,150,MM1 ?FF
15.1571,heen,150,MM0 FF=0
15.1571,heen,150,MM1 FF=0
15.1571,heen,150,MM0 !M 150 -150
15.1572,heen,150,MM1 !M 150 -150
15.1572,heen,150,MM0 +
15.1572,heen,150,MM1 +
15.1572,heen,150,MM1 PING
15.1572,heen,150,MM0 PING
15.1572,heen,150,MM0 !M 150 -150
15.1572,heen,150,MM1 !M 150 -150
15.1572,heen,150,MM0 +
15.1572,heen,150,MM1 +
15.1572,heen,150,"#87,YAW,-2.26,GYRO,81,-455,15,ACC,30,13,265,ADC,1241,292,5,2,"
15.1572,heen,150,MM0 ?P
15.1572,heen,150,MM1 ?P
15.1572,heen,150,MM0 P=150:-150
15.1572,heen,150,MM1 P=150:-150
15.1778,heen,150,"#88,YAW,-2.26,GYRO,-104,-133,-11,ACC,19,45,403,ADC,1254,392,4,2,"
15.1778,heen,150,MM0 ?S
15.1778,heen,150,MM1 ?S
15.1778,heen,150,MM0 S=150:-150
15.1778,heen,150,MM1 S=150:-150
15.1987,heen,150,"#89,YAW,-2.25,GYRO,54,278,-49,ACC,-15,-17,212,ADC,1218,381,6,2,"
15.1987,heen,150,MM0 ?T
15.1987,heen,150,MM1 ?T
15.1988,heen,150,MM0 T=35:34
15.1988,heen,150,MM1 T=36:34
15.2200,heen,150,"#90,YAW,-2.25,GYRO,-64,-154,-32,ACC,3,-15,168,ADC,1225,384,8,2,"
15.2200,heen,150,MM0 ?V
15.2200,heen,150,MM1 ?V
15.2200,heen,150,MM0 V=120:223:4905
15.2200,heen,150,MM1 V=120:222:4900
15.2707,heen,150,"#91,YAW,-2.25,GYRO,-14,-1,-24,ACC,-5,1,354,ADC,1293,500,7,2,"
15.2707,heen,150,MM0 ?CR
15.2707,heen,150,MM1 ?CR
15.2707,heen,150,MM0 CR=38:-39
15.2707,heen,150,MM1 CR=39:-40
15.2707,heen,150,MM0 !M 150 -150
15.2707,heen,150,MM1 !M 150 -150
15.2707,heen,150,MM0 +
15.2707,heen,150,MM1 +
15.2707,heen,150,"#92,YAW,-2.25,GYRO,49,234,-26,ACC,-15,-4,245,ADC,1237,390,8,2,"
15.2707,heen,150,MM0 ?A
15.2707,heen,150,MM1 ?A
15.2707,heen,150,MM0 A=0:0
15.2707,heen,150,MM1 A=0:0
15.2707,heen,150,"#93,YAW,-2.25,GYRO,-3,4,-19,ACC,9,2,218,ADC,1272,387,8,2,"
15.2707,heen,150,MM0 ?AI
15.2708,heen,150,MM1 ?AI
15.2899,heen,150,MM0 AI=0:0:2426:2438:0:0
15.2899,heen,150,MM1 AI=0:0:2333:2328:0:0
15.2899,heen,150,"#94,YAW,-2.25,GYRO,-16,-1,-19,ACC,-6,21,262,ADC,1230,500,5,1,"
15.2899,heen,150,MM0 ?C
15.2899,heen,150,MM1 ?C
15.3108,heen,150,MM0 C=1462:-1457
15.3108,heen,150,MM1 C=3031:-3139
15.3108,heen,150,"$GPRMC,094111.2,A,5050.50837,N,00419.37418,E,000.44,223.8,021026,000.4,E*52"
15.3108,heen,150,"#95,YAW,-2.25,GYRO,-9,37,-2,ACC,-9,7,299,ADC,1229,384,6,2,"
15.3108,heen,150,MM0 ?D
15.3108,heen,150,MM1 ?D
15.3108,heen,150,MM1 D=51
15.3318,heen,150,MM0 D=2
15.3318,heen,150,"#96,YAW,-2.26,GYRO,-50,12,4,ACC,6,4,244,ADC,1265,391,4,2,"
15.3318,heen,150,MM0 ?FF
15.3318,heen,150,MM1 ?FF
15.3318,heen,150,MM0 FF=0
15.3318,heen,150,MM1 FF=0
15.3662,heen,150,MM0 !M 150 -150
15.3662,heen,150,MM1 !M 150 -150
15.3662,heen,150,MM0 +
15.3662,heen,150,MM1 +
15.3662,heen,150,"#97,YAW,-2.26,GYRO,-25,41,-13,ACC,3,2,233,ADC,1272,314,6,2,"
15.3662,heen,150,MM0 ?P
15.3662,heen,150,MM1 ?P
15.3662,heen,150,MM0 P=150:-150
15.3662,heen,150,MM1 P=150:-150
15.3869,heen,150,"#98,YAW,-2.26,GYRO,-10,107,-21,ACC,-8,-6,286,ADC,1228,381,5,2,"
15.3869,heen,150,MM0 ?S
15.3869,heen,150,MM1 ?S
15.3869,heen,150,MM0 S=150:-150
15.3869,heen,150,MM1 S=150:-150
15.4079,heen,150,"#99,YAW,-2.26,GYRO,14,114,-31,ACC,6,-11,241,ADC,1263,498,4,1,"
15.4079,heen,150,MM0 ?T
15.4079,heen,150,MM1 ?T
15.4079,heen,150,MM0 T=35:34
15.4079,heen,150,MM1 T=36:34
15.4079,heen,150,"#100,YAW,-2.26,GYRO,-29,76,-40,ACC,5,8,252,ADC,1244,387,5,2,"
15.4289,heen,150,MM0 ?V
15.4289,heen,150,MM1 ?V
15.4289,heen,150,MM0 V=120:223:4905
15.4289,heen,150,MM1 V=120:223:4900
15.4289,heen,150,"#101,YAW,-2.26,GYRO,-31,-22,-20,ACC,-9,22,249,ADC,1277,500,8,2,"
15.4289,heen,150,MM0 ?CR
15.4631,heen,150,MM1 ?CR
15.4631,heen,150,MM0 CR=35:-34
15.4631,heen,150,MM1 CR=35:-34
15.4631,heen,150,MM1 !M 150 -150
15.4631,heen,150,MM0 !M 150 -150
15.4631,heen,150,MM1 +
15.4631,heen,150,MM0 +
15.4631,heen,150,"#102,YAW,-2.26,GYRO,-13,-45,12,ACC,1,3,281,ADC,1232,498,6,2,"
15.4631,heen,150,MM0 ?A
15.4631,heen,150,MM1 ?A
15.4631,heen,150,MM0 A=0:0
15.4631,heen,150,MM1 A=5:0
15.4840,heen,150,"#103,YAW,-2.26,GYRO,-41,1,20,ACC,1,3,262,ADC,1215,499,5,2,"
15.4840,heen,150,MM0 ?AI
15.4840,heen,150,MM1 ?AI
15.4840,heen,150,MM0 AI=0:0:2457:2432:0:0
15.4840,heen,150,MM1 AI=0:0:2370:2343:0:0
15.5055,heen,150,"#104,YAW,-2.26,GYRO,62,48,11,ACC,-3,-9,253,ADC,1219,496,8,2,"
15.5055,heen,150,MM0 ?C
15.5056,heen,150,MM1 ?C
15.5056,heen,150,MM0 C=1496:-1491
15.5056,heen,150,MM1 C=3065:-3173
15.5056,heen,150,"$GPRMC,094111.4,A,5050.50837,N,00419.37422,E,000.42,223.8,021026,000.4,E*5B"
15.5280,heen,150,"#105,YAW,-2.26,GYRO,10,100,3,ACC,1,1,237,ADC,1251,384,4,2,"
15.5280,heen,150,MM0 ?D
15.5280,heen,150,MM1 ?D
15.5280,heen,150,MM0 D=33
15.5280,heen,150,MM1 D=0
15.5652,heen,150,"#106,YAW,-2.26,GYRO,38,94,-6,ACC,12,10,250,ADC,1223,380,6,1,"
15.5652,heen,150,MM0 ?FF
15.5652,heen,150,MM1 ?FF
15.5652,heen,150,MM0 FF=0
15.5652,heen,150,MM1 FF=0
15.5652,heen,150,MM0 !M 150 -150
15.5652,heen,150,MM1 !M 150 -150
15.5652,heen,150,MM0 +
15.5653,heen,150,MM1 +
15.5653,heen,150,"#107,YAW,-2.26,GYRO,16,93,-23,ACC,-10,15,276,ADC,1244,403,5,2,"
15.5653,heen,150,MM0 ?P
15.5653,heen,150,MM1 ?P
15.5653,heen,150,MM0 P=150:-150
15.5653,heen,150,MM1 P=150:-150
15.5859,heen,150,"#108,YAW,-2.26,GYRO,-30,18,-29,ACC,5,15,251,ADC,1248,393,4,2,"
15.5859,heen,150,MM0 ?S
15.5859,heen,150,MM1 ?S
15.5859,heen,150,MM0 S=150:-150
15.5860,heen,150,MM1 S=150:-150
15.6069,heen,150,"#109,YAW,-2.26,GYRO,5,-67,-20,ACC,6,0,233,ADC,1243,384,4,2,"
15.6069,heen,150,MM0 ?T
15.6069,heen,150,MM1 ?T
15.6069,heen,150,MM0 T=35:34
15.6069,heen,150,MM1 T=36:34
15.6278,heen,150,"#110,YAW,-2.26,GYRO,7,55,-8,ACC,9,-13,249,ADC,1246,498,4,1,"
15.6278,heen,150,MM0 ?V
15.6278,heen,150,MM1 ?V
15.6278,heen,150,MM0 V=120:223:4909
15.6278,heen,150,MM1 V=120:222:4901
15.6278,heen,150,"#111,YAW,-2.26,GYRO,-17,128,-5,ACC,-5,2,255,ADC,1283,398,4,1,"
15.6629,heen,150,MM0 ?CR
15.6630,heen,150,MM1 ?CR
15.6630,heen,150,MM0 CR=32:-32
15.6630,heen,150,MM1 CR=32:-32
15.6630,heen,150,MM1 !M 150 -150
15.6630,heen,150,MM0 !M 150 -150
15.6630,heen,150,MM1 +
15.6630,heen,150,MM0 +
15.6630,heen,150,"#112,YAW,-2.26,GYRO,1,72,-4,ACC,11,7,241,ADC,1291,503,5,2,"
15.6630,heen,150,MM0 ?A
15.6630,heen,150,MM1 ?A
15.6630,heen,150,MM0 A=0:0
15.6630,heen,150,MM1 A=5:0
15.6848,heen,150,"#113,YAW,-2.26,GYRO,-5,116,23,ACC,1,2,237,ADC,1230,389,6,2,"
15.6848,heen,150,MM0 ?AI
15.6848,heen,150,MM1 ?AI
15.6848,heen,150,MM0 AI=0:0:2412:2443:0:0
15.6849,heen,150,MM1 AI=0:0:2293:2303:0:0
15.7048,heen,150,"#114,YAW,-2.26,GYRO,-10,65,15,ACC,6,-17,268,ADC,1254,393,5,1,"
15.7048,heen,150,MM0 ?C
15.7049,heen,150,MM1 ?C
15.7049,heen,150,MM0 C=1528:-1523
15.7049,heen,150,MM1 C=3097:-3205
15.7049,heen,150,"$GPRMC,094111.6,A,5050.50837,N,00419.37425,E,000.40,223.8,021026,000.4,E*5C"
15.7260,heen,150,"#115,YAW,-2.26,GYRO,-42,4,-13,ACC,7,4,264,ADC,1250,386,5,2,"
15.7260,heen,150,MM0 ?D
15.7261,heen,150,MM1 ?D
15.7261,heen,150,MM0 D=51
15.7261,heen,150,MM1 D=0
15.7479,heen,150,"#116,YAW,-2.27,GYRO,-2,-21,-29,ACC,6,9,227,ADC,1245,501,5,2,"
15.7479,heen,150,MM0 ?FF
15.7479,heen,150,MM1 ?FF
15.7479,heen,150,MM0 FF=0
15.7479,heen,150,MM1 FF=0
15.7679,heen,150,"#117,YAW,-2.27,GYRO,-49,-78,-32,ACC,1,6,290,ADC,1219,381,4,1,"
15.7679,heen,150,MM0 ?P
15.7680,heen,150,MM1 ?P
15.7680,heen,150,MM0 P=150:-150
15.7680,heen,150,MM1 P=150:-150
15.7680,heen,150,MM0 !M 150 -150
15.7680,heen,150,MM1 !M 150 -150
15.7680,heen,150,MM0 +
15.7680,heen,150,MM1 +
15.7680,heen,150,"#118,YAW,-2.27,GYRO,-19,108,-29,ACC,-3,0,258,ADC,1268,494,5,2,"
15.7889,heen,150,MM0 ?S
15.7889,heen,150,MM1 ?S
15.7889,heen,150,MM0 S=150:-150
15.7889,heen,150,MM1 S=150:-150
15.7889,heen,150,"#119,YAW,-2.27,GYRO,25,85,7,ACC,2,-14,221,ADC,1280,501,4,2,"
15.7889,heen,150,MM0 ?T
15.7889,heen,150,MM1 ?T
15.8099,heen,150,MM0 T=35:34
15.8100,heen,150,MM1 T=36:34
15.8100,heen,150,"#120,YAW,-2.27,GYRO,8,78,35,ACC,-3,-6,279,ADC,1258,394,4,1,"
15.8100,heen,150,MM0 ?V
15.8100,heen,150,MM1 ?V
15.8310,heen,150,MM0 V=120:223:4905
15.8310,heen,150,MM1 V=120:222:4899
15.8310,heen,150,"#121,YAW,-2.27,GYRO,-17,103,13,ACC,-9,9,283,ADC,1238,381,4,1,"
15.8310,heen,150,MM0 ?CR
15.8310,heen,150,MM1 ?CR
15.8310,heen,150,MM0 CR=34:-34
15.8649,heen,150,MM1 CR=34:-34
15.8649,heen,150,MM0 !M 150 -150
15.8649,heen,150,MM1 !M 150 -150
15.8649,heen,150,MM0 +
15.8649,heen,150,MM1 +
15.8649,heen,150,"#122,YAW,-2.27,GYRO,-53,-10,-20,ACC,4,20,227,ADC,1267,306,4,1,"
15.8649,heen,150,MM0 ?A
15.8649,heen,150,MM1 ?A
15.8649,heen,150,MM0 A=0:0
15.8649,heen,150,MM1 A=0:0
15.8860,heen,150,"#123,YAW,-2.27,GYRO,-22,-36,-34,ACC,0,3,266,ADC,1241,390,5,2,"
15.8860,heen,150,MM0 ?AI
15.8860,heen,150,MM1 ?AI
15.8860,heen,150,MM0 AI=0:0:2434:2441:0:0
15.8860,heen,150,MM1 AI=0:0:2322:2310:0:0
15.9069,heen,150,"#124,YAW,-2.27,GYRO,-79,-22,-38,ACC,2,0,283,ADC,1246,393,4,2,"
15.9069,heen,150,MM0 ?C
15.9069,heen,150,MM1 ?C
15.9070,heen,150,MM0 C=1563:-1557
15.9070,heen,150,MM1 C=3131:-3239
15.9070,heen,150,"$GPRMC,094111.8,A,5050.50837,N,00419.37429,E,000.37,223.8,021026,000.4,E*5E"
15.9279,heen,150,"#125,YAW,-2.27,GYRO,15,105,-16,ACC,2,-11,235,ADC,1212,292,7,2,"
15.9279,heen,150,MM0 ?D
15.9279,heen,150,MM1 ?D
15.9279,heen,150,MM0 D=16
15.9279,heen,150,MM1 D=51
15.9279,heen,150,"#126,YAW,-2.27,GYRO,-13,65,19,ACC,-4,-7,247,ADC,1242,502,5,2,"
15.9617,heen,150,MM0 ?FF
15.9618,heen,150,MM1 ?FF
15.9618,heen,150,MM0 FF=0
15.9618,heen,150,MM1 FF=0
15.9618,heen,150,MM0 !M 150 -150
15.9618,heen,150,MM1 !M 150 -150
15.9618,heen,150,MM0 +
15.9618,heen,150,MM1 +
15.9618,heen,150,"#127,YAW,-2.27,GYRO,17,118,35,ACC,3,4,253,ADC,1214,495,7,2,"
15.9618,heen,150,MM0 ?P
15.9618,heen,150,MM1 ?P
15.9618,heen,150,MM0 P=150:-150
15.9618,heen,150,MM1 P=150:-150
15.9831,heen,150,"#128,YAW,-2.27,GYRO,-2,126,9,ACC,-3,14,273,ADC,1265,492,4,1,"
15.9831,heen,150,MM0 ?S
15.9831,heen,150,MM1 ?S
15.9831,heen,150,MM1 S=150:-150
15.9831,heen,150,MM0 S=150:-75
16.0042,heen,150,"#129,YAW,-2.27,GYRO,-17,43,-27,ACC,1,14,251,ADC,1234,391,6,2,"
16.0042,heen,150,MM0 ?T
16.0042,heen,150,MM1 ?T
16.0042,heen,150,MM0 T=35:34
16.0042,heen,150,MM1 T=36:34
16.0271,heen,150,"#130,YAW,-2.27,GYRO,28,6,-36,ACC,-2,0,274,ADC,1225,396,6,2,"
16.0271,heen,150,MM0 ?V
16.0271,heen,150,MM1 ?V
16.0271,heen,150,MM0 V=120:223:4906
16.0271,heen,150,MM1 V=120:223:4900
16.0631,heen,150,"#131,YAW,-2.27,GYRO,-35,66,-33,ACC,-13,2,263,ADC,1249,404,4,1,"
16.0631,heen,150,MM1 ?CR
16.0631,heen,150,MM0 ?CR
16.0631,heen,150,MM1 CR=33:-33
16.0631,heen,150,MM0 CR=34:-33
16.0631,heen,150,MM0 !M 150 -150
16.0631,heen,150,MM1 !M 150 -150
16.0631,heen,150,MM1 +
16.0631,heen,150,MM0 +
16.0632,heen,150,"#132,YAW,-2.27,GYRO,0,109,-16,ACC,4,4,241,ADC,1249,399,6,2,"
16.0632,heen,150,MM0 ?A
16.0632,heen,150,MM1 ?A
16.0632,heen,150,MM0 A=0:0
16.0632,heen,150,MM1 A=5:0
16.0843,heen,150,"#133,YAW,-2.27,GYRO,-20,103,17,ACC,-73,42,286,ADC,1251,384,4,2,"
16.0843,heen,150,MM1 ?AI
16.0844,heen,150,MM0 ?AI
16.0844,heen,150,MM1 AI=0:0:2403:2353:0:0
16.0844,heen,150,MM0 AI=0:0:2428:2456:0:0
16.1049,heen,150,"#134,YAW,-2.27,GYRO,16,115,36,ACC,3,-17,293,ADC,1220,384,7,2,"
16.1050,heen,150,MM0 ?C
16.1050,heen,150,MM1 ?C
16.1050,heen,150,MM0 C=1595:-1590
16.1050,heen,150,MM1 C=3163:-3272
16.1050,heen,150,"$GPRMC,094112.0,A,5050.50837,N,00419.37432,E,000.35,223.8,021026,000.4,E*5D"
16.1262,heen,150,"#135,YAW,-2.27,GYRO,-46,59,16,ACC,3,5,248,ADC,1240,342,7,1,"
16.1262,heen,150,MM0 ?D
16.1262,heen,150,MM1 ?D
16.1263,heen,150,MM1 D=18
16.1263,heen,150,MM0 D=1
16.1800,heen,150,"#136,YAW,-2.27,GYRO,-3,-9,-19,ACC,-1,4,238,ADC,1221,386,5,1,"
16.1800,heen,150,MM1 ?FF
16.1800,heen,150,MM0 ?FF
16.1800,heen,150,MM1 FF=0
16.1800,heen,150,MM0 FF=0
16.1800,heen,150,"#137,YAW,-2.27,GYRO,-27,-65,-43,ACC,-12,3,272,ADC,1208,382,5,2,"
16.1800,heen,150,MM0 ?P
16.1800,heen,150,MM1 ?P
16.1800,heen,150,MM0 P=150:-150
16.1800,heen,150,MM1 P=150:-150
16.1800,heen,150,"#138,YAW,-2.27,GYRO,3,-28,-40,ACC,4,2,251,ADC,1225,499,6,1,"
16.1801,heen,150,MM0 ?S
16.1801,heen,150,MM1 ?S
16.1801,heen,150,MM1 S=150:-150
16.1801,heen,150,MM0 S=150:-75
16.2007,heen,150,"#139,YAW,-2.27,GYRO,-56,23,-18,ACC,1,6,234,ADC,1284,498,6,3,"
16.2007,heen,150,MM0 ?T
16.2007,heen,150,MM1 ?T
16.2007,heen,150,MM0 T=35:34
16.2007,heen,150,MM1 T=36:34
16.2217,heen,150,"#140,YAW,-2.27,GYRO,-26,67,2,ACC,3,6,263,ADC,1283,500,7,2,"
16.2217,heen,150,MM0 ?V
16.2217,heen,150,MM1 ?V
16.2217,heen,150,MM0 V=120:223:4905
16.2217,heen,150,MM1 V=120:222:4901
16.2740,heen,150,"#141,YAW,-2.27,GYRO,-9,70,20,ACC,0,-3,284,ADC,1223,381,7,2,"
16.2740,heen,150,MM1 ?CR
16.2740,heen,150,MM0 ?CR
16.2740,heen,150,MM1 CR=33:-33
16.2740,heen,150,MM0 CR=33:-33
16.2740,heen,150,MM1 !M 150 -150
16.2740,heen,150,MM0 !M 150 -150
16.2740,heen,150,MM1 +
16.2740,heen,150,MM0 +
16.2740,heen,150,MM0 PING
16.2740,heen,150,MM1 PING
16.2740,heen,150,"#142,YAW,-2.27,GYRO,23,101,5,ACC,3,-7,259,ADC,1243,389,5,2,"
16.2740,heen,150,MM1 ?A
16.2740,heen,150,MM0 ?A
16.2741,heen,150,MM1 A=0:0
16.2741,heen,150,MM0 A=0:0
16.2741,heen,150,"#143,YAW,-2.27,GYRO,18,87,-30,ACC,6,1,227,ADC,1244,397,5,2,"
16.2741,heen,150,MM1 ?AI
16.2741,heen,150,MM0 ?AI
16.2741,heen,150,MM1 AI=0:0:2367:2341:0:0
16.2741,heen,150,MM0 AI=0:0:2417:2434:0:0
16.2948,heen,150,"#144,YAW,-2.27,GYRO,20,-16,-45,ACC,8,3,254,ADC,1265,395,6,1,"
16.2948,heen,150,MM1 ?C
16.2948,heen,150,MM0 ?C
16.2948,heen,150,MM1 C=3197:-3305
16.2949,heen,150,MM0 C=1629:-1623
16.3186,heen,150,"$GPRMC,094112.2,A,5050.50837,N,00419.37435,E,000.33,223.8,021026,000.4,E*5E"
16.3186,heen,150,"#145,YAW,-2.26,GYRO,-6,-5,-52,ACC,-2,10,271,ADC,1229,323,4,1,"
16.3186,heen,150,MM0 ?D
16.3186,heen,150,MM1 ?D
16.3186,heen,150,MM0 D=35
16.3186,heen,150,MM1 D=1
16.3388,heen,150,"#146,YAW,-2.26,GYRO,-29,87,-51,ACC,-1,-5,267,ADC,1252,499,5,2,"
16.3388,heen,150,MM1 ?FF
16.3388,heen,150,MM0 ?FF
16.3388,heen,150,MM1 FF=0
16.3388,heen,150,MM0 FF=0
16.3388,heen,150,MM1 !M 150 -150
16.3388,heen,150,MM0 !M 150 -150
16.3388,heen,150,MM1 +
16.3388,heen,150,MM0 +
16.3388,heen,150,MM0 PING
16.3732,heen,150,MM1 PING
16.3732,heen,150,"#147,YAW,-2.26,GYRO,15,86,-15,ACC,-1,-21,236,ADC,1240,383,8,1,"
16.3732,heen,150,MM1 ?P
16.3732,heen,150,MM0 ?P
16.3732,heen,150,MM0 P=150:-150
16.3732,heen,150,MM1 P=150:-150
16.3732,heen,150,MM0 !M 150 -150
16.3732,heen,150,MM1 !M 150 -150
16.3732,heen,150,MM0 +
16.3732,heen,150,MM1 +
16.3732,heen,150,"#148,YAW,-2.26,GYRO,10,104,12,ACC,-2,0,258,ADC,1224,391,4,1,"
16.3732,heen,150,MM1 ?S
16.3732,heen,150,MM0 ?S
16.3733,heen,150,MM1 S=150:-150
16.3733,heen,150,MM0 S=150:-75
16.3937,heen,150,"#149,YAW,-2.26,GYRO,40,131,0,ACC,-6,10,262,ADC,1233,386,4,1,"
16.3937,heen,150,MM1 ?T
16.3937,heen,150,MM0 ?T
16.3938,heen,150,MM1 T=36:34
16.3938,heen,150,MM0 T=35:34
16.4147,heen,150,"#150,YAW,-2.26,GYRO,-18,43,-16,ACC,-10,25,265,ADC,1275,497,8,2,"
16.4147,heen,150,MM1 ?V
16.4147,heen,150,MM0 ?V
16.4147,heen,150,MM1 V=120:223:4900
16.4147,heen,150,MM0 V=120:223:4905
16.4362,heen,150,"#151,YAW,-2.26,GYRO,7,-68,-19,ACC,11,11,226,ADC,1268,392,4,2,"
16.4362,heen,150,MM1 ?CR
16.4362,heen,150,MM0 ?CR
16.4362,heen,150,MM1 CR=33:-33
16.4362,heen,150,MM0 CR=33:-33
16.4700,heen,150,"#152,YAW,-2.26,GYRO,-32,0,-17,ACC,3,3,255,ADC,1269,503,7,1,"
16.4700,heen,150,MM0 !M 150 -150
16.4701,heen,150,MM0 +
16.4701,heen,150,MM1 !M 150 -150
16.4701,heen,150,MM1 +
16.4701,heen,150,MM0 ?A
16.4701,heen,150,MM1 ?A
16.4701,heen,150,MM1 A=0:-4
16.4701,heen,150,MM0 A=0:0
16.4701,heen,150,"#153,YAW,-2.26,GYRO,-13,75,-17,ACC,3,-4,293,ADC,1257,383,5,2,"
16.4701,heen,150,MM1 ?AI
16.4701,heen,150,MM0 ?AI
16.4911,heen,150,MM1 AI=0:0:2358:2340:0:0
16.4911,heen,150,MM0 AI=0:0:2443:2413:0:0
16.4911,heen,150,"#154,YAW,-2.26,GYRO,18,57,-8,ACC,6,-14,238,ADC,1260,411,4,1,"
16.4911,heen,150,MM1 ?C
16.4911,heen,150,MM0 ?C
16.4912,heen,150,MM1 C=3230:-3337
16.5119,heen,150,MM0 C=1663:-1656
16.5119,heen,150,"$GPRMC,094112.4,A,5050.50837,N,00419.37437,E,000.30,223.8,021026,000.4,E*59"
16.5119,heen,150,"#155,YAW,-2.26,GYRO,3,90,8,ACC,-7,5,256,ADC,1228,392,4,2,"
16.5119,heen,150,MM1 ?D
16.5119,heen,150,MM0 ?D
16.5119,heen,150,MM1 D=35
16.5119,heen,150,MM0 D=24
16.5326,heen,150,"#156,YAW,-2.26,GYRO,28,111,-4,ACC,-7,22,271,ADC,1237,397,5,2,"
16.5326,heen,150,MM1 ?FF
16.5326,heen,150,MM0 ?FF
16.5326,heen,150,MM1 FF=0
16.5327,heen,150,MM0 FF=0
16.5671,heen,150,MM0 !M 150 -150
16.5671,heen,150,MM1 !M 150 -150
16.5671,heen,150,MM0 +
16.5671,heen,150,MM1 +
16.5671,heen,150,"#157,YAW,-2.26,GYRO,-84,-30,-14,ACC,4,29,247,ADC,1277,348,5,1,"
16.5671,heen,150,MM1 ?P
16.5671,heen,150,MM0 ?P
16.5671,heen,150,MM1 P=150:-150
16.5671,heen,150,MM0 P=150:-150
16.5881,heen,150,"#158,YAW,-2.26,GYRO,-15,-63,-5,ACC,3,3,251,ADC,1231,403,7,3,"
16.5881,heen,150,MM1 ?S
16.5882,heen,150,MM0 ?S
16.5882,heen,150,MM1 S=150:-150
16.5882,heen,150,MM0 S=150:-150
16.5882,heen,150,"#159,YAW,-2.26,GYRO,-73,-96,0,ACC,11,-13,248,ADC,1264,500,5,2,"
16.6089,heen,150,MM1 ?T
16.6089,heen,150,MM0 ?T
16.6089,heen,150,MM1 T=36:33
16.6089,heen,150,MM0 T=35:34
16.6089,heen,150,"#160,YAW,-2.26,GYRO,-17,29,6,ACC,6,-17,273,ADC,1282,500,8,2,"
16.6089,heen,150,MM1 ?V
16.6089,heen,150,MM0 ?V
16.6362,heen,150,MM1 V=120:223:4901
16.6362,heen,150,MM0 V=120:224:4904
16.6362,heen,150,"#161,YAW,-2.26,GYRO,-7,67,12,ACC,4,-2,236,ADC,1292,504,4,2,"
16.6362,heen,150,MM1 ?CR
16.6362,heen,150,MM0 ?CR
16.6508,heen,150,MM1 CR=34:-33
16.6508,heen,150,MM0 CR=34:-34
16.6508,heen,150,"#162,YAW,-2.26,GYRO,33,63,24,ACC,5,9,273,ADC,1221,405,4,2,"
16.6508,heen,150,MM1 ?A
16.6508,heen,150,MM0 ?A
16.6508,heen,150,MM1 A=0:0
16.6508,heen,150,MM0 A=0:0
16.6719,heen,150,"#163,YAW,-2.26,GYRO,-13,56,16,ACC,-6,18,266,ADC,1240,390,4,2,"
16.6719,heen,150,MM1 ?AI
16.6719,heen,150,MM0 ?AI
16.6719,heen,150,MM1 AI=0:0:2331:2355:0:0
16.6928,heen,150,MM0 AI=0:0:2434:2386:0:0
16.6928,heen,150,"#164,YAW,-2.26,GYRO,-36,-7,-2,ACC,5,21,236,ADC,1231,385,5,2,"
16.6928,heen,150,MM1 ?C
16.6928,heen,150,MM0 ?C
16.6928,heen,150,MM1 C=3264:-3371
16.6928,heen,150,MM0 C=1696:-1690
16.7138,heen,150,"$GPRMC,094112.6,A,5050.50837,N,00419.37440,E,000.29,223.8,021026,000.4,E*53"
16.7138,heen,150,"#165,YAW,-2.26,GYRO,-12,-24,-21,ACC,1,0,251,ADC,1251,329,6,2,"
16.7138,heen,150,MM1 ?D
16.7138,heen,150,MM0 ?D
16.7138,heen,150,MM1 D=50
16.7138,heen,150,MM0 D=9
16.7353,heen,150,"#166,YAW,-2.26,GYRO,-20,2,-17,ACC,4,-10,266,ADC,1267,389,6,2,"
16.7353,heen,150,MM1 ?FF
16.7353,heen,150,MM0 ?FF
16.7354,heen,150,MM1 FF=0
16.7354,heen,150,MM0 FF=0
16.7690,heen,150,MM0 !M 150 -150
16.7690,heen,150,MM1 !M 150 -150
16.7690,heen,150,MM0 +
16.7690,heen,150,MM1 +
16.7690,heen,150,MM0 PING
16.7690,heen,150,MM1 PING
16.7690,heen,150,"#167,YAW,-2.26,GYRO,-37,58,-12,ACC,6,4,248,ADC,1305,498,7,2,"
16.7691,heen,150,MM1 ?P
16.7691,heen,150,MM0 ?P
16.7691,heen,150,MM1 P=150:-150
16.7691,heen,150,MM0 P=150:-150
16.7691,heen,150,"#168,YAW,-2.26,GYRO,-11,72,-3,ACC,-7,12,252,ADC,1289,396,4,2,"
16.7691,heen,150,MM1 ?S
16.7691,heen,150,MM0 ?S
16.7899,heen,150,MM0 S=75:-75
16.7899,heen,150,MM1 S=150:-150
16.7899,heen,150,"#169,YAW,-2.26,GYRO,9,77,5,ACC,-2,5,293,ADC,1231,395,7,2,"
16.7899,heen,150,MM1 ?T
16.7899,heen,150,MM0 ?T
16.7899,heen,150,MM1 T=36:33
16.8111,heen,150,MM0 T=35:34
16.8111,heen,150,"#170,YAW,-2.26,GYRO,-5,85,-7,ACC,-8,4,264,ADC,1242,384,4,2,"
16.8111,heen,150,MM1 ?V
16.8111,heen,150,MM0 ?V
16.8111,heen,150,MM1 V=120:223:4901
16.8310,heen,150,MM0 V=120:223:4906
16.8310,heen,150,"#171,YAW,-2.26,GYRO,-18,6,-21,ACC,2,8,241,ADC,1270,499,5,1,"
16.8310,heen,150,MM0 ?CR
16.8310,heen,150,MM1 ?CR
16.8310,heen,150,MM0 CR=33:-33
16.8311,heen,150,MM1 CR=33:-33
16.8650,heen,150,MM0 !M 150 -150
16.8650,heen,150,MM1 !M 150 -150
16.8650,heen,150,MM0 +
16.8650,heen,150,MM1 +
16.8650,heen,150,MM0 PING
16.8650,heen,150,MM1 PING
16.8650,heen,150,MM0 !M 150 -150
16.8650,heen,150,MM1 !M 150 -150
16.8650,heen,150,MM0 +
16.8650,heen,150,MM1 +
16.8650,heen,150,"#172,YAW,-2.26,GYRO,-18,-62,-21,ACC,10,-3,253,ADC,1241,295,4,3,"
16.8650,heen,150,MM1 ?A
16.8650,heen,150,MM0 ?A
16.8650,heen,150,MM1 A=0:0
16.8650,heen,150,MM0 A=0:0
16.8861,heen,150,"#173,YAW,-2.26,GYRO,-27,-35,-12,ACC,10,-1,251,ADC,1260,387,4,2,"
16.8861,heen,150,MM0 ?AI
16.8861,heen,150,MM1 ?AI
16.8861,heen,150,MM0 AI=0:0:2401:2434:0:0
16.8861,heen,150,MM1 AI=0:0:2337:2327:0:0
16.9070,heen,150,"#174,YAW,-2.26,GYRO,19,10,11,ACC,9,1,257,ADC,1275,502,7,2,"
16.9071,heen,150,MM0 ?C
16.9071,heen,150,MM1 ?C
16.9071,heen,150,MM0 C=1730:-1723
16.9071,heen,150,MM1 C=3297:-3404
16.9071,heen,150,"$GPRMC,094112.8,A,5050.50836,N,00419.37443,E,000.30,223.8,021026,000.4,E*57"
16.9281,heen,150,"#175,YAW,-2.26,GYRO,-2,34,26,ACC,0,9,263,ADC,1232,381,7,2,"
16.9282,heen,150,MM0 ?D
16.9282,heen,150,MM1 ?D
16.9282,heen,150,MM0 D=50
16.9282,heen,150,MM1 D=1
16.9282,heen,150,"#176,YAW,-2.26,GYRO,12,87,18,ACC,8,6,251,ADC,1286,382,4,2,"
16.9282,heen,150,MM0 ?FF
16.9770,heen,150,MM1 ?FF
16.9770,heen,150,MM0 FF=0
16.9770,heen,150,MM1 FF=0
16.9770,heen,150,"#177,YAW,-2.26,GYRO,3,123,-16,ACC,4,1,264,ADC,1214,406,4,1,"
16.9770,heen,150,MM0 ?P
16.9770,heen,150,MM1 ?P
16.9770,heen,150,MM0 P=150:-150
16.9770,heen,150,MM1 P=150:-150
16.9770,heen,150,"#178,YAW,-2.26,GYRO,-34,31,-47,ACC,7,13,247,ADC,1266,502,3,2,"
16.9770,heen,150,MM0 ?S
16.9770,heen,150,MM1 ?S
16.9770,heen,150,MM0 S=150:-150
16.9770,heen,150,MM1 S=150:-75
16.9976,heen,150,"#179,YAW,-2.26,GYRO,-4,-49,-56,ACC,15,4,239,ADC,1248,385,5,2,"
16.9976,heen,150,MM0 ?T
16.9976,heen,150,MM1 ?T
16.9976,heen,150,MM0 T=35:34
16.9976,heen,150,MM1 T=36:33
17.0187,heen,150,"#180,YAW,-2.26,GYRO,-25,10,-46,ACC,7,-1,265,ADC,1250,387,4,2,"
17.0187,heen,150,MM0 ?V
17.0187,heen,150,MM1 ?V
17.0187,heen,150,MM0 V=120:223:4905
17.0187,heen,150,MM1 V=120:225:4900
17.0399,heen,150,"#181,YAW,-2.26,GYRO,-16,9,-11,ACC,-5,1,282,ADC,1210,381,4,1,"
17.0399,heen,150,MM0 ?CR
17.0399,heen,150,MM1 ?CR
17.0399,heen,150,MM0 CR=34:-34
17.0399,heen,150,MM1 CR=34:-34
17.0399,heen,150,MM0 !M 150 -150
17.0399,heen,150,MM1 !M 150 -150
17.0399,heen,150,MM0 +
17.0399,heen,150,MM1 +
17.0399,heen,150,MM1 PING
17.0738,heen,150,MM0 PING
17.0738,heen,150,"#182,YAW,-2.26,GYRO,25,4,20,ACC,-4,-3,239,ADC,1270,503,5,2,"
17.0738,heen,150,MM0 ?A
17.0738,heen,150,MM1 ?A
17.0738,heen,150,MM0 A=0:0
17.0738,heen,150,MM1 A=0:0
17.0738,heen,150,"#183,YAW,-2.26,GYRO,22,109,11,ACC,4,7,261,ADC,1260,392,4,2,"
17.0738,heen,150,MM0 ?AI
17.0738,heen,150,MM1 ?AI
17.0738,heen,150,MM0 AI=0:0:2417:2450:0:0
17.0948,heen,150,MM1 AI=0:0:2348:2349:0:0
17.0948,heen,150,"#184,YAW,-2.26,GYRO,19,76,-12,ACC,5,3,255,ADC,1239,400,6,1,"
17.0949,heen,150,MM0 ?C
17.0949,heen,150,MM1 ?C
17.0949,heen,150,MM0 C=1764:-1757
17.0949,heen,150,MM1 C=3331:-3438
17.1157,heen,150,"$GPRMC,094113.0,A,5050.50836,N,00419.37445,E,000.30,223.8,021026,000.4,E*58"
17.1157,heen,150,"#185,YAW,-2.26,GYRO,-48,17,-31,ACC,5,22,249,ADC,1252,328,3,2,"
17.1157,heen,150,MM0 ?D
17.1157,heen,150,MM1 ?D
17.1157,heen,150,MM0 D=17
17.1157,heen,150,MM1 D=43
17.1368,heen,150,"#186,YAW,-2.26,GYRO,8,9,-28,ACC,2,5,247,ADC,1304,393,5,2,"
17.1368,heen,150,MM0 ?FF
17.1368,heen,150,MM1 ?FF
17.1368,heen,150,MM0 FF=0
17.1369,heen,150,MM1 FF=0
17.1738,heen,150,"#187,YAW,-2.26,GYRO,-54,19,-11,ACC,7,-6,280,ADC,1310,396,4,2,"
17.1738,heen,150,MM0 ?P
17.1738,heen,150,MM0 P=150:-150
17.1739,heen,150,MM1 ?P
17.1739,heen,150,MM1 P=150:-150
17.1739,heen,150,MM0 !M 150 -150
17.1739,heen,150,MM0 +
17.1739,heen,150,MM1 !M 150 -150
17.1739,heen,150,MM1 +
17.1739,heen,150,MM1 PING
17.1739,heen,150,MM0 PING
17.1739,heen,150,"#188,YAW,-2.26,GYRO,-24,21,-1,ACC,-5,1,270,ADC,1264,502,5,2,"
17.1739,heen,150,MM0 ?S
17.1739,heen,150,MM1 ?S
17.1739,heen,150,MM1 S=150:-150
17.1739,heen,150,MM0 S=75:-150
17.1948,heen,150,"#189,YAW,-2.26,GYRO,7,90,-2,ACC,-4,-7,221,ADC,1277,385,5,2,"
17.1948,heen,150,MM0 ?T
17.1949,heen,150,MM1 ?T
17.1949,heen,150,MM0 T=35:34
17.1949,heen,150,MM1 T=36:34
17.2160,heen,150,"#190,YAW,-2.26,GYRO,3,120,-15,ACC,3,2,275,ADC,1239,389,5,2,"
17.2160,heen,150,MM0 ?V
17.2161,heen,150,MM1 ?V
17.2161,heen,150,MM0 V=120:223:4905
17.2161,heen,150,MM1 V=120:223:4900
17.2369,heen,150,"#191,YAW,-2.26,GYRO,-4,96,-26,ACC,-8,5,241,ADC,1271,503,5,2,"
17.2370,heen,150,MM0 ?CR
17.2370,heen,150,MM1 ?CR
17.2370,heen,150,MM0 CR=34:-33
17.2370,heen,150,MM1 CR=34:-33
17.2722,heen,150,MM0 !M 150 -150
17.2722,heen,150,MM1 !M 150 -150
17.2722,heen,150,MM0 +
17.2722,heen,150,MM1 +
17.2722,heen,150,MM0 PING
17.2722,heen,150,MM1 PING
17.2722,heen,150,"#192,YAW,-2.26,GYRO,-60,38,-35,ACC,-4,25,248,ADC,1243,333,4,2,"
17.2722,heen,150,MM0 ?A
17.2722,heen,150,MM1 ?A
17.2722,heen,150,MM0 A=0:0
17.2722,heen,150,MM1 A=0:0
17.2723,heen,150,"#193,YAW,-2.26,GYRO,-14,-34,-21,ACC,-2,-1,245,ADC,1214,381,7,2,"
17.2723,heen,150,MM0 ?AI
17.2723,heen,150,MM1 ?AI
17.2920,heen,150,MM0 AI=0:0:2424:2436:0:0
17.2920,heen,150,MM1 AI=0:0:2324:2318:0:0
17.2920,heen,150,"#194,YAW,-2.26,GYRO,-12,-20,5,ACC,1,-15,286,ADC,1249,396,7,2,"
17.2920,heen,150,MM0 ?C
17.2920,heen,150,MM1 ?C
17.2920,heen,150,MM0 C=1797:-1790
17.2920,heen,150,MM1 C=3365:-3470
17.3127,heen,150,"$GPRMC,094113.2,A,5050.50836,N,00419.37448,E,000.30,223.8,021026,000.4,E*57"
17.3127,heen,150,"#195,YAW,-2.26,GYRO,42,25,22,ACC,-6,-16,240,ADC,1243,406,4,2,"
17.3127,heen,150,MM0 ?D
17.3127,heen,150,MM1 ?D
17.3127,heen,150,MM1 D=48
17.3127,heen,150,MM0 D=3
17.3345,heen,150,"#196,YAW,-2.26,GYRO,37,123,31,ACC,9,1,227,ADC,1195,381,6,2,"
17.3345,heen,150,MM0 ?FF
17.3345,heen,150,MM1 ?FF
17.3345,heen,150,MM0 FF=0
17.3345,heen,150,MM1 FF=0
17.3680,heen,150,MM0 !M 150 -150
17.3680,heen,150,MM1 !M 150 -150
17.3680,heen,150,MM0 +
17.3680,heen,150,MM1 +
17.3680,heen,150,MM1 PING
17.3680,heen,150,MM0 PING
17.3680,heen,150,MM0 !M 150 -150
17.3680,heen,150,MM1 !M 150 -150
17.3680,heen,150,MM0 +
17.3680,heen,150,MM1 +
17.3680,heen,150,"#197,YAW,-2.26,GYRO,38,74,20,ACC,-7,8,258,ADC,1245,367,4,2,"
17.3680,heen,150,MM0 ?P
17.3680,heen,150,MM1 ?P
17.3680,heen,150,MM0 P=150:-150
17.3680,heen,150,MM1 P=150:-150
17.3680,heen,150,"#198,YAW,-2.26,GYRO,20,73,-9,ACC,-1,7,256,ADC,1234,398,5,1,"
17.3681,heen,150,MM0 ?S
17.3893,heen,150,MM1 ?S
17.3893,heen,150,MM0 S=150:-150
17.3893,heen,150,MM1 S=150:-75
17.3893,heen,150,"#199,YAW,-2.26,GYRO,-25,53,-43,ACC,-7,14,269,ADC,1238,425,5,2,"
17.3893,heen,150,MM0 ?T
17.3893,heen,150,MM1 ?T
17.4098,heen,150,MM0 T=35:34
17.4099,heen,150,MM1 T=36:34
17.4099,heen,150,"#200,YAW,-2.26,GYRO,-29,-29,-48,ACC,-1,6,237,ADC,1242,501,5,2,"
17.4099,heen,150,MM0 ?V
17.4099,heen,150,MM1 ?V
17.4308,heen,150,MM0 V=120:222:4904
17.4308,heen,150,MM1 V=120:223:4901
17.4308,heen,150,"#201,YAW,-2.26,GYRO,24,61,-24,ACC,21,-11,229,ADC,1272,501,5,1,"
17.4308,heen,150,MM0 ?CR
17.4308,heen,150,MM1 ?CR
17.4308,heen,150,MM0 CR=32:-32
17.4830,heen,150,MM1 CR=32:-32
17.4830,heen,150,"#202,YAW,-2.26,GYRO,-47,126,-1,ACC,17,4,309,ADC,1219,382,3,2,"
17.4830,heen,150,MM0 ?A
17.4830,heen,150,MM1 ?A
17.4830,heen,150,MM0 A=5:0
17.4830,heen,150,MM1 A=5:0
17.4830,heen,150,MM0 !M 150 -150
17.4830,heen,150,MM1 !M 150 -150
17.4830,heen,150,MM0 +
17.4830,heen,150,MM1 +
17.4830,heen,150,"#203,YAW,-2.26,GYRO,12,51,20,ACC,11,2,254,ADC,1222,381,4,1,"
17.4830,heen,150,MM0 ?AI
17.4830,heen,150,MM1 ?AI
17.4830,heen,150,MM0 AI=0:0:2434:2431:0:0
17.4830,heen,150,MM1 AI=0:0:2344:2350:0:0
17.5039,heen,150,"#204,YAW,-2.26,GYRO,-10,103,38,ACC,13,-1,214,ADC,1277,496,4,2,"
17.5039,heen,150,MM0 ?C
17.5039,heen,150,MM1 ?C
17.5039,heen,150,MM0 C=1829:-1822
17.5040,heen,150,MM1 C=3396:-3502
17.5040,heen,150,"$GPRMC,094113.4,A,5050.50835,N,00419.37450,E,000.30,223.8,021026,000.4,E*5B"
17.5256,heen,150,"#205,YAW,-2.26,GYRO,-12,81,19,ACC,0,-11,284,ADC,1219,383,4,2,"
17.5256,heen,150,MM0 ?D
17.5256,heen,150,MM1 ?D
17.5256,heen,150,MM1 D=50
17.5256,heen,150,MM0 D=3
17.5460,heen,150,"#206,YAW,-2.26,GYRO,-19,8,-7,ACC,3,-5,249,ADC,1285,500,4,1,"
17.5460,heen,150,MM0 ?FF
17.5460,heen,150,MM1 ?FF
17.5460,heen,150,MM0 FF=0
17.5460,heen,150,MM1 FF=0
17.5797,heen,150,"#207,YAW,-2.26,GYRO,-31,-43,-36,ACC,11,13,230,ADC,1243,388,7,2,"
17.5798,heen,150,MM0 ?P
17.5798,heen,150,MM1 ?P
17.5798,heen,150,MM0 P=150:-150
17.5798,heen,150,MM1 P=150:-150
17.5798,heen,150,"#208,YAW,-2.26,GYRO,-30,-12,-51,ACC,0,17,249,ADC,1247,499,5,1,"
17.5798,heen,150,MM0 ?S
17.5798,heen,150,MM1 ?S
17.5798,heen,150,MM0 S=150:-150
17.5798,heen,150,MM1 S=75:-150
17.6008,heen,150,"#209,YAW,-2.26,GYRO,-22,7,-26,ACC,-1,-2,313,ADC,1279,391,6,2,"
17.6008,heen,150,MM0 ?T
17.6008,heen,150,MM1 ?T
17.6008,heen,150,MM0 T=35:34
17.6008,heen,150,MM1 T=36:34
17.6217,heen,150,"#210,YAW,-2.26,GYRO,-20,62,9,ACC,-2,-7,228,ADC,1217,380,5,1,"
17.6218,heen,150,MM0 ?V
17.6218,heen,150,MM1 ?V
17.6218,heen,150,MM0 V=120:223:4905
17.6218,heen,150,MM1 V=120:223:4899
17.6429,heen,150,"#211,YAW,-2.26,GYRO,28,61,32,ACC,5,-9,240,ADC,1283,499,7,3,"
17.6429,heen,150,MM0 ?CR
17.6429,heen,150,MM1 ?CR
17.6429,heen,150,MM0 CR=34:-33
17.6429,heen,150,MM1 CR=32:-33
17.6429,heen,150,MM0 !M 150 -150
17.6429,heen,150,MM1 !M 150 -150
17.6430,heen,150,MM0 +
17.6430,heen,150,MM1 +
17.6430,heen,150,MM1 PING
17.6769,heen,150,MM0 PING
17.6769,heen,150,"#212,YAW,-2.26,GYRO,-19,108,27,ACC,8,3,285,ADC,1290,312,4,2,"
17.6769,heen,150,MM0 ?A
17.6769,heen,150,MM1 ?A
17.6769,heen,150,MM0 A=5:0
17.6769,heen,150,MM1 A=5:0
17.6769,heen,150,"#213,YAW,-2.26,GYRO,-23,27,2,ACC,-8,23,259,ADC,1232,500,5,2,"
17.6769,heen,150,MM0 ?AI
17.6769,heen,150,MM1 ?AI
17.6769,heen,150,MM0 AI=0:0:2413:2452:0:0
17.6769,heen,150,MM1 AI=0:0:2319:2340:0:0
17.6994,heen,150,"#214,YAW,-2.26,GYRO,-41,-21,-37,ACC,12,14,242,ADC,1284,499,7,2,"
17.6994,heen,150,MM0 ?C
17.6994,heen,150,MM1 ?C
17.6994,heen,150,MM0 C=1862:-1855
17.6995,heen,150,MM1 C=3429:-3536
17.7188,heen,150,"$GPRMC,094113.6,A,5050.50835,N,00419.37453,E,000.30,223.8,021026,000.4,E*5A"
17.7188,heen,150,"#215,YAW,-2.26,GYRO,-47,-2,-54,ACC,-4,-5,266,ADC,1248,499,4,2,"
17.7188,heen,150,MM0 ?D
17.7188,heen,150,MM1 ?D
17.7188,heen,150,MM0 D=32
17.7188,heen,150,MM1 D=17
17.7400,heen,150,"#216,YAW,-2.26,GYRO,-35,9,-29,ACC,0,-15,286,ADC,1219,381,5,2,"
17.7400,heen,150,MM0 ?FF
17.7400,heen,150,MM1 ?FF
17.7400,heen,150,MM0 FF=0
17.7400,heen,150,MM1 FF=0
17.7609,heen,150,"#217,YAW,-2.26,GYRO,-9,59,7,ACC,0,-1,220,ADC,1254,500,4,2,"
17.7609,heen,150,MM0 ?P
17.7609,heen,150,MM1 ?P
17.7609,heen,150,MM0 P=150:-150
17.7609,heen,150,MM1 P=150:-150
17.7609,heen,150,MM0 !M 150 -150
17.7609,heen,150,MM1 !M 150 -150
17.7609,heen,150,MM0 +
17.7609,heen,150,MM1 +
17.7609,heen,150,MM1 PING
17.7609,heen,150,MM0 PING
17.7817,heen,150,MM0 !M 150 -150
17.7817,heen,150,MM1 !M 150 -150
17.7818,heen,150,MM0 +
17.7818,heen,150,MM1 +
17.7818,heen,150,"#218,YAW,-2.26,GYRO,39,74,39,ACC,7,-4,260,ADC,1240,382,4,2,"
17.7818,heen,150,MM0 ?S
17.7818,heen,150,MM1 ?S
17.7818,heen,150,MM0 S=150:-150
17.7818,heen,150,MM1 S=150:-150
17.8030,heen,150,"#219,YAW,-2.26,GYRO,-6,116,21,ACC,0,7,283,ADC,1269,383,7,2,"
17.8030,heen,150,MM0 ?T
17.8030,heen,150,MM1 ?T
17.8030,heen,150,MM0 T=35:34
17.8030,heen,150,MM1 T=36:34
17.8238,heen,150,"#220,YAW,-2.26,GYRO,-8,51,-19,ACC,-7,16,248,ADC,1254,389,5,2,"
17.8238,heen,150,MM0 ?V
17.8238,heen,150,MM1 ?V
17.8238,heen,150,MM0 V=120:222:4904
17.8238,heen,150,MM1 V=120:222:4901
17.8449,heen,150,"#221,YAW,-2.26,GYRO,0,11,-50,ACC,12,1,234,ADC,1274,387,7,1,"
17.8449,heen,150,MM0 ?CR
17.8449,heen,150,MM1 ?CR
17.8449,heen,150,MM0 CR=32:-33
17.8449,heen,150,MM1 CR=33:-32
17.8788,heen,150,"#222,YAW,-2.26,GYRO,19,77,-46,ACC,1,-7,261,ADC,1286,407,6,2,"
17.8788,heen,150,MM0 ?A
17.8788,heen,150,MM1 ?A
17.8788,heen,150,MM1 A=5:-4
17.8788,heen,150,MM0 A=0:0
17.8788,heen,150,"#223,YAW,-2.26,GYRO,-39,45,-33,ACC,2,3,275,ADC,1254,384,5,1,"
17.8788,heen,150,MM0 ?AI
17.8788,heen,150,MM1 ?AI
17.8788,heen,150,MM0 AI=0:0:2424:2434:0:0
17.8788,heen,150,MM1 AI=0:0:2333:2355:0:0
17.8999,heen,150,"#224,YAW,-2.26,GYRO,12,64,4,ACC,-4,7,236,ADC,1227,502,6,2,"
17.8999,heen,150,MM0 ?C
17.8999,heen,150,MM1 ?C
17.8999,heen,150,MM0 C=1895:-1887
17.8999,heen,150,MM1 C=3462:-3568
17.9208,heen,150,"$GPRMC,094113.8,A,5050.50835,N,00419.37455,E,000.30,223.8,021026,000.4,E*52"
17.9208,heen,150,"#225,YAW,-2.26,GYRO,8,74,37,ACC,4,1,250,ADC,1261,395,5,2,"
17.9208,heen,150,MM0 ?D
17.9208,heen,150,MM1 ?D
17.9208,heen,150,MM0 D=32
17.9208,heen,150,MM1 D=17
17.9418,heen,150,"#226,YAW,-2.26,GYRO,28,97,40,ACC,5,2,269,ADC,1223,381,4,1,"
17.9419,heen,150,MM0 ?FF
17.9419,heen,150,MM1 ?FF
17.9419,heen,150,MM0 FF=0
17.9419,heen,150,MM1 FF=0
17.9419,heen,150,MM1 !M 150 -150
17.9419,heen,150,MM0 !M 150 -150
17.9757,heen,150,MM1 +
17.9758,heen,150,MM0 +
17.9758,heen,150,MM0 PING
17.9758,heen,150,MM1 PING
17.9758,heen,150,"#227,YAW,-2.26,GYRO,-21,10,7,ACC,5,16,243,ADC,1277,334,6,2,"
17.9758,heen,150,MM0 ?P
17.9758,heen,150,MM1 ?P
17.9758,heen,150,MM0 P=150:-150
17.9758,heen,150,MM1 P=150:-150
17.9758,heen,150,"#228,YAW,-2.26,GYRO,-6,20,-40,ACC,4,10,256,ADC,1283,401,6,1,"
17.9758,heen,150,MM0 ?S
17.9758,heen,150,MM1 ?S
17.9758,heen,150,MM0 S=150:-75
17.9758,heen,150,MM1 S=75:-150
17.9968,heen,150,"#229,YAW,-2.26,GYRO,-35,3,-61,ACC,8,12,232,ADC,1257,389,8,2,"
17.9968,heen,150,MM0 ?T
17.9968,heen,150,MM1 ?T
17.9968,heen,150,MM0 T=35:34
17.9968,heen,150,MM1 T=36:34
18.0177,heen,150,"#230,YAW,-2.26,GYRO,-23,-47,-50,ACC,15,4,268,ADC,1257,386,5,2,"
18.0177,heen,150,MM0 ?V
18.0177,heen,150,MM1 ?V
18.0177,heen,150,MM0 V=120:222:4906
18.0178,heen,150,MM1 V=120:223:4900
18.0387,heen,150,"#231,YAW,-2.26,GYRO,-34,14,-19,ACC,-3,-4,261,ADC,1262,386,6,2,"
18.0387,heen,150,MM0 ?CR
18.0387,heen,150,MM1 ?CR
18.0387,heen,150,MM0 CR=33:-32
18.0387,heen,150,MM1 CR=33:-32
18.0735,heen,150,MM0 !M 150 -150
18.0736,heen,150,MM1 !M 150 -150
18.0736,heen,150,MM0 +
18.0736,heen,150,MM1 +
18.0736,heen,150,MM1 PING
18.0736,heen,150,MM0 PING
18.0736,heen,150,"#232,YAW,-2.26,GYRO,-4,32,10,ACC,4,-3,250,ADC,1263,342,4,1,"
18.0736,heen,150,MM0 ?A
18.0736,heen,150,MM1 ?A
18.0736,heen,150,MM0 A=0:0
18.0736,heen,150,MM1 A=5:0
18.0736,heen,150,"#233,YAW,-2.26,GYRO,0,46,21,ACC,8,-4,261,ADC,1257,384,5,2,"
18.0736,heen,150,MM0 ?AI
18.0736,heen,150,MM1 ?AI
18.0736,heen,150,MM0 AI=0:0:2431:2427:0:0
18.0938,heen,150,MM1 AI=0:0:2335:2334:0:0
18.0938,heen,150,"#234,YAW,-2.26,GYRO,31,90,5,ACC,10,5,233,ADC,1294,502,4,1,"
18.0938,heen,150,MM1 ?C
18.0938,heen,150,MM0 ?C
18.0938,heen,150,MM1 C=3494:-3600
18.0938,heen,150,MM0 C=1928:-1920
18.1153,heen,150,"$GPRMC,094114.0,A,5050.50834,N,00419.37458,E,000.29,223.8,021026,000.4,E*59"
18.1153,heen,150,"#235,YAW,-2.26,GYRO,7,88,-33,ACC,-6,8,273,ADC,1244,390,5,2,"
18.1153,heen,150,MM0 ?D
18.1153,heen,150,MM1 ?D
18.1153,heen,150,MM0 D=49
18.1153,heen,150,MM1 D=19
18.1358,heen,150,"#236,YAW,-2.26,GYRO,-6,8,-59,ACC,10,15,238,ADC,1253,399,7,2,"
18.1359,heen,150,MM0 ?FF
18.1359,heen,150,MM1 ?FF
18.1359,heen,150,MM0 FF=0
18.1359,heen,150,MM1 FF=0
18.1730,heen,150,"#237,YAW,-2.25,GYRO,4,41,-52,ACC,21,-2,238,ADC,1229,382,6,2,"
18.1730,heen,150,MM0 ?P
18.1730,heen,150,MM0 P=150:-150
18.1730,heen,150,MM1 ?P
18.1730,heen,150,MM0 !M 150 -150
18.1730,heen,150,MM1 P=150:-150
18.1730,heen,150,MM0 +
18.1730,heen,150,MM1 !M 150 -150
18.1730,heen,150,MM1 +
18.1730,heen,150,MM0 PING
18.1730,heen,150,MM1 PING
18.1730,heen,150,MM0 !M 150 -150
18.1730,heen,150,MM1 !M 150 -150
18.1730,heen,150,MM1 +
18.1730,heen,150,MM0 +
18.1730,heen,150,"#238,YAW,-2.25,GYRO,-16,72,-36,ACC,-7,-10,325,ADC,1273,336,6,2,"
18.1730,heen,150,MM0 ?S
18.1730,heen,150,MM1 ?S
18.1730,heen,150,MM0 S=75:-75
18.1730,heen,150,MM1 S=150:-150
18.1939,heen,150,"#239,YAW,-2.25,GYRO,25,86,-9,ACC,2,-9,224,ADC,1207,381,6,2,"
18.1939,heen,150,MM0 ?T
18.1939,heen,150,MM1 ?T
18.1939,heen,150,MM0 T=35:34
18.1939,heen,150,MM1 T=36:34
18.2148,heen,150,"#240,YAW,-2.25,GYRO,20,100,18,ACC,-7,2,254,ADC,1259,501,5,2,"
18.2148,heen,150,MM0 ?V
18.2148,heen,150,MM1 ?V
18.2148,heen,150,MM0 V=120:223:4905
18.2148,heen,150,MM1 V=120:223:4900
18.2357,heen,150,"#241,YAW,-2.25,GYRO,8,95,5,ACC,0,15,270,ADC,1258,387,4,2,"
18.2357,heen,150,MM0 ?CR
18.2357,heen,150,MM1 ?CR
18.2357,heen,150,MM0 CR=33:-32
18.2357,heen,150,MM1 CR=32:-32
18.2700,heen,150,"#242,YAW,-2.25,GYRO,-9,67,-19,ACC,-12,15,276,ADC,1194,380,5,2,"
18.2700,heen,150,MM0 !M 150 -150
18.2700,heen,150,MM0 +
18.2700,heen,150,MM1 !M 150 -150
18.2700,heen,150,MM1 +
18.2700,heen,150,MM0 ?A
18.2700,heen,150,MM1 ?A
18.2700,heen,150,MM0 A=0:0
18.2700,heen,150,MM1 A=5:0
18.2701,heen,150,"#243,YAW,-2.25,GYRO,-42,-3,-22,ACC,14,7,225,ADC,1242,412,5,2,"
18.2701,heen,150,MM0 ?AI
18.2701,heen,150,MM1 ?AI
18.2909,heen,150,MM0 AI=0:0:2445:2437:0:0
18.2909,heen,150,MM1 AI=0:0:2337:2257:0:0
18.2909,heen,150,"#244,YAW,-2.25,GYRO,-28,-12,-21,ACC,10,6,218,ADC,1246,501,6,2,"
18.2909,heen,150,MM0 ?C
18.2910,heen,150,MM1 ?C
18.2910,heen,150,MM0 C=1961:-1952
18.3131,heen,150,MM1 C=3527:-3632
18.3132,heen,150,"$GPRMC,094114.2,A,5050.50833,N,00419.37460,E,000.31,223.8,021026,000.4,E*5E"
18.3132,heen,150,"#245,YAW,-2.25,GYRO,5,43,-13,ACC,2,-17,324,ADC,1290,393,4,2,"
18.3132,heen,150,MM0 ?D
18.3132,heen,150,MM1 ?D
18.3132,heen,150,MM0 D=51
18.3132,heen,150,MM1 D=19
18.3326,heen,150,"#246,YAW,-2.25,GYRO,25,99,-3,ACC,0,-15,237,ADC,1218,501,4,2,"
18.3327,heen,150,MM0 ?FF
18.3327,heen,150,MM1 ?FF
18.3327,heen,150,MM0 FF=0
18.3327,heen,150,MM1 FF=0
18.3830,heen,150,"#247,YAW,-2.25,GYRO,20,72,10,ACC,9,4,215,ADC,1248,389,6,2,"
18.3830,heen,150,MM0 ?P
18.3830,heen,150,MM1 ?P
18.3830,heen,150,MM0 P=150:-150
18.3830,heen,150,MM1 P=150:-150
18.3830,heen,150,MM0 !M 150 -150
18.3830,heen,150,MM1 !M 150 -150
18.3830,heen,150,MM0 +
18.3830,heen,150,MM1 +
18.3830,heen,150,"#248,YAW,-2.25,GYRO,-5,76,-1,ACC,-6,21,264,ADC,1267,500,4,2,"
18.3830,heen,150,MM0 ?S
18.3830,heen,150,MM1 ?S
18.3830,heen,150,MM1 S=150:-150
18.3830,heen,150,MM0 S=75:-150
18.4038,heen,150,"#249,YAW,-2.25,GYRO,-10,69,-14,ACC,-11,21,286,ADC,1248,390,5,2,"
18.4038,heen,150,MM0 ?T
18.4038,heen,150,MM1 ?T
18.4038,heen,150,MM0 T=35:34
18.4038,heen,150,MM1 T=36:34
18.4247,heen,150,"#250,YAW,-2.25,GYRO,-68,-31,-13,ACC,13,14,229,ADC,1265,397,5,2,"
18.4247,heen,150,MM0 ?V
18.4247,heen,150,MM1 ?V
18.4248,heen,150,MM0 V=120:222:4905
18.4248,heen,150,MM1 V=120:222:4901
18.4457,heen,150,"#251,YAW,-2.25,GYRO,-69,-71,-4,ACC,14,0,229,ADC,1224,381,5,1,"
18.4457,heen,150,MM0 ?CR
18.4457,heen,150,MM1 ?CR
18.4457,heen,150,MM0 CR=32:-33
18.4457,heen,150,MM1 CR=33:-33
18.4799,heen,150,"#252,YAW,-2.25,GYRO,-42,-71,7,ACC,7,-4,293,ADC,1220,394,5,2,"
18.4799,heen,150,MM0 ?A
18.4799,heen,150,MM1 ?A
18.4799,heen,150,MM0 A=0:0
18.4799,heen,150,MM1 A=5:0
18.4799,heen,150,"#253,YAW,-2.25,GYRO,5,63,15,ACC,8,-15,257,ADC,1256,500,3,2,"
18.4799,heen,150,MM0 ?AI
18.4800,heen,150,MM1 ?AI
18.4800,heen,150,MM1 AI=0:0:2330:2352:0:0
18.4800,heen,150,MM0 AI=0:0:2402:2443:0:0
18.5008,heen,150,"#254,YAW,-2.26,GYRO,25,61,23,ACC,11,-1,227,ADC,1288,500,6,2,"
18.5008,heen,150,MM0 ?C
18.5009,heen,150,MM1 ?C
18.5009,heen,150,MM0 C=1993:-1984
18.5009,heen,150,MM1 C=3559:-3665
18.5009,heen,150,"$GPRMC,094114.4,A,5050.50833,N,00419.37463,E,000.35,223.8,021026,000.4,E*5F"
18.5225,heen,150,"#255,YAW,-2.26,GYRO,10,46,24,ACC,-4,16,276,ADC,1267,385,5,2,"
18.5225,heen,150,MM0 ?D
18.5226,heen,150,MM1 ?D
18.5226,heen,150,MM0 D=19
18.5226,heen,150,MM1 D=3
18.5441,heen,150,"#0,YAW,-2.26,GYRO,-18,8,8,ACC,-7,31,264,ADC,1217,389,6,2,"
18.5441,heen,150,MM0 ?FF
18.5442,heen,150,MM1 ?FF
18.5442,heen,150,MM0 FF=0
18.5442,heen,150,MM1 FF=0
18.5815,heen,150,"#1,YAW,-2.26,GYRO,-31,-18,-15,ACC,7,20,230,ADC,1240,498,3,1,"
18.5815,heen,150,MM1 ?P
18.5815,heen,150,MM0 ?P
18.5815,heen,150,MM1 P=150:-150
18.5815,heen,150,MM0 P=150:-150
18.5815,heen,150,MM0 !M 150 -150
18.5815,heen,150,MM1 !M 150 -150
18.5815,heen,150,MM0 +
18.5815,heen,150,MM1 +
18.5815,heen,150,MM1 PING
18.5815,heen,150,MM0 PING
18.5815,heen,150,"#2,YAW,-2.26,GYRO,-49,16,-26,ACC,1,-2,255,ADC,1242,389,6,1,"
18.5815,heen,150,MM1 ?S
18.5815,heen,150,MM0 ?S
18.5815,heen,150,MM1 S=150:-150
18.5816,heen,150,MM0 S=75:-150
18.6017,heen,150,"#3,YAW,-2.26,GYRO,-21,54,-15,ACC,4,-12,273,ADC,1257,502,3,1,"
18.6017,heen,150,MM1 ?T
18.6017,heen,150,MM0 ?T
18.6017,heen,150,MM1 T=36:34
18.6017,heen,150,MM0 T=35:34
18.6231,heen,150,"#4,YAW,-2.26,GYRO,-14,41,0,ACC,2,2,270,ADC,1268,501,5,2,"
18.6231,heen,150,MM1 ?V
18.6231,heen,150,MM0 ?V
18.6232,heen,150,MM1 V=120:223:4900
18.6232,heen,150,MM0 V=120:221:4905
18.6439,heen,150,"#5,YAW,-2.26,GYRO,4,61,12,ACC,14,6,218,ADC,1286,387,4,2,"
18.6439,heen,150,MM1 ?CR
18.6439,heen,150,MM0 ?CR
18.6439,heen,150,MM1 CR=32:-32
18.6439,heen,150,MM0 CR=33:-32
18.6782,heen,150,"#6,YAW,-2.26,GYRO,22,117,10,ACC,-3,2,277,ADC,1260,382,9,2,"
18.6782,heen,150,MM1 ?A
18.6782,heen,150,MM0 ?A
18.6782,heen,150,MM1 A=5:0
18.6782,heen,150,MM0 A=5:0
18.6782,heen,150,MM1 !M 150 -150
18.6782,heen,150,MM0 !M 150 -150
18.6782,heen,150,MM1 +
18.6782,heen,150,MM0 +
18.6782,heen,150,MM0 PING
18.6782,heen,150,MM1 PING
18.6782,heen,150,MM0 !M 150 -150
18.6783,heen,150,MM1 !M 150 -150
18.6783,heen,150,MM0 +
18.6783,heen,150,MM1 +
18.6783,heen,150,"#7,YAW,-2.26,GYRO,-23,66,-11,ACC,6,10,260,ADC,1264,319,4,2,"
18.6783,heen,150,MM1 ?AI
18.6783,heen,150,MM0 ?AI
18.6783,heen,150,MM1 AI=0:0:2324:2343:0:0
18.6783,heen,150,MM0 AI=0:0:2411:2422:0:0
18.6990,heen,150,"#8,YAW,-2.26,GYRO,-30,7,-35,ACC,14,11,253,ADC,1261,395,7,2,"
18.6990,heen,150,MM1 ?C
18.6990,heen,150,MM0 ?C
18.6990,heen,150,MM1 C=3591:-3697
18.6990,heen,150,MM0 C=2026:-2017
18.7200,heen,150,"$GPRMC,094114.6,A,5050.50832,N,00419.37466,E,000.38,223.8,021026,000.4,E*54"
18.7200,heen,150,"#9,YAW,-2.25,GYRO,-22,1,-26,ACC,18,3,230,ADC,1260,386,6,2,"
18.7200,heen,150,MM1 ?D
18.7200,heen,150,MM0 ?D
18.7200,heen,150,MM0 D=26
18.7201,heen,150,MM1 D=2
18.7436,heen,150,"#10,YAW,-2.25,GYRO,-12,60,-4,ACC,6,-1,274,ADC,1300,401,4,2,"
18.7437,heen,150,MM1 ?FF
18.7437,heen,150,MM0 ?FF
18.7437,heen,150,MM1 FF=0
18.7437,heen,150,MM0 FF=0
18.7779,heen,150,"#11,YAW,-2.26,GYRO,43,4,20,ACC,12,-6,264,ADC,1226,498,5,2,"
18.7779,heen,150,MM1 ?P
18.7779,heen,150,MM0 ?P
18.7779,heen,150,MM1 P=150:-150
18.7779,heen,150,MM0 P=150:-150
18.7779,heen,150,MM1 !M 150 -150
18.7779,heen,150,MM0 !M 150 -150
18.7779,heen,150,MM1 +
18.7779,heen,150,MM0 +
18.7779,heen,150,"#12,YAW,-2.26,GYRO,21,-18,45,ACC,-2,7,256,ADC,1220,381,5,2,"
18.7779,heen,150,MM1 ?S
18.7780,heen,150,MM0 ?S
18.7780,heen,150,MM1 S=150:-150
18.7780,heen,150,MM0 S=75:-150
18.7990,heen,150,"#13,YAW,-2.26,GYRO,12,103,27,ACC,-1,16,247,ADC,1246,392,5,1,"
18.7990,heen,150,MM1 ?T
18.7990,heen,150,MM0 ?T
18.7990,heen,150,MM1 T=36:34
18.7990,heen,150,MM0 T=35:34
18.8197,heen,150,"#14,YAW,-2.26,GYRO,-4,146,-16,ACC,4,10,276,ADC,1273,501,6,2,"
18.8197,heen,150,MM1 ?V
18.8197,heen,150,MM0 ?V
18.8197,heen,150,MM1 V=120:224:4899
18.8198,heen,150,MM0 V=120:226:4906
18.8406,heen,150,"#15,YAW,-2.26,GYRO,-27,28,-52,ACC,11,10,241,ADC,1315,386,7,1,"
18.8406,heen,150,MM1 ?CR
18.8407,heen,150,MM0 ?CR
18.8407,heen,150,MM1 CR=33:-33
18.8407,heen,150,MM0 CR=33:-33
18.8749,heen,150,"#16,YAW,-2.25,GYRO,-15,29,-63,ACC,18,1,236,ADC,1282,400,8,1,"
18.8749,heen,150,MM1 ?A
18.8749,heen,150,MM0 ?A
18.8749,heen,150,MM1 A=0:0
18.8749,heen,150,MM0 A=0:0
18.8749,heen,150,"#17,YAW,-2.25,GYRO,-27,26,-43,ACC,8,-1,291,ADC,1260,391,5,1,"
18.8749,heen,150,MM1 ?AI
18.8749,heen,150,MM0 ?AI
18.8749,heen,150,MM1 AI=0:0:2344:2323:0:0
18.8749,heen,150,MM0 AI=0:0:2412:2435:0:0
18.8959,heen,150,"#18,YAW,-2.25,GYRO,23,8,0,ACC,-5,-4,275,ADC,1267,382,5,2,"
18.8959,heen,150,MM1 ?C
18.8959,heen,150,MM0 ?C
18.8959,heen,150,MM1 C=3625:-3730
18.8959,heen,150,MM0 C=2059:-2050
18.9167,heen,150,"$GPRMC,094114.8,A,5050.50830,N,00419.37469,E,000.40,223.8,021026,000.4,E*58"
18.9167,heen,150,"#19,YAW,-2.25,GYRO,3,35,26,ACC,10,4,225,ADC,1235,381,6,2,"
18.9167,heen,150,MM1 ?D
18.9167,heen,150,MM0 ?D
18.9167,heen,150,MM1 D=32
18.9167,heen,150,MM0 D=1
18.9391,heen,150,"#20,YAW,-2.26,GYRO,44,110,14,ACC,3,-1,260,ADC,1247,499,4,2,"
18.9392,heen,150,MM1 ?FF
18.9392,heen,150,MM0 ?FF
18.9392,heen,150,MM1 FF=0
18.9392,heen,150,MM0 FF=0
18.9919,heen,150,"#21,YAW,-2.26,GYRO,-17,58,0,ACC,4,3,262,ADC,1245,503,6,2,"
18.9919,heen,150,MM1 ?P
18.9919,heen,150,MM0 ?P
18.9919,heen,150,MM1 P=150:-150
18.9919,heen,150,MM0 P=150:-150
18.9919,heen,150,MM0 !M 150PING
18.9919,heen,150,MM1 !M 150PING
18.9919,heen,150,MM0 +
18.9919,heen,150,MM1 +
18.9919,heen,150,"#22,YAW,-2.26,GYRO,-14,34,-30,ACC,3,8,270,ADC,1257,386,8,2,"
18.9919,heen,150,MM0 ?S
18.9919,heen,150,MM1 ?S
18.9919,heen,150,MM1 S=75:-75
18.9919,heen,150,MM0 S=150:-75
18.9919,heen,150,MM1 !M 150 -150
18.9919,heen,150,MM0 !M 150 -150
18.9919,heen,150,MM0 +
18.9919,heen,150,MM1 +
18.9919,heen,150,"#23,YAW,-2.26,GYRO,-17,46,-40,ACC,9,2,234,ADC,1249,493,3,1,"
18.9919,heen,150,MM1 ?T
18.9919,heen,150,MM0 ?T
18.9919,heen,150,MM1 T=36:34
18.9919,heen,150,MM0 T=35:34
19.0129,heen,150,"#24,YAW,-2.26,GYRO,-43,45,-18,ACC,6,0,277,ADC,1283,388,4,2,"
19.0129,heen,150,MM1 ?V
19.0129,heen,150,MM0 ?V
19.0129,heen,150,MM1 V=120:223:4901
19.0340,heen,150,MM0 V=120:223:4906
19.0340,heen,150,"#25,YAW,-2.26,GYRO,-2,30,-2,ACC,-5,3,286,ADC,1310,503,5,1,"
19.0340,heen,150,MM1 ?CR
19.0340,heen,150,MM0 ?CR
19.0340,heen,150,MM1 CR=34:-33
19.0340,heen,150,MM0 CR=34:-33
19.0880,heen,150,"#26,YAW,-2.26,GYRO,-12,61,9,ACC,4,0,213,ADC,1271,381,5,2,"
19.0880,heen,150,MM1 ?A
19.0880,heen,150,MM0 ?A
19.0880,heen,150,MM1 A=5:0
19.0880,heen,150,MM0 A=0:0
19.0880,heen,150,MM1 !M 150 -150
19.0880,heen,150,MM0 !M 150 -150
19.0880,heen,150,MM1 +
19.0880,heen,150,MM0 +
19.0880,heen,150,"#27,YAW,-2.26,GYRO,7,125,1,ACC,0,-4,279,ADC,1249,361,5,2,"
19.0880,heen,150,MM1 ?AI
19.0880,heen,150,MM0 ?AI
19.0880,heen,150,MM1 AI=0:0:2312:2306:0:0
19.0880,heen,150,MM0 AI=0:0:2422:2420:0:0
19.0880,heen,150,"#28,YAW,-2.26,GYRO,-15,107,-19,ACC,-6,4,260,ADC,1245,395,5,2,"
19.1091,heen,150,MM1 ?C
19.1091,heen,150,MM0 ?C
19.1091,heen,150,MM1 C=3658:-3763
19.1091,heen,150,MM0 C=2093:-2083
19.1091,heen,150,"$GPRMC,094115.0,A,5050.50829,N,00419.37472,E,000.40,223.8,021026,000.4,E*53"
19.1091,heen,150,"#29,YAW,-2.26,GYRO,-33,45,-43,ACC,4,13,248,ADC,1198,333,4,1,"
19.1091,heen,150,MM0 ?D
19.1091,heen,150,MM1 ?D
19.1302,heen,150,MM0 D=35
19.1302,heen,150,MM1 D=51
19.1302,heen,150,"#30,YAW,-2.26,GYRO,-34,-4,-45,ACC,5,10,245,ADC,1266,501,5,2,"
19.1302,heen,150,MM1 ?FF
19.1302,heen,150,MM0 ?FF
19.1302,heen,150,MM1 FF=0
19.1508,heen,150,MM0 FF=0
19.1508,heen,150,"#31,YAW,-2.26,GYRO,-3,-6,-17,ACC,-2,-8,273,ADC,1239,408,5,2,"
19.1508,heen,150,MM1 ?P
19.1508,heen,150,MM0 ?P
19.1849,heen,150,MM1 P=150:-150
19.1850,heen,150,MM0 P=150:-150
19.1850,heen,150,MM1 !M 150 -150
19.1850,heen,150,MM0 !M 150 -150
19.1850,heen,150,MM1 +
19.1850,heen,150,MM0 +
19.1850,heen,150,"#32,YAW,-2.26,GYRO,16,24,20,ACC,0,-17,233,ADC,1216,387,4,1,"
19.1850,heen,150,MM1 ?S
19.1850,heen,150,MM0 ?S
19.1851,heen,150,MM0 S=150:-150
19.1851,heen,150,MM1 S=75:-150
19.2067,heen,150,"#33,YAW,-2.27,GYRO,48,102,48,ACC,8,-3,232,ADC,1248,393,4,1,"
19.2067,heen,150,MM1 ?T
19.2067,heen,150,MM0 ?T
19.2067,heen,150,MM1 T=36:34
19.2067,heen,150,MM0 T=35:34
19.2269,heen,150,"#34,YAW,-2.27,GYRO,35,70,33,ACC,-2,5,277,ADC,1267,387,5,1,"
19.2269,heen,150,MM0 ?V
19.2269,heen,150,MM1 ?V
19.2270,heen,150,MM0 V=120:222:4905
19.2270,heen,150,MM1 V=120:223:4900
19.2478,heen,150,"#35,YAW,-2.27,GYRO,-9,57,-10,ACC,-4,17,240,ADC,1273,403,5,2,"
19.2478,heen,150,MM0 ?CR
19.2478,heen,150,MM1 ?CR
19.2479,heen,150,MM0 CR=32:-33
19.2479,heen,150,MM1 CR=32:-32
19.2479,heen,150,"#36,YAW,-2.26,GYRO,-30,35,-61,ACC,3,17,252,ADC,1223,389,4,1,"
19.2818,heen,150,MM0 ?A
19.2818,heen,150,MM1 ?A
19.2818,heen,150,MM0 A=0:0
19.2818,heen,150,MM1 A=0:0
19.2818,heen,150,MM0 !M 150 -150
19.2818,heen,150,MM1 !M 150 -150
19.2818,heen,150,MM0 +
19.2818,heen,150,MM1 +
19.2818,heen,150,"#37,YAW,-2.26,GYRO,-27,21,-67,ACC,2,3,246,ADC,1269,501,4,2,"
19.2818,heen,150,MM0 ?AI
19.2818,heen,150,MM1 ?AI
19.2818,heen,150,MM0 AI=0:0:2421:2434:0:0
19.2818,heen,150,MM1 AI=0:0:2333:2363:0:0
19.3026,heen,150,"#38,YAW,-2.26,GYRO,23,108,-33,ACC,1,-22,259,ADC,1234,500,6,3,"
19.3026,heen,150,MM0 ?C
19.3027,heen,150,MM1 ?C
19.3027,heen,150,MM0 C=2125:-2115
19.3027,heen,150,MM1 C=3690:-3794
19.3027,heen,150,"$GPRMC,094115.2,A,5050.50828,N,00419.37475,E,000.40,223.8,021026,000.4,E*57"
19.3242,heen,150,"#39,YAW,-2.26,GYRO,-12,10,64,ACC,-57,-2,292,ADC,1246,329,4,1,"
19.3242,heen,150,MM0 ?D
19.3242,heen,150,MM1 ?D
19.3242,heen,150,MM0 D=33
19.3242,heen,150,MM1 D=33
19.3450,heen,150,"#40,YAW,-2.27,GYRO,30,-10,148,ACC,-56,5,244,ADC,1243,381,4,2,"
19.3450,heen,150,MM0 ?FF
19.3450,heen,150,MM1 ?FF
19.3450,heen,150,MM0 FF=0
19.3451,heen,150,MM1 FF=0
19.3818,heen,150,"#41,YAW,-2.28,GYRO,8,-90,130,ACC,-97,-3,293,ADC,1248,400,6,2,"
19.3819,heen,150,MM0 ?P
19.3819,heen,150,MM1 ?P
19.3819,heen,150,MM0 P=150:-150
19.3819,heen,150,MM1 P=150:-150
19.3819,heen,150,MM1 !M 150 -150
19.3819,heen,150,MM0 !M 150 -150
19.3819,heen,150,MM1 +
19.3819,heen,150,MM0 +
19.3819,heen,150,"#42,YAW,-2.28,GYRO,-54,-286,34,ACC,-95,24,330,ADC,1252,501,6,2,"
19.3819,heen,150,MM0 ?S
19.3819,heen,150,MM1 ?S
19.3819,heen,150,MM0 S=75:-75
19.3819,heen,150,MM1 S=75:-75
19.4039,heen,150,"#43,YAW,-2.28,GYRO,-2,-463,-42,ACC,-62,24,265,ADC,1266,498,5,1,"
19.4039,heen,150,MM0 ?T
19.4039,heen,150,MM1 ?T
19.4039,heen,150,MM0 T=35:34
19.4039,heen,150,MM1 T=36:34
19.4238,heen,150,"#44,YAW,-2.28,GYRO,4,-410,-73,ACC,-14,1,210,ADC,1225,388,5,2,"
19.4238,heen,150,MM0 ?V
19.4238,heen,150,MM1 ?V
19.4238,heen,150,MM0 V=120:223:4905
19.4238,heen,150,MM1 V=120:221:4901
19.4465,heen,150,"#45,YAW,-2.27,GYRO,-34,-332,-56,ACC,-20,-4,218,ADC,1259,382,5,1,"
19.4465,heen,150,MM0 ?CR
19.4465,heen,150,MM1 ?CR
19.4465,heen,150,MM0 CR=24:-26
19.4465,heen,150,MM1 CR=25:-25
19.4817,heen,150,"#46,YAW,-2.27,GYRO,-5,-186,-16,ACC,-15,-3,214,ADC,1219,385,4,1,"
19.4818,heen,150,MM0 ?A
19.4818,heen,150,MM1 ?A
19.4818,heen,150,MM1 A=20:-19
19.4818,heen,150,MM0 A=15:-9
19.4818,heen,150,MM0 !M 150 -150
19.4818,heen,150,MM1 !M 150 -150
19.4818,heen,150,MM0 +
19.4818,heen,150,MM1 +
19.4818,heen,150,"#47,YAW,-2.27,GYRO,-13,-46,16,ACC,-23,2,237,ADC,1221,379,6,1,"
19.4818,heen,150,MM0 ?AI
19.4818,heen,150,MM1 ?AI
19.4818,heen,150,MM0 AI=0:0:2405:2431:0:0
19.4818,heen,150,MM1 AI=0:0:2343:2348:0:0
19.5029,heen,150,"#48,YAW,-2.28,GYRO,-1,-14,21,ACC,-5,10,228,ADC,1297,389,6,2,"
19.5029,heen,150,MM0 ?C
19.5029,heen,150,MM1 ?C
19.5029,heen,150,MM0 C=2142:-2138
19.5029,heen,150,MM1 C=3708:-3812
19.5030,heen,150,"$GPRMC,094115.4,A,5050.50827,N,00419.37478,E,000.39,223.8,021026,000.4,E*5D"
19.5239,heen,150,"#49,YAW,-2.28,GYRO,-19,32,13,ACC,-6,14,256,ADC,1294,500,4,2,"
19.5240,heen,150,MM0 ?D
19.5240,heen,150,MM1 ?D
19.5240,heen,150,MM0 D=16
19.5240,heen,150,MM1 D=33
19.5448,heen,150,"#50,YAW,-2.28,GYRO,0,69,3,ACC,5,7,263,ADC,1269,500,4,2,"
19.5448,heen,150,MM0 ?FF
19.5448,heen,150,MM1 ?FF
19.5448,heen,150,MM0 FF=0
19.5448,heen,150,MM1 FF=0
19.5787,heen,150,"#51,YAW,-2.28,GYRO,-10,27,-13,ACC,15,1,264,ADC,1206,382,4,1,"
19.5787,heen,150,MM0 ?P
19.5787,heen,150,MM1 ?P
19.5787,heen,150,MM0 P=150:-150
19.5787,heen,150,MM1 P=150:-150
19.5787,heen,150,"#52,YAW,-2.28,GYRO,-6,42,-21,ACC,28,1,250,ADC,1282,501,5,1,"
19.5787,heen,150,MM0 ?S
19.5787,heen,150,MM1 ?S
19.5787,heen,150,MM1 S=0:0
19.5787,heen,150,MM0 S=0:-75
19.5997,heen,150,"#53,YAW,-2.28,GYRO,-3,60,-14,ACC,26,9,258,ADC,1300,501,6,2,"
19.5997,heen,150,MM0 ?T
19.5998,heen,150,MM1 ?T
19.5998,heen,150,MM0 T=35:34
19.5998,heen,150,MM1 T=36:34
19.6207,heen,150,"#54,YAW,-2.28,GYRO,-6,61,-6,ACC,16,6,256,ADC,1239,380,5,1,"
19.6207,heen,150,MM0 ?V
19.6207,heen,150,MM1 ?V
19.6207,heen,150,MM0 V=120:221:4904
19.6207,heen,150,MM1 V=120:221:4900
19.6417,heen,150,"#55,YAW,-2.28,GYRO,-9,46,-2,ACC,20,8,257,ADC,1284,500,5,2,"
19.6417,heen,150,MM0 ?CR
19.6417,heen,150,MM1 ?CR
19.6417,heen,150,MM1 CR=3:-3
19.6417,heen,150,MM0 CR=3:-17
19.6927,heen,150,"#56,YAW,-2.28,GYRO,-18,20,4,ACC,19,1,262,ADC,1258,503,5,2,"
19.6927,heen,150,MM0 ?A
19.6927,heen,150,MM1 ?A
19.6927,heen,150,MM0 A=25:-14
19.6927,heen,150,MM1 A=25:-24
19.6927,heen,150,MM0 !M 150 -150
19.6927,heen,150,MM1 !M 150 -150
19.6927,heen,150,MM0 +
19.6927,heen,150,MM1 +
19.6927,heen,150,MM1 PING
19.6927,heen,150,MM0 PING
19.6927,heen,150,"#57,YAW,-2.28,GYRO,-8,6,-4,ACC,18,2,252,ADC,1242,410,5,2,"
19.6927,heen,150,MM0 ?AI
19.6927,heen,150,MM1 ?AI
19.6927,heen,150,MM0 AI=0:0:2443:2435:0:0
19.6928,heen,150,MM1 AI=0:0:2342:2324:0:0
19.6928,heen,150,MM0 !M 150 -150
19.6928,heen,150,MM1 !M 150 -150
19.6928,heen,150,MM1 +
19.6928,heen,150,MM0 +
19.6928,heen,150,"#58,YAW,-2.28,GYRO,-6,8,-25,ACC,19,0,252,ADC,1236,503,4,2,"
19.6928,heen,150,MM0 ?C
19.6928,heen,150,MM1 ?C
19.6928,heen,150,MM0 C=2143:-2152
19.6928,heen,150,MM1 C=3709:-3813
19.7129,heen,150,"$GPRMC,094115.6,A,5050.50826,N,00419.37481,E,000.37,223.8,021026,000.4,E*56"
19.7129,heen,150,"#59,YAW,-2.28,GYRO,-13,3,-31,ACC,19,6,262,ADC,1241,390,6,2,"
19.7130,heen,150,MM0 ?D
19.7130,heen,150,MM1 ?D
19.7130,heen,150,MM1 D=33
19.7130,heen,150,MM0 D=1
19.7337,heen,150,"#60,YAW,-2.28,GYRO,-5,5,-27,ACC,15,7,246,ADC,1256,389,6,1,"
19.7337,heen,150,MM0 ?FF
19.7337,heen,150,MM1 ?FF
19.7337,heen,150,MM0 FF=0
19.7337,heen,150,MM1 FF=0
19.7547,heen,150,"#61,YAW,-2.28,GYRO,-17,1,-8,ACC,16,9,262,ADC,1244,500,5,2,"
19.7548,heen,150,MM0 ?P
19.7548,heen,150,MM1 ?P
19.7548,heen,150,MM0 P=150:-150
19.7548,heen,150,MM1 P=150:-150
19.7890,heen,150,MM0 !M 150 -150
19.7890,heen,150,MM1 !M 150 -150
19.7890,heen,150,MM0 +
19.7890,heen,150,MM1 +
19.7890,heen,150,"#62,YAW,-2.28,GYRO,-13,3,12,ACC,25,1,258,ADC,1218,371,7,2,"
19.7890,heen,150,MM0 ?S
19.7890,heen,150,MM1 ?S
19.7890,heen,150,MM0 S=0:0
19.7890,heen,150,MM1 S=0:0
19.7891,heen,150,"#63,YAW,-2.28,GYRO,-17,7,9,ACC,15,2,255,ADC,1233,382,5,2,"
19.7891,heen,150,MM0 ?T
19.7891,heen,150,MM1 ?T
19.8099,heen,150,MM0 T=35:34
19.8099,heen,150,MM1 T=36:34
19.8099,heen,150,"#64,YAW,-2.28,GYRO,-2,3,3,ACC,10,3,256,ADC,1277,390,4,2,"
19.8099,heen,150,MM0 ?V
19.8099,heen,150,MM1 ?V
19.8311,heen,150,MM0 V=120:222:4904
19.8311,heen,150,MM1 V=120:221:4901
19.8311,heen,150,"#65,YAW,-2.28,GYRO,-12,1,-15,ACC,17,2,248,ADC,1255,390,5,2,"
19.8312,heen,150,MM0 ?CR
19.8312,heen,150,MM1 ?CR
19.8312,heen,150,MM1 CR=1:-1
19.8517,heen,150,MM0 CR=3:-11
19.8517,heen,150,"#66,YAW,-2.28,GYRO,-4,4,-27,ACC,19,6,248,ADC,1226,381,6,2,"
19.8517,heen,150,MM0 ?A
19.8517,heen,150,MM1 ?A
19.8517,heen,150,MM0 A=30:-14
19.8517,heen,150,MM1 A=25:-24
19.8869,heen,150,MM0 !M 150 -150
19.8869,heen,150,MM1 !M 150 -150
19.8869,heen,150,MM1 +
19.8870,heen,150,MM0 +
19.8870,heen,150,"#67,YAW,-2.28,GYRO,-8,46,-25,ACC,6,10,248,ADC,1269,364,6,2,"
19.8870,heen,150,MM0 ?AI
19.8870,heen,150,MM1 ?AI
19.8870,heen,150,MM0 AI=0:0:2437:2437:0:0
19.8870,heen,150,MM1 AI=0:0:2338:2334:0:0
19.9071,heen,150,"#68,YAW,-2.28,GYRO,-5,64,-5,ACC,17,3,255,ADC,1241,394,8,2,"
19.9071,heen,150,MM0 ?C
19.9071,heen,150,MM1 ?C
19.9071,heen,150,MM0 C=2145:-2163
19.9071,heen,150,MM1 C=3711:-3815
19.9071,heen,150,"$GPRMC,094115.8,A,5050.50825,N,00419.37483,E,000.35,223.8,021026,000.4,E*5B"
19.9278,heen,150,"#69,YAW,-2.28,GYRO,-10,43,1,ACC,19,3,261,ADC,1212,380,4,2,"
19.9278,heen,150,MM0 ?D
19.9278,heen,150,MM1 ?D
19.9278,heen,150,MM1 D=18
19.9278,heen,150,MM0 D=2
19.9279,heen,150,"#70,YAW,-2.28,GYRO,-7,40,-11,ACC,20,6,256,ADC,1223,384,5,1,"
19.9491,heen,150,MM0 ?FF
19.9491,heen,150,MM1 ?FF
19.9491,heen,150,MM0 FF=0
19.9491,heen,150,MM1 FF=0
19.9491,heen,150,"#71,YAW,-2.28,GYRO,-9,40,-9,ACC,21,9,254,ADC,1276,390,5,1,"
19.9492,heen,150,MM0 ?P
19.9492,heen,150,MM1 ?P
19.9830,heen,150,MM0 P=150:-150
19.9830,heen,150,MM1 P=150:-150
19.9830,heen,150,MM0 !M 150 -150
19.9830,heen,150,MM1 !M 150 -150
19.9831,heen,150,MM0 +
19.9831,heen,150,MM1 +
19.9831,heen,150,"#72,YAW,-2.28,GYRO,-5,50,-5,ACC,21,3,254,ADC,1293,389,5,2,"
19.9831,heen,150,MM0 ?S
19.9831,heen,150,MM1 ?S
19.9831,heen,150,MM0 S=0:0
19.9831,heen,150,MM1 S=0:0
20.0039,heen,150,"#73,YAW,-2.28,GYRO,-12,46,-11,ACC,22,1,246,ADC,1282,501,4,2,"
20.0039,heen,150,MM0 ?T
20.0039,heen,150,MM1 ?T
20.0039,heen,150,MM0 T=35:34
20.0039,heen,150,MM1 T=36:34
20.0249,heen,150,"#74,YAW,-2.28,GYRO,-11,40,-10,ACC,22,1,257,ADC,1232,382,5,2,"
20.0249,heen,150,MM0 ?V
20.0249,heen,150,MM1 ?V
20.0249,heen,150,MM0 V=120:222:4905
20.0249,heen,150,MM1 V=120:223:4900
20.0459,heen,150,"#75,YAW,-2.28,GYRO,-9,53,-6,ACC,19,5,256,ADC,1241,409,5,2,"
20.0459,heen,150,MM0 ?CR
20.0459,heen,150,MM1 ?CR
20.0459,heen,150,MM1 CR=1:-1
20.0459,heen,150,MM0 CR=0:-12
20.0929,heen,150,"#76,YAW,-2.28,GYRO,-10,44,-8,ACC,18,3,253,ADC,1260,386,4,1,"
20.0929,heen,150,MM0 ?A
20.0929,heen,150,MM1 ?A
20.0929,heen,150,MM0 A=30:-19
20.0929,heen,150,MM1 A=25:-29
20.0929,heen,150,"#77,YAW,-2.28,GYRO,-10,31,-10,ACC,19,2,246,ADC,1258,387,5,2,"
20.0929,heen,150,MM0 ?AI
20.0929,heen,150,MM1 ?AI
20.0929,heen,150,MM0 AI=0:0:2428:2442:0:0
20.0929,heen,150,MM1 AI=0:0:2323:2365:0:0
20.0929,heen,150,MM0 !M 150 -150
20.0929,heen,150,MM1 !M 150 -150
20.0929,heen,150,MM0 +
20.0929,heen,150,MM1 +
20.0929,heen,150,"#78,YAW,-2.28,GYRO,-13,46,-6,ACC,19,1,256,ADC,1265,499,6,2,"
20.0929,heen,150,MM0 ?C
20.0929,heen,150,MM1 ?C
20.0929,heen,150,MM0 C=2145:-2175
20.0929,heen,150,MM1 C=3711:-3815
20.1138,heen,150,"$GPRMC,094116.0,A,5050.50824,N,00419.37486,E,000.32,223.8,021026,000.4,E*53"
20.1138,heen,150,"#79,YAW,-2.28,GYRO,-10,33,-4,ACC,22,2,256,ADC,1221,333,4,1,"
20.1138,heen,150,MM0 ?D
20.1138,heen,150,MM1 ?D
20.1138,heen,150,MM0 D=50
20.1138,heen,150,MM1 D=18
20.1347,heen,150,"#80,YAW,-2.28,GYRO,-14,35,-6,ACC,21,3,250,ADC,1260,397,5,2,"
20.1347,heen,150,MM0 ?FF
20.1347,heen,150,MM1 ?FF
20.1347,heen,150,MM0 FF=0
20.1348,heen,150,MM1 FF=0
20.1564,heen,150,"#81,YAW,-2.28,GYRO,-6,33,-11,ACC,23,4,247,ADC,1243,501,6,2,"
20.1564,heen,150,MM0 ?P
20.1564,heen,150,MM1 ?P
20.1564,heen,150,MM0 P=150:-150
20.1564,heen,150,MM1 P=150:-150
20.1938,heen,150,"#82,YAW,-2.28,GYRO,-12,37,-14,ACC,22,3,256,ADC,1267,494,5,2,"
20.1938,heen,150,MM0 ?S
20.1938,heen,150,MM1 ?S
20.1938,heen,150,MM0 S=0:0
20.1938,heen,150,MM1 S=0:0
20.1938,heen,150,"#83,YAW,-2.28,GYRO,-9,25,-12,ACC,23,2,260,ADC,1251,383,6,2,"
20.1938,heen,150,MM0 ?T
20.1938,heen,150,MM1 ?T
20.1938,heen,150,MM0 T=35:34
20.1938,heen,150,MM1 T=36:34
20.2148,heen,150,"#84,YAW,-2.28,GYRO,-12,10,-9,ACC,31,2,255,ADC,1255,388,5,2,"
20.2148,heen,150,MM0 ?V
20.2148,heen,150,MM1 ?V
20.2149,heen,150,MM0 V=120:220:4905
20.2149,heen,150,MM1 V=120:220:4901
20.2356,heen,150,"#85,YAW,-2.28,GYRO,-12,-8,-3,ACC,39,4,267,ADC,1291,399,4,1,"
20.2356,heen,150,MM0 ?CR
20.2356,heen,150,MM1 ?CR
20.2357,heen,150,MM0 CR=1:-6
20.2357,heen,150,MM1 CR=0:0
20.2568,heen,150,"#86,YAW,-2.28,GYRO,-12,-56,-8,ACC,39,3,270,ADC,1221,382,6,2,"
20.2569,heen,150,MM0 ?A
20.2569,heen,150,MM1 ?A
20.2569,heen,150,MM0 A=25:-24
20.2569,heen,150,MM1 A=25:-19
20.2569,heen,150,MM0 !M 150 -150
20.2569,heen,150,MM1 !M 150 -150
20.2569,heen,150,MM0 +
20.2569,heen,150,MM1 +
20.2911,heen,150,MM0 PING
20.2911,heen,150,MM1 PING
20.2911,heen,150,"#87,YAW,-2.28,GYRO,-5,-53,-8,ACC,24,1,248,ADC,1291,499,3,1,"
20.2911,heen,150,MM0 ?AI
20.2911,heen,150,MM1 ?AI
20.2911,heen,150,MM0 AI=0:0:2421:2441:0:0
20.2911,heen,150,MM1 AI=0:0:2334:2318:0:0
20.2911,heen,150,MM0 !M 150 -150
20.2911,heen,150,MM1 !M 150 -150
20.2911,heen,150,MM0 +
20.2911,heen,150,MM1 +
20.2911,heen,150,"#88,YAW,-2.28,GYRO,-28,-41,-3,ACC,30,9,253,ADC,1299,500,5,2,"
20.2911,heen,150,MM0 ?C
20.2911,heen,150,MM1 ?C
20.2911,heen,150,MM0 C=2148:-2180
20.3117,heen,150,MM1 C=3713:-3817
20.3118,heen,150,"$GPRMC,094116.2,A,5050.50823,N,00419.37488,E,000.29,223.8,021026,000.4,E*52"
20.3118,heen,150,"#89,YAW,-2.28,GYRO,-6,-113,0,ACC,40,6,269,ADC,1283,390,4,2,"
20.3118,heen,150,MM0 ?D
20.3118,heen,150,MM1 ?D
20.3118,heen,150,MM0 D=19
20.3118,heen,150,MM1 D=51
20.3329,heen,150,"#90,YAW,-2.28,GYRO,-4,-49,-9,ACC,22,0,249,ADC,1230,381,5,2,"
20.3329,heen,150,MM0 ?FF
20.3329,heen,150,MM1 ?FF
20.3329,heen,150,MM0 FF=0
20.3329,heen,150,MM1 FF=0
20.3537,heen,150,"#91,YAW,-2.28,GYRO,-43,-124,1,ACC,41,9,268,ADC,1253,503,5,2,"
20.3537,heen,150,MM0 ?P
20.3537,heen,150,MM1 ?P
20.3537,heen,150,MM0 P=150:-150
20.3537,heen,150,MM1 P=150:-150
20.3882,heen,150,MM0 !M 150 -150
20.3883,heen,150,MM1 !M 150 -150
20.3883,heen,150,MM0 +
20.3883,heen,150,MM1 +
20.3883,heen,150,"#92,YAW,-2.28,GYRO,23,-99,-5,ACC,28,0,246,ADC,1244,290,4,1,"
20.3883,heen,150,MM0 ?S
20.3883,heen,150,MM1 ?S
20.3883,heen,150,MM0 S=75:0
20.3883,heen,150,MM1 S=75:0
20.3883,heen,150,"#93,YAW,-2.28,GYRO,-44,-136,2,ACC,44,2,262,ADC,1229,382,7,1,"
20.4089,heen,150,MM0 ?T
20.4089,heen,150,MM1 ?T
20.4089,heen,150,MM0 T=35:34
20.4089,heen,150,MM1 T=36:34
20.4089,heen,150,"#94,YAW,-2.28,GYRO,12,-83,0,ACC,26,2,246,ADC,1228,387,7,2,"
20.4089,heen,150,MM0 ?V
20.4089,heen,150,MM1 ?V
20.4298,heen,150,MM0 V=120:221:4905
20.4298,heen,150,MM1 V=120:223:4899
20.4298,heen,150,"#95,YAW,-2.28,GYRO,-11,-171,1,ACC,40,1,251,ADC,1259,396,4,2,"
20.4298,heen,150,MM0 ?CR
20.4298,heen,150,MM1 ?CR
20.4518,heen,150,MM0 CR=8:-8
20.4519,heen,150,MM1 CR=8:-8
20.4519,heen,150,"#96,YAW,-2.28,GYRO,-15,-81,2,ACC,36,1,275,ADC,1243,383,5,1,"
20.4519,heen,150,MM0 ?A
20.4519,heen,150,MM1 ?A
20.4519,heen,150,MM0 A=20:-14
20.4860,heen,150,MM1 A=20:-14
20.4860,heen,150,MM0 !M 150 -150
20.4860,heen,150,MM1 !M 150 -150
20.4860,heen,150,MM0 +
20.4861,heen,150,MM1 +
20.4861,heen,150,"#97,YAW,-2.28,GYRO,-7,-141,-9,ACC,27,1,226,ADC,1264,373,4,2,"
20.4861,heen,150,MM0 ?AI
20.4861,heen,150,MM1 ?AI
20.4861,heen,150,MM0 AI=0:0:2416:2500:0:0
20.4861,heen,150,MM1 AI=0:0:2332:2348:0:0
20.5071,heen,150,"#98,YAW,-2.28,GYRO,-16,-159,-7,ACC,41,1,265,ADC,1261,383,5,2,"
20.5071,heen,150,MM0 ?C
20.5071,heen,150,MM1 ?C
20.5071,heen,150,MM0 C=2158:-2190
20.5071,heen,150,MM1 C=3722:-3826
20.5071,heen,150,"$GPRMC,094116.4,A,5050.50821,N,00419.37489,E,000.28,223.8,021026,000.4,E*56"
20.5295,heen,150,"#99,YAW,-2.28,GYRO,-3,-65,-2,ACC,31,-1,274,ADC,1273,331,6,1,"
20.5295,heen,150,MM1 ?D
20.5295,heen,150,MM0 ?D
20.5295,heen,150,MM0 D=49
20.5295,heen,150,MM1 D=18
20.5295,heen,150,"#100,YAW,-2.28,GYRO,-21,-163,1,ACC,33,1,222,ADC,1230,390,5,1,"
20.5489,heen,150,MM0 ?FF
20.5489,heen,150,MM1 ?FF
20.5489,heen,150,MM0 FF=0
20.5489,heen,150,MM1 FF=0
20.5489,heen,150,"#101,YAW,-2.28,GYRO,-10,-114,-3,ACC,50,6,251,ADC,1275,500,4,2,"
20.5489,heen,150,MM0 ?P
20.5489,heen,150,MM1 ?P
20.5958,heen,150,MM0 P=150:-150
20.5958,heen,150,MM1 P=150:-150
20.5958,heen,150,"#102,YAW,-2.28,GYRO,-6,-72,-4,ACC,30,3,291,ADC,1247,382,5,2,"
20.5958,heen,150,MM0 ?S
20.5958,heen,150,MM1 ?S
20.5958,heen,150,MM0 S=75:0
20.5958,heen,150,MM1 S=75:-75
20.5958,heen,150,"#103,YAW,-2.28,GYRO,-1,-110,3,ACC,33,-8,235,ADC,1228,500,6,2,"
20.5958,heen,150,MM0 ?T
20.5958,heen,150,MM1 ?T
20.5958,heen,150,MM0 T=35:34
20.5958,heen,150,MM1 T=36:34
20.6166,heen,150,"#104,YAW,-2.28,GYRO,-14,-139,-1,ACC,56,0,234,ADC,1232,382,5,2,"
20.6168,heen,150,MM0 ?V
20.6168,heen,150,MM1 ?V
20.6168,heen,150,MM0 V=120:222:4904
20.6168,heen,150,MM1 V=120:222:4899
20.6382,heen,150,"#105,YAW,-2.28,GYRO,-2,-78,0,ACC,50,1,265,ADC,1243,392,3,1,"
20.6382,heen,150,MM0 ?CR
20.6382,heen,150,MM1 ?CR
20.6382,heen,150,MM0 CR=13:-12
20.6382,heen,150,MM1 CR=11:-12
20.6588,heen,150,"#106,YAW,-2.28,GYRO,-5,-79,-6,ACC,40,2,270,ADC,1246,384,5,2,"
20.6588,heen,150,MM0 ?A
20.6588,heen,150,MM1 ?A
20.6589,heen,150,MM0 A=15:-14
20.6589,heen,150,MM1 A=15:-14
20.6589,heen,150,MM1 !M 150 -150
20.6589,heen,150,MM0 !M 150 -150
20.6589,heen,150,MM1 +
20.6589,heen,150,MM0 +
20.6928,heen,150,MM0 PING
20.6928,heen,150,MM1 PING
20.6928,heen,150,"#107,YAW,-2.28,GYRO,-19,-132,-12,ACC,41,0,236,ADC,1263,384,3,1,"
20.6928,heen,150,MM1 ?AI
20.6928,heen,150,MM0 ?AI
20.6928,heen,150,MM1 AI=0:0:2324:2328:0:0
20.6928,heen,150,MM0 AI=0:0:2432:2418:0:0
20.6928,heen,150,MM1 !M 150 -150
20.6928,heen,150,MM0 !M 150 -150
20.6928,heen,150,MM1 +
20.6928,heen,150,MM0 +
20.6928,heen,150,"#108,YAW,-2.28,GYRO,-24,-131,-12,ACC,43,2,239,ADC,1279,501,4,2,"
20.6928,heen,150,MM0 ?C
20.6928,heen,150,MM1 ?C
20.6929,heen,150,MM0 C=2171:-2202
20.6929,heen,150,MM1 C=3734:-3839
20.7141,heen,150,"$GPRMC,094116.6,A,5050.50820,N,00419.37491,E,000.27,223.8,021026,000.4,E*53"
20.7141,heen,150,"#109,YAW,-2.28,GYRO,-23,-110,-5,ACC,52,4,255,ADC,1258,317,5,1,"
20.7142,heen,150,MM0 ?D
20.7142,heen,150,MM1 ?D
20.7142,heen,150,MM0 D=19
20.7142,heen,150,MM1 D=0
20.7341,heen,150,"#110,YAW,-2.28,GYRO,-23,-107,-2,ACC,52,2,259,ADC,1221,380,7,2,"
20.7341,heen,150,MM1 ?FF
20.7341,heen,150,MM0 ?FF
20.7341,heen,150,MM1 FF=0
20.7341,heen,150,MM0 FF=0
20.7551,heen,150,"#111,YAW,-2.28,GYRO,-31,-93,-1,ACC,62,0,262,ADC,1223,381,8,1,"
20.7551,heen,150,MM0 ?P
20.7551,heen,150,MM1 ?P
20.7552,heen,150,MM0 P=150:-150
20.7552,heen,150,MM1 P=150:-150
20.7928,heen,150,"#112,YAW,-2.28,GYRO,-29,-89,3,ACC,56,1,269,ADC,1294,502,4,2,"
20.7928,heen,150,MM0 ?S
20.7928,heen,150,MM1 ?S
20.7928,heen,150,MM0 S=75:-75
20.7928,heen,150,MM1 S=75:-75
20.7928,heen,150,MM0 !M 150 -150
20.7928,heen,150,MM1 !M 150 -150
20.7928,heen,150,MM0 +
20.7928,heen,150,MM1 +
20.7928,heen,150,"#113,YAW,-2.28,GYRO,-19,-105,8,ACC,62,0,259,ADC,1295,501,5,2,"
20.7928,heen,150,MM0 ?T
20.7928,heen,150,MM1 ?T
20.7928,heen,150,MM0 T=35:34
20.7928,heen,150,MM1 T=36:34
20.8137,heen,150,"#114,YAW,-2.28,GYRO,-12,-106,12,ACC,57,-1,250,ADC,1235,380,3,1,"
20.8138,heen,150,MM0 ?V
20.8138,heen,150,MM1 ?V
20.8138,heen,150,MM0 V=120:223:4905
20.8138,heen,150,MM1 V=120:222:4899
20.8366,heen,150,"#115,YAW,-2.28,GYRO,2,-93,11,ACC,56,-3,253,ADC,1244,381,4,1,"
20.8366,heen,150,MM1 ?CR
20.8366,heen,150,MM0 ?CR
20.8366,heen,150,MM1 CR=16:-15
20.8366,heen,150,MM0 CR=15:-15
20.8558,heen,150,"#116,YAW,-2.28,GYRO,-6,-92,6,ACC,58,2,253,ADC,1233,386,5,2,"
20.8558,heen,150,MM0 ?A
20.8558,heen,150,MM1 ?A
20.8558,heen,150,MM0 A=15:-14
20.8558,heen,150,MM1 A=15:-14
20.8898,heen,150,"#117,YAW,-2.28,GYRO,-3,-70,6,ACC,60,3,266,ADC,1271,500,6,2,"
20.8898,heen,150,MM0 !M 150 -150
20.8898,heen,150,MM0 +
20.8898,heen,150,MM1 !M 150 -150
20.8898,heen,150,MM1 +
20.8899,heen,150,MM0 ?AI
20.8899,heen,150,MM1 ?AI
20.8899,heen,150,MM0 AI=0:0:2424:2432:0:0
20.8899,heen,150,MM1 AI=0:0:2355:2334:0:0
20.8899,heen,150,"#118,YAW,-2.28,GYRO,-3,-57,4,ACC,41,1,254,ADC,1272,497,6,2,"
20.8899,heen,150,MM0 ?C
20.8899,heen,150,MM1 ?C
20.9109,heen,150,MM1 C=3751:-3855
20.9109,heen,150,MM0 C=2187:-2218
20.9109,heen,150,"$GPRMC,094116.8,A,5050.50819,N,00419.37492,E,000.27,223.8,021026,000.4,E*54"
20.9109,heen,150,"#119,YAW,-2.28,GYRO,-5,-66,2,ACC,45,-7,258,ADC,1239,327,5,2,"
20.9109,heen,150,MM1 ?D
20.9109,heen,150,MM0 ?D
20.9109,heen,150,MM1 D=33
20.9109,heen,150,MM0 D=18
20.9316,heen,150,"#120,YAW,-2.28,GYRO,3,-27,-1,ACC,33,-4,253,ADC,1240,382,4,2,"
20.9316,heen,150,MM1 ?FF
20.9316,heen,150,MM0 ?FF
20.9316,heen,150,MM1 FF=0
20.9316,heen,150,MM0 FF=0
20.9533,heen,150,"#121,YAW,-2.28,GYRO,13,-16,1,ACC,30,-9,253,ADC,1257,389,4,2,"
20.9533,heen,150,MM1 ?P
20.9533,heen,150,MM0 ?P
20.9533,heen,150,MM1 P=150:-150
20.9533,heen,150,MM0 P=150:-150
20.9869,heen,150,MM1 !M 150 -150
20.9869,heen,150,MM0 !M 150 -150
20.9869,heen,150,MM1 +
20.9869,heen,150,MM0 +
20.9869,heen,150,"#122,YAW,-2.28,GYRO,-9,-15,-1,ACC,28,-1,253,ADC,1236,330,6,1,"
20.9869,heen,150,MM0 ?S
20.9869,heen,150,MM1 ?S
20.9869,heen,150,MM0 S=75:-75
20.9869,heen,150,MM1 S=0:-75
21.0080,heen,150,"#123,YAW,-2.28,GYRO,-16,-5,-5,ACC,31,-1,256,ADC,1298,388,7,2,"
21.0080,heen,150,MM1 ?T
21.0080,heen,150,MM0 ?T
21.0080,heen,150,MM1 T=36:34
21.0080,heen,150,MM0 T=35:34
21.0080,heen,150,"#124,YAW,-2.28,GYRO,-28,-13,-11,ACC,27,-6,264,ADC,1269,403,6,2,"
21.0290,heen,150,MM0 ?V
21.0290,heen,150,MM1 ?V
21.0290,heen,150,MM0 V=120:221:4906
21.0290,heen,150,MM1 V=120:223:4901
21.0290,heen,150,"#125,YAW,-2.28,GYRO,-35,-32,-15,ACC,31,-3,236,ADC,1272,503,4,2,"
21.0290,heen,150,MM0 ?CR
21.0498,heen,150,MM1 ?CR
21.0498,heen,150,MM0 CR=16:-16
21.0498,heen,150,MM1 CR=15:-15
21.0498,heen,150,"#126,YAW,-2.28,GYRO,-14,-22,-7,ACC,48,1,243,ADC,1254,394,7,2,"
21.0498,heen,150,MM0 ?A
21.0498,heen,150,MM1 ?A
21.0989,heen,150,MM0 A=20:-19
21.0990,heen,150,MM1 A=20:-19
21.0990,heen,150,"#127,YAW,-2.28,GYRO,-6,26,2,ACC,26,1,260,ADC,1207,500,6,2,"
21.0990,heen,150,MM0 ?AI
21.0990,heen,150,MM1 ?AI
21.0990,heen,150,MM0 AI=0:0:2429:2440:0:0
21.0990,heen,150,MM1 AI=0:0:2353:2359:0:0
21.0990,heen,150,"#128,YAW,-2.28,GYRO,-13,12,-5,ACC,48,6,241,ADC,1231,386,7,1,"
21.0990,heen,150,MM0 ?C
21.0990,heen,150,MM1 ?C
21.0990,heen,150,MM0 C=2201:-2232
21.0990,heen,150,MM1 C=3764:-3868
21.1199,heen,150,"$GPRMC,094117.0,A,5050.50817,N,00419.37492,E,000.27,223.8,021026,000.4,E*53"
21.1200,heen,150,"#129,YAW,-2.28,GYRO,-5,21,0,ACC,37,1,248,ADC,1298,342,6,1,"
21.1200,heen,150,MM0 ?D
21.1200,heen,150,MM1 ?D
21.1200,heen,150,MM0 D=16
21.1200,heen,150,MM1 D=32
21.1435,heen,150,"#130,YAW,-2.28,GYRO,-15,43,-8,ACC,51,1,258,ADC,1298,499,7,2,"
21.1435,heen,150,MM0 ?FF
21.1435,heen,150,MM1 ?FF
21.1435,heen,150,MM0 FF=0
21.1435,heen,150,MM1 FF=0
21.1620,heen,150,"#131,YAW,-2.28,GYRO,-10,1,-12,ACC,49,-3,258,ADC,1228,500,6,2,"
21.1620,heen,150,MM0 ?P
21.1620,heen,150,MM1 ?P
21.1620,heen,150,MM0 P=150:-150
21.1620,heen,150,MM1 P=150:-150
21.1620,heen,150,MM0 !M 150 -150
21.1620,heen,150,MM1 !M 150 -150
21.1620,heen,150,MM0 +
21.1620,heen,150,MM1 +
21.1620,heen,150,MM1 PING
21.1958,heen,150,MM0 PING
21.1958,heen,150,"#132,YAW,-2.28,GYRO,-11,51,-17,ACC,48,1,233,ADC,1247,363,4,1,"
21.1958,heen,150,MM0 ?S
21.1958,heen,150,MM1 ?S
21.1958,heen,150,MM0 S=0:0
21.1958,heen,150,MM1 S=0:0
21.1958,heen,150,"#133,YAW,-2.28,GYRO,3,3,-1,ACC,68,2,257,ADC,1242,382,5,2,"
21.1958,heen,150,MM0 ?T
21.1958,heen,150,MM1 ?T
21.1958,heen,150,MM0 T=35:34
21.1958,heen,150,MM1 T=36:34
21.2168,heen,150,"#134,YAW,-2.28,GYRO,1,38,2,ACC,52,6,251,ADC,1260,394,3,1,"
21.2168,heen,150,MM1 ?V
21.2168,heen,150,MM0 ?V
21.2168,heen,150,MM1 V=120:222:4900
21.2168,heen,150,MM0 V=120:221:4906
21.2376,heen,150,"#135,YAW,-2.28,GYRO,-4,46,4,ACC,55,6,237,ADC,1249,380,5,1,"
21.2377,heen,150,MM0 ?CR
21.2377,heen,150,MM1 ?CR
21.2377,heen,150,MM1 CR=7:-7
21.2377,heen,150,MM0 CR=8:-7
21.2589,heen,150,"#136,YAW,-2.28,GYRO,4,-5,3,ACC,68,-1,264,ADC,1285,497,3,2,"
21.2589,heen,150,MM0 ?A
21.2590,heen,150,MM1 ?A
21.2590,heen,150,MM1 A=25:-24
21.2590,heen,150,MM0 A=25:-24
21.2590,heen,150,MM1 !M 150 -150
21.2936,heen,150,MM0 !M 150 -150
21.2936,heen,150,MM1 +
21.2936,heen,150,MM0 +
21.2936,heen,150,MM0 PING
21.2936,heen,150,MM1 PING
21.2936,heen,150,"#137,YAW,-2.28,GYRO,-8,62,-18,ACC,42,1,243,ADC,1273,309,5,2,"
21.2936,heen,150,MM0 ?AI
21.2936,heen,150,MM1 ?AI
21.2936,heen,150,MM0 AI=0:0:2428:2443:0:0
21.2936,heen,150,MM1 AI=0:0:2328:2341:0:0
21.2936,heen,150,MM0 !M 150 -150
21.2936,heen,150,MM1 !M 150 -150
21.2936,heen,150,MM0 +
21.2936,heen,150,MM1 +
21.2936,heen,150,"#138,YAW,-2.28,GYRO,-6,6,-8,ACC,65,2,247,ADC,1279,386,5,2,"
21.2936,heen,150,MM0 ?C
21.2937,heen,150,MM1 ?C
21.2937,heen,150,MM0 C=2208:-2239
21.2937,heen,150,MM1 C=3770:-3874
21.3137,heen,150,"$GPRMC,094117.2,A,5050.50815,N,00419.37493,E,000.27,223.8,021026,000.4,E*52"
21.3138,heen,150,"#139,YAW,-2.28,GYRO,-1,18,-18,ACC,49,2,257,ADC,1233,335,6,1,"
21.3138,heen,150,MM0 ?D
21.3138,heen,150,MM1 ?D
21.3138,heen,150,MM0 D=50
21.3138,heen,150,MM1 D=19
21.3347,heen,150,"#140,YAW,-2.28,GYRO,-10,62,-6,ACC,50,5,247,ADC,1249,383,5,2,"
21.3347,heen,150,MM1 ?FF
21.3347,heen,150,MM0 ?FF
21.3347,heen,150,MM1 FF=0
21.3347,heen,150,MM0 FF=0
21.3556,heen,150,"#141,YAW,-2.28,GYRO,-1,21,-2,ACC,61,1,264,ADC,1264,501,9,2,"
21.3557,heen,150,MM1 ?P
21.3557,heen,150,MM0 ?P
21.3557,heen,150,MM1 P=150:-150
21.3557,heen,150,MM0 P=150:-150
21.3903,heen,150,"#142,YAW,-2.28,GYRO,-2,72,-7,ACC,36,1,246,ADC,1260,390,3,2,"
21.3903,heen,150,MM0 !M 150 -150
21.3903,heen,150,MM0 +
21.3903,heen,150,MM1 !M 150 -150
21.3903,heen,150,MM1 +
21.3903,heen,150,MM1 ?S
21.3903,heen,150,MM0 ?S
21.3903,heen,150,MM0 S=0:0
21.3904,heen,150,MM1 S=0:-75
21.3904,heen,150,"#143,YAW,-2.28,GYRO,22,20,16,ACC,33,2,279,ADC,1252,401,8,2,"
21.3904,heen,150,MM1 ?T
21.3904,heen,150,MM0 ?T
21.3904,heen,150,MM1 T=36:34
21.4110,heen,150,MM0 T=35:34
21.4110,heen,150,"#144,YAW,-2.28,GYRO,-7,-3,42,ACC,28,1,268,ADC,1258,391,4,1,"
21.4110,heen,150,MM1 ?V
21.4110,heen,150,MM0 ?V
21.4110,heen,150,MM1 V=120:222:4901
21.4317,heen,150,MM0 V=120:223:4905
21.4317,heen,150,"#145,YAW,-2.28,GYRO,-6,5,15,ACC,20,3,230,ADC,1228,500,6,2,"
21.4317,heen,150,MM1 ?CR
21.4317,heen,150,MM0 ?CR
21.4317,heen,150,MM1 CR=5:-6
21.4317,heen,150,MM0 CR=6:-7
21.4526,heen,150,"#146,YAW,-2.28,GYRO,-7,44,-13,ACC,26,6,230,ADC,1244,500,4,3,"
21.4527,heen,150,MM1 ?A
21.4527,heen,150,MM0 ?A
21.4527,heen,150,MM1 A=25:-24
21.4527,heen,150,MM0 A=30:-14
21.5017,heen,150,"#147,YAW,-2.28,GYRO,-18,49,-13,ACC,48,-2,274,ADC,1253,383,5,2,"
21.5017,heen,150,MM1 ?AI
21.5017,heen,150,MM0 ?AI
21.5017,heen,150,MM1 AI=0:0:2329:2345:0:0
21.5017,heen,150,MM0 AI=0:0:2442:2434:0:0
21.5018,heen,150,"#148,YAW,-2.28,GYRO,-8,37,-1,ACC,54,-7,258,ADC,1281,503,5,2,"
21.5018,heen,150,MM1 ?C
21.5018,heen,150,MM0 ?C
21.5018,heen,150,MM1 C=3773:-3878
21.5018,heen,150,MM0 C=2212:-2246
21.5018,heen,150,"$GPRMC,094117.4,A,5050.50814,N,00419.37493,E,000.26,223.8,021026,000.4,E*54"
21.5228,heen,150,"#149,YAW,-2.28,GYRO,-15,24,-16,ACC,51,3,241,ADC,1237,503,4,1,"
21.5229,heen,150,MM1 ?D
21.5229,heen,150,MM0 ?D
21.5229,heen,150,MM1 D=49
21.5229,heen,150,MM0 D=35
21.5438,heen,150,"#150,YAW,-2.28,GYRO,-9,38,-36,ACC,62,4,246,ADC,1242,503,6,2,"
21.5438,heen,150,MM0 ?FF
21.5438,heen,150,MM1 ?FF
21.5438,heen,150,MM1 FF=0
21.5438,heen,150,MM0 FF=0
21.5648,heen,150,"#151,YAW,-2.28,GYRO,-15,45,-33,ACC,75,3,245,ADC,1242,400,4,2,"
21.5648,heen,150,MM0 ?P
21.5649,heen,150,MM1 ?P
21.5649,heen,150,MM0 P=150:-150
21.5649,heen,150,MM1 P=150:-150
21.5649,heen,150,MM0 !M 150 -150
21.5649,heen,150,MM1 !M 150 -150
21.5649,heen,150,MM0 +
21.5649,heen,150,MM1 +
21.5649,heen,150,MM0 PING
21.5987,heen,150,MM1 PING
21.5987,heen,150,"#152,YAW,-2.28,GYRO,-11,53,-13,ACC,72,-2,247,ADC,1254,392,7,2,"
21.5987,heen,150,MM1 ?S
21.5987,heen,150,MM0 ?S
21.5987,heen,150,MM1 S=0:0
21.5987,heen,150,MM0 S=0:0
21.5987,heen,150,"#153,YAW,-2.28,GYRO,0,59,-2,ACC,66,4,242,ADC,1260,384,7,2,"
21.5988,heen,150,MM0 ?T
21.5988,heen,150,MM1 ?T
21.5988,heen,150,MM0 T=35:34
21.5988,heen,150,MM1 T=36:34
21.6197,heen,150,"#154,YAW,-2.28,GYRO,1,61,12,ACC,54,8,257,ADC,1251,383,9,2,"
21.6197,heen,150,MM0 ?V
21.6197,heen,150,MM1 ?V
21.6198,heen,150,MM0 V=120:222:4907
21.6198,heen,150,MM1 V=120:221:4901
21.6407,heen,150,"#155,YAW,-2.28,GYRO,-6,25,13,ACC,63,5,260,ADC,1283,385,6,2,"
21.6407,heen,150,MM0 ?CR
21.6407,heen,150,MM1 ?CR
21.6407,heen,150,MM0 CR=0:-7
21.6407,heen,150,MM1 CR=0:0
21.6619,heen,150,"#156,YAW,-2.28,GYRO,-4,22,11,ACC,55,1,244,ADC,1260,389,5,1,"
21.6619,heen,150,MM0 ?A
21.6619,heen,150,MM1 ?A
21.6619,heen,150,MM0 A=25:-24
21.6619,heen,150,MM1 A=25:-24
21.6961,heen,150,MM0 !M 150 -150
21.6962,heen,150,MM1 !M 150 -150
21.6962,heen,150,MM0 +
21.6962,heen,150,MM1 +
21.6962,heen,150,"#157,YAW,-2.28,GYRO,-7,21,-3,ACC,49,3,253,ADC,1279,484,7,2,"
21.6962,heen,150,MM0 PING
21.6962,heen,150,MM1 PING
21.6962,heen,150,MM0 ?AI
21.6962,heen,150,MM1 ?AI
21.6962,heen,150,MM1 AI=0:0:2309:2372:0:0
21.6962,heen,150,MM0 AI=0:0:2415:2442:0:0
21.6962,heen,150,"#158,YAW,-2.28,GYRO,-3,40,-1,ACC,52,1,245,ADC,1278,386,7,2,"
21.6962,heen,150,MM0 ?C
21.6962,heen,150,MM1 ?C
21.6962,heen,150,MM0 C=2213:-2252
21.6962,heen,150,MM1 C=3774:-3879
21.7168,heen,150,"$GPRMC,094117.6,A,5050.50813,N,00419.37492,E,000.26,223.8,021026,000.4,E*50"
21.7168,heen,150,"#159,YAW,-2.28,GYRO,-1,46,0,ACC,52,4,256,ADC,1291,438,4,1,"
21.7168,heen,150,MM0 ?D
21.7168,heen,150,MM1 ?D
21.7168,heen,150,MM1 D=19
21.7168,heen,150,MM0 D=2
21.7375,heen,150,"#160,YAW,-2.28,GYRO,-7,43,3,ACC,52,-1,248,ADC,1260,389,5,2,"
21.7376,heen,150,MM0 ?FF
21.7376,heen,150,MM1 ?FF
21.7376,heen,150,MM0 FF=0
21.7376,heen,150,MM1 FF=0
21.7587,heen,150,"#161,YAW,-2.28,GYRO,-5,48,3,ACC,48,4,248,ADC,1250,498,5,1,"
21.7587,heen,150,MM0 ?P
21.7587,heen,150,MM1 ?P
21.7587,heen,150,MM0 P=150:-150
21.7587,heen,150,MM1 P=150:-150
21.7939,heen,150,MM1 !M 150 -150
21.7939,heen,150,"#162,YAW,-2.28,GYRO,-3,48,0,ACC,49,3,257,ADC,1211,370,5,2,"
21.7939,heen,150,MM0 !M 150 -150
21.7939,heen,150,MM0 +
21.7939,heen,150,MM0 PING
21.7939,heen,150,MM1 +
21.7939,heen,150,MM1 PING
21.7939,heen,150,MM0 ?S
21.7939,heen,150,MM1 ?S
21.7939,heen,150,MM0 S=0:0
21.7939,heen,150,MM1 S=0:0
21.7939,heen,150,"#163,YAW,-2.28,GYRO,-11,30,-7,ACC,52,2,245,ADC,1294,387,4,1,"
21.7939,heen,150,MM0 ?T
21.7940,heen,150,MM1 ?T
21.7940,heen,150,MM0 T=35:34
21.7940,heen,150,MM1 T=36:34
21.8147,heen,150,"#164,YAW,-2.28,GYRO,-10,47,-16,ACC,45,2,248,ADC,1301,393,6,2,"
21.8147,heen,150,MM0 ?V
21.8147,heen,150,MM1 ?V
21.8147,heen,150,MM0 V=120:222:4906
21.8147,heen,150,MM1 V=120:223:4901
21.8358,heen,150,"#165,YAW,-2.28,GYRO,-8,45,-13,ACC,52,2,257,ADC,1286,499,4,2,"
21.8359,heen,150,MM0 ?CR
21.8359,heen,150,MM1 ?CR
21.8359,heen,150,MM0 CR=1:-9
21.8359,heen,150,MM1 CR=1:-2
21.8570,heen,150,"#166,YAW,-2.28,GYRO,-10,33,-9,ACC,64,2,250,ADC,1213,391,6,1,"
21.8571,heen,150,MM0 ?A
21.8571,heen,150,MM1 ?A
21.8571,heen,150,MM0 A=35:-19
21.8571,heen,150,MM1 A=25:-29
21.9090,heen,150,"#167,YAW,-2.28,GYRO,-13,48,-10,ACC,65,3,248,ADC,1256,393,4,1,"
21.9090,heen,150,MM0 ?AI
21.9090,heen,150,MM1 ?AI
21.9090,heen,150,MM0 AI=0:0:2412:2430:0:0
21.9090,heen,150,MM1 AI=0:0:2346:2345:0:0
21.9091,heen,150,MM0 !M 150 -150
21.9091,heen,150,MM1 !M 150 -150
21.9091,heen,150,MM0 +
21.9091,heen,150,MM1 +
21.9091,heen,150,MM1 PING
21.9091,heen,150,MM0 PING
21.9091,heen,150,"#168,YAW,-2.28,GYRO,-3,39,-10,ACC,52,1,250,ADC,1254,382,6,1,"
21.9091,heen,150,MM0 ?C
21.9091,heen,150,MM1 ?C
21.9091,heen,150,MM0 C=2213:-2262
21.9091,heen,150,MM1 C=3774:-3880
21.9091,heen,150,"$GPRMC,094117.8,A,5050.50811,N,00419.37492,E,000.26,223.8,021026,000.4,E*5C"
21.9091,heen,150,"#169,YAW,-2.28,GYRO,-11,53,-7,ACC,56,2,261,ADC,1271,498,3,1,"
21.9091,heen,150,MM0 ?D
21.9091,heen,150,MM1 ?D
21.9298,heen,150,MM0 D=50
21.9299,heen,150,MM1 D=3
21.9299,heen,150,"#170,YAW,-2.28,GYRO,-7,36,-5,ACC,50,5,256,ADC,1237,499,5,2,"
21.9299,heen,150,MM0 ?FF
21.9299,heen,150,MM1 ?FF
21.9570,heen,150,MM0 FF=0
21.9570,heen,150,MM1 FF=0
21.9570,heen,150,"#171,YAW,-2.28,GYRO,-8,48,-15,ACC,55,2,243,ADC,1234,503,7,2,"
21.9570,heen,150,MM0 ?P
21.9570,heen,150,MM1 ?P
21.9570,heen,150,MM0 P=150:-150
22.0048,heen,150,MM1 P=150:-150
22.0049,heen,150,"#172,YAW,-2.28,GYRO,-16,35,-11,ACC,56,1,252,ADC,1203,378,6,1,"
22.0049,heen,150,MM0 ?S
22.0049,heen,150,MM0 S=0:-75
22.0049,heen,150,MM1 ?S
22.0049,heen,150,MM1 S=0:0
22.0049,heen,150,MM1 !M 150 -150
22.0049,heen,150,MM1 +
22.0049,heen,150,MM0 !M 150 -150
22.0049,heen,150,MM0 +
22.0049,heen,150,MM0 PING
22.0049,heen,150,MM1 PING
22.0049,heen,150,"#173,YAW,-2.28,GYRO,-4,46,-13,ACC,56,2,253,ADC,1225,382,6,1,"
22.0049,heen,150,MM0 ?T
22.0051,heen,150,MM1 ?T
22.0051,heen,150,MM0 T=35:34
22.0051,heen,150,MM1 T=36:34
22.0260,heen,150,"#174,YAW,-2.28,GYRO,-3,55,-7,ACC,60,2,258,ADC,1256,390,4,1,"
22.0260,heen,150,MM1 ?V
22.0260,heen,150,MM0 ?V
22.0260,heen,150,MM0 V=120:222:4905
22.0260,heen,150,MM1 V=120:222:4900
22.0468,heen,150,"#175,YAW,-2.28,GYRO,-8,40,-8,ACC,60,1,244,ADC,1257,497,7,2,"
22.0468,heen,150,MM0 ?CR
22.0468,heen,150,MM1 ?CR
22.0468,heen,150,MM1 CR=0:0
22.0468,heen,150,MM0 CR=0:-11
22.0679,heen,150,"#176,YAW,-2.28,GYRO,-11,47,-9,ACC,58,1,247,ADC,1263,383,6,2,"
22.0680,heen,150,MM0 ?A
22.0680,heen,150,MM1 ?A
22.0680,heen,150,MM0 A=35:-14
22.0680,heen,150,MM1 A=25:-24
22.0680,heen,150,"#177,YAW,-2.28,GYRO,-11,46,-5,ACC,49,4,259,ADC,1281,411,5,2,"
22.1020,heen,150,MM0 ?AI
22.1020,heen,150,MM1 ?AI
22.1020,heen,150,MM0 AI=0:0:2424:2443:0:0
22.1021,heen,150,MM1 AI=0:0:2354:2347:0:0
22.1021,heen,150,MM0 !M 150 -150
22.1021,heen,150,MM1 !M 150 -150
22.1021,heen,150,MM0 +
22.1021,heen,150,MM1 +
22.1021,heen,150,MM1 PING
22.1021,heen,150,MM0 PING
22.1021,heen,150,"#178,YAW,-2.28,GYRO,-7,41,-12,ACC,51,2,253,ADC,1247,395,6,2,"
22.1021,heen,150,MM0 ?C
22.1021,heen,150,MM1 ?C
22.1021,heen,150,MM0 C=2213:-2274
22.1021,heen,150,MM1 C=3774:-3880
22.1228,heen,150,"$GPRMC,094118.0,A,5050.50810,N,00419.37491,E,000.24,223.8,021026,000.4,E*5B"
22.1228,heen,150,"#179,YAW,-2.28,GYRO,-10,46,-11,ACC,56,4,251,ADC,1269,346,4,1,"
22.1228,heen,150,MM0 ?D
22.1228,heen,150,MM1 ?D
22.1229,heen,150,MM0 D=58
22.1229,heen,150,MM1 D=3
22.1439,heen,150,"#180,YAW,-2.28,GYRO,-9,37,-8,ACC,61,1,243,ADC,1236,390,4,2,"
22.1439,heen,150,MM0 ?FF
22.1439,heen,150,MM1 ?FF
22.1439,heen,150,MM0 FF=0
22.1439,heen,150,MM1 FF=0
22.1668,heen,150,"#181,YAW,-2.28,GYRO,-14,33,-9,ACC,58,1,248,ADC,1251,382,4,1,"
22.1668,heen,150,MM0 ?P
22.1668,heen,150,MM1 ?P
22.1668,heen,150,MM0 P=150:-150
22.1669,heen,150,MM1 P=150:-150
22.2006,heen,150,"#182,YAW,-2.28,GYRO,-1,57,-9,ACC,53,4,257,ADC,1275,404,4,1,"
22.2007,heen,150,MM0 ?S
22.2007,heen,150,MM0 S=0:0
22.2007,heen,150,MM1 ?S
22.2007,heen,150,MM1 S=0:0
22.2007,heen,150,MM1 !M 150 -150
22.2007,heen,150,MM0 !M 150 -150
22.2007,heen,150,MM1 +
22.2007,heen,150,MM0 +
22.2007,heen,150,MM0 PING
22.2007,heen,150,MM1 PING
22.2007,heen,150,"#183,YAW,-2.28,GYRO,-16,38,-6,ACC,54,2,253,ADC,1270,387,4,1,"
22.2007,heen,150,MM0 ?T
22.2007,heen,150,MM1 ?T
22.2007,heen,150,MM0 T=35:34
22.2007,heen,150,MM1 T=36:34
22.2217,heen,150,"#184,YAW,-2.28,GYRO,-2,40,-10,ACC,54,1,244,ADC,1292,386,4,2,"
22.2217,heen,150,MM0 ?V
22.2217,heen,150,MM1 ?V
22.2217,heen,150,MM0 V=120:222:4906
22.2217,heen,150,MM1 V=120:221:4899
22.2428,heen,150,"#185,YAW,-2.28,GYRO,-11,47,-11,ACC,59,2,254,ADC,1245,391,5,1,"
22.2428,heen,150,MM0 ?CR
22.2428,heen,150,MM1 ?CR
22.2428,heen,150,MM1 CR=0:0
22.2428,heen,150,MM0 CR=0:-10
22.2638,heen,150,"#186,YAW,-2.28,GYRO,-5,47,-6,ACC,57,2,255,ADC,1268,391,6,2,"
22.2638,heen,150,MM0 ?A
22.2638,heen,150,MM1 ?A
22.2638,heen,150,MM0 A=30:-24
22.2638,heen,150,MM1 A=25:-24
22.2980,heen,150,"#187,YAW,-2.28,GYRO,-10,42,-7,ACC,53,2,248,ADC,1251,391,6,2,"
22.2980,heen,150,MM0 ?AI
22.2980,heen,150,MM1 ?AI
22.2980,heen,150,MM0 AI=0:0:2425:2445:0:0
22.2980,heen,150,MM1 AI=0:0:2324:2361:0:0
22.2980,heen,150,MM0 !M 150 -150
22.2980,heen,150,MM1 !M 150 -150
22.2980,heen,150,MM0 +
22.2981,heen,150,MM1 +
22.2981,heen,150,MM0 PING
22.2981,heen,150,MM1 PING
22.2981,heen,150,MM0 !M 150 -150
22.2981,heen,150,MM1 !M 150 -150
22.2981,heen,150,MM0 +
22.2981,heen,150,MM1 +
22.2982,heen,150,"#188,YAW,-2.28,GYRO,-6,45,-11,ACC,54,1,246,ADC,1242,320,6,2,"
22.2982,heen,150,MM0 ?C
22.2982,heen,150,MM1 ?C
22.2982,heen,150,MM0 C=2213:-2281
22.2982,heen,150,MM1 C=3774:-3880
22.3188,heen,150,"$GPRMC,094118.2,A,5050.50809,N,00419.37491,E,000.24,223.8,021026,000.4,E*51"
22.3188,heen,150,"#189,YAW,-2.28,GYRO,-9,41,-11,ACC,54,4,254,ADC,1209,335,6,2,"
22.3189,heen,150,MM0 ?D
22.3189,heen,150,MM1 ?D
22.3189,heen,150,MM0 D=34
22.3189,heen,150,MM1 D=3
22.3397,heen,150,"#190,YAW,-2.28,GYRO,-8,46,-6,ACC,57,-1,249,ADC,1313,385,4,1,"
22.3397,heen,150,MM0 ?FF
22.3397,heen,150,MM1 ?FF
22.3397,heen,150,MM0 FF=0
22.3397,heen,150,MM1 FF=0
22.3606,heen,150,"#191,YAW,-2.28,GYRO,-9,49,-13,ACC,55,2,249,ADC,1268,501,6,2,"
22.3606,heen,150,MM0 ?P
22.3606,heen,150,MM1 ?P
22.3606,heen,150,MM0 P=150:-150
22.3606,heen,150,MM1 P=150:-150
22.3947,heen,150,"#192,YAW,-2.28,GYRO,-6,46,-14,ACC,59,3,249,ADC,1264,494,4,1,"
22.3947,heen,150,MM0 ?S
22.3947,heen,150,MM1 ?S
22.3947,heen,150,MM0 S=0:0
22.3947,heen,150,MM1 S=0:0
22.3947,heen,150,"#193,YAW,-2.28,GYRO,-9,44,-11,ACC,56,2,250,ADC,1256,501,5,2,"
22.3947,heen,150,MM0 ?T
22.3947,heen,150,MM1 ?T
22.3947,heen,150,MM0 T=35:34
22.3947,heen,150,MM1 T=36:34
22.4156,heen,150,"#194,YAW,-2.28,GYRO,-8,48,-11,ACC,52,2,251,ADC,1297,503,4,1,"
22.4157,heen,150,MM0 ?V
22.4157,heen,150,MM1 ?V
22.4157,heen,150,MM0 V=120:224:4904
22.4157,heen,150,MM1 V=120:222:4899
22.4366,heen,150,"#195,YAW,-2.28,GYRO,-9,44,-15,ACC,56,3,252,ADC,1228,381,3,2,"
22.4367,heen,150,MM0 ?CR
22.4367,heen,150,MM1 ?CR
22.4367,heen,150,MM0 CR=0:-2
22.4367,heen,150,MM1 CR=0:0
22.4581,heen,150,"#196,YAW,-2.28,GYRO,-9,44,-13,ACC,56,1,251,ADC,1255,396,6,2,"
22.4581,heen,150,MM0 ?A
22.4581,heen,150,MM1 ?A
22.4581,heen,150,MM0 A=30:-24
22.4581,heen,150,MM1 A=25:-24
22.5082,heen,150,"#197,YAW,-2.28,GYRO,-9,43,-11,ACC,59,2,252,ADC,1272,503,5,2,"
22.5082,heen,150,MM0 ?AI
22.5082,heen,150,MM1 ?AI
22.5082,heen,150,MM0 AI=0:0:2444:2439:0:0
22.5082,heen,150,MM1 AI=0:0:2328:2398:0:0
22.5082,heen,150,MM0 !M 150PING
22.5082,heen,150,MM1 !M 150PING
22.5082,heen,150,MM0 +
22.5082,heen,150,MM1 +
22.5082,heen,150,MM1 !M 150 -150
22.5082,heen,150,MM0 !M 150 -150
22.5082,heen,150,MM1 +
22.5082,heen,150,MM0 +
22.5082,heen,150,"#198,YAW,-2.28,GYRO,-9,43,-4,ACC,58,3,249,ADC,1246,390,6,1,"
22.5083,heen,150,MM0 ?C
22.5083,heen,150,MM1 ?C
22.5083,heen,150,MM0 C=2213:-2283
22.5083,heen,150,MM1 C=3774:-3880
22.5083,heen,150,"$GPRMC,094118.4,A,5050.50808,N,00419.37490,E,000.23,223.8,021026,000.4,E*50"
22.5083,heen,150,"#199,YAW,-2.28,GYRO,-9,46,-8,ACC,59,1,247,ADC,1274,501,4,2,"
22.5289,heen,150,MM0 ?D
22.5290,heen,150,MM1 ?D
22.5290,heen,150,MM0 D=18
22.5290,heen,150,MM1 D=11
22.5290,heen,150,"#200,YAW,-2.28,GYRO,-10,50,-13,ACC,57,2,250,ADC,1238,502,6,2,"
22.5290,heen,150,MM0 ?FF
22.5500,heen,150,MM1 ?FF
22.5500,heen,150,MM0 FF=0
22.5501,heen,150,MM1 FF=0
22.5501,heen,150,"#201,YAW,-2.28,GYRO,-7,52,-13,ACC,56,3,250,ADC,1274,501,6,2,"
22.5501,heen,150,MM0 ?P
22.5501,heen,150,MM1 ?P
22.5709,heen,150,MM0 P=150:-150
22.5709,heen,150,MM1 P=150:-150
22.5709,heen,150,"#202,YAW,-2.28,GYRO,-9,47,-9,ACC,53,1,249,ADC,1259,500,5,2,"
22.5709,heen,150,MM0 ?S
22.5709,heen,150,MM1 ?S
22.5709,heen,150,MM0 S=0:0
22.5709,heen,150,MM1 S=0:0
22.6050,heen,150,MM0 !M 150 -150
22.6050,heen,150,MM1 !M 150 -150
22.6050,heen,150,MM0 +
22.6050,heen,150,MM1 +
22.6050,heen,150,"#203,YAW,-2.28,GYRO,-8,48,-9,ACC,55,0,248,ADC,1263,294,4,1,"
22.6051,heen,150,MM0 ?T
22.6051,heen,150,MM1 ?T
22.6051,heen,150,MM0 T=35:34
22.6051,heen,150,MM1 T=36:34
22.6258,heen,150,"#204,YAW,-2.28,GYRO,-8,44,-10,ACC,57,1,252,ADC,1248,387,7,2,"
22.6258,heen,150,MM0 ?V
22.6258,heen,150,MM1 ?V
22.6258,heen,150,MM0 V=120:223:4905
22.6258,heen,150,MM1 V=120:222:4900
22.6468,heen,150,"#205,YAW,-2.28,GYRO,-8,46,-9,ACC,54,1,251,ADC,1242,392,6,2,"
22.6468,heen,150,MM0 ?CR
22.6468,heen,150,MM1 ?CR
22.6468,heen,150,MM0 CR=0:-2
22.6468,heen,150,MM1 CR=0:0
22.6677,heen,150,"#206,YAW,-2.28,GYRO,-8,46,-10,ACC,54,1,249,ADC,1248,502,5,2,"
22.6677,heen,150,MM0 ?A
22.6677,heen,150,MM1 ?A
22.6677,heen,150,MM0 A=30:-24
22.6678,heen,150,MM1 A=25:-24
22.6678,heen,150,"#207,YAW,-2.28,GYRO,-8,45,-8,ACC,55,1,250,ADC,1310,500,4,2,"
22.7027,heen,150,MM0 ?AI
22.7027,heen,150,MM1 ?AI
22.7027,heen,150,MM0 AI=0:0:2420:2383:0:0
22.7027,heen,150,MM1 AI=0:0:2327:2373:0:0
22.7027,heen,150,"#208,YAW,-2.28,GYRO,-8,44,-9,ACC,59,4,254,ADC,1290,384,4,1,"
22.7027,heen,150,MM0 ?C
22.7027,heen,150,MM1 ?C
22.7027,heen,150,MM0 C=2213:-2284
22.7028,heen,150,MM1 C=3774:-3880
22.7028,heen,150,"$GPRMC,094118.6,A,5050.50807,N,00419.37488,E,000.24,223.8,021026,000.4,E*53"
22.7229,heen,150,"#209,YAW,-2.28,GYRO,-7,43,-9,ACC,57,1,247,ADC,1236,385,5,1,"
22.7229,heen,150,MM0 ?D
22.7229,heen,150,MM1 ?D
22.7229,heen,150,MM0 D=18
22.7229,heen,150,MM1 D=3
22.7439,heen,150,"#210,YAW,-2.28,GYRO,-7,44,-9,ACC,54,4,249,ADC,1211,380,6,1,"
22.7439,heen,150,MM0 ?FF
22.7439,heen,150,MM1 ?FF
22.7439,heen,150,MM0 FF=0
22.7439,heen,150,MM1 FF=0
22.7647,heen,150,"#211,YAW,-2.28,GYRO,-7,47,-8,ACC,57,2,249,ADC,1249,388,5,2,"
22.7647,heen,150,MM0 ?P
22.7647,heen,150,MM1 ?P
22.7647,heen,150,MM0 P=150:-150
22.7647,heen,150,MM1 P=150:-150
22.7988,heen,150,"#212,YAW,-2.28,GYRO,-9,44,-9,ACC,56,2,249,ADC,1254,501,5,2,"
22.7988,heen,150,MM0 ?S
22.7988,heen,150,MM1 ?S
22.7988,heen,150,MM0 S=0:0
22.7988,heen,150,MM1 S=0:0
22.7988,heen,150,MM1 !M 150 -150
22.7988,heen,150,MM0 !M 150 -150
22.7989,heen,150,MM0 +
22.7989,heen,150,MM1 +
22.7989,heen,150,MM0 PING
22.7989,heen,150,MM1 PING
22.7989,heen,150,"#213,YAW,-2.28,GYRO,-8,45,-9,ACC,53,3,250,ADC,1282,498,9,3,"
22.7989,heen,150,MM0 ?T
22.7989,heen,150,MM1 ?T
22.7989,heen,150,MM0 T=35:34
22.7989,heen,150,MM1 T=36:34
22.8198,heen,150,"#214,YAW,-2.28,GYRO,-9,43,-10,ACC,61,1,252,ADC,1244,381,4,1,"
22.8198,heen,150,MM0 ?V
22.8198,heen,150,MM1 ?V
22.8198,heen,150,MM0 V=120:222:4904
22.8198,heen,150,MM1 V=120:223:4898
22.8408,heen,150,"#215,YAW,-2.28,GYRO,-9,45,-9,ACC,53,2,253,ADC,1211,380,6,2,"
22.8408,heen,150,MM0 ?CR
22.8408,heen,150,MM1 ?CR
22.8408,heen,150,MM0 CR=0:0
22.8408,heen,150,MM1 CR=0:0
22.8617,heen,150,"#216,YAW,-2.28,GYRO,-8,42,-7,ACC,53,3,247,ADC,1258,406,5,2,"
22.8617,heen,150,MM0 ?A
22.8617,heen,150,MM1 ?A
22.8617,heen,150,MM0 A=30:-24
22.8617,heen,150,MM1 A=25:-24
22.9134,heen,150,"#217,YAW,-2.28,GYRO,-7,45,-7,ACC,57,2,253,ADC,1278,387,5,3,"
22.9134,heen,150,MM0 ?AI
22.9134,heen,150,MM1 ?AI
22.9134,heen,150,MM0 AI=0:0:2420:2435:0:0
22.9134,heen,150,MM1 AI=0:0:2341:2334:0:0
22.9134,heen,150,MM0 !M 150 -150
22.9134,heen,150,MM1 !M 150 -150
22.9135,heen,150,MM0 +
22.9135,heen,150,MM1 +
22.9135,heen,150,MM0 PING
22.9135,heen,150,MM1 PING
22.9135,heen,150,"#218,YAW,-2.28,GYRO,-8,45,-6,ACC,55,5,248,ADC,1209,389,5,2,"
22.9135,heen,150,MM0 ?C
22.9135,heen,150,MM1 ?C
22.9135,heen,150,MM0 C=2214:-2284
22.9135,heen,150,MM1 C=3774:-3880
22.9135,heen,150,MM0 !M 150 -150
22.9135,heen,150,MM1 !M 150 -150
22.9135,heen,150,MM0 +
22.9135,heen,150,MM1 +
22.9135,heen,150,"$GPRMC,094118.8,A,5050.50806,N,00419.37487,E,000.25,223.8,021026,000.4,E*52"
22.9135,heen,150,"#219,YAW,-2.28,GYRO,-9,43,-5,ACC,56,2,249,ADC,1227,315,4,2,"
22.9135,heen,150,MM0 ?D
22.9135,heen,150,MM1 ?D
22.9135,heen,150,MM0 D=0
22.9135,heen,150,MM1 D=3
22.9325,heen,150,"#220,YAW,-2.28,GYRO,-9,40,-5,ACC,55,5,254,ADC,1262,496,6,3,"
22.9326,heen,150,MM0 ?FF
22.9326,heen,150,MM1 ?FF
22.9326,heen,150,MM0 FF=0
22.9326,heen,150,MM1 FF=0
22.9548,heen,150,"#221,YAW,-2.28,GYRO,-10,44,-6,ACC,54,1,249,ADC,1238,383,5,2,"
22.9548,heen,150,MM0 ?P
22.9548,heen,150,MM1 ?P
22.9548,heen,150,MM0 P=150:-150
22.9548,heen,150,MM1 P=150:-150
22.9746,heen,150,"#222,YAW,-2.28,GYRO,-8,43,-10,ACC,55,1,247,ADC,1269,382,5,2,"
22.9746,heen,150,MM0 ?S
22.9746,heen,150,MM1 ?S
22.9746,heen,150,MM0 S=0:0
22.9746,heen,150,MM1 S=0:0
23.0101,heen,150,"#223,YAW,-2.28,GYRO,-9,44,-11,ACC,58,0,249,ADC,1231,382,3,1,"
23.0102,heen,150,MM0 !M 150 -150
23.0102,heen,150,MM0 +
23.0102,heen,150,MM1 !M 150 -150
23.0102,heen,150,MM1 +
23.0102,heen,150,MM0 ?T
23.0102,heen,150,MM1 ?T
23.0102,heen,150,MM0 T=35:34
23.0102,heen,150,MM1 T=36:34
23.0102,heen,150,"#224,YAW,-2.28,GYRO,-9,45,-10,ACC,54,1,250,ADC,1263,383,5,2,"
23.0102,heen,150,MM0 ?V
23.0102,heen,150,MM1 ?V
23.0308,heen,150,MM0 V=120:217:4902
23.0309,heen,150,MM1 V=120:219:4899
23.0309,heen,150,"#225,YAW,-2.28,GYRO,-8,48,-9,ACC,57,1,247,ADC,1235,381,6,2,"
23.0309,heen,150,MM1 ?CR
23.0309,heen,150,MM0 ?CR
23.0309,heen,150,MM0 CR=1:-1
23.0526,heen,150,MM1 CR=0:0
23.0526,heen,150,"#226,YAW,-2.28,GYRO,-8,46,-9,ACC,57,2,247,ADC,1278,502,5,2,"
23.0526,heen,150,MM0 ?A
23.0526,heen,150,MM1 ?A
23.0526,heen,150,MM0 A=30:-29
23.0527,heen,150,MM1 A=25:-29
23.0730,heen,150,"#227,YAW,-2.28,GYRO,-8,45,-8,ACC,55,2,253,ADC,1251,407,4,2,"
23.0730,heen,150,MM1 ?AI
23.0730,heen,150,MM0 ?AI
23.0730,heen,150,MM1 AI=0:0:2331:2322:0:0
23.1069,heen,150,MM0 AI=0:0:2464:2422:0:0
23.1069,heen,150,MM0 !M 150 -150
23.1069,heen,150,MM1 !M 150 -150
23.1070,heen,150,MM1 +
23.1070,heen,150,MM0 +
23.1070,heen,150,"#228,YAW,-2.28,GYRO,-9,48,-8,ACC,53,2,248,ADC,1217,332,6,2,"
23.1070,heen,150,MM0 ?C
23.1070,heen,150,MM1 ?C
23.1070,heen,150,MM0 C=2214:-2285
23.1070,heen,150,MM1 C=3774:-3880
23.1070,heen,150,"$GPRMC,094119.0,A,5050.50805,N,00419.37485,E,000.26,223.8,021026,000.4,E*59"
23.1278,heen,150,"#229,YAW,-2.28,GYRO,-8,46,-7,ACC,55,3,246,ADC,1241,400,5,2,"
23.1278,heen,150,MM0 ?D
23.1278,heen,150,MM1 ?D
23.1278,heen,150,MM0 D=0
23.1278,heen,150,MM1 D=3
23.1278,heen,150,"#230,YAW,-2.28,GYRO,-8,45,-10,ACC,57,3,251,ADC,1264,382,4,2,"
23.1489,heen,150,MM1 ?FF
23.1489,heen,150,MM0 ?FF
23.1489,heen,150,MM1 FF=0
23.1489,heen,150,MM0 FF=0
23.1489,heen,150,"#231,YAW,-2.28,GYRO,-8,47,-11,ACC,57,2,247,ADC,1248,388,6,2,"
23.1489,heen,150,MM0 ?P
23.1489,heen,150,MM1 ?P
23.1699,heen,150,MM1 P=150:-150
23.1699,heen,150,MM0 P=150:-150
23.1699,heen,150,"#232,YAW,-2.28,GYRO,-8,46,-9,ACC,53,-1,248,ADC,1286,380,6,1,"
23.1699,heen,150,MM0 ?S
23.1699,heen,150,MM1 ?S
23.1699,heen,150,MM0 S=0:0
23.2045,heen,150,MM1 S=0:0
23.2045,heen,150,MM1 !M 150 -150
23.2045,heen,150,MM0 !M 150 -150
23.2045,heen,150,MM1 +
23.2045,heen,150,MM0 +
23.2045,heen,150,"#233,YAW,-2.28,GYRO,-8,46,-8,ACC,55,3,251,ADC,1250,382,5,2,"
23.2045,heen,150,MM0 ?T
23.2045,heen,150,MM1 ?T
23.2045,heen,150,MM0 T=35:34
23.2045,heen,150,MM1 T=36:34
23.2248,heen,150,"#234,YAW,-2.28,GYRO,-8,47,-9,ACC,55,1,248,ADC,1260,388,4,2,"
23.2248,heen,150,MM0 ?V
23.2248,heen,150,MM1 ?V
23.2248,heen,150,MM0 V=120:222:4902
23.2248,heen,150,MM1 V=120:220:4900
23.2458,heen,150,"#235,YAW,-2.28,GYRO,-9,45,-8,ACC,59,2,249,ADC,1283,501,4,1,"
23.2458,heen,150,MM1 ?CR
23.2458,heen,150,MM0 ?CR
23.2458,heen,150,MM1 CR=0:0
23.2458,heen,150,MM0 CR=0:0
23.2685,heen,150,"#236,YAW,-2.28,GYRO,-6,45,-8,ACC,58,2,250,ADC,1278,388,5,2,"
23.2685,heen,150,MM0 ?A
23.2685,heen,150,MM1 ?A
23.2685,heen,150,MM0 A=30:-24
23.2685,heen,150,MM1 A=25:-24
23.3040,heen,150,"#237,YAW,-2.28,GYRO,-8,45,-8,ACC,58,1,251,ADC,1220,382,5,2,"
23.3040,heen,150,MM1 ?AI
23.3040,heen,150,MM0 ?AI
23.3040,heen,150,MM1 AI=0:0:2325:2339:0:0
23.3040,heen,150,MM0 AI=0:0:2428:2431:0:0
23.3040,heen,150,MM0 !M 150 -150
23.3040,heen,150,MM1 !M 150 -150
23.3040,heen,150,MM0 +
23.3040,heen,150,MM1 +
23.3040,heen,150,"#238,YAW,-2.28,GYRO,-7,44,-8,ACC,52,2,251,ADC,1264,386,6,2,"
23.3040,heen,150,MM1 ?C
23.3040,heen,150,MM0 ?C
23.3040,heen,150,MM1 C=3774:-3880
23.3041,heen,150,MM0 C=2214:-2285
23.3041,heen,150,"$GPRMC,094119.2,A,5050.50805,N,00419.37483,E,000.27,223.8,021026,000.4,E*5C"
23.3249,heen,150,"#239,YAW,-2.28,GYRO,-8,45,-8,ACC,56,3,253,ADC,1228,384,6,2,"
23.3249,heen,150,MM1 ?D
23.3249,heen,150,MM0 ?D
23.3249,heen,150,MM1 D=3
23.3249,heen,150,MM0 D=0
23.3462,heen,150,"#240,YAW,-2.28,GYRO,-8,46,-9,ACC,56,2,250,ADC,1221,385,5,2,"
23.3462,heen,150,MM1 ?FF
23.3462,heen,150,MM0 ?FF
23.3462,heen,150,MM1 FF=0
23.3462,heen,150,MM0 FF=0
23.3667,heen,150,"#241,YAW,-2.28,GYRO,-8,46,-6,ACC,55,1,248,ADC,1256,500,5,2,"
23.3667,heen,150,MM1 ?P
23.3667,heen,150,MM0 ?P
23.3667,heen,150,MM1 P=150:-150
23.3667,heen,150,MM0 P=150:-150
23.4008,heen,150,"#242,YAW,-2.28,GYRO,-5,47,-7,ACC,57,1,246,ADC,1237,384,6,2,"
23.4008,heen,150,MM1 ?S
23.4008,heen,150,MM0 ?S
23.4008,heen,150,MM1 S=0:0
23.4008,heen,150,MM0 S=0:0
23.4008,heen,150,MM1 !M 150 -150
23.4008,heen,150,MM0 !M 150 -150
23.4008,heen,150,MM1 +
23.4008,heen,150,MM0 +
23.4008,heen,150,"#243,YAW,-2.28,GYRO,-8,49,-8,ACC,57,1,252,ADC,1264,502,3,1,"
23.4008,heen,150,MM1 ?T
23.4008,heen,150,MM0 ?T
23.4009,heen,150,MM1 T=36:34
23.4009,heen,150,MM0 T=35:34
23.4217,heen,150,"#244,YAW,-2.28,GYRO,-8,45,-8,ACC,56,1,249,ADC,1246,386,5,3,"
23.4217,heen,150,MM1 ?V
23.4217,heen,150,MM0 ?V
23.4217,heen,150,MM1 V=120:223:4899
23.4217,heen,150,MM0 V=120:223:4902
23.4427,heen,150,"#245,YAW,-2.28,GYRO,-9,47,-5,ACC,57,2,252,ADC,1293,497,4,2,"
23.4427,heen,150,MM1 ?CR
23.4427,heen,150,MM0 ?CR
23.4427,heen,150,MM0 CR=0:-1
23.4427,heen,150,MM1 CR=0:0
23.4640,heen,150,"#246,YAW,-2.28,GYRO,-8,48,-7,ACC,60,4,252,ADC,1234,498,5,1,"
23.4640,heen,150,MM1 ?A
23.4640,heen,150,MM0 ?A
23.4640,heen,150,MM1 A=25:-24
23.4640,heen,150,MM0 A=30:-29
23.5127,heen,150,"#247,YAW,-2.28,GYRO,-8,44,-8,ACC,59,2,249,ADC,1287,497,5,2,"
23.5128,heen,150,MM1 ?AI
23.5128,heen,150,MM0 ?AI
23.5128,heen,150,MM1 AI=0:0:2324:2351:0:0
23.5128,heen,150,MM0 AI=0:0:2439:2429:0:0
23.5128,heen,150,"#248,YAW,-2.27,GYRO,-7,40,-7,ACC,61,3,249,ADC,1211,379,5,1,"
23.5128,heen,150,MM1 ?C
23.5128,heen,150,MM0 ?C
23.5128,heen,150,MM0 C=2214:-2286
23.5128,heen,150,MM1 C=3774:-3880
23.5128,heen,150,MM0 !M 150 -150
23.5128,heen,150,MM1 !M 150 -150
23.5128,heen,150,MM0 +
23.5128,heen,150,MM1 +
23.5128,heen,150,"$GPRMC,094119.4,A,5050.50804,N,00419.37480,E,000.30,223.8,021026,000.4,E*5E"
23.5128,heen,150,"#249,YAW,-2.28,GYRO,-7,32,-2,ACC,63,3,254,ADC,1291,358,5,1,"
23.5128,heen,150,MM1 ?D
23.5128,heen,150,MM0 ?D
23.5128,heen,150,MM0 D=32
23.5128,heen,150,MM1 D=2
23.5336,heen,150,"#250,YAW,-2.28,GYRO,-4,24,9,ACC,63,1,253,ADC,1242,389,5,2,"
23.5336,heen,150,MM1 ?FF
23.5337,heen,150,MM0 ?FF
23.5337,heen,150,MM1 FF=0
23.5337,heen,150,MM0 FF=0
23.5547,heen,150,"#251,YAW,-2.28,GYRO,-6,17,8,ACC,72,2,252,ADC,1261,499,7,2,"
23.5547,heen,150,MM1 ?P
23.5547,heen,150,MM0 ?P
23.5547,heen,150,MM1 P=150:-150
23.5547,heen,150,MM0 P=150:-150
23.5758,heen,146,"#252,YAW,-2.28,GYRO,-3,21,6,ACC,56,4,247,ADC,1245,393,5,2,"
23.5758,heen,146,MM1 ?S
23.5758,heen,146,MM0 ?S
23.5758,heen,146,MM0 S=75:0
23.5758,heen,146,MM1 S=0:0
23.6120,heen,146,"#253,YAW,-2.28,GYRO,-10,41,2,ACC,41,4,252,ADC,1261,383,3,1,"
23.6120,heen,146,MM0 ?T
23.6120,heen,146,MM1 ?T
23.6120,heen,146,MM1 T=36:34
23.6120,heen,146,MM0 T=35:34
23.6120,heen,146,MM1 !M 146 -146
23.6120,heen,146,MM0 !M 146 -146
23.6121,heen,146,MM1 +
23.6121,heen,146,MM0 +
23.6121,heen,146,"#254,YAW,-2.28,GYRO,-13,21,-9,ACC,39,2,243,ADC,1196,381,7,3,"
23.6121,heen,146,MM1 ?V
23.6121,heen,146,MM0 ?V
23.6121,heen,146,MM1 V=120:221:4898
23.6325,heen,146,MM0 V=120:223:4903
23.6325,heen,146,"#255,YAW,-2.28,GYRO,-3,54,-14,ACC,50,2,246,ADC,1274,392,8,2,"
23.6326,heen,146,MM0 ?CR
23.6326,heen,146,MM1 ?CR
23.6326,heen,146,MM0 CR=1:-2
23.6326,heen,146,MM1 CR=2:-2
23.6536,heen,146,"#0,YAW,-2.28,GYRO,-10,52,-1,ACC,50,1,261,ADC,1212,381,4,2,"
23.6536,heen,146,MM1 ?A
23.6536,heen,146,MM0 ?A
23.6536,heen,146,MM1 A=25:-24
23.6536,heen,146,MM0 A=30:-24
23.6747,heen,116,"#1,YAW,-2.28,GYRO,-9,38,-1,ACC,52,0,249,ADC,1242,393,6,2,"
23.6747,heen,116,MM1 ?AI
23.6748,heen,116,MM0 ?AI
23.6748,heen,116,MM1 AI=0:0:2344:2348:0:0
23.6748,heen,116,MM0 AI=0:0:2417:2283:0:0
23.7096,heen,116,MM0 !M 116 -116
23.7096,heen,116,MM1 !M 116 -116
23.7096,heen,116,MM0 +
23.7096,heen,116,MM1 +
23.7096,heen,116,"#2,YAW,-2.28,GYRO,-7,45,-17,ACC,54,3,249,ADC,1232,275,5,2,"
23.7096,heen,116,MM1 ?C
23.7097,heen,116,MM0 ?C
23.7097,heen,116,MM1 C=3776:-3882
23.7097,heen,116,MM0 C=2215:-2288
23.7097,heen,116,"$GPRMC,094119.6,A,5050.50803,N,00419.37478,E,000.32,223.8,021026,000.4,E*5E"
23.7097,heen,116,"#3,YAW,-2.28,GYRO,-9,44,-10,ACC,55,3,251,ADC,1280,317,8,1,"
23.7097,heen,116,MM1 ?D
23.7097,heen,116,MM0 ?D
23.7298,heen,116,MM1 D=48
23.7298,heen,116,MM0 D=25
23.7298,heen,116,"#4,YAW,-2.28,GYRO,-7,39,-7,ACC,62,-2,248,ADC,1270,387,7,1,"
23.7298,heen,116,MM1 ?FF
23.7298,heen,116,MM0 ?FF
23.7298,heen,116,MM1 FF=0
23.7507,heen,116,MM0 FF=0
23.7508,heen,116,"#5,YAW,-2.28,GYRO,-8,47,-10,ACC,57,4,247,ADC,1248,380,4,1,"
23.7508,heen,116,MM1 ?P
23.7508,heen,116,MM0 ?P
23.7508,heen,116,MM1 P=116:-116
23.7718,heen,86,MM0 P=116:-116
23.7718,heen,86,"#6,YAW,-2.28,GYRO,-8,49,-8,ACC,53,4,254,ADC,1250,494,5,1,"
23.7718,heen,86,MM0 ?S
23.7718,heen,86,MM1 ?S
23.7718,heen,86,MM0 S=0:0
23.7718,heen,86,MM1 S=0:0
23.8058,heen,86,MM0 !M 86 -86
23.8058,heen,86,MM1 !M 86 -86
23.8058,heen,86,MM0 +
23.8058,heen,86,MM1 +
23.8058,heen,86,"#7,YAW,-2.28,GYRO,-9,43,-9,ACC,57,2,249,ADC,1248,329,5,1,"
23.8058,heen,86,MM0 ?T
23.8058,heen,86,MM1 ?T
23.8058,heen,86,MM0 T=35:34
23.8058,heen,86,MM1 T=36:34
23.8268,heen,86,"#8,YAW,-2.28,GYRO,-9,58,-14,ACC,55,1,244,ADC,1261,500,5,2,"
23.8268,heen,86,MM0 ?V
23.8268,heen,86,MM1 ?V
23.8268,heen,86,MM0 V=120:223:4904
23.8268,heen,86,MM1 V=120:221:4900
23.8478,heen,86,"#9,YAW,-2.28,GYRO,-8,47,-12,ACC,63,2,254,ADC,1247,382,4,2,"
23.8478,heen,86,MM0 ?CR
23.8478,heen,86,MM1 ?CR
23.8478,heen,86,MM1 CR=-1:0
23.8478,heen,86,MM0 CR=0:0
23.8478,heen,86,"#10,YAW,-2.27,GYRO,-9,54,-8,ACC,61,2,256,ADC,1264,501,4,2,"
23.8689,heen,56,MM0 ?A
23.8689,heen,56,MM1 ?A
23.8689,heen,56,MM0 A=5:-4
23.8689,heen,56,MM1 A=10:-4
23.8689,heen,56,"#11,YAW,-2.27,GYRO,-8,49,-8,ACC,56,1,251,ADC,1254,501,4,2,"
23.8689,heen,56,MM0 ?AI
23.8689,heen,56,MM1 ?AI
23.9075,heen,56,MM0 AI=0:0:2411:2416:0:0
23.9076,heen,56,MM1 AI=0:0:2343:2098:0:0
23.9076,heen,56,MM0 !M 56 -56
23.9076,heen,56,MM1 !M 56 -56
23.9076,heen,56,MM0 +
23.9076,heen,56,MM1 +
23.9076,heen,56,"#12,YAW,-2.27,GYRO,-9,47,-10,ACC,55,2,250,ADC,1217,399,5,2,"
23.9076,heen,56,MM0 ?C
23.9076,heen,56,MM1 ?C
23.9076,heen,56,MM0 C=2215:-2288
23.9076,heen,56,MM1 C=3775:-3882
23.9076,heen,56,"$GPRMC,094119.8,A,5050.50803,N,00419.37475,E,000.36,223.8,021026,000.4,E*59"
23.9249,heen,56,"#13,YAW,-2.27,GYRO,-10,84,-11,ACC,47,1,236,ADC,1278,390,6,2,"
23.9249,heen,56,MM0 ?D
23.9249,heen,56,MM1 ?D
23.9249,heen,56,MM0 D=17
23.9249,heen,56,MM1 D=34
23.9457,heen,56,"#14,YAW,-2.27,GYRO,-4,62,-8,ACC,50,4,260,ADC,1291,501,6,1,"
23.9457,heen,56,MM0 ?FF
23.9457,heen,56,MM1 ?FF
23.9457,heen,56,MM0 FF=0
23.9457,heen,56,MM1 FF=0
23.9670,heen,56,"#15,YAW,-2.27,GYRO,-14,69,-5,ACC,59,1,256,ADC,1220,383,7,2,"
23.9670,heen,56,MM0 ?P
23.9670,heen,56,MM1 ?P
23.9670,heen,56,MM0 P=56:-56
23.9670,heen,56,MM1 P=56:-56
24.0157,heen,25,"#16,YAW,-2.27,GYRO,-8,41,-14,ACC,60,3,252,ADC,1242,500,7,2,"
24.0157,heen,25,MM0 ?S
24.0157,heen,25,MM1 ?S
24.0158,heen,25,MM0 S=0:0
24.0158,heen,25,MM1 S=0:0
24.0158,heen,25,"#17,YAW,-2.27,GYRO,-12,43,-18,ACC,63,2,245,ADC,1252,401,6,2,"
24.0158,heen,25,MM0 ?T
24.0158,heen,25,MM1 ?T
24.0158,heen,25,MM0 T=35:35
24.0158,heen,25,MM1 T=36:34
24.0158,heen,25,MM1 !M 25 -25
24.0158,heen,25,MM0 !M 25 -25
24.0158,heen,25,MM1 +
24.0158,heen,25,MM0 +
24.0158,heen,25,"#18,YAW,-2.27,GYRO,-5,52,-9,ACC,37,-1,242,ADC,1238,394,4,1,"
24.0158,heen,25,MM0 ?V
24.0158,heen,25,MM1 ?V
24.0158,heen,25,MM0 V=120:223:4906
24.0158,heen,25,MM1 V=120:223:4900
24.0370,heen,25,"#19,YAW,-2.27,GYRO,-7,92,-10,ACC,41,7,242,ADC,1239,381,8,2,"
24.0370,heen,25,MM0 ?CR
24.0370,heen,25,MM1 ?CR
24.0370,heen,25,MM0 CR=-1:0
24.0370,heen,25,MM1 CR=0:1
24.0575,heen,25,"#20,YAW,-2.27,GYRO,-10,86,-17,ACC,52,4,263,ADC,1294,499,5,2,"
24.0576,heen,25,MM0 ?A
24.0576,heen,25,MM1 ?A
24.0576,heen,25,MM0 A=0:0
24.0576,heen,25,MM1 A=0:0
24.0787,pauze,0,"#21,YAW,-2.27,GYRO,-10,75,-16,ACC,47,3,254,ADC,1302,395,4,2,"
24.0787,pauze,0,MM0 ?AI
24.0788,pauze,0,MM1 ?AI
24.0788,pauze,0,MM0 AI=0:0:2438:2415:0:0
24.0788,pauze,0,MM1 AI=0:0:2324:2354:0:0
24.0788,pauze,0,MM0 !M 0 0
24.0788,pauze,0,MM1 !M 0 0
24.0788,pauze,0,MM0 +
24.0788,pauze,0,MM1 +
24.1128,pauze,0,"#22,YAW,-2.27,GYRO,-14,73,-15,ACC,46,1,252,ADC,1278,500,7,2,"
24.1129,pauze,0,MM0 ?C
24.1129,pauze,0,MM1 ?C
24.1129,pauze,0,MM0 C=2214:-2287
24.1129,pauze,0,MM1 C=3774:-3880
24.1129,pauze,0,MM0 !M 0 0
24.1129,pauze,0,MM1 !M 0 0
24.1129,pauze,0,MM0 +
24.1129,pauze,0,MM1 +
24.1129,pauze,0,"$GPRMC,094120.0,A,5050.50803,N,00419.37471,E,000.40,223.8,021026,000.4,E*5E"
24.1129,pauze,0,"#23,YAW,-2.27,GYRO,-12,126,-22,ACC,34,1,238,ADC,1250,301,7,1,"
24.1129,pauze,0,MM1 ?D
24.1129,pauze,0,MM0 ?D
24.1131,pauze,0,MM0 D=48
24.1131,pauze,0,MM1 D=3
24.1336,pauze,0,"#24,YAW,-2.28,GYRO,-13,79,-29,ACC,59,2,261,ADC,1240,383,4,1,"
24.1336,pauze,0,MM0 ?FF
24.1336,pauze,0,MM1 ?FF
24.1336,pauze,0,MM0 FF=0
24.1336,pauze,0,MM1 FF=0
24.1546,pauze,0,"#25,YAW,-2.28,GYRO,-15,63,-29,ACC,68,2,261,ADC,1227,385,5,2,"
24.1547,pauze,0,MM1 ?P
24.1547,pauze,0,MM0 ?P
24.1547,pauze,0,MM0 P=0:0
24.1547,pauze,0,MM1 P=0:0
24.1756,pauze,0,"#26,YAW,-2.28,GYRO,-17,47,-41,ACC,68,-1,241,ADC,1231,392,4,2,"
24.1756,pauze,0,MM0 ?S
24.1756,pauze,0,MM1 ?S
24.1756,pauze,0,MM0 S=0:0
24.1756,pauze,0,MM1 S=0:0
24.2098,pauze,0,MM0 !M 0 0
24.2098,pauze,0,MM1 !M 0 0
24.2098,pauze,0,MM0 +
24.2098,pauze,0,MM1 +
24.2098,pauze,0,"#27,YAW,-2.27,GYRO,-13,60,-40,ACC,63,1,246,ADC,1242,318,5,2,"
24.2098,pauze,0,MM0 ?T
24.2098,pauze,0,MM1 ?T
24.2098,pauze,0,MM0 T=35:35
24.2098,pauze,0,MM1 T=36:34
24.2098,pauze,0,"#28,YAW,-2.27,GYRO,-6,71,-20,ACC,61,1,250,ADC,1235,403,5,2,"
24.2098,pauze,0,MM0 ?V
24.2098,pauze,0,MM1 ?V
24.2310,pauze,0,MM0 V=120:222:4906
24.2310,pauze,0,MM1 V=120:223:4900
24.2310,pauze,0,"#29,YAW,-2.27,GYRO,-10,59,-6,ACC,59,3,250,ADC,1248,385,5,1,"
24.2310,pauze,0,MM0 ?CR
24.2310,pauze,0,MM1 ?CR
24.2310,pauze,0,MM0 CR=-1:3
24.2528,pauze,0,MM1 CR=-2:3
24.2528,pauze,0,"#30,YAW,-2.27,GYRO,-5,54,0,ACC,54,2,251,ADC,1300,499,4,2,"
24.2528,pauze,0,MM0 ?A
24.2528,pauze,0,MM1 ?A
24.2528,pauze,0,MM0 A=0:0
24.2528,pauze,0,MM1 A=0:0
24.2719,pauze,0,"#31,YAW,-2.27,GYRO,-8,50,4,ACC,48,5,250,ADC,1262,384,4,2,"
24.2719,pauze,0,MM0 ?AI
24.2719,pauze,0,MM1 ?AI
24.2719,pauze,0,MM0 AI=0:0:2410:2433:0:0
24.3060,pauze,0,MM1 AI=0:0:2336:2344:0:0
24.3060,pauze,0,MM1 !M 0 0
24.3060,pauze,0,MM0 !M 0 0
24.3060,pauze,0,MM1 +
24.3060,pauze,0,MM0 +
24.3060,pauze,0,"#32,YAW,-2.28,GYRO,-8,53,3,ACC,51,1,253,ADC,1253,390,7,2,"
24.3060,pauze,0,MM0 ?C
24.3060,pauze,0,MM1 ?C
24.3060,pauze,0,MM0 C=2212:-2285
24.3060,pauze,0,MM1 C=3773:-3878
24.3060,pauze,0,"$GPRMC,094120.2,A,5050.50803,N,00419.37467,E,000.44,223.8,021026,000.4,E*5F"
24.3268,pauze,0,"#33,YAW,-2.28,GYRO,-6,52,0,ACC,51,1,253,ADC,1244,382,4,2,"
24.3268,pauze,0,MM0 ?D
24.3268,pauze,0,MM1 ?D
24.3269,pauze,0,MM1 D=48
24.3269,pauze,0,MM0 D=3
24.3478,pauze,0,"#34,YAW,-2.28,GYRO,-7,48,-3,ACC,54,2,253,ADC,1269,385,5,2,"
24.3478,pauze,0,MM0 ?FF
24.3479,pauze,0,MM1 ?FF
24.3479,pauze,0,MM0 FF=0
24.3479,pauze,0,MM1 FF=0
24.3479,pauze,0,"#35,YAW,-2.28,GYRO,-9,44,-14,ACC,57,2,252,ADC,1271,383,6,2,"
24.3689,pauze,0,MM0 ?P
24.3690,pauze,0,MM1 ?P
24.3690,pauze,0,MM0 P=0:0
24.3690,pauze,0,MM1 P=0:0
24.3690,pauze,0,"#36,YAW,-2.28,GYRO,-10,46,-16,ACC,53,3,250,ADC,1292,500,9,2,"
24.3690,pauze,0,MM0 ?S
24.3690,pauze,0,MM1 ?S
24.4181,pauze,0,MM0 S=0:0
24.4181,pauze,0,MM1 S=0:0
24.4181,pauze,0,"#37,YAW,-2.28,GYRO,-10,52,-14,ACC,58,2,255,ADC,1273,500,6,2,"
24.4181,pauze,0,MM1 ?T
24.4181,pauze,0,MM0 ?T
24.4181,pauze,0,MM0 T=35:35
24.4181,pauze,0,MM1 T=36:34
24.4181,pauze,0,MM0 !M 0 0
24.4181,pauze,0,MM1 !M 0 0
24.4181,pauze,0,MM0 +
24.4181,pauze,0,MM1 +
24.4181,pauze,0,"#38,YAW,-2.28,GYRO,-7,51,-8,ACC,58,2,254,ADC,1286,501,3,1,"
24.4181,pauze,0,MM0 ?V
24.4181,pauze,0,MM1 ?V
24.4181,pauze,0,MM0 V=120:223:4905
24.4181,pauze,0,MM1 V=120:223:4900
24.4403,pauze,0,"#39,YAW,-2.28,GYRO,-7,49,-8,ACC,52,3,253,ADC,1277,499,6,2,"
24.4403,pauze,0,MM0 ?CR
24.4404,pauze,0,MM1 ?CR
24.4404,pauze,0,MM0 CR=-1:0
24.4404,pauze,0,MM1 CR=-1:0
24.4607,pauze,0,"#40,YAW,-2.28,GYRO,-8,49,-9,ACC,51,2,251,ADC,1270,497,6,2,"
24.4607,pauze,0,MM0 ?A
24.4607,pauze,0,MM1 ?A
24.4607,pauze,0,MM0 A=0:0
24.4607,pauze,0,MM1 A=0:0
24.4817,pauze,0,"#41,YAW,-2.28,GYRO,-7,48,-10,ACC,52,2,251,ADC,1215,384,7,3,"
24.4817,pauze,0,MM0 ?AI
24.4817,pauze,0,MM1 ?AI
24.4817,pauze,0,MM0 AI=0:0:2439:2428:0:0
24.4817,pauze,0,MM1 AI=0:0:2328:2372:0:0
24.5158,pauze,0,"#42,YAW,-2.28,GYRO,-8,49,-8,ACC,52,3,250,ADC,1221,380,6,1,"
24.5158,pauze,0,MM0 ?C
24.5158,pauze,0,MM1 ?C
24.5158,pauze,0,MM0 C=2212:-2285
24.5158,pauze,0,MM1 C=3772:-3878
24.5158,pauze,0,MM1 !M 0 0
24.5158,pauze,0,MM0 !M 0 0
24.5158,pauze,0,MM0 +
24.5158,pauze,0,MM1 +
24.5158,pauze,0,"$GPRMC,094120.4,A,5050.50803,N,00419.37463,E,000.49,223.8,021026,000.4,E*50"
24.5158,pauze,0,"#43,YAW,-2.28,GYRO,-7,46,-10,ACC,53,3,249,ADC,1257,371,4,2,"
24.5158,pauze,0,MM0 ?D
24.5158,pauze,0,MM1 ?D
24.5158,pauze,0,MM1 D=48
24.5158,pauze,0,MM0 D=3
24.5367,pauze,0,"#44,YAW,-2.28,GYRO,-8,46,-10,ACC,53,6,256,ADC,1294,389,6,1,"
24.5367,pauze,0,MM0 ?FF
24.5367,pauze,0,MM1 ?FF
24.5367,pauze,0,MM0 FF=0
24.5367,pauze,0,MM1 FF=0
24.5611,pauze,0,"#45,YAW,-2.28,GYRO,-8,47,-9,ACC,53,1,251,ADC,1268,398,4,2,"
24.5611,pauze,0,MM0 ?P
24.5611,pauze,0,MM1 ?P
24.5611,pauze,0,MM0 P=0:0
24.5611,pauze,0,MM1 P=0:0
24.5789,pauze,0,"#46,YAW,-2.28,GYRO,-8,47,-9,ACC,52,1,251,ADC,1226,404,7,2,"
24.5789,pauze,0,MM0 ?S
24.5790,pauze,0,MM1 ?S
24.5790,pauze,0,MM0 S=0:0
24.5790,pauze,0,MM1 S=0:0
24.6130,pauze,0,"#47,YAW,-2.28,GYRO,-9,46,-9,ACC,55,2,251,ADC,1273,387,3,2,"
24.6130,pauze,0,MM0 ?T
24.6130,pauze,0,MM1 ?T
24.6130,pauze,0,MM0 T=35:35
24.6130,pauze,0,MM1 T=36:34
24.6130,pauze,0,MM0 !M 0 0
24.6130,pauze,0,MM1 !M 0 0
24.6130,pauze,0,MM1 +
24.6130,pauze,0,MM0 +
24.6130,pauze,0,"#48,YAW,-2.28,GYRO,-9,46,-10,ACC,52,4,252,ADC,1247,385,5,2,"
24.6130,pauze,0,MM0 ?V
24.6130,pauze,0,MM1 ?V
24.6131,pauze,0,MM0 V=120:222:4905
24.6131,pauze,0,MM1 V=120:223:4901
24.6335,pauze,0,"#49,YAW,-2.28,GYRO,-8,47,-10,ACC,54,2,249,ADC,1224,384,4,2,"
24.6335,pauze,0,MM0 ?CR
24.6336,pauze,0,MM1 ?CR
24.6336,pauze,0,MM0 CR=0:0
24.6336,pauze,0,MM1 CR=0:0
24.6588,pauze,0,"#50,YAW,-2.28,GYRO,-8,44,-10,ACC,54,1,252,ADC,1294,389,5,3,"
24.6588,pauze,0,MM0 ?A
24.6588,pauze,0,MM1 ?A
24.6588,pauze,0,MM0 A=0:0
24.6588,pauze,0,MM1 A=0:0
24.6757,pauze,0,"#51,YAW,-2.28,GYRO,-9,47,-9,ACC,53,1,252,ADC,1250,398,5,2,"
24.6758,pauze,0,MM0 ?AI
24.6758,pauze,0,MM1 ?AI
24.6758,pauze,0,MM0 AI=0:0:2427:2432:0:0
24.6758,pauze,0,MM1 AI=0:0:2315:2365:0:0
24.7102,pauze,0,MM0 !M 0 0
24.7102,pauze,0,MM1 !M 0 0
24.7102,pauze,0,MM0 +
24.7102,pauze,0,MM1 +
24.7102,pauze,0,"#52,YAW,-2.28,GYRO,-9,45,-9,ACC,52,3,253,ADC,1256,337,5,2,"
24.7102,pauze,0,MM0 ?C
24.7102,pauze,0,MM1 ?C
24.7102,pauze,0,MM0 C=2212:-2285
24.7102,pauze,0,MM1 C=3772:-3878
24.7102,pauze,0,"$GPRMC,094120.6,A,5050.50803,N,00419.37458,E,000.54,223.8,021026,000.4,E*56"
24.7102,pauze,0,"#53,YAW,-2.28,GYRO,-9,44,-10,ACC,52,2,248,ADC,1262,328,4,1,"
24.7102,pauze,0,MM0 ?D
24.7102,pauze,0,MM1 ?D
24.7102,pauze,0,MM1 D=48
24.7307,pauze,0,MM0 D=3
24.7307,pauze,0,"#54,YAW,-2.29,GYRO,-7,46,-9,ACC,54,3,251,ADC,1245,394,6,2,"
24.7307,pauze,0,MM0 ?FF
24.7307,pauze,0,MM1 ?FF
24.7307,pauze,0,MM0 FF=0
24.7307,pauze,0,MM1 FF=0
24.7516,pauze,0,"#55,YAW,-2.29,GYRO,-9,48,-9,ACC,53,1,251,ADC,1288,387,7,2,"
24.7516,pauze,0,MM0 ?P
24.7516,pauze,0,MM1 ?P
24.7516,pauze,0,MM0 P=0:0
24.7516,pauze,0,MM1 P=0:0
24.7727,pauze,0,"#56,YAW,-2.29,GYRO,-7,44,-9,ACC,51,1,249,ADC,1248,382,6,2,"
24.7727,pauze,0,MM0 ?S
24.7727,pauze,0,MM1 ?S
24.7727,pauze,0,MM0 S=0:0
24.7727,pauze,0,MM1 S=0:0
24.7958,pauze,0,"#57,YAW,-2.29,GYRO,-8,47,-9,ACC,53,2,256,ADC,1263,391,4,2,"
24.7958,pauze,0,MM0 ?T
24.7958,pauze,0,MM1 ?T
24.7958,pauze,0,MM0 T=35:35
24.7958,pauze,0,MM1 T=36:34
24.8166,pauze,0,"#58,YAW,-2.29,GYRO,-10,44,-10,ACC,51,2,248,ADC,1240,385,4,2,"
24.8166,pauze,0,MM0 ?V
24.8166,pauze,0,MM1 ?V
24.8166,pauze,0,MM0 V=120:223:4906
24.8166,pauze,0,MM1 V=120:222:4900
24.8405,pauze,0,"#59,YAW,-2.29,GYRO,-8,49,-10,ACC,52,1,252,ADC,1251,395,6,2,"
24.8405,pauze,0,MM0 ?CR
24.8406,pauze,0,MM1 ?CR
24.8406,pauze,0,MM0 CR=0:0
24.8406,pauze,0,MM1 CR=0:0
24.8607,pauze,0,"#60,YAW,-2.29,GYRO,-8,47,-9,ACC,56,2,251,ADC,1286,397,5,2,"
24.8607,pauze,0,MM0 ?A
24.8607,pauze,0,MM1 ?A
24.8607,pauze,0,MM0 A=0:0
24.8607,pauze,0,MM1 A=0:0
24.9103,pauze,0,"#61,YAW,-2.29,GYRO,-8,46,-9,ACC,52,1,248,ADC,1258,382,5,2,"
24.9103,pauze,0,MM0 ?AI
24.9103,pauze,0,MM1 ?AI
24.9103,pauze,0,MM0 AI=0:0:2431:2437:0:0
24.9103,pauze,0,MM1 AI=0:0:2359:2350:0:0
24.9103,pauze,0,MM0 !M 0 0PING
24.9103,pauze,0,MM1 !M 0 0PING
24.9103,pauze,0,MM0 +
24.9104,pauze,0,MM1 +
24.9106,pauze,0,MM0 !M 0 0
24.9107,pauze,0,MM1 !M 0 0
24.9107,pauze,0,MM0 +
24.9107,pauze,0,MM1 +
24.9107,pauze,0,"#62,YAW,-2.29,GYRO,-9,47,-10,ACC,50,2,251,ADC,1239,292,6,2,"
24.9107,pauze,0,MM0 ?C
24.9107,pauze,0,MM1 ?C
24.9107,pauze,0,MM0 C=2212:-2285
24.9107,pauze,0,MM1 C=3772:-3878
24.9107,pauze,0,"$GPRMC,094120.8,A,5050.50803,N,00419.37453,E,000.60,223.8,021026,000.4,E*54"
24.9107,pauze,0,"#63,YAW,-2.29,GYRO,-8,47,-10,ACC,54,1,248,ADC,1265,294,5,2,"
24.9298,pauze,0,MM0 ?D
24.9298,pauze,0,MM1 ?D
24.9298,pauze,0,MM1 D=48
24.9298,pauze,0,MM0 D=3
24.9298,pauze,0,"#64,YAW,-2.29,GYRO,-7,45,-9,ACC,55,0,249,ADC,1246,388,5,2,"
24.9298,pauze,0,MM0 ?FF
24.9298,pauze,0,MM1 ?FF
24.9298,pauze,0,MM0 FF=0
24.9298,pauze,0,MM1 FF=0
24.9523,pauze,0,"#65,YAW,-2.29,GYRO,-6,48,-10,ACC,53,5,253,ADC,1240,383,4,2,"
24.9524,pauze,0,MM0 ?P
24.9524,pauze,0,MM1 ?P
24.9524,pauze,0,MM0 P=0:0
24.9524,pauze,0,MM1 P=0:0
24.9728,pauze,0,"#66,YAW,-2.29,GYRO,-8,48,-9,ACC,53,1,250,ADC,1253,401,5,2,"
24.9729,pauze,0,MM0 ?S
24.9729,pauze,0,MM1 ?S
24.9729,pauze,0,MM0 S=0:0
24.9729,pauze,0,MM1 S=0:0
25.0217,pauze,0,"#67,YAW,-2.29,GYRO,-8,47,-10,ACC,52,3,257,ADC,1270,500,5,2,"
25.0218,pauze,0,MM0 ?T
25.0218,pauze,0,MM1 ?T
25.0218,pauze,0,MM0 T=35:35
25.0218,pauze,0,MM1 T=36:34
25.0218,pauze,0,MM1 !M 0 0
25.0218,pauze,0,MM0 !M 0 0
25.0218,pauze,0,MM1 +
25.0218,pauze,0,MM0 +
25.0218,pauze,0,"#68,YAW,-2.29,GYRO,-9,46,-10,ACC,50,1,249,ADC,1217,382,5,1,"
25.0218,pauze,0,MM0 ?V
25.0218,pauze,0,MM1 ?V
25.0218,pauze,0,MM0 V=120:223:4906
25.0218,pauze,0,MM1 V=120:222:4900
25.0428,pauze,0,"#69,YAW,-2.29,GYRO,-10,46,-9,ACC,53,1,250,ADC,1254,499,4,2,"
25.0428,pauze,0,MM0 ?CR
25.0428,pauze,0,MM1 ?CR
25.0428,pauze,0,MM0 CR=0:1
25.0428,pauze,0,MM1 CR=0:0
25.0638,pauze,0,"#70,YAW,-2.29,GYRO,-10,47,-9,ACC,56,0,254,ADC,1263,383,5,2,"
25.0638,pauze,0,MM0 ?A
25.0638,pauze,0,MM1 ?A
25.0638,pauze,0,MM0 A=0:0
25.0638,pauze,0,MM1 A=0:0
25.0847,pauze,0,"#71,YAW,-2.29,GYRO,-8,47,-8,ACC,52,1,250,ADC,1280,499,4,1,"
25.0847,pauze,0,MM0 ?AI
25.0847,pauze,0,MM1 ?AI
25.0847,pauze,0,MM0 AI=0:0:2452:2430:0:0
25.0847,pauze,0,MM1 AI=0:0:2332:2349:0:0
25.1187,pauze,0,"#72,YAW,-2.29,GYRO,-8,47,-9,ACC,54,0,246,ADC,1234,501,8,2,"
25.1187,pauze,0,MM0 ?C
25.1187,pauze,0,MM1 ?C
25.1187,pauze,0,MM0 C=2212:-2284
25.1187,pauze,0,MM1 C=3772:-3878
25.1187,pauze,0,MM0 !M 0 0
25.1187,pauze,0,MM1 !M 0 0
25.1187,pauze,0,MM0 +
25.1187,pauze,0,MM1 +
25.1187,pauze,0,"$GPRMC,094121.0,A,5050.50807,N,00419.37427,E,000.63,223.8,021026,000.4,E*59"
25.1187,pauze,0,"#73,YAW,-2.29,GYRO,-7,45,-10,ACC,53,2,249,ADC,1255,319,3,1,"
25.1187,pauze,0,MM0 ?D
25.1187,pauze,0,MM1 ?D
25.1187,pauze,0,MM0 D=19
25.1187,pauze,0,MM1 D=48
25.1398,pauze,0,"#74,YAW,-2.29,GYRO,-8,46,-10,ACC,52,2,248,ADC,1276,398,4,2,"
25.1399,pauze,0,MM0 ?FF
25.1399,pauze,0,MM1 ?FF
25.1399,pauze,0,MM0 FF=0
25.1399,pauze,0,MM1 FF=0
25.1609,pauze,0,"#75,YAW,-2.29,GYRO,-9,47,-11,ACC,53,3,252,ADC,1259,407,4,2,"
25.1609,pauze,0,MM0 ?P
25.1609,pauze,0,MM1 ?P
25.1609,pauze,0,MM0 P=0:0
25.1609,pauze,0,MM1 P=0:0
25.1817,pauze,0,"#76,YAW,-2.29,GYRO,-8,45,-10,ACC,52,2,248,ADC,1255,399,6,2,"
25.1817,pauze,0,MM0 ?S
25.1817,pauze,0,MM1 ?S
25.1817,pauze,0,MM0 S=0:0
25.1817,pauze,0,MM1 S=0:0
25.2181,pauze,0,"#77,YAW,-2.29,GYRO,-9,46,-9,ACC,54,2,251,ADC,1250,382,7,2,"
25.2181,pauze,0,MM0 ?T
25.2181,pauze,0,MM1 ?T
25.2181,pauze,0,MM0 T=35:35
25.2181,pauze,0,MM1 T=36:34
25.2181,pauze,0,MM0 !M 0 0
25.2181,pauze,0,MM1 !M 0 0
25.2181,pauze,0,MM0 +
25.2181,pauze,0,MM1 +
25.2181,pauze,0,"#78,YAW,-2.29,GYRO,-9,44,-10,ACC,51,3,248,ADC,1200,380,4,2,"
25.2181,pauze,0,MM0 ?V
25.2181,pauze,0,MM1 ?V
25.2181,pauze,0,MM0 V=120:223:4906
25.2181,pauze,0,MM1 V=120:223:4900
25.2386,pauze,0,"#79,YAW,-2.29,GYRO,-9,49,-12,ACC,52,1,246,ADC,1227,379,4,1,"
25.2387,pauze,0,MM0 ?CR
25.2387,pauze,0,MM1 ?CR
25.2387,pauze,0,MM0 CR=0:0
25.2387,pauze,0,MM1 CR=0:0
25.2595,pauze,0,"#80,YAW,-2.29,GYRO,-9,47,-9,ACC,56,1,252,ADC,1288,500,3,1,"
25.2595,pauze,0,MM0 ?A
25.2595,pauze,0,MM1 ?A
25.2595,pauze,0,MM0 A=0:0
25.2596,pauze,0,MM1 A=0:0
25.2807,pauze,0,"#81,YAW,-2.29,GYRO,-9,46,-9,ACC,54,1,247,ADC,1251,499,4,2,"
25.2807,pauze,0,MM0 ?AI
25.2807,pauze,0,MM1 ?AI
25.2807,pauze,0,MM0 AI=0:0:2444:2434:0:0
25.2807,pauze,0,MM1 AI=0:0:2333:2369:0:0
25.3197,pauze,0,"#82,YAW,-2.29,GYRO,-9,47,-9,ACC,57,1,254,ADC,1260,400,6,1,"
25.3198,pauze,0,MM0 ?C
25.3198,pauze,0,MM1 ?C
25.3198,pauze,0,MM0 C=2212:-2284
25.3198,pauze,0,MM1 C=3772:-3878
25.3198,pauze,0,MM1 !M 0 0
25.3198,pauze,0,MM0 !M 0 0
25.3198,pauze,0,MM1 +
25.3198,pauze,0,MM0 +
25.3198,pauze,0,"$GPRMC,094121.2,A,5050.50815,N,00419.37408,E,000.66,223.8,021026,000.4,E*50"
25.3198,pauze,0,"#83,YAW,-2.29,GYRO,-8,47,-10,ACC,50,3,253,ADC,1244,327,3,1,"
25.3198,pauze,0,MM0 ?D
25.3198,pauze,0,MM1 ?D
25.3198,pauze,0,MM0 D=19
25.3198,pauze,0,MM1 D=48
25.3406,pauze,0,"#84,YAW,-2.30,GYRO,-9,46,-9,ACC,53,1,252,ADC,1236,383,5,2,"
25.3407,pauze,0,MM0 ?FF
25.3407,pauze,0,MM1 ?FF
25.3407,pauze,0,MM0 FF=0
25.3407,pauze,0,MM1 FF=0
25.3616,pauze,0,"#85,YAW,-2.30,GYRO,-10,46,-10,ACC,54,3,248,ADC,1255,387,4,2,"
25.3616,pauze,0,MM0 ?P
25.3616,pauze,0,MM1 ?P
25.3616,pauze,0,MM0 P=0:0
25.3616,pauze,0,MM1 P=0:0
25.3827,pauze,0,"#86,YAW,-2.30,GYRO,-8,47,-10,ACC,51,2,251,ADC,1252,391,6,2,"
25.3827,pauze,0,MM0 ?S
25.3827,pauze,0,MM1 ?S
25.3827,pauze,0,MM0 S=0:0
25.3827,pauze,0,MM1 S=0:0
25.4167,pauze,0,"#87,YAW,-2.30,GYRO,-10,46,-9,ACC,51,3,253,ADC,1288,391,4,1,"
25.4167,pauze,0,MM0 ?T
25.4167,pauze,0,MM1 ?T
25.4167,pauze,0,MM0 T=35:35
25.4167,pauze,0,MM1 T=36:34
25.4167,pauze,0,MM0 !M 0 0
25.4167,pauze,0,MM1 !M 0 0
25.4167,pauze,0,MM0 +
25.4167,pauze,0,MM1 +
25.4167,pauze,0,"#88,YAW,-2.30,GYRO,-9,47,-11,ACC,50,3,251,ADC,1268,395,5,3,"
25.4167,pauze,0,MM0 ?V
25.4167,pauze,0,MM1 ?V
25.4167,pauze,0,MM0 V=120:222:4907
25.4167,pauze,0,MM1 V=120:223:4901
25.4375,pauze,0,"#89,YAW,-2.30,GYRO,-8,46,-9,ACC,56,4,245,ADC,1261,402,4,1,"
25.4375,pauze,0,MM1 ?CR
25.4375,pauze,0,MM0 ?CR
25.4375,pauze,0,MM1 CR=0:0
25.4376,pauze,0,MM0 CR=0:0
25.4585,pauze,0,"#90,YAW,-2.30,GYRO,-8,46,-9,ACC,53,3,251,ADC,1205,501,4,1,"
25.4586,pauze,0,MM0 ?A
25.4586,pauze,0,MM1 ?A
25.4586,pauze,0,MM0 A=0:0
25.4586,pauze,0,MM1 A=0:0
25.4814,pauze,0,"#91,YAW,-2.30,GYRO,-8,46,-8,ACC,50,5,248,ADC,1257,496,4,1,"
25.4814,pauze,0,MM1 ?AI
25.4814,pauze,0,MM0 ?AI
25.4814,pauze,0,MM1 AI=0:0:2338:2333:0:0
25.4814,pauze,0,MM0 AI=0:0:2437:2425:0:0
25.5156,pauze,0,"#92,YAW,-2.30,GYRO,-8,46,-10,ACC,55,1,255,ADC,1200,385,5,2,"
25.5156,pauze,0,MM0 ?C
25.5156,pauze,0,MM1 ?C
25.5156,pauze,0,MM0 C=2212:-2284
25.5157,pauze,0,MM1 C=3772:-3878
25.5157,pauze,0,MM1 !M 0 0
25.5157,pauze,0,MM0 !M 0 0
25.5157,pauze,0,MM1 +
25.5157,pauze,0,MM0 +
25.5157,pauze,0,"$GPRMC,094121.4,A,5050.50828,N,00419.37398,E,000.68,223.8,021026,000.4,E*58"
25.5157,pauze,0,"#93,YAW,-2.30,GYRO,-9,47,-9,ACC,56,4,252,ADC,1288,388,3,2,"
25.5157,pauze,0,MM1 ?D
25.5157,pauze,0,MM0 ?D
25.5157,pauze,0,MM1 D=48
25.5157,pauze,0,MM0 D=27
25.5366,pauze,0,"#94,YAW,-2.30,GYRO,-8,46,-9,ACC,54,1,251,ADC,1205,385,5,2,"
25.5367,pauze,0,MM1 ?FF
25.5367,pauze,0,MM0 ?FF
25.5367,pauze,0,MM1 FF=0
25.5367,pauze,0,MM0 FF=0
25.5577,pauze,0,"#95,YAW,-2.30,GYRO,-9,47,-9,ACC,55,2,255,ADC,1240,384,3,2,"
25.5577,pauze,0,MM0 ?P
25.5577,pauze,0,MM1 ?P
25.5577,pauze,0,MM0 P=0:0
25.5577,pauze,0,MM1 P=0:0
25.5786,pauze,0,"#96,YAW,-2.30,GYRO,-8,47,-10,ACC,51,3,250,ADC,1298,501,4,2,"
25.5786,pauze,0,MM0 ?S
25.5786,pauze,0,MM1 ?S
25.5786,pauze,0,MM0 S=0:0
25.5786,pauze,0,MM1 S=0:0
25.6143,pauze,0,"#97,YAW,-2.30,GYRO,-9,45,-8,ACC,55,1,250,ADC,1254,394,6,1,"
25.6143,pauze,0,MM0 ?T
25.6143,pauze,0,MM1 ?T
25.6143,pauze,0,MM0 T=35:34
25.6143,pauze,0,MM1 T=36:34
25.6143,pauze,0,MM1 !M 0 0
25.6143,pauze,0,MM0 !M 0 0
25.6143,pauze,0,MM1 +
25.6143,pauze,0,MM0 +
25.6143,pauze,0,"#98,YAW,-2.30,GYRO,-8,46,-9,ACC,55,1,252,ADC,1265,386,5,2,"
25.6143,pauze,0,MM0 ?V
25.6143,pauze,0,MM1 ?V
25.6143,pauze,0,MM0 V=120:223:4909
25.6143,pauze,0,MM1 V=120:223:4899
25.6335,pauze,0,"#99,YAW,-2.30,GYRO,-9,46,-9,ACC,54,2,249,ADC,1281,499,6,2,"
25.6338,pauze,0,MM1 ?CR
25.6338,pauze,0,MM0 ?CR
25.6338,pauze,0,MM1 CR=0:0
25.6338,pauze,0,MM0 CR=0:0
25.6547,pauze,0,"#100,YAW,-2.30,GYRO,-9,46,-9,ACC,51,5,251,ADC,1232,397,3,1,"
25.6547,pauze,0,MM1 ?A
25.6547,pauze,0,MM0 ?A
25.6547,pauze,0,MM1 A=0:0
25.6547,pauze,0,MM0 A=0:0
25.6755,pauze,0,"#101,YAW,-2.30,GYRO,-9,46,-10,ACC,54,1,249,ADC,1305,502,4,1,"
25.6755,pauze,0,MM1 ?AI
25.6756,pauze,0,MM0 ?AI
25.6756,pauze,0,MM1 AI=0:0:2351:2343:0:0
25.6756,pauze,0,MM0 AI=0:0:2421:2432:0:0
25.7254,pauze,0,"#102,YAW,-2.30,GYRO,-8,44,-10,ACC,55,2,247,ADC,1257,385,6,2,"
25.7255,pauze,0,MM1 ?C
25.7255,pauze,0,MM0 ?C
25.7255,pauze,0,MM1 C=3772:-3878
25.7255,pauze,0,MM0 C=2212:-2284
25.7255,pauze,0,"$GPRMC,094121.6,A,5050.50832,N,00419.37382,E,000.70,223.8,021026,000.4,E*53"
25.7255,pauze,0,MM0 !M 0 0
25.7255,pauze,0,MM1 !M 0 0
25.7255,pauze,0,MM0 +
25.7255,pauze,0,MM1 +
25.7255,pauze,0,"#103,YAW,-2.30,GYRO,-8,46,-10,ACC,49,4,254,ADC,1249,326,4,2,"
25.7255,pauze,0,MM1 ?D
25.7255,pauze,0,MM0 ?D
25.7255,pauze,0,MM1 D=48
25.7255,pauze,0,MM0 D=19
25.7458,pauze,0,"#104,YAW,-2.30,GYRO,-8,46,-8,ACC,51,1,250,ADC,1292,501,6,2,"
25.7458,pauze,0,MM1 ?FF
25.7458,pauze,0,MM0 ?FF
25.7458,pauze,0,MM1 FF=0
25.7458,pauze,0,MM0 FF=0
25.7667,pauze,0,"#105,YAW,-2.30,GYRO,-9,46,-9,ACC,55,2,255,ADC,1232,386,5,2,"
25.7668,pauze,0,MM1 ?P
25.7668,pauze,0,MM0 ?P
25.7668,pauze,0,MM1 P=0:0
25.7668,pauze,0,MM0 P=0:0
25.7884,pauze,0,"#106,YAW,-2.30,GYRO,-7,48,-10,ACC,53,5,249,ADC,1234,384,6,2,"
25.7884,pauze,0,MM1 ?S
25.7885,pauze,0,MM0 ?S
25.7885,pauze,0,MM1 S=0:0
25.7885,pauze,0,MM0 S=0:0
25.7885,pauze,0,"#107,YAW,-2.30,GYRO,-9,46,-9,ACC,54,1,251,ADC,1217,380,5,1,"
25.8237,pauze,0,MM1 ?T
25.8238,pauze,0,MM0 ?T
25.8238,pauze,0,MM1 T=36:34
25.8238,pauze,0,MM0 T=35:35
25.8238,pauze,0,MM1 !M 0 0
25.8238,pauze,0,MM0 !M 0 0
25.8238,pauze,0,MM1 +
25.8238,pauze,0,MM0 +
25.8238,pauze,0,"#108,YAW,-2.30,GYRO,-8,48,-9,ACC,53,2,255,ADC,1281,388,5,2,"
25.8238,pauze,0,MM1 ?V
25.8238,pauze,0,MM0 ?V
25.8238,pauze,0,MM1 V=120:222:4899
25.8238,pauze,0,MM0 V=120:223:4908
25.8447,pauze,0,"#109,YAW,-2.30,GYRO,-9,46,-8,ACC,51,2,254,ADC,1230,385,4,1,"
25.8447,pauze,0,MM1 ?CR
25.8447,pauze,0,MM0 ?CR
25.8447,pauze,0,MM1 CR=0:0
25.8447,pauze,0,MM0 CR=0:0
25.8660,pauze,0,"#110,YAW,-2.30,GYRO,-8,47,-8,ACC,56,3,254,ADC,1259,412,6,2,"
25.8661,pauze,0,MM1 ?A
25.8661,pauze,0,MM0 ?A
25.8661,pauze,0,MM1 A=0:0
25.8661,pauze,0,MM0 A=0:0
25.8870,pauze,0,"#111,YAW,-2.30,GYRO,-9,46,-11,ACC,52,1,250,ADC,1280,391,5,1,"
25.8870,pauze,0,MM1 ?AI
25.8870,pauze,0,MM0 ?AI
25.8870,pauze,0,MM1 AI=0:0:2348:2331:0:0
25.8870,pauze,0,MM0 AI=0:0:2425:2436:0:0
25.9210,pauze,0,"#112,YAW,-2.30,GYRO,-8,47,-11,ACC,55,1,253,ADC,1298,387,7,2,"
25.9210,pauze,0,MM1 ?C
25.9210,pauze,0,MM0 ?C
25.9210,pauze,0,MM1 C=3772:-3878
25.9210,pauze,0,MM0 C=2212:-2284
25.9210,pauze,0,MM1 !M 0 0
25.9210,pauze,0,MM0 !M 0 0
25.9210,pauze,0,MM1 +
25.9210,pauze,0,MM0 +
25.9210,pauze,0,"$GPRMC,094121.8,A,5050.50840,N,00419.37354,E,000.74,223.8,021026,000.4,E*57"
25.9210,pauze,0,"#113,YAW,-2.30,GYRO,-8,48,-10,ACC,54,2,255,ADC,1218,295,4,2,"
25.9210,pauze,0,MM1 ?D
25.9210,pauze,0,MM0 ?D
25.9210,pauze,0,MM1 D=48
25.9210,pauze,0,MM0 D=19
25.9416,pauze,0,"#114,YAW,-2.31,GYRO,-9,46,-9,ACC,53,2,250,ADC,1261,398,6,1,"
25.9416,pauze,0,MM1 ?FF
25.9416,pauze,0,MM0 ?FF
25.9416,pauze,0,MM1 FF=0
25.9416,pauze,0,MM0 FF=0
25.9627,pauze,0,"#115,YAW,-2.31,GYRO,-7,46,-10,ACC,55,1,252,ADC,1269,429,5,1,"
25.9628,pauze,0,MM1 ?P
25.9628,pauze,0,MM0 ?P
25.9628,pauze,0,MM1 P=0:0
25.9628,pauze,0,MM0 P=0:0
25.9863,pauze,0,"#116,YAW,-2.31,GYRO,-8,46,-10,ACC,53,3,247,ADC,1239,398,4,2,"
25.9863,pauze,0,MM1 ?S
25.9863,pauze,0,MM0 ?S
25.9863,pauze,0,MM1 S=0:0
25.9863,pauze,0,MM0 S=0:0
26.0206,pauze,0,"#117,YAW,-2.31,GYRO,-8,46,-11,ACC,50,2,248,ADC,1256,392,4,2,"
26.0206,pauze,0,MM1 ?T
26.0206,pauze,0,MM0 ?T
26.0206,pauze,0,MM1 T=36:34
26.0206,pauze,0,MM0 T=35:35
26.0206,pauze,0,MM0 !M 0 0
26.0206,pauze,0,MM1 !M 0 0
26.0206,pauze,0,MM0 +
26.0206,pauze,0,MM1 +
26.0206,pauze,0,"#118,YAW,-2.31,GYRO,-9,46,-9,ACC,54,3,252,ADC,1273,385,3,2,"
26.0206,pauze,0,MM1 ?V
26.0206,pauze,0,MM0 ?V
26.0206,pauze,0,MM1 V=120:223:4900
26.0206,pauze,0,MM0 V=120:223:4907
26.0417,pauze,0,"#119,YAW,-2.31,GYRO,-9,46,-9,ACC,53,2,250,ADC,1271,501,3,1,"
26.0418,pauze,0,MM1 ?CR
26.0418,pauze,0,MM0 ?CR
26.0418,pauze,0,MM1 CR=0:0
26.0418,pauze,0,MM0 CR=0:0
26.0627,pauze,0,"#120,YAW,-2.31,GYRO,-8,47,-10,ACC,50,2,257,ADC,1263,391,3,1,"
26.0627,pauze,0,MM1 ?A
26.0628,pauze,0,MM0 ?A
26.0628,pauze,0,MM1 A=0:0
26.0628,pauze,0,MM0 A=0:0
26.0839,pauze,0,"#121,YAW,-2.31,GYRO,-8,47,-11,ACC,51,2,255,ADC,1268,501,6,2,"
26.0839,pauze,0,MM1 ?AI
26.0840,pauze,0,MM0 ?AI
26.0840,pauze,0,MM1 AI=0:0:2315:2355:0:0
26.0840,pauze,0,MM0 AI=0:0:2424:2440:0:0
26.1177,pauze,0,"#122,YAW,-2.31,GYRO,-9,48,-9,ACC,51,1,253,ADC,1253,384,5,2,"
26.1177,pauze,0,MM1 ?C
26.1177,pauze,0,MM0 ?C
26.1177,pauze,0,MM1 C=3772:-3878
26.1177,pauze,0,MM0 C=2212:-2284
26.1177,pauze,0,MM1 !M 0 0
26.1177,pauze,0,MM0 !M 0 0
26.1177,pauze,0,MM1 +
26.1177,pauze,0,MM0 +
26.1177,pauze,0,"$GPRMC,094122.0,A,5050.50849,N,00419.37322,E,000.77,223.8,021026,000.4,E*57"
26.1177,pauze,0,"#123,YAW,-2.31,GYRO,-8,47,-9,ACC,50,3,250,ADC,1241,325,4,2,"
26.1177,pauze,0,MM0 ?D
26.1177,pauze,0,MM1 ?D
26.1177,pauze,0,MM0 D=19
26.1177,pauze,0,MM1 D=48
26.1389,pauze,0,"#124,YAW,-2.31,GYRO,-8,46,-10,ACC,52,4,249,ADC,1273,499,5,1,"
26.1389,pauze,0,MM1 ?FF
26.1390,pauze,0,MM0 ?FF
26.1390,pauze,0,MM1 FF=0
26.1390,pauze,0,MM0 FF=0
26.1596,pauze,0,"#125,YAW,-2.31,GYRO,-8,46,-9,ACC,52,1,254,ADC,1245,384,6,2,"
26.1596,pauze,0,MM1 ?P
26.1596,pauze,0,MM0 ?P
26.1596,pauze,0,MM1 P=0:0
26.1596,pauze,0,MM0 P=0:0
26.1809,pauze,0,"#126,YAW,-2.31,GYRO,-9,44,-9,ACC,49,1,248,ADC,1289,390,5,1,"
26.1809,pauze,0,MM1 ?S
26.1809,pauze,0,MM0 ?S
26.1809,pauze,0,MM1 S=0:0
26.1809,pauze,0,MM0 S=0:0
26.2152,pauze,0,"#127,YAW,-2.31,GYRO,-9,47,-9,ACC,51,2,250,ADC,1324,499,6,2,"
26.2152,pauze,0,MM1 ?T
26.2152,pauze,0,MM0 ?T
26.2152,pauze,0,MM0 T=35:34
26.2152,pauze,0,MM1 T=36:34
26.2152,pauze,0,MM1 !M 0 0
26.2152,pauze,0,MM0 !M 0 0
26.2152,pauze,0,MM1 +
26.2152,pauze,0,MM0 +
26.2152,pauze,0,"#128,YAW,-2.31,GYRO,-7,47,-10,ACC,51,2,253,ADC,1278,501,4,2,"
26.2152,pauze,0,MM1 ?V
26.2153,pauze,0,MM0 ?V
26.2153,pauze,0,MM1 V=120:223:4899
26.2153,pauze,0,MM0 V=120:222:4907
26.2356,pauze,0,"#129,YAW,-2.31,GYRO,-8,47,-8,ACC,52,3,251,ADC,1255,382,6,2,"
26.2356,pauze,0,MM0 ?CR
26.2356,pauze,0,MM1 ?CR
26.2356,pauze,0,MM0 CR=0:0
26.2356,pauze,0,MM1 CR=0:0
26.2565,pauze,0,"#130,YAW,-2.31,GYRO,-9,46,-8,ACC,52,5,254,ADC,1252,385,5,2,"
26.2565,pauze,0,MM0 ?A
26.2566,pauze,0,MM1 ?A
26.2566,pauze,0,MM0 A=0:0
26.2566,pauze,0,MM1 A=0:0
26.2776,pauze,0,"#131,YAW,-2.31,GYRO,-9,48,-9,ACC,52,2,252,ADC,1285,500,6,2,"
26.2776,pauze,0,MM0 ?AI
26.2776,pauze,0,MM1 ?AI
26.2776,pauze,0,MM0 AI=0:0:2421:2432:0:0
26.2776,pauze,0,MM1 AI=0:0:2354:2347:0:0
26.3264,pauze,0,"#132,YAW,-2.31,GYRO,-8,46,-9,ACC,53,4,249,ADC,1285,390,4,2,"
26.3264,pauze,0,MM0 ?C
26.3264,pauze,0,MM1 ?C
26.3264,pauze,0,MM0 C=2212:-2284
26.3264,pauze,0,MM1 C=3772:-3878
26.3264,pauze,0,"$GPRMC,094122.2,A,5050.50855,N,00419.37299,E,000.81,223.8,021026,000.4,E*50"
26.3264,pauze,0,MM1 !M 0 0
26.3264,pauze,0,MM0 !M 0 0
26.3264,pauze,0,MM1 +
26.3265,pauze,0,MM0 +
26.3265,pauze,0,"#133,YAW,-2.31,GYRO,-9,44,-10,ACC,53,3,253,ADC,1221,291,4,2,"
26.3265,pauze,0,MM0 ?D
26.3265,pauze,0,MM1 ?D
26.3265,pauze,0,MM0 D=19
26.3265,pauze,0,MM1 D=48
26.3467,pauze,0,"#134,YAW,-2.31,GYRO,-8,46,-9,ACC,53,1,248,ADC,1235,382,3,2,"
26.3468,pauze,0,MM0 ?FF
26.3468,pauze,0,MM1 ?FF
26.3468,pauze,0,MM0 FF=0
26.3468,pauze,0,MM1 FF=0
26.3678,pauze,0,"#135,YAW,-2.31,GYRO,-8,47,-9,ACC,52,1,252,ADC,1265,400,5,1,"
26.3678,pauze,0,MM0 ?P
26.3678,pauze,0,MM1 ?P
26.3678,pauze,0,MM0 P=0:0
26.3678,pauze,0,MM1 P=0:0
26.3678,pauze,0,"#136,YAW,-2.31,GYRO,-8,46,-10,ACC,53,2,249,ADC,1288,395,5,1,"
26.3888,pauze,0,MM0 ?S
26.3888,pauze,0,MM1 ?S
26.3888,pauze,0,MM0 S=0:0
26.3889,pauze,0,MM1 S=0:0
26.3889,pauze,0,"#137,YAW,-2.31,GYRO,-9,45,-9,ACC,53,4,251,ADC,1221,387,4,2,"
26.3889,pauze,0,MM0 ?T
26.3889,pauze,0,MM1 ?T
26.4228,pauze,0,MM0 T=35:35
26.4228,pauze,0,MM1 T=36:34
26.4228,pauze,0,MM0 !M 0 0
26.4228,pauze,0,MM1 !M 0 0
26.4228,pauze,0,MM0 +
26.4228,pauze,0,MM1 +
26.4228,pauze,0,"#138,YAW,-2.31,GYRO,-9,48,-9,ACC,53,2,253,ADC,1218,382,5,2,"
26.4228,pauze,0,MM1 ?V
26.4228,pauze,0,MM0 ?V
26.4228,pauze,0,MM0 V=120:223:4907
26.4228,pauze,0,MM1 V=120:223:4899
26.4438,pauze,0,"#139,YAW,-2.31,GYRO,-7,45,-9,ACC,50,1,246,ADC,1252,401,5,1,"
26.4438,pauze,0,MM0 ?CR
26.4438,pauze,0,MM1 ?CR
26.4438,pauze,0,MM0 CR=0:0
26.4438,pauze,0,MM1 CR=0:0
26.4647,pauze,0,"#140,YAW,-2.31,GYRO,-9,44,-9,ACC,52,3,252,ADC,1264,391,6,2,"
26.4648,pauze,0,MM0 ?A
26.4648,pauze,0,MM1 ?A
26.4648,pauze,0,MM0 A=0:0
26.4648,pauze,0,MM1 A=0:0
26.4858,pauze,0,"#141,YAW,-2.31,GYRO,-8,44,-8,ACC,52,3,254,ADC,1239,383,4,1,"
26.4858,pauze,0,MM0 ?AI
26.4858,pauze,0,MM1 ?AI
26.4858,pauze,0,MM0 AI=0:0:2424:2428:0:0
26.4858,pauze,0,MM1 AI=0:0:2335:2348:0:0
26.5197,pauze,0,"#142,YAW,-2.31,GYRO,-9,46,-10,ACC,50,3,248,ADC,1262,380,5,2,"
26.5197,pauze,0,MM0 ?C
26.5197,pauze,0,MM1 ?C
26.5197,pauze,0,MM0 C=2212:-2284
26.5197,pauze,0,MM1 C=3772:-3878
26.5197,pauze,0,MM0 !M 0 0
26.5197,pauze,0,MM1 !M 0 0
26.5197,pauze,0,MM0 +
26.5197,pauze,0,MM1 +
26.5197,pauze,0,"$GPRMC,094122.4,A,5050.50861,N,00419.37275,E,000.84,223.8,021026,000.4,E*56"
26.5197,pauze,0,"#143,YAW,-2.31,GYRO,-9,45,-10,ACC,52,2,252,ADC,1246,322,6,2,"
26.5197,pauze,0,MM0 ?D
26.5197,pauze,0,MM1 ?D
26.5197,pauze,0,MM0 D=19
26.5197,pauze,0,MM1 D=48
26.5406,pauze,0,"#144,YAW,-2.31,GYRO,-8,46,-11,ACC,54,3,253,ADC,1233,387,5,2,"
26.5406,pauze,0,MM0 ?FF
26.5406,pauze,0,MM1 ?FF
26.5406,pauze,0,MM0 FF=0
26.5406,pauze,0,MM1 FF=0
26.5615,pauze,0,"#145,YAW,-2.31,GYRO,-9,45,-8,ACC,52,1,250,ADC,1244,394,3,2,"
26.5615,pauze,0,MM0 ?P
26.5615,pauze,0,MM1 ?P
26.5615,pauze,0,MM0 P=0:0
26.5615,pauze,0,MM1 P=0:0
26.5831,pauze,0,"#146,YAW,-2.31,GYRO,-9,44,-8,ACC,53,1,251,ADC,1274,499,5,2,"
26.5831,pauze,0,MM0 ?S
26.5831,pauze,0,MM1 ?S
26.5831,pauze,0,MM0 S=0:0
26.5831,pauze,0,MM1 S=0:0
26.6167,pauze,0,"#147,YAW,-2.31,GYRO,-9,45,-9,ACC,54,1,254,ADC,1271,496,5,2,"
26.6167,pauze,0,MM0 ?T
26.6167,pauze,0,MM1 ?T
26.6167,pauze,0,MM0 T=35:34
26.6167,pauze,0,MM1 T=36:34
26.6167,pauze,0,MM0 !M 0 0
26.6167,pauze,0,MM1 !M 0 0
26.6167,pauze,0,MM0 +
26.6167,pauze,0,MM1 +
26.6167,pauze,0,"#148,YAW,-2.31,GYRO,-8,45,-10,ACC,53,0,254,ADC,1247,390,4,2,"
26.6167,pauze,0,MM0 ?V
26.6167,pauze,0,MM1 ?V
26.6167,pauze,0,MM0 V=120:224:4907
26.6167,pauze,0,MM1 V=120:222:4900
26.6377,pauze,0,"#149,YAW,-2.31,GYRO,-10,45,-9,ACC,54,2,249,ADC,1302,502,4,2,"
26.6377,pauze,0,MM0 ?CR
26.6378,pauze,0,MM1 ?CR
26.6378,pauze,0,MM0 CR=0:0
26.6378,pauze,0,MM1 CR=0:0
26.6585,pauze,0,"#150,YAW,-2.31,GYRO,-8,45,-9,ACC,54,2,252,ADC,1232,500,6,2,"
26.6585,pauze,0,MM0 ?A
26.6585,pauze,0,MM1 ?A
26.6585,pauze,0,MM0 A=0:0
26.6585,pauze,0,MM1 A=0:0
26.6796,pauze,0,"#151,YAW,-2.31,GYRO,-9,45,-9,ACC,52,2,249,ADC,1276,498,3,1,"
26.6796,pauze,0,MM0 ?AI
26.6796,pauze,0,MM1 ?AI
26.6796,pauze,0,MM0 AI=0:0:2431:2446:0:0
26.6796,pauze,0,MM1 AI=0:0:2333:2356:0:0
26.7280,pauze,0,"#152,YAW,-2.31,GYRO,-9,47,-8,ACC,53,3,247,ADC,1256,380,8,1,"
26.7280,pauze,0,MM0 ?C
26.7280,pauze,0,MM1 ?C
26.7280,pauze,0,MM0 C=2212:-2284
26.7281,pauze,0,MM1 C=3772:-3878
26.7281,pauze,0,"$GPRMC,094122.6,A,5050.50867,N,00419.37251,E,000.89,223.8,021026,000.4,E*59"
26.7281,pauze,0,MM1 !M 0 0
26.7281,pauze,0,MM0 !M 0 0
26.7281,pauze,0,MM1 +
26.7281,pauze,0,MM0 +
26.7281,pauze,0,"#153,YAW,-2.31,GYRO,-9,45,-9,ACC,51,3,252,ADC,1245,326,5,1,"
26.7281,pauze,0,MM0 ?D
26.7281,pauze,0,MM1 ?D
26.7281,pauze,0,MM0 D=19
26.7281,pauze,0,MM1 D=56
26.7281,pauze,0,"#154,YAW,-2.32,GYRO,-8,46,-10,ACC,54,2,247,ADC,1248,386,7,3,"
26.7488,pauze,0,MM0 ?FF
26.7489,pauze,0,MM1 ?FF
26.7489,pauze,0,MM0 FF=0
26.7489,pauze,0,MM1 FF=0
26.7489,pauze,0,"#155,YAW,-2.32,GYRO,-9,46,-9,ACC,53,2,249,ADC,1230,386,5,1,"
26.7489,pauze,0,MM0 ?P
26.7489,pauze,0,MM1 ?P
26.7717,pauze,0,MM0 P=0:0
26.7718,pauze,0,MM1 P=0:0
26.7718,pauze,0,"#156,YAW,-2.32,GYRO,-9,45,-10,ACC,50,4,255,ADC,1280,390,5,2,"
26.7718,pauze,0,MM0 ?S
26.7718,pauze,0,MM1 ?S
26.7718,pauze,0,MM0 S=0:0
26.7905,pauze,0,MM1 S=0:0
26.7905,pauze,0,"#157,YAW,-2.32,GYRO,-9,45,-10,ACC,53,1,255,ADC,1235,398,5,2,"
26.7905,pauze,0,MM0 ?T
26.7905,pauze,0,MM1 ?T
26.8248,pauze,0,MM0 T=35:34
26.8248,pauze,0,MM1 T=36:34
26.8248,pauze,0,MM0 !M 0 0
26.8248,pauze,0,MM0 +
26.8248,pauze,0,MM1 !M 0 0
26.8248,pauze,0,MM1 +
26.8248,pauze,0,"#158,YAW,-2.32,GYRO,-8,46,-10,ACC,50,1,250,ADC,1261,382,5,1,"
26.8248,pauze,0,MM0 ?V
26.8248,pauze,0,MM1 ?V
26.8248,pauze,0,MM0 V=120:222:4907
26.8248,pauze,0,MM1 V=120:223:4899
26.8459,pauze,0,"#159,YAW,-2.32,GYRO,-9,44,-9,ACC,52,3,250,ADC,1241,401,4,1,"
26.8459,pauze,0,MM0 ?CR
26.8459,pauze,0,MM1 ?CR
26.8459,pauze,0,MM0 CR=0:0
26.8459,pauze,0,MM1 CR=0:0
26.8666,pauze,0,"#160,YAW,-2.32,GYRO,-8,47,-9,ACC,51,1,252,ADC,1234,387,3,2,"
26.8666,pauze,0,MM0 ?A
26.8666,pauze,0,MM1 ?A
26.8667,pauze,0,MM0 A=0:0
26.8667,pauze,0,MM1 A=0:0
26.8887,pauze,0,"#161,YAW,-2.32,GYRO,-7,45,-9,ACC,52,1,250,ADC,1269,497,5,2,"
26.8887,pauze,0,MM0 ?AI
26.8887,pauze,0,MM1 ?AI
26.8887,pauze,0,MM0 AI=0:0:2424:2446:0:0
26.8888,pauze,0,MM1 AI=0:0:2340:2340:0:0
26.8888,pauze,0,"#162,YAW,-2.32,GYRO,-9,47,-9,ACC,53,2,252,ADC,1268,390,4,1,"
26.9229,pauze,0,MM0 ?C
26.9229,pauze,0,MM1 ?C
26.9229,pauze,0,MM0 C=2212:-2284
26.9229,pauze,0,MM1 C=3772:-3878
26.9229,pauze,0,"$GPRMC,094122.8,A,5050.50874,N,00419.37225,E,001.11,223.8,021026,000.4,E*56"
26.9229,pauze,0,MM0 !M 0 0
26.9229,pauze,0,MM0 +
26.9229,pauze,0,MM1 !M 0 0
26.9230,pauze,0,MM1 +
26.9230,pauze,0,"#163,YAW,-2.32,GYRO,-7,46,-9,ACC,55,2,248,ADC,1278,357,5,1,"
26.9230,pauze,0,MM0 ?D
26.9230,pauze,0,MM1 ?D
26.9230,pauze,0,MM0 D=19
26.9230,pauze,0,MM1 D=48
26.9439,pauze,0,"#164,YAW,-2.32,GYRO,-8,46,-10,ACC,50,1,248,ADC,1238,412,5,2,"
26.9440,pauze,0,MM0 ?FF
26.9440,pauze,0,MM1 ?FF
26.9440,pauze,0,MM0 FF=0
26.9440,pauze,0,MM1 FF=0
26.9649,pauze,0,"#165,YAW,-2.32,GYRO,-8,46,-8,ACC,53,1,251,ADC,1261,388,6,2,"
26.9649,pauze,0,MM0 ?P
26.9649,pauze,0,MM1 ?P
26.9649,pauze,0,MM0 P=0:0
26.9649,pauze,0,MM1 P=0:0
26.9848,pauze,0,"#166,YAW,-2.32,GYRO,-8,47,-9,ACC,54,3,252,ADC,1204,386,5,3,"
26.9848,pauze,0,MM0 ?S
26.9848,pauze,0,MM1 ?S
26.9848,pauze,0,MM0 S=0:0
26.9848,pauze,0,MM1 S=0:0
27.0188,pauze,0,"#167,YAW,-2.32,GYRO,-8,45,-9,ACC,52,3,250,ADC,1253,385,5,2,"
27.0189,pauze,0,MM0 ?T
27.0189,pauze,0,MM1 ?T
27.0189,pauze,0,MM0 T=35:34
27.0189,pauze,0,MM1 T=36:34
27.0189,pauze,0,MM0 !M 0 0
27.0189,pauze,0,MM1 !M 0 0
27.0189,pauze,0,MM0 +
27.0189,pauze,0,MM1 +
27.0189,pauze,0,"#168,YAW,-2.32,GYRO,-9,44,-9,ACC,54,1,252,ADC,1217,381,4,1,"
27.0189,pauze,0,MM0 ?V
27.0189,pauze,0,MM1 ?V
27.0189,pauze,0,MM0 V=120:224:4908
27.0189,pauze,0,MM1 V=120:223:4901
27.0398,pauze,0,"#169,YAW,-2.32,GYRO,-8,48,-9,ACC,52,2,251,ADC,1252,501,7,1,"
27.0398,pauze,0,MM0 ?CR
27.0398,pauze,0,MM1 ?CR
27.0398,pauze,0,MM0 CR=0:0
27.0398,pauze,0,MM1 CR=0:0
27.0611,pauze,0,"#170,YAW,-2.32,GYRO,-8,46,-9,ACC,53,1,252,ADC,1265,383,6,2,"
27.0611,pauze,0,MM0 ?A
27.0611,pauze,0,MM1 ?A
27.0611,pauze,0,MM0 A=0:0
27.0611,pauze,0,MM1 A=0:0
27.0818,pauze,0,"#171,YAW,-2.32,GYRO,-10,47,-10,ACC,54,1,248,ADC,1282,498,6,2,"
27.0818,pauze,0,MM0 ?AI
27.0818,pauze,0,MM1 ?AI
27.0819,pauze,0,MM0 AI=0:0:2418:2444:0:0
27.0819,pauze,0,MM1 AI=0:0:2358:2349:0:0
27.1309,terug,0,"#172,YAW,-2.32,GYRO,-8,47,-9,ACC,51,1,246,ADC,1253,390,7,2,"
27.1309,terug,0,MM0 ?C
27.1309,terug,0,MM1 ?C
27.1309,terug,0,MM0 C=2212:-2284
27.1309,terug,0,MM1 C=3772:-3878
27.1309,terug,0,"$GPRMC,094123.0,A,5050.50874,N,00419.37200,E,001.14,223.8,021026,000.4,E*5D"
27.1309,terug,0,"#173,YAW,-2.32,GYRO,-8,46,-9,ACC,55,3,254,ADC,1254,386,6,1,"
27.1309,terug,0,MM0 !M 0 0
27.1309,terug,0,MM0 +
27.1309,terug,0,MM1 !M 0 0
27.1309,terug,0,MM1 +
27.1309,terug,0,MM0 ?D
27.1309,terug,0,MM1 ?D
27.1309,terug,0,MM0 D=19
27.1310,terug,0,MM1 D=48
27.1310,terug,0,"#174,YAW,-2.32,GYRO,-9,45,-8,ACC,53,1,251,ADC,1249,500,3,2,"
27.1310,terug,0,MM0 ?FF
27.1310,terug,0,MM1 ?FF
27.1310,terug,0,MM0 FF=0
27.1310,terug,0,MM1 FF=0
27.1518,terug,0,"#175,YAW,-2.32,GYRO,-9,45,-10,ACC,51,1,250,ADC,1234,381,6,2,"
27.1518,terug,0,MM0 ?P
27.1518,terug,0,MM1 ?P
27.1518,terug,0,MM0 P=0:0
27.1518,terug,0,MM1 P=0:0
27.1725,terug,0,"#176,YAW,-2.32,GYRO,-7,45,-9,ACC,51,2,254,ADC,1296,393,4,2,"
27.1725,terug,0,MM0 ?S
27.1726,terug,0,MM1 ?S
27.1726,terug,0,MM0 S=0:0
27.1726,terug,0,MM1 S=0:0
27.1938,terug,-30,"#177,YAW,-2.32,GYRO,-9,45,-10,ACC,53,2,252,ADC,1264,502,6,2,"
27.1938,terug,-30,MM0 ?T
27.1938,terug,-30,MM1 ?T
27.1938,terug,-30,MM0 T=35:34
27.1938,terug,-30,MM1 T=36:34
27.2279,terug,-30,MM1 !M -30 30
27.2279,terug,-30,MM0 !M -30 30
27.2279,terug,-30,MM1 +
27.2279,terug,-30,MM0 +
27.2279,terug,-30,"#178,YAW,-2.32,GYRO,-7,47,-8,ACC,52,2,249,ADC,1255,325,5,2,"
27.2279,terug,-30,MM0 ?V
27.2279,terug,-30,MM1 ?V
27.2279,terug,-30,MM0 V=120:222:4907
27.2279,terug,-30,MM1 V=120:223:4899
27.2488,terug,-30,"#179,YAW,-2.32,GYRO,-7,65,-12,ACC,37,4,251,ADC,1246,386,4,2,"
27.2488,terug,-30,MM0 ?CR
27.2488,terug,-30,MM1 ?CR
27.2488,terug,-30,MM0 CR=0:0
27.2488,terug,-30,MM1 CR=0:0
27.2488,terug,-30,"#180,YAW,-2.32,GYRO,-4,48,-16,ACC,53,0,245,ADC,1263,502,5,1,"
27.2488,terug,-30,MM0 ?A
27.2488,terug,-30,MM1 ?A
27.2702,terug,-30,MM0 A=0:0
27.2702,terug,-30,MM1 A=0:0
27.2702,terug,-30,"#181,YAW,-2.32,GYRO,-12,49,-17,ACC,49,5,248,ADC,1286,501,5,2,"
27.2702,terug,-30,MM0 ?AI
27.2702,terug,-30,MM1 ?AI
27.2909,terug,-60,MM0 AI=0:0:2434:2419:0:0
27.2909,terug,-60,MM1 AI=0:0:2337:2333:0:0
27.2909,terug,-60,"#182,YAW,-2.32,GYRO,-8,49,-7,ACC,45,1,252,ADC,1278,501,5,2,"
27.2909,terug,-60,MM0 ?C
27.2909,terug,-60,MM1 ?C
27.2909,terug,-60,MM0 C=2211:-2283
27.3268,terug,-60,MM1 C=3772:-3877
27.3268,terug,-60,"$GPRMC,094123.2,A,5050.50878,N,00419.37185,E,001.13,223.8,021026,000.4,E*5A"
27.3268,terug,-60,MM0 !M -60 60
27.3268,terug,-60,MM1 !M -60 60
27.3268,terug,-60,MM0 +
27.3268,terug,-60,MM1 +
27.3268,terug,-60,"#183,YAW,-2.32,GYRO,-12,42,-12,ACC,57,1,252,ADC,1227,278,3,2,"
27.3268,terug,-60,MM0 ?D
27.3269,terug,-60,MM1 ?D
27.3269,terug,-60,MM0 D=49
27.3269,terug,-60,MM1 D=34
27.3477,terug,-60,"#184,YAW,-2.32,GYRO,-6,69,-11,ACC,28,7,234,ADC,1249,499,5,2,"
27.3477,terug,-60,MM0 ?FF
27.3477,terug,-60,MM1 ?FF
27.3477,terug,-60,MM0 FF=0
27.3477,terug,-60,MM1 FF=0
27.3477,terug,-60,"#185,YAW,-2.32,GYRO,-8,98,-25,ACC,17,6,248,ADC,1225,383,8,2,"
27.3688,terug,-60,MM0 ?P
27.3689,terug,-60,MM1 ?P
27.3689,terug,-60,MM0 P=-60:60
27.3689,terug,-60,MM1 P=-60:60
27.3689,terug,-60,"#186,YAW,-2.32,GYRO,-12,67,-22,ACC,37,4,263,ADC,1228,383,4,2,"
27.3689,terug,-60,MM0 ?S
27.3899,terug,-90,MM1 ?S
27.3899,terug,-90,MM0 S=0:75
27.3899,terug,-90,MM1 S=-75:0
27.3899,terug,-90,"#187,YAW,-2.32,GYRO,-5,69,4,ACC,31,1,256,ADC,1247,500,4,2,"
27.3899,terug,-90,MM0 ?T
27.3899,terug,-90,MM1 ?T
27.3899,terug,-90,MM0 T=35:34
27.4259,terug,-90,MM1 T=36:34
27.4259,terug,-90,MM1 !M -90 90
27.4259,terug,-90,MM0 !M -90 90
27.4259,terug,-90,MM1 +
27.4259,terug,-90,MM0 +
27.4259,terug,-90,"#188,YAW,-2.32,GYRO,-19,40,1,ACC,35,1,261,ADC,1287,388,6,2,"
27.4260,terug,-90,MM0 ?V
27.4260,terug,-90,MM1 ?V
27.4260,terug,-90,MM0 V=120:223:4906
27.4260,terug,-90,MM1 V=120:222:4898
27.4468,terug,-90,"#189,YAW,-2.32,GYRO,-17,133,-12,ACC,15,6,251,ADC,1294,494,7,2,"
27.4469,terug,-90,MM0 ?CR
27.4469,terug,-90,MM1 ?CR
27.4469,terug,-90,MM0 CR=-5:5
27.4469,terug,-90,MM1 CR=-5:5
27.4677,terug,-90,"#190,YAW,-2.32,GYRO,-10,66,-4,ACC,33,-1,255,ADC,1252,501,4,1,"
27.4677,terug,-90,MM0 ?A
27.4677,terug,-90,MM1 ?A
27.4677,terug,-90,MM0 A=0:0
27.4677,terug,-90,MM1 A=0:0
27.4677,terug,-90,"#191,YAW,-2.32,GYRO,-16,93,-13,ACC,36,1,264,ADC,1288,497,7,3,"
27.4891,terug,-120,MM0 ?AI
27.4891,terug,-120,MM1 ?AI
27.4891,terug,-120,MM0 AI=0:0:2423:2425:0:0
27.4891,terug,-120,MM1 AI=0:0:2342:2367:0:0
27.4891,terug,-120,"#192,YAW,-2.32,GYRO,-9,71,-19,ACC,17,1,257,ADC,1247,388,7,3,"
27.4891,terug,-120,MM0 ?C
27.4891,terug,-120,MM1 ?C
27.5229,terug,-120,MM0 C=2204:-2276
27.5229,terug,-120,MM1 C=3763:-3869
27.5230,terug,-120,"$GPRMC,094123.4,A,5050.50882,N,00419.37170,E,001.12,223.8,021026,000.4,E*52"
27.5230,terug,-120,MM0 !M -120 120
27.5230,terug,-120,MM1 !M -120 120
27.5230,terug,-120,MM1 +
27.5230,terug,-120,MM0 +
27.5230,terug,-120,"#193,YAW,-2.32,GYRO,-4,58,-9,ACC,35,4,235,ADC,1239,312,5,1,"
27.5230,terug,-120,MM0 ?D
27.5230,terug,-120,MM1 ?D
27.5230,terug,-120,MM0 D=48
27.5230,terug,-120,MM1 D=3
27.5438,terug,-120,"#194,YAW,-2.32,GYRO,13,154,-14,ACC,18,-2,260,ADC,1238,388,7,2,"
27.5438,terug,-120,MM0 ?FF
27.5438,terug,-120,MM1 ?FF
27.5438,terug,-120,MM0 FF=0
27.5438,terug,-120,MM1 FF=0
27.5648,terug,-120,"#195,YAW,-2.32,GYRO,7,129,-18,ACC,25,-10,272,ADC,1244,393,6,2,"
27.5648,terug,-120,MM0 ?P
27.5648,terug,-120,MM1 ?P
27.5648,terug,-120,MM0 P=-120:120
27.5648,terug,-120,MM1 P=-120:120
27.5860,terug,-150,"#196,YAW,-2.32,GYRO,-8,117,-18,ACC,20,-1,256,ADC,1263,386,4,2,"
27.5861,terug,-150,MM0 ?S
27.5861,terug,-150,MM1 ?S
27.5861,terug,-150,MM0 S=-75:75
27.5861,terug,-150,MM1 S=-75:75
27.6391,terug,-150,"#197,YAW,-2.32,GYRO,-10,117,-11,ACC,24,3,245,ADC,1271,393,4,1,"
27.6391,terug,-150,MM0 ?T
27.6391,terug,-150,MM1 ?T
27.6391,terug,-150,MM0 T=35:34
27.6391,terug,-150,MM1 T=36:34
27.6391,terug,-150,"#198,YAW,-2.32,GYRO,-30,107,2,ACC,27,11,250,ADC,1268,492,6,1,"
27.6391,terug,-150,MM1 ?V
27.6391,terug,-150,MM0 ?V
27.6391,terug,-150,MM0 V=120:223:4905
27.6391,terug,-150,MM1 V=120:222:4899
27.6391,terug,-150,"#199,YAW,-2.32,GYRO,-30,120,3,ACC,34,4,235,ADC,1239,393,7,1,"
27.6391,terug,-150,MM0 ?CR
27.6391,terug,-150,MM1 ?CR
27.6391,terug,-150,MM0 CR=-16:16
27.6391,terug,-150,MM1 CR=-17:17
27.6603,terug,-150,"#200,YAW,-2.32,GYRO,-33,143,-2,ACC,29,-1,252,ADC,1233,388,4,2,"
27.6603,terug,-150,MM0 ?A
27.6603,terug,-150,MM1 ?A
27.6603,terug,-150,MM0 A=0:0
27.6603,terug,-150,MM1 A=0:0
27.6805,terug,-150,"#201,YAW,-2.32,GYRO,-19,165,-15,ACC,40,-4,243,ADC,1248,502,4,2,"
27.6805,terug,-150,MM0 ?AI
27.6805,terug,-150,MM1 ?AI
27.6806,terug,-150,MM0 AI=0:0:2414:2422:0:0
27.6806,terug,-150,MM1 AI=0:0:2317:2350:0:0
27.7342,terug,-150,"#202,YAW,-2.32,GYRO,-9,227,-23,ACC,34,-3,254,ADC,1268,391,5,2,"
27.7342,terug,-150,MM0 ?C
27.7342,terug,-150,MM1 ?C
27.7342,terug,-150,MM0 C=2183:-2255
27.7343,terug,-150,MM1 C=3743:-3849
27.7343,terug,-150,MM0 !M -150 150
27.7343,terug,-150,MM1 !M -150 150
27.7343,terug,-150,MM0 +
27.7343,terug,-150,MM1 +
27.7343,terug,-150,MM0 PING
27.7343,terug,-150,MM1 PING
27.7343,terug,-150,"$GPRMC,094123.6,A,5050.50887,N,00419.37156,E,001.10,223.8,021026,000.4,E*53"
27.7343,terug,-150,"#203,YAW,-2.32,GYRO,1,277,-30,ACC,28,2,248,ADC,1230,330,4,1,"
27.7343,terug,-150,MM0 ?D
27.7343,terug,-150,MM1 ?D
27.7343,terug,-150,MM0 D=19
27.7343,terug,-150,MM1 D=48
27.7343,terug,-150,"#204,YAW,-2.32,GYRO,47,316,-28,ACC,3,-6,233,ADC,1270,498,4,1,"
27.7343,terug,-150,MM0 ?FF
27.7343,terug,-150,MM1 ?FF
27.7343,terug,-150,MM0 FF=0
27.7343,terug,-150,MM1 FF=0
27.7546,terug,-150,"#205,YAW,-2.32,GYRO,56,335,-24,ACC,14,-1,240,ADC,1221,498,8,2,"
27.7546,terug,-150,MM0 ?P
27.7546,terug,-150,MM1 ?P
27.7546,terug,-150,MM0 P=-150:150
27.7546,terug,-150,MM1 P=-150:150
27.7757,terug,-150,"#206,YAW,-2.32,GYRO,4,402,-8,ACC,16,16,247,ADC,1277,396,5,2,"
27.7757,terug,-150,MM0 ?S
27.7757,terug,-150,MM1 ?S
27.7757,terug,-150,MM0 S=-75:75
27.7757,terug,-150,MM1 S=-75:150
27.7967,terug,-150,"#207,YAW,-2.32,GYRO,7,439,7,ACC,1,21,231,ADC,1263,389,6,1,"
27.7967,terug,-150,MM0 ?T
27.7967,terug,-150,MM1 ?T
27.7967,terug,-150,MM0 T=35:34
27.7967,terug,-150,MM1 T=36:34
27.7967,terug,-150,MM0 !M -150 150
27.7967,terug,-150,MM1 !M -150 150
27.7967,terug,-150,MM0 +
27.7967,terug,-150,MM1 +
27.8310,terug,-150,MM1 PING
27.8310,terug,-150,MM0 PING
27.8310,terug,-150,"#208,YAW,-2.32,GYRO,-40,458,10,ACC,25,11,212,ADC,1240,386,4,2,"
27.8310,terug,-150,MM0 ?V
27.8310,terug,-150,MM1 ?V
27.8310,terug,-150,MM1 V=120:222:4899
27.8311,terug,-150,MM0 V=120:223:4905
27.8311,terug,-150,MM1 !M -150 150
27.8311,terug,-150,MM0 !M -150 150
27.8311,terug,-150,MM0 +
27.8311,terug,-150,MM1 +
27.8311,terug,-150,"#209,YAW,-2.32,GYRO,-47,510,9,ACC,25,3,271,ADC,1239,381,4,2,"
27.8311,terug,-150,MM1 ?CR
27.8311,terug,-150,MM0 ?CR
27.8311,terug,-150,MM0 CR=-32:32
27.8517,terug,-150,MM1 CR=-30:30
27.8517,terug,-150,"#210,YAW,-2.32,GYRO,13,701,-9,ACC,30,-15,228,ADC,1247,500,5,1,"
27.8517,terug,-150,MM0 ?A
27.8517,terug,-150,MM1 ?A
27.8517,terug,-150,MM0 A=5:-4
27.8517,terug,-150,MM1 A=0:0
27.8726,terug,-150,"#211,YAW,-2.32,GYRO,32,762,-11,ACC,29,-6,214,ADC,1247,386,5,2,"
27.8727,terug,-150,MM0 ?AI
27.8727,terug,-150,MM1 ?AI
27.8727,terug,-150,MM0 AI=0:0:2413:2447:0:0
27.8950,terug,-150,MM1 AI=0:0:2327:2288:0:0
27.8950,terug,-150,"#212,YAW,-2.32,GYRO,69,842,-19,ACC,9,-1,206,ADC,1252,390,5,2,"
27.8950,terug,-150,MM0 ?C
27.8951,terug,-150,MM1 ?C
27.8951,terug,-150,MM0 C=2145:-2218
27.8951,terug,-150,MM1 C=3707:-3813
27.9317,terug,-150,"$GPRMC,094123.8,A,5050.50889,N,00419.37148,E,001.04,223.8,021026,000.4,E*59"
27.9317,terug,-150,"#213,YAW,-2.32,GYRO,9,925,-11,ACC,-4,12,231,ADC,1263,363,6,1,"
27.9317,terug,-150,MM0 ?D
27.9317,terug,-150,MM0 D=35
27.9317,terug,-150,MM1 ?D
27.9317,terug,-150,MM1 D=34
27.9317,terug,-150,MM0 !M -150 150
27.9317,terug,-150,MM1 !M -150 150
27.9317,terug,-150,MM0 +
27.9317,terug,-150,MM1 +
27.9317,terug,-150,"#214,YAW,-2.33,GYRO,-14,1045,-7,ACC,1,25,187,ADC,1238,501,4,1,"
27.9317,terug,-150,MM1 ?FF
27.9317,terug,-150,MM0 ?FF
27.9317,terug,-150,MM1 FF=0
27.9317,terug,-150,MM0 FF=0
27.9527,terug,-150,"#215,YAW,-2.33,GYRO,-498,906,17,ACC,22,183,853,ADC,1211,386,7,2,"
27.9527,terug,-150,MM0 ?P
27.9527,terug,-150,MM1 ?P
27.9527,terug,-150,MM0 P=-150:150
27.9527,terug,-150,MM1 P=-150:150
27.9737,terug,-150,"#216,YAW,-2.33,GYRO,123,-1084,51,ACC,-213,248,123,ADC,1251,501,5,1,"
27.9737,terug,-150,MM0 ?S
27.9737,terug,-150,MM1 ?S
27.9737,terug,-150,MM0 S=-75:150
27.9737,terug,-150,MM1 S=-150:75
27.9945,terug,-150,"#217,YAW,-2.33,GYRO,-17,222,2,ACC,-19,187,1,ADC,1247,386,5,3,"
27.9945,terug,-150,MM0 ?T
27.9945,terug,-150,MM1 ?T
27.9945,terug,-150,MM0 T=35:34
27.9945,terug,-150,MM1 T=36:34
28.0287,terug,-150,MM0 !M -150 150
28.0287,terug,-150,MM1 !M -150 150
28.0287,terug,-150,MM0 +
28.0287,terug,-150,MM1 +
28.0287,terug,-150,"#218,YAW,-2.33,GYRO,-347,143,-16,ACC,-68,5,2,ADC,1203,285,7,2,"
28.0287,terug,-150,MM0 ?V
28.0287,terug,-150,MM1 ?V
28.0287,terug,-150,MM0 V=120:223:4905
28.0288,terug,-150,MM1 V=120:223:4899
28.0288,terug,-150,"#219,YAW,-2.33,GYRO,58,28,9,ACC,135,-216,345,ADC,1282,384,5,2,"
28.0288,terug,-150,MM0 ?CR
28.0498,terug,-150,MM1 ?CR
28.0498,terug,-150,MM0 CR=-45:40
28.0498,terug,-150,MM1 CR=-40:39
28.0498,terug,-150,"#220,YAW,-2.33,GYRO,-52,360,-32,ACC,-94,39,428,ADC,1279,503,3,1,"
28.0498,terug,-150,MM0 ?A
28.0498,terug,-150,MM1 ?A
28.0718,terug,-150,MM0 A=0:0
28.0718,terug,-150,MM1 A=0:0
28.0718,terug,-150,"#221,YAW,-2.33,GYRO,-28,-501,21,ACC,51,12,46,ADC,1272,385,6,3,"
28.0718,terug,-150,MM0 ?AI
28.0718,terug,-150,MM1 ?AI
28.0917,terug,-150,MM0 AI=0:0:2435:2441:0:0
28.0917,terug,-150,MM1 AI=0:0:2321:2142:0:0
28.0917,terug,-150,"#222,YAW,-2.33,GYRO,-27,522,-42,ACC,-30,66,211,ADC,1260,390,7,2,"
28.0917,terug,-150,MM0 ?C
28.0917,terug,-150,MM1 ?C
28.0917,terug,-150,MM0 C=2104:-2181
28.1259,terug,-150,MM1 C=3670:-3776
28.1259,terug,-150,"$GPRMC,094124.0,A,5050.50891,N,00419.37145,E,000.88,223.8,021026,000.4,E*57"
28.1259,terug,-150,MM0 !M -150 150
28.1259,terug,-150,MM1 !M -150 150
28.1259,terug,-150,MM0 +
28.1259,terug,-150,MM1 +
28.1259,terug,-150,"#223,YAW,-2.33,GYRO,-27,-318,8,ACC,-11,23,443,ADC,1206,286,4,2,"
28.1259,terug,-150,MM1 ?D
28.1259,terug,-150,MM0 ?D
28.1259,terug,-150,MM1 D=34
28.1259,terug,-150,MM0 D=2
28.1473,terug,-150,"#224,YAW,-2.33,GYRO,28,168,-19,ACC,13,-27,160,ADC,1198,392,4,2,"
28.1473,terug,-150,MM1 ?FF
28.1473,terug,-150,MM0 ?FF
28.1473,terug,-150,MM1 FF=0
28.1473,terug,-150,MM0 FF=0
28.1677,terug,-150,"#225,YAW,-2.33,GYRO,1,-24,-6,ACC,26,-12,205,ADC,1284,388,10,1,"
28.1677,terug,-150,MM1 ?P
28.1677,terug,-150,MM0 ?P
28.1677,terug,-150,MM1 P=-150:150
28.1677,terug,-150,MM0 P=-150:150
28.1678,terug,-150,"#226,YAW,-2.33,GYRO,8,156,-11,ACC,-19,25,287,ADC,1316,502,4,2,"
28.1891,terug,-150,MM1 ?S
28.1891,terug,-150,MM0 ?S
28.1891,terug,-150,MM1 S=-75:75
28.1891,terug,-150,MM0 S=-150:150
28.1891,terug,-150,"#227,YAW,-2.33,GYRO,11,-74,5,ACC,14,11,213,ADC,1239,389,5,2,"
28.1891,terug,-150,MM1 ?T
28.1891,terug,-150,MM0 ?T
28.2227,terug,-150,MM1 T=36:34
28.2227,terug,-150,MM0 T=35:35
28.2227,terug,-150,MM0 !M -150 150
28.2227,terug,-150,MM1 !M -150 150
28.2227,terug,-150,MM0 +
28.2227,terug,-150,MM1 +
28.2227,terug,-150,"#228,YAW,-2.33,GYRO,26,89,-15,ACC,-7,5,264,ADC,1270,494,4,1,"
28.2227,terug,-150,MM1 ?V
28.2227,terug,-150,MM0 ?V
28.2227,terug,-150,MM1 V=120:223:4899
28.2227,terug,-150,MM0 V=120:223:4905
28.2437,terug,-150,"#229,YAW,-2.33,GYRO,20,47,-21,ACC,3,-6,291,ADC,1246,382,4,1,"
28.2437,terug,-150,MM1 ?CR
28.2437,terug,-150,MM0 ?CR
28.2438,terug,-150,MM1 CR=-34:34
28.2438,terug,-150,MM0 CR=-34:34
28.2646,terug,-150,"#230,YAW,-2.33,GYRO,-17,9,-23,ACC,12,2,257,ADC,1262,388,7,2,"
28.2646,terug,-150,MM1 ?A
28.2647,terug,-150,MM0 ?A
28.2647,terug,-150,MM1 A=0:0
28.2647,terug,-150,MM0 A=0:0
28.2872,terug,-150,"#231,YAW,-2.33,GYRO,26,49,-15,ACC,10,8,264,ADC,1261,404,5,2,"
28.2872,terug,-150,MM1 ?AI
28.2872,terug,-150,MM0 ?AI
28.2872,terug,-150,MM1 AI=0:0:2445:2373:0:0
28.2872,terug,-150,MM0 AI=0:0:2418:2424:0:0
28.3366,terug,-150,"#232,YAW,-2.33,GYRO,-26,63,14,ACC,11,16,235,ADC,1220,380,4,3,"
28.3366,terug,-150,MM1 ?C
28.3366,terug,-150,MM0 ?C
28.3367,terug,-150,MM1 C=3636:-3742
28.3367,terug,-150,MM0 C=2069:-2146
28.3367,terug,-150,"$GPRMC,094124.2,A,5050.50890,N,00419.37142,E,000.83,223.8,021026,000.4,E*58"
28.3367,terug,-150,"#233,YAW,-2.33,GYRO,8,39,20,ACC,9,0,240,ADC,1280,337,4,1,"
28.3367,terug,-150,MM0 ?D
28.3367,terug,-150,MM1 ?D
28.3367,terug,-150,MM0 D=48
28.3367,terug,-150,MM1 D=17
28.3367,terug,-150,"#234,YAW,-2.33,GYRO,-4,47,8,ACC,4,-11,244,ADC,1266,388,5,2,"
28.3367,terug,-150,MM1 ?FF
28.3367,terug,-150,MM0 ?FF
28.3367,terug,-150,MM1 FF=0
28.3367,terug,-150,MM0 FF=0
28.3576,terug,-150,"#235,YAW,-2.33,GYRO,-5,63,-18,ACC,-5,-1,277,ADC,1253,394,5,2,"
28.3576,terug,-150,MM1 ?P
28.3576,terug,-150,MM0 ?P
28.3576,terug,-150,MM1 P=-150:150
28.3576,terug,-150,MM0 P=-150:150
28.3786,terug,-150,"#236,YAW,-2.33,GYRO,-16,64,-33,ACC,14,3,278,ADC,1269,387,6,2,"
28.3786,terug,-150,MM1 ?S
28.3786,terug,-150,MM0 ?S
28.3786,terug,-150,MM1 S=-150:150
28.3786,terug,-150,MM0 S=-150:150
28.4006,terug,-150,"#237,YAW,-2.33,GYRO,-29,49,-25,ACC,19,16,241,ADC,1249,500,5,2,"
28.4007,terug,-150,MM1 ?T
28.4007,terug,-150,MM0 ?T
28.4007,terug,-150,MM1 T=36:34
28.4007,terug,-150,MM0 T=35:34
28.4007,terug,-150,MM0 !M -150 150
28.4007,terug,-150,MM1 !M -150 150
28.4007,terug,-150,MM0 +
28.4007,terug,-150,MM1 +
28.4346,terug,-150,MM1 PING
28.4346,terug,-150,MM0 PING
28.4346,terug,-150,"#238,YAW,-2.33,GYRO,4,84,-19,ACC,10,8,283,ADC,1241,341,3,2,"
28.4347,terug,-150,MM1 ?V
28.4347,terug,-150,MM0 ?V
28.4347,terug,-150,MM1 V=120:223:4900
28.4347,terug,-150,MM0 V=120:223:4906
28.4347,terug,-150,"#239,YAW,-2.33,GYRO,-27,43,-2,ACC,-3,5,228,ADC,1259,390,5,2,"
28.4347,terug,-150,MM1 ?CR
28.4347,terug,-150,MM0 ?CR
28.4347,terug,-150,MM1 CR=-34:34
28.4347,terug,-150,MM0 CR=-34:34
28.4556,terug,-150,"#240,YAW,-2.33,GYRO,29,33,7,ACC,5,-7,240,ADC,1233,396,6,1,"
28.4557,terug,-150,MM1 ?A
28.4557,terug,-150,MM0 ?A
28.4557,terug,-150,MM1 A=0:0
28.4557,terug,-150,MM0 A=0:0
28.4773,terug,-150,"#241,YAW,-2.33,GYRO,4,24,13,ACC,1,-3,253,ADC,1251,382,4,1,"
28.4773,terug,-150,MM1 ?AI
28.4773,terug,-150,MM0 ?AI
28.4773,terug,-150,MM1 AI=0:0:2366:2338:0:0
28.4773,terug,-150,MM0 AI=0:0:2444:2382:0:0
28.4976,terug,-150,"#242,YAW,-2.33,GYRO,1,31,1,ACC,-7,13,278,ADC,1252,498,3,2,"
28.4976,terug,-150,MM1 ?C
28.4976,terug,-150,MM0 ?C
28.4976,terug,-150,MM1 C=3602:-3710
28.4977,terug,-150,MM0 C=2036:-2114
28.5315,terug,-150,"$GPRMC,094124.4,A,5050.50892,N,00419.37136,E,000.77,223.8,021026,000.4,E*54"
28.5316,terug,-150,MM0 !M -150 150
28.5316,terug,-150,MM1 !M -150 150
28.5316,terug,-150,MM0 +
28.5316,terug,-150,MM1 +
28.5316,terug,-150,MM1 PING
28.5316,terug,-150,MM0 PING
28.5316,terug,-150,"#243,YAW,-2.33,GYRO,-27,56,-1,ACC,11,22,265,ADC,1264,276,8,2,"
28.5316,terug,-150,MM0 ?D
28.5316,terug,-150,MM1 ?D
28.5316,terug,-150,MM0 D=50
28.5316,terug,-150,MM1 D=50
28.5316,terug,-150,"#244,YAW,-2.33,GYRO,-46,52,-14,ACC,9,-1,246,ADC,1263,392,7,2,"
28.5316,terug,-150,MM0 ?FF
28.5316,terug,-150,MM1 ?FF
28.5316,terug,-150,MM1 FF=0
28.5316,terug,-150,MM0 FF=0
28.5538,terug,-150,"#245,YAW,-2.33,GYRO,-26,83,-35,ACC,10,1,265,ADC,1278,410,4,3,"
28.5538,terug,-150,MM1 ?P
28.5538,terug,-150,MM0 ?P
28.5538,terug,-150,MM1 P=-150:150
28.5538,terug,-150,MM0 P=-150:150
28.5736,terug,-150,"#246,YAW,-2.33,GYRO,-20,79,-34,ACC,5,-1,250,ADC,1237,390,6,2,"
28.5736,terug,-150,MM0 ?S
28.5736,terug,-150,MM1 ?S
28.5736,terug,-150,MM1 S=-75:75
28.5736,terug,-150,MM0 S=-150:75
28.5947,terug,-150,"#247,YAW,-2.33,GYRO,-3,52,-16,ACC,-5,1,235,ADC,1255,500,5,2,"
28.5947,terug,-150,MM0 ?T
28.5947,terug,-150,MM1 ?T
28.5947,terug,-150,MM1 T=36:34
28.5947,terug,-150,MM0 T=35:34
28.6299,terug,-150,MM0 !M -150 150
28.6299,terug,-150,MM1 !M -150 150
28.6299,terug,-150,MM0 +
28.6299,terug,-150,MM1 +
28.6299,terug,-150,MM0 PING
28.6299,terug,-150,MM1 PING
28.6299,terug,-150,"#248,YAW,-2.33,GYRO,30,40,-1,ACC,-2,0,251,ADC,1225,290,8,2,"
28.6299,terug,-150,MM0 !M -150 150
28.6299,terug,-150,MM0 +
28.6299,terug,-150,MM1 !M -150 150
28.6299,terug,-150,MM1 +
28.6299,terug,-150,MM0 ?V
28.6299,terug,-150,MM1 ?V
28.6299,terug,-150,MM0 V=120:223:4904
28.6299,terug,-150,MM1 V=120:223:4900
28.6299,terug,-150,"#249,YAW,-2.33,GYRO,10,35,3,ACC,0,12,263,ADC,1229,383,6,1,"
28.6299,terug,-150,MM0 ?CR
28.6299,terug,-150,MM1 ?CR
28.6509,terug,-150,MM0 CR=-32:32
28.6510,terug,-150,MM1 CR=-32:32
28.6510,terug,-150,"#250,YAW,-2.33,GYRO,4,58,-13,ACC,5,12,254,ADC,1241,385,6,2,"
28.6510,terug,-150,MM0 ?A
28.6510,terug,-150,MM1 ?A
28.6510,terug,-150,MM0 A=0:0
28.6510,terug,-150,MM1 A=0:0
28.6717,terug,-150,"#251,YAW,-2.33,GYRO,-20,34,-39,ACC,3,11,269,ADC,1272,390,7,2,"
28.6717,terug,-150,MM0 ?AI
28.6717,terug,-150,MM1 ?AI
28.6717,terug,-150,MM0 AI=0:0:2374:2406:0:0
28.6927,terug,-150,MM1 AI=0:0:2332:2376:0:0
28.6928,terug,-150,"#252,YAW,-2.33,GYRO,-1,38,-38,ACC,10,0,249,ADC,1248,405,5,2,"
28.6928,terug,-150,MM0 ?C
28.6928,terug,-150,MM1 ?C
28.6928,terug,-150,MM0 C=2004:-2081
28.7269,terug,-150,MM1 C=3570:-3678
28.7269,terug,-150,"$GPRMC,094124.6,A,5050.50891,N,00419.37132,E,000.70,223.8,021026,000.4,E*56"
28.7269,terug,-150,"#253,YAW,-2.33,GYRO,-30,64,-17,ACC,9,0,267,ADC,1258,502,5,2,"
28.7269,terug,-150,MM0 ?D
28.7269,terug,-150,MM1 ?D
28.7269,terug,-150,MM0 D=34
28.7269,terug,-150,MM1 D=50
28.7477,terug,-150,"#254,YAW,-2.33,GYRO,16,59,6,ACC,-1,3,239,ADC,1261,503,4,2,"
28.7478,terug,-150,MM0 ?FF
28.7478,terug,-150,MM1 ?FF
28.7478,terug,-150,MM0 FF=0
28.7478,terug,-150,MM1 FF=0
28.7478,terug,-150,"#255,YAW,-2.33,GYRO,-5,54,20,ACC,2,-7,239,ADC,1221,383,4,2,"
28.7687,terug,-150,MM0 ?P
28.7687,terug,-150,MM1 ?P
28.7687,terug,-150,MM0 P=-150:150
28.7687,terug,-150,MM1 P=-150:150
28.7687,terug,-150,"#0,YAW,-2.33,GYRO,-15,61,9,ACC,9,3,252,ADC,1233,500,4,2,"
28.7687,terug,-150,MM0 ?S
28.7687,terug,-150,MM1 ?S
28.7901,terug,-150,MM0 S=-75:150
28.7901,terug,-150,MM1 S=-150:75
28.7901,terug,-150,"#1,YAW,-2.33,GYRO,7,71,-18,ACC,9,4,275,ADC,1262,415,5,2,"
28.7902,terug,-150,MM1 ?T
28.7902,terug,-150,MM0 ?T
28.7902,terug,-150,MM0 T=35:34
28.8406,terug,-150,MM1 T=36:34
28.8406,terug,-150,MM1 !M -15PING
28.8406,terug,-150,MM0 !M -15PING
28.8406,terug,-150,MM1 +
28.8406,terug,-150,MM0 +
28.8406,terug,-150,"#2,YAW,-2.33,GYRO,-47,48,-50,ACC,5,12,272,ADC,1245,305,5,2,"
28.8406,terug,-150,MM0 ?V
28.8406,terug,-150,MM1 ?V
28.8406,terug,-150,MM0 V=120:223:4904
28.8406,terug,-150,MM1 V=120:216:4901
28.8406,terug,-150,"#3,YAW,-2.33,GYRO,-9,38,-53,ACC,14,2,256,ADC,1284,502,3,1,"
28.8406,terug,-150,MM0 ?CR
28.8406,terug,-150,MM1 ?CR
28.8406,terug,-150,MM0 CR=-33:33
28.8406,terug,-150,MM1 CR=-32:32
28.8616,terug,-150,"#4,YAW,-2.33,GYRO,-37,75,-40,ACC,0,0,272,ADC,1225,387,6,1,"
28.8616,terug,-150,MM0 ?A
28.8616,terug,-150,MM1 ?A
28.8616,terug,-150,MM1 A=-4:0
28.8616,terug,-150,MM0 A=0:0
28.8828,terug,-150,"#5,YAW,-2.33,GYRO,-2,45,-13,ACC,-5,-9,223,ADC,1258,388,5,1,"
28.8828,terug,-150,MM0 ?AI
28.8828,terug,-150,MM1 ?AI
28.8828,terug,-150,MM0 AI=0:0:2416:2435:0:0
28.8829,terug,-150,MM1 AI=0:0:2337:2343:0:0
28.9041,terug,-150,"#6,YAW,-2.33,GYRO,31,38,11,ACC,-7,-9,247,ADC,1275,501,6,1,"
28.9041,terug,-150,MM0 ?C
28.9041,terug,-150,MM1 ?C
28.9041,terug,-150,MM0 C=1971:-2049
28.9041,terug,-150,MM1 C=3539:-3645
28.9041,terug,-150,"$GPRMC,094124.8,A,5050.50890,N,00419.37131,E,000.62,223.8,021026,000.4,E*59"
28.9041,terug,-150,MM0 !M -150 150
28.9041,terug,-150,MM1 !M -150 150
28.9041,terug,-150,MM0 +
28.9041,terug,-150,MM1 +
28.9387,terug,-150,MM0 PING
28.9387,terug,-150,MM1 PING
28.9387,terug,-150,"#7,YAW,-2.33,GYRO,-2,16,13,ACC,-2,10,273,ADC,1232,295,4,1,"
28.9387,terug,-150,MM0 ?D
28.9387,terug,-150,MM1 ?D
28.9387,terug,-150,MM0 D=35
28.9387,terug,-150,MM1 D=50
28.9387,terug,-150,"#8,YAW,-2.33,GYRO,-7,55,-2,ACC,-4,27,273,ADC,1292,500,4,2,"
28.9387,terug,-150,MM0 ?FF
28.9387,terug,-150,MM1 ?FF
28.9387,terug,-150,MM0 FF=0
28.9387,terug,-150,MM1 FF=0
28.9585,terug,-150,"#9,YAW,-2.33,GYRO,-33,12,-19,ACC,6,26,273,ADC,1302,502,4,2,"
28.9585,terug,-150,MM0 ?P
28.9585,terug,-150,MM1 ?P
28.9585,terug,-150,MM0 P=-150:150
28.9585,terug,-150,MM1 P=-150:150
28.9796,terug,-150,"#10,YAW,-2.33,GYRO,-20,-10,-33,ACC,8,4,263,ADC,1239,385,4,2,"
28.9796,terug,-150,MM0 ?S
28.9796,terug,-150,MM1 ?S
28.9797,terug,-150,MM0 S=-75:150
28.9797,terug,-150,MM1 S=-75:150
29.0010,terug,-150,"#11,YAW,-2.33,GYRO,-61,19,-37,ACC,11,-4,255,ADC,1283,500,4,1,"
29.0010,terug,-150,MM0 ?T
29.0011,terug,-150,MM1 ?T
29.0011,terug,-150,MM0 T=35:34
29.0011,terug,-150,MM1 T=36:34
29.0011,terug,-150,MM1 !M -150 150
29.0346,terug,-150,MM0 !M -150 150
29.0346,terug,-150,MM1 +
29.0346,terug,-150,MM0 +
29.0346,terug,-150,MM0 PING
29.0346,terug,-150,MM1 PING
29.0346,terug,-150,"#12,YAW,-2.33,GYRO,-11,39,-18,ACC,-4,-5,223,ADC,1219,321,4,2,"
29.0346,terug,-150,MM0 ?V
29.0346,terug,-150,MM1 ?V
29.0346,terug,-150,MM0 V=120:223:4905
29.0346,terug,-150,MM1 V=120:223:4899
29.0346,terug,-150,MM0 !M -150 150
29.0346,terug,-150,MM1 !M -150 150
29.0346,terug,-150,MM0 +
29.0346,terug,-150,MM1 +
29.0346,terug,-150,"#13,YAW,-2.33,GYRO,5,70,6,ACC,-5,-5,244,ADC,1263,499,6,2,"
29.0346,terug,-150,MM0 ?CR
29.0346,terug,-150,MM1 ?CR
29.0346,terug,-150,MM0 CR=-32:32
29.0346,terug,-150,MM1 CR=-32:32
29.0555,terug,-150,"#14,YAW,-2.33,GYRO,6,40,20,ACC,-10,7,268,ADC,1306,498,5,2,"
29.0556,terug,-150,MM0 ?A
29.0556,terug,-150,MM1 ?A
29.0556,terug,-150,MM0 A=0:0
29.0556,terug,-150,MM1 A=0:0
29.0768,terug,-150,"#15,YAW,-2.33,GYRO,-3,21,12,ACC,-8,7,253,ADC,1263,395,8,2,"
29.0768,terug,-150,MM0 ?AI
29.0768,terug,-150,MM1 ?AI
29.0768,terug,-150,MM0 AI=0:0:2439:2429:0:0
29.0768,terug,-150,MM1 AI=0:0:2328:2354:0:0
29.0977,terug,-150,"#16,YAW,-2.33,GYRO,16,43,-11,ACC,7,7,270,ADC,1238,396,6,1,"
29.0977,terug,-150,MM0 ?C
29.0977,terug,-150,MM1 ?C
29.0977,terug,-150,MM0 C=1939:-2017
29.0977,terug,-150,MM1 C=3506:-3613
29.1316,terug,-150,"$GPRMC,094125.0,A,5050.50891,N,00419.37123,E,000.58,223.8,021026,000.4,E*5B"
29.1316,terug,-150,"#17,YAW,-2.33,GYRO,-37,13,-31,ACC,15,7,269,ADC,1228,306,4,2,"
29.1316,terug,-150,MM0 ?D
29.1316,terug,-150,MM1 ?D
29.1316,terug,-150,MM1 D=50
29.1316,terug,-150,MM0 D=1
29.1316,terug,-150,"#18,YAW,-2.33,GYRO,-6,33,-42,ACC,5,-7,279,ADC,1235,386,4,2,"
29.1316,terug,-150,MM0 ?FF
29.1316,terug,-150,MM1 ?FF
29.1316,terug,-150,MM0 FF=0
29.1317,terug,-150,MM1 FF=0
29.1525,terug,-150,"#19,YAW,-2.33,GYRO,-48,38,-16,ACC,12,1,237,ADC,1262,389,5,2,"
29.1526,terug,-150,MM0 ?P
29.1527,terug,-150,MM1 ?P
29.1527,terug,-150,MM0 P=-150:150
29.1527,terug,-150,MM1 P=-150:150
29.1736,terug,-150,"#20,YAW,-2.33,GYRO,19,69,8,ACC,6,-1,232,ADC,1218,381,6,1,"
29.1736,terug,-150,MM0 ?S
29.1736,terug,-150,MM1 ?S
29.1736,terug,-150,MM0 S=-150:150
29.1736,terug,-150,MM1 S=-150:75
29.1945,terug,-150,"#21,YAW,-2.33,GYRO,7,55,25,ACC,-4,1,248,ADC,1257,384,5,2,"
29.1945,terug,-150,MM0 ?T
29.1945,terug,-150,MM1 ?T
29.1945,terug,-150,MM0 T=35:34
29.1946,terug,-150,MM1 T=36:34
29.2513,terug,-150,"#22,YAW,-2.33,GYRO,0,50,16,ACC,0,16,297,ADC,1222,379,5,2,"
29.2513,terug,-150,MM0 ?V
29.2514,terug,-150,MM1 ?V
29.2514,terug,-150,MM0 V=120:222:4903
29.2514,terug,-150,MM1 V=120:220:4900
29.2514,terug,-150,MM0 !M -150 150
29.2514,terug,-150,MM1 !M -150 150
29.2514,terug,-150,MM0 +
29.2514,terug,-150,MM1 +
29.2514,terug,-150,MM0 PING
29.2514,terug,-150,MM1 PING
29.2514,terug,-150,"#23,YAW,-2.33,GYRO,38,97,-11,ACC,15,5,258,ADC,1209,382,7,2,"
29.2514,terug,-150,MM0 !M -150 150
29.2514,terug,-150,MM0 +
29.2514,terug,-150,MM1 !M -150 150
29.2514,terug,-150,MM1 +
29.2514,terug,-150,MM0 ?CR
29.2514,terug,-150,MM1 ?CR
29.2514,terug,-150,MM0 CR=-34:32
29.2514,terug,-150,MM1 CR=-33:33
29.2514,terug,-150,"#24,YAW,-2.33,GYRO,-14,52,-32,ACC,6,3,257,ADC,1245,502,5,2,"
29.2514,terug,-150,MM0 ?A
29.2514,terug,-150,MM1 ?A
29.2514,terug,-150,MM0 A=0:0
29.2710,terug,-150,MM1 A=0:0
29.2710,terug,-150,"#25,YAW,-2.33,GYRO,-5,88,-40,ACC,12,4,264,ADC,1263,381,7,1,"
29.2710,terug,-150,MM0 ?AI
29.2710,terug,-150,MM1 ?AI
29.2918,terug,-150,MM0 AI=0:0:2433:2447:0:0
29.2918,terug,-150,MM1 AI=0:0:2327:2327:0:0
29.2918,terug,-150,"#26,YAW,-2.33,GYRO,-14,114,-27,ACC,3,8,228,ADC,1228,386,5,2,"
29.2918,terug,-150,MM0 ?C
29.2918,terug,-150,MM1 ?C
29.2918,terug,-150,MM0 C=1905:-1983
29.3444,terug,-150,MM1 C=3473:-3579
29.3445,terug,-150,"$GPRMC,094125.2,A,5050.50894,N,00419.37106,E,000.54,223.8,021026,000.4,E*57"
29.3445,terug,-150,"#27,YAW,-2.33,GYRO,2,72,2,ACC,-2,11,245,ADC,1282,380,7,3,"
29.3445,terug,-150,MM0 ?D
29.3445,terug,-150,MM1 ?D
29.3445,terug,-150,MM0 D=16
29.3445,terug,-150,MM1 D=3
29.3445,terug,-150,MM0 !M -150 150
29.3445,terug,-150,MM1 !M -150 150
29.3445,terug,-150,MM0 +
29.3445,terug,-150,MM1 +
29.3445,terug,-150,"#28,YAW,-2.34,GYRO,4,50,19,ACC,-4,8,256,ADC,1292,501,4,2,"
29.3445,terug,-150,MM0 ?FF
29.3445,terug,-150,MM1 ?FF
29.3445,terug,-150,MM0 FF=0
29.3445,terug,-150,MM1 FF=0
29.3637,terug,-150,"#29,YAW,-2.34,GYRO,-3,65,10,ACC,-2,5,269,ADC,1224,379,7,2,"
29.3637,terug,-150,MM0 ?P
29.3637,terug,-150,MM1 ?P
29.3637,terug,-150,MM0 P=-150:150
29.3637,terug,-150,MM1 P=-150:150
29.3848,terug,-150,"#30,YAW,-2.34,GYRO,7,11,-21,ACC,-7,3,261,ADC,1283,382,4,2,"
29.3849,terug,-150,MM0 ?S
29.3849,terug,-150,MM1 ?S
29.3849,terug,-150,MM1 S=-150:150
29.3849,terug,-150,MM0 S=-75:150
29.4057,terug,-150,"#31,YAW,-2.33,GYRO,-32,9,-51,ACC,8,6,264,ADC,1290,502,4,2,"
29.4058,terug,-150,MM0 ?T
29.4058,terug,-150,MM1 ?T
29.4058,terug,-150,MM0 T=35:34
29.4058,terug,-150,MM1 T=36:34
29.4409,terug,-150,"#32,YAW,-2.33,GYRO,6,52,-63,ACC,11,0,262,ADC,1228,381,5,2,"
29.4409,terug,-150,MM0 ?V
29.4409,terug,-150,MM1 ?V
29.4409,terug,-150,MM0 V=120:223:4905
29.4409,terug,-150,MM1 V=120:223:4901
29.4409,terug,-150,"#33,YAW,-2.33,GYRO,-68,27,-21,ACC,-8,17,253,ADC,1249,402,8,2,"
29.4409,terug,-150,MM0 ?CR
29.4409,terug,-150,MM1 ?CR
29.4409,terug,-150,MM0 CR=-33:34
29.4409,terug,-150,MM1 CR=-33:34
29.4607,terug,-150,"#34,YAW,-2.33,GYRO,28,32,12,ACC,-6,3,239,ADC,1275,502,5,2,"
29.4607,terug,-150,MM0 ?A
29.4607,terug,-150,MM1 ?A
29.4607,terug,-150,MM0 A=0:0
29.4607,terug,-150,MM1 A=0:0
29.4815,terug,-150,"#35,YAW,-2.33,GYRO,-9,54,21,ACC,1,-11,259,ADC,1229,382,5,2,"
29.4815,terug,-150,MM0 ?AI
29.4815,terug,-150,MM1 ?AI
29.4815,terug,-150,MM0 AI=0:0:2411:2432:0:0
29.4816,terug,-150,MM1 AI=0:0:2347:2343:0:0
29.5026,terug,-150,"#36,YAW,-2.33,GYRO,1,50,13,ACC,0,5,256,ADC,1253,494,4,2,"
29.5026,terug,-150,MM0 ?C
29.5026,terug,-150,MM1 ?C
29.5026,terug,-150,MM0 C=1872:-1950
29.5026,terug,-150,MM1 C=3440:-3546
29.5026,terug,-150,"$GPRMC,094125.4,A,5050.50898,N,00419.37090,E,000.54,223.8,021026,000.4,E*53"
29.5385,terug,-150,"#37,YAW,-2.33,GYRO,-41,-28,2,ACC,5,14,266,ADC,1217,375,4,2,"
29.5386,terug,-150,MM0 !M -150 150
29.5386,terug,-150,MM0 +
29.5386,terug,-150,MM1 !M -150 150
29.5386,terug,-150,MM1 +
29.5386,terug,-150,MM0 PING
29.5386,terug,-150,MM1 PING
29.5386,terug,-150,MM0 ?D
29.5386,terug,-150,MM1 ?D
29.5386,terug,-150,MM0 D=35
29.5386,terug,-150,MM1 D=16
29.5386,terug,-150,"#38,YAW,-2.34,GYRO,-47,-19,-19,ACC,5,12,268,ADC,1230,381,6,1,"
29.5386,terug,-150,MM0 ?FF
29.5386,terug,-150,MM1 ?FF
29.5386,terug,-150,MM0 FF=0
29.5386,terug,-150,MM1 FF=0
29.5596,terug,-150,"#39,YAW,-2.34,GYRO,-17,49,-35,ACC,12,-10,277,ADC,1287,501,5,3,"
29.5596,terug,-150,MM0 ?P
29.5596,terug,-150,MM1 ?P
29.5596,terug,-150,MM0 P=-150:150
29.5596,terug,-150,MM1 P=-150:150
29.5808,terug,-150,"#40,YAW,-2.34,GYRO,-57,33,-13,ACC,10,-1,244,ADC,1242,381,4,1,"
29.5808,terug,-150,MM0 ?S
29.5808,terug,-150,MM1 ?S
29.5808,terug,-150,MM0 S=-150:150
29.5808,terug,-150,MM1 S=-150:150
29.6016,terug,-150,"#41,YAW,-2.34,GYRO,56,39,-5,ACC,-2,-9,221,ADC,1239,386,5,1,"
29.6016,terug,-150,MM0 ?T
29.6016,terug,-150,MM1 ?T
29.6016,terug,-150,MM0 T=35:34
29.6016,terug,-150,MM1 T=36:34
29.6371,terug,-150,"#42,YAW,-2.34,GYRO,-7,53,9,ACC,1,13,281,ADC,1239,375,6,2,"
29.6371,terug,-150,MM0 !M -150 150
29.6371,terug,-150,MM0 +
29.6371,terug,-150,MM1 !M -150 150
29.6371,terug,-150,MM1 +
29.6371,terug,-150,MM1 PING
29.6371,terug,-150,MM0 PING
29.6371,terug,-150,MM0 ?V
29.6371,terug,-150,MM1 ?V
29.6372,terug,-150,MM0 V=120:223:4905
29.6372,terug,-150,MM1 V=120:222:4901
29.6372,terug,-150,"#43,YAW,-2.34,GYRO,-19,50,7,ACC,7,27,275,ADC,1217,385,5,2,"
29.6372,terug,-150,MM0 ?CR
29.6372,terug,-150,MM1 ?CR
29.6372,terug,-150,MM0 CR=-34:33
29.6372,terug,-150,MM1 CR=-33:33
29.6585,terug,-150,"#44,YAW,-2.34,GYRO,-19,-26,8,ACC,9,16,245,ADC,1245,499,5,1,"
29.6585,terug,-150,MM0 ?A
29.6585,terug,-150,MM1 ?A
29.6585,terug,-150,MM0 A=0:0
29.6585,terug,-150,MM1 A=0:0
29.6775,terug,-150,"#45,YAW,-2.34,GYRO,-43,30,-9,ACC,10,-9,271,ADC,1275,385,4,2,"
29.6775,terug,-150,MM0 ?AI
29.6775,terug,-150,MM1 ?AI
29.6775,terug,-150,MM0 AI=0:0:2417:2474:0:0
29.6775,terug,-150,MM1 AI=0:0:2335:2347:0:0
29.6986,terug,-150,"#46,YAW,-2.34,GYRO,-39,76,-19,ACC,17,-11,286,ADC,1295,399,6,2,"
29.6986,terug,-150,MM0 ?C
29.6986,terug,-150,MM1 ?C
29.6986,terug,-150,MM0 C=1838:-1917
29.6987,terug,-150,MM1 C=3407:-3514
29.7325,terug,-150,"$GPRMC,094125.6,A,5050.50907,N,00419.37071,E,000.57,223.8,021026,000.4,E*5A"
29.7325,terug,-150,"#47,YAW,-2.34,GYRO,-13,100,-18,ACC,7,0,210,ADC,1253,385,5,2,"
29.7326,terug,-150,MM0 !M -150 150
29.7326,terug,-150,MM0 +
29.7326,terug,-150,MM1 !M -150 150
29.7326,terug,-150,MM1 +
29.7326,terug,-150,MM0 PING
29.7326,terug,-150,MM1 PING
29.7326,terug,-150,MM0 ?D
29.7326,terug,-150,MM1 ?D
29.7326,terug,-150,MM0 D=33
29.7326,terug,-150,MM1 D=50
29.7326,terug,-150,MM0 !M -150 150
29.7326,terug,-150,MM1 !M -150 150
29.7326,terug,-150,MM0 +
29.7326,terug,-150,MM1 +
29.7326,terug,-150,"#48,YAW,-2.34,GYRO,10,71,-5,ACC,9,2,229,ADC,1238,306,5,1,"
29.7326,terug,-150,MM0 ?FF
29.7326,terug,-150,MM1 ?FF
29.7326,terug,-150,MM0 FF=0
29.7326,terug,-150,MM1 FF=0
29.7535,terug,-150,"#49,YAW,-2.34,GYRO,21,47,0,ACC,6,2,284,ADC,1245,501,5,2,"
29.7535,terug,-150,MM0 ?P
29.7536,terug,-150,MM1 ?P
29.7536,terug,-150,MM0 P=-150:150
29.7536,terug,-150,MM1 P=-150:150
29.7745,terug,-150,"#50,YAW,-2.34,GYRO,1,61,-4,ACC,0,3,239,ADC,1238,500,5,2,"
29.7745,terug,-150,MM0 ?S
29.7745,terug,-150,MM1 ?S
29.7745,terug,-150,MM1 S=-75:75
29.7745,terug,-150,MM0 S=-150:150
29.7959,terug,-150,"#51,YAW,-2.34,GYRO,25,8,-28,ACC,3,-1,242,ADC,1208,381,6,1,"
29.7959,terug,-150,MM0 ?T
29.7959,terug,-150,MM1 ?T
29.7959,terug,-150,MM0 T=35:34
29.7959,terug,-150,MM1 T=36:34
29.8483,terug,-150,"#52,YAW,-2.34,GYRO,-37,2,-50,ACC,8,14,298,ADC,1291,502,4,2,"
29.8484,terug,-150,MM0 ?V
29.8484,terug,-150,MM1 ?V
29.8485,terug,-150,MM0 V=120:229:4904
29.8485,terug,-150,MM1 V=120:223:4898
29.8485,terug,-150,MM0 !M -150 150
29.8485,terug,-150,MM1 !M -150 150
29.8485,terug,-150,MM0 +
29.8485,terug,-150,MM1 +
29.8485,terug,-150,"#53,YAW,-2.34,GYRO,39,89,-52,ACC,15,-2,234,ADC,1262,386,6,1,"
29.8485,terug,-150,MM0 ?CR
29.8485,terug,-150,MM1 ?CR
29.8485,terug,-150,MM0 CR=-32:33
29.8485,terug,-150,MM1 CR=-32:32
29.8485,terug,-150,"#54,YAW,-2.33,GYRO,-83,39,-16,ACC,5,5,245,ADC,1264,499,6,2,"
29.8688,terug,-150,MM0 ?A
29.8688,terug,-150,MM1 ?A
29.8688,terug,-150,MM0 A=0:0
29.8689,terug,-150,MM1 A=0:0
29.8689,terug,-150,"#55,YAW,-2.34,GYRO,3,29,9,ACC,-6,3,243,ADC,1230,384,6,2,"
29.8689,terug,-150,MM0 ?AI
29.8689,terug,-150,MM1 ?AI
29.8897,terug,-150,MM0 AI=0:0:2428:2419:0:0
29.8897,terug,-150,MM1 AI=0:0:2331:2323:0:0
29.8897,terug,-150,"#56,YAW,-2.34,GYRO,-12,86,26,ACC,-8,-11,269,ADC,1256,387,7,2,"
29.8897,terug,-150,MM0 ?C
29.8897,terug,-150,MM1 ?C
29.9109,terug,-150,MM0 C=1806:-1884
29.9110,terug,-150,MM1 C=3375:-3481
29.9110,terug,-150,"$GPRMC,094125.8,A,5050.50921,N,00419.37038,E,000.82,223.8,021026,000.4,E*55"
29.9110,terug,-150,"#57,YAW,-2.34,GYRO,9,36,13,ACC,2,-2,248,ADC,1268,496,7,2,"
29.9110,terug,-150,MM0 ?D
29.9110,terug,-150,MM1 ?D
29.9110,terug,-150,MM1 D=50
29.9110,terug,-150,MM0 D=1
29.9468,terug,-150,MM0 !M -150 150
29.9468,terug,-150,MM1 !M -150 150
29.9468,terug,-150,MM0 +
29.9468,terug,-150,MM1 +
29.9468,terug,-150,"#58,YAW,-2.34,GYRO,-47,34,-9,ACC,0,12,274,ADC,1222,391,5,2,"
29.9468,terug,-150,MM0 ?FF
29.9468,terug,-150,MM1 ?FF
29.9468,terug,-150,MM0 FF=0
29.9468,terug,-150,MM1 FF=0
29.9677,terug,-150,"#59,YAW,-2.34,GYRO,-58,11,-30,ACC,2,18,251,ADC,1229,381,6,3,"
29.9677,terug,-150,MM0 ?P
29.9677,terug,-150,MM1 ?P
29.9677,terug,-150,MM0 P=-150:150
29.9677,terug,-150,MM1 P=-150:150
29.9677,terug,-150,"#60,YAW,-2.34,GYRO,-60,-4,-30,ACC,10,2,277,ADC,1259,501,4,2,"
29.9887,terug,-150,MM0 ?S
29.9887,terug,-150,MM1 ?S
29.9887,terug,-150,MM1 S=-150:150
29.9887,terug,-150,MM0 S=-75:150
29.9887,terug,-150,"#61,YAW,-2.34,GYRO,-34,71,-15,ACC,1,-12,269,ADC,1259,389,5,1,"
29.9887,terug,-150,MM0 ?T
30.0096,terug,-150,MM1 ?T
30.0096,terug,-150,MM0 T=35:34
30.0096,terug,-150,MM1 T=36:34
30.0096,terug,-150,"#62,YAW,-2.34,GYRO,-9,54,7,ACC,1,-12,232,ADC,1292,397,6,2,"
30.0096,terug,-150,MM0 ?V
30.0096,terug,-150,MM1 ?V
30.0464,terug,-150,MM0 V=120:222:4904
30.0464,terug,-150,MM1 V=120:223:4901
30.0464,terug,-150,MM1 !M -150 150
30.0464,terug,-150,MM0 !M -150 150
30.0464,terug,-150,MM1 +
30.0464,terug,-150,MM0 +
30.0464,terug,-150,"#63,YAW,-2.34,GYRO,67,31,4,ACC,1,-14,235,ADC,1295,413,4,2,"
30.0464,terug,-150,MM0 ?CR
30.0464,terug,-150,MM1 ?CR
30.0464,terug,-150,MM0 CR=-34:33
30.0464,terug,-150,MM1 CR=-34:33
30.0647,terug,-150,"#64,YAW,-2.34,GYRO,31,49,-16,ACC,-4,22,271,ADC,1267,392,7,1,"
30.0647,terug,-150,MM0 ?A
30.0647,terug,-150,MM1 ?A
30.0647,terug,-150,MM0 A=0:0
30.0647,terug,-150,MM1 A=0:0
30.0857,terug,-150,"#65,YAW,-2.34,GYRO,46,83,-32,ACC,4,13,263,ADC,1265,401,8,2,"
30.0857,terug,-150,MM1 ?AI
30.0857,terug,-150,MM0 ?AI
30.0857,terug,-150,MM1 AI=0:0:2356:2336:0:0
30.0857,terug,-150,MM0 AI=0:0:2424:2432:0:0
30.1067,terug,-150,"#66,YAW,-2.34,GYRO,-20,55,-34,ACC,18,17,271,ADC,1232,491,5,2,"
30.1067,terug,-150,MM1 ?C
30.1067,terug,-150,MM0 ?C
30.1068,terug,-150,MM1 C=3341:-3448
30.1068,terug,-150,MM0 C=1772:-1851
30.1068,terug,-150,"$GPRMC,094126.0,A,5050.50931,N,00419.37011,E,000.86,290.9,021026,000.4,E*59"
30.1415,terug,-150,"#67,YAW,-2.34,GYRO,20,37,-14,ACC,6,1,241,ADC,1266,384,4,1,"
30.1415,terug,-150,MM1 ?D
30.1415,terug,-150,MM0 ?D
30.1415,terug,-150,MM0 D=26
30.1415,terug,-150,MM1 D=3
30.1415,terug,-150,MM1 !M -150 150
30.1415,terug,-150,MM0 !M -150 150
30.1415,terug,-150,MM1 +
30.1415,terug,-150,MM0 +
30.1415,terug,-150,"#68,YAW,-2.29,GYRO,-62,50,23,ACC,2,8,275,ADC,1275,499,7,1,"
30.1415,terug,-150,MM1 ?FF
30.1415,terug,-150,MM0 ?FF
30.1415,terug,-150,MM1 FF=0
30.1415,terug,-150,MM0 FF=0
30.1615,terug,-150,"#69,YAW,-2.29,GYRO,27,45,26,ACC,4,2,246,ADC,1274,500,5,2,"
30.1615,terug,-150,MM0 ?P
30.1615,terug,-150,MM1 ?P
30.1615,terug,-150,MM0 P=-150:150
30.1615,terug,-150,MM1 P=-150:150
30.1827,terug,-150,"#70,YAW,-2.29,GYRO,-2,52,12,ACC,2,-12,227,ADC,1265,504,5,2,"
30.1827,terug,-150,MM0 ?S
30.1827,terug,-150,MM1 ?S
30.1827,terug,-150,MM0 S=-75:150
30.1827,terug,-150,MM1 S=-75:150
30.2037,terug,-150,"#71,YAW,-2.29,GYRO,12,69,-16,ACC,-4,3,266,ADC,1247,382,4,2,"
30.2037,terug,-150,MM0 ?T
30.2037,terug,-150,MM1 ?T
30.2037,terug,-150,MM0 T=35:34
30.2037,terug,-150,MM1 T=36:34
30.2379,terug,-150,"#72,YAW,-2.29,GYRO,1,74,-33,ACC,4,8,290,ADC,1244,398,4,2,"
30.2379,terug,-150,MM0 ?V
30.2379,terug,-150,MM1 ?V
30.2379,terug,-150,MM0 V=120:222:4905
30.2380,terug,-150,MM1 V=120:223:4899
30.2380,terug,-150,MM1 !M -150 150
30.2380,terug,-150,MM0 !M -150 150
30.2380,terug,-150,MM1 +
30.2380,terug,-150,MM0 +
30.2380,terug,-150,"#73,YAW,-2.29,GYRO,-50,52,-27,ACC,5,12,252,ADC,1212,382,9,2,"
30.2380,terug,-150,MM1 ?CR
30.2380,terug,-150,MM0 ?CR
30.2380,terug,-150,MM1 CR=-33:33
30.2380,terug,-150,MM0 CR=-33:33
30.2586,terug,-150,"#74,YAW,-2.29,GYRO,7,64,-18,ACC,8,2,248,ADC,1230,500,4,2,"
30.2586,terug,-150,MM0 ?A
30.2586,terug,-150,MM1 ?A
30.2586,terug,-150,MM0 A=0:0
30.2586,terug,-150,MM1 A=0:0
30.2796,terug,-150,"#75,YAW,-2.29,GYRO,-41,111,4,ACC,6,2,259,ADC,1240,388,5,1,"
30.2796,terug,-150,MM1 ?AI
30.2796,terug,-150,MM0 ?AI
30.2796,terug,-150,MM1 AI=0:0:2337:2354:0:0
30.2796,terug,-150,MM0 AI=0:0:2402:2600:0:0
30.3008,terug,-150,"#76,YAW,-2.29,GYRO,17,73,11,ACC,5,-2,266,ADC,1201,383,5,2,"
30.3008,terug,-150,MM0 ?C
30.3008,terug,-150,MM1 ?C
30.3008,terug,-150,MM0 C=1739:-1818
30.3008,terug,-150,MM1 C=3308:-3415
30.3008,terug,-150,"$GPRMC,094126.2,A,5050.50938,N,00419.36982,E,000.92,292.3,021026,000.4,E*5D"
30.3239,terug,-150,"#77,YAW,-2.29,GYRO,13,27,11,ACC,9,-10,223,ADC,1283,389,5,1,"
30.3239,terug,-150,MM1 ?D
30.3239,terug,-150,MM0 ?D
30.3239,terug,-150,MM0 D=49
30.3239,terug,-150,MM1 D=1
30.3447,terug,-150,"#78,YAW,-2.25,GYRO,29,54,-8,ACC,-6,2,252,ADC,1252,496,3,1,"
30.3447,terug,-150,MM1 ?FF
30.3447,terug,-150,MM0 ?FF
30.3447,terug,-150,MM1 FF=0
30.3447,terug,-150,MM0 FF=0
30.3717,terug,-150,"#79,YAW,-2.25,GYRO,-2,68,-14,ACC,4,14,300,ADC,1280,501,5,2,"
30.3717,terug,-150,MM1 ?P
30.3717,terug,-150,MM0 ?P
30.3717,terug,-150,MM1 P=-150:150
30.3717,terug,-150,MM0 P=-150:150
30.3717,terug,-150,"#80,YAW,-2.25,GYRO,-33,81,-16,ACC,13,16,249,ADC,1262,499,6,2,"
30.3717,terug,-150,MM1 ?S
30.3717,terug,-150,MM0 ?S
30.3717,terug,-150,MM1 S=-150:150
30.3717,terug,-150,MM0 S=-150:150
30.3925,terug,-150,"#81,YAW,-2.25,GYRO,-23,94,-16,ACC,8,4,237,ADC,1326,501,5,2,"
30.3925,terug,-150,MM1 ?T
30.3925,terug,-150,MM0 ?T
30.3925,terug,-150,MM1 T=36:34
30.3926,terug,-150,MM0 T=35:34
30.4440,terug,-150,"#82,YAW,-2.25,GYRO,-54,93,-14,ACC,1,5,258,ADC,1257,383,4,2,"
30.4440,terug,-150,MM0 ?V
30.4440,terug,-150,MM1 ?V
30.4440,terug,-150,MM0 V=120:223:4903
30.4440,terug,-150,MM1 V=120:223:4901
30.4440,terug,-150,MM0 !M -150 150
30.4440,terug,-150,MM1 !M -150 150
30.4440,terug,-150,MM0 +
30.4440,terug,-150,MM1 +
30.4440,terug,-150,"#83,YAW,-2.25,GYRO,-9,73,-4,ACC,3,2,271,ADC,1250,496,5,2,"
30.4440,terug,-150,MM1 ?CR
30.4440,terug,-150,MM0 ?CR
30.4440,terug,-150,MM1 CR=-33:33
30.4440,terug,-150,MM0 CR=-33:32
30.4655,terug,-150,"#84,YAW,-2.25,GYRO,6,32,4,ACC,-2,-11,222,ADC,1245,383,3,2,"
30.4655,terug,-150,MM1 ?A
30.4655,terug,-150,MM0 ?A
30.4655,terug,-150,MM1 A=0:0
30.4655,terug,-150,MM0 A=0:0
30.4862,terug,-150,"#85,YAW,-2.25,GYRO,33,73,-11,ACC,-12,-3,242,ADC,1241,395,8,2,"
30.4862,terug,-150,MM0 ?AI
30.4862,terug,-150,MM1 ?AI
30.4863,terug,-150,MM0 AI=0:0:2424:2427:0:0
30.4863,terug,-150,MM1 AI=0:0:2327:2307:0:0
30.5072,terug,-150,"#86,YAW,-2.25,GYRO,-7,61,-14,ACC,-4,7,276,ADC,1235,387,4,2,"
30.5072,terug,-150,MM1 ?C
30.5072,terug,-150,MM0 ?C
30.5072,terug,-150,MM1 C=3276:-3383
30.5072,terug,-150,MM0 C=1706:-1786
30.5072,terug,-150,"$GPRMC,094126.4,A,5050.50931,N,00419.36960,E,000.96,293.5,021026,000.4,E*5D"
30.5440,terug,-150,"#87,YAW,-2.25,GYRO,11,70,-29,ACC,3,6,245,ADC,1282,500,5,1,"
30.5440,terug,-150,MM1 ?D
30.5440,terug,-150,MM0 ?D
30.5440,terug,-150,MM0 D=49
30.5440,terug,-150,MM1 D=17
30.5440,terug,-150,MM0 !M -15PING
30.5440,terug,-150,MM1 !M -15PING
30.5440,terug,-150,MM0 +
30.5440,terug,-150,MM1 +
30.5440,terug,-150,MM1 !M -150 150
30.5440,terug,-150,MM0 !M -150 150
30.5440,terug,-150,MM1 +
30.5440,terug,-150,MM0 +
30.5440,terug,-150,"#88,YAW,-2.20,GYRO,-16,30,-32,ACC,-3,2,277,ADC,1213,344,4,1,"
30.5440,terug,-150,MM0 ?FF
30.5440,terug,-150,MM1 ?FF
30.5440,terug,-150,MM1 FF=0
30.5440,terug,-150,MM0 FF=0
30.5647,terug,-150,"#89,YAW,-2.20,GYRO,-28,62,-14,ACC,-1,4,250,ADC,1287,500,7,1,"
30.5647,terug,-150,MM1 ?P
30.5647,terug,-150,MM0 ?P
30.5647,terug,-150,MM1 P=-150:150
30.5647,terug,-150,MM0 P=-150:150
30.5855,terug,-150,"#90,YAW,-2.20,GYRO,-20,82,12,ACC,4,3,244,ADC,1254,419,4,2,"
30.5856,terug,-150,MM1 ?S
30.5856,terug,-150,MM0 ?S
30.5856,terug,-150,MM1 S=-150:150
30.5856,terug,-150,MM0 S=-150:150
30.6074,terug,-150,"#91,YAW,-2.20,GYRO,26,32,20,ACC,-5,-15,258,ADC,1219,379,6,2,"
30.6074,terug,-150,MM0 ?T
30.6074,terug,-150,MM1 ?T
30.6074,terug,-150,MM0 T=35:34
30.6074,terug,-150,MM1 T=36:34
30.6438,terug,-150,"#92,YAW,-2.20,GYRO,-14,41,2,ACC,-4,0,251,ADC,1230,381,5,1,"
30.6438,terug,-150,MM0 ?V
30.6438,terug,-150,MM1 ?V
30.6438,terug,-150,MM0 V=120:222:4905
30.6438,terug,-150,MM1 V=120:222:4899
30.6438,terug,-150,MM0 !M -150 150
30.6438,terug,-150,MM1 !M -150 150
30.6438,terug,-150,MM0 +
30.6438,terug,-150,MM1 +
30.6438,terug,-150,"#93,YAW,-2.20,GYRO,14,79,-15,ACC,9,3,262,ADC,1237,383,5,1,"
30.6439,terug,-150,MM0 ?CR
30.6439,terug,-150,MM1 ?CR
30.6439,terug,-150,MM0 CR=-33:32
30.6439,terug,-150,MM1 CR=-32:32
30.6647,terug,-150,"#94,YAW,-2.20,GYRO,-21,67,-36,ACC,20,16,255,ADC,1245,390,7,2,"
30.6647,terug,-150,MM0 ?A
30.6647,terug,-150,MM1 ?A
30.6647,terug,-150,MM0 A=0:0
30.6647,terug,-150,MM1 A=0:0
30.6858,terug,-150,"#95,YAW,-2.20,GYRO,-43,17,-45,ACC,4,8,265,ADC,1282,387,4,1,"
30.6858,terug,-150,MM1 ?AI
30.6858,terug,-150,MM0 ?AI
30.6858,terug,-150,MM1 AI=0:0:2336:2405:0:0
30.6858,terug,-150,MM0 AI=0:0:2427:2417:0:0
30.7067,terug,-150,"#96,YAW,-2.20,GYRO,-9,59,-41,ACC,6,3,259,ADC,1258,502,5,2,"
30.7067,terug,-150,MM1 ?C
30.7067,terug,-150,MM0 ?C
30.7067,terug,-150,MM1 C=3244:-3351
30.7068,terug,-150,MM0 C=1674:-1754
30.7068,terug,-150,"$GPRMC,094126.6,A,5050.50927,N,00419.36938,E,001.00,294.6,021026,000.4,E*5F"
30.7409,terug,-150,"#97,YAW,-2.20,GYRO,-66,97,-9,ACC,5,-3,248,ADC,1245,387,5,2,"
30.7410,terug,-150,MM0 ?D
30.7410,terug,-150,MM1 ?D
30.7410,terug,-150,MM0 D=49
30.7410,terug,-150,MM1 D=1
30.7410,terug,-150,MM0 !M -150 150
30.7410,terug,-150,MM1 !M -150 150
30.7410,terug,-150,MM0 +
30.7410,terug,-150,MM1 +
30.7410,terug,-150,"#98,YAW,-2.16,GYRO,31,59,9,ACC,-3,-19,255,ADC,1200,382,6,1,"
30.7410,terug,-150,MM0 ?FF
30.7410,terug,-150,MM1 ?FF
30.7410,terug,-150,MM0 FF=0
30.7410,terug,-150,MM1 FF=0
30.7627,terug,-150,"#99,YAW,-2.16,GYRO,-10,38,12,ACC,-4,-6,232,ADC,1274,389,7,2,"
30.7627,terug,-150,MM0 ?P
30.7627,terug,-150,MM1 ?P
30.7627,terug,-150,MM0 P=-150:150
30.7627,terug,-150,MM1 P=-150:150
30.7827,terug,-150,"#100,YAW,-2.16,GYRO,24,67,-2,ACC,-15,17,254,ADC,1262,502,5,2,"
30.7827,terug,-150,MM0 ?S
30.7827,terug,-150,MM1 ?S
30.7827,terug,-150,MM0 S=-150:150
30.7827,terug,-150,MM1 S=-75:150
30.8036,terug,-150,"#101,YAW,-2.16,GYRO,-19,21,-11,ACC,3,19,297,ADC,1222,385,3,2,"
30.8037,terug,-150,MM0 ?T
30.8037,terug,-150,MM1 ?T
30.8037,terug,-150,MM0 T=35:35
30.8037,terug,-150,MM1 T=36:34
30.8376,terug,-150,"#102,YAW,-2.16,GYRO,-39,-1,-24,ACC,2,21,249,ADC,1247,500,5,2,"
30.8376,terug,-150,MM0 ?V
30.8376,terug,-150,MM1 ?V
30.8376,terug,-150,MM0 V=120:223:4905
30.8376,terug,-150,MM1 V=120:223:4901
30.8376,terug,-150,MM0 !M -15 150
30.8376,terug,-150,MM1 !M -15 150
30.8376,terug,-150,MM0 +
30.8376,terug,-150,MM1 +
30.8376,terug,-150,"#103,YAW,-2.15,GYRO,-15,43,-30,ACC,7,-2,246,ADC,1227,384,4,2,"
30.8376,terug,-150,MM0 ?CR
30.8376,terug,-150,MM1 ?CR
30.8376,terug,-150,MM0 CR=-31:32
30.8376,terug,-150,MM1 CR=-30:31
30.8587,terug,-150,"#104,YAW,-2.15,GYRO,-89,-28,-44,ACC,51,-4,281,ADC,1292,502,7,2,"
30.8588,terug,-150,MM0 ?A
30.8588,terug,-150,MM1 ?A
30.8588,terug,-150,MM1 A=0:15
30.8588,terug,-150,MM0 A=0:0
30.8795,terug,-150,"#105,YAW,-2.15,GYRO,-18,50,-141,ACC,25,-3,232,ADC,1240,384,6,2,"
30.8795,terug,-150,MM0 ?AI
30.8795,terug,-150,MM1 ?AI
30.8795,terug,-150,MM0 AI=0:0:2432:2429:0:0
30.8795,terug,-150,MM1 AI=0:0:2354:2338:0:0
30.9010,terug,-150,"#106,YAW,-2.15,GYRO,-21,61,-127,ACC,33,-5,253,ADC,1258,391,7,2,"
30.9010,terug,-150,MM0 ?C
30.9011,terug,-150,MM1 ?C
30.9011,terug,-150,MM0 C=1646:-1723
30.9011,terug,-150,MM1 C=3217:-3320
30.9011,terug,-150,"$GPRMC,094126.8,A,5050.50919,N,00419.36917,E,001.03,295.4,021026,000.4,E*51"
30.9519,terug,-150,"#107,YAW,-2.15,GYRO,37,53,-92,ACC,18,-12,264,ADC,1266,500,5,2,"
30.9519,terug,-150,MM0 ?D
30.9519,terug,-150,MM1 ?D
30.9519,terug,-150,MM0 D=17
30.9519,terug,-150,MM1 D=35
30.9519,terug,-150,"#108,YAW,-2.10,GYRO,20,33,-50,ACC,14,7,288,ADC,1236,383,4,2,"
30.9519,terug,-150,MM0 ?FF
30.9519,terug,-150,MM0 FF=0
30.9519,terug,-150,MM1 ?FF
30.9519,terug,-150,MM1 FF=0
30.9519,terug,-150,MM1 !M -150 150
30.9519,terug,-150,MM0 !M -150 150
30.9519,terug,-150,MM1 +
30.9519,terug,-150,MM0 +
30.9519,terug,-150,"#109,YAW,-2.10,GYRO,-12,68,-11,ACC,-13,33,225,ADC,1209,391,4,2,"
30.9519,terug,-150,MM0 ?P
30.9519,terug,-150,MM1 ?P
30.9519,terug,-150,MM0 P=-150:150
30.9725,terug,-150,MM1 P=-150:150
30.9725,terug,-150,"#110,YAW,-2.10,GYRO,18,97,99,ACC,-12,9,298,ADC,1273,501,5,2,"
30.9725,terug,-150,MM0 ?S
30.9725,terug,-150,MM1 ?S
30.9725,terug,-150,MM1 S=-75:75
30.9725,terug,-150,MM0 S=-150:75
30.9936,terug,-150,"#111,YAW,-2.11,GYRO,-21,-17,110,ACC,-15,3,265,ADC,1277,503,6,1,"
30.9936,terug,-150,MM0 ?T
30.9937,terug,-150,MM1 ?T
30.9937,terug,-150,MM0 T=35:35
30.9937,terug,-150,MM1 T=36:34
31.0144,terug,-150,"#112,YAW,-2.11,GYRO,-11,24,54,ACC,-11,-10,247,ADC,1238,499,5,2,"
31.0144,terug,-150,MM0 ?V
31.0144,terug,-150,MM1 ?V
31.0144,terug,-150,MM0 V=120:223:4904
31.0144,terug,-150,MM1 V=120:223:4900
31.0488,terug,-150,MM1 !M -150 150
31.0488,terug,-150,MM0 !M -150 150
31.0488,terug,-150,MM1 +
31.0488,terug,-150,MM0 +
31.0488,terug,-150,"#113,YAW,-2.11,GYRO,-47,64,-12,ACC,-13,-3,243,ADC,1234,354,4,2,"
31.0488,terug,-150,MM0 ?CR
31.0488,terug,-150,MM1 ?CR
31.0488,terug,-150,MM0 CR=-26:26
31.0488,terug,-150,MM1 CR=-26:27
31.0488,terug,-150,"#114,YAW,-2.11,GYRO,-21,56,-46,ACC,-23,5,245,ADC,1230,384,5,2,"
31.0488,terug,-150,MM0 ?A
31.0707,terug,-150,MM1 ?A
31.0707,terug,-150,MM0 A=-4:0
31.0707,terug,-150,MM1 A=-4:5
31.0707,terug,-150,"#115,YAW,-2.11,GYRO,-19,39,-40,ACC,-9,-5,250,ADC,1279,501,5,2,"
31.0708,terug,-150,MM0 ?AI
31.0708,terug,-150,MM1 ?AI
31.0906,terug,-150,MM0 AI=0:0:2421:2459:0:0
31.0906,terug,-150,MM1 AI=0:0:2331:2285:0:0
31.0906,terug,-150,"#116,YAW,-2.11,GYRO,11,53,-19,ACC,-15,-1,254,ADC,1292,394,5,2,"
31.0906,terug,-150,MM0 ?C
31.0906,terug,-150,MM1 ?C
31.0906,terug,-150,MM0 C=1618:-1697
31.1115,terug,-150,MM1 C=3189:-3294
31.1116,terug,-150,"$GPRMC,094127.0,A,5050.50920,N,00419.36907,E,001.06,296.1,021026,000.4,E*50"
31.1116,terug,-150,"#117,YAW,-2.11,GYRO,10,63,3,ACC,-27,2,275,ADC,1257,365,4,2,"
31.1116,terug,-150,MM0 ?D
31.1116,terug,-150,MM1 ?D
31.1116,terug,-150,MM0 D=33
31.1116,terug,-150,MM1 D=17
31.1459,terug,-150,MM0 !M -150 150
31.1459,terug,-150,MM1 !M -150 150
31.1459,terug,-150,MM0 +
31.1459,terug,-150,MM1 +
31.1459,terug,-150,"#118,YAW,-2.06,GYRO,19,46,13,ACC,3,10,280,ADC,1260,281,6,2,"
31.1459,terug,-150,MM0 ?FF
31.1459,terug,-150,MM1 ?FF
31.1459,terug,-150,MM0 FF=0
31.1459,terug,-150,MM1 FF=0
31.1671,terug,-150,"#119,YAW,-2.06,GYRO,18,52,6,ACC,6,6,244,ADC,1280,499,5,2,"
31.1671,terug,-150,MM0 ?P
31.1671,terug,-150,MM1 ?P
31.1671,terug,-150,MM0 P=-150:150
31.1671,terug,-150,MM1 P=-150:150
31.1877,terug,-150,"#120,YAW,-2.06,GYRO,-3,66,-18,ACC,10,1,236,ADC,1216,398,5,1,"
31.1878,terug,-150,MM0 ?S
31.1878,terug,-150,MM1 ?S
31.1878,terug,-150,MM0 S=-150:150
31.1878,terug,-150,MM1 S=-150:150
31.1878,terug,-150,"#121,YAW,-2.06,GYRO,-38,127,-31,ACC,-9,7,262,ADC,1289,389,6,2,"
31.2086,terug,-150,MM0 ?T
31.2086,terug,-150,MM1 ?T
31.2086,terug,-150,MM0 T=35:35
31.2086,terug,-150,MM1 T=36:34
31.2086,terug,-150,"#122,YAW,-2.06,GYRO,6,73,-25,ACC,-7,8,253,ADC,1255,498,5,2,"
31.2086,terug,-150,MM0 ?V
31.2087,terug,-150,MM1 ?V
31.2426,terug,-150,MM0 V=120:223:4905
31.2426,terug,-150,MM1 V=120:222:4900
31.2426,terug,-150,MM0 !M -150 150
31.2426,terug,-150,MM1 !M -150 150
31.2426,terug,-150,MM0 +
31.2426,terug,-150,MM1 +
31.2426,terug,-150,"#123,YAW,-2.06,GYRO,15,26,-8,ACC,-10,-4,243,ADC,1294,491,4,2,"
31.2426,terug,-150,MM0 ?CR
31.2426,terug,-150,MM1 ?CR
31.2426,terug,-150,MM0 CR=-29:30
31.2426,terug,-150,MM1 CR=-30:29
31.2667,terug,-150,"#124,YAW,-2.06,GYRO,45,61,-6,ACC,-12,-1,243,ADC,1243,385,4,1,"
31.2668,terug,-150,MM0 ?A
31.2668,terug,-150,MM1 ?A
31.2668,terug,-150,MM0 A=0:0
31.2668,terug,-150,MM1 A=0:0
31.2844,terug,-150,"#125,YAW,-2.06,GYRO,-1,75,1,ACC,-5,12,269,ADC,1296,502,7,2,"
31.2845,terug,-150,MM0 ?AI
31.2845,terug,-150,MM1 ?AI
31.2845,terug,-150,MM0 AI=0:0:2429:2436:0:0
31.2845,terug,-150,MM1 AI=0:0:2335:2349:0:0
31.3060,terug,-150,"#126,YAW,-2.06,GYRO,7,21,-18,ACC,1,15,268,ADC,1274,499,5,2,"
31.3060,terug,-150,MM0 ?C
31.3060,terug,-150,MM1 ?C
31.3060,terug,-150,MM0 C=1588:-1666
31.3060,terug,-150,MM1 C=3158:-3264
31.3060,terug,-150,"$GPRMC,094127.2,A,5050.50915,N,00419.36909,E,001.06,296.7,021026,000.4,E*5C"
31.3396,terug,-150,"#127,YAW,-2.06,GYRO,-22,-21,-32,ACC,-17,17,245,ADC,1287,499,5,2,"
31.3396,terug,-150,MM1 ?D
31.3396,terug,-150,MM0 ?D
31.3396,terug,-150,MM0 D=50
31.3396,terug,-150,MM1 D=34
31.3396,terug,-150,"#128,YAW,-2.02,GYRO,-14,-9,-46,ACC,-14,4,259,ADC,1230,494,6,1,"
31.3396,terug,-150,MM0 ?FF
31.3396,terug,-150,MM1 ?FF
31.3396,terug,-150,MM0 FF=0
31.3396,terug,-150,MM1 FF=0
31.3614,terug,-150,"#129,YAW,-2.02,GYRO,-58,41,-26,ACC,-5,3,264,ADC,1238,403,5,2,"
31.3614,terug,-150,MM0 ?P
31.3614,terug,-150,MM1 ?P
31.3614,terug,-150,MM0 P=-150:150
31.3614,terug,-150,MM1 P=-150:150
31.3815,terug,-150,"#130,YAW,-2.02,GYRO,-28,20,5,ACC,1,4,254,ADC,1251,499,8,3,"
31.3815,terug,-150,MM0 ?S
31.3815,terug,-150,MM1 ?S
31.3815,terug,-150,MM0 S=-150:75
31.3815,terug,-150,MM1 S=-75:150
31.4026,terug,-150,"#131,YAW,-2.02,GYRO,25,10,15,ACC,-10,-11,240,ADC,1217,382,5,2,"
31.4026,terug,-150,MM0 ?T
31.4026,terug,-150,MM1 ?T
31.4026,terug,-150,MM0 T=35:34
31.4026,terug,-150,MM1 T=36:34
31.4578,terug,-150,"#132,YAW,-2.02,GYRO,-12,61,2,ACC,7,8,278,ADC,1271,409,5,2,"
31.4578,terug,-150,MM0 ?V
31.4578,terug,-150,MM1 ?V
31.4578,terug,-150,MM0 V=120:225:4905
31.4578,terug,-150,MM1 V=120:223:4900
31.4578,terug,-150,MM0 !M -15PING
31.4578,terug,-150,MM1 !M -15PING
31.4578,terug,-150,MM0 +
31.4578,terug,-150,MM1 +
31.4578,terug,-150,"#133,YAW,-2.02,GYRO,-5,39,-7,ACC,-5,16,256,ADC,1294,498,5,2,"
31.4578,terug,-150,MM0 ?CR
31.4578,terug,-150,MM1 ?CR
31.4578,terug,-150,MM0 CR=-32:32
31.4579,terug,-150,MM1 CR=-31:32
31.4579,terug,-150,MM0 !M -150 150
31.4579,terug,-150,MM1 !M -150 150
31.4579,terug,-150,MM0 +
31.4579,terug,-150,MM1 +
31.4579,terug,-150,"#134,YAW,-2.02,GYRO,-52,-42,-19,ACC,6,18,242,ADC,1240,499,4,2,"
31.4579,terug,-150,MM0 ?A
31.4579,terug,-150,MM1 ?A
31.4579,terug,-150,MM0 A=0:0
31.4579,terug,-150,MM1 A=0:0
31.4801,terug,-150,"#135,YAW,-2.02,GYRO,-35,-15,-30,ACC,0,0,274,ADC,1237,382,6,2,"
31.4801,terug,-150,MM0 ?AI
31.4801,terug,-150,MM1 ?AI
31.4801,terug,-150,MM0 AI=0:0:2410:2428:0:0
31.4801,terug,-150,MM1 AI=0:0:2336:2445:0:0
31.4997,terug,-150,"#136,YAW,-2.02,GYRO,-62,43,-10,ACC,3,-7,259,ADC,1256,382,5,2,"
31.4997,terug,-150,MM0 ?C
31.4997,terug,-150,MM1 ?C
31.4997,terug,-150,MM0 C=1555:-1634
31.4997,terug,-150,MM1 C=3126:-3232
31.5530,terug,-150,"$GPRMC,094127.4,A,5050.50910,N,00419.36911,E,001.04,297.2,021026,000.4,E*50"
31.5530,terug,-150,"#137,YAW,-2.02,GYRO,24,44,1,ACC,7,-10,227,ADC,1226,387,5,2,"
31.5530,terug,-150,MM0 ?D
31.5530,terug,-150,MM1 ?D
31.5531,terug,-150,MM0 D=51
31.5531,terug,-150,MM1 D=2
31.5531,terug,-150,"#138,YAW,-1.98,GYRO,29,45,0,ACC,0,-5,242,ADC,1241,389,4,2,"
31.5531,terug,-150,MM0 ?FF
31.5531,terug,-150,MM0 FF=0
31.5531,terug,-150,MM1 ?FF
31.5531,terug,-150,MM1 FF=0
31.5531,terug,-150,MM1 !M -150 150
31.5531,terug,-150,MM0 !M -150 150
31.5531,terug,-150,MM1 +
31.5531,terug,-150,MM0 +
31.5531,terug,-150,"#139,YAW,-1.98,GYRO,-5,73,-4,ACC,7,25,290,ADC,1271,388,4,2,"
31.5531,terug,-150,MM0 ?P
31.5531,terug,-150,MM1 ?P
31.5531,terug,-150,MM0 P=-150:150
31.5531,terug,-150,MM1 P=-150:150
31.5727,terug,-150,"#140,YAW,-1.98,GYRO,-9,-5,-4,ACC,1,23,250,ADC,1255,389,3,1,"
31.5727,terug,-150,MM0 ?S
31.5727,terug,-150,MM1 ?S
31.5727,terug,-150,MM0 S=-150:150
31.5727,terug,-150,MM1 S=-150:75
31.5935,terug,-150,"#141,YAW,-1.98,GYRO,-58,-11,-4,ACC,7,12,239,ADC,1280,500,7,2,"
31.5935,terug,-150,MM0 ?T
31.5935,terug,-150,MM1 ?T
31.5935,terug,-150,MM0 T=35:34
31.5935,terug,-150,MM1 T=36:34
31.6147,terug,-150,"#142,YAW,-1.98,GYRO,-15,23,-15,ACC,13,-2,309,ADC,1239,501,4,2,"
31.6147,terug,-150,MM0 ?V
31.6147,terug,-150,MM1 ?V
31.6147,terug,-150,MM0 V=120:223:4905
31.6147,terug,-150,MM1 V=120:225:4901
31.6488,terug,-150,MM0 !M -150 150
31.6488,terug,-150,MM1 !M -150 150
31.6488,terug,-150,MM0 +
31.6488,terug,-150,MM1 +
31.6488,terug,-150,"#143,YAW,-1.98,GYRO,-81,63,5,ACC,9,0,231,ADC,1260,350,7,2,"
31.6488,terug,-150,MM0 ?CR
31.6488,terug,-150,MM1 ?CR
31.6488,terug,-150,MM0 CR=-33:32
31.6488,terug,-150,MM1 CR=-32:32
31.6488,terug,-150,"#144,YAW,-1.98,GYRO,29,91,-7,ACC,9,-12,221,ADC,1263,497,7,2,"
31.6488,terug,-150,MM0 ?A
31.6700,terug,-150,MM1 ?A
31.6701,terug,-150,MM1 A=0:0
31.6701,terug,-150,MM0 A=0:0
31.6701,terug,-150,"#145,YAW,-1.98,GYRO,19,38,-12,ACC,6,-16,268,ADC,1257,383,6,1,"
31.6701,terug,-150,MM0 ?AI
31.6701,terug,-150,MM1 ?AI
31.6907,terug,-150,MM0 AI=0:0:2449:2423:0:0
31.6907,terug,-150,MM1 AI=0:0:2334:2355:0:0
31.6907,terug,-150,"#146,YAW,-1.98,GYRO,44,72,-21,ACC,4,3,247,ADC,1274,382,4,3,"
31.6907,terug,-150,MM0 ?C
31.6907,terug,-150,MM1 ?C
31.6907,terug,-150,MM0 C=1523:-1602
31.7114,terug,-150,MM1 C=3094:-3200
31.7115,terug,-150,"$GPRMC,094127.6,A,5050.50905,N,00419.36916,E,000.99,297.7,021026,000.4,E*51"
31.7115,terug,-150,"#147,YAW,-1.98,GYRO,28,62,-29,ACC,1,10,256,ADC,1322,499,5,3,"
31.7115,terug,-150,MM0 ?D
31.7115,terug,-150,MM1 ?D
31.7115,terug,-150,MM0 D=51
31.7115,terug,-150,MM1 D=34
31.7471,terug,-150,MM1 !M -150 150
31.7471,terug,-150,MM0 !M -150 150
31.7471,terug,-150,MM1 +
31.7471,terug,-150,MM0 +
31.7471,terug,-150,"#148,YAW,-1.94,GYRO,13,23,-38,ACC,9,11,251,ADC,1244,267,5,1,"
31.7471,terug,-150,MM0 ?FF
31.7471,terug,-150,MM1 ?FF
31.7471,terug,-150,MM0 FF=0
31.7471,terug,-150,MM1 FF=0
31.7667,terug,-150,"#149,YAW,-1.94,GYRO,-52,-28,-37,ACC,2,20,257,ADC,1251,382,5,2,"
31.7667,terug,-150,MM0 ?P
31.7667,terug,-150,MM1 ?P
31.7667,terug,-150,MM0 P=-150:150
31.7667,terug,-150,MM1 P=-150:150
31.7876,terug,-150,"#150,YAW,-1.94,GYRO,14,52,-30,ACC,-4,-1,268,ADC,1247,390,5,3,"
31.7876,terug,-150,MM0 ?S
31.7876,terug,-150,MM1 ?S
31.7876,terug,-150,MM0 S=-75:75
31.7876,terug,-150,MM1 S=-150:150
31.7876,terug,-150,"#151,YAW,-1.94,GYRO,-79,79,6,ACC,-13,1,240,ADC,1243,417,4,1,"
31.8087,terug,-150,MM0 ?T
31.8087,terug,-150,MM1 ?T
31.8087,terug,-150,MM0 T=35:35
31.8087,terug,-150,MM1 T=36:34
31.8087,terug,-150,"#152,YAW,-1.94,GYRO,37,43,18,ACC,5,-9,248,ADC,1220,386,4,1,"
31.8087,terug,-150,MM0 ?V
31.8087,terug,-150,MM1 ?V
31.8426,terug,-150,MM0 V=120:223:4905
31.8427,terug,-150,MM1 V=120:223:4900
31.8427,terug,-150,MM0 !M -150 150
31.8427,terug,-150,MM1 !M -150 150
31.8427,terug,-150,MM0 +
31.8427,terug,-150,MM1 +
31.8427,terug,-150,"#153,YAW,-1.94,GYRO,-3,86,6,ACC,-3,-5,262,ADC,1214,387,5,2,"
31.8427,terug,-150,MM0 ?CR
31.8427,terug,-150,MM1 ?CR
31.8427,terug,-150,MM0 CR=-31:32
31.8427,terug,-150,MM1 CR=-32:31
31.8635,terug,-150,"#154,YAW,-1.94,GYRO,27,51,-8,ACC,-8,4,230,ADC,1250,402,6,2,"
31.8635,terug,-150,MM0 ?A
31.8635,terug,-150,MM1 ?A
31.8635,terug,-150,MM0 A=0:0
31.8635,terug,-150,MM1 A=0:0
31.8846,terug,-150,"#155,YAW,-1.94,GYRO,-43,18,-22,ACC,4,26,287,ADC,1234,384,4,1,"
31.8846,terug,-150,MM0 ?AI
31.8846,terug,-150,MM1 ?AI
31.8846,terug,-150,MM0 AI=0:0:2451:2382:0:0
31.8846,terug,-150,MM1 AI=0:0:2345:2321:0:0
31.9056,terug,-150,"#156,YAW,-1.94,GYRO,-62,1,-22,ACC,12,21,236,ADC,1230,389,6,2,"
31.9057,terug,-150,MM0 ?C
31.9057,terug,-150,MM1 ?C
31.9057,terug,-150,MM0 C=1491:-1570
31.9057,terug,-150,MM1 C=3063:-3168
31.9057,terug,-150,"$GPRMC,094127.8,A,5050.50887,N,00419.36948,E,000.78,298.2,021026,000.4,E*5A"
31.9546,terug,-150,"#157,YAW,-1.94,GYRO,-54,5,-12,ACC,0,-6,266,ADC,1265,398,4,2,"
31.9547,terug,-150,MM0 ?D
31.9547,terug,-150,MM1 ?D
31.9547,terug,-150,MM0 D=51
31.9547,terug,-150,MM1 D=34
31.9547,terug,-150,"#158,YAW,-1.90,GYRO,-75,64,7,ACC,6,-19,264,ADC,1301,390,8,2,"
31.9547,terug,-150,MM0 ?FF
31.9547,terug,-150,MM1 ?FF
31.9547,terug,-150,MM0 FF=0
31.9547,terug,-150,MM1 FF=0
31.9547,terug,-150,"#159,YAW,-1.90,GYRO,45,76,8,ACC,-5,-18,235,ADC,1262,501,4,2,"
31.9547,terug,-150,MM0 ?P
31.9547,terug,-150,MM1 ?P
31.9547,terug,-150,MM0 P=-150:150
31.9547,terug,-150,MM1 P=-150:150
31.9755,terug,-150,"#160,YAW,-1.90,GYRO,24,32,-4,ACC,5,-6,239,ADC,1267,415,5,1,"
31.9756,terug,-150,MM0 ?S
31.9756,terug,-150,MM1 ?S
31.9756,terug,-150,MM1 S=-150:150
31.9756,terug,-150,MM0 S=-75:150
31.9965,terug,-150,"#161,YAW,-1.90,GYRO,55,66,-24,ACC,-4,11,256,ADC,1216,382,4,2,"
31.9965,terug,-150,MM0 ?T
31.9965,terug,-150,MM1 ?T
31.9965,terug,-150,MM0 T=35:35
31.9965,terug,-150,MM1 T=36:34
32.0176,terug,-150,"#162,YAW,-1.90,GYRO,39,72,-35,ACC,5,15,273,ADC,1226,500,5,2,"
32.0176,terug,-150,MM0 ?V
32.0176,terug,-150,MM1 ?V
32.0176,terug,-150,MM0 V=120:223:4905
32.0176,terug,-150,MM1 V=120:222:4900
32.0176,terug,-150,MM0 !M -150 150
32.0176,terug,-150,MM1 !M -150 150
32.0176,terug,-150,MM0 +
32.0176,terug,-150,MM1 +
32.0515,terug,-150,MM1 PING
32.0515,terug,-150,MM0 PING
32.0515,terug,-150,"#163,YAW,-1.90,GYRO,-13,42,-32,ACC,8,10,267,ADC,1256,389,5,2,"
32.0515,terug,-150,MM0 ?CR
32.0515,terug,-150,MM1 ?CR
32.0515,terug,-150,MM0 CR=-33:33
32.0515,terug,-150,MM1 CR=-33:33
32.0515,terug,-150,MM0 !M -150 150
32.0515,terug,-150,MM1 !M -150 150
32.0515,terug,-150,MM0 +
32.0515,terug,-150,MM1 +
32.0515,terug,-150,"#164,YAW,-1.90,GYRO,5,32,-11,ACC,7,-1,241,ADC,1259,386,3,2,"
32.0515,terug,-150,MM0 ?A
32.0515,terug,-150,MM1 ?A
32.0515,terug,-150,MM0 A=0:0
32.0515,terug,-150,MM1 A=0:0
32.0727,terug,-150,"#165,YAW,-1.90,GYRO,-64,86,25,ACC,6,7,273,ADC,1259,384,7,2,"
32.0727,terug,-150,MM0 ?AI
32.0727,terug,-150,MM1 ?AI
32.0727,terug,-150,MM0 AI=0:0:2404:2430:0:0
32.0942,terug,-150,MM1 AI=0:0:2336:2347:0:0
32.0942,terug,-150,"#166,YAW,-1.90,GYRO,21,58,33,ACC,3,-2,250,ADC,1257,501,4,2,"
32.0942,terug,-150,MM0 ?C
32.0942,terug,-150,MM1 ?C
32.0942,terug,-150,MM0 C=1458:-1538
32.0943,terug,-150,MM1 C=3029:-3135
32.1145,terug,-150,"$GPRMC,094128.0,A,5050.50877,N,00419.36967,E,000.75,298.7,021026,000.4,E*57"
32.1145,terug,-150,"#167,YAW,-1.90,GYRO,-1,54,13,ACC,6,-2,230,ADC,1271,326,5,2,"
32.1145,terug,-150,MM0 ?D
32.1145,terug,-150,MM1 ?D
32.1145,terug,-150,MM0 D=32
32.1145,terug,-150,MM1 D=3
32.1488,terug,-150,MM1 !M -150 150
32.1488,terug,-150,MM0 !M -150 150
32.1488,terug,-150,MM1 +
32.1488,terug,-150,MM0 +
32.1488,terug,-150,"#168,YAW,-1.86,GYRO,37,105,-21,ACC,-1,2,256,ADC,1268,387,4,2,"
32.1488,terug,-150,MM0 ?FF
32.1488,terug,-150,MM1 ?FF
32.1488,terug,-150,MM0 FF=0
32.1489,terug,-150,MM1 FF=0
32.1489,terug,-150,"#169,YAW,-1.86,GYRO,-21,45,-35,ACC,5,12,294,ADC,1215,387,4,1,"
32.1489,terug,-150,MM0 ?P
32.1696,terug,-150,MM1 ?P
32.1696,terug,-150,MM0 P=-150:150
32.1696,terug,-150,MM1 P=-150:150
32.1696,terug,-150,"#170,YAW,-1.86,GYRO,-22,57,-25,ACC,4,17,254,ADC,1232,384,5,1,"
32.1696,terug,-150,MM0 ?S
32.1696,terug,-150,MM1 ?S
32.1907,terug,-150,MM0 S=-150:150
32.1907,terug,-150,MM1 S=-150:150
32.1907,terug,-150,"#171,YAW,-1.86,GYRO,-16,92,-7,ACC,4,3,244,ADC,1247,497,5,2,"
32.1907,terug,-150,MM0 ?T
32.1907,terug,-150,MM1 ?T
32.1907,terug,-150,MM0 T=35:35
32.2113,terug,-150,MM1 T=36:34
32.2114,terug,-150,"#172,YAW,-1.86,GYRO,-62,91,17,ACC,-2,7,265,ADC,1256,386,8,2,"
32.2114,terug,-150,MM0 ?V
32.2114,terug,-150,MM1 ?V
32.2114,terug,-150,MM0 V=120:223:4905
32.2456,terug,-150,MM1 V=120:223:4900
32.2457,terug,-150,MM0 !M -150 150
32.2457,terug,-150,MM1 !M -150 150
32.2457,terug,-150,MM0 +
32.2457,terug,-150,MM1 +
32.2457,terug,-150,"#173,YAW,-1.86,GYRO,16,80,18,ACC,2,-8,252,ADC,1230,347,5,2,"
32.2457,terug,-150,MM0 ?CR
32.2457,terug,-150,MM1 ?CR
32.2457,terug,-150,MM0 CR=-34:32
32.2457,terug,-150,MM1 CR=-32:33
32.2688,terug,-150,"#174,YAW,-1.86,GYRO,10,39,-2,ACC,9,-15,236,ADC,1264,383,5,2,"
32.2688,terug,-150,MM0 ?A
32.2688,terug,-150,MM1 ?A
32.2688,terug,-150,MM0 A=0:0
32.2688,terug,-150,MM1 A=0:0
32.2878,terug,-150,"#175,YAW,-1.86,GYRO,46,58,-26,ACC,-2,-14,237,ADC,1238,380,4,2,"
32.2878,terug,-150,MM0 ?AI
32.2878,terug,-150,MM1 ?AI
32.2879,terug,-150,MM0 AI=0:0:2423:2428:0:0
32.2879,terug,-150,MM1 AI=0:0:2345:2329:0:0
32.2879,terug,-150,"#176,YAW,-1.86,GYRO,-13,13,-30,ACC,38,-1,317,ADC,1228,499,4,2,"
32.3093,terug,-150,MM0 ?C
32.3093,terug,-150,MM1 ?C
32.3093,terug,-150,MM0 C=1425:-1505
32.3094,terug,-150,MM1 C=2997:-3103
32.3094,terug,-150,"$GPRMC,094128.2,A,5050.50873,N,00419.36965,E,000.73,299.3,021026,000.4,E*50"
32.3094,terug,-150,"#177,YAW,-1.86,GYRO,82,160,-83,ACC,143,4,348,ADC,1236,500,5,1,"
32.3094,terug,-150,MM1 ?D
32.3566,terug,-150,MM0 ?D
32.3566,terug,-150,MM1 D=19
32.3566,terug,-150,MM0 D=32
32.3566,terug,-150,"#178,YAW,-1.82,GYRO,-54,648,-60,ACC,47,27,218,ADC,1229,384,7,2,"
32.3566,terug,-150,MM0 ?FF
32.3566,terug,-150,MM1 ?FF
32.3566,terug,-150,MM0 FF=0
32.3566,terug,-150,MM1 FF=0
32.3566,terug,-150,"#179,YAW,-1.82,GYRO,-83,597,-1,ACC,13,42,232,ADC,1236,501,7,3,"
32.3566,terug,-150,MM0 ?P
32.3566,terug,-150,MM1 ?P
32.3566,terug,-150,MM0 P=-150:150
32.3566,terug,-150,MM1 P=-150:150
32.3784,terug,-150,"#180,YAW,-1.82,GYRO,24,351,46,ACC,8,-12,216,ADC,1286,501,6,2,"
32.3784,terug,-150,MM0 ?S
32.3784,terug,-150,MM1 ?S
32.3784,terug,-150,MM0 S=-75:75
32.3784,terug,-150,MM1 S=-75:75
32.4001,terug,-150,"#181,YAW,-1.83,GYRO,-57,231,41,ACC,16,-39,294,ADC,1220,380,6,2,"
32.4001,terug,-150,MM0 ?T
32.4001,terug,-150,MM1 ?T
32.4001,terug,-150,MM0 T=35:35
32.4001,terug,-150,MM1 T=36:34
32.4197,terug,-150,"#182,YAW,-1.83,GYRO,-16,397,-14,ACC,-9,-20,265,ADC,1277,499,6,1,"
32.4197,terug,-150,MM1 ?V
32.4197,terug,-150,MM0 ?V
32.4197,terug,-150,MM0 V=120:217:4905
32.4197,terug,-150,MM1 V=120:222:4901
32.4197,terug,-150,MM0 !M -150 150
32.4197,terug,-150,MM1 !M -150 150
32.4197,terug,-150,MM0 +
32.4536,terug,-150,MM1 +
32.4536,terug,-150,MM0 PING
32.4536,terug,-150,MM1 PING
32.4536,terug,-150,"#183,YAW,-1.82,GYRO,-44,266,-38,ACC,-24,25,224,ADC,1226,364,6,2,"
32.4536,terug,-150,MM1 ?CR
32.4536,terug,-150,MM0 ?CR
32.4536,terug,-150,MM1 CR=-28:27
32.4536,terug,-150,MM0 CR=-26:27
32.4536,terug,-150,"#184,YAW,-1.82,GYRO,-2,243,-46,ACC,-15,21,232,ADC,1253,411,5,1,"
32.4536,terug,-150,MM0 ?A
32.4536,terug,-150,MM1 ?A
32.4536,terug,-150,MM0 A=-9:5
32.4536,terug,-150,MM1 A=-9:5
32.4748,terug,-150,"#185,YAW,-1.82,GYRO,-12,231,-32,ACC,-16,2,267,ADC,1286,500,4,2,"
32.4748,terug,-150,MM1 ?AI
32.4748,terug,-150,MM0 ?AI
32.4748,terug,-150,MM1 AI=0:0:2319:2352:0:0
32.4748,terug,-150,MM0 AI=0:0:2451:2430:0:0
32.4956,terug,-150,"#186,YAW,-1.82,GYRO,-4,256,-17,ACC,-24,-14,257,ADC,1209,380,5,2,"
32.4956,terug,-150,MM0 ?C
32.4956,terug,-150,MM1 ?C
32.4956,terug,-150,MM0 C=1402:-1482
32.4957,terug,-150,MM1 C=2974:-3079
32.5164,terug,-150,"$GPRMC,094128.4,A,5050.50867,N,00419.36967,E,000.70,299.8,021026,000.4,E*59"
32.5164,terug,-150,"#187,YAW,-1.82,GYRO,-10,191,-1,ACC,-26,-13,239,ADC,1270,501,4,1,"
32.5164,terug,-150,MM1 ?D
32.5165,terug,-150,MM0 ?D
32.5165,terug,-150,MM1 D=34
32.5165,terug,-150,MM0 D=19
32.5507,terug,-150,MM0 !M -150 150
32.5507,terug,-150,MM1 !M -150 150
32.5507,terug,-150,MM0 +
32.5507,terug,-150,MM1 +
32.5507,terug,-150,MM0 PING
32.5507,terug,-150,MM1 PING
32.5507,terug,-150,"#188,YAW,-1.79,GYRO,-3,182,-5,ACC,-32,3,257,ADC,1262,339,4,1,"
32.5507,terug,-150,MM0 ?FF
32.5507,terug,-150,MM1 ?FF
32.5507,terug,-150,MM0 FF=0
32.5507,terug,-150,MM1 FF=0
32.5507,terug,-150,"#189,YAW,-1.79,GYRO,-6,177,-6,ACC,-31,14,245,ADC,1237,386,7,1,"
32.5507,terug,-150,MM0 ?P
32.5507,terug,-150,MM1 ?P
32.5507,terug,-150,MM0 P=-150:150
32.5716,terug,-150,MM1 P=-150:150
32.5717,terug,-150,"#190,YAW,-1.79,GYRO,-10,151,-10,ACC,-29,10,239,ADC,1253,390,5,2,"
32.5717,terug,-150,MM0 ?S
32.5717,terug,-150,MM1 ?S
32.5717,terug,-150,MM1 S=-150:0
32.5717,terug,-150,MM0 S=-75:150
32.5925,terug,-150,"#191,YAW,-1.79,GYRO,-18,125,-11,ACC,-40,-1,243,ADC,1249,382,4,2,"
32.5925,terug,-150,MM1 ?T
32.5925,terug,-150,MM0 ?T
32.5925,terug,-150,MM1 T=36:34
32.5925,terug,-150,MM0 T=35:34
32.6134,terug,-150,"#192,YAW,-1.79,GYRO,-40,101,-11,ACC,-41,2,259,ADC,1205,379,5,1,"
32.6135,terug,-150,MM1 ?V
32.6135,terug,-150,MM0 ?V
32.6135,terug,-150,MM1 V=120:222:4901
32.6135,terug,-150,MM0 V=120:222:4904
32.6495,terug,-150,MM0 !M -150 150
32.6495,terug,-150,MM1 !M -150 150
32.6495,terug,-150,MM0 +
32.6495,terug,-150,MM1 +
32.6495,terug,-150,MM1 PING
32.6495,terug,-150,MM0 PING
32.6495,terug,-150,MM0 !M -150 150
32.6495,terug,-150,MM1 !M -150 150
32.6495,terug,-150,MM0 +
32.6495,terug,-150,MM1 +
32.6495,terug,-150,"#193,YAW,-1.79,GYRO,-37,80,-5,ACC,-36,2,239,ADC,1278,319,7,2,"
32.6495,terug,-150,MM0 ?CR
32.6495,terug,-150,MM1 ?CR
32.6495,terug,-150,MM1 CR=-20:20
32.6495,terug,-150,MM0 CR=-20:20
32.6495,terug,-150,"#194,YAW,-1.79,GYRO,-19,53,3,ACC,-39,1,252,ADC,1273,502,6,1,"
32.6495,terug,-150,MM1 ?A
32.6696,terug,-150,MM0 ?A
32.6696,terug,-150,MM1 A=-4:5
32.6696,terug,-150,MM0 A=-4:5
32.6696,terug,-150,"#195,YAW,-1.79,GYRO,0,29,-9,ACC,-43,-1,238,ADC,1295,497,7,1,"
32.6696,terug,-150,MM1 ?AI
32.6696,terug,-150,MM0 ?AI
32.6907,terug,-150,MM1 AI=0:0:2338:2345:0:0
32.6907,terug,-150,MM0 AI=0:0:2415:2429:0:0
32.6907,terug,-150,"#196,YAW,-1.79,GYRO,10,66,-23,ACC,-48,8,240,ADC,1274,497,5,2,"
32.6907,terug,-150,MM1 ?C
32.6907,terug,-150,MM0 ?C
32.6907,terug,-150,MM1 C=2952:-3058
32.7124,terug,-150,MM0 C=1380:-1461
32.7125,terug,-150,"$GPRMC,094128.6,A,5050.50849,N,00419.36978,E,000.67,300.2,021026,000.4,E*54"
32.7125,terug,-150,"#197,YAW,-1.79,GYRO,22,47,-31,ACC,-40,9,264,ADC,1254,503,5,3,"
32.7125,terug,-150,MM1 ?D
32.7125,terug,-150,MM0 ?D
32.7125,terug,-150,MM1 D=19
32.7125,terug,-150,MM0 D=32
32.7328,terug,-150,"#198,YAW,-1.75,GYRO,18,51,-30,ACC,-35,16,243,ADC,1194,388,4,2,"
32.7328,terug,-150,MM1 ?FF
32.7328,terug,-150,MM0 ?FF
32.7328,terug,-150,MM1 FF=0
32.7328,terug,-150,MM0 FF=0
32.7698,terug,-150,"#199,YAW,-1.75,GYRO,-8,57,-28,ACC,-27,11,251,ADC,1217,378,5,2,"
32.7698,terug,-150,MM0 !M -150 150
32.7698,terug,-150,MM0 +
32.7698,terug,-150,MM1 !M -150 150
32.7698,terug,-150,MM1 +
32.7698,terug,-150,MM1 ?P
32.7698,terug,-150,MM0 ?P
32.7698,terug,-150,MM1 P=-150:150
32.7698,terug,-150,MM0 P=-150:150
32.7698,terug,-150,"#200,YAW,-1.75,GYRO,-30,19,-27,ACC,-19,10,267,ADC,1264,494,7,1,"
32.7698,terug,-150,MM1 ?S
32.7698,terug,-150,MM0 ?S
32.7906,terug,-150,MM0 S=-75:75
32.7906,terug,-150,MM1 S=-150:150
32.7906,terug,-150,"#201,YAW,-1.75,GYRO,-17,-16,-18,ACC,-27,2,234,ADC,1210,383,5,2,"
32.7906,terug,-150,MM1 ?T
32.7906,terug,-150,MM0 ?T
32.7906,terug,-150,MM1 T=36:34
32.8116,terug,-150,MM0 T=35:35
32.8117,terug,-150,"#202,YAW,-1.75,GYRO,-47,73,-13,ACC,-24,0,269,ADC,1244,389,5,2,"
32.8117,terug,-150,MM1 ?V
32.8117,terug,-150,MM0 ?V
32.8117,terug,-150,MM1 V=120:222:4900
32.8605,terug,-150,MM0 V=120:223:4905
32.8606,terug,-150,"#203,YAW,-1.75,GYRO,-38,49,0,ACC,-16,-7,272,ADC,1263,393,5,2,"
32.8606,terug,-150,MM1 ?CR
32.8606,terug,-150,MM0 ?CR
32.8606,terug,-150,MM1 CR=-26:26
32.8606,terug,-150,MM0 CR=-27:26
32.8606,terug,-150,"#204,YAW,-1.75,GYRO,14,42,-4,ACC,-22,-20,194,ADC,1249,394,7,2,"
32.8606,terug,-150,MM1 ?A
32.8606,terug,-150,MM0 ?A
32.8606,terug,-150,MM1 A=-4:5
32.8606,terug,-150,MM0 A=-4:0
32.8815,terug,-150,"#205,YAW,-1.75,GYRO,38,34,-21,ACC,-56,2,258,ADC,1268,502,7,2,"
32.8815,terug,-150,MM1 ?AI
32.8815,terug,-150,MM0 ?AI
32.8815,terug,-150,MM1 AI=0:0:2354:2343:0:0
32.8815,terug,-150,MM0 AI=0:0:2428:2448:0:0
32.9025,terug,-150,"#206,YAW,-1.75,GYRO,44,21,-26,ACC,-27,14,292,ADC,1256,501,5,1,"
32.9025,terug,-150,MM1 ?C
32.9025,terug,-150,MM0 ?C
32.9025,terug,-150,MM1 C=2924:-3030
32.9025,terug,-150,MM0 C=1352:-1433
32.9025,terug,-150,"$GPRMC,094128.8,A,5050.50823,N,00419.36993,E,000.62,300.6,021026,000.4,E*52"
32.9249,terug,-150,"#207,YAW,-1.75,GYRO,-33,-5,-15,ACC,-14,27,254,ADC,1238,389,5,2,"
32.9249,terug,-150,MM1 ?D
32.9249,terug,-150,MM0 ?D
32.9249,terug,-150,MM1 D=17
32.9249,terug,-150,MM0 D=32
32.9249,terug,-150,MM0 !M -150 150
32.9249,terug,-150,MM1 !M -150 150
32.9249,terug,-150,MM0 +
32.9249,terug,-150,MM1 +
32.9249,terug,-150,MM0 PING
32.9586,terug,-150,MM1 PING
32.9586,terug,-150,"#208,YAW,-1.72,GYRO,-12,-21,-11,ACC,-25,12,234,ADC,1265,323,4,1,"
32.9586,terug,-150,MM1 ?FF
32.9586,terug,-150,MM0 ?FF
32.9586,terug,-150,MM1 FF=0
32.9586,terug,-150,MM0 FF=0
32.9586,terug,-150,"#209,YAW,-1.72,GYRO,-67,7,-9,ACC,-26,-8,256,ADC,1257,385,6,2,"
32.9586,terug,-150,MM1 ?P
32.9586,terug,-150,MM0 ?P
32.9586,terug,-150,MM1 P=-150:150
32.9586,terug,-150,MM0 P=-150:150
32.9795,terug,-150,"#210,YAW,-1.72,GYRO,-80,38,-12,ACC,-38,0,260,ADC,1231,389,5,2,"
32.9795,terug,-150,MM1 ?S
32.9795,terug,-150,MM0 ?S
32.9795,terug,-150,MM1 S=-150:150
32.9795,terug,-150,MM0 S=-150:75
33.0004,terug,-150,"#211,YAW,-1.72,GYRO,-16,65,-3,ACC,-18,-22,254,ADC,1263,386,4,2,"
33.0005,terug,-150,MM1 ?T
33.0005,terug,-150,MM0 ?T
33.0005,terug,-150,MM1 T=36:34
33.0005,terug,-150,MM0 T=35:35
33.0215,terug,-150,"#212,YAW,-1.72,GYRO,1,60,-4,ACC,-15,-8,240,ADC,1268,499,5,2,"
33.0215,terug,-150,MM1 ?V
33.0215,terug,-150,MM0 ?V
33.0215,terug,-150,MM1 V=120:223:4901
33.0215,terug,-150,MM0 V=120:223:4906
33.0215,terug,-150,MM1 !M -150 150
33.0567,terug,-150,MM0 !M -150 150
33.0568,terug,-150,MM1 +
33.0568,terug,-150,MM0 +
33.0568,terug,-150,MM0 PING
33.0568,terug,-150,MM1 PING
33.0568,terug,-150,"#213,YAW,-1.72,GYRO,43,22,-15,ACC,-32,3,247,ADC,1297,289,5,2,"
33.0568,terug,-150,MM1 ?CR
33.0568,terug,-150,MM0 ?CR
33.0568,terug,-150,MM1 CR=-30:30
33.0568,terug,-150,MM0 CR=-30:31
33.0568,terug,-150,"#214,YAW,-1.72,GYRO,17,27,-22,ACC,-22,22,302,ADC,1267,499,5,2,"
33.0568,terug,-150,MM1 ?A
33.0568,terug,-150,MM0 ?A
33.0568,terug,-150,MM1 A=0:0
33.0568,terug,-150,MM0 A=0:0
33.0776,terug,-150,"#215,YAW,-1.72,GYRO,-6,-2,-14,ACC,-17,20,258,ADC,1265,501,5,1,"
33.0776,terug,-150,MM1 ?AI
33.0776,terug,-150,MM0 ?AI
33.0776,terug,-150,MM1 AI=0:0:2347:2335:0:0
33.0777,terug,-150,MM0 AI=0:0:2421:2432:0:0
33.0986,terug,-150,"#216,YAW,-1.72,GYRO,22,-17,-9,ACC,-28,6,239,ADC,1239,498,5,1,"
33.0987,terug,-150,MM1 ?C
33.0987,terug,-150,MM0 ?C
33.0987,terug,-150,MM1 C=2893:-2999
33.0987,terug,-150,MM0 C=1322:-1402
33.1195,terug,-150,"$GPRMC,094129.0,A,5050.50811,N,00419.36995,E,000.59,300.9,021026,000.4,E*5B"
33.1195,terug,-150,"#217,YAW,-1.72,GYRO,-78,17,-17,ACC,-20,2,267,ADC,1245,403,6,2,"
33.1195,terug,-150,MM0 ?D
33.1195,terug,-150,MM1 ?D
33.1195,terug,-150,MM0 D=48
33.1196,terug,-150,MM1 D=3
33.1538,terug,-150,MM0 !M -150 150
33.1538,terug,-150,MM1 !M -150 150
33.1538,terug,-150,MM0 +
33.1538,terug,-150,MM1 +
33.1538,terug,-150,MM0 PING
33.1538,terug,-150,MM1 PING
33.1538,terug,-150,"#218,YAW,-1.68,GYRO,-28,77,-7,ACC,-23,-12,269,ADC,1288,309,6,1,"
33.1538,terug,-150,MM0 ?FF
33.1538,terug,-150,MM1 ?FF
33.1538,terug,-150,MM1 FF=0
33.1538,terug,-150,MM0 FF=0
33.1538,terug,-150,MM1 !M -150 150
33.1538,terug,-150,MM0 !M -150 150
33.1538,terug,-150,MM1 +
33.1538,terug,-150,MM0 +
33.1538,terug,-150,"#219,YAW,-1.68,GYRO,-3,30,3,ACC,-23,-14,217,ADC,1311,501,5,2,"
33.1539,terug,-150,MM1 ?P
33.1539,terug,-150,MM0 ?P
33.1539,terug,-150,MM1 P=-150:150
33.1539,terug,-150,MM0 P=-150:150
33.1744,terug,-150,"#220,YAW,-1.68,GYRO,44,54,-7,ACC,-22,-7,243,ADC,1243,391,5,2,"
33.1744,terug,-150,MM1 ?S
33.1744,terug,-150,MM0 ?S
33.1744,terug,-150,MM1 S=-150:150
33.1744,terug,-150,MM0 S=-150:150
33.1955,terug,-150,"#221,YAW,-1.68,GYRO,20,74,-10,ACC,-21,14,315,ADC,1281,389,4,2,"
33.1955,terug,-150,MM1 ?T
33.1955,terug,-150,MM0 ?T
33.1955,terug,-150,MM1 T=36:34
33.1955,terug,-150,MM0 T=35:35
33.2187,terug,-150,"#222,YAW,-1.68,GYRO,29,38,-12,ACC,-7,16,243,ADC,1233,389,5,2,"
33.2187,terug,-150,MM1 ?V
33.2187,terug,-150,MM0 ?V
33.2187,terug,-150,MM1 V=120:223:4900
33.2187,terug,-150,MM0 V=120:223:4905
33.2530,terug,-150,"#223,YAW,-1.68,GYRO,-11,47,-18,ACC,-15,3,235,ADC,1290,401,5,2,"
33.2530,terug,-150,MM0 ?CR
33.2530,terug,-150,MM1 ?CR
33.2530,terug,-150,MM0 CR=-32:32
33.2530,terug,-150,MM1 CR=-33:33
33.2530,terug,-150,MM1 !M -150 150
33.2530,terug,-150,MM0 !M -150 150
33.2531,terug,-150,MM1 +
33.2531,terug,-150,MM0 +
33.2531,terug,-150,"#224,YAW,-1.68,GYRO,-27,145,-18,ACC,-14,-5,263,ADC,1259,500,3,2,"
33.2531,terug,-150,MM0 ?A
33.2531,terug,-150,MM1 ?A
33.2531,terug,-150,MM0 A=0:0
33.2531,terug,-150,MM1 A=0:0
33.2737,terug,-150,"#225,YAW,-1.68,GYRO,-36,103,-5,ACC,-10,0,255,ADC,1246,391,6,2,"
33.2737,terug,-150,MM0 ?AI
33.2737,terug,-150,MM1 ?AI
33.2738,terug,-150,MM0 AI=0:0:2418:2442:0:0
33.2738,terug,-150,MM1 AI=0:0:2327:2374:0:0
33.2945,terug,-150,"#226,YAW,-1.68,GYRO,26,78,2,ACC,-21,-1,249,ADC,1244,395,4,2,"
33.2945,terug,-150,MM0 ?C
33.2946,terug,-150,MM1 ?C
33.2946,terug,-150,MM0 C=1289:-1369
33.2946,terug,-150,MM1 C=2861:-2967
33.3155,terug,-150,"$GPRMC,094129.2,A,5050.50798,N,00419.37002,E,000.54,300.9,021026,000.4,E*5C"
33.3155,terug,-150,"#227,YAW,-1.68,GYRO,107,-84,-15,ACC,68,-5,504,ADC,1222,344,6,2,"
33.3155,terug,-150,MM0 ?D
33.3155,terug,-150,MM1 ?D
33.3155,terug,-150,MM0 D=32
33.3155,terug,-150,MM1 D=19
33.3497,terug,-150,"#228,YAW,-1.65,GYRO,-149,-517,50,ACC,70,27,324,ADC,1206,375,6,2,"
33.3497,terug,-150,MM0 !M -150 150
33.3498,terug,-150,MM0 +
33.3498,terug,-150,MM1 !M -150 150
33.3498,terug,-150,MM1 +
33.3498,terug,-150,MM0 ?FF
33.3498,terug,-150,MM1 ?FF
33.3498,terug,-150,MM0 FF=0
33.3498,terug,-150,MM1 FF=0
33.3498,terug,-150,"#229,YAW,-1.65,GYRO,21,-605,39,ACC,-8,11,192,ADC,1260,384,6,1,"
33.3498,terug,-150,MM0 ?P
33.3498,terug,-150,MM1 ?P
33.3707,terug,-150,MM0 P=-150:150
33.3707,terug,-150,MM1 P=-150:150
33.3707,terug,-150,"#230,YAW,-1.65,GYRO,124,-269,-13,ACC,-17,-14,122,ADC,1262,386,5,1,"
33.3708,terug,-150,MM0 ?S
33.3708,terug,-150,MM1 ?S
33.3708,terug,-150,MM0 S=-75:75
33.3927,terug,-150,MM1 S=-75:75
33.3928,terug,-150,"#231,YAW,-1.65,GYRO,-147,-329,-21,ACC,-44,-35,215,ADC,1291,502,4,1,"
33.3928,terug,-150,MM0 ?T
33.3928,terug,-150,MM1 ?T
33.3928,terug,-150,MM0 T=35:35
33.3928,terug,-150,MM1 T=36:34
33.4127,terug,-150,"#232,YAW,-1.65,GYRO,-84,-210,-25,ACC,19,29,320,ADC,1205,384,5,2,"
33.4127,terug,-150,MM0 ?V
33.4127,terug,-150,MM1 ?V
33.4127,terug,-150,MM0 V=120:223:4905
33.4127,terug,-150,MM1 V=120:222:4899
33.4334,terug,-150,"#233,YAW,-1.65,GYRO,11,-227,-20,ACC,-6,-13,277,ADC,1245,397,5,1,"
33.4334,terug,-150,MM0 ?CR
33.4334,terug,-150,MM1 ?CR
33.4334,terug,-150,MM0 CR=-25:25
33.4334,terug,-150,MM1 CR=-24:23
33.4691,terug,-150,MM0 !M -150 150
33.4691,terug,-150,MM1 !M -150 150
33.4691,terug,-150,MM0 +
33.4691,terug,-150,MM1 +
33.4691,terug,-150,"#234,YAW,-1.65,GYRO,-17,-190,-18,ACC,-26,-12,181,ADC,1260,322,3,2,"
33.4691,terug,-150,MM0 ?A
33.4691,terug,-150,MM1 ?A
33.4691,terug,-150,MM0 A=-9:10
33.4691,terug,-150,MM1 A=-9:10
33.4887,terug,-150,"#235,YAW,-1.65,GYRO,-24,-174,-19,ACC,-13,-10,267,ADC,1282,389,6,2,"
33.4887,terug,-150,MM0 ?AI
33.4887,terug,-150,MM1 ?AI
33.4887,terug,-150,MM0 AI=0:0:2412:2441:0:0
33.4887,terug,-150,MM1 AI=0:0:2351:2350:0:0
33.4887,terug,-150,"#236,YAW,-1.65,GYRO,12,-90,-8,ACC,-13,8,270,ADC,1247,396,5,2,"
33.4887,terug,-150,MM0 ?C
33.5097,terug,-150,MM1 ?C
33.5097,terug,-150,MM0 C=1268:-1348
33.5098,terug,-150,MM1 C=2841:-2947
33.5098,terug,-150,"$GPRMC,094129.4,A,5050.50790,N,00419.37014,E,000.50,300.9,021026,000.4,E*51"
33.5098,terug,-150,"#237,YAW,-1.65,GYRO,13,-143,-3,ACC,-12,10,235,ADC,1260,383,4,1,"
33.5098,terug,-150,MM0 ?D
33.5098,terug,-150,MM1 ?D
33.5626,terug,-150,MM0 D=32
33.5626,terug,-150,MM1 D=34
33.5627,terug,-150,"#238,YAW,-1.62,GYRO,23,-87,2,ACC,-15,8,227,ADC,1263,383,6,2,"
33.5627,terug,-150,MM0 ?FF
33.5627,terug,-150,MM1 ?FF
33.5627,terug,-150,MM0 FF=0
33.5627,terug,-150,MM1 FF=0
33.5627,terug,-150,MM1 !M -150 150
33.5627,terug,-150,MM0 !M -150 150
33.5627,terug,-150,MM1 +
33.5627,terug,-150,MM0 +
33.5627,terug,-150,"#239,YAW,-1.62,GYRO,-33,-70,13,ACC,-14,2,260,ADC,1245,380,7,1,"
33.5627,terug,-150,MM0 ?P
33.5627,terug,-150,MM1 ?P
33.5627,terug,-150,MM0 P=-150:150
33.5627,terug,-150,MM1 P=-150:150
33.5841,terug,-150,"#240,YAW,-1.62,GYRO,-22,-32,10,ACC,-18,7,254,ADC,1233,395,4,2,"
33.5841,terug,-150,MM0 ?S
33.5841,terug,-150,MM1 ?S
33.5841,terug,-150,MM1 S=-75:75
33.5841,terug,-150,MM0 S=-150:75
33.6050,terug,-150,"#241,YAW,-1.62,GYRO,-14,-35,-5,ACC,-33,2,246,ADC,1277,396,4,2,"
33.6050,terug,-150,MM0 ?T
33.6050,terug,-150,MM1 ?T
33.6050,terug,-150,MM0 T=35:35
33.6050,terug,-150,MM1 T=36:34
33.6281,terug,-150,"#242,YAW,-1.62,GYRO,-47,4,-20,ACC,4,5,254,ADC,1246,492,4,1,"
33.6281,terug,-150,MM0 ?V
33.6282,terug,-150,MM1 ?V
33.6282,terug,-150,MM0 V=120:222:4904
33.6282,terug,-150,MM1 V=120:224:4899
33.6616,terug,-150,"#243,YAW,-1.62,GYRO,-17,67,-14,ACC,-12,-4,278,ADC,1286,397,7,2,"
33.6616,terug,-150,MM0 ?CR
33.6616,terug,-150,MM1 ?CR
33.6616,terug,-150,MM0 CR=-23:23
33.6616,terug,-150,MM1 CR=-22:22
33.6616,terug,-150,MM0 !M -150 150
33.6616,terug,-150,MM1 !M -150 150
33.6616,terug,-150,MM0 +
33.6616,terug,-150,MM1 +
33.6616,terug,-150,"#244,YAW,-1.62,GYRO,-24,26,-10,ACC,-6,5,267,ADC,1288,501,6,2,"
33.6616,terug,-150,MM0 ?A
33.6616,terug,-150,MM1 ?A
33.6616,terug,-150,MM0 A=-4:5
33.6616,terug,-150,MM1 A=-4:5
33.6825,terug,-150,"#245,YAW,-1.62,GYRO,22,32,-7,ACC,-6,1,228,ADC,1291,500,5,1,"
33.6825,terug,-150,MM0 ?AI
33.6825,terug,-150,MM1 ?AI
33.6825,terug,-150,MM0 AI=0:0:2418:2415:0:0
33.6826,terug,-150,MM1 AI=0:0:2318:2311:0:0
33.7040,terug,-150,"#246,YAW,-1.62,GYRO,30,78,-8,ACC,-6,-12,246,ADC,1267,385,8,2,"
33.7040,terug,-150,MM0 ?C
33.7040,terug,-150,MM1 ?C
33.7040,terug,-150,MM0 C=1243:-1322
33.7040,terug,-150,MM1 C=2816:-2922
33.7040,terug,-150,"$GPRMC,094129.6,A,5050.50785,N,00419.37024,E,000.45,300.9,021026,000.4,E*50"
33.7251,terug,-150,"#247,YAW,-1.62,GYRO,-13,46,-4,ACC,-9,13,294,ADC,1233,388,5,2,"
33.7251,terug,-150,MM0 ?D
33.7251,terug,-150,MM1 ?D
33.7251,terug,-150,MM0 D=19
33.7251,terug,-150,MM1 D=17
33.7658,terug,-150,"#248,YAW,-1.60,GYRO,-2,-23,14,ACC,2,16,236,ADC,1211,381,4,1,"
33.7658,terug,-150,MM0 ?FF
33.7658,terug,-150,MM1 ?FF
33.7658,terug,-150,MM0 FF=0
33.7658,terug,-150,MM1 FF=0
33.7658,terug,-150,MM0 !M -150 150
33.7658,terug,-150,MM1 !M -150 150
33.7658,terug,-150,MM0 +
33.7658,terug,-150,MM1 +
33.7658,terug,-150,"#249,YAW,-1.60,GYRO,-20,11,20,ACC,-20,-1,225,ADC,1284,362,4,2,"
33.7658,terug,-150,MM0 ?P
33.7658,terug,-150,MM1 ?P
33.7658,terug,-150,MM0 P=-150:150
33.7658,terug,-150,MM1 P=-150:150
33.7865,terug,-150,"#250,YAW,-1.60,GYRO,-47,48,3,ACC,-4,-10,311,ADC,1238,501,6,2,"
33.7865,terug,-150,MM0 ?S
33.7865,terug,-150,MM1 ?S
33.7865,terug,-150,MM0 S=-75:75
33.7865,terug,-150,MM1 S=-150:150
33.8076,terug,-150,"#251,YAW,-1.60,GYRO,-51,87,5,ACC,1,0,247,ADC,1224,388,5,2,"
33.8076,terug,-150,MM0 ?T
33.8076,terug,-150,MM1 ?T
33.8076,terug,-150,MM0 T=35:35
33.8076,terug,-150,MM1 T=36:34
33.8076,terug,-150,"#252,YAW,-1.60,GYRO,-15,103,-6,ACC,3,0,232,ADC,1246,500,7,2,"
33.8286,terug,-150,MM0 ?V
33.8287,terug,-150,MM1 ?V
33.8287,terug,-150,MM0 V=120:222:4905
33.8287,terug,-150,MM1 V=120:222:4899
33.8287,terug,-150,"#253,YAW,-1.60,GYRO,14,79,-21,ACC,-19,0,265,ADC,1257,499,6,1,"
33.8287,terug,-150,MM0 ?CR
33.8626,terug,-150,MM1 ?CR
33.8626,terug,-150,MM1 CR=-30:30
33.8626,terug,-150,MM0 CR=-30:29
33.8626,terug,-150,MM0 !M -150 150
33.8627,terug,-150,MM1 !M -150 150
33.8627,terug,-150,MM0 +
33.8627,terug,-150,MM1 +
33.8627,terug,-150,"#254,YAW,-1.60,GYRO,62,63,-28,ACC,-11,-19,234,ADC,1261,393,4,2,"
33.8627,terug,-150,MM0 ?A
33.8627,terug,-150,MM1 ?A
33.8627,terug,-150,MM1 A=-4:5
33.8627,terug,-150,MM0 A=0:0
33.8837,terug,-150,"#255,YAW,-1.60,GYRO,36,44,-31,ACC,2,9,293,ADC,1265,383,7,2,"
33.8837,terug,-150,MM0 ?AI
33.8837,terug,-150,MM1 ?AI
33.8837,terug,-150,MM0 AI=0:0:2424:2451:0:0
33.8837,terug,-150,MM1 AI=0:0:2313:2360:0:0
33.9047,terug,-150,"#0,YAW,-1.60,GYRO,7,31,-30,ACC,-3,19,235,ADC,1246,499,4,2,"
33.9048,terug,-150,MM0 ?C
33.9048,terug,-150,MM1 ?C
33.9048,terug,-150,MM1 C=2785:-2892
33.9048,terug,-150,MM0 C=1213:-1292
33.9048,terug,-150,"$GPRMC,094129.8,A,5050.50770,N,00419.37061,E,000.40,300.9,021026,000.4,E*50"
33.9262,terug,-150,"#1,YAW,-1.60,GYRO,-18,-2,-7,ACC,4,17,228,ADC,1243,383,7,2,"
33.9262,terug,-150,MM0 ?D
33.9262,terug,-150,MM1 ?D
33.9262,terug,-150,MM1 D=35
33.9262,terug,-150,MM0 D=2
33.9594,terug,-150,"#2,YAW,-1.57,GYRO,-47,39,-3,ACC,9,8,311,ADC,1239,502,5,2,"
33.9594,terug,-150,MM0 ?FF
33.9594,terug,-150,MM1 ?FF
33.9594,terug,-150,MM0 FF=0
33.9594,terug,-150,MM1 FF=0
33.9594,terug,-150,"#3,YAW,-1.57,GYRO,-40,126,6,ACC,-7,-8,233,ADC,1266,501,5,2,"
33.9595,terug,-150,MM0 ?P
33.9595,terug,-150,MM1 ?P
33.9595,terug,-150,MM0 P=-150:150
33.9595,terug,-150,MM1 P=-150:150
33.9805,terug,-150,"#4,YAW,-1.57,GYRO,-49,41,4,ACC,-3,-1,237,ADC,1263,498,7,2,"
33.9805,terug,-150,MM0 ?S
33.9805,terug,-150,MM1 ?S
33.9805,terug,-150,MM1 S=-75:75
33.9805,terug,-150,MM0 S=-75:150
34.0014,terug,-150,"#5,YAW,-1.57,GYRO,49,69,-16,ACC,-3,-21,241,ADC,1291,499,5,2,"
34.0014,terug,-150,MM0 ?T
34.0014,terug,-150,MM1 ?T
34.0014,terug,-150,MM0 T=35:35
34.0014,terug,-150,MM1 T=36:34
34.0225,terug,-150,"#6,YAW,-1.57,GYRO,8,53,-32,ACC,-2,2,248,ADC,1276,501,5,2,"
34.0225,terug,-150,MM0 ?V
34.0225,terug,-150,MM1 ?V
34.0225,terug,-150,MM0 V=120:222:4905
34.0225,terug,-150,MM1 V=120:223:4900
34.0568,terug,-150,"#7,YAW,-1.57,GYRO,9,16,-27,ACC,4,29,293,ADC,1248,404,5,2,"
34.0568,terug,-150,MM0 ?CR
34.0568,terug,-150,MM0 CR=-31:32
34.0568,terug,-150,MM1 ?CR
34.0568,terug,-150,MM1 CR=-31:31
34.0568,terug,-150,MM1 !M -150 150
34.0568,terug,-150,MM0 !M -150 150
34.0568,terug,-150,MM1 +
34.0568,terug,-150,MM0 +
34.0568,terug,-150,MM0 PING
34.0568,terug,-150,MM1 PING
34.0568,terug,-150,"#8,YAW,-1.57,GYRO,-69,-33,-11,ACC,-8,31,242,ADC,1266,384,4,2,"
34.0568,terug,-150,MM0 ?A
34.0568,terug,-150,MM1 ?A
34.0568,terug,-150,MM0 A=0:0
34.0568,terug,-150,MM1 A=0:0
34.0774,terug,-150,"#9,YAW,-1.57,GYRO,-51,2,-2,ACC,9,7,248,ADC,1234,385,5,2,"
34.0774,terug,-150,MM0 ?AI
34.0774,terug,-150,MM1 ?AI
34.0774,terug,-150,MM0 AI=0:0:2439:2424:0:0
34.0774,terug,-150,MM1 AI=0:0:2405:2345:0:0
34.0996,terug,-150,"#10,YAW,-1.57,GYRO,-120,58,12,ACC,5,1,269,ADC,1246,383,7,2,"
34.0996,terug,-150,MM0 ?C
34.0996,terug,-150,MM1 ?C
34.0996,terug,-150,MM0 C=1180:-1260
34.0996,terug,-150,MM1 C=2753:-2860
34.1195,terug,-150,"$GPRMC,094130.0,A,5050.50763,N,00419.37087,E,000.36,300.9,021026,000.4,E*5B"
34.1195,terug,-150,"#11,YAW,-1.57,GYRO,47,71,11,ACC,13,-20,294,ADC,1235,381,5,3,"
34.1195,terug,-150,MM0 ?D
34.1195,terug,-150,MM1 ?D
34.1195,terug,-150,MM1 D=35
34.1195,terug,-150,MM0 D=2
34.1669,terug,-150,"#12,YAW,-1.57,GYRO,35,64,-26,ACC,-7,-14,218,ADC,1255,501,5,2,"
34.1669,terug,-150,MM0 ?FF
34.1669,terug,-150,MM1 ?FF
34.1669,terug,-150,MM0 FF=0
34.1669,terug,-150,MM1 FF=0
34.1669,terug,-150,MM0 !M -150 150
34.1669,terug,-150,MM1 !M -150 150
34.1669,terug,-150,MM0 +
34.1669,terug,-150,MM1 +
34.1669,terug,-150,MM1 PING
34.1669,terug,-150,MM0 PING
34.1669,terug,-150,MM0 !M -150 150
34.1669,terug,-150,MM1 !M -150 150
34.1669,terug,-150,MM0 +
34.1669,terug,-150,MM1 +
34.1669,terug,-150,"#13,YAW,-1.57,GYRO,71,22,-43,ACC,-1,3,268,ADC,1262,374,6,1,"
34.1670,terug,-150,MM0 ?P
34.1670,terug,-150,MM1 ?P
34.1670,terug,-150,MM0 P=-150:150
34.1670,terug,-150,MM1 P=-150:150
34.1876,terug,-150,"#14,YAW,-1.57,GYRO,68,77,-52,ACC,-4,22,292,ADC,1243,390,4,2,"
34.1876,terug,-150,MM1 ?S
34.1876,terug,-150,MM0 ?S
34.1876,terug,-150,MM0 S=-75:75
34.1876,terug,-150,MM1 S=-75:150
34.1876,terug,-150,"#15,YAW,-1.56,GYRO,-29,-22,-27,ACC,4,27,269,ADC,1239,499,3,2,"
34.2086,terug,-150,MM0 ?T
34.2086,terug,-150,MM1 ?T
34.2086,terug,-150,MM0 T=35:35
34.2086,terug,-150,MM1 T=36:34
34.2086,terug,-150,"#16,YAW,-1.57,GYRO,14,22,0,ACC,11,2,219,ADC,1284,501,6,2,"
34.2086,terug,-150,MM0 ?V
34.2086,terug,-150,MM1 ?V
34.2296,terug,-150,MM0 V=120:226:4905
34.2296,terug,-150,MM1 V=120:223:4901
34.2296,terug,-150,"#17,YAW,-1.57,GYRO,-88,91,34,ACC,-1,2,287,ADC,1218,385,7,2,"
34.2296,terug,-150,MM0 ?CR
34.2296,terug,-150,MM1 ?CR
34.2652,terug,-150,MM0 CR=-34:33
34.2652,terug,-150,MM1 CR=-33:33
34.2652,terug,-150,MM0 !M -150 150
34.2652,terug,-150,MM1 !M -150 150
34.2652,terug,-150,MM0 +
34.2652,terug,-150,MM1 +
34.2652,terug,-150,"#18,YAW,-1.57,GYRO,-7,18,47,ACC,12,-18,274,ADC,1272,501,4,2,"
34.2652,terug,-150,MM0 ?A
34.2652,terug,-150,MM1 ?A
34.2652,terug,-150,MM0 A=0:0
34.2652,terug,-150,MM1 A=0:0
34.2857,terug,-150,"#19,YAW,-1.57,GYRO,19,61,-9,ACC,-3,-6,213,ADC,1256,387,4,1,"
34.2857,terug,-150,MM0 ?AI
34.2857,terug,-150,MM1 ?AI
34.2857,terug,-150,MM0 AI=0:0:2438:2433:0:0
34.2857,terug,-150,MM1 AI=0:0:2387:2335:0:0
34.3057,terug,-150,"#20,YAW,-1.57,GYRO,63,98,-41,ACC,11,3,273,ADC,1270,501,4,2,"
34.3057,terug,-150,MM0 ?C
34.3057,terug,-150,MM1 ?C
34.3057,terug,-150,MM0 C=1146:-1227
34.3057,terug,-150,MM1 C=2719:-2827
34.3057,terug,-150,"$GPRMC,094130.2,A,5050.50754,N,00419.37113,E,000.32,300.9,021026,000.4,E*55"
34.3266,terug,-150,"#21,YAW,-1.57,GYRO,-1,25,-43,ACC,-4,17,292,ADC,1250,498,5,2,"
34.3266,terug,-150,MM0 ?D
34.3267,terug,-150,MM1 ?D
34.3267,terug,-150,MM0 D=49
34.3267,terug,-150,MM1 D=0
34.3606,terug,-150,"#22,YAW,-1.56,GYRO,-33,0,-31,ACC,-2,16,272,ADC,1215,382,5,2,"
34.3606,terug,-150,MM0 ?FF
34.3606,terug,-150,MM1 ?FF
34.3606,terug,-150,MM0 FF=0
34.3606,terug,-150,MM1 FF=0
34.3606,terug,-150,MM0 !M -150 150
34.3606,terug,-150,MM1 !M -150 150
34.3606,terug,-150,MM0 +
34.3606,terug,-150,MM1 +
34.3606,terug,-150,"#23,YAW,-1.56,GYRO,-27,115,-7,ACC,11,4,248,ADC,1266,500,5,2,"
34.3606,terug,-150,MM0 ?P
34.3606,terug,-150,MM1 ?P
34.3606,terug,-150,MM0 P=-150:150
34.3606,terug,-150,MM1 P=-150:150
34.3815,terug,-150,"#24,YAW,-1.57,GYRO,-69,94,28,ACC,4,13,268,ADC,1257,497,5,1,"
34.3815,terug,-150,MM0 ?S
34.3815,terug,-150,MM1 ?S
34.3815,terug,-150,MM0 S=-150:150
34.3815,terug,-150,MM1 S=-150:75
34.4027,terug,-150,"#25,YAW,-1.57,GYRO,30,35,22,ACC,9,-18,246,ADC,1250,394,4,2,"
34.4027,terug,-150,MM0 ?T
34.4027,terug,-150,MM1 ?T
34.4027,terug,-150,MM0 T=35:35
34.4027,terug,-150,MM1 T=36:34
34.4230,terug,-150,"#26,YAW,-1.57,GYRO,20,70,-15,ACC,2,-16,228,ADC,1277,390,4,2,"
34.4230,terug,-150,MM0 ?V
34.4230,terug,-150,MM1 ?V
34.4230,terug,-150,MM0 V=120:223:4905
34.4230,terug,-150,MM1 V=120:223:4901
34.4565,terug,-150,"#27,YAW,-1.57,GYRO,67,83,-35,ACC,-5,4,268,ADC,1234,385,4,2,"
34.4565,terug,-150,MM0 ?CR
34.4565,terug,-150,MM1 ?CR
34.4565,terug,-150,MM0 CR=-33:33
34.4565,terug,-150,MM1 CR=-34:33
34.4565,terug,-150,"#28,YAW,-1.56,GYRO,11,-21,-34,ACC,0,22,261,ADC,1297,501,7,1,"
34.4565,terug,-150,MM1 ?A
34.4565,terug,-150,MM0 ?A
34.4565,terug,-150,MM1 A=-4:5
34.4565,terug,-150,MM0 A=0:0
34.4778,terug,-150,"#29,YAW,-1.56,GYRO,-9,6,-22,ACC,-3,23,262,ADC,1268,496,4,2,"
34.4779,terug,-150,MM0 ?AI
34.4779,terug,-150,MM1 ?AI
34.4779,terug,-150,MM0 AI=0:0:2431:2425:0:0
34.4779,terug,-150,MM1 AI=0:0:2360:2335:0:0
34.4986,terug,-150,"#30,YAW,-1.56,GYRO,-41,117,-7,ACC,9,13,234,ADC,1261,387,6,2,"
34.4986,terug,-150,MM1 ?C
34.4986,terug,-150,MM0 ?C
34.4986,terug,-150,MM1 C=2687:-2794
34.4986,terug,-150,MM0 C=1113:-1194
34.5194,terug,-150,"$GPRMC,094130.4,A,5050.50743,N,00419.37142,E,000.29,300.9,021026,000.4,E*5B"
34.5195,terug,-150,"#31,YAW,-1.56,GYRO,-88,101,15,ACC,6,0,270,ADC,1271,500,6,2,"
34.5195,terug,-150,MM0 ?D
34.5195,terug,-150,MM1 ?D
34.5195,terug,-150,MM0 D=48
34.5195,terug,-150,MM1 D=16
34.5687,terug,-150,"#32,YAW,-1.57,GYRO,-18,46,23,ACC,-5,-29,263,ADC,1220,382,4,1,"
34.5687,terug,-150,MM0 ?FF
34.5687,terug,-150,MM1 ?FF
34.5687,terug,-150,MM0 FF=0
34.5687,terug,-150,MM1 FF=0
34.5687,terug,-150,MM0 !M -150 150
34.5687,terug,-150,MM1 !M -150 150
34.5687,terug,-150,MM0 +
34.5687,terug,-150,MM1 +
34.5688,terug,-150,MM0 PING
34.5688,terug,-150,MM1 PING
34.5688,terug,-150,MM0 !M -150 150
34.5688,terug,-150,MM1 !M -150 150
34.5688,terug,-150,MM0 +
34.5688,terug,-150,MM1 +
34.5688,terug,-150,"#33,YAW,-1.56,GYRO,1,53,-11,ACC,-1,-15,222,ADC,1279,321,5,2,"
34.5688,terug,-150,MM0 ?P
34.5688,terug,-150,MM1 ?P
34.5688,terug,-150,MM0 P=-150:150
34.5688,terug,-150,MM1 P=-150:150
34.5688,terug,-150,"#34,YAW,-1.56,GYRO,57,78,-36,ACC,-2,6,251,ADC,1287,502,5,2,"
34.5688,terug,-150,MM0 ?S
34.5898,terug,-150,MM1 ?S
34.5898,terug,-150,MM0 S=-150:150
34.5898,terug,-150,MM1 S=-150:75
34.5898,terug,-150,"#35,YAW,-1.56,GYRO,55,82,-49,ACC,-3,20,272,ADC,1272,497,5,1,"
34.5898,terug,-150,MM0 ?T
34.5898,terug,-150,MM1 ?T
34.6104,terug,-150,MM0 T=35:35
34.6104,terug,-150,MM1 T=36:34
34.6104,terug,-150,"#36,YAW,-1.56,GYRO,-6,40,-39,ACC,-3,35,279,ADC,1268,500,6,1,"
34.6104,terug,-150,MM0 ?V
34.6105,terug,-150,MM1 ?V
34.6316,terug,-150,MM0 V=120:223:4905
34.6317,terug,-150,MM1 V=120:222:4899
34.6317,terug,-150,"#37,YAW,-1.56,GYRO,-10,-8,-13,ACC,-8,16,237,ADC,1280,392,6,2,"
34.6317,terug,-150,MM0 ?CR
34.6317,terug,-150,MM1 ?CR
34.6317,terug,-150,MM0 CR=-32:33
34.6317,terug,-150,MM1 CR=-31:32
34.6658,terug,-150,MM0 !M -150 150
34.6658,terug,-150,MM1 !M -150 150
34.6658,terug,-150,MM0 +
34.6658,terug,-150,MM1 +
34.6658,terug,-150,"#38,YAW,-1.56,GYRO,-76,12,4,ACC,12,8,271,ADC,1310,341,4,1,"
34.6658,terug,-150,MM0 ?A
34.6658,terug,-150,MM1 ?A
34.6658,terug,-150,MM0 A=0:0
34.6658,terug,-150,MM1 A=0:0
34.6866,terug,-150,"#39,YAW,-1.56,GYRO,-25,54,25,ACC,-5,-12,282,ADC,1259,396,5,2,"
34.6867,terug,-150,MM0 ?AI
34.6867,terug,-150,MM1 ?AI
34.6867,terug,-150,MM0 AI=0:0:2399:2433:0:0
34.6867,terug,-150,MM1 AI=0:0:2337:2355:0:0
34.7077,terug,-150,"#40,YAW,-1.56,GYRO,5,73,6,ACC,9,-25,222,ADC,1280,502,6,2,"
34.7077,terug,-150,MM0 ?C
34.7077,terug,-150,MM1 ?C
34.7077,terug,-150,MM0 C=1081:-1162
34.7077,terug,-150,MM1 C=2655:-2762
34.7077,terug,-150,"$GPRMC,094130.6,A,5050.50729,N,00419.37168,E,000.26,300.9,021026,000.4,E*52"
34.7077,terug,-150,"#41,YAW,-1.56,GYRO,53,72,-22,ACC,2,-6,240,ADC,1264,502,5,2,"
34.7335,terug,-150,MM0 ?D
34.7335,terug,-150,MM1 ?D
34.7335,terug,-150,MM0 D=48
34.7335,terug,-150,MM1 D=16
34.7335,terug,-150,"#42,YAW,-1.56,GYRO,20,69,-41,ACC,7,18,263,ADC,1271,384,4,1,"
34.7335,terug,-150,MM0 ?FF
34.7677,terug,-150,MM1 ?FF
34.7677,terug,-150,MM0 FF=0
34.7677,terug,-150,MM1 FF=0
34.7677,terug,-150,MM1 !M -150 150
34.7677,terug,-150,MM0 !M -150 150
34.7677,terug,-150,MM1 +
34.7677,terug,-150,MM0 +
34.7677,terug,-150,"#43,YAW,-1.56,GYRO,-44,27,-27,ACC,11,33,270,ADC,1226,323,4,2,"
34.7678,terug,-150,MM0 ?P
34.7678,terug,-150,MM1 ?P
34.7678,terug,-150,MM0 P=-150:150
34.7678,terug,-150,MM1 P=-150:150
34.7678,terug,-150,"#44,YAW,-1.56,GYRO,-13,-12,-15,ACC,-3,18,230,ADC,1292,414,5,2,"
34.7886,terug,-150,MM0 ?S
34.7886,terug,-150,MM1 ?S
34.7886,terug,-150,MM1 S=-150:150
34.7886,terug,-150,MM0 S=-150:75
34.7886,terug,-150,"#45,YAW,-1.56,GYRO,-81,49,-7,ACC,4,7,251,ADC,1261,497,4,2,"
34.7886,terug,-150,MM0 ?T
34.7886,terug,-150,MM1 ?T
34.8096,terug,-150,MM0 T=35:35
34.8096,terug,-150,MM1 T=36:34
34.8096,terug,-150,"#46,YAW,-1.56,GYRO,-33,44,9,ACC,-7,-14,289,ADC,1271,389,5,2,"
34.8096,terug,-150,MM0 ?V
34.8096,terug,-150,MM1 ?V
34.8309,terug,-150,MM0 V=120:223:4905
34.8309,terug,-150,MM1 V=120:222:4900
34.8309,terug,-150,"#47,YAW,-1.56,GYRO,10,62,-8,ACC,6,-22,226,ADC,1230,380,6,3,"
34.8309,terug,-150,MM0 ?CR
34.8309,terug,-150,MM1 ?CR
34.8309,terug,-150,MM0 CR=-33:32
34.8657,terug,-150,MM1 CR=-32:32
34.8657,terug,-150,MM0 !M -150 150
34.8657,terug,-150,MM1 !M -150 150
34.8657,terug,-150,MM0 +
34.8657,terug,-150,MM1 +
34.8657,terug,-150,"#48,YAW,-1.56,GYRO,38,96,-33,ACC,-6,3,228,ADC,1261,282,3,2,"
34.8657,terug,-150,MM0 ?A
34.8657,terug,-150,MM1 ?A
34.8657,terug,-150,MM0 A=0:0
34.8657,terug,-150,MM1 A=0:0
34.8870,terug,-150,"#49,YAW,-1.56,GYRO,78,51,-35,ACC,-5,20,296,ADC,1250,387,5,1,"
34.8870,terug,-150,MM0 ?AI
34.8870,terug,-150,MM1 ?AI
34.8870,terug,-150,MM0 AI=0:0:2427:2490:0:0
34.8870,terug,-150,MM1 AI=0:0:2333:2365:0:0
34.9077,terug,-150,"#50,YAW,-1.56,GYRO,-46,-4,-26,ACC,2,41,281,ADC,1274,390,3,2,"
34.9077,terug,-150,MM0 ?C
34.9077,terug,-150,MM1 ?C
34.9077,terug,-150,MM0 C=1049:-1129
34.9077,terug,-150,MM1 C=2623:-2730
34.9077,terug,-150,"$GPRMC,094130.8,A,5050.50725,N,00419.37173,E,000.25,300.9,021026,000.4,E*59"
34.9077,terug,-150,"#51,YAW,-1.56,GYRO,-4,-38,0,ACC,-4,29,216,ADC,1231,384,4,1,"
34.9290,terug,-150,MM0 ?D
34.9290,terug,-150,MM1 ?D
34.9290,terug,-150,MM0 D=32
34.9290,terug,-150,MM1 D=16
34.9290,terug,-150,"#52,YAW,-1.56,GYRO,-81,44,7,ACC,2,13,248,ADC,1270,415,5,2,"
34.9290,terug,-150,MM0 ?FF
34.9519,terug,-150,MM1 ?FF
34.9519,terug,-150,MM0 FF=0
34.9519,terug,-150,MM1 FF=0
34.9519,terug,-150,"#53,YAW,-1.56,GYRO,-99,43,13,ACC,1,10,271,ADC,1226,381,6,1,"
34.9519,terug,-150,MM0 ?P
34.9519,terug,-150,MM1 ?P
34.9837,terug,-150,MM0 P=-150:150
34.9837,terug,-150,MM1 P=-150:150
34.9837,terug,-150,MM0 !M -150 150
34.9837,terug,-150,MM1 !M -150 150
34.9837,terug,-150,MM1 +
34.9837,terug,-150,MM0 +
34.9837,terug,-150,"#54,YAW,-1.56,GYRO,-15,61,3,ACC,6,-19,262,ADC,1262,386,6,1,"
34.9837,terug,-150,MM0 ?S
34.9837,terug,-150,MM1 ?S
34.9837,terug,-150,MM0 S=-150:75
34.9837,terug,-150,MM1 S=-150:75
35.0047,terug,-150,"#55,YAW,-1.56,GYRO,-4,99,-26,ACC,0,-22,230,ADC,1228,496,6,2,"
35.0047,terug,-150,MM1 ?T
35.0047,terug,-150,MM0 ?T
35.0047,terug,-150,MM1 T=36:34
35.0047,terug,-150,MM0 T=35:35
35.0288,terug,-150,"#56,YAW,-1.56,GYRO,60,63,-34,ACC,4,-4,230,ADC,1289,503,5,2,"
35.0288,terug,-150,MM1 ?V
35.0288,terug,-150,MM0 ?V
35.0288,terug,-150,MM1 V=120:222:4900
35.0288,terug,-150,MM0 V=120:223:4904
35.0466,terug,-150,"#57,YAW,-1.56,GYRO,14,28,-43,ACC,6,17,278,ADC,1194,381,6,1,"
35.0466,terug,-150,MM1 ?CR
35.0466,terug,-150,MM0 ?CR
35.0466,terug,-150,MM1 CR=-32:32
35.0466,terug,-150,MM0 CR=-32:32
35.0676,terug,-150,"#58,YAW,-1.56,GYRO,-30,-3,-12,ACC,-9,30,282,ADC,1265,390,5,2,"
35.0676,terug,-150,MM1 ?A
35.0676,terug,-150,MM0 ?A
35.0676,terug,-150,MM1 A=0:0
35.0676,terug,-150,MM0 A=0:0
35.0676,terug,-150,"#59,YAW,-1.56,GYRO,9,28,5,ACC,3,8,230,ADC,1281,502,5,2,"
35.0888,terug,-150,MM1 ?AI
35.0888,terug,-150,MM0 ?AI
35.0888,terug,-150,MM1 AI=0:0:2355:2246:0:0
35.0889,terug,-150,MM0 AI=0:0:2419:2443:0:0
35.0889,terug,-150,"#60,YAW,-1.56,GYRO,-124,0,15,ACC,11,12,267,ADC,1271,500,5,2,"
35.0889,terug,-150,MM1 ?C
35.1097,terug,-150,MM0 ?C
35.1097,terug,-150,MM1 C=2591:-2698
35.1097,terug,-150,MM0 C=1016:-1097
35.1098,terug,-150,"$GPRMC,094131.0,A,5050.50719,N,00419.37185,E,000.25,300.9,021026,000.4,E*56"
35.1098,terug,-150,"#61,YAW,-1.56,GYRO,1,49,10,ACC,1,-18,296,ADC,1250,395,4,1,"
35.1098,terug,-150,MM1 ?D
35.1098,terug,-150,MM0 ?D
35.1098,terug,-150,MM1 D=16
35.1305,terug,-150,MM0 D=34
35.1305,terug,-150,"#62,YAW,-1.56,GYRO,3,91,-13,ACC,12,-29,233,ADC,1277,495,5,2,"
35.1305,terug,-150,MM1 ?FF
35.1305,terug,-150,MM0 ?FF
35.1305,terug,-150,MM1 FF=0
35.1707,terug,-150,MM0 FF=0
35.1707,terug,-150,MM0 !M -150 150
35.1707,terug,-150,MM1 !M -150 150
35.1707,terug,-150,MM0 +
35.1707,terug,-150,MM1 +
35.1707,terug,-150,MM1 PING
35.1707,terug,-150,MM0 PING
35.1707,terug,-150,"#63,YAW,-1.56,GYRO,54,61,-28,ACC,3,-13,226,ADC,1238,397,4,2,"
35.1707,terug,-150,MM0 ?P
35.1707,terug,-150,MM1 ?P
35.1707,terug,-150,MM0 P=-150:150
35.1707,terug,-150,MM1 P=-150:150
35.1707,terug,-150,MM0 !M -150 150
35.1707,terug,-150,MM1 !M -150 150
35.1708,terug,-150,MM0 +
35.1708,terug,-150,MM1 +
35.1708,terug,-150,"#64,YAW,-1.56,GYRO,26,73,-43,ACC,-3,21,298,ADC,1218,380,5,2,"
35.1708,terug,-150,MM1 ?S
35.1708,terug,-150,MM0 ?S
35.1708,terug,-150,MM0 S=-150:150
35.1917,terug,-150,MM1 S=-75:150
35.1917,terug,-150,"#65,YAW,-1.56,GYRO,-6,25,-19,ACC,4,39,269,ADC,1230,393,6,3,"
35.1917,terug,-150,MM1 ?T
35.1917,terug,-150,MM0 ?T
35.1917,terug,-150,MM1 T=36:34
35.1917,terug,-150,MM0 T=35:35
35.2125,terug,-150,"#66,YAW,-1.56,GYRO,34,75,-6,ACC,1,5,186,ADC,1269,501,3,1,"
35.2125,terug,-150,MM1 ?V
35.2125,terug,-150,MM0 ?V
35.2125,terug,-150,MM1 V=120:222:4900
35.2125,terug,-150,MM0 V=120:223:4906
35.2336,terug,-150,"#67,YAW,-1.56,GYRO,-92,78,6,ACC,9,1,296,ADC,1227,385,6,2,"
35.2336,terug,-150,MM1 ?CR
35.2336,terug,-150,MM0 ?CR
35.2336,terug,-150,MM1 CR=-33:33
35.2336,terug,-150,MM0 CR=-33:33
35.2686,terug,-150,MM1 !M -150 150
35.2686,terug,-150,MM0 !M -150 150
35.2686,terug,-150,MM1 +
35.2686,terug,-150,MM0 +
35.2686,terug,-150,"#68,YAW,-1.56,GYRO,-6,92,7,ACC,3,-10,279,ADC,1248,322,6,2,"
35.2686,terug,-150,MM1 ?A
35.2686,terug,-150,MM0 ?A
35.2686,terug,-150,MM1 A=0:0
35.2686,terug,-150,MM0 A=0:0
35.2686,terug,-150,"#69,YAW,-1.56,GYRO,6,63,-7,ACC,0,-8,224,ADC,1203,381,4,2,"
35.2887,terug,-150,MM1 ?AI
35.2887,terug,-150,MM0 ?AI
35.2887,terug,-150,MM1 AI=0:0:2349:2321:0:0
35.2887,terug,-150,MM0 AI=0:0:2432:2438:0:0
35.2887,terug,-150,"#70,YAW,-1.56,GYRO,52,88,-17,ACC,6,-9,229,ADC,1287,398,4,2,"
35.2887,terug,-150,MM1 ?C
35.3095,terug,-150,MM0 ?C
35.3095,terug,-150,MM1 C=2558:-2665
35.3095,terug,-150,MM0 C=983:-1064
35.3095,terug,-150,"$GPRMC,094131.2,A,5050.50710,N,00419.37193,E,000.25,300.9,021026,000.4,E*5A"
35.3095,terug,-150,"#71,YAW,-1.56,GYRO,56,57,-35,ACC,-10,8,260,ADC,1257,384,6,1,"
35.3095,terug,-150,MM1 ?D
35.3306,terug,-150,MM0 ?D
35.3306,terug,-150,MM1 D=50
35.3306,terug,-150,MM0 D=3
35.3306,terug,-150,"#72,YAW,-1.56,GYRO,15,-25,-44,ACC,0,26,257,ADC,1271,385,8,2,"
35.3306,terug,-150,MM1 ?FF
35.3306,terug,-150,MM0 ?FF
35.3306,terug,-150,MM1 FF=0
35.3647,terug,-150,MM0 FF=0
35.3647,terug,-150,MM0 !M -150 150
35.3647,terug,-150,MM1 !M -150 150
35.3647,terug,-150,MM0 +
35.3647,terug,-150,MM1 +
35.3647,terug,-150,"#73,YAW,-1.56,GYRO,7,-121,-24,ACC,-11,18,202,ADC,1236,381,4,2,"
35.3647,terug,-150,MM1 ?P
35.3647,terug,-150,MM0 ?P
35.3647,terug,-150,MM1 P=-150:150
35.3647,terug,-150,MM0 P=-150:150
35.3858,terug,-150,"#74,YAW,-1.56,GYRO,-95,-166,-9,ACC,-25,16,242,ADC,1260,386,3,1,"
35.3858,terug,-150,MM1 ?S
35.3858,terug,-150,MM0 ?S
35.3859,terug,-150,MM0 S=-150:150
35.3859,terug,-150,MM1 S=-75:150
35.4066,terug,-150,"#75,YAW,-1.56,GYRO,-27,-286,1,ACC,-36,8,255,ADC,1280,500,4,1,"
35.4066,terug,-150,MM1 ?T
35.4066,terug,-150,MM0 ?T
35.4066,terug,-150,MM1 T=36:34
35.4066,terug,-150,MM0 T=35:35
35.4276,terug,-150,"#76,YAW,-1.56,GYRO,-24,-426,-11,ACC,-23,-1,216,ADC,1268,391,9,2,"
35.4277,terug,-150,MM1 ?V
35.4277,terug,-150,MM0 ?V
35.4277,terug,-150,MM1 V=120:222:4901
35.4277,terug,-150,MM0 V=120:222:4904
35.4614,terug,-150,"#77,YAW,-1.55,GYRO,-16,-483,-31,ACC,-19,-2,208,ADC,1282,500,5,2,"
35.4614,terug,-150,MM1 ?CR
35.4614,terug,-150,MM0 ?CR
35.4614,terug,-150,MM1 CR=-33:33
35.4615,terug,-150,MM0 CR=-33:33
35.4615,terug,-150,"#78,YAW,-1.55,GYRO,10,-656,-54,ACC,-18,4,237,ADC,1267,501,4,1,"
35.4615,terug,-150,MM1 ?A
35.4615,terug,-150,MM0 ?A
35.4615,terug,-150,MM1 A=0:0
35.4615,terug,-150,MM0 A=0:0
35.4825,terug,-150,"#79,YAW,-1.55,GYRO,-23,-936,-69,ACC,-10,16,234,ADC,1222,381,5,2,"
35.4825,terug,-150,MM1 ?AI
35.4825,terug,-150,MM0 ?AI
35.4825,terug,-150,MM1 AI=0:0:2336:2339:0:0
35.4825,terug,-150,MM0 AI=0:0:2417:2415:0:0
35.5037,terug,-150,"#80,YAW,-1.55,GYRO,-448,-740,-46,ACC,32,-99,747,ADC,1278,502,4,1,"
35.5037,terug,-150,MM1 ?C
35.5037,terug,-150,MM0 ?C
35.5037,terug,-150,MM1 C=2525:-2632
35.5037,terug,-150,MM0 C=951:-1031
35.5038,terug,-150,"$GPRMC,094131.4,A,5050.50702,N,00419.37198,E,000.25,300.9,021026,000.4,E*54"
35.5248,terug,-150,"#81,YAW,-1.55,GYRO,301,967,-22,ACC,35,-108,77,ADC,1288,388,4,1,"
35.5248,terug,-150,MM1 ?D
35.5248,terug,-150,MM0 ?D
35.5248,terug,-150,MM1 D=17
35.5249,terug,-150,MM0 D=49
35.5746,terug,-150,"#82,YAW,-1.55,GYRO,-38,549,42,ACC,14,-32,19,ADC,1283,392,4,2,"
35.5746,terug,-150,MM1 ?FF
35.5746,terug,-150,MM0 ?FF
35.5746,terug,-150,MM1 FF=0
35.5746,terug,-150,MM0 FF=0
35.5746,terug,-150,MM0 !M -150 150
35.5746,terug,-150,MM1 !M -150 150
35.5746,terug,-150,MM0 +
35.5747,terug,-150,MM1 +
35.5747,terug,-150,MM1 PING
35.5747,terug,-150,MM0 PING
35.5747,terug,-150,"#83,YAW,-1.55,GYRO,80,-564,26,ACC,29,22,120,ADC,1251,385,4,2,"
35.5747,terug,-150,MM1 ?P
35.5747,terug,-150,MM0 ?P
35.5747,terug,-150,MM1 P=-150:150
35.5747,terug,-150,MM0 P=-150:150
35.5747,terug,-150,"#84,YAW,-1.55,GYRO,-258,-543,-9,ACC,65,185,723,ADC,1247,382,6,2,"
35.5747,terug,-150,MM0 ?S
35.5747,terug,-150,MM1 ?S
35.5747,terug,-150,MM0 S=-150:150
35.5747,terug,-150,MM1 S=-150:150
35.5955,terug,-150,"#85,YAW,-1.55,GYRO,302,564,-30,ACC,81,-9,322,ADC,1217,383,5,2,"
35.5955,terug,-150,MM0 ?T
35.5955,terug,-150,MM1 ?T
35.5955,terug,-150,MM0 T=35:35
35.5955,terug,-150,MM1 T=36:34
35.6170,terug,-150,"#86,YAW,-1.55,GYRO,-202,-105,-5,ACC,-17,-13,218,ADC,1281,496,5,2,"
35.6170,terug,-150,MM1 ?V
35.6170,terug,-150,MM0 ?V
35.6170,terug,-150,MM0 V=120:223:4905
35.6170,terug,-150,MM1 V=120:223:4901
35.6376,terug,-150,"#87,YAW,-1.55,GYRO,167,-125,-7,ACC,61,-8,417,ADC,1208,380,6,2,"
35.6376,terug,-150,MM0 ?CR
35.6376,terug,-150,MM1 ?CR
35.6376,terug,-150,MM0 CR=-37:37
35.6376,terug,-150,MM1 CR=-37:38
35.6376,terug,-150,MM0 !M -150 150
35.6376,terug,-150,MM1 !M -150 150
35.6376,terug,-150,MM0 +
35.6376,terug,-150,MM1 +
35.6717,terug,-150,MM1 PING
35.6717,terug,-150,MM0 PING
35.6717,terug,-150,"#88,YAW,-1.55,GYRO,95,288,-19,ACC,33,16,274,ADC,1235,382,6,2,"
35.6717,terug,-150,MM0 ?A
35.6717,terug,-150,MM0 A=0:0
35.6717,terug,-150,MM1 ?A
35.6717,terug,-150,MM1 A=0:0
35.6717,terug,-150,MM0 !M -150 150
35.6717,terug,-150,MM1 !M -150 150
35.6717,terug,-150,MM0 +
35.6717,terug,-150,MM1 +
35.6717,terug,-150,"#89,YAW,-1.55,GYRO,47,-41,-27,ACC,62,23,220,ADC,1218,386,6,2,"
35.6717,terug,-150,MM0 ?AI
35.6717,terug,-150,MM1 ?AI
35.6717,terug,-150,MM0 AI=0:0:2415:2446:0:0
35.6924,terug,-150,MM1 AI=0:0:2345:2344:0:0
35.6925,terug,-150,"#90,YAW,-1.55,GYRO,7,22,-29,ACC,-4,42,257,ADC,1221,386,4,2,"
35.6925,terug,-150,MM0 ?C
35.6925,terug,-150,MM1 ?C
35.6925,terug,-150,MM0 C=912:-993
35.6925,terug,-150,MM1 C=2488:-2593
35.7136,terug,-150,"$GPRMC,094131.6,A,5050.50698,N,00419.37202,E,000.26,300.9,021026,000.4,E*57"
35.7136,terug,-150,"#91,YAW,-1.55,GYRO,-37,22,-8,ACC,47,25,213,ADC,1235,385,6,1,"
35.7136,terug,-150,MM0 ?D
35.7136,terug,-150,MM1 ?D
35.7136,terug,-150,MM1 D=32
35.7136,terug,-150,MM0 D=2
35.7345,terug,-150,"#92,YAW,-1.55,GYRO,-88,5,20,ACC,23,1,293,ADC,1248,501,5,1,"
35.7345,terug,-150,MM0 ?FF
35.7345,terug,-150,MM1 ?FF
35.7345,terug,-150,MM0 FF=0
35.7345,terug,-150,MM1 FF=0
35.7692,terug,-150,MM0 !M -150 150
35.7692,terug,-150,MM1 !M -150 150
35.7692,terug,-150,MM0 +
35.7692,terug,-150,MM1 +
35.7692,terug,-150,"#93,YAW,-1.55,GYRO,-23,94,29,ACC,29,-21,252,ADC,1263,353,7,2,"
35.7692,terug,-150,MM0 ?P
35.7692,terug,-150,MM1 ?P
35.7692,terug,-150,MM0 P=-150:150
35.7692,terug,-150,MM1 P=-150:150
35.7692,terug,-150,"#94,YAW,-1.55,GYRO,14,23,-1,ACC,28,-26,217,ADC,1259,383,7,2,"
35.7692,terug,-150,MM0 ?S
35.7896,terug,-150,MM1 ?S
35.7896,terug,-150,MM0 S=-150:150
35.7896,terug,-150,MM1 S=-75:150
35.7896,terug,-150,"#95,YAW,-1.55,GYRO,29,59,-27,ACC,20,1,241,ADC,1267,501,5,2,"
35.7896,terug,-150,MM0 ?T
35.7896,terug,-150,MM1 ?T
35.8147,terug,-150,MM0 T=35:35
35.8147,terug,-150,MM1 T=36:34
35.8147,terug,-150,"#96,YAW,-1.55,GYRO,12,87,-45,ACC,30,33,298,ADC,1257,399,6,2,"
35.8147,terug,-150,MM0 ?V
35.8147,terug,-150,MM1 ?V
35.8147,terug,-150,MM0 V=120:223:4905
35.8307,terug,-150,MM1 V=120:222:4901
35.8307,terug,-150,"#97,YAW,-1.55,GYRO,-73,-39,-17,ACC,23,47,236,ADC,1223,385,5,2,"
35.8307,terug,-150,MM0 ?CR
35.8308,terug,-150,MM1 ?CR
35.8308,terug,-150,MM0 CR=-35:35
35.8647,terug,-150,MM1 CR=-35:35
35.8647,terug,-150,MM0 !M -150 150
35.8647,terug,-150,MM1 !M -150 150
35.8647,terug,-150,MM0 +
35.8647,terug,-150,MM1 +
35.8647,terug,-150,"#98,YAW,-1.55,GYRO,-47,-18,4,ACC,29,4,235,ADC,1246,357,5,2,"
35.8647,terug,-150,MM0 ?A
35.8647,terug,-150,MM1 ?A
35.8647,terug,-150,MM0 A=0:0
35.8647,terug,-150,MM1 A=0:0
35.8915,terug,-150,"#99,YAW,-1.55,GYRO,-162,28,33,ACC,34,-14,274,ADC,1229,383,5,2,"
35.8915,terug,-150,MM0 ?AI
35.8915,terug,-150,MM1 ?AI
35.8915,terug,-150,MM0 AI=0:0:2421:2451:0:0
35.8915,terug,-150,MM1 AI=0:0:2322:2372:0:0
35.9066,terug,-150,"#100,YAW,-1.55,GYRO,32,9,14,ACC,24,-38,293,ADC,1225,394,3,2,"
35.9066,terug,-150,MM0 ?C
35.9066,terug,-150,MM1 ?C
35.9066,terug,-150,MM0 C=877:-958
35.9067,terug,-150,MM1 C=2453:-2558
35.9067,terug,-150,"$GPRMC,094131.8,A,5050.50695,N,00419.37203,E,000.27,300.9,021026,000.4,E*54"
35.9276,terug,-150,"#101,YAW,-1.55,GYRO,35,85,-30,ACC,14,-26,198,ADC,1249,405,6,1,"
35.9276,terug,-150,MM0 ?D
35.9276,terug,-150,MM1 ?D
35.9276,terug,-150,MM0 D=48
35.9276,terug,-150,MM1 D=19
35.9277,terug,-150,"#102,YAW,-1.55,GYRO,66,53,-53,ACC,27,7,249,ADC,1255,392,5,2,"
35.9765,terug,-150,MM0 ?FF
35.9765,terug,-150,MM1 ?FF
35.9765,terug,-150,MM0 FF=0
35.9765,terug,-150,MM1 FF=0
35.9765,terug,-150,"#103,YAW,-1.55,GYRO,55,95,-53,ACC,19,31,279,ADC,1254,410,5,1,"
35.9765,terug,-150,MM0 ?P
35.9765,terug,-150,MM1 ?P
35.9765,terug,-150,MM0 P=-150:150
35.9765,terug,-150,MM1 P=-150:150
35.9765,terug,-150,"#104,YAW,-1.55,GYRO,-9,24,-18,ACC,23,37,262,ADC,1262,503,5,2,"
35.9765,terug,-150,MM0 ?S
35.9765,terug,-150,MM1 ?S
35.9765,terug,-150,MM0 S=-75:75
35.9765,terug,-150,MM1 S=-150:75
35.9974,terug,-150,"#105,YAW,-1.55,GYRO,-20,-5,18,ACC,33,8,223,ADC,1241,496,7,1,"
35.9975,terug,-150,MM0 ?T
35.9975,terug,-150,MM1 ?T
35.9975,terug,-150,MM0 T=35:35
35.9975,terug,-150,MM1 T=36:34
36.0185,terug,-150,"#106,YAW,-1.55,GYRO,-80,104,42,ACC,26,-5,260,ADC,1221,399,7,2,"
36.0185,terug,-150,MM0 ?V
36.0185,terug,-150,MM1 ?V
36.0185,terug,-150,MM0 V=120:223:4904
36.0185,terug,-150,MM1 V=120:224:4900
36.0396,terug,-150,"#107,YAW,-1.55,GYRO,-56,138,59,ACC,6,-8,246,ADC,1240,389,6,1,"
36.0396,terug,-150,MM0 ?CR
36.0396,terug,-150,MM1 ?CR
36.0396,terug,-150,MM0 CR=-35:34
36.0396,terug,-150,MM1 CR=-34:35
36.0396,terug,-150,MM0 !M -150 150
36.0396,terug,-150,MM1 !M -150 150
36.0396,terug,-150,MM0 +
36.0396,terug,-150,MM1 +
36.0396,terug,-150,MM0 PING
36.0736,terug,-150,MM1 PING
36.0736,terug,-150,"#108,YAW,-1.55,GYRO,2,195,23,ACC,20,-16,219,ADC,1261,389,4,1,"
36.0736,terug,-150,MM0 ?A
36.0736,terug,-150,MM1 ?A
36.0737,terug,-150,MM0 A=0:0
36.0737,terug,-150,MM1 A=0:0
36.0737,terug,-150,"#109,YAW,-1.55,GYRO,-25,241,-26,ACC,-2,0,228,ADC,1212,384,4,2,"
36.0737,terug,-150,MM0 ?AI
36.0737,terug,-150,MM1 ?AI
36.0737,terug,-150,MM0 AI=0:0:2452:2422:0:0
36.0946,terug,-150,MM1 AI=0:0:2352:2339:0:0
36.0946,terug,-150,"#110,YAW,-1.55,GYRO,-22,349,-60,ACC,1,13,226,ADC,1206,381,5,2,"
36.0947,terug,-150,MM0 ?C
36.0947,terug,-150,MM1 ?C
36.0947,terug,-150,MM0 C=843:-925
36.0947,terug,-150,MM1 C=2418:-2524
36.1155,terug,-150,"$GPRMC,094132.0,A,5050.50687,N,00419.37210,E,000.28,300.9,021026,000.4,E*51"
36.1155,terug,-150,"#111,YAW,-1.55,GYRO,-39,431,-69,ACC,25,23,247,ADC,1291,499,5,1,"
36.1155,terug,-150,MM0 ?D
36.1155,terug,-150,MM1 ?D
36.1155,terug,-150,MM0 D=1
36.1155,terug,-150,MM1 D=2
36.1367,terug,-150,"#112,YAW,-1.55,GYRO,-64,569,-51,ACC,11,4,215,ADC,1261,503,6,2,"
36.1367,terug,-150,MM0 ?FF
36.1367,terug,-150,MM1 ?FF
36.1367,terug,-150,MM0 FF=0
36.1368,terug,-150,MM1 FF=0
36.1368,terug,-150,MM0 !M -150 150
36.1707,terug,-150,MM1 !M -150 150
36.1708,terug,-150,MM0 +
36.1708,terug,-150,MM1 +
36.1708,terug,-150,MM0 PING
36.1708,terug,-150,MM1 PING
36.1708,terug,-150,"#113,YAW,-1.55,GYRO,-53,664,-33,ACC,17,-2,220,ADC,1279,308,4,1,"
36.1708,terug,-150,MM0 ?P
36.1708,terug,-150,MM1 ?P
36.1708,terug,-150,MM0 P=-150:150
36.1708,terug,-150,MM1 P=-150:150
36.1708,terug,-150,"#114,YAW,-1.55,GYRO,39,809,-45,ACC,25,-18,197,ADC,1286,397,4,1,"
36.1708,terug,-150,MM0 ?S
36.1708,terug,-150,MM1 ?S
36.1708,terug,-150,MM0 S=-150:150
36.1916,terug,-150,MM1 S=-150:225
36.1916,terug,-150,"#115,YAW,-1.54,GYRO,270,657,-71,ACC,-52,-71,793,ADC,1214,386,5,2,"
36.1916,terug,-150,MM0 ?T
36.1916,terug,-150,MM1 ?T
36.1916,terug,-150,MM0 T=35:35
36.1916,terug,-150,MM1 T=36:34
36.2125,terug,-150,"#116,YAW,-1.54,GYRO,-98,-89,-72,ACC,-4,5,125,ADC,1287,391,5,2,"
36.2125,terug,-150,MM0 ?V
36.2125,terug,-150,MM1 ?V
36.2125,terug,-150,MM0 V=120:223:4905
36.2125,terug,-150,MM1 V=120:222:4901
36.2340,terug,-150,"#117,YAW,-1.54,GYRO,104,-261,-6,ACC,37,6,89,ADC,1269,500,5,2,"
36.2340,terug,-150,MM0 ?CR
36.2340,terug,-150,MM1 ?CR
36.2340,terug,-150,MM0 CR=-39:41
36.2340,terug,-150,MM1 CR=-38:38
36.2679,terug,-150,MM0 !M -150 150
36.2679,terug,-150,MM1 !M -150 150
36.2679,terug,-150,MM0 +
36.2679,terug,-150,MM1 +
36.2679,terug,-150,MM0 PING
36.2679,terug,-150,MM1 PING
36.2679,terug,-150,"#118,YAW,-1.54,GYRO,-59,424,-20,ACC,10,17,132,ADC,1227,373,4,2,"
36.2679,terug,-150,MM0 ?A
36.2679,terug,-150,MM1 ?A
36.2679,terug,-150,MM0 A=0:0
36.2679,terug,-150,MM1 A=0:0
36.2679,terug,-150,"#119,YAW,-1.54,GYRO,-125,188,8,ACC,0,2,589,ADC,1235,501,4,2,"
36.2886,terug,-150,MM0 ?AI
36.2886,terug,-150,MM1 ?AI
36.2886,terug,-150,MM0 AI=0:0:2423:2432:0:0
36.2887,terug,-150,MM1 AI=0:0:2295:2350:0:0
36.2887,terug,-150,"#120,YAW,-1.54,GYRO,45,-61,28,ACC,1,-74,151,ADC,1242,385,4,2,"
36.3096,terug,-150,MM0 ?C
36.3096,terug,-150,MM1 ?C
36.3096,terug,-150,MM0 C=803:-884
36.3096,terug,-150,MM1 C=2380:-2485
36.3096,terug,-150,"$GPRMC,094132.2,A,5050.50684,N,00419.37207,E,000.31,300.9,021026,000.4,E*5E"
36.3096,terug,-150,"#121,YAW,-1.54,GYRO,-65,25,14,ACC,-3,-84,182,ADC,1212,381,6,1,"
36.3096,terug,-150,MM0 ?D
36.3097,terug,-150,MM1 ?D
36.3306,terug,-150,MM0 D=19
36.3306,terug,-150,MM1 D=49
36.3306,terug,-150,"#122,YAW,-1.54,GYRO,113,187,14,ACC,26,-73,270,ADC,1227,393,5,1,"
36.3306,terug,-150,MM0 ?FF
36.3306,terug,-150,MM1 ?FF
36.3306,terug,-150,MM0 FF=0
36.3838,terug,-150,MM1 FF=0
36.3838,terug,-150,MM0 !M -150 150
36.3838,terug,-150,MM1 !M -150 150
36.3838,terug,-150,"#123,YAW,-1.54,GYRO,6,147,-22,ACC,9,-9,372,ADC,1269,387,4,2,"
36.3838,terug,-150,MM0 +
36.3838,terug,-150,MM0 PING
36.3838,terug,-150,MM1 +
36.3838,terug,-150,MM1 PING
36.3838,terug,-150,MM0 ?P
36.3838,terug,-150,MM1 ?P
36.3838,terug,-150,MM0 P=-150:150
36.3838,terug,-150,MM1 P=-150:150
36.3838,terug,-150,"#124,YAW,-1.54,GYRO,-9,-13,-30,ACC,11,42,228,ADC,1237,382,4,1,"
36.3838,terug,-150,MM0 ?S
36.3838,terug,-150,MM1 ?S
36.3838,terug,-150,MM0 S=-75:150
36.3838,terug,-150,MM1 S=-75:150
36.4047,terug,-150,"#125,YAW,-1.54,GYRO,-18,29,-30,ACC,3,33,242,ADC,1248,500,6,2,"
36.4048,terug,-150,MM0 ?T
36.4048,terug,-150,MM1 ?T
36.4048,terug,-150,MM0 T=35:35
36.4048,terug,-150,MM1 T=36:34
36.4256,terug,-150,"#126,YAW,-1.54,GYRO,-98,10,4,ACC,-11,16,292,ADC,1234,500,5,2,"
36.4256,terug,-150,MM0 ?V
36.4257,terug,-150,MM1 ?V
36.4257,terug,-150,MM0 V=120:223:4905
36.4257,terug,-150,MM1 V=120:222:4901
36.4786,terug,-150,"#127,YAW,-1.54,GYRO,9,31,15,ACC,4,-42,258,ADC,1256,399,4,2,"
36.4786,terug,-150,MM0 ?CR
36.4786,terug,-150,MM1 ?CR
36.4786,terug,-150,MM0 CR=-34:34
36.4786,terug,-150,MM1 CR=-34:34
36.4786,terug,-150,MM0 !M -150 150
36.4786,terug,-150,MM1 !M -150 150
36.4786,terug,-150,MM0 +
36.4786,terug,-150,MM1 +
36.4786,terug,-150,MM0 PING
36.4786,terug,-150,MM1 PING
36.4786,terug,-150,"#128,YAW,-1.54,GYRO,-13,118,-2,ACC,6,-28,206,ADC,1251,341,4,2,"
36.4786,terug,-150,MM0 ?A
36.4786,terug,-150,MM1 ?A
36.4786,terug,-150,MM0 A=0:0
36.4786,terug,-150,MM1 A=0:0
36.4786,terug,-150,MM1 !M -150 150
36.4786,terug,-150,MM0 !M -150 150
36.4786,terug,-150,MM1 +
36.4786,terug,-150,MM0 +
36.4786,terug,-150,"#129,YAW,-1.54,GYRO,104,92,-21,ACC,9,-17,263,ADC,1240,386,6,2,"
36.4786,terug,-150,MM0 ?AI
36.4786,terug,-150,MM1 ?AI
36.4786,terug,-150,MM0 AI=0:0:2419:2439:0:0
36.4786,terug,-150,MM1 AI=0:0:2341:2358:0:0
36.4996,terug,-150,"#130,YAW,-1.54,GYRO,-39,114,-36,ACC,8,34,295,ADC,1259,394,7,1,"
36.4996,terug,-150,MM0 ?C
36.4996,terug,-150,MM1 ?C
36.4996,terug,-150,MM0 C=770:-851
36.4997,terug,-150,MM1 C=2348:-2452
36.5203,terug,-150,"$GPRMC,094132.4,A,5050.50685,N,00419.37206,E,000.30,300.9,021026,000.4,E*59"
36.5203,terug,-150,"#131,YAW,-1.54,GYRO,11,45,-28,ACC,3,33,239,ADC,1244,385,5,2,"
36.5203,terug,-150,MM0 ?D
36.5203,terug,-150,MM1 ?D
36.5203,terug,-150,MM0 D=17
36.5203,terug,-150,MM1 D=32
36.5416,terug,-150,"#132,YAW,-1.54,GYRO,-78,-2,-13,ACC,-2,18,233,ADC,1256,500,4,1,"
36.5416,terug,-150,MM0 ?FF
36.5416,terug,-150,MM1 ?FF
36.5416,terug,-150,MM0 FF=0
36.5416,terug,-150,MM1 FF=0
36.5755,terug,-150,"#133,YAW,-1.54,GYRO,-108,42,10,ACC,-8,1,265,ADC,1278,491,5,2,"
36.5755,terug,-150,MM0 ?P
36.5755,terug,-150,MM1 ?P
36.5755,terug,-150,MM0 P=-150:150
36.5755,terug,-150,MM1 P=-150:150
36.5755,terug,-150,"#134,YAW,-1.54,GYRO,-2,-7,-1,ACC,12,-21,293,ADC,1206,380,7,1,"
36.5755,terug,-150,MM0 ?S
36.5755,terug,-150,MM1 ?S
36.5755,terug,-150,MM0 S=-150:150
36.5755,terug,-150,MM1 S=-150:150
36.5969,terug,-150,"#135,YAW,-1.54,GYRO,-27,115,-16,ACC,-9,-30,207,ADC,1265,500,5,1,"
36.5969,terug,-150,MM0 ?T
36.5969,terug,-150,MM1 ?T
36.5969,terug,-150,MM0 T=35:35
36.5969,terug,-150,MM1 T=36:34
36.6175,terug,-150,"#136,YAW,-1.54,GYRO,52,101,-33,ACC,9,-21,244,ADC,1231,391,6,1,"
36.6175,terug,-150,MM0 ?V
36.6175,terug,-150,MM1 ?V
36.6176,terug,-150,MM0 V=120:223:4906
36.6176,terug,-150,MM1 V=120:223:4901
36.6386,terug,-150,"#137,YAW,-1.54,GYRO,49,73,-39,ACC,-6,2,288,ADC,1237,384,4,2,"
36.6386,terug,-150,MM0 ?CR
36.6386,terug,-150,MM1 ?CR
36.6386,terug,-150,MM0 CR=-32:31
36.6386,terug,-150,MM1 CR=-31:32
36.6386,terug,-150,MM0 !M -150 150
36.6726,terug,-150,MM1 !M -150 150
36.6726,terug,-150,MM0 +
36.6726,terug,-150,MM1 +
36.6727,terug,-150,MM0 PING
36.6727,terug,-150,MM1 PING
36.6727,terug,-150,"#138,YAW,-1.54,GYRO,-44,-1,-27,ACC,10,39,269,ADC,1272,290,4,1,"
36.6727,terug,-150,MM0 ?A
36.6727,terug,-150,MM1 ?A
36.6727,terug,-150,MM0 A=0:0
36.6727,terug,-150,MM1 A=0:0
36.6727,terug,-150,MM0 !M -150 150
36.6727,terug,-150,MM0 +
36.6727,terug,-150,MM1 !M -150 150
36.6727,terug,-150,MM1 +
36.6727,terug,-150,"#139,YAW,-1.54,GYRO,29,-4,-3,ACC,-7,12,195,ADC,1280,389,6,2,"
36.6727,terug,-150,MM0 ?AI
36.6727,terug,-150,MM1 ?AI
36.6727,terug,-150,MM0 AI=0:0:2425:2435:0:0
36.6938,terug,-150,MM1 AI=0:0:2330:2329:0:0
36.6938,terug,-150,"#140,YAW,-1.54,GYRO,-119,52,15,ACC,8,6,244,ADC,1264,500,5,2,"
36.6938,terug,-150,MM1 ?C
36.6938,terug,-150,MM0 ?C
36.6939,terug,-150,MM0 C=739:-819
36.6940,terug,-150,MM1 C=2317:-2421
36.7144,terug,-150,"$GPRMC,094132.6,A,5050.50686,N,00419.37205,E,000.29,300.9,021026,000.4,E*53"
36.7144,terug,-150,"#141,YAW,-1.54,GYRO,-77,17,26,ACC,1,-7,290,ADC,1235,389,5,1,"
36.7144,terug,-150,MM0 ?D
36.7144,terug,-150,MM1 ?D
36.7144,terug,-150,MM0 D=17
36.7144,terug,-150,MM1 D=49
36.7354,terug,-150,"#142,YAW,-1.54,GYRO,-44,38,11,ACC,-5,-17,249,ADC,1230,382,6,2,"
36.7354,terug,-150,MM0 ?FF
36.7354,terug,-150,MM1 ?FF
36.7354,terug,-150,MM0 FF=0
36.7354,terug,-150,MM1 FF=0
36.7697,terug,-150,MM0 !M -150 150
36.7697,terug,-150,MM1 !M -150 150
36.7698,terug,-150,"#143,YAW,-1.54,GYRO,22,87,-27,ACC,-15,-15,232,ADC,1274,382,7,2,"
36.7698,terug,-150,MM0 +
36.7698,terug,-150,MM1 +
36.7698,terug,-150,MM0 ?P
36.7698,terug,-150,MM1 ?P
36.7698,terug,-150,MM0 P=-150:150
36.7698,terug,-150,MM1 P=-150:150
36.7698,terug,-150,"#144,YAW,-1.54,GYRO,64,57,-50,ACC,-2,-10,244,ADC,1227,382,6,2,"
36.7698,terug,-150,MM0 ?S
36.7698,terug,-150,MM1 ?S
36.7906,terug,-150,MM0 S=-75:75
36.7907,terug,-150,MM1 S=-75:75
36.7907,terug,-150,"#145,YAW,-1.54,GYRO,24,51,-52,ACC,-10,21,288,ADC,1204,386,5,2,"
36.7907,terug,-150,MM0 ?T
36.7907,terug,-150,MM1 ?T
36.7907,terug,-150,MM0 T=35:35
36.8116,terug,-150,MM1 T=36:34
36.8116,terug,-150,"#146,YAW,-1.54,GYRO,19,21,-26,ACC,-7,33,258,ADC,1265,502,6,2,"
36.8116,terug,-150,MM0 ?V
36.8116,terug,-150,MM1 ?V
36.8116,terug,-150,MM0 V=120:223:4905
36.8323,terug,-150,MM1 V=120:222:4901
36.8323,terug,-150,"#147,YAW,-1.54,GYRO,-43,4,10,ACC,-4,27,230,ADC,1281,503,4,1,"
36.8323,terug,-150,MM0 ?CR
36.8323,terug,-150,MM1 ?CR
36.8324,terug,-150,MM0 CR=-32:32
36.8324,terug,-150,MM1 CR=-32:31
36.8795,terug,-150,"#148,YAW,-1.54,GYRO,-96,2,45,ACC,-2,14,263,ADC,1252,384,6,2,"
36.8795,terug,-150,MM0 ?A
36.8795,terug,-150,MM1 ?A
36.8795,terug,-150,MM0 A=0:0
36.8795,terug,-150,MM1 A=0:0
36.8795,terug,-150,"#149,YAW,-1.54,GYRO,-22,15,30,ACC,-3,-16,292,ADC,1247,498,6,2,"
36.8795,terug,-150,MM0 ?AI
36.8795,terug,-150,MM1 ?AI
36.8795,terug,-150,MM0 AI=0:0:2449:2428:0:0
36.8795,terug,-150,MM1 AI=0:0:2346:2213:0:0
36.9026,terug,-150,"#150,YAW,-1.54,GYRO,-16,79,-8,ACC,7,-38,225,ADC,1240,383,4,3,"
36.9026,terug,-150,MM0 ?C
36.9026,terug,-150,MM1 ?C
36.9027,terug,-150,MM0 C=706:-788
36.9027,terug,-150,MM1 C=2284:-2389
36.9027,terug,-150,"$GPRMC,094132.8,A,5050.50687,N,00419.37203,E,000.29,300.9,021026,000.4,E*5A"
36.9217,terug,-150,"#151,YAW,-1.54,GYRO,68,88,-42,ACC,13,-19,234,ADC,1236,385,6,1,"
36.9217,terug,-150,MM0 ?D
36.9217,terug,-150,MM1 ?D
36.9217,terug,-150,MM0 D=17
36.9217,terug,-150,MM1 D=49
36.9426,terug,-150,"#152,YAW,-1.54,GYRO,39,62,-62,ACC,-2,21,303,ADC,1225,386,5,2,"
36.9426,terug,-150,MM0 ?FF
36.9426,terug,-150,MM1 ?FF
36.9426,terug,-150,MM0 FF=0
36.9426,terug,-150,MM1 FF=0
36.9426,terug,-150,MM0 !M -150 150
36.9426,terug,-150,MM1 !M -150 150
36.9426,terug,-150,MM0 +
36.9426,terug,-150,MM1 +
36.9765,terug,-150,MM0 PING
36.9765,terug,-150,MM1 PING
36.9765,terug,-150,"#153,YAW,-1.54,GYRO,15,35,-41,ACC,2,46,258,ADC,1255,316,7,2,"
36.9765,terug,-150,MM0 ?P
36.9765,terug,-150,MM1 ?P
36.9766,terug,-150,MM0 P=-150:150
36.9766,terug,-150,MM1 P=-150:150
36.9766,terug,-150,"#154,YAW,-1.54,GYRO,14,58,1,ACC,7,24,208,ADC,1261,388,5,2,"
36.9766,terug,-150,MM0 ?S
36.9766,terug,-150,MM1 ?S
36.9766,terug,-150,MM0 S=-150:150
36.9766,terug,-150,MM1 S=-150:150
36.9989,terug,-150,"#155,YAW,-1.54,GYRO,-82,82,33,ACC,4,2,297,ADC,1221,381,3,2,"
36.9989,terug,-150,MM0 ?T
36.9989,terug,-150,MM1 ?T
36.9989,terug,-150,MM0 T=35:35
36.9989,terug,-150,MM1 T=36:34
37.0183,terug,-150,"#156,YAW,-1.54,GYRO,-14,110,29,ACC,6,-19,274,ADC,1236,392,7,2,"
37.0184,terug,-150,MM0 ?V
37.0184,terug,-150,MM1 ?V
37.0184,terug,-150,MM0 V=120:223:4905
37.0184,terug,-150,MM1 V=120:223:4900
37.0396,terug,-150,"#157,YAW,-1.54,GYRO,-29,76,4,ACC,-1,-12,218,ADC,1282,501,3,1,"
37.0396,terug,-150,MM0 ?CR
37.0396,terug,-150,MM1 ?CR
37.0396,terug,-150,MM0 CR=-33:33
37.0396,terug,-150,MM1 CR=-33:33
37.0737,terug,-150,MM0 !M -150 150
37.0738,terug,-150,MM1 !M -150 150
37.0738,terug,-150,MM0 +
37.0738,terug,-150,MM1 +
37.0738,terug,-150,MM1 PING
37.0738,terug,-150,MM0 PING
37.0738,terug,-150,"#158,YAW,-1.54,GYRO,80,95,-29,ACC,-7,-17,239,ADC,1219,313,5,1,"
37.0738,terug,-150,MM0 ?A
37.0738,terug,-150,MM1 ?A
37.0738,terug,-150,MM0 A=-4:0
37.0738,terug,-150,MM1 A=0:0
37.0738,terug,-150,"#159,YAW,-1.54,GYRO,60,84,-62,ACC,-8,3,288,ADC,1252,407,5,2,"
37.0739,terug,-150,MM0 ?AI
37.0739,terug,-150,MM1 ?AI
37.0739,terug,-150,MM0 AI=0:0:2431:2443:0:0
37.0739,terug,-150,MM1 AI=0:0:2327:2304:0:0
37.0943,terug,-150,"#160,YAW,-1.54,GYRO,28,46,-59,ACC,4,28,252,ADC,1297,394,6,1,"
37.0943,terug,-150,MM0 ?C
37.0943,terug,-150,MM1 ?C
37.0943,terug,-150,MM0 C=673:-755
37.0944,terug,-150,MM1 C=2252:-2356
37.1154,terug,-150,"$GPRMC,094133.0,A,5050.50687,N,00419.37201,E,000.28,300.9,021026,000.4,E*50"
37.1154,terug,-150,"#161,YAW,-1.54,GYRO,-8,20,-9,ACC,-9,19,214,ADC,1259,322,5,2,"
37.1154,terug,-150,MM0 ?D
37.1154,terug,-150,MM1 ?D
37.1154,terug,-150,MM0 D=48
37.1154,terug,-150,MM1 D=33
37.1366,terug,-150,"#162,YAW,-1.54,GYRO,-91,25,21,ACC,-9,9,270,ADC,1274,399,4,2,"
37.1366,terug,-150,MM1 ?FF
37.1366,terug,-150,MM0 ?FF
37.1366,terug,-150,MM1 FF=0
37.1366,terug,-150,MM0 FF=0
37.1706,terug,-150,MM0 !M -150 150
37.1707,terug,-150,MM1 !M -150 150
37.1707,terug,-150,MM0 +
37.1707,terug,-150,MM1 +
37.1707,terug,-150,MM1 PING
37.1708,terug,-150,MM0 PING
37.1708,terug,-150,"#163,YAW,-1.54,GYRO,-53,-47,41,ACC,1,1,313,ADC,1244,336,7,2,"
37.1708,terug,-150,MM0 !M -150 150
37.1708,terug,-150,MM0 +
37.1708,terug,-150,MM1 !M -150 150
37.1708,terug,-150,MM1 +
37.1708,terug,-150,MM1 ?P
37.1708,terug,-150,MM0 ?P
37.1708,terug,-150,MM0 P=-150:150
37.1708,terug,-150,MM1 P=-150:150
37.1708,terug,-150,"#164,YAW,-1.54,GYRO,-35,11,21,ACC,1,-14,202,ADC,1226,382,5,1,"
37.1708,terug,-150,MM0 ?S
37.1708,terug,-150,MM1 ?S
37.1708,terug,-150,MM0 S=-150:150
37.1916,terug,-150,MM1 S=-150:150
37.1917,terug,-150,"#165,YAW,-1.54,GYRO,4,45,-16,ACC,-1,-11,241,ADC,1225,384,5,2,"
37.1917,terug,-150,MM0 ?T
37.1917,terug,-150,MM1 ?T
37.1917,terug,-150,MM0 T=35:35
37.1917,terug,-150,MM1 T=36:34
37.2125,terug,-150,"#166,YAW,-1.54,GYRO,57,53,-46,ACC,7,-12,270,ADC,1275,411,4,2,"
37.2125,terug,-150,MM0 ?V
37.2125,terug,-150,MM1 ?V
37.2125,terug,-150,MM0 V=120:222:4905
37.2126,terug,-150,MM1 V=120:222:4901
37.2334,terug,-150,"#167,YAW,-1.54,GYRO,-44,-19,-40,ACC,15,29,294,ADC,1228,392,3,2,"
37.2334,terug,-150,MM1 ?CR
37.2334,terug,-150,MM0 ?CR
37.2334,terug,-150,MM1 CR=-32:32
37.2334,terug,-150,MM0 CR=-33:32
37.2825,terug,-150,"#168,YAW,-1.54,GYRO,5,9,-8,ACC,-3,26,224,ADC,1273,502,5,1,"
37.2825,terug,-150,MM0 ?A
37.2825,terug,-150,MM1 ?A
37.2825,terug,-150,MM0 A=0:0
37.2825,terug,-150,MM1 A=0:0
37.2825,terug,-150,MM1 !M -150 150
37.2826,terug,-150,MM0 !M -150 150
37.2826,terug,-150,MM1 +
37.2826,terug,-150,MM0 +
37.2826,terug,-150,"#169,YAW,-1.54,GYRO,-132,-25,29,ACC,7,18,241,ADC,1265,502,5,2,"
37.2826,terug,-150,MM1 ?AI
37.2826,terug,-150,MM0 ?AI
37.2826,terug,-150,MM1 AI=0:0:2349:2378:0:0
37.2826,terug,-150,MM0 AI=0:0:2425:2433:0:0
37.3088,terug,-150,"#170,YAW,-1.54,GYRO,-11,-35,39,ACC,2,-20,301,ADC,1224,382,7,1,"
37.3088,terug,-150,MM1 ?C
37.3088,terug,-150,MM0 ?C
37.3088,terug,-150,MM0 C=640:-722
37.3089,terug,-150,MM1 C=2220:-2324
37.3089,terug,-150,"$GPRMC,094133.2,A,5050.50688,N,00419.37199,E,000.25,300.9,021026,000.4,E*52"
37.3245,terug,-150,"#171,YAW,-1.54,GYRO,-55,53,7,ACC,6,-23,232,ADC,1249,342,3,2,"
37.3245,terug,-150,MM1 ?D
37.3245,terug,-150,MM0 ?D
37.3245,terug,-150,MM1 D=32
37.3245,terug,-150,MM0 D=50
37.3457,terug,-150,"#172,YAW,-1.54,GYRO,44,80,-27,ACC,7,-20,229,ADC,1246,396,4,2,"
37.3457,terug,-150,MM0 ?FF
37.3457,terug,-150,MM1 ?FF
37.3457,terug,-150,MM0 FF=0
37.3457,terug,-150,MM1 FF=0
37.3795,terug,-150,"#173,YAW,-1.54,GYRO,30,36,-43,ACC,-5,8,299,ADC,1228,386,7,2,"
37.3796,terug,-150,MM1 ?P
37.3796,terug,-150,MM0 ?P
37.3796,terug,-150,MM1 P=-150:150
37.3796,terug,-150,MM0 P=-150:150
37.3796,terug,-150,"#174,YAW,-1.54,GYRO,-11,0,-27,ACC,9,37,256,ADC,1279,497,6,2,"
37.3796,terug,-150,MM1 ?S
37.3796,terug,-150,MM0 ?S
37.3796,terug,-150,MM0 S=-150:150
37.3796,terug,-150,MM1 S=-75:150
37.4005,terug,-150,"#175,YAW,-1.54,GYRO,-6,43,9,ACC,2,16,214,ADC,1261,500,6,2,"
37.4005,terug,-150,MM1 ?T
37.4005,terug,-150,MM0 ?T
37.4005,terug,-150,MM1 T=36:34
37.4005,terug,-150,MM0 T=35:35
37.4214,terug,-150,"#176,YAW,-1.54,GYRO,-106,-24,41,ACC,1,5,260,ADC,1213,381,7,1,"
37.4214,terug,-150,MM1 ?V
37.4214,terug,-150,MM0 ?V
37.4214,terug,-150,MM1 V=120:222:4900
37.4214,terug,-150,MM0 V=120:223:4905
37.4425,terug,-150,"#177,YAW,-1.54,GYRO,-29,16,48,ACC,23,-26,316,ADC,1274,393,5,2,"
37.4425,terug,-150,MM0 ?CR
37.4425,terug,-150,MM1 ?CR
37.4425,terug,-150,MM0 CR=-33:32
37.4425,terug,-150,MM1 CR=-32:32
37.4425,terug,-150,MM1 !M -150 150
37.4765,terug,-150,MM0 !M -150 150
37.4765,terug,-150,MM1 +
37.4765,terug,-150,MM0 +
37.4765,terug,-150,"#178,YAW,-1.54,GYRO,-51,75,-2,ACC,2,-17,218,ADC,1278,344,5,2,"
37.4765,terug,-150,MM0 PING
37.4765,terug,-150,MM1 PING
37.4765,terug,-150,MM1 ?A
37.4765,terug,-150,MM0 ?A
37.4765,terug,-150,MM1 A=0:5
37.4765,terug,-150,MM0 A=0:0
37.4765,terug,-150,"#179,YAW,-1.54,GYRO,69,72,-52,ACC,11,-22,240,ADC,1259,384,4,2,"
37.4765,terug,-150,MM0 ?AI
37.4765,terug,-150,MM1 ?AI
37.4765,terug,-150,MM0 AI=0:0:2417:2443:0:0
37.4765,terug,-150,MM1 AI=0:0:2380:2342:0:0
37.4976,terug,-150,"#180,YAW,-1.54,GYRO,59,53,-78,ACC,-8,-7,264,ADC,1263,499,5,2,"
37.4976,terug,-150,MM1 ?C
37.4976,terug,-150,MM0 ?C
37.4977,terug,-150,MM0 C=608:-690
37.4977,terug,-150,MM1 C=2188:-2292
37.5184,terug,-150,"$GPRMC,094133.4,A,5050.50689,N,00419.37198,E,000.23,300.9,021026,000.4,E*52"
37.5184,terug,-150,"#181,YAW,-1.53,GYRO,44,79,-70,ACC,-8,21,254,ADC,1235,315,7,2,"
37.5184,terug,-150,MM1 ?D
37.5184,terug,-150,MM0 ?D
37.5184,terug,-150,MM1 D=33
37.5184,terug,-150,MM0 D=50
37.5384,terug,-150,"#182,YAW,-1.53,GYRO,-17,35,-17,ACC,-10,33,238,ADC,1242,390,5,1,"
37.5385,terug,-150,MM1 ?FF
37.5385,terug,-150,MM0 ?FF
37.5385,terug,-150,MM1 FF=0
37.5385,terug,-150,MM0 FF=0
37.5726,terug,-150,"#183,YAW,-1.53,GYRO,-20,34,22,ACC,0,9,235,ADC,1230,377,5,2,"
37.5726,terug,-150,MM0 !M -150 150
37.5726,terug,-150,MM0 +
37.5726,terug,-150,MM0 PING
37.5726,terug,-150,MM1 !M -150 150
37.5726,terug,-150,MM1 +
37.5726,terug,-150,MM1 PING
37.5726,terug,-150,MM0 ?P
37.5726,terug,-150,MM1 ?P
37.5726,terug,-150,MM0 P=-150:150
37.5726,terug,-150,MM1 P=-150:150
37.5726,terug,-150,MM0 !M -150 150
37.5726,terug,-150,MM1 !M -150 150
37.5726,terug,-150,MM0 +
37.5726,terug,-150,MM1 +
37.5726,terug,-150,"#184,YAW,-1.54,GYRO,-110,11,48,ACC,1,-1,264,ADC,1289,320,6,1,"
37.5727,terug,-150,MM0 ?S
37.5727,terug,-150,MM1 ?S
37.5727,terug,-150,MM0 S=-75:75
37.5727,terug,-150,MM1 S=-150:150
37.5936,terug,-150,"#185,YAW,-1.54,GYRO,-16,76,41,ACC,3,-20,281,ADC,1244,385,7,2,"
37.5936,terug,-150,MM0 ?T
37.5936,terug,-150,MM1 ?T
37.5936,terug,-150,MM0 T=35:35
37.5936,terug,-150,MM1 T=36:34
37.6150,terug,-150,"#186,YAW,-1.54,GYRO,-43,80,0,ACC,-1,-17,218,ADC,1240,391,4,2,"
37.6150,terug,-150,MM0 ?V
37.6150,terug,-150,MM1 ?V
37.6150,terug,-150,MM0 V=120:224:4905
37.6150,terug,-150,MM1 V=120:223:4901
37.6354,terug,-150,"#187,YAW,-1.54,GYRO,56,34,-43,ACC,5,-12,252,ADC,1270,502,4,1,"
37.6354,terug,-150,MM0 ?CR
37.6354,terug,-150,MM1 ?CR
37.6354,terug,-150,MM0 CR=-31:32
37.6354,terug,-150,MM1 CR=-32:32
37.6842,terug,-150,"#188,YAW,-1.53,GYRO,37,101,-77,ACC,-6,11,289,ADC,1226,379,6,1,"
37.6842,terug,-150,MM0 ?A
37.6842,terug,-150,MM1 ?A
37.6842,terug,-150,MM0 A=0:0
37.6842,terug,-150,MM1 A=0:0
37.6842,terug,-150,MM0 !M -150 150
37.6842,terug,-150,MM1 !M -150 150
37.6842,terug,-150,MM1 +
37.6842,terug,-150,MM0 +
37.6842,terug,-150,"#189,YAW,-1.53,GYRO,-5,-10,-46,ACC,10,28,257,ADC,1282,387,7,2,"
37.6842,terug,-150,MM0 ?AI
37.6842,terug,-150,MM1 ?AI
37.6842,terug,-150,MM0 AI=0:0:2426:2441:0:0
37.6842,terug,-150,MM1 AI=0:0:2330:2325:0:0
37.7046,terug,-150,"#190,YAW,-1.53,GYRO,-28,0,0,ACC,11,26,209,ADC,1300,501,5,2,"
37.7047,terug,-150,MM0 ?C
37.7047,terug,-150,MM1 ?C
37.7047,terug,-150,MM0 C=576:-658
37.7047,terug,-150,MM1 C=2156:-2260
37.7047,terug,-150,"$GPRMC,094133.6,A,5050.50689,N,00419.37197,E,000.21,300.9,021026,000.4,E*5D"
37.7257,terug,-150,"#191,YAW,-1.53,GYRO,-120,18,35,ACC,4,9,282,ADC,1259,494,6,2,"
37.7257,terug,-150,MM1 ?D
37.7257,terug,-150,MM0 ?D
37.7257,terug,-150,MM1 D=32
37.7257,terug,-150,MM0 D=58
37.7465,terug,-150,"#192,YAW,-1.54,GYRO,-44,-14,48,ACC,1,-26,304,ADC,1273,496,5,3,"
37.7465,terug,-150,MM1 ?FF
37.7465,terug,-150,MM0 ?FF
37.7465,terug,-150,MM1 FF=0
37.7465,terug,-150,MM0 FF=0
37.7804,terug,-150,"#193,YAW,-1.54,GYRO,-32,7,0,ACC,5,-29,217,ADC,1268,499,5,2,"
37.7804,terug,-150,MM1 ?P
37.7804,terug,-150,MM0 ?P
37.7804,terug,-150,MM1 P=-150:150
37.7804,terug,-150,MM0 P=-150:150
37.7804,terug,-150,"#194,YAW,-1.53,GYRO,68,108,-51,ACC,7,-14,216,ADC,1244,496,3,1,"
37.7804,terug,-150,MM1 ?S
37.7804,terug,-150,MM0 ?S
37.7804,terug,-150,MM1 S=-150:75
37.7804,terug,-150,MM0 S=-75:150
37.8014,terug,-150,"#195,YAW,-1.53,GYRO,80,73,-75,ACC,0,1,283,ADC,1257,386,6,1,"
37.8014,terug,-150,MM1 ?T
37.8014,terug,-150,MM0 ?T
37.8014,terug,-150,MM1 T=36:34
37.8015,terug,-150,MM0 T=35:35
37.8237,terug,-150,"#196,YAW,-1.53,GYRO,35,36,-57,ACC,-2,29,288,ADC,1252,391,6,2,"
37.8237,terug,-150,MM1 ?V
37.8237,terug,-150,MM0 ?V
37.8237,terug,-150,MM1 V=120:221:4900
37.8238,terug,-150,MM0 V=120:223:4906
37.8436,terug,-150,"#197,YAW,-1.53,GYRO,2,13,0,ACC,-3,27,205,ADC,1251,383,4,2,"
37.8436,terug,-150,MM1 ?CR
37.8436,terug,-150,MM0 ?CR
37.8436,terug,-150,MM1 CR=-32:32
37.8436,terug,-150,MM0 CR=-33:33
37.8775,terug,-150,"#198,YAW,-1.53,GYRO,-60,50,43,ACC,-4,6,296,ADC,1258,386,6,2,"
37.8775,terug,-150,MM0 ?A
37.8776,terug,-150,MM0 A=0:0
37.8776,terug,-150,MM1 ?A
37.8776,terug,-150,MM1 A=0:0
37.8776,terug,-150,MM1 !M -150 150
37.8776,terug,-150,MM0 !M -150 150
37.8776,terug,-150,MM1 +
37.8776,terug,-150,MM0 +
37.8776,terug,-150,MM0 PING
37.8776,terug,-150,MM1 PING
37.8776,terug,-150,MM1 !M -150 150
37.8776,terug,-150,MM0 !M -150 150
37.8776,terug,-150,MM1 +
37.8776,terug,-150,MM0 +
37.8776,terug,-150,"#199,YAW,-1.53,GYRO,-43,39,57,ACC,5,-17,274,ADC,1237,284,4,1,"
37.8776,terug,-150,MM1 ?AI
37.8776,terug,-150,MM0 ?AI
37.8776,terug,-150,MM1 AI=0:0:2349:2356:0:0
37.8776,terug,-150,MM0 AI=0:0:2369:2404:0:0
37.8988,terug,-150,"#200,YAW,-1.54,GYRO,-13,44,27,ACC,6,-22,228,ADC,1240,379,6,2,"
37.8988,terug,-150,MM1 ?C
37.8989,terug,-150,MM0 ?C
37.8989,terug,-150,MM0 C=543:-626
37.8989,terug,-150,MM1 C=2123:-2228
37.9194,terug,-150,"$GPRMC,094133.8,A,5050.50690,N,00419.37196,E,000.20,300.9,021026,000.4,E*5B"
37.9194,terug,-150,"#201,YAW,-1.53,GYRO,54,112,-26,ACC,14,-8,235,ADC,1266,502,7,2,"
37.9194,terug,-150,MM1 ?D
37.9194,terug,-150,MM0 ?D
37.9194,terug,-150,MM1 D=34
37.9194,terug,-150,MM0 D=33
37.9399,terug,-150,"#202,YAW,-1.53,GYRO,52,82,-61,ACC,5,4,279,ADC,1246,385,6,1,"
37.9400,terug,-150,MM0 ?FF
37.9400,terug,-150,MM1 ?FF
37.9400,terug,-150,MM1 FF=0
37.9400,terug,-150,MM0 FF=0
37.9739,terug,-150,"#203,YAW,-1.53,GYRO,10,39,-54,ACC,0,25,283,ADC,1280,390,4,2,"
37.9739,terug,-150,MM1 ?P
37.9740,terug,-150,MM0 ?P
37.9740,terug,-150,MM0 P=-150:150
37.9740,terug,-150,MM1 P=-150:150
37.9740,terug,-150,"#204,YAW,-1.53,GYRO,-17,3,-15,ACC,3,22,214,ADC,1281,396,7,2,"
37.9740,terug,-150,MM0 ?S
37.9740,terug,-150,MM1 ?S
37.9740,terug,-150,MM0 S=-150:150
37.9740,terug,-150,MM1 S=-150:150
37.9944,terug,-150,"#205,YAW,-1.53,GYRO,-93,70,22,ACC,8,7,284,ADC,1219,382,4,2,"
37.9945,terug,-150,MM0 ?T
37.9945,terug,-150,MM1 ?T
37.9945,terug,-150,MM0 T=35:35
37.9945,terug,-150,MM1 T=36:34
38.0153,terug,-150,"#206,YAW,-1.53,GYRO,-36,79,43,ACC,-5,-18,284,ADC,1272,497,5,1,"
38.0153,terug,-150,MM0 ?V
38.0153,terug,-150,MM1 ?V
38.0153,terug,-150,MM0 V=120:223:4905
38.0153,terug,-150,MM1 V=120:222:4899
38.0364,terug,-150,"#207,YAW,-1.53,GYRO,-9,47,19,ACC,11,-24,221,ADC,1267,398,6,1,"
38.0364,terug,-150,MM0 ?CR
38.0364,terug,-150,MM1 ?CR
38.0364,terug,-150,MM0 CR=-34:32
38.0364,terug,-150,MM1 CR=-34:33
38.0867,terug,-150,"#208,YAW,-1.53,GYRO,40,120,-27,ACC,15,-13,244,ADC,1311,501,5,2,"
38.0867,terug,-150,MM0 ?A
38.0867,terug,-150,MM1 ?A
38.0867,terug,-150,MM0 A=0:0
38.0867,terug,-150,MM1 A=0:0
38.0867,terug,-150,MM0 !M -150 150
38.0867,terug,-150,MM1 !M -150 150
38.0867,terug,-150,MM0 +
38.0867,terug,-150,MM1 +
38.0867,terug,-150,MM1 PING
38.0867,terug,-150,MM0 PING
38.0867,terug,-150,"#209,YAW,-1.53,GYRO,51,49,-54,ACC,3,13,292,ADC,1260,391,7,2,"
38.0867,terug,-150,MM0 ?AI
38.0867,terug,-150,MM1 ?AI
38.0867,terug,-150,MM0 AI=0:0:2412:2484:0:0
38.0867,terug,-150,MM1 AI=0:0:2324:2334:0:0
38.1076,terug,-150,"#210,YAW,-1.53,GYRO,38,-32,-45,ACC,3,19,236,ADC,1247,390,5,2,"
38.1076,terug,-150,MM0 ?C
38.1076,terug,-150,MM1 ?C
38.1076,terug,-150,MM0 C=510:-593
38.1076,terug,-150,MM1 C=2090:-2195
38.1079,terug,-150,"$GPRMC,094134.0,A,5050.50690,N,00419.37194,E,000.21,300.9,021026,000.4,E*57"
38.1079,terug,-150,"#211,YAW,-1.53,GYRO,-15,29,-8,ACC,8,25,209,ADC,1249,387,5,2,"
38.1307,terug,-150,MM0 ?D
38.1307,terug,-150,MM1 ?D
38.1307,terug,-150,MM0 D=33
38.1307,terug,-150,MM1 D=2
38.1307,terug,-150,"#212,YAW,-1.53,GYRO,-66,90,17,ACC,0,23,289,ADC,1270,386,6,2,"
38.1307,terug,-150,MM0 ?FF
38.1495,terug,-150,MM1 ?FF
38.1496,terug,-150,MM0 FF=0
38.1496,terug,-150,MM1 FF=0
38.1496,terug,-150,"#213,YAW,-1.53,GYRO,-74,78,49,ACC,-2,0,272,ADC,1227,382,4,3,"
38.1496,terug,-150,MM0 ?P
38.1496,terug,-150,MM1 ?P
38.1837,terug,-150,MM0 P=-150:150
38.1838,terug,-150,MM1 P=-150:150
38.1838,terug,-150,MM0 !M -150 150
38.1838,terug,-150,MM1 !M -150 150
38.1838,terug,-150,MM0 +
38.1838,terug,-150,MM1 +
38.1838,terug,-150,MM0 PING
38.1838,terug,-150,MM1 PING
38.1838,terug,-150,"#214,YAW,-1.53,GYRO,-51,42,17,ACC,1,-22,229,ADC,1266,382,7,2,"
38.1838,terug,-150,MM0 ?S
38.1838,terug,-150,MM1 ?S
38.1838,terug,-150,MM0 S=-150:150
38.1838,terug,-150,MM1 S=-150:75
38.2045,terug,-150,"#215,YAW,-1.53,GYRO,10,86,-34,ACC,8,-21,254,ADC,1249,389,6,2,"
38.2045,terug,-150,MM0 ?T
38.2045,terug,-150,MM1 ?T
38.2045,terug,-150,MM0 T=35:35
38.2045,terug,-150,MM1 T=36:34
38.2258,terug,-150,"#216,YAW,-1.53,GYRO,47,102,-68,ACC,-8,-3,252,ADC,1230,386,6,1,"
38.2259,terug,-150,MM0 ?V
38.2259,terug,-150,MM1 ?V
38.2259,terug,-150,MM0 V=120:223:4905
38.2259,terug,-150,MM1 V=120:224:4901
38.2464,terug,-150,"#217,YAW,-1.53,GYRO,66,61,-66,ACC,10,4,267,ADC,1233,385,5,1,"
38.2465,terug,-150,MM0 ?CR
38.2465,terug,-150,MM1 ?CR
38.2465,terug,-150,MM0 CR=-31:32
38.2465,terug,-150,MM1 CR=-31:32
38.2813,terug,-150,"#218,YAW,-1.53,GYRO,-4,37,-32,ACC,-6,24,265,ADC,1219,384,4,2,"
38.2813,terug,-150,MM0 ?A
38.2813,terug,-150,MM1 ?A
38.2813,terug,-150,MM1 A=-4:0
38.2813,terug,-150,MM0 A=0:0
38.2813,terug,-150,MM0 !M -150 150
38.2813,terug,-150,MM1 !M -150 150
38.2813,terug,-150,MM0 +
38.2813,terug,-150,MM1 +
38.2813,terug,-150,MM0 PING
38.2813,terug,-150,MM1 PING
38.2813,terug,-150,"#219,YAW,-1.53,GYRO,-34,31,18,ACC,-10,27,237,ADC,1208,381,7,1,"
38.2813,terug,-150,MM0 ?AI
38.2814,terug,-150,MM1 ?AI
38.2814,terug,-150,MM0 AI=0:0:2463:2452:0:0
38.2814,terug,-150,MM1 AI=0:0:2328:2345:0:0
38.3014,terug,-150,"#220,YAW,-1.53,GYRO,-68,4,47,ACC,5,15,292,ADC,1293,502,5,2,"
38.3015,terug,-150,MM0 ?C
38.3015,terug,-150,MM1 ?C
38.3015,terug,-150,MM0 C=478:-561
38.3015,terug,-150,MM1 C=2058:-2164
38.3015,terug,-150,"$GPRMC,094134.2,A,5050.50691,N,00419.37193,E,000.22,300.9,021026,000.4,E*50"
38.3223,terug,-150,"#221,YAW,-1.53,GYRO,-28,22,34,ACC,0,-19,269,ADC,1217,492,8,2,"
38.3223,terug,-150,MM0 ?D
38.3223,terug,-150,MM1 ?D
38.3223,terug,-150,MM0 D=33
38.3223,terug,-150,MM1 D=34
38.3430,terug,-150,"#222,YAW,-1.53,GYRO,-19,84,-12,ACC,-10,-25,229,ADC,1270,500,6,2,"
38.3430,terug,-150,MM0 ?FF
38.3430,terug,-150,MM1 ?FF
38.3430,terug,-150,MM0 FF=0
38.3430,terug,-150,MM1 FF=0
38.3765,terug,-150,"#223,YAW,-1.53,GYRO,65,61,-51,ACC,10,-10,242,ADC,1239,399,4,2,"
38.3765,terug,-150,MM0 ?P
38.3765,terug,-150,MM1 ?P
38.3765,terug,-150,MM0 P=-150:150
38.3765,terug,-150,MM1 P=-150:150
38.3765,terug,-150,MM0 !M -150 150
38.3765,terug,-150,MM1 !M -150 150
38.3765,terug,-150,MM0 +
38.3765,terug,-150,MM1 +
38.3765,terug,-150,MM1 PING
38.3765,terug,-150,MM0 PING
38.3765,terug,-150,"#224,YAW,-1.53,GYRO,39,76,-67,ACC,13,16,287,ADC,1280,398,6,2,"
38.3765,terug,-150,MM0 ?S
38.3765,terug,-150,MM1 ?S
38.3765,terug,-150,MM1 S=-75:75
38.3765,terug,-150,MM0 S=-150:150
38.3973,terug,-150,"#225,YAW,-1.53,GYRO,-13,59,-37,ACC,2,35,244,ADC,1273,383,5,2,"
38.3973,terug,-150,MM0 ?T
38.3973,terug,-150,MM1 ?T
38.3973,terug,-150,MM0 T=35:35
38.3973,terug,-150,MM1 T=36:34
38.4185,terug,-150,"#226,YAW,-1.53,GYRO,-33,21,10,ACC,-4,19,217,ADC,1216,384,6,2,"
38.4185,terug,-150,MM0 ?V
38.4185,terug,-150,MM1 ?V
38.4185,terug,-150,MM0 V=120:222:4905
38.4185,terug,-150,MM1 V=120:223:4900
38.4394,terug,-150,"#227,YAW,-1.53,GYRO,-110,57,36,ACC,4,8,292,ADC,1228,396,7,1,"
38.4394,terug,-150,MM0 ?CR
38.4394,terug,-150,MM1 ?CR
38.4394,terug,-150,MM0 CR=-33:32
38.4394,terug,-150,MM1 CR=-32:31
38.4889,terug,-150,"#228,YAW,-1.53,GYRO,-25,-5,32,ACC,-3,-20,289,ADC,1285,391,6,2,"
38.4890,terug,-150,MM0 ?A
38.4890,terug,-150,MM1 ?A
38.4890,terug,-150,MM0 A=0:0
38.4890,terug,-150,MM1 A=0:5
38.4890,terug,-150,MM0 !M -150 150
38.4890,terug,-150,MM1 !M -150 150
38.4890,terug,-150,MM0 +
38.4890,terug,-150,MM1 +
38.4890,terug,-150,MM1 PING
38.4890,terug,-150,MM0 PING
38.4891,terug,-150,MM1 !M -150 150
38.4891,terug,-150,MM0 !M -150 150
38.4891,terug,-150,MM1 +
38.4891,terug,-150,MM0 +
38.4891,terug,-150,"#229,YAW,-1.53,GYRO,-53,61,-13,ACC,-1,-18,234,ADC,1260,338,4,2,"
38.4891,terug,-150,MM0 ?AI
38.4891,terug,-150,MM1 ?AI
38.4891,terug,-150,MM0 AI=0:0:2438:2433:0:0
38.4891,terug,-150,MM1 AI=0:0:2345:2357:0:0
38.4891,terug,-150,"#230,YAW,-1.53,GYRO,61,110,-53,ACC,17,-14,233,ADC,1237,392,7,2,"
38.4891,terug,-150,MM0 ?C
38.5095,terug,-150,MM1 ?C
38.5095,terug,-150,MM0 C=446:-529
38.5096,terug,-150,MM1 C=2027:-2132
38.5096,terug,-150,"$GPRMC,094134.4,A,5050.50691,N,00419.37191,E,000.23,300.9,021026,000.4,E*55"
38.5096,terug,-150,"#231,YAW,-1.53,GYRO,64,85,-71,ACC,-11,0,270,ADC,1287,499,5,1,"
38.5096,terug,-150,MM0 ?D
38.5096,terug,-150,MM1 ?D
38.5305,terug,-150,MM0 D=33
38.5306,terug,-150,MM1 D=32
38.5306,terug,-150,"#232,YAW,-1.53,GYRO,-5,6,-43,ACC,3,35,291,ADC,1235,500,4,1,"
38.5306,terug,-150,MM0 ?FF
38.5306,terug,-150,MM1 ?FF
38.5306,terug,-150,MM0 FF=0
38.5516,terug,-150,MM1 FF=0
38.5516,terug,-150,"#233,YAW,-1.53,GYRO,12,13,8,ACC,4,25,227,ADC,1241,400,5,1,"
38.5516,terug,-150,MM0 ?P
38.5516,terug,-150,MM1 ?P
38.5516,terug,-150,MM0 P=-150:150
38.5516,terug,-150,MM1 P=-150:150
38.5855,terug,-150,MM1 !M -150 150
38.5855,terug,-150,MM0 !M -150 150
38.5855,terug,-150,MM1 +
38.5855,terug,-150,MM0 +
38.5855,terug,-150,"#234,YAW,-1.53,GYRO,-30,144,34,ACC,2,-6,261,ADC,1247,328,6,2,"
38.5856,terug,-150,MM0 ?S
38.5856,terug,-150,MM1 ?S
38.5856,terug,-150,MM0 S=-75:75
38.5856,terug,-150,MM1 S=-75:75
38.6066,terug,-150,"#235,YAW,-1.53,GYRO,-10,162,68,ACC,26,-36,281,ADC,1290,404,6,2,"
38.6066,terug,-150,MM0 ?T
38.6066,terug,-150,MM1 ?T
38.6066,terug,-150,MM0 T=35:35
38.6066,terug,-150,MM1 T=36:34
38.6275,terug,-150,"#236,YAW,-1.53,GYRO,-37,190,59,ACC,13,-3,252,ADC,1219,390,4,1,"
38.6275,terug,-150,MM0 ?V
38.6275,terug,-150,MM1 ?V
38.6275,terug,-150,MM0 V=120:223:4905
38.6276,terug,-150,MM1 V=120:223:4901
38.6276,terug,-150,"#237,YAW,-1.53,GYRO,-41,205,26,ACC,5,13,225,ADC,1253,388,4,2,"
38.6485,terug,-150,MM0 ?CR
38.6485,terug,-150,MM1 ?CR
38.6486,terug,-150,MM0 CR=-31:31
38.6486,terug,-150,MM1 CR=-31:31
38.6486,terug,-150,"#238,YAW,-1.53,GYRO,9,181,-25,ACC,-2,8,262,ADC,1287,500,6,1,"
38.6486,terug,-150,MM0 ?A
38.6827,terug,-150,MM1 ?A
38.6827,terug,-150,MM0 A=-4:5
38.6827,terug,-150,MM1 A=-4:5
38.6827,terug,-150,MM1 !M -150 150
38.6827,terug,-150,MM0 !M -150 150
38.6827,terug,-150,MM1 +
38.6827,terug,-150,MM0 +
38.6827,terug,-150,"#239,YAW,-1.53,GYRO,-16,134,-62,ACC,-2,-4,250,ADC,1256,498,6,2,"
38.6827,terug,-150,MM0 ?AI
38.6827,terug,-150,MM1 ?AI
38.6827,terug,-150,MM0 AI=0:0:2418:2440:0:0
38.6827,terug,-150,MM1 AI=0:0:2334:2337:0:0
38.7035,terug,-150,"#240,YAW,-1.53,GYRO,23,83,-75,ACC,-19,1,231,ADC,1226,394,4,2,"
38.7035,terug,-150,MM0 ?C
38.7035,terug,-150,MM1 ?C
38.7035,terug,-150,MM0 C=415:-499
38.7035,terug,-150,MM1 C=1996:-2102
38.7035,terug,-150,"$GPRMC,094134.6,A,5050.50691,N,00419.37189,E,000.23,300.9,021026,000.4,E*5E"
38.7248,terug,-150,"#241,YAW,-1.53,GYRO,-35,53,-54,ACC,-10,7,244,ADC,1267,401,6,1,"
38.7248,terug,-150,MM0 ?D
38.7248,terug,-150,MM1 ?D
38.7248,terug,-150,MM0 D=19
38.7248,terug,-150,MM1 D=17
38.7447,terug,-150,"#242,YAW,-1.53,GYRO,-46,56,-15,ACC,-14,21,270,ADC,1247,492,5,2,"
38.7447,terug,-150,MM0 ?FF
38.7447,terug,-150,MM1 ?FF
38.7447,terug,-150,MM0 FF=0
38.7447,terug,-150,MM1 FF=0
38.7791,terug,-150,"#243,YAW,-1.53,GYRO,-34,-39,22,ACC,-8,18,268,ADC,1268,501,4,2,"
38.7791,terug,-150,MM0 ?P
38.7791,terug,-150,MM1 ?P
38.7791,terug,-150,MM0 P=-150:150
38.7791,terug,-150,MM1 P=-150:150
38.7791,terug,-150,MM0 !M -150 150
38.7791,terug,-150,MM1 !M -150 150
38.7791,terug,-150,MM0 +
38.7791,terug,-150,MM1 +
38.7791,terug,-150,"#244,YAW,-1.53,GYRO,-47,-4,14,ACC,-6,-6,246,ADC,1291,502,5,2,"
38.7791,terug,-150,MM0 ?S
38.7791,terug,-150,MM1 ?S
38.7791,terug,-150,MM1 S=-150:150
38.7791,terug,-150,MM0 S=-75:150
38.7995,terug,-150,"#245,YAW,-1.53,GYRO,-18,73,-10,ACC,-9,-21,248,ADC,1230,398,5,2,"
38.7995,terug,-150,MM0 ?T
38.7995,terug,-150,MM1 ?T
38.7996,terug,-150,MM0 T=35:35
38.7996,terug,-150,MM1 T=36:34
38.8203,terug,-150,"#246,YAW,-1.53,GYRO,24,72,-35,ACC,12,-18,247,ADC,1228,383,3,2,"
38.8203,terug,-150,MM0 ?V
38.8203,terug,-150,MM1 ?V
38.8203,terug,-150,MM0 V=120:221:4905
38.8203,terug,-150,MM1 V=120:223:4900
38.8415,terug,-150,"#247,YAW,-1.53,GYRO,49,52,-58,ACC,-9,0,272,ADC,1261,392,4,1,"
38.8416,terug,-150,MM0 ?CR
38.8416,terug,-150,MM1 ?CR
38.8416,terug,-150,MM0 CR=-29:30
38.8416,terug,-150,MM1 CR=-30:30
38.8926,terug,-150,"#248,YAW,-1.52,GYRO,65,-24,-57,ACC,-21,27,238,ADC,1237,388,6,1,"
38.8926,terug,-150,MM0 ?A
38.8926,terug,-150,MM1 ?A
38.8926,terug,-150,MM0 A=-4:0
38.8926,terug,-150,MM1 A=-4:5
38.8926,terug,-150,"#249,YAW,-1.52,GYRO,16,-91,-5,ACC,-18,24,184,ADC,1263,385,5,2,"
38.8926,terug,-150,MM0 ?AI
38.8926,terug,-150,MM1 ?AI
38.8926,terug,-150,MM0 AI=0:0:2455:2424:0:0
38.8926,terug,-150,MM1 AI=0:0:2346:2337:0:0
38.8926,terug,-150,MM0 !M -150 150
38.8926,terug,-150,MM1 !M -150 150
38.8926,terug,-150,MM1 +
38.8926,terug,-150,MM0 +
38.8926,terug,-150,"#250,YAW,-1.53,GYRO,-16,-127,29,ACC,-23,11,240,ADC,1267,391,4,2,"
38.8927,terug,-150,MM0 ?C
38.8927,terug,-150,MM1 ?C
38.8927,terug,-150,MM0 C=385:-469
38.8927,terug,-150,MM1 C=1966:-2071
38.9140,terug,-150,"$GPRMC,094134.8,A,5050.50692,N,00419.37187,E,000.23,300.9,021026,000.4,E*5D"
38.9140,terug,-150,"#251,YAW,-1.53,GYRO,-27,-193,54,ACC,-29,1,299,ADC,1227,384,4,2,"
38.9140,terug,-150,MM0 ?D
38.9140,terug,-150,MM1 ?D
38.9140,terug,-150,MM0 D=32
38.9141,terug,-150,MM1 D=3
38.9350,terug,-150,"#252,YAW,-1.53,GYRO,-97,-61,32,ACC,-4,0,376,ADC,1241,385,5,2,"
38.9350,terug,-150,MM0 ?FF
38.9350,terug,-150,MM1 ?FF
38.9350,terug,-150,MM0 FF=0
38.9350,terug,-150,MM1 FF=0
38.9554,terug,-150,"#253,YAW,-1.53,GYRO,68,246,-32,ACC,16,-46,140,ADC,1239,499,4,2,"
38.9554,terug,-150,MM0 ?P
38.9554,terug,-150,MM1 ?P
38.9554,terug,-150,MM0 P=-150:150
38.9554,terug,-150,MM1 P=-150:150
38.9896,terug,-150,"#254,YAW,-1.53,GYRO,49,-5,-76,ACC,-2,-68,193,ADC,1268,492,6,2,"
38.9897,terug,-150,MM0 !M -150 150
38.9897,terug,-150,MM0 +
38.9897,terug,-150,MM1 !M -150 150
38.9897,terug,-150,MM1 +
38.9897,terug,-150,MM0 ?S
38.9897,terug,-150,MM1 ?S
38.9897,terug,-150,MM0 S=-75:75
38.9897,terug,-150,MM1 S=-150:150
38.9897,terug,-150,"#255,YAW,-1.52,GYRO,8,66,-92,ACC,16,24,334,ADC,1229,385,4,2,"
38.9897,terug,-150,MM0 ?T
38.9897,terug,-150,MM1 ?T
39.0105,terug,-150,MM0 T=35:35
39.0105,terug,-150,MM1 T=36:34
39.0105,terug,-150,"#0,YAW,-1.52,GYRO,-8,71,-35,ACC,-2,46,222,ADC,1268,394,4,2,"
39.0105,terug,-150,MM0 ?V
39.0105,terug,-150,MM1 ?V
39.0105,terug,-150,MM0 V=120:222:4905
39.0316,terug,-150,MM1 V=120:223:4901
39.0316,terug,-150,"#1,YAW,-1.52,GYRO,-36,41,26,ACC,0,23,223,ADC,1280,501,5,2,"
39.0316,terug,-150,MM0 ?CR
39.0316,terug,-150,MM1 ?CR
39.0316,terug,-150,MM0 CR=-34:33
39.0316,terug,-150,MM1 CR=-33:33
39.0526,terug,-150,"#2,YAW,-1.52,GYRO,-95,-101,64,ACC,3,2,352,ADC,1279,499,5,2,"
39.0526,terug,-150,MM0 ?A
39.0526,terug,-150,MM1 ?A
39.0526,terug,-150,MM0 A=0:0
39.0527,terug,-150,MM1 A=0:0
39.0935,terug,-150,MM0 !M -150 150
39.0935,terug,-150,MM1 !M -150 150
39.0935,terug,-150,MM0 +
39.0935,terug,-150,MM1 +
39.0935,terug,-150,"#3,YAW,-1.53,GYRO,-2,51,36,ACC,12,-31,216,ADC,1245,332,3,1,"
39.0935,terug,-150,MM0 ?AI
39.0935,terug,-150,MM1 ?AI
39.0935,terug,-150,MM0 AI=0:0:2440:2445:0:0
39.0935,terug,-150,MM1 AI=0:0:2327:2350:0:0
39.1084,terug,-150,"#4,YAW,-1.53,GYRO,-18,51,-13,ACC,8,-21,229,ADC,1287,388,6,2,"
39.1084,terug,-150,MM0 ?C
39.1084,terug,-150,MM1 ?C
39.1084,terug,-150,MM0 C=351:-435
39.1084,terug,-150,MM1 C=1932:-2038
39.1084,terug,-150,"$GPRMC,094135.0,A,5050.50692,N,00419.37186,E,000.23,300.9,021026,000.4,E*55"
39.1084,terug,-150,"#5,YAW,-1.52,GYRO,67,49,-56,ACC,-3,3,284,ADC,1290,392,4,1,"
39.1293,terug,-150,MM0 ?D
39.1293,terug,-150,MM1 ?D
39.1293,terug,-150,MM0 D=51
39.1293,terug,-150,MM1 D=49
39.1293,terug,-150,"#6,YAW,-1.52,GYRO,-53,-34,-51,ACC,7,44,276,ADC,1232,384,5,2,"
39.1294,terug,-150,MM0 ?FF
39.1498,terug,-150,MM1 ?FF
39.1498,terug,-150,MM0 FF=0
39.1498,terug,-150,MM1 FF=0
39.1498,terug,-150,"#7,YAW,-1.52,GYRO,-3,27,-9,ACC,9,29,233,ADC,1217,383,5,2,"
39.1498,terug,-150,MM0 ?P
39.1498,terug,-150,MM1 ?P
39.1705,terug,-150,MM0 P=-150:150
39.1705,terug,-150,MM1 P=-150:150
39.1705,terug,-150,"#8,YAW,-1.52,GYRO,-102,-55,30,ACC,6,4,282,ADC,1284,503,4,1,"
39.1705,terug,-150,MM0 ?S
39.1705,terug,-150,MM1 ?S
39.1705,terug,-150,MM0 S=-150:150
39.1915,terug,-150,MM1 S=-75:150
39.1915,terug,-150,"#9,YAW,-1.53,GYRO,-32,-62,36,ACC,7,-18,262,ADC,1285,406,4,2,"
39.1915,terug,-150,MM0 ?T
39.1915,terug,-150,MM1 ?T
39.1915,terug,-150,MM0 T=35:35
39.1916,terug,-150,MM1 T=36:34
39.2128,terug,-150,"#10,YAW,-1.53,GYRO,-31,74,13,ACC,4,-25,248,ADC,1234,399,4,2,"
39.2128,terug,-150,MM0 ?V
39.2128,terug,-150,MM1 ?V
39.2128,terug,-150,MM0 V=120:219:4905
39.2128,terug,-150,MM1 V=120:223:4901
39.2333,terug,-150,"#11,YAW,-1.52,GYRO,70,90,-34,ACC,8,-18,225,ADC,1251,394,6,2,"
39.2334,terug,-150,MM0 ?CR
39.2334,terug,-150,MM1 ?CR
39.2334,terug,-150,MM0 CR=-34:34
39.2334,terug,-150,MM1 CR=-33:34
39.2563,terug,-150,"#12,YAW,-1.52,GYRO,19,4,-48,ACC,0,20,300,ADC,1234,387,5,1,"
39.2564,terug,-150,MM0 ?A
39.2564,terug,-150,MM1 ?A
39.2564,terug,-150,MM0 A=0:0
39.2564,terug,-150,MM1 A=0:0
39.2564,terug,-150,MM0 !M -15PING
39.2564,terug,-150,MM1 !M -15PING
39.2564,terug,-150,MM0 +
39.2564,terug,-150,MM1 +
39.2919,terug,-150,"#13,YAW,-1.52,GYRO,-20,19,-17,ACC,7,44,256,ADC,1277,344,5,2,"
39.2919,terug,-150,MM0 !M -150 150
39.2919,terug,-150,MM0 +
39.2919,terug,-150,MM1 !M -150 150
39.2919,terug,-150,MM1 +
39.2919,terug,-150,MM0 ?AI
39.2920,terug,-150,MM1 ?AI
39.2920,terug,-150,MM0 AI=0:0:2430:2423:0:0
39.2920,terug,-150,MM1 AI=0:0:2365:2348:0:0
39.2920,terug,-150,"#14,YAW,-1.52,GYRO,-63,20,31,ACC,7,25,225,ADC,1239,387,5,2,"
39.2920,terug,-150,MM0 ?C
39.2920,terug,-150,MM1 ?C
39.2920,terug,-150,MM0 C=318:-402
39.3115,terug,-150,MM1 C=1899:-2005
39.3115,terug,-150,"$GPRMC,094135.2,A,5050.50692,N,00419.37184,E,000.25,300.9,021026,000.4,E*53"
39.3115,terug,-150,"#15,YAW,-1.53,GYRO,-13,-88,30,ACC,12,-11,354,ADC,1257,391,4,2,"
39.3115,terug,-150,MM0 ?D
39.3115,terug,-150,MM1 ?D
39.3115,terug,-150,MM0 D=49
39.3115,terug,-150,MM1 D=48
39.3327,terug,-150,"#16,YAW,-1.52,GYRO,48,-64,-39,ACC,16,-38,269,ADC,1270,502,5,2,"
39.3327,terug,-150,MM0 ?FF
39.3327,terug,-150,MM1 ?FF
39.3327,terug,-150,MM0 FF=0
39.3327,terug,-150,MM1 FF=0
39.3533,terug,-150,"#17,YAW,-1.52,GYRO,51,-43,-83,ACC,18,-23,187,ADC,1246,382,7,2,"
39.3534,terug,-150,MM0 ?P
39.3534,terug,-150,MM1 ?P
39.3534,terug,-150,MM0 P=-150:150
39.3534,terug,-150,MM1 P=-150:150
39.3883,terug,-150,MM0 !M -150 150
39.3883,terug,-150,MM1 !M -150 150
39.3883,terug,-150,MM0 +
39.3883,terug,-150,MM1 +
39.3883,terug,-150,"#18,YAW,-1.52,GYRO,96,43,-97,ACC,14,-2,235,ADC,1255,347,5,1,"
39.3883,terug,-150,MM0 ?S
39.3883,terug,-150,MM1 ?S
39.3883,terug,-150,MM0 S=-75:75
39.3883,terug,-150,MM1 S=-150:150
39.3883,terug,-150,"#19,YAW,-1.52,GYRO,62,126,-83,ACC,16,23,294,ADC,1249,496,5,2,"
39.4085,terug,-150,MM0 ?T
39.4086,terug,-150,MM1 ?T
39.4086,terug,-150,MM0 T=35:35
39.4086,terug,-150,MM1 T=36:34
39.4086,terug,-150,"#20,YAW,-1.52,GYRO,-108,-95,-16,ACC,11,59,290,ADC,1256,399,6,2,"
39.4086,terug,-150,MM0 ?V
39.4303,terug,-150,MM1 ?V
39.4303,terug,-150,MM0 V=120:223:4906
39.4303,terug,-150,MM1 V=120:222:4901
39.4303,terug,-150,"#21,YAW,-1.52,GYRO,-54,-211,72,ACC,-19,29,213,ADC,1270,387,6,2,"
39.4303,terug,-150,MM1 ?CR
39.4303,terug,-150,MM0 ?CR
39.4505,terug,-150,MM1 CR=-30:30
39.4505,terug,-150,MM0 CR=-29:30
39.4505,terug,-150,"#22,YAW,-1.52,GYRO,-77,36,81,ACC,2,-21,201,ADC,1261,394,4,2,"
39.4506,terug,-150,MM0 ?A
39.4506,terug,-150,MM1 ?A
39.4506,terug,-150,MM0 A=-4:5
39.4856,terug,-150,MM1 A=-4:5
39.4856,terug,-150,MM0 !M -150 150
39.4856,terug,-150,MM1 !M -150 150
39.4856,terug,-150,MM0 +
39.4857,terug,-150,MM1 +
39.4857,terug,-150,"#23,YAW,-1.52,GYRO,-56,-16,71,ACC,3,-36,330,ADC,1261,312,5,1,"
39.4857,terug,-150,MM1 ?AI
39.4857,terug,-150,MM0 ?AI
39.4857,terug,-150,MM1 AI=0:0:2235:2328:0:0
39.4857,terug,-150,MM0 AI=0:0:2431:2434:0:0
39.5067,terug,-150,"#24,YAW,-1.52,GYRO,-17,-53,20,ACC,1,-16,253,ADC,1255,499,6,1,"
39.5067,terug,-150,MM0 ?C
39.5067,terug,-150,MM1 ?C
39.5067,terug,-150,MM0 C=289:-373
39.5067,terug,-150,MM1 C=1870:-1976
39.5067,terug,-150,"$GPRMC,094135.4,A,5050.50693,N,00419.37181,E,000.27,300.9,021026,000.4,E*53"
39.5276,terug,-150,"#25,YAW,-1.52,GYRO,-31,98,-35,ACC,10,22,185,ADC,1215,386,5,1,"
39.5276,terug,-150,MM0 ?D
39.5276,terug,-150,MM1 ?D
39.5276,terug,-150,MM0 D=32
39.5276,terug,-150,MM1 D=34
39.5276,terug,-150,"#26,YAW,-1.52,GYRO,26,86,-66,ACC,8,17,320,ADC,1292,500,4,3,"
39.5486,terug,-150,MM1 ?FF
39.5487,terug,-150,MM0 ?FF
39.5487,terug,-150,MM1 FF=0
39.5487,terug,-150,MM0 FF=0
39.5487,terug,-150,"#27,YAW,-1.52,GYRO,22,73,-70,ACC,-5,1,270,ADC,1266,388,6,2,"
39.5487,terug,-150,MM0 ?P
39.5847,terug,-150,MM1 ?P
39.5847,terug,-150,MM0 P=-150:150
39.5847,terug,-150,MM1 P=-150:150
39.5847,terug,-150,MM0 !M -150 150
39.5847,terug,-150,MM1 !M -150 150
39.5847,terug,-150,MM0 +
39.5847,terug,-150,MM1 +
39.5847,terug,-150,"#28,YAW,-1.52,GYRO,-5,10,-39,ACC,8,4,241,ADC,1232,501,5,2,"
39.5847,terug,-150,MM0 ?S
39.5847,terug,-150,MM1 ?S
39.5847,terug,-150,MM0 S=-75:150
39.5847,terug,-150,MM1 S=-75:150
39.6060,terug,-150,"#29,YAW,-1.52,GYRO,-50,5,24,ACC,5,12,214,ADC,1273,499,6,2,"
39.6060,terug,-150,MM0 ?T
39.6060,terug,-150,MM1 ?T
39.6060,terug,-150,MM0 T=35:35
39.6060,terug,-150,MM1 T=36:34
39.6265,terug,-150,"#30,YAW,-1.52,GYRO,-67,55,42,ACC,-4,8,257,ADC,1267,501,5,2,"
39.6265,terug,-150,MM0 ?V
39.6265,terug,-150,MM1 ?V
39.6265,terug,-150,MM0 V=120:223:4904
39.6266,terug,-150,MM1 V=120:223:4902
39.6475,terug,-150,"#31,YAW,-1.52,GYRO,-62,-50,37,ACC,6,-4,281,ADC,1234,385,5,2,"
39.6475,terug,-150,MM1 ?CR
39.6475,terug,-150,MM0 ?CR
39.6475,terug,-150,MM1 CR=-31:30
39.6475,terug,-150,MM0 CR=-31:30
39.6475,terug,-150,"#32,YAW,-1.52,GYRO,-66,-3,-6,ACC,-1,-7,240,ADC,1196,382,4,2,"
39.6997,terug,-150,MM1 ?A
39.6997,terug,-150,MM0 ?A
39.6997,terug,-150,MM1 A=0:0
39.6997,terug,-150,MM0 A=0:0
39.6997,terug,-150,"#33,YAW,-1.52,GYRO,58,141,-37,ACC,16,-27,235,ADC,1244,384,4,2,"
39.6997,terug,-150,MM1 ?AI
39.6997,terug,-150,MM0 ?AI
39.6997,terug,-150,MM1 AI=0:0:2303:2341:0:0
39.6997,terug,-150,MM0 AI=0:0:2420:2439:0:0
39.6997,terug,-150,"#34,YAW,-1.52,GYRO,102,201,-62,ACC,6,-29,231,ADC,1241,394,6,2,"
39.6997,terug,-150,MM1 ?C
39.6997,terug,-150,MM0 ?C
39.6997,terug,-150,MM0 C=257:-341
39.6997,terug,-150,MM1 C=1839:-1945
39.7203,terug,-150,"$GPRMC,094135.6,A,5050.50693,N,00419.37179,E,000.26,300.9,021026,000.4,E*57"
39.7203,terug,-150,"#35,YAW,-1.52,GYRO,71,152,-59,ACC,-4,1,239,ADC,1247,405,4,2,"
39.7203,terug,-150,MM1 ?D
39.7203,terug,-150,MM0 ?D
39.7203,terug,-150,MM1 D=34
39.7203,terug,-150,MM0 D=34
39.7414,terug,-150,"#36,YAW,-1.52,GYRO,65,243,-42,ACC,-13,24,242,ADC,1236,391,6,2,"
39.7414,terug,-150,MM1 ?FF
39.7414,terug,-150,MM0 ?FF
39.7414,terug,-150,MM1 FF=0
39.7414,terug,-150,MM0 FF=0
39.7631,terug,-150,"#37,YAW,-1.52,GYRO,50,356,-14,ACC,4,8,241,ADC,1255,389,5,2,"
39.7632,terug,-150,MM1 ?P
39.7632,terug,-150,MM0 ?P
39.7632,terug,-150,MM1 P=-150:150
39.7632,terug,-150,MM0 P=-150:150
39.7632,terug,-150,MM0 !M -150 150
39.7632,terug,-150,MM1 !M -150 150
39.7632,terug,-150,MM0 +
39.7632,terug,-150,MM1 +
39.7632,terug,-150,MM0 PING
39.7632,terug,-150,MM1 PING
39.8025,terug,-150,"#38,YAW,-1.52,GYRO,-168,106,57,ACC,-5,31,425,ADC,1250,386,5,1,"
39.8025,terug,-150,MM1 ?S
39.8026,terug,-150,MM0 ?S
39.8026,terug,-150,MM0 S=-150:150
39.8026,terug,-150,MM1 S=-150:75
39.8026,terug,-150,MM1 !M -150 150
39.8026,terug,-150,MM0 !M -150 150
39.8026,terug,-150,MM1 +
39.8026,terug,-150,MM0 +
39.8026,terug,-150,"#39,YAW,-1.52,GYRO,-39,-246,101,ACC,13,-14,202,ADC,1260,499,6,2,"
39.8026,terug,-150,MM1 ?T
39.8026,terug,-150,MM0 ?T
39.8026,terug,-150,MM1 T=36:34
39.8027,terug,-150,MM0 T=35:35
39.8236,terug,-150,"#40,YAW,-1.52,GYRO,-35,227,60,ACC,9,-46,244,ADC,1267,499,7,1,"
39.8236,terug,-150,MM1 ?V
39.8236,terug,-150,MM0 ?V
39.8236,terug,-150,MM1 V=120:223:4901
39.8236,terug,-150,MM0 V=120:223:4905
39.8443,terug,-150,"#41,YAW,-1.52,GYRO,56,198,-5,ACC,5,-81,258,ADC,1235,388,6,2,"
39.8443,terug,-150,MM1 ?CR
39.8443,terug,-150,MM0 ?CR
39.8443,terug,-150,MM1 CR=-33:34
39.8443,terug,-150,MM0 CR=-34:34
39.8956,terug,-150,"#42,YAW,-1.52,GYRO,-28,-3,-61,ACC,10,-10,287,ADC,1309,502,6,2,"
39.8957,terug,-150,MM1 ?A
39.8957,terug,-150,MM0 ?A
39.8957,terug,-150,MM1 A=0:0
39.8957,terug,-150,MM0 A=0:0
39.8957,terug,-150,"#43,YAW,-1.52,GYRO,0,47,-65,ACC,1,31,228,ADC,1242,384,4,2,"
39.8957,terug,-150,MM1 ?AI
39.8957,terug,-150,MM0 ?AI
39.8957,terug,-150,MM1 AI=0:0:2348:2340:0:0
39.8957,terug,-150,MM0 AI=0:0:2438:2432:0:0
39.8957,terug,-150,"#44,YAW,-1.52,GYRO,-29,92,-47,ACC,10,38,250,ADC,1230,388,5,2,"
39.8957,terug,-150,MM1 ?C
39.8957,terug,-150,MM0 ?C
39.8957,terug,-150,MM0 C=222:-307
39.8957,terug,-150,MM1 C=1804:-1910
39.9163,terug,-150,"$GPRMC,094135.8,A,5050.50693,N,00419.37177,E,000.25,300.9,021026,000.4,E*54"
39.9163,terug,-150,"#45,YAW,-1.52,GYRO,-71,-21,8,ACC,12,4,283,ADC,1272,399,6,3,"
39.9163,terug,-150,MM1 ?D
39.9163,terug,-150,MM0 ?D
39.9163,terug,-150,MM1 D=17
39.9163,terug,-150,MM0 D=49
39.9374,terug,-150,"#46,YAW,-1.52,GYRO,-27,46,25,ACC,8,-28,232,ADC,1234,380,5,2,"
39.9374,terug,-150,MM1 ?FF
39.9374,terug,-150,MM0 ?FF
39.9374,terug,-150,MM1 FF=0
39.9374,terug,-150,MM0 FF=0
39.9597,terug,-150,"#47,YAW,-1.52,GYRO,44,129,4,ACC,1,-29,241,ADC,1241,496,6,2,"
39.9597,terug,-150,MM1 ?P
39.9597,terug,-150,MM0 ?P
39.9597,terug,-150,MM1 P=-150:150
39.9597,terug,-150,MM0 P=-150:150
39.9597,terug,-150,MM0 !M -150 150
39.9597,terug,-150,MM1 !M -150 150
39.9598,terug,-150,MM0 +
39.9598,terug,-150,MM1 +
39.9598,terug,-150,MM0 PING
39.9937,terug,-150,MM1 PING
39.9937,terug,-150,"#48,YAW,-1.52,GYRO,56,48,-33,ACC,-5,-1,276,ADC,1227,391,4,2,"
39.9937,terug,-150,MM1 ?S
39.9937,terug,-150,MM0 ?S
39.9937,terug,-150,MM0 S=-75:75
39.9937,terug,-150,MM1 S=-150:75
39.9937,terug,-150,"#49,YAW,-1.52,GYRO,42,19,-41,ACC,-4,22,264,ADC,1282,498,4,1,"
39.9937,terug,-150,MM1 ?T
39.9937,terug,-150,MM0 ?T
39.9937,terug,-150,MM1 T=36:34
39.9937,terug,-150,MM0 T=35:35
40.5410,terug,-150,"#50,YAW,-1.52,GYRO,-8,41,-21,ACC,3,36,225,ADC,1267,402,5,2,"
40.5410,terug,-150,MM1 ?V
40.5410,terug,-150,MM0 ?V
40.5410,terug,-150,MM1 V=120:224:4900
40.5410,terug,-150,MM0 V=120:224:4904
40.5411,terug,-150,"#51,YAW,-1.52,GYRO,-46,81,10,ACC,-5,25,261,ADC,1284,386,4,2,"
40.5411,terug,-150,MM1 ?CR
40.5411,terug,-150,MM0 ?CR
40.5411,terug,-150,MM1 CR=-34:33
40.5411,terug,-150,MM0 CR=-34:33
40.5411,terug,-150,"#52,YAW,-1.52,GYRO,-92,30,38,ACC,6,1,305,ADC,1279,499,6,1,"
40.5411,terug,-150,MM1 ?A
40.5411,terug,-150,MM0 ?A
40.5411,terug,-150,MM1 A=0:0
40.5411,terug,-150,MM0 A=0:0
40.5411,terug,-150,MM0 !M -150 150
40.5411,terug,-150,MM1 !M -150 150
40.5411,terug,-150,MM0 +
40.5411,terug,-150,MM1 +
40.5411,terug,-150,MM1 PING
40.5411,terug,-150,MM0 PING
40.5411,terug,-150,"#53,YAW,-1.52,GYRO,-51,57,20,ACC,9,-31,232,ADC,1235,383,5,1,"
40.5411,terug,-150,MM0 ?AI
40.5411,terug,-150,MM1 ?AI
40.5411,terug,-150,MM0 AI=0:0:2440:2435:0:0
40.5411,terug,-150,MM1 AI=0:0:2349:2490:0:0
40.5411,terug,-150,MM0 !M -150 150
40.5411,terug,-150,MM1 !M -150 150
40.5411,terug,-150,MM0 +
40.5411,terug,-150,MM1 +
40.5411,terug,-150,"#54,YAW,-1.52,GYRO,1,92,-21,ACC,-4,-19,230,ADC,1217,384,7,1,"
40.5411,terug,-150,MM1 ?C
40.5411,terug,-150,MM0 ?C
40.5411,terug,-150,MM0 C=189:-275
40.5412,terug,-150,MM1 C=1772:-1878
40.5412,terug,-150,"$GPRMC,094136.0,A,5050.50693,N,00419.37175,E,000.24,300.9,021026,000.4,E*5C"
40.5412,terug,-150,"#55,YAW,-1.52,GYRO,41,89,-51,ACC,-7,-2,269,ADC,1223,296,6,2,"
40.5412,terug,-150,MM1 ?D
40.5412,terug,-150,MM0 ?D
40.5412,terug,-150,MM1 D=49
40.5412,terug,-150,MM0 D=48
40.5412,terug,-150,"#56,YAW,-1.52,GYRO,65,80,-64,ACC,-12,10,261,ADC,1211,384,7,2,"
40.5412,terug,-150,MM0 ?FF
40.5412,terug,-150,MM1 ?FF
40.5412,terug,-150,MM1 FF=0
40.5412,terug,-150,MM0 FF=0
40.5412,terug,-150,"#57,YAW,-1.52,GYRO,12,47,-36,ACC,-2,13,250,ADC,1247,389,5,2,"
40.5412,terug,-150,MM1 ?P
40.5412,terug,-150,MM0 ?P
40.5412,terug,-150,MM1 P=-150:150
40.5412,terug,-150,MM0 P=-150:150
40.5412,terug,-150,MM0 !M -150 150
40.5412,terug,-150,MM1 !M -150 150
40.5412,terug,-150,MM1 +
40.5412,terug,-150,MM0 +
40.5412,terug,-150,"#58,YAW,-1.52,GYRO,-35,25,9,ACC,0,28,269,ADC,1288,395,4,1,"
40.5412,terug,-150,MM0 ?S
40.5412,terug,-150,MM1 ?S
40.5412,terug,-150,MM0 S=-75:75
40.5412,terug,-150,MM1 S=-150:75
40.5412,terug,-150,"#59,YAW,-1.52,GYRO,-35,-22,30,ACC,-13,4,262,ADC,1239,393,5,2,"
40.5412,terug,-150,MM0 ?T
40.5412,terug,-150,MM1 ?T
40.5412,terug,-150,MM0 T=35:35
40.5412,terug,-150,MM1 T=36:34
40.5412,terug,-150,"#60,YAW,-1.52,GYRO,-54,-31,23,ACC,2,-16,247,ADC,1283,500,5,2,"
40.5412,terug,-150,MM0 ?V
40.5412,terug,-150,MM1 ?V
40.5412,terug,-150,MM0 V=120:222:4905
40.5413,terug,-150,MM1 V=120:223:4899
40.5413,terug,-150,"#61,YAW,-1.52,GYRO,12,91,-10,ACC,2,-28,260,ADC,1284,501,4,2,"
40.5413,terug,-150,MM0 ?CR
40.5413,terug,-150,MM1 ?CR
40.5413,terug,-150,MM0 CR=-32:32
40.5413,terug,-150,MM1 CR=-31:32
40.5413,terug,-150,"#62,YAW,-1.52,GYRO,8,76,-36,ACC,11,-7,229,ADC,1247,393,5,2,"
40.5413,terug,-150,MM0 ?A
40.5413,terug,-150,MM1 ?A
40.5413,terug,-150,MM0 A=0:0
40.5413,terug,-150,MM1 A=0:0
40.5413,terug,-150,MM0 !M -150 150
40.5413,terug,-150,MM1 !M -150 150
40.5413,terug,-150,MM0 +
40.5413,terug,-150,MM1 +
40.5413,terug,-150,"#63,YAW,-1.52,GYRO,78,60,-56,ACC,2,2,256,ADC,1252,379,4,1,"
40.5413,terug,-150,MM0 ?AI
40.5413,terug,-150,MM1 ?AI
40.5413,terug,-150,MM0 AI=0:0:2421:2434:0:0
40.5413,terug,-150,MM1 AI=0:0:2335:2351:0:0
40.5413,terug,-150,"#64,YAW,-1.52,GYRO,-28,60,-31,ACC,4,29,285,ADC,1218,382,5,2,"
40.5413,terug,-150,MM0 ?C
40.5413,terug,-150,MM1 ?C
40.5413,terug,-150,MM0 C=157:-242
40.5413,terug,-150,MM1 C=1740:-1845
40.5413,terug,-150,"$GPRMC,094136.2,A,5050.50694,N,00419.37173,E,000.24,300.9,021026,000.4,E*5F"
40.5413,terug,-150,"#65,YAW,-1.52,GYRO,-5,40,16,ACC,2,32,230,ADC,1217,330,4,1,"
40.5413,terug,-150,MM0 ?D
40.5413,terug,-150,MM1 ?D
40.5413,terug,-150,MM0 D=48
40.5413,terug,-150,MM1 D=49
40.5413,terug,-150,"#66,YAW,-1.52,GYRO,-96,6,38,ACC,9,13,283,ADC,1249,383,7,2,"
40.5413,terug,-150,MM0 ?FF
40.5413,terug,-150,MM1 ?FF
40.5413,terug,-150,MM0 FF=0
40.5414,terug,-150,MM1 FF=0
40.5414,terug,-150,"#67,YAW,-1.52,GYRO,-43,-14,27,ACC,5,-3,261,ADC,1245,389,7,2,"
40.5414,terug,-150,MM0 ?P
40.5414,terug,-150,MM1 ?P
40.5414,terug,-150,MM0 P=-150:150
40.5414,terug,-150,MM1 P=-150:150
40.5414,terug,-150,"#68,YAW,-1.52,GYRO,-19,79,-21,ACC,10,-21,254,ADC,1266,388,4,1,"
40.5414,terug,-150,MM0 ?S
40.5414,terug,-150,MM1 ?S
40.5414,terug,-150,MM1 S=-150:150
40.5414,terug,-150,MM0 S=-150:75
40.5414,terug,-150,MM0 !M -150 150
40.5414,terug,-150,MM1 !M -150 150
40.5414,terug,-150,MM0 +
40.5414,terug,-150,MM1 +
40.5414,terug,-150,"#69,YAW,-1.52,GYRO,14,97,-60,ACC,-1,-21,228,ADC,1248,386,8,2,"
40.5414,terug,-150,MM0 ?T
40.5414,terug,-150,MM1 ?T
40.5414,terug,-150,MM0 T=35:35
40.5414,terug,-150,MM1 T=36:34
40.5414,terug,-150,"#70,YAW,-1.52,GYRO,68,47,-77,ACC,-15,-2,251,ADC,1270,498,4,2,"
40.5414,terug,-150,MM0 ?V
40.5414,terug,-150,MM1 ?V
40.5414,terug,-150,MM0 V=120:223:4905
40.5414,terug,-150,MM1 V=120:223:4901
40.5414,terug,-150,"#71,YAW,-1.51,GYRO,13,28,-52,ACC,-13,24,291,ADC,1252,395,5,2,"
40.5414,terug,-150,MM0 ?CR
40.5414,terug,-150,MM1 ?CR
40.5414,terug,-150,MM0 CR=-32:32
40.5414,terug,-150,MM1 CR=-32:32
40.5414,terug,-150,"#72,YAW,-1.51,GYRO,-31,-18,5,ACC,0,30,222,ADC,1252,399,5,2,"
40.5414,terug,-150,MM0 ?A
40.5414,terug,-150,MM1 ?A
40.5414,terug,-150,MM0 A=0:0
40.5414,terug,-150,MM1 A=0:0
40.5414,terug,-150,"#73,YAW,-1.52,GYRO,-82,50,55,ACC,-7,11,242,ADC,1244,499,6,2,"
40.5414,terug,-150,MM0 ?AI
40.5414,terug,-150,MM1 ?AI
40.5414,terug,-150,MM0 AI=0:0:2412:2394:0:0
40.5416,terug,-150,MM1 AI=0:0:2328:2394:0:0
40.5416,terug,-150,"#74,YAW,-1.52,GYRO,-76,15,66,ACC,6,-6,326,ADC,1260,502,5,3,"
40.5416,terug,-150,MM0 ?C
40.5416,terug,-150,MM1 ?C
40.5416,terug,-150,MM0 C=125:-211
40.5416,terug,-150,MM1 C=1709:-1814
40.5416,terug,-150,"$GPRMC,094136.4,A,5050.50694,N,00419.37171,E,000.24,300.9,021026,000.4,E*5B"
40.5416,terug,-150,"#75,YAW,-1.52,GYRO,-44,-6,20,ACC,12,-20,214,ADC,1247,390,4,2,"
40.5416,terug,-150,MM0 ?D
40.5416,terug,-150,MM1 ?D
40.5416,terug,-150,MM0 D=16
40.5416,terug,-150,MM1 D=17
40.5416,terug,-150,"#76,YAW,-1.52,GYRO,-17,71,-39,ACC,1,-16,243,ADC,1256,503,5,2,"
40.5416,terug,-150,MM0 ?FF
40.5416,terug,-150,MM1 ?FF
40.5416,terug,-150,MM0 FF=0
40.5416,terug,-150,MM1 FF=0
40.5633,terug,-150,"#77,YAW,-1.52,GYRO,40,87,-76,ACC,-5,-8,261,ADC,1256,391,6,2,"
40.5633,terug,-150,MM0 ?P
40.5633,terug,-150,MM1 ?P
40.5633,terug,-150,MM0 P=-150:150
40.5633,terug,-150,MM1 P=-150:150
40.5633,terug,-150,MM0 !M -150 150
40.5633,terug,-150,MM1 !M -150 150
40.5634,terug,-150,MM0 +
40.5634,terug,-150,MM1 +
40.5634,terug,-150,MM0 PING
40.5975,terug,-150,MM1 PING
40.5975,terug,-150,"#78,YAW,-1.51,GYRO,72,43,-87,ACC,-9,10,259,ADC,1270,315,5,2,"
40.5975,terug,-150,MM0 ?S
40.5975,terug,-150,MM1 ?S
40.5975,terug,-150,MM1 S=-150:150
40.5975,terug,-150,MM0 S=-75:150
40.5975,terug,-150,MM0 !M -150 150
40.5975,terug,-150,MM1 !M -150 150
40.5975,terug,-150,MM0 +
40.5975,terug,-150,MM1 +
40.5975,terug,-150,"#79,YAW,-1.51,GYRO,4,29,-50,ACC,-4,24,258,ADC,1227,381,5,1,"
40.5975,terug,-150,MM1 ?T
40.5975,terug,-150,MM0 ?T
40.5975,terug,-150,MM0 T=35:35
40.5975,terug,-150,MM1 T=36:34
40.6185,terug,-150,"#80,YAW,-1.51,GYRO,-50,10,21,ACC,-12,30,236,ADC,1231,399,6,1,"
40.6185,terug,-150,MM0 ?V
40.6186,terug,-150,MM1 ?V
40.6186,terug,-150,MM0 V=120:223:4905
40.6186,terug,-150,MM1 V=120:222:4898
40.6394,terug,-150,"#81,YAW,-1.51,GYRO,-63,-27,71,ACC,-5,5,283,ADC,1240,383,3,1,"
40.6394,terug,-150,MM0 ?CR
40.6395,terug,-150,MM1 ?CR
40.6395,terug,-150,MM0 CR=-32:31
40.6395,terug,-150,MM1 CR=-31:31
40.6604,terug,-150,"#82,YAW,-1.52,GYRO,-46,-5,50,ACC,-1,-7,272,ADC,1287,501,5,1,"
40.6604,terug,-150,MM0 ?A
40.6604,terug,-150,MM1 ?A
40.6604,terug,-150,MM0 A=0:0
40.6604,terug,-150,MM1 A=0:0
40.6946,terug,-150,"#83,YAW,-1.52,GYRO,-20,36,-4,ACC,-5,-17,256,ADC,1275,405,10,2,"
40.6947,terug,-150,MM0 ?AI
40.6947,terug,-150,MM1 ?AI
40.6947,terug,-150,MM0 AI=0:0:2405:2429:0:0
40.6947,terug,-150,MM1 AI=0:0:2326:2341:0:0
40.6947,terug,-150,"#84,YAW,-1.51,GYRO,36,90,-60,ACC,1,-21,228,ADC,1250,388,5,2,"
40.6947,terug,-150,MM0 ?C
40.6947,terug,-150,MM1 ?C
40.6947,terug,-150,MM0 C=93:-179
40.6947,terug,-150,MM1 C=1677:-1782
40.7153,terug,-150,"$GPRMC,094136.6,A,5050.50694,N,00419.37169,E,000.24,300.9,021026,000.4,E*50"
40.7154,terug,-150,"#85,YAW,-1.51,GYRO,74,38,-84,ACC,-8,1,280,ADC,1239,381,7,3,"
40.7154,terug,-150,MM0 ?D
40.7154,terug,-150,MM1 ?D
40.7154,terug,-150,MM0 D=16
40.7154,terug,-150,MM1 D=17
40.7366,terug,-150,"#86,YAW,-1.51,GYRO,22,45,-58,ACC,5,24,255,ADC,1286,390,5,2,"
40.7366,terug,-150,MM0 ?FF
40.7366,terug,-150,MM1 ?FF
40.7366,terug,-150,MM0 FF=0
40.7366,terug,-150,MM1 FF=0
40.7573,terug,-150,"#87,YAW,-1.51,GYRO,-22,52,15,ACC,8,33,227,ADC,1234,381,3,1,"
40.7573,terug,-150,MM0 ?P
40.7573,terug,-150,MM1 ?P
40.7573,terug,-150,MM0 P=-150:150
40.7573,terug,-150,MM1 P=-150:150
40.7930,terug,-150,MM0 !M -150 150
40.7930,terug,-150,MM1 !M -150 150
40.7930,terug,-150,MM0 +
40.7930,terug,-150,MM1 +
40.7930,terug,-150,MM0 PING
40.7930,terug,-150,MM1 PING
40.7930,terug,-150,"#88,YAW,-1.51,GYRO,-17,88,49,ACC,8,8,298,ADC,1247,316,5,1,"
40.7930,terug,-150,MM0 ?S
40.7930,terug,-150,MM1 ?S
40.7930,terug,-150,MM0 S=-150:75
40.7930,terug,-150,MM1 S=-150:75
40.7930,terug,-150,"#89,YAW,-1.51,GYRO,-17,84,44,ACC,8,-17,273,ADC,1282,391,6,2,"
40.7930,terug,-150,MM0 ?T
40.7930,terug,-150,MM1 ?T
40.7930,terug,-150,MM0 T=35:35
40.7930,terug,-150,MM1 T=36:34
40.8132,terug,-150,"#90,YAW,-1.51,GYRO,-29,74,7,ACC,8,-22,228,ADC,1246,500,4,1,"
40.8133,terug,-150,MM0 ?V
40.8133,terug,-150,MM1 ?V
40.8133,terug,-150,MM0 V=120:223:4906
40.8133,terug,-150,MM1 V=120:223:4900
40.8333,terug,-150,"#91,YAW,-1.51,GYRO,58,86,-47,ACC,7,-7,239,ADC,1298,391,8,2,"
40.8333,terug,-150,MM0 ?CR
40.8333,terug,-150,MM1 ?CR
40.8333,terug,-150,MM0 CR=-33:33
40.8333,terug,-150,MM1 CR=-34:33
40.8543,terug,-150,"#92,YAW,-1.51,GYRO,78,93,-76,ACC,-4,0,263,ADC,1252,384,5,2,"
40.8543,terug,-150,MM0 ?A
40.8543,terug,-150,MM1 ?A
40.8543,terug,-150,MM0 A=0:0
40.8543,terug,-150,MM1 A=0:0
40.8900,terug,-150,MM0 !M -150 150
40.8900,terug,-150,MM1 !M -150 150
40.8901,terug,-150,MM0 +
40.8901,terug,-150,MM1 +
40.8901,terug,-150,MM0 PING
40.8901,terug,-150,MM1 PING
40.8901,terug,-150,MM1 !M -150 150
40.8901,terug,-150,MM0 !M -150 150
40.8901,terug,-150,MM1 +
40.8901,terug,-150,MM0 +
40.8901,terug,-150,"#93,YAW,-1.51,GYRO,31,84,-64,ACC,-2,32,261,ADC,1249,286,6,3,"
40.8901,terug,-150,MM0 ?AI
40.8901,terug,-150,MM1 ?AI
40.8901,terug,-150,MM0 AI=0:0:2434:2428:0:0
40.8901,terug,-150,MM1 AI=0:0:2340:2332:0:0
40.8901,terug,-150,"#94,YAW,-1.51,GYRO,-18,63,-7,ACC,1,32,240,ADC,1215,385,6,2,"
40.8901,terug,-150,MM0 ?C
40.9096,terug,-150,MM1 ?C
40.9096,terug,-150,MM0 C=60:-146
40.9096,terug,-150,MM1 C=1644:-1749
40.9096,terug,-150,"$GPRMC,094136.8,A,5050.50694,N,00419.37167,E,000.24,300.9,021026,000.4,E*50"
40.9096,terug,-150,"#95,YAW,-1.51,GYRO,-25,51,34,ACC,1,2,257,ADC,1230,391,7,2,"
40.9096,terug,-150,MM0 ?D
40.9097,terug,-150,MM1 ?D
40.9097,terug,-150,MM0 D=34
40.9305,terug,-150,MM1 D=49
40.9305,terug,-150,"#96,YAW,-1.51,GYRO,-79,-31,43,ACC,-6,-2,302,ADC,1233,493,5,2,"
40.9305,terug,-150,MM0 ?FF
40.9305,terug,-150,MM1 ?FF
40.9305,terug,-150,MM0 FF=0
40.9515,terug,-150,MM1 FF=0
40.9515,terug,-150,"#97,YAW,-1.51,GYRO,-29,-38,21,ACC,3,-13,241,ADC,1292,499,6,2,"
40.9515,terug,-150,MM0 ?P
40.9515,terug,-150,MM1 ?P
40.9515,terug,-150,MM0 P=-150:150
41.0004,terug,-150,MM1 P=-150:150
41.0004,terug,-150,"#98,YAW,-1.51,GYRO,-20,77,-20,ACC,7,-15,230,ADC,1268,383,6,2,"
41.0004,terug,-150,MM0 ?S
41.0004,terug,-150,MM1 ?S
41.0004,terug,-150,MM0 S=-75:150
41.0004,terug,-150,MM1 S=-75:150
41.0004,terug,-150,"#99,YAW,-1.51,GYRO,38,68,-56,ACC,11,-4,272,ADC,1264,398,4,2,"
41.0005,terug,-150,MM0 ?T
41.0005,terug,-150,MM1 ?T
41.0005,terug,-150,MM0 T=35:35
41.0005,terug,-150,MM1 T=36:34
41.0214,terug,-150,"#100,YAW,-1.51,GYRO,18,-16,-45,ACC,-8,16,286,ADC,1240,501,5,2,"
41.0214,terug,-150,MM0 ?V
41.0214,terug,-150,MM1 ?V
41.0215,terug,-150,MM0 V=120:223:4906
41.0215,terug,-150,MM1 V=120:222:4897
41.0425,terug,-150,"#101,YAW,-1.51,GYRO,-19,41,4,ACC,4,23,238,ADC,1249,381,4,2,"
41.0426,terug,-150,MM0 ?CR
41.0426,terug,-150,MM1 ?CR
41.0426,terug,-150,MM0 CR=-33:34
41.0426,terug,-150,MM1 CR=-32:33
41.0636,terug,-150,"#102,YAW,-1.51,GYRO,-58,-22,38,ACC,-5,9,241,ADC,1227,502,5,2,"
41.0636,terug,-150,MM1 ?A
41.0636,terug,-150,MM0 ?A
41.0636,terug,-150,MM0 A=0:0
41.0636,terug,-150,MM1 A=0:0
41.0636,terug,-150,MM0 !M -150 150
41.0636,terug,-150,MM1 !M -150 150
41.0636,terug,-150,MM0 +
41.0636,terug,-150,MM1 +
41.0983,terug,-150,MM0 PING
41.0984,terug,-150,MM1 PING
41.0984,terug,-150,"#103,YAW,-1.51,GYRO,-67,-54,38,ACC,0,2,295,ADC,1270,355,5,1,"
41.0984,terug,-150,MM0 ?AI
41.0984,terug,-150,MM1 ?AI
41.0984,terug,-150,MM0 AI=0:0:2431:2421:0:0
41.0984,terug,-150,MM1 AI=0:0:2321:2336:0:0
41.0984,terug,-150,"#104,YAW,-1.51,GYRO,-9,36,10,ACC,6,-20,249,ADC,1228,385,6,3,"
41.0984,terug,-150,MM0 ?C
41.0984,terug,-150,MM1 ?C
41.0984,terug,-150,MM1 C=1611:-1717
41.0984,terug,-150,MM0 C=27:-113
41.1184,terug,-150,"$GPRMC,094137.0,A,5050.50695,N,00419.37165,E,000.25,300.9,021026,000.4,E*5B"
41.1184,terug,-150,"#105,YAW,-1.51,GYRO,-8,73,-24,ACC,9,-21,233,ADC,1233,297,5,1,"
41.1185,terug,-150,MM0 ?D
41.1185,terug,-150,MM1 ?D
41.1185,terug,-150,MM1 D=32
41.1185,terug,-150,MM0 D=3
41.1394,terug,-150,"#106,YAW,-1.51,GYRO,62,58,-58,ACC,-3,-7,270,ADC,1243,381,6,3,"
41.1394,terug,-150,MM0 ?FF
41.1394,terug,-150,MM1 ?FF
41.1394,terug,-150,MM0 FF=0
41.1395,terug,-150,MM1 FF=0
41.1603,terug,-150,"#107,YAW,-1.51,GYRO,-24,10,-40,ACC,6,29,258,ADC,1238,499,5,2,"
41.1603,terug,-150,MM0 ?P
41.1603,terug,-150,MM1 ?P
41.1603,terug,-150,MM0 P=-150:150
41.1603,terug,-150,MM1 P=-150:150
41.1946,terug,-150,"#108,YAW,-1.51,GYRO,-9,57,10,ACC,-1,27,236,ADC,1249,407,5,1,"
41.1946,terug,-150,MM0 !M -150 150
41.1946,terug,-150,MM0 +
41.1946,terug,-150,MM1 !M -150 150
41.1946,terug,-150,MM1 +
41.1946,terug,-150,MM0 PING
41.1946,terug,-150,MM1 PING
41.1946,terug,-150,MM0 ?S
41.1946,terug,-150,MM1 ?S
41.1946,terug,-150,MM1 S=-150:150
41.1946,terug,-150,MM0 S=-150:75
41.1946,terug,-150,"#109,YAW,-1.51,GYRO,-75,-27,50,ACC,4,11,272,ADC,1272,382,4,2,"
41.1946,terug,-150,MM0 ?T
41.1946,terug,-150,MM1 ?T
41.1947,terug,-150,MM0 T=35:35
41.1947,terug,-150,MM1 T=36:34
41.2154,terug,-150,"#110,YAW,-1.51,GYRO,-38,-36,48,ACC,8,-17,276,ADC,1242,388,4,2,"
41.2154,terug,-150,MM0 ?V
41.2154,terug,-150,MM1 ?V
41.2154,terug,-150,MM0 V=120:223:4905
41.2154,terug,-150,MM1 V=120:223:4901
41.2363,terug,-150,"#111,YAW,-1.51,GYRO,-12,59,9,ACC,10,-24,258,ADC,1270,397,5,1,"
41.2363,terug,-150,MM0 ?CR
41.2363,terug,-150,MM1 ?CR
41.2363,terug,-150,MM0 CR=-33:32
41.2363,terug,-150,MM1 CR=-33:32
41.2573,terug,-150,"#112,YAW,-1.51,GYRO,23,77,-48,ACC,19,-22,228,ADC,1267,383,5,2,"
41.2573,terug,-150,MM0 ?A
41.2573,terug,-150,MM1 ?A
41.2573,terug,-150,MM0 A=0:0
41.2573,terug,-150,MM1 A=0:0
41.2917,terug,-150,MM0 !M -150 150
41.2917,terug,-150,MM1 !M -150 150
41.2917,terug,-150,MM1 +
41.2917,terug,-150,MM0 +
41.2917,terug,-150,"#113,YAW,-1.51,GYRO,77,77,-80,ACC,-1,-3,235,ADC,1257,304,4,1,"
41.2917,terug,-150,MM0 PING
41.2917,terug,-150,MM1 PING
41.2917,terug,-150,MM0 ?AI
41.2917,terug,-150,MM1 ?AI
41.2917,terug,-150,MM0 AI=0:0:2417:2450:0:0
41.2917,terug,-150,MM1 AI=0:0:2320:2364:0:0
41.2917,terug,-150,MM0 !M -150 150
41.2917,terug,-150,MM1 !M -150 150
41.2917,terug,-150,MM0 +
41.2918,terug,-150,MM1 +
41.2918,terug,-150,"#114,YAW,-1.51,GYRO,30,95,-68,ACC,-7,19,273,ADC,1219,302,4,2,"
41.2918,terug,-150,MM0 ?C
41.2918,terug,-150,MM1 ?C
41.2918,terug,-150,MM0 C=-5:-80
41.3124,terug,-150,MM1 C=1579:-1684
41.3125,terug,-150,"$GPRMC,094137.2,A,5050.50695,N,00419.37163,E,000.25,300.9,021026,000.4,E*5F"
41.3125,terug,-150,"#115,YAW,-1.51,GYRO,-21,76,-15,ACC,-11,33,245,ADC,1218,384,5,1,"
41.3125,terug,-150,MM0 ?D
41.3125,terug,-150,MM1 ?D
41.3125,terug,-150,MM1 D=32
41.3125,terug,-150,MM0 D=3
41.3332,terug,-150,"#116,YAW,-1.51,GYRO,-49,55,36,ACC,-1,15,230,ADC,1253,382,8,1,"
41.3332,terug,-150,MM0 ?FF
41.3332,terug,-150,MM1 ?FF
41.3332,terug,-150,MM0 FF=0
41.3333,terug,-150,MM1 FF=0
41.3545,terug,-150,"#117,YAW,-1.51,GYRO,-93,23,64,ACC,-8,0,309,ADC,1234,391,2,1,"
41.3545,terug,-150,MM0 ?P
41.3545,terug,-150,MM1 ?P
41.3545,terug,-150,MM0 P=-150:150
41.3545,terug,-150,MM1 P=-150:150
41.4053,terug,-150,"#118,YAW,-1.51,GYRO,-46,3,29,ACC,-4,-16,260,ADC,1247,383,6,1,"
41.4053,terug,-150,MM0 ?S
41.4053,terug,-150,MM1 ?S
41.4053,terug,-150,MM1 S=-75:75
41.4053,terug,-150,MM0 S=-150:150
41.4054,terug,-150,MM0 !M -150 150
41.4054,terug,-150,MM1 !M -150 150
41.4054,terug,-150,MM0 +
41.4054,terug,-150,MM1 +
41.4054,terug,-150,"#119,YAW,-1.51,GYRO,-35,92,-25,ACC,3,-9,228,ADC,1258,388,5,2,"
41.4054,terug,-150,MM0 ?T
41.4054,terug,-150,MM1 ?T
41.4054,terug,-150,MM0 T=35:35
41.4054,terug,-150,MM1 T=36:34
41.4245,terug,-150,"#120,YAW,-1.51,GYRO,36,73,-70,ACC,6,-4,245,ADC,1295,505,6,2,"
41.4245,terug,-150,MM0 ?V
41.4245,terug,-150,MM1 ?V
41.4245,terug,-150,MM0 V=120:222:4906
41.4246,terug,-150,MM1 V=120:223:4900
41.4455,terug,-150,"#121,YAW,-1.51,GYRO,56,83,-82,ACC,-7,8,294,ADC,1249,497,7,2,"
41.4455,terug,-150,MM0 ?CR
41.4455,terug,-150,MM1 ?CR
41.4455,terug,-150,MM0 CR=-32:32
41.4455,terug,-150,MM1 CR=-32:32
41.4665,terug,-150,"#122,YAW,-1.51,GYRO,-34,-18,-27,ACC,-3,30,232,ADC,1296,494,5,2,"
41.4665,terug,-150,MM0 ?A
41.4665,terug,-150,MM1 ?A
41.4665,terug,-150,MM0 A=0:0
41.4665,terug,-150,MM1 A=0:0
41.5007,terug,-150,"#123,YAW,-1.51,GYRO,-56,43,28,ACC,-1,30,243,ADC,1242,387,4,2,"
41.5007,terug,-150,MM0 ?AI
41.5007,terug,-150,MM1 ?AI
41.5007,terug,-150,MM0 AI=0:0:2434:2453:0:0
41.5007,terug,-150,MM1 AI=0:0:2337:2324:0:0
41.5007,terug,-150,"#124,YAW,-1.51,GYRO,-63,-8,51,ACC,7,5,298,ADC,1246,386,7,2,"
41.5007,terug,-150,MM0 ?C
41.5007,terug,-150,MM1 ?C
41.5007,terug,-150,MM1 C=1546:-1652
41.5008,terug,-150,MM0 C=-38:-48
41.5008,terug,-150,"$GPRMC,094137.4,A,5050.50695,N,00419.37160,E,000.24,300.9,021026,000.4,E*5B"
41.5213,terug,-150,"#125,YAW,-1.51,GYRO,-70,-61,26,ACC,-3,-21,261,ADC,1232,502,6,2,"
41.5213,terug,-150,MM0 ?D
41.5213,terug,-150,MM1 ?D
41.5213,terug,-150,MM1 D=34
41.5213,terug,-150,MM0 D=0
41.5425,terug,-150,"#126,YAW,-1.51,GYRO,-1,77,-29,ACC,16,-22,228,ADC,1259,386,7,1,"
41.5425,terug,-150,MM0 ?FF
41.5425,terug,-150,MM1 ?FF
41.5426,terug,-150,MM0 FF=0
41.5426,terug,-150,MM1 FF=0
41.5637,terug,-150,"#127,YAW,-1.51,GYRO,71,152,-69,ACC,11,-14,259,ADC,1218,382,5,2,"
41.5637,terug,-150,MM0 ?P
41.5637,terug,-150,MM1 ?P
41.5637,terug,-150,MM0 P=-150:150
41.5638,terug,-150,MM1 P=-150:150
41.5973,terug,-150,"#128,YAW,-1.51,GYRO,87,61,-70,ACC,-3,-1,237,ADC,1271,496,6,2,"
41.5973,terug,-150,MM0 !M -150 150
41.5974,terug,-150,MM0 +
41.5974,terug,-150,MM1 !M -150 150
41.5974,terug,-150,MM1 +
41.5974,terug,-150,MM0 PING
41.5974,terug,-150,MM1 PING
41.5974,terug,-150,MM0 ?S
41.5974,terug,-150,MM1 ?S
41.5974,terug,-150,MM0 S=-150:75
41.5974,terug,-150,MM1 S=-75:75
41.5974,terug,-150,MM0 !M -150 150
41.5974,terug,-150,MM1 !M -150 150
41.5974,terug,-150,MM1 +
41.5974,terug,-150,MM0 +
41.5974,terug,-150,"#129,YAW,-1.51,GYRO,20,58,-36,ACC,3,27,279,ADC,1252,301,4,1,"
41.5974,terug,-150,MM0 ?T
41.5974,terug,-150,MM1 ?T
41.5974,terug,-150,MM0 T=35:35
41.5974,terug,-150,MM1 T=37:34
41.6184,terug,-150,"#130,YAW,-1.51,GYRO,11,37,18,ACC,2,28,251,ADC,1249,498,4,1,"
41.6184,terug,-150,MM0 ?V
41.6184,terug,-150,MM1 ?V
41.6184,terug,-150,MM0 V=120:223:4906
41.6184,terug,-150,MM1 V=120:223:4899
41.6393,terug,-150,"#131,YAW,-1.51,GYRO,-59,-10,41,ACC,11,1,264,ADC,1264,382,7,2,"
41.6393,terug,-150,MM0 ?CR
41.6393,terug,-150,MM1 ?CR
41.6393,terug,-150,MM0 CR=-34:33
41.6394,terug,-150,MM1 CR=-33:33
41.6611,terug,-150,"#132,YAW,-1.51,GYRO,-46,-3,35,ACC,0,-12,275,ADC,1237,502,5,2,"
41.6611,terug,-150,MM0 ?A
41.6611,terug,-150,MM1 ?A
41.6611,terug,-150,MM0 A=0:0
41.6611,terug,-150,MM1 A=0:0
41.6955,terug,-150,"#133,YAW,-1.51,GYRO,9,84,9,ACC,10,-17,244,ADC,1239,383,5,2,"
41.6956,terug,-150,MM0 ?AI
41.6956,terug,-150,MM1 ?AI
41.6956,terug,-150,MM0 AI=0:0:2421:2433:0:0
41.6956,terug,-150,MM1 AI=0:0:2331:2333:0:0
41.6956,terug,-150,"#134,YAW,-1.51,GYRO,24,90,-26,ACC,9,-1,245,ADC,1266,396,5,2,"
41.6956,terug,-150,MM0 ?C
41.6956,terug,-150,MM1 ?C
41.6956,terug,-150,MM0 C=-72:-15
41.6956,terug,-150,MM1 C=1513:-1619
41.7163,terug,-150,"$GPRMC,094137.6,A,5050.50695,N,00419.37158,E,000.25,300.9,021026,000.4,E*53"
41.7163,terug,-150,"#135,YAW,-1.51,GYRO,83,87,-50,ACC,-5,4,259,ADC,1264,324,5,2,"
41.7163,terug,-150,MM0 ?D
41.7163,terug,-150,MM1 ?D
41.7163,terug,-150,MM0 D=18
41.7163,terug,-150,MM1 D=17
41.7377,terug,-150,"#136,YAW,-1.51,GYRO,-24,62,-27,ACC,3,33,274,ADC,1237,386,7,2,"
41.7377,terug,-150,MM0 ?FF
41.7377,terug,-150,MM1 ?FF
41.7377,terug,-150,MM0 FF=0
41.7377,terug,-150,MM1 FF=0
41.7593,terug,-150,"#137,YAW,-1.51,GYRO,-6,38,9,ACC,0,29,259,ADC,1252,501,5,2,"
41.7593,terug,-150,MM0 ?P
41.7593,terug,-150,MM1 ?P
41.7593,terug,-150,MM0 P=-150:150
41.7593,terug,-150,MM1 P=-150:150
41.7787,terug,-150,"#138,YAW,-1.51,GYRO,-62,-1,25,ACC,12,-9,269,ADC,1240,389,7,2,"
41.7787,terug,-150,MM0 ?S
41.7787,terug,-150,MM1 ?S
41.7787,terug,-150,MM1 S=-150:150
41.7787,terug,-150,MM0 S=-75:150
41.8004,terug,-150,MM0 !M -150 150
41.8004,terug,-150,MM1 !M -150 150
41.8004,terug,-150,MM0 +
41.8004,terug,-150,MM1 +
41.8004,terug,-150,MM0 PING
41.8004,terug,-150,MM1 PING
41.8004,terug,-150,"#139,YAW,-1.51,GYRO,-24,36,24,ACC,7,-19,242,ADC,1263,373,6,1,"
41.8004,terug,-150,MM0 ?T
41.8004,terug,-150,MM1 ?T
41.8005,terug,-150,MM0 T=35:35
41.8005,terug,-150,MM1 T=36:34
41.8005,terug,-150,MM0 !M -150 150
41.8005,terug,-150,MM1 !M -150 150
41.8005,terug,-150,MM0 +
41.8005,terug,-150,MM1 +
41.8216,terug,-150,"#140,YAW,-1.51,GYRO,0,83,-11,ACC,15,-14,249,ADC,1240,392,5,2,"
41.8217,terug,-150,MM0 ?V
41.8217,terug,-150,MM1 ?V
41.8217,terug,-150,MM0 V=120:223:4906
41.8217,terug,-150,MM1 V=120:222:4899
41.8426,terug,-150,"#141,YAW,-1.51,GYRO,59,90,-41,ACC,14,-7,248,ADC,1233,398,5,2,"
41.8426,terug,-150,MM0 ?CR
41.8426,terug,-150,MM1 ?CR
41.8426,terug,-150,MM0 CR=-33:33
41.8426,terug,-150,MM1 CR=-33:33
41.8634,terug,-150,"#142,YAW,-1.51,GYRO,51,51,-44,ACC,-9,2,245,ADC,1294,501,4,1,"
41.8634,terug,-150,MM0 ?A
41.8634,terug,-150,MM1 ?A
41.8634,terug,-150,MM1 A=-4:0
41.8634,terug,-150,MM0 A=0:0
41.8978,terug,-150,"#143,YAW,-1.51,GYRO,-6,49,-20,ACC,10,18,245,ADC,1249,491,5,2,"
41.8979,terug,-150,MM0 ?AI
41.8979,terug,-150,MM1 ?AI
41.8979,terug,-150,MM0 AI=0:0:2438:2440:0:0
41.8979,terug,-150,MM1 AI=0:0:2354:2369:0:0
41.8979,terug,-150,MM0 !M -150 150
41.8979,terug,-150,MM1 !M -150 150
41.8979,terug,-150,MM0 +
41.8979,terug,-150,MM1 +
41.8979,terug,-150,"#144,YAW,-1.51,GYRO,-26,46,17,ACC,1,27,243,ADC,1219,382,5,2,"
41.8979,terug,-150,MM0 ?C
41.8979,terug,-150,MM1 ?C
41.8979,terug,-150,MM0 C=-105:18
41.8979,terug,-150,MM1 C=1480:-1586
41.9185,terug,-150,"$GPRMC,094137.8,A,5050.50694,N,00419.37156,E,000.27,300.9,021026,000.4,E*50"
41.9185,terug,-150,"#145,YAW,-1.51,GYRO,-55,37,42,ACC,8,7,281,ADC,1246,397,6,2,"
41.9185,terug,-150,MM0 ?D
41.9185,terug,-150,MM1 ?D
41.9185,terug,-150,MM0 D=51
41.9185,terug,-150,MM1 D=17
41.9394,terug,-150,"#146,YAW,-1.51,GYRO,-56,74,32,ACC,16,-14,273,ADC,1269,502,5,2,"
41.9394,terug,-150,MM1 ?FF
41.9394,terug,-150,MM0 ?FF
41.9394,terug,-150,MM1 FF=0
41.9394,terug,-150,MM0 FF=0
41.9603,terug,-150,"#147,YAW,-1.51,GYRO,-32,60,-9,ACC,8,-7,224,ADC,1283,404,3,2,"
41.9603,terug,-150,MM0 ?P
41.9603,terug,-150,MM1 ?P
41.9603,terug,-150,MM0 P=-150:150
41.9603,terug,-150,MM1 P=-150:150
41.9999,terug,-150,"#148,YAW,-1.51,GYRO,4,89,-51,ACC,10,-12,250,ADC,1233,391,5,2,"
41.9999,terug,-150,MM0 ?S
42.0000,terug,-150,MM1 ?S
42.0000,terug,-150,MM1 S=-150:150
42.0000,terug,-150,MM0 S=-150:75
42.0000,terug,-150,"#149,YAW,-1.51,GYRO,50,104,-70,ACC,-2,2,254,ADC,1238,385,3,1,"
42.0000,terug,-150,MM1 ?T
42.0000,terug,-150,MM0 ?T
42.0000,terug,-150,MM1 T=36:34
42.0000,terug,-150,MM0 T=35:35
42.0206,terug,-150,"#150,YAW,-1.51,GYRO,41,76,-51,ACC,-9,-1,246,ADC,1304,400,7,2,"
42.0206,terug,-150,MM1 ?V
42.0206,terug,-150,MM0 ?V
42.0206,terug,-150,MM1 V=120:223:4899
42.0206,terug,-150,MM0 V=120:222:4905
42.0416,terug,-150,"#151,YAW,-1.51,GYRO,-10,53,-4,ACC,-8,17,280,ADC,1254,394,5,2,"
42.0416,terug,-150,MM1 ?CR
42.0416,terug,-150,MM0 ?CR
42.0416,terug,-150,MM1 CR=-32:33
42.0417,terug,-150,MM0 CR=-33:32
42.0629,terug,-150,"#152,YAW,-1.51,GYRO,-40,-9,33,ACC,7,25,274,ADC,1241,387,5,1,"
42.0629,terug,-150,MM1 ?A
42.0629,terug,-150,MM0 ?A
42.0629,terug,-150,MM1 A=0:0
42.0629,terug,-150,MM0 A=0:0
42.0976,terug,-150,"#153,YAW,-1.51,GYRO,-34,-41,31,ACC,5,4,245,ADC,1237,382,5,2,"
42.0977,terug,-150,MM1 ?AI
42.0977,terug,-150,MM0 ?AI
42.0977,terug,-150,MM1 AI=0:0:2337:2337:0:0
42.0977,terug,-150,MM0 AI=0:0:2408:2422:0:0
42.0977,terug,-150,MM1 !M -15PING
42.0977,terug,-150,MM0 !M -15PING
42.0977,terug,-150,MM1 +
42.0977,terug,-150,MM0 +
42.0977,terug,-150,MM0 !M -150 150
42.0977,terug,-150,MM1 !M -150 150
42.0977,terug,-150,MM0 +
42.0977,terug,-150,MM1 +
42.0977,terug,-150,"#154,YAW,-1.51,GYRO,-14,39,-4,ACC,15,-26,255,ADC,1243,311,6,2,"
42.0977,terug,-150,MM1 ?C
42.0977,terug,-150,MM0 ?C
42.0977,terug,-150,MM1 C=1448:-1554
42.0977,terug,-150,MM0 C=-137:50
42.1183,terug,-150,"$GPRMC,094138.0,A,5050.50694,N,00419.37154,E,000.29,300.9,021026,000.4,E*5B"
42.1183,terug,-150,"#155,YAW,-1.51,GYRO,-8,86,-41,ACC,2,-5,250,ADC,1234,381,5,2,"
42.1183,terug,-150,MM1 ?D
42.1183,terug,-150,MM0 ?D
42.1183,terug,-150,MM1 D=17
42.1183,terug,-150,MM0 D=57
42.1393,terug,-150,"#156,YAW,-1.51,GYRO,79,83,-56,ACC,-6,-4,236,ADC,1225,497,5,2,"
42.1394,terug,-150,MM1 ?FF
42.1394,terug,-150,MM0 ?FF
42.1394,terug,-150,MM1 FF=0
42.1394,terug,-150,MM0 FF=0
42.1603,terug,-150,"#157,YAW,-1.50,GYRO,-14,77,-38,ACC,-4,19,270,ADC,1298,501,4,2,"
42.1604,terug,-150,MM1 ?P
42.1604,terug,-150,MM0 ?P
42.1604,terug,-150,MM1 P=-150:150
42.1604,terug,-150,MM0 P=-150:150
42.2076,terug,-150,"#158,YAW,-1.50,GYRO,-46,24,10,ACC,1,40,238,ADC,1245,500,5,2,"
42.2076,terug,-150,MM1 ?S
42.2077,terug,-150,MM0 ?S
42.2077,terug,-150,MM0 S=-75:75
42.2077,terug,-150,MM1 S=-150:75
42.2077,terug,-150,MM1 !M -150 150
42.2077,terug,-150,MM0 !M -150 150
42.2077,terug,-150,MM1 +
42.2077,terug,-150,MM0 +
42.2077,terug,-150,"#159,YAW,-1.51,GYRO,-54,14,39,ACC,-9,5,255,ADC,1288,351,5,1,"
42.2077,terug,-150,MM1 ?T
42.2077,terug,-150,MM0 ?T
42.2077,terug,-150,MM1 T=36:34
42.2077,terug,-150,MM0 T=35:35
42.2077,terug,-150,"#160,YAW,-1.51,GYRO,-81,-8,31,ACC,6,-1,291,ADC,1248,502,6,2,"
42.2286,terug,-150,MM1 ?V
42.2286,terug,-150,MM0 ?V
42.2286,terug,-150,MM1 V=120:225:4900
42.2287,terug,-150,MM0 V=120:223:4906
42.2287,terug,-150,"#161,YAW,-1.51,GYRO,-7,22,-12,ACC,7,-25,245,ADC,1226,380,4,2,"
42.2287,terug,-150,MM1 ?CR
42.2521,terug,-150,MM0 ?CR
42.2521,terug,-150,MM1 CR=-33:31
42.2521,terug,-150,MM0 CR=-32:33
42.2521,terug,-150,"#162,YAW,-1.51,GYRO,-24,90,-62,ACC,9,-10,234,ADC,1249,395,5,2,"
42.2521,terug,-150,MM1 ?A
42.2521,terug,-150,MM0 ?A
42.2708,terug,-150,MM1 A=0:0
42.2708,terug,-150,MM0 A=0:0
42.2708,terug,-150,"#163,YAW,-1.50,GYRO,69,72,-80,ACC,0,-2,251,ADC,1258,387,5,1,"
42.2708,terug,-150,MM1 ?AI
42.2708,terug,-150,MM0 ?AI
42.3067,terug,-150,MM1 AI=0:0:2333:2328:0:0
42.3067,terug,-150,MM0 AI=0:0:2430:2434:0:0
42.3067,terug,-150,MM1 !M -150 150
42.3067,terug,-150,MM0 !M -150 150
42.3067,terug,-150,MM1 +
42.3067,terug,-150,MM0 +
42.3067,terug,-150,"#164,YAW,-1.50,GYRO,36,60,-64,ACC,-6,13,272,ADC,1236,299,5,2,"
42.3067,terug,-150,MM1 ?C
42.3068,terug,-150,MM0 ?C
42.3068,terug,-150,MM1 C=1416:-1522
42.3068,terug,-150,MM0 C=-169:82
42.3068,terug,-150,"$GPRMC,094138.2,A,5050.50693,N,00419.37151,E,000.33,300.9,021026,000.4,E*50"
42.3274,terug,-150,"#165,YAW,-1.50,GYRO,-61,-5,-6,ACC,5,27,241,ADC,1232,501,6,2,"
42.3275,terug,-150,MM1 ?D
42.3275,terug,-150,MM0 ?D
42.3275,terug,-150,MM1 D=49
42.3275,terug,-150,MM0 D=33
42.3275,terug,-150,"#166,YAW,-1.50,GYRO,-40,50,55,ACC,-3,14,266,ADC,1236,384,6,2,"
42.3485,terug,-150,MM1 ?FF
42.3485,terug,-150,MM0 ?FF
42.3485,terug,-150,MM1 FF=0
42.3485,terug,-150,MM0 FF=0
42.3485,terug,-150,"#167,YAW,-1.51,GYRO,-89,-19,76,ACC,10,1,278,ADC,1271,383,3,2,"
42.3485,terug,-150,MM1 ?P
42.3695,terug,-150,MM0 ?P
42.3695,terug,-150,MM1 P=-150:150
42.3695,terug,-150,MM0 P=-150:150
42.3695,terug,-150,"#168,YAW,-1.51,GYRO,-57,-21,43,ACC,6,-13,220,ADC,1218,380,7,1,"
42.3695,terug,-150,MM1 ?S
42.3695,terug,-150,MM0 ?S
42.4036,terug,-150,MM1 S=-150:150
42.4037,terug,-150,MM0 S=-150:150
42.4037,terug,-150,MM0 !M -150 150
42.4037,terug,-150,MM1 !M -150 150
42.4037,terug,-150,MM0 +
42.4037,terug,-150,MM1 +
42.4037,terug,-150,"#169,YAW,-1.51,GYRO,-21,57,-28,ACC,0,-17,245,ADC,1201,382,4,1,"
42.4037,terug,-150,MM1 ?T
42.4037,terug,-150,MM0 ?T
42.4037,terug,-150,MM1 T=36:34
42.4037,terug,-150,MM0 T=35:35
42.4248,terug,-150,"#170,YAW,-1.50,GYRO,28,89,-79,ACC,-8,-17,249,ADC,1296,501,5,1,"
42.4248,terug,-150,MM1 ?V
42.4248,terug,-150,MM0 ?V
42.4248,terug,-150,MM1 V=120:222:4899
42.4248,terug,-150,MM0 V=120:223:4905
42.4456,terug,-150,"#171,YAW,-1.50,GYRO,65,69,-94,ACC,0,5,229,ADC,1296,498,5,2,"
42.4456,terug,-150,MM1 ?CR
42.4456,terug,-150,MM0 ?CR
42.4456,terug,-150,MM1 CR=-31:33
42.4456,terug,-150,MM0 CR=-32:32
42.4664,terug,-150,"#172,YAW,-1.50,GYRO,6,40,-38,ACC,-14,25,261,ADC,1285,500,7,3,"
42.4664,terug,-150,MM1 ?A
42.4664,terug,-150,MM0 ?A
42.4664,terug,-150,MM1 A=0:0
42.4665,terug,-150,MM0 A=0:0
42.5004,terug,-150,"#173,YAW,-1.50,GYRO,-21,8,31,ACC,1,17,271,ADC,1262,388,5,2,"
42.5004,terug,-150,MM1 ?AI
42.5004,terug,-150,MM0 ?AI
42.5005,terug,-150,MM1 AI=0:0:2343:2326:0:0
42.5005,terug,-150,MM0 AI=0:0:2408:2445:0:0
42.5005,terug,-150,"#174,YAW,-1.50,GYRO,-44,-8,62,ACC,-3,1,261,ADC,1229,407,3,1,"
42.5005,terug,-150,MM1 ?C
42.5005,terug,-150,MM0 ?C
42.5005,terug,-150,MM0 C=-202:114
42.5005,terug,-150,MM1 C=1384:-1490
42.5005,terug,-150,"$GPRMC,094138.4,A,5050.50692,N,00419.37148,E,000.37,300.9,021026,000.4,E*5B"
42.5214,terug,-150,"#175,YAW,-1.50,GYRO,-50,2,43,ACC,3,-12,255,ADC,1206,383,6,1,"
42.5214,terug,-150,MM1 ?D
42.5214,terug,-150,MM0 ?D
42.5214,terug,-150,MM1 D=17
42.5214,terug,-150,MM0 D=49
42.5425,terug,-150,"#176,YAW,-1.50,GYRO,-9,17,-11,ACC,10,-17,268,ADC,1245,386,5,3,"
42.5426,terug,-150,MM1 ?FF
42.5426,terug,-150,MM0 ?FF
42.5426,terug,-150,MM1 FF=0
42.5426,terug,-150,MM0 FF=0
42.5638,terug,-150,"#177,YAW,-1.50,GYRO,18,90,-61,ACC,0,-16,245,ADC,1262,395,5,1,"
42.5638,terug,-150,MM1 ?P
42.5638,terug,-150,MM0 ?P
42.5638,terug,-150,MM1 P=-150:150
42.5638,terug,-150,MM0 P=-150:150
42.5975,terug,-150,"#178,YAW,-1.50,GYRO,77,74,-86,ACC,3,-3,228,ADC,1279,498,5,2,"
42.5975,terug,-150,MM1 ?S
42.5975,terug,-150,MM0 ?S
42.5975,terug,-150,MM1 S=-75:75
42.5975,terug,-150,MM0 S=-75:75
42.5975,terug,-150,MM0 !M -150 150
42.5975,terug,-150,MM1 !M -150 150
42.5976,terug,-150,MM0 +
42.5976,terug,-150,MM1 +
42.5976,terug,-150,MM1 PING
42.5976,terug,-150,MM0 PING
42.5976,terug,-150,MM0 !M -150 150
42.5976,terug,-150,MM1 !M -150 150
42.5976,terug,-150,MM0 +
42.5976,terug,-150,MM1 +
42.5976,terug,-150,"#179,YAW,-1.50,GYRO,13,57,-53,ACC,4,28,276,ADC,1249,288,5,1,"
42.5976,terug,-150,MM1 ?T
42.5976,terug,-150,MM0 ?T
42.5976,terug,-150,MM1 T=36:34
42.5976,terug,-150,MM0 T=35:35
42.6186,terug,-150,"#180,YAW,-1.50,GYRO,-30,49,14,ACC,-2,34,258,ADC,1274,499,5,1,"
42.6186,terug,-150,MM1 ?V
42.6186,terug,-150,MM0 ?V
42.6186,terug,-150,MM0 V=120:223:4905
42.6186,terug,-150,MM1 V=120:222:4899
42.6393,terug,-150,"#181,YAW,-1.50,GYRO,2,90,49,ACC,11,4,283,ADC,1244,495,4,2,"
42.6393,terug,-150,MM0 ?CR
42.6393,terug,-150,MM1 ?CR
42.6394,terug,-150,MM0 CR=-33:32
42.6394,terug,-150,MM1 CR=-33:32
42.6608,terug,-150,"#182,YAW,-1.50,GYRO,-38,70,47,ACC,15,-15,276,ADC,1278,389,7,2,"
42.6608,terug,-150,MM0 ?A
42.6608,terug,-150,MM1 ?A
42.6609,terug,-150,MM0 A=0:0
42.6609,terug,-150,MM1 A=0:0
42.7098,terug,-150,"#183,YAW,-1.50,GYRO,-14,54,3,ACC,10,-19,235,ADC,1261,394,4,2,"
42.7098,terug,-150,MM0 ?AI
42.7098,terug,-150,MM1 ?AI
42.7098,terug,-150,MM0 AI=0:0:2438:2444:0:0
42.7098,terug,-150,MM1 AI=0:0:2316:2298:0:0
42.7098,terug,-150,"#184,YAW,-1.50,GYRO,30,98,-48,ACC,8,-13,240,ADC,1263,487,3,2,"
42.7098,terug,-150,MM0 !M -150 150
42.7098,terug,-150,MM0 +
42.7098,terug,-150,MM1 !M -150 150
42.7098,terug,-150,MM1 +
42.7098,terug,-150,MM0 ?C
42.7098,terug,-150,MM1 ?C
42.7098,terug,-150,MM0 C=-235:147
42.7099,terug,-150,MM1 C=1351:-1457
42.7099,terug,-150,"$GPRMC,094138.6,A,5050.50692,N,00419.37145,E,000.40,300.9,021026,000.4,E*54"
42.7099,terug,-150,"#185,YAW,-1.50,GYRO,87,120,-73,ACC,-3,-1,236,ADC,1216,281,5,2,"
42.7099,terug,-150,MM0 ?D
42.7304,terug,-150,MM1 ?D
42.7304,terug,-150,MM0 D=32
42.7304,terug,-150,MM1 D=48
42.7304,terug,-150,"#186,YAW,-1.48,GYRO,24,108,-59,ACC,7,26,251,ADC,1239,498,5,2,"
42.7305,terug,-150,MM0 ?FF
42.7305,terug,-150,MM1 ?FF
42.7305,terug,-150,MM0 FF=0
42.7516,terug,-150,MM1 FF=0
42.7516,terug,-150,"#187,YAW,-1.48,GYRO,-3,103,-13,ACC,-2,29,274,ADC,1246,382,4,1,"
42.7516,terug,-150,MM0 ?P
42.7516,terug,-150,MM1 ?P
42.7517,terug,-150,MM0 P=-150:150
42.7722,terug,-150,MM1 P=-150:150
42.7723,terug,-150,"#188,YAW,-1.48,GYRO,-17,30,28,ACC,14,6,245,ADC,1223,387,4,2,"
42.7723,terug,-150,MM0 ?S
42.7723,terug,-150,MM1 ?S
42.7723,terug,-150,MM0 S=-75:75
42.7723,terug,-150,MM1 S=-150:75
42.8065,terug,-150,MM0 !M -150 150
42.8066,terug,-150,MM1 !M -150 150
42.8066,terug,-150,MM0 +
42.8066,terug,-150,MM1 +
42.8066,terug,-150,"#189,YAW,-1.48,GYRO,-67,-20,29,ACC,1,2,271,ADC,1288,396,6,2,"
42.8066,terug,-150,MM0 ?T
42.8066,terug,-150,MM1 ?T
42.8066,terug,-150,MM0 T=35:35
42.8066,terug,-150,MM1 T=36:34
42.8275,terug,-150,"#190,YAW,-1.48,GYRO,-13,-34,7,ACC,-8,-7,277,ADC,1234,503,4,1,"
42.8275,terug,-150,MM0 ?V
42.8275,terug,-150,MM1 ?V
42.8275,terug,-150,MM0 V=120:223:4905
42.8275,terug,-150,MM1 V=120:223:4900
42.8491,terug,-150,"#191,YAW,-1.48,GYRO,-29,119,-21,ACC,2,-19,228,ADC,1255,500,6,2,"
42.8491,terug,-150,MM0 ?CR
42.8491,terug,-150,MM1 ?CR
42.8491,terug,-150,MM0 CR=-33:33
42.8491,terug,-150,MM1 CR=-33:33
42.8491,terug,-150,"#192,YAW,-1.48,GYRO,38,77,-54,ACC,9,-4,251,ADC,1234,409,4,2,"
42.8491,terug,-150,MM0 ?A
42.8695,terug,-150,MM1 ?A
42.8695,terug,-150,MM1 A=0:0
42.8695,terug,-150,MM0 A=0:0
42.8695,terug,-150,"#193,YAW,-1.48,GYRO,15,12,-40,ACC,-10,8,291,ADC,1227,381,6,2,"
42.8695,terug,-150,MM0 ?AI
42.8695,terug,-150,MM1 ?AI
42.9036,terug,-150,MM0 AI=0:0:2448:2427:0:0
42.9036,terug,-150,MM1 AI=0:0:2289:2354:0:0
42.9036,terug,-150,MM1 !M -150 150
42.9036,terug,-150,MM0 !M -150 150
42.9036,terug,-150,MM1 +
42.9036,terug,-150,MM0 +
42.9036,terug,-150,"#194,YAW,-1.48,GYRO,-32,-9,-7,ACC,3,25,240,ADC,1224,498,6,1,"
42.9036,terug,-150,MM0 ?C
42.9036,terug,-150,MM1 ?C
42.9036,terug,-150,MM0 C=-268:180
42.9037,terug,-150,MM1 C=1318:-1424
42.9037,terug,-150,"$GPRMC,094138.8,A,5050.50691,N,00419.37141,E,000.41,300.9,021026,000.4,E*5C"
42.9247,terug,-150,"#195,YAW,-1.48,GYRO,-36,4,24,ACC,-1,6,241,ADC,1264,501,4,2,"
42.9247,terug,-150,MM0 ?D
42.9247,terug,-150,MM1 ?D
42.9247,terug,-150,MM0 D=18
42.9247,terug,-150,MM1 D=34
42.9463,terug,-150,"#196,YAW,-1.46,GYRO,-85,-40,37,ACC,-6,4,275,ADC,1273,497,4,2,"
42.9463,terug,-150,MM0 ?FF
42.9463,terug,-150,MM1 ?FF
42.9463,terug,-150,MM0 FF=0
42.9463,terug,-150,MM1 FF=0
42.9731,terug,-150,"#197,YAW,-1.46,GYRO,9,-11,22,ACC,12,-29,241,ADC,1277,393,4,2,"
42.9731,terug,-150,MM0 ?P
42.9731,terug,-150,MM1 ?P
42.9731,terug,-150,MM0 P=-150:150
42.9731,terug,-150,MM1 P=-150:150
42.9877,terug,-150,"#198,YAW,-1.46,GYRO,-33,91,-15,ACC,13,-20,247,ADC,1277,389,5,2,"
42.9877,terug,-150,MM0 ?S
42.9877,terug,-150,MM1 ?S
42.9878,terug,-150,MM0 S=-75:75
42.9878,terug,-150,MM1 S=-150:150
42.9878,terug,-150,MM0 !M -150 150
42.9878,terug,-150,MM1 !M -150 150
42.9878,terug,-150,MM0 +
42.9878,terug,-150,MM1 +
43.0089,terug,-150,"#199,YAW,-1.46,GYRO,78,111,-53,ACC,-3,-7,247,ADC,1316,339,5,2,"
43.0089,terug,-150,MM0 ?T
43.0089,terug,-150,MM1 ?T
43.0089,terug,-150,MM0 T=35:35
43.0090,terug,-150,MM1 T=36:34
43.0090,terug,-150,"#200,YAW,-1.45,GYRO,-16,28,-38,ACC,1,26,268,ADC,1267,499,4,2,"
43.0090,terug,-150,MM0 ?V
43.0294,terug,-150,MM1 ?V
43.0294,terug,-150,MM0 V=120:223:4905
43.0294,terug,-150,MM1 V=120:223:4900
43.0294,terug,-150,"#201,YAW,-1.45,GYRO,-10,39,4,ACC,12,29,248,ADC,1227,393,5,2,"
43.0294,terug,-150,MM0 ?CR
43.0294,terug,-150,MM1 ?CR
43.0504,terug,-150,MM0 CR=-33:33
43.0504,terug,-150,MM1 CR=-33:33
43.0504,terug,-150,"#202,YAW,-1.46,GYRO,-77,-2,44,ACC,5,8,244,ADC,1241,385,5,1,"
43.0504,terug,-150,MM0 ?A
43.0504,terug,-150,MM1 ?A
43.0504,terug,-150,MM0 A=0:0
43.0717,terug,-150,MM1 A=0:5
43.0718,terug,-150,"#203,YAW,-1.46,GYRO,-48,-37,50,ACC,3,-20,282,ADC,1225,379,5,2,"
43.0718,terug,-150,MM0 ?AI
43.0718,terug,-150,MM1 ?AI
43.0718,terug,-150,MM0 AI=0:0:2439:2422:0:0
43.1125,terug,-150,MM1 AI=0:0:2416:2355:0:0
43.1125,terug,-150,"#204,YAW,-1.46,GYRO,-4,43,10,ACC,11,-25,253,ADC,1231,384,4,2,"
43.1125,terug,-150,MM0 ?C
43.1125,terug,-150,MM1 ?C
43.1125,terug,-150,MM0 C=-301:212
43.1125,terug,-150,MM1 C=1285:-1392
43.1125,terug,-150,MM0 !M -150 150
43.1125,terug,-150,MM1 !M -150 150
43.1125,terug,-150,MM0 +
43.1125,terug,-150,MM1 +
43.1125,terug,-150,"$GPRMC,094139.0,A,5050.50691,N,00419.37138,E,000.43,300.9,021026,000.4,E*59"
43.1125,terug,-150,"#205,YAW,-1.46,GYRO,-10,92,-37,ACC,14,-9,239,ADC,1277,294,4,2,"
43.1125,terug,-150,MM0 ?D
43.1125,terug,-150,MM1 ?D
43.1125,terug,-150,MM0 D=19
43.1125,terug,-150,MM1 D=43
43.1333,terug,-150,"#206,YAW,-1.43,GYRO,73,119,-76,ACC,-6,5,231,ADC,1225,385,7,1,"
43.1333,terug,-150,MM0 ?FF
43.1333,terug,-150,MM1 ?FF
43.1333,terug,-150,MM0 FF=0
43.1334,terug,-150,MM1 FF=0
43.1544,terug,-150,"#207,YAW,-1.43,GYRO,27,105,-59,ACC,7,17,263,ADC,1262,387,6,2,"
43.1544,terug,-150,MM0 ?P
43.1544,terug,-150,MM1 ?P
43.1544,terug,-150,MM0 P=-150:150
43.1544,terug,-150,MM1 P=-150:150
43.1754,terug,-150,"#208,YAW,-1.43,GYRO,-19,98,-8,ACC,3,31,266,ADC,1258,501,4,1,"
43.1755,terug,-150,MM0 ?S
43.1755,terug,-150,MM1 ?S
43.1755,terug,-150,MM1 S=-75:75
43.1755,terug,-150,MM0 S=-150:150
43.2097,terug,-150,MM0 !M -150 150
43.2097,terug,-150,"#209,YAW,-1.43,GYRO,-46,80,42,ACC,-3,18,235,ADC,1225,378,6,2,"
43.2097,terug,-150,MM0 +
43.2097,terug,-150,MM1 !M -150 150
43.2097,terug,-150,MM1 +
43.2097,terug,-150,MM0 ?T
43.2097,terug,-150,MM1 ?T
43.2097,terug,-150,MM0 T=35:35
43.2097,terug,-150,MM1 T=37:34
43.2097,terug,-150,"#210,YAW,-1.44,GYRO,-43,3,51,ACC,-5,-6,285,ADC,1318,499,6,2,"
43.2097,terug,-150,MM0 ?V
43.2097,terug,-150,MM1 ?V
43.2310,terug,-150,MM0 V=120:229:4904
43.2310,terug,-150,MM1 V=120:222:4899
43.2310,terug,-150,"#211,YAW,-1.44,GYRO,-69,10,24,ACC,7,-15,261,ADC,1263,403,5,2,"
43.2310,terug,-150,MM0 ?CR
43.2310,terug,-150,MM1 ?CR
43.2310,terug,-150,MM0 CR=-33:32
43.2513,terug,-150,MM1 CR=-32:32
43.2514,terug,-150,"#212,YAW,-1.44,GYRO,-13,97,-22,ACC,5,-15,215,ADC,1280,497,5,2,"
43.2514,terug,-150,MM0 ?A
43.2514,terug,-150,MM1 ?A
43.2514,terug,-150,MM0 A=0:0
43.2514,terug,-150,MM1 A=0:5
43.2727,terug,-150,"#213,YAW,-1.43,GYRO,-7,55,-57,ACC,1,-4,265,ADC,1241,382,7,2,"
43.2727,terug,-150,MM0 ?AI
43.2727,terug,-150,MM1 ?AI
43.2727,terug,-150,MM0 AI=0:0:2440:2429:0:0
43.3069,terug,-150,MM1 AI=0:0:2345:2346:0:0
43.3069,terug,-150,MM0 !M -150 150
43.3069,terug,-150,MM1 !M -150 150
43.3069,terug,-150,MM1 +
43.3069,terug,-150,MM0 +
43.3070,terug,-150,"#214,YAW,-1.43,GYRO,60,86,-69,ACC,-11,1,258,ADC,1279,346,6,2,"
43.3070,terug,-150,MM0 ?C
43.3070,terug,-150,MM1 ?C
43.3070,terug,-150,MM0 C=-334:245
43.3070,terug,-150,MM1 C=1253:-1359
43.3070,terug,-150,"$GPRMC,094139.2,A,5050.50690,N,00419.37134,E,000.43,300.9,021026,000.4,E*56"
43.3278,terug,-150,"#215,YAW,-1.43,GYRO,-48,13,-29,ACC,-1,17,262,ADC,1251,386,5,2,"
43.3278,terug,-150,MM0 ?D
43.3278,terug,-150,MM1 ?D
43.3278,terug,-150,MM0 D=17
43.3278,terug,-150,MM1 D=3
43.3278,terug,-150,"#216,YAW,-1.41,GYRO,-5,5,21,ACC,6,11,276,ADC,1285,502,4,1,"
43.3498,terug,-150,MM0 ?FF
43.3498,terug,-150,MM1 ?FF
43.3498,terug,-150,MM0 FF=0
43.3498,terug,-150,MM1 FF=0
43.3498,terug,-150,"#217,YAW,-1.41,GYRO,-69,-44,36,ACC,-6,5,249,ADC,1238,384,4,2,"
43.3498,terug,-150,MM0 ?P
43.3703,terug,-150,MM1 ?P
43.3703,terug,-150,MM0 P=-150:150
43.3703,terug,-150,MM1 P=-150:150
43.3703,terug,-150,"#218,YAW,-1.42,GYRO,-72,-45,22,ACC,7,-11,264,ADC,1282,501,4,2,"
43.3703,terug,-150,MM0 ?S
43.3703,terug,-150,MM1 ?S
43.3904,terug,-150,MM0 S=-150:150
43.3905,terug,-150,MM1 S=-150:150
43.3905,terug,-150,"#219,YAW,-1.41,GYRO,-32,39,-17,ACC,13,-15,241,ADC,1226,391,5,2,"
43.3905,terug,-150,MM0 ?T
43.3905,terug,-150,MM1 ?T
43.3905,terug,-150,MM0 T=35:35
43.4113,terug,-150,MM1 T=36:34
43.4113,terug,-150,"#220,YAW,-1.41,GYRO,44,107,-54,ACC,1,-15,242,ADC,1258,417,4,2,"
43.4113,terug,-150,MM0 ?V
43.4113,terug,-150,MM1 ?V
43.4324,terug,-150,MM0 V=120:223:4905
43.4324,terug,-150,MM1 V=120:223:4898
43.4324,terug,-150,"#221,YAW,-1.41,GYRO,68,100,-64,ACC,-8,-7,221,ADC,1217,381,3,1,"
43.4325,terug,-150,MM0 ?CR
43.4325,terug,-150,MM1 ?CR
43.4325,terug,-150,MM0 CR=-33:33
43.4325,terug,-150,MM1 CR=-33:33
43.4532,terug,-150,"#222,YAW,-1.41,GYRO,39,71,-38,ACC,3,20,297,ADC,1263,501,7,2,"
43.4532,terug,-150,MM0 ?A
43.4533,terug,-150,MM1 ?A
43.4533,terug,-150,MM0 A=0:0
43.4533,terug,-150,MM1 A=0:0
43.4745,terug,-150,"#223,YAW,-1.41,GYRO,-5,-12,6,ACC,2,29,259,ADC,1221,385,6,2,"
43.4745,terug,-150,MM0 ?AI
43.4745,terug,-150,MM1 ?AI
43.4745,terug,-150,MM0 AI=0:0:2425:2439:0:0
43.4745,terug,-150,MM1 AI=0:0:2332:2372:0:0
43.5096,terug,-150,MM1 !M -150 150
43.5096,terug,-150,MM0 !M -150 150
43.5096,terug,-150,MM1 +
43.5096,terug,-150,MM0 +
43.5096,terug,-150,MM0 PING
43.5096,terug,-150,MM1 PING
43.5096,terug,-150,"#224,YAW,-1.41,GYRO,-27,12,28,ACC,3,13,246,ADC,1228,501,5,2,"
43.5096,terug,-150,MM0 ?C
43.5096,terug,-150,MM1 ?C
43.5096,terug,-150,MM0 C=-367:278
43.5097,terug,-150,MM1 C=1220:-1326
43.5097,terug,-150,"$GPRMC,094139.4,A,5050.50690,N,00419.37131,E,000.43,300.9,021026,000.4,E*55"
43.5097,terug,-150,"#225,YAW,-1.41,GYRO,-41,-8,32,ACC,8,-16,269,ADC,1240,382,3,2,"
43.5097,terug,-150,MM0 ?D
43.5097,terug,-150,MM1 ?D
43.5304,terug,-150,MM0 D=50
43.5305,terug,-150,MM1 D=17
43.5305,terug,-150,"#226,YAW,-1.40,GYRO,-5,53,7,ACC,11,-28,251,ADC,1225,382,5,2,"
43.5305,terug,-150,MM0 ?FF
43.5305,terug,-150,MM1 ?FF
43.5305,terug,-150,MM0 FF=0
43.5542,terug,-150,MM1 FF=0
43.5542,terug,-150,"#227,YAW,-1.39,GYRO,35,97,-23,ACC,3,-10,232,ADC,1290,501,5,2,"
43.5542,terug,-150,MM0 ?P
43.5542,terug,-150,MM1 ?P
43.5542,terug,-150,MM0 P=-150:150
43.5722,terug,-150,MM1 P=-150:150
43.5723,terug,-150,"#228,YAW,-1.39,GYRO,51,105,-41,ACC,-5,0,237,ADC,1194,381,6,1,"
43.5723,terug,-150,MM0 ?S
43.5723,terug,-150,MM1 ?S
43.5723,terug,-150,MM0 S=-150:75
43.5723,terug,-150,MM1 S=-75:150
43.6074,terug,-150,MM1 !M -150 150
43.6074,terug,-150,MM0 !M -150 150
43.6074,terug,-150,MM0 +
43.6074,terug,-150,MM1 +
43.6074,terug,-150,MM0 PING
43.6074,terug,-150,MM1 PING
43.6074,terug,-150,"#229,YAW,-1.39,GYRO,-17,49,-23,ACC,-2,27,303,ADC,1231,387,4,1,"
43.6074,terug,-150,MM0 ?T
43.6074,terug,-150,MM1 ?T
43.6074,terug,-150,MM0 T=35:35
43.6074,terug,-150,MM1 T=36:34
43.6281,terug,-150,"#230,YAW,-1.39,GYRO,2,0,2,ACC,5,14,230,ADC,1282,396,6,1,"
43.6281,terug,-150,MM0 ?V
43.6281,terug,-150,MM1 ?V
43.6281,terug,-150,MM0 V=120:223:4905
43.6281,terug,-150,MM1 V=120:223:4898
43.6281,terug,-150,"#231,YAW,-1.39,GYRO,-48,36,7,ACC,4,1,276,ADC,1238,390,4,2,"
43.6486,terug,-150,MM0 ?CR
43.6486,terug,-150,MM1 ?CR
43.6486,terug,-150,MM0 CR=-34:33
43.6486,terug,-150,MM1 CR=-33:33
43.6486,terug,-150,"#232,YAW,-1.39,GYRO,-24,13,10,ACC,11,-15,277,ADC,1252,391,5,2,"
43.6486,terug,-150,MM0 ?A
43.6704,terug,-150,MM1 ?A
43.6704,terug,-150,MM0 A=0:0
43.6704,terug,-150,MM1 A=0:0
43.6704,terug,-150,"#233,YAW,-1.39,GYRO,8,69,-14,ACC,15,-10,243,ADC,1231,383,5,1,"
43.6704,terug,-150,MM0 ?AI
43.6705,terug,-150,MM1 ?AI
43.7048,terug,-150,MM0 AI=0:0:2407:2461:0:0
43.7049,terug,-150,MM1 AI=0:0:2354:2355:0:0
43.7049,terug,-150,MM0 !M -150 150
43.7049,terug,-150,MM1 !M -150 150
43.7049,terug,-150,MM0 +
43.7049,terug,-150,MM1 +
43.7049,terug,-150,MM1 PING
43.7049,terug,-150,MM0 PING
43.7049,terug,-150,MM0 !M -150 150
43.7049,terug,-150,MM1 !M -150 150
43.7049,terug,-150,MM0 +
43.7049,terug,-150,MM1 +
43.7049,terug,-150,"#234,YAW,-1.39,GYRO,48,105,-38,ACC,26,-2,228,ADC,1270,313,6,2,"
43.7049,terug,-150,MM0 ?C
43.7049,terug,-150,MM1 ?C
43.7049,terug,-150,MM0 C=-400:311
43.7049,terug,-150,MM1 C=1187:-1294
43.7049,terug,-150,"$GPRMC,094139.6,A,5050.50690,N,00419.37127,E,000.43,300.9,021026,000.4,E*50"
43.7254,terug,-150,"#235,YAW,-1.39,GYRO,23,58,-46,ACC,28,12,237,ADC,1246,401,7,2,"
43.7254,terug,-150,MM0 ?D
43.7254,terug,-150,MM1 ?D
43.7254,terug,-150,MM0 D=34
43.7254,terug,-150,MM1 D=48
43.7465,terug,-150,"#236,YAW,-1.37,GYRO,-3,45,-30,ACC,26,16,285,ADC,1246,503,6,1,"
43.7466,terug,-150,MM0 ?FF
43.7466,terug,-150,MM1 ?FF
43.7466,terug,-150,MM0 FF=0
43.7466,terug,-150,MM1 FF=0
43.7675,terug,-150,"#237,YAW,-1.37,GYRO,0,22,-5,ACC,57,20,238,ADC,1282,498,5,2,"
43.7675,terug,-150,MM0 ?P
43.7675,terug,-150,MM1 ?P
43.7675,terug,-150,MM0 P=-150:150
43.7675,terug,-150,MM1 P=-150:150
43.7675,terug,-150,"#238,YAW,-1.37,GYRO,-42,40,1,ACC,50,1,243,ADC,1242,384,4,2,"
43.8166,terug,-150,MM0 ?S
43.8166,terug,-150,MM1 ?S
43.8166,terug,-150,MM0 S=-75:150
43.8166,terug,-150,MM1 S=-150:75
43.8166,terug,-150,"#239,YAW,-1.37,GYRO,-18,63,-14,ACC,60,0,284,ADC,1254,500,7,2,"
43.8167,terug,-150,MM0 ?T
43.8167,terug,-150,MM1 ?T
43.8167,terug,-150,MM0 T=35:35
43.8167,terug,-150,MM1 T=36:34
43.8167,terug,-150,"#240,YAW,-1.37,GYRO,-35,64,-11,ACC,62,-14,252,ADC,1249,502,5,1,"
43.8167,terug,-150,MM0 ?V
43.8168,terug,-150,MM1 ?V
43.8168,terug,-150,MM0 V=120:223:4906
43.8168,terug,-150,MM1 V=120:221:4898
43.8373,terug,-150,"#241,YAW,-1.37,GYRO,-23,115,-24,ACC,76,6,246,ADC,1253,394,7,2,"
43.8373,terug,-150,MM0 ?CR
43.8373,terug,-150,MM1 ?CR
43.8373,terug,-150,MM0 CR=-27:28
43.8373,terug,-150,MM1 CR=-28:28
43.8583,terug,-150,"#242,YAW,-1.37,GYRO,-17,95,-29,ACC,63,9,244,ADC,1222,381,4,1,"
43.8583,terug,-150,MM0 ?A
43.8583,terug,-150,MM1 ?A
43.8583,terug,-150,MM0 A=-14:10
43.8583,terug,-150,MM1 A=-9:15
43.8795,terug,-150,"#243,YAW,-1.37,GYRO,-13,55,-16,ACC,45,5,256,ADC,1230,387,4,2,"
43.8795,terug,-150,MM0 ?AI
43.8795,terug,-150,MM1 ?AI
43.8795,terug,-150,MM0 AI=0:0:2388:2436:0:0
43.8795,terug,-150,MM1 AI=0:0:2349:2315:0:0
43.8795,terug,-150,MM0 !M -150 150
43.8795,terug,-150,MM1 !M -150 150
43.8795,terug,-150,MM0 +
43.8795,terug,-150,MM1 +
43.9134,terug,-150,MM0 PING
43.9134,terug,-150,MM1 PING
43.9134,terug,-150,"#244,YAW,-1.37,GYRO,-8,45,10,ACC,32,3,257,ADC,1204,402,7,2,"
43.9134,terug,-150,MM0 ?C
43.9134,terug,-150,MM1 ?C
43.9134,terug,-150,MM0 C=-422:333
43.9134,terug,-150,MM1 C=1165:-1272
43.9134,terug,-150,MM0 !M -150 150
43.9134,terug,-150,MM1 !M -150 150
43.9134,terug,-150,MM0 +
43.9134,terug,-150,MM1 +
43.9134,terug,-150,"$GPRMC,094139.8,A,5050.50689,N,00419.37123,E,000.41,300.9,021026,000.4,E*50"
43.9134,terug,-150,"#245,YAW,-1.37,GYRO,-1,86,-13,ACC,23,9,255,ADC,1257,312,5,2,"
43.9134,terug,-150,MM0 ?D
43.9134,terug,-150,MM1 ?D
43.9134,terug,-150,MM0 D=50
43.9134,terug,-150,MM1 D=16
43.9343,terug,-150,"#246,YAW,-1.36,GYRO,-12,35,10,ACC,24,2,256,ADC,1271,389,4,1,"
43.9343,terug,-150,MM0 ?FF
43.9343,terug,-150,MM1 ?FF
43.9343,terug,-150,MM0 FF=0
43.9343,terug,-150,MM1 FF=0
43.9552,terug,-150,"#247,YAW,-1.36,GYRO,-1,67,13,ACC,14,-1,250,ADC,1235,384,6,2,"
43.9552,terug,-150,MM0 ?P
43.9552,terug,-150,MM1 ?P
43.9552,terug,-150,MM0 P=-150:150
43.9552,terug,-150,MM1 P=-150:150
43.9769,terug,-150,"#248,YAW,-1.36,GYRO,-6,66,-13,ACC,-1,3,256,ADC,1245,385,5,2,"
43.9769,terug,-150,MM0 ?S
43.9769,terug,-150,MM1 ?S
43.9769,terug,-150,MM0 S=0:0
43.9769,terug,-150,MM1 S=0:0
44.0110,terug,-150,"#249,YAW,-1.36,GYRO,-9,44,-23,ACC,-1,5,260,ADC,1262,394,6,2,"
44.0110,terug,-150,MM0 ?T
44.0110,terug,-150,MM1 ?T
44.0110,terug,-150,MM0 T=35:35
44.0110,terug,-150,MM1 T=36:34
44.0110,terug,-150,MM0 !M -150 150
44.0110,terug,-150,MM1 !M -150 150
44.0110,terug,-150,MM0 +
44.0110,terug,-150,MM1 +
44.0110,terug,-150,"#250,YAW,-1.36,GYRO,-2,42,-8,ACC,2,8,252,ADC,1221,382,3,1,"
44.0110,terug,-150,MM0 ?V
44.0110,terug,-150,MM1 ?V
44.0110,terug,-150,MM0 V=120:221:4906
44.0313,terug,-150,MM1 V=120:220:4899
44.0313,terug,-150,"#251,YAW,-1.36,GYRO,-10,40,16,ACC,4,4,246,ADC,1259,501,6,2,"
44.0313,terug,-150,MM0 ?CR
44.0313,terug,-150,MM1 ?CR
44.0313,terug,-150,MM0 CR=-7:6
44.0313,terug,-150,MM1 CR=-8:6
44.0526,terug,-150,"#252,YAW,-1.36,GYRO,-3,67,31,ACC,1,0,258,ADC,1270,502,5,2,"
44.0526,terug,-150,MM0 ?A
44.0526,terug,-150,MM1 ?A
44.0526,terug,-150,MM0 A=-24:20
44.0526,terug,-150,MM1 A=-19:20
44.0735,terug,-150,"#253,YAW,-1.36,GYRO,-6,57,13,ACC,-10,-2,251,ADC,1283,500,4,2,"
44.0735,terug,-150,MM0 ?AI
44.0735,terug,-150,MM1 ?AI
44.0735,terug,-150,MM0 AI=0:0:2425:2518:0:0
44.1075,terug,-150,MM1 AI=0:0:2356:2344:0:0
44.1075,terug,-150,MM0 !M -150 150
44.1075,terug,-150,MM1 !M -150 150
44.1075,terug,-150,MM0 +
44.1075,terug,-150,MM1 +
44.1075,terug,-150,"#254,YAW,-1.36,GYRO,-2,58,-23,ACC,-13,4,249,ADC,1239,300,3,1,"
44.1076,terug,-150,MM0 ?C
44.1076,terug,-150,MM1 ?C
44.1076,terug,-150,MM0 C=-426:336
44.1076,terug,-150,MM1 C=1160:-1268
44.1076,terug,-150,"$GPRMC,094140.0,A,5050.50689,N,00419.37120,E,000.41,300.9,021026,000.4,E*55"
44.1285,terug,-150,"#255,YAW,-1.36,GYRO,-1,61,-52,ACC,-5,8,261,ADC,1234,383,7,3,"
44.1285,terug,-150,MM1 ?D
44.1285,terug,-150,MM0 ?D
44.1285,terug,-150,MM0 D=24
44.1285,terug,-150,MM1 D=0
44.1285,terug,-150,"#0,YAW,-1.34,GYRO,-7,30,-31,ACC,4,4,257,ADC,1263,502,4,2,"
44.1285,terug,-150,MM0 ?FF
44.1494,terug,-150,MM1 ?FF
44.1494,terug,-150,MM0 FF=0
44.1494,terug,-150,MM1 FF=0
44.1494,terug,-150,"#1,YAW,-1.34,GYRO,-3,68,5,ACC,5,-4,245,ADC,1268,397,5,2,"
44.1494,terug,-150,MM0 ?P
44.1494,terug,-150,MM1 ?P
44.1705,terug,-150,MM0 P=-150:150
44.1705,terug,-150,MM1 P=-150:150
44.1705,terug,-150,"#2,YAW,-1.34,GYRO,-1,85,2,ACC,-1,1,261,ADC,1244,383,5,2,"
44.1705,terug,-150,MM0 ?S
44.1705,terug,-150,MM1 ?S
44.1705,terug,-150,MM1 S=-75:75
44.2183,terug,-150,MM0 S=-75:0
44.2183,terug,-150,"#3,YAW,-1.34,GYRO,-4,26,-5,ACC,14,4,258,ADC,1249,499,6,2,"
44.2183,terug,-150,MM0 ?T
44.2183,terug,-150,MM1 ?T
44.2183,terug,-150,MM0 T=35:35
44.2183,terug,-150,MM1 T=36:34
44.2183,terug,-150,"#4,YAW,-1.34,GYRO,-3,39,-5,ACC,19,7,246,ADC,1230,384,4,3,"
44.2183,terug,-150,MM0 ?V
44.2184,terug,-150,MM1 ?V
44.2184,terug,-150,MM0 V=120:223:4905
44.2184,terug,-150,MM1 V=120:222:4899
44.2395,terug,-150,"#5,YAW,-1.34,GYRO,-8,52,-3,ACC,19,1,259,ADC,1262,500,6,1,"
44.2395,terug,-150,MM0 ?CR
44.2395,terug,-150,MM1 ?CR
44.2396,terug,-150,MM0 CR=-4:4
44.2396,terug,-150,MM1 CR=-4:4
44.2602,terug,-150,"#6,YAW,-1.34,GYRO,-5,51,-13,ACC,13,1,257,ADC,1244,380,8,2,"
44.2603,terug,-150,MM0 ?A
44.2603,terug,-150,MM1 ?A
44.2603,terug,-150,MM0 A=-24:20
44.2603,terug,-150,MM1 A=-19:20
44.2815,terug,-150,"#7,YAW,-1.34,GYRO,-5,52,-25,ACC,12,4,255,ADC,1226,392,5,2,"
44.2815,terug,-150,MM0 ?AI
44.2815,terug,-150,MM1 ?AI
44.2815,terug,-150,MM0 AI=0:0:2427:2450:0:0
44.2815,terug,-150,MM1 AI=0:0:2318:2083:0:0
44.2815,terug,-150,MM1 !M -150 150
44.2815,terug,-150,MM0 !M -150 150
44.2815,terug,-150,MM1 +
44.2815,terug,-150,MM0 +
44.2815,terug,-150,MM0 PING
44.3155,terug,-150,MM1 PING
44.3155,terug,-150,"#8,YAW,-1.34,GYRO,-8,44,-21,ACC,6,6,256,ADC,1213,271,4,2,"
44.3155,terug,-150,MM0 ?C
44.3155,terug,-150,MM1 ?C
44.3155,terug,-150,MM0 C=-429:339
44.3155,terug,-150,MM1 C=1157:-1265
44.3155,terug,-150,"$GPRMC,094140.2,A,5050.50689,N,00419.37116,E,000.40,300.9,021026,000.4,E*53"
44.3155,terug,-150,"#9,YAW,-1.34,GYRO,-10,52,-3,ACC,3,4,257,ADC,1242,389,5,2,"
44.3155,terug,-150,MM0 ?D
44.3155,terug,-150,MM1 ?D
44.3155,terug,-150,MM1 D=33
44.3155,terug,-150,MM0 D=1
44.3362,terug,-150,"#10,YAW,-1.32,GYRO,-8,56,-6,ACC,-3,-4,251,ADC,1242,388,5,2,"
44.3362,terug,-150,MM1 ?FF
44.3362,terug,-150,MM0 ?FF
44.3362,terug,-150,MM1 FF=0
44.3363,terug,-150,MM0 FF=0
44.3573,terug,-150,"#11,YAW,-1.32,GYRO,-10,44,-18,ACC,-7,1,259,ADC,1250,499,5,2,"
44.3573,terug,-150,MM1 ?P
44.3573,terug,-150,MM0 ?P
44.3573,terug,-150,MM1 P=-150:150
44.3573,terug,-150,MM0 P=-150:150
44.3788,terug,-150,"#12,YAW,-1.32,GYRO,-8,39,-14,ACC,2,3,256,ADC,1227,398,6,2,"
44.3788,terug,-150,MM1 ?S
44.3788,terug,-150,MM0 ?S
44.3788,terug,-150,MM1 S=0:0
44.3788,terug,-150,MM0 S=0:0
44.3788,terug,-150,MM0 !M -150 150
44.4134,terug,-150,MM1 !M -150 150
44.4134,terug,-150,MM0 +
44.4134,terug,-150,MM1 +
44.4134,terug,-150,MM1 PING
44.4134,terug,-150,MM0 PING
44.4134,terug,-150,"#13,YAW,-1.32,GYRO,-9,37,-6,ACC,3,5,253,ADC,1270,385,3,1,"
44.4134,terug,-150,MM1 ?T
44.4134,terug,-150,MM0 ?T
44.4134,terug,-150,MM1 T=36:34
44.4134,terug,-150,MM0 T=35:35
44.4134,terug,-150,MM0 !M -150 150
44.4134,terug,-150,MM1 !M -150 150
44.4134,terug,-150,MM0 +
44.4134,terug,-150,MM1 +
44.4134,terug,-150,"#14,YAW,-1.32,GYRO,-9,47,-4,ACC,-1,1,257,ADC,1249,379,7,1,"
44.4134,terug,-150,MM0 ?V
44.4134,terug,-150,MM1 ?V
44.4134,terug,-150,MM0 V=120:217:4903
44.4135,terug,-150,MM1 V=120:222:4899
44.4343,terug,-150,"#15,YAW,-1.32,GYRO,-7,41,-6,ACC,-2,-1,252,ADC,1247,386,5,2,"
44.4343,terug,-150,MM0 ?CR
44.4343,terug,-150,MM1 ?CR
44.4343,terug,-150,MM0 CR=0:0
44.4343,terug,-150,MM1 CR=0:0
44.4552,terug,-150,"#16,YAW,-1.32,GYRO,-8,42,-9,ACC,0,5,255,ADC,1262,496,8,2,"
44.4552,terug,-150,MM0 ?A
44.4552,terug,-150,MM1 ?A
44.4553,terug,-150,MM0 A=-24:25
44.4553,terug,-150,MM1 A=-19:25
44.4764,terug,-150,"#17,YAW,-1.32,GYRO,-7,49,-7,ACC,-2,3,255,ADC,1239,389,6,2,"
44.4764,terug,-150,MM0 ?AI
44.4764,terug,-150,MM1 ?AI
44.4764,terug,-150,MM0 AI=0:0:2407:2431:0:0
44.4764,terug,-150,MM1 AI=0:0:2341:2340:0:0
44.5110,terug,-150,"#18,YAW,-1.32,GYRO,-7,48,-6,ACC,4,1,259,ADC,1264,377,4,1,"
44.5110,terug,-150,MM0 !M -150 150
44.5110,terug,-150,MM0 +
44.5110,terug,-150,MM1 !M -150 150
44.5110,terug,-150,MM1 +
44.5110,terug,-150,MM0 ?C
44.5110,terug,-150,MM1 ?C
44.5111,terug,-150,MM0 C=-429:339
44.5111,terug,-150,MM1 C=1157:-1265
44.5111,terug,-150,"$GPRMC,094140.4,A,5050.50689,N,00419.37113,E,000.39,300.9,021026,000.4,E*5E"
44.5111,terug,-150,"#19,YAW,-1.32,GYRO,-10,44,-5,ACC,2,1,255,ADC,1271,302,7,1,"
44.5111,terug,-150,MM1 ?D
44.5111,terug,-150,MM0 ?D
44.5111,terug,-150,MM1 D=40
44.5312,terug,-150,MM0 D=1
44.5313,terug,-150,"#20,YAW,-1.31,GYRO,-6,50,-5,ACC,-4,3,252,ADC,1246,497,7,1,"
44.5313,terug,-150,MM0 ?FF
44.5313,terug,-150,MM1 ?FF
44.5313,terug,-150,MM0 FF=0
44.5313,terug,-150,MM1 FF=0
44.5524,terug,-150,"#21,YAW,-1.31,GYRO,-6,48,-4,ACC,1,3,259,ADC,1252,393,8,2,"
44.5524,terug,-150,MM0 ?P
44.5524,terug,-150,MM1 ?P
44.5524,terug,-150,MM0 P=-150:150
44.5524,terug,-150,MM1 P=-150:150
44.5735,terug,-150,"#22,YAW,-1.31,GYRO,-6,49,-3,ACC,1,4,260,ADC,1231,383,4,2,"
44.5735,terug,-150,MM0 ?S
44.5735,terug,-150,MM1 ?S
44.5735,terug,-150,MM1 S=0:0
44.5735,terug,-150,MM0 S=-75:0
44.6075,terug,-150,MM0 !M -150 150
44.6075,terug,-150,MM1 !M -150 150
44.6075,terug,-150,MM0 +
44.6075,terug,-150,MM1 +
44.6075,terug,-150,"#23,YAW,-1.31,GYRO,-7,47,-7,ACC,4,1,256,ADC,1261,303,7,2,"
44.6075,terug,-150,MM1 ?T
44.6075,terug,-150,MM0 ?T
44.6075,terug,-150,MM0 T=35:35
44.6075,terug,-150,MM1 T=36:34
44.6075,terug,-150,"#24,YAW,-1.31,GYRO,-8,42,-9,ACC,6,1,252,ADC,1234,383,7,2,"
44.6287,terug,-150,MM1 ?V
44.6287,terug,-150,MM0 ?V
44.6287,terug,-150,MM1 V=120:221:4897
44.6287,terug,-150,MM0 V=120:221:4903
44.6287,terug,-150,"#25,YAW,-1.31,GYRO,-8,41,-14,ACC,4,1,256,ADC,1232,386,6,2,"
44.6287,terug,-150,MM1 ?CR
44.6494,terug,-150,MM0 ?CR
44.6494,terug,-150,MM1 CR=-2:1
44.6494,terug,-150,MM0 CR=-1:1
44.6494,terug,-150,"#26,YAW,-1.31,GYRO,-9,42,-16,ACC,7,1,255,ADC,1263,390,6,2,"
44.6494,terug,-150,MM1 ?A
44.6494,terug,-150,MM0 ?A
44.6705,terug,-150,MM1 A=-19:20
44.6705,terug,-150,MM0 A=-24:25
44.6705,terug,-150,"#27,YAW,-1.31,GYRO,-9,48,-15,ACC,5,2,255,ADC,1255,502,6,1,"
44.6705,terug,-150,MM1 ?AI
44.6705,terug,-150,MM0 ?AI
44.7204,terug,-150,MM1 AI=0:0:2326:2354:0:0
44.7204,terug,-150,MM0 AI=0:0:2429:2439:0:0
44.7204,terug,-150,"#28,YAW,-1.31,GYRO,-8,51,-8,ACC,-1,1,259,ADC,1303,500,4,2,"
44.7204,terug,-150,MM1 ?C
44.7204,terug,-150,MM0 ?C
44.7204,terug,-150,MM0 C=-430:340
44.7204,terug,-150,MM1 C=1155:-1264
44.7205,terug,-150,"$GPRMC,094140.6,A,5050.50689,N,00419.37110,E,000.36,300.9,021026,000.4,E*50"
44.7205,terug,-150,"#29,YAW,-1.31,GYRO,-9,54,-8,ACC,0,1,259,ADC,1258,498,6,2,"
44.7205,terug,-150,MM1 ?D
44.7205,terug,-150,MM0 ?D
44.7205,terug,-150,MM0 D=24
44.7205,terug,-150,MM1 D=2
44.7412,terug,-150,"#30,YAW,-1.31,GYRO,-9,45,-12,ACC,-3,1,256,ADC,1278,381,4,1,"
44.7413,terug,-150,MM1 ?FF
44.7413,terug,-150,MM0 ?FF
44.7413,terug,-150,MM1 FF=0
44.7413,terug,-150,MM0 FF=0
44.7623,terug,-150,"#31,YAW,-1.31,GYRO,-8,41,-12,ACC,0,4,258,ADC,1240,386,6,2,"
44.7623,terug,-150,MM1 ?P
44.7623,terug,-150,MM0 ?P
44.7623,terug,-150,MM1 P=-150:150
44.7623,terug,-150,MM0 P=-150:150
44.7834,terug,-150,"#32,YAW,-1.31,GYRO,-11,45,-6,ACC,0,1,252,ADC,1272,387,3,1,"
44.7834,terug,-150,MM1 ?S
44.7834,terug,-150,MM0 ?S
44.7834,terug,-150,MM1 S=0:0
44.7834,terug,-150,MM0 S=0:0
44.8209,terug,-150,"#33,YAW,-1.31,GYRO,-9,44,-8,ACC,-2,1,255,ADC,1268,401,8,2,"
44.8209,terug,-150,MM0 ?T
44.8209,terug,-150,MM0 T=35:35
44.8209,terug,-150,MM1 ?T
44.8209,terug,-150,MM1 T=36:34
44.8209,terug,-150,MM1 !M -150 150
44.8209,terug,-150,MM0 !M -150 150
44.8209,terug,-150,MM1 +
44.8209,terug,-150,MM0 +
44.8209,terug,-150,MM0 PING
44.8209,terug,-150,MM1 PING
44.8209,terug,-150,"#34,YAW,-1.31,GYRO,-10,42,-12,ACC,-4,3,255,ADC,1261,499,5,2,"
44.8209,terug,-150,MM1 ?V
44.8209,terug,-150,MM0 ?V
44.8209,terug,-150,MM1 V=120:220:4897
44.8209,terug,-150,MM0 V=120:218:4903
44.8417,terug,-150,"#35,YAW,-1.31,GYRO,-9,36,-8,ACC,2,4,255,ADC,1230,384,5,2,"
44.8417,terug,-150,MM1 ?CR
44.8417,terug,-150,MM0 ?CR
44.8417,terug,-150,MM1 CR=0:0
44.8417,terug,-150,MM0 CR=0:0
44.8623,terug,-150,"#36,YAW,-1.31,GYRO,-9,42,-8,ACC,4,3,256,ADC,1279,501,7,2,"
44.8623,terug,-150,MM1 ?A
44.8623,terug,-150,MM0 ?A
44.8623,terug,-150,MM1 A=-19:20
44.8623,terug,-150,MM0 A=-24:30
44.8856,terug,-150,"#37,YAW,-1.31,GYRO,-11,40,-10,ACC,0,1,253,ADC,1232,393,5,2,"
44.8856,terug,-150,MM1 ?AI
44.8856,terug,-150,MM0 ?AI
44.8857,terug,-150,MM1 AI=0:0:2336:2342:0:0
44.8857,terug,-150,MM0 AI=0:0:2426:2435:0:0
44.9193,terug,-150,"#38,YAW,-1.31,GYRO,-9,43,-9,ACC,5,-2,257,ADC,1262,502,5,2,"
44.9193,terug,-150,MM0 !M -150 150
44.9193,terug,-150,MM0 +
44.9193,terug,-150,MM1 !M -150 150
44.9193,terug,-150,MM1 +
44.9193,terug,-150,MM0 PING
44.9193,terug,-150,MM1 PING
44.9193,terug,-150,MM0 ?C
44.9194,terug,-150,MM1 ?C
44.9194,terug,-150,MM0 C=-430:340
44.9194,terug,-150,MM1 C=1155:-1264
44.9194,terug,-150,"$GPRMC,094140.8,A,5050.50688,N,00419.37107,E,000.32,300.9,021026,000.4,E*5D"
44.9194,terug,-150,"#39,YAW,-1.31,GYRO,-8,43,-11,ACC,1,1,254,ADC,1244,347,4,1,"
44.9194,terug,-150,MM1 ?D
44.9194,terug,-150,MM0 ?D
44.9194,terug,-150,MM0 D=16
44.9194,terug,-150,MM1 D=2
44.9405,terug,-150,"#40,YAW,-1.31,GYRO,-9,41,-12,ACC,-3,1,253,ADC,1289,386,5,2,"
44.9405,terug,-150,MM1 ?FF
44.9405,terug,-150,MM0 ?FF
44.9405,terug,-150,MM1 FF=0
44.9405,terug,-150,MM0 FF=0
44.9612,terug,-150,"#41,YAW,-1.31,GYRO,-8,41,-14,ACC,0,2,259,ADC,1260,389,5,2,"
44.9612,terug,-150,MM1 ?P
44.9612,terug,-150,MM0 ?P
44.9612,terug,-150,MM1 P=-150:150
44.9612,terug,-150,MM0 P=-150:150
44.9824,terug,-150,"#42,YAW,-1.31,GYRO,-9,42,-16,ACC,-4,4,252,ADC,1276,400,4,2,"
44.9824,terug,-150,MM1 ?S
44.9824,terug,-150,MM0 ?S
44.9824,terug,-150,MM1 S=0:0
44.9825,terug,-150,MM0 S=0:0
44.9825,terug,-150,MM0 !M -150 150
44.9825,terug,-150,MM1 !M -150 150
45.0164,terug,-150,MM0 +
45.0164,terug,-150,MM1 +
45.0164,terug,-150,MM0 PING
45.0164,terug,-150,MM1 PING
45.0164,terug,-150,"#43,YAW,-1.31,GYRO,-8,47,-18,ACC,-1,1,254,ADC,1251,306,4,1,"
45.0164,terug,-150,MM0 ?T
45.0164,terug,-150,MM1 ?T
45.0164,terug,-150,MM0 T=35:35
45.0164,terug,-150,MM1 T=36:34
45.0164,terug,-150,"#44,YAW,-1.30,GYRO,-7,42,-16,ACC,-8,1,250,ADC,1251,381,4,2,"
45.0164,terug,-150,MM0 ?V
45.0164,terug,-150,MM1 ?V
45.0164,terug,-150,MM0 V=120:220:4903
45.0165,terug,-150,MM1 V=120:222:4897
45.0374,terug,-150,"#45,YAW,-1.30,GYRO,-7,45,-13,ACC,-6,1,260,ADC,1258,391,3,2,"
45.0374,terug,-150,MM0 ?CR
45.0374,terug,-150,MM1 ?CR
45.0374,terug,-150,MM0 CR=0:0
45.0374,terug,-150,MM1 CR=0:0
45.0584,terug,-150,"#46,YAW,-1.30,GYRO,-8,43,-13,ACC,-9,1,259,ADC,1238,399,5,2,"
45.0584,terug,-150,MM0 ?A
45.0584,terug,-150,MM1 ?A
45.0584,terug,-150,MM0 A=-24:25
45.0584,terug,-150,MM1 A=-19:20
45.0793,terug,-150,"#47,YAW,-1.30,GYRO,-6,44,-13,ACC,-14,4,253,ADC,1246,384,7,2,"
45.0793,terug,-150,MM0 ?AI
45.0793,terug,-150,MM1 ?AI
45.0793,terug,-150,MM0 AI=0:0:2428:2419:0:0
45.0793,terug,-150,MM1 AI=0:0:2341:2321:0:0
45.1136,terug,-150,MM0 !M -150 150
45.1136,terug,-150,MM1 !M -150 150
45.1136,terug,-150,MM0 +
45.1136,terug,-150,MM1 +
45.1136,terug,-150,MM0 PING
45.1136,terug,-150,MM1 PING
45.1136,terug,-150,"#48,YAW,-1.30,GYRO,-8,44,-17,ACC,-11,4,258,ADC,1219,384,6,2,"
45.1136,terug,-150,MM0 ?C
45.1136,terug,-150,MM1 ?C
45.1136,terug,-150,MM0 C=-431:341
45.1137,terug,-150,MM1 C=1154:-1263
45.1137,terug,-150,MM0 !M -150 150
45.1137,terug,-150,MM1 !M -150 150
45.1137,terug,-150,MM0 +
45.1137,terug,-150,MM1 +
45.1137,terug,-150,"$GPRMC,094141.0,A,5050.50688,N,00419.37104,E,000.29,300.9,021026,000.4,E*5D"
45.1137,terug,-150,"#49,YAW,-1.30,GYRO,-3,47,-5,ACC,-9,2,253,ADC,1246,354,4,2,"
45.1137,terug,-150,MM1 ?D
45.1137,terug,-150,MM0 ?D
45.1344,terug,-150,MM1 D=19
45.1344,terug,-150,MM0 D=50
45.1345,terug,-150,"#50,YAW,-1.30,GYRO,-3,36,10,ACC,5,2,253,ADC,1286,503,5,2,"
45.1345,terug,-150,MM0 ?FF
45.1345,terug,-150,MM1 ?FF
45.1345,terug,-150,MM0 FF=0
45.1345,terug,-150,MM1 FF=0
45.1554,terug,-150,"#51,YAW,-1.30,GYRO,-5,30,9,ACC,12,2,256,ADC,1259,497,5,2,"
45.1555,terug,-150,MM0 ?P
45.1555,terug,-150,MM1 ?P
45.1555,terug,-150,MM0 P=-150:150
45.1555,terug,-150,MM1 P=-150:150
45.1765,terug,-150,"#52,YAW,-1.30,GYRO,-5,51,-12,ACC,4,0,259,ADC,1283,500,6,2,"
45.1765,terug,-150,MM0 ?S
45.1766,terug,-150,MM1 ?S
45.1766,terug,-150,MM0 S=0:0
45.1766,terug,-150,MM1 S=0:0
45.2105,terug,-150,"#53,YAW,-1.30,GYRO,-4,52,-24,ACC,-1,2,255,ADC,1191,381,6,2,"
45.2105,terug,-150,MM0 ?T
45.2105,terug,-150,MM1 ?T
45.2105,terug,-150,MM0 T=35:35
45.2105,terug,-150,MM1 T=36:34
45.2105,terug,-150,MM0 !M -150 150
45.2105,terug,-150,MM1 !M -150 150
45.2105,terug,-150,MM0 +
45.2105,terug,-150,MM1 +
45.2106,terug,-150,"#54,YAW,-1.30,GYRO,-8,39,-25,ACC,7,3,252,ADC,1231,383,7,1,"
45.2106,terug,-150,MM0 ?V
45.2106,terug,-150,MM1 ?V
45.2106,terug,-150,MM0 V=120:222:4903
45.2315,terug,-150,MM1 V=120:221:4899
45.2315,terug,-150,"#55,YAW,-1.30,GYRO,-10,35,-14,ACC,5,3,252,ADC,1262,381,6,2,"
45.2315,terug,-150,MM0 ?CR
45.2315,terug,-150,MM1 ?CR
45.2315,terug,-150,MM0 CR=-3:3
45.2315,terug,-150,MM1 CR=-3:3
45.2524,terug,-150,"#56,YAW,-1.30,GYRO,-10,30,1,ACC,10,0,258,ADC,1254,396,7,2,"
45.2525,terug,-150,MM0 ?A
45.2525,terug,-150,MM1 ?A
45.2525,terug,-150,MM0 A=-24:25
45.2525,terug,-150,MM1 A=-19:20
45.2736,terug,-150,"#57,YAW,-1.30,GYRO,-11,36,1,ACC,6,2,251,ADC,1289,502,4,2,"
45.2736,terug,-150,MM0 ?AI
45.2736,terug,-150,MM1 ?AI
45.2736,terug,-150,MM0 AI=0:0:2418:2423:0:0
45.2736,terug,-150,MM1 AI=0:0:2346:2329:0:0
45.3276,terug,-150,"#58,YAW,-1.30,GYRO,-9,47,-6,ACC,5,2,257,ADC,1274,382,6,2,"
45.3276,terug,-150,MM0 ?C
45.3276,terug,-150,MM1 ?C
45.3276,terug,-150,MM0 C=-433:344
45.3277,terug,-150,MM1 C=1151:-1260
45.3277,terug,-150,"$GPRMC,094141.2,A,5050.50688,N,00419.37102,E,000.29,300.9,021026,000.4,E*59"
45.3277,terug,-150,"#59,YAW,-1.30,GYRO,-9,41,-20,ACC,-3,6,253,ADC,1238,501,5,1,"
45.3277,terug,-150,MM0 ?D
45.3277,terug,-150,MM1 ?D
45.3277,terug,-150,MM0 D=16
45.3277,terug,-150,MM1 D=3
45.3277,terug,-150,"#60,YAW,-1.30,GYRO,-10,39,-33,ACC,0,2,257,ADC,1225,384,8,2,"
45.3486,terug,-150,MM0 ?FF
45.3486,terug,-150,MM1 ?FF
45.3486,terug,-150,MM0 FF=0
45.3487,terug,-150,MM1 FF=0
45.3487,terug,-150,"#61,YAW,-1.30,GYRO,-9,37,-31,ACC,3,1,254,ADC,1260,501,6,2,"
45.3487,terug,-150,MM0 ?P
45.3694,terug,-150,MM1 ?P
45.3695,terug,-150,MM0 P=-150:150
45.3695,terug,-150,MM1 P=-150:150
45.3695,terug,-150,"#62,YAW,-1.30,GYRO,-9,44,-15,ACC,2,4,255,ADC,1275,398,5,2,"
45.3695,terug,-150,MM0 ?S
45.3695,terug,-150,MM1 ?S
45.3904,terug,-150,MM0 S=0:0
45.3905,terug,-150,MM1 S=0:0
45.3905,terug,-150,"#63,YAW,-1.30,GYRO,-9,47,6,ACC,5,2,258,ADC,1250,381,4,2,"
45.3905,terug,-150,MM0 !M -150 150
45.3905,terug,-150,MM0 +
45.4246,terug,-150,MM1 !M -150 150
45.4246,terug,-150,MM1 +
45.4246,terug,-150,MM0 PING
45.4246,terug,-150,MM1 PING
45.4246,terug,-150,MM1 ?T
45.4246,terug,-150,MM0 ?T
45.4246,terug,-150,MM1 T=36:34
45.4246,terug,-150,MM0 T=35:35
45.4246,terug,-150,"#64,YAW,-1.30,GYRO,-11,47,17,ACC,0,3,250,ADC,1252,395,6,2,"
45.4246,terug,-150,MM0 ?V
45.4246,terug,-150,MM1 ?V
45.4246,terug,-150,MM0 V=120:221:4903
45.4246,terug,-150,MM1 V=120:221:4898
45.4456,terug,-150,"#65,YAW,-1.30,GYRO,-10,44,19,ACC,2,2,261,ADC,1233,383,7,2,"
45.4456,terug,-150,MM0 ?CR
45.4456,terug,-150,MM1 ?CR
45.4456,terug,-150,MM0 CR=-2:2
45.4456,terug,-150,MM1 CR=-3:2
45.4664,terug,-150,"#66,YAW,-1.30,GYRO,-11,35,3,ACC,1,1,246,ADC,1244,383,5,3,"
45.4664,terug,-150,MM0 ?A
45.4664,terug,-150,MM1 ?A
45.4664,terug,-150,MM0 A=-29:25
45.4664,terug,-150,MM1 A=-14:25
45.4879,terug,-150,"#67,YAW,-1.30,GYRO,-13,37,-19,ACC,3,3,255,ADC,1270,501,5,1,"
45.4880,terug,-150,MM0 ?AI
45.4880,terug,-150,MM1 ?AI
45.4880,terug,-150,MM0 AI=0:0:2426:2443:0:0
45.4880,terug,-150,MM1 AI=0:0:2337:2360:0:0
45.4880,terug,-150,"#68,YAW,-1.30,GYRO,-12,38,-27,ACC,2,4,258,ADC,1255,500,4,1,"
45.5256,terug,-150,MM0 ?C
45.5256,terug,-150,MM0 C=-435:345
45.5256,terug,-150,MM1 ?C
45.5256,terug,-150,MM1 C=1148:-1259
45.5256,terug,-150,MM0 !M -150 150
45.5256,terug,-150,MM0 +
45.5256,terug,-150,MM1 !M -150 150
45.5256,terug,-150,MM1 +
45.5256,terug,-150,MM0 PING
45.5256,terug,-150,MM1 PING
45.5256,terug,-150,"$GPRMC,094141.4,A,5050.50688,N,00419.37099,E,000.27,300.9,021026,000.4,E*52"
45.5256,terug,-150,"#69,YAW,-1.30,GYRO,-7,50,-23,ACC,-1,1,256,ADC,1232,317,5,2,"
45.5257,terug,-150,MM0 ?D
45.5257,terug,-150,MM1 ?D
45.5257,terug,-150,MM0 D=50
45.5257,terug,-150,MM1 D=16
45.5464,terug,-150,"#70,YAW,-1.30,GYRO,-8,45,-14,ACC,4,2,253,ADC,1249,383,5,1,"
45.5464,terug,-150,MM0 ?FF
45.5464,terug,-150,MM1 ?FF
45.5464,terug,-150,MM0 FF=0
45.5464,terug,-150,MM1 FF=0
45.5692,terug,-150,"#71,YAW,-1.30,GYRO,-10,45,-8,ACC,2,2,258,ADC,1241,498,4,2,"
45.5692,terug,-150,MM0 ?P
45.5693,terug,-150,MM1 ?P
45.5693,terug,-150,MM0 P=-150:150
45.5693,terug,-150,MM1 P=-150:150
45.5693,terug,-150,"#72,YAW,-1.30,GYRO,-8,47,-5,ACC,0,3,257,ADC,1234,382,6,1,"
45.5884,terug,-150,MM0 ?S
45.5884,terug,-150,MM1 ?S
45.5884,terug,-150,MM0 S=0:0
45.5884,terug,-150,MM1 S=0:0
45.5884,terug,-150,"#73,YAW,-1.30,GYRO,-8,41,-7,ACC,2,1,254,ADC,1220,383,4,1,"
45.5884,terug,-150,MM0 ?T
45.6235,terug,-150,MM1 ?T
45.6235,terug,-150,MM0 T=35:35
45.6235,terug,-150,MM1 T=37:34
45.6235,terug,-150,MM1 !M -150 150
45.6235,terug,-150,MM0 !M -150 150
45.6235,terug,-150,MM1 +
45.6235,terug,-150,MM0 +
45.6235,terug,-150,MM0 PING
45.6235,terug,-150,MM1 PING
45.6235,terug,-150,MM0 !M -150 150
45.6235,terug,-150,MM1 !M -150 150
45.6235,terug,-150,MM0 +
45.6235,terug,-150,MM1 +
45.6235,terug,-150,"#74,YAW,-1.30,GYRO,-9,41,-16,ACC,2,2,254,ADC,1283,296,6,2,"
45.6235,terug,-150,MM0 ?V
45.6235,terug,-150,MM1 ?V
45.6235,terug,-150,MM0 V=120:222:4905
45.6235,terug,-150,MM1 V=120:222:4899
45.6445,terug,-150,"#75,YAW,-1.30,GYRO,-10,44,-20,ACC,0,2,256,ADC,1286,500,7,2,"
45.6445,terug,-150,MM0 ?CR
45.6445,terug,-150,MM1 ?CR
45.6445,terug,-150,MM1 CR=-2:1
45.6445,terug,-150,MM0 CR=0:0
45.6654,terug,-150,"#76,YAW,-1.30,GYRO,-10,43,-21,ACC,-1,3,253,ADC,1245,383,5,1,"
45.6654,terug,-150,MM0 ?A
45.6654,terug,-150,MM1 ?A
45.6654,terug,-150,MM0 A=-24:20
45.6654,terug,-150,MM1 A=-19:25
45.6868,terug,-150,"#77,YAW,-1.30,GYRO,-9,42,-23,ACC,1,1,258,ADC,1228,389,4,2,"
45.6868,terug,-150,MM0 ?AI
45.6868,terug,-150,MM1 ?AI
45.6868,terug,-150,MM0 AI=0:0:2420:2442:0:0
45.6869,terug,-150,MM1 AI=0:0:2354:2350:0:0
45.7203,terug,-150,"#78,YAW,-1.30,GYRO,-9,42,-21,ACC,3,5,255,ADC,1251,501,5,2,"
45.7203,terug,-150,MM0 ?C
45.7204,terug,-150,MM1 ?C
45.7204,terug,-150,MM0 C=-435:346
45.7204,terug,-150,MM1 C=1147:-1258
45.7204,terug,-150,"$GPRMC,094141.6,A,5050.50688,N,00419.37097,E,000.25,300.9,021026,000.4,E*5C"
45.7204,terug,-150,"#79,YAW,-1.30,GYRO,-9,44,-15,ACC,0,3,255,ADC,1251,332,4,2,"
45.7204,terug,-150,MM0 ?D
45.7204,terug,-150,MM1 ?D
45.7204,terug,-150,MM0 D=34
45.7204,terug,-150,MM1 D=50
45.7417,terug,-150,"#80,YAW,-1.30,GYRO,-10,43,-8,ACC,0,5,253,ADC,1250,389,4,2,"
45.7417,terug,-150,MM0 ?FF
45.7417,terug,-150,MM1 ?FF
45.7417,terug,-150,MM0 FF=0
45.7417,terug,-150,MM1 FF=0
45.7623,terug,-150,"#81,YAW,-1.30,GYRO,-9,41,-6,ACC,1,3,255,ADC,1241,386,3,1,"
45.7624,terug,-150,MM0 ?P
45.7624,terug,-150,MM1 ?P
45.7624,terug,-150,MM0 P=-150:150
45.7624,terug,-150,MM1 P=-150:150
45.7833,terug,-150,"#82,YAW,-1.30,GYRO,-10,42,-8,ACC,0,4,255,ADC,1225,382,6,2,"
45.7833,terug,-150,MM0 ?S
45.7833,terug,-150,MM1 ?S
45.7833,terug,-150,MM0 S=0:0
45.7833,terug,-150,MM1 S=0:0
45.8177,terug,-150,"#83,YAW,-1.30,GYRO,-9,42,-5,ACC,1,2,257,ADC,1254,400,5,2,"
45.8177,terug,-150,MM0 ?T
45.8177,terug,-150,MM1 ?T
45.8177,terug,-150,MM0 T=35:35
45.8177,terug,-150,MM1 T=36:34
45.8177,terug,-150,MM0 !M -150 150
45.8177,terug,-150,MM1 !M -150 150
45.8177,terug,-150,MM0 +
45.8177,terug,-150,MM1 +
45.8177,terug,-150,MM0 PING
45.8177,terug,-150,MM1 PING
45.8177,terug,-150,MM0 !M -150 150
45.8177,terug,-150,MM1 !M -150 150
45.8177,terug,-150,MM0 +
45.8177,terug,-150,MM1 +
45.8177,terug,-150,"#84,YAW,-1.30,GYRO,-7,46,-4,ACC,-4,1,253,ADC,1244,372,5,2,"
45.8178,terug,-150,MM0 ?V
45.8178,terug,-150,MM1 ?V
45.8178,terug,-150,MM0 V=120:222:4906
45.8178,terug,-150,MM1 V=120:221:4900
45.8394,terug,-150,"#85,YAW,-1.30,GYRO,-9,46,4,ACC,-4,1,256,ADC,1232,385,4,2,"
45.8394,terug,-150,MM0 ?CR
45.8395,terug,-150,MM1 ?CR
45.8395,terug,-150,MM0 CR=-1:1
45.8395,terug,-150,MM1 CR=-1:0
45.8597,terug,-150,"#86,YAW,-1.30,GYRO,-6,44,11,ACC,-4,1,257,ADC,1213,389,5,2,"
45.8597,terug,-150,MM0 ?A
45.8597,terug,-150,MM1 ?A
45.8597,terug,-150,MM0 A=-24:25
45.8597,terug,-150,MM1 A=-19:20
45.8804,terug,-150,"#87,YAW,-1.30,GYRO,-8,47,10,ACC,-7,2,257,ADC,1250,382,7,2,"
45.8804,terug,-150,MM0 ?AI
45.8804,terug,-150,MM1 ?AI
45.8804,terug,-150,MM0 AI=0:0:2437:2431:0:0
45.8804,terug,-150,MM1 AI=0:0:2347:2273:0:0
45.9278,terug,-150,"#88,YAW,-1.30,GYRO,-7,43,8,ACC,5,1,262,ADC,1271,403,8,2,"
45.9278,terug,-150,MM0 ?C
45.9278,terug,-150,MM1 ?C
45.9278,terug,-150,MM0 C=-436:346
45.9278,terug,-150,MM1 C=1145:-1257
45.9278,terug,-150,"$GPRMC,094141.8,A,5050.50688,N,00419.37095,E,000.23,300.9,021026,000.4,E*56"
45.9278,terug,-150,MM0 !M -150 150
45.9278,terug,-150,MM1 !M -150 150
45.9278,terug,-150,MM0 +
45.9278,terug,-150,MM1 +
45.9278,terug,-150,"#89,YAW,-1.30,GYRO,-10,38,-7,ACC,6,0,247,ADC,1241,322,7,2,"
45.9278,terug,-150,MM0 ?D
45.9278,terug,-150,MM1 ?D
45.9278,terug,-150,MM0 D=35
45.9278,terug,-150,MM1 D=33
45.9278,terug,-150,"#90,YAW,-1.30,GYRO,-9,39,-27,ACC,3,5,256,ADC,1239,396,5,2,"
45.9485,terug,-150,MM0 ?FF
45.9485,terug,-150,MM1 ?FF
45.9485,terug,-150,MM0 FF=0
45.9485,terug,-150,MM1 FF=0
45.9485,terug,-150,"#91,YAW,-1.30,GYRO,-7,45,-41,ACC,4,1,255,ADC,1263,500,8,2,"
45.9485,terug,-150,MM0 ?P
45.9694,terug,-150,MM1 ?P
45.9694,terug,-150,MM0 P=-150:150
45.9694,terug,-150,MM1 P=-150:150
45.9694,terug,-150,"#92,YAW,-1.30,GYRO,-10,41,-35,ACC,0,2,252,ADC,1206,382,5,1,"
45.9694,terug,-150,MM0 ?S
45.9694,terug,-150,MM1 ?S
45.9914,terug,-150,MM0 S=0:0
45.9914,terug,-150,MM1 S=0:0
45.9914,terug,-150,"#93,YAW,-1.30,GYRO,-6,48,-30,ACC,-2,2,255,ADC,1239,391,5,2,"
45.9914,terug,-150,MM0 ?T
45.9915,terug,-150,MM1 ?T
45.9915,terug,-150,MM0 T=35:35
46.0263,terug,-150,MM1 T=36:34
46.0263,terug,-150,MM1 !M -150 150
46.0263,terug,-150,MM0 !M -150 150
46.0263,terug,-150,MM0 +
46.0263,terug,-150,MM1 +
46.0263,terug,-150,"#94,YAW,-1.30,GYRO,-10,40,-23,ACC,2,4,258,ADC,1209,293,4,2,"
46.0263,terug,-150,MM0 ?V
46.0263,terug,-150,MM1 ?V
46.0263,terug,-150,MM0 V=120:222:4905
46.0263,terug,-150,MM1 V=120:221:4898
46.0466,terug,-150,"#95,YAW,-1.30,GYRO,-7,44,-8,ACC,3,2,252,ADC,1262,387,6,2,"
46.0466,terug,-150,MM0 ?CR
46.0466,terug,-150,MM1 ?CR
46.0466,terug,-150,MM0 CR=-1:2
46.0466,terug,-150,MM1 CR=-1:2
46.0674,terug,-150,"#96,YAW,-1.30,GYRO,-7,43,2,ACC,0,3,254,ADC,1285,396,7,2,"
46.0675,terug,-150,MM0 ?A
46.0675,terug,-150,MM1 ?A
46.0675,terug,-150,MM0 A=-19:25
46.0675,terug,-150,MM1 A=-19:20
46.0675,terug,-150,"#97,YAW,-1.30,GYRO,-6,45,13,ACC,0,1,252,ADC,1234,400,5,2,"
46.0884,terug,-150,MM0 ?AI
46.0884,terug,-150,MM1 ?AI
46.0884,terug,-150,MM0 AI=0:0:2433:2439:0:0
46.0884,terug,-150,MM1 AI=0:0:2329:2297:0:0
46.0884,terug,-150,"#98,YAW,-1.30,GYRO,-8,47,18,ACC,-2,2,254,ADC,1264,397,6,2,"
46.0884,terug,-150,MM0 ?C
46.1224,terug,-150,MM1 ?C
46.1224,terug,-150,MM0 C=-437:348
46.1224,terug,-150,MM1 C=1144:-1256
46.1225,terug,-150,MM1 !M -150 150
46.1225,terug,-150,MM0 !M -150 150
46.1225,terug,-150,MM1 +
46.1225,terug,-150,MM0 +
46.1225,terug,-150,"$GPRMC,094142.0,A,5050.50688,N,00419.37093,E,000.23,300.9,021026,000.4,E*5B"
46.1225,terug,-150,"#99,YAW,-1.30,GYRO,-7,45,12,ACC,-3,1,254,ADC,1244,300,8,1,"
46.1225,terug,-150,MM0 ?D
46.1225,terug,-150,MM1 ?D
46.1225,terug,-150,MM0 D=16
46.1225,terug,-150,MM1 D=0
46.1434,terug,-150,"#100,YAW,-1.30,GYRO,-8,37,4,ACC,5,7,258,ADC,1272,499,7,2,"
46.1434,terug,-150,MM0 ?FF
46.1434,terug,-150,MM1 ?FF
46.1434,terug,-150,MM0 FF=0
46.1435,terug,-150,MM1 FF=0
46.1643,terug,-150,"#101,YAW,-1.30,GYRO,-9,36,-15,ACC,8,4,258,ADC,1249,387,4,2,"
46.1643,terug,-150,MM0 ?P
46.1643,terug,-150,MM1 ?P
46.1643,terug,-150,MM0 P=-150:150
46.1644,terug,-150,MM1 P=-150:150
46.1854,terug,-150,"#102,YAW,-1.30,GYRO,-7,45,-37,ACC,2,1,256,ADC,1302,501,8,1,"
46.1854,terug,-150,MM1 ?S
46.1854,terug,-150,MM0 ?S
46.1854,terug,-150,MM0 S=0:0
46.1854,terug,-150,MM1 S=0:0
46.2195,terug,-150,"#103,YAW,-1.30,GYRO,-9,37,-40,ACC,3,2,256,ADC,1249,501,5,1,"
46.2195,terug,-150,MM0 ?T
46.2195,terug,-150,MM1 ?T
46.2195,terug,-150,MM0 T=35:35
46.2195,terug,-150,MM1 T=36:34
46.2195,terug,-150,"#104,YAW,-1.30,GYRO,-9,48,-32,ACC,1,3,258,ADC,1246,499,6,2,"
46.2195,terug,-150,MM0 ?V
46.2196,terug,-150,MM1 ?V
46.2196,terug,-150,MM0 V=120:221:4905
46.2196,terug,-150,MM1 V=120:221:4897
46.2403,terug,-150,"#105,YAW,-1.30,GYRO,-10,43,-25,ACC,-1,3,256,ADC,1273,390,5,2,"
46.2404,terug,-150,MM0 ?CR
46.2404,terug,-150,MM1 ?CR
46.2404,terug,-150,MM0 CR=-1:1
46.2404,terug,-150,MM1 CR=-2:1
46.2613,terug,-150,"#106,YAW,-1.30,GYRO,-7,41,-12,ACC,4,1,254,ADC,1268,383,5,2,"
46.2613,terug,-150,MM0 ?A
46.2613,terug,-150,MM1 ?A
46.2613,terug,-150,MM0 A=-24:25
46.2613,terug,-150,MM1 A=-19:20
46.2825,terug,-150,"#107,YAW,-1.30,GYRO,-10,47,0,ACC,3,2,258,ADC,1247,385,5,2,"
46.2825,terug,-150,MM0 ?AI
46.2825,terug,-150,MM1 ?AI
46.2825,terug,-150,MM0 AI=0:0:2423:2427:0:0
46.2825,terug,-150,MM1 AI=0:0:2331:2383:0:0
46.3298,terug,-150,"#108,YAW,-1.30,GYRO,-9,48,8,ACC,3,2,257,ADC,1309,502,6,2,"
46.3298,terug,-150,MM0 ?C
46.3298,terug,-150,MM1 ?C
46.3298,terug,-150,MM0 C=-439:349
46.3298,terug,-150,MM1 C=1143:-1254
46.3298,terug,-150,MM0 !M -150 150
46.3298,terug,-150,MM1 !M -150 150
46.3298,terug,-150,MM0 +
46.3298,terug,-150,MM1 +
46.3298,terug,-150,MM0 PING
46.3298,terug,-150,MM1 PING
46.3298,terug,-150,"$GPRMC,094142.2,A,5050.50688,N,00419.37091,E,000.24,300.9,021026,000.4,E*5C"
46.3298,terug,-150,"#109,YAW,-1.30,GYRO,-6,49,11,ACC,-1,3,252,ADC,1270,383,4,2,"
46.3298,terug,-150,MM0 !M -150 150
46.3298,terug,-150,MM0 +
46.3298,terug,-150,MM1 !M -150 150
46.3298,terug,-150,MM1 +
46.3298,terug,-150,MM0 ?D
46.3299,terug,-150,MM1 ?D
46.3299,terug,-150,MM0 D=50
46.3299,terug,-150,MM1 D=51
46.3299,terug,-150,"#110,YAW,-1.30,GYRO,-9,42,6,ACC,5,1,259,ADC,1249,407,4,2,"
46.3299,terug,-150,MM0 ?FF
46.3299,terug,-150,MM1 ?FF
46.3506,terug,-150,MM0 FF=0
46.3506,terug,-150,MM1 FF=0
46.3506,terug,-150,"#111,YAW,-1.30,GYRO,-10,47,-6,ACC,2,3,251,ADC,1238,382,4,1,"
46.3506,terug,-150,MM0 ?P
46.3506,terug,-150,MM1 ?P
46.3506,terug,-150,MM0 P=-150:150
46.3713,terug,-150,MM1 P=-150:150
46.3713,terug,-150,"#112,YAW,-1.30,GYRO,-10,42,-12,ACC,4,3,253,ADC,1305,393,4,1,"
46.3713,terug,-150,MM0 ?S
46.3713,terug,-150,MM1 ?S
46.3713,terug,-150,MM0 S=0:0
46.3713,terug,-150,MM1 S=0:0
46.3922,terug,-150,"#113,YAW,-1.30,GYRO,-9,43,-16,ACC,9,1,256,ADC,1292,393,6,2,"
46.3922,terug,-150,MM0 ?T
46.3922,terug,-150,MM1 ?T
46.3922,terug,-150,MM0 T=35:35
46.3922,terug,-150,MM1 T=36:34
46.4269,terug,-150,MM0 !M -150 150
46.4269,terug,-150,MM0 +
46.4269,terug,-150,MM1 !M -150 150
46.4269,terug,-150,MM1 +
46.4269,terug,-150,"#114,YAW,-1.30,GYRO,-9,44,-13,ACC,9,0,258,ADC,1233,384,4,2,"
46.4269,terug,-150,MM0 ?V
46.4269,terug,-150,MM1 ?V
46.4269,terug,-150,MM0 V=120:221:4905
46.4270,terug,-150,MM1 V=120:221:4901
46.4474,terug,-150,"#115,YAW,-1.30,GYRO,-7,46,-9,ACC,5,5,255,ADC,1275,393,5,2,"
46.4474,terug,-150,MM0 ?CR
46.4474,terug,-150,MM1 ?CR
46.4475,terug,-150,MM0 CR=-1:1
46.4475,terug,-150,MM1 CR=-1:1
46.4475,terug,-150,"#116,YAW,-1.30,GYRO,-8,49,-7,ACC,2,2,256,ADC,1218,384,7,2,"
46.4684,terug,-150,MM0 ?A
46.4684,terug,-150,MM1 ?A
46.4684,terug,-150,MM0 A=-29:25
46.4684,terug,-150,MM1 A=-19:20
46.4684,terug,-150,"#117,YAW,-1.30,GYRO,-7,46,-9,ACC,0,3,256,ADC,1236,386,6,1,"
46.4684,terug,-150,MM1 ?AI
46.4899,terug,-150,MM0 ?AI
46.4899,terug,-150,MM1 AI=0:0:2407:2353:0:0
46.4899,terug,-150,MM0 AI=0:0:2441:2420:0:0
46.4899,terug,-150,"#118,YAW,-1.30,GYRO,-9,45,-10,ACC,0,3,255,ADC,1262,500,5,3,"
46.4900,terug,-150,MM0 ?C
46.4900,terug,-150,MM1 ?C
46.5266,terug,-150,MM0 C=-440:350
46.5267,terug,-150,MM1 C=1142:-1254
46.5267,terug,-150,"$GPRMC,094142.4,A,5050.50688,N,00419.37089,E,000.23,300.9,021026,000.4,E*54"
46.5267,terug,-150,MM0 !M -150 150
46.5267,terug,-150,MM1 !M -150 150
46.5267,terug,-150,MM0 +
46.5267,terug,-150,MM1 +
46.5267,terug,-150,"#119,YAW,-1.30,GYRO,-7,44,-9,ACC,0,1,253,ADC,1225,307,3,1,"
46.5267,terug,-150,MM0 ?D
46.5267,terug,-150,MM1 ?D
46.5267,terug,-150,MM0 D=35
46.5268,terug,-150,MM1 D=51
46.5476,terug,-150,"#120,YAW,-1.30,GYRO,-9,46,-10,ACC,3,2,258,ADC,1281,503,5,1,"
46.5477,terug,-150,MM1 ?FF
46.5477,terug,-150,MM0 ?FF
46.5477,terug,-150,MM1 FF=0
46.5477,terug,-150,MM0 FF=0
46.5477,terug,-150,"#121,YAW,-1.29,GYRO,-10,46,-8,ACC,2,2,257,ADC,1231,394,8,1,"
46.5684,terug,-150,MM0 ?P
46.5684,terug,-150,MM1 ?P
46.5684,terug,-150,MM0 P=-150:150
46.5684,terug,-150,MM1 P=-150:150
46.5684,terug,-150,"#122,YAW,-1.29,GYRO,-9,47,-9,ACC,1,2,255,ADC,1282,388,6,1,"
46.5684,terug,-150,MM0 ?S
46.5897,terug,-149,MM1 ?S
46.5897,terug,-149,MM0 S=0:0
46.5897,terug,-149,MM1 S=0:0
46.5897,terug,-149,"#123,YAW,-1.29,GYRO,-8,46,-9,ACC,2,3,258,ADC,1259,397,7,2,"
46.5897,terug,-149,MM0 ?T
46.5897,terug,-149,MM1 ?T
46.6254,terug,-149,MM0 T=35:35
46.6255,terug,-149,MM1 T=36:34
46.6255,terug,-149,MM1 !M -149 149
46.6255,terug,-149,MM0 !M -149 149
46.6255,terug,-149,MM1 +
46.6255,terug,-149,MM0 +
46.6255,terug,-149,"#124,YAW,-1.29,GYRO,-8,47,-11,ACC,-1,3,260,ADC,1248,501,5,2,"
46.6255,terug,-149,MM0 ?V
46.6255,terug,-149,MM1 ?V
46.6255,terug,-149,MM0 V=120:221:4906
46.6255,terug,-149,MM1 V=120:219:4902
46.6444,terug,-149,"#125,YAW,-1.29,GYRO,-8,47,-9,ACC,1,2,250,ADC,1271,504,5,2,"
46.6444,terug,-149,MM1 ?CR
46.6444,terug,-149,MM0 ?CR
46.6444,terug,-149,MM0 CR=-1:0
46.6444,terug,-149,MM1 CR=0:0
46.6655,terug,-149,"#126,YAW,-1.29,GYRO,-8,44,-9,ACC,2,1,255,ADC,1278,502,4,1,"
46.6655,terug,-149,MM0 ?A
46.6655,terug,-149,MM1 ?A
46.6655,terug,-149,MM0 A=-29:25
46.6655,terug,-149,MM1 A=-19:20
46.6871,terug,-119,"#127,YAW,-1.29,GYRO,-9,44,-10,ACC,0,3,260,ADC,1249,387,7,1,"
46.6871,terug,-119,MM1 ?AI
46.6871,terug,-119,MM0 ?AI
46.6872,terug,-119,MM1 AI=0:0:2350:2336:0:0
46.6872,terug,-119,MM0 AI=0:0:2428:2452:0:0
46.7214,terug,-119,"#128,YAW,-1.29,GYRO,-7,44,-10,ACC,-2,2,253,ADC,1231,384,5,2,"
46.7214,terug,-119,MM1 ?C
46.7214,terug,-119,MM0 ?C
46.7214,terug,-119,MM0 C=-440:350
46.7214,terug,-119,MM1 C=1142:-1254
46.7214,terug,-119,"$GPRMC,094142.6,A,5050.50688,N,00419.37087,E,000.23,300.9,021026,000.4,E*58"
46.7214,terug,-119,"#129,YAW,-1.29,GYRO,-9,44,-9,ACC,1,3,257,ADC,1256,322,5,2,"
46.7214,terug,-119,MM1 ?D
46.7214,terug,-119,MM0 ?D
46.7214,terug,-119,MM1 D=51
46.7215,terug,-119,MM0 D=35
46.7423,terug,-119,"#130,YAW,-1.29,GYRO,-10,44,-9,ACC,3,3,259,ADC,1231,388,6,1,"
46.7424,terug,-119,MM1 ?FF
46.7424,terug,-119,MM0 ?FF
46.7424,terug,-119,MM1 FF=0
46.7424,terug,-119,MM0 FF=0
46.7637,terug,-119,"#131,YAW,-1.29,GYRO,-8,46,-8,ACC,1,1,253,ADC,1248,384,7,2,"
46.7637,terug,-119,MM1 ?P
46.7637,terug,-119,MM0 ?P
46.7638,terug,-119,MM1 P=-149:149
46.7638,terug,-119,MM0 P=-149:149
46.7843,terug,-119,"#132,YAW,-1.29,GYRO,-8,45,-9,ACC,1,1,258,ADC,1274,386,5,2,"
46.7843,terug,-119,MM1 ?S
46.7843,terug,-119,MM0 ?S
46.7843,terug,-119,MM1 S=0:0
46.7843,terug,-119,MM0 S=0:0
46.8375,terug,-89,"#133,YAW,-1.29,GYRO,-9,45,-10,ACC,1,2,256,ADC,1280,502,6,1,"
46.8376,terug,-89,MM1 ?T
46.8376,terug,-89,MM0 ?T
46.8376,terug,-89,MM1 T=36:34
46.8376,terug,-89,MM0 T=35:35
46.8376,terug,-89,MM0 !M -119 119
46.8376,terug,-89,MM1 !M -119 119
46.8376,terug,-89,MM0 +
46.8376,terug,-89,MM1 +
46.8376,terug,-89,MM1 PING
46.8376,terug,-89,MM0 PING
46.8376,terug,-89,"#134,YAW,-1.29,GYRO,-9,44,-8,ACC,2,3,255,ADC,1238,383,6,2,"
46.8376,terug,-89,MM1 ?V
46.8376,terug,-89,MM0 ?V
46.8376,terug,-89,MM1 V=120:220:4902
46.8376,terug,-89,MM0 V=120:222:4907
46.8376,terug,-89,MM0 !M -89 89
46.8376,terug,-89,MM1 !M -89 89
46.8376,terug,-89,MM0 +
46.8376,terug,-89,MM1 +
46.8376,terug,-89,"#135,YAW,-1.29,GYRO,-11,41,-8,ACC,10,1,252,ADC,1281,501,5,1,"
46.8376,terug,-89,MM1 ?CR
46.8376,terug,-89,MM0 ?CR
46.8376,terug,-89,MM1 CR=0:0
46.8376,terug,-89,MM0 CR=0:0
46.8582,terug,-89,"#136,YAW,-1.29,GYRO,-11,43,-1,ACC,2,1,252,ADC,1225,500,4,2,"
46.8582,terug,-89,MM1 ?A
46.8582,terug,-89,MM0 ?A
46.8583,terug,-89,MM1 A=-4:5
46.8583,terug,-89,MM0 A=-4:5
46.8801,terug,-89,"#137,YAW,-1.29,GYRO,-9,44,-1,ACC,2,2,255,ADC,1262,503,5,2,"
46.8802,terug,-89,MM1 ?AI
46.8802,terug,-89,MM0 ?AI
46.8802,terug,-89,MM1 AI=0:0:2326:2372:0:0
46.8802,terug,-89,MM0 AI=0:0:2438:2431:0:0
46.9327,terug,-59,"#138,YAW,-1.29,GYRO,-9,45,-7,ACC,-2,2,252,ADC,1238,382,6,2,"
46.9327,terug,-59,MM1 ?C
46.9327,terug,-59,MM0 ?C
46.9327,terug,-59,MM0 C=-439:350
46.9327,terug,-59,MM1 C=1142:-1254
46.9327,terug,-59,"$GPRMC,094142.8,A,5050.50688,N,00419.37085,E,000.23,300.9,021026,000.4,E*54"
46.9327,terug,-59,"#139,YAW,-1.29,GYRO,-9,48,-10,ACC,-1,2,256,ADC,1244,318,7,1,"
46.9327,terug,-59,MM0 ?D
46.9327,terug,-59,MM0 D=42
46.9327,terug,-59,MM1 ?D
46.9327,terug,-59,MM1 D=51
46.9327,terug,-59,MM0 !M -59 59
46.9327,terug,-59,MM1 !M -59 59
46.9327,terug,-59,MM0 +
46.9327,terug,-59,MM1 +
46.9327,terug,-59,"#140,YAW,-1.29,GYRO,-11,31,-10,ACC,22,1,270,ADC,1242,492,5,3,"
46.9327,terug,-59,MM0 ?FF
46.9327,terug,-59,MM1 ?FF
46.9327,terug,-59,MM0 FF=0
46.9327,terug,-59,MM1 FF=0
46.9533,terug,-59,"#141,YAW,-1.29,GYRO,-15,45,-10,ACC,6,1,247,ADC,1240,389,7,2,"
46.9533,terug,-59,MM1 ?P
46.9533,terug,-59,MM0 ?P
46.9533,terug,-59,MM1 P=-59:59
46.9533,terug,-59,MM0 P=-59:59
46.9742,terug,-59,"#142,YAW,-1.29,GYRO,-7,46,-12,ACC,9,1,258,ADC,1249,500,5,2,"
46.9742,terug,-59,MM1 ?S
46.9742,terug,-59,MM0 ?S
46.9742,terug,-59,MM1 S=0:0
46.9742,terug,-59,MM0 S=0:-75
46.9953,terug,-29,"#143,YAW,-1.29,GYRO,-9,39,-15,ACC,3,5,251,ADC,1226,381,6,2,"
46.9953,terug,-29,MM1 ?T
46.9953,terug,-29,MM0 ?T
46.9953,terug,-29,MM1 T=36:34
46.9953,terug,-29,MM0 T=35:35
47.0295,terug,-29,MM0 !M -29 29
47.0295,terug,-29,MM1 !M -29 29
47.0295,terug,-29,MM0 +
47.0295,terug,-29,MM1 +
47.0295,terug,-29,"#144,YAW,-1.29,GYRO,-10,53,-18,ACC,-3,5,256,ADC,1309,351,6,2,"
47.0295,terug,-29,MM0 ?V
47.0295,terug,-29,MM1 ?V
47.0295,terug,-29,MM0 V=120:223:4906
47.0295,terug,-29,MM1 V=120:222:4904
47.0295,terug,-29,"#145,YAW,-1.29,GYRO,-16,-5,-14,ACC,20,1,257,ADC,1290,501,5,1,"
47.0295,terug,-29,MM1 ?CR
47.0295,terug,-29,MM0 ?CR
47.0506,terug,-29,MM1 CR=1:-1
47.0506,terug,-29,MM0 CR=2:-1
47.0506,terug,-29,"#146,YAW,-1.29,GYRO,-5,67,-7,ACC,11,1,254,ADC,1281,499,5,2,"
47.0506,terug,-29,MM0 ?A
47.0506,terug,-29,MM1 ?A
47.0507,terug,-29,MM0 A=0:0
47.0716,terug,-29,MM1 A=0:0
47.0716,terug,-29,"#147,YAW,-1.29,GYRO,-19,34,7,ACC,13,-1,266,ADC,1263,499,6,3,"
47.0716,terug,-29,MM1 ?AI
47.0716,terug,-29,MM0 ?AI
47.0716,terug,-29,MM1 AI=0:0:2335:2327:0:0
47.0922,uitbollen,0,MM0 AI=0:0:2423:2447:0:0
47.0923,uitbollen,0,"#148,YAW,-1.29,GYRO,-8,37,3,ACC,6,4,247,ADC,1296,500,6,2,"
47.0923,uitbollen,0,MM1 ?C
47.0923,uitbollen,0,MM0 ?C
47.0923,uitbollen,0,MM0 C=-438:348
47.1266,uitbollen,0,MM1 C=1144:-1256
47.1266,uitbollen,0,MM0 !M 0 0
47.1267,uitbollen,0,MM1 !M 0 0
47.1267,uitbollen,0,MM0 +
47.1267,uitbollen,0,MM1 +
47.1267,uitbollen,0,MM0 !M 0 0
47.1267,uitbollen,0,"$GPRMC,094143.0,A,5050.50689,N,00419.37083,E,000.24,300.9,021026,000.4,E*5D"
47.1267,uitbollen,0,MM0 +
47.1267,uitbollen,0,MM1 !M 0 0
47.1267,uitbollen,0,MM1 +
47.1268,uitbollen,0,"#149,YAW,-1.29,GYRO,-9,59,-1,ACC,14,1,261,ADC,1261,331,4,2,"
47.1268,uitbollen,0,MM1 ?D
47.1268,uitbollen,0,MM0 ?D
47.1268,uitbollen,0,MM1 D=0
47.1268,uitbollen,0,MM0 D=1
47.1475,uitbollen,0,"#150,YAW,-1.29,GYRO,-10,10,-15,ACC,19,2,255,ADC,1299,413,6,2,"
47.1475,uitbollen,0,MM0 ?FF
47.1475,uitbollen,0,MM1 ?FF
47.1475,uitbollen,0,MM0 FF=0
47.1475,uitbollen,0,MM1 FF=0
47.1684,uitbollen,0,"#151,YAW,-1.29,GYRO,-5,42,-12,ACC,21,2,254,ADC,1243,386,7,2,"
47.1684,uitbollen,0,MM0 ?P
47.1684,uitbollen,0,MM1 ?P
47.1684,uitbollen,0,MM0 P=0:0
47.1684,uitbollen,0,MM1 P=0:0
47.1684,uitbollen,0,"#152,YAW,-1.29,GYRO,-7,75,-6,ACC,0,1,263,ADC,1223,380,6,1,"
47.1685,uitbollen,0,MM0 ?S
47.1911,uitbollen,0,MM1 ?S
47.1911,uitbollen,0,MM0 S=75:0
47.1911,uitbollen,0,MM1 S=75:0
47.1911,uitbollen,0,"#153,YAW,-1.29,GYRO,-6,36,-12,ACC,7,7,258,ADC,1228,383,7,2,"
47.1911,uitbollen,0,MM0 ?T
47.1911,uitbollen,0,MM1 ?T
47.2255,uitbollen,0,MM0 T=35:35
47.2255,uitbollen,0,MM1 T=36:34
47.2255,uitbollen,0,MM0 !M 0 0
47.2255,uitbollen,0,MM1 !M 0 0
47.2255,uitbollen,0,MM0 +
47.2255,uitbollen,0,MM1 +
47.2255,uitbollen,0,"#154,YAW,-1.29,GYRO,-9,38,-4,ACC,-2,1,242,ADC,1262,392,4,2,"
47.2255,uitbollen,0,MM0 ?V
47.2255,uitbollen,0,MM1 ?V
47.2255,uitbollen,0,MM0 V=120:223:4905
47.2255,uitbollen,0,MM1 V=120:223:4901
47.2464,uitbollen,0,"#155,YAW,-1.29,GYRO,-6,72,-17,ACC,-6,0,257,ADC,1208,383,5,1,"
47.2464,uitbollen,0,MM0 ?CR
47.2464,uitbollen,0,MM1 ?CR
47.2464,uitbollen,0,MM0 CR=5:-5
47.2464,uitbollen,0,MM1 CR=5:-5
47.2674,uitbollen,0,"#156,YAW,-1.29,GYRO,-15,28,-9,ACC,0,4,260,ADC,1253,395,4,2,"
47.2674,uitbollen,0,MM0 ?A
47.2674,uitbollen,0,MM1 ?A
47.2674,uitbollen,0,MM0 A=0:0
47.2674,uitbollen,0,MM1 A=0:0
47.2883,uitbollen,0,"#157,YAW,-1.29,GYRO,-8,58,-8,ACC,-13,1,248,ADC,1325,502,4,2,"
47.2884,uitbollen,0,MM0 ?AI
47.2884,uitbollen,0,MM1 ?AI
47.2884,uitbollen,0,MM0 AI=0:0:2431:2439:0:0
47.2884,uitbollen,0,MM1 AI=0:0:2334:2337:0:0
47.2884,uitbollen,0,"#158,YAW,-1.29,GYRO,-13,50,-23,ACC,-15,4,257,ADC,1289,500,4,2,"
47.2884,uitbollen,0,MM0 ?C
47.3225,uitbollen,0,MM1 ?C
47.3225,uitbollen,0,MM0 C=-432:342
47.3225,uitbollen,0,MM1 C=1149:-1262
47.3225,uitbollen,0,MM0 !M 0 0
47.3225,uitbollen,0,MM1 !M 0 0
47.3225,uitbollen,0,MM0 +
47.3225,uitbollen,0,MM1 +
47.3225,uitbollen,0,"$GPRMC,094143.2,A,5050.50689,N,00419.37081,E,000.21,300.9,021026,000.4,E*58"
47.3225,uitbollen,0,"#159,YAW,-1.29,GYRO,-13,22,-11,ACC,-2,4,257,ADC,1248,302,5,2,"
47.3225,uitbollen,0,MM0 ?D
47.3225,uitbollen,0,MM1 ?D
47.3225,uitbollen,0,MM0 D=50
47.3225,uitbollen,0,MM1 D=51
47.3435,uitbollen,0,"#160,YAW,-1.29,GYRO,-6,58,-5,ACC,-14,5,245,ADC,1283,503,5,2,"
47.3435,uitbollen,0,MM0 ?FF
47.3435,uitbollen,0,MM1 ?FF
47.3435,uitbollen,0,MM0 FF=0
47.3435,uitbollen,0,MM1 FF=0
47.3643,uitbollen,0,"#161,YAW,-1.29,GYRO,-8,57,-13,ACC,-7,1,265,ADC,1240,384,8,1,"
47.3643,uitbollen,0,MM0 ?P
47.3643,uitbollen,0,MM1 ?P
47.3643,uitbollen,0,MM0 P=0:0
47.3644,uitbollen,0,MM1 P=0:0
47.3866,uitbollen,0,"#162,YAW,-1.29,GYRO,-8,52,-18,ACC,-14,4,257,ADC,1286,500,6,2,"
47.3866,uitbollen,0,MM0 ?S
47.3866,uitbollen,0,MM1 ?S
47.3866,uitbollen,0,MM0 S=0:0
47.3866,uitbollen,0,MM1 S=0:0
47.4353,uitbollen,0,"#163,YAW,-1.29,GYRO,-7,33,-9,ACC,0,1,258,ADC,1253,502,4,2,"
47.4353,uitbollen,0,MM0 ?T
47.4353,uitbollen,0,MM1 ?T
47.4353,uitbollen,0,MM0 T=35:35
47.4353,uitbollen,0,MM1 T=36:34
47.4353,uitbollen,0,"#164,YAW,-1.29,GYRO,-11,48,-4,ACC,-6,2,255,ADC,1255,386,5,2,"
47.4353,uitbollen,0,MM0 ?V
47.4353,uitbollen,0,MM1 ?V
47.4353,uitbollen,0,MM0 V=120:223:4904
47.4353,uitbollen,0,MM1 V=120:223:4901
47.4353,uitbollen,0,MM0 !M 0 0
47.4354,uitbollen,0,MM1 !M 0 0
47.4354,uitbollen,0,MM0 +
47.4354,uitbollen,0,MM1 +
47.4354,uitbollen,0,"#165,YAW,-1.29,GYRO,-7,52,-4,ACC,-3,5,257,ADC,1290,389,5,2,"
47.4354,uitbollen,0,MM0 ?CR
47.4354,uitbollen,0,MM1 ?CR
47.4354,uitbollen,0,MM0 CR=4:-4
47.4354,uitbollen,0,MM1 CR=4:-4
47.4563,uitbollen,0,"#166,YAW,-1.29,GYRO,-12,43,3,ACC,-4,3,256,ADC,1263,385,7,2,"
47.4563,uitbollen,0,MM0 ?A
47.4564,uitbollen,0,MM1 ?A
47.4564,uitbollen,0,MM0 A=0:0
47.4564,uitbollen,0,MM1 A=0:0
47.4772,uitbollen,0,"#167,YAW,-1.29,GYRO,-9,53,-6,ACC,-8,1,256,ADC,1266,394,5,2,"
47.4772,uitbollen,0,MM0 ?AI
47.4772,uitbollen,0,MM1 ?AI
47.4772,uitbollen,0,MM0 AI=0:0:2407:2440:0:0
47.4772,uitbollen,0,MM1 AI=0:0:2356:2349:0:0
47.4984,uitbollen,0,"#168,YAW,-1.29,GYRO,-8,49,-19,ACC,-8,2,255,ADC,1217,392,6,1,"
47.4984,uitbollen,0,MM0 ?C
47.4985,uitbollen,0,MM1 ?C
47.4985,uitbollen,0,MM0 C=-429:339
47.4985,uitbollen,0,MM1 C=1152:-1264
47.5355,uitbollen,0,"$GPRMC,094143.4,A,5050.50689,N,00419.37079,E,000.19,300.9,021026,000.4,E*52"
47.5356,uitbollen,0,"#169,YAW,-1.29,GYRO,-7,46,-24,ACC,-4,2,260,ADC,1246,334,4,2,"
47.5356,uitbollen,0,MM0 ?D
47.5356,uitbollen,0,MM1 ?D
47.5356,uitbollen,0,MM0 D=1
47.5356,uitbollen,0,MM1 D=0
47.5356,uitbollen,0,MM0 !M 0 0
47.5356,uitbollen,0,MM1 !M 0 0
47.5356,uitbollen,0,MM0 +
47.5356,uitbollen,0,MM1 +
47.5356,uitbollen,0,"#170,YAW,-1.29,GYRO,-8,43,-17,ACC,0,2,255,ADC,1249,398,4,1,"
47.5356,uitbollen,0,MM0 ?FF
47.5356,uitbollen,0,MM1 ?FF
47.5356,uitbollen,0,MM0 FF=0
47.5356,uitbollen,0,MM1 FF=0
47.5562,uitbollen,0,"#171,YAW,-1.29,GYRO,-9,46,-5,ACC,3,1,254,ADC,1217,384,4,2,"
47.5562,uitbollen,0,MM0 ?P
47.5562,uitbollen,0,MM1 ?P
47.5562,uitbollen,0,MM0 P=0:0
47.5562,uitbollen,0,MM1 P=0:0
47.5772,uitbollen,0,"#172,YAW,-1.29,GYRO,-8,43,-6,ACC,4,1,260,ADC,1227,380,7,2,"
47.5772,uitbollen,0,MM0 ?S
47.5772,uitbollen,0,MM1 ?S
47.5772,uitbollen,0,MM0 S=0:0
47.5772,uitbollen,0,MM1 S=0:0
47.5984,uitbollen,0,"#173,YAW,-1.29,GYRO,-8,46,-12,ACC,1,2,255,ADC,1222,382,5,2,"
47.5985,uitbollen,0,MM0 ?T
47.5985,uitbollen,0,MM1 ?T
47.5985,uitbollen,0,MM0 T=35:35
47.5985,uitbollen,0,MM1 T=36:34
47.6322,uitbollen,0,"#174,YAW,-1.29,GYRO,-7,47,-11,ACC,-1,2,253,ADC,1234,379,6,2,"
47.6322,uitbollen,0,MM0 ?V
47.6322,uitbollen,0,MM1 ?V
47.6322,uitbollen,0,MM0 V=120:223:4903
47.6323,uitbollen,0,MM1 V=120:223:4897
47.6323,uitbollen,0,MM0 !M 0 0
47.6323,uitbollen,0,MM1 !M 0 0
47.6323,uitbollen,0,MM0 +
47.6323,uitbollen,0,MM1 +
47.6323,uitbollen,0,"#175,YAW,-1.29,GYRO,-10,44,-6,ACC,0,3,256,ADC,1271,401,5,2,"
47.6323,uitbollen,0,MM0 ?CR
47.6323,uitbollen,0,MM1 ?CR
47.6323,uitbollen,0,MM0 CR=0:-1
47.6323,uitbollen,0,MM1 CR=0:0
47.6533,uitbollen,0,"#176,YAW,-1.29,GYRO,-8,40,-8,ACC,0,0,258,ADC,1278,395,6,2,"
47.6534,uitbollen,0,MM0 ?A
47.6534,uitbollen,0,MM1 ?A
47.6534,uitbollen,0,MM0 A=0:0
47.6534,uitbollen,0,MM1 A=0:0
47.6746,uitbollen,0,"#177,YAW,-1.29,GYRO,-8,42,-12,ACC,1,1,255,ADC,1282,382,6,2,"
47.6747,uitbollen,0,MM0 ?AI
47.6747,uitbollen,0,MM1 ?AI
47.6747,uitbollen,0,MM0 AI=0:0:2431:2420:0:0
47.6747,uitbollen,0,MM1 AI=0:0:2339:2336:0:0
47.6953,uitbollen,0,"#178,YAW,-1.29,GYRO,-10,44,-12,ACC,2,5,254,ADC,1223,383,5,1,"
47.6953,uitbollen,0,MM0 ?C
47.6953,uitbollen,0,MM1 ?C
47.6953,uitbollen,0,MM0 C=-429:339
47.6953,uitbollen,0,MM1 C=1152:-1264
47.7312,uitbollen,0,"$GPRMC,094143.6,A,5050.50689,N,00419.37078,E,000.17,300.9,021026,000.4,E*5F"
47.7312,uitbollen,0,MM0 !M 0 0
47.7312,uitbollen,0,MM1 !M 0 0
47.7312,uitbollen,0,MM0 +
47.7312,uitbollen,0,MM1 +
47.7312,uitbollen,0,"#179,YAW,-1.29,GYRO,-7,46,-10,ACC,4,1,257,ADC,1240,354,4,1,"
47.7312,uitbollen,0,MM0 ?D
47.7312,uitbollen,0,MM1 ?D
47.7312,uitbollen,0,MM0 D=1
47.7312,uitbollen,0,MM1 D=0
47.7312,uitbollen,0,"#180,YAW,-1.29,GYRO,-9,45,-7,ACC,-2,5,256,ADC,1261,389,4,2,"
47.7312,uitbollen,0,MM0 ?FF
47.7312,uitbollen,0,MM1 ?FF
47.7511,uitbollen,0,MM0 FF=0
47.7511,uitbollen,0,MM1 FF=0
47.7511,uitbollen,0,"#181,YAW,-1.29,GYRO,-8,44,-8,ACC,-4,2,255,ADC,1283,398,4,2,"
47.7511,uitbollen,0,MM0 ?P
47.7511,uitbollen,0,MM1 ?P
47.7511,uitbollen,0,MM0 P=0:0
47.7713,uitbollen,0,MM1 P=0:0
47.7713,uitbollen,0,"#182,YAW,-1.29,GYRO,-7,47,-8,ACC,3,4,257,ADC,1261,499,5,1,"
47.7713,uitbollen,0,MM0 ?S
47.7713,uitbollen,0,MM1 ?S
47.7713,uitbollen,0,MM0 S=0:0
47.7713,uitbollen,0,MM1 S=0:0
47.7923,uitbollen,0,"#183,YAW,-1.29,GYRO,-8,47,-8,ACC,-1,2,255,ADC,1246,385,5,2,"
47.7923,uitbollen,0,MM0 ?T
47.7923,uitbollen,0,MM1 ?T
47.7923,uitbollen,0,MM0 T=35:35
47.7923,uitbollen,0,MM1 T=36:34
47.8296,uitbollen,0,MM0 !M 0 0
47.8296,uitbollen,0,MM1 !M 0 0
47.8296,uitbollen,0,MM0 +
47.8296,uitbollen,0,MM1 +
47.8296,uitbollen,0,"#184,YAW,-1.29,GYRO,-7,43,-5,ACC,-5,2,257,ADC,1282,396,3,2,"
47.8297,uitbollen,0,MM0 ?V
47.8297,uitbollen,0,MM1 ?V
47.8297,uitbollen,0,MM0 V=120:223:4903
47.8297,uitbollen,0,MM1 V=120:223:4895
47.8297,uitbollen,0,"#185,YAW,-1.29,GYRO,-7,45,-5,ACC,-2,2,259,ADC,1263,388,7,1,"
47.8297,uitbollen,0,MM0 ?CR
47.8297,uitbollen,0,MM1 ?CR
47.8539,uitbollen,0,MM0 CR=0:1
47.8540,uitbollen,0,MM1 CR=0:0
47.8540,uitbollen,0,"#186,YAW,-1.29,GYRO,-9,45,-4,ACC,-4,4,259,ADC,1248,386,5,2,"
47.8540,uitbollen,0,MM0 ?A
47.8540,uitbollen,0,MM1 ?A
47.8541,uitbollen,0,MM0 A=0:0
47.8714,uitbollen,0,MM1 A=0:0
47.8714,uitbollen,0,"#187,YAW,-1.29,GYRO,-8,42,-6,ACC,-7,3,258,ADC,1256,388,5,2,"
47.8714,uitbollen,0,MM0 ?AI
47.8714,uitbollen,0,MM1 ?AI
47.8714,uitbollen,0,MM0 AI=0:0:2429:2448:0:0
47.8923,uitbollen,0,MM1 AI=0:0:2316:2348:0:0
47.8923,uitbollen,0,"#188,YAW,-1.29,GYRO,-8,44,-10,ACC,-3,2,254,ADC,1251,502,6,1,"
47.8923,uitbollen,0,MM0 ?C
47.8923,uitbollen,0,MM1 ?C
47.8923,uitbollen,0,MM0 C=-429:340
47.8923,uitbollen,0,MM1 C=1152:-1264
47.9265,uitbollen,0,"$GPRMC,094143.8,A,5050.50689,N,00419.37077,E,000.16,300.9,021026,000.4,E*5F"
47.9265,uitbollen,0,MM0 !M 0 0
47.9265,uitbollen,0,MM1 !M 0 0
47.9266,uitbollen,0,MM0 +
47.9266,uitbollen,0,MM1 +
47.9266,uitbollen,0,"#189,YAW,-1.29,GYRO,-8,44,-12,ACC,-1,0,257,ADC,1303,368,4,1,"
47.9266,uitbollen,0,MM0 ?D
47.9266,uitbollen,0,MM1 ?D
47.9266,uitbollen,0,MM0 D=17
47.9266,uitbollen,0,MM1 D=0
47.9473,uitbollen,0,"#190,YAW,-1.29,GYRO,-7,37,-13,ACC,-6,1,254,ADC,1262,400,5,1,"
47.9473,uitbollen,0,MM0 ?FF
47.9473,uitbollen,0,MM1 ?FF
47.9473,uitbollen,0,MM0 FF=0
47.9473,uitbollen,0,MM1 FF=0
47.9684,uitbollen,0,"#191,YAW,-1.29,GYRO,-10,40,-11,ACC,0,2,250,ADC,1248,394,5,2,"
47.9684,uitbollen,0,MM0 ?P
47.9684,uitbollen,0,MM1 ?P
47.9684,uitbollen,0,MM0 P=0:0
47.9684,uitbollen,0,MM1 P=0:0
47.9684,uitbollen,0,"#192,YAW,-1.29,GYRO,-9,35,-6,ACC,5,1,263,ADC,1283,381,4,2,"
47.9684,uitbollen,0,MM0 ?S
47.9899,uitbollen,0,MM1 ?S
47.9900,uitbollen,0,MM0 S=0:0
47.9900,uitbollen,0,MM1 S=0:0
47.9900,uitbollen,0,"#193,YAW,-1.29,GYRO,-8,45,-1,ACC,4,2,252,ADC,1275,501,5,3,"
47.9900,uitbollen,0,MM0 ?T
47.9900,uitbollen,0,MM1 ?T
48.0387,uitbollen,0,MM0 T=35:35
48.0387,uitbollen,0,MM1 T=36:34
48.0387,uitbollen,0,"#194,YAW,-1.29,GYRO,-8,40,2,ACC,11,1,255,ADC,1239,387,6,2,"
48.0387,uitbollen,0,MM0 ?V
48.0387,uitbollen,0,MM1 ?V
48.0387,uitbollen,0,MM0 V=120:223:4903
48.0387,uitbollen,0,MM1 V=120:223:4895
48.0387,uitbollen,0,MM0 !M 0 0
48.0387,uitbollen,0,MM1 !M 0 0
48.0387,uitbollen,0,MM0 +
48.0387,uitbollen,0,MM1 +
48.0387,uitbollen,0,"#195,YAW,-1.29,GYRO,-11,33,-7,ACC,13,1,258,ADC,1193,381,5,2,"
48.0387,uitbollen,0,MM0 ?CR
48.0387,uitbollen,0,MM1 ?CR
48.0388,uitbollen,0,MM0 CR=-1:0
48.0388,uitbollen,0,MM1 CR=0:0
48.0593,uitbollen,0,"#196,YAW,-1.29,GYRO,-8,50,-23,ACC,11,1,258,ADC,1217,383,5,2,"
48.0593,uitbollen,0,MM0 ?A
48.0593,uitbollen,0,MM1 ?A
48.0593,uitbollen,0,MM0 A=0:0
48.0593,uitbollen,0,MM1 A=0:0
48.0803,uitbollen,0,"#197,YAW,-1.29,GYRO,-9,49,-22,ACC,7,4,259,ADC,1301,499,4,2,"
48.0803,uitbollen,0,MM0 ?AI
48.0803,uitbollen,0,MM1 ?AI
48.0803,uitbollen,0,MM0 AI=0:0:2450:2434:0:0
48.0803,uitbollen,0,MM1 AI=0:0:2336:2337:0:0
48.1013,uitbollen,0,"#198,YAW,-1.29,GYRO,-8,46,-12,ACC,6,1,254,ADC,1281,499,8,2,"
48.1013,uitbollen,0,MM0 ?C
48.1013,uitbollen,0,MM1 ?C
48.1013,uitbollen,0,MM0 C=-430:340
48.1013,uitbollen,0,MM1 C=1152:-1264
48.1392,uitbollen,0,"$GPRMC,094144.0,A,5050.50690,N,00419.37076,E,000.15,300.9,021026,000.4,E*5A"
48.1392,uitbollen,0,"#199,YAW,-1.29,GYRO,-9,48,-11,ACC,-1,4,260,ADC,1263,336,5,1,"
48.1392,uitbollen,0,MM0 ?D
48.1392,uitbollen,0,MM1 ?D
48.1392,uitbollen,0,MM0 D=16
48.1392,uitbollen,0,MM1 D=0
48.1392,uitbollen,0,MM0 !M 0 0
48.1392,uitbollen,0,MM1 !M 0 0
48.1392,uitbollen,0,MM0 +
48.1392,uitbollen,0,MM1 +
48.1392,uitbollen,0,"#200,YAW,-1.29,GYRO,-10,41,-9,ACC,1,2,251,ADC,1256,499,5,2,"
48.1392,uitbollen,0,MM0 ?FF
48.1392,uitbollen,0,MM1 ?FF
48.1392,uitbollen,0,MM0 FF=0
48.1392,uitbollen,0,MM1 FF=0
48.1566,uitbollen,0,"#201,YAW,-1.29,GYRO,-7,47,-6,ACC,3,2,254,ADC,1219,390,5,2,"
48.1566,uitbollen,0,MM0 ?P
48.1566,uitbollen,0,MM1 ?P
48.1566,uitbollen,0,MM0 P=0:0
48.1566,uitbollen,0,MM1 P=0:0
48.1772,uitbollen,0,"#202,YAW,-1.29,GYRO,-8,44,-6,ACC,0,3,257,ADC,1273,497,5,1,"
48.1772,uitbollen,0,MM0 ?S
48.1772,uitbollen,0,MM1 ?S
48.1772,uitbollen,0,MM0 S=0:0
48.1772,uitbollen,0,MM1 S=0:0
48.1992,uitbollen,0,"#203,YAW,-1.29,GYRO,-6,47,-9,ACC,-4,3,256,ADC,1296,499,5,2,"
48.1992,uitbollen,0,MM0 ?T
48.1992,uitbollen,0,MM1 ?T
48.1992,uitbollen,0,MM0 T=35:35
48.1992,uitbollen,0,MM1 T=36:34
48.2336,uitbollen,0,"#204,YAW,-1.29,GYRO,-10,43,-7,ACC,1,-1,256,ADC,1245,389,5,2,"
48.2336,uitbollen,0,MM0 ?V
48.2336,uitbollen,0,MM1 ?V
48.2336,uitbollen,0,MM0 V=120:222:4903
48.2336,uitbollen,0,MM1 V=120:223:4894
48.2336,uitbollen,0,MM0 !M 0 0
48.2336,uitbollen,0,MM1 !M 0 0
48.2336,uitbollen,0,MM0 +
48.2336,uitbollen,0,MM1 +
48.2336,uitbollen,0,"#205,YAW,-1.29,GYRO,-7,43,-4,ACC,0,6,256,ADC,1282,501,6,1,"
48.2337,uitbollen,0,MM0 ?CR
48.2337,uitbollen,0,MM1 ?CR
48.2337,uitbollen,0,MM0 CR=0:0
48.2337,uitbollen,0,MM1 CR=0:0
48.2543,uitbollen,0,"#206,YAW,-1.29,GYRO,-8,41,-2,ACC,-6,1,254,ADC,1250,380,4,2,"
48.2544,uitbollen,0,MM0 ?A
48.2544,uitbollen,0,MM1 ?A
48.2544,uitbollen,0,MM0 A=0:0
48.2544,uitbollen,0,MM1 A=0:0
48.2754,uitbollen,0,"#207,YAW,-1.29,GYRO,-7,39,-1,ACC,4,1,255,ADC,1266,390,4,2,"
48.2754,uitbollen,0,MM0 ?AI
48.2754,uitbollen,0,MM1 ?AI
48.2754,uitbollen,0,MM0 AI=0:0:2434:2438:0:0
48.2754,uitbollen,0,MM1 AI=0:0:2337:2330:0:0
48.2963,uitbollen,0,"#208,YAW,-1.29,GYRO,-9,43,-11,ACC,1,1,257,ADC,1283,502,4,1,"
48.2963,uitbollen,0,MM0 ?C
48.2963,uitbollen,0,MM1 ?C
48.2963,uitbollen,0,MM0 C=-430:340
48.2963,uitbollen,0,MM1 C=1152:-1264
48.3304,uitbollen,0,"$GPRMC,094144.2,A,5050.50690,N,00419.37075,E,000.14,300.9,021026,000.4,E*5A"
48.3305,uitbollen,0,MM0 !M 0 0
48.3305,uitbollen,0,MM1 !M 0 0
48.3305,uitbollen,0,MM0 +
48.3305,uitbollen,0,MM1 +
48.3305,uitbollen,0,"#209,YAW,-1.29,GYRO,-7,42,-18,ACC,3,2,253,ADC,1252,402,8,2,"
48.3305,uitbollen,0,MM0 ?D
48.3305,uitbollen,0,MM1 ?D
48.3305,uitbollen,0,MM0 D=16
48.3305,uitbollen,0,MM1 D=0
48.3305,uitbollen,0,"#210,YAW,-1.29,GYRO,-10,45,-17,ACC,5,1,257,ADC,1271,389,6,2,"
48.3305,uitbollen,0,MM0 ?FF
48.3305,uitbollen,0,MM1 ?FF
48.3305,uitbollen,0,MM0 FF=0
48.3514,uitbollen,0,MM1 FF=0
48.3514,uitbollen,0,"#211,YAW,-1.29,GYRO,-8,45,-9,ACC,5,2,257,ADC,1240,387,5,2,"
48.3514,uitbollen,0,MM0 ?P
48.3514,uitbollen,0,MM1 ?P
48.3514,uitbollen,0,MM0 P=0:0
48.3514,uitbollen,0,MM1 P=0:0
48.3722,uitbollen,0,"#212,YAW,-1.29,GYRO,-9,45,-2,ACC,3,1,259,ADC,1237,383,6,2,"
48.3722,uitbollen,0,MM1 ?S
48.3722,uitbollen,0,MM0 ?S
48.3722,uitbollen,0,MM0 S=0:0
48.3722,uitbollen,0,MM1 S=0:0
48.3932,uitbollen,0,"#213,YAW,-1.29,GYRO,-9,45,-7,ACC,-2,3,257,ADC,1276,497,6,2,"
48.3932,uitbollen,0,MM0 ?T
48.3932,uitbollen,0,MM1 ?T
48.3932,uitbollen,0,MM0 T=35:35
48.3932,uitbollen,0,MM1 T=36:34
48.4403,uitbollen,0,"#214,YAW,-1.29,GYRO,-8,45,-13,ACC,1,1,258,ADC,1248,415,4,2,"
48.4403,uitbollen,0,MM0 ?V
48.4403,uitbollen,0,MM1 ?V
48.4403,uitbollen,0,MM0 V=120:223:4902
48.4403,uitbollen,0,MM1 V=120:223:4895
48.4404,uitbollen,0,MM0 !M 0 0
48.4404,uitbollen,0,MM1 !M 0 0
48.4404,uitbollen,0,MM0 +
48.4404,uitbollen,0,MM1 +
48.4404,uitbollen,0,"#215,YAW,-1.28,GYRO,-10,43,-10,ACC,3,2,261,ADC,1229,382,6,1,"
48.4404,uitbollen,0,MM0 ?CR
48.4404,uitbollen,0,MM1 ?CR
48.4404,uitbollen,0,MM0 CR=0:0
48.4404,uitbollen,0,MM1 CR=0:0
48.4621,uitbollen,0,"#216,YAW,-1.28,GYRO,-11,44,-6,ACC,-1,4,253,ADC,1208,381,4,1,"
48.4621,uitbollen,0,MM0 ?A
48.4621,uitbollen,0,MM1 ?A
48.4621,uitbollen,0,MM0 A=0:0
48.4621,uitbollen,0,MM1 A=0:0
48.4829,uitbollen,0,"#217,YAW,-1.28,GYRO,-7,45,-8,ACC,1,1,258,ADC,1235,383,5,2,"
48.4830,uitbollen,0,MM0 ?AI
48.4830,uitbollen,0,MM1 ?AI
48.4830,uitbollen,0,MM0 AI=0:0:2446:2439:0:0
48.4830,uitbollen,0,MM1 AI=0:0:2327:2559:0:0
48.5035,uitbollen,0,"#218,YAW,-1.28,GYRO,-8,45,-10,ACC,4,3,257,ADC,1265,398,5,1,"
48.5035,uitbollen,0,MM0 ?C
48.5035,uitbollen,0,MM1 ?C
48.5035,uitbollen,0,MM0 C=-430:340
48.5035,uitbollen,0,MM1 C=1152:-1264
48.5035,uitbollen,0,"$GPRMC,094144.4,A,5050.50690,N,00419.37074,E,000.11,300.9,021026,000.4,E*58"
48.5393,uitbollen,0,"#219,YAW,-1.28,GYRO,-9,44,-11,ACC,3,1,254,ADC,1251,318,4,1,"
48.5394,uitbollen,0,MM0 ?D
48.5394,uitbollen,0,MM1 ?D
48.5394,uitbollen,0,MM0 D=16
48.5394,uitbollen,0,MM1 D=0
48.5394,uitbollen,0,MM1 !M 0 0
48.5394,uitbollen,0,MM0 !M 0 0
48.5394,uitbollen,0,MM1 +
48.5394,uitbollen,0,MM0 +
48.5394,uitbollen,0,"#220,YAW,-1.28,GYRO,-9,44,-8,ACC,1,3,252,ADC,1261,498,6,3,"
48.5394,uitbollen,0,MM0 ?FF
48.5394,uitbollen,0,MM1 ?FF
48.5394,uitbollen,0,MM0 FF=0
48.5395,uitbollen,0,MM1 FF=0
48.5601,uitbollen,0,"#221,YAW,-1.28,GYRO,-8,46,-8,ACC,0,4,256,ADC,1231,383,5,2,"
48.5602,uitbollen,0,MM0 ?P
48.5602,uitbollen,0,MM1 ?P
48.5602,uitbollen,0,MM0 P=0:0
48.5602,uitbollen,0,MM1 P=0:0
48.5814,uitbollen,0,"#222,YAW,-1.28,GYRO,-9,44,-9,ACC,4,2,258,ADC,1222,384,4,3,"
48.5815,uitbollen,0,MM0 ?S
48.5815,uitbollen,0,MM1 ?S
48.5815,uitbollen,0,MM0 S=0:0
48.5815,uitbollen,0,MM1 S=0:0
48.6021,uitbollen,0,"#223,YAW,-1.28,GYRO,-9,43,-9,ACC,2,1,254,ADC,1251,493,5,2,"
48.6022,uitbollen,0,MM0 ?T
48.6022,uitbollen,0,MM1 ?T
48.6022,uitbollen,0,MM0 T=35:35
48.6022,uitbollen,0,MM1 T=37:34
48.6363,uitbollen,0,"#224,YAW,-1.28,GYRO,-8,45,-10,ACC,3,4,258,ADC,1260,385,5,2,"
48.6363,uitbollen,0,MM0 ?V
48.6363,uitbollen,0,MM1 ?V
48.6363,uitbollen,0,MM0 V=120:221:4902
48.6363,uitbollen,0,MM1 V=120:223:4896
48.6363,uitbollen,0,MM0 !M 0 0
48.6363,uitbollen,0,MM1 !M 0 0
48.6363,uitbollen,0,MM0 +
48.6363,uitbollen,0,MM1 +
48.6363,uitbollen,0,"#225,YAW,-1.28,GYRO,-9,45,-8,ACC,3,2,257,ADC,1283,389,5,1,"
48.6363,uitbollen,0,MM0 ?CR
48.6363,uitbollen,0,MM1 ?CR
48.6363,uitbollen,0,MM0 CR=0:0
48.6363,uitbollen,0,MM1 CR=0:0
48.6573,uitbollen,0,"#226,YAW,-1.28,GYRO,-9,44,-10,ACC,2,1,249,ADC,1256,430,7,2,"
48.6574,uitbollen,0,MM0 ?A
48.6574,uitbollen,0,MM1 ?A
48.6574,uitbollen,0,MM0 A=0:0
48.6574,uitbollen,0,MM1 A=0:0
48.6781,uitbollen,0,"#227,YAW,-1.28,GYRO,-8,45,-9,ACC,5,2,257,ADC,1239,397,5,2,"
48.6781,uitbollen,0,MM0 ?AI
48.6781,uitbollen,0,MM1 ?AI
48.6781,uitbollen,0,MM0 AI=0:0:2413:2443:0:0
48.6781,uitbollen,0,MM1 AI=0:0:2361:2341:0:0
48.6994,uitbollen,0,"#228,YAW,-1.28,GYRO,-8,44,-10,ACC,2,2,254,ADC,1265,388,6,2,"
48.6994,uitbollen,0,MM0 ?C
48.6994,uitbollen,0,MM1 ?C
48.6994,uitbollen,0,MM0 C=-430:340
48.6994,uitbollen,0,MM1 C=1152:-1264
48.6994,uitbollen,0,"$GPRMC,094144.6,A,5050.50691,N,00419.37074,E,000.09,300.9,021026,000.4,E*52"
48.7334,uitbollen,0,"#229,YAW,-1.28,GYRO,-8,43,-9,ACC,-1,4,257,ADC,1292,502,5,2,"
48.7334,uitbollen,0,MM0 ?D
48.7334,uitbollen,0,MM1 ?D
48.7334,uitbollen,0,MM0 D=16
48.7334,uitbollen,0,MM1 D=0
48.7334,uitbollen,0,MM0 !M 0 0
48.7334,uitbollen,0,MM1 !M 0 0
48.7334,uitbollen,0,MM0 +
48.7334,uitbollen,0,MM1 +
48.7334,uitbollen,0,"#230,YAW,-1.28,GYRO,-7,44,-11,ACC,1,2,254,ADC,1260,500,4,2,"
48.7334,uitbollen,0,MM0 ?FF
48.7334,uitbollen,0,MM1 ?FF
48.7334,uitbollen,0,MM0 FF=0
48.7334,uitbollen,0,MM1 FF=0
48.7542,uitbollen,0,"#231,YAW,-1.28,GYRO,-10,44,-11,ACC,2,1,256,ADC,1306,391,4,1,"
48.7542,uitbollen,0,MM0 ?P
48.7542,uitbollen,0,MM1 ?P
48.7542,uitbollen,0,MM0 P=0:0
48.7542,uitbollen,0,MM1 P=0:0
48.7769,uitbollen,0,"#232,YAW,-1.28,GYRO,-9,45,-9,ACC,2,2,255,ADC,1213,380,5,1,"
48.7770,uitbollen,0,MM0 ?S
48.7770,uitbollen,0,MM1 ?S
48.7770,uitbollen,0,MM0 S=0:0
48.7770,uitbollen,0,MM1 S=0:0
48.7962,uitbollen,0,"#233,YAW,-1.28,GYRO,-9,44,-9,ACC,4,2,255,ADC,1259,503,7,2,"
48.7962,uitbollen,0,MM0 ?T
48.7962,uitbollen,0,MM1 ?T
48.7962,uitbollen,0,MM0 T=35:35
48.7962,uitbollen,0,MM1 T=36:34
48.8305,uitbollen,0,MM0 !M 0 0
48.8305,uitbollen,0,MM1 !M 0 0
48.8305,uitbollen,0,MM0 +
48.8305,uitbollen,0,MM1 +
48.8305,uitbollen,0,"#234,YAW,-1.28,GYRO,-8,42,-10,ACC,2,1,255,ADC,1244,280,5,2,"
48.8305,uitbollen,0,MM0 ?V
48.8305,uitbollen,0,MM1 ?V
48.8305,uitbollen,0,MM0 V=120:223:4902
48.8306,uitbollen,0,MM1 V=120:224:4894
48.8306,uitbollen,0,"#235,YAW,-1.28,GYRO,-9,43,-8,ACC,4,3,266,ADC,1260,384,4,2,"
48.8306,uitbollen,0,MM1 ?CR
48.8306,uitbollen,0,MM0 ?CR
48.8306,uitbollen,0,MM1 CR=0:0
48.8513,uitbollen,0,MM0 CR=0:0
48.8513,uitbollen,0,"#236,YAW,-1.28,GYRO,-7,44,-8,ACC,0,3,257,ADC,1245,388,6,2,"
48.8513,uitbollen,0,MM0 ?A
48.8513,uitbollen,0,MM1 ?A
48.8513,uitbollen,0,MM0 A=0:0
48.8513,uitbollen,0,MM1 A=0:0
48.8723,uitbollen,0,"#237,YAW,-1.28,GYRO,-7,43,-9,ACC,2,2,259,ADC,1260,504,5,2,"
48.8724,uitbollen,0,MM1 ?AI
48.8724,uitbollen,0,MM0 ?AI
48.8724,uitbollen,0,MM1 AI=0:0:2334:2362:0:0
48.8934,uitbollen,0,MM0 AI=0:0:2424:2430:0:0
48.8934,uitbollen,0,"#238,YAW,-1.28,GYRO,-9,44,-9,ACC,1,1,256,ADC,1256,499,5,2,"
48.8934,uitbollen,0,MM0 ?C
48.8934,uitbollen,0,MM1 ?C
48.8934,uitbollen,0,MM0 C=-430:340
48.8934,uitbollen,0,MM1 C=1152:-1264
48.9435,uitbollen,0,"$GPRMC,094144.8,A,5050.50691,N,00419.37073,E,000.10,300.9,021026,000.4,E*53"
48.9436,uitbollen,0,"#239,YAW,-1.28,GYRO,-9,45,-11,ACC,-1,3,252,ADC,1245,385,6,1,"
48.9436,uitbollen,0,MM0 ?D
48.9436,uitbollen,0,MM1 ?D
48.9436,uitbollen,0,MM0 D=16
48.9436,uitbollen,0,MM1 D=0
48.9436,uitbollen,0,MM0 !M 0 0
48.9436,uitbollen,0,MM1 !M 0 0
48.9436,uitbollen,0,MM0 +
48.9436,uitbollen,0,MM1 +
48.9436,uitbollen,0,"#240,YAW,-1.28,GYRO,-9,45,-10,ACC,4,2,254,ADC,1284,500,3,1,"
48.9436,uitbollen,0,MM1 ?FF
48.9436,uitbollen,0,MM0 ?FF
48.9436,uitbollen,0,MM1 FF=0
48.9436,uitbollen,0,MM0 FF=0
48.9643,uitbollen,0,"#241,YAW,-1.28,GYRO,-8,46,-10,ACC,1,2,257,ADC,1232,387,5,2,"
48.9643,uitbollen,0,MM0 ?P
48.9644,uitbollen,0,MM1 ?P
48.9644,uitbollen,0,MM0 P=0:0
48.9644,uitbollen,0,MM1 P=0:0
48.9854,uitbollen,0,"#242,YAW,-1.28,GYRO,-9,46,-9,ACC,0,2,253,ADC,1234,502,5,2,"
48.9854,uitbollen,0,MM0 ?S
48.9854,uitbollen,0,MM1 ?S
48.9854,uitbollen,0,MM0 S=0:0
48.9854,uitbollen,0,MM1 S=0:0
49.0064,uitbollen,0,"#243,YAW,-1.28,GYRO,-9,45,-10,ACC,3,4,253,ADC,1257,392,5,2,"
49.0064,uitbollen,0,MM1 ?T
49.0064,uitbollen,0,MM0 ?T
49.0064,uitbollen,0,MM1 T=36:34
49.0064,uitbollen,0,MM0 T=35:35
49.0413,uitbollen,0,"#244,YAW,-1.28,GYRO,-8,43,-10,ACC,1,2,255,ADC,1286,400,6,2,"
49.0413,uitbollen,0,MM0 ?V
49.0413,uitbollen,0,MM1 ?V
49.0413,uitbollen,0,MM0 V=120:223:4902
49.0413,uitbollen,0,MM1 V=120:223:4895
49.0413,uitbollen,0,MM1 !M 0 0
49.0413,uitbollen,0,MM0 !M 0 0
49.0413,uitbollen,0,MM1 +
49.0413,uitbollen,0,MM0 +
49.0413,uitbollen,0,"#245,YAW,-1.28,GYRO,-10,44,-9,ACC,3,1,254,ADC,1258,390,6,1,"
49.0413,uitbollen,0,MM1 ?CR
49.0413,uitbollen,0,MM0 ?CR
49.0413,uitbollen,0,MM1 CR=0:0
49.0413,uitbollen,0,MM0 CR=0:0
49.0624,uitbollen,0,"#246,YAW,-1.28,GYRO,-8,44,-8,ACC,0,1,256,ADC,1284,502,7,2,"
49.0624,uitbollen,0,MM1 ?A
49.0624,uitbollen,0,MM0 ?A
49.0624,uitbollen,0,MM1 A=0:0
49.0624,uitbollen,0,MM0 A=0:0
49.0834,uitbollen,0,"#247,YAW,-1.28,GYRO,-9,44,-10,ACC,4,0,257,ADC,1225,501,4,2,"
49.0835,uitbollen,0,MM1 ?AI
49.0835,uitbollen,0,MM0 ?AI
49.0835,uitbollen,0,MM1 AI=0:0:2340:2333:0:0
49.0835,uitbollen,0,MM0 AI=0:0:2434:2427:0:0
