t,fase,vermogen,regel
2.2389,rust,0,"#156,YAW,0.49,GYRO,0,15,-2,ACC,2,2,256,ADC,1282,391,4,2,"
2.2390,rust,0,MM0 ?S
2.2390,rust,0,MM1 ?S
2.2390,rust,0,MM0 S=0:0
2.2390,rust,0,MM1 S=0:0
2.2390,rust,0,MM1 !M 0 0
2.2390,rust,0,MM0 !M 0 0
2.2390,rust,0,MM1 +
2.2390,rust,0,MM0 +
2.2390,rust,0,MM1 !EX
2.2390,rust,0,MM0 !EX
2.2390,rust,0,MM1 +
2.2390,rust,0,MM0 +
2.2390,rust,0,"#157,YAW,0.49,GYRO,1,15,-2,ACC,4,2,255,ADC,1254,382,6,1,"
2.2390,rust,0,MM1 ?T
2.2390,rust,0,MM0 ?T
2.2390,rust,0,MM1 T=27:24
2.2390,rust,0,MM0 T=26:24
2.2390,rust,0,"#158,YAW,0.49,GYRO,2,17,-1,ACC,1,1,255,ADC,1271,498,7,2,"
2.2390,rust,0,MM1 ?V
2.2390,rust,0,MM0 ?V
2.2390,rust,0,MM1 V=120:225:4881
2.2390,rust,0,MM0 V=120:228:4888
2.2390,rust,0,"#159,YAW,0.49,GYRO,0,17,-2,ACC,0,2,254,ADC,1241,501,6,2,"
2.2390,rust,0,MM1 ?CR
2.2390,rust,0,MM0 ?CR
2.2390,rust,0,MM1 CR=0:0
2.2390,rust,0,MM0 CR=0:0
2.2390,rust,0,"#160,YAW,0.49,GYRO,1,15,-3,ACC,-2,3,256,ADC,1281,498,6,3,"
2.2390,rust,0,MM1 ?A
2.2390,rust,0,MM0 ?A
2.2390,rust,0,MM1 A=0:0
2.2390,rust,0,MM0 A=0:0
2.2390,rust,0,"#161,YAW,0.49,GYRO,0,15,-4,ACC,0,4,252,ADC,1278,499,4,2,"
2.2390,rust,0,MM1 ?AI
2.2390,rust,0,MM0 ?AI
2.2390,rust,0,MM1 AI=0:0:2139:2143:0:0
2.2390,rust,0,MM0 AI=0:0:2176:2159:0:0
2.2390,rust,0,"#162,YAW,0.49,GYRO,0,17,-3,ACC,3,1,255,ADC,1297,499,5,1,"
2.2390,rust,0,MM1 ?C
2.2390,rust,0,MM0 ?C
2.2390,rust,0,MM0 C=-388:393
2.2391,rust,0,MM1 C=1287:-1278
2.2391,rust,0,"#163,YAW,0.49,GYRO,-1,15,-3,ACC,-1,2,251,ADC,1302,501,7,2,"
2.2391,rust,0,MM1 ?D
2.2391,rust,0,MM0 ?D
2.2391,rust,0,MM1 D=50
2.2391,rust,0,MM0 D=51
2.2391,rust,0,"$GPRMC,080457.2,V,5050.51796,N,00419.38118,E,,,021026,000.4,E*73"
2.2391,rust,0,"#164,YAW,0.49,GYRO,1,15,-2,ACC,0,1,251,ADC,1282,391,7,2,"
2.2391,rust,0,MM1 ?FF
2.2391,rust,0,MM0 ?FF
2.2391,rust,0,MM1 FF=16
2.2391,rust,0,MM0 FF=16
2.2391,rust,0,"#165,YAW,0.49,GYRO,0,15,-2,ACC,2,1,249,ADC,1274,388,4,1,"
2.2391,rust,0,MM1 ?P
2.2391,rust,0,MM0 ?P
2.2391,rust,0,MM1 P=0:0
2.2391,rust,0,MM0 P=0:0
2.2391,rust,0,"#166,YAW,0.49,GYRO,1,15,-4,ACC,4,1,254,ADC,1258,502,8,2,"
2.2391,rust,0,MM1 ?S
2.2391,rust,0,MM0 ?S
2.2391,rust,0,MM1 S=0:0
2.2391,rust,0,MM0 S=0:0
2.2391,rust,0,"#167,YAW,0.49,GYRO,-1,15,-3,ACC,3,1,254,ADC,1288,497,6,2,"
2.2391,rust,0,MM1 ?T
2.2391,rust,0,MM0 ?T
2.2391,rust,0,MM1 T=27:24
2.2391,rust,0,MM0 T=25:24
2.2467,rust,0,"#168,YAW,0.49,GYRO,0,17,-2,ACC,1,2,252,ADC,1251,388,4,2,"
2.2467,rust,0,MM1 ?V
2.2467,rust,0,MM0 ?V
2.2467,rust,0,MM1 V=120:225:4881
2.2468,rust,0,MM0 V=120:225:4888
2.2468,rust,0,"#169,YAW,0.49,GYRO,1,17,-3,ACC,0,2,251,ADC,1257,384,7,1,"
2.2468,rust,0,MM1 ?CR
2.2468,rust,0,MM0 ?CR
2.2468,rust,0,MM1 CR=0:0
2.2468,rust,0,MM0 CR=0:0
2.2468,rust,0,"#170,YAW,0.49,GYRO,0,15,-4,ACC,0,1,256,ADC,1244,418,7,2,"
2.2468,rust,0,MM1 ?A
2.2468,rust,0,MM0 ?A
2.2468,rust,0,MM1 A=0:0
2.2468,rust,0,MM0 A=0:0
2.2468,rust,0,"#171,YAW,0.49,GYRO,1,16,-3,ACC,4,1,259,ADC,1263,391,5,2,"
2.2468,rust,0,MM1 ?AI
2.2468,rust,0,MM0 ?AI
2.2468,rust,0,MM1 AI=0:0:2132:2144:0:0
2.2468,rust,0,MM0 AI=0:0:2159:2171:0:0
2.2468,rust,0,"#172,YAW,0.49,GYRO,-1,15,-3,ACC,1,1,255,ADC,1255,386,8,2,"
2.2468,rust,0,MM0 ?C
2.2468,rust,0,MM1 ?C
2.2468,rust,0,MM0 C=-388:393
2.2468,rust,0,MM1 C=1287:-1278
2.2468,rust,0,"#173,YAW,0.49,GYRO,1,17,-2,ACC,-1,2,254,ADC,1295,502,5,2,"
2.2468,rust,0,MM0 ?D
2.2468,rust,0,MM1 ?D
2.2468,rust,0,MM0 D=51
2.2468,rust,0,MM1 D=50
2.2468,rust,0,"$GPRMC,080457.4,V,5050.51796,N,00419.38C,1274,502,7,2,"
2.2468,rust,0,MM0 ?V
2.2468,rust,0,MM1 ?V
2.2468,rust,0,MM0 V=120:223:4909
2.2468,rust,0,MM1 V=120:223:4898
2.2484,rust,0,"#175,YAW,-0.05,GYRO,-7,43,-9,ACC,1,1,253,ADC,1242,390,7,2,"
2.2484,rust,0,MM0 ?CR
2.2484,rust,0,MM1 ?CR
2.2484,rust,0,MM0 CR=0:0
2.2484,rust,0,MM1 CR=0:0
2.2484,rust,0,"#176,YAW,-0.04,GYRO,-8,44,-9,ACC,2,4,254,ADC,1271,500,5,2,"
2.2484,rust,0,MM0 ?A
2.2484,rust,0,MM1 ?A
2.2484,rust,0,MM0 A=0:0
2.2484,rust,0,MM1 A=0:0
2.2485,rust,0,"#177,YAW,-0.04,GYRO,-7,43,-9,ACC,7,9,254,ADC,1235,380,4,1,"
2.2485,rust,0,MM0 ?AI
2.2485,rust,0,MM1 ?AI
2.2485,rust,0,MM0 AI=0:0:2375:2382:0:0
2.2485,rust,0,MM1 AI=0:0:2270:2286:0:0
2.2485,rust,0,"#178,YAW,-0.04,GYRO,-8,44,-11,ACC,2,1,256,ADC,1275,498,6,2,"
2.2485,rust,0,MM0 ?C
2.2485,rust,0,MM1 ?C
2.2485,rust,0,MM0 C=-268:313
2.2485,rust,0,MM1 C=1361:-1399
2.2485,rust,0,"#179,YAW,-0.04,GYRO,-8,44,-9,ACC,3,2,253,ADC,1241,403,8,3,"
2.2485,rust,0,MM0 ?D
2.2485,rust,0,MM1 ?D
2.2485,rust,0,MM0 D=51
2.2485,rust,0,MM1 D=17
2.2485,rust,0,"$GPRMC,091151.6,A,5050.50510,N,00419.37037,E,001.17,331.5,021026,000.4,E*5E"
2.2485,rust,0,"#180,YAW,-0.04,GYRO,-7,43,-8,ACC,4,2,257,ADC,1243,499,7,1,"
2.2485,rust,0,MM1 ?FF
2.2485,rust,0,MM0 ?FF
2.2485,rust,0,MM1 FF=16
2.2485,rust,0,MM0 FF=16
2.2485,rust,0,"#181,YAW,-0.07,GYRO,-7,41,-9,ACC,0,2,255,ADC,1254,498,4,2,"
2.2485,rust,0,MM0 ?P
2.2485,rust,0,MM1 ?P
2.2485,rust,0,MM0 P=0:0
2.2485,rust,0,MM1 P=0:0
2.2485,rust,0,"#182,YAW,-0.07,GYRO,-7,45,-9,ACC,1,3,253,ADC,1253,497,6,2,"
2.2485,rust,0,MM0 ?S
2.2485,rust,0,MM1 ?S
2.2485,rust,0,MM0 S=0:0
2.2485,rust,0,MM1 S=0:0
2.2485,rust,0,"#183,YAW,-0.07,GYRO,-8,40,-8,ACC,4,2,256,ADC,1249,402,5,1,"
2.2485,rust,0,MM0 ?T
2.2485,rust,0,MM1 ?T
2.2485,rust,0,MM0 T=34:33
2.2485,rust,0,MM1 T=35:33
2.2485,rust,0,"#184,YAW,-0.07,GYRO,-7,41,-9,ACC,2,1,252,ADC,1284,504,5,2,"
2.2485,rust,0,MM0 ?V
2.2485,rust,0,MM1 ?V
2.2485,rust,0,MM0 V=120:225:4909
2.2485,rust,0,MM1 V=120:223:4897
2.2485,rust,0,"#185,YAW,-0.06,GYRO,-7,45,-9,ACC,4,4,253,ADC,1277,393,5,2,"
2.2485,rust,0,MM1 ?CR
2.2485,rust,0,MM0 ?CR
2.2486,rust,0,MM1 CR=0:0
2.2486,rust,0,MM0 CR=0:0
2.2486,rust,0,MM1 !M 0 0
2.2486,rust,0,MM0 !M 0 0
2.2486,rust,0,MM1 +
2.2677,rust,0,MM0 +
2.2677,rust,0,MM0 !M 0 0
2.2677,rust,0,MM0 +
2.2677,rust,0,MM1 !M 0 0
2.2677,rust,0,MM1 +
2.2677,rust,0,"#186,YAW,-0.06,GYRO,-8,43,-9,ACC,3,3,255,ADC,1230,382,7,2,"
2.2677,rust,0,MM0 ?A
2.2677,rust,0,MM1 ?A
2.2677,rust,0,MM0 A=0:0
2.2677,rust,0,MM1 A=0:0
2.2885,rust,0,"#187,YAW,-0.06,GYRO,-8,43,-9,ACC,3,4,261,ADC,1263,381,5,2,"
2.2885,rust,0,MM1 ?AI
2.2885,rust,0,MM0 ?AI
2.2885,rust,0,MM1 AI=0:0:2293:2281:0:0
2.2885,rust,0,MM0 AI=0:0:2386:2370:0:0
2.3097,rust,0,"#188,YAW,-0.06,GYRO,-7,45,-9,ACC,1,3,259,ADC,1268,388,6,2,"
2.3097,rust,0,MM1 ?C
2.3097,rust,0,MM0 ?C
2.3097,rust,0,MM0 C=-268:313
2.3097,rust,0,MM1 C=1361:-1399
2.3306,rust,0,"#189,YAW,-0.06,GYRO,-6,42,-7,ACC,2,2,260,ADC,1284,394,7,2,"
2.3306,rust,0,MM0 ?D
2.3306,rust,0,MM1 ?D
2.3306,rust,0,MM0 D=51
2.3307,rust,0,MM1 D=17
2.3307,rust,0,"$GPRMC,091151.8,A,5050.50510,N,00419.37033,E,001.15,328.9,021026,000.4,E*52"
2.3307,rust,0,MM0 !M 0 PING
2.3647,rust,0,MM1 !M 0 PING
2.3647,rust,0,MM0 +
2.3647,rust,0,MM1 +
2.3647,rust,0,"#190,YAW,-0.06,GYRO,-7,43,-9,ACC,5,1,252,ADC,1267,322,5,1,"
2.3647,rust,0,MM1 ?FF
2.3647,rust,0,MM0 ?FF
2.3647,rust,0,MM1 FF=16
2.3647,rust,0,MM0 FF=16
2.3647,rust,0,MM1 !M 0 0
2.3647,rust,0,MM0 !M 0 0
2.3647,rust,0,MM1 +
2.3647,rust,0,MM0 +
2.3647,rust,0,"#191,YAW,-0.09,GYRO,-9,43,-9,ACC,-1,2,253,ADC,1250,391,4,2,"
2.3647,rust,0,MM0 ?P
2.3647,rust,0,MM1 ?P
2.3647,rust,0,MM0 P=0:0
2.3647,rust,0,MM1 P=0:0
2.3857,rust,0,"#192,YAW,-0.09,GYRO,-8,41,-9,ACC,2,2,258,ADC,1267,385,6,2,"
2.3857,rust,0,MM0 ?S
2.3857,rust,0,MM1 ?S
2.3857,rust,0,MM0 S=0:0
2.3857,rust,0,MM1 S=0:0
2.4078,rust,0,"#193,YAW,-0.09,GYRO,-8,45,-9,ACC,2,2,254,ADC,1321,491,6,2,"
2.4078,rust,0,MM0 ?T
2.4078,rust,0,MM1 ?T
2.4078,rust,0,MM0 T=34:33
2.4078,rust,0,MM1 T=35:33
2.4285,rust,0,"#194,YAW,-0.09,GYRO,-7,42,-9,ACC,2,3,257,ADC,1236,386,5,2,"
2.4285,rust,0,MM0 ?V
2.4285,rust,0,MM1 ?V
2.4285,rust,0,MM0 V=120:223:4907
2.4285,rust,0,MM1 V=120:223:4896
2.4628,rust,0,"#195,YAW,-0.09,GYRO,-8,45,-10,ACC,2,1,256,ADC,1225,388,6,1,"
2.4628,rust,0,MM0 !M 0 0
2.4628,rust,0,MM0 +
2.4628,rust,0,MM1 !M 0 0
2.4628,rust,0,MM1 +
2.4628,rust,0,MM0 ?CR
2.4628,rust,0,MM1 ?CR
2.4628,rust,0,MM0 CR=0:0
2.4628,rust,0,MM1 CR=0:0
2.4628,rust,0,"#196,YAW,-0.09,GYRO,-9,43,-9,ACC,0,5,257,ADC,1239,403,4,1,"
2.4628,rust,0,MM1 ?A
2.4628,rust,0,MM0 ?A
2.4628,rust,0,MM1 A=0:0
2.4628,rust,0,MM0 A=0:0
2.4855,rust,0,"#197,YAW,-0.09,GYRO,-7,44,-10,ACC,3,2,255,ADC,1241,398,3,1,"
2.4856,rust,0,MM1 ?AI
2.4856,rust,0,MM0 ?AI
2.4856,rust,0,MM1 AI=0:0:2262:2275:0:0
2.5056,rust,0,MM0 AI=0:0:2376:2367:0:0
2.5056,rust,0,"#198,YAW,-0.09,GYRO,-7,43,-8,ACC,3,0,253,ADC,1274,393,4,2,"
2.5056,rust,0,MM1 ?C
2.5056,rust,0,MM0 ?C
2.5056,rust,0,MM0 C=-268:313
2.5056,rust,0,MM1 C=1361:-1399
2.5260,rust,0,"#199,YAW,-0.08,GYRO,-8,45,-9,ACC,3,3,256,ADC,1280,493,4,2,"
2.5260,rust,0,MM1 ?D
2.5260,rust,0,MM0 ?D
2.5260,rust,0,MM1 D=17
2.5260,rust,0,MM0 D=51
2.5609,rust,0,"$GPRMC,091152.0,A,5050.50491,N,00419.37038,E,001.08,326.2,021026,000.4,E*53"
2.5609,rust,0,MM1 !M 0 0
2.5609,rust,0,MM0 !M 0 0
2.5609,rust,0,MM1 +
2.5609,rust,0,MM0 +
2.5609,rust,0,"#200,YAW,-0.08,GYRO,-8,43,-9,ACC,1,2,255,ADC,1212,347,4,1,"
2.5609,rust,0,MM0 ?FF
2.5609,rust,0,MM1 ?FF
2.5609,rust,0,MM0 FF=16
2.5609,rust,0,MM1 FF=16
2.5609,rust,0,"#201,YAW,-0.11,GYRO,-8,43,-9,ACC,3,0,255,ADC,1227,383,4,2,"
2.5609,rust,0,MM1 ?P
2.5609,rust,0,MM0 ?P
2.5817,rust,0,MM1 P=0:0
2.5817,rust,0,MM0 P=0:0
2.5817,rust,0,"#202,YAW,-0.11,GYRO,-8,44,-9,ACC,2,2,259,ADC,1270,501,5,2,"
2.5817,rust,0,MM1 ?S
2.5817,rust,0,MM0 ?S
2.5817,rust,0,MM1 S=0:0
2.6027,rust,0,MM0 S=0:0
2.6027,rust,0,"#203,YAW,-0.11,GYRO,-7,44,-10,ACC,2,0,253,ADC,1311,498,4,1,"
2.6027,rust,0,MM1 ?T
2.6027,rust,0,MM0 ?T
2.6027,rust,0,MM1 T=35:33
2.6235,rust,0,MM0 T=34:33
2.6235,rust,0,"#204,YAW,-0.11,GYRO,-9,43,-8,ACC,4,3,254,ADC,1220,380,7,2,"
2.6236,rust,0,MM1 ?V
2.6236,rust,0,MM0 ?V
2.6236,rust,0,MM1 V=120:223:4898
2.6577,rust,0,MM0 V=120:223:4909
2.6577,rust,0,MM0 !M 0 0
2.6577,rust,0,MM1 !M 0 0
2.6577,rust,0,MM0 +
2.6577,rust,0,MM1 +
2.6577,rust,0,"#205,YAW,-0.11,GYRO,-8,45,-11,ACC,2,2,258,ADC,1221,382,4,2,"
2.6577,rust,0,MM1 ?CR
2.6577,rust,0,MM0 ?CR
2.6577,rust,0,MM1 CR=0:0
2.6577,rust,0,MM0 CR=0:0
2.6787,rust,0,"#206,YAW,-0.11,GYRO,-6,44,-8,ACC,3,2,253,ADC,1239,381,5,2,"
2.6787,rust,0,MM0 ?A
2.6787,rust,0,MM1 ?A
2.6787,rust,0,MM0 A=0:0
2.6787,rust,0,MM1 A=0:0
2.7000,rust,0,"#207,YAW,-0.11,GYRO,-8,42,-9,ACC,3,2,251,ADC,1268,384,5,2,"
2.7000,rust,0,MM0 ?AI
2.7000,rust,0,MM1 ?AI
2.7000,rust,0,MM0 AI=0:0:2380:2386:0:0
2.7000,rust,0,MM1 AI=0:0:2256:2296:0:0
2.7000,rust,0,"#208,YAW,-0.11,GYRO,-7,43,-10,ACC,4,2,259,ADC,1278,401,6,2,"
2.7206,rust,0,MM0 ?C
2.7206,rust,0,MM1 ?C
2.7206,rust,0,MM0 C=-268:313
2.7206,rust,0,MM1 C=1361:-1399
2.7206,rust,0,"#209,YAW,-0.11,GYRO,-7,41,-9,ACC,3,2,256,ADC,1271,500,4,2,"
2.7206,rust,0,MM0 ?D
2.7206,rust,0,MM1 ?D
2.7559,rust,0,MM0 D=51
2.7559,rust,0,MM1 D=17
2.7559,rust,0,"$GPRMC,091152.2,A,5050.50496,N,00419.37031,E,001.03,325.6,021026,000.4,E*53"
2.7559,rust,0,MM0 !M 0 0
2.7559,rust,0,MM1 !M 0 0
2.7559,rust,0,MM0 +
2.7559,rust,0,MM1 +
2.7559,rust,0,"#210,YAW,-0.11,GYRO,-8,41,-10,ACC,3,3,253,ADC,1240,503,7,1,"
2.7559,rust,0,MM0 ?FF
2.7559,rust,0,MM1 ?FF
2.7559,rust,0,MM0 FF=16
2.7559,rust,0,MM1 FF=16
2.7768,rust,0,"#211,YAW,-0.13,GYRO,-6,42,-9,ACC,7,0,255,ADC,1273,384,7,2,"
2.7768,rust,0,MM0 ?P
2.7768,rust,0,MM1 ?P
2.7768,rust,0,MM0 P=0:0
2.7768,rust,0,MM1 P=0:0
2.7992,rust,0,"#212,YAW,-0.13,GYRO,-7,41,-9,ACC,2,1,253,ADC,1310,503,6,2,"
2.7992,rust,0,MM0 ?S
2.7992,rust,0,MM1 ?S
2.7992,rust,0,MM1 S=0:0
2.7992,rust,0,MM0 S=0:0
2.8192,rust,0,"#213,YAW,-0.13,GYRO,-8,42,-9,ACC,-1,3,258,ADC,1272,502,5,1,"
2.8192,rust,0,MM1 ?T
2.8192,rust,0,MM0 ?T
2.8192,rust,0,MM1 T=35:33
2.8192,rust,0,MM0 T=34:33
2.8737,rust,0,"#214,YAW,-0.13,GYRO,-7,43,-8,ACC,5,3,257,ADC,1277,501,5,2,"
2.8737,rust,0,MM1 ?V
2.8737,rust,0,MM0 ?V
2.8737,rust,0,MM1 V=120:224:4898
2.8737,rust,0,MM0 V=120:223:4907
2.8737,rust,0,"#215,YAW,-0.13,GYRO,-8,43,-9,ACC,6,2,259,ADC,1204,381,4,2,"
2.8737,rust,0,MM1 ?CR
2.8737,rust,0,MM0 ?CR
2.8737,rust,0,MM1 CR=0:0
2.8737,rust,0,MM0 CR=0:0
2.8737,rust,0,MM0 !M 0 0
2.8737,rust,0,MM1 !M 0 0
2.8737,rust,0,MM0 +
2.8737,rust,0,MM1 +
2.8737,rust,0,"#216,YAW,-0.13,GYRO,-7,43,-8,ACC,5,1,254,ADC,1225,384,5,1,"
2.8737,rust,0,MM1 ?A
2.8737,rust,0,MM0 ?A
2.8737,rust,0,MM1 A=0:0
2.8737,rust,0,MM0 A=0:0
2.8947,rust,0,"#217,YAW,-0.13,GYRO,-9,42,-7,ACC,1,1,256,ADC,1242,386,8,2,"
2.8947,rust,0,MM0 ?AI
2.8947,rust,0,MM1 ?AI
2.8947,rust,0,MM0 AI=0:0:2375:2382:0:0
2.8947,rust,0,MM1 AI=0:0:2298:2324:0:0
2.9182,rust,0,"#218,YAW,-0.13,GYRO,-8,44,-9,ACC,2,4,258,ADC,1257,499,5,2,"
2.9183,rust,0,MM0 ?C
2.9183,rust,0,MM1 ?C
2.9183,rust,0,MM0 C=-268:313
2.9183,rust,0,MM1 C=1361:-1399
2.9721,rust,0,"#219,YAW,-0.13,GYRO,-8,44,-8,ACC,2,2,253,ADC,1261,388,5,2,"
2.9722,rust,0,MM0 ?D
2.9722,rust,0,MM1 ?D
2.9722,rust,0,MM0 D=51
2.9722,rust,0,MM1 D=17
2.9722,rust,0,"$GPRMC,091152.4,A,5050.50489,N,00419.37028,E,000.99,326.3,021026,000.4,E*57"
2.9722,rust,0,"#220,YAW,-0.13,GYRO,-7,43,-9,ACC,3,1,257,ADC,1284,395,4,2,"
2.9722,rust,0,MM0 ?FF
2.9722,rust,0,MM1 ?FF
2.9722,rust,0,MM0 FF=16
2.9722,rust,0,MM1 FF=16
2.9722,rust,0,MM1 !M 0 0
2.9722,rust,0,MM0 !M 0 0
2.9722,rust,0,MM1 +
2.9722,rust,0,MM0 +
2.9722,rust,0,"#221,YAW,-0.15,GYRO,-6,43,-9,ACC,3,3,258,ADC,1221,380,5,1,"
2.9722,rust,0,MM0 ?P
2.9722,rust,0,MM1 ?P
2.9722,rust,0,MM0 P=0:0
2.9722,rust,0,MM1 P=0:0
2.9987,rust,0,"#222,YAW,-0.15,GYRO,-5,42,-8,ACC,2,1,251,ADC,1292,392,9,2,"
2.9987,rust,0,MM0 ?S
2.9987,rust,0,MM1 ?S
2.9987,rust,0,MM0 S=0:0
2.9987,rust,0,MM1 S=0:0
3.0142,rust,0,"#223,YAW,-0.15,GYRO,-6,42,-8,ACC,2,2,255,ADC,1254,399,6,2,"
3.0143,rust,0,MM0 ?T
3.0143,rust,0,MM1 ?T
3.0143,rust,0,MM0 T=34:33
3.0143,rust,0,MM1 T=35:33
3.0376,rust,0,"#224,YAW,-0.15,GYRO,-8,44,-10,ACC,2,1,255,ADC,1287,386,5,2,"
3.0376,rust,0,MM0 ?V
3.0376,rust,0,MM1 ?V
3.0376,rust,0,MM0 V=120:223:4909
3.0376,rust,0,MM1 V=120:224:4897
3.0731,rust,0,"#225,YAW,-0.15,GYRO,-7,42,-8,ACC,2,1,252,ADC,1277,385,6,2,"
3.0731,rust,0,MM0 ?CR
3.0731,rust,0,MM1 ?CR
3.0731,rust,0,MM0 CR=0:0
3.0731,rust,0,MM1 CR=0:0
3.0731,rust,0,MM0 !M 0 0
3.0731,rust,0,MM1 !M 0 0
3.0731,rust,0,MM0 +
3.0731,rust,0,MM1 +
3.0731,rust,0,"#226,YAW,-0.15,GYRO,-8,44,-10,ACC,2,2,255,ADC,1274,500,5,1,"
3.0732,rust,0,MM1 ?A
3.0732,rust,0,MM0 ?A
3.0732,rust,0,MM0 A=0:0
3.0732,rust,0,MM1 A=0:0
3.0935,rust,0,"#227,YAW,-0.15,GYRO,-8,43,-10,ACC,0,3,253,ADC,1279,500,5,2,"
3.0935,rust,0,MM0 ?AI
3.0935,rust,0,MM1 ?AI
3.0935,rust,0,MM0 AI=0:0:2377:2389:0:0
3.0935,rust,0,MM1 AI=0:0:2305:2282:0:0
3.1147,rust,0,"#228,YAW,-0.15,GYRO,-7,42,-8,ACC,-1,2,252,ADC,1284,391,5,2,"
3.1147,rust,0,MM0 ?C
3.1147,rust,0,MM1 ?C
3.1147,rust,0,MM0 C=-268:313
3.1147,rust,0,MM1 C=1361:-1399
3.1441,rust,0,"#229,YAW,-0.15,GYRO,-6,43,-10,ACC,3,2,256,ADC,1249,497,4,1,"
3.1441,rust,0,MM0 ?D
3.1441,rust,0,MM1 ?D
3.1441,rust,0,MM0 D=51
3.1441,rust,0,MM1 D=17
3.1441,rust,0,"$GPRMC,091152.6,A,5050.50499,N,00419.37015,E,000.96,328.8,021026,000.4,E*50"
3.1586,rust,0,"#230,YAW,-0.15,GYRO,-9,42,-8,ACC,1,3,260,ADC,1278,499,4,2,"
3.1586,rust,0,MM0 ?FF
3.1586,rust,0,MM1 ?FF
3.1586,rust,0,MM0 FF=16
3.1586,rust,0,MM1 FF=16
3.1804,rust,0,"#231,YAW,-0.17,GYRO,-7,42,-9,ACC,1,1,257,ADC,1265,499,4,2,"
3.1805,rust,0,MM0 ?P
3.1805,rust,0,MM1 ?P
3.1805,rust,0,MM0 P=0:0
3.1805,rust,0,MM1 P=0:0
3.2154,rust,0,"#232,YAW,-0.17,GYRO,-8,44,-8,ACC,1,2,257,ADC,1251,491,6,2,"
3.2154,rust,0,MM0 ?S
3.2154,rust,0,MM1 ?S
3.2154,rust,0,MM0 S=0:0
3.2154,rust,0,MM1 S=0:0
3.2154,rust,0,MM1 !M 0 0
3.2154,rust,0,MM0 !M 0 0
3.2154,rust,0,MM1 +
3.2154,rust,0,MM0 +
3.2154,rust,0,"#233,YAW,-0.17,GYRO,-7,42,-10,ACC,1,3,256,ADC,1277,502,4,2,"
3.2154,rust,0,MM0 ?T
3.2154,rust,0,MM1 ?T
3.2154,rust,0,MM0 T=34:33
3.2154,rust,0,MM1 T=35:33
3.2381,rust,0,"#234,YAW,-0.17,GYRO,-7,42,-9,ACC,3,3,257,ADC,1242,386,3,1,"
3.2381,rust,0,MM0 ?V
3.2382,rust,0,MM1 ?V
3.2382,rust,0,MM0 V=120:223:4907
3.2382,rust,0,MM1 V=120:224:4898
3.2564,rust,0,"#235,YAW,-0.17,GYRO,-7,42,-9,ACC,2,4,252,ADC,1218,383,6,2,"
3.2564,rust,0,MM0 ?CR
3.2564,rust,0,MM1 ?CR
3.2564,rust,0,MM0 CR=0:0
3.2564,rust,0,MM1 CR=0:0
3.2784,rust,0,"#236,YAW,-0.17,GYRO,-8,44,-8,ACC,4,1,257,ADC,1238,500,5,2,"
3.2784,rust,0,MM0 ?A
3.2784,rust,0,MM1 ?A
3.2784,rust,0,MM0 A=0:0
3.2784,rust,0,MM1 A=0:0
3.3004,rust,0,"#237,YAW,-0.17,GYRO,-8,44,-8,ACC,4,3,257,ADC,1217,382,6,2,"
3.3008,rust,0,MM0 ?AI
3.3008,rust,0,MM1 ?AI
3.3008,rust,0,MM0 AI=0:0:2361:2375:0:0
3.3008,rust,0,MM1 AI=0:0:2271:2313:0:0
3.3240,rust,0,"#238,YAW,-0.17,GYRO,-8,44,-8,ACC,3,2,252,ADC,1249,380,6,1,"
3.3240,rust,0,MM0 ?C
3.3240,rust,0,MM1 ?C
3.3240,rust,0,MM0 C=-268:313
3.3240,rust,0,MM1 C=1361:-1399
3.3418,rust,0,"#239,YAW,-0.17,GYRO,-7,44,-9,ACC,4,2,255,ADC,1270,500,4,2,"
3.3418,rust,0,MM0 ?D
3.3418,rust,0,MM1 ?D
3.3418,rust,0,MM0 D=51
3.3418,rust,0,MM1 D=17
3.3418,rust,0,"$GPRMC,091152.8,A,5050.50506,N,00419.37009,E,000.92,331.4,021026,000.4,E*54"
3.3418,rust,0,"#240,YAW,-0.17,GYRO,-7,42,-10,ACC,3,2,255,ADC,1247,381,5,2,"
3.3687,rust,0,MM0 ?FF
3.3687,rust,0,MM1 ?FF
3.3687,rust,0,MM0 FF=16
3.3687,rust,0,MM1 FF=16
3.3687,rust,0,"#241,YAW,-0.18,GYRO,-5,42,-9,ACC,3,-1,258,ADC,1251,389,6,2,"
3.3687,rust,0,MM0 ?P
3.3687,rust,0,MM1 ?P
3.4097,rust,0,MM0 P=0:0
3.4097,rust,0,MM1 P=0:0
3.4097,rust,0,"#242,YAW,-0.18,GYRO,-9,43,-9,ACC,4,0,258,ADC,1247,499,5,2,"
3.4097,rust,0,MM0 ?S
3.4097,rust,0,MM1 ?S
3.4097,rust,0,MM0 S=0:0
3.4097,rust,0,MM1 S=0:0
3.4097,rust,0,"#243,YAW,-0.18,GYRO,-9,41,-8,ACC,2,3,255,ADC,1270,500,4,2,"
3.4097,rust,0,MM0 ?T
3.4097,rust,0,MM1 ?T
3.4630,rust,0,MM0 T=34:33
3.4630,rust,0,MM1 T=35:33
3.4630,rust,0,"#244,YAW,-0.18,GYRO,-6,42,-9,ACC,1,3,255,ADC,1274,389,5,2,"
3.4631,rust,0,MM0 ?V
3.4631,rust,0,MM1 ?V
3.4631,rust,0,MM0 V=120:223:4907
3.4631,rust,0,MM1 V=120:224:4898
3.4631,rust,0,MM0 !M 0 0
3.4631,rust,0,MM1 !M 0 0
3.4631,rust,0,MM0 +
3.4631,rust,0,MM1 +
3.4631,rust,0,"#245,YAW,-0.18,GYRO,-7,43,-9,ACC,3,2,257,ADC,1289,328,4,1,"
3.4631,rust,0,MM0 ?CR
3.4631,rust,0,MM1 ?CR
3.4631,rust,0,MM0 CR=0:0
3.4631,rust,0,MM1 CR=0:0
3.4631,rust,0,MM0 !M 0 0
3.4631,rust,0,MM1 !M 0 0
3.4631,rust,0,MM0 +
3.4631,rust,0,MM1 +
3.4631,rust,0,"#246,YAW,-0.18,GYRO,-8,42,-9,ACC,2,4,262,ADC,1269,396,4,1,"
3.4631,rust,0,MM0 ?A
3.4631,rust,0,MM1 ?A
3.4853,rust,0,MM0 A=0:0
3.4853,rust,0,MM1 A=0:0
3.4853,rust,0,"#247,YAW,-0.18,GYRO,-7,42,-10,ACC,3,1,255,ADC,1271,497,5,2,"
3.4853,rust,0,MM0 ?AI
3.4853,rust,0,MM1 ?AI
3.5038,rust,0,MM0 AI=0:0:2385:2379:0:0
3.5038,rust,0,MM1 AI=0:0:2306:2284:0:0
3.5038,rust,0,"#248,YAW,-0.18,GYRO,-9,41,-9,ACC,3,3,258,ADC,1218,387,6,2,"
3.5038,rust,0,MM0 ?C
3.5038,rust,0,MM1 ?C
3.5291,rust,0,MM0 C=-268:313
3.5292,rust,0,MM1 C=1361:-1399
3.5292,rust,0,"#249,YAW,-0.18,GYRO,-7,42,-9,ACC,1,2,255,ADC,1274,501,7,2,"
3.5292,rust,0,MM0 ?D
3.5292,rust,0,MM1 ?D
3.5292,rust,0,MM0 D=51
3.5292,rust,0,MM1 D=17
3.5661,rust,0,"$GPRMC,091153.0,A,5050.50487,N,00419.37012,E,000.76,330.6,021026,000.4,E*56"
3.5661,rust,0,"#250,YAW,-0.18,GYRO,-8,42,-10,ACC,4,1,258,ADC,1242,382,4,2,"
3.5661,rust,0,MM0 ?FF
3.5661,rust,0,MM0 FF=16
3.5661,rust,0,MM1 ?FF
3.5662,rust,0,MM1 FF=16
3.5662,rust,0,MM1 !M 0 PING
3.5662,rust,0,MM0 !M 0 PING
3.5662,rust,0,MM1 +
3.5662,rust,0,MM0 +
3.5662,rust,0,MM0 !M 0 0
3.5662,rust,0,MM1 !M 0 0
3.5662,rust,0,MM0 +
3.5662,rust,0,MM1 +
3.5662,rust,0,"#251,YAW,-0.20,GYRO,-8,44,-8,ACC,4,3,256,ADC,1215,380,4,2,"
3.5662,rust,0,MM0 ?P
3.5662,rust,0,MM1 ?P
3.5662,rust,0,MM0 P=0:0
3.5662,rust,0,MM1 P=0:0
3.5894,rust,0,"#252,YAW,-0.20,GYRO,-8,42,-9,ACC,3,3,255,ADC,1271,500,6,1,"
3.5894,rust,0,MM0 ?S
3.5895,rust,0,MM1 ?S
3.5895,rust,0,MM0 S=0:0
3.5895,rust,0,MM1 S=0:0
3.6064,rust,0,"#253,YAW,-0.20,GYRO,-7,42,-9,ACC,3,2,257,ADC,1210,379,9,1,"
3.6064,rust,0,MM0 ?T
3.6064,rust,0,MM1 ?T
3.6064,rust,0,MM0 T=34:33
3.6064,rust,0,MM1 T=35:33
3.6310,rust,0,"#254,YAW,-0.20,GYRO,-7,44,-10,ACC,2,2,253,ADC,1206,380,8,1,"
3.6310,rust,0,MM0 ?V
3.6310,rust,0,MM1 ?V
3.6310,rust,0,MM0 V=120:224:4907
3.6310,rust,0,MM1 V=120:223:4898
3.6536,rust,0,"#255,YAW,-0.20,GYRO,-7,42,-8,ACC,2,3,260,ADC,1258,484,4,2,"
3.6536,rust,0,MM0 ?CR
3.6536,rust,0,MM1 ?CR
3.6536,rust,0,MM0 CR=0:0
3.6536,rust,0,MM1 CR=0:0
3.6705,rust,0,"#0,YAW,-0.19,GYRO,-7,42,-9,ACC,2,0,260,ADC,1226,382,5,2,"
3.6706,rust,0,MM0 ?A
3.6706,rust,0,MM1 ?A
3.6706,rust,0,MM0 A=0:0
3.6706,rust,0,MM1 A=0:0
3.6963,rust,0,"#1,YAW,-0.19,GYRO,-6,42,-9,ACC,-4,3,251,ADC,1195,394,4,2,"
3.6963,rust,0,MM0 ?AI
3.6963,rust,0,MM1 ?AI
3.6963,rust,0,MM0 AI=0:0:2381:2374:0:0
3.6963,rust,0,MM1 AI=0:0:2314:2284:0:0
3.7329,rust,0,"#2,YAW,-0.19,GYRO,-8,43,-9,ACC,3,2,258,ADC,1270,395,6,2,"
3.7329,rust,0,MM0 ?C
3.7329,rust,0,MM1 ?C
3.7329,rust,0,MM0 C=-268:313
3.7329,rust,0,MM1 C=1361:-1399
3.7329,rust,0,"#3,YAW,-0.19,GYRO,-7,40,-9,ACC,2,2,257,ADC,1239,380,4,2,"
3.7329,rust,0,MM0 ?D
3.7329,rust,0,MM1 ?D
3.7329,rust,0,MM0 D=51
3.7329,rust,0,MM1 D=17
3.7329,rust,0,"$GPRMC,091153.2,A,5050.50484,N,00419.37007,E,000.75,337.6,021026,000.4,E*57"
3.7329,rust,0,MM0 !M 0 0PING
3.7779,rust,0,MM1 !M 0 0PING
3.7779,rust,0,MM0 +
3.7779,rust,0,MM1 +
3.7779,rust,0,"#4,YAW,-0.19,GYRO,-9,44,-9,ACC,1,1,253,ADC,1209,379,6,2,"
3.7779,rust,0,MM0 ?FF
3.7779,rust,0,MM1 ?FF
3.7779,rust,0,MM0 FF=16
3.7780,rust,0,MM1 FF=16
3.7780,rust,0,MM0 !M 0 0
3.7780,rust,0,MM1 !M 0 0
3.7780,rust,0,MM0 +
3.7780,rust,0,MM1 +
3.7780,rust,0,"#5,YAW,-0.20,GYRO,-7,44,-10,ACC,4,3,259,ADC,1268,500,5,2,"
3.7780,rust,0,MM0 ?P
3.7780,rust,0,MM1 ?P
3.7780,rust,0,MM0 P=0:0
3.7780,rust,0,MM1 P=0:0
3.7971,rust,0,"#6,YAW,-0.20,GYRO,-7,40,-9,ACC,6,2,260,ADC,1254,388,7,2,"
3.7971,rust,0,MM0 ?S
3.7971,rust,0,MM1 ?S
3.7971,rust,0,MM0 S=0:0
3.7971,rust,0,MM1 S=0:0
3.8163,rust,0,"#7,YAW,-0.20,GYRO,-8,45,-9,ACC,0,1,254,ADC,1245,383,6,2,"
3.8163,rust,0,MM0 ?T
3.8164,rust,0,MM1 ?T
3.8164,rust,0,MM0 T=34:33
3.8164,rust,0,MM1 T=35:33
3.8359,rust,0,"#8,YAW,-0.20,GYRO,-8,41,-9,ACC,1,2,258,ADC,1249,396,4,1,"
3.8359,rust,0,MM0 ?V
3.8359,rust,0,MM1 ?V
3.8359,rust,0,MM0 V=120:223:4906
3.8359,rust,0,MM1 V=120:223:4898
3.8737,rust,0,"#9,YAW,-0.20,GYRO,-7,42,-8,ACC,4,1,256,ADC,1217,384,4,1,"
3.8737,rust,0,MM0 ?CR
3.8737,rust,0,MM1 ?CR
3.8737,rust,0,MM0 CR=0:0
3.8737,rust,0,MM1 CR=0:0
3.8737,rust,0,MM0 !M 0 0
3.8737,rust,0,MM1 !M 0 0
3.8737,rust,0,MM0 +
3.8737,rust,0,MM1 +
3.8737,rust,0,"#10,YAW,-0.20,GYRO,-7,41,-9,ACC,2,3,253,ADC,1220,381,7,2,"
3.8737,rust,0,MM0 ?A
3.8737,rust,0,MM1 ?A
3.8737,rust,0,MM0 A=0:0
3.8737,rust,0,MM1 A=0:0
3.8938,rust,0,"#11,YAW,-0.20,GYRO,-7,41,-10,ACC,3,1,256,ADC,1259,500,6,2,"
3.8938,rust,0,MM0 ?AI
3.8938,rust,0,MM1 ?AI
3.8938,rust,0,MM0 AI=0:0:2374:2373:0:0
3.8938,rust,0,MM1 AI=0:0:2296:2284:0:0
3.9138,rust,0,"#12,YAW,-0.20,GYRO,-6,42,-9,ACC,4,0,259,ADC,1227,389,5,2,"
3.9138,rust,0,MM0 ?C
3.9138,rust,0,MM1 ?C
3.9138,rust,0,MM0 C=-268:313
3.9139,rust,0,MM1 C=1361:-1399
3.9365,rust,0,"#13,YAW,-0.20,GYRO,-7,42,-9,ACC,2,1,255,ADC,1263,499,6,2,"
3.9365,rust,0,MM0 ?D
3.9365,rust,0,MM1 ?D
3.9365,rust,0,MM0 D=51
3.9365,rust,0,MM1 D=17
3.9365,rust,0,"$GPRMC,091153.4,A,5050.50454,N,00419.37007,E,000.53,337.6,021026,000.4,E*58"
3.9726,rust,0,"#14,YAW,-0.20,GYRO,-7,42,-10,ACC,5,3,255,ADC,1223,383,6,2,"
3.9726,rust,0,MM0 ?FF
3.9726,rust,0,MM1 ?FF
3.9726,rust,0,MM0 FF=16
3.9726,rust,0,MM1 FF=16
3.9726,rust,0,MM1 !M 0 0
3.9726,rust,0,MM0 !M 0 0
3.9726,rust,0,MM1 +
3.9727,rust,0,MM0 +
3.9727,rust,0,"#15,YAW,-0.21,GYRO,-8,41,-8,ACC,2,3,254,ADC,1250,385,3,1,"
3.9727,rust,0,MM0 ?P
3.9727,rust,0,MM1 ?P
3.9727,rust,0,MM0 P=0:0
3.9727,rust,0,MM1 P=0:0
3.9990,rust,0,"#16,YAW,-0.21,GYRO,-6,42,-10,ACC,3,1,253,ADC,1212,381,5,2,"
3.9990,rust,0,MM0 ?S
3.9990,rust,0,MM1 ?S
3.9990,rust,0,MM0 S=0:0
3.9990,rust,0,MM1 S=0:0
4.0212,rust,0,"#17,YAW,-0.21,GYRO,-7,43,-8,ACC,3,2,256,ADC,1259,397,4,1,"
4.0212,rust,0,MM0 ?T
4.0212,rust,0,MM1 ?T
4.0212,rust,0,MM0 T=34:33
4.0212,rust,0,MM1 T=35:33
4.0398,rust,0,"#18,YAW,-0.21,GYRO,-6,42,-9,ACC,4,2,255,ADC,1291,489,4,2,"
4.0398,rust,0,MM0 ?V
4.0399,rust,0,MM1 ?V
4.0399,rust,0,MM0 V=120:224:4907
4.0399,rust,0,MM1 V=120:223:4897
4.0776,rust,0,"#19,YAW,-0.21,GYRO,-6,42,-10,ACC,3,5,257,ADC,1287,503,8,2,"
4.0776,rust,0,MM0 ?CR
4.0776,rust,0,MM1 ?CR
4.0776,rust,0,MM0 CR=0:0
4.0776,rust,0,MM1 CR=0:0
4.0776,rust,0,MM0 !M 0 0
4.0776,rust,0,MM1 !M 0 0
4.0776,rust,0,MM0 +
4.0776,rust,0,MM1 +
4.0776,rust,0,"#20,YAW,-0.21,GYRO,-8,43,-9,ACC,1,2,253,ADC,1239,388,4,2,"
4.0777,rust,0,MM0 ?A
4.0777,rust,0,MM1 ?A
4.0777,rust,0,MM0 A=0:0
4.0777,rust,0,MM1 A=0:0
4.0976,rust,0,"#21,YAW,-0.21,GYRO,-8,43,-9,ACC,3,2,258,ADC,1284,502,7,1,"
4.0976,rust,0,MM0 ?AI
4.0976,rust,0,MM1 ?AI
4.0976,rust,0,MM0 AI=0:0:2372:2388:0:0
4.0976,rust,0,MM1 AI=0:0:2279:2302:0:0
4.1200,rust,0,"#22,YAW,-0.21,GYRO,-7,42,-9,ACC,1,2,252,ADC,1229,384,5,2,"
4.1201,rust,0,MM0 ?C
4.1201,rust,0,MM1 ?C
4.1201,rust,0,MM0 C=-268:313
4.1201,rust,0,MM1 C=1361:-1399
4.1407,rust,0,"#23,YAW,-0.21,GYRO,-8,41,-9,ACC,-2,3,255,ADC,1264,391,7,2,"
4.1407,rust,0,MM0 ?D
4.1407,rust,0,MM1 ?D
4.1407,rust,0,MM0 D=51
4.1407,rust,0,MM1 D=17
4.1407,rust,0,"$GPRMC,091153.6,A,5050.50436,N,00419.37002,E,000.49,337.6,021026,000.4,E*50"
4.1674,rust,0,"#24,YAW,-0.21,GYRO,-8,41,-9,ACC,5,2,257,ADC,1226,384,5,2,"
4.1675,rust,0,MM0 ?FF
4.1675,rust,0,MM1 ?FF
4.1675,rust,0,MM0 FF=16
4.1675,rust,0,MM1 FF=16
4.1868,rust,0,"#25,YAW,-0.22,GYRO,-7,43,-9,ACC,1,4,253,ADC,1219,383,4,2,"
4.1868,rust,0,MM0 ?P
4.1868,rust,0,MM1 ?P
4.1868,rust,0,MM0 P=0:0
4.1868,rust,0,MM1 P=0:0
4.1868,rust,0,MM0 !M 0 0
4.1869,rust,0,MM1 !M 0 0
4.1869,rust,0,MM0 +
4.1869,rust,0,MM1 +
4.1869,rust,0,"#26,YAW,-0.22,GYRO,-7,43,-10,ACC,2,1,251,ADC,1239,387,8,2,"
4.2053,rust,0,MM0 ?S
4.2053,rust,0,MM1 ?S
4.2053,rust,0,MM0 S=0:0
4.2053,rust,0,MM1 S=0:0
4.2053,rust,0,"#27,YAW,-0.22,GYRO,-7,42,-10,ACC,3,3,250,ADC,1257,387,5,2,"
4.2053,rust,0,MM0 ?T
4.2053,rust,0,MM1 ?T
4.2245,rust,0,MM0 T=34:33
4.2245,rust,0,MM1 T=35:33
4.2245,rust,0,"#28,YAW,-0.22,GYRO,-9,43,-11,ACC,4,1,255,ADC,1221,382,4,2,"
4.2245,rust,0,MM0 ?V
4.2245,rust,0,MM1 ?V
4.2529,rust,0,MM0 V=120:223:4907
4.2530,rust,0,MM1 V=120:223:4898
4.2530,rust,0,"#29,YAW,-0.22,GYRO,-7,45,-8,ACC,2,1,256,ADC,1235,391,4,2,"
4.2530,rust,0,MM0 ?CR
4.2530,rust,0,MM1 ?CR
4.2530,rust,0,MM0 CR=0:0
4.2683,rust,0,MM1 CR=0:0
4.2684,rust,0,"#30,YAW,-0.22,GYRO,-8,41,-10,ACC,0,2,258,ADC,1232,387,7,2,"
4.2684,rust,0,MM0 ?A
4.2684,rust,0,MM1 ?A
4.2684,rust,0,MM0 A=0:0
4.2684,rust,0,MM1 A=0:0
4.2684,rust,0,MM1 !M 0 0
4.2974,rust,0,MM0 !M 0 0
4.2974,rust,0,MM1 +
4.2974,rust,0,MM0 +
4.2974,rust,0,"#31,YAW,-0.22,GYRO,-8,42,-8,ACC,1,2,256,ADC,1250,500,4,2,"
4.2974,rust,0,MM0 ?AI
4.2974,rust,0,MM1 ?AI
4.2974,rust,0,MM0 AI=0:0:2385:2376:0:0
4.3124,rust,0,MM1 AI=0:0:2269:2306:0:0
4.3125,rust,0,"#32,YAW,-0.22,GYRO,-8,44,-9,ACC,1,1,256,ADC,1208,380,4,2,"
4.3125,rust,0,MM0 ?C
4.3125,rust,0,MM1 ?C
4.3125,rust,0,MM0 C=-268:313
4.3125,rust,0,MM1 C=1361:-1399
4.3430,rust,0,"#33,YAW,-0.22,GYRO,-8,43,-11,ACC,2,2,256,ADC,1233,391,4,1,"
4.3430,rust,0,MM0 ?D
4.3430,rust,0,MM1 ?D
4.3430,rust,0,MM0 D=51
4.3430,rust,0,MM1 D=17
4.3485,rust,0,"$GPRMC,091153.8,A,5050.50425,N,00419.36995,E,000.46,337.6,021026,000.4,E*55"
4.3485,rust,0,"#34,YAW,-0.22,GYRO,-6,44,-10,ACC,3,3,259,ADC,1255,386,5,2,"
4.3485,rust,0,MM1 ?FF
4.3485,rust,0,MM0 ?FF
4.3485,rust,0,MM1 FF=16
4.3485,rust,0,MM0 FF=16
4.3924,rust,0,MM1 !M 0 0
4.3924,rust,0,MM0 !M 0 0
4.3924,rust,0,MM1 +
4.3924,rust,0,MM0 +
4.3924,rust,0,"#35,YAW,-0.22,GYRO,-10,41,-8,ACC,1,2,254,ADC,1234,290,4,2,"
4.3924,rust,0,MM0 ?P
4.3924,rust,0,MM1 ?P
4.3924,rust,0,MM0 P=0:0
4.3924,rust,0,MM1 P=0:0
4.3924,rust,0,"#36,YAW,-0.22,GYRO,-7,41,-10,ACC,1,1,250,ADC,1303,502,5,2,"
4.3924,rust,0,MM0 ?S
4.3924,rust,0,MM1 ?S
4.3924,rust,0,MM0 S=0:0
4.4044,rust,0,MM1 S=0:0
4.4044,rust,0,"#37,YAW,-0.22,GYRO,-8,43,-10,ACC,4,2,258,ADC,1239,388,5,2,"
4.4044,rust,0,MM0 ?T
4.4044,rust,0,MM1 ?T
4.4044,rust,0,MM0 T=34:33
4.4341,rust,0,MM1 T=35:33
4.4341,rust,0,"#38,YAW,-0.22,GYRO,-7,45,-9,ACC,2,2,254,ADC,1304,397,4,1,"
4.4341,rust,0,MM0 ?V
4.4341,rust,0,MM1 ?V
4.4341,rust,0,MM0 V=120:224:4908
4.4573,rust,0,MM1 V=120:223:4898
4.4573,rust,0,"#39,YAW,-0.22,GYRO,-8,43,-8,ACC,4,3,252,ADC,1232,499,5,1,"
4.4574,rust,0,MM0 ?CR
4.4574,rust,0,MM1 ?CR
4.4574,rust,0,MM0 CR=0:0
4.4574,rust,0,MM1 CR=0:0
4.4708,rust,0,"#40,YAW,-0.22,GYRO,-6,43,-9,ACC,4,2,256,ADC,1261,501,7,2,"
4.4708,rust,0,MM0 ?A
4.4708,rust,0,MM1 ?A
4.4708,rust,0,MM0 A=0:0
4.4708,rust,0,MM1 A=0:0
4.4867,rust,0,"#41,YAW,-0.22,GYRO,-7,42,-7,ACC,4,6,254,ADC,1246,388,4,2,"
4.4867,rust,0,MM0 ?AI
4.4867,rust,0,MM1 ?AI
4.4867,rust,0,MM0 AI=0:0:2365:2378:0:0
4.4867,rust,0,MM1 AI=0:0:2303:2272:0:0
4.5119,rust,0,"#42,YAW,-0.22,GYRO,-8,45,-9,ACC,1,3,255,ADC,1227,383,6,1,"
4.5120,rust,0,MM0 ?C
4.5120,rust,0,MM1 ?C
4.5120,rust,0,MM0 C=-268:313
4.5120,rust,0,MM1 C=1361:-1399
4.5544,rust,0,"#43,YAW,-0.22,GYRO,-7,44,-8,ACC,4,1,256,ADC,1237,388,5,2,"
4.5544,rust,0,MM0 ?D
4.5544,rust,0,MM1 ?D
4.5544,rust,0,MM0 D=51
4.5544,rust,0,MM1 D=17
4.5544,rust,0,"$GPRMC,091154.0,A,5050.50410,N,00419.37000,E,000.41,337.6,021026,000.4,E*5F"
4.5544,rust,0,"#44,YAW,-0.22,GYRO,-7,44,-7,ACC,3,1,259,ADC,1303,501,3,1,"
4.5544,rust,0,MM1 ?FF
4.5544,rust,0,MM0 ?FF
4.5544,rust,0,MM1 FF=16
4.5544,rust,0,MM0 FF=16
4.5721,rust,0,"#45,YAW,-0.23,GYRO,-7,44,-9,ACC,0,2,258,ADC,1272,380,4,3,"
4.5721,rust,0,MM0 ?P
4.5721,rust,0,MM1 ?P
4.5721,rust,0,MM0 P=0:0
4.5721,rust,0,MM1 P=0:0
4.6061,rust,0,"#46,YAW,-0.23,GYRO,-8,42,-8,ACC,3,1,257,ADC,1248,502,5,1,"
4.6062,rust,0,MM0 ?S
4.6062,rust,0,MM1 ?S
4.6062,rust,0,MM0 S=0:0
4.6062,rust,0,MM1 S=0:0
4.6062,rust,0,MM0 !M 0 0PING
4.6062,rust,0,MM1 !M 0 0PING
4.6062,rust,0,MM0 +
4.6062,rust,0,MM1 +
4.6062,rust,0,"#47,YAW,-0.23,GYRO,-6,44,-9,ACC,6,1,257,ADC,1212,379,4,1,"
4.6062,rust,0,MM0 ?T
4.6062,rust,0,MM1 ?T
4.6062,rust,0,MM0 T=34:33
4.6062,rust,0,MM1 T=35:33
4.6264,rust,0,"#48,YAW,-0.23,GYRO,-8,42,-10,ACC,4,1,254,ADC,1240,382,6,2,"
4.6265,rust,0,MM0 ?V
4.6265,rust,0,MM1 ?V
4.6265,rust,0,MM0 V=120:224:4908
4.6265,rust,0,MM1 V=120:224:4898
4.6769,rust,0,"#49,YAW,-0.23,GYRO,-7,42,-9,ACC,3,2,258,ADC,1262,375,6,2,"
4.6769,rust,0,MM0 !M 0 0PING
4.6769,rust,0,MM0 +
4.6769,rust,0,MM1 !M 0 0PING
4.6769,rust,0,MM1 +
4.6769,rust,0,MM1 ?CR
4.6769,rust,0,MM0 ?CR
4.6769,rust,0,MM1 CR=0:0
4.6769,rust,0,MM0 CR=0:0
4.6769,rust,0,MM1 !M 0 0
4.6769,rust,0,MM0 !M 0 0
4.6769,rust,0,MM1 +
4.6769,rust,0,MM0 +
4.6769,rust,0,"#50,YAW,-0.23,GYRO,-8,42,-9,ACC,4,2,255,ADC,1293,499,6,2,"
4.6769,rust,0,MM0 ?A
4.6769,rust,0,MM1 ?A
4.6769,rust,0,MM0 A=0:0
4.6769,rust,0,MM1 A=0:0
4.6976,rust,0,"#51,YAW,-0.23,GYRO,-7,43,-9,ACC,3,1,255,ADC,1263,384,5,1,"
4.6976,rust,0,MM1 ?AI
4.6976,rust,0,MM0 ?AI
4.6976,rust,0,MM1 AI=0:0:2274:2293:0:0
4.6976,rust,0,MM0 AI=0:0:2367:2384:0:0
4.7191,rust,0,"#52,YAW,-0.23,GYRO,-8,42,-9,ACC,-1,5,253,ADC,1256,500,4,2,"
4.7191,rust,0,MM0 ?C
4.7191,rust,0,MM1 ?C
4.7191,rust,0,MM0 C=-268:313
4.7191,rust,0,MM1 C=1361:-1399
4.7399,rust,0,"#53,YAW,-0.23,GYRO,-7,44,-8,ACC,3,2,256,ADC,1241,384,6,1,"
4.7400,rust,0,MM0 ?D
4.7400,rust,0,MM1 ?D
4.7400,rust,0,MM0 D=51
4.7400,rust,0,MM1 D=17
4.7400,rust,0,"$GPRMC,091154.2,A,5050.50395,N,00419.36996,E,000.34,337.6,021026,000.4,E*52"
4.7400,rust,0,"#54,YAW,-0.23,GYRO,-7,44,-9,ACC,3,1,252,ADC,1280,501,4,1,"
4.7745,rust,0,MM1 ?FF
4.7746,rust,0,MM0 ?FF
4.7746,rust,0,MM1 FF=16
4.7746,rust,0,MM0 FF=16
4.7746,rust,0,MM1 !M 0 0
4.7746,rust,0,MM0 !M 0 0
4.7746,rust,0,MM1 +
4.7746,rust,0,MM0 +
4.7746,rust,0,"#55,YAW,-0.23,GYRO,-8,43,-8,ACC,2,2,256,ADC,1225,380,5,2,"
4.7746,rust,0,MM1 ?P
4.7746,rust,0,MM0 ?P
4.7746,rust,0,MM1 P=0:0
4.7746,rust,0,MM0 P=0:0
4.7958,rust,0,"#56,YAW,-0.23,GYRO,-7,42,-10,ACC,1,3,257,ADC,1274,501,6,1,"
4.7958,rust,0,MM1 ?S
4.7959,rust,0,MM0 ?S
4.7959,rust,0,MM1 S=0:0
4.7959,rust,0,MM0 S=0:0
4.8168,rust,0,"#57,YAW,-0.23,GYRO,-7,43,-9,ACC,2,3,253,ADC,1221,382,8,2,"
4.8168,rust,0,MM1 ?T
4.8168,rust,0,MM0 ?T
4.8168,rust,0,MM1 T=35:33
4.8168,rust,0,MM0 T=34:33
4.8376,rust,0,"#58,YAW,-0.23,GYRO,-7,41,-9,ACC,0,2,256,ADC,1262,397,4,2,"
4.8376,rust,0,MM1 ?V
4.8376,rust,0,MM0 ?V
4.8377,rust,0,MM1 V=120:223:4897
4.8377,rust,0,MM0 V=120:224:4907
4.8718,rust,0,"#59,YAW,-0.23,GYRO,-7,44,-9,ACC,3,1,258,ADC,1230,386,5,2,"
4.8718,rust,0,MM1 ?CR
4.8718,rust,0,MM0 ?CR
4.8718,rust,0,MM1 CR=0:0
4.8718,rust,0,MM0 CR=0:0
4.8719,rust,0,MM1 !M 0 0
4.8719,rust,0,MM0 !M 0 0
4.8719,rust,0,MM1 +
4.8719,rust,0,MM0 +
4.8719,rust,0,"#60,YAW,-0.23,GYRO,-8,44,-10,ACC,2,4,252,ADC,1273,500,3,2,"
4.8719,rust,0,MM1 ?A
4.8719,rust,0,MM0 ?A
4.8719,rust,0,MM1 A=0:0
4.8719,rust,0,MM0 A=0:0
4.8934,rust,0,"#61,YAW,-0.23,GYRO,-8,44,-10,ACC,-2,3,255,ADC,1242,387,5,2,"
4.8934,rust,0,MM1 ?AI
4.8934,rust,0,MM0 ?AI
4.8934,rust,0,MM1 AI=0:0:2310:2293:0:0
4.8934,rust,0,MM0 AI=0:0:2372:2371:0:0
4.9134,rust,0,"#62,YAW,-0.23,GYRO,-7,45,-9,ACC,4,1,256,ADC,1251,382,5,1,"
4.9134,rust,0,MM1 ?C
4.9134,rust,0,MM0 ?C
4.9134,rust,0,MM0 C=-268:313
4.9134,rust,0,MM1 C=1361:-1399
4.9349,rust,0,"#63,YAW,-0.23,GYRO,-8,44,-9,ACC,1,2,262,ADC,1248,390,6,2,"
4.9349,rust,0,MM1 ?D
4.9349,rust,0,MM0 ?D
4.9349,rust,0,MM1 D=17
4.9349,rust,0,MM0 D=51
4.9349,rust,0,"$GPRMC,091154.4,A,5050.50371,N,00419.36994,E,000.28,337.6,021026,000.4,E*51"
4.9695,rust,0,"#64,YAW,-0.23,GYRO,-6,43,-8,ACC,2,2,254,ADC,1219,388,4,1,"
4.9695,rust,0,MM1 ?FF
4.9695,rust,0,MM0 ?FF
4.9695,rust,0,MM1 FF=16
4.9695,rust,0,MM0 FF=16
4.9695,rust,0,MM0 !M 0 0
4.9695,rust,0,MM1 !M 0 0
4.9695,rust,0,MM0 +
4.9695,rust,0,MM1 +
4.9695,rust,0,"#65,YAW,-0.23,GYRO,-7,44,-8,ACC,3,2,256,ADC,1296,391,6,2,"
4.9695,rust,0,MM1 ?P
4.9695,rust,0,MM0 ?P
4.9695,rust,0,MM1 P=0:0
4.9695,rust,0,MM0 P=0:0
4.9904,rust,0,"#66,YAW,-0.23,GYRO,-7,42,-9,ACC,2,2,256,ADC,1222,382,4,1,"
4.9905,rust,0,MM1 ?S
4.9905,rust,0,MM0 ?S
4.9905,rust,0,MM1 S=0:0
4.9905,rust,0,MM0 S=0:0
5.0115,rust,0,"#67,YAW,-0.23,GYRO,-8,42,-9,ACC,0,2,254,ADC,1251,387,6,1,"
5.0115,rust,0,MM1 ?T
5.0115,rust,0,MM0 ?T
5.0115,rust,0,MM1 T=35:33
5.0115,rust,0,MM0 T=34:33
5.0406,vrijgeven,0,"#68,YAW,-0.23,GYRO,-8,43,-10,ACC,4,1,256,ADC,1227,380,4,2,"
5.0406,vrijgeven,0,MM1 ?V
5.0407,vrijgeven,0,MM0 ?V
5.0407,vrijgeven,0,MM1 V=120:223:4897
5.0407,vrijgeven,0,MM0 V=120:224:4908
5.0535,vrijgeven,0,"#69,YAW,-0.23,GYRO,-7,45,-9,ACC,3,2,257,ADC,1287,384,8,2,"
5.0535,vrijgeven,0,MM1 ?CR
5.0535,vrijgeven,0,MM0 ?CR
5.0535,vrijgeven,0,MM1 CR=0:0
5.0535,vrijgeven,0,MM0 CR=0:0
5.0535,vrijgeven,0,MM1 !MG
5.0535,vrijgeven,0,MM0 !MG
5.0535,vrijgeven,0,MM1 +
5.0535,vrijgeven,0,MM0 +
5.0766,vrijgeven,0,"#70,YAW,-0.23,GYRO,-8,42,-10,ACC,3,1,255,ADC,1258,384,4,2,"
5.0767,vrijgeven,0,MM1 ?A
5.0767,vrijgeven,0,MM0 ?A
5.0767,vrijgeven,0,MM1 A=0:0
5.0767,vrijgeven,0,MM0 A=0:0
5.0981,vrijgeven,0,"#71,YAW,-0.22,GYRO,-8,43,-9,ACC,0,3,254,ADC,1232,383,4,2,"
5.0982,vrijgeven,0,MM1 ?AI
5.0982,vrijgeven,0,MM0 ?AI
5.0982,vrijgeven,0,MM1 AI=0:0:2266:2282:0:0
5.0982,vrijgeven,0,MM0 AI=0:0:2378:2320:0:0
5.1166,vrijgeven,0,"#72,YAW,-0.22,GYRO,-8,43,-8,ACC,1,2,257,ADC,1221,409,7,2,"
5.1166,vrijgeven,0,MM1 ?C
5.1166,vrijgeven,0,MM0 ?C
5.1166,vrijgeven,0,MM0 C=-268:313
5.1167,vrijgeven,0,MM1 C=1361:-1399
5.1375,vrijgeven,0,"#73,YAW,-0.22,GYRO,-7,41,-9,ACC,3,2,257,ADC,1279,501,4,2,"
5.1376,vrijgeven,0,MM1 ?D
5.1376,vrijgeven,0,MM0 ?D
5.1376,vrijgeven,0,MM1 D=17
5.1376,vrijgeven,0,MM0 D=51
5.1376,vrijgeven,0,"$GPRMC,091154.6,A,5050.50355,N,00419.36997,E,000.24,337.6,021026,000.4,E*5A"
5.1915,vrijgeven,0,"#74,YAW,-0.22,GYRO,-7,43,-9,ACC,3,3,255,ADC,1261,383,4,2,"
5.1916,vrijgeven,0,MM1 ?FF
5.1916,vrijgeven,0,MM0 ?FF
5.1916,vrijgeven,0,MM0 FF=0
5.1916,vrijgeven,0,MM1 FF=0
5.1916,vrijgeven,0,MM1 !M 0 0PING
5.1916,vrijgeven,0,MM0 !M 0 0PING
5.1916,vrijgeven,0,MM1 +
5.1916,vrijgeven,0,MM0 +
5.1916,vrijgeven,0,MM1 !M 0 0
5.1916,vrijgeven,0,MM0 !M 0 0
5.1916,vrijgeven,0,MM1 +
5.1916,vrijgeven,0,MM0 +
5.1916,vrijgeven,0,"#75,YAW,-0.22,GYRO,-8,43,-10,ACC,3,4,258,ADC,1240,386,5,2,"
5.1916,vrijgeven,0,MM1 ?P
5.1916,vrijgeven,0,MM0 ?P
5.1916,vrijgeven,0,MM1 P=0:0
5.1916,vrijgeven,0,MM0 P=0:0
5.1933,vrijgeven,0,"#76,YAW,-0.22,GYRO,-7,42,-8,ACC,2,4,253,ADC,1264,497,5,1,"
5.1934,vrijgeven,0,MM1 ?S
5.1934,vrijgeven,0,MM0 ?S
5.1934,vrijgeven,0,MM1 S=0:0
5.1934,vrijgeven,0,MM0 S=0:0
5.2221,vrijgeven,0,"#77,YAW,-0.22,GYRO,-8,42,-10,ACC,2,1,254,ADC,1246,420,4,2,"
5.2221,vrijgeven,0,MM1 ?T
5.2221,vrijgeven,0,MM0 ?T
5.2221,vrijgeven,0,MM1 T=35:33
5.2221,vrijgeven,0,MM0 T=34:33
5.2355,vrijgeven,0,"#78,YAW,-0.22,GYRO,-6,42,-8,ACC,3,2,257,ADC,1270,500,4,2,"
5.2356,vrijgeven,0,MM1 ?V
5.2356,vrijgeven,0,MM0 ?V
5.2356,vrijgeven,0,MM1 V=120:223:4898
5.2356,vrijgeven,0,MM0 V=120:223:4907
5.2695,vrijgeven,0,"#79,YAW,-0.22,GYRO,-7,43,-9,ACC,3,2,256,ADC,1230,390,5,2,"
5.2695,vrijgeven,0,MM1 ?CR
5.2695,vrijgeven,0,MM0 ?CR
5.2695,vrijgeven,0,MM1 CR=0:0
5.2695,vrijgeven,0,MM0 CR=0:0
5.2695,vrijgeven,0,MM1 !M 0 0
5.2695,vrijgeven,0,MM0 !M 0 0
5.2695,vrijgeven,0,MM1 +
5.2695,vrijgeven,0,MM0 +
5.2695,vrijgeven,0,"#80,YAW,-0.22,GYRO,-7,41,-8,ACC,2,2,252,ADC,1209,382,5,2,"
5.2695,vrijgeven,0,MM1 ?A
5.2695,vrijgeven,0,MM0 ?A
5.2695,vrijgeven,0,MM1 A=0:0
5.2695,vrijgeven,0,MM0 A=0:0
5.2904,vrijgeven,0,"#81,YAW,-0.22,GYRO,-8,40,-9,ACC,1,4,255,ADC,1275,500,4,2,"
5.2904,vrijgeven,0,MM1 ?AI
5.2904,vrijgeven,0,MM0 ?AI
5.2904,vrijgeven,0,MM1 AI=0:0:2270:2266:0:0
5.2904,vrijgeven,0,MM0 AI=0:0:2381:2382:0:0
5.3114,vrijgeven,0,"#82,YAW,-0.22,GYRO,-9,42,-9,ACC,2,4,254,ADC,1241,381,7,2,"
5.3115,vrijgeven,0,MM1 ?C
5.3115,vrijgeven,0,MM0 ?C
5.3115,vrijgeven,0,MM0 C=-268:313
5.3115,vrijgeven,0,MM1 C=1361:-1399
5.3406,vrijgeven,0,"#83,YAW,-0.22,GYRO,-7,44,-8,ACC,1,5,254,ADC,1265,500,5,2,"
5.3406,vrijgeven,0,MM1 ?D
5.3406,vrijgeven,0,MM0 ?D
5.3406,vrijgeven,0,MM1 D=17
5.3406,vrijgeven,0,MM0 D=51
5.3406,vrijgeven,0,"$GPRMC,091154.8,A,5050.50330,N,00419.36999,E,000.22,337.6,021026,000.4,E*5F"
5.3534,vrijgeven,0,"#84,YAW,-0.22,GYRO,-8,43,-9,ACC,1,5,254,ADC,1292,393,4,2,"
5.3534,vrijgeven,0,MM0 ?FF
5.3534,vrijgeven,0,MM1 ?FF
5.3534,vrijgeven,0,MM0 FF=0
5.3534,vrijgeven,0,MM1 FF=0
5.3534,vrijgeven,0,MM1 !M 0 0
5.3534,vrijgeven,0,MM0 !M 0 0
5.3534,vrijgeven,0,MM1 +
5.3534,vrijgeven,0,MM0 +
5.3745,vrijgeven,0,"#85,YAW,-0.22,GYRO,-6,41,-8,ACC,1,1,257,ADC,1230,389,5,2,"
5.3745,vrijgeven,0,MM1 ?P
5.3745,vrijgeven,0,MM0 ?P
5.3745,vrijgeven,0,MM1 P=0:0
5.3745,vrijgeven,0,MM0 P=0:0
5.3958,vrijgeven,0,"#86,YAW,-0.22,GYRO,-6,41,-10,ACC,3,2,255,ADC,1245,500,5,2,"
5.3959,vrijgeven,0,MM1 ?S
5.3959,vrijgeven,0,MM0 ?S
5.3959,vrijgeven,0,MM1 S=0:0
5.3959,vrijgeven,0,MM0 S=0:0
5.4167,vrijgeven,0,"#87,YAW,-0.22,GYRO,-8,44,-10,ACC,5,1,255,ADC,1248,384,4,1,"
5.4167,vrijgeven,0,MM0 ?T
5.4167,vrijgeven,0,MM1 ?T
5.4167,vrijgeven,0,MM0 T=34:33
5.4167,vrijgeven,0,MM1 T=35:33
5.4395,vrijgeven,0,"#88,YAW,-0.22,GYRO,-6,42,-8,ACC,3,1,261,ADC,1247,386,4,1,"
5.4395,vrijgeven,0,MM1 ?V
5.4395,vrijgeven,0,MM0 ?V
5.4395,vrijgeven,0,MM1 V=120:224:4897
5.4395,vrijgeven,0,MM0 V=120:224:4907
5.4737,vrijgeven,0,"#89,YAW,-0.22,GYRO,-7,42,-9,ACC,2,2,252,ADC,1259,495,4,2,"
5.4737,vrijgeven,0,MM0 ?CR
5.4737,vrijgeven,0,MM1 ?CR
5.4737,vrijgeven,0,MM0 CR=0:0
5.4737,vrijgeven,0,MM1 CR=0:0
5.4737,vrijgeven,0,MM1 !M 0 0
5.4737,vrijgeven,0,MM0 !M 0 0
5.4737,vrijgeven,0,MM1 +
5.4737,vrijgeven,0,MM0 +
5.4737,vrijgeven,0,"#90,YAW,-0.22,GYRO,-8,44,-9,ACC,3,3,255,ADC,1278,407,6,2,"
5.4737,vrijgeven,0,MM0 ?A
5.4737,vrijgeven,0,MM1 ?A
5.4737,vrijgeven,0,MM0 A=0:0
5.4737,vrijgeven,0,MM1 A=0:0
5.4947,vrijgeven,0,"#91,YAW,-0.22,GYRO,-7,43,-10,ACC,4,3,257,ADC,1300,498,5,1,"
5.4948,vrijgeven,0,MM0 ?AI
5.4948,vrijgeven,0,MM1 ?AI
5.4948,vrijgeven,0,MM0 AI=0:0:2371:2371:0:0
5.4948,vrijgeven,0,MM1 AI=0:0:2282:2304:0:0
5.5159,vrijgeven,0,"#92,YAW,-0.22,GYRO,-6,42,-9,ACC,1,4,256,ADC,1285,499,5,1,"
5.5160,vrijgeven,0,MM0 ?C
5.5160,vrijgeven,0,MM1 ?C
5.5160,vrijgeven,0,MM0 C=-268:313
5.5160,vrijgeven,0,MM1 C=1361:-1399
5.5386,vrijgeven,0,"#93,YAW,-0.22,GYRO,-8,43,-8,ACC,2,2,258,ADC,1242,384,5,2,"
5.5387,vrijgeven,0,MM0 ?D
5.5387,vrijgeven,0,MM1 ?D
5.5387,vrijgeven,0,MM0 D=51
5.5387,vrijgeven,0,MM1 D=17
5.5387,vrijgeven,0,"$GPRMC,091155.0,A,5050.50307,N,00419.37000,E,000.22,337.6,021026,000.4,E*5A"
5.5807,vrijgeven,0,"#94,YAW,-0.22,GYRO,-7,43,-9,ACC,0,4,257,ADC,1231,386,4,1,"
5.5807,vrijgeven,0,MM0 ?FF
5.5807,vrijgeven,0,MM1 ?FF
5.5808,vrijgeven,0,MM0 FF=0
5.5808,vrijgeven,0,MM1 FF=0
5.5808,vrijgeven,0,MM0 !M 0 0
5.5808,vrijgeven,0,MM1 !M 0 0
5.5808,vrijgeven,0,MM0 +
5.5808,vrijgeven,0,MM1 +
5.5808,vrijgeven,0,"#95,YAW,-0.22,GYRO,-8,44,-9,ACC,0,3,256,ADC,1277,499,8,1,"
5.5808,vrijgeven,0,MM0 ?P
5.5808,vrijgeven,0,MM1 ?P
5.5808,vrijgeven,0,MM0 P=0:0
5.5808,vrijgeven,0,MM1 P=0:0
5.5934,vrijgeven,0,"#96,YAW,-0.22,GYRO,-7,41,-9,ACC,2,3,257,ADC,1244,496,7,2,"
5.5934,vrijgeven,0,MM0 ?S
5.5934,vrijgeven,0,MM1 ?S
5.5934,vrijgeven,0,MM0 S=0:0
5.5934,vrijgeven,0,MM1 S=0:0
5.6148,vrijgeven,0,"#97,YAW,-0.22,GYRO,-7,41,-9,ACC,4,2,242,ADC,1277,502,5,1,"
5.6148,vrijgeven,0,MM0 ?T
5.6148,vrijgeven,0,MM1 ?T
5.6148,vrijgeven,0,MM0 T=34:33
5.6148,vrijgeven,0,MM1 T=35:33
5.6405,vrijgeven,0,"#98,YAW,-0.22,GYRO,-8,41,-8,ACC,3,1,255,ADC,1252,387,4,2,"
5.6405,vrijgeven,0,MM0 ?V
5.6405,vrijgeven,0,MM1 ?V
5.6405,vrijgeven,0,MM0 V=120:223:4907
5.6405,vrijgeven,0,MM1 V=120:223:4898
5.6748,vrijgeven,0,"#99,YAW,-0.22,GYRO,-7,42,-9,ACC,2,1,256,ADC,1269,502,6,2,"
5.6749,vrijgeven,0,MM0 ?CR
5.6749,vrijgeven,0,MM1 ?CR
5.6749,vrijgeven,0,MM0 CR=0:0
5.6749,vrijgeven,0,MM1 CR=0:0
5.6749,vrijgeven,0,MM1 !M 0 0
5.6749,vrijgeven,0,MM0 !M 0 0
5.6749,vrijgeven,0,MM1 +
5.6749,vrijgeven,0,MM0 +
5.6749,vrijgeven,0,"#100,YAW,-0.22,GYRO,-7,42,-9,ACC,0,3,256,ADC,1268,500,6,1,"
5.6749,vrijgeven,0,MM0 ?A
5.6749,vrijgeven,0,MM1 ?A
5.6749,vrijgeven,0,MM0 A=0:0
5.6749,vrijgeven,0,MM1 A=0:0
5.7006,vrijgeven,0,"#101,YAW,-0.22,GYRO,-8,44,-8,ACC,1,5,256,ADC,1261,382,4,1,"
5.7006,vrijgeven,0,MM0 ?AI
5.7006,vrijgeven,0,MM1 ?AI
5.7006,vrijgeven,0,MM0 AI=0:0:2371:2373:0:0
5.7006,vrijgeven,0,MM1 AI=0:0:2274:2303:0:0
5.7165,vrijgeven,0,"#102,YAW,-0.22,GYRO,-6,44,-9,ACC,3,1,255,ADC,1265,499,7,1,"
5.7165,vrijgeven,0,MM0 ?C
5.7165,vrijgeven,0,MM1 ?C
5.7166,vrijgeven,0,MM0 C=-268:313
5.7166,vrijgeven,0,MM1 C=1361:-1399
5.7376,vrijgeven,0,"#103,YAW,-0.22,GYRO,-8,41,-8,ACC,1,1,256,ADC,1244,395,6,2,"
5.7376,vrijgeven,0,MM0 ?D
5.7376,vrijgeven,0,MM1 ?D
5.7376,vrijgeven,0,MM0 D=51
5.7376,vrijgeven,0,MM1 D=25
5.7376,vrijgeven,0,"$GPRMC,091155.2,A,5050.50288,N,00419.37000,E,000.25,337.6,021026,000.4,E*59"
5.7726,vrijgeven,0,"#104,YAW,-0.22,GYRO,-7,43,-9,ACC,2,3,257,ADC,1246,386,5,2,"
5.7726,vrijgeven,0,MM0 ?FF
5.7726,vrijgeven,0,MM1 ?FF
5.7726,vrijgeven,0,MM0 FF=0
5.7726,vrijgeven,0,MM1 FF=0
5.7727,vrijgeven,0,MM0 !M 0 0
5.7727,vrijgeven,0,MM1 !M 0 0
5.7727,vrijgeven,0,MM0 +
5.7727,vrijgeven,0,MM1 +
5.7727,vrijgeven,0,"#105,YAW,-0.22,GYRO,-8,45,-10,ACC,0,2,251,ADC,1289,501,5,2,"
5.7727,vrijgeven,0,MM0 ?P
5.7727,vrijgeven,0,MM1 ?P
5.7727,vrijgeven,0,MM0 P=0:0
5.7727,vrijgeven,0,MM1 P=0:0
5.7936,vrijgeven,0,"#106,YAW,-0.22,GYRO,-6,45,-8,ACC,1,2,258,ADC,1272,501,5,2,"
5.7936,vrijgeven,0,MM0 ?S
5.7936,vrijgeven,0,MM1 ?S
5.7936,vrijgeven,0,MM0 S=0:0
5.7936,vrijgeven,0,MM1 S=0:0
5.8223,vrijgeven,0,"#107,YAW,-0.22,GYRO,-8,44,-7,ACC,4,2,256,ADC,1284,499,7,1,"
5.8223,vrijgeven,0,MM0 ?T
5.8223,vrijgeven,0,MM1 ?T
5.8223,vrijgeven,0,MM0 T=34:33
5.8223,vrijgeven,0,MM1 T=35:33
5.8357,vrijgeven,0,"#108,YAW,-0.22,GYRO,-8,43,-9,ACC,4,1,255,ADC,1212,382,7,2,"
5.8357,vrijgeven,0,MM0 ?V
5.8357,vrijgeven,0,MM1 ?V
5.8357,vrijgeven,0,MM0 V=120:223:4907
5.8357,vrijgeven,0,MM1 V=120:223:4898
5.8695,vrijgeven,0,"#109,YAW,-0.22,GYRO,-6,45,-9,ACC,0,3,258,ADC,1299,498,6,2,"
5.8695,vrijgeven,0,MM0 ?CR
5.8696,vrijgeven,0,MM1 ?CR
5.8696,vrijgeven,0,MM0 CR=0:0
5.8696,vrijgeven,0,MM1 CR=0:0
5.8696,vrijgeven,0,MM0 !M 0 0
5.8696,vrijgeven,0,MM1 !M 0 0
5.8696,vrijgeven,0,MM0 +
5.8696,vrijgeven,0,MM1 +
5.8696,vrijgeven,0,"#110,YAW,-0.22,GYRO,-7,41,-10,ACC,3,5,254,ADC,1256,399,4,1,"
5.8696,vrijgeven,0,MM0 ?A
5.8696,vrijgeven,0,MM1 ?A
5.8696,vrijgeven,0,MM0 A=0:0
5.8696,vrijgeven,0,MM1 A=0:0
5.8904,vrijgeven,0,"#111,YAW,-0.22,GYRO,-6,43,-9,ACC,0,2,254,ADC,1276,389,6,1,"
5.8904,vrijgeven,0,MM0 ?AI
5.8904,vrijgeven,0,MM1 ?AI
5.8904,vrijgeven,0,MM0 AI=0:0:2366:2369:0:0
5.8904,vrijgeven,0,MM1 AI=0:0:2271:2311:0:0
5.9114,vrijgeven,0,"#112,YAW,-0.22,GYRO,-8,42,-9,ACC,3,4,258,ADC,1248,380,4,2,"
5.9114,vrijgeven,0,MM0 ?C
5.9115,vrijgeven,0,MM1 ?C
5.9115,vrijgeven,0,MM0 C=-268:313
5.9115,vrijgeven,0,MM1 C=1361:-1399
5.9413,vrijgeven,0,"#113,YAW,-0.22,GYRO,-7,43,-10,ACC,1,3,255,ADC,1240,383,6,2,"
5.9413,vrijgeven,0,MM0 ?D
5.9413,vrijgeven,0,MM1 ?D
5.9413,vrijgeven,0,MM1 D=17
5.9413,vrijgeven,0,MM0 D=51
5.9413,vrijgeven,0,"$GPRMC,091155.4,A,5050.50271,N,00419.37004,E,000.28,337.6,021026,000.4,E*50"
5.9537,vrijgeven,0,"#114,YAW,-0.22,GYRO,-8,43,-10,ACC,5,4,255,ADC,1268,420,5,1,"
5.9537,vrijgeven,0,MM0 ?FF
5.9537,vrijgeven,0,MM1 ?FF
5.9537,vrijgeven,0,MM0 FF=0
5.9537,vrijgeven,0,MM1 FF=0
5.9537,vrijgeven,0,MM1 !M 0 0
5.9537,vrijgeven,0,MM0 !M 0 0
5.9537,vrijgeven,0,MM1 +
5.9537,vrijgeven,0,MM0 +
5.9746,vrijgeven,0,"#115,YAW,-0.22,GYRO,-8,44,-9,ACC,1,3,254,ADC,1241,502,5,2,"
5.9746,vrijgeven,0,MM0 ?P
5.9746,vrijgeven,0,MM1 ?P
5.9746,vrijgeven,0,MM0 P=0:0
5.9746,vrijgeven,0,MM1 P=0:0
6.0006,vrijgeven,0,"#116,YAW,-0.22,GYRO,-8,44,-9,ACC,5,1,255,ADC,1285,501,4,1,"
6.0006,vrijgeven,0,MM0 ?S
6.0007,vrijgeven,0,MM1 ?S
6.0007,vrijgeven,0,MM0 S=0:0
6.0007,vrijgeven,0,MM1 S=0:0
6.0468,heen,0,"#117,YAW,-0.22,GYRO,-8,40,-9,ACC,4,1,257,ADC,1254,402,8,1,"
6.0468,heen,0,MM0 ?T
6.0468,heen,0,MM1 ?T
6.0468,heen,0,MM0 T=34:33
6.0469,heen,0,MM1 T=35:33
6.0469,heen,0,"#118,YAW,-0.22,GYRO,-7,43,-10,ACC,3,3,256,ADC,1233,383,5,2,"
6.0469,heen,0,MM0 ?V
6.0469,heen,0,MM1 ?V
6.0469,heen,0,MM0 V=120:224:4908
6.0469,heen,0,MM1 V=120:223:4897
6.0917,heen,0,"#119,YAW,-0.21,GYRO,-7,42,-10,ACC,3,2,255,ADC,1278,501,5,2,"
6.0917,heen,0,MM0 ?CR
6.0917,heen,0,MM1 ?CR
6.0917,heen,0,MM0 CR=0:0
6.0917,heen,0,MM1 CR=0:0
6.0917,heen,0,MM0 !M 0 0
6.0917,heen,0,MM0 +
6.0917,heen,0,MM1 !M 0 0
6.0917,heen,0,MM1 +
6.0917,heen,0,"#120,YAW,-0.21,GYRO,-7,44,-9,ACC,2,1,260,ADC,1264,332,5,2,"
6.0917,heen,0,MM0 ?A
6.0917,heen,0,MM1 ?A
6.0917,heen,0,MM0 A=0:0
6.0917,heen,0,MM1 A=0:0
6.0917,heen,0,"#121,YAW,-0.21,GYRO,-7,43,-10,ACC,1,1,251,ADC,1302,394,6,2,"
6.0917,heen,0,MM0 ?AI
6.0917,heen,0,MM1 ?AI
6.1026,heen,0,MM0 AI=0:0:2381:2374:0:0
6.1026,heen,0,MM1 AI=0:0:2282:2285:0:0
6.1026,heen,0,"#122,YAW,-0.21,GYRO,-7,45,-9,ACC,2,4,255,ADC,1237,383,5,2,"
6.1026,heen,0,MM0 ?C
6.1026,heen,0,MM1 ?C
6.1026,heen,0,MM0 C=-268:313
6.1235,heen,0,MM1 C=1361:-1399
6.1235,heen,0,"#123,YAW,-0.21,GYRO,-7,43,-9,ACC,1,2,256,ADC,1273,387,7,2,"
6.1235,heen,0,MM0 ?D
6.1235,heen,0,MM1 ?D
6.1235,heen,0,MM0 D=51
6.1235,heen,0,MM1 D=17
6.1553,heen,60,"$GPRMC,091155.6,A,5050.50254,N,00419.37003,E,000.32,337.6,021026,000.4,E*59"
6.1554,heen,60,"#124,YAW,-0.21,GYRO,-6,40,-8,ACC,3,2,254,ADC,1252,383,4,2,"
6.1554,heen,60,MM0 ?FF
6.1554,heen,60,MM1 ?FF
6.1554,heen,60,MM0 FF=0
6.1554,heen,60,MM1 FF=0
6.1687,heen,60,"#125,YAW,-0.21,GYRO,-7,42,-8,ACC,1,2,259,ADC,1289,392,5,2,"
6.1688,heen,60,MM0 ?P
6.1688,heen,60,MM1 ?P
6.1688,heen,60,MM0 P=0:0
6.1688,heen,60,MM1 P=0:0
6.1688,heen,60,MM1 !M 60 -60
6.1688,heen,60,MM0 !M 60 -60
6.1866,heen,60,MM1 +
6.1867,heen,60,MM0 +
6.1867,heen,60,"#126,YAW,-0.21,GYRO,-8,43,-8,ACC,8,1,254,ADC,1272,398,3,2,"
6.1867,heen,60,MM0 ?S
6.1867,heen,60,MM1 ?S
6.1867,heen,60,MM0 S=0:0
6.1867,heen,60,MM1 S=0:0
6.2106,heen,60,"#127,YAW,-0.21,GYRO,-9,27,-1,ACC,3,0,257,ADC,1231,385,4,2,"
6.2106,heen,60,MM0 ?T
6.2106,heen,60,MM1 ?T
6.2106,heen,60,MM0 T=34:33
6.2106,heen,60,MM1 T=35:33
6.2286,heen,60,"#128,YAW,-0.21,GYRO,-15,27,-9,ACC,23,2,261,ADC,1250,383,6,2,"
6.2286,heen,60,MM0 ?V
6.2286,heen,60,MM1 ?V
6.2286,heen,60,MM0 V=120:224:4907
6.2286,heen,60,MM1 V=120:223:4898
6.2529,heen,120,"#129,YAW,-0.21,GYRO,-4,61,-38,ACC,4,0,260,ADC,1285,384,5,2,"
6.2529,heen,120,MM0 ?CR
6.2529,heen,120,MM1 ?CR
6.2529,heen,120,MM1 CR=1:-1
6.2529,heen,120,MM0 CR=2:0
6.2874,heen,120,"#130,YAW,-0.21,GYRO,-11,49,-21,ACC,9,5,259,ADC,1216,386,5,2,"
6.2875,heen,120,MM0 ?A
6.2875,heen,120,MM1 ?A
6.2875,heen,120,MM0 A=0:0
6.2875,heen,120,MM1 A=0:0
6.2875,heen,120,"#131,YAW,-0.21,GYRO,-16,21,-2,ACC,22,5,251,ADC,1240,385,6,2,"
6.2875,heen,120,MM0 ?AI
6.2875,heen,120,MM1 ?AI
6.2875,heen,120,MM0 AI=0:0:2372:2377:0:0
6.2875,heen,120,MM1 AI=0:0:2256:2305:0:0
6.3085,heen,120,"#132,YAW,-0.21,GYRO,-12,41,8,ACC,11,2,252,ADC,1283,387,5,2,"
6.3085,heen,120,MM0 ?C
6.3087,heen,120,MM1 ?C
6.3087,heen,120,MM0 C=-265:312
6.3087,heen,120,MM1 C=1364:-1401
6.3346,heen,120,"#133,YAW,-0.21,GYRO,-10,65,4,ACC,-1,1,259,ADC,1264,388,4,2,"
6.3346,heen,120,MM0 ?D
6.3346,heen,120,MM1 ?D
6.3346,heen,120,MM1 D=32
6.3346,heen,120,MM0 D=1
6.3346,heen,120,"$GPRMC,091155.8,A,5050.50242,N,00419.37010,E,000.36,337.6,021026,000.4,E*56"
6.3838,heen,180,"#134,YAW,-0.21,GYRO,-14,48,-6,ACC,-1,1,256,ADC,1274,396,4,1,"
6.3838,heen,180,MM0 ?FF
6.3838,heen,180,MM1 ?FF
6.3838,heen,180,MM0 FF=0
6.3838,heen,180,MM1 FF=0
6.3838,heen,180,MM0 !M 120 -120
6.3838,heen,180,MM1 !M 120 -120
6.3838,heen,180,MM0 +
6.3838,heen,180,MM1 +
6.3838,heen,180,MM0 PING
6.3838,heen,180,MM1 PING
6.3838,heen,180,"#135,YAW,-0.21,GYRO,-17,1,-8,ACC,43,5,252,ADC,1218,383,4,2,"
6.3838,heen,180,MM0 ?P
6.3838,heen,180,MM1 ?P
6.3838,heen,180,MM0 P=120:-120
6.3838,heen,180,MM1 P=120:-120
6.3838,heen,180,MM0 !M 180 -180
6.3838,heen,180,MM1 !M 180 -180
6.3838,heen,180,MM0 +
6.3839,heen,180,MM1 +
6.3839,heen,180,"#136,YAW,-0.21,GYRO,-20,-17,-12,ACC,72,-1,255,ADC,1255,496,4,2,"
6.3839,heen,180,MM0 ?S
6.3839,heen,180,MM1 ?S
6.3839,heen,180,MM1 S=0:0
6.3839,heen,180,MM0 S=0:-75
6.4044,heen,180,"#137,YAW,-0.21,GYRO,-16,33,-17,ACC,75,1,255,ADC,1224,392,7,2,"
6.4044,heen,180,MM0 ?T
6.4044,heen,180,MM1 ?T
6.4044,heen,180,MM0 T=34:33
6.4044,heen,180,MM1 T=35:33
6.4255,heen,180,"#138,YAW,-0.21,GYRO,-9,92,-18,ACC,56,-1,262,ADC,1215,391,4,2,"
6.4256,heen,180,MM0 ?V
6.4256,heen,180,MM1 ?V
6.4256,heen,180,MM0 V=120:223:4905
6.4256,heen,180,MM1 V=120:222:4898
6.4464,heen,241,"#139,YAW,-0.21,GYRO,-31,35,-14,ACC,46,3,248,ADC,1201,384,6,1,"
6.4465,heen,241,MM0 ?CR
6.4465,heen,241,MM1 ?CR
6.4465,heen,241,MM0 CR=8:-8
6.4465,heen,241,MM1 CR=9:-7
6.4834,heen,241,MM1 !M 241 -241
6.4834,heen,241,MM0 !M 241 -241
6.4834,heen,241,MM1 +
6.4834,heen,241,MM0 +
6.4834,heen,241,"#140,YAW,-0.21,GYRO,-14,14,-15,ACC,52,-1,240,ADC,1244,357,6,2,"
6.4834,heen,241,MM0 ?A
6.4834,heen,241,MM1 ?A
6.4834,heen,241,MM0 A=20:-19
6.4834,heen,241,MM1 A=20:-19
6.4834,heen,241,"#141,YAW,-0.21,GYRO,5,19,-7,ACC,66,2,262,ADC,1258,385,6,2,"
6.4834,heen,241,MM0 ?AI
6.5028,heen,241,MM1 ?AI
6.5028,heen,241,MM0 AI=0:0:2352:2388:0:0
6.5028,heen,241,MM1 AI=0:0:2284:2306:0:0
6.5028,heen,241,"#142,YAW,-0.21,GYRO,37,33,-19,ACC,37,-5,246,ADC,1289,386,4,1,"
6.5028,heen,241,MM0 ?C
6.5028,heen,241,MM1 ?C
6.5240,heen,241,MM0 C=-251:297
6.5240,heen,241,MM1 C=1378:-1414
6.5240,heen,241,"#143,YAW,-0.21,GYRO,2,65,-17,ACC,81,7,265,ADC,1278,392,7,2,"
6.5240,heen,241,MM0 ?D
6.5240,heen,241,MM1 ?D
6.5240,heen,241,MM0 D=51
6.5240,heen,241,MM1 D=33
6.5450,heen,300,"$GPRMC,091156.0,A,5050.50223,N,00419.37010,E,000.40,337.6,021026,000.4,E*5B"
6.5451,heen,300,"#144,YAW,-0.21,GYRO,-6,100,-7,ACC,62,1,244,ADC,1304,503,5,2,"
6.5451,heen,300,MM0 ?FF
6.5451,heen,300,MM1 ?FF
6.5451,heen,300,MM0 FF=0
6.5451,heen,300,MM1 FF=0
6.5796,heen,300,MM0 !M 300 -300
6.5797,heen,300,MM1 !M 300 -300
6.5797,heen,300,MM0 +
6.5797,heen,300,MM1 +
6.5797,heen,300,"#145,YAW,-0.22,GYRO,-7,78,-3,ACC,51,8,251,ADC,1220,315,7,2,"
6.5797,heen,300,MM0 ?P
6.5797,heen,300,MM1 ?P
6.5797,heen,300,MM0 P=298:-299
6.5797,heen,300,MM1 P=298:-299
6.5797,heen,300,"#146,YAW,-0.22,GYRO,-22,-26,18,ACC,66,2,258,ADC,1299,498,5,1,"
6.6007,heen,300,MM0 ?S
6.6007,heen,300,MM1 ?S
6.6007,heen,300,MM0 S=150:-150
6.6008,heen,300,MM1 S=150:-150
6.6008,heen,300,"#147,YAW,-0.22,GYRO,-26,71,-5,ACC,41,8,201,ADC,1280,501,5,1,"
6.6008,heen,300,MM0 ?T
6.6225,heen,300,MM1 ?T
6.6225,heen,300,MM0 T=34:33
6.6225,heen,300,MM1 T=35:33
6.6225,heen,300,"#148,YAW,-0.22,GYRO,41,87,-56,ACC,69,-10,256,ADC,1242,390,4,2,"
6.6225,heen,300,MM0 ?V
6.6225,heen,300,MM1 ?V
6.6469,heen,300,MM0 V=120:221:4903
6.6469,heen,300,MM1 V=120:223:4896
6.6469,heen,300,"#149,YAW,-0.22,GYRO,-1,-5,-31,ACC,47,5,362,ADC,1257,395,8,1,"
6.6469,heen,300,MM0 ?CR
6.6469,heen,300,MM1 ?CR
6.6816,heen,300,MM0 CR=34:-37
6.6816,heen,300,MM1 CR=34:-34
6.6816,heen,300,MM0 !M 300 -300
6.6816,heen,300,MM1 !M 300 -300
6.6816,heen,300,"#150,YAW,-0.21,GYRO,-57,14,-43,ACC,45,24,264,ADC,1277,378,4,1,"
6.6816,heen,300,MM0 +
6.6816,heen,300,MM1 +
6.6816,heen,300,MM0 ?A
6.6816,heen,300,MM1 ?A
6.6816,heen,300,MM0 A=20:-25
6.6816,heen,300,MM1 A=23:-19
6.6816,heen,300,"#151,YAW,-0.22,GYRO,71,25,27,ACC,32,-14,192,ADC,1271,384,4,2,"
6.6816,heen,300,MM0 ?AI
6.7032,heen,300,MM1 ?AI
6.7032,heen,300,MM0 AI=0:0:2353:2380:0:0
6.7032,heen,300,MM1 AI=0:0:2295:2284:0:0
6.7032,heen,300,"#152,YAW,-0.22,GYRO,-99,70,10,ACC,51,-3,230,ADC,1211,385,4,1,"
6.7032,heen,300,MM0 ?C
6.7033,heen,300,MM1 ?C
6.7033,heen,300,MM0 C=-208:252
6.7235,heen,300,MM1 C=1421:-1457
6.7235,heen,300,"#153,YAW,-0.22,GYRO,85,30,-8,ACC,32,-11,285,ADC,1249,390,5,2,"
6.7235,heen,300,MM0 ?D
6.7236,heen,300,MM1 ?D
6.7236,heen,300,MM1 D=51
6.7236,heen,300,MM0 D=0
6.7506,heen,300,"$GPRMC,091156.2,A,5050.50213,N,00419.37014,E,000.45,337.6,021026,000.4,E*5B"
6.7506,heen,300,"#154,YAW,-0.22,GYRO,-72,-99,-17,ACC,57,20,253,ADC,1248,384,6,2,"
6.7506,heen,300,MM0 ?FF
6.7506,heen,300,MM1 ?FF
6.7506,heen,300,MM1 FF=0
6.7506,heen,300,MM0 FF=0
6.7845,heen,300,"#155,YAW,-0.22,GYRO,-45,75,-6,ACC,16,19,254,ADC,1247,399,5,2,"
6.7845,heen,300,MM0 ?P
6.7845,heen,300,MM1 ?P
6.7845,heen,300,MM0 P=300:-300
6.7845,heen,300,MM1 P=300:-300
6.7845,heen,300,MM0 !M 300 -300
6.7845,heen,300,MM1 !M 300 -300
6.7845,heen,300,MM1 +
6.7845,heen,300,MM0 +
6.7845,heen,300,"#156,YAW,-0.22,GYRO,-8,128,7,ACC,21,-8,213,ADC,1228,393,4,1,"
6.7845,heen,300,MM0 ?S
6.7845,heen,300,MM1 ?S
6.7845,heen,300,MM0 S=225:-225
6.7845,heen,300,MM1 S=300:-225
6.8054,heen,300,"#157,YAW,-0.22,GYRO,22,18,-7,ACC,23,-20,284,ADC,1237,502,7,1,"
6.8054,heen,300,MM0 ?T
6.8054,heen,300,MM1 ?T
6.8054,heen,300,MM0 T=34:33
6.8054,heen,300,MM1 T=35:33
6.8264,heen,300,"#158,YAW,-0.22,GYRO,-72,-68,-24,ACC,-7,22,283,ADC,1232,385,8,2,"
6.8264,heen,300,MM0 ?V
6.8264,heen,300,MM1 ?V
6.8264,heen,300,MM0 V=120:223:4904
6.8264,heen,300,MM1 V=120:222:4897
6.8473,heen,300,"#159,YAW,-0.22,GYRO,-76,139,-7,ACC,11,19,226,ADC,1234,380,4,1,"
6.8473,heen,300,MM0 ?CR
6.8473,heen,300,MM1 ?CR
6.8473,heen,300,MM0 CR=59:-58
6.8473,heen,300,MM1 CR=59:-58
6.8819,heen,300,"#160,YAW,-0.22,GYRO,61,181,-15,ACC,9,-26,203,ADC,1208,389,8,2,"
6.8819,heen,300,MM0 !M 300 -300
6.8819,heen,300,MM0 +
6.8819,heen,300,MM1 !M 300 -300
6.8819,heen,300,MM1 +
6.8819,heen,300,MM0 ?A
6.8819,heen,300,MM1 ?A
6.8819,heen,300,MM0 A=13:-12
6.8819,heen,300,MM1 A=10:-9
6.8819,heen,300,"#161,YAW,-0.22,GYRO,55,-52,-14,ACC,29,-29,270,ADC,1205,382,4,2,"
6.8819,heen,300,MM0 ?AI
6.8819,heen,300,MM1 ?AI
6.9026,heen,300,MM0 AI=0:0:2379:2372:0:0
6.9026,heen,300,MM1 AI=0:0:2319:2297:0:0
6.9026,heen,300,"#162,YAW,-0.22,GYRO,6,70,-14,ACC,0,15,292,ADC,1262,498,6,2,"
6.9026,heen,300,MM0 ?C
6.9026,heen,300,MM1 ?C
6.9026,heen,300,MM0 C=-146:191
6.9235,heen,300,MM1 C=1483:-1518
6.9235,heen,300,"#163,YAW,-0.22,GYRO,3,153,-19,ACC,3,23,261,ADC,1246,386,5,2,"
6.9236,heen,300,MM0 ?D
6.9236,heen,300,MM1 ?D
6.9236,heen,300,MM0 D=50
6.9236,heen,300,MM1 D=35
6.9451,heen,300,"$GPRMC,091156.4,A,5050.50208,N,00419.37012,E,000.48,337.6,021026,000.4,E*5C"
6.9451,heen,300,"#164,YAW,-0.22,GYRO,35,50,-22,ACC,10,9,203,ADC,1251,390,6,2,"
6.9451,heen,300,MM1 ?FF
6.9451,heen,300,MM0 ?FF
6.9451,heen,300,MM1 FF=0
6.9451,heen,300,MM0 FF=0
6.9654,heen,300,"#165,YAW,-0.23,GYRO,23,-124,17,ACC,34,-9,156,ADC,1259,499,5,2,"
6.9654,heen,300,MM0 ?P
6.9654,heen,300,MM1 ?P
6.9654,heen,300,MM0 P=300:-300
6.9654,heen,300,MM1 P=300:-300
6.9866,heen,300,MM0 !M 300 -300
6.9866,heen,300,MM1 !M 300 -300
6.9866,heen,300,MM0 +
6.9866,heen,300,MM1 +
6.9866,heen,300,"#166,YAW,-0.23,GYRO,-147,83,-25,ACC,-32,35,532,ADC,1275,497,3,1,"
6.9866,heen,300,MM0 ?S
6.9866,heen,300,MM1 ?S
6.9866,heen,300,MM0 S=225:-300
6.9866,heen,300,MM1 S=300:-225
7.0074,heen,300,"#167,YAW,-0.23,GYRO,63,116,-15,ACC,25,-25,111,ADC,1274,500,5,1,"
7.0074,heen,300,MM0 ?T
7.0075,heen,300,MM1 ?T
7.0075,heen,300,MM0 T=34:33
7.0075,heen,300,MM1 T=35:33
7.0292,heen,300,"#168,YAW,-0.23,GYRO,-105,-179,7,ACC,-25,-36,351,ADC,1266,398,8,2,"
7.0293,heen,300,MM0 ?V
7.0293,heen,300,MM1 ?V
7.0293,heen,300,MM0 V=120:223:4904
7.0293,heen,300,MM1 V=120:225:4898
7.0497,heen,300,"#169,YAW,-0.23,GYRO,-107,101,2,ACC,-18,60,313,ADC,1265,389,4,2,"
7.0497,heen,300,MM0 ?CR
7.0497,heen,300,MM1 ?CR
7.0497,heen,300,MM0 CR=67:-67
7.0498,heen,300,MM1 CR=67:-66
7.0862,heen,300,"#170,YAW,-0.23,GYRO,-22,64,0,ACC,26,8,201,ADC,1240,386,6,2,"
7.0862,heen,300,MM0 ?A
7.0863,heen,300,MM0 A=6:-5
7.0863,heen,300,MM1 ?A
7.0863,heen,300,MM1 A=6:-5
7.0863,heen,300,MM0 !M 300 -300
7.0863,heen,300,MM0 +
7.0863,heen,300,MM1 !M 300 -300
7.0863,heen,300,MM1 +
7.0863,heen,300,"#171,YAW,-0.23,GYRO,-13,69,-11,ACC,-21,15,275,ADC,1271,500,5,1,"
7.0863,heen,300,MM0 ?AI
7.0863,heen,300,MM1 ?AI
7.0863,heen,300,MM0 AI=0:0:2361:2334:0:0
7.1045,heen,300,MM1 AI=0:0:2285:2315:0:0
7.1046,heen,300,"#172,YAW,-0.23,GYRO,179,-144,29,ACC,22,-38,252,ADC,1310,500,8,2,"
7.1046,heen,300,MM0 ?C
7.1046,heen,300,MM1 ?C
7.1046,heen,300,MM0 C=-77:123
7.1046,heen,300,MM1 C=1552:-1586
7.1257,heen,300,"#173,YAW,-0.23,GYRO,-83,204,40,ACC,0,40,334,ADC,1197,383,5,1,"
7.1257,heen,300,MM1 ?D
7.1257,heen,300,MM0 ?D
7.1257,heen,300,MM1 D=34
7.1257,heen,300,MM0 D=18
7.1467,heen,300,"$GPRMC,091156.6,A,5050.50195,N,00419.37015,E,000.51,337.6,021026,000.4,E*56"
7.1467,heen,300,"#174,YAW,-0.23,GYRO,48,138,11,ACC,0,27,203,ADC,1246,383,4,1,"
7.1467,heen,300,MM1 ?FF
7.1467,heen,300,MM0 ?FF
7.1467,heen,300,MM1 FF=0
7.1467,heen,300,MM0 FF=0
7.1807,heen,300,MM0 !M 300 -300
7.1807,heen,300,MM1 !M 300 -300
7.1807,heen,300,MM0 +
7.1807,heen,300,MM1 +
7.1807,heen,300,"#175,YAW,-0.24,GYRO,27,-156,3,ACC,26,5,230,ADC,1262,383,4,2,"
7.1807,heen,300,MM1 ?P
7.1807,heen,300,MM0 ?P
7.1807,heen,300,MM1 P=300:-300
7.1807,heen,300,MM0 P=300:-300
7.1807,heen,300,"#176,YAW,-0.24,GYRO,-80,118,10,ACC,0,1,368,ADC,1244,382,5,1,"
7.1807,heen,300,MM1 ?S
7.2018,heen,300,MM0 ?S
7.2018,heen,300,MM1 S=225:-225
7.2018,heen,300,MM0 S=225:-300
7.2018,heen,300,"#177,YAW,-0.24,GYRO,-36,143,14,ACC,33,-6,117,ADC,1258,381,4,1,"
7.2018,heen,300,MM1 ?T
7.2018,heen,300,MM0 ?T
7.2225,heen,300,MM1 T=35:33
7.2225,heen,300,MM0 T=34:33
7.2225,heen,300,"#178,YAW,-0.24,GYRO,5,-50,-16,ACC,-2,33,223,ADC,1240,394,8,2,"
7.2225,heen,300,MM1 ?V
7.2225,heen,300,MM0 ?V
7.2436,heen,300,MM1 V=120:223:4897
7.2436,heen,300,MM0 V=120:224:4902
7.2436,heen,300,"#179,YAW,-0.24,GYRO,-91,-40,-33,ACC,-10,4,438,ADC,1284,498,5,1,"
7.2436,heen,300,MM1 ?CR
7.2436,heen,300,MM0 ?CR
7.2436,heen,300,MM1 CR=69:-69
7.2798,heen,300,MM0 CR=69:-69
7.2798,heen,300,MM0 !M 300 -300
7.2798,heen,300,MM1 !M 300 -300
7.2798,heen,300,MM0 +
7.2799,heen,300,MM1 +
7.2799,heen,300,"#180,YAW,-0.24,GYRO,-12,146,-48,ACC,-4,3,124,ADC,1253,356,7,2,"
7.2799,heen,300,MM0 ?A
7.2799,heen,300,MM1 ?A
7.2799,heen,300,MM0 A=3:-5
7.2799,heen,300,MM1 A=6:-5
7.2799,heen,300,"#181,YAW,-0.24,GYRO,59,156,-51,ACC,-1,14,162,ADC,1241,502,6,2,"
7.3008,heen,300,MM1 ?AI
7.3008,heen,300,MM0 ?AI
7.3008,heen,300,MM1 AI=0:0:2271:2301:0:0
7.3008,heen,300,MM0 AI=0:0:2351:2361:0:0
7.3008,heen,300,"#182,YAW,-0.24,GYRO,-38,-143,-19,ACC,37,-8,204,ADC,1280,498,5,2,"
7.3008,heen,300,MM1 ?C
7.3216,heen,300,MM0 ?C
7.3216,heen,300,MM0 C=-8:54
7.3216,heen,300,MM1 C=1621:-1655
7.3216,heen,300,"#183,YAW,-0.23,GYRO,-109,204,-23,ACC,-17,12,519,ADC,1237,387,5,1,"
7.3216,heen,300,MM1 ?D
7.3216,heen,300,MM0 ?D
7.3535,heen,300,MM1 D=48
7.3535,heen,300,MM0 D=1
7.3535,heen,300,"$GPRMC,091156.8,A,5050.50185,N,00419.37014,E,000.58,337.6,021026,000.4,E*51"
7.3535,heen,300,"#184,YAW,-0.23,GYRO,64,22,-3,ACC,17,-9,157,ADC,1237,386,7,2,"
7.3535,heen,300,MM1 ?FF
7.3535,heen,300,MM0 ?FF
7.3536,heen,300,MM1 FF=0
7.3888,heen,300,MM0 FF=0
7.3888,heen,300,"#185,YAW,-0.24,GYRO,27,55,17,ACC,19,-26,213,ADC,1251,389,6,1,"
7.3888,heen,300,MM1 ?P
7.3888,heen,300,MM0 ?P
7.3888,heen,300,MM1 P=300:-300
7.3888,heen,300,MM0 P=300:-300
7.3888,heen,300,"#186,YAW,-0.24,GYRO,-53,121,25,ACC,-29,27,442,ADC,1234,380,4,2,"
7.3888,heen,300,MM1 ?S
7.3888,heen,300,MM0 ?S
7.3888,heen,300,MM1 S=300:-225
7.3888,heen,300,MM0 S=225:-300
7.4084,heen,300,"#187,YAW,-0.24,GYRO,69,-128,37,ACC,16,7,71,ADC,1269,502,4,2,"
7.4084,heen,300,MM1 ?T
7.4084,heen,300,MM0 ?T
7.4084,heen,300,MM1 T=35:33
7.4084,heen,300,MM0 T=34:33
7.4294,heen,300,"#188,YAW,-0.24,GYRO,-45,25,-10,ACC,-5,7,193,ADC,1256,393,4,1,"
7.4294,heen,300,MM1 ?V
7.4294,heen,300,MM0 ?V
7.4294,heen,300,MM1 V=120:223:4897
7.4294,heen,300,MM0 V=120:223:4902
7.4528,heen,300,"#189,YAW,-0.24,GYRO,-34,4,-14,ACC,17,22,295,ADC,1262,393,4,2,"
7.4528,heen,300,MM1 ?CR
7.4528,heen,300,MM0 ?CR
7.4528,heen,300,MM1 CR=70:-69
7.4528,heen,300,MM0 CR=70:-69
7.4528,heen,300,MM0 !M 300 -300
7.4528,heen,300,MM1 !M 300 -300
7.4528,heen,300,MM0 +
7.4528,heen,300,MM1 +
7.4875,heen,300,MM1 PING
7.4875,heen,300,MM0 PING
7.4875,heen,300,"#190,YAW,-0.24,GYRO,-70,73,-19,ACC,-36,10,426,ADC,1278,501,6,2,"
7.4875,heen,300,MM1 ?A
7.4875,heen,300,MM0 ?A
7.4875,heen,300,MM1 A=6:-2
7.4875,heen,300,MM0 A=3:-2
7.4875,heen,300,"#191,YAW,-0.24,GYRO,107,174,-30,ACC,1,-31,168,ADC,1245,385,6,2,"
7.4875,heen,300,MM1 ?AI
7.4875,heen,300,MM0 ?AI
7.4875,heen,300,MM1 AI=0:0:2254:2315:0:0
7.4875,heen,300,MM0 AI=0:0:2371:2359:0:0
7.5087,heen,300,"#192,YAW,-0.24,GYRO,3,30,-9,ACC,38,-24,190,ADC,1249,384,6,2,"
7.5087,heen,300,MM1 ?C
7.5087,heen,300,MM0 ?C
7.5087,heen,300,MM0 C=62:-16
7.5088,heen,300,MM1 C=1691:-1724
7.5300,heen,300,"#193,YAW,-0.24,GYRO,-66,137,19,ACC,-33,18,466,ADC,1277,496,4,2,"
7.5300,heen,300,MM1 ?D
7.5300,heen,300,MM0 ?D
7.5300,heen,300,MM1 D=19
7.5300,heen,300,MM0 D=50
7.5300,heen,300,"$GPRMC,091157.0,A,5050.50181,N,00419.37015,E,000.70,337.6,021026,000.4,E*57"
7.5507,heen,300,"#194,YAW,-0.24,GYRO,43,26,11,ACC,28,4,143,ADC,1280,387,5,2,"
7.5507,heen,300,MM1 ?FF
7.5507,heen,300,MM0 ?FF
7.5507,heen,300,MM1 FF=0
7.5507,heen,300,MM0 FF=0
7.5508,heen,300,MM0 !M 300 -300
7.5508,heen,300,MM1 !M 300 -300
7.5508,heen,300,MM0 +
7.5873,heen,300,MM1 +
7.5873,heen,300,MM0 PING
7.5873,heen,300,MM1 PING
7.5873,heen,300,"#195,YAW,-0.25,GYRO,15,102,-9,ACC,7,-15,233,ADC,1247,322,7,1,"
7.5873,heen,300,MM1 ?P
7.5873,heen,300,MM0 ?P
7.5873,heen,300,MM1 P=300:-300
7.5873,heen,300,MM0 P=300:-300
7.5873,heen,300,"#196,YAW,-0.25,GYRO,-136,-28,-16,ACC,-27,14,393,ADC,1238,386,9,2,"
7.5873,heen,300,MM1 ?S
7.5873,heen,300,MM0 ?S
7.5873,heen,300,MM1 S=300:-300
7.5873,heen,300,MM0 S=225:-300
7.6075,heen,300,"#197,YAW,-0.25,GYRO,16,-30,25,ACC,43,-8,165,ADC,1283,496,5,2,"
7.6075,heen,300,MM1 ?T
7.6075,heen,300,MM0 ?T
7.6075,heen,300,MM1 T=35:33
7.6075,heen,300,MM0 T=34:33
7.6287,heen,300,"#198,YAW,-0.25,GYRO,52,162,-7,ACC,3,-15,255,ADC,1228,381,4,2,"
7.6287,heen,300,MM1 ?V
7.6287,heen,300,MM0 ?V
7.6287,heen,300,MM1 V=120:224:4899
7.6288,heen,300,MM0 V=120:223:4903
7.6501,heen,300,"#199,YAW,-0.25,GYRO,-41,10,-20,ACC,-39,-9,313,ADC,1268,392,4,2,"
7.6501,heen,300,MM1 ?CR
7.6501,heen,300,MM0 ?CR
7.6501,heen,300,MM1 CR=70:-69
7.6501,heen,300,MM0 CR=70:-70
7.6859,heen,300,"#200,YAW,-0.25,GYRO,-44,-113,9,ACC,16,20,282,ADC,1232,383,6,1,"
7.6859,heen,300,MM0 ?A
7.6859,heen,300,MM0 A=3:-2
7.6859,heen,300,MM1 ?A
7.6859,heen,300,MM1 A=3:-2
7.6859,heen,300,MM0 !M 300 -300
7.6859,heen,300,MM1 !M 300 -300
7.6859,heen,300,MM0 +
7.6859,heen,300,MM1 +
7.6859,heen,300,MM1 PING
7.6859,heen,300,MM0 PING
7.6859,heen,300,"#201,YAW,-0.25,GYRO,38,161,-17,ACC,16,8,247,ADC,1242,384,5,2,"
7.6859,heen,300,MM1 ?AI
7.6859,heen,300,MM0 ?AI
7.6860,heen,300,MM1 AI=0:0:2281:2278:0:0
7.6860,heen,300,MM0 AI=0:0:2372:2394:0:0
7.7064,heen,300,"#202,YAW,-0.25,GYRO,-5,7,-18,ACC,8,8,176,ADC,1247,499,4,2,"
7.7064,heen,300,MM1 ?C
7.7064,heen,300,MM0 ?C
7.7064,heen,300,MM1 C=1761:-1793
7.7065,heen,300,MM0 C=132:-86
7.7278,heen,300,"#203,YAW,-0.25,GYRO,-98,28,-9,ACC,-7,3,458,ADC,1276,395,4,2,"
7.7278,heen,300,MM1 ?D
7.7278,heen,300,MM0 ?D
7.7278,heen,300,MM1 D=0
7.7278,heen,300,MM0 D=1
7.7492,heen,300,"$GPRMC,091157.2,A,5050.50165,N,00419.37023,E,000.73,165.5,021026,000.4,E*5F"
7.7492,heen,300,"#204,YAW,-0.25,GYRO,51,207,-39,ACC,-14,-10,166,ADC,1235,380,7,2,"
7.7493,heen,300,MM0 ?FF
7.7493,heen,300,MM1 ?FF
7.7493,heen,300,MM0 FF=0
7.7493,heen,300,MM1 FF=0
7.7847,heen,300,MM0 !M 300 -300
7.7847,heen,300,MM1 !M 300 -300
7.7847,heen,300,MM0 +
7.7847,heen,300,MM1 +
7.7847,heen,300,"#205,YAW,-0.25,GYRO,82,11,-30,ACC,19,-33,111,ADC,1261,372,6,2,"
7.7847,heen,300,MM0 PING
7.7847,heen,300,MM1 PING
7.7847,heen,300,MM0 ?P
7.7847,heen,300,MM1 ?P
7.7847,heen,300,MM0 P=300:-300
7.7847,heen,300,MM1 P=300:-300
7.7847,heen,300,MM0 !M 300 -300
7.7847,heen,300,MM1 !M 300 -300
7.7847,heen,300,MM0 +
7.7847,heen,300,MM1 +
7.7847,heen,300,"#206,YAW,-0.25,GYRO,22,178,-38,ACC,-23,-25,371,ADC,1222,380,5,2,"
7.7847,heen,300,MM0 ?S
7.7847,heen,300,MM1 ?S
7.7847,heen,300,MM0 S=225:-225
7.8051,heen,300,MM1 S=300:-300
7.8051,heen,300,"#207,YAW,-0.25,GYRO,-63,-42,-35,ACC,19,21,209,ADC,1263,390,8,1,"
7.8051,heen,300,MM0 ?T
7.8051,heen,300,MM1 ?T
7.8051,heen,300,MM0 T=34:33
7.8051,heen,300,MM1 T=35:33
7.8255,heen,300,"#208,YAW,-0.24,GYRO,33,71,-45,ACC,-6,22,241,ADC,1240,383,7,2,"
7.8255,heen,300,MM0 ?V
7.8255,heen,300,MM1 ?V
7.8255,heen,300,MM0 V=120:225:4903
7.8255,heen,300,MM1 V=120:223:4898
7.8484,heen,300,"#209,YAW,-0.24,GYRO,19,9,0,ACC,58,-2,76,ADC,1263,502,5,2,"
7.8484,heen,300,MM0 ?CR
7.8485,heen,300,MM1 ?CR
7.8485,heen,300,MM0 CR=71:-69
7.8485,heen,300,MM1 CR=70:-70
7.8839,heen,300,"#210,YAW,-0.25,GYRO,113,53,21,ACC,-65,-2,680,ADC,1286,392,5,2,"
7.8839,heen,300,MM0 ?A
7.8839,heen,300,MM1 ?A
7.8839,heen,300,MM0 A=3:-2
7.8839,heen,300,MM1 A=6:-2
7.8839,heen,300,MM0 !M 300 -300
7.8839,heen,300,MM1 !M 300 -300
7.8839,heen,300,MM0 +
7.8839,heen,300,MM1 +
7.8839,heen,300,"#211,YAW,-0.25,GYRO,-17,144,27,ACC,20,17,209,ADC,1285,502,6,2,"
7.8839,heen,300,MM0 ?AI
7.8839,heen,300,MM1 ?AI
7.8839,heen,300,MM0 AI=0:0:2375:2388:0:0
7.9045,heen,300,MM1 AI=0:0:2283:2307:0:0
7.9045,heen,300,"#212,YAW,-0.25,GYRO,-5,-115,25,ACC,60,-18,199,ADC,1231,386,4,2,"
7.9045,heen,300,MM0 ?C
7.9045,heen,300,MM1 ?C
7.9045,heen,300,MM0 C=203:-156
7.9046,heen,300,MM1 C=1831:-1863
7.9255,heen,300,"#213,YAW,-0.24,GYRO,-106,143,-70,ACC,-16,24,314,ADC,1265,397,5,2,"
7.9255,heen,300,MM0 ?D
7.9256,heen,300,MM1 ?D
7.9256,heen,300,MM0 D=49
7.9256,heen,300,MM1 D=50
7.9463,heen,300,"$GPRMC,091157.4,A,5050.50150,N,00419.37029,E,000.75,166.0,021026,000.4,E*55"
7.9463,heen,300,"#214,YAW,-0.24,GYRO,-45,-45,-46,ACC,34,-18,163,ADC,1250,498,4,1,"
7.9463,heen,300,MM0 ?FF
7.9463,heen,300,MM1 ?FF
7.9463,heen,300,MM0 FF=0
7.9463,heen,300,MM1 FF=0
7.9808,heen,300,MM0 !M 300 -300
7.9809,heen,300,MM1 !M 300 -300
7.9809,heen,300,MM0 +
7.9809,heen,300,MM1 +
7.9809,heen,300,"#215,YAW,-0.24,GYRO,-7,54,-34,ACC,-4,-15,282,ADC,1235,304,6,2,"
7.9809,heen,300,MM0 ?P
7.9809,heen,300,MM1 ?P
7.9809,heen,300,MM0 P=300:-300
7.9809,heen,300,MM1 P=300:-300
7.9809,heen,300,"#216,YAW,-0.24,GYRO,225,104,26,ACC,-34,-58,286,ADC,1247,499,4,2,"
7.9809,heen,300,MM0 ?S
8.0015,heen,300,MM1 ?S
8.0015,heen,300,MM1 S=300:-300
8.0015,heen,300,MM0 S=300:-225
8.0015,heen,300,"#217,YAW,-0.24,GYRO,-145,-149,26,ACC,14,54,242,ADC,1276,499,6,2,"
8.0015,heen,300,MM0 ?T
8.0015,heen,300,MM1 ?T
8.0225,heen,300,MM0 T=34:33
8.0225,heen,300,MM1 T=35:33
8.0225,heen,300,"#218,YAW,-0.24,GYRO,121,239,-6,ACC,-1,48,170,ADC,1288,497,9,2,"
8.0225,heen,300,MM0 ?V
8.0225,heen,300,MM1 ?V
8.0437,heen,300,MM0 V=120:218:4903
8.0437,heen,300,MM1 V=120:223:4897
8.0437,heen,300,"#219,YAW,-0.24,GYRO,-9,109,-1,ACC,98,-13,277,ADC,1245,385,6,2,"
8.0437,heen,300,MM0 ?CR
8.0437,heen,300,MM1 ?CR
8.0437,heen,300,MM0 CR=71:-70
8.0965,heen,300,MM1 CR=70:-69
8.0965,heen,300,"#220,YAW,-0.24,GYRO,-96,-119,10,ACC,15,15,247,ADC,1223,382,7,2,"
8.0965,heen,300,MM0 ?A
8.0965,heen,300,MM1 ?A
8.0965,heen,300,MM0 A=3:-2
8.0965,heen,300,MM1 A=6:-2
8.0965,heen,300,"#221,YAW,-0.24,GYRO,-23,-40,-4,ACC,-7,27,176,ADC,1298,500,6,2,"
8.0965,heen,300,MM0 ?AI
8.0965,heen,300,MM1 ?AI
8.0965,heen,300,MM0 AI=0:0:2366:2391:0:0
8.0965,heen,300,MM1 AI=0:0:2285:2283:0:0
8.1126,heen,300,"#222,YAW,-0.24,GYRO,13,152,-36,ACC,26,-8,281,ADC,1240,499,6,1,"
8.1127,heen,300,MM0 ?C
8.1127,heen,300,MM1 ?C
8.1127,heen,300,MM0 C=275:-225
8.1127,heen,300,MM1 C=1901:-1932
8.1333,heen,300,"#223,YAW,-0.24,GYRO,23,24,-24,ACC,-21,-13,362,ADC,1258,502,5,2,"
8.1334,heen,300,MM0 ?D
8.1334,heen,300,MM1 ?D
8.1334,heen,300,MM0 D=16
8.1334,heen,300,MM1 D=16
8.1334,heen,300,"$GPRMC,091157.6,A,5050.50128,N,00419.37034,E,000.77,166.6,021026,000.4,E*50"
8.1557,heen,300,"#224,YAW,-0.24,GYRO,-45,-86,-19,ACC,1,25,137,ADC,1224,383,4,2,"
8.1557,heen,300,MM0 ?FF
8.1557,heen,300,MM1 ?FF
8.1557,heen,300,MM0 FF=0
8.1558,heen,300,MM1 FF=0
8.1558,heen,300,MM0 !M 300 -300
8.1558,heen,300,MM1 !M 300 -300
8.1558,heen,300,MM0 +
8.1558,heen,300,MM1 +
8.1902,heen,300,MM1 PING
8.1903,heen,300,MM0 PING
8.1903,heen,300,"#225,YAW,-0.24,GYRO,-96,51,-41,ACC,1,16,182,ADC,1297,372,5,1,"
8.1903,heen,300,MM0 ?P
8.1903,heen,300,MM1 ?P
8.1903,heen,300,MM0 P=300:-300
8.1903,heen,300,MM1 P=300:-300
8.1903,heen,300,"#226,YAW,-0.24,GYRO,239,272,-22,ACC,27,-47,420,ADC,1248,395,5,1,"
8.1903,heen,300,MM0 ?S
8.1903,heen,300,MM1 ?S
8.1903,heen,300,MM0 S=225:-225
8.1903,heen,300,MM1 S=225:-300
8.2104,heen,300,"#227,YAW,-0.24,GYRO,-327,-313,-15,ACC,-70,37,332,ADC,1270,500,7,1,"
8.2105,heen,300,MM0 ?T
8.2105,heen,300,MM1 ?T
8.2105,heen,300,MM0 T=34:33
8.2105,heen,300,MM1 T=35:33
8.2314,heen,300,"#228,YAW,-0.24,GYRO,159,-219,29,ACC,10,-25,160,ADC,1289,384,6,2,"
8.2314,heen,300,MM0 ?V
8.2314,heen,300,MM1 ?V
8.2314,heen,300,MM0 V=120:222:4904
8.2315,heen,300,MM1 V=120:223:4896
8.2525,heen,300,"#229,YAW,-0.24,GYRO,171,401,67,ACC,18,-12,133,ADC,1235,393,7,2,"
8.2525,heen,300,MM0 ?CR
8.2526,heen,300,MM1 ?CR
8.2526,heen,300,MM0 CR=71:-70
8.2526,heen,300,MM1 CR=71:-70
8.2526,heen,300,MM0 !M 300 -300
8.2865,heen,300,MM1 !M 300 -300
8.2865,heen,300,MM0 +
8.2865,heen,300,MM1 +
8.2865,heen,300,MM0 PING
8.2865,heen,300,MM1 PING
8.2865,heen,300,"#230,YAW,-0.25,GYRO,-275,-229,88,ACC,65,-5,283,ADC,1269,381,4,2,"
8.2865,heen,300,MM0 ?A
8.2865,heen,300,MM1 ?A
8.2865,heen,300,MM0 A=3:-2
8.2866,heen,300,MM1 A=10:-5
8.2866,heen,300,MM0 !M 300 -300
8.2866,heen,300,MM1 !M 300 -300
8.2866,heen,300,MM0 +
8.2866,heen,300,MM1 +
8.2866,heen,300,"#231,YAW,-0.25,GYRO,69,160,19,ACC,-45,26,267,ADC,1227,384,7,2,"
8.2866,heen,300,MM0 ?AI
8.2866,heen,300,MM1 ?AI
8.2866,heen,300,MM0 AI=0:0:2363:2380:0:0
8.2866,heen,300,MM1 AI=0:0:2266:2277:0:0
8.3078,heen,300,"#232,YAW,-0.25,GYRO,85,116,15,ACC,56,-17,114,ADC,1262,383,4,2,"
8.3078,heen,300,MM0 ?C
8.3078,heen,300,MM1 ?C
8.3078,heen,300,MM0 C=345:-295
8.3078,heen,300,MM1 C=1971:-2001
8.3285,heen,300,"#233,YAW,-0.25,GYRO,152,304,-29,ACC,18,-120,385,ADC,1252,500,4,2,"
8.3285,heen,300,MM0 ?D
8.3285,heen,300,MM1 ?D
8.3285,heen,300,MM0 D=35
8.3285,heen,300,MM1 D=3
8.3494,heen,300,"$GPRMC,091157.8,A,5050.50108,N,00419.37037,E,000.80,162.8,021026,000.4,E*5D"
8.3494,heen,300,"#234,YAW,-0.24,GYRO,-163,222,-49,ACC,-28,47,344,ADC,1232,386,5,2,"
8.3494,heen,300,MM0 ?FF
8.3494,heen,300,MM1 ?FF
8.3494,heen,300,MM0 FF=0
8.3494,heen,300,MM1 FF=0
8.3837,heen,300,"#235,YAW,-0.24,GYRO,68,-49,-85,ACC,43,23,132,ADC,1240,392,3,1,"
8.3837,heen,300,MM0 ?P
8.3837,heen,300,MM1 ?P
8.3837,heen,300,MM0 P=300:-300
8.3837,heen,300,MM1 P=300:-300
8.3837,heen,300,MM0 !M 300 -300
8.3837,heen,300,MM1 !M 300 -300
8.3838,heen,300,MM1 +
8.3838,heen,300,MM0 +
8.3838,heen,300,"#236,YAW,-0.24,GYRO,130,298,-23,ACC,-16,-2,211,ADC,1259,498,4,1,"
8.3838,heen,300,MM0 ?S
8.3838,heen,300,MM1 ?S
8.3838,heen,300,MM0 S=225:-300
8.4046,heen,300,MM1 S=225:-300
8.4046,heen,300,"#237,YAW,-0.24,GYRO,-210,-174,8,ACC,-62,50,388,ADC,1216,386,5,1,"
8.4046,heen,300,MM0 ?T
8.4046,heen,300,MM1 ?T
8.4046,heen,300,MM0 T=34:33
8.4046,heen,300,MM1 T=35:33
8.4257,heen,300,"#238,YAW,-0.24,GYRO,138,262,-16,ACC,29,-6,260,ADC,1233,387,6,2,"
8.4257,heen,300,MM0 ?V
8.4257,heen,300,MM1 ?V
8.4257,heen,300,MM0 V=120:223:4903
8.4258,heen,300,MM1 V=120:223:4898
8.4464,heen,300,"#239,YAW,-0.24,GYRO,-54,132,-18,ACC,-2,-4,288,ADC,1250,395,6,1,"
8.4465,heen,300,MM0 ?CR
8.4465,heen,300,MM1 ?CR
8.4465,heen,300,MM0 CR=71:-70
8.4465,heen,300,MM1 CR=69:-69
8.4937,heen,300,"#240,YAW,-0.24,GYRO,-17,-92,8,ACC,-7,1,200,ADC,1247,396,4,2,"
8.4938,heen,300,MM0 ?A
8.4938,heen,300,MM1 ?A
8.4938,heen,300,MM0 A=3:-2
8.4938,heen,300,MM1 A=3:-2
8.4938,heen,300,MM0 !M 300 -300
8.4938,heen,300,MM1 !M 300 -300
8.4938,heen,300,MM0 +
8.4938,heen,300,MM1 +
8.4938,heen,300,"#241,YAW,-0.24,GYRO,-40,-83,0,ACC,-4,2,175,ADC,1262,388,5,2,"
8.4938,heen,300,MM0 ?AI
8.4938,heen,300,MM1 ?AI
8.4938,heen,300,MM0 AI=0:0:2381:2464:0:0
8.4938,heen,300,MM1 AI=0:0:2262:2396:0:0
8.5147,heen,300,"#242,YAW,-0.24,GYRO,-1,294,-35,ACC,4,-10,355,ADC,1277,502,3,2,"
8.5147,heen,300,MM0 ?C
8.5147,heen,300,MM1 ?C
8.5147,heen,300,MM0 C=416:-365
8.5147,heen,300,MM1 C=2041:-2070
8.5357,heen,300,"#243,YAW,-0.24,GYRO,8,-199,4,ACC,-39,-24,293,ADC,1247,385,7,2,"
8.5357,heen,300,MM0 ?D
8.5357,heen,300,MM1 ?D
8.5357,heen,300,MM0 D=17
8.5357,heen,300,MM1 D=49
8.5357,heen,300,"$GPRMC,091158.0,A,5050.50096,N,00419.37043,E,000.83,158.9,021026,000.4,E*54"
8.5565,heen,292,"#244,YAW,-0.24,GYRO,-77,-125,-6,ACC,-45,32,198,ADC,1232,387,5,2,"
8.5566,heen,292,MM0 ?FF
8.5566,heen,292,MM1 ?FF
8.5566,heen,292,MM0 FF=0
8.5566,heen,292,MM1 FF=0
8.5904,heen,292,"#245,YAW,-0.23,GYRO,-323,597,-162,ACC,13,57,276,ADC,1267,391,5,2,"
8.5904,heen,292,MM0 ?P
8.5905,heen,292,MM1 ?P
8.5905,heen,292,MM0 P=300:-300
8.5905,heen,292,MM1 P=300:-300
8.5905,heen,292,MM1 !M 292 -292
8.5905,heen,292,MM0 !M 292 -292
8.5905,heen,292,MM1 +
8.5905,heen,292,MM0 +
8.5905,heen,292,"#246,YAW,-0.22,GYRO,240,254,-147,ACC,20,-19,316,ADC,1224,386,6,2,"
8.5905,heen,292,MM0 ?S
8.5905,heen,292,MM1 ?S
8.5905,heen,292,MM0 S=300:-300
8.5905,heen,292,MM1 S=225:-225
8.6114,heen,292,"#247,YAW,-0.22,GYRO,14,36,-94,ACC,5,-41,174,ADC,1289,501,6,2,"
8.6114,heen,292,MM0 ?T
8.6114,heen,292,MM1 ?T
8.6114,heen,292,MM0 T=34:33
8.6114,heen,292,MM1 T=35:33
8.6326,heen,292,"#248,YAW,-0.22,GYRO,-232,13,-83,ACC,45,10,182,ADC,1277,501,5,1,"
8.6326,heen,292,MM0 ?V
8.6326,heen,292,MM1 ?V
8.6326,heen,292,MM0 V=120:223:4904
8.6327,heen,292,MM1 V=120:222:4899
8.6535,heen,231,"#249,YAW,-0.22,GYRO,25,-116,-18,ACC,-8,6,297,ADC,1267,384,9,2,"
8.6535,heen,231,MM0 ?CR
8.6535,heen,231,MM1 ?CR
8.6535,heen,231,MM0 CR=70:-69
8.6535,heen,231,MM1 CR=71:-67
8.6875,heen,231,"#250,YAW,-0.22,GYRO,8,-174,55,ACC,6,-2,263,ADC,1243,383,4,2,"
8.6875,heen,231,MM0 ?A
8.6875,heen,231,MM1 ?A
8.6875,heen,231,MM0 A=0:-2
8.6875,heen,231,MM1 A=3:-2
8.6875,heen,231,"#251,YAW,-0.22,GYRO,55,-222,88,ACC,8,1,124,ADC,1239,380,8,1,"
8.6876,heen,231,MM0 ?AI
8.6876,heen,231,MM1 ?AI
8.6876,heen,231,MM0 AI=0:0:2383:2384:0:0
8.6876,heen,231,MM1 AI=0:0:2282:2275:0:0
8.7083,heen,231,"#252,YAW,-0.22,GYRO,126,-37,101,ACC,5,18,178,ADC,1266,498,5,1,"
8.7084,heen,231,MM0 ?C
8.7084,heen,231,MM1 ?C
8.7084,heen,231,MM0 C=486:-434
8.7084,heen,231,MM1 C=2112:-2138
8.7297,heen,231,"#253,YAW,-0.23,GYRO,151,373,47,ACC,0,-21,368,ADC,1273,410,5,2,"
8.7297,heen,231,MM1 ?D
8.7297,heen,231,MM0 ?D
8.7297,heen,231,MM1 D=50
8.7297,heen,231,MM0 D=2
8.7297,heen,231,"$GPRMC,091158.2,A,5050.50087,N,00419.37049,E,000.86,154.6,021026,000.4,E*5A"
8.7505,heen,171,"#254,YAW,-0.23,GYRO,-42,110,19,ACC,-27,8,269,ADC,1232,382,6,2,"
8.7505,heen,171,MM0 ?FF
8.7505,heen,171,MM1 ?FF
8.7505,heen,171,MM0 FF=0
8.7505,heen,171,MM1 FF=0
8.7835,heen,171,"#255,YAW,-0.22,GYRO,-55,-232,23,ACC,20,35,165,ADC,1233,377,4,1,"
8.7835,heen,171,MM0 !M 231 -231
8.7835,heen,171,MM0 +
8.7836,heen,171,MM0 PING
8.7836,heen,171,MM1 !M 231 -231
8.7836,heen,171,MM1 +
8.7836,heen,171,MM1 PING
8.7836,heen,171,MM0 ?P
8.7836,heen,171,MM1 ?P
8.7836,heen,171,MM0 P=268:-269
8.7836,heen,171,MM1 P=268:-269
8.7836,heen,171,MM0 !M 171 -171
8.7836,heen,171,MM1 !M 171 -171
8.7836,heen,171,MM0 +
8.7836,heen,171,MM1 +
8.7836,heen,171,"#0,YAW,-0.22,GYRO,-130,-57,3,ACC,-77,26,272,ADC,1240,322,4,2,"
8.7836,heen,171,MM0 ?S
8.7836,heen,171,MM1 ?S
8.7836,heen,171,MM0 S=225:-225
8.7836,heen,171,MM1 S=150:-225
8.8059,heen,171,"#1,YAW,-0.22,GYRO,-35,228,-39,ACC,-55,-43,140,ADC,1210,381,8,2,"
8.8059,heen,171,MM0 ?T
8.8059,heen,171,MM1 ?T
8.8059,heen,171,MM0 T=34:33
8.8059,heen,171,MM1 T=35:33
8.8264,heen,171,"#2,YAW,-0.21,GYRO,-126,-37,-20,ACC,-53,-30,293,ADC,1287,502,5,1,"
8.8264,heen,171,MM0 ?V
8.8264,heen,171,MM1 ?V
8.8264,heen,171,MM0 V=120:225:4902
8.8264,heen,171,MM1 V=120:224:4898
8.8476,heen,171,"#3,YAW,-0.21,GYRO,149,61,-11,ACC,-36,-37,249,ADC,1245,383,5,2,"
8.8476,heen,171,MM0 ?CR
8.8476,heen,171,MM1 ?CR
8.8476,heen,171,MM0 CR=66:-66
8.8476,heen,171,MM1 CR=66:-67
8.8976,heen,111,"#4,YAW,-0.22,GYRO,44,11,41,ACC,-28,1,220,ADC,1263,384,5,2,"
8.8977,heen,111,MM0 ?A
8.8977,heen,111,MM1 ?A
8.8977,heen,111,MM0 A=-9:5
8.8977,heen,111,MM1 A=-4:10
8.8977,heen,111,MM0 !M 111 -111
8.8977,heen,111,MM1 !M 111 -111
8.8977,heen,111,MM0 +
8.8977,heen,111,MM1 +
8.8977,heen,111,"#5,YAW,-0.22,GYRO,46,-128,21,ACC,-45,41,293,ADC,1238,405,5,2,"
8.8977,heen,111,MM0 ?AI
8.8977,heen,111,MM1 ?AI
8.8977,heen,111,MM0 AI=0:0:2355:2385:0:0
8.8977,heen,111,MM1 AI=0:0:2278:2277:0:0
8.9186,heen,111,"#6,YAW,-0.22,GYRO,-35,293,-14,ACC,-63,34,245,ADC,1229,385,5,2,"
8.9187,heen,111,MM0 ?C
8.9187,heen,111,MM1 ?C
8.9187,heen,111,MM0 C=547:-495
8.9187,heen,111,MM1 C=2172:-2199
8.9395,heen,111,"#7,YAW,-0.22,GYRO,-38,160,-17,ACC,-53,24,272,ADC,1231,384,7,2,"
8.9395,heen,111,MM0 ?D
8.9395,heen,111,MM1 ?D
8.9395,heen,111,MM0 D=49
8.9395,heen,111,MM1 D=0
8.9396,heen,111,"$GPRMC,091158.4,A,5050.50077,N,00419.37056,E,000.90,151.4,021026,000.4,E*5D"
8.9605,heen,50,"#8,YAW,-0.22,GYRO,-11,-18,11,ACC,-71,-24,221,ADC,1258,386,4,2,"
8.9606,heen,50,MM0 ?FF
8.9606,heen,50,MM1 ?FF
8.9606,heen,50,MM0 FF=0
8.9606,heen,50,MM1 FF=0
8.9606,heen,50,"#9,YAW,-0.20,GYRO,19,-44,15,ACC,-45,-28,246,ADC,1271,391,6,2,"
8.9606,heen,50,MM0 ?P
8.9970,heen,50,MM1 ?P
8.9970,heen,50,MM0 P=111:-111
8.9970,heen,50,MM1 P=111:-111
8.9970,heen,50,MM0 !M 50 -50
8.9970,heen,50,MM0 +
8.9970,heen,50,MM1 !M 50 -50
8.9970,heen,50,MM1 +
8.9970,heen,50,"#10,YAW,-0.20,GYRO,-7,-53,-6,ACC,-54,12,250,ADC,1241,383,3,2,"
8.9971,heen,50,MM0 ?S
8.9971,heen,50,MM1 ?S
8.9971,heen,50,MM1 S=150:-150
8.9971,heen,50,MM0 S=75:-150
9.0156,heen,50,"#11,YAW,-0.20,GYRO,4,74,-27,ACC,-67,21,252,ADC,1281,500,4,2,"
9.0156,heen,50,MM0 ?T
9.0156,heen,50,MM1 ?T
9.0156,heen,50,MM0 T=34:33
9.0156,heen,50,MM1 T=35:33
9.0365,heen,50,"#12,YAW,-0.20,GYRO,-47,66,-26,ACC,-61,26,270,ADC,1245,497,4,2,"
9.0365,heen,50,MM0 ?V
9.0365,heen,50,MM1 ?V
9.0365,heen,50,MM0 V=120:225:4902
9.0365,heen,50,MM1 V=120:223:4897
9.0576,pauze,0,"#13,YAW,-0.20,GYRO,-16,58,-28,ACC,-44,0,251,ADC,1232,380,7,2,"
9.0576,pauze,0,MM0 ?CR
9.0576,pauze,0,MM1 ?CR
9.0576,pauze,0,MM0 CR=42:-42
9.0576,pauze,0,MM1 CR=41:-40
9.0916,pauze,0,"#14,YAW,-0.20,GYRO,3,37,-22,ACC,-51,-23,247,ADC,1292,501,6,2,"
9.0916,pauze,0,MM0 ?A
9.0916,pauze,0,MM1 ?A
9.0916,pauze,0,MM0 A=-4:0
9.0916,pauze,0,MM1 A=0:0
9.0916,pauze,0,MM1 !M 0 0
9.0916,pauze,0,MM0 !M 0 0
9.0916,pauze,0,MM1 +
9.0916,pauze,0,MM0 +
9.0916,pauze,0,"#15,YAW,-0.20,GYRO,11,98,-10,ACC,-66,-10,233,ADC,1253,395,5,2,"
9.0916,pauze,0,MM0 ?AI
9.0916,pauze,0,MM1 ?AI
9.0917,pauze,0,MM0 AI=0:0:2358:2377:0:0
9.0917,pauze,0,MM1 AI=0:0:2317:2278:0:0
9.1126,pauze,0,"#16,YAW,-0.20,GYRO,6,41,0,ACC,-50,11,277,ADC,1257,492,9,2,"
9.1127,pauze,0,MM0 ?C
9.1127,pauze,0,MM1 ?C
9.1127,pauze,0,MM0 C=579:-527
9.1127,pauze,0,MM1 C=2204:-2230
9.1334,pauze,0,"#17,YAW,-0.20,GYRO,5,-2,8,ACC,-54,24,255,ADC,1252,502,4,2,"
9.1334,pauze,0,MM0 ?D
9.1334,pauze,0,MM1 ?D
9.1334,pauze,0,MM0 D=2
9.1334,pauze,0,MM1 D=3
9.1334,pauze,0,"$GPRMC,091158.6,A,5050.50063,N,00419.37060,E,000.94,151.4,021026,000.4,E*5B"
9.1550,pauze,0,"#18,YAW,-0.20,GYRO,-18,31,1,ACC,-36,13,258,ADC,1242,383,7,2,"
9.1550,pauze,0,MM1 ?FF
9.1550,pauze,0,MM0 ?FF
9.1550,pauze,0,MM1 FF=0
9.1550,pauze,0,MM0 FF=0
9.1915,pauze,0,"#19,YAW,-0.18,GYRO,-18,26,-14,ACC,-44,-6,234,ADC,1237,383,5,2,"
9.1915,pauze,0,MM0 ?P
9.1915,pauze,0,MM1 ?P
9.1917,pauze,0,MM0 P=0:0
9.1917,pauze,0,MM1 P=0:0
9.1917,pauze,0,MM1 !M 0 0PING
9.1917,pauze,0,MM0 !M 0 0PING
9.1917,pauze,0,MM1 +
9.1917,pauze,0,MM0 +
9.1917,pauze,0,MM0 !M 0 0
9.1917,pauze,0,MM1 !M 0 0
9.1917,pauze,0,MM0 +
9.1917,pauze,0,MM1 +
9.1918,pauze,0,"#20,YAW,-0.18,GYRO,-6,-6,-16,ACC,-27,-8,263,ADC,1251,386,5,2,"
9.1918,pauze,0,MM0 ?S
9.1918,pauze,0,MM1 ?S
9.1918,pauze,0,MM1 S=75:0
9.1918,pauze,0,MM0 S=0:0
9.2093,pauze,0,"#21,YAW,-0.18,GYRO,-16,67,-25,ACC,-36,2,263,ADC,1243,396,4,2,"
9.2093,pauze,0,MM0 ?T
9.2093,pauze,0,MM1 ?T
9.2093,pauze,0,MM0 T=34:33
9.2093,pauze,0,MM1 T=35:33
9.2304,pauze,0,"#22,YAW,-0.18,GYRO,0,29,-16,ACC,-9,9,254,ADC,1271,496,4,2,"
9.2304,pauze,0,MM0 ?V
9.2304,pauze,0,MM1 ?V
9.2304,pauze,0,MM0 V=120:223:4903
9.2304,pauze,0,MM1 V=120:223:4898
9.2514,pauze,0,"#23,YAW,-0.18,GYRO,-17,2,-10,ACC,-6,8,247,ADC,1258,388,4,2,"
9.2514,pauze,0,MM0 ?CR
9.2514,pauze,0,MM1 ?CR
9.2514,pauze,0,MM0 CR=12:-12
9.2514,pauze,0,MM1 CR=12:-12
9.2867,pauze,0,"#24,YAW,-0.18,GYRO,-6,69,-7,ACC,-19,1,260,ADC,1240,399,5,2,"
9.2868,pauze,0,MM0 ?A
9.2868,pauze,0,MM1 ?A
9.2868,pauze,0,MM0 A=0:0
9.2868,pauze,0,MM1 A=0:0
9.2868,pauze,0,"#25,YAW,-0.18,GYRO,-12,38,-6,ACC,-14,-5,255,ADC,1273,500,4,2,"
9.2868,pauze,0,MM0 ?AI
9.2868,pauze,0,MM1 ?AI
9.2868,pauze,0,MM0 AI=0:0:2367:2370:0:0
9.2868,pauze,0,MM1 AI=0:0:2287:2283:0:0
9.2868,pauze,0,MM1 !M 0 0
9.3075,pauze,0,MM0 !M 0 0
9.3075,pauze,0,MM1 +
9.3076,pauze,0,MM0 +
9.3076,pauze,0,"#26,YAW,-0.18,GYRO,-10,30,-3,ACC,-15,1,257,ADC,1240,420,5,1,"
9.3076,pauze,0,MM0 ?C
9.3076,pauze,0,MM1 ?C
9.3076,pauze,0,MM0 C=585:-534
9.3076,pauze,0,MM1 C=2210:-2236
9.3314,pauze,0,"#27,YAW,-0.18,GYRO,-5,38,-11,ACC,-1,4,262,ADC,1276,380,6,2,"
9.3314,pauze,0,MM0 ?D
9.3314,pauze,0,MM1 ?D
9.3314,pauze,0,MM0 D=34
9.3314,pauze,0,MM1 D=3
9.3497,pauze,0,"$GPRMC,091158.8,A,5050.50052,N,00419.37064,E,000.97,151.2,021026,000.4,E*56"
9.3497,pauze,0,"#28,YAW,-0.18,GYRO,-9,38,-14,ACC,0,4,252,ADC,1237,494,5,1,"
9.3497,pauze,0,MM0 ?FF
9.3498,pauze,0,MM1 ?FF
9.3498,pauze,0,MM0 FF=0
9.3498,pauze,0,MM1 FF=0
9.4009,pauze,0,"#29,YAW,-0.17,GYRO,-7,42,-12,ACC,2,1,251,ADC,1226,387,7,2,"
9.4010,pauze,0,MM0 ?P
9.4010,pauze,0,MM1 ?P
9.4010,pauze,0,MM0 P=0:0
9.4010,pauze,0,MM1 P=0:0
9.4010,pauze,0,MM0 !M 0 0
9.4010,pauze,0,MM1 !M 0 0
9.4010,pauze,0,MM0 +
9.4010,pauze,0,MM1 +
9.4010,pauze,0,"#30,YAW,-0.17,GYRO,-10,38,-10,ACC,7,-1,259,ADC,1268,377,4,2,"
9.4010,pauze,0,MM0 ?S
9.4010,pauze,0,MM1 ?S
9.4010,pauze,0,MM0 S=0:0
9.4010,pauze,0,MM1 S=0:0
9.4010,pauze,0,"#31,YAW,-0.17,GYRO,-5,44,-5,ACC,1,2,259,ADC,1280,500,5,2,"
9.4010,pauze,0,MM0 ?T
9.4010,pauze,0,MM1 ?T
9.4216,pauze,0,MM0 T=34:33
9.4217,pauze,0,MM1 T=35:33
9.4217,pauze,0,"#32,YAW,-0.16,GYRO,-6,44,-4,ACC,2,5,257,ADC,1265,407,5,2,"
9.4217,pauze,0,MM0 ?V
9.4217,pauze,0,MM1 ?V
9.4426,pauze,0,MM0 V=120:223:4904
9.4426,pauze,0,MM1 V=120:223:4898
9.4426,pauze,0,"#33,YAW,-0.16,GYRO,-7,39,-5,ACC,2,4,258,ADC,1218,384,5,2,"
9.4426,pauze,0,MM1 ?CR
9.4426,pauze,0,MM0 ?CR
9.4426,pauze,0,MM0 CR=0:-1
9.4636,pauze,0,MM1 CR=0:0
9.4636,pauze,0,"#34,YAW,-0.16,GYRO,-8,43,-8,ACC,4,1,256,ADC,1280,500,5,2,"
9.4636,pauze,0,MM0 ?A
9.4636,pauze,0,MM1 ?A
9.4636,pauze,0,MM0 A=0:0
9.4636,pauze,0,MM1 A=0:0
9.4984,pauze,0,MM0 !M 0 0
9.4984,pauze,0,MM1 !M 0 0
9.4984,pauze,0,MM0 +
9.4984,pauze,0,MM1 +
9.4984,pauze,0,"#35,YAW,-0.16,GYRO,-9,39,-11,ACC,4,2,257,ADC,1223,382,4,1,"
9.4985,pauze,0,MM1 ?AI
9.4985,pauze,0,MM0 ?AI
9.4985,pauze,0,MM1 AI=0:0:2266:2318:0:0
9.4985,pauze,0,MM0 AI=0:0:2374:2386:0:0
9.5185,pauze,0,"#36,YAW,-0.16,GYRO,-6,42,-12,ACC,2,3,257,ADC,1240,390,5,2,"
9.5186,pauze,0,MM0 ?C
9.5186,pauze,0,MM1 ?C
9.5186,pauze,0,MM0 C=585:-534
9.5186,pauze,0,MM1 C=2210:-2236
9.5397,pauze,0,"#37,YAW,-0.16,GYRO,-8,41,-7,ACC,5,5,254,ADC,1254,383,5,2,"
9.5397,pauze,0,MM1 ?D
9.5397,pauze,0,MM0 ?D
9.5397,pauze,0,MM0 D=34
9.5397,pauze,0,MM1 D=3
9.5397,pauze,0,"$GPRMC,091159.0,A,5050.50029,N,00419.37071,E,000.99,152.1,021026,000.4,E*59"
9.5397,pauze,0,"#38,YAW,-0.16,GYRO,-7,43,-7,ACC,7,1,258,ADC,1236,390,6,2,"
9.5605,pauze,0,MM1 ?FF
9.5605,pauze,0,MM0 ?FF
9.5605,pauze,0,MM1 FF=0
9.5605,pauze,0,MM0 FF=0
9.5605,pauze,0,"#39,YAW,-0.15,GYRO,-8,42,-7,ACC,3,1,260,ADC,1284,395,4,2,"
9.5605,pauze,0,MM1 ?P
9.5605,pauze,0,MM0 ?P
9.5946,pauze,0,MM1 P=0:0
9.5946,pauze,0,MM0 P=0:0
9.5946,pauze,0,MM0 !M 0 0
9.5946,pauze,0,MM1 !M 0 0
9.5946,pauze,0,MM0 +
9.5946,pauze,0,MM1 +
9.5946,pauze,0,"#40,YAW,-0.15,GYRO,-8,40,-8,ACC,5,3,256,ADC,1287,388,5,2,"
9.5946,pauze,0,MM1 ?S
9.5946,pauze,0,MM0 ?S
9.5946,pauze,0,MM1 S=0:0
9.5946,pauze,0,MM0 S=0:0
9.6156,pauze,0,"#41,YAW,-0.15,GYRO,-7,43,-12,ACC,4,2,255,ADC,1265,384,8,1,"
9.6156,pauze,0,MM1 ?T
9.6156,pauze,0,MM0 ?T
9.6156,pauze,0,MM1 T=35:33
9.6156,pauze,0,MM0 T=34:33
9.6365,pauze,0,"#42,YAW,-0.15,GYRO,-7,43,-12,ACC,3,4,258,ADC,1236,501,4,2,"
9.6365,pauze,0,MM1 ?V
9.6365,pauze,0,MM0 ?V
9.6365,pauze,0,MM1 V=120:223:4900
9.6365,pauze,0,MM0 V=120:224:4903
9.6567,pauze,0,"#43,YAW,-0.15,GYRO,-6,43,-11,ACC,1,2,257,ADC,1272,391,7,2,"
9.6567,pauze,0,MM0 ?CR
9.6567,pauze,0,MM1 ?CR
9.6567,pauze,0,MM0 CR=0:0
9.6567,pauze,0,MM1 CR=0:0
9.6918,pauze,0,"#44,YAW,-0.15,GYRO,-8,42,-7,ACC,3,1,253,ADC,1247,388,5,2,"
9.6918,pauze,0,MM0 ?A
9.6918,pauze,0,MM1 ?A
9.6918,pauze,0,MM0 A=0:0
9.6918,pauze,0,MM1 A=0:0
9.6918,pauze,0,MM0 !M 0 0
9.6918,pauze,0,MM1 !M 0 0
9.6918,pauze,0,MM0 +
9.6918,pauze,0,MM1 +
9.6918,pauze,0,"#45,YAW,-0.15,GYRO,-7,40,-6,ACC,5,3,257,ADC,1255,386,6,2,"
9.6918,pauze,0,MM0 ?AI
9.6918,pauze,0,MM1 ?AI
9.6918,pauze,0,MM0 AI=0:0:2381:2376:0:0
9.6918,pauze,0,MM1 AI=0:0:2286:2305:0:0
9.7113,pauze,0,"#46,YAW,-0.15,GYRO,-9,42,-8,ACC,3,3,256,ADC,1226,381,5,2,"
9.7113,pauze,0,MM0 ?C
9.7113,pauze,0,MM1 ?C
9.7113,pauze,0,MM0 C=585:-534
9.7113,pauze,0,MM1 C=2210:-2236
9.7327,pauze,0,"#47,YAW,-0.15,GYRO,-6,43,-12,ACC,3,1,251,ADC,1278,394,4,2,"
9.7327,pauze,0,MM1 ?D
9.7328,pauze,0,MM0 ?D
9.7328,pauze,0,MM0 D=34
9.7328,pauze,0,MM1 D=3
9.7328,pauze,0,"$GPRMC,091159.2,A,5050.50000,N,00419.37080,E,001.02,151.9,021026,000.4,E*56"
9.7535,pauze,0,"#48,YAW,-0.15,GYRO,-8,42,-11,ACC,5,1,257,ADC,1265,502,4,2,"
9.7535,pauze,0,MM0 ?FF
9.7535,pauze,0,MM1 ?FF
9.7535,pauze,0,MM0 FF=0
9.7535,pauze,0,MM1 FF=0
9.8027,pauze,0,"#49,YAW,-0.13,GYRO,-7,43,-11,ACC,4,1,255,ADC,1266,399,4,2,"
9.8027,pauze,0,MM0 ?P
9.8027,pauze,0,MM1 ?P
9.8027,pauze,0,MM0 P=0:0
9.8027,pauze,0,MM1 P=0:0
9.8027,pauze,0,MM1 !M 0 0
9.8027,pauze,0,MM0 !M 0 0
9.8027,pauze,0,MM0 +
9.8027,pauze,0,MM1 +
9.8027,pauze,0,"#50,YAW,-0.13,GYRO,-8,42,-8,ACC,1,5,252,ADC,1256,368,3,1,"
9.8027,pauze,0,MM0 ?S
9.8027,pauze,0,MM1 ?S
9.8027,pauze,0,MM0 S=0:0
9.8027,pauze,0,MM1 S=0:0
9.8027,pauze,0,"#51,YAW,-0.13,GYRO,-8,44,-9,ACC,5,1,254,ADC,1226,388,5,1,"
9.8027,pauze,0,MM1 ?T
9.8027,pauze,0,MM0 ?T
9.8027,pauze,0,MM0 T=34:33
9.8235,pauze,0,MM1 T=35:33
9.8235,pauze,0,"#52,YAW,-0.13,GYRO,-9,43,-7,ACC,3,2,255,ADC,1287,497,7,2,"
9.8235,pauze,0,MM1 ?V
9.8235,pauze,0,MM0 ?V
9.8235,pauze,0,MM1 V=120:224:4898
9.8448,pauze,0,MM0 V=120:223:4902
9.8448,pauze,0,"#53,YAW,-0.13,GYRO,-7,45,-10,ACC,1,0,254,ADC,1269,500,6,2,"
9.8448,pauze,0,MM1 ?CR
9.8448,pauze,0,MM0 ?CR
9.8448,pauze,0,MM1 CR=0:0
9.8448,pauze,0,MM0 CR=0:0
9.8653,pauze,0,"#54,YAW,-0.13,GYRO,-8,41,-10,ACC,2,4,252,ADC,1255,389,5,2,"
9.8653,pauze,0,MM0 ?A
9.8653,pauze,0,MM1 ?A
9.8653,pauze,0,MM1 A=0:0
9.8653,pauze,0,MM0 A=0:0
9.8997,pauze,0,MM1 !M 0 0
9.8997,pauze,0,MM0 !M 0 0
9.8997,pauze,0,MM1 +
9.8997,pauze,0,MM0 +
9.8997,pauze,0,"#55,YAW,-0.13,GYRO,-8,43,-10,ACC,5,5,258,ADC,1288,399,5,1,"
9.8997,pauze,0,MM0 ?AI
9.8997,pauze,0,MM1 ?AI
9.8997,pauze,0,MM0 AI=0:0:2366:2377:0:0
9.8997,pauze,0,MM1 AI=0:0:2276:2341:0:0
9.8997,pauze,0,"#56,YAW,-0.13,GYRO,-7,43,-8,ACC,4,2,255,ADC,1255,389,4,2,"
9.9205,pauze,0,MM0 ?C
9.9205,pauze,0,MM1 ?C
9.9205,pauze,0,MM0 C=585:-534
9.9205,pauze,0,MM1 C=2210:-2236
9.9205,pauze,0,"#57,YAW,-0.13,GYRO,-7,42,-8,ACC,2,5,253,ADC,1300,500,7,2,"
9.9205,pauze,0,MM1 ?D
9.9205,pauze,0,MM0 ?D
9.9415,pauze,0,MM0 D=34
9.9415,pauze,0,MM1 D=3
9.9415,pauze,0,"$GPRMC,091159.4,A,5050.49967,N,00419.37083,E,001.04,155.4,021026,000.4,E*5C"
9.9416,pauze,0,"#58,YAW,-0.13,GYRO,-8,44,-7,ACC,4,1,256,ADC,1249,383,6,2,"
9.9416,pauze,0,MM0 ?FF
9.9416,pauze,0,MM1 ?FF
9.9624,pauze,0,MM0 FF=0
9.9624,pauze,0,MM1 FF=0
9.9625,pauze,0,"#59,YAW,-0.11,GYRO,-7,44,-8,ACC,1,5,262,ADC,1281,500,5,2,"
9.9625,pauze,0,MM0 ?P
9.9625,pauze,0,MM1 ?P
9.9625,pauze,0,MM0 P=0:0
9.9625,pauze,0,MM1 P=0:0
9.9967,pauze,0,MM0 !M 0 0
9.9967,pauze,0,MM1 !M 0 0
9.9967,pauze,0,MM0 +
9.9967,pauze,0,MM1 +
9.9967,pauze,0,"#60,YAW,-0.11,GYRO,-7,43,-8,ACC,3,2,255,ADC,1240,393,4,2,"
9.9967,pauze,0,MM1 ?S
9.9967,pauze,0,MM0 ?S
9.9967,pauze,0,MM1 S=0:0
9.9967,pauze,0,MM0 S=0:0
10.0175,pauze,0,"#61,YAW,-0.11,GYRO,-7,43,-10,ACC,2,2,253,ADC,1287,385,7,2,"
10.0175,pauze,0,MM1 ?T
10.0175,pauze,0,MM0 ?T
10.0175,pauze,0,MM1 T=35:33
10.0175,pauze,0,MM0 T=34:33
10.0385,pauze,0,"#62,YAW,-0.11,GYRO,-7,40,-10,ACC,2,2,253,ADC,1260,386,4,1,"
10.0385,pauze,0,MM1 ?V
10.0385,pauze,0,MM0 ?V
10.0385,pauze,0,MM1 V=120:224:4899
10.0385,pauze,0,MM0 V=120:223:4902
10.0599,pauze,0,"#63,YAW,-0.11,GYRO,-7,41,-8,ACC,0,2,249,ADC,1243,396,5,2,"
10.0599,pauze,0,MM1 ?CR
10.0599,pauze,0,MM0 ?CR
10.0599,pauze,0,MM1 CR=0:0
10.0599,pauze,0,MM0 CR=0:0
10.0599,pauze,0,"#64,YAW,-0.11,GYRO,-8,44,-8,ACC,3,2,254,ADC,1239,500,4,2,"
10.0936,pauze,0,MM1 ?A
10.0936,pauze,0,MM0 ?A
10.0936,pauze,0,MM1 A=0:0
10.0936,pauze,0,MM0 A=0:0
10.0936,pauze,0,MM0 !M 0 0
10.0936,pauze,0,MM1 !M 0 0
10.0936,pauze,0,MM0 +
10.0936,pauze,0,MM1 +
10.0936,pauze,0,"#65,YAW,-0.11,GYRO,-7,41,-7,ACC,2,2,255,ADC,1258,392,4,2,"
10.0936,pauze,0,MM1 ?AI
10.0936,pauze,0,MM0 ?AI
10.0936,pauze,0,MM1 AI=0:0:2271:2327:0:0
10.0937,pauze,0,MM0 AI=0:0:2372:2371:0:0
10.1145,pauze,0,"#66,YAW,-0.11,GYRO,-8,42,-9,ACC,-2,3,253,ADC,1248,502,6,2,"
10.1145,pauze,0,MM1 ?C
10.1145,pauze,0,MM0 ?C
10.1145,pauze,0,MM0 C=585:-534
10.1146,pauze,0,MM1 C=2210:-2236
10.1357,pauze,0,"#67,YAW,-0.11,GYRO,-7,43,-9,ACC,2,3,256,ADC,1289,502,6,2,"
10.1357,pauze,0,MM1 ?D
10.1357,pauze,0,MM0 ?D
10.1357,pauze,0,MM0 D=34
10.1357,pauze,0,MM1 D=3
10.1357,pauze,0,"$GPRMC,091159.6,A,5050.49922,N,00419.37073,E,001.08,161.8,021026,000.4,E*57"
10.1566,pauze,0,"#68,YAW,-0.11,GYRO,-7,42,-9,ACC,1,4,256,ADC,1249,501,5,2,"
10.1566,pauze,0,MM0 ?FF
10.1566,pauze,0,MM1 ?FF
10.1566,pauze,0,MM0 FF=0
10.1567,pauze,0,MM1 FF=0
10.2048,pauze,0,"#69,YAW,-0.10,GYRO,-6,42,-9,ACC,2,2,260,ADC,1277,501,5,2,"
10.2049,pauze,0,MM1 ?P
10.2049,pauze,0,MM0 ?P
10.2049,pauze,0,MM1 P=0:0
10.2049,pauze,0,MM0 P=0:0
10.2049,pauze,0,"#70,YAW,-0.10,GYRO,-8,43,-9,ACC,1,1,255,ADC,1240,381,5,2,"
10.2049,pauze,0,MM0 ?S
10.2049,pauze,0,MM1 ?S
10.2049,pauze,0,MM0 S=0:0
10.2049,pauze,0,MM1 S=0:0
10.2049,pauze,0,MM0 !M 0 0
10.2049,pauze,0,MM1 !M 0 0
10.2049,pauze,0,MM0 +
10.2049,pauze,0,MM1 +
10.2049,pauze,0,"#71,YAW,-0.10,GYRO,-8,42,-8,ACC,3,0,255,ADC,1219,383,4,1,"
10.2049,pauze,0,MM0 ?T
10.2049,pauze,0,MM1 ?T
10.2049,pauze,0,MM1 T=35:33
10.2049,pauze,0,MM0 T=34:33
10.2254,pauze,0,"#72,YAW,-0.10,GYRO,-9,42,-8,ACC,0,2,269,ADC,1221,380,4,1,"
10.2254,pauze,0,MM0 ?V
10.2254,pauze,0,MM1 ?V
10.2254,pauze,0,MM0 V=120:223:4904
10.2255,pauze,0,MM1 V=120:223:4898
10.2464,pauze,0,"#73,YAW,-0.10,GYRO,-7,42,-9,ACC,0,3,248,ADC,1219,499,4,2,"
10.2464,pauze,0,MM0 ?CR
10.2464,pauze,0,MM1 ?CR
10.2464,pauze,0,MM0 CR=0:0
10.2464,pauze,0,MM1 CR=0:0
10.2677,pauze,0,"#74,YAW,-0.10,GYRO,-7,43,-10,ACC,1,4,258,ADC,1284,500,5,1,"
10.2677,pauze,0,MM0 ?A
10.2677,pauze,0,MM1 ?A
10.2677,pauze,0,MM0 A=0:0
10.2677,pauze,0,MM1 A=0:0
10.3017,pauze,0,MM0 !M 0 0
10.3017,pauze,0,MM1 !M 0 0
10.3017,pauze,0,MM0 +
10.3017,pauze,0,MM1 +
10.3017,pauze,0,"#75,YAW,-0.10,GYRO,-7,41,-10,ACC,0,2,250,ADC,1243,369,8,1,"
10.3017,pauze,0,MM0 ?AI
10.3018,pauze,0,MM1 ?AI
10.3018,pauze,0,MM0 AI=0:0:2372:2371:0:0
10.3018,pauze,0,MM1 AI=0:0:2289:2319:0:0
10.3018,pauze,0,"#76,YAW,-0.10,GYRO,-8,41,-9,ACC,2,2,253,ADC,1264,391,8,1,"
10.3018,pauze,0,MM0 ?C
10.3018,pauze,0,MM1 ?C
10.3225,pauze,0,MM0 C=585:-534
10.3225,pauze,0,MM1 C=2210:-2236
10.3225,pauze,0,"#77,YAW,-0.10,GYRO,-7,41,-9,ACC,1,2,255,ADC,1224,386,5,2,"
10.3225,pauze,0,MM0 ?D
10.3225,pauze,0,MM1 ?D
10.3225,pauze,0,MM0 D=34
10.3225,pauze,0,MM1 D=3
10.3433,pauze,0,"$GPRMC,091159.8,A,5050.49872,N,00419.37066,E,001.13,165.5,021026,000.4,E*5A"
10.3434,pauze,0,"#78,YAW,-0.10,GYRO,-8,41,-9,ACC,1,2,257,ADC,1220,390,5,2,"
10.3434,pauze,0,MM0 ?FF
10.3434,pauze,0,MM1 ?FF
10.3434,pauze,0,MM0 FF=0
10.3434,pauze,0,MM1 FF=0
10.3645,pauze,0,"#79,YAW,-0.09,GYRO,-7,40,-11,ACC,0,2,259,ADC,1251,503,6,2,"
10.3646,pauze,0,MM0 ?P
10.3646,pauze,0,MM1 ?P
10.3646,pauze,0,MM0 P=0:0
10.3646,pauze,0,MM1 P=0:0
10.3985,pauze,0,MM0 !M 0 0
10.3985,pauze,0,MM1 !M 0 0
10.3985,pauze,0,MM0 +
10.3985,pauze,0,MM1 +
10.3985,pauze,0,"#80,YAW,-0.09,GYRO,-7,41,-8,ACC,2,2,255,ADC,1213,380,6,2,"
10.3985,pauze,0,MM0 ?S
10.3985,pauze,0,MM1 ?S
10.3985,pauze,0,MM0 S=0:0
10.3985,pauze,0,MM1 S=0:0
10.4196,pauze,0,"#81,YAW,-0.09,GYRO,-5,43,-9,ACC,2,2,256,ADC,1295,502,5,2,"
10.4196,pauze,0,MM0 ?T
10.4196,pauze,0,MM1 ?T
10.4196,pauze,0,MM0 T=34:33
10.4196,pauze,0,MM1 T=35:33
10.4196,pauze,0,"#82,YAW,-0.09,GYRO,-8,43,-9,ACC,2,5,259,ADC,1220,387,4,1,"
10.4406,pauze,0,MM0 ?V
10.4406,pauze,0,MM1 ?V
10.4406,pauze,0,MM0 V=120:224:4902
10.4406,pauze,0,MM1 V=120:223:4898
10.4406,pauze,0,"#83,YAW,-0.09,GYRO,-8,44,-8,ACC,2,3,256,ADC,1264,385,6,2,"
10.4406,pauze,0,MM0 ?CR
10.4703,pauze,0,MM1 ?CR
10.4703,pauze,0,MM0 CR=0:0
10.4703,pauze,0,MM1 CR=0:0
10.4703,pauze,0,"#84,YAW,-0.09,GYRO,-7,43,-9,ACC,2,2,259,ADC,1259,385,5,2,"
10.4703,pauze,0,MM0 ?A
10.4703,pauze,0,MM1 ?A
10.4703,pauze,0,MM0 A=0:0
10.4825,pauze,0,MM1 A=0:0
10.4825,pauze,0,"#85,YAW,-0.09,GYRO,-7,44,-10,ACC,5,4,254,ADC,1277,499,4,1,"
10.4825,pauze,0,MM0 ?AI
10.4825,pauze,0,MM1 ?AI
10.5038,pauze,0,MM0 AI=0:0:2366:2375:0:0
10.5038,pauze,0,MM1 AI=0:0:2291:2269:0:0
10.5038,pauze,0,MM0 !M 0 0
10.5038,pauze,0,MM1 !M 0 0
10.5038,pauze,0,MM0 +
10.5038,pauze,0,MM1 +
10.5038,pauze,0,"#86,YAW,-0.09,GYRO,-8,42,-9,ACC,1,1,257,ADC,1302,501,7,2,"
10.5038,pauze,0,MM0 ?C
10.5038,pauze,0,MM1 ?C
10.5038,pauze,0,MM0 C=585:-534
10.5038,pauze,0,MM1 C=2210:-2236
10.5246,pauze,0,"#87,YAW,-0.09,GYRO,-6,43,-9,ACC,3,3,258,ADC,1274,502,5,2,"
10.5247,pauze,0,MM0 ?D
10.5247,pauze,0,MM1 ?D
10.5247,pauze,0,MM0 D=34
10.5247,pauze,0,MM1 D=3
10.5459,pauze,0,"$GPRMC,091200.0,A,5050.49806,N,00419.37057,E,001.34,170.0,021026,000.4,E*58"
10.5460,pauze,0,"#88,YAW,-0.09,GYRO,-8,42,-9,ACC,0,4,257,ADC,1252,499,4,2,"
10.5460,pauze,0,MM0 ?FF
10.5460,pauze,0,MM1 ?FF
10.5460,pauze,0,MM0 FF=0
10.5460,pauze,0,MM1 FF=0
10.5663,pauze,0,"#89,YAW,-0.08,GYRO,-8,42,-9,ACC,0,1,255,ADC,1186,380,5,2,"
10.5663,pauze,0,MM0 ?P
10.5663,pauze,0,MM1 ?P
10.5664,pauze,0,MM0 P=0:0
10.5664,pauze,0,MM1 P=0:0
10.6006,pauze,0,MM1 !M 0 0
10.6007,pauze,0,MM0 !M 0 0
10.6007,pauze,0,MM1 +
10.6007,pauze,0,MM0 +
10.6007,pauze,0,"#90,YAW,-0.08,GYRO,-9,44,-10,ACC,2,3,256,ADC,1277,323,4,2,"
10.6007,pauze,0,MM0 ?S
10.6007,pauze,0,MM1 ?S
10.6007,pauze,0,MM0 S=0:0
10.6007,pauze,0,MM1 S=0:0
10.6007,pauze,0,"#91,YAW,-0.08,GYRO,-8,44,-9,ACC,-3,4,254,ADC,1230,498,7,2,"
10.6007,pauze,0,MM0 ?T
10.6242,pauze,0,MM1 ?T
10.6243,pauze,0,MM0 T=34:33
10.6243,pauze,0,MM1 T=35:33
10.6243,pauze,0,"#92,YAW,-0.08,GYRO,-7,44,-9,ACC,2,3,253,ADC,1279,497,6,2,"
10.6243,pauze,0,MM0 ?V
10.6243,pauze,0,MM1 ?V
10.6503,pauze,0,MM0 V=120:223:4904
10.6503,pauze,0,MM1 V=120:223:4897
10.6503,pauze,0,"#93,YAW,-0.08,GYRO,-5,42,-8,ACC,3,4,257,ADC,1261,388,6,1,"
10.6503,pauze,0,MM0 ?CR
10.6503,pauze,0,MM1 ?CR
10.6503,pauze,0,MM0 CR=0:0
10.6635,pauze,0,MM1 CR=0:0
10.6635,pauze,0,"#94,YAW,-0.08,GYRO,-8,43,-9,ACC,1,3,255,ADC,1272,389,4,2,"
10.6635,pauze,0,MM0 ?A
10.6635,pauze,0,MM1 ?A
10.6635,pauze,0,MM0 A=0:0
10.6635,pauze,0,MM1 A=0:0
10.6975,pauze,0,MM0 !M 0 0
10.6976,pauze,0,MM1 !M 0 0
10.6976,pauze,0,MM0 +
10.6976,pauze,0,MM1 +
10.6976,pauze,0,"#95,YAW,-0.08,GYRO,-8,41,-8,ACC,3,3,254,ADC,1266,391,5,2,"
10.6976,pauze,0,MM0 ?AI
10.6976,pauze,0,MM1 ?AI
10.6976,pauze,0,MM0 AI=0:0:2365:2386:0:0
10.6977,pauze,0,MM1 AI=0:0:2273:2312:0:0
10.7184,pauze,0,"#96,YAW,-0.08,GYRO,-7,44,-9,ACC,2,3,253,ADC,1228,384,6,2,"
10.7185,pauze,0,MM0 ?C
10.7185,pauze,0,MM1 ?C
10.7185,pauze,0,MM0 C=585:-534
10.7185,pauze,0,MM1 C=2210:-2236
10.7396,pauze,0,"#97,YAW,-0.08,GYRO,-6,43,-7,ACC,2,5,257,ADC,1244,382,5,1,"
10.7396,pauze,0,MM0 ?D
10.7396,pauze,0,MM1 ?D
10.7396,pauze,0,MM0 D=34
10.7396,pauze,0,MM1 D=3
10.7396,pauze,0,"$GPRMC,091200.2,A,5050.49756,N,00419.37054,E,001.38,171.8,021026,000.4,E*56"
10.7606,pauze,0,"#98,YAW,-0.08,GYRO,-8,42,-9,ACC,4,5,254,ADC,1263,397,5,2,"
10.7607,pauze,0,MM0 ?FF
10.7607,pauze,0,MM1 ?FF
10.7607,pauze,0,MM0 FF=0
10.7607,pauze,0,MM1 FF=0
10.7607,pauze,0,"#99,YAW,-0.08,GYRO,-9,42,-10,ACC,4,2,253,ADC,1291,500,4,2,"
10.7607,pauze,0,MM0 ?P
10.8083,pauze,0,MM1 ?P
10.8083,pauze,0,MM0 P=0:0
10.8083,pauze,0,MM1 P=0:0
10.8083,pauze,0,"#100,YAW,-0.08,GYRO,-8,42,-10,ACC,2,2,258,ADC,1262,498,4,2,"
10.8083,pauze,0,MM0 ?S
10.8083,pauze,0,MM1 ?S
10.8083,pauze,0,MM0 S=0:0
10.8083,pauze,0,MM1 S=0:0
10.8083,pauze,0,MM1 !M 0 0
10.8083,pauze,0,MM0 !M 0 0
10.8083,pauze,0,MM1 +
10.8083,pauze,0,MM0 +
10.8083,pauze,0,"#101,YAW,-0.08,GYRO,-7,43,-9,ACC,1,2,256,ADC,1266,499,4,2,"
10.8083,pauze,0,MM0 ?T
10.8083,pauze,0,MM1 ?T
10.8083,pauze,0,MM0 T=34:33
10.8083,pauze,0,MM1 T=35:33
10.8287,pauze,0,"#102,YAW,-0.08,GYRO,-5,45,-9,ACC,2,3,255,ADC,1289,501,5,2,"
10.8287,pauze,0,MM0 ?V
10.8287,pauze,0,MM1 ?V
10.8287,pauze,0,MM0 V=120:223:4902
10.8287,pauze,0,MM1 V=120:223:4898
10.8515,pauze,0,"#103,YAW,-0.08,GYRO,-9,42,-10,ACC,4,2,254,ADC,1262,386,5,2,"
10.8515,pauze,0,MM0 ?CR
10.8516,pauze,0,MM1 ?CR
10.8516,pauze,0,MM0 CR=0:0
10.8516,pauze,0,MM1 CR=0:0
10.8705,pauze,0,"#104,YAW,-0.08,GYRO,-7,44,-10,ACC,3,4,255,ADC,1243,502,5,2,"
10.8705,pauze,0,MM0 ?A
10.8705,pauze,0,MM1 ?A
10.8705,pauze,0,MM0 A=0:0
10.8705,pauze,0,MM1 A=0:0
10.9044,pauze,0,"#105,YAW,-0.08,GYRO,-6,44,-9,ACC,2,3,255,ADC,1248,496,4,2,"
10.9044,pauze,0,MM0 ?AI
10.9044,pauze,0,MM1 ?AI
10.9044,pauze,0,MM0 AI=0:0:2385:2374:0:0
10.9044,pauze,0,MM1 AI=0:0:2280:2268:0:0
10.9044,pauze,0,MM0 !M 0 0
10.9044,pauze,0,MM1 !M 0 0
10.9045,pauze,0,MM0 +
10.9045,pauze,0,MM1 +
10.9045,pauze,0,"#106,YAW,-0.08,GYRO,-8,43,-9,ACC,2,2,254,ADC,1257,500,3,1,"
10.9045,pauze,0,MM0 ?C
10.9045,pauze,0,MM1 ?C
10.9045,pauze,0,MM0 C=585:-534
10.9045,pauze,0,MM1 C=2210:-2236
10.9257,pauze,0,"#107,YAW,-0.08,GYRO,-7,43,-10,ACC,1,3,255,ADC,1223,382,5,2,"
10.9257,pauze,0,MM0 ?D
10.9257,pauze,0,MM1 ?D
10.9257,pauze,0,MM0 D=34
10.9257,pauze,0,MM1 D=3
10.9468,pauze,0,"$GPRMC,091200.4,A,5050.49715,N,00419.37057,E,001.42,172.6,021026,000.4,E*54"
10.9468,pauze,0,"#108,YAW,-0.08,GYRO,-8,43,-9,ACC,0,4,251,ADC,1228,382,6,2,"
10.9468,pauze,0,MM0 ?FF
10.9468,pauze,0,MM1 ?FF
10.9468,pauze,0,MM0 FF=0
10.9468,pauze,0,MM1 FF=0
10.9674,pauze,0,"#109,YAW,-0.07,GYRO,-6,44,-9,ACC,4,1,258,ADC,1263,386,5,2,"
10.9674,pauze,0,MM0 ?P
10.9674,pauze,0,MM1 ?P
10.9674,pauze,0,MM0 P=0:0
10.9675,pauze,0,MM1 P=0:0
11.0017,pauze,0,MM0 !M 0 0
11.0017,pauze,0,MM1 !M 0 0
11.0017,pauze,0,MM0 +
11.0017,pauze,0,MM1 +
11.0017,pauze,0,"#110,YAW,-0.07,GYRO,-8,41,-11,ACC,3,2,259,ADC,1224,318,7,2,"
11.0017,pauze,0,MM0 ?S
11.0017,pauze,0,MM1 ?S
11.0017,pauze,0,MM0 S=0:0
11.0017,pauze,0,MM1 S=0:0
11.0017,pauze,0,"#111,YAW,-0.07,GYRO,-8,43,-9,ACC,1,3,254,ADC,1209,385,5,1,"
11.0017,pauze,0,MM0 ?T
11.0017,pauze,0,MM1 ?T
11.0226,pauze,0,MM0 T=34:33
11.0226,pauze,0,MM1 T=35:33
11.0226,pauze,0,"#112,YAW,-0.07,GYRO,-7,43,-10,ACC,4,2,250,ADC,1233,393,7,2,"
11.0226,pauze,0,MM0 ?V
11.0226,pauze,0,MM1 ?V
11.0226,pauze,0,MM0 V=120:223:4903
11.0435,pauze,0,MM1 V=120:224:4898
11.0436,pauze,0,"#113,YAW,-0.07,GYRO,-7,44,-9,ACC,2,3,259,ADC,1227,500,7,2,"
11.0436,pauze,0,MM0 ?CR
11.0436,pauze,0,MM1 ?CR
11.0436,pauze,0,MM0 CR=0:0
11.0436,pauze,0,MM1 CR=0:0
11.0644,pauze,0,"#114,YAW,-0.07,GYRO,-9,42,-9,ACC,3,1,253,ADC,1298,399,4,1,"
11.0644,pauze,0,MM0 ?A
11.0644,pauze,0,MM1 ?A
11.0644,pauze,0,MM0 A=0:0
11.0644,pauze,0,MM1 A=0:0
11.0986,pauze,0,MM0 !M 0 0
11.0986,pauze,0,MM1 !M 0 0
11.0986,pauze,0,MM0 +
11.0986,pauze,0,MM1 +
11.0986,pauze,0,"#115,YAW,-0.07,GYRO,-7,43,-9,ACC,-3,4,251,ADC,1231,389,6,1,"
11.0986,pauze,0,MM0 ?AI
11.0986,pauze,0,MM1 ?AI
11.0986,pauze,0,MM0 AI=0:0:2379:2376:0:0
11.0986,pauze,0,MM1 AI=0:0:2269:2330:0:0
11.1195,pauze,0,"#116,YAW,-0.07,GYRO,-7,40,-9,ACC,2,4,255,ADC,1263,500,6,2,"
11.1195,pauze,0,MM0 ?C
11.1195,pauze,0,MM1 ?C
11.1195,pauze,0,MM0 C=585:-534
11.1196,pauze,0,MM1 C=2210:-2236
11.1196,pauze,0,"#117,YAW,-0.07,GYRO,-7,42,-9,ACC,-1,2,254,ADC,1224,388,4,1,"
11.1405,pauze,0,MM0 ?D
11.1405,pauze,0,MM1 ?D
11.1405,pauze,0,MM0 D=34
11.1405,pauze,0,MM1 D=3
11.1405,pauze,0,"$GPRMC,091200.6,A,5050.49679,N,00419.37060,E,001.47,172.8,021026,000.4,E*52"
11.1405,pauze,0,"#118,YAW,-0.07,GYRO,-7,42,-9,ACC,1,1,253,ADC,1236,387,6,2,"
11.1405,pauze,0,MM0 ?FF
11.1618,pauze,0,MM1 ?FF
11.1618,pauze,0,MM0 FF=0
11.1618,pauze,0,MM1 FF=0
11.1619,pauze,0,"#119,YAW,-0.07,GYRO,-8,42,-7,ACC,3,6,256,ADC,1216,382,4,2,"
11.1619,pauze,0,MM0 ?P
11.1619,pauze,0,MM1 ?P
11.1619,pauze,0,MM0 P=0:0
11.2084,pauze,0,MM1 P=0:0
11.2084,pauze,0,"#120,YAW,-0.07,GYRO,-8,43,-8,ACC,-2,5,253,ADC,1294,500,7,2,"
11.2084,pauze,0,MM0 ?S
11.2084,pauze,0,MM1 ?S
11.2084,pauze,0,MM0 S=0:0
11.2084,pauze,0,MM1 S=0:0
11.2084,pauze,0,MM1 !M 0 0
11.2084,pauze,0,MM0 !M 0 0
11.2084,pauze,0,MM1 +
11.2084,pauze,0,MM0 +
11.2084,pauze,0,"#121,YAW,-0.07,GYRO,-7,41,-9,ACC,1,3,253,ADC,1250,392,5,2,"
11.2084,pauze,0,MM0 ?T
11.2084,pauze,0,MM1 ?T
11.2084,pauze,0,MM0 T=34:33
11.2084,pauze,0,MM1 T=35:33
11.2303,pauze,0,"#122,YAW,-0.07,GYRO,-6,40,-9,ACC,4,2,254,ADC,1226,384,4,2,"
11.2304,pauze,0,MM0 ?V
11.2304,pauze,0,MM1 ?V
11.2304,pauze,0,MM0 V=120:223:4902
11.2304,pauze,0,MM1 V=120:223:4898
11.2514,pauze,0,"#123,YAW,-0.07,GYRO,-8,41,-9,ACC,3,2,258,ADC,1225,388,6,2,"
11.2514,pauze,0,MM0 ?CR
11.2514,pauze,0,MM1 ?CR
11.2514,pauze,0,MM0 CR=0:0
11.2514,pauze,0,MM1 CR=0:0
11.2716,pauze,0,"#124,YAW,-0.07,GYRO,-7,42,-8,ACC,-2,1,258,ADC,1252,403,6,2,"
11.2717,pauze,0,MM0 ?A
11.2717,pauze,0,MM1 ?A
11.2717,pauze,0,MM0 A=0:0
11.2717,pauze,0,MM1 A=0:0
11.3569,pauze,0,"#125,YAW,-0.07,GYRO,-8,42,-7,ACC,2,2,256,ADC,1224,395,5,2,"
11.3570,pauze,0,MM0 ?AI
11.3570,pauze,0,MM1 ?AI
11.3570,pauze,0,MM0 AI=0:0:2387:2380:0:0
11.3570,pauze,0,MM1 AI=0:0:2278:2302:0:0
11.3570,pauze,0,MM0 !M 0 0
11.3570,pauze,0,MM1 !M 0 0
11.3570,pauze,0,MM1 +
11.3570,pauze,0,MM0 +
11.3570,pauze,0,"#126,YAW,-0.07,GYRO,-7,43,-9,ACC,4,2,256,ADC,1255,501,5,2,"
11.3570,pauze,0,MM0 ?C
11.3570,pauze,0,MM1 ?C
11.3570,pauze,0,MM0 C=585:-534
11.3570,pauze,0,MM1 C=2210:-2236
11.3571,pauze,0,"#127,YAW,-0.07,GYRO,-7,43,-9,ACC,0,4,251,ADC,1288,493,4,2,"
11.3571,pauze,0,MM0 ?D
11.3571,pauze,0,MM1 ?D
11.3571,pauze,0,MM0 D=34
11.3571,pauze,0,MM1 D=3
11.3571,pauze,0,"$GPRMC,091200.8,A,5050.49634,N,00419.37062,E,001.53,174.2,021026,000.4,E*5E"
11.3571,pauze,0,"#128,YAW,-0.07,GYRO,-9,43,-9,ACC,0,3,254,ADC,1269,500,7,2,"
11.3571,pauze,0,MM0 ?FF
11.3571,pauze,0,MM1 ?FF
11.3571,pauze,0,MM0 FF=0
11.3571,pauze,0,MM1 FF=0
11.3682,pauze,0,"#129,YAW,-0.06,GYRO,-7,45,-8,ACC,2,3,257,ADC,1271,383,6,2,"
11.3682,pauze,0,MM0 ?P
11.3682,pauze,0,MM1 ?P
11.3682,pauze,0,MM0 P=0:0
11.3682,pauze,0,MM1 P=0:0
11.4028,pauze,0,MM0 !M 0 0
11.4028,pauze,0,MM1 !M 0 0
11.4028,pauze,0,MM0 +
11.4028,pauze,0,MM1 +
11.4028,pauze,0,"#130,YAW,-0.06,GYRO,-7,42,-8,ACC,1,4,255,ADC,1272,307,5,2,"
11.4028,pauze,0,MM0 ?S
11.4028,pauze,0,MM1 ?S
11.4028,pauze,0,MM0 S=0:0
11.4029,pauze,0,MM1 S=0:0
11.4029,pauze,0,"#131,YAW,-0.06,GYRO,-6,42,-9,ACC,2,3,251,ADC,1266,502,6,2,"
11.4029,pauze,0,MM0 ?T
11.4029,pauze,0,MM1 ?T
11.4029,pauze,0,MM0 T=34:33
11.4236,pauze,0,MM1 T=35:33
11.4236,pauze,0,"#132,YAW,-0.06,GYRO,-8,41,-9,ACC,2,2,261,ADC,1237,383,5,2,"
11.4236,pauze,0,MM0 ?V
11.4236,pauze,0,MM1 ?V
11.4236,pauze,0,MM0 V=120:224:4903
11.4446,pauze,0,MM1 V=120:223:4898
11.4446,pauze,0,"#133,YAW,-0.06,GYRO,-8,42,-8,ACC,1,2,250,ADC,1230,382,4,2,"
11.4446,pauze,0,MM0 ?CR
11.4446,pauze,0,MM1 ?CR
11.4447,pauze,0,MM0 CR=0:0
11.4447,pauze,0,MM1 CR=0:0
11.4650,pauze,0,"#134,YAW,-0.06,GYRO,-9,41,-8,ACC,3,2,257,ADC,1266,498,6,2,"
11.4650,pauze,0,MM0 ?A
11.4650,pauze,0,MM1 ?A
11.4650,pauze,0,MM0 A=0:0
11.4650,pauze,0,MM1 A=0:0
11.4986,pauze,0,MM0 !M 0 0
11.4986,pauze,0,MM1 !M 0 0
11.4986,pauze,0,MM0 +
11.4986,pauze,0,MM1 +
11.4986,pauze,0,"#135,YAW,-0.06,GYRO,-8,42,-9,ACC,3,4,255,ADC,1219,375,5,2,"
11.4986,pauze,0,MM0 ?AI
11.4986,pauze,0,MM1 ?AI
11.4986,pauze,0,MM0 AI=0:0:2383:2372:0:0
11.4986,pauze,0,MM1 AI=0:0:2284:2311:0:0
11.5195,pauze,0,"#136,YAW,-0.06,GYRO,-8,41,-10,ACC,0,3,256,ADC,1260,384,4,2,"
11.5195,pauze,0,MM0 ?C
11.5195,pauze,0,MM1 ?C
11.5195,pauze,0,MM0 C=585:-534
11.5196,pauze,0,MM1 C=2210:-2236
11.5196,pauze,0,"#137,YAW,-0.06,GYRO,-7,43,-9,ACC,1,2,246,ADC,1266,387,4,2,"
11.5405,pauze,0,MM0 ?D
11.5406,pauze,0,MM1 ?D
11.5406,pauze,0,MM0 D=34
11.5406,pauze,0,MM1 D=3
11.5406,pauze,0,"$GPRMC,091201.0,A,5050.49613,N,00419.37063,E,001.56,175.2,021026,000.4,E*57"
11.5406,pauze,0,"#138,YAW,-0.06,GYRO,-8,40,-8,ACC,5,1,258,ADC,1282,501,5,1,"
11.5406,pauze,0,MM1 ?FF
11.5615,pauze,0,MM0 ?FF
11.5615,pauze,0,MM1 FF=0
11.5615,pauze,0,MM0 FF=0
11.5615,pauze,0,"#139,YAW,-0.06,GYRO,-6,41,-9,ACC,3,3,252,ADC,1286,386,4,2,"
11.5615,pauze,0,MM0 ?P
11.5615,pauze,0,MM1 ?P
11.5615,pauze,0,MM0 P=0:0
11.6106,pauze,0,MM1 P=0:0
11.6106,pauze,0,"#140,YAW,-0.06,GYRO,-8,41,-9,ACC,3,2,253,ADC,1267,500,5,1,"
11.6106,pauze,0,MM0 ?S
11.6106,pauze,0,MM1 ?S
11.6106,pauze,0,MM0 S=0:0
11.6106,pauze,0,MM1 S=0:0
11.6106,pauze,0,MM0 !M 0 0
11.6106,pauze,0,MM1 !M 0 0
11.6106,pauze,0,MM0 +
11.6106,pauze,0,MM1 +
11.6106,pauze,0,"#141,YAW,-0.06,GYRO,-8,41,-10,ACC,0,4,253,ADC,1265,502,5,2,"
11.6106,pauze,0,MM0 ?T
11.6107,pauze,0,MM1 ?T
11.6107,pauze,0,MM0 T=34:33
11.6107,pauze,0,MM1 T=35:33
11.6314,pauze,0,"#142,YAW,-0.06,GYRO,-8,41,-11,ACC,3,2,258,ADC,1278,405,5,2,"
11.6314,pauze,0,MM0 ?V
11.6314,pauze,0,MM1 ?V
11.6314,pauze,0,MM0 V=120:224:4904
11.6314,pauze,0,MM1 V=120:223:4898
11.6525,pauze,0,"#143,YAW,-0.06,GYRO,-7,40,-9,ACC,4,2,257,ADC,1279,389,5,2,"
11.6525,pauze,0,MM0 ?CR
11.6525,pauze,0,MM1 ?CR
11.6525,pauze,0,MM0 CR=0:0
11.6525,pauze,0,MM1 CR=0:0
11.6734,pauze,0,"#144,YAW,-0.06,GYRO,-6,41,-9,ACC,1,2,253,ADC,1268,499,4,2,"
11.6735,pauze,0,MM1 ?A
11.6735,pauze,0,MM0 ?A
11.6735,pauze,0,MM0 A=0:0
11.6735,pauze,0,MM1 A=0:0
11.7076,pauze,0,"#145,YAW,-0.06,GYRO,-7,39,-9,ACC,5,3,256,ADC,1248,385,4,1,"
11.7076,pauze,0,MM0 ?AI
11.7076,pauze,0,MM1 ?AI
11.7076,pauze,0,MM0 AI=0:0:2367:2379:0:0
11.7076,pauze,0,MM1 AI=0:0:2287:2269:0:0
11.7076,pauze,0,MM0 !M 0 0
11.7076,pauze,0,MM1 !M 0 0
11.7076,pauze,0,MM0 +
11.7076,pauze,0,MM1 +
11.7076,pauze,0,"#146,YAW,-0.06,GYRO,-7,41,-9,ACC,2,2,251,ADC,1243,502,6,2,"
11.7076,pauze,0,MM0 ?C
11.7076,pauze,0,MM1 ?C
11.7076,pauze,0,MM0 C=585:-534
11.7077,pauze,0,MM1 C=2210:-2236
11.7287,pauze,0,"#147,YAW,-0.06,GYRO,-7,43,-9,ACC,1,1,253,ADC,1227,502,4,1,"
11.7287,pauze,0,MM0 ?D
11.7288,pauze,0,MM1 ?D
11.7288,pauze,0,MM0 D=34
11.7288,pauze,0,MM1 D=3
11.7500,pauze,0,"$GPRMC,091201.2,A,5050.49600,N,00419.37070,E,001.58,177.0,021026,000.4,E*5B"
11.7500,pauze,0,"#148,YAW,-0.06,GYRO,-6,43,-8,ACC,4,4,254,ADC,1269,396,7,2,"
11.7500,pauze,0,MM1 ?FF
11.7500,pauze,0,MM0 ?FF
11.7500,pauze,0,MM1 FF=0
11.7500,pauze,0,MM0 FF=0
11.7718,pauze,0,"#149,YAW,-0.06,GYRO,-7,43,-8,ACC,3,1,251,ADC,1252,496,6,2,"
11.7718,pauze,0,MM0 ?P
11.7718,pauze,0,MM1 ?P
11.7718,pauze,0,MM0 P=0:0
11.7718,pauze,0,MM1 P=0:0
11.8065,pauze,0,"#150,YAW,-0.06,GYRO,-8,43,-11,ACC,0,5,252,ADC,1255,501,6,2,"
11.8065,pauze,0,MM0 ?S
11.8065,pauze,0,MM1 ?S
11.8065,pauze,0,MM0 S=0:0
11.8065,pauze,0,MM1 S=0:0
11.8065,pauze,0,MM1 !M 0 0
11.8065,pauze,0,MM0 !M 0 0
11.8065,pauze,0,MM1 +
11.8065,pauze,0,MM0 +
11.8065,pauze,0,"#151,YAW,-0.06,GYRO,-9,43,-9,ACC,1,3,258,ADC,1208,389,6,2,"
11.8065,pauze,0,MM0 ?T
11.8065,pauze,0,MM1 ?T
11.8065,pauze,0,MM0 T=34:33
11.8065,pauze,0,MM1 T=35:33
11.8276,pauze,0,"#152,YAW,-0.06,GYRO,-8,41,-8,ACC,3,1,257,ADC,1279,500,7,2,"
11.8276,pauze,0,MM0 ?V
11.8276,pauze,0,MM1 ?V
11.8276,pauze,0,MM0 V=120:225:4902
11.8276,pauze,0,MM1 V=120:223:4898
11.8483,pauze,0,"#153,YAW,-0.06,GYRO,-7,41,-9,ACC,2,3,254,ADC,1271,502,6,2,"
11.8483,pauze,0,MM1 ?CR
11.8483,pauze,0,MM0 ?CR
11.8483,pauze,0,MM1 CR=0:0
11.8483,pauze,0,MM0 CR=0:0
11.8684,pauze,0,"#154,YAW,-0.06,GYRO,-7,42,-9,ACC,2,4,258,ADC,1282,498,6,2,"
11.8684,pauze,0,MM0 ?A
11.8684,pauze,0,MM1 ?A
11.8684,pauze,0,MM0 A=0:0
11.8684,pauze,0,MM1 A=0:0
11.9025,pauze,0,MM1 !M 0 0
11.9025,pauze,0,MM0 !M 0 0
11.9026,pauze,0,MM1 +
11.9026,pauze,0,MM0 +
11.9026,pauze,0,"#155,YAW,-0.06,GYRO,-7,41,-9,ACC,2,1,253,ADC,1221,338,6,1,"
11.9026,pauze,0,MM1 ?AI
11.9026,pauze,0,MM0 ?AI
11.9026,pauze,0,MM1 AI=0:0:2272:2305:0:0
11.9026,pauze,0,MM0 AI=0:0:2376:2346:0:0
11.9026,pauze,0,"#156,YAW,-0.06,GYRO,-8,42,-9,ACC,3,3,253,ADC,1231,496,4,1,"
11.9026,pauze,0,MM0 ?C
11.9026,pauze,0,MM1 ?C
11.9026,pauze,0,MM0 C=585:-534
11.9235,pauze,0,MM1 C=2210:-2236
11.9236,pauze,0,"#157,YAW,-0.06,GYRO,-7,42,-8,ACC,2,2,258,ADC,1248,385,5,2,"
11.9236,pauze,0,MM1 ?D
11.9236,pauze,0,MM0 ?D
11.9236,pauze,0,MM0 D=34
11.9236,pauze,0,MM1 D=3
11.9443,pauze,0,"$GPRMC,091201.4,A,5050.49580,N,00419.37071,E,001.59,178.5,021026,000.4,E*5C"
11.9443,pauze,0,"#158,YAW,-0.06,GYRO,-7,41,-9,ACC,0,1,257,ADC,1295,504,5,2,"
11.9443,pauze,0,MM1 ?FF
11.9443,pauze,0,MM0 ?FF
11.9443,pauze,0,MM1 FF=0
11.9443,pauze,0,MM0 FF=0
11.9654,pauze,0,"#159,YAW,-0.06,GYRO,-8,41,-8,ACC,1,1,255,ADC,1260,499,6,1,"
11.9654,pauze,0,MM1 ?P
11.9654,pauze,0,MM0 ?P
11.9654,pauze,0,MM1 P=0:0
11.9654,pauze,0,MM0 P=0:0
12.0134,pauze,0,"#160,YAW,-0.06,GYRO,-8,41,-10,ACC,0,2,252,ADC,1219,382,4,2,"
12.0134,pauze,0,MM1 ?S
12.0134,pauze,0,MM0 ?S
12.0134,pauze,0,MM1 S=0:0
12.0134,pauze,0,MM0 S=0:0
12.0134,pauze,0,MM1 !M 0 0
12.0134,pauze,0,MM0 !M 0 0
12.0134,pauze,0,MM1 +
12.0134,pauze,0,MM0 +
12.0134,pauze,0,"#161,YAW,-0.06,GYRO,-7,43,-9,ACC,-2,3,261,ADC,1213,385,4,2,"
12.0134,pauze,0,MM1 ?T
12.0134,pauze,0,MM0 ?T
12.0134,pauze,0,MM1 T=35:33
12.0134,pauze,0,MM0 T=34:33
12.0345,pauze,0,"#162,YAW,-0.06,GYRO,-9,42,-8,ACC,2,3,253,ADC,1265,385,6,1,"
12.0345,pauze,0,MM1 ?V
12.0345,pauze,0,MM0 ?V
12.0345,pauze,0,MM1 V=120:223:4897
12.0345,pauze,0,MM0 V=120:223:4903
12.0567,pauze,0,"#163,YAW,-0.06,GYRO,-7,40,-10,ACC,3,1,252,ADC,1225,391,3,1,"
12.0567,pauze,0,MM1 ?CR
12.0567,pauze,0,MM0 ?CR
12.0567,pauze,0,MM1 CR=0:0
12.0568,pauze,0,MM0 CR=0:0
12.0765,terug,0,"#164,YAW,-0.06,GYRO,-7,41,-10,ACC,2,5,257,ADC,1223,382,4,2,"
12.0765,terug,0,MM1 ?A
12.0765,terug,0,MM0 ?A
12.0765,terug,0,MM1 A=0:0
12.0765,terug,0,MM0 A=0:0
12.1108,terug,0,"#165,YAW,-0.06,GYRO,-6,43,-10,ACC,-2,4,254,ADC,1243,501,5,2,"
12.1109,terug,0,MM1 ?AI
12.1109,terug,0,MM0 ?AI
12.1109,terug,0,MM1 AI=0:0:2265:2293:0:0
12.1109,terug,0,MM0 AI=0:0:2366:2377:0:0
12.1109,terug,0,MM0 !M 0 0
12.1109,terug,0,MM1 !M 0 0
12.1109,terug,0,MM0 +
12.1109,terug,0,MM1 +
12.1109,terug,0,"#166,YAW,-0.06,GYRO,-8,42,-8,ACC,1,3,257,ADC,1283,502,3,2,"
12.1109,terug,0,MM1 ?C
12.1109,terug,0,MM0 ?C
12.1109,terug,0,MM0 C=585:-534
12.1109,terug,0,MM1 C=2210:-2236
12.1314,terug,0,"#167,YAW,-0.06,GYRO,-8,42,-8,ACC,2,3,257,ADC,1244,414,6,1,"
12.1314,terug,0,MM1 ?D
12.1314,terug,0,MM0 ?D
12.1314,terug,0,MM0 D=34
12.1314,terug,0,MM1 D=3
12.1314,terug,0,"$GPRMC,091201.6,A,5050.49561,N,00419.37076,E,001.59,179.7,021026,000.4,E*55"
12.1539,terug,0,"#168,YAW,-0.06,GYRO,-7,43,-9,ACC,0,2,257,ADC,1213,383,5,2,"
12.1539,terug,0,MM0 ?FF
12.1539,terug,0,MM1 ?FF
12.1539,terug,0,MM0 FF=0
12.1539,terug,0,MM1 FF=0
12.1806,terug,-60,"#169,YAW,-0.06,GYRO,-7,42,-9,ACC,1,2,256,ADC,1245,395,5,1,"
12.1806,terug,-60,MM1 ?P
12.1806,terug,-60,MM0 ?P
12.1806,terug,-60,MM1 P=0:0
12.1806,terug,-60,MM0 P=0:0
12.2144,terug,-60,"#170,YAW,-0.06,GYRO,-7,41,-9,ACC,2,2,255,ADC,1276,390,6,2,"
12.2145,terug,-60,MM1 ?S
12.2145,terug,-60,MM0 ?S
12.2145,terug,-60,MM1 S=0:0
12.2145,terug,-60,MM0 S=0:0
12.2145,terug,-60,MM0 !M -60 60
12.2145,terug,-60,MM1 !M -60 60
12.2145,terug,-60,MM0 +
12.2146,terug,-60,MM1 +
12.2146,terug,-60,"#171,YAW,-0.06,GYRO,-9,41,-9,ACC,1,1,257,ADC,1267,498,5,2,"
12.2146,terug,-60,MM1 ?T
12.2146,terug,-60,MM0 ?T
12.2146,terug,-60,MM1 T=35:33
12.2146,terug,-60,MM0 T=34:33
12.2433,terug,-60,"#172,YAW,-0.06,GYRO,3,74,-6,ACC,-34,2,230,ADC,1264,391,4,2,"
12.2433,terug,-60,MM1 ?V
12.2433,terug,-60,MM0 ?V
12.2433,terug,-60,MM1 V=120:223:4899
12.2433,terug,-60,MM0 V=120:222:4902
12.2567,terug,-60,"#173,YAW,-0.06,GYRO,12,22,-12,ACC,-11,-2,267,ADC,1275,502,4,2,"
12.2568,terug,-60,MM1 ?CR
12.2568,terug,-60,MM0 ?CR
12.2568,terug,-60,MM1 CR=0:0
12.2568,terug,-60,MM0 CR=0:1
12.2777,terug,-120,"#174,YAW,-0.06,GYRO,-14,36,-16,ACC,-6,3,262,ADC,1247,500,6,2,"
12.2777,terug,-120,MM1 ?A
12.2777,terug,-120,MM0 ?A
12.2777,terug,-120,MM1 A=0:0
12.2777,terug,-120,MM0 A=0:5
12.3116,terug,-120,"#175,YAW,-0.06,GYRO,1,84,-9,ACC,-24,5,249,ADC,1246,388,7,2,"
12.3116,terug,-120,MM0 ?AI
12.3116,terug,-120,MM1 ?AI
12.3116,terug,-120,MM0 AI=0:0:2383:2369:0:0
12.3116,terug,-120,MM1 AI=0:0:2289:2273:0:0
12.3116,terug,-120,"#176,YAW,-0.06,GYRO,-2,27,5,ACC,-13,8,258,ADC,1250,383,4,2,"
12.3116,terug,-120,MM1 ?C
12.3116,terug,-120,MM0 ?C
12.3116,terug,-120,MM0 C=584:-532
12.3116,terug,-120,MM1 C=2209:-2235
12.3324,terug,-120,"#177,YAW,-0.06,GYRO,-4,22,6,ACC,5,5,257,ADC,1218,501,4,2,"
12.3324,terug,-120,MM1 ?D
12.3324,terug,-120,MM0 ?D
12.3324,terug,-120,MM1 D=48
12.3324,terug,-120,MM0 D=49
12.3324,terug,-120,"$GPRMC,091201.8,A,5050.49573,N,00419.37091,E,001.57,179.7,021026,000.4,E*5F"
12.3652,terug,-120,"#178,YAW,-0.06,GYRO,0,73,-13,ACC,-8,3,255,ADC,1233,401,5,2,"
12.3653,terug,-120,MM0 ?FF
12.3653,terug,-120,MM1 ?FF
12.3653,terug,-120,MM0 FF=0
12.3653,terug,-120,MM1 FF=0
12.3746,terug,-181,"#179,YAW,-0.06,GYRO,-4,71,-12,ACC,-9,4,261,ADC,1267,397,4,2,"
12.3746,terug,-181,MM1 ?P
12.3746,terug,-181,MM0 ?P
12.3747,terug,-181,MM1 P=-60:60
12.3747,terug,-181,MM0 P=-60:60
12.4085,terug,-181,"#180,YAW,-0.06,GYRO,-7,5,-15,ACC,2,6,254,ADC,1223,379,6,1,"
12.4085,terug,-181,MM0 !M -120 120
12.4085,terug,-181,MM0 +
12.4085,terug,-181,MM0 PING
12.4085,terug,-181,MM1 !M -120 120
12.4085,terug,-181,MM1 +
12.4085,terug,-181,MM1 PING
12.4085,terug,-181,MM0 ?S
12.4085,terug,-181,MM1 ?S
12.4086,terug,-181,MM1 S=0:75
12.4086,terug,-181,MM0 S=-75:75
12.4086,terug,-181,"#181,YAW,-0.06,GYRO,-4,124,-21,ACC,-56,4,236,ADC,1266,388,6,2,"
12.4086,terug,-181,MM1 ?T
12.4086,terug,-181,MM0 ?T
12.4086,terug,-181,MM1 T=35:33
12.4086,terug,-181,MM0 T=34:33
12.4294,terug,-181,"#182,YAW,-0.06,GYRO,-18,26,-9,ACC,-18,0,281,ADC,1263,503,5,2,"
12.4294,terug,-181,MM0 ?V
12.4294,terug,-181,MM1 ?V
12.4294,terug,-181,MM0 V=120:223:4902
12.4294,terug,-181,MM1 V=120:223:4897
12.4503,terug,-181,"#183,YAW,-0.06,GYRO,-11,41,-3,ACC,-38,9,240,ADC,1244,385,5,2,"
12.4503,terug,-181,MM0 ?CR
12.4503,terug,-181,MM1 ?CR
12.4503,terug,-181,MM0 CR=-7:7
12.4503,terug,-181,MM1 CR=-7:6
12.4713,terug,-241,"#184,YAW,-0.06,GYRO,-19,22,4,ACC,-22,5,262,ADC,1297,394,6,2,"
12.4713,terug,-241,MM0 ?A
12.4713,terug,-241,MM1 ?A
12.4714,terug,-241,MM1 A=-4:5
12.4714,terug,-241,MM0 A=-4:10
12.5056,terug,-241,"#185,YAW,-0.06,GYRO,-24,24,5,ACC,-14,8,260,ADC,1255,500,5,2,"
12.5056,terug,-241,MM0 ?AI
12.5056,terug,-241,MM1 ?AI
12.5056,terug,-241,MM0 AI=0:0:2382:2379:0:0
12.5056,terug,-241,MM1 AI=0:0:2273:2305:0:0
12.5056,terug,-241,MM0 !M -181 181
12.5056,terug,-241,MM1 !M -181 181
12.5056,terug,-241,MM0 +
12.5056,terug,-241,MM1 +
12.5056,terug,-241,MM0 PING
12.5057,terug,-241,MM1 PING
12.5057,terug,-241,MM0 !M -241 241
12.5057,terug,-241,MM1 !M -241 241
12.5057,terug,-241,MM0 +
12.5057,terug,-241,MM1 +
12.5057,terug,-241,"#186,YAW,-0.06,GYRO,-6,76,0,ACC,-103,-2,239,ADC,1241,334,4,2,"
12.5057,terug,-241,MM1 ?C
12.5057,terug,-241,MM0 ?C
12.5057,terug,-241,MM0 C=574:-522
12.5057,terug,-241,MM1 C=2199:-2225
12.5264,terug,-241,"#187,YAW,-0.06,GYRO,-24,96,-23,ACC,-64,3,299,ADC,1250,386,5,2,"
12.5264,terug,-241,MM0 ?D
12.5264,terug,-241,MM1 ?D
12.5264,terug,-241,MM0 D=19
12.5264,terug,-241,MM1 D=25
12.5474,terug,-241,"$GPRMC,091202.0,A,5050.49554,N,00419.37108,E,001.55,179.1,021026,000.4,E*54"
12.5474,terug,-241,"#188,YAW,-0.06,GYRO,12,-33,-17,ACC,-66,0,215,ADC,1214,387,5,2,"
12.5474,terug,-241,MM0 ?FF
12.5474,terug,-241,MM1 ?FF
12.5474,terug,-241,MM0 FF=0
12.5474,terug,-241,MM1 FF=0
12.5713,terug,-300,"#189,YAW,-0.06,GYRO,10,-19,-2,ACC,-43,1,275,ADC,1256,388,6,2,"
12.5713,terug,-300,MM0 ?P
12.5713,terug,-300,MM1 ?P
12.5713,terug,-300,MM0 P=-241:241
12.5713,terug,-300,MM1 P=-241:241
12.6055,terug,-300,"#190,YAW,-0.06,GYRO,-9,103,8,ACC,-48,8,241,ADC,1238,387,4,2,"
12.6055,terug,-300,MM0 ?S
12.6055,terug,-300,MM1 ?S
12.6055,terug,-300,MM1 S=-150:150
12.6055,terug,-300,MM0 S=-150:75
12.6055,terug,-300,MM0 !M -300 300
12.6055,terug,-300,MM1 !M -300 300
12.6055,terug,-300,MM0 +
12.6055,terug,-300,MM1 +
12.6055,terug,-300,"#191,YAW,-0.06,GYRO,5,85,5,ACC,-66,-6,210,ADC,1242,380,4,1,"
12.6055,terug,-300,MM0 ?T
12.6055,terug,-300,MM1 ?T
12.6055,terug,-300,MM0 T=34:33
12.6055,terug,-300,MM1 T=35:33
12.6266,terug,-300,"#192,YAW,-0.06,GYRO,-56,222,4,ACC,-46,15,271,ADC,1232,388,4,1,"
12.6266,terug,-300,MM0 ?V
12.6266,terug,-300,MM1 ?V
12.6266,terug,-300,MM0 V=120:217:4903
12.6266,terug,-300,MM1 V=120:219:4898
12.6473,terug,-300,"#193,YAW,-0.06,GYRO,2,9,3,ACC,-75,3,219,ADC,1236,380,7,1,"
12.6473,terug,-300,MM0 ?CR
12.6473,terug,-300,MM1 ?CR
12.6473,terug,-300,MM0 CR=-26:26
12.6473,terug,-300,MM1 CR=-26:28
12.6707,terug,-300,"#194,YAW,-0.06,GYRO,13,-93,-18,ACC,-54,0,230,ADC,1257,384,6,2,"
12.6707,terug,-300,MM0 ?A
12.6707,terug,-300,MM1 ?A
12.6707,terug,-300,MM0 A=-29:26
12.6707,terug,-300,MM1 A=-25:26
12.7177,terug,-300,"#195,YAW,-0.06,GYRO,38,-38,-30,ACC,-49,-5,317,ADC,1259,386,8,1,"
12.7177,terug,-300,MM0 ?AI
12.7177,terug,-300,MM1 ?AI
12.7177,terug,-300,MM0 AI=0:0:2354:2391:0:0
12.7177,terug,-300,MM1 AI=0:0:2344:2305:0:0
12.7177,terug,-300,MM0 !M -300 300
12.7177,terug,-300,MM1 !M -300 300
12.7177,terug,-300,MM0 +
12.7177,terug,-300,MM1 +
12.7177,terug,-300,"#196,YAW,-0.06,GYRO,-100,59,-7,ACC,-42,22,261,ADC,1234,324,6,2,"
12.7178,terug,-300,MM0 ?C
12.7178,terug,-300,MM1 ?C
12.7178,terug,-300,MM0 C=537:-486
12.7178,terug,-300,MM1 C=2163:-2188
12.7387,terug,-300,"#197,YAW,-0.06,GYRO,-65,261,-6,ACC,-33,28,160,ADC,1252,404,3,1,"
12.7388,terug,-300,MM0 ?D
12.7388,terug,-300,MM1 ?D
12.7388,terug,-300,MM1 D=49
12.7388,terug,-300,MM0 D=3
12.7388,terug,-300,"$GPRMC,091202.2,A,5050.49571,N,00419.37119,E,001.52,178.6,021026,000.4,E*50"
12.7593,terug,-300,"#198,YAW,-0.06,GYRO,-29,26,-27,ACC,-31,-8,278,ADC,1266,383,4,2,"
12.7593,terug,-300,MM0 ?FF
12.7593,terug,-300,MM1 ?FF
12.7593,terug,-300,MM0 FF=0
12.7593,terug,-300,MM1 FF=0
12.7804,terug,-300,"#199,YAW,-0.06,GYRO,-68,-182,-48,ACC,-35,-22,226,ADC,1230,390,5,2,"
12.7805,terug,-300,MM0 ?P
12.7805,terug,-300,MM1 ?P
12.7805,terug,-300,MM0 P=-300:300
12.7805,terug,-300,MM1 P=-300:300
12.7805,terug,-300,"#200,YAW,-0.06,GYRO,3,35,-47,ACC,-13,-41,353,ADC,1239,383,6,2,"
12.7805,terug,-300,MM0 ?S
12.8144,terug,-300,MM1 ?S
12.8144,terug,-300,MM0 S=-225:225
12.8144,terug,-300,MM1 S=-150:225
12.8144,terug,-300,MM0 !M -300 300
12.8144,terug,-300,MM1 !M -300 300
12.8144,terug,-300,MM0 +
12.8144,terug,-300,MM1 +
12.8144,terug,-300,"#201,YAW,-0.06,GYRO,127,295,-32,ACC,-19,-7,211,ADC,1247,380,4,1,"
12.8144,terug,-300,MM0 ?T
12.8144,terug,-300,MM1 ?T
12.8144,terug,-300,MM0 T=34:33
12.8144,terug,-300,MM1 T=35:33
12.8437,terug,-300,"#202,YAW,-0.06,GYRO,28,85,-11,ACC,-9,5,228,ADC,1271,501,7,2,"
12.8437,terug,-300,MM0 ?V
12.8437,terug,-300,MM1 ?V
12.8437,terug,-300,MM0 V=120:223:4903
12.8437,terug,-300,MM1 V=120:222:4899
12.8601,terug,-300,"#203,YAW,-0.06,GYRO,60,56,-37,ACC,0,0,296,ADC,1233,382,4,2,"
12.8601,terug,-300,MM0 ?CR
12.8601,terug,-300,MM1 ?CR
12.8602,terug,-300,MM0 CR=-55:55
12.8602,terug,-300,MM1 CR=-56:55
12.8774,terug,-300,"#204,YAW,-0.05,GYRO,-165,25,-39,ACC,-18,68,288,ADC,1280,495,6,2,"
12.8774,terug,-300,MM0 ?A
12.8774,terug,-300,MM1 ?A
12.8774,terug,-300,MM0 A=-9:10
12.8774,terug,-300,MM1 A=-9:10
12.9114,terug,-300,"#205,YAW,-0.05,GYRO,84,56,-7,ACC,-4,4,209,ADC,1241,389,5,2,"
12.9114,terug,-300,MM0 ?AI
12.9114,terug,-300,MM1 ?AI
12.9114,terug,-300,MM0 AI=0:0:2378:2318:0:0
12.9114,terug,-300,MM1 AI=0:0:2297:2277:0:0
12.9114,terug,-300,"#206,YAW,-0.05,GYRO,32,161,-22,ACC,-33,-29,249,ADC,1258,389,4,1,"
12.9114,terug,-300,MM0 ?C
12.9114,terug,-300,MM1 ?C
12.9114,terug,-300,MM0 C=478:-426
12.9114,terug,-300,MM1 C=2102:-2128
12.9323,terug,-300,"#207,YAW,-0.05,GYRO,-132,72,-60,ACC,38,10,380,ADC,1219,383,7,2,"
12.9323,terug,-300,MM0 ?D
12.9324,terug,-300,MM1 ?D
12.9324,terug,-300,MM0 D=51
12.9324,terug,-300,MM1 D=18
12.9324,terug,-300,"$GPRMC,091202.4,A,5050.49587,N,00419.37126,E,001.47,177.0,021026,000.4,E*5E"
12.9638,terug,-300,"#208,YAW,-0.05,GYRO,-273,146,7,ACC,-6,28,256,ADC,1253,498,6,2,"
12.9638,terug,-300,MM0 ?FF
12.9639,terug,-300,MM1 ?FF
12.9639,terug,-300,MM0 FF=0
12.9639,terug,-300,MM1 FF=0
12.9776,terug,-300,"#209,YAW,-0.05,GYRO,-99,194,13,ACC,-17,14,158,ADC,1249,383,4,1,"
12.9776,terug,-300,MM0 ?P
12.9777,terug,-300,MM1 ?P
12.9777,terug,-300,MM0 P=-300:300
12.9777,terug,-300,MM1 P=-300:300
13.0116,terug,-300,"#210,YAW,-0.05,GYRO,153,80,5,ACC,-10,-20,125,ADC,1268,497,4,2,"
13.0116,terug,-300,MM0 ?S
13.0116,terug,-300,MM1 ?S
13.0116,terug,-300,MM0 S=-300:300
13.0116,terug,-300,MM1 S=-300:225
13.0116,terug,-300,MM0 !M -300 300
13.0116,terug,-300,MM1 !M -300 300
13.0117,terug,-300,MM0 +
13.0117,terug,-300,MM1 +
13.0117,terug,-300,MM0 PING
13.0117,terug,-300,MM1 PING
13.0117,terug,-300,"#211,YAW,-0.05,GYRO,89,-53,-30,ACC,-1,-57,245,ADC,1263,498,5,1,"
13.0117,terug,-300,MM0 ?T
13.0117,terug,-300,MM1 ?T
13.0117,terug,-300,MM0 T=34:33
13.0117,terug,-300,MM1 T=35:33
13.0323,terug,-300,"#212,YAW,-0.05,GYRO,-300,49,-83,ACC,-52,16,319,ADC,1229,385,7,2,"
13.0323,terug,-300,MM0 ?V
13.0323,terug,-300,MM1 ?V
13.0323,terug,-300,MM0 V=120:222:4903
13.0323,terug,-300,MM1 V=120:221:4898
13.0533,terug,-300,"#213,YAW,-0.05,GYRO,216,-151,-56,ACC,-23,-8,141,ADC,1263,501,6,2,"
13.0533,terug,-300,MM0 ?CR
13.0533,terug,-300,MM1 ?CR
13.0533,terug,-300,MM0 CR=-63:66
13.0533,terug,-300,MM1 CR=-65:63
13.0853,terug,-300,"#214,YAW,-0.05,GYRO,103,-132,-80,ACC,9,51,235,ADC,1285,499,7,2,"
13.0853,terug,-300,MM0 ?A
13.0853,terug,-300,MM1 ?A
13.0853,terug,-300,MM1 A=-9:6
13.0853,terug,-300,MM0 A=-9:13
13.1198,terug,-300,"#215,YAW,-0.05,GYRO,-124,-264,6,ACC,23,75,344,ADC,1302,500,5,2,"
13.1198,terug,-300,MM0 ?AI
13.1198,terug,-300,MM1 ?AI
13.1198,terug,-300,MM0 AI=0:0:2363:2355:0:0
13.1198,terug,-300,MM1 AI=0:0:2300:2279:0:0
13.1198,terug,-300,MM0 !M -300 300
13.1198,terug,-300,MM1 !M -300 300
13.1198,terug,-300,MM0 +
13.1198,terug,-300,MM1 +
13.1198,terug,-300,MM0 PING
13.1198,terug,-300,MM1 PING
13.1198,terug,-300,"#216,YAW,-0.05,GYRO,16,504,40,ACC,22,71,205,ADC,1268,501,5,2,"
13.1198,terug,-300,MM0 ?C
13.1198,terug,-300,MM1 ?C
13.1198,terug,-300,MM0 C=414:-360
13.1198,terug,-300,MM1 C=2036:-2065
13.1198,terug,-300,"#217,YAW,-0.05,GYRO,39,70,52,ACC,11,-14,287,ADC,1292,500,8,2,"
13.1404,terug,-300,MM0 ?D
13.1404,terug,-300,MM1 ?D
13.1404,terug,-300,MM1 D=49
13.1404,terug,-300,MM0 D=1
13.1404,terug,-300,"$GPRMC,091202.6,A,5050.49563,N,00419.37137,E,001.43,177.6,021026,000.4,E*54"
13.1616,terug,-300,"#218,YAW,-0.05,GYRO,-24,-361,23,ACC,-14,-34,224,ADC,1296,388,6,1,"
13.1617,terug,-300,MM0 ?FF
13.1617,terug,-300,MM1 ?FF
13.1617,terug,-300,MM0 FF=0
13.1617,terug,-300,MM1 FF=0
13.1617,terug,-300,"#219,YAW,-0.05,GYRO,-19,125,-15,ACC,8,-11,157,ADC,1248,502,6,2,"
13.1617,terug,-300,MM0 ?P
13.1617,terug,-300,MM1 ?P
13.1824,terug,-300,MM0 P=-300:300
13.1824,terug,-300,MM1 P=-300:300
13.1824,terug,-300,"#220,YAW,-0.05,GYRO,47,478,-27,ACC,-10,2,355,ADC,1228,416,6,1,"
13.1824,terug,-300,MM0 ?S
13.1824,terug,-300,MM1 ?S
13.1824,terug,-300,MM0 S=-300:300
13.2201,terug,-300,MM1 S=-300:225
13.2201,terug,-300,MM0 !M -300 300
13.2201,terug,-300,MM1 !M -300 300
13.2201,terug,-300,MM0 +
13.2201,terug,-300,MM1 +
13.2201,terug,-300,MM1 PING
13.2201,terug,-300,MM0 PING
13.2201,terug,-300,"#221,YAW,-0.05,GYRO,-44,-381,-9,ACC,-10,26,194,ADC,1265,499,7,1,"
13.2201,terug,-300,MM0 ?T
13.2201,terug,-300,MM1 ?T
13.2201,terug,-300,MM0 T=34:33
13.2201,terug,-300,MM1 T=35:33
13.2380,terug,-300,"#222,YAW,-0.05,GYRO,-16,-180,7,ACC,-17,3,313,ADC,1230,393,7,1,"
13.2380,terug,-300,MM0 ?V
13.2380,terug,-300,MM1 ?V
13.2380,terug,-300,MM0 V=120:223:4902
13.2381,terug,-300,MM1 V=120:222:4898
13.2643,terug,-300,"#223,YAW,-0.05,GYRO,4,382,2,ACC,29,-4,162,ADC,1244,382,4,1,"
13.2643,terug,-300,MM0 ?CR
13.2644,terug,-300,MM1 ?CR
13.2644,terug,-300,MM0 CR=-68:67
13.2644,terug,-300,MM1 CR=-67:66
13.2805,terug,-300,"#224,YAW,-0.05,GYRO,56,80,8,ACC,-28,-43,384,ADC,1257,500,5,2,"
13.2806,terug,-300,MM0 ?A
13.2806,terug,-300,MM1 ?A
13.2806,terug,-300,MM0 A=-2:6
13.2806,terug,-300,MM1 A=-2:6
13.3006,terug,-300,"#225,YAW,-0.05,GYRO,-37,-380,-17,ACC,-40,11,218,ADC,1308,503,5,2,"
13.3007,terug,-300,MM0 ?AI
13.3007,terug,-300,MM1 ?AI
13.3007,terug,-300,MM0 AI=0:0:2359:2384:0:0
13.3007,terug,-300,MM1 AI=0:0:2276:2323:0:0
13.3007,terug,-300,MM1 !M -300 300
13.3007,terug,-300,MM0 !M -300 300
13.3007,terug,-300,MM1 +
13.3007,terug,-300,MM0 +
13.3007,terug,-300,MM0 PING
13.3007,terug,-300,MM1 PING
13.3007,terug,-300,MM0 !M -300 300
13.3007,terug,-300,MM1 !M -300 300
13.3218,terug,-300,"#226,YAW,-0.05,GYRO,-53,93,-10,ACC,72,5,254,ADC,1239,379,4,2,"
13.3218,terug,-300,MM0 +
13.3218,terug,-300,MM1 +
13.3218,terug,-300,MM0 ?C
13.3218,terug,-300,MM1 ?C
13.3218,terug,-300,MM0 C=345:-292
13.3218,terug,-300,MM1 C=1968:-1997
13.3218,terug,-300,"#227,YAW,-0.05,GYRO,-259,171,51,ACC,20,-5,411,ADC,1238,386,5,2,"
13.3218,terug,-300,MM0 ?D
13.3218,terug,-300,MM1 ?D
13.3425,terug,-300,MM0 D=32
13.3425,terug,-300,MM1 D=49
13.3425,terug,-300,"$GPRMC,091202.8,A,5050.49556,N,00419.37144,E,001.41,177.4,021026,000.4,E*58"
13.3425,terug,-300,"#228,YAW,-0.05,GYRO,10,-438,114,ACC,-12,-82,97,ADC,1236,385,6,2,"
13.3425,terug,-300,MM0 ?FF
13.3425,terug,-300,MM1 ?FF
13.3425,terug,-300,MM0 FF=0
13.3642,terug,-300,MM1 FF=0
13.3643,terug,-300,"#229,YAW,-0.05,GYRO,137,-41,54,ACC,-39,-81,162,ADC,1303,387,4,2,"
13.3643,terug,-300,MM0 ?P
13.3643,terug,-300,MM1 ?P
13.3643,terug,-300,MM0 P=-300:300
13.3843,terug,-300,MM1 P=-300:300
13.3843,terug,-300,"#230,YAW,-0.06,GYRO,-111,343,35,ACC,-6,-3,178,ADC,1275,501,6,2,"
13.3843,terug,-300,MM0 ?S
13.3843,terug,-300,MM1 ?S
13.3843,terug,-300,MM0 S=-225:225
13.3843,terug,-300,MM1 S=-300:225
13.4195,terug,-300,MM0 !M -300 300
13.4195,terug,-300,MM1 !M -300 300
13.4195,terug,-300,MM0 +
13.4195,terug,-300,MM1 +
13.4195,terug,-300,"#231,YAW,-0.06,GYRO,-458,228,37,ACC,-98,-25,530,ADC,1249,347,4,2,"
13.4195,terug,-300,MM0 ?T
13.4195,terug,-300,MM1 ?T
13.4195,terug,-300,MM0 T=34:33
13.4196,terug,-300,MM1 T=35:33
13.4404,terug,-300,"#232,YAW,-0.06,GYRO,418,-77,24,ACC,-61,-171,-42,ADC,1258,398,6,2,"
13.4405,terug,-300,MM0 ?V
13.4405,terug,-300,MM1 ?V
13.4405,terug,-300,MM0 V=120:223:4902
13.4405,terug,-300,MM1 V=120:222:4898
13.4405,terug,-300,"#233,YAW,-0.06,GYRO,-284,117,-51,ACC,22,57,120,ADC,1267,393,5,1,"
13.4616,terug,-300,MM0 ?CR
13.4616,terug,-300,MM1 ?CR
13.4616,terug,-300,MM0 CR=-69:67
13.4616,terug,-300,MM1 CR=-69:68
13.4617,terug,-300,"#234,YAW,-0.05,GYRO,321,269,-69,ACC,86,22,248,ADC,1259,399,5,1,"
13.4617,terug,-300,MM0 ?A
13.4617,terug,-300,MM1 ?A
13.4828,terug,-300,MM0 A=-2:3
13.4828,terug,-300,MM1 A=-2:3
13.4828,terug,-300,"#235,YAW,-0.05,GYRO,54,144,-109,ACC,48,-20,376,ADC,1251,397,6,2,"
13.4828,terug,-300,MM0 ?AI
13.4828,terug,-300,MM1 ?AI
13.5174,terug,-300,MM0 AI=0:0:2379:2365:0:0
13.5174,terug,-300,MM1 AI=0:0:2267:2310:0:0
13.5174,terug,-300,MM0 !M -300 300
13.5174,terug,-300,MM1 !M -300 300
13.5174,terug,-300,MM0 +
13.5174,terug,-300,MM1 +
13.5174,terug,-300,"#236,YAW,-0.05,GYRO,-136,-383,-18,ACC,64,60,128,ADC,1317,502,5,2,"
13.5174,terug,-300,MM0 ?C
13.5174,terug,-300,MM1 ?C
13.5174,terug,-300,MM0 C=276:-224
13.5174,terug,-300,MM1 C=1899:-1929
13.5380,terug,-300,"#237,YAW,-0.05,GYRO,-28,407,-9,ACC,10,52,163,ADC,1254,387,6,1,"
13.5381,terug,-300,MM0 ?D
13.5381,terug,-300,MM1 ?D
13.5381,terug,-300,MM1 D=48
13.5381,terug,-300,MM0 D=2
13.5381,terug,-300,"$GPRMC,091203.0,A,5050.49556,N,00419.37145,E,001.39,179.7,021026,000.4,E*52"
13.5586,terug,-300,"#238,YAW,-0.05,GYRO,-38,-192,25,ACC,-91,-29,344,ADC,1222,383,7,2,"
13.5586,terug,-300,MM0 ?FF
13.5586,terug,-300,MM1 ?FF
13.5586,terug,-300,MM0 FF=0
13.5586,terug,-300,MM1 FF=0
13.5795,terug,-300,"#239,YAW,-0.05,GYRO,121,129,17,ACC,-18,-59,113,ADC,1264,502,7,2,"
13.5795,terug,-300,MM0 ?P
13.5795,terug,-300,MM1 ?P
13.5795,terug,-300,MM0 P=-300:300
13.5795,terug,-300,MM1 P=-300:300
13.5795,terug,-300,"#240,YAW,-0.05,GYRO,-91,180,4,ACC,25,35,131,ADC,1250,406,6,1,"
13.6135,terug,-300,MM0 ?S
13.6135,terug,-300,MM1 ?S
13.6135,terug,-300,MM0 S=-225:300
13.6135,terug,-300,MM1 S=-225:225
13.6135,terug,-300,MM1 !M -300 300
13.6135,terug,-300,MM0 !M -300 300
13.6135,terug,-300,MM1 +
13.6135,terug,-300,MM0 +
13.6135,terug,-300,"#241,YAW,-0.05,GYRO,7,3,-13,ACC,-19,31,438,ADC,1211,382,7,2,"
13.6135,terug,-300,MM0 ?T
13.6135,terug,-300,MM1 ?T
13.6135,terug,-300,MM0 T=34:33
13.6135,terug,-300,MM1 T=35:33
13.6345,terug,-300,"#242,YAW,-0.05,GYRO,15,-210,-18,ACC,-18,18,251,ADC,1243,499,5,1,"
13.6346,terug,-300,MM0 ?V
13.6346,terug,-300,MM1 ?V
13.6346,terug,-300,MM0 V=120:225:4904
13.6346,terug,-300,MM1 V=120:223:4898
13.6554,terug,-300,"#243,YAW,-0.05,GYRO,-114,172,-10,ACC,20,14,147,ADC,1260,381,9,2,"
13.6554,terug,-300,MM0 ?CR
13.6554,terug,-300,MM1 ?CR
13.6554,terug,-300,MM0 CR=-70:69
13.6555,terug,-300,MM1 CR=-69:69
13.6766,terug,-300,"#244,YAW,-0.05,GYRO,-74,312,-32,ACC,32,19,252,ADC,1236,500,4,1,"
13.6766,terug,-300,MM0 ?A
13.6766,terug,-300,MM1 ?A
13.6766,terug,-300,MM0 A=-2:3
13.6766,terug,-300,MM1 A=-5:3
13.7104,terug,-300,"#245,YAW,-0.05,GYRO,0,-206,-48,ACC,-7,-13,249,ADC,1249,391,7,2,"
13.7104,terug,-300,MM0 ?AI
13.7104,terug,-300,MM1 ?AI
13.7104,terug,-300,MM0 AI=0:0:2378:2387:0:0
13.7104,terug,-300,MM1 AI=0:0:2283:2306:0:0
13.7104,terug,-300,MM0 !M -300 300
13.7104,terug,-300,MM1 !M -300 300
13.7104,terug,-300,MM0 +
13.7104,terug,-300,MM1 +
13.7104,terug,-300,"#246,YAW,-0.05,GYRO,-35,-102,-44,ACC,8,-20,332,ADC,1283,502,5,2,"
13.7104,terug,-300,MM0 ?C
13.7104,terug,-300,MM1 ?C
13.7104,terug,-300,MM0 C=206:-155
13.7104,terug,-300,MM1 C=1831:-1860
13.7315,terug,-300,"#247,YAW,-0.05,GYRO,109,328,-33,ACC,1,-5,183,ADC,1293,501,4,2,"
13.7315,terug,-300,MM0 ?D
13.7315,terug,-300,MM1 ?D
13.7315,terug,-300,MM0 D=17
13.7315,terug,-300,MM1 D=32
13.7315,terug,-300,"$GPRMC,091203.2,A,5050.49558,N,00419.37145,E,001.36,181.9,021026,000.4,E*58"
13.7545,terug,-300,"#248,YAW,-0.05,GYRO,57,27,-26,ACC,19,-12,310,ADC,1248,496,3,2,"
13.7545,terug,-300,MM0 ?FF
13.7545,terug,-300,MM1 ?FF
13.7545,terug,-300,MM0 FF=0
13.7546,terug,-300,MM1 FF=0
13.7740,terug,-300,"#249,YAW,-0.05,GYRO,-115,158,-30,ACC,-31,55,328,ADC,1260,501,3,2,"
13.7741,terug,-300,MM0 ?P
13.7741,terug,-300,MM1 ?P
13.7741,terug,-300,MM0 P=-300:300
13.7741,terug,-300,MM1 P=-300:300
13.8344,terug,-300,"#250,YAW,-0.05,GYRO,7,-51,-4,ACC,40,11,182,ADC,1242,383,7,2,"
13.8345,terug,-300,MM0 ?S
13.8345,terug,-300,MM1 ?S
13.8345,terug,-300,MM0 S=-300:225
13.8345,terug,-300,MM1 S=-225:300
13.8345,terug,-300,"#251,YAW,-0.05,GYRO,-4,104,-26,ACC,-1,-18,282,ADC,1225,384,4,2,"
13.8345,terug,-300,MM0 ?T
13.8345,terug,-300,MM1 ?T
13.8345,terug,-300,MM0 T=34:33
13.8345,terug,-300,MM1 T=35:33
13.8345,terug,-300,MM0 !M -300 300
13.8345,terug,-300,MM1 !M -300 300
13.8345,terug,-300,MM0 +
13.8345,terug,-300,MM1 +
13.8345,terug,-300,"#252,YAW,-0.05,GYRO,3,-65,-46,ACC,-21,-19,228,ADC,1273,387,5,2,"
13.8345,terug,-300,MM0 ?V
13.8345,terug,-300,MM1 ?V
13.8345,terug,-300,MM0 V=120:223:4903
13.8443,terug,-300,MM1 V=120:223:4898
13.8443,terug,-300,"#253,YAW,-0.05,GYRO,-65,92,-25,ACC,18,-5,283,ADC,1262,388,7,2,"
13.8443,terug,-300,MM0 ?CR
13.8443,terug,-300,MM1 ?CR
13.8443,terug,-300,MM0 CR=-70:70
13.8443,terug,-300,MM1 CR=-69:70
13.8655,terug,-300,"#254,YAW,-0.05,GYRO,-30,189,-13,ACC,-20,13,312,ADC,1232,389,8,2,"
13.8655,terug,-300,MM0 ?A
13.8655,terug,-300,MM1 ?A
13.8655,terug,-300,MM0 A=-2:3
13.8655,terug,-300,MM1 A=-5:3
13.8863,terug,-300,"#255,YAW,-0.05,GYRO,-66,-369,24,ACC,-22,22,167,ADC,1276,392,6,2,"
13.8863,terug,-300,MM0 ?AI
13.8863,terug,-300,MM1 ?AI
13.8863,terug,-300,MM0 AI=0:0:2400:2398:0:0
13.8863,terug,-300,MM1 AI=0:0:2273:2263:0:0
13.9209,terug,-300,MM0 !M -300 300
13.9209,terug,-300,MM1 !M -300 300
13.9209,terug,-300,MM0 +
13.9209,terug,-300,MM1 +
13.9209,terug,-300,"#0,YAW,-0.05,GYRO,78,-73,41,ACC,-9,-16,187,ADC,1272,391,6,2,"
13.9209,terug,-300,MM0 ?C
13.9209,terug,-300,MM1 ?C
13.9209,terug,-300,MM0 C=137:-86
13.9210,terug,-300,MM1 C=1762:-1791
13.9210,terug,-300,"#1,YAW,-0.05,GYRO,-68,427,24,ACC,9,0,305,ADC,1241,398,5,2,"
13.9210,terug,-300,MM0 ?D
13.9420,terug,-300,MM1 ?D
13.9420,terug,-300,MM0 D=48
13.9420,terug,-300,MM1 D=2
13.9420,terug,-300,"$GPRMC,091203.4,A,5050.49556,N,00419.37150,E,001.33,182.2,021026,000.4,E*59"
13.9420,terug,-300,"#2,YAW,-0.05,GYRO,66,-32,-10,ACC,-18,-5,311,ADC,1272,391,4,2,"
13.9420,terug,-300,MM0 ?FF
13.9420,terug,-300,MM1 ?FF
13.9628,terug,-300,MM0 FF=0
13.9628,terug,-300,MM1 FF=0
13.9628,terug,-300,"#3,YAW,-0.06,GYRO,86,-242,-6,ACC,-33,27,168,ADC,1232,392,7,2,"
13.9628,terug,-300,MM0 ?P
13.9628,terug,-300,MM1 ?P
13.9628,terug,-300,MM0 P=-300:300
13.9833,terug,-300,MM1 P=-300:300
13.9833,terug,-300,"#4,YAW,-0.06,GYRO,-105,239,-22,ACC,1,38,228,ADC,1233,501,6,2,"
13.9834,terug,-300,MM0 ?S
13.9834,terug,-300,MM1 ?S
13.9834,terug,-300,MM0 S=-225:300
14.0206,terug,-300,MM1 S=-225:225
14.0206,terug,-300,MM0 !M -300 300
14.0206,terug,-300,MM1 !M -300 300
14.0206,terug,-300,MM0 +
14.0206,terug,-300,MM1 +
14.0206,terug,-300,"#5,YAW,-0.05,GYRO,14,389,-26,ACC,8,2,453,ADC,1277,299,4,2,"
14.0206,terug,-300,MM0 ?T
14.0206,terug,-300,MM1 ?T
14.0206,terug,-300,MM0 T=34:33
14.0206,terug,-300,MM1 T=35:33
14.0206,terug,-300,"#6,YAW,-0.05,GYRO,42,-424,-6,ACC,15,-20,86,ADC,1248,384,9,2,"
14.0206,terug,-300,MM0 ?V
14.0417,terug,-300,MM1 ?V
14.0417,terug,-300,MM0 V=120:223:4902
14.0417,terug,-300,MM1 V=120:222:4897
14.0417,terug,-300,"#7,YAW,-0.05,GYRO,-80,81,-17,ACC,3,-29,197,ADC,1275,390,5,2,"
14.0417,terug,-300,MM0 ?CR
14.0417,terug,-300,MM1 ?CR
14.0624,terug,-300,MM0 CR=-70:69
14.0624,terug,-300,MM1 CR=-69:68
14.0624,terug,-300,"#8,YAW,-0.05,GYRO,21,426,-3,ACC,19,2,351,ADC,1224,387,5,1,"
14.0624,terug,-300,MM0 ?A
14.0624,terug,-300,MM1 ?A
14.0625,terug,-300,MM1 A=-2:3
14.0836,terug,-300,MM0 A=0:0
14.0836,terug,-300,"#9,YAW,-0.05,GYRO,-48,-174,-18,ACC,-10,1,283,ADC,1272,500,6,2,"
14.0836,terug,-300,MM1 ?AI
14.0836,terug,-300,MM0 ?AI
14.0836,terug,-300,MM1 AI=0:0:2294:2319:0:0
14.1176,terug,-300,MM0 AI=0:0:2386:2370:0:0
14.1177,terug,-300,MM1 !M -300 300
14.1177,terug,-300,MM0 !M -300 300
14.1177,terug,-300,MM1 +
14.1177,terug,-300,MM0 +
14.1177,terug,-300,"#10,YAW,-0.05,GYRO,62,-180,7,ACC,-26,3,221,ADC,1243,272,4,1,"
14.1177,terug,-300,MM0 ?C
14.1177,terug,-300,MM1 ?C
14.1177,terug,-300,MM0 C=67:-16
14.1177,terug,-300,MM1 C=1692:-1722
14.1385,terug,-300,"#11,YAW,-0.05,GYRO,-21,249,-1,ACC,25,10,133,ADC,1267,385,5,1,"
14.1385,terug,-300,MM0 ?D
14.1385,terug,-300,MM1 ?D
14.1385,terug,-300,MM1 D=17
14.1385,terug,-300,MM0 D=1
14.1385,terug,-300,"$GPRMC,091203.6,A,5050.49550,N,00419.37152,E,001.30,183.9,021026,000.4,E*56"
14.1605,terug,-300,"#12,YAW,-0.05,GYRO,12,152,-15,ACC,-2,-16,451,ADC,1280,387,5,2,"
14.1605,terug,-300,MM1 ?FF
14.1605,terug,-300,MM0 ?FF
14.1605,terug,-300,MM1 FF=0
14.1605,terug,-300,MM0 FF=0
14.1807,terug,-300,"#13,YAW,-0.06,GYRO,-50,-239,-11,ACC,-17,19,217,ADC,1275,399,6,2,"
14.1807,terug,-300,MM0 ?P
14.1807,terug,-300,MM1 ?P
14.1807,terug,-300,MM0 P=-300:300
14.1807,terug,-300,MM1 P=-300:300
14.1807,terug,-300,"#14,YAW,-0.06,GYRO,12,140,-22,ACC,45,15,214,ADC,1236,500,4,2,"
14.1807,terug,-300,MM0 ?S
14.2144,terug,-300,MM1 ?S
14.2144,terug,-300,MM0 S=-225:300
14.2144,terug,-300,MM1 S=-225:300
14.2145,terug,-300,MM1 !M -300 300
14.2145,terug,-300,MM0 !M -300 300
14.2145,terug,-300,MM1 +
14.2145,terug,-300,MM0 +
14.2146,terug,-300,"#15,YAW,-0.06,GYRO,31,238,-21,ACC,-6,-6,349,ADC,1300,394,6,1,"
14.2146,terug,-300,MM0 ?T
14.2146,terug,-300,MM1 ?T
14.2146,terug,-300,MM0 T=34:33
14.2146,terug,-300,MM1 T=35:33
14.2355,terug,-300,"#16,YAW,-0.06,GYRO,-26,-124,-22,ACC,1,-5,172,ADC,1266,387,5,2,"
14.2355,terug,-300,MM0 ?V
14.2355,terug,-300,MM1 ?V
14.2355,terug,-300,MM0 V=120:221:4903
14.2355,terug,-300,MM1 V=120:223:4897
14.2569,terug,-300,"#17,YAW,-0.06,GYRO,-23,116,3,ACC,14,5,161,ADC,1258,500,5,2,"
14.2569,terug,-300,MM1 ?CR
14.2569,terug,-300,MM0 ?CR
14.2569,terug,-300,MM1 CR=-70:70
14.2569,terug,-300,MM0 CR=-70:70
14.2803,terug,-300,"#18,YAW,-0.06,GYRO,12,311,-9,ACC,9,-4,372,ADC,1242,384,4,2,"
14.2803,terug,-300,MM0 ?A
14.2803,terug,-300,MM1 ?A
14.2803,terug,-300,MM1 A=-2:3
14.2804,terug,-300,MM0 A=0:3
14.3153,terug,-300,"#19,YAW,-0.06,GYRO,-112,-135,-22,ACC,8,-2,249,ADC,1287,501,6,2,"
14.3153,terug,-300,MM1 ?AI
14.3153,terug,-300,MM0 ?AI
14.3153,terug,-300,MM1 AI=0:0:2297:2202:0:0
14.3153,terug,-300,MM0 AI=0:0:2367:2314:0:0
14.3153,terug,-300,"#20,YAW,-0.06,GYRO,-40,-209,2,ACC,-16,-5,265,ADC,1240,385,5,2,"
14.3153,terug,-300,MM1 ?C
14.3153,terug,-300,MM0 ?C
14.3153,terug,-300,MM0 C=-4:54
14.3154,terug,-300,MM1 C=1622:-1653
14.3355,terug,-300,"#21,YAW,-0.06,GYRO,20,238,-7,ACC,12,-3,236,ADC,1219,382,7,1,"
14.3355,terug,-300,MM1 ?D
14.3355,terug,-300,MM0 ?D
14.3355,terug,-300,MM1 D=50
14.3355,terug,-300,MM0 D=50
14.3355,terug,-300,"$GPRMC,091203.8,A,5050.49551,N,00419.37154,E,001.27,185.7,021026,000.4,E*51"
14.3567,terug,-300,"#22,YAW,-0.06,GYRO,4,98,-17,ACC,5,-18,291,ADC,1274,501,7,2,"
14.3567,terug,-300,MM1 ?FF
14.3567,terug,-300,MM0 ?FF
14.3567,terug,-300,MM1 FF=0
14.3567,terug,-300,MM0 FF=0
14.3783,terug,-300,"#23,YAW,-0.06,GYRO,25,-181,-11,ACC,-21,-16,282,ADC,1234,403,4,2,"
14.3783,terug,-300,MM1 ?P
14.3783,terug,-300,MM0 ?P
14.3783,terug,-300,MM1 P=-300:300
14.3784,terug,-300,MM0 P=-300:300
14.4002,terug,-300,"#24,YAW,-0.06,GYRO,26,4,0,ACC,6,-6,170,ADC,1256,501,4,2,"
14.4002,terug,-300,MM1 ?S
14.4002,terug,-300,MM0 ?S
14.4002,terug,-300,MM1 S=-300:225
14.4002,terug,-300,MM0 S=-225:300
14.4359,terug,-300,"#25,YAW,-0.06,GYRO,-50,291,11,ACC,-6,32,349,ADC,1280,393,6,1,"
14.4359,terug,-300,MM1 ?T
14.4359,terug,-300,MM0 ?T
14.4359,terug,-300,MM1 T=35:33
14.4359,terug,-300,MM0 T=34:33
14.4359,terug,-300,MM0 !M -300 300
14.4359,terug,-300,MM1 !M -300 300
14.4359,terug,-300,MM0 +
14.4359,terug,-300,MM1 +
14.4359,terug,-300,MM0 PING
14.4359,terug,-300,MM1 PING
14.4359,terug,-300,"#26,YAW,-0.06,GYRO,38,-203,24,ACC,29,-13,208,ADC,1284,390,4,2,"
14.4359,terug,-300,MM1 ?V
14.4359,terug,-300,MM0 ?V
14.4359,terug,-300,MM1 V=120:223:4896
14.4359,terug,-300,MM0 V=120:222:4902
14.4565,terug,-300,"#27,YAW,-0.07,GYRO,70,92,32,ACC,8,-25,177,ADC,1295,501,4,2,"
14.4565,terug,-300,MM1 ?CR
14.4565,terug,-300,MM0 ?CR
14.4565,terug,-300,MM1 CR=-70:69
14.4565,terug,-300,MM0 CR=-70:69
14.4777,terug,-300,"#28,YAW,-0.07,GYRO,-122,290,21,ACC,22,53,174,ADC,1247,391,8,2,"
14.4777,terug,-300,MM1 ?A
14.4777,terug,-300,MM0 ?A
14.4777,terug,-300,MM1 A=-2:3
14.4777,terug,-300,MM0 A=-2:3
14.5266,terug,-300,"#29,YAW,-0.07,GYRO,76,-128,-11,ACC,-34,29,438,ADC,1233,382,7,2,"
14.5266,terug,-300,MM1 ?AI
14.5266,terug,-300,MM0 ?AI
14.5266,terug,-300,MM1 AI=0:0:2266:2264:0:0
14.5266,terug,-300,MM0 AI=0:0:2381:2370:0:0
14.5266,terug,-300,MM0 !M -300 300
14.5266,terug,-300,MM1 !M -300 300
14.5266,terug,-300,MM0 +
14.5267,terug,-300,MM1 +
14.5267,terug,-300,MM0 PING
14.5267,terug,-300,MM1 PING
14.5267,terug,-300,"#30,YAW,-0.07,GYRO,63,-63,-3,ACC,-7,17,219,ADC,1280,395,4,1,"
14.5267,terug,-300,MM1 ?C
14.5267,terug,-300,MM0 ?C
14.5267,terug,-300,MM1 C=1552:-1583
14.5267,terug,-300,MM0 C=-74:123
14.5267,terug,-300,"#31,YAW,-0.07,GYRO,-133,199,-13,ACC,33,46,164,ADC,1243,386,4,2,"
14.5267,terug,-300,MM1 ?D
14.5267,terug,-300,MM0 ?D
14.5267,terug,-300,MM0 D=32
14.5267,terug,-300,MM1 D=1
14.5473,terug,-300,"$GPRMC,091204.0,A,5050.49561,N,00419.37147,E,001.24,193.5,021026,000.4,E*59"
14.5473,terug,-300,"#32,YAW,-0.06,GYRO,-13,9,-38,ACC,-12,18,346,ADC,1234,387,6,1,"
14.5473,terug,-300,MM1 ?FF
14.5473,terug,-300,MM0 ?FF
14.5473,terug,-300,MM1 FF=0
14.5473,terug,-300,MM0 FF=0
14.5684,terug,-300,"#33,YAW,-0.08,GYRO,29,-119,-21,ACC,-19,-8,290,ADC,1222,499,3,2,"
14.5684,terug,-300,MM1 ?P
14.5685,terug,-300,MM0 ?P
14.5685,terug,-300,MM1 P=-300:300
14.5685,terug,-300,MM0 P=-300:300
14.5903,terug,-292,"#34,YAW,-0.08,GYRO,55,132,-28,ACC,15,-25,110,ADC,1265,494,5,2,"
14.5904,terug,-292,MM1 ?S
14.5904,terug,-292,MM0 ?S
14.5904,terug,-292,MM1 S=-300:225
14.5904,terug,-292,MM0 S=-300:225
14.5904,terug,-292,MM0 !M -300 300
14.5904,terug,-292,MM1 !M -300 300
14.5904,terug,-292,MM0 +
14.5904,terug,-292,MM1 +
14.5904,terug,-292,MM0 PING
14.6275,terug,-292,MM1 PING
14.6275,terug,-292,"#35,YAW,-0.08,GYRO,36,238,-30,ACC,33,6,227,ADC,1220,386,6,2,"
14.6275,terug,-292,MM1 ?T
14.6275,terug,-292,MM0 ?T
14.6275,terug,-292,MM1 T=35:33
14.6275,terug,-292,MM0 T=34:33
14.6275,terug,-292,"#36,YAW,-0.08,GYRO,8,54,-24,ACC,9,24,283,ADC,1277,500,5,2,"
14.6275,terug,-292,MM1 ?V
14.6275,terug,-292,MM0 ?V
14.6275,terug,-292,MM1 V=120:222:4898
14.6275,terug,-292,MM0 V=120:223:4903
14.6485,terug,-292,"#37,YAW,-0.08,GYRO,-94,-150,1,ACC,-6,51,334,ADC,1231,416,7,2,"
14.6485,terug,-292,MM1 ?CR
14.6485,terug,-292,MM0 ?CR
14.6485,terug,-292,MM1 CR=-70:70
14.6485,terug,-292,MM0 CR=-71:70
14.6707,terug,-292,"#38,YAW,-0.08,GYRO,3,247,-29,ACC,-2,16,211,ADC,1276,501,6,2,"
14.6707,terug,-292,MM1 ?A
14.6708,terug,-292,MM0 ?A
14.6708,terug,-292,MM1 A=-5:3
14.6708,terug,-292,MM0 A=-2:3
14.7008,terug,-232,"#39,YAW,-0.08,GYRO,41,-79,-42,ACC,16,-22,210,ADC,1253,498,5,2,"
14.7008,terug,-232,MM1 ?AI
14.7009,terug,-232,MM0 ?AI
14.7009,terug,-232,MM1 AI=0:0:2262:2310:0:0
14.7009,terug,-232,MM0 AI=0:0:2384:2374:0:0
14.7119,terug,-232,MM0 !M -292 292
14.7119,terug,-232,MM1 !M -292 292
14.7119,terug,-232,MM0 +
14.7119,terug,-232,MM1 +
14.7119,terug,-232,MM1 PING
14.7119,terug,-232,MM0 PING
14.7119,terug,-232,"#40,YAW,-0.07,GYRO,-94,-37,-38,ACC,-30,24,267,ADC,1257,315,7,1,"
14.7119,terug,-232,MM1 ?C
14.7119,terug,-232,MM0 ?C
14.7119,terug,-232,MM0 C=-145:193
14.7119,terug,-232,MM1 C=1483:-1513
14.7504,terug,-232,"#41,YAW,-0.07,GYRO,-20,198,-33,ACC,23,-18,273,ADC,1217,380,7,2,"
14.7504,terug,-232,MM1 ?D
14.7504,terug,-232,MM0 ?D
14.7505,terug,-232,MM1 D=48
14.7505,terug,-232,MM0 D=19
14.7505,terug,-232,MM1 !M -232 232
14.7505,terug,-232,MM0 !M -232 232
14.7505,terug,-232,MM1 +
14.7505,terug,-232,MM0 +
14.7505,terug,-232,"$GPRMC,091204.2,A,5050.49573,N,00419.37140,E,001.20,203.0,021026,000.4,E*54"
14.7505,terug,-232,"#42,YAW,-0.07,GYRO,-87,14,-19,ACC,-15,7,252,ADC,1221,277,6,1,"
14.7505,terug,-232,MM0 ?FF
14.7505,terug,-232,MM1 ?FF
14.7505,terug,-232,MM0 FF=0
14.7505,terug,-232,MM1 FF=0
14.7714,terug,-232,"#43,YAW,-0.10,GYRO,30,-274,32,ACC,16,-17,107,ADC,1255,386,5,2,"
14.7714,terug,-232,MM1 ?P
14.7714,terug,-232,MM0 ?P
14.7714,terug,-232,MM1 P=-232:232
14.7714,terug,-232,MM0 P=-232:232
14.7922,terug,-172,"#44,YAW,-0.10,GYRO,-124,49,13,ACC,11,-6,403,ADC,1282,498,5,2,"
14.7922,terug,-172,MM1 ?S
14.7922,terug,-172,MM0 ?S
14.7922,terug,-172,MM1 S=-225:300
14.7922,terug,-172,MM0 S=-300:225
14.8264,terug,-172,"#45,YAW,-0.10,GYRO,138,326,-3,ACC,61,-31,343,ADC,1255,501,5,2,"
14.8264,terug,-172,MM1 ?T
14.8264,terug,-172,MM0 ?T
14.8264,terug,-172,MM1 T=35:33
14.8264,terug,-172,MM0 T=34:33
14.8264,terug,-172,"#46,YAW,-0.10,GYRO,-5,-132,-32,ACC,14,2,147,ADC,1268,500,6,2,"
14.8264,terug,-172,MM1 ?V
14.8264,terug,-172,MM0 ?V
14.8264,terug,-172,MM1 V=120:223:4897
14.8264,terug,-172,MM0 V=120:224:4903
14.8475,terug,-172,"#47,YAW,-0.10,GYRO,-30,-65,-17,ACC,13,18,211,ADC,1280,385,5,2,"
14.8475,terug,-172,MM1 ?CR
14.8475,terug,-172,MM0 ?CR
14.8475,terug,-172,MM1 CR=-65:66
14.8475,terug,-172,MM0 CR=-66:66
14.8682,terug,-172,"#48,YAW,-0.10,GYRO,-35,225,-19,ACC,28,23,253,ADC,1234,399,8,1,"
14.8684,terug,-172,MM1 ?A
14.8684,terug,-172,MM0 ?A
14.8684,terug,-172,MM0 A=4:-3
14.8684,terug,-172,MM1 A=4:0
14.8897,terug,-111,"#49,YAW,-0.09,GYRO,1,228,-22,ACC,-10,0,391,ADC,1301,500,5,2,"
14.8897,terug,-111,MM1 ?AI
14.8897,terug,-111,MM0 ?AI
14.8897,terug,-111,MM1 AI=0:0:2272:2185:0:0
14.8897,terug,-111,MM0 AI=0:0:2367:2364:0:0
14.8897,terug,-111,MM0 !M -172 172
14.8897,terug,-111,MM1 !M -172 172
14.8897,terug,-111,MM0 +
14.9234,terug,-111,MM1 +
14.9234,terug,-111,MM1 PING
14.9234,terug,-111,MM0 PING
14.9234,terug,-111,"#50,YAW,-0.09,GYRO,7,-202,-31,ACC,14,3,159,ADC,1247,390,5,2,"
14.9234,terug,-111,MM0 ?C
14.9234,terug,-111,MM1 ?C
14.9234,terug,-111,MM0 C=-208:256
14.9234,terug,-111,MM1 C=1420:-1450
14.9234,terug,-111,MM0 !M -111 111
14.9234,terug,-111,MM1 !M -111 111
14.9234,terug,-111,MM0 +
14.9234,terug,-111,MM1 +
14.9235,terug,-111,"#51,YAW,-0.09,GYRO,-32,-93,9,ACC,96,4,289,ADC,1267,498,4,1,"
14.9235,terug,-111,MM1 ?D
14.9235,terug,-111,MM0 ?D
14.9235,terug,-111,MM0 D=49
14.9235,terug,-111,MM1 D=32
14.9444,terug,-111,"$GPRMC,091204.4,A,5050.49580,N,00419.37129,E,001.19,212.8,021026,000.4,E*53"
14.9444,terug,-111,"#52,YAW,-0.09,GYRO,69,327,-8,ACC,80,9,240,ADC,1251,502,6,2,"
14.9444,terug,-111,MM0 ?FF
14.9444,terug,-111,MM1 ?FF
14.9444,terug,-111,MM0 FF=0
14.9444,terug,-111,MM1 FF=0
14.9654,terug,-111,"#53,YAW,-0.13,GYRO,-17,22,8,ACC,82,0,274,ADC,1270,495,5,2,"
14.9654,terug,-111,MM0 ?P
14.9654,terug,-111,MM1 ?P
14.9654,terug,-111,MM0 P=-111:111
14.9654,terug,-111,MM1 P=-111:111
14.9862,terug,-51,"#54,YAW,-0.12,GYRO,-4,-2,-31,ACC,47,7,278,ADC,1232,384,4,1,"
14.9862,terug,-51,MM0 ?S
14.9862,terug,-51,MM1 ?S
14.9862,terug,-51,MM0 S=-150:150
14.9862,terug,-51,MM1 S=-150:225
15.0205,terug,-51,MM1 !M -51 51
15.0205,terug,-51,MM0 !M -51 51
15.0205,terug,-51,MM1 +
15.0205,terug,-51,MM0 +
15.0205,terug,-51,"#55,YAW,-0.12,GYRO,4,-10,-26,ACC,63,1,237,ADC,1245,353,9,2,"
15.0205,terug,-51,MM1 ?T
15.0205,terug,-51,MM0 ?T
15.0205,terug,-51,MM1 T=35:33
15.0205,terug,-51,MM0 T=34:33
15.0205,terug,-51,"#56,YAW,-0.12,GYRO,-9,-22,-7,ACC,87,4,243,ADC,1263,501,4,2,"
15.0205,terug,-51,MM0 ?V
15.0415,terug,-51,MM1 ?V
15.0415,terug,-51,MM0 V=120:224:4902
15.0415,terug,-51,MM1 V=120:223:4897
15.0415,terug,-51,"#57,YAW,-0.12,GYRO,15,98,4,ACC,72,6,268,ADC,1273,503,6,2,"
15.0415,terug,-51,MM0 ?CR
15.0415,terug,-51,MM1 ?CR
15.0625,terug,-51,MM0 CR=-48:48
15.0625,terug,-51,MM1 CR=-48:49
15.0625,terug,-51,"#58,YAW,-0.12,GYRO,3,119,20,ACC,62,6,254,ADC,1268,500,5,2,"
15.0625,terug,-51,MM1 ?A
15.0625,terug,-51,MM0 ?A
15.0625,terug,-51,MM0 A=5:-4
15.0835,uitbollen,0,MM1 A=5:-4
15.0836,uitbollen,0,"#59,YAW,-0.12,GYRO,-1,40,9,ACC,51,7,270,ADC,1271,406,4,2,"
15.0836,uitbollen,0,MM0 ?AI
15.0836,uitbollen,0,MM1 ?AI
15.0836,uitbollen,0,MM0 AI=0:0:2359:2380:0:0
15.1187,uitbollen,0,MM1 AI=0:0:2310:2248:0:0
15.1188,uitbollen,0,MM1 !M 0 0
15.1188,uitbollen,0,MM0 !M 0 0
15.1188,uitbollen,0,MM1 +
15.1188,uitbollen,0,MM0 +
15.1188,uitbollen,0,MM1 !M 0 0
15.1188,uitbollen,0,MM0 !M 0 0
15.1188,uitbollen,0,MM1 +
15.1188,uitbollen,0,MM0 +
15.1188,uitbollen,0,"#60,YAW,-0.12,GYRO,-47,8,-18,ACC,42,11,264,ADC,1225,267,6,2,"
15.1188,uitbollen,0,MM0 ?C
15.1188,uitbollen,0,MM1 ?C
15.1188,uitbollen,0,MM0 C=-246:294
15.1188,uitbollen,0,MM1 C=1383:-1412
15.1386,uitbollen,0,"#61,YAW,-0.12,GYRO,4,-29,-54,ACC,80,1,236,ADC,1223,386,5,2,"
15.1386,uitbollen,0,MM0 ?D
15.1386,uitbollen,0,MM1 ?D
15.1386,uitbollen,0,MM0 D=19
15.1386,uitbollen,0,MM1 D=49
15.1386,uitbollen,0,"$GPRMC,091204.6,A,5050.49574,N,00419.37125,E,001.17,222.5,021026,000.4,E*56"
15.1600,uitbollen,0,"#62,YAW,-0.12,GYRO,-3,40,-67,ACC,54,-10,258,ADC,1223,396,6,1,"
15.1600,uitbollen,0,MM0 ?FF
15.1600,uitbollen,0,MM1 ?FF
15.1600,uitbollen,0,MM0 FF=0
15.1600,uitbollen,0,MM1 FF=0
15.1600,uitbollen,0,"#63,YAW,-0.16,GYRO,-8,95,-39,ACC,50,-4,274,ADC,1281,392,8,2,"
15.1857,uitbollen,0,MM0 ?P
15.1857,uitbollen,0,MM1 ?P
15.1857,uitbollen,0,MM0 P=0:0
15.1857,uitbollen,0,MM1 P=0:0
15.1857,uitbollen,0,"#64,YAW,-0.16,GYRO,-12,20,2,ACC,39,4,242,ADC,1248,390,8,1,"
15.1858,uitbollen,0,MM0 ?S
15.2108,uitbollen,0,MM1 ?S
15.2108,uitbollen,0,MM1 S=0:75
15.2108,uitbollen,0,MM0 S=-75:0
15.2108,uitbollen,0,"#65,YAW,-0.16,GYRO,-7,33,39,ACC,38,3,248,ADC,1258,381,5,2,"
15.2108,uitbollen,0,MM0 ?T
15.2234,uitbollen,0,MM1 ?T
15.2234,uitbollen,0,MM0 T=34:33
15.2234,uitbollen,0,MM1 T=35:33
15.2234,uitbollen,0,"#66,YAW,-0.16,GYRO,-6,90,25,ACC,36,1,260,ADC,1256,393,3,2,"
15.2234,uitbollen,0,MM0 ?V
15.2234,uitbollen,0,MM1 ?V
15.2234,uitbollen,0,MM0 V=120:224:4903
15.2433,uitbollen,0,MM1 V=120:230:4897
15.2433,uitbollen,0,"#67,YAW,-0.16,GYRO,-16,15,11,ACC,19,-11,250,ADC,1247,387,5,1,"
15.2433,uitbollen,0,MM0 ?CR
15.2433,uitbollen,0,MM1 ?CR
15.2433,uitbollen,0,MM0 CR=-16:15
15.2643,uitbollen,0,MM1 CR=-16:16
15.2643,uitbollen,0,"#68,YAW,-0.16,GYRO,1,68,-29,ACC,19,-1,250,ADC,1254,500,5,2,"
15.2643,uitbollen,0,MM0 ?A
15.2644,uitbollen,0,MM1 ?A
15.2644,uitbollen,0,MM0 A=0:0
15.2644,uitbollen,0,MM1 A=0:0
15.2859,uitbollen,0,"#69,YAW,-0.16,GYRO,-7,59,-11,ACC,20,6,262,ADC,1262,500,5,2,"
15.2859,uitbollen,0,MM0 ?AI
15.2859,uitbollen,0,MM1 ?AI
15.2859,uitbollen,0,MM0 AI=0:0:2370:2379:0:0
15.3229,uitbollen,0,MM1 AI=0:0:2297:2301:0:0
15.3230,uitbollen,0,MM1 !M 0 0PING
15.3230,uitbollen,0,MM0 !M 0 0PING
15.3230,uitbollen,0,MM1 +
15.3230,uitbollen,0,MM0 +
15.3230,uitbollen,0,MM0 !M 0 0
15.3230,uitbollen,0,MM1 !M 0 0
15.3230,uitbollen,0,MM0 +
15.3230,uitbollen,0,"#70,YAW,-0.16,GYRO,-9,33,8,ACC,21,9,253,ADC,1217,323,5,2,"
15.3230,uitbollen,0,MM1 +
15.3230,uitbollen,0,MM0 ?C
15.3230,uitbollen,0,MM1 ?C
15.3230,uitbollen,0,MM0 C=-255:302
15.3230,uitbollen,0,MM1 C=1374:-1402
15.3230,uitbollen,0,"#71,YAW,-0.16,GYRO,-7,53,8,ACC,23,0,255,ADC,1240,390,7,2,"
15.3230,uitbollen,0,MM0 ?D
15.3230,uitbollen,0,MM1 ?D
15.3230,uitbollen,0,MM0 D=34
15.3230,uitbollen,0,MM1 D=49
15.3433,uitbollen,0,"$GPRMC,091204.8,A,5050.49578,N,00419.37121,E,001.15,231.7,021026,000.4,E*52"
15.3434,uitbollen,0,"#72,YAW,-0.16,GYRO,-7,50,-9,ACC,10,-4,257,ADC,1275,390,5,2,"
15.3434,uitbollen,0,MM0 ?FF
15.3434,uitbollen,0,MM1 ?FF
15.3434,uitbollen,0,MM0 FF=0
15.3434,uitbollen,0,MM1 FF=0
15.3650,uitbollen,0,"#73,YAW,-0.20,GYRO,-3,54,-21,ACC,9,1,253,ADC,1274,501,7,2,"
15.3650,uitbollen,0,MM0 ?P
15.3650,uitbollen,0,MM1 ?P
15.3651,uitbollen,0,MM0 P=0:0
15.3651,uitbollen,0,MM1 P=0:0
15.3850,uitbollen,0,"#74,YAW,-0.20,GYRO,-8,46,-25,ACC,4,13,254,ADC,1255,499,6,2,"
15.3850,uitbollen,0,MM0 ?S
15.3850,uitbollen,0,MM1 ?S
15.3850,uitbollen,0,MM0 S=0:0
15.3850,uitbollen,0,MM1 S=0:0
15.4227,uitbollen,0,MM0 !M 0 0
15.4227,uitbollen,0,MM1 !M 0 0
15.4227,uitbollen,0,MM0 +
15.4227,uitbollen,0,MM1 +
15.4227,uitbollen,0,"#75,YAW,-0.20,GYRO,-6,47,-18,ACC,0,5,258,ADC,1269,322,7,2,"
15.4227,uitbollen,0,MM0 ?T
15.4228,uitbollen,0,MM1 ?T
15.4228,uitbollen,0,MM0 T=34:33
15.4228,uitbollen,0,MM1 T=35:33
15.4228,uitbollen,0,"#76,YAW,-0.20,GYRO,-9,43,-10,ACC,-1,2,254,ADC,1276,500,4,2,"
15.4228,uitbollen,0,MM0 ?V
15.4228,uitbollen,0,MM1 ?V
15.4504,uitbollen,0,MM0 V=120:224:4903
15.4505,uitbollen,0,MM1 V=120:223:4899
15.4505,uitbollen,0,"#77,YAW,-0.20,GYRO,-7,44,-2,ACC,5,0,257,ADC,1281,381,5,2,"
15.4505,uitbollen,0,MM0 ?CR
15.4505,uitbollen,0,MM1 ?CR
15.4505,uitbollen,0,MM0 CR=-1:1
15.4632,uitbollen,0,MM1 CR=-1:0
15.4632,uitbollen,0,"#78,YAW,-0.20,GYRO,-7,48,-2,ACC,1,1,258,ADC,1243,498,4,2,"
15.4632,uitbollen,0,MM0 ?A
15.4632,uitbollen,0,MM1 ?A
15.4632,uitbollen,0,MM0 A=0:0
15.4632,uitbollen,0,MM1 A=0:0
15.4845,uitbollen,0,"#79,YAW,-0.20,GYRO,-8,42,-8,ACC,0,7,254,ADC,1275,500,5,1,"
15.4845,uitbollen,0,MM0 ?AI
15.4845,uitbollen,0,MM1 ?AI
15.4845,uitbollen,0,MM0 AI=0:0:2378:2383:0:0
15.5186,uitbollen,0,MM1 AI=0:0:2283:2286:0:0
15.5186,uitbollen,0,MM1 !M 0 0
15.5186,uitbollen,0,MM0 !M 0 0
15.5186,uitbollen,0,MM1 +
15.5186,uitbollen,0,MM0 +
15.5186,uitbollen,0,"#80,YAW,-0.20,GYRO,-6,46,-11,ACC,0,1,257,ADC,1280,499,4,1,"
15.5186,uitbollen,0,MM0 ?C
15.5186,uitbollen,0,MM1 ?C
15.5188,uitbollen,0,MM0 C=-255:302
15.5189,uitbollen,0,MM1 C=1373:-1403
15.5394,uitbollen,0,"#81,YAW,-0.20,GYRO,-9,43,-11,ACC,-6,2,255,ADC,1244,395,6,2,"
15.5394,uitbollen,0,MM0 ?D
15.5394,uitbollen,0,MM1 ?D
15.5394,uitbollen,0,MM0 D=34
15.5394,uitbollen,0,MM1 D=17
15.5394,uitbollen,0,"$GPRMC,091205.0,A,5050.49602,N,00419.37108,E,001.14,242.2,021026,000.4,E*5E"
15.5395,uitbollen,0,"#82,YAW,-0.20,GYRO,-8,44,-7,ACC,1,1,254,ADC,1268,390,5,2,"
15.5663,uitbollen,0,MM0 ?FF
15.5663,uitbollen,0,MM1 ?FF
15.5663,uitbollen,0,MM0 FF=0
15.5663,uitbollen,0,MM1 FF=0
15.5663,uitbollen,0,"#83,YAW,-0.25,GYRO,-7,42,-9,ACC,-4,4,260,ADC,1240,382,6,2,"
15.5663,uitbollen,0,MM0 ?P
15.5816,uitbollen,0,MM1 ?P
15.5816,uitbollen,0,MM0 P=0:0
15.5816,uitbollen,0,MM1 P=0:0
15.5816,uitbollen,0,"#84,YAW,-0.25,GYRO,-8,44,-11,ACC,-1,1,258,ADC,1263,397,6,2,"
15.5816,uitbollen,0,MM0 ?S
15.5816,uitbollen,0,MM1 ?S
15.6314,uitbollen,0,MM0 S=0:0
15.6314,uitbollen,0,MM1 S=0:0
15.6314,uitbollen,0,"#85,YAW,-0.25,GYRO,-7,40,-11,ACC,2,1,251,ADC,1268,502,5,2,"
15.6314,uitbollen,0,MM0 ?T
15.6314,uitbollen,0,MM1 ?T
15.6314,uitbollen,0,MM0 T=34:33
15.6314,uitbollen,0,MM1 T=35:33
15.6314,uitbollen,0,MM1 !M 0 0
15.6314,uitbollen,0,MM0 !M 0 0
15.6314,uitbollen,0,MM1 +
15.6314,uitbollen,0,MM0 +
15.6314,uitbollen,0,"#86,YAW,-0.25,GYRO,-7,41,-10,ACC,1,1,258,ADC,1268,501,4,2,"
15.6314,uitbollen,0,MM0 ?V
15.6314,uitbollen,0,MM1 ?V
15.6314,uitbollen,0,MM0 V=120:224:4903
15.6314,uitbollen,0,MM1 V=120:223:4897
15.6524,uitbollen,0,"#87,YAW,-0.25,GYRO,-6,44,-9,ACC,3,2,259,ADC,1268,382,8,1,"
15.6524,uitbollen,0,MM0 ?CR
15.6524,uitbollen,0,MM1 ?CR
15.6524,uitbollen,0,MM0 CR=0:0
15.6524,uitbollen,0,MM1 CR=0:0
15.6736,uitbollen,0,"#88,YAW,-0.25,GYRO,-8,43,-9,ACC,1,6,252,ADC,1221,382,6,1,"
15.6736,uitbollen,0,MM0 ?A
15.6736,uitbollen,0,MM1 ?A
15.6736,uitbollen,0,MM0 A=0:0
15.6736,uitbollen,0,MM1 A=0:0
15.6945,uitbollen,0,"#89,YAW,-0.25,GYRO,-8,44,-7,ACC,3,2,254,ADC,1247,384,4,2,"
15.6946,uitbollen,0,MM0 ?AI
15.6946,uitbollen,0,MM1 ?AI
15.6946,uitbollen,0,MM0 AI=0:0:2386:2380:0:0
15.6946,uitbollen,0,MM1 AI=0:0:2281:2275:0:0
15.7285,uitbollen,0,"#90,YAW,-0.25,GYRO,-8,40,-7,ACC,5,3,262,ADC,1242,390,5,2,"
15.7285,uitbollen,0,MM0 ?C
15.7285,uitbollen,0,MM1 ?C
15.7285,uitbollen,0,MM0 C=-255:302
15.7285,uitbollen,0,MM1 C=1373:-1403
15.7285,uitbollen,0,MM0 !M 0 0
15.7285,uitbollen,0,MM1 !M 0 0
15.7285,uitbollen,0,MM0 +
15.7285,uitbollen,0,MM1 +
15.7285,uitbollen,0,"#91,YAW,-0.25,GYRO,-7,44,-10,ACC,2,1,253,ADC,1284,501,7,2,"
15.7285,uitbollen,0,MM0 ?D
15.7285,uitbollen,0,MM1 ?D
15.7285,uitbollen,0,MM0 D=34
15.7285,uitbollen,0,MM1 D=17
15.7500,uitbollen,0,"$GPRMC,091205.2,A,5050.49621,N,00419.37102,E,001.12,247.3,021026,000.4,E*55"
15.7500,uitbollen,0,"#92,YAW,-0.25,GYRO,-7,42,-9,ACC,2,3,254,ADC,1287,500,4,2,"
15.7500,uitbollen,0,MM0 ?FF
15.7501,uitbollen,0,MM1 ?FF
15.7501,uitbollen,0,MM0 FF=0
15.7501,uitbollen,0,MM1 FF=0
15.7702,uitbollen,0,"#93,YAW,-0.30,GYRO,-7,43,-9,ACC,3,2,258,ADC,1266,399,8,2,"
15.7703,uitbollen,0,MM0 ?P
15.7703,uitbollen,0,MM1 ?P
15.7703,uitbollen,0,MM0 P=0:0
15.7703,uitbollen,0,MM1 P=0:0
15.7913,uitbollen,0,"#94,YAW,-0.29,GYRO,-7,42,-8,ACC,3,2,255,ADC,1258,498,5,2,"
15.7913,uitbollen,0,MM0 ?S
15.7913,uitbollen,0,MM1 ?S
15.7913,uitbollen,0,MM0 S=0:0
15.7913,uitbollen,0,MM1 S=0:0
15.8254,uitbollen,0,"#95,YAW,-0.29,GYRO,-7,41,-7,ACC,3,2,256,ADC,1227,381,5,2,"
15.8254,uitbollen,0,MM0 ?T
15.8254,uitbollen,0,MM1 ?T
15.8254,uitbollen,0,MM0 T=34:33
15.8254,uitbollen,0,MM1 T=35:33
15.8254,uitbollen,0,MM0 !M 0 0
15.8254,uitbollen,0,MM1 !M 0 0
15.8254,uitbollen,0,MM0 +
15.8254,uitbollen,0,MM1 +
15.8254,uitbollen,0,"#96,YAW,-0.29,GYRO,-7,44,-8,ACC,6,4,253,ADC,1217,384,6,1,"
15.8254,uitbollen,0,MM0 ?V
15.8254,uitbollen,0,MM1 ?V
15.8254,uitbollen,0,MM0 V=120:223:4903
15.8255,uitbollen,0,MM1 V=120:223:4898
15.8465,uitbollen,0,"#97,YAW,-0.29,GYRO,-9,42,-9,ACC,4,1,254,ADC,1280,502,3,2,"
15.8466,uitbollen,0,MM0 ?CR
15.8466,uitbollen,0,MM1 ?CR
15.8466,uitbollen,0,MM0 CR=0:0
15.8466,uitbollen,0,MM1 CR=0:0
15.8675,uitbollen,0,"#98,YAW,-0.29,GYRO,-8,42,-9,ACC,4,2,256,ADC,1286,384,7,2,"
15.8675,uitbollen,0,MM0 ?A
15.8675,uitbollen,0,MM1 ?A
15.8675,uitbollen,0,MM0 A=0:0
15.8675,uitbollen,0,MM1 A=0:0
15.8887,uitbollen,0,"#99,YAW,-0.29,GYRO,-7,44,-11,ACC,2,1,256,ADC,1231,387,5,2,"
15.8888,uitbollen,0,MM0 ?AI
15.8888,uitbollen,0,MM1 ?AI
15.8888,uitbollen,0,MM0 AI=0:0:2371:2379:0:0
15.8888,uitbollen,0,MM1 AI=0:0:2263:2326:0:0
15.9305,uitbollen,0,MM1 !M 0 0
15.9306,uitbollen,0,"#100,YAW,-0.29,GYRO,-8,44,-9,ACC,0,1,255,ADC,1245,400,5,1,"
15.9306,uitbollen,0,MM0 !M 0 0
15.9306,uitbollen,0,MM0 +
15.9306,uitbollen,0,MM1 +
15.9306,uitbollen,0,MM0 ?C
15.9306,uitbollen,0,MM1 ?C
15.9306,uitbollen,0,MM0 C=-255:302
15.9306,uitbollen,0,MM1 C=1373:-1403
15.9306,uitbollen,0,"#101,YAW,-0.29,GYRO,-8,41,-9,ACC,3,2,259,ADC,1276,501,5,2,"
15.9306,uitbollen,0,MM0 ?D
15.9306,uitbollen,0,MM1 ?D
15.9306,uitbollen,0,MM0 D=34
15.9306,uitbollen,0,MM1 D=17
15.9455,uitbollen,0,"$GPRMC,091205.4,A,5050.49642,N,00419.37098,E,001.09,251.9,021026,000.4,E*53"
15.9455,uitbollen,0,"#102,YAW,-0.29,GYRO,-8,44,-8,ACC,2,4,254,ADC,1220,384,4,1,"
15.9455,uitbollen,0,MM0 ?FF
15.9455,uitbollen,0,MM1 ?FF
15.9455,uitbollen,0,MM0 FF=0
15.9456,uitbollen,0,MM1 FF=0
15.9642,uitbollen,0,"#103,YAW,-0.34,GYRO,-8,43,-10,ACC,1,1,256,ADC,1262,382,4,2,"
15.9642,uitbollen,0,MM0 ?P
15.9643,uitbollen,0,MM1 ?P
15.9643,uitbollen,0,MM0 P=0:0
15.9643,uitbollen,0,MM1 P=0:0
15.9853,uitbollen,0,"#104,YAW,-0.34,GYRO,-7,42,-8,ACC,0,2,254,ADC,1284,501,5,2,"
15.9853,uitbollen,0,MM0 ?S
15.9854,uitbollen,0,MM1 ?S
15.9854,uitbollen,0,MM0 S=0:0
15.9854,uitbollen,0,MM1 S=0:0
16.0345,uitbollen,0,"#105,YAW,-0.34,GYRO,-8,42,-11,ACC,5,-1,255,ADC,1235,500,4,2,"
16.0345,uitbollen,0,MM0 ?T
16.0345,uitbollen,0,MM1 ?T
16.0345,uitbollen,0,MM0 T=34:33
16.0345,uitbollen,0,MM1 T=35:33
16.0345,uitbollen,0,MM0 !M 0 0
16.0345,uitbollen,0,MM1 !M 0 0
16.0345,uitbollen,0,MM0 +
16.0345,uitbollen,0,MM1 +
16.0345,uitbollen,0,"#106,YAW,-0.34,GYRO,-8,41,-10,ACC,1,2,257,ADC,1208,382,5,2,"
16.0345,uitbollen,0,MM0 ?V
16.0345,uitbollen,0,MM1 ?V
16.0345,uitbollen,0,MM0 V=120:223:4904
16.0345,uitbollen,0,MM1 V=120:223:4898
16.0567,uitbollen,0,"#107,YAW,-0.34,GYRO,-9,41,-9,ACC,0,1,254,ADC,1227,387,6,2,"
16.0567,uitbollen,0,MM0 ?CR
16.0567,uitbollen,0,MM1 ?CR
16.0568,uitbollen,0,MM0 CR=0:0
16.0568,uitbollen,0,MM1 CR=0:0
16.0802,uitbollen,0,"#108,YAW,-0.34,GYRO,-7,43,-8,ACC,4,0,253,ADC,1241,397,5,1,"
16.0802,uitbollen,0,MM0 ?A
16.0802,uitbollen,0,MM1 ?A
16.0802,uitbollen,0,MM0 A=0:0
16.0802,uitbollen,0,MM1 A=0:0
16.0976,uitbollen,0,"#109,YAW,-0.34,GYRO,-8,42,-9,ACC,1,2,255,ADC,1310,500,4,2,"
16.0976,uitbollen,0,MM0 ?AI
16.0976,uitbollen,0,MM1 ?AI
16.0976,uitbollen,0,MM0 AI=0:0:2368:2371:0:0
16.0976,uitbollen,0,MM1 AI=0:0:2271:2266:0:0
16.1324,uitbollen,0,"#110,YAW,-0.34,GYRO,-7,41,-10,ACC,-1,1,255,ADC,1250,390,4,2,"
16.1324,uitbollen,0,MM0 ?C
16.1325,uitbollen,0,MM1 ?C
16.1325,uitbollen,0,MM0 C=-255:302
16.1325,uitbollen,0,MM1 C=1373:-1403
16.1325,uitbollen,0,MM0 !M 0 0
16.1325,uitbollen,0,MM1 !M 0 0
16.1325,uitbollen,0,MM0 +
16.1325,uitbollen,0,MM1 +
16.1325,uitbollen,0,"#111,YAW,-0.34,GYRO,-7,43,-10,ACC,0,2,253,ADC,1275,389,4,2,"
16.1325,uitbollen,0,MM0 ?D
16.1325,uitbollen,0,MM1 ?D
16.1325,uitbollen,0,MM0 D=34
16.1325,uitbollen,0,MM1 D=17
16.1325,uitbollen,0,"$GPRMC,091205.6,A,5050.49664,N,00419.37099,E,000.92,256.1,021026,000.4,E*58"
16.1532,uitbollen,0,"#112,YAW,-0.34,GYRO,-8,42,-9,ACC,0,1,257,ADC,1278,384,4,2,"
16.1532,uitbollen,0,MM0 ?FF
16.1532,uitbollen,0,MM1 ?FF
16.1532,uitbollen,0,MM0 FF=0
16.1532,uitbollen,0,MM1 FF=0
16.1744,uitbollen,0,"#113,YAW,-0.39,GYRO,-7,43,-9,ACC,2,1,258,ADC,1248,386,6,2,"
16.1744,uitbollen,0,MM0 ?P
16.1744,uitbollen,0,MM1 ?P
16.1744,uitbollen,0,MM0 P=0:0
16.1744,uitbollen,0,MM1 P=0:0
16.1956,uitbollen,0,"#114,YAW,-0.39,GYRO,-8,41,-8,ACC,1,3,256,ADC,1263,392,6,2,"
16.1956,uitbollen,0,MM0 ?S
16.1956,uitbollen,0,MM1 ?S
16.1956,uitbollen,0,MM0 S=0:0
16.1956,uitbollen,0,MM1 S=0:0
16.2328,uitbollen,0,"#115,YAW,-0.39,GYRO,-7,41,-8,ACC,1,2,259,ADC,1239,381,5,2,"
16.2329,uitbollen,0,MM0 ?T
16.2329,uitbollen,0,MM1 ?T
16.2329,uitbollen,0,MM0 T=34:33
16.2329,uitbollen,0,MM1 T=35:33
16.2330,uitbollen,0,MM0 !M 0 0
16.2330,uitbollen,0,MM1 !M 0 0
16.2330,uitbollen,0,MM0 +
16.2330,uitbollen,0,MM1 +
16.2330,uitbollen,0,"#116,YAW,-0.39,GYRO,-7,42,-9,ACC,3,2,255,ADC,1261,498,8,2,"
16.2330,uitbollen,0,MM0 ?V
16.2330,uitbollen,0,MM1 ?V
16.2330,uitbollen,0,MM0 V=120:224:4902
16.2330,uitbollen,0,MM1 V=120:223:4897
16.2523,uitbollen,0,"#117,YAW,-0.39,GYRO,-7,41,-8,ACC,0,2,257,ADC,1255,502,5,2,"
16.2523,uitbollen,0,MM0 ?CR
16.2523,uitbollen,0,MM1 ?CR
16.2523,uitbollen,0,MM0 CR=0:0
16.2523,uitbollen,0,MM1 CR=0:0
16.2743,uitbollen,0,"#118,YAW,-0.39,GYRO,-7,42,-10,ACC,3,3,258,ADC,1272,498,5,2,"
16.2743,uitbollen,0,MM0 ?A
16.2743,uitbollen,0,MM1 ?A
16.2743,uitbollen,0,MM0 A=0:0
16.2743,uitbollen,0,MM1 A=0:0
16.2959,uitbollen,0,"#119,YAW,-0.39,GYRO,-6,42,-9,ACC,3,1,253,ADC,1220,381,6,2,"
16.2959,uitbollen,0,MM0 ?AI
16.2959,uitbollen,0,MM1 ?AI
16.2959,uitbollen,0,MM0 AI=0:0:2365:2377:0:0
16.2959,uitbollen,0,MM1 AI=0:0:2292:2276:0:0
16.3296,uitbollen,0,"#120,YAW,-0.39,GYRO,-7,42,-10,ACC,0,2,255,ADC,1218,380,4,2,"
16.3297,uitbollen,0,MM0 ?C
16.3297,uitbollen,0,MM1 ?C
16.3297,uitbollen,0,MM0 C=-255:302
16.3297,uitbollen,0,MM1 C=1373:-1403
16.3297,uitbollen,0,MM0 !M 0 0
16.3297,uitbollen,0,MM1 !M 0 0
16.3297,uitbollen,0,MM0 +
16.3297,uitbollen,0,MM1 +
16.3297,uitbollen,0,"#121,YAW,-0.39,GYRO,-7,43,-9,ACC,3,3,255,ADC,1297,499,5,2,"
16.3297,uitbollen,0,MM0 ?D
16.3297,uitbollen,0,MM1 ?D
16.3297,uitbollen,0,MM0 D=34
16.3297,uitbollen,0,MM1 D=17
16.3503,uitbollen,0,"$GPRMC,091205.8,A,5050.49668,N,00419.37094,E,000.89,256.7,021026,000.4,E*5B"
16.3504,uitbollen,0,"#122,YAW,-0.39,GYRO,-8,42,-9,ACC,0,3,254,ADC,1293,398,5,2,"
16.3504,uitbollen,0,MM0 ?FF
16.3504,uitbollen,0,MM1 ?FF
16.3504,uitbollen,0,MM0 FF=0
16.3504,uitbollen,0,MM1 FF=0
16.3715,uitbollen,0,"#123,YAW,-0.44,GYRO,-8,42,-10,ACC,-1,3,255,ADC,1276,503,4,2,"
16.3716,uitbollen,0,MM0 ?P
16.3716,uitbollen,0,MM1 ?P
16.3716,uitbollen,0,MM0 P=0:0
16.3716,uitbollen,0,MM1 P=0:0
16.3927,uitbollen,0,"#124,YAW,-0.44,GYRO,-7,43,-9,ACC,3,2,259,ADC,1222,385,5,2,"
16.3927,uitbollen,0,MM0 ?S
16.3927,uitbollen,0,MM1 ?S
16.3927,uitbollen,0,MM0 S=0:0
16.3927,uitbollen,0,MM1 S=0:0
16.4263,uitbollen,0,"#125,YAW,-0.44,GYRO,-8,41,-8,ACC,1,3,254,ADC,1266,495,4,2,"
16.4263,uitbollen,0,MM0 ?T
16.4263,uitbollen,0,MM1 ?T
16.4263,uitbollen,0,MM0 T=34:33
16.4263,uitbollen,0,MM1 T=35:33
16.4263,uitbollen,0,MM0 !M 0 0
16.4263,uitbollen,0,MM1 !M 0 0
16.4263,uitbollen,0,MM0 +
16.4263,uitbollen,0,MM1 +
16.4263,uitbollen,0,"#126,YAW,-0.44,GYRO,-6,41,-9,ACC,2,-1,250,ADC,1233,384,5,1,"
16.4263,uitbollen,0,MM0 ?V
16.4263,uitbollen,0,MM1 ?V
16.4263,uitbollen,0,MM0 V=120:224:4902
16.4264,uitbollen,0,MM1 V=120:223:4897
16.4473,uitbollen,0,"#127,YAW,-0.44,GYRO,-7,42,-9,ACC,2,1,258,ADC,1252,502,7,2,"
16.4473,uitbollen,0,MM0 ?CR
16.4473,uitbollen,0,MM1 ?CR
16.4473,uitbollen,0,MM0 CR=0:0
16.4473,uitbollen,0,MM1 CR=0:0
16.4682,uitbollen,0,"#128,YAW,-0.44,GYRO,-9,43,-8,ACC,1,0,256,ADC,1235,497,4,2,"
16.4682,uitbollen,0,MM0 ?A
16.4682,uitbollen,0,MM1 ?A
16.4682,uitbollen,0,MM0 A=0:0
16.4682,uitbollen,0,MM1 A=0:0
16.4893,uitbollen,0,"#129,YAW,-0.44,GYRO,-6,40,-8,ACC,2,1,256,ADC,1236,383,5,2,"
16.4893,uitbollen,0,MM0 ?AI
16.4893,uitbollen,0,MM1 ?AI
16.4893,uitbollen,0,MM0 AI=0:0:2380:2372:0:0
16.4894,uitbollen,0,MM1 AI=0:0:2296:2298:0:0
16.5396,uitbollen,0,"#130,YAW,-0.44,GYRO,-8,41,-10,ACC,2,1,254,ADC,1284,501,5,1,"
16.5396,uitbollen,0,MM0 ?C
16.5396,uitbollen,0,MM1 ?C
16.5397,uitbollen,0,MM0 C=-255:302
16.5397,uitbollen,0,MM1 C=1373:-1403
16.5397,uitbollen,0,MM0 !M 0 0
16.5397,uitbollen,0,MM1 !M 0 0
16.5397,uitbollen,0,MM0 +
16.5397,uitbollen,0,MM1 +
16.5397,uitbollen,0,"#131,YAW,-0.44,GYRO,-6,43,-9,ACC,0,5,254,ADC,1288,502,4,1,"
16.5397,uitbollen,0,MM0 ?D
16.5397,uitbollen,0,MM1 ?D
16.5397,uitbollen,0,MM0 D=34
16.5397,uitbollen,0,MM1 D=17
16.5397,uitbollen,0,"$GPRMC,091206.0,A,5050.49677,N,00419.37091,E,000.84,259.8,021026,000.4,E*56"
16.5593,uitbollen,0,"#132,YAW,-0.44,GYRO,-7,42,-9,ACC,0,3,261,ADC,1285,409,3,1,"
16.5593,uitbollen,0,MM0 ?FF
16.5593,uitbollen,0,MM1 ?FF
16.5593,uitbollen,0,MM1 FF=0
16.5593,uitbollen,0,MM0 FF=0
16.5594,uitbollen,0,"#133,YAW,-0.48,GYRO,-8,41,-9,ACC,-1,2,254,ADC,1265,502,6,2,"
16.5804,uitbollen,0,MM0 ?P
16.5804,uitbollen,0,MM1 ?P
16.5804,uitbollen,0,MM0 P=0:0
16.5804,uitbollen,0,MM1 P=0:0
16.5804,uitbollen,0,"#134,YAW,-0.48,GYRO,-7,42,-9,ACC,3,1,260,ADC,1258,381,6,2,"
16.5804,uitbollen,0,MM0 ?S
16.6033,uitbollen,0,MM1 ?S
16.6033,uitbollen,0,MM0 S=0:0
16.6033,uitbollen,0,MM1 S=0:0
16.6033,uitbollen,0,"#135,YAW,-0.48,GYRO,-7,41,-9,ACC,2,1,256,ADC,1253,396,4,2,"
16.6033,uitbollen,0,MM0 ?T
16.6033,uitbollen,0,MM1 ?T
16.6382,uitbollen,0,MM0 T=34:33
16.6382,uitbollen,0,MM1 T=35:33
16.6383,uitbollen,0,MM1 !M 0 0
16.6383,uitbollen,0,MM0 !M 0 0
16.6383,uitbollen,0,MM1 +
16.6383,uitbollen,0,MM0 +
16.6383,uitbollen,0,"#136,YAW,-0.48,GYRO,-8,43,-8,ACC,4,1,252,ADC,1282,499,4,2,"
16.6383,uitbollen,0,MM1 ?V
16.6383,uitbollen,0,MM0 ?V
16.6383,uitbollen,0,MM1 V=120:223:4898
16.6383,uitbollen,0,MM0 V=120:223:4902
16.6618,uitbollen,0,"#137,YAW,-0.48,GYRO,-7,42,-9,ACC,5,2,259,ADC,1211,381,5,2,"
16.6618,uitbollen,0,MM1 ?CR
16.6618,uitbollen,0,MM0 ?CR
16.6618,uitbollen,0,MM1 CR=0:0
16.6618,uitbollen,0,MM0 CR=0:0
16.6795,uitbollen,0,"#138,YAW,-0.48,GYRO,-6,43,-10,ACC,0,1,254,ADC,1234,395,6,1,"
16.6795,uitbollen,0,MM1 ?A
16.6795,uitbollen,0,MM0 ?A
16.6795,uitbollen,0,MM1 A=0:0
16.6795,uitbollen,0,MM0 A=0:0
16.6795,uitbollen,0,"#139,YAW,-0.48,GYRO,-8,44,-8,ACC,3,-1,256,ADC,1257,501,5,2,"
16.7004,uitbollen,0,MM0 ?AI
16.7005,uitbollen,0,MM1 ?AI
16.7005,uitbollen,0,MM0 AI=0:0:2362:2394:0:0
16.7005,uitbollen,0,MM1 AI=0:0:2288:2408:0:0
16.7005,uitbollen,0,"#140,YAW,-0.48,GYRO,-7,42,-8,ACC,3,3,256,ADC,1252,497,5,2,"
16.7005,uitbollen,0,MM0 ?C
16.7344,uitbollen,0,MM1 ?C
16.7344,uitbollen,0,MM0 C=-255:302
16.7344,uitbollen,0,MM1 C=1373:-1403
16.7344,uitbollen,0,MM0 !M 0 0
16.7344,uitbollen,0,MM1 !M 0 0
16.7344,uitbollen,0,MM0 +
16.7345,uitbollen,0,MM1 +
16.7345,uitbollen,0,"#141,YAW,-0.48,GYRO,-7,41,-9,ACC,-1,2,254,ADC,1219,385,6,2,"
16.7345,uitbollen,0,MM0 ?D
16.7345,uitbollen,0,MM1 ?D
16.7345,uitbollen,0,MM0 D=42
16.7345,uitbollen,0,MM1 D=17
16.7345,uitbollen,0,"$GPRMC,091206.2,A,5050.49683,N,00419.37108,E,000.78,263.1,021026,000.4,E*5D"
16.7568,uitbollen,0,"#142,YAW,-0.48,GYRO,-7,42,-8,ACC,3,1,251,ADC,1254,500,6,1,"
16.7568,uitbollen,0,MM1 ?FF
16.7568,uitbollen,0,MM0 ?FF
16.7568,uitbollen,0,MM1 FF=0
16.7568,uitbollen,0,MM0 FF=0
16.7765,uitbollen,0,"#143,YAW,-0.53,GYRO,-7,42,-9,ACC,3,1,255,ADC,1296,501,7,2,"
16.7765,uitbollen,0,MM0 ?P
16.7765,uitbollen,0,MM1 ?P
16.7766,uitbollen,0,MM0 P=0:0
16.7766,uitbollen,0,MM1 P=0:0
16.7976,uitbollen,0,"#144,YAW,-0.53,GYRO,-9,41,-10,ACC,0,1,258,ADC,1248,500,5,2,"
16.7976,uitbollen,0,MM0 ?S
16.7976,uitbollen,0,MM1 ?S
16.7976,uitbollen,0,MM0 S=0:0
16.7976,uitbollen,0,MM1 S=0:0
16.8325,uitbollen,0,"#145,YAW,-0.53,GYRO,-7,41,-9,ACC,3,1,255,ADC,1282,389,8,2,"
16.8326,uitbollen,0,MM0 ?T
16.8326,uitbollen,0,MM1 ?T
16.8326,uitbollen,0,MM0 T=34:33
16.8326,uitbollen,0,MM1 T=35:33
16.8326,uitbollen,0,MM0 !M 0 0
16.8326,uitbollen,0,MM1 !M 0 0
16.8326,uitbollen,0,MM0 +
16.8326,uitbollen,0,MM1 +
16.8326,uitbollen,0,"#146,YAW,-0.53,GYRO,-8,42,-8,ACC,3,2,255,ADC,1246,502,7,1,"
16.8326,uitbollen,0,MM0 ?V
16.8326,uitbollen,0,MM1 ?V
16.8326,uitbollen,0,MM1 V=120:223:4898
16.8326,uitbollen,0,MM0 V=120:225:4904
16.8537,uitbollen,0,"#147,YAW,-0.53,GYRO,-6,43,-9,ACC,4,2,260,ADC,1301,499,7,2,"
16.8537,uitbollen,0,MM1 ?CR
16.8537,uitbollen,0,MM0 ?CR
16.8537,uitbollen,0,MM0 CR=0:0
16.8537,uitbollen,0,MM1 CR=0:0
16.8744,uitbollen,0,"#148,YAW,-0.53,GYRO,-7,43,-8,ACC,4,2,254,ADC,1262,403,5,2,"
16.8744,uitbollen,0,MM1 ?A
16.8744,uitbollen,0,MM0 ?A
16.8744,uitbollen,0,MM1 A=0:0
16.8744,uitbollen,0,MM0 A=0:0
16.9008,uitbollen,0,"#149,YAW,-0.53,GYRO,-6,42,-9,ACC,2,2,257,ADC,1287,502,7,2,"
16.9009,uitbollen,0,MM1 ?AI
16.9009,uitbollen,0,MM0 ?AI
16.9009,uitbollen,0,MM1 AI=0:0:2296:2291:0:0
16.9009,uitbollen,0,MM0 AI=0:0:2379:2181:0:0
16.9166,uitbollen,0,"#150,YAW,-0.53,GYRO,-8,42,-10,ACC,2,1,253,ADC,1268,500,5,2,"
16.9167,uitbollen,0,MM1 ?C
16.9167,uitbollen,0,MM0 ?C
16.9167,uitbollen,0,MM0 C=-255:302
16.9167,uitbollen,0,MM1 C=1373:-1403
16.9167,uitbollen,0,MM0 !M 0 0
16.9167,uitbollen,0,MM1 !M 0 0
16.9167,uitbollen,0,MM0 +
16.9167,uitbollen,0,MM1 +
16.9377,uitbollen,0,"#151,YAW,-0.53,GYRO,-8,43,-9,ACC,2,2,258,ADC,1290,358,3,2,"
16.9377,uitbollen,0,MM1 ?D
16.9377,uitbollen,0,MM0 ?D
16.9377,uitbollen,0,MM1 D=17
16.9377,uitbollen,0,MM0 D=34
16.9377,uitbollen,0,"$GPRMC,091206.4,A,5050.49697,N,00419.37111,E,000.72,266.0,021026,000.4,E*58"
16.9585,uitbollen,0,"#152,YAW,-0.53,GYRO,-8,42,-9,ACC,1,2,255,ADC,1295,498,7,1,"
16.9585,uitbollen,0,MM0 ?FF
16.9585,uitbollen,0,MM1 ?FF
16.9585,uitbollen,0,MM0 FF=0
16.9585,uitbollen,0,MM1 FF=0
16.9795,uitbollen,0,"#153,YAW,-0.57,GYRO,-7,40,-10,ACC,2,2,258,ADC,1276,502,6,2,"
16.9796,uitbollen,0,MM1 ?P
16.9796,uitbollen,0,MM0 ?P
16.9796,uitbollen,0,MM1 P=0:0
16.9796,uitbollen,0,MM0 P=0:0
16.9796,uitbollen,0,"#154,YAW,-0.57,GYRO,-7,42,-9,ACC,1,1,253,ADC,1273,395,7,2,"
17.0003,uitbollen,0,MM1 ?S
17.0003,uitbollen,0,MM0 ?S
17.0003,uitbollen,0,MM1 S=0:0
17.0003,uitbollen,0,MM0 S=0:0
17.0003,uitbollen,0,"#155,YAW,-0.57,GYRO,-7,41,-9,ACC,2,2,253,ADC,1271,500,7,2,"
17.0345,uitbollen,0,MM1 ?T
17.0345,uitbollen,0,MM0 ?T
17.0345,uitbollen,0,MM1 T=35:33
17.0345,uitbollen,0,MM0 T=34:33
17.0345,uitbollen,0,MM0 !M 0 0
17.0345,uitbollen,0,MM1 !M 0 0
17.0345,uitbollen,0,MM0 +
17.0345,uitbollen,0,MM1 +
17.0345,uitbollen,0,"#156,YAW,-0.57,GYRO,-8,40,-8,ACC,4,1,257,ADC,1256,391,6,2,"
17.0345,uitbollen,0,MM1 ?V
17.0345,uitbollen,0,MM0 ?V
17.0345,uitbollen,0,MM1 V=120:223:4897
17.0345,uitbollen,0,MM0 V=120:223:4903
17.0555,uitbollen,0,"#157,YAW,-0.57,GYRO,-8,43,-10,ACC,3,1,253,ADC,1258,402,5,2,"
17.0555,uitbollen,0,MM1 ?CR
17.0555,uitbollen,0,MM0 ?CR
17.0555,uitbollen,0,MM1 CR=0:0
17.0555,uitbollen,0,MM0 CR=0:0
17.0765,uitbollen,0,"#158,YAW,-0.57,GYRO,-8,42,-11,ACC,3,1,257,ADC,1253,391,5,1,"
17.0765,uitbollen,0,MM1 ?A
17.0765,uitbollen,0,MM0 ?A
17.0765,uitbollen,0,MM1 A=0:0
17.0765,uitbollen,0,MM0 A=0:0
