t,fase,vermogen,regel
0.0329,rust,0,=33:33
0.0329,rust,0,"#228,YAW,-0.01,GYRO,6,20,13,ACC,2,4,253,ADC,1240,416,5,2,"
0.0329,rust,0,MM1 ?V
0.0329,rust,0,MM0 ?V
0.0329,rust,0,MM1 V=120:223:4888
0.0329,rust,0,MM0 V=120:224:4895
0.0329,rust,0,"#229,YAW,-0.01,GYRO,0,-16,7,ACC,6,7,267,ADC,1243,387,4,2,"
0.0329,rust,0,MM1 ?CR
0.0329,rust,0,MM0 ?CR
0.0330,rust,0,MM1 CR=0:0
0.0330,rust,0,MM0 CR=0:0
0.0330,rust,0,"#230,YAW,-0.01,GYRO,3,3,-7,ACC,7,2,247,ADC,1266,502,6,2,"
0.0330,rust,0,MM1 ?A
0.0330,rust,0,MM0 ?A
0.0330,rust,0,MM1 A=0:0
0.0330,rust,0,MM0 A=0:0
0.0330,rust,0,"#231,YAW,-0.01,GYRO,-2,-1,-8,ACC,8,-1,258,ADC,1270,502,6,2,"
0.0330,rust,0,MM1 ?AI
0.0330,rust,0,MM0 ?AI
0.0330,rust,0,MM1 AI=0:0:2368:2353:0:0
0.0330,rust,0,MM0 AI=0:0:2466:2460:0:0
0.0330,rust,0,"#232,YAW,-0.01,GYRO,0,-1,0,ACC,-2,0,257,ADC,1254,385,4,1,"
0.0330,rust,0,MM1 ?C
0.0330,rust,0,MM0 ?C
0.0330,rust,0,MM1 C=-3:0
0.0330,rust,0,MM0 C=-3:0
0.0330,rust,0,"#233,YAW,-0.01,GYRO,1,1,8,ACC,2,2,250,ADC,1242,390,6,2,"
0.0330,rust,0,MM1 ?D
0.0330,rust,0,MM0 ?D
0.0330,rust,0,MM1 D=18
0.0330,rust,0,MM0 D=11
0.0330,rust,0,"#234,YAW,-0.01,GYRO,-2,-5,-4,ACC,11,3,258,ADC,1279,391,4,3,"
0.0330,rust,0,MM1 ?FF
0.0330,rust,0,MM0 ?FF
0.0330,rust,0,MM1 FF=16
0.0331,rust,0,MM0 FF=16
0.0331,rust,0,"#235,YAW,-0.01,GYRO,2,23,-14,ACC,17,-3,264,ADC,1252,501,5,2,"
0.0331,rust,0,MM1 ?P
0.0331,rust,0,MM0 ?P
0.0331,rust,0,MM1 P=0:0
0.0331,rust,0,MM0 P=0:0
0.0331,rust,0,"#236,YAW,-0.01,GYRO,-3,33,10,ACC,16,-1,248,ADC,1287,502,5,2,"
0.0331,rust,0,MM1 ?S
0.0331,rust,0,MM0 ?S
0.0331,rust,0,MM1 S=0:0
0.0331,rust,0,MM0 S=0:0
0.0331,rust,0,"#237,YAW,-0.01,GYRO,-1,6,43,ACC,12,2,250,ADC,1213,406,6,2,"
0.0331,rust,0,"$GPRMC,102821.4,V,5050.51406,N,00419.38096,E,,,021026,000.4,E*7E"
0.0331,rust,0,MM1 ?T
0.0331,rust,0,MM0 ?T
0.0331,rust,0,MM1 T=35:33
0.0331,rust,0,MM0 T=33:33
0.0331,rust,0,"#238,YAW,-0.01,GYRO,-8,9,42,ACC,6,7,262,ADC,1229,383,5,2,"
0.0331,rust,0,MM1 ?V
0.0331,rust,0,MM0 ?V
0.0331,rust,0,MM1 V=120:223:4889
0.0331,rust,0,MM0 V=120:224:4896
0.0331,rust,0,"#239,YAW,-0.01,GYRO,-5,-8,13,ACC,-8,8,234,ADC,1232,502,5,2,"
0.0331,rust,0,MM1 !EX
0.0331,rust,0,MM0 !EX
0.0331,rust,0,MM1 +
0.0331,rust,0,MM0 +
0.0331,rust,0,MM1 ?CR
0.0331,rust,0,MM0 ?CR
0.0331,rust,0,MM1 CR=0:0
0.0331,rust,0,MM0 CR=0:-1
0.0351,rust,0,"#240,YAW,-0.01,GYRO,-6,-23,-11,ACC,-8,3,248,ADC,1235,381,6,2,"
0.0351,rust,0,MM1 ?A
0.0351,rust,0,MM0 ?A
0.0351,rust,0,MM1 A=0:0
0.0351,rust,0,MM0 A=0:0
0.0351,rust,0,"#241,YAW,-0.01,GYRO,-6,10,-29,ACC,-12,-2,266,ADC,1263,385,6,2,"
0.0351,rust,0,MM1 ?AI
0.0351,rust,0,MM0 ?AI
0.0351,rust,0,MM1 AI=0:0:2352:2353:0:0
0.0351,rust,0,MM0 AI=0:0:2456:2464:0:0
0.0351,rust,0,"#242,YAW,-0.01,GYRO,-12,-24,-58,ACC,-12,6,260,ADC,1278,499,5,1,"
0.0351,rust,0,MM1 ?C
0.0351,rust,0,MM0 ?C
0.0351,rust,0,MM1 C=-2:0
0.0352,rust,0,MM0 C=-2:-2
0.0352,rust,0,"#243,YAW,-0.00,GYRO,-16,-73,-74,ACC,-7,6,257,ADC,1310,397,4,1,"
0.0352,rust,0,MM1 ?D
0.0352,rust,0,MM0 ?D
0.0352,rust,0,MM1 D=16
0.0352,rust,0,MM0 D=58
0.0352,rust,0,"#244,YAW,-0.00,GYRO,-44,-68,-74,ACC,-9,8,257,ADC,1260,383,7,2,"
0.0352,rust,0,MM1 ?FF
0.0352,rust,0,MM0 ?FF
0.0352,rust,0,MM1 FF=16
0.0352,rust,0,MM0 FF=16
0.0352,rust,0,"#245,YAW,-0.00,GYRO,-9,-7,-55,ACC,-5,19,242,ADC,1258,384,7,2,"
0.0352,rust,0,MM1 ?P
0.0352,rust,0,MM0 ?P
0.0352,rust,0,MM1 P=0:0
0.0352,rust,0,MM0 P=0:0
0.0352,rust,0,"#246,YAW,-0.00,GYRO,-1,-25,-50,ACC,-6,,256,ADC,1260,391,7,2,"
0.0352,rust,0,MM0 ?T
0.0352,rust,0,MM1 ?T
0.0352,rust,0,MM0 T=34:33
0.0352,rust,0,MM1 T=36:33
0.0671,rust,0,"#198,YAW,0.00,GYRO,1,3,2,ACC,0,-1,252,ADC,1230,386,6,1,"
0.0671,rust,0,MM0 ?V
0.0671,rust,0,MM1 ?V
0.0671,rust,0,MM0 V=120:223:4901
0.0671,rust,0,MM1 V=120:223:4900
0.0671,rust,0,MM0 !M 0 0
0.0671,rust,0,MM1 !M 0 0
0.0671,rust,0,MM0 +
0.0671,rust,0,MM1 +
0.0671,rust,0,"#199,YAW,0.00,GYRO,0,4,0,ACC,0,1,251,ADC,1216,381,5,2,"
0.0671,rust,0,MM0 ?CR
0.0671,rust,0,MM1 ?CR
0.0672,rust,0,MM0 CR=0:0
0.0672,rust,0,MM1 CR=0:0
0.0878,rust,0,"#200,YAW,0.00,GYRO,0,3,1,ACC,2,-1,253,ADC,1275,394,4,2,"
0.0878,rust,0,MM0 ?A
0.0878,rust,0,MM1 ?A
0.0878,rust,0,MM0 A=0:0
0.0878,rust,0,MM1 A=0:0
0.0878,rust,0,"$GPRMC,102911.6,V,5050.50617,N,00419.48801,E,,,021026,000.4,E*7C"
0.1162,rust,0,"#201,YAW,0.00,GYRO,2,4,1,ACC,0,-1,255,ADC,1293,393,7,2,"
0.1162,rust,0,MM0 ?AI
0.1162,rust,0,MM1 ?AI
0.1162,rust,0,MM0 AI=0:0:2457:2469:0:0
0.1162,rust,0,MM1 AI=0:0:2354:2389:0:0
0.1300,rust,0,"#202,YAW,0.00,GYRO,1,5,0,ACC,4,1,256,ADC,1275,502,7,3,"
0.1300,rust,0,MM0 ?C
0.1300,rust,0,MM1 ?C
0.1300,rust,0,MM0 C=3:1
0.1300,rust,0,MM1 C=4:6
0.1638,rust,0,"#203,YAW,0.00,GYRO,-1,4,1,ACC,1,2,251,ADC,1263,388,6,2,"
0.1638,rust,0,MM0 ?D
0.1638,rust,0,MM1 ?D
0.1638,rust,0,MM0 D=16
0.1638,rust,0,MM1 D=35
0.1638,rust,0,MM0 !M 0 0
0.1639,rust,0,MM1 !M 0 0
0.1639,rust,0,MM0 +
0.1639,rust,0,MM1 +
0.1639,rust,0,"#204,YAW,0.00,GYRO,0,3,0,ACC,0,0,255,ADC,1229,500,5,2,"
0.1639,rust,0,MM0 ?FF
0.1639,rust,0,MM1 ?FF
0.1639,rust,0,MM0 FF=16
0.1639,rust,0,MM1 FF=16
0.1848,rust,0,"#205,YAW,0.00,GYRO,1,3,1,ACC,0,-1,262,ADC,1260,501,5,2,"
0.1848,rust,0,MM0 ?P
0.1848,rust,0,MM1 ?P
0.1848,rust,0,MM0 P=0:0
0.1849,rust,0,MM1 P=0:0
0.2093,rust,0,"#206,YAW,0.00,GYRO,1,5,0,ACC,7,0,253,ADC,1248,501,5,2,"
0.2093,rust,0,MM0 ?S
0.2093,rust,0,MM1 ?S
0.2093,rust,0,MM0 S=0:0
0.2093,rust,0,MM1 S=0:0
0.2260,rust,0,"#207,YAW,0.00,GYRO,2,5,0,ACC,1,0,251,ADC,1296,501,4,1,"
0.2260,rust,0,MM0 ?T
0.2261,rust,0,MM1 ?T
0.2261,rust,0,MM0 T=34:33
0.2261,rust,0,MM1 T=35:33
0.2601,rust,0,"#208,YAW,0.00,GYRO,1,6,0,ACC,3,-1,254,ADC,1236,396,5,2,"
0.2602,rust,0,MM0 !M 0 0
0.2602,rust,0,MM0 +
0.2602,rust,0,MM1 !M 0 0
0.2602,rust,0,MM1 +
0.2602,rust,0,MM0 ?V
0.2602,rust,0,MM1 ?V
0.2602,rust,0,MM0 V=120:223:4902
0.2602,rust,0,MM1 V=120:222:4901
0.2602,rust,0,"#209,YAW,0.00,GYRO,0,5,0,ACC,-2,3,257,ADC,1259,491,5,1,"
0.2602,rust,0,MM0 ?CR
0.2602,rust,0,MM1 ?CR
0.2602,rust,0,MM0 CR=0:0
0.2602,rust,0,MM1 CR=0:0
0.2808,rust,0,"$GPRMC,102911.8,V,5050.50617,N,00419.48801,E,,,021026,000.4,E*72"
0.2808,rust,0,"#210,YAW,0.00,GYRO,1,4,1,ACC,1,1,249,ADC,1236,387,6,1,"
0.2808,rust,0,MM1 ?A
0.2808,rust,0,MM0 ?A
0.2808,rust,0,MM0 A=0:0
0.2808,rust,0,MM1 A=0:0
0.3020,rust,0,"#211,YAW,0.00,GYRO,-1,4,-1,ACC,0,1,251,ADC,1216,381,7,2,"
0.3020,rust,0,MM0 ?AI
0.3020,rust,0,MM1 ?AI
0.3020,rust,0,MM0 AI=0:0:2462:2463:0:0
0.3228,rust,0,MM1 AI=0:0:2380:2370:0:0
0.3228,rust,0,"#212,YAW,0.00,GYRO,1,4,0,ACC,2,1,252,ADC,1287,388,7,2,"
0.3229,rust,0,MM0 ?C
0.3229,rust,0,MM1 ?C
0.3229,rust,0,MM0 C=3:1
0.3229,rust,0,MM1 C=4:6
0.3720,rust,0,"#213,YAW,0.00,GYRO,1,3,0,ACC,3,1,254,ADC,1270,383,5,2,"
0.3721,rust,0,MM0 ?D
0.3721,rust,0,MM1 ?D
0.3721,rust,0,MM0 D=16
0.3721,rust,0,MM1 D=35
0.3721,rust,0,MM1 !M 0 0
0.3721,rust,0,MM0 !M 0 0
0.3721,rust,0,MM1 +
0.3721,rust,0,MM0 +
0.3721,rust,0,"#214,YAW,0.00,GYRO,1,4,1,ACC,3,-1,254,ADC,1232,396,3,2,"
0.3721,rust,0,MM1 ?FF
0.3721,rust,0,MM0 ?FF
0.3721,rust,0,MM1 FF=16
0.3721,rust,0,MM0 FF=16
0.3931,rust,0,"#215,YAW,0.00,GYRO,1,5,0,ACC,1,2,255,ADC,1275,385,5,2,"
0.3931,rust,0,MM0 ?P
0.3932,rust,0,MM1 ?P
0.3932,rust,0,MM0 P=0:0
0.3932,rust,0,MM1 P=0:0
0.4141,rust,0,"#216,YAW,0.00,GYRO,0,4,1,ACC,-1,1,257,ADC,1260,501,5,2,"
0.4141,rust,0,MM0 ?S
0.4141,rust,0,MM1 ?S
0.4141,rust,0,MM0 S=0:0
0.4141,rust,0,MM1 S=0:0
0.4350,rust,0,"#217,YAW,0.00,GYRO,0,3,1,ACC,1,1,253,ADC,1286,406,7,2,"
0.4350,rust,0,MM0 ?T
0.4350,rust,0,MM1 ?T
0.4350,rust,0,MM0 T=34:33
0.4350,rust,0,MM1 T=35:33
0.4692,rust,0,"#218,YAW,0.00,GYRO,0,4,-1,ACC,1,-1,253,ADC,1214,382,6,2,"
0.4693,rust,0,MM0 ?V
0.4693,rust,0,MM1 ?V
0.4693,rust,0,MM0 V=120:223:4901
0.4693,rust,0,MM1 V=120:223:4900
0.4693,rust,0,MM0 !M 0 0
0.4693,rust,0,MM1 !M 0 0
0.4693,rust,0,MM0 +
0.4693,rust,0,MM1 +
0.4693,rust,0,"#219,YAW,0.00,GYRO,1,5,1,ACC,0,-1,248,ADC,1281,500,5,2,"
0.4693,rust,0,MM1 ?CR
0.4693,rust,0,MM0 ?CR
0.4693,rust,0,MM1 CR=0:0
0.4693,rust,0,MM0 CR=0:0
0.4902,rust,0,"$GPRMC,102912.0,V,5050.50617,N,00419.48801,E,,,021026,000.4,E*79"
0.4902,rust,0,"#220,YAW,0.00,GYRO,0,3,1,ACC,2,1,254,ADC,1277,324,3,2,"
0.4902,rust,0,MM0 ?A
0.4903,rust,0,MM1 ?A
0.4903,rust,0,MM0 A=0:0
0.4903,rust,0,MM1 A=0:0
0.5108,rust,0,"#221,YAW,0.00,GYRO,1,5,0,ACC,2,2,255,ADC,1261,500,4,1,"
0.5108,rust,0,MM1 ?AI
0.5108,rust,0,MM0 ?AI
0.5108,rust,0,MM1 AI=0:0:2373:2386:0:0
0.5108,rust,0,MM0 AI=0:0:2460:2472:0:0
0.5365,rust,0,"#222,YAW,0.00,GYRO,2,5,0,ACC,1,0,255,ADC,1245,385,7,2,"
0.5366,rust,0,MM0 ?C
0.5366,rust,0,MM1 ?C
0.5366,rust,0,MM0 C=3:1
0.5366,rust,0,MM1 C=4:6
0.5699,rust,0,"#223,YAW,0.00,GYRO,0,5,2,ACC,0,-1,252,ADC,1203,379,4,1,"
0.5699,rust,0,MM0 ?D
0.5699,rust,0,MM1 ?D
0.5699,rust,0,MM0 D=16
0.5699,rust,0,MM1 D=35
0.5699,rust,0,MM1 !M 0 0
0.5699,rust,0,MM0 !M 0 0
0.5699,rust,0,MM1 +
0.5699,rust,0,MM0 +
0.5699,rust,0,"#224,YAW,0.00,GYRO,1,5,1,ACC,4,-1,253,ADC,1292,502,4,1,"
0.5699,rust,0,MM1 ?FF
0.5699,rust,0,MM0 ?FF
0.5699,rust,0,MM1 FF=16
0.5699,rust,0,MM0 FF=16
0.5908,rust,0,"#225,YAW,0.00,GYRO,0,6,0,ACC,1,2,260,ADC,1246,391,4,2,"
0.5908,rust,0,MM1 ?P
0.5908,rust,0,MM0 ?P
0.5908,rust,0,MM1 P=0:0
0.5909,rust,0,MM0 P=0:0
0.6119,rust,0,"#226,YAW,0.00,GYRO,0,4,1,ACC,1,0,243,ADC,1255,383,4,2,"
0.6119,rust,0,MM1 ?S
0.6119,rust,0,MM0 ?S
0.6119,rust,0,MM1 S=0:0
0.6119,rust,0,MM0 S=0:0
0.6329,rust,0,"#227,YAW,0.00,GYRO,2,5,0,ACC,3,1,252,ADC,1307,491,5,2,"
0.6330,rust,0,MM1 ?T
0.6330,rust,0,MM0 ?T
0.6330,rust,0,MM1 T=35:33
0.6330,rust,0,MM0 T=34:33
0.6672,rust,0,"#228,YAW,0.00,GYRO,1,6,0,ACC,1,1,257,ADC,1243,389,5,1,"
0.6672,rust,0,MM1 ?V
0.6672,rust,0,MM0 ?V
0.6672,rust,0,MM1 V=120:223:4900
0.6672,rust,0,MM0 V=120:222:4901
0.6672,rust,0,MM0 !M 0 0
0.6672,rust,0,MM1 !M 0 0
0.6672,rust,0,MM0 +
0.6672,rust,0,MM1 +
0.6672,rust,0,"#229,YAW,0.00,GYRO,2,3,1,ACC,4,-1,254,ADC,1271,392,5,1,"
0.6672,rust,0,MM1 ?CR
0.6672,rust,0,MM0 ?CR
0.6672,rust,0,MM1 CR=0:0
0.6672,rust,0,MM0 CR=0:0
0.6879,rust,0,"$GPRMC,102912.2,V,5050.50617,N,00419.48801,E,,,021026,000.4,E*7B"
0.6879,rust,0,"#230,YAW,0.00,GYRO,1,5,2,ACC,-2,2,250,ADC,1266,398,7,2,"
0.6879,rust,0,MM1 ?A
0.6880,rust,0,MM0 ?A
0.6880,rust,0,MM1 A=0:0
0.6880,rust,0,MM0 A=0:0
0.7088,rust,0,"#231,YAW,0.00,GYRO,-1,3,-1,ACC,3,0,254,ADC,1260,501,5,2,"
0.7089,rust,0,MM1 ?AI
0.7089,rust,0,MM0 ?AI
0.7089,rust,0,MM1 AI=0:0:2358:2375:0:0
0.7089,rust,0,MM0 AI=0:0:2456:2468:0:0
0.7298,rust,0,"#232,YAW,0.00,GYRO,0,5,1,ACC,-1,1,255,ADC,1189,383,4,2,"
0.7298,rust,0,MM1 ?C
0.7299,rust,0,MM0 ?C
0.7299,rust,0,MM1 C=4:6
0.7299,rust,0,MM0 C=3:1
0.7639,rust,0,"#233,YAW,0.00,GYRO,0,6,2,ACC,0,0,251,ADC,1236,388,7,2,"
0.7639,rust,0,MM1 ?D
0.7640,rust,0,MM0 ?D
0.7640,rust,0,MM1 D=35
0.7640,rust,0,MM0 D=16
0.7640,rust,0,MM0 !M 0 0
0.7640,rust,0,MM1 !M 0 0
0.7640,rust,0,MM0 +
0.7640,rust,0,MM1 +
0.7640,rust,0,"#234,YAW,0.00,GYRO,0,6,0,ACC,2,-1,253,ADC,1250,382,6,1,"
0.7640,rust,0,MM1 ?FF
0.7640,rust,0,MM0 ?FF
0.7640,rust,0,MM1 FF=16
0.7640,rust,0,MM0 FF=16
0.7848,rust,0,"#235,YAW,0.00,GYRO,1,4,0,ACC,2,0,251,ADC,1244,381,5,1,"
0.7848,rust,0,MM1 ?P
0.7849,rust,0,MM0 ?P
0.7849,rust,0,MM1 P=0:0
0.7849,rust,0,MM0 P=0:0
0.8060,rust,0,"#236,YAW,0.00,GYRO,0,5,2,ACC,3,0,260,ADC,1268,501,8,1,"
0.8061,rust,0,MM1 ?S
0.8061,rust,0,MM0 ?S
0.8061,rust,0,MM1 S=0:0
0.8061,rust,0,MM0 S=0:0
0.8268,rust,0,"#237,YAW,0.00,GYRO,-1,5,0,ACC,-2,0,253,ADC,1276,499,5,2,"
0.8268,rust,0,MM1 ?T
0.8268,rust,0,MM0 ?T
0.8268,rust,0,MM1 T=35:33
0.8268,rust,0,MM0 T=34:33
0.8752,rust,0,"#238,YAW,0.00,GYRO,0,4,0,ACC,3,-2,249,ADC,1301,503,6,2,"
0.8753,rust,0,MM1 ?V
0.8753,rust,0,MM0 ?V
0.8753,rust,0,MM1 V=120:223:4900
0.8753,rust,0,MM0 V=120:223:4901
0.8753,rust,0,MM1 !M 0 0
0.8753,rust,0,MM0 !M 0 0
0.8753,rust,0,MM1 +
0.8753,rust,0,MM0 +
0.8753,rust,0,"#239,YAW,0.00,GYRO,0,5,1,ACC,0,1,252,ADC,1278,407,7,2,"
0.8753,rust,0,MM1 ?CR
0.8753,rust,0,MM0 ?CR
0.8753,rust,0,MM1 CR=0:0
0.8753,rust,0,MM0 CR=0:0
0.8753,rust,0,"$GPRMC,102912.4,V,5050.50617,N,00419.48801,E,,,021026,000.4,E*7D"
0.9009,rust,0,"#240,YAW,0.00,GYRO,0,5,1,ACC,0,-1,251,ADC,1282,500,4,2,"
0.9009,rust,0,MM1 ?A
0.9009,rust,0,MM0 ?A
0.9009,rust,0,MM1 A=0:0
0.9009,rust,0,MM0 A=0:0
0.9171,rust,0,"#241,YAW,0.00,GYRO,0,4,0,ACC,2,-1,250,ADC,1244,499,4,1,"
0.9171,rust,0,MM1 ?AI
0.9171,rust,0,MM0 ?AI
0.9171,rust,0,MM1 AI=0:0:2378:2381:0:0
0.9171,rust,0,MM0 AI=0:0:2447:2470:0:0
0.9171,rust,0,"#242,YAW,0.00,GYRO,1,4,1,ACC,-2,1,253,ADC,1252,498,5,2,"
0.9171,rust,0,MM1 ?C
0.9379,rust,0,MM0 ?C
0.9380,rust,0,MM1 C=4:6
0.9380,rust,0,MM0 C=3:1
0.9380,rust,0,"#243,YAW,0.00,GYRO,1,4,2,ACC,3,-1,254,ADC,1265,388,6,2,"
0.9380,rust,0,MM1 ?D
0.9380,rust,0,MM0 ?D
0.9719,rust,0,MM1 D=35
0.9719,rust,0,MM0 D=24
0.9719,rust,0,MM0 !M 0 0
0.9719,rust,0,MM1 !M 0 0
0.9720,rust,0,MM0 +
0.9720,rust,0,MM1 +
0.9720,rust,0,"#244,YAW,0.00,GYRO,0,3,1,ACC,1,0,253,ADC,1258,396,5,2,"
0.9720,rust,0,MM1 ?FF
0.9720,rust,0,MM0 ?FF
0.9720,rust,0,MM1 FF=16
0.9720,rust,0,MM0 FF=16
0.9934,rust,0,"#245,YAW,0.00,GYRO,0,4,0,ACC,3,1,252,ADC,1244,390,5,2,"
0.9934,rust,0,MM1 ?P
0.9935,rust,0,MM0 ?P
0.9935,rust,0,MM1 P=0:0
0.9935,rust,0,MM0 P=0:0
1.0138,rust,0,"#246,YAW,0.00,GYRO,0,3,1,ACC,-1,0,254,ADC,1204,381,7,2,"
1.0138,rust,0,MM1 ?S
1.0138,rust,0,MM0 ?S
1.0139,rust,0,MM1 S=0:0
1.0139,rust,0,MM0 S=0:0
1.0353,rust,0,"#247,YAW,0.00,GYRO,0,3,0,ACC,3,0,251,ADC,1293,502,5,1,"
1.0353,rust,0,MM1 ?T
1.0353,rust,0,MM0 ?T
1.0353,rust,0,MM1 T=35:33
1.0353,rust,0,MM0 T=34:33
1.0690,rust,0,"#248,YAW,0.00,GYRO,1,4,0,ACC,3,0,248,ADC,1254,385,4,1,"
1.0690,rust,0,MM1 ?V
1.0690,rust,0,MM0 ?V
1.0690,rust,0,MM1 V=120:223:4901
1.0690,rust,0,MM0 V=120:223:4901
1.0690,rust,0,MM0 !M 0 0
1.0690,rust,0,MM1 !M 0 0
1.0690,rust,0,MM0 +
1.0690,rust,0,MM1 +
1.0690,rust,0,"#249,YAW,0.00,GYRO,1,5,1,ACC,2,-1,255,ADC,1220,387,5,2,"
1.0690,rust,0,MM0 ?CR
1.0690,rust,0,MM1 ?CR
1.0690,rust,0,MM0 CR=0:0
1.0690,rust,0,MM1 CR=0:0
1.0690,rust,0,"$GPRMC,102912.6,V,5050.50617,N,00419.48801,E,,,021026,000.4,E*7F"
1.0898,rust,0,"#250,YAW,0.00,GYRO,2,5,1,ACC,3,-1,256,ADC,1287,386,7,2,"
1.0899,rust,0,MM1 ?A
1.0899,rust,0,MM0 ?A
1.0899,rust,0,MM1 A=0:0
1.0899,rust,0,MM0 A=0:0
1.1108,rust,0,"#251,YAW,0.00,GYRO,0,3,0,ACC,-1,0,251,ADC,1241,381,5,2,"
1.1108,rust,0,MM0 ?AI
1.1108,rust,0,MM1 ?AI
1.1108,rust,0,MM0 AI=0:0:2456:2470:0:0
1.1108,rust,0,MM1 AI=0:0:2382:2348:0:0
1.1320,rust,0,"#252,YAW,0.00,GYRO,0,5,0,ACC,2,-1,257,ADC,1249,500,5,2,"
1.1320,rust,0,MM0 ?C
1.1320,rust,0,MM1 ?C
1.1320,rust,0,MM0 C=3:1
1.1320,rust,0,MM1 C=4:6
1.1657,rust,0,"#253,YAW,0.00,GYRO,1,3,1,ACC,-1,1,250,ADC,1241,387,6,2,"
1.1658,rust,0,MM0 ?D
1.1658,rust,0,MM1 ?D
1.1658,rust,0,MM0 D=16
1.1658,rust,0,MM1 D=35
1.1658,rust,0,MM1 !M 0 0
1.1658,rust,0,MM0 !M 0 0
1.1658,rust,0,MM1 +
1.1658,rust,0,MM0 +
1.1658,rust,0,"#254,YAW,0.00,GYRO,0,7,0,ACC,3,1,253,ADC,1234,387,4,1,"
1.1658,rust,0,MM0 ?FF
1.1658,rust,0,MM1 ?FF
1.1658,rust,0,MM0 FF=16
1.1658,rust,0,MM1 FF=16
1.1868,rust,0,"#255,YAW,0.00,GYRO,2,4,1,ACC,-2,3,251,ADC,1264,411,6,2,"
1.1868,rust,0,MM0 ?P
1.1868,rust,0,MM1 ?P
1.1868,rust,0,MM0 P=0:0
1.1868,rust,0,MM1 P=0:0
1.2077,rust,0,"#0,YAW,0.00,GYRO,2,3,1,ACC,3,1,251,ADC,1236,502,5,2,"
1.2077,rust,0,MM0 ?S
1.2077,rust,0,MM1 ?S
1.2077,rust,0,MM0 S=0:0
1.2077,rust,0,MM1 S=0:0
1.2317,rust,0,"#1,YAW,0.00,GYRO,0,4,0,ACC,5,-1,253,ADC,1279,384,3,1,"
1.2317,rust,0,MM0 ?T
1.2317,rust,0,MM1 ?T
1.2317,rust,0,MM0 T=34:33
1.2317,rust,0,MM1 T=35:33
1.2660,rust,0,"#2,YAW,0.00,GYRO,0,7,2,ACC,4,1,248,ADC,1244,386,7,2,"
1.2661,rust,0,MM0 ?V
1.2661,rust,0,MM1 ?V
1.2661,rust,0,MM0 V=120:223:4901
1.2661,rust,0,MM1 V=120:223:4901
1.2661,rust,0,MM0 !M 0 0
1.2661,rust,0,MM1 !M 0 0
1.2661,rust,0,MM0 +
1.2661,rust,0,MM1 +
1.2661,rust,0,"#3,YAW,0.00,GYRO,2,6,-1,ACC,3,-1,259,ADC,1264,391,4,2,"
1.2661,rust,0,MM0 ?CR
1.2661,rust,0,MM1 ?CR
1.2661,rust,0,MM0 CR=0:0
1.2661,rust,0,MM1 CR=0:0
1.2867,rust,0,"$GPRMC,102912.8,V,5050.50617,N,00419.48801,E,,,021026,000.4,E*71"
1.2867,rust,0,"#4,YAW,0.00,GYRO,1,4,1,ACC,1,-1,253,ADC,1275,390,4,1,"
1.2867,rust,0,MM0 ?A
1.2868,rust,0,MM1 ?A
1.2868,rust,0,MM0 A=0:0
1.2868,rust,0,MM1 A=0:0
1.3079,rust,0,"#5,YAW,0.00,GYRO,1,4,1,ACC,3,-1,257,ADC,1239,383,4,2,"
1.3079,rust,0,MM0 ?AI
1.3079,rust,0,MM1 ?AI
1.3079,rust,0,MM0 AI=0:0:2453:2469:0:0
1.3082,rust,0,MM1 AI=0:0:2369:2362:0:0
1.3288,rust,0,"#6,YAW,0.00,GYRO,1,4,1,ACC,-2,0,251,ADC,1283,505,6,2,"
1.3288,rust,0,MM0 ?C
1.3288,rust,0,MM1 ?C
1.3288,rust,0,MM0 C=3:1
1.3288,rust,0,MM1 C=4:6
1.3782,rust,0,"#7,YAW,0.00,GYRO,1,5,0,ACC,2,1,254,ADC,1279,501,7,2,"
1.3782,rust,0,MM0 ?D
1.3782,rust,0,MM1 ?D
1.3782,rust,0,MM0 D=16
1.3782,rust,0,MM1 D=35
1.3782,rust,0,MM0 !M 0 0
1.3782,rust,0,MM1 !M 0 0
1.3782,rust,0,MM0 +
1.3782,rust,0,MM1 +
1.3782,rust,0,"#8,YAW,0.00,GYRO,1,4,1,ACC,2,-1,256,ADC,1220,278,6,2,"
1.3783,rust,0,MM0 ?FF
1.3783,rust,0,MM1 ?FF
1.3784,rust,0,MM0 FF=16
1.3784,rust,0,MM1 FF=16
1.3784,rust,0,"#9,YAW,0.00,GYRO,0,3,0,ACC,1,-1,251,ADC,1279,395,6,2,"
1.3784,rust,0,MM0 ?P
1.3784,rust,0,MM1 ?P
1.3990,rust,0,MM0 P=0:0
1.3990,rust,0,MM1 P=0:0
1.3990,rust,0,"#10,YAW,0.00,GYRO,0,5,0,ACC,-1,2,255,ADC,1281,500,6,2,"
1.3990,rust,0,MM0 ?S
1.3990,rust,0,MM1 ?S
1.3990,rust,0,MM0 S=0:0
1.4199,rust,0,MM1 S=0:0
1.4199,rust,0,"#11,YAW,0.00,GYRO,0,5,0,ACC,-1,0,253,ADC,1248,400,5,1,"
1.4199,rust,0,MM0 ?T
1.4199,rust,0,MM1 ?T
1.4199,rust,0,MM0 T=34:33
1.4199,rust,0,MM1 T=35:33
1.4409,rust,0,"#12,YAW,0.00,GYRO,1,5,1,ACC,1,1,247,ADC,1271,384,8,2,"
1.4409,rust,0,MM0 ?V
1.4409,rust,0,MM1 ?V
1.4409,rust,0,MM0 V=120:222:4901
1.4410,rust,0,MM1 V=120:223:4899
1.4755,rust,0,MM0 !M 0 0
1.4755,rust,0,MM1 !M 0 0
1.4755,rust,0,MM0 +
1.4755,rust,0,MM1 +
1.4755,rust,0,"#13,YAW,0.00,GYRO,2,6,1,ACC,-1,-1,248,ADC,1278,502,4,2,"
1.4756,rust,0,MM0 ?CR
1.4757,rust,0,MM1 ?CR
1.4757,rust,0,MM0 CR=0:0
1.4757,rust,0,MM1 CR=0:0
1.4757,rust,0,"$GPRMC,102913.0,V,5050.50617,N,00419.48801,E,,,021026,000.4,E*78"
1.4960,rust,0,"#14,YAW,0.00,GYRO,1,4,0,ACC,3,1,258,ADC,1254,335,4,1,"
1.4960,rust,0,MM0 ?A
1.4960,rust,0,MM1 ?A
1.4960,rust,0,MM0 A=0:0
1.4960,rust,0,MM1 A=0:0
1.5169,rust,0,"#15,YAW,0.00,GYRO,0,5,1,ACC,2,1,253,ADC,1245,382,5,2,"
1.5170,rust,0,MM0 ?AI
1.5170,rust,0,MM1 ?AI
1.5170,rust,0,MM0 AI=0:0:2463:2466:0:0
1.5170,rust,0,MM1 AI=0:0:2379:2362:0:0
1.5170,rust,0,"#16,YAW,0.00,GYRO,0,3,-1,ACC,2,-1,250,ADC,1267,385,9,2,"
1.5170,rust,0,MM0 ?C
1.5390,rust,0,MM1 ?C
1.5390,rust,0,MM0 C=3:1
1.5390,rust,0,MM1 C=4:6
1.5390,rust,0,"#17,YAW,0.00,GYRO,1,5,0,ACC,-1,0,257,ADC,1229,381,6,2,"
1.5390,rust,0,MM0 ?D
1.5390,rust,0,MM1 ?D
1.5732,rust,0,MM0 D=16
1.5732,rust,0,MM1 D=35
1.5732,rust,0,MM0 !M 0 0
1.5732,rust,0,MM1 !M 0 0
1.5732,rust,0,MM0 +
1.5732,rust,0,MM1 +
1.5732,rust,0,"#18,YAW,0.00,GYRO,1,4,0,ACC,1,-1,249,ADC,1236,382,5,2,"
1.5732,rust,0,MM0 ?FF
1.5732,rust,0,MM1 ?FF
1.5732,rust,0,MM0 FF=16
1.5732,rust,0,MM1 FF=16
1.5939,rust,0,"#19,YAW,0.00,GYRO,0,4,0,ACC,4,0,257,ADC,1214,381,4,1,"
1.5940,rust,0,MM0 ?P
1.5940,rust,0,MM1 ?P
1.5940,rust,0,MM0 P=0:0
1.5940,rust,0,MM1 P=0:0
1.6150,rust,0,"#20,YAW,0.00,GYRO,-1,3,0,ACC,1,2,252,ADC,1232,391,5,2,"
1.6150,rust,0,MM0 ?S
1.6150,rust,0,MM1 ?S
1.6150,rust,0,MM0 S=0:0
1.6150,rust,0,MM1 S=0:0
1.6357,rust,0,"#21,YAW,0.00,GYRO,2,3,1,ACC,4,1,253,ADC,1276,398,7,2,"
1.6358,rust,0,MM0 ?T
1.6358,rust,0,MM1 ?T
1.6358,rust,0,MM0 T=34:33
1.6358,rust,0,MM1 T=35:33
1.6699,rust,0,"#22,YAW,0.00,GYRO,2,2,1,ACC,3,1,255,ADC,1225,380,6,2,"
1.6699,rust,0,MM0 ?V
1.6699,rust,0,MM1 ?V
1.6699,rust,0,MM0 V=120:224:4901
1.6699,rust,0,MM1 V=120:222:4900
1.6699,rust,0,MM0 !M 0 0
1.6699,rust,0,MM1 !M 0 0
1.6699,rust,0,MM0 +
1.6699,rust,0,MM1 +
1.6699,rust,0,"#23,YAW,0.00,GYRO,1,3,2,ACC,1,0,253,ADC,1229,382,5,1,"
1.6699,rust,0,MM0 ?CR
1.6699,rust,0,MM1 ?CR
1.6700,rust,0,MM0 CR=0:0
1.6700,rust,0,MM1 CR=0:0
1.6700,rust,0,"$GPRMC,102913.2,V,5050.50617,N,00419.48801,E,,,021026,000.4,E*7A"
1.6915,rust,0,"#24,YAW,0.00,GYRO,1,5,0,ACC,5,-3,253,ADC,1265,384,5,2,"
1.6915,rust,0,MM0 ?A
1.6915,rust,0,MM1 ?A
1.6915,rust,0,MM0 A=0:0
1.6915,rust,0,MM1 A=0:0
1.7120,rust,0,"#25,YAW,0.00,GYRO,1,4,2,ACC,2,-2,252,ADC,1278,500,6,2,"
1.7120,rust,0,MM0 ?AI
1.7120,rust,0,MM1 ?AI
1.7120,rust,0,MM0 AI=0:0:2445:2478:0:0
1.7120,rust,0,MM1 AI=0:0:2375:2393:0:0
1.7329,rust,0,"#26,YAW,0.00,GYRO,1,5,1,ACC,0,0,250,ADC,1273,390,6,2,"
1.7329,rust,0,MM0 ?C
1.7329,rust,0,MM1 ?C
1.7329,rust,0,MM0 C=3:1
1.7330,rust,0,MM1 C=4:6
1.7669,rust,0,"#27,YAW,0.00,GYRO,1,5,1,ACC,0,-1,251,ADC,1242,387,6,2,"
1.7670,rust,0,MM0 ?D
1.7670,rust,0,MM1 ?D
1.7670,rust,0,MM0 D=16
1.7670,rust,0,MM1 D=35
1.7670,rust,0,MM0 !M 0 0
1.7670,rust,0,MM1 !M 0 0
1.7670,rust,0,MM0 +
1.7670,rust,0,MM1 +
1.7670,rust,0,"#28,YAW,0.00,GYRO,1,6,0,ACC,3,1,258,ADC,1213,379,4,2,"
1.7670,rust,0,MM0 ?FF
1.7670,rust,0,MM1 ?FF
1.7670,rust,0,MM0 FF=16
1.7670,rust,0,MM1 FF=16
1.7877,rust,0,"#29,YAW,0.00,GYRO,0,4,0,ACC,0,0,252,ADC,1278,394,5,1,"
1.7878,rust,0,MM0 ?P
1.7878,rust,0,MM1 ?P
1.7878,rust,0,MM0 P=0:0
1.7878,rust,0,MM1 P=0:0
1.8090,rust,0,"#30,YAW,0.00,GYRO,0,4,-1,ACC,1,1,253,ADC,1244,397,5,2,"
1.8090,rust,0,MM0 ?S
1.8090,rust,0,MM1 ?S
1.8090,rust,0,MM0 S=0:0
1.8090,rust,0,MM1 S=0:0
1.8298,rust,0,"#31,YAW,0.00,GYRO,2,6,0,ACC,-1,0,253,ADC,1253,500,5,2,"
1.8298,rust,0,MM0 ?T
1.8298,rust,0,MM1 ?T
1.8298,rust,0,MM0 T=34:33
1.8298,rust,0,MM1 T=35:33
1.8811,rust,0,"#32,YAW,0.00,GYRO,-1,4,1,ACC,0,-1,252,ADC,1249,497,6,2,"
1.8811,rust,0,MM0 ?V
1.8811,rust,0,MM1 ?V
1.8811,rust,0,MM0 V=120:225:4901
1.8811,rust,0,MM1 V=120:223:4901
1.8811,rust,0,"#33,YAW,0.00,GYRO,1,6,0,ACC,3,-1,255,ADC,1275,499,3,2,"
1.8812,rust,0,MM0 ?CR
1.8812,rust,0,MM1 ?CR
1.8812,rust,0,MM0 CR=0:0
1.8812,rust,0,MM1 CR=0:0
1.8812,rust,0,MM0 !M 0 0
1.8812,rust,0,MM1 !M 0 0
1.8812,rust,0,MM0 +
1.8812,rust,0,MM1 +
1.8812,rust,0,"$GPRMC,102913.4,V,5050.50617,N,00419.48801,E,,,021026,000.4,E*7C"
1.8812,rust,0,"#34,YAW,0.00,GYRO,0,5,0,ACC,2,0,248,ADC,1267,404,5,1,"
1.8812,rust,0,MM0 ?A
1.8812,rust,0,MM1 ?A
1.8812,rust,0,MM0 A=0:0
1.8812,rust,0,MM1 A=0:0
1.9020,rust,0,"#35,YAW,0.00,GYRO,2,4,0,ACC,3,0,256,ADC,1195,381,4,1,"
1.9020,rust,0,MM0 ?AI
1.9020,rust,0,MM1 ?AI
1.9020,rust,0,MM0 AI=0:0:2455:2457:0:0
1.9233,rust,0,MM1 AI=0:0:2366:2377:0:0
1.9233,rust,0,"#36,YAW,0.00,GYRO,-1,4,1,ACC,2,0,254,ADC,1244,408,6,2,"
1.9233,rust,0,MM0 ?C
1.9233,rust,0,MM1 ?C
1.9233,rust,0,MM0 C=3:1
1.9234,rust,0,MM1 C=4:6
1.9440,rust,0,"#37,YAW,0.00,GYRO,1,3,1,ACC,3,-1,253,ADC,1241,500,5,2,"
1.9440,rust,0,MM0 ?D
1.9440,rust,0,MM1 ?D
1.9440,rust,0,MM0 D=16
1.9440,rust,0,MM1 D=35
1.9800,rust,0,"#38,YAW,0.00,GYRO,0,4,0,ACC,-4,1,253,ADC,1243,500,5,2,"
1.9801,rust,0,MM0 !M 0 0
1.9801,rust,0,MM0 +
1.9801,rust,0,MM1 !M 0 0
1.9801,rust,0,MM1 +
1.9801,rust,0,MM0 ?FF
1.9801,rust,0,MM1 ?FF
1.9801,rust,0,MM0 FF=16
1.9801,rust,0,MM1 FF=16
1.9801,rust,0,"#39,YAW,0.00,GYRO,0,3,1,ACC,2,0,251,ADC,1225,499,4,1,"
1.9801,rust,0,MM0 ?P
1.9801,rust,0,MM1 ?P
1.9801,rust,0,MM0 P=0:0
1.9801,rust,0,MM1 P=0:0
2.0009,rust,0,"#40,YAW,0.00,GYRO,0,5,-1,ACC,1,1,253,ADC,1245,399,5,2,"
2.0010,rust,0,MM0 ?S
2.0010,rust,0,MM1 ?S
2.0010,rust,0,MM0 S=0:0
2.0010,rust,0,MM1 S=0:0
2.0217,rust,0,"#41,YAW,0.00,GYRO,1,4,0,ACC,-2,1,251,ADC,1245,390,5,2,"
2.0217,rust,0,MM0 ?T
2.0217,rust,0,MM1 ?T
2.0217,rust,0,MM0 T=34:33
2.0218,rust,0,MM1 T=35:33
2.0428,rust,0,"#42,YAW,0.00,GYRO,2,4,1,ACC,-1,0,252,ADC,1239,383,4,2,"
2.0428,rust,0,MM0 ?V
2.0428,rust,0,MM1 ?V
2.0428,rust,0,MM0 V=120:223:4902
2.0428,rust,0,MM1 V=120:222:4901
2.0771,rust,0,MM0 !M 0 0
2.0771,rust,0,MM1 !M 0 0
2.0771,rust,0,MM0 +
2.0771,rust,0,MM1 +
2.0771,rust,0,"#43,YAW,0.00,GYRO,0,4,0,ACC,2,2,252,ADC,1263,341,7,2,"
2.0771,rust,0,MM0 ?CR
2.0771,rust,0,MM1 ?CR
2.0771,rust,0,MM0 CR=0:0
2.0771,rust,0,MM1 CR=0:0
2.0771,rust,0,"$GPRMC,102913.6,V,5050.50617,N,00419.48801,E,,,021026,000.4,E*7E"
2.0771,rust,0,"#44,YAW,0.00,GYRO,-1,3,1,ACC,3,-1,254,ADC,1288,384,5,1,"
2.0771,rust,0,MM0 ?A
2.0981,rust,0,MM1 ?A
2.0982,rust,0,MM0 A=0:0
2.0982,rust,0,MM1 A=0:0
2.0982,rust,0,"#45,YAW,0.00,GYRO,0,5,0,ACC,2,-1,254,ADC,1229,383,5,2,"
2.0982,rust,0,MM0 ?AI
2.0982,rust,0,MM1 ?AI
2.1190,rust,0,MM0 AI=0:0:2450:2475:0:0
2.1190,rust,0,MM1 AI=0:0:2364:2380:0:0
2.1190,rust,0,"#46,YAW,0.00,GYRO,1,5,1,ACC,-1,1,251,ADC,1233,386,5,1,"
2.1190,rust,0,MM0 ?C
2.1190,rust,0,MM1 ?C
2.1190,rust,0,MM0 C=3:1
2.1397,rust,0,MM1 C=4:6
2.1398,rust,0,"#47,YAW,0.00,GYRO,0,3,0,ACC,3,0,255,ADC,1216,381,6,1,"
2.1400,rust,0,MM0 ?D
2.1400,rust,0,MM1 ?D
2.1400,rust,0,MM0 D=16
2.1400,rust,0,MM1 D=35
2.1741,rust,0,MM0 !M 0 0
2.1741,rust,0,MM1 !M 0 0
2.1741,rust,0,MM0 +
2.1741,rust,0,MM1 +
2.1741,rust,0,"#48,YAW,0.00,GYRO,1,4,2,ACC,-1,1,250,ADC,1238,392,7,2,"
2.1741,rust,0,MM0 ?FF
2.1741,rust,0,MM1 ?FF
2.1741,rust,0,MM0 FF=16
2.1741,rust,0,MM1 FF=16
2.1995,rust,0,"#49,YAW,0.00,GYRO,1,3,0,ACC,-2,1,250,ADC,1266,396,5,2,"
2.1996,rust,0,MM0 ?P
2.1996,rust,0,MM1 ?P
2.1996,rust,0,MM0 P=0:0
2.1996,rust,0,MM1 P=0:0
2.2167,rust,0,"#50,YAW,0.00,GYRO,0,3,-1,ACC,2,-1,253,ADC,1236,501,3,1,"
2.2167,rust,0,MM0 ?S
2.2168,rust,0,MM1 ?S
2.2168,rust,0,MM0 S=0:0
2.2168,rust,0,MM1 S=0:0
2.2375,rust,0,"#51,YAW,0.00,GYRO,0,3,1,ACC,3,-1,256,ADC,1246,382,4,2,"
2.2375,rust,0,MM0 ?T
2.2376,rust,0,MM1 ?T
2.2376,rust,0,MM0 T=34:33
2.2376,rust,0,MM1 T=35:33
2.2376,rust,0,"#52,YAW,0.00,GYRO,1,3,-1,ACC,1,1,251,ADC,1268,491,4,2,"
2.2376,rust,0,MM0 ?V
2.2721,rust,0,MM1 ?V
2.2721,rust,0,MM0 V=120:224:4901
2.2721,rust,0,MM1 V=120:223:4901
2.2721,rust,0,MM0 !M 0 0
2.2721,rust,0,MM1 !M 0 0
2.2721,rust,0,MM0 +
2.2721,rust,0,MM1 +
2.2721,rust,0,"#53,YAW,0.00,GYRO,1,6,-1,ACC,-1,0,254,ADC,1246,382,5,2,"
2.2721,rust,0,MM0 ?CR
2.2721,rust,0,MM1 ?CR
2.2721,rust,0,MM0 CR=0:0
2.2721,rust,0,MM1 CR=0:0
2.2721,rust,0,"$GPRMC,102913.8,V,5050.50617,N,00419.48801,E,,,021026,000.4,E*70"
2.2930,rust,0,"#54,YAW,0.00,GYRO,2,5,2,ACC,0,-1,253,ADC,1259,387,6,2,"
2.2931,rust,0,MM0 ?A
2.2931,rust,0,MM1 ?A
2.2931,rust,0,MM0 A=0:0
2.2931,rust,0,MM1 A=0:0
2.3143,rust,0,"#55,YAW,0.00,GYRO,1,5,0,ACC,0,-1,251,ADC,1229,388,5,1,"
2.3144,rust,0,MM0 ?AI
2.3144,rust,0,MM1 ?AI
2.3144,rust,0,MM0 AI=0:0:2459:2468:0:0
2.3144,rust,0,MM1 AI=0:0:2379:2355:0:0
2.3351,rust,0,"#56,YAW,0.00,GYRO,2,3,0,ACC,1,0,250,ADC,1237,501,10,2,"
2.3351,rust,0,MM0 ?C
2.3351,rust,0,MM1 ?C
2.3351,rust,0,MM0 C=3:1
2.3352,rust,0,MM1 C=4:6
2.3830,rust,0,"#57,YAW,0.00,GYRO,-1,4,-1,ACC,1,-1,254,ADC,1242,379,4,1,"
2.3831,rust,0,MM0 ?D
2.3831,rust,0,MM1 ?D
2.3831,rust,0,MM0 D=16
2.3831,rust,0,MM1 D=35
2.3831,rust,0,"#58,YAW,0.00,GYRO,0,4,0,ACC,3,1,251,ADC,1223,387,5,2,"
2.3831,rust,0,MM0 ?FF
2.3831,rust,0,MM1 ?FF
2.3831,rust,0,MM0 FF=16
2.3831,rust,0,MM1 FF=16
2.3831,rust,0,MM0 !M 0 0
2.3831,rust,0,MM1 !M 0 0
2.3831,rust,0,MM0 +
2.3831,rust,0,MM1 +
2.3831,rust,0,"#59,YAW,0.00,GYRO,1,5,0,ACC,1,0,254,ADC,1291,502,5,2,"
2.3831,rust,0,MM0 ?P
2.3831,rust,0,MM1 ?P
2.3831,rust,0,MM0 P=0:0
2.3831,rust,0,MM1 P=0:0
2.4037,rust,0,"#60,YAW,0.00,GYRO,1,3,1,ACC,4,0,250,ADC,1255,395,4,2,"
2.4038,rust,0,MM0 ?S
2.4038,rust,0,MM1 ?S
2.4038,rust,0,MM0 S=0:0
2.4038,rust,0,MM1 S=0:0
2.4248,rust,0,"#61,YAW,0.00,GYRO,2,5,1,ACC,2,-1,255,ADC,1295,499,4,2,"
2.4248,rust,0,MM0 ?T
2.4248,rust,0,MM1 ?T
2.4248,rust,0,MM0 T=34:33
2.4248,rust,0,MM1 T=35:33
2.4458,rust,0,"#62,YAW,0.00,GYRO,0,5,1,ACC,3,1,253,ADC,1249,494,5,2,"
2.4458,rust,0,MM0 ?V
2.4458,rust,0,MM1 ?V
2.4458,rust,0,MM0 V=120:223:4902
2.4458,rust,0,MM1 V=120:223:4900
2.4800,rust,0,MM0 !M 0 0
2.4800,rust,0,MM1 !M 0 0
2.4800,rust,0,"#63,YAW,0.00,GYRO,-1,7,2,ACC,1,1,252,ADC,1282,370,6,3,"
2.4800,rust,0,MM0 +
2.4800,rust,0,MM1 +
2.4800,rust,0,MM0 ?CR
2.4800,rust,0,MM1 ?CR
2.4800,rust,0,MM0 CR=0:0
2.4800,rust,0,MM1 CR=0:0
2.4800,rust,0,"$GPRMC,102914.0,V,5050.50617,N,00419.48801,E,,,021026,000.4,E*7F"
2.4800,rust,0,"#64,YAW,0.00,GYRO,0,5,0,ACC,2,-1,253,ADC,1268,500,8,2,"
2.4800,rust,0,MM0 ?A
2.4800,rust,0,MM1 ?A
2.4800,rust,0,MM0 A=0:0
2.4800,rust,0,MM1 A=0:0
2.5011,rust,0,"#65,YAW,0.00,GYRO,2,5,0,ACC,-2,0,255,ADC,1226,499,5,2,"
2.5012,rust,0,MM0 ?AI
2.5012,rust,0,MM1 ?AI
2.5012,rust,0,MM0 AI=0:0:2460:2470:0:0
2.5218,rust,0,MM1 AI=0:0:2407:2378:0:0
2.5218,rust,0,"#66,YAW,0.00,GYRO,1,4,1,ACC,3,1,259,ADC,1238,499,6,2,"
2.5218,rust,0,MM0 ?C
2.5218,rust,0,MM1 ?C
2.5218,rust,0,MM0 C=3:1
2.5218,rust,0,MM1 C=4:6
2.5429,rust,0,"#67,YAW,0.00,GYRO,0,5,1,ACC,0,0,253,ADC,1239,390,6,2,"
2.5429,rust,0,MM0 ?D
2.5429,rust,0,MM1 ?D
2.5429,rust,0,MM0 D=16
2.5429,rust,0,MM1 D=35
2.5771,rust,0,MM0 !M 0 0
2.5771,rust,0,MM1 !M 0 0
2.5771,rust,0,MM0 +
2.5771,rust,0,MM1 +
2.5771,rust,0,"#68,YAW,0.00,GYRO,0,4,0,ACC,1,0,257,ADC,1226,307,5,2,"
2.5771,rust,0,MM0 ?FF
2.5772,rust,0,MM1 ?FF
2.5772,rust,0,MM0 FF=16
2.5772,rust,0,MM1 FF=16
2.5772,rust,0,"#69,YAW,0.00,GYRO,1,5,-1,ACC,3,0,255,ADC,1233,385,5,1,"
2.5772,rust,0,MM0 ?P
2.5980,rust,0,MM1 ?P
2.5980,rust,0,MM0 P=0:0
2.5980,rust,0,MM1 P=0:0
2.5980,rust,0,"#70,YAW,0.00,GYRO,0,6,2,ACC,-1,3,249,ADC,1252,503,4,1,"
2.5980,rust,0,MM0 ?S
2.5980,rust,0,MM1 ?S
2.6190,rust,0,MM0 S=0:0
2.6190,rust,0,MM1 S=0:0
2.6190,rust,0,"#71,YAW,0.00,GYRO,1,5,-1,ACC,-1,0,251,ADC,1267,398,4,1,"
2.6191,rust,0,MM0 ?T
2.6191,rust,0,MM1 ?T
2.6191,rust,0,MM0 T=34:33
2.6421,rust,0,MM1 T=35:33
2.6421,rust,0,"#72,YAW,0.00,GYRO,1,6,0,ACC,1,1,249,ADC,1263,384,5,2,"
2.6421,rust,0,MM0 ?V
2.6421,rust,0,MM1 ?V
2.6421,rust,0,MM0 V=120:224:4901
2.6762,rust,0,MM1 V=120:223:4901
2.6762,rust,0,MM1 !M 0 0
2.6762,rust,0,MM0 !M 0 0
2.6762,rust,0,MM1 +
2.6762,rust,0,MM0 +
2.6762,rust,0,"#73,YAW,0.00,GYRO,0,4,0,ACC,3,1,254,ADC,1242,385,4,1,"
2.6763,rust,0,MM0 ?CR
2.6763,rust,0,MM1 ?CR
2.6763,rust,0,MM0 CR=0:0
2.6763,rust,0,MM1 CR=0:0
2.6763,rust,0,"$GPRMC,102914.2,V,5050.50617,N,00419.48801,E,,,021026,000.4,E*7D"
2.6970,rust,0,"#74,YAW,0.00,GYRO,0,6,0,ACC,1,1,254,ADC,1273,388,7,2,"
2.6970,rust,0,MM0 ?A
2.6970,rust,0,MM1 ?A
2.6970,rust,0,MM0 A=0:0
2.6970,rust,0,MM1 A=0:0
2.6970,rust,0,"#75,YAW,0.00,GYRO,0,4,2,ACC,2,0,247,ADC,1187,384,6,1,"
2.6970,rust,0,MM1 ?AI
2.7180,rust,0,MM0 ?AI
2.7181,rust,0,MM1 AI=0:0:2376:2392:0:0
2.7181,rust,0,MM0 AI=0:0:2453:2476:0:0
2.7181,rust,0,"#76,YAW,0.00,GYRO,1,5,1,ACC,2,-1,254,ADC,1267,381,5,2,"
2.7181,rust,0,MM0 ?C
2.7181,rust,0,MM1 ?C
2.7392,rust,0,MM0 C=3:1
2.7393,rust,0,MM1 C=4:6
2.7393,rust,0,"#77,YAW,0.00,GYRO,1,3,0,ACC,0,-1,256,ADC,1292,499,5,2,"
2.7393,rust,0,MM0 ?D
2.7393,rust,0,MM1 ?D
2.7393,rust,0,MM0 D=16
2.7732,rust,0,MM1 D=35
2.7732,rust,0,MM0 !M 0 0
2.7732,rust,0,MM1 !M 0 0
2.7732,rust,0,MM0 +
2.7732,rust,0,MM1 +
2.7732,rust,0,"#78,YAW,0.00,GYRO,2,5,0,ACC,1,1,254,ADC,1309,493,7,1,"
2.7732,rust,0,MM0 ?FF
2.7732,rust,0,MM1 ?FF
2.7732,rust,0,MM0 FF=16
2.7732,rust,0,MM1 FF=16
2.7939,rust,0,"#79,YAW,0.00,GYRO,1,1,1,ACC,1,3,249,ADC,1258,384,4,1,"
2.7939,rust,0,MM0 ?P
2.7939,rust,0,MM1 ?P
2.7939,rust,0,MM0 P=0:0
2.7939,rust,0,MM1 P=0:0
2.8150,rust,0,"#80,YAW,0.00,GYRO,0,6,1,ACC,5,0,256,ADC,1221,383,5,1,"
2.8150,rust,0,MM0 ?S
2.8150,rust,0,MM1 ?S
2.8151,rust,0,MM0 S=0:0
2.8151,rust,0,MM1 S=0:0
2.8360,rust,0,"#81,YAW,0.00,GYRO,0,5,0,ACC,1,0,254,ADC,1235,399,8,2,"
2.8360,rust,0,MM0 ?T
2.8360,rust,0,MM1 ?T
2.8360,rust,0,MM0 T=34:33
2.8360,rust,0,MM1 T=35:33
2.8849,rust,0,"#82,YAW,0.00,GYRO,0,3,-1,ACC,3,0,255,ADC,1246,389,6,2,"
2.8849,rust,0,MM0 ?V
2.8850,rust,0,MM1 ?V
2.8850,rust,0,MM0 V=120:223:4901
2.8850,rust,0,MM1 V=120:223:4901
2.8850,rust,0,"#83,YAW,0.00,GYRO,1,3,0,ACC,-1,-1,252,ADC,1239,381,4,2,"
2.8850,rust,0,MM1 ?CR
2.8850,rust,0,MM0 ?CR
2.8850,rust,0,MM1 CR=0:0
2.8850,rust,0,MM0 CR=0:0
2.8850,rust,0,MM0 !M 0 0
2.8850,rust,0,MM1 !M 0 0
2.8850,rust,0,MM0 +
2.8850,rust,0,MM1 +
2.8850,rust,0,"$GPRMC,102914.4,V,5050.50617,N,00419.48801,E,,,021026,000.4,E*7B"
2.8850,rust,0,"#84,YAW,0.00,GYRO,1,4,1,ACC,0,-1,251,ADC,1286,386,4,1,"
2.8850,rust,0,MM1 ?A
2.8850,rust,0,MM0 ?A
2.8850,rust,0,MM1 A=0:0
2.8850,rust,0,MM0 A=0:0
2.9058,rust,0,"#85,YAW,-0.00,GYRO,2,4,1,ACC,0,0,257,ADC,1281,502,5,1,"
2.9058,rust,0,MM1 ?AI
2.9058,rust,0,MM0 ?AI
2.9058,rust,0,MM1 AI=0:0:2397:2363:0:0
2.9058,rust,0,MM0 AI=0:0:2458:2441:0:0
2.9267,rust,0,"#86,YAW,0.00,GYRO,1,4,-1,ACC,2,-1,250,ADC,1253,389,6,2,"
2.9267,rust,0,MM1 ?C
2.9268,rust,0,MM0 ?C
2.9268,rust,0,MM1 C=4:6
2.9268,rust,0,MM0 C=3:1
2.9481,rust,0,"#87,YAW,0.00,GYRO,1,5,0,ACC,0,-1,256,ADC,1233,502,6,2,"
2.9482,rust,0,MM1 ?D
2.9482,rust,0,MM0 ?D
2.9482,rust,0,MM1 D=35
2.9482,rust,0,MM0 D=16
2.9818,rust,0,"#88,YAW,0.00,GYRO,0,3,0,ACC,3,0,252,ADC,1259,388,5,2,"
2.9818,rust,0,MM0 ?FF
2.9819,rust,0,MM1 ?FF
2.9819,rust,0,MM1 FF=16
2.9819,rust,0,MM0 FF=16
2.9819,rust,0,MM1 !M 0 0
2.9819,rust,0,MM0 !M 0 0
2.9819,rust,0,MM1 +
2.9819,rust,0,MM0 +
2.9819,rust,0,"#89,YAW,-0.00,GYRO,1,4,1,ACC,2,0,251,ADC,1271,498,7,2,"
2.9819,rust,0,MM1 ?P
2.9819,rust,0,MM0 ?P
2.9819,rust,0,MM1 P=0:0
2.9819,rust,0,MM0 P=0:0
3.0027,rust,0,"#90,YAW,0.00,GYRO,0,4,-1,ACC,0,0,255,ADC,1235,398,7,2,"
3.0028,rust,0,MM1 ?S
3.0028,rust,0,MM0 ?S
3.0028,rust,0,MM1 S=0:0
3.0028,rust,0,MM0 S=0:0
3.0242,rust,0,"#91,YAW,-0.00,GYRO,2,4,1,ACC,1,-1,253,ADC,1249,394,6,2,"
3.0242,rust,0,MM1 ?T
3.0242,rust,0,MM0 ?T
3.0242,rust,0,MM1 T=35:33
3.0242,rust,0,MM0 T=34:33
3.0449,vrijgeven,0,"#92,YAW,0.00,GYRO,1,4,-1,ACC,3,-2,251,ADC,1293,499,6,1,"
3.0449,vrijgeven,0,MM1 ?V
3.0450,vrijgeven,0,MM0 ?V
3.0450,vrijgeven,0,MM1 V=120:223:4901
3.0450,vrijgeven,0,MM0 V=120:223:4902
3.0450,vrijgeven,0,MM0 !MG
3.0450,vrijgeven,0,MM1 !MG
3.0790,vrijgeven,0,MM0 +
3.0791,vrijgeven,0,MM1 +
3.0791,vrijgeven,0,MM0 !M 0 0
3.0791,vrijgeven,0,MM1 !M 0 0
3.0791,vrijgeven,0,MM0 +
3.0791,vrijgeven,0,MM1 +
3.0791,vrijgeven,0,"#93,YAW,-0.00,GYRO,1,2,1,ACC,-1,0,250,ADC,1248,390,4,2,"
3.0791,vrijgeven,0,MM1 ?CR
3.0791,vrijgeven,0,MM0 ?CR
3.0791,vrijgeven,0,MM1 CR=0:0
3.0791,vrijgeven,0,MM0 CR=0:1
3.0791,vrijgeven,0,"$GPRMC,102914.6,V,5050.50617,N,00419.48801,E,,,021026,000.4,E*79"
3.0791,vrijgeven,0,"#94,YAW,-0.00,GYRO,0,3,0,ACC,2,0,255,ADC,1290,400,5,2,"
3.0792,vrijgeven,0,MM1 ?A
3.0792,vrijgeven,0,MM0 ?A
3.0792,vrijgeven,0,MM1 A=0:0
3.1000,vrijgeven,0,MM0 A=0:0
3.1000,vrijgeven,0,"#95,YAW,0.00,GYRO,0,4,-1,ACC,3,-1,258,ADC,1261,388,5,2,"
3.1001,vrijgeven,0,MM1 ?AI
3.1001,vrijgeven,0,MM0 ?AI
3.1207,vrijgeven,0,MM1 AI=0:0:2360:2400:0:0
3.1208,vrijgeven,0,MM0 AI=0:0:2475:2471:0:0
3.1208,vrijgeven,0,"#96,YAW,0.00,GYRO,1,4,-1,ACC,0,0,253,ADC,1260,385,5,2,"
3.1208,vrijgeven,0,MM1 ?C
3.1208,vrijgeven,0,MM0 ?C
3.1208,vrijgeven,0,MM1 C=4:6
3.1208,vrijgeven,0,MM0 C=3:2
3.1416,vrijgeven,0,"#97,YAW,0.00,GYRO,0,6,0,ACC,2,-1,251,ADC,1276,501,4,2,"
3.1416,vrijgeven,0,MM1 ?D
3.1417,vrijgeven,0,MM0 ?D
3.1417,vrijgeven,0,MM1 D=35
3.1417,vrijgeven,0,MM0 D=48
3.1761,vrijgeven,0,MM1 !M 0 0
3.1762,vrijgeven,0,MM0 !M 0 0
3.1762,vrijgeven,0,MM1 +
3.1762,vrijgeven,0,MM0 +
3.1762,vrijgeven,0,"#98,YAW,0.00,GYRO,0,4,0,ACC,0,0,256,ADC,1279,502,9,2,"
3.1762,vrijgeven,0,MM1 ?FF
3.1762,vrijgeven,0,MM0 ?FF
3.1762,vrijgeven,0,MM1 FF=0
3.1762,vrijgeven,0,MM0 FF=0
3.1982,vrijgeven,0,"#99,YAW,0.00,GYRO,0,4,-1,ACC,2,0,258,ADC,1214,382,6,2,"
3.1982,vrijgeven,0,MM1 ?P
3.1982,vrijgeven,0,MM0 ?P
3.1982,vrijgeven,0,MM1 P=0:0
3.1983,vrijgeven,0,MM0 P=0:0
3.1983,vrijgeven,0,"#100,YAW,0.00,GYRO,0,6,0,ACC,1,-1,248,ADC,1257,501,5,2,"
3.1983,vrijgeven,0,MM1 ?S
3.2179,vrijgeven,0,MM0 ?S
3.2180,vrijgeven,0,MM1 S=0:0
3.2180,vrijgeven,0,MM0 S=0:0
3.2180,vrijgeven,0,"#101,YAW,0.00,GYRO,2,4,2,ACC,0,1,254,ADC,1237,390,5,1,"
3.2180,vrijgeven,0,MM1 ?T
3.2180,vrijgeven,0,MM0 ?T
3.2393,vrijgeven,0,MM1 T=35:33
3.2393,vrijgeven,0,MM0 T=34:33
3.2393,vrijgeven,0,"#102,YAW,0.00,GYRO,0,5,0,ACC,1,0,251,ADC,1271,393,4,2,"
3.2393,vrijgeven,0,MM1 ?V
3.2393,vrijgeven,0,MM0 ?V
3.2871,vrijgeven,0,MM1 V=120:223:4899
3.2872,vrijgeven,0,MM0 V=120:223:4902
3.2872,vrijgeven,0,"#103,YAW,-0.00,GYRO,1,3,1,ACC,1,0,255,ADC,1236,386,7,1,"
3.2872,vrijgeven,0,MM1 ?CR
3.2872,vrijgeven,0,MM0 ?CR
3.2872,vrijgeven,0,MM1 CR=0:0
3.2872,vrijgeven,0,MM0 CR=0:0
3.2872,vrijgeven,0,MM1 !M 0 0
3.2872,vrijgeven,0,MM0 !M 0 0
3.2872,vrijgeven,0,MM1 +
3.2872,vrijgeven,0,MM0 +
3.2872,vrijgeven,0,"$GPRMC,102914.8,V,5050.50617,N,00419.48801,E,,,021026,000.4,E*77"
3.2872,vrijgeven,0,"#104,YAW,0.00,GYRO,0,5,-1,ACC,2,1,250,ADC,1257,314,5,2,"
3.2872,vrijgeven,0,MM1 ?A
3.2872,vrijgeven,0,MM0 ?A
3.2872,vrijgeven,0,MM1 A=0:0
3.2872,vrijgeven,0,MM0 A=0:0
3.3079,vrijgeven,0,"#105,YAW,0.00,GYRO,1,6,0,ACC,1,0,251,ADC,1248,500,5,1,"
3.3080,vrijgeven,0,MM1 ?AI
3.3080,vrijgeven,0,MM0 ?AI
3.3080,vrijgeven,0,MM1 AI=0:0:2380:2376:0:0
3.3080,vrijgeven,0,MM0 AI=0:0:2460:2471:0:0
3.3288,vrijgeven,0,"#106,YAW,-0.00,GYRO,2,5,1,ACC,1,-1,260,ADC,1256,501,7,2,"
3.3288,vrijgeven,0,MM1 ?C
3.3288,vrijgeven,0,MM0 ?C
3.3288,vrijgeven,0,MM1 C=4:6
3.3288,vrijgeven,0,MM0 C=3:2
3.3498,vrijgeven,0,"#107,YAW,-0.00,GYRO,0,5,0,ACC,-1,-1,249,ADC,1251,395,4,1,"
3.3498,vrijgeven,0,MM1 ?D
3.3498,vrijgeven,0,MM0 ?D
3.3498,vrijgeven,0,MM1 D=35
3.3498,vrijgeven,0,MM0 D=56
3.3839,vrijgeven,0,"#108,YAW,0.00,GYRO,0,4,-1,ACC,0,1,253,ADC,1258,496,7,1,"
3.3840,vrijgeven,0,MM1 ?FF
3.3840,vrijgeven,0,MM0 ?FF
3.3840,vrijgeven,0,MM1 FF=0
3.3840,vrijgeven,0,MM0 FF=0
3.3840,vrijgeven,0,MM0 !M 0 0
3.3840,vrijgeven,0,MM1 !M 0 0
3.3840,vrijgeven,0,MM0 +
3.3840,vrijgeven,0,MM1 +
3.3840,vrijgeven,0,"#109,YAW,0.00,GYRO,0,4,0,ACC,0,1,252,ADC,1264,383,5,2,"
3.3840,vrijgeven,0,MM1 ?P
3.3840,vrijgeven,0,MM0 ?P
3.3840,vrijgeven,0,MM1 P=0:0
3.3840,vrijgeven,0,MM0 P=0:0
3.4047,vrijgeven,0,"#110,YAW,0.00,GYRO,1,4,0,ACC,2,-1,254,ADC,1244,383,4,1,"
3.4048,vrijgeven,0,MM1 ?S
3.4048,vrijgeven,0,MM0 ?S
3.4048,vrijgeven,0,MM1 S=0:0
3.4048,vrijgeven,0,MM0 S=0:0
3.4260,vrijgeven,0,"#111,YAW,0.00,GYRO,2,4,-1,ACC,1,0,254,ADC,1281,502,5,2,"
3.4261,vrijgeven,0,MM1 ?T
3.4261,vrijgeven,0,MM0 ?T
3.4261,vrijgeven,0,MM1 T=35:33
3.4261,vrijgeven,0,MM0 T=34:33
3.4467,vrijgeven,0,"#112,YAW,0.00,GYRO,1,4,-1,ACC,2,1,251,ADC,1267,383,6,2,"
3.4467,vrijgeven,0,MM1 ?V
3.4467,vrijgeven,0,MM0 ?V
3.4467,vrijgeven,0,MM1 V=120:223:4901
3.4468,vrijgeven,0,MM0 V=120:221:4903
3.4832,vrijgeven,0,"#113,YAW,0.00,GYRO,1,6,0,ACC,4,1,255,ADC,1258,501,5,3,"
3.4833,vrijgeven,0,MM0 ?CR
3.4833,vrijgeven,0,MM1 ?CR
3.4833,vrijgeven,0,MM0 CR=0:0
3.4833,vrijgeven,0,MM1 CR=0:0
3.4833,vrijgeven,0,MM0 !M 0 0
3.4833,vrijgeven,0,MM1 !M 0 0
3.4833,vrijgeven,0,MM0 +
3.4833,vrijgeven,0,MM1 +
3.4833,vrijgeven,0,"$GPRMC,102915.0,V,5050.50617,N,00419.48801,E,,,021026,000.4,E*7E"
3.4833,vrijgeven,0,"#114,YAW,0.00,GYRO,1,5,-1,ACC,1,-1,253,ADC,1279,426,5,2,"
3.5030,vrijgeven,0,MM1 ?A
3.5031,vrijgeven,0,MM0 ?A
3.5031,vrijgeven,0,MM1 A=0:0
3.5031,vrijgeven,0,MM0 A=0:0
3.5031,vrijgeven,0,"#115,YAW,0.00,GYRO,-1,4,0,ACC,1,1,254,ADC,1252,501,6,2,"
3.5031,vrijgeven,0,MM0 ?AI
3.5031,vrijgeven,0,MM1 ?AI
3.5031,vrijgeven,0,MM0 AI=0:0:2460:2467:0:0
3.5243,vrijgeven,0,MM1 AI=0:0:2359:2359:0:0
3.5243,vrijgeven,0,"#116,YAW,0.00,GYRO,0,2,1,ACC,1,0,249,ADC,1237,390,6,1,"
3.5244,vrijgeven,0,MM0 ?C
3.5244,vrijgeven,0,MM1 ?C
3.5244,vrijgeven,0,MM0 C=3:2
3.5244,vrijgeven,0,MM1 C=4:6
3.5437,vrijgeven,0,"#117,YAW,0.00,GYRO,1,4,1,ACC,2,1,253,ADC,1290,502,8,1,"
3.5438,vrijgeven,0,MM0 ?D
3.5438,vrijgeven,0,MM1 ?D
3.5438,vrijgeven,0,MM0 D=56
3.5438,vrijgeven,0,MM1 D=35
3.5780,vrijgeven,0,MM1 !M 0 0
3.5780,vrijgeven,0,MM0 !M 0 0
3.5780,vrijgeven,0,MM1 +
3.5780,vrijgeven,0,MM0 +
3.5780,vrijgeven,0,"#118,YAW,0.00,GYRO,1,6,0,ACC,0,1,255,ADC,1255,395,6,2,"
3.5780,vrijgeven,0,MM0 ?FF
3.5780,vrijgeven,0,MM1 ?FF
3.5780,vrijgeven,0,MM0 FF=0
3.5781,vrijgeven,0,MM1 FF=0
3.5781,vrijgeven,0,"#119,YAW,0.00,GYRO,3,4,1,ACC,3,-1,251,ADC,1245,394,5,1,"
3.5781,vrijgeven,0,MM0 ?P
3.5781,vrijgeven,0,MM1 ?P
3.5989,vrijgeven,0,MM0 P=0:0
3.5989,vrijgeven,0,MM1 P=0:0
3.5989,vrijgeven,0,"#120,YAW,-0.00,GYRO,1,5,1,ACC,1,1,252,ADC,1278,503,6,2,"
3.5989,vrijgeven,0,MM0 ?S
3.5989,vrijgeven,0,MM1 ?S
3.5990,vrijgeven,0,MM0 S=0:0
3.6199,vrijgeven,0,MM1 S=0:0
3.6199,vrijgeven,0,"#121,YAW,0.00,GYRO,0,3,-1,ACC,0,0,248,ADC,1237,383,7,1,"
3.6199,vrijgeven,0,MM0 ?T
3.6200,vrijgeven,0,MM1 ?T
3.6200,vrijgeven,0,MM0 T=34:33
3.6200,vrijgeven,0,MM1 T=35:33
3.6410,vrijgeven,0,"#122,YAW,0.00,GYRO,1,6,0,ACC,1,0,252,ADC,1237,401,6,1,"
3.6410,vrijgeven,0,MM0 ?V
3.6410,vrijgeven,0,MM1 ?V
3.6411,vrijgeven,0,MM0 V=120:223:4904
3.6899,vrijgeven,0,MM1 V=120:223:4901
3.6900,vrijgeven,0,"#123,YAW,0.00,GYRO,0,5,-2,ACC,-1,-1,252,ADC,1252,497,7,2,"
3.6900,vrijgeven,0,MM0 ?CR
3.6900,vrijgeven,0,MM1 ?CR
3.6900,vrijgeven,0,MM0 CR=0:0
3.6900,vrijgeven,0,MM1 CR=0:0
3.6900,vrijgeven,0,MM1 !M 0 0
3.6900,vrijgeven,0,MM0 !M 0 0
3.6900,vrijgeven,0,MM1 +
3.6900,vrijgeven,0,MM0 +
3.6900,vrijgeven,0,"$GPRMC,102915.2,V,5050.50617,N,00419.48801,E,,,021026,000.4,E*7C"
3.6902,vrijgeven,0,"#124,YAW,0.00,GYRO,0,4,0,ACC,3,0,254,ADC,1234,326,4,2,"
3.6902,vrijgeven,0,MM1 ?A
3.6902,vrijgeven,0,MM0 ?A
3.6902,vrijgeven,0,MM0 A=0:0
3.6902,vrijgeven,0,MM1 A=0:0
3.7107,vrijgeven,0,"#125,YAW,0.00,GYRO,0,5,0,ACC,2,0,252,ADC,1223,389,5,2,"
3.7107,vrijgeven,0,MM0 ?AI
3.7107,vrijgeven,0,MM1 ?AI
3.7107,vrijgeven,0,MM0 AI=0:0:2448:2473:0:0
3.7107,vrijgeven,0,MM1 AI=0:0:2363:2373:0:0
3.7318,vrijgeven,0,"#126,YAW,0.00,GYRO,1,5,2,ACC,2,-1,251,ADC,1275,391,4,2,"
3.7319,vrijgeven,0,MM0 ?C
3.7319,vrijgeven,0,MM1 ?C
3.7319,vrijgeven,0,MM0 C=3:2
3.7319,vrijgeven,0,MM1 C=4:6
3.7529,vrijgeven,0,"#127,YAW,0.00,GYRO,-1,3,0,ACC,0,-1,254,ADC,1293,394,6,1,"
3.7529,vrijgeven,0,MM0 ?D
3.7529,vrijgeven,0,MM1 ?D
3.7530,vrijgeven,0,MM0 D=48
3.7530,vrijgeven,0,MM1 D=35
3.7891,vrijgeven,0,"#128,YAW,-0.00,GYRO,0,3,2,ACC,-1,0,250,ADC,1233,383,4,1,"
3.7891,vrijgeven,0,MM0 ?FF
3.7891,vrijgeven,0,MM1 ?FF
3.7891,vrijgeven,0,MM0 FF=0
3.7891,vrijgeven,0,MM1 FF=0
3.7891,vrijgeven,0,MM1 !M 0 0
3.7891,vrijgeven,0,MM0 !M 0 0
3.7891,vrijgeven,0,MM1 +
3.7891,vrijgeven,0,MM0 +
3.7891,vrijgeven,0,"#129,YAW,-0.00,GYRO,1,5,0,ACC,3,1,255,ADC,1262,495,6,1,"
3.7892,vrijgeven,0,MM0 ?P
3.7892,vrijgeven,0,MM1 ?P
3.7892,vrijgeven,0,MM0 P=0:0
3.7892,vrijgeven,0,MM1 P=0:0
3.8080,vrijgeven,0,"#130,YAW,-0.00,GYRO,1,6,0,ACC,0,0,250,ADC,1266,504,5,2,"
3.8080,vrijgeven,0,MM0 ?S
3.8080,vrijgeven,0,MM1 ?S
3.8080,vrijgeven,0,MM0 S=0:0
3.8080,vrijgeven,0,MM1 S=0:0
3.8287,vrijgeven,0,"#131,YAW,-0.00,GYRO,0,6,0,ACC,4,0,254,ADC,1270,384,4,2,"
3.8288,vrijgeven,0,MM0 ?T
3.8288,vrijgeven,0,MM1 ?T
3.8288,vrijgeven,0,MM0 T=34:33
3.8288,vrijgeven,0,MM1 T=35:33
3.8497,vrijgeven,0,"#132,YAW,-0.00,GYRO,2,3,1,ACC,1,-2,252,ADC,1257,393,3,2,"
3.8497,vrijgeven,0,MM0 ?V
3.8497,vrijgeven,0,MM1 ?V
3.8497,vrijgeven,0,MM0 V=120:224:4903
3.8497,vrijgeven,0,MM1 V=120:223:4901
3.8842,vrijgeven,0,"#133,YAW,-0.00,GYRO,0,4,1,ACC,1,0,252,ADC,1260,384,6,2,"
3.8842,vrijgeven,0,MM0 ?CR
3.8842,vrijgeven,0,MM1 ?CR
3.8842,vrijgeven,0,MM0 CR=0:0
3.8842,vrijgeven,0,MM1 CR=0:0
3.8842,vrijgeven,0,MM0 !M 0 0
3.8842,vrijgeven,0,MM0 +
3.8842,vrijgeven,0,MM1 !M 0 0
3.8842,vrijgeven,0,MM1 +
3.8843,vrijgeven,0,"$GPRMC,102915.4,V,5050.50617,N,00419.48801,E,,,021026,000.4,E*7A"
3.8843,vrijgeven,0,"#134,YAW,-0.00,GYRO,1,4,1,ACC,-1,1,255,ADC,1247,315,6,1,"
3.8843,vrijgeven,0,MM0 ?A
3.8843,vrijgeven,0,MM1 ?A
3.8843,vrijgeven,0,MM0 A=0:0
3.8843,vrijgeven,0,MM1 A=0:0
3.9048,vrijgeven,0,"#135,YAW,-0.00,GYRO,0,5,1,ACC,-1,0,253,ADC,1285,384,4,1,"
3.9048,vrijgeven,0,MM0 ?AI
3.9048,vrijgeven,0,MM1 ?AI
3.9048,vrijgeven,0,MM0 AI=0:0:2465:2476:0:0
3.9048,vrijgeven,0,MM1 AI=0:0:2372:2357:0:0
3.9258,vrijgeven,0,"#136,YAW,-0.00,GYRO,0,4,0,ACC,2,-1,254,ADC,1227,381,8,2,"
3.9258,vrijgeven,0,MM0 ?C
3.9258,vrijgeven,0,MM1 ?C
3.9259,vrijgeven,0,MM0 C=3:2
3.9259,vrijgeven,0,MM1 C=4:6
3.9466,vrijgeven,0,"#137,YAW,-0.00,GYRO,0,2,1,ACC,2,-1,250,ADC,1258,412,3,3,"
3.9467,vrijgeven,0,MM0 ?D
3.9467,vrijgeven,0,MM1 ?D
3.9467,vrijgeven,0,MM0 D=48
3.9467,vrijgeven,0,MM1 D=43
3.9810,vrijgeven,0,"#138,YAW,-0.00,GYRO,1,1,1,ACC,-1,0,252,ADC,1194,388,4,1,"
3.9811,vrijgeven,0,MM0 !M 0 0
3.9811,vrijgeven,0,MM0 +
3.9811,vrijgeven,0,MM1 !M 0 0
3.9811,vrijgeven,0,MM1 +
3.9811,vrijgeven,0,MM0 ?FF
3.9811,vrijgeven,0,MM1 ?FF
3.9811,vrijgeven,0,MM0 FF=0
3.9811,vrijgeven,0,MM1 FF=0
3.9811,vrijgeven,0,"#139,YAW,-0.00,GYRO,1,4,1,ACC,2,0,251,ADC,1307,398,4,2,"
3.9812,vrijgeven,0,MM0 ?P
3.9812,vrijgeven,0,MM1 ?P
3.9812,vrijgeven,0,MM0 P=0:0
3.9812,vrijgeven,0,MM1 P=0:0
4.0018,vrijgeven,0,"#140,YAW,-0.00,GYRO,0,4,-1,ACC,1,0,253,ADC,1239,501,4,2,"
4.0019,vrijgeven,0,MM0 ?S
4.0019,vrijgeven,0,MM1 ?S
4.0019,vrijgeven,0,MM0 S=0:0
4.0019,vrijgeven,0,MM1 S=0:0
4.0227,vrijgeven,0,"#141,YAW,-0.00,GYRO,1,4,1,ACC,-1,0,254,ADC,1253,397,6,2,"
4.0228,vrijgeven,0,MM0 ?T
4.0228,vrijgeven,0,MM1 ?T
4.0228,vrijgeven,0,MM0 T=34:33
4.0228,vrijgeven,0,MM1 T=35:33
4.0438,vrijgeven,0,"#142,YAW,-0.00,GYRO,2,4,0,ACC,0,0,253,ADC,1249,389,6,2,"
4.0438,vrijgeven,0,MM0 ?V
4.0438,vrijgeven,0,MM1 ?V
4.0438,vrijgeven,0,MM0 V=120:224:4903
4.0438,vrijgeven,0,MM1 V=120:223:4900
4.0921,heen,0,"#143,YAW,-0.00,GYRO,-2,4,0,ACC,1,0,247,ADC,1275,389,5,2,"
4.0921,heen,0,MM0 ?CR
4.0921,heen,0,MM1 ?CR
4.0921,heen,0,MM0 CR=0:0
4.0921,heen,0,MM1 CR=0:0
4.0922,heen,0,MM0 !M 0 0
4.0922,heen,0,MM1 !M 0 0
4.0922,heen,0,MM0 +
4.0922,heen,0,MM1 +
4.0922,heen,0,"$GPRMC,102915.6,V,5050.50617,N,00419.48801,E,,,021026,000.4,E*78"
4.0922,heen,0,"#144,YAW,-0.00,GYRO,2,5,0,ACC,0,1,254,ADC,1262,307,5,1,"
4.0922,heen,0,MM0 ?A
4.0922,heen,0,MM1 ?A
4.0922,heen,0,MM0 A=0:0
4.0922,heen,0,MM1 A=0:0
4.1450,heen,0,"#145,YAW,-0.00,GYRO,1,4,2,ACC,0,-1,251,ADC,1303,403,7,2,"
4.1451,heen,0,MM0 ?AI
4.1451,heen,0,MM1 ?AI
4.1451,heen,0,MM0 AI=0:0:2462:2465:0:0
4.1451,heen,0,MM1 AI=0:0:2389:2378:0:0
4.1451,heen,0,"#146,YAW,-0.00,GYRO,-1,3,1,ACC,2,-1,255,ADC,1211,382,5,2,"
4.1451,heen,0,MM0 ?C
4.1451,heen,0,MM1 ?C
4.1451,heen,0,MM0 C=3:2
4.1451,heen,0,MM1 C=4:6
4.1451,heen,0,MM1 !M 0 0
4.1451,heen,0,MM0 !M 0 0
4.1451,heen,0,MM1 +
4.1451,heen,0,MM0 +
4.1451,heen,0,"#147,YAW,-0.00,GYRO,1,4,0,ACC,3,-1,251,ADC,1251,497,4,1,"
4.1451,heen,0,MM0 ?D
4.1451,heen,0,MM1 ?D
4.1452,heen,0,MM0 D=48
4.1452,heen,0,MM1 D=43
4.1930,heen,0,"#148,YAW,-0.00,GYRO,0,4,0,ACC,2,0,252,ADC,1265,380,4,1,"
4.1930,heen,0,MM0 ?FF
4.1931,heen,0,MM1 ?FF
4.1931,heen,0,MM0 FF=0
4.1931,heen,0,MM1 FF=0
4.1931,heen,0,MM0 !M 0 0
4.1931,heen,0,MM1 !M 0 0
4.1931,heen,0,MM0 +
4.1931,heen,0,MM1 +
4.1931,heen,0,"#149,YAW,-0.00,GYRO,1,5,1,ACC,-1,1,256,ADC,1228,386,8,2,"
4.1931,heen,0,MM0 ?P
4.1931,heen,0,MM1 ?P
4.1931,heen,0,MM0 P=0:0
4.1931,heen,0,MM1 P=0:0
4.2445,heen,0,"#150,YAW,-0.00,GYRO,2,6,0,ACC,2,0,250,ADC,1278,384,4,2,"
4.2446,heen,0,MM0 ?S
4.2446,heen,0,MM1 ?S
4.2446,heen,0,MM0 S=0:0
4.2446,heen,0,MM1 S=0:0
4.2446,heen,0,"#151,YAW,-0.00,GYRO,0,5,0,ACC,3,-1,256,ADC,1261,499,7,1,"
4.2446,heen,0,MM0 ?T
4.2446,heen,0,MM1 ?T
4.2446,heen,0,MM0 T=34:33
4.2446,heen,0,MM1 T=35:33
4.2446,heen,0,MM1 !M 0 0
4.2446,heen,0,MM0 !M 0 0
4.2446,heen,0,MM1 +
4.2446,heen,0,MM0 +
4.2446,heen,0,"#152,YAW,-0.00,GYRO,1,3,1,ACC,1,-1,252,ADC,1252,394,5,2,"
4.2446,heen,0,MM0 ?V
4.2446,heen,0,MM1 ?V
4.2447,heen,0,MM0 V=120:223:4903
4.2447,heen,0,MM1 V=120:223:4901
4.2940,heen,0,"#153,YAW,-0.00,GYRO,1,5,-1,ACC,4,-1,253,ADC,1282,392,6,2,"
4.2940,heen,0,MM0 ?CR
4.2941,heen,0,MM1 ?CR
4.2941,heen,0,MM0 CR=0:0
4.2941,heen,0,MM1 CR=0:0
4.2941,heen,0,MM0 !M 0 0
4.2941,heen,0,MM1 !M 0 0
4.2941,heen,0,MM0 +
4.2941,heen,0,MM1 +
4.2941,heen,0,"$GPRMC,102915.8,V,5050.50617,N,00419.48801,E,,,021026,000.4,E*76"
4.2941,heen,0,"#154,YAW,-0.00,GYRO,1,4,-1,ACC,0,-1,253,ADC,1252,291,5,2,"
4.2941,heen,0,MM0 ?A
4.2941,heen,0,MM1 ?A
4.2941,heen,0,MM0 A=0:0
4.2941,heen,0,MM1 A=0:0
4.3460,heen,0,"#155,YAW,-0.00,GYRO,1,5,0,ACC,3,-1,252,ADC,1254,394,5,1,"
4.3460,heen,0,MM0 ?AI
4.3460,heen,0,MM1 ?AI
4.3461,heen,0,MM0 AI=0:0:2453:2471:0:0
4.3461,heen,0,MM1 AI=0:0:2391:2381:0:0
4.3461,heen,0,"#156,YAW,-0.00,GYRO,1,5,0,ACC,-1,1,251,ADC,1254,502,6,2,"
4.3461,heen,0,MM0 ?C
4.3461,heen,0,MM1 ?C
4.3461,heen,0,MM0 C=3:2
4.3461,heen,0,MM1 C=4:6
4.3461,heen,0,MM1 !M 0 0
4.3461,heen,0,MM0 !M 0 0
4.3461,heen,0,MM1 +
4.3461,heen,0,MM0 +
4.3461,heen,0,"#157,YAW,-0.00,GYRO,0,5,1,ACC,1,0,250,ADC,1273,388,7,1,"
4.3461,heen,0,MM0 ?D
4.3461,heen,0,MM1 ?D
4.3461,heen,0,MM0 D=48
4.3461,heen,0,MM1 D=35
4.3481,heen,0,DOEL heen 3.0000 r=0.13360
4.3951,heen,0,"#158,YAW,-0.00,GYRO,0,4,0,ACC,2,-1,253,ADC,1209,381,5,2,"
4.3951,heen,0,MM0 ?FF
4.3951,heen,0,MM1 ?FF
4.3951,heen,0,MM0 FF=0
4.3951,heen,0,MM1 FF=0
4.3951,heen,0,MM0 !M 0 0
4.3951,heen,0,MM0 +
4.3951,heen,0,MM1 !M 0 0
4.3951,heen,0,MM1 +
4.3951,heen,0,"#159,YAW,-0.00,GYRO,0,6,0,ACC,2,-1,252,ADC,1262,503,6,1,"
4.3951,heen,0,MM0 ?P
4.3952,heen,0,MM1 ?P
4.3952,heen,0,MM0 P=0:0
4.3952,heen,0,MM1 P=0:0
4.4459,heen,8,"#160,YAW,-0.00,GYRO,1,3,0,ACC,2,0,254,ADC,1229,386,5,2,"
4.4459,heen,8,MM0 ?S
4.4459,heen,8,MM1 ?S
4.4460,heen,8,MM0 S=0:0
4.4460,heen,8,MM1 S=0:0
4.4460,heen,8,"#161,YAW,-0.00,GYRO,1,5,0,ACC,-1,0,252,ADC,1268,492,5,2,"
4.4460,heen,8,MM0 ?T
4.4460,heen,8,MM1 ?T
4.4460,heen,8,MM0 T=34:33
4.4460,heen,8,MM1 T=35:33
4.4460,heen,8,MM0 !M 8 -8
4.4460,heen,8,MM1 !M 8 -8
4.4460,heen,8,MM0 +
4.4460,heen,8,MM1 +
4.4460,heen,8,"#162,YAW,-0.00,GYRO,0,5,1,ACC,-1,0,255,ADC,1278,501,3,1,"
4.4460,heen,8,MM0 ?V
4.4460,heen,8,MM1 ?V
4.4460,heen,8,MM0 V=120:224:4904
4.4461,heen,8,MM1 V=120:224:4900
4.4987,heen,16,"#163,YAW,-0.00,GYRO,-1,4,0,ACC,-1,0,254,ADC,1266,501,5,2,"
4.4988,heen,16,MM0 ?CR
4.4988,heen,16,MM1 ?CR
4.4988,heen,16,MM0 CR=0:0
4.4988,heen,16,MM1 CR=0:0
4.4988,heen,16,MM1 !M 16 -16
4.4988,heen,16,MM0 !M 16 -16
4.4988,heen,16,MM0 +
4.4988,heen,16,MM1 +
4.4988,heen,16,"$GPRMC,102916.0,V,5050.50617,N,00419.48801,E,,,021026,000.4,E*7D"
4.4988,heen,16,"#164,YAW,-0.00,GYRO,0,4,0,ACC,1,0,254,ADC,1199,265,5,1,"
4.4988,heen,16,MM0 ?A
4.4988,heen,16,MM1 ?A
4.4988,heen,16,MM0 A=0:0
4.4988,heen,16,MM1 A=0:0
4.4988,heen,16,"#165,YAW,-0.00,GYRO,-1,2,0,ACC,2,0,255,ADC,1258,398,4,2,"
4.5471,heen,25,MM0 ?AI
4.5471,heen,25,MM1 ?AI
4.5471,heen,25,MM0 AI=0:0:2446:2481:0:0
4.5471,heen,25,MM1 AI=0:0:2370:2381:0:0
4.5471,heen,25,"#166,YAW,-0.00,GYRO,1,8,0,ACC,2,1,252,ADC,1241,383,6,3,"
4.5471,heen,25,MM0 ?C
4.5471,heen,25,MM1 ?C
4.5471,heen,25,MM0 C=4:2
4.5471,heen,25,MM1 C=4:6
4.5472,heen,25,MM0 !M 25 -25
4.5472,heen,25,MM1 !M 25 -25
4.5472,heen,25,MM0 +
4.5472,heen,25,MM1 +
4.5472,heen,25,"#167,YAW,-0.00,GYRO,1,2,1,ACC,4,2,253,ADC,1275,391,4,1,"
4.5472,heen,25,MM0 ?D
4.5472,heen,25,MM1 ?D
4.5472,heen,25,MM0 D=17
4.5472,heen,25,MM1 D=35
4.5970,heen,33,"#168,YAW,-0.00,GYRO,0,6,2,ACC,7,2,254,ADC,1216,382,4,1,"
4.5970,heen,33,MM0 ?FF
4.5970,heen,33,MM1 ?FF
4.5970,heen,33,MM0 FF=0
4.5970,heen,33,MM1 FF=0
4.5971,heen,33,MM0 !M 33 -33
4.5971,heen,33,MM1 !M 33 -33
4.5971,heen,33,MM0 +
4.5971,heen,33,MM1 +
4.5971,heen,33,"#169,YAW,-0.00,GYRO,2,2,1,ACC,1,-1,258,ADC,1280,359,6,2,"
4.5971,heen,33,MM0 ?P
4.5971,heen,33,MM1 ?P
4.5971,heen,33,MM0 P=33:-33
4.5971,heen,33,MM1 P=33:-33
4.5971,heen,33,"#170,YAW,-0.00,GYRO,0,1,0,ACC,2,1,249,ADC,1238,407,6,2,"
4.5971,heen,33,MM0 ?S
4.6480,heen,42,MM1 ?S
4.6480,heen,42,MM0 S=0:0
4.6480,heen,42,MM1 S=0:0
4.6480,heen,42,"#171,YAW,-0.00,GYRO,0,6,-3,ACC,0,2,252,ADC,1251,381,5,1,"
4.6480,heen,42,MM0 ?T
4.6480,heen,42,MM1 ?T
4.6481,heen,42,MM0 T=34:33
4.6481,heen,42,MM1 T=35:33
4.6481,heen,42,MM1 !M 42 -42
4.6481,heen,42,MM0 !M 42 -42
4.6481,heen,42,MM1 +
4.6481,heen,42,MM0 +
4.6481,heen,42,"#172,YAW,-0.00,GYRO,1,4,1,ACC,6,0,242,ADC,1245,496,4,1,"
4.6481,heen,42,MM0 ?V
4.6481,heen,42,MM1 ?V
4.6481,heen,42,MM0 V=120:221:4902
4.6481,heen,42,MM1 V=120:223:4900
4.6981,heen,50,"#173,YAW,-0.00,GYRO,0,-12,7,ACC,2,1,261,ADC,1252,499,5,1,"
4.6981,heen,50,MM0 ?CR
4.6981,heen,50,MM1 ?CR
4.6981,heen,50,MM0 CR=1:-2
4.6981,heen,50,MM1 CR=0:-1
4.6981,heen,50,MM0 !M 50 -50
4.6981,heen,50,MM1 !M 50 -50
4.6981,heen,50,MM0 +
4.6981,heen,50,MM1 +
4.6981,heen,50,"$GPRMC,102916.2,V,5050.50617,N,00419.48801,E,,,021026,000.4,E*7F"
4.6981,heen,50,"#174,YAW,-0.00,GYRO,6,18,14,ACC,31,3,251,ADC,1269,301,4,1,"
4.6981,heen,50,MM0 ?A
4.6981,heen,50,MM1 ?A
4.6981,heen,50,MM0 A=0:0
4.6981,heen,50,MM1 A=0:0
4.6981,heen,50,"#175,YAW,-0.00,GYRO,-9,-12,16,ACC,5,-1,254,ADC,1258,498,5,2,"
4.6982,heen,50,MM0 ?AI
4.7511,heen,58,MM1 ?AI
4.7512,heen,58,MM0 AI=0:0:2476:2461:0:0
4.7512,heen,58,MM1 AI=0:0:2364:2384:0:0
4.7512,heen,58,"#176,YAW,-0.00,GYRO,3,11,-5,ACC,0,-1,249,ADC,1320,502,5,2,"
4.7512,heen,58,MM0 ?C
4.7512,heen,58,MM1 ?C
4.7512,heen,58,MM0 C=4:0
4.7512,heen,58,MM1 C=4:5
4.7512,heen,58,MM1 !M 58 -58
4.7512,heen,58,MM0 !M 58 -58
4.7512,heen,58,MM1 +
4.7512,heen,58,MM0 +
4.7512,heen,58,"#177,YAW,-0.00,GYRO,-3,-2,-24,ACC,13,-3,254,ADC,1254,405,6,1,"
4.7512,heen,58,MM0 ?D
4.7512,heen,58,MM1 ?D
4.7512,heen,58,MM0 D=11
4.7512,heen,58,MM1 D=18
4.8000,heen,67,"#178,YAW,0.00,GYRO,0,-5,-28,ACC,18,2,254,ADC,1297,503,5,1,"
4.8000,heen,67,MM0 ?FF
4.8000,heen,67,MM1 ?FF
4.8000,heen,67,MM0 FF=0
4.8000,heen,67,MM1 FF=0
4.8000,heen,67,"#179,YAW,0.00,GYRO,0,16,4,ACC,10,3,251,ADC,1242,379,4,2,"
4.8000,heen,67,MM0 !M 67 -67
4.8000,heen,67,MM0 +
4.8000,heen,67,MM1 !M 67 -67
4.8000,heen,67,MM1 +
4.8000,heen,67,MM0 ?P
4.8000,heen,67,MM1 ?P
4.8000,heen,67,MM0 P=67:-67
4.8000,heen,67,MM1 P=67:-67
4.8000,heen,67,"#180,YAW,-0.00,GYRO,-9,-18,48,ACC,16,0,257,ADC,1293,388,6,2,"
4.8000,heen,67,MM0 ?S
4.8000,heen,67,MM1 ?S
4.8000,heen,67,MM0 S=0:0
4.8499,heen,75,MM1 S=75:-75
4.8499,heen,75,"#181,YAW,-0.00,GYRO,-2,30,46,ACC,-4,-1,250,ADC,1285,501,6,2,"
4.8499,heen,75,MM0 ?T
4.8499,heen,75,MM1 ?T
4.8499,heen,75,MM0 T=34:33
4.8499,heen,75,MM1 T=35:33
4.8499,heen,75,MM0 !M 75 -75
4.8499,heen,75,MM1 !M 75 -75
4.8499,heen,75,MM0 +
4.8499,heen,75,MM1 +
4.8499,heen,75,"#182,YAW,-0.00,GYRO,-5,-7,5,ACC,15,-3,261,ADC,1220,383,6,2,"
4.8499,heen,75,MM0 ?V
4.8500,heen,75,MM1 ?V
4.8500,heen,75,MM0 V=120:223:4904
4.8500,heen,75,MM1 V=120:222:4901
4.9020,heen,84,"#183,YAW,-0.00,GYRO,-3,-42,-30,ACC,20,-1,255,ADC,1274,500,5,2,"
4.9021,heen,84,MM0 ?CR
4.9021,heen,84,MM1 ?CR
4.9021,heen,84,MM0 CR=3:-3
4.9021,heen,84,MM1 CR=3:-3
4.9021,heen,84,"$GPRMC,102916.4,V,5050.50617,N,00419.48801,E,,,021026,000.4,E*79"
4.9021,heen,84,"#184,YAW,-0.00,GYRO,-3,45,-27,ACC,7,1,239,ADC,1285,311,4,2,"
4.9021,heen,84,MM0 ?A
4.9021,heen,84,MM1 ?A
4.9021,heen,84,MM0 A=0:0
4.9021,heen,84,MM1 A=5:0
4.9021,heen,84,MM0 !M 84 -84
4.9021,heen,84,MM1 !M 84 -84
4.9021,heen,84,MM0 +
4.9021,heen,84,MM1 +
4.9021,heen,84,"#185,YAW,-0.00,GYRO,-1,5,-12,ACC,17,0,278,ADC,1219,380,5,2,"
4.9021,heen,84,MM0 ?AI
4.9021,heen,84,MM1 ?AI
4.9021,heen,84,MM0 AI=0:0:2447:2470:0:0
4.9508,heen,92,MM1 AI=0:0:2384:2380:0:0
4.9508,heen,92,"#186,YAW,-0.00,GYRO,-5,-26,-18,ACC,14,1,246,ADC,1248,395,6,2,"
4.9508,heen,92,MM0 ?C
4.9508,heen,92,MM1 ?C
4.9508,heen,92,MM0 C=9:-5
4.9508,heen,92,MM1 C=9:0
4.9508,heen,92,MM1 !M 92 -92
4.9508,heen,92,MM0 !M 92 -92
4.9509,heen,92,MM1 +
4.9509,heen,92,MM0 +
4.9509,heen,92,"#187,YAW,-0.00,GYRO,-2,22,25,ACC,16,0,232,ADC,1282,395,5,2,"
4.9509,heen,92,MM0 ?D
4.9509,heen,92,MM1 ?D
4.9509,heen,92,MM0 D=43
4.9509,heen,92,MM1 D=0
5.0019,heen,101,"#188,YAW,-0.00,GYRO,-5,-12,9,ACC,22,3,277,ADC,1235,390,5,1,"
5.0019,heen,101,MM0 ?FF
5.0019,heen,101,MM1 ?FF
5.0019,heen,101,MM0 FF=0
5.0019,heen,101,MM1 FF=0
5.0019,heen,101,"#189,YAW,-0.00,GYRO,-10,-2,26,ACC,5,4,256,ADC,1284,498,6,2,"
5.0019,heen,101,MM0 ?P
5.0019,heen,101,MM1 ?P
5.0019,heen,101,MM0 P=92:-92
5.0019,heen,101,MM1 P=92:-92
5.0019,heen,101,MM0 !M 101 -101
5.0019,heen,101,MM1 !M 101 -101
5.0020,heen,101,MM0 +
5.0020,heen,101,MM1 +
5.0020,heen,101,"#190,YAW,-0.00,GYRO,0,3,1,ACC,31,-2,251,ADC,1240,500,5,2,"
5.0020,heen,101,MM0 ?S
5.0020,heen,101,MM1 ?S
5.0020,heen,101,MM1 S=0:0
5.0020,heen,101,MM0 S=0:-75
5.0530,heen,109,"#191,YAW,-0.00,GYRO,-8,-1,15,ACC,10,-3,239,ADC,1263,494,6,2,"
5.0530,heen,109,MM0 ?T
5.0530,heen,109,MM1 ?T
5.0530,heen,109,MM0 T=34:33
5.0530,heen,109,MM1 T=35:33
5.0530,heen,109,MM0 !M 109 -109
5.0531,heen,109,MM1 !M 109 -109
5.0531,heen,109,MM1 +
5.0531,heen,109,MM0 +
5.0531,heen,109,"#192,YAW,-0.00,GYRO,5,-18,-5,ACC,15,0,256,ADC,1233,397,6,2,"
5.0531,heen,109,MM0 ?V
5.0531,heen,109,MM1 ?V
5.0531,heen,109,MM0 V=120:223:4903
5.0531,heen,109,MM1 V=120:222:4897
5.1050,heen,118,"#193,YAW,-0.00,GYRO,-3,-1,7,ACC,34,-1,259,ADC,1247,384,4,2,"
5.1051,heen,118,MM1 ?CR
5.1051,heen,118,MM0 ?CR
5.1051,heen,118,MM1 CR=9:-9
5.1051,heen,118,MM0 CR=9:-8
5.1051,heen,118,"$GPRMC,102916.6,V,5050.50617,N,00419.48801,E,,,021026,000.4,E*7B"
5.1051,heen,118,"#194,YAW,-0.00,GYRO,-2,30,17,ACC,19,-4,253,ADC,1249,315,4,2,"
5.1051,heen,118,MM0 ?A
5.1051,heen,118,MM1 ?A
5.1051,heen,118,MM0 A=5:-4
5.1051,heen,118,MM1 A=5:-4
5.1051,heen,118,MM1 !M 118 -118
5.1051,heen,118,MM0 !M 118 -118
5.1051,heen,118,MM1 +
5.1051,heen,118,MM0 +
5.1051,heen,118,"#195,YAW,-0.00,GYRO,-6,-18,5,ACC,31,-9,261,ADC,1241,500,4,1,"
5.1051,heen,118,MM0 ?AI
5.1051,heen,118,MM1 ?AI
5.1052,heen,118,MM0 AI=0:0:2464:2514:0:0
5.1052,heen,118,MM1 AI=0:0:2355:2393:0:0
5.1257,heen,126,"#196,YAW,-0.00,GYRO,-8,-24,-4,ACC,12,2,233,ADC,1240,384,5,1,"
5.1257,heen,126,MM0 ?C
5.1258,heen,126,MM1 ?C
5.1258,heen,126,MM0 C=20:-16
5.1258,heen,126,MM1 C=20:-11
5.1660,heen,135,"#197,YAW,-0.00,GYRO,-7,-8,-8,ACC,12,-3,242,ADC,1229,381,4,1,"
5.1660,heen,135,MM0 ?D
5.1660,heen,135,MM1 ?D
5.1660,heen,135,MM0 D=50
5.1660,heen,135,MM1 D=0
5.1660,heen,135,"#198,YAW,-0.00,GYRO,-8,4,-16,ACC,12,-9,241,ADC,1237,398,8,2,"
5.1660,heen,135,MM1 ?FF
5.1660,heen,135,MM0 ?FF
5.1661,heen,135,MM1 FF=0
5.1661,heen,135,MM0 FF=0
5.1661,heen,135,MM0 !M 126 -126
5.2002,heen,135,MM1 !M 126 -126
5.2002,heen,135,MM0 +
5.2002,heen,135,MM1 +
5.2002,heen,135,MM0 PING
5.2002,heen,135,MM1 PING
5.2002,heen,135,"#199,YAW,-0.00,GYRO,4,-1,-12,ACC,10,-5,246,ADC,1271,374,7,2,"
5.2002,heen,135,MM0 ?P
5.2002,heen,135,MM1 ?P
5.2002,heen,135,MM0 P=126:-126
5.2002,heen,135,MM1 P=126:-126
5.2002,heen,135,"#200,YAW,-0.00,GYRO,-15,-14,-4,ACC,12,-3,256,ADC,1279,501,5,2,"
5.2002,heen,135,MM1 ?S
5.2002,heen,135,MM0 ?S
5.2002,heen,135,MM1 S=75:-75
5.2228,heen,143,MM0 S=75:-75
5.2229,heen,143,"#201,YAW,-0.00,GYRO,5,6,-3,ACC,20,-2,256,ADC,1292,500,5,2,"
5.2229,heen,143,MM0 ?T
5.2229,heen,143,MM1 ?T
5.2229,heen,143,MM0 T=34:33
5.2229,heen,143,MM1 T=35:33
5.2571,heen,143,MM0 !M 135 -135
5.2571,heen,143,MM1 !M 135 -135
5.2571,heen,143,MM0 +
5.2571,heen,143,MM1 +
5.2571,heen,143,MM0 PING
5.2571,heen,143,MM1 PING
5.2571,heen,143,MM0 !M 143 -143
5.2571,heen,143,MM1 !M 143 -143
5.2571,heen,143,MM0 +
5.2571,heen,143,MM1 +
5.2571,heen,143,"#202,YAW,-0.00,GYRO,5,-8,-2,ACC,21,0,254,ADC,1253,307,4,1,"
5.2571,heen,143,MM0 ?V
5.2571,heen,143,MM1 ?V
5.2572,heen,143,MM0 V=120:222:4903
5.2572,heen,143,MM1 V=120:222:4898
5.2572,heen,143,"#203,YAW,-0.00,GYRO,16,-15,2,ACC,17,6,251,ADC,1255,500,7,2,"
5.3095,heen,152,MM0 ?CR
5.3096,heen,152,MM1 ?CR
5.3096,heen,152,MM0 CR=18:-19
5.3096,heen,152,MM1 CR=18:-18
5.3096,heen,152,"$GPRMC,102916.8,V,5050.50617,N,00419.48801,E,,,021026,000.4,E*75"
5.3096,heen,152,"#204,YAW,-0.00,GYRO,18,46,9,ACC,13,4,262,ADC,1236,280,4,2,"
5.3096,heen,152,MM0 ?A
5.3096,heen,152,MM1 ?A
5.3096,heen,152,MM0 A=5:-9
5.3096,heen,152,MM1 A=10:-4
5.3096,heen,152,"#205,YAW,-0.00,GYRO,9,3,16,ACC,21,5,264,ADC,1274,391,4,2,"
5.3097,heen,152,MM0 ?AI
5.3097,heen,152,MM1 ?AI
5.3097,heen,152,MM0 AI=0:0:2451:2474:0:0
5.3097,heen,152,MM1 AI=0:0:2351:2380:0:0
5.3602,heen,160,"#206,YAW,-0.00,GYRO,14,-48,36,ACC,11,-6,228,ADC,1217,381,4,2,"
5.3602,heen,160,MM0 ?C
5.3602,heen,160,MM1 ?C
5.3602,heen,160,MM0 C=41:-37
5.3602,heen,160,MM1 C=41:-32
5.3602,heen,160,MM0 !M 152 -152
5.3602,heen,160,MM1 !M 152 -152
5.3603,heen,160,MM0 +
5.3603,heen,160,MM1 +
5.3603,heen,160,MM1 PING
5.3603,heen,160,MM0 PING
5.3603,heen,160,"#207,YAW,-0.00,GYRO,-9,-11,32,ACC,33,0,261,ADC,1228,382,6,2,"
5.3603,heen,160,MM0 !M 160 -160
5.3603,heen,160,MM1 !M 160 -160
5.3603,heen,160,MM1 +
5.3603,heen,160,MM0 +
5.3603,heen,160,MM0 ?D
5.3603,heen,160,MM1 ?D
5.3603,heen,160,MM1 D=57
5.3603,heen,160,MM0 D=25
5.3603,heen,160,"#208,YAW,-0.00,GYRO,10,4,18,ACC,22,-1,244,ADC,1278,391,6,1,"
5.3603,heen,160,MM0 ?FF
5.3603,heen,160,MM1 ?FF
5.3603,heen,160,MM0 FF=0
5.3603,heen,160,MM1 FF=0
5.3990,heen,169,"#209,YAW,-0.00,GYRO,22,33,-16,ACC,20,9,251,ADC,1263,386,7,2,"
5.3990,heen,169,MM0 ?P
5.3990,heen,169,MM1 ?P
5.3990,heen,169,MM0 P=160:-160
5.3990,heen,169,MM1 P=160:-160
5.3991,heen,169,"#210,YAW,-0.00,GYRO,17,44,-27,ACC,9,-1,289,ADC,1239,380,4,2,"
5.3991,heen,169,MM1 ?S
5.4199,heen,177,MM0 ?S
5.4199,heen,177,MM1 S=75:-150
5.4199,heen,177,MM0 S=75:-150
5.4199,heen,177,"#211,YAW,-0.00,GYRO,1,6,-27,ACC,1,4,254,ADC,1214,381,8,2,"
5.4199,heen,177,MM1 ?T
5.4199,heen,177,MM0 ?T
5.4199,heen,177,MM1 T=35:33
5.4540,heen,177,MM0 T=34:33
5.4540,heen,177,MM0 !M 170 -168
5.4540,heen,177,MM1 !M 170 -168
5.4540,heen,177,MM0 +
5.4541,heen,177,MM1 +
5.4541,heen,177,MM1 PING
5.4541,heen,177,MM0 PING
5.4541,heen,177,"#212,YAW,-0.00,GYRO,30,29,-10,ACC,21,-15,253,ADC,1267,383,6,1,"
5.4541,heen,177,MM1 ?V
5.4541,heen,177,MM0 ?V
5.4541,heen,177,MM1 V=120:224:4897
5.4541,heen,177,MM0 V=120:223:4903
5.4748,heen,186,"#213,YAW,-0.00,GYRO,-28,48,7,ACC,19,6,235,ADC,1227,382,6,2,"
5.4748,heen,186,MM0 ?CR
5.4749,heen,186,MM1 ?CR
5.4749,heen,186,MM0 CR=27:-26
5.4749,heen,186,MM1 CR=26:-26
5.4749,heen,186,"$GPRMC,102917.0,V,5050.50617,N,00419.48801,E,,,021026,000.4,E*7C"
5.5088,heen,186,"#214,YAW,-0.00,GYRO,10,-9,30,ACC,23,2,227,ADC,1302,406,8,2,"
5.5089,heen,186,MM0 !M 177 -177
5.5089,heen,186,MM0 +
5.5089,heen,186,MM0 PING
5.5089,heen,186,MM1 !M 177 -177
5.5089,heen,186,MM1 +
5.5089,heen,186,MM1 PING
5.5089,heen,186,MM0 ?A
5.5089,heen,186,MM1 ?A
5.5089,heen,186,MM0 A=5:-4
5.5089,heen,186,MM1 A=10:-4
5.5089,heen,186,"#215,YAW,-0.00,GYRO,9,-9,41,ACC,39,-3,254,ADC,1262,391,8,2,"
5.5089,heen,186,MM0 ?AI
5.5089,heen,186,MM1 ?AI
5.5089,heen,186,MM0 AI=0:0:2469:2357:0:0
5.5089,heen,186,MM1 AI=0:0:2344:2369:0:0
5.5629,heen,194,"#216,YAW,-0.01,GYRO,9,5,35,ACC,20,-5,267,ADC,1264,387,6,2,"
5.5629,heen,194,MM0 ?C
5.5630,heen,194,MM1 ?C
5.5630,heen,194,MM0 C=70:-66
5.5630,heen,194,MM1 C=70:-61
5.5630,heen,194,MM0 !M 186 -186
5.5630,heen,194,MM1 !M 186 -186
5.5630,heen,194,MM0 +
5.5630,heen,194,MM1 +
5.5630,heen,194,MM0 PING
5.5630,heen,194,MM1 PING
5.5630,heen,194,"#217,YAW,-0.00,GYRO,-16,5,-17,ACC,15,4,284,ADC,1288,496,6,2,"
5.5630,heen,194,MM0 ?D
5.5630,heen,194,MM1 ?D
5.5630,heen,194,MM0 D=50
5.5630,heen,194,MM1 D=18
5.5630,heen,194,MM0 !M 195 -193
5.5630,heen,194,MM1 !M 195 -193
5.5630,heen,194,MM0 +
5.5630,heen,194,MM1 +
5.5630,heen,194,"#218,YAW,-0.00,GYRO,-38,-69,-42,ACC,16,5,260,ADC,1234,387,5,2,"
5.5630,heen,194,MM1 ?FF
5.5630,heen,194,MM0 ?FF
5.5630,heen,194,MM1 FF=0
5.5630,heen,194,MM0 FF=0
5.6170,heen,211,"#219,YAW,-0.00,GYRO,-22,-8,-52,ACC,6,2,254,ADC,1260,394,5,2,"
5.6171,heen,211,MM0 ?P
5.6171,heen,211,MM1 ?P
5.6171,heen,211,MM0 P=195:-193
5.6171,heen,211,MM1 P=195:-193
5.6171,heen,211,MM1 !M 202 -202
5.6171,heen,211,MM0 !M 202 -202
5.6171,heen,211,MM1 +
5.6171,heen,211,MM0 +
5.6171,heen,211,"#220,YAW,-0.00,GYRO,-76,-53,-46,ACC,24,-1,229,ADC,1183,331,4,1,"
5.6171,heen,211,MM0 ?S
5.6171,heen,211,MM1 ?S
5.6171,heen,211,MM1 S=150:-150
5.6171,heen,211,MM0 S=150:-150
5.6171,heen,211,"#221,YAW,-0.00,GYRO,43,-40,11,ACC,25,-24,228,ADC,1272,501,5,2,"
5.6511,heen,211,MM1 ?T
5.6511,heen,211,MM0 ?T
5.6511,heen,211,MM1 T=35:33
5.6511,heen,211,MM0 T=34:33
5.6511,heen,211,MM0 !M 211 -211
5.6511,heen,211,MM1 !M 211 -211
5.6511,heen,211,MM0 +
5.6511,heen,211,MM1 +
5.6511,heen,211,"#222,YAW,-0.00,GYRO,-18,-31,44,ACC,25,-14,285,ADC,1264,390,5,1,"
5.6511,heen,211,MM1 ?V
5.6511,heen,211,MM0 ?V
5.6511,heen,211,MM1 V=120:221:4898
5.6511,heen,211,MM0 V=120:222:4903
5.6729,heen,219,"#223,YAW,-0.00,GYRO,50,-8,20,ACC,18,6,244,ADC,1240,394,6,1,"
5.6729,heen,219,MM1 ?CR
5.6729,heen,219,MM0 ?CR
5.6729,heen,219,MM1 CR=36:-36
5.6729,heen,219,MM0 CR=36:-36
5.7089,heen,219,"$GPRMC,102917.2,V,5050.50617,N,00419.48801,E,,,021026,000.4,E*7E"
5.7090,heen,219,"#224,YAW,-0.00,GYRO,31,23,-7,ACC,15,-5,266,ADC,1270,289,8,1,"
5.7090,heen,219,MM1 ?A
5.7090,heen,219,MM0 ?A
5.7090,heen,219,MM1 A=9:-8
5.7090,heen,219,MM0 A=9:-8
5.7090,heen,219,"#225,YAW,-0.00,GYRO,41,-6,-36,ACC,17,1,228,ADC,1230,496,5,2,"
5.7090,heen,219,MM1 ?AI
5.7090,heen,219,MM0 ?AI
5.7090,heen,219,MM1 AI=0:0:2390:2376:0:0
5.7090,heen,219,MM0 AI=0:0:2445:2487:0:0
5.7308,heen,228,"#226,YAW,-0.00,GYRO,-62,4,-44,ACC,21,3,266,ADC,1227,380,5,2,"
5.7309,heen,228,MM1 ?C
5.7309,heen,228,MM0 ?C
5.7309,heen,228,MM0 C=109:-104
5.7309,heen,228,MM1 C=108:-99
5.7507,heen,228,"#227,YAW,-0.00,GYRO,29,46,1,ACC,16,-4,203,ADC,1215,499,7,2,"
5.7508,heen,228,MM0 ?D
5.7508,heen,228,MM0 D=11
5.7508,heen,228,MM1 ?D
5.7508,heen,228,MM1 D=50
5.7508,heen,228,MM0 !M 219 -219
5.7508,heen,228,MM1 !M 219 -219
5.7508,heen,228,MM0 +
5.7508,heen,228,MM1 +
5.7508,heen,228,MM1 PING
5.7508,heen,228,MM0 PING
5.7722,heen,236,"#228,YAW,-0.00,GYRO,3,-26,55,ACC,21,-15,257,ADC,1271,411,4,1,"
5.7723,heen,236,MM1 ?FF
5.7723,heen,236,MM0 ?FF
5.7723,heen,236,MM1 FF=0
5.7723,heen,236,MM0 FF=0
5.7931,heen,236,"#229,YAW,-0.00,GYRO,-21,-19,40,ACC,-1,-8,368,ADC,1232,500,4,2,"
5.7931,heen,236,MM1 ?P
5.7931,heen,236,MM0 ?P
5.7932,heen,236,MM1 P=219:-219
5.7932,heen,236,MM0 P=219:-219
5.7932,heen,236,MM0 !M 228 -228
5.7932,heen,236,MM1 !M 228 -228
5.7932,heen,236,MM0 +
5.7932,heen,236,MM1 +
5.7932,heen,236,MM0 PING
5.7932,heen,236,MM1 PING
5.8141,heen,236,"#230,YAW,-0.00,GYRO,1,23,17,ACC,3,-13,228,ADC,1285,394,6,1,"
5.8141,heen,236,MM1 ?S
5.8141,heen,236,MM0 ?S
5.8141,heen,236,MM1 S=225:-150
5.8141,heen,236,MM0 S=225:-150
5.8356,heen,244,"#231,YAW,-0.00,GYRO,-40,16,-24,ACC,23,6,228,ADC,1250,397,6,2,"
5.8357,heen,244,MM0 ?T
5.8357,heen,244,MM1 ?T
5.8357,heen,244,MM0 T=34:33
5.8357,heen,244,MM1 T=35:33
5.8745,heen,250,"#232,YAW,-0.00,GYRO,-14,18,-9,ACC,27,1,222,ADC,1235,384,6,2,"
5.8745,heen,250,MM0 ?V
5.8746,heen,250,MM1 ?V
5.8746,heen,250,MM0 V=120:224:4902
5.8746,heen,250,MM1 V=120:223:4896
5.8746,heen,250,MM0 !M 236 -236
5.8746,heen,250,MM1 !M 236 -236
5.8746,heen,250,MM0 +
5.8746,heen,250,MM1 +
5.8746,heen,250,MM1 PING
5.8746,heen,250,MM0 PING
5.8746,heen,250,"#233,YAW,-0.00,GYRO,29,-8,24,ACC,12,-6,286,ADC,1267,500,5,2,"
5.8746,heen,250,MM0 ?CR
5.8746,heen,250,MM1 ?CR
5.8746,heen,250,MM0 CR=44:-44
5.8746,heen,250,MM1 CR=44:-43
5.9124,heen,250,"$GPRMC,102917.4,V,5050.50617,N,00419.48801,E,,,021026,000.4,E*78"
5.9124,heen,250,"#234,YAW,-0.00,GYRO,-46,65,-1,ACC,22,-16,281,ADC,1243,335,5,2,"
5.9125,heen,250,MM1 ?A
5.9125,heen,250,MM0 ?A
5.9125,heen,250,MM0 A=8:-7
5.9125,heen,250,MM1 A=12:-7
5.9125,heen,250,MM0 !M 244 -244
5.9125,heen,250,MM1 !M 244 -244
5.9125,heen,250,MM0 +
5.9125,heen,250,MM1 +
5.9125,heen,250,MM1 PING
5.9125,heen,250,MM0 PING
5.9125,heen,250,"#235,YAW,-0.00,GYRO,40,135,-29,ACC,21,-14,253,ADC,1290,500,4,2,"
5.9125,heen,250,MM0 ?AI
5.9125,heen,250,MM1 ?AI
5.9125,heen,250,MM0 AI=0:0:2460:2467:0:0
5.9125,heen,250,MM1 AI=0:0:2368:2380:0:0
5.9329,heen,250,"#236,YAW,-0.00,GYRO,-31,21,-48,ACC,26,3,243,ADC,1201,379,4,1,"
5.9329,heen,250,MM0 ?C
5.9330,heen,250,MM1 ?C
5.9330,heen,250,MM0 C=156:-150
5.9330,heen,250,MM1 C=155:-145
5.9330,heen,250,MM0 !M 250 -250
5.9330,heen,250,MM1 !M 250 -250
5.9330,heen,250,MM0 +
5.9330,heen,250,MM1 +
5.9330,heen,250,MM1 PING
5.9330,heen,250,MM0 PING
5.9668,heen,250,"#237,YAW,-0.00,GYRO,93,-14,-4,ACC,0,-4,223,ADC,1290,497,6,2,"
5.9669,heen,250,MM0 ?D
5.9669,heen,250,MM1 ?D
5.9669,heen,250,MM0 D=27
5.9669,heen,250,MM1 D=35
5.9669,heen,250,MM1 !M 250 -250
5.9669,heen,250,MM0 !M 250 -250
5.9669,heen,250,MM1 +
5.9669,heen,250,MM0 +
5.9669,heen,250,"#238,YAW,-0.00,GYRO,-4,-72,22,ACC,11,6,267,ADC,1234,388,6,2,"
5.9669,heen,250,MM0 ?FF
5.9669,heen,250,MM1 ?FF
5.9669,heen,250,MM0 FF=0
5.9669,heen,250,MM1 FF=0
6.0170,heen,250,"#239,YAW,-0.00,GYRO,6,69,-7,ACC,25,7,322,ADC,1264,382,7,2,"
6.0170,heen,250,MM1 ?P
6.0171,heen,250,MM0 ?P
6.0171,heen,250,MM0 P=250:-250
6.0171,heen,250,MM1 P=250:-250
6.0171,heen,250,MM0 !M 250 -250
6.0171,heen,250,MM1 !M 250 -250
6.0171,heen,250,MM0 +
6.0171,heen,250,MM1 +
6.0171,heen,250,"#240,YAW,-0.00,GYRO,26,110,-33,ACC,10,0,219,ADC,1252,290,5,2,"
6.0171,heen,250,MM0 ?S
6.0171,heen,250,MM1 ?S
6.0171,heen,250,MM0 S=150:-150
6.0171,heen,250,MM1 S=225:-225
6.0171,heen,250,"#241,YAW,-0.00,GYRO,-10,25,-26,ACC,28,2,216,ADC,1260,403,5,2,"
6.0678,heen,250,MM0 ?T
6.0679,heen,250,MM1 ?T
6.0679,heen,250,MM0 T=34:33
6.0679,heen,250,MM1 T=35:33
6.0679,heen,250,"#242,YAW,-0.00,GYRO,53,-108,16,ACC,11,-4,220,ADC,1237,384,6,2,"
6.0679,heen,250,MM0 ?V
6.0679,heen,250,MM1 ?V
6.0679,heen,250,MM0 V=120:223:4903
6.0679,heen,250,MM1 V=120:223:4897
6.0679,heen,250,MM0 !M 250 -250
6.0679,heen,250,MM1 !M 250 -250
6.0679,heen,250,MM0 +
6.0679,heen,250,MM1 +
6.0679,heen,250,"#243,YAW,-0.00,GYRO,-29,-43,18,ACC,-3,7,361,ADC,1243,385,6,2,"
6.0679,heen,250,MM0 ?CR
6.0679,heen,250,MM1 ?CR
6.0679,heen,250,MM0 CR=52:-52
6.0679,heen,250,MM1 CR=52:-51
6.1190,heen,250,"$GPRMC,102917.6,V,5050.50617,N,00419.48801,E,,,021026,000.4,E*7A"
6.1190,heen,250,"#244,YAW,-0.00,GYRO,18,-40,19,ACC,7,0,258,ADC,1262,299,5,2,"
6.1190,heen,250,MM0 ?A
6.1190,heen,250,MM1 ?A
6.1190,heen,250,MM0 A=4:-3
6.1190,heen,250,MM1 A=8:-3
6.1190,heen,250,MM0 !M 250 -250
6.1190,heen,250,MM1 !M 250 -250
6.1190,heen,250,"#245,YAW,-0.00,GYRO,-77,-17,8,ACC,3,15,170,ADC,1269,427,7,2,"
6.1190,heen,250,MM0 +
6.1190,heen,250,MM1 +
6.1190,heen,250,MM0 ?AI
6.1190,heen,250,MM1 ?AI
6.1190,heen,250,MM0 AI=0:0:2461:2463:0:0
6.1190,heen,250,MM1 AI=0:0:2368:2349:0:0
6.1190,heen,250,"#246,YAW,-0.00,GYRO,34,-17,20,ACC,3,-4,219,ADC,1223,380,6,1,"
6.1190,heen,250,MM0 ?C
6.1190,heen,250,MM1 ?C
6.1688,heen,250,MM0 C=210:-204
6.1688,heen,250,MM1 C=209:-198
6.1688,heen,250,"#247,YAW,-0.00,GYRO,-130,-76,3,ACC,-11,5,360,ADC,1237,388,7,2,"
6.1688,heen,250,MM0 ?D
6.1688,heen,250,MM1 ?D
6.1688,heen,250,MM0 D=48
6.1688,heen,250,MM1 D=16
6.1688,heen,250,MM0 !M 250 -250
6.1688,heen,250,MM1 !M 250 -250
6.1688,heen,250,MM0 +
6.1688,heen,250,MM1 +
6.1688,heen,250,"#248,YAW,-0.00,GYRO,-26,-25,-16,ACC,-1,1,233,ADC,1209,380,7,1,"
6.1689,heen,250,MM0 ?FF
6.1689,heen,250,MM1 ?FF
6.1689,heen,250,MM0 FF=0
6.1689,heen,250,MM1 FF=0
6.2191,heen,250,"#249,YAW,-0.00,GYRO,-8,1,-26,ACC,26,-16,197,ADC,1284,486,5,2,"
6.2191,heen,250,MM0 ?P
6.2191,heen,250,MM1 ?P
6.2191,heen,250,MM0 P=250:-250
6.2191,heen,250,MM1 P=250:-250
6.2191,heen,250,MM0 !M 250 -250
6.2191,heen,250,MM0 +
6.2191,heen,250,MM1 !M 250 -250
6.2191,heen,250,"#250,YAW,-0.00,GYRO,29,32,-6,ACC,4,-5,231,ADC,1284,380,4,1,"
6.2191,heen,250,MM1 +
6.2191,heen,250,MM0 ?S
6.2191,heen,250,MM1 ?S
6.2191,heen,250,MM0 S=225:-150
6.2191,heen,250,MM1 S=225:-225
6.2191,heen,250,"#251,YAW,-0.00,GYRO,76,-176,32,ACC,3,-12,320,ADC,1224,382,6,2,"
6.2191,heen,250,MM0 ?T
6.2191,heen,250,MM1 ?T
6.2709,heen,250,MM0 T=34:33
6.2709,heen,250,MM1 T=35:33
6.2709,heen,250,"#252,YAW,-0.00,GYRO,-48,21,21,ACC,-3,16,322,ADC,1267,387,6,1,"
6.2709,heen,250,MM0 ?V
6.2709,heen,250,MM1 ?V
6.2709,heen,250,MM0 V=120:223:4903
6.2709,heen,250,MM1 V=120:222:4897
6.2709,heen,250,"#253,YAW,-0.00,GYRO,30,70,-13,ACC,9,21,196,ADC,1222,384,6,2,"
6.2709,heen,250,MM0 ?CR
6.2709,heen,250,MM1 ?CR
6.2709,heen,250,MM0 CR=56:-55
6.2709,heen,250,MM1 CR=57:-56
6.3203,heen,250,"$GPRMC,102917.8,V,5050.50617,N,00419.48801,E,,,021026,000.4,E*74"
6.3203,heen,250,"#254,YAW,-0.00,GYRO,-71,8,-3,ACC,13,19,130,ADC,1270,324,5,2,"
6.3203,heen,250,MM0 ?A
6.3203,heen,250,MM1 ?A
6.3203,heen,250,MM0 A=4:-3
6.3203,heen,250,MM1 A=8:-3
6.3203,heen,250,MM0 !M 250 -250
6.3203,heen,250,MM1 !M 250 -250
6.3203,heen,250,MM0 +
6.3203,heen,250,MM1 +
6.3203,heen,250,MM0 PING
6.3203,heen,250,MM1 PING
6.3203,heen,250,"#255,YAW,-0.00,GYRO,29,-72,10,ACC,12,-38,355,ADC,1201,379,4,2,"
6.3203,heen,250,MM0 !M 250 -250
6.3204,heen,250,MM0 +
6.3204,heen,250,MM1 !M 250 -250
6.3204,heen,250,MM1 +
6.3204,heen,250,MM0 ?AI
6.3204,heen,250,MM1 ?AI
6.3204,heen,250,MM0 AI=0:0:2466:2523:0:0
6.3204,heen,250,MM1 AI=0:0:2381:2371:0:0
6.3204,heen,250,"#0,YAW,-0.00,GYRO,-5,144,-2,ACC,-10,-7,319,ADC,1304,501,6,2,"
6.3204,heen,250,MM0 ?C
6.3204,heen,250,MM1 ?C
6.3204,heen,250,MM0 C=266:-261
6.3708,heen,250,MM1 C=266:-255
6.3709,heen,250,"#1,YAW,-0.00,GYRO,130,204,2,ACC,5,-27,188,ADC,1281,502,5,2,"
6.3709,heen,250,MM0 ?D
6.3709,heen,250,MM1 ?D
6.3709,heen,250,MM0 D=57
6.3709,heen,250,MM1 D=17
6.3709,heen,250,MM0 !M 250 -250
6.3709,heen,250,MM1 !M 250 -250
6.3709,heen,250,MM0 +
6.3709,heen,250,MM1 +
6.3709,heen,250,"#2,YAW,-0.00,GYRO,-54,110,-1,ACC,-1,49,175,ADC,1233,396,6,2,"
6.3709,heen,250,MM0 ?FF
6.3709,heen,250,MM1 ?FF
6.3709,heen,250,MM0 FF=0
6.3709,heen,250,MM1 FF=0
6.4221,heen,250,"#3,YAW,-0.00,GYRO,-7,-164,21,ACC,-3,30,290,ADC,1224,388,5,1,"
6.4222,heen,250,MM0 ?P
6.4222,heen,250,MM1 ?P
6.4222,heen,250,MM0 P=250:-250
6.4223,heen,250,MM1 P=250:-250
6.4223,heen,250,"#4,YAW,-0.00,GYRO,-32,249,-9,ACC,-17,-7,302,ADC,1254,497,6,2,"
6.4223,heen,250,MM0 ?S
6.4223,heen,250,MM1 ?S
6.4223,heen,250,MM0 S=225:-225
6.4223,heen,250,MM1 S=225:-225
6.4223,heen,250,MM0 !M 250 -250
6.4223,heen,250,MM1 !M 250 -250
6.4223,heen,250,MM0 +
6.4223,heen,250,MM1 +
6.4223,heen,250,"#5,YAW,-0.00,GYRO,14,131,-16,ACC,17,-5,205,ADC,1256,393,7,2,"
6.4223,heen,250,MM0 ?T
6.4223,heen,250,MM1 ?T
6.4223,heen,250,MM0 T=34:33
6.4223,heen,250,MM1 T=35:33
6.4726,heen,250,"#6,YAW,-0.00,GYRO,-24,35,-18,ACC,6,2,132,ADC,1245,382,7,2,"
6.4726,heen,250,MM0 ?V
6.4726,heen,250,MM1 ?V
6.4726,heen,250,MM0 V=120:223:4904
6.4726,heen,250,MM1 V=120:224:4898
6.4726,heen,250,MM0 !M 250 -250
6.4726,heen,250,MM1 !M 250 -250
6.4726,heen,250,MM0 +
6.4726,heen,250,MM1 +
6.4726,heen,250,"#7,YAW,-0.00,GYRO,-16,-217,4,ACC,37,-2,361,ADC,1309,502,5,2,"
6.4726,heen,250,MM0 ?CR
6.4726,heen,250,MM1 ?CR
6.4726,heen,250,MM0 CR=58:-57
6.4726,heen,250,MM1 CR=57:-58
6.5230,heen,250,"$GPRMC,102918.0,V,5050.50617,N,00419.48801,E,,,021026,000.4,E*73"
6.5230,heen,250,"#8,YAW,-0.00,GYRO,-98,149,-27,ACC,-15,-1,309,ADC,1291,499,9,2,"
6.5231,heen,250,MM0 ?A
6.5231,heen,250,MM1 ?A
6.5231,heen,250,MM0 A=4:-3
6.5231,heen,250,MM1 A=4:0
6.5231,heen,250,"#9,YAW,-0.00,GYRO,4,-28,-23,ACC,1,7,265,ADC,1267,392,5,2,"
6.5231,heen,250,MM0 ?AI
6.5231,heen,250,MM1 ?AI
6.5232,heen,250,MM0 AI=0:0:2439:2470:0:0
6.5232,heen,250,MM1 AI=0:0:2358:2360:0:0
6.5232,heen,250,"#10,YAW,-0.00,GYRO,-35,-39,-1,ACC,-5,-8,127,ADC,1287,500,6,2,"
6.5232,heen,250,MM0 ?C
6.5232,heen,250,MM1 ?C
6.5232,heen,250,MM0 C=325:-318
6.5232,heen,250,MM1 C=323:-311
6.5760,heen,250,"#11,YAW,-0.00,GYRO,-7,-64,18,ACC,-1,0,196,ADC,1244,384,8,2,"
6.5760,heen,250,MM0 !M 250 -250
6.5760,heen,250,MM0 +
6.5760,heen,250,MM0 PING
6.5760,heen,250,MM1 !M 250 -250
6.5760,heen,250,MM1 +
6.5760,heen,250,MM1 PING
6.5760,heen,250,MM0 ?D
6.5760,heen,250,MM1 ?D
6.5760,heen,250,MM0 D=8
6.5761,heen,250,MM1 D=2
6.5761,heen,250,MM1 !M 250 -250
6.5761,heen,250,MM0 !M 250 -250
6.5761,heen,250,MM1 +
6.5761,heen,250,MM0 +
6.5761,heen,250,"#12,YAW,-0.00,GYRO,-10,31,3,ACC,3,-1,388,ADC,1273,377,4,2,"
6.5761,heen,250,MM0 ?FF
6.5761,heen,250,MM1 ?FF
6.5761,heen,250,MM0 FF=0
6.5761,heen,250,MM1 FF=0
6.6238,heen,250,"#13,YAW,-0.00,GYRO,86,37,0,ACC,7,-28,248,ADC,1253,501,6,2,"
6.6238,heen,250,MM0 ?P
6.6238,heen,250,MM1 ?P
6.6238,heen,250,MM0 P=250:-250
6.6239,heen,250,MM1 P=250:-250
6.6239,heen,250,"#14,YAW,-0.00,GYRO,-19,-65,1,ACC,18,-6,196,ADC,1221,499,5,2,"
6.6239,heen,250,MM0 ?S
6.6239,heen,250,MM1 ?S
6.6239,heen,250,MM0 S=225:-225
6.6239,heen,250,MM1 S=225:-225
6.6239,heen,250,"#15,YAW,-0.00,GYRO,86,-95,17,ACC,-12,19,203,ADC,1261,388,5,2,"
6.6239,heen,250,MM0 ?T
6.6239,heen,250,MM1 ?T
6.6239,heen,250,MM0 T=34:33
6.6239,heen,250,MM1 T=35:33
6.6750,heen,250,"#16,YAW,-0.00,GYRO,63,20,8,ACC,22,18,390,ADC,1272,500,7,2,"
6.6750,heen,250,MM0 ?V
6.6750,heen,250,MM1 ?V
6.6750,heen,250,MM0 V=120:223:4903
6.6750,heen,250,MM1 V=120:222:4897
6.6750,heen,250,MM0 !M 250 -250
6.6750,heen,250,MM0 +
6.6750,heen,250,MM1 !M 250 -250
6.6750,heen,250,MM1 +
6.6750,heen,250,MM1 PING
6.6750,heen,250,MM0 PING
6.6750,heen,250,"#17,YAW,-0.00,GYRO,42,177,-7,ACC,4,15,279,ADC,1242,381,9,2,"
6.6751,heen,250,MM0 ?CR
6.6751,heen,250,MM1 ?CR
6.6751,heen,250,MM0 CR=58:-58
6.6751,heen,250,MM1 CR=58:-57
6.7252,heen,250,"#18,YAW,-0.00,GYRO,-64,-22,-10,ACC,5,18,175,ADC,1270,502,5,2,"
6.7252,heen,250,"$GPRMC,102918.2,V,5050.50617,N,00419.48801,E,,,021026,000.4,E*71"
6.7252,heen,250,MM0 ?A
6.7252,heen,250,MM1 ?A
6.7252,heen,250,MM0 A=4:-3
6.7252,heen,250,MM1 A=8:-3
6.7252,heen,250,MM0 !M 250 -250
6.7252,heen,250,MM1 !M 250 -250
6.7252,heen,250,MM0 +
6.7252,heen,250,MM1 +
6.7252,heen,250,MM1 PING
6.7253,heen,250,MM0 PING
6.7253,heen,250,"#19,YAW,-0.00,GYRO,66,-69,9,ACC,5,-5,192,ADC,1252,310,5,1,"
6.7253,heen,250,MM0 ?AI
6.7253,heen,250,MM1 ?AI
6.7253,heen,250,MM0 AI=0:0:2465:2479:0:0
6.7253,heen,250,MM1 AI=0:0:2295:2093:0:0
6.7253,heen,250,"#20,YAW,-0.00,GYRO,-97,-26,-11,ACC,-22,20,416,ADC,1275,500,8,2,"
6.7253,heen,250,MM0 ?C
6.7253,heen,250,MM1 ?C
6.7253,heen,250,MM0 C=382:-375
6.7253,heen,250,MM1 C=381:-369
6.7749,heen,250,"#21,YAW,-0.00,GYRO,-7,-12,-45,ACC,15,25,237,ADC,1228,394,7,3,"
6.7749,heen,250,MM0 ?D
6.7749,heen,250,MM0 D=41
6.7749,heen,250,MM1 ?D
6.7749,heen,250,MM1 D=33
6.7750,heen,250,MM0 !M 250 -250
6.7750,heen,250,MM1 !M 250 -250
6.7750,heen,250,MM0 +
6.7750,heen,250,MM1 +
6.7750,heen,250,MM0 PING
6.7750,heen,250,MM1 PING
6.7750,heen,250,"#22,YAW,0.00,GYRO,-86,-156,-36,ACC,-7,4,164,ADC,1257,405,6,2,"
6.7750,heen,250,MM0 ?FF
6.7750,heen,250,MM1 ?FF
6.7750,heen,250,MM0 FF=0
6.7750,heen,250,MM1 FF=0
6.8260,heen,250,"#23,YAW,0.00,GYRO,63,-72,4,ACC,13,-8,219,ADC,1238,381,5,1,"
6.8260,heen,250,MM0 ?P
6.8260,heen,250,MM1 ?P
6.8260,heen,250,MM0 P=250:-250
6.8260,heen,250,MM1 P=250:-250
6.8260,heen,250,MM0 !M 250 -250
6.8260,heen,250,MM1 !M 250 -250
6.8260,heen,250,MM0 +
6.8260,heen,250,MM1 +
6.8260,heen,250,MM1 PING
6.8260,heen,250,MM0 PING
6.8260,heen,250,"#24,YAW,0.00,GYRO,-33,-53,-12,ACC,10,-8,350,ADC,1249,382,4,2,"
6.8260,heen,250,MM0 ?S
6.8261,heen,250,MM1 ?S
6.8261,heen,250,MM0 S=225:-225
6.8261,heen,250,MM1 S=225:-225
6.8261,heen,250,"#25,YAW,0.00,GYRO,91,93,-34,ACC,18,-29,208,ADC,1254,503,4,1,"
6.8261,heen,250,MM0 ?T
6.8261,heen,250,MM1 ?T
6.8261,heen,250,MM0 T=34:33
6.8261,heen,250,MM1 T=35:33
6.8765,heen,250,"#26,YAW,0.00,GYRO,-127,89,-26,ACC,2,35,182,ADC,1238,500,5,1,"
6.8765,heen,250,MM0 ?V
6.8765,heen,250,MM1 ?V
6.8765,heen,250,MM0 V=120:227:4903
6.8765,heen,250,MM1 V=120:222:4897
6.8765,heen,250,MM0 !M 250 -250
6.8765,heen,250,MM0 +
6.8765,heen,250,MM1 !M 250 -250
6.8765,heen,250,MM1 +
6.8765,heen,250,MM1 PING
6.8765,heen,250,MM0 PING
6.8765,heen,250,"#27,YAW,0.00,GYRO,81,-88,27,ACC,7,13,254,ADC,1231,501,6,2,"
6.8765,heen,250,MM0 ?CR
6.8765,heen,250,MM1 ?CR
6.8765,heen,250,MM0 CR=58:-57
6.8765,heen,250,MM1 CR=57:-56
6.8765,heen,250,"$GPRMC,102918.4,V,5050.50617,N,00419.48801,E,,,021026,000.4,E*77"
6.9272,heen,250,"#28,YAW,0.00,GYRO,-31,-109,39,ACC,-17,-16,373,ADC,1264,427,6,2,"
6.9272,heen,250,MM0 ?A
6.9272,heen,250,MM1 ?A
6.9272,heen,250,MM0 A=4:-3
6.9272,heen,250,MM1 A=8:-3
6.9272,heen,250,MM0 !M 249 -251
6.9272,heen,250,MM1 !M 249 -251
6.9272,heen,250,MM0 +
6.9272,heen,250,MM1 +
6.9272,heen,250,MM0 PING
6.9272,heen,250,MM1 PING
6.9272,heen,250,"#29,YAW,0.00,GYRO,26,107,9,ACC,7,7,189,ADC,1269,312,4,2,"
6.9272,heen,250,MM0 ?AI
6.9272,heen,250,MM1 ?AI
6.9272,heen,250,MM0 AI=0:0:2443:2462:0:0
6.9273,heen,250,MM1 AI=0:0:2347:2641:0:0
6.9273,heen,250,MM0 !M 249 -251
6.9273,heen,250,MM1 !M 249 -251
6.9273,heen,250,MM0 +
6.9273,heen,250,MM1 +
6.9273,heen,250,"#30,YAW,0.00,GYRO,-42,141,-7,ACC,-1,27,176,ADC,1284,394,9,2,"
6.9273,heen,250,MM0 ?C
6.9273,heen,250,MM1 ?C
6.9273,heen,250,MM0 C=440:-432
6.9273,heen,250,MM1 C=439:-426
6.9477,heen,250,"#31,YAW,0.00,GYRO,45,-54,21,ACC,29,-2,164,ADC,1277,391,6,1,"
6.9477,heen,250,MM0 ?D
6.9477,heen,250,MM1 ?D
6.9477,heen,250,MM0 D=58
6.9477,heen,250,MM1 D=51
6.9821,heen,250,"#32,YAW,0.00,GYRO,-75,-29,-9,ACC,7,-5,382,ADC,1277,497,5,1,"
6.9821,heen,250,MM0 ?FF
6.9821,heen,250,MM0 FF=0
6.9821,heen,250,MM1 ?FF
6.9821,heen,250,MM1 FF=0
6.9821,heen,250,MM0 !M 250 -250
6.9821,heen,250,MM1 !M 250 -250
6.9821,heen,250,MM0 +
6.9821,heen,250,MM1 +
6.9821,heen,250,"#33,YAW,0.00,GYRO,34,289,-44,ACC,11,-5,233,ADC,1264,501,7,2,"
6.9821,heen,250,MM0 ?P
6.9821,heen,250,MM1 ?P
6.9821,heen,250,MM0 P=250:-250
6.9821,heen,250,MM1 P=250:-250
7.0166,heen,250,MM0 !M 250 -250
7.0166,heen,250,MM1 !M 250 -250
7.0166,heen,250,MM0 +
7.0166,heen,250,MM1 +
7.0166,heen,250,"#34,YAW,0.00,GYRO,20,69,-56,ACC,28,-4,238,ADC,1278,360,8,2,"
7.0166,heen,250,MM0 ?S
7.0166,heen,250,MM1 ?S
7.0166,heen,250,MM0 S=225:-225
7.0166,heen,250,MM1 S=225:-225
7.0370,heen,250,"#35,YAW,0.00,GYRO,29,-45,-9,ACC,5,-9,166,ADC,1242,385,5,2,"
7.0370,heen,250,MM0 ?T
7.0370,heen,250,MM1 ?T
7.0370,heen,250,MM0 T=34:33
7.0370,heen,250,MM1 T=35:33
7.0370,heen,250,"#36,YAW,0.00,GYRO,-10,-171,24,ACC,17,-12,374,ADC,1258,393,5,2,"
7.0720,heen,250,MM0 ?V
7.0722,heen,250,MM1 ?V
7.0722,heen,250,MM0 V=120:223:4903
7.0722,heen,250,MM1 V=120:224:4896
7.0722,heen,250,"#37,YAW,0.00,GYRO,23,308,-17,ACC,14,4,234,ADC,1294,395,7,1,"
7.0722,heen,250,MM0 ?CR
7.0722,heen,250,MM1 ?CR
7.0722,heen,250,MM0 CR=58:-58
7.0722,heen,250,MM1 CR=58:-57
7.0917,heen,250,"$GPRMC,102918.6,V,5050.50617,N,00419.48801,E,,,021026,000.4,E*75"
7.0917,heen,250,"#38,YAW,0.00,GYRO,-12,128,-27,ACC,-1,21,251,ADC,1242,324,7,2,"
7.0917,heen,250,MM0 ?A
7.0917,heen,250,MM1 ?A
7.0917,heen,250,MM0 A=4:-3
7.0917,heen,250,MM1 A=8:-3
7.0917,heen,250,MM0 !M 249 -251
7.0917,heen,250,MM1 !M 249 -251
7.0917,heen,250,MM0 +
7.0917,heen,250,MM1 +
7.0917,heen,250,MM1 PING
7.1271,heen,250,MM0 PING
7.1271,heen,250,"#39,YAW,0.00,GYRO,46,-124,11,ACC,2,5,174,ADC,1229,360,7,1,"
7.1271,heen,250,MM0 ?AI
7.1271,heen,250,MM1 ?AI
7.1271,heen,250,MM0 AI=0:0:2441:2472:0:0
7.1271,heen,250,MM1 AI=0:0:2357:2394:0:0
7.1271,heen,250,"#40,YAW,0.00,GYRO,-29,-142,35,ACC,1,-14,357,ADC,1282,390,5,2,"
7.1271,heen,250,MM0 ?C
7.1271,heen,250,MM1 ?C
7.1271,heen,250,MM0 C=498:-490
7.1271,heen,250,MM1 C=497:-483
7.1791,heen,250,"#41,YAW,0.00,GYRO,27,123,6,ACC,-8,9,276,ADC,1300,390,4,2,"
7.1791,heen,250,MM0 ?D
7.1791,heen,250,MM1 ?D
7.1791,heen,250,MM1 D=16
7.1791,heen,250,MM0 D=9
7.1791,heen,250,MM0 !M 249 -251
7.1791,heen,250,MM1 !M 249 -251
7.1791,heen,250,MM0 +
7.1791,heen,250,MM1 +
7.1791,heen,250,MM0 PING
7.1791,heen,250,MM1 PING
7.1791,heen,250,"#42,YAW,0.00,GYRO,-60,30,0,ACC,-14,25,191,ADC,1250,449,5,2,"
7.1791,heen,250,MM0 !M 249 -251
7.1791,heen,250,MM0 +
7.1791,heen,250,MM1 !M 249 -251
7.1792,heen,250,MM1 +
7.1792,heen,250,MM0 ?FF
7.1792,heen,250,MM1 ?FF
7.1792,heen,250,MM0 FF=0
7.1792,heen,250,MM1 FF=0
7.1792,heen,250,"#43,YAW,0.00,GYRO,2,-145,22,ACC,15,4,173,ADC,1252,392,4,1,"
7.1792,heen,250,MM0 ?P
7.1792,heen,250,MM1 ?P
7.2307,heen,250,MM0 P=249:-251
7.2308,heen,250,MM1 P=249:-251
7.2308,heen,250,"#44,YAW,0.00,GYRO,-97,-69,0,ACC,-21,-1,395,ADC,1294,496,6,2,"
7.2308,heen,250,MM0 ?S
7.2308,heen,250,MM1 ?S
7.2308,heen,250,MM0 S=225:-225
7.2308,heen,250,MM1 S=225:-225
7.2308,heen,250,"#45,YAW,0.00,GYRO,-29,58,-24,ACC,20,10,196,ADC,1244,383,4,1,"
7.2308,heen,250,MM0 ?T
7.2308,heen,250,MM1 ?T
7.2308,heen,250,MM0 T=34:33
7.2308,heen,250,MM1 T=35:33
7.2884,heen,250,"#46,YAW,0.00,GYRO,-29,86,-32,ACC,10,-2,193,ADC,1287,501,6,2,"
7.2885,heen,250,MM0 ?V
7.2885,heen,250,MM1 ?V
7.2885,heen,250,MM0 V=120:224:4904
7.2885,heen,250,MM1 V=120:223:4897
7.2885,heen,250,MM0 !M 249 -251
7.2885,heen,250,MM1 !M 249 -251
7.2885,heen,250,MM0 +
7.2885,heen,250,MM1 +
7.2885,heen,250,MM0 PING
7.2885,heen,250,MM1 PING
7.2885,heen,250,"#47,YAW,0.00,GYRO,23,-105,2,ACC,14,4,223,ADC,1264,383,5,1,"
7.2885,heen,250,MM0 ?CR
7.2885,heen,250,MM1 ?CR
7.2885,heen,250,MM0 CR=59:-58
7.2885,heen,250,MM1 CR=58:-58
7.2885,heen,250,"#48,YAW,0.00,GYRO,98,-183,38,ACC,-25,-23,315,ADC,1218,387,6,1,"
7.2886,heen,250,"$GPRMC,102918.8,V,5050.50617,N,00419.48801,E,,,021026,000.4,E*7B"
7.2886,heen,250,MM0 ?A
7.2886,heen,250,MM1 ?A
7.2886,heen,250,MM0 A=0:-2
7.2886,heen,250,MM1 A=4:0
7.3258,heen,250,MM0 !M 249 -251
7.3258,heen,250,MM1 !M 249 -251
7.3258,heen,250,MM0 +
7.3258,heen,250,MM1 +
7.3258,heen,250,MM0 PING
7.3259,heen,250,MM1 PING
7.3259,heen,250,"#49,YAW,0.00,GYRO,-41,118,12,ACC,8,29,245,ADC,1276,331,9,2,"
7.3259,heen,250,MM1 ?AI
7.3259,heen,250,MM0 ?AI
7.3259,heen,250,MM1 AI=0:0:2384:2380:0:0
7.3259,heen,250,MM0 AI=0:0:2470:2464:0:0
7.3259,heen,250,"#50,YAW,0.00,GYRO,19,218,-27,ACC,11,32,239,ADC,1258,495,7,2,"
7.3259,heen,250,MM0 ?C
7.3259,heen,250,MM1 ?C
7.3259,heen,250,MM0 C=556:-548
7.3259,heen,250,MM1 C=555:-540
7.3466,heen,250,"#51,YAW,0.00,GYRO,-51,-114,-9,ACC,6,12,203,ADC,1299,501,7,1,"
7.3467,heen,250,MM0 ?D
7.3467,heen,250,MM1 ?D
7.3467,heen,250,MM0 D=42
7.3467,heen,250,MM1 D=34
7.3467,heen,250,MM1 !M 249 -251
7.3467,heen,250,MM0 !M 249 -251
7.3467,heen,250,MM0 +
7.3467,heen,250,MM1 +
7.3467,heen,250,MM1 PING
7.3467,heen,250,MM0 PING
7.3809,heen,250,"#52,YAW,0.00,GYRO,77,-150,13,ACC,-12,-22,253,ADC,1299,386,6,2,"
7.3810,heen,250,MM0 ?FF
7.3810,heen,250,MM0 FF=0
7.3810,heen,250,MM1 ?FF
7.3810,heen,250,MM1 FF=0
7.3810,heen,250,MM0 !M 249 -251
7.3810,heen,250,MM1 !M 249 -251
7.3810,heen,250,MM0 +
7.3810,heen,250,MM1 +
7.3810,heen,250,"#53,YAW,0.00,GYRO,103,200,11,ACC,17,-29,345,ADC,1241,388,7,2,"
7.3810,heen,250,MM0 ?P
7.3810,heen,250,MM1 ?P
7.3810,heen,250,MM0 P=249:-251
7.4331,heen,250,MM1 P=249:-251
7.4331,heen,250,"#54,YAW,0.00,GYRO,-5,315,11,ACC,-8,16,233,ADC,1243,384,6,2,"
7.4331,heen,250,MM0 ?S
7.4331,heen,250,MM1 ?S
7.4331,heen,250,MM0 S=225:-225
7.4331,heen,250,MM1 S=225:-225
7.4331,heen,250,MM0 !M 249 -251
7.4331,heen,250,MM1 !M 249 -251
7.4331,heen,250,MM0 +
7.4331,heen,250,MM1 +
7.4331,heen,250,"#55,YAW,0.00,GYRO,-44,-94,27,ACC,9,34,178,ADC,1282,501,5,2,"
7.4331,heen,250,MM0 ?T
7.4331,heen,250,MM1 ?T
7.4331,heen,250,MM0 T=34:33
7.4331,heen,250,MM1 T=35:33
7.4840,heen,250,"#56,YAW,0.00,GYRO,121,-118,28,ACC,-21,-25,310,ADC,1266,501,9,2,"
7.4840,heen,250,MM0 ?V
7.4840,heen,250,MM1 ?V
7.4840,heen,250,MM0 V=120:223:4903
7.4840,heen,250,MM1 V=120:224:4898
7.4840,heen,250,"#57,YAW,0.00,GYRO,-110,247,-14,ACC,11,-6,234,ADC,1210,497,4,2,"
7.4841,heen,250,MM1 ?CR
7.4841,heen,250,MM0 ?CR
7.4841,heen,250,MM1 CR=58:-58
7.4841,heen,250,MM0 CR=57:-58
7.4841,heen,250,MM0 !M 249 -251
7.4841,heen,250,MM1 !M 249 -251
7.4841,heen,250,MM0 +
7.4841,heen,250,MM1 +
7.4841,heen,250,"#58,YAW,0.00,GYRO,-17,186,-33,ACC,13,-3,222,ADC,1240,382,5,2,"
7.4841,heen,250,MM1 ?A
7.4841,heen,250,MM0 ?A
7.4841,heen,250,MM1 A=8:-2
7.4841,heen,250,MM0 A=0:-2
7.5332,heen,250,"$GPRMC,102919.0,V,5050.50617,N,00419.48801,E,,,021026,000.4,E*72"
7.5333,heen,250,"#59,YAW,0.00,GYRO,-49,-135,-10,ACC,3,12,210,ADC,1272,388,7,2,"
7.5333,heen,250,MM1 ?AI
7.5333,heen,250,MM0 ?AI
7.5333,heen,250,MM1 AI=0:0:2381:2386:0:0
7.5333,heen,250,MM0 AI=0:0:2451:2489:0:0
7.5333,heen,250,MM1 !M 249 -251
7.5333,heen,250,MM0 !M 249 -251
7.5333,heen,250,MM1 +
7.5333,heen,250,MM0 +
7.5333,heen,250,"#60,YAW,0.00,GYRO,-16,-100,2,ACC,-13,1,306,ADC,1244,385,5,1,"
7.5333,heen,250,MM1 ?C
7.5333,heen,250,MM0 ?C
7.5333,heen,250,MM1 C=613:-598
7.5333,heen,250,MM0 C=615:-606
7.5840,heen,250,"#61,YAW,0.00,GYRO,-14,164,-24,ACC,-3,-3,310,ADC,1293,502,6,2,"
7.5841,heen,250,MM1 ?D
7.5841,heen,250,MM0 ?D
7.5841,heen,250,MM1 D=16
7.5841,heen,250,MM0 D=3
7.5841,heen,250,"#62,YAW,0.00,GYRO,10,21,-18,ACC,-30,0,293,ADC,1229,405,6,2,"
7.5841,heen,250,MM1 ?FF
7.5841,heen,250,MM0 ?FF
7.5841,heen,250,MM1 FF=0
7.5841,heen,250,MM0 FF=0
7.5841,heen,250,"#63,YAW,0.00,GYRO,-32,-165,5,ACC,20,14,87,ADC,1277,386,6,2,"
7.5841,heen,250,MM1 ?P
7.5841,heen,250,MM0 ?P
7.5841,heen,250,MM1 P=249:-251
7.5841,heen,250,MM0 P=249:-251
7.6341,heen,250,"#64,YAW,0.00,GYRO,-51,-87,5,ACC,13,7,312,ADC,1316,497,5,2,"
7.6341,heen,250,MM0 !M 249 -251
7.6341,heen,250,MM0 +
7.6341,heen,250,MM1 !M 249 -251
7.6341,heen,250,MM1 +
7.6342,heen,250,MM0 PING
7.6342,heen,250,MM1 PING
7.6342,heen,250,MM0 ?S
7.6342,heen,250,MM1 ?S
7.6342,heen,250,MM0 S=225:-150
7.6342,heen,250,MM1 S=225:-150
7.6342,heen,250,"#65,YAW,0.00,GYRO,-39,219,-8,ACC,8,-14,276,ADC,1286,500,4,2,"
7.6342,heen,250,MM1 ?T
7.6342,heen,250,MM0 ?T
7.6342,heen,250,MM1 T=35:33
7.6342,heen,250,MM0 T=34:33
7.6862,heen,250,"#66,YAW,0.00,GYRO,147,-9,5,ACC,-23,-26,277,ADC,1295,501,8,2,"
7.6863,heen,250,MM1 ?V
7.6863,heen,250,MM0 ?V
7.6863,heen,250,MM1 V=120:223:4897
7.6863,heen,250,MM0 V=120:223:4904
7.6863,heen,250,MM0 !M 248 -252
7.6863,heen,250,MM1 !M 248 -252
7.6863,heen,250,MM0 +
7.6863,heen,250,MM1 +
7.6863,heen,250,MM0 PING
7.6863,heen,250,MM1 PING
7.6863,heen,250,"#67,YAW,0.00,GYRO,-42,-94,13,ACC,24,9,134,ADC,1332,503,7,2,"
7.6863,heen,250,MM1 ?CR
7.6863,heen,250,MM0 ?CR
7.6863,heen,250,MM1 CR=58:-57
7.6863,heen,250,MM0 CR=60:-58
7.6863,heen,250,"#68,YAW,0.00,GYRO,121,-103,30,ACC,-30,-6,324,ADC,1216,384,4,2,"
7.6863,heen,250,MM1 ?A
7.6864,heen,250,MM0 ?A
7.6864,heen,250,MM0 A=0:-2
7.6864,heen,250,MM1 A=4:0
7.7362,heen,250,"$GPRMC,102919.2,V,5050.50617,N,00419.48801,E,,,021026,000.4,E*70"
7.7363,heen,250,"#69,YAW,0.00,GYRO,-35,267,0,ACC,-3,17,280,ADC,1267,382,5,2,"
7.7363,heen,250,MM1 ?AI
7.7363,heen,250,MM0 ?AI
7.7363,heen,250,MM1 AI=0:0:2407:2370:0:0
7.7363,heen,250,MM0 AI=0:0:2492:2465:0:0
7.7363,heen,250,MM1 !M 248 -252
7.7363,heen,250,MM0 !M 248 -252
7.7363,heen,250,MM1 +
7.7363,heen,250,MM0 +
7.7363,heen,250,MM0 PING
7.7363,heen,250,MM1 PING
7.7363,heen,250,"#70,YAW,0.00,GYRO,39,81,-4,ACC,5,2,263,ADC,1243,382,6,2,"
7.7363,heen,250,MM1 ?C
7.7363,heen,250,MM0 ?C
7.7363,heen,250,MM1 C=670:-656
7.7363,heen,250,MM0 C=674:-664
7.7878,heen,250,"#71,YAW,0.00,GYRO,-39,-92,6,ACC,23,3,135,ADC,1243,501,7,1,"
7.7879,heen,250,MM1 ?D
7.7879,heen,250,MM0 ?D
7.7879,heen,250,MM0 D=57
7.7879,heen,250,MM1 D=3
7.7879,heen,250,MM0 !M 249 -251
7.7879,heen,250,MM1 !M 249 -251
7.7879,heen,250,MM0 +
7.7879,heen,250,MM1 +
7.7879,heen,250,MM0 PING
7.7879,heen,250,MM1 PING
7.7879,heen,250,"#72,YAW,0.00,GYRO,102,-174,12,ACC,-15,-41,269,ADC,1272,389,4,2,"
7.7879,heen,250,MM1 ?FF
7.7879,heen,250,MM0 ?FF
7.7879,heen,250,MM1 FF=0
7.7879,heen,250,MM0 FF=0
7.7879,heen,250,MM0 !M 249 -251
7.7879,heen,250,MM1 !M 249 -251
7.7880,heen,250,MM0 +
7.7880,heen,250,MM1 +
7.7880,heen,250,"#73,YAW,0.00,GYRO,-239,-107,-33,ACC,-31,36,467,ADC,1290,501,4,1,"
7.7880,heen,250,MM1 ?P
7.7880,heen,250,MM0 ?P
7.7880,heen,250,MM1 P=249:-251
7.7880,heen,250,MM0 P=249:-251
7.8371,heen,250,"#74,YAW,0.00,GYRO,-181,-256,-46,ACC,20,28,112,ADC,1260,390,6,2,"
7.8371,heen,250,MM1 ?S
7.8371,heen,250,MM0 ?S
7.8371,heen,250,MM1 S=225:-225
7.8371,heen,250,MM0 S=225:-225
7.8371,heen,250,MM1 !M 249 -251
7.8371,heen,250,MM0 !M 249 -251
7.8371,heen,250,MM0 +
7.8371,heen,250,MM1 +
7.8371,heen,250,"#75,YAW,0.00,GYRO,-11,-143,6,ACC,-7,-33,189,ADC,1246,313,4,1,"
7.8371,heen,250,MM1 ?T
7.8372,heen,250,MM0 ?T
7.8372,heen,250,MM1 T=35:33
7.8372,heen,250,MM0 T=34:33
7.8372,heen,250,"#76,YAW,0.00,GYRO,218,-364,52,ACC,-4,-59,301,ADC,1252,501,5,2,"
7.8871,heen,250,MM1 ?V
7.8871,heen,250,MM0 ?V
7.8871,heen,250,MM1 V=120:221:4897
7.8871,heen,250,MM0 V=120:224:4903
7.8871,heen,250,"#77,YAW,0.00,GYRO,-79,-62,-10,ACC,9,16,292,ADC,1217,384,7,1,"
7.8871,heen,250,MM0 ?CR
7.8871,heen,250,MM1 ?CR
7.8871,heen,250,MM0 CR=58:-58
7.8871,heen,250,MM1 CR=58:-58
7.8871,heen,250,MM0 !M 249 -251
7.8871,heen,250,MM1 !M 249 -251
7.8871,heen,250,MM0 +
7.8872,heen,250,MM1 +
7.8872,heen,250,"#78,YAW,0.00,GYRO,188,186,-36,ACC,10,-6,210,ADC,1253,394,4,2,"
7.8872,heen,250,MM1 ?A
7.8872,heen,250,MM0 ?A
7.8872,heen,250,MM1 A=8:-6
7.8872,heen,250,MM0 A=4:-10
7.8872,heen,250,"$GPRMC,102919.4,V,5050.50617,N,00419.48801,E,,,021026,000.4,E*76"
7.9390,heen,250,"#79,YAW,0.00,GYRO,-176,-77,-39,ACC,3,58,225,ADC,1235,500,4,1,"
7.9390,heen,250,MM1 ?AI
7.9390,heen,250,MM0 ?AI
7.9390,heen,250,MM1 AI=0:0:2368:2374:0:0
7.9390,heen,250,MM0 AI=0:0:2450:2491:0:0
7.9391,heen,250,MM0 !M 248 -252
7.9391,heen,250,"#80,YAW,0.00,GYRO,94,-128,-4,ACC,13,22,218,ADC,1266,374,8,2,"
7.9391,heen,250,MM0 +
7.9391,heen,250,MM1 !M 248 -252
7.9391,heen,250,MM1 +
7.9391,heen,250,MM0 ?C
7.9391,heen,250,MM1 ?C
7.9391,heen,250,MM0 C=732:-721
7.9391,heen,250,MM1 C=728:-712
7.9391,heen,250,"#81,YAW,0.00,GYRO,-9,-60,7,ACC,9,-27,385,ADC,1278,385,5,2,"
7.9391,heen,250,MM1 ?D
7.9391,heen,250,MM0 ?D
7.9391,heen,250,MM1 D=32
7.9878,heen,250,MM0 D=18
7.9878,heen,250,"#82,YAW,0.00,GYRO,-15,236,1,ACC,20,-16,132,ADC,1271,386,7,1,"
7.9878,heen,250,MM0 ?FF
7.9878,heen,250,MM1 ?FF
7.9878,heen,250,MM0 FF=0
7.9879,heen,250,MM1 FF=0
7.9879,heen,250,"#83,YAW,0.00,GYRO,-87,238,23,ACC,30,14,186,ADC,1300,385,3,1,"
7.9879,heen,250,MM0 ?P
7.9879,heen,250,MM1 ?P
7.9879,heen,250,MM0 P=248:-252
7.9879,heen,250,MM1 P=248:-252
8.0401,heen,250,"#84,YAW,0.00,GYRO,-81,235,41,ACC,25,32,141,ADC,1252,499,5,2,"
8.0401,heen,250,MM0 ?S
8.0401,heen,250,MM1 ?S
8.0401,heen,250,MM0 S=225:-225
8.0401,heen,250,MM1 S=225:-225
8.0401,heen,250,MM0 !M 248 -252
8.0401,heen,250,MM1 !M 248 -252
8.0401,heen,250,MM0 +
8.0402,heen,250,MM1 +
8.0402,heen,250,MM1 PING
8.0402,heen,250,MM0 PING
8.0402,heen,250,"#85,YAW,0.00,GYRO,169,233,46,ACC,-3,-26,552,ADC,1274,383,4,1,"
8.0402,heen,250,MM0 ?T
8.0402,heen,250,MM1 ?T
8.0402,heen,250,MM0 T=34:33
8.0402,heen,250,MM1 T=35:33
8.0402,heen,250,MM0 !M 248 -252
8.0402,heen,250,MM0 +
8.0402,heen,250,MM1 !M 248 -252
8.0402,heen,250,MM1 +
8.0402,heen,250,"#86,YAW,0.00,GYRO,68,450,-14,ACC,-19,-46,263,ADC,1246,386,6,2,"
8.0402,heen,250,MM0 ?V
8.0402,heen,250,MM1 ?V
8.0901,heen,250,MM0 V=120:223:4904
8.0902,heen,250,MM1 V=120:222:4898
8.0902,heen,250,"#87,YAW,0.00,GYRO,10,-118,-41,ACC,30,40,205,ADC,1221,500,6,2,"
8.0902,heen,250,MM1 ?CR
8.0902,heen,250,MM0 ?CR
8.0902,heen,250,MM0 CR=56:-55
8.0902,heen,250,MM1 CR=56:-55
8.0902,heen,250,"#88,YAW,0.00,GYRO,151,39,-28,ACC,3,30,137,ADC,1277,396,7,1,"
8.0902,heen,250,MM0 ?A
8.0902,heen,250,MM1 ?A
8.0902,heen,250,MM1 A=4:-2
8.0902,heen,250,MM0 A=0:-2
8.0902,heen,250,"$GPRMC,102919.6,V,5050.50617,N,00419.48801,E,,,021026,000.4,E*74"
8.1404,heen,250,"#89,YAW,0.00,GYRO,-68,-265,-28,ACC,-79,17,365,ADC,1294,487,5,2,"
8.1405,heen,250,MM0 ?AI
8.1405,heen,250,MM1 ?AI
8.1405,heen,250,MM0 AI=0:0:2447:2478:0:0
8.1405,heen,250,MM1 AI=0:0:2388:2232:0:0
8.1405,heen,250,MM1 !M 249 -251
8.1405,heen,250,MM0 !M 249 -251
8.1405,heen,250,MM1 +
8.1405,heen,250,MM0 +
8.1405,heen,250,MM0 PING
8.1405,heen,250,MM1 PING
8.1405,heen,250,"#90,YAW,0.00,GYRO,55,522,-52,ACC,-6,-10,179,ADC,1265,392,4,2,"
8.1405,heen,250,MM0 !M 248 -252
8.1405,heen,250,MM1 !M 248 -252
8.1405,heen,250,MM1 +
8.1405,heen,250,MM0 +
8.1405,heen,250,MM0 ?C
8.1405,heen,250,MM1 ?C
8.1405,heen,250,MM1 C=785:-769
8.1405,heen,250,MM0 C=789:-778
8.1405,heen,250,"#91,YAW,0.00,GYRO,-28,5,0,ACC,21,-13,240,ADC,1275,502,5,2,"
8.1405,heen,250,MM0 ?D
8.1406,heen,250,MM1 ?D
8.1406,heen,250,MM0 D=16
8.1406,heen,250,MM1 D=49
8.1908,heen,250,"#92,YAW,0.00,GYRO,56,-94,39,ACC,-1,8,141,ADC,1224,378,6,2,"
8.1908,heen,250,MM0 ?FF
8.1908,heen,250,MM1 ?FF
8.1908,heen,250,MM0 FF=0
8.1908,heen,250,MM1 FF=0
8.1908,heen,250,MM0 !M 247 -253
8.1908,heen,250,MM1 !M 247 -253
8.1908,heen,250,MM0 +
8.1908,heen,250,MM1 +
8.1908,heen,250,"#93,YAW,0.00,GYRO,-22,-224,59,ACC,25,-48,280,ADC,1244,499,7,2,"
8.1909,heen,250,MM0 ?P
8.1909,heen,250,MM1 ?P
8.1909,heen,250,MM0 P=247:-253
8.1909,heen,250,MM1 P=247:-253
8.2410,heen,245,"#94,YAW,0.00,GYRO,-12,401,14,ACC,-27,25,286,ADC,1291,500,7,1,"
8.2411,heen,245,MM0 ?S
8.2411,heen,245,MM1 ?S
8.2411,heen,245,MM0 S=225:-225
8.2411,heen,245,MM1 S=225:-225
8.2411,heen,245,"#95,YAW,0.00,GYRO,-37,-149,12,ACC,33,13,168,ADC,1268,388,5,2,"
8.2411,heen,245,MM0 ?T
8.2411,heen,245,MM1 ?T
8.2411,heen,245,MM0 T=34:33
8.2411,heen,245,MM1 T=35:33
8.2411,heen,245,MM0 !M 243 -247
8.2411,heen,245,MM1 !M 243 -247
8.2411,heen,245,MM0 +
8.2411,heen,245,MM1 +
8.2411,heen,245,"#96,YAW,0.00,GYRO,-19,-158,15,ACC,-38,23,241,ADC,1291,498,5,2,"
8.2411,heen,245,MM0 ?V
8.2411,heen,245,MM1 ?V
8.2411,heen,245,MM0 V=120:223:4903
8.2927,heen,238,MM1 V=120:223:4896
8.2927,heen,238,"#97,YAW,0.00,GYRO,-234,205,-130,ACC,14,19,328,ADC,1287,397,7,2,"
8.2927,heen,238,MM0 ?CR
8.2927,heen,238,MM1 ?CR
8.2927,heen,238,MM0 CR=59:-59
8.2927,heen,238,MM1 CR=60:-58
8.2927,heen,238,MM0 !M 236 -240
8.2927,heen,238,MM1 !M 236 -240
8.2927,heen,238,MM0 +
8.2927,heen,238,MM1 +
8.2927,heen,238,"#98,YAW,0.01,GYRO,88,295,-173,ACC,-34,-8,349,ADC,1281,396,5,2,"
8.2927,heen,238,MM0 ?A
8.2927,heen,238,MM1 ?A
8.2927,heen,238,MM1 A=8:-7
8.2927,heen,238,MM0 A=0:0
8.2927,heen,238,"$GPRMC,102919.8,V,5050.50617,N,00419.48801,E,,,021026,000.4,E*7A"
8.3129,heen,231,"#99,YAW,0.01,GYRO,263,199,-39,ACC,35,-59,69,ADC,1294,382,5,1,"
8.3129,heen,231,MM0 ?AI
8.3129,heen,231,MM1 ?AI
8.3129,heen,231,MM0 AI=0:0:2449:2619:0:0
8.3129,heen,231,MM1 AI=0:0:2388:2381:0:0
8.3497,heen,224,"#100,YAW,0.01,GYRO,36,191,2,ACC,-23,-64,235,ADC,1241,405,5,2,"
8.3498,heen,224,MM0 ?C
8.3498,heen,224,MM1 ?C
8.3498,heen,224,MM0 C=847:-836
8.3498,heen,224,MM1 C=843:-825
8.3498,heen,224,"#101,YAW,0.01,GYRO,1,-327,63,ACC,64,1,265,ADC,1233,384,4,1,"
8.3499,heen,224,MM0 ?D
8.3499,heen,224,MM1 ?D
8.3499,heen,224,MM0 D=43
8.3499,heen,224,MM1 D=50
8.3859,heen,224,MM0 !M 227 -235
8.3859,heen,224,MM1 !M 227 -235
8.3859,heen,224,MM0 +
8.3859,heen,224,MM1 +
8.3859,heen,224,"#102,YAW,0.01,GYRO,-122,124,9,ACC,-30,87,362,ADC,1269,339,7,3,"
8.3859,heen,224,MM0 PING
8.3859,heen,224,MM1 PING
8.3859,heen,224,MM0 ?FF
8.3859,heen,224,MM1 ?FF
8.3859,heen,224,MM0 FF=0
8.3859,heen,224,MM1 FF=0
8.3859,heen,224,"#103,YAW,0.01,GYRO,44,162,-5,ACC,16,15,206,ADC,1289,503,7,2,"
8.3859,heen,224,MM0 ?P
8.3859,heen,224,MM1 ?P
8.3859,heen,224,MM0 P=227:-235
8.3859,heen,224,MM1 P=227:-235
8.4068,heen,218,"#104,YAW,0.01,GYRO,-49,-169,8,ACC,-3,-26,179,ADC,1224,382,4,1,"
8.4069,heen,218,MM1 ?S
8.4069,heen,218,MM0 ?S
8.4069,heen,218,MM0 S=225:-225
8.4069,heen,218,MM1 S=225:-225
8.4069,heen,218,MM1 !M 219 -229
8.4069,heen,218,MM0 !M 219 -229
8.4069,heen,218,MM1 +
8.4069,heen,218,MM0 +
8.4069,heen,218,MM0 PING
8.4410,heen,218,MM1 PING
8.4410,heen,218,"#105,YAW,0.01,GYRO,70,-198,15,ACC,6,-31,204,ADC,1294,388,6,2,"
8.4410,heen,218,MM0 ?T
8.4410,heen,218,MM1 ?T
8.4410,heen,218,MM0 T=34:33
8.4410,heen,218,MM1 T=36:33
8.4410,heen,218,MM0 !M 214 -222
8.4410,heen,218,MM1 !M 214 -222
8.4410,heen,218,MM0 +
8.4410,heen,218,MM1 +
8.4411,heen,218,"#106,YAW,0.01,GYRO,-3,-284,38,ACC,28,-3,202,ADC,1258,503,4,2,"
8.4411,heen,218,MM1 ?V
8.4411,heen,218,MM0 ?V
8.4411,heen,218,MM0 V=120:223:4902
8.4963,heen,211,MM1 V=120:223:4897
8.4964,heen,211,"#107,YAW,0.00,GYRO,284,-289,90,ACC,-68,-26,591,ADC,1245,500,4,1,"
8.4964,heen,211,MM0 ?CR
8.4964,heen,211,MM1 ?CR
8.4964,heen,211,MM0 CR=56:-56
8.4964,heen,211,MM1 CR=55:-55
8.4964,heen,211,MM0 !M 207 -215
8.4964,heen,211,MM1 !M 207 -215
8.4964,heen,211,MM0 +
8.4964,heen,211,MM1 +
8.4964,heen,211,"#108,YAW,0.00,GYRO,-93,307,51,ACC,-4,74,144,ADC,1266,500,6,2,"
8.4964,heen,211,MM0 ?A
8.4964,heen,211,MM1 ?A
8.4964,heen,211,MM0 A=0:0
8.4964,heen,211,MM1 A=0:0
8.4964,heen,211,"$GPRMC,102920.0,V,5050.50617,N,00419.48801,E,,,021026,000.4,E*78"
8.5448,heen,203,"#109,YAW,0.00,GYRO,117,24,64,ACC,10,15,99,ADC,1258,502,7,3,"
8.5448,heen,203,MM0 ?AI
8.5448,heen,203,MM1 ?AI
8.5448,heen,203,MM0 AI=0:0:2473:2463:0:0
8.5448,heen,203,MM1 AI=0:0:2358:2387:0:0
8.5448,heen,203,"#110,YAW,0.00,GYRO,-87,-58,13,ACC,-126,238,347,ADC,1242,383,6,2,"
8.5448,heen,203,MM0 ?C
8.5448,heen,203,MM1 ?C
8.5449,heen,203,MM0 C=902:-891
8.5449,heen,203,MM1 C=897:-881
8.5449,heen,203,"#111,YAW,0.00,GYRO,-133,233,2,ACC,18,38,202,ADC,1226,381,5,1,"
8.5449,heen,203,MM0 ?D
8.5449,heen,203,MM1 ?D
8.5449,heen,203,MM1 D=33
8.5449,heen,203,MM0 D=0
8.5951,heen,195,"#112,YAW,0.00,GYRO,-28,131,-20,ACC,-49,38,148,ADC,1270,382,7,2,"
8.5952,heen,195,MM0 ?FF
8.5952,heen,195,MM0 FF=0
8.5952,heen,195,MM1 ?FF
8.5952,heen,195,MM1 FF=0
8.5952,heen,195,MM0 !M 201 -205
8.5952,heen,195,MM1 !M 201 -205
8.5952,heen,195,MM0 +
8.5952,heen,195,MM1 +
8.5952,heen,195,MM1 PING
8.5952,heen,195,MM0 PING
8.5952,heen,195,"#113,YAW,0.00,GYRO,-16,-305,-5,ACC,-12,-11,135,ADC,1258,397,5,2,"
8.5952,heen,195,MM0 ?P
8.5952,heen,195,MM1 ?P
8.5952,heen,195,MM0 P=201:-205
8.5952,heen,195,MM1 P=201:-205
8.6460,heen,187,"#114,YAW,0.00,GYRO,17,-98,-16,ACC,-18,0,452,ADC,1251,501,4,2,"
8.6460,heen,187,MM0 ?S
8.6460,heen,187,MM1 ?S
8.6460,heen,187,MM0 S=225:-225
8.6460,heen,187,MM1 S=150:-150
8.6460,heen,187,MM0 !M 193 -197
8.6460,heen,187,MM1 !M 193 -197
8.6460,heen,187,MM0 +
8.6460,heen,187,MM1 +
8.6460,heen,187,MM1 PING
8.6460,heen,187,MM0 PING
8.6460,heen,187,"#115,YAW,0.00,GYRO,43,208,-38,ACC,-54,2,355,ADC,1296,499,4,2,"
8.6460,heen,187,MM0 ?T
8.6460,heen,187,MM1 ?T
8.6460,heen,187,MM0 T=34:33
8.6460,heen,187,MM1 T=35:33
8.6460,heen,187,"#116,YAW,0.00,GYRO,-105,-231,2,ACC,19,7,118,ADC,1208,381,7,2,"
8.6460,heen,187,MM0 ?V
8.6461,heen,187,MM1 ?V
8.6461,heen,187,MM0 V=120:223:4903
8.6461,heen,187,MM1 V=120:223:4898
8.6971,heen,178,"#117,YAW,0.00,GYRO,7,-44,7,ACC,-5,22,236,ADC,1276,383,4,2,"
8.6971,heen,178,MM0 ?CR
8.6971,heen,178,MM1 ?CR
8.6971,heen,178,MM0 CR=52:-52
8.6971,heen,178,MM1 CR=51:-52
8.6971,heen,178,MM1 !M 185 -189
8.6971,heen,178,MM0 !M 185 -189
8.6971,heen,178,MM0 +
8.6971,heen,178,MM1 +
8.6971,heen,178,MM0 PING
8.6971,heen,178,MM1 PING
8.6971,heen,178,MM0 !M 175 -181
8.6971,heen,178,MM1 !M 175 -181
8.6971,heen,178,MM0 +
8.6971,heen,178,MM1 +
8.6971,heen,178,"#118,YAW,0.00,GYRO,-25,-17,20,ACC,-33,-8,285,ADC,1283,320,5,1,"
8.6971,heen,178,MM0 ?A
8.6971,heen,178,MM1 ?A
8.6972,heen,178,MM0 A=-4:0
8.6972,heen,178,MM1 A=0:0
8.6972,heen,178,"$GPRMC,102920.2,V,5050.50617,N,00419.48801,E,,,021026,000.4,E*7A"
8.6972,heen,178,"#119,YAW,0.00,GYRO,0,33,2,ACC,4,1,311,ADC,1289,387,4,2,"
8.7477,heen,169,MM0 ?AI
8.7478,heen,169,MM1 ?AI
8.7478,heen,169,MM0 AI=0:0:2450:2473:0:0
8.7478,heen,169,MM1 AI=0:0:2359:2366:0:0
8.7478,heen,169,"#120,YAW,0.00,GYRO,117,74,1,ACC,-32,-24,226,ADC,1266,503,6,2,"
8.7478,heen,169,MM0 ?C
8.7478,heen,169,MM1 ?C
8.7478,heen,169,MM0 C=953:-941
8.7478,heen,169,MM1 C=947:-930
8.7478,heen,169,MM0 !M 167 -171
8.7478,heen,169,MM1 !M 167 -171
8.7478,heen,169,MM0 +
8.7478,heen,169,MM1 +
8.7478,heen,169,"#121,YAW,0.00,GYRO,-77,-79,-6,ACC,-6,30,236,ADC,1222,389,6,2,"
8.7478,heen,169,MM0 ?D
8.7478,heen,169,MM1 ?D
8.7478,heen,169,MM0 D=43
8.7478,heen,169,MM1 D=51
8.7981,heen,164,"#122,YAW,0.00,GYRO,70,-18,2,ACC,-15,16,233,ADC,1320,499,4,1,"
8.7982,heen,164,MM0 ?FF
8.7982,heen,164,MM1 ?FF
8.7982,heen,164,MM0 FF=0
8.7982,heen,164,MM1 FF=0
8.7982,heen,164,MM0 !M 161 -167
8.7982,heen,164,MM1 !M 161 -167
8.7982,heen,164,MM0 +
8.7982,heen,164,MM1 +
8.7982,heen,164,"#123,YAW,0.00,GYRO,64,-39,23,ACC,-5,-16,259,ADC,1295,357,5,1,"
8.7982,heen,164,MM0 ?P
8.7982,heen,164,MM1 ?P
8.7982,heen,164,MM0 P=161:-167
8.7982,heen,164,MM1 P=161:-167
8.7982,heen,164,"#124,YAW,0.00,GYRO,-20,87,16,ACC,-18,5,269,ADC,1267,386,5,2,"
8.7982,heen,164,MM0 ?S
8.8490,heen,155,MM1 ?S
8.8490,heen,155,MM0 S=150:-150
8.8490,heen,155,MM1 S=150:-225
8.8490,heen,155,"#125,YAW,0.00,GYRO,58,44,13,ACC,-21,7,268,ADC,1262,400,5,1,"
8.8491,heen,155,MM0 ?T
8.8491,heen,155,MM1 ?T
8.8491,heen,155,MM0 T=34:33
8.8491,heen,155,MM1 T=36:33
8.8491,heen,155,"#126,YAW,0.00,GYRO,-30,-7,8,ACC,-22,15,232,ADC,1218,399,4,2,"
8.8491,heen,155,MM0 ?V
8.8491,heen,155,MM1 ?V
8.8491,heen,155,MM0 V=120:223:4905
8.8491,heen,155,MM1 V=120:222:4897
8.8998,heen,145,"#127,YAW,0.00,GYRO,-24,7,-5,ACC,10,10,222,ADC,1220,385,6,2,"
8.8998,heen,145,MM0 ?CR
8.8998,heen,145,MM1 ?CR
8.8998,heen,145,MM0 CR=44:-44
8.8999,heen,145,MM1 CR=44:-44
8.8999,heen,145,MM0 !M 153 -157
8.8999,heen,145,MM1 !M 153 -157
8.8999,heen,145,MM0 +
8.8999,heen,145,MM1 +
8.8999,heen,145,MM0 PING
8.8999,heen,145,MM1 PING
8.8999,heen,145,"#128,YAW,0.00,GYRO,35,-45,-4,ACC,-8,-17,228,ADC,1224,383,5,1,"
8.8999,heen,145,MM0 !M 143 -147
8.8999,heen,145,MM0 +
8.8999,heen,145,MM1 !M 143 -147
8.8999,heen,145,MM1 +
8.8999,heen,145,MM0 ?A
8.8999,heen,145,MM1 ?A
8.8999,heen,145,MM0 A=0:0
8.8999,heen,145,MM1 A=0:0
8.8999,heen,145,"$GPRMC,102920.4,V,5050.50617,N,00419.48801,E,,,021026,000.4,E*7C"
8.8999,heen,145,"#129,YAW,0.00,GYRO,7,-86,-4,ACC,-20,5,304,ADC,1272,361,5,1,"
8.8999,heen,145,MM0 ?AI
8.8999,heen,145,MM1 ?AI
8.9199,heen,134,MM0 AI=0:0:2450:2458:0:0
8.9199,heen,134,MM1 AI=0:0:2368:2347:0:0
8.9199,heen,134,"#130,YAW,0.00,GYRO,-35,-13,-21,ACC,-12,17,261,ADC,1218,497,5,3,"
8.9199,heen,134,MM0 ?C
8.9199,heen,134,MM1 ?C
8.9199,heen,134,MM0 C=994:-983
8.9539,heen,126,MM1 C=988:-971
8.9539,heen,126,MM0 !M 132 -136
8.9539,heen,126,MM1 !M 132 -136
8.9539,heen,126,MM1 +
8.9539,heen,126,MM0 +
8.9539,heen,126,"#131,YAW,0.00,GYRO,0,-18,-26,ACC,-34,14,245,ADC,1258,390,6,2,"
8.9539,heen,126,MM0 ?D
8.9539,heen,126,MM1 ?D
8.9539,heen,126,MM0 D=58
8.9539,heen,126,MM1 D=51
8.9878,heen,126,"#132,YAW,0.00,GYRO,-62,-66,-17,ACC,-25,9,272,ADC,1242,383,5,2,"
8.9878,heen,126,MM0 ?FF
8.9878,heen,126,MM1 ?FF
8.9878,heen,126,MM0 FF=0
8.9878,heen,126,MM1 FF=0
8.9878,heen,126,MM0 !M 124 -128
8.9878,heen,126,MM1 !M 124 -128
8.9879,heen,126,MM1 +
8.9879,heen,126,MM0 +
8.9879,heen,126,"#133,YAW,0.00,GYRO,-15,-36,-3,ACC,-6,-14,240,ADC,1217,386,7,2,"
8.9879,heen,126,MM0 ?P
8.9879,heen,126,MM1 ?P
8.9879,heen,126,MM0 P=124:-128
8.9879,heen,126,MM1 P=124:-128
9.0101,heen,121,"#134,YAW,0.00,GYRO,8,-20,5,ACC,-18,-14,211,ADC,1231,383,5,1,"
9.0101,heen,121,MM0 ?S
9.0101,heen,121,MM1 ?S
9.0101,heen,121,MM1 S=150:-150
9.0101,heen,121,MM0 S=75:-150
9.0449,heen,121,"#135,YAW,0.00,GYRO,32,-87,11,ACC,-1,-5,261,ADC,1267,391,10,2,"
9.0449,heen,121,MM0 ?T
9.0449,heen,121,MM1 ?T
9.0449,heen,121,MM0 T=34:33
9.0449,heen,121,MM1 T=35:33
9.0449,heen,121,"#136,YAW,0.00,GYRO,-8,46,-23,ACC,-4,9,276,ADC,1322,500,6,2,"
9.0449,heen,121,MM0 ?V
9.0449,heen,121,MM1 ?V
9.0449,heen,121,MM0 V=120:223:4903
9.0449,heen,121,MM1 V=120:223:4896
9.0658,heen,110,"#137,YAW,0.00,GYRO,24,80,-39,ACC,0,11,229,ADC,1287,416,7,2,"
9.0658,heen,110,MM0 ?CR
9.0658,heen,110,MM1 ?CR
9.0658,heen,110,MM0 CR=36:-35
9.0658,heen,110,MM1 CR=35:-35
9.0658,heen,110,MM0 !M 118 -124
9.0658,heen,110,MM1 !M 118 -124
9.0659,heen,110,MM0 +
9.0659,heen,110,MM1 +
9.0659,heen,110,MM1 PING
9.1000,heen,110,MM0 PING
9.1000,heen,110,"#138,YAW,0.00,GYRO,-21,14,-22,ACC,-15,7,262,ADC,1262,384,5,1,"
9.1000,heen,110,MM0 !M 107 -113
9.1000,heen,110,MM0 +
9.1000,heen,110,MM1 !M 107 -113
9.1000,heen,110,MM1 +
9.1000,heen,110,MM0 ?A
9.1000,heen,110,MM1 ?A
9.1000,heen,110,MM0 A=0:0
9.1000,heen,110,MM1 A=0:0
9.1000,heen,110,"$GPRMC,102920.6,V,5050.50617,N,00419.48801,E,,,021026,000.4,E*7E"
9.1000,heen,110,"#139,YAW,0.00,GYRO,-23,32,8,ACC,-24,-3,271,ADC,1244,307,6,2,"
9.1000,heen,110,MM0 ?AI
9.1000,heen,110,MM1 ?AI
9.1389,heen,97,MM0 AI=0:0:2468:2460:0:0
9.1389,heen,97,MM1 AI=0:0:2375:2371:0:0
9.1389,heen,97,"#140,YAW,0.00,GYRO,-18,22,29,ACC,-12,-1,261,ADC,1213,401,4,2,"
9.1389,heen,97,MM0 ?C
9.1389,heen,97,MM1 ?C
9.1389,heen,97,MM0 C=1027:-1015
9.1389,heen,97,MM1 C=1021:-1003
9.1389,heen,97,"#141,YAW,0.00,GYRO,-17,-17,34,ACC,-3,0,216,ADC,1212,381,6,1,"
9.1389,heen,97,MM0 ?D
9.1389,heen,97,MM1 ?D
9.1599,heen,100,MM0 D=58
9.1600,heen,100,MM1 D=35
9.1600,heen,100,MM0 !M 94 -100
9.1600,heen,100,MM1 !M 94 -100
9.1600,heen,100,MM0 +
9.1600,heen,100,MM1 +
9.1600,heen,100,"#142,YAW,0.00,GYRO,12,-54,29,ACC,-15,-3,234,ADC,1267,499,7,1,"
9.1600,heen,100,MM0 ?FF
9.1600,heen,100,MM1 ?FF
9.1600,heen,100,MM0 FF=0
9.1939,heen,100,MM1 FF=0
9.1940,heen,100,MM0 !M 97 -103
9.1940,heen,100,MM1 !M 97 -103
9.1940,heen,100,MM0 +
9.1940,heen,100,MM1 +
9.1940,heen,100,"#143,YAW,0.00,GYRO,29,5,11,ACC,-6,-10,288,ADC,1215,382,5,1,"
9.1940,heen,100,MM0 ?P
9.1940,heen,100,MM1 ?P
9.1940,heen,100,MM0 P=97:-103
9.1940,heen,100,MM1 P=97:-103
9.2138,heen,88,"#144,YAW,0.00,GYRO,6,-13,1,ACC,-2,3,242,ADC,1235,410,5,2,"
9.2138,heen,88,MM0 ?S
9.2139,heen,88,MM1 ?S
9.2139,heen,88,MM0 S=75:-150
9.2139,heen,88,MM1 S=75:-150
9.2518,heen,88,"#145,YAW,0.00,GYRO,-9,-5,-11,ACC,-10,19,243,ADC,1266,401,4,2,"
9.2518,heen,88,MM0 ?T
9.2518,heen,88,MM1 ?T
9.2518,heen,88,MM0 T=34:33
9.2519,heen,88,MM1 T=35:33
9.2519,heen,88,MM0 !M 85 -91
9.2519,heen,88,MM1 !M 85 -91
9.2519,heen,88,MM1 +
9.2519,heen,88,MM0 +
9.2519,heen,88,"#146,YAW,0.00,GYRO,0,49,2,ACC,-18,4,275,ADC,1300,503,6,1,"
9.2519,heen,88,MM0 ?V
9.2519,heen,88,MM1 ?V
9.2519,heen,88,MM0 V=120:224:4904
9.2519,heen,88,MM1 V=120:223:4899
9.3039,heen,75,"#147,YAW,0.00,GYRO,-26,5,9,ACC,-26,7,257,ADC,1235,500,6,2,"
9.3040,heen,75,MM0 ?CR
9.3040,heen,75,MM1 ?CR
9.3040,heen,75,MM0 CR=27:-27
9.3040,heen,75,MM1 CR=27:-27
9.3040,heen,75,"#148,YAW,0.00,GYRO,-12,26,16,ACC,-13,-2,249,ADC,1265,389,4,2,"
9.3040,heen,75,MM0 ?A
9.3040,heen,75,MM1 ?A
9.3040,heen,75,MM0 A=0:0
9.3040,heen,75,MM1 A=0:0
9.3040,heen,75,MM1 !M 72 -78
9.3040,heen,75,MM0 !M 72 -78
9.3040,heen,75,MM1 +
9.3040,heen,75,MM0 +
9.3040,heen,75,"$GPRMC,102920.8,V,5050.50617,N,00419.48801,E,,,021026,000.4,E*70"
9.3040,heen,75,"#149,YAW,0.00,GYRO,-19,23,13,ACC,-20,-4,248,ADC,1288,385,7,2,"
9.3040,heen,75,MM0 ?AI
9.3040,heen,75,MM1 ?AI
9.3040,heen,75,MM0 AI=0:0:2465:2457:0:0
9.3040,heen,75,MM1 AI=0:0:2385:2385:0:0
9.3549,heen,60,"#150,YAW,0.00,GYRO,-18,4,8,ACC,-22,-1,242,ADC,1285,501,5,2,"
9.3549,heen,60,MM0 ?C
9.3550,heen,60,MM1 ?C
9.3550,heen,60,MM0 C=1052:-1039
9.3550,heen,60,MM1 C=1046:-1028
9.3550,heen,60,MM0 !M 58 -62
9.3550,heen,60,MM1 !M 58 -62
9.3550,heen,60,MM0 +
9.3550,heen,60,MM1 +
9.3550,heen,60,"#151,YAW,0.00,GYRO,-8,-22,5,ACC,-7,-1,244,ADC,1256,497,4,2,"
9.3550,heen,60,MM0 ?D
9.3550,heen,60,MM1 ?D
9.3550,heen,60,MM0 D=58
9.3550,heen,60,MM1 D=35
9.4060,heen,71,"#152,YAW,0.00,GYRO,25,36,-5,ACC,-4,-9,258,ADC,1284,502,7,2,"
9.4060,heen,71,MM0 ?FF
9.4060,heen,71,MM1 ?FF
9.4060,heen,71,MM0 FF=0
9.4060,heen,71,MM1 FF=0
9.4060,heen,71,"#153,YAW,0.00,GYRO,10,13,-11,ACC,-2,-9,264,ADC,1251,499,6,3,"
9.4060,heen,71,MM0 ?P
9.4060,heen,71,MM1 ?P
9.4060,heen,71,MM0 P=58:-62
9.4060,heen,71,MM1 P=58:-62
9.4060,heen,71,MM1 !M 69 -73
9.4060,heen,71,MM0 !M 69 -73
9.4060,heen,71,MM1 +
9.4060,heen,71,MM0 +
9.4060,heen,71,"#154,YAW,0.00,GYRO,6,-4,-9,ACC,2,13,265,ADC,1218,386,7,2,"
9.4060,heen,71,MM0 ?S
9.4060,heen,71,MM1 ?S
9.4060,heen,71,MM0 S=75:-75
9.4060,heen,71,MM1 S=75:-75
9.4561,heen,60,"#155,YAW,0.00,GYRO,3,27,-12,ACC,-2,12,257,ADC,1322,502,4,2,"
9.4561,heen,60,MM0 ?T
9.4561,heen,60,MM1 ?T
9.4561,heen,60,MM0 T=34:33
9.4561,heen,60,MM1 T=35:33
9.4561,heen,60,MM0 !M 58 -62
9.4561,heen,60,MM1 !M 58 -62
9.4561,heen,60,MM0 +
9.4561,heen,60,MM1 +
9.4561,heen,60,"#156,YAW,0.00,GYRO,5,43,-17,ACC,-2,14,250,ADC,1202,295,7,1,"
9.4561,heen,60,MM0 ?V
9.4561,heen,60,MM1 ?V
9.4561,heen,60,MM0 V=120:223:4902
9.4561,heen,60,MM1 V=120:222:4898
9.5081,heen,60,"#157,YAW,0.00,GYRO,13,47,-19,ACC,-17,9,273,ADC,1288,503,5,2,"
9.5081,heen,60,MM0 ?CR
9.5081,heen,60,MM1 ?CR
9.5081,heen,60,MM0 CR=19:-19
9.5081,heen,60,MM1 CR=19:-19
9.5081,heen,60,"#158,YAW,0.00,GYRO,8,21,-15,ACC,-9,-1,264,ADC,1235,381,6,1,"
9.5081,heen,60,MM0 ?A
9.5081,heen,60,MM1 ?A
9.5081,heen,60,MM0 A=0:0
9.5081,heen,60,MM1 A=0:0
9.5081,heen,60,"$GPRMC,102921.0,V,5050.50617,N,00419.48801,E,,,021026,000.4,E*79"
9.5081,heen,60,MM0 !M 57 -63
9.5081,heen,60,MM1 !M 57 -63
9.5081,heen,60,MM0 +
9.5081,heen,60,MM1 +
9.5081,heen,60,"#159,YAW,0.00,GYRO,6,39,2,ACC,-4,4,257,ADC,1233,386,6,3,"
9.5081,heen,60,MM0 ?AI
9.5081,heen,60,MM1 ?AI
9.5081,heen,60,MM0 AI=0:0:2455:2454:0:0
9.5081,heen,60,MM1 AI=0:0:2376:2372:0:0
9.5572,heen,0,"#160,YAW,0.00,GYRO,6,38,14,ACC,-7,4,268,ADC,1278,391,5,1,"
9.5573,heen,0,MM0 ?C
9.5573,heen,0,MM1 ?C
9.5573,heen,0,MM0 C=1069:-1056
9.5573,heen,0,MM1 C=1063:-1045
9.5573,heen,0,MM0 !M 0 0
9.5573,heen,0,MM1 !M 0 0
9.5573,heen,0,MM0 +
9.5573,heen,0,MM1 +
9.5573,heen,0,MM0 !M 0 0
9.5573,heen,0,MM1 !M 0 0
9.5573,heen,0,MM0 +
9.5573,heen,0,MM1 +
9.5573,heen,0,"#161,YAW,0.00,GYRO,3,41,12,ACC,-16,3,250,ADC,1262,349,5,1,"
9.5573,heen,0,MM0 ?D
9.5573,heen,0,MM1 ?D
9.5573,heen,0,MM0 D=50
9.5573,heen,0,MM1 D=35
9.5573,heen,0,"#162,YAW,0.00,GYRO,7,110,3,ACC,-58,1,228,ADC,1253,384,5,1,"
9.6080,heen,0,MM0 ?FF
9.6081,heen,0,MM1 ?FF
9.6081,heen,0,MM0 FF=0
9.6081,heen,0,MM1 FF=0
9.6081,heen,0,"#163,YAW,0.00,GYRO,9,-34,-13,ACC,-26,-3,263,ADC,1310,503,5,2,"
9.6081,heen,0,MM0 ?P
9.6081,heen,0,MM1 ?P
9.6081,heen,0,MM0 P=0:0
9.6081,heen,0,MM1 P=0:0
9.6081,heen,0,MM1 !M 0 0
9.6081,heen,0,MM0 !M 0 0
9.6081,heen,0,MM1 +
9.6081,heen,0,MM0 +
9.6081,heen,0,"#164,YAW,0.00,GYRO,-21,3,-2,ACC,-43,5,239,ADC,1244,390,6,2,"
9.6081,heen,0,MM0 ?S
9.6081,heen,0,MM1 ?S
9.6081,heen,0,MM0 S=75:0
9.6081,heen,0,MM1 S=75:-75
9.6579,heen,0,"#165,YAW,0.00,GYRO,21,-1,-26,ACC,-27,2,254,ADC,1283,501,5,1,"
9.6580,heen,0,MM0 ?T
9.6580,heen,0,MM1 ?T
9.6580,heen,0,MM0 T=34:33
9.6580,heen,0,MM1 T=35:33
9.6580,heen,0,MM0 !M 0 0
9.6580,heen,0,MM1 !M 0 0
9.6580,heen,0,MM0 +
9.6580,heen,0,MM1 +
9.6580,heen,0,"#166,YAW,0.00,GYRO,-7,6,-11,ACC,-24,4,252,ADC,1226,348,7,2,"
9.6580,heen,0,MM0 ?V
9.6580,heen,0,MM1 ?V
9.6580,heen,0,MM0 V=120:223:4904
9.6580,heen,0,MM1 V=120:222:4897
9.6580,heen,0,"#167,YAW,0.00,GYRO,1,-13,30,ACC,-20,2,247,ADC,1276,500,6,2,"
9.6581,heen,0,MM1 ?CR
9.7079,heen,0,MM0 ?CR
9.7079,heen,0,MM1 CR=10:-9
9.7079,heen,0,MM0 CR=10:-9
9.7079,heen,0,"#168,YAW,0.00,GYRO,-2,6,27,ACC,-14,1,263,ADC,1247,391,7,2,"
9.7079,heen,0,MM0 ?A
9.7079,heen,0,MM1 ?A
9.7079,heen,0,MM0 A=0:0
9.7079,heen,0,MM1 A=0:0
9.7079,heen,0,"$GPRMC,102921.2,V,5050.50617,N,00419.48801,E,,,021026,000.4,E*7B"
9.7079,heen,0,MM0 !M 0 0
9.7079,heen,0,MM1 !M 0 0
9.7079,heen,0,MM0 +
9.7079,heen,0,MM1 +
9.7079,heen,0,"#169,YAW,0.00,GYRO,1,7,-2,ACC,-15,0,250,ADC,1231,501,4,2,"
9.7080,heen,0,MM1 ?AI
9.7080,heen,0,MM0 ?AI
9.7080,heen,0,MM1 AI=0:0:2367:2293:0:0
9.7080,heen,0,MM0 AI=0:0:2455:2479:0:0
9.7583,heen,0,"#170,YAW,0.00,GYRO,-2,-7,-28,ACC,-7,0,253,ADC,1235,383,6,2,"
9.7583,heen,0,MM0 ?C
9.7583,heen,0,MM1 ?C
9.7584,heen,0,MM0 C=1074:-1062
9.7584,heen,0,MM1 C=1068:-1050
9.7584,heen,0,MM1 !M 0 0
9.7584,heen,0,MM0 !M 0 0
9.7584,heen,0,MM1 +
9.7584,heen,0,MM0 +
9.7584,heen,0,"#171,YAW,0.00,GYRO,1,3,-20,ACC,-4,-1,257,ADC,1250,386,5,2,"
9.7584,heen,0,MM0 ?D
9.7584,heen,0,MM1 ?D
9.7584,heen,0,MM0 D=50
9.7584,heen,0,MM1 D=35
9.7584,heen,0,"#172,YAW,0.00,GYRO,0,3,-1,ACC,-2,-2,254,ADC,1252,386,5,1,"
9.7584,heen,0,MM1 ?FF
9.8087,heen,0,MM0 ?FF
9.8088,heen,0,MM1 FF=0
9.8088,heen,0,MM0 FF=0
9.8088,heen,0,"#173,YAW,0.00,GYRO,-1,2,14,ACC,-6,-1,253,ADC,1235,500,7,2,"
9.8088,heen,0,MM0 ?P
9.8088,heen,0,MM1 ?P
9.8088,heen,0,MM0 P=0:0
9.8088,heen,0,MM1 P=0:0
9.8088,heen,0,MM1 !M 0 0
9.8088,heen,0,MM0 !M 0 0
9.8088,heen,0,MM1 +
9.8088,heen,0,MM0 +
9.8088,heen,0,"#174,YAW,0.00,GYRO,1,5,18,ACC,-4,-1,251,ADC,1253,386,6,2,"
9.8088,heen,0,MM0 ?S
9.8088,heen,0,MM1 ?S
9.8088,heen,0,MM0 S=0:0
9.8088,heen,0,MM1 S=0:0
9.8607,heen,0,"#175,YAW,0.00,GYRO,1,3,5,ACC,-3,-1,255,ADC,1225,384,8,2,"
9.8608,heen,0,MM0 ?T
9.8608,heen,0,MM1 ?T
9.8608,heen,0,MM0 T=34:33
9.8608,heen,0,MM1 T=35:33
9.8608,heen,0,"#176,YAW,0.00,GYRO,2,3,-10,ACC,-4,-1,248,ADC,1292,388,8,2,"
9.8608,heen,0,MM0 !M 0 0
9.8608,heen,0,MM0 +
9.8608,heen,0,MM1 !M 0 0
9.8608,heen,0,MM1 +
9.8608,heen,0,MM1 ?V
9.8608,heen,0,MM0 ?V
9.8608,heen,0,MM1 V=120:222:4900
9.8608,heen,0,MM0 V=120:224:4904
9.8608,heen,0,"#177,YAW,0.00,GYRO,2,3,-14,ACC,2,0,255,ADC,1271,497,5,2,"
9.8608,heen,0,MM1 ?CR
9.8608,heen,0,MM0 ?CR
9.8608,heen,0,MM0 CR=0:-1
9.8608,heen,0,MM1 CR=0:0
9.9102,heen,0,"#178,YAW,0.00,GYRO,1,3,-8,ACC,2,-4,252,ADC,1240,499,5,2,"
9.9102,heen,0,MM1 ?A
9.9102,heen,0,MM0 ?A
9.9103,heen,0,MM1 A=0:0
9.9103,heen,0,MM0 A=0:0
9.9103,heen,0,"$GPRMC,102921.4,V,5050.50617,N,00419.48801,E,,,021026,000.4,E*7D"
9.9103,heen,0,MM1 !M 0 0
9.9103,heen,0,MM0 !M 0 0
9.9103,heen,0,MM1 +
9.9103,heen,0,MM0 +
9.9103,heen,0,"#179,YAW,0.00,GYRO,0,2,1,ACC,4,0,253,ADC,1282,498,8,2,"
9.9103,heen,0,MM1 ?AI
9.9103,heen,0,MM0 ?AI
9.9103,heen,0,MM1 AI=0:0:2372:2354:0:0
9.9103,heen,0,MM0 AI=0:0:2465:2476:0:0
9.9628,heen,0,"#180,YAW,0.00,GYRO,1,-2,5,ACC,7,-1,257,ADC,1242,500,4,2,"
9.9629,heen,0,MM1 ?C
9.9629,heen,0,MM0 ?C
9.9629,heen,0,MM1 C=1068:-1050
9.9629,heen,0,MM0 C=1074:-1062
9.9629,heen,0,"#181,YAW,0.00,GYRO,0,1,1,ACC,3,-1,254,ADC,1223,384,5,1,"
9.9629,heen,0,MM1 ?D
9.9629,heen,0,MM0 ?D
9.9630,heen,0,MM1 D=35
9.9630,heen,0,MM0 D=58
9.9630,heen,0,MM0 !M 0 0
9.9630,heen,0,MM1 !M 0 0
9.9630,heen,0,MM0 +
9.9630,heen,0,MM1 +
9.9630,heen,0,"#182,YAW,0.00,GYRO,2,9,4,ACC,6,0,257,ADC,1254,401,6,2,"
9.9630,heen,0,MM1 ?FF
9.9630,heen,0,MM0 ?FF
9.9630,heen,0,MM1 FF=0
9.9630,heen,0,MM0 FF=0
10.0118,heen,0,"#183,YAW,0.00,GYRO,0,6,2,ACC,0,-1,251,ADC,1256,390,4,2,"
10.0119,heen,0,MM1 ?P
10.0119,heen,0,MM0 ?P
10.0119,heen,0,MM1 P=0:0
10.0119,heen,0,MM0 P=0:0
10.0119,heen,0,MM1 !M 0 0
10.0119,heen,0,MM0 !M 0 0
10.0119,heen,0,MM1 +
10.0119,heen,0,MM0 +
10.0119,heen,0,"#184,YAW,0.00,GYRO,2,6,5,ACC,-2,-1,252,ADC,1232,382,7,2,"
10.0119,heen,0,MM1 ?S
10.0119,heen,0,MM0 ?S
10.0119,heen,0,MM1 S=0:0
10.0119,heen,0,MM0 S=0:0
10.0618,heen,0,"#185,YAW,0.00,GYRO,1,1,3,ACC,1,1,255,ADC,1244,381,7,1,"
10.0618,heen,0,MM1 ?T
10.0618,heen,0,MM0 ?T
10.0618,heen,0,MM1 T=35:33
10.0618,heen,0,MM0 T=34:33
10.0618,heen,0,"#186,YAW,0.00,GYRO,2,5,-2,ACC,2,-1,249,ADC,1247,502,5,2,"
10.0618,heen,0,MM0 ?V
10.0618,heen,0,MM1 ?V
10.0618,heen,0,MM1 V=120:224:4900
10.0618,heen,0,MM0 V=120:223:4905
10.0618,heen,0,MM0 !M 0 0
10.0618,heen,0,MM1 !M 0 0
10.0618,heen,0,MM0 +
10.0618,heen,0,MM1 +
10.0618,heen,0,"#187,YAW,0.00,GYRO,0,5,-3,ACC,4,0,244,ADC,1268,496,5,2,"
10.0618,heen,0,MM1 ?CR
10.0618,heen,0,MM0 ?CR
10.0618,heen,0,MM1 CR=0:0
10.0618,heen,0,MM0 CR=0:0
10.1130,heen,0,"#188,YAW,0.00,GYRO,1,5,-2,ACC,1,-1,251,ADC,1256,392,6,1,"
10.1130,heen,0,MM1 ?A
10.1130,heen,0,MM0 ?A
10.1130,heen,0,MM1 A=0:0
10.1130,heen,0,MM0 A=0:0
10.1131,heen,0,"$GPRMC,102921.6,V,5050.50617,N,00419.48801,E,,,021026,000.4,E*7F"
10.1131,heen,0,MM0 !M 0 0
10.1131,heen,0,MM1 !M 0 0
10.1131,heen,0,MM0 +
10.1131,heen,0,MM1 +
10.1131,heen,0,"#189,YAW,0.00,GYRO,2,5,1,ACC,0,1,252,ADC,1226,386,5,2,"
10.1131,heen,0,MM1 ?AI
10.1131,heen,0,MM0 ?AI
10.1131,heen,0,MM1 AI=0:0:2372:2392:0:0
10.1131,heen,0,MM0 AI=0:0:2450:2471:0:0
10.1627,heen,0,"#190,YAW,0.00,GYRO,0,4,2,ACC,-1,2,257,ADC,1299,501,5,2,"
10.1628,heen,0,MM1 ?C
10.1628,heen,0,MM0 ?C
10.1628,heen,0,MM1 C=1068:-1050
10.1628,heen,0,MM0 C=1074:-1062
10.1628,heen,0,"#191,YAW,0.00,GYRO,1,3,-1,ACC,2,-1,254,ADC,1274,398,6,2,"
10.1628,heen,0,MM1 ?D
10.1628,heen,0,MM0 ?D
10.1628,heen,0,MM1 D=35
10.1628,heen,0,MM0 D=58
10.1628,heen,0,MM1 !M 0 0
10.1628,heen,0,MM0 !M 0 0
10.1628,heen,0,MM1 +
10.1628,heen,0,MM0 +
10.1628,heen,0,"#192,YAW,0.00,GYRO,1,4,-3,ACC,-1,-1,254,ADC,1232,497,5,2,"
10.1628,heen,0,MM1 ?FF
10.1628,heen,0,MM0 ?FF
10.1628,heen,0,MM1 FF=0
10.1628,heen,0,MM0 FF=0
10.2139,heen,60,"#193,YAW,0.00,GYRO,1,5,0,ACC,-1,-1,254,ADC,1245,390,7,2,"
10.2139,heen,60,MM1 ?P
10.2139,heen,60,MM0 ?P
10.2139,heen,60,MM1 P=0:0
10.2139,heen,60,MM0 P=0:0
10.2139,heen,60,MM0 !M 60 -60
10.2139,heen,60,MM1 !M 60 -60
10.2139,heen,60,MM0 +
10.2139,heen,60,MM1 +
10.2139,heen,60,"#194,YAW,0.00,GYRO,0,6,-1,ACC,-2,0,252,ADC,1241,381,5,2,"
10.2139,heen,60,MM1 ?S
10.2139,heen,60,MM0 ?S
10.2139,heen,60,MM1 S=0:0
10.2139,heen,60,MM0 S=0:0
10.2639,heen,60,"#195,YAW,0.00,GYRO,-9,-41,11,ACC,17,6,245,ADC,1245,379,6,2,"
10.2639,heen,60,MM1 ?T
10.2639,heen,60,MM0 ?T
10.2639,heen,60,MM1 T=35:33
10.2639,heen,60,MM0 T=34:33
10.2639,heen,60,"#196,YAW,0.00,GYRO,2,12,-8,ACC,16,0,260,ADC,1242,394,8,2,"
10.2639,heen,60,MM1 ?V
10.2639,heen,60,MM0 ?V
10.2639,heen,60,MM1 V=120:222:4900
10.2639,heen,60,MM0 V=120:223:4905
10.2639,heen,60,MM0 !M 60 -60
10.2639,heen,60,MM1 !M 60 -60
10.2639,heen,60,MM0 +
10.2639,heen,60,MM1 +
10.2639,heen,60,"#197,YAW,0.00,GYRO,3,14,-19,ACC,10,0,264,ADC,1305,500,7,2,"
10.2639,heen,60,MM1 ?CR
10.2639,heen,60,MM0 ?CR
10.2639,heen,60,MM1 CR=1:-1
10.2639,heen,60,MM0 CR=1:0
10.3162,heen,60,"#198,YAW,0.00,GYRO,-5,-13,0,ACC,19,3,248,ADC,1255,500,5,2,"
10.3162,heen,60,MM1 ?A
10.3162,heen,60,MM0 ?A
10.3162,heen,60,MM1 A=0:0
10.3162,heen,60,MM0 A=0:0
10.3162,heen,60,"$GPRMC,102921.8,V,5050.50617,N,00419.48801,E,,,021026,000.4,E*71"
10.3162,heen,60,MM0 !M 60 -60
10.3162,heen,60,MM1 !M 60 -60
10.3162,heen,60,MM0 +
10.3162,heen,60,MM1 +
10.3162,heen,60,"#199,YAW,0.00,GYRO,1,4,28,ACC,14,7,254,ADC,1266,301,7,1,"
10.3162,heen,60,MM1 ?AI
10.3162,heen,60,MM0 ?AI
10.3162,heen,60,MM1 AI=0:0:2337:2375:0:0
10.3162,heen,60,MM0 AI=0:0:2461:2459:0:0
10.3649,heen,60,"#200,YAW,0.00,GYRO,0,14,22,ACC,7,0,256,ADC,1263,494,5,2,"
10.3650,heen,60,MM1 ?C
10.3650,heen,60,MM0 ?C
10.3650,heen,60,MM1 C=1070:-1052
10.3650,heen,60,MM0 C=1076:-1064
10.3650,heen,60,"#201,YAW,0.00,GYRO,1,8,-10,ACC,12,-3,252,ADC,1251,392,6,2,"
10.3650,heen,60,MM1 ?D
10.3650,heen,60,MM0 ?D
10.3650,heen,60,MM1 D=1
10.3650,heen,60,MM0 D=3
10.3650,heen,60,MM0 !M 60 -60
10.3650,heen,60,MM1 !M 60 -60
10.3650,heen,60,MM0 +
10.3650,heen,60,MM1 +
10.3650,heen,60,"#202,YAW,0.00,GYRO,0,-7,1,ACC,11,2,252,ADC,1249,395,6,1,"
10.3650,heen,60,MM1 ?FF
10.3650,heen,60,MM0 ?FF
10.3650,heen,60,MM1 FF=0
10.3650,heen,60,MM0 FF=0
10.4161,heen,60,"#203,YAW,0.00,GYRO,4,18,-7,ACC,5,-1,252,ADC,1254,502,5,2,"
10.4161,heen,60,MM1 ?P
10.4161,heen,60,MM0 ?P
10.4161,heen,60,MM1 P=60:-60
10.4161,heen,60,MM0 P=60:-60
10.4161,heen,60,MM1 !M 60 -60
10.4161,heen,60,MM0 !M 60 -60
10.4161,heen,60,MM0 +
10.4161,heen,60,MM1 +
10.4161,heen,60,"#204,YAW,0.00,GYRO,9,0,-11,ACC,10,-1,242,ADC,1243,341,6,2,"
10.4161,heen,60,MM1 ?S
10.4161,heen,60,MM0 ?S
10.4161,heen,60,MM0 S=75:0
10.4161,heen,60,MM1 S=0:0
10.4667,heen,0,"#205,YAW,0.00,GYRO,5,-12,16,ACC,8,-2,258,ADC,1252,501,5,2,"
10.4667,heen,0,MM1 ?T
10.4667,heen,0,MM0 ?T
10.4667,heen,0,MM1 T=35:33
10.4667,heen,0,MM0 T=34:33
10.4667,heen,0,"#206,YAW,0.00,GYRO,20,18,-4,ACC,15,-2,258,ADC,1246,385,5,2,"
10.4667,heen,0,MM1 ?V
10.4667,heen,0,MM0 ?V
10.4667,heen,0,MM1 V=120:223:4899
10.4668,heen,0,MM0 V=120:223:4903
10.4668,heen,0,MM0 !M 60 -60
10.4668,heen,0,MM1 !M 60 -60
10.4668,heen,0,MM0 +
10.4668,heen,0,MM1 +
10.4668,heen,0,"#207,YAW,0.00,GYRO,2,1,15,ACC,1,0,253,ADC,1282,502,5,2,"
10.4668,heen,0,MM1 ?CR
10.4668,heen,0,MM0 ?CR
10.4668,heen,0,MM1 CR=7:-6
10.4668,heen,0,MM0 CR=6:-7
10.5019,heen,0,"#208,YAW,0.00,GYRO,16,1,-10,ACC,20,-1,251,ADC,1247,387,5,2,"
10.5020,heen,0,MM0 !M 0 0
10.5020,heen,0,MM0 +
10.5020,heen,0,MM1 !M 0 0
10.5020,heen,0,MM1 +
10.5020,heen,0,MM0 ?A
10.5020,heen,0,MM1 ?A
10.5020,heen,0,MM1 A=0:0
10.5020,heen,0,MM0 A=0:0
10.5020,heen,0,MM0 !M 0 0
10.5020,heen,0,MM1 !M 0 0
10.5020,heen,0,MM0 +
10.5020,heen,0,MM1 +
10.5020,heen,0,"$GPRMC,102922.0,V,5050.50617,N,00419.48801,E,,,021026,000.4,E*7A"
10.5020,heen,0,"#209,YAW,0.00,GYRO,10,32,1,ACC,-4,-5,237,ADC,1255,365,5,2,"
10.5020,heen,0,MM1 ?AI
10.5020,heen,0,MM0 ?AI
10.5217,heen,0,MM1 AI=0:0:2374:2387:0:0
10.5217,heen,0,MM0 AI=0:0:2461:2467:0:0
10.5217,heen,0,"#210,YAW,0.00,GYRO,19,56,-10,ACC,-19,-12,229,ADC,1233,385,5,2,"
10.5217,heen,0,MM0 ?C
10.5217,heen,0,MM1 ?C
10.5217,heen,0,MM0 C=1083:-1070
10.5217,heen,0,MM1 C=1077:-1059
10.5558,heen,0,MM0 !M 0 0
10.5558,heen,0,MM1 !M 0 0
10.5559,heen,0,MM0 +
10.5559,heen,0,MM1 +
10.5559,heen,0,"#211,YAW,0.00,GYRO,2,39,-30,ACC,-23,14,264,ADC,1257,383,4,2,"
10.5559,heen,0,MM0 ?D
10.5559,heen,0,MM1 ?D
10.5559,heen,0,MM0 D=17
10.5559,heen,0,MM1 D=16
10.6088,heen,0,"#212,YAW,0.00,GYRO,4,-16,15,ACC,-21,8,259,ADC,1298,498,4,1,"
10.6088,heen,0,MM0 ?FF
10.6088,heen,0,MM1 ?FF
10.6088,heen,0,MM0 FF=0
10.6088,heen,0,MM1 FF=0
10.6088,heen,0,"#213,YAW,0.00,GYRO,4,8,-4,ACC,-22,-1,236,ADC,1248,501,4,1,"
10.6088,heen,0,MM0 ?P
10.6088,heen,0,MM1 ?P
10.6088,heen,0,MM0 P=0:0
10.6088,heen,0,MM1 P=0:0
10.6088,heen,0,MM0 !M 0 0
10.6088,heen,0,MM1 !M 0 0
10.6088,heen,0,MM0 +
10.6088,heen,0,MM1 +
10.6088,heen,0,"#214,YAW,0.00,GYRO,-6,-9,-7,ACC,-13,1,263,ADC,1274,501,6,2,"
10.6088,heen,0,MM0 ?S
10.6088,heen,0,MM1 ?S
10.6088,heen,0,MM0 S=0:0
10.6088,heen,0,MM1 S=0:0
10.6600,heen,0,"#215,YAW,0.00,GYRO,1,-3,20,ACC,-14,3,253,ADC,1258,402,4,2,"
10.6601,heen,0,MM0 ?T
10.6601,heen,0,MM1 ?T
10.6601,heen,0,MM0 T=34:33
10.6601,heen,0,MM1 T=35:33
10.6601,heen,0,MM0 !M 0 0
10.6601,heen,0,MM1 !M 0 0
10.6601,heen,0,MM0 +
10.6601,heen,0,MM1 +
10.6601,heen,0,"#216,YAW,0.00,GYRO,2,13,9,ACC,-9,-1,249,ADC,1240,313,5,1,"
10.6601,heen,0,MM0 ?V
10.6601,heen,0,MM1 ?V
10.6601,heen,0,MM0 V=120:224:4903
10.6601,heen,0,MM1 V=120:222:4898
10.6601,heen,0,"#217,YAW,0.00,GYRO,2,9,-14,ACC,-12,0,258,ADC,1236,383,5,2,"
10.6601,heen,0,MM0 ?CR
10.6601,heen,0,MM1 ?CR
10.6601,heen,0,MM0 CR=5:-5
10.7107,heen,0,MM1 CR=4:-5
10.7107,heen,0,"#218,YAW,0.00,GYRO,1,3,-32,ACC,-9,1,253,ADC,1227,381,5,2,"
10.7107,heen,0,MM0 ?A
10.7107,heen,0,MM1 ?A
10.7107,heen,0,MM0 A=0:0
10.7107,heen,0,MM1 A=0:0
10.7107,heen,0,"$GPRMC,102922.2,V,5050.50617,N,00419.48801,E,,,021026,000.4,E*78"
10.7108,heen,0,MM0 !M 0 0
10.7108,heen,0,MM0 +
10.7108,heen,0,MM1 !M 0 0
10.7108,heen,0,MM1 +
10.7108,heen,0,"#219,YAW,0.00,GYRO,1,7,-23,ACC,-12,0,246,ADC,1261,497,5,2,"
10.7108,heen,0,MM0 ?AI
10.7108,heen,0,MM1 ?AI
10.7108,heen,0,MM0 AI=0:0:2466:2468:0:0
10.7108,heen,0,MM1 AI=0:0:2346:2372:0:0
10.7608,heen,0,"#220,YAW,0.00,GYRO,0,5,0,ACC,-9,2,258,ADC,1237,391,5,2,"
10.7609,heen,0,MM0 ?C
10.7609,heen,0,MM1 ?C
10.7609,heen,0,MM0 C=1087:-1074
10.7609,heen,0,MM1 C=1080:-1062
10.7609,heen,0,"#221,YAW,0.00,GYRO,1,-3,14,ACC,-4,0,251,ADC,1251,501,8,2,"
10.7609,heen,0,MM0 !M 0 0
10.7609,heen,0,MM0 +
10.7609,heen,0,MM1 !M 0 0
10.7609,heen,0,MM1 +
10.7609,heen,0,MM0 ?D
10.7609,heen,0,MM1 ?D
10.7609,heen,0,MM0 D=48
10.7609,heen,0,MM1 D=35
10.7609,heen,0,"#222,YAW,0.00,GYRO,-2,0,16,ACC,3,0,250,ADC,1240,388,4,2,"
10.7609,heen,0,MM0 ?FF
10.7609,heen,0,MM1 ?FF
10.7609,heen,0,MM0 FF=0
10.7609,heen,0,MM1 FF=0
10.8172,heen,0,"#223,YAW,0.00,GYRO,1,4,11,ACC,3,1,254,ADC,1259,389,6,2,"
10.8173,heen,0,MM0 ?P
10.8173,heen,0,MM1 ?P
10.8173,heen,0,MM0 P=0:0
10.8173,heen,0,MM1 P=0:0
10.8173,heen,0,MM1 !M 0 0
10.8173,heen,0,MM0 !M 0 0
10.8173,heen,0,MM1 +
10.8173,heen,0,MM0 +
10.8173,heen,0,"#224,YAW,0.00,GYRO,1,3,3,ACC,3,-1,247,ADC,1299,390,5,2,"
10.8173,heen,0,MM0 ?S
10.8173,heen,0,MM1 ?S
10.8173,heen,0,MM0 S=0:0
10.8173,heen,0,MM1 S=0:0
10.8538,heen,0,"#225,YAW,0.00,GYRO,1,3,-3,ACC,1,1,253,ADC,1246,393,4,2,"
10.8538,heen,0,MM0 ?T
10.8538,heen,0,MM1 ?T
10.8538,heen,0,MM0 T=34:33
10.8538,heen,0,MM1 T=35:33
10.8538,heen,0,MM0 !M 0 0
10.8538,heen,0,MM1 !M 0 0
10.8538,heen,0,MM1 +
10.8538,heen,0,MM0 +
10.8538,heen,0,"#226,YAW,0.00,GYRO,0,3,-6,ACC,2,-1,248,ADC,1282,411,5,2,"
10.8538,heen,0,MM0 ?V
10.8538,heen,0,MM1 ?V
10.8538,heen,0,MM0 V=120:225:4903
10.8538,heen,0,MM1 V=120:223:4899
10.8757,heen,0,"#227,YAW,0.00,GYRO,1,6,-4,ACC,2,2,253,ADC,1256,383,7,2,"
10.8757,heen,0,MM0 ?CR
10.8757,heen,0,MM1 ?CR
10.8758,heen,0,MM0 CR=1:0
10.8758,heen,0,MM1 CR=0:0
10.9098,heen,0,"#228,YAW,0.00,GYRO,2,7,0,ACC,3,-1,254,ADC,1252,388,6,2,"
10.9098,heen,0,MM0 ?A
10.9098,heen,0,MM1 ?A
10.9098,heen,0,MM0 A=0:0
10.9098,heen,0,MM1 A=0:0
10.9098,heen,0,"$GPRMC,102922.4,V,5050.50617,N,00419.48801,E,,,021026,000.4,E*7E"
10.9098,heen,0,MM0 !M 0 0
10.9098,heen,0,MM1 !M 0 0
10.9098,heen,0,MM0 +
10.9098,heen,0,MM1 +
10.9098,heen,0,"#229,YAW,0.00,GYRO,0,6,-1,ACC,-2,0,253,ADC,1206,380,6,2,"
10.9098,heen,0,MM0 ?AI
10.9098,heen,0,MM1 ?AI
10.9098,heen,0,MM0 AI=0:0:2474:2471:0:0
10.9099,heen,0,MM1 AI=0:0:2374:2409:0:0
10.9621,heen,0,"#230,YAW,0.00,GYRO,1,7,-6,ACC,-3,0,254,ADC,1242,382,5,2,"
10.9621,heen,0,MM0 ?C
10.9621,heen,0,MM1 ?C
10.9621,heen,0,MM0 C=1087:-1074
10.9621,heen,0,MM1 C=1080:-1062
10.9621,heen,0,"#231,YAW,0.00,GYRO,0,3,-4,ACC,1,-1,253,ADC,1266,478,7,2,"
10.9621,heen,0,MM0 ?D
10.9621,heen,0,MM1 ?D
10.9621,heen,0,MM0 D=48
10.9621,heen,0,MM1 D=43
10.9621,heen,0,MM0 !M 0 0
10.9621,heen,0,MM1 !M 0 0
10.9621,heen,0,MM0 +
10.9621,heen,0,MM1 +
10.9621,heen,0,"#232,YAW,0.00,GYRO,0,6,1,ACC,0,1,255,ADC,1261,502,6,1,"
10.9621,heen,0,MM0 ?FF
10.9621,heen,0,MM1 ?FF
10.9621,heen,0,MM0 FF=0
10.9621,heen,0,MM1 FF=0
11.0129,heen,0,"#233,YAW,0.00,GYRO,1,4,7,ACC,-3,0,250,ADC,1270,497,7,2,"
11.0129,heen,0,MM0 ?P
11.0129,heen,0,MM1 ?P
11.0129,heen,0,MM0 P=0:0
11.0129,heen,0,MM1 P=0:0
11.0129,heen,0,MM0 !M 0 0
11.0130,heen,0,MM0 +
11.0130,heen,0,MM1 !M 0 0
11.0130,heen,0,MM1 +
11.0130,heen,0,"#234,YAW,0.00,GYRO,2,1,5,ACC,-2,0,251,ADC,1266,387,6,1,"
11.0130,heen,0,MM0 ?S
11.0130,heen,0,MM1 ?S
11.0130,heen,0,MM0 S=0:0
11.0130,heen,0,MM1 S=0:0
11.0629,heen,0,"#235,YAW,0.00,GYRO,0,6,2,ACC,-1,3,254,ADC,1247,400,9,2,"
11.0630,heen,0,MM0 ?T
11.0630,heen,0,MM1 ?T
11.0630,heen,0,MM0 T=34:33
11.0630,heen,0,MM1 T=36:33
11.0630,heen,0,"#236,YAW,0.00,GYRO,0,4,2,ACC,0,0,249,ADC,1247,386,7,2,"
11.0630,heen,0,MM0 ?V
11.0630,heen,0,MM1 ?V
11.0630,heen,0,MM0 V=120:223:4903
11.0630,heen,0,MM1 V=120:223:4900
11.0630,heen,0,MM1 !M 0 0
11.0630,heen,0,MM0 !M 0 0
11.0630,heen,0,MM1 +
11.0630,heen,0,MM0 +
11.0630,heen,0,"#237,YAW,0.00,GYRO,2,6,-1,ACC,1,0,251,ADC,1210,499,4,2,"
11.0630,heen,0,MM0 ?CR
11.0630,heen,0,MM1 ?CR
11.0630,heen,0,MM0 CR=0:0
11.0630,heen,0,MM1 CR=0:0
11.1153,heen,0,"#238,YAW,0.00,GYRO,0,4,-2,ACC,0,0,254,ADC,1237,394,7,1,"
11.1154,heen,0,MM0 ?A
11.1154,heen,0,MM1 ?A
11.1154,heen,0,MM0 A=0:0
11.1154,heen,0,MM1 A=0:0
11.1154,heen,0,"$GPRMC,102922.6,V,5050.50617,N,00419.48801,E,,,021026,000.4,E*7C"
11.1154,heen,0,MM1 !M 0 0
11.1154,heen,0,MM0 !M 0 0
11.1154,heen,0,MM1 +
11.1154,heen,0,MM0 +
11.1154,heen,0,"#239,YAW,0.00,GYRO,3,3,-4,ACC,-1,0,253,ADC,1245,382,6,1,"
11.1155,heen,0,MM0 ?AI
11.1155,heen,0,MM1 ?AI
11.1155,heen,0,MM0 AI=0:0:2441:2475:0:0
11.1155,heen,0,MM1 AI=0:0:2374:2627:0:0
11.1644,heen,0,"#240,YAW,0.00,GYRO,0,4,-1,ACC,6,-10,266,ADC,1218,382,5,2,"
11.1644,heen,0,MM0 ?C
11.1644,heen,0,MM1 ?C
11.1644,heen,0,MM0 C=1087:-1074
11.1644,heen,0,MM1 C=1080:-1062
11.1644,heen,0,"#241,YAW,0.00,GYRO,1,5,1,ACC,-2,0,250,ADC,1289,502,7,2,"
11.1644,heen,0,MM0 ?D
11.1644,heen,0,MM1 ?D
11.1644,heen,0,MM0 D=48
11.1644,heen,0,MM1 D=35
11.1644,heen,0,MM0 !M 0 0
11.1644,heen,0,MM1 !M 0 0
11.1644,heen,0,MM0 +
11.1644,heen,0,MM1 +
11.1644,heen,0,"#242,YAW,0.00,GYRO,1,6,1,ACC,-2,0,249,ADC,1259,501,5,1,"
11.1645,heen,0,MM0 ?FF
11.1645,heen,0,MM1 ?FF
11.1645,heen,0,MM0 FF=0
11.1645,heen,0,MM1 FF=0
11.2151,heen,0,"#243,YAW,0.00,GYRO,2,4,3,ACC,2,-1,250,ADC,1234,392,4,1,"
11.2151,heen,0,MM0 ?P
11.2151,heen,0,MM1 ?P
11.2151,heen,0,MM0 P=0:0
11.2151,heen,0,MM1 P=0:0
11.2151,heen,0,MM1 !M 0 0
11.2151,heen,0,MM0 !M 0 0
11.2151,heen,0,MM1 +
11.2151,heen,0,MM0 +
11.2151,heen,0,"#244,YAW,0.00,GYRO,-1,4,2,ACC,-2,1,247,ADC,1218,395,6,1,"
11.2151,heen,0,MM0 ?S
11.2151,heen,0,MM1 ?S
11.2151,heen,0,MM0 S=0:0
11.2151,heen,0,MM1 S=0:0
11.2648,heen,0,"#245,YAW,0.00,GYRO,2,4,2,ACC,0,-1,254,ADC,1272,390,5,2,"
11.2648,heen,0,MM0 ?T
11.2648,heen,0,MM1 ?T
11.2648,heen,0,MM0 T=34:33
11.2648,heen,0,MM1 T=36:33
11.2648,heen,0,"#246,YAW,0.00,GYRO,0,5,1,ACC,3,-1,252,ADC,1250,387,5,1,"
11.2648,heen,0,MM0 ?V
11.2648,heen,0,MM1 ?V
11.2648,heen,0,MM0 V=120:222:4902
11.2648,heen,0,MM1 V=120:222:4899
11.2648,heen,0,MM1 !M 0 0
11.2648,heen,0,MM0 !M 0 0
11.2648,heen,0,MM1 +
11.2648,heen,0,MM0 +
11.2648,heen,0,"#247,YAW,0.00,GYRO,0,4,0,ACC,1,2,252,ADC,1220,501,5,1,"
11.2649,heen,0,MM0 ?CR
11.2649,heen,0,MM1 ?CR
11.2649,heen,0,MM0 CR=0:0
11.2649,heen,0,MM1 CR=0:0
11.3161,heen,0,"#248,YAW,0.00,GYRO,1,3,1,ACC,3,-1,255,ADC,1257,398,4,2,"
11.3162,heen,0,MM0 ?A
11.3162,heen,0,MM1 ?A
11.3162,heen,0,MM0 A=0:0
11.3162,heen,0,MM1 A=0:0
11.3162,heen,0,"$GPRMC,102922.8,V,5050.50617,N,00419.48801,E,,,021026,000.4,E*72"
11.3162,heen,0,MM0 !M 0 0
11.3162,heen,0,MM1 !M 0 0
11.3162,heen,0,MM0 +
11.3162,heen,0,MM1 +
11.3162,heen,0,"#249,YAW,0.00,GYRO,1,5,0,ACC,1,-1,253,ADC,1276,394,6,1,"
11.3162,heen,0,MM0 ?AI
11.3162,heen,0,MM1 ?AI
11.3162,heen,0,MM0 AI=0:0:2466:2475:0:0
11.3162,heen,0,MM1 AI=0:0:2372:2396:0:0
11.3657,heen,0,"#250,YAW,0.00,GYRO,0,4,1,ACC,1,2,253,ADC,1268,393,6,2,"
11.3658,heen,0,MM0 ?C
11.3658,heen,0,MM1 ?C
11.3658,heen,0,MM0 C=1087:-1074
11.3658,heen,0,MM1 C=1080:-1062
11.3658,heen,0,"#251,YAW,0.00,GYRO,0,3,0,ACC,-2,1,251,ADC,1283,406,6,2,"
11.3658,heen,0,MM0 ?D
11.3658,heen,0,MM1 ?D
11.3658,heen,0,MM0 D=48
11.3658,heen,0,MM1 D=35
11.3658,heen,0,MM1 !M 0 0
11.3658,heen,0,MM0 !M 0 0
11.3658,heen,0,MM1 +
11.3658,heen,0,MM0 +
11.3658,heen,0,"#252,YAW,0.00,GYRO,0,3,2,ACC,0,2,255,ADC,1255,385,4,2,"
11.3658,heen,0,MM0 ?FF
11.3658,heen,0,MM1 ?FF
11.3658,heen,0,MM0 FF=0
11.3658,heen,0,MM1 FF=0
11.4169,heen,0,"#253,YAW,0.00,GYRO,0,5,2,ACC,-1,-1,254,ADC,1266,500,7,2,"
11.4169,heen,0,MM0 ?P
11.4169,heen,0,MM1 ?P
11.4169,heen,0,MM0 P=0:0
11.4169,heen,0,MM1 P=0:0
11.4169,heen,0,MM0 !M 0 0
11.4169,heen,0,MM1 !M 0 0
11.4169,heen,0,MM0 +
11.4169,heen,0,MM1 +
11.4169,heen,0,"#254,YAW,0.00,GYRO,3,5,0,ACC,1,2,251,ADC,1247,310,6,2,"
11.4169,heen,0,MM0 ?S
11.4169,heen,0,MM1 ?S
11.4169,heen,0,MM0 S=0:0
11.4169,heen,0,MM1 S=0:0
11.4169,heen,0,"#255,YAW,0.00,GYRO,0,4,1,ACC,4,-1,255,ADC,1259,387,6,2,"
11.4666,heen,0,MM0 ?T
11.4667,heen,0,MM1 ?T
11.4667,heen,0,MM0 T=34:33
11.4667,heen,0,MM1 T=35:33
11.4667,heen,0,"#0,YAW,0.00,GYRO,1,4,0,ACC,0,0,251,ADC,1291,501,4,2,"
11.4667,heen,0,MM0 ?V
11.4667,heen,0,MM1 ?V
11.4667,heen,0,MM0 V=120:225:4902
11.4667,heen,0,MM1 V=120:223:4899
11.4667,heen,0,MM0 !M 0 0
11.4667,heen,0,MM1 !M 0 0
11.4667,heen,0,MM0 +
11.4667,heen,0,MM1 +
11.4667,heen,0,"#1,YAW,0.00,GYRO,-1,5,-1,ACC,3,0,254,ADC,1298,390,5,2,"
11.4667,heen,0,MM0 ?CR
11.4667,heen,0,MM1 ?CR
11.4667,heen,0,MM0 CR=0:0
11.4667,heen,0,MM1 CR=0:0
11.5180,heen,0,"#2,YAW,0.00,GYRO,0,3,1,ACC,-1,-1,253,ADC,1294,501,7,2,"
11.5180,heen,0,MM0 ?A
11.5180,heen,0,MM1 ?A
11.5180,heen,0,MM0 A=0:0
11.5180,heen,0,MM1 A=0:0
11.5180,heen,0,"$GPRMC,102923.0,V,5050.50617,N,00419.48801,E,,,021026,000.4,E*7B"
11.5180,heen,0,MM0 !M 0 0
11.5180,heen,0,MM1 !M 0 0
11.5180,heen,0,MM0 +
11.5180,heen,0,MM1 +
11.5180,heen,0,"#3,YAW,0.00,GYRO,1,5,0,ACC,1,0,254,ADC,1262,320,6,2,"
11.5180,heen,0,MM0 ?AI
11.5180,heen,0,MM1 ?AI
11.5180,heen,0,MM0 AI=0:0:2452:2483:0:0
11.5180,heen,0,MM1 AI=0:0:2384:2367:0:0
11.5180,heen,0,"#4,YAW,0.00,GYRO,1,5,0,ACC,-1,1,260,ADC,1240,394,6,2,"
11.5181,heen,0,MM0 ?C
11.5181,heen,0,MM1 ?C
11.5689,heen,0,MM0 C=1087:-1074
11.5690,heen,0,MM1 C=1080:-1062
11.5690,heen,0,"#5,YAW,0.00,GYRO,-1,4,0,ACC,3,-3,251,ADC,1264,502,6,2,"
11.5690,heen,0,MM0 ?D
11.5690,heen,0,MM1 ?D
11.5690,heen,0,MM0 D=48
11.5690,heen,0,MM1 D=35
11.5690,heen,0,MM1 !M 0 0
11.5690,heen,0,MM0 !M 0 0
11.5690,heen,0,MM1 +
11.5690,heen,0,MM0 +
11.5690,heen,0,"#6,YAW,0.00,GYRO,0,8,2,ACC,0,2,254,ADC,1269,501,8,2,"
11.5690,heen,0,MM0 ?FF
11.5690,heen,0,MM1 ?FF
11.5690,heen,0,MM0 FF=0
11.5690,heen,0,MM1 FF=0
11.6193,heen,-60,"#7,YAW,0.00,GYRO,1,6,1,ACC,3,-1,253,ADC,1248,502,5,1,"
11.6193,heen,-60,MM0 ?P
11.6193,heen,-60,MM1 ?P
11.6193,heen,-60,MM0 P=0:0
11.6193,heen,-60,MM1 P=0:0
11.6193,heen,-60,MM0 !M -60 60
11.6193,heen,-60,MM1 !M -60 60
11.6193,heen,-60,MM0 +
11.6193,heen,-60,MM1 +
11.6193,heen,-60,"#8,YAW,0.00,GYRO,0,7,0,ACC,-1,1,252,ADC,1232,334,5,2,"
11.6193,heen,-60,MM0 ?S
11.6193,heen,-60,MM1 ?S
11.6193,heen,-60,MM0 S=0:0
11.6193,heen,-60,MM1 S=0:0
11.6194,heen,-60,"#9,YAW,0.00,GYRO,3,32,-8,ACC,-32,10,245,ADC,1265,387,5,2,"
11.6194,heen,-60,MM0 ?T
11.6194,heen,-60,MM1 ?T
11.6707,heen,-60,MM0 T=34:33
11.6707,heen,-60,MM1 T=36:33
11.6707,heen,-60,"#10,YAW,0.00,GYRO,-8,-9,2,ACC,-14,3,250,ADC,1251,501,4,2,"
11.6707,heen,-60,MM0 ?V
11.6707,heen,-60,MM1 ?V
11.6707,heen,-60,MM0 V=120:223:4902
11.6707,heen,-60,MM1 V=120:223:4901
11.6707,heen,-60,MM1 !M -60 60
11.6707,heen,-60,MM0 !M -60 60
11.6707,heen,-60,MM1 +
11.6707,heen,-60,MM0 +
11.6707,heen,-60,"#11,YAW,0.00,GYRO,5,2,5,ACC,-6,5,247,ADC,1238,383,6,2,"
11.6707,heen,-60,MM0 ?CR
11.6707,heen,-60,MM1 ?CR
11.6708,heen,-60,MM0 CR=-1:1
11.6708,heen,-60,MM1 CR=0:0
11.7248,heen,0,"#12,YAW,0.00,GYRO,2,16,11,ACC,-12,-3,256,ADC,1258,384,6,2,"
11.7249,heen,0,MM0 ?A
11.7249,heen,0,MM1 ?A
11.7249,heen,0,MM0 A=0:0
11.7249,heen,0,MM1 A=0:0
11.7249,heen,0,"$GPRMC,102923.2,V,5050.50617,N,00419.48801,E,,,021026,000.4,E*79"
11.7249,heen,0,"#13,YAW,0.00,GYRO,-2,-6,29,ACC,-9,-1,257,ADC,1287,496,6,2,"
11.7249,heen,0,MM0 ?AI
11.7249,heen,0,MM1 ?AI
11.7249,heen,0,MM0 AI=0:0:2472:2474:0:0
11.7249,heen,0,MM1 AI=0:0:2377:2376:0:0
11.7249,heen,0,MM1 !M -60 60
11.7249,heen,0,MM0 !M -60 60
11.7249,heen,0,MM0 +
11.7249,heen,0,MM1 +
11.7249,heen,0,MM0 !M 0 0
11.7249,heen,0,MM1 !M 0 0
11.7249,heen,0,MM0 +
11.7249,heen,0,MM1 +
11.7249,heen,0,"#14,YAW,0.00,GYRO,-2,10,22,ACC,8,0,261,ADC,1231,382,5,2,"
11.7249,heen,0,MM0 ?C
11.7249,heen,0,MM1 ?C
11.7249,heen,0,MM0 C=1085:-1072
11.7249,heen,0,MM1 C=1079:-1061
11.7456,heen,0,"#15,YAW,0.00,GYRO,-8,-55,-1,ACC,14,-4,242,ADC,1249,500,6,1,"
11.7457,heen,0,MM0 ?D
11.7457,heen,0,MM1 ?D
11.7457,heen,0,MM0 D=3
11.7457,heen,0,MM1 D=1
11.7797,heen,0,MM0 !M 0 0
11.7797,heen,0,MM1 !M 0 0
11.7797,heen,0,MM0 +
11.7797,heen,0,MM1 +
11.7797,heen,0,"#16,YAW,0.00,GYRO,3,31,-21,ACC,18,1,253,ADC,1237,311,7,2,"
11.7798,heen,0,MM0 ?FF
11.7798,heen,0,MM1 ?FF
11.7798,heen,0,MM0 FF=0
11.7798,heen,0,MM1 FF=0
11.7798,heen,0,"#17,YAW,0.00,GYRO,-7,-16,-12,ACC,12,3,264,ADC,1216,386,6,2,"
11.7798,heen,0,MM0 ?P
11.7798,heen,0,MM1 ?P
11.7798,heen,0,MM0 P=0:0
11.8307,heen,0,MM1 P=0:0
11.8307,heen,0,"#18,YAW,0.00,GYRO,6,15,2,ACC,20,-2,249,ADC,1294,498,5,2,"
11.8308,heen,0,MM0 ?S
11.8308,heen,0,MM1 ?S
11.8308,heen,0,MM0 S=0:0
11.8308,heen,0,MM1 S=0:0
11.8308,heen,0,MM1 !M 0 0
11.8308,heen,0,MM0 !M 0 0
11.8308,heen,0,MM1 +
11.8308,heen,0,MM0 +
11.8308,heen,0,"#19,YAW,0.00,GYRO,-1,4,11,ACC,12,1,245,ADC,1226,498,5,1,"
11.8308,heen,0,MM0 ?T
11.8308,heen,0,MM1 ?T
11.8308,heen,0,MM0 T=34:33
11.8308,heen,0,MM1 T=35:33
11.8860,heen,0,"#20,YAW,0.00,GYRO,1,3,12,ACC,13,0,255,ADC,1256,386,7,2,"
11.8860,heen,0,MM0 ?V
11.8860,heen,0,MM1 ?V
11.8860,heen,0,MM0 V=120:226:4902
11.8860,heen,0,MM1 V=120:223:4897
11.8860,heen,0,"#21,YAW,0.00,GYRO,3,10,5,ACC,9,0,249,ADC,1255,384,4,2,"
11.8861,heen,0,MM0 !M 0 0
11.8861,heen,0,MM0 +
11.8861,heen,0,MM1 !M 0 0
11.8861,heen,0,MM1 +
11.8861,heen,0,MM0 ?CR
11.8861,heen,0,MM1 ?CR
11.8861,heen,0,MM0 CR=-1:1
11.8861,heen,0,MM1 CR=-1:2
11.8861,heen,0,"#22,YAW,0.00,GYRO,2,8,-5,ACC,6,-1,258,ADC,1231,380,8,2,"
11.8861,heen,0,MM0 ?A
11.8861,heen,0,MM1 ?A
11.8861,heen,0,MM0 A=0:0
11.8861,heen,0,MM1 A=0:0
11.9198,heen,0,"$GPRMC,102923.4,V,5050.50617,N,00419.48801,E,,,021026,000.4,E*7F"
11.9198,heen,0,MM0 !M 0 0
11.9198,heen,0,MM1 !M 0 0
11.9198,heen,0,"#23,YAW,0.00,GYRO,2,8,-11,ACC,11,-1,251,ADC,1233,403,6,1,"
11.9198,heen,0,MM0 +
11.9198,heen,0,MM1 +
11.9198,heen,0,MM0 ?AI
11.9198,heen,0,MM1 ?AI
11.9198,heen,0,MM0 AI=0:0:2449:2465:0:0
11.9198,heen,0,MM1 AI=0:0:2376:2368:0:0
11.9198,heen,0,"#24,YAW,0.00,GYRO,2,13,-17,ACC,4,2,255,ADC,1273,390,5,2,"
11.9198,heen,0,MM0 ?C
11.9198,heen,0,MM1 ?C
11.9198,heen,0,MM0 C=1085:-1072
11.9406,heen,0,MM1 C=1079:-1061
11.9406,heen,0,"#25,YAW,0.00,GYRO,3,23,-12,ACC,-13,1,249,ADC,1294,492,7,2,"
11.9406,heen,0,MM0 ?D
11.9406,heen,0,MM1 ?D
11.9406,heen,0,MM0 D=3
11.9406,heen,0,MM1 D=1
11.9756,heen,0,MM0 !M 0 0
11.9756,heen,0,MM1 !M 0 0
11.9756,heen,0,MM0 +
11.9756,heen,0,MM1 +
11.9756,heen,0,"#26,YAW,0.00,GYRO,5,5,7,ACC,-11,3,254,ADC,1256,501,6,2,"
11.9757,heen,0,MM0 ?FF
11.9757,heen,0,MM1 ?FF
11.9757,heen,0,MM0 FF=0
11.9757,heen,0,MM1 FF=0
11.9957,heen,0,"#27,YAW,0.00,GYRO,-1,-3,26,ACC,-8,0,253,ADC,1226,501,5,1,"
11.9957,heen,0,MM0 ?P
11.9957,heen,0,MM1 ?P
11.9957,heen,0,MM0 P=0:0
11.9958,heen,0,MM1 P=0:0
12.0298,heen,0,"#28,YAW,0.00,GYRO,2,12,28,ACC,-6,-1,248,ADC,1269,380,7,2,"
12.0298,heen,0,MM0 ?S
12.0298,heen,0,MM1 ?S
12.0298,heen,0,MM0 S=0:0
12.0298,heen,0,MM1 S=0:0
12.0298,heen,0,MM1 !M 0 0
12.0298,heen,0,MM0 !M 0 0
12.0298,heen,0,MM0 +
12.0298,heen,0,MM1 +
12.0298,heen,0,"#29,YAW,0.00,GYRO,-1,1,13,ACC,-5,0,260,ADC,1247,383,6,2,"
12.0301,heen,0,MM0 ?T
12.0301,heen,0,MM1 ?T
12.0301,heen,0,MM0 T=34:33
12.0301,heen,0,MM1 T=35:33
12.0830,heen,0,"#30,YAW,0.00,GYRO,2,8,-3,ACC,-4,3,245,ADC,1285,392,6,2,"
12.0830,heen,0,MM0 ?V
12.0830,heen,0,MM1 ?V
12.0830,heen,0,MM0 V=120:220:4902
12.0830,heen,0,MM1 V=120:222:4897
12.0830,heen,0,"#31,YAW,0.00,GYRO,-1,3,-11,ACC,-3,2,253,ADC,1244,400,5,2,"
12.0830,heen,0,MM1 ?CR
12.0830,heen,0,MM0 ?CR
12.0830,heen,0,MM1 CR=0:-1
12.0830,heen,0,MM0 CR=0:-1
12.0830,heen,0,MM1 !M 0 0
12.0831,heen,0,MM0 !M 0 0
12.0831,heen,0,MM1 +
12.0831,heen,0,MM0 +
12.0831,heen,0,"#32,YAW,0.00,GYRO,0,5,-9,ACC,-3,0,255,ADC,1282,384,5,2,"
12.0831,heen,0,MM0 ?A
12.0831,heen,0,MM1 ?A
12.0831,heen,0,MM0 A=0:0
12.0831,heen,0,MM1 A=0:0
12.1358,heen,0,"$GPRMC,102923.6,V,5050.50617,N,00419.48801,E,,,021026,000.4,E*7D"
12.1358,heen,0,"#33,YAW,0.00,GYRO,-1,-1,-5,ACC,5,-1,249,ADC,1209,386,4,2,"
12.1358,heen,0,MM0 ?AI
12.1358,heen,0,MM1 ?AI
12.1358,heen,0,MM0 AI=0:0:2450:2459:0:0
12.1358,heen,0,MM1 AI=0:0:2380:2351:0:0
12.1358,heen,0,MM0 !M 0 0
12.1358,heen,0,MM1 !M 0 0
12.1358,heen,0,MM0 +
12.1358,heen,0,MM1 +
12.1358,heen,0,"#34,YAW,0.00,GYRO,2,5,-4,ACC,7,-1,254,ADC,1288,384,3,1,"
12.1358,heen,0,MM0 ?C
12.1358,heen,0,MM1 ?C
12.1358,heen,0,MM0 C=1085:-1073
12.1358,heen,0,MM1 C=1079:-1061
12.1849,heen,0,"#35,YAW,0.00,GYRO,-1,7,-3,ACC,3,0,258,ADC,1298,502,5,2,"
12.1849,heen,0,MM0 ?D
12.1849,heen,0,MM1 ?D
12.1849,heen,0,MM0 D=35
12.1850,heen,0,MM1 D=1
12.1850,heen,0,"#36,YAW,0.00,GYRO,1,8,3,ACC,0,1,255,ADC,1233,390,4,1,"
12.1850,heen,0,MM0 ?FF
12.1850,heen,0,MM1 ?FF
12.1850,heen,0,MM0 FF=0
12.1850,heen,0,MM1 FF=0
12.1850,heen,0,MM0 !M 0 0
12.1850,heen,0,MM1 !M 0 0
12.1850,heen,0,MM0 +
12.1850,heen,0,MM1 +
12.1850,heen,0,"#37,YAW,0.00,GYRO,1,8,8,ACC,-2,2,249,ADC,1239,393,4,2,"
12.1850,heen,0,MM0 ?P
12.1850,heen,0,MM1 ?P
12.1850,heen,0,MM0 P=0:0
12.1850,heen,0,MM1 P=0:0
12.2362,heen,0,"#38,YAW,0.00,GYRO,1,6,8,ACC,2,0,248,ADC,1233,386,6,2,"
12.2362,heen,0,MM0 ?S
12.2362,heen,0,MM1 ?S
12.2362,heen,0,MM0 S=0:0
12.2362,heen,0,MM1 S=0:0
12.2362,heen,0,MM0 !M 0 0
12.2362,heen,0,MM1 !M 0 0
12.2362,heen,0,MM0 +
12.2362,heen,0,MM1 +
12.2362,heen,0,"#39,YAW,0.00,GYRO,1,9,5,ACC,-1,0,255,ADC,1269,433,5,2,"
12.2362,heen,0,MM1 ?T
12.2362,heen,0,MM0 ?T
12.2362,heen,0,MM1 T=35:33
12.2362,heen,0,MM0 T=34:33
12.2860,heen,0,"#40,YAW,0.00,GYRO,1,7,1,ACC,-2,1,251,ADC,1236,381,5,2,"
12.2861,heen,0,MM0 ?V
12.2861,heen,0,MM1 ?V
12.2861,heen,0,MM0 V=120:223:4904
12.2861,heen,0,MM1 V=120:223:4895
12.2861,heen,0,"#41,YAW,0.00,GYRO,0,5,0,ACC,-1,2,251,ADC,1242,502,7,3,"
12.2861,heen,0,MM0 ?CR
12.2861,heen,0,MM1 ?CR
12.2861,heen,0,MM0 CR=0:0
12.2861,heen,0,MM1 CR=0:0
12.2861,heen,0,MM0 !M 0 0
12.2861,heen,0,MM1 !M 0 0
12.2861,heen,0,MM0 +
12.2861,heen,0,MM1 +
12.2861,heen,0,"#42,YAW,0.00,GYRO,1,4,-2,ACC,0,0,254,ADC,1266,501,6,1,"
12.2861,heen,0,MM0 ?A
12.2861,heen,0,MM1 ?A
12.2861,heen,0,MM1 A=0:0
12.2861,heen,0,MM0 A=0:0
12.2861,heen,0,"$GPRMC,102923.8,V,5050.50617,N,00419.48801,E,,,021026,000.4,E*73"
12.3371,heen,0,"#43,YAW,0.00,GYRO,0,4,-2,ACC,1,0,253,ADC,1251,384,6,2,"
12.3371,heen,0,MM0 ?AI
12.3371,heen,0,MM1 ?AI
12.3371,heen,0,MM1 AI=0:0:2362:2369:0:0
12.3371,heen,0,MM0 AI=0:0:2447:2481:0:0
12.3371,heen,0,MM0 !M 0 0
12.3371,heen,0,MM1 !M 0 0
12.3371,heen,0,MM0 +
12.3371,heen,0,MM1 +
12.3371,heen,0,"#44,YAW,0.00,GYRO,2,5,-4,ACC,0,2,251,ADC,1211,351,4,1,"
12.3371,heen,0,MM1 ?C
12.3371,heen,0,MM0 ?C
12.3371,heen,0,MM1 C=1079:-1061
12.3371,heen,0,MM0 C=1085:-1073
12.3371,heen,0,"#45,YAW,0.00,GYRO,0,7,0,ACC,1,0,257,ADC,1243,501,5,3,"
12.3372,heen,0,MM1 ?D
12.3877,heen,-60,MM0 ?D
12.3878,heen,-60,MM0 D=43
12.3878,heen,-60,MM1 D=1
12.3878,heen,-60,"#46,YAW,0.00,GYRO,2,5,2,ACC,0,3,253,ADC,1303,501,7,2,"
12.3878,heen,-60,MM0 ?FF
12.3878,heen,-60,MM1 ?FF
12.3878,heen,-60,MM0 FF=0
12.3878,heen,-60,MM1 FF=0
12.3878,heen,-60,MM0 !M -60 60
12.3878,heen,-60,MM1 !M -60 60
12.3878,heen,-60,MM0 +
12.3878,heen,-60,MM1 +
12.3878,heen,-60,"#47,YAW,0.00,GYRO,1,9,2,ACC,-8,1,248,ADC,1240,392,5,2,"
12.3878,heen,-60,MM0 ?P
12.3878,heen,-60,MM1 ?P
12.3878,heen,-60,MM0 P=-60:60
12.3878,heen,-60,MM1 P=-60:60
12.4388,heen,-60,"#48,YAW,0.00,GYRO,3,47,13,ACC,-18,2,251,ADC,1262,504,6,2,"
12.4389,heen,-60,MM1 ?S
12.4389,heen,-60,MM0 ?S
12.4389,heen,-60,MM1 S=0:0
12.4389,heen,-60,MM0 S=0:0
12.4389,heen,-60,MM1 !M -60 60
12.4389,heen,-60,MM0 !M -60 60
12.4389,heen,-60,MM1 +
12.4389,heen,-60,MM0 +
12.4389,heen,-60,"#49,YAW,0.00,GYRO,2,-25,-3,ACC,-13,8,258,ADC,1267,299,3,2,"
12.4389,heen,-60,MM1 ?T
12.4389,heen,-60,MM0 ?T
12.4389,heen,-60,MM1 T=35:33
12.4389,heen,-60,MM0 T=34:33
12.4389,heen,-60,"#50,YAW,0.00,GYRO,0,9,-23,ACC,-10,2,245,ADC,1269,500,7,1,"
12.4389,heen,-60,MM1 ?V
12.4389,heen,-60,MM0 ?V
12.4872,heen,0,MM1 V=120:223:4894
12.4872,heen,0,MM0 V=120:225:4905
12.4872,heen,0,"#51,YAW,0.00,GYRO,1,13,-30,ACC,-8,-1,262,ADC,1204,382,5,2,"
12.4872,heen,0,MM1 ?CR
12.4872,heen,0,MM0 ?CR
12.4872,heen,0,MM1 CR=-1:1
12.4872,heen,0,MM0 CR=0:1
12.4872,heen,0,MM0 !M -60 60
12.4872,heen,0,MM1 !M -60 60
12.4872,heen,0,MM0 +
12.4873,heen,0,MM1 +
12.4873,heen,0,"#52,YAW,0.00,GYRO,-1,-20,-12,ACC,-3,0,253,ADC,1269,381,6,1,"
12.4873,heen,0,MM1 ?A
12.4873,heen,0,MM0 ?A
12.4873,heen,0,MM1 A=0:0
12.4873,heen,0,MM0 A=0:0
12.5088,heen,0,"$GPRMC,102924.0,A,5050.59990,N,00419.38531,E,000.51,000.0,021026,000.4,E*5F"
12.5088,heen,0,"#53,YAW,0.00,GYRO,-3,3,22,ACC,-2,1,243,ADC,1264,500,6,2,"
12.5089,heen,0,MM1 ?AI
12.5089,heen,0,MM0 ?AI
12.5089,heen,0,MM1 AI=0:0:2353:2366:0:0
12.5427,heen,0,MM0 AI=0:0:2463:2467:0:0
12.5427,heen,0,"#54,YAW,0.00,GYRO,-5,10,54,ACC,-6,0,256,ADC,1276,387,8,2,"
12.5427,heen,0,MM1 ?C
12.5427,heen,0,MM0 ?C
12.5427,heen,0,MM1 C=1077:-1059
12.5427,heen,0,MM0 C=1083:-1071
12.5427,heen,0,MM0 !M 0 0
12.5427,heen,0,MM1 !M 0 0
12.5427,heen,0,MM0 +
12.5427,heen,0,MM1 +
12.5427,heen,0,"#55,YAW,0.00,GYRO,-3,-8,30,ACC,18,0,257,ADC,1254,390,4,2,"
12.5427,heen,0,MM1 ?D
12.5427,heen,0,MM0 ?D
12.5428,heen,0,MM1 D=50
12.5428,heen,0,MM0 D=24
12.5960,heen,0,"#56,YAW,0.00,GYRO,-1,6,-3,ACC,16,-2,247,ADC,1251,396,5,2,"
12.5960,heen,0,MM1 ?FF
12.5960,heen,0,MM0 ?FF
12.5960,heen,0,MM1 FF=0
12.5960,heen,0,MM0 FF=0
12.5960,heen,0,MM0 !M 0 0
12.5960,heen,0,MM1 !M 0 0
12.5960,heen,0,MM0 +
12.5960,heen,0,MM1 +
12.5960,heen,0,"#57,YAW,0.00,GYRO,-1,11,-32,ACC,18,-3,243,ADC,1236,381,6,1,"
12.5960,heen,0,MM1 ?P
12.5961,heen,0,MM0 ?P
12.5961,heen,0,MM1 P=0:0
12.5961,heen,0,MM0 P=0:0
12.6459,heen,0,"#58,YAW,0.00,GYRO,-5,-10,-27,ACC,19,2,266,ADC,1232,381,4,2,"
12.6460,heen,0,MM1 ?S
12.6460,heen,0,MM0 ?S
12.6460,heen,0,MM1 S=0:0
12.6460,heen,0,MM0 S=0:0
12.6460,heen,0,"#59,YAW,0.00,GYRO,0,12,-12,ACC,21,1,251,ADC,1272,502,6,2,"
12.6460,heen,0,MM1 ?T
12.6460,heen,0,MM0 ?T
12.6460,heen,0,MM1 T=35:33
12.6460,heen,0,MM0 T=34:33
12.6460,heen,0,MM1 !M 0 0
12.6460,heen,0,MM1 +
12.6460,heen,0,MM0 !M 0 0
12.6460,heen,0,MM0 +
12.6461,heen,0,"#60,YAW,0.00,GYRO,2,7,7,ACC,18,3,250,ADC,1290,499,6,2,"
12.6461,heen,0,MM1 ?V
12.6461,heen,0,MM0 ?V
12.6461,heen,0,MM1 V=120:223:4897
12.6461,heen,0,MM0 V=120:222:4904
12.6969,heen,0,"#61,YAW,0.00,GYRO,3,10,21,ACC,13,0,255,ADC,1265,501,4,2,"
12.6969,heen,0,MM1 ?CR
12.6969,heen,0,MM0 ?CR
12.6969,heen,0,MM1 CR=-1:1
12.6969,heen,0,MM0 CR=-2:2
12.6969,heen,0,MM0 !M 0 0
12.6969,heen,0,MM1 !M 0 0
12.6969,heen,0,MM0 +
12.6969,heen,0,MM1 +
12.6969,heen,0,"#62,YAW,0.00,GYRO,2,5,20,ACC,11,-1,247,ADC,1251,307,5,1,"
12.6969,heen,0,MM1 ?A
12.6969,heen,0,MM0 ?A
12.6969,heen,0,MM1 A=0:0
12.6969,heen,0,MM0 A=0:0
12.7478,heen,0,"$GPRMC,102924.2,A,5050.59559,N,00419.38553,E,000.50,000.0,021026,000.4,E*51"
12.7478,heen,0,"#63,YAW,0.00,GYRO,3,7,10,ACC,12,1,259,ADC,1235,499,5,2,"
12.7478,heen,0,MM1 ?AI
12.7478,heen,0,MM0 ?AI
12.7478,heen,0,MM1 AI=0:0:2363:2363:0:0
12.7478,heen,0,MM0 AI=0:0:2465:2467:0:0
12.7478,heen,0,"#64,YAW,0.00,GYRO,5,12,-10,ACC,11,0,257,ADC,1270,500,5,2,"
12.7478,heen,0,MM1 ?C
12.7478,heen,0,MM0 ?C
12.7478,heen,0,MM1 C=1077:-1059
12.7478,heen,0,MM0 C=1083:-1070
12.7478,heen,0,MM0 !M 0 0
12.7478,heen,0,MM1 !M 0 0
12.7478,heen,0,MM0 +
12.7478,heen,0,MM1 +
12.7478,heen,0,"#65,YAW,0.00,GYRO,2,19,-28,ACC,-3,-6,246,ADC,1271,501,6,2,"
12.7478,heen,0,MM1 ?D
12.7478,heen,0,MM0 ?D
12.7478,heen,0,MM1 D=50
12.7478,heen,0,MM0 D=48
12.7979,heen,0,"#66,YAW,0.00,GYRO,8,23,-36,ACC,-6,1,257,ADC,1230,388,6,3,"
12.7979,heen,0,MM1 ?FF
12.7979,heen,0,MM0 ?FF
12.7979,heen,0,MM1 FF=0
12.7979,heen,0,MM0 FF=0
12.7979,heen,0,MM0 !M 0 0
12.7980,heen,0,MM1 !M 0 0
12.7980,heen,0,MM0 +
12.7980,heen,0,MM1 +
12.7980,heen,0,"#67,YAW,0.00,GYRO,2,2,-13,ACC,-9,2,252,ADC,1245,289,7,2,"
12.7980,heen,0,MM1 ?P
12.7980,heen,0,MM0 ?P
12.7980,heen,0,MM1 P=0:0
12.7980,heen,0,MM0 P=0:0
12.7980,heen,0,"#68,YAW,0.00,GYRO,4,5,17,ACC,-10,1,246,ADC,1242,388,6,2,"
12.7980,heen,0,MM1 ?S
12.7980,heen,0,MM0 ?S
12.8487,heen,0,MM1 S=0:0
12.8487,heen,0,MM0 S=0:0
12.8487,heen,0,"#69,YAW,0.00,GYRO,0,4,40,ACC,-2,-1,258,ADC,1237,385,6,2,"
12.8487,heen,0,MM1 ?T
12.8487,heen,0,MM0 ?T
12.8487,heen,0,MM1 T=35:33
12.8487,heen,0,MM0 T=34:33
12.8487,heen,0,MM0 !M 0 0
12.8487,heen,0,MM1 !M 0 0
12.8487,heen,0,MM0 +
12.8487,heen,0,MM1 +
12.8487,heen,0,"#70,YAW,0.00,GYRO,0,-1,35,ACC,3,-2,252,ADC,1265,385,6,2,"
12.8488,heen,0,MM1 ?V
12.8488,heen,0,MM0 ?V
12.8488,heen,0,MM0 V=120:223:4902
12.8488,heen,0,MM1 V=120:224:4898
12.8988,heen,0,"#71,YAW,-0.00,GYRO,2,9,14,ACC,-3,-2,249,ADC,1267,389,6,2,"
12.8988,heen,0,MM0 ?CR
12.8988,heen,0,MM1 ?CR
12.8988,heen,0,MM0 CR=1:-1
12.8988,heen,0,MM1 CR=0:-1
12.8988,heen,0,MM0 !M 0 0
12.8988,heen,0,MM1 !M 0 0
12.8988,heen,0,MM1 +
12.8988,heen,0,MM0 +
12.8988,heen,0,"#72,YAW,-0.00,GYRO,1,9,-2,ACC,-3,1,255,ADC,1247,302,5,2,"
12.8989,heen,0,MM1 ?A
12.8989,heen,0,MM0 ?A
12.8989,heen,0,MM1 A=0:0
12.8989,heen,0,MM0 A=0:0
12.8989,heen,0,"$GPRMC,102924.4,A,5050.59202,N,00419.38572,E,000.51,000.0,021026,000.4,E*5C"
12.9499,heen,0,"#73,YAW,0.00,GYRO,1,2,-11,ACC,-4,0,253,ADC,1253,377,5,2,"
12.9499,heen,0,MM1 ?AI
12.9499,heen,0,MM0 ?AI
12.9499,heen,0,MM1 AI=0:0:2373:2362:0:0
12.9499,heen,0,MM0 AI=0:0:2464:2476:0:0
12.9499,heen,0,"#74,YAW,0.00,GYRO,3,9,-8,ACC,-3,1,255,ADC,1235,382,5,2,"
12.9499,heen,0,MM0 ?C
12.9499,heen,0,MM1 ?C
12.9499,heen,0,MM0 C=1084:-1071
12.9499,heen,0,MM1 C=1077:-1060
12.9503,heen,0,MM0 !M 0 0
12.9503,heen,0,MM1 !M 0 0
12.9503,heen,0,MM0 +
12.9503,heen,0,MM1 +
12.9503,heen,0,"#75,YAW,0.00,GYRO,-1,4,3,ACC,-2,-1,257,ADC,1269,385,7,2,"
12.9503,heen,0,MM0 ?D
12.9503,heen,0,MM1 ?D
12.9503,heen,0,MM0 D=17
12.9503,heen,0,MM1 D=18
13.0003,heen,0,"#76,YAW,0.00,GYRO,1,1,4,ACC,1,1,252,ADC,1210,399,6,1,"
13.0003,heen,0,MM0 ?FF
13.0003,heen,0,MM1 ?FF
13.0003,heen,0,MM0 FF=0
13.0003,heen,0,MM1 FF=0
13.0003,heen,0,MM1 !M 0 0
13.0004,heen,0,MM0 !M 0 0
13.0004,heen,0,MM1 +
13.0004,heen,0,MM0 +
13.0004,heen,0,"#77,YAW,0.00,GYRO,0,7,-2,ACC,4,-1,252,ADC,1251,363,7,2,"
13.0004,heen,0,MM0 ?P
13.0004,heen,0,MM1 ?P
13.0004,heen,0,MM0 P=0:0
13.0004,heen,0,MM1 P=0:0
13.0004,heen,0,"#78,YAW,0.00,GYRO,0,8,-3,ACC,1,-1,250,ADC,1253,502,5,2,"
13.0004,heen,0,MM0 ?S
13.0004,heen,0,MM1 ?S
13.0004,heen,0,MM0 S=0:0
13.0004,heen,0,MM1 S=0:0
13.0497,heen,0,"#79,YAW,0.00,GYRO,1,5,1,ACC,3,-1,253,ADC,1290,501,6,2,"
13.0497,heen,0,MM0 ?T
13.0497,heen,0,MM1 ?T
13.0497,heen,0,MM0 T=34:33
13.0497,heen,0,MM1 T=35:33
13.0497,heen,0,MM0 !M 0 0
13.0497,heen,0,MM1 !M 0 0
13.0497,heen,0,MM0 +
13.0498,heen,0,MM1 +
13.0498,heen,0,"#80,YAW,0.00,GYRO,0,5,4,ACC,3,-1,250,ADC,1287,496,6,2,"
13.0498,heen,0,MM0 ?V
13.0498,heen,0,MM1 ?V
13.0498,heen,0,MM0 V=120:223:4903
13.0498,heen,0,MM1 V=120:223:4898
13.1019,heen,0,"#81,YAW,0.00,GYRO,0,6,-1,ACC,3,-1,253,ADC,1277,501,4,2,"
13.1019,heen,0,MM0 ?CR
13.1019,heen,0,MM1 ?CR
13.1019,heen,0,MM0 CR=0:0
13.1019,heen,0,MM1 CR=0:0
13.1019,heen,0,"#82,YAW,0.00,GYRO,1,6,-2,ACC,0,-1,253,ADC,1302,385,6,1,"
13.1019,heen,0,MM0 ?A
13.1019,heen,0,MM1 ?A
13.1019,heen,0,MM0 A=0:0
13.1019,heen,0,MM1 A=0:0
13.1019,heen,0,MM0 !M 0 0
13.1019,heen,0,MM1 !M 0 0
13.1019,heen,0,MM0 +
13.1019,heen,0,MM1 +
13.1020,heen,0,"#83,YAW,0.00,GYRO,1,5,2,ACC,0,0,252,ADC,1268,385,4,2,"
13.1517,heen,0,"$GPRMC,102924.6,A,5050.58917,N,00419.38588,E,000.47,000.0,021026,000.4,E*52"
13.1517,heen,0,MM0 ?AI
13.1518,heen,0,MM1 ?AI
13.1518,heen,0,MM0 AI=0:0:2461:2457:0:0
13.1518,heen,0,MM1 AI=0:0:2358:2393:0:0
13.1518,heen,0,"#84,YAW,0.00,GYRO,1,5,2,ACC,3,-1,252,ADC,1248,384,7,1,"
13.1518,heen,0,MM0 ?C
13.1518,heen,0,MM1 ?C
13.1518,heen,0,MM0 C=1084:-1071
13.1518,heen,0,MM1 C=1077:-1060
13.1518,heen,0,MM0 !M 0 0
13.1518,heen,0,MM1 !M 0 0
13.1518,heen,0,MM0 +
13.1518,heen,0,MM1 +
13.1518,heen,0,"#85,YAW,0.00,GYRO,1,7,-2,ACC,1,0,248,ADC,1282,503,7,2,"
13.1518,heen,0,MM0 ?D
13.1518,heen,0,MM1 ?D
13.1518,heen,0,MM0 D=17
13.1518,heen,0,MM1 D=18
13.2036,heen,0,"#86,YAW,0.00,GYRO,0,5,-1,ACC,1,0,251,ADC,1306,390,4,2,"
13.2036,heen,0,MM0 ?FF
13.2036,heen,0,MM1 ?FF
13.2036,heen,0,MM0 FF=0
13.2036,heen,0,MM1 FF=0
13.2036,heen,0,"#87,YAW,0.00,GYRO,-1,4,1,ACC,1,1,252,ADC,1204,384,4,2,"
13.2037,heen,0,MM0 ?P
13.2037,heen,0,MM1 ?P
13.2037,heen,0,MM0 P=0:0
13.2037,heen,0,MM1 P=0:0
13.2037,heen,0,MM0 !M 0 0
13.2037,heen,0,MM1 !M 0 0
13.2037,heen,0,MM0 +
13.2037,heen,0,MM1 +
13.2037,heen,0,"#88,YAW,0.00,GYRO,-1,5,0,ACC,1,-1,250,ADC,1247,382,5,2,"
13.2037,heen,0,MM0 ?S
13.2037,heen,0,MM1 ?S
13.2037,heen,0,MM0 S=0:0
13.2037,heen,0,MM1 S=0:0
13.2523,heen,0,"#89,YAW,0.00,GYRO,1,7,-1,ACC,1,-1,257,ADC,1231,379,4,1,"
13.2524,heen,0,MM1 ?T
13.2524,heen,0,MM0 ?T
13.2524,heen,0,MM0 T=34:33
13.2524,heen,0,MM1 T=36:33
13.2524,heen,0,MM0 !M 0 0
13.2524,heen,0,MM1 !M 0 0
13.2524,heen,0,MM0 +
13.2524,heen,0,MM1 +
13.2524,heen,0,"#90,YAW,0.00,GYRO,2,3,2,ACC,0,0,252,ADC,1239,393,5,1,"
13.2524,heen,0,MM0 ?V
13.2524,heen,0,MM1 ?V
13.2524,heen,0,MM0 V=120:223:4902
13.2524,heen,0,MM1 V=120:223:4898
13.3034,heen,0,"#91,YAW,0.00,GYRO,2,4,1,ACC,1,0,256,ADC,1302,502,4,1,"
13.3034,heen,0,MM0 ?CR
13.3034,heen,0,MM1 ?CR
13.3034,heen,0,MM0 CR=0:0
13.3034,heen,0,MM1 CR=0:0
13.3034,heen,0,"#92,YAW,0.00,GYRO,0,5,1,ACC,-2,-1,255,ADC,1249,396,5,2,"
13.3034,heen,0,MM0 ?A
13.3034,heen,0,MM1 ?A
13.3034,heen,0,MM0 A=0:0
13.3035,heen,0,MM1 A=0:0
13.3035,heen,0,MM0 !M 0 0
13.3035,heen,0,MM1 !M 0 0
13.3035,heen,0,MM0 +
13.3035,heen,0,MM1 +
13.3035,heen,0,"$GPRMC,102924.8,A,5050.58669,N,00419.38605,E,000.42,000.0,021026,000.4,E*59"
13.3035,heen,0,"#93,YAW,0.00,GYRO,0,7,2,ACC,0,1,251,ADC,1242,500,5,2,"
13.3035,heen,0,MM0 ?AI
13.3528,heen,0,MM1 ?AI
13.3529,heen,0,MM0 AI=0:0:2453:2468:0:0
13.3529,heen,0,MM1 AI=0:0:2369:2362:0:0
13.3529,heen,0,"#94,YAW,0.00,GYRO,1,6,1,ACC,-2,0,255,ADC,1238,396,6,2,"
13.3529,heen,0,MM0 ?C
13.3529,heen,0,MM1 ?C
13.3529,heen,0,MM0 C=1084:-1071
13.3529,heen,0,MM1 C=1077:-1060
13.3529,heen,0,MM0 !M 0 0
13.3529,heen,0,MM1 !M 0 0
13.3529,heen,0,MM0 +
13.3529,heen,0,MM1 +
13.3529,heen,0,"#95,YAW,0.00,GYRO,0,6,0,ACC,-1,1,250,ADC,1257,391,5,1,"
13.3530,heen,0,MM0 ?D
13.3530,heen,0,MM1 ?D
13.3530,heen,0,MM0 D=17
13.3530,heen,0,MM1 D=18
13.4037,heen,0,"#96,YAW,0.00,GYRO,2,5,1,ACC,3,1,255,ADC,1220,498,4,2,"
13.4038,heen,0,MM0 ?FF
13.4038,heen,0,MM1 ?FF
13.4038,heen,0,MM0 FF=0
13.4038,heen,0,MM1 FF=0
13.4038,heen,0,"#97,YAW,0.00,GYRO,2,6,-1,ACC,3,3,249,ADC,1281,393,4,2,"
13.4038,heen,0,MM0 ?P
13.4038,heen,0,MM1 ?P
13.4038,heen,0,MM0 P=0:0
13.4038,heen,0,MM1 P=0:0
13.4038,heen,0,MM0 !M 0 0
13.4038,heen,0,MM1 !M 0 0
13.4038,heen,0,MM0 +
13.4038,heen,0,MM1 +
13.4038,heen,0,"#98,YAW,0.00,GYRO,0,6,1,ACC,2,1,254,ADC,1253,489,9,2,"
13.4038,heen,0,MM0 ?S
13.4038,heen,0,MM1 ?S
13.4038,heen,0,MM0 S=0:0
13.4038,heen,0,MM1 S=0:0
13.4558,heen,0,"#99,YAW,0.00,GYRO,0,7,-1,ACC,1,-1,254,ADC,1247,389,5,2,"
13.4558,heen,0,MM0 ?T
13.4558,heen,0,MM1 ?T
13.4558,heen,0,MM0 T=34:33
13.4558,heen,0,MM1 T=35:33
13.4558,heen,0,MM0 !M 0 0
13.4558,heen,0,MM1 !M 0 0
13.4558,heen,0,MM0 +
13.4558,heen,0,MM1 +
13.4558,heen,0,"#100,YAW,0.00,GYRO,1,7,0,ACC,-1,1,250,ADC,1221,381,6,2,"
13.4559,heen,0,MM0 ?V
13.4559,heen,0,MM1 ?V
13.4559,heen,0,MM0 V=120:223:4904
13.4559,heen,0,MM1 V=120:223:4897
13.5053,heen,0,"#101,YAW,0.00,GYRO,1,5,1,ACC,-3,0,253,ADC,1215,381,4,1,"
13.5054,heen,0,MM0 ?CR
13.5054,heen,0,MM1 ?CR
13.5054,heen,0,MM0 CR=0:0
13.5054,heen,0,MM1 CR=0:0
13.5054,heen,0,"#102,YAW,0.00,GYRO,1,7,1,ACC,-2,0,253,ADC,1273,500,5,2,"
13.5054,heen,0,MM0 ?A
13.5054,heen,0,MM1 ?A
13.5054,heen,0,MM0 A=0:0
13.5054,heen,0,MM1 A=0:0
13.5054,heen,0,MM0 !M 0 0
13.5054,heen,0,MM1 !M 0 0
13.5054,heen,0,MM0 +
13.5054,heen,0,MM1 +
13.5054,heen,0,"$GPRMC,102925.0,A,5050.58454,N,00419.38615,E,000.41,000.0,021026,000.4,E*5E"
13.5054,heen,0,"#103,YAW,0.00,GYRO,1,7,0,ACC,0,1,247,ADC,1264,374,6,3,"
13.5054,heen,0,MM0 ?AI
13.5054,heen,0,MM1 ?AI
13.5054,heen,0,MM0 AI=0:0:2463:2464:0:0
13.5557,heen,0,MM1 AI=0:0:2385:2377:0:0
13.5557,heen,0,"#104,YAW,0.00,GYRO,-1,5,0,ACC,0,3,248,ADC,1261,388,5,2,"
13.5557,heen,0,MM0 ?C
13.5557,heen,0,MM1 ?C
13.5557,heen,0,MM0 C=1084:-1071
13.5558,heen,0,MM1 C=1077:-1060
13.5558,heen,0,MM0 !M 0 0
13.5558,heen,0,MM1 !M 0 0
13.5558,heen,0,MM0 +
13.5558,heen,0,MM1 +
13.5558,heen,0,"#105,YAW,0.00,GYRO,-1,5,0,ACC,1,2,254,ADC,1295,501,6,2,"
13.5558,heen,0,MM0 ?D
13.5558,heen,0,MM1 ?D
13.5558,heen,0,MM0 D=17
13.5558,heen,0,MM1 D=18
13.6047,heen,0,"#106,YAW,0.00,GYRO,1,7,1,ACC,2,2,258,ADC,1304,501,6,2,"
13.6048,heen,0,MM0 ?FF
13.6048,heen,0,MM1 ?FF
13.6048,heen,0,MM0 FF=0
13.6048,heen,0,MM1 FF=0
13.6048,heen,0,"#107,YAW,0.00,GYRO,0,7,1,ACC,0,1,265,ADC,1234,381,5,2,"
13.6048,heen,0,MM0 ?P
13.6048,heen,0,MM1 ?P
13.6048,heen,0,MM0 P=0:0
13.6048,heen,0,MM1 P=0:0
13.6048,heen,0,MM1 !M 0 0
13.6049,heen,0,MM0 !M 0 0
13.6049,heen,0,MM1 +
13.6049,heen,0,MM0 +
13.6049,heen,0,"#108,YAW,-0.00,GYRO,1,6,1,ACC,4,-1,251,ADC,1266,390,5,2,"
13.6049,heen,0,MM0 ?S
13.6049,heen,0,MM1 ?S
13.6049,heen,0,MM0 S=0:0
13.6049,heen,0,MM1 S=0:0
13.6560,heen,0,"#109,YAW,-0.00,GYRO,0,6,2,ACC,1,1,256,ADC,1269,391,4,2,"
13.6560,heen,0,MM0 ?T
13.6560,heen,0,MM1 ?T
13.6560,heen,0,MM0 T=34:33
13.6560,heen,0,MM1 T=35:33
13.6560,heen,0,MM1 !M 0 0
13.6560,heen,0,MM0 !M 0 0
13.6560,heen,0,MM1 +
13.6560,heen,0,MM0 +
13.6560,heen,0,"#110,YAW,-0.00,GYRO,0,5,0,ACC,2,0,250,ADC,1271,389,7,2,"
13.6560,heen,0,MM0 ?V
13.6560,heen,0,MM1 ?V
13.6561,heen,0,MM0 V=120:223:4902
13.6561,heen,0,MM1 V=120:223:4897
13.7069,heen,0,"#111,YAW,-0.00,GYRO,0,7,0,ACC,2,1,249,ADC,1238,387,5,2,"
13.7070,heen,0,MM0 ?CR
13.7070,heen,0,MM1 ?CR
13.7070,heen,0,MM0 CR=0:0
13.7070,heen,0,MM1 CR=0:0
13.7070,heen,0,"#112,YAW,-0.00,GYRO,1,6,-1,ACC,2,-1,251,ADC,1250,381,4,1,"
13.7070,heen,0,MM0 ?A
13.7070,heen,0,MM1 ?A
13.7070,heen,0,MM0 A=0:0
13.7070,heen,0,MM1 A=0:0
13.7070,heen,0,MM1 !M 0 0
13.7070,heen,0,MM0 !M 0 0
13.7070,heen,0,MM1 +
13.7070,heen,0,MM0 +
13.7070,heen,0,"$GPRMC,102925.2,A,5050.58268,N,00419.38631,E,000.43,000.0,021026,000.4,E*51"
13.7071,heen,0,"#113,YAW,-0.00,GYRO,2,5,0,ACC,2,-1,253,ADC,1242,387,8,2,"
13.7071,heen,0,MM0 ?AI
13.7071,heen,0,MM1 ?AI
13.7071,heen,0,MM0 AI=0:0:2461:2463:0:0
13.7607,heen,0,MM1 AI=0:0:2370:2381:0:0
13.7608,heen,0,"#114,YAW,-0.00,GYRO,2,5,0,ACC,2,0,249,ADC,1252,392,6,2,"
13.7608,heen,0,MM0 ?C
13.7608,heen,0,MM1 ?C
13.7608,heen,0,MM0 C=1084:-1071
13.7608,heen,0,MM1 C=1077:-1060
13.7608,heen,0,"#115,YAW,-0.00,GYRO,1,6,0,ACC,-1,0,250,ADC,1270,387,7,2,"
13.7608,heen,0,MM0 ?D
13.7608,heen,0,MM1 ?D
13.7608,heen,0,MM0 D=17
13.7608,heen,0,MM1 D=18
13.7608,heen,0,MM0 !M 0 0
13.7608,heen,0,MM1 !M 0 0
13.7609,heen,0,MM0 +
13.7609,heen,0,MM1 +
13.7609,heen,0,"#116,YAW,-0.00,GYRO,-1,6,2,ACC,2,-1,255,ADC,1254,502,6,2,"
13.7609,heen,0,MM0 ?FF
13.7609,heen,0,MM1 ?FF
13.7609,heen,0,MM0 FF=0
13.7609,heen,0,MM1 FF=0
13.8108,heen,-60,"#117,YAW,-0.00,GYRO,1,6,0,ACC,3,2,257,ADC,1260,496,5,2,"
13.8108,heen,-60,MM0 ?P
13.8108,heen,-60,MM1 ?P
13.8108,heen,-60,MM0 P=0:0
13.8108,heen,-60,MM1 P=0:0
13.8108,heen,-60,MM0 !M -60 60
13.8109,heen,-60,MM1 !M -60 60
13.8109,heen,-60,MM0 +
13.8109,heen,-60,MM1 +
13.8109,heen,-60,"#118,YAW,-0.00,GYRO,2,6,2,ACC,-6,-1,253,ADC,1272,502,4,1,"
13.8109,heen,-60,MM0 ?S
13.8109,heen,-60,MM1 ?S
13.8109,heen,-60,MM0 S=0:0
13.8109,heen,-60,MM1 S=0:0
13.8600,heen,0,"#119,YAW,-0.00,GYRO,0,51,3,ACC,-10,0,256,ADC,1297,501,5,2,"
13.8600,heen,0,MM0 ?T
13.8600,heen,0,MM1 ?T
13.8600,heen,0,MM0 T=34:33
13.8600,heen,0,MM1 T=35:33
13.8600,heen,0,"#120,YAW,-0.00,GYRO,1,-27,6,ACC,-12,5,260,ADC,1278,456,5,1,"
13.8601,heen,0,MM0 !M -60 60
13.8601,heen,0,MM0 +
13.8601,heen,0,MM1 !M -60 60
13.8601,heen,0,MM1 +
13.8601,heen,0,MM0 ?V
13.8601,heen,0,MM1 ?V
13.8601,heen,0,MM0 V=120:223:4902
13.8601,heen,0,MM1 V=120:222:4897
13.8601,heen,0,MM0 !M 0 0
13.8601,heen,0,MM1 !M 0 0
13.8601,heen,0,MM0 +
13.8601,heen,0,MM1 +
13.8601,heen,0,MM0 !M 0 0
13.8601,heen,0,MM1 !M 0 0
13.8601,heen,0,MM0 +
13.8601,heen,0,MM1 +
13.8601,heen,0,"#121,YAW,-0.00,GYRO,-1,-16,-8,ACC,17,-3,247,ADC,1229,359,5,2,"
13.8601,heen,0,MM0 ?CR
13.8601,heen,0,MM1 ?CR
13.8807,heen,0,MM0 CR=-1:0
13.8807,heen,0,MM1 CR=0:1
13.8807,heen,0,"#122,YAW,0.00,GYRO,-7,12,-18,ACC,3,-3,251,ADC,1216,400,7,2,"
13.8808,heen,0,MM0 ?A
13.8808,heen,0,MM1 ?A
13.8808,heen,0,MM0 A=0:0
13.8808,heen,0,MM1 A=0:0
13.9149,heen,0,MM0 !M 0 0
13.9149,heen,0,MM1 !M 0 0
13.9149,heen,0,MM0 +
13.9149,heen,0,MM1 +
13.9149,heen,0,"$GPRMC,102925.4,A,5050.58111,N,00419.38653,E,000.51,000.0,021026,000.4,E*5D"
13.9149,heen,0,"#123,YAW,0.00,GYRO,4,9,-14,ACC,13,-3,252,ADC,1231,378,5,2,"
13.9149,heen,0,MM0 ?AI
13.9149,heen,0,MM1 ?AI
13.9151,heen,0,MM0 AI=0:0:2452:2474:0:0
13.9151,heen,0,MM1 AI=0:0:2366:2385:0:0
13.9679,heen,0,"#124,YAW,0.00,GYRO,-6,-17,4,ACC,13,0,252,ADC,1224,386,6,2,"
13.9679,heen,0,MM0 ?C
13.9679,heen,0,MM1 ?C
13.9679,heen,0,MM0 C=1083:-1071
13.9679,heen,0,MM1 C=1077:-1059
13.9679,heen,0,"#125,YAW,0.00,GYRO,3,23,13,ACC,9,4,247,ADC,1253,390,5,2,"
13.9680,heen,0,MM0 ?D
13.9680,heen,0,MM1 ?D
13.9680,heen,0,MM0 D=16
13.9680,heen,0,MM1 D=50
13.9680,heen,0,MM1 !M 0 0
13.9680,heen,0,MM0 !M 0 0
13.9680,heen,0,MM1 +
13.9680,heen,0,MM0 +
13.9680,heen,0,"#126,YAW,-0.00,GYRO,0,4,14,ACC,9,-1,259,ADC,1249,380,6,1,"
13.9680,heen,0,MM0 ?FF
13.9680,heen,0,MM1 ?FF
13.9680,heen,0,MM0 FF=0
13.9680,heen,0,MM1 FF=0
14.0189,heen,0,"#127,YAW,-0.00,GYRO,1,2,2,ACC,10,-1,257,ADC,1271,501,5,1,"
14.0190,heen,0,MM0 ?P
14.0190,heen,0,MM1 ?P
14.0190,heen,0,MM0 P=0:0
14.0190,heen,0,MM1 P=0:0
14.0190,heen,0,MM0 !M 0 0
14.0190,heen,0,MM1 !M 0 0
14.0190,heen,0,MM0 +
14.0190,heen,0,MM1 +
14.0190,heen,0,"#128,YAW,0.00,GYRO,3,8,-9,ACC,0,-1,249,ADC,1273,381,7,2,"
14.0190,heen,0,MM0 ?S
14.0190,heen,0,MM1 ?S
14.0190,heen,0,MM0 S=0:0
14.0190,heen,0,MM1 S=0:0
14.0190,heen,0,"#129,YAW,-0.00,GYRO,2,22,2,ACC,-7,1,259,ADC,1240,499,5,1,"
14.0191,heen,0,MM0 ?T
14.0678,heen,0,MM1 ?T
14.0678,heen,0,MM0 T=34:33
14.0678,heen,0,MM1 T=35:33
14.0678,heen,0,"#130,YAW,-0.00,GYRO,4,0,15,ACC,-4,5,253,ADC,1303,502,6,2,"
14.0678,heen,0,MM0 ?V
14.0679,heen,0,MM1 ?V
14.0679,heen,0,MM0 V=120:223:4902
14.0679,heen,0,MM1 V=120:223:4898
14.0679,heen,0,MM0 !M 0 0
14.0679,heen,0,MM1 !M 0 0
14.0679,heen,0,MM0 +
14.0679,heen,0,MM1 +
14.0679,heen,0,"#131,YAW,-0.00,GYRO,2,12,16,ACC,-6,5,248,ADC,1292,418,7,2,"
14.0679,heen,0,MM0 ?CR
14.0679,heen,0,MM1 ?CR
14.0679,heen,0,MM1 CR=1:-1
14.0679,heen,0,MM0 CR=1:0
14.1190,heen,0,"#132,YAW,-0.00,GYRO,-2,5,5,ACC,-7,0,254,ADC,1267,397,6,2,"
14.1190,heen,0,MM0 ?A
14.1190,heen,0,MM1 ?A
14.1190,heen,0,MM0 A=0:0
14.1190,heen,0,MM1 A=0:0
14.1190,heen,0,MM0 !M 0 0
14.1190,heen,0,MM1 !M 0 0
14.1190,heen,0,"$GPRMC,102925.6,A,5050.57947,N,00419.38677,E,000.60,000.0,021026,000.4,E*5F"
14.1190,heen,0,MM0 +
14.1190,heen,0,MM1 +
14.1190,heen,0,"#133,YAW,-0.00,GYRO,4,5,-10,ACC,-4,3,254,ADC,1234,296,5,2,"
14.1191,heen,0,MM0 ?AI
14.1191,heen,0,MM1 ?AI
14.1191,heen,0,MM0 AI=0:0:2460:2461:0:0
14.1191,heen,0,MM1 AI=0:0:2350:2360:0:0
14.1191,heen,0,"#134,YAW,-0.00,GYRO,1,3,-16,ACC,-1,1,254,ADC,1257,378,6,2,"
14.1191,heen,0,MM0 ?C
14.1191,heen,0,MM1 ?C
14.1720,heen,0,MM0 C=1084:-1071
14.1720,heen,0,MM1 C=1078:-1060
14.1720,heen,0,"#135,YAW,-0.00,GYRO,0,5,-3,ACC,2,2,255,ADC,1227,383,6,2,"
14.1721,heen,0,MM1 ?D
14.1721,heen,0,MM0 ?D
14.1721,heen,0,MM0 D=17
14.1721,heen,0,MM1 D=16
14.1721,heen,0,MM0 !M 0 0
14.1721,heen,0,MM1 !M 0 0
14.1721,heen,0,MM0 +
14.1721,heen,0,MM1 +
14.1721,heen,0,"#136,YAW,-0.00,GYRO,0,2,4,ACC,3,0,253,ADC,1258,502,5,2,"
14.1721,heen,0,MM0 ?FF
14.1721,heen,0,MM1 ?FF
14.1721,heen,0,MM0 FF=0
14.1721,heen,0,MM1 FF=0
14.2228,heen,0,"#137,YAW,-0.00,GYRO,1,4,4,ACC,2,0,256,ADC,1260,501,6,1,"
14.2228,heen,0,MM0 ?P
14.2229,heen,0,MM1 ?P
14.2229,heen,0,MM1 P=0:0
14.2229,heen,0,MM0 P=0:0
14.2229,heen,0,"#138,YAW,-0.00,GYRO,0,7,-3,ACC,-2,0,255,ADC,1224,420,4,2,"
14.2229,heen,0,MM0 ?S
14.2229,heen,0,MM1 ?S
14.2229,heen,0,MM0 S=0:0
14.2229,heen,0,MM1 S=0:0
14.2229,heen,0,MM0 !M 0 0
14.2229,heen,0,MM1 !M 0 0
14.2229,heen,0,MM0 +
14.2229,heen,0,MM1 +
14.2229,heen,0,"#139,YAW,-0.00,GYRO,1,6,1,ACC,1,2,253,ADC,1269,387,6,2,"
14.2229,heen,0,MM0 ?T
14.2229,heen,0,MM1 ?T
14.2229,heen,0,MM0 T=34:33
14.2229,heen,0,MM1 T=35:33
14.2717,heen,0,"#140,YAW,-0.00,GYRO,0,4,4,ACC,0,-1,249,ADC,1275,500,4,2,"
14.2718,heen,0,MM0 ?V
14.2718,heen,0,MM1 ?V
14.2718,heen,0,MM0 V=120:223:4904
14.2718,heen,0,MM1 V=120:223:4897
14.2718,heen,0,MM0 !M 0 0
14.2718,heen,0,MM0 +
14.2718,heen,0,MM1 !M 0 0
14.2718,heen,0,MM1 +
14.2718,heen,0,"#141,YAW,-0.00,GYRO,1,3,2,ACC,-1,0,252,ADC,1233,385,5,1,"
14.2718,heen,0,MM0 ?CR
14.2718,heen,0,MM1 ?CR
14.2718,heen,0,MM0 CR=0:0
14.2718,heen,0,MM1 CR=0:0
14.3210,heen,0,"#142,YAW,-0.00,GYRO,1,4,-4,ACC,-1,1,251,ADC,1239,497,4,2,"
14.3210,heen,0,MM1 ?A
14.3210,heen,0,MM0 ?A
14.3210,heen,0,MM0 A=0:0
14.3210,heen,0,MM1 A=0:0
14.3210,heen,0,"$GPRMC,102925.8,A,5050.57793,N,00419.38692,E,000.68,000.0,021026,000.4,E*55"
14.3210,heen,0,"#143,YAW,-0.00,GYRO,2,3,-1,ACC,2,2,256,ADC,1250,354,5,2,"
14.3210,heen,0,MM0 ?AI
14.3210,heen,0,MM1 ?AI
14.3210,heen,0,MM0 AI=0:0:2457:2475:0:0
14.3211,heen,0,MM1 AI=0:0:2379:2385:0:0
14.3211,heen,0,MM0 !M 0 0
14.3211,heen,0,MM1 !M 0 0
14.3211,heen,0,MM0 +
14.3211,heen,0,MM1 +
14.3211,heen,0,"#144,YAW,-0.00,GYRO,0,4,1,ACC,5,-1,253,ADC,1255,332,6,1,"
14.3211,heen,0,MM0 ?C
14.3211,heen,0,MM1 ?C
14.3211,heen,0,MM0 C=1084:-1071
14.3705,heen,0,MM1 C=1078:-1060
14.3705,heen,0,"#145,YAW,-0.00,GYRO,0,4,0,ACC,1,-1,252,ADC,1263,503,5,1,"
14.3706,heen,0,MM0 ?D
14.3706,heen,0,MM1 ?D
14.3706,heen,0,MM0 D=17
14.3706,heen,0,MM1 D=16
14.3706,heen,0,MM1 !M 0 0
14.3706,heen,0,MM0 !M 0 0
14.3706,heen,0,MM1 +
14.3706,heen,0,MM0 +
14.3706,heen,0,"#146,YAW,-0.00,GYRO,1,4,0,ACC,0,-1,253,ADC,1261,385,6,2,"
14.3706,heen,0,MM1 ?FF
14.3706,heen,0,MM0 ?FF
14.3706,heen,0,MM1 FF=0
14.3706,heen,0,MM0 FF=0
14.4218,heen,0,"#147,YAW,-0.00,GYRO,1,4,1,ACC,0,-3,258,ADC,1242,501,7,2,"
14.4218,heen,0,MM1 ?P
14.4218,heen,0,MM0 ?P
14.4218,heen,0,MM0 P=0:0
14.4218,heen,0,MM1 P=0:0
14.4218,heen,0,"#148,YAW,-0.00,GYRO,3,4,1,ACC,0,-1,252,ADC,1275,392,5,2,"
14.4218,heen,0,MM0 ?S
14.4218,heen,0,MM1 ?S
14.4218,heen,0,MM0 S=0:0
14.4218,heen,0,MM1 S=0:0
14.4218,heen,0,MM0 !M 0 0
14.4218,heen,0,MM1 !M 0 0
14.4218,heen,0,MM0 +
14.4218,heen,0,MM1 +
14.4218,heen,0,"#149,YAW,-0.00,GYRO,1,5,-1,ACC,1,0,258,ADC,1284,389,6,2,"
14.4218,heen,0,MM0 ?T
14.4218,heen,0,MM1 ?T
14.4218,heen,0,MM0 T=34:33
14.4218,heen,0,MM1 T=35:33
14.4718,heen,0,"#150,YAW,-0.00,GYRO,0,5,0,ACC,0,-1,251,ADC,1262,384,5,2,"
14.4719,heen,0,MM0 ?V
14.4719,heen,0,MM1 ?V
14.4719,heen,0,MM0 V=120:223:4903
14.4719,heen,0,MM1 V=120:223:4896
14.4719,heen,0,MM1 !M 0 0
14.4719,heen,0,MM0 !M 0 0
14.4719,heen,0,MM1 +
14.4719,heen,0,MM0 +
14.4719,heen,0,"#151,YAW,-0.00,GYRO,0,3,1,ACC,2,0,254,ADC,1239,385,4,1,"
14.4719,heen,0,MM1 ?CR
14.4719,heen,0,MM0 ?CR
14.4719,heen,0,MM1 CR=0:0
14.4719,heen,0,MM0 CR=0:0
14.5229,heen,0,"#152,YAW,-0.00,GYRO,1,5,2,ACC,-1,0,251,ADC,1292,389,4,2,"
14.5229,heen,0,MM0 ?A
14.5230,heen,0,MM1 ?A
14.5230,heen,0,MM0 A=0:0
14.5230,heen,0,MM1 A=0:0
14.5230,heen,0,"$GPRMC,102926.0,A,5050.57653,N,00419.38702,E,000.74,000.0,021026,000.4,E*56"
14.5230,heen,0,"#153,YAW,-0.00,GYRO,1,5,0,ACC,3,1,257,ADC,1216,501,4,2,"
14.5230,heen,0,MM1 ?AI
14.5230,heen,0,MM0 ?AI
14.5230,heen,0,MM0 AI=0:0:2461:2477:0:0
14.5230,heen,0,MM1 AI=0:0:2369:2388:0:0
14.5230,heen,0,MM1 !M 0 0
14.5230,heen,0,MM0 !M 0 0
14.5230,heen,0,MM1 +
14.5230,heen,0,MM0 +
14.5230,heen,0,"#154,YAW,-0.00,GYRO,1,5,1,ACC,0,3,260,ADC,1288,317,8,1,"
14.5230,heen,0,MM0 ?C
14.5230,heen,0,MM1 ?C
14.5230,heen,0,MM0 C=1084:-1071
14.5230,heen,0,MM1 C=1078:-1060
14.5728,heen,0,"#155,YAW,-0.00,GYRO,1,4,1,ACC,2,-1,253,ADC,1231,386,6,2,"
14.5728,heen,0,MM1 ?D
14.5729,heen,0,MM0 ?D
14.5729,heen,0,MM1 D=16
14.5729,heen,0,MM0 D=17
14.5729,heen,0,MM1 !M 0 0
14.5729,heen,0,MM0 !M 0 0
14.5729,heen,0,MM1 +
14.5729,heen,0,MM0 +
14.5729,heen,0,"#156,YAW,-0.00,GYRO,2,5,0,ACC,0,-1,254,ADC,1271,498,6,2,"
14.5729,heen,0,MM1 ?FF
14.5729,heen,0,MM0 ?FF
14.5729,heen,0,MM1 FF=0
14.5729,heen,0,MM0 FF=0
14.6237,heen,0,"#157,YAW,-0.00,GYRO,1,6,-1,ACC,2,0,258,ADC,1239,384,7,2,"
14.6238,heen,0,MM1 ?P
14.6238,heen,0,MM0 ?P
14.6238,heen,0,MM1 P=0:0
14.6238,heen,0,MM0 P=0:0
14.6238,heen,0,"#158,YAW,-0.00,GYRO,1,5,1,ACC,-2,0,249,ADC,1230,380,7,3,"
14.6238,heen,0,MM1 ?S
14.6238,heen,0,MM0 ?S
14.6238,heen,0,MM1 S=0:0
14.6238,heen,0,MM0 S=0:0
14.6238,heen,0,MM0 !M 0 0
14.6238,heen,0,MM1 !M 0 0
14.6238,heen,0,MM0 +
14.6238,heen,0,MM1 +
14.6238,heen,0,"#159,YAW,-0.00,GYRO,1,5,1,ACC,-1,-1,252,ADC,1264,500,6,3,"
14.6239,heen,0,MM1 ?T
14.6239,heen,0,MM0 ?T
14.6239,heen,0,MM1 T=36:33
14.6240,heen,0,MM0 T=34:33
14.6738,heen,0,"#160,YAW,-0.00,GYRO,1,4,0,ACC,0,0,252,ADC,1217,380,5,1,"
14.6738,heen,0,MM1 ?V
14.6738,heen,0,MM0 ?V
14.6738,heen,0,MM1 V=120:223:4896
14.6738,heen,0,MM0 V=120:222:4902
14.6738,heen,0,MM1 !M 0 0
14.6738,heen,0,MM0 !M 0 0
14.6738,heen,0,MM1 +
14.6738,heen,0,MM0 +
14.6738,heen,0,"#161,YAW,-0.00,GYRO,1,5,0,ACC,-1,-1,251,ADC,1257,433,6,2,"
14.6738,heen,0,MM1 ?CR
14.6739,heen,0,MM0 ?CR
14.6739,heen,0,MM1 CR=0:0
14.6739,heen,0,MM0 CR=0:0
14.7249,heen,0,"#162,YAW,-0.00,GYRO,1,4,0,ACC,0,0,254,ADC,1279,385,4,2,"
14.7249,heen,0,MM1 ?A
14.7249,heen,0,MM0 ?A
14.7249,heen,0,MM1 A=0:0
14.7249,heen,0,MM0 A=0:0
14.7249,heen,0,"$GPRMC,102926.2,A,5050.57529,N,00419.38707,E,000.77,000.0,021026,000.4,E*5C"
14.7250,heen,0,"#163,YAW,-0.00,GYRO,1,4,1,ACC,4,-1,254,ADC,1243,395,7,2,"
14.7250,heen,0,MM0 ?AI
14.7250,heen,0,MM1 ?AI
14.7250,heen,0,MM0 AI=0:0:2463:2473:0:0
14.7250,heen,0,MM1 AI=0:0:2376:2379:0:0
14.7250,heen,0,MM0 !M 0 0
14.7250,heen,0,MM1 !M 0 0
14.7250,heen,0,MM0 +
14.7250,heen,0,MM1 +
14.7250,heen,0,"#164,YAW,-0.00,GYRO,0,6,0,ACC,5,0,254,ADC,1240,299,4,2,"
14.7250,heen,0,MM0 ?C
14.7250,heen,0,MM1 ?C
14.7250,heen,0,MM0 C=1084:-1071
14.7250,heen,0,MM1 C=1078:-1060
14.7748,heen,-70,"#165,YAW,-0.00,GYRO,1,7,0,ACC,-2,1,254,ADC,1250,398,6,2,"
14.7748,heen,-70,MM1 ?D
14.7748,heen,-70,MM0 ?D
14.7748,heen,-70,MM1 D=16
14.7748,heen,-70,MM0 D=25
14.7748,heen,-70,MM1 !M -70 70
14.7748,heen,-70,MM0 !M -70 70
14.7748,heen,-70,MM1 +
14.7748,heen,-70,MM0 +
14.7748,heen,-70,"#166,YAW,-0.00,GYRO,-1,6,-1,ACC,-1,-1,252,ADC,1275,491,6,2,"
14.7749,heen,-70,MM0 ?FF
14.7749,heen,-70,MM1 ?FF
14.7749,heen,-70,MM0 FF=0
14.7749,heen,-70,MM1 FF=0
14.8417,heen,0,"#167,YAW,-0.00,GYRO,6,77,-3,ACC,-24,1,262,ADC,1252,502,5,2,"
14.8417,heen,0,MM1 ?P
14.8417,heen,0,MM0 ?P
14.8417,heen,0,MM1 P=-70:70
14.8417,heen,0,MM0 P=-70:70
14.8417,heen,0,"#168,YAW,-0.00,GYRO,-3,-43,10,ACC,-16,0,264,ADC,1255,499,4,2,"
14.8417,heen,0,MM1 ?S
14.8417,heen,0,MM0 ?S
14.8417,heen,0,MM1 S=0:0
14.8417,heen,0,MM0 S=0:0
14.8417,heen,0,MM1 !M -70 70
14.8417,heen,0,MM0 !M -70 70
14.8417,heen,0,MM1 +
14.8417,heen,0,MM0 +
14.8418,heen,0,MM0 !M 0 0
14.8418,heen,0,MM1 !M 0 0
14.8418,heen,0,MM0 +
14.8418,heen,0,MM1 +
14.8418,heen,0,"#169,YAW,-0.00,GYRO,-2,2,6,ACC,-8,0,241,ADC,1271,325,5,2,"
14.8418,heen,0,MM0 !M 0 0
14.8418,heen,0,MM0 +
14.8418,heen,0,MM1 !M 0 0
14.8418,heen,0,MM1 +
14.8418,heen,0,MM0 ?T
14.8418,heen,0,MM1 ?T
14.8418,heen,0,MM0 T=34:33
14.8418,heen,0,MM1 T=35:33
14.8418,heen,0,"#170,YAW,-0.00,GYRO,-10,-34,-8,ACC,18,0,258,ADC,1306,496,8,2,"
14.8418,heen,0,MM0 ?V
14.8588,heen,0,MM1 ?V
14.8588,heen,0,MM0 V=120:223:4903
14.8588,heen,0,MM1 V=120:223:4897
14.8588,heen,0,"#171,YAW,-0.00,GYRO,2,14,-16,ACC,5,2,252,ADC,1276,497,5,1,"
14.8588,heen,0,MM0 ?CR
14.8588,heen,0,MM1 ?CR
14.8928,heen,0,MM0 CR=-1:0
14.8929,heen,0,MM1 CR=-1:1
14.8929,heen,0,MM0 !M 0 0
14.8929,heen,0,MM1 !M 0 0
14.8929,heen,0,MM0 +
14.8929,heen,0,MM1 +
14.8929,heen,0,"#172,YAW,0.00,GYRO,2,13,-10,ACC,21,-1,244,ADC,1293,503,7,2,"
14.8929,heen,0,MM0 ?A
14.8929,heen,0,MM1 ?A
14.8929,heen,0,MM0 A=0:0
14.8929,heen,0,MM1 A=0:0
14.9507,heen,0,"$GPRMC,102926.4,A,5050.57422,N,00419.38717,E,000.80,000.0,021026,000.4,E*59"
14.9507,heen,0,"#173,YAW,-0.00,GYRO,-3,-13,10,ACC,19,4,262,ADC,1240,323,5,1,"
14.9507,heen,0,MM1 ?AI
14.9507,heen,0,MM0 ?AI
14.9507,heen,0,MM1 AI=0:0:2360:2397:0:0
14.9507,heen,0,MM0 AI=0:0:2464:2463:0:0
14.9507,heen,0,"#174,YAW,-0.00,GYRO,1,18,17,ACC,18,0,244,ADC,1220,381,7,1,"
14.9507,heen,0,MM1 ?C
14.9508,heen,0,MM0 ?C
14.9508,heen,0,MM1 C=1077:-1059
14.9508,heen,0,MM0 C=1083:-1071
14.9508,heen,0,MM0 !M 0 0
14.9508,heen,0,MM1 !M 0 0
14.9508,heen,0,MM0 +
14.9508,heen,0,MM1 +
14.9508,heen,0,"#175,YAW,-0.00,GYRO,2,-3,3,ACC,8,-3,257,ADC,1280,502,4,2,"
14.9508,heen,0,MM0 ?D
14.9508,heen,0,MM1 ?D
14.9508,heen,0,MM0 D=16
14.9508,heen,0,MM1 D=58
14.9918,heen,0,"#176,YAW,-0.00,GYRO,2,10,-10,ACC,11,-1,256,ADC,1282,502,5,2,"
14.9918,heen,0,MM0 ?FF
14.9918,heen,0,MM1 ?FF
14.9918,heen,0,MM0 FF=0
14.9918,heen,0,MM1 FF=0
14.9918,heen,0,MM0 !M 0 0
14.9918,heen,0,MM1 !M 0 0
14.9918,heen,0,MM0 +
14.9918,heen,0,MM1 +
14.9918,heen,0,"#177,YAW,-0.00,GYRO,1,-2,-17,ACC,13,-2,254,ADC,1283,383,5,2,"
14.9918,heen,0,MM0 ?P
14.9919,heen,0,MM1 ?P
14.9919,heen,0,MM0 P=0:0
14.9919,heen,0,MM1 P=0:0
15.0128,heen,0,"#178,YAW,0.00,GYRO,3,16,-11,ACC,4,1,255,ADC,1244,499,5,1,"
15.0129,heen,0,MM0 ?S
15.0129,heen,0,MM1 ?S
15.0129,heen,0,MM0 S=0:0
15.0129,heen,0,MM1 S=0:0
15.0467,heen,0,"#179,YAW,0.00,GYRO,6,12,3,ACC,-5,1,254,ADC,1249,393,3,1,"
15.0467,heen,0,MM0 ?T
15.0467,heen,0,MM1 ?T
15.0467,heen,0,MM0 T=34:33
15.0467,heen,0,MM1 T=36:33
15.0467,heen,0,MM0 !M 0 0
15.0467,heen,0,MM1 !M 0 0
15.0467,heen,0,MM0 +
15.0467,heen,0,MM1 +
15.0467,heen,0,"#180,YAW,-0.00,GYRO,2,14,21,ACC,-4,0,253,ADC,1266,391,5,2,"
15.0467,heen,0,MM0 ?V
15.0467,heen,0,MM1 ?V
15.0467,heen,0,MM0 V=120:223:4901
15.0467,heen,0,MM1 V=120:223:4899
15.0990,heen,0,"#181,YAW,-0.00,GYRO,2,2,25,ACC,-2,-1,250,ADC,1243,388,5,2,"
15.0990,heen,0,MM0 ?CR
15.0990,heen,0,MM1 ?CR
15.0990,heen,0,MM1 CR=0:-1
15.0990,heen,0,MM0 CR=1:0
15.0990,heen,0,MM1 !M 0 0
15.0990,heen,0,MM0 !M 0 0
15.0990,heen,0,MM1 +
15.0990,heen,0,MM0 +
15.0990,heen,0,"#182,YAW,-0.00,GYRO,2,12,12,ACC,-11,-2,249,ADC,1243,288,8,1,"
15.0991,heen,0,MM0 ?A
15.0991,heen,0,MM1 ?A
15.0991,heen,0,MM0 A=0:0
15.0991,heen,0,MM1 A=0:0
15.0991,heen,0,"$GPRMC,102926.6,A,5050.57327,N,00419.38729,E,000.86,000.0,021026,000.4,E*52"
15.1508,heen,0,"#183,YAW,-0.00,GYRO,0,10,-10,ACC,-10,-1,257,ADC,1240,384,6,2,"
15.1508,heen,0,MM0 ?AI
15.1508,heen,0,MM1 ?AI
15.1508,heen,0,MM0 AI=0:0:2465:2475:0:0
15.1509,heen,0,MM1 AI=0:0:2371:2364:0:0
15.1509,heen,0,"#184,YAW,-0.00,GYRO,-1,2,-23,ACC,-3,-1,255,ADC,1271,497,5,1,"
15.1509,heen,0,MM0 ?C
15.1509,heen,0,MM1 ?C
15.1509,heen,0,MM0 C=1084:-1072
15.1509,heen,0,MM1 C=1078:-1060
15.1509,heen,0,MM0 !M 0 0
15.1509,heen,0,MM1 !M 0 0
15.1509,heen,0,MM0 +
15.1509,heen,0,MM1 +
15.1509,heen,0,"#185,YAW,0.00,GYRO,0,1,-18,ACC,-3,3,252,ADC,1241,389,5,2,"
15.1509,heen,0,MM0 ?D
15.1509,heen,0,MM1 ?D
15.1509,heen,0,MM1 D=16
15.1509,heen,0,MM0 D=1
15.1991,heen,0,"#186,YAW,0.00,GYRO,-1,-1,-2,ACC,0,1,256,ADC,1274,391,5,2,"
15.1991,heen,0,MM0 ?FF
15.1991,heen,0,MM1 ?FF
15.1992,heen,0,MM0 FF=0
15.1992,heen,0,MM1 FF=0
15.1992,heen,0,MM1 !M 0 0
15.1992,heen,0,MM0 !M 0 0
15.1992,heen,0,MM1 +
15.1992,heen,0,MM0 +
15.1992,heen,0,"#187,YAW,-0.00,GYRO,1,10,6,ACC,2,0,250,ADC,1221,350,6,2,"
15.1992,heen,0,MM1 ?P
15.1992,heen,0,MM0 ?P
15.1992,heen,0,MM1 P=0:0
15.1992,heen,0,MM0 P=0:0
15.1992,heen,0,"#188,YAW,-0.00,GYRO,-1,2,3,ACC,0,-1,252,ADC,1250,390,10,2,"
15.1992,heen,0,MM0 ?S
15.1992,heen,0,MM1 ?S
15.2503,heen,0,MM0 S=0:0
15.2503,heen,0,MM1 S=0:0
15.2503,heen,0,"#189,YAW,-0.00,GYRO,1,5,-4,ACC,1,1,246,ADC,1295,504,6,2,"
15.2503,heen,0,MM0 ?T
15.2504,heen,0,MM1 ?T
15.2504,heen,0,MM0 T=34:33
15.2504,heen,0,MM1 T=36:33
15.2504,heen,0,MM1 !M 0 0
15.2504,heen,0,MM0 !M 0 0
15.2504,heen,0,MM1 +
15.2504,heen,0,MM0 +
15.2504,heen,0,"#190,YAW,-0.00,GYRO,0,3,-1,ACC,3,1,251,ADC,1302,501,8,2,"
15.2504,heen,0,MM0 ?V
15.2504,heen,0,MM1 ?V
15.2504,heen,0,MM0 V=120:223:4901
15.2504,heen,0,MM1 V=120:223:4896
15.3001,heen,0,"#191,YAW,-0.00,GYRO,2,6,3,ACC,2,1,248,ADC,1247,499,6,2,"
15.3002,heen,0,MM0 ?CR
15.3002,heen,0,MM1 ?CR
15.3002,heen,0,MM0 CR=0:-1
15.3002,heen,0,MM1 CR=1:0
15.3002,heen,0,MM0 !M 0 0
15.3002,heen,0,MM1 !M 0 0
15.3002,heen,0,MM0 +
15.3002,heen,0,MM1 +
15.3002,heen,0,"#192,YAW,-0.00,GYRO,0,4,1,ACC,0,0,253,ADC,1269,402,3,2,"
15.3002,heen,0,MM0 ?A
15.3002,heen,0,MM1 ?A
15.3002,heen,0,MM0 A=0:0
15.3002,heen,0,MM1 A=0:0
15.3002,heen,0,"$GPRMC,102926.8,A,5050.57238,N,00419.38740,E,000.90,067.1,021026,000.4,E*5B"
15.3527,heen,0,"#193,YAW,-0.00,GYRO,1,5,-3,ACC,5,0,256,ADC,1235,329,7,2,"
15.3527,heen,0,MM0 ?AI
15.3527,heen,0,MM1 ?AI
15.3527,heen,0,MM0 AI=0:0:2462:2475:0:0
15.3527,heen,0,MM1 AI=0:0:2350:2395:0:0
15.3527,heen,0,"#194,YAW,0.05,GYRO,1,5,0,ACC,4,2,256,ADC,1258,385,4,2,"
15.3528,heen,0,MM0 ?C
15.3528,heen,0,MM1 ?C
15.3528,heen,0,MM0 C=1084:-1072
15.3528,heen,0,MM1 C=1078:-1060
15.3528,heen,0,MM0 !M 0 0
15.3528,heen,0,MM1 !M 0 0
15.3529,heen,0,MM0 +
15.3529,heen,0,MM1 +
15.3529,heen,0,"#195,YAW,0.05,GYRO,0,5,0,ACC,-3,-2,252,ADC,1265,382,8,1,"
15.3529,heen,0,MM0 ?D
15.3529,heen,0,MM1 ?D
15.3529,heen,0,MM1 D=16
15.3529,heen,0,MM0 D=1
15.4027,heen,0,"#196,YAW,0.05,GYRO,0,5,-1,ACC,1,-1,256,ADC,1255,415,6,2,"
15.4027,heen,0,MM0 ?FF
15.4027,heen,0,MM1 ?FF
15.4027,heen,0,MM0 FF=0
15.4027,heen,0,MM1 FF=0
15.4027,heen,0,"#197,YAW,0.05,GYRO,2,4,0,ACC,-1,-1,254,ADC,1257,502,6,2,"
15.4027,heen,0,MM0 ?P
15.4027,heen,0,MM1 ?P
15.4028,heen,0,MM0 P=0:0
15.4028,heen,0,MM1 P=0:0
15.4028,heen,0,MM1 !M 0 0
15.4028,heen,0,MM0 !M 0 0
15.4028,heen,0,MM1 +
15.4028,heen,0,MM0 +
15.4028,heen,0,"#198,YAW,0.05,GYRO,1,4,0,ACC,0,2,251,ADC,1327,501,6,2,"
15.4028,heen,0,MM0 ?S
15.4028,heen,0,MM1 ?S
15.4028,heen,0,MM0 S=0:0
15.4028,heen,0,MM1 S=0:0
15.4550,heen,0,"#199,YAW,0.05,GYRO,0,4,1,ACC,2,-1,255,ADC,1256,383,4,1,"
15.4550,heen,0,MM0 ?T
15.4550,heen,0,MM1 ?T
15.4550,heen,0,MM0 T=34:33
15.4550,heen,0,MM1 T=36:33
15.4550,heen,0,MM1 !M 0 0
15.4550,heen,0,MM0 !M 0 0
15.4550,heen,0,MM1 +
15.4550,heen,0,MM0 +
15.4550,heen,0,"#200,YAW,0.05,GYRO,1,5,-1,ACC,-1,1,250,ADC,1274,392,6,2,"
15.4551,heen,0,MM0 ?V
15.4551,heen,0,MM1 ?V
15.4551,heen,0,MM0 V=120:223:4901
15.4551,heen,0,MM1 V=120:222:4897
15.5031,heen,0,"#201,YAW,0.05,GYRO,0,5,1,ACC,0,2,249,ADC,1312,394,5,2,"
15.5031,heen,0,MM0 ?CR
15.5031,heen,0,MM1 ?CR
15.5031,heen,0,MM0 CR=0:0
15.5031,heen,0,MM1 CR=0:0
15.5031,heen,0,"#202,YAW,0.05,GYRO,1,4,1,ACC,0,1,252,ADC,1263,386,6,1,"
15.5032,heen,0,MM0 ?A
15.5032,heen,0,MM1 ?A
15.5032,heen,0,MM0 A=0:0
15.5032,heen,0,MM1 A=0:0
15.5032,heen,0,MM0 !M 0 0
15.5032,heen,0,MM1 !M 0 0
15.5032,heen,0,MM0 +
15.5032,heen,0,MM1 +
15.5032,heen,0,"$GPRMC,102927.0,A,5050.57123,N,00419.38741,E,000.90,066.7,021026,000.4,E*5D"
15.5032,heen,0,"#203,YAW,0.05,GYRO,2,5,0,ACC,1,-2,254,ADC,1271,325,6,1,"
15.5032,heen,0,MM0 ?AI
15.5032,heen,0,MM1 ?AI
15.5573,heen,0,MM0 AI=0:0:2459:2458:0:0
15.5573,heen,0,MM1 AI=0:0:2361:2393:0:0
15.5573,heen,0,"#204,YAW,0.09,GYRO,1,4,-1,ACC,0,0,256,ADC,1238,385,6,2,"
15.5573,heen,0,MM0 ?C
15.5573,heen,0,MM1 ?C
15.5573,heen,0,MM0 C=1084:-1072
15.5573,heen,0,MM1 C=1078:-1060
15.5573,heen,0,MM1 !M 0 0
15.5573,heen,0,MM0 !M 0 0
15.5574,heen,0,MM1 +
15.5574,heen,0,MM0 +
15.5574,heen,0,"#205,YAW,0.09,GYRO,1,6,-1,ACC,1,0,252,ADC,1250,387,7,2,"
15.5574,heen,0,MM0 ?D
15.5574,heen,0,MM1 ?D
15.5574,heen,0,MM1 D=16
15.5574,heen,0,MM0 D=1
15.6046,heen,0,"#206,YAW,0.09,GYRO,1,5,1,ACC,1,0,257,ADC,1280,498,5,2,"
15.6047,heen,0,MM0 ?FF
15.6047,heen,0,MM1 ?FF
15.6047,heen,0,MM0 FF=0
15.6047,heen,0,MM1 FF=0
15.6047,heen,0,"#207,YAW,0.09,GYRO,2,4,1,ACC,4,-1,252,ADC,1275,500,6,2,"
15.6047,heen,0,MM0 ?P
15.6047,heen,0,MM1 ?P
15.6047,heen,0,MM0 P=0:0
15.6047,heen,0,MM1 P=0:0
15.6047,heen,0,MM0 !M 0 0
15.6047,heen,0,MM1 !M 0 0
15.6047,heen,0,MM0 +
15.6047,heen,0,MM1 +
15.6047,heen,0,"#208,YAW,0.09,GYRO,1,4,0,ACC,-1,0,251,ADC,1257,383,4,1,"
15.6048,heen,0,MM0 ?S
15.6048,heen,0,MM1 ?S
15.6048,heen,0,MM0 S=0:0
15.6048,heen,0,MM1 S=0:0
15.6559,heen,0,"#209,YAW,0.09,GYRO,0,4,0,ACC,1,2,254,ADC,1255,381,5,2,"
15.6559,heen,0,MM0 ?T
15.6559,heen,0,MM1 ?T
15.6559,heen,0,MM0 T=34:33
15.6559,heen,0,MM1 T=35:33
15.6559,heen,0,MM0 !M 0 0
15.6559,heen,0,MM1 !M 0 0
15.6559,heen,0,MM0 +
15.6559,heen,0,MM1 +
15.6559,heen,0,"#210,YAW,0.09,GYRO,1,4,0,ACC,-1,0,249,ADC,1267,401,6,2,"
15.6559,heen,0,MM0 ?V
15.6560,heen,0,MM1 ?V
15.6560,heen,0,MM0 V=120:223:4900
15.6560,heen,0,MM1 V=120:223:4896
15.7060,heen,0,"#211,YAW,0.09,GYRO,1,4,1,ACC,1,0,257,ADC,1256,500,6,2,"
15.7061,heen,0,MM0 ?CR
15.7061,heen,0,MM1 ?CR
15.7061,heen,0,MM0 CR=0:0
15.7061,heen,0,MM1 CR=0:0
15.7061,heen,0,"#212,YAW,0.09,GYRO,0,5,-1,ACC,-2,2,250,ADC,1237,500,6,2,"
15.7061,heen,0,MM0 ?A
15.7061,heen,0,MM1 ?A
15.7061,heen,0,MM0 A=0:0
15.7061,heen,0,MM1 A=0:0
15.7061,heen,0,MM0 !M 0 0
15.7061,heen,0,MM1 !M 0 0
15.7061,heen,0,MM0 +
15.7061,heen,0,MM1 +
15.7061,heen,0,"$GPRMC,102927.2,A,5050.57017,N,00419.38740,E,000.88,064.6,021026,000.4,E*52"
15.7061,heen,0,"#213,YAW,0.09,GYRO,0,4,-1,ACC,3,-1,255,ADC,1219,331,5,2,"
15.7062,heen,0,MM0 ?AI
15.7062,heen,0,MM1 ?AI
15.7062,heen,0,MM0 AI=0:0:2451:2469:0:0
15.7568,heen,0,MM1 AI=0:0:2361:2354:0:0
15.7569,heen,0,"#214,YAW,0.13,GYRO,1,4,0,ACC,1,0,257,ADC,1218,386,5,2,"
15.7569,heen,0,MM0 ?C
15.7569,heen,0,MM1 ?C
15.7569,heen,0,MM0 C=1084:-1072
15.7569,heen,0,MM1 C=1078:-1060
15.7569,heen,0,MM0 !M 0 0
15.7569,heen,0,MM1 !M 0 0
15.7569,heen,0,MM0 +
15.7569,heen,0,MM1 +
15.7569,heen,0,"#215,YAW,0.13,GYRO,1,6,-1,ACC,2,1,249,ADC,1251,359,7,2,"
15.7570,heen,0,MM0 ?D
15.7570,heen,0,MM1 ?D
15.7570,heen,0,MM1 D=16
15.7570,heen,0,MM0 D=1
15.7570,heen,0,"#216,YAW,0.13,GYRO,0,5,0,ACC,2,-1,259,ADC,1219,499,5,3,"
15.8076,heen,0,MM0 ?FF
15.8077,heen,0,MM1 ?FF
15.8077,heen,0,MM0 FF=0
15.8077,heen,0,MM1 FF=0
15.8077,heen,0,"#217,YAW,0.13,GYRO,1,5,0,ACC,3,-1,254,ADC,1228,385,4,1,"
15.8077,heen,0,MM0 ?P
15.8077,heen,0,MM1 ?P
15.8077,heen,0,MM0 P=0:0
15.8077,heen,0,MM1 P=0:0
15.8077,heen,0,MM0 !M 0 0
15.8077,heen,0,MM1 !M 0 0
15.8077,heen,0,MM0 +
15.8077,heen,0,MM1 +
15.8077,heen,0,"#218,YAW,0.13,GYRO,0,4,0,ACC,-1,1,252,ADC,1227,387,5,2,"
15.8077,heen,0,MM0 ?S
15.8077,heen,0,MM1 ?S
15.8077,heen,0,MM0 S=0:0
15.8077,heen,0,MM1 S=0:0
15.8569,heen,0,"#219,YAW,0.13,GYRO,0,7,1,ACC,0,-1,255,ADC,1258,390,4,2,"
15.8570,heen,0,MM0 ?T
15.8570,heen,0,MM1 ?T
15.8570,heen,0,MM0 T=34:33
15.8570,heen,0,MM1 T=35:33
15.8570,heen,0,MM0 !M 0 0
15.8570,heen,0,MM1 !M 0 0
15.8570,heen,0,MM0 +
15.8570,heen,0,MM1 +
15.8570,heen,0,"#220,YAW,0.13,GYRO,1,4,0,ACC,-1,-1,252,ADC,1279,353,5,2,"
15.8570,heen,0,MM0 ?V
15.8570,heen,0,MM1 ?V
15.8570,heen,0,MM0 V=120:223:4901
15.8570,heen,0,MM1 V=120:225:4897
15.8570,heen,0,"#221,YAW,0.13,GYRO,1,4,0,ACC,0,1,253,ADC,1295,497,5,2,"
15.9078,heen,0,MM0 ?CR
15.9079,heen,0,MM1 ?CR
15.9079,heen,0,MM0 CR=0:0
15.9079,heen,0,MM1 CR=0:0
15.9079,heen,0,"#222,YAW,0.13,GYRO,0,4,0,ACC,1,0,252,ADC,1229,382,6,2,"
15.9079,heen,0,MM0 ?A
15.9079,heen,0,MM1 ?A
15.9079,heen,0,MM0 A=0:0
15.9079,heen,0,MM1 A=0:0
15.9079,heen,0,MM0 !M 0 0
15.9079,heen,0,MM1 !M 0 0
15.9079,heen,0,MM0 +
15.9079,heen,0,MM1 +
15.9079,heen,0,"$GPRMC,102927.4,A,5050.56920,N,00419.38740,E,000.88,062.6,021026,000.4,E*5E"
15.9079,heen,0,"#223,YAW,0.13,GYRO,1,5,0,ACC,0,-2,252,ADC,1249,304,8,2,"
15.9079,heen,0,MM0 ?AI
15.9079,heen,0,MM1 ?AI
15.9079,heen,0,MM0 AI=0:0:2462:2468:0:0
15.9079,heen,0,MM1 AI=0:0:2377:2377:0:0
15.9578,heen,0,"#224,YAW,0.17,GYRO,0,5,0,ACC,1,2,255,ADC,1259,501,3,2,"
15.9578,heen,0,MM0 ?C
15.9579,heen,0,MM1 ?C
15.9579,heen,0,MM0 C=1084:-1072
15.9579,heen,0,MM1 C=1078:-1060
15.9579,heen,0,MM0 !M 0 0
15.9579,heen,0,MM1 !M 0 0
15.9579,heen,0,MM0 +
15.9579,heen,0,MM1 +
15.9579,heen,0,"#225,YAW,0.17,GYRO,0,4,0,ACC,1,-1,250,ADC,1302,311,8,1,"
15.9579,heen,0,MM0 ?D
15.9579,heen,0,MM1 ?D
15.9579,heen,0,MM1 D=16
15.9579,heen,0,MM0 D=1
15.9579,heen,0,"#226,YAW,0.17,GYRO,2,5,0,ACC,3,-1,256,ADC,1259,499,4,1,"
15.9579,heen,0,MM0 ?FF
16.0096,heen,-80,MM1 ?FF
16.0096,heen,-80,MM0 FF=0
16.0097,heen,-80,MM1 FF=0
16.0097,heen,-80,"#227,YAW,0.17,GYRO,0,7,1,ACC,0,1,256,ADC,1227,500,5,1,"
16.0097,heen,-80,MM0 ?P
16.0097,heen,-80,MM1 ?P
16.0097,heen,-80,MM0 P=0:0
16.0097,heen,-80,MM1 P=0:0
16.0097,heen,-80,MM0 !M -80 80
16.0097,heen,-80,MM1 !M -80 80
16.0097,heen,-80,MM0 +
16.0097,heen,-80,MM1 +
16.0097,heen,-80,"#228,YAW,0.17,GYRO,1,5,0,ACC,-12,0,249,ADC,1274,499,7,1,"
16.0097,heen,-80,MM0 ?S
16.0097,heen,-80,MM1 ?S
16.0097,heen,-80,MM0 S=0:0
16.0097,heen,-80,MM1 S=0:0
16.0931,heen,0,"#229,YAW,0.18,GYRO,3,66,-9,ACC,-32,2,246,ADC,1257,392,6,2,"
16.0932,heen,0,MM0 ?T
16.0932,heen,0,MM1 ?T
16.0932,heen,0,MM0 T=34:33
16.0932,heen,0,MM1 T=35:33
16.0932,heen,0,"#230,YAW,0.17,GYRO,-3,-47,25,ACC,-21,-1,256,ADC,1236,386,5,1,"
16.0932,heen,0,MM0 ?V
16.0933,heen,0,MM1 ?V
16.0933,heen,0,MM0 V=120:224:4900
16.0933,heen,0,MM1 V=120:222:4896
16.0933,heen,0,MM0 !M -80 80
16.0933,heen,0,MM1 !M -80 80
16.0933,heen,0,MM0 +
16.0933,heen,0,MM1 +
16.0933,heen,0,"#231,YAW,0.17,GYRO,4,12,25,ACC,-13,-6,238,ADC,1273,499,9,2,"
16.0933,heen,0,MM0 ?CR
16.0934,heen,0,MM1 ?CR
16.0934,heen,0,MM0 CR=-1:1
16.0934,heen,0,MM1 CR=-1:1
16.0934,heen,0,MM0 !M 0 0
16.0934,heen,0,MM1 !M 0 0
16.0934,heen,0,MM0 +
16.0934,heen,0,MM1 +
16.0934,heen,0,MM1 !M 0 0
16.0934,heen,0,MM0 !M 0 0
16.0934,heen,0,MM1 +
16.0934,heen,0,MM0 +
16.0934,heen,0,"#232,YAW,0.17,GYRO,-11,12,-4,ACC,-14,-6,262,ADC,1274,502,7,2,"
16.0934,heen,0,MM0 ?A
16.0934,heen,0,MM1 ?A
16.0934,heen,0,MM0 A=0:0
16.0934,heen,0,MM1 A=0:0
16.1448,heen,0,"$GPRMC,102927.6,A,5050.56818,N,00419.38740,E,000.87,062.6,021026,000.4,E*59"
16.1448,heen,0,"#233,YAW,0.17,GYRO,-9,-81,-28,ACC,19,8,242,ADC,1283,502,7,2,"
16.1449,heen,0,MM1 ?AI
16.1449,heen,0,MM0 ?AI
16.1449,heen,0,MM1 AI=0:0:2369:2392:0:0
16.1449,heen,0,MM0 AI=0:0:2459:2290:0:0
16.1449,heen,0,"#234,YAW,0.21,GYRO,-7,41,-19,ACC,18,5,229,ADC,1228,379,4,2,"
16.1449,heen,0,MM0 ?C
16.1449,heen,0,MM1 ?C
16.1449,heen,0,MM0 C=1083:-1070
16.1449,heen,0,MM1 C=1077:-1059
16.1449,heen,0,MM0 !M 0 0
16.1449,heen,0,MM1 !M 0 0
16.1449,heen,0,MM0 +
16.1449,heen,0,MM1 +
16.1449,heen,0,"#235,YAW,0.21,GYRO,-1,-11,5,ACC,24,-5,268,ADC,1279,386,7,2,"
16.1449,heen,0,MM0 ?D
16.1449,heen,0,MM1 ?D
16.1450,heen,0,MM0 D=48
16.1450,heen,0,MM1 D=50
16.1949,heen,0,"#236,YAW,0.21,GYRO,-6,-9,2,ACC,26,-1,252,ADC,1237,385,7,2,"
16.1949,heen,0,MM0 ?FF
16.1949,heen,0,MM1 ?FF
16.1949,heen,0,MM0 FF=0
16.1949,heen,0,MM1 FF=0
16.1949,heen,0,MM0 !M 0 0
16.1949,heen,0,MM1 !M 0 0
16.1949,heen,0,MM0 +
16.1950,heen,0,MM1 +
16.1950,heen,0,"#237,YAW,0.21,GYRO,4,26,7,ACC,19,2,243,ADC,1220,384,5,1,"
16.1950,heen,0,MM0 ?P
16.1950,heen,0,MM1 ?P
16.1950,heen,0,MM0 P=0:0
16.1950,heen,0,MM1 P=0:0
16.2448,heen,0,"#238,YAW,0.21,GYRO,2,5,9,ACC,13,-1,265,ADC,1228,389,6,2,"
16.2448,heen,0,MM0 ?S
16.2448,heen,0,MM1 ?S
16.2448,heen,0,MM0 S=0:0
16.2448,heen,0,MM1 S=0:0
16.2449,heen,0,"#239,YAW,0.21,GYRO,3,13,14,ACC,10,2,250,ADC,1274,389,5,3,"
16.2449,heen,0,MM0 ?T
16.2449,heen,0,MM1 ?T
16.2449,heen,0,MM0 T=34:33
16.2449,heen,0,MM1 T=35:33
16.2449,heen,0,MM0 !M 0 0
16.2449,heen,0,MM1 !M 0 0
16.2449,heen,0,MM0 +
16.2449,heen,0,MM1 +
16.2449,heen,0,"#240,YAW,0.21,GYRO,5,-4,6,ACC,6,0,244,ADC,1230,383,4,2,"
16.2449,heen,0,MM0 ?V
16.2449,heen,0,MM1 ?V
16.2449,heen,0,MM0 V=120:225:4902
16.2449,heen,0,MM1 V=120:223:4898
16.2960,heen,0,"#241,YAW,0.21,GYRO,3,15,-5,ACC,6,-2,251,ADC,1319,394,6,2,"
16.2960,heen,0,MM0 ?CR
16.2960,heen,0,MM1 ?CR
16.2960,heen,0,MM0 CR=0:1
16.2960,heen,0,MM1 CR=0:0
16.2960,heen,0,MM0 !M 0 0
16.2960,heen,0,MM1 !M 0 0
16.2960,heen,0,MM0 +
16.2960,heen,0,MM1 +
16.2960,heen,0,"#242,YAW,0.21,GYRO,6,10,-10,ACC,3,1,254,ADC,1256,386,4,2,"
16.2961,heen,0,MM0 ?A
16.2961,heen,0,MM1 ?A
16.2961,heen,0,MM0 A=0:0
16.2961,heen,0,MM1 A=0:0
16.3461,heen,0,"$GPRMC,102927.8,A,5050.56719,N,00419.38741,E,000.86,062.6,021026,000.4,E*59"
16.3462,heen,0,"#243,YAW,0.21,GYRO,6,23,-13,ACC,-7,-2,250,ADC,1276,385,5,1,"
16.3462,heen,0,MM1 ?AI
16.3462,heen,0,MM0 ?AI
16.3462,heen,0,MM1 AI=0:0:2382:2383:0:0
16.3462,heen,0,MM0 AI=0:0:2462:2466:0:0
16.3462,heen,0,"#244,YAW,0.25,GYRO,2,15,-18,ACC,-8,1,256,ADC,1246,382,9,3,"
16.3462,heen,0,MM0 ?C
16.3462,heen,0,MM1 ?C
16.3462,heen,0,MM0 C=1083:-1070
16.3463,heen,0,MM1 C=1077:-1059
16.3463,heen,0,MM0 !M 0 0
16.3463,heen,0,MM1 !M 0 0
16.3463,heen,0,MM0 +
16.3463,heen,0,MM1 +
16.3463,heen,0,"#245,YAW,0.25,GYRO,2,5,-12,ACC,-9,2,256,ADC,1275,388,5,2,"
16.3463,heen,0,MM0 ?D
16.3463,heen,0,MM1 ?D
16.3463,heen,0,MM0 D=16
16.3463,heen,0,MM1 D=50
16.3958,heen,0,"#246,YAW,0.25,GYRO,2,2,7,ACC,-10,2,250,ADC,1260,382,4,2,"
16.3959,heen,0,MM0 ?FF
16.3959,heen,0,MM1 ?FF
16.3959,heen,0,MM0 FF=0
16.3959,heen,0,MM1 FF=0
16.3959,heen,0,MM0 !M 0 0
16.3959,heen,0,MM1 !M 0 0
16.3959,heen,0,MM0 +
16.3959,heen,0,MM1 +
16.3959,heen,0,"#247,YAW,0.25,GYRO,2,7,27,ACC,-4,-1,255,ADC,1265,390,8,2,"
16.3959,heen,0,MM0 ?P
16.3959,heen,0,MM1 ?P
16.3959,heen,0,MM0 P=0:0
16.3959,heen,0,MM1 P=0:0
16.4480,heen,0,"#248,YAW,0.25,GYRO,0,-1,32,ACC,-5,-1,253,ADC,1242,387,4,2,"
16.4480,heen,0,MM0 ?S
16.4480,heen,0,MM1 ?S
16.4480,heen,0,MM0 S=0:0
16.4480,heen,0,MM1 S=0:-75
16.4480,heen,0,"#249,YAW,0.25,GYRO,1,5,23,ACC,-2,1,254,ADC,1248,501,6,3,"
16.4481,heen,0,MM0 ?T
16.4481,heen,0,MM1 ?T
16.4481,heen,0,MM0 T=34:33
16.4481,heen,0,MM1 T=35:33
16.4481,heen,0,MM1 !M 0 0
16.4481,heen,0,MM0 !M 0 0
16.4481,heen,0,MM1 +
16.4481,heen,0,MM0 +
16.4481,heen,0,"#250,YAW,0.25,GYRO,-1,11,2,ACC,-4,-1,247,ADC,1284,501,6,2,"
16.4481,heen,0,MM0 ?V
16.4481,heen,0,MM1 ?V
16.4481,heen,0,MM0 V=120:223:4903
16.4481,heen,0,MM1 V=120:222:4899
16.4979,heen,0,"#251,YAW,0.25,GYRO,1,1,-14,ACC,-6,1,251,ADC,1234,380,6,2,"
16.4980,heen,0,MM0 ?CR
16.4980,heen,0,MM1 ?CR
16.4980,heen,0,MM0 CR=1:-1
16.4980,heen,0,MM1 CR=0:-1
16.4980,heen,0,MM0 !M 0 0
16.4980,heen,0,MM1 !M 0 0
16.4980,heen,0,MM0 +
16.4980,heen,0,MM1 +
16.4980,heen,0,"#252,YAW,0.25,GYRO,0,6,-14,ACC,-6,1,252,ADC,1248,288,8,1,"
16.4980,heen,0,MM0 ?A
16.4980,heen,0,MM1 ?A
16.4980,heen,0,MM0 A=0:0
16.4980,heen,0,MM1 A=0:0
16.5477,heen,0,"$GPRMC,102928.0,A,5050.56623,N,00419.38743,E,000.85,062.6,021026,000.4,E*57"
16.5477,heen,0,"#253,YAW,0.25,GYRO,-1,4,-3,ACC,-3,3,256,ADC,1266,500,5,2,"
16.5477,heen,0,MM0 ?AI
16.5477,heen,0,MM1 ?AI
16.5477,heen,0,MM0 AI=0:0:2460:2480:0:0
16.5477,heen,0,MM1 AI=0:0:2377:2381:0:0
16.5477,heen,0,"#254,YAW,0.29,GYRO,-1,0,4,ACC,2,0,252,ADC,1233,381,6,2,"
16.5477,heen,0,MM0 ?C
16.5477,heen,0,MM1 ?C
16.5477,heen,0,MM0 C=1084:-1071
16.5478,heen,0,MM1 C=1077:-1060
16.5478,heen,0,MM1 !M 0 0
16.5478,heen,0,MM0 !M 0 0
16.5478,heen,0,MM1 +
16.5478,heen,0,MM0 +
16.5478,heen,0,"#255,YAW,0.29,GYRO,1,6,0,ACC,3,0,250,ADC,1208,381,7,1,"
16.5478,heen,0,MM0 ?D
16.5478,heen,0,MM1 ?D
16.5478,heen,0,MM0 D=17
16.5478,heen,0,MM1 D=18
16.5988,heen,0,"#0,YAW,0.29,GYRO,-1,9,-3,ACC,2,0,251,ADC,1273,388,5,1,"
16.5988,heen,0,MM0 ?FF
16.5988,heen,0,MM1 ?FF
16.5989,heen,0,MM0 FF=0
16.5989,heen,0,MM1 FF=0
16.5989,heen,0,MM0 !M 0 0
16.5989,heen,0,MM1 !M 0 0
16.5989,heen,0,MM0 +
16.5989,heen,0,MM1 +
16.5989,heen,0,"#1,YAW,0.29,GYRO,1,6,3,ACC,-1,0,251,ADC,1239,384,7,2,"
16.5989,heen,0,MM0 ?P
16.5989,heen,0,MM1 ?P
16.5989,heen,0,MM0 P=0:0
16.5989,heen,0,MM1 P=0:0
16.5989,heen,0,"#2,YAW,0.29,GYRO,0,3,7,ACC,2,1,253,ADC,1248,500,6,2,"
16.5989,heen,0,MM0 ?S
16.5989,heen,0,MM1 ?S
16.5989,heen,0,MM0 S=0:0
16.6476,heen,0,MM1 S=0:0
16.6476,heen,0,"#3,YAW,0.29,GYRO,2,6,2,ACC,1,0,255,ADC,1274,385,5,1,"
16.6476,heen,0,MM0 ?T
16.6477,heen,0,MM1 ?T
16.6477,heen,0,MM0 T=34:33
16.6477,heen,0,MM1 T=35:33
16.6477,heen,0,MM1 !M 0 0
16.6477,heen,0,MM0 !M 0 0
16.6477,heen,0,MM1 +
16.6477,heen,0,MM0 +
16.6477,heen,0,"#4,YAW,0.29,GYRO,1,7,-2,ACC,3,0,247,ADC,1238,382,7,2,"
16.6477,heen,0,MM0 ?V
16.6477,heen,0,MM1 ?V
16.6477,heen,0,MM0 V=120:223:4903
16.6477,heen,0,MM1 V=120:222:4898
16.6989,heen,0,"#5,YAW,0.29,GYRO,0,4,1,ACC,0,1,253,ADC,1216,498,5,1,"
16.6990,heen,0,MM1 ?CR
16.6990,heen,0,MM0 ?CR
16.6990,heen,0,MM1 CR=0:0
16.6990,heen,0,MM0 CR=0:0
16.6990,heen,0,MM0 !M 0 0
16.6990,heen,0,MM1 !M 0 0
16.6990,heen,0,MM0 +
16.6990,heen,0,MM1 +
16.6990,heen,0,"#6,YAW,0.29,GYRO,1,2,0,ACC,1,1,255,ADC,1193,345,5,2,"
16.6990,heen,0,MM0 ?A
16.6990,heen,0,MM1 ?A
16.6990,heen,0,MM0 A=0:0
16.6990,heen,0,MM1 A=0:0
16.6990,heen,0,"$GPRMC,102928.2,A,5050.56503,N,00419.38751,E,000.88,065.4,021026,000.4,E*5F"
16.7490,heen,0,"#7,YAW,0.29,GYRO,1,5,0,ACC,3,-1,249,ADC,1239,259,5,1,"
16.7490,heen,0,MM1 ?AI
16.7490,heen,0,MM0 ?AI
16.7490,heen,0,MM1 AI=0:0:2362:2382:0:0
16.7490,heen,0,MM0 AI=0:0:2457:2465:0:0
16.7490,heen,0,"#8,YAW,0.33,GYRO,1,5,-1,ACC,0,0,247,ADC,1235,383,6,3,"
16.7490,heen,0,MM0 ?C
16.7490,heen,0,MM1 ?C
16.7490,heen,0,MM0 C=1084:-1071
16.7490,heen,0,MM1 C=1077:-1060
16.7491,heen,0,MM1 !M 0 0
16.7491,heen,0,MM0 !M 0 0
16.7491,heen,0,MM1 +
16.7491,heen,0,MM0 +
16.7492,heen,0,"#9,YAW,0.33,GYRO,0,4,0,ACC,2,0,257,ADC,1272,502,5,3,"
16.7492,heen,0,MM0 ?D
16.7492,heen,0,MM1 ?D
16.7492,heen,0,MM0 D=17
16.7492,heen,0,MM1 D=18
16.7988,heen,0,"#10,YAW,0.33,GYRO,2,6,2,ACC,2,1,251,ADC,1264,501,6,2,"
16.7989,heen,0,MM1 ?FF
16.7989,heen,0,MM0 ?FF
16.7989,heen,0,MM1 FF=0
16.7989,heen,0,MM0 FF=0
16.7989,heen,0,MM0 !M 0 0
16.7989,heen,0,MM1 !M 0 0
16.7989,heen,0,MM0 +
16.7989,heen,0,MM1 +
16.7989,heen,0,"#11,YAW,0.33,GYRO,0,7,2,ACC,0,2,254,ADC,1233,292,5,1,"
16.7989,heen,0,MM0 ?P
16.7989,heen,0,MM1 ?P
16.7989,heen,0,MM0 P=0:0
16.7989,heen,0,MM1 P=0:0
16.7989,heen,0,"#12,YAW,0.33,GYRO,1,6,0,ACC,2,-2,255,ADC,1281,501,5,2,"
16.7989,heen,0,MM0 ?S
16.7989,heen,0,MM1 ?S
16.7989,heen,0,MM0 S=0:0
16.8496,heen,0,MM1 S=0:0
16.8496,heen,0,"#13,YAW,0.33,GYRO,-1,5,0,ACC,-1,1,253,ADC,1257,500,6,2,"
16.8496,heen,0,MM0 ?T
16.8496,heen,0,MM1 ?T
16.8496,heen,0,MM0 T=34:33
16.8496,heen,0,MM1 T=35:33
16.8496,heen,0,MM1 !M 0 0
16.8496,heen,0,MM0 !M 0 0
16.8496,heen,0,MM1 +
16.8496,heen,0,MM0 +
16.8496,heen,0,"#14,YAW,0.33,GYRO,0,5,0,ACC,2,1,252,ADC,1300,502,6,2,"
16.8496,heen,0,MM0 ?V
16.8496,heen,0,MM1 ?V
16.8496,heen,0,MM0 V=120:223:4902
16.8496,heen,0,MM1 V=120:222:4898
16.9010,heen,0,"#15,YAW,0.33,GYRO,0,4,1,ACC,-1,2,249,ADC,1272,500,5,2,"
16.9010,heen,0,MM1 ?CR
16.9010,heen,0,MM0 ?CR
16.9010,heen,0,MM1 CR=0:0
16.9010,heen,0,MM0 CR=0:0
16.9010,heen,0,"#16,YAW,0.33,GYRO,-1,5,1,ACC,0,1,252,ADC,1226,382,4,2,"
16.9010,heen,0,MM0 !M 0 0
16.9010,heen,0,MM0 +
16.9010,heen,0,MM1 !M 0 0
16.9010,heen,0,MM1 +
16.9011,heen,0,MM1 ?A
16.9011,heen,0,MM0 ?A
16.9011,heen,0,MM1 A=0:0
16.9011,heen,0,MM0 A=0:0
16.9011,heen,0,"$GPRMC,102928.4,A,5050.56380,N,00419.38754,E,000.89,066.4,021026,000.4,E*53"
16.9507,heen,0,"#17,YAW,0.33,GYRO,2,4,2,ACC,2,-2,254,ADC,1244,382,5,2,"
16.9507,heen,0,MM0 ?AI
16.9507,heen,0,MM1 ?AI
16.9507,heen,0,MM0 AI=0:0:2460:2471:0:0
16.9507,heen,0,MM1 AI=0:0:2388:2373:0:0
16.9507,heen,0,"#18,YAW,0.36,GYRO,2,5,1,ACC,1,0,246,ADC,1223,396,5,1,"
16.9507,heen,0,MM1 ?C
16.9507,heen,0,MM0 ?C
16.9507,heen,0,MM1 C=1077:-1060
16.9508,heen,0,MM0 C=1084:-1071
16.9508,heen,0,MM1 !M 0 0
16.9508,heen,0,MM0 !M 0 0
16.9508,heen,0,MM1 +
16.9508,heen,0,MM0 +
16.9508,heen,0,"#19,YAW,0.36,GYRO,1,6,1,ACC,3,-1,253,ADC,1270,388,6,2,"
16.9508,heen,0,MM1 ?D
16.9508,heen,0,MM0 ?D
16.9508,heen,0,MM1 D=18
16.9508,heen,0,MM0 D=17
17.0024,heen,0,"#20,YAW,0.36,GYRO,0,6,1,ACC,0,-1,250,ADC,1274,499,5,3,"
17.0024,heen,0,MM1 ?FF
17.0024,heen,0,MM0 ?FF
17.0024,heen,0,MM1 FF=0
17.0024,heen,0,MM0 FF=0
17.0024,heen,0,"#21,YAW,0.36,GYRO,0,7,0,ACC,2,0,251,ADC,1238,384,5,2,"
17.0024,heen,0,MM0 ?P
17.0024,heen,0,MM1 ?P
17.0024,heen,0,MM1 P=0:0
17.0024,heen,0,MM0 P=0:0
17.0024,heen,0,MM1 !M 0 0
17.0025,heen,0,MM0 !M 0 0
17.0025,heen,0,MM1 +
17.0025,heen,0,MM0 +
17.0025,heen,0,"#22,YAW,0.36,GYRO,1,6,-1,ACC,-1,-2,254,ADC,1222,409,7,2,"
17.0025,heen,0,MM1 ?S
17.0025,heen,0,MM0 ?S
17.0025,heen,0,MM1 S=0:0
17.0025,heen,0,MM0 S=0:0
17.0516,heen,0,"#23,YAW,0.36,GYRO,-1,6,-1,ACC,0,-1,254,ADC,1272,386,7,1,"
17.0517,heen,0,MM1 ?T
17.0517,heen,0,MM0 ?T
17.0517,heen,0,MM1 T=35:33
17.0517,heen,0,MM0 T=34:33
17.0517,heen,0,MM1 !M 0 0
17.0517,heen,0,MM0 !M 0 0
17.0517,heen,0,MM1 +
17.0517,heen,0,MM0 +
17.0517,heen,0,"#24,YAW,0.36,GYRO,-1,6,1,ACC,1,3,253,ADC,1248,383,4,1,"
17.0517,heen,0,MM1 ?V
17.0517,heen,0,MM0 ?V
17.0517,heen,0,MM1 V=120:223:4898
17.0517,heen,0,MM0 V=120:223:4902
17.1036,heen,0,"#25,YAW,0.36,GYRO,0,6,2,ACC,0,1,253,ADC,1268,502,6,2,"
17.1037,heen,0,MM1 ?CR
17.1037,heen,0,MM0 ?CR
17.1037,heen,0,MM1 CR=0:0
17.1037,heen,0,MM0 CR=0:0
17.1037,heen,0,"#26,YAW,0.36,GYRO,-1,4,1,ACC,3,0,255,ADC,1279,391,6,2,"
17.1037,heen,0,MM1 ?A
17.1037,heen,0,MM0 ?A
17.1037,heen,0,MM0 A=0:0
17.1037,heen,0,MM1 A=0:0
17.1037,heen,0,MM1 !M 0 0
17.1037,heen,0,MM0 !M 0 0
17.1037,heen,0,MM1 +
17.1037,heen,0,MM0 +
17.1037,heen,0,"$GPRMC,102928.6,A,5050.56267,N,00419.38758,E,000.92,064.8,021026,000.4,E*51"
17.1037,heen,0,"#27,YAW,0.36,GYRO,1,7,1,ACC,-2,1,254,ADC,1257,332,4,2,"
17.1037,heen,0,MM1 ?AI
17.1037,heen,0,MM0 ?AI
17.1530,heen,0,MM1 AI=0:0:2361:2376:0:0
17.1530,heen,0,MM0 AI=0:0:2462:2471:0:0
17.1530,heen,0,"#28,YAW,0.40,GYRO,1,5,1,ACC,-3,1,249,ADC,1267,394,7,2,"
17.1531,heen,0,MM1 ?C
17.1531,heen,0,MM0 ?C
17.1531,heen,0,MM1 C=1077:-1060
17.1531,heen,0,MM0 C=1084:-1071
17.1531,heen,0,MM0 !M 0 0
17.1531,heen,0,MM1 !M 0 0
17.1531,heen,0,MM0 +
17.1531,heen,0,MM1 +
17.1531,heen,0,"#29,YAW,0.40,GYRO,1,3,2,ACC,0,1,256,ADC,1265,388,7,2,"
17.1531,heen,0,MM1 ?D
17.1531,heen,0,MM0 ?D
17.1531,heen,0,MM1 D=18
17.1531,heen,0,MM0 D=17
17.2036,heen,0,"#30,YAW,0.40,GYRO,1,5,1,ACC,-2,1,251,ADC,1266,502,7,2,"
17.2037,heen,0,MM1 ?FF
17.2037,heen,0,MM0 ?FF
17.2037,heen,0,MM1 FF=0
17.2037,heen,0,MM0 FF=0
17.2037,heen,0,"#31,YAW,0.40,GYRO,1,6,0,ACC,1,1,253,ADC,1275,391,4,2,"
17.2037,heen,0,MM1 ?P
17.2037,heen,0,MM0 ?P
17.2037,heen,0,MM1 P=0:0
17.2037,heen,0,MM0 P=0:0
17.2037,heen,0,MM0 !M 0 0
17.2037,heen,0,MM1 !M 0 0
17.2037,heen,0,MM0 +
17.2037,heen,0,MM1 +
17.2037,heen,0,"#32,YAW,0.40,GYRO,-1,6,1,ACC,0,2,255,ADC,1266,391,6,1,"
17.2037,heen,0,MM1 ?S
17.2037,heen,0,MM0 ?S
17.2037,heen,0,MM1 S=0:0
17.2037,heen,0,MM0 S=0:0
17.2548,heen,0,"#33,YAW,0.40,GYRO,1,4,0,ACC,1,0,252,ADC,1303,397,6,2,"
17.2548,heen,0,MM1 ?T
17.2548,heen,0,MM0 ?T
17.2548,heen,0,MM1 T=35:33
17.2548,heen,0,MM0 T=34:33
17.2548,heen,0,MM1 !M 0 0
17.2548,heen,0,MM0 !M 0 0
17.2548,heen,0,MM1 +
17.2548,heen,0,MM0 +
17.2548,heen,0,"#34,YAW,0.40,GYRO,-1,5,1,ACC,0,-2,257,ADC,1229,499,6,2,"
17.2548,heen,0,MM1 ?V
17.2548,heen,0,MM0 ?V
17.2548,heen,0,MM1 V=120:223:4898
17.2548,heen,0,MM0 V=120:223:4904
17.3051,heen,0,"#35,YAW,0.40,GYRO,-1,7,1,ACC,-1,0,253,ADC,1212,383,5,1,"
17.3052,heen,0,MM1 ?CR
17.3052,heen,0,MM0 ?CR
17.3052,heen,0,MM1 CR=0:0
17.3052,heen,0,MM0 CR=0:0
17.3052,heen,0,"#36,YAW,0.40,GYRO,2,6,1,ACC,1,1,252,ADC,1250,388,5,2,"
17.3052,heen,0,MM1 ?A
17.3052,heen,0,MM0 ?A
17.3052,heen,0,MM1 A=0:0
17.3052,heen,0,MM0 A=0:0
17.3052,heen,0,MM0 !M 0 0
17.3052,heen,0,MM1 !M 0 0
17.3052,heen,0,MM0 +
17.3052,heen,0,MM1 +
17.3052,heen,0,"#37,YAW,0.40,GYRO,0,5,1,ACC,0,-1,253,ADC,1310,500,7,2,"
17.3052,heen,0,"$GPRMC,102928.8,A,5050.56163,N,00419.38762,E,000.94,064.4,021026,000.4,E*5B"
17.3052,heen,0,MM0 ?AI
17.3052,heen,0,MM1 ?AI
17.3548,heen,0,MM1 AI=0:0:2387:2369:0:0
17.3548,heen,0,MM0 AI=0:0:2464:2446:0:0
17.3548,heen,0,"#38,YAW,0.40,GYRO,1,5,-1,ACC,-3,1,248,ADC,1260,383,7,2,"
17.3548,heen,0,MM0 ?C
17.3548,heen,0,MM1 ?C
17.3548,heen,0,MM0 C=1084:-1071
17.3548,heen,0,MM1 C=1077:-1060
17.3548,heen,0,MM1 !M 0 0
17.3549,heen,0,MM0 !M 0 0
17.3549,heen,0,MM1 +
17.3549,heen,0,MM0 +
17.3549,heen,0,"#39,YAW,0.43,GYRO,1,6,1,ACC,2,1,256,ADC,1290,500,6,2,"
17.3549,heen,0,MM1 ?D
17.3549,heen,0,MM0 ?D
17.3549,heen,0,MM1 D=18
17.3549,heen,0,MM0 D=17
17.4086,heen,-80,"#40,YAW,0.43,GYRO,1,6,0,ACC,-3,0,252,ADC,1221,380,8,2,"
17.4087,heen,-80,MM1 ?FF
17.4087,heen,-80,MM0 ?FF
17.4087,heen,-80,MM1 FF=0
17.4087,heen,-80,MM0 FF=0
17.4087,heen,-80,"#41,YAW,0.43,GYRO,2,5,-1,ACC,-1,2,249,ADC,1232,390,7,2,"
17.4087,heen,-80,MM1 ?P
17.4087,heen,-80,MM0 ?P
17.4087,heen,-80,MM1 P=0:0
17.4087,heen,-80,MM0 P=0:0
17.4087,heen,-80,MM0 !M -80 80
17.4087,heen,-80,MM1 !M -80 80
17.4087,heen,-80,MM0 +
17.4087,heen,-80,MM1 +
17.4087,heen,-80,"#42,YAW,0.43,GYRO,1,6,2,ACC,-12,1,261,ADC,1251,391,4,2,"
17.4087,heen,-80,MM1 ?S
17.4087,heen,-80,MM0 ?S
17.4087,heen,-80,MM1 S=0:0
17.4087,heen,-80,MM0 S=0:0
17.4562,heen,0,"#43,YAW,0.43,GYRO,-3,66,3,ACC,-21,-2,263,ADC,1234,386,6,2,"
17.4562,heen,0,MM0 ?T
17.4562,heen,0,MM1 ?T
17.4562,heen,0,MM0 T=34:33
17.4562,heen,0,MM1 T=35:33
17.4562,heen,0,MM0 !M -80 80
17.4562,heen,0,MM1 !M -80 80
17.4562,heen,0,MM0 +
17.4562,heen,0,MM1 +
17.4562,heen,0,"#44,YAW,0.43,GYRO,3,-42,2,ACC,-26,0,267,ADC,1259,329,6,1,"
17.4563,heen,0,MM0 ?V
17.4563,heen,0,MM1 ?V
17.4563,heen,0,MM0 V=120:223:4902
17.4563,heen,0,MM1 V=120:219:4899
17.4895,heen,0,"#45,YAW,0.43,GYRO,3,20,-24,ACC,-13,-2,234,ADC,1265,397,5,2,"
17.4896,heen,0,MM0 ?CR
17.4896,heen,0,MM1 ?CR
17.4896,heen,0,MM0 CR=-1:1
17.4896,heen,0,MM1 CR=0:1
17.4897,heen,0,MM0 !M 0 0
17.4897,heen,0,MM1 !M 0 0
17.4897,heen,0,MM0 +
17.4897,heen,0,MM1 +
17.4897,heen,0,"#46,YAW,0.43,GYRO,-14,8,-33,ACC,2,2,267,ADC,1274,385,7,2,"
17.4897,heen,0,MM0 ?A
17.4897,heen,0,MM1 ?A
17.4897,heen,0,MM0 A=0:0
17.4897,heen,0,MM1 A=0:0
17.5439,heen,0,"$GPRMC,102929.0,A,5050.56070,N,00419.38760,E,000.94,060.6,021026,000.4,E*55"
17.5439,heen,0,"#47,YAW,0.43,GYRO,1,-57,1,ACC,18,-1,250,ADC,1251,502,5,2,"
17.5439,heen,0,MM0 ?AI
17.5439,heen,0,MM1 ?AI
17.5439,heen,0,MM0 AI=0:0:2461:2466:0:0
17.5439,heen,0,MM1 AI=0:0:2378:2378:0:0
17.5439,heen,0,"#48,YAW,0.46,GYRO,-5,36,27,ACC,23,-7,229,ADC,1250,382,5,2,"
17.5440,heen,0,MM0 ?C
17.5440,heen,0,MM1 ?C
17.5440,heen,0,MM0 C=1083:-1070
17.5440,heen,0,MM1 C=1077:-1059
17.5440,heen,0,MM0 !M 0 0
17.5440,heen,0,MM1 !M 0 0
17.5440,heen,0,MM0 +
17.5440,heen,0,MM1 +
17.5440,heen,0,"#49,YAW,0.46,GYRO,-3,-12,27,ACC,27,-4,268,ADC,1294,500,4,1,"
17.5440,heen,0,MM0 ?D
17.5440,heen,0,MM1 ?D
17.5440,heen,0,MM0 D=50
17.5440,heen,0,MM1 D=50
17.5948,heen,0,"#50,YAW,0.46,GYRO,-8,-1,3,ACC,26,-3,252,ADC,1249,384,5,2,"
17.5948,heen,0,MM0 ?FF
17.5948,heen,0,MM1 ?FF
17.5948,heen,0,MM0 FF=0
17.5948,heen,0,MM1 FF=0
17.5948,heen,0,MM1 !M 0 0
17.5948,heen,0,MM0 !M 0 0
17.5948,heen,0,MM1 +
17.5948,heen,0,MM0 +
17.5948,heen,0,"#51,YAW,0.46,GYRO,3,10,-11,ACC,17,1,241,ADC,1265,395,5,2,"
17.5948,heen,0,MM0 ?P
17.5948,heen,0,MM1 ?P
17.5948,heen,0,MM0 P=0:0
17.5948,heen,0,MM1 P=0:0
17.6446,heen,0,"#52,YAW,0.46,GYRO,2,7,-15,ACC,15,-1,268,ADC,1250,502,7,2,"
17.6447,heen,0,MM0 ?S
17.6447,heen,0,MM1 ?S
17.6447,heen,0,MM0 S=0:0
17.6447,heen,0,MM1 S=0:0
17.6447,heen,0,"#53,YAW,0.46,GYRO,5,19,-5,ACC,10,1,251,ADC,1282,489,5,1,"
17.6447,heen,0,MM0 ?T
17.6447,heen,0,MM1 ?T
17.6447,heen,0,MM0 T=34:33
17.6447,heen,0,MM1 T=35:33
17.6447,heen,0,MM0 !M 0 0
17.6447,heen,0,MM1 !M 0 0
17.6447,heen,0,MM0 +
17.6447,heen,0,MM1 +
17.6447,heen,0,"#54,YAW,0.46,GYRO,5,-9,10,ACC,8,0,251,ADC,1235,383,5,2,"
17.6447,heen,0,MM0 ?V
17.6447,heen,0,MM1 ?V
17.6447,heen,0,MM0 V=120:223:4903
17.6447,heen,0,MM1 V=120:223:4899
17.6947,heen,0,"#55,YAW,0.46,GYRO,2,14,14,ACC,9,2,256,ADC,1243,381,5,1,"
17.6948,heen,0,MM0 ?CR
17.6948,heen,0,MM1 ?CR
17.6948,heen,0,MM0 CR=-1:0
17.6948,heen,0,MM1 CR=0:0
17.6948,heen,0,MM1 !M 0 0
17.6948,heen,0,MM0 !M 0 0
17.6948,heen,0,MM1 +
17.6948,heen,0,MM0 +
17.6948,heen,0,"#56,YAW,0.46,GYRO,6,13,8,ACC,6,-3,249,ADC,1217,383,5,2,"
17.6948,heen,0,MM0 ?A
17.6948,heen,0,MM1 ?A
17.6948,heen,0,MM0 A=0:0
17.6948,heen,0,MM1 A=0:0
17.7465,heen,0,"$GPRMC,102929.2,A,5050.55978,N,00419.38756,E,000.92,058.7,021026,000.4,E*5C"
17.7465,heen,0,"#57,YAW,0.46,GYRO,6,24,-1,ACC,-8,-1,253,ADC,1241,334,7,2,"
17.7466,heen,0,MM0 ?AI
17.7466,heen,0,MM1 ?AI
17.7466,heen,0,MM0 AI=0:0:2471:2475:0:0
17.7466,heen,0,MM1 AI=0:0:2373:2381:0:0
17.7466,heen,0,"#58,YAW,0.49,GYRO,5,9,-9,ACC,-9,2,253,ADC,1243,396,5,2,"
17.7466,heen,0,MM0 ?C
17.7466,heen,0,MM1 ?C
17.7466,heen,0,MM0 C=1083:-1070
17.7466,heen,0,MM1 C=1077:-1059
17.7466,heen,0,MM0 !M 0 0
17.7466,heen,0,MM1 !M 0 0
17.7466,heen,0,MM0 +
17.7466,heen,0,MM1 +
17.7466,heen,0,"#59,YAW,0.49,GYRO,3,1,-22,ACC,-9,3,256,ADC,1284,491,5,2,"
17.7466,heen,0,MM0 ?D
17.7466,heen,0,MM1 ?D
17.7466,heen,0,MM0 D=48
17.7466,heen,0,MM1 D=50
17.7968,heen,0,"#60,YAW,0.49,GYRO,3,14,-28,ACC,-11,3,252,ADC,1243,387,5,2,"
17.7969,heen,0,MM0 ?FF
17.7969,heen,0,MM1 ?FF
17.7969,heen,0,MM0 FF=0
17.7969,heen,0,MM1 FF=0
17.7969,heen,0,MM1 !M 0 0
17.7969,heen,0,MM0 !M 0 0
17.7969,heen,0,MM1 +
17.7969,heen,0,MM0 +
17.7969,heen,0,"#61,YAW,0.49,GYRO,1,3,-11,ACC,-7,0,256,ADC,1314,383,6,2,"
17.7969,heen,0,MM0 ?P
17.7969,heen,0,MM1 ?P
17.7969,heen,0,MM0 P=0:0
17.7969,heen,0,MM1 P=0:0
17.7969,heen,0,"#62,YAW,0.49,GYRO,0,3,12,ACC,-7,3,252,ADC,1233,502,5,2,"
17.8466,heen,0,MM0 ?S
17.8466,heen,0,MM1 ?S
17.8467,heen,0,MM0 S=0:0
17.8467,heen,0,MM1 S=0:0
17.8467,heen,0,"#63,YAW,0.49,GYRO,1,0,26,ACC,-3,2,250,ADC,1275,387,5,2,"
17.8467,heen,0,MM0 ?T
17.8467,heen,0,MM1 ?T
17.8467,heen,0,MM0 T=34:33
17.8467,heen,0,MM1 T=36:33
17.8467,heen,0,MM0 !M 0 0
17.8467,heen,0,MM1 !M 0 0
17.8467,heen,0,MM0 +
17.8467,heen,0,MM1 +
17.8467,heen,0,"#64,YAW,0.49,GYRO,2,2,16,ACC,-2,0,255,ADC,1211,497,5,2,"
17.8467,heen,0,MM0 ?V
17.8467,heen,0,MM1 ?V
17.8467,heen,0,MM0 V=120:224:4903
17.8467,heen,0,MM1 V=120:223:4899
17.8967,heen,0,"#65,YAW,0.49,GYRO,2,6,0,ACC,-1,-1,254,ADC,1254,380,5,1,"
17.8968,heen,0,MM0 ?CR
17.8968,heen,0,MM1 ?CR
17.8968,heen,0,MM0 CR=1:-1
17.8968,heen,0,MM1 CR=0:0
17.8968,heen,0,MM0 !M 0 0
17.8968,heen,0,MM1 !M 0 0
17.8968,heen,0,MM0 +
17.8968,heen,0,MM1 +
17.8968,heen,0,"#66,YAW,0.49,GYRO,-1,7,-9,ACC,-2,-1,252,ADC,1260,342,5,1,"
17.8968,heen,0,MM0 ?A
17.8968,heen,0,MM1 ?A
17.8968,heen,0,MM0 A=0:0
17.8968,heen,0,MM1 A=0:0
17.9478,heen,0,"$GPRMC,102929.4,A,5050.55924,N,00419.38751,E,000.91,056.4,021026,000.4,E*5A"
17.9478,heen,0,"#67,YAW,0.49,GYRO,1,7,-1,ACC,0,-1,257,ADC,1236,390,4,2,"
17.9478,heen,0,MM0 ?AI
17.9478,heen,0,MM1 ?AI
17.9478,heen,0,MM0 AI=0:0:2449:2475:0:0
17.9478,heen,0,MM1 AI=0:0:2359:2391:0:0
17.9479,heen,0,"#68,YAW,0.51,GYRO,0,3,6,ACC,2,-1,252,ADC,1253,388,5,2,"
17.9479,heen,0,MM0 ?C
17.9479,heen,0,MM1 ?C
17.9479,heen,0,MM0 C=1083:-1071
17.9479,heen,0,MM1 C=1077:-1059
17.9479,heen,0,MM0 !M 0 0
17.9479,heen,0,MM1 !M 0 0
17.9479,heen,0,MM0 +
17.9479,heen,0,MM1 +
17.9479,heen,0,"#69,YAW,0.51,GYRO,-2,3,4,ACC,3,-1,254,ADC,1257,502,6,2,"
17.9479,heen,0,MM0 ?D
17.9479,heen,0,MM1 ?D
17.9479,heen,0,MM0 D=16
17.9479,heen,0,MM1 D=50
17.9977,heen,0,"#70,YAW,0.51,GYRO,0,7,2,ACC,2,-1,252,ADC,1302,498,6,2,"
17.9977,heen,0,MM0 ?FF
17.9977,heen,0,MM1 ?FF
17.9978,heen,0,MM0 FF=0
17.9978,heen,0,MM1 FF=0
17.9978,heen,0,MM0 !M 0 0
17.9978,heen,0,MM1 !M 0 0
17.9978,heen,0,MM0 +
17.9978,heen,0,MM1 +
17.9978,heen,0,"#71,YAW,0.51,GYRO,1,7,2,ACC,0,1,250,ADC,1255,337,7,2,"
17.9978,heen,0,MM0 ?P
17.9978,heen,0,MM1 ?P
17.9978,heen,0,MM0 P=0:0
17.9978,heen,0,MM1 P=0:0
17.9978,heen,0,"#72,YAW,0.51,GYRO,1,5,3,ACC,3,0,257,ADC,1279,386,5,2,"
18.0486,heen,0,MM0 ?S
18.0486,heen,0,MM1 ?S
18.0486,heen,0,MM0 S=0:0
18.0486,heen,0,MM1 S=0:0
18.0486,heen,0,"#73,YAW,0.51,GYRO,0,2,3,ACC,-2,1,251,ADC,1235,385,5,2,"
18.0486,heen,0,MM0 ?T
18.0486,heen,0,MM1 ?T
18.0486,heen,0,MM0 T=34:33
18.0486,heen,0,MM1 T=35:33
18.0486,heen,0,MM0 !M 0 0
18.0487,heen,0,MM1 !M 0 0
18.0487,heen,0,MM0 +
18.0487,heen,0,MM1 +
18.0487,heen,0,"#74,YAW,0.51,GYRO,1,5,1,ACC,1,0,249,ADC,1264,500,7,2,"
18.0487,heen,0,MM0 ?V
18.0487,heen,0,MM1 ?V
18.0487,heen,0,MM0 V=120:223:4902
18.0487,heen,0,MM1 V=120:222:4900
18.0988,heen,0,"#75,YAW,0.51,GYRO,0,6,0,ACC,-1,3,256,ADC,1268,385,5,2,"
18.0989,heen,0,MM0 ?CR
18.0989,heen,0,MM1 ?CR
18.0989,heen,0,MM0 CR=0:0
18.0989,heen,0,MM1 CR=0:0
18.0989,heen,0,MM0 !M 0 0
18.0989,heen,0,MM1 !M 0 0
18.0989,heen,0,MM0 +
18.0989,heen,0,MM1 +
18.0989,heen,0,"#76,YAW,0.51,GYRO,2,5,1,ACC,0,0,249,ADC,1235,319,4,2,"
18.0989,heen,0,MM0 ?A
18.0989,heen,0,MM1 ?A
18.0989,heen,0,MM0 A=0:0
18.0989,heen,0,MM1 A=0:0
18.0989,heen,0,"$GPRMC,102929.6,A,5050.55879,N,00419.38755,E,000.95,053.7,021026,000.4,E*57"
18.1498,heen,0,"#77,YAW,0.51,GYRO,-1,5,1,ACC,-1,2,261,ADC,1268,386,5,2,"
18.1498,heen,0,MM0 ?AI
18.1498,heen,0,MM1 ?AI
18.1498,heen,0,MM0 AI=0:0:2454:2470:0:0
18.1498,heen,0,MM1 AI=0:0:2370:2374:0:0
18.1498,heen,0,"#78,YAW,0.53,GYRO,0,3,1,ACC,1,-2,252,ADC,1226,384,5,2,"
18.1498,heen,0,MM0 ?C
18.1498,heen,0,MM1 ?C
18.1498,heen,0,MM0 C=1083:-1071
18.1499,heen,0,MM1 C=1077:-1059
18.1499,heen,0,MM1 !M 0 0
18.1499,heen,0,MM0 !M 0 0
18.1499,heen,0,MM1 +
18.1499,heen,0,MM0 +
18.1499,heen,0,"#79,YAW,0.53,GYRO,1,5,0,ACC,1,0,254,ADC,1285,499,6,2,"
18.1499,heen,0,MM0 ?D
18.1499,heen,0,MM1 ?D
18.1499,heen,0,MM0 D=16
18.1499,heen,0,MM1 D=50
18.2002,heen,0,"#80,YAW,0.53,GYRO,1,6,1,ACC,4,-1,254,ADC,1291,501,6,2,"
18.2002,heen,0,MM0 ?FF
18.2002,heen,0,MM1 ?FF
18.2002,heen,0,MM0 FF=0
18.2002,heen,0,MM1 FF=0
18.2003,heen,0,MM0 !M 0 0
18.2003,heen,0,MM0 +
18.2003,heen,0,MM1 !M 0 0
18.2003,heen,0,"#81,YAW,0.53,GYRO,1,5,2,ACC,3,2,248,ADC,1261,387,5,2,"
18.2004,heen,0,MM1 +
18.2004,heen,0,MM0 ?P
18.2004,heen,0,MM1 ?P
18.2004,heen,0,MM0 P=0:0
18.2004,heen,0,MM1 P=0:0
18.2004,heen,0,"#82,YAW,0.53,GYRO,2,5,-1,ACC,3,-1,256,ADC,1281,388,5,2,"
18.2004,heen,0,MM0 ?S
18.2004,heen,0,MM1 ?S
18.2004,heen,0,MM0 S=0:0
18.2004,heen,0,MM1 S=0:0
18.2529,heen,0,"#83,YAW,0.53,GYRO,1,6,0,ACC,-2,-1,252,ADC,1250,502,5,2,"
18.2529,heen,0,MM0 ?T
18.2529,heen,0,MM1 ?T
18.2529,heen,0,MM0 T=34:33
18.2529,heen,0,MM1 T=35:33
18.2529,heen,0,MM1 !M 0 0
18.2529,heen,0,MM0 !M 0 0
18.2529,heen,0,MM1 +
18.2529,heen,0,MM0 +
18.2529,heen,0,"#84,YAW,0.53,GYRO,0,7,1,ACC,1,-1,251,ADC,1268,390,6,2,"
18.2529,heen,0,MM0 ?V
18.2529,heen,0,MM1 ?V
18.2529,heen,0,MM0 V=120:223:4902
18.2529,heen,0,MM1 V=120:223:4900
18.3018,heen,0,"#85,YAW,0.53,GYRO,1,5,0,ACC,1,3,256,ADC,1251,384,4,1,"
18.3019,heen,0,MM0 ?CR
18.3019,heen,0,MM1 ?CR
18.3019,heen,0,MM0 CR=0:0
18.3019,heen,0,MM1 CR=0:0
18.3019,heen,0,"#86,YAW,0.53,GYRO,2,6,-1,ACC,3,0,252,ADC,1283,500,6,2,"
18.3019,heen,0,MM0 ?A
18.3019,heen,0,MM1 ?A
18.3019,heen,0,MM0 A=0:0
18.3019,heen,0,MM1 A=0:0
18.3019,heen,0,MM0 !M 0 0
18.3019,heen,0,MM1 !M 0 0
18.3019,heen,0,MM0 +
18.3019,heen,0,MM1 +
18.3019,heen,0,"$GPRMC,102929.8,A,5050.55831,N,00419.38751,E,000.97,048.5,021026,000.4,E*5B"
18.3019,heen,0,"#87,YAW,0.53,GYRO,0,4,1,ACC,3,0,254,ADC,1250,331,6,2,"
18.3019,heen,0,MM0 ?AI
18.3543,heen,0,MM1 ?AI
18.3543,heen,0,MM0 AI=0:0:2462:2465:0:0
18.3543,heen,0,MM1 AI=0:0:2367:2380:0:0
18.3543,heen,0,"#88,YAW,0.55,GYRO,0,5,2,ACC,3,-1,254,ADC,1253,390,7,3,"
18.3543,heen,0,MM0 ?C
18.3543,heen,0,MM1 ?C
18.3544,heen,0,MM0 C=1083:-1071
18.3544,heen,0,MM1 C=1077:-1059
18.3544,heen,0,MM0 !M 0 0
18.3544,heen,0,MM1 !M 0 0
18.3544,heen,0,MM0 +
18.3544,heen,0,MM1 +
18.3544,heen,0,"#89,YAW,0.55,GYRO,1,4,0,ACC,3,-1,250,ADC,1263,401,6,2,"
18.3544,heen,0,MM0 ?D
18.3544,heen,0,MM1 ?D
18.3544,heen,0,MM0 D=16
18.3544,heen,0,MM1 D=50
18.4029,heen,0,"#90,YAW,0.55,GYRO,0,6,1,ACC,0,1,253,ADC,1289,392,8,2,"
18.4029,heen,0,MM0 ?FF
18.4029,heen,0,MM1 ?FF
18.4029,heen,0,MM0 FF=0
18.4029,heen,0,MM1 FF=0
18.4029,heen,0,"#91,YAW,0.55,GYRO,0,6,0,ACC,1,-1,250,ADC,1295,499,5,2,"
18.4029,heen,0,MM0 ?P
18.4029,heen,0,MM1 ?P
18.4029,heen,0,MM0 P=0:0
18.4030,heen,0,MM1 P=0:0
18.4030,heen,0,MM0 !M 0 0
18.4030,heen,0,MM1 !M 0 0
18.4030,heen,0,MM0 +
18.4030,heen,0,MM1 +
18.4030,heen,0,"#92,YAW,0.55,GYRO,0,4,1,ACC,0,-1,252,ADC,1261,384,5,2,"
18.4030,heen,0,MM0 ?S
18.4030,heen,0,MM1 ?S
18.4030,heen,0,MM0 S=0:0
18.4030,heen,0,MM1 S=0:0
18.4397,heen,0,"#93,YAW,0.55,GYRO,1,4,2,ACC,0,0,252,ADC,1198,380,5,1,"
18.4398,heen,0,MM0 ?T
18.4398,heen,0,MM1 ?T
18.4398,heen,0,MM0 T=34:33
18.4398,heen,0,MM1 T=35:33
18.4398,heen,0,"#94,YAW,0.55,GYRO,1,5,0,ACC,2,-1,249,ADC,1247,383,5,2,"
18.4398,heen,0,MM0 !M 0 0
18.4399,heen,0,MM0 +
18.4399,heen,0,MM1 !M 0 0
18.4399,heen,0,MM1 +
18.4606,heen,0,MM0 ?V
18.4607,heen,0,MM1 ?V
18.4607,heen,0,MM0 V=120:223:4901
18.4607,heen,0,MM1 V=120:223:4901
18.4607,heen,0,"#95,YAW,0.55,GYRO,0,3,1,ACC,0,1,258,ADC,1274,396,7,2,"
18.4607,heen,0,MM0 ?CR
18.4607,heen,0,MM1 ?CR
18.4607,heen,0,MM0 CR=0:0
18.4607,heen,0,MM1 CR=0:0
18.4948,heen,0,MM0 !M 0 0
18.4948,heen,0,MM1 !M 0 0
18.4948,heen,0,MM0 +
18.4948,heen,0,MM1 +
18.4948,heen,0,"#96,YAW,0.55,GYRO,-1,5,1,ACC,1,1,250,ADC,1228,500,5,1,"
18.4949,heen,0,MM0 ?A
18.4949,heen,0,MM1 ?A
18.4949,heen,0,MM0 A=0:0
18.4949,heen,0,MM1 A=0:0
18.5157,heen,0,"$GPRMC,102930.0,A,5050.55787,N,00419.38748,E,001.01,042.8,021026,000.4,E*58"
18.5157,heen,0,"#97,YAW,0.55,GYRO,0,5,1,ACC,2,-1,251,ADC,1280,338,6,1,"
18.5157,heen,0,MM0 ?AI
18.5157,heen,0,MM1 ?AI
18.5157,heen,0,MM0 AI=0:0:2452:2477:0:0
18.5157,heen,0,MM1 AI=0:0:2374:2396:0:0
18.5495,heen,0,"#98,YAW,0.56,GYRO,1,4,-1,ACC,1,0,252,ADC,1282,387,6,2,"
18.5496,heen,0,MM0 ?C
18.5496,heen,0,MM1 ?C
18.5496,heen,0,MM0 C=1083:-1071
18.5496,heen,0,MM1 C=1077:-1059
18.5496,heen,0,MM0 !M 0 0
18.5496,heen,0,MM1 !M 0 0
18.5496,heen,0,MM0 +
18.5496,heen,0,MM1 +
18.5496,heen,0,"#99,YAW,0.56,GYRO,1,5,1,ACC,2,1,252,ADC,1286,503,7,2,"
18.5496,heen,0,MM0 ?D
18.5496,heen,0,MM1 ?D
18.5496,heen,0,MM0 D=16
18.5496,heen,0,MM1 D=50
18.6077,heen,0,"#100,YAW,0.56,GYRO,1,7,0,ACC,1,0,255,ADC,1252,389,7,2,"
18.6077,heen,0,MM0 ?FF
18.6077,heen,0,MM1 ?FF
18.6077,heen,0,MM0 FF=0
18.6077,heen,0,MM1 FF=0
18.6077,heen,0,"#101,YAW,0.56,GYRO,0,5,1,ACC,1,0,251,ADC,1257,422,8,2,"
18.6077,heen,0,MM0 ?P
18.6077,heen,0,MM1 ?P
18.6077,heen,0,MM0 P=0:0
18.6077,heen,0,MM1 P=0:0
18.6077,heen,0,MM0 !M 0 0
18.6078,heen,0,MM1 !M 0 0
18.6078,heen,0,MM0 +
18.6078,heen,0,MM1 +
18.6078,heen,0,"#102,YAW,0.56,GYRO,1,4,-1,ACC,0,-1,255,ADC,1228,390,5,2,"
18.6078,heen,0,MM0 ?S
18.6078,heen,0,MM1 ?S
18.6078,heen,0,MM0 S=0:0
18.6078,heen,0,MM1 S=0:0
18.6416,heen,0,"#103,YAW,0.56,GYRO,1,4,0,ACC,-2,0,253,ADC,1267,505,5,2,"
18.6416,heen,0,MM0 ?T
18.6416,heen,0,MM1 ?T
18.6416,heen,0,MM0 T=34:33
18.6416,heen,0,MM1 T=35:33
18.6416,heen,0,MM0 !M 0 0
18.6416,heen,0,MM1 !M 0 0
18.6416,heen,0,MM0 +
18.6416,heen,0,MM1 +
18.6416,heen,0,"#104,YAW,0.56,GYRO,0,5,2,ACC,2,-2,248,ADC,1271,385,5,1,"
18.6416,heen,0,MM0 ?V
18.6416,heen,0,MM1 ?V
18.6416,heen,0,MM0 V=120:223:4900
18.6624,heen,0,MM1 V=120:223:4900
18.6624,heen,0,"#105,YAW,0.56,GYRO,1,6,1,ACC,-2,1,253,ADC,1277,415,7,2,"
18.6625,heen,0,MM0 ?CR
18.6625,heen,0,MM1 ?CR
18.6625,heen,0,MM0 CR=0:0
18.6625,heen,0,MM1 CR=0:0
18.6967,heen,0,MM1 !M 0 0
18.6967,heen,0,MM0 !M 0 0
18.6967,heen,0,MM0 +
18.6967,heen,0,MM1 +
18.6967,heen,0,"#106,YAW,0.56,GYRO,-1,5,0,ACC,-3,0,250,ADC,1258,499,4,1,"
18.6968,heen,0,MM0 ?A
18.6968,heen,0,MM1 ?A
18.6968,heen,0,MM0 A=0:0
18.6968,heen,0,MM1 A=0:0
18.7179,heen,0,"$GPRMC,102930.2,A,5050.55740,N,00419.38742,E,001.06,036.6,021026,000.4,E*51"
18.7179,heen,0,"#107,YAW,0.56,GYRO,1,6,1,ACC,2,-1,252,ADC,1237,500,5,2,"
18.7180,heen,0,MM0 ?AI
18.7180,heen,0,MM1 ?AI
18.7180,heen,0,MM0 AI=0:0:2451:2475:0:0
18.7180,heen,0,MM1 AI=0:0:2375:2371:0:0
18.7180,heen,0,"#108,YAW,0.56,GYRO,0,5,0,ACC,1,0,255,ADC,1253,390,7,2,"
18.7180,heen,0,MM0 ?C
18.7180,heen,0,MM1 ?C
18.7525,heen,0,MM0 C=1083:-1071
18.7526,heen,0,MM1 C=1077:-1059
18.7526,heen,0,MM1 !M 0 0
18.7526,heen,0,MM0 !M 0 0
18.7526,heen,0,MM1 +
18.7526,heen,0,MM0 +
18.7526,heen,0,"#109,YAW,0.56,GYRO,1,7,0,ACC,1,-1,250,ADC,1231,381,5,2,"
18.7526,heen,0,MM0 ?D
18.7526,heen,0,MM1 ?D
18.7526,heen,0,MM0 D=16
18.7526,heen,0,MM1 D=50
18.7590,heen,0,STOP heen 3.0017
18.7732,pauze,0,"#110,YAW,0.56,GYRO,1,6,1,ACC,-1,1,249,ADC,1219,385,6,1,"
18.7732,pauze,0,MM0 ?FF
18.7732,pauze,0,MM1 ?FF
18.7732,pauze,0,MM0 FF=0
18.7732,pauze,0,MM1 FF=0
18.8086,pauze,0,"#111,YAW,0.56,GYRO,2,5,2,ACC,0,2,252,ADC,1230,384,6,1,"
18.8087,pauze,0,MM0 ?P
18.8087,pauze,0,MM1 ?P
18.8087,pauze,0,MM0 P=0:0
18.8087,pauze,0,MM1 P=0:0
18.8087,pauze,0,MM0 !M 0 0
18.8087,pauze,0,MM1 !M 0 0
18.8087,pauze,0,MM0 +
18.8087,pauze,0,MM1 +
18.8087,pauze,0,"#112,YAW,0.56,GYRO,1,5,0,ACC,2,2,253,ADC,1259,393,5,2,"
18.8087,pauze,0,MM1 ?S
18.8087,pauze,0,MM0 ?S
18.8087,pauze,0,MM0 S=0:0
18.8087,pauze,0,MM1 S=0:0
18.8351,pauze,0,"#113,YAW,0.56,GYRO,2,5,2,ACC,0,-1,253,ADC,1238,502,5,3,"
18.8351,pauze,0,MM0 ?T
18.8351,pauze,0,MM1 ?T
18.8351,pauze,0,MM0 T=34:33
18.8351,pauze,0,MM1 T=35:33
18.8511,pauze,0,"#114,YAW,0.56,GYRO,1,6,2,ACC,0,0,252,ADC,1264,391,6,2,"
18.8512,pauze,0,MM0 ?V
18.8512,pauze,0,MM1 ?V
18.8512,pauze,0,MM0 V=120:223:4902
18.8512,pauze,0,MM1 V=120:223:4900
18.8750,pauze,0,"#115,YAW,0.56,GYRO,0,4,1,ACC,-2,3,257,ADC,1254,391,7,2,"
18.8751,pauze,0,MM0 ?CR
18.8751,pauze,0,MM1 ?CR
18.8751,pauze,0,MM0 CR=0:0
18.8751,pauze,0,MM1 CR=0:0
18.9096,pauze,0,"#116,YAW,0.56,GYRO,0,4,0,ACC,-3,-1,251,ADC,1248,386,4,1,"
18.9096,pauze,0,MM0 ?A
18.9096,pauze,0,MM1 ?A
18.9096,pauze,0,MM0 A=0:0
18.9096,pauze,0,MM1 A=0:0
18.9096,pauze,0,MM0 !M 0 0
18.9096,pauze,0,MM1 !M 0 0
18.9096,pauze,0,MM0 +
18.9096,pauze,0,MM1 +
18.9096,pauze,0,"#117,YAW,0.56,GYRO,0,6,1,ACC,0,1,255,ADC,1222,383,5,2,"
18.9097,pauze,0,"$GPRMC,102930.4,A,5050.55696,N,00419.38738,E,001.11,032.6,021026,000.4,E*52"
18.9097,pauze,0,MM0 ?AI
18.9097,pauze,0,MM1 ?AI
18.9097,pauze,0,MM0 AI=0:0:2462:2469:0:0
18.9375,pauze,0,MM1 AI=0:0:2375:2374:0:0
18.9375,pauze,0,"#118,YAW,0.56,GYRO,0,6,0,ACC,-1,0,254,ADC,1262,381,4,1,"
18.9376,pauze,0,MM0 ?C
18.9376,pauze,0,MM1 ?C
18.9376,pauze,0,MM0 C=1083:-1071
18.9376,pauze,0,MM1 C=1077:-1059
18.9555,pauze,0,"#119,YAW,0.56,GYRO,0,7,2,ACC,2,-3,249,ADC,1248,392,4,2,"
18.9555,pauze,0,MM0 ?D
18.9555,pauze,0,MM1 ?D
18.9555,pauze,0,MM0 D=16
18.9556,pauze,0,MM1 D=50
18.9714,pauze,0,"#120,YAW,0.56,GYRO,0,6,0,ACC,3,0,255,ADC,1243,383,4,2,"
18.9715,pauze,0,MM1 ?FF
18.9715,pauze,0,MM0 ?FF
18.9715,pauze,0,MM0 FF=0
18.9715,pauze,0,MM1 FF=0
19.0055,pauze,0,"#121,YAW,0.56,GYRO,0,6,0,ACC,0,1,250,ADC,1300,502,5,2,"
19.0055,pauze,0,MM0 ?P
19.0055,pauze,0,MM1 ?P
19.0055,pauze,0,MM0 P=0:0
19.0055,pauze,0,MM1 P=0:0
19.0055,pauze,0,MM0 !M 0 0
19.0055,pauze,0,MM1 !M 0 0
19.0055,pauze,0,MM0 +
19.0055,pauze,0,MM1 +
19.0056,pauze,0,"#122,YAW,0.56,GYRO,1,7,1,ACC,1,1,257,ADC,1280,395,5,2,"
19.0056,pauze,0,MM0 ?S
19.0056,pauze,0,MM1 ?S
19.0056,pauze,0,MM0 S=0:0
19.0056,pauze,0,MM1 S=0:0
19.0266,pauze,0,"#123,YAW,0.56,GYRO,0,7,0,ACC,1,0,255,ADC,1250,387,7,2,"
19.0266,pauze,0,MM0 ?T
19.0266,pauze,0,MM1 ?T
19.0266,pauze,0,MM0 T=34:33
19.0266,pauze,0,MM1 T=35:33
19.0474,pauze,0,"#124,YAW,0.56,GYRO,1,4,0,ACC,-2,-1,254,ADC,1257,396,7,3,"
19.0475,pauze,0,MM0 ?V
19.0475,pauze,0,MM1 ?V
19.0475,pauze,0,MM0 V=120:223:4901
19.0475,pauze,0,MM1 V=120:223:4901
19.0685,pauze,0,"#125,YAW,0.56,GYRO,0,3,1,ACC,1,0,254,ADC,1249,388,7,1,"
19.0685,pauze,0,MM0 ?CR
19.0685,pauze,0,MM1 ?CR
19.0685,pauze,0,MM0 CR=0:0
19.0685,pauze,0,MM1 CR=0:0
19.1028,pauze,0,"#126,YAW,0.56,GYRO,0,4,0,ACC,-2,1,249,ADC,1235,380,5,2,"
19.1029,pauze,0,MM0 ?A
19.1029,pauze,0,MM1 ?A
19.1029,pauze,0,MM0 A=0:0
19.1029,pauze,0,MM1 A=0:0
19.1029,pauze,0,MM0 !M 0 0
19.1029,pauze,0,MM0 +
19.1029,pauze,0,MM1 !M 0 0
19.1029,pauze,0,MM1 +
19.1029,pauze,0,"$GPRMC,102930.6,A,5050.55652,N,00419.38742,E,001.13,032.0,021026,000.4,E*51"
19.1235,pauze,0,"#127,YAW,0.56,GYRO,1,4,1,ACC,2,-1,252,ADC,1260,390,5,2,"
19.1236,pauze,0,MM0 ?AI
19.1236,pauze,0,MM1 ?AI
19.1236,pauze,0,MM0 AI=0:0:2456:2459:0:0
19.1236,pauze,0,MM1 AI=0:0:2363:2384:0:0
19.1236,pauze,0,"#128,YAW,0.56,GYRO,0,6,1,ACC,2,1,256,ADC,1282,392,4,2,"
19.1236,pauze,0,MM0 ?C
19.1236,pauze,0,MM1 ?C
19.1236,pauze,0,MM0 C=1083:-1071
19.1236,pauze,0,MM1 C=1077:-1059
19.1446,pauze,0,"#129,YAW,0.56,GYRO,0,5,0,ACC,-3,0,249,ADC,1269,496,5,2,"
19.1446,pauze,0,MM1 ?D
19.1446,pauze,0,MM0 ?D
19.1446,pauze,0,MM1 D=58
19.1447,pauze,0,MM0 D=16
19.1654,pauze,0,"#130,YAW,0.56,GYRO,1,8,1,ACC,-1,-1,256,ADC,1258,394,6,2,"
19.1655,pauze,0,MM0 ?FF
19.1655,pauze,0,MM1 ?FF
19.1655,pauze,0,MM0 FF=0
19.1655,pauze,0,MM1 FF=0
19.1998,pauze,0,MM0 !M 0 0
19.1998,pauze,0,MM1 !M 0 0
19.1998,pauze,0,MM0 +
19.1998,pauze,0,MM1 +
19.1999,pauze,0,"#131,YAW,0.56,GYRO,-1,4,-1,ACC,-1,0,253,ADC,1238,328,7,2,"
19.1999,pauze,0,MM0 ?P
19.1999,pauze,0,MM1 ?P
19.1999,pauze,0,MM0 P=0:0
19.1999,pauze,0,MM1 P=0:0
19.1999,pauze,0,"#132,YAW,0.56,GYRO,0,6,1,ACC,-1,1,254,ADC,1241,408,5,2,"
19.1999,pauze,0,MM0 ?S
19.1999,pauze,0,MM1 ?S
19.1999,pauze,0,MM0 S=0:0
19.1999,pauze,0,MM1 S=0:0
19.2207,pauze,0,"#133,YAW,0.56,GYRO,0,6,1,ACC,-1,-1,251,ADC,1257,386,7,2,"
19.2207,pauze,0,MM0 ?T
19.2207,pauze,0,MM1 ?T
19.2207,pauze,0,MM0 T=34:33
19.2207,pauze,0,MM1 T=35:33
19.2413,pauze,0,"#134,YAW,0.56,GYRO,0,6,1,ACC,1,-1,251,ADC,1224,386,6,2,"
19.2413,pauze,0,MM0 ?V
19.2413,pauze,0,MM1 ?V
19.2413,pauze,0,MM0 V=120:223:4901
19.2413,pauze,0,MM1 V=120:223:4900
19.2625,pauze,0,"#135,YAW,0.56,GYRO,1,7,0,ACC,1,0,256,ADC,1218,389,6,2,"
19.2625,pauze,0,MM0 ?CR
19.2626,pauze,0,MM1 ?CR
19.2626,pauze,0,MM0 CR=0:0
19.2626,pauze,0,MM1 CR=0:0
19.2969,pauze,0,MM0 !M 0 0
19.2969,pauze,0,MM1 !M 0 0
19.2969,pauze,0,MM0 +
19.2969,pauze,0,MM1 +
19.2969,pauze,0,"#136,YAW,0.56,GYRO,2,7,1,ACC,-1,0,255,ADC,1250,380,5,2,"
19.2969,pauze,0,MM1 ?A
19.2969,pauze,0,MM0 ?A
19.2969,pauze,0,MM1 A=0:0
19.2969,pauze,0,MM0 A=0:0
19.3184,pauze,0,"$GPRMC,102930.8,A,5050.55581,N,00419.38746,E,001.15,032.7,021026,000.4,E*57"
19.3185,pauze,0,"#137,YAW,0.56,GYRO,1,6,0,ACC,-1,0,249,ADC,1263,385,5,1,"
19.3185,pauze,0,MM0 ?AI
19.3185,pauze,0,MM1 ?AI
19.3185,pauze,0,MM0 AI=0:0:2451:2472:0:0
19.3185,pauze,0,MM1 AI=0:0:2381:2380:0:0
19.3185,pauze,0,"#138,YAW,0.56,GYRO,0,4,2,ACC,-2,3,256,ADC,1266,393,5,2,"
19.3185,pauze,0,MM1 ?C
19.3386,pauze,0,MM0 ?C
19.3387,pauze,0,MM1 C=1077:-1059
19.3387,pauze,0,MM0 C=1083:-1071
19.3387,pauze,0,"#139,YAW,0.56,GYRO,0,4,0,ACC,-1,0,247,ADC,1250,497,6,2,"
19.3387,pauze,0,MM1 ?D
19.3387,pauze,0,MM0 ?D
19.3387,pauze,0,MM1 D=50
19.3597,pauze,0,MM0 D=24
19.3597,pauze,0,"#140,YAW,0.56,GYRO,1,6,1,ACC,-1,3,254,ADC,1246,493,6,2,"
19.3597,pauze,0,MM1 ?FF
19.3597,pauze,0,MM0 ?FF
19.3597,pauze,0,MM1 FF=0
19.3597,pauze,0,MM0 FF=0
19.4157,pauze,0,"#141,YAW,0.56,GYRO,0,4,-1,ACC,-3,0,254,ADC,1259,390,7,2,"
19.4157,pauze,0,MM1 ?P
19.4157,pauze,0,MM0 ?P
19.4157,pauze,0,MM1 P=0:0
19.4157,pauze,0,MM0 P=0:0
19.4157,pauze,0,MM0 !M 0 0
19.4157,pauze,0,MM1 !M 0 0
19.4157,pauze,0,MM0 +
19.4157,pauze,0,MM1 +
19.4157,pauze,0,"#142,YAW,0.56,GYRO,0,6,1,ACC,2,-1,254,ADC,1215,380,4,2,"
19.4157,pauze,0,MM1 ?S
19.4157,pauze,0,MM0 ?S
19.4157,pauze,0,MM1 S=0:0
19.4157,pauze,0,MM0 S=0:0
19.4315,pauze,0,"#143,YAW,0.56,GYRO,2,4,1,ACC,1,0,255,ADC,1269,499,6,2,"
19.4315,pauze,0,MM1 ?T
19.4315,pauze,0,MM0 ?T
19.4315,pauze,0,MM1 T=35:33
19.4315,pauze,0,MM0 T=34:33
19.4527,pauze,0,"#144,YAW,0.56,GYRO,0,4,0,ACC,-1,-1,249,ADC,1288,501,4,2,"
19.4527,pauze,0,MM1 ?V
19.4527,pauze,0,MM0 ?V
19.4527,pauze,0,MM1 V=120:223:4901
19.4527,pauze,0,MM0 V=120:225:4901
19.4736,pauze,0,"#145,YAW,0.56,GYRO,0,6,1,ACC,3,1,257,ADC,1250,500,5,2,"
19.4737,pauze,0,MM1 ?CR
19.4737,pauze,0,MM0 ?CR
19.4737,pauze,0,MM1 CR=0:0
19.4737,pauze,0,MM0 CR=0:0
19.5110,pauze,0,"#146,YAW,0.56,GYRO,0,5,0,ACC,-1,2,252,ADC,1266,499,4,1,"
19.5111,pauze,0,MM1 ?A
19.5111,pauze,0,MM0 ?A
19.5111,pauze,0,MM1 A=0:0
19.5111,pauze,0,MM0 A=0:0
19.5111,pauze,0,MM1 !M 0 0
19.5111,pauze,0,MM0 !M 0 0
19.5111,pauze,0,MM1 +
19.5111,pauze,0,MM0 +
19.5111,pauze,0,"$GPRMC,102931.0,A,5050.55519,N,00419.38757,E,001.21,034.2,021026,000.4,E*5B"
19.5111,pauze,0,"#147,YAW,0.56,GYRO,0,5,1,ACC,2,0,247,ADC,1217,384,6,2,"
19.5111,pauze,0,MM0 ?AI
19.5111,pauze,0,MM1 ?AI
19.5111,pauze,0,MM0 AI=0:0:2460:2455:0:0
19.5288,pauze,0,MM1 AI=0:0:2368:2361:0:0
19.5288,pauze,0,"#148,YAW,0.56,GYRO,0,5,1,ACC,0,-1,256,ADC,1266,386,4,1,"
19.5289,pauze,0,MM1 ?C
19.5289,pauze,0,MM0 ?C
19.5289,pauze,0,MM1 C=1077:-1059
19.5289,pauze,0,MM0 C=1083:-1071
19.5494,pauze,0,"#149,YAW,0.56,GYRO,1,6,2,ACC,0,0,253,ADC,1256,501,4,1,"
19.5494,pauze,0,MM1 ?D
19.5494,pauze,0,MM0 ?D
19.5494,pauze,0,MM1 D=50
19.5494,pauze,0,MM0 D=24
19.5704,pauze,0,"#150,YAW,0.56,GYRO,1,4,1,ACC,2,0,255,ADC,1270,502,4,2,"
19.5704,pauze,0,MM1 ?FF
19.5705,pauze,0,MM0 ?FF
19.5705,pauze,0,MM1 FF=0
19.5705,pauze,0,MM0 FF=0
19.6046,pauze,0,"#151,YAW,0.56,GYRO,1,6,1,ACC,-4,-1,252,ADC,1236,382,5,2,"
19.6046,pauze,0,MM1 ?P
19.6046,pauze,0,MM0 ?P
19.6046,pauze,0,MM1 P=0:0
19.6046,pauze,0,MM0 P=0:0
19.6046,pauze,0,MM1 !M 0 0
19.6046,pauze,0,MM0 !M 0 0
19.6046,pauze,0,MM1 +
19.6046,pauze,0,MM0 +
19.6046,pauze,0,"#152,YAW,0.56,GYRO,0,5,1,ACC,-2,1,254,ADC,1281,498,6,2,"
19.6046,pauze,0,MM1 ?S
19.6046,pauze,0,MM0 ?S
19.6046,pauze,0,MM1 S=0:0
19.6046,pauze,0,MM0 S=0:0
19.6257,pauze,0,"#153,YAW,0.56,GYRO,1,6,1,ACC,1,1,252,ADC,1253,384,4,2,"
19.6258,pauze,0,MM1 ?T
19.6258,pauze,0,MM0 ?T
19.6258,pauze,0,MM1 T=35:33
19.6258,pauze,0,MM0 T=34:33
19.6464,pauze,0,"#154,YAW,0.56,GYRO,1,5,0,ACC,3,-1,244,ADC,1219,392,5,2,"
19.6465,pauze,0,MM1 ?V
19.6465,pauze,0,MM0 ?V
19.6465,pauze,0,MM1 V=120:223:4901
19.6465,pauze,0,MM0 V=120:224:4901
19.6674,pauze,0,"#155,YAW,0.56,GYRO,1,6,-1,ACC,2,-1,256,ADC,1279,500,5,1,"
19.6674,pauze,0,MM1 ?CR
19.6674,pauze,0,MM0 ?CR
19.6675,pauze,0,MM1 CR=0:0
19.6675,pauze,0,MM0 CR=0:0
19.7017,pauze,0,"#156,YAW,0.56,GYRO,0,3,1,ACC,2,0,253,ADC,1268,399,5,1,"
19.7017,pauze,0,MM0 ?A
19.7017,pauze,0,MM1 ?A
19.7018,pauze,0,MM0 A=0:0
19.7018,pauze,0,MM1 A=0:0
19.7018,pauze,0,MM0 !M 0 0
19.7018,pauze,0,MM1 !M 0 0
19.7018,pauze,0,MM0 +
19.7018,pauze,0,MM1 +
19.7018,pauze,0,"$GPRMC,102931.2,A,5050.55467,N,00419.38768,E,001.22,037.3,021026,000.4,E*5C"
19.7018,pauze,0,"#157,YAW,0.56,GYRO,1,4,0,ACC,4,0,250,ADC,1300,310,5,1,"
19.7225,pauze,0,MM1 ?AI
19.7225,pauze,0,MM0 ?AI
19.7225,pauze,0,MM1 AI=0:0:2380:2368:0:0
19.7225,pauze,0,MM0 AI=0:0:2466:2461:0:0
19.7225,pauze,0,"#158,YAW,0.57,GYRO,1,4,2,ACC,6,1,258,ADC,1262,383,6,1,"
19.7226,pauze,0,MM1 ?C
19.7226,pauze,0,MM0 ?C
19.7226,pauze,0,MM1 C=1077:-1059
19.7226,pauze,0,MM0 C=1083:-1071
19.7434,pauze,0,"#159,YAW,0.57,GYRO,1,5,1,ACC,2,-1,250,ADC,1204,381,4,1,"
19.7434,pauze,0,MM1 ?D
19.7434,pauze,0,MM0 ?D
19.7434,pauze,0,MM0 D=16
19.7434,pauze,0,MM1 D=50
19.7645,pauze,0,"#160,YAW,0.57,GYRO,1,4,0,ACC,0,2,255,ADC,1257,382,5,2,"
19.7645,pauze,0,MM0 ?FF
19.7645,pauze,0,MM1 ?FF
19.7645,pauze,0,MM1 FF=0
19.7646,pauze,0,MM0 FF=0
19.7989,pauze,0,MM1 !M 0 0
19.7989,pauze,0,MM0 !M 0 0
19.7989,pauze,0,MM1 +
19.7989,pauze,0,MM0 +
19.7989,pauze,0,"#161,YAW,0.57,GYRO,0,5,1,ACC,2,1,258,ADC,1262,365,6,2,"
19.7990,pauze,0,MM1 ?P
19.7990,pauze,0,MM0 ?P
19.7990,pauze,0,MM1 P=0:0
19.7990,pauze,0,MM0 P=0:0
19.7990,pauze,0,"#162,YAW,0.57,GYRO,1,6,0,ACC,-2,0,249,ADC,1302,498,5,2,"
19.7990,pauze,0,MM0 ?S
19.7990,pauze,0,MM1 ?S
19.8198,pauze,0,MM0 S=0:0
19.8198,pauze,0,MM1 S=0:0
19.8198,pauze,0,"#163,YAW,0.57,GYRO,1,7,0,ACC,0,0,250,ADC,1263,388,7,2,"
19.8198,pauze,0,MM0 ?T
19.8198,pauze,0,MM1 ?T
19.8199,pauze,0,MM0 T=34:33
19.8418,pauze,0,MM1 T=35:33
19.8418,pauze,0,"#164,YAW,0.57,GYRO,2,5,1,ACC,-3,1,252,ADC,1251,503,6,2,"
19.8418,pauze,0,MM0 ?V
19.8418,pauze,0,MM1 ?V
19.8418,pauze,0,MM0 V=120:224:4901
19.8614,pauze,0,MM1 V=120:223:4899
19.8614,pauze,0,"#165,YAW,0.57,GYRO,0,6,1,ACC,1,0,250,ADC,1313,495,5,2,"
19.8614,pauze,0,MM0 ?CR
19.8614,pauze,0,MM1 ?CR
19.8615,pauze,0,MM0 CR=0:0
19.8615,pauze,0,MM1 CR=0:0
19.9118,pauze,0,"#166,YAW,0.57,GYRO,1,6,-1,ACC,0,-1,251,ADC,1263,390,5,2,"
19.9118,pauze,0,MM0 ?A
19.9118,pauze,0,MM1 ?A
19.9118,pauze,0,MM0 A=0:0
19.9118,pauze,0,MM1 A=0:0
19.9118,pauze,0,MM1 !M 0 0
19.9118,pauze,0,MM0 !M 0 0
19.9118,pauze,0,MM1 +
19.9118,pauze,0,MM0 +
19.9119,pauze,0,"$GPRMC,102931.4,A,5050.55419,N,00419.38782,E,001.25,040.0,021026,000.4,E*53"
19.9119,pauze,0,"#167,YAW,0.57,GYRO,1,6,1,ACC,2,0,254,ADC,1265,388,5,2,"
19.9119,pauze,0,MM0 ?AI
19.9119,pauze,0,MM1 ?AI
19.9119,pauze,0,MM0 AI=0:0:2452:2468:0:0
19.9119,pauze,0,MM1 AI=0:0:2376:2173:0:0
19.9326,pauze,0,"#168,YAW,0.57,GYRO,2,6,1,ACC,0,0,254,ADC,1265,502,8,2,"
19.9327,pauze,0,MM0 ?C
19.9327,pauze,0,MM1 ?C
19.9327,pauze,0,MM0 C=1083:-1071
19.9327,pauze,0,MM1 C=1077:-1059
19.9538,pauze,0,"#169,YAW,0.57,GYRO,1,4,0,ACC,0,0,253,ADC,1226,382,5,2,"
19.9538,pauze,0,MM0 ?D
19.9538,pauze,0,MM1 ?D
19.9538,pauze,0,MM0 D=16
19.9538,pauze,0,MM1 D=50
19.9754,pauze,0,"#170,YAW,0.57,GYRO,1,6,0,ACC,0,0,259,ADC,1247,398,8,2,"
19.9754,pauze,0,MM0 ?FF
19.9754,pauze,0,MM1 ?FF
19.9754,pauze,0,MM0 FF=0
19.9754,pauze,0,MM1 FF=0
20.0096,pauze,0,"#171,YAW,0.57,GYRO,-1,6,2,ACC,2,-1,254,ADC,1251,384,7,2,"
20.0096,pauze,0,MM0 ?P
20.0096,pauze,0,MM1 ?P
20.0096,pauze,0,MM0 P=0:0
20.0096,pauze,0,MM1 P=0:0
20.0096,pauze,0,MM0 !M 0 0
20.0096,pauze,0,MM1 !M 0 0
20.0096,pauze,0,MM0 +
20.0096,pauze,0,MM1 +
20.0096,pauze,0,"#172,YAW,0.57,GYRO,1,5,0,ACC,-1,1,257,ADC,1262,385,4,2,"
20.0096,pauze,0,MM0 ?S
20.0096,pauze,0,MM1 ?S
20.0097,pauze,0,MM0 S=0:0
20.0097,pauze,0,MM1 S=0:0
20.0306,pauze,0,"#173,YAW,0.57,GYRO,0,5,-1,ACC,-3,1,256,ADC,1250,385,6,2,"
20.0306,pauze,0,MM0 ?T
20.0306,pauze,0,MM1 ?T
20.0306,pauze,0,MM0 T=34:33
20.0306,pauze,0,MM1 T=35:33
20.0516,pauze,0,"#174,YAW,0.57,GYRO,1,5,1,ACC,-2,-1,252,ADC,1251,384,5,1,"
20.0516,pauze,0,MM0 ?V
20.0516,pauze,0,MM1 ?V
20.0516,pauze,0,MM0 V=120:223:4901
20.0516,pauze,0,MM1 V=120:223:4900
20.0736,pauze,0,"#175,YAW,0.57,GYRO,1,6,0,ACC,1,0,254,ADC,1216,397,7,2,"
20.0736,pauze,0,MM0 ?CR
20.0736,pauze,0,MM1 ?CR
20.0736,pauze,0,MM0 CR=0:0
20.0736,pauze,0,MM1 CR=0:0
20.1080,pauze,0,"#176,YAW,0.57,GYRO,1,6,0,ACC,-1,0,255,ADC,1282,501,5,2,"
20.1080,pauze,0,MM0 ?A
20.1080,pauze,0,MM1 ?A
20.1080,pauze,0,MM0 A=0:0
20.1080,pauze,0,MM1 A=0:0
20.1080,pauze,0,MM0 !M 0 0
20.1080,pauze,0,MM1 !M 0 0
20.1080,pauze,0,MM0 +
20.1080,pauze,0,MM1 +
20.1080,pauze,0,"$GPRMC,102931.6,A,5050.55372,N,00419.38792,E,001.27,041.6,021026,000.4,E*5F"
20.1080,pauze,0,"#177,YAW,0.57,GYRO,1,6,1,ACC,0,0,253,ADC,1246,392,6,2,"
20.1080,pauze,0,MM0 ?AI
20.1080,pauze,0,MM1 ?AI
20.1081,pauze,0,MM0 AI=0:0:2455:2470:0:0
20.1285,pauze,0,MM1 AI=0:0:2362:2178:0:0
20.1285,pauze,0,"#178,YAW,0.58,GYRO,1,5,1,ACC,2,0,253,ADC,1280,501,6,2,"
20.1285,pauze,0,MM0 ?C
20.1286,pauze,0,MM1 ?C
20.1286,pauze,0,MM0 C=1083:-1071
20.1286,pauze,0,MM1 C=1077:-1059
20.1495,pauze,0,"#179,YAW,0.58,GYRO,1,5,-1,ACC,-1,0,252,ADC,1258,501,6,1,"
20.1495,pauze,0,MM0 ?D
20.1495,pauze,0,MM1 ?D
20.1495,pauze,0,MM0 D=16
20.1495,pauze,0,MM1 D=50
20.1704,pauze,0,"#180,YAW,0.58,GYRO,0,6,0,ACC,2,-1,256,ADC,1210,395,5,2,"
20.1704,pauze,0,MM0 ?FF
20.1704,pauze,0,MM1 ?FF
20.1704,pauze,0,MM0 FF=0
20.1704,pauze,0,MM1 FF=0
20.2045,pauze,0,"#181,YAW,0.58,GYRO,1,4,0,ACC,0,0,251,ADC,1222,384,5,1,"
20.2045,pauze,0,MM0 ?P
20.2045,pauze,0,MM1 ?P
20.2045,pauze,0,MM0 P=0:0
20.2045,pauze,0,MM1 P=0:0
20.2045,pauze,0,MM1 !M 0 0
20.2045,pauze,0,MM0 !M 0 0
20.2045,pauze,0,MM1 +
20.2045,pauze,0,MM0 +
20.2045,pauze,0,"#182,YAW,0.58,GYRO,2,5,-1,ACC,3,-1,251,ADC,1237,393,6,2,"
20.2045,pauze,0,MM0 ?S
20.2045,pauze,0,MM1 ?S
20.2046,pauze,0,MM0 S=0:0
20.2046,pauze,0,MM1 S=0:0
20.2255,pauze,0,"#183,YAW,0.58,GYRO,1,5,1,ACC,2,-1,256,ADC,1232,500,4,2,"
20.2255,pauze,0,MM0 ?T
20.2255,pauze,0,MM1 ?T
20.2255,pauze,0,MM0 T=34:33
20.2255,pauze,0,MM1 T=36:33
20.2465,pauze,0,"#184,YAW,0.58,GYRO,0,6,1,ACC,1,0,253,ADC,1233,394,7,2,"
20.2466,pauze,0,MM0 ?V
20.2466,pauze,0,MM1 ?V
20.2466,pauze,0,MM0 V=120:223:4901
20.2466,pauze,0,MM1 V=120:223:4901
20.2674,terug,0,"#185,YAW,0.58,GYRO,2,6,0,ACC,0,-2,252,ADC,1267,396,3,1,"
20.2675,terug,0,MM0 ?CR
20.2675,terug,0,MM1 ?CR
20.2675,terug,0,MM0 CR=0:0
20.2675,terug,0,MM1 CR=0:0
20.3019,terug,0,"#186,YAW,0.58,GYRO,2,6,0,ACC,0,1,253,ADC,1214,383,5,2,"
20.3020,terug,0,MM0 ?A
20.3020,terug,0,MM1 ?A
20.3020,terug,0,MM0 A=0:0
20.3020,terug,0,MM1 A=0:0
20.3020,terug,0,MM0 !M 0 0
20.3020,terug,0,MM0 +
20.3020,terug,0,MM1 !M 0 0
20.3020,terug,0,MM1 +
20.3021,terug,0,"$GPRMC,102931.8,A,5050.55316,N,00419.38797,E,001.28,042.1,021026,000.4,E*5D"
20.3235,terug,0,"#187,YAW,0.58,GYRO,0,4,1,ACC,-2,0,252,ADC,1231,381,8,1,"
20.3236,terug,0,MM0 ?AI
20.3236,terug,0,MM1 ?AI
20.3236,terug,0,MM0 AI=0:0:2453:2468:0:0
20.3236,terug,0,MM1 AI=0:0:2368:2372:0:0
20.3236,terug,0,"#188,YAW,0.59,GYRO,1,6,-1,ACC,2,2,256,ADC,1277,383,4,2,"
20.3236,terug,0,MM0 ?C
20.3236,terug,0,MM1 ?C
20.3236,terug,0,MM0 C=1083:-1071
20.3236,terug,0,MM1 C=1077:-1059
20.3588,terug,0,MM1 !M 0 0
20.3588,terug,0,MM0 !M 0 0
20.3588,terug,0,MM1 +
20.3588,terug,0,MM0 +
20.3588,terug,0,"#189,YAW,0.59,GYRO,0,5,2,ACC,1,-1,250,ADC,1291,390,6,1,"
20.3588,terug,0,MM0 ?D
20.3588,terug,0,MM1 ?D
20.3588,terug,0,MM0 D=16
20.3588,terug,0,MM1 D=50
20.3588,terug,0,"#190,YAW,0.59,GYRO,-1,6,1,ACC,1,0,262,ADC,1293,494,6,2,"
20.3588,terug,0,MM0 ?FF
20.3588,terug,0,MM1 ?FF
20.3803,terug,0,MM0 FF=0
20.3803,terug,0,MM1 FF=0
20.3803,terug,0,"#191,YAW,0.59,GYRO,0,3,1,ACC,2,1,250,ADC,1243,406,6,2,"
20.3803,terug,0,MM0 ?P
20.3803,terug,0,MM1 ?P
20.3803,terug,0,MM0 P=0:0
20.3803,terug,0,MM1 P=0:0
20.4141,terug,0,MM1 !M 0 0
20.4141,terug,0,MM0 !M 0 0
20.4141,terug,0,MM1 +
20.4141,terug,0,MM0 +
20.4141,terug,0,"#192,YAW,0.59,GYRO,2,4,0,ACC,2,0,251,ADC,1263,391,7,2,"
20.4142,terug,0,MM0 ?S
20.4142,terug,0,MM1 ?S
20.4142,terug,0,MM0 S=0:0
20.4142,terug,0,MM1 S=0:0
20.4711,terug,0,"#193,YAW,0.59,GYRO,1,4,0,ACC,2,-1,256,ADC,1261,502,8,2,"
20.4713,terug,0,MM0 ?T
20.4713,terug,0,MM1 ?T
20.4713,terug,0,MM0 T=34:33
20.4713,terug,0,MM1 T=35:33
20.4713,terug,0,"#194,YAW,0.59,GYRO,1,4,2,ACC,3,0,253,ADC,1260,497,5,2,"
20.4713,terug,0,MM0 ?V
20.4713,terug,0,MM1 ?V
20.4713,terug,0,MM0 V=120:223:4901
20.4713,terug,0,MM1 V=120:223:4900
20.4713,terug,0,MM0 !M 0 0
20.4713,terug,0,MM1 !M 0 0
20.4713,terug,0,MM0 +
20.4713,terug,0,MM1 +
20.4713,terug,0,"#195,YAW,0.59,GYRO,2,7,1,ACC,2,1,255,ADC,1285,502,7,1,"
20.4714,terug,0,MM0 ?CR
20.4714,terug,0,MM1 ?CR
20.4714,terug,0,MM0 CR=0:0
20.4714,terug,0,MM1 CR=0:0
20.5050,terug,0,"#196,YAW,0.59,GYRO,1,4,2,ACC,0,0,250,ADC,1265,497,7,2,"
20.5050,terug,0,MM0 ?A
20.5050,terug,0,MM1 ?A
20.5050,terug,0,MM0 A=0:0
20.5050,terug,0,MM1 A=0:0
20.5050,terug,0,MM1 !M 0 0
20.5050,terug,0,MM0 !M 0 0
20.5050,terug,0,MM1 +
20.5050,terug,0,MM0 +
20.5050,terug,0,"$GPRMC,102932.0,A,5050.55270,N,00419.38805,E,001.34,040.6,021026,000.4,E*5B"
20.5050,terug,0,"#197,YAW,0.59,GYRO,-1,5,1,ACC,-2,-1,253,ADC,1256,398,8,2,"
20.5050,terug,0,MM0 ?AI
20.5050,terug,0,MM1 ?AI
20.5255,terug,0,MM0 AI=0:0:2450:2472:0:0
20.5255,terug,0,MM1 AI=0:0:2376:2380:0:0
20.5255,terug,0,"#198,YAW,0.60,GYRO,0,5,0,ACC,1,1,254,ADC,1253,390,4,1,"
20.5255,terug,0,MM0 ?C
20.5255,terug,0,MM1 ?C
20.5255,terug,0,MM0 C=1083:-1071
20.5255,terug,0,MM1 C=1077:-1059
20.5614,terug,0,MM0 !M 0 0
20.5614,terug,0,MM1 !M 0 0
20.5614,terug,0,MM0 +
20.5614,terug,0,MM1 +
20.5614,terug,0,"#199,YAW,0.60,GYRO,1,4,0,ACC,0,-1,248,ADC,1284,318,6,3,"
20.5614,terug,0,MM0 ?D
20.5614,terug,0,MM1 ?D
20.5614,terug,0,MM0 D=16
20.5615,terug,0,MM1 D=58
20.5615,terug,0,"#200,YAW,0.60,GYRO,1,6,1,ACC,2,1,256,ADC,1224,380,9,2,"
20.5615,terug,0,MM0 ?FF
20.5615,terug,0,MM1 ?FF
20.5704,terug,0,DOEL terug -3.0000 r=0.13360
20.5806,terug,0,MM0 FF=0
20.5806,terug,0,MM1 FF=0
20.5807,terug,0,"#201,YAW,0.60,GYRO,2,6,0,ACC,0,0,252,ADC,1263,502,5,2,"
20.5807,terug,0,MM0 ?P
20.5807,terug,0,MM1 ?P
20.5807,terug,0,MM0 P=0:0
20.5807,terug,0,MM1 P=0:0
20.6149,terug,0,MM0 !M 0 0
20.6150,terug,0,MM1 !M 0 0
20.6150,terug,0,MM0 +
20.6150,terug,0,MM1 +
20.6150,terug,0,"#202,YAW,0.60,GYRO,2,4,1,ACC,1,0,251,ADC,1218,383,5,2,"
20.6150,terug,0,MM0 ?S
20.6150,terug,0,MM1 ?S
20.6150,terug,0,MM0 S=0:0
20.6150,terug,0,MM1 S=0:0
20.6685,terug,-8,"#203,YAW,0.60,GYRO,0,5,1,ACC,4,-1,255,ADC,1218,395,8,2,"
20.6685,terug,-8,MM0 ?T
20.6685,terug,-8,MM1 ?T
20.6686,terug,-8,MM0 T=34:33
20.6686,terug,-8,MM1 T=35:33
20.6686,terug,-8,"#204,YAW,0.60,GYRO,1,3,0,ACC,-3,2,252,ADC,1266,398,6,2,"
20.6686,terug,-8,MM0 ?V
20.6686,terug,-8,MM1 ?V
20.6686,terug,-8,MM0 V=120:223:4901
20.6686,terug,-8,MM1 V=120:223:4900
20.6686,terug,-8,MM1 !M -8 8
20.6686,terug,-8,MM0 !M -8 8
20.6686,terug,-8,MM1 +
20.6686,terug,-8,MM0 +
20.6686,terug,-8,"#205,YAW,0.60,GYRO,1,5,0,ACC,1,3,254,ADC,1262,383,5,2,"
20.6686,terug,-8,MM0 ?CR
20.6686,terug,-8,MM1 ?CR
20.6686,terug,-8,MM0 CR=0:0
20.6686,terug,-8,MM1 CR=0:0
20.7209,terug,-16,"#206,YAW,0.60,GYRO,1,4,0,ACC,-2,0,250,ADC,1298,500,5,2,"
20.7210,terug,-16,MM0 ?A
20.7210,terug,-16,MM1 ?A
20.7210,terug,-16,MM0 A=0:0
20.7210,terug,-16,MM1 A=0:0
20.7210,terug,-16,"$GPRMC,102932.2,A,5050.55204,N,00419.38804,E,001.36,040.7,021026,000.4,E*58"
20.7210,terug,-16,"#207,YAW,0.60,GYRO,1,4,0,ACC,-2,-3,256,ADC,1230,380,4,1,"
20.7210,terug,-16,MM0 !M -16 16
20.7210,terug,-16,MM0 +
20.7210,terug,-16,MM1 !M -16 16
20.7210,terug,-16,MM1 +
20.7210,terug,-16,MM0 ?AI
20.7210,terug,-16,MM1 ?AI
20.7210,terug,-16,MM1 AI=0:0:2387:2378:0:0
20.7210,terug,-16,MM0 AI=0:0:2458:2457:0:0
20.7210,terug,-16,"#208,YAW,0.60,GYRO,1,7,0,ACC,-1,0,254,ADC,1238,336,6,2,"
20.7210,terug,-16,MM0 ?C
20.7210,terug,-16,MM1 ?C
20.7697,terug,-25,MM0 C=1083:-1071
20.7698,terug,-25,MM1 C=1077:-1059
20.7698,terug,-25,"#209,YAW,0.60,GYRO,0,1,2,ACC,-1,-1,251,ADC,1242,383,6,2,"
20.7698,terug,-25,MM0 ?D
20.7698,terug,-25,MM1 ?D
20.7698,terug,-25,MM0 D=16
20.7698,terug,-25,MM1 D=50
20.7698,terug,-25,MM0 !M -25 25
20.7698,terug,-25,MM1 !M -25 25
20.7698,terug,-25,MM0 +
20.7698,terug,-25,MM1 +
20.7698,terug,-25,"#210,YAW,0.60,GYRO,0,5,0,ACC,-1,-2,253,ADC,1260,385,5,1,"
20.7698,terug,-25,MM0 ?FF
20.7698,terug,-25,MM1 ?FF
20.7698,terug,-25,MM0 FF=0
20.7698,terug,-25,MM1 FF=0
20.8215,terug,-33,"#211,YAW,0.60,GYRO,-1,7,1,ACC,-1,1,256,ADC,1258,501,5,1,"
20.8216,terug,-33,MM0 ?P
20.8216,terug,-33,MM1 ?P
20.8216,terug,-33,MM0 P=-25:25
20.8216,terug,-33,MM1 P=-25:25
20.8216,terug,-33,"#212,YAW,0.60,GYRO,1,1,1,ACC,0,2,251,ADC,1282,401,4,2,"
20.8216,terug,-33,MM0 ?S
20.8216,terug,-33,MM1 ?S
20.8216,terug,-33,MM0 S=0:0
20.8216,terug,-33,MM1 S=0:0
20.8216,terug,-33,MM0 !M -33 33
20.8216,terug,-33,MM1 !M -33 33
20.8216,terug,-33,MM0 +
20.8216,terug,-33,MM1 +
20.8216,terug,-33,"#213,YAW,0.60,GYRO,2,7,-1,ACC,-1,3,251,ADC,1252,500,4,2,"
20.8216,terug,-33,MM0 ?T
20.8216,terug,-33,MM1 ?T
20.8216,terug,-33,MM0 T=34:33
20.8216,terug,-33,MM1 T=35:33
20.8705,terug,-42,"#214,YAW,0.60,GYRO,1,-1,0,ACC,-1,1,254,ADC,1270,501,6,2,"
20.8706,terug,-42,MM1 ?V
20.8706,terug,-42,MM0 ?V
20.8706,terug,-42,MM0 V=120:223:4901
20.8706,terug,-42,MM1 V=120:223:4899
20.8706,terug,-42,MM0 !M -42 42
20.8706,terug,-42,MM1 !M -42 42
20.8706,terug,-42,MM0 +
20.8706,terug,-42,MM1 +
20.8706,terug,-42,"#215,YAW,0.60,GYRO,0,3,1,ACC,3,0,248,ADC,1217,384,6,2,"
20.8706,terug,-42,MM0 ?CR
20.8706,terug,-42,MM1 ?CR
20.8706,terug,-42,MM0 CR=0:0
20.8706,terug,-42,MM1 CR=0:0
20.9208,terug,-50,"#216,YAW,0.60,GYRO,-2,20,-8,ACC,-6,1,258,ADC,1257,394,6,2,"
20.9208,terug,-50,MM0 ?A
20.9208,terug,-50,MM1 ?A
20.9208,terug,-50,MM0 A=0:0
20.9208,terug,-50,MM1 A=0:0
20.9208,terug,-50,"$GPRMC,102932.4,A,5050.55131,N,00419.38792,E,001.33,039.9,021026,000.4,E*5E"
20.9208,terug,-50,"#217,YAW,0.60,GYRO,1,-5,-14,ACC,-4,0,256,ADC,1249,385,6,2,"
20.9208,terug,-50,MM0 ?AI
20.9208,terug,-50,MM1 ?AI
20.9208,terug,-50,MM0 AI=0:0:2460:2456:0:0
20.9208,terug,-50,MM1 AI=0:0:2382:2379:0:0
20.9208,terug,-50,MM0 !M -50 50
20.9208,terug,-50,MM1 !M -50 50
20.9208,terug,-50,MM0 +
20.9208,terug,-50,MM1 +
20.9208,terug,-50,"#218,YAW,0.61,GYRO,0,14,-17,ACC,-13,1,245,ADC,1256,355,6,2,"
20.9208,terug,-50,MM1 ?C
20.9208,terug,-50,MM0 ?C
20.9716,terug,-58,MM0 C=1083:-1070
20.9716,terug,-58,MM1 C=1077:-1059
20.9717,terug,-58,"#219,YAW,0.61,GYRO,-1,-5,-6,ACC,-9,0,259,ADC,1247,391,5,2,"
20.9717,terug,-58,MM1 ?D
20.9717,terug,-58,MM0 ?D
20.9717,terug,-58,MM0 D=56
20.9717,terug,-58,MM1 D=50
20.9717,terug,-58,MM0 !M -59 57
20.9717,terug,-58,MM1 !M -59 57
20.9717,terug,-58,MM0 +
20.9717,terug,-58,MM1 +
20.9717,terug,-58,"#220,YAW,0.61,GYRO,-4,-2,16,ACC,-2,3,252,ADC,1273,385,8,2,"
20.9717,terug,-58,MM0 ?FF
20.9717,terug,-58,MM1 ?FF
20.9717,terug,-58,MM0 FF=0
20.9717,terug,-58,MM1 FF=0
21.0228,terug,-67,"#221,YAW,0.61,GYRO,-3,18,32,ACC,-11,0,245,ADC,1288,494,5,2,"
21.0229,terug,-67,MM0 ?P
21.0229,terug,-67,MM1 ?P
21.0229,terug,-67,MM0 P=-59:57
21.0229,terug,-67,MM1 P=-59:57
21.0229,terug,-67,"#222,YAW,0.61,GYRO,-4,-11,39,ACC,-3,-1,256,ADC,1217,392,4,2,"
21.0229,terug,-67,MM0 ?S
21.0229,terug,-67,MM1 ?S
21.0229,terug,-67,MM0 S=0:0
21.0229,terug,-67,MM1 S=0:0
21.0229,terug,-67,MM0 !M -68 66
21.0229,terug,-67,MM1 !M -68 66
21.0229,terug,-67,MM0 +
21.0229,terug,-67,MM1 +
21.0229,terug,-67,"#223,YAW,0.60,GYRO,-2,1,24,ACC,-6,-1,250,ADC,1276,501,6,2,"
21.0229,terug,-67,MM0 ?T
21.0229,terug,-67,MM1 ?T
21.0229,terug,-67,MM0 T=34:33
21.0229,terug,-67,MM1 T=35:33
21.0739,terug,-75,"#224,YAW,0.60,GYRO,-5,19,-19,ACC,-10,-1,255,ADC,1285,401,5,2,"
21.0739,terug,-75,MM0 ?V
21.0739,terug,-75,MM1 ?V
21.0739,terug,-75,MM0 V=120:221:4903
21.0739,terug,-75,MM1 V=120:223:4900
21.0740,terug,-75,MM0 !M -75 75
21.0740,terug,-75,MM1 !M -75 75
21.0740,terug,-75,MM0 +
21.0740,terug,-75,MM1 +
21.0740,terug,-75,"#225,YAW,0.61,GYRO,-10,11,-49,ACC,-5,1,257,ADC,1221,499,4,1,"
21.0740,terug,-75,MM0 ?CR
21.0740,terug,-75,MM1 ?CR
21.0740,terug,-75,MM0 CR=-2:3
21.0740,terug,-75,MM1 CR=-2:2
21.1238,terug,-84,"#226,YAW,0.61,GYRO,-3,11,-25,ACC,-8,3,253,ADC,1224,380,4,2,"
21.1239,terug,-84,MM0 ?A
21.1239,terug,-84,MM1 ?A
21.1239,terug,-84,MM0 A=0:0
21.1239,terug,-84,MM1 A=0:0
21.1239,terug,-84,"$GPRMC,102932.6,A,5050.55068,N,00419.38793,E,001.33,041.5,021026,000.4,E*53"
21.1239,terug,-84,"#227,YAW,0.61,GYRO,-6,-2,22,ACC,-15,-1,249,ADC,1200,381,5,2,"
21.1239,terug,-84,MM1 ?AI
21.1239,terug,-84,MM0 ?AI
21.1240,terug,-84,MM1 AI=0:0:2361:2383:0:0
21.1240,terug,-84,MM0 AI=0:0:2456:2461:0:0
21.1240,terug,-84,MM1 !M -84 84
21.1240,terug,-84,MM0 !M -84 84
21.1240,terug,-84,MM1 +
21.1240,terug,-84,MM0 +
21.1240,terug,-84,"#228,YAW,0.61,GYRO,-4,12,11,ACC,-13,-1,251,ADC,1236,303,6,1,"
21.1240,terug,-84,MM0 ?C
21.1240,terug,-84,MM1 ?C
21.1240,terug,-84,MM0 C=1079:-1067
21.1240,terug,-84,MM1 C=1073:-1055
21.1739,terug,-92,"#229,YAW,0.61,GYRO,-1,0,13,ACC,-9,-1,260,ADC,1260,392,5,2,"
21.1739,terug,-92,MM0 ?D
21.1739,terug,-92,MM1 ?D
21.1739,terug,-92,MM0 D=50
21.1739,terug,-92,MM1 D=51
21.1739,terug,-92,MM0 !M -92 92
21.1739,terug,-92,MM1 !M -92 92
21.1739,terug,-92,MM0 +
21.1739,terug,-92,MM1 +
21.1739,terug,-92,"#230,YAW,0.61,GYRO,-2,10,12,ACC,-18,-1,249,ADC,1252,382,5,2,"
21.1739,terug,-92,MM0 ?FF
21.1739,terug,-92,MM1 ?FF
21.1739,terug,-92,MM0 FF=0
21.1739,terug,-92,MM1 FF=0
21.2245,terug,-101,"#231,YAW,0.61,GYRO,-1,18,-18,ACC,-4,0,253,ADC,1263,501,8,2,"
21.2245,terug,-101,MM0 ?P
21.2245,terug,-101,MM1 ?P
21.2245,terug,-101,MM0 P=-92:92
21.2245,terug,-101,MM1 P=-92:92
21.2245,terug,-101,"#232,YAW,0.61,GYRO,1,-3,-4,ACC,-27,-1,246,ADC,1270,390,7,2,"
21.2245,terug,-101,MM0 ?S
21.2245,terug,-101,MM1 ?S
21.2245,terug,-101,MM0 S=0:75
21.2245,terug,-101,MM1 S=0:0
21.2246,terug,-101,"#233,YAW,0.61,GYRO,2,-6,-19,ACC,-4,1,255,ADC,1244,395,5,2,"
21.2246,terug,-101,MM0 ?T
21.2246,terug,-101,MM1 ?T
21.2246,terug,-101,MM0 T=34:33
21.2246,terug,-101,MM1 T=35:33
21.2760,terug,-109,"#234,YAW,0.61,GYRO,3,19,-11,ACC,-14,2,247,ADC,1257,388,5,2,"
21.2760,terug,-109,MM0 ?V
21.2760,terug,-109,MM1 ?V
21.2760,terug,-109,MM0 V=120:223:4903
21.2760,terug,-109,MM1 V=120:223:4899
21.2760,terug,-109,MM0 !M -101 101
21.2760,terug,-109,MM1 !M -101 101
21.2760,terug,-109,MM0 +
21.2760,terug,-109,MM1 +
21.2760,terug,-109,MM1 PING
21.2760,terug,-109,MM0 PING
21.2760,terug,-109,"#235,YAW,0.61,GYRO,9,-8,10,ACC,-24,0,243,ADC,1242,397,5,2,"
21.2760,terug,-109,MM1 ?CR
21.2760,terug,-109,MM0 ?CR
21.2760,terug,-109,MM1 CR=-8:9
21.2760,terug,-109,MM0 CR=-9:8
21.3247,terug,-117,"#236,YAW,0.61,GYRO,-3,-28,5,ACC,-14,4,255,ADC,1223,389,9,2,"
21.3248,terug,-117,MM0 ?A
21.3248,terug,-117,MM1 ?A
21.3248,terug,-117,MM0 A=0:5
21.3248,terug,-117,MM1 A=0:5
21.3248,terug,-117,MM0 !M -109 109
21.3248,terug,-117,MM1 !M -109 109
21.3248,terug,-117,MM0 +
21.3248,terug,-117,MM1 +
21.3248,terug,-117,MM0 PING
21.3248,terug,-117,MM1 PING
21.3248,terug,-117,"$GPRMC,102932.8,A,5050.55014,N,00419.38802,E,001.36,043.8,021026,000.4,E*5B"
21.3248,terug,-117,"#237,YAW,0.61,GYRO,1,-7,12,ACC,-27,7,256,ADC,1297,500,5,2,"
21.3248,terug,-117,MM1 ?AI
21.3248,terug,-117,MM0 ?AI
21.3248,terug,-117,MM1 AI=0:0:2374:2627:0:0
21.3248,terug,-117,MM0 AI=0:0:2452:2477:0:0
21.3248,terug,-117,"#238,YAW,0.62,GYRO,-8,-32,16,ACC,-18,1,258,ADC,1273,384,5,2,"
21.3248,terug,-117,MM0 ?C
21.3248,terug,-117,MM1 ?C
21.3248,terug,-117,MM0 C=1068:-1056
21.3249,terug,-117,MM1 C=1062:-1045
21.3757,terug,-126,"#239,YAW,0.62,GYRO,-6,-50,11,ACC,-13,-2,242,ADC,1259,384,6,2,"
21.3757,terug,-126,MM0 ?D
21.3757,terug,-126,MM1 ?D
21.3757,terug,-126,MM0 D=56
21.3757,terug,-126,MM1 D=50
21.3757,terug,-126,MM0 !M -117 117
21.3757,terug,-126,MM1 !M -117 117
21.3757,terug,-126,MM0 +
21.3757,terug,-126,MM1 +
21.3757,terug,-126,MM1 PING
21.3757,terug,-126,MM0 PING
21.3758,terug,-126,"#240,YAW,0.62,GYRO,-11,-20,5,ACC,-21,-1,253,ADC,1287,389,5,2,"
21.3758,terug,-126,MM1 ?FF
21.3758,terug,-126,MM0 ?FF
21.3758,terug,-126,MM1 FF=0
21.3758,terug,-126,MM0 FF=0
21.4276,terug,-134,"#241,YAW,0.62,GYRO,-1,-21,-10,ACC,-15,2,266,ADC,1311,501,9,2,"
21.4276,terug,-134,MM0 ?P
21.4276,terug,-134,MM1 ?P
21.4276,terug,-134,MM0 P=-117:117
21.4276,terug,-134,MM1 P=-117:117
21.4276,terug,-134,MM0 !M -126 126
21.4276,terug,-134,MM1 !M -126 126
21.4276,terug,-134,MM0 +
21.4277,terug,-134,MM1 +
21.4277,terug,-134,MM0 PING
21.4277,terug,-134,MM1 PING
21.4277,terug,-134,"#242,YAW,0.62,GYRO,1,-45,-15,ACC,-13,1,249,ADC,1243,383,5,1,"
21.4277,terug,-134,MM0 ?S
21.4277,terug,-134,MM1 ?S
21.4277,terug,-134,MM0 S=0:75
21.4277,terug,-134,MM1 S=0:75
21.4277,terug,-134,MM0 !M -134 134
21.4277,terug,-134,MM1 !M -134 134
21.4277,terug,-134,MM0 +
21.4277,terug,-134,MM1 +
21.4277,terug,-134,"#243,YAW,0.62,GYRO,-12,-20,2,ACC,-17,6,245,ADC,1264,388,5,2,"
21.4277,terug,-134,MM0 ?T
21.4277,terug,-134,MM1 ?T
21.4277,terug,-134,MM0 T=34:33
21.4277,terug,-134,MM1 T=35:33
21.4768,terug,-143,"#244,YAW,0.62,GYRO,-18,7,25,ACC,-11,8,258,ADC,1266,408,4,1,"
21.4768,terug,-143,MM1 ?V
21.4768,terug,-143,MM0 ?V
21.4768,terug,-143,MM1 V=120:222:4899
21.4768,terug,-143,MM0 V=120:221:4903
21.4768,terug,-143,MM1 !M -143 143
21.4768,terug,-143,MM0 !M -143 143
21.4768,terug,-143,MM0 +
21.4768,terug,-143,MM1 +
21.4768,terug,-143,"#245,YAW,0.62,GYRO,-24,7,35,ACC,2,6,260,ADC,1236,419,8,2,"
21.4769,terug,-143,MM1 ?CR
21.4769,terug,-143,MM0 ?CR
21.4769,terug,-143,MM1 CR=-17:16
21.4769,terug,-143,MM0 CR=-17:17
21.4769,terug,-143,"#246,YAW,0.62,GYRO,-4,5,20,ACC,-10,2,240,ADC,1239,381,6,2,"
21.5277,terug,-151,MM1 ?A
21.5277,terug,-151,MM0 ?A
21.5278,terug,-151,MM1 A=-4:5
21.5278,terug,-151,MM0 A=-4:5
21.5278,terug,-151,"#247,YAW,0.62,GYRO,17,4,-2,ACC,-19,-4,242,ADC,1265,500,7,2,"
21.5278,terug,-151,MM0 ?AI
21.5278,terug,-151,MM1 ?AI
21.5278,terug,-151,"$GPRMC,102933.0,A,5050.54952,N,00419.38794,E,001.33,043.7,021026,000.4,E*52"
21.5278,terug,-151,MM0 AI=0:0:2462:2435:0:0
21.5278,terug,-151,MM1 AI=0:0:2373:2382:0:0
21.5278,terug,-151,MM0 !M -151 151
21.5278,terug,-151,MM1 !M -151 151
21.5278,terug,-151,MM0 +
21.5278,terug,-151,MM1 +
21.5278,terug,-151,"#248,YAW,0.62,GYRO,18,3,-10,ACC,-22,-6,245,ADC,1294,344,7,1,"
21.5278,terug,-151,MM1 ?C
21.5278,terug,-151,MM0 ?C
21.5278,terug,-151,MM1 C=1043:-1026
21.5278,terug,-151,MM0 C=1049:-1037
21.5782,terug,-160,"#249,YAW,0.63,GYRO,20,-5,-13,ACC,-21,7,240,ADC,1279,503,8,2,"
21.5783,terug,-160,MM1 ?D
21.5783,terug,-160,MM0 ?D
21.5783,terug,-160,MM1 D=50
21.5783,terug,-160,MM0 D=58
21.5783,terug,-160,MM0 !M -160 160
21.5783,terug,-160,MM1 !M -160 160
21.5783,terug,-160,MM0 +
21.5783,terug,-160,MM1 +
21.5783,terug,-160,"#250,YAW,0.63,GYRO,35,-50,-10,ACC,-28,4,278,ADC,1255,322,4,1,"
21.5783,terug,-160,MM1 ?FF
21.5783,terug,-160,MM0 ?FF
21.5783,terug,-160,MM1 FF=0
21.5783,terug,-160,MM0 FF=0
21.5783,terug,-160,"#251,YAW,0.63,GYRO,7,-13,-12,ACC,-15,10,259,ADC,1279,502,5,2,"
21.5783,terug,-160,MM1 ?P
21.5985,terug,-168,MM0 ?P
21.5985,terug,-168,MM1 P=-160:160
21.5985,terug,-168,MM0 P=-160:160
21.5986,terug,-168,"#252,YAW,0.63,GYRO,14,2,-8,ACC,-8,0,241,ADC,1255,386,5,2,"
21.5986,terug,-168,MM1 ?S
21.5986,terug,-168,MM0 ?S
21.6336,terug,-176,MM0 S=-150:150
21.6336,terug,-176,MM1 S=-75:150
21.6336,terug,-176,MM1 !M -168 168
21.6336,terug,-176,MM0 !M -168 168
21.6336,terug,-176,MM1 +
21.6336,terug,-176,MM0 +
21.6336,terug,-176,"#253,YAW,0.63,GYRO,-27,-6,-8,ACC,-7,-4,271,ADC,1248,499,6,1,"
21.6336,terug,-176,MM1 ?T
21.6336,terug,-176,MM0 ?T
21.6336,terug,-176,MM1 T=35:33
21.6336,terug,-176,MM0 T=34:33
21.6675,terug,-176,"#254,YAW,0.63,GYRO,-21,80,3,ACC,-25,-5,263,ADC,1242,386,4,2,"
21.6675,terug,-176,MM1 ?V
21.6675,terug,-176,MM0 ?V
21.6675,terug,-176,MM1 V=120:222:4897
21.6675,terug,-176,MM0 V=120:223:4903
21.6676,terug,-176,MM1 !M -176 176
21.6676,terug,-176,MM0 !M -176 176
21.6676,terug,-176,MM1 +
21.6676,terug,-176,MM0 +
21.6676,terug,-176,"#255,YAW,0.63,GYRO,0,25,6,ACC,-6,-10,250,ADC,1267,502,5,1,"
21.6676,terug,-176,MM0 ?CR
21.6676,terug,-176,MM1 ?CR
21.6676,terug,-176,MM0 CR=-26:26
21.6676,terug,-176,MM1 CR=-26:26
21.6884,terug,-185,"#0,YAW,0.63,GYRO,19,12,4,ACC,-15,-5,222,ADC,1277,500,6,1,"
21.6886,terug,-185,MM0 ?A
21.6886,terug,-185,MM1 ?A
21.6886,terug,-185,MM0 A=-9:5
21.6886,terug,-185,MM1 A=-9:10
21.7227,terug,-185,"$GPRMC,102933.2,A,5050.54887,N,00419.38782,E,001.30,041.9,021026,000.4,E*51"
21.7227,terug,-185,"#1,YAW,0.63,GYRO,30,-9,-3,ACC,-18,-5,255,ADC,1219,390,6,1,"
21.7228,terug,-185,MM0 ?AI
21.7228,terug,-185,MM1 ?AI
21.7228,terug,-185,MM0 AI=0:0:2468:2466:0:0
21.7228,terug,-185,MM1 AI=0:0:2357:2375:0:0
21.7228,terug,-185,MM0 !M -185 185
21.7228,terug,-185,MM1 !M -185 185
21.7228,terug,-185,MM0 +
21.7228,terug,-185,MM1 +
21.7228,terug,-185,"#2,YAW,0.63,GYRO,16,-49,-31,ACC,-23,7,275,ADC,1283,341,4,2,"
21.7228,terug,-185,MM1 ?C
21.7228,terug,-185,MM0 ?C
21.7228,terug,-185,MM0 C=1020:-1008
21.7434,terug,-193,MM1 C=1014:-997
21.7434,terug,-193,"#3,YAW,0.63,GYRO,2,-40,-33,ACC,-7,22,256,ADC,1239,387,7,2,"
21.7435,terug,-193,MM1 ?D
21.7435,terug,-193,MM0 ?D
21.7435,terug,-193,MM1 D=9
21.7435,terug,-193,MM0 D=3
21.7825,terug,-193,"#4,YAW,0.63,GYRO,29,-37,-33,ACC,-18,6,226,ADC,1253,384,5,2,"
21.7826,terug,-193,MM1 ?FF
21.7826,terug,-193,MM0 ?FF
21.7826,terug,-193,MM0 FF=0
21.7826,terug,-193,MM1 FF=0
21.7826,terug,-193,MM1 !M -193 193
21.7826,terug,-193,MM0 !M -193 193
21.7826,terug,-193,MM1 +
21.7826,terug,-193,MM0 +
21.7826,terug,-193,"#5,YAW,0.63,GYRO,-74,-28,8,ACC,-14,1,272,ADC,1216,382,5,1,"
21.7826,terug,-193,MM0 ?P
21.7826,terug,-193,MM1 ?P
21.7826,terug,-193,MM0 P=-193:193
21.7826,terug,-193,MM1 P=-193:193
21.8327,terug,-202,"#6,YAW,0.63,GYRO,-8,65,42,ACC,-19,1,243,ADC,1273,382,5,2,"
21.8327,terug,-202,MM0 ?S
21.8327,terug,-202,MM1 ?S
21.8327,terug,-202,MM0 S=-150:150
21.8328,terug,-202,MM1 S=-150:75
21.8328,terug,-202,MM1 !M -203 201
21.8328,terug,-202,MM0 !M -203 201
21.8328,terug,-202,MM1 +
21.8328,terug,-202,MM0 +
21.8328,terug,-202,"#7,YAW,0.63,GYRO,27,122,47,ACC,-7,-12,223,ADC,1282,389,7,2,"
21.8328,terug,-202,MM0 ?T
21.8328,terug,-202,MM1 ?T
21.8328,terug,-202,MM0 T=34:33
21.8328,terug,-202,MM1 T=35:33
21.8812,terug,-210,"#8,YAW,0.63,GYRO,55,11,29,ACC,-22,-9,233,ADC,1260,499,5,2,"
21.8813,terug,-210,MM0 ?V
21.8813,terug,-210,MM1 ?V
21.8813,terug,-210,MM0 V=120:223:4902
21.8813,terug,-210,MM1 V=120:221:4899
21.8813,terug,-210,"#9,YAW,0.63,GYRO,39,18,-12,ACC,-6,10,332,ADC,1238,383,4,2,"
21.8813,terug,-210,MM0 ?CR
21.8813,terug,-210,MM1 ?CR
21.8813,terug,-210,MM0 CR=-35:34
21.8813,terug,-210,MM1 CR=-36:35
21.8813,terug,-210,MM0 !M -210 210
21.8813,terug,-210,MM1 !M -210 210
21.8813,terug,-210,MM0 +
21.8813,terug,-210,MM1 +
21.8813,terug,-210,"#10,YAW,0.63,GYRO,30,108,-34,ACC,-19,7,248,ADC,1275,393,7,2,"
21.8813,terug,-210,MM1 ?A
21.8813,terug,-210,MM0 ?A
21.8813,terug,-210,MM1 A=-8:9
21.8813,terug,-210,MM0 A=-3:4
21.9319,terug,-218,"$GPRMC,102933.4,A,5050.54817,N,00419.38772,E,001.26,042.0,021026,000.4,E*5C"
21.9319,terug,-218,"#11,YAW,0.63,GYRO,-8,28,-7,ACC,-4,7,229,ADC,1246,384,6,2,"
21.9319,terug,-218,MM0 ?AI
21.9320,terug,-218,MM1 ?AI
21.9320,terug,-218,MM0 AI=0:0:2457:2480:0:0
21.9320,terug,-218,MM1 AI=0:0:2363:2395:0:0
21.9320,terug,-218,"#12,YAW,0.64,GYRO,-55,102,29,ACC,-13,18,260,ADC,1301,392,6,2,"
21.9320,terug,-218,MM0 ?C
21.9320,terug,-218,MM1 ?C
21.9320,terug,-218,MM0 C=982:-970
21.9320,terug,-218,MM1 C=976:-959
21.9817,terug,-227,"#13,YAW,0.64,GYRO,60,21,41,ACC,-26,-17,223,ADC,1254,381,5,2,"
21.9818,terug,-227,MM0 ?D
21.9818,terug,-227,MM1 ?D
21.9818,terug,-227,MM0 D=51
21.9818,terug,-227,MM1 D=59
21.9818,terug,-227,MM0 !M -218 218
21.9818,terug,-227,MM1 !M -218 218
21.9818,terug,-227,MM0 +
21.9818,terug,-227,MM1 +
21.9818,terug,-227,MM0 PING
21.9818,terug,-227,MM1 PING
21.9818,terug,-227,"#14,YAW,0.64,GYRO,16,-60,19,ACC,-17,-16,241,ADC,1221,391,7,2,"
21.9818,terug,-227,MM0 ?FF
21.9818,terug,-227,MM0 FF=0
21.9818,terug,-227,MM1 ?FF
21.9818,terug,-227,MM1 FF=0
21.9818,terug,-227,MM0 !M -227 227
21.9818,terug,-227,MM1 !M -227 227
21.9818,terug,-227,MM0 +
21.9818,terug,-227,MM1 +
21.9818,terug,-227,"#15,YAW,0.64,GYRO,-45,-41,-15,ACC,-21,21,305,ADC,1236,384,4,1,"
21.9819,terug,-227,MM0 ?P
21.9819,terug,-227,MM1 ?P
21.9819,terug,-227,MM0 P=-227:227
21.9819,terug,-227,MM1 P=-227:227
22.0327,terug,-235,"#16,YAW,0.64,GYRO,25,10,-29,ACC,5,12,249,ADC,1261,500,6,2,"
22.0328,terug,-235,MM0 ?S
22.0328,terug,-235,MM1 ?S
22.0328,terug,-235,MM0 S=-150:150
22.0328,terug,-235,MM1 S=-150:150
22.0328,terug,-235,MM0 !M -235 235
22.0328,terug,-235,MM1 !M -235 235
22.0328,terug,-235,MM0 +
22.0328,terug,-235,MM1 +
22.0328,terug,-235,"#17,YAW,0.64,GYRO,-140,-4,9,ACC,-22,10,224,ADC,1248,386,3,1,"
22.0328,terug,-235,MM0 ?T
22.0328,terug,-235,MM1 ?T
22.0328,terug,-235,MM0 T=34:33
22.0328,terug,-235,MM1 T=35:33
22.0835,terug,-244,"#18,YAW,0.64,GYRO,57,73,3,ACC,-6,-24,228,ADC,1270,393,5,3,"
22.0836,terug,-244,MM0 ?V
22.0836,terug,-244,MM1 ?V
22.0836,terug,-244,MM1 V=120:225:4898
22.0836,terug,-244,MM0 V=120:222:4903
22.0836,terug,-244,"#19,YAW,0.64,GYRO,-14,5,-19,ACC,-13,-25,259,ADC,1311,499,6,2,"
22.0836,terug,-244,MM0 ?CR
22.0836,terug,-244,MM1 ?CR
22.0836,terug,-244,MM0 CR=-44:45
22.0836,terug,-244,MM1 CR=-43:43
22.0836,terug,-244,MM0 !M -244 244
22.0836,terug,-244,MM1 !M -244 244
22.0836,terug,-244,MM0 +
22.0836,terug,-244,MM1 +
22.0836,terug,-244,"#20,YAW,0.64,GYRO,-98,-68,-25,ACC,-22,36,277,ADC,1318,499,5,2,"
22.0836,terug,-244,MM0 ?A
22.0836,terug,-244,MM1 ?A
22.0836,terug,-244,MM0 A=-11:8
22.0837,terug,-244,MM1 A=-11:8
22.1215,terug,-250,"$GPRMC,102933.6,A,5050.54745,N,00419.38757,E,001.19,043.6,021026,000.4,E*5A"
22.1215,terug,-250,"#21,YAW,0.64,GYRO,63,14,-41,ACC,-9,18,274,ADC,1291,500,7,2,"
22.1215,terug,-250,MM0 ?AI
22.1215,terug,-250,MM1 ?AI
22.1215,terug,-250,MM0 AI=0:0:2449:2460:0:0
22.1215,terug,-250,MM1 AI=0:0:2369:2367:0:0
22.1215,terug,-250,"#22,YAW,0.64,GYRO,-37,65,5,ACC,-1,-1,249,ADC,1299,500,6,2,"
22.1215,terug,-250,MM0 ?C
22.1215,terug,-250,MM1 ?C
22.1216,terug,-250,MM0 C=935:-924
22.1417,terug,-250,MM1 C=930:-913
22.1418,terug,-250,MM0 !M -250 250
22.1418,terug,-250,MM1 !M -250 250
22.1418,terug,-250,MM0 +
22.1418,terug,-250,MM1 +
22.1418,terug,-250,"#23,YAW,0.64,GYRO,86,80,10,ACC,-15,-25,183,ADC,1292,502,6,2,"
22.1418,terug,-250,MM0 ?D
22.1418,terug,-250,MM1 ?D
22.1418,terug,-250,MM0 D=18
22.1418,terug,-250,MM1 D=18
22.1757,terug,-250,MM1 !M -251 249
22.1757,terug,-250,MM0 !M -251 249
22.1757,terug,-250,MM1 +
22.1757,terug,-250,MM0 +
22.1757,terug,-250,"#24,YAW,0.64,GYRO,79,-12,8,ACC,-21,-4,213,ADC,1253,347,5,2,"
22.1757,terug,-250,MM0 ?FF
22.1757,terug,-250,MM1 ?FF
22.1757,terug,-250,MM0 FF=0
22.1757,terug,-250,MM1 FF=0
22.1966,terug,-250,"#25,YAW,0.64,GYRO,-74,-36,-20,ACC,8,32,421,ADC,1270,500,6,2,"
22.1966,terug,-250,MM0 ?P
22.1967,terug,-250,MM1 ?P
22.1967,terug,-250,MM0 P=-251:249
22.1967,terug,-250,MM1 P=-251:249
22.2304,terug,-250,"#26,YAW,0.64,GYRO,72,145,-16,ACC,-1,15,233,ADC,1237,383,4,1,"
22.2304,terug,-250,MM0 ?S
22.2304,terug,-250,MM1 ?S
22.2304,terug,-250,MM0 S=-225:150
22.2304,terug,-250,MM1 S=-225:150
22.2305,terug,-250,"#27,YAW,0.64,GYRO,-36,22,27,ACC,-14,-9,166,ADC,1281,499,7,2,"
22.2305,terug,-250,MM0 ?T
22.2305,terug,-250,MM1 ?T
22.2305,terug,-250,MM0 T=34:33
22.2305,terug,-250,MM1 T=35:33
22.2853,terug,-250,"#28,YAW,0.64,GYRO,110,15,26,ACC,-23,-36,238,ADC,1293,501,3,1,"
22.2853,terug,-250,MM0 ?V
22.2853,terug,-250,MM1 ?V
22.2853,terug,-250,MM0 V=120:223:4903
22.2853,terug,-250,MM1 V=120:222:4898
22.2853,terug,-250,MM0 !M -251 249
22.2853,terug,-250,MM1 !M -251 249
22.2853,terug,-250,MM0 +
22.2853,terug,-250,MM1 +
22.2853,terug,-250,MM1 PING
22.2853,terug,-250,MM0 PING
22.2853,terug,-250,"#29,YAW,0.64,GYRO,-53,-153,12,ACC,-23,16,358,ADC,1255,384,5,1,"
22.2853,terug,-250,MM0 ?CR
22.2853,terug,-250,MM1 ?CR
22.2853,terug,-250,MM0 CR=-52:51
22.2853,terug,-250,MM1 CR=-51:51
22.2854,terug,-250,"#30,YAW,0.64,GYRO,40,-114,7,ACC,11,22,243,ADC,1268,395,5,2,"
22.2854,terug,-250,MM0 ?A
22.2854,terug,-250,MM1 ?A
22.2854,terug,-250,MM0 A=-2:4
22.2854,terug,-250,MM1 A=-6:8
22.3360,terug,-250,"$GPRMC,102933.8,A,5050.54679,N,00419.38742,E,001.14,043.0,021026,000.4,E*55"
22.3361,terug,-250,"#31,YAW,0.64,GYRO,-59,136,20,ACC,8,46,170,ADC,1296,306,4,1,"
22.3362,terug,-250,MM0 ?AI
22.3362,terug,-250,MM1 ?AI
22.3362,terug,-250,MM0 AI=0:0:2444:2478:0:0
22.3362,terug,-250,MM1 AI=0:0:2354:2386:0:0
22.3362,terug,-250,MM0 !M -251 249
22.3362,terug,-250,MM1 !M -251 249
22.3362,terug,-250,MM0 +
22.3362,terug,-250,MM1 +
22.3362,terug,-250,MM1 PING
22.3362,terug,-250,MM0 PING
22.3362,terug,-250,"#32,YAW,0.65,GYRO,29,-9,8,ACC,-2,-16,266,ADC,1250,345,7,2,"
22.3362,terug,-250,MM0 ?C
22.3362,terug,-250,MM1 ?C
22.3362,terug,-250,MM0 C=881:-870
22.3362,terug,-250,MM1 C=877:-860
22.3855,terug,-250,"#33,YAW,0.65,GYRO,-211,4,0,ACC,21,30,432,ADC,1199,379,6,1,"
22.3855,terug,-250,MM0 ?D
22.3855,terug,-250,MM1 ?D
22.3856,terug,-250,MM0 D=33
22.3856,terug,-250,MM1 D=51
22.3856,terug,-250,MM1 !M -250 250
22.3856,terug,-250,MM0 !M -250 250
22.3856,terug,-250,MM0 +
22.3856,terug,-250,MM1 +
22.3856,terug,-250,MM1 PING
22.3856,terug,-250,MM0 PING
22.3856,terug,-250,"#34,YAW,0.65,GYRO,70,289,-13,ACC,40,-6,209,ADC,1251,501,5,2,"
22.3856,terug,-250,MM0 ?FF
22.3856,terug,-250,MM1 ?FF
22.3856,terug,-250,MM0 FF=0
22.3856,terug,-250,MM1 FF=0
22.3856,terug,-250,"#35,YAW,0.65,GYRO,-4,556,-17,ACC,-15,3,101,ADC,1321,502,5,2,"
22.3856,terug,-250,MM0 ?P
22.3856,terug,-250,MM1 ?P
22.3856,terug,-250,MM0 P=-250:250
22.3856,terug,-250,MM1 P=-250:250
22.4428,terug,-250,"#36,YAW,0.65,GYRO,46,29,-19,ACC,0,15,114,ADC,1244,500,5,2,"
22.4428,terug,-250,MM0 ?S
22.4428,terug,-250,MM1 ?S
22.4428,terug,-250,MM0 S=-225:150
22.4428,terug,-250,MM1 S=-225:225
22.4428,terug,-250,MM1 !M -250 250
22.4428,terug,-250,MM0 !M -250 250
22.4428,terug,-250,MM1 +
22.4428,terug,-250,MM0 +
22.4428,terug,-250,MM0 PING
22.4429,terug,-250,MM1 PING
22.4429,terug,-250,"#37,YAW,0.65,GYRO,29,-536,-37,ACC,-13,124,404,ADC,1288,500,8,2,"
22.4429,terug,-250,MM0 ?T
22.4429,terug,-250,MM1 ?T
22.4429,terug,-250,MM0 T=34:33
22.4429,terug,-250,MM1 T=35:33
22.4429,terug,-250,"#38,YAW,0.65,GYRO,-69,183,-67,ACC,17,22,368,ADC,1246,500,5,1,"
22.4429,terug,-250,MM0 ?V
22.4429,terug,-250,MM1 ?V
22.4429,terug,-250,MM0 V=120:223:4902
22.4429,terug,-250,MM1 V=120:223:4898
22.4768,terug,-250,MM0 !M -251 249
22.4768,terug,-250,MM1 !M -251 249
22.4768,terug,-250,MM0 +
22.4768,terug,-250,MM1 +
22.4768,terug,-250,MM0 PING
22.4768,terug,-250,MM1 PING
22.4769,terug,-250,MM1 !M -251 249
22.4769,terug,-250,MM0 !M -251 249
22.4769,terug,-250,MM1 +
22.4769,terug,-250,MM0 +
22.4769,terug,-250,"#39,YAW,0.65,GYRO,98,237,-28,ACC,-25,-6,197,ADC,1280,367,7,2,"
22.4769,terug,-250,MM0 ?CR
22.4769,terug,-250,MM1 ?CR
22.4769,terug,-250,MM0 CR=-54:54
22.4769,terug,-250,MM1 CR=-55:55
22.4975,terug,-250,"#40,YAW,0.65,GYRO,-118,79,27,ACC,10,13,131,ADC,1267,393,6,1,"
22.4976,terug,-250,MM0 ?A
22.4976,terug,-250,MM1 ?A
22.4976,terug,-250,MM1 A=-6:8
22.4976,terug,-250,MM0 A=-2:12
22.4976,terug,-250,"#41,YAW,0.65,GYRO,-28,-240,34,ACC,-7,-32,339,ADC,1231,382,5,2,"
22.5316,terug,-250,"$GPRMC,102934.0,A,5050.54628,N,00419.38725,E,001.06,044.0,021026,000.4,E*5B"
22.5316,terug,-250,MM0 ?AI
22.5316,terug,-250,MM1 ?AI
22.5316,terug,-250,MM0 AI=0:0:2470:2462:0:0
22.5316,terug,-250,MM1 AI=0:0:2378:2411:0:0
22.5316,terug,-250,"#42,YAW,0.65,GYRO,9,-190,-18,ACC,-21,-29,189,ADC,1234,399,6,2,"
22.5316,terug,-250,MM0 ?C
22.5316,terug,-250,MM1 ?C
22.5316,terug,-250,MM0 C=828:-817
22.5316,terug,-250,MM1 C=823:-806
22.5527,terug,-250,"#43,YAW,0.66,GYRO,37,-516,-67,ACC,-38,19,198,ADC,1265,381,4,1,"
22.5527,terug,-250,MM0 ?D
22.5527,terug,-250,MM1 ?D
22.5527,terug,-250,MM0 D=0
22.5527,terug,-250,MM1 D=2
22.5527,terug,-250,MM0 !M -252 248
22.5528,terug,-250,MM1 !M -252 248
22.5528,terug,-250,MM0 +
22.5865,terug,-250,MM1 +
22.5865,terug,-250,MM0 PING
22.5865,terug,-250,MM1 PING
22.5865,terug,-250,"#44,YAW,0.66,GYRO,175,-91,-44,ACC,-19,35,527,ADC,1247,350,4,1,"
22.5865,terug,-250,MM0 ?FF
22.5865,terug,-250,MM1 ?FF
22.5865,terug,-250,MM0 FF=0
22.5865,terug,-250,MM1 FF=0
22.5865,terug,-250,"#45,YAW,0.66,GYRO,20,449,-23,ACC,-2,33,94,ADC,1292,384,6,1,"
22.5865,terug,-250,MM0 ?P
22.5865,terug,-250,MM1 ?P
22.5865,terug,-250,MM0 P=-252:248
22.5865,terug,-250,MM1 P=-252:248
22.6409,terug,-250,"#46,YAW,0.66,GYRO,221,22,32,ACC,28,7,127,ADC,1268,501,8,1,"
22.6409,terug,-250,MM0 ?S
22.6409,terug,-250,MM1 ?S
22.6409,terug,-250,MM0 S=-150:225
22.6409,terug,-250,MM1 S=-225:225
22.6409,terug,-250,MM0 !M -252 248
22.6409,terug,-250,MM1 !M -252 248
22.6409,terug,-250,MM0 +
22.6409,terug,-250,MM1 +
22.6409,terug,-250,MM0 PING
22.6409,terug,-250,MM1 PING
22.6409,terug,-250,"#47,YAW,0.66,GYRO,-267,-161,5,ACC,4,-32,316,ADC,1254,383,7,3,"
22.6409,terug,-250,MM0 ?T
22.6409,terug,-250,MM1 ?T
22.6409,terug,-250,MM0 T=34:33
22.6409,terug,-250,MM1 T=35:33
22.6409,terug,-250,MM0 !M -253 247
22.6410,terug,-250,MM1 !M -253 247
22.6410,terug,-250,MM0 +
22.6410,terug,-250,MM1 +
22.6410,terug,-250,"#48,YAW,0.66,GYRO,-30,86,12,ACC,-13,19,296,ADC,1290,503,6,2,"
22.6410,terug,-250,MM0 ?V
22.6410,terug,-250,MM1 ?V
22.6410,terug,-250,MM0 V=120:223:4904
22.6915,terug,-250,MM1 V=120:222:4898
22.6915,terug,-250,"#49,YAW,0.66,GYRO,99,82,-2,ACC,21,-36,144,ADC,1210,380,6,2,"
22.6915,terug,-250,MM0 ?CR
22.6916,terug,-250,MM1 ?CR
22.6916,terug,-250,MM0 CR=-56:56
22.6916,terug,-250,MM1 CR=-56:56
22.6916,terug,-250,MM0 !M -252 248
22.6916,terug,-250,MM1 !M -252 248
22.6916,terug,-250,MM0 +
22.6916,terug,-250,MM1 +
22.6916,terug,-250,"#50,YAW,0.66,GYRO,13,-12,-27,ACC,-14,-20,194,ADC,1242,383,7,2,"
22.6916,terug,-250,MM0 ?A
22.6916,terug,-250,MM1 ?A
22.6916,terug,-250,MM0 A=-2:0
22.6916,terug,-250,MM1 A=-2:4
22.7417,terug,-250,"$GPRMC,102934.2,A,5050.54575,N,00419.38703,E,000.98,045.4,021026,000.4,E*55"
22.7417,terug,-250,"#51,YAW,0.66,GYRO,-132,-321,-40,ACC,14,5,467,ADC,1274,392,8,2,"
22.7417,terug,-250,MM0 ?AI
22.7417,terug,-250,MM1 ?AI
22.7417,terug,-250,MM0 AI=0:0:2472:2470:0:0
22.7417,terug,-250,MM1 AI=0:0:2370:2373:0:0
22.7417,terug,-250,"#52,YAW,0.67,GYRO,51,173,-19,ACC,4,12,238,ADC,1269,320,7,2,"
22.7417,terug,-250,MM0 ?C
22.7418,terug,-250,MM1 ?C
22.7418,terug,-250,MM0 C=771:-760
22.7418,terug,-250,MM1 C=766:-749
22.7418,terug,-250,MM0 !M -253 247
22.7418,terug,-250,MM1 !M -253 247
22.7418,terug,-250,MM0 +
22.7418,terug,-250,MM1 +
22.7418,terug,-250,"#53,YAW,0.67,GYRO,22,-7,23,ACC,8,-27,120,ADC,1266,498,6,2,"
22.7418,terug,-250,MM0 ?D
22.7418,terug,-250,MM1 ?D
22.7418,terug,-250,MM0 D=59
22.7418,terug,-250,MM1 D=19
22.7916,terug,-250,"#54,YAW,0.67,GYRO,24,-7,34,ACC,6,7,279,ADC,1272,386,6,2,"
22.7916,terug,-250,MM0 ?FF
22.7916,terug,-250,MM1 ?FF
22.7916,terug,-250,MM0 FF=0
22.7916,terug,-250,MM1 FF=0
22.7916,terug,-250,MM0 !M -253 247
22.7916,terug,-250,MM1 !M -253 247
22.7916,terug,-250,MM0 +
22.7916,terug,-250,MM1 +
22.7916,terug,-250,"#55,YAW,0.66,GYRO,-95,-458,62,ACC,61,-1,429,ADC,1277,504,4,1,"
22.7916,terug,-250,MM0 ?P
22.7916,terug,-250,MM1 ?P
22.7916,terug,-250,MM0 P=-253:247
22.7916,terug,-250,MM1 P=-253:247
22.8428,terug,-250,"#56,YAW,0.66,GYRO,-14,49,69,ACC,23,-7,248,ADC,1269,501,7,1,"
22.8428,terug,-250,MM0 ?S
22.8428,terug,-250,MM1 ?S
22.8428,terug,-250,MM0 S=-225:225
22.8428,terug,-250,MM1 S=-225:225
22.8428,terug,-250,"#57,YAW,0.66,GYRO,135,-471,32,ACC,-2,-53,233,ADC,1220,496,4,2,"
22.8428,terug,-250,MM0 ?T
22.8428,terug,-250,MM1 ?T
22.8428,terug,-250,MM0 T=34:33
22.8428,terug,-250,MM1 T=35:33
22.8428,terug,-250,MM0 !M -252 248
22.8428,terug,-250,MM1 !M -252 248
22.8428,terug,-250,MM0 +
22.8428,terug,-250,MM1 +
22.8428,terug,-250,"#58,YAW,0.66,GYRO,128,-217,1,ACC,-28,3,111,ADC,1242,391,6,2,"
22.8428,terug,-250,MM0 ?V
22.8428,terug,-250,MM1 ?V
22.8428,terug,-250,MM0 V=120:223:4903
22.8428,terug,-250,MM1 V=120:222:4899
22.8926,terug,-250,"#59,YAW,0.66,GYRO,-231,-227,-61,ACC,-23,-10,258,ADC,1246,383,5,1,"
22.8927,terug,-250,MM0 ?CR
22.8927,terug,-250,MM1 ?CR
22.8927,terug,-250,MM0 CR=-55:55
22.8927,terug,-250,MM1 CR=-55:54
22.8927,terug,-250,MM0 !M -252 248
22.8927,terug,-250,MM1 !M -252 248
22.8927,terug,-250,MM0 +
22.8928,terug,-250,MM1 +
22.8928,terug,-250,"#60,YAW,0.67,GYRO,16,469,-62,ACC,-16,27,151,ADC,1280,499,4,2,"
22.8928,terug,-250,MM0 ?A
22.8928,terug,-250,MM1 ?A
22.8928,terug,-250,MM0 A=-2:4
22.8928,terug,-250,MM1 A=-6:0
22.9439,terug,-250,"$GPRMC,102934.4,A,5050.54531,N,00419.38684,E,000.92,045.4,021026,000.4,E*57"
22.9439,terug,-250,"#61,YAW,0.67,GYRO,-56,-194,-10,ACC,-99,-47,179,ADC,1211,386,4,2,"
22.9439,terug,-250,MM0 ?AI
22.9439,terug,-250,MM1 ?AI
22.9439,terug,-250,MM0 AI=0:0:2484:2471:0:0
22.9439,terug,-250,MM1 AI=0:0:2365:2358:0:0
22.9439,terug,-250,"#62,YAW,0.67,GYRO,127,43,-4,ACC,15,-41,128,ADC,1250,343,4,2,"
22.9440,terug,-250,MM0 ?C
22.9440,terug,-250,MM1 ?C
22.9440,terug,-250,MM0 C=716:-705
22.9440,terug,-250,MM1 C=711:-695
22.9440,terug,-250,"#63,YAW,0.67,GYRO,-171,-125,-11,ACC,10,0,435,ADC,1244,390,4,1,"
22.9440,terug,-250,MM0 ?D
22.9440,terug,-250,MM1 ?D
22.9440,terug,-250,MM0 D=2
22.9440,terug,-250,MM1 D=2
22.9946,terug,-250,"#64,YAW,0.67,GYRO,62,233,-2,ACC,21,-6,182,ADC,1283,503,5,2,"
22.9947,terug,-250,MM0 ?FF
22.9947,terug,-250,MM0 FF=0
22.9947,terug,-250,MM1 ?FF
22.9947,terug,-250,MM1 FF=0
22.9947,terug,-250,MM0 !M -253 247
22.9947,terug,-250,MM1 !M -253 247
22.9947,terug,-250,MM0 +
22.9947,terug,-250,MM1 +
22.9947,terug,-250,MM0 PING
22.9947,terug,-250,MM1 PING
22.9947,terug,-250,"#65,YAW,0.67,GYRO,-127,235,41,ACC,-13,-1,120,ADC,1304,498,4,1,"
22.9947,terug,-250,MM0 ?P
22.9947,terug,-250,MM1 ?P
22.9947,terug,-250,MM0 P=-253:247
22.9947,terug,-250,MM1 P=-253:247
23.0447,terug,-250,"#66,YAW,0.67,GYRO,-92,383,45,ACC,18,33,169,ADC,1274,384,4,2,"
23.0447,terug,-250,MM0 ?S
23.0447,terug,-250,MM1 ?S
23.0447,terug,-250,MM0 S=-225:150
23.0447,terug,-250,MM1 S=-225:225
23.0447,terug,-250,MM0 !M -253 247
23.0447,terug,-250,MM1 !M -253 247
23.0447,terug,-250,MM0 +
23.0447,terug,-250,MM1 +
23.0447,terug,-250,MM1 PING
23.0447,terug,-250,MM0 PING
23.0447,terug,-250,"#67,YAW,0.67,GYRO,439,120,7,ACC,-17,-54,518,ADC,1247,497,5,1,"
23.0447,terug,-250,MM0 ?T
23.0448,terug,-250,MM1 ?T
23.0448,terug,-250,MM0 T=34:33
23.0448,terug,-250,MM1 T=35:33
23.0448,terug,-250,"#68,YAW,0.67,GYRO,-34,246,-92,ACC,20,-6,268,ADC,1254,394,7,1,"
23.0448,terug,-250,MM0 ?V
23.0448,terug,-250,MM1 ?V
23.0448,terug,-250,MM0 V=120:223:4903
23.0448,terug,-250,MM1 V=120:222:4897
23.0976,terug,-250,"#69,YAW,0.67,GYRO,-54,71,-34,ACC,34,65,213,ADC,1296,505,5,2,"
23.0976,terug,-250,MM0 ?CR
23.0976,terug,-250,MM0 CR=-58:57
23.0976,terug,-250,MM1 ?CR
23.0976,terug,-250,MM1 CR=-58:58
23.0976,terug,-250,MM0 !M -253 247
23.0976,terug,-250,MM1 !M -253 247
23.0976,terug,-250,MM0 +
23.0976,terug,-250,MM1 +
23.0976,terug,-250,MM0 PING
23.0976,terug,-250,MM1 PING
23.0976,terug,-250,"#70,YAW,0.67,GYRO,177,120,19,ACC,-14,42,94,ADC,1268,382,5,2,"
23.0976,terug,-250,MM0 ?A
23.0976,terug,-250,MM1 ?A
23.0976,terug,-250,MM0 A=-2:0
23.0976,terug,-250,MM1 A=-2:0
23.1498,terug,-250,"$GPRMC,102934.6,A,5050.54484,N,00419.38651,E,000.79,045.4,021026,000.4,E*57"
23.1498,terug,-250,"#71,YAW,0.67,GYRO,-202,-270,7,ACC,168,14,143,ADC,1255,389,9,2,"
23.1498,terug,-250,MM0 ?AI
23.1498,terug,-250,MM1 ?AI
23.1498,terug,-250,MM0 AI=0:0:2459:2475:0:0
23.1498,terug,-250,MM1 AI=0:0:2374:2400:0:0
23.1498,terug,-250,MM0 !M -253 247
23.1498,terug,-250,MM1 !M -253 247
23.1498,terug,-250,MM0 +
23.1498,terug,-250,MM1 +
23.1498,terug,-250,MM0 PING
23.1498,terug,-250,MM1 PING
23.1498,terug,-250,"#72,YAW,0.68,GYRO,-110,-39,0,ACC,64,-56,154,ADC,1245,323,4,2,"
23.1498,terug,-250,MM0 ?C
23.1498,terug,-250,MM1 ?C
23.1499,terug,-250,MM0 C=657:-647
23.1499,terug,-250,MM1 C=653:-637
23.1499,terug,-250,"#73,YAW,0.68,GYRO,-42,89,8,ACC,-32,1,219,ADC,1298,500,5,2,"
23.1499,terug,-250,MM0 ?D
23.1499,terug,-250,MM1 ?D
23.1499,terug,-250,MM0 D=57
23.1499,terug,-250,MM1 D=49
23.1967,terug,-250,"#74,YAW,0.68,GYRO,12,25,-8,ACC,-10,-22,101,ADC,1211,383,8,2,"
23.1968,terug,-250,MM0 ?FF
23.1968,terug,-250,MM1 ?FF
23.1968,terug,-250,MM0 FF=0
23.1968,terug,-250,MM1 FF=0
23.1968,terug,-250,MM0 !M -253 247
23.1968,terug,-250,MM1 !M -253 247
23.1968,terug,-250,MM0 +
23.1968,terug,-250,MM1 +
23.1968,terug,-250,MM1 PING
23.1968,terug,-250,MM0 PING
23.1968,terug,-250,MM0 !M -253 247
23.1968,terug,-250,MM1 !M -253 247
23.1968,terug,-250,MM0 +
23.1968,terug,-250,MM1 +
23.1968,terug,-250,"#75,YAW,0.68,GYRO,-15,9,-25,ACC,-20,41,341,ADC,1272,329,4,1,"
23.1968,terug,-250,MM0 ?P
23.1968,terug,-250,MM1 ?P
23.1968,terug,-250,MM0 P=-253:247
23.1968,terug,-250,MM1 P=-253:247
23.2346,terug,-250,"#76,YAW,0.68,GYRO,64,23,-36,ACC,14,19,285,ADC,1248,498,4,2,"
23.2346,terug,-250,MM0 ?S
23.2346,terug,-250,MM1 ?S
23.2346,terug,-250,MM0 S=-225:225
23.2346,terug,-250,MM1 S=-225:225
23.2346,terug,-250,"#77,YAW,0.68,GYRO,34,-19,1,ACC,-6,-34,197,ADC,1270,384,6,1,"
23.2346,terug,-250,MM0 ?T
23.2346,terug,-250,MM1 ?T
23.2346,terug,-250,MM0 T=34:33
23.2346,terug,-250,MM1 T=35:33
23.3008,terug,-250,"#78,YAW,0.68,GYRO,71,145,6,ACC,-1,-11,150,ADC,1272,382,6,2,"
23.3008,terug,-250,MM0 ?V
23.3008,terug,-250,MM1 ?V
23.3008,terug,-250,MM0 V=120:224:4903
23.3008,terug,-250,MM1 V=120:221:4899
23.3008,terug,-250,MM1 !M -254 246
23.3008,terug,-250,MM0 !M -254 246
23.3008,terug,-250,MM1 +
23.3009,terug,-250,MM0 +
23.3009,terug,-250,"#79,YAW,0.68,GYRO,47,-81,-2,ACC,-21,-4,291,ADC,1267,501,6,1,"
23.3009,terug,-250,MM0 ?CR
23.3009,terug,-250,MM1 ?CR
23.3009,terug,-250,MM0 CR=-58:58
23.3009,terug,-250,MM1 CR=-57:57
23.3009,terug,-250,MM0 !M -254 246
23.3009,terug,-250,MM1 !M -254 246
23.3009,terug,-250,MM0 +
23.3009,terug,-250,MM1 +
23.3009,terug,-250,"#80,YAW,0.68,GYRO,-94,54,-15,ACC,2,22,380,ADC,1254,331,5,2,"
23.3009,terug,-250,MM0 ?A
23.3009,terug,-250,MM1 ?A
23.3009,terug,-250,MM0 A=-2:0
23.3009,terug,-250,MM1 A=-6:4
23.3009,terug,-250,"$GPRMC,102934.8,A,5050.54458,N,00419.38646,E,000.73,045.4,021026,000.4,E*54"
23.3197,terug,-250,"#81,YAW,0.68,GYRO,115,87,17,ACC,-4,-26,189,ADC,1280,501,4,1,"
23.3197,terug,-250,MM1 ?AI
23.3197,terug,-250,MM0 ?AI
23.3197,terug,-250,MM1 AI=0:0:2395:2365:0:0
23.3197,terug,-250,MM0 AI=0:0:2464:2466:0:0
23.3197,terug,-250,"#82,YAW,0.68,GYRO,14,62,36,ACC,-11,-15,112,ADC,1269,390,6,2,"
23.3197,terug,-250,MM0 ?C
23.3197,terug,-250,MM1 ?C
23.3544,terug,-250,MM0 C=599:-590
23.3544,terug,-250,MM1 C=596:-580
23.3544,terug,-250,MM0 !M -254 246
23.3544,terug,-250,MM1 !M -254 246
23.3544,terug,-250,MM0 +
23.3544,terug,-250,MM1 +
23.3544,terug,-250,"#83,YAW,0.68,GYRO,20,-288,20,ACC,89,-46,368,ADC,1253,498,6,1,"
23.3545,terug,-250,MM0 ?D
23.3545,terug,-250,MM1 ?D
23.3545,terug,-250,MM0 D=10
23.3545,terug,-250,MM1 D=48
23.3898,terug,-250,"#84,YAW,0.68,GYRO,-42,-84,12,ACC,1,42,280,ADC,1235,501,10,2,"
23.3898,terug,-250,MM0 ?FF
23.3898,terug,-250,MM1 ?FF
23.3898,terug,-250,MM0 FF=0
23.3898,terug,-250,MM1 FF=0
23.3898,terug,-250,"#85,YAW,0.68,GYRO,-9,146,28,ACC,6,29,187,ADC,1245,394,5,2,"
23.3898,terug,-250,MM0 ?P
23.3898,terug,-250,MM1 ?P
23.3899,terug,-250,MM0 P=-254:246
23.3899,terug,-250,MM1 P=-254:246
23.4096,terug,-250,"#86,YAW,0.68,GYRO,-9,-49,18,ACC,8,-20,165,ADC,1224,387,3,1,"
23.4096,terug,-250,MM0 ?S
23.4096,terug,-250,MM1 ?S
23.4096,terug,-250,MM0 S=-225:225
23.4096,terug,-250,MM1 S=-225:150
23.4096,terug,-250,MM0 !M -254 246
23.4477,terug,-250,MM1 !M -254 246
23.4477,terug,-250,MM0 +
23.4477,terug,-250,MM1 +
23.4477,terug,-250,MM0 PING
23.4477,terug,-250,MM1 PING
23.4477,terug,-250,"#87,YAW,0.68,GYRO,18,-213,-17,ACC,-13,-19,339,ADC,1226,294,4,2,"
23.4478,terug,-250,MM0 ?T
23.4478,terug,-250,MM1 ?T
23.4478,terug,-250,MM0 T=34:33
23.4478,terug,-250,MM1 T=35:33
23.4478,terug,-250,"#88,YAW,0.68,GYRO,-166,-158,-25,ACC,13,46,288,ADC,1228,401,4,2,"
23.4478,terug,-250,MM0 ?V
23.4478,terug,-250,MM1 ?V
23.4478,terug,-250,MM0 V=120:222:4903
23.4478,terug,-250,MM1 V=120:221:4898
23.5008,terug,-250,"#89,YAW,0.68,GYRO,58,142,-5,ACC,12,4,220,ADC,1249,386,4,1,"
23.5009,terug,-250,MM0 ?CR
23.5009,terug,-250,MM1 ?CR
23.5009,terug,-250,MM0 CR=-58:56
23.5009,terug,-250,MM1 CR=-57:56
23.5009,terug,-250,MM0 !M -253 247
23.5011,terug,-250,MM1 !M -253 247
23.5011,terug,-250,MM0 +
23.5011,terug,-250,MM1 +
23.5011,terug,-250,MM1 PING
23.5011,terug,-250,MM0 PING
23.5011,terug,-250,"#90,YAW,0.68,GYRO,1,98,12,ACC,8,-7,177,ADC,1294,501,3,1,"
23.5011,terug,-250,MM0 ?A
23.5011,terug,-250,MM1 ?A
23.5011,terug,-250,MM0 A=-2:4
23.5011,terug,-250,MM1 A=-2:4
23.5011,terug,-250,MM0 !M -253 247
23.5011,terug,-250,MM1 !M -253 247
23.5011,terug,-250,MM0 +
23.5011,terug,-250,MM1 +
23.5011,terug,-250,"$GPRMC,102935.0,A,5050.54432,N,00419.38633,E,000.70,045.4,021026,000.4,E*50"
23.5216,terug,-250,"#91,YAW,0.68,GYRO,107,-179,5,ACC,-16,-7,303,ADC,1253,503,5,2,"
23.5217,terug,-250,MM1 ?AI
23.5217,terug,-250,MM0 ?AI
23.5217,terug,-250,MM1 AI=0:0:2396:2357:0:0
23.5217,terug,-250,MM0 AI=0:0:2458:2520:0:0
23.5217,terug,-250,"#92,YAW,0.69,GYRO,-125,-56,-9,ACC,-5,53,340,ADC,1233,395,5,1,"
23.5217,terug,-250,MM0 ?C
23.5217,terug,-250,MM1 ?C
23.5217,terug,-250,MM0 C=542:-534
23.5217,terug,-250,MM1 C=539:-523
23.5586,terug,-250,MM1 !M -253 247
23.5586,terug,-250,MM0 !M -253 247
23.5586,terug,-250,MM1 +
23.5587,terug,-250,MM0 +
23.5587,terug,-250,"#93,YAW,0.69,GYRO,-5,239,11,ACC,13,41,195,ADC,1238,333,5,1,"
23.5587,terug,-250,MM0 ?D
23.5587,terug,-250,MM1 ?D
23.5587,terug,-250,MM1 D=34
23.5587,terug,-250,MM0 D=9
23.5587,terug,-250,"#94,YAW,0.69,GYRO,-4,73,26,ACC,1,-15,170,ADC,1226,381,4,2,"
23.5587,terug,-250,MM1 ?FF
23.5587,terug,-250,MM0 ?FF
23.5936,terug,-250,MM1 FF=0
23.5936,terug,-250,MM0 FF=0
23.5936,terug,-250,MM1 !M -254 246
23.5936,terug,-250,MM0 !M -254 246
23.5936,terug,-250,MM1 +
23.5936,terug,-250,MM0 +
23.5936,terug,-250,"#95,YAW,0.69,GYRO,55,-129,-3,ACC,-21,-37,274,ADC,1269,399,5,2,"
23.5936,terug,-250,MM0 ?P
23.5936,terug,-250,MM1 ?P
23.5936,terug,-250,MM0 P=-254:246
23.5936,terug,-250,MM1 P=-254:246
23.6137,terug,-250,"#96,YAW,0.69,GYRO,-13,16,-24,ACC,2,5,340,ADC,1277,391,5,2,"
23.6137,terug,-250,MM0 ?S
23.6137,terug,-250,MM1 ?S
23.6137,terug,-250,MM0 S=-225:225
23.6137,terug,-250,MM1 S=-225:150
23.6476,terug,-250,"#97,YAW,0.69,GYRO,111,249,-5,ACC,0,26,226,ADC,1289,390,5,2,"
23.6476,terug,-250,MM0 ?T
23.6476,terug,-250,MM1 ?T
23.6476,terug,-250,MM0 T=34:33
23.6476,terug,-250,MM1 T=35:33
23.6476,terug,-250,MM0 !M -253 247
23.6476,terug,-250,MM1 !M -253 247
23.6476,terug,-250,MM0 +
23.6476,terug,-250,MM1 +
23.6476,terug,-250,"#98,YAW,0.69,GYRO,-10,9,29,ACC,3,29,228,ADC,1241,384,6,1,"
23.6476,terug,-250,MM0 ?V
23.6476,terug,-250,MM1 ?V
23.6476,terug,-250,MM0 V=120:228:4903
23.6476,terug,-250,MM1 V=120:223:4899
23.6685,terug,-250,"#99,YAW,0.69,GYRO,119,-72,15,ACC,-6,-13,208,ADC,1228,383,5,2,"
23.6686,terug,-250,MM1 ?CR
23.6686,terug,-250,MM0 ?CR
23.6686,terug,-250,MM1 CR=-57:58
23.6686,terug,-250,MM0 CR=-58:58
23.7027,terug,-250,"#100,YAW,0.69,GYRO,-110,-16,-22,ACC,5,28,365,ADC,1257,501,4,2,"
23.7027,terug,-250,MM0 ?A
23.7027,terug,-250,MM1 ?A
23.7027,terug,-250,MM0 A=-2:4
23.7027,terug,-250,MM1 A=-2:4
23.7027,terug,-250,MM0 !M -253 247
23.7028,terug,-250,MM1 !M -253 247
23.7028,terug,-250,MM0 +
23.7028,terug,-250,MM1 +
23.7028,terug,-250,"$GPRMC,102935.2,A,5050.54387,N,00419.38599,E,000.61,045.4,021026,000.4,E*58"
23.7028,terug,-250,"#101,YAW,0.69,GYRO,56,269,-34,ACC,-3,18,291,ADC,1276,400,4,2,"
23.7235,terug,-250,MM1 ?AI
23.7235,terug,-250,MM0 ?AI
23.7235,terug,-250,MM1 AI=0:0:2362:2364:0:0
23.7235,terug,-250,MM0 AI=0:0:2471:2465:0:0
23.7235,terug,-250,"#102,YAW,0.70,GYRO,-48,-62,-7,ACC,-4,1,192,ADC,1215,380,6,2,"
23.7236,terug,-250,MM0 ?C
23.7236,terug,-250,MM1 ?C
23.7236,terug,-250,MM0 C=484:-476
23.7236,terug,-250,MM1 C=481:-466
23.7637,terug,-250,"#103,YAW,0.70,GYRO,69,-60,-5,ACC,-10,-8,202,ADC,1257,499,5,2,"
23.7637,terug,-250,MM0 ?D
23.7638,terug,-250,MM1 ?D
23.7638,terug,-250,MM0 D=56
23.7638,terug,-250,MM1 D=19
23.7638,terug,-250,"#104,YAW,0.70,GYRO,-74,-155,-22,ACC,-5,30,424,ADC,1236,387,7,2,"
23.7638,terug,-250,MM1 ?FF
23.7638,terug,-250,MM0 ?FF
23.7638,terug,-250,MM1 FF=0
23.7638,terug,-250,MM0 FF=0
23.7638,terug,-250,MM0 !M -254 246
23.7977,terug,-250,MM1 !M -254 246
23.7977,terug,-250,MM0 +
23.7978,terug,-250,MM1 +
23.7978,terug,-250,MM1 PING
23.7978,terug,-250,MM0 PING
23.7978,terug,-250,MM0 !M -254 246
23.7978,terug,-250,MM1 !M -254 246
23.7978,terug,-250,MM0 +
23.7978,terug,-250,MM1 +
23.7978,terug,-250,"#105,YAW,0.70,GYRO,-24,152,-13,ACC,22,1,269,ADC,1252,326,5,1,"
23.7978,terug,-250,MM0 ?P
23.7978,terug,-250,MM1 ?P
23.7978,terug,-250,MM0 P=-254:246
23.7978,terug,-250,MM1 P=-254:246
23.7978,terug,-250,"#106,YAW,0.70,GYRO,-10,-56,25,ACC,2,-21,119,ADC,1251,496,5,2,"
23.8185,terug,-250,MM1 ?S
23.8186,terug,-250,MM0 ?S
23.8186,terug,-250,MM1 S=-225:225
23.8186,terug,-250,MM0 S=-225:225
23.8186,terug,-250,"#107,YAW,0.70,GYRO,47,29,18,ACC,-2,-21,197,ADC,1255,382,5,1,"
23.8186,terug,-250,MM1 ?T
23.8186,terug,-250,MM0 ?T
23.8529,terug,-250,MM1 T=35:33
23.8530,terug,-250,MM0 T=34:33
23.8530,terug,-250,MM1 !M -254 246
23.8530,terug,-250,MM0 !M -254 246
23.8530,terug,-250,MM1 +
23.8530,terug,-250,MM0 +
23.8530,terug,-250,"#108,YAW,0.70,GYRO,-63,-322,1,ACC,-6,25,447,ADC,1270,500,7,2,"
23.8530,terug,-250,MM1 ?V
23.8530,terug,-250,MM0 ?V
23.8530,terug,-250,MM1 V=120:222:4896
23.8530,terug,-250,MM0 V=120:223:4903
23.9058,terug,-250,"#109,YAW,0.69,GYRO,39,54,16,ACC,14,12,251,ADC,1269,504,6,1,"
23.9058,terug,-250,MM1 ?CR
23.9058,terug,-250,MM0 ?CR
23.9058,terug,-250,MM1 CR=-57:56
23.9058,terug,-250,MM0 CR=-57:57
23.9058,terug,-250,"#110,YAW,0.69,GYRO,16,32,37,ACC,2,-1,138,ADC,1292,502,6,2,"
23.9058,terug,-250,MM1 ?A
23.9058,terug,-250,MM0 ?A
23.9058,terug,-250,MM1 A=-2:4
23.9058,terug,-250,MM0 A=-2:4
23.9058,terug,-250,"$GPRMC,102935.4,A,5050.54378,N,00419.38607,E,000.57,045.4,021026,000.4,E*5F"
23.9058,terug,-250,"#111,YAW,0.69,GYRO,53,28,33,ACC,-9,-17,171,ADC,1292,501,5,2,"
23.9058,terug,-250,MM0 ?AI
23.9058,terug,-250,MM1 ?AI
23.9567,terug,-250,MM0 AI=0:0:2452:2470:0:0
23.9567,terug,-250,MM1 AI=0:0:2369:2372:0:0
23.9567,terug,-250,"#112,YAW,0.70,GYRO,-10,-239,1,ACC,-16,39,503,ADC,1262,386,5,2,"
23.9567,terug,-250,MM1 ?C
23.9567,terug,-250,MM0 ?C
23.9567,terug,-250,MM1 C=424:-410
23.9567,terug,-250,MM0 C=427:-419
23.9567,terug,-250,MM0 !M -254 246
23.9567,terug,-250,MM1 !M -254 246
23.9567,terug,-250,MM0 +
23.9568,terug,-250,MM1 +
23.9568,terug,-250,MM0 PING
23.9568,terug,-250,MM1 PING
23.9568,terug,-250,"#113,YAW,0.70,GYRO,-25,184,-32,ACC,16,34,249,ADC,1278,500,5,2,"
23.9568,terug,-250,MM1 ?D
23.9568,terug,-250,MM0 ?D
23.9568,terug,-250,MM1 D=17
23.9568,terug,-250,MM0 D=35
24.0066,terug,-250,"#114,YAW,0.70,GYRO,10,112,-28,ACC,8,-9,184,ADC,1252,500,5,2,"
24.0066,terug,-250,MM1 ?FF
24.0066,terug,-250,MM0 ?FF
24.0066,terug,-250,MM1 FF=0
24.0066,terug,-250,MM0 FF=0
24.0066,terug,-250,MM0 !M -253 247
24.0066,terug,-250,MM1 !M -253 247
24.0066,terug,-250,MM0 +
24.0066,terug,-250,MM1 +
24.0066,terug,-250,MM0 PING
24.0066,terug,-250,MM1 PING
24.0066,terug,-250,"#115,YAW,0.70,GYRO,79,-94,-18,ACC,-4,-24,199,ADC,1233,384,6,2,"
24.0066,terug,-250,MM1 ?P
24.0066,terug,-250,MM0 ?P
24.0066,terug,-250,MM1 P=-253:247
24.0066,terug,-250,MM0 P=-253:247
24.0066,terug,-250,"#116,YAW,0.70,GYRO,-139,-66,-31,ACC,-15,16,371,ADC,1279,502,4,2,"
24.0066,terug,-250,MM1 ?S
24.0066,terug,-250,MM0 ?S
24.0066,terug,-250,MM1 S=-225:225
24.0066,terug,-250,MM0 S=-225:225
24.0587,terug,-250,"#117,YAW,0.70,GYRO,31,113,-21,ACC,5,12,229,ADC,1264,501,5,2,"
24.0587,terug,-250,MM1 ?T
24.0587,terug,-250,MM0 ?T
24.0587,terug,-250,MM1 T=35:33
24.0587,terug,-250,MM0 T=34:33
24.0587,terug,-250,MM1 !M -254 246
24.0587,terug,-250,MM0 !M -254 246
24.0588,terug,-250,MM1 +
24.0588,terug,-250,MM0 +
24.0588,terug,-250,MM0 PING
24.0588,terug,-250,MM1 PING
24.0588,terug,-250,MM0 !M -254 246
24.0588,terug,-250,MM1 !M -254 246
24.0588,terug,-250,MM0 +
24.0588,terug,-250,MM1 +
24.0588,terug,-250,"#118,YAW,0.70,GYRO,-52,54,21,ACC,10,-21,256,ADC,1278,387,5,1,"
24.0588,terug,-250,MM1 ?V
24.0588,terug,-250,MM0 ?V
24.0588,terug,-250,MM1 V=120:222:4898
24.0588,terug,-250,MM0 V=120:223:4906
24.0588,terug,-250,"#119,YAW,0.70,GYRO,109,62,33,ACC,-5,-22,178,ADC,1251,392,7,2,"
24.0589,terug,-250,MM1 ?CR
24.0589,terug,-250,MM0 ?CR
24.1088,terug,-250,MM1 CR=-58:58
24.1088,terug,-250,MM0 CR=-58:57
24.1088,terug,-250,"#120,YAW,0.70,GYRO,71,35,4,ACC,-18,-17,345,ADC,1287,388,5,2,"
24.1088,terug,-250,MM1 ?A
24.1088,terug,-250,MM0 ?A
24.1088,terug,-250,MM1 A=-2:4
24.1088,terug,-250,MM0 A=-2:4
24.1088,terug,-250,"$GPRMC,102935.6,A,5050.54348,N,00419.38582,E,000.43,045.4,021026,000.4,E*55"
24.1088,terug,-250,"#121,YAW,0.70,GYRO,-91,167,14,ACC,24,24,287,ADC,1236,497,7,2,"
24.1088,terug,-250,MM0 ?AI
24.1088,terug,-250,MM1 ?AI
24.1088,terug,-250,MM0 AI=0:0:2447:2456:0:0
24.1625,terug,-250,MM1 AI=0:0:2390:2365:0:0
24.1625,terug,-250,"#122,YAW,0.70,GYRO,47,48,37,ACC,4,20,189,ADC,1233,389,8,2,"
24.1626,terug,-250,MM1 ?C
24.1626,terug,-250,MM0 ?C
24.1626,terug,-250,MM1 C=366:-352
24.1626,terug,-250,MM0 C=368:-361
24.1626,terug,-250,MM1 !M -254 246
24.1626,terug,-250,MM0 !M -254 246
24.1626,terug,-250,MM1 +
24.1626,terug,-250,MM0 +
24.1626,terug,-250,MM0 PING
24.1626,terug,-250,MM1 PING
24.1626,terug,-250,"#123,YAW,0.70,GYRO,46,2,30,ACC,-7,3,112,ADC,1285,501,4,2,"
24.1626,terug,-250,MM1 ?D
24.1626,terug,-250,MM0 ?D
24.1626,terug,-250,MM1 D=34
24.1626,terug,-250,MM0 D=10
24.1626,terug,-250,"#124,YAW,0.70,GYRO,-113,-203,-6,ACC,-7,-4,403,ADC,1242,501,5,2,"
24.1626,terug,-250,MM1 ?FF
24.1626,terug,-250,MM0 ?FF
24.1626,terug,-250,MM1 FF=0
24.1626,terug,-250,MM0 FF=0
24.1969,terug,-250,MM0 !M -254 246
24.1970,terug,-250,MM1 !M -254 246
24.1970,terug,-250,MM0 +
24.1970,terug,-250,MM1 +
24.1970,terug,-250,MM0 PING
24.1970,terug,-250,MM1 PING
24.1970,terug,-250,MM0 !M -254 246
24.1970,terug,-250,MM1 !M -254 246
24.1970,terug,-250,MM0 +
24.1970,terug,-250,MM1 +
24.1970,terug,-250,"#125,YAW,0.70,GYRO,-40,117,-20,ACC,-1,27,276,ADC,1206,295,4,1,"
24.1970,terug,-250,MM1 ?P
24.1970,terug,-250,MM0 ?P
24.1970,terug,-250,MM1 P=-254:246
24.1970,terug,-250,MM0 P=-254:246
24.2186,terug,-250,"#126,YAW,0.70,GYRO,-35,20,11,ACC,7,-1,175,ADC,1228,383,4,2,"
24.2187,terug,-250,MM1 ?S
24.2187,terug,-250,MM0 ?S
24.2187,terug,-250,MM1 S=-225:225
24.2187,terug,-250,MM0 S=-225:150
24.2187,terug,-250,"#127,YAW,0.70,GYRO,18,106,-1,ACC,-2,-2,171,ADC,1268,500,9,1,"
24.2187,terug,-250,MM1 ?T
24.2567,terug,-250,MM0 ?T
24.2567,terug,-250,MM1 T=35:33
24.2567,terug,-250,MM0 T=34:33
24.2567,terug,-250,MM0 !M -254 246
24.2567,terug,-250,MM1 !M -254 246
24.2567,terug,-250,MM0 +
24.2567,terug,-250,MM1 +
24.2567,terug,-250,"#128,YAW,0.70,GYRO,-96,-105,-20,ACC,-1,15,375,ADC,1263,384,6,1,"
24.2567,terug,-250,MM1 ?V
24.2567,terug,-250,MM0 ?V
24.2567,terug,-250,MM1 V=120:216:4899
24.2567,terug,-250,MM0 V=120:225:4902
24.2735,terug,-250,"#129,YAW,0.70,GYRO,14,6,-24,ACC,16,-6,278,ADC,1264,501,3,1,"
24.2735,terug,-250,MM1 ?CR
24.2735,terug,-250,MM0 ?CR
24.2735,terug,-250,MM1 CR=-58:57
24.2735,terug,-250,MM0 CR=-59:58
24.3087,terug,-250,"#130,YAW,0.70,GYRO,53,79,-21,ACC,18,-19,169,ADC,1224,399,7,2,"
24.3087,terug,-250,MM1 ?A
24.3087,terug,-250,MM0 ?A
24.3087,terug,-250,MM1 A=-2:4
24.3087,terug,-250,MM0 A=-2:4
24.3087,terug,-250,MM0 !M -254 246
24.3087,terug,-250,MM1 !M -254 246
24.3087,terug,-250,MM0 +
24.3087,terug,-250,MM1 +
24.3087,terug,-250,"$GPRMC,102935.8,A,5050.54307,N,00419.38556,E,000.33,045.4,021026,000.4,E*5E"
24.3087,terug,-250,"#131,YAW,0.70,GYRO,10,13,-6,ACC,-8,-7,167,ADC,1260,497,5,2,"
24.3087,terug,-250,MM0 ?AI
24.3087,terug,-250,MM1 ?AI
24.3087,terug,-250,MM0 AI=0:0:2441:2486:0:0
24.3626,terug,-250,MM1 AI=0:0:2359:2358:0:0
24.3626,terug,-250,"#132,YAW,0.71,GYRO,134,-63,-12,ACC,-19,-12,282,ADC,1261,388,6,2,"
24.3626,terug,-250,MM1 ?C
24.3626,terug,-250,MM0 ?C
24.3626,terug,-250,MM1 C=309:-295
24.3626,terug,-250,MM0 C=310:-304
24.3626,terug,-250,"#133,YAW,0.71,GYRO,-94,112,-14,ACC,19,21,459,ADC,1292,502,6,3,"
24.3626,terug,-250,MM0 ?D
24.3626,terug,-250,MM1 ?D
24.3626,terug,-250,MM0 D=49
24.3626,terug,-250,MM1 D=1
24.3626,terug,-250,MM0 !M -254 246
24.3626,terug,-250,MM1 !M -254 246
24.3626,terug,-250,MM0 +
24.3626,terug,-250,MM1 +
24.3626,terug,-250,"#134,YAW,0.71,GYRO,100,109,12,ACC,24,-7,172,ADC,1212,383,5,2,"
24.3626,terug,-250,MM0 ?FF
24.3626,terug,-250,MM1 ?FF
24.3626,terug,-250,MM0 FF=0
24.3626,terug,-250,MM1 FF=0
24.4105,terug,-250,"#135,YAW,0.70,GYRO,-10,-32,31,ACC,-2,-13,142,ADC,1262,496,4,1,"
24.4105,terug,-250,MM1 ?P
24.4105,terug,-250,MM0 ?P
24.4105,terug,-250,MM1 P=-254:246
24.4105,terug,-250,MM0 P=-254:246
24.4105,terug,-250,"#136,YAW,0.70,GYRO,-38,-200,11,ACC,50,-52,290,ADC,1249,501,7,2,"
24.4105,terug,-250,MM0 ?S
24.4105,terug,-250,MM1 ?S
24.4105,terug,-250,MM0 S=-225:225
24.4105,terug,-250,MM1 S=-150:225
24.4676,terug,-249,"#137,YAW,0.70,GYRO,-43,-53,17,ACC,12,19,442,ADC,1234,385,6,2,"
24.4676,terug,-249,MM0 ?T
24.4676,terug,-249,MM1 ?T
24.4676,terug,-249,MM0 T=34:33
24.4676,terug,-249,MM1 T=35:33
24.4676,terug,-249,MM0 !M -255 245
24.4676,terug,-249,MM1 !M -255 245
24.4676,terug,-249,MM0 +
24.4676,terug,-249,MM1 +
24.4676,terug,-249,MM1 PING
24.4676,terug,-249,MM0 PING
24.4676,terug,-249,"#138,YAW,0.70,GYRO,-7,89,25,ACC,11,-1,197,ADC,1219,387,5,1,"
24.4676,terug,-249,MM0 ?V
24.4676,terug,-249,MM1 ?V
24.4676,terug,-249,MM0 V=120:223:4904
24.4676,terug,-249,MM1 V=120:223:4898
24.4676,terug,-249,MM0 !M -254 246
24.4676,terug,-249,MM1 !M -254 246
24.4676,terug,-249,MM0 +
24.4676,terug,-249,MM1 +
24.4676,terug,-249,"#139,YAW,0.70,GYRO,13,-189,10,ACC,25,-18,146,ADC,1255,502,5,1,"
24.4676,terug,-249,MM0 ?CR
24.4676,terug,-249,MM1 ?CR
24.4676,terug,-249,MM0 CR=-58:57
24.4676,terug,-249,MM1 CR=-58:57
24.5016,terug,-249,"#140,YAW,0.70,GYRO,-40,-133,-17,ACC,-22,-11,326,ADC,1319,499,6,2,"
24.5016,terug,-249,MM0 ?A
24.5016,terug,-249,MM1 ?A
24.5016,terug,-249,MM0 A=-2:4
24.5017,terug,-249,MM1 A=-6:4
24.5017,terug,-249,MM0 !M -253 245
24.5017,terug,-249,MM1 !M -253 245
24.5017,terug,-249,MM1 +
24.5017,terug,-249,MM0 +
24.5017,terug,-249,"#141,YAW,0.70,GYRO,-212,-89,-5,ACC,32,14,399,ADC,1245,387,5,1,"
24.5223,terug,-243,"$GPRMC,102936.0,A,5050.54277,N,00419.38535,E,000.30,045.4,021026,000.4,E*55"
24.5224,terug,-243,MM0 ?AI
24.5224,terug,-243,MM1 ?AI
24.5224,terug,-243,MM0 AI=0:0:2458:2470:0:0
24.5224,terug,-243,MM1 AI=0:0:2368:2384:0:0
24.5224,terug,-243,"#142,YAW,0.70,GYRO,72,146,1,ACC,-7,-46,142,ADC,1246,385,6,1,"
24.5224,terug,-243,MM0 ?C
24.5224,terug,-243,MM1 ?C
24.5224,terug,-243,MM0 C=252:-247
24.5224,terug,-243,MM1 C=251:-238
24.5566,terug,-243,MM0 !M -247 239
24.5567,terug,-243,MM1 !M -247 239
24.5567,terug,-243,MM0 +
24.5567,terug,-243,MM1 +
24.5567,terug,-243,"#143,YAW,0.70,GYRO,33,30,2,ACC,4,-33,126,ADC,1285,330,5,1,"
24.5567,terug,-243,MM0 ?D
24.5567,terug,-243,MM1 ?D
24.5567,terug,-243,MM0 D=42
24.5567,terug,-243,MM1 D=18
24.5795,terug,-220,"#144,YAW,0.70,GYRO,98,-213,-10,ACC,-37,-60,211,ADC,1223,381,6,2,"
24.5795,terug,-220,MM0 ?FF
24.5795,terug,-220,MM1 ?FF
24.5795,terug,-220,MM0 FF=0
24.5795,terug,-220,MM1 FF=0
24.5795,terug,-220,"#145,YAW,0.70,GYRO,-210,136,-10,ACC,27,55,346,ADC,1250,395,6,2,"
24.6139,terug,-220,MM0 ?P
24.6139,terug,-220,MM1 ?P
24.6139,terug,-220,MM0 P=-247:239
24.6139,terug,-220,MM1 P=-247:239
24.6139,terug,-220,MM0 !M -224 216
24.6139,terug,-220,MM1 !M -224 216
24.6139,terug,-220,MM0 +
24.6139,terug,-220,MM1 +
24.6139,terug,-220,"#146,YAW,0.70,GYRO,85,172,2,ACC,8,2,243,ADC,1279,500,7,2,"
24.6139,terug,-220,MM0 ?S
24.6139,terug,-220,MM1 ?S
24.6139,terug,-220,MM0 S=-225:225
24.6139,terug,-220,MM1 S=-225:225
24.6647,terug,-212,"#147,YAW,0.70,GYRO,-7,-10,29,ACC,20,-12,119,ADC,1260,390,4,2,"
24.6647,terug,-212,MM0 ?T
24.6647,terug,-212,MM1 ?T
24.6647,terug,-212,MM0 T=34:33
24.6647,terug,-212,MM1 T=35:33
24.6647,terug,-212,"#148,YAW,0.70,GYRO,56,-204,-14,ACC,11,-33,250,ADC,1294,498,7,2,"
24.6647,terug,-212,MM0 ?V
24.6647,terug,-212,MM1 ?V
24.6647,terug,-212,MM0 V=120:223:4904
24.6647,terug,-212,MM1 V=120:221:4896
24.6647,terug,-212,MM0 !M -217 207
24.6647,terug,-212,MM0 +
24.6647,terug,-212,MM1 !M -217 207
24.6647,terug,-212,MM1 +
24.6647,terug,-212,"#149,YAW,0.70,GYRO,-124,161,-20,ACC,29,1,301,ADC,1264,503,6,2,"
24.6648,terug,-212,MM0 ?CR
24.6648,terug,-212,MM1 ?CR
24.6648,terug,-212,MM0 CR=-56:55
24.6648,terug,-212,MM1 CR=-56:56
24.7128,terug,-204,"#150,YAW,0.70,GYRO,184,97,11,ACC,8,-8,229,ADC,1241,501,6,2,"
24.7129,terug,-204,MM0 ?A
24.7129,terug,-204,MM1 ?A
24.7129,terug,-204,MM0 A=0:0
24.7129,terug,-204,MM1 A=0:0
24.7129,terug,-204,MM0 !M -209 199
24.7129,terug,-204,MM1 !M -209 199
24.7129,terug,-204,MM0 +
24.7129,terug,-204,MM1 +
24.7129,terug,-204,"#151,YAW,0.70,GYRO,-93,43,36,ACC,-11,27,175,ADC,1221,499,7,1,"
24.7129,terug,-204,"$GPRMC,102936.2,A,5050.54237,N,00419.38503,E,000.27,045.4,021026,000.4,E*50"
24.7129,terug,-204,MM0 ?AI
24.7129,terug,-204,MM1 ?AI
24.7129,terug,-204,MM0 AI=0:0:2469:2463:0:0
24.7129,terug,-204,MM1 AI=0:0:2342:2352:0:0
24.7635,terug,-195,"#152,YAW,0.70,GYRO,123,-75,14,ACC,19,-10,199,ADC,1258,492,5,1,"
24.7635,terug,-195,MM0 ?C
24.7635,terug,-195,MM1 ?C
24.7635,terug,-195,MM0 C=197:-193
24.7635,terug,-195,MM1 C=196:-183
24.7635,terug,-195,"#153,YAW,0.70,GYRO,-115,92,-30,ACC,27,-3,372,ADC,1244,402,6,2,"
24.7635,terug,-195,MM0 ?D
24.7635,terug,-195,MM1 ?D
24.7635,terug,-195,MM0 D=16
24.7635,terug,-195,MM1 D=33
24.7635,terug,-195,"#154,YAW,0.70,GYRO,53,183,-24,ACC,14,-10,298,ADC,1263,394,6,2,"
24.7635,terug,-195,MM0 ?FF
24.7635,terug,-195,MM1 ?FF
24.7635,terug,-195,MM0 FF=0
24.7635,terug,-195,MM1 FF=0
24.8137,terug,-199,"#155,YAW,0.70,GYRO,-33,7,1,ACC,15,0,238,ADC,1273,382,6,2,"
24.8137,terug,-199,MM0 !M -199 191
24.8137,terug,-199,MM0 +
24.8137,terug,-199,MM1 !M -199 191
24.8137,terug,-199,MM1 +
24.8137,terug,-199,MM1 PING
24.8137,terug,-199,MM0 PING
24.8137,terug,-199,MM0 ?P
24.8137,terug,-199,MM1 ?P
24.8137,terug,-199,MM0 P=-199:191
24.8138,terug,-199,MM1 P=-199:191
24.8138,terug,-199,"#156,YAW,0.70,GYRO,34,-39,-5,ACC,2,-1,194,ADC,1199,385,6,1,"
24.8138,terug,-199,MM0 ?S
24.8138,terug,-199,MM1 ?S
24.8138,terug,-199,MM0 S=-150:225
24.8138,terug,-199,MM1 S=-225:150
24.8635,terug,-191,"#157,YAW,0.70,GYRO,32,-62,-28,ACC,8,-10,260,ADC,1217,380,6,1,"
24.8636,terug,-191,MM0 ?T
24.8636,terug,-191,MM1 ?T
24.8636,terug,-191,MM0 T=34:33
24.8636,terug,-191,MM1 T=36:33
24.8636,terug,-191,MM1 !M -204 194
24.8636,terug,-191,MM0 !M -204 194
24.8636,terug,-191,MM1 +
24.8636,terug,-191,MM0 +
24.8636,terug,-191,MM0 PING
24.8636,terug,-191,MM1 PING
24.8636,terug,-191,"#158,YAW,0.71,GYRO,-47,27,-15,ACC,14,5,344,ADC,1294,503,4,2,"
24.8636,terug,-191,MM0 ?V
24.8636,terug,-191,MM1 ?V
24.8636,terug,-191,MM0 V=120:221:4903
24.8636,terug,-191,MM1 V=120:223:4898
24.8636,terug,-191,"#159,YAW,0.71,GYRO,-8,-2,7,ACC,25,-6,243,ADC,1256,387,7,2,"
24.8636,terug,-191,MM0 ?CR
24.8636,terug,-191,MM1 ?CR
24.8636,terug,-191,MM0 CR=-52:51
24.8636,terug,-191,MM1 CR=-50:51
24.9148,terug,-183,"#160,YAW,0.70,GYRO,-63,28,45,ACC,5,-1,214,ADC,1296,384,4,2,"
24.9148,terug,-183,MM0 ?A
24.9148,terug,-183,MM0 A=0:0
24.9148,terug,-183,MM1 ?A
24.9148,terug,-183,MM1 A=0:0
24.9148,terug,-183,MM0 !M -196 186
24.9148,terug,-183,MM1 !M -196 186
24.9148,terug,-183,MM0 +
24.9148,terug,-183,MM1 +
24.9148,terug,-183,MM0 PING
24.9148,terug,-183,MM1 PING
24.9148,terug,-183,"#161,YAW,0.70,GYRO,48,-4,31,ACC,19,-21,194,ADC,1277,502,5,2,"
24.9148,terug,-183,"$GPRMC,102936.4,A,5050.54215,N,00419.38497,E,000.25,045.4,021026,000.4,E*58"
24.9148,terug,-183,MM0 ?AI
24.9148,terug,-183,MM1 ?AI
24.9148,terug,-183,MM0 AI=0:0:2437:2485:0:0
24.9148,terug,-183,MM1 AI=0:0:2382:2369:0:0
24.9660,terug,-175,"#162,YAW,0.70,GYRO,-32,-129,-2,ACC,-3,-2,304,ADC,1256,386,7,2,"
24.9660,terug,-175,MM0 ?C
24.9660,terug,-175,MM1 ?C
24.9660,terug,-175,MM0 C=147:-144
24.9660,terug,-175,MM1 C=148:-134
24.9660,terug,-175,MM0 !M -188 178
24.9660,terug,-175,MM1 !M -188 178
24.9660,terug,-175,MM0 +
24.9660,terug,-175,MM1 +
24.9660,terug,-175,MM0 PING
24.9660,terug,-175,MM1 PING
24.9660,terug,-175,"#163,YAW,0.70,GYRO,-13,-42,-4,ACC,7,6,317,ADC,1273,497,5,2,"
24.9660,terug,-175,MM0 ?D
24.9660,terug,-175,MM1 ?D
24.9660,terug,-175,MM0 D=18
24.9660,terug,-175,MM1 D=33
24.9660,terug,-175,"#164,YAW,0.70,GYRO,11,4,26,ACC,23,-3,213,ADC,1232,392,5,2,"
24.9660,terug,-175,MM0 ?FF
24.9660,terug,-175,MM1 ?FF
24.9660,terug,-175,MM0 FF=0
24.9660,terug,-175,MM1 FF=0
25.0181,terug,-170,"#165,YAW,0.70,GYRO,-38,-49,57,ACC,15,-5,246,ADC,1265,384,5,2,"
25.0181,terug,-170,MM0 ?P
25.0181,terug,-170,MM1 ?P
25.0181,terug,-170,MM0 P=-188:178
25.0181,terug,-170,MM1 P=-188:178
25.0181,terug,-170,MM0 !M -179 171
25.0181,terug,-170,MM1 !M -179 171
25.0181,terug,-170,MM0 +
25.0181,terug,-170,MM1 +
25.0181,terug,-170,MM0 PING
25.0181,terug,-170,MM1 PING
25.0181,terug,-170,MM0 !M -174 166
25.0181,terug,-170,MM1 !M -174 166
25.0181,terug,-170,MM0 +
25.0181,terug,-170,MM1 +
25.0181,terug,-170,"#166,YAW,0.70,GYRO,60,24,33,ACC,8,-17,199,ADC,1247,285,8,2,"
25.0181,terug,-170,MM0 ?S
25.0181,terug,-170,MM1 ?S
25.0181,terug,-170,MM0 S=-150:225
25.0181,terug,-170,MM1 S=-150:150
25.0181,terug,-170,"#167,YAW,0.70,GYRO,37,-93,-6,ACC,7,-13,235,ADC,1260,390,6,2,"
25.0181,terug,-170,MM0 ?T
25.0704,terug,-153,MM1 ?T
25.0704,terug,-153,MM0 T=34:33
25.0704,terug,-153,MM1 T=35:33
25.0704,terug,-153,"#168,YAW,0.70,GYRO,-31,77,-37,ACC,23,15,353,ADC,1278,400,6,2,"
25.0704,terug,-153,MM0 ?V
25.0704,terug,-153,MM1 ?V
25.0704,terug,-153,MM0 V=120:227:4903
25.0704,terug,-153,MM1 V=120:223:4898
25.0704,terug,-153,"#169,YAW,0.70,GYRO,11,51,-20,ACC,30,8,261,ADC,1299,391,5,1,"
25.0704,terug,-153,MM0 ?CR
25.0704,terug,-153,MM1 ?CR
25.0704,terug,-153,MM0 CR=-45:45
25.0704,terug,-153,MM1 CR=-45:44
25.0916,terug,-153,"#170,YAW,0.70,GYRO,-31,-18,8,ACC,20,-7,256,ADC,1248,501,6,1,"
25.0916,terug,-153,MM0 ?A
25.0917,terug,-153,MM1 ?A
25.0917,terug,-153,MM0 A=0:0
25.0917,terug,-153,MM1 A=0:0
25.0917,terug,-153,MM0 !M -166 158
25.0917,terug,-153,MM1 !M -166 158
25.0917,terug,-153,MM0 +
25.0917,terug,-153,MM1 +
25.0917,terug,-153,MM0 PING
25.0917,terug,-153,MM1 PING
25.1130,terug,-153,MM1 !M -157 149
25.1130,terug,-153,MM0 !M -157 149
25.1130,terug,-153,MM1 +
25.1130,terug,-153,MM0 +
25.1130,terug,-153,"$GPRMC,102936.6,A,5050.54155,N,00419.38464,E,000.29,045.4,021026,000.4,E*5D"
25.1130,terug,-153,"#171,YAW,0.70,GYRO,20,3,2,ACC,12,-16,202,ADC,1263,302,6,2,"
25.1130,terug,-153,MM0 ?AI
25.1130,terug,-153,MM1 ?AI
25.1130,terug,-153,MM0 AI=0:0:2450:2462:0:0
25.1130,terug,-153,MM1 AI=0:0:2376:2393:0:0
25.1336,terug,-143,"#172,YAW,0.70,GYRO,37,-57,-9,ACC,-3,-15,218,ADC,1316,357,5,1,"
25.1336,terug,-143,MM0 ?C
25.1336,terug,-143,MM1 ?C
25.1336,terug,-143,MM0 C=104:-101
25.1336,terug,-143,MM1 C=105:-92
25.1715,terug,-134,"#173,YAW,0.70,GYRO,-50,20,-22,ACC,12,28,313,ADC,1231,384,9,2,"
25.1715,terug,-134,MM0 ?D
25.1715,terug,-134,MM1 ?D
25.1716,terug,-134,MM0 D=57
25.1716,terug,-134,MM1 D=18
25.1716,terug,-134,MM0 !M -147 139
25.1716,terug,-134,MM1 !M -147 139
25.1716,terug,-134,MM0 +
25.1716,terug,-134,MM1 +
25.1716,terug,-134,"#174,YAW,0.70,GYRO,-19,77,-6,ACC,9,10,263,ADC,1245,390,5,2,"
25.1716,terug,-134,MM0 ?FF
25.1716,terug,-134,MM1 ?FF
25.1716,terug,-134,MM0 FF=0
25.1716,terug,-134,MM1 FF=0
25.2055,terug,-134,"#175,YAW,0.70,GYRO,-16,-27,17,ACC,28,-9,246,ADC,1257,388,5,2,"
25.2056,terug,-134,MM0 ?P
25.2056,terug,-134,MM1 ?P
25.2056,terug,-134,MM0 P=-147:139
25.2056,terug,-134,MM1 P=-147:139
25.2056,terug,-134,"#176,YAW,0.70,GYRO,-19,35,38,ACC,19,-13,258,ADC,1255,396,6,1,"
25.2056,terug,-134,MM0 ?S
25.2056,terug,-134,MM1 ?S
25.2056,terug,-134,MM0 S=-150:150
25.2056,terug,-134,MM1 S=-150:75
25.2265,terug,-123,"#177,YAW,0.70,GYRO,13,57,27,ACC,17,-10,239,ADC,1278,386,8,2,"
25.2265,terug,-123,MM0 ?T
25.2265,terug,-123,MM1 ?T
25.2265,terug,-123,MM0 T=34:33
25.2265,terug,-123,MM1 T=36:33
25.2266,terug,-123,MM0 !M -138 130
25.2606,terug,-123,MM1 !M -138 130
25.2606,terug,-123,MM0 +
25.2606,terug,-123,MM1 +
25.2606,terug,-123,MM1 PING
25.2606,terug,-123,MM0 PING
25.2606,terug,-123,"#178,YAW,0.70,GYRO,41,11,2,ACC,9,-1,228,ADC,1250,347,5,1,"
25.2606,terug,-123,MM0 ?V
25.2606,terug,-123,MM1 ?V
25.2606,terug,-123,MM0 V=120:222:4902
25.2607,terug,-123,MM1 V=120:223:4897
25.2607,terug,-123,MM0 !M -127 119
25.2607,terug,-123,MM1 !M -127 119
25.2607,terug,-123,MM0 +
25.2607,terug,-123,MM1 +
25.2607,terug,-123,"#179,YAW,0.70,GYRO,53,-19,-20,ACC,22,-1,252,ADC,1260,389,5,2,"
25.2607,terug,-123,MM0 ?CR
25.2607,terug,-123,MM1 ?CR
25.2607,terug,-123,MM0 CR=-38:37
25.2813,terug,-111,MM1 CR=-38:38
25.2813,terug,-111,"#180,YAW,0.70,GYRO,-9,115,-28,ACC,26,17,296,ADC,1262,388,6,2,"
25.2814,terug,-111,MM0 ?A
25.2814,terug,-111,MM1 ?A
25.2814,terug,-111,MM1 A=0:-4
25.2814,terug,-111,MM0 A=0:0
25.3160,terug,-111,MM0 !M -115 107
25.3160,terug,-111,MM1 !M -115 107
25.3160,terug,-111,MM0 +
25.3160,terug,-111,MM1 +
25.3160,terug,-111,"$GPRMC,102936.8,A,5050.54106,N,00419.38443,E,000.29,045.4,021026,000.4,E*50"
25.3160,terug,-111,"#181,YAW,0.70,GYRO,45,42,8,ACC,19,-3,259,ADC,1229,289,4,2,"
25.3160,terug,-111,MM0 ?AI
25.3160,terug,-111,MM1 ?AI
25.3160,terug,-111,MM0 AI=0:0:2452:2473:0:0
25.3160,terug,-111,MM1 AI=0:0:2350:2354:0:0
25.3758,terug,-90,"#182,YAW,0.70,GYRO,-19,-30,30,ACC,33,-2,235,ADC,1311,499,7,2,"
25.3758,terug,-90,MM0 ?C
25.3758,terug,-90,MM1 ?C
25.3758,terug,-90,MM0 C=68:-66
25.3758,terug,-90,MM1 C=69:-56
25.3758,terug,-90,"#183,YAW,0.70,GYRO,0,37,41,ACC,20,-5,249,ADC,1261,496,6,2,"
25.3759,terug,-90,MM0 ?D
25.3759,terug,-90,MM1 ?D
25.3759,terug,-90,MM0 D=27
25.3759,terug,-90,MM1 D=0
25.3759,terug,-90,MM0 !M -102 94
25.3759,terug,-90,MM1 !M -102 94
25.3759,terug,-90,MM0 +
25.3759,terug,-90,MM1 +
25.3759,terug,-90,"#184,YAW,0.70,GYRO,-10,2,25,ACC,16,1,227,ADC,1258,320,6,1,"
25.3759,terug,-90,MM0 ?FF
25.3759,terug,-90,MM1 ?FF
25.3759,terug,-90,MM0 FF=0
25.3759,terug,-90,MM1 FF=0
25.4147,terug,-90,"#185,YAW,0.70,GYRO,21,-59,-5,ACC,13,-10,245,ADC,1238,393,5,2,"
25.4147,terug,-90,MM0 ?P
25.4147,terug,-90,MM1 ?P
25.4147,terug,-90,MM0 P=-102:94
25.4147,terug,-90,MM1 P=-102:94
25.4147,terug,-90,MM0 !M -94 86
25.4147,terug,-90,MM1 !M -94 86
25.4147,terug,-90,MM0 +
25.4147,terug,-90,MM1 +
25.4147,terug,-90,"#186,YAW,0.70,GYRO,1,-18,-26,ACC,-4,-5,252,ADC,1219,380,4,2,"
25.4147,terug,-90,MM0 ?S
25.4147,terug,-90,MM1 ?S
25.4147,terug,-90,MM0 S=-75:75
25.4147,terug,-90,MM1 S=-75:150
25.4361,terug,-101,"#187,YAW,0.70,GYRO,-16,4,-35,ACC,15,16,278,ADC,1256,384,7,2,"
25.4361,terug,-101,MM0 ?T
25.4361,terug,-101,MM1 ?T
25.4361,terug,-101,MM0 T=34:33
25.4361,terug,-101,MM1 T=36:33
25.4695,terug,-101,"#188,YAW,0.70,GYRO,-13,20,-13,ACC,20,14,269,ADC,1272,504,5,2,"
25.4696,terug,-101,MM0 ?V
25.4696,terug,-101,MM1 ?V
25.4696,terug,-101,MM0 V=120:223:4902
25.4696,terug,-101,MM1 V=120:223:4896
25.4696,terug,-101,MM1 !M -105 97
25.4696,terug,-101,MM0 !M -105 97
25.4696,terug,-101,MM1 +
25.4696,terug,-101,MM0 +
25.4696,terug,-101,"#189,YAW,0.70,GYRO,-8,-42,8,ACC,8,-3,229,ADC,1261,391,4,1,"
25.4696,terug,-101,MM0 ?CR
25.4696,terug,-101,MM1 ?CR
25.4696,terug,-101,MM0 CR=-29:29
25.4696,terug,-101,MM1 CR=-28:28
25.5214,terug,-90,"#190,YAW,0.70,GYRO,-18,28,12,ACC,9,-15,277,ADC,1257,501,5,1,"
25.5215,terug,-90,MM0 ?A
25.5215,terug,-90,MM1 ?A
25.5215,terug,-90,MM0 A=0:0
25.5215,terug,-90,MM1 A=0:0
25.5215,terug,-90,"#191,YAW,0.70,GYRO,-7,3,13,ACC,14,2,257,ADC,1270,397,8,2,"
25.5215,terug,-90,MM0 !M -94 86
25.5215,terug,-90,MM0 +
25.5215,terug,-90,MM1 !M -94 86
25.5215,terug,-90,MM1 +
25.5215,terug,-90,"$GPRMC,102937.0,A,5050.54058,N,00419.38419,E,000.31,045.4,021026,000.4,E*55"
25.5215,terug,-90,MM0 ?AI
25.5215,terug,-90,MM1 ?AI
25.5215,terug,-90,MM0 AI=0:0:2452:2470:0:0
25.5215,terug,-90,MM1 AI=0:0:2355:2424:0:0
25.5215,terug,-90,"#192,YAW,0.70,GYRO,-21,-8,15,ACC,17,4,248,ADC,1267,314,7,1,"
25.5215,terug,-90,MM0 ?C
25.5215,terug,-90,MM1 ?C
25.5706,terug,-90,MM0 C=42:-40
25.5706,terug,-90,MM1 C=44:-31
25.5707,terug,-90,"#193,YAW,0.70,GYRO,-1,38,12,ACC,19,9,249,ADC,1266,384,5,1,"
25.5707,terug,-90,MM0 ?D
25.5707,terug,-90,MM1 ?D
25.5707,terug,-90,MM0 D=57
25.5707,terug,-90,MM1 D=2
25.5707,terug,-90,MM0 !M -94 86
25.5707,terug,-90,MM1 !M -94 86
25.5707,terug,-90,MM0 +
25.5707,terug,-90,MM1 +
25.5707,terug,-90,"#194,YAW,0.70,GYRO,-16,20,-8,ACC,18,1,257,ADC,1248,496,6,1,"
25.5707,terug,-90,MM0 ?FF
25.5707,terug,-90,MM1 ?FF
25.5707,terug,-90,MM0 FF=0
25.5707,terug,-90,MM1 FF=0
25.6215,terug,-90,"#195,YAW,0.70,GYRO,-2,-13,-21,ACC,-2,-5,250,ADC,1210,384,6,2,"
25.6215,terug,-90,MM0 ?P
25.6215,terug,-90,MM1 ?P
25.6215,terug,-90,MM0 P=-94:86
25.6215,terug,-90,MM1 P=-94:86
25.6215,terug,-90,"#196,YAW,0.70,GYRO,-8,1,-28,ACC,-1,0,247,ADC,1232,384,8,2,"
25.6216,terug,-90,MM0 !M -94 86
25.6216,terug,-90,MM0 +
25.6216,terug,-90,MM1 !M -94 86
25.6216,terug,-90,MM1 +
25.6216,terug,-90,MM0 ?S
25.6216,terug,-90,MM1 ?S
25.6216,terug,-90,MM0 S=-75:75
25.6216,terug,-90,MM1 S=-75:0
25.6216,terug,-90,"#197,YAW,0.70,GYRO,-13,34,-18,ACC,5,5,253,ADC,1233,501,6,2,"
25.6216,terug,-90,MM0 ?T
25.6216,terug,-90,MM1 ?T
25.6216,terug,-90,MM0 T=34:33
25.6715,terug,-90,MM1 T=35:33
25.6715,terug,-90,"#198,YAW,0.70,GYRO,-14,-10,-1,ACC,13,2,265,ADC,1243,383,6,2,"
25.6716,terug,-90,MM0 ?V
25.6716,terug,-90,MM1 ?V
25.6716,terug,-90,MM0 V=120:223:4903
25.6716,terug,-90,MM1 V=120:222:4899
25.6716,terug,-90,MM0 !M -94 86
25.6716,terug,-90,MM1 !M -94 86
25.6716,terug,-90,MM1 +
25.6716,terug,-90,MM0 +
25.6716,terug,-90,"#199,YAW,0.70,GYRO,-5,-17,9,ACC,8,-3,254,ADC,1274,500,5,2,"
25.6716,terug,-90,MM0 ?CR
25.6716,terug,-90,MM1 ?CR
25.6716,terug,-90,MM0 CR=-22:21
25.6716,terug,-90,MM1 CR=-22:22
25.7217,terug,-90,"#200,YAW,0.70,GYRO,7,4,4,ACC,6,-10,245,ADC,1264,387,5,2,"
25.7217,terug,-90,MM0 ?A
25.7217,terug,-90,MM1 ?A
25.7217,terug,-90,MM0 A=0:0
25.7218,terug,-90,MM1 A=0:0
25.7218,terug,-90,"#201,YAW,0.70,GYRO,15,8,-15,ACC,4,-6,267,ADC,1262,382,8,2,"
25.7218,terug,-90,"$GPRMC,102937.2,A,5050.54020,N,00419.38397,E,000.29,045.4,021026,000.4,E*50"
25.7218,terug,-90,MM0 ?AI
25.7218,terug,-90,MM1 ?AI
25.7218,terug,-90,MM1 AI=0:0:2399:2225:0:0
25.7218,terug,-90,MM0 AI=0:0:2441:2450:0:0
25.7218,terug,-90,MM1 !M -94 86
25.7218,terug,-90,MM0 !M -94 86
25.7218,terug,-90,MM1 +
25.7218,terug,-90,MM0 +
25.7218,terug,-90,"#202,YAW,0.70,GYRO,9,17,-13,ACC,13,4,253,ADC,1264,349,6,1,"
25.7218,terug,-90,MM0 ?C
25.7218,terug,-90,MM1 ?C
25.7218,terug,-90,MM0 C=21:-20
25.7718,terug,-90,MM1 C=23:-11
25.7719,terug,-90,"#203,YAW,0.70,GYRO,8,5,11,ACC,9,8,245,ADC,1251,496,5,2,"
25.7719,terug,-90,MM0 ?D
25.7719,terug,-90,MM1 ?D
25.7719,terug,-90,MM0 D=56
25.7719,terug,-90,MM1 D=2
25.7719,terug,-90,MM0 !M -95 85
25.7719,terug,-90,MM1 !M -95 85
25.7719,terug,-90,MM0 +
25.7719,terug,-90,MM1 +
25.7719,terug,-90,"#204,YAW,0.70,GYRO,3,11,31,ACC,12,1,258,ADC,1257,381,5,2,"
25.7719,terug,-90,MM0 ?FF
25.7719,terug,-90,MM1 ?FF
25.7719,terug,-90,MM0 FF=0
25.7719,terug,-90,MM1 FF=0
25.8245,terug,-90,"#205,YAW,0.70,GYRO,-2,14,29,ACC,6,-5,253,ADC,1275,500,8,2,"
25.8245,terug,-90,MM0 ?P
25.8245,terug,-90,MM1 ?P
25.8245,terug,-90,MM0 P=-95:85
25.8245,terug,-90,MM1 P=-95:85
25.8245,terug,-90,"#206,YAW,0.70,GYRO,3,9,9,ACC,-1,-4,243,ADC,1259,503,5,1,"
25.8246,terug,-90,MM0 ?S
25.8246,terug,-90,MM1 ?S
25.8246,terug,-90,MM0 S=-75:75
25.8246,terug,-90,MM1 S=-75:75
25.8246,terug,-90,MM0 !M -94 86
25.8246,terug,-90,MM1 !M -94 86
25.8246,terug,-90,MM0 +
25.8246,terug,-90,MM1 +
25.8246,terug,-90,"#207,YAW,0.70,GYRO,9,-2,-11,ACC,-2,-1,249,ADC,1222,383,5,1,"
25.8246,terug,-90,MM0 ?T
25.8246,terug,-90,MM1 ?T
25.8246,terug,-90,MM0 T=34:33
25.8246,terug,-90,MM1 T=35:33
25.8736,terug,-90,"#208,YAW,0.70,GYRO,15,-2,-25,ACC,-7,7,248,ADC,1275,387,5,2,"
25.8736,terug,-90,MM0 ?V
25.8736,terug,-90,MM1 ?V
25.8737,terug,-90,MM0 V=120:223:4903
25.8737,terug,-90,MM1 V=120:223:4897
25.8737,terug,-90,MM1 !M -94 86
25.8737,terug,-90,MM0 !M -94 86
25.8737,terug,-90,MM1 +
25.8737,terug,-90,MM0 +
25.8737,terug,-90,"#209,YAW,0.70,GYRO,13,5,-23,ACC,-10,8,244,ADC,1289,501,6,2,"
25.8737,terug,-90,MM0 ?CR
25.8737,terug,-90,MM1 ?CR
25.8737,terug,-90,MM0 CR=-19:19
25.8737,terug,-90,MM1 CR=-19:18
25.9257,terug,0,"#210,YAW,0.70,GYRO,7,23,-16,ACC,-7,4,259,ADC,1263,392,6,1,"
25.9257,terug,0,MM0 ?A
25.9258,terug,0,MM1 ?A
25.9258,terug,0,MM0 A=0:0
25.9258,terug,0,MM1 A=0:0
25.9258,terug,0,"$GPRMC,102937.4,A,5050.53998,N,00419.38385,E,000.32,045.4,021026,000.4,E*52"
25.9258,terug,0,"#211,YAW,0.70,GYRO,17,37,-6,ACC,-5,-1,264,ADC,1255,501,5,2,"
25.9258,terug,0,MM0 ?AI
25.9258,terug,0,MM1 ?AI
25.9258,terug,0,MM0 AI=0:0:2460:2460:0:0
25.9258,terug,0,MM1 AI=0:0:2370:2349:0:0
25.9258,terug,0,MM0 !M 0 0
25.9258,terug,0,MM1 !M 0 0
25.9258,terug,0,MM0 +
25.9258,terug,0,MM1 +
25.9258,terug,0,"#212,YAW,0.70,GYRO,19,5,2,ACC,10,-3,262,ADC,1243,326,3,2,"
25.9258,terug,0,MM0 ?C
25.9258,terug,0,MM1 ?C
25.9258,terug,0,MM0 C=3:-2
25.9258,terug,0,MM1 C=5:7
25.9748,terug,0,"#213,YAW,0.70,GYRO,9,-66,15,ACC,59,-8,261,ADC,1216,496,6,2,"
25.9749,terug,0,MM0 ?D
25.9749,terug,0,MM1 ?D
25.9749,terug,0,MM0 D=34
25.9749,terug,0,MM1 D=50
25.9749,terug,0,MM1 !M 0 0
25.9749,terug,0,MM0 !M 0 0
25.9749,terug,0,MM1 +
25.9749,terug,0,MM0 +
25.9749,terug,0,"#214,YAW,0.70,GYRO,8,11,-7,ACC,28,1,249,ADC,1253,384,5,2,"
25.9749,terug,0,MM1 ?FF
25.9749,terug,0,MM0 ?FF
25.9749,terug,0,MM1 FF=0
25.9749,terug,0,MM0 FF=0
26.0244,terug,0,"#215,YAW,0.70,GYRO,26,48,-13,ACC,57,-7,273,ADC,1275,502,5,2,"
26.0245,terug,0,MM0 ?P
26.0245,terug,0,MM1 ?P
26.0245,terug,0,MM0 P=0:0
26.0245,terug,0,MM1 P=0:0
26.0245,terug,0,"#216,YAW,0.70,GYRO,1,1,1,ACC,35,4,266,ADC,1271,383,4,2,"
26.0245,terug,0,MM0 ?S
26.0245,terug,0,MM1 ?S
26.0245,terug,0,MM0 S=0:0
26.0245,terug,0,MM1 S=0:0
26.0245,terug,0,MM0 !M 0 0
26.0245,terug,0,MM1 !M 0 0
26.0245,terug,0,MM0 +
26.0245,terug,0,MM1 +
26.0245,terug,0,"#217,YAW,0.70,GYRO,5,-4,23,ACC,43,-1,223,ADC,1283,501,6,2,"
26.0245,terug,0,MM0 ?T
26.0245,terug,0,MM1 ?T
26.0245,terug,0,MM0 T=34:33
26.0245,terug,0,MM1 T=35:33
26.0747,terug,0,"#218,YAW,0.70,GYRO,17,56,3,ACC,27,-2,260,ADC,1247,500,4,2,"
26.0747,terug,0,MM0 ?V
26.0747,terug,0,MM1 ?V
26.0748,terug,0,MM0 V=120:223:4903
26.0748,terug,0,MM1 V=120:223:4898
26.0748,terug,0,MM0 !M 0 0
26.0748,terug,0,MM1 !M 0 0
26.0748,terug,0,MM0 +
26.0748,terug,0,MM1 +
26.0748,terug,0,"#219,YAW,0.70,GYRO,-5,-3,4,ACC,18,1,258,ADC,1263,389,4,2,"
26.0748,terug,0,MM0 ?CR
26.0748,terug,0,MM1 ?CR
26.0748,terug,0,MM0 CR=-11:10
26.0748,terug,0,MM1 CR=-10:11
26.1257,terug,0,"#220,YAW,0.70,GYRO,4,-3,8,ACC,26,0,242,ADC,1250,383,8,2,"
26.1257,terug,0,MM0 ?A
26.1257,terug,0,MM1 ?A
26.1257,terug,0,MM0 A=0:0
26.1257,terug,0,MM1 A=0:0
26.1257,terug,0,"$GPRMC,102937.6,A,5050.53972,N,00419.38373,E,000.34,045.4,021026,000.4,E*5B"
26.1257,terug,0,"#221,YAW,0.70,GYRO,-1,13,4,ACC,19,-1,258,ADC,1281,390,5,2,"
26.1257,terug,0,MM0 ?AI
26.1257,terug,0,MM1 ?AI
26.1257,terug,0,MM0 AI=0:0:2458:2470:0:0
26.1257,terug,0,MM1 AI=0:0:2390:2373:0:0
26.1257,terug,0,MM0 !M 0 0
26.1257,terug,0,MM1 !M 0 0
26.1257,terug,0,MM0 +
26.1257,terug,0,MM1 +
26.1258,terug,0,"#222,YAW,0.70,GYRO,2,14,-5,ACC,14,-1,256,ADC,1259,389,5,1,"
26.1258,terug,0,MM1 ?C
26.1258,terug,0,MM0 ?C
26.1258,terug,0,MM1 C=0:13
26.1258,terug,0,MM0 C=-3:4
26.1767,terug,0,"#223,YAW,0.70,GYRO,-2,1,-6,ACC,16,-1,252,ADC,1250,380,6,2,"
26.1767,terug,0,MM1 ?D
26.1767,terug,0,MM0 ?D
26.1768,terug,0,MM1 D=51
26.1768,terug,0,MM0 D=3
26.1768,terug,0,MM0 !M 0 0
26.1768,terug,0,MM1 !M 0 0
26.1768,terug,0,MM0 +
26.1768,terug,0,MM1 +
26.1768,terug,0,"#224,YAW,0.70,GYRO,0,8,-6,ACC,11,0,254,ADC,1260,386,6,2,"
26.1768,terug,0,MM1 ?FF
26.1768,terug,0,MM0 ?FF
26.1768,terug,0,MM1 FF=0
26.1768,terug,0,MM0 FF=0
26.1768,terug,0,"#225,YAW,0.70,GYRO,-3,3,1,ACC,-3,8,254,ADC,1212,384,4,1,"
26.2264,terug,0,MM1 ?P
26.2265,terug,0,MM0 ?P
26.2265,terug,0,MM1 P=0:0
26.2265,terug,0,MM0 P=0:0
26.2265,terug,0,"#226,YAW,0.70,GYRO,0,15,4,ACC,-1,-1,250,ADC,1231,382,4,2,"
26.2265,terug,0,MM1 ?S
26.2265,terug,0,MM0 ?S
26.2265,terug,0,MM1 S=0:0
26.2265,terug,0,MM0 S=0:0
26.2265,terug,0,MM1 !M 0 0
26.2265,terug,0,MM1 +
26.2265,terug,0,MM0 !M 0 0
26.2265,terug,0,MM0 +
26.2265,terug,0,"#227,YAW,0.70,GYRO,-2,9,7,ACC,-12,0,254,ADC,1272,385,6,2,"
26.2265,terug,0,MM1 ?T
26.2265,terug,0,MM0 ?T
26.2265,terug,0,MM1 T=35:33
26.2265,terug,0,MM0 T=34:33
26.2781,terug,0,"#228,YAW,0.70,GYRO,-2,6,4,ACC,-14,1,256,ADC,1258,385,5,2,"
26.2781,terug,0,MM1 ?V
26.2781,terug,0,MM0 ?V
26.2781,terug,0,MM1 V=120:223:4899
26.2781,terug,0,MM0 V=120:223:4905
26.2781,terug,0,MM0 !M 0 0
26.2781,terug,0,MM1 !M 0 0
26.2781,terug,0,MM0 +
26.2781,terug,0,MM1 +
26.2781,terug,0,"#229,YAW,0.70,GYRO,-1,10,-14,ACC,-14,1,243,ADC,1254,340,4,1,"
26.2782,terug,0,MM1 ?CR
26.2782,terug,0,MM0 ?CR
26.2782,terug,0,MM1 CR=1:0
26.2782,terug,0,MM0 CR=1:0
26.2782,terug,0,"#230,YAW,0.70,GYRO,-2,-5,-22,ACC,-10,0,252,ADC,1320,501,7,2,"
26.2782,terug,0,MM1 ?A
26.3275,terug,0,MM0 ?A
26.3275,terug,0,MM1 A=0:0
26.3275,terug,0,MM0 A=0:0
26.3275,terug,0,"$GPRMC,102937.8,A,5050.53976,N,00419.38374,E,000.36,045.4,021026,000.4,E*54"
26.3275,terug,0,"#231,YAW,0.70,GYRO,-1,6,-16,ACC,-6,2,252,ADC,1233,382,4,2,"
26.3276,terug,0,MM1 ?AI
26.3276,terug,0,MM0 ?AI
26.3276,terug,0,MM1 AI=0:0:2363:2388:0:0
26.3276,terug,0,MM0 AI=0:0:2462:2363:0:0
26.3276,terug,0,MM0 !M 0 0
26.3276,terug,0,MM1 !M 0 0
26.3276,terug,0,MM0 +
26.3276,terug,0,MM1 +
26.3276,terug,0,"#232,YAW,0.70,GYRO,-1,5,0,ACC,-7,2,252,ADC,1216,374,6,2,"
26.3276,terug,0,MM1 ?C
26.3276,terug,0,MM0 ?C
26.3276,terug,0,MM1 C=1:13
26.3276,terug,0,MM0 C=-2:3
26.3776,terug,0,"#233,YAW,0.70,GYRO,1,-3,12,ACC,-1,0,249,ADC,1245,501,6,2,"
26.3777,terug,0,MM1 ?D
26.3777,terug,0,MM0 ?D
26.3777,terug,0,MM1 D=50
26.3777,terug,0,MM0 D=42
26.3777,terug,0,MM0 !M 0 0
26.3777,terug,0,MM1 !M 0 0
26.3777,terug,0,MM0 +
26.3777,terug,0,MM1 +
26.3777,terug,0,"#234,YAW,0.70,GYRO,0,1,9,ACC,8,1,257,ADC,1257,310,5,2,"
26.3777,terug,0,MM1 ?FF
26.3777,terug,0,MM0 ?FF
26.3777,terug,0,MM1 FF=0
26.3777,terug,0,MM0 FF=0
26.3777,terug,0,"#235,YAW,0.70,GYRO,0,1,6,ACC,3,-1,258,ADC,1234,403,5,2,"
26.3777,terug,0,MM1 ?P
26.4285,terug,0,MM0 ?P
26.4285,terug,0,MM1 P=0:0
26.4285,terug,0,MM0 P=0:0
26.4285,terug,0,"#236,YAW,0.70,GYRO,0,5,-2,ACC,4,1,255,ADC,1209,384,5,2,"
26.4286,terug,0,MM1 ?S
26.4286,terug,0,MM0 ?S
26.4286,terug,0,MM1 S=0:0
26.4286,terug,0,MM0 S=0:0
26.4286,terug,0,MM1 !M 0 0
26.4286,terug,0,MM0 !M 0 0
26.4286,terug,0,MM1 +
26.4286,terug,0,MM0 +
26.4286,terug,0,"#237,YAW,0.70,GYRO,1,5,-3,ACC,5,-1,255,ADC,1285,498,5,2,"
26.4286,terug,0,MM1 ?T
26.4286,terug,0,MM0 ?T
26.4286,terug,0,MM1 T=35:33
26.4286,terug,0,MM0 T=34:33
26.4797,terug,0,"#238,YAW,0.70,GYRO,-1,8,-1,ACC,1,0,251,ADC,1194,502,6,2,"
26.4797,terug,0,MM1 ?V
26.4798,terug,0,MM0 ?V
26.4798,terug,0,MM1 V=120:223:4900
26.4798,terug,0,MM0 V=120:223:4903
26.4798,terug,0,MM0 !M 0 0
26.4798,terug,0,MM1 !M 0 0
26.4798,terug,0,MM0 +
26.4798,terug,0,MM1 +
26.4798,terug,0,"#239,YAW,0.70,GYRO,2,5,-1,ACC,0,0,252,ADC,1231,276,6,1,"
26.4798,terug,0,MM1 ?CR
26.4798,terug,0,MM0 ?CR
26.4798,terug,0,MM1 CR=0:0
26.4798,terug,0,MM0 CR=0:0
26.4798,terug,0,"#240,YAW,0.70,GYRO,0,5,0,ACC,0,1,255,ADC,1255,390,7,2,"
26.4798,terug,0,MM1 ?A
26.4798,terug,0,MM0 ?A
26.4798,terug,0,MM1 A=0:0
26.5295,terug,0,MM0 A=0:0
26.5295,terug,0,"#241,YAW,0.70,GYRO,0,2,3,ACC,-1,2,253,ADC,1289,501,5,2,"
26.5295,terug,0,"$GPRMC,102938.0,A,5050.53975,N,00419.38379,E,000.37,045.4,021026,000.4,E*5C"
26.5295,terug,0,MM1 ?AI
26.5295,terug,0,MM0 ?AI
26.5295,terug,0,MM1 AI=0:0:2366:2390:0:0
26.5295,terug,0,MM0 AI=0:0:2456:2477:0:0
26.5295,terug,0,MM1 !M 0 0
26.5295,terug,0,MM0 !M 0 0
26.5295,terug,0,MM1 +
26.5295,terug,0,MM0 +
26.5295,terug,0,"#242,YAW,0.70,GYRO,-1,4,1,ACC,5,-1,252,ADC,1287,308,7,2,"
26.5295,terug,0,MM1 ?C
26.5295,terug,0,MM0 ?C
26.5295,terug,0,MM1 C=1:13
26.5296,terug,0,MM0 C=-2:3
26.5797,terug,0,"#243,YAW,0.70,GYRO,1,5,-2,ACC,-3,0,254,ADC,1276,502,7,1,"
26.5798,terug,0,MM1 ?D
26.5798,terug,0,MM0 ?D
26.5798,terug,0,MM1 D=50
26.5798,terug,0,MM0 D=34
26.5798,terug,0,MM0 !M 0 0
26.5798,terug,0,MM1 !M 0 0
26.5798,terug,0,MM0 +
26.5798,terug,0,MM1 +
26.5798,terug,0,"#244,YAW,0.70,GYRO,0,7,-4,ACC,2,1,252,ADC,1235,371,5,1,"
26.5798,terug,0,MM1 ?FF
26.5798,terug,0,MM0 ?FF
26.5798,terug,0,MM1 FF=0
26.5798,terug,0,MM0 FF=0
26.5799,terug,0,"#245,YAW,0.70,GYRO,0,4,0,ACC,0,-1,254,ADC,1241,387,4,2,"
26.5799,terug,0,MM1 ?P
26.5799,terug,0,MM0 ?P
26.5799,terug,0,MM1 P=0:0
26.6295,terug,0,MM0 P=0:0
26.6296,terug,0,"#246,YAW,0.70,GYRO,0,4,1,ACC,0,0,254,ADC,1233,383,7,2,"
26.6296,terug,0,MM1 ?S
26.6296,terug,0,MM0 ?S
26.6296,terug,0,MM1 S=0:0
26.6296,terug,0,MM0 S=0:0
26.6296,terug,0,MM1 !M 0 0
26.6296,terug,0,MM0 !M 0 0
26.6296,terug,0,MM1 +
26.6296,terug,0,MM0 +
26.6296,terug,0,"#247,YAW,0.70,GYRO,1,5,0,ACC,3,0,255,ADC,1246,383,6,2,"
26.6296,terug,0,MM1 ?T
26.6296,terug,0,MM0 ?T
26.6296,terug,0,MM1 T=35:33
26.6296,terug,0,MM0 T=34:33
26.6804,terug,0,"#248,YAW,0.70,GYRO,1,5,1,ACC,3,1,255,ADC,1261,503,5,2,"
26.6804,terug,0,MM1 ?V
26.6804,terug,0,MM0 ?V
26.6804,terug,0,MM1 V=120:222:4898
26.6804,terug,0,MM0 V=120:223:4904
26.6805,terug,0,MM1 !M 0 0
26.6805,terug,0,MM0 !M 0 0
26.6805,terug,0,MM1 +
26.6805,terug,0,"#249,YAW,0.70,GYRO,1,7,2,ACC,2,0,253,ADC,1293,324,5,2,"
26.6805,terug,0,MM0 +
26.6805,terug,0,MM0 ?CR
26.6805,terug,0,MM1 ?CR
26.6805,terug,0,MM0 CR=0:0
26.6805,terug,0,MM1 CR=0:0
26.6805,terug,0,"#250,YAW,0.70,GYRO,0,6,-1,ACC,5,0,252,ADC,1255,388,5,1,"
26.6805,terug,0,MM1 ?A
26.6805,terug,0,MM0 ?A
26.6805,terug,0,MM1 A=0:0
26.7347,terug,0,MM0 A=0:0
26.7348,terug,0,"$GPRMC,102938.2,A,5050.53933,N,00419.38356,E,000.36,045.4,021026,000.4,E*50"
26.7348,terug,0,"#251,YAW,0.70,GYRO,0,3,-1,ACC,-1,0,251,ADC,1221,404,6,2,"
26.7348,terug,0,MM1 ?AI
26.7348,terug,0,MM0 ?AI
26.7348,terug,0,MM1 AI=0:0:2368:2358:0:0
26.7348,terug,0,MM0 AI=0:0:2456:2477:0:0
26.7348,terug,0,MM1 !M 0 0
26.7348,terug,0,MM0 !M 0 0
26.7348,terug,0,MM1 +
26.7348,terug,0,MM0 +
26.7348,terug,0,"#252,YAW,0.70,GYRO,1,4,2,ACC,-1,-1,254,ADC,1247,321,5,1,"
26.7348,terug,0,MM1 ?C
26.7348,terug,0,MM0 ?C
26.7348,terug,0,MM1 C=1:13
26.7348,terug,0,MM0 C=-2:3
26.7684,terug,0,"#253,YAW,0.70,GYRO,0,5,2,ACC,2,0,256,ADC,1300,503,5,2,"
26.7684,terug,0,MM1 ?D
26.7684,terug,0,MM0 ?D
26.7684,terug,0,MM1 D=50
26.7684,terug,0,MM0 D=34
26.7684,terug,0,"#254,YAW,0.70,GYRO,1,4,0,ACC,-4,0,251,ADC,1247,387,6,3,"
26.7684,terug,0,MM0 ?FF
26.7684,terug,0,MM1 ?FF
26.7684,terug,0,MM0 FF=0
26.7684,terug,0,MM1 FF=0
26.7894,terug,90,"#255,YAW,0.70,GYRO,0,6,0,ACC,0,0,255,ADC,1256,501,6,1,"
26.7894,terug,90,MM0 ?P
26.7894,terug,90,MM1 ?P
26.7894,terug,90,MM0 P=0:0
26.7894,terug,90,MM1 P=0:0
26.8249,terug,90,MM0 !M 0 0PING
26.8249,terug,90,MM1 !M 0 0PING
26.8249,terug,90,MM0 +
26.8249,terug,90,MM1 +
26.8249,terug,90,"#0,YAW,0.70,GYRO,2,7,0,ACC,-2,0,254,ADC,1270,313,4,2,"
26.8249,terug,90,MM1 ?S
26.8249,terug,90,MM0 ?S
26.8249,terug,90,MM1 S=0:0
26.8249,terug,90,MM0 S=0:0
26.8249,terug,90,MM1 !M 90 -90
26.8249,terug,90,MM0 !M 90 -90
26.8249,terug,90,MM1 +
26.8249,terug,90,MM0 +
26.8249,terug,90,"#1,YAW,0.70,GYRO,-2,-7,2,ACC,5,11,255,ADC,1229,381,6,2,"
26.8249,terug,90,MM0 ?T
26.8249,terug,90,MM1 ?T
26.8249,terug,90,MM0 T=34:33
26.8249,terug,90,MM1 T=36:33
26.8443,terug,90,"#2,YAW,0.70,GYRO,-3,-105,8,ACC,82,-11,264,ADC,1286,491,6,2,"
26.8443,terug,90,MM0 ?V
26.8443,terug,90,MM1 ?V
26.8443,terug,90,MM0 V=120:222:4904
26.8443,terug,90,MM1 V=120:223:4898
26.8787,terug,90,MM0 !M 90 -90
26.8787,terug,90,MM1 !M 90 -90
26.8787,terug,90,MM0 +
26.8787,terug,90,MM1 +
26.8787,terug,90,"#3,YAW,0.70,GYRO,8,88,-13,ACC,48,-13,256,ADC,1249,315,5,1,"
26.8787,terug,90,MM1 ?CR
26.8787,terug,90,MM0 ?CR
26.8787,terug,90,MM1 CR=2:-2
26.8787,terug,90,MM0 CR=2:-2
26.8787,terug,90,"#4,YAW,0.70,GYRO,-12,-25,-5,ACC,41,-2,234,ADC,1301,501,4,2,"
26.8787,terug,90,MM0 ?A
26.8788,terug,90,MM1 ?A
26.9352,terug,90,MM0 A=5:-9
26.9352,terug,90,MM1 A=5:-4
26.9352,terug,90,"$GPRMC,102938.4,A,5050.53911,N,00419.38342,E,000.38,045.4,021026,000.4,E*5D"
26.9352,terug,90,"#5,YAW,0.70,GYRO,4,16,5,ACC,24,-2,258,ADC,1280,375,7,1,"
26.9352,terug,90,MM1 ?AI
26.9352,terug,90,MM0 ?AI
26.9352,terug,90,MM1 AI=0:0:2388:2368:0:0
26.9352,terug,90,MM0 AI=0:0:2456:2479:0:0
26.9352,terug,90,MM0 !M 90 -90
26.9352,terug,90,MM1 !M 90 -90
26.9352,terug,90,MM0 +
26.9352,terug,90,MM1 +
26.9352,terug,90,"#6,YAW,0.70,GYRO,-15,2,-8,ACC,22,-1,258,ADC,1234,334,6,2,"
26.9353,terug,90,MM0 ?C
26.9353,terug,90,MM1 ?C
26.9353,terug,90,MM0 C=2:-1
26.9353,terug,90,MM1 C=5:8
26.9826,terug,90,"#7,YAW,0.70,GYRO,-2,10,13,ACC,15,-3,251,ADC,1221,383,5,2,"
26.9826,terug,90,MM0 ?D
26.9826,terug,90,MM1 ?D
26.9826,terug,90,MM0 D=56
26.9826,terug,90,MM1 D=0
26.9826,terug,90,"#8,YAW,0.70,GYRO,-11,-15,-2,ACC,16,-2,248,ADC,1266,503,6,2,"
26.9826,terug,90,MM0 ?FF
26.9826,terug,90,MM1 ?FF
26.9826,terug,90,MM0 FF=0
26.9827,terug,90,MM1 FF=0
26.9827,terug,90,MM0 !M 90 -90
26.9827,terug,90,MM1 !M 90 -90
26.9827,terug,90,MM0 +
26.9827,terug,90,MM1 +
26.9827,terug,90,"#9,YAW,0.70,GYRO,-9,11,-8,ACC,12,-2,275,ADC,1237,381,4,2,"
26.9827,terug,90,MM0 ?P
26.9827,terug,90,MM1 ?P
26.9827,terug,90,MM0 P=90:-90
26.9827,terug,90,MM1 P=90:-90
27.0347,terug,90,"#10,YAW,0.70,GYRO,-15,0,1,ACC,-3,-1,251,ADC,1268,399,7,2,"
27.0347,terug,90,MM0 ?S
27.0348,terug,90,MM1 ?S
27.0348,terug,90,MM0 S=75:-75
27.0348,terug,90,MM1 S=75:-75
27.0348,terug,90,MM0 !M 90 -90
27.0348,terug,90,MM1 !M 90 -90
27.0348,terug,90,MM0 +
27.0348,terug,90,MM1 +
27.0348,terug,90,"#11,YAW,0.70,GYRO,-6,-43,-11,ACC,3,2,239,ADC,1270,384,7,1,"
27.0348,terug,90,MM0 ?T
27.0348,terug,90,MM1 ?T
27.0348,terug,90,MM0 T=34:33
27.0348,terug,90,MM1 T=35:33
27.0834,terug,90,"#12,YAW,0.70,GYRO,-9,-6,-5,ACC,2,1,272,ADC,1261,501,6,2,"
27.0835,terug,90,MM0 ?V
27.0835,terug,90,MM1 ?V
27.0835,terug,90,MM0 V=120:225:4903
27.0835,terug,90,MM1 V=120:223:4898
27.0835,terug,90,"#13,YAW,0.70,GYRO,-9,33,13,ACC,7,-1,259,ADC,1237,380,5,1,"
27.0835,terug,90,MM0 ?CR
27.0835,terug,90,MM1 ?CR
27.0835,terug,90,MM0 CR=11:-11
27.0835,terug,90,MM1 CR=11:-11
27.0835,terug,90,MM0 !M 90 -90
27.0835,terug,90,MM1 !M 90 -90
27.0835,terug,90,MM0 +
27.0835,terug,90,MM1 +
27.0835,terug,90,"#14,YAW,0.70,GYRO,-11,-3,9,ACC,15,-1,239,ADC,1288,492,5,1,"
27.0835,terug,90,MM0 ?A
27.0835,terug,90,MM1 ?A
27.0835,terug,90,MM0 A=0:0
27.0835,terug,90,MM1 A=0:0
27.1338,terug,90,"$GPRMC,102938.6,A,5050.53832,N,00419.38295,E,000.42,045.4,021026,000.4,E*59"
27.1338,terug,90,"#15,YAW,0.70,GYRO,-14,4,2,ACC,2,0,257,ADC,1288,501,5,1,"
27.1338,terug,90,MM0 ?AI
27.1339,terug,90,MM1 ?AI
27.1339,terug,90,MM0 AI=0:0:2468:2479:0:0
27.1339,terug,90,MM1 AI=0:0:2367:2351:0:0
27.1339,terug,90,MM0 !M 90 -90
27.1339,terug,90,MM1 !M 90 -90
27.1339,terug,90,MM1 +
27.1339,terug,90,MM0 +
27.1339,terug,90,"#16,YAW,0.71,GYRO,-5,24,6,ACC,10,0,258,ADC,1262,372,10,1,"
27.1339,terug,90,MM0 ?C
27.1339,terug,90,MM1 ?C
27.1339,terug,90,MM0 C=15:-14
27.1339,terug,90,MM1 C=17:-4
27.1849,terug,0,"#17,YAW,0.71,GYRO,-3,-4,4,ACC,19,-3,256,ADC,1257,383,7,1,"
27.1850,terug,0,MM0 ?D
27.1850,terug,0,MM1 ?D
27.1850,terug,0,MM0 D=25
27.1850,terug,0,MM1 D=1
27.1850,terug,0,"#18,YAW,0.71,GYRO,2,-2,2,ACC,22,-1,251,ADC,1277,392,4,1,"
27.1850,terug,0,MM0 ?FF
27.1850,terug,0,MM1 ?FF
27.1850,terug,0,MM0 FF=0
27.1850,terug,0,MM1 FF=0
27.1850,terug,0,MM0 !M 90 -90
27.1850,terug,0,MM1 !M 90 -90
27.1850,terug,0,MM0 +
27.1850,terug,0,MM1 +
27.1850,terug,0,"#19,YAW,0.71,GYRO,0,3,3,ACC,21,0,249,ADC,1248,500,6,2,"
27.1850,terug,0,MM0 ?P
27.1851,terug,0,MM1 ?P
27.1851,terug,0,MM0 P=90:-90
27.1851,terug,0,MM1 P=90:-90
27.2054,terug,0,"#20,YAW,0.71,GYRO,-3,7,3,ACC,18,2,256,ADC,1254,388,9,2,"
27.2054,terug,0,MM0 ?S
27.2055,terug,0,MM1 ?S
27.2055,terug,0,MM0 S=75:-75
27.2055,terug,0,MM1 S=75:-75
27.2400,terug,0,MM1 !M 0 0
27.2400,terug,0,MM0 !M 0 0
27.2400,terug,0,MM1 +
27.2400,terug,0,MM0 +
27.2400,terug,0,"#21,YAW,0.71,GYRO,-8,1,-16,ACC,5,6,252,ADC,1213,308,5,3,"
27.2400,terug,0,MM0 ?T
27.2400,terug,0,MM1 ?T
27.2400,terug,0,MM0 T=34:33
27.2400,terug,0,MM1 T=35:33
27.2400,terug,0,"#22,YAW,0.71,GYRO,-12,17,-30,ACC,-29,21,230,ADC,1241,497,4,1,"
27.2400,terug,0,MM0 ?V
27.2400,terug,0,MM1 ?V
27.2605,terug,0,MM0 V=120:223:4903
27.2605,terug,0,MM1 V=120:221:4898
27.2605,terug,0,"#23,YAW,0.71,GYRO,25,157,-41,ACC,-57,-9,278,ADC,1301,502,7,1,"
27.2606,terug,0,MM0 ?CR
27.2606,terug,0,MM1 ?CR
27.2607,terug,0,MM0 CR=14:-13
27.2945,terug,0,MM1 CR=13:-13
27.2945,terug,0,MM1 !M 0 0
27.2945,terug,0,MM0 !M 0 0
27.2945,terug,0,MM1 +
27.2945,terug,0,MM0 +
27.2945,terug,0,"#24,YAW,0.71,GYRO,-20,-82,4,ACC,-44,5,244,ADC,1265,386,5,1,"
27.2946,terug,0,MM0 ?A
27.2946,terug,0,MM1 ?A
27.2946,terug,0,MM0 A=0:0
27.2946,terug,0,MM1 A=0:0
27.3487,terug,0,"$GPRMC,102938.8,A,5050.53765,N,00419.38255,E,000.38,045.4,021026,000.4,E*5B"
27.3487,terug,0,"#25,YAW,0.71,GYRO,3,-24,24,ACC,-37,5,263,ADC,1218,385,6,2,"
27.3487,terug,0,MM0 ?AI
27.3487,terug,0,MM1 ?AI
27.3487,terug,0,MM0 AI=0:0:2460:2461:0:0
27.3487,terug,0,MM1 AI=0:0:2371:2369:0:0
27.3487,terug,0,"#26,YAW,0.71,GYRO,1,90,19,ACC,-45,3,255,ADC,1231,382,5,2,"
27.3487,terug,0,MM0 ?C
27.3487,terug,0,MM1 ?C
27.3487,terug,0,MM0 C=28:-26
27.3487,terug,0,MM1 C=29:-16
27.3487,terug,0,MM0 !M 0 0
27.3487,terug,0,MM1 !M 0 0
27.3487,terug,0,MM0 +
27.3487,terug,0,MM1 +
27.3487,terug,0,"#27,YAW,0.71,GYRO,4,-64,40,ACC,-22,-4,248,ADC,1216,380,6,2,"
27.3488,terug,0,MM0 ?D
27.3488,terug,0,MM1 ?D
27.3488,terug,0,MM0 D=17
27.3488,terug,0,MM1 D=0
27.3987,terug,0,"#28,YAW,0.71,GYRO,-6,21,-12,ACC,-27,-1,249,ADC,1258,501,7,2,"
27.3988,terug,0,MM0 ?FF
27.3988,terug,0,MM1 ?FF
27.3988,terug,0,MM0 FF=0
27.3988,terug,0,MM1 FF=0
27.3988,terug,0,MM1 !M 0 0
27.3988,terug,0,MM0 !M 0 0
27.3988,terug,0,MM1 +
27.3988,terug,0,MM0 +
27.3988,terug,0,"#29,YAW,0.71,GYRO,4,29,-28,ACC,-27,-1,260,ADC,1229,327,6,2,"
27.3988,terug,0,MM0 ?P
27.3988,terug,0,MM1 ?P
27.3988,terug,0,MM0 P=0:0
27.3988,terug,0,MM1 P=0:0
27.3988,terug,0,"#30,YAW,0.71,GYRO,-5,-25,-3,ACC,-22,2,250,ADC,1309,500,5,2,"
27.3988,terug,0,MM0 ?S
27.3988,terug,0,MM1 ?S
27.4495,terug,0,MM1 S=0:0
27.4495,terug,0,MM0 S=0:-75
27.4495,terug,0,"#31,YAW,0.71,GYRO,1,4,21,ACC,-7,2,253,ADC,1231,497,6,1,"
27.4495,terug,0,MM0 ?T
27.4495,terug,0,MM1 ?T
27.4495,terug,0,MM0 T=34:33
27.4495,terug,0,MM1 T=35:33
27.4495,terug,0,MM0 !M 0 0
27.4495,terug,0,MM1 !M 0 0
27.4495,terug,0,MM0 +
27.4495,terug,0,MM1 +
27.4495,terug,0,"#32,YAW,0.71,GYRO,1,-3,15,ACC,-8,1,255,ADC,1311,502,6,2,"
27.4495,terug,0,MM0 ?V
27.4495,terug,0,MM1 ?V
27.4495,terug,0,MM0 V=120:223:4904
27.4496,terug,0,MM1 V=120:223:4897
27.5016,terug,0,"#33,YAW,0.71,GYRO,-3,1,1,ACC,-7,-1,250,ADC,1265,383,6,2,"
27.5017,terug,0,MM0 ?CR
27.5017,terug,0,MM1 ?CR
27.5017,terug,0,MM0 CR=4:-5
27.5017,terug,0,MM1 CR=4:-5
27.5017,terug,0,"#34,YAW,0.71,GYRO,1,0,-14,ACC,-3,0,252,ADC,1251,381,5,2,"
27.5017,terug,0,MM0 ?A
27.5017,terug,0,MM1 ?A
27.5017,terug,0,MM0 A=0:0
27.5017,terug,0,MM1 A=0:0
27.5017,terug,0,MM0 !M 0 0
27.5017,terug,0,MM1 !M 0 0
27.5017,terug,0,MM0 +
27.5017,terug,0,MM1 +
27.5017,terug,0,"#35,YAW,0.71,GYRO,-2,0,-17,ACC,1,0,253,ADC,1313,501,5,2,"
27.5520,terug,0,"$GPRMC,102939.0,A,5050.53700,N,00419.38227,E,000.33,045.4,021026,000.4,E*5F"
27.5520,terug,0,MM0 ?AI
27.5521,terug,0,MM1 ?AI
27.5521,terug,0,MM0 AI=0:0:2450:2473:0:0
27.5521,terug,0,MM1 AI=0:0:2381:2366:0:0
27.5521,terug,0,"#36,YAW,0.71,GYRO,-2,4,-2,ACC,2,1,258,ADC,1232,388,4,1,"
27.5521,terug,0,MM0 ?C
27.5521,terug,0,MM1 ?C
27.5521,terug,0,MM0 C=29:-28
27.5521,terug,0,MM1 C=31:-18
27.5521,terug,0,MM0 !M 0 0
27.5521,terug,0,MM1 !M 0 0
27.5521,terug,0,MM1 +
27.5521,terug,0,MM0 +
27.5521,terug,0,"#37,YAW,0.71,GYRO,0,1,11,ACC,11,0,254,ADC,1276,501,5,1,"
27.5521,terug,0,MM0 ?D
27.5521,terug,0,MM1 ?D
27.5521,terug,0,MM1 D=33
27.5521,terug,0,MM0 D=3
27.6035,terug,0,"#38,YAW,0.71,GYRO,-3,-1,21,ACC,6,-1,253,ADC,1269,501,4,2,"
27.6035,terug,0,MM0 ?FF
27.6035,terug,0,MM1 ?FF
27.6035,terug,0,MM0 FF=0
27.6035,terug,0,MM1 FF=0
27.6036,terug,0,"#39,YAW,0.71,GYRO,1,-1,12,ACC,9,0,251,ADC,1247,504,5,2,"
27.6036,terug,0,MM0 ?P
27.6036,terug,0,MM1 ?P
27.6036,terug,0,MM0 P=0:0
27.6036,terug,0,MM1 P=0:0
27.6036,terug,0,MM1 !M 0 0
27.6036,terug,0,MM0 !M 0 0
27.6036,terug,0,MM1 +
27.6036,terug,0,MM0 +
27.6036,terug,0,"#40,YAW,0.71,GYRO,-1,7,-4,ACC,11,-1,256,ADC,1254,383,6,2,"
27.6036,terug,0,MM1 ?S
27.6036,terug,0,MM0 ?S
27.6036,terug,0,MM0 S=0:0
27.6036,terug,0,MM1 S=0:0
27.6514,terug,0,"#41,YAW,0.71,GYRO,-1,5,-15,ACC,4,-1,253,ADC,1261,502,7,1,"
27.6515,terug,0,MM1 ?T
27.6515,terug,0,MM0 ?T
27.6515,terug,0,MM0 T=34:33
27.6515,terug,0,MM1 T=36:33
27.6515,terug,0,MM0 !M 0 0
27.6515,terug,0,MM1 !M 0 0
27.6515,terug,0,MM0 +
27.6515,terug,0,MM1 +
27.6515,terug,0,"#42,YAW,0.71,GYRO,0,8,-8,ACC,6,-1,252,ADC,1261,406,6,2,"
27.6515,terug,0,MM0 ?V
27.6515,terug,0,MM1 ?V
27.6515,terug,0,MM0 V=120:223:4903
27.6515,terug,0,MM1 V=120:223:4897
27.7026,terug,0,"#43,YAW,0.71,GYRO,0,4,5,ACC,2,0,256,ADC,1235,384,9,1,"
27.7027,terug,0,MM0 ?CR
27.7027,terug,0,MM1 ?CR
27.7027,terug,0,MM1 CR=-1:1
27.7027,terug,0,MM0 CR=0:0
27.7027,terug,0,"#44,YAW,0.71,GYRO,2,9,6,ACC,2,0,253,ADC,1282,500,9,2,"
27.7027,terug,0,MM0 ?A
27.7027,terug,0,MM1 ?A
27.7027,terug,0,MM0 A=0:0
27.7027,terug,0,MM1 A=0:0
27.7027,terug,0,MM1 !M 0 0
27.7027,terug,0,MM0 !M 0 0
27.7027,terug,0,MM1 +
27.7027,terug,0,MM0 +
27.7027,terug,0,"$GPRMC,102939.2,A,5050.53681,N,00419.38226,E,000.29,045.4,021026,000.4,E*5F"
27.7027,terug,0,"#45,YAW,0.71,GYRO,1,4,1,ACC,1,0,255,ADC,1276,503,6,2,"
27.7530,terug,0,MM0 ?AI
27.7531,terug,0,MM1 ?AI
27.7531,terug,0,MM0 AI=0:0:2447:2474:0:0
27.7531,terug,0,MM1 AI=0:0:2364:2357:0:0
27.7531,terug,0,"#46,YAW,0.71,GYRO,0,7,-5,ACC,3,-1,254,ADC,1241,394,5,2,"
27.7531,terug,0,MM0 ?C
27.7531,terug,0,MM1 ?C
27.7531,terug,0,MM0 C=29:-28
27.7531,terug,0,MM1 C=30:-17
27.7531,terug,0,MM0 !M 0 0
27.7531,terug,0,MM1 !M 0 0
27.7531,terug,0,MM0 +
27.7531,terug,0,MM1 +
27.7531,terug,0,"#47,YAW,0.71,GYRO,0,5,-4,ACC,3,1,253,ADC,1226,400,4,2,"
27.7531,terug,0,MM0 ?D
27.7531,terug,0,MM1 ?D
27.7531,terug,0,MM0 D=3
27.7532,terug,0,MM1 D=0
27.8044,terug,0,"#48,YAW,0.71,GYRO,1,4,-2,ACC,3,-1,254,ADC,1209,380,7,2,"
27.8044,terug,0,MM0 ?FF
27.8044,terug,0,MM1 ?FF
27.8044,terug,0,MM0 FF=0
27.8045,terug,0,MM1 FF=0
27.8045,terug,0,"#49,YAW,0.71,GYRO,0,5,3,ACC,0,-1,253,ADC,1221,382,6,2,"
27.8045,terug,0,MM0 ?P
27.8045,terug,0,MM1 ?P
27.8045,terug,0,MM0 P=0:0
27.8045,terug,0,MM1 P=0:0
27.8045,terug,0,MM0 !M 0 0
27.8045,terug,0,MM1 !M 0 0
27.8045,terug,0,MM0 +
27.8045,terug,0,MM1 +
27.8045,terug,0,"#50,YAW,0.71,GYRO,0,3,4,ACC,5,-1,252,ADC,1260,501,4,2,"
27.8045,terug,0,MM0 ?S
27.8045,terug,0,MM1 ?S
27.8045,terug,0,MM0 S=0:0
27.8045,terug,0,MM1 S=0:0
27.8556,terug,0,"#51,YAW,0.71,GYRO,-1,4,2,ACC,-1,-1,251,ADC,1274,499,6,2,"
27.8557,terug,0,MM0 ?T
27.8557,terug,0,MM1 ?T
27.8557,terug,0,MM0 T=34:33
27.8557,terug,0,MM1 T=36:33
27.8557,terug,0,MM0 !M 0 0
27.8557,terug,0,MM1 !M 0 0
27.8557,terug,0,MM1 +
27.8557,terug,0,MM0 +
27.8557,terug,0,"#52,YAW,0.71,GYRO,0,3,0,ACC,3,-1,254,ADC,1291,500,6,2,"
27.8557,terug,0,MM0 ?V
27.8557,terug,0,MM1 ?V
27.8557,terug,0,MM0 V=120:229:4905
27.8557,terug,0,MM1 V=120:222:4894
27.9049,terug,0,"#53,YAW,0.71,GYRO,1,3,0,ACC,4,-1,253,ADC,1268,397,4,1,"
27.9049,terug,0,MM0 ?CR
27.9049,terug,0,MM1 ?CR
27.9049,terug,0,MM0 CR=0:0
27.9049,terug,0,MM1 CR=0:0
27.9049,terug,0,"#54,YAW,0.71,GYRO,2,3,2,ACC,1,-1,252,ADC,1293,501,6,2,"
27.9049,terug,0,MM0 ?A
27.9049,terug,0,MM1 ?A
27.9049,terug,0,MM0 A=0:0
27.9049,terug,0,MM1 A=0:0
27.9049,terug,0,MM1 !M 0 0
27.9050,terug,0,MM0 !M 0 0
27.9050,terug,0,MM1 +
27.9050,terug,0,MM0 +
27.9050,terug,0,"$GPRMC,102939.4,A,5050.53671,N,00419.38228,E,000.26,045.4,021026,000.4,E*57"
27.9050,terug,0,"#55,YAW,0.71,GYRO,0,5,2,ACC,2,0,254,ADC,1310,502,5,2,"
27.9050,terug,0,MM0 ?AI
27.9050,terug,0,MM1 ?AI
27.9547,terug,0,MM0 AI=0:0:2463:2470:0:0
27.9547,terug,0,MM1 AI=0:0:2366:2371:0:0
27.9547,terug,0,"#56,YAW,0.71,GYRO,0,4,0,ACC,0,1,247,ADC,1267,505,7,2,"
27.9547,terug,0,MM0 ?C
27.9547,terug,0,MM1 ?C
27.9547,terug,0,MM0 C=29:-28
27.9547,terug,0,MM1 C=30:-17
27.9547,terug,0,MM1 !M 0 0
27.9547,terug,0,MM0 !M 0 0
27.9547,terug,0,MM1 +
27.9548,terug,0,MM0 +
27.9548,terug,0,"#57,YAW,0.71,GYRO,0,4,-1,ACC,0,0,252,ADC,1263,391,8,2,"
27.9548,terug,0,MM0 ?D
27.9548,terug,0,MM1 ?D
27.9548,terug,0,MM0 D=3
27.9548,terug,0,MM1 D=0
28.0044,terug,0,"#58,YAW,0.71,GYRO,1,6,0,ACC,5,0,254,ADC,1255,386,6,2,"
28.0045,terug,0,MM0 ?FF
28.0046,terug,0,MM1 ?FF
28.0046,terug,0,MM0 FF=0
28.0046,terug,0,MM1 FF=0
28.0046,terug,0,"#59,YAW,0.71,GYRO,1,4,2,ACC,2,-1,252,ADC,1269,491,6,2,"
28.0046,terug,0,MM0 ?P
28.0046,terug,0,MM1 ?P
28.0046,terug,0,MM0 P=0:0
28.0046,terug,0,MM1 P=0:0
28.0046,terug,0,MM0 !M 0 0
28.0046,terug,0,MM1 !M 0 0
28.0046,terug,0,MM0 +
28.0046,terug,0,MM1 +
28.0046,terug,0,"#60,YAW,0.71,GYRO,1,5,1,ACC,1,-1,249,ADC,1250,500,4,1,"
28.0046,terug,0,MM0 ?S
28.0046,terug,0,MM1 ?S
28.0046,terug,0,MM0 S=0:0
28.0046,terug,0,MM1 S=0:0
28.0557,terug,0,"#61,YAW,0.71,GYRO,-1,5,-1,ACC,5,1,254,ADC,1232,388,6,2,"
28.0558,terug,0,MM0 ?T
28.0558,terug,0,MM1 ?T
28.0558,terug,0,MM0 T=34:33
28.0558,terug,0,MM1 T=36:33
28.0558,terug,0,MM1 !M 0 0
28.0558,terug,0,MM0 !M 0 0
28.0558,terug,0,MM1 +
28.0558,terug,0,MM0 +
28.0558,terug,0,"#62,YAW,0.71,GYRO,1,7,-1,ACC,4,1,249,ADC,1241,387,5,1,"
28.0558,terug,0,MM0 ?V
28.0558,terug,0,MM1 ?V
28.0558,terug,0,MM0 V=120:223:4903
28.0558,terug,0,MM1 V=120:223:4894
28.1066,terug,0,"#63,YAW,0.71,GYRO,2,5,1,ACC,4,-1,249,ADC,1263,501,6,2,"
28.1066,terug,0,MM0 ?CR
28.1067,terug,0,MM1 ?CR
28.1067,terug,0,MM0 CR=0:0
28.1067,terug,0,MM1 CR=0:0
28.1067,terug,0,"#64,YAW,0.71,GYRO,0,5,2,ACC,0,1,256,ADC,1231,387,5,2,"
28.1067,terug,0,MM0 ?A
28.1067,terug,0,MM1 ?A
28.1067,terug,0,MM0 A=0:0
28.1067,terug,0,MM1 A=0:0
28.1067,terug,0,MM0 !M 0 0
28.1067,terug,0,MM1 !M 0 0
28.1067,terug,0,MM0 +
28.1067,terug,0,MM1 +
28.1067,terug,0,"#65,YAW,0.71,GYRO,1,4,1,ACC,3,1,253,ADC,1271,501,4,2,"
28.1067,terug,0,MM0 ?AI
28.1067,terug,0,MM1 ?AI
28.1067,terug,0,MM0 AI=0:0:2463:2462:0:0
28.1067,terug,0,MM1 AI=0:0:2364:2383:0:0
28.1567,terug,0,"$GPRMC,102939.6,A,5050.53620,N,00419.38209,E,000.25,045.4,021026,000.4,E*51"
28.1567,terug,0,"#66,YAW,0.71,GYRO,1,4,-1,ACC,3,0,256,ADC,1282,503,4,2,"
28.1567,terug,0,MM0 ?C
28.1567,terug,0,MM1 ?C
28.1567,terug,0,MM0 C=29:-28
28.1567,terug,0,MM1 C=30:-17
28.1567,terug,0,MM0 !M 0 0
28.1567,terug,0,MM1 !M 0 0
28.1567,terug,0,MM0 +
28.1567,terug,0,MM1 +
28.1567,terug,0,"#67,YAW,0.71,GYRO,0,5,0,ACC,2,-3,255,ADC,1269,388,5,2,"
28.1567,terug,0,MM0 ?D
28.1568,terug,0,MM1 ?D
28.1568,terug,0,MM0 D=3
28.1568,terug,0,MM1 D=0
28.1568,terug,0,"#68,YAW,0.71,GYRO,1,4,0,ACC,1,0,250,ADC,1207,381,4,1,"
28.2085,terug,0,MM0 ?FF
28.2085,terug,0,MM1 ?FF
28.2085,terug,0,MM0 FF=0
28.2086,terug,0,MM1 FF=0
28.2086,terug,0,"#69,YAW,0.71,GYRO,2,5,0,ACC,3,-1,254,ADC,1284,499,7,2,"
28.2086,terug,0,MM0 ?P
28.2086,terug,0,MM1 ?P
28.2086,terug,0,MM0 P=0:0
28.2086,terug,0,MM1 P=0:0
28.2086,terug,0,MM0 !M 0 0
28.2086,terug,0,MM1 !M 0 0
28.2086,terug,0,MM0 +
28.2086,terug,0,MM1 +
28.2086,terug,0,"#70,YAW,0.71,GYRO,1,6,1,ACC,0,-1,252,ADC,1268,501,4,2,"
28.2086,terug,0,MM0 ?S
28.2086,terug,0,MM1 ?S
28.2086,terug,0,MM0 S=0:0
28.2086,terug,0,MM1 S=0:0
28.2597,terug,0,"#71,YAW,0.71,GYRO,0,4,1,ACC,3,-1,249,ADC,1251,494,5,2,"
28.2598,terug,0,MM0 ?T
28.2598,terug,0,MM1 ?T
28.2598,terug,0,MM0 T=34:33
28.2598,terug,0,MM1 T=35:33
28.2598,terug,0,MM0 !M 0 0
28.2598,terug,0,MM1 !M 0 0
28.2598,terug,0,MM0 +
28.2598,terug,0,MM1 +
28.2598,terug,0,"#72,YAW,0.71,GYRO,2,5,1,ACC,-2,2,254,ADC,1232,349,5,2,"
28.2598,terug,0,MM0 ?V
28.2599,terug,0,MM1 ?V
28.2599,terug,0,MM0 V=120:223:4904
28.2599,terug,0,MM1 V=120:223:4893
28.2599,terug,0,"#73,YAW,0.71,GYRO,1,4,1,ACC,-1,1,253,ADC,1217,381,4,2,"
28.2599,terug,0,MM0 ?CR
28.2599,terug,0,MM1 ?CR
28.2599,terug,0,MM0 CR=0:0
28.3090,terug,0,MM1 CR=0:0
28.3090,terug,0,"#74,YAW,0.71,GYRO,0,4,1,ACC,5,1,254,ADC,1265,502,6,2,"
28.3090,terug,0,MM0 ?A
28.3090,terug,0,MM1 ?A
28.3090,terug,0,MM0 A=0:0
28.3090,terug,0,MM1 A=0:0
28.3090,terug,0,MM0 !M 0 0
28.3090,terug,0,MM1 !M 0 0
28.3090,terug,0,MM0 +
28.3090,terug,0,MM1 +
28.3090,terug,0,"#75,YAW,0.71,GYRO,0,6,1,ACC,4,-1,250,ADC,1276,485,8,2,"
28.3090,terug,0,MM1 ?AI
28.3090,terug,0,MM0 ?AI
28.3090,terug,0,MM1 AI=0:0:2357:2354:0:0
28.3090,terug,0,MM0 AI=0:0:2454:2457:0:0
28.3586,terug,0,"$GPRMC,102939.8,A,5050.53607,N,00419.38191,E,000.25,045.4,021026,000.4,E*58"
28.3586,terug,0,"#76,YAW,0.71,GYRO,0,4,0,ACC,1,0,251,ADC,1221,407,4,1,"
28.3586,terug,0,MM0 ?C
28.3587,terug,0,MM1 ?C
28.3587,terug,0,MM0 C=29:-28
28.3587,terug,0,MM1 C=30:-17
28.3587,terug,0,MM0 !M 0 0
28.3587,terug,0,MM1 !M 0 0
28.3587,terug,0,MM0 +
28.3587,terug,0,MM1 +
28.3587,terug,0,"#77,YAW,0.71,GYRO,1,6,1,ACC,1,1,255,ADC,1259,325,6,2,"
28.3587,terug,0,MM0 ?D
28.3587,terug,0,MM1 ?D
28.3587,terug,0,MM0 D=3
28.3587,terug,0,MM1 D=0
28.3587,terug,0,"#78,YAW,0.71,GYRO,0,4,1,ACC,1,-2,252,ADC,1221,378,5,2,"
28.3587,terug,0,MM1 ?FF
28.4098,terug,-90,MM0 ?FF
28.4098,terug,-90,MM1 FF=0
28.4098,terug,-90,MM0 FF=0
28.4098,terug,-90,"#79,YAW,0.71,GYRO,0,5,1,ACC,3,-1,257,ADC,1278,501,9,1,"
28.4098,terug,-90,MM0 ?P
28.4099,terug,-90,MM1 ?P
28.4099,terug,-90,MM0 P=0:0
28.4099,terug,-90,MM1 P=0:0
28.4099,terug,-90,MM0 !M -90 90
28.4099,terug,-90,MM1 !M -90 90
28.4099,terug,-90,MM0 +
28.4099,terug,-90,MM1 +
28.4099,terug,-90,"#80,YAW,0.71,GYRO,0,3,1,ACC,-4,1,253,ADC,1279,500,3,2,"
28.4099,terug,-90,MM0 ?S
28.4099,terug,-90,MM1 ?S
28.4099,terug,-90,MM0 S=-75:75
28.4099,terug,-90,MM1 S=0:0
28.4627,terug,-90,"#81,YAW,0.71,GYRO,6,21,-13,ACC,-71,9,216,ADC,1235,502,7,2,"
28.4627,terug,-90,MM0 ?T
28.4627,terug,-90,MM1 ?T
28.4627,terug,-90,MM0 T=34:33
28.4627,terug,-90,MM1 T=36:33
28.4627,terug,-90,"#82,YAW,0.71,GYRO,22,-21,13,ACC,-43,16,278,ADC,1296,498,6,2,"
28.4627,terug,-90,MM1 ?V
28.4627,terug,-90,MM0 ?V
28.4627,terug,-90,MM0 V=120:223:4904
28.4627,terug,-90,MM1 V=120:223:4894
28.4627,terug,-90,MM0 !M -90 90
28.4627,terug,-90,MM1 !M -90 90
28.4627,terug,-90,MM0 +
28.4628,terug,-90,MM1 +
28.4628,terug,-90,"#83,YAW,0.71,GYRO,-7,-28,4,ACC,-34,0,239,ADC,1247,397,5,2,"
28.4628,terug,-90,MM1 ?CR
28.4628,terug,-90,MM0 ?CR
28.4628,terug,-90,MM1 CR=-2:2
28.4628,terug,-90,MM0 CR=-2:3
28.5105,terug,-90,"#84,YAW,0.71,GYRO,2,12,-31,ACC,-17,-1,240,ADC,1253,501,6,2,"
28.5106,terug,-90,MM1 ?A
28.5106,terug,-90,MM0 ?A
28.5106,terug,-90,MM1 A=-4:0
28.5106,terug,-90,MM0 A=-4:0
28.5106,terug,-90,MM1 !M -90 90
28.5106,terug,-90,MM0 !M -90 90
28.5106,terug,-90,MM1 +
28.5106,terug,-90,MM0 +
28.5106,terug,-90,"#85,YAW,0.71,GYRO,4,-6,-4,ACC,-26,0,260,ADC,1231,382,3,1,"
28.5106,terug,-90,MM0 ?AI
28.5106,terug,-90,MM1 ?AI
28.5106,terug,-90,MM0 AI=0:0:2447:2461:0:0
28.5106,terug,-90,MM1 AI=0:0:2350:2379:0:0
28.5107,terug,-90,"$GPRMC,102940.0,A,5050.53586,N,00419.38172,E,000.22,045.4,021026,000.4,E*5E"
28.5646,terug,-90,"#86,YAW,0.71,GYRO,0,-9,-19,ACC,-13,0,258,ADC,1248,381,5,2,"
28.5647,terug,-90,MM1 ?C
28.5647,terug,-90,MM0 ?C
28.5647,terug,-90,MM1 C=26:-13
28.5647,terug,-90,MM0 C=24:-23
28.5647,terug,-90,"#87,YAW,0.71,GYRO,15,23,5,ACC,-18,0,247,ADC,1236,387,4,2,"
28.5647,terug,-90,MM0 ?D
28.5647,terug,-90,MM1 ?D
28.5647,terug,-90,MM0 D=56
28.5647,terug,-90,MM1 D=18
28.5647,terug,-90,MM0 !M -90 90
28.5647,terug,-90,MM1 !M -90 90
28.5647,terug,-90,MM0 +
28.5647,terug,-90,MM1 +
28.5647,terug,-90,"#88,YAW,0.71,GYRO,1,-21,-4,ACC,-7,6,252,ADC,1261,391,4,1,"
28.5647,terug,-90,MM0 ?FF
28.5647,terug,-90,MM1 ?FF
28.5647,terug,-90,MM0 FF=0
28.5647,terug,-90,MM1 FF=0
28.5986,terug,-90,MM1 !M -90 90
28.5986,terug,-90,MM0 !M -90 90
28.5986,terug,-90,MM1 +
28.5986,terug,-90,MM0 +
28.5986,terug,-90,"#89,YAW,0.71,GYRO,4,16,20,ACC,3,1,263,ADC,1212,299,4,1,"
28.5986,terug,-90,MM1 ?P
28.5986,terug,-90,MM0 ?P
28.5986,terug,-90,MM1 P=-90:90
28.5986,terug,-90,MM0 P=-90:90
28.5986,terug,-90,"#90,YAW,0.71,GYRO,12,28,34,ACC,-10,-1,257,ADC,1221,383,6,1,"
28.5986,terug,-90,MM0 ?S
28.5986,terug,-90,MM1 ?S
28.6195,terug,-90,MM0 S=0:75
28.6196,terug,-90,MM1 S=-75:75
28.6196,terug,-90,"#91,YAW,0.71,GYRO,0,-12,10,ACC,-7,-2,249,ADC,1246,391,5,2,"
28.6196,terug,-90,MM0 ?T
28.6196,terug,-90,MM1 ?T
28.6196,terug,-90,MM0 T=34:33
28.6558,terug,-90,MM1 T=35:33
28.6558,terug,-90,MM0 !M -90 90
28.6559,terug,-90,MM1 !M -90 90
28.6559,terug,-90,MM0 +
28.6559,terug,-90,MM1 +
28.6559,terug,-90,"#92,YAW,0.71,GYRO,-2,1,-2,ACC,-6,-2,245,ADC,1247,385,7,2,"
28.6560,terug,-90,MM0 ?V
28.6560,terug,-90,MM1 ?V
28.6560,terug,-90,MM0 V=120:225:4904
28.6560,terug,-90,MM1 V=120:223:4896
28.6751,terug,-90,"#93,YAW,0.71,GYRO,4,13,-1,ACC,1,0,249,ADC,1251,387,4,1,"
28.6751,terug,-90,MM0 ?CR
28.6751,terug,-90,MM1 ?CR
28.6751,terug,-90,MM0 CR=-11:10
28.6751,terug,-90,MM1 CR=-11:10
28.7096,terug,-90,"#94,YAW,0.71,GYRO,2,27,-12,ACC,-6,1,258,ADC,1233,383,6,2,"
28.7096,terug,-90,MM0 ?A
28.7096,terug,-90,MM1 ?A
28.7096,terug,-90,MM0 A=0:0
28.7096,terug,-90,MM1 A=0:0
28.7096,terug,-90,MM1 !M -90 90
28.7096,terug,-90,MM0 !M -90 90
28.7096,terug,-90,MM0 +
28.7096,terug,-90,MM1 +
28.7097,terug,-90,"#95,YAW,0.71,GYRO,6,11,-22,ACC,-21,2,261,ADC,1213,384,6,2,"
28.7097,terug,-90,MM0 ?AI
28.7097,terug,-90,MM1 ?AI
28.7097,terug,-90,MM1 AI=0:0:2379:2383:0:0
28.7097,terug,-90,MM0 AI=0:0:2454:2524:0:0
28.7097,terug,-90,"$GPRMC,102940.2,A,5050.53583,N,00419.38145,E,000.28,045.4,021026,000.4,E*57"
28.7654,terug,-90,"#96,YAW,0.71,GYRO,8,-44,-9,ACC,-12,-4,241,ADC,1253,499,5,2,"
28.7654,terug,-90,MM1 ?C
28.7654,terug,-90,MM0 ?C
28.7654,terug,-90,MM1 C=13:0
28.7655,terug,-90,MM0 C=11:-10
28.7655,terug,-90,"#97,YAW,0.71,GYRO,15,-10,0,ACC,-11,2,238,ADC,1275,390,5,1,"
28.7655,terug,-90,MM1 ?D
28.7655,terug,-90,MM0 ?D
28.7655,terug,-90,MM1 D=59
28.7655,terug,-90,MM0 D=42
28.7655,terug,-90,MM1 !M -90 90
28.7655,terug,-90,MM0 !M -90 90
28.7655,terug,-90,MM1 +
28.7655,terug,-90,MM0 +
28.7655,terug,-90,"#98,YAW,0.71,GYRO,15,24,7,ACC,-10,3,257,ADC,1253,381,5,1,"
28.7655,terug,-90,MM0 ?FF
28.7655,terug,-90,MM1 ?FF
28.7655,terug,-90,MM0 FF=0
28.7655,terug,-90,MM1 FF=0
28.8140,terug,-90,"#99,YAW,0.71,GYRO,4,28,3,ACC,-5,1,261,ADC,1284,500,5,2,"
28.8140,terug,-90,MM0 ?P
28.8140,terug,-90,MM1 ?P
28.8140,terug,-90,MM0 P=-90:90
28.8140,terug,-90,MM1 P=-90:90
28.8140,terug,-90,MM1 !M -90 90
28.8140,terug,-90,MM0 !M -90 90
28.8140,terug,-90,MM1 +
28.8140,terug,-90,MM0 +
28.8140,terug,-90,"#100,YAW,0.71,GYRO,12,35,0,ACC,3,-2,269,ADC,1245,388,7,1,"
28.8140,terug,-90,MM0 ?S
28.8140,terug,-90,MM1 ?S
28.8140,terug,-90,MM0 S=-75:75
28.8140,terug,-90,MM1 S=-75:75
28.8634,terug,-90,"#101,YAW,0.71,GYRO,21,15,-9,ACC,-3,3,273,ADC,1290,501,7,2,"
28.8634,terug,-90,MM0 ?T
28.8634,terug,-90,MM1 ?T
28.8634,terug,-90,MM0 T=34:33
28.8634,terug,-90,MM1 T=36:33
28.8634,terug,-90,"#102,YAW,0.71,GYRO,5,-11,-6,ACC,1,7,255,ADC,1258,385,6,2,"
28.8634,terug,-90,MM0 ?V
28.8634,terug,-90,MM1 ?V
28.8634,terug,-90,MM0 V=120:223:4904
28.8634,terug,-90,MM1 V=120:222:4896
28.8634,terug,-90,MM0 !M -90 90
28.8634,terug,-90,MM1 !M -90 90
28.8635,terug,-90,MM0 +
28.8635,terug,-90,MM1 +
28.8635,terug,-90,"#103,YAW,0.71,GYRO,32,30,-11,ACC,5,10,256,ADC,1259,398,6,3,"
28.8635,terug,-90,MM1 ?CR
28.8635,terug,-90,MM0 ?CR
28.8635,terug,-90,MM1 CR=-15:16
28.8635,terug,-90,MM0 CR=-17:17
28.9347,terug,0,"#104,YAW,0.71,GYRO,7,-1,2,ACC,9,10,274,ADC,1263,398,6,2,"
28.9348,terug,0,MM1 ?A
28.9348,terug,0,MM0 ?A
28.9348,terug,0,MM1 A=0:0
28.9348,terug,0,MM0 A=0:0
28.9348,terug,0,MM0 !M -90 90
28.9348,terug,0,MM1 !M -90 90
28.9348,terug,0,MM0 +
28.9348,terug,0,MM1 +
28.9348,terug,0,"#105,YAW,0.71,GYRO,16,8,17,ACC,15,1,249,ADC,1295,502,5,1,"
28.9348,terug,0,MM1 ?AI
28.9348,terug,0,MM0 ?AI
28.9348,terug,0,MM1 AI=0:0:2408:2388:0:0
28.9348,terug,0,MM0 AI=0:0:2455:2408:0:0
28.9348,terug,0,"$GPRMC,102940.4,A,5050.53571,N,00419.38130,E,000.31,045.4,021026,000.4,E*56"
28.9348,terug,0,"#106,YAW,0.71,GYRO,0,15,23,ACC,11,-1,254,ADC,1318,502,5,2,"
28.9349,terug,0,MM1 ?C
28.9349,terug,0,MM0 ?C
28.9349,terug,0,MM0 C=-6:7
28.9349,terug,0,MM1 C=-3:16
28.9349,terug,0,MM0 !M 0 0
28.9349,terug,0,MM1 !M 0 0
28.9349,terug,0,MM0 +
28.9349,terug,0,MM1 +
28.9349,terug,0,MM1 !M 0 0
28.9349,terug,0,MM0 !M 0 0
28.9349,terug,0,MM1 +
28.9349,terug,0,MM0 +
28.9557,terug,0,"#107,YAW,0.71,GYRO,2,10,15,ACC,3,-8,251,ADC,1279,310,5,2,"
28.9558,terug,0,MM0 ?D
28.9558,terug,0,MM1 ?D
28.9558,terug,0,MM0 D=11
28.9558,terug,0,MM1 D=33
28.9895,terug,0,"#108,YAW,0.71,GYRO,2,-27,5,ACC,2,-18,262,ADC,1248,381,4,2,"
28.9896,terug,0,MM1 ?FF
28.9896,terug,0,MM0 ?FF
28.9896,terug,0,MM1 FF=0
28.9896,terug,0,MM0 FF=0
28.9896,terug,0,MM1 !M 0 0
28.9896,terug,0,MM0 !M 0 0
28.9896,terug,0,MM1 +
28.9896,terug,0,MM0 +
28.9896,terug,0,"#109,YAW,0.71,GYRO,-7,-126,2,ACC,52,-3,254,ADC,1290,501,5,2,"
28.9896,terug,0,MM1 ?P
28.9896,terug,0,MM0 ?P
28.9896,terug,0,MM1 P=0:0
28.9896,terug,0,MM0 P=0:0
29.0104,terug,0,"#110,YAW,0.71,GYRO,21,91,-25,ACC,21,-6,236,ADC,1226,381,5,2,"
29.0104,terug,0,MM1 ?S
29.0104,terug,0,MM0 ?S
29.0104,terug,0,MM0 S=-75:75
29.0104,terug,0,MM1 S=-75:0
29.0446,terug,0,"#111,YAW,0.71,GYRO,-6,-23,-3,ACC,33,-5,248,ADC,1248,384,5,2,"
29.0446,terug,0,MM1 ?T
29.0446,terug,0,MM0 ?T
29.0446,terug,0,MM1 T=35:33
29.0446,terug,0,MM0 T=34:33
29.0446,terug,0,MM0 !M 0 0
29.0446,terug,0,MM1 !M 0 0
29.0446,terug,0,MM0 +
29.0446,terug,0,MM1 +
29.0446,terug,0,"#112,YAW,0.71,GYRO,12,27,-18,ACC,24,5,258,ADC,1239,382,5,2,"
29.0446,terug,0,MM1 ?V
29.0446,terug,0,MM0 ?V
29.0446,terug,0,MM1 V=120:223:4898
29.0446,terug,0,MM0 V=120:220:4904
29.0978,terug,0,"#113,YAW,0.71,GYRO,-6,-27,18,ACC,21,-1,249,ADC,1298,498,6,1,"
29.0978,terug,0,MM0 ?CR
29.0978,terug,0,MM1 ?CR
29.0978,terug,0,MM0 CR=-11:11
29.0979,terug,0,MM1 CR=-11:12
29.0979,terug,0,MM1 !M 0 0
29.0979,terug,0,MM0 !M 0 0
29.0979,terug,0,MM1 +
29.0979,terug,0,MM0 +
29.0979,terug,0,"#114,YAW,0.71,GYRO,7,25,-8,ACC,15,-1,243,ADC,1256,385,4,2,"
29.0979,terug,0,MM1 ?A
29.0979,terug,0,MM0 ?A
29.0979,terug,0,MM0 A=0:0
29.0979,terug,0,MM1 A=0:0
29.0979,terug,0,"#115,YAW,0.71,GYRO,1,12,-1,ACC,15,3,260,ADC,1222,503,5,2,"
29.0979,terug,0,MM0 ?AI
29.1546,terug,0,MM1 ?AI
29.1546,terug,0,MM0 AI=0:0:2467:2471:0:0
29.1546,terug,0,MM1 AI=0:0:2360:2357:0:0
29.1546,terug,0,"$GPRMC,102940.6,A,5050.53578,N,00419.38142,E,000.28,045.4,021026,000.4,E*50"
29.1546,terug,0,"#116,YAW,0.71,GYRO,2,-19,20,ACC,18,3,257,ADC,1283,496,7,2,"
29.1546,terug,0,MM0 ?C
29.1546,terug,0,MM1 ?C
29.1546,terug,0,MM0 C=-13:14
29.1546,terug,0,MM1 C=-10:24
29.1546,terug,0,MM0 !M 0 0
29.1546,terug,0,MM1 !M 0 0
29.1547,terug,0,MM0 +
29.1547,terug,0,MM1 +
29.1547,terug,0,"#117,YAW,0.71,GYRO,0,-4,21,ACC,20,-1,242,ADC,1223,389,5,1,"
29.1547,terug,0,MM0 ?D
29.1547,terug,0,MM1 ?D
29.1547,terug,0,MM0 D=48
29.1547,terug,0,MM1 D=16
29.1884,terug,0,"#118,YAW,0.71,GYRO,0,16,-2,ACC,16,-1,258,ADC,1265,384,5,2,"
29.1884,terug,0,MM0 ?FF
29.1884,terug,0,MM1 ?FF
29.1884,terug,0,MM0 FF=0
29.1884,terug,0,MM1 FF=0
29.1884,terug,0,MM1 !M 0 0
29.1884,terug,0,MM0 !M 0 0
29.1884,terug,0,MM1 +
29.1884,terug,0,MM0 +
29.1884,terug,0,"#119,YAW,0.71,GYRO,3,15,-23,ACC,8,0,263,ADC,1282,392,5,1,"
29.1885,terug,0,MM0 ?P
29.1885,terug,0,MM1 ?P
29.1885,terug,0,MM0 P=0:0
29.1885,terug,0,MM1 P=0:0
29.2094,terug,0,"#120,YAW,0.71,GYRO,2,7,-22,ACC,5,0,248,ADC,1261,502,7,3,"
29.2094,terug,0,MM0 ?S
29.2094,terug,0,MM1 ?S
29.2094,terug,0,MM1 S=0:0
29.2094,terug,0,MM0 S=0:0
29.2434,terug,0,"#121,YAW,0.71,GYRO,0,7,5,ACC,3,4,255,ADC,1293,501,4,2,"
29.2435,terug,0,MM0 ?T
29.2435,terug,0,MM1 ?T
29.2435,terug,0,MM0 T=34:33
29.2435,terug,0,MM1 T=35:33
29.2435,terug,0,MM0 !M 0 0
29.2435,terug,0,MM1 !M 0 0
29.2435,terug,0,MM0 +
29.2435,terug,0,MM1 +
29.2435,terug,0,"#122,YAW,0.71,GYRO,0,0,12,ACC,1,3,258,ADC,1311,502,6,2,"
29.2435,terug,0,MM0 ?V
29.2435,terug,0,MM1 ?V
29.2435,terug,0,MM0 V=120:222:4904
29.2435,terug,0,MM1 V=120:225:4896
29.2652,terug,0,"#123,YAW,0.71,GYRO,1,5,2,ACC,4,-1,252,ADC,1286,387,4,2,"
29.2653,terug,0,MM0 ?CR
29.2653,terug,0,MM1 ?CR
29.2653,terug,0,MM0 CR=-2:1
29.2653,terug,0,MM1 CR=-1:1
29.2997,terug,0,MM0 !M 0 0
29.2997,terug,0,MM1 !M 0 0
29.2997,terug,0,MM0 +
29.2997,terug,0,MM1 +
29.2997,terug,0,"#124,YAW,0.71,GYRO,-1,10,-7,ACC,1,-1,256,ADC,1251,311,5,1,"
29.2997,terug,0,MM0 ?A
29.2997,terug,0,MM1 ?A
29.2997,terug,0,MM0 A=0:0
29.2997,terug,0,MM1 A=0:0
29.2997,terug,0,"#125,YAW,0.71,GYRO,1,6,-2,ACC,-2,0,250,ADC,1295,498,5,2,"
29.2997,terug,0,MM0 ?AI
29.2997,terug,0,MM1 ?AI
29.3495,terug,0,MM0 AI=0:0:2470:2472:0:0
29.3496,terug,0,MM1 AI=0:0:2365:2388:0:0
29.3496,terug,0,"$GPRMC,102940.8,A,5050.53574,N,00419.38145,E,000.25,045.4,021026,000.4,E*58"
29.3496,terug,0,"#126,YAW,0.71,GYRO,1,1,4,ACC,2,-1,255,ADC,1258,384,5,2,"
29.3496,terug,0,MM0 ?C
29.3496,terug,0,MM1 ?C
29.3496,terug,0,MM0 C=-14:14
29.3496,terug,0,MM1 C=-10:24
29.3496,terug,0,MM1 !M 0 0
29.3496,terug,0,MM0 !M 0 0
29.3496,terug,0,MM1 +
29.3496,terug,0,MM0 +
29.3496,terug,0,"#127,YAW,0.71,GYRO,0,5,0,ACC,2,0,257,ADC,1307,390,4,3,"
29.3496,terug,0,MM0 ?D
29.3496,terug,0,MM1 ?D
29.3497,terug,0,MM0 D=50
29.3497,terug,0,MM1 D=16
29.4006,terug,0,"#128,YAW,0.71,GYRO,2,6,-2,ACC,-2,1,251,ADC,1253,384,6,2,"
29.4006,terug,0,MM0 ?FF
29.4006,terug,0,MM1 ?FF
29.4006,terug,0,MM0 FF=0
29.4006,terug,0,MM1 FF=0
29.4006,terug,0,"#129,YAW,0.71,GYRO,-2,6,2,ACC,1,2,254,ADC,1229,382,5,2,"
29.4006,terug,0,MM0 !M 0 0
29.4006,terug,0,MM0 +
29.4006,terug,0,MM1 !M 0 0
29.4006,terug,0,MM1 +
29.4006,terug,0,MM0 ?P
29.4006,terug,0,MM1 ?P
29.4006,terug,0,MM0 P=0:0
29.4006,terug,0,MM1 P=0:0
29.4007,terug,0,"#130,YAW,0.71,GYRO,1,5,3,ACC,-1,1,254,ADC,1294,391,5,1,"
29.4007,terug,0,MM0 ?S
29.4007,terug,0,MM1 ?S
29.4007,terug,0,MM0 S=0:0
29.4007,terug,0,MM1 S=0:0
29.4504,terug,0,"#131,YAW,0.71,GYRO,1,4,1,ACC,1,-2,253,ADC,1222,381,6,2,"
29.4505,terug,0,MM0 ?T
29.4505,terug,0,MM1 ?T
29.4505,terug,0,MM0 T=34:33
29.4505,terug,0,MM1 T=35:33
29.4505,terug,0,MM1 !M 0 0
29.4505,terug,0,MM0 !M 0 0
29.4505,terug,0,MM1 +
29.4505,terug,0,MM0 +
29.4505,terug,0,"#132,YAW,0.71,GYRO,1,5,-2,ACC,4,-1,254,ADC,1285,500,6,3,"
29.4505,terug,0,MM0 ?V
29.4505,terug,0,MM1 ?V
29.4505,terug,0,MM0 V=120:225:4906
29.4505,terug,0,MM1 V=120:224:4895
29.5016,terug,0,"#133,YAW,0.71,GYRO,1,2,0,ACC,4,1,254,ADC,1246,385,5,2,"
29.5016,terug,0,MM0 ?CR
29.5016,terug,0,MM1 ?CR
29.5016,terug,0,MM0 CR=0:0
29.5017,terug,0,MM1 CR=0:0
29.5017,terug,0,"#134,YAW,0.71,GYRO,1,5,2,ACC,4,1,251,ADC,1244,389,6,2,"
29.5017,terug,0,MM0 ?A
29.5017,terug,0,MM1 ?A
29.5017,terug,0,MM0 A=0:0
29.5017,terug,0,MM1 A=0:0
29.5017,terug,0,MM0 !M 0 0
29.5017,terug,0,MM1 !M 0 0
29.5017,terug,0,MM0 +
29.5017,terug,0,MM1 +
29.5017,terug,0,"#135,YAW,0.71,GYRO,0,4,2,ACC,0,1,256,ADC,1300,501,6,2,"
29.5017,terug,0,MM0 ?AI
29.5017,terug,0,MM1 ?AI
29.5538,terug,0,"$GPRMC,102941.0,A,5050.53575,N,00419.38141,E,000.22,045.4,021026,000.4,E*53"
29.5538,terug,0,MM0 AI=0:0:2462:2471:0:0
29.5538,terug,0,MM1 AI=0:0:2372:2377:0:0
29.5538,terug,0,"#136,YAW,0.71,GYRO,1,5,-1,ACC,3,1,254,ADC,1206,380,7,1,"
29.5538,terug,0,MM0 ?C
29.5538,terug,0,MM1 ?C
29.5538,terug,0,MM0 C=-14:14
29.5538,terug,0,MM1 C=-10:24
29.5538,terug,0,MM0 !M 0 0
29.5538,terug,0,MM1 !M 0 0
29.5538,terug,0,MM0 +
29.5539,terug,0,MM1 +
29.5539,terug,0,"#137,YAW,0.71,GYRO,-1,3,-1,ACC,2,-1,250,ADC,1267,502,7,3,"
29.5539,terug,0,MM0 ?D
29.5539,terug,0,MM1 ?D
29.5539,terug,0,MM0 D=50
29.5539,terug,0,MM1 D=16
29.6025,terug,0,"#138,YAW,0.71,GYRO,1,4,1,ACC,-1,4,254,ADC,1273,501,6,3,"
29.6025,terug,0,MM0 ?FF
29.6025,terug,0,MM1 ?FF
29.6025,terug,0,MM0 FF=0
29.6025,terug,0,MM1 FF=0
29.6025,terug,0,"#139,YAW,0.71,GYRO,-1,4,0,ACC,0,1,250,ADC,1294,502,4,3,"
29.6025,terug,0,MM0 ?P
29.6025,terug,0,MM1 ?P
29.6025,terug,0,MM0 P=0:0
29.6025,terug,0,MM1 P=0:0
29.6025,terug,0,MM0 !M 0 0
29.6026,terug,0,MM1 !M 0 0
29.6026,terug,0,MM0 +
29.6026,terug,0,MM1 +
29.6026,terug,0,"#140,YAW,0.71,GYRO,0,4,1,ACC,-1,0,251,ADC,1275,386,7,2,"
29.6026,terug,0,MM0 ?S
29.6026,terug,0,MM1 ?S
29.6026,terug,0,MM0 S=0:0
29.6026,terug,0,MM1 S=0:0
29.6548,terug,0,"#141,YAW,0.71,GYRO,2,6,-1,ACC,0,1,254,ADC,1277,385,4,2,"
29.6548,terug,0,MM0 ?T
29.6548,terug,0,MM1 ?T
29.6548,terug,0,MM0 T=34:33
29.6548,terug,0,MM1 T=36:33
29.6548,terug,0,MM1 !M 0 0
29.6548,terug,0,MM0 !M 0 0
29.6548,terug,0,MM1 +
29.6548,terug,0,MM0 +
29.6548,terug,0,"#142,YAW,0.71,GYRO,1,5,0,ACC,1,-1,256,ADC,1253,393,5,2,"
29.6549,terug,0,MM0 ?V
29.6549,terug,0,MM1 ?V
29.6549,terug,0,MM0 V=120:227:4906
29.6549,terug,0,MM1 V=120:223:4895
29.7037,terug,0,"#143,YAW,0.71,GYRO,-1,6,0,ACC,2,2,253,ADC,1298,494,4,2,"
29.7037,terug,0,MM0 ?CR
29.7037,terug,0,MM1 ?CR
29.7037,terug,0,MM0 CR=0:0
29.7037,terug,0,MM1 CR=0:0
29.7037,terug,0,"#144,YAW,0.71,GYRO,2,5,1,ACC,3,-1,253,ADC,1271,384,5,2,"
29.7037,terug,0,MM1 ?A
29.7037,terug,0,MM0 ?A
29.7037,terug,0,MM0 A=0:0
29.7037,terug,0,MM1 A=0:0
29.7037,terug,0,MM1 !M 0 0
29.7037,terug,0,MM0 !M 0 0
29.7038,terug,0,MM1 +
29.7038,terug,0,MM0 +
29.7038,terug,0,"#145,YAW,0.71,GYRO,2,6,2,ACC,6,1,254,ADC,1243,388,6,2,"
29.7038,terug,0,"$GPRMC,102941.2,A,5050.53568,N,00419.38138,E,000.16,045.4,021026,000.4,E*54"
29.7538,terug,0,MM0 ?AI
29.7539,terug,0,MM1 ?AI
29.7539,terug,0,MM0 AI=0:0:2461:2461:0:0
29.7539,terug,0,MM1 AI=0:0:2358:2391:0:0
29.7539,terug,0,"#146,YAW,0.71,GYRO,0,4,1,ACC,4,1,255,ADC,1251,500,4,2,"
29.7539,terug,0,MM0 ?C
29.7539,terug,0,MM1 ?C
29.7539,terug,0,MM0 C=-14:14
29.7539,terug,0,MM1 C=-10:24
29.7539,terug,0,MM1 !M 0 0
29.7539,terug,0,MM0 !M 0 0
29.7539,terug,0,MM1 +
29.7539,terug,0,MM0 +
29.7539,terug,0,"#147,YAW,0.71,GYRO,1,4,0,ACC,1,0,253,ADC,1233,392,4,1,"
29.7539,terug,0,MM0 ?D
29.7539,terug,0,MM1 ?D
29.7539,terug,0,MM0 D=50
29.7539,terug,0,MM1 D=16
29.8044,terug,0,"#148,YAW,0.71,GYRO,0,5,2,ACC,1,0,255,ADC,1245,393,5,2,"
29.8044,terug,0,MM0 ?FF
29.8044,terug,0,MM1 ?FF
29.8044,terug,0,MM0 FF=0
29.8044,terug,0,MM1 FF=0
29.8044,terug,0,"#149,YAW,0.71,GYRO,0,4,1,ACC,4,0,253,ADC,1257,385,6,1,"
29.8044,terug,0,MM0 ?P
29.8044,terug,0,MM1 ?P
29.8044,terug,0,MM0 P=0:0
29.8045,terug,0,MM1 P=0:0
29.8045,terug,0,MM1 !M 0 0
29.8045,terug,0,MM0 !M 0 0
29.8045,terug,0,MM1 +
29.8045,terug,0,MM0 +
29.8045,terug,0,"#150,YAW,0.71,GYRO,1,6,1,ACC,0,-1,253,ADC,1254,391,5,2,"
29.8045,terug,0,MM0 ?S
29.8045,terug,0,MM1 ?S
29.8045,terug,0,MM0 S=0:0
29.8045,terug,0,MM1 S=0:0
29.8562,terug,0,"#151,YAW,0.71,GYRO,1,7,0,ACC,1,0,254,ADC,1286,501,5,2,"
29.8562,terug,0,MM0 ?T
29.8562,terug,0,MM1 ?T
29.8562,terug,0,MM0 T=34:33
29.8562,terug,0,MM1 T=36:33
29.8562,terug,0,MM0 !M 0 0
29.8562,terug,0,MM1 !M 0 0
29.8562,terug,0,MM0 +
29.8562,terug,0,MM1 +
29.8562,terug,0,"#152,YAW,0.71,GYRO,1,6,-1,ACC,2,0,254,ADC,1238,385,6,2,"
29.8562,terug,0,MM0 ?V
29.8562,terug,0,MM1 ?V
29.8562,terug,0,MM0 V=120:223:4907
29.8562,terug,0,MM1 V=120:222:4895
29.9057,terug,0,"#153,YAW,0.71,GYRO,1,5,1,ACC,2,0,251,ADC,1250,386,5,1,"
29.9057,terug,0,MM0 ?CR
29.9057,terug,0,MM1 ?CR
29.9057,terug,0,MM0 CR=0:0
29.9057,terug,0,MM1 CR=0:0
29.9058,terug,0,"#154,YAW,0.71,GYRO,-1,4,1,ACC,3,0,255,ADC,1237,389,6,2,"
29.9058,terug,0,MM0 ?A
29.9058,terug,0,MM1 ?A
29.9058,terug,0,MM0 A=0:0
29.9058,terug,0,MM1 A=0:0
29.9058,terug,0,MM1 !M 0 0
29.9058,terug,0,MM0 !M 0 0
29.9058,terug,0,MM1 +
29.9058,terug,0,MM0 +
29.9058,terug,0,"#155,YAW,0.71,GYRO,0,3,2,ACC,1,1,246,ADC,1284,501,7,2,"
29.9058,terug,0,MM0 ?AI
29.9058,terug,0,MM1 ?AI
29.9058,terug,0,"$GPRMC,102941.4,A,5050.53565,N,00419.38148,E,000.13,045.4,021026,000.4,E*5D"
29.9567,terug,0,MM0 AI=0:0:2466:2470:0:0
29.9567,terug,0,MM1 AI=0:0:2378:2384:0:0
29.9567,terug,0,"#156,YAW,0.71,GYRO,0,4,2,ACC,-1,3,254,ADC,1246,386,5,2,"
29.9567,terug,0,MM0 ?C
29.9567,terug,0,MM1 ?C
29.9567,terug,0,MM0 C=-14:14
29.9567,terug,0,MM1 C=-10:24
29.9567,terug,0,MM1 !M 0 0
29.9567,terug,0,MM0 !M 0 0
29.9568,terug,0,MM1 +
29.9568,terug,0,MM0 +
29.9568,terug,0,"#157,YAW,0.71,GYRO,1,5,0,ACC,1,3,254,ADC,1184,379,5,2,"
29.9568,terug,0,MM0 ?D
29.9568,terug,0,MM1 ?D
29.9568,terug,0,MM0 D=50
29.9568,terug,0,MM1 D=16
29.9568,terug,0,"#158,YAW,0.71,GYRO,1,5,2,ACC,1,1,253,ADC,1286,501,6,2,"
30.0084,terug,90,MM0 ?FF
30.0085,terug,90,MM1 ?FF
30.0085,terug,90,MM0 FF=0
30.0085,terug,90,MM1 FF=0
30.0085,terug,90,"#159,YAW,0.71,GYRO,1,4,0,ACC,4,6,251,ADC,1250,384,6,2,"
30.0085,terug,90,MM0 ?P
30.0085,terug,90,MM1 ?P
30.0085,terug,90,MM0 P=0:0
30.0085,terug,90,MM1 P=0:0
30.0085,terug,90,MM1 !M 90 -90
30.0085,terug,90,MM0 !M 90 -90
30.0085,terug,90,MM1 +
30.0085,terug,90,MM0 +
30.0085,terug,90,"#160,YAW,0.71,GYRO,-1,5,1,ACC,29,-2,252,ADC,1235,385,6,2,"
30.0085,terug,90,MM0 ?S
30.0086,terug,90,MM1 ?S
30.0086,terug,90,MM0 S=75:0
30.0086,terug,90,MM1 S=0:0
30.0567,terug,90,"#161,YAW,0.71,GYRO,-5,-120,5,ACC,40,0,241,ADC,1270,383,7,2,"
30.0567,terug,90,MM0 ?T
30.0567,terug,90,MM1 ?T
30.0567,terug,90,MM0 T=34:33
30.0567,terug,90,MM1 T=35:33
30.0567,terug,90,MM1 !M 90 -90
30.0568,terug,90,MM0 !M 90 -90
30.0568,terug,90,MM1 +
30.0568,terug,90,MM0 +
30.0568,terug,90,"#162,YAW,0.71,GYRO,-7,73,19,ACC,26,4,235,ADC,1256,396,4,1,"
30.0568,terug,90,MM0 ?V
30.0568,terug,90,MM1 ?V
30.0568,terug,90,MM0 V=120:220:4905
30.0568,terug,90,MM1 V=120:222:4896
30.1093,terug,90,"#163,YAW,0.71,GYRO,1,37,21,ACC,16,4,285,ADC,1280,502,6,2,"
30.1093,terug,90,MM0 ?CR
30.1093,terug,90,MM1 ?CR
30.1093,terug,90,MM0 CR=2:-1
30.1093,terug,90,MM1 CR=1:-1
30.1093,terug,90,"#164,YAW,0.71,GYRO,-7,-27,-6,ACC,34,0,269,ADC,1230,503,5,2,"
30.1093,terug,90,MM0 ?A
30.1093,terug,90,MM1 ?A
30.1093,terug,90,MM0 A=5:-4
30.1093,terug,90,MM1 A=5:-4
30.1093,terug,90,MM0 !M 90 -90
30.1093,terug,90,MM1 !M 90 -90
30.1094,terug,90,MM0 +
30.1094,terug,90,MM1 +
30.1094,terug,90,"#165,YAW,0.71,GYRO,0,15,-15,ACC,13,-3,221,ADC,1308,390,4,2,"
30.1094,terug,90,MM0 ?AI
30.1094,terug,90,MM1 ?AI
30.1094,terug,90,"$GPRMC,102941.6,A,5050.53551,N,00419.38141,E,000.09,045.4,021026,000.4,E*5A"
30.1094,terug,90,MM0 AI=0:0:2466:2464:0:0
30.1624,terug,90,MM1 AI=0:0:2379:2361:0:0
30.1624,terug,90,"#166,YAW,0.71,GYRO,-12,45,-16,ACC,29,3,256,ADC,1240,498,8,2,"
30.1624,terug,90,MM0 ?C
30.1625,terug,90,MM1 ?C
30.1625,terug,90,MM0 C=-10:11
30.1625,terug,90,MM1 C=-7:20
30.1625,terug,90,"#167,YAW,0.71,GYRO,-3,-7,-1,ACC,10,0,266,ADC,1237,497,6,2,"
30.1625,terug,90,MM0 ?D
30.1625,terug,90,MM1 ?D
30.1625,terug,90,MM0 D=48
30.1625,terug,90,MM1 D=0
30.1625,terug,90,MM0 !M 90 -90
30.1625,terug,90,MM1 !M 90 -90
30.1625,terug,90,MM0 +
30.1625,terug,90,MM1 +
30.1625,terug,90,"#168,YAW,0.71,GYRO,-7,10,2,ACC,31,5,233,ADC,1260,500,5,1,"
30.1625,terug,90,MM0 ?FF
30.1625,terug,90,MM1 ?FF
30.1625,terug,90,MM0 FF=0
30.1625,terug,90,MM1 FF=0
30.1840,terug,90,"#169,YAW,0.71,GYRO,5,29,22,ACC,11,-1,253,ADC,1282,500,6,2,"
30.1840,terug,90,MM0 ?P
30.1840,terug,90,MM1 ?P
30.1840,terug,90,MM0 P=90:-90
30.1840,terug,90,MM1 P=90:-90
30.2046,terug,90,MM1 !M 90 -90
30.2046,terug,90,MM0 !M 90 -90
30.2046,terug,90,MM1 +
30.2046,terug,90,MM0 +
30.2046,terug,90,"#170,YAW,0.71,GYRO,-5,-11,6,ACC,10,2,257,ADC,1305,401,7,2,"
30.2046,terug,90,MM0 ?S
30.2046,terug,90,MM1 ?S
30.2046,terug,90,MM1 S=75:0
30.2046,terug,90,MM0 S=75:-75
30.2254,terug,0,"#171,YAW,0.71,GYRO,-7,-12,-1,ACC,17,-1,240,ADC,1257,391,6,3,"
30.2255,terug,0,MM0 ?T
30.2255,terug,0,MM1 ?T
30.2255,terug,0,MM0 T=34:33
30.2255,terug,0,MM1 T=35:33
30.2596,terug,0,MM1 !M 0 0
30.2596,terug,0,MM0 !M 0 0
30.2596,terug,0,MM1 +
30.2596,terug,0,MM0 +
30.2596,terug,0,"#172,YAW,0.71,GYRO,0,19,-3,ACC,19,-1,269,ADC,1311,384,7,2,"
30.2596,terug,0,MM0 ?V
30.2596,terug,0,MM1 ?V
30.2596,terug,0,MM0 V=120:223:4905
30.2596,terug,0,MM1 V=120:223:4897
30.2596,terug,0,MM0 !M 0 0
30.2596,terug,0,MM1 !M 0 0
30.2596,terug,0,MM0 +
30.2596,terug,0,MM1 +
30.2597,terug,0,"#173,YAW,0.71,GYRO,-12,29,-22,ACC,-16,-3,299,ADC,1226,501,5,2,"
30.2597,terug,0,MM0 ?CR
30.2597,terug,0,MM1 ?CR
30.3098,terug,0,MM0 CR=10:-11
30.3098,terug,0,MM1 CR=10:-11
30.3098,terug,0,"#174,YAW,0.71,GYRO,3,120,-44,ACC,-53,-9,247,ADC,1248,381,6,2,"
30.3098,terug,0,MM0 ?A
30.3098,terug,0,MM1 ?A
30.3098,terug,0,MM0 A=0:0
30.3098,terug,0,MM1 A=0:0
30.3098,terug,0,MM0 !M 0 0
30.3099,terug,0,MM1 !M 0 0
30.3099,terug,0,MM0 +
30.3099,terug,0,MM1 +
30.3099,terug,0,"#175,YAW,0.71,GYRO,-2,-59,-23,ACC,-44,3,254,ADC,1258,386,5,2,"
30.3099,terug,0,MM0 ?AI
30.3099,terug,0,MM1 ?AI
30.3099,terug,0,"$GPRMC,102941.8,A,5050.53529,N,00419.38136,E,000.08,045.4,021026,000.4,E*5A"
30.3099,terug,0,MM0 AI=0:0:2454:2476:0:0
30.3617,terug,0,MM1 AI=0:0:2367:2362:0:0
30.3617,terug,0,"#176,YAW,0.71,GYRO,-17,-40,9,ACC,-47,4,246,ADC,1251,501,5,2,"
30.3617,terug,0,MM0 ?C
30.3617,terug,0,MM1 ?C
30.3617,terug,0,MM0 C=2:-1
30.3617,terug,0,MM1 C=4:9
30.3618,terug,0,"#177,YAW,0.71,GYRO,4,57,9,ACC,-24,12,257,ADC,1260,400,7,2,"
30.3618,terug,0,MM0 ?D
30.3618,terug,0,MM1 ?D
30.3618,terug,0,MM0 D=34
30.3618,terug,0,MM1 D=18
30.3618,terug,0,MM0 !M 0 0
30.3618,terug,0,MM1 !M 0 0
30.3618,terug,0,MM0 +
30.3618,terug,0,MM1 +
30.3618,terug,0,"#178,YAW,0.71,GYRO,-16,-52,31,ACC,-37,-4,255,ADC,1262,383,5,2,"
30.3618,terug,0,MM0 ?FF
30.3618,terug,0,MM1 ?FF
30.3618,terug,0,MM0 FF=0
30.3618,terug,0,MM1 FF=0
30.4123,terug,0,"#179,YAW,0.71,GYRO,10,28,-8,ACC,-29,0,244,ADC,1260,388,9,2,"
30.4123,terug,0,MM0 ?P
30.4124,terug,0,MM1 ?P
30.4124,terug,0,MM0 P=0:0
30.4124,terug,0,MM1 P=0:0
30.4124,terug,0,MM0 !M 0 0
30.4124,terug,0,MM1 !M 0 0
30.4124,terug,0,MM0 +
30.4124,terug,0,MM1 +
30.4124,terug,0,"#180,YAW,0.71,GYRO,-6,-4,-10,ACC,-19,0,265,ADC,1298,502,4,1,"
30.4124,terug,0,MM0 ?S
30.4124,terug,0,MM1 ?S
30.4124,terug,0,MM0 S=0:0
30.4124,terug,0,MM1 S=0:0
30.4627,terug,0,"#181,YAW,0.71,GYRO,-2,-7,0,ACC,-16,0,252,ADC,1281,401,6,2,"
30.4627,terug,0,MM0 ?T
30.4627,terug,0,MM1 ?T
30.4627,terug,0,MM0 T=34:33
30.4627,terug,0,MM1 T=36:33
30.4627,terug,0,"#182,YAW,0.71,GYRO,1,5,9,ACC,-5,-1,252,ADC,1275,387,6,2,"
30.4627,terug,0,MM0 ?V
30.4627,terug,0,MM1 ?V
30.4627,terug,0,MM0 V=120:223:4903
30.4628,terug,0,MM1 V=120:223:4897
30.4628,terug,0,MM0 !M 0 0
30.4628,terug,0,MM1 !M 0 0
30.4628,terug,0,MM0 +
30.4628,terug,0,MM1 +
30.4628,terug,0,"#183,YAW,0.71,GYRO,-3,-6,3,ACC,-3,0,255,ADC,1263,501,5,2,"
30.4628,terug,0,MM0 ?CR
30.4628,terug,0,MM1 ?CR
30.4628,terug,0,MM0 CR=6:-5
30.4628,terug,0,MM1 CR=5:-5
30.5127,terug,0,"#184,YAW,0.71,GYRO,5,13,-5,ACC,-2,1,243,ADC,1268,500,6,1,"
30.5127,terug,0,MM0 ?A
30.5127,terug,0,MM1 ?A
30.5127,terug,0,MM0 A=0:0
30.5127,terug,0,MM1 A=0:0
30.5127,terug,0,MM1 !M 0 0
30.5127,terug,0,MM0 !M 0 0
30.5127,terug,0,MM1 +
30.5127,terug,0,MM0 +
30.5127,terug,0,"$GPRMC,102942.0,A,5050.53530,N,00419.38136,E,000.08,045.4,021026,000.4,E*59"
30.5127,terug,0,"#185,YAW,0.71,GYRO,1,2,-6,ACC,-2,1,258,ADC,1260,396,5,2,"
30.5127,terug,0,MM0 ?AI
30.5128,terug,0,MM1 ?AI
30.5128,terug,0,MM0 AI=0:0:2452:2473:0:0
30.5128,terug,0,MM1 AI=0:0:2368:2390:0:0
30.5635,terug,0,"#186,YAW,0.71,GYRO,3,6,-2,ACC,-2,0,248,ADC,1228,399,5,1,"
30.5635,terug,0,MM0 ?C
30.5635,terug,0,MM1 ?C
30.5635,terug,0,MM0 C=4:-3
30.5635,terug,0,MM1 C=6:7
30.5635,terug,0,"#187,YAW,0.71,GYRO,-1,1,4,ACC,-2,0,249,ADC,1245,400,6,2,"
30.5635,terug,0,MM0 ?D
30.5635,terug,0,MM1 ?D
30.5635,terug,0,MM0 D=17
30.5635,terug,0,MM1 D=0
30.5636,terug,0,MM1 !M 0 0
30.5636,terug,0,MM0 !M 0 0
30.5636,terug,0,MM1 +
30.5636,terug,0,MM0 +
30.5636,terug,0,"#188,YAW,0.71,GYRO,2,1,9,ACC,-1,0,260,ADC,1281,386,5,1,"
30.5636,terug,0,MM0 ?FF
30.5636,terug,0,MM1 ?FF
30.5636,terug,0,MM0 FF=0
30.5636,terug,0,MM1 FF=0
30.6144,terug,0,"#189,YAW,0.71,GYRO,2,6,7,ACC,7,0,252,ADC,1221,391,5,2,"
30.6144,terug,0,MM0 ?P
30.6144,terug,0,MM1 ?P
30.6144,terug,0,MM0 P=0:0
30.6144,terug,0,MM1 P=0:0
30.6144,terug,0,MM1 !M 0 0
30.6144,terug,0,MM0 !M 0 0
30.6144,terug,0,MM1 +
30.6144,terug,0,MM0 +
30.6144,terug,0,"#190,YAW,0.71,GYRO,-2,-6,3,ACC,9,0,252,ADC,1228,393,4,2,"
30.6144,terug,0,MM0 ?S
30.6144,terug,0,MM1 ?S
30.6144,terug,0,MM0 S=0:0
30.6144,terug,0,MM1 S=0:0
30.6644,terug,0,"#191,YAW,0.71,GYRO,3,7,4,ACC,14,0,251,ADC,1304,402,4,2,"
30.6644,terug,0,MM0 ?T
30.6644,terug,0,MM1 ?T
30.6644,terug,0,MM0 T=34:33
30.6644,terug,0,MM1 T=35:33
30.6644,terug,0,"#192,YAW,0.71,GYRO,1,8,1,ACC,8,-2,254,ADC,1234,500,6,2,"
30.6644,terug,0,MM0 ?V
30.6645,terug,0,MM1 ?V
30.6645,terug,0,MM0 V=120:223:4903
30.6645,terug,0,MM1 V=120:222:4893
30.6645,terug,0,MM0 !M 0 0
30.6645,terug,0,MM1 !M 0 0
30.6645,terug,0,MM0 +
30.6645,terug,0,MM1 +
30.6645,terug,0,"#193,YAW,0.71,GYRO,-1,3,-2,ACC,10,0,257,ADC,1280,404,6,1,"
30.6645,terug,0,MM1 ?CR
30.6645,terug,0,MM0 ?CR
30.6645,terug,0,MM1 CR=0:0
30.6645,terug,0,MM0 CR=0:0
30.7147,terug,0,"#194,YAW,0.71,GYRO,1,9,-2,ACC,1,-1,251,ADC,1236,395,6,2,"
30.7147,terug,0,MM0 ?A
30.7148,terug,0,MM1 ?A
30.7148,terug,0,MM0 A=0:0
30.7148,terug,0,MM1 A=0:0
30.7149,terug,0,MM0 !M 0 0
30.7149,terug,0,MM1 !M 0 0
30.7149,terug,0,MM0 +
30.7149,terug,0,MM1 +
30.7149,terug,0,"$GPRMC,102942.2,A,5050.53503,N,00419.38101,E,000.16,045.4,021026,000.4,E*50"
30.7149,terug,0,"#195,YAW,0.71,GYRO,-1,5,-1,ACC,0,1,255,ADC,1279,343,7,1,"
30.7149,terug,0,MM0 ?AI
30.7149,terug,0,MM1 ?AI
30.7149,terug,0,MM0 AI=0:0:2466:2473:0:0
30.7149,terug,0,MM1 AI=0:0:2371:2377:0:0
30.7654,terug,0,"#196,YAW,0.71,GYRO,1,6,-4,ACC,-1,2,253,ADC,1271,501,5,1,"
30.7655,terug,0,MM0 ?C
30.7655,terug,0,MM1 ?C
30.7655,terug,0,MM0 C=4:-3
30.7655,terug,0,MM1 C=6:7
30.7655,terug,0,"#197,YAW,0.71,GYRO,1,7,-1,ACC,-3,0,252,ADC,1279,498,6,2,"
30.7655,terug,0,MM0 ?D
30.7655,terug,0,MM1 ?D
30.7655,terug,0,MM0 D=17
30.7655,terug,0,MM1 D=0
30.7655,terug,0,MM0 !M 0 0
30.7655,terug,0,MM1 !M 0 0
30.7655,terug,0,MM0 +
30.7656,terug,0,MM1 +
30.7656,terug,0,"#198,YAW,0.71,GYRO,0,5,1,ACC,1,1,252,ADC,1303,501,5,2,"
30.7656,terug,0,MM1 ?FF
30.7656,terug,0,MM0 ?FF
30.7656,terug,0,MM1 FF=0
30.7656,terug,0,MM0 FF=0
30.8166,terug,0,"#199,YAW,0.71,GYRO,2,6,2,ACC,0,-1,252,ADC,1252,387,5,2,"
30.8166,terug,0,MM1 ?P
30.8166,terug,0,MM0 ?P
30.8166,terug,0,MM1 P=0:0
30.8166,terug,0,MM0 P=0:0
30.8166,terug,0,MM1 !M 0 0
30.8166,terug,0,MM0 !M 0 0
30.8166,terug,0,MM1 +
30.8166,terug,0,MM0 +
30.8166,terug,0,"#200,YAW,0.71,GYRO,0,4,3,ACC,0,-1,250,ADC,1209,295,6,2,"
30.8166,terug,0,MM1 ?S
30.8166,terug,0,MM0 ?S
30.8166,terug,0,MM1 S=0:0
30.8167,terug,0,MM0 S=0:0
30.8671,terug,0,"#201,YAW,0.71,GYRO,1,6,1,ACC,1,0,255,ADC,1274,385,5,1,"
30.8671,terug,0,MM1 ?T
30.8671,terug,0,MM0 ?T
30.8671,terug,0,MM1 T=36:33
30.8671,terug,0,MM0 T=34:33
30.8671,terug,0,"#202,YAW,0.71,GYRO,1,4,0,ACC,2,-1,246,ADC,1249,384,6,1,"
30.8671,terug,0,MM1 ?V
30.8671,terug,0,MM0 ?V
30.8671,terug,0,MM1 V=120:223:4894
30.8671,terug,0,MM0 V=120:223:4902
30.8671,terug,0,MM0 !M 0 0
30.8671,terug,0,MM1 !M 0 0
30.8671,terug,0,MM0 +
30.8672,terug,0,MM1 +
30.8672,terug,0,"#203,YAW,0.71,GYRO,-1,4,0,ACC,2,2,248,ADC,1253,396,4,1,"
30.8672,terug,0,MM1 ?CR
30.8672,terug,0,MM0 ?CR
30.8672,terug,0,MM1 CR=0:0
30.8672,terug,0,MM0 CR=0:0
30.9184,terug,0,"#204,YAW,0.71,GYRO,1,5,3,ACC,4,1,258,ADC,1236,386,6,2,"
30.9184,terug,0,MM1 ?A
30.9184,terug,0,MM0 ?A
30.9184,terug,0,MM1 A=0:0
30.9184,terug,0,MM0 A=0:0
30.9184,terug,0,"$GPRMC,102942.4,A,5050.53510,N,00419.38104,E,000.18,045.4,021026,000.4,E*5F"
30.9184,terug,0,MM0 !M 0 0
30.9184,terug,0,MM1 !M 0 0
30.9184,terug,0,MM0 +
30.9184,terug,0,MM1 +
30.9184,terug,0,"#205,YAW,0.71,GYRO,0,6,2,ACC,2,0,253,ADC,1241,357,5,2,"
30.9185,terug,0,MM1 ?AI
30.9185,terug,0,MM0 ?AI
30.9185,terug,0,MM1 AI=0:0:2358:2391:0:0
30.9185,terug,0,MM0 AI=0:0:2471:2471:0:0
30.9185,terug,0,"#206,YAW,0.71,GYRO,1,5,0,ACC,1,-3,250,ADC,1264,383,6,2,"
30.9185,terug,0,MM1 ?C
30.9674,terug,0,MM0 ?C
30.9674,terug,0,MM0 C=4:-3
30.9674,terug,0,MM1 C=6:7
30.9675,terug,0,"#207,YAW,0.71,GYRO,0,4,-1,ACC,3,-1,254,ADC,1241,496,6,2,"
30.9675,terug,0,MM1 ?D
30.9675,terug,0,MM0 ?D
30.9675,terug,0,MM0 D=17
30.9675,terug,0,MM1 D=0
30.9675,terug,0,MM1 !M 0 0
30.9675,terug,0,MM0 !M 0 0
30.9675,terug,0,MM1 +
30.9675,terug,0,MM0 +
30.9675,terug,0,"#208,YAW,0.71,GYRO,-1,6,0,ACC,1,-2,252,ADC,1289,384,5,2,"
30.9675,terug,0,MM1 ?FF
30.9675,terug,0,MM0 ?FF
30.9675,terug,0,MM1 FF=0
30.9675,terug,0,MM0 FF=0
31.0186,terug,0,"#209,YAW,0.71,GYRO,1,6,0,ACC,6,0,255,ADC,1239,389,6,2,"
31.0187,terug,0,MM1 ?P
31.0187,terug,0,MM0 ?P
31.0187,terug,0,MM1 P=0:0
31.0187,terug,0,MM0 P=0:0
31.0187,terug,0,MM0 !M 0 0
31.0187,terug,0,MM1 !M 0 0
31.0187,terug,0,MM0 +
31.0187,terug,0,MM1 +
31.0187,terug,0,"#210,YAW,0.71,GYRO,1,7,1,ACC,-2,-1,253,ADC,1272,386,7,2,"
31.0187,terug,0,MM1 ?S
31.0187,terug,0,MM0 ?S
31.0187,terug,0,MM1 S=0:0
31.0187,terug,0,MM0 S=0:0
31.0187,terug,0,"#211,YAW,0.71,GYRO,1,5,0,ACC,0,1,252,ADC,1262,381,8,2,"
31.0187,terug,0,MM1 ?T
31.0187,terug,0,MM0 ?T
31.0704,terug,0,MM1 T=36:33
31.0704,terug,0,MM0 T=34:33
31.0704,terug,0,"#212,YAW,0.71,GYRO,1,7,0,ACC,0,0,253,ADC,1242,495,4,2,"
31.0704,terug,0,MM1 ?V
31.0704,terug,0,MM0 ?V
31.0704,terug,0,MM1 V=120:223:4894
31.0704,terug,0,MM0 V=120:223:4903
31.0704,terug,0,MM0 !M 0 0
31.0705,terug,0,MM1 !M 0 0
31.0705,terug,0,MM0 +
31.0705,terug,0,MM1 +
31.0705,terug,0,"#213,YAW,0.71,GYRO,1,5,0,ACC,0,-1,252,ADC,1266,391,6,1,"
31.0705,terug,0,MM1 ?CR
31.0705,terug,0,MM0 ?CR
31.0705,terug,0,MM1 CR=0:0
31.0705,terug,0,MM0 CR=0:0
31.1197,terug,0,"#214,YAW,0.71,GYRO,0,5,2,ACC,1,-1,254,ADC,1215,382,4,2,"
31.1197,terug,0,MM1 ?A
31.1197,terug,0,MM0 ?A
31.1197,terug,0,MM1 A=0:0
31.1197,terug,0,MM0 A=0:0
31.1197,terug,0,"$GPRMC,102942.6,A,5050.53506,N,00419.38102,E,000.17,045.4,021026,000.4,E*53"
31.1197,terug,0,MM1 !M 0 0
31.1197,terug,0,MM0 !M 0 0
31.1197,terug,0,MM1 +
31.1198,terug,0,MM0 +
31.1198,terug,0,"#215,YAW,0.71,GYRO,0,4,0,ACC,4,0,255,ADC,1221,318,6,2,"
31.1198,terug,0,MM1 ?AI
31.1198,terug,0,MM0 ?AI
31.1198,terug,0,MM1 AI=0:0:2366:2383:0:0
31.1198,terug,0,MM0 AI=0:0:2462:2461:0:0
31.1198,terug,0,"#216,YAW,0.71,GYRO,0,6,0,ACC,0,-1,254,ADC,1245,381,7,2,"
31.1198,terug,0,MM1 ?C
31.1198,terug,0,MM0 ?C
31.1198,terug,0,MM0 C=4:-3
31.1694,terug,0,MM1 C=6:7
31.1694,terug,0,"#217,YAW,0.71,GYRO,1,4,1,ACC,4,1,255,ADC,1269,501,5,2,"
31.1694,terug,0,MM1 ?D
31.1694,terug,0,MM0 ?D
31.1694,terug,0,MM0 D=25
31.1694,terug,0,MM1 D=0
31.1694,terug,0,MM1 !M 0 0
31.1694,terug,0,MM0 !M 0 0
31.1694,terug,0,MM1 +
31.1695,terug,0,MM0 +
31.1695,terug,0,"#218,YAW,0.71,GYRO,2,4,0,ACC,0,1,253,ADC,1285,500,7,2,"
31.1695,terug,0,MM1 ?FF
31.1695,terug,0,MM0 ?FF
31.1695,terug,0,MM1 FF=0
31.1695,terug,0,MM0 FF=0
31.2199,terug,0,"#219,YAW,0.71,GYRO,2,6,1,ACC,1,0,252,ADC,1258,392,7,2,"
31.2199,terug,0,MM1 ?P
31.2199,terug,0,MM0 ?P
31.2200,terug,0,MM1 P=0:0
31.2200,terug,0,MM0 P=0:0
31.2200,terug,0,MM0 !M -90 90
31.2200,terug,0,MM1 !M -90 90
31.2200,terug,0,"#220,YAW,0.71,GYRO,1,7,1,ACC,6,-1,257,ADC,1294,380,4,1,"
31.2200,terug,0,MM0 +
31.2200,terug,0,MM1 +
31.2200,terug,0,MM1 ?S
31.2200,terug,0,MM0 ?S
31.2200,terug,0,MM1 S=0:0
31.2200,terug,0,MM0 S=0:0
31.2200,terug,0,"#221,YAW,0.71,GYRO,1,9,-3,ACC,-11,1,245,ADC,1254,496,5,2,"
31.2200,terug,0,MM1 ?T
31.2200,terug,0,MM0 ?T
31.2200,terug,0,MM1 T=35:33
31.2536,terug,0,MM0 T=34:33
31.2536,terug,0,MM1 !M 0 0
31.2536,terug,0,MM0 !M 0 0
31.2536,terug,0,MM1 +
31.2536,terug,0,MM0 +
31.2536,terug,0,MM0 !M 0 0
31.2536,terug,0,MM1 !M 0 0
31.2536,terug,0,MM0 +
31.2536,terug,0,MM1 +
31.2536,terug,0,"#222,YAW,0.71,GYRO,24,133,-3,ACC,-21,-9,270,ADC,1258,335,8,1,"
31.2536,terug,0,MM1 ?V
31.2537,terug,0,MM0 ?V
31.2537,terug,0,MM1 V=120:223:4894
31.2537,terug,0,MM0 V=120:220:4903
31.2745,terug,0,"#223,YAW,0.71,GYRO,-35,-206,12,ACC,11,14,263,ADC,1247,393,5,1,"
31.2746,terug,0,MM0 ?CR
31.2746,terug,0,MM1 ?CR
31.2746,terug,0,MM0 CR=-2:2
31.2746,terug,0,MM1 CR=-1:1
31.3084,terug,0,"#224,YAW,0.71,GYRO,36,125,-9,ACC,5,2,234,ADC,1288,498,8,2,"
31.3084,terug,0,MM0 ?A
31.3084,terug,0,MM1 ?A
31.3084,terug,0,MM0 A=0:0
31.3084,terug,0,MM1 A=0:0
31.3084,terug,0,MM1 !M 0 0
31.3084,terug,0,MM0 !M 0 0
31.3084,terug,0,MM1 +
31.3084,terug,0,MM0 +
31.3084,terug,0,"$GPRMC,102942.8,A,5050.53487,N,00419.38089,E,000.16,045.4,021026,000.4,E*56"
31.3084,terug,0,"#225,YAW,0.71,GYRO,-21,-17,-4,ACC,4,4,274,ADC,1214,333,4,2,"
31.3084,terug,0,MM0 ?AI
31.3084,terug,0,MM1 ?AI
31.3084,terug,0,MM0 AI=0:0:2459:2467:0:0
31.3084,terug,0,MM1 AI=0:0:2379:2384:0:0
31.3624,terug,0,"#226,YAW,0.71,GYRO,9,-7,-2,ACC,20,-4,222,ADC,1217,382,6,2,"
31.3625,terug,0,MM0 ?C
31.3625,terug,0,MM1 ?C
31.3625,terug,0,MM0 C=2:-1
31.3625,terug,0,MM1 C=5:8
31.3625,terug,0,"#227,YAW,0.71,GYRO,-2,5,7,ACC,14,-1,259,ADC,1239,382,4,2,"
31.3625,terug,0,MM0 ?D
31.3625,terug,0,MM1 ?D
31.3625,terug,0,MM0 D=34
31.3625,terug,0,MM1 D=50
31.3625,terug,0,MM0 !M 0 0
31.3625,terug,0,MM1 !M 0 0
31.3625,terug,0,MM0 +
31.3625,terug,0,MM1 +
31.3625,terug,0,"#228,YAW,0.71,GYRO,0,9,15,ACC,20,1,268,ADC,1295,407,5,2,"
31.3625,terug,0,MM0 ?FF
31.3625,terug,0,MM1 ?FF
31.3625,terug,0,MM0 FF=0
31.3626,terug,0,MM1 FF=0
31.4115,terug,0,"#229,YAW,0.71,GYRO,5,1,12,ACC,13,-1,234,ADC,1288,502,4,2,"
31.4115,terug,0,MM0 ?P
31.4115,terug,0,MM1 ?P
31.4115,terug,0,MM0 P=0:0
31.4115,terug,0,MM1 P=0:0
31.4115,terug,0,MM1 !M 0 0
31.4115,terug,0,MM0 !M 0 0
31.4115,terug,0,MM1 +
31.4115,terug,0,MM0 +
31.4115,terug,0,"#230,YAW,0.71,GYRO,-3,15,-6,ACC,11,1,270,ADC,1192,385,8,2,"
31.4116,terug,0,MM0 ?S
31.4116,terug,0,MM1 ?S
31.4116,terug,0,MM0 S=0:0
31.4116,terug,0,MM1 S=0:0
31.4626,terug,0,"#231,YAW,0.71,GYRO,0,5,-18,ACC,4,0,243,ADC,1252,387,5,2,"
31.4626,terug,0,MM0 ?T
31.4626,terug,0,MM1 ?T
31.4626,terug,0,MM0 T=34:33
31.4626,terug,0,MM1 T=36:33
31.4626,terug,0,"#232,YAW,0.71,GYRO,-1,4,-15,ACC,8,0,252,ADC,1294,503,5,2,"
31.4627,terug,0,MM0 ?V
31.4627,terug,0,MM1 ?V
31.4627,terug,0,MM0 V=120:223:4903
31.4627,terug,0,MM1 V=120:223:4897
31.4627,terug,0,MM0 !M 0 0
31.4627,terug,0,MM1 !M 0 0
31.4627,terug,0,MM0 +
31.4627,terug,0,MM1 +
31.4627,terug,0,"#233,YAW,0.71,GYRO,0,11,-3,ACC,0,3,260,ADC,1233,383,5,2,"
31.4627,terug,0,MM0 ?CR
31.4627,terug,0,MM1 ?CR
31.4627,terug,0,MM0 CR=0:0
31.4627,terug,0,MM1 CR=0:0
31.5137,terug,0,"#234,YAW,0.71,GYRO,-1,-2,12,ACC,3,-1,241,ADC,1247,383,7,2,"
31.5137,terug,0,MM0 ?A
31.5137,terug,0,MM1 ?A
31.5137,terug,0,MM0 A=0:0
31.5137,terug,0,MM1 A=0:0
31.5137,terug,0,MM1 !M 0 0
31.5137,terug,0,MM0 !M 0 0
31.5137,terug,0,MM1 +
31.5138,terug,0,MM0 +
31.5138,terug,0,"$GPRMC,102943.0,A,5050.53487,N,00419.38089,E,000.13,045.4,021026,000.4,E*5A"
31.5138,terug,0,"#235,YAW,0.71,GYRO,0,8,13,ACC,1,-1,258,ADC,1270,327,4,1,"
31.5138,terug,0,MM0 ?AI
31.5138,terug,0,MM1 ?AI
31.5138,terug,0,MM1 AI=0:0:2343:2386:0:0
31.5138,terug,0,MM0 AI=0:0:2449:2468:0:0
31.5636,terug,0,"#236,YAW,0.71,GYRO,0,1,7,ACC,3,-1,254,ADC,1274,395,6,3,"
31.5637,terug,0,MM0 ?C
31.5637,terug,0,MM1 ?C
31.5637,terug,0,MM0 C=2:-1
31.5637,terug,0,MM1 C=5:8
31.5637,terug,0,"#237,YAW,0.71,GYRO,0,9,-4,ACC,-2,-1,249,ADC,1290,497,7,2,"
31.5637,terug,0,MM0 ?D
31.5637,terug,0,MM1 ?D
31.5637,terug,0,MM0 D=34
31.5637,terug,0,MM1 D=26
31.5637,terug,0,MM0 !M 0 0
31.5637,terug,0,MM1 !M 0 0
31.5637,terug,0,MM0 +
31.5637,terug,0,MM1 +
31.5637,terug,0,"#238,YAW,0.71,GYRO,0,6,-10,ACC,-4,2,255,ADC,1241,388,5,1,"
31.5637,terug,0,MM0 ?FF
31.5637,terug,0,MM1 ?FF
31.5637,terug,0,MM0 FF=0
31.5637,terug,0,MM1 FF=0
31.6157,terug,0,"#239,YAW,0.71,GYRO,0,6,-7,ACC,-3,0,251,ADC,1285,500,5,2,"
31.6158,terug,0,MM0 ?P
31.6158,terug,0,MM1 ?P
31.6158,terug,0,MM0 P=0:0
31.6158,terug,0,MM1 P=0:0
31.6158,terug,0,MM0 !M 0 0
31.6158,terug,0,MM1 !M 0 0
31.6158,terug,0,MM0 +
31.6158,terug,0,MM1 +
31.6158,terug,0,"#240,YAW,0.71,GYRO,0,4,2,ACC,-5,0,255,ADC,1262,387,4,2,"
31.6158,terug,0,MM0 ?S
31.6158,terug,0,MM1 ?S
31.6158,terug,0,MM0 S=0:0
31.6158,terug,0,MM1 S=0:0
31.6658,terug,0,"#241,YAW,0.71,GYRO,0,3,6,ACC,-3,0,252,ADC,1309,500,8,2,"
31.6658,terug,0,MM0 ?T
31.6658,terug,0,MM1 ?T
31.6658,terug,0,MM0 T=34:33
31.6658,terug,0,MM1 T=35:33
31.6658,terug,0,"#242,YAW,0.71,GYRO,2,6,5,ACC,-2,1,260,ADC,1267,500,6,2,"
31.6659,terug,0,MM0 ?V
31.6659,terug,0,MM1 ?V
31.6659,terug,0,MM0 V=120:224:4903
31.6659,terug,0,MM1 V=120:223:4897
31.6659,terug,0,MM0 !M 0 0
31.6659,terug,0,MM1 !M 0 0
31.6659,terug,0,MM0 +
31.6659,terug,0,MM1 +
31.6659,terug,0,"#243,YAW,0.71,GYRO,1,2,-3,ACC,-2,-1,253,ADC,1246,500,5,2,"
31.6659,terug,0,MM0 ?CR
31.6659,terug,0,MM1 ?CR
31.6659,terug,0,MM0 CR=0:0
31.6659,terug,0,MM1 CR=0:0
31.7146,terug,0,"#244,YAW,0.71,GYRO,1,6,-5,ACC,-1,0,253,ADC,1275,385,6,2,"
31.7146,terug,0,MM0 ?A
31.7146,terug,0,MM1 ?A
31.7146,terug,0,MM0 A=0:0
31.7146,terug,0,MM1 A=0:0
31.7146,terug,0,"$GPRMC,102943.2,A,5050.53492,N,00419.38093,E,000.11,045.4,021026,000.4,E*55"
31.7146,terug,0,MM0 !M 0 0
31.7146,terug,0,MM0 +
31.7146,terug,0,MM1 !M 0 0
31.7146,terug,0,MM1 +
31.7146,terug,0,"#245,YAW,0.71,GYRO,0,4,-3,ACC,0,0,250,ADC,1204,341,6,2,"
31.7146,terug,0,MM0 ?AI
31.7147,terug,0,MM1 ?AI
31.7147,terug,0,MM0 AI=0:0:2466:2471:0:0
31.7147,terug,0,MM1 AI=0:0:2363:2372:0:0
31.7657,terug,0,"#246,YAW,0.71,GYRO,2,3,0,ACC,2,2,255,ADC,1219,502,5,2,"
31.7658,terug,0,MM0 ?C
31.7658,terug,0,MM1 ?C
31.7658,terug,0,MM0 C=2:-1
31.7658,terug,0,MM1 C=5:8
31.7658,terug,0,"#247,YAW,0.71,GYRO,1,5,5,ACC,-1,0,253,ADC,1275,384,5,1,"
31.7658,terug,0,MM0 ?D
31.7658,terug,0,MM1 ?D
31.7658,terug,0,MM0 D=34
31.7658,terug,0,MM1 D=18
31.7658,terug,0,MM0 !M 0 0
31.7658,terug,0,MM1 !M 0 0
31.7658,terug,0,MM0 +
31.7658,terug,0,MM1 +
31.7658,terug,0,"#248,YAW,0.71,GYRO,0,6,5,ACC,4,0,252,ADC,1259,387,7,1,"
31.7658,terug,0,MM0 ?FF
31.7658,terug,0,MM1 ?FF
31.7658,terug,0,MM0 FF=0
31.7658,terug,0,MM1 FF=0
31.8155,terug,0,"#249,YAW,0.71,GYRO,1,1,-1,ACC,5,2,255,ADC,1232,382,6,1,"
31.8155,terug,0,MM0 ?P
31.8155,terug,0,MM1 ?P
31.8155,terug,0,MM0 P=0:0
31.8155,terug,0,MM1 P=0:0
31.8155,terug,0,MM0 !M 0 0
31.8155,terug,0,MM1 !M 0 0
31.8155,terug,0,MM0 +
31.8155,terug,0,MM1 +
31.8155,terug,0,"#250,YAW,0.71,GYRO,1,4,-3,ACC,2,0,253,ADC,1318,501,6,2,"
31.8155,terug,0,MM0 ?S
31.8155,terug,0,MM1 ?S
31.8155,terug,0,MM0 S=0:0
31.8155,terug,0,MM1 S=0:0
31.8664,terug,0,"#251,YAW,0.71,GYRO,0,4,-2,ACC,4,0,255,ADC,1284,387,5,2,"
31.8665,terug,0,MM0 ?T
31.8665,terug,0,MM1 ?T
31.8665,terug,0,MM0 T=34:33
31.8665,terug,0,MM1 T=35:33
31.8665,terug,0,"#252,YAW,0.71,GYRO,1,6,-1,ACC,3,-3,248,ADC,1283,397,7,2,"
31.8665,terug,0,MM0 ?V
31.8665,terug,0,MM1 ?V
31.8665,terug,0,MM0 V=120:223:4903
31.8665,terug,0,MM1 V=120:223:4897
31.8665,terug,0,MM0 !M 0 0
31.8665,terug,0,MM1 !M 0 0
31.8665,terug,0,MM0 +
31.8665,terug,0,MM1 +
31.8665,terug,0,"#253,YAW,0.71,GYRO,2,5,2,ACC,3,0,252,ADC,1269,385,4,1,"
31.8665,terug,0,MM0 ?CR
31.8665,terug,0,MM1 ?CR
31.8665,terug,0,MM0 CR=0:0
31.8665,terug,0,MM1 CR=0:0
31.9165,terug,0,"#254,YAW,0.71,GYRO,1,6,3,ACC,6,-1,257,ADC,1253,384,5,2,"
31.9166,terug,0,MM0 ?A
31.9166,terug,0,MM1 ?A
31.9166,terug,0,MM0 A=0:0
31.9166,terug,0,MM1 A=0:0
31.9166,terug,0,MM1 !M 0 0
31.9166,terug,0,MM0 !M 0 0
31.9166,terug,0,MM1 +
31.9166,terug,0,MM0 +
31.9166,terug,0,"$GPRMC,102943.4,A,5050.53484,N,00419.38087,E,000.11,045.4,021026,000.4,E*51"
31.9166,terug,0,"#255,YAW,0.71,GYRO,1,5,3,ACC,3,-1,250,ADC,1260,383,6,2,"
31.9166,terug,0,MM0 ?AI
31.9166,terug,0,MM1 ?AI
31.9166,terug,0,MM0 AI=0:0:2477:2472:0:0
31.9166,terug,0,MM1 AI=0:0:2365:2363:0:0
31.9166,terug,0,"#0,YAW,0.71,GYRO,1,6,-1,ACC,2,-1,252,ADC,1233,408,6,2,"
31.9686,terug,0,MM0 ?C
31.9686,terug,0,MM1 ?C
31.9686,terug,0,MM0 C=2:-1
31.9686,terug,0,MM1 C=5:8
31.9686,terug,0,"#1,YAW,0.71,GYRO,0,5,-2,ACC,-1,0,255,ADC,1277,498,6,3,"
31.9687,terug,0,MM0 ?D
31.9687,terug,0,MM1 ?D
31.9687,terug,0,MM0 D=34
31.9687,terug,0,MM1 D=18
31.9687,terug,0,MM1 !M 0 0
31.9687,terug,0,MM0 !M 0 0
31.9687,terug,0,MM1 +
31.9687,terug,0,MM0 +
31.9687,terug,0,"#2,YAW,0.71,GYRO,0,4,0,ACC,0,-1,250,ADC,1279,385,6,2,"
31.9687,terug,0,MM0 ?FF
31.9687,terug,0,MM1 ?FF
31.9687,terug,0,MM0 FF=0
31.9687,terug,0,MM1 FF=0
32.0186,terug,0,"#3,YAW,0.71,GYRO,0,5,1,ACC,3,0,252,ADC,1271,380,6,1,"
32.0186,terug,0,MM0 ?P
32.0186,terug,0,MM1 ?P
32.0186,terug,0,MM0 P=0:0
32.0186,terug,0,MM1 P=0:0
32.0186,terug,0,MM0 !M 0 0
32.0186,terug,0,MM1 !M 0 0
32.0186,terug,0,MM0 +
32.0186,terug,0,MM1 +
32.0187,terug,0,"#4,YAW,0.71,GYRO,0,6,2,ACC,1,0,253,ADC,1251,398,7,2,"
32.0187,terug,0,MM0 ?S
32.0187,terug,0,MM1 ?S
32.0187,terug,0,MM0 S=0:0
32.0187,terug,0,MM1 S=0:0
32.0187,terug,0,"#5,YAW,0.71,GYRO,1,5,0,ACC,0,0,249,ADC,1271,503,4,1,"
32.0187,terug,0,MM0 ?T
32.0669,terug,0,MM1 ?T
32.0670,terug,0,MM0 T=34:33
32.0670,terug,0,MM1 T=36:33
32.0670,terug,0,"#6,YAW,0.71,GYRO,0,4,0,ACC,3,5,249,ADC,1273,397,5,3,"
32.0670,terug,0,MM0 ?V
32.0670,terug,0,MM1 ?V
32.0670,terug,0,MM0 V=120:224:4903
32.0670,terug,0,MM1 V=120:224:4897
32.0670,terug,0,MM0 !M 0 0
32.0670,terug,0,MM1 !M 0 0
32.0670,terug,0,MM0 +
32.0670,terug,0,MM1 +
32.0670,terug,0,"#7,YAW,0.71,GYRO,1,5,1,ACC,-1,-3,252,ADC,1270,500,5,2,"
32.0670,terug,0,MM0 ?CR
32.0670,terug,0,MM1 ?CR
32.0670,terug,0,MM0 CR=0:0
32.0670,terug,0,MM1 CR=0:0
32.1204,terug,0,"#8,YAW,0.71,GYRO,0,4,0,ACC,5,-1,255,ADC,1226,386,6,2,"
32.1205,terug,0,MM0 ?A
32.1205,terug,0,MM1 ?A
32.1205,terug,0,MM0 A=0:0
32.1205,terug,0,MM1 A=0:0
32.1205,terug,0,"$GPRMC,102943.6,A,5050.53480,N,00419.38086,E,000.10,045.4,021026,000.4,E*57"
32.1205,terug,0,MM1 !M 0 0
32.1205,terug,0,MM0 !M 0 0
32.1205,terug,0,"#9,YAW,0.71,GYRO,1,3,2,ACC,2,0,252,ADC,1245,370,5,1,"
32.1205,terug,0,MM0 +
32.1206,terug,0,MM1 +
32.1206,terug,0,MM0 ?AI
32.1206,terug,0,MM1 ?AI
32.1206,terug,0,MM0 AI=0:0:2466:2464:0:0
32.1206,terug,0,MM1 AI=0:0:2377:2362:0:0
32.1206,terug,0,"#10,YAW,0.71,GYRO,0,6,1,ACC,2,0,251,ADC,1250,319,4,2,"
32.1206,terug,0,MM0 ?C
32.1206,terug,0,MM1 ?C
32.1206,terug,0,MM0 C=2:-1
32.1206,terug,0,MM1 C=5:8
32.1717,terug,0,"#11,YAW,0.71,GYRO,0,4,1,ACC,2,-1,255,ADC,1259,385,5,1,"
32.1718,terug,0,MM0 ?D
32.1718,terug,0,MM1 ?D
32.1718,terug,0,MM0 D=34
32.1718,terug,0,MM1 D=18
32.1718,terug,0,MM0 !M 0 0
32.1718,terug,0,MM1 !M 0 0
32.1718,terug,0,MM1 +
32.1718,terug,0,MM0 +
32.1718,terug,0,"#12,YAW,0.71,GYRO,1,4,0,ACC,2,-1,254,ADC,1284,403,5,2,"
32.1719,terug,0,MM0 ?FF
32.1719,terug,0,MM1 ?FF
32.1719,terug,0,MM0 FF=0
32.1719,terug,0,MM1 FF=0
32.2195,terug,0,"#13,YAW,0.71,GYRO,1,5,-1,ACC,0,-1,250,ADC,1263,389,4,2,"
32.2195,terug,0,MM0 ?P
32.2195,terug,0,MM1 ?P
32.2195,terug,0,MM0 P=0:0
32.2195,terug,0,MM1 P=0:0
32.2195,terug,0,MM0 !M 0 0
32.2195,terug,0,MM1 !M 0 0
32.2196,terug,0,MM0 +
32.2196,terug,0,MM1 +
32.2196,terug,0,"#14,YAW,0.71,GYRO,0,4,0,ACC,5,0,258,ADC,1253,333,5,2,"
32.2196,terug,0,MM0 ?S
32.2196,terug,0,MM1 ?S
32.2196,terug,0,MM0 S=0:0
32.2196,terug,0,MM1 S=0:0
32.2196,terug,0,"#15,YAW,0.71,GYRO,0,7,1,ACC,2,0,251,ADC,1302,495,4,1,"
32.2196,terug,0,MM0 ?T
32.2196,terug,0,MM1 ?T
32.2196,terug,0,MM0 T=34:33
32.2715,terug,0,MM1 T=35:33
32.2715,terug,0,"#16,YAW,0.71,GYRO,0,3,0,ACC,1,4,259,ADC,1237,384,5,1,"
32.2715,terug,0,MM0 ?V
32.2716,terug,0,MM1 ?V
32.2716,terug,0,MM0 V=120:224:4903
32.2716,terug,0,MM1 V=120:225:4897
32.2716,terug,0,MM0 !M 0 0
32.2716,terug,0,MM1 !M 0 0
32.2716,terug,0,MM0 +
32.2716,terug,0,MM1 +
32.2716,terug,0,"#17,YAW,0.71,GYRO,2,4,1,ACC,1,0,253,ADC,1283,400,5,2,"
32.2716,terug,0,MM0 ?CR
32.2716,terug,0,MM1 ?CR
32.2716,terug,0,MM0 CR=0:0
32.2716,terug,0,MM1 CR=0:0
32.3204,terug,0,"#18,YAW,0.71,GYRO,0,5,1,ACC,-1,1,251,ADC,1266,388,6,2,"
32.3205,terug,0,MM0 ?A
32.3205,terug,0,MM1 ?A
32.3205,terug,0,MM0 A=0:0
32.3205,terug,0,MM1 A=0:0
32.3205,terug,0,"$GPRMC,102943.8,A,5050.53481,N,00419.38089,E,000.11,045.4,021026,000.4,E*56"
32.3205,terug,0,"#19,YAW,0.71,GYRO,0,5,0,ACC,3,-1,249,ADC,1238,386,4,1,"
32.3205,terug,0,MM0 !M 0 0
32.3205,terug,0,MM0 +
32.3205,terug,0,MM1 !M 0 0
32.3205,terug,0,MM1 +
32.3205,terug,0,MM0 ?AI
32.3205,terug,0,MM1 ?AI
32.3205,terug,0,MM0 AI=0:0:2450:2479:0:0
32.3205,terug,0,MM1 AI=0:0:2359:2390:0:0
32.3205,terug,0,"#20,YAW,0.71,GYRO,0,4,-1,ACC,-1,0,256,ADC,1222,334,6,2,"
32.3205,terug,0,MM0 ?C
32.3205,terug,0,MM1 ?C
32.3205,terug,0,MM0 C=2:-1
32.3726,terug,0,MM1 C=5:8
32.3727,terug,0,"#21,YAW,0.71,GYRO,1,6,0,ACC,1,-1,248,ADC,1272,400,3,2,"
32.3727,terug,0,MM0 ?D
32.3727,terug,0,MM1 ?D
32.3727,terug,0,MM0 D=34
32.3727,terug,0,MM1 D=18
32.3727,terug,0,MM0 !M 0 0
32.3727,terug,0,MM1 !M 0 0
32.3727,terug,0,MM0 +
32.3727,terug,0,MM1 +
32.3727,terug,0,"#22,YAW,0.71,GYRO,2,5,1,ACC,4,-1,253,ADC,1278,502,4,1,"
32.3727,terug,0,MM0 ?FF
32.3727,terug,0,MM1 ?FF
32.3727,terug,0,MM0 FF=0
32.3727,terug,0,MM1 FF=0
32.3743,terug,0,STOP terug -3.0010
32.4216,uitbollen,0,"#23,YAW,0.71,GYRO,1,5,1,ACC,-2,0,254,ADC,1243,498,7,2,"
32.4217,uitbollen,0,MM0 ?P
32.4217,uitbollen,0,MM1 ?P
32.4217,uitbollen,0,MM0 P=0:0
32.4217,uitbollen,0,MM1 P=0:0
32.4217,uitbollen,0,"#24,YAW,0.71,GYRO,0,4,0,ACC,2,-1,250,ADC,1233,404,4,2,"
32.4217,uitbollen,0,MM0 ?S
32.4217,uitbollen,0,MM1 ?S
32.4217,uitbollen,0,MM0 S=0:0
32.4217,uitbollen,0,MM1 S=0:0
32.4217,uitbollen,0,MM0 !M 0 0
32.4217,uitbollen,0,MM1 !M 0 0
32.4217,uitbollen,0,MM0 +
32.4217,uitbollen,0,MM1 +
32.4218,uitbollen,0,"#25,YAW,0.71,GYRO,2,5,1,ACC,2,-1,255,ADC,1202,388,5,2,"
32.4218,uitbollen,0,MM1 ?T
32.4218,uitbollen,0,MM0 ?T
32.4218,uitbollen,0,MM0 T=34:33
32.4218,uitbollen,0,MM1 T=36:33
32.4422,uitbollen,0,"#26,YAW,0.71,GYRO,0,3,-1,ACC,0,0,253,ADC,1218,385,4,2,"
32.4423,uitbollen,0,MM0 ?V
32.4423,uitbollen,0,MM1 ?V
32.4423,uitbollen,0,MM0 V=120:225:4903
32.4423,uitbollen,0,MM1 V=120:222:4898
32.4652,uitbollen,0,"#27,YAW,0.71,GYRO,0,5,1,ACC,3,0,252,ADC,1213,381,7,1,"
32.4652,uitbollen,0,MM0 ?CR
32.4652,uitbollen,0,MM1 ?CR
32.4652,uitbollen,0,MM0 CR=0:0
32.4652,uitbollen,0,MM1 CR=0:0
32.4844,uitbollen,0,"#28,YAW,0.71,GYRO,1,6,0,ACC,4,1,253,ADC,1263,390,5,2,"
32.4844,uitbollen,0,MM0 ?A
32.4844,uitbollen,0,MM1 ?A
32.4844,uitbollen,0,MM0 A=0:0
32.4844,uitbollen,0,MM1 A=0:0
32.5186,uitbollen,0,MM0 !M 0 0
32.5186,uitbollen,0,MM1 !M 0 0
32.5186,uitbollen,0,MM0 +
32.5186,uitbollen,0,MM1 +
32.5186,uitbollen,0,"$GPRMC,102944.0,A,5050.53495,N,00419.38100,E,000.09,045.4,021026,000.4,E*55"
32.5186,uitbollen,0,"#29,YAW,0.71,GYRO,0,5,0,ACC,3,1,255,ADC,1245,346,7,2,"
32.5187,uitbollen,0,MM0 ?AI
32.5187,uitbollen,0,MM1 ?AI
32.5187,uitbollen,0,MM0 AI=0:0:2449:2483:0:0
32.5187,uitbollen,0,MM1 AI=0:0:2366:2391:0:0
32.5187,uitbollen,0,"#30,YAW,0.71,GYRO,0,8,-1,ACC,4,-1,254,ADC,1294,327,4,1,"
32.5187,uitbollen,0,MM0 ?C
32.5187,uitbollen,0,MM1 ?C
32.5407,uitbollen,0,MM0 C=2:-1
32.5407,uitbollen,0,MM1 C=5:8
32.5407,uitbollen,0,"#31,YAW,0.71,GYRO,0,4,0,ACC,0,1,253,ADC,1267,503,8,1,"
32.5408,uitbollen,0,MM0 ?D
32.5408,uitbollen,0,MM1 ?D
32.5408,uitbollen,0,MM0 D=34
32.5408,uitbollen,0,MM1 D=18
32.5605,uitbollen,0,"#32,YAW,0.71,GYRO,1,5,1,ACC,2,1,255,ADC,1242,385,5,2,"
32.5605,uitbollen,0,MM0 ?FF
32.5605,uitbollen,0,MM1 ?FF
32.5605,uitbollen,0,MM0 FF=0
32.5605,uitbollen,0,MM1 FF=0
32.5815,uitbollen,0,"#33,YAW,0.71,GYRO,1,5,1,ACC,2,1,255,ADC,1260,381,5,2,"
32.5816,uitbollen,0,MM0 ?P
32.5816,uitbollen,0,MM1 ?P
32.5816,uitbollen,0,MM0 P=0:0
32.5816,uitbollen,0,MM1 P=0:0
32.6154,uitbollen,0,MM0 !M 0 0
32.6154,uitbollen,0,MM1 !M 0 0
32.6154,uitbollen,0,MM0 +
32.6154,uitbollen,0,MM1 +
32.6154,uitbollen,0,"#34,YAW,0.71,GYRO,2,6,1,ACC,0,0,255,ADC,1251,502,4,2,"
32.6155,uitbollen,0,MM0 ?S
32.6155,uitbollen,0,MM1 ?S
32.6155,uitbollen,0,MM0 S=0:0
32.6155,uitbollen,0,MM1 S=0:0
32.6364,uitbollen,0,"#35,YAW,0.71,GYRO,2,5,2,ACC,4,0,252,ADC,1275,499,7,2,"
32.6365,uitbollen,0,MM0 ?T
32.6365,uitbollen,0,MM1 ?T
32.6365,uitbollen,0,MM0 T=34:33
32.6365,uitbollen,0,MM1 T=35:33
32.6365,uitbollen,0,"#36,YAW,0.71,GYRO,0,4,1,ACC,3,1,253,ADC,1293,499,5,1,"
32.6577,uitbollen,0,MM0 ?V
32.6577,uitbollen,0,MM1 ?V
32.6577,uitbollen,0,MM0 V=120:223:4902
32.6577,uitbollen,0,MM1 V=120:222:4898
32.6577,uitbollen,0,"#37,YAW,0.71,GYRO,2,5,0,ACC,-1,1,255,ADC,1299,498,5,1,"
32.6577,uitbollen,0,MM0 ?CR
32.6784,uitbollen,0,MM1 ?CR
32.6784,uitbollen,0,MM0 CR=0:0
32.6784,uitbollen,0,MM1 CR=0:0
32.6785,uitbollen,0,"#38,YAW,0.71,GYRO,0,4,0,ACC,1,1,257,ADC,1242,389,4,2,"
32.6785,uitbollen,0,MM0 ?A
32.6785,uitbollen,0,MM1 ?A
32.7135,uitbollen,0,MM0 A=0:0
32.7135,uitbollen,0,MM1 A=0:0
32.7135,uitbollen,0,MM1 !M 0 0
32.7136,uitbollen,0,MM0 !M 0 0
32.7136,uitbollen,0,MM1 +
32.7136,uitbollen,0,MM0 +
32.7136,uitbollen,0,"$GPRMC,102944.2,A,5050.53510,N,00419.38113,E,000.08,045.4,021026,000.4,E*58"
32.7136,uitbollen,0,"#39,YAW,0.71,GYRO,0,4,1,ACC,2,1,253,ADC,1300,504,7,1,"
32.7136,uitbollen,0,MM0 ?AI
32.7136,uitbollen,0,MM1 ?AI
32.7136,uitbollen,0,MM0 AI=0:0:2447:2467:0:0
32.7136,uitbollen,0,MM1 AI=0:0:2387:2389:0:0
32.7334,uitbollen,0,"#40,YAW,0.71,GYRO,1,4,1,ACC,1,0,249,ADC,1235,383,5,2,"
32.7335,uitbollen,0,MM0 ?C
32.7335,uitbollen,0,MM1 ?C
32.7335,uitbollen,0,MM0 C=2:-1
32.7335,uitbollen,0,MM1 C=5:8
32.7546,uitbollen,0,"#41,YAW,0.71,GYRO,0,5,-1,ACC,1,1,252,ADC,1269,406,5,2,"
32.7546,uitbollen,0,MM0 ?D
32.7547,uitbollen,0,MM1 ?D
32.7547,uitbollen,0,MM0 D=34
32.7547,uitbollen,0,MM1 D=26
32.7754,uitbollen,0,"#42,YAW,0.71,GYRO,0,5,0,ACC,2,-1,254,ADC,1288,402,6,2,"
32.7754,uitbollen,0,MM0 ?FF
32.7754,uitbollen,0,MM1 ?FF
32.7755,uitbollen,0,MM0 FF=0
32.7755,uitbollen,0,MM1 FF=0
32.8244,uitbollen,0,"#43,YAW,0.71,GYRO,1,3,2,ACC,3,-1,250,ADC,1254,499,6,2,"
32.8244,uitbollen,0,MM0 ?P
32.8244,uitbollen,0,MM1 ?P
32.8244,uitbollen,0,MM0 P=0:0
32.8244,uitbollen,0,MM1 P=0:0
32.8244,uitbollen,0,"#44,YAW,0.71,GYRO,2,6,1,ACC,4,0,255,ADC,1263,497,7,1,"
32.8244,uitbollen,0,MM0 ?S
32.8244,uitbollen,0,MM1 ?S
32.8244,uitbollen,0,MM0 S=0:0
32.8244,uitbollen,0,MM1 S=0:0
32.8244,uitbollen,0,MM0 !M 0 0
32.8244,uitbollen,0,MM1 !M 0 0
32.8244,uitbollen,0,MM0 +
32.8244,uitbollen,0,MM1 +
32.8244,uitbollen,0,"#45,YAW,0.71,GYRO,1,8,0,ACC,3,2,251,ADC,1229,381,6,1,"
32.8245,uitbollen,0,MM0 ?T
32.8245,uitbollen,0,MM1 ?T
32.8245,uitbollen,0,MM0 T=34:33
32.8245,uitbollen,0,MM1 T=35:33
32.8453,uitbollen,0,"#46,YAW,0.71,GYRO,0,5,1,ACC,3,3,247,ADC,1267,388,8,2,"
32.8453,uitbollen,0,MM0 ?V
32.8454,uitbollen,0,MM1 ?V
32.8454,uitbollen,0,MM0 V=120:224:4902
32.8454,uitbollen,0,MM1 V=120:222:4897
32.8668,uitbollen,0,"#47,YAW,0.71,GYRO,2,4,1,ACC,1,0,251,ADC,1316,501,4,2,"
32.8668,uitbollen,0,MM0 ?CR
32.8668,uitbollen,0,MM1 ?CR
32.8668,uitbollen,0,MM0 CR=0:0
32.8668,uitbollen,0,MM1 CR=0:0
32.8872,uitbollen,0,"#48,YAW,0.71,GYRO,0,5,1,ACC,0,1,253,ADC,1208,383,5,2,"
32.8872,uitbollen,0,MM0 ?A
32.8872,uitbollen,0,MM1 ?A
32.8872,uitbollen,0,MM0 A=0:0
32.8872,uitbollen,0,MM1 A=0:0
32.9214,uitbollen,0,"$GPRMC,102944.4,A,5050.53527,N,00419.38131,E,000.12,045.4,021026,000.4,E*51"
32.9214,uitbollen,0,"#49,YAW,0.71,GYRO,1,4,1,ACC,0,-1,252,ADC,1297,504,8,2,"
32.9214,uitbollen,0,MM0 ?AI
32.9214,uitbollen,0,MM1 ?AI
32.9214,uitbollen,0,MM0 AI=0:0:2459:2478:0:0
32.9214,uitbollen,0,MM1 AI=0:0:2367:2375:0:0
32.9214,uitbollen,0,MM0 !M 0 0
32.9214,uitbollen,0,MM1 !M 0 0
32.9214,uitbollen,0,MM0 +
32.9214,uitbollen,0,MM1 +
32.9214,uitbollen,0,"#50,YAW,0.71,GYRO,1,5,2,ACC,3,-1,254,ADC,1292,312,5,2,"
32.9214,uitbollen,0,MM0 ?C
32.9214,uitbollen,0,MM1 ?C
32.9214,uitbollen,0,MM0 C=2:-1
32.9214,uitbollen,0,MM1 C=5:8
32.9423,uitbollen,0,"#51,YAW,0.71,GYRO,-1,4,1,ACC,1,0,252,ADC,1232,379,6,2,"
32.9423,uitbollen,0,MM0 ?D
32.9424,uitbollen,0,MM1 ?D
32.9424,uitbollen,0,MM0 D=34
32.9424,uitbollen,0,MM1 D=18
32.9632,uitbollen,0,"#52,YAW,0.71,GYRO,-1,4,1,ACC,1,2,254,ADC,1208,383,4,3,"
32.9632,uitbollen,0,MM1 ?FF
32.9632,uitbollen,0,MM0 ?FF
32.9632,uitbollen,0,MM1 FF=0
32.9632,uitbollen,0,MM0 FF=0
32.9843,uitbollen,0,"#53,YAW,0.71,GYRO,0,4,-1,ACC,-1,-1,252,ADC,1251,501,5,2,"
32.9843,uitbollen,0,MM0 ?P
32.9843,uitbollen,0,MM1 ?P
32.9844,uitbollen,0,MM0 P=0:0
32.9844,uitbollen,0,MM1 P=0:0
33.0185,uitbollen,0,MM0 !M 0 0
33.0186,uitbollen,0,MM1 !M 0 0
33.0186,uitbollen,0,MM0 +
33.0186,uitbollen,0,MM1 +
33.0186,uitbollen,0,"#54,YAW,0.71,GYRO,1,4,1,ACC,0,0,252,ADC,1264,334,4,2,"
33.0186,uitbollen,0,MM0 ?S
33.0186,uitbollen,0,MM1 ?S
33.0186,uitbollen,0,MM0 S=0:0
33.0186,uitbollen,0,MM1 S=0:0
33.0186,uitbollen,0,"#55,YAW,0.71,GYRO,-1,5,0,ACC,-2,0,252,ADC,1206,498,6,2,"
33.0186,uitbollen,0,MM0 ?T
33.0186,uitbollen,0,MM1 ?T
33.0394,uitbollen,0,MM0 T=34:33
33.0394,uitbollen,0,MM1 T=35:33
33.0394,uitbollen,0,"#56,YAW,0.71,GYRO,0,3,0,ACC,3,-1,252,ADC,1280,500,5,2,"
33.0394,uitbollen,0,MM0 ?V
33.0394,uitbollen,0,MM1 ?V
33.0605,uitbollen,0,MM0 V=120:223:4902
33.0605,uitbollen,0,MM1 V=120:224:4898
33.0605,uitbollen,0,"#57,YAW,0.71,GYRO,1,4,0,ACC,-1,-1,252,ADC,1254,392,5,2,"
33.0605,uitbollen,0,MM1 ?CR
33.0605,uitbollen,0,MM0 ?CR
33.0605,uitbollen,0,MM1 CR=0:0
33.0605,uitbollen,0,MM0 CR=0:0
33.0822,uitbollen,0,"#58,YAW,0.71,GYRO,0,3,1,ACC,1,-1,248,ADC,1248,499,6,2,"
33.0823,uitbollen,0,MM0 ?A
33.0823,uitbollen,0,MM1 ?A
33.0823,uitbollen,0,MM0 A=0:0
33.0823,uitbollen,0,MM1 A=0:0
33.1166,uitbollen,0,MM1 !M 0 0
33.1166,uitbollen,0,MM0 !M 0 0
33.1166,uitbollen,0,MM1 +
33.1166,uitbollen,0,MM0 +
33.1166,uitbollen,0,"$GPRMC,102944.6,A,5050.53527,N,00419.38144,E,000.15,045.4,021026,000.4,E*56"
33.1166,uitbollen,0,"#59,YAW,0.71,GYRO,1,4,0,ACC,2,0,254,ADC,1280,388,5,1,"
33.1167,uitbollen,0,MM1 ?AI
33.1167,uitbollen,0,MM0 ?AI
33.1167,uitbollen,0,MM1 AI=0:0:2369:2367:0:0
33.1167,uitbollen,0,MM0 AI=0:0:2462:2466:0:0
33.1167,uitbollen,0,"#60,YAW,0.71,GYRO,0,5,1,ACC,2,1,252,ADC,1272,387,6,2,"
33.1376,uitbollen,0,MM0 ?C
33.1376,uitbollen,0,MM1 ?C
33.1376,uitbollen,0,MM0 C=2:-1
33.1376,uitbollen,0,MM1 C=5:8
33.1376,uitbollen,0,"#61,YAW,0.71,GYRO,0,4,1,ACC,3,3,249,ADC,1298,501,6,2,"
33.1377,uitbollen,0,MM1 ?D
33.1597,uitbollen,0,MM0 ?D
33.1597,uitbollen,0,MM1 D=18
33.1597,uitbollen,0,MM0 D=34
33.1597,uitbollen,0,"#62,YAW,0.71,GYRO,0,6,-1,ACC,0,2,253,ADC,1250,502,6,1,"
33.1597,uitbollen,0,MM1 ?FF
33.1597,uitbollen,0,MM0 ?FF
33.1795,uitbollen,0,MM1 FF=0
33.1795,uitbollen,0,MM0 FF=0
33.1795,uitbollen,0,"#63,YAW,0.71,GYRO,-1,6,0,ACC,3,1,253,ADC,1261,502,6,2,"
33.1795,uitbollen,0,MM1 ?P
33.1795,uitbollen,0,MM0 ?P
33.1795,uitbollen,0,MM1 P=0:0
33.2273,uitbollen,0,MM0 P=0:0
33.2274,uitbollen,0,"#64,YAW,0.71,GYRO,0,6,1,ACC,2,3,250,ADC,1241,385,4,2,"
33.2274,uitbollen,0,MM1 ?S
33.2274,uitbollen,0,MM0 ?S
33.2274,uitbollen,0,MM1 S=0:0
33.2274,uitbollen,0,MM0 S=0:0
33.2274,uitbollen,0,MM0 !M 0 0
33.2274,uitbollen,0,MM1 !M 0 0
33.2274,uitbollen,0,MM0 +
33.2274,uitbollen,0,MM1 +
33.2274,uitbollen,0,"#65,YAW,0.71,GYRO,1,5,1,ACC,5,-1,253,ADC,1250,393,6,2,"
33.2274,uitbollen,0,MM1 ?T
33.2274,uitbollen,0,MM0 ?T
33.2274,uitbollen,0,MM1 T=35:33
33.2274,uitbollen,0,MM0 T=34:33
33.2484,uitbollen,0,"#66,YAW,0.71,GYRO,1,6,2,ACC,3,-2,256,ADC,1265,386,6,2,"
33.2485,uitbollen,0,MM1 ?V
33.2485,uitbollen,0,MM0 ?V
33.2485,uitbollen,0,MM1 V=120:223:4897
33.2485,uitbollen,0,MM0 V=120:223:4902
33.2691,uitbollen,0,"#67,YAW,0.71,GYRO,0,3,1,ACC,0,-1,251,ADC,1256,383,8,2,"
33.2692,uitbollen,0,MM1 ?CR
33.2692,uitbollen,0,MM0 ?CR
33.2692,uitbollen,0,MM1 CR=0:0
33.2692,uitbollen,0,MM0 CR=0:0
33.2907,uitbollen,0,"#68,YAW,0.71,GYRO,1,4,1,ACC,3,-1,254,ADC,1228,386,6,1,"
33.2907,uitbollen,0,MM1 ?A
33.2907,uitbollen,0,MM0 ?A
33.2907,uitbollen,0,MM1 A=0:0
33.2907,uitbollen,0,MM0 A=0:0
33.3248,uitbollen,0,"$GPRMC,102944.8,A,5050.53529,N,00419.38149,E,000.11,045.4,021026,000.4,E*5F"
33.3248,uitbollen,0,"#69,YAW,0.71,GYRO,0,4,-1,ACC,1,-1,251,ADC,1301,502,7,2,"
33.3248,uitbollen,0,MM1 ?AI
33.3248,uitbollen,0,MM0 ?AI
33.3248,uitbollen,0,MM1 AI=0:0:2369:2351:0:0
33.3248,uitbollen,0,MM0 AI=0:0:2456:2463:0:0
33.3248,uitbollen,0,MM1 !M 0 0
33.3248,uitbollen,0,MM0 !M 0 0
33.3248,uitbollen,0,MM1 +
33.3248,uitbollen,0,MM0 +
33.3248,uitbollen,0,"#70,YAW,0.71,GYRO,0,7,0,ACC,3,0,252,ADC,1276,376,5,2,"
33.3248,uitbollen,0,MM1 ?C
33.3249,uitbollen,0,MM0 ?C
33.3249,uitbollen,0,MM0 C=2:-1
33.3249,uitbollen,0,MM1 C=5:8
33.3451,uitbollen,0,"#71,YAW,0.71,GYRO,2,5,1,ACC,0,-1,251,ADC,1258,383,4,1,"
33.3452,uitbollen,0,MM1 ?D
33.3452,uitbollen,0,MM0 ?D
33.3452,uitbollen,0,MM1 D=18
33.3452,uitbollen,0,MM0 D=34
33.3664,uitbollen,0,"#72,YAW,0.71,GYRO,-1,5,1,ACC,-4,0,248,ADC,1236,409,4,1,"
33.3664,uitbollen,0,MM1 ?FF
33.3664,uitbollen,0,MM0 ?FF
33.3664,uitbollen,0,MM1 FF=0
33.3664,uitbollen,0,MM0 FF=0
33.3877,uitbollen,0,"#73,YAW,0.71,GYRO,-1,6,1,ACC,-1,0,251,ADC,1263,502,6,2,"
33.3877,uitbollen,0,MM1 ?P
33.3877,uitbollen,0,MM0 ?P
33.3877,uitbollen,0,MM1 P=0:0
33.3877,uitbollen,0,MM0 P=0:0
33.4214,uitbollen,0,"#74,YAW,0.71,GYRO,0,7,0,ACC,2,-1,253,ADC,1229,384,6,2,"
33.4214,uitbollen,0,MM0 ?S
33.4214,uitbollen,0,MM1 ?S
33.4214,uitbollen,0,MM0 S=0:0
33.4214,uitbollen,0,MM1 S=0:0
33.4214,uitbollen,0,MM1 !M 0 0
33.4214,uitbollen,0,MM0 !M 0 0
33.4215,uitbollen,0,MM1 +
33.4215,uitbollen,0,MM0 +
33.4215,uitbollen,0,"#75,YAW,0.71,GYRO,0,7,0,ACC,1,2,250,ADC,1291,384,4,2,"
33.4215,uitbollen,0,MM1 ?T
33.4215,uitbollen,0,MM0 ?T
33.4215,uitbollen,0,MM1 T=36:33
33.4215,uitbollen,0,MM0 T=34:33
33.4423,uitbollen,0,"#76,YAW,0.71,GYRO,0,5,0,ACC,2,3,256,ADC,1275,397,6,2,"
33.4424,uitbollen,0,MM1 ?V
33.4424,uitbollen,0,MM0 ?V
33.4424,uitbollen,0,MM1 V=120:222:4898
33.4424,uitbollen,0,MM0 V=120:223:4902
33.4655,uitbollen,0,"#77,YAW,0.71,GYRO,1,5,0,ACC,0,1,247,ADC,1293,500,7,1,"
33.4655,uitbollen,0,MM1 ?CR
33.4655,uitbollen,0,MM0 ?CR
33.4656,uitbollen,0,MM1 CR=0:0
33.4656,uitbollen,0,MM0 CR=0:0
33.4838,uitbollen,0,"#78,YAW,0.71,GYRO,0,5,0,ACC,3,0,255,ADC,1220,399,6,2,"
33.4839,uitbollen,0,MM1 ?A
33.4839,uitbollen,0,MM0 ?A
33.4839,uitbollen,0,MM1 A=0:0
33.4839,uitbollen,0,MM0 A=0:0
33.5175,uitbollen,0,MM1 !M 0 0
33.5176,uitbollen,0,MM0 !M 0 0
33.5176,uitbollen,0,MM1 +
33.5176,uitbollen,0,MM0 +
33.5176,uitbollen,0,"$GPRMC,102945.0,A,5050.53537,N,00419.38155,E,000.09,045.4,021026,000.4,E*5D"
33.5176,uitbollen,0,"#79,YAW,0.71,GYRO,1,3,1,ACC,3,0,253,ADC,1186,307,6,3,"
33.5176,uitbollen,0,MM1 ?AI
33.5176,uitbollen,0,MM0 ?AI
33.5176,uitbollen,0,MM1 AI=0:0:2375:2386:0:0
33.5176,uitbollen,0,MM0 AI=0:0:2470:2467:0:0
33.5176,uitbollen,0,"#80,YAW,0.71,GYRO,-1,6,1,ACC,-1,2,251,ADC,1288,502,6,2,"
33.5176,uitbollen,0,MM1 ?C
33.5385,uitbollen,0,MM0 ?C
33.5385,uitbollen,0,MM0 C=2:-1
33.5385,uitbollen,0,MM1 C=5:8
33.5385,uitbollen,0,"#81,YAW,0.71,GYRO,0,6,1,ACC,2,-1,255,ADC,1216,381,4,2,"
33.5385,uitbollen,0,MM1 ?D
33.5385,uitbollen,0,MM0 ?D
33.5595,uitbollen,0,MM1 D=18
33.5595,uitbollen,0,MM0 D=34
33.5595,uitbollen,0,"#82,YAW,0.71,GYRO,0,4,1,ACC,-1,0,250,ADC,1319,501,5,2,"
33.5595,uitbollen,0,MM1 ?FF
33.5595,uitbollen,0,MM0 ?FF
33.5595,uitbollen,0,MM1 FF=0
33.5803,uitbollen,0,MM0 FF=0
33.5803,uitbollen,0,"#83,YAW,0.71,GYRO,1,6,0,ACC,3,-1,249,ADC,1207,381,4,2,"
33.5803,uitbollen,0,MM1 ?P
33.5803,uitbollen,0,MM0 ?P
33.5804,uitbollen,0,MM1 P=0:0
33.5804,uitbollen,0,MM0 P=0:0
33.6304,uitbollen,0,"#84,YAW,0.71,GYRO,0,4,1,ACC,3,0,256,ADC,1285,388,6,1,"
33.6304,uitbollen,0,MM1 ?S
33.6304,uitbollen,0,MM0 ?S
33.6304,uitbollen,0,MM1 S=0:0
33.6304,uitbollen,0,MM0 S=0:0
33.6304,uitbollen,0,MM1 !M 0 0
33.6304,uitbollen,0,MM0 !M 0 0
33.6304,uitbollen,0,MM1 +
33.6304,uitbollen,0,MM0 +
33.6304,uitbollen,0,"#85,YAW,0.71,GYRO,1,7,3,ACC,-1,0,252,ADC,1235,381,7,1,"
33.6304,uitbollen,0,MM1 ?T
33.6304,uitbollen,0,MM0 ?T
33.6304,uitbollen,0,MM1 T=36:33
33.6304,uitbollen,0,MM0 T=34:33
33.6513,uitbollen,0,"#86,YAW,0.71,GYRO,1,6,0,ACC,3,-1,252,ADC,1259,395,6,2,"
33.6514,uitbollen,0,MM1 ?V
33.6514,uitbollen,0,MM0 ?V
33.6514,uitbollen,0,MM1 V=120:223:4896
33.6514,uitbollen,0,MM0 V=120:223:4903
33.6728,uitbollen,0,"#87,YAW,0.71,GYRO,-1,7,1,ACC,2,0,253,ADC,1299,501,5,2,"
33.6728,uitbollen,0,MM1 ?CR
33.6728,uitbollen,0,MM0 ?CR
33.6728,uitbollen,0,MM1 CR=0:0
33.6728,uitbollen,0,MM0 CR=0:0
33.6940,uitbollen,0,"#88,YAW,0.71,GYRO,1,4,0,ACC,1,-1,252,ADC,1241,502,5,2,"
33.6940,uitbollen,0,MM1 ?A
33.6940,uitbollen,0,MM0 ?A
33.6940,uitbollen,0,MM1 A=0:0
33.6940,uitbollen,0,MM0 A=0:0
33.7274,uitbollen,0,"$GPRMC,102945.2,A,5050.53544,N,00419.38157,E,000.10,045.4,021026,000.4,E*51"
33.7274,uitbollen,0,"#89,YAW,0.71,GYRO,1,5,0,ACC,1,-1,252,ADC,1278,449,3,1,"
33.7274,uitbollen,0,MM1 ?AI
33.7274,uitbollen,0,MM0 ?AI
33.7274,uitbollen,0,MM1 AI=0:0:2369:2396:0:0
33.7274,uitbollen,0,MM0 AI=0:0:2454:2455:0:0
33.7274,uitbollen,0,MM0 !M 0 0
33.7274,uitbollen,0,MM1 !M 0 0
33.7274,uitbollen,0,MM0 +
33.7274,uitbollen,0,MM1 +
33.7274,uitbollen,0,"#90,YAW,0.71,GYRO,0,3,1,ACC,2,1,255,ADC,1279,398,5,2,"
33.7275,uitbollen,0,MM1 ?C
33.7275,uitbollen,0,MM0 ?C
33.7275,uitbollen,0,MM0 C=2:-1
33.7275,uitbollen,0,MM1 C=5:8
33.7484,uitbollen,0,"#91,YAW,0.71,GYRO,2,7,1,ACC,0,0,250,ADC,1240,502,4,2,"
33.7484,uitbollen,0,MM1 ?D
33.7484,uitbollen,0,MM0 ?D
33.7484,uitbollen,0,MM1 D=18
33.7484,uitbollen,0,MM0 D=34
33.7692,uitbollen,0,"#92,YAW,0.71,GYRO,1,5,1,ACC,4,1,257,ADC,1278,502,9,1,"
33.7692,uitbollen,0,MM0 ?FF
33.7692,uitbollen,0,MM1 ?FF
33.7692,uitbollen,0,MM1 FF=0
33.7692,uitbollen,0,MM0 FF=0
33.7902,uitbollen,0,"#93,YAW,0.71,GYRO,1,5,1,ACC,0,-1,253,ADC,1213,381,6,2,"
33.7903,uitbollen,0,MM0 ?P
33.7903,uitbollen,0,MM1 ?P
33.7903,uitbollen,0,MM0 P=0:0
33.7903,uitbollen,0,MM1 P=0:0
33.8255,uitbollen,0,"#94,YAW,0.71,GYRO,-1,6,-1,ACC,0,0,252,ADC,1225,391,4,1,"
33.8255,uitbollen,0,MM0 ?S
33.8255,uitbollen,0,MM1 ?S
33.8255,uitbollen,0,MM0 S=0:0
33.8255,uitbollen,0,MM1 S=0:0
33.8255,uitbollen,0,MM1 !M 0 0
33.8255,uitbollen,0,MM0 !M 0 0
33.8255,uitbollen,0,MM1 +
33.8255,uitbollen,0,MM0 +
33.8255,uitbollen,0,"#95,YAW,0.71,GYRO,0,4,0,ACC,4,1,256,ADC,1288,502,4,1,"
33.8255,uitbollen,0,MM0 ?T
33.8256,uitbollen,0,MM1 ?T
33.8256,uitbollen,0,MM0 T=34:33
33.8256,uitbollen,0,MM1 T=35:33
33.8466,uitbollen,0,"#96,YAW,0.71,GYRO,0,7,2,ACC,3,0,253,ADC,1274,397,5,2,"
33.8466,uitbollen,0,MM0 ?V
33.8467,uitbollen,0,MM1 ?V
33.8467,uitbollen,0,MM0 V=120:224:4903
33.8467,uitbollen,0,MM1 V=120:223:4898
33.8674,uitbollen,0,"#97,YAW,0.71,GYRO,0,5,1,ACC,1,1,252,ADC,1226,383,6,2,"
33.8674,uitbollen,0,MM0 ?CR
33.8674,uitbollen,0,MM1 ?CR
33.8674,uitbollen,0,MM0 CR=0:0
33.8674,uitbollen,0,MM1 CR=0:0
33.8882,uitbollen,0,"#98,YAW,0.71,GYRO,0,5,0,ACC,4,1,253,ADC,1269,502,5,2,"
33.8882,uitbollen,0,MM0 ?A
33.8882,uitbollen,0,MM1 ?A
33.8883,uitbollen,0,MM0 A=0:0
33.8883,uitbollen,0,MM1 A=0:0
33.9245,uitbollen,0,"$GPRMC,102945.4,A,5050.53541,N,00419.38158,E,000.09,045.4,021026,000.4,E*55"
33.9246,uitbollen,0,"#99,YAW,0.71,GYRO,1,6,0,ACC,3,0,252,ADC,1234,455,7,2,"
33.9246,uitbollen,0,MM1 ?AI
33.9246,uitbollen,0,MM0 ?AI
33.9246,uitbollen,0,MM1 AI=0:0:2387:2370:0:0
33.9246,uitbollen,0,MM0 AI=0:0:2462:2480:0:0
33.9246,uitbollen,0,MM1 !M 0 0
33.9246,uitbollen,0,MM0 !M 0 0
33.9246,uitbollen,0,MM1 +
33.9246,uitbollen,0,MM0 +
33.9246,uitbollen,0,"#100,YAW,0.71,GYRO,0,6,0,ACC,0,1,255,ADC,1250,310,4,2,"
33.9246,uitbollen,0,MM0 ?C
33.9246,uitbollen,0,MM1 ?C
33.9246,uitbollen,0,MM0 C=2:-1
33.9247,uitbollen,0,MM1 C=5:8
33.9444,uitbollen,0,"#101,YAW,0.71,GYRO,0,6,1,ACC,0,0,258,ADC,1282,387,6,2,"
33.9444,uitbollen,0,MM0 ?D
33.9445,uitbollen,0,MM1 ?D
33.9445,uitbollen,0,MM0 D=34
33.9445,uitbollen,0,MM1 D=18
33.9645,uitbollen,0,"#102,YAW,0.71,GYRO,1,6,1,ACC,1,-1,258,ADC,1244,384,8,2,"
33.9645,uitbollen,0,MM0 ?FF
33.9645,uitbollen,0,MM1 ?FF
33.9645,uitbollen,0,MM0 FF=0
33.9645,uitbollen,0,MM1 FF=0
33.9853,uitbollen,0,"#103,YAW,0.71,GYRO,1,5,0,ACC,5,-1,255,ADC,1236,387,6,2,"
33.9853,uitbollen,0,MM0 ?P
33.9853,uitbollen,0,MM1 ?P
33.9853,uitbollen,0,MM0 P=0:0
33.9853,uitbollen,0,MM1 P=0:0
34.0214,uitbollen,0,"#104,YAW,0.71,GYRO,2,5,1,ACC,-1,2,250,ADC,1261,383,6,2,"
34.0215,uitbollen,0,MM0 ?S
34.0215,uitbollen,0,MM1 ?S
34.0215,uitbollen,0,MM0 S=0:0
34.0215,uitbollen,0,MM1 S=0:0
34.0215,uitbollen,0,MM0 !M 0 0
34.0215,uitbollen,0,MM0 +
34.0215,uitbollen,0,MM1 !M 0 0
34.0215,uitbollen,0,MM1 +
34.0215,uitbollen,0,"#105,YAW,0.71,GYRO,3,5,-1,ACC,-1,0,254,ADC,1289,500,5,1,"
34.0215,uitbollen,0,MM0 ?T
34.0215,uitbollen,0,MM1 ?T
34.0215,uitbollen,0,MM0 T=34:33
34.0215,uitbollen,0,MM1 T=35:33
34.0425,uitbollen,0,"#106,YAW,0.71,GYRO,-1,8,0,ACC,6,-1,257,ADC,1280,388,6,2,"
34.0426,uitbollen,0,MM0 ?V
34.0426,uitbollen,0,MM1 ?V
34.0426,uitbollen,0,MM0 V=120:223:4904
34.0426,uitbollen,0,MM1 V=120:223:4897
34.0633,uitbollen,0,"#107,YAW,0.71,GYRO,0,5,0,ACC,-1,1,254,ADC,1289,390,5,2,"
34.0633,uitbollen,0,MM0 ?CR
34.0633,uitbollen,0,MM1 ?CR
34.0633,uitbollen,0,MM0 CR=0:0
34.0633,uitbollen,0,MM1 CR=0:0
34.0843,uitbollen,0,"#108,YAW,0.71,GYRO,0,5,1,ACC,1,-1,253,ADC,1228,500,4,2,"
34.0843,uitbollen,0,MM0 ?A
34.0843,uitbollen,0,MM1 ?A
34.0843,uitbollen,0,MM0 A=0:0
34.0843,uitbollen,0,MM1 A=0:0
34.1327,uitbollen,0,"#109,YAW,0.71,GYRO,1,6,1,ACC,2,2,251,ADC,1255,382,8,2,"
34.1327,uitbollen,0,"$GPRMC,102945.6,A,5050.53530,N,00419.38157,E,000.10,045.4,021026,000.4,E*56"
34.1327,uitbollen,0,MM0 ?AI
34.1327,uitbollen,0,MM1 ?AI
34.1327,uitbollen,0,MM0 AI=0:0:2466:2475:0:0
34.1328,uitbollen,0,MM1 AI=0:0:2370:2366:0:0
34.1328,uitbollen,0,MM1 !M 0 0
34.1328,uitbollen,0,MM0 !M 0 0
34.1328,uitbollen,0,MM1 +
34.1328,uitbollen,0,MM0 +
34.1328,uitbollen,0,"#110,YAW,0.71,GYRO,2,3,0,ACC,0,-1,253,ADC,1305,310,5,2,"
34.1328,uitbollen,0,MM0 ?C
34.1328,uitbollen,0,MM1 ?C
34.1328,uitbollen,0,MM0 C=2:-1
34.1328,uitbollen,0,MM1 C=5:8
34.1545,uitbollen,0,"#111,YAW,0.71,GYRO,-1,6,1,ACC,1,2,253,ADC,1289,416,5,2,"
34.1545,uitbollen,0,MM0 ?D
34.1545,uitbollen,0,MM1 ?D
34.1545,uitbollen,0,MM0 D=34
34.1545,uitbollen,0,MM1 D=18
34.1745,uitbollen,0,"#112,YAW,0.71,GYRO,2,5,0,ACC,1,-1,251,ADC,1263,392,4,3,"
34.1746,uitbollen,0,MM0 ?FF
34.1746,uitbollen,0,MM1 ?FF
34.1746,uitbollen,0,MM0 FF=0
34.1746,uitbollen,0,MM1 FF=0
34.1954,uitbollen,0,"#113,YAW,0.71,GYRO,0,4,0,ACC,-1,0,249,ADC,1251,502,5,2,"
34.1954,uitbollen,0,MM0 ?P
34.1954,uitbollen,0,MM1 ?P
34.1954,uitbollen,0,MM0 P=0:0
34.1954,uitbollen,0,MM1 P=0:0
34.2293,uitbollen,0,"#114,YAW,0.71,GYRO,1,5,0,ACC,3,-1,255,ADC,1226,387,5,2,"
34.2293,uitbollen,0,MM0 ?S
34.2294,uitbollen,0,MM1 ?S
34.2294,uitbollen,0,MM0 S=0:0
34.2294,uitbollen,0,MM1 S=0:0
34.2294,uitbollen,0,MM1 !M 0 0
34.2294,uitbollen,0,MM0 !M 0 0
34.2294,uitbollen,0,MM0 +
34.2294,uitbollen,0,MM1 +
34.2294,uitbollen,0,"#115,YAW,0.71,GYRO,-1,4,2,ACC,2,-1,250,ADC,1230,381,6,2,"
34.2294,uitbollen,0,MM0 ?T
34.2294,uitbollen,0,MM1 ?T
34.2294,uitbollen,0,MM0 T=34:33
34.2294,uitbollen,0,MM1 T=35:33
34.2504,uitbollen,0,"#116,YAW,0.71,GYRO,2,6,-1,ACC,0,2,251,ADC,1248,500,6,2,"
34.2505,uitbollen,0,MM0 ?V
34.2505,uitbollen,0,MM1 ?V
34.2505,uitbollen,0,MM0 V=120:225:4903
34.2505,uitbollen,0,MM1 V=120:223:4897
34.2713,uitbollen,0,"#117,YAW,0.71,GYRO,1,4,0,ACC,3,0,253,ADC,1295,504,5,2,"
34.2713,uitbollen,0,MM0 ?CR
34.2713,uitbollen,0,MM1 ?CR
34.2713,uitbollen,0,MM0 CR=0:0
34.2713,uitbollen,0,MM1 CR=0:0
34.2931,uitbollen,0,"#118,YAW,0.71,GYRO,1,4,-1,ACC,2,-1,249,ADC,1256,396,5,2,"
34.2932,uitbollen,0,MM0 ?A
34.2932,uitbollen,0,MM1 ?A
34.2932,uitbollen,0,MM0 A=0:0
34.2932,uitbollen,0,MM1 A=0:0
34.3275,uitbollen,0,"$GPRMC,102945.8,A,5050.53530,N,00419.38148,E,000.15,045.4,021026,000.4,E*53"
34.3275,uitbollen,0,"#119,YAW,0.71,GYRO,1,3,2,ACC,3,-1,248,ADC,1274,503,6,1,"
34.3275,uitbollen,0,MM0 ?AI
34.3275,uitbollen,0,MM1 ?AI
34.3275,uitbollen,0,MM0 AI=0:0:2461:2472:0:0
34.3275,uitbollen,0,MM1 AI=0:0:2372:2395:0:0
34.3275,uitbollen,0,MM1 !M 0 0
34.3275,uitbollen,0,MM0 !M 0 0
34.3275,uitbollen,0,MM1 +
34.3276,uitbollen,0,MM0 +
34.3276,uitbollen,0,"#120,YAW,0.71,GYRO,1,5,1,ACC,4,-1,255,ADC,1278,383,9,1,"
34.3276,uitbollen,0,MM0 ?C
34.3276,uitbollen,0,MM1 ?C
34.3276,uitbollen,0,MM0 C=2:-1
34.3276,uitbollen,0,MM1 C=5:8
34.3484,uitbollen,0,"#121,YAW,0.71,GYRO,1,6,1,ACC,2,-1,250,ADC,1255,500,3,2,"
34.3485,uitbollen,0,MM0 ?D
34.3485,uitbollen,0,MM1 ?D
34.3485,uitbollen,0,MM0 D=34
34.3485,uitbollen,0,MM1 D=18
34.3694,uitbollen,0,"#122,YAW,0.71,GYRO,1,4,0,ACC,-1,0,255,ADC,1230,381,5,2,"
34.3694,uitbollen,0,MM0 ?FF
34.3695,uitbollen,0,MM1 ?FF
34.3695,uitbollen,0,MM0 FF=0
34.3695,uitbollen,0,MM1 FF=0
