t,fase,vermogen,regel
0.0313,rust,0,MM0 !M 0 0
0.0313,rust,0,MM1 !M 0 0
0.0313,rust,0,MM0 +
0.0313,rust,0,MM1 +
0.0313,rust,0,MM0 !EX
0.0313,rust,0,MM1 !EX
0.0313,rust,0,MM0 +
0.0313,rust,0,MM1 +
0.0313,rust,0,"#92,YAW,2.85,GYRO,-11,46,-6,ACC,2,0,253,ADC,1251,389,5,2,"
0.0313,rust,0,MM0 ?FF
0.0313,rust,0,MM1 ?FF
0.0313,rust,0,MM0 FF=16
0.0313,rust,0,MM1 FF=16
0.0314,rust,0,"#93,YAW,2.85,GYRO,-14,47,-7,ACC,4,1,260,ADC,1214,381,4,1,"
0.0314,rust,0,MM0 ?P
0.0314,rust,0,MM1 ?P
0.0314,rust,0,MM0 P=0:0
0.0314,rust,0,MM1 P=0:0
0.0314,rust,0,"#94,YAW,2.85,GYRO,-12,50,-5,ACC,5,3,257,ADC,1224,384,3,1,"
0.0314,rust,0,MM0 ?S
0.0314,rust,0,MM1 ?S
0.0314,rust,0,MM0 S=0:0
0.0314,rust,0,MM1 S=0:0
0.0314,rust,0,"#95,YAW,2.85,GYRO,-13,47,-5,ACC,5,1,256,ADC,1207,381,4,1,"
0.0314,rust,0,MM0 ?T
0.0314,rust,0,MM1 ?T
0.0314,rust,0,MM0 T=35:35
0.0314,rust,0,MM1 T=36:34
0.0314,rust,0,"#96,YAW,2.85,GYRO,-13,47,-7,ACC,5,-2,261,ADC,1238,382,5,2,"
0.0314,rust,0,MM0 ?V
0.0314,rust,0,MM1 ?V
0.0314,rust,0,MM0 V=120:224:4903
0.0314,rust,0,MM1 V=120:224:4899
0.0314,rust,0,"#97,YAW,2.85,GYRO,-13,46,-6,ACC,5,1,257,ADC,1284,391,5,2,"
0.0314,rust,0,MM0 ?CR
0.0314,rust,0,MM1 ?CR
0.0314,rust,0,MM0 CR=0:0
0.0314,rust,0,MM1 CR=0:0
0.0315,rust,0,"#98,YAW,2.85,GYRO,-13,49,-5,ACC,4,2,258,ADC,1237,498,4,2,"
0.0315,rust,0,MM0 ?A
0.0315,rust,0,MM1 ?A
0.0315,rust,0,MM0 A=0:0
0.0315,rust,0,MM1 A=0:0
0.0315,rust,0,"#99,YAW,2.85,GYRO,-12,45,-6,ACC,3,2,252,ADC,1223,382,6,2,"
0.0315,rust,0,"$GPRMC,130448.2,A,5050.50701,N,00419.38262,E,000.46,161.3,081026,000.4,E*5C"
0.0315,rust,0,MM1 ?AI
0.0315,rust,0,MM0 ?AI
0.0315,rust,0,MM1 AI=0:0:2369:2382:0:0
0.0315,rust,0,MM0 AI=0:0:2450:2449:0:0
0.0315,rust,0,"#100,YAW,2.85,GYRO,-13,47,-5,ACC,4,-1,254,ADC,1243,398,6,2,"
0.0315,rust,0,MM1 ?C
0.0315,rust,0,MM0 ?C
0.0315,rust,0,MM1 C=-816:-1215
0.0315,rust,0,MM0 C=-923:-965
0.0315,rust,0,"#101,YAW,2.85,GYRO,-15,47,-6,ACC,4,-2,264,ADC,1244,394,5,1,"
0.0316,rust,0,MM1 ?D
0.0316,rust,0,MM0 ?D
0.0316,rust,0,MM1 D=3
0.0316,rust,0,MM0 D=2
0.0316,rust,0,"#102,YAW,2.85,GYRO,-12,47,-4,ACC,3,0,254,ADC,1270,501,6,2,"
0.0316,rust,0,MM1 ?FF
0.0316,rust,0,MM0 ?FF
0.0316,rust,0,MM1 FF=16
0.0316,rust,0,MM0 FF=16
0.0316,rust,0,"#103,YAW,2.85,GYRO,-13,46,-7,ACC,5,1,260,ADC,1261,388,4,2,"
0.0316,rust,0,MM1 ?P
0.0316,rust,0,MM0 ?P
0.0316,rust,0,MM1 P=0:0
0.0316,rust,0,MM0 P=0:0
0.0316,rust,0,"#104,YAW,2.85,GYRO,-12,47,-5,ACC,5,0,261,ADC,1301,390,4,1,"
0.0316,rust,0,MM1 ?S
0.0316,rust,0,MM0 ?S
0.0316,rust,0,MM1 S=0:0
0.0316,rust,0,MM0 S=0:0
0.0316,rust,0,"#105,YAW,2.85,GYRO,-11,47,-4,ACC,3,0,261,ADC,1246,500,4,2,"
0.0316,rust,0,MM1 ?T
0.0316,rust,0,MM0 ?T
0.0316,rust,0,MM1 T=36:34
0.0316,rust,0,MM0 T=35:35
0.0316,rust,0,"#106,YAW,2.85,GYRO,-13,47,-6,ACC,3,0,260,ADC,1239,391,5,2,"
0.0316,rust,0,MM1 ?V
0.0316,rust,0,MM0 ?V
0.0316,rust,0,MM1 V=120:222:4900
0.0316,rust,0,MM0 V=120:224:4902
0.0316,rust,0,"#107,YAW,2.85,GYRO,-12,46,-5,ACC,3,1,260,ADC,1204,380,7,2,"
0.0316,rust,0,MM1 ?CR
0.0316,rust,0,MM0 ?CR
0.0316,rust,0,MM1 CR=0:0
0.0316,rust,0,MM0 CR=0:0
0.0316,rust,0,"#108,YAW,2.85,GYRO,-13,47,-6,ACC,7,0,258,ADC,1250,385,3,2,"
0.0316,rust,0,MM1 ?A
0.0316,rust,0,MM0 ?A
0.0316,rust,0,MM1 A=0:0
0.0316,rust,0,MM0 A=0:0
0.0316,rust,0,"$GPRMC,130448.4,A,5050.50702,N,00419.38265,E,000.44,161.3,081026,000.4,E*5C"
0.0316,rust,0,"#109,YAW,2.85,GYRO,-14,46,-5,ACC,2,2,256,ADC,1202,334,5,2,"
0.0316,rust,0,"MM1 ?#129,YAW,2.83,GYRO,-14,44,-6,ACC,5,1,259,ADC,1244,384,5,1,"
0.0316,rust,0,MM1 ?P
0.0316,rust,0,MM0 ?P
0.0316,rust,0,MM1 P=0:0
0.0316,rust,0,MM0 P=0:0
0.0665,rust,0,"#130,YAW,2.83,GYRO,-13,46,-5,ACC,4,1,256,ADC,1204,379,6,1,"
0.0665,rust,0,MM1 ?S
0.0665,rust,0,MM0 ?S
0.0665,rust,0,MM1 S=0:0
0.0665,rust,0,MM0 S=0:0
0.0665,rust,0,MM1 !M 0 0
0.0665,rust,0,MM0 !M 0 0
0.0665,rust,0,MM1 +
0.0665,rust,0,MM0 +
0.0665,rust,0,"#131,YAW,2.83,GYRO,-14,46,-7,ACC,5,2,254,ADC,1211,380,7,2,"
0.0665,rust,0,MM1 ?T
0.0665,rust,0,MM0 ?T
0.0665,rust,0,MM1 T=36:34
0.0665,rust,0,MM0 T=35:34
0.0864,rust,0,"#132,YAW,2.83,GYRO,-15,45,-4,ACC,3,2,257,ADC,1274,382,6,2,"
0.0864,rust,0,MM1 ?V
0.0864,rust,0,MM0 ?V
0.0864,rust,0,MM1 V=120:222:4900
0.0864,rust,0,MM0 V=120:223:4910
0.1074,rust,0,"#133,YAW,2.83,GYRO,-13,46,-5,ACC,5,3,257,ADC,1223,380,5,1,"
0.1074,rust,0,MM1 ?CR
0.1074,rust,0,MM0 ?CR
0.1074,rust,0,MM1 CR=0:0
0.1074,rust,0,MM0 CR=0:0
0.1285,rust,0,"#134,YAW,2.83,GYRO,-13,47,-5,ACC,4,1,257,ADC,1215,384,5,1,"
0.1285,rust,0,MM1 ?A
0.1285,rust,0,MM0 ?A
0.1285,rust,0,MM1 A=0:0
0.1285,rust,0,MM0 A=0:0
0.1630,rust,0,"$GPRMC,130509.4,A,5050.51290,N,00419.37832,E,000.62,161.3,081026,000.4,E*54"
0.1630,rust,0,"#135,YAW,2.83,GYRO,-13,45,-6,ACC,6,2,258,ADC,1314,316,4,1,"
0.1631,rust,0,MM0 ?AI
0.1631,rust,0,MM1 ?AI
0.1631,rust,0,MM0 AI=0:0:2450:2462:0:0
0.1631,rust,0,MM1 AI=0:0:2364:2371:0:0
0.1631,rust,0,MM0 !M 0 0
0.1631,rust,0,MM1 !M 0 0
0.1631,rust,0,MM0 +
0.1631,rust,0,MM1 +
0.1631,rust,0,"#136,YAW,2.83,GYRO,-13,45,-6,ACC,6,2,260,ADC,1215,382,6,2,"
0.1631,rust,0,MM1 ?C
0.1631,rust,0,MM0 ?C
0.1631,rust,0,MM1 C=-819:-1184
0.1631,rust,0,MM0 C=-988:-947
0.1839,rust,0,"#137,YAW,2.83,GYRO,-14,46,-6,ACC,4,1,257,ADC,1267,499,6,2,"
0.1839,rust,0,MM1 ?D
0.1839,rust,0,MM0 ?D
0.1839,rust,0,MM1 D=34
0.1839,rust,0,MM0 D=51
0.2047,rust,0,"#138,YAW,2.83,GYRO,-13,46,-6,ACC,8,6,244,ADC,1284,403,5,2,"
0.2048,rust,0,MM1 ?FF
0.2048,rust,0,MM0 ?FF
0.2048,rust,0,MM1 FF=16
0.2048,rust,0,MM0 FF=16
0.2254,rust,0,"#139,YAW,2.83,GYRO,-13,47,-5,ACC,5,0,254,ADC,1250,499,5,2,"
0.2254,rust,0,MM1 ?P
0.2254,rust,0,MM0 ?P
0.2254,rust,0,MM1 P=0:0
0.2254,rust,0,MM0 P=0:0
0.2610,rust,0,"#140,YAW,2.83,GYRO,-14,46,-6,ACC,4,4,260,ADC,1264,497,4,1,"
0.2610,rust,0,MM0 ?S
0.2610,rust,0,MM1 ?S
0.2610,rust,0,MM0 S=0:0
0.2610,rust,0,MM1 S=0:0
0.2610,rust,0,MM0 !M 0 0
0.2611,rust,0,MM1 !M 0 0
0.2611,rust,0,MM0 +
0.2611,rust,0,MM1 +
0.2611,rust,0,"#141,YAW,2.83,GYRO,-14,48,-6,ACC,4,3,255,ADC,1254,422,8,2,"
0.2611,rust,0,MM0 ?T
0.2611,rust,0,MM1 ?T
0.2611,rust,0,MM0 T=35:34
0.2611,rust,0,MM1 T=36:34
0.2814,rust,0,"#142,YAW,2.83,GYRO,-13,46,-6,ACC,5,3,257,ADC,1255,388,3,1,"
0.2815,rust,0,MM0 ?V
0.2815,rust,0,MM1 ?V
0.2815,rust,0,MM0 V=120:225:4910
0.2815,rust,0,MM1 V=120:223:4899
0.3083,rust,0,"#143,YAW,2.83,GYRO,-14,46,-5,ACC,5,1,258,ADC,1263,391,6,2,"
0.3083,rust,0,MM0 ?CR
0.3083,rust,0,MM1 ?CR
0.3083,rust,0,MM0 CR=0:0
0.3083,rust,0,MM1 CR=0:0
0.3224,rust,0,"#144,YAW,2.83,GYRO,-14,46,-7,ACC,7,0,257,ADC,1264,389,4,2,"
0.3224,rust,0,MM0 ?A
0.3224,rust,0,MM1 ?A
0.3224,rust,0,MM0 A=0:0
0.3224,rust,0,MM1 A=0:0
0.3587,rust,0,"$GPRMC,130509.6,A,5050.51297,N,00419.37825,E,000.62,161.3,081026,000.4,E*57"
0.3587,rust,0,MM0 !M 0 0
0.3587,rust,0,MM1 !M 0 0
0.3587,rust,0,MM0 +
0.3587,rust,0,MM1 +
0.3587,rust,0,"#145,YAW,2.83,GYRO,-13,47,-6,ACC,6,5,258,ADC,1278,341,4,2,"
0.3588,rust,0,MM0 ?AI
0.3588,rust,0,MM1 ?AI
0.3588,rust,0,MM0 AI=0:0:2438:2446:0:0
0.3588,rust,0,MM1 AI=0:0:2366:2363:0:0
0.3588,rust,0,"#146,YAW,2.83,GYRO,-13,47,-8,ACC,6,1,260,ADC,1264,395,5,3,"
0.3588,rust,0,MM0 ?C
0.3588,rust,0,MM1 ?C
0.3777,rust,0,MM1 C=-819:-1184
0.3777,rust,0,MM0 C=-988:-947
0.3777,rust,0,"#147,YAW,2.83,GYRO,-14,48,-6,ACC,4,2,261,ADC,1267,498,5,2,"
0.3778,rust,0,MM0 ?D
0.3778,rust,0,MM1 ?D
0.3778,rust,0,MM0 D=51
0.3984,rust,0,MM1 D=34
0.3984,rust,0,"#148,YAW,2.83,GYRO,-14,45,-5,ACC,4,0,256,ADC,1302,392,3,2,"
0.3984,rust,0,MM0 ?FF
0.3984,rust,0,MM1 ?FF
0.3984,rust,0,MM0 FF=16
0.3984,rust,0,MM1 FF=16
0.4194,rust,0,"#149,YAW,2.83,GYRO,-13,47,-4,ACC,5,2,257,ADC,1277,399,4,1,"
0.4194,rust,0,MM0 ?P
0.4194,rust,0,MM1 ?P
0.4194,rust,0,MM0 P=0:0
0.4194,rust,0,MM1 P=0:0
0.4721,rust,0,"#150,YAW,2.83,GYRO,-12,47,-5,ACC,6,-1,258,ADC,1242,381,5,1,"
0.4722,rust,0,MM0 ?S
0.4722,rust,0,MM1 ?S
0.4722,rust,0,MM0 S=0:0
0.4722,rust,0,MM1 S=0:0
0.4722,rust,0,MM0 !M 0 0
0.4722,rust,0,MM1 !M 0 0
0.4722,rust,0,MM0 +
0.4722,rust,0,MM1 +
0.4722,rust,0,"#151,YAW,2.83,GYRO,-13,45,-6,ACC,5,2,259,ADC,1222,379,5,2,"
0.4722,rust,0,MM0 ?T
0.4722,rust,0,MM1 ?T
0.4722,rust,0,MM0 T=35:34
0.4722,rust,0,MM1 T=36:34
0.4892,rust,0,"#152,YAW,2.83,GYRO,-11,45,-6,ACC,7,9,258,ADC,1267,497,5,2,"
0.4893,rust,0,MM0 ?V
0.4893,rust,0,MM1 ?V
0.4893,rust,0,MM0 V=120:224:4909
0.4893,rust,0,MM1 V=120:223:4898
0.5106,rust,0,"#153,YAW,2.83,GYRO,-14,45,-6,ACC,5,1,256,ADC,1273,501,6,2,"
0.5106,rust,0,MM0 ?CR
0.5107,rust,0,MM1 ?CR
0.5107,rust,0,MM0 CR=0:0
0.5107,rust,0,MM1 CR=0:0
0.5316,rust,0,"#154,YAW,2.83,GYRO,-15,48,-6,ACC,7,0,256,ADC,1264,391,5,1,"
0.5317,rust,0,MM0 ?A
0.5317,rust,0,MM1 ?A
0.5317,rust,0,MM0 A=0:0
0.5317,rust,0,MM1 A=0:0
0.5317,rust,0,"$GPRMC,130509.8,A,5050.51306,N,00419.37822,E,000.61,161.3,081026,000.4,E*54"
0.5665,rust,0,"#155,YAW,2.83,GYRO,-11,45,-4,ACC,5,1,260,ADC,1230,323,5,2,"
0.5665,rust,0,MM0 ?AI
0.5665,rust,0,MM1 ?AI
0.5665,rust,0,MM0 AI=0:0:2445:2461:0:0
0.5665,rust,0,MM1 AI=0:0:2359:2476:0:0
0.5665,rust,0,MM0 !M 0 0
0.5665,rust,0,MM1 !M 0 0
0.5665,rust,0,MM0 +
0.5665,rust,0,MM1 +
0.5665,rust,0,"#156,YAW,2.83,GYRO,-14,45,-5,ACC,9,0,255,ADC,1273,383,5,2,"
0.5665,rust,0,MM0 ?C
0.5665,rust,0,MM1 ?C
0.5665,rust,0,MM1 C=-819:-1184
0.5666,rust,0,MM0 C=-988:-947
0.5885,rust,0,"#157,YAW,2.83,GYRO,-14,46,-5,ACC,8,0,258,ADC,1239,403,6,2,"
0.5886,rust,0,MM0 ?D
0.5886,rust,0,MM1 ?D
0.5886,rust,0,MM0 D=51
0.5886,rust,0,MM1 D=42
0.6084,rust,0,"#158,YAW,2.83,GYRO,-14,46,-6,ACC,2,0,257,ADC,1299,501,6,1,"
0.6085,rust,0,MM0 ?FF
0.6085,rust,0,MM1 ?FF
0.6085,rust,0,MM0 FF=16
0.6085,rust,0,MM1 FF=16
0.6294,rust,0,"#159,YAW,2.83,GYRO,-14,45,-6,ACC,5,2,262,ADC,1268,500,6,2,"
0.6294,rust,0,MM0 ?P
0.6294,rust,0,MM1 ?P
0.6294,rust,0,MM0 P=0:0
0.6294,rust,0,MM1 P=0:0
0.6812,rust,0,"#160,YAW,2.83,GYRO,-13,45,-5,ACC,6,2,259,ADC,1258,386,4,1,"
0.6812,rust,0,MM0 ?S
0.6812,rust,0,MM1 ?S
0.6812,rust,0,MM0 S=0:0
0.6812,rust,0,MM1 S=0:0
0.6812,rust,0,MM0 !M 0 0
0.6812,rust,0,MM1 !M 0 0
0.6812,rust,0,MM0 +
0.6812,rust,0,MM1 +
0.6812,rust,0,"#161,YAW,2.83,GYRO,-12,44,-5,ACC,6,2,260,ADC,1219,380,5,2,"
0.6812,rust,0,MM0 ?T
0.6812,rust,0,MM1 ?T
0.6812,rust,0,MM0 T=35:34
0.6812,rust,0,MM1 T=36:34
0.6844,rust,0,"#162,YAW,2.83,GYRO,-13,45,-6,ACC,6,2,254,ADC,1292,500,4,2,"
0.6844,rust,0,MM0 ?V
0.6844,rust,0,MM1 ?V
0.6844,rust,0,MM0 V=120:225:4910
0.6844,rust,0,MM1 V=120:223:4898
0.7056,rust,0,"#163,YAW,2.83,GYRO,-14,47,-6,ACC,4,1,258,ADC,1271,395,5,2,"
0.7057,rust,0,MM0 ?CR
0.7057,rust,0,MM1 ?CR
0.7057,rust,0,MM0 CR=0:0
0.7057,rust,0,MM1 CR=0:0
0.7264,rust,0,"#164,YAW,2.83,GYRO,-15,46,-5,ACC,2,1,260,ADC,1275,383,4,2,"
0.7264,rust,0,MM0 ?A
0.7264,rust,0,MM1 ?A
0.7264,rust,0,MM0 A=0:0
0.7264,rust,0,MM1 A=0:0
0.7604,rust,0,"$GPRMC,130510.0,A,5050.51312,N,00419.37824,E,000.61,161.3,081026,000.4,E*57"
0.7605,rust,0,"#165,YAW,2.83,GYRO,-14,46,-6,ACC,5,2,258,ADC,1253,395,6,2,"
0.7605,rust,0,MM0 ?AI
0.7605,rust,0,MM1 ?AI
0.7605,rust,0,MM0 AI=0:0:2439:2465:0:0
0.7605,rust,0,MM1 AI=0:0:2381:2370:0:0
0.7605,rust,0,MM0 !M 0 0
0.7605,rust,0,MM1 !M 0 0
0.7605,rust,0,MM0 +
0.7605,rust,0,MM1 +
0.7605,rust,0,"#166,YAW,2.83,GYRO,-13,46,-5,ACC,2,3,254,ADC,1296,369,4,1,"
0.7605,rust,0,MM0 ?C
0.7605,rust,0,MM1 ?C
0.7605,rust,0,MM1 C=-819:-1184
0.7817,rust,0,MM0 C=-988:-947
0.7818,rust,0,"#167,YAW,2.83,GYRO,-13,47,-6,ACC,2,1,258,ADC,1234,385,7,2,"
0.7818,rust,0,MM1 ?D
0.7818,rust,0,MM0 ?D
0.7818,rust,0,MM0 D=51
0.7818,rust,0,MM1 D=34
0.8024,rust,0,"#168,YAW,2.83,GYRO,-14,45,-6,ACC,4,2,258,ADC,1254,397,4,1,"
0.8024,rust,0,MM0 ?FF
0.8024,rust,0,MM1 ?FF
0.8024,rust,0,MM0 FF=16
0.8024,rust,0,MM1 FF=16
0.8239,rust,0,"#169,YAW,2.83,GYRO,-11,46,-6,ACC,3,2,256,ADC,1249,385,5,1,"
0.8239,rust,0,MM0 ?P
0.8239,rust,0,MM1 ?P
0.8239,rust,0,MM0 P=0:0
0.8239,rust,0,MM1 P=0:0
0.8593,rust,0,"#170,YAW,2.83,GYRO,-13,46,-5,ACC,6,0,256,ADC,1197,382,4,2,"
0.8593,rust,0,MM0 !M 0 0
0.8593,rust,0,MM0 +
0.8593,rust,0,MM1 !M 0 0
0.8594,rust,0,MM1 +
0.8594,rust,0,MM0 ?S
0.8594,rust,0,MM1 ?S
0.8594,rust,0,MM0 S=0:0
0.8594,rust,0,MM1 S=0:0
0.8594,rust,0,"#171,YAW,2.83,GYRO,-14,46,-6,ACC,5,3,256,ADC,1256,501,6,2,"
0.8594,rust,0,MM0 ?T
0.8594,rust,0,MM1 ?T
0.8594,rust,0,MM0 T=35:34
0.8594,rust,0,MM1 T=36:34
0.8798,rust,0,"#172,YAW,2.83,GYRO,-12,46,-6,ACC,6,0,258,ADC,1257,383,5,2,"
0.8798,rust,0,MM0 ?V
0.8798,rust,0,MM1 ?V
0.8798,rust,0,MM0 V=120:221:4909
0.8798,rust,0,MM1 V=120:221:4898
0.9006,rust,0,"#173,YAW,2.83,GYRO,-13,45,-7,ACC,5,1,258,ADC,1220,381,5,1,"
0.9006,rust,0,MM0 ?CR
0.9006,rust,0,MM1 ?CR
0.9006,rust,0,MM0 CR=0:0
0.9007,rust,0,MM1 CR=0:0
0.9215,rust,0,"#174,YAW,2.83,GYRO,-14,46,-6,ACC,3,5,252,ADC,1262,501,4,1,"
0.9216,rust,0,MM0 ?A
0.9216,rust,0,MM1 ?A
0.9216,rust,0,MM0 A=0:0
0.9216,rust,0,MM1 A=0:0
0.9618,rust,0,"#175,YAW,2.83,GYRO,-14,45,-6,ACC,4,2,257,ADC,1249,388,4,2,"
0.9618,rust,0,"$GPRMC,130510.2,A,5050.51322,N,00419.37821,E,000.61,161.3,081026,000.4,E*53"
0.9618,rust,0,MM0 ?AI
0.9618,rust,0,MM1 ?AI
0.9618,rust,0,MM0 AI=0:0:2441:2445:0:0
0.9618,rust,0,MM1 AI=0:0:2384:2370:0:0
0.9619,rust,0,"#176,YAW,2.83,GYRO,-13,45,-7,ACC,3,0,255,ADC,1212,381,5,2,"
0.9619,rust,0,MM0 ?C
0.9619,rust,0,MM1 ?C
0.9785,rust,0,MM1 C=-819:-1184
0.9785,rust,0,MM0 C=-988:-947
0.9786,rust,0,MM0 !M 0 0
0.9786,rust,0,MM1 !M 0 0
0.9786,rust,0,MM0 +
0.9786,rust,0,MM1 +
0.9786,rust,0,"#177,YAW,2.83,GYRO,-13,46,-7,ACC,6,1,258,ADC,1260,382,5,1,"
0.9787,rust,0,MM0 ?D
0.9787,rust,0,MM1 ?D
0.9787,rust,0,MM0 D=51
0.9787,rust,0,MM1 D=34
0.9994,rust,0,"#178,YAW,2.83,GYRO,-12,47,-6,ACC,4,3,259,ADC,1256,385,5,2,"
0.9994,rust,0,MM0 ?FF
0.9994,rust,0,MM1 ?FF
0.9994,rust,0,MM0 FF=16
0.9994,rust,0,MM1 FF=16
1.0204,rust,0,"#179,YAW,2.83,GYRO,-13,46,-4,ACC,4,1,256,ADC,1253,497,5,2,"
1.0205,rust,0,MM0 ?P
1.0205,rust,0,MM1 ?P
1.0205,rust,0,MM0 P=0:0
1.0205,rust,0,MM1 P=0:0
1.0750,rust,0,"#180,YAW,2.83,GYRO,-13,45,-6,ACC,4,1,255,ADC,1271,501,7,2,"
1.0750,rust,0,MM0 ?S
1.0750,rust,0,MM1 ?S
1.0750,rust,0,MM0 S=0:0
1.0750,rust,0,MM1 S=0:0
1.0750,rust,0,MM0 !M 0 0
1.0750,rust,0,MM1 !M 0 0
1.0750,rust,0,MM0 +
1.0750,rust,0,MM1 +
1.0750,rust,0,"#181,YAW,2.83,GYRO,-12,46,-7,ACC,7,0,260,ADC,1292,503,4,2,"
1.0751,rust,0,MM0 ?T
1.0751,rust,0,MM1 ?T
1.0751,rust,0,MM0 T=35:34
1.0751,rust,0,MM1 T=36:34
1.0948,rust,0,"#182,YAW,2.83,GYRO,-13,46,-5,ACC,4,1,261,ADC,1218,502,4,2,"
1.0948,rust,0,MM0 ?V
1.0948,rust,0,MM1 ?V
1.0948,rust,0,MM0 V=120:225:4909
1.0948,rust,0,MM1 V=120:223:4898
1.1164,rust,0,"#183,YAW,2.83,GYRO,-13,46,-5,ACC,5,1,260,ADC,1257,400,6,2,"
1.1164,rust,0,MM0 ?CR
1.1164,rust,0,MM1 ?CR
1.1164,rust,0,MM0 CR=0:0
1.1164,rust,0,MM1 CR=0:0
1.1164,rust,0,"#184,YAW,2.83,GYRO,-14,47,-5,ACC,7,2,256,ADC,1230,391,6,1,"
1.1165,rust,0,MM0 ?A
1.1395,rust,0,MM1 ?A
1.1395,rust,0,MM0 A=0:0
1.1395,rust,0,MM1 A=0:0
1.1395,rust,0,"$GPRMC,130510.4,A,5050.51332,N,00419.37805,E,000.60,161.3,081026,000.4,E*53"
1.1772,rust,0,"#185,YAW,2.83,GYRO,-13,44,-6,ACC,9,0,254,ADC,1278,500,4,2,"
1.1773,rust,0,MM0 ?AI
1.1773,rust,0,MM1 ?AI
1.1773,rust,0,MM1 AI=0:0:2364:2357:0:0
1.1773,rust,0,MM0 AI=0:0:2440:2453:0:0
1.1773,rust,0,MM0 !M 0 0
1.1773,rust,0,MM1 !M 0 0
1.1773,rust,0,MM0 +
1.1773,rust,0,MM1 +
1.1773,rust,0,"#186,YAW,2.83,GYRO,-13,46,-5,ACC,2,2,256,ADC,1248,341,4,1,"
1.1773,rust,0,MM0 ?C
1.1773,rust,0,MM1 ?C
1.1773,rust,0,MM1 C=-819:-1184
1.1773,rust,0,MM0 C=-988:-947
1.1774,rust,0,"#187,YAW,2.83,GYRO,-14,47,-5,ACC,6,1,257,ADC,1284,500,6,1,"
1.1774,rust,0,MM0 ?D
1.1968,rust,0,MM1 ?D
1.1969,rust,0,MM0 D=51
1.1969,rust,0,MM1 D=34
1.1969,rust,0,"#188,YAW,2.83,GYRO,-13,46,-7,ACC,7,0,256,ADC,1253,502,7,2,"
1.1969,rust,0,MM0 ?FF
1.1969,rust,0,MM1 ?FF
1.2185,rust,0,MM0 FF=16
1.2186,rust,0,MM1 FF=16
1.2186,rust,0,"#189,YAW,2.83,GYRO,-12,48,-6,ACC,6,2,259,ADC,1254,386,5,1,"
1.2186,rust,0,MM0 ?P
1.2186,rust,0,MM1 ?P
1.2186,rust,0,MM0 P=0:0
1.2385,rust,0,MM1 P=0:0
1.2385,rust,0,"#190,YAW,2.83,GYRO,-12,47,-6,ACC,7,1,258,ADC,1231,385,5,2,"
1.2385,rust,0,MM0 ?S
1.2385,rust,0,MM1 ?S
1.2385,rust,0,MM0 S=0:0
1.2385,rust,0,MM1 S=0:0
1.2727,rust,0,MM0 !M 0 0
1.2728,rust,0,MM1 !M 0 0
1.2728,rust,0,MM0 +
1.2728,rust,0,MM1 +
1.2728,rust,0,"#191,YAW,2.83,GYRO,-13,45,-6,ACC,6,0,259,ADC,1246,389,4,2,"
1.2728,rust,0,MM0 ?T
1.2728,rust,0,MM1 ?T
1.2728,rust,0,MM0 T=35:34
1.2728,rust,0,MM1 T=36:34
1.2936,rust,0,"#192,YAW,2.83,GYRO,-12,45,-6,ACC,6,3,253,ADC,1225,380,4,2,"
1.2936,rust,0,MM0 ?V
1.2936,rust,0,MM1 ?V
1.2936,rust,0,MM0 V=120:224:4910
1.2936,rust,0,MM1 V=120:225:4900
1.3146,rust,0,"#193,YAW,2.83,GYRO,-12,45,-7,ACC,6,1,258,ADC,1280,395,6,2,"
1.3146,rust,0,MM0 ?CR
1.3146,rust,0,MM1 ?CR
1.3146,rust,0,MM0 CR=0:0
1.3146,rust,0,MM1 CR=0:0
1.3358,rust,0,"#194,YAW,2.83,GYRO,-11,46,-5,ACC,3,4,256,ADC,1269,385,4,2,"
1.3358,rust,0,MM0 ?A
1.3359,rust,0,MM1 ?A
1.3359,rust,0,MM0 A=0:0
1.3359,rust,0,MM1 A=0:0
1.3712,rust,0,"$GPRMC,130510.6,A,5050.51339,N,00419.37798,E,000.60,161.3,081026,000.4,E*51"
1.3713,rust,0,"#195,YAW,2.83,GYRO,-14,46,-6,ACC,4,1,256,ADC,1289,498,7,1,"
1.3713,rust,0,MM0 ?AI
1.3713,rust,0,MM1 ?AI
1.3713,rust,0,MM0 AI=0:0:2453:2453:0:0
1.3713,rust,0,MM1 AI=0:0:2365:2394:0:0
1.3713,rust,0,MM0 !M 0 0
1.3713,rust,0,MM1 !M 0 0
1.3713,rust,0,MM0 +
1.3713,rust,0,MM1 +
1.3713,rust,0,"#196,YAW,2.83,GYRO,-14,47,-6,ACC,4,1,261,ADC,1234,317,6,2,"
1.3713,rust,0,MM0 ?C
1.3713,rust,0,MM1 ?C
1.3713,rust,0,MM1 C=-819:-1184
1.3713,rust,0,MM0 C=-988:-947
1.3914,rust,0,"#197,YAW,2.83,GYRO,-13,45,-6,ACC,3,2,256,ADC,1222,385,5,2,"
1.3914,rust,0,MM0 ?D
1.3914,rust,0,MM1 ?D
1.3914,rust,0,MM0 D=51
1.3914,rust,0,MM1 D=34
1.4128,rust,0,"#198,YAW,2.83,GYRO,-13,45,-5,ACC,5,2,261,ADC,1214,500,4,1,"
1.4128,rust,0,MM0 ?FF
1.4128,rust,0,MM1 ?FF
1.4128,rust,0,MM0 FF=16
1.4128,rust,0,MM1 FF=16
1.4335,rust,0,"#199,YAW,2.83,GYRO,-14,46,-6,ACC,4,2,257,ADC,1299,502,6,2,"
1.4335,rust,0,MM0 ?P
1.4335,rust,0,MM1 ?P
1.4335,rust,0,MM0 P=0:0
1.4335,rust,0,MM1 P=0:0
1.4737,rust,0,"#200,YAW,2.83,GYRO,-12,46,-5,ACC,4,0,264,ADC,1238,401,6,2,"
1.4737,rust,0,MM0 ?S
1.4738,rust,0,MM1 ?S
1.4738,rust,0,MM0 S=0:0
1.4738,rust,0,MM1 S=0:0
1.4738,rust,0,MM0 !M 0 0
1.4738,rust,0,MM1 !M 0 0
1.4738,rust,0,MM0 +
1.4738,rust,0,MM1 +
1.4738,rust,0,"#201,YAW,2.83,GYRO,-13,48,-5,ACC,5,0,257,ADC,1237,382,6,2,"
1.4738,rust,0,MM0 ?T
1.4738,rust,0,MM1 ?T
1.4738,rust,0,MM0 T=35:34
1.4738,rust,0,MM1 T=36:34
1.4894,rust,0,"#202,YAW,2.83,GYRO,-12,48,-5,ACC,5,2,260,ADC,1279,387,5,2,"
1.4894,rust,0,MM0 ?V
1.4894,rust,0,MM1 ?V
1.4894,rust,0,MM0 V=120:224:4909
1.4894,rust,0,MM1 V=120:223:4898
1.5106,rust,0,"#203,YAW,2.83,GYRO,-13,46,-5,ACC,6,3,255,ADC,1294,500,6,2,"
1.5107,rust,0,MM0 ?CR
1.5107,rust,0,MM1 ?CR
1.5107,rust,0,MM0 CR=0:0
1.5107,rust,0,MM1 CR=0:0
1.5315,rust,0,"#204,YAW,2.83,GYRO,-13,46,-5,ACC,4,1,258,ADC,1250,381,5,1,"
1.5315,rust,0,MM0 ?A
1.5316,rust,0,MM1 ?A
1.5316,rust,0,MM0 A=0:0
1.5316,rust,0,MM1 A=0:0
1.5655,rust,0,"$GPRMC,130510.8,A,5050.51343,N,00419.37795,E,000.60,161.3,081026,000.4,E*5F"
1.5655,rust,0,"#205,YAW,2.83,GYRO,-12,46,-6,ACC,6,1,257,ADC,1232,388,4,2,"
1.5655,rust,0,MM0 ?AI
1.5655,rust,0,MM1 ?AI
1.5655,rust,0,MM0 AI=0:0:2433:2446:0:0
1.5655,rust,0,MM1 AI=0:0:2359:2349:0:0
1.5655,rust,0,MM1 !M 0 0
1.5655,rust,0,MM0 !M 0 0
1.5656,rust,0,MM1 +
1.5656,rust,0,MM0 +
1.5656,rust,0,"#206,YAW,2.83,GYRO,-13,46,-5,ACC,7,1,253,ADC,1266,329,4,1,"
1.5656,rust,0,MM0 ?C
1.5656,rust,0,MM1 ?C
1.5656,rust,0,MM1 C=-819:-1184
1.5656,rust,0,MM0 C=-988:-947
1.5866,rust,0,"#207,YAW,2.83,GYRO,-13,45,-6,ACC,6,0,259,ADC,1285,502,4,2,"
1.5867,rust,0,MM0 ?D
1.5867,rust,0,MM1 ?D
1.5867,rust,0,MM0 D=51
1.5867,rust,0,MM1 D=34
1.6074,rust,0,"#208,YAW,2.83,GYRO,-13,44,-5,ACC,5,0,253,ADC,1248,390,6,2,"
1.6074,rust,0,MM0 ?FF
1.6075,rust,0,MM1 ?FF
1.6075,rust,0,MM0 FF=16
1.6075,rust,0,MM1 FF=16
1.6283,rust,0,"#209,YAW,2.83,GYRO,-14,46,-6,ACC,5,2,256,ADC,1284,391,6,2,"
1.6284,rust,0,MM0 ?P
1.6284,rust,0,MM1 ?P
1.6284,rust,0,MM0 P=0:0
1.6284,rust,0,MM1 P=0:0
1.6649,rust,0,"#210,YAW,2.83,GYRO,-11,44,-6,ACC,6,2,256,ADC,1267,383,4,2,"
1.6649,rust,0,MM0 ?S
1.6649,rust,0,MM1 ?S
1.6649,rust,0,MM0 S=0:0
1.6649,rust,0,MM1 S=0:0
1.6649,rust,0,MM0 !M 0 0
1.6649,rust,0,MM1 !M 0 0
1.6649,rust,0,MM0 +
1.6650,rust,0,MM1 +
1.6650,rust,0,"#211,YAW,2.83,GYRO,-14,46,-6,ACC,5,1,260,ADC,1240,379,7,2,"
1.6650,rust,0,MM0 ?T
1.6650,rust,0,MM1 ?T
1.6650,rust,0,MM0 T=35:34
1.6650,rust,0,MM1 T=36:34
1.6857,rust,0,"#212,YAW,2.83,GYRO,-13,45,-5,ACC,2,1,255,ADC,1224,393,5,2,"
1.6857,rust,0,MM0 ?V
1.6857,rust,0,MM1 ?V
1.6857,rust,0,MM0 V=120:225:4910
1.6857,rust,0,MM1 V=120:225:4898
1.7062,rust,0,"#213,YAW,2.83,GYRO,-14,46,-6,ACC,6,0,258,ADC,1247,503,7,2,"
1.7062,rust,0,MM0 ?CR
1.7062,rust,0,MM1 ?CR
1.7062,rust,0,MM0 CR=0:0
1.7062,rust,0,MM1 CR=0:0
1.7275,rust,0,"#214,YAW,2.83,GYRO,-14,46,-6,ACC,6,1,257,ADC,1227,382,4,1,"
1.7275,rust,0,MM0 ?A
1.7275,rust,0,MM1 ?A
1.7275,rust,0,MM0 A=0:0
1.7275,rust,0,MM1 A=0:0
1.7809,rust,0,"$GPRMC,130511.0,A,5050.51341,N,00419.37790,E,000.59,161.3,081026,000.4,E*5B"
1.7809,rust,0,"#215,YAW,2.83,GYRO,-13,45,-5,ACC,7,1,258,ADC,1298,503,5,2,"
1.7809,rust,0,MM1 ?AI
1.7809,rust,0,MM0 ?AI
1.7809,rust,0,MM1 AI=0:0:2343:2386:0:0
1.7809,rust,0,MM0 AI=0:0:2434:2465:0:0
1.7809,rust,0,MM1 !M 0 0
1.7809,rust,0,MM0 !M 0 0
1.7809,rust,0,MM1 +
1.7809,rust,0,MM0 +
1.7809,rust,0,"#216,YAW,2.83,GYRO,-13,47,-6,ACC,3,1,256,ADC,1270,323,4,1,"
1.7809,rust,0,MM0 ?C
1.7809,rust,0,MM1 ?C
1.7810,rust,0,MM1 C=-819:-1184
1.7810,rust,0,MM0 C=-988:-947
1.7810,rust,0,"#217,YAW,2.83,GYRO,-12,45,-5,ACC,5,2,257,ADC,1239,394,5,2,"
1.7810,rust,0,MM0 ?D
1.7810,rust,0,MM1 ?D
1.7976,rust,0,MM0 D=51
1.7977,rust,0,MM1 D=34
1.7977,rust,0,"#218,YAW,2.83,GYRO,-14,45,-6,ACC,6,1,260,ADC,1253,502,5,1,"
1.7977,rust,0,MM1 ?FF
1.7977,rust,0,MM0 ?FF
1.7977,rust,0,MM1 FF=16
1.8184,rust,0,MM0 FF=16
1.8185,rust,0,"#219,YAW,2.83,GYRO,-12,46,-7,ACC,7,0,255,ADC,1285,403,7,1,"
1.8185,rust,0,MM0 ?P
1.8185,rust,0,MM1 ?P
1.8185,rust,0,MM0 P=0:0
1.8185,rust,0,MM1 P=0:0
1.8393,rust,0,"#220,YAW,2.83,GYRO,-13,45,-5,ACC,5,0,256,ADC,1251,500,5,2,"
1.8394,rust,0,MM0 ?S
1.8394,rust,0,MM1 ?S
1.8394,rust,0,MM0 S=0:0
1.8394,rust,0,MM1 S=0:0
1.8736,rust,0,MM0 !M 0 0
1.8737,rust,0,MM1 !M 0 0
1.8737,rust,0,MM0 +
1.8737,rust,0,MM1 +
1.8737,rust,0,"#221,YAW,2.83,GYRO,-14,46,-6,ACC,6,3,257,ADC,1243,383,5,1,"
1.8737,rust,0,MM0 ?T
1.8737,rust,0,MM1 ?T
1.8737,rust,0,MM0 T=35:34
1.8737,rust,0,MM1 T=36:34
1.8948,rust,0,"#222,YAW,2.83,GYRO,-14,46,-6,ACC,5,0,260,ADC,1247,408,4,1,"
1.8949,rust,0,MM0 ?V
1.8949,rust,0,MM1 ?V
1.8949,rust,0,MM0 V=120:223:4909
1.8949,rust,0,MM1 V=120:224:4898
1.9155,rust,0,"#223,YAW,2.83,GYRO,-13,46,-6,ACC,5,3,255,ADC,1297,390,6,2,"
1.9155,rust,0,MM0 ?CR
1.9155,rust,0,MM1 ?CR
1.9155,rust,0,MM0 CR=0:0
1.9155,rust,0,MM1 CR=0:0
1.9155,rust,0,"#224,YAW,2.83,GYRO,-13,47,-7,ACC,5,1,256,ADC,1243,498,6,2,"
1.9155,rust,0,MM0 ?A
1.9365,rust,0,MM1 ?A
1.9366,rust,0,MM0 A=0:0
1.9366,rust,0,MM1 A=0:0
1.9366,rust,0,"$GPRMC,130511.2,A,5050.51338,N,00419.37792,E,000.57,161.3,081026,000.4,E*5B"
1.9706,rust,0,"#225,YAW,2.83,GYRO,-13,47,-6,ACC,7,0,257,ADC,1208,379,4,1,"
1.9706,rust,0,MM0 ?AI
1.9706,rust,0,MM1 ?AI
1.9706,rust,0,MM0 AI=0:0:2454:2441:0:0
1.9706,rust,0,MM1 AI=0:0:2377:2387:0:0
1.9706,rust,0,MM0 !M 0 0
1.9706,rust,0,MM1 !M 0 0
1.9706,rust,0,MM0 +
1.9706,rust,0,MM1 +
1.9706,rust,0,"#226,YAW,2.83,GYRO,-15,46,-6,ACC,4,2,261,ADC,1282,385,4,1,"
1.9706,rust,0,MM0 ?C
1.9706,rust,0,MM1 ?C
1.9706,rust,0,MM1 C=-819:-1184
1.9707,rust,0,MM0 C=-988:-947
1.9916,rust,0,"#227,YAW,2.83,GYRO,-14,46,-5,ACC,4,1,253,ADC,1209,379,6,1,"
1.9916,rust,0,MM1 ?D
1.9916,rust,0,MM0 ?D
1.9916,rust,0,MM0 D=51
1.9916,rust,0,MM1 D=34
2.0125,rust,0,"#228,YAW,2.83,GYRO,-13,46,-6,ACC,5,3,260,ADC,1240,381,4,2,"
2.0126,rust,0,MM0 ?FF
2.0126,rust,0,MM1 ?FF
2.0126,rust,0,MM1 FF=16
2.0126,rust,0,MM0 FF=16
2.0325,rust,0,"#229,YAW,2.83,GYRO,-12,46,-5,ACC,2,1,259,ADC,1238,389,6,2,"
2.0325,rust,0,MM0 ?P
2.0325,rust,0,MM1 ?P
2.0325,rust,0,MM0 P=0:0
2.0325,rust,0,MM1 P=0:0
2.0664,rust,0,"#230,YAW,2.83,GYRO,-13,45,-5,ACC,2,3,257,ADC,1249,393,4,2,"
2.0664,rust,0,MM1 ?S
2.0664,rust,0,MM0 ?S
2.0664,rust,0,MM1 S=0:0
2.0664,rust,0,MM0 S=0:0
2.0664,rust,0,MM0 !M 0 0
2.0664,rust,0,MM1 !M 0 0
2.0664,rust,0,MM0 +
2.0664,rust,0,MM1 +
2.0664,rust,0,"#231,YAW,2.83,GYRO,-13,46,-5,ACC,4,2,255,ADC,1228,380,5,2,"
2.0664,rust,0,MM1 ?T
2.0664,rust,0,MM0 ?T
2.0665,rust,0,MM1 T=36:34
2.0666,rust,0,MM0 T=35:34
2.0880,rust,0,"#232,YAW,2.83,GYRO,-13,44,-5,ACC,3,2,260,ADC,1206,497,7,2,"
2.0880,rust,0,MM1 ?V
2.0880,rust,0,MM0 ?V
2.0880,rust,0,MM1 V=120:224:4898
2.0881,rust,0,MM0 V=120:223:4909
2.1083,rust,0,"#233,YAW,2.83,GYRO,-15,45,-5,ACC,6,0,260,ADC,1253,394,5,2,"
2.1083,rust,0,MM1 ?CR
2.1083,rust,0,MM0 ?CR
2.1083,rust,0,MM1 CR=0:0
2.1083,rust,0,MM0 CR=0:0
2.1293,rust,0,"#234,YAW,2.83,GYRO,-13,44,-6,ACC,6,0,259,ADC,1286,401,7,2,"
2.1293,rust,0,MM1 ?A
2.1293,rust,0,MM0 ?A
2.1293,rust,0,MM1 A=0:0
2.1293,rust,0,MM0 A=0:0
2.1797,rust,0,"$GPRMC,130511.4,A,5050.51337,N,00419.37789,E,000.55,161.3,081026,000.4,E*5A"
2.1797,rust,0,"#235,YAW,2.83,GYRO,-13,43,-6,ACC,5,1,256,ADC,1285,501,7,2,"
2.1797,rust,0,MM0 ?AI
2.1797,rust,0,MM1 ?AI
2.1797,rust,0,MM0 AI=0:0:2434:2447:0:0
2.1797,rust,0,MM1 AI=0:0:2350:2373:0:0
2.1797,rust,0,"#236,YAW,2.83,GYRO,-13,46,-6,ACC,5,2,256,ADC,1299,380,5,2,"
2.1797,rust,0,MM0 !M 0 0
2.1797,rust,0,MM0 +
2.1797,rust,0,MM1 !M 0 0
2.1797,rust,0,MM1 +
2.1797,rust,0,MM1 ?C
2.1797,rust,0,MM0 ?C
2.1798,rust,0,MM1 C=-819:-1184
2.1798,rust,0,MM0 C=-988:-947
2.1798,rust,0,"#237,YAW,2.83,GYRO,-13,44,-6,ACC,3,0,258,ADC,1295,501,6,2,"
2.1798,rust,0,MM1 ?D
2.1798,rust,0,MM0 ?D
2.1798,rust,0,MM1 D=34
2.1798,rust,0,MM0 D=59
2.2006,rust,0,"#238,YAW,2.83,GYRO,-12,47,-6,ACC,6,0,255,ADC,1308,404,5,2,"
2.2006,rust,0,MM1 ?FF
2.2006,rust,0,MM0 ?FF
2.2006,rust,0,MM1 FF=16
2.2006,rust,0,MM0 FF=16
2.2201,rust,0,"#239,YAW,2.83,GYRO,-12,45,-6,ACC,7,2,256,ADC,1232,384,7,2,"
2.2201,rust,0,MM1 ?P
2.2201,rust,0,MM0 ?P
2.2201,rust,0,MM1 P=0:0
2.2202,rust,0,MM0 P=0:0
2.2429,rust,0,"#240,YAW,2.83,GYRO,-13,45,-5,ACC,6,2,259,ADC,1216,384,5,2,"
2.2429,rust,0,MM1 ?S
2.2429,rust,0,MM0 ?S
2.2429,rust,0,MM1 S=0:0
2.2429,rust,0,MM0 S=0:0
2.2786,rust,0,"#241,YAW,2.83,GYRO,-14,45,-6,ACC,5,2,259,ADC,1285,386,3,1,"
2.2787,rust,0,MM0 ?T
2.2787,rust,0,MM1 ?T
2.2787,rust,0,MM1 T=36:34
2.2787,rust,0,MM0 T=35:34
2.2787,rust,0,MM1 !M 0 0
2.2787,rust,0,MM1 +
2.2787,rust,0,MM0 !M 0 0
2.2787,rust,0,MM0 +
2.2787,rust,0,"#242,YAW,2.83,GYRO,-13,45,-5,ACC,4,1,258,ADC,1303,387,5,2,"
2.2787,rust,0,MM1 ?V
2.2787,rust,0,MM0 ?V
2.2787,rust,0,MM1 V=120:223:4898
2.2994,rust,0,MM0 V=120:223:4910
2.2994,rust,0,"#243,YAW,2.83,GYRO,-13,46,-5,ACC,6,1,257,ADC,1224,381,5,2,"
2.2994,rust,0,MM1 ?CR
2.2994,rust,0,MM0 ?CR
2.2994,rust,0,MM1 CR=0:0
2.2994,rust,0,MM0 CR=0:0
2.3204,rust,0,"#244,YAW,2.83,GYRO,-13,45,-4,ACC,4,0,265,ADC,1252,388,4,2,"
2.3204,rust,0,MM1 ?A
2.3205,rust,0,MM0 ?A
2.3205,rust,0,MM1 A=0:0
2.3205,rust,0,MM0 A=0:0
2.3414,rust,0,"$GPRMC,130511.6,A,5050.51333,N,00419.37784,E,000.52,161.3,081026,000.4,E*56"
2.3757,rust,0,"#245,YAW,2.83,GYRO,-14,46,-6,ACC,4,2,257,ADC,1283,404,4,2,"
2.3758,rust,0,MM0 ?AI
2.3758,rust,0,MM1 ?AI
2.3758,rust,0,MM0 AI=0:0:2435:2450:0:0
2.3758,rust,0,MM1 AI=0:0:2352:2361:0:0
2.3758,rust,0,MM0 !M 0 0
2.3758,rust,0,MM1 !M 0 0
2.3758,rust,0,MM0 +
2.3758,rust,0,MM1 +
2.3758,rust,0,"#246,YAW,2.83,GYRO,-14,46,-4,ACC,4,-1,255,ADC,1225,284,6,1,"
2.3758,rust,0,MM1 ?C
2.3758,rust,0,MM0 ?C
2.3758,rust,0,MM1 C=-819:-1184
2.3758,rust,0,MM0 C=-988:-947
2.3759,rust,0,"#247,YAW,2.83,GYRO,-13,45,-5,ACC,7,1,257,ADC,1226,384,5,1,"
2.3759,rust,0,MM1 ?D
2.3966,rust,0,MM0 ?D
2.3967,rust,0,MM1 D=34
2.3967,rust,0,MM0 D=51
2.3967,rust,0,"#248,YAW,2.83,GYRO,-15,46,-6,ACC,7,1,260,ADC,1221,403,5,1,"
2.3967,rust,0,MM1 ?FF
2.3967,rust,0,MM0 ?FF
2.4177,rust,0,MM1 FF=16
2.4177,rust,0,MM0 FF=16
2.4177,rust,0,"#249,YAW,2.83,GYRO,-14,45,-5,ACC,6,2,259,ADC,1283,392,4,2,"
2.4177,rust,0,MM1 ?P
2.4177,rust,0,MM0 ?P
2.4177,rust,0,MM1 P=0:0
2.4382,rust,0,MM0 P=0:0
2.4382,rust,0,"#250,YAW,2.83,GYRO,-13,47,-6,ACC,6,3,260,ADC,1228,385,8,2,"
2.4383,rust,0,MM1 ?S
2.4383,rust,0,MM0 ?S
2.4383,rust,0,MM1 S=0:0
2.4383,rust,0,MM0 S=0:0
2.4726,rust,0,MM0 !M 0 0
2.4726,rust,0,MM1 !M 0 0
2.4726,rust,0,MM0 +
2.4726,rust,0,MM1 +
2.4727,rust,0,"#251,YAW,2.83,GYRO,-14,47,-5,ACC,6,1,257,ADC,1226,380,5,2,"
2.4727,rust,0,MM1 ?T
2.4727,rust,0,MM0 ?T
2.4727,rust,0,MM1 T=36:34
2.4727,rust,0,MM0 T=35:34
2.4977,rust,0,"#252,YAW,2.83,GYRO,-13,45,-7,ACC,4,2,255,ADC,1253,383,7,2,"
2.4977,rust,0,MM1 ?V
2.4977,rust,0,MM0 ?V
2.4977,rust,0,MM1 V=120:223:4898
2.4977,rust,0,MM0 V=120:225:4909
2.5146,rust,0,"#253,YAW,2.83,GYRO,-13,46,-6,ACC,3,0,254,ADC,1287,395,4,2,"
2.5146,rust,0,MM1 ?CR
2.5147,rust,0,MM0 ?CR
2.5147,rust,0,MM1 CR=0:0
2.5147,rust,0,MM0 CR=0:0
2.5355,rust,0,"#254,YAW,2.83,GYRO,-13,45,-5,ACC,8,2,256,ADC,1269,391,5,1,"
2.5355,rust,0,MM1 ?A
2.5356,rust,0,MM0 ?A
2.5356,rust,0,MM1 A=0:0
2.5356,rust,0,MM0 A=0:0
2.5695,rust,0,"$GPRMC,130511.8,A,5050.51331,N,00419.37777,E,000.49,161.3,081026,000.4,E*5C"
2.5696,rust,0,"#255,YAW,2.83,GYRO,-13,46,-6,ACC,4,2,257,ADC,1226,383,5,2,"
2.5696,rust,0,MM0 ?AI
2.5696,rust,0,MM1 ?AI
2.5696,rust,0,MM0 AI=0:0:2447:2460:0:0
2.5696,rust,0,MM1 AI=0:0:2362:2308:0:0
2.5696,rust,0,MM0 !M 0 0
2.5696,rust,0,MM1 !M 0 0
2.5696,rust,0,MM0 +
2.5696,rust,0,MM1 +
2.5696,rust,0,"#0,YAW,2.83,GYRO,-14,45,-6,ACC,5,0,255,ADC,1251,341,4,2,"
2.5696,rust,0,MM1 ?C
2.5696,rust,0,MM0 ?C
2.5696,rust,0,MM1 C=-819:-1184
2.5697,rust,0,MM0 C=-988:-947
2.5907,rust,0,"#1,YAW,2.83,GYRO,-13,44,-6,ACC,4,0,260,ADC,1235,383,4,2,"
2.5907,rust,0,MM1 ?D
2.5907,rust,0,MM0 ?D
2.5907,rust,0,MM0 D=51
2.5907,rust,0,MM1 D=34
2.6113,rust,0,"#2,YAW,2.83,GYRO,-14,46,-6,ACC,5,0,260,ADC,1270,502,4,2,"
2.6113,rust,0,MM0 ?FF
2.6113,rust,0,MM1 ?FF
2.6113,rust,0,MM0 FF=16
2.6113,rust,0,MM1 FF=16
2.6327,rust,0,"#3,YAW,2.83,GYRO,-14,45,-6,ACC,6,0,259,ADC,1281,386,3,2,"
2.6327,rust,0,MM0 ?P
2.6327,rust,0,MM1 ?P
2.6327,rust,0,MM0 P=0:0
2.6327,rust,0,MM1 P=0:0
2.6553,rust,0,"#4,YAW,2.83,GYRO,-13,47,-6,ACC,4,2,255,ADC,1217,501,5,2,"
2.6553,rust,0,MM0 ?S
2.6553,rust,0,MM1 ?S
2.6553,rust,0,MM0 S=0:0
2.6553,rust,0,MM1 S=0:0
2.6553,rust,0,"#5,YAW,2.83,GYRO,-12,46,-4,ACC,3,1,255,ADC,1240,383,5,2,"
2.6553,rust,0,MM0 ?T
2.6765,rust,0,MM1 ?T
2.6766,rust,0,MM0 T=35:34
2.6766,rust,0,MM1 T=36:34
2.6766,rust,0,"#6,YAW,2.83,GYRO,-15,44,-5,ACC,6,3,259,ADC,1251,502,6,2,"
2.6766,rust,0,MM0 ?V
2.6766,rust,0,MM1 ?V
2.7024,rust,0,MM0 V=120:224:4910
2.7024,rust,0,MM1 V=120:223:4898
2.7024,rust,0,"#7,YAW,2.83,GYRO,-13,45,-5,ACC,6,1,257,ADC,1234,395,7,2,"
2.7024,rust,0,MM0 ?CR
2.7024,rust,0,MM1 ?CR
2.7024,rust,0,MM0 CR=0:0
2.7024,rust,0,MM1 CR=0:0
2.7211,rust,0,"#8,YAW,2.83,GYRO,-13,45,-7,ACC,5,1,260,ADC,1209,386,5,2,"
2.7212,rust,0,MM0 ?A
2.7212,rust,0,MM1 ?A
2.7212,rust,0,MM0 A=0:0
2.7212,rust,0,MM1 A=0:0
2.7696,rust,0,MM0 !M 0 0
2.7696,rust,0,MM1 !M 0 0
2.7696,rust,0,MM0 +
2.7696,rust,0,MM1 +
2.7696,rust,0,"#9,YAW,2.83,GYRO,-13,45,-4,ACC,5,1,254,ADC,1318,349,5,1,"
2.7696,rust,0,MM0 ?AI
2.7696,rust,0,MM1 ?AI
2.7696,rust,0,"$GPRMC,130512.0,A,5050.51330,N,00419.37775,E,000.46,161.3,081026,000.4,E*5B"
2.7696,rust,0,MM0 AI=0:0:2459:2461:0:0
2.7696,rust,0,MM1 AI=0:0:2364:2345:0:0
2.7696,rust,0,"#10,YAW,2.83,GYRO,-13,47,-5,ACC,3,2,256,ADC,1249,400,6,2,"
2.7697,rust,0,MM0 ?C
2.7697,rust,0,MM1 ?C
2.7697,rust,0,MM1 C=-819:-1184
2.7697,rust,0,MM0 C=-988:-947
2.7905,rust,0,"#11,YAW,2.83,GYRO,-14,45,-5,ACC,2,2,255,ADC,1255,387,5,2,"
2.7906,rust,0,MM0 ?D
2.7906,rust,0,MM1 ?D
2.7906,rust,0,MM0 D=51
2.7906,rust,0,MM1 D=34
2.8115,rust,0,"#12,YAW,2.83,GYRO,-13,47,-4,ACC,4,0,258,ADC,1268,499,4,2,"
2.8116,rust,0,MM0 ?FF
2.8116,rust,0,MM1 ?FF
2.8116,rust,0,MM0 FF=16
2.8116,rust,0,MM1 FF=16
2.8325,rust,0,"#13,YAW,2.83,GYRO,-13,46,-7,ACC,6,3,257,ADC,1279,388,5,1,"
2.8325,rust,0,MM0 ?P
2.8325,rust,0,MM1 ?P
2.8325,rust,0,MM0 P=0:0
2.8325,rust,0,MM1 P=0:0
2.8805,rust,0,"#14,YAW,2.83,GYRO,-13,47,-7,ACC,4,1,253,ADC,1233,382,4,2,"
2.8805,rust,0,MM0 ?S
2.8805,rust,0,MM1 ?S
2.8805,rust,0,MM0 S=0:0
2.8805,rust,0,MM1 S=0:0
2.8805,rust,0,MM0 !M 0 0PING
2.8805,rust,0,MM1 !M 0 0PING
2.8805,rust,0,MM0 +
2.8805,rust,0,MM1 +
2.8805,rust,0,"#15,YAW,2.83,GYRO,-14,46,-6,ACC,7,2,253,ADC,1228,382,7,1,"
2.8806,rust,0,MM0 ?T
2.8806,rust,0,MM1 ?T
2.8806,rust,0,MM0 T=35:34
2.8806,rust,0,MM1 T=36:34
2.8806,rust,0,MM0 !M 0 0
2.8806,rust,0,MM1 !M 0 0
2.8807,rust,0,MM0 +
2.8807,rust,0,MM1 +
2.8807,rust,0,"#16,YAW,2.83,GYRO,-13,48,-6,ACC,4,0,255,ADC,1269,500,3,2,"
2.8807,rust,0,MM0 ?V
2.8807,rust,0,MM1 ?V
2.8807,rust,0,MM0 V=120:223:4909
2.8807,rust,0,MM1 V=120:223:4898
2.9003,rust,0,"#17,YAW,2.83,GYRO,-14,47,-6,ACC,4,1,260,ADC,1272,388,6,2,"
2.9004,rust,0,MM0 ?CR
2.9004,rust,0,MM1 ?CR
2.9004,rust,0,MM0 CR=0:0
2.9004,rust,0,MM1 CR=0:0
2.9213,rust,0,"#18,YAW,2.83,GYRO,-14,46,-5,ACC,3,1,255,ADC,1213,384,5,2,"
2.9214,rust,0,MM0 ?A
2.9214,rust,0,MM1 ?A
2.9214,rust,0,MM0 A=0:0
2.9214,rust,0,MM1 A=0:0
2.9425,rust,0,"#19,YAW,2.83,GYRO,-13,47,-5,ACC,5,2,258,ADC,1247,396,3,1,"
2.9426,rust,0,"$GPRMC,130512.2,A,5050.51328,N,00419.37762,E,000.44,161.3,081026,000.4,E*54"
2.9426,rust,0,MM0 ?AI
2.9771,rust,0,MM1 ?AI
2.9771,rust,0,MM0 AI=0:0:2457:2458:0:0
2.9771,rust,0,MM1 AI=0:0:2345:2379:0:0
2.9771,rust,0,MM0 !M 0 0
2.9771,rust,0,MM1 !M 0 0
2.9771,rust,0,MM0 +
2.9771,rust,0,MM1 +
2.9771,rust,0,"#20,YAW,2.83,GYRO,-13,46,-7,ACC,7,3,258,ADC,1211,335,6,1,"
2.9771,rust,0,MM0 ?C
2.9771,rust,0,MM1 ?C
2.9771,rust,0,MM1 C=-819:-1184
2.9771,rust,0,MM0 C=-988:-947
2.9772,rust,0,"#21,YAW,2.83,GYRO,-13,48,-5,ACC,2,0,255,ADC,1259,385,3,1,"
2.9772,rust,0,MM0 ?D
2.9772,rust,0,MM1 ?D
2.9981,rust,0,MM0 D=51
2.9981,rust,0,MM1 D=34
2.9982,rust,0,"#22,YAW,2.83,GYRO,-14,46,-5,ACC,5,0,256,ADC,1293,495,7,2,"
2.9982,rust,0,MM0 ?FF
2.9982,rust,0,MM1 ?FF
2.9982,rust,0,MM0 FF=16
3.0487,vrijgeven,0,MM1 FF=16
3.0487,vrijgeven,0,"#23,YAW,2.83,GYRO,-13,46,-6,ACC,5,2,255,ADC,1241,396,6,2,"
3.0487,vrijgeven,0,MM0 ?P
3.0487,vrijgeven,0,MM1 ?P
3.0487,vrijgeven,0,MM0 P=0:0
3.0487,vrijgeven,0,MM1 P=0:0
3.0487,vrijgeven,0,"#24,YAW,2.83,GYRO,-14,47,-6,ACC,6,1,258,ADC,1300,501,4,1,"
3.0488,vrijgeven,0,MM0 ?S
3.0488,vrijgeven,0,MM1 ?S
3.0488,vrijgeven,0,MM0 S=0:0
3.0488,vrijgeven,0,MM1 S=0:0
3.0488,vrijgeven,0,MM1 !MG
3.0605,vrijgeven,0,MM0 !MG
3.0605,vrijgeven,0,MM1 +
3.0605,vrijgeven,0,MM0 +
3.0605,vrijgeven,0,"#25,YAW,2.83,GYRO,-13,47,-5,ACC,6,1,257,ADC,1232,392,5,2,"
3.0605,vrijgeven,0,MM0 ?T
3.0605,vrijgeven,0,MM1 ?T
3.0605,vrijgeven,0,MM0 T=35:34
3.0605,vrijgeven,0,MM1 T=36:34
3.0814,vrijgeven,0,"#26,YAW,2.83,GYRO,-14,47,-5,ACC,5,1,258,ADC,1237,382,5,1,"
3.0814,vrijgeven,0,MM0 ?V
3.0814,vrijgeven,0,MM1 ?V
3.0814,vrijgeven,0,MM0 V=120:224:4910
3.0814,vrijgeven,0,MM1 V=120:224:4898
3.1023,vrijgeven,0,"#27,YAW,2.83,GYRO,-13,47,-5,ACC,6,4,258,ADC,1204,383,5,3,"
3.1024,vrijgeven,0,MM0 ?CR
3.1024,vrijgeven,0,MM1 ?CR
3.1024,vrijgeven,0,MM0 CR=0:0
3.1024,vrijgeven,0,MM1 CR=0:0
3.1354,vrijgeven,0,"#28,YAW,2.83,GYRO,-13,48,-4,ACC,5,4,258,ADC,1263,502,7,2,"
3.1354,vrijgeven,0,MM0 ?A
3.1354,vrijgeven,0,MM1 ?A
3.1354,vrijgeven,0,MM0 A=0:0
3.1354,vrijgeven,0,MM1 A=0:0
3.1455,vrijgeven,0,"#29,YAW,2.83,GYRO,-13,46,-5,ACC,7,1,258,ADC,1259,388,8,2,"
3.1455,vrijgeven,0,"$GPRMC,130512.4,A,5050.51329,N,00419.37764,E,000.42,161.3,081026,000.4,E*53"
3.1456,vrijgeven,0,MM0 ?AI
3.1456,vrijgeven,0,MM1 ?AI
3.1655,vrijgeven,0,MM0 AI=0:0:2449:2459:0:0
3.1655,vrijgeven,0,MM1 AI=0:0:2358:2358:0:0
3.1655,vrijgeven,0,MM0 !M 0 0PING
3.1655,vrijgeven,0,MM1 !M 0 0PING
3.1655,vrijgeven,0,MM0 +
3.1655,vrijgeven,0,MM1 +
3.1655,vrijgeven,0,MM0 !M 0 0
3.1655,vrijgeven,0,MM1 !M 0 0
3.1655,vrijgeven,0,MM0 +
3.1655,vrijgeven,0,MM1 +
3.1655,vrijgeven,0,"#30,YAW,2.83,GYRO,-14,46,-6,ACC,2,1,257,ADC,1251,350,4,2,"
3.1655,vrijgeven,0,MM0 ?C
3.1655,vrijgeven,0,MM1 ?C
3.1656,vrijgeven,0,MM1 C=-819:-1184
3.1656,vrijgeven,0,MM0 C=-988:-947
3.1862,vrijgeven,0,"#31,YAW,2.83,GYRO,-11,47,-7,ACC,6,3,256,ADC,1244,501,5,2,"
3.1863,vrijgeven,0,MM0 ?D
3.1863,vrijgeven,0,MM1 ?D
3.1863,vrijgeven,0,MM0 D=51
3.1863,vrijgeven,0,MM1 D=34
3.2073,vrijgeven,0,"#32,YAW,2.83,GYRO,-14,47,-5,ACC,7,2,254,ADC,1275,387,5,2,"
3.2074,vrijgeven,0,MM0 ?FF
3.2074,vrijgeven,0,MM1 ?FF
3.2074,vrijgeven,0,MM0 FF=0
3.2074,vrijgeven,0,MM1 FF=0
3.2283,vrijgeven,0,"#33,YAW,2.83,GYRO,-15,48,-6,ACC,5,2,255,ADC,1320,500,6,2,"
3.2284,vrijgeven,0,MM0 ?P
3.2284,vrijgeven,0,MM1 ?P
3.2284,vrijgeven,0,MM0 P=0:0
3.2284,vrijgeven,0,MM1 P=0:0
3.2833,vrijgeven,0,"#34,YAW,2.83,GYRO,-13,46,-6,ACC,6,0,261,ADC,1213,380,5,2,"
3.2834,vrijgeven,0,MM0 ?S
3.2834,vrijgeven,0,MM1 ?S
3.2834,vrijgeven,0,MM0 S=0:0
3.2834,vrijgeven,0,MM1 S=0:0
3.2834,vrijgeven,0,"#35,YAW,2.83,GYRO,-13,48,-5,ACC,4,1,257,ADC,1276,501,5,2,"
3.2834,vrijgeven,0,MM0 ?T
3.2834,vrijgeven,0,MM1 ?T
3.2834,vrijgeven,0,MM0 T=35:34
3.2834,vrijgeven,0,MM1 T=36:34
3.2834,vrijgeven,0,MM1 !M 0 0
3.2834,vrijgeven,0,MM0 !M 0 0
3.2834,vrijgeven,0,MM1 +
3.2834,vrijgeven,0,MM0 +
3.2834,vrijgeven,0,"#36,YAW,2.83,GYRO,-13,46,-5,ACC,6,0,257,ADC,1247,386,6,1,"
3.2834,vrijgeven,0,MM0 ?V
3.2834,vrijgeven,0,MM1 ?V
3.2834,vrijgeven,0,MM0 V=120:224:4909
3.2834,vrijgeven,0,MM1 V=120:223:4899
3.3036,vrijgeven,0,"#37,YAW,2.83,GYRO,-12,48,-6,ACC,7,1,257,ADC,1229,381,5,2,"
3.3036,vrijgeven,0,MM0 ?CR
3.3036,vrijgeven,0,MM1 ?CR
3.3036,vrijgeven,0,MM0 CR=0:0
3.3036,vrijgeven,0,MM1 CR=0:0
3.3263,vrijgeven,0,"#38,YAW,2.83,GYRO,-12,46,-6,ACC,4,0,259,ADC,1225,382,5,1,"
3.3263,vrijgeven,0,MM0 ?A
3.3263,vrijgeven,0,MM1 ?A
3.3263,vrijgeven,0,MM0 A=0:0
3.3263,vrijgeven,0,MM1 A=0:0
3.3454,vrijgeven,0,"$GPRMC,130512.6,A,5050.51328,N,00419.37760,E,000.41,161.3,081026,000.4,E*57"
3.3455,vrijgeven,0,"#39,YAW,2.83,GYRO,-13,44,-5,ACC,4,0,254,ADC,1219,385,5,2,"
3.3455,vrijgeven,0,MM1 ?AI
3.3455,vrijgeven,0,MM0 ?AI
3.3455,vrijgeven,0,MM1 AI=0:0:2355:2371:0:0
3.3820,vrijgeven,0,MM0 AI=0:0:2462:2451:0:0
3.3820,vrijgeven,0,"#40,YAW,2.83,GYRO,-15,47,-5,ACC,7,0,255,ADC,1241,386,3,3,"
3.3821,vrijgeven,0,MM0 ?C
3.3821,vrijgeven,0,MM1 ?C
3.3821,vrijgeven,0,MM0 C=-988:-947
3.3821,vrijgeven,0,MM1 C=-819:-1184
3.3822,vrijgeven,0,MM0 !M 0 0
3.3822,vrijgeven,0,MM0 +
3.3822,vrijgeven,0,MM1 !M 0 0
3.3822,vrijgeven,0,MM1 +
3.3822,vrijgeven,0,"#41,YAW,2.83,GYRO,-13,47,-3,ACC,7,3,256,ADC,1235,382,5,1,"
3.3822,vrijgeven,0,MM0 ?D
3.3822,vrijgeven,0,MM1 ?D
3.3822,vrijgeven,0,MM0 D=51
3.3822,vrijgeven,0,MM1 D=34
3.4003,vrijgeven,0,"#42,YAW,2.83,GYRO,-12,46,-6,ACC,7,1,255,ADC,1218,379,4,1,"
3.4003,vrijgeven,0,MM0 ?FF
3.4003,vrijgeven,0,MM1 ?FF
3.4003,vrijgeven,0,MM0 FF=0
3.4003,vrijgeven,0,MM1 FF=0
3.4213,vrijgeven,0,"#43,YAW,2.83,GYRO,-13,46,-5,ACC,6,0,257,ADC,1237,380,7,2,"
3.4213,vrijgeven,0,MM0 ?P
3.4213,vrijgeven,0,MM1 ?P
3.4213,vrijgeven,0,MM0 P=0:0
3.4213,vrijgeven,0,MM1 P=0:0
3.4423,vrijgeven,0,"#44,YAW,2.83,GYRO,-13,47,-7,ACC,2,1,253,ADC,1239,387,6,2,"
3.4423,vrijgeven,0,MM0 ?S
3.4423,vrijgeven,0,MM1 ?S
3.4424,vrijgeven,0,MM0 S=0:0
3.4424,vrijgeven,0,MM1 S=0:0
3.4769,vrijgeven,0,MM1 !M 0 0
3.4770,vrijgeven,0,MM0 !M 0 0
3.4770,vrijgeven,0,MM1 +
3.4770,vrijgeven,0,MM0 +
3.4770,vrijgeven,0,"#45,YAW,2.83,GYRO,-15,48,-5,ACC,4,3,260,ADC,1239,301,4,1,"
3.4770,vrijgeven,0,MM0 ?T
3.4770,vrijgeven,0,MM1 ?T
3.4770,vrijgeven,0,MM0 T=35:34
3.4770,vrijgeven,0,MM1 T=36:34
3.4770,vrijgeven,0,"#46,YAW,2.83,GYRO,-13,44,-6,ACC,5,0,254,ADC,1225,381,5,2,"
3.4770,vrijgeven,0,MM0 ?V
3.4770,vrijgeven,0,MM1 ?V
3.4973,vrijgeven,0,MM0 V=120:224:4909
3.4974,vrijgeven,0,MM1 V=120:223:4898
3.4974,vrijgeven,0,"#47,YAW,2.83,GYRO,-14,48,-5,ACC,5,3,257,ADC,1219,385,6,2,"
3.4974,vrijgeven,0,MM0 ?CR
3.4974,vrijgeven,0,MM1 ?CR
3.4974,vrijgeven,0,MM0 CR=0:0
3.5228,vrijgeven,0,MM1 CR=0:0
3.5228,vrijgeven,0,"#48,YAW,2.83,GYRO,-14,46,-6,ACC,6,0,258,ADC,1264,387,6,2,"
3.5229,vrijgeven,0,MM0 ?A
3.5229,vrijgeven,0,MM1 ?A
3.5229,vrijgeven,0,MM0 A=0:0
3.5229,vrijgeven,0,MM1 A=0:0
3.5394,vrijgeven,0,"$GPRMC,130512.8,A,5050.51328,N,00419.37761,E,000.41,161.3,081026,000.4,E*58"
3.5744,vrijgeven,0,"#49,YAW,2.83,GYRO,-14,46,-5,ACC,3,4,259,ADC,1265,387,7,1,"
3.5745,vrijgeven,0,MM1 ?AI
3.5745,vrijgeven,0,MM0 ?AI
3.5745,vrijgeven,0,MM1 AI=0:0:2364:2357:0:0
3.5745,vrijgeven,0,MM0 AI=0:0:2448:2456:0:0
3.5745,vrijgeven,0,MM1 !M 0 0
3.5745,vrijgeven,0,MM0 !M 0 0
3.5745,vrijgeven,0,MM1 +
3.5745,vrijgeven,0,MM0 +
3.5745,vrijgeven,0,"#50,YAW,2.83,GYRO,-13,47,-7,ACC,7,2,257,ADC,1207,312,6,1,"
3.5745,vrijgeven,0,MM0 ?C
3.5745,vrijgeven,0,MM1 ?C
3.5745,vrijgeven,0,MM1 C=-819:-1184
3.5747,vrijgeven,0,MM0 C=-988:-947
3.5945,vrijgeven,0,"#51,YAW,2.83,GYRO,-13,47,-6,ACC,5,0,254,ADC,1240,382,4,2,"
3.5946,vrijgeven,0,MM0 ?D
3.5946,vrijgeven,0,MM1 ?D
3.5946,vrijgeven,0,MM0 D=51
3.5946,vrijgeven,0,MM1 D=34
3.5946,vrijgeven,0,"#52,YAW,2.83,GYRO,-12,46,-6,ACC,7,1,255,ADC,1225,392,6,2,"
3.6157,vrijgeven,0,MM0 ?FF
3.6157,vrijgeven,0,MM1 ?FF
3.6157,vrijgeven,0,MM0 FF=0
3.6157,vrijgeven,0,MM1 FF=0
3.6157,vrijgeven,0,"#53,YAW,2.83,GYRO,-14,46,-5,ACC,4,1,258,ADC,1219,396,4,2,"
3.6157,vrijgeven,0,MM0 ?P
3.6366,vrijgeven,0,MM1 ?P
3.6367,vrijgeven,0,MM0 P=0:0
3.6367,vrijgeven,0,MM1 P=0:0
3.6367,vrijgeven,0,"#54,YAW,2.83,GYRO,-13,47,-6,ACC,6,1,259,ADC,1253,381,4,1,"
3.6367,vrijgeven,0,MM1 ?S
3.6367,vrijgeven,0,MM0 ?S
3.6720,vrijgeven,0,MM0 S=0:0
3.6721,vrijgeven,0,MM1 S=0:0
3.6721,vrijgeven,0,MM1 !M 0 0
3.6721,vrijgeven,0,MM0 !M 0 0
3.6721,vrijgeven,0,MM1 +
3.6721,vrijgeven,0,MM0 +
3.6721,vrijgeven,0,"#55,YAW,2.83,GYRO,-13,47,-5,ACC,2,1,258,ADC,1231,384,5,2,"
3.6721,vrijgeven,0,MM0 ?T
3.6721,vrijgeven,0,MM1 ?T
3.6721,vrijgeven,0,MM0 T=35:34
3.6721,vrijgeven,0,MM1 T=36:34
3.6916,vrijgeven,0,"#56,YAW,2.83,GYRO,-13,46,-4,ACC,4,3,256,ADC,1259,383,4,2,"
3.6916,vrijgeven,0,MM0 ?V
3.6916,vrijgeven,0,MM1 ?V
3.6916,vrijgeven,0,MM0 V=120:223:4909
3.6916,vrijgeven,0,MM1 V=120:224:4898
3.7123,vrijgeven,0,"#57,YAW,2.83,GYRO,-13,46,-6,ACC,5,1,255,ADC,1248,389,5,1,"
3.7124,vrijgeven,0,MM0 ?CR
3.7124,vrijgeven,0,MM1 ?CR
3.7124,vrijgeven,0,MM0 CR=0:0
3.7124,vrijgeven,0,MM1 CR=0:0
3.7358,vrijgeven,0,"#58,YAW,2.83,GYRO,-14,46,-7,ACC,4,1,255,ADC,1304,396,5,2,"
3.7359,vrijgeven,0,MM0 ?A
3.7359,vrijgeven,0,MM1 ?A
3.7359,vrijgeven,0,MM0 A=0:0
3.7359,vrijgeven,0,MM1 A=0:0
3.7843,vrijgeven,0,"$GPRMC,130513.0,A,5050.51327,N,00419.37757,E,000.41,161.3,081026,000.4,E*5B"
3.7843,vrijgeven,0,"#59,YAW,2.83,GYRO,-12,47,-5,ACC,6,2,258,ADC,1284,502,4,2,"
3.7843,vrijgeven,0,MM1 ?AI
3.7843,vrijgeven,0,MM0 ?AI
3.7843,vrijgeven,0,MM1 AI=0:0:2355:2347:0:0
3.7843,vrijgeven,0,MM0 AI=0:0:2436:2603:0:0
3.7843,vrijgeven,0,"#60,YAW,2.83,GYRO,-15,45,-6,ACC,4,0,256,ADC,1212,380,9,2,"
3.7843,vrijgeven,0,MM0 ?C
3.7843,vrijgeven,0,MM1 ?C
3.7843,vrijgeven,0,MM1 C=-819:-1184
3.7844,vrijgeven,0,MM0 C=-988:-947
3.7844,vrijgeven,0,MM1 !M 0 0
3.7844,vrijgeven,0,MM0 !M 0 0
3.7844,vrijgeven,0,MM1 +
3.7844,vrijgeven,0,MM0 +
3.7844,vrijgeven,0,"#61,YAW,2.83,GYRO,-12,46,-7,ACC,4,3,257,ADC,1303,501,5,2,"
3.7845,vrijgeven,0,MM0 ?D
3.7845,vrijgeven,0,MM1 ?D
3.7845,vrijgeven,0,MM0 D=51
3.7845,vrijgeven,0,MM1 D=34
3.8053,vrijgeven,0,"#62,YAW,2.83,GYRO,-13,46,-5,ACC,3,1,256,ADC,1250,387,5,2,"
3.8054,vrijgeven,0,MM0 ?FF
3.8054,vrijgeven,0,MM1 ?FF
3.8054,vrijgeven,0,MM0 FF=0
3.8054,vrijgeven,0,MM1 FF=0
3.8288,vrijgeven,0,"#63,YAW,2.83,GYRO,-14,44,-6,ACC,6,0,257,ADC,1256,400,5,2,"
3.8288,vrijgeven,0,MM0 ?P
3.8288,vrijgeven,0,MM1 ?P
3.8289,vrijgeven,0,MM0 P=0:0
3.8289,vrijgeven,0,MM1 P=0:0
3.8472,vrijgeven,0,"#64,YAW,2.83,GYRO,-13,45,-5,ACC,3,4,258,ADC,1268,385,7,2,"
3.8472,vrijgeven,0,MM0 ?S
3.8472,vrijgeven,0,MM1 ?S
3.8472,vrijgeven,0,MM0 S=0:0
3.8472,vrijgeven,0,MM1 S=0:0
3.8818,vrijgeven,0,"#65,YAW,2.83,GYRO,-12,47,-6,ACC,5,1,253,ADC,1242,396,8,2,"
3.8818,vrijgeven,0,MM0 ?T
3.8818,vrijgeven,0,MM1 ?T
3.8818,vrijgeven,0,MM0 T=35:34
3.8818,vrijgeven,0,MM1 T=36:34
3.8818,vrijgeven,0,MM0 !M 0 0
3.8818,vrijgeven,0,MM1 !M 0 0
3.8818,vrijgeven,0,MM0 +
3.8818,vrijgeven,0,MM1 +
3.8818,vrijgeven,0,"#66,YAW,2.83,GYRO,-13,47,-7,ACC,7,0,259,ADC,1198,381,6,1,"
3.8819,vrijgeven,0,MM0 ?V
3.8819,vrijgeven,0,MM1 ?V
3.8819,vrijgeven,0,MM0 V=120:223:4910
3.8819,vrijgeven,0,MM1 V=120:223:4899
3.9023,vrijgeven,0,"#67,YAW,2.83,GYRO,-13,46,-6,ACC,3,3,257,ADC,1237,383,4,1,"
3.9024,vrijgeven,0,MM0 ?CR
3.9024,vrijgeven,0,MM1 ?CR
3.9024,vrijgeven,0,MM0 CR=0:0
3.9024,vrijgeven,0,MM1 CR=0:0
3.9233,vrijgeven,0,"#68,YAW,2.83,GYRO,-14,45,-6,ACC,5,0,258,ADC,1265,383,4,2,"
3.9234,vrijgeven,0,MM0 ?A
3.9234,vrijgeven,0,MM1 ?A
3.9234,vrijgeven,0,MM0 A=0:0
3.9234,vrijgeven,0,MM1 A=0:0
3.9445,vrijgeven,0,"#69,YAW,2.83,GYRO,-14,47,-6,ACC,3,2,258,ADC,1226,389,7,2,"
3.9446,vrijgeven,0,"$GPRMC,130513.2,A,5050.51327,N,00419.37751,E,000.40,161.3,081026,000.4,E*5E"
3.9446,vrijgeven,0,MM0 ?AI
3.9446,vrijgeven,0,MM1 ?AI
3.9791,vrijgeven,0,MM0 AI=0:0:2445:2462:0:0
3.9791,vrijgeven,0,MM1 AI=0:0:2357:2357:0:0
3.9791,vrijgeven,0,"#70,YAW,2.83,GYRO,-13,46,-6,ACC,5,1,259,ADC,1239,383,7,2,"
3.9791,vrijgeven,0,MM0 ?C
3.9792,vrijgeven,0,MM1 ?C
3.9792,vrijgeven,0,MM0 C=-988:-947
3.9792,vrijgeven,0,MM1 C=-819:-1184
3.9792,vrijgeven,0,MM0 !M 0 0
3.9792,vrijgeven,0,MM1 !M 0 0
3.9792,vrijgeven,0,MM0 +
3.9792,vrijgeven,0,MM1 +
3.9792,vrijgeven,0,"#71,YAW,2.83,GYRO,-13,46,-6,ACC,6,2,257,ADC,1213,381,4,2,"
3.9793,vrijgeven,0,MM0 ?D
3.9793,vrijgeven,0,MM1 ?D
3.9793,vrijgeven,0,MM0 D=51
3.9793,vrijgeven,0,MM1 D=34
3.9992,vrijgeven,0,"#72,YAW,2.83,GYRO,-11,47,-5,ACC,6,0,256,ADC,1236,383,4,2,"
3.9993,vrijgeven,0,MM0 ?FF
3.9993,vrijgeven,0,MM1 ?FF
3.9993,vrijgeven,0,MM0 FF=0
3.9993,vrijgeven,0,MM1 FF=0
4.0203,vrijgeven,0,"#73,YAW,2.83,GYRO,-13,46,-5,ACC,5,2,260,ADC,1219,389,4,2,"
4.0203,vrijgeven,0,MM0 ?P
4.0203,vrijgeven,0,MM1 ?P
4.0204,vrijgeven,0,MM0 P=0:0
4.0204,vrijgeven,0,MM1 P=0:0
4.0441,heen,0,"#74,YAW,2.83,GYRO,-13,47,-7,ACC,5,3,256,ADC,1248,388,7,2,"
4.0441,heen,0,MM0 ?S
4.0441,heen,0,MM1 ?S
4.0441,heen,0,MM0 S=0:0
4.0441,heen,0,MM1 S=0:0
4.0786,heen,0,"#75,YAW,2.83,GYRO,-13,47,-5,ACC,5,1,253,ADC,1211,372,5,1,"
4.0786,heen,0,MM0 !M 0 0
4.0786,heen,0,MM0 +
4.0786,heen,0,MM1 !M 0 0
4.0786,heen,0,MM1 +
4.0786,heen,0,MM0 ?T
4.0786,heen,0,MM1 ?T
4.0786,heen,0,MM0 T=35:34
4.0786,heen,0,MM1 T=36:34
4.0786,heen,0,"#76,YAW,2.83,GYRO,-13,45,-7,ACC,3,4,258,ADC,1226,384,4,2,"
4.0786,heen,0,MM0 ?V
4.0786,heen,0,MM1 ?V
4.0786,heen,0,MM0 V=120:225:4909
4.1007,heen,0,MM1 V=120:223:4898
4.1007,heen,0,"#77,YAW,2.83,GYRO,-14,47,-5,ACC,3,3,255,ADC,1247,390,4,2,"
4.1007,heen,0,MM1 ?CR
4.1007,heen,0,MM0 ?CR
4.1008,heen,0,MM1 CR=0:0
4.1008,heen,0,MM0 CR=0:0
4.1360,heen,0,MM0 !M 0 0
4.1361,heen,0,MM1 !M 0 0
4.1361,heen,0,MM0 +
4.1361,heen,0,MM1 +
4.1361,heen,0,"#78,YAW,2.83,GYRO,-14,46,-5,ACC,5,0,252,ADC,1208,308,6,2,"
4.1361,heen,0,MM0 ?A
4.1361,heen,0,MM1 ?A
4.1361,heen,0,MM0 A=0:0
4.1361,heen,0,MM1 A=0:0
4.1863,heen,0,"$GPRMC,130513.4,A,5050.51326,N,00419.37740,E,000.41,161.3,081026,000.4,E*58"
4.1864,heen,0,"#79,YAW,2.83,GYRO,-12,45,-8,ACC,4,2,257,ADC,1269,403,5,2,"
4.1864,heen,0,MM0 ?AI
4.1864,heen,0,MM1 ?AI
4.1864,heen,0,MM0 AI=0:0:2434:2446:0:0
4.1864,heen,0,MM1 AI=0:0:2371:2356:0:0
4.1864,heen,0,"#80,YAW,2.83,GYRO,-13,46,-6,ACC,4,2,257,ADC,1257,411,5,2,"
4.1864,heen,0,MM0 ?C
4.1864,heen,0,MM1 ?C
4.1864,heen,0,MM1 C=-819:-1184
4.1864,heen,0,MM0 C=-988:-947
4.1865,heen,0,MM0 !M 0 0
4.1865,heen,0,MM1 !M 0 0
4.1865,heen,0,MM1 +
4.1865,heen,0,MM0 +
4.1865,heen,0,"#81,YAW,2.83,GYRO,-14,44,-6,ACC,4,1,258,ADC,1210,385,5,2,"
4.1866,heen,0,MM0 ?D
4.1866,heen,0,MM1 ?D
4.1866,heen,0,MM0 D=51
4.1866,heen,0,MM1 D=34
4.2384,heen,0,"#82,YAW,2.83,GYRO,-14,44,-5,ACC,4,1,256,ADC,1261,385,4,2,"
4.2385,heen,0,MM1 ?FF
4.2385,heen,0,MM0 ?FF
4.2385,heen,0,MM1 FF=0
4.2385,heen,0,MM0 FF=0
4.2385,heen,0,MM0 !M 0 0
4.2385,heen,0,MM1 !M 0 0
4.2385,heen,0,MM0 +
4.2385,heen,0,MM1 +
4.2385,heen,0,"#83,YAW,2.83,GYRO,-14,46,-5,ACC,4,1,257,ADC,1230,304,6,1,"
4.2385,heen,0,MM1 ?P
4.2385,heen,0,MM0 ?P
4.2385,heen,0,MM1 P=0:0
4.2385,heen,0,MM0 P=0:0
4.2385,heen,0,"#84,YAW,2.83,GYRO,-14,46,-5,ACC,6,1,260,ADC,1276,398,6,2,"
4.2385,heen,0,MM1 ?S
4.2385,heen,0,MM0 ?S
4.2863,heen,0,MM1 S=0:0
4.2863,heen,0,MM0 S=0:0
4.2863,heen,0,"#85,YAW,2.83,GYRO,-14,45,-7,ACC,6,1,256,ADC,1262,497,8,1,"
4.2864,heen,0,MM1 ?T
4.2864,heen,0,MM0 ?T
4.2864,heen,0,MM1 T=36:34
4.2864,heen,0,MM0 T=35:34
4.2864,heen,0,MM0 !M 0 0
4.2864,heen,0,MM1 !M 0 0
4.2864,heen,0,MM0 +
4.2864,heen,0,MM1 +
4.2864,heen,0,"#86,YAW,2.83,GYRO,-14,47,-6,ACC,5,1,257,ADC,1225,381,6,2,"
4.2864,heen,0,MM1 ?V
4.2864,heen,0,MM0 ?V
4.2864,heen,0,MM1 V=120:223:4899
4.2864,heen,0,MM0 V=120:224:4909
4.3407,heen,0,"#87,YAW,2.83,GYRO,-13,45,-6,ACC,7,1,257,ADC,1282,499,4,2,"
4.3409,heen,0,MM1 ?CR
4.3409,heen,0,MM0 ?CR
4.3409,heen,0,MM1 CR=0:0
4.3409,heen,0,MM0 CR=0:0
4.3409,heen,0,MM0 !M 0 0
4.3409,heen,0,MM1 !M 0 0
4.3409,heen,0,MM0 +
4.3409,heen,0,MM1 +
4.3409,heen,0,"#88,YAW,2.83,GYRO,-14,47,-4,ACC,4,1,258,ADC,1231,332,5,2,"
4.3409,heen,0,MM0 ?A
4.3410,heen,0,MM1 ?A
4.3410,heen,0,MM0 A=0:0
4.3410,heen,0,MM1 A=0:0
4.3410,heen,0,"$GPRMC,130513.6,A,5050.51326,N,00419.37730,E,000.41,161.3,081026,000.4,E*5D"
4.3756,heen,0,"#89,YAW,2.83,GYRO,-13,46,-6,ACC,7,1,253,ADC,1264,502,6,2,"
4.3756,heen,0,MM0 ?AI
4.3756,heen,0,MM1 ?AI
4.3756,heen,0,MM0 AI=0:0:2430:2472:0:0
4.3756,heen,0,MM1 AI=0:0:2351:2363:0:0
4.3756,heen,0,"#90,YAW,2.83,GYRO,-14,45,-5,ACC,5,-1,254,ADC,1301,406,4,2,"
4.3756,heen,0,MM1 ?C
4.3756,heen,0,MM0 ?C
4.3756,heen,0,MM1 C=-819:-1184
4.3757,heen,0,MM0 C=-988:-947
4.3757,heen,0,"#91,YAW,2.83,GYRO,-14,45,-5,ACC,5,1,255,ADC,1236,380,6,2,"
4.3758,heen,0,MM1 ?D
4.3905,heen,0,DOEL heen 5.0000 r=0.13360
4.3964,heen,0,MM0 ?D
4.3964,heen,0,MM1 D=34
4.3964,heen,0,MM0 D=51
4.3964,heen,0,"#92,YAW,2.83,GYRO,-13,46,-6,ACC,4,2,258,ADC,1239,503,5,2,"
4.3964,heen,0,MM0 ?FF
4.3964,heen,0,MM1 ?FF
4.4305,heen,0,MM0 FF=0
4.4305,heen,0,MM1 FF=0
4.4305,heen,0,MM0 !M 0 0PING
4.4305,heen,0,MM1 !M 0 0PING
4.4305,heen,0,MM0 +
4.4305,heen,0,MM1 +
4.4305,heen,0,MM0 !M 0 0
4.4305,heen,0,MM1 !M 0 0
4.4305,heen,0,MM0 +
4.4305,heen,0,MM1 +
4.4305,heen,0,"#93,YAW,2.83,GYRO,-14,44,-5,ACC,4,2,257,ADC,1227,499,4,2,"
4.4306,heen,0,MM1 ?P
4.4306,heen,0,MM0 ?P
4.4306,heen,0,MM1 P=0:0
4.4306,heen,0,MM0 P=0:0
4.4518,heen,8,"#94,YAW,2.83,GYRO,-15,47,-6,ACC,7,0,257,ADC,1219,381,6,2,"
4.4518,heen,8,MM0 ?S
4.4519,heen,8,MM1 ?S
4.4519,heen,8,MM0 S=0:0
4.4519,heen,8,MM1 S=0:0
4.4863,heen,8,"#95,YAW,2.83,GYRO,-14,45,-7,ACC,4,3,259,ADC,1257,387,4,2,"
4.4864,heen,8,MM1 ?T
4.4864,heen,8,MM0 ?T
4.4864,heen,8,MM0 T=35:34
4.4864,heen,8,MM1 T=36:34
4.4864,heen,8,MM0 !M 8 -8
4.4864,heen,8,MM1 !M 8 -8
4.4864,heen,8,MM0 +
4.4864,heen,8,MM1 +
4.4864,heen,8,"#96,YAW,2.83,GYRO,-13,46,-6,ACC,6,2,259,ADC,1215,385,4,1,"
4.4864,heen,8,MM0 ?V
4.4864,heen,8,MM1 ?V
4.4864,heen,8,MM1 V=120:224:4899
4.4864,heen,8,MM0 V=120:223:4909
4.5073,heen,16,"#97,YAW,2.83,GYRO,-13,46,-6,ACC,5,-2,255,ADC,1222,385,7,1,"
4.5073,heen,16,MM1 ?CR
4.5073,heen,16,MM0 ?CR
4.5073,heen,16,MM1 CR=0:0
4.5073,heen,16,MM0 CR=0:0
4.5456,heen,25,"#98,YAW,2.83,GYRO,-13,46,-5,ACC,6,1,259,ADC,1229,387,4,1,"
4.5456,heen,25,MM1 ?A
4.5457,heen,25,MM0 ?A
4.5457,heen,25,MM1 A=0:0
4.5457,heen,25,MM0 A=0:0
4.5457,heen,25,MM0 !M 16 -16
4.5457,heen,25,MM1 !M 16 -16
4.5457,heen,25,MM0 +
4.5457,heen,25,MM1 +
4.5457,heen,25,"#99,YAW,2.83,GYRO,-11,45,-5,ACC,5,0,257,ADC,1223,381,4,1,"
4.5457,heen,25,"$GPRMC,130513.8,A,5050.51327,N,00419.37717,E,000.41,161.3,081026,000.4,E*57"
4.5457,heen,25,MM0 ?AI
4.5794,heen,25,MM1 ?AI
4.5794,heen,25,MM0 AI=0:0:2440:2453:0:0
4.5794,heen,25,MM1 AI=0:0:2377:2356:0:0
4.5794,heen,25,"#100,YAW,2.83,GYRO,-13,45,-5,ACC,8,2,255,ADC,1215,498,7,2,"
4.5795,heen,25,MM0 ?C
4.5795,heen,25,MM1 ?C
4.5795,heen,25,MM0 C=-988:-947
4.5795,heen,25,MM1 C=-818:-1184
4.5796,heen,25,MM0 !M 25 -25
4.5796,heen,25,MM0 +
4.5796,heen,25,MM1 !M 25 -25
4.5796,heen,25,MM1 +
4.5796,heen,25,"#101,YAW,2.83,GYRO,-12,44,-5,ACC,1,14,261,ADC,1234,383,7,1,"
4.5796,heen,25,MM0 ?D
4.5796,heen,25,MM1 ?D
4.5796,heen,25,MM0 D=59
4.5796,heen,25,MM1 D=32
4.6003,heen,33,"#102,YAW,2.83,GYRO,-11,46,-8,ACC,3,-4,252,ADC,1264,391,4,1,"
4.6003,heen,33,MM0 ?FF
4.6003,heen,33,MM1 ?FF
4.6004,heen,33,MM0 FF=0
4.6004,heen,33,MM1 FF=0
4.6367,heen,33,MM0 !M 33 -33
4.6367,heen,33,MM1 !M 33 -33
4.6368,heen,33,MM0 +
4.6368,heen,33,MM1 +
4.6368,heen,33,"#103,YAW,2.83,GYRO,-14,53,-11,ACC,6,1,263,ADC,1224,374,4,2,"
4.6368,heen,33,MM0 ?P
4.6368,heen,33,MM1 ?P
4.6368,heen,33,MM0 P=33:-33
4.6368,heen,33,MM1 P=33:-33
4.6368,heen,33,"#104,YAW,2.83,GYRO,-15,37,-5,ACC,6,3,257,ADC,1203,380,5,2,"
4.6368,heen,33,MM0 ?S
4.6369,heen,33,MM1 ?S
4.6579,heen,42,MM0 S=0:0
4.6580,heen,42,MM1 S=0:0
4.6580,heen,42,"#105,YAW,2.83,GYRO,-10,50,-1,ACC,7,3,256,ADC,1197,381,5,2,"
4.6580,heen,42,MM0 ?T
4.6580,heen,42,MM1 ?T
4.6580,heen,42,MM0 T=35:34
4.6925,heen,42,MM1 T=36:34
4.6925,heen,42,MM0 !M 42 -42
4.6925,heen,42,MM1 !M 42 -42
4.6925,heen,42,MM0 +
4.6925,heen,42,MM1 +
4.6925,heen,42,"#106,YAW,2.83,GYRO,-12,45,2,ACC,4,3,250,ADC,1203,384,6,1,"
4.6926,heen,42,MM0 ?V
4.6926,heen,42,MM1 ?V
4.6926,heen,42,MM0 V=120:223:4909
4.6926,heen,42,MM1 V=120:223:4898
4.7417,heen,50,"#107,YAW,2.83,GYRO,-13,30,1,ACC,22,10,282,ADC,1256,499,6,2,"
4.7417,heen,50,MM0 ?CR
4.7417,heen,50,MM1 ?CR
4.7417,heen,50,MM0 CR=1:-2
4.7417,heen,50,MM1 CR=2:0
4.7417,heen,50,"#108,YAW,2.83,GYRO,-10,56,11,ACC,10,1,260,ADC,1302,392,5,2,"
4.7418,heen,50,MM0 ?A
4.7418,heen,50,MM1 ?A
4.7418,heen,50,MM0 A=0:0
4.7418,heen,50,MM1 A=0:0
4.7418,heen,50,MM0 !M 50 -50
4.7418,heen,50,MM1 !M 50 -50
4.7418,heen,50,MM1 +
4.7418,heen,50,MM0 +
4.7418,heen,50,"#109,YAW,2.83,GYRO,-15,31,2,ACC,21,0,256,ADC,1202,386,6,2,"
4.7418,heen,50,"$GPRMC,130514.0,A,5050.51329,N,00419.37717,E,000.41,161.3,081026,000.4,E*56"
4.7629,heen,58,MM0 ?AI
4.7629,heen,58,MM1 ?AI
4.7629,heen,58,MM1 AI=0:0:2347:2378:0:0
4.7629,heen,58,MM0 AI=0:0:2436:2439:0:0
4.7629,heen,58,"#110,YAW,2.83,GYRO,-13,49,-20,ACC,22,0,256,ADC,1243,388,7,2,"
4.7629,heen,58,MM0 ?C
4.7629,heen,58,MM1 ?C
4.7629,heen,58,MM1 C=-816:-1185
4.7630,heen,58,MM0 C=-986:-949
4.7981,heen,67,"#111,YAW,2.83,GYRO,-12,56,-35,ACC,16,1,250,ADC,1230,384,6,1,"
4.7981,heen,67,MM0 !M 58 -58
4.7981,heen,67,MM0 +
4.7981,heen,67,MM1 !M 58 -58
4.7981,heen,67,MM1 +
4.7981,heen,67,MM0 ?D
4.7981,heen,67,MM1 ?D
4.7981,heen,67,MM0 D=32
4.7981,heen,67,MM1 D=51
4.7981,heen,67,"#112,YAW,2.83,GYRO,-8,39,-7,ACC,13,1,258,ADC,1265,500,5,2,"
4.7981,heen,67,MM1 ?FF
4.7981,heen,67,MM0 ?FF
4.7981,heen,67,MM1 FF=0
4.8389,heen,67,MM0 FF=0
4.8389,heen,67,"#113,YAW,2.83,GYRO,-12,57,15,ACC,13,1,264,ADC,1274,398,5,2,"
4.8389,heen,67,MM0 ?P
4.8389,heen,67,MM1 ?P
4.8389,heen,67,MM0 P=58:-58
4.8389,heen,67,MM1 P=58:-58
4.8389,heen,67,MM0 !M 67 -67
4.8389,heen,67,MM1 !M 67 -67
4.8389,heen,67,MM0 +
4.8390,heen,67,MM1 +
4.8390,heen,67,"#114,YAW,2.83,GYRO,-10,37,8,ACC,22,0,254,ADC,1252,502,5,2,"
4.8390,heen,67,MM1 ?S
4.8390,heen,67,MM0 ?S
4.8390,heen,67,MM0 S=75:0
4.8390,heen,67,MM1 S=0:0
4.8612,heen,75,"#115,YAW,2.83,GYRO,-13,60,-11,ACC,14,0,255,ADC,1247,382,5,2,"
4.8613,heen,75,MM0 ?T
4.8613,heen,75,MM1 ?T
4.8613,heen,75,MM0 T=35:34
4.8613,heen,75,MM1 T=36:34
4.8975,heen,84,"#116,YAW,2.83,GYRO,-3,70,-10,ACC,8,1,271,ADC,1232,501,6,2,"
4.8976,heen,84,MM0 !M 75 -75
4.8976,heen,84,MM0 +
4.8976,heen,84,MM1 !M 75 -75
4.8976,heen,84,MM1 +
4.8976,heen,84,MM0 ?V
4.8976,heen,84,MM1 ?V
4.8976,heen,84,MM0 V=120:223:4907
4.8976,heen,84,MM1 V=120:224:4899
4.8976,heen,84,"#117,YAW,2.83,GYRO,-8,12,-20,ACC,22,1,254,ADC,1236,384,5,2,"
4.8976,heen,84,MM0 ?CR
4.8976,heen,84,MM1 ?CR
4.8976,heen,84,MM0 CR=4:-4
4.9316,heen,84,MM1 CR=4:-5
4.9316,heen,84,MM0 !M 84 -84
4.9316,heen,84,MM1 !M 84 -84
4.9316,heen,84,MM0 +
4.9316,heen,84,MM1 +
4.9316,heen,84,"#118,YAW,2.83,GYRO,-9,86,-20,ACC,1,1,259,ADC,1267,499,7,2,"
4.9316,heen,84,MM0 ?A
4.9316,heen,84,MM1 ?A
4.9316,heen,84,MM0 A=0:-4
4.9316,heen,84,MM1 A=5:0
4.9551,heen,92,"#119,YAW,2.83,GYRO,-1,24,-11,ACC,25,0,261,ADC,1229,382,5,1,"
4.9552,heen,92,"$GPRMC,130514.2,A,5050.51327,N,00419.37718,E,000.41,161.3,081026,000.4,E*55"
4.9552,heen,92,MM0 ?AI
4.9552,heen,92,MM1 ?AI
4.9552,heen,92,MM0 AI=0:0:2420:2450:0:0
4.9552,heen,92,MM1 AI=0:0:2375:2373:0:0
4.9893,heen,92,"#120,YAW,2.83,GYRO,-21,58,-12,ACC,-1,6,250,ADC,1231,382,4,2,"
4.9894,heen,92,MM0 ?C
4.9894,heen,92,MM1 ?C
4.9894,heen,92,MM1 C=-810:-1191
4.9894,heen,92,MM0 C=-980:-955
4.9895,heen,92,MM0 !M 92 -92
4.9895,heen,92,MM1 !M 92 -92
4.9895,heen,92,MM0 +
4.9895,heen,92,MM1 +
4.9895,heen,92,"#121,YAW,2.83,GYRO,2,52,0,ACC,20,1,271,ADC,1239,411,7,2,"
4.9895,heen,92,MM0 ?D
4.9895,heen,92,MM1 ?D
4.9895,heen,92,MM0 D=18
4.9895,heen,92,MM1 D=33
5.0105,heen,101,"#122,YAW,2.83,GYRO,-25,30,-5,ACC,11,2,243,ADC,1230,384,5,3,"
5.0106,heen,101,MM0 ?FF
5.0106,heen,101,MM1 ?FF
5.0106,heen,101,MM0 FF=0
5.0106,heen,101,MM1 FF=0
5.0446,heen,101,"#123,YAW,2.83,GYRO,-2,38,-12,ACC,14,3,264,ADC,1217,381,5,2,"
5.0447,heen,101,MM0 ?P
5.0447,heen,101,MM1 ?P
5.0447,heen,101,MM0 P=92:-92
5.0447,heen,101,MM1 P=92:-92
5.0447,heen,101,MM1 !M 101 -101
5.0447,heen,101,MM0 !M 101 -101
5.0447,heen,101,MM1 +
5.0447,heen,101,MM0 +
5.0447,heen,101,"#124,YAW,2.83,GYRO,-18,71,-18,ACC,26,1,259,ADC,1235,392,4,2,"
5.0447,heen,101,MM0 ?S
5.0447,heen,101,MM1 ?S
5.0447,heen,101,MM0 S=75:0
5.0447,heen,101,MM1 S=75:0
5.0947,heen,109,"#125,YAW,2.83,GYRO,-16,68,-33,ACC,0,1,243,ADC,1237,402,3,2,"
5.0948,heen,109,MM0 ?T
5.0948,heen,109,MM1 ?T
5.0948,heen,109,MM0 T=34:34
5.0948,heen,109,MM1 T=36:34
5.0948,heen,109,MM1 !M 109 -109
5.0948,heen,109,MM0 !M 109 -109
5.0948,heen,109,MM1 +
5.0948,heen,109,MM0 +
5.0948,heen,109,"#126,YAW,2.83,GYRO,-17,9,-32,ACC,24,4,264,ADC,1270,327,5,2,"
5.0948,heen,109,MM0 ?V
5.0948,heen,109,MM1 ?V
5.0948,heen,109,MM0 V=120:221:4905
5.0948,heen,109,MM1 V=120:223:4899
5.1462,heen,117,"#127,YAW,2.83,GYRO,-35,18,-22,ACC,29,4,255,ADC,1277,499,8,2,"
5.1462,heen,117,MM0 ?CR
5.1462,heen,117,MM1 ?CR
5.1462,heen,117,MM0 CR=11:-10
5.1462,heen,117,MM1 CR=11:-10
5.1462,heen,117,"#128,YAW,2.83,GYRO,-36,69,-13,ACC,16,8,249,ADC,1222,392,4,2,"
5.1462,heen,117,MM0 ?A
5.1462,heen,117,MM1 ?A
5.1463,heen,117,MM0 A=0:-4
5.1463,heen,117,MM1 A=5:-4
5.1463,heen,117,MM1 !M 116 -118
5.1463,heen,117,MM0 !M 116 -118
5.1463,heen,117,MM1 +
5.1463,heen,117,MM0 +
5.1463,heen,117,"#129,YAW,2.83,GYRO,-41,63,-4,ACC,22,-5,265,ADC,1253,393,4,2,"
5.1463,heen,117,"$GPRMC,130514.4,A,5050.51331,N,00419.37717,E,000.41,161.3,081026,000.4,E*5B"
5.1463,heen,117,MM0 ?AI
5.1463,heen,117,MM1 ?AI
5.1463,heen,117,MM0 AI=0:0:2426:2460:0:0
5.1986,heen,126,MM1 AI=0:0:2378:2367:0:0
5.1986,heen,126,"#130,YAW,2.83,GYRO,-39,63,-7,ACC,23,-8,252,ADC,1243,501,6,2,"
5.1986,heen,126,MM0 ?C
5.1986,heen,126,MM1 ?C
5.1986,heen,126,MM1 C=-797:-1203
5.1986,heen,126,MM0 C=-967:-968
5.1987,heen,126,MM0 !M 125 -127
5.1987,heen,126,MM1 !M 125 -127
5.1987,heen,126,MM0 +
5.1987,heen,126,MM1 +
5.1987,heen,126,"#131,YAW,2.83,GYRO,-29,66,-6,ACC,21,-4,246,ADC,1263,307,3,2,"
5.1988,heen,126,MM1 ?D
5.1988,heen,126,MM0 ?D
5.1988,heen,126,MM1 D=51
5.1988,heen,126,MM0 D=8
5.1988,heen,126,"#132,YAW,2.83,GYRO,-13,53,1,ACC,26,-7,270,ADC,1257,391,6,2,"
5.1988,heen,126,MM0 ?FF
5.2497,heen,143,MM1 ?FF
5.2497,heen,143,MM0 FF=0
5.2497,heen,143,MM1 FF=0
5.2497,heen,143,"#133,YAW,2.83,GYRO,1,81,12,ACC,22,-9,253,ADC,1219,381,4,2,"
5.2497,heen,143,MM0 ?P
5.2498,heen,143,MM1 ?P
5.2498,heen,143,MM0 P=125:-127
5.2498,heen,143,MM1 P=125:-127
5.2498,heen,143,MM1 !M 133 -135
5.2498,heen,143,MM0 !M 133 -135
5.2498,heen,143,MM1 +
5.2498,heen,143,MM0 +
5.2498,heen,143,"#134,YAW,2.83,GYRO,4,80,22,ACC,30,-4,261,ADC,1238,380,5,2,"
5.2498,heen,143,MM0 ?S
5.2498,heen,143,MM1 ?S
5.2498,heen,143,MM0 S=75:-75
5.2498,heen,143,MM1 S=75:-75
5.2874,heen,143,"#135,YAW,2.83,GYRO,9,73,12,ACC,17,5,272,ADC,1290,394,6,2,"
5.2874,heen,143,MM0 ?T
5.2874,heen,143,MM1 ?T
5.2874,heen,143,MM0 T=35:34
5.2874,heen,143,MM1 T=36:34
5.2874,heen,143,MM1 !M 14244
5.2874,heen,143,MM0 !M 14244
5.2874,heen,143,MM1 +
5.2875,heen,143,MM0 +
5.2875,heen,143,"#136,YAW,2.83,GYRO,-12,72,-14,ACC,13,6,264,ADC,1284,502,4,2,"
5.2875,heen,143,MM0 ?V
5.2875,heen,143,MM1 ?V
5.2875,heen,143,MM0 V=120:220:4905
5.2875,heen,143,MM1 V=120:221:4898
5.3083,heen,151,"#137,YAW,2.83,GYRO,-23,-36,-62,ACC,26,-14,242,ADC,1226,397,5,2,"
5.3083,heen,151,MM0 ?CR
5.3083,heen,151,MM1 ?CR
5.3083,heen,151,MM0 CR=22:-19
5.3083,heen,151,MM1 CR=23:-18
5.3425,heen,151,"#138,YAW,2.83,GYRO,-53,-218,-218,ACC,182,12,232,ADC,1234,381,8,2,"
5.3426,heen,151,MM0 ?A
5.3426,heen,151,MM1 ?A
5.3426,heen,151,MM0 A=149:-24
5.3426,heen,151,MM1 A=150:-29
5.3426,heen,151,"#139,YAW,2.85,GYRO,-159,-86,-496,ACC,147,-96,258,ADC,1223,381,4,2,"
5.3426,heen,151,"$GPRMC,130514.6,A,5050.51334,N,00419.37717,E,000.41,161.3,081026,000.4,E*5C"
5.3651,heen,159,MM0 ?AI
5.3651,heen,159,MM1 ?AI
5.3651,heen,159,MM0 AI=0:0:2420:2467:0:0
5.3651,heen,159,MM1 AI=0:0:2352:2389:0:0
5.3651,heen,159,"#140,YAW,2.87,GYRO,-186,103,-773,ACC,166,-54,184,ADC,1275,339,6,2,"
5.3652,heen,159,MM0 ?C
5.3652,heen,159,MM1 ?C
5.3652,heen,159,MM1 C=-751:-1225
5.3652,heen,159,MM0 C=-913:-990
5.3653,heen,159,MM0 !M 151 -151
5.3653,heen,159,MM1 !M 151 -151
5.3653,heen,159,MM0 +
5.3998,heen,159,MM1 +
5.3998,heen,159,MM1 PING
5.3998,heen,159,MM0 PING
5.3998,heen,159,"#141,YAW,2.89,GYRO,101,138,-1042,ACC,79,-99,120,ADC,1243,400,4,2,"
5.3999,heen,159,MM0 ?D
5.3999,heen,159,MM0 D=3
5.3999,heen,159,MM1 ?D
5.3999,heen,159,MM1 D=34
5.3999,heen,159,MM0 !M 147 -171
5.3999,heen,159,MM0 +
5.3999,heen,159,MM1 !M 147 -171
5.3999,heen,159,MM1 +
5.3999,heen,159,"#142,YAW,2.92,GYRO,138,427,-1219,ACC,165,-60,327,ADC,1263,388,8,2,"
5.3999,heen,159,MM0 ?FF
5.3999,heen,159,MM1 ?FF
5.3999,heen,159,MM0 FF=0
5.3999,heen,159,MM1 FF=0
5.4503,heen,168,"#143,YAW,2.94,GYRO,59,158,-1043,ACC,-65,33,397,ADC,1288,501,5,1,"
5.4503,heen,168,MM0 ?P
5.4503,heen,168,MM1 ?P
5.4503,heen,168,MM0 P=147:-171
5.4503,heen,168,MM1 P=147:-171
5.4503,heen,168,MM0 !M 118 -218
5.4503,heen,168,MM1 !M 118 -218
5.4503,heen,168,MM0 +
5.4503,heen,168,MM1 +
5.4503,heen,168,"#144,YAW,2.96,GYRO,20,-220,-494,ACC,-29,-56,243,ADC,1223,393,3,2,"
5.4504,heen,168,MM0 ?S
5.4504,heen,168,MM1 ?S
5.4504,heen,168,MM0 S=225:-150
5.4504,heen,168,MM1 S=150:-150
5.5057,heen,185,"#145,YAW,2.96,GYRO,-140,366,-168,ACC,-48,-37,83,ADC,1239,389,3,2,"
5.5057,heen,185,MM0 ?T
5.5057,heen,185,MM1 ?T
5.5057,heen,185,MM0 T=35:34
5.5057,heen,185,MM1 T=36:34
5.5057,heen,185,"#146,YAW,2.96,GYRO,129,116,42,ACC,-14,-25,505,ADC,1260,385,6,2,"
5.5057,heen,185,MM0 ?V
5.5057,heen,185,MM1 ?V
5.5057,heen,185,MM0 V=120:223:4904
5.5058,heen,185,MM1 V=120:223:4898
5.5058,heen,185,MM0 !M 124 -228
5.5058,heen,185,MM1 !M 124 -228
5.5058,heen,185,MM0 +
5.5058,heen,185,MM1 +
5.5058,heen,185,"#147,YAW,2.95,GYRO,-143,-305,192,ACC,-26,13,120,ADC,1258,502,8,2,"
5.5058,heen,185,MM0 ?CR
5.5058,heen,185,MM1 ?CR
5.5058,heen,185,MM0 CR=98:-37
5.5058,heen,185,MM1 CR=70:-38
5.5409,heen,185,"#148,YAW,2.95,GYRO,11,-192,229,ACC,20,-24,232,ADC,1257,384,5,1,"
5.5410,heen,185,MM0 ?A
5.5410,heen,185,MM1 ?A
5.5410,heen,185,MM0 A=-9:0
5.5410,heen,185,MM1 A=-4:0
5.5410,heen,185,MM1 !M 130 -240
5.5410,heen,185,MM0 !M 130 -240
5.5410,heen,185,MM1 +
5.5410,heen,185,MM0 +
5.5410,heen,185,"$GPRMC,130514.8,A,5050.51336,N,00419.37717,E,000.40,161.3,081026,000.4,E*51"
5.5613,heen,193,"#149,YAW,2.94,GYRO,-168,201,172,ACC,-11,8,376,ADC,1268,497,5,2,"
5.5613,heen,193,MM0 ?AI
5.5613,heen,193,MM1 ?AI
5.5613,heen,193,MM0 AI=0:0:2445:2441:0:0
5.5613,heen,193,MM1 AI=0:0:2355:2367:0:0
5.5613,heen,193,"#150,YAW,2.93,GYRO,62,11,82,ACC,-34,-3,317,ADC,1253,324,4,3,"
5.5614,heen,193,MM0 ?C
5.5614,heen,193,MM1 ?C
5.5614,heen,193,MM0 C=-838:-1036
5.5614,heen,193,MM1 C=-696:-1272
5.5954,heen,193,MM1 !M 147 -239
5.5954,heen,193,MM0 !M 147 -239
5.5954,heen,193,MM1 +
5.5955,heen,193,MM0 +
5.5955,heen,193,"#151,YAW,2.93,GYRO,-39,-54,64,ACC,4,7,104,ADC,1234,370,4,1,"
5.5955,heen,193,MM0 ?D
5.5955,heen,193,MM1 ?D
5.5955,heen,193,MM1 D=51
5.5955,heen,193,MM0 D=0
5.5955,heen,193,"#152,YAW,2.93,GYRO,70,57,42,ACC,29,-9,217,ADC,1253,397,5,2,"
5.5955,heen,193,MM0 ?FF
5.6169,heen,202,MM1 ?FF
5.6170,heen,202,MM0 FF=0
5.6170,heen,202,MM1 FF=0
5.6170,heen,202,"#153,YAW,2.93,GYRO,-5,12,55,ACC,-23,14,353,ADC,1274,385,8,2,"
5.6170,heen,202,MM0 ?P
5.6170,heen,202,MM1 ?P
5.6519,heen,202,MM0 P=147:-239
5.6519,heen,202,MM1 P=147:-239
5.6519,heen,202,MM1 !M 159 -245
5.6519,heen,202,MM0 !M 159 -245
5.6519,heen,202,MM1 +
5.6519,heen,202,MM0 +
5.6519,heen,202,"#154,YAW,2.93,GYRO,-21,95,23,ACC,3,32,249,ADC,1249,385,6,1,"
5.6520,heen,202,MM0 ?S
5.6520,heen,202,MM1 ?S
5.6520,heen,202,MM0 S=150:-150
5.6520,heen,202,MM1 S=225:-150
5.7065,heen,219,"#155,YAW,2.93,GYRO,65,84,12,ACC,-5,1,231,ADC,1252,396,4,2,"
5.7067,heen,219,MM0 ?T
5.7067,heen,219,MM1 ?T
5.7067,heen,219,MM0 T=35:34
5.7067,heen,219,MM1 T=36:34
5.7067,heen,219,"#156,YAW,2.93,GYRO,-70,86,8,ACC,1,9,282,ADC,1217,385,5,2,"
5.7067,heen,219,MM0 ?V
5.7067,heen,219,MM1 ?V
5.7067,heen,219,MM0 V=120:223:4906
5.7067,heen,219,MM1 V=120:224:4899
5.7067,heen,219,"#157,YAW,2.93,GYRO,86,-18,35,ACC,5,-5,200,ADC,1282,388,7,2,"
5.7067,heen,219,MM0 ?CR
5.7067,heen,219,MM1 ?CR
5.7067,heen,219,MM0 CR=44:-50
5.7067,heen,219,MM1 CR=44:-50
5.7415,heen,219,"#158,YAW,2.93,GYRO,-52,14,30,ACC,-16,6,334,ADC,1279,497,4,2,"
5.7415,heen,219,MM0 ?A
5.7416,heen,219,MM0 A=-4:-11
5.7416,heen,219,MM1 ?A
5.7416,heen,219,MM1 A=0:-11
5.7416,heen,219,MM0 !M 166 -254
5.7416,heen,219,MM0 +
5.7416,heen,219,MM1 !M 166 -254
5.7416,heen,219,MM1 +
5.7416,heen,219,MM1 PING
5.7416,heen,219,MM0 PING
5.7416,heen,219,MM1 !M 174 -264
5.7416,heen,219,MM0 !M 174 -264
5.7416,heen,219,MM1 +
5.7416,heen,219,MM0 +
5.7416,heen,219,"#159,YAW,2.93,GYRO,-6,64,-1,ACC,18,2,256,ADC,1234,264,4,2,"
5.7416,heen,219,MM0 ?AI
5.7416,heen,219,MM1 ?AI
5.7780,heen,227,"$GPRMC,130515.0,A,5050.51338,N,00419.37716,E,000.39,161.3,081026,000.4,E*59"
5.7780,heen,227,MM0 AI=0:0:2443:2436:0:0
5.7780,heen,227,MM1 AI=0:0:2349:2344:0:0
5.7780,heen,227,"#160,YAW,2.93,GYRO,33,158,-24,ACC,9,1,244,ADC,1233,396,5,2,"
5.7780,heen,227,MM0 ?C
5.7780,heen,227,MM1 ?C
5.7781,heen,227,MM0 C=-794:-1085
5.7781,heen,227,MM1 C=-652:-1319
5.7957,heen,227,"#161,YAW,2.92,GYRO,32,224,35,ACC,31,-20,285,ADC,1222,387,4,2,"
5.7958,heen,227,MM0 ?D
5.7958,heen,227,MM1 ?D
5.7958,heen,227,MM0 D=32
5.7958,heen,227,MM1 D=3
5.7958,heen,227,MM0 !M 181 -273
5.7958,heen,227,MM1 !M 181 -273
5.7958,heen,227,MM0 +
5.7958,heen,227,MM1 +
5.8167,heen,236,"#162,YAW,2.92,GYRO,61,15,68,ACC,5,-7,225,ADC,1265,376,6,2,"
5.8167,heen,236,MM0 ?FF
5.8167,heen,236,MM1 ?FF
5.8167,heen,236,MM0 FF=0
5.8168,heen,236,MM1 FF=0
5.8168,heen,236,"#163,YAW,2.92,GYRO,-69,-177,78,ACC,3,23,315,ADC,1251,500,5,2,"
5.8168,heen,236,MM0 ?P
5.8168,heen,236,MM1 ?P
5.8546,heen,236,MM0 P=181:-273
5.8546,heen,236,MM1 P=181:-273
5.8546,heen,236,MM0 !M 187 -285
5.8546,heen,236,MM1 !M 187 -285
5.8546,heen,236,MM0 +
5.8546,heen,236,MM1 +
5.8546,heen,236,"#164,YAW,2.92,GYRO,-40,52,46,ACC,5,19,263,ADC,1230,273,8,2,"
5.8547,heen,236,MM0 ?S
5.8547,heen,236,MM1 ?S
5.8547,heen,236,MM0 S=150:-150
5.8547,heen,236,MM1 S=150:-150
5.9145,heen,250,"#165,YAW,2.92,GYRO,-99,113,33,ACC,10,15,214,ADC,1270,392,6,2,"
5.9146,heen,250,MM0 ?T
5.9146,heen,250,MM1 ?T
5.9146,heen,250,MM0 T=35:34
5.9146,heen,250,MM1 T=36:34
5.9146,heen,250,"#166,YAW,2.91,GYRO,68,141,52,ACC,21,-26,251,ADC,1246,502,7,1,"
5.9146,heen,250,MM0 ?V
5.9146,heen,250,MM1 ?V
5.9146,heen,250,MM0 V=120:223:4903
5.9146,heen,250,MM1 V=120:223:4899
5.9146,heen,250,MM0 !M 196 -292
5.9146,heen,250,MM1 !M 196 -292
5.9146,heen,250,MM0 +
5.9146,heen,250,MM1 +
5.9146,heen,250,"#167,YAW,2.91,GYRO,-28,-28,51,ACC,-16,-18,296,ADC,1246,338,7,2,"
5.9146,heen,250,MM0 ?CR
5.9146,heen,250,MM1 ?CR
5.9146,heen,250,MM0 CR=46:-51
5.9146,heen,250,MM1 CR=45:-48
5.9498,heen,250,"#168,YAW,2.91,GYRO,-75,-116,31,ACC,55,12,223,ADC,1265,385,5,2,"
5.9498,heen,250,MM0 ?A
5.9498,heen,250,MM1 ?A
5.9498,heen,250,MM0 A=0:-19
5.9498,heen,250,MM1 A=0:-16
5.9498,heen,250,MM1 !M 201 -299
5.9498,heen,250,MM0 !M 201 -299
5.9498,heen,250,MM1 +
5.9498,heen,250,MM0 +
5.9498,heen,250,"#169,YAW,2.91,GYRO,-146,22,-17,ACC,-2,25,252,ADC,1262,498,4,1,"
5.9499,heen,250,MM0 ?AI
5.9499,heen,250,MM1 ?AI
5.9499,heen,250,"$GPRMC,130515.2,A,5050.51340,N,00419.37716,E,000.38,161.3,081026,000.4,E*55"
5.9499,heen,250,MM0 AI=0:0:2460:2451:0:0
5.9499,heen,250,MM1 AI=0:0:2370:2366:0:0
5.9704,heen,250,"#170,YAW,2.91,GYRO,-18,95,-14,ACC,21,-7,267,ADC,1233,390,6,2,"
5.9704,heen,250,MM0 ?C
5.9704,heen,250,MM1 ?C
5.9704,heen,250,MM0 C=-746:-1136
5.9704,heen,250,MM1 C=-604:-1369
6.0043,heen,250,"#171,YAW,2.91,GYRO,82,107,21,ACC,21,-49,202,ADC,1225,383,4,2,"
6.0043,heen,250,MM0 ?D
6.0043,heen,250,MM1 ?D
6.0043,heen,250,MM1 D=26
6.0043,heen,250,MM0 D=9
6.0043,heen,250,MM0 !M 201 -299
6.0043,heen,250,MM1 !M 201 -299
6.0043,heen,250,MM0 +
6.0043,heen,250,MM1 +
6.0043,heen,250,"#172,YAW,2.91,GYRO,47,-14,62,ACC,2,-18,320,ADC,1285,501,6,2,"
6.0044,heen,250,MM0 ?FF
6.0044,heen,250,MM1 ?FF
6.0044,heen,250,MM0 FF=0
6.0044,heen,250,MM1 FF=0
6.0603,heen,250,"#173,YAW,2.91,GYRO,-166,-96,55,ACC,7,39,306,ADC,1275,499,7,1,"
6.0604,heen,250,MM0 ?P
6.0604,heen,250,MM1 ?P
6.0604,heen,250,MM0 P=201:-299
6.0604,heen,250,MM1 P=201:-299
6.0604,heen,250,"#174,YAW,2.91,GYRO,-15,78,18,ACC,19,27,191,ADC,1287,400,5,2,"
6.0604,heen,250,MM0 ?S
6.0604,heen,250,MM1 ?S
6.0604,heen,250,MM1 S=225:-225
6.0604,heen,250,MM0 S=225:-225
6.0604,heen,250,MM1 !M 198 -302
6.0604,heen,250,MM0 !M 198 -302
6.0604,heen,250,MM1 +
6.0604,heen,250,MM0 +
6.0604,heen,250,"#175,YAW,2.91,GYRO,20,240,30,ACC,16,-36,233,ADC,1214,382,4,2,"
6.0604,heen,250,MM0 ?T
6.0604,heen,250,MM1 ?T
6.0604,heen,250,MM0 T=35:34
6.0604,heen,250,MM1 T=36:34
6.0948,heen,250,MM0 !M 197 -303
6.0948,heen,250,MM1 !M 197 -303
6.0948,heen,250,MM0 +
6.0948,heen,250,MM1 +
6.0948,heen,250,"#176,YAW,2.91,GYRO,134,39,82,ACC,7,-56,292,ADC,1248,301,3,2,"
6.0949,heen,250,MM0 ?V
6.0949,heen,250,MM1 ?V
6.0949,heen,250,MM0 V=120:223:4904
6.0949,heen,250,MM1 V=120:223:4898
6.1154,heen,250,"#177,YAW,2.90,GYRO,-98,-134,73,ACC,1,34,326,ADC,1266,394,6,2,"
6.1155,heen,250,MM0 ?CR
6.1155,heen,250,MM1 ?CR
6.1155,heen,250,MM0 CR=53:-55
6.1155,heen,250,MM1 CR=53:-55
6.1155,heen,250,"#178,YAW,2.90,GYRO,37,148,40,ACC,10,26,179,ADC,1292,388,4,2,"
6.1155,heen,250,MM0 ?A
6.1511,heen,250,MM1 ?A
6.1511,heen,250,MM0 A=0:-18
6.1511,heen,250,MM1 A=0:-15
6.1511,heen,250,MM0 !M 198 -302
6.1511,heen,250,MM1 !M 198 -302
6.1511,heen,250,MM0 +
6.1511,heen,250,MM1 +
6.1511,heen,250,"$GPRMC,130515.4,A,5050.51343,N,00419.37717,E,000.38,161.3,081026,000.4,E*51"
6.1511,heen,250,"#179,YAW,2.90,GYRO,-29,194,35,ACC,59,-35,212,ADC,1309,500,5,1,"
6.1512,heen,250,MM1 ?AI
6.1512,heen,250,MM0 ?AI
6.1512,heen,250,MM1 AI=0:0:2342:2366:0:0
6.1512,heen,250,MM0 AI=0:0:2422:2445:0:0
6.1704,heen,250,"#180,YAW,2.90,GYRO,96,122,56,ACC,4,-48,343,ADC,1271,384,4,2,"
6.1705,heen,250,MM0 ?C
6.1705,heen,250,MM1 ?C
6.1705,heen,250,MM0 C=-693:-1192
6.1705,heen,250,MM1 C=-551:-1425
6.2043,heen,250,"#181,YAW,2.90,GYRO,-138,-93,37,ACC,5,30,247,ADC,1234,389,4,1,"
6.2043,heen,250,MM0 ?D
6.2043,heen,250,MM1 ?D
6.2043,heen,250,MM0 D=42
6.2043,heen,250,MM1 D=1
6.2043,heen,250,MM0 !M 198 -302
6.2043,heen,250,MM1 !M 198 -302
6.2043,heen,250,MM0 +
6.2043,heen,250,MM1 +
6.2043,heen,250,"#182,YAW,2.90,GYRO,-57,13,6,ACC,0,19,179,ADC,1259,384,5,2,"
6.2044,heen,250,MM0 ?FF
6.2044,heen,250,MM1 ?FF
6.2044,heen,250,MM0 FF=0
6.2044,heen,250,MM1 FF=0
6.2576,heen,250,"#183,YAW,2.90,GYRO,-11,130,16,ACC,3,-3,233,ADC,1286,394,5,2,"
6.2576,heen,250,MM0 ?P
6.2576,heen,250,MM1 ?P
6.2576,heen,250,MM0 P=198:-302
6.2576,heen,250,MM1 P=198:-302
6.2576,heen,250,"#184,YAW,2.90,GYRO,163,9,49,ACC,-24,-25,361,ADC,1280,381,5,2,"
6.2577,heen,250,MM0 !M 196 -304
6.2577,heen,250,MM0 +
6.2577,heen,250,MM1 !M 196 -304
6.2577,heen,250,MM1 +
6.2577,heen,250,MM0 ?S
6.2577,heen,250,MM1 ?S
6.2577,heen,250,MM0 S=225:-150
6.2577,heen,250,MM1 S=225:-225
6.2577,heen,250,"#185,YAW,2.90,GYRO,-155,-204,82,ACC,-7,36,309,ADC,1289,387,5,1,"
6.2577,heen,250,MM1 ?T
6.2577,heen,250,MM0 ?T
6.3083,heen,250,MM0 T=35:34
6.3084,heen,250,MM1 T=36:34
6.3084,heen,250,"#186,YAW,2.89,GYRO,-8,-118,51,ACC,-5,41,159,ADC,1255,385,5,2,"
6.3084,heen,250,MM0 ?V
6.3084,heen,250,MM1 ?V
6.3084,heen,250,MM0 V=120:223:4906
6.3084,heen,250,MM1 V=120:223:4899
6.3084,heen,250,"#187,YAW,2.89,GYRO,-30,249,12,ACC,36,12,137,ADC,1221,383,7,2,"
6.3084,heen,250,MM1 ?CR
6.3084,heen,250,MM0 ?CR
6.3084,heen,250,MM1 CR=55:-58
6.3084,heen,250,MM0 CR=56:-61
6.3600,heen,250,"#188,YAW,2.89,GYRO,150,190,65,ACC,-58,-78,491,ADC,1202,386,5,2,"
6.3600,heen,250,MM0 ?A
6.3600,heen,250,MM1 ?A
6.3600,heen,250,MM0 A=-4:-18
6.3600,heen,250,MM1 A=0:-12
6.3601,heen,250,MM1 !M 197 -303
6.3601,heen,250,MM0 !M 197 -303
6.3601,heen,250,MM1 +
6.3601,heen,250,MM0 +
6.3601,heen,250,MM0 PING
6.3601,heen,250,MM1 PING
6.3601,heen,250,"#189,YAW,2.89,GYRO,-67,-196,86,ACC,28,-11,180,ADC,1228,382,3,2,"
6.3601,heen,250,"$GPRMC,130515.6,A,5050.51345,N,00419.37717,E,000.39,161.3,081026,000.4,E*54"
6.3601,heen,250,MM1 ?AI
6.3601,heen,250,MM0 ?AI
6.3601,heen,250,MM0 AI=0:0:2442:2453:0:0
6.3601,heen,250,MM1 AI=0:0:2472:2360:0:0
6.3601,heen,250,MM0 !M 196 -304
6.3601,heen,250,MM1 !M 196 -304
6.3601,heen,250,MM0 +
6.3601,heen,250,MM1 +
6.3601,heen,250,"#190,YAW,2.89,GYRO,34,-14,59,ACC,5,14,206,ADC,1258,326,6,1,"
6.3601,heen,250,MM0 ?C
6.3601,heen,250,MM1 ?C
6.4095,heen,250,MM0 C=-636:-1254
6.4095,heen,250,MM1 C=-496:-1484
6.4096,heen,250,"#191,YAW,2.88,GYRO,44,260,36,ACC,14,26,181,ADC,1229,389,5,1,"
6.4097,heen,250,MM0 ?D
6.4097,heen,250,MM1 ?D
6.4097,heen,250,MM0 D=50
6.4097,heen,250,MM1 D=50
6.4097,heen,250,MM0 !M 197 -303
6.4097,heen,250,MM1 !M 197 -303
6.4097,heen,250,MM0 +
6.4097,heen,250,MM1 +
6.4097,heen,250,"#192,YAW,2.88,GYRO,-7,198,38,ACC,-31,-8,485,ADC,1245,389,5,1,"
6.4097,heen,250,MM1 ?FF
6.4097,heen,250,MM0 ?FF
6.4097,heen,250,MM1 FF=0
6.4097,heen,250,MM0 FF=0
6.4613,heen,250,"#193,YAW,2.88,GYRO,-40,-59,50,ACC,6,-19,200,ADC,1243,500,4,2,"
6.4614,heen,250,MM0 ?P
6.4614,heen,250,MM1 ?P
6.4614,heen,250,MM0 P=197:-303
6.4614,heen,250,MM1 P=197:-303
6.4614,heen,250,"#194,YAW,2.88,GYRO,-88,11,18,ACC,22,0,148,ADC,1236,380,5,1,"
6.4614,heen,250,MM1 ?S
6.4614,heen,250,MM0 ?S
6.4614,heen,250,MM0 S=225:-225
6.4614,heen,250,MM1 S=225:-225
6.4614,heen,250,MM1 !M 195 -305
6.4614,heen,250,MM0 !M 195 -305
6.4614,heen,250,MM1 +
6.4614,heen,250,MM0 +
6.4614,heen,250,"#195,YAW,2.88,GYRO,-17,175,0,ACC,32,14,182,ADC,1222,420,7,1,"
6.4614,heen,250,MM0 ?T
6.4614,heen,250,MM1 ?T
6.4614,heen,250,MM0 T=35:34
6.4614,heen,250,MM1 T=36:34
6.4813,heen,250,"#196,YAW,2.88,GYRO,-48,61,58,ACC,-27,-27,538,ADC,1256,396,7,2,"
6.4813,heen,250,MM1 ?V
6.4813,heen,250,MM0 ?V
6.4813,heen,250,MM1 V=120:222:4898
6.4813,heen,250,MM0 V=120:223:4905
6.5154,heen,250,MM1 !M 194 -306
6.5154,heen,250,MM0 !M 194 -306
6.5154,heen,250,MM1 +
6.5154,heen,250,MM0 +
6.5154,heen,250,"#197,YAW,2.88,GYRO,-100,-141,68,ACC,5,3,186,ADC,1247,394,7,1,"
6.5154,heen,250,MM1 ?CR
6.5154,heen,250,MM0 ?CR
6.5154,heen,250,MM1 CR=55:-59
6.5154,heen,250,MM0 CR=56:-60
6.5522,heen,250,"#198,YAW,2.88,GYRO,-29,75,47,ACC,6,14,145,ADC,1260,389,4,2,"
6.5522,heen,250,MM0 ?A
6.5522,heen,250,MM1 ?A
6.5522,heen,250,MM0 A=-4:-15
6.5522,heen,250,MM1 A=0:-15
6.5523,heen,250,MM0 !M 194 -306
6.5523,heen,250,MM1 !M 194 -306
6.5523,heen,250,MM0 +
6.5523,heen,250,MM1 +
6.5523,heen,250,"$GPRMC,130515.8,A,5050.51347,N,00419.37717,E,000.39,161.3,081026,000.4,E*58"
6.5523,heen,250,"#199,YAW,2.88,GYRO,-16,150,27,ACC,11,12,173,ADC,1286,500,4,1,"
6.5523,heen,250,MM0 ?AI
6.5523,heen,250,MM1 ?AI
6.5523,heen,250,MM0 AI=0:0:2451:2451:0:0
6.5523,heen,250,MM1 AI=0:0:2353:2388:0:0
6.5716,heen,250,"#200,YAW,2.87,GYRO,63,92,60,ACC,-45,4,543,ADC,1214,390,4,2,"
6.5716,heen,250,MM1 ?C
6.5716,heen,250,MM0 ?C
6.5716,heen,250,MM1 C=-441:-1542
6.5716,heen,250,MM0 C=-581:-1314
6.6065,heen,250,"#201,YAW,2.87,GYRO,-132,-90,43,ACC,-3,23,201,ADC,1264,390,4,2,"
6.6066,heen,250,MM1 ?D
6.6066,heen,250,MM0 ?D
6.6066,heen,250,MM0 D=26
6.6066,heen,250,MM1 D=2
6.6066,heen,250,MM0 !M 194 -306
6.6066,heen,250,MM1 !M 194 -306
6.6066,heen,250,MM0 +
6.6066,heen,250,MM1 +
6.6066,heen,250,"#202,YAW,2.87,GYRO,76,38,62,ACC,6,-10,146,ADC,1201,381,5,1,"
6.6066,heen,250,MM1 ?FF
6.6066,heen,250,MM0 ?FF
6.6066,heen,250,MM1 FF=0
6.6066,heen,250,MM0 FF=0
6.6263,heen,250,"#203,YAW,2.87,GYRO,-79,52,38,ACC,4,-33,193,ADC,1290,385,6,2,"
6.6263,heen,250,MM1 ?P
6.6263,heen,250,MM0 ?P
6.6263,heen,250,MM1 P=194:-306
6.6263,heen,250,MM0 P=194:-306
6.6632,heen,250,"#204,YAW,2.87,GYRO,61,-20,73,ACC,-11,5,500,ADC,1293,500,5,2,"
6.6632,heen,250,MM1 ?S
6.6632,heen,250,MM0 ?S
6.6632,heen,250,MM1 S=225:-225
6.6632,heen,250,MM0 S=225:-225
6.6632,heen,250,MM0 !M 194 -306
6.6632,heen,250,MM1 !M 194 -306
6.6632,heen,250,MM0 +
6.6632,heen,250,MM1 +
6.6632,heen,250,"#205,YAW,2.86,GYRO,-107,-89,55,ACC,-14,17,206,ADC,1261,384,5,1,"
6.6633,heen,250,MM1 ?T
6.6633,heen,250,MM0 ?T
6.6633,heen,250,MM1 T=36:34
6.6633,heen,250,MM0 T=35:34
6.7145,heen,250,"#206,YAW,2.86,GYRO,82,111,46,ACC,11,-6,160,ADC,1264,497,5,2,"
6.7145,heen,250,MM1 ?V
6.7145,heen,250,MM0 ?V
6.7145,heen,250,MM1 V=120:222:4899
6.7145,heen,250,MM0 V=120:223:4905
6.7146,heen,250,MM0 !M 195 -305
6.7146,heen,250,MM1 !M 195 -305
6.7146,heen,250,MM0 +
6.7146,heen,250,MM1 +
6.7146,heen,250,"#207,YAW,2.86,GYRO,-60,98,13,ACC,31,6,195,ADC,1245,325,7,2,"
6.7146,heen,250,MM1 ?CR
6.7146,heen,250,MM0 ?CR
6.7146,heen,250,MM1 CR=54:-58
6.7146,heen,250,MM0 CR=55:-60
6.7664,heen,250,"#208,YAW,2.86,GYRO,26,86,34,ACC,-16,-19,467,ADC,1254,414,5,1,"
6.7664,heen,250,MM1 ?A
6.7664,heen,250,MM0 ?A
6.7664,heen,250,MM0 A=-4:-15
6.7664,heen,250,MM1 A=0:-15
6.7665,heen,250,"$GPRMC,130516.0,A,5050.51349,N,00419.37717,E,000.40,161.3,081026,000.4,E*53"
6.7665,heen,250,"#209,YAW,2.86,GYRO,-54,-5,33,ACC,0,6,244,ADC,1225,386,6,2,"
6.7665,heen,250,MM0 ?AI
6.7665,heen,250,MM1 ?AI
6.7665,heen,250,MM0 AI=0:0:2423:2524:0:0
6.7665,heen,250,MM1 AI=0:0:2370:2347:0:0
6.7665,heen,250,"#210,YAW,2.86,GYRO,54,165,37,ACC,0,-10,175,ADC,1235,403,5,1,"
6.7665,heen,250,MM1 ?C
6.7665,heen,250,MM0 ?C
6.7665,heen,250,MM1 C=-386:-1600
6.7665,heen,250,MM0 C=-525:-1374
6.8005,heen,250,"#211,YAW,2.86,GYRO,-31,8,27,ACC,28,-11,246,ADC,1274,499,4,1,"
6.8006,heen,250,MM0 ?D
6.8006,heen,250,MM0 D=10
6.8006,heen,250,MM1 ?D
6.8006,heen,250,MM1 D=19
6.8006,heen,250,MM0 !M 194 -306
6.8006,heen,250,MM0 +
6.8006,heen,250,MM1 !M 194 -306
6.8006,heen,250,MM1 +
6.8006,heen,250,MM0 PING
6.8006,heen,250,MM1 PING
6.8006,heen,250,MM0 !M 193 -307
6.8006,heen,250,MM1 !M 193 -307
6.8006,heen,250,MM0 +
6.8006,heen,250,MM1 +
6.8006,heen,250,"#212,YAW,2.86,GYRO,31,75,11,ACC,-10,4,353,ADC,1231,387,6,2,"
6.8007,heen,250,MM1 ?FF
6.8007,heen,250,MM0 ?FF
6.8007,heen,250,MM1 FF=0
6.8007,heen,250,MM0 FF=0
6.8213,heen,250,"#213,YAW,2.86,GYRO,-23,14,10,ACC,1,-6,266,ADC,1230,381,4,1,"
6.8213,heen,250,MM1 ?P
6.8213,heen,250,MM0 ?P
6.8213,heen,250,MM1 P=193:-307
6.8213,heen,250,MM0 P=193:-307
6.8555,heen,250,MM0 !M 192 -308
6.8555,heen,250,MM1 !M 192 -308
6.8555,heen,250,MM0 +
6.8555,heen,250,MM1 +
6.8555,heen,250,"#214,YAW,2.86,GYRO,42,28,19,ACC,1,-18,182,ADC,1275,301,5,2,"
6.8555,heen,250,MM1 ?S
6.8555,heen,250,MM0 ?S
6.8555,heen,250,MM1 S=150:-225
6.8555,heen,250,MM0 S=225:-300
6.8555,heen,250,"#215,YAW,2.85,GYRO,-51,27,25,ACC,18,-9,215,ADC,1200,389,5,1,"
6.8764,heen,250,MM1 ?T
6.8764,heen,250,MM0 ?T
6.8764,heen,250,MM1 T=36:34
6.8765,heen,250,MM0 T=35:34
6.8765,heen,250,"#216,YAW,2.85,GYRO,-119,-61,69,ACC,-12,21,216,ADC,1281,387,4,1,"
6.8765,heen,250,MM1 ?V
6.8765,heen,250,MM0 ?V
6.9105,heen,250,MM1 V=120:223:4898
6.9105,heen,250,MM0 V=120:223:4905
6.9105,heen,250,MM0 !M 191 -309
6.9105,heen,250,MM1 !M 191 -309
6.9105,heen,250,MM0 +
6.9105,heen,250,MM1 +
6.9105,heen,250,"#217,YAW,2.85,GYRO,15,30,86,ACC,24,9,424,ADC,1278,386,6,2,"
6.9105,heen,250,MM1 ?CR
6.9105,heen,250,MM0 ?CR
6.9105,heen,250,MM1 CR=53:-58
6.9105,heen,250,MM0 CR=56:-66
6.9313,heen,250,"#218,YAW,2.85,GYRO,75,395,88,ACC,-4,-48,232,ADC,1235,384,5,1,"
6.9314,heen,250,MM1 ?A
6.9314,heen,250,MM0 ?A
6.9314,heen,250,MM1 A=0:-18
6.9314,heen,250,MM0 A=0:-21
6.9654,heen,250,"#219,YAW,2.85,GYRO,-102,-102,90,ACC,31,9,195,ADC,1294,502,6,2,"
6.9654,heen,250,"$GPRMC,130516.2,A,5050.51351,N,00419.37718,E,000.39,161.3,081026,000.4,E*59"
6.9654,heen,250,MM1 ?AI
6.9654,heen,250,MM0 ?AI
6.9654,heen,250,MM1 AI=0:0:2354:2373:0:0
6.9654,heen,250,MM0 AI=0:0:2452:2463:0:0
6.9654,heen,250,MM1 !M 193 -307
6.9654,heen,250,MM0 !M 193 -307
6.9654,heen,250,MM1 +
6.9654,heen,250,MM0 +
6.9654,heen,250,"#220,YAW,2.84,GYRO,49,-121,75,ACC,-10,14,156,ADC,1275,328,6,2,"
6.9655,heen,250,MM1 ?C
6.9655,heen,250,MM0 ?C
6.9655,heen,250,MM1 C=-333:-1658
6.9655,heen,250,MM0 C=-469:-1439
7.0156,heen,250,"#221,YAW,2.84,GYRO,-27,278,73,ACC,45,3,323,ADC,1246,382,6,2,"
7.0156,heen,250,MM1 ?D
7.0156,heen,250,MM0 ?D
7.0156,heen,250,MM1 D=35
7.0156,heen,250,MM0 D=3
7.0156,heen,250,MM0 !M 194 -306
7.0156,heen,250,MM1 !M 194 -306
7.0156,heen,250,MM0 +
7.0156,heen,250,MM1 +
7.0156,heen,250,"#222,YAW,2.84,GYRO,56,367,60,ACC,-7,-10,368,ADC,1252,343,3,2,"
7.0156,heen,250,MM1 ?FF
7.0156,heen,250,MM0 ?FF
7.0156,heen,250,MM1 FF=0
7.0156,heen,250,MM0 FF=0
7.0156,heen,250,"#223,YAW,2.84,GYRO,-90,-219,68,ACC,21,-8,101,ADC,1276,399,4,2,"
7.0653,heen,250,MM1 ?P
7.0654,heen,250,MM0 ?P
7.0654,heen,250,MM1 P=194:-306
7.0654,heen,250,MM0 P=194:-306
7.0654,heen,250,"#224,YAW,2.84,GYRO,15,-144,52,ACC,10,-29,142,ADC,1235,389,5,2,"
7.0654,heen,250,MM1 ?S
7.0654,heen,250,MM0 ?S
7.0654,heen,250,MM1 S=150:-225
7.0654,heen,250,MM0 S=225:-225
7.0654,heen,250,MM0 !M 195 -305
7.0654,heen,250,MM1 !M 195 -305
7.0654,heen,250,MM0 +
7.0654,heen,250,MM1 +
7.0654,heen,250,"#225,YAW,2.84,GYRO,-197,131,7,ACC,-8,-51,313,ADC,1253,388,5,2,"
7.0654,heen,250,MM1 ?T
7.0655,heen,250,MM0 ?T
7.0655,heen,250,MM1 T=36:34
7.0655,heen,250,MM0 T=35:34
7.1164,heen,250,"#226,YAW,2.84,GYRO,130,246,1,ACC,-33,-25,335,ADC,1248,403,4,2,"
7.1164,heen,250,MM1 ?V
7.1164,heen,250,MM0 ?V
7.1164,heen,250,MM1 V=120:223:4898
7.1164,heen,250,MM0 V=120:223:4905
7.1164,heen,250,MM0 !M 194 -306
7.1164,heen,250,MM1 !M 194 -306
7.1164,heen,250,MM0 +
7.1164,heen,250,MM1 +
7.1164,heen,250,"#227,YAW,2.84,GYRO,-62,-84,33,ACC,11,-12,213,ADC,1246,350,4,1,"
7.1165,heen,250,MM0 ?CR
7.1165,heen,250,MM1 ?CR
7.1165,heen,250,MM0 CR=55:-58
7.1165,heen,250,MM1 CR=55:-58
7.1165,heen,250,"#228,YAW,2.83,GYRO,90,-134,69,ACC,18,3,121,ADC,1248,384,3,2,"
7.1165,heen,250,MM0 ?A
7.1165,heen,250,MM1 ?A
7.1673,heen,250,MM0 A=-9:-12
7.1673,heen,250,MM1 A=0:-12
7.1673,heen,250,"#229,YAW,2.83,GYRO,-200,65,42,ACC,268,-16,288,ADC,1207,382,6,2,"
7.1674,heen,250,"$GPRMC,130516.4,A,5050.51354,N,00419.37718,E,000.42,161.3,081026,000.4,E*56"
7.1674,heen,250,MM0 ?AI
7.1674,heen,250,MM1 ?AI
7.1674,heen,250,MM0 AI=0:0:2443:2449:0:0
7.1674,heen,250,MM1 AI=0:0:2353:2371:0:0
7.1674,heen,250,"#230,YAW,2.83,GYRO,175,338,53,ACC,9,-14,191,ADC,1298,502,4,1,"
7.1674,heen,250,MM0 ?C
7.1674,heen,250,MM1 ?C
7.1674,heen,250,MM0 C=-414:-1499
7.1674,heen,250,MM1 C=-278:-1717
7.2178,heen,250,"#231,YAW,2.83,GYRO,-83,-129,67,ACC,-36,-2,185,ADC,1229,392,5,2,"
7.2179,heen,250,MM0 ?D
7.2179,heen,250,MM1 ?D
7.2179,heen,250,MM0 D=3
7.2179,heen,250,MM1 D=3
7.2179,heen,250,MM0 !M 195 -305
7.2179,heen,250,MM1 !M 195 -305
7.2179,heen,250,MM0 +
7.2179,heen,250,MM1 +
7.2179,heen,250,MM0 PING
7.2179,heen,250,MM1 PING
7.2179,heen,250,"#232,YAW,2.83,GYRO,111,-10,82,ACC,-6,4,159,ADC,1225,385,6,3,"
7.2179,heen,250,MM0 !M 194 -306
7.2179,heen,250,MM0 +
7.2179,heen,250,MM1 !M 194 -306
7.2179,heen,250,MM1 +
7.2179,heen,250,MM0 ?FF
7.2179,heen,250,MM1 ?FF
7.2179,heen,250,MM0 FF=0
7.2179,heen,250,MM1 FF=0
7.2179,heen,250,"#233,YAW,2.83,GYRO,-204,189,20,ACC,42,-53,316,ADC,1225,386,5,1,"
7.2179,heen,250,MM0 ?P
7.2179,heen,250,MM1 ?P
7.2672,heen,250,MM0 P=194:-306
7.2672,heen,250,MM1 P=194:-306
7.2672,heen,250,"#234,YAW,2.83,GYRO,124,352,27,ACC,-33,-33,318,ADC,1214,382,5,2,"
7.2673,heen,250,MM0 ?S
7.2673,heen,250,MM1 ?S
7.2673,heen,250,MM0 S=225:-225
7.2673,heen,250,MM1 S=225:-225
7.2673,heen,250,"#235,YAW,2.82,GYRO,-35,-201,65,ACC,7,-9,180,ADC,1220,387,7,2,"
7.2673,heen,250,MM0 ?T
7.2673,heen,250,MM1 ?T
7.2673,heen,250,MM0 T=35:34
7.2673,heen,250,MM1 T=36:34
7.3172,heen,250,"#236,YAW,2.82,GYRO,153,-85,80,ACC,27,-26,108,ADC,1252,387,7,2,"
7.3172,heen,250,MM0 ?V
7.3172,heen,250,MM1 ?V
7.3172,heen,250,MM0 V=120:223:4906
7.3172,heen,250,MM1 V=120:222:4899
7.3172,heen,250,MM0 !M 195 -305
7.3172,heen,250,MM1 !M 195 -305
7.3172,heen,250,MM0 +
7.3172,heen,250,MM1 +
7.3173,heen,250,MM1 PING
7.3173,heen,250,MM0 PING
7.3173,heen,250,"#237,YAW,2.82,GYRO,-218,119,43,ACC,-159,184,313,ADC,1232,365,4,1,"
7.3173,heen,250,MM0 !M 196 -304
7.3173,heen,250,MM0 +
7.3173,heen,250,MM1 !M 196 -304
7.3173,heen,250,MM1 +
7.3173,heen,250,MM0 ?CR
7.3173,heen,250,MM1 ?CR
7.3173,heen,250,MM0 CR=57:-61
7.3173,heen,250,MM1 CR=56:-59
7.3173,heen,250,"#238,YAW,2.82,GYRO,1,65,13,ACC,24,22,319,ADC,1195,380,5,2,"
7.3173,heen,250,MM0 ?A
7.3173,heen,250,MM1 ?A
7.3173,heen,250,MM0 A=-4:-18
7.3684,heen,250,MM1 A=0:-15
7.3684,heen,250,"#239,YAW,2.82,GYRO,-5,-11,15,ACC,-44,11,204,ADC,1265,385,5,2,"
7.3685,heen,250,"$GPRMC,130516.6,A,5050.51356,N,00419.37719,E,000.42,161.3,081026,000.4,E*57"
7.3685,heen,250,MM0 ?AI
7.3685,heen,250,MM1 ?AI
7.3685,heen,250,MM0 AI=0:0:2424:2449:0:0
7.3685,heen,250,MM1 AI=0:0:2361:2392:0:0
7.3685,heen,250,"#240,YAW,2.82,GYRO,47,-191,57,ACC,-4,-9,208,ADC,1222,381,4,2,"
7.3685,heen,250,MM0 ?C
7.3685,heen,250,MM1 ?C
7.3685,heen,250,MM1 C=-222:-1776
7.3685,heen,250,MM0 C=-357:-1559
7.4206,heen,250,"#241,YAW,2.82,GYRO,-62,230,46,ACC,-10,55,253,ADC,1217,383,4,2,"
7.4206,heen,250,MM0 ?D
7.4206,heen,250,MM1 ?D
7.4206,heen,250,MM0 D=34
7.4206,heen,250,MM1 D=25
7.4206,heen,250,MM0 !M 196 -304
7.4206,heen,250,MM1 !M 196 -304
7.4206,heen,250,MM0 +
7.4206,heen,250,MM1 +
7.4206,heen,250,MM0 PING
7.4206,heen,250,MM1 PING
7.4206,heen,250,"#242,YAW,2.82,GYRO,-2,106,49,ACC,-2,8,420,ADC,1242,393,6,2,"
7.4207,heen,250,MM0 ?FF
7.4207,heen,250,MM0 FF=0
7.4207,heen,250,MM1 ?FF
7.4207,heen,250,MM1 FF=0
7.4207,heen,250,MM0 !M 196 -304
7.4207,heen,250,MM1 !M 196 -304
7.4207,heen,250,MM0 +
7.4207,heen,250,MM1 +
7.4207,heen,250,"#243,YAW,2.81,GYRO,-24,-42,46,ACC,6,-9,185,ADC,1253,500,4,2,"
7.4207,heen,250,MM0 ?P
7.4207,heen,250,MM1 ?P
7.4207,heen,250,MM0 P=196:-304
7.4684,heen,250,MM1 P=196:-304
7.4684,heen,250,"#244,YAW,2.81,GYRO,76,133,61,ACC,3,-9,190,ADC,1234,382,6,2,"
7.4684,heen,250,MM0 ?S
7.4684,heen,250,MM1 ?S
7.4684,heen,250,MM0 S=150:-225
7.4684,heen,250,MM1 S=225:-225
7.4685,heen,250,MM0 !M 197 -303
7.4685,heen,250,MM1 !M 197 -303
7.4685,heen,250,MM0 +
7.4685,heen,250,MM1 +
7.4685,heen,250,"#245,YAW,2.81,GYRO,-172,261,35,ACC,9,11,220,ADC,1288,397,4,2,"
7.4685,heen,250,MM0 ?T
7.4685,heen,250,MM1 ?T
7.4685,heen,250,MM0 T=35:34
7.4685,heen,250,MM1 T=36:34
7.5219,heen,250,"#246,YAW,2.81,GYRO,-119,-57,26,ACC,-9,24,436,ADC,1248,502,7,2,"
7.5219,heen,250,MM0 ?V
7.5219,heen,250,MM1 ?V
7.5219,heen,250,MM0 V=120:223:4905
7.5219,heen,250,MM1 V=120:222:4899
7.5219,heen,250,"#247,YAW,2.81,GYRO,30,-71,60,ACC,-24,-23,178,ADC,1273,397,5,1,"
7.5219,heen,250,MM0 ?CR
7.5219,heen,250,MM1 ?CR
7.5219,heen,250,MM0 CR=56:-61
7.5219,heen,250,MM1 CR=55:-60
7.5219,heen,250,MM0 !M 197 -303
7.5219,heen,250,MM1 !M 197 -303
7.5220,heen,250,MM0 +
7.5220,heen,250,MM1 +
7.5220,heen,250,"#248,YAW,2.81,GYRO,61,82,76,ACC,21,-26,193,ADC,1257,398,5,2,"
7.5220,heen,250,MM0 ?A
7.5220,heen,250,MM1 ?A
7.5220,heen,250,MM0 A=-4:-12
7.5220,heen,250,MM1 A=0:-15
7.5705,heen,250,"#249,YAW,2.81,GYRO,-150,254,57,ACC,1,21,275,ADC,1220,387,7,2,"
7.5705,heen,250,"$GPRMC,130516.8,A,5050.51358,N,00419.37719,E,000.41,161.3,081026,000.4,E*54"
7.5705,heen,250,MM0 ?AI
7.5705,heen,250,MM1 ?AI
7.5706,heen,250,MM0 AI=0:0:2422:2461:0:0
7.5706,heen,250,MM1 AI=0:0:2356:2352:0:0
7.5706,heen,250,"#250,YAW,2.81,GYRO,-92,17,15,ACC,-14,33,373,ADC,1261,382,4,2,"
7.5706,heen,250,MM0 ?C
7.5706,heen,250,MM1 ?C
7.5706,heen,250,MM0 C=-301:-1619
7.5706,heen,250,MM1 C=-167:-1835
7.6204,heen,250,"#251,YAW,2.81,GYRO,21,-128,39,ACC,0,-11,160,ADC,1237,382,6,1,"
7.6204,heen,250,MM0 ?D
7.6204,heen,250,MM1 ?D
7.6204,heen,250,MM1 D=48
7.6204,heen,250,MM0 D=2
7.6204,heen,250,MM0 !M 199 -301
7.6204,heen,250,MM1 !M 199 -301
7.6204,heen,250,MM0 +
7.6205,heen,250,MM1 +
7.6205,heen,250,MM0 PING
7.6205,heen,250,MM1 PING
7.6205,heen,250,"#252,YAW,2.80,GYRO,72,57,59,ACC,-5,-35,267,ADC,1267,498,6,2,"
7.6205,heen,250,MM0 ?FF
7.6205,heen,250,MM1 ?FF
7.6205,heen,250,MM0 FF=0
7.6205,heen,250,MM1 FF=0
7.6205,heen,250,MM1 !M 199 -301
7.6205,heen,250,MM0 !M 199 -301
7.6205,heen,250,MM1 +
7.6205,heen,250,MM0 +
7.6206,heen,250,"#253,YAW,2.80,GYRO,-49,216,59,ACC,19,0,262,ADC,1244,383,3,2,"
7.6206,heen,250,MM0 ?P
7.6206,heen,250,MM1 ?P
7.6206,heen,250,MM0 P=199:-301
7.6206,heen,250,MM1 P=199:-301
7.6705,heen,250,"#254,YAW,2.80,GYRO,-99,-136,53,ACC,1,47,294,ADC,1273,502,5,2,"
7.6705,heen,250,MM0 ?S
7.6705,heen,250,MM1 ?S
7.6705,heen,250,MM0 S=225:-225
7.6706,heen,250,MM1 S=225:-225
7.6706,heen,250,MM0 !M 200 -300
7.6706,heen,250,MM1 !M 200 -300
7.6706,heen,250,MM0 +
7.6706,heen,250,MM1 +
7.6706,heen,250,"#255,YAW,2.80,GYRO,69,-80,69,ACC,11,3,191,ADC,1215,496,8,1,"
7.6706,heen,250,MM0 ?T
7.6706,heen,250,MM1 ?T
7.6706,heen,250,MM0 T=35:34
7.6706,heen,250,MM1 T=36:34
7.7214,heen,250,"#0,YAW,2.80,GYRO,68,117,55,ACC,7,-24,255,ADC,1220,381,4,2,"
7.7214,heen,250,MM0 ?V
7.7214,heen,250,MM1 ?V
7.7214,heen,250,MM0 V=120:223:4906
7.7214,heen,250,MM1 V=120:222:4900
7.7214,heen,250,"#1,YAW,2.80,GYRO,65,172,55,ACC,15,-10,269,ADC,1257,499,5,2,"
7.7214,heen,250,MM0 ?CR
7.7214,heen,250,MM1 ?CR
7.7214,heen,250,MM0 CR=57:-59
7.7215,heen,250,MM1 CR=56:-58
7.7215,heen,250,"#2,YAW,2.80,GYRO,-66,-7,26,ACC,-7,35,330,ADC,1270,500,7,2,"
7.7215,heen,250,MM0 ?A
7.7215,heen,250,MM1 ?A
7.7215,heen,250,MM0 A=-4:-15
7.7215,heen,250,MM1 A=0:-12
7.7736,heen,250,"$GPRMC,130517.0,A,5050.51360,N,00419.37720,E,000.41,161.3,081026,000.4,E*5C"
7.7737,heen,250,"#3,YAW,2.79,GYRO,51,-47,29,ACC,7,23,216,ADC,1187,381,3,1,"
7.7737,heen,250,MM0 !M 201 -299
7.7737,heen,250,MM0 +
7.7737,heen,250,MM0 PING
7.7737,heen,250,MM1 !M 201 -299
7.7737,heen,250,MM1 +
7.7737,heen,250,MM1 PING
7.7737,heen,250,MM0 ?AI
7.7737,heen,250,MM1 ?AI
7.7737,heen,250,MM0 AI=0:0:2422:2436:0:0
7.7737,heen,250,MM1 AI=0:0:2369:2380:0:0
7.7737,heen,250,MM0 !M 202 -298
7.7737,heen,250,MM0 +
7.7737,heen,250,MM1 !M 202 -298
7.7737,heen,250,MM1 +
7.7737,heen,250,"#4,YAW,2.79,GYRO,112,104,37,ACC,-4,-27,212,ADC,1272,391,7,1,"
7.7738,heen,250,MM0 ?C
7.7738,heen,250,MM1 ?C
7.7738,heen,250,MM0 C=-244:-1679
7.7738,heen,250,MM1 C=-111:-1894
7.8223,heen,250,"#5,YAW,2.79,GYRO,-7,205,31,ACC,21,23,247,ADC,1246,383,8,2,"
7.8224,heen,250,MM0 ?D
7.8224,heen,250,MM1 ?D
7.8224,heen,250,MM1 D=32
7.8224,heen,250,MM0 D=0
7.8224,heen,250,"#6,YAW,2.79,GYRO,-94,-23,7,ACC,-18,42,361,ADC,1237,382,4,1,"
7.8224,heen,250,MM0 ?FF
7.8224,heen,250,MM1 ?FF
7.8224,heen,250,MM0 FF=0
7.8224,heen,250,MM1 FF=0
7.8224,heen,250,"#7,YAW,2.79,GYRO,0,-186,41,ACC,-4,16,181,ADC,1243,382,7,2,"
7.8224,heen,250,MM0 ?P
7.8224,heen,250,MM1 ?P
7.8224,heen,250,MM0 P=202:-298
7.8224,heen,250,MM1 P=202:-298
7.8749,heen,250,"#8,YAW,2.79,GYRO,-50,101,30,ACC,-17,-8,316,ADC,1284,397,6,2,"
7.8749,heen,250,MM0 !M 202 -298
7.8749,heen,250,MM1 !M 202 -298
7.8749,heen,250,MM1 +
7.8749,heen,250,MM0 +
7.8749,heen,250,MM0 PING
7.8749,heen,250,MM1 PING
7.8749,heen,250,MM0 ?S
7.8750,heen,250,MM1 ?S
7.8750,heen,250,MM0 S=225:-300
7.8750,heen,250,MM1 S=225:-225
7.8750,heen,250,"#9,YAW,2.79,GYRO,74,186,47,ACC,27,-31,264,ADC,1292,500,6,2,"
7.8750,heen,250,MM0 ?T
7.8750,heen,250,MM1 ?T
7.8750,heen,250,MM0 T=35:34
7.8750,heen,250,MM1 T=36:34
7.9258,heen,250,"#10,YAW,2.79,GYRO,-153,-121,40,ACC,-11,21,287,ADC,1271,502,3,1,"
7.9258,heen,250,MM0 ?V
7.9258,heen,250,MM1 ?V
7.9258,heen,250,MM0 V=120:223:4904
7.9258,heen,250,MM1 V=120:223:4898
7.9258,heen,250,MM0 !M 203 -297
7.9258,heen,250,MM1 !M 203 -297
7.9258,heen,250,MM0 +
7.9258,heen,250,MM1 +
7.9258,heen,250,MM0 PING
7.9258,heen,250,MM1 PING
7.9258,heen,250,"#11,YAW,2.79,GYRO,21,-146,51,ACC,-4,10,186,ADC,1321,502,5,2,"
7.9258,heen,250,MM0 ?CR
7.9258,heen,250,MM1 ?CR
7.9258,heen,250,MM0 CR=57:-61
7.9258,heen,250,MM1 CR=56:-59
7.9259,heen,250,"#12,YAW,2.79,GYRO,105,80,40,ACC,27,-45,298,ADC,1296,503,6,2,"
7.9259,heen,250,MM0 ?A
7.9259,heen,250,MM1 ?A
7.9259,heen,250,MM0 A=0:-9
7.9259,heen,250,MM1 A=0:-12
7.9437,heen,250,"$GPRMC,130517.2,A,5050.51363,N,00419.37721,E,000.40,161.3,081026,000.4,E*5D"
7.9437,heen,250,"#13,YAW,2.79,GYRO,-36,214,44,ACC,9,-25,293,ADC,1229,386,5,1,"
7.9437,heen,250,MM0 ?AI
7.9437,heen,250,MM1 ?AI
7.9643,heen,250,MM0 AI=0:0:2449:2447:0:0
7.9644,heen,250,MM1 AI=0:0:2357:2357:0:0
7.9644,heen,250,MM0 !M 202 -298
7.9644,heen,250,MM1 !M 202 -298
7.9644,heen,250,MM0 +
7.9644,heen,250,MM1 +
7.9644,heen,250,MM0 PING
7.9644,heen,250,MM1 PING
7.9644,heen,250,"#14,YAW,2.79,GYRO,-188,3,11,ACC,17,25,164,ADC,1270,335,4,2,"
7.9644,heen,250,MM0 ?C
7.9644,heen,250,MM1 ?C
7.9644,heen,250,MM0 C=-187:-1740
7.9644,heen,250,MM1 C=-55:-1953
7.9856,heen,250,"#15,YAW,2.79,GYRO,-35,24,27,ACC,-13,14,211,ADC,1249,385,6,2,"
7.9856,heen,250,MM0 ?D
7.9857,heen,250,MM1 ?D
7.9857,heen,250,MM0 D=33
7.9857,heen,250,MM1 D=0
7.9857,heen,250,MM0 !M 203 -297
7.9857,heen,250,MM1 !M 203 -297
7.9857,heen,250,MM0 +
7.9857,heen,250,MM1 +
8.0194,heen,250,MM0 PING
8.0194,heen,250,MM1 PING
8.0194,heen,250,"#16,YAW,2.79,GYRO,169,244,44,ACC,13,-33,390,ADC,1265,388,5,1,"
8.0194,heen,250,MM0 ?FF
8.0194,heen,250,MM1 ?FF
8.0194,heen,250,MM0 FF=0
8.0194,heen,250,MM1 FF=0
8.0194,heen,250,MM0 !M 205 -295
8.0194,heen,250,MM1 !M 205 -295
8.0194,heen,250,MM0 +
8.0195,heen,250,MM1 +
8.0195,heen,250,"#17,YAW,2.78,GYRO,-60,233,62,ACC,-6,4,245,ADC,1280,401,6,2,"
8.0195,heen,250,MM0 ?P
8.0195,heen,250,MM1 ?P
8.0195,heen,250,MM0 P=205:-295
8.0195,heen,250,MM1 P=205:-295
8.0727,heen,250,"#18,YAW,2.78,GYRO,-69,-86,49,ACC,16,45,103,ADC,1194,384,6,1,"
8.0728,heen,250,MM0 ?S
8.0728,heen,250,MM1 ?S
8.0728,heen,250,MM0 S=225:-225
8.0728,heen,250,MM1 S=225:-225
8.0728,heen,250,MM0 !M 207 -293
8.0728,heen,250,MM1 !M 207 -293
8.0728,heen,250,MM0 +
8.0728,heen,250,MM1 +
8.0728,heen,250,"#19,YAW,2.78,GYRO,-2,43,48,ACC,-91,-15,307,ADC,1276,324,5,2,"
8.0728,heen,250,MM0 ?T
8.0728,heen,250,MM1 ?T
8.0728,heen,250,MM0 T=35:34
8.0728,heen,250,MM1 T=36:34
8.1296,heen,250,"#20,YAW,2.78,GYRO,78,235,61,ACC,-30,-40,370,ADC,1246,381,3,1,"
8.1296,heen,250,MM0 ?V
8.1296,heen,250,MM1 ?V
8.1296,heen,250,MM0 V=120:239:4905
8.1296,heen,250,MM1 V=120:223:4900
8.1296,heen,250,"#21,YAW,2.78,GYRO,-28,79,62,ACC,-21,-9,254,ADC,1278,501,6,2,"
8.1297,heen,250,MM0 ?CR
8.1297,heen,250,MM1 ?CR
8.1297,heen,250,MM0 CR=56:-60
8.1297,heen,250,MM1 CR=55:-59
8.1297,heen,250,"#22,YAW,2.78,GYRO,-64,71,26,ACC,-1,34,141,ADC,1224,390,6,1,"
8.1297,heen,250,MM0 ?A
8.1297,heen,250,MM1 ?A
8.1297,heen,250,MM1 A=0:-9
8.1297,heen,250,MM0 A=-3:-12
8.1635,heen,250,"$GPRMC,130517.4,A,5050.51365,N,00419.37722,E,000.41,161.3,081026,000.4,E*5F"
8.1635,heen,250,"#23,YAW,2.78,GYRO,-3,-120,27,ACC,22,33,214,ADC,1237,419,8,2,"
8.1635,heen,250,MM0 ?AI
8.1635,heen,250,MM1 ?AI
8.1635,heen,250,MM0 AI=0:0:2439:2577:0:0
8.1635,heen,250,MM1 AI=0:0:2343:2370:0:0
8.1635,heen,250,MM0 !M 208 -292
8.1635,heen,250,MM1 !M 208 -292
8.1635,heen,250,MM0 +
8.1635,heen,250,MM1 +
8.1635,heen,250,MM0 PING
8.1635,heen,250,MM1 PING
8.1635,heen,250,"#24,YAW,2.78,GYRO,23,83,32,ACC,-25,-26,429,ADC,1263,315,5,1,"
8.1635,heen,250,MM0 ?C
8.1636,heen,250,MM1 ?C
8.1636,heen,250,MM0 C=-131:-1800
8.1636,heen,250,MM1 C=0:-2012
8.1903,heen,250,"#25,YAW,2.78,GYRO,49,111,50,ACC,6,-34,279,ADC,1251,499,7,2,"
8.1903,heen,250,MM0 ?D
8.1904,heen,250,MM1 ?D
8.1904,heen,250,MM0 D=41
8.1904,heen,250,MM1 D=16
8.2244,heen,250,"#26,YAW,2.78,GYRO,-41,17,34,ACC,19,-9,136,ADC,1286,385,5,2,"
8.2244,heen,250,MM0 ?FF
8.2244,heen,250,MM1 ?FF
8.2244,heen,250,MM0 FF=0
8.2244,heen,250,MM1 FF=0
8.2244,heen,250,MM0 !M 207 -293
8.2244,heen,250,MM1 !M 207 -293
8.2244,heen,250,MM0 +
8.2244,heen,250,MM1 +
8.2244,heen,250,MM0 PING
8.2244,heen,250,MM1 PING
8.2244,heen,250,MM1 !M 210 -290
8.2244,heen,250,MM0 !M 210 -290
8.2244,heen,250,MM1 +
8.2244,heen,250,MM0 +
8.2244,heen,250,"#27,YAW,2.77,GYRO,-3,5,43,ACC,-15,23,199,ADC,1266,324,5,1,"
8.2245,heen,250,MM0 ?P
8.2245,heen,250,MM1 ?P
8.2245,heen,250,MM0 P=210:-290
8.2245,heen,250,MM1 P=210:-290
8.2777,heen,250,"#28,YAW,2.77,GYRO,-57,51,26,ACC,31,11,438,ADC,1221,381,4,2,"
8.2777,heen,250,MM0 ?S
8.2777,heen,250,MM1 ?S
8.2777,heen,250,MM0 S=150:-150
8.2777,heen,250,MM1 S=225:-225
8.2777,heen,250,"#29,YAW,2.77,GYRO,15,159,21,ACC,-22,-5,283,ADC,1266,382,5,2,"
8.2778,heen,250,MM0 !M 211 -289
8.2778,heen,250,MM0 +
8.2778,heen,250,MM1 !M 211 -289
8.2778,heen,250,MM1 +
8.2778,heen,250,MM0 ?T
8.2778,heen,250,MM1 ?T
8.2778,heen,250,MM0 T=35:34
8.2778,heen,250,MM1 T=36:34
8.2778,heen,250,"#30,YAW,2.77,GYRO,-45,-143,47,ACC,31,-12,70,ADC,1285,389,4,2,"
8.2778,heen,250,MM0 ?V
8.2779,heen,250,MM1 ?V
8.3268,heen,250,MM0 V=120:223:4905
8.3268,heen,250,MM1 V=120:222:4898
8.3268,heen,250,"#31,YAW,2.77,GYRO,5,90,42,ACC,-30,12,184,ADC,1279,500,5,2,"
8.3268,heen,250,MM0 ?CR
8.3268,heen,250,MM1 ?CR
8.3268,heen,250,MM0 CR=58:-61
8.3268,heen,250,MM1 CR=57:-59
8.3268,heen,250,"#32,YAW,2.77,GYRO,59,-114,91,ACC,41,-53,496,ADC,1246,386,6,2,"
8.3269,heen,250,MM0 ?A
8.3269,heen,250,MM1 ?A
8.3269,heen,250,MM0 A=0:-9
8.3269,heen,250,MM1 A=0:-9
8.3804,heen,250,"$GPRMC,130517.6,A,5050.51367,N,00419.37722,E,000.43,161.3,081026,000.4,E*5D"
8.3804,heen,250,"#33,YAW,2.77,GYRO,-9,154,60,ACC,-3,3,282,ADC,1288,311,5,2,"
8.3805,heen,250,MM0 ?AI
8.3805,heen,250,MM1 ?AI
8.3805,heen,250,MM0 AI=0:0:2435:2434:0:0
8.3805,heen,250,MM1 AI=0:0:2357:2358:0:0
8.3805,heen,250,MM0 !M 212 -288
8.3805,heen,250,MM1 !M 212 -288
8.3805,heen,250,MM0 +
8.3805,heen,250,MM1 +
8.3805,heen,250,MM1 PING
8.3805,heen,250,MM0 PING
8.3805,heen,250,"#34,YAW,2.77,GYRO,21,14,46,ACC,49,-4,61,ADC,1228,323,5,2,"
8.3805,heen,250,MM0 ?C
8.3805,heen,250,MM1 ?C
8.3805,heen,250,MM0 C=-73:-1861
8.3805,heen,250,MM1 C=57:-2071
8.3806,heen,250,MM0 !M 214 -286
8.3806,heen,250,MM1 !M 214 -286
8.3806,heen,250,MM0 +
8.3806,heen,250,MM1 +
8.3806,heen,250,"#35,YAW,2.77,GYRO,-42,256,25,ACC,-12,32,188,ADC,1263,386,6,1,"
8.3806,heen,250,MM0 ?D
8.3806,heen,250,MM1 ?D
8.3807,heen,250,MM0 D=51
8.3807,heen,250,MM1 D=48
8.4008,heen,250,"#36,YAW,2.77,GYRO,71,-456,49,ACC,118,21,533,ADC,1258,381,5,2,"
8.4009,heen,250,MM0 ?FF
8.4009,heen,250,MM1 ?FF
8.4009,heen,250,MM0 FF=0
8.4009,heen,250,MM1 FF=0
8.4392,heen,250,"#37,YAW,2.77,GYRO,26,141,3,ACC,0,29,249,ADC,1238,381,5,1,"
8.4392,heen,250,MM0 !M 216 -284
8.4392,heen,250,MM1 !M 216 -284
8.4392,heen,250,MM0 +
8.4392,heen,250,MM1 +
8.4392,heen,250,MM0 ?P
8.4392,heen,250,MM1 ?P
8.4392,heen,250,MM0 P=214:-286
8.4392,heen,250,MM1 P=216:-284
8.4392,heen,250,"#38,YAW,2.77,GYRO,-80,-100,1,ACC,42,-25,63,ADC,1217,379,4,2,"
8.4393,heen,250,MM0 ?S
8.4393,heen,250,MM1 ?S
8.4393,heen,250,MM1 S=225:-225
8.4755,heen,250,MM0 S=225:-225
8.4755,heen,250,MM0 !M 217 -283
8.4755,heen,250,MM1 !M 217 -283
8.4755,heen,250,MM0 +
8.4755,heen,250,MM1 +
8.4755,heen,250,"#39,YAW,2.77,GYRO,-34,286,3,ACC,35,-115,273,ADC,1249,361,5,1,"
8.4755,heen,250,MM0 ?T
8.4755,heen,250,MM1 ?T
8.4755,heen,250,MM0 T=35:34
8.4755,heen,250,MM1 T=36:34
8.4755,heen,250,"#40,YAW,2.77,GYRO,-128,-196,11,ACC,1,-3,316,ADC,1246,387,6,2,"
8.5293,heen,250,MM0 ?V
8.5293,heen,250,MM1 ?V
8.5293,heen,250,MM0 V=120:223:4906
8.5293,heen,250,MM1 V=120:223:4898
8.5293,heen,250,"#41,YAW,2.76,GYRO,21,79,10,ACC,-22,-27,196,ADC,1260,389,6,2,"
8.5293,heen,250,MM0 ?CR
8.5293,heen,250,MM1 ?CR
8.5293,heen,250,MM0 CR=57:-59
8.5293,heen,250,MM1 CR=57:-60
8.5293,heen,250,MM0 !M 217 -283
8.5293,heen,250,MM1 !M 217 -283
8.5293,heen,250,MM0 +
8.5293,heen,250,MM1 +
8.5293,heen,250,"#42,YAW,2.76,GYRO,35,166,36,ACC,42,-41,84,ADC,1266,495,5,2,"
8.5294,heen,250,MM0 ?A
8.5294,heen,250,MM1 ?A
8.5294,heen,250,MM0 A=0:-13
8.5294,heen,250,MM1 A=0:-13
8.5504,heen,250,"#43,YAW,2.76,GYRO,-78,106,33,ACC,-9,-12,277,ADC,1258,499,5,2,"
8.5505,heen,250,MM0 ?AI
8.5505,heen,250,MM1 ?AI
8.5505,heen,250,MM0 AI=0:0:2444:2449:0:0
8.5505,heen,250,MM1 AI=0:0:2364:2610:0:0
8.5505,heen,250,"$GPRMC,130517.8,A,5050.51370,N,00419.37723,E,000.45,161.3,081026,000.4,E*52"
8.5843,heen,250,"#44,YAW,2.76,GYRO,-142,-168,31,ACC,5,0,334,ADC,1258,328,5,1,"
8.5843,heen,250,MM0 ?C
8.5843,heen,250,MM1 ?C
8.5843,heen,250,MM0 C=-15:-1920
8.5844,heen,250,MM1 C=114:-2131
8.5844,heen,250,"#45,YAW,2.76,GYRO,48,160,21,ACC,-25,-10,238,ADC,1246,383,5,2,"
8.5845,heen,250,MM0 ?D
8.5845,heen,250,MM1 ?D
8.5845,heen,250,MM0 D=32
8.5845,heen,250,MM1 D=35
8.6185,heen,250,MM0 !M 218 -282
8.6185,heen,250,MM1 !M 218 -282
8.6185,heen,250,MM0 +
8.6185,heen,250,MM1 +
8.6185,heen,250,MM0 PING
8.6185,heen,250,MM1 PING
8.6185,heen,250,"#46,YAW,2.76,GYRO,26,26,39,ACC,36,-20,93,ADC,1280,326,4,2,"
8.6186,heen,250,MM0 ?FF
8.6186,heen,250,MM0 FF=0
8.6186,heen,250,MM1 ?FF
8.6186,heen,250,MM1 FF=0
8.6186,heen,250,MM0 !M 218 -282
8.6186,heen,250,MM1 !M 218 -282
8.6186,heen,250,MM1 +
8.6186,heen,250,MM0 +
8.6186,heen,250,"#47,YAW,2.76,GYRO,-45,133,20,ACC,74,-32,270,ADC,1273,412,5,2,"
8.6186,heen,250,MM0 ?P
8.6186,heen,250,MM1 ?P
8.6186,heen,250,MM0 P=218:-282
8.6419,heen,250,MM1 P=218:-282
8.6419,heen,250,"#48,YAW,2.76,GYRO,-133,-221,18,ACC,-7,-26,315,ADC,1244,388,5,2,"
8.6419,heen,250,MM0 ?S
8.6419,heen,250,MM1 ?S
8.6419,heen,250,MM0 S=225:-225
8.6419,heen,250,MM1 S=225:-225
8.6762,heen,250,MM0 !M 221 -279
8.6763,heen,250,MM1 !M 221 -279
8.6763,heen,250,MM0 +
8.6763,heen,250,MM1 +
8.6763,heen,250,"#49,YAW,2.76,GYRO,90,36,23,ACC,-28,-40,224,ADC,1261,306,4,2,"
8.6763,heen,250,MM0 ?T
8.6763,heen,250,MM1 ?T
8.6763,heen,250,MM0 T=35:34
8.6763,heen,250,MM1 T=36:34
8.6763,heen,250,"#50,YAW,2.76,GYRO,30,14,42,ACC,35,-36,117,ADC,1260,395,5,1,"
8.6763,heen,250,MM0 ?V
8.6764,heen,250,MM1 ?V
8.7305,heen,250,MM0 V=120:224:4905
8.7305,heen,250,MM1 V=120:223:4898
8.7305,heen,250,"#51,YAW,2.76,GYRO,39,200,21,ACC,-28,59,267,ADC,1229,380,3,2,"
8.7306,heen,250,MM1 ?CR
8.7306,heen,250,MM0 ?CR
8.7306,heen,250,MM1 CR=57:-58
8.7306,heen,250,MM0 CR=58:-59
8.7306,heen,250,MM0 !M 222 -278
8.7306,heen,250,MM1 !M 222 -278
8.7306,heen,250,MM0 +
8.7306,heen,250,MM1 +
8.7306,heen,250,"#52,YAW,2.76,GYRO,-52,-82,16,ACC,5,6,493,ADC,1271,385,7,2,"
8.7306,heen,250,MM0 ?A
8.7306,heen,250,MM1 ?A
8.7306,heen,250,MM0 A=0:-9
8.7306,heen,250,MM1 A=0:-6
8.7853,heen,250,"$GPRMC,130518.0,A,5050.51372,N,00419.37724,E,000.47,161.3,081026,000.4,E*52"
8.7853,heen,250,"#53,YAW,2.76,GYRO,31,111,-3,ACC,-2,-14,201,ADC,1237,307,5,1,"
8.7853,heen,250,MM1 ?AI
8.7853,heen,250,MM0 ?AI
8.7853,heen,250,MM1 AI=0:0:2322:2305:0:0
8.7853,heen,250,MM0 AI=0:0:2453:2439:0:0
8.7853,heen,250,"#54,YAW,2.76,GYRO,8,20,10,ACC,30,-26,118,ADC,1268,383,5,2,"
8.7853,heen,250,MM0 ?C
8.7853,heen,250,MM1 ?C
8.7853,heen,250,MM0 C=42:-1979
8.7853,heen,250,MM1 C=171:-2189
8.7854,heen,250,MM0 !M 223 -277
8.7854,heen,250,MM1 !M 223 -277
8.7854,heen,250,MM0 +
8.7854,heen,250,MM1 +
8.7854,heen,250,"#55,YAW,2.76,GYRO,61,195,6,ACC,-5,20,261,ADC,1259,501,6,2,"
8.7854,heen,250,MM0 ?D
8.7854,heen,250,MM1 ?D
8.7854,heen,250,MM1 D=10
8.7854,heen,250,MM0 D=3
8.8062,heen,250,"#56,YAW,2.76,GYRO,-91,-101,18,ACC,-22,3,490,ADC,1216,382,7,1,"
8.8062,heen,250,MM1 ?FF
8.8062,heen,250,MM0 ?FF
8.8062,heen,250,MM1 FF=0
8.8062,heen,250,MM0 FF=0
8.8273,heen,250,MM0 !M 223 -277
8.8273,heen,250,MM1 !M 223 -277
8.8273,heen,250,MM0 +
8.8273,heen,250,MM1 +
8.8273,heen,250,"#57,YAW,2.76,GYRO,60,74,10,ACC,-22,5,235,ADC,1313,395,6,2,"
8.8273,heen,250,MM1 ?P
8.8273,heen,250,MM0 ?P
8.8273,heen,250,MM1 P=223:-277
8.8273,heen,250,MM0 P=223:-277
8.8485,heen,250,"#58,YAW,2.76,GYRO,9,85,22,ACC,16,-14,117,ADC,1226,382,4,2,"
8.8486,heen,250,MM1 ?S
8.8486,heen,250,MM0 ?S
8.8486,heen,250,MM1 S=150:-225
8.8486,heen,250,MM0 S=225:-225
8.8843,heen,250,"#59,YAW,2.76,GYRO,-79,153,5,ACC,-1,30,279,ADC,1221,392,5,2,"
8.8843,heen,250,MM1 ?T
8.8843,heen,250,MM0 ?T
8.8844,heen,250,MM1 T=36:34
8.8844,heen,250,MM0 T=35:34
8.8844,heen,250,MM0 !M 225 -275
8.8844,heen,250,MM0 +
8.8844,heen,250,MM1 !M 225 -275
8.8844,heen,250,MM1 +
8.8844,heen,250,"#60,YAW,2.76,GYRO,-218,-305,14,ACC,-15,58,501,ADC,1262,503,5,1,"
8.8844,heen,250,MM1 ?V
8.8844,heen,250,MM0 ?V
8.8844,heen,250,MM1 V=120:224:4899
8.8844,heen,250,MM0 V=120:223:4905
8.9135,heen,250,"#61,YAW,2.76,GYRO,7,-42,12,ACC,-46,-11,210,ADC,1213,380,6,1,"
8.9135,heen,250,MM1 ?CR
8.9135,heen,250,MM0 ?CR
8.9135,heen,250,MM1 CR=58:-59
8.9135,heen,250,MM0 CR=58:-60
8.9264,heen,250,"#62,YAW,2.76,GYRO,31,74,21,ACC,40,-45,100,ADC,1235,382,8,1,"
8.9265,heen,250,MM1 ?A
8.9265,heen,250,MM0 ?A
8.9265,heen,250,MM1 A=0:-9
8.9265,heen,250,MM0 A=0:-6
8.9490,heen,250,"$GPRMC,130518.2,A,5050.51375,N,00419.37726,E,000.47,161.3,081026,000.4,E*55"
8.9490,heen,250,"#63,YAW,2.76,GYRO,-1,169,34,ACC,-118,84,317,ADC,1251,346,5,2,"
8.9490,heen,250,MM1 ?AI
8.9490,heen,250,MM0 ?AI
8.9490,heen,250,MM1 AI=0:0:2334:2377:0:0
8.9490,heen,250,MM0 AI=0:0:2449:2425:0:0
8.9490,heen,250,MM0 !M 226 -274
8.9490,heen,250,MM1 !M 226 -274
8.9490,heen,250,MM0 +
8.9491,heen,250,MM1 +
8.9491,heen,250,MM0 PING
8.9830,heen,250,MM1 PING
8.9830,heen,250,"#64,YAW,2.76,GYRO,-123,-254,39,ACC,19,18,378,ADC,1208,381,4,1,"
8.9831,heen,250,MM1 ?C
8.9831,heen,250,MM0 ?C
8.9831,heen,250,MM1 C=229:-2247
8.9831,heen,250,MM0 C=100:-2039
8.9832,heen,250,"#65,YAW,2.76,GYRO,28,28,15,ACC,-16,5,238,ADC,1281,501,5,2,"
8.9832,heen,250,MM1 ?D
8.9832,heen,250,MM0 ?D
8.9832,heen,250,MM1 D=49
8.9832,heen,250,MM0 D=0
9.0044,heen,250,"#66,YAW,2.76,GYRO,46,220,-4,ACC,28,-23,92,ADC,1280,500,6,1,"
9.0044,heen,250,MM1 ?FF
9.0044,heen,250,MM0 ?FF
9.0044,heen,250,MM1 FF=0
9.0044,heen,250,MM0 FF=0
9.0044,heen,250,MM0 !M 227 -273
9.0044,heen,250,MM1 !M 227 -273
9.0044,heen,250,MM0 +
9.0044,heen,250,MM1 +
9.0044,heen,250,MM1 PING
9.0044,heen,250,MM0 PING
9.0385,heen,250,"#67,YAW,2.76,GYRO,-7,212,-7,ACC,16,2,219,ADC,1253,501,6,2,"
9.0385,heen,250,MM0 ?P
9.0385,heen,250,MM1 ?P
9.0386,heen,250,MM1 P=227:-273
9.0386,heen,250,MM0 P=227:-273
9.0386,heen,250,MM1 !M 230 -270
9.0386,heen,250,MM0 !M 230 -270
9.0386,heen,250,MM1 +
9.0386,heen,250,MM0 +
9.0386,heen,250,"#68,YAW,2.76,GYRO,-164,-52,8,ACC,32,42,554,ADC,1262,501,4,2,"
9.0386,heen,250,MM1 ?S
9.0386,heen,250,MM0 ?S
9.0386,heen,250,MM1 S=225:-225
9.0734,heen,250,MM0 S=225:-150
9.0735,heen,250,MM0 !M 231 -269
9.0735,heen,250,MM1 !M 231 -269
9.0735,heen,250,MM0 +
9.0735,heen,250,MM1 +
9.0735,heen,250,"#69,YAW,2.76,GYRO,32,19,5,ACC,12,-18,215,ADC,1204,288,4,2,"
9.0735,heen,250,MM1 ?T
9.0735,heen,250,MM0 ?T
9.0735,heen,250,MM1 T=36:34
9.0735,heen,250,MM0 T=35:34
9.0943,heen,250,"#70,YAW,2.76,GYRO,57,219,42,ACC,42,-39,92,ADC,1215,380,5,2,"
9.0944,heen,250,MM1 ?V
9.0944,heen,250,MM0 ?V
9.0944,heen,250,MM1 V=120:216:4899
9.0944,heen,250,MM0 V=120:223:4906
9.1285,heen,250,"#71,YAW,2.76,GYRO,108,305,55,ACC,18,-3,153,ADC,1308,391,7,2,"
9.1285,heen,250,MM1 ?CR
9.1285,heen,250,MM0 ?CR
9.1285,heen,250,MM1 CR=57:-57
9.1285,heen,250,MM0 CR=57:-59
9.1286,heen,250,"#72,YAW,2.75,GYRO,-152,-169,50,ACC,-40,6,675,ADC,1195,379,5,1,"
9.1286,heen,250,MM1 ?A
9.1286,heen,250,MM0 ?A
9.1286,heen,250,MM1 A=4:-2
9.1286,heen,250,MM0 A=0:-6
9.1554,heen,250,"$GPRMC,130518.4,A,5050.51377,N,00419.37727,E,000.49,161.3,081026,000.4,E*5E"
9.1554,heen,250,"#73,YAW,2.75,GYRO,115,254,22,ACC,-5,33,173,ADC,1269,338,6,2,"
9.1554,heen,250,MM1 ?AI
9.1554,heen,250,MM0 ?AI
9.1554,heen,250,MM1 AI=0:0:2357:2390:0:0
9.1554,heen,250,MM0 AI=0:0:2440:2454:0:0
9.1554,heen,250,MM0 !M 231 -269
9.1554,heen,250,MM1 !M 231 -269
9.1554,heen,250,MM0 +
9.1555,heen,250,MM1 +
9.1704,heen,250,MM0 PING
9.1704,heen,250,MM1 PING
9.1704,heen,250,"#74,YAW,2.76,GYRO,62,1,31,ACC,63,1,132,ADC,1238,293,8,2,"
9.1704,heen,250,MM1 ?C
9.1704,heen,250,MM0 ?C
9.1704,heen,250,MM1 C=286:-2305
9.1704,heen,250,MM0 C=157:-2098
9.1705,heen,250,MM0 !M 234 -266
9.1705,heen,250,MM1 !M 234 -266
9.1705,heen,250,MM1 +
9.1705,heen,250,MM0 +
9.1907,heen,250,"#75,YAW,2.76,GYRO,17,161,6,ACC,16,3,295,ADC,1284,390,6,2,"
9.1907,heen,250,MM1 ?D
9.1907,heen,250,MM0 ?D
9.1907,heen,250,MM0 D=25
9.1907,heen,250,MM1 D=3
9.2244,heen,250,"#76,YAW,2.76,GYRO,-188,-248,20,ACC,-8,59,494,ADC,1277,494,6,2,"
9.2244,heen,250,MM1 ?FF
9.2244,heen,250,MM0 ?FF
9.2244,heen,250,MM1 FF=0
9.2244,heen,250,MM0 FF=0
9.2244,heen,250,MM0 !M 237 -263
9.2244,heen,250,MM1 !M 237 -263
9.2244,heen,250,MM0 +
9.2244,heen,250,MM1 +
9.2244,heen,250,"#77,YAW,2.76,GYRO,26,-35,-9,ACC,-29,2,238,ADC,1276,498,7,2,"
9.2245,heen,250,MM1 ?P
9.2245,heen,250,MM0 ?P
9.2245,heen,250,MM1 P=237:-263
9.2245,heen,250,MM0 P=237:-263
9.2452,heen,250,"#78,YAW,2.76,GYRO,29,102,-8,ACC,15,-28,156,ADC,1236,386,5,2,"
9.2452,heen,250,MM1 ?S
9.2452,heen,250,MM0 ?S
9.2452,heen,250,MM1 S=150:-225
9.2452,heen,250,MM0 S=225:-225
9.2793,heen,250,"#79,YAW,2.76,GYRO,29,241,6,ACC,0,-8,211,ADC,1251,386,5,1,"
9.2793,heen,250,MM0 ?T
9.2794,heen,250,MM1 ?T
9.2794,heen,250,MM0 T=35:34
9.2794,heen,250,MM1 T=36:34
9.2794,heen,250,MM0 !M 237 -263
9.2794,heen,250,MM1 !M 237 -263
9.2794,heen,250,MM0 +
9.2794,heen,250,MM1 +
9.2794,heen,250,"#80,YAW,2.76,GYRO,-199,-43,15,ACC,-26,0,512,ADC,1230,389,6,1,"
9.2794,heen,250,MM1 ?V
9.2794,heen,250,MM0 ?V
9.2794,heen,250,MM1 V=120:223:4899
9.3001,heen,250,MM0 V=120:223:4905
9.3001,heen,250,"#81,YAW,2.75,GYRO,-8,-191,8,ACC,-2,3,174,ADC,1260,502,5,2,"
9.3001,heen,250,MM1 ?CR
9.3001,heen,250,MM0 ?CR
9.3001,heen,250,MM1 CR=58:-59
9.3001,heen,250,MM0 CR=59:-60
9.3344,heen,250,MM1 !M 238 -262
9.3345,heen,250,MM0 !M 238 -262
9.3345,heen,250,MM1 +
9.3345,heen,250,MM0 +
9.3345,heen,250,"#82,YAW,2.75,GYRO,30,122,23,ACC,4,-18,156,ADC,1260,345,5,2,"
9.3345,heen,250,MM1 ?A
9.3345,heen,250,MM0 ?A
9.3345,heen,250,MM1 A=4:-6
9.3345,heen,250,MM0 A=0:-2
9.3345,heen,250,"$GPRMC,130518.6,A,5050.51380,N,00419.37728,E,000.52,161.3,081026,000.4,E*51"
9.3913,heen,250,"#83,YAW,2.75,GYRO,199,256,41,ACC,41,-47,171,ADC,1231,328,6,2,"
9.3913,heen,250,MM0 ?AI
9.3913,heen,250,MM1 ?AI
9.3913,heen,250,MM0 AI=0:0:2404:2417:0:0
9.3913,heen,250,MM1 AI=0:0:2354:2365:0:0
9.3913,heen,250,"#84,YAW,2.75,GYRO,-170,-107,57,ACC,-54,-14,639,ADC,1272,396,5,2,"
9.3914,heen,250,MM1 ?C
9.3914,heen,250,MM0 ?C
9.3914,heen,250,MM1 C=345:-2364
9.3914,heen,250,MM0 C=216:-2158
9.3915,heen,250,MM0 !M 239 -261
9.3915,heen,250,MM1 !M 239 -261
9.3915,heen,250,MM0 +
9.3915,heen,250,MM1 +
9.3915,heen,250,"#85,YAW,2.75,GYRO,86,-39,19,ACC,17,34,180,ADC,1217,391,5,2,"
9.3915,heen,250,MM1 ?D
9.3915,heen,250,MM0 ?D
9.3915,heen,250,MM1 D=48
9.3915,heen,250,MM0 D=16
9.4251,heen,250,"#86,YAW,2.75,GYRO,131,284,1,ACC,32,-12,82,ADC,1244,381,7,2,"
9.4251,heen,250,MM1 ?FF
9.4252,heen,250,MM0 ?FF
9.4252,heen,250,MM1 FF=0
9.4252,heen,250,MM0 FF=0
9.4252,heen,250,MM0 !M 240 -260
9.4252,heen,250,MM1 !M 240 -260
9.4252,heen,250,MM0 +
9.4252,heen,250,MM1 +
9.4252,heen,250,"#87,YAW,2.75,GYRO,-93,184,-1,ACC,-5,19,253,ADC,1240,501,6,1,"
9.4252,heen,250,MM1 ?P
9.4252,heen,250,MM0 ?P
9.4252,heen,250,MM1 P=240:-260
9.4252,heen,250,MM0 P=240:-260
9.4463,heen,250,"#88,YAW,2.75,GYRO,-13,-483,32,ACC,148,14,221,ADC,1262,386,5,1,"
9.4463,heen,250,MM0 ?S
9.4463,heen,250,MM1 ?S
9.4463,heen,250,MM0 S=225:-225
9.4463,heen,250,MM1 S=225:-225
9.4674,heen,250,"#89,YAW,2.75,GYRO,-21,13,-13,ACC,-70,-17,287,ADC,1297,393,4,1,"
9.4674,heen,250,MM0 ?T
9.4674,heen,250,MM1 ?T
9.4674,heen,250,MM0 T=35:34
9.4674,heen,250,MM1 T=36:34
9.5034,heen,250,"#90,YAW,2.75,GYRO,17,35,-21,ACC,23,-19,103,ADC,1275,394,5,2,"
9.5034,heen,250,MM1 ?V
9.5034,heen,250,MM0 ?V
9.5034,heen,250,MM0 V=120:225:4905
9.5034,heen,250,MM1 V=120:223:4899
9.5034,heen,250,"#91,YAW,2.75,GYRO,-217,44,-8,ACC,2,-39,503,ADC,1222,384,6,2,"
9.5035,heen,250,MM0 ?CR
9.5035,heen,250,MM1 ?CR
9.5035,heen,250,MM0 CR=58:-60
9.5035,heen,250,MM1 CR=58:-59
9.5035,heen,250,MM0 !M 243PING
9.5035,heen,250,MM1 !M 243PING
9.5035,heen,250,MM0 +
9.5035,heen,250,MM1 +
9.5375,heen,250,"#92,YAW,2.75,GYRO,-142,-192,-18,ACC,1,54,237,ADC,1263,391,4,2,"
9.5375,heen,250,MM0 !M 244 -256
9.5375,heen,250,MM0 +
9.5375,heen,250,MM1 !M 244 -256
9.5375,heen,250,MM1 +
9.5375,heen,250,MM0 ?A
9.5375,heen,250,MM1 ?A
9.5375,heen,250,MM0 A=0:-2
9.5375,heen,250,MM1 A=4:-2
9.5375,heen,250,"$GPRMC,130518.8,A,5050.51383,N,00419.37730,E,000.53,161.3,081026,000.4,E*54"
9.5375,heen,250,"#93,YAW,2.75,GYRO,7,1,-12,ACC,-4,-11,202,ADC,1244,341,4,1,"
9.5376,heen,250,MM0 ?AI
9.5376,heen,250,MM1 ?AI
9.5893,heen,250,MM0 AI=0:0:2448:2433:0:0
9.5893,heen,250,MM1 AI=0:0:2344:2419:0:0
9.5893,heen,250,"#94,YAW,2.76,GYRO,38,241,-7,ACC,13,-33,177,ADC,1236,393,5,2,"
9.5894,heen,250,MM0 ?C
9.5894,heen,250,MM1 ?C
9.5894,heen,250,MM0 C=274:-2217
9.5894,heen,250,MM1 C=403:-2422
9.5895,heen,250,MM1 !M 244 -256
9.5895,heen,250,MM0 !M 244 -256
9.5895,heen,250,MM1 +
9.5895,heen,250,MM0 +
9.5895,heen,250,"#95,YAW,2.76,GYRO,25,164,32,ACC,-8,-4,349,ADC,1222,381,6,2,"
9.5895,heen,250,MM0 ?D
9.5895,heen,250,MM1 ?D
9.5895,heen,250,MM0 D=59
9.5895,heen,250,MM1 D=3
9.6394,heen,250,"#96,YAW,2.76,GYRO,-182,-274,34,ACC,11,76,289,ADC,1231,400,5,1,"
9.6394,heen,250,MM0 ?FF
9.6394,heen,250,MM1 ?FF
9.6394,heen,250,MM0 FF=0
9.6394,heen,250,MM1 FF=0
9.6394,heen,250,"#97,YAW,2.76,GYRO,54,92,3,ACC,-9,28,209,ADC,1230,389,6,1,"
9.6395,heen,250,MM0 ?P
9.6395,heen,250,MM1 ?P
9.6395,heen,250,MM0 P=244:-256
9.6395,heen,250,MM1 P=244:-256
9.6395,heen,250,MM0 !M 247 -253
9.6395,heen,250,MM1 !M 247 -253
9.6395,heen,250,MM0 +
9.6395,heen,250,MM1 +
9.6395,heen,250,"#98,YAW,2.76,GYRO,26,237,-3,ACC,20,-19,181,ADC,1265,499,4,1,"
9.6395,heen,250,MM0 ?S
9.6395,heen,250,MM1 ?S
9.6395,heen,250,MM0 S=225:-150
9.6395,heen,250,MM1 S=150:-225
9.6904,heen,250,"#99,YAW,2.76,GYRO,-51,22,14,ACC,-1,-17,319,ADC,1273,393,5,1,"
9.6905,heen,250,MM0 ?T
9.6905,heen,250,MM1 ?T
9.6905,heen,250,MM0 T=35:34
9.6905,heen,250,MM1 T=36:34
9.6905,heen,250,MM0 !M 249 -251
9.6905,heen,250,MM1 !M 249 -251
9.6905,heen,250,MM0 +
9.6905,heen,250,MM1 +
9.6905,heen,250,"#100,YAW,2.76,GYRO,-114,-216,8,ACC,4,31,311,ADC,1242,385,6,2,"
9.6905,heen,250,MM0 ?V
9.6905,heen,250,MM1 ?V
9.6905,heen,250,MM0 V=120:223:4906
9.6905,heen,250,MM1 V=120:208:4898
9.7404,heen,250,"#101,YAW,2.76,GYRO,70,40,-4,ACC,2,-4,189,ADC,1248,500,5,1,"
9.7405,heen,250,MM0 ?CR
9.7405,heen,250,MM1 ?CR
9.7405,heen,250,MM0 CR=58:-58
9.7405,heen,250,MM1 CR=58:-57
9.7405,heen,250,"#102,YAW,2.76,GYRO,56,117,-19,ACC,1,-10,182,ADC,1234,385,5,1,"
9.7405,heen,250,MM0 ?A
9.7405,heen,250,MM1 ?A
9.7405,heen,250,MM0 A=4:-2
9.7405,heen,250,MM1 A=8:-2
9.7405,heen,250,MM0 !M 250 -250
9.7405,heen,250,MM1 !M 250 -250
9.7405,heen,250,MM0 +
9.7405,heen,250,MM1 +
9.7405,heen,250,"#103,YAW,2.76,GYRO,66,178,2,ACC,19,-6,313,ADC,1235,383,5,2,"
9.7406,heen,250,MM0 ?AI
9.7406,heen,250,MM1 ?AI
9.7916,heen,250,"$GPRMC,130519.0,A,5050.51386,N,00419.37732,E,000.59,161.3,081026,000.4,E*50"
9.7916,heen,250,MM0 AI=0:0:2449:2454:0:0
9.7916,heen,250,MM1 AI=0:0:2358:2358:0:0
9.7916,heen,250,"#104,YAW,2.76,GYRO,-77,-69,9,ACC,-7,39,316,ADC,1282,386,6,1,"
9.7917,heen,250,MM0 ?C
9.7917,heen,250,MM1 ?C
9.7917,heen,250,MM0 C=333:-2275
9.7917,heen,250,MM1 C=461:-2479
9.7918,heen,250,MM0 !M 250 -250
9.7918,heen,250,MM1 !M 250 -250
9.7918,heen,250,MM0 +
9.7918,heen,250,MM1 +
9.7918,heen,250,"#105,YAW,2.76,GYRO,14,11,-10,ACC,-5,21,232,ADC,1216,382,7,2,"
9.7918,heen,250,MM0 ?D
9.7918,heen,250,MM1 ?D
9.7918,heen,250,MM1 D=48
9.7918,heen,250,MM0 D=1
9.8422,heen,250,"#106,YAW,2.76,GYRO,66,182,-22,ACC,21,-24,210,ADC,1259,389,6,1,"
9.8422,heen,250,MM0 ?FF
9.8422,heen,250,MM1 ?FF
9.8423,heen,250,MM0 FF=0
9.8423,heen,250,MM1 FF=0
9.8423,heen,250,"#107,YAW,2.76,GYRO,36,183,-12,ACC,6,-20,267,ADC,1272,501,4,1,"
9.8423,heen,250,MM0 ?P
9.8423,heen,250,MM1 ?P
9.8423,heen,250,MM0 P=250:-250
9.8423,heen,250,MM1 P=250:-250
9.8423,heen,250,"#108,YAW,2.76,GYRO,-22,-89,1,ACC,3,10,335,ADC,1225,403,6,2,"
9.8423,heen,250,MM0 ?S
9.8423,heen,250,MM1 ?S
9.8423,heen,250,MM0 S=225:-225
9.8423,heen,250,MM1 S=225:-225
9.8929,heen,250,"#109,YAW,2.76,GYRO,-21,2,-21,ACC,-7,35,223,ADC,1217,382,4,2,"
9.8929,heen,250,MM0 ?T
9.8929,heen,250,MM0 T=35:34
9.8929,heen,250,MM1 ?T
9.8929,heen,250,MM1 T=36:34
9.8929,heen,250,MM0 !M 252 -248
9.8930,heen,250,MM1 !M 252 -248
9.8930,heen,250,MM0 +
9.8930,heen,250,MM1 +
9.8930,heen,250,MM0 PING
9.8930,heen,250,MM1 PING
9.8930,heen,250,"#110,YAW,2.76,GYRO,57,191,-31,ACC,9,-24,215,ADC,1221,383,4,1,"
9.8930,heen,250,MM0 ?V
9.8930,heen,250,MM1 ?V
9.8930,heen,250,MM0 V=120:223:4905
9.8930,heen,250,MM1 V=120:223:4899
9.9460,heen,250,"#111,YAW,2.76,GYRO,7,243,-22,ACC,22,-4,214,ADC,1261,385,8,2,"
9.9460,heen,250,MM0 ?CR
9.9460,heen,250,MM1 ?CR
9.9460,heen,250,MM0 CR=59:-58
9.9460,heen,250,MM1 CR=58:-57
9.9460,heen,250,MM0 !M 253 -247
9.9461,heen,250,MM1 !M 253 -247
9.9461,heen,250,MM1 +
9.9461,heen,250,MM0 +
9.9461,heen,250,MM0 PING
9.9461,heen,250,MM1 PING
9.9461,heen,250,"#112,YAW,2.76,GYRO,-150,-279,-4,ACC,-18,43,328,ADC,1220,381,4,1,"
9.9461,heen,250,MM0 ?A
9.9461,heen,250,MM1 ?A
9.9461,heen,250,MM0 A=0:-3
9.9461,heen,250,MM1 A=3:0
9.9461,heen,250,"#113,YAW,2.76,GYRO,-26,-32,-5,ACC,-9,24,177,ADC,1284,397,3,2,"
9.9461,heen,250,"$GPRMC,130519.2,A,5050.51393,N,00419.37745,E,000.60,161.3,081026,000.4,E*5C"
9.9461,heen,250,MM0 ?AI
9.9461,heen,250,MM1 ?AI
9.9729,heen,250,MM0 AI=0:0:2428:2462:0:0
9.9730,heen,250,MM1 AI=0:0:2356:2365:0:0
9.9730,heen,250,"#114,YAW,2.76,GYRO,45,125,-22,ACC,11,-29,202,ADC,1248,390,6,2,"
9.9730,heen,250,MM0 ?C
9.9730,heen,250,MM1 ?C
9.9730,heen,250,MM0 C=392:-2333
9.9730,heen,250,MM1 C=519:-2537
10.0494,heen,250,"#115,YAW,2.76,GYRO,53,231,-15,ACC,0,-20,237,ADC,1201,371,6,2,"
10.0495,heen,250,MM0 !M 253 -247
10.0495,heen,250,MM0 +
10.0495,heen,250,MM1 !M 253 -247
10.0495,heen,250,MM1 +
10.0495,heen,250,MM1 PING
10.0495,heen,250,MM0 PING
10.0495,heen,250,MM0 ?D
10.0495,heen,250,MM1 ?D
10.0495,heen,250,MM0 D=50
10.0495,heen,250,MM1 D=18
10.0495,heen,250,"#116,YAW,2.76,GYRO,-110,-187,12,ACC,-1,57,307,ADC,1224,387,7,2,"
10.0496,heen,250,MM0 ?FF
10.0496,heen,250,MM1 ?FF
10.0496,heen,250,MM0 FF=0
10.0496,heen,250,MM1 FF=0
10.0496,heen,250,MM0 !M 254 -246
10.0496,heen,250,MM1 !M 254 -246
10.0496,heen,250,MM0 +
10.0496,heen,250,MM1 +
10.0496,heen,250,MM0 PING
10.0496,heen,250,MM1 PING
10.0496,heen,250,"#117,YAW,2.76,GYRO,2,-13,0,ACC,-24,14,263,ADC,1268,390,6,2,"
10.0496,heen,250,MM0 ?P
10.0496,heen,250,MM1 ?P
10.0496,heen,250,MM0 P=254:-246
10.0496,heen,250,MM1 P=254:-246
10.0496,heen,250,MM0 !M 257 -243
10.0496,heen,250,MM1 !M 257 -243
10.0496,heen,250,MM0 +
10.0496,heen,250,MM1 +
10.0496,heen,250,"#118,YAW,2.76,GYRO,44,274,-44,ACC,34,-22,160,ADC,1275,500,5,2,"
10.0496,heen,250,MM0 ?S
10.0496,heen,250,MM1 ?S
10.0496,heen,250,MM0 S=225:-150
10.0496,heen,250,MM1 S=150:-225
10.0832,heen,250,"#119,YAW,2.77,GYRO,2,234,-40,ACC,29,2,193,ADC,1208,382,4,2,"
10.0833,heen,250,MM0 ?T
10.0833,heen,250,MM1 ?T
10.0833,heen,250,MM0 T=35:34
10.0833,heen,250,MM1 T=36:34
10.0833,heen,250,"#120,YAW,2.77,GYRO,-215,-28,-29,ACC,-26,55,414,ADC,1272,499,4,2,"
10.0833,heen,250,MM0 ?V
10.0833,heen,250,MM1 ?V
10.0833,heen,250,MM0 V=120:223:4906
10.0833,heen,250,MM1 V=120:222:4898
10.1058,heen,250,"#121,YAW,2.77,GYRO,1,-3,-26,ACC,-7,-6,205,ADC,1249,402,5,2,"
10.1058,heen,250,MM0 ?CR
10.1058,heen,250,MM1 ?CR
10.1058,heen,250,MM0 CR=59:-57
10.1059,heen,250,MM1 CR=59:-58
10.1059,heen,250,MM1 !M 258 -242
10.1405,heen,250,MM0 !M 258 -242
10.1405,heen,250,MM1 +
10.1405,heen,250,MM0 +
10.1405,heen,250,MM1 PING
10.1405,heen,250,MM0 PING
10.1405,heen,250,"#122,YAW,2.77,GYRO,108,353,-7,ACC,18,-53,148,ADC,1224,280,4,2,"
10.1405,heen,250,MM0 ?A
10.1406,heen,250,MM1 ?A
10.1406,heen,250,MM0 A=11:-3
10.1406,heen,250,MM1 A=7:-3
10.1406,heen,250,MM0 !M 258 -242
10.1406,heen,250,MM1 !M 258 -242
10.1406,heen,250,MM0 +
10.1406,heen,250,MM1 +
10.1406,heen,250,"$GPRMC,130519.4,A,5050.51397,N,00419.37750,E,000.61,161.3,081026,000.4,E*5B"
10.1630,heen,250,"#123,YAW,2.77,GYRO,112,358,16,ACC,15,-4,207,ADC,1276,500,7,2,"
10.1630,heen,250,MM0 ?AI
10.1630,heen,250,MM1 ?AI
10.1630,heen,250,MM0 AI=0:0:2440:2583:0:0
10.1630,heen,250,MM1 AI=0:0:2363:2367:0:0
10.1630,heen,250,"#124,YAW,2.77,GYRO,-36,-225,61,ACC,16,33,398,ADC,1229,383,5,2,"
10.1631,heen,250,MM0 ?C
10.1631,heen,250,MM1 ?C
10.1631,heen,250,MM0 C=450:-2390
10.1631,heen,250,MM1 C=577:-2593
10.1971,heen,250,"#125,YAW,2.77,GYRO,-6,106,17,ACC,-25,23,237,ADC,1224,382,5,2,"
10.1972,heen,250,MM0 !M 258 -242
10.1972,heen,250,MM0 +
10.1972,heen,250,MM1 !M 258 -242
10.1972,heen,250,MM1 +
10.1972,heen,250,MM0 ?D
10.1972,heen,250,MM1 ?D
10.1972,heen,250,MM0 D=19
10.1973,heen,250,MM1 D=1
10.1973,heen,250,"#126,YAW,2.77,GYRO,107,243,-3,ACC,24,-21,118,ADC,1262,501,5,2,"
10.1973,heen,250,MM0 ?FF
10.1973,heen,250,MM1 ?FF
10.7483,heen,250,MM0 FF=0
10.7483,heen,250,MM1 FF=0
10.7483,heen,250,"#127,YAW,2.77,GYRO,-72,99,-34,ACC,-47,-25,264,ADC,1287,398,6,2,"
10.7484,heen,250,MM0 ?P
10.7484,heen,250,MM1 ?P
10.7484,heen,250,MM0 P=258:-242
10.7484,heen,250,MM1 P=258:-242
10.7484,heen,250,MM1 !M 263 -237
10.7484,heen,250,MM0 !M 263 -237
10.7484,heen,250,MM1 +
10.7484,heen,250,MM0 +
10.7484,heen,250,"#128,YAW,2.77,GYRO,-32,-263,13,ACC,4,9,305,ADC,1263,499,7,2,"
10.7484,heen,250,MM0 ?S
10.7484,heen,250,MM1 ?S
10.7484,heen,250,MM0 S=225:-225
10.7484,heen,250,MM1 S=225:-225
10.7484,heen,250,"#129,YAW,2.77,GYRO,-45,-74,-6,ACC,1,22,297,ADC,1250,389,3,2,"
10.7484,heen,250,MM0 ?T
10.7485,heen,250,MM1 ?T
10.7485,heen,250,MM0 T=35:34
10.7485,heen,250,MM1 T=36:34
10.7485,heen,250,"#130,YAW,2.77,GYRO,106,216,-21,ACC,3,-29,168,ADC,1236,385,5,2,"
10.7485,heen,250,MM0 ?V
10.7485,heen,250,MM1 ?V
10.7485,heen,250,MM0 V=120:222:4905
10.7485,heen,250,MM1 V=120:223:4900
10.7485,heen,250,"#131,YAW,2.77,GYRO,-85,152,-33,ACC,42,-23,322,ADC,1258,388,4,2,"
10.7485,heen,250,MM0 ?CR
10.7485,heen,250,MM1 ?CR
10.7485,heen,250,MM0 CR=58:-58
10.7485,heen,250,MM1 CR=58:-57
10.7485,heen,250,MM0 !M 264 -236
10.7485,heen,250,MM1 !M 264 -236
10.7485,heen,250,MM0 +
10.7485,heen,250,MM1 +
10.7485,heen,250,MM1 PING
10.7485,heen,250,MM0 PING
10.7485,heen,250,"#132,YAW,2.77,GYRO,-128,-186,-8,ACC,-31,40,360,ADC,1267,293,5,1,"
10.7485,heen,250,MM0 ?A
10.7485,heen,250,MM1 ?A
10.7485,heen,250,MM0 A=0:0
10.7485,heen,250,MM1 A=3:0
10.7485,heen,250,"$GPRMC,130519.6,A,5050.51400,N,00419.37759,E,000.61,161.3,081026,000.4,E*59"
10.7485,heen,250,"#133,YAW,2.77,GYRO,-3,-129,-13,ACC,22,-1,191,ADC,1276,384,7,2,"
10.7486,heen,250,MM1 ?AI
10.7486,heen,250,MM0 ?AI
10.7486,heen,250,MM1 AI=0:0:2362:2366:0:0
10.7486,heen,250,MM0 AI=0:0:2442:2624:0:0
10.7486,heen,250,"#134,YAW,2.77,GYRO,47,267,-15,ACC,22,-28,124,ADC,1254,333,6,1,"
10.7486,heen,250,MM0 ?C
10.7486,heen,250,MM1 ?C
10.7486,heen,250,MM0 C=510:-2449
10.7486,heen,250,MM1 C=636:-2651
10.7487,heen,250,MM0 !M 265 -235
10.7487,heen,250,MM1 !M 265 -235
10.7487,heen,250,MM0 +
10.7487,heen,250,MM1 +
10.7487,heen,250,MM0 PING
10.7487,heen,250,MM1 PING
10.7487,heen,250,"#135,YAW,2.77,GYRO,18,186,-28,ACC,58,-97,313,ADC,1229,384,4,1,"
10.7487,heen,250,MM0 !M 266 -234
10.7487,heen,250,MM0 +
10.7487,heen,250,MM1 !M 266 -234
10.7487,heen,250,MM1 +
10.7487,heen,250,MM0 ?D
10.7487,heen,250,MM1 ?D
10.7487,heen,250,MM0 D=41
10.7487,heen,250,MM1 D=48
10.7487,heen,250,"#136,YAW,2.77,GYRO,4,-304,23,ACC,-29,24,253,ADC,1286,383,6,2,"
10.7487,heen,250,MM0 ?FF
10.7487,heen,250,MM1 ?FF
10.7487,heen,250,MM0 FF=0
10.7487,heen,250,MM1 FF=0
10.7487,heen,250,"#137,YAW,2.77,GYRO,7,-44,6,ACC,12,45,338,ADC,1234,392,5,2,"
10.7487,heen,250,MM0 ?P
10.7487,heen,250,MM1 ?P
10.7487,heen,250,MM0 P=266:-234
10.7487,heen,250,MM1 P=266:-234
10.7487,heen,250,"#138,YAW,2.77,GYRO,143,394,-18,ACC,10,4,137,ADC,1287,397,7,2,"
10.7487,heen,250,MM1 ?S
10.7487,heen,250,MM0 ?S
10.7487,heen,250,MM0 S=225:-225
10.7487,heen,250,MM1 S=225:-150
10.7487,heen,250,"#139,YAW,2.77,GYRO,-139,96,-59,ACC,204,-3,393,ADC,1286,500,7,2,"
10.7487,heen,250,MM0 ?T
10.7487,heen,250,MM1 ?T
10.7487,heen,250,MM0 T=35:34
10.7487,heen,250,MM1 T=36:34
10.7487,heen,250,MM0 !M 267 -233
10.7487,heen,250,MM1 !M 267 -233
10.7488,heen,250,MM0 +
10.7488,heen,250,MM1 +
10.7488,heen,250,MM0 PING
10.7488,heen,250,MM1 PING
10.7488,heen,250,"#140,YAW,2.77,GYRO,10,-310,-14,ACC,-5,-9,227,ADC,1255,386,5,2,"
10.7488,heen,250,MM0 !M 268 -232
10.7488,heen,250,MM0 +
10.7488,heen,250,MM1 !M 268 -232
10.7488,heen,250,MM1 +
10.7488,heen,250,MM0 ?V
10.7488,heen,250,MM1 ?V
10.7488,heen,250,MM0 V=120:223:4905
10.7488,heen,250,MM1 V=120:223:4898
10.7488,heen,250,"#141,YAW,2.77,GYRO,-107,-140,-41,ACC,9,8,341,ADC,1230,395,4,2,"
10.7488,heen,250,MM0 ?CR
10.7488,heen,250,MM1 ?CR
10.7488,heen,250,MM0 CR=60:-59
10.7488,heen,250,MM1 CR=60:-58
10.7488,heen,250,"#142,YAW,2.77,GYRO,84,289,-48,ACC,24,-4,158,ADC,1224,385,5,2,"
10.7488,heen,250,MM0 ?A
10.7488,heen,250,MM1 ?A
10.7488,heen,250,MM1 A=11:0
10.7488,heen,250,MM0 A=7:0
10.7488,heen,250,MM0 !M 269 -231
10.7488,heen,250,MM1 !M 269 -231
10.7488,heen,250,MM0 +
10.7488,heen,250,MM1 +
10.7488,heen,250,"#143,YAW,2.78,GYRO,-148,-31,-34,ACC,37,31,469,ADC,1235,500,5,2,"
10.7488,heen,250,"$GPRMC,130519.8,A,5050.51402,N,00419.37767,E,000.61,161.3,081026,000.4,E*58"
10.7488,heen,250,MM0 ?AI
10.7488,heen,250,MM1 ?AI
10.7488,heen,250,MM0 AI=0:0:2443:2463:0:0
10.7488,heen,250,MM1 AI=0:0:2368:2361:0:0
10.7488,heen,250,"#144,YAW,2.78,GYRO,-83,-121,-25,ACC,-20,31,241,ADC,1266,499,6,2,"
10.7488,heen,250,MM0 ?C
10.7488,heen,250,MM1 ?C
10.7488,heen,250,MM0 C=569:-2507
10.7488,heen,250,MM1 C=696:-2709
10.7489,heen,250,"#145,YAW,2.78,GYRO,-25,-34,-31,ACC,15,-20,252,ADC,1269,502,4,2,"
10.7489,heen,250,MM0 ?D
10.7489,heen,250,MM0 D=17
10.7489,heen,250,MM1 ?D
10.7489,heen,250,MM1 D=0
10.7489,heen,250,MM1 !M 270 -230
10.7489,heen,250,MM0 !M 270 -230
10.7489,heen,250,MM1 +
10.7489,heen,250,MM0 +
10.7489,heen,250,"#146,YAW,2.78,GYRO,39,399,-40,ACC,-2,-27,162,ADC,1231,383,7,2,"
10.7489,heen,250,MM0 ?FF
10.7489,heen,250,MM1 ?FF
10.7489,heen,250,MM0 FF=0
10.7489,heen,250,MM1 FF=0
10.7489,heen,250,"#147,YAW,2.78,GYRO,-79,195,-30,ACC,33,-23,333,ADC,1241,386,5,1,"
10.7489,heen,250,MM0 ?P
10.7489,heen,250,MM1 ?P
10.7489,heen,250,MM0 P=270:-230
10.7489,heen,250,MM1 P=270:-230
10.7489,heen,250,MM0 !M 271 -229
10.7489,heen,250,MM1 !M 271 -229
10.7489,heen,250,MM0 +
10.7489,heen,250,MM1 +
10.7489,heen,250,"#148,YAW,2.78,GYRO,-41,-275,13,ACC,-32,33,290,ADC,1248,396,5,2,"
10.7489,heen,250,MM0 ?S
10.7489,heen,250,MM1 ?S
10.7489,heen,250,MM0 S=225:-225
10.7489,heen,250,MM1 S=225:-225
10.7489,heen,250,"#149,YAW,2.78,GYRO,-34,13,-15,ACC,-16,4,279,ADC,1243,390,4,2,"
10.7489,heen,250,MM0 ?T
10.7489,heen,250,MM1 ?T
10.7489,heen,250,MM0 T=35:34
10.7489,heen,250,MM1 T=36:34
10.7489,heen,250,"#150,YAW,2.78,GYRO,125,372,-9,ACC,2,-23,69,ADC,1275,494,5,2,"
10.7490,heen,250,MM0 ?V
10.7490,heen,250,MM1 ?V
10.7490,heen,250,MM0 V=120:224:4907
10.7490,heen,250,MM1 V=120:224:4900
10.7490,heen,250,MM1 !M 272 -228
10.7490,heen,250,MM0 !M 272 -228
10.7490,heen,250,MM1 +
10.7490,heen,250,MM0 +
10.7490,heen,250,"#151,YAW,2.78,GYRO,-189,105,-36,ACC,69,22,369,ADC,1291,394,5,2,"
10.7490,heen,250,MM0 ?CR
10.7490,heen,250,MM1 ?CR
10.7490,heen,250,MM0 CR=59:-56
10.7490,heen,250,MM1 CR=59:-57
10.7490,heen,250,"#152,YAW,2.78,GYRO,-51,-294,-1,ACC,-15,17,242,ADC,1258,387,4,2,"
10.7490,heen,250,MM0 ?A
10.7490,heen,250,MM1 ?A
10.7490,heen,250,MM0 A=3:0
10.7490,heen,250,MM1 A=7:0
10.7490,heen,250,MM1 !M 273 -227
10.7490,heen,250,MM0 !M 273 -227
10.7490,heen,250,MM1 +
10.7490,heen,250,MM0 +
10.7490,heen,250,"$GPRMC,130520.0,A,5050.51405,N,00419.37777,E,000.61,161.3,081026,000.4,E*5C"
10.7490,heen,250,"#153,YAW,2.78,GYRO,-29,-12,-28,ACC,4,-5,278,ADC,1308,502,2,2,"
10.7490,heen,250,MM1 ?AI
10.7490,heen,250,MM0 ?AI
10.7490,heen,250,MM1 AI=0:0:2354:2393:0:0
10.7683,heen,227,MM0 AI=0:0:2445:2445:0:0
10.7683,heen,227,"#154,YAW,2.78,GYRO,144,308,-21,ACC,15,-28,133,ADC,1300,391,4,1,"
10.7683,heen,227,MM0 ?C
10.7683,heen,227,MM1 ?C
10.7683,heen,227,MM0 C=627:-2563
10.7684,heen,227,MM1 C=755:-2766
10.8033,heen,227,"#155,YAW,2.78,GYRO,-96,150,-44,ACC,45,-54,319,ADC,1218,500,4,2,"
10.8033,heen,227,MM0 ?D
10.8033,heen,227,MM1 ?D
10.8034,heen,227,MM0 D=2
10.8034,heen,227,MM1 D=3
10.8034,heen,227,"#156,YAW,2.79,GYRO,17,-123,-17,ACC,-4,16,219,ADC,1267,396,5,2,"
10.8034,heen,227,MM0 ?FF
10.8034,heen,227,MM1 ?FF
10.8034,heen,227,MM0 FF=0
10.8034,heen,227,MM1 FF=0
10.8536,heen,214,"#157,YAW,2.79,GYRO,-29,-72,-18,ACC,13,3,339,ADC,1244,385,8,2,"
10.8537,heen,214,MM0 ?P
10.8537,heen,214,MM0 P=273:-227
10.8537,heen,214,MM1 ?P
10.8537,heen,214,MM1 P=273:-227
10.8537,heen,214,MM0 !M 250 -204
10.8537,heen,214,MM1 !M 250 -204
10.8537,heen,214,MM0 +
10.8538,heen,214,MM1 +
10.8538,heen,214,MM1 PING
10.8538,heen,214,MM0 PING
10.8538,heen,214,"#158,YAW,2.79,GYRO,118,327,-18,ACC,0,-21,132,ADC,1283,395,6,2,"
10.8539,heen,214,MM0 ?S
10.8539,heen,214,MM1 ?S
10.8539,heen,214,MM0 S=225:-225
10.8539,heen,214,MM1 S=225:-150
10.9034,heen,209,"#159,YAW,2.79,GYRO,-91,156,-44,ACC,64,-80,340,ADC,1246,383,4,1,"
10.9034,heen,209,MM0 ?T
10.9034,heen,209,MM1 ?T
10.9034,heen,209,MM0 T=35:34
10.9034,heen,209,MM1 T=36:34
10.9034,heen,209,MM0 !M 239 -189
10.9034,heen,209,MM1 !M 239 -189
10.9035,heen,209,MM0 +
10.9035,heen,209,MM1 +
10.9035,heen,209,MM0 PING
10.9035,heen,209,MM1 PING
10.9035,heen,209,"#160,YAW,2.79,GYRO,20,-149,-21,ACC,-42,-1,236,ADC,1233,383,4,1,"
10.9035,heen,209,MM0 ?V
10.9035,heen,209,MM1 ?V
10.9035,heen,209,MM0 V=120:224:4906
10.9035,heen,209,MM1 V=120:223:4899
10.9035,heen,209,"#161,YAW,2.79,GYRO,-10,-22,-22,ACC,-31,11,341,ADC,1258,499,5,1,"
10.9035,heen,209,MM1 ?CR
10.9035,heen,209,MM0 ?CR
10.9035,heen,209,MM1 CR=58:-56
10.9035,heen,209,MM0 CR=59:-57
10.9473,heen,200,"#162,YAW,2.79,GYRO,90,334,-28,ACC,-10,-26,147,ADC,1286,390,6,2,"
10.9474,heen,200,MM0 ?A
10.9474,heen,200,MM1 ?A
10.9474,heen,200,MM0 A=4:0
10.9474,heen,200,MM1 A=4:0
10.9474,heen,200,MM0 !M 235 -183
10.9474,heen,200,MM1 !M 235 -183
10.9474,heen,200,MM0 +
10.9474,heen,200,MM1 +
10.9474,heen,200,MM0 PING
10.9474,heen,200,MM1 PING
10.9474,heen,200,"$GPRMC,130520.2,A,5050.51408,N,00419.37785,E,000.61,161.3,081026,000.4,E*5E"
11.0036,heen,197,"#163,YAW,2.79,GYRO,-187,58,-61,ACC,-70,33,335,ADC,1304,389,6,2,"
11.0036,heen,197,MM0 ?AI
11.0037,heen,197,MM1 ?AI
11.0037,heen,197,MM0 AI=0:0:2419:2467:0:0
11.0037,heen,197,MM1 AI=0:0:2352:2360:0:0
11.0037,heen,197,"#164,YAW,2.79,GYRO,-43,-268,-34,ACC,-17,-7,178,ADC,1257,324,5,1,"
11.0037,heen,197,MM0 ?C
11.0037,heen,197,MM1 ?C
11.0037,heen,197,MM0 C=685:-2619
11.0037,heen,197,MM1 C=811:-2821
11.0038,heen,197,MM0 !M 226 -174
11.0038,heen,197,MM1 !M 226 -174
11.0038,heen,197,MM0 +
11.0038,heen,197,MM1 +
11.0038,heen,197,MM0 !M 224 -170
11.0038,heen,197,MM1 !M 224 -170
11.0038,heen,197,MM0 +
11.0038,heen,197,MM1 +
11.0038,heen,197,"#165,YAW,2.79,GYRO,-186,-181,-32,ACC,-28,1,387,ADC,1245,297,3,2,"
11.0038,heen,197,MM0 ?D
11.0038,heen,197,MM1 ?D
11.0038,heen,197,MM0 D=16
11.0038,heen,197,MM1 D=18
11.0153,heen,181,"#166,YAW,2.79,GYRO,114,199,-19,ACC,7,-50,159,ADC,1209,500,4,2,"
11.0154,heen,181,MM1 ?FF
11.0154,heen,181,MM0 ?FF
11.0154,heen,181,MM1 FF=0
11.0154,heen,181,MM0 FF=0
11.0154,heen,181,"#167,YAW,2.79,GYRO,-94,105,-43,ACC,-17,-19,337,ADC,1212,383,5,2,"
11.0494,heen,181,MM0 ?P
11.0494,heen,181,MM1 ?P
11.0494,heen,181,MM0 P=224:-170
11.0494,heen,181,MM1 P=224:-170
11.0495,heen,181,MM1 !M 209 -153
11.0495,heen,181,MM0 !M 209 -153
11.0495,heen,181,MM1 +
11.0495,heen,181,MM0 +
11.0495,heen,181,"#168,YAW,2.79,GYRO,-16,-29,-36,ACC,-20,-3,243,ADC,1225,403,6,1,"
11.0495,heen,181,MM0 ?S
11.0495,heen,181,MM1 ?S
11.0495,heen,181,MM0 S=225:-225
11.0495,heen,181,MM1 S=150:-150
11.0702,heen,171,"#169,YAW,2.80,GYRO,-15,-174,-20,ACC,-12,5,234,ADC,1250,388,5,2,"
11.0703,heen,171,MM0 ?T
11.0703,heen,171,MM1 ?T
11.0703,heen,171,MM0 T=35:34
11.0703,heen,171,MM1 T=36:34
11.1056,heen,171,"#170,YAW,2.80,GYRO,-17,7,-8,ACC,9,5,233,ADC,1217,381,6,1,"
11.1057,heen,171,MM0 ?V
11.1057,heen,171,MM1 ?V
11.1057,heen,171,MM0 V=120:223:4906
11.1057,heen,171,MM1 V=120:223:4898
11.1057,heen,171,MM1 !M 200 -142
11.1057,heen,171,MM0 !M 200 -142
11.1057,heen,171,MM1 +
11.1057,heen,171,MM0 +
11.1057,heen,171,"#171,YAW,2.80,GYRO,-15,96,-23,ACC,-15,-6,241,ADC,1276,498,4,1,"
11.1057,heen,171,MM1 ?CR
11.1057,heen,171,MM0 ?CR
11.1057,heen,171,MM1 CR=52:-50
11.1057,heen,171,MM0 CR=51:-50
11.1576,heen,162,"#172,YAW,2.80,GYRO,-39,260,-45,ACC,-7,-4,223,ADC,1230,385,7,2,"
11.1576,heen,162,MM1 ?A
11.1576,heen,162,MM0 ?A
11.1576,heen,162,MM1 A=5:5
11.1576,heen,162,MM0 A=5:5
11.1576,heen,162,MM1 !M 192 -132
11.1576,heen,162,MM0 !M 192 -132
11.1576,heen,162,"$GPRMC,130520.4,A,5050.51408,N,00419.37790,E,000.62,161.3,081026,000.4,E*5F"
11.1576,heen,162,"#173,YAW,2.80,GYRO,-6,81,-45,ACC,-17,5,301,ADC,1298,319,6,2,"
11.1577,heen,162,MM0 +
11.1577,heen,162,MM1 +
11.1577,heen,162,MM0 ?AI
11.1577,heen,162,MM1 ?AI
11.1577,heen,162,MM0 AI=0:0:2435:2453:0:0
11.1577,heen,162,MM1 AI=0:0:2358:2374:0:0
11.1577,heen,162,"#174,YAW,2.80,GYRO,-44,-146,-34,ACC,-11,9,252,ADC,1202,322,5,2,"
11.2076,heen,152,MM0 ?C
11.2076,heen,152,MM1 ?C
11.2076,heen,152,MM0 C=734:-2665
11.2076,heen,152,MM1 C=860:-2867
11.2077,heen,152,"#175,YAW,2.80,GYRO,-2,13,-4,ACC,-13,-5,283,ADC,1233,387,5,2,"
11.2078,heen,152,MM1 ?D
11.2078,heen,152,MM0 ?D
11.2078,heen,152,MM0 D=40
11.2078,heen,152,MM1 D=2
11.2078,heen,152,"#176,YAW,2.80,GYRO,36,170,9,ACC,6,1,212,ADC,1261,502,5,2,"
11.2078,heen,152,MM0 ?FF
11.2078,heen,152,MM1 ?FF
11.2078,heen,152,MM0 FF=0
11.2078,heen,152,MM1 FF=0
11.2598,heen,141,"#177,YAW,2.80,GYRO,-21,193,5,ACC,5,25,236,ADC,1251,384,7,2,"
11.2598,heen,141,MM0 ?P
11.2599,heen,141,MM1 ?P
11.2599,heen,141,MM0 P=192:-132
11.2599,heen,141,MM1 P=192:-132
11.2599,heen,141,MM0 !M 181 -123
11.2599,heen,141,MM1 !M 181 -123
11.2599,heen,141,MM0 +
11.2599,heen,141,MM1 +
11.2599,heen,141,MM0 PING
11.2599,heen,141,MM1 PING
11.2599,heen,141,"#178,YAW,2.80,GYRO,18,155,-17,ACC,-9,7,299,ADC,1258,495,5,1,"
11.2599,heen,141,MM0 !M 173 -109
11.2599,heen,141,MM1 !M 173 -109
11.2599,heen,141,MM0 +
11.2599,heen,141,MM1 +
11.2599,heen,141,MM0 ?S
11.2599,heen,141,MM1 ?S
11.2599,heen,141,MM0 S=150:-150
11.2599,heen,141,MM1 S=150:-150
11.2599,heen,141,"#179,YAW,2.80,GYRO,-28,-24,-45,ACC,-21,3,243,ADC,1233,502,5,2,"
11.2599,heen,141,MM0 ?T
11.2599,heen,141,MM1 ?T
11.2599,heen,141,MM0 T=35:34
11.3081,heen,129,MM1 T=36:34
11.3081,heen,129,"#180,YAW,2.80,GYRO,64,28,-38,ACC,-12,-21,258,ADC,1243,393,4,2,"
11.3082,heen,129,MM0 ?V
11.3082,heen,129,MM1 ?V
11.3082,heen,129,MM0 V=120:223:4906
11.3082,heen,129,MM1 V=120:225:4899
11.3082,heen,129,MM0 !M 161 -97
11.3082,heen,129,MM1 !M 161 -97
11.3082,heen,129,MM0 +
11.3082,heen,129,MM1 +
11.3082,heen,129,"#181,YAW,2.80,GYRO,-15,-9,-27,ACC,-20,5,284,ADC,1270,501,4,2,"
11.3082,heen,129,MM0 ?CR
11.3082,heen,129,MM1 ?CR
11.3082,heen,129,MM0 CR=42:-39
11.3082,heen,129,MM1 CR=41:-39
11.3586,heen,121,"#182,YAW,2.80,GYRO,8,113,-24,ACC,-17,13,232,ADC,1230,387,5,2,"
11.3587,heen,121,MM0 ?A
11.3587,heen,121,MM1 ?A
11.3587,heen,121,MM0 A=0:5
11.3587,heen,121,MM1 A=5:0
11.3587,heen,121,"$GPRMC,130520.6,A,5050.51411,N,00419.37792,E,000.63,161.3,081026,000.4,E*56"
11.3587,heen,121,"#183,YAW,2.80,GYRO,-41,125,-10,ACC,-11,23,231,ADC,1216,381,5,2,"
11.3587,heen,121,MM0 ?AI
11.3587,heen,121,MM1 ?AI
11.3587,heen,121,MM0 AI=0:0:2421:2467:0:0
11.3587,heen,121,MM1 AI=0:0:2334:2381:0:0
11.3587,heen,121,MM0 !M 154 -88
11.3587,heen,121,MM1 !M 154 -88
11.3587,heen,121,MM0 +
11.3587,heen,121,MM1 +
11.4108,heen,112,"#184,YAW,2.80,GYRO,-21,110,-24,ACC,-21,4,295,ADC,1238,332,5,2,"
11.4108,heen,112,MM0 ?C
11.4108,heen,112,MM1 ?C
11.4108,heen,112,MM0 C=772:-2703
11.4109,heen,112,MM1 C=899:-2904
11.4109,heen,112,"#185,YAW,2.80,GYRO,-40,2,-38,ACC,-14,-16,241,ADC,1282,396,4,2,"
11.4110,heen,112,MM1 ?D
11.4110,heen,112,MM0 ?D
11.4110,heen,112,MM0 D=43
11.4110,heen,112,MM1 D=0
11.4110,heen,112,MM0 !M 145 -79
11.4110,heen,112,MM1 !M 145 -79
11.4110,heen,112,MM0 +
11.4110,heen,112,MM1 +
11.4110,heen,112,"#186,YAW,2.81,GYRO,-37,-24,-53,ACC,-21,-2,233,ADC,1282,498,5,2,"
11.4110,heen,112,MM0 ?FF
11.4110,heen,112,MM1 ?FF
11.4110,heen,112,MM0 FF=0
11.4110,heen,112,MM1 FF=0
11.4605,heen,104,"#187,YAW,2.81,GYRO,16,14,-38,ACC,-9,1,307,ADC,1279,493,4,2,"
11.4605,heen,104,MM1 ?P
11.4605,heen,104,MM0 ?P
11.4605,heen,104,MM1 P=145:-79
11.4605,heen,104,MM0 P=145:-79
11.4605,heen,104,"#188,YAW,2.81,GYRO,-31,-20,-15,ACC,-6,2,253,ADC,1256,386,5,1,"
11.4606,heen,104,MM0 ?S
11.4606,heen,104,MM1 ?S
11.4606,heen,104,MM0 S=150:-75
11.4606,heen,104,MM1 S=150:-75
11.4606,heen,104,MM1 !M 135 -73
11.4606,heen,104,MM0 !M 135 -73
11.4606,heen,104,MM1 +
11.4606,heen,104,MM0 +
11.4606,heen,104,"#189,YAW,2.81,GYRO,-7,-3,-6,ACC,-24,1,213,ADC,1242,386,5,2,"
11.4607,heen,104,MM0 ?T
11.4607,heen,104,MM1 ?T
11.4607,heen,104,MM0 T=35:34
11.4607,heen,104,MM1 T=36:34
11.5129,heen,92,"#190,YAW,2.81,GYRO,-2,109,-2,ACC,-18,-7,258,ADC,1214,379,5,2,"
11.5129,heen,92,MM0 ?V
11.5129,heen,92,MM1 ?V
11.5129,heen,92,MM0 V=120:224:4905
11.5129,heen,92,MM1 V=120:225:4898
11.5129,heen,92,MM0 !M 119 -65
11.5130,heen,92,MM1 !M 119 -65
11.5130,heen,92,MM0 +
11.5130,heen,92,MM1 +
11.5130,heen,92,"#191,YAW,2.81,GYRO,-20,108,-3,ACC,-5,-1,274,ADC,1271,385,4,2,"
11.5130,heen,92,MM1 ?CR
11.5130,heen,92,MM0 ?CR
11.5130,heen,92,MM1 CR=32:-30
11.5130,heen,92,MM0 CR=32:-32
11.5614,heen,92,"#192,YAW,2.81,GYRO,-9,58,-7,ACC,-9,6,248,ADC,1270,389,4,2,"
11.5615,heen,92,MM0 ?A
11.5615,heen,92,MM1 ?A
11.5615,heen,92,MM0 A=0:0
11.5615,heen,92,MM1 A=0:0
11.5615,heen,92,"#193,YAW,2.81,GYRO,-36,64,-29,ACC,-9,3,252,ADC,1243,382,4,2,"
11.5615,heen,92,"$GPRMC,130520.8,A,5050.51413,N,00419.37801,E,000.64,161.3,081026,000.4,E*58"
11.5615,heen,92,MM1 ?AI
11.5615,heen,92,MM0 ?AI
11.5615,heen,92,MM0 AI=0:0:2436:2468:0:0
11.5615,heen,92,MM1 AI=0:0:2364:2357:0:0
11.5615,heen,92,MM1 !M 119 -65
11.5615,heen,92,MM0 !M 119 -65
11.5615,heen,92,MM1 +
11.5615,heen,92,MM0 +
11.5615,heen,92,"#194,YAW,2.81,GYRO,-20,25,-47,ACC,-12,3,266,ADC,1231,336,4,2,"
11.5615,heen,92,MM1 ?C
11.5615,heen,92,MM0 ?C
11.5615,heen,92,MM1 C=928:-2932
11.5615,heen,92,MM0 C=802:-2731
11.6115,heen,73,"#195,YAW,2.81,GYRO,-8,7,-31,ACC,-11,4,286,ADC,1211,392,6,2,"
11.6115,heen,73,MM1 ?D
11.6115,heen,73,MM0 ?D
11.6115,heen,73,MM1 D=16
11.6115,heen,73,MM0 D=11
11.6115,heen,73,MM0 !M 94 -52
11.6115,heen,73,MM1 !M 94 -52
11.6115,heen,73,MM0 +
11.6115,heen,73,MM1 +
11.6115,heen,73,"#196,YAW,2.81,GYRO,-15,27,-6,ACC,-9,-3,252,ADC,1245,397,6,2,"
11.6115,heen,73,MM1 ?FF
11.6115,heen,73,MM0 ?FF
11.6115,heen,73,MM1 FF=0
11.6115,heen,73,MM0 FF=0
11.6630,heen,64,"#197,YAW,2.81,GYRO,-12,56,8,ACC,-24,2,245,ADC,1250,384,4,2,"
11.6631,heen,64,MM1 ?P
11.6631,heen,64,MM0 ?P
11.6631,heen,64,MM1 P=94:-52
11.6631,heen,64,MM0 P=94:-52
11.6631,heen,64,"#198,YAW,2.81,GYRO,-23,46,14,ACC,-12,3,263,ADC,1270,391,5,1,"
11.6631,heen,64,MM1 ?S
11.6631,heen,64,MM0 ?S
11.6631,heen,64,MM1 S=75:-75
11.6631,heen,64,MM0 S=75:-150
11.6631,heen,64,MM1 !M 83 -45
11.6631,heen,64,MM0 !M 83 -45
11.6631,heen,64,MM1 +
11.6632,heen,64,MM0 +
11.6632,heen,64,"#199,YAW,2.81,GYRO,-21,53,5,ACC,-15,0,255,ADC,1263,391,7,2,"
11.6632,heen,64,MM1 ?T
11.6632,heen,64,MM0 ?T
11.6632,heen,64,MM1 T=36:34
11.6632,heen,64,MM0 T=35:34
11.7137,heen,60,"#200,YAW,2.81,GYRO,-13,77,1,ACC,-12,-6,254,ADC,1235,384,5,2,"
11.7137,heen,60,MM1 ?V
11.7137,heen,60,MM0 ?V
11.7137,heen,60,MM1 V=120:223:4898
11.7137,heen,60,MM0 V=120:223:4906
11.7137,heen,60,MM0 !M 78 -42
11.7137,heen,60,MM1 !M 78 -42
11.7137,heen,60,MM0 +
11.7137,heen,60,MM1 +
11.7137,heen,60,"#201,YAW,2.81,GYRO,-15,72,-7,ACC,-12,2,262,ADC,1262,499,5,2,"
11.7138,heen,60,MM0 ?CR
11.7138,heen,60,MM1 ?CR
11.7138,heen,60,MM0 CR=22:-21
11.7138,heen,60,MM1 CR=22:-22
11.7675,heen,60,"#202,YAW,2.81,GYRO,-10,72,-17,ACC,-9,5,247,ADC,1238,398,7,2,"
11.7676,heen,60,MM1 ?A
11.7676,heen,60,MM0 ?A
11.7676,heen,60,MM1 A=0:0
11.7676,heen,60,MM0 A=0:0
11.7676,heen,60,"#203,YAW,2.81,GYRO,-17,57,-21,ACC,-6,0,255,ADC,1248,384,4,2,"
11.7676,heen,60,MM0 ?AI
11.7676,heen,60,MM1 ?AI
11.7676,heen,60,"$GPRMC,130521.0,A,5050.51415,N,00419.37809,E,000.65,161.3,081026,000.4,E*5E"
11.7676,heen,60,MM0 AI=0:0:2426:2445:0:0
11.7676,heen,60,MM1 AI=0:0:2354:2377:0:0
11.7676,heen,60,MM1 !M 78 -42
11.7676,heen,60,MM0 !M 78 -42
11.7676,heen,60,MM0 +
11.7676,heen,60,MM1 +
11.7676,heen,60,"#204,YAW,2.81,GYRO,-19,51,-29,ACC,-3,-1,257,ADC,1240,336,4,1,"
11.7676,heen,60,MM0 ?C
11.7676,heen,60,MM1 ?C
11.7676,heen,60,MM0 C=821:-2749
11.7676,heen,60,MM1 C=947:-2950
11.8022,heen,60,"#205,YAW,2.81,GYRO,-8,50,-27,ACC,-13,-3,254,ADC,1266,499,4,1,"
11.8023,heen,60,MM0 ?D
11.8023,heen,60,MM1 ?D
11.8023,heen,60,MM0 D=48
11.8023,heen,60,MM1 D=3
11.8023,heen,60,MM1 !M 78 -42
11.8023,heen,60,MM0 !M 78 -42
11.8023,heen,60,MM1 +
11.8023,heen,60,MM0 +
11.8023,heen,60,"#206,YAW,2.81,GYRO,-13,36,-17,ACC,-10,0,258,ADC,1322,501,5,2,"
11.8023,heen,60,MM0 ?FF
11.8023,heen,60,MM1 ?FF
11.8023,heen,60,MM0 FF=0
11.8023,heen,60,MM1 FF=0
11.8232,heen,0,"#207,YAW,2.81,GYRO,-9,44,-3,ACC,5,3,250,ADC,1194,380,6,2,"
11.8232,heen,0,MM0 ?P
11.8232,heen,0,MM1 ?P
11.8232,heen,0,MM0 P=78:-42
11.8232,heen,0,MM1 P=78:-42
11.8575,heen,0,MM0 !M 0 0
11.8575,heen,0,MM1 !M 0 0
11.8575,heen,0,MM0 +
11.8575,heen,0,MM1 +
11.8575,heen,0,"#208,YAW,2.81,GYRO,-5,66,8,ACC,3,0,258,ADC,1258,409,5,2,"
11.8575,heen,0,MM0 ?S
11.8575,heen,0,MM1 ?S
11.8575,heen,0,MM1 S=0:0
11.8575,heen,0,MM0 S=75:-75
11.8575,heen,0,MM1 !M 0 0
11.8575,heen,0,MM1 +
11.8575,heen,0,MM0 !M 0 0
11.8575,heen,0,MM0 +
11.8576,heen,0,"#209,YAW,2.81,GYRO,4,53,9,ACC,-40,4,241,ADC,1243,402,4,2,"
11.8576,heen,0,MM0 ?T
11.8576,heen,0,MM1 ?T
11.8576,heen,0,MM0 T=35:34
11.8782,heen,0,MM1 T=36:34
11.8782,heen,0,"#210,YAW,2.81,GYRO,14,60,-4,ACC,-50,3,248,ADC,1294,501,4,2,"
11.8782,heen,0,MM0 ?V
11.8782,heen,0,MM1 ?V
11.9124,heen,0,MM0 V=120:223:4905
11.9124,heen,0,MM1 V=120:223:4899
11.9124,heen,0,MM0 !M 0 0
11.9125,heen,0,MM1 !M 0 0
11.9125,heen,0,MM0 +
11.9125,heen,0,MM1 +
11.9125,heen,0,"#211,YAW,2.81,GYRO,1,-19,38,ACC,-30,0,270,ADC,1248,384,5,1,"
11.9125,heen,0,MM0 ?CR
11.9125,heen,0,MM1 ?CR
11.9125,heen,0,MM0 CR=12:-13
11.9125,heen,0,MM1 CR=11:-12
11.9542,heen,0,"#212,YAW,2.81,GYRO,-3,40,27,ACC,-27,0,242,ADC,1239,384,3,2,"
11.9542,heen,0,MM0 ?A
11.9542,heen,0,MM1 ?A
11.9542,heen,0,MM0 A=0:0
11.9542,heen,0,MM1 A=0:0
11.9542,heen,0,"#213,YAW,2.81,GYRO,-2,50,16,ACC,-16,4,259,ADC,1238,383,7,2,"
11.9543,heen,0,"$GPRMC,130521.2,A,5050.51416,N,00419.37818,E,000.66,161.3,081026,000.4,E*5C"
11.9543,heen,0,MM0 ?AI
11.9543,heen,0,MM1 ?AI
11.9543,heen,0,MM0 AI=0:0:2458:2447:0:0
11.9543,heen,0,MM1 AI=0:0:2360:2361:0:0
11.9778,heen,0,"#214,YAW,2.81,GYRO,-6,12,-1,ACC,-22,7,259,ADC,1260,383,7,2,"
11.9779,heen,0,MM0 ?C
11.9779,heen,0,MM1 ?C
11.9779,heen,0,MM0 C=829:-2759
11.9779,heen,0,MM1 C=955:-2960
11.9780,heen,0,MM0 !M 0 0
11.9780,heen,0,MM1 !M 0 0
11.9780,heen,0,MM0 +
11.9780,heen,0,MM1 +
12.0394,heen,0,"#215,YAW,2.81,GYRO,-7,58,-21,ACC,-10,5,247,ADC,1253,502,5,2,"
12.0394,heen,0,MM0 ?D
12.0394,heen,0,MM1 ?D
12.0394,heen,0,MM0 D=18
12.0394,heen,0,MM1 D=33
12.0395,heen,0,MM1 !M 0 0
12.0395,heen,0,MM0 !M 0 0
12.0395,heen,0,MM1 +
12.0395,heen,0,MM0 +
12.0741,heen,0,"#216,YAW,2.81,GYRO,-13,36,-21,ACC,-9,0,255,ADC,1253,346,5,1,"
12.0741,heen,0,MM0 ?FF
12.0741,heen,0,MM1 ?FF
12.0741,heen,0,MM0 FF=0
12.0741,heen,0,MM1 FF=0
12.0741,heen,0,"#217,YAW,2.81,GYRO,-9,54,-5,ACC,-14,3,261,ADC,1228,387,4,2,"
12.0742,heen,0,MM0 ?P
12.0742,heen,0,MM1 ?P
12.0742,heen,0,MM0 P=0:0
12.0742,heen,0,MM1 P=0:0
12.0742,heen,0,"#218,YAW,2.81,GYRO,-18,42,8,ACC,-10,2,254,ADC,1252,389,4,2,"
12.0753,heen,0,MM0 ?S
12.0753,heen,0,MM1 ?S
12.0753,heen,0,MM0 S=0:0
12.0753,heen,0,MM1 S=0:0
12.0753,heen,0,MM0 !M 0 0
12.0753,heen,0,MM1 !M 0 0
12.0753,heen,0,MM0 +
12.0753,heen,0,MM1 +
12.0753,heen,0,"#219,YAW,2.81,GYRO,-13,36,1,ACC,-3,1,255,ADC,1224,382,4,2,"
12.0753,heen,0,MM0 ?T
12.0753,heen,0,MM1 ?T
12.0753,heen,0,MM0 T=35:34
12.0753,heen,0,MM1 T=36:34
12.1026,heen,0,"#220,YAW,2.81,GYRO,-16,43,-10,ACC,2,2,262,ADC,1247,387,5,2,"
12.1026,heen,0,MM0 ?V
12.1026,heen,0,MM1 ?V
12.1026,heen,0,MM0 V=120:219:4905
12.1026,heen,0,MM1 V=120:223:4900
12.1026,heen,0,MM0 !M 0 0
12.1026,heen,0,MM1 !M 0 0
12.1026,heen,0,MM0 +
12.1027,heen,0,MM1 +
12.1170,heen,0,"#221,YAW,2.81,GYRO,-17,47,-11,ACC,-1,1,259,ADC,1244,302,4,2,"
12.1171,heen,0,MM0 ?CR
12.1171,heen,0,MM1 ?CR
12.1172,heen,0,MM0 CR=1:-2
12.1172,heen,0,MM1 CR=2:-2
12.1172,heen,0,"#222,YAW,2.81,GYRO,-12,45,-8,ACC,10,2,257,ADC,1216,394,6,3,"
12.1819,heen,0,MM0 ?A
12.1820,heen,0,MM1 ?A
12.1820,heen,0,MM0 A=0:0
12.1820,heen,0,MM1 A=0:0
12.1820,heen,0,"#223,YAW,2.81,GYRO,-16,46,-4,ACC,9,2,255,ADC,1247,498,7,2,"
12.1820,heen,0,"$GPRMC,130521.4,A,5050.51415,N,00419.37823,E,000.67,161.3,081026,000.4,E*50"
12.1821,heen,0,MM0 ?AI
12.1821,heen,0,MM1 ?AI
12.1821,heen,0,MM0 AI=0:0:2435:2454:0:0
12.1821,heen,0,MM1 AI=0:0:2359:2372:0:0
12.1821,heen,0,MM0 !M 0 0
12.1821,heen,0,MM1 !M 0 0
12.1821,heen,0,MM0 +
12.1821,heen,0,MM1 +
12.1821,heen,0,"#224,YAW,2.81,GYRO,-15,48,-1,ACC,7,3,261,ADC,1232,314,4,2,"
12.1821,heen,0,MM0 ?C
12.1821,heen,0,MM1 ?C
12.1821,heen,0,MM0 C=829:-2760
12.1821,heen,0,MM1 C=955:-2960
12.1822,heen,0,"#225,YAW,2.81,GYRO,-15,47,-2,ACC,6,2,256,ADC,1257,388,5,2,"
12.1822,heen,0,MM0 ?D
12.2359,heen,0,MM1 ?D
12.2359,heen,0,MM0 D=18
12.2359,heen,0,MM1 D=33
12.2359,heen,0,MM0 !M 0 0
12.2359,heen,0,MM1 !M 0 0
12.2359,heen,0,MM0 +
12.2359,heen,0,MM1 +
12.2359,heen,0,"#226,YAW,2.81,GYRO,-15,44,-6,ACC,6,1,256,ADC,1276,295,4,2,"
12.2359,heen,0,MM0 ?FF
12.2359,heen,0,MM1 ?FF
12.2359,heen,0,MM0 FF=0
12.2359,heen,0,MM1 FF=0
12.2359,heen,0,"#227,YAW,2.81,GYRO,-14,49,-8,ACC,8,4,261,ADC,1203,381,4,2,"
12.2359,heen,0,MM0 ?P
12.2359,heen,0,MM1 ?P
12.2395,heen,0,MM0 P=0:0
12.2395,heen,0,MM1 P=0:0
12.2395,heen,0,"#228,YAW,2.81,GYRO,-13,47,-7,ACC,5,3,256,ADC,1281,397,4,2,"
12.2395,heen,0,MM0 ?S
12.2395,heen,0,MM1 ?S
12.2395,heen,0,MM0 S=0:0
12.2725,heen,0,MM1 S=0:0
12.2725,heen,0,MM1 !M 0 0
12.2725,heen,0,MM0 !M 0 0
12.2725,heen,0,MM1 +
12.2725,heen,0,MM0 +
12.2725,heen,0,"#229,YAW,2.81,GYRO,-12,48,-5,ACC,6,5,255,ADC,1254,380,5,2,"
12.2725,heen,0,MM0 ?T
12.2725,heen,0,MM1 ?T
12.2725,heen,0,MM0 T=35:34
12.2725,heen,0,MM1 T=36:34
12.3195,heen,0,"#230,YAW,2.81,GYRO,-11,45,-2,ACC,6,2,256,ADC,1252,408,5,2,"
12.3195,heen,0,MM1 ?V
12.3195,heen,0,MM0 ?V
12.3195,heen,0,MM0 V=120:224:4905
12.3196,heen,0,MM1 V=120:223:4901
12.3196,heen,0,MM1 !M 0 0
12.3196,heen,0,MM0 !M 0 0
12.3196,heen,0,MM1 +
12.3196,heen,0,MM0 +
12.3196,heen,0,"#231,YAW,2.81,GYRO,-14,46,-3,ACC,2,6,259,ADC,1229,382,6,2,"
12.3196,heen,0,MM0 ?CR
12.3196,heen,0,MM1 ?CR
12.3196,heen,0,MM0 CR=0:0
12.3196,heen,0,MM1 CR=0:0
12.3381,heen,0,"#232,YAW,2.81,GYRO,-12,47,-5,ACC,3,3,259,ADC,1242,388,4,2,"
12.3381,heen,0,MM0 ?A
12.3381,heen,0,MM1 ?A
12.3381,heen,0,MM0 A=0:0
12.3381,heen,0,MM1 A=0:0
12.3512,heen,0,"#233,YAW,2.81,GYRO,-13,52,-12,ACC,-3,3,256,ADC,1233,390,6,2,"
12.3512,heen,0,"$GPRMC,130521.6,A,5050.51407,N,00419.37820,E,000.66,161.3,081026,000.4,E*53"
12.3512,heen,0,MM0 ?AI
12.3512,heen,0,MM1 ?AI
12.3512,heen,0,MM0 AI=0:0:2437:2459:0:0
12.3512,heen,0,MM1 AI=0:0:2346:2350:0:0
12.3703,heen,0,"#234,YAW,2.81,GYRO,-12,49,-12,ACC,-2,3,259,ADC,1278,386,4,2,"
12.3704,heen,0,MM0 ?C
12.3704,heen,0,MM1 ?C
12.3704,heen,0,MM0 C=829:-2760
12.3704,heen,0,MM1 C=955:-2960
12.3985,heen,0,"#235,YAW,2.81,GYRO,-13,46,-3,ACC,-2,4,257,ADC,1311,501,5,2,"
12.3985,heen,0,MM0 ?D
12.3985,heen,0,MM1 ?D
12.3985,heen,0,MM0 D=18
12.3985,heen,0,MM1 D=33
12.4377,heen,0,"#236,YAW,2.81,GYRO,-14,44,-1,ACC,1,3,257,ADC,1234,383,7,2,"
12.4377,heen,0,MM0 !M 0 0PING
12.4377,heen,0,MM0 +
12.4377,heen,0,MM1 !M 0 0PING
12.4377,heen,0,MM1 +
12.4377,heen,0,MM0 ?FF
12.4377,heen,0,MM1 ?FF
12.4377,heen,0,MM0 FF=0
12.4377,heen,0,MM1 FF=0
12.4377,heen,0,MM1 !M 0 0
12.4377,heen,0,MM0 !M 0 0
12.4377,heen,0,MM1 +
12.4377,heen,0,MM0 +
12.4377,heen,0,"#237,YAW,2.81,GYRO,-14,46,-3,ACC,5,2,256,ADC,1289,386,5,2,"
12.4377,heen,0,MM0 ?P
12.4378,heen,0,MM1 ?P
12.4378,heen,0,MM0 P=0:0
12.4378,heen,0,MM1 P=0:0
12.4777,heen,0,"#238,YAW,2.81,GYRO,-14,44,-5,ACC,6,2,258,ADC,1260,391,5,1,"
12.4777,heen,0,MM0 ?S
12.4777,heen,0,MM1 ?S
12.4777,heen,0,MM0 S=0:0
12.4777,heen,0,MM1 S=0:0
12.4777,heen,0,MM0 !M 0 0
12.4777,heen,0,MM0 +
12.4777,heen,0,MM1 !M 0 0
12.4777,heen,0,MM1 +
12.4777,heen,0,"#239,YAW,2.81,GYRO,-14,45,-5,ACC,2,1,258,ADC,1302,400,6,2,"
12.4777,heen,0,MM0 ?T
12.4777,heen,0,MM1 ?T
12.4777,heen,0,MM0 T=35:34
12.4777,heen,0,MM1 T=36:34
12.4943,heen,0,"#240,YAW,2.81,GYRO,-11,46,-6,ACC,5,2,256,ADC,1231,499,5,2,"
12.4944,heen,0,MM0 ?V
12.4944,heen,0,MM1 ?V
12.4944,heen,0,MM0 V=120:225:4905
12.4944,heen,0,MM1 V=120:223:4899
12.5328,heen,0,"#241,YAW,2.81,GYRO,-11,46,-6,ACC,6,3,258,ADC,1272,389,4,2,"
12.5328,heen,0,MM0 ?CR
12.5328,heen,0,MM1 ?CR
12.5328,heen,0,MM0 CR=0:0
12.5328,heen,0,MM1 CR=0:0
12.5328,heen,0,MM0 !M 0 0
12.5328,heen,0,MM1 !M 0 0
12.5328,heen,0,MM1 +
12.5328,heen,0,MM0 +
12.5329,heen,0,"#242,YAW,2.81,GYRO,-13,48,-8,ACC,3,1,256,ADC,1211,501,4,1,"
12.5329,heen,0,MM0 ?A
12.5421,heen,0,MM1 ?A
12.5421,heen,0,MM0 A=0:0
12.5421,heen,0,MM1 A=0:0
12.5421,heen,0,"#243,YAW,2.81,GYRO,-12,47,-8,ACC,2,2,255,ADC,1256,501,3,2,"
12.5421,heen,0,MM0 ?AI
12.5421,heen,0,MM1 ?AI
12.6188,heen,0,"$GPRMC,130521.8,A,5050.51398,N,00419.37813,E,000.63,161.3,081026,000.4,E*59"
12.6188,heen,0,MM0 AI=0:0:2438:2441:0:0
12.6189,heen,0,MM1 AI=0:0:2360:2392:0:0
12.6189,heen,0,MM0 !M 0 0
12.6189,heen,0,MM1 !M 0 0
12.6189,heen,0,MM0 +
12.6189,heen,0,MM1 +
12.6189,heen,0,"#244,YAW,2.81,GYRO,-13,49,-8,ACC,3,3,255,ADC,1207,350,4,1,"
12.6189,heen,0,MM0 ?C
12.6189,heen,0,MM1 ?C
12.6189,heen,0,MM0 C=829:-2760
12.6189,heen,0,MM1 C=955:-2960
12.6190,heen,0,"#245,YAW,2.81,GYRO,-13,46,-4,ACC,3,3,260,ADC,1238,392,7,2,"
12.6190,heen,0,MM0 ?D
12.6190,heen,0,MM1 ?D
12.6633,heen,0,MM0 D=18
12.6633,heen,0,MM1 D=33
12.6634,heen,0,MM0 !M 0 0
12.6634,heen,0,MM1 !M 0 0
12.6634,heen,0,MM0 +
12.6634,heen,0,MM1 +
12.6634,heen,0,"#246,YAW,2.81,GYRO,-13,48,-5,ACC,3,1,256,ADC,1195,304,4,2,"
12.6634,heen,0,MM0 ?FF
12.6634,heen,0,MM1 ?FF
12.6634,heen,0,MM0 FF=0
12.6634,heen,0,MM1 FF=0
12.6634,heen,0,"#247,YAW,2.81,GYRO,-13,48,-5,ACC,3,2,256,ADC,1239,391,6,2,"
12.6635,heen,0,MM0 ?P
12.6635,heen,0,MM1 ?P
12.6643,heen,0,MM0 P=0:0
12.6644,heen,0,MM1 P=0:0
12.6644,heen,0,"#248,YAW,2.81,GYRO,-13,45,-5,ACC,7,3,256,ADC,1228,392,5,2,"
12.6644,heen,0,MM0 ?S
12.6644,heen,0,MM1 ?S
12.6644,heen,0,MM0 S=0:0
12.6644,heen,0,MM1 S=0:0
12.6644,heen,0,"#249,YAW,2.81,GYRO,-13,48,-4,ACC,5,3,255,ADC,1262,503,7,1,"
12.6644,heen,0,MM0 ?T
12.6644,heen,0,MM1 ?T
12.6644,heen,0,MM0 T=35:34
12.6644,heen,0,MM1 T=36:34
12.7152,heen,0,MM1 !M 0 0
12.7152,heen,0,MM0 !M 0 0
12.7152,heen,0,MM1 +
12.7152,heen,0,MM0 +
12.7152,heen,0,"#250,YAW,2.81,GYRO,-14,46,-5,ACC,4,1,255,ADC,1229,331,5,1,"
12.7153,heen,0,MM0 ?V
12.7153,heen,0,MM1 ?V
12.7153,heen,0,MM0 V=120:224:4905
12.7153,heen,0,MM1 V=120:223:4899
12.7153,heen,0,MM1 !M 0 0
12.7153,heen,0,MM0 !M 0 0
12.7153,heen,0,MM1 +
12.7153,heen,0,MM0 +
12.7153,heen,0,"#251,YAW,2.81,GYRO,-12,48,-6,ACC,2,0,256,ADC,1241,346,5,2,"
12.7153,heen,0,MM0 ?CR
12.7153,heen,0,MM1 ?CR
12.7153,heen,0,MM0 CR=0:0
12.7153,heen,0,MM1 CR=0:0
12.7555,heen,0,"#252,YAW,2.81,GYRO,-12,44,-7,ACC,6,1,260,ADC,1252,386,6,1,"
12.7556,heen,0,MM0 ?A
12.7556,heen,0,MM1 ?A
12.7556,heen,0,MM0 A=0:0
12.7556,heen,0,MM1 A=0:0
12.7556,heen,0,"#253,YAW,2.81,GYRO,-12,47,-5,ACC,2,2,259,ADC,1282,395,6,1,"
12.7556,heen,0,"$GPRMC,130522.0,A,5050.51392,N,00419.37818,E,000.61,161.3,081026,000.4,E*51"
12.7556,heen,0,MM0 ?AI
12.7556,heen,0,MM1 ?AI
12.7556,heen,0,MM0 AI=0:0:2430:2462:0:0
12.7556,heen,0,MM1 AI=0:0:2346:2355:0:0
12.7556,heen,0,"#254,YAW,2.81,GYRO,-14,47,-4,ACC,-1,1,254,ADC,1270,496,6,2,"
12.8223,heen,0,MM0 ?C
12.8223,heen,0,MM1 ?C
12.8223,heen,0,MM0 C=829:-2760
12.8223,heen,0,MM1 C=955:-2960
12.8224,heen,0,MM0 !M 0 0
12.8224,heen,0,MM1 !M 0 0
12.8224,heen,0,MM1 +
12.8224,heen,0,MM0 +
12.8224,heen,0,"#255,YAW,2.81,GYRO,-14,49,-6,ACC,4,1,257,ADC,1239,383,5,1,"
12.8224,heen,0,MM0 ?D
12.8224,heen,0,MM1 ?D
12.8224,heen,0,MM0 D=18
12.8224,heen,0,MM1 D=33
12.8224,heen,0,"#0,YAW,2.81,GYRO,-12,46,-6,ACC,3,0,257,ADC,1243,497,6,1,"
12.8225,heen,0,MM0 ?FF
12.8225,heen,0,MM1 ?FF
12.8225,heen,0,MM0 FF=0
12.8225,heen,0,MM1 FF=0
12.8225,heen,0,MM0 !M 0 0
12.8225,heen,0,MM1 !M 0 0
12.8225,heen,0,MM0 +
12.8225,heen,0,MM1 +
12.8225,heen,0,"#1,YAW,2.81,GYRO,-12,46,-6,ACC,2,0,256,ADC,1201,380,6,2,"
12.8225,heen,0,MM0 ?P
12.8225,heen,0,MM1 ?P
12.8225,heen,0,MM0 P=0:0
12.8225,heen,0,MM1 P=0:0
12.8255,heen,0,STOP heen 4.9976
12.8766,pauze,0,"#2,YAW,2.81,GYRO,-13,48,-6,ACC,-2,3,255,ADC,1294,499,6,2,"
12.8767,pauze,0,MM0 ?S
12.8767,pauze,0,MM1 ?S
12.8767,pauze,0,MM0 S=0:0
12.8767,pauze,0,MM1 S=0:0
12.8767,pauze,0,MM1 !M 0 0
12.8767,pauze,0,MM0 !M 0 0
12.8767,pauze,0,MM1 +
12.8767,pauze,0,MM0 +
12.8767,pauze,0,"#3,YAW,2.81,GYRO,-14,47,-6,ACC,3,1,257,ADC,1271,293,4,2,"
12.8768,pauze,0,MM0 ?T
12.8768,pauze,0,MM1 ?T
12.8768,pauze,0,MM0 T=35:34
12.8768,pauze,0,MM1 T=36:34
12.8768,pauze,0,"#4,YAW,2.81,GYRO,-14,48,-5,ACC,4,2,260,ADC,1251,390,6,2,"
12.8768,pauze,0,MM0 ?V
12.8768,pauze,0,MM1 ?V
12.8978,pauze,0,MM0 V=120:225:4905
12.8979,pauze,0,MM1 V=120:223:4899
12.8979,pauze,0,"#5,YAW,2.81,GYRO,-12,46,-6,ACC,3,3,260,ADC,1276,501,5,2,"
12.8979,pauze,0,MM0 ?CR
12.8979,pauze,0,MM1 ?CR
12.8979,pauze,0,MM0 CR=0:0
12.9184,pauze,0,MM1 CR=0:0
12.9184,pauze,0,"#6,YAW,2.81,GYRO,-12,47,-5,ACC,4,0,253,ADC,1246,386,5,2,"
12.9184,pauze,0,MM0 ?A
12.9184,pauze,0,MM1 ?A
12.9184,pauze,0,MM0 A=0:0
12.9184,pauze,0,MM1 A=0:0
12.9425,pauze,0,"$GPRMC,130522.2,A,5050.51381,N,00419.37825,E,000.57,161.3,081026,000.4,E*5A"
12.9425,pauze,0,"#7,YAW,2.81,GYRO,-13,47,-5,ACC,5,3,260,ADC,1268,318,4,1,"
12.9425,pauze,0,MM0 ?AI
12.9783,pauze,0,MM1 ?AI
12.9784,pauze,0,MM0 AI=0:0:2437:2456:0:0
12.9784,pauze,0,MM1 AI=0:0:2362:2359:0:0
12.9784,pauze,0,MM1 !M 0 0
12.9784,pauze,0,MM0 !M 0 0
12.9784,pauze,0,"#8,YAW,2.81,GYRO,-13,47,-5,ACC,2,6,257,ADC,1273,386,5,2,"
12.9784,pauze,0,MM0 +
12.9784,pauze,0,MM1 +
12.9784,pauze,0,MM0 ?C
12.9784,pauze,0,MM1 ?C
12.9784,pauze,0,MM0 C=829:-2760
12.9784,pauze,0,MM1 C=955:-2960
12.9785,pauze,0,"#9,YAW,2.81,GYRO,-14,48,-4,ACC,4,3,253,ADC,1210,381,5,2,"
12.9785,pauze,0,MM0 ?D
12.9785,pauze,0,MM1 ?D
12.9786,pauze,0,MM0 D=18
12.9786,pauze,0,MM1 D=33
12.9992,pauze,0,"#10,YAW,2.81,GYRO,-12,47,-6,ACC,3,3,258,ADC,1228,415,6,2,"
12.9993,pauze,0,MM0 ?FF
12.9993,pauze,0,MM1 ?FF
12.9993,pauze,0,MM0 FF=0
12.9993,pauze,0,MM1 FF=0
13.0201,pauze,0,"#11,YAW,2.81,GYRO,-14,48,-5,ACC,5,2,260,ADC,1272,406,5,2,"
13.0201,pauze,0,MM0 ?P
13.0202,pauze,0,MM1 ?P
13.0202,pauze,0,MM0 P=0:0
13.0202,pauze,0,MM1 P=0:0
13.0814,pauze,0,"#12,YAW,2.81,GYRO,-14,46,-5,ACC,3,4,256,ADC,1205,385,4,2,"
13.0815,pauze,0,MM0 ?S
13.0815,pauze,0,MM1 ?S
13.0815,pauze,0,MM0 S=0:0
13.0815,pauze,0,MM1 S=0:0
13.0815,pauze,0,"#13,YAW,2.81,GYRO,-13,47,-5,ACC,3,3,255,ADC,1266,384,3,1,"
13.0815,pauze,0,MM0 ?T
13.0815,pauze,0,MM1 ?T
13.0815,pauze,0,MM0 T=35:34
13.0815,pauze,0,MM1 T=36:34
13.0815,pauze,0,MM0 !M 0 0
13.0815,pauze,0,MM1 !M 0 0
13.0815,pauze,0,MM0 +
13.0816,pauze,0,MM1 +
13.0816,pauze,0,"#14,YAW,2.81,GYRO,-13,45,-7,ACC,2,3,255,ADC,1276,501,5,2,"
13.0816,pauze,0,MM0 ?V
13.0816,pauze,0,MM1 ?V
13.0816,pauze,0,MM0 V=120:223:4906
13.0816,pauze,0,MM1 V=120:223:4901
13.1011,pauze,0,"#15,YAW,2.81,GYRO,-12,47,-5,ACC,1,2,256,ADC,1249,382,7,2,"
13.1012,pauze,0,MM0 ?CR
13.1012,pauze,0,MM1 ?CR
13.1012,pauze,0,MM0 CR=0:0
13.1012,pauze,0,MM1 CR=0:0
13.1222,pauze,0,"#16,YAW,2.81,GYRO,-13,47,-5,ACC,1,2,259,ADC,1252,382,4,1,"
13.1222,pauze,0,MM0 ?A
13.1222,pauze,0,MM1 ?A
13.1222,pauze,0,MM0 A=0:0
13.1222,pauze,0,MM1 A=0:0
13.1615,pauze,0,"#17,YAW,2.81,GYRO,-13,47,-5,ACC,5,0,257,ADC,1264,388,4,2,"
13.1615,pauze,0,MM0 ?AI
13.1615,pauze,0,MM1 ?AI
13.1615,pauze,0,"$GPRMC,130522.4,A,5050.51376,N,00419.37827,E,000.53,161.3,081026,000.4,E*52"
13.1615,pauze,0,MM0 AI=0:0:2448:2444:0:0
13.1615,pauze,0,MM1 AI=0:0:2362:2358:0:0
13.1615,pauze,0,"#18,YAW,2.81,GYRO,-13,47,-6,ACC,3,1,255,ADC,1268,502,3,2,"
13.1615,pauze,0,MM1 ?C
13.1615,pauze,0,MM0 ?C
13.1615,pauze,0,MM1 C=955:-2960
13.1616,pauze,0,MM0 C=829:-2760
13.1617,pauze,0,MM0 !M 0 0
13.1617,pauze,0,MM1 !M 0 0
13.1819,pauze,0,MM0 +
13.1819,pauze,0,MM1 +
13.1819,pauze,0,"#19,YAW,2.81,GYRO,-12,45,-4,ACC,3,3,256,ADC,1264,497,5,2,"
13.1820,pauze,0,MM0 ?D
13.1820,pauze,0,MM1 ?D
13.1820,pauze,0,MM0 D=18
13.1820,pauze,0,MM1 D=33
13.2032,pauze,0,"#20,YAW,2.81,GYRO,-11,46,-6,ACC,3,3,257,ADC,1264,389,6,2,"
13.2032,pauze,0,MM0 ?FF
13.2032,pauze,0,MM1 ?FF
13.2032,pauze,0,MM0 FF=0
13.2032,pauze,0,MM1 FF=0
13.2251,pauze,0,"#21,YAW,2.81,GYRO,-14,47,-5,ACC,5,3,254,ADC,1266,503,5,2,"
13.2252,pauze,0,MM0 ?P
13.2252,pauze,0,MM1 ?P
13.2252,pauze,0,MM0 P=0:0
13.2252,pauze,0,MM1 P=0:0
13.2743,pauze,0,"#22,YAW,2.81,GYRO,-12,46,-6,ACC,3,2,258,ADC,1224,379,5,2,"
13.2743,pauze,0,MM0 ?S
13.2743,pauze,0,MM1 ?S
13.2743,pauze,0,MM0 S=0:0
13.2743,pauze,0,MM1 S=0:0
13.2743,pauze,0,MM0 !M 0 0
13.2743,pauze,0,MM1 !M 0 0
13.2743,pauze,0,MM0 +
13.2743,pauze,0,MM1 +
13.2744,pauze,0,"#23,YAW,2.81,GYRO,-12,47,-5,ACC,2,1,255,ADC,1226,387,5,2,"
13.2744,pauze,0,MM0 ?T
13.2744,pauze,0,MM1 ?T
13.2744,pauze,0,MM0 T=35:34
13.2744,pauze,0,MM1 T=36:34
13.2955,pauze,0,"#24,YAW,2.81,GYRO,-14,46,-5,ACC,5,1,259,ADC,1260,498,5,2,"
13.2956,pauze,0,MM0 ?V
13.2956,pauze,0,MM1 ?V
13.2956,pauze,0,MM0 V=120:223:4906
13.2956,pauze,0,MM1 V=120:223:4899
13.2956,pauze,0,"#25,YAW,2.81,GYRO,-13,47,-6,ACC,1,4,255,ADC,1247,496,7,2,"
13.2956,pauze,0,MM1 ?CR
13.3164,pauze,0,MM0 ?CR
13.3164,pauze,0,MM1 CR=0:0
13.3164,pauze,0,MM0 CR=0:0
13.3164,pauze,0,"#26,YAW,2.81,GYRO,-14,47,-5,ACC,1,4,261,ADC,1243,393,4,2,"
13.3165,pauze,0,MM0 ?A
13.3165,pauze,0,MM1 ?A
13.3373,pauze,0,MM0 A=0:0
13.3373,pauze,0,MM1 A=0:0
13.3373,pauze,0,"#27,YAW,2.81,GYRO,-13,47,-6,ACC,2,1,259,ADC,1265,390,6,2,"
13.3373,pauze,0,MM1 ?AI
13.3373,pauze,0,MM0 ?AI
13.3714,pauze,0,"$GPRMC,130522.6,A,5050.51375,N,00419.37827,E,000.51,161.3,081026,000.4,E*51"
13.3714,pauze,0,MM1 AI=0:0:2348:2357:0:0
13.3715,pauze,0,MM0 AI=0:0:2437:2453:0:0
13.3715,pauze,0,MM1 !M 0 0
13.3715,pauze,0,MM0 !M 0 0
13.3715,pauze,0,MM1 +
13.3715,pauze,0,MM0 +
13.3715,pauze,0,"#28,YAW,2.81,GYRO,-13,45,-6,ACC,5,3,258,ADC,1240,301,6,1,"
13.3715,pauze,0,MM1 ?C
13.3715,pauze,0,MM0 ?C
13.3715,pauze,0,MM1 C=955:-2960
13.3715,pauze,0,MM0 C=829:-2760
13.3921,pauze,0,"#29,YAW,2.81,GYRO,-13,47,-6,ACC,-1,4,258,ADC,1291,386,6,1,"
13.3921,pauze,0,MM0 ?D
13.3921,pauze,0,MM1 ?D
13.3922,pauze,0,MM0 D=18
13.3922,pauze,0,MM1 D=33
13.4135,pauze,0,"#30,YAW,2.81,GYRO,-12,47,-5,ACC,0,0,260,ADC,1268,383,6,2,"
13.4135,pauze,0,MM1 ?FF
13.4135,pauze,0,MM0 ?FF
13.4135,pauze,0,MM1 FF=0
13.4135,pauze,0,MM0 FF=0
13.4343,pauze,0,"#31,YAW,2.81,GYRO,-12,46,-6,ACC,3,2,259,ADC,1238,405,6,3,"
13.4344,pauze,0,MM0 ?P
13.4344,pauze,0,MM1 ?P
13.4344,pauze,0,MM0 P=0:0
13.4344,pauze,0,MM1 P=0:0
13.4682,pauze,0,"#32,YAW,2.81,GYRO,-13,46,-6,ACC,2,1,258,ADC,1260,500,6,2,"
13.4682,pauze,0,MM1 ?S
13.4682,pauze,0,MM0 ?S
13.4682,pauze,0,MM1 S=0:0
13.4682,pauze,0,MM0 S=0:0
13.4682,pauze,0,MM1 !M 0 0
13.4682,pauze,0,MM0 !M 0 0
13.4682,pauze,0,MM1 +
13.4682,pauze,0,MM0 +
13.4682,pauze,0,"#33,YAW,2.81,GYRO,-13,47,-7,ACC,3,3,255,ADC,1256,389,4,2,"
13.4683,pauze,0,MM1 ?T
13.4683,pauze,0,MM0 ?T
13.4683,pauze,0,MM1 T=36:34
13.4683,pauze,0,MM0 T=35:34
13.4891,pauze,0,"#34,YAW,2.81,GYRO,-13,47,-5,ACC,3,4,259,ADC,1206,380,5,2,"
13.4891,pauze,0,MM1 ?V
13.4891,pauze,0,MM0 ?V
13.4892,pauze,0,MM1 V=120:223:4900
13.4892,pauze,0,MM0 V=120:225:4906
13.5103,pauze,0,"#35,YAW,2.81,GYRO,-14,46,-5,ACC,4,3,259,ADC,1240,387,7,2,"
13.5104,pauze,0,MM1 ?CR
13.5104,pauze,0,MM0 ?CR
13.5104,pauze,0,MM1 CR=0:0
13.5104,pauze,0,MM0 CR=0:0
13.5313,pauze,0,"#36,YAW,2.81,GYRO,-13,47,-5,ACC,3,1,256,ADC,1242,394,4,1,"
13.5313,pauze,0,MM1 ?A
13.5313,pauze,0,MM0 ?A
13.5313,pauze,0,MM1 A=0:0
13.5313,pauze,0,MM0 A=0:0
13.5732,pauze,0,"#37,YAW,2.81,GYRO,-14,47,-6,ACC,4,3,256,ADC,1235,386,3,2,"
13.5733,pauze,0,MM1 ?AI
13.5733,pauze,0,MM0 ?AI
13.5733,pauze,0,"$GPRMC,130522.8,A,5050.51378,N,00419.37830,E,000.49,161.3,081026,000.4,E*5D"
13.5733,pauze,0,MM1 AI=0:0:2346:2361:0:0
13.5733,pauze,0,MM0 AI=0:0:2435:2399:0:0
13.5733,pauze,0,MM1 !M 0 0
13.5733,pauze,0,MM0 !M 0 0
13.5733,pauze,0,MM1 +
13.5733,pauze,0,MM0 +
13.5733,pauze,0,"#38,YAW,2.81,GYRO,-13,45,-5,ACC,4,3,258,ADC,1277,382,3,2,"
13.5733,pauze,0,MM1 ?C
13.5733,pauze,0,MM0 ?C
13.5733,pauze,0,MM1 C=955:-2960
13.5733,pauze,0,MM0 C=829:-2760
13.5877,pauze,0,"#39,YAW,2.81,GYRO,-14,45,-4,ACC,2,6,256,ADC,1242,387,4,2,"
13.5877,pauze,0,MM1 ?D
13.5878,pauze,0,MM0 ?D
13.5878,pauze,0,MM1 D=33
13.5878,pauze,0,MM0 D=18
13.6071,pauze,0,"#40,YAW,2.81,GYRO,-13,45,-6,ACC,-1,1,259,ADC,1264,501,6,1,"
13.6072,pauze,0,MM1 ?FF
13.6072,pauze,0,MM0 ?FF
13.6072,pauze,0,MM1 FF=0
13.6073,pauze,0,MM0 FF=0
13.6282,pauze,0,"#41,YAW,2.81,GYRO,-12,45,-5,ACC,1,1,258,ADC,1267,392,4,2,"
13.6282,pauze,0,MM1 ?P
13.6282,pauze,0,MM0 ?P
13.6282,pauze,0,MM1 P=0:0
13.6282,pauze,0,MM0 P=0:0
13.6619,pauze,0,"#42,YAW,2.82,GYRO,-14,45,-6,ACC,3,3,259,ADC,1220,387,7,2,"
13.6620,pauze,0,MM1 ?S
13.6620,pauze,0,MM0 ?S
13.6620,pauze,0,MM1 S=0:0
13.6620,pauze,0,MM0 S=0:0
13.6620,pauze,0,"#43,YAW,2.82,GYRO,-13,46,-5,ACC,4,2,257,ADC,1258,383,4,2,"
13.6620,pauze,0,MM1 ?T
13.6620,pauze,0,MM0 ?T
13.6620,pauze,0,MM1 T=36:34
13.6620,pauze,0,MM0 T=35:34
13.6848,pauze,0,"#44,YAW,2.82,GYRO,-14,48,-5,ACC,5,3,254,ADC,1225,387,6,2,"
13.6848,pauze,0,MM1 ?V
13.6848,pauze,0,MM0 ?V
13.6848,pauze,0,MM1 V=120:223:4899
13.6848,pauze,0,MM0 V=120:224:4906
13.7042,pauze,0,"#45,YAW,2.82,GYRO,-13,45,-5,ACC,4,2,258,ADC,1242,383,6,2,"
13.7042,pauze,0,MM1 ?CR
13.7042,pauze,0,MM0 ?CR
13.7042,pauze,0,MM1 CR=0:0
13.7042,pauze,0,MM0 CR=0:0
13.7252,pauze,0,"#46,YAW,2.82,GYRO,-14,46,-6,ACC,3,1,260,ADC,1277,500,5,1,"
13.7252,pauze,0,MM1 ?A
13.7252,pauze,0,MM0 ?A
13.7252,pauze,0,MM1 A=0:0
13.7252,pauze,0,MM0 A=0:0
13.7765,pauze,0,"#47,YAW,2.82,GYRO,-13,47,-6,ACC,1,4,257,ADC,1219,382,5,2,"
13.7766,pauze,0,MM1 ?AI
13.7766,pauze,0,"$GPRMC,130523.0,A,5050.51384,N,00419.37834,E,000.49,161.3,081026,000.4,E*53"
13.7766,pauze,0,MM0 ?AI
13.7766,pauze,0,MM1 AI=0:0:2353:2364:0:0
13.7766,pauze,0,MM0 AI=0:0:2427:2450:0:0
13.7766,pauze,0,MM0 !M 0 0PING
13.7766,pauze,0,MM0 +
13.7766,pauze,0,MM1 !M 0 0PING
13.7766,pauze,0,MM1 +
13.7766,pauze,0,MM1 !M 0 0
13.7766,pauze,0,MM0 !M 0 0
13.7766,pauze,0,MM1 +
13.7766,pauze,0,MM0 +
13.7766,pauze,0,"#48,YAW,2.82,GYRO,-13,48,-6,ACC,2,3,258,ADC,1282,306,4,2,"
13.7766,pauze,0,MM1 ?C
13.7766,pauze,0,MM0 ?C
13.7766,pauze,0,MM1 C=955:-2960
13.7766,pauze,0,MM0 C=829:-2760
13.7767,pauze,0,"#49,YAW,2.82,GYRO,-13,46,-6,ACC,7,2,259,ADC,1266,415,5,2,"
13.7767,pauze,0,MM1 ?D
13.7767,pauze,0,MM0 ?D
13.7978,pauze,0,MM1 D=33
13.7978,pauze,0,MM0 D=26
13.7978,pauze,0,"#50,YAW,2.82,GYRO,-13,46,-7,ACC,2,1,258,ADC,1217,381,7,2,"
13.7978,pauze,0,MM0 ?FF
13.7978,pauze,0,MM1 ?FF
13.7978,pauze,0,MM1 FF=0
13.8184,pauze,0,MM0 FF=0
13.8184,pauze,0,"#51,YAW,2.82,GYRO,-13,45,-7,ACC,5,2,257,ADC,1256,500,7,2,"
13.8184,pauze,0,MM1 ?P
13.8184,pauze,0,MM0 ?P
13.8185,pauze,0,MM1 P=0:0
13.8185,pauze,0,MM0 P=0:0
13.8391,pauze,0,"#52,YAW,2.82,GYRO,-12,46,-4,ACC,4,2,258,ADC,1242,396,7,2,"
13.8391,pauze,0,MM1 ?S
13.8391,pauze,0,MM0 ?S
13.8391,pauze,0,MM1 S=0:0
13.8391,pauze,0,MM0 S=0:0
13.8734,pauze,0,MM0 !M 0 0
13.8734,pauze,0,MM1 !M 0 0
13.8734,pauze,0,MM0 +
13.8734,pauze,0,MM1 +
13.8734,pauze,0,"#53,YAW,2.82,GYRO,-14,46,-5,ACC,1,3,259,ADC,1238,497,5,2,"
13.8734,pauze,0,MM1 ?T
13.8734,pauze,0,MM0 ?T
13.8734,pauze,0,MM1 T=36:34
13.8734,pauze,0,MM0 T=35:34
13.8945,pauze,0,"#54,YAW,2.82,GYRO,-15,47,-6,ACC,0,2,258,ADC,1235,387,6,2,"
13.8945,pauze,0,MM1 ?V
13.8945,pauze,0,MM0 ?V
13.8945,pauze,0,MM1 V=120:223:4900
13.8945,pauze,0,MM0 V=120:223:4906
13.9163,pauze,0,"#55,YAW,2.82,GYRO,-12,46,-5,ACC,2,2,254,ADC,1250,388,4,2,"
13.9163,pauze,0,MM0 ?CR
13.9163,pauze,0,MM1 ?CR
13.9163,pauze,0,MM0 CR=0:0
13.9163,pauze,0,MM1 CR=0:0
13.9163,pauze,0,"#56,YAW,2.82,GYRO,-15,46,-4,ACC,4,2,261,ADC,1208,383,6,2,"
13.9163,pauze,0,MM0 ?A
13.9363,pauze,0,MM1 ?A
13.9363,pauze,0,MM0 A=0:0
13.9363,pauze,0,MM1 A=0:0
13.9363,pauze,0,"#57,YAW,2.82,GYRO,-13,47,-6,ACC,4,3,256,ADC,1219,494,5,2,"
13.9363,pauze,0,MM0 ?AI
13.9363,pauze,0,MM1 ?AI
13.9705,pauze,0,"$GPRMC,130523.2,A,5050.51389,N,00419.37835,E,000.49,161.3,081026,000.4,E*5D"
13.9705,pauze,0,MM0 AI=0:0:2443:2451:0:0
13.9705,pauze,0,MM1 AI=0:0:2356:2343:0:0
13.9705,pauze,0,MM0 !M 0 0
13.9705,pauze,0,MM1 !M 0 0
13.9705,pauze,0,MM0 +
13.9705,pauze,0,MM1 +
13.9705,pauze,0,"#58,YAW,2.82,GYRO,-13,46,-5,ACC,3,4,257,ADC,1226,387,4,2,"
13.9705,pauze,0,MM0 ?C
13.9705,pauze,0,MM1 ?C
13.9705,pauze,0,MM0 C=829:-2760
13.9705,pauze,0,MM1 C=955:-2960
13.9913,pauze,0,"#59,YAW,2.82,GYRO,-13,46,-6,ACC,2,2,257,ADC,1192,380,4,1,"
13.9914,pauze,0,MM0 ?D
13.9914,pauze,0,MM1 ?D
13.9914,pauze,0,MM0 D=18
13.9914,pauze,0,MM1 D=33
14.0123,pauze,0,"#60,YAW,2.82,GYRO,-13,46,-6,ACC,2,2,259,ADC,1271,501,4,2,"
14.0123,pauze,0,MM0 ?FF
14.0124,pauze,0,MM1 ?FF
14.0124,pauze,0,MM0 FF=0
14.0124,pauze,0,MM1 FF=0
14.0326,pauze,0,"#61,YAW,2.82,GYRO,-13,47,-6,ACC,4,2,261,ADC,1262,498,6,2,"
14.0326,pauze,0,MM0 ?P
14.0326,pauze,0,MM1 ?P
14.0326,pauze,0,MM0 P=0:0
14.0327,pauze,0,MM1 P=0:0
14.0714,pauze,0,"#62,YAW,2.82,GYRO,-13,46,-6,ACC,3,1,253,ADC,1254,396,7,2,"
14.0715,pauze,0,MM0 ?S
14.0715,pauze,0,MM1 ?S
14.0715,pauze,0,MM0 S=0:0
14.0715,pauze,0,MM1 S=0:0
14.0715,pauze,0,MM0 !M 0 0
14.0715,pauze,0,MM1 !M 0 0
14.0715,pauze,0,MM0 +
14.0715,pauze,0,MM1 +
14.0715,pauze,0,"#63,YAW,2.82,GYRO,-12,47,-5,ACC,3,2,259,ADC,1266,380,3,2,"
14.0715,pauze,0,MM0 ?T
14.0715,pauze,0,MM1 ?T
14.0715,pauze,0,MM0 T=35:34
14.0715,pauze,0,MM1 T=36:34
14.0898,pauze,0,"#64,YAW,2.82,GYRO,-13,45,-6,ACC,0,3,257,ADC,1255,387,5,2,"
14.0898,pauze,0,MM0 ?V
14.0898,pauze,0,MM1 ?V
14.0898,pauze,0,MM0 V=120:225:4905
14.0898,pauze,0,MM1 V=120:223:4900
14.1091,pauze,0,"#65,YAW,2.82,GYRO,-12,47,-5,ACC,4,0,257,ADC,1253,391,6,2,"
14.1092,pauze,0,MM0 ?CR
14.1092,pauze,0,MM1 ?CR
14.1092,pauze,0,MM0 CR=0:0
14.1092,pauze,0,MM1 CR=0:0
14.1320,pauze,0,"#66,YAW,2.82,GYRO,-14,49,-5,ACC,4,2,254,ADC,1222,382,6,2,"
14.1321,pauze,0,MM0 ?A
14.1321,pauze,0,MM1 ?A
14.1321,pauze,0,MM0 A=0:0
14.1321,pauze,0,MM1 A=0:0
14.1735,pauze,0,"#67,YAW,2.82,GYRO,-13,48,-6,ACC,4,2,257,ADC,1239,381,4,1,"
14.1735,pauze,0,MM0 ?AI
14.1735,pauze,0,MM1 ?AI
14.1736,pauze,0,"$GPRMC,130523.4,A,5050.51391,N,00419.37833,E,000.51,161.3,081026,000.4,E*5D"
14.1736,pauze,0,MM0 AI=0:0:2430:2448:0:0
14.1736,pauze,0,MM1 AI=0:0:2350:2379:0:0
14.1736,pauze,0,MM1 !M 0 0
14.1736,pauze,0,MM0 !M 0 0
14.1736,pauze,0,MM1 +
14.1736,pauze,0,MM0 +
14.1736,pauze,0,"#68,YAW,2.82,GYRO,-14,46,-6,ACC,2,4,261,ADC,1234,382,5,1,"
14.1736,pauze,0,MM0 ?C
14.1736,pauze,0,MM1 ?C
14.1736,pauze,0,MM0 C=829:-2760
14.1736,pauze,0,MM1 C=955:-2960
14.1874,pauze,0,"#69,YAW,2.82,GYRO,-14,46,-6,ACC,2,3,253,ADC,1265,502,5,2,"
14.1875,pauze,0,MM0 ?D
14.1875,pauze,0,MM1 ?D
14.1875,pauze,0,MM0 D=18
14.1875,pauze,0,MM1 D=33
14.2081,pauze,0,"#70,YAW,2.82,GYRO,-12,47,-4,ACC,4,4,257,ADC,1228,380,5,1,"
14.2081,pauze,0,MM0 ?FF
14.2081,pauze,0,MM1 ?FF
14.2081,pauze,0,MM0 FF=0
14.2081,pauze,0,MM1 FF=0
14.2291,pauze,0,"#71,YAW,2.82,GYRO,-13,46,-5,ACC,4,3,257,ADC,1227,387,4,2,"
14.2291,pauze,0,MM0 ?P
14.2291,pauze,0,MM1 ?P
14.2291,pauze,0,MM0 P=0:0
14.2291,pauze,0,MM1 P=0:0
14.2786,pauze,0,"#72,YAW,2.82,GYRO,-13,45,-5,ACC,1,0,256,ADC,1249,388,5,2,"
14.2786,pauze,0,MM0 ?S
14.2786,pauze,0,MM1 ?S
14.2786,pauze,0,MM0 S=0:0
14.2786,pauze,0,MM1 S=0:0
14.2786,pauze,0,"#73,YAW,2.82,GYRO,-13,45,-7,ACC,5,2,254,ADC,1247,464,6,2,"
14.2786,pauze,0,MM0 !M 0 0
14.2786,pauze,0,MM0 +
14.2786,pauze,0,MM1 !M 0 0
14.2786,pauze,0,MM1 +
14.2786,pauze,0,MM0 ?T
14.2786,pauze,0,MM1 ?T
14.2786,pauze,0,MM0 T=35:34
14.2787,pauze,0,MM1 T=36:34
14.2787,pauze,0,"#74,YAW,2.82,GYRO,-14,46,-5,ACC,2,2,260,ADC,1217,381,4,2,"
14.2787,pauze,0,MM0 ?V
14.2787,pauze,0,MM1 ?V
14.2787,pauze,0,MM0 V=120:223:4904
14.2991,pauze,0,MM1 V=120:223:4900
14.2992,pauze,0,"#75,YAW,2.82,GYRO,-13,48,-6,ACC,2,1,259,ADC,1244,384,5,2,"
14.2992,pauze,0,MM0 ?CR
14.2992,pauze,0,MM1 ?CR
14.2992,pauze,0,MM0 CR=0:0
14.2992,pauze,0,MM1 CR=0:0
14.3202,pauze,0,"#76,YAW,2.82,GYRO,-14,47,-6,ACC,3,1,258,ADC,1243,496,6,1,"
14.3202,pauze,0,MM0 ?A
14.3202,pauze,0,MM1 ?A
14.3202,pauze,0,MM0 A=0:0
14.3202,pauze,0,MM1 A=0:0
14.3423,terug,0,"#77,YAW,2.82,GYRO,-15,46,-4,ACC,5,3,260,ADC,1225,497,6,1,"
14.3424,terug,0,MM0 ?AI
14.3424,terug,0,MM1 ?AI
14.3781,terug,0,"$GPRMC,130523.6,A,5050.51391,N,00419.37835,E,000.51,161.3,081026,000.4,E*59"
14.3781,terug,0,MM0 AI=0:0:2464:2455:0:0
14.3781,terug,0,MM1 AI=0:0:2332:2365:0:0
14.3781,terug,0,MM0 !M 0 0
14.3782,terug,0,MM1 !M 0 0
14.3782,terug,0,MM0 +
14.3782,terug,0,MM1 +
14.3782,terug,0,"#78,YAW,2.82,GYRO,-11,46,-6,ACC,0,2,259,ADC,1251,342,5,1,"
14.3782,terug,0,MM0 ?C
14.3782,terug,0,MM1 ?C
14.3782,terug,0,MM0 C=829:-2760
14.3782,terug,0,MM1 C=955:-2960
14.3783,terug,0,"#79,YAW,2.82,GYRO,-13,45,-4,ACC,2,5,255,ADC,1294,500,6,2,"
14.3783,terug,0,MM0 ?D
14.3783,terug,0,MM1 ?D
14.4304,terug,0,MM0 D=18
14.4305,terug,0,MM1 D=33
14.4305,terug,0,"#80,YAW,2.82,GYRO,-13,46,-6,ACC,4,4,260,ADC,1278,501,4,1,"
14.4305,terug,0,MM0 ?FF
14.4305,terug,0,MM1 ?FF
14.4305,terug,0,MM0 FF=0
14.4305,terug,0,MM1 FF=0
14.4305,terug,0,MM0 !M 0 0
14.4305,terug,0,MM1 !M 0 0
14.4305,terug,0,MM0 +
14.4305,terug,0,MM1 +
14.4305,terug,0,"#81,YAW,2.82,GYRO,-13,47,-5,ACC,4,4,257,ADC,1251,501,5,2,"
14.4305,terug,0,MM0 ?P
14.4305,terug,0,MM1 ?P
14.4305,terug,0,MM0 P=0:0
14.4305,terug,0,MM1 P=0:0
14.4804,terug,0,"#82,YAW,2.82,GYRO,-14,46,-7,ACC,2,6,256,ADC,1259,395,5,1,"
14.4805,terug,0,MM0 ?S
14.4805,terug,0,MM1 ?S
14.4805,terug,0,MM0 S=0:0
14.4805,terug,0,MM1 S=0:0
14.4805,terug,0,"#83,YAW,2.82,GYRO,-14,47,-5,ACC,2,1,254,ADC,1228,384,4,1,"
14.4805,terug,0,MM0 ?T
14.4805,terug,0,MM1 ?T
14.4805,terug,0,MM0 T=35:34
14.4805,terug,0,MM1 T=36:34
14.4805,terug,0,MM0 !M 0 0
14.4805,terug,0,MM1 !M 0 0
14.4805,terug,0,MM0 +
14.4805,terug,0,MM1 +
14.4805,terug,0,"#84,YAW,2.82,GYRO,-13,48,-6,ACC,4,2,260,ADC,1247,390,5,1,"
14.4806,terug,0,MM0 ?V
14.4806,terug,0,MM1 ?V
14.4806,terug,0,MM0 V=120:223:4906
14.4806,terug,0,MM1 V=120:223:4899
14.5317,terug,0,"#85,YAW,2.82,GYRO,-14,47,-7,ACC,3,3,259,ADC,1244,496,5,1,"
14.5318,terug,0,MM0 ?CR
14.5318,terug,0,MM1 ?CR
14.5318,terug,0,MM0 CR=0:0
14.5318,terug,0,MM1 CR=0:0
14.5318,terug,0,MM0 !M 0 0
14.5318,terug,0,MM1 !M 0 0
14.5318,terug,0,MM0 +
14.5318,terug,0,MM1 +
14.5318,terug,0,"#86,YAW,2.82,GYRO,-14,45,-5,ACC,3,2,260,ADC,1251,382,5,1,"
14.5318,terug,0,MM0 ?A
14.5318,terug,0,MM1 ?A
14.5318,terug,0,MM0 A=0:0
14.5318,terug,0,MM1 A=0:0
14.5828,terug,0,"#87,YAW,2.82,GYRO,-15,46,-5,ACC,3,2,256,ADC,1228,387,4,2,"
14.5829,terug,0,MM0 ?AI
14.5829,terug,0,MM1 ?AI
14.5829,terug,0,"$GPRMC,130523.8,A,5050.51390,N,00419.37841,E,000.51,161.3,081026,000.4,E*55"
14.5829,terug,0,MM0 AI=0:0:2434:2450:0:0
14.5829,terug,0,MM1 AI=0:0:2361:2375:0:0
14.5829,terug,0,"#88,YAW,2.82,GYRO,-12,48,-5,ACC,4,4,258,ADC,1248,385,4,2,"
14.5829,terug,0,MM0 ?C
14.5829,terug,0,MM1 ?C
14.5829,terug,0,MM0 C=829:-2760
14.5829,terug,0,MM1 C=955:-2960
14.5830,terug,0,MM0 !M 0 0
14.5830,terug,0,MM1 !M 0 0
14.5830,terug,0,MM0 +
14.5830,terug,0,MM1 +
14.5830,terug,0,"#89,YAW,2.82,GYRO,-13,46,-5,ACC,6,2,257,ADC,1269,386,4,2,"
14.5830,terug,0,MM0 ?D
14.5830,terug,0,MM1 ?D
14.5830,terug,0,MM0 D=18
14.5830,terug,0,MM1 D=33
14.6318,terug,0,"#90,YAW,2.82,GYRO,-12,47,-6,ACC,2,6,255,ADC,1263,381,4,2,"
14.6318,terug,0,MM0 ?FF
14.6319,terug,0,MM1 ?FF
14.6319,terug,0,MM0 FF=0
14.6319,terug,0,MM1 FF=0
14.6319,terug,0,MM0 !M 0 0
14.6319,terug,0,MM1 !M 0 0
14.6319,terug,0,MM0 +
14.6319,terug,0,MM1 +
14.6319,terug,0,"#91,YAW,2.82,GYRO,-13,48,-5,ACC,4,0,257,ADC,1283,399,5,2,"
14.6319,terug,0,MM0 ?P
14.6319,terug,0,MM1 ?P
14.6319,terug,0,MM0 P=0:0
14.6319,terug,0,MM1 P=0:0
14.6525,terug,0,"#92,YAW,2.82,GYRO,-13,47,-5,ACC,3,3,262,ADC,1265,501,6,2,"
14.6525,terug,0,MM0 ?S
14.6525,terug,0,MM1 ?S
14.6525,terug,0,MM0 S=0:0
14.6525,terug,0,MM1 S=0:0
14.6856,terug,0,"#93,YAW,2.82,GYRO,-13,47,-6,ACC,3,4,256,ADC,1247,396,5,1,"
14.6856,terug,0,MM0 ?T
14.6856,terug,0,MM1 ?T
14.6856,terug,0,MM0 T=35:34
14.6856,terug,0,MM1 T=36:34
14.6856,terug,0,MM0 !M 0 0
14.6856,terug,0,MM1 !M 0 0
14.6856,terug,0,MM0 +
14.6856,terug,0,MM1 +
14.6856,terug,0,"#94,YAW,2.82,GYRO,-12,48,-6,ACC,4,2,255,ADC,1233,381,3,1,"
14.6857,terug,0,MM0 ?V
14.6857,terug,0,MM1 ?V
14.6857,terug,0,MM0 V=120:224:4905
14.6857,terug,0,MM1 V=120:224:4900
14.7204,terug,0,"#95,YAW,2.82,GYRO,-14,47,-5,ACC,3,0,261,ADC,1231,384,4,2,"
14.7204,terug,0,MM0 ?CR
14.7205,terug,0,MM1 ?CR
14.7205,terug,0,MM0 CR=0:0
14.7205,terug,0,MM1 CR=0:0
14.7205,terug,0,MM0 !M 0 0
14.7205,terug,0,MM1 !M 0 0
14.7205,terug,0,MM0 +
14.7205,terug,0,MM1 +
14.7205,terug,0,"#96,YAW,2.82,GYRO,-14,47,-4,ACC,4,4,260,ADC,1215,382,4,2,"
14.7205,terug,0,MM0 ?A
14.7205,terug,0,MM1 ?A
14.7205,terug,0,MM0 A=0:0
14.7205,terug,0,MM1 A=0:0
14.7413,terug,0,"#97,YAW,2.82,GYRO,-13,46,-8,ACC,4,1,257,ADC,1242,395,4,2,"
14.7414,terug,0,MM0 ?AI
14.7414,terug,0,MM1 ?AI
14.7756,terug,0,"$GPRMC,130524.0,A,5050.51389,N,00419.37846,E,000.51,161.3,081026,000.4,E*55"
14.7757,terug,0,MM0 AI=0:0:2462:2448:0:0
14.7757,terug,0,MM1 AI=0:0:2345:2362:0:0
14.7757,terug,0,MM0 !M 0 0
14.7757,terug,0,MM1 !M 0 0
14.7757,terug,0,MM0 +
14.7757,terug,0,MM1 +
14.7757,terug,0,"#98,YAW,2.82,GYRO,-13,46,-6,ACC,4,2,259,ADC,1294,397,4,1,"
14.7757,terug,0,MM0 ?C
14.7757,terug,0,MM1 ?C
14.7757,terug,0,MM0 C=829:-2760
14.7757,terug,0,MM1 C=955:-2960
14.7758,terug,0,"#99,YAW,2.82,GYRO,-13,47,-6,ACC,3,3,259,ADC,1273,502,5,2,"
14.7758,terug,0,MM0 ?D
14.7860,terug,0,DOEL terug -5.0000 r=0.13360
14.7962,terug,0,MM1 ?D
14.7962,terug,0,MM0 D=18
14.7962,terug,0,MM1 D=33
14.7962,terug,0,"#100,YAW,2.82,GYRO,-13,48,-5,ACC,5,3,255,ADC,1225,382,3,1,"
14.7963,terug,0,MM0 ?FF
14.7963,terug,0,MM1 ?FF
14.8302,terug,0,MM0 FF=0
14.8302,terug,0,MM1 FF=0
14.8302,terug,0,MM1 !M 0 0
14.8302,terug,0,MM0 !M 0 0
14.8302,terug,0,MM1 +
14.8302,terug,0,MM0 +
14.8302,terug,0,"#101,YAW,2.82,GYRO,-13,47,-5,ACC,1,2,254,ADC,1219,380,5,2,"
14.8303,terug,0,MM0 ?P
14.8303,terug,0,MM1 ?P
14.8303,terug,0,MM0 P=0:0
14.8303,terug,0,MM1 P=0:0
14.8901,terug,-16,"#102,YAW,2.82,GYRO,-13,46,-6,ACC,4,4,254,ADC,1221,381,6,2,"
14.8901,terug,-16,MM0 ?S
14.8901,terug,-16,MM1 ?S
14.8901,terug,-16,MM0 S=0:0
14.8901,terug,-16,MM1 S=0:0
14.8901,terug,-16,"#103,YAW,2.82,GYRO,-14,45,-7,ACC,1,4,257,ADC,1268,497,5,1,"
14.8901,terug,-16,MM0 ?T
14.8902,terug,-16,MM1 ?T
14.8902,terug,-16,MM0 T=35:34
14.8902,terug,-16,MM1 T=36:34
14.8902,terug,-16,MM0 !M -6 10
14.8902,terug,-16,MM1 !M -6 10
14.8902,terug,-16,MM0 +
14.8902,terug,-16,MM1 +
14.8902,terug,-16,"#104,YAW,2.82,GYRO,-14,48,-6,ACC,4,0,254,ADC,1289,496,4,2,"
14.8902,terug,-16,MM0 ?V
14.8902,terug,-16,MM1 ?V
14.8902,terug,-16,MM0 V=120:224:4906
14.8902,terug,-16,MM1 V=120:223:4900
14.9243,terug,-16,"#105,YAW,2.82,GYRO,-14,47,-2,ACC,4,1,256,ADC,1287,500,6,1,"
14.9244,terug,-16,MM0 ?CR
14.9244,terug,-16,MM1 ?CR
14.9244,terug,-16,MM0 CR=0:0
14.9244,terug,-16,MM1 CR=0:0
14.9244,terug,-16,MM0 !M -13 19
14.9244,terug,-16,MM1 !M -13 19
14.9244,terug,-16,MM0 +
14.9244,terug,-16,MM1 +
14.9244,terug,-16,"#106,YAW,2.82,GYRO,-14,46,-3,ACC,0,1,256,ADC,1211,383,6,2,"
14.9244,terug,-16,MM0 ?A
14.9244,terug,-16,MM1 ?A
14.9244,terug,-16,MM0 A=0:0
14.9244,terug,-16,MM1 A=0:0
14.9456,terug,-25,"#107,YAW,2.82,GYRO,-14,50,-6,ACC,1,2,259,ADC,1273,388,5,2,"
14.9456,terug,-25,MM0 ?AI
14.9456,terug,-25,MM1 ?AI
14.9456,terug,-25,MM0 AI=0:0:2419:2469:0:0
14.9456,terug,-25,MM1 AI=0:0:2357:2340:0:0
14.9802,terug,-25,"$GPRMC,130524.2,A,5050.51388,N,00419.37847,E,000.50,161.3,081026,000.4,E*56"
14.9803,terug,-25,"#108,YAW,2.82,GYRO,-13,44,-5,ACC,3,3,256,ADC,1272,382,5,2,"
14.9803,terug,-25,MM0 ?C
14.9803,terug,-25,MM1 ?C
14.9803,terug,-25,MM0 C=829:-2760
14.9803,terug,-25,MM1 C=955:-2960
14.9804,terug,-25,MM0 !M -22 28
14.9804,terug,-25,MM1 !M -22 28
14.9804,terug,-25,MM0 +
14.9804,terug,-25,MM1 +
14.9804,terug,-25,"#109,YAW,2.82,GYRO,-13,51,-6,ACC,0,3,262,ADC,1260,390,5,2,"
14.9804,terug,-25,MM0 ?D
14.9804,terug,-25,MM1 ?D
14.9804,terug,-25,MM0 D=18
14.9804,terug,-25,MM1 D=33
15.0012,terug,-33,"#110,YAW,2.82,GYRO,-13,44,-5,ACC,4,2,262,ADC,1230,391,7,2,"
15.0012,terug,-33,MM0 ?FF
15.0012,terug,-33,MM1 ?FF
15.0012,terug,-33,MM0 FF=0
15.0012,terug,-33,MM1 FF=0
15.0354,terug,-33,MM1 !M -30 36
15.0354,terug,-33,MM0 !M -30 36
15.0354,terug,-33,MM1 +
15.0354,terug,-33,MM0 +
15.0354,terug,-33,"#111,YAW,2.82,GYRO,-14,50,-5,ACC,2,3,255,ADC,1264,278,4,1,"
15.0354,terug,-33,MM0 ?P
15.0355,terug,-33,MM1 ?P
15.0355,terug,-33,MM0 P=-30:36
15.0356,terug,-33,MM1 P=-30:36
15.0356,terug,-33,"#112,YAW,2.82,GYRO,-15,54,-5,ACC,2,5,257,ADC,1274,501,5,1,"
15.0862,terug,-42,MM0 ?S
15.0862,terug,-42,MM1 ?S
15.0862,terug,-42,MM0 S=0:75
15.0862,terug,-42,MM1 S=0:0
15.0862,terug,-42,"#113,YAW,2.82,GYRO,-9,57,-15,ACC,2,0,252,ADC,1258,387,4,2,"
15.0862,terug,-42,MM0 ?T
15.0862,terug,-42,MM1 ?T
15.0862,terug,-42,MM0 T=35:34
15.0862,terug,-42,MM1 T=36:34
15.0862,terug,-42,MM0 !M -39 45
15.0862,terug,-42,MM1 !M -39 45
15.0862,terug,-42,MM0 +
15.0862,terug,-42,MM1 +
15.0862,terug,-42,"#114,YAW,2.82,GYRO,-18,42,-21,ACC,0,4,255,ADC,1213,393,8,2,"
15.0862,terug,-42,MM0 ?V
15.0862,terug,-42,MM1 ?V
15.0862,terug,-42,MM0 V=120:224:4906
15.0862,terug,-42,MM1 V=120:223:4899
15.1405,terug,-59,"#115,YAW,2.82,GYRO,-16,50,-21,ACC,0,4,261,ADC,1268,384,7,2,"
15.1406,terug,-59,MM0 ?CR
15.1406,terug,-59,MM1 ?CR
15.1406,terug,-59,MM0 CR=0:1
15.1406,terug,-59,MM1 CR=0:0
15.1406,terug,-59,"#116,YAW,2.82,GYRO,-17,49,-6,ACC,0,3,259,ADC,1240,397,4,2,"
15.1406,terug,-59,MM0 ?A
15.1406,terug,-59,MM1 ?A
15.1406,terug,-59,MM0 A=0:0
15.1406,terug,-59,MM1 A=0:0
15.1406,terug,-59,MM1 !M -47 53
15.1406,terug,-59,MM0 !M -47 53
15.1406,terug,-59,MM1 +
15.1406,terug,-59,MM0 +
15.1406,terug,-59,"#117,YAW,2.82,GYRO,-20,72,4,ACC,-12,6,260,ADC,1224,383,4,1,"
15.1406,terug,-59,MM0 ?AI
15.1406,terug,-59,MM1 ?AI
15.1751,terug,-59,"$GPRMC,130524.4,A,5050.51385,N,00419.37847,E,000.48,161.3,081026,000.4,E*54"
15.1752,terug,-59,MM0 AI=0:0:2447:2455:0:0
15.1752,terug,-59,MM1 AI=0:0:2344:2360:0:0
15.1752,terug,-59,"#118,YAW,2.82,GYRO,-16,29,19,ACC,-10,0,261,ADC,1257,398,5,2,"
15.1752,terug,-59,MM0 ?C
15.1752,terug,-59,MM1 ?C
15.1752,terug,-59,MM0 C=828:-2758
15.1752,terug,-59,MM1 C=954:-2959
15.1753,terug,-59,"#119,YAW,2.82,GYRO,-24,48,10,ACC,-1,0,260,ADC,1277,392,5,2,"
15.1975,terug,-67,MM0 ?D
15.1975,terug,-67,MM1 ?D
15.1975,terug,-67,MM0 D=35
15.1975,terug,-67,MM1 D=2
15.1975,terug,-67,"#120,YAW,2.82,GYRO,-17,55,-14,ACC,0,2,255,ADC,1243,384,5,2,"
15.1975,terug,-67,MM0 ?FF
15.2322,terug,-67,MM1 ?FF
15.2322,terug,-67,MM0 FF=0
15.2322,terug,-67,MM1 FF=0
15.2322,terug,-67,MM0 !M -56PING
15.2322,terug,-67,MM1 !M -56PING
15.2322,terug,-67,MM0 +
15.2322,terug,-67,MM1 +
15.2322,terug,-67,MM0 !M -63 71
15.2322,terug,-67,MM1 !M -63 71
15.2322,terug,-67,MM0 +
15.2322,terug,-67,MM1 +
15.2322,terug,-67,"#121,YAW,2.82,GYRO,-24,53,-29,ACC,-4,4,264,ADC,1272,388,5,2,"
15.2322,terug,-67,MM0 ?P
15.2322,terug,-67,MM1 ?P
15.2322,terug,-67,MM0 P=-63:71
15.2322,terug,-67,MM1 P=-63:71
15.2533,terug,-75,"#122,YAW,2.82,GYRO,-18,79,-16,ACC,-16,4,252,ADC,1247,498,4,2,"
15.2533,terug,-75,MM0 ?S
15.2533,terug,-75,MM1 ?S
15.2533,terug,-75,MM1 S=0:75
15.2533,terug,-75,MM0 S=-75:75
15.2872,terug,-75,"#123,YAW,2.82,GYRO,-19,42,-5,ACC,0,1,260,ADC,1238,388,6,2,"
15.2873,terug,-75,MM0 ?T
15.2873,terug,-75,MM1 ?T
15.2873,terug,-75,MM0 T=35:34
15.2873,terug,-75,MM1 T=36:34
15.2873,terug,-75,MM1 !M -71 79
15.2873,terug,-75,MM0 !M -71 79
15.2873,terug,-75,MM1 +
15.2873,terug,-75,MM0 +
15.2873,terug,-75,"#124,YAW,2.82,GYRO,-24,32,-4,ACC,-11,3,253,ADC,1246,390,7,2,"
15.2873,terug,-75,MM0 ?V
15.2873,terug,-75,MM1 ?V
15.2873,terug,-75,MM0 V=120:223:4906
15.2873,terug,-75,MM1 V=120:224:4899
15.3081,terug,-84,"#125,YAW,2.82,GYRO,-14,73,-4,ACC,-17,0,258,ADC,1234,382,4,2,"
15.3081,terug,-84,MM0 ?CR
15.3081,terug,-84,MM1 ?CR
15.3081,terug,-84,MM0 CR=-5:4
15.3081,terug,-84,MM1 CR=-5:5
15.3424,terug,-92,"#126,YAW,2.82,GYRO,-19,24,-6,ACC,-6,0,253,ADC,1236,492,5,2,"
15.3424,terug,-92,MM0 ?A
15.3424,terug,-92,MM1 ?A
15.3424,terug,-92,MM0 A=0:0
15.3424,terug,-92,MM1 A=0:0
15.3424,terug,-92,MM1 !M -80 88
15.3424,terug,-92,MM0 !M -80 88
15.3424,terug,-92,MM1 +
15.3424,terug,-92,MM0 +
15.3424,terug,-92,"#127,YAW,2.82,GYRO,-15,69,-14,ACC,-26,3,252,ADC,1235,384,5,2,"
15.3424,terug,-92,MM0 ?AI
15.3892,terug,-92,"$GPRMC,130524.6,A,5050.51382,N,00419.37842,E,000.45,161.3,081026,000.4,E*59"
15.3892,terug,-92,MM1 ?AI
15.3892,terug,-92,MM0 AI=0:0:2422:2462:0:0
15.3892,terug,-92,MM1 AI=0:0:2442:2366:0:0
15.3892,terug,-92,"#128,YAW,2.82,GYRO,-11,49,-16,ACC,-7,0,265,ADC,1235,384,5,1,"
15.3893,terug,-92,MM0 ?C
15.3893,terug,-92,MM1 ?C
15.3893,terug,-92,MM0 C=822:-2752
15.3893,terug,-92,MM1 C=948:-2953
15.3894,terug,-92,MM0 !M -87 97
15.3894,terug,-92,MM1 !M -87 97
15.3894,terug,-92,MM0 +
15.3894,terug,-92,MM1 +
15.3894,terug,-92,"#129,YAW,2.82,GYRO,-20,37,-13,ACC,-21,5,252,ADC,1212,381,5,2,"
15.3894,terug,-92,MM0 ?D
15.3894,terug,-92,MM1 ?D
15.3894,terug,-92,MM0 D=50
15.3894,terug,-92,MM1 D=33
15.4104,terug,-101,"#130,YAW,2.82,GYRO,-13,48,-16,ACC,-13,1,265,ADC,1254,390,5,2,"
15.4104,terug,-101,MM0 ?FF
15.4104,terug,-101,MM1 ?FF
15.4104,terug,-101,MM0 FF=0
15.4104,terug,-101,MM1 FF=0
15.4439,terug,-109,"#131,YAW,2.82,GYRO,-13,33,1,ACC,-8,1,252,ADC,1266,382,6,1,"
15.4440,terug,-109,MM0 ?P
15.4440,terug,-109,MM1 ?P
15.4440,terug,-109,MM0 P=-87:97
15.4440,terug,-109,MM1 P=-87:97
15.4440,terug,-109,MM0 !M -96 106
15.4440,terug,-109,MM1 !M -96 106
15.4440,terug,-109,MM0 +
15.4440,terug,-109,MM1 +
15.4440,terug,-109,"#132,YAW,2.82,GYRO,-12,43,6,ACC,-29,4,259,ADC,1289,502,7,2,"
15.4440,terug,-109,MM0 ?S
15.4440,terug,-109,MM1 ?S
15.4440,terug,-109,MM0 S=-75:75
15.4440,terug,-109,MM1 S=-75:75
15.4783,terug,-109,"#133,YAW,2.82,GYRO,-11,11,7,ACC,-6,0,260,ADC,1240,387,4,2,"
15.4784,terug,-109,MM0 !M -104 114
15.4784,terug,-109,MM1 !M -104 114
15.4784,terug,-109,MM0 +
15.4784,terug,-109,MM1 +
15.4784,terug,-109,MM0 ?T
15.4784,terug,-109,MM1 ?T
15.4784,terug,-109,MM0 T=35:34
15.4784,terug,-109,MM1 T=36:34
15.4784,terug,-109,"#134,YAW,2.82,GYRO,-17,14,6,ACC,-13,7,246,ADC,1234,499,7,2,"
15.4784,terug,-109,MM0 ?V
15.4784,terug,-109,MM1 ?V
15.4784,terug,-109,MM0 V=120:223:4906
15.5044,terug,-117,MM1 V=120:222:4900
15.5045,terug,-117,"#135,YAW,2.82,GYRO,-10,35,-8,ACC,-7,6,252,ADC,1242,384,6,2,"
15.5045,terug,-117,MM0 ?CR
15.5045,terug,-117,MM1 ?CR
15.5045,terug,-117,MM0 CR=-11:12
15.5045,terug,-117,MM1 CR=-11:11
15.5385,terug,-117,"#136,YAW,2.82,GYRO,-20,38,-23,ACC,-9,1,261,ADC,1236,388,3,2,"
15.5385,terug,-117,MM0 ?A
15.5385,terug,-117,MM0 A=0:0
15.5385,terug,-117,MM1 ?A
15.5385,terug,-117,MM1 A=0:5
15.5385,terug,-117,MM0 !M -111 123
15.5385,terug,-117,MM1 !M -111 123
15.5385,terug,-117,MM0 +
15.5385,terug,-117,MM1 +
15.5385,terug,-117,"#137,YAW,2.82,GYRO,-4,25,-34,ACC,-19,-7,259,ADC,1260,388,5,1,"
15.5915,terug,-126,"$GPRMC,130524.8,A,5050.51380,N,00419.37834,E,000.41,161.3,081026,000.4,E*50"
15.5915,terug,-126,MM0 ?AI
15.5915,terug,-126,MM1 ?AI
15.5915,terug,-126,MM1 AI=0:0:2381:2342:0:0
15.5915,terug,-126,MM0 AI=0:0:2446:2454:0:0
15.5915,terug,-126,"#138,YAW,2.82,GYRO,-19,27,-36,ACC,-10,1,249,ADC,1272,394,4,1,"
15.5916,terug,-126,MM1 ?C
15.5916,terug,-126,MM0 ?C
15.5916,terug,-126,MM1 C=934:-2938
15.5916,terug,-126,MM0 C=808:-2738
15.5917,terug,-126,MM0 !M -121 131
15.5917,terug,-126,MM1 !M -121 131
15.5917,terug,-126,MM0 +
15.5917,terug,-126,MM1 +
15.5917,terug,-126,"#139,YAW,2.82,GYRO,-15,55,-22,ACC,-14,7,249,ADC,1242,389,4,1,"
15.5917,terug,-126,MM0 ?D
15.5917,terug,-126,MM1 ?D
15.5917,terug,-126,MM0 D=16
15.5917,terug,-126,MM1 D=51
15.6422,terug,-134,"#140,YAW,2.82,GYRO,-6,99,-7,ACC,-19,0,252,ADC,1259,389,5,1,"
15.6423,terug,-134,MM1 ?FF
15.6423,terug,-134,MM0 ?FF
15.6423,terug,-134,MM1 FF=0
15.6423,terug,-134,MM0 FF=0
15.6423,terug,-134,"#141,YAW,2.82,GYRO,-16,78,7,ACC,-14,0,265,ADC,1215,381,5,2,"
15.6423,terug,-134,MM0 ?P
15.6423,terug,-134,MM1 ?P
15.6423,terug,-134,MM0 P=-121:131
15.6423,terug,-134,MM1 P=-121:131
15.6423,terug,-134,"#142,YAW,2.82,GYRO,4,45,5,ACC,3,-1,263,ADC,1240,382,7,2,"
15.6423,terug,-134,MM0 ?S
15.6423,terug,-134,MM1 ?S
15.6423,terug,-134,MM0 S=-75:75
15.6423,terug,-134,MM1 S=-75:75
15.6959,terug,-151,"#143,YAW,2.82,GYRO,-1,60,-8,ACC,1,-4,260,ADC,1240,501,6,2,"
15.6960,terug,-151,MM0 ?T
15.6960,terug,-151,MM0 T=35:34
15.6960,terug,-151,MM1 ?T
15.6960,terug,-151,MM1 T=36:34
15.6960,terug,-151,MM1 !M -129 139
15.6960,terug,-151,MM0 !M -129 139
15.6960,terug,-151,MM1 +
15.6961,terug,-151,MM0 +
15.6961,terug,-151,MM1 PING
15.6961,terug,-151,MM0 PING
15.6961,terug,-151,"#144,YAW,2.82,GYRO,-4,41,-2,ACC,-16,12,252,ADC,1305,389,7,2,"
15.6961,terug,-151,MM0 ?V
15.6961,terug,-151,MM1 ?V
15.6961,terug,-151,MM0 V=120:223:4906
15.6961,terug,-151,MM1 V=120:223:4900
15.7304,terug,-151,"#145,YAW,2.82,GYRO,-15,1,11,ACC,-7,8,285,ADC,1245,393,5,2,"
15.7304,terug,-151,MM1 ?CR
15.7304,terug,-151,MM0 ?CR
15.7304,terug,-151,MM1 CR=-21:21
15.7304,terug,-151,MM0 CR=-21:21
15.7304,terug,-151,MM0 !M -137 149
15.7304,terug,-151,MM1 !M -137 149
15.7305,terug,-151,MM0 +
15.7305,terug,-151,MM1 +
15.7305,terug,-151,MM0 PING
15.7305,terug,-151,MM1 PING
15.7305,terug,-151,MM0 !M -145 157
15.7305,terug,-151,MM1 !M -145 157
15.7305,terug,-151,MM0 +
15.7305,terug,-151,MM1 +
15.7305,terug,-151,"#146,YAW,2.82,GYRO,-19,7,8,ACC,-9,4,240,ADC,1274,332,5,1,"
15.7305,terug,-151,MM0 ?A
15.7305,terug,-151,MM1 ?A
15.7305,terug,-151,MM0 A=-4:5
15.7305,terug,-151,MM1 A=-4:5
15.7511,terug,-159,"#147,YAW,2.82,GYRO,-23,65,-6,ACC,-4,1,250,ADC,1273,385,4,2,"
15.7512,terug,-159,MM1 ?AI
15.7512,terug,-159,MM0 ?AI
15.7512,terug,-159,"$GPRMC,130525.0,A,5050.51379,N,00419.37833,E,000.37,161.3,081026,000.4,E*59"
15.7512,terug,-159,MM1 AI=0:0:2353:2351:0:0
15.7512,terug,-159,MM0 AI=0:0:2436:2429:0:0
15.7853,terug,-159,"#148,YAW,2.82,GYRO,-24,29,-29,ACC,-19,5,259,ADC,1257,501,4,2,"
15.7853,terug,-159,MM1 ?C
15.7853,terug,-159,MM0 ?C
15.7853,terug,-159,MM1 C=911:-2916
15.7853,terug,-159,MM0 C=785:-2715
15.7854,terug,-159,MM1 !M -152 166
15.7854,terug,-159,MM0 !M -152 166
15.7854,terug,-159,MM1 +
15.7854,terug,-159,MM0 +
15.7854,terug,-159,"#149,YAW,2.82,GYRO,-12,87,-41,ACC,-1,5,260,ADC,1208,381,5,2,"
15.7855,terug,-159,MM1 ?D
15.7855,terug,-159,MM0 ?D
15.7855,terug,-159,MM1 D=51
15.7855,terug,-159,MM0 D=24
15.8096,terug,-168,"#150,YAW,2.82,GYRO,-36,143,-30,ACC,-12,3,261,ADC,1265,393,5,2,"
15.8096,terug,-168,MM1 ?FF
15.8096,terug,-168,MM0 ?FF
15.8096,terug,-168,MM1 FF=0
15.8097,terug,-168,MM0 FF=0
15.8443,terug,-168,"#151,YAW,2.82,GYRO,6,26,-11,ACC,-10,-4,289,ADC,1235,385,7,2,"
15.8443,terug,-168,MM1 ?P
15.8443,terug,-168,MM0 ?P
15.8443,terug,-168,MM1 P=-152:166
15.8443,terug,-168,MM0 P=-152:166
15.8443,terug,-168,MM1 !M -162 174
15.8444,terug,-168,MM0 !M -162 174
15.8444,terug,-168,MM0 +
15.8444,terug,-168,MM1 +
15.8444,terug,-168,"#152,YAW,2.82,GYRO,26,98,-7,ACC,11,-10,236,ADC,1218,381,5,2,"
15.8444,terug,-168,MM1 ?S
15.8444,terug,-168,MM0 ?S
15.8444,terug,-168,MM1 S=-75:75
15.8444,terug,-168,MM0 S=-150:150
15.8944,terug,-176,"#153,YAW,2.82,GYRO,-8,58,14,ACC,-15,4,227,ADC,1238,388,4,2,"
15.8945,terug,-176,MM1 ?T
15.8945,terug,-176,MM0 ?T
15.8945,terug,-176,MM1 T=36:34
15.8945,terug,-176,MM0 T=35:34
15.8945,terug,-176,MM0 !M -170 182
15.8945,terug,-176,MM1 !M -170 182
15.8945,terug,-176,MM0 +
15.8945,terug,-176,MM1 +
15.8945,terug,-176,"#154,YAW,2.82,GYRO,24,-22,29,ACC,-25,8,288,ADC,1298,389,6,2,"
15.8946,terug,-176,MM1 ?V
15.8946,terug,-176,MM0 ?V
15.8946,terug,-176,MM0 V=120:223:4906
15.8946,terug,-176,MM1 V=120:222:4899
15.9490,terug,-193,"#155,YAW,2.82,GYRO,-2,-4,24,ACC,-22,12,255,ADC,1291,499,4,2,"
15.9490,terug,-193,MM1 ?CR
15.9490,terug,-193,MM0 ?CR
15.9490,terug,-193,MM1 CR=-27:27
15.9490,terug,-193,MM0 CR=-28:28
15.9490,terug,-193,"#156,YAW,2.82,GYRO,-6,35,-2,ACC,-13,1,225,ADC,1237,389,4,2,"
15.9490,terug,-193,MM1 ?A
15.9490,terug,-193,MM0 ?A
15.9491,terug,-193,MM0 A=-4:5
15.9491,terug,-193,MM1 A=-4:10
15.9491,terug,-193,MM0 !M -177 193
15.9491,terug,-193,MM1 !M -177 193
15.9491,terug,-193,MM0 +
15.9491,terug,-193,MM1 +
15.9491,terug,-193,"$GPRMC,130525.2,A,5050.51377,N,00419.37834,E,000.28,161.3,081026,000.4,E*5C"
15.9491,terug,-193,"#157,YAW,2.82,GYRO,-85,56,-34,ACC,-1,10,295,ADC,1246,323,5,1,"
15.9491,terug,-193,MM1 ?AI
15.9491,terug,-193,MM0 ?AI
15.9491,terug,-193,MM1 AI=0:0:2355:2371:0:0
15.9491,terug,-193,MM0 AI=0:0:2450:2456:0:0
15.9692,terug,-193,"#158,YAW,2.82,GYRO,-39,147,-34,ACC,-16,6,291,ADC,1298,502,6,1,"
15.9693,terug,-193,MM1 ?C
15.9693,terug,-193,MM0 ?C
15.9693,terug,-193,MM1 C=881:-2886
15.9693,terug,-193,MM0 C=754:-2684
15.9694,terug,-193,MM0 !M -185 201
15.9905,terug,-193,MM1 !M -185 201
15.9905,terug,-193,MM0 +
15.9905,terug,-193,MM1 +
15.9905,terug,-193,"#159,YAW,2.82,GYRO,-46,-15,-19,ACC,-5,-6,207,ADC,1242,296,6,2,"
15.9906,terug,-193,MM1 ?D
15.9906,terug,-193,MM0 ?D
15.9906,terug,-193,MM1 D=18
15.9906,terug,-193,MM0 D=16
16.0164,terug,-202,"#160,YAW,2.82,GYRO,0,-9,-12,ACC,-16,-9,259,ADC,1221,388,6,2,"
16.0165,terug,-202,MM1 ?FF
16.0165,terug,-202,MM0 ?FF
16.0165,terug,-202,MM1 FF=0
16.0165,terug,-202,MM0 FF=0
16.0502,terug,-210,"#161,YAW,2.82,GYRO,0,-28,5,ACC,-13,1,258,ADC,1307,500,4,1,"
16.0502,terug,-210,MM1 ?P
16.0502,terug,-210,MM0 ?P
16.0502,terug,-210,MM1 P=-185:201
16.0502,terug,-210,MM0 P=-185:201
16.0502,terug,-210,MM0 !M -194 210
16.0502,terug,-210,MM1 !M -194 210
16.0502,terug,-210,MM0 +
16.0502,terug,-210,MM1 +
16.0502,terug,-210,"#162,YAW,2.82,GYRO,-23,-53,8,ACC,-11,6,235,ADC,1280,383,6,2,"
16.0502,terug,-210,MM1 ?S
16.0502,terug,-210,MM0 ?S
16.0502,terug,-210,MM1 S=-150:150
16.0502,terug,-210,MM0 S=-150:75
16.0842,terug,-210,"#163,YAW,2.82,GYRO,-30,36,-18,ACC,-14,18,227,ADC,1246,395,4,2,"
16.0842,terug,-210,MM1 ?T
16.0842,terug,-210,MM0 ?T
16.0842,terug,-210,MM1 T=36:34
16.0842,terug,-210,MM0 T=35:34
16.0842,terug,-210,"#164,YAW,2.82,GYRO,-45,101,-33,ACC,-4,13,304,ADC,1270,390,6,2,"
16.0843,terug,-210,MM1 ?V
16.0843,terug,-210,MM0 ?V
16.0843,terug,-210,MM1 V=120:222:4900
16.0843,terug,-210,MM0 V=120:219:4905
16.1051,terug,-219,"#165,YAW,2.83,GYRO,37,54,-37,ACC,-10,-13,289,ADC,1263,499,5,2,"
16.1051,terug,-219,MM1 ?CR
16.1051,terug,-219,MM0 ?CR
16.1051,terug,-219,MM1 CR=-37:37
16.1051,terug,-219,MM0 CR=-37:37
16.1463,terug,-219,MM1 !M -20PING
16.1463,terug,-219,MM0 !M -20PING
16.1463,terug,-219,MM1 +
16.1463,terug,-219,MM0 +
16.1463,terug,-219,"#166,YAW,2.83,GYRO,2,34,-36,ACC,-2,-8,231,ADC,1311,333,4,2,"
16.1463,terug,-219,MM0 ?A
16.1463,terug,-219,MM1 ?A
16.1463,terug,-219,MM1 A=-4:4
16.1463,terug,-219,MM0 A=-4:9
16.1463,terug,-219,MM1 !M -211 227
16.1463,terug,-219,MM0 !M -211 227
16.1464,terug,-219,MM1 +
16.1464,terug,-219,MM0 +
16.1464,terug,-219,"$GPRMC,130525.4,A,5050.51378,N,00419.37835,E,000.26,161.3,081026,000.4,E*5A"
16.1464,terug,-219,"#167,YAW,2.83,GYRO,28,-91,-16,ACC,-19,11,260,ADC,1249,334,6,1,"
16.1599,terug,-227,MM1 ?AI
16.1600,terug,-227,MM0 ?AI
16.1600,terug,-227,MM1 AI=0:0:2337:2368:0:0
16.1600,terug,-227,MM0 AI=0:0:2493:2459:0:0
16.1600,terug,-227,"#168,YAW,2.83,GYRO,-33,11,-5,ACC,-9,21,265,ADC,1258,387,5,2,"
16.1600,terug,-227,MM1 ?C
16.1600,terug,-227,MM0 ?C
16.1600,terug,-227,MM1 C=842:-2847
16.1600,terug,-227,MM0 C=715:-2645
16.1942,terug,-227,MM0 !M -219 235
16.1942,terug,-227,MM1 !M -219 235
16.1942,terug,-227,MM0 +
16.1943,terug,-227,MM1 +
16.1943,terug,-227,"#169,YAW,2.83,GYRO,5,155,-13,ACC,-6,21,229,ADC,1247,345,3,1,"
16.1943,terug,-227,MM1 ?D
16.1943,terug,-227,MM0 ?D
16.1943,terug,-227,MM1 D=18
16.1943,terug,-227,MM0 D=25
16.2213,terug,-235,"#170,YAW,2.83,GYRO,-81,208,7,ACC,-7,12,267,ADC,1213,392,5,1,"
16.2213,terug,-235,MM1 ?FF
16.2213,terug,-235,MM0 ?FF
16.2213,terug,-235,MM1 FF=0
16.2213,terug,-235,MM0 FF=0
16.2213,terug,-235,"#171,YAW,2.83,GYRO,45,24,-3,ACC,-5,-23,255,ADC,1236,381,4,1,"
16.2563,terug,-244,MM1 ?P
16.2563,terug,-244,MM0 ?P
16.2563,terug,-244,MM1 P=-219:235
16.2563,terug,-244,MM0 P=-219:235
16.2563,terug,-244,MM1 !M -226 244
16.2563,terug,-244,MM0 !M -226 244
16.2563,terug,-244,MM1 +
16.2563,terug,-244,MM0 +
16.2564,terug,-244,"#172,YAW,2.83,GYRO,-63,72,-15,ACC,-24,-8,289,ADC,1295,296,3,2,"
16.2564,terug,-244,MM1 ?S
16.2564,terug,-244,MM0 ?S
16.2564,terug,-244,MM1 S=-225:225
16.2564,terug,-244,MM0 S=-150:225
16.2564,terug,-244,"#173,YAW,2.83,GYRO,17,48,-22,ACC,-22,1,183,ADC,1252,393,6,2,"
16.2903,terug,-244,MM1 ?T
16.2903,terug,-244,MM0 ?T
16.2903,terug,-244,MM1 T=36:34
16.2903,terug,-244,MM0 T=35:34
16.2903,terug,-244,MM0 !M -235 253
16.2903,terug,-244,MM1 !M -235 253
16.2904,terug,-244,MM0 +
16.2904,terug,-244,MM1 +
16.2904,terug,-244,"#174,YAW,2.83,GYRO,17,74,-36,ACC,-7,2,250,ADC,1223,384,5,1,"
16.2904,terug,-244,MM1 ?V
16.2904,terug,-244,MM0 ?V
16.2904,terug,-244,MM1 V=120:223:4899
16.2904,terug,-244,MM0 V=120:223:4906
16.3114,terug,-250,"#175,YAW,2.83,GYRO,-15,276,-11,ACC,-11,9,312,ADC,1228,400,4,2,"
16.3114,terug,-250,MM0 ?CR
16.3114,terug,-250,MM1 ?CR
16.3114,terug,-250,MM0 CR=-45:45
16.3114,terug,-250,MM1 CR=-45:46
16.3452,terug,-250,"#176,YAW,2.83,GYRO,109,64,-4,ACC,-12,-12,229,ADC,1257,387,8,2,"
16.3452,terug,-250,MM0 ?A
16.3453,terug,-250,MM1 ?A
16.3453,terug,-250,MM1 A=-7:7
16.3453,terug,-250,MM0 A=-7:11
16.3453,terug,-250,MM1 !M -241 259
16.3453,terug,-250,MM0 !M -241 259
16.3453,terug,-250,MM1 +
16.3453,terug,-250,MM0 +
16.3453,terug,-250,"$GPRMC,130525.6,A,5050.51379,N,00419.37836,E,000.24,161.3,081026,000.4,E*58"
16.3453,terug,-250,"#177,YAW,2.83,GYRO,-30,-12,-3,ACC,-12,12,268,ADC,1283,336,4,1,"
16.3453,terug,-250,MM1 ?AI
16.3453,terug,-250,MM0 ?AI
16.3453,terug,-250,MM1 AI=0:0:2357:2352:0:0
16.3453,terug,-250,MM0 AI=0:0:2472:2450:0:0
16.3661,terug,-250,"#178,YAW,2.83,GYRO,10,-15,-3,ACC,-18,20,226,ADC,1221,397,6,1,"
16.3661,terug,-250,MM0 ?C
16.3661,terug,-250,MM1 ?C
16.3661,terug,-250,MM0 C=666:-2596
16.3661,terug,-250,MM1 C=794:-2798
16.4002,terug,-250,"#179,YAW,2.83,GYRO,-115,87,7,ACC,16,34,272,ADC,1207,380,4,2,"
16.4002,terug,-250,MM0 ?D
16.4002,terug,-250,MM1 ?D
16.4002,terug,-250,MM0 D=50
16.4002,terug,-250,MM1 D=51
16.4002,terug,-250,MM0 !M -241 259
16.4003,terug,-250,MM1 !M -241 259
16.4003,terug,-250,MM0 +
16.4003,terug,-250,MM1 +
16.4003,terug,-250,"#180,YAW,2.83,GYRO,-21,53,12,ACC,-17,-8,293,ADC,1262,500,6,2,"
16.4003,terug,-250,MM0 ?FF
16.4003,terug,-250,MM1 ?FF
16.4003,terug,-250,MM0 FF=0
16.4003,terug,-250,MM1 FF=0
16.4503,terug,-250,"#181,YAW,2.83,GYRO,-7,-26,5,ACC,-12,-34,259,ADC,1201,380,5,2,"
16.4503,terug,-250,MM0 ?P
16.4503,terug,-250,MM1 ?P
16.4503,terug,-250,MM0 P=-241:259
16.4504,terug,-250,MM1 P=-241:259
16.4504,terug,-250,MM1 !M -239 261
16.4504,terug,-250,MM0 !M -239 261
16.4504,terug,-250,MM1 +
16.4504,terug,-250,MM0 +
16.4504,terug,-250,"#182,YAW,2.83,GYRO,-40,-13,-4,ACC,3,0,218,ADC,1206,379,4,1,"
16.4504,terug,-250,MM0 ?S
16.4504,terug,-250,MM1 ?S
16.4504,terug,-250,MM0 S=-225:150
16.4504,terug,-250,MM1 S=-150:225
16.5012,terug,-250,"#183,YAW,2.83,GYRO,-51,69,-18,ACC,6,30,255,ADC,1252,499,5,2,"
16.5013,terug,-250,MM0 ?T
16.5013,terug,-250,MM1 ?T
16.5013,terug,-250,MM0 T=35:34
16.5013,terug,-250,MM1 T=36:34
16.5013,terug,-250,"#184,YAW,2.83,GYRO,-94,100,-2,ACC,-5,17,329,ADC,1263,383,5,3,"
16.5013,terug,-250,MM0 ?V
16.5013,terug,-250,MM1 ?V
16.5013,terug,-250,MM0 V=120:223:4906
16.5013,terug,-250,MM1 V=120:221:4900
16.5013,terug,-250,"#185,YAW,2.83,GYRO,3,-17,-9,ACC,-2,-24,247,ADC,1286,396,6,2,"
16.5013,terug,-250,MM0 ?CR
16.5013,terug,-250,MM1 ?CR
16.5013,terug,-250,MM0 CR=-54:54
16.5013,terug,-250,MM1 CR=-53:52
16.5516,terug,-250,"#186,YAW,2.83,GYRO,-15,-39,-10,ACC,-4,-22,193,ADC,1243,380,3,1,"
16.5516,terug,-250,MM0 !M -239 261
16.5516,terug,-250,MM0 +
16.5516,terug,-250,MM1 !M -239 261
16.5516,terug,-250,MM1 +
16.5516,terug,-250,MM1 PING
16.5516,terug,-250,MM0 PING
16.5516,terug,-250,MM0 ?A
16.5516,terug,-250,MM1 ?A
16.5516,terug,-250,MM1 A=-3:7
16.5516,terug,-250,MM0 A=-3:7
16.5516,terug,-250,"$GPRMC,130525.8,A,5050.51380,N,00419.37837,E,000.21,161.3,081026,000.4,E*54"
16.5516,terug,-250,"#187,YAW,2.83,GYRO,-5,58,-28,ACC,-8,7,214,ADC,1280,338,6,1,"
16.5516,terug,-250,MM0 ?AI
16.5517,terug,-250,MM1 ?AI
16.5517,terug,-250,MM0 AI=0:0:2429:2465:0:0
16.5517,terug,-250,MM1 AI=0:0:2380:2379:0:0
16.6022,terug,-250,"#188,YAW,2.83,GYRO,-53,221,-37,ACC,9,44,410,ADC,1230,387,5,2,"
16.6022,terug,-250,MM0 ?C
16.6022,terug,-250,MM1 ?C
16.6022,terug,-250,MM0 C=612:-2542
16.6022,terug,-250,MM1 C=739:-2744
16.6024,terug,-250,MM0 !M -239 261
16.6024,terug,-250,MM1 !M -239 261
16.6024,terug,-250,MM0 +
16.6024,terug,-250,MM1 +
16.6024,terug,-250,MM0 PING
16.6024,terug,-250,MM1 PING
16.6024,terug,-250,"#189,YAW,2.83,GYRO,67,-1,-24,ACC,-9,2,218,ADC,1244,388,4,2,"
16.6024,terug,-250,MM0 ?D
16.6024,terug,-250,MM1 ?D
16.6024,terug,-250,MM0 D=16
16.6025,terug,-250,MM1 D=0
16.6025,terug,-250,"#190,YAW,2.83,GYRO,58,-96,-18,ACC,-7,-16,194,ADC,1263,387,4,2,"
16.6025,terug,-250,MM0 ?FF
16.6025,terug,-250,MM1 ?FF
16.6025,terug,-250,MM0 FF=0
16.6025,terug,-250,MM1 FF=0
16.6533,terug,-250,"#191,YAW,2.83,GYRO,-29,-35,-12,ACC,-11,15,232,ADC,1213,381,5,1,"
16.6533,terug,-250,MM0 ?P
16.6533,terug,-250,MM0 P=-239:261
16.6533,terug,-250,MM1 ?P
16.6533,terug,-250,MM1 P=-239:261
16.6533,terug,-250,MM0 !M -239 261
16.6533,terug,-250,MM0 +
16.6533,terug,-250,MM1 !M -239 261
16.6533,terug,-250,MM1 +
16.6533,terug,-250,MM1 PING
16.6533,terug,-250,MM0 PING
16.6533,terug,-250,"#192,YAW,2.83,GYRO,-43,245,-9,ACC,8,56,369,ADC,1239,384,5,1,"
16.6534,terug,-250,MM0 ?S
16.6534,terug,-250,MM1 ?S
16.6534,terug,-250,MM0 S=-225:225
16.6534,terug,-250,MM1 S=-225:225
16.7032,terug,-250,"#193,YAW,2.83,GYRO,12,6,-2,ACC,10,12,256,ADC,1252,383,6,2,"
16.7033,terug,-250,MM0 ?T
16.7033,terug,-250,MM1 ?T
16.7033,terug,-250,MM0 T=35:34
16.7033,terug,-250,MM1 T=36:34
16.7033,terug,-250,MM0 !M -239 261
16.7033,terug,-250,MM1 !M -239 261
16.7033,terug,-250,MM0 +
16.7033,terug,-250,MM1 +
16.7033,terug,-250,MM1 PING
16.7033,terug,-250,MM0 PING
16.7033,terug,-250,"#194,YAW,2.83,GYRO,60,-168,-15,ACC,-4,-28,169,ADC,1283,497,5,1,"
16.7033,terug,-250,MM0 ?V
16.7033,terug,-250,MM1 ?V
16.7033,terug,-250,MM0 V=120:223:4905
16.7033,terug,-250,MM1 V=120:223:4900
16.7033,terug,-250,"#195,YAW,2.83,GYRO,3,-38,-21,ACC,-7,9,200,ADC,1233,383,7,2,"
16.7033,terug,-250,MM0 ?CR
16.7034,terug,-250,MM1 ?CR
16.7034,terug,-250,MM0 CR=-56:56
16.7034,terug,-250,MM1 CR=-56:57
16.7544,terug,-250,"#196,YAW,2.83,GYRO,31,275,-27,ACC,11,32,337,ADC,1264,502,5,2,"
16.7545,terug,-250,MM0 ?A
16.7545,terug,-250,MM1 ?A
16.7545,terug,-250,MM0 A=0:3
16.7545,terug,-250,MM1 A=0:3
16.7545,terug,-250,MM1 !M -238 262
16.7545,terug,-250,MM0 !M -238 262
16.7545,terug,-250,MM1 +
16.7545,terug,-250,MM0 +
16.7545,terug,-250,MM0 PING
16.7545,terug,-250,MM1 PING
16.7545,terug,-250,MM0 !M -238 262
16.7545,terug,-250,MM1 !M -238 262
16.7545,terug,-250,MM0 +
16.7545,terug,-250,MM1 +
16.7545,terug,-250,"$GPRMC,130526.0,A,5050.51381,N,00419.37837,E,000.17,161.3,081026,000.4,E*5B"
16.7545,terug,-250,"#197,YAW,2.83,GYRO,21,-65,-9,ACC,9,19,343,ADC,1270,321,7,1,"
16.7545,terug,-250,MM0 ?AI
16.7546,terug,-250,MM1 ?AI
16.7546,terug,-250,MM0 AI=0:0:2466:2451:0:0
16.7546,terug,-250,MM1 AI=0:0:2346:2347:0:0
16.8042,terug,-250,"#198,YAW,2.83,GYRO,32,6,-13,ACC,-9,-10,205,ADC,1255,382,5,2,"
16.8042,terug,-250,MM0 ?C
16.8042,terug,-250,MM1 ?C
16.8042,terug,-250,MM0 C=555:-2485
16.8042,terug,-250,MM1 C=683:-2687
16.8043,terug,-250,"#199,YAW,2.83,GYRO,2,94,-11,ACC,3,8,178,ADC,1249,389,5,2,"
16.8043,terug,-250,MM0 ?D
16.8043,terug,-250,MM1 ?D
16.8043,terug,-250,MM0 D=50
16.8043,terug,-250,MM1 D=50
16.8043,terug,-250,"#200,YAW,2.83,GYRO,-54,289,-15,ACC,2,38,342,ADC,1244,383,5,2,"
16.8044,terug,-250,MM0 ?FF
16.8044,terug,-250,MM1 ?FF
16.8044,terug,-250,MM0 FF=0
16.8044,terug,-250,MM1 FF=0
16.8547,terug,-250,"#201,YAW,2.83,GYRO,41,96,-2,ACC,-6,12,320,ADC,1233,382,5,2,"
16.8547,terug,-250,MM0 ?P
16.8547,terug,-250,MM1 ?P
16.8547,terug,-250,MM0 P=-238:262
16.8547,terug,-250,MM1 P=-238:262
16.8547,terug,-250,MM0 !M -238 262
16.8547,terug,-250,MM1 !M -238 262
16.8547,terug,-250,MM0 +
16.8548,terug,-250,MM1 +
16.8548,terug,-250,MM1 PING
16.8548,terug,-250,MM0 PING
16.8548,terug,-250,"#202,YAW,2.83,GYRO,19,-61,7,ACC,-2,-2,177,ADC,1256,500,6,2,"
16.8548,terug,-250,MM0 ?S
16.8548,terug,-250,MM1 ?S
16.8548,terug,-250,MM0 S=-225:225
16.8548,terug,-250,MM1 S=-225:225
16.9052,terug,-250,"#203,YAW,2.83,GYRO,-44,33,-7,ACC,11,16,233,ADC,1238,499,5,2,"
16.9052,terug,-250,MM0 ?T
16.9052,terug,-250,MM1 ?T
16.9053,terug,-250,MM0 T=35:34
16.9053,terug,-250,MM1 T=36:34
16.9053,terug,-250,MM0 !M -237 263
16.9053,terug,-250,MM1 !M -237 263
16.9053,terug,-250,MM0 +
16.9053,terug,-250,MM1 +
16.9053,terug,-250,MM0 PING
16.9053,terug,-250,MM1 PING
16.9053,terug,-250,"#204,YAW,2.83,GYRO,-160,290,-23,ACC,8,59,309,ADC,1204,339,4,2,"
16.9054,terug,-250,MM0 ?V
16.9054,terug,-250,MM1 ?V
16.9054,terug,-250,MM0 V=120:223:4906
16.9054,terug,-250,MM1 V=120:223:4898
16.9054,terug,-250,MM0 !M -236 264
16.9054,terug,-250,MM1 !M -236 264
16.9054,terug,-250,MM0 +
16.9054,terug,-250,MM1 +
16.9054,terug,-250,"#205,YAW,2.83,GYRO,60,49,-31,ACC,-4,4,244,ADC,1265,396,5,2,"
16.9054,terug,-250,MM0 ?CR
16.9054,terug,-250,MM1 ?CR
16.9054,terug,-250,MM0 CR=-57:58
16.9054,terug,-250,MM1 CR=-57:58
16.9555,terug,-250,"#206,YAW,2.83,GYRO,-56,-109,-34,ACC,2,-17,226,ADC,1233,383,5,2,"
16.9555,terug,-250,MM0 ?A
16.9555,terug,-250,MM1 ?A
16.9555,terug,-250,MM1 A=-3:7
16.9555,terug,-250,MM0 A=0:7
16.9555,terug,-250,MM0 !M -237 263
16.9555,terug,-250,MM1 !M -237 263
16.9556,terug,-250,MM0 +
16.9556,terug,-250,MM1 +
16.9556,terug,-250,"$GPRMC,130526.2,A,5050.51381,N,00419.37838,E,000.14,161.3,081026,000.4,E*55"
16.9556,terug,-250,"#207,YAW,2.84,GYRO,26,36,-50,ACC,-19,0,246,ADC,1306,392,5,2,"
16.9556,terug,-250,MM0 ?AI
16.9556,terug,-250,MM1 ?AI
16.9556,terug,-250,MM0 AI=0:0:2423:2463:0:0
16.9556,terug,-250,MM1 AI=0:0:2367:2360:0:0
16.9556,terug,-250,"#208,YAW,2.84,GYRO,-36,185,-41,ACC,11,30,236,ADC,1243,313,5,2,"
17.0073,terug,-250,MM0 ?C
17.0073,terug,-250,MM1 ?C
17.0073,terug,-250,MM0 C=498:-2426
17.0073,terug,-250,MM1 C=626:-2629
17.0074,terug,-250,"#209,YAW,2.84,GYRO,-1,152,-25,ACC,-13,12,390,ADC,1261,500,4,1,"
17.0075,terug,-250,MM0 ?D
17.0075,terug,-250,MM1 ?D
17.0075,terug,-250,MM0 D=19
17.0075,terug,-250,MM1 D=11
17.0075,terug,-250,"#210,YAW,2.84,GYRO,-37,-100,-16,ACC,17,-12,217,ADC,1242,384,5,2,"
17.0075,terug,-250,MM0 ?FF
17.0075,terug,-250,MM1 ?FF
17.0075,terug,-250,MM0 FF=0
17.0075,terug,-250,MM1 FF=0
17.0564,terug,-250,"#211,YAW,2.84,GYRO,5,84,-9,ACC,8,-3,169,ADC,1236,501,6,2,"
17.0565,terug,-250,MM0 ?P
17.0565,terug,-250,MM1 ?P
17.0565,terug,-250,MM0 P=-237:263
17.0565,terug,-250,MM1 P=-237:263
17.0565,terug,-250,MM0 !M -238 262
17.0565,terug,-250,MM1 !M -238 262
17.0565,terug,-250,MM0 +
17.0565,terug,-250,MM1 +
17.0565,terug,-250,MM0 PING
17.0565,terug,-250,MM1 PING
17.0565,terug,-250,MM0 !M -237 263
17.0565,terug,-250,MM1 !M -237 263
17.0565,terug,-250,"#212,YAW,2.84,GYRO,-91,154,-18,ACC,4,22,284,ADC,1240,448,5,2,"
17.0565,terug,-250,MM0 +
17.0565,terug,-250,MM1 +
17.0565,terug,-250,MM0 ?S
17.0565,terug,-250,MM1 ?S
17.0566,terug,-250,MM0 S=-225:225
17.0566,terug,-250,MM1 S=-225:225
17.0566,terug,-250,"#213,YAW,2.84,GYRO,68,31,-30,ACC,-18,1,385,ADC,1256,383,7,2,"
17.0566,terug,-250,MM0 ?T
17.0566,terug,-250,MM1 ?T
17.1073,terug,-250,MM0 T=35:34
17.1073,terug,-250,MM1 T=36:34
17.1074,terug,-250,"#214,YAW,2.84,GYRO,19,11,-19,ACC,-7,-31,190,ADC,1248,384,5,2,"
17.1074,terug,-250,MM0 ?V
17.1074,terug,-250,MM1 ?V
17.1074,terug,-250,MM0 V=120:225:4906
17.1074,terug,-250,MM1 V=120:223:4901
17.1074,terug,-250,"#215,YAW,2.84,GYRO,14,33,-5,ACC,-4,-7,198,ADC,1219,386,4,2,"
17.1075,terug,-250,MM0 ?CR
17.1075,terug,-250,MM1 ?CR
17.1075,terug,-250,MM0 CR=-58:58
17.1075,terug,-250,MM1 CR=-57:57
17.1586,terug,-250,"#216,YAW,2.84,GYRO,-199,99,-6,ACC,1,71,313,ADC,1309,505,5,2,"
17.1586,terug,-250,MM0 ?A
17.1586,terug,-250,MM1 ?A
17.1586,terug,-250,MM0 A=0:3
17.1586,terug,-250,MM1 A=0:7
17.1586,terug,-250,MM0 !M -237 263
17.1586,terug,-250,MM1 !M -237 263
17.1586,terug,-250,MM0 +
17.1586,terug,-250,MM1 +
17.1586,terug,-250,MM1 PING
17.1586,terug,-250,MM0 PING
17.1586,terug,-250,"$GPRMC,130526.4,A,5050.51382,N,00419.37839,E,000.13,161.3,081026,000.4,E*56"
17.1586,terug,-250,"#217,YAW,2.84,GYRO,29,-70,-15,ACC,3,21,332,ADC,1268,389,6,1,"
17.1587,terug,-250,MM0 ?AI
17.1587,terug,-250,MM1 ?AI
17.1587,terug,-250,MM0 AI=0:0:2428:2457:0:0
17.1587,terug,-250,MM1 AI=0:0:2349:2356:0:0
17.1587,terug,-250,MM0 !M -237 263
17.1587,terug,-250,MM1 !M -237 263
17.1587,terug,-250,MM0 +
17.1587,terug,-250,MM1 +
17.1587,terug,-250,"#218,YAW,2.84,GYRO,-21,-119,-16,ACC,-27,-25,166,ADC,1235,269,5,1,"
17.1587,terug,-250,MM0 ?C
17.1587,terug,-250,MM1 ?C
17.1791,terug,-250,MM0 C=440:-2369
17.1791,terug,-250,MM1 C=569:-2572
17.1792,terug,-250,"#219,YAW,2.84,GYRO,92,-69,-26,ACC,7,-28,234,ADC,1308,393,5,2,"
17.1792,terug,-250,MM0 ?D
17.1792,terug,-250,MM1 ?D
17.1792,terug,-250,MM0 D=48
17.1792,terug,-250,MM1 D=19
17.2003,terug,-250,"#220,YAW,2.84,GYRO,-105,96,-37,ACC,6,38,242,ADC,1253,392,6,2,"
17.2003,terug,-250,MM0 ?FF
17.2003,terug,-250,MM1 ?FF
17.2003,terug,-250,MM0 FF=0
17.2003,terug,-250,MM1 FF=0
17.2003,terug,-250,MM0 !M -236 264
17.2213,terug,-250,MM1 !M -236 264
17.2213,terug,-250,MM0 +
17.2213,terug,-250,MM1 +
17.2213,terug,-250,"#221,YAW,2.84,GYRO,-37,-54,-30,ACC,2,45,402,ADC,1264,500,5,2,"
17.2213,terug,-250,MM0 ?P
17.2213,terug,-250,MM1 ?P
17.2214,terug,-250,MM0 P=-236:264
17.2214,terug,-250,MM1 P=-236:264
17.2622,terug,-250,"#222,YAW,2.84,GYRO,95,-100,-48,ACC,-2,-11,231,ADC,1283,500,4,1,"
17.2622,terug,-250,MM0 ?S
17.2622,terug,-250,MM1 ?S
17.2622,terug,-250,MM0 S=-225:225
17.2622,terug,-250,MM1 S=-225:150
17.2622,terug,-250,"#223,YAW,2.84,GYRO,16,-25,-43,ACC,-2,-8,171,ADC,1291,502,7,2,"
17.2623,terug,-250,MM0 ?T
17.2623,terug,-250,MM1 ?T
17.2623,terug,-250,MM0 T=35:34
17.2623,terug,-250,MM1 T=36:34
17.3003,terug,-250,"#224,YAW,2.84,GYRO,-62,137,-25,ACC,19,18,231,ADC,1253,384,5,2,"
17.3003,terug,-250,MM0 ?V
17.3003,terug,-250,MM1 ?V
17.3003,terug,-250,MM0 V=120:224:4906
17.3003,terug,-250,MM1 V=120:223:4899
17.3003,terug,-250,MM0 !M -236 264
17.3003,terug,-250,MM1 !M -236 264
17.3003,terug,-250,MM0 +
17.3003,terug,-250,MM1 +
17.3003,terug,-250,MM1 PING
17.3003,terug,-250,MM0 PING
17.3003,terug,-250,"#225,YAW,2.84,GYRO,-29,147,9,ACC,-1,7,342,ADC,1261,383,5,2,"
17.3003,terug,-250,MM0 ?CR
17.3003,terug,-250,MM1 ?CR
17.3003,terug,-250,MM0 CR=-57:58
17.3003,terug,-250,MM1 CR=-56:58
17.3213,terug,-250,"#226,YAW,2.84,GYRO,31,-61,-7,ACC,5,-9,240,ADC,1223,383,5,2,"
17.3214,terug,-250,MM0 ?A
17.3214,terug,-250,MM1 ?A
17.3214,terug,-250,MM0 A=0:7
17.3214,terug,-250,MM1 A=0:7
17.3214,terug,-250,MM0 !M -236 264
17.3214,terug,-250,MM1 !M -236 264
17.3554,terug,-250,MM0 +
17.3554,terug,-250,MM1 +
17.3554,terug,-250,MM0 PING
17.3554,terug,-250,MM1 PING
17.3554,terug,-250,MM1 !M -237 263
17.3554,terug,-250,MM0 !M -237 263
17.3554,terug,-250,MM1 +
17.3554,terug,-250,MM0 +
17.3554,terug,-250,"$GPRMC,130526.6,A,5050.51383,N,00419.37839,E,000.13,161.3,081026,000.4,E*55"
17.3554,terug,-250,"#227,YAW,2.84,GYRO,-28,0,-26,ACC,3,-10,195,ADC,1204,316,5,2,"
17.3555,terug,-250,MM0 ?AI
17.3555,terug,-250,MM1 ?AI
17.3555,terug,-250,MM0 AI=0:0:2447:2454:0:0
17.3555,terug,-250,MM1 AI=0:0:2342:2368:0:0
17.3555,terug,-250,"#228,YAW,2.85,GYRO,19,103,-29,ACC,8,2,203,ADC,1279,331,5,1,"
17.3763,terug,-250,MM0 ?C
17.3763,terug,-250,MM1 ?C
17.3763,terug,-250,MM0 C=383:-2311
17.3763,terug,-250,MM1 C=513:-2514
17.3764,terug,-250,"#229,YAW,2.85,GYRO,5,208,-11,ACC,-16,-5,446,ADC,1271,385,5,2,"
17.3764,terug,-250,MM0 ?D
17.4102,terug,-250,MM1 ?D
17.4103,terug,-250,MM0 D=18
17.4103,terug,-250,MM1 D=1
17.4103,terug,-250,MM1 !M -237 263
17.4103,terug,-250,MM0 !M -237 263
17.4103,terug,-250,MM1 +
17.4103,terug,-250,MM0 +
17.4103,terug,-250,"#230,YAW,2.85,GYRO,79,-33,-15,ACC,19,-15,224,ADC,1220,381,4,1,"
17.4103,terug,-250,MM0 ?FF
17.4103,terug,-250,MM1 ?FF
17.4103,terug,-250,MM0 FF=0
17.4103,terug,-250,MM1 FF=0
17.4613,terug,-250,"#231,YAW,2.85,GYRO,39,12,-18,ACC,1,6,221,ADC,1242,392,6,2,"
17.4613,terug,-250,MM0 ?P
17.4613,terug,-250,MM1 ?P
17.4613,terug,-250,MM0 P=-237:263
17.4613,terug,-250,MM1 P=-237:263
17.4613,terug,-250,"#232,YAW,2.85,GYRO,-110,131,9,ACC,11,35,224,ADC,1277,502,6,2,"
17.4613,terug,-250,MM0 ?S
17.4613,terug,-250,MM1 ?S
17.4613,terug,-250,MM0 S=-225:225
17.4614,terug,-250,MM1 S=-225:225
17.4614,terug,-250,MM0 !M -236 264
17.4614,terug,-250,MM1 !M -236 264
17.4614,terug,-250,MM0 +
17.4614,terug,-250,MM1 +
17.4614,terug,-250,"#233,YAW,2.85,GYRO,-117,-50,27,ACC,-7,26,360,ADC,1240,388,6,2,"
17.4615,terug,-250,MM0 ?T
17.4615,terug,-250,MM1 ?T
17.4615,terug,-250,MM0 T=35:34
17.4615,terug,-250,MM1 T=36:34
17.5103,terug,-250,"#234,YAW,2.85,GYRO,20,-117,6,ACC,-8,-27,248,ADC,1216,380,4,2,"
17.5104,terug,-250,MM0 ?V
17.5104,terug,-250,MM1 ?V
17.5104,terug,-250,MM0 V=120:223:4906
17.5104,terug,-250,MM1 V=120:223:4900
17.5104,terug,-250,MM0 !M -235 265
17.5104,terug,-250,MM1 !M -235 265
17.5104,terug,-250,MM0 +
17.5104,terug,-250,MM1 +
17.5104,terug,-250,"#235,YAW,2.85,GYRO,-4,114,-22,ACC,-3,-25,201,ADC,1244,391,4,1,"
17.5104,terug,-250,MM0 ?CR
17.5104,terug,-250,MM1 ?CR
17.5104,terug,-250,MM0 CR=-58:58
17.5104,terug,-250,MM1 CR=-57:58
17.5613,terug,-250,"#236,YAW,2.85,GYRO,-100,122,-12,ACC,10,26,265,ADC,1303,389,6,1,"
17.5614,terug,-250,MM0 ?A
17.5614,terug,-250,MM1 ?A
17.5614,terug,-250,MM0 A=0:3
17.5614,terug,-250,MM1 A=0:7
17.5614,terug,-250,"$GPRMC,130526.8,A,5050.51383,N,00419.37840,E,000.12,161.3,081026,000.4,E*54"
17.5614,terug,-250,"#237,YAW,2.85,GYRO,-101,-25,-1,ACC,-11,48,353,ADC,1266,389,7,1,"
17.5614,terug,-250,MM0 ?AI
17.5614,terug,-250,MM1 ?AI
17.5614,terug,-250,MM0 AI=0:0:2428:2440:0:0
17.5614,terug,-250,MM1 AI=0:0:2354:2367:0:0
17.5614,terug,-250,"#238,YAW,2.85,GYRO,13,-12,-4,ACC,-7,-23,182,ADC,1223,500,6,2,"
17.5615,terug,-250,MM0 ?C
17.5615,terug,-250,MM1 ?C
17.5615,terug,-250,MM0 C=325:-2252
17.5615,terug,-250,MM1 C=456:-2456
17.6114,terug,-250,"#239,YAW,2.85,GYRO,2,50,-19,ACC,8,-33,225,ADC,1262,408,5,1,"
17.6114,terug,-250,MM0 !M -235 265
17.6114,terug,-250,MM0 +
17.6114,terug,-250,MM0 PING
17.6114,terug,-250,MM1 !M -235 265
17.6114,terug,-250,MM1 +
17.6114,terug,-250,MM1 PING
17.6114,terug,-250,MM0 ?D
17.6114,terug,-250,MM1 ?D
17.6114,terug,-250,MM0 D=57
17.6114,terug,-250,MM1 D=24
17.6114,terug,-250,"#240,YAW,2.85,GYRO,1,213,-38,ACC,20,11,216,ADC,1288,385,4,2,"
17.6115,terug,-250,MM0 ?FF
17.6115,terug,-250,MM1 ?FF
17.6115,terug,-250,MM0 FF=0
17.6115,terug,-250,MM1 FF=0
17.6633,terug,-250,"#241,YAW,2.85,GYRO,-77,124,-34,ACC,-7,24,419,ADC,1260,501,7,2,"
17.6633,terug,-250,MM0 ?P
17.6633,terug,-250,MM1 ?P
17.6633,terug,-250,MM0 P=-235:265
17.6633,terug,-250,MM1 P=-235:265
17.6633,terug,-250,MM0 !M -234 266
17.6633,terug,-250,MM1 !M -234 266
17.6633,terug,-250,MM0 +
17.6633,terug,-250,MM1 +
17.6633,terug,-250,MM0 PING
17.6633,terug,-250,MM1 PING
17.6633,terug,-250,"#242,YAW,2.85,GYRO,131,-13,-39,ACC,-9,-34,191,ADC,1236,385,4,2,"
17.6634,terug,-250,MM0 ?S
17.6634,terug,-250,MM1 ?S
17.6634,terug,-250,MM0 S=-225:225
17.6634,terug,-250,MM1 S=-225:150
17.6634,terug,-250,"#243,YAW,2.85,GYRO,31,-34,-42,ACC,-11,-33,242,ADC,1229,381,4,1,"
17.6634,terug,-250,MM0 ?T
17.6634,terug,-250,MM1 ?T
17.6634,terug,-250,MM0 T=35:34
17.6634,terug,-250,MM1 T=36:34
17.7135,terug,-250,"#244,YAW,2.85,GYRO,-10,205,-26,ACC,24,23,232,ADC,1268,383,3,2,"
17.7136,terug,-250,MM0 ?V
17.7136,terug,-250,MM1 ?V
17.7136,terug,-250,MM0 V=120:222:4905
17.7136,terug,-250,MM1 V=120:224:4900
17.7136,terug,-250,MM0 !M -234 266
17.7136,terug,-250,MM1 !M -234 266
17.7136,terug,-250,MM0 +
17.7136,terug,-250,MM1 +
17.7136,terug,-250,MM1 PING
17.7136,terug,-250,MM0 PING
17.7136,terug,-250,"#245,YAW,2.85,GYRO,-131,94,1,ACC,1,29,393,ADC,1277,384,6,1,"
17.7136,terug,-250,MM0 ?CR
17.7136,terug,-250,MM1 ?CR
17.7136,terug,-250,MM0 CR=-58:59
17.7136,terug,-250,MM1 CR=-57:58
17.7646,terug,-250,"#246,YAW,2.85,GYRO,91,-95,4,ACC,2,-45,212,ADC,1281,387,5,2,"
17.7646,terug,-250,MM0 ?A
17.7646,terug,-250,MM1 ?A
17.7646,terug,-250,MM1 A=-3:7
17.7647,terug,-250,MM0 A=0:7
17.7647,terug,-250,MM0 !M -235 265
17.7647,terug,-250,MM1 !M -235 265
17.7647,terug,-250,MM0 +
17.7647,terug,-250,MM1 +
17.7647,terug,-250,MM1 PING
17.7647,terug,-250,MM0 PING
17.7647,terug,-250,"#247,YAW,2.85,GYRO,24,-55,-22,ACC,11,-33,241,ADC,1276,499,6,2,"
17.7647,terug,-250,"$GPRMC,130527.0,A,5050.51384,N,00419.37840,E,000.10,161.3,081026,000.4,E*58"
17.7647,terug,-250,MM0 ?AI
17.7647,terug,-250,MM1 ?AI
17.7647,terug,-250,MM0 AI=0:0:2457:2462:0:0
17.7647,terug,-250,MM1 AI=0:0:2362:2253:0:0
17.7647,terug,-250,"#248,YAW,2.85,GYRO,31,247,-27,ACC,12,1,188,ADC,1270,501,6,2,"
17.7647,terug,-250,MM0 ?C
17.7647,terug,-250,MM1 ?C
17.7647,terug,-250,MM0 C=267:-2194
17.7647,terug,-250,MM1 C=399:-2397
17.8133,terug,-250,"#249,YAW,2.85,GYRO,-52,94,-7,ACC,-18,32,476,ADC,1262,389,7,2,"
17.8133,terug,-250,MM0 ?D
17.8133,terug,-250,MM0 D=18
17.8133,terug,-250,MM1 ?D
17.8134,terug,-250,MM1 D=2
17.8134,terug,-250,MM1 !M -235 265
17.8134,terug,-250,MM0 !M -235 265
17.8134,terug,-250,MM1 +
17.8134,terug,-250,MM0 +
17.8134,terug,-250,MM1 PING
17.8134,terug,-250,MM0 PING
17.8134,terug,-250,"#250,YAW,2.85,GYRO,-7,-84,-6,ACC,7,4,250,ADC,1267,494,5,2,"
17.8134,terug,-250,MM1 ?FF
17.8134,terug,-250,MM0 ?FF
17.8134,terug,-250,MM1 FF=0
17.8134,terug,-250,MM0 FF=0
17.8642,terug,-250,"#251,YAW,2.85,GYRO,54,133,-25,ACC,3,-25,195,ADC,1236,393,5,2,"
17.8643,terug,-250,MM0 ?P
17.8643,terug,-250,MM1 ?P
17.8643,terug,-250,MM0 P=-235:265
17.8643,terug,-250,MM1 P=-235:265
17.8643,terug,-250,MM0 !M -234 266
17.8643,terug,-250,MM1 !M -234 266
17.8643,terug,-250,MM0 +
17.8643,terug,-250,MM1 +
17.8643,terug,-250,MM0 PING
17.8643,terug,-250,MM1 PING
17.8643,terug,-250,"#252,YAW,2.85,GYRO,9,294,-19,ACC,9,-3,202,ADC,1236,396,5,2,"
17.8643,terug,-250,MM0 ?S
17.8643,terug,-250,MM1 ?S
17.8643,terug,-250,MM0 S=-225:225
17.8643,terug,-250,MM1 S=-225:225
17.8643,terug,-250,"#253,YAW,2.85,GYRO,-65,120,-9,ACC,-27,31,423,ADC,1252,384,5,2,"
17.8643,terug,-250,MM0 ?T
17.8643,terug,-250,MM1 ?T
17.8643,terug,-250,MM0 T=35:34
17.8643,terug,-250,MM1 T=36:34
17.9023,terug,-250,"#254,YAW,2.85,GYRO,22,-83,-11,ACC,-7,-4,236,ADC,1257,390,5,2,"
17.9023,terug,-250,MM0 ?V
17.9023,terug,-250,MM1 ?V
17.9023,terug,-250,MM0 V=120:223:4905
17.9023,terug,-250,MM1 V=120:223:4899
17.9023,terug,-250,MM0 !M -234 266
17.9023,terug,-250,MM1 !M -234 266
17.9023,terug,-250,MM0 +
17.9024,terug,-250,MM1 +
17.9024,terug,-250,MM0 PING
17.9024,terug,-250,MM1 PING
17.9024,terug,-250,"#255,YAW,2.85,GYRO,44,153,-17,ACC,5,-33,219,ADC,1261,392,4,1,"
17.9024,terug,-250,MM0 ?CR
17.9024,terug,-250,MM1 ?CR
17.9024,terug,-250,MM0 CR=-58:58
17.9024,terug,-250,MM1 CR=-58:59
17.9220,terug,-250,"#0,YAW,2.85,GYRO,-105,252,-18,ACC,-6,23,209,ADC,1242,382,4,2,"
17.9221,terug,-250,MM0 ?A
17.9221,terug,-250,MM1 ?A
17.9221,terug,-250,MM0 A=0:3
17.9221,terug,-250,MM1 A=0:7
17.9624,terug,-250,MM0 !M -234 266
17.9624,terug,-250,MM1 !M -234 266
17.9624,terug,-250,MM0 +
17.9624,terug,-250,MM1 +
17.9625,terug,-250,MM0 PING
17.9625,terug,-250,MM1 PING
17.9625,terug,-250,MM0 !M -234 266
17.9625,terug,-250,MM0 +
17.9625,terug,-250,MM1 !M -234 266
17.9625,terug,-250,"#1,YAW,2.85,GYRO,-94,28,-13,ACC,7,33,296,ADC,1286,417,6,2,"
17.9625,terug,-250,MM1 +
17.9625,terug,-250,MM0 ?AI
17.9625,terug,-250,MM1 ?AI
17.9625,terug,-250,"$GPRMC,130527.2,A,5050.51384,N,00419.37840,E,000.08,161.3,081026,000.4,E*53"
17.9625,terug,-250,MM0 AI=0:0:2419:2455:0:0
17.9625,terug,-250,MM1 AI=0:0:2373:2359:0:0
17.9625,terug,-250,"#2,YAW,2.85,GYRO,-29,-153,-32,ACC,-11,-11,246,ADC,1258,367,6,2,"
17.9773,terug,-250,MM0 ?C
17.9773,terug,-250,MM1 ?C
17.9773,terug,-250,MM0 C=208:-2136
17.9773,terug,-250,MM1 C=341:-2339
17.9774,terug,-250,"#3,YAW,2.85,GYRO,20,34,-47,ACC,11,-27,260,ADC,1287,391,4,2,"
17.9774,terug,-250,MM0 ?D
17.9774,terug,-250,MM1 ?D
17.9774,terug,-250,MM0 D=33
18.0124,terug,-250,MM1 D=49
18.0124,terug,-250,MM1 !M -234 266
18.0124,terug,-250,MM0 !M -234 266
18.0124,terug,-250,MM1 +
18.0124,terug,-250,MM0 +
18.0124,terug,-250,"#4,YAW,2.86,GYRO,99,234,-43,ACC,35,-4,196,ADC,1228,381,5,1,"
18.0124,terug,-250,MM1 ?FF
18.0124,terug,-250,MM0 ?FF
18.0124,terug,-250,MM1 FF=0
18.0124,terug,-250,MM0 FF=0
18.0645,terug,-250,"#5,YAW,2.86,GYRO,-110,153,-16,ACC,2,23,401,ADC,1257,394,5,2,"
18.0645,terug,-250,MM1 ?P
18.0645,terug,-250,MM0 ?P
18.0645,terug,-250,MM1 P=-234:266
18.0645,terug,-250,MM0 P=-234:266
18.0645,terug,-250,"#6,YAW,2.86,GYRO,-54,-176,0,ACC,16,22,188,ADC,1278,499,4,1,"
18.0646,terug,-250,MM1 ?S
18.0646,terug,-250,MM0 ?S
18.0646,terug,-250,MM1 S=-225:225
18.0646,terug,-250,MM0 S=-225:225
18.0646,terug,-250,MM0 !M -235 265
18.0646,terug,-250,MM1 !M -235 265
18.0646,terug,-250,MM0 +
18.0646,terug,-250,MM1 +
18.0647,terug,-250,"#7,YAW,2.86,GYRO,-64,-104,-11,ACC,9,-20,310,ADC,1240,384,7,1,"
18.0647,terug,-250,MM1 ?T
18.0647,terug,-250,MM0 ?T
18.0647,terug,-250,MM1 T=36:34
18.0647,terug,-250,MM0 T=35:34
18.1165,terug,-250,"#8,YAW,2.86,GYRO,101,356,-19,ACC,22,-39,184,ADC,1262,385,7,2,"
18.1165,terug,-250,MM0 ?V
18.1165,terug,-250,MM1 ?V
18.1165,terug,-250,MM0 V=120:223:4906
18.1165,terug,-250,MM1 V=120:222:4898
18.1165,terug,-250,MM0 !M -234 266
18.1165,terug,-250,MM1 !M -234 266
18.1165,terug,-250,MM0 +
18.1165,terug,-250,MM1 +
18.1165,terug,-250,"#9,YAW,2.86,GYRO,-165,-20,-29,ACC,35,-37,441,ADC,1254,368,7,2,"
18.1166,terug,-250,MM0 ?CR
18.1166,terug,-250,MM1 ?CR
18.1166,terug,-250,MM0 CR=-58:59
18.1166,terug,-250,MM1 CR=-57:58
18.1166,terug,-250,"#10,YAW,2.86,GYRO,-13,-213,-28,ACC,-27,-14,212,ADC,1238,382,7,2,"
18.1166,terug,-250,MM0 ?A
18.1668,terug,-250,MM1 ?A
18.1668,terug,-250,MM0 A=0:7
18.1668,terug,-250,MM1 A=0:7
18.1668,terug,-250,"$GPRMC,130527.4,A,5050.51384,N,00419.37840,E,000.06,161.3,081026,000.4,E*5B"
18.1668,terug,-250,"#11,YAW,2.86,GYRO,77,159,-47,ACC,21,-46,256,ADC,1251,341,4,1,"
18.1669,terug,-250,MM0 ?AI
18.1669,terug,-250,MM1 ?AI
18.1669,terug,-250,MM0 AI=0:0:2439:2459:0:0
18.1669,terug,-250,MM1 AI=0:0:2370:2379:0:0
18.1669,terug,-250,"#12,YAW,2.86,GYRO,-74,250,5,ACC,-31,45,262,ADC,1232,391,4,2,"
18.1669,terug,-250,MM0 ?C
18.1669,terug,-250,MM1 ?C
18.1669,terug,-250,MM0 C=151:-2077
18.1669,terug,-250,MM1 C=284:-2281
18.2174,terug,-250,"#13,YAW,2.86,GYRO,-139,-188,47,ACC,19,52,238,ADC,1246,498,5,1,"
18.2175,terug,-250,MM1 ?D
18.2175,terug,-250,MM0 ?D
18.2175,terug,-250,MM0 D=58
18.2175,terug,-250,MM1 D=1
18.2175,terug,-250,MM0 !M -235 265
18.2175,terug,-250,MM1 !M -235 265
18.2175,terug,-250,MM0 +
18.2175,terug,-250,MM1 +
18.2175,terug,-250,MM0 PING
18.2175,terug,-250,MM1 PING
18.2175,terug,-250,"#14,YAW,2.86,GYRO,54,-118,26,ACC,-28,-7,299,ADC,1232,379,4,1,"
18.2175,terug,-250,MM0 !M -234 266
18.2176,terug,-250,MM0 +
18.2176,terug,-250,MM1 !M -234 266
18.2176,terug,-250,MM1 +
18.2176,terug,-250,MM0 ?FF
18.2176,terug,-250,MM1 ?FF
18.2176,terug,-250,MM0 FF=0
18.2176,terug,-250,MM1 FF=0
18.2176,terug,-250,"#15,YAW,2.86,GYRO,60,12,-6,ACC,10,-56,225,ADC,1296,387,5,2,"
18.2176,terug,-250,MM0 ?P
18.2176,terug,-250,MM1 ?P
18.2827,terug,-250,MM0 P=-234:266
18.2828,terug,-250,MM1 P=-234:266
18.2828,terug,-250,"#16,YAW,2.86,GYRO,5,66,-30,ACC,23,-7,206,ADC,1226,497,3,2,"
18.2828,terug,-250,MM0 ?S
18.2828,terug,-250,MM1 ?S
18.2828,terug,-250,MM0 S=-225:225
18.2828,terug,-250,MM1 S=-225:150
18.2828,terug,-250,"#17,YAW,2.86,GYRO,-188,47,-30,ACC,6,63,339,ADC,1274,385,7,2,"
18.2829,terug,-250,MM0 ?T
18.2829,terug,-250,MM1 ?T
18.2829,terug,-250,MM0 T=35:34
18.2829,terug,-250,MM1 T=36:34
18.2900,terug,-250,"#18,YAW,2.86,GYRO,23,-210,-38,ACC,-11,13,259,ADC,1230,383,6,2,"
18.2900,terug,-250,MM0 ?V
18.2900,terug,-250,MM1 ?V
18.2900,terug,-250,MM1 V=120:223:4898
18.2900,terug,-250,MM0 V=120:223:4905
18.8439,terug,-250,"#19,YAW,2.86,GYRO,42,-80,-50,ACC,15,-30,261,ADC,1245,382,7,2,"
18.8439,terug,-250,MM1 ?CR
18.8440,terug,-250,MM0 ?CR
18.8440,terug,-250,MM1 CR=-56:57
18.8440,terug,-250,MM0 CR=-57:57
18.8440,terug,-250,MM1 !M -233 267
18.8440,terug,-250,MM0 !M -233 267
18.8440,terug,-250,MM1 +
18.8440,terug,-250,MM0 +
18.8440,terug,-250,MM0 PING
18.8440,terug,-250,MM1 PING
18.8440,terug,-250,"#20,YAW,2.86,GYRO,59,277,-43,ACC,12,-14,186,ADC,1219,386,4,2,"
18.8440,terug,-250,MM1 ?A
18.8440,terug,-250,MM0 ?A
18.8440,terug,-250,MM1 A=0:3
18.8440,terug,-250,MM0 A=0:3
18.8440,terug,-250,"$GPRMC,130527.6,A,5050.51385,N,00419.37840,E,000.04,161.3,081026,000.4,E*5A"
18.8440,terug,-250,"#21,YAW,2.86,GYRO,-139,130,-1,ACC,6,35,279,ADC,1236,484,6,2,"
18.8440,terug,-250,MM0 ?AI
18.8440,terug,-250,MM1 ?AI
18.8440,terug,-250,MM0 AI=0:0:2437:2466:0:0
18.8440,terug,-250,MM1 AI=0:0:2346:2385:0:0
18.8440,terug,-250,MM0 !M -232 268
18.8440,terug,-250,MM1 !M -232 268
18.8440,terug,-250,MM0 +
18.8440,terug,-250,MM1 +
18.8440,terug,-250,MM1 PING
18.8440,terug,-250,MM0 PING
18.8441,terug,-250,"#22,YAW,2.86,GYRO,32,-68,-6,ACC,-10,21,282,ADC,1235,269,5,1,"
18.8441,terug,-250,MM0 ?C
18.8441,terug,-250,MM1 ?C
18.8441,terug,-250,MM0 C=94:-2020
18.8441,terug,-250,MM1 C=228:-2224
18.8442,terug,-250,"#23,YAW,2.86,GYRO,-40,-12,-21,ACC,27,-19,249,ADC,1272,387,4,2,"
18.8442,terug,-250,MM1 ?D
18.8442,terug,-250,MM0 ?D
18.8442,terug,-250,MM1 D=16
18.8442,terug,-250,MM0 D=43
18.8442,terug,-250,MM0 !M -234 266
18.8442,terug,-250,MM1 !M -234 266
18.8442,terug,-250,MM0 +
18.8442,terug,-250,MM1 +
18.8442,terug,-250,MM0 PING
18.8442,terug,-250,MM1 PING
18.8442,terug,-250,"#24,YAW,2.86,GYRO,151,256,-37,ACC,2,-34,202,ADC,1249,502,6,2,"
18.8442,terug,-250,MM1 ?FF
18.8442,terug,-250,MM0 ?FF
18.8442,terug,-250,MM1 FF=0
18.8443,terug,-250,MM0 FF=0
18.8443,terug,-250,"#25,YAW,2.86,GYRO,-74,206,-22,ACC,9,27,315,ADC,1240,384,5,2,"
18.8443,terug,-250,MM1 ?P
18.8443,terug,-250,MM0 ?P
18.8443,terug,-250,MM1 P=-234:266
18.8443,terug,-250,MM0 P=-234:266
18.8443,terug,-250,MM0 !M -23PING
18.8443,terug,-250,MM1 !M -23PING
18.8443,terug,-250,MM0 +
18.8443,terug,-250,MM1 +
18.8443,terug,-250,"#26,YAW,2.86,GYRO,82,-116,-23,ACC,-3,27,283,ADC,1244,326,5,1,"
18.8443,terug,-250,MM1 ?S
18.8443,terug,-250,MM0 ?S
18.8443,terug,-250,MM1 S=-225:225
18.8443,terug,-250,MM0 S=-225:225
18.8443,terug,-250,"#27,YAW,2.86,GYRO,-19,-28,-26,ACC,-4,2,257,ADC,1261,392,4,1,"
18.8443,terug,-250,MM1 ?T
18.8443,terug,-250,MM0 ?T
18.8443,terug,-250,MM1 T=36:34
18.8443,terug,-250,MM0 T=35:34
18.8443,terug,-250,"#28,YAW,2.86,GYRO,106,324,-10,ACC,20,-3,198,ADC,1213,381,5,2,"
18.8443,terug,-250,MM1 ?V
18.8443,terug,-250,MM0 ?V
18.8443,terug,-250,MM1 V=120:223:4899
18.8443,terug,-250,MM0 V=120:224:4905
18.8443,terug,-250,MM0 !M -233 267
18.8443,terug,-250,MM1 !M -233 267
18.8443,terug,-250,MM0 +
18.8444,terug,-250,MM1 +
18.8444,terug,-250,MM1 PING
18.8444,terug,-250,MM0 PING
18.8444,terug,-250,"#29,YAW,2.86,GYRO,-240,7,37,ACC,2,34,259,ADC,1265,377,4,2,"
18.8444,terug,-250,MM0 !M -233 267
18.8444,terug,-250,MM0 +
18.8444,terug,-250,MM1 !M -233 267
18.8444,terug,-250,MM1 +
18.8444,terug,-250,MM0 ?CR
18.8444,terug,-250,MM1 ?CR
18.8444,terug,-250,MM0 CR=-58:59
18.8444,terug,-250,MM1 CR=-57:58
18.8444,terug,-250,"#30,YAW,2.86,GYRO,-16,-142,33,ACC,-1,15,243,ADC,1215,380,5,2,"
18.8444,terug,-250,MM1 ?A
18.8444,terug,-250,MM0 ?A
18.8444,terug,-250,MM1 A=0:7
18.8444,terug,-250,MM0 A=0:7
18.8444,terug,-250,"$GPRMC,130527.8,A,5050.51385,N,00419.37840,E,000.04,161.3,081026,000.4,E*54"
18.8444,terug,-250,"#31,YAW,2.86,GYRO,24,28,7,ACC,9,-42,291,ADC,1256,390,4,2,"
18.8444,terug,-250,MM1 ?AI
18.8444,terug,-250,MM0 ?AI
18.8444,terug,-250,MM1 AI=0:0:2340:2440:0:0
18.8444,terug,-250,MM0 AI=0:0:2447:2465:0:0
18.8444,terug,-250,"#32,YAW,2.86,GYRO,15,197,-30,ACC,23,-8,269,ADC,1253,496,6,2,"
18.8444,terug,-250,MM1 ?C
18.8444,terug,-250,MM0 ?C
18.8444,terug,-250,MM0 C=36:-1961
18.8445,terug,-250,MM1 C=171:-2166
18.8445,terug,-250,"#33,YAW,2.86,GYRO,-153,50,0,ACC,-2,35,208,ADC,1288,502,4,1,"
18.8445,terug,-250,MM1 ?D
18.8445,terug,-250,MM0 ?D
18.8445,terug,-250,MM1 D=34
18.8445,terug,-250,MM0 D=48
18.8445,terug,-250,MM0 !M -233 267
18.8445,terug,-250,MM1 !M -233 267
18.8445,terug,-250,MM0 +
18.8445,terug,-250,MM1 +
18.8445,terug,-250,MM0 PING
18.8445,terug,-250,MM1 PING
18.8445,terug,-250,"#34,YAW,2.86,GYRO,-6,-81,-8,ACC,-1,3,306,ADC,1238,393,7,1,"
18.8446,terug,-250,MM1 ?FF
18.8446,terug,-250,MM0 ?FF
18.8446,terug,-250,MM1 FF=0
18.8446,terug,-250,MM0 FF=0
18.8446,terug,-250,"#35,YAW,2.86,GYRO,8,43,-13,ACC,-6,-38,244,ADC,1298,404,5,2,"
18.8446,terug,-250,MM1 ?P
18.8446,terug,-250,MM0 ?P
18.8446,terug,-250,MM1 P=-233:267
18.8446,terug,-250,MM0 P=-233:267
18.8446,terug,-250,"#36,YAW,2.86,GYRO,92,134,-45,ACC,22,-33,210,ADC,1248,383,5,2,"
18.8447,terug,-250,MM0 ?S
18.8447,terug,-250,MM0 S=-225:225
18.8447,terug,-250,MM1 ?S
18.8447,terug,-250,MM1 S=-225:225
18.8447,terug,-250,MM0 !M -233 267
18.8447,terug,-250,MM1 !M -233 267
18.8447,terug,-250,MM0 +
18.8447,terug,-250,MM1 +
18.8447,terug,-250,MM1 PING
18.8447,terug,-250,MM0 PING
18.8447,terug,-250,"#37,YAW,2.86,GYRO,-153,206,-39,ACC,10,35,268,ADC,1280,501,6,2,"
18.8447,terug,-250,MM0 ?T
18.8447,terug,-250,MM1 ?T
18.8447,terug,-250,MM0 T=35:34
18.8447,terug,-250,MM1 T=36:34
18.8447,terug,-250,"#38,YAW,2.87,GYRO,-6,-97,-23,ACC,7,40,296,ADC,1240,379,4,2,"
18.8447,terug,-250,MM0 ?V
18.8447,terug,-250,MM1 ?V
18.8447,terug,-250,MM0 V=120:223:4906
18.8447,terug,-250,MM1 V=120:222:4898
18.8447,terug,-250,MM0 !M -232 268
18.8447,terug,-250,MM1 !M -232 268
18.8447,terug,-250,MM0 +
18.8447,terug,-250,MM1 +
18.8447,terug,-250,MM0 PING
18.8447,terug,-250,MM1 PING
18.8447,terug,-250,"#39,YAW,2.87,GYRO,102,-107,-25,ACC,4,-38,245,ADC,1232,386,5,2,"
18.8447,terug,-250,MM0 ?CR
18.8447,terug,-250,MM1 ?CR
18.8447,terug,-250,MM0 CR=-58:57
18.8447,terug,-250,MM1 CR=-57:57
18.8447,terug,-250,MM0 !M -232 268
18.8448,terug,-250,MM1 !M -232 268
18.8448,terug,-250,MM0 +
18.8448,terug,-250,MM1 +
18.8448,terug,-250,"#40,YAW,2.87,GYRO,43,167,-48,ACC,10,-22,256,ADC,1233,386,6,1,"
18.8448,terug,-250,MM0 ?A
18.8448,terug,-250,MM1 ?A
18.8448,terug,-250,MM1 A=-3:7
18.8448,terug,-250,MM0 A=0:3
18.8448,terug,-250,"$GPRMC,130528.0,A,5050.51385,N,00419.37840,E,000.04,161.3,081026,000.4,E*53"
18.8448,terug,-250,"#41,YAW,2.87,GYRO,-107,166,-9,ACC,8,34,243,ADC,1225,344,5,2,"
18.8448,terug,-250,MM0 ?AI
18.8448,terug,-250,MM1 ?AI
18.8448,terug,-250,MM1 AI=0:0:2372:2343:0:0
18.8448,terug,-250,MM0 AI=0:0:2495:2454:0:0
18.8448,terug,-250,"#42,YAW,2.87,GYRO,-34,-89,12,ACC,1,46,280,ADC,1250,384,5,2,"
18.8448,terug,-250,MM0 ?C
18.8448,terug,-250,MM1 ?C
18.8448,terug,-250,MM0 C=-22:-1904
18.8448,terug,-250,MM1 C=114:-2109
18.8449,terug,-250,"#43,YAW,2.87,GYRO,112,-128,-6,ACC,-2,-38,266,ADC,1222,384,4,1,"
18.8449,terug,-250,MM0 ?D
18.8449,terug,-250,MM1 ?D
18.8449,terug,-250,MM0 D=35
18.8449,terug,-250,MM1 D=3
18.8449,terug,-250,MM0 !M -232 268
18.8449,terug,-250,MM1 !M -232 268
18.8449,terug,-250,MM0 +
18.8449,terug,-250,MM1 +
18.8449,terug,-250,MM1 PING
18.8449,terug,-250,MM0 PING
18.8449,terug,-250,"#44,YAW,2.87,GYRO,57,196,-46,ACC,12,-41,223,ADC,1297,497,5,1,"
18.8449,terug,-250,MM0 ?FF
18.8449,terug,-250,MM1 ?FF
18.8449,terug,-250,MM0 FF=0
18.8449,terug,-250,MM1 FF=0
18.8449,terug,-250,MM1 !M -232 268
18.8449,terug,-250,MM0 !M -232 268
18.8449,terug,-250,MM1 +
18.8449,terug,-250,MM0 +
18.8449,terug,-250,"#45,YAW,2.87,GYRO,-71,242,-29,ACC,-5,46,260,ADC,1219,380,5,2,"
18.8449,terug,-250,MM0 ?P
18.8449,terug,-250,MM1 ?P
18.8449,terug,-250,MM0 P=-232:268
18.8449,terug,-250,MM1 P=-232:268
18.8450,terug,-250,"#46,YAW,2.87,GYRO,-29,-153,-2,ACC,10,50,269,ADC,1324,394,6,2,"
18.8450,terug,-250,MM0 ?S
18.8450,terug,-250,MM1 ?S
18.8450,terug,-250,MM0 S=-225:225
18.8450,terug,-250,MM1 S=-150:225
18.8651,terug,-250,MM0 !M -232 268
18.8651,terug,-250,MM1 !M -232 268
18.8651,terug,-250,MM0 +
18.8651,terug,-250,MM1 +
18.8651,terug,-250,"#47,YAW,2.87,GYRO,-6,-87,-5,ACC,0,-4,291,ADC,1248,320,3,2,"
18.8651,terug,-250,MM0 ?T
18.8651,terug,-250,MM1 ?T
18.8651,terug,-250,MM0 T=35:34
18.8651,terug,-250,MM1 T=36:34
18.8865,terug,-250,"#48,YAW,2.87,GYRO,51,311,-39,ACC,31,-35,227,ADC,1250,391,8,2,"
18.8866,terug,-250,MM0 ?V
18.8866,terug,-250,MM1 ?V
18.8866,terug,-250,MM0 V=120:223:4906
18.8866,terug,-250,MM1 V=120:223:4899
18.9241,terug,-250,"#49,YAW,2.87,GYRO,-70,230,-29,ACC,6,0,210,ADC,1230,387,5,2,"
18.9241,terug,-250,MM0 ?CR
18.9241,terug,-250,MM1 ?CR
18.9242,terug,-250,MM0 CR=-57:59
18.9242,terug,-250,MM1 CR=-58:59
18.9242,terug,-250,"#50,YAW,2.87,GYRO,-55,-82,-11,ACC,2,32,347,ADC,1271,392,4,2,"
18.9242,terug,-250,MM0 ?A
18.9242,terug,-250,MM1 ?A
18.9242,terug,-250,MM0 A=0:7
18.9242,terug,-250,MM1 A=0:7
18.9753,terug,-250,"$GPRMC,130528.2,A,5050.51385,N,00419.37840,E,000.03,161.3,081026,000.4,E*56"
18.9754,terug,-250,"#51,YAW,2.87,GYRO,81,-1,-10,ACC,9,-20,264,ADC,1237,389,4,2,"
18.9754,terug,-250,MM0 ?AI
18.9754,terug,-250,MM1 ?AI
18.9754,terug,-250,MM0 AI=0:0:2453:2452:0:0
18.9754,terug,-250,MM1 AI=0:0:2324:2369:0:0
18.9754,terug,-250,MM0 !M -23PING
18.9754,terug,-250,MM1 !M -23PING
18.9754,terug,-250,MM0 +
18.9754,terug,-250,MM1 +
18.9754,terug,-250,"#52,YAW,2.87,GYRO,-20,265,-20,ACC,15,-18,260,ADC,1211,304,4,2,"
18.9754,terug,-250,MM0 ?C
18.9755,terug,-250,MM1 ?C
18.9755,terug,-250,MM1 C=56:-2050
18.9755,terug,-250,MM0 C=-79:-1845
18.9755,terug,-250,"#53,YAW,2.87,GYRO,-85,190,-13,ACC,-2,21,179,ADC,1280,495,6,2,"
19.0326,terug,-250,MM0 ?D
19.0326,terug,-250,MM1 ?D
19.0326,terug,-250,MM0 D=49
19.0326,terug,-250,MM1 D=33
19.0326,terug,-250,MM0 !M -234 266
19.0326,terug,-250,MM1 !M -234 266
19.0327,terug,-250,MM0 +
19.0327,terug,-250,MM1 +
19.0327,terug,-250,MM0 PING
19.0327,terug,-250,MM1 PING
19.0327,terug,-250,"#54,YAW,2.87,GYRO,-123,-100,-16,ACC,-8,27,317,ADC,1281,375,5,2,"
19.0327,terug,-250,MM0 ?FF
19.0327,terug,-250,MM1 ?FF
19.0327,terug,-250,MM0 FF=0
19.0327,terug,-250,MM1 FF=0
19.0327,terug,-250,"#55,YAW,2.87,GYRO,34,-179,-44,ACC,-10,-29,275,ADC,1265,500,4,2,"
19.0327,terug,-250,MM0 ?P
19.0327,terug,-250,MM1 ?P
19.0327,terug,-250,MM0 P=-234:266
19.0327,terug,-250,MM1 P=-234:266
19.0672,terug,-250,"#56,YAW,2.87,GYRO,34,208,-62,ACC,9,-34,239,ADC,1268,498,4,2,"
19.0672,terug,-250,MM0 ?S
19.0672,terug,-250,MM1 ?S
19.0673,terug,-250,MM0 S=-225:225
19.0673,terug,-250,MM1 S=-150:225
19.0673,terug,-250,MM0 !M -233 267
19.0673,terug,-250,MM1 !M -233 267
19.0673,terug,-250,MM0 +
19.0673,terug,-250,MM1 +
19.0673,terug,-250,MM0 PING
19.0673,terug,-250,MM1 PING
19.0673,terug,-250,"#57,YAW,2.88,GYRO,30,216,-52,ACC,10,20,243,ADC,1232,386,4,2,"
19.0673,terug,-250,MM0 ?T
19.0673,terug,-250,MM1 ?T
19.0673,terug,-250,MM0 T=35:34
19.0673,terug,-250,MM1 T=36:34
19.0887,terug,-250,"#58,YAW,2.88,GYRO,-132,-98,-4,ACC,-18,60,270,ADC,1254,500,7,2,"
19.0887,terug,-250,MM0 ?V
19.0887,terug,-250,MM1 ?V
19.0887,terug,-250,MM0 V=120:224:4905
19.0887,terug,-250,MM1 V=120:221:4900
19.1232,terug,-250,"#59,YAW,2.88,GYRO,-23,-170,-2,ACC,-4,27,294,ADC,1238,379,5,2,"
19.1232,terug,-250,MM0 !M -233 267
19.1232,terug,-250,MM0 +
19.1232,terug,-250,MM1 !M -233 267
19.1232,terug,-250,MM1 +
19.1232,terug,-250,MM1 PING
19.1232,terug,-250,MM0 PING
19.1232,terug,-250,MM1 ?CR
19.1233,terug,-250,MM0 ?CR
19.1233,terug,-250,MM1 CR=-57:58
19.1233,terug,-250,MM0 CR=-57:58
19.1233,terug,-250,"#60,YAW,2.88,GYRO,16,269,-20,ACC,45,-33,211,ADC,1233,381,4,2,"
19.1233,terug,-250,MM0 ?A
19.1233,terug,-250,MM1 ?A
19.1233,terug,-250,MM0 A=0:3
19.1233,terug,-250,MM1 A=0:3
19.1443,terug,-250,"$GPRMC,130528.4,A,5050.51385,N,00419.37839,E,000.04,161.3,081026,000.4,E*59"
19.1443,terug,-250,"#61,YAW,2.88,GYRO,-107,117,-37,ACC,-10,-6,269,ADC,1280,298,5,2,"
19.1443,terug,-250,MM0 ?AI
19.1443,terug,-250,MM1 ?AI
19.1443,terug,-250,MM0 AI=0:0:2450:2457:0:0
19.1783,terug,-250,MM1 AI=0:0:2341:2349:0:0
19.1783,terug,-250,MM0 !M -235 265
19.1783,terug,-250,MM1 !M -235 265
19.1783,terug,-250,MM0 +
19.1783,terug,-250,MM1 +
19.1783,terug,-250,MM0 PING
19.1783,terug,-250,MM1 PING
19.1783,terug,-250,"#62,YAW,2.88,GYRO,-74,-106,-37,ACC,3,31,205,ADC,1270,315,6,1,"
19.1784,terug,-250,MM0 ?C
19.1784,terug,-250,MM1 ?C
19.1784,terug,-250,MM0 C=-137:-1787
19.1784,terug,-250,MM1 C=0:-1992
19.1785,terug,-250,"#63,YAW,2.88,GYRO,52,-164,-36,ACC,3,6,358,ADC,1268,387,4,2,"
19.1785,terug,-250,MM0 ?D
19.1785,terug,-250,MM1 ?D
19.1785,terug,-250,MM0 D=0
19.1785,terug,-250,MM1 D=0
19.2271,terug,-250,MM0 !M -235 265
19.2271,terug,-250,MM1 !M -235 265
19.2271,terug,-250,MM0 +
19.2271,terug,-250,MM1 +
19.2272,terug,-250,MM0 PING
19.2272,terug,-250,MM1 PING
19.2272,terug,-250,"#64,YAW,2.88,GYRO,82,406,-44,ACC,26,-22,284,ADC,1254,337,3,2,"
19.2272,terug,-250,MM0 ?FF
19.2273,terug,-250,MM1 ?FF
19.2273,terug,-250,MM0 FF=0
19.2273,terug,-250,MM1 FF=0
19.2273,terug,-250,"#65,YAW,2.88,GYRO,-107,-46,14,ACC,5,16,182,ADC,1233,389,6,2,"
19.2273,terug,-250,MM0 ?P
19.2273,terug,-250,MM1 ?P
19.2273,terug,-250,MM0 P=-235:265
19.2273,terug,-250,MM1 P=-235:265
19.2774,terug,-250,"#66,YAW,2.88,GYRO,-62,-45,35,ACC,-19,51,208,ADC,1234,387,4,1,"
19.2774,terug,-250,MM0 ?S
19.2774,terug,-250,MM1 ?S
19.2774,terug,-250,MM0 S=-150:225
19.2774,terug,-250,MM1 S=-225:150
19.2774,terug,-250,MM0 !M -236 264
19.2774,terug,-250,MM1 !M -236 264
19.2774,terug,-250,MM0 +
19.2774,terug,-250,MM1 +
19.2774,terug,-250,MM1 PING
19.2774,terug,-250,MM0 PING
19.2774,terug,-250,"#67,YAW,2.88,GYRO,-1,-206,30,ACC,9,-9,283,ADC,1216,490,6,1,"
19.2774,terug,-250,MM0 !M -236 264
19.2775,terug,-250,MM0 +
19.2775,terug,-250,MM1 !M -236 264
19.2775,terug,-250,MM1 +
19.2775,terug,-250,MM0 ?T
19.2775,terug,-250,MM1 ?T
19.2775,terug,-250,MM0 T=35:34
19.2775,terug,-250,MM1 T=36:34
19.2775,terug,-250,"#68,YAW,2.88,GYRO,58,144,-30,ACC,-9,-48,282,ADC,1227,431,7,2,"
19.2775,terug,-250,MM0 ?V
19.2775,terug,-250,MM1 ?V
19.3282,terug,-250,MM0 V=120:224:4906
19.3282,terug,-250,MM1 V=120:265:4898
19.3283,terug,-250,"#69,YAW,2.88,GYRO,-18,99,-48,ACC,16,3,238,ADC,1262,397,5,1,"
19.3283,terug,-250,MM0 ?CR
19.3283,terug,-250,MM1 ?CR
19.3283,terug,-250,MM0 CR=-58:57
19.3283,terug,-250,MM1 CR=-56:57
19.3283,terug,-250,"#70,YAW,2.88,GYRO,-156,-49,-13,ACC,-5,54,240,ADC,1273,384,4,2,"
19.3283,terug,-250,MM0 ?A
19.3283,terug,-250,MM1 ?A
19.3283,terug,-250,MM0 A=0:7
19.3283,terug,-250,MM1 A=0:7
19.3785,terug,-250,"$GPRMC,130528.6,A,5050.51385,N,00419.37839,E,000.03,161.3,081026,000.4,E*5C"
19.3785,terug,-250,"#71,YAW,2.88,GYRO,28,-266,-16,ACC,9,-11,261,ADC,1263,305,4,2,"
19.3785,terug,-250,MM0 ?AI
19.3785,terug,-250,MM1 ?AI
19.3785,terug,-250,MM0 AI=0:0:2423:2453:0:0
19.3785,terug,-250,MM1 AI=0:0:2353:2362:0:0
19.3785,terug,-250,MM0 !M -235 265
19.3785,terug,-250,MM1 !M -235 265
19.3785,terug,-250,MM0 +
19.3785,terug,-250,MM1 +
19.3785,terug,-250,MM1 PING
19.3785,terug,-250,MM0 PING
19.3785,terug,-250,"#72,YAW,2.88,GYRO,14,18,-63,ACC,21,-38,353,ADC,1233,322,5,1,"
19.3785,terug,-250,MM0 ?C
19.3785,terug,-250,MM1 ?C
19.3785,terug,-250,MM0 C=-194:-1730
19.3785,terug,-250,MM1 C=-57:-1935
19.3786,terug,-250,"#73,YAW,2.88,GYRO,79,378,-42,ACC,-5,-7,183,ADC,1290,501,4,2,"
19.3786,terug,-250,MM0 ?D
19.3786,terug,-250,MM1 ?D
19.3786,terug,-250,MM0 D=18
19.3786,terug,-250,MM1 D=50
19.4297,terug,-250,MM0 !M -235 265
19.4297,terug,-250,MM1 !M -235 265
19.4297,terug,-250,MM0 +
19.4297,terug,-250,MM1 +
19.4297,terug,-250,MM0 PING
19.4297,terug,-250,MM1 PING
19.4297,terug,-250,"#74,YAW,2.88,GYRO,-79,80,-7,ACC,13,9,252,ADC,1234,292,4,1,"
19.4298,terug,-250,MM0 ?FF
19.4298,terug,-250,MM1 ?FF
19.4298,terug,-250,MM0 FF=0
19.4298,terug,-250,MM1 FF=0
19.4298,terug,-250,"#75,YAW,2.88,GYRO,-91,-171,5,ACC,-22,47,268,ADC,1253,390,5,1,"
19.4298,terug,-250,MM0 ?P
19.4298,terug,-250,MM1 ?P
19.4298,terug,-250,MM0 P=-235:265
19.4298,terug,-250,MM1 P=-235:265
19.4810,terug,-250,"#76,YAW,2.88,GYRO,-45,0,-17,ACC,22,-11,303,ADC,1217,382,5,1,"
19.4811,terug,-250,MM0 ?S
19.4811,terug,-250,MM1 ?S
19.4811,terug,-250,MM0 S=-225:225
19.4811,terug,-250,MM1 S=-225:225
19.4811,terug,-250,MM0 !M -237 263
19.4811,terug,-250,MM1 !M -237 263
19.4811,terug,-250,MM0 +
19.4811,terug,-250,MM1 +
19.4811,terug,-250,MM1 PING
19.4811,terug,-250,MM0 PING
19.4811,terug,-250,"#77,YAW,2.88,GYRO,151,338,-28,ACC,7,-46,170,ADC,1272,389,3,2,"
19.4811,terug,-250,MM0 ?T
19.4811,terug,-250,MM1 ?T
19.4811,terug,-250,MM0 T=35:34
19.4812,terug,-250,MM1 T=36:34
19.4812,terug,-250,MM0 !M -236 264
19.4812,terug,-250,MM1 !M -236 264
19.4812,terug,-250,MM0 +
19.4812,terug,-250,MM1 +
19.4812,terug,-250,"#78,YAW,2.88,GYRO,-74,104,-9,ACC,-9,-45,331,ADC,1267,495,6,2,"
19.4812,terug,-250,MM0 ?V
19.4812,terug,-250,MM1 ?V
19.4812,terug,-250,MM0 V=120:223:4905
19.4812,terug,-250,MM1 V=120:223:4898
19.5353,terug,-250,"#79,YAW,2.88,GYRO,-37,-235,-9,ACC,-18,19,180,ADC,1230,389,6,1,"
19.5354,terug,-250,MM0 ?CR
19.5354,terug,-250,MM1 ?CR
19.5354,terug,-250,MM0 CR=-57:58
19.5354,terug,-250,MM1 CR=-57:58
19.5354,terug,-250,MM0 !M -236 264
19.5354,terug,-250,MM1 !M -236 264
19.5354,terug,-250,MM0 +
19.5354,terug,-250,MM1 +
19.5354,terug,-250,"#80,YAW,2.88,GYRO,56,96,-41,ACC,35,6,328,ADC,1248,291,5,2,"
19.5354,terug,-250,MM0 ?A
19.5354,terug,-250,MM1 ?A
19.5354,terug,-250,MM0 A=0:3
19.5354,terug,-250,MM1 A=0:3
19.5354,terug,-250,"$GPRMC,130528.8,A,5050.51384,N,00419.37839,E,000.06,161.3,081026,000.4,E*56"
19.5692,terug,-250,"#81,YAW,2.88,GYRO,106,367,-16,ACC,11,-25,205,ADC,1255,391,5,2,"
19.5692,terug,-250,MM0 ?AI
19.5692,terug,-250,MM1 ?AI
19.5692,terug,-250,MM0 AI=0:0:2424:2503:0:0
19.5692,terug,-250,MM1 AI=0:0:2344:2423:0:0
19.5692,terug,-250,"#82,YAW,2.88,GYRO,-170,-72,41,ACC,11,4,326,ADC,1282,500,7,2,"
19.5692,terug,-250,MM0 ?C
19.5692,terug,-250,MM1 ?C
19.5692,terug,-250,MM0 C=-252:-1671
19.5692,terug,-250,MM1 C=-114:-1877
19.5902,terug,-250,"#83,YAW,2.88,GYRO,-14,-191,31,ACC,-21,13,194,ADC,1274,499,5,2,"
19.5902,terug,-250,MM0 ?D
19.5902,terug,-250,MM1 ?D
19.5903,terug,-250,MM0 D=33
19.5903,terug,-250,MM1 D=35
19.6361,terug,-250,"#84,YAW,2.88,GYRO,-25,130,-4,ACC,4,-12,352,ADC,1267,385,4,2,"
19.6362,terug,-250,MM0 ?FF
19.6362,terug,-250,MM1 ?FF
19.6362,terug,-250,MM0 FF=0
19.6362,terug,-250,MM1 FF=0
19.6362,terug,-250,MM0 !M -236 264
19.6362,terug,-250,MM1 !M -236 264
19.6362,terug,-250,MM0 +
19.6362,terug,-250,MM1 +
19.6362,terug,-250,MM0 PING
19.6362,terug,-250,MM1 PING
19.6362,terug,-250,MM1 !M -236 264
19.6362,terug,-250,MM0 !M -236 264
19.6362,terug,-250,MM1 +
19.6362,terug,-250,"#85,YAW,2.88,GYRO,-27,249,-14,ACC,-2,-8,306,ADC,1284,305,6,2,"
19.6362,terug,-250,MM0 +
19.6362,terug,-250,MM0 ?P
19.6362,terug,-250,MM1 ?P
19.6362,terug,-250,MM0 P=-236:264
19.6362,terug,-250,MM1 P=-236:264
19.6362,terug,-250,"#86,YAW,2.88,GYRO,-140,-93,5,ACC,1,17,168,ADC,1241,388,6,2,"
19.6362,terug,-250,MM0 ?S
19.6362,terug,-250,MM1 ?S
19.6702,terug,-250,MM0 S=-225:225
19.6702,terug,-250,MM1 S=-225:225
19.6703,terug,-250,MM1 !M -235 265
19.6703,terug,-250,MM0 !M -235 265
19.6703,terug,-250,MM1 +
19.6703,terug,-250,MM0 +
19.6703,terug,-250,"#87,YAW,2.88,GYRO,-31,-126,-16,ACC,0,-8,235,ADC,1227,383,5,1,"
19.6703,terug,-250,MM0 ?T
19.6703,terug,-250,MM1 ?T
19.6703,terug,-250,MM0 T=35:34
19.6703,terug,-250,MM1 T=36:34
19.6913,terug,-250,"#88,YAW,2.88,GYRO,-2,157,-45,ACC,10,-31,286,ADC,1235,386,5,2,"
19.6913,terug,-250,MM0 ?V
19.6913,terug,-250,MM1 ?V
19.6913,terug,-250,MM0 V=120:223:4905
19.6913,terug,-250,MM1 V=120:223:4899
19.7123,terug,-250,"#89,YAW,2.88,GYRO,94,229,-62,ACC,0,-25,302,ADC,1254,406,4,2,"
19.7123,terug,-250,MM0 ?CR
19.7123,terug,-250,MM1 ?CR
19.7123,terug,-250,MM0 CR=-58:58
19.7123,terug,-250,MM1 CR=-57:57
19.7332,terug,-250,"#90,YAW,2.89,GYRO,-128,39,-22,ACC,14,29,174,ADC,1241,501,6,1,"
19.7333,terug,-250,MM0 ?A
19.7333,terug,-250,MM1 ?A
19.7333,terug,-250,MM1 A=-3:3
19.7333,terug,-250,MM0 A=0:7
19.7837,terug,-250,"$GPRMC,130529.0,A,5050.51384,N,00419.37839,E,000.11,161.3,081026,000.4,E*59"
19.7837,terug,-250,"#91,YAW,2.89,GYRO,14,-157,-4,ACC,-13,15,258,ADC,1265,333,4,2,"
19.7837,terug,-250,MM0 ?AI
19.7837,terug,-250,MM1 ?AI
19.7837,terug,-250,MM0 AI=0:0:2440:2450:0:0
19.7837,terug,-250,MM1 AI=0:0:2346:2354:0:0
19.7837,terug,-250,MM0 !M -236 264
19.7837,terug,-250,MM1 !M -236 264
19.7837,terug,-250,MM0 +
19.7837,terug,-250,MM1 +
19.7837,terug,-250,MM1 PING
19.7838,terug,-250,MM0 PING
19.7838,terug,-250,"#92,YAW,2.89,GYRO,65,-35,-26,ACC,-2,-22,322,ADC,1250,297,5,2,"
19.7838,terug,-250,MM0 ?C
19.7838,terug,-250,MM1 ?C
19.7838,terug,-250,MM0 C=-309:-1614
19.7838,terug,-250,MM1 C=-171:-1820
19.7839,terug,-250,MM0 !M -237 263
19.7839,terug,-250,MM1 !M -237 263
19.7839,terug,-250,MM0 +
19.7839,terug,-250,MM1 +
19.7839,terug,-250,"#93,YAW,2.89,GYRO,46,252,-41,ACC,4,-18,262,ADC,1264,384,5,2,"
19.7839,terug,-250,MM0 ?D
19.7839,terug,-250,MM1 ?D
19.7840,terug,-250,MM0 D=18
19.7840,terug,-250,MM1 D=17
19.8394,terug,-250,"#94,YAW,2.89,GYRO,-66,69,0,ACC,-7,19,209,ADC,1217,382,8,1,"
19.8394,terug,-250,MM0 ?FF
19.8394,terug,-250,MM1 ?FF
19.8394,terug,-250,MM0 FF=0
19.8394,terug,-250,MM1 FF=0
19.8394,terug,-250,"#95,YAW,2.89,GYRO,5,-197,17,ACC,-11,25,194,ADC,1249,362,5,1,"
19.8394,terug,-250,MM0 !M -238 262
19.8394,terug,-250,MM0 +
19.8394,terug,-250,MM1 !M -238 262
19.8394,terug,-250,MM1 +
19.8394,terug,-250,MM0 ?P
19.8394,terug,-250,MM1 ?P
19.8395,terug,-250,MM0 P=-237:263
19.8395,terug,-250,MM1 P=-238:262
19.8395,terug,-250,"#96,YAW,2.89,GYRO,87,15,-18,ACC,-15,-19,354,ADC,1219,398,6,1,"
19.8395,terug,-250,MM0 ?S
19.8395,terug,-250,MM1 ?S
19.8395,terug,-250,MM0 S=-225:225
19.8763,terug,-250,MM1 S=-225:225
19.8763,terug,-250,MM0 !M -238 262
19.8763,terug,-250,MM1 !M -238 262
19.8764,terug,-250,MM0 +
19.8764,terug,-250,MM1 +
19.8764,terug,-250,"#97,YAW,2.89,GYRO,53,271,-47,ACC,26,-16,261,ADC,1256,320,4,1,"
19.8764,terug,-250,MM0 ?T
19.8764,terug,-250,MM1 ?T
19.8764,terug,-250,MM0 T=35:34
19.8764,terug,-250,MM1 T=36:34
19.8764,terug,-250,"#98,YAW,2.89,GYRO,-113,49,5,ACC,18,28,226,ADC,1249,391,6,2,"
19.8764,terug,-250,MM0 ?V
19.8764,terug,-250,MM1 ?V
19.8973,terug,-250,MM0 V=120:223:4904
19.8973,terug,-250,MM1 V=120:222:4898
19.8973,terug,-250,"#99,YAW,2.89,GYRO,-35,-194,21,ACC,7,30,241,ADC,1233,387,8,2,"
19.8973,terug,-250,MM0 ?CR
19.8973,terug,-250,MM1 ?CR
19.9315,terug,-250,MM0 CR=-58:57
19.9315,terug,-250,MM1 CR=-57:58
19.9315,terug,-250,MM0 !M -238 262
19.9315,terug,-250,MM1 !M -238 262
19.9315,terug,-250,MM0 +
19.9315,terug,-250,MM1 +
19.9315,terug,-250,"#100,YAW,2.89,GYRO,31,22,-19,ACC,-1,-27,327,ADC,1201,383,5,1,"
19.9316,terug,-250,MM0 ?A
19.9316,terug,-250,MM1 ?A
19.9316,terug,-250,MM0 A=0:7
19.9316,terug,-250,MM1 A=0:3
19.9948,terug,-250,"#101,YAW,2.89,GYRO,15,290,-41,ACC,5,-22,247,ADC,1234,501,4,1,"
19.9949,terug,-250,"$GPRMC,130529.2,A,5050.51383,N,00419.37839,E,000.15,161.3,081026,000.4,E*58"
19.9949,terug,-250,MM0 ?AI
19.9949,terug,-250,MM1 ?AI
19.9949,terug,-250,MM0 AI=0:0:2437:2456:0:0
19.9949,terug,-250,MM1 AI=0:0:2360:2352:0:0
19.9949,terug,-250,"#102,YAW,2.89,GYRO,-60,137,-22,ACC,9,28,175,ADC,1230,382,4,2,"
19.9949,terug,-250,MM0 ?C
19.9949,terug,-250,MM1 ?C
19.9949,terug,-250,MM0 C=-367:-1556
19.9949,terug,-250,MM1 C=-229:-1761
19.9950,terug,-250,"#103,YAW,2.89,GYRO,-49,-169,-3,ACC,-22,34,261,ADC,1286,398,4,1,"
19.9950,terug,-250,MM0 ?D
19.9950,terug,-250,MM1 ?D
19.9950,terug,-250,MM0 D=33
19.9950,terug,-250,MM1 D=34
20.0109,terug,-250,"#104,YAW,2.89,GYRO,39,94,-22,ACC,28,-7,389,ADC,1294,398,5,2,"
20.0109,terug,-250,MM0 ?FF
20.0110,terug,-250,MM1 ?FF
20.0110,terug,-250,MM0 FF=0
20.0110,terug,-250,MM1 FF=0
20.0110,terug,-250,MM0 !M -237 263
20.0110,terug,-250,MM1 !M -237 263
20.0110,terug,-250,MM0 +
20.0110,terug,-250,MM1 +
20.0262,terug,-250,MM0 PING
20.0262,terug,-250,MM1 PING
20.0262,terug,-250,MM0 !M -237 263
20.0262,terug,-250,MM1 !M -237 263
20.0262,terug,-250,MM0 +
20.0262,terug,-250,MM1 +
20.0262,terug,-250,"#105,YAW,2.89,GYRO,-41,267,-17,ACC,-7,1,228,ADC,1287,299,5,1,"
20.0263,terug,-250,MM0 ?P
20.0263,terug,-250,MM1 ?P
20.0263,terug,-250,MM0 P=-237:263
20.0263,terug,-250,MM1 P=-237:263
20.0470,terug,-250,"#106,YAW,2.89,GYRO,-31,126,-2,ACC,20,21,142,ADC,1233,384,6,2,"
20.0470,terug,-250,MM0 ?S
20.0470,terug,-250,MM1 ?S
20.0470,terug,-250,MM0 S=-225:225
20.0470,terug,-250,MM1 S=-225:225
20.0811,terug,-250,"#107,YAW,2.89,GYRO,-148,-215,-7,ACC,-76,79,291,ADC,1226,380,6,2,"
20.0811,terug,-250,MM0 ?T
20.0811,terug,-250,MM1 ?T
20.0811,terug,-250,MM0 T=35:35
20.0811,terug,-250,MM1 T=36:34
20.0811,terug,-250,"#108,YAW,2.89,GYRO,31,-41,-19,ACC,-15,-36,298,ADC,1265,404,6,2,"
20.0811,terug,-250,MM1 ?V
20.0812,terug,-250,MM0 ?V
20.0812,terug,-250,MM0 V=120:223:4905
20.0812,terug,-250,MM1 V=120:222:4899
20.1020,terug,-250,"#109,YAW,2.89,GYRO,45,189,-57,ACC,1,-33,284,ADC,1243,389,6,2,"
20.1021,terug,-250,MM1 ?CR
20.1021,terug,-250,MM0 ?CR
20.1021,terug,-250,MM1 CR=-58:58
20.1021,terug,-250,MM0 CR=-58:59
20.1021,terug,-250,MM0 !M -238 262
20.1021,terug,-250,MM1 !M -238 262
20.1363,terug,-250,MM0 +
20.1364,terug,-250,MM1 +
20.1364,terug,-250,MM0 PING
20.1364,terug,-250,MM1 PING
20.1364,terug,-250,MM0 !M -239 261
20.1364,terug,-250,MM1 !M -239 261
20.1364,terug,-250,MM0 +
20.1364,terug,-250,MM1 +
20.1364,terug,-250,"#110,YAW,2.89,GYRO,-70,118,-31,ACC,1,26,212,ADC,1299,326,5,2,"
20.1364,terug,-250,MM0 ?A
20.1364,terug,-250,MM1 ?A
20.1364,terug,-250,MM0 A=0:3
20.1364,terug,-250,MM1 A=0:3
20.1364,terug,-250,"$GPRMC,130529.4,A,5050.51382,N,00419.37838,E,000.19,161.3,081026,000.4,E*52"
20.1861,terug,-250,"#111,YAW,2.89,GYRO,-61,-145,2,ACC,-5,27,236,ADC,1266,408,5,2,"
20.1861,terug,-250,MM0 ?AI
20.1861,terug,-250,MM1 ?AI
20.1861,terug,-250,MM0 AI=0:0:2446:2458:0:0
20.1861,terug,-250,MM1 AI=0:0:2354:2370:0:0
20.1861,terug,-250,"#112,YAW,2.89,GYRO,-68,-2,-25,ACC,-3,-2,352,ADC,1244,387,4,1,"
20.1861,terug,-250,MM0 ?C
20.1861,terug,-250,MM1 ?C
20.1861,terug,-250,MM0 C=-425:-1498
20.1862,terug,-250,MM1 C=-286:-1704
20.1862,terug,-250,"#113,YAW,2.89,GYRO,59,317,-52,ACC,12,-45,269,ADC,1194,380,5,2,"
20.1862,terug,-250,MM0 ?D
20.1862,terug,-250,MM1 ?D
20.1862,terug,-250,MM0 D=16
20.1862,terug,-250,MM1 D=19
20.2374,terug,-250,"#114,YAW,2.89,GYRO,-128,43,-32,ACC,12,5,182,ADC,1248,383,5,1,"
20.2375,terug,-250,MM1 ?FF
20.2375,terug,-250,MM0 ?FF
20.2375,terug,-250,MM1 FF=0
20.2375,terug,-250,MM0 FF=0
20.2375,terug,-250,MM0 !M -240 260
20.2375,terug,-250,MM1 !M -240 260
20.2375,terug,-250,MM0 +
20.2375,terug,-250,MM1 +
20.2375,terug,-250,MM0 PING
20.2375,terug,-250,MM1 PING
20.2375,terug,-250,"#115,YAW,2.89,GYRO,0,-160,-22,ACC,-5,14,178,ADC,1244,385,5,2,"
20.2375,terug,-250,MM0 !M -240 260
20.2375,terug,-250,MM0 +
20.2375,terug,-250,MM1 !M -240 260
20.2375,terug,-250,MM1 +
20.2375,terug,-250,MM1 ?P
20.2375,terug,-250,MM0 ?P
20.2375,terug,-250,MM1 P=-240:260
20.2375,terug,-250,MM0 P=-240:260
20.2375,terug,-250,"#116,YAW,2.89,GYRO,34,-18,-20,ACC,14,-7,420,ADC,1247,391,3,2,"
20.2375,terug,-250,MM0 ?S
20.2376,terug,-250,MM1 ?S
20.2881,terug,-250,MM0 S=-225:225
20.2881,terug,-250,MM1 S=-225:225
20.2881,terug,-250,"#117,YAW,2.90,GYRO,24,380,-25,ACC,22,-10,292,ADC,1276,385,4,1,"
20.2882,terug,-250,MM1 ?T
20.2882,terug,-250,MM0 ?T
20.2882,terug,-250,MM1 T=36:34
20.2882,terug,-250,MM0 T=35:35
20.2882,terug,-250,"#118,YAW,2.89,GYRO,-82,-121,38,ACC,24,14,130,ADC,1246,388,6,2,"
20.2882,terug,-250,MM1 ?V
20.2882,terug,-250,MM0 ?V
20.2882,terug,-250,MM1 V=120:223:4898
20.2882,terug,-250,MM0 V=120:216:4906
20.3383,terug,-250,"#119,YAW,2.89,GYRO,-6,-64,23,ACC,-24,13,193,ADC,1264,412,6,1,"
20.3383,terug,-250,MM1 ?CR
20.3383,terug,-250,MM0 ?CR
20.3383,terug,-250,MM1 CR=-57:57
20.3383,terug,-250,MM0 CR=-58:58
20.3383,terug,-250,MM0 !M -241 259
20.3383,terug,-250,MM1 !M -241 259
20.3383,terug,-250,MM0 +
20.3383,terug,-250,MM1 +
20.3383,terug,-250,MM0 PING
20.3383,terug,-250,MM1 PING
20.3383,terug,-250,"#120,YAW,2.89,GYRO,18,-90,20,ACC,9,-4,400,ADC,1257,502,4,2,"
20.3383,terug,-250,MM0 ?A
20.3384,terug,-250,MM0 A=0:3
20.3384,terug,-250,MM1 ?A
20.3384,terug,-250,MM1 A=-3:7
20.3384,terug,-250,MM0 !M -240 260
20.3384,terug,-250,MM1 !M -240 260
20.3384,terug,-250,MM0 +
20.3384,terug,-250,MM1 +
20.3384,terug,-250,"$GPRMC,130529.6,A,5050.51381,N,00419.37837,E,000.22,161.3,081026,000.4,E*54"
20.3887,terug,-250,"#121,YAW,2.89,GYRO,22,157,-35,ACC,4,-19,242,ADC,1275,500,5,2,"
20.3888,terug,-250,MM1 ?AI
20.3888,terug,-250,MM0 ?AI
20.3888,terug,-250,MM1 AI=0:0:2315:2329:0:0
20.3888,terug,-250,MM0 AI=0:0:2436:2462:0:0
20.3888,terug,-250,"#122,YAW,2.89,GYRO,-70,48,-39,ACC,9,15,210,ADC,1274,501,5,2,"
20.3888,terug,-250,MM1 ?C
20.3888,terug,-250,MM0 ?C
20.3888,terug,-250,MM1 C=-343:-1646
20.3888,terug,-250,MM0 C=-483:-1440
20.3889,terug,-250,"#123,YAW,2.90,GYRO,-62,-89,-20,ACC,4,36,246,ADC,1234,501,4,1,"
20.3889,terug,-250,MM1 ?D
20.3889,terug,-250,MM0 ?D
20.3889,terug,-250,MM1 D=49
20.3889,terug,-250,MM0 D=33
20.4422,terug,-250,"#124,YAW,2.90,GYRO,6,-203,-28,ACC,-11,-2,319,ADC,1258,499,6,2,"
20.4423,terug,-250,MM1 ?FF
20.4423,terug,-250,MM0 ?FF
20.4423,terug,-250,MM1 FF=0
20.4423,terug,-250,MM0 FF=0
20.4423,terug,-250,MM0 !M -240 260
20.4423,terug,-250,MM1 !M -240 260
20.4423,terug,-250,MM0 +
20.4423,terug,-250,MM1 +
20.4423,terug,-250,MM0 PING
20.4423,terug,-250,MM1 PING
20.4423,terug,-250,"#125,YAW,2.90,GYRO,-9,126,-56,ACC,14,-16,283,ADC,1218,383,5,2,"
20.4424,terug,-250,MM1 ?P
20.4424,terug,-250,MM0 ?P
20.4424,terug,-250,MM1 P=-240:260
20.4424,terug,-250,MM0 P=-240:260
20.4424,terug,-250,"#126,YAW,2.90,GYRO,31,284,-21,ACC,12,-1,151,ADC,1234,382,6,2,"
20.4424,terug,-250,MM1 ?S
20.4424,terug,-250,MM0 ?S
20.4424,terug,-250,MM1 S=-225:225
20.4424,terug,-250,MM0 S=-225:300
20.4964,terug,-250,MM1 !M -241 259
20.4965,terug,-250,MM0 !M -241 259
20.4965,terug,-250,MM1 +
20.4965,terug,-250,MM0 +
20.4965,terug,-250,MM0 PING
20.4965,terug,-250,MM1 PING
20.4965,terug,-250,"#127,YAW,2.90,GYRO,-89,71,16,ACC,-96,-15,302,ADC,1229,287,4,1,"
20.4965,terug,-250,MM0 ?T
20.4965,terug,-250,MM1 ?T
20.4965,terug,-250,MM0 T=35:35
20.4965,terug,-250,MM1 T=36:34
20.4965,terug,-250,MM0 !M -241 259
20.4965,terug,-250,MM1 !M -241 259
20.4965,terug,-250,MM0 +
20.4965,terug,-250,MM1 +
20.4965,terug,-250,"#128,YAW,2.90,GYRO,-51,-151,12,ACC,15,-16,304,ADC,1248,279,4,1,"
20.4965,terug,-250,MM1 ?V
20.4965,terug,-250,MM0 ?V
20.4965,terug,-250,MM1 V=120:223:4898
20.4965,terug,-250,MM0 V=120:224:4905
20.5224,terug,-250,"#129,YAW,2.90,GYRO,57,232,-28,ACC,17,-18,266,ADC,1235,389,5,1,"
20.5225,terug,-250,MM1 ?CR
20.5225,terug,-250,MM0 ?CR
20.5225,terug,-250,MM1 CR=-58:59
20.5225,terug,-250,MM0 CR=-57:58
20.5225,terug,-250,MM0 !M -242 258
20.5225,terug,-250,MM1 !M -242 258
20.5225,terug,-250,MM0 +
20.5225,terug,-250,MM1 +
20.5352,terug,-250,"#130,YAW,2.90,GYRO,31,268,-2,ACC,6,-22,182,ADC,1220,272,5,1,"
20.5353,terug,-250,MM1 ?A
20.5353,terug,-250,MM0 ?A
20.5353,terug,-250,MM1 A=0:3
20.5353,terug,-250,MM0 A=0:3
20.5353,terug,-250,"$GPRMC,130529.8,A,5050.51380,N,00419.37836,E,000.25,161.3,081026,000.4,E*5D"
20.5573,terug,-250,"#131,YAW,2.90,GYRO,40,-74,-5,ACC,7,-1,316,ADC,1260,502,5,2,"
20.5574,terug,-250,MM1 ?AI
20.5574,terug,-250,MM0 ?AI
20.5574,terug,-250,MM1 AI=0:0:2362:2361:0:0
20.5574,terug,-250,MM0 AI=0:0:2430:2448:0:0
20.5574,terug,-250,"#132,YAW,2.90,GYRO,-92,-104,-21,ACC,13,60,246,ADC,1248,395,4,1,"
20.5574,terug,-250,MM1 ?C
20.5913,terug,-250,MM0 ?C
20.5913,terug,-250,MM1 C=-401:-1588
20.5914,terug,-250,MM0 C=-541:-1381
20.5915,terug,-250,MM1 !M -242 258
20.5915,terug,-250,MM0 !M -242 258
20.5915,terug,-250,MM1 +
20.5915,terug,-250,MM0 +
20.5915,terug,-250,"#133,YAW,2.90,GYRO,65,196,-28,ACC,12,3,280,ADC,1251,386,6,2,"
20.5915,terug,-250,MM1 ?D
20.5915,terug,-250,MM0 ?D
20.5915,terug,-250,MM1 D=18
20.5915,terug,-250,MM0 D=58
20.6483,terug,-250,"#134,YAW,2.90,GYRO,-10,297,10,ACC,-2,3,231,ADC,1281,384,5,2,"
20.6483,terug,-250,MM0 ?FF
20.6484,terug,-250,MM1 ?FF
20.6484,terug,-250,MM0 FF=0
20.6484,terug,-250,MM1 FF=0
20.6484,terug,-250,"#135,YAW,2.90,GYRO,-100,-166,50,ACC,0,21,187,ADC,1250,396,5,2,"
20.6484,terug,-250,MM1 ?P
20.6484,terug,-250,MM0 ?P
20.6484,terug,-250,MM1 P=-242:258
20.6484,terug,-250,MM0 P=-242:258
20.6484,terug,-250,"#136,YAW,2.90,GYRO,-28,-95,16,ACC,5,29,313,ADC,1245,384,5,2,"
20.6484,terug,-250,MM1 ?S
20.6484,terug,-250,MM0 ?S
20.6484,terug,-250,MM1 S=-225:225
20.6484,terug,-250,MM0 S=-225:225
20.6685,terug,-250,"#137,YAW,2.90,GYRO,-21,219,-15,ACC,45,-1,247,ADC,1316,496,3,2,"
20.6686,terug,-250,MM0 ?T
20.6686,terug,-250,MM1 ?T
20.6686,terug,-250,MM0 T=35:35
20.6686,terug,-250,MM1 T=36:34
20.6903,terug,-250,"#138,YAW,2.90,GYRO,-98,91,-1,ACC,2,6,262,ADC,1205,380,6,2,"
20.6903,terug,-250,MM0 ?V
20.6903,terug,-250,MM1 ?V
20.6903,terug,-250,MM0 V=120:223:4905
20.6903,terug,-250,MM1 V=120:224:4898
20.6903,terug,-250,MM0 !M -243 257
20.6903,terug,-250,MM1 !M -243 257
20.6903,terug,-250,MM0 +
20.6903,terug,-250,MM1 +
20.6903,terug,-250,MM0 PING
20.6903,terug,-250,MM1 PING
20.6903,terug,-250,MM1 !M -243 257
20.6903,terug,-250,MM0 !M -243 257
20.6903,terug,-250,MM1 +
20.6903,terug,-250,MM0 +
20.7112,terug,-250,"#139,YAW,2.90,GYRO,-25,-57,13,ACC,16,8,138,ADC,1279,276,5,1,"
20.7112,terug,-250,MM1 ?CR
20.7113,terug,-250,MM0 ?CR
20.7113,terug,-250,MM1 CR=-58:58
20.7113,terug,-250,MM0 CR=-59:58
20.7325,terug,-250,"#140,YAW,2.90,GYRO,-20,-85,-9,ACC,-1,-28,324,ADC,1222,391,5,2,"
20.7325,terug,-250,MM1 ?A
20.7325,terug,-250,MM0 ?A
20.7325,terug,-250,MM1 A=-3:3
20.7325,terug,-250,MM0 A=0:3
20.7683,terug,-250,"#141,YAW,2.90,GYRO,55,301,-60,ACC,14,-10,242,ADC,1226,382,5,2,"
20.7683,terug,-250,"$GPRMC,130530.0,A,5050.51379,N,00419.37835,E,000.28,161.3,081026,000.4,E*55"
20.7683,terug,-250,MM1 ?AI
20.7683,terug,-250,MM0 ?AI
20.7683,terug,-250,MM1 AI=0:0:2348:2358:0:0
20.7683,terug,-250,MM0 AI=0:0:2448:2445:0:0
20.7683,terug,-250,"#142,YAW,2.90,GYRO,-63,111,-34,ACC,7,9,228,ADC,1254,381,5,1,"
20.7684,terug,-250,MM1 ?C
20.7684,terug,-250,MM0 ?C
20.7684,terug,-250,MM1 C=-459:-1530
20.7684,terug,-250,MM0 C=-600:-1324
20.7684,terug,-250,MM0 !M -242 258
20.7891,terug,-250,MM1 !M -242 258
20.7891,terug,-250,MM0 +
20.7891,terug,-250,MM1 +
20.7891,terug,-250,MM0 PING
20.7891,terug,-250,MM1 PING
20.7891,terug,-250,MM0 !M -242 258
20.7892,terug,-250,MM1 !M -242 258
20.7892,terug,-250,MM0 +
20.7892,terug,-250,MM1 +
20.7892,terug,-250,"#143,YAW,2.90,GYRO,-14,-20,-5,ACC,-7,25,200,ADC,1281,361,4,2,"
20.7892,terug,-250,MM1 ?D
20.7892,terug,-250,MM0 ?D
20.7892,terug,-250,MM1 D=49
20.7892,terug,-250,MM0 D=32
20.8101,terug,-250,"#144,YAW,2.90,GYRO,66,-179,8,ACC,-1,-20,278,ADC,1269,389,4,2,"
20.8102,terug,-250,MM0 ?FF
20.8102,terug,-250,MM1 ?FF
20.8102,terug,-250,MM0 FF=0
20.8102,terug,-250,MM1 FF=0
20.8454,terug,-250,"#145,YAW,2.90,GYRO,45,201,-39,ACC,11,-13,359,ADC,1260,383,3,1,"
20.8454,terug,-250,MM0 ?P
20.8454,terug,-250,MM1 ?P
20.8454,terug,-250,MM0 P=-242:258
20.8454,terug,-250,MM1 P=-242:258
20.8454,terug,-250,MM0 !M -243 257
20.8454,terug,-250,MM0 +
20.8454,terug,-250,MM1 !M -243 257
20.8454,terug,-250,MM1 +
20.8454,terug,-250,"#146,YAW,2.90,GYRO,-44,104,-11,ACC,15,12,199,ADC,1230,382,6,2,"
20.8454,terug,-250,MM0 ?S
20.8454,terug,-250,MM1 ?S
20.8454,terug,-250,MM0 S=-225:225
20.8454,terug,-250,MM1 S=-225:225
20.8956,terug,-250,"#147,YAW,2.90,GYRO,-10,-54,18,ACC,14,18,180,ADC,1284,501,5,1,"
20.8957,terug,-250,MM0 ?T
20.8957,terug,-250,MM1 ?T
20.8957,terug,-250,MM0 T=35:35
20.8957,terug,-250,MM1 T=36:34
20.8957,terug,-250,MM0 !M -244 256
20.8957,terug,-250,MM1 !M -244 256
20.8957,terug,-250,MM0 +
20.8957,terug,-250,MM1 +
20.8957,terug,-250,"#148,YAW,2.90,GYRO,106,-190,4,ACC,-2,-12,284,ADC,1250,318,4,1,"
20.8957,terug,-250,MM1 ?V
20.8957,terug,-250,MM0 ?V
20.8957,terug,-250,MM1 V=120:223:4898
20.8957,terug,-250,MM0 V=120:223:4904
20.8957,terug,-250,"#149,YAW,2.90,GYRO,18,163,-49,ACC,0,-20,361,ADC,1310,393,6,2,"
20.9453,terug,-250,MM0 ?CR
20.9453,terug,-250,MM1 ?CR
20.9453,terug,-250,MM0 CR=-59:58
20.9453,terug,-250,MM1 CR=-57:57
20.9453,terug,-250,"#150,YAW,2.90,GYRO,-21,194,-25,ACC,4,29,227,ADC,1222,382,3,2,"
20.9454,terug,-250,MM0 ?A
20.9454,terug,-250,MM1 ?A
20.9454,terug,-250,MM1 A=-3:3
20.9454,terug,-250,MM0 A=0:0
20.9454,terug,-250,MM1 !M -244 256
20.9454,terug,-250,MM0 !M -244 256
20.9454,terug,-250,MM1 +
20.9454,terug,-250,MM0 +
20.9454,terug,-250,"#151,YAW,2.90,GYRO,-50,-64,29,ACC,-24,31,206,ADC,1267,499,5,2,"
20.9454,terug,-250,"$GPRMC,130530.2,A,5050.51377,N,00419.37833,E,000.31,161.3,081026,000.4,E*57"
20.9454,terug,-250,MM0 ?AI
20.9454,terug,-250,MM1 ?AI
20.9954,terug,-250,MM0 AI=0:0:2438:2465:0:0
20.9954,terug,-250,MM1 AI=0:0:2352:2521:0:0
20.9954,terug,-250,"#152,YAW,2.90,GYRO,6,-167,20,ACC,-17,-12,286,ADC,1270,381,4,1,"
20.9955,terug,-250,MM0 ?C
20.9955,terug,-250,MM1 ?C
20.9955,terug,-250,MM0 C=-658:-1266
20.9955,terug,-250,MM1 C=-517:-1472
20.9956,terug,-250,MM1 !M -244 256
20.9956,terug,-250,MM0 !M -244 256
20.9956,terug,-250,MM1 +
20.9956,terug,-250,MM0 +
20.9956,terug,-250,"#153,YAW,2.90,GYRO,-60,215,-39,ACC,21,-30,307,ADC,1302,384,5,2,"
20.9957,terug,-250,MM0 ?D
20.9957,terug,-250,MM1 ?D
20.9957,terug,-250,MM0 D=19
20.9957,terug,-250,MM1 D=18
20.9957,terug,-250,"#154,YAW,2.90,GYRO,-20,203,-37,ACC,6,-3,198,ADC,1244,391,4,2,"
21.0461,terug,-250,MM0 ?FF
21.0461,terug,-250,MM1 ?FF
21.0461,terug,-250,MM0 FF=0
21.0461,terug,-250,MM1 FF=0
21.0462,terug,-250,"#155,YAW,2.90,GYRO,-55,41,1,ACC,2,19,175,ADC,1242,381,7,2,"
21.0462,terug,-250,MM0 ?P
21.0462,terug,-250,MM1 ?P
21.0462,terug,-250,MM0 P=-244:256
21.0462,terug,-250,MM1 P=-244:256
21.0462,terug,-250,"#156,YAW,2.90,GYRO,97,-137,5,ACC,13,-21,368,ADC,1243,389,5,2,"
21.0462,terug,-250,MM0 ?S
21.0462,terug,-250,MM1 ?S
21.0462,terug,-250,MM0 S=-150:225
21.0462,terug,-250,MM1 S=-225:150
21.0985,terug,-250,"#157,YAW,2.90,GYRO,-90,267,-30,ACC,9,2,309,ADC,1279,502,6,2,"
21.0985,terug,-250,MM0 ?T
21.0985,terug,-250,MM1 ?T
21.0985,terug,-250,MM0 T=35:35
21.0985,terug,-250,MM1 T=36:34
21.0985,terug,-250,MM0 !M -245 255
21.0985,terug,-250,MM1 !M -245 255
21.0985,terug,-250,MM0 +
21.0985,terug,-250,MM1 +
21.0986,terug,-250,MM0 PING
21.0986,terug,-250,MM1 PING
21.0986,terug,-250,"#158,YAW,2.90,GYRO,48,265,-21,ACC,10,-4,150,ADC,1292,500,4,2,"
21.0986,terug,-250,MM0 ?V
21.0986,terug,-250,MM1 ?V
21.0986,terug,-250,MM0 V=120:224:4905
21.0986,terug,-250,MM1 V=120:223:4900
21.0986,terug,-250,MM0 !M -245 255
21.0986,terug,-250,MM1 !M -245 255
21.0986,terug,-250,MM0 +
21.0986,terug,-250,MM1 +
21.0986,terug,-250,"#159,YAW,2.90,GYRO,-119,27,-4,ACC,-4,12,179,ADC,1218,380,4,2,"
21.0986,terug,-250,MM0 ?CR
21.0986,terug,-250,MM1 ?CR
21.0986,terug,-250,MM0 CR=-58:58
21.1502,terug,-250,MM1 CR=-59:59
21.1502,terug,-250,"#160,YAW,2.90,GYRO,97,-242,5,ACC,16,-7,312,ADC,1260,387,5,1,"
21.1503,terug,-250,MM0 ?A
21.1503,terug,-250,MM1 ?A
21.1503,terug,-250,MM0 A=-3:3
21.1503,terug,-250,MM1 A=-7:7
21.1503,terug,-250,MM0 !M -245 255
21.1503,terug,-250,MM1 !M -245 255
21.1503,terug,-250,MM0 +
21.1503,terug,-250,MM1 +
21.1503,terug,-250,"$GPRMC,130530.4,A,5050.51376,N,00419.37831,E,000.33,161.3,081026,000.4,E*50"
21.1503,terug,-250,"#161,YAW,2.90,GYRO,-23,147,-57,ACC,9,-21,308,ADC,1263,504,4,1,"
21.1503,terug,-250,MM0 ?AI
21.1503,terug,-250,MM1 ?AI
21.1503,terug,-250,MM0 AI=0:0:2451:2431:0:0
21.1503,terug,-250,MM1 AI=0:0:2403:2406:0:0
21.1995,terug,-250,"#162,YAW,2.90,GYRO,40,183,-38,ACC,3,0,247,ADC,1214,390,7,2,"
21.1995,terug,-250,MM0 ?C
21.1995,terug,-250,MM1 ?C
21.1995,terug,-250,MM0 C=-716:-1207
21.1995,terug,-250,MM1 C=-575:-1414
21.1996,terug,-250,"#163,YAW,2.90,GYRO,-68,-165,5,ACC,-14,23,217,ADC,1222,380,7,1,"
21.1996,terug,-250,MM0 ?D
21.1996,terug,-250,MM0 D=0
21.1996,terug,-250,MM1 ?D
21.1996,terug,-250,MM1 D=35
21.1996,terug,-250,MM0 !M -246 254
21.1996,terug,-250,MM0 +
21.1996,terug,-250,MM1 !M -246 254
21.1996,terug,-250,MM1 +
21.1996,terug,-250,"#164,YAW,2.90,GYRO,-63,-58,0,ACC,13,14,257,ADC,1235,386,5,1,"
21.1996,terug,-250,MM0 ?FF
21.1997,terug,-250,MM1 ?FF
21.1997,terug,-250,MM0 FF=0
21.1997,terug,-250,MM1 FF=0
21.2504,terug,-250,"#165,YAW,2.90,GYRO,-18,192,-37,ACC,29,-11,300,ADC,1259,386,5,2,"
21.2505,terug,-250,MM0 ?P
21.2505,terug,-250,MM1 ?P
21.2505,terug,-250,MM0 P=-246:254
21.2505,terug,-250,MM1 P=-246:254
21.2505,terug,-250,"#166,YAW,2.90,GYRO,11,189,-31,ACC,10,-20,269,ADC,1243,391,4,2,"
21.2505,terug,-250,MM0 ?S
21.2505,terug,-250,MM1 ?S
21.2505,terug,-250,MM0 S=-225:225
21.2505,terug,-250,MM1 S=-225:150
21.2733,terug,-250,"#167,YAW,2.90,GYRO,-50,-80,-13,ACC,1,-4,142,ADC,1248,388,5,2,"
21.2734,terug,-250,MM1 ?T
21.2734,terug,-250,MM0 ?T
21.2734,terug,-250,MM0 T=35:35
21.2734,terug,-250,MM1 T=36:34
21.2734,terug,-250,MM0 !M -246 254
21.2734,terug,-250,MM1 !M -246 254
21.2734,terug,-250,MM0 +
21.2734,terug,-250,MM1 +
21.2734,terug,-250,MM1 PING
21.2734,terug,-250,MM0 PING
21.3093,terug,-250,"#168,YAW,2.90,GYRO,-9,-85,-4,ACC,-36,45,241,ADC,1244,386,7,2,"
21.3093,terug,-250,MM0 ?V
21.3093,terug,-250,MM1 ?V
21.3093,terug,-250,MM0 V=120:224:4905
21.3093,terug,-250,MM1 V=120:224:4898
21.3093,terug,-250,"#169,YAW,2.91,GYRO,-9,231,-29,ACC,53,-6,419,ADC,1234,387,5,2,"
21.3093,terug,-250,MM0 ?CR
21.3093,terug,-250,MM1 ?CR
21.3093,terug,-250,MM0 CR=-58:59
21.3093,terug,-250,MM1 CR=-57:58
21.3494,terug,-250,"#170,YAW,2.91,GYRO,-25,154,7,ACC,-2,-5,204,ADC,1270,501,6,1,"
21.3495,terug,-250,MM0 ?A
21.3495,terug,-250,MM1 ?A
21.3495,terug,-250,MM1 A=-3:3
21.3495,terug,-250,MM0 A=0:3
21.3495,terug,-250,MM0 !M -247 253
21.3495,terug,-250,MM1 !M -247 253
21.3495,terug,-250,MM0 +
21.3495,terug,-250,MM1 +
21.3495,terug,-250,MM0 PING
21.3495,terug,-250,MM1 PING
21.3495,terug,-250,MM0 !M -248 252
21.3495,terug,-250,MM1 !M -248 252
21.3495,terug,-250,MM0 +
21.3495,terug,-250,MM1 +
21.3495,terug,-250,"$GPRMC,130530.6,A,5050.51375,N,00419.37829,E,000.34,161.3,081026,000.4,E*5F"
21.3495,terug,-250,"#171,YAW,2.90,GYRO,-47,-94,40,ACC,0,6,155,ADC,1263,396,4,2,"
21.3495,terug,-250,MM0 ?AI
21.3495,terug,-250,MM1 ?AI
21.3495,terug,-250,MM0 AI=0:0:2417:2462:0:0
21.3495,terug,-250,MM1 AI=0:0:2360:2370:0:0
21.3701,terug,-250,"#172,YAW,2.90,GYRO,51,-110,35,ACC,-14,-32,247,ADC,1233,382,6,2,"
21.3702,terug,-250,MM0 ?C
21.3702,terug,-250,MM1 ?C
21.3702,terug,-250,MM0 C=-775:-1150
21.3702,terug,-250,MM1 C=-632:-1357
21.4102,terug,-248,"#173,YAW,2.90,GYRO,1,108,-15,ACC,6,-19,366,ADC,1228,383,4,2,"
21.4103,terug,-248,MM0 ?D
21.4103,terug,-248,MM1 ?D
21.4103,terug,-248,MM0 D=19
21.4103,terug,-248,MM1 D=0
21.4103,terug,-248,MM0 !M -247 253
21.4103,terug,-248,MM1 !M -247 253
21.4103,terug,-248,MM0 +
21.4103,terug,-248,MM1 +
21.4103,terug,-248,"#174,YAW,2.90,GYRO,6,115,-27,ACC,12,20,221,ADC,1268,389,5,2,"
21.4103,terug,-248,MM0 ?FF
21.4103,terug,-248,MM1 ?FF
21.4103,terug,-248,MM0 FF=0
21.4104,terug,-248,MM1 FF=0
21.4439,terug,-248,"#175,YAW,2.90,GYRO,-83,-4,-3,ACC,6,42,224,ADC,1242,380,4,2,"
21.4439,terug,-248,MM0 ?P
21.4439,terug,-248,MM1 ?P
21.4439,terug,-248,MM0 P=-247:253
21.4439,terug,-248,MM1 P=-247:253
21.4439,terug,-248,"#176,YAW,2.90,GYRO,55,-183,3,ACC,-9,-17,257,ADC,1254,389,4,2,"
21.4440,terug,-248,MM0 ?S
21.4440,terug,-248,MM1 ?S
21.4440,terug,-248,MM0 S=-225:150
21.4440,terug,-248,MM1 S=-225:150
21.4652,terug,-238,"#177,YAW,2.91,GYRO,-114,-63,-45,ACC,16,-4,358,ADC,1276,504,4,2,"
21.4652,terug,-238,MM0 ?T
21.4652,terug,-238,MM1 ?T
21.4652,terug,-238,MM0 T=35:35
21.4652,terug,-238,MM1 T=36:34
21.4652,terug,-238,MM0 !M -245 251
21.4653,terug,-238,MM1 !M -245 251
21.4653,terug,-238,MM0 +
21.4653,terug,-238,MM1 +
21.4653,terug,-238,MM0 PING
21.4653,terug,-238,MM1 PING
21.4996,terug,-238,"#178,YAW,2.91,GYRO,63,319,-53,ACC,-4,-24,158,ADC,1278,383,7,2,"
21.4997,terug,-238,MM0 ?V
21.4997,terug,-238,MM1 ?V
21.4997,terug,-238,MM0 V=120:223:4906
21.4997,terug,-238,MM1 V=120:222:4899
21.4997,terug,-238,MM0 !M -235 241
21.4997,terug,-238,MM1 !M -235 241
21.4997,terug,-238,MM0 +
21.4997,terug,-238,MM1 +
21.4997,terug,-238,"#179,YAW,2.91,GYRO,-47,217,-18,ACC,-24,36,229,ADC,1261,400,4,1,"
21.4997,terug,-238,MM0 ?CR
21.4997,terug,-238,MM1 ?CR
21.4997,terug,-238,MM0 CR=-58:57
21.5513,terug,-230,MM1 CR=-58:57
21.5513,terug,-230,"#180,YAW,2.91,GYRO,-57,-221,17,ACC,21,28,248,ADC,1242,500,5,2,"
21.5513,terug,-230,MM0 ?A
21.5513,terug,-230,MM1 ?A
21.5513,terug,-230,MM1 A=-3:4
21.5513,terug,-230,MM0 A=0:0
21.5513,terug,-230,MM0 !M -229 231
21.5513,terug,-230,MM1 !M -229 231
21.5513,terug,-230,MM0 +
21.5513,terug,-230,MM1 +
21.5513,terug,-230,"$GPRMC,130530.8,A,5050.51373,N,00419.37827,E,000.35,161.3,081026,000.4,E*58"
21.5513,terug,-230,"#181,YAW,2.91,GYRO,-63,115,-24,ACC,10,9,407,ADC,1208,380,6,2,"
21.5514,terug,-230,MM0 ?AI
21.5514,terug,-230,MM1 ?AI
21.5514,terug,-230,MM0 AI=0:0:2445:2455:0:0
21.5514,terug,-230,MM1 AI=0:0:2359:2364:0:0
21.6022,terug,-224,"#182,YAW,2.91,GYRO,136,313,-9,ACC,3,-36,170,ADC,1246,390,4,1,"
21.6023,terug,-224,MM0 ?C
21.6023,terug,-224,MM1 ?C
21.6023,terug,-224,MM0 C=-832:-1092
21.6023,terug,-224,MM1 C=-689:-1299
21.6024,terug,-224,"#183,YAW,2.91,GYRO,-96,54,-1,ACC,-13,-67,324,ADC,1261,500,6,2,"
21.6024,terug,-224,MM0 ?D
21.6024,terug,-224,MM1 ?D
21.6024,terug,-224,MM0 D=33
21.6024,terug,-224,MM1 D=50
21.6024,terug,-224,"#184,YAW,2.91,GYRO,-6,-186,4,ACC,-3,5,185,ADC,1240,392,4,2,"
21.6024,terug,-224,MM0 ?FF
21.6024,terug,-224,MM1 ?FF
21.6024,terug,-224,MM0 FF=0
21.6025,terug,-224,MM1 FF=0
21.6523,terug,-216,"#185,YAW,2.91,GYRO,-55,10,-19,ACC,10,27,381,ADC,1279,500,5,1,"
21.6523,terug,-216,MM0 ?P
21.6523,terug,-216,MM0 P=-229:231
21.6523,terug,-216,MM1 ?P
21.6523,terug,-216,MM1 P=-229:231
21.6523,terug,-216,MM0 !M -223 225
21.6523,terug,-216,MM1 !M -223 225
21.6523,terug,-216,MM0 +
21.6524,terug,-216,MM1 +
21.6524,terug,-216,MM0 PING
21.6524,terug,-216,MM1 PING
21.6524,terug,-216,"#186,YAW,2.91,GYRO,118,347,5,ACC,40,-32,218,ADC,1200,382,6,1,"
21.6524,terug,-216,MM0 ?S
21.6524,terug,-216,MM1 ?S
21.6524,terug,-216,MM1 S=-225:225
21.6524,terug,-216,MM0 S=-225:150
21.7022,terug,-210,"#187,YAW,2.91,GYRO,-148,-16,49,ACC,16,-3,317,ADC,1280,501,8,2,"
21.7023,terug,-210,MM0 ?T
21.7023,terug,-210,MM1 ?T
21.7023,terug,-210,MM0 T=35:35
21.7023,terug,-210,MM1 T=36:34
21.7023,terug,-210,MM0 !M -215 217
21.7023,terug,-210,MM1 !M -215 217
21.7023,terug,-210,MM0 +
21.7023,terug,-210,MM1 +
21.7023,terug,-210,MM0 PING
21.7023,terug,-210,MM1 PING
21.7023,terug,-210,"#188,YAW,2.90,GYRO,45,-82,47,ACC,-8,-1,217,ADC,1264,388,8,2,"
21.7023,terug,-210,MM0 ?V
21.7023,terug,-210,MM1 ?V
21.7023,terug,-210,MM0 V=120:223:4906
21.7023,terug,-210,MM1 V=120:223:4898
21.7023,terug,-210,"#189,YAW,2.90,GYRO,-73,-18,21,ACC,26,-19,341,ADC,1237,379,5,2,"
21.7023,terug,-210,MM0 ?CR
21.7023,terug,-210,MM1 ?CR
21.7023,terug,-210,MM0 CR=-56:55
21.7024,terug,-210,MM1 CR=-55:55
21.7540,terug,-202,"#190,YAW,2.90,GYRO,-9,176,-13,ACC,10,-8,254,ADC,1249,398,6,2,"
21.7540,terug,-202,MM0 ?A
21.7541,terug,-202,MM0 A=0:0
21.7541,terug,-202,MM1 ?A
21.7541,terug,-202,MM1 A=0:0
21.7541,terug,-202,MM1 !M -210 210
21.7541,terug,-202,MM0 !M -210 210
21.7541,terug,-202,MM1 +
21.7541,terug,-202,MM0 +
21.7541,terug,-202,MM0 PING
21.7541,terug,-202,MM1 PING
21.7541,terug,-202,"$GPRMC,130531.0,A,5050.51372,N,00419.37824,E,000.31,161.3,081026,000.4,E*57"
21.7541,terug,-202,"#191,YAW,2.90,GYRO,-131,33,5,ACC,26,8,245,ADC,1262,496,7,1,"
21.7541,terug,-202,MM0 ?AI
21.7541,terug,-202,MM1 ?AI
21.7541,terug,-202,MM0 AI=0:0:2432:2455:0:0
21.7541,terug,-202,MM1 AI=0:0:2342:2372:0:0
21.8047,terug,-196,"#192,YAW,2.90,GYRO,1,-8,2,ACC,1,-9,190,ADC,1236,381,4,1,"
21.8048,terug,-196,MM0 ?C
21.8048,terug,-196,MM1 ?C
21.8048,terug,-196,MM0 C=-887:-1038
21.8048,terug,-196,MM1 C=-743:-1245
21.8049,terug,-196,MM0 !M -200 204
21.8049,terug,-196,MM1 !M -200 204
21.8049,terug,-196,MM0 +
21.8049,terug,-196,MM1 +
21.8049,terug,-196,MM0 PING
21.8049,terug,-196,MM1 PING
21.8049,terug,-196,"#193,YAW,2.90,GYRO,-22,-76,-11,ACC,-4,-19,337,ADC,1214,382,5,1,"
21.8049,terug,-196,MM0 ?D
21.8049,terug,-196,MM1 ?D
21.8049,terug,-196,MM1 D=33
21.8049,terug,-196,MM0 D=3
21.8049,terug,-196,"#194,YAW,2.91,GYRO,82,213,-67,ACC,20,-22,220,ADC,1227,387,4,2,"
21.8050,terug,-196,MM0 ?FF
21.8050,terug,-196,MM1 ?FF
21.8050,terug,-196,MM0 FF=0
21.8050,terug,-196,MM1 FF=0
21.8254,terug,-188,"#195,YAW,2.91,GYRO,-62,87,-50,ACC,8,20,282,ADC,1274,404,5,2,"
21.8255,terug,-188,MM0 ?P
21.8255,terug,-188,MM1 ?P
21.8255,terug,-188,MM0 P=-200:204
21.8255,terug,-188,MM1 P=-200:204
21.8255,terug,-188,MM0 !M -194 198
21.8255,terug,-188,MM1 !M -194 198
21.8255,terug,-188,MM0 +
21.8255,terug,-188,MM1 +
21.8255,terug,-188,MM0 PING
21.8255,terug,-188,MM1 PING
21.8589,terug,-185,"#196,YAW,2.91,GYRO,-18,55,-14,ACC,13,14,252,ADC,1262,385,5,1,"
21.8590,terug,-185,MM0 ?S
21.8590,terug,-185,MM1 ?S
21.8590,terug,-185,MM0 S=-150:150
21.8590,terug,-185,MM1 S=-150:225
21.8590,terug,-185,MM0 !M -188 188
21.8590,terug,-185,MM1 !M -188 188
21.8590,terug,-185,MM0 +
21.8590,terug,-185,MM1 +
21.8590,terug,-185,"#197,YAW,2.91,GYRO,20,-119,14,ACC,2,-3,223,ADC,1238,380,7,1,"
21.8590,terug,-185,MM0 ?T
21.8590,terug,-185,MM1 ?T
21.8590,terug,-185,MM0 T=35:35
21.8590,terug,-185,MM1 T=36:34
21.8970,terug,-185,MM0 !M -185 185
21.8970,terug,-185,MM1 !M -185 185
21.8970,terug,-185,MM0 +
21.8970,terug,-185,MM1 +
21.8970,terug,-185,"#198,YAW,2.91,GYRO,80,-17,-14,ACC,14,-9,302,ADC,1301,334,4,1,"
21.8971,terug,-185,MM0 ?V
21.8971,terug,-185,MM1 ?V
21.8971,terug,-185,MM0 V=120:225:4904
21.8971,terug,-185,MM1 V=120:223:4898
21.9151,terug,-176,"#199,YAW,2.91,GYRO,-8,151,-29,ACC,20,2,287,ADC,1252,393,6,1,"
21.9152,terug,-176,MM0 ?CR
21.9152,terug,-176,MM1 ?CR
21.9152,terug,-176,MM0 CR=-51:50
21.9152,terug,-176,MM1 CR=-50:50
21.9539,terug,-176,"#200,YAW,2.91,GYRO,-34,71,1,ACC,21,27,237,ADC,1214,389,6,1,"
21.9540,terug,-176,MM0 ?A
21.9540,terug,-176,MM1 ?A
21.9540,terug,-176,MM0 A=0:0
21.9540,terug,-176,MM1 A=0:0
21.9540,terug,-176,MM0 !M -176 176
21.9540,terug,-176,MM1 !M -176 176
21.9540,terug,-176,MM0 +
21.9540,terug,-176,MM1 +
21.9540,terug,-176,"$GPRMC,130531.2,A,5050.51371,N,00419.37822,E,000.28,161.3,081026,000.4,E*58"
21.9540,terug,-176,"#201,YAW,2.91,GYRO,-20,24,28,ACC,16,13,226,ADC,1243,308,5,1,"
21.9540,terug,-176,MM0 ?AI
21.9540,terug,-176,MM1 ?AI
21.9540,terug,-176,MM0 AI=0:0:2424:2431:0:0
21.9540,terug,-176,MM1 AI=0:0:2372:2362:0:0
21.9702,terug,-166,"#202,YAW,2.91,GYRO,23,-115,28,ACC,11,-22,262,ADC,1246,384,5,2,"
21.9702,terug,-166,MM0 ?C
21.9702,terug,-166,MM1 ?C
21.9703,terug,-166,MM1 C=-792:-1197
21.9703,terug,-166,MM0 C=-935:-990
22.0059,terug,-166,"#203,YAW,2.91,GYRO,70,0,-15,ACC,18,-27,264,ADC,1223,381,4,1,"
22.0059,terug,-166,MM0 ?D
22.0059,terug,-166,MM1 ?D
22.0059,terug,-166,MM0 D=35
22.0059,terug,-166,MM1 D=51
22.0059,terug,-166,MM1 !M -166 166
22.0059,terug,-166,MM0 !M -166 166
22.0059,terug,-166,MM1 +
22.0060,terug,-166,MM0 +
22.0060,terug,-166,"#204,YAW,2.91,GYRO,35,155,-53,ACC,28,-2,277,ADC,1289,398,6,3,"
22.0060,terug,-166,MM0 ?FF
22.0060,terug,-166,MM1 ?FF
22.0060,terug,-166,MM0 FF=0
22.0060,terug,-166,MM1 FF=0
22.0564,terug,-159,"#205,YAW,2.91,GYRO,-35,83,-24,ACC,33,34,274,ADC,1264,383,5,2,"
22.0564,terug,-159,MM0 ?P
22.0564,terug,-159,MM1 ?P
22.0564,terug,-159,MM0 P=-166:166
22.0564,terug,-159,MM1 P=-166:166
22.0564,terug,-159,MM0 !M -160 158
22.0564,terug,-159,MM1 !M -160 158
22.0564,terug,-159,MM0 +
22.0564,terug,-159,MM1 +
22.0564,terug,-159,"#206,YAW,2.91,GYRO,-31,51,17,ACC,20,18,249,ADC,1300,333,4,2,"
22.0565,terug,-159,MM0 ?S
22.0565,terug,-159,MM1 ?S
22.0565,terug,-159,MM0 S=-150:150
22.0565,terug,-159,MM1 S=-150:150
22.0565,terug,-159,"#207,YAW,2.91,GYRO,-50,-61,44,ACC,8,-4,227,ADC,1226,380,4,1,"
22.1061,terug,-150,MM0 ?T
22.1061,terug,-150,MM1 ?T
22.1061,terug,-150,MM0 T=35:35
22.1061,terug,-150,MM1 T=36:34
22.1061,terug,-150,"#208,YAW,2.91,GYRO,45,-36,23,ACC,15,-25,280,ADC,1281,383,5,1,"
22.1062,terug,-150,MM0 ?V
22.1062,terug,-150,MM1 ?V
22.1062,terug,-150,MM0 V=120:221:4905
22.1062,terug,-150,MM1 V=120:223:4898
22.1062,terug,-150,"#209,YAW,2.91,GYRO,-19,116,-35,ACC,17,-4,289,ADC,1249,397,4,2,"
22.1062,terug,-150,MM0 ?CR
22.1062,terug,-150,MM1 ?CR
22.1062,terug,-150,MM0 CR=-43:43
22.1062,terug,-150,MM1 CR=-44:43
22.1590,terug,-144,"#210,YAW,2.91,GYRO,-29,123,-37,ACC,22,18,242,ADC,1299,502,5,2,"
22.1590,terug,-144,MM0 ?A
22.1590,terug,-144,MM1 ?A
22.1590,terug,-144,MM0 A=0:0
22.1590,terug,-144,MM1 A=0:0
22.1590,terug,-144,MM0 !M -150 150
22.1590,terug,-144,MM1 !M -150 150
22.1590,terug,-144,MM0 +
22.1590,terug,-144,MM1 +
22.1590,terug,-144,MM1 PING
22.1590,terug,-144,MM0 PING
22.1590,terug,-144,"$GPRMC,130531.4,A,5050.51370,N,00419.37820,E,000.25,161.3,081026,000.4,E*50"
22.1590,terug,-144,"#211,YAW,2.91,GYRO,-45,116,-14,ACC,28,28,248,ADC,1279,348,5,2,"
22.1591,terug,-144,MM0 !M -144 144
22.1591,terug,-144,MM0 +
22.1591,terug,-144,MM1 !M -144 144
22.1591,terug,-144,MM1 +
22.1591,terug,-144,MM0 ?AI
22.1591,terug,-144,MM1 ?AI
22.1591,terug,-144,MM0 AI=0:0:2499:2446:0:0
22.1591,terug,-144,MM1 AI=0:0:2345:2368:0:0
22.1591,terug,-144,"#212,YAW,2.91,GYRO,-28,33,14,ACC,29,2,252,ADC,1229,284,5,1,"
22.1592,terug,-144,MM0 ?C
22.1592,terug,-144,MM1 ?C
22.2071,terug,-136,MM1 C=-833:-1156
22.2071,terug,-136,MM0 C=-977:-949
22.2073,terug,-136,"#213,YAW,2.91,GYRO,-17,-93,23,ACC,2,-14,211,ADC,1307,401,4,2,"
22.2073,terug,-136,MM0 ?D
22.2073,terug,-136,MM1 ?D
22.2073,terug,-136,MM1 D=49
22.2073,terug,-136,MM0 D=3
22.2073,terug,-136,"#214,YAW,2.91,GYRO,75,23,4,ACC,12,-21,321,ADC,1216,383,5,1,"
22.2073,terug,-136,MM0 ?FF
22.2073,terug,-136,MM1 ?FF
22.2073,terug,-136,MM0 FF=0
22.2073,terug,-136,MM1 FF=0
22.2624,terug,-129,"#215,YAW,2.91,GYRO,-43,98,-34,ACC,18,8,266,ADC,1220,500,7,2,"
22.2625,terug,-129,MM0 ?P
22.2625,terug,-129,MM1 ?P
22.2625,terug,-129,MM0 P=-144:144
22.2625,terug,-129,MM1 P=-144:144
22.2625,terug,-129,MM0 !M -137 135
22.2625,terug,-129,MM1 !M -137 135
22.2625,terug,-129,MM0 +
22.2625,terug,-129,MM1 +
22.2625,terug,-129,MM0 PING
22.2625,terug,-129,MM1 PING
22.2625,terug,-129,"#216,YAW,2.91,GYRO,-20,93,-24,ACC,13,24,235,ADC,1226,380,5,1,"
22.2625,terug,-129,MM0 !M -130 128
22.2625,terug,-129,MM0 +
22.2625,terug,-129,MM1 !M -130 128
22.2625,terug,-129,MM1 +
22.2625,terug,-129,MM0 ?S
22.2625,terug,-129,MM1 ?S
22.2625,terug,-129,MM0 S=-150:150
22.2625,terug,-129,MM1 S=-150:75
22.2625,terug,-129,"#217,YAW,2.91,GYRO,-57,162,-5,ACC,26,13,242,ADC,1292,495,5,2,"
22.2625,terug,-129,MM0 ?T
22.2625,terug,-129,MM1 ?T
22.2973,terug,-129,MM0 T=35:35
22.2973,terug,-129,MM1 T=36:34
22.2973,terug,-129,MM0 !M -130 128
22.2973,terug,-129,MM1 !M -130 128
22.2973,terug,-129,"#218,YAW,2.91,GYRO,-38,102,13,ACC,24,-8,276,ADC,1229,379,5,2,"
22.2974,terug,-129,MM0 +
22.2974,terug,-129,MM1 +
22.2974,terug,-129,MM0 ?V
22.2974,terug,-129,MM1 ?V
22.2974,terug,-129,MM0 V=120:227:4906
22.2974,terug,-129,MM1 V=120:224:4898
22.2974,terug,-129,"#219,YAW,2.91,GYRO,-40,-19,21,ACC,8,-20,252,ADC,1244,387,6,2,"
22.2974,terug,-129,MM0 ?CR
22.2974,terug,-129,MM1 ?CR
22.3181,terug,-114,MM0 CR=-36:37
22.3181,terug,-114,MM1 CR=-36:36
22.3181,terug,-114,"#220,YAW,2.91,GYRO,1,-2,5,ACC,11,-4,237,ADC,1273,499,6,3,"
22.3181,terug,-114,MM0 ?A
22.3181,terug,-114,MM1 ?A
22.3181,terug,-114,MM0 A=0:0
22.3181,terug,-114,MM1 A=0:0
22.3523,terug,-114,MM0 !M -115 113
22.3523,terug,-114,MM1 !M -115 113
22.3523,terug,-114,MM0 +
22.3523,terug,-114,MM1 +
22.3523,terug,-114,"$GPRMC,130531.6,A,5050.51369,N,00419.37818,E,000.22,161.3,081026,000.4,E*56"
22.3523,terug,-114,"#221,YAW,2.91,GYRO,6,6,-22,ACC,6,8,262,ADC,1247,382,6,2,"
22.3523,terug,-114,MM0 ?AI
22.3523,terug,-114,MM1 ?AI
22.3523,terug,-114,MM0 AI=0:0:2442:2444:0:0
22.3523,terug,-114,MM1 AI=0:0:2363:2351:0:0
22.3732,terug,-107,"#222,YAW,2.91,GYRO,-8,34,-53,ACC,30,14,285,ADC,1230,387,5,1,"
22.3732,terug,-107,MM0 ?C
22.3732,terug,-107,MM1 ?C
22.3732,terug,-107,MM0 C=-1010:-915
22.3733,terug,-107,MM1 C=-867:-1122
22.4071,terug,-107,"#223,YAW,2.91,GYRO,28,101,-54,ACC,16,8,227,ADC,1242,383,5,2,"
22.4071,terug,-107,MM0 ?D
22.4071,terug,-107,MM1 ?D
22.4071,terug,-107,MM0 D=17
22.4071,terug,-107,MM1 D=0
22.4071,terug,-107,"#224,YAW,2.91,GYRO,-59,23,-14,ACC,22,4,283,ADC,1275,500,4,2,"
22.4071,terug,-107,MM1 ?FF
22.4071,terug,-107,MM0 ?FF
22.4071,terug,-107,MM1 FF=0
22.4071,terug,-107,MM0 FF=0
22.4657,terug,-99,"#225,YAW,2.91,GYRO,-31,67,17,ACC,22,4,279,ADC,1270,386,4,2,"
22.4658,terug,-99,MM0 ?P
22.4658,terug,-99,MM1 ?P
22.4658,terug,-99,MM0 P=-115:113
22.4658,terug,-99,MM1 P=-115:113
22.4658,terug,-99,MM0 !M -109 105
22.4658,terug,-99,MM1 !M -109 105
22.4658,terug,-99,MM0 +
22.4658,terug,-99,MM1 +
22.4658,terug,-99,MM0 PING
22.4658,terug,-99,MM1 PING
22.4658,terug,-99,"#226,YAW,2.91,GYRO,-31,52,36,ACC,14,-3,228,ADC,1268,502,4,2,"
22.4658,terug,-99,MM0 ?S
22.4658,terug,-99,MM1 ?S
22.4658,terug,-99,MM0 S=-75:75
22.4658,terug,-99,MM1 S=-75:75
22.4658,terug,-99,MM0 !M -103 95
22.4658,terug,-99,MM1 !M -103 95
22.4658,terug,-99,MM0 +
22.4658,terug,-99,MM1 +
22.4658,terug,-99,"#227,YAW,2.91,GYRO,-28,-9,23,ACC,24,-5,248,ADC,1248,391,5,2,"
22.4659,terug,-99,MM0 ?T
22.4659,terug,-99,MM1 ?T
22.4659,terug,-99,MM0 T=35:35
22.4659,terug,-99,MM1 T=36:34
22.5001,terug,-99,"#228,YAW,2.91,GYRO,-40,0,1,ACC,17,2,294,ADC,1241,391,5,1,"
22.5001,terug,-99,MM0 ?V
22.5001,terug,-99,MM1 ?V
22.5001,terug,-99,MM0 V=120:223:4905
22.5001,terug,-99,MM1 V=120:224:4899
22.5001,terug,-99,MM0 !M -103 95
22.5001,terug,-99,MM1 !M -103 95
22.5001,terug,-99,MM0 +
22.5001,terug,-99,MM1 +
22.5001,terug,-99,"#229,YAW,2.91,GYRO,-6,54,-23,ACC,20,4,242,ADC,1255,398,7,2,"
22.5002,terug,-99,MM1 ?CR
22.5002,terug,-99,MM0 ?CR
22.5002,terug,-99,MM1 CR=-28:29
22.5002,terug,-99,MM0 CR=-29:28
22.5210,terug,-83,"#230,YAW,2.91,GYRO,-15,52,-50,ACC,6,4,253,ADC,1235,382,5,2,"
22.5211,terug,-83,MM0 ?A
22.5211,terug,-83,MM1 ?A
22.5211,terug,-83,MM0 A=0:0
22.5211,terug,-83,MM1 A=0:0
22.5567,terug,-83,MM0 !M -86 80
22.5567,terug,-83,MM1 !M -86 80
22.5567,terug,-83,MM0 +
22.5567,terug,-83,"$GPRMC,130531.8,A,5050.51369,N,00419.37817,E,000.19,161.3,081026,000.4,E*5F"
22.5567,terug,-83,MM1 +
22.5567,terug,-83,"#231,YAW,2.91,GYRO,-29,96,-54,ACC,23,3,255,ADC,1285,322,4,1,"
22.5568,terug,-83,MM0 ?AI
22.5568,terug,-83,MM1 ?AI
22.5568,terug,-83,MM0 AI=0:0:2445:2457:0:0
22.5568,terug,-83,MM1 AI=0:0:2381:2367:0:0
22.5568,terug,-83,"#232,YAW,2.91,GYRO,-10,41,-19,ACC,20,9,260,ADC,1292,302,5,2,"
22.5760,terug,-73,MM0 ?C
22.5760,terug,-73,MM1 ?C
22.5760,terug,-73,MM0 C=-1037:-888
22.5761,terug,-73,MM1 C=-893:-1096
22.5762,terug,-73,"#233,YAW,2.91,GYRO,-8,70,11,ACC,36,-1,250,ADC,1227,385,3,2,"
22.6102,terug,-73,MM0 ?D
22.6102,terug,-73,MM1 ?D
22.6102,terug,-73,MM0 D=34
22.6102,terug,-73,MM1 D=18
22.6102,terug,-73,MM1 !M -78 68
22.6102,terug,-73,MM0 !M -78 68
22.6102,terug,-73,MM1 +
22.6102,terug,-73,MM0 +
22.6102,terug,-73,"#234,YAW,2.91,GYRO,-22,111,21,ACC,21,-2,271,ADC,1247,382,5,2,"
22.6103,terug,-73,MM1 ?FF
22.6103,terug,-73,MM0 ?FF
22.6103,terug,-73,MM1 FF=0
22.6103,terug,-73,MM0 FF=0
22.6623,terug,-67,"#235,YAW,2.91,GYRO,-25,26,23,ACC,25,-4,243,ADC,1243,502,5,2,"
22.6624,terug,-67,MM1 ?P
22.6624,terug,-67,MM0 ?P
22.6624,terug,-67,MM1 P=-78:68
22.6624,terug,-67,MM0 P=-78:68
22.6624,terug,-67,"#236,YAW,2.91,GYRO,-26,32,10,ACC,20,4,249,ADC,1216,381,7,2,"
22.6626,terug,-67,MM1 ?S
22.6626,terug,-67,MM0 ?S
22.6626,terug,-67,MM1 S=0:75
22.6626,terug,-67,MM0 S=-75:75
22.6626,terug,-67,MM1 !M -71 63
22.6626,terug,-67,MM0 !M -71 63
22.6626,terug,-67,MM1 +
22.6626,terug,-67,MM0 +
22.6626,terug,-67,"#237,YAW,2.91,GYRO,-16,58,-8,ACC,19,2,273,ADC,1274,503,6,2,"
22.6627,terug,-67,MM1 ?T
22.6627,terug,-67,MM0 ?T
22.6627,terug,-67,MM1 T=36:34
22.6627,terug,-67,MM0 T=35:35
22.6820,terug,-60,"#238,YAW,2.91,GYRO,-17,5,-15,ACC,16,-10,265,ADC,1233,396,8,2,"
22.6820,terug,-60,MM1 ?V
22.6820,terug,-60,MM0 ?V
22.6820,terug,-60,MM1 V=120:224:4899
22.6820,terug,-60,MM0 V=120:222:4906
22.7159,terug,-60,MM1 !M -64 56
22.7159,terug,-60,MM0 !M -64 56
22.7159,terug,-60,MM1 +
22.7159,terug,-60,MM0 +
22.7159,terug,-60,"#239,YAW,2.91,GYRO,-12,13,-17,ACC,11,6,254,ADC,1248,393,5,2,"
22.7160,terug,-60,MM1 ?CR
22.7160,terug,-60,MM0 ?CR
22.7160,terug,-60,MM1 CR=-21:20
22.7160,terug,-60,MM0 CR=-21:21
22.7160,terug,-60,"#240,YAW,2.91,GYRO,-3,57,-19,ACC,21,12,261,ADC,1255,498,5,2,"
22.7503,terug,-60,MM1 ?A
22.7503,terug,-60,MM0 ?A
22.7503,terug,-60,MM1 A=0:0
22.7503,terug,-60,MM0 A=0:0
22.7503,terug,-60,MM0 !M -65 55
22.7503,terug,-60,MM1 !M -65 55
22.7503,terug,-60,MM0 +
22.7503,terug,-60,MM1 +
22.7503,terug,-60,"$GPRMC,130532.0,A,5050.51369,N,00419.37815,E,000.16,161.3,081026,000.4,E*59"
22.7503,terug,-60,"#241,YAW,2.91,GYRO,9,47,-25,ACC,21,12,266,ADC,1236,316,5,1,"
22.7503,terug,-60,MM1 ?AI
22.7503,terug,-60,MM0 ?AI
22.7503,terug,-60,MM1 AI=0:0:2359:2364:0:0
22.7503,terug,-60,MM0 AI=0:0:2426:2567:0:0
22.7728,terug,-60,"#242,YAW,2.91,GYRO,12,62,-25,ACC,23,2,256,ADC,1199,380,3,2,"
22.7729,terug,-60,MM1 ?C
22.7729,terug,-60,MM0 ?C
22.7729,terug,-60,MM1 C=-911:-1078
22.7729,terug,-60,MM0 C=-1056:-870
22.8071,terug,-60,"#243,YAW,2.91,GYRO,-9,52,-15,ACC,11,5,264,ADC,1252,388,6,1,"
22.8073,terug,-60,MM1 ?D
22.8073,terug,-60,MM0 ?D
22.8073,terug,-60,MM1 D=33
22.8073,terug,-60,MM0 D=1
22.8073,terug,-60,MM1 !M -66 54
22.8073,terug,-60,MM0 !M -66 54
22.8073,terug,-60,MM1 +
22.8073,terug,-60,MM0 +
22.8073,terug,-60,"#244,YAW,2.91,GYRO,1,35,-5,ACC,11,8,263,ADC,1236,383,6,2,"
22.8073,terug,-60,MM1 ?FF
22.8073,terug,-60,MM0 ?FF
22.8073,terug,-60,MM1 FF=0
22.8073,terug,-60,MM0 FF=0
22.8282,terug,-60,"#245,YAW,2.91,GYRO,-7,75,11,ACC,21,7,251,ADC,1250,386,8,3,"
22.8282,terug,-60,MM1 ?P
22.8282,terug,-60,MM0 ?P
22.8282,terug,-60,MM1 P=-66:54
22.8282,terug,-60,MM0 P=-66:54
22.8638,terug,-60,"#246,YAW,2.91,GYRO,2,61,27,ACC,15,0,254,ADC,1256,393,4,1,"
22.8638,terug,-60,MM1 ?S
22.8638,terug,-60,MM0 ?S
22.8638,terug,-60,MM0 S=0:75
22.8638,terug,-60,MM1 S=-75:0
22.8638,terug,-60,MM1 !M -66 54
22.8638,terug,-60,MM0 !M -66 54
22.8638,terug,-60,MM1 +
22.8638,terug,-60,MM0 +
22.8639,terug,-60,"#247,YAW,2.91,GYRO,3,81,11,ACC,17,-8,269,ADC,1244,389,4,1,"
22.8639,terug,-60,MM1 ?T
22.8639,terug,-60,MM0 ?T
22.8639,terug,-60,MM1 T=36:34
22.8639,terug,-60,MM0 T=35:35
22.9144,terug,-60,"#248,YAW,2.91,GYRO,-12,58,-7,ACC,25,4,249,ADC,1267,395,7,2,"
22.9144,terug,-60,MM1 ?V
22.9144,terug,-60,MM0 ?V
22.9144,terug,-60,MM1 V=120:219:4899
22.9144,terug,-60,MM0 V=120:224:4905
22.9144,terug,-60,MM0 !M -65 55
22.9144,terug,-60,MM1 !M -65 55
22.9144,terug,-60,MM0 +
22.9144,terug,-60,MM1 +
22.9144,terug,-60,"#249,YAW,2.91,GYRO,-10,69,-14,ACC,18,4,255,ADC,1256,289,4,2,"
22.9144,terug,-60,MM1 ?CR
22.9144,terug,-60,MM0 ?CR
22.9144,terug,-60,MM1 CR=-14:14
22.9144,terug,-60,MM0 CR=-14:13
22.9824,terug,0,"#250,YAW,2.91,GYRO,-4,83,-5,ACC,13,6,264,ADC,1287,395,5,2,"
22.9825,terug,0,MM1 ?A
22.9825,terug,0,MM0 ?A
22.9825,terug,0,MM1 A=0:0
22.9825,terug,0,MM0 A=0:0
22.9825,terug,0,"$GPRMC,130532.2,A,5050.51368,N,00419.37814,E,000.14,161.3,081026,000.4,E*59"
22.9825,terug,0,"#251,YAW,2.91,GYRO,-21,27,-6,ACC,5,0,241,ADC,1249,319,4,2,"
22.9825,terug,0,MM1 ?AI
22.9825,terug,0,MM0 ?AI
22.9825,terug,0,MM1 AI=0:0:2358:2364:0:0
22.9825,terug,0,MM0 AI=0:0:2444:2441:0:0
22.9825,terug,0,MM0 !M 0 0
22.9825,terug,0,MM1 !M 0 0
22.9825,terug,0,MM0 +
22.9825,terug,0,MM1 +
22.9825,terug,0,"#252,YAW,2.91,GYRO,-8,68,-3,ACC,23,-3,265,ADC,1264,386,5,1,"
22.9825,terug,0,MM1 ?C
22.9825,terug,0,MM0 ?C
22.9825,terug,0,MM1 C=-923:-1066
22.9826,terug,0,MM0 C=-1068:-859
23.0199,terug,0,"#253,YAW,2.91,GYRO,-37,17,-20,ACC,19,-3,248,ADC,1248,394,6,2,"
23.0199,terug,0,MM1 ?D
23.0199,terug,0,MM0 ?D
23.0199,terug,0,MM0 D=59
23.0199,terug,0,MM1 D=2
23.0199,terug,0,MM1 !M 0 0
23.0199,terug,0,MM0 !M 0 0
23.0199,terug,0,MM1 +
23.0199,terug,0,MM0 +
23.0199,terug,0,"#254,YAW,2.91,GYRO,-2,13,-50,ACC,40,4,280,ADC,1209,305,4,2,"
23.0200,terug,0,MM1 ?FF
23.0200,terug,0,MM0 ?FF
23.0200,terug,0,MM1 FF=0
23.0200,terug,0,MM0 FF=0
23.0200,terug,0,"#255,YAW,2.91,GYRO,-22,63,-31,ACC,37,0,245,ADC,1235,384,5,2,"
23.0200,terug,0,MM1 ?P
23.0573,terug,0,MM0 ?P
23.0573,terug,0,MM1 P=0:0
23.0573,terug,0,MM0 P=0:0
23.0573,terug,0,MM0 !M 0 0
23.0573,terug,0,MM1 !M 0 0
23.0574,terug,0,MM0 +
23.0574,terug,0,MM1 +
23.0574,terug,0,"#0,YAW,2.91,GYRO,-5,61,-17,ACC,26,5,260,ADC,1245,321,5,2,"
23.0574,terug,0,MM1 ?S
23.0574,terug,0,MM0 ?S
23.0574,terug,0,MM1 S=0:0
23.0574,terug,0,MM0 S=0:0
23.0574,terug,0,"#1,YAW,2.91,GYRO,-16,52,0,ACC,23,2,267,ADC,1231,503,4,1,"
23.0574,terug,0,MM1 ?T
23.0574,terug,0,MM0 ?T
23.0574,terug,0,MM1 T=36:34
23.0896,terug,0,MM0 T=35:35
23.0897,terug,0,"#2,YAW,2.91,GYRO,-11,37,4,ACC,22,2,249,ADC,1291,387,6,2,"
23.0897,terug,0,MM1 ?V
23.0897,terug,0,MM0 ?V
23.0897,terug,0,MM1 V=120:223:4900
23.0993,terug,0,MM0 V=120:223:4907
23.0993,terug,0,"#3,YAW,2.91,GYRO,-15,55,12,ACC,15,2,264,ADC,1272,390,5,2,"
23.0993,terug,0,MM1 ?CR
23.0993,terug,0,MM0 ?CR
23.0994,terug,0,MM1 CR=-1:3
23.0994,terug,0,MM0 CR=-3:4
23.1200,terug,0,MM0 !M 0 0
23.1200,terug,0,MM0 +
23.1200,terug,0,MM1 !M 0 0
23.1200,terug,0,MM1 +
23.1200,terug,0,"#4,YAW,2.91,GYRO,-13,46,15,ACC,11,-1,264,ADC,1247,496,6,2,"
23.1200,terug,0,MM1 ?A
23.1200,terug,0,MM0 ?A
23.1200,terug,0,MM1 A=0:0
23.1200,terug,0,MM0 A=0:0
23.1544,terug,0,MM1 !M 0 0
23.1544,terug,0,MM0 !M 0 0
23.1544,terug,0,MM1 +
23.1544,terug,0,MM0 +
23.1544,terug,0,"$GPRMC,130532.4,A,5050.51368,N,00419.37813,E,000.13,161.3,081026,000.4,E*5F"
23.1544,terug,0,"#5,YAW,2.91,GYRO,-15,51,4,ACC,-3,1,250,ADC,1266,313,4,1,"
23.1544,terug,0,MM1 ?AI
23.1544,terug,0,MM0 ?AI
23.1544,terug,0,MM1 AI=0:0:2357:2352:0:0
23.1545,terug,0,MM0 AI=0:0:2444:2463:0:0
23.1752,terug,0,"#6,YAW,2.91,GYRO,-17,36,-23,ACC,3,2,253,ADC,1222,383,6,2,"
23.1753,terug,0,MM1 ?C
23.1753,terug,0,MM0 ?C
23.1753,terug,0,MM1 C=-921:-1067
23.1753,terug,0,MM0 C=-1067:-859
23.1754,terug,0,"#7,YAW,2.91,GYRO,-18,34,-30,ACC,-8,2,265,ADC,1279,385,5,2,"
23.2152,terug,0,MM1 ?D
23.2152,terug,0,MM0 ?D
23.2152,terug,0,MM0 D=50
23.2152,terug,0,MM1 D=1
23.2152,terug,0,MM0 !M 0 0
23.2152,terug,0,MM1 !M 0 0
23.2152,terug,0,MM0 +
23.2152,terug,0,MM1 +
23.2152,terug,0,"#8,YAW,2.91,GYRO,-16,35,-6,ACC,3,-2,250,ADC,1247,316,5,2,"
23.2153,terug,0,MM1 ?FF
23.2153,terug,0,MM0 ?FF
23.2153,terug,0,MM1 FF=0
23.2153,terug,0,MM0 FF=0
23.2153,terug,0,"#9,YAW,2.91,GYRO,-11,38,7,ACC,-1,3,250,ADC,1210,381,4,1,"
23.2691,terug,0,MM1 ?P
23.2691,terug,0,MM0 ?P
23.2691,terug,0,MM1 P=0:0
23.2691,terug,0,MM0 P=0:0
23.2691,terug,0,"#10,YAW,2.91,GYRO,-12,63,4,ACC,-7,4,261,ADC,1244,397,6,2,"
23.2691,terug,0,MM0 ?S
23.2691,terug,0,MM1 ?S
23.2691,terug,0,MM0 S=0:0
23.2691,terug,0,MM1 S=0:0
23.2691,terug,0,MM1 !M 0 0
23.2691,terug,0,MM0 !M 0 0
23.2691,terug,0,MM1 +
23.2691,terug,0,MM0 +
23.2691,terug,0,"#11,YAW,2.91,GYRO,-11,26,-9,ACC,1,2,254,ADC,1262,384,4,1,"
23.2691,terug,0,MM0 ?T
23.2692,terug,0,MM1 ?T
23.2692,terug,0,MM0 T=35:35
23.2692,terug,0,MM1 T=36:34
23.3192,terug,0,"#12,YAW,2.91,GYRO,-16,38,-15,ACC,3,2,258,ADC,1267,387,4,2,"
23.3192,terug,0,MM0 ?V
23.3192,terug,0,MM1 ?V
23.3192,terug,0,MM0 V=120:224:4906
23.3192,terug,0,MM1 V=120:223:4898
23.3192,terug,0,"#13,YAW,2.91,GYRO,-16,43,-17,ACC,3,0,257,ADC,1246,385,7,1,"
23.3193,terug,0,MM0 ?CR
23.3193,terug,0,MM1 ?CR
23.3193,terug,0,MM0 CR=2:-2
23.3193,terug,0,MM1 CR=2:-2
23.3193,terug,0,MM0 !M 0 0
23.3193,terug,0,MM1 !M 0 0
23.3193,terug,0,MM0 +
23.3193,terug,0,MM1 +
23.3193,terug,0,"#14,YAW,2.91,GYRO,-15,42,-8,ACC,1,0,259,ADC,1263,381,4,2,"
23.3193,terug,0,MM0 ?A
23.3193,terug,0,MM1 ?A
23.3193,terug,0,MM0 A=0:0
23.3193,terug,0,MM1 A=0:0
23.3717,terug,0,"$GPRMC,130532.6,A,5050.51367,N,00419.37812,E,000.13,161.3,081026,000.4,E*53"
23.3717,terug,0,"#15,YAW,2.91,GYRO,-13,49,6,ACC,-3,1,256,ADC,1279,501,4,2,"
23.3717,terug,0,MM1 ?AI
23.3717,terug,0,MM0 ?AI
23.3717,terug,0,MM1 AI=0:0:2372:2374:0:0
23.3718,terug,0,MM0 AI=0:0:2429:2459:0:0
23.3718,terug,0,MM0 !M 0 0
23.3718,terug,0,MM1 !M 0 0
23.3718,terug,0,MM0 +
23.3718,terug,0,MM1 +
23.3718,terug,0,"#16,YAW,2.91,GYRO,-12,41,11,ACC,-1,2,255,ADC,1258,298,5,1,"
23.3718,terug,0,MM0 ?C
23.3718,terug,0,MM1 ?C
23.3718,terug,0,MM0 C=-1065:-861
23.3718,terug,0,MM1 C=-919:-1068
23.4211,terug,0,"#17,YAW,2.91,GYRO,-12,44,5,ACC,-3,1,259,ADC,1247,384,6,2,"
23.4212,terug,0,MM0 ?D
23.4212,terug,0,MM1 ?D
23.4212,terug,0,MM1 D=34
23.4212,terug,0,MM0 D=1
23.4212,terug,0,"#18,YAW,2.91,GYRO,-14,44,-3,ACC,-1,1,261,ADC,1302,391,6,1,"
23.4212,terug,0,MM0 ?FF
23.4212,terug,0,MM1 ?FF
23.4212,terug,0,MM0 FF=0
23.4212,terug,0,MM1 FF=0
23.4212,terug,0,MM0 !M 0 0
23.4212,terug,0,MM1 !M 0 0
23.4212,terug,0,MM0 +
23.4212,terug,0,MM1 +
23.4212,terug,0,"#19,YAW,2.91,GYRO,-14,46,-8,ACC,0,0,258,ADC,1288,394,5,2,"
23.4212,terug,0,MM0 ?P
23.4212,terug,0,MM1 ?P
23.4212,terug,0,MM0 P=0:0
23.4212,terug,0,MM1 P=0:0
23.4705,terug,0,"#20,YAW,2.91,GYRO,-13,43,-8,ACC,5,0,257,ADC,1228,389,4,2,"
23.4705,terug,0,MM0 ?S
23.4705,terug,0,MM1 ?S
23.4706,terug,0,MM0 S=0:0
23.4706,terug,0,MM1 S=0:0
23.4706,terug,0,MM0 !M 0 0
23.4706,terug,0,MM1 !M 0 0
23.4706,terug,0,MM0 +
23.4706,terug,0,MM1 +
23.4706,terug,0,"#21,YAW,2.91,GYRO,-14,45,-3,ACC,5,1,258,ADC,1246,501,3,2,"
23.4707,terug,0,MM0 ?T
23.4708,terug,0,MM1 ?T
23.4708,terug,0,MM0 T=35:35
23.4708,terug,0,MM1 T=36:34
23.5240,terug,0,"#22,YAW,2.91,GYRO,-14,48,-5,ACC,5,1,261,ADC,1260,491,4,2,"
23.5240,terug,0,MM0 ?V
23.5240,terug,0,MM1 ?V
23.5240,terug,0,MM0 V=120:223:4904
23.5240,terug,0,MM1 V=120:223:4899
23.5240,terug,0,"#23,YAW,2.91,GYRO,-12,48,-6,ACC,2,0,260,ADC,1234,387,5,2,"
23.5240,terug,0,MM0 ?CR
23.5240,terug,0,MM1 ?CR
23.5240,terug,0,MM0 CR=1:-1
23.5240,terug,0,MM1 CR=1:0
23.5240,terug,0,MM1 !M 0 0
23.5241,terug,0,MM0 !M 0 0
23.5241,terug,0,MM1 +
23.5241,terug,0,MM0 +
23.5241,terug,0,"#24,YAW,2.91,GYRO,-14,46,-5,ACC,4,1,253,ADC,1285,502,6,2,"
23.5241,terug,0,MM0 ?A
23.5241,terug,0,MM1 ?A
23.5241,terug,0,MM0 A=0:0
23.5241,terug,0,MM1 A=0:0
23.5583,terug,0,"$GPRMC,130532.8,A,5050.51367,N,00419.37811,E,000.12,161.3,081026,000.4,E*5F"
23.5583,terug,0,"#25,YAW,2.91,GYRO,-14,43,-6,ACC,5,1,258,ADC,1267,318,6,2,"
23.5584,terug,0,MM0 !M 0 0
23.5584,terug,0,MM0 +
23.5584,terug,0,MM1 !M 0 0
23.5584,terug,0,MM1 +
23.5584,terug,0,MM0 ?AI
23.5584,terug,0,MM1 ?AI
23.5584,terug,0,MM0 AI=0:0:2440:2436:0:0
23.5584,terug,0,MM1 AI=0:0:2356:2383:0:0
23.5584,terug,0,"#26,YAW,2.91,GYRO,-13,45,-6,ACC,9,0,252,ADC,1222,356,4,2,"
23.5584,terug,0,MM0 ?C
23.5584,terug,0,MM1 ?C
23.5584,terug,0,MM0 C=-1065:-861
23.5789,terug,0,MM1 C=-919:-1068
23.5791,terug,0,"#27,YAW,2.91,GYRO,-13,47,-6,ACC,4,0,254,ADC,1253,501,7,2,"
23.5791,terug,0,MM0 ?D
23.5791,terug,0,MM1 ?D
23.5791,terug,0,MM1 D=34
23.5791,terug,0,MM0 D=1
23.6132,terug,0,MM0 !M 0 0
23.6132,terug,0,MM1 !M 0 0
23.6132,terug,0,MM0 +
23.6132,terug,0,MM1 +
23.6132,terug,0,"#28,YAW,2.91,GYRO,-14,46,-6,ACC,6,0,257,ADC,1222,387,5,2,"
23.6132,terug,0,MM0 ?FF
23.6132,terug,0,MM1 ?FF
23.6132,terug,0,MM0 FF=0
23.6133,terug,0,MM1 FF=0
23.6342,terug,0,"#29,YAW,2.91,GYRO,-14,44,-6,ACC,2,3,256,ADC,1228,381,4,1,"
23.6342,terug,0,MM0 ?P
23.6342,terug,0,MM1 ?P
23.6342,terug,0,MM0 P=0:0
23.6342,terug,0,MM1 P=0:0
23.6683,terug,0,"#30,YAW,2.91,GYRO,-12,44,-7,ACC,6,2,255,ADC,1255,423,4,2,"
23.6683,terug,0,MM0 ?S
23.6683,terug,0,MM1 ?S
23.6683,terug,0,MM0 S=0:0
23.6684,terug,0,MM1 S=0:0
23.6684,terug,0,MM0 !M 0 0
23.6684,terug,0,MM1 !M 0 0
23.6684,terug,0,MM0 +
23.6684,terug,0,MM1 +
23.6684,terug,0,"#31,YAW,2.91,GYRO,-13,46,-5,ACC,8,0,257,ADC,1260,398,6,2,"
23.6684,terug,0,MM0 ?T
23.6684,terug,0,MM1 ?T
23.6684,terug,0,MM0 T=35:35
23.6684,terug,0,MM1 T=36:34
23.7291,terug,0,"#32,YAW,2.91,GYRO,-14,46,-5,ACC,5,2,260,ADC,1266,502,4,2,"
23.7292,terug,0,MM0 ?V
23.7292,terug,0,MM1 ?V
23.7292,terug,0,MM0 V=120:223:4903
23.7292,terug,0,MM1 V=120:223:4900
23.7292,terug,0,"#33,YAW,2.91,GYRO,-14,46,-6,ACC,5,1,255,ADC,1185,381,5,1,"
23.7292,terug,0,MM0 ?CR
23.7292,terug,0,MM1 ?CR
23.7292,terug,0,MM0 CR=0:0
23.7292,terug,0,MM1 CR=0:0
23.7292,terug,0,MM0 !M 0 0
23.7292,terug,0,MM0 +
23.7292,terug,0,MM1 !M 0 0
23.7292,terug,0,MM1 +
23.7292,terug,0,"#34,YAW,2.91,GYRO,-13,45,-5,ACC,3,1,258,ADC,1273,501,4,2,"
23.7293,terug,0,MM0 ?A
23.7293,terug,0,MM1 ?A
23.7293,terug,0,MM0 A=0:0
23.7293,terug,0,MM1 A=0:0
23.7632,terug,0,"#35,YAW,2.91,GYRO,-12,45,-5,ACC,4,2,259,ADC,1227,385,7,2,"
23.7632,terug,0,"$GPRMC,130533.0,A,5050.51366,N,00419.37810,E,000.14,161.3,081026,000.4,E*50"
23.7632,terug,0,MM0 ?AI
23.7632,terug,0,MM1 ?AI
23.7633,terug,0,MM0 AI=0:0:2451:2446:0:0
23.7633,terug,0,MM1 AI=0:0:2352:2347:0:0
23.7633,terug,0,MM0 !M 0 0
23.7633,terug,0,MM1 !M 0 0
23.7633,terug,0,MM0 +
23.7633,terug,0,MM1 +
23.7633,terug,0,"#36,YAW,2.91,GYRO,-11,45,-6,ACC,5,1,258,ADC,1257,378,4,2,"
23.7633,terug,0,MM0 ?C
23.7633,terug,0,MM1 ?C
23.7633,terug,0,MM0 C=-1065:-861
23.7633,terug,0,MM1 C=-919:-1068
23.7840,terug,-60,"#37,YAW,2.91,GYRO,-13,45,-5,ACC,2,2,257,ADC,1229,502,4,1,"
23.7841,terug,-60,MM0 ?D
23.7841,terug,-60,MM1 ?D
23.7841,terug,-60,MM1 D=34
23.7841,terug,-60,MM0 D=1
23.8183,terug,-60,"#38,YAW,2.91,GYRO,-12,47,-5,ACC,5,1,254,ADC,1271,388,7,2,"
23.8183,terug,-60,MM0 !M -67 53
23.8184,terug,-60,MM0 +
23.8184,terug,-60,MM1 !M -67 53
23.8184,terug,-60,MM1 +
23.8184,terug,-60,MM0 ?FF
23.8184,terug,-60,MM1 ?FF
23.8184,terug,-60,MM0 FF=0
23.8184,terug,-60,MM1 FF=0
23.8184,terug,-60,"#39,YAW,2.91,GYRO,-13,61,-5,ACC,-20,0,251,ADC,1248,381,4,2,"
23.8184,terug,-60,MM0 ?P
23.8184,terug,-60,MM1 ?P
23.8184,terug,-60,MM0 P=-67:53
23.8390,terug,-60,MM1 P=-67:53
23.8390,terug,-60,"#40,YAW,2.91,GYRO,-14,45,-5,ACC,-11,0,254,ADC,1230,384,6,2,"
23.8390,terug,-60,MM0 ?S
23.8390,terug,-60,MM1 ?S
23.8390,terug,-60,MM0 S=0:0
23.8390,terug,-60,MM1 S=0:0
23.8733,terug,-60,MM0 !M -68 52
23.8733,terug,-60,MM1 !M -68 52
23.8733,terug,-60,MM0 +
23.8733,terug,-60,MM1 +
23.8733,terug,-60,"#41,YAW,2.91,GYRO,-9,33,-11,ACC,-2,0,255,ADC,1241,304,5,2,"
23.8734,terug,-60,MM0 ?T
23.8734,terug,-60,MM1 ?T
23.8734,terug,-60,MM0 T=35:35
23.8734,terug,-60,MM1 T=36:34
23.9241,terug,-60,"#42,YAW,2.91,GYRO,-12,75,-15,ACC,-6,3,259,ADC,1298,389,6,2,"
23.9242,terug,-60,MM0 ?V
23.9242,terug,-60,MM1 ?V
23.9242,terug,-60,MM0 V=120:224:4902
23.9242,terug,-60,MM1 V=120:222:4899
23.9242,terug,-60,"#43,YAW,2.91,GYRO,-11,43,-8,ACC,0,1,253,ADC,1263,388,5,2,"
23.9242,terug,-60,MM0 ?CR
23.9242,terug,-60,MM1 ?CR
23.9242,terug,-60,MM0 CR=-1:1
23.9242,terug,-60,MM1 CR=-1:1
23.9242,terug,-60,MM1 !M -68 52
23.9242,terug,-60,MM0 !M -68 52
23.9242,terug,-60,MM1 +
23.9242,terug,-60,MM0 +
23.9242,terug,-60,"#44,YAW,2.91,GYRO,-10,52,1,ACC,0,1,259,ADC,1257,498,4,1,"
23.9243,terug,-60,MM0 ?A
23.9243,terug,-60,MM1 ?A
23.9243,terug,-60,MM0 A=0:0
23.9243,terug,-60,MM1 A=0:0
23.9753,terug,0,"$GPRMC,130533.2,A,5050.51365,N,00419.37809,E,000.16,161.3,081026,000.4,E*5B"
23.9754,terug,0,"#45,YAW,2.91,GYRO,-12,52,15,ACC,-3,-1,257,ADC,1300,374,3,2,"
23.9754,terug,0,MM0 ?AI
23.9754,terug,0,MM1 ?AI
23.9754,terug,0,MM0 AI=0:0:2450:2436:0:0
23.9754,terug,0,MM1 AI=0:0:2358:2356:0:0
23.9754,terug,0,MM1 !M -68 52
23.9754,terug,0,MM0 !M -68 52
23.9754,terug,0,MM1 +
23.9754,terug,0,MM0 +
23.9754,terug,0,"#46,YAW,2.91,GYRO,-13,43,6,ACC,12,-1,255,ADC,1282,373,5,2,"
23.9754,terug,0,MM0 ?C
23.9754,terug,0,MM1 ?C
23.9754,terug,0,MM0 C=-1068:-859
23.9755,terug,0,MM1 C=-921:-1066
24.0088,terug,0,"#47,YAW,2.91,GYRO,-11,48,-20,ACC,4,0,252,ADC,1248,386,5,2,"
24.0088,terug,0,MM0 ?D
24.0088,terug,0,MM1 ?D
24.0088,terug,0,MM0 D=59
24.0088,terug,0,MM1 D=16
24.0088,terug,0,MM0 !M 0 0
24.0088,terug,0,MM1 !M 0 0
24.0089,terug,0,MM0 +
24.0089,terug,0,MM1 +
24.0089,terug,0,MM1 !M 0 0
24.0089,terug,0,MM0 !M 0 0
24.0089,terug,0,MM1 +
24.0089,terug,0,MM0 +
24.0089,terug,0,"#48,YAW,2.91,GYRO,-12,67,-30,ACC,12,1,252,ADC,1221,383,6,1,"
24.0089,terug,0,MM0 ?FF
24.0089,terug,0,MM1 ?FF
24.0089,terug,0,MM0 FF=0
24.0089,terug,0,MM1 FF=0
24.0430,terug,0,"#49,YAW,2.91,GYRO,-14,-17,-21,ACC,28,4,247,ADC,1267,389,5,2,"
24.0430,terug,0,MM0 ?P
24.0430,terug,0,MM1 ?P
24.0430,terug,0,MM0 P=0:0
24.0430,terug,0,MM1 P=0:0
24.0430,terug,0,MM1 !M 0 0
24.0430,terug,0,MM0 !M 0 0
24.0430,terug,0,MM1 +
24.0431,terug,0,MM0 +
24.0431,terug,0,"#50,YAW,2.92,GYRO,-13,71,-18,ACC,28,3,257,ADC,1266,384,6,2,"
24.0431,terug,0,MM0 ?S
24.0431,terug,0,MM1 ?S
24.0431,terug,0,MM0 S=0:0
24.0431,terug,0,MM1 S=0:0
24.0640,terug,0,"#51,YAW,2.92,GYRO,-12,46,-1,ACC,22,3,265,ADC,1283,502,5,2,"
24.0640,terug,0,MM0 ?T
24.0640,terug,0,MM1 ?T
24.0640,terug,0,MM0 T=35:35
24.0640,terug,0,MM1 T=36:34
24.1042,terug,0,"#52,YAW,2.91,GYRO,-10,44,9,ACC,21,2,252,ADC,1253,387,6,1,"
24.1042,terug,0,MM0 !M 0 0
24.1042,terug,0,MM0 +
24.1042,terug,0,MM1 !M 0 0
24.1042,terug,0,MM1 +
24.1042,terug,0,MM0 ?V
24.1042,terug,0,MM1 ?V
24.1042,terug,0,MM0 V=120:225:4905
24.1042,terug,0,MM1 V=120:223:4898
24.1042,terug,0,"#53,YAW,2.91,GYRO,-13,54,17,ACC,17,2,261,ADC,1240,413,4,2,"
24.1043,terug,0,MM0 ?CR
24.1043,terug,0,MM1 ?CR
24.1043,terug,0,MM0 CR=-2:2
24.1189,terug,0,MM1 CR=-2:2
24.1189,terug,0,"#54,YAW,2.91,GYRO,-12,50,10,ACC,4,-1,259,ADC,1279,501,6,2,"
24.1190,terug,0,MM0 ?A
24.1190,terug,0,MM1 ?A
24.1190,terug,0,MM0 A=0:0
24.1190,terug,0,MM1 A=0:0
24.1532,terug,0,MM1 !M 0 0
24.1533,terug,0,MM0 !M 0 0
24.1533,terug,0,MM1 +
24.1533,terug,0,MM0 +
24.1533,terug,0,"#55,YAW,2.91,GYRO,-15,44,-21,ACC,3,0,259,ADC,1275,391,5,2,"
24.1533,terug,0,"$GPRMC,130533.4,A,5050.51365,N,00419.37807,E,000.16,161.3,081026,000.4,E*53"
24.1533,terug,0,MM0 ?AI
24.1533,terug,0,MM1 ?AI
24.1533,terug,0,MM0 AI=0:0:2440:2472:0:0
24.1533,terug,0,MM1 AI=0:0:2369:2360:0:0
24.2078,terug,0,"#56,YAW,2.92,GYRO,-14,36,-32,ACC,8,1,258,ADC,1211,381,6,2,"
24.2078,terug,0,MM0 ?C
24.2078,terug,0,MM1 ?C
24.2078,terug,0,MM0 C=-1068:-859
24.2079,terug,0,MM1 C=-921:-1066
24.2079,terug,0,"#57,YAW,2.92,GYRO,-16,44,-26,ACC,4,-2,259,ADC,1264,394,7,2,"
24.2080,terug,0,MM0 ?D
24.2080,terug,0,MM1 ?D
24.2080,terug,0,MM0 D=50
24.2080,terug,0,MM1 D=17
24.2080,terug,0,MM0 !M 0 0
24.2080,terug,0,MM1 !M 0 0
24.2080,terug,0,MM0 +
24.2080,terug,0,MM1 +
24.2080,terug,0,"#58,YAW,2.92,GYRO,-15,44,7,ACC,-3,0,253,ADC,1288,495,4,2,"
24.2080,terug,0,MM0 ?FF
24.2080,terug,0,MM1 ?FF
24.2080,terug,0,MM0 FF=0
24.2080,terug,0,MM1 FF=0
24.2572,terug,0,"#59,YAW,2.91,GYRO,-10,40,25,ACC,-1,0,256,ADC,1240,387,5,2,"
24.2572,terug,0,MM0 ?P
24.2572,terug,0,MM1 ?P
24.2572,terug,0,MM0 P=0:0
24.2572,terug,0,MM1 P=0:0
24.2572,terug,0,MM0 !M 0 0
24.2572,terug,0,MM1 !M 0 0
24.2572,terug,0,MM0 +
24.2572,terug,0,MM1 +
24.2572,terug,0,"#60,YAW,2.91,GYRO,-14,43,15,ACC,2,2,261,ADC,1236,324,5,1,"
24.2572,terug,0,MM0 ?S
24.2572,terug,0,MM1 ?S
24.2572,terug,0,MM0 S=0:0
24.2572,terug,0,MM1 S=0:0
24.2572,terug,0,"#61,YAW,2.91,GYRO,-11,46,-1,ACC,-2,0,255,ADC,1274,499,5,2,"
24.2573,terug,0,MM0 ?T
24.2573,terug,0,MM1 ?T
24.3094,terug,0,MM0 T=35:35
24.3094,terug,0,MM1 T=36:34
24.3094,terug,0,"#62,YAW,2.91,GYRO,-16,44,-19,ACC,-1,0,256,ADC,1233,396,5,2,"
24.3094,terug,0,MM0 ?V
24.3094,terug,0,MM1 ?V
24.3094,terug,0,MM0 V=120:225:4906
24.3094,terug,0,MM1 V=120:223:4898
24.3095,terug,0,MM0 !M 0 0
24.3095,terug,0,MM1 !M 0 0
24.3095,terug,0,MM0 +
24.3095,terug,0,MM1 +
24.3095,terug,0,"#63,YAW,2.92,GYRO,-14,40,-26,ACC,-2,1,259,ADC,1262,386,7,2,"
24.3095,terug,0,MM0 ?CR
24.3095,terug,0,MM1 ?CR
24.3095,terug,0,MM0 CR=2:-2
24.3095,terug,0,MM1 CR=2:-2
24.3581,terug,0,"#64,YAW,2.92,GYRO,-17,41,-25,ACC,3,1,254,ADC,1275,387,6,2,"
24.3582,terug,0,MM0 ?A
24.3582,terug,0,MM1 ?A
24.3582,terug,0,MM0 A=0:0
24.3582,terug,0,MM1 A=0:0
24.3582,terug,0,"$GPRMC,130533.6,A,5050.51364,N,00419.37806,E,000.16,161.3,081026,000.4,E*51"
24.3582,terug,0,"#65,YAW,2.92,GYRO,-13,42,-17,ACC,4,3,258,ADC,1231,388,4,1,"
24.3582,terug,0,MM0 !M 0 0
24.3582,terug,0,MM0 +
24.3582,terug,0,MM1 !M 0 0
24.3582,terug,0,MM1 +
24.3582,terug,0,MM0 ?AI
24.3582,terug,0,MM1 ?AI
24.3582,terug,0,MM0 AI=0:0:2434:2446:0:0
24.3582,terug,0,MM1 AI=0:0:2349:2343:0:0
24.3582,terug,0,"#66,YAW,2.92,GYRO,-14,44,-6,ACC,2,0,255,ADC,1323,311,4,2,"
24.3582,terug,0,MM0 ?C
24.3582,terug,0,MM1 ?C
24.4113,terug,0,MM0 C=-1066:-860
24.4113,terug,0,MM1 C=-920:-1067
24.4114,terug,0,"#67,YAW,2.92,GYRO,-12,42,-1,ACC,8,-1,259,ADC,1271,389,7,2,"
24.4114,terug,0,MM0 ?D
24.4114,terug,0,MM1 ?D
24.4114,terug,0,MM0 D=16
24.4114,terug,0,MM1 D=3
24.4114,terug,0,MM0 !M 0 0
24.4114,terug,0,MM1 !M 0 0
24.4114,terug,0,MM0 +
24.4114,terug,0,MM1 +
24.4114,terug,0,"#68,YAW,2.92,GYRO,-14,44,1,ACC,4,0,256,ADC,1209,381,4,2,"
24.4114,terug,0,MM0 ?FF
24.4114,terug,0,MM1 ?FF
24.4114,terug,0,MM0 FF=0
24.4114,terug,0,MM1 FF=0
24.4459,terug,0,"#69,YAW,2.92,GYRO,-15,44,-5,ACC,5,0,258,ADC,1245,391,5,2,"
24.4459,terug,0,MM0 ?P
24.4459,terug,0,MM1 ?P
24.4459,terug,0,MM0 P=0:0
24.4459,terug,0,MM1 P=0:0
24.4459,terug,0,"#70,YAW,2.92,GYRO,-13,44,-5,ACC,6,0,260,ADC,1268,382,4,2,"
24.4459,terug,0,MM0 ?S
24.4459,terug,0,MM1 ?S
24.4459,terug,0,MM0 S=0:0
24.4459,terug,0,MM1 S=0:0
24.4672,terug,0,"#71,YAW,2.92,GYRO,-13,43,-6,ACC,3,1,258,ADC,1298,502,5,2,"
24.4672,terug,0,MM0 ?T
24.4672,terug,0,MM1 ?T
24.4673,terug,0,MM0 T=35:35
24.4673,terug,0,MM1 T=36:34
24.5023,terug,0,MM0 !M 0 0PING
24.5024,terug,0,MM1 !M 0 0PING
24.5024,terug,0,MM0 +
24.5024,terug,0,MM1 +
24.5024,terug,0,"#72,YAW,2.92,GYRO,-13,43,-6,ACC,4,1,261,ADC,1268,334,7,1,"
24.5024,terug,0,MM0 ?V
24.5024,terug,0,MM1 ?V
24.5024,terug,0,MM0 V=120:224:4903
24.5024,terug,0,MM1 V=120:223:4899
24.5024,terug,0,MM0 !M 0 0
24.5024,terug,0,MM1 !M 0 0
24.5024,terug,0,MM0 +
24.5024,terug,0,MM1 +
24.5024,terug,0,"#73,YAW,2.92,GYRO,-13,43,-2,ACC,3,0,258,ADC,1198,382,6,2,"
24.5024,terug,0,MM0 ?CR
24.5024,terug,0,MM1 ?CR
24.5024,terug,0,MM1 CR=0:-1
24.5024,terug,0,MM0 CR=0:0
24.5229,terug,0,"#74,YAW,2.92,GYRO,-13,44,2,ACC,5,2,259,ADC,1267,381,6,2,"
24.5230,terug,0,MM0 ?A
24.5230,terug,0,MM1 ?A
24.5230,terug,0,MM0 A=0:0
24.5230,terug,0,MM1 A=0:0
24.5571,terug,0,"$GPRMC,130533.8,A,5050.51364,N,00419.37805,E,000.15,161.3,081026,000.4,E*5F"
24.5571,terug,0,MM0 !M 0 0
24.5571,terug,0,MM1 !M 0 0
24.5571,terug,0,MM0 +
24.5571,terug,0,MM1 +
24.5571,terug,0,"#75,YAW,2.92,GYRO,-12,46,1,ACC,1,3,261,ADC,1227,298,5,2,"
24.5571,terug,0,MM0 ?AI
24.5571,terug,0,MM1 ?AI
24.5571,terug,0,MM0 AI=0:0:2428:2463:0:0
24.5571,terug,0,MM1 AI=0:0:2366:2345:0:0
24.5571,terug,0,"#76,YAW,2.92,GYRO,-14,45,-5,ACC,0,0,257,ADC,1222,292,4,1,"
24.5572,terug,0,MM0 ?C
24.5572,terug,0,MM1 ?C
24.6164,terug,0,MM0 C=-1066:-861
24.6164,terug,0,MM1 C=-919:-1068
24.6165,terug,0,"#77,YAW,2.92,GYRO,-12,45,-9,ACC,2,5,260,ADC,1208,381,5,2,"
24.6165,terug,0,MM0 ?D
24.6165,terug,0,MM1 ?D
24.6165,terug,0,MM1 D=34
24.6165,terug,0,MM0 D=0
24.6165,terug,0,MM0 !M 0 0
24.6165,terug,0,MM1 !M 0 0
24.6166,terug,0,MM0 +
24.6166,terug,0,MM1 +
24.6166,terug,0,"#78,YAW,2.92,GYRO,-13,44,-7,ACC,1,1,259,ADC,1288,408,4,2,"
24.6166,terug,0,MM0 ?FF
24.6166,terug,0,MM1 ?FF
24.6166,terug,0,MM0 FF=0
24.6166,terug,0,MM1 FF=0
24.6512,terug,0,"#79,YAW,2.92,GYRO,-13,41,-4,ACC,4,0,257,ADC,1270,492,5,2,"
24.6512,terug,0,MM1 ?P
24.6513,terug,0,MM0 ?P
24.6513,terug,0,MM0 P=0:0
24.6513,terug,0,MM1 P=0:0
24.6513,terug,0,MM0 !M 0 0
24.6513,terug,0,MM1 !M 0 0
24.6513,terug,0,MM0 +
24.6513,terug,0,MM1 +
24.6513,terug,0,"#80,YAW,2.92,GYRO,-12,45,-4,ACC,7,0,251,ADC,1241,495,6,1,"
24.6513,terug,0,MM0 ?S
24.6513,terug,0,MM1 ?S
24.6513,terug,0,MM0 S=0:0
24.6513,terug,0,MM1 S=0:0
24.6721,terug,0,"#81,YAW,2.92,GYRO,-13,49,-6,ACC,4,1,260,ADC,1236,383,4,1,"
24.6722,terug,0,MM0 ?T
24.6722,terug,0,MM1 ?T
24.6722,terug,0,MM0 T=35:35
24.6722,terug,0,MM1 T=36:34
24.7060,terug,0,"#82,YAW,2.92,GYRO,-13,46,-4,ACC,3,2,258,ADC,1272,391,3,1,"
24.7060,terug,0,MM0 ?V
24.7060,terug,0,MM1 ?V
24.7060,terug,0,MM0 V=120:225:4903
24.7060,terug,0,MM1 V=120:224:4899
24.7061,terug,0,MM1 !M 0 0
24.7061,terug,0,MM0 !M 0 0
24.7061,terug,0,MM1 +
24.7061,terug,0,MM0 +
24.7061,terug,0,"#83,YAW,2.92,GYRO,-13,47,-3,ACC,4,0,254,ADC,1246,404,6,1,"
24.7061,terug,0,MM1 ?CR
24.7061,terug,0,MM0 ?CR
24.7061,terug,0,MM0 CR=0:-1
24.7061,terug,0,MM1 CR=1:0
24.7270,terug,0,"#84,YAW,2.92,GYRO,-14,45,-6,ACC,2,1,258,ADC,1232,497,7,2,"
24.7270,terug,0,MM0 ?A
24.7270,terug,0,MM1 ?A
24.7270,terug,0,MM0 A=0:0
24.7270,terug,0,MM1 A=0:0
24.7611,terug,0,"$GPRMC,130534.0,A,5050.51363,N,00419.37804,E,000.14,161.3,081026,000.4,E*57"
24.7611,terug,0,"#85,YAW,2.92,GYRO,-12,46,-6,ACC,1,4,257,ADC,1287,376,5,2,"
24.7611,terug,0,MM0 ?AI
24.7611,terug,0,MM1 ?AI
24.7611,terug,0,MM0 AI=0:0:2437:2447:0:0
24.7611,terug,0,MM1 AI=0:0:2363:2386:0:0
24.7611,terug,0,MM0 !M 0 0
24.7611,terug,0,MM0 +
24.7611,terug,0,MM1 !M 0 0
24.7611,terug,0,MM1 +
24.7611,terug,0,"#86,YAW,2.92,GYRO,-11,46,-5,ACC,4,1,252,ADC,1250,362,6,2,"
24.7612,terug,0,MM0 ?C
24.7612,terug,0,MM1 ?C
24.7612,terug,0,MM0 C=-1066:-861
24.7612,terug,0,MM1 C=-919:-1068
24.8123,terug,0,"#87,YAW,2.92,GYRO,-13,46,-5,ACC,6,1,258,ADC,1251,502,5,2,"
24.8124,terug,0,MM0 ?D
24.8124,terug,0,MM1 ?D
24.8124,terug,0,MM1 D=34
24.8124,terug,0,MM0 D=0
24.8124,terug,0,MM0 !M 0 0
24.8124,terug,0,MM1 !M 0 0
24.8124,terug,0,MM0 +
24.8124,terug,0,MM1 +
24.8124,terug,0,"#88,YAW,2.92,GYRO,-13,47,-6,ACC,5,1,261,ADC,1264,500,6,2,"
24.8124,terug,0,MM0 ?FF
24.8124,terug,0,MM1 ?FF
24.8124,terug,0,MM0 FF=0
24.8124,terug,0,MM1 FF=0
24.8331,terug,0,"#89,YAW,2.92,GYRO,-13,45,-6,ACC,1,0,259,ADC,1235,500,5,2,"
24.8333,terug,0,MM0 ?P
24.8333,terug,0,MM1 ?P
24.8333,terug,0,MM0 P=0:0
24.8333,terug,0,MM1 P=0:0
24.8671,terug,0,"#90,YAW,2.92,GYRO,-14,46,-6,ACC,5,2,257,ADC,1278,381,4,2,"
24.8671,terug,0,MM0 ?S
24.8671,terug,0,MM1 ?S
24.8671,terug,0,MM0 S=0:0
24.8671,terug,0,MM1 S=0:0
24.8671,terug,0,MM0 !M 0 0
24.8671,terug,0,MM1 !M 0 0
24.8671,terug,0,MM0 +
24.8671,terug,0,MM1 +
24.8671,terug,0,"#91,YAW,2.92,GYRO,-13,46,-6,ACC,6,0,257,ADC,1277,381,6,1,"
24.8671,terug,0,MM0 ?T
24.8671,terug,0,MM1 ?T
24.8672,terug,0,MM0 T=35:35
24.8672,terug,0,MM1 T=36:34
24.9020,terug,0,"#92,YAW,2.92,GYRO,-13,45,-6,ACC,4,0,258,ADC,1237,500,4,2,"
24.9020,terug,0,MM1 ?V
24.9020,terug,0,MM0 ?V
24.9020,terug,0,MM0 V=120:224:4902
24.9020,terug,0,MM1 V=120:224:4900
24.9020,terug,0,MM1 !M 0 0
24.9020,terug,0,MM0 !M 0 0
24.9020,terug,0,MM1 +
24.9020,terug,0,MM0 +
24.9020,terug,0,"#93,YAW,2.92,GYRO,-14,46,-5,ACC,2,0,255,ADC,1271,499,4,2,"
24.9021,terug,0,MM1 ?CR
24.9021,terug,0,MM0 ?CR
24.9021,terug,0,MM1 CR=0:0
24.9021,terug,0,MM0 CR=0:0
24.9235,terug,0,"#94,YAW,2.92,GYRO,-14,46,-5,ACC,5,0,254,ADC,1259,388,5,2,"
24.9236,terug,0,MM1 ?A
24.9236,terug,0,MM0 ?A
24.9236,terug,0,MM1 A=0:0
24.9236,terug,0,MM0 A=0:0
24.9573,terug,0,"$GPRMC,130534.2,A,5050.51362,N,00419.37803,E,000.13,161.3,081026,000.4,E*54"
24.9573,terug,0,MM1 !M 0 0
24.9573,terug,0,MM0 !M 0 0
24.9573,terug,0,MM1 +
24.9573,terug,0,MM0 +
24.9573,terug,0,"#95,YAW,2.92,GYRO,-13,46,-8,ACC,5,3,255,ADC,1262,392,5,1,"
24.9574,terug,0,MM1 ?AI
24.9574,terug,0,MM0 ?AI
24.9574,terug,0,MM1 AI=0:0:2365:2367:0:0
24.9574,terug,0,MM0 AI=0:0:2425:2441:0:0
24.9574,terug,0,"#96,YAW,2.92,GYRO,-14,47,-6,ACC,6,0,257,ADC,1240,319,6,1,"
24.9574,terug,0,MM1 ?C
24.9574,terug,0,MM0 ?C
24.9781,terug,0,MM1 C=-919:-1068
24.9781,terug,0,MM0 C=-1066:-861
24.9782,terug,0,"#97,YAW,2.92,GYRO,-13,47,-6,ACC,3,1,259,ADC,1237,389,5,2,"
24.9782,terug,0,MM1 ?D
24.9782,terug,0,MM0 ?D
24.9782,terug,0,MM1 D=42
24.9782,terug,0,MM0 D=0
25.0163,terug,0,MM0 !M 0 0
25.0163,terug,0,MM1 !M 0 0
25.0163,terug,0,MM0 +
25.0163,terug,0,MM1 +
25.0163,terug,0,"#98,YAW,2.92,GYRO,-14,48,-6,ACC,6,2,257,ADC,1264,497,4,2,"
25.0164,terug,0,MM0 ?FF
25.0164,terug,0,MM1 ?FF
25.0164,terug,0,MM0 FF=0
25.0164,terug,0,MM1 FF=0
25.0332,terug,0,"#99,YAW,2.92,GYRO,-13,47,-5,ACC,4,3,255,ADC,1241,497,4,2,"
25.0332,terug,0,MM0 ?P
25.0332,terug,0,MM1 ?P
25.0333,terug,0,MM0 P=0:0
25.0333,terug,0,MM1 P=0:0
25.0670,terug,0,"#100,YAW,2.92,GYRO,-12,48,-5,ACC,6,1,256,ADC,1228,386,5,2,"
25.0671,terug,0,MM0 ?S
25.0671,terug,0,MM1 ?S
25.0671,terug,0,MM0 S=0:0
25.0671,terug,0,MM1 S=0:0
25.0671,terug,0,MM0 !M 0 0
25.0671,terug,0,MM1 !M 0 0
25.0671,terug,0,MM0 +
25.0671,terug,0,MM1 +
25.0671,terug,0,"#101,YAW,2.92,GYRO,-13,48,-5,ACC,3,0,256,ADC,1265,496,4,2,"
25.0671,terug,0,MM0 ?T
25.0671,terug,0,MM1 ?T
25.0671,terug,0,MM0 T=35:35
25.0671,terug,0,MM1 T=36:34
25.1152,terug,0,"#102,YAW,2.92,GYRO,-14,47,-6,ACC,8,0,257,ADC,1275,390,5,1,"
25.1152,terug,0,MM1 ?V
25.1152,terug,0,MM0 ?V
25.1152,terug,0,MM0 V=120:224:4902
25.1153,terug,0,MM1 V=120:223:4898
25.1153,terug,0,MM0 !M 0 0
25.1153,terug,0,MM1 !M 0 0
25.1153,terug,0,MM0 +
25.1153,terug,0,MM1 +
25.1153,terug,0,"#103,YAW,2.92,GYRO,-13,47,-6,ACC,5,1,257,ADC,1236,307,5,1,"
25.1153,terug,0,MM1 ?CR
25.1153,terug,0,MM0 ?CR
25.1153,terug,0,MM1 CR=0:0
25.1153,terug,0,MM0 CR=0:0
25.1153,terug,0,"#104,YAW,2.92,GYRO,-13,47,-5,ACC,4,1,261,ADC,1263,381,5,1,"
25.1661,terug,0,MM1 ?A
25.1662,terug,0,MM0 ?A
25.1662,terug,0,MM1 A=0:0
25.1662,terug,0,MM0 A=0:0
25.1662,terug,0,"$GPRMC,130534.4,A,5050.51362,N,00419.37802,E,000.11,161.3,081026,000.4,E*51"
25.1662,terug,0,"#105,YAW,2.92,GYRO,-13,47,-5,ACC,5,1,253,ADC,1263,362,6,2,"
25.1662,terug,0,MM1 ?AI
25.1662,terug,0,MM0 ?AI
25.1662,terug,0,MM0 AI=0:0:2442:2449:0:0
25.1662,terug,0,MM1 AI=0:0:2347:2369:0:0
25.1662,terug,0,MM0 !M 0 0
25.1662,terug,0,MM1 !M 0 0
25.1662,terug,0,MM1 +
25.1662,terug,0,MM0 +
25.1662,terug,0,"#106,YAW,2.92,GYRO,-12,45,-5,ACC,6,1,260,ADC,1246,279,6,2,"
25.1663,terug,0,MM1 ?C
25.1663,terug,0,MM0 ?C
25.1663,terug,0,MM1 C=-919:-1068
25.1663,terug,0,MM0 C=-1066:-861
25.2162,terug,0,"#107,YAW,2.92,GYRO,-13,46,-5,ACC,2,2,257,ADC,1257,384,4,2,"
25.2163,terug,0,MM1 ?D
25.2163,terug,0,MM0 ?D
25.2163,terug,0,MM1 D=34
25.2163,terug,0,MM0 D=8
25.2163,terug,0,MM0 !M 0 0
25.2163,terug,0,MM1 !M 0 0
25.2163,terug,0,MM0 +
25.2163,terug,0,MM1 +
25.2163,terug,0,"#108,YAW,2.92,GYRO,-13,46,-5,ACC,5,1,255,ADC,1257,354,6,1,"
25.2163,terug,0,MM1 ?FF
25.2163,terug,0,MM0 ?FF
25.2163,terug,0,MM1 FF=0
25.2163,terug,0,MM0 FF=0
25.2163,terug,0,"#109,YAW,2.92,GYRO,-13,46,-5,ACC,7,2,255,ADC,1247,500,5,1,"
25.2163,terug,0,MM1 ?P
25.2164,terug,0,MM0 ?P
25.2661,terug,0,MM1 P=0:0
25.2662,terug,0,MM0 P=0:0
25.2662,terug,0,"#110,YAW,2.92,GYRO,-13,47,-5,ACC,3,1,253,ADC,1267,390,4,2,"
25.2662,terug,0,MM1 ?S
25.2662,terug,0,MM0 ?S
25.2662,terug,0,MM1 S=0:0
25.2662,terug,0,MM0 S=0:0
25.2662,terug,0,MM0 !M 0 0
25.2662,terug,0,MM1 !M 0 0
25.2662,terug,0,MM0 +
25.2662,terug,0,MM1 +
25.2662,terug,0,"#111,YAW,2.92,GYRO,-12,47,-5,ACC,6,0,260,ADC,1259,498,6,2,"
25.2662,terug,0,MM1 ?T
25.2662,terug,0,MM0 ?T
25.2662,terug,0,MM1 T=36:34
25.2662,terug,0,MM0 T=35:35
25.3173,terug,0,"#112,YAW,2.92,GYRO,-14,48,-5,ACC,4,1,259,ADC,1228,383,4,1,"
25.3173,terug,0,MM1 ?V
25.3174,terug,0,MM0 ?V
25.3174,terug,0,MM1 V=120:223:4899
25.3174,terug,0,MM0 V=120:223:4901
25.3174,terug,0,MM1 !M 0 0
25.3174,terug,0,MM0 !M 0 0
25.3174,terug,0,MM1 +
25.3174,terug,0,MM0 +
25.3174,terug,0,"#113,YAW,2.92,GYRO,-12,47,-5,ACC,8,1,259,ADC,1249,352,4,2,"
25.3174,terug,0,MM1 ?CR
25.3174,terug,0,MM0 ?CR
25.3174,terug,0,MM1 CR=0:0
25.3174,terug,0,MM0 CR=0:0
25.3174,terug,0,"#114,YAW,2.92,GYRO,-13,46,-5,ACC,5,0,257,ADC,1213,406,5,2,"
25.3174,terug,0,MM1 ?A
25.3174,terug,0,MM0 ?A
25.3174,terug,0,MM1 A=0:0
25.3672,terug,0,MM0 A=0:0
25.3673,terug,0,"$GPRMC,130534.6,A,5050.51361,N,00419.37802,E,000.10,161.3,081026,000.4,E*51"
25.3673,terug,0,"#115,YAW,2.92,GYRO,-14,45,-5,ACC,0,1,258,ADC,1241,460,4,2,"
25.3673,terug,0,MM1 ?AI
25.3673,terug,0,MM0 ?AI
25.3673,terug,0,MM1 AI=0:0:2373:2383:0:0
25.3673,terug,0,MM0 AI=0:0:2436:2443:0:0
25.3673,terug,0,MM0 !M 0 0
25.3673,terug,0,MM1 !M 0 0
25.3673,terug,0,MM0 +
25.3673,terug,0,MM1 +
25.3673,terug,0,"#116,YAW,2.92,GYRO,-15,47,-4,ACC,6,0,258,ADC,1240,293,8,1,"
25.3674,terug,0,MM1 ?C
25.3674,terug,0,MM0 ?C
25.3674,terug,0,MM1 C=-919:-1068
25.3674,terug,0,MM0 C=-1066:-861
25.4173,terug,-70,"#117,YAW,2.92,GYRO,-13,46,-5,ACC,4,4,258,ADC,1240,385,4,2,"
25.4173,terug,-70,MM1 ?D
25.4173,terug,-70,MM0 ?D
25.4173,terug,-70,MM1 D=34
25.4173,terug,-70,MM0 D=8
25.4173,terug,-70,"#118,YAW,2.92,GYRO,-12,46,-6,ACC,6,0,257,ADC,1241,373,4,2,"
25.4173,terug,-70,MM0 !M -79 61
25.4173,terug,-70,MM0 +
25.4173,terug,-70,MM1 !M -79 61
25.4173,terug,-70,MM1 +
25.4173,terug,-70,MM0 ?FF
25.4173,terug,-70,MM1 ?FF
25.4173,terug,-70,MM0 FF=0
25.4174,terug,-70,MM1 FF=0
25.4174,terug,-70,"#119,YAW,2.92,GYRO,-12,72,-3,ACC,-34,0,254,ADC,1267,501,3,2,"
25.4174,terug,-70,MM1 ?P
25.4174,terug,-70,MM0 ?P
25.4693,terug,-70,MM1 P=-79:61
25.4693,terug,-70,MM0 P=-79:61
25.4693,terug,-70,"#120,YAW,2.92,GYRO,-10,30,3,ACC,-11,2,259,ADC,1262,387,3,2,"
25.4693,terug,-70,MM1 ?S
25.4693,terug,-70,MM0 ?S
25.4693,terug,-70,MM1 S=0:0
25.4693,terug,-70,MM0 S=0:0
25.4693,terug,-70,MM0 !M -80 60
25.4693,terug,-70,MM1 !M -80 60
25.4693,terug,-70,MM0 +
25.4693,terug,-70,MM1 +
25.4693,terug,-70,"#121,YAW,2.92,GYRO,-14,45,-2,ACC,-8,3,256,ADC,1262,384,5,2,"
25.4694,terug,-70,MM1 ?T
25.4694,terug,-70,MM0 ?T
25.4694,terug,-70,MM1 T=36:34
25.4694,terug,-70,MM0 T=35:35
25.5379,terug,0,"#122,YAW,2.92,GYRO,-8,88,-9,ACC,-10,1,264,ADC,1262,383,5,2,"
25.5380,terug,0,MM1 ?V
25.5380,terug,0,MM0 ?V
25.5380,terug,0,MM1 V=120:223:4899
25.5380,terug,0,MM0 V=120:223:4902
25.5380,terug,0,"#123,YAW,2.92,GYRO,-11,39,-4,ACC,-2,2,256,ADC,1207,382,6,2,"
25.5380,terug,0,MM0 !M -80 60
25.5380,terug,0,MM0 +
25.5380,terug,0,MM1 !M -80 60
25.5381,terug,0,MM1 +
25.5381,terug,0,MM0 ?CR
25.5381,terug,0,MM1 ?CR
25.5381,terug,0,MM0 CR=-1:1
25.5381,terug,0,MM1 CR=-2:1
25.5381,terug,0,MM1 !M 0 0!M 0 0
25.5381,terug,0,MM0 !M 0 0!M 0 0
25.5381,terug,0,MM1 +
25.5381,terug,0,MM0 +
25.5381,terug,0,"#124,YAW,2.92,GYRO,-12,46,13,ACC,-4,0,259,ADC,1280,396,5,2,"
25.5381,terug,0,MM0 ?A
25.5381,terug,0,MM1 ?A
25.5381,terug,0,MM0 A=0:0
25.5381,terug,0,MM1 A=0:0
25.5722,terug,0,"$GPRMC,130534.8,A,5050.51361,N,00419.37801,E,000.08,161.3,081026,000.4,E*55"
25.5723,terug,0,"#125,YAW,2.92,GYRO,-18,-12,2,ACC,30,2,246,ADC,1277,314,7,1,"
25.5723,terug,0,MM1 ?AI
25.5723,terug,0,MM0 ?AI
25.5723,terug,0,MM1 AI=0:0:2336:2387:0:0
25.5723,terug,0,MM0 AI=0:0:2438:2457:0:0
25.5723,terug,0,MM0 !M 0 0
25.5723,terug,0,MM1 !M 0 0
25.5723,terug,0,MM0 +
25.5723,terug,0,MM1 +
25.5723,terug,0,"#126,YAW,2.92,GYRO,-14,80,-34,ACC,24,8,265,ADC,1235,300,5,1,"
25.5723,terug,0,MM0 ?C
25.5723,terug,0,MM1 ?C
25.5723,terug,0,MM0 C=-1067:-859
25.5723,terug,0,MM1 C=-921:-1067
25.5940,terug,0,"#127,YAW,2.92,GYRO,-8,56,-30,ACC,31,0,268,ADC,1251,500,3,2,"
25.5940,terug,0,MM0 ?D
25.5940,terug,0,MM1 ?D
25.5940,terug,0,MM0 D=50
25.5940,terug,0,MM1 D=1
25.6290,terug,0,"#128,YAW,2.92,GYRO,-17,41,-14,ACC,27,2,256,ADC,1233,497,4,1,"
25.6290,terug,0,MM0 ?FF
25.6290,terug,0,MM1 ?FF
25.6290,terug,0,MM0 FF=0
25.6290,terug,0,MM1 FF=0
25.6290,terug,0,MM0 !M 0 0
25.6290,terug,0,MM1 !M 0 0
25.6290,terug,0,MM0 +
25.6290,terug,0,MM1 +
25.6290,terug,0,"#129,YAW,2.92,GYRO,-14,56,6,ACC,22,-2,255,ADC,1290,389,7,2,"
25.6291,terug,0,MM0 ?P
25.6291,terug,0,MM1 ?P
25.6291,terug,0,MM0 P=0:0
25.6291,terug,0,MM1 P=0:0
25.6501,terug,0,"#130,YAW,2.92,GYRO,-15,30,14,ACC,21,-1,258,ADC,1264,383,4,2,"
25.6501,terug,0,MM0 ?S
25.6501,terug,0,MM1 ?S
25.6501,terug,0,MM0 S=0:0
25.6501,terug,0,MM1 S=0:0
25.6841,terug,0,"#131,YAW,2.92,GYRO,-19,45,5,ACC,4,-3,258,ADC,1252,498,5,2,"
25.6841,terug,0,MM0 ?T
25.6841,terug,0,MM1 ?T
25.6841,terug,0,MM0 T=35:35
25.6841,terug,0,MM1 T=36:34
25.6841,terug,0,MM1 !M 0 0
25.6841,terug,0,MM0 !M 0 0
25.6841,terug,0,MM1 +
25.6841,terug,0,MM0 +
25.6841,terug,0,"#132,YAW,2.92,GYRO,-9,76,-13,ACC,-7,1,258,ADC,1226,382,6,2,"
25.6841,terug,0,MM0 ?V
25.6841,terug,0,MM1 ?V
25.6841,terug,0,MM0 V=120:223:4905
25.6841,terug,0,MM1 V=120:223:4898
25.7470,terug,0,"#133,YAW,2.92,GYRO,-19,32,-5,ACC,-2,0,251,ADC,1244,384,5,2,"
25.7471,terug,0,MM0 ?CR
25.7471,terug,0,MM1 ?CR
25.7471,terug,0,MM0 CR=0:0
25.7471,terug,0,MM1 CR=0:0
25.7471,terug,0,MM1 !M 0 0
25.7471,terug,0,MM0 !M 0 0
25.7471,terug,0,MM0 +
25.7471,terug,0,MM1 +
25.7471,terug,0,"#134,YAW,2.92,GYRO,-16,34,2,ACC,3,0,253,ADC,1246,319,6,2,"
25.7471,terug,0,MM0 ?A
25.7471,terug,0,MM1 ?A
25.7471,terug,0,MM0 A=0:0
25.7471,terug,0,MM1 A=0:0
25.7471,terug,0,"$GPRMC,130535.0,A,5050.51361,N,00419.37801,E,000.05,161.3,081026,000.4,E*51"
25.7561,terug,0,"#135,YAW,2.92,GYRO,-16,50,2,ACC,-3,0,258,ADC,1234,401,6,2,"
25.7561,terug,0,MM0 ?AI
25.7561,terug,0,MM1 ?AI
25.7561,terug,0,MM0 AI=0:0:2433:2451:0:0
25.7561,terug,0,MM1 AI=0:0:2353:2359:0:0
25.7562,terug,0,"#136,YAW,2.92,GYRO,-14,36,-21,ACC,0,2,257,ADC,1226,386,4,2,"
25.7562,terug,0,MM0 ?C
25.7772,terug,0,MM1 ?C
25.7772,terug,0,MM0 C=-1066:-860
25.7772,terug,0,MM1 C=-920:-1067
25.7773,terug,0,MM1 !M 0 0
25.7773,terug,0,MM0 !M 0 0
25.7773,terug,0,MM1 +
25.7773,terug,0,MM0 +
25.7773,terug,0,"#137,YAW,2.92,GYRO,-12,46,-26,ACC,1,2,259,ADC,1240,387,4,1,"
25.7773,terug,0,MM0 ?D
25.7773,terug,0,MM1 ?D
25.7773,terug,0,MM0 D=16
25.7984,terug,0,MM1 D=35
25.7984,terug,0,"#138,YAW,2.92,GYRO,-15,41,-21,ACC,2,0,263,ADC,1251,501,3,1,"
25.7984,terug,0,MM0 ?FF
25.7984,terug,0,MM1 ?FF
25.7985,terug,0,MM0 FF=0
25.7985,terug,0,MM1 FF=0
25.8337,terug,0,MM1 !M 0 0
25.8337,terug,0,MM0 !M 0 0
25.8337,terug,0,MM1 +
25.8337,terug,0,MM0 +
25.8337,terug,0,"#139,YAW,2.92,GYRO,-14,43,0,ACC,0,2,259,ADC,1234,385,5,2,"
25.8338,terug,0,MM0 ?P
25.8338,terug,0,MM1 ?P
25.8338,terug,0,MM0 P=0:0
25.8338,terug,0,MM1 P=0:0
25.8542,terug,0,"#140,YAW,2.92,GYRO,-13,46,17,ACC,-3,-1,257,ADC,1243,501,5,2,"
25.8542,terug,0,MM0 ?S
25.8542,terug,0,MM1 ?S
25.8542,terug,0,MM0 S=0:0
25.8542,terug,0,MM1 S=0:0
25.8880,terug,0,"#141,YAW,2.92,GYRO,-13,47,13,ACC,-5,2,259,ADC,1300,388,5,2,"
25.8880,terug,0,MM0 ?T
25.8880,terug,0,MM1 ?T
25.8880,terug,0,MM0 T=35:35
25.8880,terug,0,MM1 T=36:34
25.8880,terug,0,MM1 !M 0 0
25.8880,terug,0,MM0 !M 0 0
25.8880,terug,0,MM1 +
25.8880,terug,0,MM0 +
25.8880,terug,0,"#142,YAW,2.92,GYRO,-13,43,-2,ACC,-2,3,257,ADC,1242,398,6,1,"
25.8881,terug,0,MM0 ?V
25.8881,terug,0,MM1 ?V
25.8881,terug,0,MM0 V=120:223:4902
25.8881,terug,0,MM1 V=120:224:4898
25.9373,terug,0,"#143,YAW,2.92,GYRO,-13,46,-12,ACC,2,0,255,ADC,1212,500,7,2,"
25.9374,terug,0,MM0 ?CR
25.9374,terug,0,MM1 ?CR
25.9374,terug,0,MM0 CR=1:-1
25.9374,terug,0,MM1 CR=2:-1
25.9374,terug,0,MM0 !M 0 0
25.9374,terug,0,MM1 !M 0 0
25.9374,terug,0,MM0 +
25.9374,terug,0,MM1 +
25.9374,terug,0,"#144,YAW,2.92,GYRO,-14,43,-7,ACC,0,1,255,ADC,1254,291,5,1,"
25.9374,terug,0,MM0 ?A
25.9374,terug,0,MM1 ?A
25.9374,terug,0,MM0 A=0:0
25.9374,terug,0,MM1 A=0:0
25.9374,terug,0,"$GPRMC,130535.2,A,5050.51361,N,00419.37800,E,000.05,161.3,081026,000.4,E*52"
25.9583,terug,0,"#145,YAW,2.92,GYRO,-14,46,-3,ACC,7,0,257,ADC,1289,454,7,2,"
25.9583,terug,0,MM0 ?AI
25.9583,terug,0,MM1 ?AI
25.9583,terug,0,MM0 AI=0:0:2430:2459:0:0
25.9583,terug,0,MM1 AI=0:0:2358:2367:0:0
25.9583,terug,0,"#146,YAW,2.92,GYRO,-13,47,-6,ACC,8,4,265,ADC,1251,500,7,2,"
25.9584,terug,0,MM0 ?C
25.9584,terug,0,MM1 ?C
25.9584,terug,0,MM0 C=-1066:-861
25.9922,terug,0,MM1 C=-919:-1068
25.9923,terug,0,MM1 !M 0 0
25.9923,terug,0,MM0 !M 0 0
25.9923,terug,0,MM1 +
25.9923,terug,0,MM0 +
25.9923,terug,0,"#147,YAW,2.92,GYRO,-14,50,-7,ACC,4,3,259,ADC,1257,384,5,2,"
25.9924,terug,0,MM0 ?D
25.9924,terug,0,MM1 ?D
25.9924,terug,0,MM1 D=34
25.9924,terug,0,MM0 D=0
26.0260,terug,0,"#148,YAW,2.92,GYRO,-14,47,-4,ACC,5,0,256,ADC,1271,392,5,2,"
26.0260,terug,0,MM0 ?FF
26.0261,terug,0,MM1 ?FF
26.0261,terug,0,MM0 FF=0
26.0261,terug,0,MM1 FF=0
26.0261,terug,0,MM0 !M 0 0
26.0261,terug,0,MM1 !M 0 0
26.0261,terug,0,MM0 +
26.0261,terug,0,MM1 +
26.0261,terug,0,"#149,YAW,2.92,GYRO,-12,48,-4,ACC,4,2,259,ADC,1231,382,5,2,"
26.0261,terug,0,MM0 ?P
26.0261,terug,0,MM1 ?P
26.0261,terug,0,MM0 P=0:0
26.0261,terug,0,MM1 P=0:0
26.0500,terug,0,"#150,YAW,2.92,GYRO,-13,46,-8,ACC,2,1,257,ADC,1231,388,6,2,"
26.0500,terug,0,MM0 ?S
26.0500,terug,0,MM1 ?S
26.0500,terug,0,MM0 S=0:0
26.0500,terug,0,MM1 S=0:0
26.0841,terug,0,"#151,YAW,2.92,GYRO,-12,48,-6,ACC,3,0,258,ADC,1246,387,5,2,"
26.0841,terug,0,MM0 ?T
26.0841,terug,0,MM1 ?T
26.0841,terug,0,MM0 T=35:35
26.0841,terug,0,MM1 T=36:34
26.0841,terug,0,MM1 !M 0 0
26.0841,terug,0,MM0 !M 0 0
26.0841,terug,0,MM1 +
26.0841,terug,0,MM0 +
26.0841,terug,0,"#152,YAW,2.92,GYRO,-12,48,-3,ACC,7,0,256,ADC,1244,382,6,2,"
26.0841,terug,0,MM0 ?V
26.0841,terug,0,MM1 ?V
26.0842,terug,0,MM0 V=120:223:4903
26.0842,terug,0,MM1 V=120:223:4899
26.1383,terug,0,"#153,YAW,2.92,GYRO,-13,48,-6,ACC,5,2,258,ADC,1220,383,6,2,"
26.1383,terug,0,MM0 ?CR
26.1383,terug,0,MM1 ?CR
26.1384,terug,0,MM0 CR=0:0
26.1384,terug,0,MM1 CR=0:0
26.1384,terug,0,"#154,YAW,2.92,GYRO,-13,47,-6,ACC,3,2,256,ADC,1282,497,5,2,"
26.1384,terug,0,MM0 !M 0 0
26.1384,terug,0,MM0 +
26.1384,terug,0,MM1 !M 0 0
26.1384,terug,0,MM1 +
26.1384,terug,0,MM0 ?A
26.1384,terug,0,MM1 ?A
26.1384,terug,0,MM0 A=0:0
26.1384,terug,0,MM1 A=0:0
26.1384,terug,0,"$GPRMC,130535.4,A,5050.51361,N,00419.37800,E,000.07,161.3,081026,000.4,E*56"
26.1891,terug,0,"#155,YAW,2.92,GYRO,-12,45,-5,ACC,4,0,255,ADC,1294,382,5,1,"
26.1891,terug,0,MM0 ?AI
26.1891,terug,0,MM1 ?AI
26.1891,terug,0,MM0 AI=0:0:2460:2441:0:0
26.1891,terug,0,MM1 AI=0:0:2375:2373:0:0
26.1891,terug,0,"#156,YAW,2.92,GYRO,-13,47,-5,ACC,4,2,260,ADC,1253,403,5,2,"
26.1892,terug,0,MM0 ?C
26.1892,terug,0,MM1 ?C
26.1892,terug,0,MM0 C=-1066:-861
26.1892,terug,0,MM1 C=-919:-1068
26.1893,terug,0,MM1 !M 0 0
26.1893,terug,0,MM0 !M 0 0
26.1893,terug,0,MM1 +
26.1893,terug,0,MM0 +
26.1893,terug,0,"#157,YAW,2.92,GYRO,-13,46,-6,ACC,5,0,258,ADC,1266,501,5,2,"
26.1894,terug,0,MM0 ?D
26.1894,terug,0,MM1 ?D
26.1894,terug,0,MM1 D=42
26.1894,terug,0,MM0 D=0
26.2391,terug,0,"#158,YAW,2.92,GYRO,-14,48,-4,ACC,2,2,256,ADC,1245,392,6,2,"
26.2391,terug,0,MM0 ?FF
26.2391,terug,0,MM1 ?FF
26.2391,terug,0,MM0 FF=0
26.2391,terug,0,MM1 FF=0
26.2391,terug,0,"#159,YAW,2.92,GYRO,-13,48,-4,ACC,4,3,259,ADC,1264,392,5,2,"
26.2392,terug,0,MM0 ?P
26.2392,terug,0,MM1 ?P
26.2392,terug,0,MM0 P=0:0
26.2392,terug,0,MM1 P=0:0
26.2392,terug,0,MM0 !M 0 0
26.2392,terug,0,MM0 +
26.2392,terug,0,MM1 !M 0 0
26.2392,terug,0,MM1 +
26.2392,terug,0,"#160,YAW,2.92,GYRO,-14,46,-7,ACC,6,1,255,ADC,1238,388,5,2,"
26.2392,terug,0,MM0 ?S
26.2392,terug,0,MM1 ?S
26.2392,terug,0,MM0 S=0:0
26.2392,terug,0,MM1 S=0:0
26.2912,terug,0,"#161,YAW,2.92,GYRO,-13,47,-5,ACC,4,2,254,ADC,1288,408,6,1,"
26.2913,terug,0,MM0 ?T
26.2913,terug,0,MM1 ?T
26.2913,terug,0,MM0 T=35:35
26.2913,terug,0,MM1 T=36:34
26.2913,terug,0,MM0 !M 0 0
26.2913,terug,0,MM1 !M 0 0
26.2913,terug,0,MM0 +
26.2913,terug,0,MM1 +
26.2913,terug,0,"#162,YAW,2.92,GYRO,-13,48,-6,ACC,4,1,256,ADC,1235,386,5,2,"
26.2913,terug,0,MM0 ?V
26.2913,terug,0,MM1 ?V
26.2913,terug,0,MM0 V=120:224:4901
26.2913,terug,0,MM1 V=120:223:4899
26.3415,terug,0,"#163,YAW,2.92,GYRO,-14,48,-5,ACC,6,2,257,ADC,1229,381,5,2,"
26.3415,terug,0,MM0 ?CR
26.3415,terug,0,MM1 ?CR
26.3415,terug,0,MM0 CR=0:0
26.3415,terug,0,MM1 CR=0:0
26.3415,terug,0,"#164,YAW,2.92,GYRO,-13,45,-4,ACC,6,3,259,ADC,1264,392,4,2,"
26.3415,terug,0,MM0 ?A
26.3416,terug,0,MM1 ?A
26.3416,terug,0,MM0 A=0:0
26.3416,terug,0,MM1 A=0:0
26.3416,terug,0,MM1 !M 0 0
26.3416,terug,0,MM0 !M 0 0
26.3416,terug,0,MM1 +
26.3416,terug,0,MM0 +
26.3416,terug,0,"$GPRMC,130535.6,A,5050.51362,N,00419.37800,E,000.09,161.3,081026,000.4,E*59"
26.3416,terug,0,"#165,YAW,2.92,GYRO,-12,45,-6,ACC,8,0,248,ADC,1266,299,6,2,"
26.3416,terug,0,MM0 ?AI
26.3416,terug,0,MM1 ?AI
26.3912,terug,0,MM0 AI=0:0:2430:2454:0:0
26.3912,terug,0,MM1 AI=0:0:2347:2393:0:0
26.3912,terug,0,"#166,YAW,2.92,GYRO,-13,46,-5,ACC,4,4,257,ADC,1266,501,4,2,"
26.3913,terug,0,MM0 ?C
26.3913,terug,0,MM1 ?C
26.3913,terug,0,MM0 C=-1066:-861
26.3913,terug,0,MM1 C=-919:-1068
26.3914,terug,0,MM1 !M 0 0
26.3914,terug,0,MM0 !M 0 0
26.3914,terug,0,MM1 +
26.3914,terug,0,MM0 +
26.3914,terug,0,"#167,YAW,2.92,GYRO,-13,46,-6,ACC,-1,2,259,ADC,1230,383,4,2,"
26.3914,terug,0,MM0 ?D
26.3915,terug,0,MM1 ?D
26.3915,terug,0,MM1 D=42
26.3915,terug,0,MM0 D=0
26.4420,terug,0,"#168,YAW,2.92,GYRO,-13,48,-4,ACC,2,3,259,ADC,1231,485,5,2,"
26.4421,terug,0,MM0 ?FF
26.4421,terug,0,MM1 ?FF
26.4421,terug,0,MM0 FF=0
26.4421,terug,0,MM1 FF=0
26.4421,terug,0,"#169,YAW,2.92,GYRO,-13,46,-5,ACC,3,2,256,ADC,1257,502,5,2,"
26.4421,terug,0,MM0 ?P
26.4421,terug,0,MM1 ?P
26.4421,terug,0,MM0 P=0:0
26.4421,terug,0,MM1 P=0:0
26.4421,terug,0,MM1 !M 0 0
26.4421,terug,0,MM0 !M 0 0
26.4421,terug,0,MM1 +
26.4421,terug,0,MM0 +
26.4422,terug,0,"#170,YAW,2.92,GYRO,-12,47,-5,ACC,5,1,258,ADC,1267,390,4,2,"
26.4422,terug,0,MM0 ?S
26.4422,terug,0,MM1 ?S
26.4422,terug,0,MM0 S=0:0
26.4422,terug,0,MM1 S=0:0
26.4942,terug,0,"#171,YAW,2.92,GYRO,-12,48,-6,ACC,5,0,259,ADC,1269,502,4,2,"
26.4942,terug,0,MM0 ?T
26.4943,terug,0,MM1 ?T
26.4943,terug,0,MM0 T=35:35
26.4943,terug,0,MM1 T=36:34
26.4943,terug,0,MM1 !M 0 0
26.4943,terug,0,MM0 !M 0 0
26.4943,terug,0,MM1 +
26.4943,terug,0,MM0 +
26.4943,terug,0,"#172,YAW,2.92,GYRO,-13,48,-4,ACC,0,0,258,ADC,1231,381,5,2,"
26.4943,terug,0,MM0 ?V
26.4943,terug,0,MM1 ?V
26.4943,terug,0,MM0 V=120:222:4902
26.4943,terug,0,MM1 V=120:224:4899
26.5420,terug,0,"#173,YAW,2.92,GYRO,-14,46,-6,ACC,4,0,257,ADC,1296,408,3,2,"
26.5420,terug,0,MM0 ?CR
26.5421,terug,0,MM1 ?CR
26.5421,terug,0,MM0 CR=0:0
26.5421,terug,0,MM1 CR=0:0
26.5421,terug,0,"#174,YAW,2.92,GYRO,-12,46,-5,ACC,0,1,259,ADC,1224,383,7,1,"
26.5421,terug,0,MM0 ?A
26.5421,terug,0,MM1 ?A
26.5421,terug,0,MM0 A=0:0
26.5421,terug,0,MM1 A=0:0
26.5421,terug,0,MM0 !M 0 0
26.5421,terug,0,MM1 !M 0 0
26.5421,terug,0,MM0 +
26.5421,terug,0,MM1 +
26.5421,terug,0,"$GPRMC,130535.8,A,5050.51362,N,00419.37800,E,000.09,161.3,081026,000.4,E*57"
26.5421,terug,0,"#175,YAW,2.92,GYRO,-13,47,-7,ACC,5,2,254,ADC,1271,294,6,2,"
26.5421,terug,0,MM0 ?AI
26.5421,terug,0,MM1 ?AI
26.5963,terug,0,MM0 AI=0:0:2416:2462:0:0
26.5963,terug,0,MM1 AI=0:0:2354:2369:0:0
26.5963,terug,0,"#176,YAW,2.92,GYRO,-12,47,-6,ACC,5,1,258,ADC,1295,391,6,2,"
26.5963,terug,0,MM0 ?C
26.5963,terug,0,MM1 ?C
26.5963,terug,0,MM0 C=-1066:-861
26.5963,terug,0,MM1 C=-919:-1068
26.5964,terug,0,MM1 !M 0 0
26.5964,terug,0,MM0 !M 0 0
26.5964,terug,0,MM1 +
26.5964,terug,0,MM0 +
26.5964,terug,0,"#177,YAW,2.92,GYRO,-13,48,-6,ACC,5,3,259,ADC,1257,317,7,2,"
26.5964,terug,0,MM0 ?D
26.5964,terug,0,MM1 ?D
26.5964,terug,0,MM1 D=34
26.5965,terug,0,MM0 D=0
26.5965,terug,0,"#178,YAW,2.92,GYRO,-13,46,-7,ACC,7,0,260,ADC,1222,382,7,2,"
26.5965,terug,0,MM0 ?FF
26.6325,terug,0,MM1 ?FF
26.6325,terug,0,MM0 FF=0
26.6325,terug,0,MM1 FF=0
26.6325,terug,0,MM1 !M 0 0
26.6325,terug,0,MM0 !M 0 0
26.6325,terug,0,MM1 +
26.6325,terug,0,MM0 +
26.6325,terug,0,"#179,YAW,2.92,GYRO,-13,46,-5,ACC,4,1,257,ADC,1245,386,6,1,"
26.6325,terug,0,MM0 ?P
26.6325,terug,0,MM1 ?P
26.6325,terug,0,MM0 P=0:0
26.6325,terug,0,MM1 P=0:0
26.6511,terug,0,"#180,YAW,2.92,GYRO,-13,46,-7,ACC,4,0,255,ADC,1246,388,6,2,"
26.6511,terug,0,MM0 ?S
26.6511,terug,0,MM1 ?S
26.6511,terug,0,MM0 S=0:0
26.6511,terug,0,MM1 S=0:0
26.6850,terug,0,"#181,YAW,2.92,GYRO,-12,45,-6,ACC,4,0,259,ADC,1247,404,5,2,"
26.6851,terug,0,MM0 ?T
26.6851,terug,0,MM1 ?T
26.6851,terug,0,MM0 T=35:35
26.6851,terug,0,MM1 T=36:34
26.6851,terug,0,MM0 !M 0 0
26.6851,terug,0,MM1 !M 0 0
26.6851,terug,0,MM0 +
26.6851,terug,0,MM1 +
26.6851,terug,0,"#182,YAW,2.92,GYRO,-14,45,-6,ACC,4,1,255,ADC,1222,492,3,2,"
26.6851,terug,0,MM0 ?V
26.6851,terug,0,MM1 ?V
26.6851,terug,0,MM0 V=120:223:4902
26.6851,terug,0,MM1 V=120:222:4899
26.7065,terug,0,"#183,YAW,2.92,GYRO,-13,45,-6,ACC,7,1,253,ADC,1320,500,7,2,"
26.7065,terug,0,MM0 ?CR
26.7065,terug,0,MM1 ?CR
26.7065,terug,0,MM0 CR=0:0
26.7065,terug,0,MM1 CR=0:0
26.7403,terug,0,"#184,YAW,2.92,GYRO,-13,46,-5,ACC,4,2,254,ADC,1244,394,5,2,"
26.7403,terug,0,MM0 ?A
26.7403,terug,0,MM1 ?A
26.7403,terug,0,MM0 A=0:0
26.7403,terug,0,MM1 A=0:0
26.7403,terug,0,MM0 !M 0 0
26.7403,terug,0,MM1 !M 0 0
26.7403,terug,0,MM0 +
26.7403,terug,0,MM1 +
26.7404,terug,0,"#185,YAW,2.92,GYRO,-12,46,-6,ACC,5,0,263,ADC,1203,383,4,1,"
26.7994,terug,0,"$GPRMC,130536.0,A,5050.51363,N,00419.37800,E,000.11,161.3,081026,000.4,E*54"
26.7994,terug,0,MM0 ?AI
26.7994,terug,0,MM1 ?AI
26.7994,terug,0,MM0 AI=0:0:2447:2446:0:0
26.7994,terug,0,MM1 AI=0:0:2351:2363:0:0
26.7994,terug,0,"#186,YAW,2.92,GYRO,-12,46,-6,ACC,4,1,257,ADC,1277,390,7,2,"
26.7995,terug,0,MM0 ?C
26.7995,terug,0,MM1 ?C
26.7995,terug,0,MM0 C=-1066:-861
26.7995,terug,0,MM1 C=-919:-1068
26.7997,terug,0,"#187,YAW,2.92,GYRO,-13,45,-7,ACC,7,1,253,ADC,1299,386,5,1,"
26.7997,terug,0,MM0 ?D
26.7997,terug,0,MM1 ?D
26.7997,terug,0,MM1 D=34
26.7997,terug,0,MM0 D=0
26.7997,terug,0,MM1 !M 0 0
26.7997,terug,0,MM0 !M 0 0
26.7997,terug,0,MM1 +
26.7997,terug,0,MM0 +
26.7997,terug,0,"#188,YAW,2.92,GYRO,-14,46,-6,ACC,5,0,258,ADC,1240,498,3,2,"
26.7998,terug,0,MM0 ?FF
26.7998,terug,0,MM1 ?FF
26.7998,terug,0,MM0 FF=0
26.7998,terug,0,MM1 FF=0
26.8332,terug,0,MM1 !M 0 0
26.8332,terug,0,MM0 !M 0 0
26.8332,terug,0,MM1 +
26.8332,terug,0,MM0 +
26.8332,terug,0,"#189,YAW,2.92,GYRO,-13,45,-4,ACC,6,0,256,ADC,1244,386,6,2,"
26.8332,terug,0,MM0 ?P
26.8332,terug,0,MM1 ?P
26.8332,terug,0,MM0 P=0:0
26.8332,terug,0,MM1 P=0:0
26.8542,terug,-80,"#190,YAW,2.92,GYRO,-11,45,-6,ACC,3,-1,254,ADC,1271,388,5,2,"
26.8543,terug,-80,MM0 ?S
26.8543,terug,-80,MM1 ?S
26.8543,terug,-80,MM0 S=0:0
26.8543,terug,-80,MM1 S=0:0
26.8880,terug,-80,"#191,YAW,2.92,GYRO,-13,46,-7,ACC,3,3,258,ADC,1238,393,7,2,"
26.8880,terug,-80,MM0 ?T
26.8881,terug,-80,MM1 ?T
26.8881,terug,-80,MM0 T=35:35
26.8881,terug,-80,MM1 T=36:34
26.8881,terug,-80,MM0 !M -91 69
26.8881,terug,-80,MM1 !M -91 69
26.8881,terug,-80,MM0 +
26.8881,terug,-80,MM1 +
26.8881,terug,-80,"#192,YAW,2.92,GYRO,-13,45,-4,ACC,-1,1,257,ADC,1242,496,5,1,"
26.8881,terug,-80,MM0 ?V
26.8881,terug,-80,MM1 ?V
26.8881,terug,-80,MM0 V=120:225:4901
26.8882,terug,-80,MM1 V=120:223:4899
26.9087,terug,-80,"#193,YAW,2.92,GYRO,-15,108,-1,ACC,-26,3,278,ADC,1261,393,6,2,"
26.9087,terug,-80,MM0 ?CR
26.9087,terug,-80,MM1 ?CR
26.9087,terug,-80,MM1 CR=-1:0
26.9087,terug,-80,MM0 CR=0:0
26.9723,terug,0,"#194,YAW,2.92,GYRO,-10,-3,5,ACC,-10,-1,245,ADC,1266,503,4,2,"
26.9724,terug,0,MM0 ?A
26.9724,terug,0,MM1 ?A
26.9724,terug,0,MM0 A=-4:0
26.9724,terug,0,MM1 A=-4:0
26.9724,terug,0,MM0 !M -91 69
26.9724,terug,0,MM0 +
26.9724,terug,0,MM1 !M -91 69
26.9724,terug,0,MM1 +
26.9724,terug,0,"#195,YAW,2.92,GYRO,-15,78,-14,ACC,-4,-1,260,ADC,1256,413,5,2,"
26.9724,terug,0,"$GPRMC,130536.2,A,5050.51363,N,00419.37799,E,000.11,161.3,081026,000.4,E*59"
26.9724,terug,0,MM1 ?AI
26.9724,terug,0,MM0 ?AI
26.9725,terug,0,MM1 AI=0:0:2370:2300:0:0
26.9725,terug,0,MM0 AI=0:0:2423:2459:0:0
26.9725,terug,0,MM0 !M 0 0
26.9725,terug,0,MM1 !M 0 0
26.9725,terug,0,MM0 +
26.9725,terug,0,MM1 +
26.9725,terug,0,"#196,YAW,2.92,GYRO,-12,62,-11,ACC,-10,0,254,ADC,1291,372,4,2,"
26.9725,terug,0,MM0 ?C
26.9725,terug,0,MM1 ?C
26.9725,terug,0,MM0 C=-1067:-860
26.9725,terug,0,MM1 C=-921:-1067
27.0245,terug,0,"#197,YAW,2.92,GYRO,-18,-62,2,ACC,34,4,247,ADC,1249,388,5,2,"
27.0246,terug,0,MM0 ?D
27.0246,terug,0,MM1 ?D
27.0246,terug,0,MM0 D=18
27.0246,terug,0,MM1 D=1
27.0246,terug,0,"#198,YAW,2.92,GYRO,-4,128,-20,ACC,34,2,269,ADC,1262,386,5,2,"
27.0246,terug,0,MM1 ?FF
27.0246,terug,0,MM0 ?FF
27.0246,terug,0,MM1 FF=0
27.0246,terug,0,MM0 FF=0
27.0246,terug,0,MM1 !M 0 0
27.0246,terug,0,MM0 !M 0 0
27.0246,terug,0,MM1 +
27.0246,terug,0,MM0 +
27.0246,terug,0,"#199,YAW,2.92,GYRO,-10,42,-14,ACC,24,3,261,ADC,1247,497,4,2,"
27.0247,terug,0,MM0 ?P
27.0247,terug,0,MM1 ?P
27.0247,terug,0,MM0 P=0:0
27.0247,terug,0,MM1 P=0:0
27.0737,terug,0,"#200,YAW,2.92,GYRO,-13,30,-6,ACC,31,2,249,ADC,1239,391,5,1,"
27.0738,terug,0,MM0 ?S
27.0738,terug,0,MM1 ?S
27.0738,terug,0,MM0 S=0:0
27.0738,terug,0,MM1 S=0:0
27.0738,terug,0,MM1 !M 0 0
27.0738,terug,0,MM0 !M 0 0
27.0738,terug,0,MM1 +
27.0738,terug,0,MM0 +
27.0738,terug,0,"#201,YAW,2.92,GYRO,-14,68,-2,ACC,21,1,256,ADC,1268,401,7,2,"
27.0738,terug,0,MM0 ?T
27.0738,terug,0,MM1 ?T
27.0738,terug,0,MM0 T=35:35
27.0738,terug,0,MM1 T=36:34
27.1259,terug,0,"#202,YAW,2.92,GYRO,-14,21,-3,ACC,20,-1,257,ADC,1259,387,4,2,"
27.1259,terug,0,MM0 ?V
27.1259,terug,0,MM1 ?V
27.1259,terug,0,MM0 V=120:223:4903
27.1259,terug,0,MM1 V=120:222:4898
27.1259,terug,0,"#203,YAW,2.92,GYRO,-15,55,-8,ACC,21,-4,258,ADC,1267,501,6,2,"
27.1260,terug,0,MM1 ?CR
27.1260,terug,0,MM0 ?CR
27.1260,terug,0,MM1 CR=-1:1
27.1260,terug,0,MM0 CR=-1:1
27.1260,terug,0,MM1 !M 0 0
27.1260,terug,0,MM0 !M 0 0
27.1260,terug,0,MM1 +
27.1260,terug,0,MM0 +
27.1260,terug,0,"#204,YAW,2.92,GYRO,-15,37,-8,ACC,8,1,256,ADC,1248,383,7,2,"
27.1260,terug,0,MM0 ?A
27.1260,terug,0,MM1 ?A
27.1260,terug,0,MM0 A=0:0
27.1260,terug,0,MM1 A=0:0
27.1769,terug,0,"$GPRMC,130536.4,A,5050.51364,N,00419.37799,E,000.12,161.3,081026,000.4,E*5B"
27.1770,terug,0,"#205,YAW,2.92,GYRO,-20,66,11,ACC,-4,-1,257,ADC,1187,351,5,1,"
27.1770,terug,0,MM1 ?AI
27.1770,terug,0,MM0 ?AI
27.1770,terug,0,MM1 AI=0:0:2351:2356:0:0
27.1770,terug,0,MM0 AI=0:0:2431:2470:0:0
27.1770,terug,0,MM0 !M 0 0
27.1770,terug,0,MM1 !M 0 0
27.1770,terug,0,MM0 +
27.1770,terug,0,MM1 +
27.1770,terug,0,"#206,YAW,2.92,GYRO,-8,37,-4,ACC,-6,1,257,ADC,1246,395,4,1,"
27.1770,terug,0,MM0 ?C
27.1770,terug,0,MM1 ?C
27.1770,terug,0,MM0 C=-1066:-860
27.1770,terug,0,MM1 C=-920:-1068
27.2251,terug,0,"#207,YAW,2.92,GYRO,-13,36,-24,ACC,5,1,261,ADC,1227,382,7,2,"
27.2252,terug,0,MM1 ?D
27.2252,terug,0,MM0 ?D
27.2252,terug,0,MM1 D=35
27.2252,terug,0,MM0 D=16
27.2252,terug,0,"#208,YAW,2.92,GYRO,-14,44,-25,ACC,-2,1,259,ADC,1219,381,3,1,"
27.2252,terug,0,MM1 ?FF
27.2252,terug,0,MM0 ?FF
27.2252,terug,0,MM1 FF=0
27.2252,terug,0,MM0 FF=0
27.2252,terug,0,MM1 !M 0 0
27.2252,terug,0,MM0 !M 0 0
27.2252,terug,0,MM1 +
27.2252,terug,0,MM0 +
27.2252,terug,0,"#209,YAW,2.92,GYRO,-18,47,-2,ACC,-7,1,256,ADC,1247,380,8,1,"
27.2252,terug,0,MM1 ?P
27.2252,terug,0,MM0 ?P
27.2252,terug,0,MM1 P=0:0
27.2252,terug,0,MM0 P=0:0
27.2786,terug,0,"#210,YAW,2.92,GYRO,-10,41,17,ACC,-3,0,258,ADC,1290,427,7,2,"
27.2787,terug,0,MM1 ?S
27.2787,terug,0,MM0 ?S
27.2787,terug,0,MM0 S=0:0
27.2787,terug,0,MM1 S=0:-75
27.2787,terug,0,MM0 !M 0 0
27.2787,terug,0,MM1 !M 0 0
27.2787,terug,0,MM0 +
27.2787,terug,0,MM1 +
27.2787,terug,0,"#211,YAW,2.92,GYRO,-14,45,12,ACC,-1,1,255,ADC,1264,273,4,2,"
27.2787,terug,0,MM1 ?T
27.2787,terug,0,MM0 ?T
27.2787,terug,0,MM1 T=36:34
27.2787,terug,0,MM0 T=35:35
27.2787,terug,0,"#212,YAW,2.92,GYRO,-14,45,-2,ACC,2,0,255,ADC,1208,383,4,2,"
27.3132,terug,0,MM1 ?V
27.3132,terug,0,MM0 ?V
27.3132,terug,0,MM1 V=120:223:4898
27.3132,terug,0,MM0 V=120:224:4902
27.3132,terug,0,MM0 !M 0 0
27.3132,terug,0,MM1 !M 0 0
27.3132,terug,0,MM0 +
27.3132,terug,0,MM1 +
27.3132,terug,0,"#213,YAW,2.92,GYRO,-13,48,-12,ACC,1,1,252,ADC,1248,382,5,2,"
27.3132,terug,0,MM1 ?CR
27.3132,terug,0,MM0 ?CR
27.3132,terug,0,MM1 CR=2:-2
27.3132,terug,0,MM0 CR=2:-1
27.3342,terug,0,"#214,YAW,2.92,GYRO,-14,42,-12,ACC,7,2,262,ADC,1253,398,4,2,"
27.3342,terug,0,MM1 ?A
27.3342,terug,0,MM0 ?A
27.3342,terug,0,MM1 A=0:0
27.3342,terug,0,MM0 A=0:0
27.3681,terug,0,"$GPRMC,130536.6,A,5050.51365,N,00419.37799,E,000.14,161.3,081026,000.4,E*5E"
27.3681,terug,0,"#215,YAW,2.92,GYRO,-12,46,-4,ACC,8,1,254,ADC,1252,376,5,2,"
27.3681,terug,0,MM1 ?AI
27.3681,terug,0,MM0 ?AI
27.3681,terug,0,MM1 AI=0:0:2375:2347:0:0
27.3681,terug,0,MM0 AI=0:0:2438:2457:0:0
27.3681,terug,0,MM1 !M 0 0
27.3681,terug,0,MM0 !M 0 0
27.3681,terug,0,MM1 +
27.3681,terug,0,MM0 +
27.3681,terug,0,"#216,YAW,2.92,GYRO,-14,47,-3,ACC,9,1,253,ADC,1218,339,4,1,"
27.3681,terug,0,MM1 ?C
27.3681,terug,0,MM0 ?C
27.3681,terug,0,MM1 C=-919:-1069
27.3681,terug,0,MM0 C=-1065:-862
27.3889,terug,0,"#217,YAW,2.92,GYRO,-13,47,-4,ACC,6,1,261,ADC,1301,497,4,2,"
27.3890,terug,0,MM1 ?D
27.3890,terug,0,MM0 ?D
27.3890,terug,0,MM1 D=50
27.3890,terug,0,MM0 D=33
27.4230,terug,0,"#218,YAW,2.92,GYRO,-13,49,-4,ACC,-1,0,258,ADC,1278,502,4,2,"
27.4230,terug,0,MM1 ?FF
27.4230,terug,0,MM0 ?FF
27.4230,terug,0,MM1 FF=0
27.4230,terug,0,MM0 FF=0
27.4230,terug,0,MM0 !M 0 0
27.4230,terug,0,MM1 !M 0 0
27.4230,terug,0,MM0 +
27.4230,terug,0,MM1 +
27.4230,terug,0,"#219,YAW,2.92,GYRO,-12,47,-2,ACC,3,0,258,ADC,1275,395,5,2,"
27.4231,terug,0,MM1 ?P
27.4231,terug,0,MM0 ?P
27.4231,terug,0,MM1 P=0:0
27.4231,terug,0,MM0 P=0:0
27.4936,terug,0,"#220,YAW,2.92,GYRO,-13,45,-6,ACC,4,0,257,ADC,1223,383,3,1,"
27.4936,terug,0,MM1 ?S
27.4936,terug,0,MM0 ?S
27.4936,terug,0,MM1 S=0:0
27.4936,terug,0,MM0 S=0:0
27.4936,terug,0,MM0 !M 0 0
27.4936,terug,0,MM1 !M 0 0
27.4936,terug,0,MM0 +
27.4936,terug,0,MM1 +
27.4936,terug,0,"#221,YAW,2.92,GYRO,-12,44,-8,ACC,5,1,258,ADC,1266,275,5,1,"
27.4936,terug,0,MM0 ?T
27.4936,terug,0,MM1 ?T
27.4936,terug,0,MM0 T=35:34
27.4936,terug,0,MM1 T=36:34
27.4937,terug,0,"#222,YAW,2.92,GYRO,-12,45,-5,ACC,1,1,254,ADC,1279,393,7,1,"
27.4937,terug,0,MM0 ?V
27.4937,terug,0,MM1 ?V
27.5292,terug,0,MM0 V=120:224:4903
27.5292,terug,0,MM1 V=120:223:4900
27.5292,terug,0,"#223,YAW,2.92,GYRO,-13,46,-3,ACC,3,1,258,ADC,1264,390,4,2,"
27.5293,terug,0,MM0 ?CR
27.5293,terug,0,MM1 ?CR
27.5293,terug,0,MM0 CR=0:-1
27.5293,terug,0,MM1 CR=0:0
27.5293,terug,0,MM0 !M 0 0
27.5293,terug,0,MM1 !M 0 0
27.5293,terug,0,MM0 +
27.5293,terug,0,MM1 +
27.5293,terug,0,"#224,YAW,2.92,GYRO,-12,46,-4,ACC,4,2,259,ADC,1290,501,6,1,"
27.5293,terug,0,MM0 ?A
27.5293,terug,0,MM1 ?A
27.5293,terug,0,MM0 A=0:0
27.5293,terug,0,MM1 A=0:0
27.5789,terug,0,"$GPRMC,130536.8,A,5050.51365,N,00419.37799,E,000.16,161.3,081026,000.4,E*52"
27.5789,terug,0,"#225,YAW,2.92,GYRO,-14,45,-6,ACC,5,1,261,ADC,1262,452,4,2,"
27.5789,terug,0,MM0 ?AI
27.5789,terug,0,MM1 ?AI
27.5789,terug,0,MM0 AI=0:0:2441:2457:0:0
27.5790,terug,0,MM1 AI=0:0:2354:2355:0:0
27.5790,terug,0,"#226,YAW,2.92,GYRO,-14,46,-6,ACC,4,2,259,ADC,1215,390,6,2,"
27.5790,terug,0,MM0 !M 0 0
27.5790,terug,0,MM0 +
27.5790,terug,0,MM1 !M 0 0
27.5790,terug,0,MM1 +
27.5790,terug,0,MM0 ?C
27.5790,terug,0,MM1 ?C
27.5790,terug,0,MM0 C=-1065:-862
27.5790,terug,0,MM1 C=-919:-1069
27.5791,terug,0,"#227,YAW,2.92,GYRO,-13,48,-7,ACC,6,1,257,ADC,1264,396,6,2,"
27.5791,terug,0,MM0 ?D
27.5791,terug,0,MM1 ?D
27.5791,terug,0,MM0 D=41
27.5791,terug,0,MM1 D=50
27.6322,terug,0,"#228,YAW,2.92,GYRO,-13,46,-7,ACC,5,1,257,ADC,1204,387,8,2,"
27.6322,terug,0,MM0 ?FF
27.6322,terug,0,MM1 ?FF
27.6322,terug,0,MM1 FF=0
27.6322,terug,0,MM0 FF=0
27.6322,terug,0,MM0 !M 0 0
27.6322,terug,0,MM1 !M 0 0
27.6322,terug,0,MM0 +
27.6322,terug,0,MM1 +
27.6322,terug,0,"#229,YAW,2.92,GYRO,-12,48,-3,ACC,3,0,255,ADC,1260,385,5,2,"
27.6323,terug,0,MM1 ?P
27.6323,terug,0,MM0 ?P
27.6323,terug,0,MM1 P=0:0
27.6323,terug,0,MM0 P=0:0
27.6660,terug,0,"#230,YAW,2.92,GYRO,-12,47,-5,ACC,3,1,257,ADC,1260,402,4,1,"
27.6660,terug,0,MM1 ?S
27.6660,terug,0,MM0 ?S
27.6660,terug,0,MM1 S=0:0
27.6660,terug,0,MM0 S=0:0
27.6660,terug,0,MM0 !M 0 0
27.6660,terug,0,MM1 !M 0 0
27.6660,terug,0,MM0 +
27.6660,terug,0,MM1 +
27.6660,terug,0,"#231,YAW,2.92,GYRO,-12,47,-7,ACC,3,2,258,ADC,1274,386,5,2,"
27.6660,terug,0,MM1 ?T
27.6660,terug,0,MM0 ?T
27.6661,terug,0,MM1 T=36:34
27.6661,terug,0,MM0 T=35:35
27.6884,terug,0,"#232,YAW,2.92,GYRO,-13,46,-4,ACC,5,2,258,ADC,1248,385,7,1,"
27.6884,terug,0,MM1 ?V
27.6884,terug,0,MM0 ?V
27.6884,terug,0,MM1 V=120:223:4901
27.6884,terug,0,MM0 V=120:223:4905
27.7230,terug,0,"#233,YAW,2.92,GYRO,-14,46,-4,ACC,5,0,253,ADC,1260,499,5,2,"
27.7231,terug,0,MM0 ?CR
27.7231,terug,0,MM1 ?CR
27.7231,terug,0,MM0 CR=0:0
27.7231,terug,0,MM1 CR=0:0
27.7231,terug,0,MM0 !M 0 0
27.7231,terug,0,MM1 !M 0 0
27.7231,terug,0,MM0 +
27.7231,terug,0,MM1 +
27.7231,terug,0,"#234,YAW,2.92,GYRO,-13,46,-6,ACC,3,0,256,ADC,1261,382,5,2,"
27.7231,terug,0,MM0 ?A
27.7231,terug,0,MM1 ?A
27.7231,terug,0,MM0 A=0:0
27.7231,terug,0,MM1 A=0:0
27.7444,terug,0,"$GPRMC,130537.0,A,5050.51366,N,00419.37799,E,000.15,161.3,081026,000.4,E*5B"
27.7444,terug,0,"#235,YAW,2.92,GYRO,-13,48,-5,ACC,5,0,260,ADC,1214,343,4,2,"
27.7444,terug,0,MM0 ?AI
27.7444,terug,0,MM1 ?AI
27.7444,terug,0,MM0 AI=0:0:2433:2453:0:0
27.7782,terug,0,MM1 AI=0:0:2345:2349:0:0
27.7782,terug,0,"#236,YAW,2.92,GYRO,-14,46,-6,ACC,2,-1,258,ADC,1258,497,5,2,"
27.7783,terug,0,MM0 !M 0 0
27.7783,terug,0,MM0 +
27.7783,terug,0,MM1 !M 0 0
27.7783,terug,0,MM1 +
27.7783,terug,0,MM0 ?C
27.7783,terug,0,MM1 ?C
27.7783,terug,0,MM0 C=-1065:-862
27.7783,terug,0,MM1 C=-919:-1069
27.7783,terug,0,"#237,YAW,2.92,GYRO,-13,46,-7,ACC,3,-1,260,ADC,1231,383,4,1,"
27.7784,terug,0,MM0 ?D
27.7784,terug,0,MM1 ?D
27.7784,terug,0,MM0 D=33
27.7784,terug,0,MM1 D=50
27.8301,terug,0,"#238,YAW,2.92,GYRO,-12,46,-7,ACC,7,0,255,ADC,1236,380,4,2,"
27.8302,terug,0,MM0 ?FF
27.8302,terug,0,MM1 ?FF
27.8302,terug,0,MM0 FF=0
27.8302,terug,0,MM1 FF=0
27.8302,terug,0,MM0 !M 0 0
27.8302,terug,0,MM1 !M 0 0
27.8302,terug,0,MM0 +
27.8302,terug,0,MM1 +
27.8302,terug,0,"#239,YAW,2.92,GYRO,-13,47,-7,ACC,6,0,262,ADC,1223,385,5,2,"
27.8302,terug,0,MM0 ?P
27.8302,terug,0,MM1 ?P
27.8302,terug,0,MM0 P=0:0
27.8302,terug,0,MM1 P=0:0
27.8802,terug,0,"#240,YAW,2.92,GYRO,-13,46,-5,ACC,2,0,253,ADC,1293,500,5,1,"
27.8802,terug,0,MM0 ?S
27.8802,terug,0,MM1 ?S
27.8802,terug,0,MM0 S=0:0
27.8802,terug,0,MM1 S=0:0
27.8802,terug,0,"#241,YAW,2.92,GYRO,-14,46,-6,ACC,4,2,253,ADC,1253,413,4,2,"
27.8802,terug,0,MM0 ?T
27.8802,terug,0,MM1 ?T
27.8802,terug,0,MM0 T=35:34
27.8802,terug,0,MM1 T=36:34
27.8802,terug,0,MM0 !M 0 0
27.8803,terug,0,MM1 !M 0 0
27.8803,terug,0,MM0 +
27.8803,terug,0,MM1 +
27.8803,terug,0,"#242,YAW,2.92,GYRO,-12,47,-6,ACC,7,1,260,ADC,1248,391,5,2,"
27.8803,terug,0,MM0 ?V
27.8803,terug,0,MM1 ?V
27.8803,terug,0,MM0 V=120:224:4905
27.8803,terug,0,MM1 V=120:223:4901
27.9312,terug,0,"#243,YAW,2.92,GYRO,-15,46,-6,ACC,4,2,258,ADC,1266,501,5,2,"
27.9313,terug,0,MM0 ?CR
27.9313,terug,0,MM1 ?CR
27.9313,terug,0,MM0 CR=0:0
27.9313,terug,0,MM1 CR=0:0
27.9313,terug,0,MM0 !M 0 0
27.9313,terug,0,MM1 !M 0 0
27.9313,terug,0,MM0 +
27.9313,terug,0,MM1 +
27.9313,terug,0,"#244,YAW,2.92,GYRO,-13,45,-6,ACC,5,1,259,ADC,1218,381,6,2,"
27.9313,terug,0,MM0 ?A
27.9313,terug,0,MM1 ?A
27.9313,terug,0,MM0 A=0:0
27.9313,terug,0,MM1 A=0:0
27.9810,terug,0,"$GPRMC,130537.2,A,5050.51367,N,00419.37799,E,000.16,161.3,081026,000.4,E*5B"
27.9810,terug,0,"#245,YAW,2.92,GYRO,-13,48,-6,ACC,3,1,255,ADC,1204,338,4,2,"
27.9811,terug,0,MM1 ?AI
27.9811,terug,0,MM0 ?AI
27.9811,terug,0,MM1 AI=0:0:2361:2355:0:0
27.9811,terug,0,MM0 AI=0:0:2427:2462:0:0
27.9811,terug,0,"#246,YAW,2.93,GYRO,-13,47,-6,ACC,2,2,255,ADC,1266,387,4,1,"
27.9811,terug,0,MM0 ?C
27.9811,terug,0,MM1 ?C
27.9811,terug,0,MM0 C=-1065:-862
27.9811,terug,0,MM1 C=-919:-1069
27.9812,terug,0,MM0 !M 0 0
27.9812,terug,0,MM1 !M 0 0
27.9812,terug,0,MM0 +
27.9812,terug,0,MM1 +
27.9812,terug,0,"#247,YAW,2.93,GYRO,-12,45,-5,ACC,5,1,254,ADC,1285,500,4,2,"
27.9812,terug,0,MM0 ?D
27.9812,terug,0,MM1 ?D
27.9812,terug,0,MM0 D=33
27.9812,terug,0,MM1 D=50
28.0312,terug,0,"#248,YAW,2.93,GYRO,-13,47,-6,ACC,3,0,258,ADC,1256,400,9,2,"
28.0313,terug,0,MM0 ?FF
28.0313,terug,0,MM1 ?FF
28.0313,terug,0,MM0 FF=0
28.0313,terug,0,MM1 FF=0
28.0313,terug,0,MM0 !M 0 0
28.0313,terug,0,MM1 !M 0 0
28.0313,terug,0,MM0 +
28.0313,terug,0,MM1 +
28.0313,terug,0,"#249,YAW,2.93,GYRO,-15,46,-6,ACC,4,4,260,ADC,1249,383,5,2,"
28.0313,terug,0,MM0 ?P
28.0313,terug,0,MM1 ?P
28.0313,terug,0,MM0 P=0:0
28.0313,terug,0,MM1 P=0:0
28.0823,terug,0,"#250,YAW,2.93,GYRO,-12,47,-6,ACC,1,0,258,ADC,1235,385,5,2,"
28.0824,terug,0,MM0 ?S
28.0824,terug,0,MM1 ?S
28.0824,terug,0,MM0 S=0:0
28.0824,terug,0,MM1 S=0:0
28.0824,terug,0,"#251,YAW,2.93,GYRO,-13,46,-5,ACC,7,0,257,ADC,1292,500,6,2,"
28.0824,terug,0,MM0 ?T
28.0824,terug,0,MM1 ?T
28.0824,terug,0,MM0 T=35:35
28.0824,terug,0,MM1 T=36:34
28.0824,terug,0,MM0 !M 0 0
28.0824,terug,0,MM1 !M 0 0
28.0824,terug,0,MM0 +
28.0824,terug,0,MM1 +
28.0824,terug,0,"#252,YAW,2.93,GYRO,-13,46,-5,ACC,1,1,253,ADC,1270,500,5,1,"
28.0825,terug,0,MM0 ?V
28.0825,terug,0,MM1 ?V
28.0825,terug,0,MM0 V=120:224:4905
28.0825,terug,0,MM1 V=120:223:4902
28.1323,terug,0,"#253,YAW,2.93,GYRO,-13,47,-4,ACC,4,1,259,ADC,1266,496,5,2,"
28.1324,terug,0,MM0 ?CR
28.1324,terug,0,MM1 ?CR
28.1324,terug,0,MM0 CR=0:0
28.1324,terug,0,MM1 CR=0:0
28.1324,terug,0,MM0 !M 0 0
28.1324,terug,0,MM1 !M 0 0
28.1324,terug,0,MM0 +
28.1324,terug,0,MM1 +
28.1324,terug,0,"#254,YAW,2.93,GYRO,-13,47,-5,ACC,4,1,253,ADC,1274,500,6,2,"
28.1324,terug,0,MM0 ?A
28.1324,terug,0,MM1 ?A
28.1324,terug,0,MM0 A=0:0
28.1324,terug,0,MM1 A=0:0
28.1841,terug,0,"$GPRMC,130537.4,A,5050.51368,N,00419.37799,E,000.19,161.3,081026,000.4,E*5D"
28.1841,terug,0,"#255,YAW,2.93,GYRO,-13,46,-7,ACC,2,2,253,ADC,1224,342,4,2,"
28.1842,terug,0,MM0 ?AI
28.1842,terug,0,MM1 ?AI
28.1842,terug,0,MM0 AI=0:0:2449:2453:0:0
28.1842,terug,0,MM1 AI=0:0:2362:2383:0:0
28.1842,terug,0,"#0,YAW,2.93,GYRO,-13,48,-5,ACC,6,0,259,ADC,1239,402,5,2,"
28.1842,terug,0,MM0 ?C
28.1842,terug,0,MM1 ?C
28.1842,terug,0,MM0 C=-1065:-862
28.1842,terug,0,MM1 C=-919:-1069
28.1843,terug,0,MM0 !M 0 0
28.1843,terug,0,MM1 !M 0 0
28.1843,terug,0,MM0 +
28.1843,terug,0,MM1 +
28.1843,terug,0,"#1,YAW,2.93,GYRO,-13,46,-4,ACC,4,0,255,ADC,1250,499,5,1,"
28.1843,terug,0,MM0 ?D
28.1843,terug,0,MM1 ?D
28.1843,terug,0,MM0 D=33
28.1843,terug,0,MM1 D=50
28.2353,terug,-80,"#2,YAW,2.93,GYRO,-13,47,-6,ACC,5,1,259,ADC,1226,380,4,2,"
28.2353,terug,-80,MM0 ?FF
28.2353,terug,-80,MM1 ?FF
28.2353,terug,-80,MM0 FF=0
28.2353,terug,-80,MM1 FF=0
28.2353,terug,-80,MM1 !M -92 68
28.2353,terug,-80,MM0 !M -92 68
28.2353,terug,-80,MM1 +
28.2353,terug,-80,MM0 +
28.2353,terug,-80,"#3,YAW,2.93,GYRO,-13,47,-6,ACC,4,1,257,ADC,1239,381,4,2,"
28.2354,terug,-80,MM0 ?P
28.2354,terug,-80,MM1 ?P
28.2354,terug,-80,MM0 P=-81:68
28.2354,terug,-80,MM1 P=-81:68
28.2354,terug,-80,"#4,YAW,2.93,GYRO,-9,120,12,ACC,-42,7,261,ADC,1264,383,6,1,"
28.2854,terug,-80,MM0 ?S
28.2854,terug,-80,MM1 ?S
28.2854,terug,-80,MM0 S=0:0
28.2854,terug,-80,MM1 S=0:0
28.2854,terug,-80,"#5,YAW,2.92,GYRO,-9,11,11,ACC,-12,-2,254,ADC,1217,383,5,2,"
28.2854,terug,-80,MM0 ?T
28.2854,terug,-80,MM1 ?T
28.2855,terug,-80,MM0 T=35:35
28.2855,terug,-80,MM1 T=36:34
28.2855,terug,-80,MM1 !M -92 68
28.2855,terug,-80,MM0 !M -92 68
28.2855,terug,-80,MM1 +
28.2855,terug,-80,MM0 +
28.2855,terug,-80,"#6,YAW,2.93,GYRO,-16,40,-15,ACC,-12,-2,257,ADC,1236,387,6,2,"
28.2855,terug,-80,MM0 ?V
28.2855,terug,-80,MM1 ?V
28.2855,terug,-80,MM0 V=120:224:4905
28.2855,terug,-80,MM1 V=120:222:4901
28.3373,terug,-80,"#7,YAW,2.93,GYRO,-15,77,-31,ACC,-14,4,261,ADC,1274,500,3,1,"
28.3373,terug,-80,MM0 ?CR
28.3373,terug,-80,MM1 ?CR
28.3373,terug,-80,MM0 CR=-1:2
28.3373,terug,-80,MM1 CR=-1:2
28.3373,terug,-80,MM0 !M -93 67
28.3373,terug,-80,MM1 !M -93 67
28.3374,terug,-80,MM0 +
28.3374,terug,-80,MM1 +
28.3374,terug,-80,"#8,YAW,2.93,GYRO,-10,54,-19,ACC,-10,5,248,ADC,1244,330,3,2,"
28.3374,terug,-80,MM0 ?A
28.3374,terug,-80,MM1 ?A
28.3374,terug,-80,MM1 A=-4:0
28.3374,terug,-80,MM0 A=0:0
28.3374,terug,-80,"#9,YAW,2.93,GYRO,-9,43,12,ACC,-1,5,260,ADC,1259,400,4,1,"
28.3851,terug,0,"$GPRMC,130537.6,A,5050.51369,N,00419.37800,E,000.21,161.3,081026,000.4,E*5A"
28.3851,terug,0,MM0 ?AI
28.3851,terug,0,MM1 ?AI
28.3851,terug,0,MM0 AI=0:0:2445:2458:0:0
28.3851,terug,0,MM1 AI=0:0:2366:2347:0:0
28.3851,terug,0,"#10,YAW,2.93,GYRO,-9,47,2,ACC,3,0,254,ADC,1246,383,4,2,"
28.3852,terug,0,MM0 ?C
28.3852,terug,0,MM1 ?C
28.3852,terug,0,MM0 C=-1068:-858
28.3852,terug,0,MM1 C=-922:-1066
28.3853,terug,0,MM0 !M -93 67
28.3853,terug,0,MM1 !M -93 67
28.3853,terug,0,MM0 +
28.3853,terug,0,MM1 +
28.3853,terug,0,"#11,YAW,2.93,GYRO,-6,77,-5,ACC,-1,3,257,ADC,1244,395,4,2,"
28.3853,terug,0,MM0 ?D
28.3853,terug,0,MM1 ?D
28.3853,terug,0,MM0 D=33
28.3853,terug,0,MM1 D=50
28.4394,terug,0,"#12,YAW,2.93,GYRO,-5,40,9,ACC,7,-1,261,ADC,1289,503,8,1,"
28.4394,terug,0,MM0 ?FF
28.4395,terug,0,MM1 ?FF
28.4395,terug,0,MM0 FF=0
28.4395,terug,0,MM1 FF=0
28.4395,terug,0,"#13,YAW,2.93,GYRO,-9,43,-20,ACC,10,1,249,ADC,1246,409,4,2,"
28.4395,terug,0,MM0 ?P
28.4395,terug,0,MM1 ?P
28.4395,terug,0,MM0 P=-93:67
28.4395,terug,0,MM1 P=-93:67
28.4395,terug,0,MM0 !M 0 0
28.4395,terug,0,MM1 !M 0 0
28.4395,terug,0,MM0 +
28.4395,terug,0,MM1 +
28.4395,terug,0,"#14,YAW,2.93,GYRO,4,76,-31,ACC,46,2,267,ADC,1244,501,4,2,"
28.4395,terug,0,MM0 ?S
28.4395,terug,0,MM1 ?S
28.4395,terug,0,MM0 S=0:0
28.4395,terug,0,MM1 S=0:0
28.4880,terug,0,"#15,YAW,2.93,GYRO,-32,-9,-47,ACC,18,-1,254,ADC,1236,499,5,2,"
28.4880,terug,0,MM0 ?T
28.4880,terug,0,MM1 ?T
28.4880,terug,0,MM0 T=35:34
28.4880,terug,0,MM1 T=36:34
28.4880,terug,0,MM1 !M 0 0
28.4880,terug,0,MM0 !M 0 0
28.4880,terug,0,MM1 +
28.4880,terug,0,MM0 +
28.4880,terug,0,"#16,YAW,2.93,GYRO,-7,32,-34,ACC,38,0,251,ADC,1322,500,4,2,"
28.4880,terug,0,MM0 ?V
28.4880,terug,0,MM1 ?V
28.4880,terug,0,MM0 V=120:226:4903
28.4880,terug,0,MM1 V=120:223:4901
28.5431,terug,0,"#17,YAW,2.93,GYRO,-23,51,3,ACC,33,0,261,ADC,1250,391,7,1,"
28.5432,terug,0,MM0 ?CR
28.5432,terug,0,MM1 ?CR
28.5432,terug,0,MM0 CR=-5:4
28.5432,terug,0,MM1 CR=-4:3
28.5432,terug,0,"#18,YAW,2.93,GYRO,-10,55,16,ACC,21,-1,258,ADC,1280,498,4,2,"
28.5432,terug,0,MM0 ?A
28.5432,terug,0,MM1 ?A
28.5432,terug,0,MM0 A=0:0
28.5432,terug,0,MM1 A=0:0
28.5432,terug,0,MM0 !M 0 0
28.5432,terug,0,MM1 !M 0 0
28.5432,terug,0,MM0 +
28.5432,terug,0,MM1 +
28.5432,terug,0,"$GPRMC,130537.8,A,5050.51370,N,00419.37800,E,000.24,161.3,081026,000.4,E*59"
28.5432,terug,0,"#19,YAW,2.93,GYRO,-16,53,11,ACC,21,2,255,ADC,1218,348,5,2,"
28.5433,terug,0,MM0 ?AI
28.5433,terug,0,MM1 ?AI
28.5782,terug,0,MM0 AI=0:0:2442:2451:0:0
28.5782,terug,0,MM1 AI=0:0:2352:2387:0:0
28.5782,terug,0,MM0 !M 0 0
28.5782,terug,0,MM1 !M 0 0
28.5782,terug,0,MM0 +
28.5782,terug,0,MM1 +
28.5782,terug,0,"#20,YAW,2.93,GYRO,-16,39,8,ACC,20,3,253,ADC,1279,365,5,2,"
28.5783,terug,0,MM0 ?C
28.5783,terug,0,MM1 ?C
28.5783,terug,0,MM0 C=-1071:-857
28.5783,terug,0,MM1 C=-924:-1064
28.5784,terug,0,"#21,YAW,2.93,GYRO,-20,50,10,ACC,8,6,256,ADC,1268,385,5,2,"
28.5784,terug,0,MM0 ?D
28.5784,terug,0,MM1 ?D
28.5784,terug,0,MM1 D=34
28.5784,terug,0,MM0 D=0
28.5989,terug,0,"#22,YAW,2.93,GYRO,-13,50,-6,ACC,4,2,267,ADC,1227,385,5,2,"
28.5989,terug,0,MM0 ?FF
28.5989,terug,0,MM1 ?FF
28.5989,terug,0,MM0 FF=0
28.5989,terug,0,MM1 FF=0
28.6352,terug,0,MM0 !M 0 0
28.6352,terug,0,MM1 !M 0 0
28.6352,terug,0,MM0 +
28.6352,terug,0,MM1 +
28.6352,terug,0,"#23,YAW,2.93,GYRO,-20,42,-38,ACC,5,-1,254,ADC,1242,295,4,2,"
28.6352,terug,0,MM0 ?P
28.6352,terug,0,MM1 ?P
28.6352,terug,0,MM0 P=0:0
28.6352,terug,0,MM1 P=0:0
28.6352,terug,0,"#24,YAW,2.93,GYRO,-14,49,-39,ACC,-1,1,250,ADC,1280,396,3,2,"
28.6561,terug,0,MM0 ?S
28.6561,terug,0,MM1 ?S
28.6561,terug,0,MM0 S=0:0
28.6561,terug,0,MM1 S=75:-75
28.6561,terug,0,"#25,YAW,2.93,GYRO,-13,45,-5,ACC,-5,2,266,ADC,1268,498,6,2,"
28.6561,terug,0,MM0 ?T
28.6900,terug,0,MM1 ?T
28.6901,terug,0,MM0 T=35:34
28.6901,terug,0,MM1 T=36:34
28.6901,terug,0,MM0 !M 0 0
28.6901,terug,0,MM1 !M 0 0
28.6901,terug,0,MM0 +
28.6901,terug,0,MM1 +
28.6901,terug,0,"#26,YAW,2.93,GYRO,-19,31,23,ACC,-3,3,250,ADC,1198,381,6,2,"
28.6901,terug,0,MM0 ?V
28.6901,terug,0,MM1 ?V
28.6901,terug,0,MM0 V=120:223:4903
28.6901,terug,0,MM1 V=120:223:4899
28.7449,terug,0,"#27,YAW,2.93,GYRO,-12,41,15,ACC,8,0,254,ADC,1237,404,3,2,"
28.7449,terug,0,MM0 ?CR
28.7449,terug,0,MM1 ?CR
28.7449,terug,0,MM0 CR=3:-2
28.7450,terug,0,MM1 CR=3:-1
28.7450,terug,0,"#28,YAW,2.93,GYRO,-18,42,-9,ACC,2,-3,259,ADC,1267,388,6,2,"
28.7450,terug,0,MM0 ?A
28.7450,terug,0,MM1 ?A
28.7450,terug,0,MM0 A=0:0
28.7450,terug,0,MM1 A=0:0
28.7450,terug,0,MM0 !M 0 0
28.7450,terug,0,MM1 !M 0 0
28.7450,terug,0,MM0 +
28.7450,terug,0,MM1 +
28.7450,terug,0,"$GPRMC,130538.0,A,5050.51371,N,00419.37801,E,000.24,161.3,081026,000.4,E*5E"
28.7450,terug,0,"#29,YAW,2.93,GYRO,-16,50,-35,ACC,1,0,257,ADC,1237,305,5,2,"
28.7450,terug,0,MM0 ?AI
28.7450,terug,0,MM1 ?AI
28.7450,terug,0,MM0 AI=0:0:2453:2451:0:0
28.7450,terug,0,MM1 AI=0:0:2352:2359:0:0
28.7790,terug,0,"#30,YAW,2.93,GYRO,-14,40,-27,ACC,-3,5,260,ADC,1246,388,5,2,"
28.7790,terug,0,MM0 !M 0 0
28.7790,terug,0,MM0 +
28.7790,terug,0,MM1 !M 0 0
28.7790,terug,0,MM1 +
28.7790,terug,0,MM0 ?C
28.7790,terug,0,MM1 ?C
28.7790,terug,0,MM0 C=-1068:-859
28.7790,terug,0,MM1 C=-921:-1066
28.7791,terug,0,"#31,YAW,2.93,GYRO,-13,45,0,ACC,-1,2,255,ADC,1217,380,6,1,"
28.7791,terug,0,MM0 ?D
28.7792,terug,0,MM1 ?D
28.7792,terug,0,MM0 D=50
28.7792,terug,0,MM1 D=17
28.7999,terug,0,"#32,YAW,2.93,GYRO,-12,40,23,ACC,-2,-2,253,ADC,1262,393,5,1,"
28.7999,terug,0,MM0 ?FF
28.8000,terug,0,MM1 ?FF
28.8000,terug,0,MM0 FF=0
28.8000,terug,0,MM1 FF=0
28.8343,terug,0,MM0 !M 0 0
28.8343,terug,0,MM1 !M 0 0
28.8343,terug,0,MM0 +
28.8343,terug,0,MM1 +
28.8343,terug,0,"#33,YAW,2.93,GYRO,-12,42,22,ACC,-4,-3,252,ADC,1239,384,5,2,"
28.8344,terug,0,MM0 ?P
28.8344,terug,0,MM1 ?P
28.8344,terug,0,MM0 P=0:0
28.8344,terug,0,MM1 P=0:0
28.8551,terug,0,"#34,YAW,2.93,GYRO,-11,49,3,ACC,-4,2,253,ADC,1286,403,4,2,"
28.8551,terug,0,MM0 ?S
28.8551,terug,0,MM1 ?S
28.8551,terug,0,MM0 S=0:0
28.8552,terug,0,MM1 S=0:0
28.8552,terug,0,"#35,YAW,2.93,GYRO,-13,41,-13,ACC,0,2,257,ADC,1256,386,6,2,"
28.8891,terug,0,MM0 ?T
28.8891,terug,0,MM1 ?T
28.8891,terug,0,MM0 T=35:35
28.8891,terug,0,MM1 T=36:34
28.8891,terug,0,MM0 !M 0 0
28.8891,terug,0,MM1 !M 0 0
28.8891,terug,0,MM0 +
28.8891,terug,0,MM1 +
28.8891,terug,0,"#36,YAW,2.93,GYRO,-14,45,-16,ACC,4,0,259,ADC,1264,501,4,1,"
28.8892,terug,0,MM0 ?V
28.8892,terug,0,MM1 ?V
28.8892,terug,0,MM0 V=120:223:4906
28.8892,terug,0,MM1 V=120:223:4899
28.9452,terug,0,"#37,YAW,2.93,GYRO,-13,45,-9,ACC,4,0,259,ADC,1257,501,5,1,"
28.9452,terug,0,MM0 ?CR
28.9453,terug,0,MM1 ?CR
28.9453,terug,0,MM0 CR=1:-1
28.9453,terug,0,MM1 CR=0:-2
28.9453,terug,0,"#38,YAW,2.93,GYRO,-14,43,-5,ACC,6,0,259,ADC,1278,393,5,1,"
28.9453,terug,0,MM0 ?A
28.9453,terug,0,MM1 ?A
28.9453,terug,0,MM0 A=0:0
28.9453,terug,0,MM1 A=0:0
28.9453,terug,0,MM0 !M 0 0
28.9454,terug,0,MM1 !M 0 0
28.9454,terug,0,MM0 +
28.9454,terug,0,MM1 +
28.9454,terug,0,"$GPRMC,130538.2,A,5050.51373,N,00419.37801,E,000.25,161.3,081026,000.4,E*5F"
28.9454,terug,0,"#39,YAW,2.93,GYRO,-15,50,-8,ACC,7,1,260,ADC,1244,311,6,1,"
28.9454,terug,0,MM0 ?AI
28.9454,terug,0,MM1 ?AI
28.9454,terug,0,MM0 AI=0:0:2464:2454:0:0
28.9790,terug,0,MM1 AI=0:0:2342:2385:0:0
28.9790,terug,0,"#40,YAW,2.93,GYRO,-13,50,-4,ACC,0,3,256,ADC,1253,501,5,2,"
28.9790,terug,0,MM0 ?C
28.9790,terug,0,MM1 ?C
28.9791,terug,0,MM0 C=-1067:-859
28.9791,terug,0,MM1 C=-921:-1067
28.9792,terug,0,MM0 !M 0 0
28.9792,terug,0,MM1 !M 0 0
28.9792,terug,0,MM0 +
28.9792,terug,0,MM1 +
28.9792,terug,0,"#41,YAW,2.93,GYRO,-14,45,0,ACC,1,1,262,ADC,1253,501,6,2,"
28.9792,terug,0,MM0 ?D
28.9792,terug,0,MM1 ?D
28.9792,terug,0,MM0 D=50
28.9792,terug,0,MM1 D=9
28.9999,terug,0,"#42,YAW,2.93,GYRO,-14,46,-6,ACC,4,0,257,ADC,1221,493,4,1,"
28.9999,terug,0,MM0 ?FF
28.9999,terug,0,MM1 ?FF
28.9999,terug,0,MM0 FF=0
28.9999,terug,0,MM1 FF=0
29.0350,terug,0,MM0 !M 0 0
29.0350,terug,0,MM1 !M 0 0
29.0350,terug,0,MM0 +
29.0350,terug,0,MM1 +
29.0350,terug,0,"#43,YAW,2.93,GYRO,-13,47,-8,ACC,4,0,257,ADC,1256,406,5,2,"
29.0351,terug,0,MM0 ?P
29.0351,terug,0,MM1 ?P
29.0351,terug,0,MM0 P=0:0
29.0351,terug,0,MM1 P=0:0
29.0551,terug,0,"#44,YAW,2.93,GYRO,-13,47,-4,ACC,5,1,256,ADC,1272,385,5,2,"
29.0551,terug,0,MM0 ?S
29.0551,terug,0,MM1 ?S
29.0551,terug,0,MM0 S=0:0
29.0551,terug,0,MM1 S=0:0
29.0552,terug,0,"#45,YAW,2.93,GYRO,-13,45,-4,ACC,5,2,253,ADC,1240,387,5,1,"
29.0890,terug,0,MM0 ?T
29.0890,terug,0,MM1 ?T
29.0890,terug,0,MM0 T=35:34
29.0890,terug,0,MM1 T=36:34
29.0890,terug,0,MM0 !M 0 0
29.0890,terug,0,MM1 !M 0 0
29.0890,terug,0,MM0 +
29.0890,terug,0,MM1 +
29.0890,terug,0,"#46,YAW,2.93,GYRO,-12,46,-5,ACC,7,0,259,ADC,1276,393,4,2,"
29.0890,terug,0,MM0 ?V
29.0890,terug,0,MM1 ?V
29.0890,terug,0,MM0 V=120:224:4906
29.0890,terug,0,MM1 V=120:223:4898
29.1430,terug,0,"#47,YAW,2.93,GYRO,-13,47,-7,ACC,3,1,255,ADC,1254,388,6,2,"
29.1431,terug,0,MM0 ?CR
29.1431,terug,0,MM1 ?CR
29.1431,terug,0,MM0 CR=0:0
29.1431,terug,0,MM1 CR=0:0
29.1431,terug,0,"#48,YAW,2.93,GYRO,-12,47,-4,ACC,2,3,259,ADC,1225,389,5,1,"
29.1431,terug,0,MM0 ?A
29.1431,terug,0,MM1 ?A
29.1431,terug,0,MM0 A=0:0
29.1431,terug,0,MM1 A=0:0
29.1431,terug,0,MM0 !M 0 0
29.1431,terug,0,MM1 !M 0 0
29.1431,terug,0,MM0 +
29.1431,terug,0,MM1 +
29.1431,terug,0,"$GPRMC,130538.4,A,5050.51374,N,00419.37802,E,000.25,161.3,081026,000.4,E*5D"
29.1432,terug,0,"#49,YAW,2.93,GYRO,-13,45,-5,ACC,6,2,263,ADC,1256,337,7,2,"
29.1432,terug,0,MM0 ?AI
29.1432,terug,0,MM1 ?AI
29.1432,terug,0,MM0 AI=0:0:2455:2453:0:0
29.1432,terug,0,MM1 AI=0:0:2384:2286:0:0
29.1955,terug,0,"#50,YAW,2.93,GYRO,-13,48,-7,ACC,4,0,259,ADC,1241,383,4,1,"
29.1956,terug,0,MM0 ?C
29.1956,terug,0,MM1 ?C
29.1956,terug,0,MM0 C=-1067:-859
29.1956,terug,0,MM1 C=-921:-1067
29.1957,terug,0,MM1 !M 0 0
29.1957,terug,0,MM0 !M 0 0
29.1957,terug,0,MM1 +
29.1957,terug,0,MM0 +
29.1957,terug,0,"#51,YAW,2.93,GYRO,-13,46,-6,ACC,5,2,257,ADC,1268,382,4,2,"
29.1957,terug,0,MM0 ?D
29.1957,terug,0,MM1 ?D
29.1957,terug,0,MM0 D=50
29.1957,terug,0,MM1 D=9
29.2450,terug,0,"#52,YAW,2.93,GYRO,-13,47,-5,ACC,3,0,253,ADC,1265,383,4,2,"
29.2450,terug,0,MM0 ?FF
29.2450,terug,0,MM1 ?FF
29.2450,terug,0,MM0 FF=0
29.2450,terug,0,MM1 FF=0
29.2450,terug,0,"#53,YAW,2.93,GYRO,-13,47,-7,ACC,4,0,257,ADC,1252,496,5,2,"
29.2451,terug,0,MM0 ?P
29.2451,terug,0,MM1 ?P
29.2451,terug,0,MM0 P=0:0
29.2451,terug,0,MM1 P=0:0
29.2451,terug,0,MM0 !M 0 0
29.2451,terug,0,MM1 !M 0 0
29.2451,terug,0,MM0 +
29.2451,terug,0,MM1 +
29.2451,terug,0,"#54,YAW,2.93,GYRO,-13,46,-6,ACC,5,0,257,ADC,1236,381,5,1,"
29.2451,terug,0,MM0 ?S
29.2451,terug,0,MM1 ?S
29.2451,terug,0,MM0 S=0:0
29.2451,terug,0,MM1 S=0:0
29.2952,terug,0,"#55,YAW,2.93,GYRO,-13,46,-6,ACC,4,2,251,ADC,1251,401,5,2,"
29.2952,terug,0,MM0 ?T
29.2952,terug,0,MM1 ?T
29.2952,terug,0,MM0 T=35:35
29.2953,terug,0,MM1 T=36:34
29.2953,terug,0,MM1 !M 0 0
29.2953,terug,0,MM0 !M 0 0
29.2953,terug,0,MM1 +
29.2953,terug,0,MM0 +
29.2953,terug,0,"#56,YAW,2.93,GYRO,-13,48,-6,ACC,5,2,257,ADC,1272,350,4,2,"
29.2953,terug,0,MM0 ?V
29.2953,terug,0,MM1 ?V
29.2953,terug,0,MM0 V=120:224:4907
29.2953,terug,0,MM1 V=120:223:4898
29.2953,terug,0,"#57,YAW,2.93,GYRO,-13,45,-4,ACC,4,3,257,ADC,1233,382,5,2,"
29.3452,terug,0,MM1 ?CR
29.3452,terug,0,MM0 ?CR
29.3452,terug,0,MM1 CR=0:0
29.3452,terug,0,MM0 CR=0:0
29.3452,terug,0,"#58,YAW,2.93,GYRO,-13,48,-5,ACC,4,0,255,ADC,1227,380,5,2,"
29.3453,terug,0,MM0 ?A
29.3453,terug,0,MM1 ?A
29.3453,terug,0,MM0 A=0:0
29.3453,terug,0,MM1 A=0:0
29.3453,terug,0,MM0 !M 0 0
29.3453,terug,0,MM1 !M 0 0
29.3453,terug,0,MM0 +
29.3453,terug,0,MM1 +
29.3453,terug,0,"$GPRMC,130538.6,A,5050.51375,N,00419.37803,E,000.22,161.3,081026,000.4,E*58"
29.3453,terug,0,"#59,YAW,2.93,GYRO,-14,46,-7,ACC,4,1,256,ADC,1217,316,5,1,"
29.3453,terug,0,MM1 ?AI
29.3453,terug,0,MM0 ?AI
29.3453,terug,0,MM1 AI=0:0:2365:2362:0:0
29.3453,terug,0,MM0 AI=0:0:2440:2424:0:0
29.3952,terug,0,"#60,YAW,2.93,GYRO,-15,47,-7,ACC,5,0,257,ADC,1197,380,5,2,"
29.3953,terug,0,MM0 ?C
29.3953,terug,0,MM1 ?C
29.3953,terug,0,MM0 C=-1067:-859
29.3953,terug,0,MM1 C=-921:-1067
29.3954,terug,0,MM1 !M 0 0
29.3954,terug,0,MM0 !M 0 0
29.3954,terug,0,MM1 +
29.3954,terug,0,MM0 +
29.3954,terug,0,"#61,YAW,2.93,GYRO,-13,47,-5,ACC,3,3,257,ADC,1247,398,5,1,"
29.3954,terug,0,MM0 ?D
29.3954,terug,0,MM1 ?D
29.3954,terug,0,MM0 D=50
29.3954,terug,0,MM1 D=1
29.3954,terug,0,"#62,YAW,2.93,GYRO,-13,48,-6,ACC,3,0,243,ADC,1270,503,4,2,"
29.4450,terug,0,MM1 ?FF
29.4450,terug,0,MM0 ?FF
29.4450,terug,0,MM1 FF=0
29.4450,terug,0,MM0 FF=0
29.4450,terug,0,"#63,YAW,2.93,GYRO,-13,47,-7,ACC,5,-1,259,ADC,1291,504,4,2,"
29.4450,terug,0,MM0 ?P
29.4450,terug,0,MM1 ?P
29.4450,terug,0,MM0 P=0:0
29.4450,terug,0,MM1 P=0:0
29.4450,terug,0,MM0 !M 0 0
29.4450,terug,0,MM1 !M 0 0
29.4450,terug,0,MM0 +
29.4450,terug,0,MM1 +
29.4450,terug,0,"#64,YAW,2.93,GYRO,-14,46,-6,ACC,4,0,257,ADC,1271,391,5,2,"
29.4451,terug,0,MM0 ?S
29.4451,terug,0,MM1 ?S
29.4451,terug,0,MM0 S=0:0
29.4451,terug,0,MM1 S=0:0
29.4962,terug,0,"#65,YAW,2.93,GYRO,-14,47,-6,ACC,3,3,255,ADC,1285,503,6,2,"
29.4962,terug,0,MM0 ?T
29.4962,terug,0,MM1 ?T
29.4962,terug,0,MM0 T=35:34
29.4962,terug,0,MM1 T=36:34
29.4962,terug,0,MM0 !M 0 0
29.4963,terug,0,MM1 !M 0 0
29.4963,terug,0,MM0 +
29.4963,terug,0,MM1 +
29.4963,terug,0,"#66,YAW,2.93,GYRO,-14,47,-7,ACC,5,-1,256,ADC,1266,307,3,2,"
29.4963,terug,0,MM1 ?V
29.4963,terug,0,MM0 ?V
29.4963,terug,0,MM1 V=120:222:4897
29.4963,terug,0,MM0 V=120:223:4907
29.4963,terug,0,"#67,YAW,2.93,GYRO,-14,46,-5,ACC,5,1,260,ADC,1271,496,6,2,"
29.4963,terug,0,MM1 ?CR
29.5462,terug,0,MM0 ?CR
29.5462,terug,0,MM1 CR=0:0
29.5462,terug,0,MM0 CR=0:0
29.5463,terug,0,"#68,YAW,2.93,GYRO,-13,47,-6,ACC,4,1,257,ADC,1234,392,4,1,"
29.5463,terug,0,MM1 ?A
29.5463,terug,0,MM0 ?A
29.5463,terug,0,MM1 A=0:0
29.5463,terug,0,MM0 A=0:0
29.5463,terug,0,MM0 !M 0 0
29.5463,terug,0,MM1 !M 0 0
29.5463,terug,0,MM0 +
29.5463,terug,0,MM1 +
29.5463,terug,0,"$GPRMC,130538.8,A,5050.51376,N,00419.37804,E,000.21,161.3,081026,000.4,E*51"
29.5463,terug,0,"#69,YAW,2.93,GYRO,-14,48,-5,ACC,4,3,255,ADC,1284,307,5,1,"
29.5463,terug,0,MM1 ?AI
29.5463,terug,0,MM0 ?AI
29.5463,terug,0,MM1 AI=0:0:2376:2368:0:0
29.5463,terug,0,MM0 AI=0:0:2457:2459:0:0
29.5962,terug,0,"#70,YAW,2.93,GYRO,-11,48,-5,ACC,6,0,260,ADC,1248,383,7,1,"
29.5963,terug,0,MM1 ?C
29.5963,terug,0,MM0 ?C
29.5963,terug,0,MM1 C=-921:-1067
29.5963,terug,0,MM0 C=-1067:-859
29.5964,terug,0,MM0 !M 0 0
29.5964,terug,0,MM1 !M 0 0
29.5964,terug,0,MM0 +
29.5964,terug,0,MM1 +
29.5964,terug,0,"#71,YAW,2.93,GYRO,-13,47,-6,ACC,6,-1,257,ADC,1295,384,4,1,"
29.5964,terug,0,MM0 ?D
29.5964,terug,0,MM1 ?D
29.5964,terug,0,MM0 D=50
29.5964,terug,0,MM1 D=1
29.5964,terug,0,"#72,YAW,2.93,GYRO,-13,48,-5,ACC,1,2,256,ADC,1256,386,5,1,"
29.5964,terug,0,MM1 ?FF
29.6460,terug,0,MM0 ?FF
29.6460,terug,0,MM1 FF=0
29.6460,terug,0,MM0 FF=0
29.6460,terug,0,"#73,YAW,2.93,GYRO,-14,45,-5,ACC,4,3,258,ADC,1256,500,4,2,"
29.6461,terug,0,MM1 ?P
29.6461,terug,0,MM0 ?P
29.6461,terug,0,MM1 P=0:0
29.6461,terug,0,MM0 P=0:0
29.6461,terug,0,MM0 !M 0 0
29.6461,terug,0,MM1 !M 0 0
29.6461,terug,0,MM0 +
29.6461,terug,0,MM1 +
29.6461,terug,0,"#74,YAW,2.93,GYRO,-13,46,-5,ACC,6,1,258,ADC,1242,392,6,2,"
29.6461,terug,0,MM1 ?S
29.6461,terug,0,MM0 ?S
29.6461,terug,0,MM1 S=0:0
29.6461,terug,0,MM0 S=0:0
29.6984,terug,0,"#75,YAW,2.93,GYRO,-13,46,-6,ACC,3,0,257,ADC,1243,401,5,2,"
29.6984,terug,0,MM1 ?T
29.6984,terug,0,MM0 ?T
29.6984,terug,0,MM1 T=36:34
29.6984,terug,0,MM0 T=35:35
29.6984,terug,0,MM1 !M 0 0
29.6984,terug,0,MM0 !M 0 0
29.6984,terug,0,MM1 +
29.6984,terug,0,"#76,YAW,2.93,GYRO,-13,48,-5,ACC,1,0,257,ADC,1237,365,6,2,"
29.6984,terug,0,MM0 +
29.6984,terug,0,MM1 ?V
29.6984,terug,0,MM0 ?V
29.6984,terug,0,MM1 V=120:223:4898
29.6985,terug,0,MM0 V=120:224:4907
29.6985,terug,0,"#77,YAW,2.93,GYRO,-12,49,-5,ACC,5,0,259,ADC,1229,380,5,2,"
29.6985,terug,0,MM1 ?CR
29.6985,terug,0,MM0 ?CR
29.6985,terug,0,MM1 CR=0:0
29.7481,terug,0,MM0 CR=0:0
29.7481,terug,0,"#78,YAW,2.93,GYRO,-14,44,-4,ACC,2,1,257,ADC,1237,406,4,2,"
29.7482,terug,0,MM1 ?A
29.7482,terug,0,MM0 ?A
29.7482,terug,0,MM1 A=0:0
29.7482,terug,0,MM0 A=0:0
29.7482,terug,0,MM0 !M 0 0
29.7482,terug,0,MM1 !M 0 0
29.7482,terug,0,MM0 +
29.7482,terug,0,MM1 +
29.7482,terug,0,"$GPRMC,130539.0,A,5050.51377,N,00419.37805,E,000.20,161.3,081026,000.4,E*59"
29.7482,terug,0,"#79,YAW,2.93,GYRO,-13,47,-6,ACC,5,0,258,ADC,1261,333,4,2,"
29.7482,terug,0,MM1 ?AI
29.7482,terug,0,MM0 ?AI
29.7482,terug,0,MM1 AI=0:0:2358:2349:0:0
29.7482,terug,0,MM0 AI=0:0:2433:2457:0:0
29.7980,terug,0,"#80,YAW,2.93,GYRO,-13,48,-6,ACC,5,-1,257,ADC,1223,382,4,1,"
29.7980,terug,0,MM1 ?C
29.7980,terug,0,MM0 ?C
29.7980,terug,0,MM1 C=-921:-1067
29.7981,terug,0,MM0 C=-1067:-859
29.7982,terug,0,"#81,YAW,2.93,GYRO,-13,48,-7,ACC,7,0,256,ADC,1245,381,7,2,"
29.7982,terug,0,MM0 !M 0 0
29.7982,terug,0,MM0 +
29.7982,terug,0,MM1 !M 0 0
29.7982,terug,0,MM1 +
29.7982,terug,0,MM1 ?D
29.7982,terug,0,MM0 ?D
29.7982,terug,0,MM0 D=58
29.7982,terug,0,MM1 D=1
29.7982,terug,0,"#82,YAW,2.93,GYRO,-14,47,-6,ACC,3,0,257,ADC,1236,391,5,2,"
29.7982,terug,0,MM1 ?FF
29.7982,terug,0,MM0 ?FF
29.7982,terug,0,MM1 FF=0
29.7982,terug,0,MM0 FF=0
29.8490,terug,-80,"#83,YAW,2.93,GYRO,-13,49,-5,ACC,7,0,249,ADC,1270,383,4,2,"
29.8490,terug,-80,MM1 ?P
29.8490,terug,-80,MM0 ?P
29.8490,terug,-80,MM1 P=0:0
29.8490,terug,-80,MM0 P=0:0
29.8490,terug,-80,MM0 !M -95 65
29.8490,terug,-80,MM1 !M -95 65
29.8490,terug,-80,MM0 +
29.8490,terug,-80,MM1 +
29.8490,terug,-80,"#84,YAW,2.93,GYRO,-12,47,-6,ACC,-3,1,260,ADC,1260,398,5,1,"
29.8491,terug,-80,MM1 ?S
29.8491,terug,-80,MM0 ?S
29.8491,terug,-80,MM1 S=0:0
29.8491,terug,-80,MM0 S=0:0
29.8992,terug,-80,"#85,YAW,2.93,GYRO,-10,143,1,ACC,-22,1,280,ADC,1245,386,3,1,"
29.8992,terug,-80,MM1 ?T
29.8992,terug,-80,MM0 ?T
29.8993,terug,-80,MM1 T=36:34
29.8993,terug,-80,MM0 T=35:34
29.8993,terug,-80,"#86,YAW,2.93,GYRO,-17,-15,9,ACC,-10,-2,242,ADC,1210,382,6,2,"
29.8993,terug,-80,MM0 ?V
29.8993,terug,-80,MM1 ?V
29.8993,terug,-80,MM0 V=120:223:4907
29.8993,terug,-80,MM1 V=120:223:4897
29.8993,terug,-80,MM0 !M -95 65
29.8993,terug,-80,MM1 !M -95 65
29.8993,terug,-80,MM0 +
29.8993,terug,-80,MM1 +
29.8993,terug,-80,"#87,YAW,2.93,GYRO,-13,57,-12,ACC,-4,0,253,ADC,1235,385,6,2,"
29.8993,terug,-80,MM1 ?CR
29.8993,terug,-80,MM0 ?CR
29.8993,terug,-80,MM0 CR=-1:1
29.8993,terug,-80,MM1 CR=0:1
29.9501,terug,0,"#88,YAW,2.93,GYRO,-13,50,-25,ACC,-5,1,263,ADC,1219,403,6,2,"
29.9501,terug,0,MM1 ?A
29.9501,terug,0,MM0 ?A
29.9501,terug,0,MM1 A=-4:0
29.9502,terug,0,MM0 A=-4:0
29.9502,terug,0,"$GPRMC,130539.2,A,5050.51378,N,00419.37806,E,000.19,161.3,081026,000.4,E*5D"
29.9502,terug,0,MM0 !M -95 65
29.9502,terug,0,MM1 !M -95 65
29.9502,terug,0,MM0 +
29.9502,terug,0,MM1 +
29.9502,terug,0,"#89,YAW,2.93,GYRO,-5,64,1,ACC,-11,0,255,ADC,1276,329,5,1,"
29.9502,terug,0,MM1 ?AI
29.9502,terug,0,MM0 ?AI
29.9502,terug,0,MM1 AI=0:0:2347:2359:0:0
29.9502,terug,0,MM0 AI=0:0:2420:2351:0:0
29.9840,terug,0,"#90,YAW,2.93,GYRO,-9,44,13,ACC,9,0,257,ADC,1243,381,7,1,"
29.9840,terug,0,MM1 ?C
29.9840,terug,0,MM0 ?C
29.9840,terug,0,MM1 C=-923:-1064
29.9840,terug,0,MM0 C=-1070:-857
29.9841,terug,0,MM0 !M 0 0
29.9841,terug,0,MM1 !M 0 0
29.9841,terug,0,MM0 +
29.9841,terug,0,MM1 +
29.9841,terug,0,"#91,YAW,2.93,GYRO,-9,38,-7,ACC,26,3,259,ADC,1256,501,4,1,"
29.9841,terug,0,MM1 ?D
29.9842,terug,0,MM0 ?D
29.9842,terug,0,MM1 D=34
29.9842,terug,0,MM0 D=8
30.0350,terug,0,"#92,YAW,2.93,GYRO,-24,14,-32,ACC,35,6,248,ADC,1205,383,7,2,"
30.0350,terug,0,MM1 ?FF
30.0350,terug,0,MM0 ?FF
30.0350,terug,0,MM1 FF=0
30.0350,terug,0,MM0 FF=0
30.0350,terug,0,MM1 !M 0 0
30.0351,terug,0,MM0 !M 0 0
30.0351,terug,0,MM1 +
30.0351,terug,0,MM0 +
30.0351,terug,0,"#93,YAW,2.93,GYRO,-5,61,-52,ACC,38,-1,257,ADC,1240,311,5,2,"
30.0351,terug,0,MM1 ?P
30.0351,terug,0,MM0 ?P
30.0351,terug,0,MM1 P=0:0
30.0351,terug,0,MM0 P=0:0
30.0551,terug,0,"#94,YAW,2.93,GYRO,-25,26,-26,ACC,30,-2,262,ADC,1243,500,4,2,"
30.0551,terug,0,MM1 ?S
30.0551,terug,0,MM0 ?S
30.0551,terug,0,MM1 S=0:0
30.0551,terug,0,MM0 S=0:0
30.0551,terug,0,"#95,YAW,2.93,GYRO,-5,67,3,ACC,24,1,259,ADC,1267,500,7,1,"
30.0885,terug,0,MM1 ?T
30.0885,terug,0,MM0 ?T
30.0885,terug,0,MM1 T=36:34
30.0885,terug,0,MM0 T=35:35
30.0885,terug,0,MM0 !M 0 0
30.0885,terug,0,MM1 !M 0 0
30.0885,terug,0,MM0 +
30.0885,terug,0,MM1 +
30.0885,terug,0,"#96,YAW,2.93,GYRO,-19,49,15,ACC,27,3,256,ADC,1264,501,5,2,"
30.0885,terug,0,MM1 ?V
30.0885,terug,0,MM0 ?V
30.0886,terug,0,MM1 V=120:223:4899
30.0886,terug,0,MM0 V=120:224:4905
30.1222,terug,0,"#97,YAW,2.93,GYRO,-18,29,13,ACC,23,3,260,ADC,1269,384,7,2,"
30.1222,terug,0,MM0 ?CR
30.1222,terug,0,MM1 ?CR
30.1222,terug,0,MM0 CR=-2:1
30.1222,terug,0,MM1 CR=-2:2
30.1222,terug,0,MM1 !M 0 0
30.1222,terug,0,MM0 !M 0 0
30.1222,terug,0,MM1 +
30.1222,terug,0,MM0 +
30.1222,terug,0,"#98,YAW,2.93,GYRO,-14,73,1,ACC,4,1,259,ADC,1243,388,7,2,"
30.1223,terug,0,MM0 ?A
30.1223,terug,0,MM1 ?A
30.1223,terug,0,MM0 A=0:0
30.1223,terug,0,MM1 A=0:0
30.1458,terug,0,"$GPRMC,130539.4,A,5050.51379,N,00419.37807,E,000.19,161.3,081026,000.4,E*5B"
30.1458,terug,0,"#99,YAW,2.93,GYRO,-22,58,-4,ACC,4,-4,269,ADC,1304,321,4,2,"
30.1458,terug,0,MM0 ?AI
30.1458,terug,0,MM1 ?AI
30.1458,terug,0,MM0 AI=0:0:2446:2451:0:0
30.1458,terug,0,MM1 AI=0:0:2364:2365:0:0
30.1800,terug,0,"#100,YAW,2.93,GYRO,-13,45,-20,ACC,-6,2,253,ADC,1237,383,4,2,"
30.1801,terug,0,MM0 ?C
30.1801,terug,0,MM1 ?C
30.1801,terug,0,MM0 C=-1069:-857
30.1801,terug,0,MM1 C=-922:-1065
30.1802,terug,0,MM0 !M 0 0
30.1802,terug,0,MM1 !M 0 0
30.1802,terug,0,MM1 +
30.1802,terug,0,MM0 +
30.1802,terug,0,"#101,YAW,2.93,GYRO,-19,30,-10,ACC,-1,5,251,ADC,1211,388,7,2,"
30.1802,terug,0,MM0 ?D
30.1802,terug,0,MM1 ?D
30.1802,terug,0,MM1 D=48
30.1802,terug,0,MM0 D=1
30.2008,terug,0,"#102,YAW,2.93,GYRO,-14,42,-4,ACC,0,3,257,ADC,1247,499,6,1,"
30.2009,terug,0,MM0 ?FF
30.2009,terug,0,MM1 ?FF
30.2009,terug,0,MM0 FF=0
30.2009,terug,0,MM1 FF=0
30.2351,terug,0,MM1 !M 0 0
30.2351,terug,0,MM0 !M 0 0
30.2351,terug,0,MM1 +
30.2351,terug,0,MM0 +
30.2351,terug,0,"#103,YAW,2.93,GYRO,-13,54,-2,ACC,1,-1,259,ADC,1275,288,5,1,"
30.2351,terug,0,MM0 ?P
30.2351,terug,0,MM1 ?P
30.2351,terug,0,MM0 P=0:0
30.2351,terug,0,MM1 P=0:0
30.2351,terug,0,"#104,YAW,2.93,GYRO,-18,33,1,ACC,0,1,259,ADC,1246,499,4,2,"
30.2851,terug,0,MM0 ?S
30.2851,terug,0,MM1 ?S
30.2851,terug,0,MM0 S=0:0
30.2851,terug,0,MM1 S=0:-75
30.2851,terug,0,"#105,YAW,2.93,GYRO,-11,54,-17,ACC,-5,5,253,ADC,1249,383,6,1,"
30.2851,terug,0,MM0 ?T
30.2851,terug,0,MM1 ?T
30.2851,terug,0,MM0 T=35:34
30.2851,terug,0,MM1 T=36:34
30.2851,terug,0,MM0 !M 0 0
30.2851,terug,0,MM1 !M 0 0
30.2851,terug,0,MM0 +
30.2852,terug,0,MM1 +
30.2852,terug,0,"#106,YAW,2.93,GYRO,-15,38,-7,ACC,-5,6,261,ADC,1273,501,6,1,"
30.2852,terug,0,MM0 ?V
30.2852,terug,0,MM1 ?V
30.2852,terug,0,MM0 V=120:223:4905
30.2852,terug,0,MM1 V=120:223:4900
30.3353,terug,0,"#107,YAW,2.93,GYRO,-15,42,2,ACC,-5,1,261,ADC,1307,499,4,1,"
30.3353,terug,0,MM0 ?CR
30.3354,terug,0,MM1 ?CR
30.3354,terug,0,MM0 CR=2:-2
30.3354,terug,0,MM1 CR=3:-2
30.3354,terug,0,MM0 !M 0 0
30.3354,terug,0,MM1 !M 0 0
30.3354,terug,0,MM0 +
30.3354,terug,0,MM1 +
30.3354,terug,0,"#108,YAW,2.93,GYRO,-12,39,3,ACC,2,1,258,ADC,1219,381,4,1,"
30.3354,terug,0,MM0 ?A
30.3354,terug,0,MM1 ?A
30.3354,terug,0,MM0 A=0:0
30.3354,terug,0,MM1 A=0:0
30.3354,terug,0,"$GPRMC,130539.6,A,5050.51380,N,00419.37808,E,000.20,161.3,081026,000.4,E*5A"
30.3354,terug,0,"#109,YAW,2.93,GYRO,-14,48,-6,ACC,5,-1,257,ADC,1277,328,4,2,"
30.3871,terug,0,MM0 ?AI
30.3871,terug,0,MM1 ?AI
30.3871,terug,0,MM0 AI=0:0:2435:2450:0:0
30.3871,terug,0,MM1 AI=0:0:2386:2374:0:0
30.3871,terug,0,"#110,YAW,2.93,GYRO,-14,47,-12,ACC,2,2,257,ADC,1240,500,6,2,"
30.3872,terug,0,MM0 ?C
30.3872,terug,0,MM1 ?C
30.3872,terug,0,MM0 C=-1067:-859
30.3872,terug,0,MM1 C=-920:-1067
30.3873,terug,0,MM0 !M 0 0
30.3873,terug,0,MM1 !M 0 0
30.3873,terug,0,MM0 +
30.3873,terug,0,MM1 +
30.3873,terug,0,"#111,YAW,2.93,GYRO,-13,45,-12,ACC,1,1,255,ADC,1223,383,5,2,"
30.3873,terug,0,MM0 ?D
30.3873,terug,0,MM1 ?D
30.3873,terug,0,MM0 D=50
30.3873,terug,0,MM1 D=3
30.4370,terug,0,"#112,YAW,2.93,GYRO,-14,47,-9,ACC,0,2,255,ADC,1277,385,6,2,"
30.4370,terug,0,MM0 ?FF
30.4370,terug,0,MM1 ?FF
30.4370,terug,0,MM0 FF=0
30.4371,terug,0,MM1 FF=0
30.4371,terug,0,MM0 !M 0 0
30.4371,terug,0,MM1 !M 0 0
30.4371,terug,0,MM0 +
30.4371,terug,0,MM1 +
30.4371,terug,0,"#113,YAW,2.93,GYRO,-13,47,-7,ACC,5,0,260,ADC,1296,403,4,2,"
30.4371,terug,0,MM0 ?P
30.4371,terug,0,MM1 ?P
30.4371,terug,0,MM0 P=0:0
30.4371,terug,0,MM1 P=0:0
30.4371,terug,0,"#114,YAW,2.93,GYRO,-13,46,-2,ACC,4,2,256,ADC,1263,502,6,2,"
30.4371,terug,0,MM0 ?S
30.4871,terug,0,MM1 ?S
30.4871,terug,0,MM0 S=0:0
30.4871,terug,0,MM1 S=0:0
30.4871,terug,0,"#115,YAW,2.93,GYRO,-13,47,-6,ACC,3,0,257,ADC,1238,500,5,2,"
30.4871,terug,0,MM0 ?T
30.4871,terug,0,MM1 ?T
30.4871,terug,0,MM0 T=35:35
30.4871,terug,0,MM1 T=36:34
30.4871,terug,0,MM1 !M 0 0
30.4871,terug,0,MM0 !M 0 0
30.4871,terug,0,MM1 +
30.4871,terug,0,MM0 +
30.4871,terug,0,"#116,YAW,2.93,GYRO,-12,47,-7,ACC,4,1,260,ADC,1269,381,6,2,"
30.4872,terug,0,MM0 ?V
30.4872,terug,0,MM1 ?V
30.4872,terug,0,MM0 V=120:224:4906
30.4872,terug,0,MM1 V=120:223:4899
30.5383,terug,0,"#117,YAW,2.93,GYRO,-14,46,-5,ACC,2,1,261,ADC,1281,385,5,2,"
30.5383,terug,0,MM0 ?CR
30.5384,terug,0,MM1 ?CR
30.5384,terug,0,MM1 CR=0:-1
30.5384,terug,0,MM0 CR=1:0
30.5384,terug,0,MM0 !M 0 0
30.5384,terug,0,MM0 +
30.5384,terug,0,"#118,YAW,2.93,GYRO,-13,49,-5,ACC,3,2,255,ADC,1300,384,5,2,"
30.5384,terug,0,MM1 !M 0 0
30.5384,terug,0,MM1 +
30.5384,terug,0,MM0 ?A
30.5384,terug,0,MM1 ?A
30.5384,terug,0,MM0 A=0:0
30.5384,terug,0,MM1 A=0:0
30.5384,terug,0,"$GPRMC,130539.8,A,5050.51381,N,00419.37808,E,000.22,161.3,081026,000.4,E*57"
30.5384,terug,0,"#119,YAW,2.93,GYRO,-14,48,-5,ACC,2,0,259,ADC,1277,385,6,1,"
30.5384,terug,0,MM0 ?AI
30.5384,terug,0,MM1 ?AI
30.5901,terug,0,MM0 AI=0:0:2429:2452:0:0
30.5902,terug,0,MM1 AI=0:0:2382:2366:0:0
30.5902,terug,0,"#120,YAW,2.93,GYRO,-13,49,-5,ACC,7,0,258,ADC,1271,501,4,2,"
30.5902,terug,0,MM0 ?C
30.5902,terug,0,MM1 ?C
30.5902,terug,0,MM0 C=-1067:-859
30.5902,terug,0,MM1 C=-920:-1067
30.5903,terug,0,MM0 !M 0 0
30.5903,terug,0,MM1 !M 0 0
30.5903,terug,0,MM0 +
30.5903,terug,0,MM1 +
30.5903,terug,0,"#121,YAW,2.93,GYRO,-13,46,-5,ACC,6,0,255,ADC,1309,503,6,2,"
30.5903,terug,0,MM0 ?D
30.5903,terug,0,MM1 ?D
30.5903,terug,0,MM0 D=50
30.5903,terug,0,MM1 D=3
30.6390,terug,0,"#122,YAW,2.93,GYRO,-13,47,-5,ACC,5,1,256,ADC,1245,390,5,2,"
30.6390,terug,0,MM0 ?FF
30.6390,terug,0,MM1 ?FF
30.6390,terug,0,MM0 FF=0
30.6390,terug,0,MM1 FF=0
30.6390,terug,0,"#123,YAW,2.93,GYRO,-13,46,-6,ACC,4,2,256,ADC,1259,501,5,2,"
30.6391,terug,0,MM0 ?P
30.6391,terug,0,MM1 ?P
30.6391,terug,0,MM0 P=0:0
30.6391,terug,0,MM1 P=0:0
30.6391,terug,0,MM0 !M 0 0
30.6391,terug,0,MM1 !M 0 0
30.6391,terug,0,MM0 +
30.6391,terug,0,MM1 +
30.6391,terug,0,"#124,YAW,2.93,GYRO,-13,47,-6,ACC,6,0,259,ADC,1210,385,5,2,"
30.6391,terug,0,MM0 ?S
30.6391,terug,0,MM1 ?S
30.6391,terug,0,MM0 S=0:0
30.6391,terug,0,MM1 S=0:0
30.6922,terug,0,"#125,YAW,2.93,GYRO,-12,46,-5,ACC,3,2,252,ADC,1238,384,5,2,"
30.6923,terug,0,MM0 ?T
30.6923,terug,0,MM1 ?T
30.6923,terug,0,MM0 T=35:34
30.6923,terug,0,MM1 T=36:34
30.6923,terug,0,MM0 !M 0 0
30.6923,terug,0,MM1 !M 0 0
30.6923,terug,0,MM0 +
30.6923,terug,0,MM1 +
30.6923,terug,0,"#126,YAW,2.93,GYRO,-12,47,-6,ACC,2,-1,258,ADC,1281,400,6,2,"
30.6923,terug,0,MM1 ?V
30.6923,terug,0,MM0 ?V
30.6923,terug,0,MM0 V=120:224:4908
30.6923,terug,0,MM1 V=120:223:4900
30.7402,terug,0,"#127,YAW,2.93,GYRO,-14,49,-5,ACC,4,1,261,ADC,1286,385,4,2,"
30.7403,terug,0,MM0 ?CR
30.7403,terug,0,MM1 ?CR
30.7403,terug,0,MM0 CR=0:0
30.7403,terug,0,MM1 CR=0:0
30.7403,terug,0,"#128,YAW,2.93,GYRO,-12,47,-3,ACC,4,2,260,ADC,1265,385,7,1,"
30.7403,terug,0,MM0 ?A
30.7403,terug,0,MM1 ?A
30.7403,terug,0,MM0 A=0:0
30.7403,terug,0,MM1 A=0:0
30.7403,terug,0,MM0 !M 0 0
30.7403,terug,0,MM1 !M 0 0
30.7403,terug,0,MM0 +
30.7403,terug,0,MM1 +
30.7403,terug,0,"$GPRMC,130540.0,A,5050.51382,N,00419.37809,E,000.24,161.3,081026,000.4,E*55"
30.7403,terug,0,"#129,YAW,2.93,GYRO,-13,47,-6,ACC,2,1,261,ADC,1221,386,4,2,"
30.7403,terug,0,MM0 ?AI
30.7403,terug,0,MM1 ?AI
30.7403,terug,0,MM0 AI=0:0:2442:2459:0:0
30.7942,terug,0,MM1 AI=0:0:2344:2389:0:0
30.7942,terug,0,"#130,YAW,2.93,GYRO,-13,48,-5,ACC,2,2,253,ADC,1260,502,4,1,"
30.7942,terug,0,MM0 ?C
30.7942,terug,0,MM1 ?C
30.7943,terug,0,MM0 C=-1067:-859
30.7943,terug,0,MM1 C=-920:-1067
30.7944,terug,0,MM1 !M 0 0
30.7944,terug,0,MM0 !M 0 0
30.7944,terug,0,MM1 +
30.7944,terug,0,MM0 +
30.7944,terug,0,"#131,YAW,2.93,GYRO,-12,48,-6,ACC,7,-2,260,ADC,1221,380,6,1,"
30.7944,terug,0,MM0 ?D
30.7944,terug,0,MM1 ?D
30.7944,terug,0,MM0 D=50
30.7944,terug,0,MM1 D=3
30.8280,terug,0,"#132,YAW,2.93,GYRO,-14,47,-6,ACC,1,1,259,ADC,1270,381,5,2,"
30.8280,terug,0,MM0 ?FF
30.8280,terug,0,MM1 ?FF
30.8281,terug,0,MM0 FF=0
30.8281,terug,0,MM1 FF=0
30.8281,terug,0,MM0 !M 0 0
30.8281,terug,0,MM1 !M 0 0
30.8281,terug,0,MM0 +
30.8281,terug,0,MM1 +
30.8281,terug,0,"#133,YAW,2.93,GYRO,-13,47,-5,ACC,2,1,258,ADC,1261,498,4,1,"
30.8281,terug,0,MM0 ?P
30.8281,terug,0,MM1 ?P
30.8281,terug,0,MM0 P=0:0
30.8281,terug,0,MM1 P=0:0
30.8488,terug,0,"#134,YAW,2.93,GYRO,-13,48,-5,ACC,5,2,256,ADC,1248,389,6,2,"
30.8488,terug,0,MM0 ?S
30.8488,terug,0,MM1 ?S
30.8489,terug,0,MM0 S=0:0
30.8489,terug,0,MM1 S=0:0
30.8845,terug,0,"#135,YAW,2.93,GYRO,-13,46,-6,ACC,3,0,259,ADC,1235,384,4,2,"
30.8845,terug,0,MM0 ?T
30.8846,terug,0,MM1 ?T
30.8846,terug,0,MM0 T=35:34
30.8846,terug,0,MM1 T=36:34
30.8846,terug,0,MM1 !M 0 0
30.8846,terug,0,MM0 !M 0 0
30.8846,terug,0,MM0 +
30.8846,terug,0,MM1 +
30.8846,terug,0,"#136,YAW,2.94,GYRO,-14,48,-7,ACC,4,1,259,ADC,1284,500,5,2,"
30.8846,terug,0,MM0 ?V
30.8846,terug,0,MM1 ?V
30.8846,terug,0,MM0 V=120:223:4908
30.8846,terug,0,MM1 V=120:223:4900
30.9039,terug,0,"#137,YAW,2.94,GYRO,-14,47,-5,ACC,5,1,252,ADC,1287,392,7,2,"
30.9040,terug,0,MM0 ?CR
30.9040,terug,0,MM1 ?CR
30.9040,terug,0,MM0 CR=0:0
30.9040,terug,0,MM1 CR=0:0
30.9383,terug,0,"#138,YAW,2.94,GYRO,-14,47,-6,ACC,5,3,262,ADC,1261,385,5,2,"
30.9383,terug,0,MM0 !M 0 0
30.9383,terug,0,MM0 +
30.9383,terug,0,MM1 !M 0 0
30.9383,terug,0,MM1 +
30.9383,terug,0,MM0 ?A
30.9383,terug,0,MM1 ?A
30.9383,terug,0,MM0 A=0:0
30.9383,terug,0,MM1 A=0:0
30.9383,terug,0,"$GPRMC,130540.2,A,5050.51383,N,00419.37810,E,000.26,161.3,081026,000.4,E*5C"
30.9383,terug,0,"#139,YAW,2.94,GYRO,-14,48,-5,ACC,4,3,257,ADC,1281,340,7,2,"
30.9384,terug,0,MM0 ?AI
30.9384,terug,0,MM1 ?AI
30.9978,terug,0,MM0 AI=0:0:2437:2447:0:0
30.9979,terug,0,MM1 AI=0:0:2362:2368:0:0
30.9979,terug,0,"#140,YAW,2.94,GYRO,-12,47,-5,ACC,5,0,255,ADC,1227,384,5,2,"
30.9979,terug,0,MM0 ?C
30.9979,terug,0,MM1 ?C
30.9979,terug,0,MM0 C=-1067:-859
30.9979,terug,0,MM1 C=-920:-1067
30.9980,terug,0,MM1 !M 0 0
30.9980,terug,0,MM0 !M 0 0
30.9980,terug,0,MM1 +
30.9980,terug,0,MM0 +
30.9981,terug,0,"#141,YAW,2.94,GYRO,-14,45,-5,ACC,5,2,255,ADC,1239,309,6,2,"
30.9981,terug,0,MM0 ?D
30.9981,terug,0,MM1 ?D
30.9981,terug,0,MM0 D=50
30.9981,terug,0,MM1 D=3
30.9981,terug,0,"#142,YAW,2.94,GYRO,-15,48,-6,ACC,4,2,257,ADC,1240,387,4,1,"
30.9981,terug,0,MM0 ?FF
30.9981,terug,0,MM1 ?FF
30.9981,terug,0,MM0 FF=0
31.0321,terug,0,MM1 FF=0
31.0321,terug,0,MM1 !M 0 0
31.0321,terug,0,MM0 !M 0 0
31.0321,terug,0,MM1 +
31.0321,terug,0,MM0 +
31.0321,terug,0,"#143,YAW,2.94,GYRO,-13,46,-5,ACC,3,0,258,ADC,1242,386,6,2,"
31.0321,terug,0,MM0 ?P
31.0321,terug,0,MM1 ?P
31.0321,terug,0,MM0 P=0:0
31.0321,terug,0,MM1 P=0:0
31.0531,terug,0,"#144,YAW,2.94,GYRO,-14,48,-5,ACC,5,1,259,ADC,1230,384,7,2,"
31.0531,terug,0,MM0 ?S
31.0531,terug,0,MM1 ?S
31.0531,terug,0,MM0 S=0:0
31.0531,terug,0,MM1 S=0:0
31.0870,terug,0,"#145,YAW,2.94,GYRO,-14,49,-6,ACC,2,1,257,ADC,1267,390,6,2,"
31.0870,terug,0,MM0 ?T
31.0870,terug,0,MM1 ?T
31.0870,terug,0,MM0 T=35:34
31.0870,terug,0,MM1 T=36:34
31.0870,terug,0,MM0 !M 0 0
31.0870,terug,0,MM1 !M 0 0
31.0870,terug,0,MM0 +
31.0871,terug,0,MM1 +
31.0871,terug,0,"#146,YAW,2.94,GYRO,-13,47,-6,ACC,3,1,256,ADC,1263,502,4,1,"
31.0871,terug,0,MM0 ?V
31.0871,terug,0,MM1 ?V
31.0871,terug,0,MM0 V=120:223:4908
31.0871,terug,0,MM1 V=120:223:4899
31.1078,terug,0,"#147,YAW,2.94,GYRO,-13,48,-5,ACC,5,0,258,ADC,1250,500,7,2,"
31.1079,terug,0,MM0 ?CR
31.1079,terug,0,MM1 ?CR
31.1079,terug,0,MM0 CR=0:0
31.1079,terug,0,MM1 CR=0:0
31.1419,terug,0,"#148,YAW,2.94,GYRO,-13,47,-6,ACC,5,1,259,ADC,1227,379,5,2,"
31.1420,terug,0,MM0 ?A
31.1420,terug,0,MM1 ?A
31.1420,terug,0,MM0 A=0:0
31.1420,terug,0,MM1 A=0:0
31.1420,terug,0,MM0 !M 0 0
31.1420,terug,0,MM1 !M 0 0
31.1420,terug,0,MM0 +
31.1420,terug,0,MM1 +
31.1420,terug,0,"$GPRMC,130540.4,A,5050.51385,N,00419.37811,E,000.29,161.3,081026,000.4,E*52"
31.1420,terug,0,"#149,YAW,2.94,GYRO,-13,47,-6,ACC,7,0,257,ADC,1265,391,3,1,"
31.1420,terug,0,MM0 ?AI
31.1420,terug,0,MM1 ?AI
31.1420,terug,0,MM0 AI=0:0:2428:2463:0:0
31.1420,terug,0,MM1 AI=0:0:2347:2389:0:0
31.1951,terug,0,"#150,YAW,2.94,GYRO,-12,47,-6,ACC,6,0,243,ADC,1254,381,5,2,"
31.1952,terug,0,MM0 ?C
31.1952,terug,0,MM1 ?C
31.1952,terug,0,MM0 C=-1067:-859
31.1952,terug,0,MM1 C=-920:-1067
31.1953,terug,0,MM0 !M 0 0
31.1953,terug,0,MM1 !M 0 0
31.1953,terug,0,MM0 +
31.1953,terug,0,MM1 +
31.1953,terug,0,"#151,YAW,2.94,GYRO,-13,47,-6,ACC,2,3,254,ADC,1243,323,6,2,"
31.1954,terug,0,MM0 ?D
31.1954,terug,0,MM1 ?D
31.1954,terug,0,MM0 D=50
31.1954,terug,0,MM1 D=3
31.1954,terug,0,"#152,YAW,2.94,GYRO,-13,46,-6,ACC,6,1,256,ADC,1219,380,6,1,"
31.2438,terug,-90,MM0 ?FF
31.2438,terug,-90,MM1 ?FF
31.2439,terug,-90,MM0 FF=0
31.2439,terug,-90,MM1 FF=0
31.2439,terug,-90,"#153,YAW,2.94,GYRO,-13,47,-5,ACC,0,0,254,ADC,1276,502,4,2,"
31.2439,terug,-90,MM0 ?P
31.2439,terug,-90,MM1 ?P
31.2439,terug,-90,MM0 P=0:0
31.2439,terug,-90,MM1 P=0:0
31.2439,terug,-90,MM1 !M -107 73
31.2439,terug,-90,MM0 !M -107 73
31.2439,terug,-90,MM1 +
31.2439,terug,-90,MM0 +
31.2439,terug,-90,"#154,YAW,2.94,GYRO,-14,48,-5,ACC,-7,0,257,ADC,1230,381,6,2,"
31.2439,terug,-90,MM0 ?S
31.2439,terug,-90,MM1 ?S
31.2439,terug,-90,MM1 S=0:75
31.2439,terug,-90,MM0 S=0:0
31.2972,terug,0,"#155,YAW,2.94,GYRO,-3,112,10,ACC,-36,0,267,ADC,1224,392,4,2,"
31.2972,terug,0,MM0 ?T
31.2972,terug,0,MM1 ?T
31.2972,terug,0,MM0 T=35:34
31.2972,terug,0,MM1 T=36:34
31.2972,terug,0,MM1 !M -107 73
31.2972,terug,0,MM0 !M -107 73
31.2972,terug,0,"#156,YAW,2.93,GYRO,-13,22,30,ACC,-22,0,244,ADC,1278,486,4,2,"
31.2973,terug,0,MM0 +
31.2973,terug,0,MM1 +
31.2973,terug,0,MM0 ?V
31.2973,terug,0,MM1 ?V
31.2973,terug,0,MM0 V=120:223:4908
31.2973,terug,0,MM1 V=120:223:4898
31.2973,terug,0,"#157,YAW,2.93,GYRO,-8,59,-1,ACC,-12,2,259,ADC,1228,386,6,2,"
31.2973,terug,0,MM0 ?CR
31.2973,terug,0,MM1 ?CR
31.3312,terug,0,MM0 CR=-1:1
31.3312,terug,0,MM1 CR=-2:2
31.3312,terug,0,MM0 !M 0 0
31.3312,terug,0,MM1 !M 0 0
31.3312,terug,0,MM0 +
31.3312,terug,0,MM1 +
31.3312,terug,0,MM1 !M 0 0
31.3312,terug,0,MM0 !M 0 0
31.3312,terug,0,MM1 +
31.3312,terug,0,MM0 +
31.3312,terug,0,"#158,YAW,2.93,GYRO,-9,51,-9,ACC,-7,4,261,ADC,1238,334,6,2,"
31.3313,terug,0,MM0 ?A
31.3313,terug,0,MM1 ?A
31.3313,terug,0,MM0 A=0:0
31.3313,terug,0,MM1 A=0:0
31.3518,terug,0,"$GPRMC,130540.6,A,5050.51386,N,00419.37811,E,000.30,161.3,081026,000.4,E*5B"
31.3518,terug,0,"#159,YAW,2.94,GYRO,-23,-45,-21,ACC,26,5,242,ADC,1244,316,5,1,"
31.3518,terug,0,MM0 ?AI
31.3519,terug,0,MM1 ?AI
31.3519,terug,0,MM0 AI=0:0:2453:2454:0:0
31.3519,terug,0,MM1 AI=0:0:2355:2367:0:0
31.3859,terug,0,"#160,YAW,2.94,GYRO,1,115,-46,ACC,14,3,266,ADC,1260,386,7,1,"
31.3860,terug,0,MM0 ?C
31.3860,terug,0,MM1 ?C
31.3860,terug,0,MM0 C=-1069:-858
31.3860,terug,0,MM1 C=-922:-1065
31.3861,terug,0,MM0 !M 0 0
31.3861,terug,0,MM1 !M 0 0
31.3861,terug,0,MM0 +
31.3861,terug,0,MM1 +
31.3861,terug,0,"#161,YAW,2.94,GYRO,-13,34,-29,ACC,39,6,275,ADC,1205,383,6,2,"
31.3861,terug,0,MM0 ?D
31.3861,terug,0,MM1 ?D
31.3861,terug,0,MM0 D=33
31.3861,terug,0,MM1 D=48
31.4401,terug,0,"#162,YAW,2.94,GYRO,-16,39,-2,ACC,29,2,250,ADC,1308,499,5,2,"
31.4402,terug,0,MM0 ?FF
31.4402,terug,0,MM1 ?FF
31.4402,terug,0,MM0 FF=0
31.4402,terug,0,MM1 FF=0
31.4402,terug,0,"#163,YAW,2.94,GYRO,-15,66,11,ACC,23,3,254,ADC,1283,503,4,2,"
31.4402,terug,0,MM0 ?P
31.4402,terug,0,MM1 ?P
31.4402,terug,0,MM0 P=0:0
31.4402,terug,0,MM1 P=0:0
31.4402,terug,0,MM0 !M 0 0
31.4402,terug,0,MM1 !M 0 0
31.4402,terug,0,MM0 +
31.4402,terug,0,MM1 +
31.4402,terug,0,"#164,YAW,2.94,GYRO,-14,25,11,ACC,23,-2,265,ADC,1249,392,6,2,"
31.4403,terug,0,MM0 ?S
31.4403,terug,0,MM1 ?S
31.4403,terug,0,MM0 S=0:0
31.4403,terug,0,MM1 S=0:0
31.4914,terug,0,"#165,YAW,2.94,GYRO,-17,55,-4,ACC,18,-2,247,ADC,1286,500,5,2,"
31.4915,terug,0,MM0 ?T
31.4915,terug,0,MM1 ?T
31.4915,terug,0,MM0 T=35:34
31.4915,terug,0,MM1 T=36:34
31.4915,terug,0,MM0 !M 0 0
31.4915,terug,0,MM1 !M 0 0
31.4915,terug,0,MM0 +
31.4915,terug,0,MM1 +
31.4915,terug,0,"#166,YAW,2.94,GYRO,-12,64,-6,ACC,7,6,267,ADC,1257,389,4,2,"
31.4915,terug,0,MM0 ?V
31.4915,terug,0,MM1 ?V
31.4916,terug,0,MM0 V=120:224:4908
31.4916,terug,0,MM1 V=120:223:4900
31.5421,terug,0,"#167,YAW,2.94,GYRO,-20,46,14,ACC,-7,4,268,ADC,1224,380,7,1,"
31.5421,terug,0,MM0 ?CR
31.5421,terug,0,MM1 ?CR
31.5421,terug,0,MM0 CR=-1:0
31.5421,terug,0,MM1 CR=0:0
31.5421,terug,0,"#168,YAW,2.94,GYRO,-14,36,0,ACC,4,3,250,ADC,1258,500,5,1,"
31.5421,terug,0,MM0 ?A
31.5422,terug,0,MM1 ?A
31.5422,terug,0,MM0 A=0:0
31.5422,terug,0,MM1 A=0:0
31.5422,terug,0,MM0 !M 0 0
31.5422,terug,0,MM1 !M 0 0
31.5422,terug,0,MM0 +
31.5422,terug,0,MM1 +
31.5422,terug,0,"$GPRMC,130540.8,A,5050.51388,N,00419.37812,E,000.30,161.3,081026,000.4,E*58"
31.5422,terug,0,"#169,YAW,2.94,GYRO,-16,47,-24,ACC,-6,0,260,ADC,1241,395,4,2,"
31.5422,terug,0,MM0 ?AI
31.5422,terug,0,MM1 ?AI
31.5912,terug,0,MM0 AI=0:0:2437:2464:0:0
31.5912,terug,0,MM1 AI=0:0:2346:2369:0:0
31.5912,terug,0,"#170,YAW,2.94,GYRO,-11,43,-41,ACC,-2,0,256,ADC,1212,387,4,1,"
31.5913,terug,0,MM0 ?C
31.5913,terug,0,MM1 ?C
31.5913,terug,0,MM0 C=-1068:-859
31.5913,terug,0,MM1 C=-921:-1066
31.5914,terug,0,MM1 !M 0 0
31.5914,terug,0,MM0 !M 0 0
31.5914,terug,0,MM1 +
31.5914,terug,0,MM0 +
31.5914,terug,0,"#171,YAW,2.94,GYRO,-16,36,-17,ACC,-6,1,257,ADC,1236,382,7,2,"
31.5914,terug,0,MM0 ?D
31.5914,terug,0,MM1 ?D
31.5914,terug,0,MM0 D=50
31.5914,terug,0,MM1 D=17
31.6421,terug,0,"#172,YAW,2.94,GYRO,-13,48,24,ACC,-7,1,258,ADC,1244,497,5,2,"
31.6421,terug,0,MM1 ?FF
31.6421,terug,0,MM0 ?FF
31.6421,terug,0,MM1 FF=0
31.6421,terug,0,MM0 FF=0
31.6421,terug,0,"#173,YAW,2.94,GYRO,-10,43,29,ACC,1,-1,255,ADC,1249,393,5,2,"
31.6422,terug,0,MM0 ?P
31.6422,terug,0,MM1 ?P
31.6422,terug,0,MM0 P=0:0
31.6422,terug,0,MM1 P=0:0
31.6422,terug,0,MM0 !M 0 0
31.6422,terug,0,MM1 !M 0 0
31.6422,terug,0,MM0 +
31.6422,terug,0,MM1 +
31.6422,terug,0,"#174,YAW,2.94,GYRO,-13,47,7,ACC,-2,0,257,ADC,1276,382,5,2,"
31.6422,terug,0,MM0 ?S
31.6422,terug,0,MM1 ?S
31.6422,terug,0,MM0 S=0:0
31.6422,terug,0,MM1 S=0:0
31.6922,terug,0,"#175,YAW,2.94,GYRO,-13,45,-11,ACC,-4,0,254,ADC,1236,395,6,2,"
31.6923,terug,0,MM0 ?T
31.6923,terug,0,MM1 ?T
31.6923,terug,0,MM0 T=35:34
31.6924,terug,0,MM1 T=36:34
31.6924,terug,0,MM1 !M 0 0
31.6924,terug,0,MM0 !M 0 0
31.6924,terug,0,MM1 +
31.6924,terug,0,MM0 +
31.6924,terug,0,"#176,YAW,2.94,GYRO,-14,46,-17,ACC,6,2,253,ADC,1262,386,7,1,"
31.6924,terug,0,MM0 ?V
31.6924,terug,0,MM1 ?V
31.6924,terug,0,MM0 V=120:222:4907
31.6924,terug,0,MM1 V=120:223:4899
31.7442,terug,0,"#177,YAW,2.94,GYRO,-14,46,-12,ACC,4,1,259,ADC,1258,497,6,2,"
31.7443,terug,0,MM0 ?CR
31.7443,terug,0,MM1 ?CR
31.7443,terug,0,MM0 CR=2:-1
31.7443,terug,0,MM1 CR=2:-2
31.7443,terug,0,"#178,YAW,2.94,GYRO,-14,46,-5,ACC,10,-9,269,ADC,1257,388,7,2,"
31.7443,terug,0,MM0 ?A
31.7443,terug,0,MM1 ?A
31.7443,terug,0,MM0 A=0:0
31.7443,terug,0,MM1 A=0:0
31.7443,terug,0,MM0 !M 0 0
31.7443,terug,0,MM1 !M 0 0
31.7443,terug,0,MM0 +
31.7443,terug,0,MM1 +
31.7443,terug,0,"$GPRMC,130541.0,A,5050.51390,N,00419.37812,E,000.30,161.3,081026,000.4,E*58"
31.7443,terug,0,"#179,YAW,2.94,GYRO,-13,48,-5,ACC,5,1,257,ADC,1247,311,5,1,"
31.7443,terug,0,MM0 ?AI
31.7443,terug,0,MM1 ?AI
31.7443,terug,0,MM0 AI=0:0:2460:2450:0:0
31.7942,terug,0,MM1 AI=0:0:2368:2356:0:0
31.7942,terug,0,"#180,YAW,2.94,GYRO,-12,50,-4,ACC,7,1,254,ADC,1252,385,2,2,"
31.7942,terug,0,MM0 ?C
31.7942,terug,0,MM1 ?C
31.7942,terug,0,MM0 C=-1067:-859
31.7942,terug,0,MM1 C=-920:-1067
31.7943,terug,0,MM1 !M 0 0
31.7943,terug,0,MM0 !M 0 0
31.7943,terug,0,MM1 +
31.7943,terug,0,MM0 +
31.7943,terug,0,"#181,YAW,2.94,GYRO,-14,48,-1,ACC,2,1,260,ADC,1252,385,5,2,"
31.7943,terug,0,MM0 ?D
31.7943,terug,0,MM1 ?D
31.7943,terug,0,MM0 D=50
31.7943,terug,0,MM1 D=3
31.8440,terug,0,"#182,YAW,2.94,GYRO,-14,49,-3,ACC,0,-1,258,ADC,1232,392,5,1,"
31.8441,terug,0,MM1 ?FF
31.8441,terug,0,MM0 ?FF
31.8441,terug,0,MM1 FF=0
31.8441,terug,0,MM0 FF=0
31.8441,terug,0,"#183,YAW,2.94,GYRO,-12,46,-10,ACC,2,1,257,ADC,1316,403,4,1,"
31.8441,terug,0,MM1 ?P
31.8441,terug,0,MM0 ?P
31.8441,terug,0,MM1 P=0:0
31.8441,terug,0,MM0 P=0:0
31.8441,terug,0,MM0 !M 0 0
31.8441,terug,0,MM1 !M 0 0
31.8441,terug,0,MM1 +
31.8441,terug,0,MM0 +
31.8441,terug,0,"#184,YAW,2.94,GYRO,-15,47,-8,ACC,3,1,260,ADC,1238,382,4,1,"
31.8442,terug,0,MM1 ?S
31.8442,terug,0,MM0 ?S
31.8442,terug,0,MM1 S=0:0
31.8442,terug,0,MM0 S=0:0
31.9090,terug,0,"#185,YAW,2.94,GYRO,-14,47,-6,ACC,9,1,259,ADC,1245,503,6,2,"
31.9091,terug,0,MM1 ?T
31.9091,terug,0,MM0 ?T
31.9091,terug,0,MM1 T=36:34
31.9091,terug,0,MM0 T=35:34
31.9091,terug,0,"#186,YAW,2.94,GYRO,-11,48,-6,ACC,4,0,253,ADC,1265,383,6,2,"
31.9091,terug,0,MM0 !M 0 0
31.9091,terug,0,MM0 +
31.9091,terug,0,MM1 !M 0 0
31.9091,terug,0,MM1 +
31.9091,terug,0,MM0 ?V
31.9091,terug,0,MM1 ?V
31.9091,terug,0,MM0 V=120:225:4907
31.9091,terug,0,MM1 V=120:223:4900
31.9091,terug,0,"#187,YAW,2.94,GYRO,-14,48,-5,ACC,5,0,258,ADC,1254,385,5,2,"
31.9091,terug,0,MM1 ?CR
31.9092,terug,0,MM0 ?CR
31.9092,terug,0,MM1 CR=0:0
31.9092,terug,0,MM0 CR=0:0
31.9431,terug,0,"#188,YAW,2.94,GYRO,-13,46,-4,ACC,3,-1,258,ADC,1235,501,5,2,"
31.9431,terug,0,MM1 ?A
31.9431,terug,0,MM0 ?A
31.9431,terug,0,MM1 A=0:0
31.9431,terug,0,MM0 A=0:0
31.9431,terug,0,MM0 !M 0 0
31.9431,terug,0,MM1 !M 0 0
31.9431,terug,0,MM0 +
31.9431,terug,0,MM1 +
31.9431,terug,0,"$GPRMC,130541.2,A,5050.51391,N,00419.37813,E,000.30,161.3,081026,000.4,E*5A"
31.9431,terug,0,"#189,YAW,2.94,GYRO,-14,47,-8,ACC,3,3,258,ADC,1271,336,6,1,"
31.9431,terug,0,MM0 ?AI
31.9431,terug,0,MM1 ?AI
31.9431,terug,0,MM0 AI=0:0:2452:2453:0:0
31.9431,terug,0,MM1 AI=0:0:2348:2355:0:0
31.9962,terug,0,"#190,YAW,2.94,GYRO,-14,46,-7,ACC,9,1,256,ADC,1279,393,6,2,"
31.9962,terug,0,MM1 ?C
31.9962,terug,0,MM0 ?C
31.9962,terug,0,MM1 C=-920:-1067
31.9962,terug,0,MM0 C=-1067:-859
31.9963,terug,0,MM0 !M 0 0
31.9963,terug,0,MM1 !M 0 0
31.9963,terug,0,MM0 +
31.9963,terug,0,MM1 +
31.9963,terug,0,"#191,YAW,2.94,GYRO,-12,47,-4,ACC,6,0,257,ADC,1275,347,5,1,"
31.9964,terug,0,MM1 ?D
31.9964,terug,0,MM0 ?D
31.9964,terug,0,MM0 D=50
31.9964,terug,0,MM1 D=3
31.9964,terug,0,"#192,YAW,2.94,GYRO,-13,48,-5,ACC,6,7,257,ADC,1246,502,5,2,"
31.9964,terug,0,MM1 ?FF
32.0480,terug,0,MM0 ?FF
32.0481,terug,0,MM1 FF=0
32.0481,terug,0,MM0 FF=0
32.0481,terug,0,"#193,YAW,2.94,GYRO,-13,48,-6,ACC,3,2,257,ADC,1280,500,4,2,"
32.0481,terug,0,MM1 ?P
32.0481,terug,0,MM0 ?P
32.0481,terug,0,MM1 P=0:0
32.0481,terug,0,MM0 P=0:0
32.0481,terug,0,MM0 !M 0 0
32.0481,terug,0,MM1 !M 0 0
32.0481,terug,0,MM0 +
32.0481,terug,0,MM1 +
32.0481,terug,0,"#194,YAW,2.94,GYRO,-13,46,-6,ACC,5,0,252,ADC,1224,381,5,2,"
32.0482,terug,0,MM1 ?S
32.0482,terug,0,MM0 ?S
32.0482,terug,0,MM1 S=0:0
32.0482,terug,0,MM0 S=0:0
32.0960,terug,0,"#195,YAW,2.94,GYRO,-13,46,-5,ACC,6,1,256,ADC,1267,396,6,2,"
32.0960,terug,0,MM1 ?T
32.0960,terug,0,MM0 ?T
32.0960,terug,0,MM1 T=36:34
32.0960,terug,0,MM0 T=35:34
32.0960,terug,0,MM1 !M 0 0
32.0960,terug,0,MM0 !M 0 0
32.0960,terug,0,MM1 +
32.0960,terug,0,MM0 +
32.0960,terug,0,"#196,YAW,2.94,GYRO,-13,47,-6,ACC,6,-1,257,ADC,1267,342,4,2,"
32.0961,terug,0,MM1 ?V
32.0961,terug,0,MM0 ?V
32.0961,terug,0,MM1 V=120:223:4900
32.0961,terug,0,MM0 V=120:224:4907
32.0961,terug,0,"#197,YAW,2.94,GYRO,-13,47,-6,ACC,4,3,259,ADC,1271,393,4,1,"
32.1471,terug,0,MM1 ?CR
32.1471,terug,0,MM0 ?CR
32.1471,terug,0,MM1 CR=0:0
32.1471,terug,0,MM0 CR=0:0
32.1471,terug,0,"#198,YAW,2.94,GYRO,-14,45,-6,ACC,5,0,257,ADC,1260,387,4,2,"
32.1472,terug,0,MM1 ?A
32.1472,terug,0,MM0 ?A
32.1472,terug,0,MM1 A=0:0
32.1472,terug,0,MM0 A=0:0
32.1472,terug,0,MM0 !M 0 0
32.1472,terug,0,MM1 !M 0 0
32.1472,terug,0,MM0 +
32.1472,terug,0,MM1 +
32.1472,terug,0,"$GPRMC,130541.4,A,5050.51393,N,00419.37813,E,000.31,161.3,081026,000.4,E*5F"
32.1472,terug,0,"#199,YAW,2.94,GYRO,-12,48,-5,ACC,7,-1,255,ADC,1276,329,4,2,"
32.1472,terug,0,MM1 ?AI
32.1472,terug,0,MM0 ?AI
32.1472,terug,0,MM1 AI=0:0:2365:2357:0:0
32.1472,terug,0,MM0 AI=0:0:2447:2452:0:0
32.1972,terug,0,"#200,YAW,2.94,GYRO,-14,47,-6,ACC,3,1,255,ADC,1282,499,4,1,"
32.1972,terug,0,MM1 ?C
32.1972,terug,0,MM0 ?C
32.1972,terug,0,MM1 C=-920:-1067
32.1972,terug,0,MM0 C=-1067:-859
32.1973,terug,0,MM1 !M 0 0
32.1973,terug,0,MM1 +
32.1973,terug,0,MM0 !M 0 0
32.1973,terug,0,MM0 +
32.1974,terug,0,"#201,YAW,2.94,GYRO,-14,48,-6,ACC,8,1,256,ADC,1284,355,6,2,"
32.1974,terug,0,MM1 ?D
32.1974,terug,0,MM0 ?D
32.1974,terug,0,MM0 D=50
32.1974,terug,0,MM1 D=3
32.1974,terug,0,"#202,YAW,2.94,GYRO,-13,45,-5,ACC,5,0,260,ADC,1238,499,4,1,"
32.1974,terug,0,MM1 ?FF
32.1974,terug,0,MM0 ?FF
32.2472,terug,0,MM1 FF=0
32.2472,terug,0,MM0 FF=0
32.2472,terug,0,"#203,YAW,2.94,GYRO,-13,46,-6,ACC,4,1,257,ADC,1241,397,5,2,"
32.2473,terug,0,MM1 ?P
32.2473,terug,0,MM0 ?P
32.2473,terug,0,MM1 P=0:0
32.2473,terug,0,MM0 P=0:0
32.2473,terug,0,MM0 !M 0 0
32.2473,terug,0,MM1 !M 0 0
32.2473,terug,0,MM0 +
32.2473,terug,0,MM1 +
32.2473,terug,0,"#204,YAW,2.94,GYRO,-13,47,-5,ACC,4,2,252,ADC,1236,393,5,2,"
32.2473,terug,0,MM1 ?S
32.2473,terug,0,MM0 ?S
32.2473,terug,0,MM1 S=0:0
32.2473,terug,0,MM0 S=0:0
32.2982,terug,0,"#205,YAW,2.94,GYRO,-13,46,-6,ACC,8,0,258,ADC,1269,400,7,2,"
32.2982,terug,0,MM1 ?T
32.2982,terug,0,MM0 ?T
32.2982,terug,0,MM1 T=36:34
32.2982,terug,0,MM0 T=35:34
32.2982,terug,0,"#206,YAW,2.94,GYRO,-13,46,-5,ACC,6,4,259,ADC,1278,383,6,2,"
32.2983,terug,0,MM0 !M 0 0
32.2983,terug,0,MM0 +
32.2983,terug,0,MM1 !M 0 0
32.2983,terug,0,MM1 +
32.2983,terug,0,MM1 ?V
32.2983,terug,0,MM0 ?V
32.2983,terug,0,MM1 V=120:223:4898
32.2983,terug,0,MM0 V=120:223:4909
32.2983,terug,0,"#207,YAW,2.94,GYRO,-11,47,-6,ACC,5,0,256,ADC,1271,402,4,2,"
32.2983,terug,0,MM1 ?CR
32.2983,terug,0,MM0 ?CR
32.2983,terug,0,MM1 CR=0:0
32.3486,terug,0,MM0 CR=0:0
32.3486,terug,0,"#208,YAW,2.94,GYRO,-14,47,-6,ACC,6,0,257,ADC,1235,389,4,2,"
32.3487,terug,0,MM1 ?A
32.3487,terug,0,MM0 ?A
32.3487,terug,0,MM1 A=0:0
32.3487,terug,0,MM0 A=0:0
32.3487,terug,0,MM0 !M 0 0
32.3487,terug,0,MM1 !M 0 0
32.3487,terug,0,MM0 +
32.3487,terug,0,MM1 +
32.3487,terug,0,"$GPRMC,130541.6,A,5050.51395,N,00419.37814,E,000.32,161.3,081026,000.4,E*5F"
32.3487,terug,0,"#209,YAW,2.94,GYRO,-12,47,-5,ACC,6,2,259,ADC,1236,342,5,1,"
32.3488,terug,0,MM1 ?AI
32.3488,terug,0,MM0 ?AI
32.3488,terug,0,MM1 AI=0:0:2352:2370:0:0
32.3488,terug,0,MM0 AI=0:0:2453:2450:0:0
32.4002,terug,0,"#210,YAW,2.94,GYRO,-12,47,-5,ACC,4,1,258,ADC,1276,501,4,1,"
32.4002,terug,0,MM1 ?C
32.4003,terug,0,MM0 ?C
32.4003,terug,0,MM1 C=-920:-1067
32.4003,terug,0,MM0 C=-1067:-859
32.4004,terug,0,"#211,YAW,2.94,GYRO,-13,47,-5,ACC,4,1,254,ADC,1263,503,6,2,"
32.4004,terug,0,MM0 ?D
32.4004,terug,0,MM1 ?D
32.4004,terug,0,MM0 D=50
32.4004,terug,0,MM1 D=3
32.4004,terug,0,MM1 !M 0 0
32.4004,terug,0,MM0 !M 0 0
32.4004,terug,0,MM1 +
32.4004,terug,0,MM0 +
32.4004,terug,0,"#212,YAW,2.94,GYRO,-14,48,-6,ACC,5,0,261,ADC,1283,400,4,2,"
32.4004,terug,0,MM0 ?FF
32.4004,terug,0,MM1 ?FF
32.4004,terug,0,MM0 FF=0
32.4004,terug,0,MM1 FF=0
32.4518,terug,0,"#213,YAW,2.94,GYRO,-14,48,-6,ACC,5,-1,256,ADC,1240,383,6,2,"
32.4519,terug,0,MM0 ?P
32.4519,terug,0,MM1 ?P
32.4519,terug,0,MM0 P=0:0
32.4519,terug,0,MM1 P=0:0
32.4519,terug,0,MM1 !M 0 0
32.4519,terug,0,MM0 !M 0 0
32.4519,terug,0,MM1 +
32.4519,terug,0,MM0 +
32.4519,terug,0,"#214,YAW,2.94,GYRO,-12,46,-6,ACC,5,1,259,ADC,1260,393,6,2,"
32.4519,terug,0,MM0 ?S
32.4519,terug,0,MM1 ?S
32.4520,terug,0,MM0 S=0:0
32.4520,terug,0,MM1 S=0:0
32.5012,terug,0,"#215,YAW,2.94,GYRO,-13,46,-6,ACC,7,0,259,ADC,1234,387,4,2,"
32.5012,terug,0,MM0 ?T
32.5012,terug,0,MM1 ?T
32.5012,terug,0,MM0 T=35:34
32.5012,terug,0,MM1 T=36:34
32.5012,terug,0,"#216,YAW,2.94,GYRO,-13,46,-5,ACC,3,0,258,ADC,1262,387,5,1,"
32.5013,terug,0,MM0 ?V
32.5013,terug,0,MM1 ?V
32.5013,terug,0,MM0 V=120:223:4908
32.5013,terug,0,MM1 V=120:223:4899
32.5013,terug,0,MM0 !M 0 0
32.5013,terug,0,MM1 !M 0 0
32.5013,terug,0,MM0 +
32.5013,terug,0,MM1 +
32.5013,terug,0,"#217,YAW,2.94,GYRO,-14,48,-6,ACC,5,3,258,ADC,1249,397,5,2,"
32.5013,terug,0,MM0 ?CR
32.5013,terug,0,MM1 ?CR
32.5013,terug,0,MM0 CR=0:0
32.5013,terug,0,MM1 CR=0:0
32.5503,terug,0,"#218,YAW,2.94,GYRO,-14,46,-5,ACC,4,2,258,ADC,1234,381,6,2,"
32.5503,terug,0,MM0 ?A
32.5503,terug,0,MM1 ?A
32.5504,terug,0,MM0 A=0:0
32.5504,terug,0,MM1 A=0:0
32.5504,terug,0,MM0 !M 0 0
32.5504,terug,0,MM1 !M 0 0
32.5504,terug,0,MM0 +
32.5504,terug,0,MM1 +
32.5504,terug,0,"$GPRMC,130541.8,A,5050.51396,N,00419.37814,E,000.33,161.3,081026,000.4,E*53"
32.5504,terug,0,"#219,YAW,2.94,GYRO,-12,48,-5,ACC,7,0,260,ADC,1297,313,3,2,"
32.5504,terug,0,MM1 ?AI
32.5504,terug,0,MM0 ?AI
32.5504,terug,0,MM1 AI=0:0:2389:2369:0:0
32.5504,terug,0,MM0 AI=0:0:2434:2471:0:0
32.6039,terug,0,"#220,YAW,2.94,GYRO,-13,45,-5,ACC,6,2,255,ADC,1258,392,5,1,"
32.6040,terug,0,MM0 ?C
32.6040,terug,0,MM1 ?C
32.6040,terug,0,MM0 C=-1067:-859
32.6040,terug,0,MM1 C=-920:-1067
32.6041,terug,0,"#221,YAW,2.94,GYRO,-14,46,-6,ACC,3,0,255,ADC,1245,383,5,1,"
32.6042,terug,0,MM0 ?D
32.6042,terug,0,MM1 ?D
32.6042,terug,0,MM0 D=50
32.6042,terug,0,MM1 D=3
32.6042,terug,0,MM0 !M 0 0
32.6042,terug,0,MM1 !M 0 0
32.6042,terug,0,MM0 +
32.6042,terug,0,MM1 +
32.6042,terug,0,"#222,YAW,2.94,GYRO,-14,48,-3,ACC,5,1,259,ADC,1237,502,3,1,"
32.6042,terug,0,MM0 ?FF
32.6042,terug,0,MM1 ?FF
32.6042,terug,0,MM0 FF=0
32.6042,terug,0,MM1 FF=0
32.6379,terug,0,"#223,YAW,2.94,GYRO,-13,47,-6,ACC,4,1,258,ADC,1239,376,5,2,"
32.6379,terug,0,MM0 !M 0 0
32.6380,terug,0,MM0 +
32.6380,terug,0,MM1 !M 0 0
32.6380,terug,0,MM1 +
32.6380,terug,0,MM0 ?P
32.6380,terug,0,MM1 ?P
32.6380,terug,0,MM0 P=0:0
32.6380,terug,0,MM1 P=0:0
32.6380,terug,0,"#224,YAW,2.94,GYRO,-11,46,-7,ACC,4,2,257,ADC,1298,392,8,2,"
32.6380,terug,0,MM0 ?S
32.6380,terug,0,MM1 ?S
32.6380,terug,0,MM0 S=0:0
32.6590,terug,-100,MM1 S=0:0
32.6590,terug,-100,"#225,YAW,2.94,GYRO,-13,48,-6,ACC,5,1,258,ADC,1199,399,6,2,"
32.6591,terug,-100,MM0 ?T
32.6591,terug,-100,MM1 ?T
32.6591,terug,-100,MM0 T=35:34
32.6591,terug,-100,MM1 T=36:34
32.6957,terug,-100,MM1 !M -118 82
32.6957,terug,-100,MM0 !M -118 82
32.6957,terug,-100,MM1 +
32.6957,terug,-100,MM0 +
32.6957,terug,-100,"#226,YAW,2.94,GYRO,-13,46,-4,ACC,2,0,261,ADC,1292,353,4,2,"
32.6957,terug,-100,MM1 ?V
32.6957,terug,-100,MM0 ?V
32.6957,terug,-100,MM0 V=120:223:4908
32.6957,terug,-100,MM1 V=120:223:4898
32.7141,terug,-100,"#227,YAW,2.94,GYRO,-9,169,-4,ACC,-44,2,270,ADC,1248,500,7,2,"
32.7141,terug,-100,MM0 ?CR
32.7141,terug,-100,MM1 ?CR
32.7141,terug,-100,MM1 CR=-1:1
32.7141,terug,-100,MM0 CR=0:0
32.7610,terug,0,"#228,YAW,2.94,GYRO,-15,-22,16,ACC,-24,3,233,ADC,1217,398,5,2,"
32.7611,terug,0,MM0 ?A
32.7611,terug,0,MM1 ?A
32.7611,terug,0,MM0 A=-9:0
32.7611,terug,0,MM1 A=-9:5
32.7611,terug,0,MM0 !M -118 82
32.7611,terug,0,MM1 !M -118 82
32.7611,terug,0,MM0 +
32.7611,terug,0,MM1 +
32.7611,terug,0,"$GPRMC,130542.0,A,5050.51398,N,00419.37814,E,000.33,161.3,081026,000.4,E*56"
32.7611,terug,0,"#229,YAW,2.94,GYRO,-13,50,-3,ACC,-11,4,271,ADC,1254,390,5,2,"
32.7611,terug,0,MM0 ?AI
32.7611,terug,0,MM1 ?AI
32.7611,terug,0,MM0 AI=0:0:2431:2464:0:0
32.7612,terug,0,MM1 AI=0:0:2418:2371:0:0
32.7612,terug,0,"#230,YAW,2.94,GYRO,-8,102,-16,ACC,-21,1,274,ADC,1256,395,8,2,"
32.7612,terug,0,MM0 ?C
32.7612,terug,0,MM1 ?C
32.7612,terug,0,MM0 C=-1069:-858
32.7612,terug,0,MM1 C=-922:-1065
32.7820,terug,0,"#231,YAW,2.94,GYRO,-13,20,7,ACC,-9,-7,247,ADC,1198,384,6,1,"
32.7820,terug,0,MM0 ?D
32.7820,terug,0,MM1 ?D
32.7820,terug,0,MM1 D=34
32.7820,terug,0,MM0 D=0
32.7820,terug,0,MM1 !M 0 0PING
32.7820,terug,0,MM0 !M 0 0PING
32.7820,terug,0,MM1 +
32.7820,terug,0,MM0 +
32.8161,terug,0,MM0 !M 0 0
32.8161,terug,0,MM1 !M 0 0
32.8161,terug,0,MM0 +
32.8162,terug,0,MM1 +
32.8162,terug,0,"#232,YAW,2.94,GYRO,-7,48,-12,ACC,21,-3,251,ADC,1254,341,6,1,"
32.8162,terug,0,MM0 ?FF
32.8162,terug,0,MM1 ?FF
32.8162,terug,0,MM0 FF=0
32.8162,terug,0,MM1 FF=0
32.8162,terug,0,"#233,YAW,2.94,GYRO,-20,-1,-54,ACC,30,5,247,ADC,1243,383,4,1,"
32.8163,terug,0,MM0 ?P
32.8671,terug,0,MM1 ?P
32.8671,terug,0,MM0 P=0:0
32.8671,terug,0,MM1 P=0:0
32.8671,terug,0,"#234,YAW,2.94,GYRO,-1,49,-61,ACC,32,4,258,ADC,1242,499,4,2,"
32.8672,terug,0,MM0 ?S
32.8672,terug,0,MM1 ?S
32.8672,terug,0,MM0 S=0:0
32.8672,terug,0,MM1 S=0:0
32.8672,terug,0,MM1 !M 0 0
32.8672,terug,0,MM0 !M 0 0
32.8672,terug,0,MM1 +
32.8672,terug,0,MM0 +
32.8672,terug,0,"#235,YAW,2.94,GYRO,-22,53,-20,ACC,39,0,249,ADC,1259,400,5,2,"
32.8672,terug,0,MM0 ?T
32.8672,terug,0,MM1 ?T
32.8672,terug,0,MM0 T=35:34
32.8672,terug,0,MM1 T=36:34
32.9181,terug,0,"#236,YAW,2.94,GYRO,-4,47,-7,ACC,30,1,254,ADC,1247,490,5,2,"
32.9182,terug,0,MM0 ?V
32.9182,terug,0,MM1 ?V
32.9182,terug,0,MM0 V=120:224:4906
32.9182,terug,0,MM1 V=120:223:4900
32.9182,terug,0,MM0 !M 0 0
32.9182,terug,0,MM1 !M 0 0
32.9182,terug,0,MM0 +
32.9182,terug,0,MM1 +
32.9182,terug,0,"#237,YAW,2.94,GYRO,-23,51,14,ACC,28,0,261,ADC,1259,386,5,2,"
32.9182,terug,0,MM0 ?CR
32.9182,terug,0,MM1 ?CR
32.9182,terug,0,MM0 CR=-3:3
32.9182,terug,0,MM1 CR=-2:3
32.9182,terug,0,"#238,YAW,2.94,GYRO,-11,43,16,ACC,22,2,249,ADC,1277,391,5,1,"
32.9182,terug,0,MM0 ?A
32.9183,terug,0,MM1 ?A
32.9183,terug,0,MM0 A=0:0
32.9671,terug,0,MM1 A=0:0
32.9671,terug,0,"$GPRMC,130542.2,A,5050.51400,N,00419.37814,E,000.32,161.3,081026,000.4,E*53"
32.9671,terug,0,"#239,YAW,2.94,GYRO,-18,50,2,ACC,19,2,257,ADC,1240,347,5,1,"
32.9672,terug,0,MM0 ?AI
32.9672,terug,0,MM1 ?AI
32.9672,terug,0,MM0 AI=0:0:2439:2445:0:0
32.9672,terug,0,MM1 AI=0:0:2369:2354:0:0
32.9672,terug,0,MM1 !M 0 0
32.9672,terug,0,MM0 !M 0 0
32.9672,terug,0,MM1 +
32.9672,terug,0,MM0 +
32.9672,terug,0,"#240,YAW,2.94,GYRO,-21,49,-11,ACC,-1,2,259,ADC,1232,343,5,1,"
32.9672,terug,0,MM0 ?C
32.9672,terug,0,MM1 ?C
32.9672,terug,0,MM0 C=-1070:-856
32.9673,terug,0,MM1 C=-923:-1063
33.0181,terug,0,"#241,YAW,2.94,GYRO,-11,67,3,ACC,-1,2,270,ADC,1238,395,5,2,"
33.0182,terug,0,MM0 ?D
33.0182,terug,0,MM1 ?D
33.0182,terug,0,MM0 D=16
33.0182,terug,0,MM1 D=42
33.0182,terug,0,MM1 !M 0 0
33.0182,terug,0,MM0 !M 0 0
33.0182,terug,0,MM1 +
33.0182,terug,0,"#242,YAW,2.94,GYRO,-16,29,1,ACC,-2,5,256,ADC,1267,387,5,2,"
33.0182,terug,0,MM0 +
33.0182,terug,0,MM0 ?FF
33.0182,terug,0,MM1 ?FF
33.0182,terug,0,MM0 FF=0
33.0182,terug,0,MM1 FF=0
33.0183,terug,0,"#243,YAW,2.94,GYRO,-16,59,-10,ACC,-9,2,258,ADC,1234,397,4,1,"
33.0183,terug,0,MM0 ?P
33.0183,terug,0,MM1 ?P
33.0183,terug,0,MM0 P=0:0
33.0694,terug,0,MM1 P=0:0
33.0694,terug,0,"#244,YAW,2.94,GYRO,-17,24,-11,ACC,-5,4,263,ADC,1235,500,4,2,"
33.0695,terug,0,MM0 ?S
33.0695,terug,0,MM1 ?S
33.0695,terug,0,MM0 S=0:0
33.0695,terug,0,MM1 S=0:-75
33.0695,terug,0,MM1 !M 0 0
33.0695,terug,0,MM0 !M 0 0
33.0695,terug,0,MM1 +
33.0695,terug,0,MM0 +
33.0695,terug,0,"#245,YAW,2.94,GYRO,-15,37,-15,ACC,-2,1,247,ADC,1249,384,4,1,"
33.0695,terug,0,MM0 ?T
33.0695,terug,0,MM1 ?T
33.0695,terug,0,MM0 T=35:34
33.0695,terug,0,MM1 T=36:34
33.1220,terug,0,"#246,YAW,2.94,GYRO,-13,61,-6,ACC,-1,0,264,ADC,1273,501,3,2,"
33.1220,terug,0,MM0 ?V
33.1220,terug,0,MM1 ?V
33.1220,terug,0,MM0 V=120:222:4905
33.1220,terug,0,MM1 V=120:224:4898
33.1220,terug,0,"#247,YAW,2.94,GYRO,-14,34,3,ACC,-3,1,261,ADC,1272,392,3,1,"
33.1221,terug,0,MM0 ?CR
33.1221,terug,0,MM1 ?CR
33.1221,terug,0,MM0 CR=2:-2
33.1221,terug,0,MM1 CR=2:-2
33.1221,terug,0,MM1 !M 0 0
33.1221,terug,0,MM0 !M 0 0
33.1221,terug,0,MM1 +
33.1221,terug,0,MM0 +
33.1221,terug,0,"#248,YAW,2.94,GYRO,-14,45,6,ACC,4,3,265,ADC,1255,387,4,1,"
33.1221,terug,0,MM0 ?A
33.1221,terug,0,MM1 ?A
33.1221,terug,0,MM0 A=0:0
33.1221,terug,0,MM1 A=0:0
33.1690,terug,0,"$GPRMC,130542.4,A,5050.51402,N,00419.37814,E,000.30,161.3,081026,000.4,E*55"
33.1690,terug,0,"#249,YAW,2.94,GYRO,-16,50,-10,ACC,-3,1,257,ADC,1246,321,5,2,"
33.1690,terug,0,MM0 ?AI
33.1690,terug,0,MM1 ?AI
33.1690,terug,0,MM0 AI=0:0:2431:2467:0:0
33.1690,terug,0,MM1 AI=0:0:2364:2359:0:0
33.1691,terug,0,MM1 !M 0 0
33.1691,terug,0,MM0 !M 0 0
33.1691,terug,0,MM1 +
33.1691,terug,0,MM0 +
33.1691,terug,0,"#250,YAW,2.94,GYRO,-13,41,-16,ACC,-3,1,256,ADC,1270,499,5,2,"
33.1691,terug,0,MM0 ?C
33.1691,terug,0,MM1 ?C
33.1691,terug,0,MM0 C=-1068:-858
33.1691,terug,0,MM1 C=-920:-1066
33.2200,terug,0,"#251,YAW,2.94,GYRO,-15,41,-12,ACC,1,1,264,ADC,1275,500,4,1,"
33.2201,terug,0,MM0 ?D
33.2201,terug,0,MM1 ?D
33.2201,terug,0,MM0 D=51
33.2201,terug,0,MM1 D=19
33.2201,terug,0,"#252,YAW,2.94,GYRO,-13,42,-8,ACC,3,1,254,ADC,1259,397,6,2,"
33.2201,terug,0,MM0 ?FF
33.2201,terug,0,MM1 ?FF
33.2201,terug,0,MM0 FF=0
33.2201,terug,0,MM1 FF=0
33.2201,terug,0,MM0 !M 0 0
33.2202,terug,0,MM1 !M 0 0
33.2202,terug,0,MM0 +
33.2202,terug,0,MM1 +
33.2202,terug,0,"#253,YAW,2.94,GYRO,-13,47,-3,ACC,2,1,252,ADC,1241,381,6,1,"
33.2202,terug,0,MM0 ?P
33.2202,terug,0,MM1 ?P
33.2202,terug,0,MM0 P=0:0
33.2202,terug,0,MM1 P=0:0
33.2712,terug,0,"#254,YAW,2.94,GYRO,-14,45,-2,ACC,6,0,257,ADC,1219,380,4,1,"
33.2712,terug,0,MM0 ?S
33.2713,terug,0,MM1 ?S
33.2713,terug,0,MM0 S=0:0
33.2713,terug,0,MM1 S=0:0
33.2713,terug,0,MM0 !M 0 0
33.2713,terug,0,MM1 !M 0 0
33.2713,terug,0,MM0 +
33.2713,terug,0,MM1 +
33.2713,terug,0,"#255,YAW,2.94,GYRO,-13,45,-3,ACC,3,2,271,ADC,1214,392,4,2,"
33.2713,terug,0,MM0 ?T
33.2713,terug,0,MM1 ?T
33.2713,terug,0,MM0 T=35:34
33.2713,terug,0,MM1 T=36:34
33.3211,terug,0,"#0,YAW,2.94,GYRO,-12,49,-5,ACC,1,0,260,ADC,1297,500,4,2,"
33.3212,terug,0,MM0 ?V
33.3212,terug,0,MM1 ?V
33.3212,terug,0,MM0 V=120:224:4908
33.3212,terug,0,MM1 V=120:224:4901
33.3212,terug,0,"#1,YAW,2.94,GYRO,-15,45,-7,ACC,3,1,260,ADC,1258,386,5,2,"
33.3212,terug,0,MM0 ?CR
33.3212,terug,0,MM1 ?CR
33.3212,terug,0,MM0 CR=0:-1
33.3212,terug,0,MM1 CR=1:-1
33.3212,terug,0,MM1 !M 0 0
33.3212,terug,0,MM0 !M 0 0
33.3212,terug,0,MM1 +
33.3212,terug,0,MM0 +
33.3212,terug,0,"#2,YAW,2.94,GYRO,-13,46,-7,ACC,6,1,259,ADC,1277,394,5,2,"
33.3213,terug,0,MM0 ?A
33.3213,terug,0,MM1 ?A
33.3213,terug,0,MM0 A=0:0
33.3213,terug,0,MM1 A=0:0
33.3737,terug,0,"$GPRMC,130542.6,A,5050.51403,N,00419.37814,E,000.29,161.3,081026,000.4,E*5E"
33.3738,terug,0,"#3,YAW,2.94,GYRO,-14,46,-6,ACC,6,0,258,ADC,1243,321,6,2,"
33.3738,terug,0,MM0 ?AI
33.3738,terug,0,MM1 ?AI
33.3738,terug,0,MM0 AI=0:0:2451:2445:0:0
33.3738,terug,0,MM1 AI=0:0:2371:2362:0:0
33.3738,terug,0,MM1 !M 0 0
33.3738,terug,0,MM0 !M 0 0
33.3738,terug,0,MM1 +
33.3738,terug,0,MM0 +
33.3738,terug,0,"#4,YAW,2.94,GYRO,-14,46,-6,ACC,3,2,255,ADC,1244,384,3,2,"
33.3739,terug,0,MM0 ?C
33.3739,terug,0,MM1 ?C
33.3739,terug,0,MM0 C=-1068:-859
33.3739,terug,0,MM1 C=-920:-1066
33.4231,terug,0,"#5,YAW,2.94,GYRO,-13,45,-6,ACC,6,0,261,ADC,1247,383,6,1,"
33.4231,terug,0,MM0 ?D
33.4231,terug,0,MM1 ?D
33.4231,terug,0,MM0 D=50
33.4231,terug,0,MM1 D=19
33.4231,terug,0,"#6,YAW,2.94,GYRO,-14,47,-7,ACC,3,3,270,ADC,1253,500,5,2,"
33.4231,terug,0,MM0 ?FF
33.4231,terug,0,MM1 ?FF
33.4231,terug,0,MM0 FF=0
33.4231,terug,0,MM1 FF=0
33.4231,terug,0,MM0 !M 0 0
33.4231,terug,0,MM1 !M 0 0
33.4231,terug,0,MM0 +
33.4231,terug,0,MM1 +
33.4231,terug,0,"#7,YAW,2.94,GYRO,-14,47,-6,ACC,3,3,255,ADC,1263,384,7,1,"
33.4232,terug,0,MM0 ?P
33.4232,terug,0,MM1 ?P
33.4232,terug,0,MM0 P=0:0
33.4232,terug,0,MM1 P=0:0
33.4720,terug,0,"#8,YAW,2.94,GYRO,-12,46,-6,ACC,4,0,256,ADC,1243,500,3,2,"
33.4720,terug,0,MM0 ?S
33.4721,terug,0,MM1 ?S
33.4721,terug,0,MM0 S=0:0
33.4721,terug,0,MM1 S=0:0
33.4721,terug,0,MM0 !M 0 0
33.4721,terug,0,MM1 !M 0 0
33.4721,terug,0,MM0 +
33.4721,terug,0,MM1 +
33.4721,terug,0,"#9,YAW,2.94,GYRO,-15,46,-7,ACC,5,1,259,ADC,1240,388,5,1,"
33.4721,terug,0,MM0 ?T
33.4721,terug,0,MM1 ?T
33.4721,terug,0,MM0 T=35:34
33.4721,terug,0,MM1 T=36:34
33.5251,terug,0,"#10,YAW,2.94,GYRO,-13,46,-6,ACC,7,0,256,ADC,1243,384,4,1,"
33.5251,terug,0,MM0 ?V
33.5251,terug,0,MM1 ?V
33.5251,terug,0,MM0 V=120:224:4908
33.5251,terug,0,MM1 V=120:224:4901
33.5252,terug,0,"#11,YAW,2.94,GYRO,-13,44,-3,ACC,1,1,255,ADC,1287,502,5,2,"
33.5252,terug,0,MM0 ?CR
33.5252,terug,0,MM1 ?CR
33.5252,terug,0,MM0 CR=1:0
33.5252,terug,0,MM1 CR=0:0
33.5252,terug,0,MM1 !M 0 0
33.5252,terug,0,MM0 !M 0 0
33.5252,terug,0,MM1 +
33.5252,terug,0,MM0 +
33.5252,terug,0,"#12,YAW,2.94,GYRO,-14,47,-4,ACC,7,-1,261,ADC,1294,500,6,2,"
33.5252,terug,0,MM0 ?A
33.5252,terug,0,MM1 ?A
33.5252,terug,0,MM0 A=0:0
33.5252,terug,0,MM1 A=0:0
33.5733,terug,0,"$GPRMC,130542.8,A,5050.51405,N,00419.37814,E,000.28,161.3,081026,000.4,E*57"
33.5733,terug,0,"#13,YAW,2.94,GYRO,-13,47,-5,ACC,3,5,255,ADC,1262,324,5,1,"
33.5733,terug,0,MM0 ?AI
33.5733,terug,0,MM1 ?AI
33.5733,terug,0,MM0 AI=0:0:2442:2443:0:0
33.5733,terug,0,MM1 AI=0:0:2366:2388:0:0
33.5734,terug,0,MM0 !M 0 0
33.5734,terug,0,MM1 !M 0 0
33.5734,terug,0,MM0 +
33.5734,terug,0,MM1 +
33.5734,terug,0,"#14,YAW,2.94,GYRO,-14,47,-5,ACC,4,2,256,ADC,1228,394,5,2,"
33.5734,terug,0,MM0 ?C
33.5734,terug,0,MM1 ?C
33.5734,terug,0,MM0 C=-1067:-859
33.5734,terug,0,MM1 C=-920:-1067
33.6276,terug,0,"#15,YAW,2.94,GYRO,-15,47,-8,ACC,5,3,254,ADC,1263,500,4,1,"
33.6276,terug,0,MM0 ?D
33.6277,terug,0,MM1 ?D
33.6277,terug,0,MM0 D=50
33.6277,terug,0,MM1 D=3
33.6277,terug,0,"#16,YAW,2.94,GYRO,-14,46,-6,ACC,3,1,259,ADC,1244,498,3,1,"
33.6277,terug,0,MM0 ?FF
33.6277,terug,0,MM1 ?FF
33.6277,terug,0,MM0 FF=0
33.6277,terug,0,MM1 FF=0
33.6277,terug,0,MM0 !M 0 0
33.6277,terug,0,MM1 !M 0 0
33.6277,terug,0,MM0 +
33.6277,terug,0,MM1 +
33.6277,terug,0,"#17,YAW,2.94,GYRO,-13,48,-3,ACC,3,1,259,ADC,1226,382,3,2,"
33.6277,terug,0,MM0 ?P
33.6277,terug,0,MM1 ?P
33.6277,terug,0,MM0 P=0:0
33.6277,terug,0,MM1 P=0:0
33.6619,terug,0,"#18,YAW,2.94,GYRO,-13,44,-6,ACC,3,1,255,ADC,1267,502,4,1,"
33.6620,terug,0,MM0 ?S
33.6620,terug,0,MM1 ?S
33.6620,terug,0,MM0 S=0:0
33.6620,terug,0,MM1 S=0:0
33.6620,terug,0,MM0 !M 0 0
33.6620,terug,0,MM1 !M 0 0
33.6620,terug,0,MM0 +
33.6620,terug,0,MM1 +
33.6620,terug,0,"#19,YAW,2.94,GYRO,-14,46,-7,ACC,9,-1,260,ADC,1239,381,6,2,"
33.6620,terug,0,MM0 ?T
33.6620,terug,0,MM1 ?T
33.6620,terug,0,MM0 T=35:34
33.6620,terug,0,MM1 T=36:34
33.6830,terug,0,"#20,YAW,2.94,GYRO,-12,46,-6,ACC,5,1,257,ADC,1222,383,4,2,"
33.6830,terug,0,MM0 ?V
33.6830,terug,0,MM1 ?V
33.6830,terug,0,MM0 V=120:225:4909
33.6830,terug,0,MM1 V=120:222:4901
33.7190,terug,0,MM1 !M 0 0
33.7190,terug,0,MM0 !M 0 0
33.7190,terug,0,MM1 +
33.7190,terug,0,MM0 +
33.7190,terug,0,"#21,YAW,2.94,GYRO,-12,47,-5,ACC,6,1,258,ADC,1228,290,5,2,"
33.7190,terug,0,MM0 ?CR
33.7190,terug,0,MM1 ?CR
33.7191,terug,0,MM1 CR=0:-1
33.7191,terug,0,MM0 CR=0:0
33.7191,terug,0,"#22,YAW,2.94,GYRO,-14,47,-6,ACC,4,0,257,ADC,1257,496,5,2,"
33.7191,terug,0,MM0 ?A
33.7191,terug,0,MM1 ?A
33.7191,terug,0,MM0 A=0:0
33.7380,terug,0,MM1 A=0:0
33.7380,terug,0,"$GPRMC,130543.0,A,5050.51407,N,00419.37813,E,000.27,161.3,081026,000.4,E*54"
33.7380,terug,0,"#23,YAW,2.94,GYRO,-13,46,-7,ACC,5,1,258,ADC,1264,349,5,2,"
33.7380,terug,0,MM0 ?AI
33.7380,terug,0,MM1 ?AI
33.7723,terug,0,MM0 AI=0:0:2430:2448:0:0
33.7723,terug,0,MM1 AI=0:0:2358:2359:0:0
33.7723,terug,0,MM0 !M 0 0
33.7723,terug,0,MM1 !M 0 0
33.7724,terug,0,MM0 +
33.7724,terug,0,MM1 +
33.7724,terug,0,"#24,YAW,2.94,GYRO,-13,46,-5,ACC,6,1,256,ADC,1307,503,5,2,"
33.7724,terug,0,MM0 ?C
33.7724,terug,0,MM1 ?C
33.7724,terug,0,MM0 C=-1067:-859
33.7724,terug,0,MM1 C=-920:-1067
33.8250,terug,0,"#25,YAW,2.94,GYRO,-13,44,-5,ACC,4,3,256,ADC,1275,390,6,2,"
33.8250,terug,0,MM1 ?D
33.8251,terug,0,MM0 ?D
33.8251,terug,0,MM0 D=50
33.8251,terug,0,MM1 D=3
33.8251,terug,0,"#26,YAW,2.94,GYRO,-14,47,-4,ACC,7,0,260,ADC,1249,388,5,2,"
33.8251,terug,0,MM0 ?FF
33.8251,terug,0,MM1 ?FF
33.8251,terug,0,MM0 FF=0
33.8251,terug,0,MM1 FF=0
33.8251,terug,0,MM0 !M 0 0
33.8251,terug,0,MM1 !M 0 0
33.8251,terug,0,MM0 +
33.8251,terug,0,MM1 +
33.8251,terug,0,"#27,YAW,2.94,GYRO,-12,48,-5,ACC,4,1,258,ADC,1258,499,6,2,"
33.8251,terug,0,MM0 ?P
33.8251,terug,0,MM1 ?P
33.8251,terug,0,MM0 P=0:0
33.8251,terug,0,MM1 P=0:0
33.8781,terug,0,"#28,YAW,2.94,GYRO,-12,44,-4,ACC,2,1,254,ADC,1232,501,4,2,"
33.8782,terug,0,MM0 ?S
33.8782,terug,0,MM1 ?S
33.8782,terug,0,MM0 S=0:0
33.8782,terug,0,MM1 S=0:0
33.8782,terug,0,"#29,YAW,2.94,GYRO,-13,47,-6,ACC,4,0,256,ADC,1235,329,5,2,"
33.8782,terug,0,MM0 !M 0 0
33.8782,terug,0,MM0 +
33.8782,terug,0,MM1 !M 0 0
33.8782,terug,0,MM1 +
33.8782,terug,0,MM0 ?T
33.8782,terug,0,MM1 ?T
33.8782,terug,0,MM0 T=35:34
33.8782,terug,0,MM1 T=36:34
33.8782,terug,0,"#30,YAW,2.94,GYRO,-12,46,-5,ACC,6,2,258,ADC,1240,501,4,2,"
33.8782,terug,0,MM0 ?V
33.8782,terug,0,MM1 ?V
33.8782,terug,0,MM0 V=120:224:4907
33.9261,terug,0,MM1 V=120:224:4900
33.9261,terug,0,"#31,YAW,2.94,GYRO,-14,46,-7,ACC,5,1,260,ADC,1281,399,6,2,"
33.9261,terug,0,MM1 ?CR
33.9261,terug,0,MM0 ?CR
33.9261,terug,0,MM1 CR=0:0
33.9262,terug,0,MM0 CR=0:0
33.9262,terug,0,MM0 !M 0 0
33.9262,terug,0,MM1 !M 0 0
33.9262,terug,0,MM0 +
33.9262,terug,0,MM1 +
33.9262,terug,0,"#32,YAW,2.94,GYRO,-14,45,-7,ACC,1,2,259,ADC,1278,501,5,2,"
33.9262,terug,0,MM0 ?A
33.9262,terug,0,MM1 ?A
33.9262,terug,0,MM0 A=0:0
33.9262,terug,0,MM1 A=0:0
33.9798,terug,0,"$GPRMC,130543.2,A,5050.51408,N,00419.37813,E,000.26,161.3,081026,000.4,E*58"
33.9798,terug,0,"#33,YAW,2.94,GYRO,-14,45,-6,ACC,7,-1,258,ADC,1288,396,6,1,"
33.9799,terug,0,MM0 ?AI
33.9799,terug,0,MM1 ?AI
33.9799,terug,0,MM0 AI=0:0:2451:2453:0:0
33.9799,terug,0,MM1 AI=0:0:2356:2375:0:0
33.9799,terug,0,"#34,YAW,2.94,GYRO,-13,47,-7,ACC,6,1,254,ADC,1214,386,4,2,"
33.9799,terug,0,MM0 ?C
33.9799,terug,0,MM1 ?C
33.9799,terug,0,MM0 C=-1067:-859
33.9799,terug,0,MM1 C=-920:-1067
33.9800,terug,0,MM0 !M 0 0
33.9800,terug,0,MM1 !M 0 0
33.9800,terug,0,MM0 +
33.9800,terug,0,MM1 +
33.9800,terug,0,"#35,YAW,2.94,GYRO,-13,46,-6,ACC,6,1,261,ADC,1239,387,5,2,"
33.9800,terug,0,MM0 ?D
33.9800,terug,0,MM1 ?D
33.9800,terug,0,MM0 D=50
33.9800,terug,0,MM1 D=3
34.0152,terug,0,MM0 !M 0 0
34.0152,terug,0,MM1 !M 0 0
34.0152,terug,0,MM0 +
34.0152,terug,0,MM1 +
34.0152,terug,0,"#36,YAW,2.94,GYRO,-14,47,-4,ACC,0,1,255,ADC,1248,384,4,2,"
34.0153,terug,0,MM1 ?FF
34.0153,terug,0,MM0 ?FF
34.0153,terug,0,MM1 FF=0
34.0153,terug,0,MM0 FF=0
34.0375,terug,-110,"#37,YAW,2.94,GYRO,-11,47,-4,ACC,7,0,257,ADC,1279,501,5,2,"
34.0375,terug,-110,MM0 ?P
34.0375,terug,-110,MM1 ?P
34.0375,terug,-110,MM0 P=0:0
34.0375,terug,-110,MM1 P=0:0
34.0375,terug,-110,"#38,YAW,2.94,GYRO,-13,46,-5,ACC,5,2,260,ADC,1262,382,5,2,"
34.0722,terug,0,MM0 ?S
34.0722,terug,0,MM1 ?S
34.0722,terug,0,MM0 S=0:0
34.0722,terug,0,MM1 S=0:0
34.0722,terug,0,MM0 !M -130 90
34.0722,terug,0,MM1 !M -130 90
34.0722,terug,0,MM0 +
34.0722,terug,0,MM1 +
34.0722,terug,0,"#39,YAW,2.95,GYRO,-13,48,-7,ACC,3,0,256,ADC,1253,392,5,2,"
34.0723,terug,0,MM0 ?T
34.0723,terug,0,MM1 ?T
34.0723,terug,0,MM0 T=35:34
34.0723,terug,0,MM1 T=36:34
34.1200,terug,0,"#40,YAW,2.94,GYRO,-12,159,5,ACC,-52,-1,266,ADC,1301,497,6,2,"
34.1200,terug,0,MM1 ?V
34.1200,terug,0,MM0 ?V
34.1200,terug,0,MM1 V=120:221:4900
34.1200,terug,0,MM0 V=120:223:4907
34.1200,terug,0,"#41,YAW,2.94,GYRO,-9,5,28,ACC,-30,6,228,ADC,1252,500,6,2,"
34.1200,terug,0,MM0 ?CR
34.1200,terug,0,MM1 ?CR
34.1200,terug,0,MM0 CR=-1:1
34.1200,terug,0,MM1 CR=-1:1
34.1200,terug,0,MM0 !M 0 0
34.1200,terug,0,MM1 !M 0 0
34.1200,terug,0,MM0 +
34.1200,terug,0,MM1 +
34.1200,terug,0,"#42,YAW,2.94,GYRO,-11,11,28,ACC,37,2,279,ADC,1260,485,5,1,"
34.1201,terug,0,MM1 ?A
34.1201,terug,0,MM0 ?A
34.1201,terug,0,MM1 A=0:0
34.1201,terug,0,MM0 A=0:0
34.1772,terug,0,"$GPRMC,130543.4,A,5050.51410,N,00419.37813,E,000.28,161.3,081026,000.4,E*59"
34.1772,terug,0,MM1 !M 0 0PING
34.1773,terug,0,MM0 !M 0 0PING
34.1773,terug,0,MM1 +
34.1773,terug,0,MM0 +
34.1773,terug,0,"#43,YAW,2.94,GYRO,-11,61,-23,ACC,8,2,286,ADC,1206,268,5,2,"
34.1773,terug,0,MM1 ?AI
34.1773,terug,0,MM0 ?AI
34.1773,terug,0,MM1 AI=0:0:2369:2344:0:0
34.1773,terug,0,MM0 AI=0:0:2431:2459:0:0
34.1773,terug,0,MM0 !M 0 0
34.1773,terug,0,MM1 !M 0 0
34.1773,terug,0,MM0 +
34.1773,terug,0,MM1 +
34.1773,terug,0,"#44,YAW,2.95,GYRO,-24,33,-56,ACC,36,-7,217,ADC,1278,301,4,2,"
34.1773,terug,0,MM1 ?C
34.1773,terug,0,MM0 ?C
34.1773,terug,0,MM1 C=-921:-1065
34.1774,terug,0,MM0 C=-1068:-858
34.1774,terug,0,"#45,YAW,2.95,GYRO,-10,14,-40,ACC,29,-4,261,ADC,1228,387,4,1,"
34.1775,terug,0,MM1 ?D
34.1775,terug,0,MM0 ?D
34.2111,terug,0,MM1 D=49
34.2111,terug,0,MM0 D=43
34.2111,terug,0,MM0 !M 0 0
34.2111,terug,0,MM1 !M 0 0
34.2111,terug,0,MM0 +
34.2112,terug,0,MM1 +
34.2112,terug,0,"#46,YAW,2.95,GYRO,-8,89,-9,ACC,23,5,270,ADC,1224,499,5,1,"
34.2112,terug,0,MM1 ?FF
34.2112,terug,0,MM0 ?FF
34.2112,terug,0,MM1 FF=0
34.2112,terug,0,MM0 FF=0
34.2320,terug,0,"#47,YAW,2.95,GYRO,-12,32,20,ACC,21,4,243,ADC,1263,499,4,1,"
34.2320,terug,0,MM0 ?P
34.2321,terug,0,MM1 ?P
34.2321,terug,0,MM0 P=0:0
34.2321,terug,0,MM1 P=0:0
34.2659,terug,0,"#48,YAW,2.94,GYRO,-18,37,22,ACC,29,-10,263,ADC,1244,405,5,2,"
34.2660,terug,0,MM0 ?S
34.2660,terug,0,MM1 ?S
34.2660,terug,0,MM0 S=0:0
34.2660,terug,0,MM1 S=0:0
34.2660,terug,0,MM0 !M 0 0
34.2660,terug,0,MM1 !M 0 0
34.2660,terug,0,MM0 +
34.2660,terug,0,MM1 +
34.2660,terug,0,"#49,YAW,2.94,GYRO,-13,61,0,ACC,17,-5,260,ADC,1266,502,4,1,"
34.2660,terug,0,MM0 ?T
34.2660,terug,0,MM1 ?T
34.2660,terug,0,MM0 T=35:34
34.2660,terug,0,MM1 T=36:34
34.2869,terug,0,"#50,YAW,2.95,GYRO,-13,50,-19,ACC,5,-7,263,ADC,1251,498,5,2,"
34.2869,terug,0,MM1 ?V
34.2869,terug,0,MM0 ?V
34.2869,terug,0,MM1 V=120:223:4901
34.2869,terug,0,MM0 V=120:224:4908
34.3209,terug,0,"#51,YAW,2.95,GYRO,-18,64,-25,ACC,-4,0,249,ADC,1244,381,4,1,"
34.3210,terug,0,MM1 ?CR
34.3210,terug,0,MM0 ?CR
34.3210,terug,0,MM1 CR=0:0
34.3210,terug,0,MM0 CR=0:0
34.3210,terug,0,MM0 !M 0 0
34.3210,terug,0,MM1 !M 0 0
34.3210,terug,0,MM0 +
34.3210,terug,0,MM1 +
34.3210,terug,0,"#52,YAW,2.95,GYRO,-11,34,-12,ACC,-15,6,256,ADC,1272,395,5,1,"
34.3210,terug,0,MM1 ?A
34.3210,terug,0,MM0 ?A
34.3210,terug,0,MM1 A=0:0
34.3210,terug,0,MM0 A=0:0
34.3770,terug,0,"$GPRMC,130543.6,A,5050.51411,N,00419.37812,E,000.29,161.3,081026,000.4,E*5A"
34.3770,terug,0,"#53,YAW,2.95,GYRO,-19,28,3,ACC,-3,0,259,ADC,1253,303,4,1,"
34.3770,terug,0,MM0 ?AI
34.3770,terug,0,MM1 ?AI
34.3770,terug,0,MM0 AI=0:0:2449:2455:0:0
34.3770,terug,0,MM1 AI=0:0:2373:2351:0:0
34.3770,terug,0,MM1 !M 0 0
34.3770,terug,0,MM0 !M 0 0
34.3770,terug,0,MM1 +
34.3770,terug,0,MM0 +
34.3770,terug,0,"#54,YAW,2.95,GYRO,-12,46,3,ACC,-1,-4,250,ADC,1262,315,5,2,"
34.3771,terug,0,MM0 ?C
34.3771,terug,0,MM1 ?C
34.3771,terug,0,MM0 C=-1067:-859
34.3771,terug,0,MM1 C=-920:-1067
34.3772,terug,0,"#55,YAW,2.95,GYRO,-14,45,-1,ACC,3,-4,258,ADC,1241,394,7,1,"
34.3772,terug,0,MM0 ?D
34.3772,terug,0,MM1 ?D
34.4110,terug,0,MM0 D=50
34.4110,terug,0,MM1 D=3
34.4110,terug,0,MM0 !M 0 0
34.4110,terug,0,MM1 !M 0 0
34.4110,terug,0,MM0 +
34.4110,terug,0,MM1 +
34.4110,terug,0,"#56,YAW,2.95,GYRO,-12,45,-2,ACC,0,1,261,ADC,1231,383,4,2,"
34.4111,terug,0,MM0 ?FF
34.4111,terug,0,MM1 ?FF
34.4111,terug,0,MM0 FF=0
34.4111,terug,0,MM1 FF=0
34.4321,terug,0,"#57,YAW,2.95,GYRO,-13,43,-8,ACC,-2,5,254,ADC,1263,387,5,1,"
34.4321,terug,0,MM0 ?P
34.4321,terug,0,MM1 ?P
34.4321,terug,0,MM0 P=0:0
34.4321,terug,0,MM1 P=0:0
34.4680,terug,0,"#58,YAW,2.95,GYRO,-14,44,-10,ACC,3,2,256,ADC,1273,383,5,2,"
34.4681,terug,0,MM1 ?S
34.4681,terug,0,MM0 ?S
34.4681,terug,0,MM1 S=0:0
34.4681,terug,0,MM0 S=0:0
34.4681,terug,0,MM0 !M 0 0
34.4681,terug,0,MM1 !M 0 0
34.4681,terug,0,MM1 +
34.4681,terug,0,MM0 +
34.4681,terug,0,"#59,YAW,2.95,GYRO,-13,43,-5,ACC,3,0,256,ADC,1262,383,4,2,"
34.4681,terug,0,MM0 ?T
34.4681,terug,0,MM1 ?T
34.4681,terug,0,MM0 T=35:34
34.4681,terug,0,MM1 T=36:34
34.4888,terug,0,"#60,YAW,2.95,GYRO,-14,46,-5,ACC,0,2,260,ADC,1229,380,5,2,"
34.4889,terug,0,MM0 ?V
34.4889,terug,0,MM1 ?V
34.4889,terug,0,MM0 V=120:224:4907
34.4889,terug,0,MM1 V=120:223:4900
34.5236,terug,0,"#61,YAW,2.95,GYRO,-13,49,-7,ACC,-1,2,261,ADC,1240,498,4,2,"
34.5237,terug,0,MM1 ?CR
34.5237,terug,0,MM0 ?CR
34.5237,terug,0,MM1 CR=2:-1
34.5237,terug,0,MM0 CR=2:-2
34.5237,terug,0,MM0 !M 0 0
34.5237,terug,0,MM1 !M 0 0
34.5237,terug,0,MM0 +
34.5237,terug,0,MM1 +
34.5237,terug,0,"#62,YAW,2.95,GYRO,-14,46,-9,ACC,6,1,248,ADC,1232,381,4,1,"
34.5237,terug,0,MM1 ?A
34.5237,terug,0,MM0 ?A
34.5237,terug,0,MM1 A=0:0
34.5237,terug,0,MM0 A=0:0
34.5732,terug,0,"$GPRMC,130543.8,A,5050.51413,N,00419.37812,E,000.32,161.3,081026,000.4,E*5C"
34.5732,terug,0,"#63,YAW,2.95,GYRO,-14,46,-8,ACC,3,0,260,ADC,1269,317,3,1,"
34.5733,terug,0,MM1 ?AI
34.5733,terug,0,MM0 ?AI
34.5733,terug,0,MM1 AI=0:0:2365:2342:0:0
34.5733,terug,0,MM0 AI=0:0:2427:2477:0:0
34.5733,terug,0,MM0 !M 0 0
34.5733,terug,0,MM1 !M 0 0
34.5733,terug,0,MM0 +
34.5733,terug,0,MM1 +
34.5733,terug,0,"#64,YAW,2.95,GYRO,-13,48,-5,ACC,2,1,257,ADC,1280,499,8,1,"
34.5733,terug,0,MM1 ?C
34.5733,terug,0,MM0 ?C
34.5733,terug,0,MM1 C=-919:-1067
34.5733,terug,0,MM0 C=-1066:-860
34.6240,terug,0,"#65,YAW,2.95,GYRO,-13,45,-4,ACC,6,0,257,ADC,1273,500,4,1,"
34.6240,terug,0,MM1 ?D
34.6240,terug,0,MM0 ?D
34.6240,terug,0,MM0 D=24
34.6240,terug,0,MM1 D=2
34.6240,terug,0,"#66,YAW,2.95,GYRO,-12,46,-5,ACC,9,1,259,ADC,1267,425,5,1,"
34.6241,terug,0,MM1 ?FF
34.6241,terug,0,MM0 ?FF
34.6241,terug,0,MM1 FF=0
34.6241,terug,0,MM0 FF=0
34.6241,terug,0,MM0 !M 0 0
34.6241,terug,0,MM1 !M 0 0
34.6241,terug,0,MM0 +
34.6241,terug,0,MM1 +
34.6241,terug,0,"#67,YAW,2.95,GYRO,-12,45,-7,ACC,5,2,257,ADC,1242,392,3,2,"
34.6241,terug,0,MM1 ?P
34.6241,terug,0,MM0 ?P
34.6241,terug,0,MM1 P=0:0
34.6241,terug,0,MM0 P=0:0
34.6744,terug,0,"#68,YAW,2.95,GYRO,-14,47,-5,ACC,7,0,255,ADC,1275,400,7,1,"
34.6745,terug,0,MM1 ?S
34.6745,terug,0,MM0 ?S
34.6745,terug,0,MM1 S=0:0
34.6745,terug,0,MM0 S=0:0
34.6745,terug,0,MM0 !M 0 0
34.6745,terug,0,MM1 !M 0 0
34.6745,terug,0,MM0 +
34.6745,terug,0,MM1 +
34.6745,terug,0,"#69,YAW,2.95,GYRO,-14,48,-4,ACC,8,0,251,ADC,1229,395,6,2,"
34.6745,terug,0,MM1 ?T
34.6745,terug,0,MM0 ?T
34.6745,terug,0,MM1 T=36:34
34.6745,terug,0,MM0 T=35:34
34.7240,terug,0,"#70,YAW,2.95,GYRO,-13,49,-6,ACC,5,1,259,ADC,1250,386,5,2,"
34.7240,terug,0,MM1 ?V
34.7240,terug,0,MM0 ?V
34.7240,terug,0,MM1 V=120:223:4897
34.7240,terug,0,MM0 V=120:223:4905
34.7240,terug,0,"#71,YAW,2.95,GYRO,-13,49,-6,ACC,5,0,253,ADC,1297,504,6,1,"
34.7241,terug,0,MM0 ?CR
34.7241,terug,0,MM1 ?CR
34.7241,terug,0,MM1 CR=0:0
34.7241,terug,0,MM0 CR=0:0
34.7241,terug,0,MM0 !M 0 0
34.7241,terug,0,MM1 !M 0 0
34.7241,terug,0,MM0 +
34.7241,terug,0,MM1 +
34.7241,terug,0,"#72,YAW,2.95,GYRO,-13,48,-5,ACC,4,0,259,ADC,1268,402,4,2,"
34.7241,terug,0,MM0 ?A
34.7241,terug,0,MM1 ?A
34.7241,terug,0,MM0 A=0:0
34.7241,terug,0,MM1 A=0:0
34.7775,terug,0,"$GPRMC,130544.0,A,5050.51415,N,00419.37811,E,000.31,161.3,081026,000.4,E*55"
34.7776,terug,0,"#73,YAW,2.95,GYRO,-13,47,-5,ACC,1,5,260,ADC,1237,334,7,1,"
34.7776,terug,0,MM1 ?AI
34.7776,terug,0,MM0 ?AI
34.7776,terug,0,MM1 AI=0:0:2345:2378:0:0
34.7776,terug,0,MM0 AI=0:0:2427:2625:0:0
34.7776,terug,0,MM0 !M 0 0
34.7776,terug,0,MM1 !M 0 0
34.7776,terug,0,MM0 +
34.7776,terug,0,MM1 +
34.7776,terug,0,"#74,YAW,2.95,GYRO,-13,47,-6,ACC,5,2,259,ADC,1250,293,4,2,"
34.7777,terug,0,MM0 ?C
34.7777,terug,0,MM1 ?C
34.7777,terug,0,MM0 C=-1066:-860
34.7777,terug,0,MM1 C=-919:-1067
34.7778,terug,0,"#75,YAW,2.95,GYRO,-13,47,-4,ACC,8,2,256,ADC,1239,501,4,1,"
34.7778,terug,0,MM0 ?D
34.7778,terug,0,MM1 ?D
34.7778,terug,0,MM0 D=16
34.8264,terug,0,MM1 D=2
34.8264,terug,0,"#76,YAW,2.95,GYRO,-12,48,-4,ACC,5,0,257,ADC,1263,393,6,2,"
34.8265,terug,0,MM0 ?FF
34.8265,terug,0,MM1 ?FF
34.8265,terug,0,MM0 FF=0
34.8265,terug,0,MM1 FF=0
34.8265,terug,0,MM1 !M 0 0
34.8265,terug,0,MM0 !M 0 0
34.8265,terug,0,MM1 +
34.8265,terug,0,MM0 +
34.8265,terug,0,"#77,YAW,2.95,GYRO,-14,44,-5,ACC,7,0,259,ADC,1266,381,3,1,"
34.8265,terug,0,MM0 ?P
34.8265,terug,0,MM1 ?P
34.8265,terug,0,MM0 P=0:0
34.8265,terug,0,MM1 P=0:0
34.8772,terug,0,"#78,YAW,2.95,GYRO,-13,47,-6,ACC,2,2,255,ADC,1252,386,4,2,"
34.8772,terug,0,MM0 ?S
34.8772,terug,0,MM1 ?S
34.8772,terug,0,MM0 S=0:0
34.8772,terug,0,MM1 S=0:0
34.8772,terug,0,MM0 !M 0 0
34.8772,terug,0,MM1 !M 0 0
34.8773,terug,0,MM1 +
34.8773,terug,0,MM0 +
34.8773,terug,0,"#79,YAW,2.95,GYRO,-13,45,-6,ACC,6,1,259,ADC,1215,315,5,2,"
34.8773,terug,0,MM0 ?T
34.8773,terug,0,MM1 ?T
34.8773,terug,0,MM0 T=35:34
34.8773,terug,0,MM1 T=36:34
34.8773,terug,0,"#80,YAW,2.95,GYRO,-14,46,-5,ACC,5,3,259,ADC,1234,382,5,1,"
34.8773,terug,0,MM0 ?V
34.8773,terug,0,MM1 ?V
34.9261,terug,0,MM0 V=120:223:4903
34.9261,terug,0,MM1 V=120:223:4897
34.9261,terug,0,"#81,YAW,2.95,GYRO,-12,50,-6,ACC,5,1,257,ADC,1251,407,6,2,"
34.9262,terug,0,MM0 ?CR
34.9262,terug,0,MM1 ?CR
34.9262,terug,0,MM0 CR=0:0
34.9262,terug,0,MM1 CR=0:0
34.9262,terug,0,MM0 !M 0 0
34.9262,terug,0,MM1 !M 0 0
34.9262,terug,0,MM0 +
34.9262,terug,0,MM1 +
34.9262,terug,0,"#82,YAW,2.95,GYRO,-13,47,-6,ACC,6,2,254,ADC,1269,503,6,2,"
34.9262,terug,0,MM0 ?A
34.9262,terug,0,MM1 ?A
34.9262,terug,0,MM0 A=0:0
34.9262,terug,0,MM1 A=0:0
34.9776,terug,0,"$GPRMC,130544.2,A,5050.51417,N,00419.37811,E,000.31,161.3,081026,000.4,E*55"
34.9777,terug,0,"#83,YAW,2.95,GYRO,-14,48,-6,ACC,6,4,256,ADC,1214,314,4,1,"
34.9777,terug,0,MM0 ?AI
34.9777,terug,0,MM1 ?AI
34.9777,terug,0,MM0 AI=0:0:2430:2453:0:0
34.9777,terug,0,MM1 AI=0:0:2363:2354:0:0
34.9777,terug,0,MM0 !M 0 0
34.9777,terug,0,MM1 !M 0 0
34.9777,terug,0,MM0 +
34.9777,terug,0,MM1 +
34.9777,terug,0,"#84,YAW,2.95,GYRO,-13,47,-7,ACC,8,2,258,ADC,1214,383,5,2,"
34.9777,terug,0,MM0 ?C
34.9777,terug,0,MM1 ?C
34.9777,terug,0,MM0 C=-1066:-860
34.9778,terug,0,MM1 C=-919:-1067
34.9778,terug,0,"#85,YAW,2.95,GYRO,-13,48,-4,ACC,5,1,255,ADC,1260,383,6,1,"
34.9779,terug,0,MM0 ?D
34.9779,terug,0,MM1 ?D
34.9779,terug,0,MM0 D=16
35.0269,terug,0,MM1 D=2
35.0269,terug,0,"#86,YAW,2.95,GYRO,-12,46,-6,ACC,10,0,259,ADC,1273,390,6,1,"
35.0270,terug,0,MM0 ?FF
35.0270,terug,0,MM1 ?FF
35.0270,terug,0,MM0 FF=0
35.0270,terug,0,MM1 FF=0
35.0270,terug,0,MM0 !M 0 0
35.0270,terug,0,MM1 !M 0 0
35.0270,terug,0,MM0 +
35.0270,terug,0,MM1 +
35.0270,terug,0,"#87,YAW,2.95,GYRO,-13,48,-7,ACC,5,0,258,ADC,1295,499,4,2,"
35.0270,terug,0,MM0 ?P
35.0270,terug,0,MM1 ?P
35.0270,terug,0,MM0 P=0:0
35.0270,terug,0,MM1 P=0:0
35.0772,terug,0,"#88,YAW,2.95,GYRO,-13,47,-6,ACC,4,2,256,ADC,1237,381,4,1,"
35.0773,terug,0,MM0 ?S
35.0773,terug,0,MM1 ?S
35.0773,terug,0,MM0 S=0:0
35.0773,terug,0,MM1 S=0:0
35.0773,terug,0,MM1 !M 0 0
35.0773,terug,0,MM0 !M 0 0
35.0773,terug,0,MM1 +
35.0773,terug,0,MM0 +
35.0773,terug,0,"#89,YAW,2.95,GYRO,-14,48,-6,ACC,6,0,256,ADC,1214,345,6,2,"
35.0773,terug,0,MM0 ?T
35.0773,terug,0,MM1 ?T
35.0773,terug,0,MM0 T=35:34
35.0773,terug,0,MM1 T=36:34
35.0773,terug,0,"#90,YAW,2.95,GYRO,-13,49,-5,ACC,6,2,253,ADC,1292,504,5,2,"
35.0774,terug,0,MM0 ?V
35.0774,terug,0,MM1 ?V
35.1282,terug,0,MM0 V=120:223:4903
35.1283,terug,0,MM1 V=120:223:4898
35.1283,terug,0,"#91,YAW,2.95,GYRO,-14,47,-7,ACC,5,1,261,ADC,1294,385,5,2,"
35.1283,terug,0,MM0 ?CR
35.1283,terug,0,MM1 ?CR
35.1283,terug,0,MM0 CR=0:0
35.1283,terug,0,MM1 CR=0:0
35.1283,terug,0,MM0 !M 0 0
35.1283,terug,0,MM1 !M 0 0
35.1283,terug,0,MM0 +
35.1283,terug,0,MM1 +
35.1283,terug,0,"#92,YAW,2.95,GYRO,-13,48,-4,ACC,3,2,257,ADC,1210,383,4,2,"
35.1283,terug,0,MM0 ?A
35.1283,terug,0,MM1 ?A
35.1283,terug,0,MM0 A=0:0
35.1284,terug,0,MM1 A=0:0
35.1782,terug,0,"$GPRMC,130544.4,A,5050.51418,N,00419.37811,E,000.31,161.3,081026,000.4,E*5C"
35.1782,terug,0,"#93,YAW,2.95,GYRO,-15,47,-5,ACC,5,1,262,ADC,1281,317,6,2,"
35.1782,terug,0,MM0 ?AI
35.1782,terug,0,MM1 ?AI
35.1782,terug,0,MM0 AI=0:0:2447:2449:0:0
35.1782,terug,0,MM1 AI=0:0:2358:2392:0:0
35.1782,terug,0,MM0 !M 0 0
35.1783,terug,0,MM1 !M 0 0
35.1783,terug,0,"#94,YAW,2.95,GYRO,-13,48,-6,ACC,7,-2,260,ADC,1240,384,5,2,"
35.1783,terug,0,MM0 +
35.1783,terug,0,MM1 +
35.1783,terug,0,MM0 ?C
35.1783,terug,0,MM1 ?C
35.1783,terug,0,MM0 C=-1066:-860
35.1783,terug,0,MM1 C=-919:-1067
35.1784,terug,0,"#95,YAW,2.95,GYRO,-13,47,-5,ACC,5,1,258,ADC,1257,495,6,2,"
35.1784,terug,0,MM0 ?D
35.1784,terug,0,MM1 ?D
35.1784,terug,0,MM0 D=16
35.1784,terug,0,MM1 D=2
35.2289,terug,0,"#96,YAW,2.95,GYRO,-13,48,-6,ACC,4,2,257,ADC,1244,382,6,2,"
35.2290,terug,0,MM0 ?FF
35.2290,terug,0,MM1 ?FF
35.2290,terug,0,MM0 FF=0
35.2290,terug,0,MM1 FF=0
35.2290,terug,0,MM0 !M 0 0
35.2290,terug,0,MM1 !M 0 0
35.2290,terug,0,MM0 +
35.2290,terug,0,MM1 +
35.2290,terug,0,"#97,YAW,2.95,GYRO,-12,47,-6,ACC,3,1,258,ADC,1282,500,4,1,"
35.2290,terug,0,MM0 ?P
35.2290,terug,0,MM1 ?P
35.2290,terug,0,MM0 P=0:0
35.2291,terug,0,MM1 P=0:0
35.2802,terug,0,"#98,YAW,2.95,GYRO,-14,47,-6,ACC,6,0,259,ADC,1282,386,4,2,"
35.2803,terug,0,MM0 ?S
35.2803,terug,0,MM1 ?S
35.2803,terug,0,MM0 S=0:0
35.2803,terug,0,MM1 S=0:0
35.2803,terug,0,"#99,YAW,2.95,GYRO,-13,47,-6,ACC,6,1,256,ADC,1248,386,5,2,"
35.2803,terug,0,MM0 ?T
35.2803,terug,0,MM1 ?T
35.2803,terug,0,MM0 T=35:34
35.2803,terug,0,MM1 T=36:34
35.2803,terug,0,MM0 !M 0 0
35.2803,terug,0,MM1 !M 0 0
35.2803,terug,0,MM0 +
35.2803,terug,0,MM1 +
35.2803,terug,0,"#100,YAW,2.95,GYRO,-13,47,-6,ACC,8,1,256,ADC,1206,498,4,2,"
35.2803,terug,0,MM0 ?V
35.2803,terug,0,MM1 ?V
35.2803,terug,0,MM0 V=120:223:4904
35.2803,terug,0,MM1 V=120:223:4896
35.3301,terug,0,"#101,YAW,2.95,GYRO,-13,46,-6,ACC,4,1,262,ADC,1218,387,6,2,"
35.3302,terug,0,MM0 ?CR
35.3302,terug,0,MM1 ?CR
35.3302,terug,0,MM0 CR=0:0
35.3302,terug,0,MM1 CR=0:0
35.3302,terug,0,MM0 !M 0 0
35.3302,terug,0,MM1 !M 0 0
35.3302,terug,0,MM0 +
35.3302,terug,0,MM1 +
35.3302,terug,0,"#102,YAW,2.95,GYRO,-14,46,-4,ACC,3,-1,260,ADC,1258,387,5,2,"
35.3302,terug,0,MM0 ?A
35.3302,terug,0,MM1 ?A
35.3302,terug,0,MM0 A=0:0
35.3302,terug,0,MM1 A=0:0
35.3800,terug,0,"$GPRMC,130544.6,A,5050.51420,N,00419.37810,E,000.31,161.3,081026,000.4,E*54"
35.3800,terug,0,"#103,YAW,2.95,GYRO,-13,47,-5,ACC,4,0,256,ADC,1296,328,3,1,"
35.3800,terug,0,MM0 ?AI
35.3800,terug,0,MM1 ?AI
35.3800,terug,0,MM0 AI=0:0:2428:2448:0:0
35.3800,terug,0,MM1 AI=0:0:2364:2343:0:0
35.3800,terug,0,"#104,YAW,2.95,GYRO,-13,46,-5,ACC,4,0,257,ADC,1208,388,5,2,"
35.3800,terug,0,MM0 ?C
35.3800,terug,0,MM1 ?C
35.3800,terug,0,MM0 C=-1066:-860
35.3800,terug,0,MM1 C=-919:-1067
35.3801,terug,0,MM0 !M 0 0
35.3801,terug,0,MM1 !M 0 0
35.3801,terug,0,MM0 +
35.3801,terug,0,MM1 +
35.3801,terug,0,"#105,YAW,2.95,GYRO,-13,47,-6,ACC,6,3,257,ADC,1238,381,4,2,"
35.3801,terug,0,MM0 ?D
35.3801,terug,0,MM1 ?D
35.3801,terug,0,MM0 D=16
35.3801,terug,0,MM1 D=2
35.4311,terug,-110,"#106,YAW,2.95,GYRO,-13,46,-5,ACC,5,0,256,ADC,1258,483,5,2,"
35.4311,terug,-110,MM0 ?FF
35.4311,terug,-110,MM1 ?FF
35.4311,terug,-110,MM0 FF=0
35.4311,terug,-110,MM1 FF=0
35.4312,terug,-110,MM1 !M -131 89
35.4312,terug,-110,MM0 !M -131 89
35.4312,terug,-110,MM1 +
35.4312,terug,-110,MM0 +
35.4312,terug,-110,"#107,YAW,2.95,GYRO,-12,46,-5,ACC,4,0,259,ADC,1287,396,4,2,"
35.4312,terug,-110,MM0 ?P
35.4312,terug,-110,MM1 ?P
35.4312,terug,-110,MM0 P=-131:89
35.4312,terug,-110,MM1 P=-131:89
35.4807,terug,0,"#108,YAW,2.95,GYRO,1,171,-6,ACC,-44,-4,253,ADC,1243,388,6,2,"
35.4808,terug,0,MM0 ?S
35.4808,terug,0,MM1 ?S
35.4808,terug,0,MM0 S=0:0
35.4808,terug,0,MM1 S=0:0
35.4808,terug,0,"#109,YAW,2.95,GYRO,-11,-20,41,ACC,-25,-2,251,ADC,1268,392,7,2,"
35.4808,terug,0,MM0 ?T
35.4808,terug,0,MM1 ?T
35.4808,terug,0,MM0 T=35:34
35.4808,terug,0,MM1 T=36:34
35.4808,terug,0,MM1 !M -131 89
35.4808,terug,0,MM0 !M -131 89
35.4808,terug,0,MM1 +
35.4808,terug,0,MM0 +
35.4808,terug,0,"#110,YAW,2.95,GYRO,-6,55,26,ACC,-21,-2,272,ADC,1301,405,3,2,"
35.4809,terug,0,MM0 ?V
35.4809,terug,0,MM1 ?V
35.4809,terug,0,MM0 V=120:223:4904
35.4809,terug,0,MM1 V=120:223:4897
35.5149,terug,0,MM0 !M 0 0
35.5150,terug,0,MM1 !M 0 0
35.5150,terug,0,MM0 +
35.5150,terug,0,MM1 +
35.5150,terug,0,MM1 !M 0 0
35.5150,terug,0,MM1 +
35.5150,terug,0,MM0 !M 0 0
35.5150,terug,0,MM0 +
35.5150,terug,0,"#111,YAW,2.95,GYRO,-9,92,-1,ACC,-24,-8,268,ADC,1230,299,5,1,"
35.5150,terug,0,MM0 ?CR
35.5150,terug,0,MM1 ?CR
35.5150,terug,0,MM0 CR=-3:2
35.5150,terug,0,MM1 CR=-2:2
35.5659,terug,0,"#112,YAW,2.95,GYRO,-17,-82,-18,ACC,30,8,250,ADC,1235,379,5,1,"
35.5660,terug,0,MM0 ?A
35.5660,terug,0,MM1 ?A
35.5660,terug,0,MM0 A=0:0
35.5660,terug,0,MM1 A=0:0
35.5660,terug,0,"$GPRMC,130544.8,A,5050.51422,N,00419.37809,E,000.32,161.3,081026,000.4,E*53"
35.5660,terug,0,"#113,YAW,2.95,GYRO,-7,104,-67,ACC,42,7,261,ADC,1263,417,7,1,"
35.5660,terug,0,MM0 ?AI
35.5660,terug,0,MM1 ?AI
35.5660,terug,0,MM0 AI=0:0:2432:2441:0:0
35.5660,terug,0,MM1 AI=0:0:2349:2378:0:0
35.5660,terug,0,MM1 !M 0 0
35.5660,terug,0,MM0 !M 0 0
35.5660,terug,0,MM1 +
35.5660,terug,0,MM0 +
35.5660,terug,0,"#114,YAW,2.95,GYRO,-16,50,-28,ACC,40,4,253,ADC,1246,499,4,2,"
35.5660,terug,0,MM0 ?C
35.5660,terug,0,MM1 ?C
35.5660,terug,0,MM0 C=-1069:-858
35.5660,terug,0,MM1 C=-921:-1065
35.6184,terug,0,"#115,YAW,2.95,GYRO,-9,8,-11,ACC,42,3,247,ADC,1237,500,6,2,"
35.6185,terug,0,MM0 ?D
35.6185,terug,0,MM1 ?D
35.6185,terug,0,MM1 D=49
35.6185,terug,0,MM0 D=1
35.6185,terug,0,MM0 !M 0 0
35.6185,terug,0,MM1 !M 0 0
35.6185,terug,0,MM0 +
35.6185,terug,0,MM1 +
35.6185,terug,0,"#116,YAW,2.95,GYRO,-24,61,3,ACC,31,4,252,ADC,1273,341,7,2,"
35.6185,terug,0,MM0 ?FF
35.6185,terug,0,MM1 ?FF
35.6185,terug,0,MM0 FF=0
35.6185,terug,0,MM1 FF=0
35.6185,terug,0,"#117,YAW,2.95,GYRO,-6,54,4,ACC,20,0,268,ADC,1249,384,4,1,"
35.6185,terug,0,MM0 ?P
35.6185,terug,0,MM1 ?P
35.6186,terug,0,MM0 P=0:0
35.6186,terug,0,MM1 P=0:0
35.6690,terug,0,"#118,YAW,2.95,GYRO,-21,41,-2,ACC,22,0,257,ADC,1213,381,5,2,"
35.6690,terug,0,MM0 ?S
35.6690,terug,0,MM1 ?S
35.6690,terug,0,MM0 S=0:0
35.6690,terug,0,MM1 S=0:0
35.6690,terug,0,MM1 !M 0 0
35.6690,terug,0,MM0 !M 0 0
35.6690,terug,0,MM1 +
35.6690,terug,0,MM0 +
35.6690,terug,0,"#119,YAW,2.95,GYRO,-19,39,-10,ACC,18,2,250,ADC,1251,383,5,2,"
35.6690,terug,0,MM0 ?T
35.6690,terug,0,MM1 ?T
35.6690,terug,0,MM0 T=35:34
35.6690,terug,0,MM1 T=36:34
35.7208,terug,0,"#120,YAW,2.95,GYRO,-15,53,-12,ACC,17,4,255,ADC,1242,493,3,1,"
35.7208,terug,0,MM0 ?V
35.7208,terug,0,MM1 ?V
35.7208,terug,0,MM0 V=120:223:4905
35.7209,terug,0,MM1 V=120:223:4900
35.7209,terug,0,"#121,YAW,2.95,GYRO,-16,56,-10,ACC,0,-3,253,ADC,1283,501,7,2,"
35.7209,terug,0,MM0 ?CR
35.7209,terug,0,MM1 ?CR
35.7209,terug,0,MM0 CR=0:1
35.7209,terug,0,MM1 CR=0:0
35.7209,terug,0,MM1 !M 0 0
35.7209,terug,0,MM0 !M 0 0
35.7209,terug,0,MM1 +
35.7209,terug,0,MM0 +
35.7209,terug,0,"#122,YAW,2.95,GYRO,-11,42,3,ACC,-4,1,259,ADC,1268,500,4,1,"
35.7209,terug,0,MM0 ?A
35.7209,terug,0,MM1 ?A
35.7209,terug,0,MM0 A=0:0
35.7209,terug,0,MM1 A=0:0
35.7563,terug,0,MM1 !M 0 0
35.7563,terug,0,MM0 !M 0 0
35.7563,terug,0,MM1 +
35.7563,terug,0,MM0 +
35.7563,terug,0,"$GPRMC,130545.0,A,5050.51423,N,00419.37809,E,000.34,161.3,081026,000.4,E*5D"
35.7563,terug,0,"#123,YAW,2.95,GYRO,-18,34,10,ACC,-6,0,264,ADC,1261,348,5,2,"
35.7563,terug,0,MM0 ?AI
35.7563,terug,0,MM1 ?AI
35.7564,terug,0,MM0 AI=0:0:2435:2458:0:0
35.7564,terug,0,MM1 AI=0:0:2349:2373:0:0
35.7564,terug,0,"#124,YAW,2.95,GYRO,-11,57,1,ACC,-3,-4,254,ADC,1249,385,5,2,"
35.7781,terug,0,MM0 ?C
35.7782,terug,0,MM1 ?C
35.7782,terug,0,MM0 C=-1068:-859
35.7782,terug,0,MM1 C=-920:-1066
35.7783,terug,0,"#125,YAW,2.95,GYRO,-17,28,-21,ACC,-2,0,249,ADC,1312,387,4,2,"
35.7783,terug,0,MM0 ?D
35.8131,terug,0,MM1 ?D
35.8131,terug,0,MM0 D=51
35.8131,terug,0,MM1 D=27
35.8131,terug,0,MM0 !M 0 0
35.8131,terug,0,MM1 !M 0 0
35.8131,terug,0,MM0 +
35.8131,terug,0,MM1 +
35.8131,terug,0,"#126,YAW,2.95,GYRO,-19,42,-29,ACC,5,1,259,ADC,1225,380,6,2,"
35.8132,terug,0,MM0 ?FF
35.8132,terug,0,MM1 ?FF
35.8132,terug,0,MM0 FF=0
35.8132,terug,0,MM1 FF=0
35.8341,terug,0,"#127,YAW,2.95,GYRO,-11,53,-16,ACC,-7,2,257,ADC,1217,383,6,2,"
35.8341,terug,0,MM0 ?P
35.8341,terug,0,MM1 ?P
35.8341,terug,0,MM0 P=0:0
35.8341,terug,0,MM1 P=0:0
35.8692,terug,0,"#128,YAW,2.95,GYRO,-15,45,9,ACC,-4,0,257,ADC,1203,381,5,1,"
35.8693,terug,0,MM0 ?S
35.8693,terug,0,MM1 ?S
35.8693,terug,0,MM0 S=0:0
35.8693,terug,0,MM1 S=0:0
35.8693,terug,0,MM0 !M 0 0
35.8693,terug,0,MM1 !M 0 0
35.8693,terug,0,MM0 +
35.8693,terug,0,MM1 +
35.8693,terug,0,"#129,YAW,2.95,GYRO,-14,41,20,ACC,-4,1,256,ADC,1220,386,4,1,"
35.8693,terug,0,MM0 ?T
35.8693,terug,0,MM1 ?T
35.8693,terug,0,MM0 T=35:34
35.8693,terug,0,MM1 T=36:34
35.9185,terug,0,"#130,YAW,2.95,GYRO,-11,46,14,ACC,-5,1,258,ADC,1238,394,5,2,"
35.9186,terug,0,MM0 ?V
35.9186,terug,0,MM1 ?V
35.9186,terug,0,MM0 V=120:223:4906
35.9186,terug,0,MM1 V=120:223:4900
35.9186,terug,0,"#131,YAW,2.95,GYRO,-14,44,-4,ACC,-1,0,257,ADC,1254,380,5,2,"
35.9186,terug,0,MM0 !M 0 0
35.9186,terug,0,MM0 +
35.9186,terug,0,MM1 !M 0 0
35.9186,terug,0,MM1 +
35.9186,terug,0,MM0 ?CR
35.9186,terug,0,MM1 ?CR
35.9186,terug,0,MM0 CR=2:-3
35.9186,terug,0,MM1 CR=2:-2
35.9186,terug,0,"#132,YAW,2.95,GYRO,-14,46,-13,ACC,3,0,259,ADC,1241,500,4,1,"
35.9186,terug,0,MM0 ?A
35.9186,terug,0,MM1 ?A
35.9186,terug,0,MM0 A=0:0
35.9186,terug,0,MM1 A=0:0
35.9722,terug,0,"$GPRMC,130545.2,A,5050.51425,N,00419.37809,E,000.33,161.3,081026,000.4,E*5E"
35.9722,terug,0,"#133,YAW,2.95,GYRO,-14,44,-10,ACC,6,1,261,ADC,1245,304,6,1,"
35.9723,terug,0,MM0 ?AI
35.9723,terug,0,MM1 ?AI
35.9723,terug,0,MM0 AI=0:0:2431:2444:0:0
35.9723,terug,0,MM1 AI=0:0:2354:2370:0:0
35.9723,terug,0,MM1 !M 0 0
35.9723,terug,0,MM0 !M 0 0
35.9723,terug,0,MM1 +
35.9723,terug,0,MM0 +
35.9723,terug,0,"#134,YAW,2.95,GYRO,-12,46,-4,ACC,7,0,258,ADC,1255,383,5,1,"
35.9723,terug,0,MM0 ?C
35.9723,terug,0,MM1 ?C
35.9723,terug,0,MM0 C=-1067:-860
35.9723,terug,0,MM1 C=-919:-1067
36.0219,terug,0,"#135,YAW,2.95,GYRO,-11,45,-3,ACC,3,3,258,ADC,1209,380,5,2,"
36.0220,terug,0,MM0 ?D
36.0220,terug,0,MM1 ?D
36.0220,terug,0,MM0 D=18
36.0220,terug,0,MM1 D=2
36.0220,terug,0,"#136,YAW,2.95,GYRO,-14,51,-6,ACC,7,2,259,ADC,1228,382,6,2,"
36.0220,terug,0,MM0 ?FF
36.0220,terug,0,MM1 ?FF
36.0220,terug,0,MM0 FF=0
36.0220,terug,0,MM1 FF=0
36.0220,terug,0,MM0 !M 0 0
36.0220,terug,0,MM1 !M 0 0
36.0220,terug,0,MM0 +
36.0220,terug,0,MM1 +
36.0220,terug,0,"#137,YAW,2.95,GYRO,-13,47,-5,ACC,5,2,258,ADC,1286,392,5,2,"
36.0220,terug,0,MM0 ?P
36.0220,terug,0,MM1 ?P
36.0220,terug,0,MM0 P=0:0
36.0220,terug,0,MM1 P=0:0
36.0731,terug,0,"#138,YAW,2.95,GYRO,-12,46,-7,ACC,5,0,255,ADC,1290,384,4,2,"
36.0732,terug,0,MM0 ?S
36.0732,terug,0,MM1 ?S
36.0732,terug,0,MM0 S=0:0
36.0732,terug,0,MM1 S=0:0
36.0732,terug,0,MM0 !M 0 0
36.0732,terug,0,MM1 !M 0 0
36.0732,terug,0,MM0 +
36.0732,terug,0,MM1 +
36.0732,terug,0,"#139,YAW,2.95,GYRO,-13,46,-6,ACC,4,1,254,ADC,1239,391,4,2,"
36.0732,terug,0,MM0 ?T
36.0732,terug,0,MM1 ?T
36.0732,terug,0,MM0 T=35:34
36.0732,terug,0,MM1 T=36:34
36.1224,terug,0,"#140,YAW,2.95,GYRO,-11,47,-7,ACC,8,0,262,ADC,1279,501,4,2,"
36.1225,terug,0,MM0 ?V
36.1225,terug,0,MM1 ?V
36.1225,terug,0,MM0 V=120:223:4906
36.1225,terug,0,MM1 V=120:223:4899
36.1225,terug,0,"#141,YAW,2.95,GYRO,-14,46,-5,ACC,4,0,256,ADC,1247,400,7,2,"
36.1225,terug,0,MM0 ?CR
36.1225,terug,0,MM1 ?CR
36.1225,terug,0,MM0 CR=0:0
36.1225,terug,0,MM1 CR=0:0
36.1225,terug,0,MM0 !M 0 0
36.1225,terug,0,MM1 !M 0 0
36.1225,terug,0,MM0 +
36.1225,terug,0,MM1 +
36.1225,terug,0,"#142,YAW,2.95,GYRO,-12,47,-4,ACC,4,0,255,ADC,1243,501,5,2,"
36.1225,terug,0,MM0 ?A
36.1225,terug,0,MM1 ?A
36.1225,terug,0,MM0 A=0:0
36.1225,terug,0,MM1 A=0:0
36.1711,terug,0,"$GPRMC,130545.4,A,5050.51427,N,00419.37808,E,000.31,161.3,081026,000.4,E*59"
36.1711,terug,0,"#143,YAW,2.95,GYRO,-12,46,-6,ACC,6,-2,258,ADC,1274,295,5,1,"
36.1712,terug,0,MM0 ?AI
36.1712,terug,0,MM1 ?AI
36.1712,terug,0,MM0 AI=0:0:2445:2467:0:0
36.1712,terug,0,MM1 AI=0:0:2358:2341:0:0
36.1712,terug,0,MM0 !M 0 0
36.1712,terug,0,MM1 !M 0 0
36.1712,terug,0,MM0 +
36.1712,terug,0,MM1 +
36.1712,terug,0,"#144,YAW,2.95,GYRO,-13,47,-6,ACC,4,1,259,ADC,1249,395,4,1,"
36.1712,terug,0,MM0 ?C
36.1712,terug,0,MM1 ?C
36.1712,terug,0,MM0 C=-1067:-860
36.1712,terug,0,MM1 C=-919:-1067
36.2219,terug,0,"#145,YAW,2.95,GYRO,-13,48,-5,ACC,4,2,256,ADC,1289,499,5,2,"
36.2220,terug,0,MM0 ?D
36.2220,terug,0,MM1 ?D
36.2220,terug,0,MM0 D=18
36.2220,terug,0,MM1 D=2
36.2220,terug,0,"#146,YAW,2.95,GYRO,-14,46,-5,ACC,3,1,258,ADC,1231,386,6,1,"
36.2220,terug,0,MM1 ?FF
36.2220,terug,0,MM0 ?FF
36.2220,terug,0,MM1 FF=0
36.2221,terug,0,MM0 FF=0
36.2221,terug,0,MM0 !M 0 0
36.2221,terug,0,MM1 !M 0 0
36.2221,terug,0,MM0 +
36.2221,terug,0,MM1 +
36.2221,terug,0,"#147,YAW,2.95,GYRO,-13,45,-6,ACC,6,0,258,ADC,1300,499,6,2,"
36.2221,terug,0,MM0 ?P
36.2221,terug,0,MM1 ?P
36.2221,terug,0,MM0 P=0:0
36.2221,terug,0,MM1 P=0:0
36.2721,terug,0,"#148,YAW,2.95,GYRO,-14,46,-6,ACC,3,1,257,ADC,1208,382,6,2,"
36.2722,terug,0,MM0 ?S
36.2722,terug,0,MM1 ?S
36.2722,terug,0,MM0 S=0:0
36.2722,terug,0,MM1 S=0:0
36.2722,terug,0,MM1 !M 0 0
36.2722,terug,0,MM0 !M 0 0
36.2722,terug,0,MM1 +
36.2722,terug,0,MM0 +
36.2722,terug,0,"#149,YAW,2.95,GYRO,-12,46,-6,ACC,2,1,256,ADC,1284,501,4,2,"
36.2723,terug,0,MM0 ?T
36.2723,terug,0,MM1 ?T
36.2723,terug,0,MM0 T=35:34
36.2723,terug,0,MM1 T=36:34
36.3239,terug,0,"#150,YAW,2.95,GYRO,-13,44,-6,ACC,5,2,257,ADC,1239,381,5,2,"
36.3240,terug,0,MM0 ?V
36.3240,terug,0,MM1 ?V
36.3240,terug,0,MM0 V=120:224:4906
36.3240,terug,0,MM1 V=120:224:4897
36.3240,terug,0,"#151,YAW,2.95,GYRO,-14,48,-6,ACC,8,0,260,ADC,1247,387,7,2,"
36.3240,terug,0,MM1 ?CR
36.3240,terug,0,MM0 ?CR
36.3240,terug,0,MM1 CR=0:0
36.3240,terug,0,MM0 CR=0:0
36.3240,terug,0,MM0 !M 0 0
36.3240,terug,0,MM1 !M 0 0
36.3240,terug,0,MM0 +
36.3240,terug,0,MM1 +
36.3240,terug,0,"#152,YAW,2.95,GYRO,-12,47,-5,ACC,5,1,255,ADC,1260,389,5,1,"
36.3240,terug,0,MM1 ?A
36.3240,terug,0,MM0 ?A
36.3240,terug,0,MM0 A=0:0
36.3240,terug,0,MM1 A=0:0
36.3740,terug,0,"$GPRMC,130545.6,A,5050.51429,N,00419.37808,E,000.30,161.3,081026,000.4,E*54"
36.3740,terug,0,"#153,YAW,2.95,GYRO,-14,47,-6,ACC,2,2,256,ADC,1216,294,4,1,"
36.3741,terug,0,MM0 ?AI
36.3741,terug,0,MM1 ?AI
36.3741,terug,0,MM0 AI=0:0:2459:2450:0:0
36.3741,terug,0,MM1 AI=0:0:2354:2357:0:0
36.3741,terug,0,MM0 !M 0 0
36.3741,terug,0,MM1 !M 0 0
36.3741,terug,0,MM1 +
36.3741,terug,0,MM0 +
36.3741,terug,0,"#154,YAW,2.95,GYRO,-14,48,-6,ACC,6,1,258,ADC,1240,385,5,1,"
36.3741,terug,0,MM0 ?C
36.3741,terug,0,MM1 ?C
36.3741,terug,0,MM0 C=-1067:-860
36.3742,terug,0,MM1 C=-919:-1067
36.4269,terug,0,"#155,YAW,2.95,GYRO,-13,44,-6,ACC,7,2,257,ADC,1270,386,4,1,"
36.4269,terug,0,MM0 ?D
36.4269,terug,0,MM1 ?D
36.4269,terug,0,MM0 D=18
36.4269,terug,0,MM1 D=2
36.4269,terug,0,"#156,YAW,2.95,GYRO,-14,48,-6,ACC,2,5,257,ADC,1242,384,7,2,"
36.4269,terug,0,MM1 ?FF
36.4269,terug,0,MM0 ?FF
36.4269,terug,0,MM1 FF=0
36.4269,terug,0,MM0 FF=0
36.4269,terug,0,MM1 !M 0 0
36.4269,terug,0,MM0 !M 0 0
36.4269,terug,0,MM1 +
36.4269,terug,0,MM0 +
36.4269,terug,0,"#157,YAW,2.95,GYRO,-13,48,-7,ACC,4,0,256,ADC,1260,501,5,1,"
36.4269,terug,0,MM1 ?P
36.4269,terug,0,MM0 ?P
36.4269,terug,0,MM1 P=0:0
36.4269,terug,0,MM0 P=0:0
36.4748,terug,0,"#158,YAW,2.95,GYRO,-13,48,-6,ACC,5,0,261,ADC,1306,501,4,2,"
36.4749,terug,0,MM1 ?S
36.4749,terug,0,MM0 ?S
36.4749,terug,0,MM1 S=0:0
36.4749,terug,0,MM0 S=0:0
36.4749,terug,0,MM1 !M 0 0
36.4749,terug,0,MM0 !M 0 0
36.4749,terug,0,MM1 +
36.4749,terug,0,MM0 +
36.4749,terug,0,"#159,YAW,2.95,GYRO,-13,47,-6,ACC,2,2,255,ADC,1213,383,6,2,"
36.4749,terug,0,MM1 ?T
36.4749,terug,0,MM0 ?T
36.4749,terug,0,MM1 T=36:34
36.4749,terug,0,MM0 T=35:34
36.5304,terug,0,"#160,YAW,2.95,GYRO,-13,46,-6,ACC,7,0,256,ADC,1212,392,4,2,"
36.5305,terug,0,MM1 ?V
36.5305,terug,0,MM0 ?V
36.5305,terug,0,MM1 V=120:223:4897
36.5305,terug,0,MM0 V=120:224:4907
36.5305,terug,0,"#161,YAW,2.95,GYRO,-11,46,-4,ACC,5,1,256,ADC,1213,382,6,2,"
36.5305,terug,0,MM1 ?CR
36.5305,terug,0,MM0 ?CR
36.5305,terug,0,MM1 CR=0:0
36.5305,terug,0,MM0 CR=0:0
36.5305,terug,0,MM0 !M 0 0
36.5305,terug,0,MM1 !M 0 0
36.5305,terug,0,MM0 +
36.5305,terug,0,MM1 +
36.5305,terug,0,"#162,YAW,2.95,GYRO,-14,49,-5,ACC,8,0,262,ADC,1305,499,4,2,"
36.5305,terug,0,MM1 ?A
36.5305,terug,0,MM0 ?A
36.5305,terug,0,MM1 A=0:0
36.5305,terug,0,MM0 A=0:0
36.5652,terug,0,"$GPRMC,130545.8,A,5050.51430,N,00419.37807,E,000.29,161.3,081026,000.4,E*55"
36.5652,terug,0,"#163,YAW,2.95,GYRO,-13,47,-5,ACC,2,0,256,ADC,1231,282,4,1,"
36.5653,terug,0,MM1 ?AI
36.5653,terug,0,MM0 ?AI
36.5653,terug,0,MM1 AI=0:0:2359:2361:0:0
36.5653,terug,0,MM0 AI=0:0:2442:2455:0:0
36.5653,terug,0,MM0 !M 0 0
36.5653,terug,0,MM1 !M 0 0
36.5653,terug,0,MM0 +
36.5653,terug,0,MM1 +
36.5653,terug,0,"#164,YAW,2.95,GYRO,-14,46,-6,ACC,4,2,255,ADC,1236,395,3,2,"
36.5653,terug,0,MM1 ?C
36.5653,terug,0,MM0 ?C
36.5653,terug,0,MM1 C=-919:-1067
36.5653,terug,0,MM0 C=-1067:-860
36.5859,terug,0,"#165,YAW,2.95,GYRO,-14,47,-6,ACC,5,4,258,ADC,1296,501,6,1,"
36.5859,terug,0,MM1 ?D
36.5859,terug,0,MM0 ?D
36.5859,terug,0,MM0 D=26
36.5859,terug,0,MM1 D=2
36.6199,terug,0,"#166,YAW,2.95,GYRO,-13,46,-6,ACC,5,0,254,ADC,1244,385,5,2,"
36.6199,terug,0,MM0 ?FF
36.6200,terug,0,MM1 ?FF
36.6200,terug,0,MM1 FF=0
36.6200,terug,0,MM0 FF=0
36.6200,terug,0,MM1 !M 0 0
36.6200,terug,0,MM0 !M 0 0
36.6200,terug,0,MM1 +
36.6200,terug,0,MM0 +
36.6200,terug,0,"#167,YAW,2.95,GYRO,-12,46,-6,ACC,2,2,255,ADC,1216,383,4,2,"
36.6200,terug,0,MM1 ?P
36.6200,terug,0,MM0 ?P
36.6200,terug,0,MM1 P=0:0
36.6200,terug,0,MM0 P=0:0
36.6408,terug,0,"#168,YAW,2.95,GYRO,-13,45,-6,ACC,7,2,256,ADC,1231,392,3,2,"
36.6409,terug,0,MM1 ?S
36.6409,terug,0,MM0 ?S
36.6409,terug,0,MM1 S=0:0
36.6409,terug,0,MM0 S=0:0
36.6751,terug,0,MM1 !M 0 0
36.6752,terug,0,MM0 !M 0 0
36.6752,terug,0,MM0 +
36.6752,terug,0,MM1 +
36.6752,terug,0,"#169,YAW,2.95,GYRO,-13,46,-6,ACC,3,0,259,ADC,1265,350,4,1,"
36.6752,terug,0,MM1 ?T
36.6752,terug,0,MM0 ?T
36.6752,terug,0,MM1 T=36:34
36.6752,terug,0,MM0 T=35:34
36.6752,terug,0,"#170,YAW,2.95,GYRO,-13,48,-5,ACC,7,0,256,ADC,1231,388,5,2,"
36.7319,terug,0,MM1 ?V
36.7319,terug,0,MM0 ?V
36.7319,terug,0,MM1 V=120:223:4898
36.7319,terug,0,MM0 V=120:224:4905
36.7319,terug,0,"#171,YAW,2.95,GYRO,-14,47,-6,ACC,5,1,255,ADC,1251,498,5,2,"
36.7320,terug,0,MM1 ?CR
36.7320,terug,0,MM0 ?CR
36.7320,terug,0,MM1 CR=0:0
36.7320,terug,0,MM0 CR=0:0
36.7320,terug,0,MM0 !M 0 0
36.7320,terug,0,MM1 !M 0 0
36.7320,terug,0,MM0 +
36.7320,terug,0,MM1 +
36.7320,terug,0,"#172,YAW,2.95,GYRO,-13,47,-5,ACC,6,0,257,ADC,1271,391,5,2,"
36.7320,terug,0,MM1 ?A
36.7320,terug,0,MM0 ?A
36.7320,terug,0,MM1 A=0:0
36.7321,terug,0,MM0 A=0:0
36.7660,terug,0,"$GPRMC,130546.0,A,5050.51432,N,00419.37807,E,000.29,161.3,081026,000.4,E*5C"
36.7660,terug,0,"#173,YAW,2.95,GYRO,-14,47,-7,ACC,3,2,256,ADC,1236,323,4,1,"
36.7661,terug,0,MM1 ?AI
36.7661,terug,0,MM0 ?AI
36.7661,terug,0,MM1 AI=0:0:2354:2367:0:0
36.7661,terug,0,MM0 AI=0:0:2440:2452:0:0
36.7661,terug,0,MM0 !M 0 0
36.7661,terug,0,MM1 !M 0 0
36.7661,terug,0,MM0 +
36.7661,terug,0,MM1 +
36.7661,terug,0,"#174,YAW,2.95,GYRO,-14,47,-4,ACC,3,0,257,ADC,1235,386,4,1,"
36.7661,terug,0,MM1 ?C
36.7661,terug,0,MM0 ?C
36.7661,terug,0,MM1 C=-919:-1067
36.7661,terug,0,MM0 C=-1067:-860
36.7889,terug,-120,"#175,YAW,2.95,GYRO,-13,46,-6,ACC,4,1,255,ADC,1242,382,5,1,"
36.7890,terug,-120,MM1 ?D
36.7890,terug,-120,MM0 ?D
36.7890,terug,-120,MM0 D=18
36.7890,terug,-120,MM1 D=2
36.8228,terug,-120,"#176,YAW,2.95,GYRO,-14,47,-6,ACC,9,0,258,ADC,1275,382,6,2,"
36.8229,terug,-120,MM1 ?FF
36.8229,terug,-120,MM0 ?FF
36.8229,terug,-120,MM1 FF=0
36.8229,terug,-120,MM0 FF=0
36.8229,terug,-120,MM1 !M -142 98
36.8229,terug,-120,MM0 !M -142 98
36.8229,terug,-120,MM1 +
36.8229,terug,-120,MM0 +
36.8229,terug,-120,"#177,YAW,2.95,GYRO,-12,49,-6,ACC,-41,0,252,ADC,1276,386,6,2,"
36.8229,terug,-120,MM1 ?P
36.8229,terug,-120,MM0 ?P
36.8229,terug,-120,MM1 P=-142:98
36.8229,terug,-120,MM0 P=-142:98
36.8439,terug,0,"#178,YAW,2.95,GYRO,1,160,8,ACC,-46,8,291,ADC,1257,389,4,2,"
36.8439,terug,0,MM1 ?S
36.8439,terug,0,MM0 ?S
36.8439,terug,0,MM1 S=0:75
36.8440,terug,0,MM0 S=-75:0
36.8782,terug,0,"#179,YAW,2.95,GYRO,-19,-37,20,ACC,-35,6,237,ADC,1261,426,5,2,"
36.8782,terug,0,MM0 !M -143 97
36.8782,terug,0,MM0 +
36.8782,terug,0,MM1 !M -143 97
36.8782,terug,0,MM1 +
36.8782,terug,0,MM0 ?T
36.8782,terug,0,MM1 ?T
36.8782,terug,0,MM0 T=35:34
36.8782,terug,0,MM1 T=36:34
36.8783,terug,0,MM0 !M 0 0
36.8783,terug,0,MM1 !M 0 0
36.8783,terug,0,MM0 +
36.8783,terug,0,MM1 +
36.8783,terug,0,"#180,YAW,2.95,GYRO,-6,71,7,ACC,35,-3,269,ADC,1221,381,4,3,"
36.8783,terug,0,MM1 ?V
36.8783,terug,0,MM0 ?V
36.8783,terug,0,MM1 V=120:223:4899
36.9372,terug,0,MM0 V=120:224:4907
36.9372,terug,0,"#181,YAW,2.95,GYRO,-24,-10,-36,ACC,19,-9,273,ADC,1255,385,5,1,"
36.9373,terug,0,MM0 !M 0 0PING
36.9373,terug,0,MM0 +
36.9373,terug,0,MM1 !M 0 0PING
36.9373,terug,0,MM1 +
36.9373,terug,0,MM0 ?CR
36.9373,terug,0,MM1 ?CR
36.9373,terug,0,MM0 CR=-1:2
36.9373,terug,0,MM1 CR=-2:2
36.9373,terug,0,MM1 !M 0 0
36.9373,terug,0,MM0 !M 0 0
36.9373,terug,0,MM1 +
36.9373,terug,0,MM0 +
36.9373,terug,0,"#182,YAW,2.95,GYRO,-16,68,-51,ACC,42,-2,233,ADC,1235,329,4,1,"
36.9373,terug,0,MM0 ?A
36.9373,terug,0,MM1 ?A
36.9373,terug,0,MM1 A=0:0
36.9373,terug,0,MM0 A=0:0
36.9373,terug,0,"$GPRMC,130546.2,A,5050.51434,N,00419.37807,E,000.30,161.3,081026,000.4,E*50"
36.9373,terug,0,"#183,YAW,2.95,GYRO,-11,4,-21,ACC,36,1,267,ADC,1266,333,4,2,"
36.9711,terug,0,MM1 ?AI
36.9711,terug,0,MM0 ?AI
36.9711,terug,0,MM1 AI=0:0:2344:2378:0:0
36.9711,terug,0,MM0 AI=0:0:2437:2457:0:0
36.9711,terug,0,MM0 !M 0 0
36.9711,terug,0,MM1 !M 0 0
36.9711,terug,0,MM0 +
36.9711,terug,0,MM1 +
36.9711,terug,0,"#184,YAW,2.95,GYRO,-11,79,6,ACC,28,9,259,ADC,1245,384,5,1,"
36.9712,terug,0,MM0 ?C
36.9712,terug,0,MM1 ?C
36.9712,terug,0,MM0 C=-1068:-858
36.9712,terug,0,MM1 C=-921:-1065
36.9937,terug,0,"#185,YAW,2.95,GYRO,-9,57,18,ACC,21,4,257,ADC,1254,388,4,1,"
36.9937,terug,0,MM0 ?D
36.9937,terug,0,MM1 ?D
36.9937,terug,0,MM0 D=33
36.9937,terug,0,MM1 D=49
37.0279,terug,0,"#186,YAW,2.95,GYRO,-17,31,5,ACC,23,-1,255,ADC,1236,380,5,1,"
37.0280,terug,0,MM0 ?FF
37.0280,terug,0,MM1 ?FF
37.0280,terug,0,MM0 FF=0
37.0280,terug,0,MM1 FF=0
37.0280,terug,0,MM0 !M 0 0
37.0280,terug,0,MM1 !M 0 0
37.0280,terug,0,MM0 +
37.0280,terug,0,MM1 +
37.0280,terug,0,"#187,YAW,2.95,GYRO,-14,50,-10,ACC,17,-4,251,ADC,1299,389,5,2,"
37.0280,terug,0,MM0 ?P
37.0280,terug,0,MM1 ?P
37.0280,terug,0,MM0 P=0:0
37.0280,terug,0,MM1 P=0:0
37.0488,terug,0,"#188,YAW,2.95,GYRO,-16,44,-19,ACC,15,4,260,ADC,1284,501,6,2,"
37.0488,terug,0,MM0 ?S
37.0488,terug,0,MM1 ?S
37.0488,terug,0,MM0 S=0:0
37.0488,terug,0,MM1 S=0:0
37.0828,terug,0,"#189,YAW,2.95,GYRO,-15,56,-15,ACC,5,2,252,ADC,1267,382,5,2,"
37.0829,terug,0,MM0 ?T
37.0829,terug,0,MM1 ?T
37.0829,terug,0,MM0 T=35:34
37.0829,terug,0,MM1 T=36:34
37.0829,terug,0,MM0 !M 0 0
37.0829,terug,0,MM1 !M 0 0
37.0829,terug,0,MM0 +
37.0829,terug,0,MM1 +
37.0829,terug,0,"#190,YAW,2.95,GYRO,-16,59,9,ACC,-4,1,258,ADC,1221,382,6,1,"
37.0829,terug,0,MM0 ?V
37.0829,terug,0,MM1 ?V
37.0829,terug,0,MM0 V=120:224:4906
37.0829,terug,0,MM1 V=120:223:4899
37.1459,terug,0,"#191,YAW,2.95,GYRO,-17,26,3,ACC,-6,-1,255,ADC,1227,381,3,2,"
37.1459,terug,0,MM0 ?CR
37.1459,terug,0,MM1 ?CR
37.1459,terug,0,MM0 CR=0:-1
37.1459,terug,0,MM1 CR=1:-1
37.1459,terug,0,MM0 !M 0 0
37.1460,terug,0,MM1 !M 0 0
37.1460,terug,0,MM0 +
37.1460,terug,0,MM1 +
37.1460,terug,0,"#192,YAW,2.95,GYRO,-15,37,-14,ACC,-2,2,259,ADC,1258,341,3,2,"
37.1460,terug,0,MM0 ?A
37.1460,terug,0,MM1 ?A
37.1460,terug,0,MM0 A=0:0
37.1460,terug,0,MM1 A=0:0
37.1460,terug,0,"$GPRMC,130546.4,A,5050.51435,N,00419.37807,E,000.32,161.3,081026,000.4,E*55"
37.1751,terug,0,"#193,YAW,2.95,GYRO,-11,51,-21,ACC,-6,3,261,ADC,1266,317,5,1,"
37.1752,terug,0,MM0 ?AI
37.1752,terug,0,MM1 ?AI
37.1752,terug,0,MM0 AI=0:0:2434:2447:0:0
37.1752,terug,0,MM1 AI=0:0:2359:2342:0:0
37.1752,terug,0,"#194,YAW,2.95,GYRO,-18,48,-3,ACC,-5,2,255,ADC,1255,499,4,2,"
37.1752,terug,0,MM0 ?C
37.1752,terug,0,MM1 ?C
37.1752,terug,0,MM0 C=-1067:-859
37.1753,terug,0,MM1 C=-919:-1067
37.1754,terug,0,MM1 !M 0 0
37.1754,terug,0,MM0 !M 0 0
37.1754,terug,0,MM1 +
37.1754,terug,0,MM0 +
37.1754,terug,0,"#195,YAW,2.95,GYRO,-10,35,14,ACC,-5,2,257,ADC,1222,354,4,1,"
37.1983,terug,0,MM0 ?D
37.1983,terug,0,MM1 ?D
37.1983,terug,0,MM0 D=18
37.1983,terug,0,MM1 D=2
37.1983,terug,0,"#196,YAW,2.95,GYRO,-13,45,11,ACC,-1,0,255,ADC,1302,501,5,2,"
37.1983,terug,0,MM0 ?FF
37.2330,terug,0,MM1 ?FF
37.2330,terug,0,MM0 FF=0
37.2330,terug,0,MM1 FF=0
37.2330,terug,0,MM1 !M 0 0
37.2330,terug,0,MM0 !M 0 0
37.2330,terug,0,MM1 +
37.2330,terug,0,MM0 +
37.2330,terug,0,"#197,YAW,2.95,GYRO,-14,51,-1,ACC,-3,0,260,ADC,1294,500,5,1,"
37.2330,terug,0,MM0 ?P
37.2330,terug,0,MM1 ?P
37.2330,terug,0,MM0 P=0:0
37.2330,terug,0,MM1 P=0:0
37.2860,terug,0,"#198,YAW,2.95,GYRO,-13,45,-14,ACC,-4,3,255,ADC,1251,387,5,2,"
37.2861,terug,0,MM0 ?S
37.2861,terug,0,MM1 ?S
37.2861,terug,0,MM0 S=0:0
37.2861,terug,0,MM1 S=0:0
37.2861,terug,0,"#199,YAW,2.95,GYRO,-14,42,-15,ACC,1,2,255,ADC,1279,395,5,1,"
37.2861,terug,0,MM0 ?T
37.2861,terug,0,MM1 ?T
37.2861,terug,0,MM0 T=35:34
37.2861,terug,0,MM1 T=36:34
37.2861,terug,0,MM1 !M 0 0
37.2861,terug,0,MM0 !M 0 0
37.2862,terug,0,MM1 +
37.2862,terug,0,MM0 +
37.2862,terug,0,"#200,YAW,2.95,GYRO,-12,44,-4,ACC,4,2,256,ADC,1219,381,5,1,"
37.2862,terug,0,MM0 ?V
37.2862,terug,0,MM1 ?V
37.2862,terug,0,MM0 V=120:224:4906
37.2862,terug,0,MM1 V=120:223:4898
37.3371,terug,0,"#201,YAW,2.95,GYRO,-12,46,-1,ACC,7,2,260,ADC,1235,497,5,2,"
37.3372,terug,0,MM0 ?CR
37.3372,terug,0,MM1 ?CR
37.3372,terug,0,MM0 CR=1:-1
37.3372,terug,0,MM1 CR=1:-1
37.3372,terug,0,MM0 !M 0 0
37.3372,terug,0,MM1 !M 0 0
37.3372,terug,0,MM0 +
37.3372,terug,0,MM1 +
37.3372,terug,0,"#202,YAW,2.95,GYRO,-13,45,-4,ACC,6,0,257,ADC,1234,293,6,2,"
37.3372,terug,0,MM0 ?A
37.3372,terug,0,MM1 ?A
37.3372,terug,0,MM0 A=0:0
37.3372,terug,0,MM1 A=0:0
37.3372,terug,0,"$GPRMC,130546.6,A,5050.51437,N,00419.37808,E,000.34,161.3,081026,000.4,E*5C"
37.3372,terug,0,"#203,YAW,2.95,GYRO,-13,51,-8,ACC,5,1,257,ADC,1239,293,6,1,"
37.3372,terug,0,MM0 ?AI
37.3870,terug,0,MM1 ?AI
37.3870,terug,0,MM0 AI=0:0:2453:2445:0:0
37.3870,terug,0,MM1 AI=0:0:2365:2354:0:0
37.3870,terug,0,"#204,YAW,2.95,GYRO,-14,52,-3,ACC,5,1,261,ADC,1296,495,3,1,"
37.3870,terug,0,MM0 ?C
37.3870,terug,0,MM1 ?C
37.3871,terug,0,MM0 C=-1067:-860
37.3871,terug,0,MM1 C=-919:-1067
37.3872,terug,0,MM0 !M 0 0
37.3872,terug,0,MM1 !M 0 0
37.3872,terug,0,MM0 +
37.3872,terug,0,MM1 +
37.3872,terug,0,"#205,YAW,2.95,GYRO,-14,46,-1,ACC,0,1,262,ADC,1234,396,5,2,"
37.3872,terug,0,MM0 ?D
37.3872,terug,0,MM1 ?D
37.3872,terug,0,MM0 D=18
37.3872,terug,0,MM1 D=2
37.4371,terug,0,"#206,YAW,2.95,GYRO,-13,45,-6,ACC,4,1,259,ADC,1256,393,4,2,"
37.4372,terug,0,MM0 ?FF
37.4372,terug,0,MM1 ?FF
37.4372,terug,0,MM0 FF=0
37.4372,terug,0,MM1 FF=0
37.4372,terug,0,MM0 !M 0 0
37.4372,terug,0,MM1 !M 0 0
37.4372,terug,0,MM0 +
37.4372,terug,0,MM1 +
37.4372,terug,0,"#207,YAW,2.95,GYRO,-14,47,-9,ACC,10,1,259,ADC,1244,341,4,2,"
37.4372,terug,0,MM0 ?P
37.4372,terug,0,MM1 ?P
37.4372,terug,0,MM0 P=0:0
37.4372,terug,0,MM1 P=0:0
37.4372,terug,0,"#208,YAW,2.95,GYRO,-13,48,-5,ACC,4,2,257,ADC,1261,386,5,1,"
37.4373,terug,0,MM0 ?S
37.4373,terug,0,MM1 ?S
37.4877,terug,0,MM0 S=0:0
37.4877,terug,0,MM1 S=0:0
37.4877,terug,0,"#209,YAW,2.95,GYRO,-13,47,-3,ACC,3,0,258,ADC,1277,500,6,2,"
37.4878,terug,0,MM0 ?T
37.4878,terug,0,MM1 ?T
37.4878,terug,0,MM0 T=35:34
37.4878,terug,0,MM1 T=36:34
37.4878,terug,0,MM0 !M 0 0
37.4878,terug,0,MM1 !M 0 0
37.4878,terug,0,MM0 +
37.4878,terug,0,MM1 +
37.4878,terug,0,"#210,YAW,2.95,GYRO,-13,48,-4,ACC,2,0,258,ADC,1244,385,5,2,"
37.4878,terug,0,MM0 ?V
37.4878,terug,0,MM1 ?V
37.4878,terug,0,MM0 V=120:224:4906
37.4878,terug,0,MM1 V=120:223:4898
37.5402,terug,0,"#211,YAW,2.95,GYRO,-12,48,-6,ACC,6,0,258,ADC,1266,495,6,2,"
37.5402,terug,0,MM0 ?CR
37.5402,terug,0,MM1 ?CR
37.5402,terug,0,MM0 CR=0:0
37.5402,terug,0,MM1 CR=0:0
37.5402,terug,0,"#212,YAW,2.95,GYRO,-14,46,-5,ACC,5,1,260,ADC,1239,381,6,2,"
37.5402,terug,0,MM0 ?A
37.5402,terug,0,MM1 ?A
37.5403,terug,0,MM0 A=0:0
37.5403,terug,0,MM1 A=0:0
37.5403,terug,0,MM0 !M 0 0
37.5403,terug,0,MM1 !M 0 0
37.5403,terug,0,MM0 +
37.5403,terug,0,MM1 +
37.5403,terug,0,"$GPRMC,130546.8,A,5050.51439,N,00419.37808,E,000.38,161.3,081026,000.4,E*50"
37.5403,terug,0,"#213,YAW,2.95,GYRO,-13,46,-6,ACC,3,1,260,ADC,1267,322,6,1,"
37.5403,terug,0,MM0 ?AI
37.5403,terug,0,MM1 ?AI
37.5403,terug,0,MM0 AI=0:0:2465:2445:0:0
37.5896,terug,0,MM1 AI=0:0:2380:2377:0:0
37.5896,terug,0,"#214,YAW,2.95,GYRO,-14,47,-7,ACC,4,2,261,ADC,1262,500,6,2,"
37.5896,terug,0,MM0 ?C
37.5896,terug,0,MM1 ?C
37.5896,terug,0,MM0 C=-1067:-860
37.5897,terug,0,MM1 C=-919:-1067
37.5898,terug,0,MM1 !M 0 0
37.5898,terug,0,MM0 !M 0 0
37.5898,terug,0,MM1 +
37.5898,terug,0,MM0 +
37.5898,terug,0,"#215,YAW,2.95,GYRO,-12,48,-7,ACC,3,0,258,ADC,1230,380,5,1,"
37.5898,terug,0,MM0 ?D
37.5898,terug,0,MM1 ?D
37.5898,terug,0,MM0 D=18
37.5898,terug,0,MM1 D=2
37.6400,terug,0,"#216,YAW,2.95,GYRO,-13,48,-3,ACC,5,0,259,ADC,1259,392,4,2,"
37.6401,terug,0,MM0 ?FF
37.6401,terug,0,MM1 ?FF
37.6401,terug,0,MM0 FF=0
37.6401,terug,0,MM1 FF=0
37.6401,terug,0,"#217,YAW,2.95,GYRO,-14,48,-5,ACC,3,1,256,ADC,1235,385,5,2,"
37.6401,terug,0,MM0 ?P
37.6401,terug,0,MM1 ?P
37.6401,terug,0,MM0 P=0:0
37.6401,terug,0,MM1 P=0:0
37.6401,terug,0,MM0 !M 0 0
37.6401,terug,0,MM1 !M 0 0
37.6401,terug,0,MM0 +
37.6401,terug,0,MM1 +
37.6401,terug,0,"#218,YAW,2.95,GYRO,-13,48,-6,ACC,5,3,260,ADC,1229,500,6,2,"
37.6402,terug,0,MM0 ?S
37.6402,terug,0,MM1 ?S
37.6402,terug,0,MM0 S=0:0
37.6402,terug,0,MM1 S=0:0
37.6900,terug,0,"#219,YAW,2.95,GYRO,-13,48,-4,ACC,4,4,258,ADC,1246,383,5,2,"
37.6901,terug,0,MM0 ?T
37.6901,terug,0,MM1 ?T
37.6901,terug,0,MM0 T=35:34
37.6901,terug,0,MM1 T=36:34
37.6901,terug,0,MM0 !M 0 0
37.6901,terug,0,MM1 !M 0 0
37.6901,terug,0,MM0 +
37.6901,terug,0,MM1 +
37.6901,terug,0,"#220,YAW,2.95,GYRO,-13,47,-6,ACC,4,1,256,ADC,1241,384,5,2,"
37.6901,terug,0,MM0 ?V
37.6901,terug,0,MM1 ?V
37.6901,terug,0,MM0 V=120:224:4906
37.6901,terug,0,MM1 V=120:223:4898
37.7401,terug,0,"#221,YAW,2.95,GYRO,-12,48,-6,ACC,3,2,254,ADC,1239,399,7,2,"
37.7402,terug,0,MM0 ?CR
37.7402,terug,0,MM1 ?CR
37.7402,terug,0,MM0 CR=0:0
37.7402,terug,0,MM1 CR=0:0
37.7402,terug,0,"#222,YAW,2.95,GYRO,-14,45,-7,ACC,5,1,258,ADC,1267,382,6,2,"
37.7402,terug,0,MM0 ?A
37.7402,terug,0,MM1 ?A
37.7402,terug,0,MM0 A=0:0
37.7402,terug,0,MM1 A=0:0
37.7402,terug,0,MM0 !M 0 0
37.7402,terug,0,MM1 !M 0 0
37.7402,terug,0,MM0 +
37.7402,terug,0,MM1 +
37.7402,terug,0,"$GPRMC,130547.0,A,5050.51442,N,00419.37808,E,000.40,161.3,081026,000.4,E*5A"
37.7402,terug,0,"#223,YAW,2.95,GYRO,-12,48,-4,ACC,5,2,258,ADC,1254,329,4,2,"
37.7402,terug,0,MM0 ?AI
37.7403,terug,0,MM1 ?AI
37.7403,terug,0,MM0 AI=0:0:2438:2470:0:0
37.7911,terug,0,MM1 AI=0:0:2372:2357:0:0
37.7911,terug,0,"#224,YAW,2.95,GYRO,-14,46,-6,ACC,3,2,257,ADC,1265,379,4,2,"
37.7912,terug,0,MM1 ?C
37.7912,terug,0,MM0 ?C
37.7912,terug,0,MM0 C=-1067:-860
37.7912,terug,0,MM1 C=-919:-1067
37.7913,terug,0,MM0 !M 0 0
37.7913,terug,0,MM1 !M 0 0
37.7913,terug,0,MM0 +
37.7913,terug,0,MM1 +
37.7913,terug,0,"#225,YAW,2.95,GYRO,-12,47,-5,ACC,7,1,261,ADC,1209,380,5,2,"
37.7914,terug,0,MM0 ?D
37.7914,terug,0,MM1 ?D
37.7914,terug,0,MM0 D=18
37.7914,terug,0,MM1 D=2
37.8409,terug,0,"#226,YAW,2.95,GYRO,-15,46,-6,ACC,3,1,254,ADC,1271,497,6,2,"
37.8410,terug,0,MM0 ?FF
37.8410,terug,0,MM1 ?FF
37.8410,terug,0,MM0 FF=0
37.8410,terug,0,MM1 FF=0
37.8410,terug,0,"#227,YAW,2.95,GYRO,-12,46,-6,ACC,5,1,258,ADC,1258,389,5,2,"
37.8410,terug,0,MM0 ?P
37.8410,terug,0,MM1 ?P
37.8410,terug,0,MM0 P=0:0
37.8410,terug,0,MM1 P=0:0
37.8410,terug,0,MM0 !M 0 0
37.8410,terug,0,MM1 !M 0 0
37.8410,terug,0,MM0 +
37.8410,terug,0,MM1 +
37.8410,terug,0,"#228,YAW,2.95,GYRO,-13,46,-6,ACC,3,1,262,ADC,1285,388,4,2,"
37.8411,terug,0,MM0 ?S
37.8411,terug,0,MM1 ?S
37.8411,terug,0,MM0 S=0:0
37.8411,terug,0,MM1 S=0:0
37.8926,terug,0,"#229,YAW,2.95,GYRO,-14,46,-4,ACC,5,2,258,ADC,1236,388,6,2,"
37.8926,terug,0,MM0 ?T
37.8927,terug,0,MM1 ?T
37.8927,terug,0,MM0 T=35:34
37.8927,terug,0,MM1 T=36:34
37.8927,terug,0,MM0 !M 0 0
37.8927,terug,0,MM1 !M 0 0
37.8927,terug,0,MM0 +
37.8927,terug,0,MM1 +
37.8927,terug,0,"#230,YAW,2.95,GYRO,-13,46,-5,ACC,6,1,258,ADC,1224,381,4,2,"
37.8927,terug,0,MM0 ?V
37.8927,terug,0,MM1 ?V
37.8927,terug,0,MM0 V=120:224:4907
37.8927,terug,0,MM1 V=120:223:4897
37.9439,terug,0,"#231,YAW,2.95,GYRO,-13,48,-6,ACC,3,1,258,ADC,1250,383,5,2,"
37.9440,terug,0,MM0 ?CR
37.9440,terug,0,MM1 ?CR
37.9440,terug,0,MM0 CR=0:0
37.9440,terug,0,MM1 CR=0:0
37.9440,terug,0,"#232,YAW,2.95,GYRO,-13,49,-6,ACC,9,0,260,ADC,1246,396,6,2,"
37.9440,terug,0,MM0 ?A
37.9440,terug,0,MM1 ?A
37.9440,terug,0,MM0 A=0:0
37.9440,terug,0,MM1 A=0:0
37.9440,terug,0,MM0 !M 0 0
37.9440,terug,0,MM1 !M 0 0
37.9440,terug,0,MM0 +
37.9441,terug,0,MM1 +
37.9441,terug,0,"$GPRMC,130547.2,A,5050.51444,N,00419.37808,E,000.43,161.3,081026,000.4,E*5D"
37.9441,terug,0,"#233,YAW,2.95,GYRO,-15,47,-6,ACC,4,0,262,ADC,1270,312,6,2,"
37.9441,terug,0,MM0 ?AI
37.9441,terug,0,MM1 ?AI
37.9441,terug,0,MM0 AI=0:0:2431:2452:0:0
37.9441,terug,0,MM1 AI=0:0:2359:2362:0:0
37.9931,terug,0,"#234,YAW,2.94,GYRO,-13,48,-4,ACC,3,1,258,ADC,1234,394,6,2,"
37.9932,terug,0,MM0 ?C
37.9932,terug,0,MM1 ?C
37.9932,terug,0,MM0 C=-1067:-860
37.9932,terug,0,MM1 C=-919:-1067
37.9933,terug,0,MM0 !M 0 0
37.9933,terug,0,MM1 !M 0 0
37.9933,terug,0,MM1 +
37.9933,terug,0,MM0 +
37.9933,terug,0,"#235,YAW,2.94,GYRO,-14,48,-5,ACC,5,1,256,ADC,1262,501,5,2,"
37.9934,terug,0,MM0 ?D
37.9934,terug,0,MM1 ?D
37.9934,terug,0,MM0 D=18
37.9934,terug,0,MM1 D=2
37.9961,terug,0,STOP terug -4.9883
38.0439,uitbollen,0,"#236,YAW,2.94,GYRO,-13,47,-5,ACC,3,3,259,ADC,1231,390,5,2,"
38.0440,uitbollen,0,MM0 ?FF
38.0440,uitbollen,0,MM1 ?FF
38.0440,uitbollen,0,MM0 FF=0
38.0440,uitbollen,0,MM1 FF=0
38.0440,uitbollen,0,"#237,YAW,2.94,GYRO,-13,49,-5,ACC,4,0,260,ADC,1269,387,5,2,"
38.0440,uitbollen,0,MM0 ?P
38.0440,uitbollen,0,MM1 ?P
38.0440,uitbollen,0,MM0 P=0:0
38.0440,uitbollen,0,MM1 P=0:0
38.0440,uitbollen,0,MM0 !M 0 0
38.0440,uitbollen,0,MM1 !M 0 0
38.0440,uitbollen,0,MM0 +
38.0440,uitbollen,0,MM1 +
38.0440,uitbollen,0,"#238,YAW,2.94,GYRO,-13,46,-6,ACC,3,2,256,ADC,1234,386,6,2,"
38.0440,uitbollen,0,MM0 ?S
38.0440,uitbollen,0,MM1 ?S
38.0440,uitbollen,0,MM0 S=0:0
38.0440,uitbollen,0,MM1 S=0:0
38.0649,uitbollen,0,"#239,YAW,2.94,GYRO,-12,45,-6,ACC,3,1,260,ADC,1298,501,6,2,"
38.0649,uitbollen,0,MM0 ?T
38.0649,uitbollen,0,MM1 ?T
38.0649,uitbollen,0,MM0 T=35:34
38.0649,uitbollen,0,MM1 T=36:34
38.0858,uitbollen,0,"#240,YAW,2.94,GYRO,-12,46,-6,ACC,4,0,261,ADC,1252,502,6,2,"
38.0858,uitbollen,0,MM0 ?V
38.0858,uitbollen,0,MM1 ?V
38.0858,uitbollen,0,MM0 V=120:224:4906
38.0858,uitbollen,0,MM1 V=120:222:4897
38.1068,uitbollen,0,"#241,YAW,2.94,GYRO,-14,48,-7,ACC,2,1,258,ADC,1253,387,4,2,"
38.1068,uitbollen,0,MM0 ?CR
38.1069,uitbollen,0,MM1 ?CR
38.1069,uitbollen,0,MM0 CR=0:0
38.1069,uitbollen,0,MM1 CR=0:0
38.1412,uitbollen,0,"#242,YAW,2.94,GYRO,-13,49,-6,ACC,4,0,255,ADC,1272,389,5,2,"
38.1412,uitbollen,0,MM0 ?A
38.1412,uitbollen,0,MM1 ?A
38.1412,uitbollen,0,MM0 A=0:0
38.1412,uitbollen,0,MM1 A=0:0
38.1412,uitbollen,0,MM1 !M 0 0
38.1412,uitbollen,0,MM0 !M 0 0
38.1412,uitbollen,0,MM1 +
38.1412,uitbollen,0,MM0 +
38.1412,uitbollen,0,"$GPRMC,130547.4,A,5050.51446,N,00419.37809,E,000.47,161.3,081026,000.4,E*5C"
38.1412,uitbollen,0,"#243,YAW,2.94,GYRO,-14,48,-6,ACC,2,2,259,ADC,1246,326,4,2,"
38.1413,uitbollen,0,MM0 ?AI
38.1413,uitbollen,0,MM1 ?AI
38.1413,uitbollen,0,MM0 AI=0:0:2455:2450:0:0
38.1632,uitbollen,0,MM1 AI=0:0:2368:2371:0:0
38.1632,uitbollen,0,"#244,YAW,2.94,GYRO,-12,47,-5,ACC,8,4,258,ADC,1232,382,7,2,"
38.1633,uitbollen,0,MM0 ?C
38.1633,uitbollen,0,MM1 ?C
38.1633,uitbollen,0,MM0 C=-1067:-860
38.1633,uitbollen,0,MM1 C=-919:-1067
38.1935,uitbollen,0,"#245,YAW,2.94,GYRO,-15,45,-6,ACC,5,0,253,ADC,1231,384,6,2,"
38.1936,uitbollen,0,MM0 ?D
38.1936,uitbollen,0,MM1 ?D
38.1936,uitbollen,0,MM0 D=18
38.1936,uitbollen,0,MM1 D=2
38.2038,uitbollen,0,"#246,YAW,2.94,GYRO,-14,47,-6,ACC,5,2,260,ADC,1228,388,7,2,"
38.2038,uitbollen,0,MM0 ?FF
38.2038,uitbollen,0,MM1 ?FF
38.2038,uitbollen,0,MM0 FF=0
38.2039,uitbollen,0,MM1 FF=0
38.2380,uitbollen,0,MM0 !M 0 0
38.2380,uitbollen,0,MM1 !M 0 0
38.2381,uitbollen,0,"#247,YAW,2.94,GYRO,-13,48,-5,ACC,3,0,261,ADC,1219,370,7,2,"
38.2381,uitbollen,0,MM0 +
38.2381,uitbollen,0,MM1 +
38.2381,uitbollen,0,MM0 ?P
38.2381,uitbollen,0,MM1 ?P
38.2381,uitbollen,0,MM0 P=0:0
38.2381,uitbollen,0,MM1 P=0:0
38.2381,uitbollen,0,"#248,YAW,2.94,GYRO,-13,46,-5,ACC,4,0,258,ADC,1250,388,5,2,"
38.2381,uitbollen,0,MM0 ?S
38.2381,uitbollen,0,MM1 ?S
38.2381,uitbollen,0,MM0 S=0:0
38.2589,uitbollen,0,MM1 S=0:0
38.2589,uitbollen,0,"#249,YAW,2.94,GYRO,-12,46,-6,ACC,5,1,257,ADC,1272,390,5,2,"
38.2590,uitbollen,0,MM0 ?T
38.2590,uitbollen,0,MM1 ?T
38.2590,uitbollen,0,MM0 T=35:34
38.2590,uitbollen,0,MM1 T=36:34
38.2799,uitbollen,0,"#250,YAW,2.94,GYRO,-14,46,-5,ACC,6,2,261,ADC,1252,396,5,2,"
38.2799,uitbollen,0,MM0 ?V
38.2799,uitbollen,0,MM1 ?V
38.2799,uitbollen,0,MM0 V=120:223:4906
38.2799,uitbollen,0,MM1 V=120:224:4897
38.3001,uitbollen,0,"#251,YAW,2.94,GYRO,-13,47,-6,ACC,5,1,257,ADC,1268,499,3,2,"
38.3001,uitbollen,0,MM0 ?CR
38.3001,uitbollen,0,MM1 ?CR
38.3001,uitbollen,0,MM0 CR=0:0
38.3001,uitbollen,0,MM1 CR=0:0
38.3381,uitbollen,0,MM0 !M 0 0
38.3381,uitbollen,0,MM1 !M 0 0
38.3381,uitbollen,0,MM0 +
38.3381,uitbollen,0,MM1 +
38.3381,uitbollen,0,"#252,YAW,2.94,GYRO,-13,46,-6,ACC,2,1,256,ADC,1235,383,6,2,"
38.3381,uitbollen,0,MM0 ?A
38.3381,uitbollen,0,MM1 ?A
38.3381,uitbollen,0,MM0 A=0:0
38.3381,uitbollen,0,MM1 A=0:0
38.3381,uitbollen,0,"$GPRMC,130547.6,A,5050.51449,N,00419.37809,E,000.49,161.3,081026,000.4,E*5F"
38.3550,uitbollen,0,"#253,YAW,2.94,GYRO,-14,49,-6,ACC,6,1,257,ADC,1238,336,4,1,"
38.3550,uitbollen,0,MM0 ?AI
38.3550,uitbollen,0,MM1 ?AI
38.3550,uitbollen,0,MM0 AI=0:0:2460:2455:0:0
38.3550,uitbollen,0,MM1 AI=0:0:2362:2358:0:0
38.3550,uitbollen,0,"#254,YAW,2.93,GYRO,-14,46,-5,ACC,4,1,253,ADC,1250,381,7,2,"
38.3761,uitbollen,0,MM0 ?C
38.3761,uitbollen,0,MM1 ?C
38.3761,uitbollen,0,MM0 C=-1067:-860
38.3761,uitbollen,0,MM1 C=-919:-1067
38.3762,uitbollen,0,"#255,YAW,2.93,GYRO,-13,46,-5,ACC,5,1,263,ADC,1305,502,5,2,"
38.3762,uitbollen,0,MM0 ?D
38.3968,uitbollen,0,MM1 ?D
38.3968,uitbollen,0,MM0 D=18
38.3968,uitbollen,0,MM1 D=2
38.3968,uitbollen,0,"#0,YAW,2.93,GYRO,-15,46,-6,ACC,3,1,260,ADC,1233,388,4,1,"
38.3969,uitbollen,0,MM0 ?FF
38.4458,uitbollen,0,MM1 ?FF
38.4458,uitbollen,0,MM0 FF=0
38.4458,uitbollen,0,MM1 FF=0
38.4458,uitbollen,0,"#1,YAW,2.93,GYRO,-13,46,-6,ACC,5,1,256,ADC,1257,501,5,2,"
38.4459,uitbollen,0,MM0 ?P
38.4459,uitbollen,0,MM1 ?P
38.4459,uitbollen,0,MM0 P=0:0
38.4459,uitbollen,0,MM1 P=0:0
38.4459,uitbollen,0,MM0 !M 0 0
38.4459,uitbollen,0,MM1 !M 0 0
38.4459,uitbollen,0,MM0 +
38.4459,uitbollen,0,MM1 +
38.4459,uitbollen,0,"#2,YAW,2.93,GYRO,-12,47,-6,ACC,7,0,259,ADC,1244,383,4,1,"
38.4459,uitbollen,0,MM0 ?S
38.4459,uitbollen,0,MM1 ?S
38.4459,uitbollen,0,MM0 S=0:0
38.4459,uitbollen,0,MM1 S=0:0
38.4711,uitbollen,0,"#3,YAW,2.93,GYRO,-14,47,-6,ACC,6,0,252,ADC,1270,410,6,2,"
38.4711,uitbollen,0,MM0 ?T
38.4711,uitbollen,0,MM1 ?T
38.4711,uitbollen,0,MM0 T=35:34
38.4711,uitbollen,0,MM1 T=36:34
38.4879,uitbollen,0,"#4,YAW,2.93,GYRO,-12,47,-4,ACC,6,1,258,ADC,1280,387,6,2,"
38.4880,uitbollen,0,MM0 ?V
38.4880,uitbollen,0,MM1 ?V
38.4880,uitbollen,0,MM0 V=120:223:4905
38.4880,uitbollen,0,MM1 V=120:224:4895
38.5089,uitbollen,0,"#5,YAW,2.93,GYRO,-14,45,-6,ACC,4,0,257,ADC,1254,502,5,2,"
38.5089,uitbollen,0,MM1 ?CR
38.5089,uitbollen,0,MM0 ?CR
38.5089,uitbollen,0,MM1 CR=0:0
38.5089,uitbollen,0,MM0 CR=0:0
38.5429,uitbollen,0,"#6,YAW,2.93,GYRO,-13,46,-5,ACC,5,4,255,ADC,1247,500,5,2,"
38.5429,uitbollen,0,MM0 ?A
38.5429,uitbollen,0,MM1 ?A
38.5429,uitbollen,0,MM0 A=0:0
38.5429,uitbollen,0,MM1 A=0:0
38.5429,uitbollen,0,MM0 !M 0 0
38.5429,uitbollen,0,MM1 !M 0 0
38.5429,uitbollen,0,MM0 +
38.5430,uitbollen,0,MM1 +
38.5430,uitbollen,0,"$GPRMC,130547.8,A,5050.51452,N,00419.37809,E,000.51,161.3,081026,000.4,E*52"
38.5430,uitbollen,0,"#7,YAW,2.93,GYRO,-13,45,-5,ACC,6,1,256,ADC,1292,338,5,1,"
38.5430,uitbollen,0,MM0 ?AI
38.5430,uitbollen,0,MM1 ?AI
38.5430,uitbollen,0,MM0 AI=0:0:2468:2449:0:0
38.5430,uitbollen,0,MM1 AI=0:0:2367:2350:0:0
38.5639,uitbollen,0,"#8,YAW,2.93,GYRO,-13,48,-5,ACC,6,0,258,ADC,1283,501,4,2,"
38.5640,uitbollen,0,MM0 ?C
38.5640,uitbollen,0,MM1 ?C
38.5640,uitbollen,0,MM0 C=-1067:-860
38.5640,uitbollen,0,MM1 C=-919:-1067
38.5847,uitbollen,0,"#9,YAW,2.93,GYRO,-13,44,-6,ACC,5,1,260,ADC,1241,382,5,2,"
38.5847,uitbollen,0,MM0 ?D
38.5847,uitbollen,0,MM1 ?D
38.5847,uitbollen,0,MM0 D=18
38.5847,uitbollen,0,MM1 D=2
38.6058,uitbollen,0,"#10,YAW,2.93,GYRO,-13,46,-6,ACC,2,0,258,ADC,1279,383,5,2,"
38.6058,uitbollen,0,MM0 ?FF
38.6058,uitbollen,0,MM1 ?FF
38.6058,uitbollen,0,MM0 FF=0
38.6058,uitbollen,0,MM1 FF=0
38.6451,uitbollen,0,"#11,YAW,2.93,GYRO,-14,47,-7,ACC,6,2,257,ADC,1247,393,5,1,"
38.6451,uitbollen,0,MM0 ?P
38.6451,uitbollen,0,MM1 ?P
38.6451,uitbollen,0,MM0 P=0:0
38.6451,uitbollen,0,MM1 P=0:0
38.6451,uitbollen,0,MM1 !M 0 0
38.6451,uitbollen,0,MM0 !M 0 0
38.6451,uitbollen,0,MM1 +
38.6451,uitbollen,0,MM0 +
38.6451,uitbollen,0,"#12,YAW,2.93,GYRO,-13,48,-4,ACC,4,0,258,ADC,1234,384,6,2,"
38.6452,uitbollen,0,MM0 ?S
38.6452,uitbollen,0,MM1 ?S
38.6452,uitbollen,0,MM0 S=0:0
38.6452,uitbollen,0,MM1 S=0:0
38.6608,uitbollen,0,"#13,YAW,2.93,GYRO,-13,47,-6,ACC,3,1,256,ADC,1228,384,4,1,"
38.6608,uitbollen,0,MM0 ?T
38.6608,uitbollen,0,MM1 ?T
38.6608,uitbollen,0,MM0 T=35:34
38.6608,uitbollen,0,MM1 T=36:34
38.6828,uitbollen,0,"#14,YAW,2.93,GYRO,-13,47,-7,ACC,4,3,255,ADC,1305,502,4,2,"
38.6828,uitbollen,0,MM1 ?V
38.6828,uitbollen,0,MM0 ?V
38.6828,uitbollen,0,MM1 V=120:223:4897
38.6828,uitbollen,0,MM0 V=120:224:4906
38.7041,uitbollen,0,"#15,YAW,2.93,GYRO,-13,46,-6,ACC,3,1,261,ADC,1255,385,5,2,"
38.7041,uitbollen,0,MM1 ?CR
38.7041,uitbollen,0,MM0 ?CR
38.7041,uitbollen,0,MM1 CR=0:0
38.7041,uitbollen,0,MM0 CR=0:0
38.7236,uitbollen,0,"#16,YAW,2.93,GYRO,-12,47,-5,ACC,5,-1,262,ADC,1245,394,8,2,"
38.7237,uitbollen,0,MM1 ?A
38.7237,uitbollen,0,MM0 ?A
38.7237,uitbollen,0,MM1 A=0:0
38.7237,uitbollen,0,MM0 A=0:0
38.7237,uitbollen,0,MM1 !M 0 0
38.7237,uitbollen,0,MM0 !M 0 0
38.7237,uitbollen,0,MM1 +
38.7237,uitbollen,0,MM0 +
38.7475,uitbollen,0,"$GPRMC,130548.0,A,5050.51455,N,00419.37810,E,000.53,161.3,081026,000.4,E*58"
38.7475,uitbollen,0,"#17,YAW,2.93,GYRO,-12,48,-6,ACC,2,2,258,ADC,1240,303,6,2,"
38.7475,uitbollen,0,MM1 ?AI
38.7475,uitbollen,0,MM0 ?AI
38.7476,uitbollen,0,MM1 AI=0:0:2373:2377:0:0
38.7476,uitbollen,0,MM0 AI=0:0:2443:2452:0:0
38.7662,uitbollen,0,"#18,YAW,2.92,GYRO,-13,48,-5,ACC,3,2,263,ADC,1211,501,5,2,"
38.7662,uitbollen,0,MM1 ?C
38.7662,uitbollen,0,MM0 ?C
38.7662,uitbollen,0,MM1 C=-919:-1067
38.7663,uitbollen,0,MM0 C=-1067:-860
38.7868,uitbollen,0,"#19,YAW,2.92,GYRO,-14,50,-5,ACC,5,1,258,ADC,1249,385,5,2,"
38.7868,uitbollen,0,MM1 ?D
38.7868,uitbollen,0,MM0 ?D
38.7868,uitbollen,0,MM0 D=18
38.7868,uitbollen,0,MM1 D=2
38.8078,uitbollen,0,"#20,YAW,2.92,GYRO,-14,48,-6,ACC,4,1,258,ADC,1273,502,5,2,"
38.8079,uitbollen,0,MM1 ?FF
38.8079,uitbollen,0,MM0 ?FF
38.8079,uitbollen,0,MM1 FF=0
38.8079,uitbollen,0,MM0 FF=0
38.8421,uitbollen,0,"#21,YAW,2.92,GYRO,-12,48,-6,ACC,6,0,257,ADC,1277,501,5,2,"
38.8422,uitbollen,0,MM1 ?P
38.8422,uitbollen,0,MM0 ?P
38.8422,uitbollen,0,MM1 P=0:0
38.8422,uitbollen,0,MM0 P=0:0
38.8422,uitbollen,0,MM0 !M 0 0
38.8422,uitbollen,0,MM1 !M 0 0
38.8422,uitbollen,0,MM0 +
38.8422,uitbollen,0,MM1 +
38.8422,uitbollen,0,"#22,YAW,2.92,GYRO,-12,48,-5,ACC,5,3,259,ADC,1228,380,4,1,"
38.8422,uitbollen,0,MM1 ?S
38.8422,uitbollen,0,MM0 ?S
38.8422,uitbollen,0,MM1 S=0:0
38.8422,uitbollen,0,MM0 S=0:0
38.8627,uitbollen,0,"#23,YAW,2.92,GYRO,-13,47,-6,ACC,5,1,259,ADC,1246,397,7,1,"
38.8628,uitbollen,0,MM1 ?T
38.8628,uitbollen,0,MM0 ?T
38.8628,uitbollen,0,MM1 T=36:34
38.8628,uitbollen,0,MM0 T=35:34
38.8838,uitbollen,0,"#24,YAW,2.92,GYRO,-13,48,-6,ACC,5,0,256,ADC,1255,396,7,2,"
38.8839,uitbollen,0,MM1 ?V
38.8839,uitbollen,0,MM0 ?V
38.8839,uitbollen,0,MM1 V=120:223:4897
38.8839,uitbollen,0,MM0 V=120:224:4906
38.9048,uitbollen,0,"#25,YAW,2.92,GYRO,-14,47,-6,ACC,8,1,258,ADC,1280,501,6,2,"
38.9048,uitbollen,0,MM1 ?CR
38.9048,uitbollen,0,MM0 ?CR
38.9048,uitbollen,0,MM1 CR=0:0
38.9048,uitbollen,0,MM0 CR=0:0
38.9394,uitbollen,0,"#26,YAW,2.92,GYRO,-14,46,-6,ACC,5,1,258,ADC,1262,390,4,2,"
38.9394,uitbollen,0,MM0 ?A
38.9394,uitbollen,0,MM1 ?A
38.9394,uitbollen,0,MM1 A=0:0
38.9394,uitbollen,0,MM0 A=0:0
38.9394,uitbollen,0,MM1 !M 0 0
38.9394,uitbollen,0,MM0 !M 0 0
38.9394,uitbollen,0,MM1 +
38.9394,uitbollen,0,MM0 +
38.9394,uitbollen,0,"$GPRMC,130548.2,A,5050.51458,N,00419.37811,E,000.57,161.3,081026,000.4,E*52"
38.9599,uitbollen,0,"#27,YAW,2.92,GYRO,-12,46,-7,ACC,2,0,258,ADC,1287,385,5,2,"
38.9599,uitbollen,0,MM1 ?AI
38.9599,uitbollen,0,MM0 ?AI
38.9599,uitbollen,0,MM1 AI=0:0:2356:2385:0:0
38.9599,uitbollen,0,MM0 AI=0:0:2429:2451:0:0
38.9599,uitbollen,0,"#28,YAW,2.92,GYRO,-13,48,-6,ACC,0,1,257,ADC,1264,392,4,1,"
38.9599,uitbollen,0,MM1 ?C
38.9599,uitbollen,0,MM0 ?C
38.9599,uitbollen,0,MM1 C=-919:-1067
38.9600,uitbollen,0,MM0 C=-1067:-860
38.9807,uitbollen,0,"#29,YAW,2.92,GYRO,-13,46,-4,ACC,2,1,258,ADC,1242,383,4,2,"
38.9808,uitbollen,0,MM1 ?D
38.9808,uitbollen,0,MM0 ?D
38.9808,uitbollen,0,MM0 D=18
38.9808,uitbollen,0,MM1 D=2
39.0021,uitbollen,0,"#30,YAW,2.92,GYRO,-14,48,-6,ACC,6,0,259,ADC,1212,383,7,2,"
39.0021,uitbollen,0,MM1 ?FF
39.0021,uitbollen,0,MM0 ?FF
39.0021,uitbollen,0,MM1 FF=0
39.0021,uitbollen,0,MM0 FF=0
39.0372,uitbollen,0,MM1 !M 0 0
39.0372,uitbollen,0,MM0 !M 0 0
39.0372,uitbollen,0,MM1 +
39.0372,uitbollen,0,MM0 +
39.0372,uitbollen,0,"#31,YAW,2.92,GYRO,-13,48,-5,ACC,6,2,256,ADC,1247,343,6,2,"
39.0372,uitbollen,0,MM1 ?P
39.0372,uitbollen,0,MM0 ?P
39.0372,uitbollen,0,MM1 P=0:0
39.0372,uitbollen,0,MM0 P=0:0
39.0372,uitbollen,0,"#32,YAW,2.92,GYRO,-12,47,-5,ACC,4,0,260,ADC,1249,392,4,1,"
39.0372,uitbollen,0,MM1 ?S
39.0372,uitbollen,0,MM0 ?S
39.0591,uitbollen,0,MM1 S=0:0
39.0591,uitbollen,0,MM0 S=0:0
39.0591,uitbollen,0,"#33,YAW,2.92,GYRO,-15,47,-5,ACC,3,1,254,ADC,1250,503,5,1,"
39.0591,uitbollen,0,MM1 ?T
39.0591,uitbollen,0,MM0 ?T
39.0591,uitbollen,0,MM1 T=36:34
39.0790,uitbollen,0,MM0 T=35:34
39.0790,uitbollen,0,"#34,YAW,2.92,GYRO,-13,46,-6,ACC,0,2,254,ADC,1198,380,5,2,"
39.0790,uitbollen,0,MM1 ?V
39.0790,uitbollen,0,MM0 ?V
39.0790,uitbollen,0,MM1 V=120:223:4897
39.0998,uitbollen,0,MM0 V=120:223:4905
39.0998,uitbollen,0,"#35,YAW,2.92,GYRO,-12,47,-4,ACC,6,0,260,ADC,1253,499,5,2,"
39.0998,uitbollen,0,MM1 ?CR
39.0998,uitbollen,0,MM0 ?CR
39.0998,uitbollen,0,MM1 CR=0:0
39.0998,uitbollen,0,MM0 CR=0:0
39.1574,uitbollen,0,"#36,YAW,2.92,GYRO,-13,48,-6,ACC,8,0,255,ADC,1254,385,6,2,"
39.1574,uitbollen,0,MM1 ?A
39.1574,uitbollen,0,MM0 ?A
39.1574,uitbollen,0,MM1 A=0:0
39.1574,uitbollen,0,MM0 A=0:0
39.1574,uitbollen,0,MM1 !M 0 0
39.1574,uitbollen,0,MM0 !M 0 0
39.1574,uitbollen,0,MM1 +
39.1574,uitbollen,0,MM0 +
39.1574,uitbollen,0,"$GPRMC,130548.4,A,5050.51461,N,00419.37811,E,000.61,161.3,081026,000.4,E*5B"
39.1574,uitbollen,0,"#37,YAW,2.92,GYRO,-13,46,-5,ACC,6,2,258,ADC,1227,287,5,1,"
39.1575,uitbollen,0,MM1 ?AI
39.1575,uitbollen,0,MM0 ?AI
39.1575,uitbollen,0,MM1 AI=0:0:2367:2382:0:0
39.1576,uitbollen,0,MM0 AI=0:0:2450:2452:0:0
39.1713,uitbollen,0,"#38,YAW,2.91,GYRO,-13,48,-5,ACC,6,1,256,ADC,1275,385,4,2,"
39.1713,uitbollen,0,MM1 ?C
39.1713,uitbollen,0,MM0 ?C
39.1713,uitbollen,0,MM1 C=-919:-1067
39.1713,uitbollen,0,MM0 C=-1067:-860
39.1920,uitbollen,0,"#39,YAW,2.91,GYRO,-15,47,-5,ACC,5,1,257,ADC,1261,395,7,2,"
39.1920,uitbollen,0,MM1 ?D
39.1920,uitbollen,0,MM0 ?D
39.1920,uitbollen,0,MM0 D=18
39.1920,uitbollen,0,MM1 D=2
39.2135,uitbollen,0,"#40,YAW,2.91,GYRO,-12,47,-6,ACC,3,2,252,ADC,1267,396,4,1,"
39.2136,uitbollen,0,MM1 ?FF
39.2136,uitbollen,0,MM0 ?FF
39.2136,uitbollen,0,MM1 FF=0
39.2136,uitbollen,0,MM0 FF=0
39.2478,uitbollen,0,"#41,YAW,2.91,GYRO,-14,46,-4,ACC,3,0,256,ADC,1308,395,6,2,"
39.2479,uitbollen,0,MM1 ?P
39.2479,uitbollen,0,MM0 ?P
39.2479,uitbollen,0,MM1 P=0:0
39.2479,uitbollen,0,MM0 P=0:0
39.2479,uitbollen,0,MM0 !M 0 0
39.2479,uitbollen,0,MM1 !M 0 0
39.2479,uitbollen,0,MM0 +
39.2479,uitbollen,0,MM1 +
39.2479,uitbollen,0,"#42,YAW,2.91,GYRO,-13,47,-6,ACC,5,0,260,ADC,1255,387,7,2,"
39.2479,uitbollen,0,MM1 ?S
39.2479,uitbollen,0,MM0 ?S
39.2479,uitbollen,0,MM1 S=0:0
39.2479,uitbollen,0,MM0 S=0:0
39.2688,uitbollen,0,"#43,YAW,2.91,GYRO,-13,48,-6,ACC,4,0,258,ADC,1248,384,5,1,"
39.2688,uitbollen,0,MM1 ?T
39.2688,uitbollen,0,MM0 ?T
39.2688,uitbollen,0,MM1 T=36:34
39.2688,uitbollen,0,MM0 T=35:34
39.2899,uitbollen,0,"#44,YAW,2.91,GYRO,-13,47,-6,ACC,7,0,258,ADC,1276,385,4,1,"
39.2899,uitbollen,0,MM1 ?V
39.2899,uitbollen,0,MM0 ?V
39.2899,uitbollen,0,MM1 V=120:223:4896
39.2899,uitbollen,0,MM0 V=120:222:4907
39.3115,uitbollen,0,"#45,YAW,2.91,GYRO,-13,48,-6,ACC,5,0,254,ADC,1267,397,5,1,"
39.3116,uitbollen,0,MM0 ?CR
39.3116,uitbollen,0,MM1 ?CR
39.3116,uitbollen,0,MM0 CR=0:0
39.3116,uitbollen,0,MM1 CR=0:0
39.3473,uitbollen,0,"#46,YAW,2.91,GYRO,-13,46,-5,ACC,4,1,260,ADC,1271,387,6,1,"
39.3473,uitbollen,0,MM0 ?A
39.3473,uitbollen,0,MM1 ?A
39.3473,uitbollen,0,MM0 A=0:0
39.3473,uitbollen,0,MM1 A=0:0
39.3473,uitbollen,0,MM1 !M 0 0
39.3473,uitbollen,0,MM0 !M 0 0
39.3473,uitbollen,0,MM1 +
39.3473,uitbollen,0,MM0 +
39.3473,uitbollen,0,"$GPRMC,130548.6,A,5050.51473,N,00419.37820,E,000.63,161.3,081026,000.4,E*5A"
39.3473,uitbollen,0,"#47,YAW,2.91,GYRO,-14,48,-5,ACC,2,1,257,ADC,1259,329,5,1,"
39.3474,uitbollen,0,MM0 ?AI
39.3474,uitbollen,0,MM1 ?AI
39.3474,uitbollen,0,MM0 AI=0:0:2448:2467:0:0
39.3474,uitbollen,0,MM1 AI=0:0:2361:2338:0:0
39.3668,uitbollen,0,"#48,YAW,2.91,GYRO,-13,47,-5,ACC,6,3,255,ADC,1242,386,6,2,"
39.3668,uitbollen,0,MM0 ?C
39.3668,uitbollen,0,MM1 ?C
39.3668,uitbollen,0,MM0 C=-1067:-860
39.3668,uitbollen,0,MM1 C=-919:-1067
39.3878,uitbollen,0,"#49,YAW,2.91,GYRO,-12,48,-6,ACC,3,1,257,ADC,1243,400,6,2,"
39.3879,uitbollen,0,MM0 ?D
39.3879,uitbollen,0,MM1 ?D
39.3879,uitbollen,0,MM0 D=18
39.3879,uitbollen,0,MM1 D=2
39.4093,uitbollen,0,"#50,YAW,2.91,GYRO,-12,48,-5,ACC,7,-1,259,ADC,1179,381,5,2,"
39.4093,uitbollen,0,MM0 ?FF
39.4094,uitbollen,0,MM1 ?FF
39.4094,uitbollen,0,MM0 FF=0
39.4094,uitbollen,0,MM1 FF=0
39.4438,uitbollen,0,"#51,YAW,2.91,GYRO,-12,49,-6,ACC,4,0,256,ADC,1194,381,3,1,"
39.4439,uitbollen,0,MM0 ?P
39.4439,uitbollen,0,MM1 ?P
39.4439,uitbollen,0,MM0 P=0:0
39.4439,uitbollen,0,MM1 P=0:0
39.4439,uitbollen,0,MM1 !M 0 0
39.4439,uitbollen,0,MM0 !M 0 0
39.4439,uitbollen,0,MM1 +
39.4439,uitbollen,0,MM0 +
39.4439,uitbollen,0,"#52,YAW,2.91,GYRO,-13,49,-5,ACC,5,1,257,ADC,1257,498,5,1,"
39.4439,uitbollen,0,MM0 ?S
39.4439,uitbollen,0,MM1 ?S
39.4439,uitbollen,0,MM0 S=0:0
39.4439,uitbollen,0,MM1 S=0:0
39.4648,uitbollen,0,"#53,YAW,2.91,GYRO,-14,50,-5,ACC,5,1,258,ADC,1237,390,4,1,"
39.4648,uitbollen,0,MM0 ?T
39.4648,uitbollen,0,MM1 ?T
39.4648,uitbollen,0,MM0 T=35:34
39.4648,uitbollen,0,MM1 T=36:34
39.4856,uitbollen,0,"#54,YAW,2.91,GYRO,-14,46,-5,ACC,5,1,257,ADC,1276,389,4,2,"
39.4857,uitbollen,0,MM0 ?V
39.4857,uitbollen,0,MM1 ?V
39.4857,uitbollen,0,MM0 V=120:224:4906
39.4857,uitbollen,0,MM1 V=120:223:4897
39.5061,uitbollen,0,"#55,YAW,2.91,GYRO,-13,46,-7,ACC,5,1,254,ADC,1257,392,5,2,"
39.5062,uitbollen,0,MM0 ?CR
39.5062,uitbollen,0,MM1 ?CR
39.5062,uitbollen,0,MM0 CR=0:0
39.5062,uitbollen,0,MM1 CR=0:0
39.5400,uitbollen,0,"#56,YAW,2.91,GYRO,-12,48,-5,ACC,3,2,259,ADC,1284,395,5,2,"
39.5401,uitbollen,0,MM0 ?A
39.5401,uitbollen,0,MM1 ?A
39.5401,uitbollen,0,MM0 A=0:0
39.5401,uitbollen,0,MM1 A=0:0
39.5401,uitbollen,0,MM0 !M 0 0
39.5401,uitbollen,0,MM1 !M 0 0
39.5401,uitbollen,0,MM0 +
39.5401,uitbollen,0,MM1 +
39.5401,uitbollen,0,"$GPRMC,130548.8,A,5050.51481,N,00419.37830,E,000.65,161.3,081026,000.4,E*5E"
39.5401,uitbollen,0,"#57,YAW,2.91,GYRO,-14,49,-6,ACC,1,1,259,ADC,1262,334,5,2,"
39.5401,uitbollen,0,MM0 ?AI
39.5401,uitbollen,0,MM1 ?AI
39.5401,uitbollen,0,MM0 AI=0:0:2440:2470:0:0
39.5668,uitbollen,0,MM1 AI=0:0:2365:2365:0:0
39.5668,uitbollen,0,"#58,YAW,2.90,GYRO,-14,48,-6,ACC,7,2,258,ADC,1229,382,5,2,"
39.5668,uitbollen,0,MM0 ?C
39.5668,uitbollen,0,MM1 ?C
39.5668,uitbollen,0,MM0 C=-1067:-860
39.5668,uitbollen,0,MM1 C=-919:-1067
39.5818,uitbollen,0,"#59,YAW,2.90,GYRO,-13,48,-5,ACC,6,1,255,ADC,1210,388,5,2,"
39.5818,uitbollen,0,MM0 ?D
39.5818,uitbollen,0,MM1 ?D
39.5818,uitbollen,0,MM0 D=18
39.5818,uitbollen,0,MM1 D=2
39.6028,uitbollen,0,"#60,YAW,2.90,GYRO,-13,47,-5,ACC,4,0,260,ADC,1273,501,4,1,"
39.6028,uitbollen,0,MM0 ?FF
39.6028,uitbollen,0,MM1 ?FF
39.6028,uitbollen,0,MM0 FF=0
39.6028,uitbollen,0,MM1 FF=0
39.6542,uitbollen,0,"#61,YAW,2.90,GYRO,-14,49,-7,ACC,5,0,259,ADC,1266,385,6,3,"
39.6543,uitbollen,0,MM0 ?P
39.6543,uitbollen,0,MM1 ?P
39.6543,uitbollen,0,MM0 P=0:0
39.6543,uitbollen,0,MM1 P=0:0
39.6543,uitbollen,0,MM1 !M 0 0
39.6543,uitbollen,0,MM0 !M 0 0
39.6543,uitbollen,0,MM1 +
39.6543,uitbollen,0,MM0 +
39.6543,uitbollen,0,"#62,YAW,2.90,GYRO,-14,46,-6,ACC,6,0,257,ADC,1233,392,4,2,"
39.6543,uitbollen,0,MM0 ?S
39.6543,uitbollen,0,MM1 ?S
39.6543,uitbollen,0,MM0 S=0:0
39.6543,uitbollen,0,MM1 S=0:0
39.6740,uitbollen,0,"#63,YAW,2.90,GYRO,-13,48,-4,ACC,9,1,253,ADC,1258,484,5,2,"
39.6740,uitbollen,0,MM0 ?T
39.6740,uitbollen,0,MM1 ?T
39.6740,uitbollen,0,MM0 T=35:34
39.6740,uitbollen,0,MM1 T=36:34
39.6949,uitbollen,0,"#64,YAW,2.90,GYRO,-12,47,-4,ACC,4,0,259,ADC,1222,382,7,2,"
39.6950,uitbollen,0,MM0 ?V
39.6950,uitbollen,0,MM1 ?V
39.6950,uitbollen,0,MM0 V=120:224:4905
39.6950,uitbollen,0,MM1 V=120:223:4897
39.6950,uitbollen,0,"#65,YAW,2.90,GYRO,-14,46,-6,ACC,3,3,260,ADC,1264,394,4,2,"
39.7160,uitbollen,0,MM0 ?CR
39.7160,uitbollen,0,MM1 ?CR
39.7160,uitbollen,0,MM0 CR=0:0
39.7160,uitbollen,0,MM1 CR=0:0
39.7160,uitbollen,0,"#66,YAW,2.90,GYRO,-13,47,-5,ACC,3,1,253,ADC,1229,395,5,1,"
39.7160,uitbollen,0,MM0 ?A
39.7498,uitbollen,0,MM1 ?A
39.7498,uitbollen,0,MM0 A=0:0
39.7498,uitbollen,0,MM1 A=0:0
39.7498,uitbollen,0,MM0 !M 0 0
39.7498,uitbollen,0,MM1 !M 0 0
39.7498,uitbollen,0,MM0 +
39.7498,uitbollen,0,MM1 +
39.7498,uitbollen,0,"$GPRMC,130549.0,A,5050.51491,N,00419.37836,E,000.68,161.3,081026,000.4,E*5D"
39.7498,uitbollen,0,"#67,YAW,2.90,GYRO,-12,46,-5,ACC,7,1,257,ADC,1269,333,7,2,"
39.7499,uitbollen,0,MM0 ?AI
39.7499,uitbollen,0,MM1 ?AI
39.7499,uitbollen,0,MM0 AI=0:0:2441:2451:0:0
39.7499,uitbollen,0,MM1 AI=0:0:2356:2368:0:0
39.7715,uitbollen,0,"#68,YAW,2.90,GYRO,-13,48,-5,ACC,7,0,256,ADC,1267,390,5,2,"
39.7716,uitbollen,0,MM0 ?C
39.7716,uitbollen,0,MM1 ?C
39.7716,uitbollen,0,MM0 C=-1067:-860
39.7716,uitbollen,0,MM1 C=-919:-1067
39.7919,uitbollen,0,"#69,YAW,2.90,GYRO,-13,46,-6,ACC,3,2,259,ADC,1255,399,6,2,"
39.7919,uitbollen,0,MM0 ?D
39.7919,uitbollen,0,MM1 ?D
39.7920,uitbollen,0,MM0 D=18
39.7920,uitbollen,0,MM1 D=2
39.8130,uitbollen,0,"#70,YAW,2.90,GYRO,-13,46,-5,ACC,7,1,256,ADC,1231,381,7,1,"
39.8130,uitbollen,0,MM0 ?FF
39.8130,uitbollen,0,MM1 ?FF
39.8130,uitbollen,0,MM0 FF=0
39.8130,uitbollen,0,MM1 FF=0
39.8468,uitbollen,0,"#71,YAW,2.90,GYRO,-13,47,-5,ACC,3,1,257,ADC,1284,389,5,2,"
39.8468,uitbollen,0,MM0 ?P
39.8468,uitbollen,0,MM1 ?P
39.8468,uitbollen,0,MM0 P=0:0
39.8468,uitbollen,0,MM1 P=0:0
39.8468,uitbollen,0,MM1 !M 0 0
39.8469,uitbollen,0,MM0 !M 0 0
39.8469,uitbollen,0,MM1 +
39.8469,uitbollen,0,MM0 +
39.8470,uitbollen,0,"#72,YAW,2.90,GYRO,-13,46,-6,ACC,5,2,261,ADC,1227,384,6,2,"
39.8471,uitbollen,0,MM0 ?S
39.8471,uitbollen,0,MM1 ?S
39.8471,uitbollen,0,MM0 S=0:0
39.8471,uitbollen,0,MM1 S=0:0
39.8677,uitbollen,0,"#73,YAW,2.90,GYRO,-15,47,-7,ACC,3,2,258,ADC,1272,382,4,2,"
39.8678,uitbollen,0,MM0 ?T
39.8678,uitbollen,0,MM1 ?T
39.8678,uitbollen,0,MM0 T=35:34
39.8678,uitbollen,0,MM1 T=36:34
39.8887,uitbollen,0,"#74,YAW,2.90,GYRO,-13,45,-6,ACC,7,0,258,ADC,1257,386,5,2,"
39.8888,uitbollen,0,MM0 ?V
39.8888,uitbollen,0,MM1 ?V
39.8888,uitbollen,0,MM0 V=120:223:4906
39.8888,uitbollen,0,MM1 V=120:224:4895
39.9098,uitbollen,0,"#75,YAW,2.90,GYRO,-12,48,-5,ACC,5,1,262,ADC,1230,389,4,1,"
39.9098,uitbollen,0,MM0 ?CR
39.9098,uitbollen,0,MM1 ?CR
39.9098,uitbollen,0,MM0 CR=0:0
39.9098,uitbollen,0,MM1 CR=0:0
39.9439,uitbollen,0,"#76,YAW,2.90,GYRO,-12,48,-5,ACC,2,0,253,ADC,1214,381,4,2,"
39.9439,uitbollen,0,MM0 ?A
39.9439,uitbollen,0,MM1 ?A
39.9439,uitbollen,0,MM0 A=0:0
39.9439,uitbollen,0,MM1 A=0:0
39.9439,uitbollen,0,MM1 !M 0 0
39.9439,uitbollen,0,MM0 !M 0 0
39.9439,uitbollen,0,MM1 +
39.9439,uitbollen,0,MM0 +
39.9439,uitbollen,0,"$GPRMC,130549.2,A,5050.51501,N,00419.37846,E,000.70,161.3,081026,000.4,E*59"
39.9439,uitbollen,0,"#77,YAW,2.90,GYRO,-14,47,-6,ACC,4,0,252,ADC,1285,331,5,1,"
39.9440,uitbollen,0,MM0 ?AI
39.9440,uitbollen,0,MM1 ?AI
39.9440,uitbollen,0,MM0 AI=0:0:2437:2458:0:0
39.9440,uitbollen,0,MM1 AI=0:0:2368:2380:0:0
39.9648,uitbollen,0,"#78,YAW,2.90,GYRO,-14,47,-5,ACC,3,1,261,ADC,1311,501,3,2,"
39.9649,uitbollen,0,MM0 ?C
39.9649,uitbollen,0,MM1 ?C
39.9649,uitbollen,0,MM0 C=-1067:-860
39.9649,uitbollen,0,MM1 C=-919:-1067
39.9858,uitbollen,0,"#79,YAW,2.90,GYRO,-15,46,-6,ACC,8,4,258,ADC,1288,397,5,1,"
39.9858,uitbollen,0,MM0 ?D
39.9858,uitbollen,0,MM1 ?D
39.9858,uitbollen,0,MM0 D=18
39.9858,uitbollen,0,MM1 D=2
