t,fase,vermogen,regel
1.0570,rust,0,",4,2,252,ADC,1281,497,4,2,"
1.0571,rust,0,MM1 ?C
1.0571,rust,0,MM0 ?C
1.0571,rust,0,MM0 C=-255:302
1.0571,rust,0,MM1 C=1373:-1403
1.0571,rust,0,MM1 !M 0 0
1.0571,rust,0,MM0 !M 0 0
1.0571,rust,0,MM1 +
1.0571,rust,0,MM0 +
1.0571,rust,0,"#161,YAW,-0.57,GYRO,-8,44,-10,ACC,5,2,256,ADC,1259,396,7,2,"
1.0571,rust,0,MM1 ?D
1.0571,rust,0,MM0 ?D
1.0571,rust,0,MM1 D=17
1.0571,rust,0,MM0 D=34
1.0571,rust,0,"$GPRMC,091206.6,A,5050.49702,N,00419.37112,E,000.65,266.0,021026,000.4,E*52"
1.0571,rust,0,"#162,YAW,-0.57,GYRO,-7,43,-10,ACC,3,2,257,ADC,1230,385,7,2,"
1.0571,rust,0,MM0 ?FF
1.0571,rust,0,MM1 ?FF
1.0571,rust,0,MM0 FF=0
1.0571,rust,0,MM1 FF=0
1.0571,rust,0,"#163,YAW,-0.61,GYRO,-7,43,-7,ACC,3,2,256,ADC,1251,393,4,2,"
1.0571,rust,0,MM1 ?P
1.0571,rust,0,MM0 ?P
1.0571,rust,0,MM1 P=0:0
1.0571,rust,0,MM0 P=0:0
1.0571,rust,0,"#164,YAW,-0.61,GYRO,-6,42,-10,ACC,5,1,254,ADC,1264,395,5,2,"
1.0571,rust,0,MM1 ?S
1.0571,rust,0,MM0 ?S
1.0571,rust,0,MM1 S=0:0
1.0571,rust,0,MM0 S=0:0
1.0571,rust,0,"#165,YAW,-0.61,GYRO,-7,45,-8,ACC,1,2,254,ADC,1238,403,5,2,"
1.0571,rust,0,MM1 ?T
1.0571,rust,0,MM0 ?T
1.0571,rust,0,MM1 T=35:33
1.0571,rust,0,MM0 T=34:33
1.0571,rust,0,"#166,YAW,-0.61,GYRO,-6,42,-8,ACC,4,2,253,ADC,1244,386,4,2,"
1.0572,rust,0,MM1 ?V
1.0572,rust,0,MM0 ?V
1.0572,rust,0,MM1 V=120:223:4897
1.0572,rust,0,MM0 V=120:226:4903
1.0572,rust,0,"#167,YAW,-0.61,GYRO,-7,41,-10,ACC,2,1,255,ADC,1262,390,6,2,"
1.0572,rust,0,MM0 ?CR
1.0572,rust,0,MM1 ?CR
1.0572,rust,0,MM1 CR=0:0
1.0572,rust,0,MM0 CR=0:0
1.0572,rust,0,"#168,YAW,-0.61,GYRO,-8,44,-8,ACC,1,3,253,ADC,1252,396,4,2,"
1.0572,rust,0,MM0 ?A
1.0572,rust,0,MM1 ?A
1.0572,rust,0,MM0 A=0:0
1.0572,rust,0,MM1 A=0:0
1.0572,rust,0,"#169,YAW,-0.61,GYRO,-8,41,-9,ACC,3,3,253,ADC,1257,395,7,2,"
1.0572,rust,0,MM0 ?AI
1.0572,rust,0,MM1 ?AI
1.0572,rust,0,MM0 AI=0:0:2372:2373:0:0
1.0572,rust,0,MM1 AI=0:0:2271:2282:0:0
1.0572,rust,0,"#170,YAW,-0.61,GYRO,-7,44,-9,ACC,2,2,249,ADC,1275,501,5,1,"
1.0572,rust,0,MM0 ?C
1.0572,rust,0,MM1 ?C
1.0572,rust,0,MM0 C=-255:302
1.0572,rust,0,MM1 C=1373:-1403
1.0572,rust,0,"#171,YAW,-0.61,GYRO,-8,41,-8,ACC,4,3,256,ADC,1301,501,7,2,"
1.0572,rust,0,MM0 ?D
1.0572,rust,0,MM1 ?D
1.0572,rust,0,MM0 D=34
1.0572,rust,0,MM1 D=17
1.0572,rust,0,"$GPRMC,091206.8,A,5050.49718,N,00419.37117,E,000.46,266.0,021026,000.4,E*53"
1.0572,rust,0,"#172,YAW,-0.61,GYRO,-8,43,-9,ACC,0,4,256,ADC,1237,395,4,1,"
1.0572,rust,0,MM0 ?FF
1.0572,rust,0,MM1 ?FF
1.0572,rust,0,MM0 FF=0
1.0572,rust,0,MM1 FF=0
1.0572,rust,0,"#173,YAW,-0.65,GYRO,-7,42,-9,ACC,3,1,255,ADC,1254,397,5,2,"
1.0572,rust,0,MM0 ?P
1.0572,rust,0,MM1 ?P
1.0572,rust,0,MM0 P=0:0
1.0572,rust,0,MM1 P=0:0
1.0572,rust,0,"#174,YAW,-0.65,GYRO,-7,43,-10,ACC,4,3,256,ADC,1232,381,4,2,"
1.0572,rust,0,MM0 ?S
1.0572,rust,0,MM1 ?S
1.0572,rust,0,MM0 S=0:0
1.0572,rust,0,MM1 S=0:0
1.0572,rust,0,"#175,YAW,-0.65,GYRO,-8,42,-8,ACC,3,2,260,ADC,1244,492,5,2,"
1.0572,rust,0,MM0 ?T
1.0572,rust,0,MM1 ?T
1.0572,rust,0,MM0 T=34:33
1.0572,rust,0,MM1 T=35:33
1.0572,rust,0,"#176,YAW,-0.65,GYRO,-8,42,-9,ACC,-1,3,251,ADC,1238,389,4,2,"
1.0572,rust,0,MM0 ?V
1.0572,rust,0,MM1 ?V
1.0572,rust,0,MM0 V=120:223:4903
1.0572,rust,0,MM1 V=120:223:4897
1.0572,rust,0,"#177,YAW,-0.65,GYRO,-7,41,-9,ACC,6,2,257,ADC,1248,402,5,1,"
1.0572,rust,0,MM0 ?CR
1.0573,rust,0,MM1 ?CR
1.0573,rust,0,MM0 CR=0:0
1.0573,rust,0,MM1 CR=0:0
1.0573,rust,0,"#178,YAW,-0.6#44,YAW,2.52,GYRO,-7,48,-9,ACC,2,1,253,ADC,1233,500,5,2,"
1.0573,rust,0,MM1 ?V
1.0573,rust,0,MM0 ?V
1.0573,rust,0,MM1 V=120:224:4900
1.0573,rust,0,MM0 V=120:224:4903
1.0987,rust,0,MM1 PING
1.0987,rust,0,MM0 PING
1.0987,rust,0,"#45,YAW,2.52,GYRO,-8,47,-8,ACC,3,5,256,ADC,1217,303,4,1,"
1.0988,rust,0,MM0 ?CR
1.0988,rust,0,MM1 ?CR
1.0988,rust,0,MM0 CR=0:0
1.0988,rust,0,MM1 CR=0:0
1.0988,rust,0,MM0 !M 0 0
1.0988,rust,0,MM1 !M 0 0
1.0988,rust,0,MM0 +
1.0988,rust,0,MM1 +
1.0988,rust,0,"#46,YAW,2.52,GYRO,-7,45,-10,ACC,2,1,256,ADC,1249,498,7,2,"
1.0988,rust,0,MM0 ?A
1.0988,rust,0,MM1 ?A
1.0988,rust,0,MM0 A=0:0
1.0988,rust,0,MM1 A=0:0
1.1121,rust,0,"#47,YAW,2.52,GYRO,-9,45,-9,ACC,1,2,253,ADC,1251,387,4,2,"
1.1122,rust,0,MM0 ?AI
1.1122,rust,0,MM1 ?AI
1.1122,rust,0,MM0 AI=0:0:2403:2409:0:0
1.1122,rust,0,MM1 AI=0:0:2291:2302:0:0
1.1327,rust,0,"#48,YAW,2.52,GYRO,-7,46,-9,ACC,2,3,255,ADC,1271,501,4,2,"
1.1327,rust,0,MM0 ?C
1.1327,rust,0,MM1 ?C
1.1327,rust,0,MM0 C=-255:302
1.1328,rust,0,MM1 C=1373:-1403
1.1684,rust,0,MM0 !M 0 0
1.1684,rust,0,MM1 !M 0 0
1.1684,rust,0,MM0 +
1.1684,rust,0,MM1 +
1.1684,rust,0,"#49,YAW,2.52,GYRO,-10,44,-11,ACC,4,1,260,ADC,1285,387,5,2,"
1.1684,rust,0,MM0 ?D
1.1684,rust,0,MM1 ?D
1.1684,rust,0,MM0 D=34
1.1684,rust,0,MM1 D=17
1.1684,rust,0,"$GPRMC,092553.8,A,5050.50306,N,00419.38447,E,000.22,139.0,021026,000.4,E*50"
1.1684,rust,0,"#50,YAW,2.52,GYRO,-8,45,-7,ACC,5,0,256,ADC,1253,501,5,2,"
1.1684,rust,0,MM0 ?FF
1.1684,rust,0,MM1 ?FF
1.1684,rust,0,MM0 FF=16
1.1890,rust,0,MM1 FF=16
1.1891,rust,0,"#51,YAW,2.52,GYRO,-8,45,-10,ACC,1,1,251,ADC,1239,397,8,2,"
1.1891,rust,0,MM0 ?P
1.1891,rust,0,MM1 ?P
1.1891,rust,0,MM0 P=0:0
1.1891,rust,0,MM1 P=0:0
1.2106,rust,0,"#52,YAW,2.53,GYRO,-8,45,-9,ACC,3,4,255,ADC,1223,387,3,1,"
1.2106,rust,0,MM0 ?S
1.2106,rust,0,MM1 ?S
1.2106,rust,0,MM0 S=0:0
1.2106,rust,0,MM1 S=0:0
1.2333,rust,0,"#53,YAW,2.53,GYRO,-7,46,-9,ACC,6,1,259,ADC,1220,502,6,2,"
1.2333,rust,0,MM0 ?T
1.2333,rust,0,MM1 ?T
1.2333,rust,0,MM0 T=35:34
1.2333,rust,0,MM1 T=36:33
1.2671,rust,0,MM0 !M 0 0
1.2672,rust,0,MM1 !M 0 0
1.2672,rust,0,MM0 +
1.2672,rust,0,MM1 +
1.2672,rust,0,"#54,YAW,2.53,GYRO,-8,45,-9,ACC,2,4,255,ADC,1234,353,6,1,"
1.2672,rust,0,MM1 ?V
1.2672,rust,0,MM0 ?V
1.2672,rust,0,MM1 V=120:223:4900
1.2672,rust,0,MM0 V=120:223:4904
1.2672,rust,0,"#55,YAW,2.53,GYRO,-6,45,-9,ACC,0,4,257,ADC,1227,389,7,2,"
1.2672,rust,0,MM0 ?CR
1.2672,rust,0,MM1 ?CR
1.2901,rust,0,MM0 CR=0:0
1.2902,rust,0,MM1 CR=0:0
1.2902,rust,0,"#56,YAW,2.53,GYRO,-8,46,-10,ACC,3,1,254,ADC,1257,381,6,1,"
1.2902,rust,0,MM0 ?A
1.2902,rust,0,MM1 ?A
1.2902,rust,0,MM0 A=0:0
1.3090,rust,0,MM1 A=0:0
1.3090,rust,0,"#57,YAW,2.53,GYRO,-8,45,-9,ACC,5,1,256,ADC,1227,382,5,2,"
1.3090,rust,0,MM0 ?AI
1.3090,rust,0,MM1 ?AI
1.3305,rust,0,MM0 AI=0:0:2403:2413:0:0
1.3305,rust,0,MM1 AI=0:0:2297:2319:0:0
1.3305,rust,0,"#58,YAW,2.53,GYRO,-9,46,-9,ACC,2,1,261,ADC,1259,389,5,2,"
1.3305,rust,0,MM0 ?C
1.3305,rust,0,MM1 ?C
1.3305,rust,0,MM0 C=-255:302
1.3790,rust,0,MM1 C=1373:-1403
1.3790,rust,0,"#59,YAW,2.53,GYRO,-8,46,-9,ACC,1,1,254,ADC,1246,384,6,2,"
1.3790,rust,0,MM0 ?D
1.3790,rust,0,MM1 ?D
1.3790,rust,0,MM0 D=34
1.3790,rust,0,MM1 D=17
1.3791,rust,0,"$GPRMC,092554.0,A,5050.50306,N,00419.38445,E,000.23,139.0,021026,000.4,E*5C"
1.3791,rust,0,MM1 !M 0 0
1.3791,rust,0,MM0 !M 0 0
1.3791,rust,0,MM1 +
1.3791,rust,0,MM0 +
1.3791,rust,0,"#60,YAW,2.53,GYRO,-8,46,-8,ACC,2,3,255,ADC,1270,501,5,2,"
1.3791,rust,0,MM0 ?FF
1.3791,rust,0,MM1 ?FF
1.3791,rust,0,MM0 FF=16
1.3791,rust,0,MM1 FF=16
1.4023,rust,0,"#61,YAW,2.53,GYRO,-8,45,-8,ACC,2,3,254,ADC,1254,390,6,2,"
1.4023,rust,0,MM0 ?P
1.4023,rust,0,MM1 ?P
1.4023,rust,0,MM0 P=0:0
1.4023,rust,0,MM1 P=0:0
1.4209,rust,0,"#62,YAW,2.53,GYRO,-8,45,-10,ACC,-2,3,256,ADC,1305,389,4,2,"
1.4210,rust,0,MM0 ?S
1.4210,rust,0,MM1 ?S
1.4210,rust,0,MM0 S=0:0
1.4210,rust,0,MM1 S=0:0
1.4413,rust,0,"#63,YAW,2.53,GYRO,-8,46,-8,ACC,3,2,257,ADC,1231,386,7,2,"
1.4413,rust,0,MM0 ?T
1.4413,rust,0,MM1 ?T
1.4413,rust,0,MM0 T=35:34
1.4413,rust,0,MM1 T=35:33
1.4762,rust,0,"#64,YAW,2.53,GYRO,-8,45,-10,ACC,1,3,256,ADC,1255,498,4,2,"
1.4763,rust,0,MM0 ?V
1.4763,rust,0,MM1 ?V
1.4763,rust,0,MM0 V=120:224:4903
1.4763,rust,0,MM1 V=120:223:4900
1.4763,rust,0,MM0 !M 0 0
1.4763,rust,0,MM1 !M 0 0
1.4763,rust,0,MM0 +
1.4763,rust,0,MM1 +
1.4763,rust,0,"#65,YAW,2.53,GYRO,-9,47,-9,ACC,5,2,257,ADC,1229,380,4,2,"
1.4763,rust,0,MM0 ?CR
1.4763,rust,0,MM1 ?CR
1.4763,rust,0,MM0 CR=0:0
1.4763,rust,0,MM1 CR=0:0
1.4968,rust,0,"#66,YAW,2.53,GYRO,-8,44,-8,ACC,-1,2,251,ADC,1234,384,4,2,"
1.4968,rust,0,MM0 ?A
1.4968,rust,0,MM1 ?A
1.4968,rust,0,MM0 A=0:0
1.4968,rust,0,MM1 A=0:0
1.5179,rust,0,"#67,YAW,2.53,GYRO,-8,46,-9,ACC,1,3,255,ADC,1249,389,7,2,"
1.5179,rust,0,MM0 ?AI
1.5179,rust,0,MM1 ?AI
1.5179,rust,0,MM0 AI=0:0:2422:2409:0:0
1.5179,rust,0,MM1 AI=0:0:2313:2305:0:0
1.5400,rust,0,"#68,YAW,2.53,GYRO,-7,45,-9,ACC,6,1,256,ADC,1266,395,5,2,"
1.5400,rust,0,MM0 ?C
1.5400,rust,0,MM1 ?C
1.5400,rust,0,MM0 C=-255:302
1.5400,rust,0,MM1 C=1373:-1403
1.5741,rust,0,"#69,YAW,2.53,GYRO,-6,47,-8,ACC,3,1,255,ADC,1286,498,3,2,"
1.5741,rust,0,MM0 ?D
1.5741,rust,0,MM1 ?D
1.5741,rust,0,MM0 D=34
1.5741,rust,0,MM1 D=17
1.5741,rust,0,MM1 !M 0 0
1.5741,rust,0,MM0 !M 0 0
1.5741,rust,0,MM1 +
1.5741,rust,0,MM0 +
1.5741,rust,0,"$GPRMC,092554.2,A,5050.50306,N,00419.38443,E,000.21,139.0,021026,000.4,E*5A"
1.5741,rust,0,"#70,YAW,2.53,GYRO,-9,46,-9,ACC,2,1,254,ADC,1231,405,6,1,"
1.5741,rust,0,MM0 ?FF
1.5741,rust,0,MM1 ?FF
1.5741,rust,0,MM0 FF=16
1.5741,rust,0,MM1 FF=16
1.5948,rust,0,"#71,YAW,2.53,GYRO,-7,44,-10,ACC,1,2,255,ADC,1236,387,5,2,"
1.5948,rust,0,MM0 ?P
1.5948,rust,0,MM1 ?P
1.5948,rust,0,MM0 P=0:0
1.5948,rust,0,MM1 P=0:0
1.6162,rust,0,"#72,YAW,2.53,GYRO,-9,47,-9,ACC,4,1,257,ADC,1260,498,6,2,"
1.6162,rust,0,MM0 ?S
1.6162,rust,0,MM1 ?S
1.6162,rust,0,MM0 S=0:0
1.6162,rust,0,MM1 S=0:0
1.6369,rust,0,"#73,YAW,2.53,GYRO,-8,45,-11,ACC,3,0,257,ADC,1309,502,6,2,"
1.6369,rust,0,MM0 ?T
1.6369,rust,0,MM1 ?T
1.6369,rust,0,MM0 T=35:34
1.6369,rust,0,MM1 T=36:33
1.6717,rust,0,"#74,YAW,2.53,GYRO,-9,48,-9,ACC,5,2,257,ADC,1279,498,4,1,"
1.6718,rust,0,MM0 ?V
1.6718,rust,0,MM1 ?V
1.6718,rust,0,MM0 V=120:223:4903
1.6718,rust,0,MM1 V=120:223:4899
1.6718,rust,0,MM0 !M 0 0
1.6718,rust,0,MM1 !M 0 0
1.6718,rust,0,MM0 +
1.6718,rust,0,MM1 +
1.6718,rust,0,"#75,YAW,2.53,GYRO,-8,48,-9,ACC,1,2,256,ADC,1277,498,8,2,"
1.6718,rust,0,MM0 ?CR
1.6718,rust,0,MM1 ?CR
1.6718,rust,0,MM0 CR=0:0
1.6718,rust,0,MM1 CR=0:0
1.6922,rust,0,"#76,YAW,2.53,GYRO,-9,46,-10,ACC,3,1,256,ADC,1227,500,6,2,"
1.6922,rust,0,MM0 ?A
1.6922,rust,0,MM1 ?A
1.6922,rust,0,MM0 A=0:0
1.6922,rust,0,MM1 A=0:0
1.7128,rust,0,"#77,YAW,2.53,GYRO,-9,47,-9,ACC,3,2,255,ADC,1256,390,7,1,"
1.7128,rust,0,MM0 ?AI
1.7128,rust,0,MM1 ?AI
1.7128,rust,0,MM0 AI=0:0:2402:2401:0:0
1.7128,rust,0,MM1 AI=0:0:2323:2327:0:0
1.7338,rust,0,"#78,YAW,2.53,GYRO,-8,44,-8,ACC,1,4,260,ADC,1318,502,5,2,"
1.7339,rust,0,MM0 ?C
1.7339,rust,0,MM1 ?C
1.7339,rust,0,MM0 C=-255:302
1.7339,rust,0,MM1 C=1373:-1403
1.7681,rust,0,MM0 !M 0 0
1.7682,rust,0,MM1 !M 0 0
1.7682,rust,0,MM0 +
1.7682,rust,0,MM1 +
1.7682,rust,0,"#79,YAW,2.53,GYRO,-7,46,-9,ACC,4,1,253,ADC,1271,386,4,1,"
1.7682,rust,0,MM0 ?D
1.7682,rust,0,MM1 ?D
1.7682,rust,0,MM0 D=34
1.7682,rust,0,MM1 D=17
1.7682,rust,0,"$GPRMC,092554.4,A,5050.50307,N,00419.38441,E,000.21,139.0,021026,000.4,E*5F"
1.7682,rust,0,"#80,YAW,2.53,GYRO,-8,47,-9,ACC,5,1,255,ADC,1262,384,7,1,"
1.7682,rust,0,MM0 ?FF
1.7682,rust,0,MM1 ?FF
1.7682,rust,0,MM0 FF=16
1.7900,rust,0,MM1 FF=16
1.7900,rust,0,"#81,YAW,2.53,GYRO,-8,45,-9,ACC,6,5,255,ADC,1232,389,4,2,"
1.7900,rust,0,MM0 ?P
1.7900,rust,0,MM1 ?P
1.7900,rust,0,MM0 P=0:0
1.7901,rust,0,MM1 P=0:0
1.8098,rust,0,"#82,YAW,2.53,GYRO,-6,45,-10,ACC,2,4,257,ADC,1270,383,4,2,"
1.8098,rust,0,MM0 ?S
1.8098,rust,0,MM1 ?S
1.8098,rust,0,MM0 S=0:0
1.8098,rust,0,MM1 S=0:0
1.8314,rust,0,"#83,YAW,2.53,GYRO,-8,47,-9,ACC,4,2,254,ADC,1268,400,5,2,"
1.8315,rust,0,MM0 ?T
1.8315,rust,0,MM1 ?T
1.8315,rust,0,MM0 T=35:34
1.8315,rust,0,MM1 T=35:33
1.8885,rust,0,"#84,YAW,2.53,GYRO,-7,45,-9,ACC,5,1,258,ADC,1291,387,6,2,"
1.8885,rust,0,MM0 ?V
1.8885,rust,0,MM1 ?V
1.8885,rust,0,MM0 V=120:223:4903
1.8886,rust,0,MM1 V=120:223:4900
1.8886,rust,0,MM0 !M 0 0
1.8886,rust,0,MM1 !M 0 0
1.8886,rust,0,MM0 +
1.8886,rust,0,MM1 +
1.8886,rust,0,"#85,YAW,2.53,GYRO,-8,44,-9,ACC,3,2,258,ADC,1237,355,6,2,"
1.8886,rust,0,MM0 ?CR
1.8886,rust,0,MM1 ?CR
1.8886,rust,0,MM0 CR=0:0
1.8886,rust,0,MM1 CR=0:0
1.8886,rust,0,"#86,YAW,2.53,GYRO,-8,47,-9,ACC,2,1,258,ADC,1224,397,6,2,"
1.8886,rust,0,MM0 ?A
1.8886,rust,0,MM1 ?A
1.8886,rust,0,MM0 A=0:0
1.9097,rust,0,MM1 A=0:0
1.9097,rust,0,"#87,YAW,2.53,GYRO,-8,47,-9,ACC,2,1,253,ADC,1248,382,4,2,"
1.9097,rust,0,MM0 ?AI
1.9097,rust,0,MM1 ?AI
1.9300,rust,0,MM0 AI=0:0:2389:2414:0:0
1.9300,rust,0,MM1 AI=0:0:2299:2306:0:0
1.9300,rust,0,"#88,YAW,2.53,GYRO,-9,45,-10,ACC,4,2,255,ADC,1287,496,5,2,"
1.9300,rust,0,MM0 ?C
1.9300,rust,0,MM1 ?C
1.9300,rust,0,MM0 C=-255:302
1.9300,rust,0,MM1 C=1373:-1403
1.9703,rust,0,"#89,YAW,2.53,GYRO,-7,46,-11,ACC,3,3,258,ADC,1245,501,8,3,"
1.9703,rust,0,MM0 ?D
1.9703,rust,0,MM1 ?D
1.9703,rust,0,MM0 D=34
1.9703,rust,0,MM1 D=17
1.9703,rust,0,"$GPRMC,092554.6,A,5050.50308,N,00419.38439,E,000.19,139.0,021026,000.4,E*56"
1.9703,rust,0,"#90,YAW,2.53,GYRO,-8,45,-8,ACC,-1,1,254,ADC,1299,499,6,2,"
1.9703,rust,0,MM0 ?FF
1.9703,rust,0,MM1 ?FF
1.9703,rust,0,MM0 FF=16
1.9703,rust,0,MM1 FF=16
1.9898,rust,0,MM0 !M 0 0
1.9899,rust,0,MM1 !M 0 0
1.9899,rust,0,MM0 +
1.9899,rust,0,MM1 +
1.9899,rust,0,"#91,YAW,2.53,GYRO,-7,47,-10,ACC,3,2,254,ADC,1270,391,6,2,"
1.9899,rust,0,MM0 ?P
1.9899,rust,0,MM1 ?P
1.9899,rust,0,MM0 P=0:0
1.9899,rust,0,MM1 P=0:0
2.0119,rust,0,"#92,YAW,2.53,GYRO,-8,48,-10,ACC,2,2,255,ADC,1271,501,5,2,"
2.0120,rust,0,MM0 ?S
2.0120,rust,0,MM1 ?S
2.0120,rust,0,MM0 S=0:0
2.0120,rust,0,MM1 S=0:0
2.0321,rust,0,"#93,YAW,2.53,GYRO,-9,47,-10,ACC,4,4,257,ADC,1265,396,4,2,"
2.0321,rust,0,MM0 ?T
2.0321,rust,0,MM1 ?T
2.0321,rust,0,MM0 T=35:34
2.0321,rust,0,MM1 T=36:33
2.0865,rust,0,"#94,YAW,2.53,GYRO,-9,44,-9,ACC,-1,2,251,ADC,1285,498,7,2,"
2.0865,rust,0,MM0 ?V
2.0865,rust,0,MM1 ?V
2.0865,rust,0,MM0 V=120:223:4904
2.0865,rust,0,MM1 V=120:223:4900
2.0865,rust,0,MM1 !M 0 0
2.0865,rust,0,MM0 !M 0 0
2.0865,rust,0,MM1 +
2.0865,rust,0,MM0 +
2.0865,rust,0,"#95,YAW,2.53,GYRO,-9,45,-10,ACC,2,1,250,ADC,1205,495,3,1,"
2.0865,rust,0,MM0 ?CR
2.0865,rust,0,MM1 ?CR
2.0866,rust,0,MM0 CR=0:0
2.0866,rust,0,MM1 CR=0:0
2.1030,rust,0,"#96,YAW,2.53,GYRO,-9,46,-9,ACC,1,1,259,ADC,1284,501,4,1,"
2.1030,rust,0,MM0 ?A
2.1030,rust,0,MM1 ?A
2.1030,rust,0,MM0 A=0:0
2.1030,rust,0,MM1 A=0:0
2.1240,rust,0,"#97,YAW,2.53,GYRO,-8,46,-9,ACC,2,2,255,ADC,1242,393,5,2,"
2.1240,rust,0,MM0 ?AI
2.1240,rust,0,MM1 ?AI
2.1240,rust,0,MM0 AI=0:0:2390:2414:0:0
2.1240,rust,0,MM1 AI=0:0:2321:2329:0:0
2.1464,rust,0,"#98,YAW,2.53,GYRO,-9,44,-9,ACC,1,2,254,ADC,1284,385,4,2,"
2.1464,rust,0,MM0 ?C
2.1464,rust,0,MM1 ?C
2.1464,rust,0,MM0 C=-255:302
2.1465,rust,0,MM1 C=1373:-1403
2.1809,rust,0,"#99,YAW,2.53,GYRO,-7,45,-8,ACC,0,0,257,ADC,1287,391,6,2,"
2.1809,rust,0,MM0 ?D
2.1809,rust,0,MM1 ?D
2.1809,rust,0,MM0 D=34
2.1809,rust,0,MM1 D=17
2.1810,rust,0,"$GPRMC,092554.8,A,5050.50308,N,00419.38438,E,000.18,139.0,021026,000.4,E*58"
2.1810,rust,0,MM0 !M 0 0
2.1810,rust,0,MM1 !M 0 0
2.1810,rust,0,MM0 +
2.1810,rust,0,MM1 +
2.1810,rust,0,"#100,YAW,2.54,GYRO,-8,46,-10,ACC,4,0,263,ADC,1236,394,6,2,"
2.1810,rust,0,MM0 ?FF
2.1810,rust,0,MM1 ?FF
2.1810,rust,0,MM0 FF=16
2.1810,rust,0,MM1 FF=16
2.2021,rust,0,"#101,YAW,2.54,GYRO,-7,46,-9,ACC,1,1,253,ADC,1241,385,3,2,"
2.2021,rust,0,MM0 ?P
2.2021,rust,0,MM1 ?P
2.2021,rust,0,MM0 P=0:0
2.2021,rust,0,MM1 P=0:0
2.2237,rust,0,"#102,YAW,2.54,GYRO,-10,48,-8,ACC,3,1,253,ADC,1244,498,5,2,"
2.2237,rust,0,MM0 ?S
2.2237,rust,0,MM1 ?S
2.2237,rust,0,MM0 S=0:0
2.2237,rust,0,MM1 S=0:0
2.2440,rust,0,"#103,YAW,2.54,GYRO,-7,46,-9,ACC,2,4,260,ADC,1240,381,6,2,"
2.2440,rust,0,MM0 ?T
2.2440,rust,0,MM1 ?T
2.2440,rust,0,MM0 T=35:34
2.2440,rust,0,MM1 T=36:33
2.2801,rust,0,"#104,YAW,2.54,GYRO,-8,45,-8,ACC,3,1,257,ADC,1267,396,6,2,"
2.2801,rust,0,MM0 ?V
2.2801,rust,0,MM1 ?V
2.2801,rust,0,MM0 V=120:223:4903
2.2801,rust,0,MM1 V=120:222:4900
2.2801,rust,0,MM0 !M 0 0
2.2802,rust,0,MM1 !M 0 0
2.2802,rust,0,MM0 +
2.2802,rust,0,MM1 +
2.2802,rust,0,"#105,YAW,2.54,GYRO,-7,43,-10,ACC,3,1,254,ADC,1260,387,6,2,"
2.2802,rust,0,MM0 ?CR
2.2802,rust,0,MM1 ?CR
2.2802,rust,0,MM0 CR=0:0
2.2802,rust,0,MM1 CR=0:0
2.2988,rust,0,"#106,YAW,2.54,GYRO,-8,46,-8,ACC,3,2,256,ADC,1243,501,4,2,"
2.2988,rust,0,MM0 ?A
2.2988,rust,0,MM1 ?A
2.2988,rust,0,MM0 A=0:0
2.2988,rust,0,MM1 A=0:0
2.3198,rust,0,"#107,YAW,2.54,GYRO,-8,47,-10,ACC,4,1,258,ADC,1258,387,7,2,"
2.3200,rust,0,MM0 ?AI
2.3200,rust,0,MM1 ?AI
2.3200,rust,0,MM0 AI=0:0:2393:2406:0:0
2.3200,rust,0,MM1 AI=0:0:2320:2303:0:0
2.3407,rust,0,"#108,YAW,2.54,GYRO,-8,47,-9,ACC,3,0,252,ADC,1229,381,4,1,"
2.3407,rust,0,MM1 ?C
2.3407,rust,0,MM0 ?C
2.3407,rust,0,MM0 C=-255:302
2.3408,rust,0,MM1 C=1373:-1403
2.3626,rust,0,"#109,YAW,2.54,GYRO,-8,44,-9,ACC,3,2,256,ADC,1272,501,5,1,"
2.3627,rust,0,MM0 ?D
2.3627,rust,0,MM1 ?D
2.3627,rust,0,MM0 D=34
2.3627,rust,0,MM1 D=17
2.3627,rust,0,"$GPRMC,092555.0,A,5050.50309,N,00419.38436,E,000.18,139.0,021026,000.4,E*5E"
2.3627,rust,0,MM1 !M 0 0
2.3627,rust,0,MM0 !M 0 0
2.3627,rust,0,MM1 +
2.3627,rust,0,MM0 +
2.3830,rust,0,"#110,YAW,2.54,GYRO,-8,44,-9,ACC,5,1,255,ADC,1227,328,5,2,"
2.3830,rust,0,MM0 ?FF
2.3830,rust,0,MM1 ?FF
2.3830,rust,0,MM0 FF=16
2.3830,rust,0,MM1 FF=16
2.4038,rust,0,"#111,YAW,2.54,GYRO,-8,45,-9,ACC,3,1,254,ADC,1237,383,6,2,"
2.4039,rust,0,MM0 ?P
2.4039,rust,0,MM1 ?P
2.4039,rust,0,MM0 P=0:0
2.4039,rust,0,MM1 P=0:0
2.4292,rust,0,"#112,YAW,2.54,GYRO,-9,45,-10,ACC,2,3,249,ADC,1280,498,4,2,"
2.4292,rust,0,MM0 ?S
2.4293,rust,0,MM1 ?S
2.4293,rust,0,MM0 S=0:0
2.4293,rust,0,MM1 S=0:0
2.4502,rust,0,"#113,YAW,2.54,GYRO,-10,44,-10,ACC,4,1,253,ADC,1305,416,6,2,"
2.4503,rust,0,MM0 ?T
2.4503,rust,0,MM1 ?T
2.4503,rust,0,MM0 T=35:34
2.4503,rust,0,MM1 T=35:33
2.4503,rust,0,"#114,YAW,2.54,GYRO,-7,48,-8,ACC,3,1,255,ADC,1238,392,5,2,"
2.4879,rust,0,MM0 ?V
2.4879,rust,0,MM1 ?V
2.4879,rust,0,MM0 V=120:223:4904
2.4879,rust,0,MM1 V=120:223:4900
2.4879,rust,0,MM0 !M 0 0
2.4879,rust,0,MM1 !M 0 0
2.4879,rust,0,MM0 +
2.4879,rust,0,MM1 +
2.4879,rust,0,"#115,YAW,2.54,GYRO,-9,45,-11,ACC,5,2,253,ADC,1289,402,5,2,"
2.4880,rust,0,MM0 ?CR
2.4880,rust,0,MM1 ?CR
2.4880,rust,0,MM0 CR=0:0
2.4880,rust,0,MM1 CR=0:0
2.4880,rust,0,"#116,YAW,2.54,GYRO,-8,47,-9,ACC,5,2,256,ADC,1249,497,3,1,"
2.4880,rust,0,MM0 ?A
2.4880,rust,0,MM1 ?A
2.5080,rust,0,MM0 A=0:0
2.5080,rust,0,MM1 A=0:0
2.5080,rust,0,"#117,YAW,2.54,GYRO,-7,44,-9,ACC,6,-1,257,ADC,1238,389,6,2,"
2.5080,rust,0,MM0 ?AI
2.5080,rust,0,MM1 ?AI
2.5293,rust,0,MM0 AI=0:0:2402:2411:0:0
2.5293,rust,0,MM1 AI=0:0:2301:2312:0:0
2.5293,rust,0,"#118,YAW,2.54,GYRO,-7,46,-9,ACC,0,2,254,ADC,1264,382,5,2,"
2.5293,rust,0,MM0 ?C
2.5294,rust,0,MM1 ?C
2.5294,rust,0,MM0 C=-255:302
2.5500,rust,0,MM1 C=1373:-1403
2.5500,rust,0,"#119,YAW,2.54,GYRO,-9,45,-9,ACC,-1,1,254,ADC,1220,382,5,2,"
2.5500,rust,0,MM0 ?D
2.5500,rust,0,MM1 ?D
2.5500,rust,0,MM0 D=34
2.5500,rust,0,MM1 D=17
2.5848,rust,0,"$GPRMC,092555.2,A,5050.50310,N,00419.38435,E,000.19,139.0,021026,000.4,E*56"
2.5848,rust,0,MM0 !M 0 0
2.5848,rust,0,MM0 +
2.5849,rust,0,MM1 !M 0 0
2.5849,rust,0,MM1 +
2.5849,rust,0,"#120,YAW,2.54,GYRO,-8,47,-9,ACC,4,1,256,ADC,1273,396,4,2,"
2.5849,rust,0,MM0 ?FF
2.5849,rust,0,MM1 ?FF
2.5849,rust,0,MM0 FF=16
2.5849,rust,0,MM1 FF=16
2.6050,rust,0,"#121,YAW,2.54,GYRO,-9,46,-8,ACC,4,3,257,ADC,1230,382,6,1,"
2.6050,rust,0,MM0 ?P
2.6050,rust,0,MM1 ?P
2.6050,rust,0,MM0 P=0:0
2.6050,rust,0,MM1 P=0:0
2.6260,rust,0,"#122,YAW,2.54,GYRO,-7,45,-8,ACC,0,3,258,ADC,1283,393,4,2,"
2.6260,rust,0,MM0 ?S
2.6260,rust,0,MM1 ?S
2.6260,rust,0,MM0 S=0:0
2.6260,rust,0,MM1 S=0:0
2.6260,rust,0,"#123,YAW,2.54,GYRO,-8,45,-9,ACC,2,1,251,ADC,1237,386,8,2,"
2.6613,rust,0,MM0 ?T
2.6614,rust,0,MM1 ?T
2.6614,rust,0,MM0 T=35:34
2.6614,rust,0,MM1 T=36:33
2.6614,rust,0,"#124,YAW,2.54,GYRO,-7,46,-9,ACC,2,3,257,ADC,1249,499,6,2,"
2.6614,rust,0,MM0 ?V
2.6614,rust,0,MM1 ?V
2.6686,rust,0,MM0 V=120:223:4904
2.6687,rust,0,MM1 V=120:223:4899
2.6687,rust,0,"#125,YAW,2.54,GYRO,-7,46,-9,ACC,3,1,255,ADC,1263,386,6,1,"
2.6687,rust,0,MM1 ?CR
2.6687,rust,0,MM0 ?CR
2.6891,rust,0,MM1 CR=0:0
2.6891,rust,0,MM0 CR=0:0
2.6891,rust,0,MM1 !M 0 0
2.6891,rust,0,MM0 !M 0 0
2.6891,rust,0,MM1 +
2.6891,rust,0,MM0 +
2.6891,rust,0,"#126,YAW,2.54,GYRO,-7,46,-8,ACC,2,1,253,ADC,1284,501,5,3,"
2.6891,rust,0,MM0 ?A
2.6891,rust,0,MM1 ?A
2.6891,rust,0,MM0 A=0:0
2.6891,rust,0,MM1 A=0:0
2.7119,rust,0,"#127,YAW,2.54,GYRO,-9,45,-9,ACC,1,3,257,ADC,1246,500,6,1,"
2.7119,rust,0,MM0 ?AI
2.7119,rust,0,MM1 ?AI
2.7119,rust,0,MM0 AI=0:0:2421:2401:0:0
2.7328,rust,0,MM1 AI=0:0:2300:2288:0:0
2.7329,rust,0,"#128,YAW,2.54,GYRO,-9,45,-10,ACC,2,2,256,ADC,1238,398,5,2,"
2.7329,rust,0,MM0 ?C
2.7329,rust,0,MM1 ?C
2.7329,rust,0,MM0 C=-255:302
2.7329,rust,0,MM1 C=1373:-1403
2.7742,rust,0,"#129,YAW,2.54,GYRO,-8,46,-9,ACC,0,-1,255,ADC,1269,501,7,1,"
2.7742,rust,0,MM0 ?D
2.7742,rust,0,MM1 ?D
2.7742,rust,0,MM0 D=34
2.7742,rust,0,MM1 D=17
2.7742,rust,0,"$GPRMC,092555.4,A,5050.50311,N,00419.38433,E,000.21,139.0,021026,000.4,E*5C"
2.7742,rust,0,"#130,YAW,2.54,GYRO,-6,47,-11,ACC,4,2,253,ADC,1286,500,4,1,"
2.7742,rust,0,MM1 ?FF
2.7742,rust,0,MM0 ?FF
2.7742,rust,0,MM1 FF=16
2.7742,rust,0,MM0 FF=16
2.7742,rust,0,MM0 !M 0 0
2.7742,rust,0,MM1 !M 0 0
2.7742,rust,0,MM0 +
2.7928,rust,0,MM1 +
2.7928,rust,0,"#131,YAW,2.54,GYRO,-9,44,-8,ACC,2,2,256,ADC,1279,388,5,2,"
2.7928,rust,0,MM1 ?P
2.7928,rust,0,MM0 ?P
2.7928,rust,0,MM1 P=0:0
2.7928,rust,0,MM0 P=0:0
2.8191,rust,0,"#132,YAW,2.54,GYRO,-7,46,-9,ACC,6,8,263,ADC,1292,500,5,2,"
2.8192,rust,0,MM1 ?S
2.8192,rust,0,MM0 ?S
2.8192,rust,0,MM1 S=0:0
2.8192,rust,0,MM0 S=0:0
2.8348,rust,0,"#133,YAW,2.54,GYRO,-8,46,-7,ACC,0,4,255,ADC,1261,389,6,2,"
2.8348,rust,0,MM0 ?T
2.8348,rust,0,MM1 ?T
2.8348,rust,0,MM0 T=35:34
2.8348,rust,0,MM1 T=36:33
2.8914,rust,0,"#134,YAW,2.54,GYRO,-8,44,-10,ACC,4,2,257,ADC,1302,490,5,2,"
2.8914,rust,0,MM0 ?V
2.8914,rust,0,MM1 ?V
2.8915,rust,0,MM0 V=120:223:4904
2.8915,rust,0,MM1 V=120:223:4899
2.8915,rust,0,MM0 !M 0 0
2.8915,rust,0,MM1 !M 0 0
2.8915,rust,0,MM0 +
2.8915,rust,0,MM1 +
2.8915,rust,0,"#135,YAW,2.54,GYRO,-7,46,-10,ACC,-2,2,255,ADC,1285,500,5,1,"
2.8915,rust,0,MM0 ?CR
2.8915,rust,0,MM1 ?CR
2.8915,rust,0,MM1 CR=0:0
2.8915,rust,0,MM0 CR=0:0
2.9060,rust,0,"#136,YAW,2.54,GYRO,-7,44,-10,ACC,2,3,252,ADC,1268,392,4,1,"
2.9060,rust,0,MM0 ?A
2.9060,rust,0,MM1 ?A
2.9060,rust,0,MM0 A=0:0
2.9060,rust,0,MM1 A=0:0
2.9060,rust,0,"#137,YAW,2.54,GYRO,-6,47,-9,ACC,2,2,255,ADC,1256,380,7,1,"
2.9274,rust,0,MM0 ?AI
2.9274,rust,0,MM1 ?AI
2.9274,rust,0,MM1 AI=0:0:2333:2317:0:0
2.9274,rust,0,MM0 AI=0:0:2384:2406:0:0
2.9274,rust,0,"#138,YAW,2.54,GYRO,-8,45,-11,ACC,2,1,257,ADC,1238,382,5,2,"
2.9274,rust,0,MM1 ?C
2.9274,rust,0,MM0 ?C
2.9492,rust,0,MM0 C=-255:302
2.9493,rust,0,MM1 C=1373:-1403
2.9493,rust,0,"#139,YAW,2.54,GYRO,-8,46,-10,ACC,5,1,254,ADC,1212,380,5,1,"
2.9493,rust,0,MM0 ?D
2.9493,rust,0,MM1 ?D
2.9493,rust,0,MM0 D=34
2.9830,rust,0,MM1 D=17
2.9830,rust,0,"$GPRMC,092555.6,A,5050.50312,N,00419.38432,E,000.23,139.0,021026,000.4,E*5E"
2.9830,rust,0,MM0 !M 0 0
2.9830,rust,0,MM1 !M 0 0
2.9831,rust,0,MM0 +
2.9831,rust,0,MM1 +
2.9831,rust,0,"#140,YAW,2.54,GYRO,-8,44,-8,ACC,3,2,252,ADC,1275,382,5,2,"
2.9831,rust,0,MM1 ?FF
2.9831,rust,0,MM0 ?FF
2.9831,rust,0,MM1 FF=16
2.9831,rust,0,MM0 FF=16
3.0183,rust,0,"#141,YAW,2.54,GYRO,-8,44,-10,ACC,6,1,259,ADC,1247,500,4,2,"
3.0184,rust,0,MM1 ?P
3.0184,rust,0,MM0 ?P
3.0184,rust,0,MM1 P=0:0
3.0184,rust,0,MM0 P=0:0
3.0258,rust,0,"#142,YAW,2.54,GYRO,-9,45,-8,ACC,3,2,253,ADC,1261,500,6,2,"
3.0258,rust,0,MM1 ?S
3.0258,rust,0,MM0 ?S
3.0258,rust,0,MM1 S=0:0
3.0258,rust,0,MM0 S=0:0
3.0472,rust,0,"#143,YAW,2.54,GYRO,-7,47,-11,ACC,4,3,257,ADC,1290,503,5,2,"
3.0472,rust,0,MM1 ?T
3.0472,rust,0,MM0 ?T
3.0472,rust,0,MM1 T=36:33
3.0472,rust,0,MM0 T=35:34
3.0472,rust,0,"#144,YAW,2.54,GYRO,-8,47,-10,ACC,5,2,250,ADC,1243,500,4,2,"
3.0819,rust,0,MM0 ?V
3.0820,rust,0,MM1 ?V
3.0820,rust,0,MM0 V=120:223:4904
3.0820,rust,0,MM1 V=120:223:4900
3.0820,rust,0,MM0 !M 0 0
3.0820,rust,0,MM1 !M 0 0
3.0820,rust,0,MM0 +
3.0820,rust,0,MM1 +
3.0820,rust,0,"#145,YAW,2.54,GYRO,-8,46,-10,ACC,2,3,260,ADC,1230,500,5,1,"
3.0820,rust,0,MM0 ?CR
3.0820,rust,0,MM1 ?CR
3.0820,rust,0,MM0 CR=0:0
3.0820,rust,0,MM1 CR=0:0
3.1020,rust,0,"#146,YAW,2.54,GYRO,-8,48,-11,ACC,3,2,255,ADC,1256,396,6,2,"
3.1020,rust,0,MM0 ?A
3.1020,rust,0,MM1 ?A
3.1020,rust,0,MM0 A=0:0
3.1020,rust,0,MM1 A=0:0
3.1229,rust,0,"#147,YAW,2.55,GYRO,-8,45,-9,ACC,1,3,255,ADC,1265,388,4,2,"
3.1230,rust,0,MM0 ?AI
3.1230,rust,0,MM1 ?AI
3.1230,rust,0,MM0 AI=0:0:2395:2398:0:0
3.1230,rust,0,MM1 AI=0:0:2334:2314:0:0
3.1506,rust,0,"#148,YAW,2.55,GYRO,-9,45,-10,ACC,5,4,258,ADC,1261,497,7,2,"
3.1507,rust,0,MM0 ?C
3.1507,rust,0,MM1 ?C
3.1507,rust,0,MM0 C=-255:302
3.1507,rust,0,MM1 C=1373:-1403
3.1651,rust,0,"#149,YAW,2.55,GYRO,-9,46,-9,ACC,5,0,258,ADC,1264,501,7,2,"
3.1651,rust,0,MM1 ?D
3.1651,rust,0,MM0 ?D
3.1651,rust,0,MM1 D=17
3.1651,rust,0,MM0 D=34
3.1651,rust,0,"$GPRMC,092555.8,A,5050.50313,N,00419.38430,E,000.25,139.0,021026,000.4,E*55"
3.1651,rust,0,MM0 !M 0 0
3.1651,rust,0,MM1 !M 0 0
3.1651,rust,0,MM1 +
3.1651,rust,0,MM0 +
3.1864,rust,0,"#150,YAW,2.55,GYRO,-7,46,-9,ACC,2,2,255,ADC,1248,490,7,1,"
3.1864,rust,0,MM1 ?FF
3.1864,rust,0,MM0 ?FF
3.1864,rust,0,MM0 FF=16
3.1864,rust,0,MM1 FF=16
3.1864,rust,0,"#151,YAW,2.55,GYRO,-8,45,-8,ACC,6,4,255,ADC,1269,495,6,2,"
3.2070,rust,0,MM1 ?P
3.2070,rust,0,MM0 ?P
3.2070,rust,0,MM1 P=0:0
3.2070,rust,0,MM0 P=0:0
3.2070,rust,0,"#152,YAW,2.55,GYRO,-7,46,-9,ACC,4,1,258,ADC,1265,381,4,1,"
3.2070,rust,0,MM1 ?S
3.2070,rust,0,MM0 ?S
3.2294,rust,0,MM1 S=0:0
3.2294,rust,0,MM0 S=0:0
3.2294,rust,0,"#153,YAW,2.55,GYRO,-7,45,-8,ACC,3,4,257,ADC,1244,502,5,1,"
3.2294,rust,0,MM1 ?T
3.2294,rust,0,MM0 ?T
3.2294,rust,0,MM1 T=36:33
3.2518,rust,0,MM0 T=35:34
3.2519,rust,0,"#154,YAW,2.55,GYRO,-9,46,-9,ACC,1,2,251,ADC,1227,385,5,2,"
3.2519,rust,0,MM1 ?V
3.2519,rust,0,MM0 ?V
3.2519,rust,0,MM1 V=120:223:4900
3.2911,rust,0,MM0 V=120:223:4903
3.2911,rust,0,MM0 !M 0 0
3.2911,rust,0,MM1 !M 0 0
3.2911,rust,0,MM0 +
3.2911,rust,0,MM1 +
3.2911,rust,0,"#155,YAW,2.55,GYRO,-8,46,-8,ACC,3,2,254,ADC,1279,360,4,2,"
3.2911,rust,0,MM1 ?CR
3.2911,rust,0,MM0 ?CR
3.2911,rust,0,MM1 CR=0:0
3.2911,rust,0,MM0 CR=0:0
3.2911,rust,0,"#156,YAW,2.55,GYRO,-7,46,-8,ACC,3,4,258,ADC,1266,501,6,1,"
3.3067,rust,0,MM1 ?A
3.3067,rust,0,MM0 ?A
3.3067,rust,0,MM1 A=0:0
3.3067,rust,0,MM0 A=0:0
3.3067,rust,0,"#157,YAW,2.55,GYRO,-9,46,-9,ACC,-1,1,256,ADC,1214,382,7,2,"
3.3067,rust,0,MM1 ?AI
3.3279,rust,0,MM0 ?AI
3.3279,rust,0,MM1 AI=0:0:2307:2323:0:0
3.3279,rust,0,MM0 AI=0:0:2385:2417:0:0
3.3279,rust,0,"#158,YAW,2.55,GYRO,-8,45,-9,ACC,3,1,257,ADC,1261,500,6,2,"
3.3279,rust,0,MM1 ?C
3.3279,rust,0,MM0 ?C
3.3520,rust,0,MM0 C=-255:302
3.3520,rust,0,MM1 C=1373:-1403
3.3521,rust,0,"#159,YAW,2.55,GYRO,-7,45,-9,ACC,1,4,252,ADC,1244,390,4,3,"
3.3521,rust,0,MM1 ?D
3.3521,rust,0,MM0 ?D
3.3521,rust,0,MM1 D=17
3.3875,rust,0,MM0 D=34
3.3875,rust,0,"$GPRMC,092556.0,A,5050.50314,N,00419.38428,E,000.27,139.0,021026,000.4,E*52"
3.3875,rust,0,MM0 !M 0 0
3.3875,rust,0,MM1 !M 0 0
3.3875,rust,0,MM0 +
3.3875,rust,0,MM1 +
3.3875,rust,0,"#160,YAW,2.55,GYRO,-7,44,-9,ACC,1,2,259,ADC,1253,371,4,2,"
3.3875,rust,0,MM1 ?FF
3.3875,rust,0,MM0 ?FF
3.3875,rust,0,MM1 FF=16
3.3875,rust,0,MM0 FF=16
3.3875,rust,0,"#161,YAW,2.55,GYRO,-6,46,-8,ACC,1,2,256,ADC,1228,390,5,1,"
3.4072,rust,0,MM1 ?P
3.4073,rust,0,MM0 ?P
3.4073,rust,0,MM1 P=0:0
3.4073,rust,0,MM0 P=0:0
3.4073,rust,0,"#162,YAW,2.55,GYRO,-8,47,-9,ACC,1,4,259,ADC,1253,388,4,1,"
3.4073,rust,0,MM1 ?S
3.4073,rust,0,MM0 ?S
3.4277,rust,0,MM1 S=0:0
3.4277,rust,0,MM0 S=0:0
3.4277,rust,0,"#163,YAW,2.55,GYRO,-7,46,-11,ACC,5,4,259,ADC,1260,395,7,1,"
3.4277,rust,0,MM1 ?T
3.4277,rust,0,MM0 ?T
3.4490,rust,0,MM1 T=35:33
3.4490,rust,0,MM0 T=35:34
3.4490,rust,0,"#164,YAW,2.55,GYRO,-8,45,-10,ACC,2,2,252,ADC,1237,382,4,2,"
3.4490,rust,0,MM0 ?V
3.4490,rust,0,MM1 ?V
3.4490,rust,0,MM0 V=120:223:4903
3.4840,rust,0,MM1 V=120:223:4899
3.4840,rust,0,MM0 !M 0 0
3.4840,rust,0,MM1 !M 0 0
3.4840,rust,0,MM0 +
3.4840,rust,0,MM1 +
3.4840,rust,0,"#165,YAW,2.55,GYRO,-9,46,-9,ACC,3,2,259,ADC,1262,391,5,2,"
3.4840,rust,0,MM0 ?CR
3.4840,rust,0,MM1 ?CR
3.4840,rust,0,MM0 CR=0:0
3.4840,rust,0,MM1 CR=0:0
3.5055,rust,0,"#166,YAW,2.55,GYRO,-8,46,-10,ACC,5,0,259,ADC,1232,393,6,2,"
3.5056,rust,0,MM0 ?A
3.5056,rust,0,MM1 ?A
3.5056,rust,0,MM0 A=0:0
3.5056,rust,0,MM1 A=0:0
3.5264,rust,0,"#167,YAW,2.55,GYRO,-8,47,-9,ACC,-1,1,256,ADC,1258,498,4,2,"
3.5264,rust,0,MM0 ?AI
3.5264,rust,0,MM1 ?AI
3.5264,rust,0,MM0 AI=0:0:2400:2420:0:0
3.5265,rust,0,MM1 AI=0:0:2316:2318:0:0
3.5464,rust,0,"#168,YAW,2.55,GYRO,-7,46,-9,ACC,3,2,260,ADC,1245,500,5,1,"
3.5464,rust,0,MM0 ?C
3.5464,rust,0,MM1 ?C
3.5464,rust,0,MM0 C=-255:302
3.5464,rust,0,MM1 C=1373:-1403
3.5464,rust,0,"#169,YAW,2.55,GYRO,-8,45,-8,ACC,3,4,258,ADC,1196,381,7,2,"
3.5798,rust,0,MM0 ?D
3.5798,rust,0,MM1 ?D
3.5798,rust,0,MM1 D=17
3.5798,rust,0,MM0 D=34
3.5798,rust,0,"$GPRMC,092556.2,A,5050.50315,N,00419.38426,E,000.28,139.0,021026,000.4,E*50"
3.5798,rust,0,MM1 !M 0 0
3.5798,rust,0,MM0 !M 0 0
3.5798,rust,0,MM1 +
3.5798,rust,0,MM0 +
3.5798,rust,0,"#170,YAW,2.55,GYRO,-8,46,-9,ACC,5,1,258,ADC,1244,387,6,2,"
3.5798,rust,0,MM0 ?FF
3.5798,rust,0,MM1 ?FF
3.5798,rust,0,MM0 FF=16
3.5798,rust,0,MM1 FF=16
3.6021,rust,0,"#171,YAW,2.55,GYRO,-8,46,-10,ACC,1,2,256,ADC,1282,501,4,2,"
3.6021,rust,0,MM1 ?P
3.6021,rust,0,MM0 ?P
3.6021,rust,0,MM0 P=0:0
3.6021,rust,0,MM1 P=0:0
3.6220,rust,0,"#172,YAW,2.55,GYRO,-9,47,-9,ACC,4,4,259,ADC,1222,390,7,2,"
3.6220,rust,0,MM0 ?S
3.6220,rust,0,MM1 ?S
3.6220,rust,0,MM0 S=0:0
3.6220,rust,0,MM1 S=0:0
3.6438,rust,0,"#173,YAW,2.55,GYRO,-7,48,-8,ACC,4,2,255,ADC,1230,385,7,2,"
3.6438,rust,0,MM0 ?T
3.6438,rust,0,MM1 ?T
3.6438,rust,0,MM0 T=35:34
3.6438,rust,0,MM1 T=36:33
3.6774,rust,0,"#174,YAW,2.55,GYRO,-8,46,-10,ACC,1,2,254,ADC,1238,381,4,2,"
3.6774,rust,0,MM0 ?V
3.6774,rust,0,MM1 ?V
3.6774,rust,0,MM0 V=120:224:4904
3.6774,rust,0,MM1 V=120:223:4899
3.6774,rust,0,"#175,YAW,2.55,GYRO,-8,48,-9,ACC,5,2,255,ADC,1285,500,5,2,"
3.6774,rust,0,MM0 ?CR
3.6774,rust,0,MM1 ?CR
3.6774,rust,0,MM0 CR=0:0
3.6774,rust,0,MM1 CR=0:0
3.6774,rust,0,MM1 !M 0 0
3.6774,rust,0,MM0 !M 0 0
3.6774,rust,0,MM1 +
3.6774,rust,0,MM0 +
3.6969,rust,0,"#176,YAW,2.55,GYRO,-9,46,-9,ACC,5,2,258,ADC,1266,384,4,2,"
3.6969,rust,0,MM0 ?A
3.6969,rust,0,MM1 ?A
3.6969,rust,0,MM0 A=0:0
3.6969,rust,0,MM1 A=0:0
3.7192,rust,0,"#177,YAW,2.55,GYRO,-8,46,-10,ACC,2,2,258,ADC,1265,390,5,2,"
3.7192,rust,0,MM0 ?AI
3.7192,rust,0,MM1 ?AI
3.7193,rust,0,MM0 AI=0:0:2400:2402:0:0
3.7193,rust,0,MM1 AI=0:0:2304:2301:0:0
3.7430,rust,0,"#178,YAW,2.55,GYRO,-8,46,-10,ACC,1,2,254,ADC,1245,498,5,2,"
3.7430,rust,0,MM0 ?C
3.7430,rust,0,MM1 ?C
3.7430,rust,0,MM0 C=-255:302
3.7430,rust,0,MM1 C=1373:-1403
3.7812,rust,0,"#179,YAW,2.55,GYRO,-9,46,-10,ACC,2,2,254,ADC,1223,382,4,2,"
3.7812,rust,0,MM1 ?D
3.7812,rust,0,MM0 ?D
3.7812,rust,0,MM1 D=17
3.7812,rust,0,MM0 D=34
3.7812,rust,0,"$GPRMC,092556.4,A,5050.50317,N,00419.38424,E,000.29,139.0,021026,000.4,E*57"
3.7813,rust,0,MM1 !M 0 0
3.7813,rust,0,MM0 !M 0 0
3.7813,rust,0,MM1 +
3.7813,rust,0,MM0 +
3.7813,rust,0,"#180,YAW,2.55,GYRO,-7,45,-10,ACC,5,4,258,ADC,1206,380,4,1,"
3.7813,rust,0,MM0 ?FF
3.7813,rust,0,MM1 ?FF
3.7813,rust,0,MM0 FF=16
3.7813,rust,0,MM1 FF=16
3.8077,rust,0,"#181,YAW,2.55,GYRO,-8,45,-9,ACC,1,1,254,ADC,1211,400,4,2,"
3.8077,rust,0,MM0 ?P
3.8078,rust,0,MM1 ?P
3.8078,rust,0,MM0 P=0:0
3.8078,rust,0,MM1 P=0:0
3.8187,rust,0,"#182,YAW,2.55,GYRO,-7,44,-9,ACC,4,1,254,ADC,1212,386,5,2,"
3.8187,rust,0,MM0 ?S
3.8187,rust,0,MM1 ?S
3.8187,rust,0,MM0 S=0:0
3.8187,rust,0,MM1 S=0:0
3.8398,rust,0,"#183,YAW,2.55,GYRO,-8,46,-9,ACC,-1,3,256,ADC,1296,502,4,1,"
3.8398,rust,0,MM1 ?T
3.8398,rust,0,MM0 ?T
3.8398,rust,0,MM0 T=35:34
3.8398,rust,0,MM1 T=35:33
3.8932,rust,0,"#184,YAW,2.55,GYRO,-8,46,-9,ACC,3,2,254,ADC,1240,501,8,2,"
3.8932,rust,0,MM0 ?V
3.8932,rust,0,MM1 ?V
3.8932,rust,0,MM0 V=120:225:4903
3.8932,rust,0,MM1 V=120:223:4899
3.8932,rust,0,"#185,YAW,2.55,GYRO,-8,45,-9,ACC,1,1,257,ADC,1290,393,5,2,"
3.8932,rust,0,MM0 ?CR
3.8932,rust,0,MM1 ?CR
3.8932,rust,0,MM0 CR=0:0
3.8932,rust,0,MM1 CR=0:0
3.8932,rust,0,MM0 !M 0 0
3.8932,rust,0,MM1 !M 0 0
3.8932,rust,0,MM0 +
3.8932,rust,0,MM1 +
3.8932,rust,0,"#186,YAW,2.55,GYRO,-8,44,-10,ACC,-1,1,247,ADC,1251,393,5,2,"
3.8932,rust,0,MM0 ?A
3.8932,rust,0,MM1 ?A
3.8932,rust,0,MM0 A=0:0
3.8932,rust,0,MM1 A=0:0
3.9154,rust,0,"#187,YAW,2.55,GYRO,-9,47,-9,ACC,2,2,257,ADC,1247,500,4,2,"
3.9155,rust,0,MM0 ?AI
3.9155,rust,0,MM1 ?AI
3.9155,rust,0,MM0 AI=0:0:2388:2424:0:0
3.9155,rust,0,MM1 AI=0:0:2295:2301:0:0
3.9336,rust,0,"#188,YAW,2.55,GYRO,-7,46,-9,ACC,3,0,253,ADC,1256,389,5,2,"
3.9336,rust,0,MM0 ?C
3.9336,rust,0,MM1 ?C
3.9336,rust,0,MM0 C=-255:302
3.9336,rust,0,MM1 C=1373:-1403
3.9593,rust,0,"#189,YAW,2.55,GYRO,-8,47,-9,ACC,3,1,256,ADC,1280,500,4,2,"
3.9593,rust,0,MM0 ?D
3.9593,rust,0,MM1 ?D
3.9594,rust,0,MM0 D=34
3.9594,rust,0,MM1 D=17
3.9748,rust,0,"$GPRMC,092556.6,A,5050.50318,N,00419.38422,E,000.28,139.0,021026,000.4,E*5D"
3.9748,rust,0,"#190,YAW,2.55,GYRO,-8,46,-9,ACC,2,2,257,ADC,1225,385,5,2,"
3.9748,rust,0,MM0 ?FF
3.9748,rust,0,MM1 ?FF
3.9748,rust,0,MM0 FF=16
3.9748,rust,0,MM1 FF=16
3.9748,rust,0,MM1 !M 0 0
3.9748,rust,0,MM0 !M 0 0
3.9748,rust,0,MM1 +
3.9748,rust,0,MM0 +
3.9964,rust,0,"#191,YAW,2.55,GYRO,-8,46,-9,ACC,-1,2,254,ADC,1277,385,5,2,"
3.9964,rust,0,MM0 ?P
3.9964,rust,0,MM1 ?P
3.9964,rust,0,MM0 P=0:0
3.9964,rust,0,MM1 P=0:0
4.0167,rust,0,"#192,YAW,2.55,GYRO,-8,45,-8,ACC,2,1,257,ADC,1226,384,4,2,"
4.0167,rust,0,MM0 ?S
4.0167,rust,0,MM1 ?S
4.0167,rust,0,MM1 S=0:0
4.0167,rust,0,MM0 S=0:0
4.0380,rust,0,"#193,YAW,2.55,GYRO,-8,44,-10,ACC,5,2,258,ADC,1231,379,6,2,"
4.0380,rust,0,MM0 ?T
4.0380,rust,0,MM1 ?T
4.0380,rust,0,MM0 T=35:34
4.0380,rust,0,MM1 T=36:33
4.0606,vrijgeven,0,"#194,YAW,2.55,GYRO,-8,45,-10,ACC,2,1,255,ADC,1245,383,7,2,"
4.0606,vrijgeven,0,MM0 ?V
4.0606,vrijgeven,0,MM1 ?V
4.0606,vrijgeven,0,MM0 V=120:223:4904
4.0606,vrijgeven,0,MM1 V=120:222:4899
4.0606,vrijgeven,0,MM1 !MG
4.0606,vrijgeven,0,MM0 !MG
4.0606,vrijgeven,0,MM1 +
4.0606,vrijgeven,0,MM0 +
4.0980,vrijgeven,0,"#195,YAW,2.56,GYRO,-8,45,-9,ACC,2,1,255,ADC,1226,393,4,2,"
4.0981,vrijgeven,0,MM0 ?CR
4.0981,vrijgeven,0,MM1 ?CR
4.0981,vrijgeven,0,MM0 CR=0:0
4.0981,vrijgeven,0,MM1 CR=0:0
4.0981,vrijgeven,0,"#196,YAW,2.56,GYRO,-7,45,-10,ACC,4,2,255,ADC,1237,383,5,2,"
4.0981,vrijgeven,0,MM0 ?A
4.0981,vrijgeven,0,MM1 ?A
4.0981,vrijgeven,0,MM0 A=0:0
4.0981,vrijgeven,0,MM1 A=0:0
4.1154,vrijgeven,0,"#197,YAW,2.56,GYRO,-7,46,-9,ACC,2,2,260,ADC,1261,404,5,2,"
4.1155,vrijgeven,0,MM0 ?AI
4.1155,vrijgeven,0,MM1 ?AI
4.1155,vrijgeven,0,MM0 AI=0:0:2401:2395:0:0
4.1155,vrijgeven,0,MM1 AI=0:0:2306:2305:0:0
4.1402,vrijgeven,0,"#198,YAW,2.56,GYRO,-9,47,-8,ACC,-1,3,253,ADC,1250,389,6,2,"
4.1402,vrijgeven,0,MM0 ?C
4.1402,vrijgeven,0,MM1 ?C
4.1402,vrijgeven,0,MM0 C=-255:302
4.1402,vrijgeven,0,MM1 C=1373:-1403
4.1598,vrijgeven,0,"#199,YAW,2.56,GYRO,-7,46,-11,ACC,2,4,255,ADC,1274,384,5,1,"
4.1598,vrijgeven,0,MM0 ?D
4.1598,vrijgeven,0,MM1 ?D
4.1598,vrijgeven,0,MM0 D=34
4.1598,vrijgeven,0,MM1 D=17
4.1598,vrijgeven,0,"$GPRMC,092556.8,A,5050.50319,N,00419.38420,E,000.26,139.0,021026,000.4,E*5E"
4.1598,vrijgeven,0,MM0 !M 0 0PING
4.1943,vrijgeven,0,MM1 !M 0 0PING
4.1943,vrijgeven,0,MM0 +
4.1943,vrijgeven,0,MM1 +
4.1943,vrijgeven,0,"#200,YAW,2.56,GYRO,-9,46,-10,ACC,4,3,255,ADC,1270,366,6,1,"
4.1943,vrijgeven,0,MM0 ?FF
4.1943,vrijgeven,0,MM1 ?FF
4.1943,vrijgeven,0,MM0 FF=0
4.1943,vrijgeven,0,MM1 FF=0
4.1943,vrijgeven,0,MM1 !M 0 0
4.1943,vrijgeven,0,MM0 !M 0 0
4.1943,vrijgeven,0,MM1 +
4.1944,vrijgeven,0,MM0 +
4.1944,vrijgeven,0,"#201,YAW,2.56,GYRO,-8,47,-9,ACC,1,1,255,ADC,1268,391,5,2,"
4.1944,vrijgeven,0,MM1 ?P
4.1944,vrijgeven,0,MM0 ?P
4.1944,vrijgeven,0,MM0 P=0:0
4.1944,vrijgeven,0,MM1 P=0:0
4.2175,vrijgeven,0,"#202,YAW,2.56,GYRO,-7,47,-10,ACC,2,1,255,ADC,1293,501,4,2,"
4.2175,vrijgeven,0,MM0 ?S
4.2175,vrijgeven,0,MM1 ?S
4.2175,vrijgeven,0,MM0 S=0:0
4.2175,vrijgeven,0,MM1 S=0:0
4.2361,vrijgeven,0,"#203,YAW,2.56,GYRO,-8,47,-9,ACC,2,1,254,ADC,1262,499,4,2,"
4.2361,vrijgeven,0,MM0 ?T
4.2361,vrijgeven,0,MM1 ?T
4.2361,vrijgeven,0,MM0 T=35:34
4.2361,vrijgeven,0,MM1 T=36:33
4.2593,vrijgeven,0,"#204,YAW,2.56,GYRO,-7,46,-10,ACC,0,4,258,ADC,1250,388,4,3,"
4.2593,vrijgeven,0,MM0 ?V
4.2593,vrijgeven,0,MM1 ?V
4.2593,vrijgeven,0,MM0 V=120:223:4903
4.2593,vrijgeven,0,MM1 V=120:223:4900
4.2933,vrijgeven,0,"#205,YAW,2.56,GYRO,-7,47,-10,ACC,1,3,256,ADC,1231,383,4,1,"
4.2933,vrijgeven,0,MM0 ?CR
4.2933,vrijgeven,0,MM1 ?CR
4.2933,vrijgeven,0,MM0 CR=0:0
4.2933,vrijgeven,0,MM1 CR=0:0
4.2933,vrijgeven,0,MM0 !M 0 0
4.2933,vrijgeven,0,MM1 !M 0 0
4.2933,vrijgeven,0,MM0 +
4.2933,vrijgeven,0,MM1 +
4.2933,vrijgeven,0,"#206,YAW,2.56,GYRO,-9,46,-9,ACC,3,2,258,ADC,1216,501,5,2,"
4.2933,vrijgeven,0,MM0 ?A
4.2933,vrijgeven,0,MM1 ?A
4.2933,vrijgeven,0,MM0 A=0:0
4.2934,vrijgeven,0,MM1 A=0:0
4.3138,vrijgeven,0,"#207,YAW,2.56,GYRO,-8,46,-9,ACC,5,3,256,ADC,1258,503,5,1,"
4.3139,vrijgeven,0,MM0 ?AI
4.3139,vrijgeven,0,MM1 ?AI
4.3139,vrijgeven,0,MM0 AI=0:0:2398:2407:0:0
4.3139,vrijgeven,0,MM1 AI=0:0:2325:2343:0:0
4.3348,vrijgeven,0,"#208,YAW,2.56,GYRO,-8,44,-9,ACC,-1,3,254,ADC,1260,404,4,2,"
4.3348,vrijgeven,0,MM0 ?C
4.3348,vrijgeven,0,MM1 ?C
4.3348,vrijgeven,0,MM0 C=-255:302
4.3348,vrijgeven,0,MM1 C=1373:-1403
4.3563,vrijgeven,0,"#209,YAW,2.56,GYRO,-7,46,-9,ACC,3,1,252,ADC,1240,500,6,2,"
4.3563,vrijgeven,0,MM0 ?D
4.3563,vrijgeven,0,MM1 ?D
4.3563,vrijgeven,0,MM0 D=34
4.3563,vrijgeven,0,MM1 D=17
4.3563,vrijgeven,0,"$GPRMC,092557.0,A,5050.50320,N,00419.38418,E,000.24,139.0,021026,000.4,E*54"
4.3902,vrijgeven,0,"#210,YAW,2.56,GYRO,-8,47,-9,ACC,4,2,255,ADC,1273,389,4,2,"
4.3903,vrijgeven,0,MM0 ?FF
4.3903,vrijgeven,0,MM1 ?FF
4.3903,vrijgeven,0,MM0 FF=0
4.3903,vrijgeven,0,MM1 FF=0
4.3903,vrijgeven,0,MM0 !M 0 0
4.3903,vrijgeven,0,MM1 !M 0 0
4.3903,vrijgeven,0,MM1 +
4.3903,vrijgeven,0,MM0 +
4.3903,vrijgeven,0,"#211,YAW,2.56,GYRO,-8,47,-8,ACC,4,4,257,ADC,1247,387,4,1,"
4.3903,vrijgeven,0,MM0 ?P
4.3903,vrijgeven,0,MM1 ?P
4.3903,vrijgeven,0,MM0 P=0:0
4.3903,vrijgeven,0,MM1 P=0:0
4.4146,vrijgeven,0,"#212,YAW,2.56,GYRO,-9,44,-10,ACC,1,3,257,ADC,1281,501,6,2,"
4.4146,vrijgeven,0,MM0 ?S
4.4146,vrijgeven,0,MM1 ?S
4.4146,vrijgeven,0,MM0 S=0:0
4.4146,vrijgeven,0,MM1 S=0:0
4.4326,vrijgeven,0,"#213,YAW,2.56,GYRO,-7,46,-8,ACC,-2,1,255,ADC,1254,396,4,2,"
4.4326,vrijgeven,0,MM0 ?T
4.4326,vrijgeven,0,MM1 ?T
4.4326,vrijgeven,0,MM0 T=35:34
4.4326,vrijgeven,0,MM1 T=36:33
4.4529,vrijgeven,0,"#214,YAW,2.56,GYRO,-8,47,-8,ACC,3,1,255,ADC,1239,494,6,2,"
4.4530,vrijgeven,0,MM0 ?V
4.4530,vrijgeven,0,MM1 ?V
4.4530,vrijgeven,0,MM0 V=120:223:4904
4.4530,vrijgeven,0,MM1 V=120:223:4900
4.4935,vrijgeven,0,"#215,YAW,2.56,GYRO,-7,45,-8,ACC,1,0,254,ADC,1241,399,5,2,"
4.4935,vrijgeven,0,MM0 ?CR
4.4935,vrijgeven,0,MM1 ?CR
4.4935,vrijgeven,0,MM0 CR=0:0
4.4935,vrijgeven,0,MM1 CR=0:0
4.4935,vrijgeven,0,MM1 !M 0 0
4.4935,vrijgeven,0,MM0 !M 0 0
4.4935,vrijgeven,0,MM1 +
4.4935,vrijgeven,0,MM0 +
4.4935,vrijgeven,0,"#216,YAW,2.56,GYRO,-8,48,-9,ACC,2,3,255,ADC,1237,389,5,2,"
4.4935,vrijgeven,0,MM0 ?A
4.4935,vrijgeven,0,MM1 ?A
4.4935,vrijgeven,0,MM0 A=0:0
4.4935,vrijgeven,0,MM1 A=0:0
4.5120,vrijgeven,0,"#217,YAW,2.56,GYRO,-9,46,-9,ACC,1,4,253,ADC,1277,500,4,1,"
4.5120,vrijgeven,0,MM0 ?AI
4.5120,vrijgeven,0,MM1 ?AI
4.5120,vrijgeven,0,MM0 AI=0:0:2407:2411:0:0
4.5120,vrijgeven,0,MM1 AI=0:0:2303:2314:0:0
4.5353,vrijgeven,0,"#218,YAW,2.56,GYRO,-8,45,-8,ACC,2,1,257,ADC,1269,500,5,2,"
4.5353,vrijgeven,0,MM0 ?C
4.5353,vrijgeven,0,MM1 ?C
4.5353,vrijgeven,0,MM0 C=-255:302
4.5353,vrijgeven,0,MM1 C=1373:-1403
4.5662,vrijgeven,0,"#219,YAW,2.56,GYRO,-9,46,-9,ACC,2,1,253,ADC,1247,395,6,2,"
4.5662,vrijgeven,0,MM0 ?D
4.5662,vrijgeven,0,MM1 ?D
4.5662,vrijgeven,0,MM0 D=34
4.5662,vrijgeven,0,MM1 D=17
4.5823,vrijgeven,0,"$GPRMC,092557.2,A,5050.50321,N,00419.38417,E,000.22,139.0,021026,000.4,E*5E"
4.5823,vrijgeven,0,"#220,YAW,2.56,GYRO,-8,45,-10,ACC,2,-1,252,ADC,1281,385,5,2,"
4.5823,vrijgeven,0,MM0 ?FF
4.5823,vrijgeven,0,MM1 ?FF
4.5823,vrijgeven,0,MM0 FF=0
4.5823,vrijgeven,0,MM1 FF=0
4.5823,vrijgeven,0,MM1 !M 0 0
4.5823,vrijgeven,0,MM0 !M 0 0
4.5823,vrijgeven,0,MM1 +
4.5823,vrijgeven,0,MM0 +
4.5973,vrijgeven,0,"#221,YAW,2.56,GYRO,-7,45,-8,ACC,5,1,257,ADC,1285,382,7,2,"
4.5973,vrijgeven,0,MM0 ?P
4.5973,vrijgeven,0,MM1 ?P
4.5973,vrijgeven,0,MM0 P=0:0
4.5973,vrijgeven,0,MM1 P=0:0
4.6231,vrijgeven,0,"#222,YAW,2.56,GYRO,-8,47,-10,ACC,1,2,250,ADC,1289,499,6,1,"
4.6233,vrijgeven,0,MM0 ?S
4.6233,vrijgeven,0,MM1 ?S
4.6233,vrijgeven,0,MM0 S=0:0
4.6233,vrijgeven,0,MM1 S=0:0
4.6396,vrijgeven,0,"#223,YAW,2.56,GYRO,-9,46,-10,ACC,3,2,259,ADC,1256,496,4,2,"
4.6396,vrijgeven,0,MM0 ?T
4.6396,vrijgeven,0,MM1 ?T
4.6396,vrijgeven,0,MM0 T=35:34
4.6396,vrijgeven,0,MM1 T=35:33
4.6611,vrijgeven,0,"#224,YAW,2.56,GYRO,-7,47,-10,ACC,3,2,256,ADC,1235,385,4,2,"
4.6611,vrijgeven,0,MM0 ?V
4.6611,vrijgeven,0,MM1 ?V
4.6611,vrijgeven,0,MM0 V=120:223:4904
4.6611,vrijgeven,0,MM1 V=120:223:4899
4.7016,vrijgeven,0,"#225,YAW,2.56,GYRO,-8,44,-9,ACC,2,2,256,ADC,1258,384,5,2,"
4.7016,vrijgeven,0,MM0 ?CR
4.7016,vrijgeven,0,MM1 ?CR
4.7016,vrijgeven,0,MM0 CR=0:0
4.7016,vrijgeven,0,MM1 CR=0:0
4.7016,vrijgeven,0,MM1 !M 0 0
4.7016,vrijgeven,0,MM0 !M 0 0
4.7016,vrijgeven,0,MM1 +
4.7016,vrijgeven,0,MM0 +
4.7016,vrijgeven,0,"#226,YAW,2.56,GYRO,-9,46,-8,ACC,3,0,251,ADC,1291,502,5,2,"
4.7016,vrijgeven,0,MM0 ?A
4.7016,vrijgeven,0,MM1 ?A
4.7016,vrijgeven,0,MM0 A=0:0
4.7016,vrijgeven,0,MM1 A=0:0
4.7210,vrijgeven,0,"#227,YAW,2.56,GYRO,-8,46,-9,ACC,2,3,255,ADC,1279,398,4,2,"
4.7210,vrijgeven,0,MM0 ?AI
4.7210,vrijgeven,0,MM1 ?AI
4.7210,vrijgeven,0,MM0 AI=0:0:2409:2411:0:0
4.7210,vrijgeven,0,MM1 AI=0:0:2310:2329:0:0
4.7370,vrijgeven,0,"#228,YAW,2.56,GYRO,-8,45,-8,ACC,1,2,257,ADC,1265,383,4,2,"
4.7371,vrijgeven,0,MM0 ?C
4.7371,vrijgeven,0,MM1 ?C
4.7371,vrijgeven,0,MM0 C=-255:302
4.7371,vrijgeven,0,MM1 C=1373:-1403
4.7584,vrijgeven,0,"#229,YAW,2.56,GYRO,-9,46,-9,ACC,0,1,253,ADC,1266,498,6,1,"
4.7584,vrijgeven,0,MM0 ?D
4.7584,vrijgeven,0,MM1 ?D
4.7584,vrijgeven,0,MM0 D=34
4.7585,vrijgeven,0,MM1 D=17
4.7585,vrijgeven,0,"$GPRMC,092557.4,A,5050.50321,N,00419.38415,E,000.22,139.0,021026,000.4,E*5A"
4.7931,vrijgeven,0,"#230,YAW,2.56,GYRO,-7,46,-10,ACC,4,2,257,ADC,1232,384,5,2,"
4.7931,vrijgeven,0,MM0 ?FF
4.7931,vrijgeven,0,MM1 ?FF
4.7931,vrijgeven,0,MM0 FF=0
4.7931,vrijgeven,0,MM1 FF=0
4.7931,vrijgeven,0,MM1 !M 0 0
4.7931,vrijgeven,0,MM0 !M 0 0
4.7931,vrijgeven,0,MM1 +
4.7931,vrijgeven,0,MM0 +
4.7931,vrijgeven,0,"#231,YAW,2.56,GYRO,-9,45,-11,ACC,2,2,258,ADC,1232,385,7,1,"
4.7931,vrijgeven,0,MM0 ?P
4.7932,vrijgeven,0,MM1 ?P
4.7932,vrijgeven,0,MM0 P=0:0
4.7932,vrijgeven,0,MM1 P=0:0
4.8147,vrijgeven,0,"#232,YAW,2.56,GYRO,-9,45,-9,ACC,-1,1,252,ADC,1237,381,5,2,"
4.8147,vrijgeven,0,MM0 ?S
4.8147,vrijgeven,0,MM1 ?S
4.8147,vrijgeven,0,MM0 S=0:0
4.8147,vrijgeven,0,MM1 S=0:0
4.8351,vrijgeven,0,"#233,YAW,2.56,GYRO,-9,47,-7,ACC,3,1,255,ADC,1253,497,4,2,"
4.8351,vrijgeven,0,MM0 ?T
4.8351,vrijgeven,0,MM1 ?T
4.8351,vrijgeven,0,MM0 T=35:34
4.8351,vrijgeven,0,MM1 T=35:33
4.8557,vrijgeven,0,"#234,YAW,2.56,GYRO,-8,47,-9,ACC,6,3,255,ADC,1224,387,5,2,"
4.8557,vrijgeven,0,MM0 ?V
4.8557,vrijgeven,0,MM1 ?V
4.8557,vrijgeven,0,MM0 V=120:223:4903
4.8557,vrijgeven,0,MM1 V=120:223:4899
4.8939,vrijgeven,0,"#235,YAW,2.56,GYRO,-7,47,-9,ACC,4,1,254,ADC,1249,490,5,2,"
4.8939,vrijgeven,0,MM0 ?CR
4.8939,vrijgeven,0,MM1 ?CR
4.8940,vrijgeven,0,MM0 CR=0:0
4.8940,vrijgeven,0,MM1 CR=0:0
4.8940,vrijgeven,0,MM1 !M 0 0
4.8940,vrijgeven,0,MM0 !M 0 0
4.8940,vrijgeven,0,MM1 +
4.8940,vrijgeven,0,MM0 +
4.8940,vrijgeven,0,"#236,YAW,2.56,GYRO,-7,46,-9,ACC,1,1,252,ADC,1283,385,5,2,"
4.8940,vrijgeven,0,MM0 ?A
4.8940,vrijgeven,0,MM1 ?A
4.8940,vrijgeven,0,MM0 A=0:0
4.8940,vrijgeven,0,MM1 A=0:0
4.9148,vrijgeven,0,"#237,YAW,2.56,GYRO,-7,46,-10,ACC,2,2,253,ADC,1259,390,5,2,"
4.9149,vrijgeven,0,MM0 ?AI
4.9149,vrijgeven,0,MM1 ?AI
4.9149,vrijgeven,0,MM0 AI=0:0:2388:2406:0:0
4.9149,vrijgeven,0,MM1 AI=0:0:2296:2348:0:0
4.9358,vrijgeven,0,"#238,YAW,2.56,GYRO,-9,45,-8,ACC,4,2,255,ADC,1242,394,4,1,"
4.9358,vrijgeven,0,MM0 ?C
4.9358,vrijgeven,0,MM1 ?C
4.9358,vrijgeven,0,MM0 C=-255:302
4.9358,vrijgeven,0,MM1 C=1373:-1403
4.9568,vrijgeven,0,"#239,YAW,2.56,GYRO,-8,45,-8,ACC,0,2,255,ADC,1276,498,6,1,"
4.9569,vrijgeven,0,MM0 ?D
4.9569,vrijgeven,0,MM1 ?D
4.9569,vrijgeven,0,MM0 D=34
4.9569,vrijgeven,0,MM1 D=17
4.9569,vrijgeven,0,"$GPRMC,092557.6,A,5050.50322,N,00419.38413,E,000.24,139.0,021026,000.4,E*5B"
4.9909,vrijgeven,0,"#240,YAW,2.56,GYRO,-7,46,-10,ACC,1,1,255,ADC,1251,383,5,2,"
4.9909,vrijgeven,0,MM0 ?FF
4.9909,vrijgeven,0,MM1 ?FF
4.9909,vrijgeven,0,MM1 FF=0
4.9909,vrijgeven,0,MM0 FF=0
4.9909,vrijgeven,0,MM1 !M 0 0
4.9909,vrijgeven,0,MM0 !M 0 0
4.9909,vrijgeven,0,MM1 +
4.9909,vrijgeven,0,MM0 +
4.9909,vrijgeven,0,"#241,YAW,2.56,GYRO,-8,47,-10,ACC,3,3,259,ADC,1229,383,4,2,"
4.9909,vrijgeven,0,MM0 ?P
4.9909,vrijgeven,0,MM1 ?P
4.9909,vrijgeven,0,MM0 P=0:0
4.9909,vrijgeven,0,MM1 P=0:0
5.0171,vrijgeven,0,"#242,YAW,2.56,GYRO,-8,44,-9,ACC,3,2,255,ADC,1271,398,7,2,"
5.0171,vrijgeven,0,MM1 ?S
5.0171,vrijgeven,0,MM0 ?S
5.0171,vrijgeven,0,MM0 S=0:0
5.0171,vrijgeven,0,MM1 S=0:0
5.0487,vrijgeven,0,"#243,YAW,2.56,GYRO,-7,46,-8,ACC,3,1,255,ADC,1258,392,6,1,"
5.0487,vrijgeven,0,MM0 ?T
5.0487,vrijgeven,0,MM1 ?T
5.0487,vrijgeven,0,MM0 T=35:34
5.0487,vrijgeven,0,MM1 T=36:33
5.0537,heen,0,"#244,YAW,2.57,GYRO,-8,47,-10,ACC,1,2,254,ADC,1242,385,5,1,"
5.0537,heen,0,MM0 ?V
5.0537,heen,0,MM1 ?V
5.0537,heen,0,MM0 V=120:223:4905
5.0537,heen,0,MM1 V=120:223:4900
5.1002,heen,0,MM0 !M 0 0
5.1002,heen,0,MM1 !M 0 0
5.1002,heen,0,MM0 +
5.1002,heen,0,MM1 +
5.1002,heen,0,"#245,YAW,2.57,GYRO,-8,47,-10,ACC,3,2,258,ADC,1259,351,5,2,"
5.1002,heen,0,MM1 ?CR
5.1002,heen,0,MM0 ?CR
5.1002,heen,0,MM1 CR=0:0
5.1002,heen,0,MM0 CR=0:0
5.1002,heen,0,"#246,YAW,2.57,GYRO,-8,44,-9,ACC,3,0,252,ADC,1268,503,5,1,"
5.1002,heen,0,MM0 ?A
5.1002,heen,0,MM1 ?A
5.1002,heen,0,MM0 A=0:0
5.1146,heen,0,MM1 A=0:0
5.1146,heen,0,"#247,YAW,2.57,GYRO,-8,46,-9,ACC,-1,4,258,ADC,1255,391,6,1,"
5.1146,heen,0,MM1 ?AI
5.1146,heen,0,MM0 ?AI
5.1301,heen,0,MM1 AI=0:0:2297:2314:0:0
5.1301,heen,0,MM0 AI=0:0:2408:2401:0:0
5.1301,heen,0,"#248,YAW,2.57,GYRO,-8,47,-11,ACC,1,3,258,ADC,1245,388,5,2,"
5.1301,heen,0,MM0 ?C
5.1301,heen,0,MM1 ?C
5.1301,heen,0,MM0 C=-255:302
5.1301,heen,0,MM1 C=1373:-1403
5.1509,heen,70,"#249,YAW,2.57,GYRO,-8,46,-9,ACC,1,3,257,ADC,1187,383,6,3,"
5.1510,heen,70,MM1 ?D
5.1510,heen,70,MM0 ?D
5.1510,heen,70,MM1 D=17
5.1510,heen,70,MM0 D=34
5.1849,heen,70,"$GPRMC,092557.8,A,5050.50323,N,00419.38412,E,000.23,139.0,021026,000.4,E*52"
5.1850,heen,70,MM1 !M 70 -70
5.1850,heen,70,MM0 !M 70 -70
5.1850,heen,70,MM1 +
5.1850,heen,70,MM0 +
5.1850,heen,70,"#250,YAW,2.57,GYRO,-9,46,-10,ACC,3,3,251,ADC,1265,348,5,1,"
5.1850,heen,70,MM1 ?FF
5.1850,heen,70,MM0 ?FF
5.1850,heen,70,MM1 FF=0
5.1850,heen,70,MM0 FF=0
5.2061,heen,70,"#251,YAW,2.57,GYRO,-7,42,-8,ACC,47,-18,241,ADC,1248,388,4,2,"
5.2061,heen,70,MM1 ?P
5.2061,heen,70,MM0 ?P
5.2061,heen,70,MM1 P=70:-70
5.2061,heen,70,MM0 P=70:-70
5.2061,heen,70,"#252,YAW,2.57,GYRO,-14,-25,-3,ACC,32,12,235,ADC,1217,381,5,2,"
5.2270,heen,70,MM1 ?S
5.2270,heen,70,MM0 ?S
5.2270,heen,70,MM1 S=0:0
5.2270,heen,70,MM0 S=0:0
5.2270,heen,70,"#253,YAW,2.57,GYRO,13,82,-23,ACC,35,3,258,ADC,1211,383,5,2,"
5.2270,heen,70,MM1 ?T
5.2542,heen,140,MM0 ?T
5.2542,heen,140,MM1 T=35:33
5.2542,heen,140,MM0 T=35:34
5.2542,heen,140,"#254,YAW,2.57,GYRO,-14,51,-6,ACC,17,-2,267,ADC,1210,382,4,2,"
5.2542,heen,140,MM1 ?V
5.2542,heen,140,MM0 ?V
5.2793,heen,140,MM1 V=120:225:4898
5.2793,heen,140,MM0 V=120:223:4904
5.2794,heen,140,"#255,YAW,2.57,GYRO,-1,62,2,ACC,8,1,255,ADC,1280,393,5,2,"
5.2794,heen,140,MM0 ?CR
5.2794,heen,140,MM1 ?CR
5.2794,heen,140,MM1 CR=3:-2
5.2925,heen,140,MM0 CR=3:-3
5.2925,heen,140,MM1 !M 140 -140
5.2925,heen,140,MM0 !M 140 -140
5.2925,heen,140,MM1 +
5.2925,heen,140,MM0 +
5.2925,heen,140,"#0,YAW,2.57,GYRO,-10,7,-30,ACC,66,2,281,ADC,1225,400,4,2,"
5.2926,heen,140,MM1 ?A
5.2926,heen,140,MM0 ?A
5.2926,heen,140,MM0 A=15:-14
5.2926,heen,140,MM1 A=15:-9
5.3190,heen,140,"#1,YAW,2.57,GYRO,-15,26,-26,ACC,25,-2,244,ADC,1253,500,4,2,"
5.3190,heen,140,MM1 ?AI
5.3190,heen,140,MM0 ?AI
5.3190,heen,140,MM1 AI=0:0:2324:2319:0:0
5.3329,heen,140,MM0 AI=0:0:2382:2492:0:0
5.3329,heen,140,"#2,YAW,2.57,GYRO,-3,65,-39,ACC,48,1,247,ADC,1244,382,8,2,"
5.3329,heen,140,MM1 ?C
5.3329,heen,140,MM0 ?C
5.3329,heen,140,MM0 C=-249:296
5.3331,heen,140,MM1 C=1379:-1408
5.3558,heen,211,"#3,YAW,2.57,GYRO,-19,73,1,ACC,36,-1,261,ADC,1266,383,3,2,"
5.3558,heen,211,MM1 ?D
5.3558,heen,211,MM0 ?D
5.3558,heen,211,MM1 D=33
5.3559,heen,211,MM0 D=3
5.4046,heen,211,"$GPRMC,092558.0,A,5050.50324,N,00419.38410,E,000.24,139.0,021026,000.4,E*57"
5.4046,heen,211,"#4,YAW,2.57,GYRO,1,106,9,ACC,31,-6,256,ADC,1265,501,4,2,"
5.4046,heen,211,MM0 ?FF
5.4046,heen,211,MM0 FF=0
5.4046,heen,211,MM1 ?FF
5.4046,heen,211,MM1 FF=0
5.4046,heen,211,MM1 !M 211 -211
5.4046,heen,211,MM0 !M 211 -211
5.4046,heen,211,MM1 +
5.4046,heen,211,MM0 +
5.4046,heen,211,"#5,YAW,2.57,GYRO,9,28,5,ACC,78,3,281,ADC,1247,387,7,2,"
5.4046,heen,211,MM1 ?P
5.4046,heen,211,MM0 ?P
5.4046,heen,211,MM1 P=211:-211
5.4046,heen,211,MM0 P=211:-211
5.4107,heen,211,"#6,YAW,2.57,GYRO,-5,-1,19,ACC,49,-10,235,ADC,1243,387,5,2,"
5.4107,heen,211,MM1 ?S
5.4107,heen,211,MM0 ?S
5.4107,heen,211,MM1 S=75:-75
5.4107,heen,211,MM0 S=75:-75
5.4338,heen,211,"#7,YAW,2.57,GYRO,-19,25,18,ACC,70,0,275,ADC,1247,403,4,2,"
5.4339,heen,211,MM1 ?T
5.4339,heen,211,MM0 ?T
5.4339,heen,211,MM1 T=36:33
5.4339,heen,211,MM0 T=35:34
5.4528,heen,281,"#8,YAW,2.57,GYRO,2,68,13,ACC,35,-3,231,ADC,1235,501,5,1,"
5.4528,heen,281,MM1 ?V
5.4528,heen,281,MM0 ?V
5.4528,heen,281,MM1 V=120:222:4900
5.4528,heen,281,MM0 V=120:221:4903
5.4871,heen,281,MM0 !M 281 -281
5.4871,heen,281,MM1 !M 281 -281
5.4872,heen,281,MM0 +
5.4872,heen,281,MM1 +
5.4872,heen,281,"#9,YAW,2.57,GYRO,-26,43,-9,ACC,44,3,238,ADC,1270,351,6,2,"
5.4872,heen,281,MM1 ?CR
5.4872,heen,281,MM0 ?CR
5.4872,heen,281,MM1 CR=18:-18
5.4872,heen,281,MM0 CR=17:-18
5.4872,heen,281,"#10,YAW,2.57,GYRO,1,-11,-31,ACC,80,10,265,ADC,1276,385,3,1,"
5.4872,heen,281,MM1 ?A
5.5083,heen,281,MM0 ?A
5.5084,heen,281,MM1 A=32:-31
5.5084,heen,281,MM0 A=35:-34
5.5084,heen,281,"#11,YAW,2.57,GYRO,1,89,-68,ACC,49,7,271,ADC,1267,388,4,2,"
5.5084,heen,281,MM0 ?AI
5.5084,heen,281,MM1 ?AI
5.5408,heen,281,MM0 AI=0:0:2404:2430:0:0
5.5408,heen,281,MM1 AI=0:0:2327:2319:0:0
5.5408,heen,281,"#12,YAW,2.57,GYRO,-9,132,-73,ACC,93,1,239,ADC,1243,392,4,2,"
5.5408,heen,281,MM1 ?C
5.5408,heen,281,MM0 ?C
5.5408,heen,281,MM0 C=-223:270
5.5532,heen,350,MM1 C=1405:-1433
5.5532,heen,350,"#13,YAW,2.57,GYRO,-32,61,-36,ACC,42,5,303,ADC,1246,400,4,2,"
5.5532,heen,350,MM1 ?D
5.5532,heen,350,MM0 ?D
5.5532,heen,350,MM1 D=33
5.5532,heen,350,MM0 D=42
5.5906,heen,350,"$GPRMC,092558.2,A,5050.50325,N,00419.38408,E,000.24,139.0,021026,000.4,E*5D"
5.5906,heen,350,"#14,YAW,2.57,GYRO,-5,-55,28,ACC,43,-14,254,ADC,1201,408,6,2,"
5.5907,heen,350,MM0 !M 350 -350
5.5907,heen,350,MM0 +
5.5907,heen,350,MM1 !M 350 -350
5.5907,heen,350,MM1 +
5.5907,heen,350,MM0 ?FF
5.5907,heen,350,MM1 ?FF
5.5907,heen,350,MM0 FF=0
5.5907,heen,350,MM1 FF=0
5.5907,heen,350,"#15,YAW,2.57,GYRO,-46,-22,54,ACC,94,3,214,ADC,1283,499,5,2,"
5.5907,heen,350,MM0 ?P
5.5907,heen,350,MM1 ?P
5.6092,heen,350,MM0 P=350:-350
5.6092,heen,350,MM1 P=350:-350
5.6092,heen,350,"#16,YAW,2.57,GYRO,23,37,4,ACC,41,13,251,ADC,1269,504,6,2,"
5.6093,heen,350,MM0 ?S
5.6093,heen,350,MM1 ?S
5.6093,heen,350,MM0 S=225:-225
5.6380,heen,350,MM1 S=225:-150
5.6380,heen,350,"#17,YAW,2.57,GYRO,2,91,-64,ACC,75,15,244,ADC,1225,386,5,1,"
5.6380,heen,350,MM0 ?T
5.6380,heen,350,MM1 ?T
5.6380,heen,350,MM0 T=35:34
5.6380,heen,350,MM1 T=35:33
5.6647,heen,350,"#18,YAW,2.57,GYRO,-88,83,-59,ACC,25,17,325,ADC,1269,388,8,2,"
5.6647,heen,350,MM1 ?V
5.6647,heen,350,MM0 ?V
5.6647,heen,350,MM1 V=120:220:4898
5.6647,heen,350,MM0 V=120:220:4904
5.7010,heen,350,"#19,YAW,2.57,GYRO,104,-77,12,ACC,22,-32,209,ADC,1222,383,5,2,"
5.7010,heen,350,MM0 ?CR
5.7010,heen,350,MM1 ?CR
5.7010,heen,350,MM0 CR=49:-49
5.7010,heen,350,MM1 CR=48:-46
5.7010,heen,350,MM1 !M 350 -350
5.7010,heen,350,MM0 !M 350 -350
5.7010,heen,350,MM1 +
5.7010,heen,350,MM0 +
5.7010,heen,350,"#20,YAW,2.57,GYRO,-55,-14,19,ACC,15,5,307,ADC,1268,416,6,2,"
5.7010,heen,350,MM0 ?A
5.7010,heen,350,MM1 ?A
5.7010,heen,350,MM0 A=25:-19
5.7010,heen,350,MM1 A=22:-19
5.7219,heen,350,"#21,YAW,2.57,GYRO,-18,173,-15,ACC,53,26,223,ADC,1260,384,4,2,"
5.7219,heen,350,MM0 ?AI
5.7219,heen,350,MM1 ?AI
5.7219,heen,350,MM0 AI=0:0:2385:2397:0:0
5.7219,heen,350,MM1 AI=0:0:2316:2311:0:0
5.7515,heen,350,"#22,YAW,2.57,GYRO,-113,-7,-1,ACC,20,7,228,ADC,1277,391,4,2,"
5.7515,heen,350,MM0 ?C
5.7515,heen,350,MM1 ?C
5.7515,heen,350,MM0 C=-166:212
5.7515,heen,350,MM1 C=1462:-1489
5.7669,heen,350,"#23,YAW,2.57,GYRO,17,16,9,ACC,28,-25,207,ADC,1242,382,5,2,"
5.7669,heen,350,MM0 ?D
5.7669,heen,350,MM1 ?D
5.7669,heen,350,MM0 D=50
5.7669,heen,350,MM1 D=1
5.7669,heen,350,"$GPRMC,092558.4,A,5050.50326,N,00419.38406,E,000.24,139.0,021026,000.4,E*56"
5.8018,heen,350,"#24,YAW,2.57,GYRO,-2,170,-35,ACC,26,-27,311,ADC,1213,380,5,1,"
5.8019,heen,350,MM0 ?FF
5.8019,heen,350,MM1 ?FF
5.8019,heen,350,MM0 FF=0
5.8019,heen,350,MM1 FF=0
5.8019,heen,350,MM1 !M 350 -350
5.8019,heen,350,MM0 !M 350 -350
5.8019,heen,350,MM1 +
5.8019,heen,350,MM0 +
5.8019,heen,350,"#25,YAW,2.58,GYRO,48,252,-61,ACC,39,-10,218,ADC,1244,385,3,2,"
5.8019,heen,350,MM0 ?P
5.8019,heen,350,MM1 ?P
5.8019,heen,350,MM0 P=350:-350
5.8019,heen,350,MM1 P=350:-350
5.8219,heen,350,"#26,YAW,2.58,GYRO,71,-184,-10,ACC,-9,-19,206,ADC,1286,387,4,2,"
5.8219,heen,350,MM0 ?S
5.8220,heen,350,MM1 ?S
5.8220,heen,350,MM0 S=300:-300
5.8220,heen,350,MM1 S=300:-225
5.8429,heen,350,"#27,YAW,2.58,GYRO,-148,-47,-31,ACC,-14,13,400,ADC,1244,383,6,1,"
5.8429,heen,350,MM0 ?T
5.8429,heen,350,MM1 ?T
5.8429,heen,350,MM0 T=35:34
5.8429,heen,350,MM1 T=36:33
5.8645,heen,350,"#28,YAW,2.58,GYRO,-53,185,-86,ACC,36,19,176,ADC,1248,411,7,2,"
5.8646,heen,350,MM0 ?V
5.8646,heen,350,MM1 ?V
5.8646,heen,350,MM0 V=120:221:4903
5.8646,heen,350,MM1 V=120:222:4899
5.9037,heen,350,"#29,YAW,2.58,GYRO,238,63,-20,ACC,26,-38,193,ADC,1281,503,6,2,"
5.9037,heen,350,MM0 ?CR
5.9037,heen,350,MM1 ?CR
5.9037,heen,350,MM0 CR=72:-73
5.9037,heen,350,MM1 CR=72:-71
5.9037,heen,350,"#30,YAW,2.58,GYRO,-192,14,5,ACC,-10,-13,451,ADC,1241,502,4,2,"
5.9037,heen,350,MM0 ?A
5.9037,heen,350,MM1 ?A
5.9037,heen,350,MM0 A=8:-4
5.9037,heen,350,MM1 A=8:-7
5.9213,heen,350,"#31,YAW,2.58,GYRO,-78,-87,-9,ACC,5,33,233,ADC,1266,391,7,2,"
5.9214,heen,350,MM0 ?AI
5.9214,heen,350,MM1 ?AI
5.9214,heen,350,MM0 AI=0:0:2425:2394:0:0
5.9214,heen,350,MM1 AI=0:0:2290:2370:0:0
5.9467,heen,350,"#32,YAW,2.58,GYRO,111,59,47,ACC,18,-44,127,ADC,1300,392,5,2,"
5.9467,heen,350,MM0 ?C
5.9467,heen,350,MM1 ?C
5.9467,heen,350,MM0 C=-91:136
5.9467,heen,350,MM1 C=1538:-1563
5.9665,heen,350,"#33,YAW,2.58,GYRO,-189,85,5,ACC,-42,103,337,ADC,1270,500,4,2,"
5.9665,heen,350,MM0 ?D
5.9665,heen,350,MM1 ?D
5.9665,heen,350,MM0 D=18
5.9665,heen,350,MM1 D=19
5.9665,heen,350,"$GPRMC,092558.6,A,5050.50326,N,00419.38404,E,000.24,139.0,021026,000.4,E*56"
5.9665,heen,350,MM0 !M 350 -350
5.9665,heen,350,MM1 !M 350 -350
6.0093,heen,350,MM1 +
6.0093,heen,350,MM0 +
6.0093,heen,350,MM0 PING
6.0093,heen,350,MM1 PING
6.0094,heen,350,"#34,YAW,2.58,GYRO,36,66,1,ACC,37,-17,295,ADC,1267,404,4,2,"
6.0094,heen,350,MM0 ?FF
6.0094,heen,350,MM1 ?FF
6.0094,heen,350,MM0 FF=0
6.0094,heen,350,MM1 FF=0
6.0094,heen,350,"#35,YAW,2.58,GYRO,177,188,30,ACC,-14,-1,101,ADC,1252,384,5,2,"
6.0094,heen,350,MM0 ?P
6.0094,heen,350,MM1 ?P
6.0094,heen,350,MM0 P=350:-350
6.0094,heen,350,MM1 P=350:-350
6.0239,heen,350,"#36,YAW,2.58,GYRO,6,-252,-16,ACC,26,101,386,ADC,1243,389,7,2,"
6.0239,heen,350,MM0 ?S
6.0239,heen,350,MM1 ?S
6.0239,heen,350,MM0 S=300:-300
6.0240,heen,350,MM1 S=300:-300
6.0420,heen,350,"#37,YAW,2.58,GYRO,-246,266,-34,ACC,109,49,135,ADC,1223,502,6,2,"
6.0420,heen,350,MM0 ?T
6.0420,heen,350,MM1 ?T
6.0420,heen,350,MM0 T=35:34
6.0420,heen,350,MM1 T=35:33
6.0650,heen,350,"#38,YAW,2.58,GYRO,135,332,7,ACC,-61,24,92,ADC,1230,407,5,2,"
6.0650,heen,350,MM0 ?V
6.0650,heen,350,MM1 ?V
6.0650,heen,350,MM0 V=120:223:4904
6.0650,heen,350,MM1 V=120:222:4898
6.1192,heen,350,"#39,YAW,2.58,GYRO,78,-349,21,ACC,-26,97,282,ADC,1228,382,5,2,"
6.1192,heen,350,MM0 ?CR
6.1193,heen,350,MM1 ?CR
6.1193,heen,350,MM0 CR=79:-79
6.1193,heen,350,MM1 CR=80:-79
6.1194,heen,350,MM0 !M 350 -350
6.1194,heen,350,MM1 !M 350 -350
6.1194,heen,350,MM0 +
6.1194,heen,350,MM1 +
6.1194,heen,350,MM0 PING
6.1194,heen,350,MM1 PING
6.1194,heen,350,"#40,YAW,2.58,GYRO,-37,59,-27,ACC,-96,-45,888,ADC,1202,382,5,1,"
6.1194,heen,350,MM0 ?A
6.1194,heen,350,MM1 ?A
6.1194,heen,350,MM0 A=5:-7
6.1194,heen,350,MM1 A=8:-1
6.1209,heen,350,"#41,YAW,2.58,GYRO,125,233,-39,ACC,61,30,134,ADC,1238,387,4,2,"
6.1209,heen,350,MM0 ?AI
6.1209,heen,350,MM1 ?AI
6.1209,heen,350,MM0 AI=0:0:2421:2395:0:0
6.1209,heen,350,MM1 AI=0:0:2322:2319:0:0
6.1409,heen,350,"#42,YAW,2.58,GYRO,-185,15,-45,ACC,-40,8,186,ADC,1252,498,5,2,"
6.1409,heen,350,MM0 ?C
6.1409,heen,350,MM1 ?C
6.1409,heen,350,MM0 C=-10:56
6.1410,heen,350,MM1 C=1618:-1643
6.1625,heen,350,"#43,YAW,2.58,GYRO,-54,11,-47,ACC,-55,36,438,ADC,1240,394,7,2,"
6.1625,heen,350,MM0 ?D
6.1625,heen,350,MM1 ?D
6.1625,heen,350,MM0 D=16
6.1626,heen,350,MM1 D=18
6.1626,heen,350,"$GPRMC,092558.8,A,5050.50327,N,00419.38402,E,000.23,139.0,021026,000.4,E*58"
6.1902,heen,350,"#44,YAW,2.58,GYRO,124,71,-3,ACC,9,-59,215,ADC,1218,382,6,1,"
6.1902,heen,350,MM0 ?FF
6.1902,heen,350,MM1 ?FF
6.1902,heen,350,MM0 FF=0
6.1902,heen,350,MM1 FF=0
6.2216,heen,350,"#45,YAW,2.58,GYRO,-80,26,-6,ACC,11,18,375,ADC,1221,383,7,1,"
6.2216,heen,350,MM0 ?P
6.2217,heen,350,MM1 ?P
6.2217,heen,350,MM0 P=350:-350
6.2217,heen,350,MM1 P=350:-350
6.2217,heen,350,MM0 !M 350 -350
6.2217,heen,350,MM0 +
6.2217,heen,350,MM1 !M 350 -350
6.2217,heen,350,MM1 +
6.2217,heen,350,MM1 PING
6.2217,heen,350,MM0 PING
6.2217,heen,350,MM1 !M 3500
6.2217,heen,350,MM0 !M 3500
6.2217,heen,350,MM1 +
6.2217,heen,350,MM0 +
6.2217,heen,350,"#46,YAW,2.58,GYRO,119,152,2,ACC,52,4,143,ADC,1233,342,5,1,"
6.2217,heen,350,MM0 ?S
6.2217,heen,350,MM1 ?S
6.2217,heen,350,MM0 S=225:-300
6.2217,heen,350,MM1 S=300:-300
6.2464,heen,350,"#47,YAW,2.58,GYRO,80,-122,28,ACC,-79,23,176,ADC,1229,383,5,2,"
6.2464,heen,350,MM0 ?T
6.2464,heen,350,MM1 ?T
6.2464,heen,350,MM0 T=35:34
6.2464,heen,350,MM1 T=36:33
6.2708,heen,350,"#48,YAW,2.58,GYRO,-125,205,204,ACC,-160,36,373,ADC,1269,501,5,2,"
6.2708,heen,350,MM0 ?V
6.2708,heen,350,MM1 ?V
6.2708,heen,350,MM0 V=120:217:4904
6.2708,heen,350,MM1 V=120:211:4898
6.2867,heen,350,"#49,YAW,2.56,GYRO,146,463,477,ACC,-35,-92,405,ADC,1243,381,4,2,"
6.2868,heen,350,MM0 ?CR
6.2868,heen,350,MM1 ?CR
6.2868,heen,350,MM0 CR=63:-80
6.2868,heen,350,MM1 CR=55:-80
6.2868,heen,350,MM1 !M 350 -350
6.2868,heen,350,MM0 !M 350 -350
6.2868,heen,350,MM1 +
6.2868,heen,350,MM0 +
6.3088,heen,350,"#50,YAW,2.55,GYRO,-15,-269,584,ACC,85,-56,8,ADC,1269,321,5,1,"
6.3088,heen,350,MM0 ?A
6.3089,heen,350,MM1 ?A
6.3089,heen,350,MM0 A=-143:-13
6.3089,heen,350,MM1 A=-89:-10
6.3387,heen,350,"#51,YAW,2.54,GYRO,-263,149,611,ACC,-62,125,370,ADC,1267,499,4,1,"
6.3387,heen,350,MM0 ?AI
6.3387,heen,350,MM1 ?AI
6.3387,heen,350,MM0 AI=0:0:2404:2412:0:0
6.3387,heen,350,MM1 AI=0:0:2302:2329:0:0
6.3468,heen,350,"#52,YAW,2.52,GYRO,-42,-126,787,ACC,-42,-41,145,ADC,1265,498,4,2,"
6.3468,heen,350,MM0 ?C
6.3468,heen,350,MM1 ?C
6.3468,heen,350,MM0 C=11:-23
6.3468,heen,350,MM1 C=1603:-1722
6.3468,heen,350,"#53,YAW,2.49,GYRO,38,199,977,ACC,-127,31,241,ADC,1277,386,7,2,"
6.3674,heen,350,MM0 ?D
6.3674,heen,350,MM1 ?D
6.3674,heen,350,MM0 D=32
6.3674,heen,350,MM1 D=32
6.3674,heen,350,"$GPRMC,092559.0,A,5050.50328,N,00419.38400,E,000.23,139.0,021026,000.4,E*5C"
6.3674,heen,350,"#54,YAW,2.47,GYRO,-143,-398,904,ACC,90,61,281,ADC,1262,502,5,1,"
6.3674,heen,350,MM0 ?FF
6.4024,heen,350,MM1 ?FF
6.4024,heen,350,MM0 FF=0
6.4025,heen,350,MM1 FF=0
6.4025,heen,350,MM1 !M 350 -350
6.4025,heen,350,MM0 !M 350 -350
6.4025,heen,350,MM1 +
6.4025,heen,350,MM0 +
6.4025,heen,350,"#55,YAW,2.46,GYRO,-77,23,541,ACC,59,83,283,ADC,1220,495,4,2,"
6.4025,heen,350,MM0 ?P
6.4025,heen,350,MM1 ?P
6.4025,heen,350,MM0 P=350:-350
6.4025,heen,350,MM1 P=350:-350
6.4283,heen,350,"#56,YAW,2.45,GYRO,62,-78,225,ACC,46,85,219,ADC,1270,501,6,2,"
6.4284,heen,350,MM0 ?S
6.4284,heen,350,MM1 ?S
6.4284,heen,350,MM0 S=150:-225
6.4284,heen,350,MM1 S=150:-225
6.4545,heen,350,"#57,YAW,2.45,GYRO,13,383,-36,ACC,137,40,252,ADC,1255,394,5,1,"
6.4545,heen,350,MM0 ?T
6.4545,heen,350,MM1 ?T
6.4545,heen,350,MM0 T=35:34
6.4545,heen,350,MM1 T=36:33
6.4648,heen,350,"#58,YAW,2.46,GYRO,-72,-49,-146,ACC,21,-2,330,ADC,1225,501,4,1,"
6.4648,heen,350,MM0 ?V
6.4648,heen,350,MM1 ?V
6.4648,heen,350,MM0 V=120:222:4904
6.4648,heen,350,MM1 V=120:220:4899
6.5047,heen,350,"#59,YAW,2.46,GYRO,-20,-218,-166,ACC,80,-24,243,ADC,1228,389,8,2,"
6.5047,heen,350,MM0 ?CR
6.5047,heen,350,MM1 ?CR
6.5047,heen,350,MM0 CR=20:-68
6.5047,heen,350,MM1 CR=-29:-65
6.5047,heen,350,"#60,YAW,2.46,GYRO,160,296,-124,ACC,27,-50,149,ADC,1316,498,5,2,"
6.5047,heen,350,MM0 ?A
6.5048,heen,350,MM1 ?A
6.5048,heen,350,MM0 A=22:-21
6.5048,heen,350,MM1 A=22:-24
6.5306,heen,350,"#61,YAW,2.46,GYRO,-71,67,-32,ACC,-17,42,371,ADC,1264,389,7,2,"
6.5306,heen,350,MM0 ?AI
6.5306,heen,350,MM1 ?AI
6.5306,heen,350,MM0 AI=0:0:2383:2414:0:0
6.5306,heen,350,MM1 AI=0:0:2313:2305:0:0
6.5598,heen,350,"#62,YAW,2.46,GYRO,-5,-130,17,ACC,35,49,284,ADC,1246,390,4,2,"
6.5598,heen,350,MM0 ?C
6.5598,heen,350,MM1 ?C
6.5598,heen,350,MM0 C=68:-88
6.5599,heen,350,MM1 C=1640:-1783
6.5631,heen,350,"#63,YAW,2.46,GYRO,46,244,31,ACC,18,4,135,ADC,1263,500,5,2,"
6.5631,heen,350,MM0 ?D
6.5631,heen,350,MM1 ?D
6.5631,heen,350,MM0 D=33
6.5631,heen,350,MM1 D=51
6.5631,heen,350,"$GPRMC,092559.2,A,5050.50328,N,00419.38398,E,000.23,139.0,021026,000.4,E*58"
6.5962,heen,350,"#64,YAW,2.46,GYRO,127,189,62,ACC,51,-45,104,ADC,1247,501,6,2,"
6.5962,heen,350,MM0 ?FF
6.5962,heen,350,MM1 ?FF
6.5962,heen,350,MM0 FF=0
6.5962,heen,350,MM1 FF=0
6.5962,heen,350,MM1 !M 350 -350
6.5962,heen,350,MM0 !M 350 -350
6.5962,heen,350,MM1 +
6.5962,heen,350,MM0 +
6.5962,heen,350,MM0 PING
6.5962,heen,350,MM1 PING
6.5962,heen,350,"#65,YAW,2.46,GYRO,-270,81,-13,ACC,28,79,666,ADC,1250,501,3,1,"
6.5962,heen,350,MM1 ?P
6.5962,heen,350,MM0 ?P
6.5962,heen,350,MM0 P=350:-350
6.5962,heen,350,MM1 P=350:-350
6.6168,heen,350,"#66,YAW,2.46,GYRO,51,58,-53,ACC,71,0,171,ADC,1234,391,4,2,"
6.6169,heen,350,MM0 ?S
6.6169,heen,350,MM1 ?S
6.6169,heen,350,MM0 S=300:-300
6.6169,heen,350,MM1 S=225:-300
6.6378,heen,350,"#67,YAW,2.46,GYRO,116,27,-57,ACC,28,-14,172,ADC,1260,391,5,1,"
6.6378,heen,350,MM0 ?T
6.6378,heen,350,MM1 ?T
6.6378,heen,350,MM0 T=35:34
6.6378,heen,350,MM1 T=35:33
6.6588,heen,350,"#68,YAW,2.46,GYRO,-79,67,-56,ACC,-6,-27,441,ADC,1249,492,7,2,"
6.6588,heen,350,MM0 ?V
6.6588,heen,350,MM1 ?V
6.6589,heen,350,MM0 V=120:223:4905
6.6589,heen,350,MM1 V=120:222:4899
6.6932,heen,350,"#69,YAW,2.47,GYRO,-66,43,-56,ACC,56,35,268,ADC,1240,391,5,2,"
6.6932,heen,350,MM0 ?CR
6.6932,heen,350,MM1 ?CR
6.6933,heen,350,MM0 CR=72:-70
6.6933,heen,350,MM1 CR=70:-69
6.6933,heen,350,MM0 !M 350 -350
6.6933,heen,350,MM1 !M 350 -350
6.6933,heen,350,MM0 +
6.6933,heen,350,MM1 +
6.6933,heen,350,MM0 PING
6.6933,heen,350,MM1 PING
6.6933,heen,350,"#70,YAW,2.47,GYRO,186,129,-20,ACC,14,-10,143,ADC,1262,385,7,2,"
6.6933,heen,350,MM0 ?A
6.6933,heen,350,MM1 ?A
6.6933,heen,350,MM1 A=11:-10
6.6933,heen,350,MM0 A=8:-10
6.7137,heen,350,"#71,YAW,2.47,GYRO,61,105,9,ACC,-13,28,296,ADC,1237,500,6,2,"
6.7137,heen,350,MM0 ?AI
6.7137,heen,350,MM1 ?AI
6.7137,heen,350,MM0 AI=0:0:2384:2413:0:0
6.7137,heen,350,MM1 AI=0:0:2292:2288:0:0
6.7350,heen,350,"#72,YAW,2.47,GYRO,-282,-325,42,ACC,32,83,213,ADC,1257,388,7,2,"
6.7350,heen,350,MM0 ?C
6.7350,heen,350,MM1 ?C
6.7350,heen,350,MM0 C=144:-162
6.7350,heen,350,MM1 C=1714:-1856
6.7839,heen,350,"#73,YAW,2.47,GYRO,152,249,15,ACC,6,-18,242,ADC,1220,403,7,2,"
6.7839,heen,350,MM0 ?D
6.7840,heen,350,MM1 ?D
6.7840,heen,350,MM0 D=33
6.7840,heen,350,MM1 D=1
6.7840,heen,350,"$GPRMC,092559.4,A,5050.50329,N,00419.38395,E,000.23,139.0,021026,000.4,E*52"
6.7840,heen,350,"#74,YAW,2.46,GYRO,-62,198,19,ACC,-20,-14,325,ADC,1199,384,5,1,"
6.7840,heen,350,MM0 ?FF
6.7840,heen,350,MM1 ?FF
6.7840,heen,350,MM0 FF=0
6.7840,heen,350,MM1 FF=0
6.7840,heen,350,MM0 !M 350PING
6.7840,heen,350,MM1 !M 350PING
6.7841,heen,350,MM0 +
6.8185,heen,350,MM1 +
6.8185,heen,350,"#75,YAW,2.46,GYRO,-247,-199,6,ACC,3,48,183,ADC,1250,386,4,1,"
6.8185,heen,350,MM0 ?P
6.8185,heen,350,MM1 ?P
6.8185,heen,350,MM0 P=350:-350
6.8185,heen,350,MM1 P=350:-350
6.8185,heen,350,"#76,YAW,2.46,GYRO,261,183,6,ACC,22,-33,154,ADC,1222,380,4,2,"
6.8185,heen,350,MM0 ?S
6.8185,heen,350,MM1 ?S
6.8185,heen,350,MM0 S=300:-300
6.8186,heen,350,MM1 S=300:-225
6.8407,heen,350,"#77,YAW,2.46,GYRO,-118,82,4,ACC,-36,20,462,ADC,1211,393,5,2,"
6.8407,heen,350,MM0 ?T
6.8407,heen,350,MM1 ?T
6.8407,heen,350,MM0 T=35:34
6.8407,heen,350,MM1 T=35:33
6.8597,heen,350,"#78,YAW,2.46,GYRO,-168,-186,-21,ACC,32,67,176,ADC,1270,385,6,2,"
6.8597,heen,350,MM0 ?V
6.8597,heen,350,MM1 ?V
6.8597,heen,350,MM0 V=120:223:4903
6.8597,heen,350,MM1 V=120:223:4899
6.8977,heen,350,"#79,YAW,2.46,GYRO,325,380,-6,ACC,-4,-43,125,ADC,1223,385,6,2,"
6.8977,heen,350,MM0 ?CR
6.8977,heen,350,MM1 ?CR
6.8977,heen,350,MM0 CR=79:-80
6.8977,heen,350,MM1 CR=80:-79
6.8978,heen,350,MM0 !M 350 -350
6.8978,heen,350,MM1 !M 350 -350
6.8978,heen,350,MM0 +
6.8978,heen,350,MM1 +
6.8978,heen,350,MM1 PING
6.8978,heen,350,MM0 PING
6.8978,heen,350,"#80,YAW,2.47,GYRO,-196,-17,-33,ACC,-22,-128,311,ADC,1209,380,6,2,"
6.8978,heen,350,MM0 ?A
6.8978,heen,350,MM1 ?A
6.8978,heen,350,MM0 A=8:-4
6.8978,heen,350,MM1 A=8:-4
6.9253,heen,350,"#81,YAW,2.47,GYRO,-172,-129,-43,ACC,20,8,275,ADC,1273,501,4,2,"
6.9253,heen,350,MM0 ?AI
6.9253,heen,350,MM1 ?AI
6.9253,heen,350,MM0 AI=0:0:2388:2400:0:0
6.9254,heen,350,MM1 AI=0:0:2322:2348:0:0
6.9358,heen,350,"#82,YAW,2.47,GYRO,271,357,-9,ACC,-8,-61,141,ADC,1229,396,4,2,"
6.9358,heen,350,MM0 ?C
6.9359,heen,350,MM1 ?C
6.9359,heen,350,MM0 C=224:-242
6.9359,heen,350,MM1 C=1794:-1936
6.9568,heen,350,"#83,YAW,2.47,GYRO,-174,-47,-12,ACC,-9,30,298,ADC,1259,502,5,2,"
6.9569,heen,350,MM0 ?D
6.9569,heen,350,MM1 ?D
6.9569,heen,350,MM0 D=35
6.9569,heen,350,MM1 D=2
6.9569,heen,350,"$GPRMC,092559.6,A,5050.50330,N,00419.38393,E,000.24,139.0,021026,000.4,E*59"
6.9793,heen,350,"#84,YAW,2.47,GYRO,-271,-149,-32,ACC,18,47,349,ADC,1292,502,7,2,"
6.9793,heen,350,MM0 ?FF
6.9793,heen,350,MM1 ?FF
6.9793,heen,350,MM0 FF=0
6.9794,heen,350,MM1 FF=0
7.0217,heen,350,"#85,YAW,2.47,GYRO,27,-132,-10,ACC,-9,-42,301,ADC,1266,502,8,2,"
7.0217,heen,350,MM0 ?P
7.0217,heen,350,MM1 ?P
7.0217,heen,350,MM0 P=350:-350
7.0217,heen,350,MM1 P=350:-350
7.0217,heen,350,MM0 !M 350PING
7.0217,heen,350,MM1 !M 350PING
7.0217,heen,350,MM0 +
7.0217,heen,350,MM1 +
7.0217,heen,350,"#86,YAW,2.47,GYRO,-281,-320,8,ACC,-8,28,115,ADC,1249,499,4,1,"
7.0217,heen,350,MM0 ?S
7.0217,heen,350,MM1 ?S
7.0217,heen,350,MM0 S=300:-300
7.0217,heen,350,MM1 S=300:-300
7.0459,heen,350,"#87,YAW,2.47,GYRO,47,138,17,ACC,12,-13,154,ADC,1285,500,7,1,"
7.0460,heen,350,MM0 ?T
7.0460,heen,350,MM1 ?T
7.0460,heen,350,MM0 T=35:34
7.0460,heen,350,MM1 T=36:33
7.0602,heen,350,"#88,YAW,2.47,GYRO,132,450,9,ACC,0,44,335,ADC,1240,394,6,2,"
7.0602,heen,350,MM0 ?V
7.0602,heen,350,MM1 ?V
7.0602,heen,350,MM0 V=120:222:4903
7.0602,heen,350,MM1 V=120:223:4898
7.1192,heen,350,"#89,YAW,2.47,GYRO,-6,-453,20,ACC,39,-27,231,ADC,1245,502,5,2,"
7.1192,heen,350,MM0 ?CR
7.1192,heen,350,MM1 ?CR
7.1192,heen,350,MM0 CR=83:-82
7.1192,heen,350,MM1 CR=82:-81
7.1193,heen,350,MM0 !M 350PING
7.1193,heen,350,MM1 !M 350PING
7.1193,heen,350,MM0 +
7.1193,heen,350,MM1 +
7.1193,heen,350,"#90,YAW,2.47,GYRO,279,520,-22,ACC,2,-63,168,ADC,1246,383,4,2,"
7.1193,heen,350,MM0 ?A
7.1193,heen,350,MM1 ?A
7.1193,heen,350,MM0 A=8:-7
7.1193,heen,350,MM1 A=8:-7
7.1193,heen,350,MM0 !M 350 -350
7.1193,heen,350,MM1 !M 350 -350
7.1193,heen,350,MM0 +
7.1283,heen,350,MM1 +
7.1283,heen,350,"#91,YAW,2.47,GYRO,343,381,-4,ACC,23,-66,130,ADC,1255,500,5,2,"
7.1283,heen,350,MM0 ?AI
7.1283,heen,350,MM1 ?AI
7.1283,heen,350,MM0 AI=0:0:2398:2406:0:0
7.1283,heen,350,MM1 AI=0:0:2320:2294:0:0
7.1436,heen,350,"#92,YAW,2.47,GYRO,-374,-68,-23,ACC,30,24,329,ADC,1199,381,6,1,"
7.1436,heen,350,MM0 ?C
7.1436,heen,350,MM1 ?C
7.1436,heen,350,MM0 C=306:-324
7.1437,heen,350,MM1 C=1877:-2017
7.1652,heen,350,"#93,YAW,2.47,GYRO,87,80,-48,ACC,98,-19,133,ADC,1257,501,4,2,"
7.1652,heen,350,MM0 ?D
7.1652,heen,350,MM1 ?D
7.1652,heen,350,MM0 D=16
7.1652,heen,350,MM1 D=33
7.1652,heen,350,"$GPRMC,092559.8,A,5050.50331,N,00419.38390,E,000.25,139.0,021026,000.4,E*54"
7.1839,heen,350,"#94,YAW,2.47,GYRO,-38,376,-66,ACC,-5,-21,217,ADC,1249,384,5,2,"
7.1839,heen,350,MM0 ?FF
7.1839,heen,350,MM1 ?FF
7.1839,heen,350,MM0 FF=0
7.1839,heen,350,MM1 FF=0
7.1839,heen,350,MM1 !M 350 -350
7.1839,heen,350,MM0 !M 350 -350
7.1839,heen,350,MM1 +
7.1839,heen,350,MM0 +
7.2111,heen,350,"#95,YAW,2.47,GYRO,-492,-655,-53,ACC,6,-20,417,ADC,1275,500,6,1,"
7.2111,heen,350,MM0 ?P
7.2111,heen,350,MM1 ?P
7.2111,heen,350,MM0 P=350:-350
7.2111,heen,350,MM1 P=350:-350
7.2208,heen,350,"#96,YAW,2.47,GYRO,387,274,-11,ACC,-24,-94,-4,ADC,1276,407,4,2,"
7.2208,heen,350,MM0 ?S
7.2208,heen,350,MM1 ?S
7.2208,heen,350,MM0 S=300:-300
7.2209,heen,350,MM1 S=300:-375
7.2418,heen,350,"#97,YAW,2.47,GYRO,-158,511,-56,ACC,-22,-11,104,ADC,1252,405,6,1,"
7.2418,heen,350,MM0 ?T
7.2418,heen,350,MM1 ?T
7.2418,heen,350,MM0 T=35:34
7.2418,heen,350,MM1 T=35:33
7.2634,heen,350,"#98,YAW,2.47,GYRO,-294,-569,-28,ACC,-78,-163,594,ADC,1207,383,6,1,"
7.2634,heen,350,MM0 ?V
7.2634,heen,350,MM1 ?V
7.2634,heen,350,MM0 V=120:223:4903
7.2634,heen,350,MM1 V=120:223:4898
7.2968,heen,350,"#99,YAW,2.47,GYRO,443,264,12,ACC,87,-114,43,ADC,1285,502,6,2,"
7.2968,heen,350,MM1 ?CR
7.2968,heen,350,MM0 ?CR
7.2968,heen,350,MM1 CR=83:-81
7.2968,heen,350,MM0 CR=83:-82
7.2968,heen,350,"#100,YAW,2.47,GYRO,-288,28,-20,ACC,-95,-13,286,ADC,1290,502,4,2,"
7.2968,heen,350,MM0 ?A
7.2969,heen,350,MM1 ?A
7.2969,heen,350,MM0 A=2:-4
7.2969,heen,350,MM1 A=8:-4
7.3180,heen,350,"#101,YAW,2.48,GYRO,-388,221,-60,ACC,31,48,161,ADC,1265,498,4,2,"
7.3180,heen,350,MM1 ?AI
7.3180,heen,350,MM0 ?AI
7.3180,heen,350,MM1 AI=0:0:2288:2338:0:0
7.3181,heen,350,MM0 AI=0:0:2409:2329:0:0
7.3395,heen,350,"#102,YAW,2.48,GYRO,168,613,-116,ACC,-18,-1,235,ADC,1238,405,6,2,"
7.3395,heen,350,MM0 ?C
7.3395,heen,350,MM1 ?C
7.3395,heen,350,MM0 C=388:-405
7.3395,heen,350,MM1 C=1959:-2097
7.3704,heen,350,"#103,YAW,2.48,GYRO,310,65,-44,ACC,10,-77,224,ADC,1237,396,4,1,"
7.3704,heen,350,MM0 ?D
7.3704,heen,350,MM1 ?D
7.3704,heen,350,MM0 D=34
7.3704,heen,350,MM1 D=32
7.3704,heen,350,"$GPRMC,092600.0,A,5050.50332,N,00419.38388,E,000.26,139.0,021026,000.4,E*5A"
7.3808,heen,350,"#104,YAW,2.48,GYRO,-376,239,-71,ACC,2,28,388,ADC,1231,391,5,2,"
7.3809,heen,350,MM1 ?FF
7.3809,heen,350,MM0 ?FF
7.3809,heen,350,MM1 FF=0
7.3809,heen,350,MM0 FF=0
7.4156,heen,350,"#105,YAW,2.48,GYRO,135,-369,0,ACC,36,18,134,ADC,1263,388,6,2,"
7.4157,heen,350,MM0 ?P
7.4157,heen,350,MM1 ?P
7.4157,heen,350,MM0 P=350:-350
7.4157,heen,350,MM1 P=350:-350
7.4157,heen,350,MM0 !M 350 -350
7.4157,heen,350,MM1 !M 350 -350
7.4157,heen,350,MM0 +
7.4157,heen,350,MM1 +
7.4157,heen,350,MM1 PING
7.4157,heen,350,MM0 PING
7.4157,heen,350,"#106,YAW,2.48,GYRO,56,-193,33,ACC,9,32,183,ADC,1233,386,7,1,"
7.4157,heen,350,MM0 ?S
7.4158,heen,350,MM1 ?S
7.4158,heen,350,MM0 S=375:-300
7.4158,heen,350,MM1 S=300:-300
7.4347,heen,350,"#107,YAW,2.48,GYRO,-90,-164,68,ACC,-17,10,409,ADC,1254,395,4,1,"
7.4347,heen,350,MM0 ?T
7.4347,heen,350,MM1 ?T
7.4347,heen,350,MM0 T=35:34
7.4347,heen,350,MM1 T=36:33
7.4559,heen,350,"#108,YAW,2.48,GYRO,93,-150,61,ACC,12,20,346,ADC,1265,498,4,2,"
7.4559,heen,350,MM0 ?V
7.4559,heen,350,MM1 ?V
7.4559,heen,350,MM0 V=120:223:4903
7.4559,heen,350,MM1 V=120:223:4898
7.5099,heen,350,"#109,YAW,2.48,GYRO,-116,-26,6,ACC,-20,21,149,ADC,1265,391,5,2,"
7.5100,heen,350,MM1 ?CR
7.5100,heen,350,MM0 ?CR
7.5100,heen,350,MM1 CR=84:-81
7.5100,heen,350,MM0 CR=83:-82
7.5100,heen,350,MM1 !M 350PING
7.5100,heen,350,MM0 !M 350PING
7.5100,heen,350,MM1 +
7.5100,heen,350,MM0 +
7.5100,heen,350,"#110,YAW,2.48,GYRO,99,211,8,ACC,20,-5,97,ADC,1219,400,4,2,"
7.5100,heen,350,MM0 ?A
7.5100,heen,350,MM1 ?A
7.5100,heen,350,MM0 A=5:-1
7.5100,heen,350,MM1 A=8:-1
7.5101,heen,350,MM0 !M 350 -350
7.5101,heen,350,MM1 !M 350 -350
7.5101,heen,350,MM0 +
7.5101,heen,350,MM1 +
7.5101,heen,350,"#111,YAW,2.48,GYRO,-26,-89,-10,ACC,4,-1,601,ADC,1205,381,6,2,"
7.5101,heen,350,MM1 ?AI
7.5101,heen,350,MM0 ?AI
7.5101,heen,350,MM1 AI=0:0:2316:2320:0:0
7.5315,heen,350,MM0 AI=0:0:2402:2404:0:0
7.5315,heen,350,"#112,YAW,2.48,GYRO,-90,60,-22,ACC,7,30,105,ADC,1275,500,5,1,"
7.5315,heen,350,MM1 ?C
7.5315,heen,350,MM0 ?C
7.5315,heen,350,MM0 C=473:-489
7.5315,heen,350,MM1 C=2044:-2180
7.5529,heen,350,"#113,YAW,2.48,GYRO,238,264,8,ACC,13,-20,151,ADC,1226,380,4,2,"
7.5529,heen,350,MM1 ?D
7.5529,heen,350,MM0 ?D
7.5529,heen,350,MM1 D=1
7.5530,heen,350,MM0 D=2
7.5728,heen,350,"$GPRMC,092600.2,A,5050.50333,N,00419.38386,E,000.25,139.0,021026,000.4,E*54"
7.5728,heen,350,"#114,YAW,2.48,GYRO,-11,-201,-19,ACC,-75,-14,350,ADC,1305,403,6,1,"
7.5728,heen,350,MM1 ?FF
7.5728,heen,350,MM0 ?FF
7.5728,heen,350,MM1 FF=0
7.5729,heen,350,MM0 FF=0
7.6072,heen,350,MM0 !M 350 -350
7.6072,heen,350,MM1 !M 350 -350
7.6072,heen,350,MM0 +
7.6072,heen,350,MM1 +
7.6072,heen,350,"#115,YAW,2.48,GYRO,-302,-171,-22,ACC,-2,24,320,ADC,1227,328,6,2,"
7.6072,heen,350,MM1 ?P
7.6072,heen,350,MM0 ?P
7.6072,heen,350,MM1 P=350:-350
7.6072,heen,350,MM0 P=350:-350
7.6072,heen,350,"#116,YAW,2.48,GYRO,322,452,-48,ACC,-28,-53,176,ADC,1262,389,5,2,"
7.6072,heen,350,MM1 ?S
7.6278,heen,350,MM0 ?S
7.6278,heen,350,MM1 S=300:-300
7.6278,heen,350,MM0 S=300:-225
7.6279,heen,350,"#117,YAW,2.48,GYRO,-20,-123,-30,ACC,21,-51,226,ADC,1248,397,5,2,"
7.6279,heen,350,MM1 ?T
7.6279,heen,350,MM0 ?T
7.6490,heen,350,MM1 T=35:33
7.6490,heen,350,MM0 T=35:34
7.6490,heen,350,"#118,YAW,2.48,GYRO,-163,-52,-37,ACC,-46,79,406,ADC,1286,401,6,2,"
7.6490,heen,350,MM1 ?V
7.6490,heen,350,MM0 ?V
7.6700,heen,350,MM1 V=120:223:4900
7.6701,heen,350,MM0 V=120:222:4904
7.6701,heen,350,"#119,YAW,2.48,GYRO,278,232,-36,ACC,12,-31,164,ADC,1233,384,5,1,"
7.6701,heen,350,MM1 ?CR
7.6701,heen,350,MM0 ?CR
7.6701,heen,350,MM1 CR=84:-83
7.7039,heen,350,MM0 CR=83:-82
7.7039,heen,350,MM0 !M 350 -350
7.7039,heen,350,MM1 !M 350 -350
7.7039,heen,350,MM0 +
7.7039,heen,350,MM1 +
7.7039,heen,350,"#120,YAW,2.48,GYRO,-302,-123,-39,ACC,-2,-40,310,ADC,1229,303,4,2,"
7.7039,heen,350,MM1 ?A
7.7039,heen,350,MM0 ?A
7.7039,heen,350,MM1 A=5:-1
7.7039,heen,350,MM0 A=2:-1
7.7250,heen,350,"#121,YAW,2.48,GYRO,-84,71,-52,ACC,18,-19,274,ADC,1226,382,4,2,"
7.7250,heen,350,MM1 ?AI
7.7250,heen,350,MM0 ?AI
7.7251,heen,350,MM1 AI=0:0:2301:2303:0:0
7.7251,heen,350,MM0 AI=0:0:2393:2410:0:0
7.7461,heen,350,"#122,YAW,2.49,GYRO,235,72,-29,ACC,-4,-48,202,ADC,1244,496,4,2,"
7.7461,heen,350,MM1 ?C
7.7461,heen,350,MM0 ?C
7.7462,heen,350,MM0 C=556:-571
7.7462,heen,350,MM1 C=2128:-2262
7.7670,heen,350,"#123,YAW,2.49,GYRO,-371,-57,-50,ACC,25,0,410,ADC,1311,389,3,2,"
7.7670,heen,350,MM1 ?D
7.7670,heen,350,MM0 ?D
7.7670,heen,350,MM1 D=49
7.7670,heen,350,MM0 D=51
7.7670,heen,350,"$GPRMC,092600.4,A,5050.50334,N,00419.38385,E,000.23,139.0,021026,000.4,E*50"
7.7670,heen,350,"#124,YAW,2.49,GYRO,92,92,-47,ACC,6,17,215,ADC,1249,406,5,2,"
7.8011,heen,350,MM1 ?FF
7.8011,heen,350,MM0 ?FF
7.8011,heen,350,MM1 FF=0
7.8012,heen,350,MM0 FF=0
7.8012,heen,350,MM1 !M 350 -350
7.8012,heen,350,MM0 !M 350 -350
7.8012,heen,350,MM1 +
7.8012,heen,350,MM0 +
7.8012,heen,350,"#125,YAW,2.49,GYRO,164,191,-13,ACC,-28,3,179,ADC,1264,501,7,2,"
7.8012,heen,350,MM1 ?P
7.8012,heen,350,MM0 ?P
7.8012,heen,350,MM1 P=350:-350
7.8012,heen,350,MM0 P=350:-350
7.8219,heen,350,"#126,YAW,2.49,GYRO,-182,-236,-11,ACC,-50,72,519,ADC,1230,384,5,2,"
7.8219,heen,350,MM1 ?S
7.8219,heen,350,MM0 ?S
7.8219,heen,350,MM1 S=300:-375
7.8219,heen,350,MM0 S=375:-300
7.8427,heen,350,"#127,YAW,2.49,GYRO,217,482,3,ACC,47,-47,155,ADC,1247,395,4,2,"
7.8428,heen,350,MM1 ?T
7.8428,heen,350,MM0 ?T
7.8428,heen,350,MM1 T=36:33
7.8428,heen,350,MM0 T=35:34
7.8639,heen,350,"#128,YAW,2.49,GYRO,103,-118,32,ACC,-68,-13,210,ADC,1239,399,4,2,"
7.8640,heen,350,MM1 ?V
7.8640,heen,350,MM0 ?V
7.8640,heen,350,MM1 V=120:223:4898
7.8640,heen,350,MM0 V=120:222:4903
7.9110,heen,350,"#129,YAW,2.49,GYRO,-241,-101,-3,ACC,59,58,389,ADC,1257,387,4,2,"
7.9110,heen,350,MM1 ?CR
7.9110,heen,350,MM0 ?CR
7.9110,heen,350,MM1 CR=83:-81
7.9110,heen,350,MM0 CR=83:-83
7.9111,heen,350,"#130,YAW,2.49,GYRO,102,315,-12,ACC,25,11,262,ADC,1289,499,7,1,"
7.9111,heen,350,MM0 ?A
7.9111,heen,350,MM1 ?A
7.9111,heen,350,MM1 A=8:-1
7.9111,heen,350,MM0 A=8:-1
7.9111,heen,350,MM1 !M 350 -350
7.9111,heen,350,MM0 !M 350 -350
7.9111,heen,350,MM1 +
7.9111,heen,350,MM0 +
7.9111,heen,350,"#131,YAW,2.49,GYRO,-148,-382,15,ACC,-28,-47,364,ADC,1290,499,4,2,"
7.9111,heen,350,MM1 ?AI
7.9111,heen,350,MM0 ?AI
7.9111,heen,350,MM1 AI=0:0:2306:2276:0:0
7.9318,heen,350,MM0 AI=0:0:2468:2421:0:0
7.9318,heen,350,"#132,YAW,2.49,GYRO,-161,24,-17,ACC,1,-11,327,ADC,1269,389,7,1,"
7.9318,heen,350,MM1 ?C
7.9319,heen,350,MM0 ?C
7.9319,heen,350,MM0 C=639:-654
7.9319,heen,350,MM1 C=2211:-2344
7.9532,heen,350,"#133,YAW,2.49,GYRO,206,374,-36,ACC,40,-61,102,ADC,1271,501,5,2,"
7.9532,heen,350,MM1 ?D
7.9532,heen,350,MM0 ?D
7.9532,heen,350,MM0 D=35
7.9533,heen,350,MM1 D=0
7.9736,heen,350,"$GPRMC,092600.6,A,5050.50335,N,00419.38384,E,000.20,139.0,021026,000.4,E*51"
7.9736,heen,350,"#134,YAW,2.49,GYRO,-155,25,-43,ACC,-8,17,279,ADC,1314,502,6,1,"
7.9736,heen,350,MM1 ?FF
7.9737,heen,350,MM0 ?FF
7.9737,heen,350,MM1 FF=0
7.9737,heen,350,MM0 FF=0
8.0080,heen,350,MM0 !M 350 -350
8.0081,heen,350,MM1 !M 350 -350
8.0081,heen,350,"#135,YAW,2.49,GYRO,21,-132,-8,ACC,27,34,453,ADC,1289,386,8,2,"
8.0081,heen,350,MM0 +
8.0081,heen,350,MM1 +
8.0081,heen,350,MM1 ?P
8.0081,heen,350,MM0 ?P
8.0081,heen,350,MM1 P=350:-350
8.0081,heen,350,MM0 P=350:-350
8.0081,heen,350,"#136,YAW,2.49,GYRO,328,208,3,ACC,14,-39,155,ADC,1217,382,4,2,"
8.0081,heen,350,MM1 ?S
8.0081,heen,350,MM0 ?S
8.0293,heen,350,MM1 S=300:-300
8.0293,heen,350,MM0 S=300:-300
8.0293,heen,350,"#137,YAW,2.49,GYRO,-202,-68,-7,ACC,-10,25,180,ADC,1246,499,4,2,"
8.0293,heen,350,MM1 ?T
8.0293,heen,350,MM0 ?T
8.0293,heen,350,MM1 T=36:33
8.0499,heen,350,MM0 T=35:34
8.0499,heen,350,"#138,YAW,2.49,GYRO,-72,158,23,ACC,58,-14,332,ADC,1225,384,6,1,"
8.0499,heen,350,MM1 ?V
8.0499,heen,350,MM0 ?V
8.0499,heen,350,MM1 V=120:223:4898
8.0708,heen,350,MM0 V=120:223:4904
8.0708,heen,350,"#139,YAW,2.49,GYRO,318,204,14,ACC,-30,-67,166,ADC,1235,388,4,1,"
8.0708,heen,350,MM1 ?CR
8.0710,heen,350,MM0 ?CR
8.0710,heen,350,MM1 CR=83:-83
8.0710,heen,350,MM0 CR=83:-82
8.1047,heen,350,MM0 !M 350 -350
8.1047,heen,350,MM1 !M 350 -350
8.1047,heen,350,MM0 +
8.1047,heen,350,MM1 +
8.1047,heen,350,"#140,YAW,2.49,GYRO,-399,-202,-60,ACC,-142,164,279,ADC,1258,350,5,2,"
8.1047,heen,350,MM0 ?A
8.1047,heen,350,MM1 ?A
8.1047,heen,350,MM1 A=8:-4
8.1047,heen,350,MM0 A=2:-1
8.1259,heen,350,"#141,YAW,2.49,GYRO,9,79,-87,ACC,33,-7,211,ADC,1285,501,7,2,"
8.1259,heen,350,MM1 ?AI
8.1259,heen,350,MM0 ?AI
8.1259,heen,350,MM1 AI=0:0:2315:2339:0:0
8.1259,heen,350,MM0 AI=0:0:2396:2428:0:0
8.1469,heen,350,"#142,YAW,2.49,GYRO,289,157,-27,ACC,-40,-35,105,ADC,1234,381,5,2,"
8.1469,heen,350,MM0 ?C
8.1469,heen,350,MM1 ?C
8.1469,heen,350,MM0 C=723:-736
8.1470,heen,350,MM1 C=2295:-2426
8.1470,heen,350,"#143,YAW,2.49,GYRO,-253,-89,-44,ACC,-125,57,217,ADC,1237,384,6,2,"
8.1689,heen,350,MM1 ?D
8.1690,heen,350,MM0 ?D
8.1690,heen,350,MM1 D=50
8.1690,heen,350,MM0 D=17
8.1690,heen,350,"$GPRMC,092600.8,A,5050.50336,N,00419.38384,E,000.20,139.0,021026,000.4,E*5C"
8.1690,heen,350,"#144,YAW,2.49,GYRO,106,129,-30,ACC,4,-10,121,ADC,1270,386,7,2,"
8.1690,heen,350,MM0 ?FF
8.1690,heen,350,MM1 ?FF
8.2030,heen,350,MM0 FF=0
8.2030,heen,350,MM1 FF=0
8.2030,heen,350,MM1 !M 350 -350
8.2031,heen,350,MM0 !M 350 -350
8.2031,heen,350,MM1 +
8.2031,heen,350,MM0 +
8.2031,heen,350,"#145,YAW,2.49,GYRO,129,-28,28,ACC,-23,12,180,ADC,1270,388,5,2,"
8.2031,heen,350,MM0 ?P
8.2031,heen,350,MM1 ?P
8.2031,heen,350,MM0 P=350:-350
8.2031,heen,350,MM1 P=350:-350
8.2239,heen,350,"#146,YAW,2.49,GYRO,-358,-161,46,ACC,-17,80,227,ADC,1291,388,4,2,"
8.2239,heen,350,MM0 ?S
8.2240,heen,350,MM1 ?S
8.2240,heen,350,MM0 S=300:-300
8.2240,heen,350,MM1 S=300:-300
8.2469,heen,350,"#147,YAW,2.49,GYRO,137,-36,31,ACC,6,-4,194,ADC,1260,392,7,2,"
8.2469,heen,350,MM0 ?T
8.2469,heen,350,MM1 ?T
8.2469,heen,350,MM0 T=35:34
8.2469,heen,350,MM1 T=36:33
8.2661,heen,350,"#148,YAW,2.49,GYRO,-228,-6,-3,ACC,27,27,253,ADC,1235,382,8,2,"
8.2661,heen,350,MM0 ?V
8.2661,heen,350,MM1 ?V
8.2661,heen,350,MM0 V=120:222:4904
8.2661,heen,350,MM1 V=120:222:4900
8.2661,heen,350,"#149,YAW,2.49,GYRO,6,44,-12,ACC,9,-13,267,ADC,1234,389,6,2,"
8.3167,heen,350,MM0 ?CR
8.3167,heen,350,MM1 ?CR
8.3167,heen,350,MM0 CR=84:-83
8.3167,heen,350,MM1 CR=84:-82
8.3167,heen,350,"#150,YAW,2.49,GYRO,185,17,-1,ACC,27,-34,139,ADC,1262,498,6,2,"
8.3167,heen,350,MM0 ?A
8.3167,heen,350,MM1 ?A
8.3167,heen,350,MM0 A=2:-4
8.3167,heen,350,MM1 A=5:-1
8.3167,heen,350,MM1 !M 350 -350
8.3167,heen,350,MM0 !M 350 -350
8.3167,heen,350,MM1 +
8.3167,heen,350,MM0 +
8.3167,heen,350,"#151,YAW,2.49,GYRO,-122,-206,2,ACC,-68,19,334,ADC,1235,384,5,1,"
8.3167,heen,350,MM0 ?AI
8.3167,heen,350,MM1 ?AI
8.3167,heen,350,MM0 AI=0:0:2385:2429:0:0
8.3168,heen,350,MM1 AI=0:0:2340:2346:0:0
8.3369,heen,350,"#152,YAW,2.49,GYRO,-124,121,7,ACC,34,4,210,ADC,1270,502,6,1,"
8.3369,heen,350,MM0 ?C
8.3369,heen,350,MM1 ?C
8.3369,heen,350,MM0 C=807:-819
8.3369,heen,350,MM1 C=2379:-2509
8.3579,heen,350,"#153,YAW,2.49,GYRO,369,251,9,ACC,14,-62,101,ADC,1295,497,5,2,"
8.3579,heen,350,MM0 ?D
8.3579,heen,350,MM1 ?D
8.3579,heen,350,MM0 D=49
8.3579,heen,350,MM1 D=50
8.3579,heen,350,"$GPRMC,092601.0,A,5050.50337,N,00419.38383,E,000.19,139.0,021026,000.4,E*59"
8.3797,heen,350,"#154,YAW,2.49,GYRO,-148,64,-12,ACC,32,33,208,ADC,1270,502,6,1,"
8.3798,heen,350,MM0 ?FF
8.3798,heen,350,MM1 ?FF
8.3798,heen,350,MM0 FF=0
8.3798,heen,350,MM1 FF=0
8.4139,heen,350,"#155,YAW,2.49,GYRO,121,-213,-1,ACC,17,39,765,ADC,1239,384,6,1,"
8.4139,heen,350,MM0 ?P
8.4139,heen,350,MM1 ?P
8.4139,heen,350,MM0 P=350:-350
8.4139,heen,350,MM1 P=350:-350
8.4139,heen,350,"#156,YAW,2.49,GYRO,316,283,-20,ACC,-31,26,276,ADC,1234,497,5,2,"
8.4139,heen,350,MM0 ?S
8.4139,heen,350,MM1 ?S
8.4139,heen,350,MM0 S=300:-300
8.4139,heen,350,MM1 S=300:-300
8.4349,heen,350,"#157,YAW,2.49,GYRO,-297,-85,-60,ACC,80,103,351,ADC,1226,500,4,1,"
8.4349,heen,350,MM0 ?T
8.4349,heen,350,MM1 ?T
8.4349,heen,350,MM0 T=35:34
8.4349,heen,350,MM1 T=36:33
8.4574,heen,350,"#158,YAW,2.50,GYRO,-24,152,-61,ACC,0,-23,285,ADC,1277,502,5,1,"
8.4574,heen,350,MM0 ?V
8.4574,heen,350,MM1 ?V
8.4574,heen,350,MM0 V=120:222:4903
8.4574,heen,350,MM1 V=120:223:4898
8.4768,heen,350,"#159,YAW,2.50,GYRO,144,76,-18,ACC,-26,-20,125,ADC,1268,384,4,1,"
8.4768,heen,350,MM0 ?CR
8.4768,heen,350,MM1 ?CR
8.4768,heen,350,MM0 CR=84:-82
8.4768,heen,350,MM1 CR=84:-83
8.4768,heen,350,MM0 !M 350 -350
8.4768,heen,350,MM1 !M 350 -350
8.4768,heen,350,MM0 +
8.5140,heen,350,MM1 +
8.5140,heen,350,MM1 PING
8.5140,heen,350,MM0 PING
8.5140,heen,350,"#160,YAW,2.50,GYRO,-243,60,-33,ACC,-15,40,405,ADC,1263,311,4,1,"
8.5140,heen,350,MM0 ?A
8.5140,heen,350,MM1 ?A
8.5140,heen,350,MM0 A=2:-7
8.5140,heen,350,MM1 A=5:-4
8.5140,heen,350,MM0 !M 350 -350
8.5140,heen,350,MM1 !M 350 -350
8.5140,heen,350,MM0 +
8.5140,heen,350,MM1 +
8.5140,heen,350,"#161,YAW,2.50,GYRO,46,111,-21,ACC,37,-20,122,ADC,1299,500,5,2,"
8.5140,heen,350,MM0 ?AI
8.5140,heen,350,MM1 ?AI
8.5140,heen,350,MM0 AI=0:0:2397:2402:0:0
8.5319,heen,350,MM1 AI=0:0:2380:2312:0:0
8.5319,heen,350,"#162,YAW,2.50,GYRO,44,-24,7,ACC,7,29,226,ADC,1273,385,5,2,"
8.5319,heen,350,MM0 ?C
8.5319,heen,350,MM1 ?C
8.5319,heen,350,MM0 C=890:-901
8.5319,heen,350,MM1 C=2462:-2591
8.5531,heen,350,"#163,YAW,2.50,GYRO,119,238,2,ACC,29,-32,267,ADC,1229,384,4,1,"
8.5531,heen,350,MM0 ?D
8.5531,heen,350,MM1 ?D
8.5532,heen,350,MM1 D=19
8.5532,heen,350,MM0 D=0
8.5746,heen,350,"$GPRMC,092601.2,A,5050.50339,N,00419.38383,E,000.21,139.0,021026,000.4,E*5E"
8.5746,heen,350,"#164,YAW,2.50,GYRO,23,183,1,ACC,-14,9,192,ADC,1236,383,4,1,"
8.5746,heen,350,MM0 ?FF
8.5746,heen,350,MM1 ?FF
8.5746,heen,350,MM0 FF=0
8.5746,heen,350,MM1 FF=0
8.6091,heen,350,"#165,YAW,2.50,GYRO,41,-151,34,ACC,-18,11,204,ADC,1287,382,5,2,"
8.6091,heen,350,MM0 !M 350 -350
8.6091,heen,350,MM0 +
8.6091,heen,350,MM1 !M 350 -350
8.6092,heen,350,MM1 +
8.6092,heen,350,MM0 ?P
8.6092,heen,350,MM1 ?P
8.6092,heen,350,MM0 P=350:-350
8.6092,heen,350,MM1 P=350:-350
8.6092,heen,350,"#166,YAW,2.50,GYRO,-170,376,15,ACC,7,82,386,ADC,1266,502,5,2,"
8.6092,heen,350,MM0 ?S
8.6092,heen,350,MM1 ?S
8.6092,heen,350,MM0 S=300:-300
8.6298,heen,350,MM1 S=225:-300
8.6298,heen,350,"#167,YAW,2.50,GYRO,70,-41,19,ACC,25,-11,133,ADC,1280,500,6,2,"
8.6298,heen,350,MM0 ?T
8.6298,heen,350,MM1 ?T
8.6298,heen,350,MM0 T=35:34
8.6298,heen,350,MM1 T=36:33
8.6510,heen,350,"#168,YAW,2.50,GYRO,-246,-226,-14,ACC,-2,-14,422,ADC,1279,384,4,2,"
8.6510,heen,350,MM0 ?V
8.6510,heen,350,MM1 ?V
8.6510,heen,350,MM0 V=120:223:4904
8.6717,heen,350,MM1 V=120:223:4898
8.6717,heen,350,"#169,YAW,2.50,GYRO,3,235,-30,ACC,23,40,166,ADC,1238,394,5,2,"
8.6717,heen,350,MM0 ?CR
8.6717,heen,350,MM1 ?CR
8.6717,heen,350,MM0 CR=83:-83
8.6717,heen,350,MM1 CR=83:-82
8.7064,heen,350,MM0 !M 350 -350
8.7064,heen,350,MM1 !M 350 -350
8.7064,heen,350,MM0 +
8.7064,heen,350,MM1 +
8.7064,heen,350,"#170,YAW,2.50,GYRO,197,146,-18,ACC,-5,-42,124,ADC,1284,320,7,2,"
8.7064,heen,350,MM0 ?A
8.7064,heen,350,MM1 ?A
8.7064,heen,350,MM0 A=2:-1
8.7064,heen,350,MM1 A=5:-4
8.7271,heen,350,"#171,YAW,2.50,GYRO,-320,31,-53,ACC,-260,38,324,ADC,1220,384,8,2,"
8.7271,heen,350,MM0 ?AI
8.7271,heen,350,MM1 ?AI
8.7271,heen,350,MM0 AI=0:0:2412:2398:0:0
8.7271,heen,350,MM1 AI=0:0:2361:2307:0:0
8.7271,heen,350,"#172,YAW,2.50,GYRO,92,-31,-20,ACC,14,20,83,ADC,1245,382,6,2,"
8.7479,heen,350,MM0 ?C
8.7479,heen,350,MM1 ?C
8.7479,heen,350,MM0 C=973:-983
8.7479,heen,350,MM1 C=2545:-2673
8.7479,heen,350,"#173,YAW,2.50,GYRO,220,137,11,ACC,-12,-7,140,ADC,1227,381,8,2,"
8.7479,heen,350,MM0 ?D
8.7480,heen,350,MM1 ?D
8.7690,heen,350,MM0 D=16
8.7690,heen,350,MM1 D=49
8.7690,heen,350,"$GPRMC,092601.4,A,5050.50340,N,00419.38382,E,000.23,139.0,021026,000.4,E*55"
8.7690,heen,350,"#174,YAW,2.50,GYRO,-291,-58,13,ACC,153,-15,322,ADC,1243,384,4,2,"
8.7690,heen,350,MM0 ?FF
8.7690,heen,350,MM1 ?FF
8.7690,heen,350,MM0 FF=0
8.8212,heen,350,MM1 FF=0
8.8212,heen,350,"#175,YAW,2.50,GYRO,-38,84,0,ACC,10,56,97,ADC,1230,382,7,2,"
8.8212,heen,350,MM0 ?P
8.8213,heen,350,MM1 ?P
8.8213,heen,350,MM0 P=350:-350
8.8213,heen,350,MM1 P=350:-350
8.8213,heen,350,MM0 !M 350 -350
8.8213,heen,350,MM1 !M 350 -350
8.8213,heen,350,MM0 +
8.8213,heen,350,MM1 +
8.8213,heen,350,"#176,YAW,2.50,GYRO,259,113,2,ACC,-35,-34,144,ADC,1264,415,6,1,"
8.8213,heen,350,MM0 ?S
8.8214,heen,350,MM1 ?S
8.8214,heen,350,MM0 S=300:-300
8.8214,heen,350,MM1 S=375:-300
8.8422,heen,350,"#177,YAW,2.50,GYRO,-500,61,-79,ACC,-25,-147,534,ADC,1267,502,5,2,"
8.8422,heen,350,MM0 ?T
8.8422,heen,350,MM1 ?T
8.8422,heen,350,MM0 T=35:34
8.8422,heen,350,MM1 T=36:33
8.8628,heen,350,"#178,YAW,2.50,GYRO,108,-48,-69,ACC,29,-26,-262,ADC,1284,500,4,2,"
8.8628,heen,350,MM0 ?V
8.8628,heen,350,MM1 ?V
8.8628,heen,350,MM0 V=120:223:4904
8.8629,heen,350,MM1 V=120:222:4898
8.8832,heen,350,"#179,YAW,2.50,GYRO,25,186,-54,ACC,-53,0,113,ADC,1269,501,7,2,"
8.8832,heen,350,MM0 ?CR
8.8832,heen,350,MM1 ?CR
8.8832,heen,350,MM0 CR=84:-82
8.8832,heen,350,MM1 CR=83:-82
8.9199,heen,350,"#180,YAW,2.50,GYRO,-275,-123,-17,ACC,-52,102,583,ADC,1233,388,5,2,"
8.9199,heen,350,MM0 ?A
8.9199,heen,350,MM1 ?A
8.9199,heen,350,MM0 A=2:-4
8.9199,heen,350,MM1 A=8:-4
8.9199,heen,350,MM0 !M 350 -350
8.9199,heen,350,MM1 !M 350 -350
8.9199,heen,350,MM0 +
8.9199,heen,350,MM1 +
8.9199,heen,350,"#181,YAW,2.50,GYRO,137,173,-22,ACC,47,-20,140,ADC,1259,388,5,3,"
8.9199,heen,350,MM0 ?AI
8.9199,heen,350,MM1 ?AI
8.9199,heen,350,MM0 AI=0:0:2412:2401:0:0
8.9199,heen,350,MM1 AI=0:0:2297:2300:0:0
8.9408,heen,350,"#182,YAW,2.50,GYRO,-43,-132,24,ACC,1,2,225,ADC,1256,379,7,1,"
8.9409,heen,350,MM1 ?C
8.9409,heen,350,MM0 ?C
8.9409,heen,350,MM1 C=2628:-2756
8.9409,heen,350,MM0 C=1057:-1066
8.9628,heen,350,"#183,YAW,2.50,GYRO,-73,-32,39,ACC,-12,31,356,ADC,1280,389,5,2,"
8.9628,heen,350,MM0 ?D
8.9628,heen,350,MM1 ?D
8.9628,heen,350,MM0 D=50
8.9628,heen,350,MM1 D=0
8.9628,heen,350,"$GPRMC,092601.6,A,5050.50341,N,00419.38381,E,000.25,139.0,021026,000.4,E*53"
8.9831,heen,350,"#184,YAW,2.50,GYRO,113,66,31,ACC,16,-56,185,ADC,1257,389,4,1,"
8.9831,heen,350,MM0 ?FF
8.9831,heen,350,MM1 ?FF
8.9831,heen,350,MM0 FF=0
8.9831,heen,350,MM1 FF=0
9.0257,heen,350,"#185,YAW,2.50,GYRO,-283,36,-5,ACC,-20,-42,324,ADC,1270,384,5,1,"
9.0257,heen,350,MM0 ?P
9.0257,heen,350,MM1 ?P
9.0257,heen,350,MM0 P=350:-350
9.0257,heen,350,MM1 P=350:-350
9.0257,heen,350,MM0 !M 350 -350
9.0257,heen,350,MM1 !M 350 -350
9.0257,heen,350,MM0 +
9.0257,heen,350,MM1 +
9.0257,heen,350,"#186,YAW,2.50,GYRO,64,55,-6,ACC,10,9,204,ADC,1260,385,6,1,"
9.0257,heen,350,MM0 ?S
9.0257,heen,350,MM1 ?S
9.0257,heen,350,MM0 S=300:-300
9.0257,heen,350,MM1 S=300:-300
9.0439,heen,350,"#187,YAW,2.50,GYRO,177,-6,3,ACC,3,-18,120,ADC,1221,382,7,2,"
9.0439,heen,350,MM0 ?T
9.0439,heen,350,MM1 ?T
9.0439,heen,350,MM0 T=35:34
9.0439,heen,350,MM1 T=36:33
9.0650,heen,350,"#188,YAW,2.50,GYRO,-294,-39,-4,ACC,-12,-80,405,ADC,1249,501,5,2,"
9.0650,heen,350,MM0 ?V
9.0650,heen,350,MM1 ?V
9.0650,heen,350,MM0 V=120:223:4903
9.0650,heen,350,MM1 V=120:223:4898
9.0869,heen,350,"#189,YAW,2.50,GYRO,94,64,-20,ACC,31,88,99,ADC,1217,385,3,1,"
9.0870,heen,350,MM0 ?CR
9.0870,heen,350,MM1 ?CR
9.0870,heen,350,MM0 CR=83:-83
9.0870,heen,350,MM1 CR=83:-83
9.1209,heen,350,"#190,YAW,2.50,GYRO,301,214,-1,ACC,-10,-35,66,ADC,1279,500,5,2,"
9.1209,heen,350,MM0 ?A
9.1209,heen,350,MM1 ?A
9.1209,heen,350,MM0 A=2:-4
9.1209,heen,350,MM1 A=8:-1
9.1209,heen,350,MM0 !M 350 -350
9.1209,heen,350,MM1 !M 350 -350
9.1209,heen,350,MM0 +
9.1209,heen,350,MM1 +
9.1209,heen,350,"#191,YAW,2.50,GYRO,-349,21,-52,ACC,-97,41,311,ADC,1217,382,7,2,"
9.1209,heen,350,MM0 ?AI
9.1209,heen,350,MM1 ?AI
9.1209,heen,350,MM0 AI=0:0:2410:2406:0:0
9.1209,heen,350,MM1 AI=0:0:2291:2412:0:0
9.1419,heen,350,"#192,YAW,2.50,GYRO,-91,-103,-47,ACC,33,26,88,ADC,1244,388,4,1,"
9.1419,heen,350,MM0 ?C
9.1419,heen,350,MM1 ?C
9.1419,heen,350,MM0 C=1140:-1149
9.1419,heen,350,MM1 C=2711:-2839
9.1630,heen,350,"#193,YAW,2.51,GYRO,80,118,-44,ACC,-79,-1,306,ADC,1292,394,6,2,"
9.1630,heen,350,MM0 ?D
9.1630,heen,350,MM1 ?D
9.1630,heen,350,MM0 D=34
9.1630,heen,350,MM1 D=16
9.1630,heen,350,"$GPRMC,092601.8,A,5050.50343,N,00419.38381,E,000.26,139.0,021026,000.4,E*5C"
9.1877,heen,350,"#194,YAW,2.51,GYRO,-180,-132,-44,ACC,52,21,195,ADC,1282,389,4,2,"
9.1877,heen,350,MM0 ?FF
9.1877,heen,350,MM1 ?FF
9.1877,heen,350,MM0 FF=0
9.1877,heen,350,MM1 FF=0
9.2221,heen,350,"#195,YAW,2.51,GYRO,-53,204,-82,ACC,-24,76,158,ADC,1260,381,5,2,"
9.2222,heen,350,MM0 ?P
9.2222,heen,350,MM1 ?P
9.2222,heen,350,MM0 P=350:-350
9.2222,heen,350,MM1 P=350:-350
9.2222,heen,350,MM1 !M 350 -350
9.2222,heen,350,MM0 !M 350 -350
9.2222,heen,350,MM1 +
9.2222,heen,350,MM0 +
9.2222,heen,350,"#196,YAW,2.51,GYRO,49,-16,-32,ACC,15,19,164,ADC,1262,391,4,2,"
9.2222,heen,350,MM0 ?S
9.2222,heen,350,MM1 ?S
9.2222,heen,350,MM0 S=300:-375
9.2222,heen,350,MM1 S=300:-300
9.2428,heen,350,"#197,YAW,2.51,GYRO,-131,302,-21,ACC,-66,17,582,ADC,1228,383,4,1,"
9.2428,heen,350,MM0 ?T
9.2428,heen,350,MM1 ?T
9.2429,heen,350,MM0 T=35:34
9.2429,heen,350,MM1 T=36:33
9.2639,heen,350,"#198,YAW,2.51,GYRO,50,-166,15,ACC,22,7,191,ADC,1273,501,4,1,"
9.2639,heen,350,MM0 ?V
9.2639,heen,350,MM1 ?V
9.2639,heen,350,MM0 V=120:223:4904
9.2639,heen,350,MM1 V=120:222:4898
9.2926,heen,350,"#199,YAW,2.51,GYRO,161,-70,39,ACC,10,-37,194,ADC,1279,497,6,2,"
9.2926,heen,350,MM0 ?CR
9.2926,heen,350,MM1 ?CR
9.2927,heen,350,MM0 CR=84:-83
9.2927,heen,350,MM1 CR=84:-82
9.3059,heen,350,"#200,YAW,2.51,GYRO,91,403,17,ACC,-45,30,349,ADC,1280,389,9,1,"
9.3059,heen,350,MM0 ?A
9.3059,heen,350,MM1 ?A
9.3060,heen,350,MM0 A=8:-4
9.3060,heen,350,MM1 A=11:-4
9.3060,heen,350,MM1 !M 350 -350
9.3060,heen,350,MM0 !M 350 -350
9.3060,heen,350,MM1 +
9.3060,heen,350,MM0 +
9.3272,heen,350,"#201,YAW,2.51,GYRO,23,-215,21,ACC,30,42,145,ADC,1247,324,7,1,"
9.3272,heen,350,MM0 ?AI
9.3272,heen,350,MM1 ?AI
9.3272,heen,350,MM0 AI=0:0:2391:2409:0:0
9.3272,heen,350,MM1 AI=0:0:2310:2306:0:0
9.3272,heen,350,"#202,YAW,2.51,GYRO,-65,264,-3,ACC,56,15,283,ADC,1269,502,7,2,"
9.3272,heen,350,MM0 ?C
9.3487,heen,350,MM1 ?C
9.3487,heen,350,MM0 C=1224:-1232
9.3487,heen,350,MM1 C=2794:-2921
9.3487,heen,350,"#203,YAW,2.51,GYRO,-100,53,-1,ACC,30,20,145,ADC,1233,502,4,2,"
9.3487,heen,350,MM0 ?D
9.3487,heen,350,MM1 ?D
9.3689,heen,350,MM1 D=35
9.3690,heen,350,MM0 D=3
9.3690,heen,350,"$GPRMC,092602.0,A,5050.50345,N,00419.38380,E,000.26,139.0,021026,000.4,E*50"
9.3690,heen,350,"#204,YAW,2.51,GYRO,37,-169,-11,ACC,29,-11,254,ADC,1273,387,7,1,"
9.3690,heen,350,MM0 ?FF
9.3690,heen,350,MM1 ?FF
9.3690,heen,350,MM0 FF=0
9.4210,heen,350,MM1 FF=0
9.4210,heen,350,"#205,YAW,2.51,GYRO,-183,58,-15,ACC,-19,1,435,ADC,1229,384,6,2,"
9.4210,heen,350,MM0 ?P
9.4210,heen,350,MM1 ?P
9.4210,heen,350,MM0 P=350:-350
9.4210,heen,350,MM1 P=350:-350
9.4210,heen,350,MM0 !M 350 -350
9.4210,heen,350,MM1 !M 350 -350
9.4210,heen,350,MM0 +
9.4210,heen,350,MM1 +
9.4210,heen,350,"#206,YAW,2.51,GYRO,-9,57,-38,ACC,18,-3,112,ADC,1279,499,7,2,"
9.4210,heen,350,MM0 ?S
9.4210,heen,350,MM1 ?S
9.4210,heen,350,MM0 S=300:-300
9.4210,heen,350,MM1 S=300:-300
9.4419,heen,350,"#207,YAW,2.51,GYRO,128,87,-18,ACC,20,-12,162,ADC,1262,400,3,1,"
9.4419,heen,350,MM0 ?T
9.4420,heen,350,MM1 ?T
9.4420,heen,350,MM0 T=35:34
9.4420,heen,350,MM1 T=36:33
9.4628,heen,350,"#208,YAW,2.51,GYRO,-81,77,-9,ACC,-11,2,512,ADC,1236,394,5,2,"
9.4628,heen,350,MM0 ?V
9.4628,heen,350,MM1 ?V
9.4628,heen,350,MM0 V=120:223:4903
9.4629,heen,350,MM1 V=120:222:4898
9.4843,heen,350,"#209,YAW,2.51,GYRO,231,148,6,ACC,69,3,141,ADC,1242,393,4,2,"
9.4843,heen,350,MM0 ?CR
9.4843,heen,350,MM1 ?CR
9.4843,heen,350,MM0 CR=83:-83
9.4843,heen,350,MM1 CR=83:-83
9.5048,heen,350,"#210,YAW,2.51,GYRO,55,130,20,ACC,3,-13,126,ADC,1282,501,5,1,"
9.5048,heen,350,MM0 ?A
9.5048,heen,350,MM1 ?A
9.5048,heen,350,MM0 A=2:-4
9.5049,heen,350,MM1 A=8:-4
9.5049,heen,350,MM0 !M 350 -350
9.5049,heen,350,MM1 !M 350 -350
9.5049,heen,350,MM0 +
9.5049,heen,350,MM1 +
9.5259,heen,350,"#211,YAW,2.51,GYRO,-293,-233,4,ACC,-13,-19,345,ADC,1242,328,8,2,"
9.5260,heen,350,MM0 ?AI
9.5260,heen,350,MM1 ?AI
9.5260,heen,350,MM0 AI=0:0:2383:2406:0:0
9.5260,heen,350,MM1 AI=0:0:2297:2344:0:0
9.5468,heen,350,"#212,YAW,2.51,GYRO,109,138,-59,ACC,14,55,122,ADC,1247,389,6,2,"
9.5468,heen,350,MM0 ?C
9.5468,heen,350,MM1 ?C
9.5468,heen,350,MM0 C=1307:-1315
9.5469,heen,350,MM1 C=2877:-3003
9.5469,heen,350,"#213,YAW,2.51,GYRO,34,320,-73,ACC,3,36,220,ADC,1223,495,6,2,"
9.5469,heen,350,MM0 ?D
9.5679,heen,350,MM1 ?D
9.5679,heen,350,MM0 D=49
9.5680,heen,350,MM1 D=19
9.5680,heen,350,"$GPRMC,092602.2,A,5050.50346,N,00419.38379,E,000.27,139.0,021026,000.4,E*56"
9.5680,heen,350,"#214,YAW,2.51,GYRO,20,-29,-43,ACC,33,-2,408,ADC,1237,390,4,1,"
9.5680,heen,350,MM0 ?FF
9.5680,heen,350,MM1 ?FF
9.5888,heen,331,MM0 FF=0
9.5889,heen,331,MM1 FF=0
9.5889,heen,331,"#215,YAW,2.51,GYRO,181,74,-52,ACC,36,1,119,ADC,1277,385,7,2,"
9.5889,heen,331,MM1 ?P
9.5889,heen,331,MM0 ?P
9.5889,heen,331,MM0 P=350:-350
9.6231,heen,331,MM1 P=350:-350
9.6231,heen,331,MM0 !M 331 -331
9.6232,heen,331,MM1 !M 331 -331
9.6232,heen,331,MM0 +
9.6232,heen,331,MM1 +
9.6232,heen,331,"#216,YAW,2.51,GYRO,66,162,-3,ACC,-11,-29,210,ADC,1223,387,5,2,"
9.6232,heen,331,MM0 ?S
9.6232,heen,331,MM1 ?S
9.6232,heen,331,MM0 S=375:-300
9.6232,heen,331,MM1 S=300:-300
9.6438,heen,331,"#217,YAW,2.51,GYRO,-93,262,-6,ACC,-16,14,421,ADC,1261,502,7,2,"
9.6438,heen,331,MM0 ?T
9.6438,heen,331,MM1 ?T
9.6439,heen,331,MM0 T=35:34
9.6439,heen,331,MM1 T=35:33
9.6649,heen,331,"#218,YAW,2.51,GYRO,49,-206,-1,ACC,52,18,141,ADC,1267,388,5,2,"
9.6650,heen,331,MM0 ?V
9.6650,heen,331,MM1 ?V
9.6650,heen,331,MM0 V=120:222:4904
9.6650,heen,331,MM1 V=120:225:4898
9.6861,heen,261,"#219,YAW,2.51,GYRO,-70,60,20,ACC,-35,3,318,ADC,1221,389,5,2,"
9.6861,heen,261,MM1 ?CR
9.6862,heen,261,MM0 ?CR
9.6862,heen,261,MM1 CR=83:-81
9.6862,heen,261,MM0 CR=83:-82
9.7261,heen,261,"#220,YAW,2.51,GYRO,-120,-107,30,ACC,-11,28,206,ADC,1264,412,4,2,"
9.7261,heen,261,MM0 ?A
9.7261,heen,261,MM1 ?A
9.7261,heen,261,MM0 A=3:0
9.7261,heen,261,MM1 A=3:0
9.7261,heen,261,MM0 !M 261 -261
9.7261,heen,261,MM1 !M 261 -261
9.7261,heen,261,MM0 +
9.7261,heen,261,MM1 +
9.7261,heen,261,"#221,YAW,2.51,GYRO,18,58,12,ACC,6,-3,161,ADC,1262,312,4,2,"
9.7261,heen,261,MM0 ?AI
9.7261,heen,261,MM1 ?AI
9.7261,heen,261,MM0 AI=0:0:2389:2407:0:0
9.7261,heen,261,MM1 AI=0:0:2295:2334:0:0
9.7261,heen,261,"#222,YAW,2.51,GYRO,-71,164,5,ACC,-93,7,461,ADC,1253,386,5,1,"
9.7478,heen,261,MM0 ?C
9.7478,heen,261,MM1 ?C
9.7478,heen,261,MM0 C=1389:-1396
9.7479,heen,261,MM1 C=2959:-3084
9.7479,heen,261,"#223,YAW,2.51,GYRO,68,111,-43,ACC,-98,-44,127,ADC,1279,498,6,2,"
9.7479,heen,261,MM0 ?D
9.7680,heen,261,MM1 ?D
9.7680,heen,261,MM0 D=51
9.7680,heen,261,MM1 D=27
9.7680,heen,261,"$GPRMC,092602.4,A,5050.50348,N,00419.38378,E,000.27,139.0,021026,000.4,E*5F"
9.7680,heen,261,"#224,YAW,2.52,GYRO,-65,-181,-193,ACC,-129,-9,171,ADC,1262,497,8,2,"
9.7680,heen,261,MM0 ?FF
9.7680,heen,261,MM1 ?FF
9.7888,heen,191,MM0 FF=0
9.7888,heen,191,MM1 FF=0
9.7888,heen,191,"#225,YAW,2.52,GYRO,178,128,-161,ACC,-187,-16,256,ADC,1236,390,6,2,"
9.7888,heen,191,MM0 ?P
9.7888,heen,191,MM1 ?P
9.8230,heen,191,MM0 P=261:-261
9.8230,heen,191,MM1 P=261:-261
9.8230,heen,191,MM0 !M 191 -191
9.8230,heen,191,MM1 !M 191 -191
9.8230,heen,191,MM0 +
9.8230,heen,191,MM1 +
9.8230,heen,191,"#226,YAW,2.53,GYRO,-234,-1,-163,ACC,11,62,121,ADC,1214,384,5,2,"
9.8231,heen,191,MM0 ?S
9.8231,heen,191,MM1 ?S
9.8231,heen,191,MM0 S=225:-225
9.8231,heen,191,MM1 S=300:-225
9.8444,heen,191,"#227,YAW,2.53,GYRO,61,58,-95,ACC,-116,4,168,ADC,1231,498,6,2,"
9.8444,heen,191,MM0 ?T
9.8444,heen,191,MM1 ?T
9.8444,heen,191,MM0 T=35:34
9.8444,heen,191,MM1 T=36:33
9.8651,heen,191,"#228,YAW,2.53,GYRO,38,168,-99,ACC,-50,-5,19,ADC,1253,402,8,2,"
9.8651,heen,191,MM0 ?V
9.8651,heen,191,MM1 ?V
9.8651,heen,191,MM0 V=120:223:4903
9.8651,heen,191,MM1 V=120:223:4899
9.8861,heen,120,"#229,YAW,2.53,GYRO,-118,-116,-102,ACC,-22,-159,672,ADC,1281,500,6,2,"
9.8861,heen,120,MM1 ?CR
9.8861,heen,120,MM0 ?CR
9.8861,heen,120,MM1 CR=69:-67
9.8861,heen,120,MM0 CR=71:-60
9.9211,heen,120,"#230,YAW,2.54,GYRO,10,-38,-101,ACC,-82,-15,106,ADC,1260,502,7,2,"
9.9211,heen,120,MM1 ?A
9.9211,heen,120,MM0 ?A
9.9211,heen,120,MM0 A=-4:0
9.9211,heen,120,MM1 A=0:0
9.9211,heen,120,MM1 !M 120 -120
9.9212,heen,120,MM0 !M 120 -120
9.9212,heen,120,MM1 +
9.9212,heen,120,MM0 +
9.9212,heen,120,"#231,YAW,2.54,GYRO,-1,-19,-76,ACC,-25,-35,226,ADC,1258,387,4,2,"
9.9212,heen,120,MM1 ?AI
9.9212,heen,120,MM0 ?AI
9.9212,heen,120,MM1 AI=0:0:2323:2307:0:0
9.9212,heen,120,MM0 AI=0:0:2407:2393:0:0
9.9419,heen,120,"#232,YAW,2.54,GYRO,-34,307,-64,ACC,-58,35,217,ADC,1224,411,5,2,"
9.9419,heen,120,MM0 ?C
9.9419,heen,120,MM1 ?C
9.9419,heen,120,MM0 C=1451:-1446
9.9419,heen,120,MM1 C=3020:-3141
9.9629,heen,120,"#233,YAW,2.54,GYRO,120,-76,-21,ACC,-21,-29,286,ADC,1244,383,4,2,"
9.9629,heen,120,MM0 ?D
9.9629,heen,120,MM1 ?D
9.9629,heen,120,MM0 D=33
9.9629,heen,120,MM1 D=32
9.9629,heen,120,"$GPRMC,092602.6,A,5050.50349,N,00419.38378,E,000.26,139.0,021026,000.4,E*5D"
9.9847,heen,50,"#234,YAW,2.54,GYRO,-59,16,15,ACC,-45,-1,267,ADC,1287,499,4,2,"
9.9847,heen,50,MM0 ?FF
9.9847,heen,50,MM1 ?FF
9.9847,heen,50,MM0 FF=0
9.9847,heen,50,MM1 FF=0
10.0197,heen,50,"#235,YAW,2.54,GYRO,-13,52,13,ACC,-22,16,227,ADC,1259,387,7,2,"
10.0197,heen,50,MM0 ?P
10.0197,heen,50,MM1 ?P
10.0197,heen,50,MM0 P=120:-120
10.0197,heen,50,MM1 P=120:-120
10.0197,heen,50,MM0 !M 50 -50
10.0197,heen,50,MM1 !M 50 -50
10.0197,heen,50,MM0 +
10.0197,heen,50,MM1 +
10.0197,heen,50,"#236,YAW,2.54,GYRO,-34,81,-1,ACC,-39,22,285,ADC,1278,499,9,2,"
10.0197,heen,50,MM0 ?S
10.0197,heen,50,MM1 ?S
10.0197,heen,50,MM0 S=75:-75
10.0197,heen,50,MM1 S=150:-75
10.0410,heen,50,"#237,YAW,2.54,GYRO,-60,115,-31,ACC,-69,5,258,ADC,1256,501,6,1,"
10.0411,heen,50,MM0 ?T
10.0411,heen,50,MM1 ?T
10.0411,heen,50,MM0 T=35:34
10.0411,heen,50,MM1 T=36:33
10.0618,heen,50,"#238,YAW,2.54,GYRO,-29,11,-44,ACC,-46,-18,231,ADC,1277,383,7,1,"
10.0618,heen,50,MM1 ?V
10.0618,heen,50,MM0 ?V
10.0618,heen,50,MM1 V=120:223:4898
10.0618,heen,50,MM0 V=120:223:4905
10.0830,pauze,0,"#239,YAW,2.54,GYRO,-8,-24,-25,ACC,-55,-19,235,ADC,1267,405,5,1,"
10.0830,pauze,0,MM1 ?CR
10.0830,pauze,0,MM0 ?CR
10.0830,pauze,0,MM1 CR=37:-36
10.0830,pauze,0,MM0 CR=38:-36
10.1169,pauze,0,"#240,YAW,2.54,GYRO,25,90,-8,ACC,-36,-1,265,ADC,1264,495,6,2,"
10.1169,pauze,0,MM1 ?A
10.1169,pauze,0,MM0 ?A
10.1169,pauze,0,MM0 A=0:5
10.1169,pauze,0,MM1 A=0:0
10.1169,pauze,0,MM1 !M 0 0
10.1169,pauze,0,MM0 !M 0 0
10.1169,pauze,0,MM1 +
10.1169,pauze,0,MM0 +
10.1169,pauze,0,"#241,YAW,2.54,GYRO,20,105,7,ACC,-70,7,251,ADC,1254,501,5,2,"
10.1169,pauze,0,MM1 ?AI
10.1169,pauze,0,MM0 ?AI
10.1169,pauze,0,MM1 AI=0:0:2296:2322:0:0
10.1169,pauze,0,MM0 AI=0:0:2408:2393:0:0
10.1376,pauze,0,"#242,YAW,2.54,GYRO,9,36,5,ACC,-48,11,270,ADC,1278,386,7,2,"
10.1377,pauze,0,MM1 ?C
10.1377,pauze,0,MM0 ?C
10.1377,pauze,0,MM1 C=3047:-3168
10.1377,pauze,0,MM0 C=1479:-1473
10.1588,pauze,0,"#243,YAW,2.54,GYRO,-30,29,-6,ACC,-48,8,249,ADC,1263,503,6,2,"
10.1589,pauze,0,MM1 ?D
10.1589,pauze,0,MM0 ?D
10.1589,pauze,0,MM1 D=48
10.1589,pauze,0,MM0 D=51
10.1589,pauze,0,"$GPRMC,092602.8,A,5050.50351,N,00419.38377,E,000.26,139.0,021026,000.4,E*55"
10.1812,pauze,0,"#244,YAW,2.54,GYRO,-3,23,-25,ACC,-46,-7,250,ADC,1280,389,5,2,"
10.1813,pauze,0,MM1 ?FF
10.1813,pauze,0,MM0 ?FF
10.1813,pauze,0,MM1 FF=0
10.1813,pauze,0,MM0 FF=0
10.2179,pauze,0,"#245,YAW,2.54,GYRO,-11,49,-26,ACC,-33,-3,272,ADC,1282,501,4,2,"
10.2179,pauze,0,MM1 ?P
10.2179,pauze,0,MM0 ?P
10.2179,pauze,0,MM1 P=0:0
10.2179,pauze,0,MM0 P=0:0
10.2180,pauze,0,MM0 !M 0 0
10.2180,pauze,0,MM1 !M 0 0
10.2180,pauze,0,MM0 +
10.2180,pauze,0,MM1 +
10.2180,pauze,0,MM0 PING
10.2180,pauze,0,MM1 PING
10.2180,pauze,0,MM0 !M 0 0
10.2180,pauze,0,MM1 !M 0 0
10.2180,pauze,0,MM0 +
10.2180,pauze,0,MM1 +
10.2180,pauze,0,"#246,YAW,2.54,GYRO,-20,26,-31,ACC,-26,3,246,ADC,1264,499,4,2,"
10.2180,pauze,0,MM1 ?S
10.2180,pauze,0,MM0 ?S
10.2180,pauze,0,MM1 S=0:0
10.2180,pauze,0,MM0 S=0:0
10.2389,pauze,0,"#247,YAW,2.54,GYRO,1,53,-19,ACC,-35,8,254,ADC,1279,502,5,2,"
10.2389,pauze,0,MM1 ?T
10.2389,pauze,0,MM0 ?T
10.2389,pauze,0,MM1 T=36:33
10.2389,pauze,0,MM0 T=35:34
10.2596,pauze,0,"#248,YAW,2.54,GYRO,-8,45,-5,ACC,-34,4,259,ADC,1273,498,5,2,"
10.2596,pauze,0,MM1 ?V
10.2596,pauze,0,MM0 ?V
10.2597,pauze,0,MM1 V=120:223:4898
10.2597,pauze,0,MM0 V=120:223:4904
10.2802,pauze,0,"#249,YAW,2.54,GYRO,-10,18,-5,ACC,-10,4,254,ADC,1237,380,6,1,"
10.2802,pauze,0,MM1 ?CR
10.2802,pauze,0,MM0 ?CR
10.2802,pauze,0,MM1 CR=9:-9
10.2802,pauze,0,MM0 CR=8:-9
10.3161,pauze,0,"#250,YAW,2.54,GYRO,-6,55,-4,ACC,-9,2,260,ADC,1245,389,4,2,"
10.3161,pauze,0,MM1 ?A
10.3161,pauze,0,MM0 ?A
10.3161,pauze,0,MM1 A=0:0
10.3161,pauze,0,MM0 A=0:0
10.3161,pauze,0,MM1 !M 0 0
10.3162,pauze,0,MM0 !M 0 0
10.3162,pauze,0,MM1 +
10.3162,pauze,0,MM0 +
10.3162,pauze,0,"#251,YAW,2.54,GYRO,-8,41,8,ACC,-1,0,258,ADC,1253,501,7,2,"
10.3162,pauze,0,MM1 ?AI
10.3162,pauze,0,MM0 ?AI
10.3162,pauze,0,MM1 AI=0:0:2291:2336:0:0
10.3162,pauze,0,MM0 AI=0:0:2406:2406:0:0
10.3358,pauze,0,"#252,YAW,2.54,GYRO,-5,37,12,ACC,3,2,249,ADC,1221,383,8,2,"
10.3358,pauze,0,MM1 ?C
10.3358,pauze,0,MM0 ?C
10.3358,pauze,0,MM1 C=3051:-3171
10.3358,pauze,0,MM0 C=1482:-1477
10.3560,pauze,0,"#253,YAW,2.54,GYRO,-7,48,3,ACC,6,4,255,ADC,1233,388,4,2,"
10.3560,pauze,0,MM1 ?D
10.3560,pauze,0,MM0 ?D
10.3560,pauze,0,MM1 D=19
10.3560,pauze,0,MM0 D=0
10.3560,pauze,0,"$GPRMC,092603.0,A,5050.50352,N,00419.38377,E,000.24,139.0,021026,000.4,E*5D"
10.3777,pauze,0,"#254,YAW,2.54,GYRO,-11,31,-11,ACC,10,2,260,ADC,1285,501,4,1,"
10.3777,pauze,0,MM1 ?FF
10.3777,pauze,0,MM0 ?FF
10.3777,pauze,0,MM1 FF=0
10.3777,pauze,0,MM0 FF=0
10.4280,pauze,0,"#255,YAW,2.54,GYRO,-6,47,-15,ACC,9,2,256,ADC,1281,423,4,2,"
10.4281,pauze,0,MM1 ?P
10.4281,pauze,0,MM0 ?P
10.4281,pauze,0,MM1 P=0:0
10.4281,pauze,0,MM0 P=0:0
10.4281,pauze,0,MM0 !M 0 0
10.4281,pauze,0,MM1 !M 0 0
10.4281,pauze,0,MM0 +
10.4281,pauze,0,MM1 +
10.4281,pauze,0,"#0,YAW,2.54,GYRO,-10,42,-10,ACC,12,2,259,ADC,1265,347,4,1,"
10.4281,pauze,0,MM1 ?S
10.4281,pauze,0,MM0 ?S
10.4281,pauze,0,MM1 S=0:0
10.4281,pauze,0,MM0 S=0:0
10.4281,pauze,0,"#1,YAW,2.54,GYRO,-6,50,1,ACC,12,2,259,ADC,1240,385,4,2,"
10.4281,pauze,0,MM1 ?T
10.4281,pauze,0,MM0 ?T
10.4479,pauze,0,MM1 T=36:33
10.4480,pauze,0,MM0 T=35:34
10.4480,pauze,0,"#2,YAW,2.54,GYRO,-7,50,-3,ACC,5,1,257,ADC,1253,497,4,2,"
10.4480,pauze,0,MM1 ?V
10.4480,pauze,0,MM0 ?V
10.4690,pauze,0,MM1 V=120:223:4899
10.4690,pauze,0,MM0 V=120:223:4902
10.4690,pauze,0,"#3,YAW,2.54,GYRO,-7,43,-12,ACC,2,5,259,ADC,1282,395,6,1,"
10.4690,pauze,0,MM0 ?CR
10.4690,pauze,0,MM1 ?CR
10.4690,pauze,0,MM1 CR=-1:1
10.4897,pauze,0,MM0 CR=0:1
10.4897,pauze,0,"#4,YAW,2.55,GYRO,-7,49,-18,ACC,4,4,253,ADC,1242,501,5,1,"
10.4897,pauze,0,MM1 ?A
10.4897,pauze,0,MM0 ?A
10.4897,pauze,0,MM1 A=0:0
10.4897,pauze,0,MM0 A=0:0
10.5241,pauze,0,MM1 !M 0 0
10.5241,pauze,0,MM0 !M 0 0
10.5242,pauze,0,MM1 +
10.5242,pauze,0,MM0 +
10.5242,pauze,0,"#5,YAW,2.55,GYRO,-9,42,-16,ACC,2,2,258,ADC,1214,496,5,1,"
10.5242,pauze,0,MM0 ?AI
10.5242,pauze,0,MM1 ?AI
10.5242,pauze,0,MM0 AI=0:0:2395:2408:0:0
10.5242,pauze,0,MM1 AI=0:0:2332:2308:0:0
10.5451,pauze,0,"#6,YAW,2.55,GYRO,-9,44,-12,ACC,0,1,252,ADC,1253,384,5,2,"
10.5451,pauze,0,MM0 ?C
10.5451,pauze,0,MM1 ?C
10.5451,pauze,0,MM0 C=1482:-1477
10.5451,pauze,0,MM1 C=3050:-3171
10.5659,pauze,0,"#7,YAW,2.55,GYRO,-7,43,-5,ACC,0,3,258,ADC,1263,381,9,2,"
10.5659,pauze,0,MM0 ?D
10.5659,pauze,0,MM1 ?D
10.5659,pauze,0,MM1 D=19
10.5659,pauze,0,MM0 D=0
10.5659,pauze,0,"$GPRMC,092603.2,A,5050.50354,N,00419.38377,E,000.22,139.0,021026,000.4,E*5F"
10.5659,pauze,0,"#8,YAW,2.55,GYRO,-8,44,-4,ACC,-3,4,257,ADC,1303,497,4,2,"
10.5876,pauze,0,MM0 ?FF
10.5876,pauze,0,MM1 ?FF
10.5876,pauze,0,MM0 FF=0
10.5876,pauze,0,MM1 FF=0
10.5876,pauze,0,"#9,YAW,2.55,GYRO,-7,44,-5,ACC,-2,2,251,ADC,1262,387,3,1,"
10.5876,pauze,0,MM0 ?P
10.5876,pauze,0,MM1 ?P
10.6219,pauze,0,MM0 P=0:0
10.6219,pauze,0,MM1 P=0:0
10.6219,pauze,0,MM0 !M 0 0
10.6220,pauze,0,MM1 !M 0 0
10.6220,pauze,0,MM0 +
10.6220,pauze,0,MM1 +
10.6220,pauze,0,"#10,YAW,2.55,GYRO,-8,44,-13,ACC,-1,2,258,ADC,1295,503,6,2,"
10.6220,pauze,0,MM0 ?S
10.6220,pauze,0,MM1 ?S
10.6220,pauze,0,MM0 S=0:0
10.6220,pauze,0,MM1 S=0:0
10.6430,pauze,0,"#11,YAW,2.55,GYRO,-7,43,-14,ACC,0,3,255,ADC,1280,503,5,2,"
10.6430,pauze,0,MM0 ?T
10.6430,pauze,0,MM1 ?T
10.6430,pauze,0,MM0 T=35:34
10.6430,pauze,0,MM1 T=36:33
10.6644,pauze,0,"#12,YAW,2.55,GYRO,-7,45,-13,ACC,-1,2,258,ADC,1267,398,6,2,"
10.6644,pauze,0,MM0 ?V
10.6644,pauze,0,MM1 ?V
10.6644,pauze,0,MM0 V=120:223:4902
10.6644,pauze,0,MM1 V=120:223:4900
10.6847,pauze,0,"#13,YAW,2.55,GYRO,-8,45,-10,ACC,-1,1,252,ADC,1231,385,5,2,"
10.6847,pauze,0,MM0 ?CR
10.6847,pauze,0,MM1 ?CR
10.6847,pauze,0,MM0 CR=0:-1
10.6847,pauze,0,MM1 CR=0:0
10.7188,pauze,0,"#14,YAW,2.55,GYRO,-8,42,-6,ACC,1,1,253,ADC,1264,396,4,2,"
10.7189,pauze,0,MM0 ?A
10.7189,pauze,0,MM1 ?A
10.7189,pauze,0,MM0 A=0:0
10.7189,pauze,0,MM1 A=0:0
10.7189,pauze,0,MM0 !M 0 0
10.7189,pauze,0,MM1 !M 0 0
10.7189,pauze,0,MM0 +
10.7189,pauze,0,MM1 +
10.7189,pauze,0,"#15,YAW,2.55,GYRO,-6,44,-6,ACC,2,2,257,ADC,1264,404,7,2,"
10.7189,pauze,0,MM0 ?AI
10.7189,pauze,0,MM1 ?AI
10.7189,pauze,0,MM0 AI=0:0:2405:2406:0:0
10.7189,pauze,0,MM1 AI=0:0:2302:2326:0:0
10.7397,pauze,0,"#16,YAW,2.55,GYRO,-8,45,-9,ACC,0,2,257,ADC,1241,501,4,2,"
10.7397,pauze,0,MM0 ?C
10.7397,pauze,0,MM1 ?C
10.7397,pauze,0,MM0 C=1482:-1477
10.7397,pauze,0,MM1 C=3050:-3171
10.7607,pauze,0,"#17,YAW,2.55,GYRO,-6,46,-11,ACC,1,2,257,ADC,1275,500,5,2,"
10.7607,pauze,0,MM0 ?D
10.7607,pauze,0,MM1 ?D
10.7607,pauze,0,MM1 D=19
10.7607,pauze,0,MM0 D=0
10.7607,pauze,0,"$GPRMC,092603.4,A,5050.50355,N,00419.38378,E,000.19,139.0,021026,000.4,E*5F"
10.7821,pauze,0,"#18,YAW,2.55,GYRO,-8,42,-12,ACC,2,3,254,ADC,1285,501,4,2,"
10.7822,pauze,0,MM0 ?FF
10.7822,pauze,0,MM1 ?FF
10.7822,pauze,0,MM0 FF=0
10.7822,pauze,0,MM1 FF=0
10.8158,pauze,0,"#19,YAW,2.55,GYRO,-8,44,-10,ACC,0,1,257,ADC,1225,382,6,2,"
10.8158,pauze,0,MM0 ?P
10.8158,pauze,0,MM1 ?P
10.8158,pauze,0,MM0 P=0:0
10.8158,pauze,0,MM1 P=0:0
10.8158,pauze,0,MM1 !M 0 0
10.8158,pauze,0,MM0 !M 0 0
10.8158,pauze,0,MM1 +
10.8158,pauze,0,MM0 +
10.8158,pauze,0,"#20,YAW,2.55,GYRO,-8,45,-8,ACC,0,2,252,ADC,1233,396,6,2,"
10.8158,pauze,0,MM0 ?S
10.8159,pauze,0,MM1 ?S
10.8159,pauze,0,MM0 S=0:0
10.8159,pauze,0,MM1 S=0:0
10.8377,pauze,0,"#21,YAW,2.55,GYRO,-8,44,-7,ACC,0,4,252,ADC,1235,397,6,2,"
10.8377,pauze,0,MM0 ?T
10.8377,pauze,0,MM1 ?T
10.8377,pauze,0,MM0 T=35:34
10.8377,pauze,0,MM1 T=36:33
10.8577,pauze,0,"#22,YAW,2.55,GYRO,-8,43,-8,ACC,2,2,259,ADC,1265,500,7,2,"
10.8577,pauze,0,MM0 ?V
10.8577,pauze,0,MM1 ?V
10.8577,pauze,0,MM0 V=120:219:4900
10.8577,pauze,0,MM1 V=120:225:4900
10.8786,pauze,0,"#23,YAW,2.55,GYRO,-8,44,-11,ACC,1,2,256,ADC,1252,385,4,2,"
10.8786,pauze,0,MM0 ?CR
10.8786,pauze,0,MM1 ?CR
10.8786,pauze,0,MM0 CR=0:0
10.8786,pauze,0,MM1 CR=0:0
10.9178,pauze,0,"#24,YAW,2.55,GYRO,-7,44,-9,ACC,1,1,252,ADC,1256,396,7,2,"
10.9178,pauze,0,MM0 ?A
10.9178,pauze,0,MM1 ?A
10.9178,pauze,0,MM0 A=0:0
10.9178,pauze,0,MM1 A=0:0
10.9178,pauze,0,"#25,YAW,2.55,GYRO,-7,44,-10,ACC,3,2,256,ADC,1189,384,3,2,"
10.9178,pauze,0,MM0 ?AI
10.9178,pauze,0,MM1 ?AI
10.9178,pauze,0,MM0 AI=0:0:2380:2404:0:0
10.9178,pauze,0,MM1 AI=0:0:2333:2334:0:0
10.9178,pauze,0,MM1 !M 0 0
10.9178,pauze,0,MM0 !M 0 0
10.9178,pauze,0,MM1 +
10.9178,pauze,0,MM0 +
10.9387,pauze,0,"#26,YAW,2.55,GYRO,-7,44,-10,ACC,2,3,257,ADC,1250,502,5,1,"
10.9387,pauze,0,MM0 ?C
10.9387,pauze,0,MM1 ?C
10.9387,pauze,0,MM0 C=1482:-1477
10.9388,pauze,0,MM1 C=3050:-3171
10.9606,pauze,0,"#27,YAW,2.55,GYRO,-7,45,-7,ACC,1,2,254,ADC,1268,391,6,2,"
10.9607,pauze,0,MM0 ?D
10.9607,pauze,0,MM1 ?D
10.9607,pauze,0,MM1 D=19
10.9607,pauze,0,MM0 D=0
10.9607,pauze,0,"$GPRMC,092603.6,A,5050.50356,N,00419.38378,E,000.17,139.0,021026,000.4,E*50"
10.9809,pauze,0,"#28,YAW,2.55,GYRO,-9,44,-8,ACC,1,3,255,ADC,1236,383,6,2,"
10.9809,pauze,0,MM0 ?FF
10.9809,pauze,0,MM1 ?FF
10.9809,pauze,0,MM0 FF=0
10.9809,pauze,0,MM1 FF=0
11.0303,pauze,0,"#29,YAW,2.55,GYRO,-9,44,-9,ACC,5,3,254,ADC,1268,503,4,1,"
11.0303,pauze,0,MM0 ?P
11.0303,pauze,0,MM1 ?P
11.0303,pauze,0,MM0 P=0:0
11.0303,pauze,0,MM1 P=0:0
11.0303,pauze,0,"#30,YAW,2.55,GYRO,-8,45,-9,ACC,1,3,251,ADC,1234,391,6,2,"
11.0303,pauze,0,MM0 !M 0 0
11.0303,pauze,0,MM0 +
11.0303,pauze,0,MM1 !M 0 0
11.0303,pauze,0,MM1 +
11.0303,pauze,0,MM0 ?S
11.0303,pauze,0,MM1 ?S
11.0303,pauze,0,MM0 S=0:0
11.0303,pauze,0,MM1 S=0:0
11.0303,pauze,0,"#31,YAW,2.55,GYRO,-7,44,-10,ACC,2,1,252,ADC,1258,500,7,2,"
11.0303,pauze,0,MM0 ?T
11.0304,pauze,0,MM1 ?T
11.0304,pauze,0,MM0 T=35:34
11.0304,pauze,0,MM1 T=36:33
11.0508,pauze,0,"#32,YAW,2.55,GYRO,-8,44,-9,ACC,3,4,257,ADC,1235,501,5,2,"
11.0508,pauze,0,MM0 ?V
11.0508,pauze,0,MM1 ?V
11.0508,pauze,0,MM0 V=120:223:4901
11.0508,pauze,0,MM1 V=120:223:4901
11.0723,pauze,0,"#33,YAW,2.55,GYRO,-6,46,-9,ACC,1,2,257,ADC,1259,502,5,2,"
11.0723,pauze,0,MM0 ?CR
11.0723,pauze,0,MM1 ?CR
11.0723,pauze,0,MM0 CR=0:0
11.0724,pauze,0,MM1 CR=0:0
11.0935,pauze,0,"#34,YAW,2.55,GYRO,-8,46,-10,ACC,1,1,255,ADC,1258,388,5,2,"
11.0935,pauze,0,MM0 ?A
11.0935,pauze,0,MM1 ?A
11.0935,pauze,0,MM0 A=0:0
11.0935,pauze,0,MM1 A=0:0
11.1281,pauze,0,MM1 !M 0 0
11.1281,pauze,0,MM0 !M 0 0
11.1281,pauze,0,MM1 +
11.1281,pauze,0,MM0 +
11.1281,pauze,0,"#35,YAW,2.55,GYRO,-8,44,-9,ACC,1,3,251,ADC,1259,336,5,1,"
11.1281,pauze,0,MM0 ?AI
11.1281,pauze,0,MM1 ?AI
11.1281,pauze,0,MM0 AI=0:0:2396:2406:0:0
11.1281,pauze,0,MM1 AI=0:0:2315:2323:0:0
11.1281,pauze,0,"#36,YAW,2.55,GYRO,-6,44,-11,ACC,0,4,256,ADC,1260,395,6,2,"
11.1281,pauze,0,MM0 ?C
11.1281,pauze,0,MM1 ?C
11.1496,pauze,0,MM0 C=1482:-1477
11.1497,pauze,0,MM1 C=3050:-3171
11.1497,pauze,0,"#37,YAW,2.55,GYRO,-9,46,-10,ACC,1,3,259,ADC,1246,407,7,2,"
11.1498,pauze,0,MM0 ?D
11.1498,pauze,0,MM1 ?D
11.1498,pauze,0,MM1 D=19
11.1498,pauze,0,MM0 D=0
11.1699,pauze,0,"$GPRMC,092603.8,A,5050.50357,N,00419.38379,E,000.17,139.0,021026,000.4,E*5E"
11.1699,pauze,0,"#38,YAW,2.55,GYRO,-8,44,-10,ACC,2,1,257,ADC,1256,390,7,2,"
11.1699,pauze,0,MM0 ?FF
11.1699,pauze,0,MM1 ?FF
11.1699,pauze,0,MM0 FF=0
11.1699,pauze,0,MM1 FF=0
11.1907,pauze,0,"#39,YAW,2.55,GYRO,-8,44,-7,ACC,3,2,253,ADC,1255,502,4,2,"
11.1907,pauze,0,MM0 ?P
11.1908,pauze,0,MM1 ?P
11.1908,pauze,0,MM0 P=0:0
11.1908,pauze,0,MM1 P=0:0
11.2259,pauze,0,MM0 !M 0 0
11.2259,pauze,0,MM1 !M 0 0
11.2259,pauze,0,MM0 +
11.2259,pauze,0,MM1 +
11.2259,pauze,0,"#40,YAW,2.55,GYRO,-6,45,-8,ACC,-2,2,254,ADC,1246,379,5,1,"
11.2259,pauze,0,MM0 ?S
11.2259,pauze,0,MM1 ?S
11.2259,pauze,0,MM0 S=0:0
11.2259,pauze,0,MM1 S=0:0
11.2459,pauze,0,"#41,YAW,2.55,GYRO,-7,45,-10,ACC,2,1,249,ADC,1265,391,4,2,"
11.2459,pauze,0,MM0 ?T
11.2459,pauze,0,MM1 ?T
11.2459,pauze,0,MM0 T=35:34
11.2459,pauze,0,MM1 T=36:33
11.2459,pauze,0,"#42,YAW,2.55,GYRO,-8,45,-8,ACC,4,2,258,ADC,1217,380,6,2,"
11.2668,pauze,0,MM0 ?V
11.2668,pauze,0,MM1 ?V
11.2668,pauze,0,MM0 V=120:223:4900
11.2668,pauze,0,MM1 V=120:223:4901
11.2669,pauze,0,"#43,YAW,2.55,GYRO,-7,44,-9,ACC,4,3,257,ADC,1276,396,5,2,"
11.2669,pauze,0,MM0 ?CR
11.2885,pauze,0,MM1 ?CR
11.2885,pauze,0,MM0 CR=0:0
11.2885,pauze,0,MM1 CR=0:0
11.2885,pauze,0,"#44,YAW,2.55,GYRO,-8,45,-8,ACC,3,1,253,ADC,1263,501,6,2,"
11.2885,pauze,0,MM0 ?A
11.2885,pauze,0,MM1 ?A
11.2885,pauze,0,MM0 A=0:0
11.3219,pauze,0,MM1 A=0:0
11.3219,pauze,0,MM1 !M 0 0
11.3219,pauze,0,MM0 !M 0 0
11.3219,pauze,0,MM1 +
11.3219,pauze,0,MM0 +
11.3219,pauze,0,"#45,YAW,2.55,GYRO,-8,44,-8,ACC,3,2,255,ADC,1231,382,5,2,"
11.3219,pauze,0,MM0 ?AI
11.3219,pauze,0,MM1 ?AI
11.3219,pauze,0,MM0 AI=0:0:2387:2422:0:0
11.3220,pauze,0,MM1 AI=0:0:2318:2344:0:0
11.3428,pauze,0,"#46,YAW,2.55,GYRO,-8,46,-11,ACC,4,3,254,ADC,1297,501,8,2,"
11.3428,pauze,0,MM0 ?C
11.3428,pauze,0,MM1 ?C
11.3428,pauze,0,MM0 C=1482:-1477
11.3428,pauze,0,MM1 C=3050:-3171
11.3643,pauze,0,"#47,YAW,2.55,GYRO,-8,47,-9,ACC,2,2,257,ADC,1223,382,5,1,"
11.3644,pauze,0,MM0 ?D
11.3644,pauze,0,MM1 ?D
11.3644,pauze,0,MM1 D=19
11.3644,pauze,0,MM0 D=0
11.3644,pauze,0,"$GPRMC,092604.0,A,5050.50357,N,00419.38380,E,000.16,139.0,021026,000.4,E*56"
11.3851,pauze,0,"#48,YAW,2.55,GYRO,-9,43,-9,ACC,3,1,256,ADC,1248,390,4,1,"
11.3851,pauze,0,MM0 ?FF
11.3851,pauze,0,MM1 ?FF
11.3851,pauze,0,MM0 FF=0
11.3851,pauze,0,MM1 FF=0
11.4209,pauze,0,"#49,YAW,2.55,GYRO,-9,44,-10,ACC,3,2,259,ADC,1243,389,6,2,"
11.4209,pauze,0,MM0 ?P
11.4209,pauze,0,MM1 ?P
11.4209,pauze,0,MM0 P=0:0
11.4209,pauze,0,MM1 P=0:0
11.4210,pauze,0,MM0 !M 0 0
11.4210,pauze,0,MM0 +
11.4210,pauze,0,MM1 !M 0 0
11.4210,pauze,0,MM1 +
11.4210,pauze,0,"#50,YAW,2.56,GYRO,-8,44,-7,ACC,3,2,259,ADC,1287,387,5,2,"
11.4210,pauze,0,MM0 ?S
11.4210,pauze,0,MM1 ?S
11.4210,pauze,0,MM0 S=0:0
11.4210,pauze,0,MM1 S=0:0
11.4407,pauze,0,"#51,YAW,2.56,GYRO,-8,45,-9,ACC,3,3,252,ADC,1291,387,4,2,"
11.4408,pauze,0,MM0 ?T
11.4408,pauze,0,MM1 ?T
11.4408,pauze,0,MM0 T=35:34
11.4408,pauze,0,MM1 T=36:33
11.4619,pauze,0,"#52,YAW,2.56,GYRO,-8,45,-9,ACC,1,4,255,ADC,1258,384,5,2,"
11.4619,pauze,0,MM0 ?V
11.4619,pauze,0,MM1 ?V
11.4619,pauze,0,MM0 V=120:224:4901
11.4619,pauze,0,MM1 V=120:223:4902
11.4829,pauze,0,"#53,YAW,2.56,GYRO,-8,44,-9,ACC,4,3,257,ADC,1271,501,5,2,"
11.4829,pauze,0,MM0 ?CR
11.4829,pauze,0,MM1 ?CR
11.4829,pauze,0,MM0 CR=0:0
11.4829,pauze,0,MM1 CR=0:0
11.5308,pauze,0,"#54,YAW,2.56,GYRO,-8,44,-8,ACC,4,2,254,ADC,1271,495,4,2,"
11.5308,pauze,0,MM0 ?A
11.5309,pauze,0,MM1 ?A
11.5309,pauze,0,MM0 A=0:0
11.5309,pauze,0,MM1 A=0:0
11.5309,pauze,0,"#55,YAW,2.56,GYRO,-8,45,-8,ACC,3,2,253,ADC,1275,408,6,2,"
11.5309,pauze,0,MM0 ?AI
11.5309,pauze,0,MM1 ?AI
11.5309,pauze,0,MM0 AI=0:0:2395:2400:0:0
11.5309,pauze,0,MM1 AI=0:0:2320:2343:0:0
11.5309,pauze,0,MM0 !M 0 0
11.5309,pauze,0,MM1 !M 0 0
11.5309,pauze,0,MM0 +
11.5309,pauze,0,MM1 +
11.5309,pauze,0,"#56,YAW,2.56,GYRO,-7,45,-8,ACC,4,2,255,ADC,1276,390,6,1,"
11.5309,pauze,0,MM0 ?C
11.5309,pauze,0,MM1 ?C
11.5309,pauze,0,MM0 C=1482:-1477
11.5309,pauze,0,MM1 C=3050:-3171
11.5529,pauze,0,"#57,YAW,2.56,GYRO,-8,45,-9,ACC,1,3,257,ADC,1243,381,4,2,"
11.5529,pauze,0,MM0 ?D
11.5529,pauze,0,MM1 ?D
11.5529,pauze,0,MM1 D=19
11.5529,pauze,0,MM0 D=0
11.5726,pauze,0,"$GPRMC,092604.2,A,5050.50358,N,00419.38381,E,000.16,139.0,021026,000.4,E*5A"
11.5727,pauze,0,"#58,YAW,2.56,GYRO,-7,46,-10,ACC,2,3,254,ADC,1279,501,5,2,"
11.5727,pauze,0,MM0 ?FF
11.5727,pauze,0,MM1 ?FF
11.5727,pauze,0,MM0 FF=0
11.5727,pauze,0,MM1 FF=0
11.5937,pauze,0,"#59,YAW,2.56,GYRO,-8,46,-9,ACC,4,1,254,ADC,1242,494,6,2,"
11.5938,pauze,0,MM0 ?P
11.5938,pauze,0,MM1 ?P
11.5938,pauze,0,MM0 P=0:0
11.5938,pauze,0,MM1 P=0:0
11.6278,pauze,0,MM0 !M 0 0
11.6278,pauze,0,MM1 !M 0 0
11.6278,pauze,0,MM0 +
11.6278,pauze,0,MM1 +
11.6279,pauze,0,"#60,YAW,2.56,GYRO,-8,44,-9,ACC,5,1,254,ADC,1245,365,5,2,"
11.6279,pauze,0,MM0 ?S
11.6279,pauze,0,MM1 ?S
11.6279,pauze,0,MM0 S=0:0
11.6279,pauze,0,MM1 S=0:0
11.6279,pauze,0,"#61,YAW,2.56,GYRO,-8,44,-9,ACC,4,3,258,ADC,1271,392,5,2,"
11.6279,pauze,0,MM0 ?T
11.6279,pauze,0,MM1 ?T
11.6493,pauze,0,MM0 T=35:34
11.6493,pauze,0,MM1 T=36:33
11.6493,pauze,0,"#62,YAW,2.56,GYRO,-9,43,-10,ACC,2,2,253,ADC,1286,501,7,2,"
11.6494,pauze,0,MM0 ?V
11.6494,pauze,0,MM1 ?V
11.6494,pauze,0,MM0 V=120:223:4899
11.6698,pauze,0,MM1 V=120:223:4901
11.6698,pauze,0,"#63,YAW,2.56,GYRO,-9,46,-9,ACC,2,3,256,ADC,1236,388,5,2,"
11.6698,pauze,0,MM0 ?CR
11.6698,pauze,0,MM1 ?CR
11.6698,pauze,0,MM0 CR=0:0
11.6698,pauze,0,MM1 CR=0:0
11.6906,pauze,0,"#64,YAW,2.56,GYRO,-8,46,-9,ACC,1,4,255,ADC,1266,497,4,2,"
11.6906,pauze,0,MM0 ?A
11.6907,pauze,0,MM1 ?A
11.6907,pauze,0,MM0 A=0:0
11.6907,pauze,0,MM1 A=0:0
11.7251,pauze,0,MM1 !M 0 0
11.7251,pauze,0,MM0 !M 0 0
11.7251,pauze,0,MM1 +
11.7251,pauze,0,MM0 +
11.7251,pauze,0,"#65,YAW,2.56,GYRO,-9,46,-9,ACC,1,2,250,ADC,1234,387,8,1,"
11.7251,pauze,0,MM0 ?AI
11.7251,pauze,0,MM1 ?AI
11.7251,pauze,0,MM0 AI=0:0:2383:2403:0:0
11.7251,pauze,0,MM1 AI=0:0:2315:2307:0:0
11.7469,pauze,0,"#66,YAW,2.56,GYRO,-8,44,-9,ACC,2,3,256,ADC,1245,385,6,2,"
11.7469,pauze,0,MM0 ?C
11.7469,pauze,0,MM1 ?C
11.7469,pauze,0,MM0 C=1482:-1477
11.7469,pauze,0,MM1 C=3050:-3171
11.7469,pauze,0,"#67,YAW,2.56,GYRO,-9,46,-9,ACC,0,2,260,ADC,1220,387,5,2,"
11.7669,pauze,0,MM0 ?D
11.7669,pauze,0,MM1 ?D
11.7669,pauze,0,MM1 D=19
11.7669,pauze,0,MM0 D=0
11.7669,pauze,0,"$GPRMC,092604.4,A,5050.50359,N,00419.38382,E,000.15,139.0,021026,000.4,E*5D"
11.7669,pauze,0,"#68,YAW,2.56,GYRO,-8,44,-9,ACC,1,3,258,ADC,1233,500,7,2,"
11.7669,pauze,0,MM0 ?FF
11.7886,pauze,0,MM1 ?FF
11.7886,pauze,0,MM0 FF=0
11.7886,pauze,0,MM1 FF=0
11.7887,pauze,0,"#69,YAW,2.56,GYRO,-8,45,-8,ACC,4,3,252,ADC,1236,381,5,1,"
11.7887,pauze,0,MM0 ?P
11.7887,pauze,0,MM1 ?P
11.7887,pauze,0,MM0 P=0:0
11.8231,pauze,0,MM1 P=0:0
11.8231,pauze,0,MM1 !M 0 0
11.8232,pauze,0,MM0 !M 0 0
11.8232,pauze,0,MM1 +
11.8232,pauze,0,MM0 +
11.8232,pauze,0,"#70,YAW,2.56,GYRO,-7,47,-8,ACC,2,3,254,ADC,1225,386,3,2,"
11.8232,pauze,0,MM0 ?S
11.8232,pauze,0,MM1 ?S
11.8232,pauze,0,MM0 S=0:0
11.8232,pauze,0,MM1 S=0:0
11.8436,pauze,0,"#71,YAW,2.56,GYRO,-8,44,-10,ACC,-1,5,258,ADC,1248,499,5,3,"
11.8436,pauze,0,MM0 ?T
11.8436,pauze,0,MM1 ?T
11.8436,pauze,0,MM0 T=35:34
11.8436,pauze,0,MM1 T=35:33
11.8649,pauze,0,"#72,YAW,2.56,GYRO,-7,45,-9,ACC,1,2,250,ADC,1238,387,5,2,"
11.8649,pauze,0,MM0 ?V
11.8649,pauze,0,MM1 ?V
11.8649,pauze,0,MM0 V=120:223:4899
11.8649,pauze,0,MM1 V=120:224:4901
11.8859,pauze,0,"#73,YAW,2.56,GYRO,-8,43,-9,ACC,5,2,252,ADC,1264,407,4,2,"
11.8859,pauze,0,MM0 ?CR
11.8859,pauze,0,MM1 ?CR
11.8859,pauze,0,MM0 CR=0:0
11.8859,pauze,0,MM1 CR=0:0
11.8859,pauze,0,"#74,YAW,2.56,GYRO,-9,45,-10,ACC,2,6,254,ADC,1287,384,5,2,"
11.9200,pauze,0,MM0 ?A
11.9200,pauze,0,MM1 ?A
11.9200,pauze,0,MM0 A=0:0
11.9200,pauze,0,MM1 A=0:0
11.9200,pauze,0,MM1 !M 0 0
11.9200,pauze,0,MM0 !M 0 0
11.9200,pauze,0,MM1 +
11.9200,pauze,0,MM0 +
11.9201,pauze,0,"#75,YAW,2.56,GYRO,-7,44,-9,ACC,-1,2,254,ADC,1253,386,4,2,"
11.9201,pauze,0,MM0 ?AI
11.9201,pauze,0,MM1 ?AI
11.9201,pauze,0,MM0 AI=0:0:2386:2417:0:0
11.9201,pauze,0,MM1 AI=0:0:2297:2339:0:0
11.9410,pauze,0,"#76,YAW,2.56,GYRO,-8,45,-10,ACC,3,3,254,ADC,1287,503,7,2,"
11.9411,pauze,0,MM0 ?C
11.9411,pauze,0,MM1 ?C
11.9411,pauze,0,MM0 C=1482:-1477
11.9411,pauze,0,MM1 C=3050:-3171
11.9619,pauze,0,"#77,YAW,2.56,GYRO,-7,44,-9,ACC,2,3,259,ADC,1253,391,3,1,"
11.9619,pauze,0,MM0 ?D
11.9619,pauze,0,MM1 ?D
11.9619,pauze,0,MM1 D=19
11.9619,pauze,0,MM0 D=0
11.9619,pauze,0,"$GPRMC,092604.6,A,5050.50359,N,00419.38383,E,000.14,139.0,021026,000.4,E*5F"
11.9830,pauze,0,"#78,YAW,2.56,GYRO,-8,44,-10,ACC,0,4,255,ADC,1270,400,5,2,"
11.9830,pauze,0,MM0 ?FF
11.9830,pauze,0,MM1 ?FF
11.9830,pauze,0,MM0 FF=0
11.9830,pauze,0,MM1 FF=0
12.0358,pauze,0,"#79,YAW,2.56,GYRO,-9,45,-9,ACC,0,2,252,ADC,1296,392,7,2,"
12.0359,pauze,0,MM0 ?P
12.0359,pauze,0,MM1 ?P
12.0359,pauze,0,MM0 P=0:0
12.0359,pauze,0,MM1 P=0:0
12.0359,pauze,0,"#80,YAW,2.56,GYRO,-7,46,-9,ACC,3,4,257,ADC,1231,385,7,1,"
12.0359,pauze,0,MM0 ?S
12.0359,pauze,0,MM1 ?S
12.0359,pauze,0,MM0 S=0:0
12.0359,pauze,0,MM1 S=0:0
12.0359,pauze,0,MM1 !M 0 0
12.0359,pauze,0,MM0 !M 0 0
12.0359,pauze,0,MM1 +
12.0359,pauze,0,MM0 +
12.0359,pauze,0,"#81,YAW,2.56,GYRO,-8,46,-9,ACC,2,1,255,ADC,1247,389,5,2,"
12.0359,pauze,0,MM0 ?T
12.0359,pauze,0,MM1 ?T
12.0359,pauze,0,MM0 T=35:34
12.0359,pauze,0,MM1 T=36:33
12.0568,pauze,0,"#82,YAW,2.56,GYRO,-8,43,-9,ACC,1,2,253,ADC,1258,398,5,2,"
12.0568,pauze,0,MM0 ?V
12.0568,pauze,0,MM1 ?V
12.0568,pauze,0,MM0 V=120:225:4901
12.0568,pauze,0,MM1 V=120:223:4901
12.0777,pauze,0,"#83,YAW,2.56,GYRO,-7,44,-9,ACC,3,1,256,ADC,1254,395,4,2,"
12.0777,pauze,0,MM1 ?CR
12.0777,pauze,0,MM0 ?CR
12.0777,pauze,0,MM1 CR=0:0
12.0777,pauze,0,MM0 CR=0:0
12.0986,pauze,0,"#84,YAW,2.56,GYRO,-8,45,-9,ACC,2,1,256,ADC,1246,401,6,2,"
12.0987,pauze,0,MM0 ?A
12.0987,pauze,0,MM1 ?A
12.0987,pauze,0,MM0 A=0:0
12.0987,pauze,0,MM1 A=0:0
12.1332,pauze,0,"#85,YAW,2.56,GYRO,-9,45,-10,ACC,-2,3,256,ADC,1273,399,5,1,"
12.1332,pauze,0,MM1 ?AI
12.1332,pauze,0,MM0 ?AI
12.1332,pauze,0,MM0 AI=0:0:2412:2397:0:0
12.1332,pauze,0,MM1 AI=0:0:2313:2301:0:0
12.1332,pauze,0,MM1 !M 0 0
12.1332,pauze,0,MM0 !M 0 0
12.1332,pauze,0,MM1 +
12.1332,pauze,0,MM0 +
12.1332,pauze,0,"#86,YAW,2.56,GYRO,-7,46,-9,ACC,2,3,256,ADC,1235,383,6,2,"
12.1332,pauze,0,MM0 ?C
12.1332,pauze,0,MM1 ?C
12.1332,pauze,0,MM0 C=1482:-1477
12.1332,pauze,0,MM1 C=3050:-3171
12.1538,pauze,0,"#87,YAW,2.56,GYRO,-7,44,-10,ACC,2,4,250,ADC,1296,402,5,2,"
12.1538,pauze,0,MM0 ?D
12.1538,pauze,0,MM1 ?D
12.1538,pauze,0,MM1 D=19
12.1538,pauze,0,MM0 D=0
12.1746,pauze,0,"$GPRMC,092604.8,A,5050.50360,N,00419.38384,E,000.14,139.0,021026,000.4,E*5C"
12.1747,pauze,0,"#88,YAW,2.56,GYRO,-7,44,-9,ACC,1,1,256,ADC,1239,497,6,2,"
12.1747,pauze,0,MM1 ?FF
12.1747,pauze,0,MM0 ?FF
12.1747,pauze,0,MM1 FF=0
12.1747,pauze,0,MM0 FF=0
12.1990,pauze,0,"#89,YAW,2.56,GYRO,-8,44,-9,ACC,1,3,254,ADC,1269,498,4,2,"
12.1990,pauze,0,MM0 ?P
12.1990,pauze,0,MM1 ?P
12.1990,pauze,0,MM0 P=0:0
12.1990,pauze,0,MM1 P=0:0
12.2327,pauze,0,"#90,YAW,2.56,GYRO,-8,45,-8,ACC,1,3,259,ADC,1198,385,8,2,"
12.2328,pauze,0,MM0 ?S
12.2328,pauze,0,MM1 ?S
12.2328,pauze,0,MM0 S=0:0
12.2328,pauze,0,MM1 S=0:0
12.2328,pauze,0,MM0 !M 0 0
12.2328,pauze,0,MM1 !M 0 0
12.2328,pauze,0,MM0 +
12.2328,pauze,0,MM1 +
12.2328,pauze,0,"#91,YAW,2.56,GYRO,-8,46,-10,ACC,-2,2,258,ADC,1307,503,4,2,"
12.2328,pauze,0,MM1 ?T
12.2328,pauze,0,MM0 ?T
12.2328,pauze,0,MM1 T=36:33
12.2328,pauze,0,MM0 T=35:34
12.2537,pauze,0,"#92,YAW,2.56,GYRO,-8,45,-9,ACC,1,2,255,ADC,1251,383,7,2,"
12.2537,pauze,0,MM1 ?V
12.2538,pauze,0,MM0 ?V
12.2538,pauze,0,MM1 V=120:224:4901
12.2538,pauze,0,MM0 V=120:223:4900
12.2746,pauze,0,"#93,YAW,2.56,GYRO,-8,45,-8,ACC,2,1,258,ADC,1243,380,5,2,"
12.2746,pauze,0,MM1 ?CR
12.2746,pauze,0,MM0 ?CR
12.2746,pauze,0,MM1 CR=0:0
12.2746,pauze,0,MM0 CR=0:0
12.2958,pauze,0,"#94,YAW,2.56,GYRO,-7,44,-9,ACC,2,2,257,ADC,1273,501,5,2,"
12.2958,pauze,0,MM1 ?A
12.2958,pauze,0,MM0 ?A
12.2958,pauze,0,MM1 A=0:0
12.2958,pauze,0,MM0 A=0:0
12.3299,pauze,0,"#95,YAW,2.56,GYRO,-9,46,-9,ACC,-3,4,255,ADC,1243,386,4,1,"
12.3300,pauze,0,MM0 !M 0 0
12.3300,pauze,0,MM0 +
12.3300,pauze,0,MM1 !M 0 0
12.3300,pauze,0,MM1 +
12.3300,pauze,0,MM1 ?AI
12.3300,pauze,0,MM0 ?AI
12.3300,pauze,0,MM0 AI=0:0:2417:2410:0:0
12.3300,pauze,0,MM1 AI=0:0:2289:2355:0:0
12.3300,pauze,0,"#96,YAW,2.56,GYRO,-8,45,-9,ACC,0,5,254,ADC,1252,387,6,2,"
12.3300,pauze,0,MM1 ?C
12.3300,pauze,0,MM0 ?C
12.3300,pauze,0,MM1 C=3050:-3171
12.3508,pauze,0,MM0 C=1482:-1477
12.3508,pauze,0,"#97,YAW,2.56,GYRO,-8,45,-8,ACC,3,1,255,ADC,1248,500,5,2,"
12.3508,pauze,0,MM1 ?D
12.3509,pauze,0,MM0 ?D
12.3509,pauze,0,MM1 D=19
12.3509,pauze,0,MM0 D=0
12.3737,pauze,0,"$GPRMC,092605.0,A,5050.50360,N,00419.38385,E,000.15,139.0,021026,000.4,E*55"
12.3737,pauze,0,"#98,YAW,2.56,GYRO,-9,44,-9,ACC,2,5,254,ADC,1245,388,4,2,"
12.3737,pauze,0,MM0 ?FF
12.3737,pauze,0,MM1 ?FF
12.3737,pauze,0,MM0 FF=0
12.3737,pauze,0,MM1 FF=0
12.3926,pauze,0,"#99,YAW,2.57,GYRO,-8,44,-9,ACC,0,2,257,ADC,1278,500,7,1,"
12.3926,pauze,0,MM1 ?P
12.3926,pauze,0,MM0 ?P
12.3926,pauze,0,MM1 P=0:0
12.3926,pauze,0,MM0 P=0:0
12.4271,pauze,0,MM1 !M 0 0
12.4271,pauze,0,MM0 !M 0 0
12.4271,pauze,0,MM1 +
12.4271,pauze,0,MM0 +
12.4271,pauze,0,"#100,YAW,2.57,GYRO,-7,43,-10,ACC,3,1,258,ADC,1248,363,5,1,"
12.4271,pauze,0,MM1 ?S
12.4272,pauze,0,MM0 ?S
12.4272,pauze,0,MM1 S=0:0
12.4272,pauze,0,MM0 S=0:0
12.4272,pauze,0,"#101,YAW,2.57,GYRO,-9,45,-8,ACC,3,0,255,ADC,1282,393,6,1,"
12.4272,pauze,0,MM1 ?T
12.4479,pauze,0,MM0 ?T
12.4479,pauze,0,MM1 T=36:33
12.4479,pauze,0,MM0 T=35:34
12.4479,pauze,0,"#102,YAW,2.57,GYRO,-8,45,-10,ACC,3,2,251,ADC,1235,401,6,2,"
12.4479,pauze,0,MM1 ?V
12.4479,pauze,0,MM0 ?V
12.4688,pauze,0,MM1 V=120:224:4901
12.4688,pauze,0,MM0 V=120:223:4901
12.4688,pauze,0,"#103,YAW,2.57,GYRO,-6,43,-9,ACC,0,4,256,ADC,1267,386,6,2,"
12.4688,pauze,0,MM1 ?CR
12.4688,pauze,0,MM0 ?CR
12.4688,pauze,0,MM1 CR=0:0
12.4897,pauze,0,MM0 CR=0:0
12.4897,pauze,0,"#104,YAW,2.57,GYRO,-6,44,-8,ACC,4,4,255,ADC,1248,381,5,2,"
12.4897,pauze,0,MM1 ?A
12.4897,pauze,0,MM0 ?A
12.4897,pauze,0,MM1 A=0:0
12.4897,pauze,0,MM0 A=0:0
12.5240,pauze,0,MM0 !M 0 0
12.5240,pauze,0,MM1 !M 0 0
12.5240,pauze,0,MM0 +
12.5240,pauze,0,MM1 +
12.5240,pauze,0,"#105,YAW,2.57,GYRO,-8,45,-9,ACC,2,1,253,ADC,1233,498,5,1,"
12.5240,pauze,0,MM0 ?AI
12.5240,pauze,0,MM1 ?AI
12.5241,pauze,0,MM0 AI=0:0:2381:2413:0:0
12.5241,pauze,0,MM1 AI=0:0:2297:2338:0:0
12.5448,pauze,0,"#106,YAW,2.57,GYRO,-7,46,-9,ACC,1,3,257,ADC,1263,503,4,1,"
12.5448,pauze,0,MM0 ?C
12.5449,pauze,0,MM1 ?C
12.5449,pauze,0,MM0 C=1482:-1477
12.5449,pauze,0,MM1 C=3050:-3171
12.5665,pauze,0,"#107,YAW,2.57,GYRO,-9,43,-9,ACC,3,2,253,ADC,1270,385,4,2,"
12.5665,pauze,0,MM0 ?D
12.5665,pauze,0,MM1 ?D
12.5665,pauze,0,MM1 D=19
12.5665,pauze,0,MM0 D=0
12.5665,pauze,0,"$GPRMC,092605.2,A,5050.50361,N,00419.38387,E,000.17,139.0,021026,000.4,E*56"
12.5665,pauze,0,"#108,YAW,2.57,GYRO,-7,44,-9,ACC,2,3,255,ADC,1250,501,5,2,"
12.5869,pauze,0,MM0 ?FF
12.5869,pauze,0,MM1 ?FF
12.5869,pauze,0,MM0 FF=0
12.5869,pauze,0,MM1 FF=0
12.5869,pauze,0,"#109,YAW,2.57,GYRO,-9,45,-9,ACC,4,3,255,ADC,1275,386,5,2,"
12.5870,pauze,0,MM0 ?P
12.6367,pauze,0,MM1 ?P
12.6367,pauze,0,MM0 P=0:0
12.6367,pauze,0,MM1 P=0:0
12.6367,pauze,0,"#110,YAW,2.57,GYRO,-8,43,-8,ACC,3,2,255,ADC,1244,382,7,2,"
12.6368,pauze,0,MM0 ?S
12.6368,pauze,0,MM1 ?S
12.6368,pauze,0,MM0 S=0:0
12.6368,pauze,0,MM1 S=0:0
12.6368,pauze,0,MM0 !M 0 0
12.6368,pauze,0,MM1 !M 0 0
12.6368,pauze,0,MM0 +
12.6368,pauze,0,MM1 +
12.6368,pauze,0,"#111,YAW,2.57,GYRO,-8,45,-9,ACC,3,2,253,ADC,1284,502,5,2,"
12.6368,pauze,0,MM0 ?T
12.6368,pauze,0,MM1 ?T
12.6368,pauze,0,MM0 T=35:34
12.6368,pauze,0,MM1 T=36:33
12.6566,pauze,0,"#112,YAW,2.57,GYRO,-8,45,-9,ACC,4,3,254,ADC,1270,501,6,2,"
12.6566,pauze,0,MM0 ?V
12.6566,pauze,0,MM1 ?V
12.6566,pauze,0,MM0 V=120:223:4900
12.6567,pauze,0,MM1 V=120:223:4901
12.6777,pauze,0,"#113,YAW,2.57,GYRO,-8,45,-8,ACC,3,1,257,ADC,1234,405,4,1,"
12.6777,pauze,0,MM1 ?CR
12.6777,pauze,0,MM0 ?CR
12.6777,pauze,0,MM1 CR=0:0
12.6777,pauze,0,MM0 CR=0:0
12.6991,pauze,0,"#114,YAW,2.57,GYRO,-9,44,-8,ACC,3,8,258,ADC,1236,383,5,2,"
12.6991,pauze,0,MM1 ?A
12.6991,pauze,0,MM0 ?A
12.6991,pauze,0,MM1 A=0:0
12.6991,pauze,0,MM0 A=0:0
12.7328,pauze,0,"#115,YAW,2.57,GYRO,-10,44,-10,ACC,1,3,251,ADC,1212,394,5,2,"
12.7329,pauze,0,MM0 ?AI
12.7329,pauze,0,MM1 ?AI
12.7329,pauze,0,MM0 AI=0:0:2388:2414:0:0
12.7329,pauze,0,MM1 AI=0:0:2333:2320:0:0
12.7329,pauze,0,MM0 !M 0 0
12.7329,pauze,0,MM1 !M 0 0
12.7329,pauze,0,MM0 +
12.7329,pauze,0,MM1 +
12.7329,pauze,0,"#116,YAW,2.57,GYRO,-8,43,-8,ACC,3,4,256,ADC,1251,498,4,2,"
12.7329,pauze,0,MM0 ?C
12.7329,pauze,0,MM1 ?C
12.7329,pauze,0,MM0 C=1482:-1477
12.7329,pauze,0,MM1 C=3050:-3171
12.7539,pauze,0,"#117,YAW,2.57,GYRO,-9,43,-11,ACC,2,1,252,ADC,1249,386,4,1,"
12.7539,pauze,0,"$GPRMC,092605.4,A,5050.50361,N,00419.38388,E,000.17,139.0,021026,000.4,E*5F"
12.7539,pauze,0,MM0 ?D
12.7539,pauze,0,MM1 ?D
12.7749,pauze,0,MM1 D=19
12.7749,pauze,0,MM0 D=0
12.7749,pauze,0,"#118,YAW,2.57,GYRO,-9,46,-9,ACC,0,2,255,ADC,1255,387,8,2,"
12.7749,pauze,0,MM0 ?FF
12.7749,pauze,0,MM1 ?FF
12.7749,pauze,0,MM0 FF=0
12.7749,pauze,0,MM1 FF=0
12.7958,pauze,0,"#119,YAW,2.57,GYRO,-9,43,-9,ACC,2,3,253,ADC,1233,389,4,1,"
12.7958,pauze,0,MM0 ?P
12.7958,pauze,0,MM1 ?P
12.7958,pauze,0,MM0 P=0:0
12.7958,pauze,0,MM1 P=0:0
12.8301,pauze,0,"#120,YAW,2.57,GYRO,-8,43,-9,ACC,2,6,256,ADC,1274,495,8,2,"
12.8301,pauze,0,MM0 !M 0 0
12.8301,pauze,0,MM0 +
12.8301,pauze,0,MM1 !M 0 0
12.8301,pauze,0,MM1 +
12.8301,pauze,0,MM0 ?S
12.8301,pauze,0,MM1 ?S
12.8301,pauze,0,MM0 S=0:0
12.8301,pauze,0,MM1 S=0:0
12.8301,pauze,0,"#121,YAW,2.57,GYRO,-8,44,-9,ACC,-1,2,258,ADC,1224,494,8,2,"
12.8301,pauze,0,MM0 ?T
12.8301,pauze,0,MM1 ?T
12.8301,pauze,0,MM0 T=35:34
12.8301,pauze,0,MM1 T=36:33
12.8507,pauze,0,"#122,YAW,2.57,GYRO,-7,43,-9,ACC,1,3,253,ADC,1250,388,7,2,"
12.8508,pauze,0,MM0 ?V
12.8508,pauze,0,MM1 ?V
12.8508,pauze,0,MM0 V=120:224:4900
12.8508,pauze,0,MM1 V=120:225:4901
12.8716,pauze,0,"#123,YAW,2.57,GYRO,-8,44,-8,ACC,2,3,256,ADC,1241,392,6,2,"
12.8716,pauze,0,MM0 ?CR
12.8716,pauze,0,MM1 ?CR
12.8716,pauze,0,MM0 CR=0:0
12.8716,pauze,0,MM1 CR=0:0
12.8923,pauze,0,"#124,YAW,2.57,GYRO,-7,44,-10,ACC,2,2,256,ADC,1254,502,5,2,"
12.8923,pauze,0,MM0 ?A
12.8923,pauze,0,MM1 ?A
12.8923,pauze,0,MM1 A=0:0
12.8923,pauze,0,MM0 A=0:0
12.9261,pauze,0,MM0 !M 0 0
12.9261,pauze,0,MM1 !M 0 0
12.9261,pauze,0,MM0 +
12.9261,pauze,0,MM1 +
12.9261,pauze,0,"#125,YAW,2.57,GYRO,-7,44,-11,ACC,1,2,256,ADC,1230,355,4,1,"
12.9261,pauze,0,MM0 ?AI
12.9261,pauze,0,MM1 ?AI
12.9261,pauze,0,MM0 AI=0:0:2394:2397:0:0
12.9261,pauze,0,MM1 AI=0:0:2317:2323:0:0
12.9261,pauze,0,"#126,YAW,2.57,GYRO,-9,47,-8,ACC,4,2,256,ADC,1199,380,6,2,"
12.9468,pauze,0,MM0 ?C
12.9468,pauze,0,MM1 ?C
12.9468,pauze,0,MM0 C=1482:-1477
12.9469,pauze,0,MM1 C=3050:-3171
12.9469,pauze,0,"#127,YAW,2.57,GYRO,-7,45,-10,ACC,-1,3,255,ADC,1261,389,4,2,"
12.9679,pauze,0,"$GPRMC,092605.6,A,5050.50362,N,00419.38389,E,000.16,139.0,021026,000.4,E*5E"
12.9679,pauze,0,MM0 ?D
12.9679,pauze,0,MM1 ?D
12.9679,pauze,0,MM1 D=19
12.9679,pauze,0,MM0 D=0
12.9679,pauze,0,"#128,YAW,2.57,GYRO,-8,44,-9,ACC,-2,2,250,ADC,1231,381,5,2,"
12.9680,pauze,0,MM0 ?FF
12.9680,pauze,0,MM1 ?FF
12.9889,pauze,0,MM0 FF=0
12.9889,pauze,0,MM1 FF=0
12.9889,pauze,0,"#129,YAW,2.57,GYRO,-7,44,-8,ACC,2,2,253,ADC,1268,501,6,2,"
12.9889,pauze,0,MM0 ?P
12.9889,pauze,0,MM1 ?P
12.9889,pauze,0,MM0 P=0:0
12.9889,pauze,0,MM1 P=0:0
13.0391,pauze,0,"#130,YAW,2.57,GYRO,-6,43,-9,ACC,2,3,258,ADC,1263,503,5,2,"
13.0391,pauze,0,MM0 ?S
13.0391,pauze,0,MM1 ?S
13.0391,pauze,0,MM0 S=0:0
13.0391,pauze,0,MM1 S=0:0
13.0391,pauze,0,MM0 !M 0 0
13.0391,pauze,0,MM1 !M 0 0
13.0391,pauze,0,MM0 +
13.0391,pauze,0,MM1 +
13.0391,pauze,0,"#131,YAW,2.57,GYRO,-9,45,-10,ACC,3,1,257,ADC,1234,496,5,2,"
13.0391,pauze,0,MM0 ?T
13.0391,pauze,0,MM1 ?T
13.0391,pauze,0,MM0 T=35:34
13.0391,pauze,0,MM1 T=36:33
13.0597,pauze,0,"#132,YAW,2.57,GYRO,-7,44,-9,ACC,1,5,255,ADC,1236,383,5,2,"
13.0598,pauze,0,MM0 ?V
13.0598,pauze,0,MM1 ?V
13.0598,pauze,0,MM0 V=120:225:4901
13.0598,pauze,0,MM1 V=120:223:4901
13.0809,pauze,0,"#133,YAW,2.57,GYRO,-7,45,-9,ACC,1,2,257,ADC,1228,383,6,1,"
13.0810,pauze,0,MM0 ?CR
13.0810,pauze,0,MM1 ?CR
13.0810,pauze,0,MM0 CR=0:0
13.0810,pauze,0,MM1 CR=0:0
13.1019,terug,0,"#134,YAW,2.57,GYRO,-7,45,-9,ACC,-2,2,255,ADC,1263,503,5,2,"
13.1019,terug,0,MM0 ?A
13.1019,terug,0,MM1 ?A
13.1019,terug,0,MM0 A=0:0
13.1019,terug,0,MM1 A=0:0
13.1357,terug,0,"#135,YAW,2.57,GYRO,-8,44,-8,ACC,0,2,254,ADC,1222,386,5,2,"
13.1357,terug,0,MM0 ?AI
13.1357,terug,0,MM1 ?AI
13.1357,terug,0,MM0 AI=0:0:2411:2411:0:0
13.1357,terug,0,MM1 AI=0:0:2312:2322:0:0
13.1357,terug,0,MM0 !M 0 0
13.1357,terug,0,MM1 !M 0 0
13.1357,terug,0,MM0 +
13.1357,terug,0,MM1 +
13.1357,terug,0,"#136,YAW,2.57,GYRO,-9,46,-9,ACC,2,3,258,ADC,1236,395,7,2,"
13.1358,terug,0,MM0 ?C
13.1358,terug,0,MM1 ?C
13.1358,terug,0,MM0 C=1482:-1477
13.1358,terug,0,MM1 C=3050:-3171
13.1567,terug,0,"#137,YAW,2.57,GYRO,-7,43,-8,ACC,-1,3,254,ADC,1215,383,6,2,"
13.1567,terug,0,"$GPRMC,092605.8,A,5050.50362,N,00419.38390,E,000.16,139.0,021026,000.4,E*58"
13.1567,terug,0,MM0 ?D
13.1567,terug,0,MM1 ?D
13.1567,terug,0,MM1 D=19
13.1567,terug,0,MM0 D=0
13.1779,terug,0,"#138,YAW,2.57,GYRO,-9,44,-8,ACC,0,3,257,ADC,1248,501,4,2,"
13.1779,terug,0,MM0 ?FF
13.1779,terug,0,MM1 ?FF
13.1779,terug,0,MM0 FF=0
13.1779,terug,0,MM1 FF=0
13.1986,terug,-70,"#139,YAW,2.57,GYRO,-8,45,-9,ACC,3,1,260,ADC,1293,498,4,2,"
13.1986,terug,-70,MM0 ?P
13.1986,terug,-70,MM1 ?P
13.1986,terug,-70,MM0 P=0:0
13.1986,terug,-70,MM1 P=0:0
13.2327,terug,-70,"#140,YAW,2.57,GYRO,-5,45,-9,ACC,1,1,254,ADC,1252,502,8,1,"
13.2327,terug,-70,MM0 ?S
13.2327,terug,-70,MM1 ?S
13.2327,terug,-70,MM0 S=0:0
13.2327,terug,-70,MM1 S=0:0
13.2327,terug,-70,MM0 !M -70 70
13.2327,terug,-70,MM1 !M -70 70
13.2327,terug,-70,MM0 +
13.2327,terug,-70,MM1 +
13.2327,terug,-70,"#141,YAW,2.57,GYRO,-9,44,-9,ACC,8,4,251,ADC,1218,386,4,2,"
13.2327,terug,-70,MM0 ?T
13.2327,terug,-70,MM1 ?T
13.2327,terug,-70,MM0 T=35:34
13.2327,terug,-70,MM1 T=36:33
13.2538,terug,-70,"#142,YAW,2.57,GYRO,-1,79,-11,ACC,-25,2,234,ADC,1276,391,4,2,"
13.2538,terug,-70,MM0 ?V
13.2538,terug,-70,MM1 ?V
13.2538,terug,-70,MM0 V=120:224:4900
13.2538,terug,-70,MM1 V=120:222:4901
13.2747,terug,-70,"#143,YAW,2.57,GYRO,17,55,-5,ACC,-32,0,277,ADC,1290,501,4,3,"
13.2747,terug,-70,MM0 ?CR
13.2747,terug,-70,MM1 ?CR
13.2747,terug,-70,MM0 CR=-1:2
13.2747,terug,-70,MM1 CR=-1:1
13.2957,terug,-140,"#144,YAW,2.57,GYRO,-29,2,4,ACC,-15,3,257,ADC,1254,392,5,2,"
13.2957,terug,-140,MM0 ?A
13.2957,terug,-140,MM1 ?A
13.2957,terug,-140,MM0 A=0:0
13.2957,terug,-140,MM1 A=0:0
13.3300,terug,-140,"#145,YAW,2.57,GYRO,-4,52,-3,ACC,-2,1,241,ADC,1275,385,5,2,"
13.3300,terug,-140,MM0 ?AI
13.3300,terug,-140,MM1 ?AI
13.3300,terug,-140,MM0 AI=0:0:2390:2426:0:0
13.3300,terug,-140,MM1 AI=0:0:2300:2325:0:0
13.3301,terug,-140,MM0 !M -140 140
13.3301,terug,-140,MM1 !M -140 140
13.3301,terug,-140,MM0 +
13.3301,terug,-140,MM1 +
13.3301,terug,-140,"#146,YAW,2.57,GYRO,-1,111,-17,ACC,-73,4,234,ADC,1221,381,5,2,"
13.3301,terug,-140,MM0 ?C
13.3301,terug,-140,MM1 ?C
13.3301,terug,-140,MM0 C=1479:-1473
13.3511,terug,-140,MM1 C=3047:-3168
13.3512,terug,-140,"#147,YAW,2.57,GYRO,-1,6,-3,ACC,-28,2,277,ADC,1292,498,5,2,"
13.3717,terug,-140,"$GPRMC,092606.0,A,5050.50362,N,00419.38391,E,000.14,139.0,021026,000.4,E*50"
13.3717,terug,-140,MM0 ?D
13.3717,terug,-140,MM1 ?D
13.3717,terug,-140,MM0 D=0
13.3717,terug,-140,MM1 D=3
13.3717,terug,-140,"#148,YAW,2.57,GYRO,-34,40,0,ACC,-58,14,249,ADC,1265,388,5,2,"
13.3717,terug,-140,MM0 ?FF
13.3717,terug,-140,MM1 ?FF
13.3717,terug,-140,MM0 FF=0
13.3717,terug,-140,MM1 FF=0
13.3926,terug,-140,"#149,YAW,2.57,GYRO,-12,4,0,ACC,-9,2,249,ADC,1280,502,5,2,"
13.3926,terug,-140,MM0 ?P
13.3926,terug,-140,MM1 ?P
13.3926,terug,-140,MM0 P=-140:140
13.3926,terug,-140,MM1 P=-140:140
13.4397,terug,-211,"#150,YAW,2.57,GYRO,-39,52,-9,ACC,-30,1,273,ADC,1273,386,5,2,"
13.4398,terug,-211,MM0 ?S
13.4398,terug,-211,MM1 ?S
13.4398,terug,-211,MM0 S=-75:75
13.4398,terug,-211,MM1 S=-75:75
13.4398,terug,-211,MM0 !M -211 211
13.4398,terug,-211,MM1 !M -211 211
13.4398,terug,-211,MM0 +
13.4398,terug,-211,MM1 +
13.4398,terug,-211,"#151,YAW,2.58,GYRO,-11,43,-18,ACC,-35,-2,258,ADC,1278,387,3,2,"
13.4398,terug,-211,MM0 ?T
13.4398,terug,-211,MM1 ?T
13.4398,terug,-211,MM0 T=35:34
13.4398,terug,-211,MM1 T=36:33
13.4609,terug,-211,"#152,YAW,2.58,GYRO,-2,133,-45,ACC,-46,1,267,ADC,1242,483,5,2,"
13.4609,terug,-211,MM0 ?V
13.4610,terug,-211,MM1 ?V
13.4610,terug,-211,MM0 V=120:223:4902
13.4610,terug,-211,MM1 V=120:222:4898
13.4820,terug,-211,"#153,YAW,2.58,GYRO,24,35,-36,ACC,-43,-3,243,ADC,1242,387,4,1,"
13.4820,terug,-211,MM0 ?CR
13.4820,terug,-211,MM1 ?CR
13.4820,terug,-211,MM0 CR=-13:12
13.4820,terug,-211,MM1 CR=-13:12
13.5028,terug,-281,"#154,YAW,2.58,GYRO,17,-6,-23,ACC,-53,2,242,ADC,1252,504,7,2,"
13.5028,terug,-281,MM0 ?A
13.5028,terug,-281,MM1 ?A
13.5029,terug,-281,MM0 A=-22:23
13.5029,terug,-281,MM1 A=-17:18
13.5423,terug,-281,"#155,YAW,2.58,GYRO,3,41,-1,ACC,-51,13,270,ADC,1310,501,5,1,"
13.5423,terug,-281,MM0 ?AI
13.5423,terug,-281,MM1 ?AI
13.5423,terug,-281,MM0 AI=0:0:2401:2395:0:0
13.5423,terug,-281,MM1 AI=0:0:2318:2312:0:0
13.5423,terug,-281,MM1 !M -281 281
13.5423,terug,-281,MM0 !M -281 281
13.5423,terug,-281,MM1 +
13.5423,terug,-281,MM0 +
13.5423,terug,-281,"#156,YAW,2.58,GYRO,10,20,24,ACC,-24,12,261,ADC,1312,502,7,2,"
13.5423,terug,-281,MM0 ?C
13.5423,terug,-281,MM1 ?C
13.5423,terug,-281,MM1 C=3027:-3149
13.5423,terug,-281,MM0 C=1459:-1454
13.5628,terug,-281,"#157,YAW,2.58,GYRO,35,163,20,ACC,-60,-22,250,ADC,1256,500,3,2,"
13.5628,terug,-281,"$GPRMC,092606.2,A,5050.50363,N,00419.38392,E,000.11,139.0,021026,000.4,E*55"
13.5629,terug,-281,MM0 ?D
13.5629,terug,-281,MM1 ?D
13.5629,terug,-281,MM1 D=50
13.5629,terug,-281,MM0 D=35
13.5839,terug,-281,"#158,YAW,2.58,GYRO,-67,-11,19,ACC,-39,19,289,ADC,1234,503,5,2,"
13.5839,terug,-281,MM0 ?FF
13.5839,terug,-281,MM1 ?FF
13.5839,terug,-281,MM0 FF=0
13.5839,terug,-281,MM1 FF=0
13.6051,terug,-350,"#159,YAW,2.58,GYRO,-53,24,10,ACC,-30,15,238,ADC,1209,390,5,2,"
13.6051,terug,-350,MM0 ?P
13.6051,terug,-350,MM1 ?P
13.6051,terug,-350,MM0 P=-281:281
13.6051,terug,-350,MM1 P=-281:281
13.6386,terug,-350,"#160,YAW,2.58,GYRO,42,59,-14,ACC,-47,-6,229,ADC,1243,383,7,1,"
13.6386,terug,-350,MM0 ?S
13.6386,terug,-350,MM1 ?S
13.6386,terug,-350,MM0 S=-150:150
13.6386,terug,-350,MM1 S=-150:225
13.6387,terug,-350,"#161,YAW,2.58,GYRO,60,91,-27,ACC,-35,-6,277,ADC,1263,396,4,2,"
13.6387,terug,-350,MM1 ?T
13.6387,terug,-350,MM0 ?T
13.6387,terug,-350,MM0 T=34:34
13.6387,terug,-350,MM1 T=36:33
13.6597,terug,-350,"#162,YAW,2.58,GYRO,-24,63,-1,ACC,-29,9,256,ADC,1202,385,5,3,"
13.6597,terug,-350,MM0 ?V
13.6597,terug,-350,MM1 ?V
13.6597,terug,-350,MM0 V=120:225:4903
13.6597,terug,-350,MM1 V=120:222:4898
13.6807,terug,-350,"#163,YAW,2.58,GYRO,-46,68,17,ACC,-26,21,250,ADC,1289,399,6,2,"
13.6807,terug,-350,MM0 ?CR
13.6807,terug,-350,MM1 ?CR
13.6807,terug,-350,MM0 CR=-40:39
13.6807,terug,-350,MM1 CR=-40:40
13.7019,terug,-350,"#164,YAW,2.58,GYRO,-62,-25,25,ACC,-16,11,220,ADC,1216,383,5,2,"
13.7019,terug,-350,MM0 ?A
13.7019,terug,-350,MM1 ?A
13.7019,terug,-350,MM0 A=-16:17
13.7019,terug,-350,MM1 A=-13:17
13.7019,terug,-350,MM0 !M -350 350
13.7359,terug,-350,MM1 !M -350 350
13.7359,terug,-350,MM1 +
13.7359,terug,-350,MM0 +
13.7359,terug,-350,"#165,YAW,2.58,GYRO,99,-22,-18,ACC,-46,-40,235,ADC,1273,376,5,2,"
13.7359,terug,-350,MM0 PING
13.7359,terug,-350,MM1 PING
13.7359,terug,-350,MM0 ?AI
13.7359,terug,-350,MM1 ?AI
13.7359,terug,-350,MM0 AI=0:0:2407:2405:0:0
13.7359,terug,-350,MM1 AI=0:0:2273:2351:0:0
13.7359,terug,-350,"#166,YAW,2.58,GYRO,24,157,-44,ACC,-79,-25,251,ADC,1271,492,5,1,"
13.7359,terug,-350,MM0 ?C
13.7359,terug,-350,MM1 ?C
13.7360,terug,-350,MM0 C=1412:-1407
13.7360,terug,-350,MM1 C=2980:-3102
13.7567,terug,-350,"#167,YAW,2.58,GYRO,-55,166,-23,ACC,-45,35,381,ADC,1299,500,5,1,"
13.7567,terug,-350,"$GPRMC,092606.4,A,5050.50363,N,00419.38393,E,000.10,139.0,021026,000.4,E*53"
13.7567,terug,-350,MM0 ?D
13.7567,terug,-350,MM1 ?D
13.7567,terug,-350,MM0 D=0
13.7567,terug,-350,MM1 D=3
13.7775,terug,-350,"#168,YAW,2.58,GYRO,-101,-4,15,ACC,-41,38,171,ADC,1266,500,3,1,"
13.7775,terug,-350,MM0 ?FF
13.7776,terug,-350,MM1 ?FF
13.7776,terug,-350,MM0 FF=0
13.7776,terug,-350,MM1 FF=0
13.7988,terug,-350,"#169,YAW,2.58,GYRO,76,-44,-12,ACC,-42,-13,173,ADC,1217,381,5,2,"
13.7988,terug,-350,MM0 ?P
13.7988,terug,-350,MM1 ?P
13.7988,terug,-350,MM0 P=-350:350
13.7988,terug,-350,MM1 P=-350:350
13.8328,terug,-350,MM0 !M -350 350
13.8328,terug,-350,MM1 !M -350 350
13.8328,terug,-350,MM0 +
13.8328,terug,-350,"#170,YAW,2.58,GYRO,72,177,-6,ACC,-32,-45,273,ADC,1199,376,4,2,"
13.8328,terug,-350,MM0 PING
13.8328,terug,-350,MM1 +
13.8328,terug,-350,MM1 PING
13.8328,terug,-350,MM0 ?S
13.8328,terug,-350,MM1 ?S
13.8328,terug,-350,MM0 S=-225:300
13.8328,terug,-350,MM1 S=-225:300
13.8328,terug,-350,"#171,YAW,2.58,GYRO,-47,-8,3,ACC,-56,-11,378,ADC,1229,390,6,3,"
13.8328,terug,-350,MM1 ?T
13.8329,terug,-350,MM0 ?T
13.8329,terug,-350,MM0 T=35:34
13.8329,terug,-350,MM1 T=36:33
13.8536,terug,-350,"#172,YAW,2.58,GYRO,-6,-76,-4,ACC,-49,16,215,ADC,1304,385,8,2,"
13.8536,terug,-350,MM0 ?V
13.8536,terug,-350,MM1 ?V
13.8536,terug,-350,MM0 V=120:222:4904
13.8536,terug,-350,MM1 V=120:222:4899
13.8750,terug,-350,"#173,YAW,2.58,GYRO,138,96,-10,ACC,-23,-15,141,ADC,1257,500,6,1,"
13.8750,terug,-350,MM0 ?CR
13.8750,terug,-350,MM1 ?CR
13.8750,terug,-350,MM0 CR=-62:63
13.8751,terug,-350,MM1 CR=-63:62
13.8956,terug,-350,"#174,YAW,2.58,GYRO,-64,414,-29,ACC,-47,34,399,ADC,1258,384,6,2,"
13.8957,terug,-350,MM0 ?A
13.8957,terug,-350,MM1 ?A
13.8957,terug,-350,MM1 A=-10:11
13.8957,terug,-350,MM0 A=-10:8
13.9520,terug,-350,"#175,YAW,2.58,GYRO,-50,-148,-12,ACC,-1,46,206,ADC,1241,499,7,1,"
13.9520,terug,-350,MM0 ?AI
13.9520,terug,-350,MM1 ?AI
13.9520,terug,-350,MM0 AI=0:0:2453:2415:0:0
13.9520,terug,-350,MM1 AI=0:0:2310:2312:0:0
13.9520,terug,-350,MM0 !M -350 350
13.9520,terug,-350,MM1 !M -350 350
13.9520,terug,-350,MM0 +
13.9520,terug,-350,MM1 +
13.9520,terug,-350,MM0 PING
13.9520,terug,-350,MM1 PING
13.9520,terug,-350,"#176,YAW,2.58,GYRO,72,-152,-58,ACC,-63,14,147,ADC,1239,496,4,2,"
13.9520,terug,-350,MM0 ?C
13.9520,terug,-350,MM1 ?C
13.9521,terug,-350,MM0 C=1344:-1339
13.9521,terug,-350,MM1 C=2910:-3035
13.9521,terug,-350,"#177,YAW,2.58,GYRO,-103,60,-8,ACC,27,15,186,ADC,1253,389,5,2,"
13.9521,terug,-350,MM0 ?D
13.9521,terug,-350,MM1 ?D
13.9521,terug,-350,MM0 D=51
13.9521,terug,-350,MM1 D=18
13.9728,terug,-350,"$GPRMC,092606.6,A,5050.50363,N,00419.38394,E,000.07,139.0,021026,000.4,E*50"
13.9729,terug,-350,"#178,YAW,2.58,GYRO,-61,126,-13,ACC,-48,19,519,ADC,1256,404,7,2,"
13.9729,terug,-350,MM0 ?FF
13.9729,terug,-350,MM1 ?FF
13.9729,terug,-350,MM0 FF=0
13.9729,terug,-350,MM1 FF=0
13.9939,terug,-350,"#179,YAW,2.58,GYRO,44,-113,-15,ACC,-55,-5,194,ADC,1221,388,5,2,"
13.9939,terug,-350,MM0 ?P
13.9939,terug,-350,MM1 ?P
13.9939,terug,-350,MM0 P=-350:350
13.9939,terug,-350,MM1 P=-350:350
14.0430,terug,-350,"#180,YAW,2.58,GYRO,-6,-163,11,ACC,20,-31,216,ADC,1254,381,7,2,"
14.0430,terug,-350,MM0 !M -350 350
14.0430,terug,-350,MM1 !M -350 350
14.0430,terug,-350,MM1 +
14.0430,terug,-350,MM0 +
14.0430,terug,-350,MM0 PING
14.0430,terug,-350,MM1 PING
14.0430,terug,-350,MM1 ?S
14.0430,terug,-350,MM0 ?S
14.0430,terug,-350,MM0 S=-300:225
14.0430,terug,-350,MM1 S=-300:225
14.0430,terug,-350,"#181,YAW,2.58,GYRO,-132,142,26,ACC,-32,27,463,ADC,1280,500,6,2,"
14.0430,terug,-350,MM0 ?T
14.0430,terug,-350,MM1 ?T
14.0430,terug,-350,MM0 T=35:34
14.0430,terug,-350,MM1 T=36:33
14.0638,terug,-350,"#182,YAW,2.58,GYRO,200,108,-4,ACC,21,-62,103,ADC,1271,391,7,2,"
14.0638,terug,-350,MM0 ?V
14.0638,terug,-350,MM1 ?V
14.0638,terug,-350,MM0 V=120:223:4904
14.0639,terug,-350,MM1 V=120:221:4898
14.0851,terug,-350,"#183,YAW,2.58,GYRO,-135,60,6,ACC,-45,16,213,ADC,1287,498,5,1,"
14.0852,terug,-350,MM0 ?CR
14.0852,terug,-350,MM1 ?CR
14.0852,terug,-350,MM0 CR=-77:76
14.0852,terug,-350,MM1 CR=-77:75
14.1060,terug,-350,"#184,YAW,2.58,GYRO,-146,40,36,ACC,34,58,438,ADC,1209,391,6,1,"
14.1060,terug,-350,MM0 ?A
14.1060,terug,-350,MM1 ?A
14.1060,terug,-350,MM0 A=-7:5
14.1060,terug,-350,MM1 A=-7:8
14.1398,terug,-350,"#185,YAW,2.58,GYRO,185,64,-19,ACC,10,-52,128,ADC,1208,383,4,3,"
14.1398,terug,-350,MM0 ?AI
14.1398,terug,-350,MM1 ?AI
14.1398,terug,-350,MM0 AI=0:0:2404:2401:0:0
14.1398,terug,-350,MM1 AI=0:0:2326:2310:0:0
14.1398,terug,-350,MM0 !M -350 350
14.1398,terug,-350,MM1 !M -350 350
14.1398,terug,-350,MM0 +
14.1398,terug,-350,MM1 +
14.1398,terug,-350,MM1 PING
14.1398,terug,-350,MM0 PING
14.1398,terug,-350,"#186,YAW,2.58,GYRO,-247,-51,-22,ACC,14,16,165,ADC,1209,382,5,2,"
14.1398,terug,-350,MM0 ?C
14.1398,terug,-350,MM1 ?C
14.1398,terug,-350,MM0 C=1265:-1261
14.1398,terug,-350,MM1 C=2833:-2958
14.1607,terug,-350,"#187,YAW,2.58,GYRO,108,-246,18,ACC,87,-5,632,ADC,1277,502,4,2,"
14.1607,terug,-350,MM0 ?D
14.1607,terug,-350,MM1 ?D
14.1607,terug,-350,MM1 D=49
14.1607,terug,-350,MM0 D=2
14.1607,terug,-350,"$GPRMC,092606.8,A,5050.50363,N,00419.38394,E,000.06,139.0,021026,000.4,E*5F"
14.1819,terug,-350,"#188,YAW,2.58,GYRO,251,286,-38,ACC,-1,-29,160,ADC,1262,387,4,2,"
14.1819,terug,-350,MM0 ?FF
14.1819,terug,-350,MM1 ?FF
14.1819,terug,-350,MM0 FF=0
14.1819,terug,-350,MM1 FF=0
14.2028,terug,-350,"#189,YAW,2.58,GYRO,-150,93,-20,ACC,-53,74,374,ADC,1252,490,6,2,"
14.2028,terug,-350,MM0 ?P
14.2028,terug,-350,MM1 ?P
14.2028,terug,-350,MM0 P=-350:350
14.2028,terug,-350,MM1 P=-350:350
14.2369,terug,-350,"#190,YAW,2.58,GYRO,-137,-131,17,ACC,-27,42,218,ADC,1265,501,4,2,"
14.2369,terug,-350,MM0 ?S
14.2369,terug,-350,MM0 S=-300:300
14.2369,terug,-350,MM1 ?S
14.2369,terug,-350,MM1 S=-300:300
14.2369,terug,-350,MM0 !M -350 350
14.2369,terug,-350,MM1 !M -350 350
14.2369,terug,-350,MM0 +
14.2369,terug,-350,MM1 +
14.2370,terug,-350,MM1 PING
14.2370,terug,-350,MM0 PING
14.2370,terug,-350,MM0 !M -350 350
14.2370,terug,-350,MM1 !M -350 350
14.2370,terug,-350,MM0 +
14.2370,terug,-350,MM1 +
14.2370,terug,-350,"#191,YAW,2.58,GYRO,316,98,-8,ACC,5,-74,203,ADC,1244,308,5,2,"
14.2370,terug,-350,MM0 ?T
14.2370,terug,-350,MM1 ?T
14.2370,terug,-350,MM0 T=35:34
14.2370,terug,-350,MM1 T=36:33
14.2577,terug,-350,"#192,YAW,2.58,GYRO,-195,341,-4,ACC,8,-45,297,ADC,1264,382,5,2,"
14.2578,terug,-350,MM0 ?V
14.2578,terug,-350,MM1 ?V
14.2578,terug,-350,MM0 V=120:221:4904
14.2578,terug,-350,MM1 V=120:224:4899
14.2786,terug,-350,"#193,YAW,2.58,GYRO,-75,-358,7,ACC,34,-11,141,ADC,1196,383,4,2,"
14.2787,terug,-350,MM0 ?CR
14.2787,terug,-350,MM1 ?CR
14.2787,terug,-350,MM0 CR=-81:81
14.2787,terug,-350,MM1 CR=-80:80
14.2996,terug,-350,"#194,YAW,2.58,GYRO,3,91,-30,ACC,-14,52,221,ADC,1263,501,4,1,"
14.2996,terug,-350,MM0 ?A
14.2996,terug,-350,MM1 ?A
14.2996,terug,-350,MM0 A=-4:5
14.2996,terug,-350,MM1 A=-7:5
14.3338,terug,-350,"#195,YAW,2.58,GYRO,-32,253,-14,ACC,45,15,258,ADC,1273,500,4,1,"
14.3338,terug,-350,MM0 ?AI
14.3338,terug,-350,MM1 ?AI
14.3338,terug,-350,MM0 AI=0:0:2408:2407:0:0
14.3338,terug,-350,MM1 AI=0:0:2330:2332:0:0
14.3338,terug,-350,"#196,YAW,2.58,GYRO,-139,-29,-20,ACC,-27,10,240,ADC,1240,501,5,2,"
14.3338,terug,-350,MM0 ?C
14.3338,terug,-350,MM1 ?C
14.3338,terug,-350,MM0 C=1184:-1180
14.3338,terug,-350,MM1 C=2751:-2877
14.3549,terug,-350,"#197,YAW,2.58,GYRO,47,-73,-45,ACC,4,-31,258,ADC,1275,391,5,2,"
14.3549,terug,-350,MM0 ?D
14.3549,terug,-350,MM1 ?D
14.3549,terug,-350,MM0 D=49
14.3549,terug,-350,MM1 D=34
14.3757,terug,-350,"$GPRMC,092607.0,A,5050.50362,N,00419.38395,E,000.05,139.0,021026,000.4,E*55"
14.3757,terug,-350,"#198,YAW,2.58,GYRO,-24,214,-53,ACC,0,0,296,ADC,1226,387,7,2,"
14.3757,terug,-350,MM1 ?FF
14.3757,terug,-350,MM0 ?FF
14.3757,terug,-350,MM1 FF=0
14.3757,terug,-350,MM0 FF=0
14.3967,terug,-350,"#199,YAW,2.58,GYRO,-56,-72,-11,ACC,-13,9,190,ADC,1245,388,5,2,"
14.3968,terug,-350,MM0 ?P
14.3968,terug,-350,MM1 ?P
14.3968,terug,-350,MM0 P=-350:350
14.3968,terug,-350,MM1 P=-350:350
14.4451,terug,-350,"#200,YAW,2.59,GYRO,290,-47,-19,ACC,-20,-57,219,ADC,1278,496,5,2,"
14.4451,terug,-350,MM0 ?S
14.4451,terug,-350,MM1 ?S
14.4451,terug,-350,MM0 S=-300:300
14.4451,terug,-350,MM1 S=-300:300
14.4451,terug,-350,MM0 !M -35PING
14.4451,terug,-350,MM1 !M -35PING
14.4451,terug,-350,MM0 +
14.4451,terug,-350,MM1 +
14.4451,terug,-350,MM1 !M -350 350
14.4451,terug,-350,MM0 !M -350 350
14.4451,terug,-350,MM1 +
14.4451,terug,-350,MM0 +
14.4451,terug,-350,"#201,YAW,2.58,GYRO,-311,-6,29,ACC,-13,55,256,ADC,1223,332,4,1,"
14.4451,terug,-350,MM0 ?T
14.4451,terug,-350,MM1 ?T
14.4451,terug,-350,MM0 T=35:34
14.4451,terug,-350,MM1 T=36:33
14.4685,terug,-350,"#202,YAW,2.58,GYRO,165,186,19,ACC,21,1,276,ADC,1279,399,4,2,"
14.4685,terug,-350,MM0 ?V
14.4685,terug,-350,MM1 ?V
14.4685,terug,-350,MM0 V=120:222:4905
14.4685,terug,-350,MM1 V=120:223:4898
14.4867,terug,-350,"#203,YAW,2.58,GYRO,-25,154,33,ACC,0,-20,374,ADC,1259,389,4,2,"
14.4867,terug,-350,MM1 ?CR
14.4867,terug,-350,MM0 ?CR
14.4867,terug,-350,MM1 CR=-82:81
14.4867,terug,-350,MM0 CR=-83:82
14.5078,terug,-350,"#204,YAW,2.58,GYRO,-198,-224,57,ACC,12,33,183,ADC,1286,500,5,2,"
14.5078,terug,-350,MM0 ?A
14.5078,terug,-350,MM1 ?A
14.5078,terug,-350,MM0 A=-7:8
14.5078,terug,-350,MM1 A=-7:8
14.5078,terug,-350,"#205,YAW,2.58,GYRO,176,98,0,ACC,-13,-10,88,ADC,1263,500,6,2,"
14.5078,terug,-350,MM1 ?AI
14.5468,terug,-350,MM0 ?AI
14.5469,terug,-350,MM1 AI=0:0:2314:2330:0:0
14.5469,terug,-350,MM0 AI=0:0:2399:2512:0:0
14.5469,terug,-350,MM0 !M -350 350
14.5469,terug,-350,MM1 !M -350 350
14.5469,terug,-350,MM0 +
14.5469,terug,-350,MM1 +
14.5469,terug,-350,"#206,YAW,2.58,GYRO,-32,290,-2,ACC,15,2,329,ADC,1294,369,6,2,"
14.5469,terug,-350,MM1 ?C
14.5469,terug,-350,MM0 ?C
14.5469,terug,-350,MM1 C=2669:-2795
14.5469,terug,-350,MM0 C=1101:-1098
14.5469,terug,-350,"#207,YAW,2.58,GYRO,-311,-176,26,ACC,19,72,282,ADC,1245,498,5,2,"
14.5469,terug,-350,MM1 ?D
14.5680,terug,-350,MM0 ?D
14.5680,terug,-350,MM1 D=17
14.5680,terug,-350,MM0 D=35
14.5680,terug,-350,"$GPRMC,092607.2,A,5050.50362,N,00419.38395,E,000.05,139.0,021026,000.4,E*57"
14.5680,terug,-350,"#208,YAW,2.58,GYRO,263,181,-30,ACC,-46,-12,79,ADC,1305,392,5,2,"
14.5680,terug,-350,MM1 ?FF
14.5680,terug,-350,MM0 ?FF
14.5887,terug,-350,MM1 FF=0
14.5887,terug,-350,MM0 FF=0
14.5887,terug,-350,"#209,YAW,2.58,GYRO,53,122,-5,ACC,12,-27,163,ADC,1263,402,4,2,"
14.5887,terug,-350,MM1 ?P
14.5887,terug,-350,MM0 ?P
14.5887,terug,-350,MM1 P=-350:350
14.6098,terug,-350,MM0 P=-350:350
14.6098,terug,-350,"#210,YAW,2.58,GYRO,-24,-138,-7,ACC,80,8,569,ADC,1251,390,7,2,"
14.6098,terug,-350,MM1 ?S
14.6098,terug,-350,MM0 ?S
14.6098,terug,-350,MM1 S=-300:300
14.6479,terug,-350,MM0 S=-300:300
14.6479,terug,-350,MM0 !M -350 350
14.6479,terug,-350,MM1 !M -350 350
14.6479,terug,-350,MM0 +
14.6479,terug,-350,MM1 +
14.6479,terug,-350,"#211,YAW,2.58,GYRO,282,207,-31,ACC,8,-9,255,ADC,1240,282,4,3,"
14.6479,terug,-350,MM1 ?T
14.6479,terug,-350,MM0 ?T
14.6479,terug,-350,MM1 T=36:33
14.6479,terug,-350,MM0 T=35:34
14.6479,terug,-350,"#212,YAW,2.58,GYRO,-46,211,-36,ACC,71,2,238,ADC,1225,384,6,2,"
14.6479,terug,-350,MM1 ?V
14.6679,terug,-350,MM0 ?V
14.6679,terug,-350,MM1 V=120:222:4899
14.6679,terug,-350,MM0 V=120:222:4904
14.6679,terug,-350,"#213,YAW,2.58,GYRO,-46,174,-30,ACC,-11,7,386,ADC,1298,500,4,2,"
14.6679,terug,-350,MM1 ?CR
14.6679,terug,-350,MM0 ?CR
14.6888,terug,-350,MM1 CR=-82:82
14.6888,terug,-350,MM0 CR=-82:82
14.6888,terug,-350,"#214,YAW,2.59,GYRO,77,-93,-28,ACC,6,6,172,ADC,1246,402,4,2,"
14.6888,terug,-350,MM1 ?A
14.6888,terug,-350,MM0 ?A
14.6888,terug,-350,MM1 A=-4:5
14.7098,terug,-350,MM0 A=-7:5
14.7098,terug,-350,"#215,YAW,2.59,GYRO,-300,-43,-41,ACC,9,-96,364,ADC,1303,502,8,2,"
14.7098,terug,-350,MM1 ?AI
14.7098,terug,-350,MM0 ?AI
14.7449,terug,-350,MM1 AI=0:0:2308:2322:0:0
14.7449,terug,-350,MM0 AI=0:0:2399:2392:0:0
14.7449,terug,-350,MM1 !M -350 350
14.7450,terug,-350,MM0 !M -350 350
14.7450,terug,-350,MM1 +
14.7450,terug,-350,MM0 +
14.7450,terug,-350,"#216,YAW,2.59,GYRO,-121,-110,-23,ACC,18,17,141,ADC,1299,403,7,2,"
14.7450,terug,-350,MM1 ?C
14.7450,terug,-350,MM0 ?C
14.7450,terug,-350,MM1 C=2588:-2714
14.7450,terug,-350,MM0 C=1019:-1016
14.7661,terug,-350,"#217,YAW,2.59,GYRO,130,230,-31,ACC,7,-47,167,ADC,1291,389,3,2,"
14.7661,terug,-350,MM1 ?D
14.7661,terug,-350,MM0 ?D
14.7662,terug,-350,MM1 D=50
14.7662,terug,-350,MM0 D=48
14.7662,terug,-350,"$GPRMC,092607.4,A,5050.50362,N,00419.38395,E,000.05,139.0,021026,000.4,E*51"
14.7867,terug,-350,"#218,YAW,2.59,GYRO,-198,22,10,ACC,-23,7,465,ADC,1253,394,5,2,"
14.7867,terug,-350,MM1 ?FF
14.7867,terug,-350,MM0 ?FF
14.7867,terug,-350,MM1 FF=0
14.7868,terug,-350,MM0 FF=0
14.7868,terug,-350,"#219,YAW,2.59,GYRO,248,-7,13,ACC,32,3,173,ADC,1223,382,5,2,"
14.7868,terug,-350,MM1 ?P
14.8078,terug,-350,MM0 ?P
14.8078,terug,-350,MM1 P=-350:350
14.8078,terug,-350,MM0 P=-350:350
14.8078,terug,-350,"#220,YAW,2.59,GYRO,120,530,3,ACC,22,19,144,ADC,1249,395,5,2,"
14.8078,terug,-350,MM1 ?S
14.8078,terug,-350,MM0 ?S
14.8418,terug,-350,MM1 S=-300:300
14.8418,terug,-350,MM0 S=-300:300
14.8418,terug,-350,MM0 !M -350 350
14.8418,terug,-350,MM1 !M -350 350
14.8418,terug,-350,MM0 +
14.8418,terug,-350,MM1 +
14.8418,terug,-350,"#221,YAW,2.59,GYRO,-306,-277,16,ACC,-101,168,278,ADC,1224,502,4,1,"
14.8418,terug,-350,MM1 ?T
14.8418,terug,-350,MM0 ?T
14.8418,terug,-350,MM1 T=36:33
14.8418,terug,-350,MM0 T=35:34
14.8627,terug,-350,"#222,YAW,2.59,GYRO,114,31,-15,ACC,-31,21,80,ADC,1257,501,7,2,"
14.8627,terug,-350,MM1 ?V
14.8627,terug,-350,MM0 ?V
14.8627,terug,-350,MM1 V=120:222:4899
14.8627,terug,-350,MM0 V=120:223:4905
14.8837,terug,-350,"#223,YAW,2.59,GYRO,-78,312,-40,ACC,17,-5,130,ADC,1236,381,4,1,"
14.8837,terug,-350,MM1 ?CR
14.8837,terug,-350,MM0 ?CR
14.8837,terug,-350,MM1 CR=-82:81
14.8837,terug,-350,MM0 CR=-82:81
14.9049,terug,-350,"#224,YAW,2.59,GYRO,-33,-153,12,ACC,58,33,366,ADC,1271,387,5,2,"
14.9049,terug,-350,MM1 ?A
14.9049,terug,-350,MM0 ?A
14.9049,terug,-350,MM1 A=-4:5
14.9049,terug,-350,MM0 A=-7:5
14.9386,terug,-350,"#225,YAW,2.59,GYRO,129,-20,-25,ACC,-2,30,251,ADC,1236,386,3,2,"
14.9386,terug,-350,MM1 ?AI
14.9386,terug,-350,MM0 ?AI
14.9386,terug,-350,MM1 AI=0:0:2320:2376:0:0
14.9386,terug,-350,MM0 AI=0:0:2392:2423:0:0
14.9386,terug,-350,"#226,YAW,2.59,GYRO,128,338,-36,ACC,37,-6,275,ADC,1253,502,4,2,"
14.9386,terug,-350,MM1 ?C
14.9386,terug,-350,MM0 ?C
14.9386,terug,-350,MM0 C=936:-934
14.9386,terug,-350,MM1 C=2506:-2633
14.9609,terug,-350,"#227,YAW,2.59,GYRO,-183,-135,40,ACC,-38,65,323,ADC,1196,383,4,2,"
14.9609,terug,-350,MM1 ?D
14.9609,terug,-350,MM0 ?D
14.9609,terug,-350,MM0 D=35
14.9609,terug,-350,MM1 D=1
14.9609,terug,-350,"$GPRMC,092607.6,A,5050.50362,N,00419.38396,E,000.04,139.0,021026,000.4,E*51"
14.9806,terug,-350,"#228,YAW,2.59,GYRO,247,-94,12,ACC,21,4,221,ADC,1270,395,5,2,"
14.9807,terug,-350,MM1 ?FF
14.9807,terug,-350,MM0 ?FF
14.9807,terug,-350,MM1 FF=0
14.9807,terug,-350,MM0 FF=0
15.0017,terug,-350,"#229,YAW,2.59,GYRO,-4,373,-7,ACC,1,13,293,ADC,1249,499,6,2,"
15.0017,terug,-350,MM1 ?P
15.0017,terug,-350,MM0 ?P
15.0017,terug,-350,MM1 P=-350:350
15.0017,terug,-350,MM0 P=-350:350
15.0359,terug,-350,"#230,YAW,2.59,GYRO,-114,-406,16,ACC,-9,58,278,ADC,1217,496,6,2,"
15.0359,terug,-350,MM1 ?S
15.0359,terug,-350,MM0 ?S
15.0359,terug,-350,MM1 S=-300:300
15.0359,terug,-350,MM0 S=-300:300
15.0359,terug,-350,MM0 !M -350 350
15.0359,terug,-350,MM1 !M -350 350
15.0360,terug,-350,MM0 +
15.0360,terug,-350,MM1 +
15.0360,terug,-350,MM0 PING
15.0360,terug,-350,MM1 PING
15.0360,terug,-350,"#231,YAW,2.59,GYRO,9,33,-12,ACC,-33,60,183,ADC,1276,499,5,2,"
15.0360,terug,-350,MM1 ?T
15.0360,terug,-350,MM0 ?T
15.0360,terug,-350,MM1 T=36:33
15.0360,terug,-350,MM0 T=35:34
15.0566,terug,-350,"#232,YAW,2.59,GYRO,2,150,-27,ACC,-24,-4,380,ADC,1258,379,5,1,"
15.0566,terug,-350,MM1 ?V
15.0566,terug,-350,MM0 ?V
15.0566,terug,-350,MM1 V=120:222:4900
15.0566,terug,-350,MM0 V=120:222:4903
15.0776,terug,-350,"#233,YAW,2.59,GYRO,-97,-11,-47,ACC,16,5,201,ADC,1237,382,5,2,"
15.0776,terug,-350,MM1 ?CR
15.0776,terug,-350,MM0 ?CR
15.0776,terug,-350,MM1 CR=-82:81
15.0776,terug,-350,MM0 CR=-82:82
15.0991,terug,-350,"#234,YAW,2.59,GYRO,-73,-129,-54,ACC,-2,-30,302,ADC,1265,499,6,1,"
15.0991,terug,-350,MM1 ?A
15.0991,terug,-350,MM0 ?A
15.0992,terug,-350,MM1 A=-4:2
15.0992,terug,-350,MM0 A=-7:2
15.1501,terug,-350,"#235,YAW,2.59,GYRO,136,23,-56,ACC,20,-33,273,ADC,1250,500,6,2,"
15.1501,terug,-350,MM0 ?AI
15.1501,terug,-350,MM1 ?AI
15.1501,terug,-350,MM0 AI=0:0:2398:2397:0:0
15.1501,terug,-350,MM1 AI=0:0:2301:2303:0:0
15.1501,terug,-350,MM1 !M -35PING
15.1501,terug,-350,MM0 !M -35PING
15.1501,terug,-350,MM1 +
15.1501,terug,-350,MM0 +
15.1501,terug,-350,"#236,YAW,2.59,GYRO,-128,8,-15,ACC,-17,13,216,ADC,1271,498,4,2,"
15.1501,terug,-350,MM0 ?C
15.1501,terug,-350,MM1 ?C
15.1501,terug,-350,MM0 C=854:-852
15.1501,terug,-350,MM1 C=2424:-2551
15.1501,terug,-350,MM0 !M -350 350
15.1501,terug,-350,MM1 !M -350 350
15.1501,terug,-350,MM0 +
15.1501,terug,-350,MM1 +
15.1501,terug,-350,"#237,YAW,2.59,GYRO,179,52,2,ACC,-12,-24,229,ADC,1234,388,5,2,"
15.1501,terug,-350,MM1 ?D
15.1501,terug,-350,MM0 ?D
15.1501,terug,-350,MM1 D=16
15.1501,terug,-350,MM0 D=16
15.1706,terug,-350,"$GPRMC,092607.8,A,5050.50362,N,00419.38396,E,000.06,139.0,021026,000.4,E*5D"
15.1706,terug,-350,"#238,YAW,2.59,GYRO,-154,-16,37,ACC,-8,51,380,ADC,1250,501,4,2,"
15.1706,terug,-350,MM0 ?FF
15.1706,terug,-350,MM1 ?FF
15.1706,terug,-350,MM0 FF=0
15.1706,terug,-350,MM1 FF=0
15.1916,terug,-350,"#239,YAW,2.59,GYRO,40,13,21,ACC,20,-3,139,ADC,1260,389,8,2,"
15.1916,terug,-350,MM1 ?P
15.1916,terug,-350,MM0 ?P
15.1916,terug,-350,MM1 P=-350:350
15.1916,terug,-350,MM0 P=-350:350
15.2129,terug,-350,"#240,YAW,2.59,GYRO,44,279,15,ACC,14,-40,320,ADC,1290,501,4,1,"
15.2129,terug,-350,MM0 ?S
15.2129,terug,-350,MM1 ?S
15.2129,terug,-350,MM0 S=-375:300
15.2129,terug,-350,MM1 S=-300:375
15.2471,terug,-350,MM1 !M -350 350
15.2471,terug,-350,MM0 !M -350 350
15.2471,terug,-350,MM1 +
15.2471,terug,-350,MM0 +
15.2471,terug,-350,"#241,YAW,2.59,GYRO,-204,-235,50,ACC,1,30,251,ADC,1266,364,4,2,"
15.2471,terug,-350,MM0 ?T
15.2471,terug,-350,MM1 ?T
15.2471,terug,-350,MM0 T=35:34
15.2471,terug,-350,MM1 T=36:33
15.2471,terug,-350,"#242,YAW,2.59,GYRO,97,55,6,ACC,17,-8,124,ADC,1293,501,4,2,"
15.2471,terug,-350,MM0 ?V
15.2681,terug,-350,MM1 ?V
15.2681,terug,-350,MM0 V=120:223:4903
15.2681,terug,-350,MM1 V=120:223:4900
15.2681,terug,-350,"#243,YAW,2.59,GYRO,24,394,-16,ACC,27,-13,313,ADC,1270,500,4,2,"
15.2681,terug,-350,MM0 ?CR
15.2681,terug,-350,MM1 ?CR
15.2888,terug,-350,MM0 CR=-84:82
15.2889,terug,-350,MM1 CR=-82:82
15.2889,terug,-350,"#244,YAW,2.59,GYRO,-311,-194,13,ACC,3,41,353,ADC,1229,383,4,1,"
15.2889,terug,-350,MM0 ?A
15.2889,terug,-350,MM1 ?A
15.2889,terug,-350,MM0 A=-4:5
15.3098,terug,-350,MM1 A=-4:5
15.3099,terug,-350,"#245,YAW,2.59,GYRO,179,159,-21,ACC,-17,1,199,ADC,1232,386,6,2,"
15.3099,terug,-350,MM0 ?AI
15.3099,terug,-350,MM1 ?AI
15.3447,terug,-350,MM0 AI=0:0:2410:2413:0:0
15.3447,terug,-350,MM1 AI=0:0:2335:2304:0:0
15.3447,terug,-350,MM0 !M -350 350
15.3447,terug,-350,MM1 !M -350 350
15.3447,terug,-350,MM0 +
15.3447,terug,-350,MM1 +
15.3447,terug,-350,"#246,YAW,2.59,GYRO,197,226,-1,ACC,39,-46,111,ADC,1283,315,4,2,"
15.3447,terug,-350,MM0 ?C
15.3447,terug,-350,MM1 ?C
15.3447,terug,-350,MM0 C=770:-770
15.3447,terug,-350,MM1 C=2341:-2469
15.3647,terug,-350,"#247,YAW,2.59,GYRO,-360,13,-19,ACC,18,38,717,ADC,1251,498,7,3,"
15.3648,terug,-350,MM0 ?D
15.3648,terug,-350,MM1 ?D
15.3648,terug,-350,MM0 D=32
15.3648,terug,-350,MM1 D=41
15.3648,terug,-350,"$GPRMC,092608.0,A,5050.50362,N,00419.38397,E,000.08,139.0,021026,000.4,E*55"
15.3858,terug,-350,"#248,YAW,2.59,GYRO,364,261,-19,ACC,-34,-65,206,ADC,1254,389,6,1,"
15.3859,terug,-350,MM0 ?FF
15.3859,terug,-350,MM1 ?FF
15.3859,terug,-350,MM0 FF=0
15.3859,terug,-350,MM1 FF=0
15.4067,terug,-350,"#249,YAW,2.59,GYRO,46,359,-46,ACC,25,-15,202,ADC,1248,381,6,2,"
15.4067,terug,-350,MM0 ?P
15.4067,terug,-350,MM1 ?P
15.4067,terug,-350,MM0 P=-350:350
15.4067,terug,-350,MM1 P=-350:350
15.4067,terug,-350,"#250,YAW,2.59,GYRO,-40,91,-26,ACC,-6,-6,369,ADC,1221,382,6,2,"
15.4067,terug,-350,MM0 ?S
15.4415,terug,-350,MM1 ?S
15.4415,terug,-350,MM0 S=-300:300
15.4415,terug,-350,MM1 S=-300:300
15.4415,terug,-350,MM1 !M -350 350
15.4415,terug,-350,MM0 !M -350 350
15.4415,terug,-350,MM1 +
15.4415,terug,-350,MM0 +
15.4415,terug,-350,"#251,YAW,2.59,GYRO,66,98,-19,ACC,-36,28,166,ADC,1240,384,4,2,"
15.4415,terug,-350,MM0 ?T
15.4415,terug,-350,MM1 ?T
15.4416,terug,-350,MM0 T=35:34
15.4416,terug,-350,MM1 T=36:33
15.4618,terug,-350,"#252,YAW,2.59,GYRO,-216,-221,-27,ACC,-13,-10,455,ADC,1283,387,5,1,"
15.4618,terug,-350,MM0 ?V
15.4618,terug,-350,MM1 ?V
15.4618,terug,-350,MM0 V=120:221:4905
15.4618,terug,-350,MM1 V=120:222:4898
15.4827,terug,-350,"#253,YAW,2.59,GYRO,-135,-73,-33,ACC,-36,48,192,ADC,1244,499,5,2,"
15.4828,terug,-350,MM0 ?CR
15.4828,terug,-350,MM1 ?CR
15.4828,terug,-350,MM0 CR=-82:83
15.4828,terug,-350,MM1 CR=-83:82
15.5039,terug,-350,"#254,YAW,2.59,GYRO,127,229,-24,ACC,3,-59,151,ADC,1271,500,5,2,"
15.5039,terug,-350,MM0 ?A
15.5039,terug,-350,MM1 ?A
15.5039,terug,-350,MM0 A=-4:2
15.5039,terug,-350,MM1 A=-4:5
15.5377,terug,-350,"#255,YAW,2.59,GYRO,-67,85,1,ACC,-45,1,321,ADC,1241,502,5,2,"
15.5377,terug,-350,MM0 ?AI
15.5377,terug,-350,MM1 ?AI
15.5377,terug,-350,MM0 AI=0:0:2405:2396:0:0
15.5377,terug,-350,MM1 AI=0:0:2312:2331:0:0
15.5377,terug,-350,"#0,YAW,2.59,GYRO,128,-148,3,ACC,27,-15,157,ADC,1260,395,4,1,"
15.5377,terug,-350,MM0 ?C
15.5378,terug,-350,MM1 ?C
15.5378,terug,-350,MM0 C=688:-688
15.5378,terug,-350,MM1 C=2259:-2387
15.5593,terug,-350,"#1,YAW,2.60,GYRO,149,661,-20,ACC,-23,24,231,ADC,1206,384,5,2,"
15.5593,terug,-350,MM0 ?D
15.5594,terug,-350,MM1 ?D
15.5594,terug,-350,MM0 D=19
15.5594,terug,-350,MM1 D=19
15.5594,terug,-350,"$GPRMC,092608.2,A,5050.50363,N,00419.38397,E,000.07,139.0,021026,000.4,E*59"
15.5796,terug,-350,"#2,YAW,2.59,GYRO,-207,-443,30,ACC,33,56,247,ADC,1240,497,6,2,"
15.5796,terug,-350,MM0 ?FF
15.5796,terug,-350,MM1 ?FF
15.5796,terug,-350,MM0 FF=0
15.5796,terug,-350,MM1 FF=0
15.6007,terug,-350,"#3,YAW,2.59,GYRO,5,38,-4,ACC,-10,52,192,ADC,1228,391,4,2,"
15.6007,terug,-350,MM0 ?P
15.6007,terug,-350,MM1 ?P
15.6007,terug,-350,MM0 P=-350:350
15.6007,terug,-350,MM1 P=-350:350
15.6510,terug,-350,"#4,YAW,2.60,GYRO,-13,319,-26,ACC,9,-30,225,ADC,1259,384,5,2,"
15.6510,terug,-350,MM0 ?S
15.6510,terug,-350,MM1 ?S
15.6510,terug,-350,MM0 S=-300:300
15.6510,terug,-350,MM1 S=-300:375
15.6510,terug,-350,MM1 !M -35PING
15.6510,terug,-350,MM0 !M -35PING
15.6510,terug,-350,MM1 +
15.6510,terug,-350,MM0 +
15.6510,terug,-350,"#5,YAW,2.60,GYRO,-143,-223,-5,ACC,-2,7,240,ADC,1227,437,4,1,"
15.6510,terug,-350,MM0 ?T
15.6510,terug,-350,MM1 ?T
15.6510,terug,-350,MM0 T=35:34
15.6510,terug,-350,MM1 T=36:33
15.6510,terug,-350,MM0 !M -350 350
15.6510,terug,-350,MM1 !M -350 350
15.6510,terug,-350,MM0 +
15.6510,terug,-350,MM1 +
15.6510,terug,-350,"#6,YAW,2.60,GYRO,103,-84,-30,ACC,24,2,274,ADC,1279,492,3,1,"
15.6510,terug,-350,MM0 ?V
15.6510,terug,-350,MM1 ?V
15.6510,terug,-350,MM0 V=120:223:4903
15.6510,terug,-350,MM1 V=120:223:4898
15.6715,terug,-350,"#7,YAW,2.60,GYRO,197,435,-40,ACC,8,-3,295,ADC,1268,390,4,2,"
15.6716,terug,-350,MM0 ?CR
15.6716,terug,-350,MM1 ?CR
15.6716,terug,-350,MM0 CR=-83:81
15.6716,terug,-350,MM1 CR=-82:82
15.6927,terug,-350,"#8,YAW,2.60,GYRO,-214,-317,29,ACC,-4,81,259,ADC,1214,381,5,2,"
15.6927,terug,-350,MM0 ?A
15.6927,terug,-350,MM1 ?A
15.6927,terug,-350,MM0 A=-4:5
15.6927,terug,-350,MM1 A=-4:8
15.7151,terug,-350,"#9,YAW,2.60,GYRO,304,134,-2,ACC,5,-13,228,ADC,1249,394,5,2,"
15.7151,terug,-350,MM0 ?AI
15.7151,terug,-350,MM1 ?AI
15.7151,terug,-350,MM0 AI=0:0:2419:2406:0:0
15.7151,terug,-350,MM1 AI=0:0:2337:2335:0:0
15.7489,terug,-350,"#10,YAW,2.60,GYRO,-5,285,-2,ACC,-23,16,248,ADC,1281,501,4,1,"
15.7489,terug,-350,MM0 !M -350 350
15.7489,terug,-350,MM1 !M -350 350
15.7489,terug,-350,MM1 +
15.7489,terug,-350,MM0 +
15.7489,terug,-350,MM0 ?C
15.7489,terug,-350,MM1 ?C
15.7489,terug,-350,MM1 C=2176:-2306
15.7489,terug,-350,MM0 C=605:-606
15.7489,terug,-350,"#11,YAW,2.60,GYRO,-93,-470,25,ACC,10,30,212,ADC,1245,389,4,2,"
15.7489,terug,-350,MM0 ?D
15.7489,terug,-350,MM1 ?D
15.7489,terug,-350,MM0 D=34
15.7698,terug,-350,MM1 D=48
15.7698,terug,-350,"$GPRMC,092608.4,A,5050.50363,N,00419.38398,E,000.07,139.0,021026,000.4,E*50"
15.7698,terug,-350,"#12,YAW,2.60,GYRO,2,277,-15,ACC,17,49,153,ADC,1315,505,4,2,"
15.7698,terug,-350,MM0 ?FF
15.7698,terug,-350,MM1 ?FF
15.7698,terug,-350,MM0 FF=0
15.7698,terug,-350,MM1 FF=0
15.7919,terug,-350,"#13,YAW,2.60,GYRO,15,287,-25,ACC,18,4,342,ADC,1254,497,6,2,"
15.7919,terug,-350,MM0 ?P
15.7919,terug,-350,MM1 ?P
15.7919,terug,-350,MM0 P=-350:350
15.7919,terug,-350,MM1 P=-350:350
15.8115,terug,-350,"#14,YAW,2.60,GYRO,-174,-281,-31,ACC,2,24,165,ADC,1231,382,7,2,"
15.8116,terug,-350,MM0 ?S
15.8116,terug,-350,MM1 ?S
15.8116,terug,-350,MM0 S=-300:300
15.8116,terug,-350,MM1 S=-300:300
15.8459,terug,-350,MM1 !M -350 350
15.8459,terug,-350,MM0 !M -350 350
15.8459,terug,-350,MM1 +
15.8459,terug,-350,MM0 +
15.8459,terug,-350,"#15,YAW,2.60,GYRO,80,-40,-42,ACC,-37,-9,418,ADC,1231,299,7,2,"
15.8459,terug,-350,MM0 ?T
15.8459,terug,-350,MM1 ?T
15.8459,terug,-350,MM0 T=35:34
15.8459,terug,-350,MM1 T=36:33
15.8668,terug,-350,"#16,YAW,2.60,GYRO,207,344,-49,ACC,47,-29,249,ADC,1265,494,6,2,"
15.8668,terug,-350,MM0 ?V
15.8668,terug,-350,MM1 ?V
15.8668,terug,-350,MM0 V=120:224:4903
15.8668,terug,-350,MM1 V=120:224:4900
15.8668,terug,-350,"#17,YAW,2.60,GYRO,-249,-107,-8,ACC,-1,19,262,ADC,1297,502,7,2,"
15.8669,terug,-350,MM0 ?CR
15.8878,terug,-350,MM1 ?CR
15.8878,terug,-350,MM0 CR=-82:83
15.8878,terug,-350,MM1 CR=-82:82
15.8878,terug,-350,"#18,YAW,2.60,GYRO,198,179,-22,ACC,-13,-9,282,ADC,1290,386,5,1,"
15.8878,terug,-350,MM0 ?A
15.8878,terug,-350,MM1 ?A
15.9087,terug,-350,MM0 A=-4:2
15.9087,terug,-350,MM1 A=-4:5
15.9087,terug,-350,"#19,YAW,2.60,GYRO,-168,-82,24,ACC,25,38,291,ADC,1260,500,4,2,"
15.9087,terug,-350,MM0 ?AI
15.9087,terug,-350,MM1 ?AI
15.9428,terug,-350,MM0 AI=0:0:2346:2414:0:0
15.9428,terug,-350,MM1 AI=0:0:2319:2316:0:0
15.9428,terug,-350,MM0 !M -350 350
15.9429,terug,-350,MM1 !M -350 350
15.9429,terug,-350,MM0 +
15.9429,terug,-350,MM1 +
15.9429,terug,-350,"#20,YAW,2.60,GYRO,91,102,14,ACC,19,26,181,ADC,1240,390,4,1,"
15.9429,terug,-350,MM0 ?C
15.9429,terug,-350,MM1 ?C
15.9429,terug,-350,MM0 C=523:-524
15.9429,terug,-350,MM1 C=2095:-2224
15.9639,terug,-350,"#21,YAW,2.60,GYRO,57,332,11,ACC,-21,6,297,ADC,1293,501,5,2,"
15.9639,terug,-350,MM0 ?D
15.9639,terug,-350,MM1 ?D
15.9639,terug,-350,MM0 D=17
15.9639,terug,-350,MM1 D=3
15.9640,terug,-350,"$GPRMC,092608.6,A,5050.50363,N,00419.38398,E,000.07,139.0,021026,000.4,E*52"
15.9845,terug,-350,"#22,YAW,2.60,GYRO,-162,-400,60,ACC,-27,37,210,ADC,1263,398,6,1,"
15.9845,terug,-350,MM0 ?FF
15.9845,terug,-350,MM1 ?FF
15.9845,terug,-350,MM0 FF=0
15.9845,terug,-350,MM1 FF=0
16.0058,terug,-350,"#23,YAW,2.60,GYRO,65,150,13,ACC,9,2,139,ADC,1221,392,5,2,"
16.0059,terug,-350,MM0 ?P
16.0059,terug,-350,MM1 ?P
16.0059,terug,-350,MM0 P=-350:350
16.0059,terug,-350,MM1 P=-350:350
16.0059,terug,-350,"#24,YAW,2.60,GYRO,60,413,-8,ACC,11,7,375,ADC,1273,498,4,1,"
16.0527,terug,-350,MM0 ?S
16.0528,terug,-350,MM1 ?S
16.0528,terug,-350,MM0 S=-300:375
16.0528,terug,-350,MM1 S=-375:375
16.0528,terug,-350,"#25,YAW,2.60,GYRO,-181,-355,25,ACC,31,31,293,ADC,1288,392,6,1,"
16.0528,terug,-350,MM0 ?T
16.0528,terug,-350,MM1 ?T
16.0528,terug,-350,MM0 T=35:34
16.0528,terug,-350,MM1 T=36:33
16.0528,terug,-350,"#26,YAW,2.60,GYRO,43,246,-15,ACC,25,12,139,ADC,1247,503,7,2,"
16.0528,terug,-350,MM0 ?V
16.0528,terug,-350,MM1 ?V
16.0528,terug,-350,MM0 V=120:222:4904
16.0528,terug,-350,MM1 V=120:222:4900
16.0736,terug,-350,"#27,YAW,2.60,GYRO,283,366,-23,ACC,-6,-66,172,ADC,1259,500,4,2,"
16.0736,terug,-350,MM0 ?CR
16.0737,terug,-350,MM1 ?CR
16.0737,terug,-350,MM0 CR=-83:81
16.0737,terug,-350,MM1 CR=-82:81
16.0945,terug,-350,"#28,YAW,2.60,GYRO,-347,-381,-42,ACC,-104,104,656,ADC,1266,501,7,1,"
16.0946,terug,-350,MM0 ?A
16.0946,terug,-350,MM1 ?A
16.0946,terug,-350,MM0 A=-4:5
16.0946,terug,-350,MM1 A=-7:8
16.1162,terug,-350,"#29,YAW,2.60,GYRO,237,241,-44,ACC,33,-32,178,ADC,1256,393,4,1,"
16.1162,terug,-350,MM0 ?AI
16.1162,terug,-350,MM1 ?AI
16.1162,terug,-350,MM0 AI=0:0:2378:2414:0:0
16.1162,terug,-350,MM1 AI=0:0:2321:2294:0:0
16.1162,terug,-350,MM0 !M -350 350
16.1162,terug,-350,MM1 !M -350 350
16.1162,terug,-350,MM0 +
16.1500,terug,-350,MM1 +
16.1500,terug,-350,MM0 PING
16.1500,terug,-350,MM1 PING
16.1500,terug,-350,"#30,YAW,2.60,GYRO,216,454,-55,ACC,15,-38,241,ADC,1243,386,6,2,"
16.1500,terug,-350,MM0 ?C
16.1500,terug,-350,MM1 ?C
16.1500,terug,-350,MM0 C=441:-442
16.1500,terug,-350,MM1 C=2012:-2142
16.1500,terug,-350,MM0 !M -350 350
16.1500,terug,-350,MM1 !M -350 350
16.1500,terug,-350,MM0 +
16.1500,terug,-350,MM1 +
16.1500,terug,-350,"#31,YAW,2.60,GYRO,-120,-82,-35,ACC,-28,-10,448,ADC,1247,382,6,2,"
16.1500,terug,-350,MM0 ?D
16.1500,terug,-350,MM1 ?D
16.1500,terug,-350,MM0 D=35
16.1500,terug,-350,MM1 D=48
16.1706,terug,-350,"$GPRMC,092608.8,A,5050.50363,N,00419.38399,E,000.05,139.0,021026,000.4,E*5F"
16.1706,terug,-350,"#32,YAW,2.60,GYRO,-51,53,-9,ACC,-20,22,164,ADC,1243,503,6,2,"
16.1706,terug,-350,MM0 ?FF
16.1706,terug,-350,MM1 ?FF
16.1706,terug,-350,MM0 FF=0
16.1707,terug,-350,MM1 FF=0
16.1916,terug,-350,"#33,YAW,2.60,GYRO,37,-163,18,ACC,31,42,408,ADC,1260,383,6,2,"
16.1916,terug,-350,MM0 ?P
16.1916,terug,-350,MM1 ?P
16.1916,terug,-350,MM0 P=-350:350
16.1916,terug,-350,MM1 P=-350:350
16.2126,terug,-350,"#34,YAW,2.60,GYRO,-238,200,-9,ACC,-3,64,274,ADC,1277,501,6,2,"
16.2126,terug,-350,MM0 ?S
16.2126,terug,-350,MM1 ?S
16.2126,terug,-350,MM0 S=-300:300
16.2126,terug,-350,MM1 S=-300:300
16.2468,terug,-350,MM1 !M -350 350
16.2469,terug,-350,MM0 !M -350 350
16.2469,terug,-350,MM1 +
16.2469,terug,-350,MM0 +
16.2469,terug,-350,"#35,YAW,2.60,GYRO,-158,154,-38,ACC,41,11,262,ADC,1259,359,5,2,"
16.2469,terug,-350,MM0 ?T
16.2469,terug,-350,MM1 ?T
16.2469,terug,-350,MM0 T=35:34
16.2469,terug,-350,MM1 T=36:33
16.2469,terug,-350,"#36,YAW,2.60,GYRO,188,160,-48,ACC,1,-34,93,ADC,1211,381,4,1,"
16.2469,terug,-350,MM0 ?V
16.2678,terug,-350,MM1 ?V
16.2678,terug,-350,MM0 V=120:223:4903
16.2678,terug,-350,MM1 V=120:223:4898
16.2678,terug,-350,"#37,YAW,2.61,GYRO,85,-126,-78,ACC,-23,-43,53,ADC,1241,499,5,2,"
16.2678,terug,-350,MM0 ?CR
16.2678,terug,-350,MM1 ?CR
16.2887,terug,-350,MM0 CR=-81:83
16.2887,terug,-350,MM1 CR=-82:82
16.2887,terug,-350,"#38,YAW,2.61,GYRO,136,-227,-70,ACC,182,-252,345,ADC,1261,500,8,2,"
16.2887,terug,-350,MM0 ?A
16.2887,terug,-350,MM1 ?A
16.2887,terug,-350,MM0 A=-7:8
16.3101,terug,-350,MM1 A=-10:5
16.3101,terug,-350,"#39,YAW,2.61,GYRO,-171,21,-12,ACC,18,32,187,ADC,1232,381,5,1,"
16.3101,terug,-350,MM0 ?AI
16.3101,terug,-350,MM1 ?AI
16.3101,terug,-350,MM0 AI=0:0:2385:2415:0:0
16.3462,terug,-350,MM1 AI=0:0:2275:2293:0:0
16.3462,terug,-350,MM1 !M -350 350
16.3462,terug,-350,MM0 !M -350 350
16.3462,terug,-350,MM1 +
16.3462,terug,-350,MM0 +
16.3462,terug,-350,"#40,YAW,2.61,GYRO,116,239,18,ACC,-31,5,121,ADC,1258,298,3,2,"
16.3462,terug,-350,MM0 ?C
16.3462,terug,-350,MM1 ?C
16.3462,terug,-350,MM0 C=360:-360
16.3462,terug,-350,MM1 C=1931:-2061
16.3677,terug,-350,"#41,YAW,2.61,GYRO,161,360,27,ACC,24,-45,71,ADC,1241,502,7,2,"
16.3677,terug,-350,MM0 ?D
16.3677,terug,-350,MM1 ?D
16.3677,terug,-350,MM0 D=19
16.3677,terug,-350,MM1 D=34
16.3677,terug,-350,"$GPRMC,092609.0,A,5050.50363,N,00419.38399,E,000.04,139.0,021026,000.4,E*57"
16.3677,terug,-350,"#42,YAW,2.61,GYRO,-480,-595,-6,ACC,55,-80,894,ADC,1245,398,5,1,"
16.3889,terug,-350,MM0 ?FF
16.3889,terug,-350,MM1 ?FF
16.3889,terug,-350,MM0 FF=0
16.3889,terug,-350,MM1 FF=0
16.3889,terug,-350,"#43,YAW,2.61,GYRO,379,331,-38,ACC,10,-80,-2,ADC,1272,503,8,2,"
16.3889,terug,-350,MM0 ?P
16.3889,terug,-350,MM1 ?P
16.4087,terug,-350,MM0 P=-350:350
16.4087,terug,-350,MM1 P=-350:350
16.4087,terug,-350,"#44,YAW,2.61,GYRO,118,484,-40,ACC,-41,-12,189,ADC,1258,380,5,2,"
16.4087,terug,-350,MM0 ?S
16.4088,terug,-350,MM1 ?S
16.4428,terug,-350,MM0 S=-300:375
16.4429,terug,-350,MM1 S=-300:300
16.4429,terug,-350,MM0 !M -350 350
16.4429,terug,-350,MM1 !M -350 350
16.4429,terug,-350,MM0 +
16.4429,terug,-350,MM1 +
16.4429,terug,-350,"#45,YAW,2.61,GYRO,-249,-449,3,ACC,-26,56,387,ADC,1261,497,3,1,"
16.4429,terug,-350,MM0 ?T
16.4429,terug,-350,MM1 ?T
16.4429,terug,-350,MM0 T=35:34
16.4429,terug,-350,MM1 T=36:33
16.4638,terug,-350,"#46,YAW,2.61,GYRO,267,78,-8,ACC,-24,3,247,ADC,1227,381,6,2,"
16.4638,terug,-350,MM1 ?V
16.4638,terug,-350,MM0 ?V
16.4638,terug,-350,MM0 V=120:223:4904
16.4638,terug,-350,MM1 V=120:222:4900
16.4853,terug,-350,"#47,YAW,2.61,GYRO,-14,496,-19,ACC,13,11,342,ADC,1233,386,7,1,"
16.4853,terug,-350,MM0 ?CR
16.4853,terug,-350,MM1 ?CR
16.4853,terug,-350,MM0 CR=-81:81
16.4853,terug,-350,MM1 CR=-82:81
16.5070,terug,-350,"#48,YAW,2.61,GYRO,-55,-558,29,ACC,-17,28,155,ADC,1213,380,4,2,"
16.5070,terug,-350,MM0 ?A
16.5070,terug,-350,MM1 ?A
16.5070,terug,-350,MM0 A=-7:8
16.5070,terug,-350,MM1 A=-7:11
16.5317,terug,-350,"#49,YAW,2.61,GYRO,-184,119,-10,ACC,159,32,225,ADC,1263,502,8,2,"
16.5317,terug,-350,MM0 ?AI
16.5317,terug,-350,MM1 ?AI
16.5317,terug,-350,MM0 AI=0:0:2405:2417:0:0
16.5317,terug,-350,MM1 AI=0:0:2337:2305:0:0
16.5317,terug,-350,"#50,YAW,2.61,GYRO,-160,186,39,ACC,44,4,221,ADC,1257,387,5,2,"
16.5317,terug,-350,MM0 ?C
16.5684,terug,-350,MM1 ?C
16.5684,terug,-350,MM0 C=278:-279
16.5684,terug,-350,MM1 C=1849:-1980
16.5684,terug,-350,MM0 !M -350 350
16.5684,terug,-350,MM1 !M -350 350
16.5684,terug,-350,MM0 +
16.5684,terug,-350,MM1 +
16.5684,terug,-350,"#51,YAW,2.61,GYRO,-199,-293,90,ACC,-64,8,163,ADC,1251,355,4,2,"
16.5684,terug,-350,MM0 ?D
16.5684,terug,-350,MM1 ?D
16.5684,terug,-350,MM0 D=48
16.5684,terug,-350,MM1 D=33
16.5684,terug,-350,"$GPRMC,092609.2,A,5050.50363,N,00419.38399,E,000.02,139.0,021026,000.4,E*53"
16.5684,terug,-350,"#52,YAW,2.60,GYRO,52,-179,54,ACC,74,-52,198,ADC,1272,398,6,2,"
16.5684,terug,-350,MM0 ?FF
16.5877,terug,-350,MM1 ?FF
16.5877,terug,-350,MM0 FF=0
16.5877,terug,-350,MM1 FF=0
16.5877,terug,-350,"#53,YAW,2.60,GYRO,331,687,-24,ACC,-60,-45,305,ADC,1246,404,7,2,"
16.5877,terug,-350,MM0 ?P
16.5877,terug,-350,MM1 ?P
16.6086,terug,-350,MM0 P=-350:350
16.6086,terug,-350,MM1 P=-350:350
16.6086,terug,-350,"#54,YAW,2.61,GYRO,36,-202,-46,ACC,76,40,302,ADC,1255,382,3,2,"
16.6086,terug,-350,MM0 ?S
16.6087,terug,-350,MM1 ?S
16.6087,terug,-350,MM0 S=-375:300
16.6619,terug,-350,MM1 S=-375:300
16.6619,terug,-350,"#55,YAW,2.61,GYRO,145,589,-90,ACC,-41,72,346,ADC,1232,501,5,2,"
16.6619,terug,-350,MM0 ?T
16.6619,terug,-350,MM1 ?T
16.6619,terug,-350,MM0 T=35:34
16.6619,terug,-350,MM1 T=36:33
16.6619,terug,-350,MM0 !M -350 350
16.6619,terug,-350,MM1 !M -350 350
16.6619,terug,-350,MM0 +
16.6619,terug,-350,MM1 +
16.6619,terug,-350,"#56,YAW,2.61,GYRO,66,-460,33,ACC,31,61,107,ADC,1256,383,4,2,"
16.6619,terug,-350,MM0 ?V
16.6619,terug,-350,MM1 ?V
16.6619,terug,-350,MM0 V=120:223:4904
16.6619,terug,-350,MM1 V=120:222:4898
16.6828,terug,-350,"#57,YAW,2.61,GYRO,-186,-68,13,ACC,-94,-7,241,ADC,1275,384,4,2,"
16.6828,terug,-350,MM0 ?CR
16.6828,terug,-350,MM1 ?CR
16.6828,terug,-350,MM0 CR=-82:82
16.6828,terug,-350,MM1 CR=-81:80
16.7038,terug,-350,"#58,YAW,2.61,GYRO,132,505,7,ACC,31,-64,330,ADC,1241,408,5,1,"
16.7038,terug,-350,MM0 ?A
16.7038,terug,-350,MM1 ?A
16.7038,terug,-350,MM0 A=-1:5
16.7038,terug,-350,MM1 A=-1:2
16.7571,terug,-350,"#59,YAW,2.61,GYRO,-161,-258,37,ACC,-44,3,316,ADC,1279,500,4,2,"
16.7571,terug,-350,MM1 ?AI
16.7571,terug,-350,MM0 ?AI
16.7571,terug,-350,MM1 AI=0:0:2308:2329:0:0
16.7571,terug,-350,MM0 AI=0:0:2390:2404:0:0
16.7571,terug,-350,"#60,YAW,2.61,GYRO,-51,-228,3,ACC,56,-20,190,ADC,1258,381,5,2,"
16.7571,terug,-350,MM0 ?C
16.7571,terug,-350,MM1 ?C
16.7571,terug,-350,MM0 C=197:-197
16.7572,terug,-350,MM1 C=1767:-1899
16.7572,terug,-350,MM0 !M -350 350
16.7572,terug,-350,MM1 !M -350 350
16.7572,terug,-350,MM0 +
16.7572,terug,-350,MM1 +
16.7572,terug,-350,"#61,YAW,2.61,GYRO,152,559,-27,ACC,2,-15,225,ADC,1237,392,6,2,"
16.7572,terug,-350,MM0 ?D
16.7572,terug,-350,MM1 ?D
16.7572,terug,-350,MM1 D=18
16.7572,terug,-350,MM0 D=3
16.7572,terug,-350,"$GPRMC,092609.4,A,5050.50363,N,00419.38399,E,000.02,139.0,021026,000.4,E*55"
16.7777,terug,-350,"#62,YAW,2.61,GYRO,-122,-164,5,ACC,-29,2,412,ADC,1248,395,6,1,"
16.7777,terug,-350,MM1 ?FF
16.7777,terug,-350,MM0 ?FF
16.7777,terug,-350,MM0 FF=0
16.7778,terug,-350,MM1 FF=0
16.7986,terug,-350,"#63,YAW,2.61,GYRO,-117,-81,-19,ACC,7,-19,145,ADC,1232,387,5,2,"
16.7986,terug,-350,MM0 ?P
16.7986,terug,-350,MM1 ?P
16.7986,terug,-350,MM0 P=-350:350
16.7986,terug,-350,MM1 P=-350:350
16.8197,terug,-350,"#64,YAW,2.61,GYRO,265,394,-34,ACC,29,-84,134,ADC,1282,499,7,1,"
16.8197,terug,-350,MM0 ?S
16.8197,terug,-350,MM1 ?S
16.8198,terug,-350,MM0 S=-300:300
16.8198,terug,-350,MM1 S=-375:375
16.8537,terug,-350,"#65,YAW,2.61,GYRO,-136,-76,-51,ACC,-90,-93,362,ADC,1265,501,6,1,"
16.8537,terug,-350,MM0 ?T
16.8537,terug,-350,MM1 ?T
16.8537,terug,-350,MM0 T=35:34
16.8537,terug,-350,MM1 T=36:33
16.8537,terug,-350,"#66,YAW,2.61,GYRO,-134,-174,-39,ACC,42,1,269,ADC,1234,398,5,2,"
16.8537,terug,-350,MM0 ?V
16.8537,terug,-350,MM1 ?V
16.8537,terug,-350,MM0 V=120:223:4903
16.8537,terug,-350,MM1 V=120:222:4900
16.8749,terug,-350,"#67,YAW,2.61,GYRO,261,481,-62,ACC,28,-85,301,ADC,1263,384,7,1,"
16.8749,terug,-350,MM0 ?CR
16.8749,terug,-350,MM1 ?CR
16.8749,terug,-350,MM0 CR=-82:82
16.8749,terug,-350,MM1 CR=-82:82
16.8958,terug,-350,"#68,YAW,2.61,GYRO,-112,-44,-20,ACC,-18,-17,339,ADC,1248,384,5,2,"
16.8958,terug,-350,MM0 ?A
16.8958,terug,-350,MM1 ?A
16.8958,terug,-350,MM0 A=-7:2
16.8958,terug,-350,MM1 A=-4:8
16.9179,terug,-350,"#69,YAW,2.61,GYRO,-181,-13,-8,ACC,19,50,116,ADC,1254,384,5,2,"
16.9179,terug,-350,MM1 ?AI
16.9179,terug,-350,MM0 ?AI
16.9179,terug,-350,MM1 AI=0:0:2248:2285:0:0
16.9179,terug,-350,MM0 AI=0:0:2413:2394:0:0
16.9179,terug,-350,MM0 !M -350 350
16.9519,terug,-350,MM1 !M -350 350
16.9520,terug,-350,MM0 +
16.9520,terug,-350,MM1 +
16.9520,terug,-350,MM0 PING
16.9520,terug,-350,MM1 PING
16.9520,terug,-350,"#70,YAW,2.61,GYRO,223,-72,-7,ACC,10,-8,438,ADC,1222,364,5,1,"
16.9520,terug,-350,MM0 ?C
16.9520,terug,-350,MM1 ?C
16.9520,terug,-350,MM0 C=115:-115
16.9520,terug,-350,MM1 C=1685:-1818
16.9520,terug,-350,MM0 !M -350 350
16.9520,terug,-350,MM1 !M -350 350
16.9520,terug,-350,MM0 +
16.9520,terug,-350,MM1 +
16.9520,terug,-350,"#71,YAW,2.61,GYRO,-195,-66,-39,ACC,-31,32,212,ADC,1286,391,5,2,"
16.9520,terug,-350,MM1 ?D
16.9520,terug,-350,MM0 ?D
16.9520,terug,-350,MM1 D=49
16.9520,terug,-350,MM0 D=33
16.9738,terug,-350,"$GPRMC,092609.6,A,5050.50363,N,00419.38399,E,000.04,139.0,021026,000.4,E*51"
16.9738,terug,-350,"#72,YAW,2.61,GYRO,-61,4,-28,ACC,6,-5,207,ADC,1259,385,5,2,"
16.9739,terug,-350,MM1 ?FF
16.9739,terug,-350,MM0 ?FF
16.9739,terug,-350,MM1 FF=0
16.9739,terug,-350,MM0 FF=0
16.9949,terug,-350,"#73,YAW,2.61,GYRO,39,88,-11,ACC,38,-22,290,ADC,1231,392,6,2,"
16.9949,terug,-350,MM1 ?P
16.9950,terug,-350,MM0 ?P
16.9950,terug,-350,MM1 P=-350:350
16.9950,terug,-350,MM0 P=-350:350
17.0157,terug,-350,"#74,YAW,2.61,GYRO,20,-295,16,ACC,16,16,209,ADC,1260,389,8,1,"
17.0157,terug,-350,MM1 ?S
17.0157,terug,-350,MM0 ?S
17.0158,terug,-350,MM1 S=-300:300
17.0158,terug,-350,MM0 S=-300:300
17.0530,terug,-350,"#75,YAW,2.61,GYRO,98,661,-34,ACC,1,10,209,ADC,1242,384,5,2,"
17.0531,terug,-350,MM1 ?T
17.0531,terug,-350,MM0 ?T
17.0531,terug,-350,MM1 T=35:33
17.0531,terug,-350,MM0 T=35:34
17.0531,terug,-350,MM0 !M -350 350
17.0531,terug,-350,MM1 !M -350 350
17.0531,terug,-350,MM0 +
17.0531,terug,-350,MM1 +
17.0531,terug,-350,"#76,YAW,2.61,GYRO,-100,-207,24,ACC,-21,33,330,ADC,1287,502,4,1,"
17.0531,terug,-350,MM1 ?V
17.0531,terug,-350,MM0 ?V
17.0531,terug,-350,MM1 V=120:223:4898
17.0531,terug,-350,MM0 V=120:223:4903
17.0726,terug,-350,"#77,YAW,2.61,GYRO,-7,-277,21,ACC,3,9,286,ADC,1295,413,5,2,"
17.0726,terug,-350,MM1 ?CR
17.0726,terug,-350,MM0 ?CR
17.0726,terug,-350,MM1 CR=-82:81
17.0726,terug,-350,MM0 CR=-82:81
17.0937,terug,-350,"#78,YAW,2.61,GYRO,-94,364,-10,ACC,32,-2,220,ADC,1260,392,6,1,"
17.0937,terug,-350,MM1 ?A
17.0937,terug,-350,MM0 ?A
17.0937,terug,-350,MM1 A=-1:2
17.0937,terug,-350,MM0 A=-1:2
17.1139,terug,-350,"#79,YAW,2.61,GYRO,-1,22,-7,ACC,9,-7,269,ADC,1272,503,5,2,"
17.1139,terug,-350,MM1 ?AI
17.1139,terug,-350,MM0 ?AI
17.1139,terug,-350,MM1 AI=0:0:2313:2317:0:0
17.1139,terug,-350,MM0 AI=0:0:2390:2431:0:0
17.1477,terug,-350,"#80,YAW,2.61,GYRO,16,-288,-24,ACC,12,16,212,ADC,1227,369,4,2,"
17.1477,terug,-350,MM0 !M -350 350
17.1477,terug,-350,MM0 +
17.1477,terug,-350,MM1 !M -350 350
17.1477,terug,-350,MM1 +
17.1477,terug,-350,MM1 ?C
17.1477,terug,-350,MM0 ?C
17.1478,terug,-350,MM0 C=32:-33
17.1478,terug,-350,MM1 C=1604:-1737
17.1478,terug,-350,"#81,YAW,2.62,GYRO,144,406,-45,ACC,28,0,251,ADC,1285,497,4,1,"
17.1478,terug,-350,MM1 ?D
17.1690,terug,-350,MM0 ?D
17.1690,terug,-350,MM1 D=2
17.1690,terug,-350,MM0 D=3
17.1690,terug,-350,"$GPRMC,092609.8,A,5050.50362,N,00419.38398,E,000.07,139.0,021026,000.4,E*5C"
17.1690,terug,-350,"#82,YAW,2.62,GYRO,-103,-33,-5,ACC,-34,70,328,ADC,1263,406,6,1,"
17.1690,terug,-350,MM1 ?FF
17.1690,terug,-350,MM0 ?FF
17.1690,terug,-350,MM1 FF=0
17.1911,terug,-350,MM0 FF=0
17.1912,terug,-350,"#83,YAW,2.61,GYRO,120,-176,19,ACC,14,13,197,ADC,1277,400,5,2,"
17.1912,terug,-350,MM1 ?P
17.1912,terug,-350,MM0 ?P
17.1912,terug,-350,MM1 P=-350:350
17.2125,terug,-350,MM0 P=-350:350
17.2126,terug,-350,"#84,YAW,2.62,GYRO,138,511,-18,ACC,17,-23,212,ADC,1248,390,6,2,"
17.2126,terug,-350,MM1 ?S
17.2126,terug,-350,MM0 ?S
17.2126,terug,-350,MM1 S=-300:375
17.2126,terug,-350,MM0 S=-300:300
17.2597,terug,-350,"#85,YAW,2.61,GYRO,-168,-477,14,ACC,-47,36,248,ADC,1239,491,5,2,"
17.2598,terug,-350,MM1 ?T
17.2598,terug,-350,MM0 ?T
17.2598,terug,-350,MM1 T=36:33
17.2598,terug,-350,MM0 T=35:34
17.2598,terug,-350,MM0 !M -350 350
17.2598,terug,-350,MM1 !M -350 350
17.2598,terug,-350,MM0 +
17.2598,terug,-350,MM1 +
17.2598,terug,-350,"#86,YAW,2.61,GYRO,-122,59,2,ACC,9,58,209,ADC,1258,383,6,2,"
17.2598,terug,-350,MM1 ?V
17.2598,terug,-350,MM0 ?V
17.2598,terug,-350,MM1 V=120:223:4900
17.2598,terug,-350,MM0 V=120:222:4905
17.2809,terug,-350,"#87,YAW,2.62,GYRO,3,499,-31,ACC,14,9,279,ADC,1205,380,4,2,"
17.2809,terug,-350,MM1 ?CR
17.2809,terug,-350,MM0 ?CR
17.2809,terug,-350,MM1 CR=-82:82
17.2809,terug,-350,MM0 CR=-82:83
17.3019,terug,-350,"#88,YAW,2.62,GYRO,-158,-284,-16,ACC,-19,-8,225,ADC,1254,406,4,1,"
17.3019,terug,-350,MM1 ?A
17.3019,terug,-350,MM0 ?A
17.3019,terug,-350,MM1 A=-4:8
17.3019,terug,-350,MM0 A=-1:5
17.3227,terug,-350,"#89,YAW,2.62,GYRO,-146,-20,-47,ACC,3,-54,382,ADC,1259,391,4,2,"
17.3227,terug,-350,MM1 ?AI
17.3228,terug,-350,MM0 ?AI
17.3228,terug,-350,MM1 AI=0:0:2326:2315:0:0
17.3228,terug,-350,MM0 AI=0:0:2427:2395:0:0
17.3570,terug,-350,"#90,YAW,2.62,GYRO,185,288,-66,ACC,8,-79,145,ADC,1252,502,4,1,"
17.3570,terug,-350,MM1 ?C
17.3570,terug,-350,MM0 ?C
17.3570,terug,-350,MM0 C=-50:50
17.3570,terug,-350,MM1 C=1521:-1655
17.3570,terug,-350,MM0 !M -350 350
17.3570,terug,-350,MM1 !M -350 350
17.3570,terug,-350,MM0 +
17.3571,terug,-350,MM1 +
17.3571,terug,-350,"#91,YAW,2.62,GYRO,-190,-166,-23,ACC,-26,-67,265,ADC,1261,501,4,2,"
17.3571,terug,-350,MM1 ?D
17.3571,terug,-350,MM0 ?D
17.3571,terug,-350,MM1 D=49
17.3571,terug,-350,MM0 D=34
17.3571,terug,-350,"$GPRMC,092610.0,A,5050.50362,N,00419.38397,E,000.10,139.0,021026,000.4,E*55"
17.3776,terug,-350,"#92,YAW,2.62,GYRO,120,225,-24,ACC,-1,6,332,ADC,1217,382,7,2,"
17.3777,terug,-350,MM1 ?FF
17.3777,terug,-350,MM0 ?FF
17.3777,terug,-350,MM1 FF=0
17.3777,terug,-350,MM0 FF=0
17.3989,terug,-350,"#93,YAW,2.62,GYRO,65,-39,-17,ACC,31,-6,280,ADC,1286,498,7,2,"
17.3989,terug,-350,MM1 ?P
17.3989,terug,-350,MM0 ?P
17.3989,terug,-350,MM1 P=-350:350
17.3989,terug,-350,MM0 P=-350:350
17.4207,terug,-350,"#94,YAW,2.62,GYRO,-64,-175,8,ACC,11,50,183,ADC,1203,388,5,1,"
17.4207,terug,-350,MM1 ?S
17.4208,terug,-350,MM0 ?S
17.4208,terug,-350,MM1 S=-300:300
17.4208,terug,-350,MM0 S=-300:375
17.4556,terug,-350,"#95,YAW,2.62,GYRO,102,357,5,ACC,8,4,343,ADC,1252,385,4,2,"
17.4556,terug,-350,MM1 ?T
17.4556,terug,-350,MM0 ?T
17.4556,terug,-350,MM1 T=36:33
17.4556,terug,-350,MM0 T=35:34
17.4556,terug,-350,MM0 !M -350 350
17.4557,terug,-350,MM1 !M -350 350
17.4557,terug,-350,MM0 +
17.4557,terug,-350,MM1 +
17.4557,terug,-350,"#96,YAW,2.62,GYRO,-74,-210,52,ACC,-11,25,217,ADC,1279,500,6,2,"
17.4557,terug,-350,MM1 ?V
17.4557,terug,-350,MM0 ?V
17.4557,terug,-350,MM1 V=120:222:4898
17.4557,terug,-350,MM0 V=120:222:4903
17.4768,terug,-350,"#97,YAW,2.62,GYRO,-35,-65,31,ACC,9,28,186,ADC,1270,396,5,2,"
17.4768,terug,-350,MM1 ?CR
17.4768,terug,-350,MM0 ?CR
17.4768,terug,-350,MM1 CR=-82:82
17.4768,terug,-350,MM0 CR=-83:82
17.4978,terug,-350,"#98,YAW,2.62,GYRO,55,544,-11,ACC,6,-1,344,ADC,1256,382,9,2,"
17.4978,terug,-350,MM1 ?A
17.4978,terug,-350,MM0 ?A
17.4978,terug,-350,MM1 A=-4:2
17.4978,terug,-350,MM0 A=-1:2
17.5206,terug,-350,"#99,YAW,2.62,GYRO,-52,-363,18,ACC,-25,-6,272,ADC,1259,388,4,1,"
17.5207,terug,-350,MM1 ?AI
17.5207,terug,-350,MM0 ?AI
17.5207,terug,-350,MM1 AI=0:0:2394:2329:0:0
17.5207,terug,-350,MM0 AI=0:0:2417:2403:0:0
17.5547,terug,-350,"#100,YAW,2.62,GYRO,-149,-7,-17,ACC,46,33,273,ADC,1281,398,6,1,"
17.5547,terug,-350,MM1 ?C
17.5548,terug,-350,MM0 ?C
17.5548,terug,-350,MM0 C=-133:131
17.5548,terug,-350,MM1 C=1439:-1573
17.5548,terug,-350,"#101,YAW,2.62,GYRO,238,561,-44,ACC,16,-45,193,ADC,1234,500,6,1,"
17.5548,terug,-350,MM0 ?D
17.5548,terug,-350,MM1 ?D
17.5548,terug,-350,MM0 D=17
17.5548,terug,-350,MM1 D=34
17.5762,terug,-350,"$GPRMC,092610.2,A,5050.50362,N,00419.38396,E,000.15,139.0,021026,000.4,E*53"
17.5762,terug,-350,"#102,YAW,2.62,GYRO,1,-223,-45,ACC,-18,-39,376,ADC,1227,393,6,2,"
17.5762,terug,-350,MM0 ?FF
17.5762,terug,-350,MM1 ?FF
17.5762,terug,-350,MM0 FF=0
17.5762,terug,-350,MM1 FF=0
17.5966,terug,-350,"#103,YAW,2.62,GYRO,-221,-85,-58,ACC,-12,25,303,ADC,1234,502,6,2,"
17.5966,terug,-350,MM0 ?P
17.5966,terug,-350,MM1 ?P
17.5966,terug,-350,MM0 P=-350:350
17.5966,terug,-350,MM1 P=-350:350
17.6175,terug,-334,"#104,YAW,2.62,GYRO,255,451,-73,ACC,50,-92,166,ADC,1249,386,4,1,"
17.6176,terug,-334,MM0 ?S
17.6176,terug,-334,MM1 ?S
17.6176,terug,-334,MM0 S=-375:300
17.6176,terug,-334,MM1 S=-300:300
17.6530,terug,-334,MM0 !M -350 350
17.6530,terug,-334,MM1 !M -350 350
17.6530,terug,-334,MM0 +
17.6530,terug,-334,MM1 +
17.6530,terug,-334,"#105,YAW,2.62,GYRO,-124,103,-66,ACC,18,-47,327,ADC,1282,427,6,1,"
17.6530,terug,-334,MM0 PING
17.6531,terug,-334,MM1 PING
17.6531,terug,-334,MM0 ?T
17.6531,terug,-334,MM1 ?T
17.6531,terug,-334,MM0 T=35:34
17.6531,terug,-334,MM1 T=36:33
17.6531,terug,-334,MM0 !M -334 334
17.6531,terug,-334,MM0 +
17.6531,terug,-334,MM1 !M -334 334
17.6531,terug,-334,MM1 +
17.6531,terug,-334,"#106,YAW,2.63,GYRO,-230,-115,-14,ACC,26,10,102,ADC,1283,497,5,2,"
17.6531,terug,-334,MM0 ?V
17.6531,terug,-334,MM1 ?V
17.6531,terug,-334,MM0 V=120:224:4903
17.6531,terug,-334,MM1 V=120:222:4900
17.6727,terug,-334,"#107,YAW,2.63,GYRO,123,-161,2,ACC,12,-37,329,ADC,1276,500,5,2,"
17.6727,terug,-334,MM0 ?CR
17.6727,terug,-334,MM1 ?CR
17.6727,terug,-334,MM0 CR=-82:82
17.6727,terug,-334,MM1 CR=-82:82
17.6936,terug,-334,"#108,YAW,2.63,GYRO,-151,-43,-27,ACC,1,27,235,ADC,1240,389,6,2,"
17.6936,terug,-334,MM0 ?A
17.6936,terug,-334,MM1 ?A
17.6936,terug,-334,MM0 A=-1:2
17.6937,terug,-334,MM1 A=-1:5
17.7149,terug,-334,"#109,YAW,2.63,GYRO,-50,195,-41,ACC,16,-18,249,ADC,1244,382,5,2,"
17.7149,terug,-334,MM0 ?AI
17.7149,terug,-334,MM1 ?AI
17.7149,terug,-334,MM0 AI=0:0:2398:2410:0:0
17.7149,terug,-334,MM1 AI=0:0:2329:2296:0:0
17.7620,terug,-263,"#110,YAW,2.63,GYRO,77,33,-9,ACC,-9,-4,252,ADC,1230,381,5,2,"
17.7620,terug,-263,MM0 ?C
17.7620,terug,-263,MM1 ?C
17.7620,terug,-263,MM0 C=-214:213
17.7621,terug,-263,MM1 C=1358:-1492
17.7621,terug,-263,MM0 !M -263 263
17.7621,terug,-263,MM1 !M -263 263
17.7621,terug,-263,MM0 +
17.7621,terug,-263,MM1 +
17.7621,terug,-263,"#111,YAW,2.63,GYRO,-2,-301,4,ACC,7,1,159,ADC,1243,501,4,2,"
17.7621,terug,-263,MM0 ?D
17.7621,terug,-263,MM1 ?D
17.7621,terug,-263,MM0 D=48
17.7621,terug,-263,MM1 D=3
17.7621,terug,-263,"$GPRMC,092610.4,A,5050.50362,N,00419.38394,E,000.20,139.0,021026,000.4,E*51"
17.7831,terug,-263,"#112,YAW,2.63,GYRO,101,662,-28,ACC,63,4,248,ADC,1216,386,4,1,"
17.7831,terug,-263,MM0 ?FF
17.7831,terug,-263,MM1 ?FF
17.7831,terug,-263,MM0 FF=0
17.7831,terug,-263,MM1 FF=0
17.8039,terug,-263,"#113,YAW,2.63,GYRO,-10,-280,29,ACC,35,32,228,ADC,1242,388,4,2,"
17.8039,terug,-263,MM0 ?P
17.8039,terug,-263,MM1 ?P
17.8039,terug,-263,MM0 P=-263:263
17.8039,terug,-263,MM1 P=-263:263
17.8265,terug,-193,"#114,YAW,2.63,GYRO,-181,-281,6,ACC,32,8,228,ADC,1286,502,4,2,"
17.8265,terug,-193,MM0 ?S
17.8265,terug,-193,MM1 ?S
17.8265,terug,-193,MM0 S=-300:300
17.8265,terug,-193,MM1 S=-225:300
17.8606,terug,-193,"#115,YAW,2.63,GYRO,-94,403,-16,ACC,47,11,177,ADC,1281,501,5,2,"
17.8607,terug,-193,MM0 ?T
17.8607,terug,-193,MM1 ?T
17.8607,terug,-193,MM0 T=35:34
17.8607,terug,-193,MM1 T=36:33
17.8607,terug,-193,MM0 !M -193 193
17.8607,terug,-193,MM1 !M -193 193
17.8607,terug,-193,MM0 +
17.8607,terug,-193,MM1 +
17.8607,terug,-193,"#116,YAW,2.63,GYRO,221,217,-48,ACC,56,1,371,ADC,1218,380,4,2,"
17.8607,terug,-193,MM0 ?V
17.8607,terug,-193,MM1 ?V
17.8607,terug,-193,MM0 V=120:224:4904
17.8607,terug,-193,MM1 V=120:223:4900
17.8819,terug,-193,"#117,YAW,2.63,GYRO,-263,-479,-18,ACC,42,49,245,ADC,1203,381,5,2,"
17.8820,terug,-193,MM0 ?CR
17.8820,terug,-193,MM1 ?CR
17.8820,terug,-193,MM0 CR=-75:74
17.8820,terug,-193,MM1 CR=-75:75
17.9036,terug,-193,"#118,YAW,2.63,GYRO,148,148,-67,ACC,78,0,254,ADC,1254,388,3,2,"
17.9036,terug,-193,MM0 ?A
17.9036,terug,-193,MM1 ?A
17.9036,terug,-193,MM1 A=10:-14
17.9036,terug,-193,MM0 A=15:-4
17.9248,terug,-122,"#119,YAW,2.63,GYRO,196,453,-63,ACC,43,-14,90,ADC,1277,502,4,1,"
17.9248,terug,-122,MM0 ?AI
17.9248,terug,-122,MM1 ?AI
17.9248,terug,-122,MM0 AI=0:0:2402:2415:0:0
17.9248,terug,-122,MM1 AI=0:0:2317:2308:0:0
17.9589,terug,-122,"#120,YAW,2.63,GYRO,-93,59,-22,ACC,-141,68,405,ADC,1245,396,5,2,"
17.9589,terug,-122,MM0 ?C
17.9589,terug,-122,MM1 ?C
17.9589,terug,-122,MM0 C=-284:280
17.9590,terug,-122,MM1 C=1289:-1421
17.9590,terug,-122,"#121,YAW,2.63,GYRO,-142,-356,18,ACC,15,57,263,ADC,1262,502,7,2,"
17.9590,terug,-122,MM0 ?D
17.9590,terug,-122,MM1 ?D
17.9590,terug,-122,MM0 D=48
17.9590,terug,-122,MM1 D=0
17.9590,terug,-122,"$GPRMC,092610.6,A,5050.50362,N,00419.38392,E,000.22,139.0,021026,000.4,E*57"
17.9796,terug,-122,"#122,YAW,2.63,GYRO,179,386,11,ACC,52,-71,118,ADC,1256,409,5,2,"
17.9797,terug,-122,MM0 ?FF
17.9797,terug,-122,MM1 ?FF
17.9797,terug,-122,MM0 FF=0
17.9797,terug,-122,MM1 FF=0
18.0006,terug,-122,"#123,YAW,2.63,GYRO,-76,311,-3,ACC,29,-12,212,ADC,1222,379,4,2,"
18.0007,terug,-122,MM0 ?P
18.0007,terug,-122,MM1 ?P
18.0007,terug,-122,MM0 P=-193:193
18.0007,terug,-122,MM1 P=-193:193
18.0219,terug,-52,"#124,YAW,2.63,GYRO,31,-482,24,ACC,95,30,237,ADC,1250,388,4,1,"
18.0219,terug,-52,MM0 ?S
18.0219,terug,-52,MM1 ?S
18.0219,terug,-52,MM0 S=-225:150
18.0219,terug,-52,MM1 S=-225:150
18.0558,terug,-52,"#125,YAW,2.63,GYRO,-125,42,-18,ACC,-6,37,280,ADC,1300,500,5,2,"
18.0558,terug,-52,MM0 ?T
18.0558,terug,-52,MM0 T=35:34
18.0558,terug,-52,MM1 ?T
18.0558,terug,-52,MM1 T=36:33
18.0558,terug,-52,MM0 !M -122 122
18.0558,terug,-52,MM1 !M -122 122
18.0558,terug,-52,MM0 +
18.0558,terug,-52,MM1 +
18.0558,terug,-52,MM0 PING
18.0558,terug,-52,MM1 PING
18.0559,terug,-52,MM1 !M -52 52
18.0559,terug,-52,MM0 !M -52 52
18.0559,terug,-52,MM1 +
18.0559,terug,-52,MM0 +
18.0559,terug,-52,"#126,YAW,2.63,GYRO,-18,182,-4,ACC,101,4,133,ADC,1212,270,5,2,"
18.0559,terug,-52,MM0 ?V
18.0559,terug,-52,MM1 ?V
18.0559,terug,-52,MM0 V=120:223:4903
18.0559,terug,-52,MM1 V=120:223:4899
18.0769,terug,-52,"#127,YAW,2.63,GYRO,-123,-26,-24,ACC,99,1,463,ADC,1287,500,6,2,"
18.0770,terug,-52,MM0 ?CR
18.0770,terug,-52,MM1 ?CR
18.0770,terug,-52,MM0 CR=-55:51
18.0772,terug,-52,MM1 CR=-53:54
18.0975,terug,-52,"#128,YAW,2.63,GYRO,-54,151,-3,ACC,86,-4,198,ADC,1257,389,6,1,"
18.0976,terug,-52,MM0 ?A
18.0976,terug,-52,MM1 ?A
18.0976,terug,-52,MM0 A=5:-4
18.0976,terug,-52,MM1 A=5:-4
18.1186,uitbollen,0,"#129,YAW,2.63,GYRO,-14,-70,-20,ACC,66,11,215,ADC,1196,385,5,1,"
18.1186,uitbollen,0,MM0 ?AI
18.1186,uitbollen,0,MM1 ?AI
18.1186,uitbollen,0,MM0 AI=0:0:2392:2405:0:0
18.1186,uitbollen,0,MM1 AI=0:0:2311:2317:0:0
18.1577,uitbollen,0,"#130,YAW,2.63,GYRO,-115,68,-40,ACC,59,12,283,ADC,1196,380,9,2,"
18.1577,uitbollen,0,MM0 ?C
18.1577,uitbollen,0,MM1 ?C
18.1577,uitbollen,0,MM0 C=-330:322
18.1577,uitbollen,0,MM1 C=1243:-1375
18.1577,uitbollen,0,MM0 !M 0 0
18.1577,uitbollen,0,MM0 +
18.1577,uitbollen,0,MM1 !M 0 0
18.1577,uitbollen,0,MM1 +
18.1577,uitbollen,0,"#131,YAW,2.63,GYRO,-79,-19,-12,ACC,73,3,242,ADC,1238,383,5,1,"
18.1578,uitbollen,0,MM0 ?D
18.1578,uitbollen,0,MM1 ?D
18.1578,uitbollen,0,MM0 D=49
18.1578,uitbollen,0,MM1 D=1
18.1578,uitbollen,0,"$GPRMC,092610.8,A,5050.50362,N,00419.38390,E,000.25,139.0,021026,000.4,E*5C"
18.1798,uitbollen,0,"#132,YAW,2.63,GYRO,-27,-19,0,ACC,55,-7,262,ADC,1252,392,4,2,"
18.1798,uitbollen,0,MM0 ?FF
18.1798,uitbollen,0,MM1 ?FF
18.1798,uitbollen,0,MM0 FF=0
18.1798,uitbollen,0,MM1 FF=0
18.1995,uitbollen,0,"#133,YAW,2.63,GYRO,-4,116,-13,ACC,70,-7,242,ADC,1243,501,5,2,"
18.1995,uitbollen,0,MM0 ?P
18.1995,uitbollen,0,MM1 ?P
18.1995,uitbollen,0,MM0 P=0:0
18.1995,uitbollen,0,MM1 P=0:0
18.2204,uitbollen,0,"#134,YAW,2.63,GYRO,11,95,-19,ACC,79,-11,260,ADC,1221,382,5,2,"
18.2204,uitbollen,0,MM0 ?S
18.2204,uitbollen,0,MM1 ?S
18.2204,uitbollen,0,MM1 S=-75:75
18.2204,uitbollen,0,MM0 S=-75:0
18.2551,uitbollen,0,"#135,YAW,2.63,GYRO,-9,41,3,ACC,45,14,261,ADC,1266,392,7,2,"
18.2551,uitbollen,0,MM0 ?T
18.2551,uitbollen,0,MM1 ?T
18.2551,uitbollen,0,MM0 T=35:34
18.2551,uitbollen,0,MM1 T=36:33
18.2551,uitbollen,0,MM0 !M 0 0
18.2551,uitbollen,0,MM1 !M 0 0
18.2551,uitbollen,0,MM0 +
18.2552,uitbollen,0,MM1 +
18.2552,uitbollen,0,"#136,YAW,2.63,GYRO,22,72,-12,ACC,55,15,240,ADC,1222,386,5,2,"
18.2552,uitbollen,0,MM0 ?V
18.2552,uitbollen,0,MM1 ?V
18.2552,uitbollen,0,MM0 V=120:223:4904
18.2552,uitbollen,0,MM1 V=120:223:4900
18.2755,uitbollen,0,"#137,YAW,2.63,GYRO,1,86,-2,ACC,37,2,272,ADC,1268,503,4,2,"
18.2755,uitbollen,0,MM0 ?CR
18.2755,uitbollen,0,MM1 ?CR
18.2755,uitbollen,0,MM0 CR=-22:17
18.2755,uitbollen,0,MM1 CR=-23:23
18.2966,uitbollen,0,"#138,YAW,2.64,GYRO,2,40,-39,ACC,26,1,261,ADC,1308,401,3,2,"
18.2966,uitbollen,0,MM0 ?A
18.2966,uitbollen,0,MM1 ?A
18.2966,uitbollen,0,MM0 A=0:0
18.2966,uitbollen,0,MM1 A=0:0
18.3192,uitbollen,0,"#139,YAW,2.64,GYRO,-6,36,-4,ACC,19,-3,250,ADC,1267,393,4,2,"
18.3192,uitbollen,0,MM0 ?AI
18.3192,uitbollen,0,MM1 ?AI
18.3193,uitbollen,0,MM0 AI=0:0:2404:2411:0:0
18.3193,uitbollen,0,MM1 AI=0:0:2326:2343:0:0
18.3669,uitbollen,0,"#140,YAW,2.64,GYRO,5,76,-5,ACC,19,2,253,ADC,1245,385,5,2,"
18.3669,uitbollen,0,MM0 ?C
18.3669,uitbollen,0,MM1 ?C
18.3669,uitbollen,0,MM0 C=-344:333
18.3669,uitbollen,0,MM1 C=1230:-1361
18.3669,uitbollen,0,MM0 !M 0 0
18.3669,uitbollen,0,MM1 !M 0 0
18.3669,uitbollen,0,MM0 +
18.3669,uitbollen,0,MM1 +
18.3669,uitbollen,0,"#141,YAW,2.64,GYRO,-6,35,-36,ACC,20,7,255,ADC,1259,307,4,2,"
18.3670,uitbollen,0,MM0 ?D
18.3670,uitbollen,0,MM1 ?D
18.3670,uitbollen,0,MM0 D=51
18.3670,uitbollen,0,MM1 D=43
18.3670,uitbollen,0,"$GPRMC,092611.0,A,5050.50362,N,00419.38387,E,000.28,139.0,021026,000.4,E*5E"
18.3670,uitbollen,0,"#142,YAW,2.64,GYRO,-9,44,-33,ACC,19,4,255,ADC,1238,392,6,2,"
18.3670,uitbollen,0,MM0 ?FF
18.3878,uitbollen,0,MM1 ?FF
18.3878,uitbollen,0,MM0 FF=0
18.3878,uitbollen,0,MM1 FF=0
18.3878,uitbollen,0,"#143,YAW,2.64,GYRO,-4,59,-10,ACC,14,1,258,ADC,1269,389,5,2,"
18.3878,uitbollen,0,MM0 ?P
18.3878,uitbollen,0,MM1 ?P
18.4087,uitbollen,0,MM0 P=0:0
18.4088,uitbollen,0,MM1 P=0:0
18.4088,uitbollen,0,"#144,YAW,2.64,GYRO,-11,41,10,ACC,12,-5,251,ADC,1282,502,5,2,"
18.4088,uitbollen,0,MM0 ?S
18.4088,uitbollen,0,MM1 ?S
18.4088,uitbollen,0,MM0 S=0:0
18.4296,uitbollen,0,MM1 S=0:0
18.4296,uitbollen,0,"#145,YAW,2.64,GYRO,-4,58,4,ACC,3,3,259,ADC,1240,381,4,1,"
18.4296,uitbollen,0,MM0 ?T
18.4296,uitbollen,0,MM1 ?T
18.4296,uitbollen,0,MM0 T=35:34
18.4296,uitbollen,0,MM1 T=36:33
18.4642,uitbollen,0,MM1 !M 0 0
18.4642,uitbollen,0,MM0 !M 0 0
18.4642,uitbollen,0,MM1 +
18.4642,uitbollen,0,MM0 +
18.4642,uitbollen,0,"#146,YAW,2.64,GYRO,-10,47,-5,ACC,0,4,255,ADC,1255,501,6,2,"
18.4642,uitbollen,0,MM0 ?V
18.4642,uitbollen,0,MM1 ?V
18.4642,uitbollen,0,MM0 V=120:223:4905
18.4642,uitbollen,0,MM1 V=120:223:4901
18.4847,uitbollen,0,"#147,YAW,2.64,GYRO,-9,43,-9,ACC,0,3,254,ADC,1250,390,6,2,"
18.4847,uitbollen,0,MM0 ?CR
18.4847,uitbollen,0,MM1 ?CR
18.4847,uitbollen,0,MM0 CR=-2:2
18.4847,uitbollen,0,MM1 CR=-1:2
18.5058,uitbollen,0,"#148,YAW,2.64,GYRO,-9,43,-12,ACC,0,-1,258,ADC,1319,502,5,2,"
18.5058,uitbollen,0,MM0 ?A
18.5058,uitbollen,0,MM1 ?A
18.5058,uitbollen,0,MM0 A=0:0
18.5058,uitbollen,0,MM1 A=0:0
18.5058,uitbollen,0,"#149,YAW,2.64,GYRO,-10,43,-9,ACC,-4,0,255,ADC,1264,502,4,2,"
18.5268,uitbollen,0,MM0 ?AI
18.5269,uitbollen,0,MM1 ?AI
18.5269,uitbollen,0,MM0 AI=0:0:2402:2416:0:0
18.5269,uitbollen,0,MM1 AI=0:0:2324:2313:0:0
18.5269,uitbollen,0,"#150,YAW,2.64,GYRO,-6,47,-8,ACC,-1,3,256,ADC,1244,383,5,2,"
18.5269,uitbollen,0,MM0 ?C
18.5612,uitbollen,0,MM1 ?C
18.5612,uitbollen,0,MM0 C=-344:333
18.5612,uitbollen,0,MM1 C=1230:-1361
18.5612,uitbollen,0,MM1 !M 0 0
18.5612,uitbollen,0,MM0 !M 0 0
18.5612,uitbollen,0,MM1 +
18.5612,uitbollen,0,MM0 +
18.5612,uitbollen,0,"#151,YAW,2.64,GYRO,-9,43,-7,ACC,1,2,254,ADC,1276,388,5,2,"
18.5612,uitbollen,0,MM0 ?D
18.5612,uitbollen,0,MM1 ?D
18.5612,uitbollen,0,MM0 D=51
18.5612,uitbollen,0,MM1 D=35
18.5612,uitbollen,0,"$GPRMC,092611.2,A,5050.50361,N,00419.38384,E,000.29,139.0,021026,000.4,E*5D"
18.5822,uitbollen,0,"#152,YAW,2.64,GYRO,-9,43,-7,ACC,-2,1,251,ADC,1270,387,6,1,"
18.5823,uitbollen,0,MM0 ?FF
18.5823,uitbollen,0,MM1 ?FF
18.5823,uitbollen,0,MM0 FF=0
18.5823,uitbollen,0,MM1 FF=0
18.6027,uitbollen,0,"#153,YAW,2.64,GYRO,-7,45,-9,ACC,2,1,257,ADC,1260,420,4,2,"
18.6028,uitbollen,0,MM0 ?P
18.6028,uitbollen,0,MM1 ?P
18.6028,uitbollen,0,MM0 P=0:0
18.6028,uitbollen,0,MM1 P=0:0
18.6240,uitbollen,0,"#154,YAW,2.64,GYRO,-7,44,-9,ACC,3,2,256,ADC,1247,498,4,2,"
18.6241,uitbollen,0,MM0 ?S
18.6241,uitbollen,0,MM1 ?S
18.6241,uitbollen,0,MM0 S=0:0
18.6241,uitbollen,0,MM1 S=0:0
18.6576,uitbollen,0,"#155,YAW,2.64,GYRO,-8,47,-11,ACC,0,2,255,ADC,1254,384,5,1,"
18.6576,uitbollen,0,MM0 ?T
18.6576,uitbollen,0,MM1 ?T
18.6576,uitbollen,0,MM0 T=35:34
18.6576,uitbollen,0,MM1 T=36:33
18.6576,uitbollen,0,MM0 !M 0 0
18.6576,uitbollen,0,MM1 !M 0 0
18.6576,uitbollen,0,MM0 +
18.6576,uitbollen,0,MM1 +
18.6576,uitbollen,0,"#156,YAW,2.64,GYRO,-8,46,-10,ACC,0,2,257,ADC,1261,388,7,2,"
18.6576,uitbollen,0,MM0 ?V
18.6576,uitbollen,0,MM1 ?V
18.6576,uitbollen,0,MM0 V=120:223:4906
18.6576,uitbollen,0,MM1 V=120:223:4901
18.6788,uitbollen,0,"#157,YAW,2.64,GYRO,-7,43,-9,ACC,3,0,257,ADC,1231,389,4,2,"
18.6788,uitbollen,0,MM0 ?CR
18.6788,uitbollen,0,MM1 ?CR
18.6788,uitbollen,0,MM0 CR=0:0
18.6788,uitbollen,0,MM1 CR=0:0
18.6995,uitbollen,0,"#158,YAW,2.64,GYRO,-8,40,-13,ACC,3,-1,255,ADC,1233,499,4,2,"
18.6995,uitbollen,0,MM0 ?A
18.6995,uitbollen,0,MM1 ?A
18.6996,uitbollen,0,MM0 A=0:0
18.6996,uitbollen,0,MM1 A=0:0
18.7206,uitbollen,0,"#159,YAW,2.64,GYRO,-7,47,-15,ACC,6,1,254,ADC,1238,385,4,2,"
18.7206,uitbollen,0,MM0 ?AI
18.7206,uitbollen,0,MM1 ?AI
18.7206,uitbollen,0,MM0 AI=0:0:2409:2422:0:0
18.7206,uitbollen,0,MM1 AI=0:0:2292:2316:0:0
18.7693,uitbollen,0,"#160,YAW,2.64,GYRO,-5,45,-15,ACC,7,2,256,ADC,1206,380,4,1,"
18.7693,uitbollen,0,MM0 ?C
18.7694,uitbollen,0,MM1 ?C
18.7694,uitbollen,0,MM0 C=-344:333
18.7694,uitbollen,0,MM1 C=1230:-1361
18.7694,uitbollen,0,MM1 !M 0 0
18.7694,uitbollen,0,MM0 !M 0 0
18.7694,uitbollen,0,"#161,YAW,2.64,GYRO,-7,42,-11,ACC,5,3,258,ADC,1268,380,4,2,"
18.7696,uitbollen,0,MM0 +
18.7696,uitbollen,0,MM1 +
18.7696,uitbollen,0,MM0 ?D
18.7696,uitbollen,0,MM1 ?D
18.7696,uitbollen,0,MM0 D=51
18.7696,uitbollen,0,MM1 D=35
18.7696,uitbollen,0,"$GPRMC,092611.4,A,5050.50361,N,00419.38381,E,000.30,139.0,021026,000.4,E*56"
18.7696,uitbollen,0,"#162,YAW,2.64,GYRO,-8,46,-5,ACC,4,1,254,ADC,1209,382,5,2,"
18.7696,uitbollen,0,MM0 ?FF
18.7696,uitbollen,0,MM1 ?FF
18.7696,uitbollen,0,MM0 FF=0
18.7898,uitbollen,0,MM1 FF=0
18.7898,uitbollen,0,"#163,YAW,2.64,GYRO,-8,44,-4,ACC,3,1,260,ADC,1277,399,6,2,"
18.7898,uitbollen,0,MM0 ?P
18.7898,uitbollen,0,MM1 ?P
18.7898,uitbollen,0,MM0 P=0:0
18.7898,uitbollen,0,MM1 P=0:0
18.8105,uitbollen,0,"#164,YAW,2.64,GYRO,-9,47,-6,ACC,5,10,257,ADC,1232,500,4,2,"
18.8106,uitbollen,0,MM0 ?S
18.8106,uitbollen,0,MM1 ?S
18.8106,uitbollen,0,MM0 S=0:0
18.8106,uitbollen,0,MM1 S=0:0
18.8315,uitbollen,0,"#165,YAW,2.64,GYRO,-6,46,-8,ACC,1,2,256,ADC,1266,402,6,2,"
18.8315,uitbollen,0,MM0 ?T
18.8315,uitbollen,0,MM1 ?T
18.8316,uitbollen,0,MM0 T=35:34
18.8316,uitbollen,0,MM1 T=36:33
18.8659,uitbollen,0,MM0 !M 0 0
18.8659,uitbollen,0,MM1 !M 0 0
18.8659,uitbollen,0,MM0 +
18.8659,uitbollen,0,MM1 +
18.8659,uitbollen,0,"#166,YAW,2.64,GYRO,-8,44,-8,ACC,4,1,258,ADC,1243,382,6,2,"
18.8659,uitbollen,0,MM0 ?V
18.8659,uitbollen,0,MM1 ?V
18.8659,uitbollen,0,MM0 V=120:223:4907
18.8660,uitbollen,0,MM1 V=120:223:4901
18.8660,uitbollen,0,"#167,YAW,2.64,GYRO,-9,45,-9,ACC,-1,1,258,ADC,1220,380,4,2,"
18.8866,uitbollen,0,MM0 ?CR
18.8866,uitbollen,0,MM1 ?CR
18.8866,uitbollen,0,MM0 CR=0:0
18.8866,uitbollen,0,MM1 CR=0:0
18.8866,uitbollen,0,"#168,YAW,2.64,GYRO,-7,43,-8,ACC,-1,1,257,ADC,1228,491,7,1,"
18.8866,uitbollen,0,MM0 ?A
18.9079,uitbollen,0,MM1 ?A
18.9079,uitbollen,0,MM0 A=0:0
18.9079,uitbollen,0,MM1 A=0:0
18.9079,uitbollen,0,"#169,YAW,2.64,GYRO,-7,45,-10,ACC,2,2,254,ADC,1247,390,5,2,"
18.9079,uitbollen,0,MM0 ?AI
18.9079,uitbollen,0,MM1 ?AI
18.9286,uitbollen,0,MM0 AI=0:0:2402:2400:0:0
18.9286,uitbollen,0,MM1 AI=0:0:2313:2300:0:0
18.9286,uitbollen,0,"#170,YAW,2.64,GYRO,-7,45,-12,ACC,3,1,253,ADC,1268,501,3,1,"
18.9287,uitbollen,0,MM0 ?C
18.9287,uitbollen,0,MM1 ?C
18.9287,uitbollen,0,MM0 C=-344:333
18.9628,uitbollen,0,MM1 C=1230:-1361
18.9628,uitbollen,0,MM0 !M 0 0
18.9628,uitbollen,0,MM1 !M 0 0
18.9628,uitbollen,0,MM0 +
18.9628,uitbollen,0,MM1 +
18.9628,uitbollen,0,"#171,YAW,2.64,GYRO,-6,45,-12,ACC,2,1,258,ADC,1265,388,5,2,"
18.9628,uitbollen,0,MM0 ?D
18.9628,uitbollen,0,MM1 ?D
18.9628,uitbollen,0,MM0 D=51
18.9628,uitbollen,0,MM1 D=35
18.9628,uitbollen,0,"$GPRMC,092611.6,A,5050.50361,N,00419.38378,E,000.31,139.0,021026,000.4,E*53"
18.9839,uitbollen,0,"#172,YAW,2.64,GYRO,-10,45,-13,ACC,5,2,252,ADC,1257,501,6,2,"
18.9839,uitbollen,0,MM0 ?FF
18.9839,uitbollen,0,MM1 ?FF
18.9839,uitbollen,0,MM0 FF=0
18.9840,uitbollen,0,MM1 FF=0
19.0050,uitbollen,0,"#173,YAW,2.64,GYRO,-7,43,-8,ACC,6,1,259,ADC,1303,500,7,2,"
19.0050,uitbollen,0,MM0 ?P
19.0050,uitbollen,0,MM1 ?P
19.0050,uitbollen,0,MM0 P=0:0
19.0050,uitbollen,0,MM1 P=0:0
19.0256,uitbollen,0,"#174,YAW,2.64,GYRO,-9,44,-8,ACC,2,2,256,ADC,1259,500,5,2,"
19.0256,uitbollen,0,MM0 ?S
19.0256,uitbollen,0,MM1 ?S
19.0256,uitbollen,0,MM0 S=0:0
19.0256,uitbollen,0,MM1 S=0:0
19.0256,uitbollen,0,"#175,YAW,2.64,GYRO,-8,45,-8,ACC,3,2,254,ADC,1281,499,5,2,"
19.0596,uitbollen,0,MM0 ?T
19.0596,uitbollen,0,MM1 ?T
19.0596,uitbollen,0,MM0 T=35:34
19.0596,uitbollen,0,MM1 T=36:33
19.0596,uitbollen,0,MM1 !M 0 0
19.0596,uitbollen,0,MM0 !M 0 0
19.0596,uitbollen,0,MM1 +
19.0596,uitbollen,0,MM0 +
19.0596,uitbollen,0,"#176,YAW,2.64,GYRO,-7,45,-9,ACC,4,2,258,ADC,1222,388,6,2,"
19.0596,uitbollen,0,MM0 ?V
19.0596,uitbollen,0,MM1 ?V
19.0596,uitbollen,0,MM0 V=120:222:4908
19.0597,uitbollen,0,MM1 V=120:222:4901
19.0805,uitbollen,0,"#177,YAW,2.64,GYRO,-8,46,-7,ACC,5,-2,256,ADC,1246,501,6,2,"
19.0805,uitbollen,0,MM0 ?CR
19.0805,uitbollen,0,MM1 ?CR
19.0805,uitbollen,0,MM0 CR=0:0
19.0805,uitbollen,0,MM1 CR=0:0
19.1017,uitbollen,0,"#178,YAW,2.64,GYRO,-9,43,-8,ACC,-1,3,257,ADC,1303,501,5,2,"
19.1017,uitbollen,0,MM0 ?A
19.1017,uitbollen,0,MM1 ?A
19.1017,uitbollen,0,MM0 A=0:0
19.1017,uitbollen,0,MM1 A=0:0
19.1227,uitbollen,0,"#179,YAW,2.64,GYRO,-8,44,-9,ACC,3,3,252,ADC,1284,503,5,2,"
19.1227,uitbollen,0,MM1 ?AI
19.1227,uitbollen,0,MM0 ?AI
19.1227,uitbollen,0,MM1 AI=0:0:2328:2333:0:0
19.1227,uitbollen,0,MM0 AI=0:0:2400:2413:0:0
19.1699,uitbollen,0,"#180,YAW,2.64,GYRO,-8,44,-10,ACC,2,1,256,ADC,1251,501,4,2,"
19.1699,uitbollen,0,MM0 ?C
19.1699,uitbollen,0,MM1 ?C
19.1699,uitbollen,0,MM0 C=-344:333
19.1699,uitbollen,0,MM1 C=1230:-1361
19.1699,uitbollen,0,"#181,YAW,2.65,GYRO,-7,43,-10,ACC,1,2,257,ADC,1256,382,7,2,"
19.1699,uitbollen,0,MM0 !M 0 0
19.1699,uitbollen,0,MM0 +
19.1699,uitbollen,0,MM1 !M 0 0
19.1699,uitbollen,0,MM1 +
19.1699,uitbollen,0,MM0 ?D
19.1699,uitbollen,0,MM1 ?D
19.1699,uitbollen,0,MM0 D=51
19.1699,uitbollen,0,MM1 D=35
19.1700,uitbollen,0,"$GPRMC,092611.8,A,5050.50361,N,00419.38375,E,000.31,139.0,021026,000.4,E*50"
19.1700,uitbollen,0,"#182,YAW,2.65,GYRO,-8,44,-9,ACC,3,1,255,ADC,1296,380,5,2,"
19.1700,uitbollen,0,MM1 ?FF
19.1700,uitbollen,0,MM0 ?FF
19.1700,uitbollen,0,MM1 FF=0
19.1700,uitbollen,0,MM0 FF=0
19.1905,uitbollen,0,"#183,YAW,2.65,GYRO,-8,44,-10,ACC,5,2,257,ADC,1242,383,4,2,"
19.1905,uitbollen,0,MM0 ?P
19.1906,uitbollen,0,MM1 ?P
19.1906,uitbollen,0,MM0 P=0:0
19.1906,uitbollen,0,MM1 P=0:0
19.2116,uitbollen,0,"#184,YAW,2.65,GYRO,-8,46,-10,ACC,4,3,249,ADC,1269,498,7,2,"
19.2116,uitbollen,0,MM0 ?S
19.2116,uitbollen,0,MM1 ?S
19.2116,uitbollen,0,MM0 S=0:0
19.2116,uitbollen,0,MM1 S=0:0
19.2327,uitbollen,0,"#185,YAW,2.65,GYRO,-8,48,-8,ACC,0,2,256,ADC,1223,384,4,1,"
19.2327,uitbollen,0,MM0 ?T
19.2327,uitbollen,0,MM1 ?T
19.2327,uitbollen,0,MM0 T=35:34
19.2327,uitbollen,0,MM1 T=36:33
19.2668,uitbollen,0,MM0 !M 0 0
19.2668,uitbollen,0,MM1 !M 0 0
19.2668,uitbollen,0,MM0 +
19.2668,uitbollen,0,MM1 +
19.2668,uitbollen,0,"#186,YAW,2.65,GYRO,-8,46,-8,ACC,3,1,256,ADC,1231,349,6,2,"
19.2669,uitbollen,0,MM0 ?V
19.2669,uitbollen,0,MM1 ?V
19.2669,uitbollen,0,MM0 V=120:228:4909
19.2669,uitbollen,0,MM1 V=120:223:4901
19.2669,uitbollen,0,"#187,YAW,2.65,GYRO,-7,46,-8,ACC,0,1,255,ADC,1238,499,9,1,"
19.2669,uitbollen,0,MM0 ?CR
19.2879,uitbollen,0,MM1 ?CR
19.2879,uitbollen,0,MM0 CR=0:0
19.2879,uitbollen,0,MM1 CR=0:0
19.2879,uitbollen,0,"#188,YAW,2.65,GYRO,-10,44,-8,ACC,0,2,252,ADC,1233,384,6,2,"
19.2879,uitbollen,0,MM0 ?A
19.2880,uitbollen,0,MM1 ?A
19.3087,uitbollen,0,MM0 A=0:0
19.3087,uitbollen,0,MM1 A=0:0
19.3087,uitbollen,0,"#189,YAW,2.65,GYRO,-6,44,-8,ACC,4,2,255,ADC,1252,392,5,1,"
19.3087,uitbollen,0,MM0 ?AI
19.3087,uitbollen,0,MM1 ?AI
19.3297,uitbollen,0,MM0 AI=0:0:2393:2407:0:0
19.3297,uitbollen,0,MM1 AI=0:0:2320:2310:0:0
19.3297,uitbollen,0,"#190,YAW,2.65,GYRO,-8,43,-11,ACC,2,1,256,ADC,1226,390,5,1,"
19.3297,uitbollen,0,MM1 ?C
19.3297,uitbollen,0,MM0 ?C
19.3297,uitbollen,0,MM0 C=-344:333
19.3640,uitbollen,0,MM1 C=1230:-1361
19.3640,uitbollen,0,MM0 !M 0 0
19.3640,uitbollen,0,MM1 !M 0 0
19.3640,uitbollen,0,MM0 +
19.3640,uitbollen,0,MM1 +
19.3640,uitbollen,0,"#191,YAW,2.65,GYRO,-8,45,-9,ACC,2,3,251,ADC,1293,501,4,2,"
19.3640,uitbollen,0,MM1 ?D
19.3640,uitbollen,0,MM0 ?D
19.3640,uitbollen,0,MM1 D=35
19.3640,uitbollen,0,MM0 D=51
19.3640,uitbollen,0,"$GPRMC,092612.0,A,5050.50361,N,00419.38372,E,000.32,139.0,021026,000.4,E*5F"
19.3847,uitbollen,0,"#192,YAW,2.65,GYRO,-9,44,-10,ACC,2,2,254,ADC,1222,384,4,1,"
19.3847,uitbollen,0,MM0 ?FF
19.3847,uitbollen,0,MM1 ?FF
19.3847,uitbollen,0,MM0 FF=0
19.3847,uitbollen,0,MM1 FF=0
19.4063,uitbollen,0,"#193,YAW,2.65,GYRO,-7,45,-9,ACC,1,2,255,ADC,1218,383,6,2,"
19.4063,uitbollen,0,MM0 ?P
19.4063,uitbollen,0,MM1 ?P
19.4063,uitbollen,0,MM0 P=0:0
19.4063,uitbollen,0,MM1 P=0:0
19.4063,uitbollen,0,"#194,YAW,2.65,GYRO,-8,45,-10,ACC,0,2,254,ADC,1260,498,6,2,"
19.4286,uitbollen,0,MM0 ?S
19.4286,uitbollen,0,MM1 ?S
19.4286,uitbollen,0,MM0 S=0:0
19.4286,uitbollen,0,MM1 S=0:0
19.4286,uitbollen,0,"#195,YAW,2.65,GYRO,-8,46,-9,ACC,0,1,251,ADC,1249,500,6,1,"
19.4287,uitbollen,0,MM0 ?T
19.4648,uitbollen,0,MM1 ?T
19.4648,uitbollen,0,MM0 T=35:34
19.4648,uitbollen,0,MM1 T=36:33
19.4648,uitbollen,0,MM1 !M 0 0
19.4648,uitbollen,0,MM0 !M 0 0
19.4648,uitbollen,0,MM1 +
19.4648,uitbollen,0,MM0 +
19.4648,uitbollen,0,"#196,YAW,2.65,GYRO,-8,44,-8,ACC,3,2,257,ADC,1245,388,6,2,"
19.4648,uitbollen,0,MM0 ?V
19.4648,uitbollen,0,MM1 ?V
19.4648,uitbollen,0,MM0 V=120:222:4909
19.4648,uitbollen,0,MM1 V=120:223:4901
19.4853,uitbollen,0,"#197,YAW,2.65,GYRO,-7,45,-10,ACC,1,2,257,ADC,1242,386,4,2,"
19.4853,uitbollen,0,MM0 ?CR
19.4853,uitbollen,0,MM1 ?CR
19.4853,uitbollen,0,MM0 CR=0:0
19.4853,uitbollen,0,MM1 CR=0:0
19.5058,uitbollen,0,"#198,YAW,2.65,GYRO,-9,45,-9,ACC,0,1,254,ADC,1271,395,5,2,"
19.5059,uitbollen,0,MM0 ?A
19.5059,uitbollen,0,MM1 ?A
19.5059,uitbollen,0,MM0 A=0:0
19.5059,uitbollen,0,MM1 A=0:0
19.5059,uitbollen,0,"#199,YAW,2.65,GYRO,-7,47,-9,ACC,3,3,255,ADC,1248,402,5,2,"
19.5267,uitbollen,0,MM0 ?AI
19.5267,uitbollen,0,MM1 ?AI
19.5267,uitbollen,0,MM0 AI=0:0:2390:2415:0:0
19.5267,uitbollen,0,MM1 AI=0:0:2298:2067:0:0
19.5267,uitbollen,0,"#200,YAW,2.65,GYRO,-7,45,-9,ACC,1,2,257,ADC,1306,398,5,2,"
19.5267,uitbollen,0,MM0 ?C
19.5671,uitbollen,0,MM1 ?C
19.5672,uitbollen,0,MM0 C=-344:333
19.5672,uitbollen,0,MM1 C=1230:-1361
19.5672,uitbollen,0,MM0 !M 0 0
19.5672,uitbollen,0,MM1 !M 0 0
19.5672,uitbollen,0,MM0 +
19.5672,uitbollen,0,MM1 +
19.5672,uitbollen,0,"#201,YAW,2.65,GYRO,-7,45,-9,ACC,1,1,258,ADC,1217,381,6,2,"
19.5672,uitbollen,0,MM0 ?D
19.5672,uitbollen,0,MM1 ?D
19.5672,uitbollen,0,MM1 D=35
19.5672,uitbollen,0,MM0 D=51
19.5672,uitbollen,0,"$GPRMC,092612.2,A,5050.50361,N,00419.38369,E,000.33,139.0,021026,000.4,E*56"
19.5858,uitbollen,0,"#202,YAW,2.65,GYRO,-8,44,-8,ACC,3,1,255,ADC,1258,389,6,2,"
19.5858,uitbollen,0,MM1 ?FF
19.5858,uitbollen,0,MM0 ?FF
19.5858,uitbollen,0,MM0 FF=0
19.5858,uitbollen,0,MM1 FF=0
19.5858,uitbollen,0,"#203,YAW,2.65,GYRO,-6,47,-10,ACC,3,2,255,ADC,1274,389,6,2,"
19.6067,uitbollen,0,MM1 ?P
19.6067,uitbollen,0,MM0 ?P
19.6067,uitbollen,0,MM1 P=0:0
19.6067,uitbollen,0,MM0 P=0:0
19.6067,uitbollen,0,"#204,YAW,2.65,GYRO,-7,44,-10,ACC,0,1,252,ADC,1259,401,8,2,"
19.6068,uitbollen,0,MM1 ?S
19.6297,uitbollen,0,MM0 ?S
19.6297,uitbollen,0,MM1 S=0:0
19.6297,uitbollen,0,MM0 S=0:0
19.6297,uitbollen,0,"#205,YAW,2.65,GYRO,-7,46,-9,ACC,2,2,253,ADC,1203,380,4,1,"
19.6297,uitbollen,0,MM0 ?T
19.6297,uitbollen,0,MM1 ?T
19.6637,uitbollen,0,MM0 T=35:34
19.6638,uitbollen,0,MM1 T=36:33
19.6638,uitbollen,0,MM0 !M 0 0
19.6638,uitbollen,0,MM1 !M 0 0
19.6638,uitbollen,0,MM0 +
19.6638,uitbollen,0,MM1 +
19.6638,uitbollen,0,"#206,YAW,2.65,GYRO,-7,43,-9,ACC,2,1,260,ADC,1246,390,5,2,"
19.6638,uitbollen,0,MM0 ?V
19.6638,uitbollen,0,MM1 ?V
19.6638,uitbollen,0,MM0 V=120:223:4909
19.6638,uitbollen,0,MM1 V=120:224:4901
19.6850,uitbollen,0,"#207,YAW,2.65,GYRO,-9,43,-9,ACC,-1,2,250,ADC,1282,399,6,2,"
19.6850,uitbollen,0,MM0 ?CR
19.6850,uitbollen,0,MM1 ?CR
19.6850,uitbollen,0,MM0 CR=0:0
19.6850,uitbollen,0,MM1 CR=0:0
19.7058,uitbollen,0,"#208,YAW,2.65,GYRO,-9,46,-10,ACC,1,1,258,ADC,1238,389,5,2,"
19.7059,uitbollen,0,MM0 ?A
19.7059,uitbollen,0,MM1 ?A
19.7059,uitbollen,0,MM0 A=0:0
19.7059,uitbollen,0,MM1 A=0:0
19.7059,uitbollen,0,"#209,YAW,2.65,GYRO,-7,46,-9,ACC,2,2,257,ADC,1209,381,5,2,"
19.7268,uitbollen,0,MM1 ?AI
19.7269,uitbollen,0,MM0 ?AI
19.7269,uitbollen,0,MM1 AI=0:0:2316:2297:0:0
19.7269,uitbollen,0,MM0 AI=0:0:2395:2415:0:0
19.7269,uitbollen,0,"#210,YAW,2.65,GYRO,-7,45,-8,ACC,4,1,256,ADC,1268,499,4,3,"
19.7269,uitbollen,0,MM0 ?C
19.7819,uitbollen,0,MM1 ?C
19.7819,uitbollen,0,MM0 C=-344:333
19.7819,uitbollen,0,MM1 C=1230:-1361
19.7819,uitbollen,0,"#211,YAW,2.65,GYRO,-7,45,-9,ACC,3,1,252,ADC,1271,494,5,1,"
19.7819,uitbollen,0,MM1 ?D
19.7819,uitbollen,0,MM0 ?D
19.7819,uitbollen,0,MM1 D=43
19.7819,uitbollen,0,MM0 D=51
19.7819,uitbollen,0,"$GPRMC,092612.4,A,5050.50361,N,00419.38366,E,000.33,139.0,021026,000.4,E*5F"
19.7819,uitbollen,0,MM0 !M 0 0
19.7819,uitbollen,0,MM1 !M 0 0
19.7819,uitbollen,0,MM0 +
19.7820,uitbollen,0,MM1 +
19.7820,uitbollen,0,"#212,YAW,2.65,GYRO,-8,45,-9,ACC,5,0,252,ADC,1221,383,5,2,"
19.7820,uitbollen,0,MM1 ?FF
19.7820,uitbollen,0,MM0 ?FF
19.7820,uitbollen,0,MM1 FF=0
19.7820,uitbollen,0,MM0 FF=0
19.8028,uitbollen,0,"#213,YAW,2.65,GYRO,-7,45,-9,ACC,5,1,254,ADC,1256,391,4,2,"
19.8028,uitbollen,0,MM1 ?P
19.8029,uitbollen,0,MM0 ?P
19.8029,uitbollen,0,MM1 P=0:0
19.8029,uitbollen,0,MM0 P=0:0
19.8238,uitbollen,0,"#214,YAW,2.65,GYRO,-8,45,-8,ACC,1,1,254,ADC,1275,389,6,2,"
19.8239,uitbollen,0,MM1 ?S
19.8239,uitbollen,0,MM0 ?S
19.8239,uitbollen,0,MM1 S=0:0
19.8239,uitbollen,0,MM0 S=0:0
19.8800,uitbollen,0,"#215,YAW,2.65,GYRO,-7,44,-8,ACC,1,2,251,ADC,1226,385,6,2,"
19.8800,uitbollen,0,MM1 ?T
19.8800,uitbollen,0,MM0 ?T
19.8800,uitbollen,0,MM1 T=36:33
19.8800,uitbollen,0,MM0 T=35:34
19.8800,uitbollen,0,"#216,YAW,2.65,GYRO,-9,44,-8,ACC,6,1,259,ADC,1260,387,4,1,"
19.8800,uitbollen,0,MM1 ?V
19.8800,uitbollen,0,MM0 ?V
19.8800,uitbollen,0,MM1 V=120:223:4901
19.8800,uitbollen,0,MM0 V=120:224:4909
19.8800,uitbollen,0,MM1 !M 0 0
19.8800,uitbollen,0,MM0 !M 0 0
19.8800,uitbollen,0,MM1 +
19.8800,uitbollen,0,MM0 +
19.8800,uitbollen,0,"#217,YAW,2.65,GYRO,-8,44,-10,ACC,3,2,253,ADC,1232,380,4,2,"
19.8800,uitbollen,0,MM1 ?CR
19.8800,uitbollen,0,MM0 ?CR
19.8800,uitbollen,0,MM1 CR=0:0
19.8800,uitbollen,0,MM0 CR=0:0
19.9006,uitbollen,0,"#218,YAW,2.65,GYRO,-9,44,-8,ACC,4,-1,260,ADC,1222,379,7,1,"
19.9006,uitbollen,0,MM1 ?A
19.9006,uitbollen,0,MM0 ?A
19.9006,uitbollen,0,MM1 A=0:0
19.9006,uitbollen,0,MM0 A=0:0
19.9217,uitbollen,0,"#219,YAW,2.65,GYRO,-8,43,-8,ACC,2,2,258,ADC,1214,383,5,1,"
19.9218,uitbollen,0,MM1 ?AI
19.9218,uitbollen,0,MM0 ?AI
19.9218,uitbollen,0,MM1 AI=0:0:2326:2310:0:0
19.9218,uitbollen,0,MM0 AI=0:0:2395:2397:0:0
19.9763,uitbollen,0,"#220,YAW,2.65,GYRO,-7,42,-9,ACC,3,2,257,ADC,1247,381,4,1,"
19.9763,uitbollen,0,MM1 ?C
19.9763,uitbollen,0,MM0 ?C
19.9763,uitbollen,0,MM0 C=-344:333
19.9763,uitbollen,0,MM1 C=1230:-1361
19.9763,uitbollen,0,"#221,YAW,2.65,GYRO,-7,43,-9,ACC,2,2,253,ADC,1289,500,6,1,"
19.9763,uitbollen,0,MM0 ?D
19.9763,uitbollen,0,MM1 ?D
19.9763,uitbollen,0,MM0 D=51
19.9763,uitbollen,0,MM1 D=35
19.9763,uitbollen,0,MM1 !M 0 0
19.9763,uitbollen,0,"$GPRMC,092612.6,A,5050.50361,N,00419.38363,E,000.33,139.0,021026,000.4,E*58"
19.9763,uitbollen,0,MM0 !M 0 0
19.9763,uitbollen,0,MM1 +
19.9763,uitbollen,0,MM0 +
19.9763,uitbollen,0,"#222,YAW,2.65,GYRO,-9,45,-9,ACC,-2,3,254,ADC,1270,382,4,2,"
19.9763,uitbollen,0,MM0 ?FF
19.9763,uitbollen,0,MM1 ?FF
19.9763,uitbollen,0,MM0 FF=0
19.9763,uitbollen,0,MM1 FF=0
19.9965,uitbollen,0,"#223,YAW,2.65,GYRO,-7,45,-9,ACC,6,1,258,ADC,1244,387,5,2,"
19.9965,uitbollen,0,MM0 ?P
19.9965,uitbollen,0,MM1 ?P
19.9965,uitbollen,0,MM0 P=0:0
19.9966,uitbollen,0,MM1 P=0:0
20.0176,uitbollen,0,"#224,YAW,2.65,GYRO,-9,45,-9,ACC,5,1,253,ADC,1288,501,6,2,"
20.0176,uitbollen,0,MM0 ?S
20.0176,uitbollen,0,MM1 ?S
20.0176,uitbollen,0,MM0 S=0:0
20.0176,uitbollen,0,MM1 S=0:0
20.0385,uitbollen,0,"#225,YAW,2.65,GYRO,-7,46,-9,ACC,0,2,256,ADC,1251,500,6,2,"
20.0385,uitbollen,0,MM0 ?T
20.0385,uitbollen,0,MM1 ?T
20.0385,uitbollen,0,MM0 T=35:34
20.0385,uitbollen,0,MM1 T=36:33
20.0727,uitbollen,0,"#226,YAW,2.65,GYRO,-8,46,-8,ACC,3,1,256,ADC,1262,499,3,2,"
20.0727,uitbollen,0,MM0 ?V
20.0727,uitbollen,0,MM1 ?V
20.0727,uitbollen,0,MM0 V=120:223:4909
20.0727,uitbollen,0,MM1 V=120:223:4901
20.0727,uitbollen,0,MM1 !M 0 0
20.0727,uitbollen,0,MM1 +
20.0727,uitbollen,0,MM0 !M 0 0
20.0727,uitbollen,0,MM0 +
20.0727,uitbollen,0,"#227,YAW,2.65,GYRO,-7,44,-9,ACC,1,1,254,ADC,1255,397,4,2,"
20.0727,uitbollen,0,MM0 ?CR
20.0727,uitbollen,0,MM1 ?CR
20.0727,uitbollen,0,MM0 CR=0:0
20.0727,uitbollen,0,MM1 CR=0:0
20.0935,uitbollen,0,"#228,YAW,2.65,GYRO,-7,44,-11,ACC,3,1,252,ADC,1228,384,4,1,"
20.0935,uitbollen,0,MM0 ?A
20.0935,uitbollen,0,MM1 ?A
20.0935,uitbollen,0,MM0 A=0:0
20.0935,uitbollen,0,MM1 A=0:0
20.1145,uitbollen,0,"#229,YAW,2.65,GYRO,-8,44,-9,ACC,0,2,252,ADC,1257,384,6,2,"
20.1147,uitbollen,0,MM0 ?AI
20.1147,uitbollen,0,MM1 ?AI
20.1147,uitbollen,0,MM0 AI=0:0:2422:2409:0:0
20.1147,uitbollen,0,MM1 AI=0:0:2327:2319:0:0
