t,fase,vermogen,regel
1.0468,rust,0,"#124,YAW,0.71,GYRO,0,3,0,ACC,2,1,253,ADC,1216,401,8,2,"
1.0468,rust,0,MM0 ?S
1.0468,rust,0,MM1 ?S
1.0468,rust,0,MM0 S=0:0
1.0469,rust,0,MM1 S=0:0
1.0469,rust,0,MM0 !M 0 0
1.0469,rust,0,MM1 !M 0 0
1.0469,rust,0,MM0 +
1.0469,rust,0,MM1 +
1.0469,rust,0,MM0 !EX
1.0469,rust,0,MM1 !EX
1.0469,rust,0,MM0 +
1.0469,rust,0,MM1 +
1.0469,rust,0,"#125,YAW,0.71,GYRO,0,6,1,ACC,1,-1,257,ADC,1314,390,7,1,"
1.0469,rust,0,MM0 ?T
1.0469,rust,0,MM1 ?T
1.0469,rust,0,MM0 T=34:33
1.0469,rust,0,MM1 T=35:33
1.0469,rust,0,"#126,YAW,0.71,GYRO,1,4,1,ACC,1,0,256,ADC,1230,383,5,2,"
1.0469,rust,0,MM0 ?V
1.0469,rust,0,MM1 ?V
1.0469,rust,0,MM0 V=120:218:4903
1.0469,rust,0,MM1 V=120:224:4898
1.0469,rust,0,"#127,YAW,0.71,GYRO,0,4,0,ACC,-2,1,252,ADC,1291,499,7,1,"
1.0469,rust,0,MM0 ?CR
1.0469,rust,0,MM1 ?CR
1.0469,rust,0,MM0 CR=0:0
1.0469,rust,0,MM1 CR=0:0
1.0469,rust,0,"#128,YAW,0.71,GYRO,0,4,0,ACC,2,0,252,ADC,1219,379,7,1,"
1.0469,rust,0,MM0 ?A
1.0469,rust,0,MM1 ?A
1.0469,rust,0,MM0 A=0:0
1.0469,rust,0,MM1 A=0:0
1.0469,rust,0,"$GPRMC,102946.0,A,5050.53541,N,00419.38138,E,000.25,045.4,021026,000.4,E*5A"
1.0469,rust,0,"#129,YAW,0.71,GYRO,0,4,0,ACC,2,0,245,ADC,1246,446,6,2,"
1.0469,rust,0,MM0 ?AI
1.0469,rust,0,MM1 ?AI
1.0469,rust,0,MM0 AI=0:0:2464:2465:0:0
1.0469,rust,0,MM1 AI=0:0:2368:2374:0:0
1.0469,rust,0,"#130,YAW,0.71,GYRO,1,5,0,ACC,1,2,253,ADC,1282,499,6,2,"
1.0469,rust,0,MM0 ?C
1.0469,rust,0,MM1 ?C
1.0469,rust,0,MM0 C=2:-1
1.0469,rust,0,MM1 C=5:8
1.0470,rust,0,"#131,YAW,0.71,GYRO,0,6,0,ACC,1,-1,250,ADC,1281,391,5,2,"
1.0470,rust,0,MM0 ?D
1.0470,rust,0,MM1 ?D
1.0470,rust,0,MM0 D=34
1.0470,rust,0,MM1 D=18
1.0470,rust,0,"#132,YAW,0.71,GYRO,-1,5,1,ACC,1,2,252,ADC,1283,502,5,2,"
1.0470,rust,0,MM0 ?FF
1.0470,rust,0,MM1 ?FF
1.0470,rust,0,MM0 FF=16
1.0470,rust,0,MM1 FF=16
1.0470,rust,0,"#133,YAW,0.71,GYRO,0,4,1,ACC,2,1,252,ADC,1269,494,6,2,"
1.0470,rust,0,MM0 ?P
1.0470,rust,0,MM1 ?P
1.0470,rust,0,MM0 P=0:0
1.0470,rust,0,MM1 P=0:0
1.0470,rust,0,"#134,YAW,0.71,GYRO,1,3,0,ACC,4,-1,251,ADC,1234,393,5,1,"
1.0470,rust,0,MM0 ?S
1.0470,rust,0,MM1 ?S
1.0470,rust,0,MM0 S=0:0
1.0470,rust,0,MM1 S=0:0
1.0470,rust,0,"#135,YAW,0.71,GYRO,0,2,0,ACC,3,0,253,ADC,1247,381,6,2,"
1.0470,rust,0,MM0 ?T
1.0470,rust,0,MM1 ?T
1.0470,rust,0,MM0 T=34:33
1.0470,rust,0,MM1 T=36:33
1.0470,rust,0,"#136,YAW,0.71,GYRO,0,4,1,ACC,2,-1,256,ADC,1250,385,8,2,"
1.0470,rust,0,MM0 ?V
1.0470,rust,0,MM1 ?V
1.0470,rust,0,MM0 V=120:223:4904
1.0470,rust,0,MM1 V=120:223:4898
1.0470,rust,0,"#137,YAW,0.71,GYRO,1,5,1,ACC,-1,2,251,ADC,1261,501,5,2,"
1.0470,rust,0,MM0 ?CR
1.0470,rust,0,MM1 ?CR
1.0470,rust,0,MM0 CR=0:0
1.0470,rust,0,MM1 CR=0:0
1.0470,rust,0,"#138,YAW,0.71,GYRO,2,5,0,ACC,4,-1,255,ADC,1257,396,5,2,"
1.0470,rust,0,MM0 ?A
1.0470,rust,0,MM1 ?A
1.0470,rust,0,MM0 A=0:0
1.0470,rust,0,MM1 A=0:0
1.0470,rust,0,"$GPRMC,102946.2,A,5050.53548,N,00419.38133,E,000.31,045.4,021026,000.4,E*5F"
1.0470,rust,0,"#139,YAW,0.71,GYRO,0,5,1,ACC,0,4,263,ADC,1282,384,5,2,"
1.0470,rust,0,MM0 ?AI
1.0470,rust,0,MM1 ?AI
1.0470,rust,0,MM0 AI=0:0:2460:2469:0:0
1.0470,rust,0,MM1 AI=0:0:2365:2372:0:0
1.0470,rust,0,"#140,YAW,0.71,GYRO,1,4,0,ACC,2,0,252,ADC,1266,389,7,2,"
1.0470,rust,0,MM0 ?C
1.0470,rust,0,MM1 ?C
1.0471,rust,0,MM0 C=2:-1
1.0471,rust,0,MM1 C=5:8
1.0471,rust,0,"#141,YAW,0.71,GYRO,0,6,0,ACC,2,-1,256,ADC,1289,382,3,2,"
1.0471,rust,0,MM0 ?D
1.0471,rust,0,MM1 ?D
1.0471,rust,0,MM0 D=34
1.0471,rust,0,MM1 D=18
1.0471,rust,0,"#142,Y4905"
1.0471,rust,0,MM1 V=120:222:4898
1.0471,rust,0,"#147,YAW,1.03,GYRO,1,6,1,ACC,4,-1,250,ADC,1253,399,7,2,"
1.0471,rust,0,MM0 ?CR
1.0821,rust,0,MM1 ?CR
1.0821,rust,0,MM0 CR=0:0
1.0821,rust,0,MM1 CR=0:0
1.0821,rust,0,MM1 !M 0 0
1.0821,rust,0,MM0 !M 0 0
1.0821,rust,0,MM1 +
1.0821,rust,0,MM0 +
1.0821,rust,0,"#148,YAW,1.03,GYRO,0,7,0,ACC,0,0,249,ADC,1291,394,6,2,"
1.0821,rust,0,MM0 ?A
1.0821,rust,0,MM1 ?A
1.0821,rust,0,MM0 A=0:0
1.0821,rust,0,MM1 A=0:0
1.1028,rust,0,"#149,YAW,1.03,GYRO,1,6,0,ACC,3,-1,256,ADC,1255,497,5,2,"
1.1028,rust,0,MM0 ?AI
1.1028,rust,0,MM1 ?AI
1.1028,rust,0,"$GPRMC,103636.0,A,5050.50527,N,00419.38931,E,000.67,052.6,021026,000.4,E*53"
1.1028,rust,0,MM0 AI=0:0:2447:2476:0:0
1.1028,rust,0,MM1 AI=0:0:2369:2381:0:0
1.1230,rust,0,"#150,YAW,1.03,GYRO,2,7,-1,ACC,2,1,249,ADC,1223,384,7,2,"
1.1231,rust,0,MM0 ?C
1.1231,rust,0,MM1 ?C
1.1231,rust,0,MM0 C=2:-1
1.1231,rust,0,MM1 C=5:8
1.1720,rust,0,"#151,YAW,1.02,GYRO,0,7,0,ACC,-3,0,251,ADC,1238,387,5,2,"
1.1720,rust,0,MM0 ?D
1.1721,rust,0,MM1 ?D
1.1721,rust,0,MM0 D=34
1.1721,rust,0,MM1 D=18
1.1721,rust,0,"#152,YAW,1.02,GYRO,-1,5,0,ACC,1,-1,256,ADC,1235,382,4,2,"
1.1721,rust,0,MM0 ?FF
1.1721,rust,0,MM1 ?FF
1.1721,rust,0,MM0 FF=16
1.1721,rust,0,MM1 FF=16
1.1721,rust,0,MM0 !M 0 0
1.1721,rust,0,MM1 !M 0 0
1.1721,rust,0,MM0 +
1.1721,rust,0,MM1 +
1.1721,rust,0,"#153,YAW,1.02,GYRO,0,5,0,ACC,0,2,250,ADC,1272,502,5,2,"
1.1721,rust,0,MM0 ?P
1.1721,rust,0,MM1 ?P
1.1721,rust,0,MM0 P=0:0
1.1721,rust,0,MM1 P=0:0
1.1928,rust,0,"#154,YAW,1.02,GYRO,-1,6,1,ACC,0,-1,255,ADC,1268,383,9,2,"
1.1928,rust,0,MM0 ?S
1.1929,rust,0,MM1 ?S
1.1929,rust,0,MM0 S=0:0
1.1929,rust,0,MM1 S=0:0
1.2139,rust,0,"#155,YAW,1.02,GYRO,0,4,1,ACC,0,-1,250,ADC,1296,387,7,2,"
1.2140,rust,0,MM0 ?T
1.2140,rust,0,MM1 ?T
1.2140,rust,0,MM0 T=34:34
1.2140,rust,0,MM1 T=35:33
1.2349,rust,0,"#156,YAW,1.02,GYRO,1,5,0,ACC,1,0,254,ADC,1317,499,6,1,"
1.2349,rust,0,MM0 ?V
1.2349,rust,0,MM1 ?V
1.2349,rust,0,MM0 V=120:222:4905
1.2349,rust,0,MM1 V=120:222:4898
1.2692,rust,0,"#157,YAW,1.02,GYRO,1,6,1,ACC,3,0,248,ADC,1277,400,7,3,"
1.2692,rust,0,MM0 ?CR
1.2692,rust,0,MM1 ?CR
1.2692,rust,0,MM0 CR=0:0
1.2692,rust,0,MM1 CR=0:0
1.2692,rust,0,MM0 !M 0 0
1.2692,rust,0,MM1 !M 0 0
1.2692,rust,0,MM0 +
1.2692,rust,0,MM1 +
1.2692,rust,0,"#158,YAW,1.02,GYRO,0,6,0,ACC,0,0,251,ADC,1257,500,7,2,"
1.2693,rust,0,MM0 ?A
1.2693,rust,0,MM1 ?A
1.2693,rust,0,MM0 A=0:0
1.2693,rust,0,MM1 A=0:0
1.2901,rust,0,"#159,YAW,1.02,GYRO,0,7,-1,ACC,0,0,257,ADC,1259,396,6,2,"
1.3109,rust,0,"$GPRMC,103636.2,A,5050.50520,N,00419.38932,E,000.67,052.6,021026,000.4,E*55"
1.3110,rust,0,MM0 ?AI
1.3110,rust,0,MM1 ?AI
1.3110,rust,0,MM0 AI=0:0:2469:2471:0:0
1.3110,rust,0,MM1 AI=0:0:2376:2383:0:0
1.3110,rust,0,"#160,YAW,1.02,GYRO,-1,4,0,ACC,1,-1,252,ADC,1248,384,6,2,"
1.3110,rust,0,MM0 ?C
1.3110,rust,0,MM1 ?C
1.3110,rust,0,MM0 C=2:-1
1.3110,rust,0,MM1 C=5:8
1.3319,rust,0,"#161,YAW,1.02,GYRO,-1,6,-1,ACC,1,-1,255,ADC,1283,502,5,2,"
1.3320,rust,0,MM0 ?D
1.3320,rust,0,MM1 ?D
1.3320,rust,0,MM0 D=34
1.3320,rust,0,MM1 D=18
1.3669,rust,0,MM0 !M 0 0
1.3669,rust,0,MM1 !M 0 0
1.3669,rust,0,MM0 +
1.3669,rust,0,MM1 +
1.3669,rust,0,"#162,YAW,1.02,GYRO,1,6,0,ACC,4,-1,255,ADC,1296,330,5,2,"
1.3669,rust,0,MM0 ?FF
1.3669,rust,0,MM1 ?FF
1.3669,rust,0,MM0 FF=16
1.3669,rust,0,MM1 FF=16
1.3670,rust,0,"#163,YAW,1.02,GYRO,0,7,-1,ACC,-2,0,253,ADC,1209,380,6,2,"
1.3670,rust,0,MM0 ?P
1.3670,rust,0,MM1 ?P
1.3670,rust,0,MM0 P=0:0
1.3873,rust,0,MM1 P=0:0
1.3873,rust,0,"#164,YAW,1.02,GYRO,0,5,0,ACC,0,0,252,ADC,1247,498,6,2,"
1.3873,rust,0,MM0 ?S
1.3873,rust,0,MM1 ?S
1.3873,rust,0,MM0 S=0:0
1.3873,rust,0,MM1 S=0:0
1.4081,rust,0,"#165,YAW,1.02,GYRO,-1,7,-1,ACC,3,0,255,ADC,1204,499,5,1,"
1.4081,rust,0,MM0 ?T
1.4081,rust,0,MM1 ?T
1.4081,rust,0,MM0 T=34:34
1.4081,rust,0,MM1 T=35:33
1.4290,rust,0,"#166,YAW,1.02,GYRO,0,5,1,ACC,1,-1,254,ADC,1227,385,7,2,"
1.4290,rust,0,MM0 ?V
1.4290,rust,0,MM1 ?V
1.4290,rust,0,MM0 V=120:223:4905
1.4290,rust,0,MM1 V=120:222:4898
1.4632,rust,0,MM0 !M 0 0
1.4632,rust,0,MM1 !M 0 0
1.4632,rust,0,MM0 +
1.4632,rust,0,MM1 +
1.4632,rust,0,"#167,YAW,1.02,GYRO,0,6,1,ACC,-1,2,258,ADC,1261,383,5,2,"
1.4632,rust,0,MM0 ?CR
1.4632,rust,0,MM1 ?CR
1.4632,rust,0,MM0 CR=0:0
1.4633,rust,0,MM1 CR=0:0
1.4844,rust,0,"#168,YAW,1.02,GYRO,0,5,1,ACC,2,-1,251,ADC,1252,387,5,2,"
1.4845,rust,0,MM0 ?A
1.4845,rust,0,MM1 ?A
1.4845,rust,0,MM0 A=0:0
1.4845,rust,0,MM1 A=0:0
1.4845,rust,0,"#169,YAW,1.02,GYRO,0,7,-1,ACC,0,-1,254,ADC,1251,501,5,2,"
1.5051,rust,0,"$GPRMC,103636.4,A,5050.50513,N,00419.38931,E,000.66,052.6,021026,000.4,E*51"
1.5052,rust,0,MM0 ?AI
1.5052,rust,0,MM1 ?AI
1.5052,rust,0,MM0 AI=0:0:2463:2470:0:0
1.5052,rust,0,MM1 AI=0:0:2411:2379:0:0
1.5052,rust,0,"#170,YAW,1.02,GYRO,1,6,-1,ACC,0,0,249,ADC,1231,381,6,2,"
1.5052,rust,0,MM0 ?C
1.5282,rust,0,MM1 ?C
1.5282,rust,0,MM0 C=2:-1
1.5282,rust,0,MM1 C=5:8
1.5282,rust,0,"#171,YAW,1.01,GYRO,-1,5,0,ACC,3,0,250,ADC,1224,385,5,2,"
1.5282,rust,0,MM0 ?D
1.5282,rust,0,MM1 ?D
1.5282,rust,0,MM0 D=34
1.5624,rust,0,MM1 D=18
1.5624,rust,0,MM0 !M 0 0
1.5624,rust,0,MM1 !M 0 0
1.5624,rust,0,MM0 +
1.5624,rust,0,MM1 +
1.5624,rust,0,"#172,YAW,1.01,GYRO,1,6,1,ACC,3,0,256,ADC,1203,381,6,2,"
1.5624,rust,0,MM0 ?FF
1.5624,rust,0,MM1 ?FF
1.5624,rust,0,MM0 FF=16
1.5624,rust,0,MM1 FF=16
1.5831,rust,0,"#173,YAW,1.01,GYRO,1,6,1,ACC,1,1,252,ADC,1238,384,5,1,"
1.5832,rust,0,MM0 ?P
1.5832,rust,0,MM1 ?P
1.5832,rust,0,MM0 P=0:0
1.5832,rust,0,MM1 P=0:0
1.6042,rust,0,"#174,YAW,1.01,GYRO,1,6,1,ACC,2,-1,252,ADC,1253,501,7,2,"
1.6042,rust,0,MM0 ?S
1.6042,rust,0,MM1 ?S
1.6042,rust,0,MM0 S=0:0
1.6042,rust,0,MM1 S=0:0
1.6042,rust,0,"#175,YAW,1.01,GYRO,2,5,-1,ACC,4,0,254,ADC,1243,395,4,2,"
1.6251,rust,0,MM0 ?T
1.6251,rust,0,MM1 ?T
1.6251,rust,0,MM0 T=34:34
1.6251,rust,0,MM1 T=35:33
1.6251,rust,0,"#176,YAW,1.01,GYRO,0,4,0,ACC,2,-1,252,ADC,1273,500,4,2,"
1.6252,rust,0,MM0 ?V
1.6252,rust,0,MM1 ?V
1.6740,rust,0,MM0 V=120:222:4905
1.6741,rust,0,MM1 V=120:222:4897
1.6741,rust,0,"#177,YAW,1.02,GYRO,1,5,1,ACC,0,0,252,ADC,1287,387,4,2,"
1.6741,rust,0,MM0 ?CR
1.6741,rust,0,MM1 ?CR
1.6741,rust,0,MM0 CR=0:0
1.6741,rust,0,MM1 CR=0:0
1.6741,rust,0,MM1 !M 0 0
1.6741,rust,0,MM0 !M 0 0
1.6741,rust,0,MM1 +
1.6741,rust,0,MM0 +
1.6741,rust,0,"#178,YAW,1.02,GYRO,1,5,0,ACC,3,1,252,ADC,1215,384,4,1,"
1.6741,rust,0,MM0 ?A
1.6741,rust,0,MM1 ?A
1.6741,rust,0,MM0 A=0:0
1.6741,rust,0,MM1 A=0:0
1.6951,rust,0,"#179,YAW,1.02,GYRO,1,6,-1,ACC,1,0,254,ADC,1236,384,7,2,"
1.6952,rust,0,"$GPRMC,103636.6,A,5050.50511,N,00419.38932,E,000.66,052.6,021026,000.4,E*52"
1.6952,rust,0,MM0 ?AI
1.6952,rust,0,MM1 ?AI
1.6952,rust,0,MM0 AI=0:0:2468:2461:0:0
1.7160,rust,0,MM1 AI=0:0:2397:2442:0:0
1.7160,rust,0,"#180,YAW,1.02,GYRO,1,6,0,ACC,2,0,252,ADC,1233,397,5,1,"
1.7160,rust,0,MM0 ?C
1.7160,rust,0,MM1 ?C
1.7160,rust,0,MM0 C=2:-1
1.7160,rust,0,MM1 C=5:8
1.7369,rust,0,"#181,YAW,1.01,GYRO,0,6,0,ACC,1,1,247,ADC,1263,390,6,2,"
1.7369,rust,0,MM0 ?D
1.7369,rust,0,MM1 ?D
1.7369,rust,0,MM0 D=34
1.7369,rust,0,MM1 D=18
1.7712,rust,0,"#182,YAW,1.01,GYRO,1,6,0,ACC,3,0,255,ADC,1236,383,4,2,"
1.7712,rust,0,MM0 ?FF
1.7712,rust,0,MM1 ?FF
1.7712,rust,0,MM0 FF=16
1.7712,rust,0,MM1 FF=16
1.7712,rust,0,MM0 !M 0 0
1.7712,rust,0,MM1 !M 0 0
1.7712,rust,0,MM0 +
1.7712,rust,0,MM1 +
1.7712,rust,0,"#183,YAW,1.01,GYRO,0,8,0,ACC,1,3,250,ADC,1281,391,7,2,"
1.7712,rust,0,MM0 ?P
1.7712,rust,0,MM1 ?P
1.7712,rust,0,MM0 P=0:0
1.7712,rust,0,MM1 P=0:0
1.7927,rust,0,"#184,YAW,1.01,GYRO,1,5,0,ACC,0,-1,252,ADC,1267,384,7,2,"
1.7927,rust,0,MM0 ?S
1.7927,rust,0,MM1 ?S
1.7927,rust,0,MM0 S=0:0
1.7927,rust,0,MM1 S=0:0
1.8150,rust,0,"#185,YAW,1.01,GYRO,1,4,0,ACC,1,2,251,ADC,1232,381,7,2,"
1.8150,rust,0,MM0 ?T
1.8150,rust,0,MM1 ?T
1.8150,rust,0,MM0 T=34:34
1.8150,rust,0,MM1 T=35:33
1.8352,rust,0,"#186,YAW,1.01,GYRO,2,5,-1,ACC,4,-1,253,ADC,1248,389,7,2,"
1.8352,rust,0,MM0 ?V
1.8353,rust,0,MM1 ?V
1.8353,rust,0,MM0 V=120:223:4905
1.8353,rust,0,MM1 V=120:221:4899
1.8694,rust,0,"#187,YAW,1.01,GYRO,1,7,1,ACC,1,0,250,ADC,1248,499,5,1,"
1.8694,rust,0,MM0 ?CR
1.8694,rust,0,MM1 ?CR
1.8694,rust,0,MM0 CR=0:0
1.8694,rust,0,MM1 CR=0:0
1.8694,rust,0,MM1 !M 0 0
1.8694,rust,0,MM0 !M 0 0
1.8695,rust,0,MM0 +
1.8695,rust,0,MM1 +
1.8695,rust,0,"#188,YAW,1.01,GYRO,1,6,-1,ACC,4,1,254,ADC,1231,387,6,2,"
1.8695,rust,0,MM0 ?A
1.8695,rust,0,MM1 ?A
1.8695,rust,0,MM0 A=0:0
1.8695,rust,0,MM1 A=0:0
1.8902,rust,0,"#189,YAW,1.01,GYRO,0,5,0,ACC,3,0,256,ADC,1267,500,5,2,"
1.9111,rust,0,"$GPRMC,103636.8,A,5050.50511,N,00419.38932,E,000.65,052.6,021026,000.4,E*5F"
1.9112,rust,0,MM1 ?AI
1.9112,rust,0,MM0 ?AI
1.9112,rust,0,MM1 AI=0:0:2394:2388:0:0
1.9112,rust,0,MM0 AI=0:0:2453:2471:0:0
1.9112,rust,0,"#190,YAW,1.01,GYRO,1,6,0,ACC,2,1,255,ADC,1295,387,5,2,"
1.9112,rust,0,MM1 ?C
1.9112,rust,0,MM0 ?C
1.9112,rust,0,MM0 C=2:-1
1.9112,rust,0,MM1 C=5:8
1.9319,rust,0,"#191,YAW,1.01,GYRO,0,7,0,ACC,1,-1,251,ADC,1254,388,5,2,"
1.9319,rust,0,MM0 ?D
1.9319,rust,0,MM1 ?D
1.9319,rust,0,MM0 D=34
1.9319,rust,0,MM1 D=18
1.9673,rust,0,MM0 !M 0 0
1.9673,rust,0,MM1 !M 0 0
1.9673,rust,0,MM0 +
1.9673,rust,0,MM1 +
1.9673,rust,0,"#192,YAW,1.01,GYRO,2,6,1,ACC,3,-1,254,ADC,1262,398,7,1,"
1.9673,rust,0,MM0 ?FF
1.9673,rust,0,MM1 ?FF
1.9673,rust,0,MM0 FF=16
1.9673,rust,0,MM1 FF=16
1.9673,rust,0,"#193,YAW,1.01,GYRO,1,8,-1,ACC,2,0,250,ADC,1278,392,5,2,"
1.9673,rust,0,MM0 ?P
1.9673,rust,0,MM1 ?P
1.9673,rust,0,MM0 P=0:0
1.9870,rust,0,MM1 P=0:0
1.9871,rust,0,"#194,YAW,1.01,GYRO,1,5,0,ACC,0,0,252,ADC,1246,396,6,2,"
1.9871,rust,0,MM0 ?S
1.9871,rust,0,MM1 ?S
1.9871,rust,0,MM0 S=0:0
1.9871,rust,0,MM1 S=0:0
2.0079,rust,0,"#195,YAW,1.01,GYRO,2,3,0,ACC,5,1,255,ADC,1278,390,4,2,"
2.0079,rust,0,MM0 ?T
2.0079,rust,0,MM1 ?T
2.0079,rust,0,MM0 T=34:34
2.0290,rust,0,MM1 T=35:33
2.0290,rust,0,"#196,YAW,1.01,GYRO,0,6,0,ACC,1,0,248,ADC,1223,496,6,1,"
2.0290,rust,0,MM0 ?V
2.0290,rust,0,MM1 ?V
2.0290,rust,0,MM0 V=120:220:4904
2.0290,rust,0,MM1 V=120:222:4899
2.0632,rust,0,MM0 !M 0 0
2.0633,rust,0,MM1 !M 0 0
2.0633,rust,0,MM0 +
2.0633,rust,0,MM1 +
2.0633,rust,0,"#197,YAW,1.01,GYRO,2,5,0,ACC,3,-2,249,ADC,1243,387,4,2,"
2.0633,rust,0,MM1 ?CR
2.0633,rust,0,MM0 ?CR
2.0633,rust,0,MM1 CR=0:0
2.0633,rust,0,MM0 CR=0:0
2.0843,rust,0,"#198,YAW,1.01,GYRO,2,6,-1,ACC,1,1,254,ADC,1217,502,5,2,"
2.0843,rust,0,MM0 ?A
2.0844,rust,0,MM1 ?A
2.0844,rust,0,MM0 A=0:0
2.0844,rust,0,MM1 A=0:0
2.0844,rust,0,"#199,YAW,1.01,GYRO,0,5,0,ACC,2,0,250,ADC,1255,500,6,2,"
2.1073,rust,0,MM1 ?AI
2.1073,rust,0,MM0 ?AI
2.1073,rust,0,"$GPRMC,103637.0,A,5050.50508,N,00419.38932,E,000.64,052.6,021026,000.4,E*5F"
2.1073,rust,0,MM1 AI=0:0:2374:2372:0:0
2.1073,rust,0,MM0 AI=0:0:2460:2465:0:0
2.1073,rust,0,"#200,YAW,1.01,GYRO,-1,5,1,ACC,-2,1,251,ADC,1246,382,4,2,"
2.1073,rust,0,MM1 ?C
2.1260,rust,0,MM0 ?C
2.1260,rust,0,MM0 C=2:-1
2.1261,rust,0,MM1 C=5:8
2.1261,rust,0,"#201,YAW,1.00,GYRO,0,5,0,ACC,1,-1,250,ADC,1272,503,6,2,"
2.1261,rust,0,MM1 ?D
2.1261,rust,0,MM0 ?D
2.1261,rust,0,MM1 D=18
2.1759,rust,0,MM0 D=34
2.1760,rust,0,"#202,YAW,1.00,GYRO,1,5,1,ACC,1,0,252,ADC,1272,390,5,2,"
2.1760,rust,0,MM1 ?FF
2.1760,rust,0,MM0 ?FF
2.1760,rust,0,MM1 FF=16
2.1760,rust,0,MM0 FF=16
2.1760,rust,0,MM0 !M 0 0
2.1760,rust,0,MM1 !M 0 0
2.1760,rust,0,MM0 +
2.1760,rust,0,MM1 +
2.1760,rust,0,"#203,YAW,1.00,GYRO,-1,8,-1,ACC,0,-1,250,ADC,1293,495,5,2,"
2.1760,rust,0,MM1 ?P
2.1760,rust,0,MM0 ?P
2.1760,rust,0,MM1 P=0:0
2.1760,rust,0,MM0 P=0:0
2.1969,rust,0,"#204,YAW,1.00,GYRO,1,6,1,ACC,1,2,254,ADC,1298,498,6,2,"
2.1970,rust,0,MM1 ?S
2.1971,rust,0,MM0 ?S
2.1971,rust,0,MM1 S=0:0
2.1971,rust,0,MM0 S=0:0
2.2179,rust,0,"#205,YAW,1.00,GYRO,1,7,0,ACC,0,-1,255,ADC,1277,500,4,2,"
2.2180,rust,0,MM1 ?T
2.2180,rust,0,MM0 ?T
2.2180,rust,0,MM1 T=35:33
2.2180,rust,0,MM0 T=34:34
2.2389,rust,0,"#206,YAW,1.00,GYRO,0,7,0,ACC,-2,0,250,ADC,1258,388,5,2,"
2.2390,rust,0,MM1 ?V
2.2390,rust,0,MM0 ?V
2.2390,rust,0,MM1 V=120:222:4898
2.2390,rust,0,MM0 V=120:227:4904
2.2732,rust,0,"#207,YAW,1.00,GYRO,0,7,0,ACC,5,-2,252,ADC,1268,389,6,2,"
2.2732,rust,0,MM1 ?CR
2.2733,rust,0,MM0 ?CR
2.2733,rust,0,MM1 CR=0:0
2.2733,rust,0,MM0 CR=0:0
2.2733,rust,0,MM1 !M 0 0
2.2733,rust,0,MM0 !M 0 0
2.2733,rust,0,MM1 +
2.2733,rust,0,MM0 +
2.2733,rust,0,"#208,YAW,1.00,GYRO,0,5,-1,ACC,-1,1,257,ADC,1228,381,4,2,"
2.2733,rust,0,MM1 ?A
2.2733,rust,0,MM0 ?A
2.2733,rust,0,MM1 A=0:0
2.2733,rust,0,MM0 A=0:0
2.2944,rust,0,"#209,YAW,1.00,GYRO,1,7,1,ACC,-3,1,247,ADC,1263,384,4,2,"
2.2945,rust,0,MM1 ?AI
2.2945,rust,0,MM0 ?AI
2.2945,rust,0,"$GPRMC,103637.2,A,5050.50504,N,00419.38939,E,000.63,052.6,021026,000.4,E*5D"
2.3155,rust,0,MM1 AI=0:0:2390:2361:0:0
2.3155,rust,0,MM0 AI=0:0:2475:2471:0:0
2.3155,rust,0,"#210,YAW,1.00,GYRO,-1,6,0,ACC,-2,-1,250,ADC,1246,385,5,2,"
2.3158,rust,0,MM1 ?C
2.3158,rust,0,MM0 ?C
2.3158,rust,0,MM0 C=2:-1
2.3158,rust,0,MM1 C=5:8
2.3359,rust,0,"#211,YAW,1.00,GYRO,0,6,-1,ACC,2,0,254,ADC,1223,381,8,2,"
2.3360,rust,0,MM1 ?D
2.3360,rust,0,MM0 ?D
2.3360,rust,0,MM1 D=18
2.3360,rust,0,MM0 D=34
2.3699,rust,0,"#212,YAW,1.00,GYRO,0,5,0,ACC,0,2,255,ADC,1265,499,6,3,"
2.3700,rust,0,MM1 ?FF
2.3700,rust,0,MM0 ?FF
2.3700,rust,0,MM1 FF=16
2.3700,rust,0,MM0 FF=16
2.3700,rust,0,MM0 !M 0 0
2.3700,rust,0,MM1 !M 0 0
2.3700,rust,0,MM0 +
2.3700,rust,0,MM1 +
2.3700,rust,0,"#213,YAW,1.00,GYRO,0,4,1,ACC,1,0,255,ADC,1247,498,7,2,"
2.3700,rust,0,MM1 ?P
2.3700,rust,0,MM0 ?P
2.3700,rust,0,MM1 P=0:0
2.3700,rust,0,MM0 P=0:0
2.3909,rust,0,"#214,YAW,1.00,GYRO,2,5,0,ACC,1,1,251,ADC,1238,385,5,1,"
2.3910,rust,0,MM1 ?S
2.3910,rust,0,MM0 ?S
2.3910,rust,0,MM1 S=0:0
2.3910,rust,0,MM0 S=0:0
2.4119,rust,0,"#215,YAW,1.00,GYRO,-1,5,0,ACC,2,0,256,ADC,1238,400,4,2,"
2.4120,rust,0,MM1 ?T
2.4120,rust,0,MM0 ?T
2.4120,rust,0,MM1 T=35:33
2.4120,rust,0,MM0 T=34:34
2.4324,rust,0,"#216,YAW,1.00,GYRO,1,5,-1,ACC,3,-1,255,ADC,1199,383,5,1,"
2.4325,rust,0,MM1 ?V
2.4325,rust,0,MM0 ?V
2.4325,rust,0,MM1 V=120:222:4899
2.4325,rust,0,MM0 V=120:223:4905
2.4661,rust,0,MM0 !M 0 0
2.4661,rust,0,MM1 !M 0 0
2.4661,rust,0,MM0 +
2.4661,rust,0,MM1 +
2.4661,rust,0,"#217,YAW,1.00,GYRO,1,6,1,ACC,4,-1,255,ADC,1268,404,3,2,"
2.4661,rust,0,MM1 ?CR
2.4661,rust,0,MM0 ?CR
2.4661,rust,0,MM1 CR=0:0
2.4661,rust,0,MM0 CR=0:0
2.4661,rust,0,"#218,YAW,1.00,GYRO,1,6,0,ACC,4,-1,256,ADC,1254,393,5,2,"
2.4661,rust,0,MM1 ?A
2.4662,rust,0,MM0 ?A
2.4662,rust,0,MM1 A=0:0
2.4874,rust,0,MM0 A=0:0
2.4875,rust,0,"#219,YAW,1.00,GYRO,1,6,1,ACC,0,1,254,ADC,1253,388,7,2,"
2.4875,rust,0,MM1 ?AI
2.5081,rust,0,"$GPRMC,103637.4,A,5050.50501,N,00419.38952,E,000.63,052.6,021026,000.4,E*53"
2.5081,rust,0,MM0 ?AI
2.5081,rust,0,MM1 AI=0:0:2359:2389:0:0
2.5081,rust,0,MM0 AI=0:0:2464:2335:0:0
2.5081,rust,0,"#220,YAW,1.00,GYRO,1,6,1,ACC,2,0,253,ADC,1228,381,7,2,"
2.5081,rust,0,MM0 ?C
2.5081,rust,0,MM1 ?C
2.5082,rust,0,MM0 C=2:-1
2.5082,rust,0,MM1 C=5:8
2.5301,rust,0,"#221,YAW,1.00,GYRO,0,5,1,ACC,2,-2,255,ADC,1253,502,4,2,"
2.5301,rust,0,MM1 ?D
2.5302,rust,0,MM0 ?D
2.5302,rust,0,MM1 D=18
2.5302,rust,0,MM0 D=42
2.5780,rust,0,"#222,YAW,1.00,GYRO,0,6,1,ACC,0,1,253,ADC,1237,500,6,2,"
2.5780,rust,0,MM1 ?FF
2.5780,rust,0,MM0 ?FF
2.5780,rust,0,MM1 FF=16
2.5780,rust,0,MM0 FF=16
2.5780,rust,0,MM1 !M 0 0
2.5780,rust,0,MM0 !M 0 0
2.5780,rust,0,MM1 +
2.5780,rust,0,MM0 +
2.5780,rust,0,"#223,YAW,1.00,GYRO,-1,6,1,ACC,1,0,250,ADC,1234,382,7,1,"
2.5780,rust,0,MM1 ?P
2.5780,rust,0,MM0 ?P
2.5781,rust,0,MM1 P=0:0
2.5781,rust,0,MM0 P=0:0
2.5989,rust,0,"#224,YAW,1.00,GYRO,1,6,1,ACC,3,-1,254,ADC,1242,385,5,2,"
2.5989,rust,0,MM1 ?S
2.5989,rust,0,MM0 ?S
2.5989,rust,0,MM1 S=0:0
2.5989,rust,0,MM0 S=0:0
2.6218,rust,0,"#225,YAW,1.00,GYRO,0,5,0,ACC,2,2,253,ADC,1249,391,7,2,"
2.6218,rust,0,MM1 ?T
2.6218,rust,0,MM0 ?T
2.6218,rust,0,MM1 T=35:33
2.6218,rust,0,MM0 T=34:34
2.6410,rust,0,"#226,YAW,1.00,GYRO,0,8,-1,ACC,-4,1,251,ADC,1256,398,7,2,"
2.6411,rust,0,MM1 ?V
2.6411,rust,0,MM0 ?V
2.6411,rust,0,MM1 V=120:222:4899
2.6411,rust,0,MM0 V=120:222:4905
2.6752,rust,0,"#227,YAW,1.00,GYRO,2,6,0,ACC,1,-1,252,ADC,1237,394,7,2,"
2.6753,rust,0,MM1 ?CR
2.6753,rust,0,MM0 ?CR
2.6753,rust,0,MM1 CR=0:0
2.6753,rust,0,MM0 CR=0:0
2.6753,rust,0,MM0 !M 0 0
2.6753,rust,0,MM1 !M 0 0
2.6753,rust,0,MM0 +
2.6753,rust,0,MM1 +
2.6753,rust,0,"#228,YAW,1.00,GYRO,1,5,1,ACC,3,-1,254,ADC,1240,384,4,2,"
2.6753,rust,0,MM1 ?A
2.6753,rust,0,MM0 ?A
2.6753,rust,0,MM1 A=0:0
2.6753,rust,0,MM0 A=0:0
2.6966,rust,0,"#229,YAW,1.00,GYRO,1,6,1,ACC,1,2,252,ADC,1291,497,3,2,"
2.6967,rust,0,"$GPRMC,103637.6,A,5050.50502,N,00419.38966,E,000.63,113.3,021026,000.4,E*54"
2.6967,rust,0,MM0 ?AI
2.6967,rust,0,MM1 ?AI
2.6967,rust,0,MM0 AI=0:0:2452:2474:0:0
2.7168,rust,0,MM1 AI=0:0:2376:2357:0:0
2.7169,rust,0,"#230,YAW,1.00,GYRO,-1,5,0,ACC,3,0,249,ADC,1301,500,4,2,"
2.7169,rust,0,MM0 ?C
2.7169,rust,0,MM1 ?C
2.7169,rust,0,MM0 C=2:-1
2.7169,rust,0,MM1 C=5:8
2.7378,rust,0,"#231,YAW,1.04,GYRO,0,8,1,ACC,3,1,254,ADC,1235,502,4,2,"
2.7379,rust,0,MM1 ?D
2.7379,rust,0,MM0 ?D
2.7379,rust,0,MM1 D=18
2.7379,rust,0,MM0 D=34
2.7719,rust,0,"#232,YAW,1.04,GYRO,0,5,0,ACC,0,1,250,ADC,1281,385,6,2,"
2.7719,rust,0,MM0 ?FF
2.7719,rust,0,MM1 ?FF
2.7719,rust,0,MM0 FF=16
2.7719,rust,0,MM1 FF=16
2.7720,rust,0,MM0 !M 0 0
2.7720,rust,0,MM1 !M 0 0
2.7720,rust,0,MM0 +
2.7720,rust,0,MM1 +
2.7720,rust,0,"#233,YAW,1.04,GYRO,0,5,0,ACC,0,-2,252,ADC,1264,399,4,2,"
2.7720,rust,0,MM0 ?P
2.7720,rust,0,MM1 ?P
2.7720,rust,0,MM0 P=0:0
2.7720,rust,0,MM1 P=0:0
2.7930,rust,0,"#234,YAW,1.04,GYRO,0,6,-1,ACC,1,1,251,ADC,1268,501,5,2,"
2.7930,rust,0,MM0 ?S
2.7930,rust,0,MM1 ?S
2.7930,rust,0,MM0 S=0:0
2.7930,rust,0,MM1 S=0:0
2.8138,rust,0,"#235,YAW,1.04,GYRO,1,6,1,ACC,1,1,253,ADC,1227,385,5,2,"
2.8139,rust,0,MM0 ?T
2.8139,rust,0,MM1 ?T
2.8139,rust,0,MM0 T=34:34
2.8139,rust,0,MM1 T=35:33
2.8344,rust,0,"#236,YAW,1.04,GYRO,0,4,2,ACC,4,-1,247,ADC,1275,500,7,1,"
2.8345,rust,0,MM0 ?V
2.8345,rust,0,MM1 ?V
2.8345,rust,0,MM0 V=120:223:4905
2.8345,rust,0,MM1 V=120:222:4898
2.8689,rust,0,"#237,YAW,1.04,GYRO,0,7,0,ACC,-2,-1,254,ADC,1276,501,4,2,"
2.8689,rust,0,MM0 ?CR
2.8689,rust,0,MM1 ?CR
2.8689,rust,0,MM0 CR=0:0
2.8689,rust,0,MM1 CR=0:0
2.8689,rust,0,MM0 !M 0 0
2.8689,rust,0,MM1 !M 0 0
2.8689,rust,0,MM0 +
2.8689,rust,0,MM1 +
2.8689,rust,0,"#238,YAW,1.04,GYRO,1,6,0,ACC,3,0,256,ADC,1252,494,6,2,"
2.8689,rust,0,MM0 ?A
2.8689,rust,0,MM1 ?A
2.8689,rust,0,MM0 A=0:0
2.8689,rust,0,MM1 A=0:0
2.8890,rust,0,"#239,YAW,1.04,GYRO,-1,5,1,ACC,4,-1,251,ADC,1227,501,6,2,"
2.9099,rust,0,"$GPRMC,103637.8,A,5050.50500,N,00419.38983,E,000.63,113.9,021026,000.4,E*59"
2.9100,rust,0,MM0 ?AI
2.9100,rust,0,MM1 ?AI
2.9100,rust,0,MM0 AI=0:0:2471:2459:0:0
2.9100,rust,0,MM1 AI=0:0:2390:2390:0:0
2.9100,rust,0,"#240,YAW,1.04,GYRO,0,6,1,ACC,0,2,251,ADC,1305,500,5,1,"
2.9100,rust,0,MM0 ?C
2.9100,rust,0,MM1 ?C
2.9100,rust,0,MM0 C=2:-1
2.9100,rust,0,MM1 C=5:8
2.9311,rust,0,"#241,YAW,1.08,GYRO,0,8,0,ACC,2,2,252,ADC,1223,390,7,2,"
2.9311,rust,0,MM0 ?D
2.9311,rust,0,MM1 ?D
2.9311,rust,0,MM0 D=34
2.9311,rust,0,MM1 D=18
2.9802,rust,0,"#242,YAW,1.08,GYRO,1,6,0,ACC,0,0,250,ADC,1267,384,5,2,"
2.9802,rust,0,MM0 ?FF
2.9802,rust,0,MM1 ?FF
2.9802,rust,0,MM0 FF=16
2.9802,rust,0,MM1 FF=16
2.9802,rust,0,MM1 !M 0 0
2.9802,rust,0,MM0 !M 0 0
2.9802,rust,0,MM1 +
2.9802,rust,0,MM0 +
2.9802,rust,0,"#243,YAW,1.08,GYRO,1,6,1,ACC,-3,-1,252,ADC,1235,384,7,2,"
2.9802,rust,0,MM0 ?P
2.9802,rust,0,MM1 ?P
2.9802,rust,0,MM0 P=0:0
2.9802,rust,0,MM1 P=0:0
3.0009,rust,0,"#244,YAW,1.08,GYRO,1,7,1,ACC,1,3,254,ADC,1309,393,6,2,"
3.0009,rust,0,MM0 ?S
3.0009,rust,0,MM1 ?S
3.0009,rust,0,MM0 S=0:0
3.0009,rust,0,MM1 S=0:0
3.0220,rust,0,"#245,YAW,1.08,GYRO,0,6,0,ACC,2,1,251,ADC,1288,389,5,2,"
3.0221,rust,0,MM0 ?T
3.0221,rust,0,MM1 ?T
3.0221,rust,0,MM0 T=35:34
3.0221,rust,0,MM1 T=35:33
3.0435,rust,0,"#246,YAW,1.08,GYRO,0,7,1,ACC,-1,0,249,ADC,1254,401,6,1,"
3.0435,rust,0,MM0 ?V
3.0435,rust,0,MM1 ?V
3.0435,rust,0,MM0 V=120:225:4904
3.0435,rust,0,MM1 V=120:222:4897
3.0778,rust,0,"#247,YAW,1.08,GYRO,0,7,2,ACC,0,0,252,ADC,1215,379,5,2,"
3.0779,rust,0,MM0 ?CR
3.0779,rust,0,MM1 ?CR
3.0779,rust,0,MM0 CR=0:0
3.0779,rust,0,MM1 CR=0:0
3.0779,rust,0,MM0 !M 0 0
3.0779,rust,0,MM1 !M 0 0
3.0779,rust,0,MM0 +
3.0779,rust,0,MM1 +
3.0779,rust,0,"#248,YAW,1.08,GYRO,3,6,1,ACC,1,0,252,ADC,1243,394,5,2,"
3.0779,rust,0,MM0 ?A
3.0779,rust,0,MM1 ?A
3.0779,rust,0,MM0 A=0:0
3.0779,rust,0,MM1 A=0:0
3.0990,rust,0,"#249,YAW,1.08,GYRO,0,6,1,ACC,0,0,251,ADC,1267,502,4,2,"
3.0990,rust,0,MM0 ?AI
3.0990,rust,0,MM1 ?AI
3.0990,rust,0,"$GPRMC,103638.0,A,5050.50495,N,00419.38997,E,000.64,114.4,021026,000.4,E*5B"
3.0990,rust,0,MM0 AI=0:0:2454:2454:0:0
3.0990,rust,0,MM1 AI=0:0:2377:2383:0:0
3.1201,rust,0,"#250,YAW,1.08,GYRO,2,6,0,ACC,-1,0,254,ADC,1280,389,7,2,"
3.1201,rust,0,MM0 ?C
3.1201,rust,0,MM1 ?C
3.1201,rust,0,MM0 C=2:-1
3.1201,rust,0,MM1 C=5:8
3.1412,rust,0,"#251,YAW,1.12,GYRO,-1,7,1,ACC,1,-1,252,ADC,1225,386,5,2,"
3.1412,rust,0,MM0 ?D
3.1412,rust,0,MM1 ?D
3.1412,rust,0,MM0 D=34
3.1412,rust,0,MM1 D=26
3.1750,rust,0,"#252,YAW,1.12,GYRO,0,7,0,ACC,0,0,248,ADC,1236,388,4,3,"
3.1751,rust,0,MM0 ?FF
3.1751,rust,0,MM1 ?FF
3.1751,rust,0,MM0 FF=16
3.1751,rust,0,MM1 FF=16
3.1751,rust,0,MM1 !M 0 0
3.1751,rust,0,MM0 !M 0 0
3.1751,rust,0,MM1 +
3.1751,rust,0,MM0 +
3.1751,rust,0,"#253,YAW,1.12,GYRO,1,7,0,ACC,-2,-1,252,ADC,1283,390,7,2,"
3.1751,rust,0,MM0 ?P
3.1751,rust,0,MM1 ?P
3.1751,rust,0,MM0 P=0:0
3.1751,rust,0,MM1 P=0:0
3.1957,rust,0,"#254,YAW,1.12,GYRO,1,7,-1,ACC,-1,1,254,ADC,1274,502,7,2,"
3.1957,rust,0,MM0 ?S
3.1957,rust,0,MM1 ?S
3.1957,rust,0,MM0 S=0:0
3.1957,rust,0,MM1 S=0:0
3.2168,rust,0,"#255,YAW,1.12,GYRO,-1,5,0,ACC,1,-1,250,ADC,1267,407,4,3,"
3.2169,rust,0,MM0 ?T
3.2169,rust,0,MM1 ?T
3.2169,rust,0,MM0 T=34:34
3.2169,rust,0,MM1 T=35:33
3.2378,rust,0,"#0,YAW,1.12,GYRO,0,6,2,ACC,0,-1,255,ADC,1254,407,7,2,"
3.2378,rust,0,MM0 ?V
3.2378,rust,0,MM1 ?V
3.2378,rust,0,MM0 V=120:222:4905
3.2378,rust,0,MM1 V=120:222:4898
3.2719,rust,0,"#1,YAW,1.12,GYRO,0,8,1,ACC,3,-1,255,ADC,1250,499,6,2,"
3.2719,rust,0,MM0 ?CR
3.2719,rust,0,MM1 ?CR
3.2719,rust,0,MM0 CR=0:0
3.2719,rust,0,MM1 CR=0:0
3.2719,rust,0,MM0 !M 0 0
3.2719,rust,0,MM1 !M 0 0
3.2719,rust,0,MM0 +
3.2719,rust,0,MM1 +
3.2719,rust,0,"#2,YAW,1.12,GYRO,0,7,0,ACC,1,1,254,ADC,1270,501,6,2,"
3.2719,rust,0,MM0 ?A
3.2719,rust,0,MM1 ?A
3.2720,rust,0,MM0 A=0:0
3.2720,rust,0,MM1 A=0:0
3.2930,rust,0,"#3,YAW,1.12,GYRO,2,5,1,ACC,1,3,266,ADC,1269,500,4,3,"
3.2930,rust,0,"$GPRMC,103638.2,A,5050.50493,N,00419.39007,E,000.65,114.9,021026,000.4,E*52"
3.2930,rust,0,MM0 ?AI
3.2930,rust,0,MM1 ?AI
3.3138,rust,0,MM0 AI=0:0:2469:2472:0:0
3.3138,rust,0,MM1 AI=0:0:2366:2390:0:0
3.3138,rust,0,"#4,YAW,1.12,GYRO,0,5,0,ACC,2,-1,250,ADC,1251,384,6,2,"
3.3138,rust,0,MM1 ?C
3.3138,rust,0,MM0 ?C
3.3138,rust,0,MM0 C=2:-1
3.3138,rust,0,MM1 C=5:8
3.3350,rust,0,"#5,YAW,1.16,GYRO,2,8,1,ACC,1,-1,253,ADC,1296,503,5,2,"
3.3350,rust,0,MM0 ?D
3.3350,rust,0,MM1 ?D
3.3350,rust,0,MM0 D=34
3.3350,rust,0,MM1 D=18
3.3820,rust,0,"#6,YAW,1.16,GYRO,0,7,0,ACC,-1,-1,252,ADC,1293,500,5,2,"
3.3821,rust,0,MM0 ?FF
3.3821,rust,0,MM1 ?FF
3.3821,rust,0,MM0 FF=16
3.3821,rust,0,MM1 FF=16
3.3821,rust,0,MM0 !M 0 0
3.3821,rust,0,MM1 !M 0 0
3.3821,rust,0,MM0 +
3.3821,rust,0,MM1 +
3.3821,rust,0,"#7,YAW,1.16,GYRO,1,8,-1,ACC,1,0,250,ADC,1218,496,6,2,"
3.3821,rust,0,MM0 ?P
3.3821,rust,0,MM1 ?P
3.3821,rust,0,MM0 P=0:0
3.3821,rust,0,MM1 P=0:0
3.4051,rust,0,"#8,YAW,1.16,GYRO,-1,7,2,ACC,3,-1,256,ADC,1247,501,5,2,"
3.4051,rust,0,MM0 ?S
3.4051,rust,0,MM1 ?S
3.4051,rust,0,MM0 S=0:0
3.4051,rust,0,MM1 S=0:0
3.4246,rust,0,"#9,YAW,1.16,GYRO,0,7,-1,ACC,-1,1,251,ADC,1270,383,6,2,"
3.4247,rust,0,MM0 ?T
3.4247,rust,0,MM1 ?T
3.4247,rust,0,MM0 T=34:34
3.4247,rust,0,MM1 T=35:33
3.4247,rust,0,"#10,YAW,1.16,GYRO,2,7,1,ACC,1,-1,249,ADC,1250,500,5,2,"
3.4453,rust,0,MM0 ?V
3.4453,rust,0,MM1 ?V
3.4453,rust,0,MM0 V=120:223:4905
3.4453,rust,0,MM1 V=120:222:4898
3.4453,rust,0,"#11,YAW,1.16,GYRO,1,7,0,ACC,3,0,260,ADC,1263,386,6,1,"
3.4453,rust,0,MM0 ?CR
3.4453,rust,0,MM1 ?CR
3.4791,rust,0,MM0 CR=0:0
3.4791,rust,0,MM1 CR=0:0
3.4792,rust,0,MM0 !M 0 0
3.4792,rust,0,MM1 !M 0 0
3.4792,rust,0,MM0 +
3.4792,rust,0,MM1 +
3.4792,rust,0,"#12,YAW,1.16,GYRO,2,5,1,ACC,1,0,254,ADC,1273,387,6,2,"
3.4792,rust,0,MM0 ?A
3.4792,rust,0,MM1 ?A
3.4792,rust,0,MM0 A=0:0
3.4792,rust,0,MM1 A=0:0
3.5001,rust,0,"#13,YAW,1.16,GYRO,0,8,-1,ACC,-1,0,252,ADC,1228,501,6,2,"
3.5001,rust,0,"$GPRMC,103638.4,A,5050.50493,N,00419.39004,E,000.64,115.3,021026,000.4,E*5D"
3.5001,rust,0,MM0 ?AI
3.5001,rust,0,MM1 ?AI
3.5001,rust,0,MM0 AI=0:0:2480:2462:0:0
3.5001,rust,0,MM1 AI=0:0:2368:2393:0:0
3.5210,rust,0,"#14,YAW,1.16,GYRO,0,8,0,ACC,3,1,254,ADC,1248,500,5,1,"
3.5210,rust,0,MM0 ?C
3.5210,rust,0,MM1 ?C
3.5210,rust,0,MM0 C=2:-1
3.5210,rust,0,MM1 C=5:8
3.5419,rust,0,"#15,YAW,1.20,GYRO,-1,7,0,ACC,3,-1,254,ADC,1226,384,5,3,"
3.5420,rust,0,MM0 ?D
3.5420,rust,0,MM1 ?D
3.5420,rust,0,MM0 D=34
3.5420,rust,0,MM1 D=18
3.5765,rust,0,"#16,YAW,1.20,GYRO,0,6,-1,ACC,1,0,251,ADC,1248,501,6,2,"
3.5765,rust,0,MM0 ?FF
3.5765,rust,0,MM1 ?FF
3.5765,rust,0,MM0 FF=16
3.5765,rust,0,MM1 FF=16
3.5765,rust,0,MM0 !M 0 0
3.5765,rust,0,MM1 !M 0 0
3.5765,rust,0,MM0 +
3.5765,rust,0,MM1 +
3.5766,rust,0,"#17,YAW,1.20,GYRO,2,7,0,ACC,-1,2,251,ADC,1267,502,8,2,"
3.5766,rust,0,MM0 ?P
3.5766,rust,0,MM1 ?P
3.5766,rust,0,MM0 P=0:0
3.5766,rust,0,MM1 P=0:0
3.5968,rust,0,"#18,YAW,1.20,GYRO,2,6,0,ACC,2,2,253,ADC,1273,390,7,2,"
3.5968,rust,0,MM0 ?S
3.5969,rust,0,MM1 ?S
3.5969,rust,0,MM0 S=0:0
3.5969,rust,0,MM1 S=0:0
3.6178,rust,0,"#19,YAW,1.20,GYRO,-1,6,1,ACC,-1,-1,248,ADC,1251,500,4,3,"
3.6178,rust,0,MM0 ?T
3.6178,rust,0,MM1 ?T
3.6178,rust,0,MM0 T=34:34
3.6178,rust,0,MM1 T=35:33
3.6388,rust,0,"#20,YAW,1.20,GYRO,0,6,0,ACC,1,0,249,ADC,1204,381,6,2,"
3.6389,rust,0,MM0 ?V
3.6389,rust,0,MM1 ?V
3.6389,rust,0,MM0 V=120:220:4903
3.6389,rust,0,MM1 V=120:222:4898
3.6729,rust,0,"#21,YAW,1.20,GYRO,1,8,0,ACC,2,-1,255,ADC,1211,382,5,2,"
3.6729,rust,0,MM0 ?CR
3.6729,rust,0,MM1 ?CR
3.6729,rust,0,MM0 CR=0:0
3.6730,rust,0,MM1 CR=0:0
3.6730,rust,0,MM0 !M 0 0
3.6730,rust,0,MM1 !M 0 0
3.6730,rust,0,MM0 +
3.6730,rust,0,MM1 +
3.6730,rust,0,"#22,YAW,1.20,GYRO,0,7,0,ACC,3,1,253,ADC,1259,393,7,2,"
3.6730,rust,0,MM0 ?A
3.6730,rust,0,MM1 ?A
3.6730,rust,0,MM0 A=0:0
3.6730,rust,0,MM1 A=0:0
3.6940,rust,0,"#23,YAW,1.20,GYRO,1,7,0,ACC,2,-1,251,ADC,1246,383,5,3,"
3.6941,rust,0,"$GPRMC,103638.6,A,5050.50491,N,00419.39003,E,000.64,115.8,021026,000.4,E*51"
3.6941,rust,0,MM0 ?AI
3.6941,rust,0,MM1 ?AI
3.6941,rust,0,MM0 AI=0:0:2461:2469:0:0
3.7148,rust,0,MM1 AI=0:0:2378:2400:0:0
3.7148,rust,0,"#24,YAW,1.20,GYRO,0,6,0,ACC,3,0,253,ADC,1261,500,7,1,"
3.7148,rust,0,MM0 ?C
3.7149,rust,0,MM1 ?C
3.7149,rust,0,MM0 C=2:-1
3.7149,rust,0,MM1 C=5:8
3.7358,rust,0,"#25,YAW,1.24,GYRO,1,7,2,ACC,1,0,254,ADC,1280,390,5,2,"
3.7358,rust,0,MM0 ?D
3.7358,rust,0,MM1 ?D
3.7358,rust,0,MM0 D=34
3.7358,rust,0,MM1 D=18
3.7851,rust,0,"#26,YAW,1.24,GYRO,0,7,0,ACC,-1,0,248,ADC,1261,393,4,1,"
3.7851,rust,0,MM0 ?FF
3.7851,rust,0,MM1 ?FF
3.7851,rust,0,MM0 FF=16
3.7851,rust,0,MM1 FF=16
3.7851,rust,0,MM0 !M 0 0
3.7851,rust,0,MM1 !M 0 0
3.7851,rust,0,MM0 +
3.7851,rust,0,MM1 +
3.7852,rust,0,"#27,YAW,1.24,GYRO,1,5,0,ACC,1,0,256,ADC,1267,382,4,2,"
3.7852,rust,0,MM0 ?P
3.7852,rust,0,MM1 ?P
3.7852,rust,0,MM0 P=0:0
3.7852,rust,0,MM1 P=0:0
3.7852,rust,0,"#28,YAW,1.24,GYRO,0,6,-1,ACC,2,3,251,ADC,1216,387,5,2,"
3.7852,rust,0,MM0 ?S
3.7852,rust,0,MM1 ?S
3.8060,rust,0,MM0 S=0:0
3.8060,rust,0,MM1 S=0:0
3.8060,rust,0,"#29,YAW,1.24,GYRO,2,8,1,ACC,3,-1,251,ADC,1223,385,6,2,"
3.8061,rust,0,MM0 ?T
3.8061,rust,0,MM1 ?T
3.8061,rust,0,MM0 T=34:34
3.8273,rust,0,MM1 T=35:33
3.8273,rust,0,"#30,YAW,1.24,GYRO,1,8,1,ACC,0,-1,253,ADC,1224,500,7,1,"
3.8273,rust,0,MM0 ?V
3.8273,rust,0,MM1 ?V
3.8273,rust,0,MM0 V=120:223:4905
3.8480,rust,0,MM1 V=120:223:4898
3.8480,rust,0,"#31,YAW,1.24,GYRO,0,8,-1,ACC,5,1,258,ADC,1242,392,4,2,"
3.8480,rust,0,MM0 ?CR
3.8480,rust,0,MM1 ?CR
3.8480,rust,0,MM0 CR=0:0
3.8480,rust,0,MM1 CR=0:0
3.8829,rust,0,MM0 !M 0 0
3.8829,rust,0,MM1 !M 0 0
3.8829,rust,0,MM0 +
3.8829,rust,0,MM1 +
3.8829,rust,0,"#32,YAW,1.24,GYRO,1,7,0,ACC,2,-1,252,ADC,1235,381,5,2,"
3.8830,rust,0,MM0 ?A
3.8830,rust,0,MM1 ?A
3.8830,rust,0,MM0 A=0:0
3.8830,rust,0,MM1 A=0:0
3.9031,rust,0,"#33,YAW,1.24,GYRO,1,6,1,ACC,-1,-1,247,ADC,1261,499,7,2,"
3.9032,rust,0,"$GPRMC,103638.8,A,5050.50494,N,00419.39000,E,000.62,116.3,021026,000.4,E*57"
3.9032,rust,0,MM0 ?AI
3.9032,rust,0,MM1 ?AI
3.9032,rust,0,MM0 AI=0:0:2457:2466:0:0
3.9032,rust,0,MM1 AI=0:0:2364:2392:0:0
3.9239,rust,0,"#34,YAW,1.24,GYRO,2,5,1,ACC,1,0,255,ADC,1238,503,5,1,"
3.9240,rust,0,MM0 ?C
3.9240,rust,0,MM1 ?C
3.9240,rust,0,MM0 C=2:-1
3.9240,rust,0,MM1 C=5:8
3.9240,rust,0,"#35,YAW,1.28,GYRO,1,5,0,ACC,1,0,253,ADC,1248,385,4,2,"
3.9471,rust,0,MM0 ?D
3.9471,rust,0,MM1 ?D
3.9471,rust,0,MM0 D=34
3.9471,rust,0,MM1 D=18
3.9471,rust,0,"#36,YAW,1.28,GYRO,2,7,1,ACC,1,0,254,ADC,1277,389,5,2,"
3.9472,rust,0,MM0 ?FF
3.9472,rust,0,MM1 ?FF
3.9811,rust,0,MM0 FF=16
3.9811,rust,0,MM1 FF=16
3.9811,rust,0,MM1 !M 0 0
3.9811,rust,0,MM0 !M 0 0
3.9811,rust,0,MM1 +
3.9811,rust,0,MM0 +
3.9811,rust,0,"#37,YAW,1.28,GYRO,2,5,0,ACC,0,2,253,ADC,1279,503,5,2,"
3.9811,rust,0,MM0 ?P
3.9811,rust,0,MM1 ?P
3.9811,rust,0,MM0 P=0:0
3.9812,rust,0,MM1 P=0:0
4.0020,rust,0,"#38,YAW,1.28,GYRO,0,5,1,ACC,2,0,258,ADC,1228,379,6,1,"
4.0020,rust,0,MM0 ?S
4.0020,rust,0,MM1 ?S
4.0020,rust,0,MM0 S=0:0
4.0021,rust,0,MM1 S=0:0
4.0227,rust,0,"#39,YAW,1.28,GYRO,2,4,1,ACC,1,0,249,ADC,1274,389,6,2,"
4.0227,rust,0,MM0 ?T
4.0227,rust,0,MM1 ?T
4.0227,rust,0,MM0 T=34:34
4.0228,rust,0,MM1 T=35:33
4.0440,vrijgeven,0,"#40,YAW,1.28,GYRO,1,6,0,ACC,4,-3,253,ADC,1247,386,8,1,"
4.0440,vrijgeven,0,MM0 ?V
4.0440,vrijgeven,0,MM1 ?V
4.0440,vrijgeven,0,MM0 V=120:223:4905
4.0440,vrijgeven,0,MM1 V=120:222:4898
4.0440,vrijgeven,0,"#41,YAW,1.28,GYRO,1,6,2,ACC,-3,1,254,ADC,1211,393,6,2,"
4.0785,vrijgeven,0,MM0 ?CR
4.0786,vrijgeven,0,MM1 ?CR
4.0786,vrijgeven,0,MM0 CR=0:0
4.0786,vrijgeven,0,MM1 CR=0:0
4.0786,vrijgeven,0,MM0 !MG
4.0786,vrijgeven,0,MM1 !MG
4.0786,vrijgeven,0,MM0 +
4.0786,vrijgeven,0,MM1 +
4.0786,vrijgeven,0,MM0 !M 0 0
4.0786,vrijgeven,0,MM1 !M 0 0
4.0786,vrijgeven,0,MM0 +
4.0786,vrijgeven,0,MM1 +
4.0786,vrijgeven,0,"#42,YAW,1.28,GYRO,1,5,0,ACC,0,0,251,ADC,1262,391,5,1,"
4.0786,vrijgeven,0,MM0 ?A
4.0786,vrijgeven,0,MM1 ?A
4.0786,vrijgeven,0,MM0 A=0:0
4.0786,vrijgeven,0,MM1 A=0:0
4.0990,vrijgeven,0,"#43,YAW,1.28,GYRO,0,5,1,ACC,1,0,247,ADC,1278,501,7,2,"
4.0990,vrijgeven,0,MM0 ?AI
4.0990,vrijgeven,0,MM1 ?AI
4.0990,vrijgeven,0,"$GPRMC,103639.0,A,5050.50496,N,00419.38994,E,000.60,116.7,021026,000.4,E*5F"
4.0990,vrijgeven,0,MM0 AI=0:0:2460:2459:0:0
4.0990,vrijgeven,0,MM1 AI=0:0:2390:2394:0:0
4.1200,vrijgeven,0,"#44,YAW,1.28,GYRO,0,7,-1,ACC,5,1,257,ADC,1286,498,6,2,"
4.1201,vrijgeven,0,MM0 ?C
4.1201,vrijgeven,0,MM1 ?C
4.1201,vrijgeven,0,MM0 C=2:-1
4.1201,vrijgeven,0,MM1 C=5:8
4.1410,vrijgeven,0,"#45,YAW,1.31,GYRO,1,6,0,ACC,-5,-1,250,ADC,1253,498,5,2,"
4.1411,vrijgeven,0,MM0 ?D
4.1411,vrijgeven,0,MM1 ?D
4.1411,vrijgeven,0,MM0 D=34
4.1411,vrijgeven,0,MM1 D=18
4.1902,vrijgeven,0,"#46,YAW,1.31,GYRO,3,6,0,ACC,2,0,251,ADC,1258,399,4,2,"
4.1903,vrijgeven,0,MM0 ?FF
4.1903,vrijgeven,0,MM1 ?FF
4.1903,vrijgeven,0,MM0 FF=0
4.1903,vrijgeven,0,MM1 FF=0
4.1903,vrijgeven,0,"#47,YAW,1.31,GYRO,2,7,0,ACC,1,1,256,ADC,1265,494,7,2,"
4.1903,vrijgeven,0,MM0 ?P
4.1903,vrijgeven,0,MM1 ?P
4.1903,vrijgeven,0,MM0 P=0:0
4.1903,vrijgeven,0,MM1 P=0:0
4.1903,vrijgeven,0,MM0 !M 0 0
4.1903,vrijgeven,0,MM1 !M 0 0
4.1903,vrijgeven,0,MM0 +
4.1903,vrijgeven,0,MM1 +
4.1903,vrijgeven,0,"#48,YAW,1.31,GYRO,-1,5,0,ACC,-3,2,252,ADC,1260,414,3,1,"
4.1903,vrijgeven,0,MM0 ?S
4.1903,vrijgeven,0,MM1 ?S
4.1903,vrijgeven,0,MM0 S=0:0
4.1903,vrijgeven,0,MM1 S=0:0
4.2090,vrijgeven,0,"#49,YAW,1.31,GYRO,0,6,1,ACC,1,-1,250,ADC,1259,501,6,2,"
4.2090,vrijgeven,0,MM0 ?T
4.2090,vrijgeven,0,MM1 ?T
4.2091,vrijgeven,0,MM0 T=35:34
4.2091,vrijgeven,0,MM1 T=35:33
4.2300,vrijgeven,0,"#50,YAW,1.31,GYRO,0,6,0,ACC,-1,-1,252,ADC,1266,501,5,2,"
4.2300,vrijgeven,0,MM0 ?V
4.2300,vrijgeven,0,MM1 ?V
4.2300,vrijgeven,0,MM0 V=120:222:4904
4.2301,vrijgeven,0,MM1 V=120:222:4898
4.2522,vrijgeven,0,"#51,YAW,1.31,GYRO,0,8,1,ACC,1,-1,257,ADC,1308,498,5,2,"
4.2522,vrijgeven,0,MM0 ?CR
4.2522,vrijgeven,0,MM1 ?CR
4.2522,vrijgeven,0,MM0 CR=0:0
4.2522,vrijgeven,0,MM1 CR=0:0
4.2861,vrijgeven,0,MM0 !M 0 0
4.2861,vrijgeven,0,MM1 !M 0 0
4.2861,vrijgeven,0,MM0 +
4.2861,vrijgeven,0,MM1 +
4.2861,vrijgeven,0,"#52,YAW,1.31,GYRO,0,5,1,ACC,2,-1,253,ADC,1229,324,5,1,"
4.2862,vrijgeven,0,MM0 ?A
4.2862,vrijgeven,0,MM1 ?A
4.2862,vrijgeven,0,MM0 A=0:0
4.2862,vrijgeven,0,MM1 A=0:0
4.2862,vrijgeven,0,"#53,YAW,1.31,GYRO,1,3,0,ACC,0,1,254,ADC,1272,501,6,2,"
4.3072,vrijgeven,0,"$GPRMC,103639.2,A,5050.50494,N,00419.38995,E,000.58,116.7,021026,000.4,E*55"
4.3072,vrijgeven,0,MM0 ?AI
4.3072,vrijgeven,0,MM1 ?AI
4.3072,vrijgeven,0,MM0 AI=0:0:2458:2470:0:0
4.3072,vrijgeven,0,MM1 AI=0:0:2369:2390:0:0
4.3072,vrijgeven,0,"#54,YAW,1.31,GYRO,2,5,0,ACC,6,0,257,ADC,1254,500,8,2,"
4.3072,vrijgeven,0,MM0 ?C
4.3072,vrijgeven,0,MM1 ?C
4.3072,vrijgeven,0,MM0 C=2:-1
4.3072,vrijgeven,0,MM1 C=5:8
4.3279,vrijgeven,0,"#55,YAW,1.35,GYRO,0,6,0,ACC,-1,-1,251,ADC,1291,504,4,2,"
4.3279,vrijgeven,0,MM0 ?D
4.3279,vrijgeven,0,MM1 ?D
4.3279,vrijgeven,0,MM0 D=34
4.3279,vrijgeven,0,MM1 D=18
4.3487,vrijgeven,0,"#56,YAW,1.35,GYRO,-1,5,0,ACC,1,-1,251,ADC,1258,498,6,2,"
4.3488,vrijgeven,0,MM1 ?FF
4.3488,vrijgeven,0,MM0 ?FF
4.3488,vrijgeven,0,MM1 FF=0
4.3488,vrijgeven,0,MM0 FF=0
4.3825,vrijgeven,0,MM0 !M 0 0
4.3825,vrijgeven,0,MM1 !M 0 0
4.3825,vrijgeven,0,MM0 +
4.3826,vrijgeven,0,MM1 +
4.3826,vrijgeven,0,"#57,YAW,1.35,GYRO,1,6,-1,ACC,4,0,256,ADC,1274,499,6,1,"
4.3826,vrijgeven,0,MM0 ?P
4.3826,vrijgeven,0,MM1 ?P
4.3826,vrijgeven,0,MM0 P=0:0
4.3826,vrijgeven,0,MM1 P=0:0
4.4041,vrijgeven,0,"#58,YAW,1.35,GYRO,1,8,-1,ACC,0,-1,249,ADC,1261,501,6,3,"
4.4041,vrijgeven,0,MM0 ?S
4.4041,vrijgeven,0,MM1 ?S
4.4041,vrijgeven,0,MM0 S=0:0
4.4041,vrijgeven,0,MM1 S=0:0
4.4041,vrijgeven,0,"#59,YAW,1.35,GYRO,1,6,0,ACC,2,-1,254,ADC,1296,499,5,1,"
4.4250,vrijgeven,0,MM0 ?T
4.4251,vrijgeven,0,MM1 ?T
4.4251,vrijgeven,0,MM0 T=34:34
4.4251,vrijgeven,0,MM1 T=35:33
4.4251,vrijgeven,0,"#60,YAW,1.35,GYRO,1,7,1,ACC,1,0,256,ADC,1241,386,6,2,"
4.4251,vrijgeven,0,MM0 ?V
4.4251,vrijgeven,0,MM1 ?V
4.4459,vrijgeven,0,MM0 V=120:222:4905
4.4459,vrijgeven,0,MM1 V=120:222:4898
4.4459,vrijgeven,0,"#61,YAW,1.35,GYRO,0,6,0,ACC,1,-1,250,ADC,1259,385,8,2,"
4.4460,vrijgeven,0,MM1 ?CR
4.4460,vrijgeven,0,MM0 ?CR
4.4810,vrijgeven,0,MM1 CR=0:0
4.4810,vrijgeven,0,MM0 CR=0:0
4.4810,vrijgeven,0,MM1 !M 0 0
4.4810,vrijgeven,0,MM0 !M 0 0
4.4810,vrijgeven,0,MM1 +
4.4811,vrijgeven,0,MM0 +
4.4811,vrijgeven,0,"#62,YAW,1.35,GYRO,1,5,0,ACC,-1,-1,251,ADC,1238,385,6,2,"
4.4811,vrijgeven,0,MM1 ?A
4.4811,vrijgeven,0,MM0 ?A
4.4811,vrijgeven,0,MM1 A=0:0
4.4811,vrijgeven,0,MM0 A=0:0
4.5013,vrijgeven,0,"#63,YAW,1.35,GYRO,-1,6,1,ACC,2,1,253,ADC,1233,380,6,2,"
4.5013,vrijgeven,0,"$GPRMC,103639.4,A,5050.50499,N,00419.39000,E,000.56,116.7,021026,000.4,E*54"
4.5013,vrijgeven,0,MM0 ?AI
4.5013,vrijgeven,0,MM1 ?AI
4.5013,vrijgeven,0,MM0 AI=0:0:2461:2472:0:0
4.5014,vrijgeven,0,MM1 AI=0:0:2368:2376:0:0
4.5221,vrijgeven,0,"#64,YAW,1.35,GYRO,1,3,-1,ACC,1,2,252,ADC,1234,380,4,2,"
4.5221,vrijgeven,0,MM0 ?C
4.5221,vrijgeven,0,MM1 ?C
4.5221,vrijgeven,0,MM0 C=2:-1
4.5222,vrijgeven,0,MM1 C=5:8
4.5432,vrijgeven,0,"#65,YAW,1.38,GYRO,1,5,0,ACC,-1,1,248,ADC,1225,494,7,2,"
4.5432,vrijgeven,0,MM0 ?D
4.5432,vrijgeven,0,MM1 ?D
4.5432,vrijgeven,0,MM0 D=42
4.5432,vrijgeven,0,MM1 D=18
4.5910,vrijgeven,0,"#66,YAW,1.38,GYRO,1,8,0,ACC,-1,1,250,ADC,1258,501,7,2,"
4.5911,vrijgeven,0,MM0 ?FF
4.5911,vrijgeven,0,MM1 ?FF
4.5911,vrijgeven,0,MM0 FF=0
4.5911,vrijgeven,0,MM1 FF=0
4.5911,vrijgeven,0,"#67,YAW,1.38,GYRO,2,4,0,ACC,4,0,252,ADC,1271,388,5,2,"
4.5911,vrijgeven,0,MM0 ?P
4.5911,vrijgeven,0,MM1 ?P
4.5911,vrijgeven,0,MM0 P=0:0
4.5911,vrijgeven,0,MM1 P=0:0
4.5911,vrijgeven,0,MM0 !M 0 0
4.5911,vrijgeven,0,MM1 !M 0 0
4.5911,vrijgeven,0,MM0 +
4.5911,vrijgeven,0,MM1 +
4.5911,vrijgeven,0,"#68,YAW,1.38,GYRO,0,6,0,ACC,0,0,251,ADC,1290,402,6,2,"
4.5911,vrijgeven,0,MM0 ?S
4.5911,vrijgeven,0,MM1 ?S
4.5911,vrijgeven,0,MM0 S=0:0
4.5911,vrijgeven,0,MM1 S=0:0
4.6122,vrijgeven,0,"#69,YAW,1.38,GYRO,0,5,2,ACC,-2,-1,253,ADC,1296,401,6,2,"
4.6123,vrijgeven,0,MM0 ?T
4.6123,vrijgeven,0,MM1 ?T
4.6123,vrijgeven,0,MM0 T=34:34
4.6123,vrijgeven,0,MM1 T=35:33
4.6331,vrijgeven,0,"#70,YAW,1.38,GYRO,0,5,0,ACC,3,0,253,ADC,1274,388,6,2,"
4.6331,vrijgeven,0,MM0 ?V
4.6331,vrijgeven,0,MM1 ?V
4.6331,vrijgeven,0,MM0 V=120:223:4904
4.6331,vrijgeven,0,MM1 V=120:222:4898
4.6538,vrijgeven,0,"#71,YAW,1.38,GYRO,1,5,-1,ACC,1,0,255,ADC,1277,406,4,2,"
4.6539,vrijgeven,0,MM1 ?CR
4.6539,vrijgeven,0,MM0 ?CR
4.6539,vrijgeven,0,MM1 CR=0:0
4.6539,vrijgeven,0,MM0 CR=0:0
4.6876,vrijgeven,0,"#72,YAW,1.38,GYRO,1,4,1,ACC,-2,3,254,ADC,1263,400,5,2,"
4.6878,vrijgeven,0,MM0 !M 0 0
4.6878,vrijgeven,0,MM0 +
4.6878,vrijgeven,0,MM1 !M 0 0
4.6878,vrijgeven,0,MM1 +
4.6878,vrijgeven,0,MM1 ?A
4.6878,vrijgeven,0,MM0 ?A
4.6878,vrijgeven,0,MM1 A=0:0
4.6878,vrijgeven,0,MM0 A=0:0
4.6878,vrijgeven,0,"#73,YAW,1.38,GYRO,1,6,1,ACC,2,0,251,ADC,1219,381,5,2,"
4.7101,vrijgeven,0,"$GPRMC,103639.6,A,5050.50506,N,00419.39005,E,000.54,116.7,021026,000.4,E*56"
4.7102,vrijgeven,0,MM1 ?AI
4.7102,vrijgeven,0,MM0 ?AI
4.7102,vrijgeven,0,MM1 AI=0:0:2379:2377:0:0
4.7102,vrijgeven,0,MM0 AI=0:0:2463:2470:0:0
4.7102,vrijgeven,0,"#74,YAW,1.38,GYRO,-1,4,1,ACC,3,1,255,ADC,1244,390,7,2,"
4.7102,vrijgeven,0,MM1 ?C
4.7102,vrijgeven,0,MM0 ?C
4.7102,vrijgeven,0,MM0 C=2:-1
4.7102,vrijgeven,0,MM1 C=5:8
4.7298,vrijgeven,0,"#75,YAW,1.41,GYRO,0,6,0,ACC,0,0,250,ADC,1223,500,8,2,"
4.7299,vrijgeven,0,MM1 ?D
4.7299,vrijgeven,0,MM0 ?D
4.7299,vrijgeven,0,MM1 D=18
4.7299,vrijgeven,0,MM0 D=34
4.7509,vrijgeven,0,"#76,YAW,1.41,GYRO,0,6,-1,ACC,0,-2,249,ADC,1275,404,6,2,"
4.7509,vrijgeven,0,MM1 ?FF
4.7509,vrijgeven,0,MM0 ?FF
4.7510,vrijgeven,0,MM1 FF=0
4.7510,vrijgeven,0,MM0 FF=0
4.7851,vrijgeven,0,MM0 !M 0 0
4.7851,vrijgeven,0,MM1 !M 0 0
4.7851,vrijgeven,0,MM0 +
4.7852,vrijgeven,0,MM1 +
4.7852,vrijgeven,0,"#77,YAW,1.41,GYRO,1,6,1,ACC,-2,1,254,ADC,1280,322,5,1,"
4.7852,vrijgeven,0,MM1 ?P
4.7852,vrijgeven,0,MM0 ?P
4.7852,vrijgeven,0,MM1 P=0:0
4.7852,vrijgeven,0,MM0 P=0:0
4.7852,vrijgeven,0,"#78,YAW,1.41,GYRO,1,5,-1,ACC,4,-1,252,ADC,1245,391,6,2,"
4.7852,vrijgeven,0,MM1 ?S
4.7852,vrijgeven,0,MM0 ?S
4.8059,vrijgeven,0,MM1 S=0:0
4.8060,vrijgeven,0,MM0 S=0:0
4.8060,vrijgeven,0,"#79,YAW,1.41,GYRO,0,6,-1,ACC,-2,0,251,ADC,1272,501,4,2,"
4.8060,vrijgeven,0,MM1 ?T
4.8060,vrijgeven,0,MM0 ?T
4.8271,vrijgeven,0,MM1 T=35:33
4.8271,vrijgeven,0,MM0 T=34:34
4.8271,vrijgeven,0,"#80,YAW,1.41,GYRO,1,6,-1,ACC,-2,-1,252,ADC,1251,401,7,2,"
4.8271,vrijgeven,0,MM1 ?V
4.8271,vrijgeven,0,MM0 ?V
4.8271,vrijgeven,0,MM1 V=120:222:4898
4.8481,vrijgeven,0,MM0 V=120:223:4904
4.8481,vrijgeven,0,"#81,YAW,1.41,GYRO,1,5,0,ACC,0,2,253,ADC,1225,381,4,1,"
4.8482,vrijgeven,0,MM1 ?CR
4.8482,vrijgeven,0,MM0 ?CR
4.8482,vrijgeven,0,MM1 CR=0:0
4.8482,vrijgeven,0,MM0 CR=0:0
4.8820,vrijgeven,0,MM0 !M 0 0
4.8821,vrijgeven,0,MM1 !M 0 0
4.8821,vrijgeven,0,MM0 +
4.8821,vrijgeven,0,MM1 +
4.8821,vrijgeven,0,"#82,YAW,1.41,GYRO,2,6,-1,ACC,3,1,252,ADC,1287,388,6,2,"
4.8821,vrijgeven,0,MM1 ?A
4.8821,vrijgeven,0,MM0 ?A
4.8821,vrijgeven,0,MM1 A=0:0
4.8821,vrijgeven,0,MM0 A=0:0
4.9051,vrijgeven,0,"#83,YAW,1.41,GYRO,3,5,-1,ACC,1,-1,250,ADC,1317,503,5,3,"
4.9052,vrijgeven,0,"$GPRMC,103639.8,A,5050.50511,N,00419.39003,E,000.53,116.7,021026,000.4,E*5F"
4.9052,vrijgeven,0,MM1 ?AI
4.9052,vrijgeven,0,MM0 ?AI
4.9052,vrijgeven,0,MM1 AI=0:0:2370:2393:0:0
4.9052,vrijgeven,0,MM0 AI=0:0:2466:2469:0:0
4.9243,vrijgeven,0,"#84,YAW,1.41,GYRO,1,6,0,ACC,2,1,256,ADC,1228,497,4,1,"
4.9243,vrijgeven,0,MM0 ?C
4.9243,vrijgeven,0,MM1 ?C
4.9243,vrijgeven,0,MM0 C=2:-1
4.9243,vrijgeven,0,MM1 C=5:8
4.9243,vrijgeven,0,"#85,YAW,1.44,GYRO,0,6,1,ACC,0,0,249,ADC,1294,503,4,2,"
4.9450,vrijgeven,0,MM1 ?D
4.9450,vrijgeven,0,MM0 ?D
4.9450,vrijgeven,0,MM1 D=18
4.9450,vrijgeven,0,MM0 D=34
4.9450,vrijgeven,0,"#86,YAW,1.44,GYRO,1,7,-1,ACC,1,-2,252,ADC,1268,390,6,2,"
4.9451,vrijgeven,0,MM1 ?FF
4.9939,vrijgeven,0,MM0 ?FF
4.9940,vrijgeven,0,MM1 FF=0
4.9940,vrijgeven,0,MM0 FF=0
4.9940,vrijgeven,0,"#87,YAW,1.44,GYRO,0,5,0,ACC,-1,2,256,ADC,1271,387,5,2,"
4.9940,vrijgeven,0,MM1 ?P
4.9940,vrijgeven,0,MM0 ?P
4.9940,vrijgeven,0,MM1 P=0:0
4.9940,vrijgeven,0,MM0 P=0:0
4.9940,vrijgeven,0,MM1 !M 0 0
4.9940,vrijgeven,0,MM0 !M 0 0
4.9940,vrijgeven,0,MM1 +
4.9940,vrijgeven,0,MM0 +
4.9940,vrijgeven,0,"#88,YAW,1.44,GYRO,0,5,-1,ACC,-1,0,250,ADC,1237,399,5,2,"
4.9940,vrijgeven,0,MM1 ?S
4.9941,vrijgeven,0,MM0 ?S
4.9941,vrijgeven,0,MM1 S=0:0
4.9941,vrijgeven,0,MM0 S=0:0
5.0148,vrijgeven,0,"#89,YAW,1.44,GYRO,1,5,0,ACC,1,-1,253,ADC,1259,394,4,1,"
5.0148,vrijgeven,0,MM1 ?T
5.0148,vrijgeven,0,MM0 ?T
5.0148,vrijgeven,0,MM1 T=35:33
5.0148,vrijgeven,0,MM0 T=34:34
5.0358,vrijgeven,0,"#90,YAW,1.44,GYRO,2,6,0,ACC,2,-1,255,ADC,1258,394,6,2,"
5.0358,vrijgeven,0,MM1 ?V
5.0358,vrijgeven,0,MM0 ?V
5.0358,vrijgeven,0,MM1 V=120:222:4898
5.0358,vrijgeven,0,MM0 V=120:222:4905
5.0569,heen,0,"#91,YAW,1.44,GYRO,1,5,0,ACC,-1,1,256,ADC,1245,402,6,2,"
5.0569,heen,0,MM0 ?CR
5.0569,heen,0,MM1 ?CR
5.0570,heen,0,MM1 CR=0:0
5.0570,heen,0,MM0 CR=0:0
5.0911,heen,0,"#92,YAW,1.44,GYRO,0,6,1,ACC,1,0,252,ADC,1234,380,6,1,"
5.0911,heen,0,MM1 ?A
5.0912,heen,0,MM0 ?A
5.0912,heen,0,MM1 A=0:0
5.0912,heen,0,MM0 A=0:0
5.0912,heen,0,MM0 !M 0 0
5.0912,heen,0,MM1 !M 0 0
5.0912,heen,0,MM0 +
5.0912,heen,0,MM1 +
5.0912,heen,0,"#93,YAW,1.44,GYRO,-1,5,1,ACC,2,0,251,ADC,1279,388,6,2,"
5.0912,heen,0,MM0 ?AI
5.0912,heen,0,MM1 ?AI
5.1449,heen,0,"$GPRMC,103640.0,A,5050.50517,N,00419.39001,E,000.51,116.7,021026,000.4,E*5F"
5.1449,heen,0,MM0 AI=0:0:2458:2459:0:0
5.1449,heen,0,MM1 AI=0:0:2366:2385:0:0
5.1449,heen,0,"#94,YAW,1.44,GYRO,1,5,-1,ACC,2,0,254,ADC,1292,498,5,3,"
5.1450,heen,0,MM0 ?C
5.1450,heen,0,MM1 ?C
5.1450,heen,0,MM0 C=2:-1
5.1450,heen,0,MM1 C=5:8
5.1450,heen,0,MM0 !M 0 0
5.1450,heen,0,MM1 !M 0 0
5.1450,heen,0,MM0 +
5.1450,heen,0,MM1 +
5.1450,heen,0,"#95,YAW,1.47,GYRO,0,6,2,ACC,1,2,254,ADC,1251,321,8,2,"
5.1450,heen,0,MM0 ?D
5.1450,heen,0,MM1 ?D
5.1450,heen,0,MM0 D=34
5.1450,heen,0,MM1 D=18
5.1450,heen,0,"#96,YAW,1.47,GYRO,0,6,0,ACC,-1,1,253,ADC,1246,497,5,2,"
5.1950,heen,0,MM0 ?FF
5.1950,heen,0,MM1 ?FF
5.1951,heen,0,MM0 FF=0
5.1951,heen,0,MM1 FF=0
5.1951,heen,0,"#97,YAW,1.47,GYRO,0,4,1,ACC,3,1,251,ADC,1239,383,5,2,"
5.1951,heen,0,MM0 ?P
5.1951,heen,0,MM1 ?P
5.1951,heen,0,MM0 P=0:0
5.1951,heen,0,MM1 P=0:0
5.1951,heen,0,MM0 !M 0 0
5.1951,heen,0,MM1 !M 0 0
5.1951,heen,0,MM0 +
5.1951,heen,0,MM1 +
5.1951,heen,0,"#98,YAW,1.47,GYRO,-1,6,1,ACC,0,-1,252,ADC,1243,386,5,2,"
5.1951,heen,0,MM0 ?S
5.1951,heen,0,MM1 ?S
5.1951,heen,0,MM0 S=0:0
5.1951,heen,0,MM1 S=0:0
5.2462,heen,0,"#99,YAW,1.47,GYRO,1,5,0,ACC,2,-1,254,ADC,1215,382,6,2,"
5.2462,heen,0,MM0 ?T
5.2462,heen,0,MM1 ?T
5.2462,heen,0,MM0 T=34:34
5.2462,heen,0,MM1 T=35:33
5.2462,heen,0,MM1 !M 0 0
5.2462,heen,0,MM0 !M 0 0
5.2462,heen,0,MM0 +
5.2462,heen,0,MM1 +
5.2462,heen,0,"#100,YAW,1.47,GYRO,0,5,-1,ACC,2,0,253,ADC,1267,400,7,2,"
5.2462,heen,0,MM1 ?V
5.2462,heen,0,MM0 ?V
5.2462,heen,0,MM1 V=120:222:4898
5.2462,heen,0,MM0 V=120:223:4904
5.2462,heen,0,"#101,YAW,1.47,GYRO,1,5,0,ACC,0,-1,252,ADC,1241,398,5,2,"
5.2463,heen,0,MM0 ?CR
5.2463,heen,0,MM1 ?CR
5.2962,heen,0,MM0 CR=0:0
5.2962,heen,0,MM1 CR=0:0
5.2962,heen,0,"#102,YAW,1.47,GYRO,2,7,0,ACC,-1,-1,248,ADC,1243,500,7,2,"
5.2962,heen,0,MM0 ?A
5.2962,heen,0,MM1 ?A
5.2962,heen,0,MM0 A=0:0
5.2962,heen,0,MM1 A=0:0
5.2963,heen,0,MM0 !M 0 0
5.2963,heen,0,MM1 !M 0 0
5.2963,heen,0,MM0 +
5.2963,heen,0,MM1 +
5.2963,heen,0,"#103,YAW,1.47,GYRO,1,9,1,ACC,2,0,253,ADC,1239,387,7,2,"
5.2963,heen,0,"$GPRMC,103640.2,A,5050.50518,N,00419.38998,E,000.49,116.7,021026,000.4,E*53"
5.2963,heen,0,MM0 ?AI
5.2963,heen,0,MM1 ?AI
5.2963,heen,0,MM0 AI=0:0:2463:2479:0:0
5.3482,heen,0,MM1 AI=0:0:2370:2371:0:0
5.3482,heen,0,"#104,YAW,1.47,GYRO,2,6,0,ACC,2,-1,258,ADC,1238,498,4,2,"
5.3482,heen,0,MM0 ?C
5.3482,heen,0,MM1 ?C
5.3482,heen,0,MM0 C=2:-1
5.3482,heen,0,MM1 C=5:8
5.3482,heen,0,"#105,YAW,1.50,GYRO,0,5,1,ACC,2,-1,256,ADC,1223,499,6,1,"
5.3482,heen,0,MM0 ?D
5.3482,heen,0,MM1 ?D
5.3482,heen,0,MM0 D=34
5.3482,heen,0,MM1 D=18
5.3482,heen,0,MM0 !M 0 0
5.3483,heen,0,MM1 !M 0 0
5.3483,heen,0,MM0 +
5.3483,heen,0,MM1 +
5.3483,heen,0,"#106,YAW,1.50,GYRO,1,7,1,ACC,2,-1,251,ADC,1273,501,7,2,"
5.3483,heen,0,MM0 ?FF
5.3483,heen,0,MM1 ?FF
5.3483,heen,0,MM0 FF=0
5.3483,heen,0,MM1 FF=0
5.3500,heen,0,DOEL heen 3.0000 r=0.13360
5.3969,heen,0,"#107,YAW,1.50,GYRO,1,9,0,ACC,-1,2,252,ADC,1215,383,5,2,"
5.3970,heen,0,MM0 ?P
5.3970,heen,0,MM1 ?P
5.3970,heen,0,MM0 P=0:0
5.3970,heen,0,MM1 P=0:0
5.3970,heen,0,MM0 !M 0 0
5.3970,heen,0,MM1 !M 0 0
5.3970,heen,0,MM0 +
5.3970,heen,0,MM1 +
5.3972,heen,0,"#108,YAW,1.50,GYRO,0,6,0,ACC,2,-1,250,ADC,1228,384,4,1,"
5.3972,heen,0,MM0 ?S
5.3972,heen,0,MM1 ?S
5.3972,heen,0,MM0 S=0:0
5.3972,heen,0,MM1 S=0:0
5.4490,heen,8,"#109,YAW,1.50,GYRO,0,5,1,ACC,-1,-1,250,ADC,1265,381,5,1,"
5.4491,heen,8,MM0 ?T
5.4491,heen,8,MM1 ?T
5.4491,heen,8,MM0 T=34:34
5.4491,heen,8,MM1 T=35:33
5.4491,heen,8,"#110,YAW,1.50,GYRO,0,6,0,ACC,3,1,255,ADC,1227,387,4,2,"
5.4491,heen,8,MM0 ?V
5.4491,heen,8,MM1 ?V
5.4491,heen,8,MM0 V=120:223:4904
5.4491,heen,8,MM1 V=120:221:4898
5.4491,heen,8,MM0 !M 8 -8
5.4491,heen,8,MM1 !M 8 -8
5.4491,heen,8,MM0 +
5.4491,heen,8,MM1 +
5.4491,heen,8,"#111,YAW,1.50,GYRO,2,6,0,ACC,-1,-1,253,ADC,1310,416,6,2,"
5.4491,heen,8,MM0 ?CR
5.4491,heen,8,MM1 ?CR
5.4491,heen,8,MM0 CR=0:0
5.4491,heen,8,MM1 CR=0:0
5.4980,heen,16,"#112,YAW,1.50,GYRO,2,6,0,ACC,-2,1,256,ADC,1266,402,6,2,"
5.4980,heen,16,MM0 ?A
5.4980,heen,16,MM1 ?A
5.4980,heen,16,MM0 A=0:0
5.4980,heen,16,MM1 A=0:0
5.4980,heen,16,MM0 !M 16 -16
5.4980,heen,16,MM1 !M 16 -16
5.4980,heen,16,MM0 +
5.4980,heen,16,MM1 +
5.4980,heen,16,"#113,YAW,1.50,GYRO,0,4,0,ACC,2,-1,252,ADC,1266,500,6,2,"
5.4980,heen,16,"$GPRMC,103640.4,A,5050.50519,N,00419.38996,E,000.47,116.7,021026,000.4,E*54"
5.4980,heen,16,MM0 ?AI
5.4980,heen,16,MM1 ?AI
5.4980,heen,16,MM0 AI=0:0:2495:2429:0:0
5.4980,heen,16,MM1 AI=0:0:2374:2372:0:0
5.5489,heen,25,"#114,YAW,1.50,GYRO,1,0,3,ACC,1,-1,254,ADC,1244,502,7,2,"
5.5489,heen,25,MM0 ?C
5.5489,heen,25,MM1 ?C
5.5489,heen,25,MM0 C=2:-2
5.5490,heen,25,MM1 C=5:8
5.5490,heen,25,"#115,YAW,1.52,GYRO,-1,10,0,ACC,0,1,255,ADC,1283,501,8,2,"
5.5490,heen,25,MM0 ?D
5.5490,heen,25,MM1 ?D
5.5490,heen,25,MM0 D=58
5.5490,heen,25,MM1 D=18
5.5490,heen,25,MM0 !M 25 -25
5.5490,heen,25,MM1 !M 25 -25
5.5490,heen,25,MM0 +
5.5490,heen,25,MM1 +
5.5490,heen,25,"#116,YAW,1.52,GYRO,0,-4,1,ACC,5,0,254,ADC,1223,383,4,2,"
5.5490,heen,25,MM0 ?FF
5.5490,heen,25,MM1 ?FF
5.5490,heen,25,MM0 FF=0
5.5490,heen,25,MM1 FF=0
5.5989,heen,33,"#117,YAW,1.52,GYRO,2,15,0,ACC,3,1,250,ADC,1266,383,4,3,"
5.5989,heen,33,MM0 ?P
5.5989,heen,33,MM1 ?P
5.5989,heen,33,MM0 P=25:-25
5.5989,heen,33,MM1 P=25:-25
5.5989,heen,33,MM1 !M 33 -33
5.5989,heen,33,MM0 !M 33 -33
5.5989,heen,33,MM1 +
5.5990,heen,33,MM0 +
5.5990,heen,33,"#118,YAW,1.52,GYRO,0,-2,0,ACC,3,-1,254,ADC,1256,388,5,2,"
5.5990,heen,33,MM0 ?S
5.5990,heen,33,MM1 ?S
5.5990,heen,33,MM0 S=0:0
5.5990,heen,33,MM1 S=0:0
5.6511,heen,42,"#119,YAW,1.52,GYRO,0,1,1,ACC,1,-1,246,ADC,1241,397,7,2,"
5.6511,heen,42,MM0 ?T
5.6512,heen,42,MM1 ?T
5.6512,heen,42,MM0 T=34:34
5.6512,heen,42,MM1 T=35:33
5.6512,heen,42,"#120,YAW,1.53,GYRO,1,10,0,ACC,0,4,257,ADC,1243,500,9,2,"
5.6512,heen,42,MM0 ?V
5.6512,heen,42,MM1 ?V
5.6512,heen,42,MM0 V=120:223:4905
5.6512,heen,42,MM1 V=120:222:4899
5.6512,heen,42,MM0 !M 42 -42
5.6512,heen,42,MM1 !M 42 -42
5.6512,heen,42,MM0 +
5.6512,heen,42,MM1 +
5.6512,heen,42,"#121,YAW,1.53,GYRO,2,2,-1,ACC,2,0,254,ADC,1300,500,4,2,"
5.6512,heen,42,MM0 ?CR
5.6512,heen,42,MM1 ?CR
5.6512,heen,42,MM0 CR=0:-1
5.6512,heen,42,MM1 CR=0:0
5.7003,heen,50,"#122,YAW,1.53,GYRO,-1,1,-4,ACC,2,-3,256,ADC,1234,399,8,2,"
5.7003,heen,50,MM0 ?A
5.7003,heen,50,MM1 ?A
5.7003,heen,50,MM0 A=0:0
5.7003,heen,50,MM1 A=0:0
5.7003,heen,50,MM1 !M 50 -50
5.7003,heen,50,MM0 !M 50 -50
5.7003,heen,50,MM1 +
5.7004,heen,50,MM0 +
5.7004,heen,50,"#123,YAW,1.53,GYRO,-1,7,-16,ACC,8,0,254,ADC,1211,383,4,2,"
5.7004,heen,50,"$GPRMC,103640.6,A,5050.50518,N,00419.38991,E,000.45,116.7,021026,000.4,E*52"
5.7004,heen,50,MM0 ?AI
5.7004,heen,50,MM1 ?AI
5.7004,heen,50,MM0 AI=0:0:2454:2448:0:0
5.7004,heen,50,MM1 AI=0:0:2361:2384:0:0
5.7509,heen,58,"#124,YAW,1.53,GYRO,-2,2,-11,ACC,7,2,253,ADC,1292,432,5,2,"
5.7509,heen,58,MM0 ?C
5.7509,heen,58,MM1 ?C
5.7509,heen,58,MM0 C=3:-2
5.7509,heen,58,MM1 C=6:8
5.7509,heen,58,"#125,YAW,1.55,GYRO,-1,9,4,ACC,11,1,258,ADC,1258,391,8,2,"
5.7510,heen,58,MM0 ?D
5.7510,heen,58,MM1 ?D
5.7510,heen,58,MM0 D=56
5.7510,heen,58,MM1 D=16
5.7510,heen,58,MM1 !M 58 -58
5.7510,heen,58,MM0 !M 58 -58
5.7510,heen,58,MM1 +
5.7510,heen,58,MM0 +
5.7510,heen,58,"#126,YAW,1.55,GYRO,-2,-1,14,ACC,18,0,253,ADC,1229,385,5,2,"
5.7510,heen,58,MM0 ?FF
5.7510,heen,58,MM1 ?FF
5.7510,heen,58,MM0 FF=0
5.7510,heen,58,MM1 FF=0
5.8010,heen,67,"#127,YAW,1.55,GYRO,-4,2,18,ACC,15,0,256,ADC,1273,500,5,2,"
5.8011,heen,67,MM0 ?P
5.8011,heen,67,MM1 ?P
5.8011,heen,67,MM0 P=58:-58
5.8011,heen,67,MM1 P=58:-58
5.8011,heen,67,MM1 !M 67 -67
5.8011,heen,67,MM0 !M 67 -67
5.8011,heen,67,MM1 +
5.8011,heen,67,MM0 +
5.8011,heen,67,"#128,YAW,1.55,GYRO,-3,14,14,ACC,1,-1,253,ADC,1259,385,6,2,"
5.8011,heen,67,MM0 ?S
5.8011,heen,67,MM1 ?S
5.8011,heen,67,MM0 S=0:0
5.8011,heen,67,MM1 S=0:0
5.8539,heen,75,"#129,YAW,1.55,GYRO,-6,-17,-3,ACC,1,1,252,ADC,1267,392,7,2,"
5.8539,heen,75,MM0 ?T
5.8540,heen,75,MM1 ?T
5.8540,heen,75,MM0 T=35:34
5.8540,heen,75,MM1 T=35:33
5.8540,heen,75,"#130,YAW,1.55,GYRO,-2,15,-32,ACC,4,1,253,ADC,1262,502,6,2,"
5.8540,heen,75,MM0 ?V
5.8540,heen,75,MM1 ?V
5.8540,heen,75,MM0 V=120:222:4903
5.8540,heen,75,MM1 V=120:221:4897
5.8540,heen,75,MM0 !M 75 -75
5.8540,heen,75,MM1 !M 75 -75
5.8540,heen,75,MM0 +
5.8540,heen,75,MM1 +
5.8540,heen,75,"#131,YAW,1.55,GYRO,-6,-13,-19,ACC,12,1,257,ADC,1266,389,4,1,"
5.8540,heen,75,MM0 ?CR
5.8540,heen,75,MM1 ?CR
5.8540,heen,75,MM0 CR=3:-2
5.8540,heen,75,MM1 CR=3:-3
5.9022,heen,84,"#132,YAW,1.55,GYRO,-2,-9,8,ACC,5,0,241,ADC,1261,399,6,2,"
5.9023,heen,84,MM0 ?A
5.9023,heen,84,MM1 ?A
5.9023,heen,84,MM0 A=0:-4
5.9023,heen,84,MM1 A=5:0
5.9023,heen,84,MM1 !M 84 -84
5.9023,heen,84,MM0 !M 84 -84
5.9023,heen,84,MM1 +
5.9023,heen,84,MM0 +
5.9023,heen,84,"#133,YAW,1.55,GYRO,-3,13,23,ACC,1,-3,252,ADC,1268,392,5,2,"
5.9023,heen,84,"$GPRMC,103640.8,A,5050.50519,N,00419.38986,E,000.43,116.7,021026,000.4,E*5D"
5.9023,heen,84,MM0 ?AI
5.9023,heen,84,MM1 ?AI
5.9023,heen,84,MM0 AI=0:0:2458:2446:0:0
5.9023,heen,84,MM1 AI=0:0:2365:2447:0:0
5.9533,heen,92,"#134,YAW,1.55,GYRO,-6,-17,-1,ACC,10,-1,264,ADC,1257,500,6,2,"
5.9533,heen,92,MM0 ?C
5.9533,heen,92,MM1 ?C
5.9533,heen,92,MM0 C=7:-6
5.9534,heen,92,MM1 C=10:4
5.9534,heen,92,"#135,YAW,1.57,GYRO,-9,-12,4,ACC,8,-1,242,ADC,1274,499,4,1,"
5.9534,heen,92,MM0 ?D
5.9534,heen,92,MM1 ?D
5.9534,heen,92,MM0 D=25
5.9534,heen,92,MM1 D=0
5.9534,heen,92,MM1 !M 92 -92
5.9534,heen,92,MM0 !M 92 -92
5.9534,heen,92,MM1 +
5.9534,heen,92,MM0 +
5.9534,heen,92,"#136,YAW,1.58,GYRO,-3,14,-4,ACC,11,-1,250,ADC,1223,407,7,2,"
5.9534,heen,92,MM0 ?FF
5.9534,heen,92,MM1 ?FF
5.9534,heen,92,MM0 FF=0
5.9534,heen,92,MM1 FF=0
6.0031,heen,100,"#137,YAW,1.58,GYRO,-14,-12,-12,ACC,16,-3,266,ADC,1253,500,5,2,"
6.0031,heen,100,MM0 ?P
6.0031,heen,100,MM1 ?P
6.0031,heen,100,MM0 P=92:-92
6.0031,heen,100,MM1 P=92:-92
6.0031,heen,100,MM0 !M 100 -100
6.0031,heen,100,MM1 !M 100 -100
6.0031,heen,100,MM0 +
6.0032,heen,100,MM1 +
6.0032,heen,100,"#138,YAW,1.58,GYRO,-5,19,9,ACC,13,-2,247,ADC,1241,316,4,2,"
6.0032,heen,100,MM0 ?S
6.0032,heen,100,MM1 ?S
6.0032,heen,100,MM0 S=75:-75
6.0032,heen,100,MM1 S=0:0
6.0594,heen,117,"#139,YAW,1.58,GYRO,-13,11,-1,ACC,22,1,257,ADC,1225,389,6,3,"
6.0594,heen,117,MM0 ?T
6.0594,heen,117,MM1 ?T
6.0594,heen,117,MM0 T=34:34
6.0594,heen,117,MM1 T=35:33
6.0594,heen,117,"#140,YAW,1.58,GYRO,-3,0,15,ACC,18,-4,243,ADC,1282,385,5,2,"
6.0594,heen,117,MM0 ?V
6.0594,heen,117,MM1 ?V
6.0594,heen,117,MM0 V=120:222:4904
6.0594,heen,117,MM1 V=120:221:4898
6.0594,heen,117,MM1 !M 109 -109
6.0594,heen,117,MM0 !M 109 -109
6.0594,heen,117,MM1 +
6.0594,heen,117,MM0 +
6.0594,heen,117,"#141,YAW,1.58,GYRO,-11,22,0,ACC,33,-8,277,ADC,1241,384,6,2,"
6.0594,heen,117,MM0 ?CR
6.0594,heen,117,MM1 ?CR
6.0595,heen,117,MM0 CR=8:-8
6.0595,heen,117,MM1 CR=7:-7
6.0941,heen,117,"#142,YAW,1.58,GYRO,-3,11,2,ACC,13,-6,242,ADC,1253,383,6,1,"
6.0941,heen,117,MM0 ?A
6.0941,heen,117,MM1 ?A
6.0941,heen,117,MM0 A=5:-4
6.0941,heen,117,MM1 A=5:-4
6.0941,heen,117,"#143,YAW,1.58,GYRO,-4,-25,8,ACC,29,-3,246,ADC,1240,499,6,1,"
6.0941,heen,117,MM0 ?AI
6.0941,heen,117,MM1 ?AI
6.0941,heen,117,"$GPRMC,103641.0,A,5050.50517,N,00419.38989,E,000.41,116.7,021026,000.4,E*57"
6.1150,heen,126,MM0 AI=0:0:2462:2459:0:0
6.1150,heen,126,MM1 AI=0:0:2388:2417:0:0
6.1150,heen,126,"#144,YAW,1.58,GYRO,0,23,-3,ACC,20,0,249,ADC,1246,398,6,2,"
6.1151,heen,126,MM0 ?C
6.1151,heen,126,MM1 ?C
6.1151,heen,126,MM0 C=17:-15
6.1151,heen,126,MM1 C=19:-6
6.1151,heen,126,MM0 !M 117 -117
6.1489,heen,126,MM1 !M 117 -117
6.1489,heen,126,MM0 +
6.1489,heen,126,MM1 +
6.1489,heen,126,MM0 PING
6.1489,heen,126,MM1 PING
6.1489,heen,126,"#145,YAW,1.60,GYRO,6,6,2,ACC,17,0,269,ADC,1271,364,4,2,"
6.1489,heen,126,MM0 ?D
6.1489,heen,126,MM1 ?D
6.1489,heen,126,MM0 D=34
6.1489,heen,126,MM1 D=50
6.1489,heen,126,MM0 !M 126 -126
6.1489,heen,126,MM1 !M 126 -126
6.1489,heen,126,MM0 +
6.1489,heen,126,MM1 +
6.1490,heen,126,"#146,YAW,1.60,GYRO,-5,-31,5,ACC,41,-1,258,ADC,1256,384,6,2,"
6.1490,heen,126,MM0 ?FF
6.1490,heen,126,MM1 ?FF
6.1490,heen,126,MM0 FF=0
6.1490,heen,126,MM1 FF=0
6.1699,heen,134,"#147,YAW,1.60,GYRO,2,20,-3,ACC,33,-5,247,ADC,1244,382,6,2,"
6.1699,heen,134,MM0 ?P
6.1699,heen,134,MM1 ?P
6.1699,heen,134,MM0 P=126:-126
6.1699,heen,134,MM1 P=126:-126
6.2041,heen,134,MM0 !M 134 -134
6.2041,heen,134,MM1 !M 134 -134
6.2041,heen,134,MM0 +
6.2041,heen,134,MM1 +
6.2041,heen,134,"#148,YAW,1.60,GYRO,-4,24,-19,ACC,24,-1,262,ADC,1275,310,4,2,"
6.2041,heen,134,MM0 ?S
6.2042,heen,134,MM1 ?S
6.2042,heen,134,MM0 S=75:-75
6.2042,heen,134,MM1 S=75:-75
6.2559,heen,143,"#149,YAW,1.60,GYRO,-14,-8,-30,ACC,19,-1,269,ADC,1259,499,5,2,"
6.2559,heen,143,MM0 ?T
6.2559,heen,143,MM1 ?T
6.2559,heen,143,MM0 T=34:34
6.2559,heen,143,MM1 T=35:33
6.2559,heen,143,"#150,YAW,1.60,GYRO,6,11,-15,ACC,13,-9,230,ADC,1263,385,4,2,"
6.2560,heen,143,MM0 ?V
6.2560,heen,143,MM1 ?V
6.2560,heen,143,MM0 V=120:222:4904
6.2560,heen,143,MM1 V=120:223:4897
6.2560,heen,143,"#151,YAW,1.60,GYRO,1,12,7,ACC,11,-13,257,ADC,1219,381,5,2,"
6.2560,heen,143,MM0 ?CR
6.2560,heen,143,MM1 ?CR
6.2560,heen,143,MM0 CR=17:-17
6.2560,heen,143,MM1 CR=18:-17
6.3073,heen,151,"#152,YAW,1.60,GYRO,27,40,23,ACC,19,-3,268,ADC,1224,381,6,2,"
6.3074,heen,151,MM0 ?A
6.3074,heen,151,MM1 ?A
6.3074,heen,151,MM0 A=5:-4
6.3074,heen,151,MM1 A=5:-4
6.3074,heen,151,MM0 !M 143 -143
6.3074,heen,151,MM1 !M 143 -143
6.3074,heen,151,MM0 +
6.3074,heen,151,MM1 +
6.3074,heen,151,MM0 PING
6.3074,heen,151,MM1 PING
6.3074,heen,151,"#153,YAW,1.60,GYRO,10,-19,24,ACC,14,1,260,ADC,1255,383,6,2,"
6.3074,heen,151,MM0 !M 151 -151
6.3074,heen,151,MM0 +
6.3074,heen,151,MM1 !M 151 -151
6.3074,heen,151,MM1 +
6.3074,heen,151,"$GPRMC,103641.2,A,5050.50515,N,00419.38995,E,000.40,116.7,021026,000.4,E*5B"
6.3074,heen,151,MM0 ?AI
6.3074,heen,151,MM1 ?AI
6.3074,heen,151,MM0 AI=0:0:2442:2539:0:0
6.3074,heen,151,MM1 AI=0:0:2382:2385:0:0
6.3074,heen,151,"#154,YAW,1.60,GYRO,2,7,12,ACC,19,5,225,ADC,1226,279,5,2,"
6.3075,heen,151,MM0 ?C
6.3579,heen,160,MM1 ?C
6.3579,heen,160,MM0 C=37:-36
6.3580,heen,160,MM1 C=39:-26
6.3580,heen,160,"#155,YAW,1.62,GYRO,8,11,9,ACC,14,2,258,ADC,1253,390,6,2,"
6.3580,heen,160,MM0 ?D
6.3580,heen,160,MM1 ?D
6.3580,heen,160,MM0 D=57
6.3580,heen,160,MM1 D=16
6.3580,heen,160,MM0 !M 160 -160
6.3580,heen,160,MM1 !M 160 -160
6.3580,heen,160,MM0 +
6.3580,heen,160,MM1 +
6.3580,heen,160,"#156,YAW,1.62,GYRO,7,-20,6,ACC,23,-8,250,ADC,1238,381,7,2,"
6.3580,heen,160,MM0 ?FF
6.3580,heen,160,MM1 ?FF
6.3580,heen,160,MM0 FF=0
6.3580,heen,160,MM1 FF=0
6.4084,heen,168,"#157,YAW,1.62,GYRO,32,-38,9,ACC,22,-7,243,ADC,1250,503,5,2,"
6.4084,heen,168,MM0 ?P
6.4084,heen,168,MM1 ?P
6.4084,heen,168,MM0 P=160:-160
6.4084,heen,168,MM1 P=160:-160
6.4084,heen,168,"#158,YAW,1.62,GYRO,8,70,-8,ACC,29,6,267,ADC,1277,396,6,1,"
6.4084,heen,168,MM0 ?S
6.4084,heen,168,MM1 ?S
6.4084,heen,168,MM0 S=150:-75
6.4084,heen,168,MM1 S=75:-75
6.4084,heen,168,MM0 !M 168 -168
6.4084,heen,168,MM1 !M 168 -168
6.4085,heen,168,MM0 +
6.4085,heen,168,MM1 +
6.4085,heen,168,"#159,YAW,1.62,GYRO,22,0,-14,ACC,6,11,258,ADC,1274,389,8,2,"
6.4085,heen,168,MM0 ?T
6.4085,heen,168,MM1 ?T
6.4085,heen,168,MM0 T=35:34
6.4085,heen,168,MM1 T=35:33
6.4595,heen,176,"#160,YAW,1.62,GYRO,34,2,-5,ACC,6,-1,267,ADC,1276,387,5,2,"
6.4595,heen,176,MM0 ?V
6.4595,heen,176,MM1 ?V
6.4595,heen,176,MM0 V=120:221:4904
6.4595,heen,176,MM1 V=120:221:4896
6.4595,heen,176,MM0 !M 176 -176
6.4596,heen,176,MM1 !M 176 -176
6.4596,heen,176,MM0 +
6.4596,heen,176,MM1 +
6.4596,heen,176,"#161,YAW,1.62,GYRO,11,39,5,ACC,17,-12,251,ADC,1253,397,5,2,"
6.4596,heen,176,MM0 ?CR
6.4596,heen,176,MM1 ?CR
6.4596,heen,176,MM0 CR=27:-26
6.4596,heen,176,MM1 CR=26:-26
6.5087,heen,185,"#162,YAW,1.62,GYRO,-23,21,5,ACC,25,4,229,ADC,1259,500,6,2,"
6.5088,heen,185,MM0 ?A
6.5088,heen,185,MM1 ?A
6.5088,heen,185,MM0 A=5:-9
6.5088,heen,185,MM1 A=10:-9
6.5088,heen,185,"#163,YAW,1.62,GYRO,2,61,12,ACC,18,8,217,ADC,1259,387,7,2,"
6.5088,heen,185,MM1 ?AI
6.5088,heen,185,MM0 ?AI
6.5088,heen,185,"$GPRMC,103641.4,A,5050.50515,N,00419.39003,E,000.39,116.7,021026,000.4,E*54"
6.5088,heen,185,MM1 AI=0:0:2376:2365:0:0
6.5088,heen,185,MM0 AI=0:0:2444:2476:0:0
6.5088,heen,185,MM1 !M 185 -185
6.5088,heen,185,MM0 !M 185 -185
6.5088,heen,185,MM1 +
6.5088,heen,185,MM0 +
6.5088,heen,185,"#164,YAW,1.62,GYRO,-12,-1,9,ACC,25,-3,276,ADC,1247,332,6,2,"
6.5088,heen,185,MM0 ?C
6.5088,heen,185,MM1 ?C
6.5088,heen,185,MM0 C=67:-65
6.5298,heen,193,MM1 C=68:-55
6.5299,heen,193,"#165,YAW,1.64,GYRO,18,-41,11,ACC,9,-4,278,ADC,1239,391,7,1,"
6.5299,heen,193,MM0 ?D
6.5299,heen,193,MM1 ?D
6.5299,heen,193,MM0 D=10
6.5299,heen,193,MM1 D=35
6.5648,heen,202,MM1 !M 193 -193
6.5648,heen,202,MM0 !M 193 -193
6.5648,heen,202,MM1 +
6.5648,heen,202,MM0 +
6.5648,heen,202,"#166,YAW,1.64,GYRO,-29,-37,-16,ACC,14,17,277,ADC,1258,359,4,2,"
6.5648,heen,202,MM1 ?FF
6.5649,heen,202,MM0 ?FF
6.5649,heen,202,MM1 FF=0
6.5649,heen,202,MM0 FF=0
6.5649,heen,202,"#167,YAW,1.64,GYRO,9,-11,-22,ACC,7,8,261,ADC,1286,503,5,2,"
6.5649,heen,202,MM0 ?P
6.5989,heen,202,MM1 ?P
6.5989,heen,202,MM0 P=193:-193
6.5989,heen,202,MM1 P=193:-193
6.5989,heen,202,MM0 !M 202 -202
6.5989,heen,202,MM1 !M 202 -202
6.5989,heen,202,MM0 +
6.5989,heen,202,MM1 +
6.5989,heen,202,"#168,YAW,1.64,GYRO,-59,-79,-31,ACC,16,10,253,ADC,1274,500,4,1,"
6.5990,heen,202,MM0 ?S
6.5990,heen,202,MM1 ?S
6.5990,heen,202,MM0 S=150:-150
6.5990,heen,202,MM1 S=150:-150
6.6199,heen,210,"#169,YAW,1.64,GYRO,-44,-25,-26,ACC,25,-2,210,ADC,1249,390,5,1,"
6.6199,heen,210,MM0 ?T
6.6199,heen,210,MM1 ?T
6.6199,heen,210,MM0 T=35:34
6.6200,heen,210,MM1 T=35:33
6.6410,heen,210,"#170,YAW,1.64,GYRO,1,62,-2,ACC,21,-25,240,ADC,1261,382,4,2,"
6.6410,heen,210,MM0 ?V
6.6410,heen,210,MM1 ?V
6.6410,heen,210,MM0 V=120:220:4904
6.6410,heen,210,MM1 V=120:220:4897
6.6410,heen,210,MM0 !M 210 -210
6.6410,heen,210,MM1 !M 210 -210
6.6410,heen,210,MM0 +
6.6410,heen,210,MM1 +
6.6620,heen,210,"#171,YAW,1.64,GYRO,42,-54,24,ACC,18,-18,254,ADC,1245,336,5,2,"
6.6620,heen,210,MM1 ?CR
6.6620,heen,210,MM0 ?CR
6.6620,heen,210,MM1 CR=36:-35
6.6620,heen,210,MM0 CR=36:-36
6.6836,heen,218,"#172,YAW,1.64,GYRO,23,14,-3,ACC,-5,14,313,ADC,1303,392,7,1,"
6.6837,heen,218,MM0 ?A
6.6837,heen,218,MM1 ?A
6.6837,heen,218,MM0 A=9:-8
6.6837,heen,218,MM1 A=9:-8
6.7231,heen,227,"#173,YAW,1.64,GYRO,80,23,-15,ACC,30,4,230,ADC,1248,386,7,2,"
6.7232,heen,227,"$GPRMC,103641.6,A,5050.50523,N,00419.39020,E,000.39,116.7,021026,000.4,E*52"
6.7232,heen,227,MM1 ?AI
6.7232,heen,227,MM0 ?AI
6.7232,heen,227,MM1 AI=0:0:2370:2365:0:0
6.7232,heen,227,MM0 AI=0:0:2446:2483:0:0
6.7232,heen,227,"#174,YAW,1.64,GYRO,-19,-34,-26,ACC,8,1,262,ADC,1233,383,6,2,"
6.7232,heen,227,MM1 ?C
6.7232,heen,227,MM0 ?C
6.7232,heen,227,MM0 C=105:-103
6.7232,heen,227,MM1 C=107:-93
6.7471,heen,227,"#175,YAW,1.66,GYRO,-40,33,-21,ACC,6,13,229,ADC,1246,386,5,2,"
6.7471,heen,227,MM1 ?D
6.7471,heen,227,MM0 ?D
6.7471,heen,227,MM0 D=19
6.7471,heen,227,MM1 D=1
6.7471,heen,227,MM0 !M 218 -218
6.7471,heen,227,MM1 !M 218 -218
6.7471,heen,227,MM0 +
6.7471,heen,227,MM1 +
6.7471,heen,227,MM1 PING
6.7471,heen,227,MM0 PING
6.7471,heen,227,MM1 !M 227 -227
6.7471,heen,227,MM0 !M 227 -227
6.7653,heen,235,MM1 +
6.7653,heen,235,MM0 +
6.7653,heen,235,"#176,YAW,1.66,GYRO,-8,91,5,ACC,27,0,178,ADC,1257,296,4,2,"
6.7653,heen,235,MM1 ?FF
6.7653,heen,235,MM0 ?FF
6.7653,heen,235,MM1 FF=0
6.7653,heen,235,MM0 FF=0
6.7653,heen,235,"#177,YAW,1.66,GYRO,43,-66,41,ACC,28,-25,326,ADC,1258,383,5,2,"
6.7653,heen,235,MM1 ?P
6.8119,heen,235,MM0 ?P
6.8120,heen,235,MM1 P=227:-227
6.8120,heen,235,MM0 P=227:-227
6.8120,heen,235,"#178,YAW,1.66,GYRO,-36,-49,25,ACC,-6,5,339,ADC,1265,500,6,2,"
6.8120,heen,235,MM1 ?S
6.8120,heen,235,MM0 ?S
6.8120,heen,235,MM1 S=150:-150
6.8120,heen,235,MM0 S=225:-225
6.8120,heen,235,"#179,YAW,1.66,GYRO,54,63,17,ACC,12,-6,219,ADC,1257,500,6,2,"
6.8120,heen,235,MM1 ?T
6.8120,heen,235,MM0 ?T
6.8120,heen,235,MM1 T=36:33
6.8120,heen,235,MM0 T=35:34
6.8692,heen,250,"#180,YAW,1.66,GYRO,-94,-9,-8,ACC,28,18,195,ADC,1225,383,5,2,"
6.8693,heen,250,MM0 ?V
6.8693,heen,250,MM1 ?V
6.8693,heen,250,MM1 V=120:221:4898
6.8693,heen,250,MM0 V=120:222:4903
6.8693,heen,250,MM1 !M 234 -236
6.8693,heen,250,MM0 !M 234 -236
6.8693,heen,250,MM1 +
6.8693,heen,250,MM0 +
6.8693,heen,250,MM0 PING
6.8693,heen,250,MM1 PING
6.8693,heen,250,"#181,YAW,1.66,GYRO,11,89,-4,ACC,10,2,208,ADC,1275,394,7,2,"
6.8693,heen,250,MM0 ?CR
6.8693,heen,250,MM1 ?CR
6.8693,heen,250,MM1 CR=43:-44
6.8693,heen,250,MM0 CR=44:-43
6.8693,heen,250,MM1 !M 244 -244
6.8693,heen,250,MM0 !M 244 -244
6.8693,heen,250,MM1 +
6.8693,heen,250,MM0 +
6.8693,heen,250,"#182,YAW,1.66,GYRO,9,-41,12,ACC,19,-21,311,ADC,1239,381,6,2,"
6.8693,heen,250,MM1 ?A
6.8694,heen,250,MM0 ?A
6.8694,heen,250,MM0 A=8:-7
6.8694,heen,250,MM1 A=12:-11
6.9072,heen,250,"#183,YAW,1.66,GYRO,25,102,-22,ACC,21,-24,308,ADC,1278,502,5,1,"
6.9073,heen,250,MM0 !M 250 -250
6.9073,heen,250,MM1 !M 250 -250
6.9073,heen,250,"$GPRMC,103641.8,A,5050.50527,N,00419.39034,E,000.40,116.7,021026,000.4,E*53"
6.9073,heen,250,MM0 +
6.9073,heen,250,MM1 +
6.9073,heen,250,MM0 ?AI
6.9073,heen,250,MM1 ?AI
6.9073,heen,250,MM0 AI=0:0:2463:2464:0:0
6.9073,heen,250,MM1 AI=0:0:2369:2417:0:0
6.9280,heen,250,"#184,YAW,1.67,GYRO,19,82,-36,ACC,9,-20,245,ADC,1224,371,3,2,"
6.9281,heen,250,MM1 ?C
6.9281,heen,250,MM0 ?C
6.9281,heen,250,MM1 C=153:-138
6.9281,heen,250,MM0 C=152:-149
6.9281,heen,250,"#185,YAW,1.68,GYRO,-40,60,-38,ACC,36,5,195,ADC,1232,383,7,2,"
6.9281,heen,250,MM1 ?D
6.9281,heen,250,MM0 ?D
6.9281,heen,250,MM1 D=48
6.9281,heen,250,MM0 D=51
6.9632,heen,250,MM0 !M 250 -250
6.9632,heen,250,MM1 !M 250 -250
6.9632,heen,250,MM0 +
6.9632,heen,250,MM1 +
6.9632,heen,250,"#186,YAW,1.68,GYRO,63,5,-14,ACC,-1,-2,210,ADC,1216,321,5,1,"
6.9632,heen,250,MM1 ?FF
6.9632,heen,250,MM0 ?FF
6.9632,heen,250,MM1 FF=0
6.9632,heen,250,MM0 FF=0
7.0150,heen,250,"#187,YAW,1.68,GYRO,22,-76,13,ACC,-23,-2,321,ADC,1251,499,6,2,"
7.0151,heen,250,MM1 ?P
7.0151,heen,250,MM0 ?P
7.0151,heen,250,MM1 P=250:-250
7.0151,heen,250,MM0 P=250:-250
7.0151,heen,250,"#188,YAW,1.68,GYRO,6,66,2,ACC,1,9,269,ADC,1254,385,6,2,"
7.0151,heen,250,MM1 ?S
7.0151,heen,250,MM0 ?S
7.0151,heen,250,MM1 S=150:-225
7.0151,heen,250,MM0 S=150:-225
7.0151,heen,250,MM0 !M 249 -251
7.0151,heen,250,MM1 !M 249 -251
7.0151,heen,250,MM0 +
7.0151,heen,250,MM1 +
7.0151,heen,250,"#189,YAW,1.69,GYRO,69,106,-15,ACC,8,8,233,ADC,1304,501,6,2,"
7.0151,heen,250,MM1 ?T
7.0151,heen,250,MM0 ?T
7.0151,heen,250,MM1 T=35:33
7.0151,heen,250,MM0 T=34:34
7.0661,heen,250,"#190,YAW,1.69,GYRO,-74,11,-10,ACC,12,20,180,ADC,1245,381,6,2,"
7.0661,heen,250,MM1 ?V
7.0661,heen,250,MM0 ?V
7.0661,heen,250,MM1 V=120:221:4896
7.0661,heen,250,MM0 V=120:223:4903
7.0661,heen,250,MM0 !M 249 -251
7.0661,heen,250,MM1 !M 249 -251
7.0661,heen,250,MM0 +
7.0661,heen,250,MM1 +
7.0661,heen,250,"#191,YAW,1.69,GYRO,88,-134,20,ACC,21,-13,279,ADC,1248,442,4,1,"
7.0662,heen,250,MM1 ?CR
7.0662,heen,250,MM0 ?CR
7.0662,heen,250,MM1 CR=53:-51
7.0662,heen,250,MM0 CR=52:-52
7.0662,heen,250,"#192,YAW,1.68,GYRO,-68,-31,31,ACC,0,-6,392,ADC,1251,500,5,1,"
7.0662,heen,250,MM1 ?A
7.0662,heen,250,MM0 ?A
7.1261,heen,250,MM1 A=8:-2
7.1261,heen,250,MM0 A=4:-2
7.1261,heen,250,"#193,YAW,1.68,GYRO,68,-32,34,ACC,5,-16,190,ADC,1337,503,6,2,"
7.1262,heen,250,"$GPRMC,103642.0,A,5050.50531,N,00419.39043,E,000.41,116.7,021026,000.4,E*5E"
7.1262,heen,250,MM0 ?AI
7.1262,heen,250,MM1 ?AI
7.1262,heen,250,MM0 AI=0:0:2444:2479:0:0
7.1262,heen,250,MM1 AI=0:0:2363:2376:0:0
7.1262,heen,250,"#194,YAW,1.68,GYRO,-113,19,15,ACC,39,21,94,ADC,1280,501,5,2,"
7.1262,heen,250,MM0 ?C
7.1262,heen,250,MM1 ?C
7.1262,heen,250,MM0 C=206:-203
7.1262,heen,250,MM1 C=207:-192
7.1262,heen,250,"#195,YAW,1.70,GYRO,35,-41,7,ACC,-30,-49,414,ADC,1274,501,6,2,"
7.1262,heen,250,MM1 ?D
7.1262,heen,250,MM0 ?D
7.1608,heen,250,MM1 D=34
7.1608,heen,250,MM0 D=40
7.1608,heen,250,MM1 !M 250 -250
7.1608,heen,250,MM0 !M 250 -250
7.1608,heen,250,MM1 +
7.1608,heen,250,MM0 +
7.1608,heen,250,MM0 PING
7.1608,heen,250,MM1 PING
7.1608,heen,250,MM0 !M 250 -250
7.1609,heen,250,MM1 !M 250 -250
7.1609,heen,250,MM0 +
7.1609,heen,250,MM1 +
7.1609,heen,250,"#196,YAW,1.70,GYRO,-158,-54,-18,ACC,-13,-1,299,ADC,1281,294,7,1,"
7.1609,heen,250,MM1 ?FF
7.1609,heen,250,MM0 ?FF
7.1609,heen,250,MM1 FF=0
7.1609,heen,250,MM0 FF=0
7.1812,heen,250,"#197,YAW,1.70,GYRO,63,-40,-17,ACC,10,2,239,ADC,1227,381,4,2,"
7.1812,heen,250,MM1 ?P
7.1812,heen,250,MM0 ?P
7.1812,heen,250,MM1 P=250:-250
7.1812,heen,250,MM0 P=250:-250
7.2157,heen,250,"#198,YAW,1.70,GYRO,-46,71,-10,ACC,46,9,122,ADC,1231,382,8,2,"
7.2158,heen,250,MM1 ?S
7.2158,heen,250,MM0 ?S
7.2158,heen,250,MM1 S=225:-225
7.2158,heen,250,MM0 S=225:-225
7.2158,heen,250,MM1 !M 250 -250
7.2158,heen,250,MM0 !M 250 -250
7.2158,heen,250,MM1 +
7.2158,heen,250,MM0 +
7.2158,heen,250,"#199,YAW,1.70,GYRO,31,18,-5,ACC,-23,-6,332,ADC,1280,406,4,2,"
7.2158,heen,250,MM0 ?T
7.2158,heen,250,MM1 ?T
7.2158,heen,250,MM0 T=35:34
7.2158,heen,250,MM1 T=35:33
7.2360,heen,250,"#200,YAW,1.70,GYRO,43,-153,39,ACC,-20,-31,313,ADC,1246,498,5,2,"
7.2360,heen,250,MM0 ?V
7.2360,heen,250,MM1 ?V
7.2360,heen,250,MM0 V=120:221:4904
7.2360,heen,250,MM1 V=120:222:4897
7.2588,heen,250,"#201,YAW,1.70,GYRO,-26,-68,26,ACC,4,20,282,ADC,1263,391,6,2,"
7.2588,heen,250,MM0 ?CR
7.2588,heen,250,MM1 ?CR
7.2588,heen,250,MM0 CR=56:-56
7.2588,heen,250,MM1 CR=56:-56
7.2588,heen,250,MM1 !M 249 -251
7.2588,heen,250,MM0 !M 249 -251
7.2588,heen,250,MM1 +
7.2589,heen,250,MM0 +
7.2791,heen,250,"#202,YAW,1.70,GYRO,25,155,7,ACC,7,19,144,ADC,1235,383,4,2,"
7.2791,heen,250,MM0 ?A
7.2791,heen,250,MM1 ?A
7.2791,heen,250,MM0 A=4:-6
7.2791,heen,250,MM1 A=8:-2
7.3160,heen,250,"#203,YAW,1.70,GYRO,-57,119,-1,ACC,25,4,133,ADC,1283,501,4,2,"
7.3160,heen,250,MM0 ?AI
7.3160,heen,250,MM1 ?AI
7.3160,heen,250,"$GPRMC,103642.2,A,5050.50530,N,00419.39064,E,000.42,116.7,021026,000.4,E*5B"
7.3161,heen,250,MM0 AI=0:0:2448:2487:0:0
7.3161,heen,250,MM1 AI=0:0:2377:2383:0:0
7.3161,heen,250,"#204,YAW,1.70,GYRO,167,-186,18,ACC,19,-31,534,ADC,1237,390,4,2,"
7.3161,heen,250,MM0 ?C
7.3161,heen,250,MM1 ?C
7.3161,heen,250,MM0 C=262:-259
7.3161,heen,250,MM1 C=264:-248
7.3372,heen,250,"#205,YAW,1.72,GYRO,80,186,14,ACC,-28,-12,341,ADC,1245,391,7,2,"
7.3373,heen,250,MM0 ?D
7.3373,heen,250,MM1 ?D
7.3373,heen,250,MM0 D=33
7.3373,heen,250,MM1 D=32
7.3373,heen,250,MM0 !M 250 -250
7.3373,heen,250,MM1 !M 250 -250
7.3373,heen,250,MM0 +
7.3373,heen,250,MM1 +
7.3373,heen,250,MM0 PING
7.3758,heen,250,MM1 PING
7.3758,heen,250,"#206,YAW,1.72,GYRO,40,117,27,ACC,10,13,162,ADC,1274,398,6,2,"
7.3759,heen,250,MM0 ?FF
7.3759,heen,250,MM1 ?FF
7.3759,heen,250,MM0 FF=0
7.3759,heen,250,MM1 FF=0
7.3759,heen,250,"#207,YAW,1.72,GYRO,-62,158,8,ACC,6,49,125,ADC,1258,382,5,2,"
7.3759,heen,250,MM0 ?P
7.3759,heen,250,MM1 ?P
7.3759,heen,250,MM0 P=250:-250
7.3759,heen,250,MM1 P=250:-250
7.4099,heen,250,MM0 !M 250 -250
7.4099,heen,250,MM1 !M 250 -250
7.4099,heen,250,MM0 +
7.4099,heen,250,MM1 +
7.4099,heen,250,MM0 PING
7.4099,heen,250,MM1 PING
7.4099,heen,250,"#208,YAW,1.72,GYRO,48,-284,-4,ACC,-2,-76,507,ADC,1236,382,6,2,"
7.4100,heen,250,MM0 ?S
7.4100,heen,250,MM1 ?S
7.4100,heen,250,MM0 S=225:-225
7.4100,heen,250,MM1 S=225:-225
7.4100,heen,250,MM0 !M 250 -250
7.4100,heen,250,MM1 !M 250 -250
7.4100,heen,250,MM1 +
7.4100,heen,250,MM0 +
7.4100,heen,250,"#209,YAW,1.72,GYRO,-45,362,-23,ACC,-50,-18,106,ADC,1265,499,6,2,"
7.4100,heen,250,MM0 ?T
7.4100,heen,250,MM1 ?T
7.4100,heen,250,MM0 T=35:34
7.4100,heen,250,MM1 T=35:33
7.4314,heen,250,"#210,YAW,1.72,GYRO,18,-18,-6,ACC,50,-32,160,ADC,1285,397,5,2,"
7.4315,heen,250,MM0 ?V
7.4315,heen,250,MM1 ?V
7.4315,heen,250,MM0 V=120:223:4904
7.4315,heen,250,MM1 V=120:222:4896
7.4663,heen,250,MM0 !M 250 -250
7.4663,heen,250,MM1 !M 250 -250
7.4664,heen,250,MM0 +
7.4664,heen,250,MM1 +
7.4664,heen,250,"#211,YAW,1.72,GYRO,-31,138,-19,ACC,-3,58,168,ADC,1308,317,4,2,"
7.4664,heen,250,MM0 ?CR
7.4664,heen,250,MM1 ?CR
7.4664,heen,250,MM0 CR=57:-57
7.4664,heen,250,MM1 CR=57:-57
7.4664,heen,250,"#212,YAW,1.72,GYRO,49,-234,0,ACC,23,-79,427,ADC,1249,497,6,2,"
7.4664,heen,250,MM0 ?A
7.4859,heen,250,MM1 ?A
7.4859,heen,250,MM0 A=0:-3
7.4860,heen,250,MM1 A=4:-3
7.4860,heen,250,"#213,YAW,1.72,GYRO,-69,190,-34,ACC,-35,10,304,ADC,1253,389,5,2,"
7.4860,heen,250,MM0 ?AI
7.4860,heen,250,MM1 ?AI
7.5200,heen,250,"$GPRMC,103642.4,A,5050.50527,N,00419.39067,E,000.46,116.7,021026,000.4,E*5C"
7.5200,heen,250,MM0 AI=0:0:2439:2479:0:0
7.5200,heen,250,MM1 AI=0:0:2379:2395:0:0
7.5200,heen,250,"#214,YAW,1.72,GYRO,12,-155,-12,ACC,26,-3,131,ADC,1235,383,6,2,"
7.5200,heen,250,MM1 ?C
7.5200,heen,250,MM0 ?C
7.5200,heen,250,MM0 C=320:-316
7.5200,heen,250,MM1 C=321:-305
7.5709,heen,250,"#215,YAW,1.74,GYRO,-20,162,2,ACC,20,27,121,ADC,1257,501,5,2,"
7.5709,heen,250,MM0 ?D
7.5709,heen,250,MM1 ?D
7.5709,heen,250,MM0 D=58
7.5709,heen,250,MM1 D=49
7.5709,heen,250,MM0 !M 250 -250
7.5709,heen,250,MM1 !M 250 -250
7.5709,heen,250,MM0 +
7.5709,heen,250,MM1 +
7.5709,heen,250,MM0 PING
7.5709,heen,250,MM1 PING
7.5710,heen,250,"#216,YAW,1.74,GYRO,-8,-314,2,ACC,111,-117,511,ADC,1298,389,4,2,"
7.5710,heen,250,MM0 ?FF
7.5710,heen,250,MM1 ?FF
7.5710,heen,250,MM0 FF=0
7.5710,heen,250,MM1 FF=0
7.5710,heen,250,"#217,YAW,1.74,GYRO,7,248,-9,ACC,-9,27,145,ADC,1229,379,4,1,"
7.5710,heen,250,MM0 ?P
7.5710,heen,250,MM1 ?P
7.5710,heen,250,MM0 P=250:-250
7.5710,heen,250,MM1 P=250:-250
7.6252,heen,250,"#218,YAW,1.74,GYRO,135,-9,13,ACC,-14,-20,153,ADC,1236,385,5,2,"
7.6252,heen,250,MM0 ?S
7.6252,heen,250,MM1 ?S
7.6252,heen,250,MM0 S=225:-225
7.6252,heen,250,MM1 S=225:-225
7.6252,heen,250,MM0 !M 249 -251
7.6252,heen,250,MM1 !M 249 -251
7.6252,heen,250,MM0 +
7.6252,heen,250,MM1 +
7.6252,heen,250,MM0 PING
7.6252,heen,250,MM1 PING
7.6252,heen,250,MM0 !M 250 -250
7.6252,heen,250,MM1 !M 250 -250
7.6252,heen,250,MM0 +
7.6253,heen,250,MM1 +
7.6253,heen,250,"#219,YAW,1.74,GYRO,-54,34,2,ACC,9,39,141,ADC,1236,370,5,1,"
7.6253,heen,250,MM0 ?T
7.6253,heen,250,MM1 ?T
7.6253,heen,250,MM0 T=34:34
7.6253,heen,250,MM1 T=35:33
7.6253,heen,250,"#220,YAW,1.74,GYRO,172,-144,15,ACC,-19,-13,343,ADC,1229,395,8,2,"
7.6719,heen,250,MM0 ?V
7.6719,heen,250,MM1 ?V
7.6719,heen,250,MM0 V=120:222:4904
7.6719,heen,250,MM1 V=120:222:4897
7.6719,heen,250,"#221,YAW,1.74,GYRO,-60,155,-1,ACC,-4,2,328,ADC,1237,385,5,1,"
7.6720,heen,250,MM0 ?CR
7.6720,heen,250,MM1 ?CR
7.6720,heen,250,MM0 CR=58:-57
7.6720,heen,250,MM1 CR=57:-57
7.6720,heen,250,"#222,YAW,1.74,GYRO,89,55,13,ACC,0,-8,205,ADC,1299,501,5,1,"
7.6720,heen,250,MM0 ?A
7.6720,heen,250,MM1 ?A
7.6720,heen,250,MM0 A=4:-7
7.6720,heen,250,MM1 A=8:-3
7.7246,heen,250,"#223,YAW,1.74,GYRO,-94,55,-6,ACC,23,26,107,ADC,1245,499,4,2,"
7.7247,heen,250,MM0 ?AI
7.7247,heen,250,MM1 ?AI
7.7247,heen,250,"$GPRMC,103642.6,A,5050.50526,N,00419.39072,E,000.53,116.7,021026,000.4,E*5F"
7.7247,heen,250,MM0 AI=0:0:2450:2459:0:0
7.7247,heen,250,MM1 AI=0:0:2358:2396:0:0
7.7247,heen,250,MM0 !M 250 -250
7.7247,heen,250,MM1 !M 250 -250
7.7247,heen,250,MM0 +
7.7247,heen,250,MM1 +
7.7247,heen,250,MM1 PING
7.7247,heen,250,MM0 PING
7.7247,heen,250,"#224,YAW,1.74,GYRO,38,-119,-11,ACC,48,-48,414,ADC,1265,317,4,2,"
7.7247,heen,250,MM0 ?C
7.7247,heen,250,MM1 ?C
7.7247,heen,250,MM0 C=377:-373
7.7248,heen,250,MM1 C=378:-362
7.7729,heen,250,"#225,YAW,1.75,GYRO,-124,-94,-15,ACC,-27,12,362,ADC,1225,381,7,2,"
7.7729,heen,250,MM0 ?D
7.7730,heen,250,MM1 ?D
7.7730,heen,250,MM0 D=24
7.7730,heen,250,MM1 D=19
7.7730,heen,250,MM0 !M 250 -250
7.7730,heen,250,MM1 !M 250 -250
7.7730,heen,250,MM0 +
7.7730,heen,250,MM1 +
7.7730,heen,250,MM0 PING
7.7730,heen,250,MM1 PING
7.7730,heen,250,"#226,YAW,1.75,GYRO,-34,-116,-37,ACC,21,-1,157,ADC,1252,389,5,2,"
7.7730,heen,250,MM0 ?FF
7.7730,heen,250,MM1 ?FF
7.7730,heen,250,MM0 FF=0
7.7730,heen,250,MM1 FF=0
7.7730,heen,250,"#227,YAW,1.75,GYRO,-23,76,-24,ACC,17,15,146,ADC,1235,380,7,2,"
7.7730,heen,250,MM0 ?P
7.7730,heen,250,MM1 ?P
7.7730,heen,250,MM0 P=250:-250
7.7730,heen,250,MM1 P=250:-250
7.8241,heen,250,"#228,YAW,1.75,GYRO,1,-142,-11,ACC,15,-31,369,ADC,1280,388,4,2,"
7.8241,heen,250,MM0 ?S
7.8241,heen,250,MM1 ?S
7.8241,heen,250,MM0 S=225:-225
7.8241,heen,250,MM1 S=225:-225
7.8241,heen,250,MM0 !M 250 -250
7.8241,heen,250,MM1 !M 250 -250
7.8241,heen,250,MM0 +
7.8241,heen,250,MM1 +
7.8241,heen,250,MM0 PING
7.8242,heen,250,MM1 PING
7.8242,heen,250,"#229,YAW,1.75,GYRO,-42,8,-17,ACC,-23,8,341,ADC,1262,500,8,2,"
7.8242,heen,250,MM0 ?T
7.8242,heen,250,MM1 ?T
7.8242,heen,250,MM0 T=34:34
7.8242,heen,250,MM1 T=35:33
7.8749,heen,250,"#230,YAW,1.76,GYRO,72,21,-21,ACC,10,-1,155,ADC,1240,398,4,2,"
7.8749,heen,250,MM0 ?V
7.8749,heen,250,MM1 ?V
7.8749,heen,250,MM0 V=120:224:4903
7.8749,heen,250,MM1 V=120:221:4897
7.8750,heen,250,MM0 !M 249 -251
7.8750,heen,250,MM1 !M 249 -251
7.8750,heen,250,MM0 +
7.8750,heen,250,MM1 +
7.8750,heen,250,MM1 PING
7.8750,heen,250,MM0 PING
7.8750,heen,250,"#231,YAW,1.76,GYRO,-113,123,-12,ACC,21,51,109,ADC,1259,366,4,2,"
7.8750,heen,250,MM0 ?CR
7.8750,heen,250,MM1 ?CR
7.8750,heen,250,MM0 CR=58:-57
7.8750,heen,250,MM1 CR=57:-56
7.8750,heen,250,MM0 !M 248 -252
7.8750,heen,250,MM1 !M 248 -252
7.8750,heen,250,MM0 +
7.8750,heen,250,MM1 +
7.8750,heen,250,"#232,YAW,1.76,GYRO,7,-213,27,ACC,80,-54,539,ADC,1232,385,4,2,"
7.8750,heen,250,MM0 ?A
7.8750,heen,250,MM1 ?A
7.8750,heen,250,MM0 A=0:-2
7.8750,heen,250,MM1 A=8:-2
7.9252,heen,250,"#233,YAW,1.75,GYRO,12,57,22,ACC,-20,13,320,ADC,1272,387,4,2,"
7.9252,heen,250,"$GPRMC,103642.8,A,5050.50526,N,00419.39076,E,000.52,116.7,021026,000.4,E*54"
7.9252,heen,250,MM0 ?AI
7.9252,heen,250,MM1 ?AI
7.9252,heen,250,MM0 AI=0:0:2456:2445:0:0
7.9252,heen,250,MM1 AI=0:0:2372:2395:0:0
7.9252,heen,250,"#234,YAW,1.75,GYRO,15,-51,26,ACC,26,-1,187,ADC,1250,501,4,2,"
7.9252,heen,250,MM0 ?C
7.9252,heen,250,MM1 ?C
7.9252,heen,250,MM0 C=435:-430
7.9253,heen,250,MM1 C=436:-419
7.9253,heen,250,"#235,YAW,1.77,GYRO,-66,217,8,ACC,-1,43,157,ADC,1241,385,5,2,"
7.9253,heen,250,MM0 ?D
7.9753,heen,250,MM1 ?D
7.9754,heen,250,MM0 D=11
7.9754,heen,250,MM1 D=18
7.9754,heen,250,MM0 !M 249 -251
7.9754,heen,250,MM1 !M 249 -251
7.9754,heen,250,MM0 +
7.9754,heen,250,MM1 +
7.9754,heen,250,MM1 PING
7.9754,heen,250,MM0 PING
7.9754,heen,250,"#236,YAW,1.77,GYRO,4,-65,6,ACC,-12,-29,284,ADC,1248,288,5,1,"
7.9754,heen,250,MM0 ?FF
7.9754,heen,250,MM1 ?FF
7.9754,heen,250,MM0 FF=0
7.9754,heen,250,MM1 FF=0
7.9754,heen,250,MM1 !M 250 -250
7.9754,heen,250,MM0 !M 250 -250
7.9754,heen,250,MM1 +
7.9754,heen,250,MM0 +
7.9754,heen,250,"#237,YAW,1.77,GYRO,8,43,-15,ACC,-14,-21,352,ADC,1281,405,5,2,"
7.9754,heen,250,MM0 ?P
7.9754,heen,250,MM1 ?P
7.9754,heen,250,MM0 P=250:-250
7.9755,heen,250,MM1 P=250:-250
7.9991,heen,250,"#238,YAW,1.77,GYRO,-3,142,-46,ACC,0,-16,220,ADC,1263,386,6,2,"
7.9991,heen,250,MM0 ?S
7.9991,heen,250,MM1 ?S
7.9991,heen,250,MM0 S=225:-225
7.9991,heen,250,MM1 S=150:-225
8.0378,heen,250,"#239,YAW,1.77,GYRO,20,147,-49,ACC,-7,12,201,ADC,1221,400,7,2,"
8.0378,heen,250,MM0 ?T
8.0378,heen,250,MM1 ?T
8.0378,heen,250,MM0 T=35:34
8.0378,heen,250,MM1 T=35:33
8.0378,heen,250,"#240,YAW,1.77,GYRO,12,-79,-5,ACC,7,22,186,ADC,1286,501,5,2,"
8.0378,heen,250,MM0 ?V
8.0378,heen,250,MM1 ?V
8.0378,heen,250,MM0 V=120:223:4905
8.0378,heen,250,MM1 V=120:222:4897
8.0734,heen,250,MM0 !M 249 -251
8.0734,heen,250,MM1 !M 249 -251
8.0734,heen,250,MM0 +
8.0734,heen,250,MM1 +
8.0734,heen,250,MM1 PING
8.0734,heen,250,MM0 PING
8.0734,heen,250,"#241,YAW,1.77,GYRO,102,-82,24,ACC,-22,6,379,ADC,1285,337,5,2,"
8.0735,heen,250,MM0 ?CR
8.0735,heen,250,MM1 ?CR
8.0735,heen,250,MM0 CR=57:-57
8.0735,heen,250,MM1 CR=58:-57
8.0735,heen,250,"#242,YAW,1.77,GYRO,0,218,-8,ACC,6,25,265,ADC,1253,389,4,2,"
8.0735,heen,250,MM0 ?A
8.0735,heen,250,MM1 ?A
8.0735,heen,250,MM0 A=0:-2
8.0735,heen,250,MM1 A=8:-2
8.0930,heen,250,"#243,YAW,1.77,GYRO,6,65,-7,ACC,0,32,187,ADC,1243,385,5,2,"
8.0930,heen,250,"$GPRMC,103643.0,A,5050.50525,N,00419.39080,E,000.52,116.7,021026,000.4,E*57"
8.0930,heen,250,MM0 ?AI
8.0930,heen,250,MM1 ?AI
8.1357,heen,250,MM0 AI=0:0:2448:2457:0:0
8.1358,heen,250,MM1 AI=0:0:2367:2395:0:0
8.1358,heen,250,MM0 !M 248 -252
8.1358,heen,250,MM1 !M 248 -252
8.1358,heen,250,MM0 +
8.1358,heen,250,MM1 +
8.1358,heen,250,MM0 PING
8.1358,heen,250,MM1 PING
8.1358,heen,250,"#244,YAW,1.77,GYRO,-1,-84,15,ACC,12,9,176,ADC,1315,357,5,2,"
8.1358,heen,250,MM0 ?C
8.1358,heen,250,MM1 ?C
8.1358,heen,250,MM0 C=493:-487
8.1358,heen,250,MM1 C=493:-475
8.1358,heen,250,"#245,YAW,1.78,GYRO,50,-122,29,ACC,-18,7,422,ADC,1245,500,7,2,"
8.1358,heen,250,MM0 ?D
8.1358,heen,250,MM1 ?D
8.1358,heen,250,MM0 D=40
8.1358,heen,250,MM1 D=1
8.1700,heen,250,"#246,YAW,1.78,GYRO,12,11,25,ACC,-5,19,204,ADC,1276,501,6,2,"
8.1701,heen,250,MM0 !M 248 -252
8.1701,heen,250,MM1 !M 248 -252
8.1701,heen,250,MM0 +
8.1701,heen,250,MM1 +
8.1701,heen,250,MM0 PING
8.1701,heen,250,MM1 PING
8.1701,heen,250,MM0 ?FF
8.1701,heen,250,MM1 ?FF
8.1701,heen,250,MM0 FF=0
8.1701,heen,250,MM1 FF=0
8.1701,heen,250,MM0 !M 248 -252
8.1701,heen,250,MM1 !M 248 -252
8.1701,heen,250,MM0 +
8.1701,heen,250,MM1 +
8.1701,heen,250,"#247,YAW,1.78,GYRO,-31,69,14,ACC,0,34,114,ADC,1264,341,5,1,"
8.1701,heen,250,MM0 ?P
8.1701,heen,250,MM1 ?P
8.1701,heen,250,MM0 P=248:-252
8.1701,heen,250,MM1 P=248:-252
8.1924,heen,250,"#248,YAW,1.78,GYRO,-42,-12,16,ACC,4,15,226,ADC,1260,383,5,2,"
8.1925,heen,250,MM0 ?S
8.1925,heen,250,MM1 ?S
8.1925,heen,250,MM0 S=225:-225
8.1925,heen,250,MM1 S=225:-225
8.2274,heen,250,"#249,YAW,1.78,GYRO,-2,-153,0,ACC,6,22,463,ADC,1226,363,7,2,"
8.2274,heen,250,MM0 !M 249 -251
8.2274,heen,250,MM0 +
8.2274,heen,250,MM1 !M 249 -251
8.2274,heen,250,MM1 +
8.2274,heen,250,MM0 ?T
8.2274,heen,250,MM1 ?T
8.2274,heen,250,MM0 T=34:34
8.2274,heen,250,MM1 T=35:33
8.2274,heen,250,"#250,YAW,1.78,GYRO,56,48,-14,ACC,5,-3,215,ADC,1213,386,5,2,"
8.2274,heen,250,MM0 ?V
8.2274,heen,250,MM1 ?V
8.2822,heen,250,MM0 V=120:222:4905
8.2822,heen,250,MM1 V=120:221:4899
8.2822,heen,250,"#251,YAW,1.78,GYRO,-60,144,-14,ACC,18,11,118,ADC,1314,501,9,1,"
8.2822,heen,250,MM0 ?CR
8.2822,heen,250,MM1 ?CR
8.2822,heen,250,MM0 CR=58:-58
8.2822,heen,250,MM1 CR=58:-57
8.2822,heen,250,MM1 !M 249 -251
8.2822,heen,250,MM0 !M 249 -251
8.2822,heen,250,MM1 +
8.2822,heen,250,MM0 +
8.2822,heen,250,"#252,YAW,1.78,GYRO,15,-151,-7,ACC,96,-10,316,ADC,1226,381,7,2,"
8.2822,heen,250,MM0 ?A
8.2822,heen,250,MM1 ?A
8.2822,heen,250,MM0 A=4:-2
8.2822,heen,250,MM1 A=4:-2
8.3299,heen,250,"#253,YAW,1.78,GYRO,62,-110,32,ACC,4,-24,288,ADC,1297,393,4,1,"
8.3299,heen,250,"$GPRMC,103643.2,A,5050.50524,N,00419.39085,E,000.52,116.7,021026,000.4,E*51"
8.3299,heen,250,MM0 ?AI
8.3300,heen,250,MM1 ?AI
8.3300,heen,250,MM0 AI=0:0:2438:2466:0:0
8.3300,heen,250,MM1 AI=0:0:2368:2402:0:0
8.3300,heen,250,"#254,YAW,1.78,GYRO,57,-16,25,ACC,1,13,254,ADC,1277,498,7,1,"
8.3300,heen,250,MM0 ?C
8.3300,heen,250,MM1 ?C
8.3300,heen,250,MM0 C=551:-545
8.3300,heen,250,MM1 C=551:-533
8.3300,heen,250,MM1 !M 248 -252
8.3300,heen,250,MM0 !M 248 -252
8.3300,heen,250,MM1 +
8.3300,heen,250,MM0 +
8.3300,heen,250,"#255,YAW,1.80,GYRO,-32,278,-11,ACC,12,48,167,ADC,1213,384,6,2,"
8.3300,heen,250,MM0 ?D
8.3300,heen,250,MM1 ?D
8.3300,heen,250,MM0 D=25
8.3300,heen,250,MM1 D=34
8.3800,heen,250,"#0,YAW,1.80,GYRO,-38,-134,-5,ACC,9,7,238,ADC,1251,390,5,1,"
8.3801,heen,250,MM0 ?FF
8.3801,heen,250,MM1 ?FF
8.3801,heen,250,MM0 FF=0
8.3801,heen,250,MM1 FF=0
8.3801,heen,250,MM0 !M 249 -251
8.3801,heen,250,MM1 !M 249 -251
8.3801,heen,250,MM0 +
8.3801,heen,250,MM1 +
8.3801,heen,250,"#1,YAW,1.80,GYRO,117,-40,0,ACC,-21,-32,272,ADC,1251,502,8,2,"
8.3801,heen,250,MM0 ?P
8.3801,heen,250,MM1 ?P
8.3801,heen,250,MM0 P=249:-251
8.3801,heen,250,MM1 P=249:-251
8.4309,heen,250,"#2,YAW,1.80,GYRO,93,173,12,ACC,11,-17,413,ADC,1255,500,7,1,"
8.4309,heen,250,MM0 ?S
8.4309,heen,250,MM1 ?S
8.4310,heen,250,MM0 S=150:-225
8.4310,heen,250,MM1 S=225:-225
8.4310,heen,250,"#3,YAW,1.80,GYRO,8,219,25,ACC,3,26,168,ADC,1250,500,6,2,"
8.4310,heen,250,MM0 ?T
8.4310,heen,250,MM1 ?T
8.4310,heen,250,MM0 T=34:34
8.4310,heen,250,MM1 T=35:33
8.4310,heen,250,"#4,YAW,1.80,GYRO,-70,-95,19,ACC,18,49,167,ADC,1246,389,5,2,"
8.4310,heen,250,MM0 ?V
8.4310,heen,250,MM1 ?V
8.4310,heen,250,MM0 V=120:223:4904
8.4310,heen,250,MM1 V=120:221:4897
8.4814,heen,250,"#5,YAW,1.79,GYRO,223,15,30,ACC,-5,-29,456,ADC,1226,481,4,2,"
8.4814,heen,250,MM0 !M 249 -251
8.4814,heen,250,MM0 +
8.4814,heen,250,MM1 !M 249 -251
8.4814,heen,250,MM1 +
8.4814,heen,250,MM0 PING
8.4814,heen,250,MM1 PING
8.4814,heen,250,MM0 ?CR
8.4814,heen,250,MM1 ?CR
8.4814,heen,250,MM0 CR=58:-57
8.4814,heen,250,MM1 CR=58:-58
8.4814,heen,250,"#6,YAW,1.79,GYRO,-118,137,5,ACC,-24,1,287,ADC,1229,398,6,1,"
8.4814,heen,250,MM0 ?A
8.4814,heen,250,MM1 ?A
8.4814,heen,250,MM0 A=0:-2
8.4814,heen,250,MM1 A=8:-2
8.5319,heen,250,"#7,YAW,1.80,GYRO,-14,93,-9,ACC,8,13,173,ADC,1294,501,7,2,"
8.5320,heen,250,"$GPRMC,103643.4,A,5050.50523,N,00419.39090,E,000.53,116.7,021026,000.4,E*55"
8.5320,heen,250,MM0 ?AI
8.5320,heen,250,MM1 ?AI
8.5320,heen,250,MM0 AI=0:0:2456:2480:0:0
8.5320,heen,250,MM1 AI=0:0:2372:2539:0:0
8.5320,heen,250,MM0 !M 250 -250
8.5320,heen,250,MM1 !M 250 -250
8.5320,heen,250,MM0 +
8.5320,heen,250,MM1 +
8.5320,heen,250,MM1 PING
8.5320,heen,250,MM0 PING
8.5320,heen,250,"#8,YAW,1.80,GYRO,-88,41,-18,ACC,-2,18,143,ADC,1281,310,5,2,"
8.5320,heen,250,MM0 ?C
8.5320,heen,250,MM1 ?C
8.5320,heen,250,MM0 C=608:-603
8.5320,heen,250,MM1 C=609:-590
8.5320,heen,250,"#9,YAW,1.81,GYRO,72,-193,-19,ACC,-21,-18,417,ADC,1262,502,4,2,"
8.5320,heen,250,MM0 ?D
8.5320,heen,250,MM1 ?D
8.5320,heen,250,MM0 D=34
8.5320,heen,250,MM1 D=25
8.5811,heen,250,"#10,YAW,1.81,GYRO,-34,154,-30,ACC,-5,-2,346,ADC,1218,502,7,2,"
8.5811,heen,250,MM0 ?FF
8.5811,heen,250,MM0 FF=0
8.5811,heen,250,MM1 ?FF
8.5811,heen,250,MM1 FF=0
8.5811,heen,250,MM0 !M 250 -250
8.5811,heen,250,MM1 !M 250 -250
8.5811,heen,250,MM0 +
8.5811,heen,250,MM1 +
8.5811,heen,250,MM0 PING
8.5811,heen,250,MM1 PING
8.5811,heen,250,"#11,YAW,1.81,GYRO,11,-10,-19,ACC,4,-9,166,ADC,1259,500,5,2,"
8.5811,heen,250,MM0 ?P
8.5811,heen,250,MM1 ?P
8.5811,heen,250,MM0 P=250:-250
8.5811,heen,250,MM1 P=250:-250
8.6338,heen,250,"#12,YAW,1.81,GYRO,-43,10,-1,ACC,9,21,104,ADC,1335,503,6,1,"
8.6338,heen,250,MM0 ?S
8.6339,heen,250,MM1 ?S
8.6339,heen,250,MM0 S=225:-225
8.6339,heen,250,MM1 S=225:-150
8.6339,heen,250,MM0 !M 249 -251
8.6339,heen,250,MM1 !M 249 -251
8.6339,heen,250,MM0 +
8.6339,heen,250,MM1 +
8.6339,heen,250,MM1 PING
8.6339,heen,250,MM0 PING
8.6339,heen,250,"#13,YAW,1.81,GYRO,-57,-215,11,ACC,-14,-140,416,ADC,1267,498,5,2,"
8.6339,heen,250,MM0 ?T
8.6339,heen,250,MM1 ?T
8.6339,heen,250,MM0 T=35:34
8.6339,heen,250,MM1 T=36:33
8.6339,heen,250,"#14,YAW,1.81,GYRO,70,344,-8,ACC,0,-14,197,ADC,1294,499,6,2,"
8.6339,heen,250,MM0 ?V
8.6339,heen,250,MM1 ?V
8.6339,heen,250,MM0 V=120:223:4904
8.6339,heen,250,MM1 V=120:222:4897
8.6881,heen,250,"#15,YAW,1.81,GYRO,94,-130,18,ACC,-45,-42,232,ADC,1248,387,4,1,"
8.6881,heen,250,MM0 ?CR
8.6881,heen,250,MM0 CR=58:-58
8.6881,heen,250,MM1 ?CR
8.6881,heen,250,MM1 CR=57:-58
8.6881,heen,250,MM0 !M 248 -252
8.6881,heen,250,MM1 !M 248 -252
8.6881,heen,250,MM0 +
8.6882,heen,250,MM1 +
8.6882,heen,250,MM0 PING
8.6882,heen,250,MM1 PING
8.6882,heen,250,"#16,YAW,1.81,GYRO,-25,-3,7,ACC,17,35,103,ADC,1228,380,5,2,"
8.6882,heen,250,MM0 ?A
8.6882,heen,250,MM1 ?A
8.6882,heen,250,MM0 A=0:-2
8.6882,heen,250,MM1 A=4:0
8.6882,heen,250,MM0 !M 248 -252
8.6882,heen,250,MM1 !M 248 -252
8.6882,heen,250,MM0 +
8.6882,heen,250,MM1 +
8.6882,heen,250,"#17,YAW,1.81,GYRO,241,-131,23,ACC,8,-25,374,ADC,1200,384,7,2,"
8.7240,heen,250,"$GPRMC,103643.6,A,5050.50523,N,00419.39094,E,000.52,116.7,021026,000.4,E*52"
8.7240,heen,250,MM0 ?AI
8.7240,heen,250,MM1 ?AI
8.7240,heen,250,MM0 AI=0:0:2467:2463:0:0
8.7240,heen,250,MM1 AI=0:0:2369:2400:0:0
8.7240,heen,250,"#18,YAW,1.81,GYRO,-36,318,0,ACC,-28,15,338,ADC,1272,381,4,3,"
8.7241,heen,250,MM0 ?C
8.7241,heen,250,MM1 ?C
8.7241,heen,250,MM0 C=667:-661
8.7241,heen,250,MM1 C=667:-648
8.7449,heen,250,"#19,YAW,1.82,GYRO,53,-60,13,ACC,23,12,185,ADC,1249,396,8,1,"
8.7450,heen,250,MM0 ?D
8.7450,heen,250,MM1 ?D
8.7450,heen,250,MM0 D=59
8.7450,heen,250,MM1 D=11
8.7450,heen,250,"#20,YAW,1.82,GYRO,-29,18,6,ACC,9,19,160,ADC,1237,380,5,2,"
8.7450,heen,250,MM0 ?FF
8.7792,heen,250,MM1 ?FF
8.7793,heen,250,MM0 FF=0
8.7793,heen,250,MM1 FF=0
8.7793,heen,250,MM0 !M 248 -252
8.7793,heen,250,MM1 !M 248 -252
8.7793,heen,250,MM0 +
8.7793,heen,250,MM1 +
8.7793,heen,250,MM0 PING
8.7793,heen,250,MM1 PING
8.7793,heen,250,"#21,YAW,1.82,GYRO,80,-145,-4,ACC,-27,-35,391,ADC,1288,502,5,2,"
8.7793,heen,250,MM0 ?P
8.7793,heen,250,MM1 ?P
8.7793,heen,250,MM0 P=248:-252
8.7793,heen,250,MM1 P=248:-252
8.8001,heen,250,"#22,YAW,1.82,GYRO,-193,-217,-40,ACC,-17,16,379,ADC,1265,499,5,2,"
8.8002,heen,250,MM0 ?S
8.8002,heen,250,MM1 ?S
8.8002,heen,250,MM0 S=225:-225
8.8002,heen,250,MM1 S=225:-225
8.8002,heen,250,MM0 !M 249 -251
8.8002,heen,250,MM1 !M 249 -251
8.8002,heen,250,MM0 +
8.8002,heen,250,MM1 +
8.8002,heen,250,MM1 PING
8.8002,heen,250,MM0 PING
8.8339,heen,250,"#23,YAW,1.82,GYRO,-135,-261,-24,ACC,-9,1,170,ADC,1272,356,7,2,"
8.8339,heen,250,MM0 ?T
8.8339,heen,250,MM1 ?T
8.8339,heen,250,MM0 T=35:34
8.8339,heen,250,MM1 T=35:33
8.8339,heen,250,MM0 !M 249 -251
8.8339,heen,250,MM1 !M 249 -251
8.8339,heen,250,MM0 +
8.8339,heen,250,MM1 +
8.8339,heen,250,"#24,YAW,1.82,GYRO,64,-182,20,ACC,-14,-58,318,ADC,1258,389,4,1,"
8.8339,heen,250,MM0 ?V
8.8339,heen,250,MM1 ?V
8.8339,heen,250,MM0 V=120:222:4905
8.8340,heen,250,MM1 V=120:222:4898
8.8550,heen,250,"#25,YAW,1.82,GYRO,142,-339,45,ACC,11,-85,143,ADC,1283,500,5,1,"
8.8550,heen,250,MM1 ?CR
8.8550,heen,250,MM0 ?CR
8.8550,heen,250,MM1 CR=58:-57
8.8550,heen,250,MM0 CR=59:-58
8.8889,heen,250,"#26,YAW,1.82,GYRO,-168,-150,-19,ACC,19,-16,308,ADC,1280,383,6,1,"
8.8889,heen,250,MM0 ?A
8.8889,heen,250,MM1 ?A
8.8889,heen,250,MM0 A=4:-2
8.8889,heen,250,MM1 A=8:-2
8.8889,heen,250,MM0 !M 249 -251
8.8889,heen,250,MM1 !M 249 -251
8.8889,heen,250,MM0 +
8.8889,heen,250,MM1 +
8.8889,heen,250,"#27,YAW,1.82,GYRO,132,217,-62,ACC,32,-8,186,ADC,1232,388,4,2,"
8.9243,heen,250,"$GPRMC,103643.8,A,5050.50523,N,00419.39099,E,000.48,116.7,021026,000.4,E*5A"
8.9243,heen,250,MM1 ?AI
8.9243,heen,250,MM0 ?AI
8.9243,heen,250,MM1 AI=0:0:2396:2372:0:0
8.9243,heen,250,MM0 AI=0:0:2474:2467:0:0
8.9243,heen,250,"#28,YAW,1.83,GYRO,-133,63,-54,ACC,27,31,236,ADC,1252,390,4,1,"
8.9244,heen,250,MM1 ?C
8.9244,heen,250,MM0 ?C
8.9244,heen,250,MM1 C=724:-704
8.9244,heen,250,MM0 C=725:-718
9.4622,heen,243,"#29,YAW,1.84,GYRO,15,-137,-19,ACC,14,-16,178,ADC,1252,391,4,2,"
9.4622,heen,243,MM0 ?D
9.4622,heen,243,MM1 ?D
9.4622,heen,243,MM0 D=26
9.4622,heen,243,MM1 D=32
9.4622,heen,243,"#30,YAW,1.84,GYRO,32,-57,11,ACC,12,-45,380,ADC,1269,390,6,2,"
9.4622,heen,243,MM1 ?FF
9.4622,heen,243,MM0 ?FF
9.4622,heen,243,MM1 FF=0
9.4622,heen,243,MM0 FF=0
9.4622,heen,243,"#31,YAW,1.84,GYRO,-17,209,31,ACC,17,-9,202,ADC,1255,389,7,2,"
9.4623,heen,243,MM0 ?P
9.4623,heen,243,MM1 ?P
9.4623,heen,243,MM0 P=249:-251
9.4623,heen,243,MM1 P=249:-251
9.4623,heen,243,MM1 !M 249PING
9.4623,heen,243,MM0 !M 249PING
9.4623,heen,243,MM1 +
9.4623,heen,243,MM0 +
9.4623,heen,243,"#32,YAW,1.83,GYRO,-130,143,37,ACC,19,38,195,ADC,1223,381,7,2,"
9.4623,heen,243,MM0 ?S
9.4623,heen,243,MM1 ?S
9.4623,heen,243,MM1 S=225:-225
9.4623,heen,243,MM0 S=225:-225
9.4623,heen,243,MM1 !M 247 -253
9.4623,heen,243,MM0 !M 247 -253
9.4623,heen,243,MM1 +
9.4623,heen,243,MM0 +
9.4623,heen,243,"#33,YAW,1.83,GYRO,-65,336,37,ACC,23,36,135,ADC,1248,382,9,2,"
9.4623,heen,243,MM0 ?T
9.4623,heen,243,MM1 ?T
9.4623,heen,243,MM0 T=35:34
9.4623,heen,243,MM1 T=35:33
9.4623,heen,243,"#34,YAW,1.83,GYRO,157,239,46,ACC,75,-123,481,ADC,1244,383,8,2,"
9.4623,heen,243,MM1 ?V
9.4623,heen,243,MM0 ?V
9.4623,heen,243,MM1 V=120:221:4897
9.4623,heen,243,MM0 V=120:222:4905
9.4623,heen,243,"#35,YAW,1.83,GYRO,42,431,-11,ACC,22,-59,334,ADC,1297,502,4,2,"
9.4623,heen,243,MM1 ?CR
9.4623,heen,243,MM0 ?CR
9.4623,heen,243,MM1 CR=56:-55
9.4623,heen,243,MM0 CR=56:-56
9.4623,heen,243,MM0 !M 247 -253
9.4623,heen,243,MM1 !M 247 -253
9.4623,heen,243,MM0 +
9.4623,heen,243,MM1 +
9.4623,heen,243,MM1 PING
9.4623,heen,243,MM0 PING
9.4623,heen,243,"#36,YAW,1.84,GYRO,13,-136,-67,ACC,16,54,256,ADC,1242,383,6,2,"
9.4623,heen,243,MM1 ?A
9.4624,heen,243,MM0 ?A
9.4624,heen,243,MM1 A=4:-2
9.4624,heen,243,MM0 A=0:-2
9.4624,heen,243,MM0 !M 247 -253
9.4624,heen,243,MM1 !M 247 -253
9.4624,heen,243,MM0 +
9.4624,heen,243,MM1 +
9.4624,heen,243,"#37,YAW,1.84,GYRO,135,145,-52,ACC,21,49,72,ADC,1260,501,5,2,"
9.4624,heen,243,"$GPRMC,103644.0,A,5050.50523,N,00419.39103,E,000.46,116.7,021026,000.4,E*59"
9.4624,heen,243,MM1 ?AI
9.4624,heen,243,MM0 ?AI
9.4624,heen,243,MM1 AI=0:0:2407:2414:0:0
9.4624,heen,243,MM0 AI=0:0:2445:2469:0:0
9.4624,heen,243,"#38,YAW,1.84,GYRO,-52,-174,-51,ACC,-135,106,241,ADC,1275,388,5,2,"
9.4624,heen,243,MM1 ?C
9.4624,heen,243,MM0 ?C
9.4624,heen,243,MM1 C=780:-760
9.4624,heen,243,MM0 C=781:-774
9.4624,heen,243,"#39,YAW,1.85,GYRO,-93,373,-42,ACC,32,-9,217,ADC,1257,387,6,2,"
9.4624,heen,243,MM1 ?D
9.4624,heen,243,MM0 ?D
9.4624,heen,243,MM1 D=32
9.4624,heen,243,MM0 D=8
9.4624,heen,243,"#40,YAW,1.85,GYRO,-6,81,-3,ACC,-35,15,208,ADC,1196,380,5,2,"
9.4624,heen,243,MM1 ?FF
9.4624,heen,243,MM0 ?FF
9.4624,heen,243,MM1 FF=0
9.4624,heen,243,MM0 FF=0
9.4624,heen,243,MM0 !M 247 -253
9.4624,heen,243,MM1 !M 247 -253
9.4624,heen,243,MM0 +
9.4624,heen,243,MM1 +
9.4624,heen,243,MM0 PING
9.4624,heen,243,MM1 PING
9.4624,heen,243,"#41,YAW,1.85,GYRO,23,-141,41,ACC,19,-8,98,ADC,1217,382,6,2,"
9.4624,heen,243,MM0 ?P
9.4624,heen,243,MM1 ?P
9.4624,heen,243,MM0 P=247:-253
9.4624,heen,243,MM1 P=247:-253
9.4624,heen,243,MM0 !M 247 -253
9.4624,heen,243,MM1 !M 247 -253
9.4624,heen,243,MM0 +
9.4625,heen,243,MM1 +
9.4625,heen,243,"#42,YAW,1.85,GYRO,60,-133,64,ACC,0,-28,403,ADC,1231,384,6,2,"
9.4625,heen,243,MM1 ?S
9.4625,heen,243,MM0 ?S
9.4625,heen,243,MM1 S=225:-150
9.4625,heen,243,MM0 S=225:-225
9.4625,heen,243,"#43,YAW,1.85,GYRO,-60,194,29,ACC,-4,18,264,ADC,1260,499,4,3,"
9.4625,heen,243,MM1 ?T
9.4625,heen,243,MM0 ?T
9.4625,heen,243,MM1 T=35:33
9.4625,heen,243,MM0 T=35:34
9.4625,heen,243,MM0 !M 245 -251
9.4625,heen,243,MM1 !M 245 -251
9.4625,heen,243,MM0 +
9.4625,heen,243,MM1 +
9.4625,heen,243,"#44,YAW,1.85,GYRO,2,-78,17,ACC,12,3,156,ADC,1255,400,4,1,"
9.4625,heen,243,MM1 ?V
9.4625,heen,243,MM0 ?V
9.4625,heen,243,MM1 V=120:222:4898
9.4625,heen,243,MM0 V=120:222:4905
9.4625,heen,243,"#45,YAW,1.85,GYRO,-33,-28,0,ACC,-23,-16,209,ADC,1248,392,4,2,"
9.4625,heen,243,MM1 ?CR
9.4625,heen,243,MM0 ?CR
9.4625,heen,243,MM1 CR=59:-58
9.4625,heen,243,MM0 CR=59:-59
9.4625,heen,243,"#46,YAW,1.85,GYRO,-228,18,-73,ACC,-29,-1,490,ADC,1245,499,5,2,"
9.4625,heen,243,MM0 ?A
9.4625,heen,243,MM1 ?A
9.4625,heen,243,MM1 A=4:-6
9.4625,heen,243,MM0 A=0:-2
9.4625,heen,243,MM1 !M 240 -246
9.4625,heen,243,MM0 !M 240 -246
9.4625,heen,243,MM1 +
9.4625,heen,243,MM0 +
9.4625,heen,243,"#47,YAW,1.85,GYRO,-53,426,-181,ACC,-36,-12,324,ADC,1246,385,5,2,"
9.4625,heen,243,"$GPRMC,103644.2,A,5050.50523,N,00419.39107,E,000.45,116.7,021026,000.4,E*5C"
9.4625,heen,243,MM1 ?AI
9.4625,heen,243,MM0 ?AI
9.4625,heen,243,MM1 AI=0:0:2415:2380:0:0
9.4625,heen,243,MM0 AI=0:0:2471:2468:0:0
9.4626,heen,243,"#48,YAW,1.85,GYRO,192,203,-70,ACC,52,-44,38,ADC,1240,330,6,2,"
9.4626,heen,243,MM1 ?C
9.4626,heen,243,MM0 ?C
9.4626,heen,243,MM1 C=839:-817
9.4626,heen,243,MM0 C=840:-833
9.4626,heen,243,MM1 !M 240 -246
9.4626,heen,243,MM0 !M 240 -246
9.4626,heen,243,MM1 +
9.4626,heen,243,MM0 +
9.4626,heen,243,"#49,YAW,1.86,GYRO,170,402,-38,ACC,-27,-32,205,ADC,1224,321,8,1,"
9.4626,heen,243,MM1 ?D
9.4626,heen,243,MM0 ?D
9.4626,heen,243,MM1 D=35
9.4626,heen,243,MM0 D=51
9.4626,heen,243,"#50,YAW,1.86,GYRO,-42,-550,42,ACC,71,-11,262,ADC,1222,388,4,2,"
9.4626,heen,243,MM1 ?FF
9.4626,heen,243,MM0 ?FF
9.4626,heen,243,MM1 FF=0
9.4626,heen,243,MM0 FF=0
9.4626,heen,243,"#51,YAW,1.86,GYRO,-23,116,-14,ACC,-79,81,300,ADC,1234,502,5,2,"
9.4626,heen,243,MM1 ?P
9.4626,heen,243,MM0 ?P
9.4626,heen,243,MM1 P=240:-246
9.4626,heen,243,MM0 P=240:-246
9.4626,heen,243,"#52,YAW,1.86,GYRO,-24,108,5,ACC,60,15,117,ADC,1252,501,5,1,"
9.4626,heen,243,MM1 ?S
9.4626,heen,243,MM0 ?S
9.4626,heen,243,MM1 S=225:-225
9.4627,heen,243,MM0 S=150:-225
9.4627,heen,243,"#53,YAW,1.86,GYRO,-57,-4,-2,ACC,8,-39,249,ADC,1225,374,4,2,"
9.4627,heen,243,MM0 !M 240 -246
9.4627,heen,243,MM0 +
9.4627,heen,243,MM1 !M 240 -246
9.4627,heen,243,MM1 +
9.4627,heen,243,MM1 PING
9.4627,heen,243,MM0 PING
9.4627,heen,243,MM0 ?T
9.4627,heen,243,MM1 ?T
9.4627,heen,243,MM0 T=35:34
9.4627,heen,243,MM1 T=35:33
9.4627,heen,243,"#54,YAW,1.86,GYRO,23,-244,23,ACC,28,-36,187,ADC,1280,502,4,2,"
9.4627,heen,243,MM1 ?V
9.4627,heen,243,MM0 ?V
9.4627,heen,243,MM1 V=120:222:4898
9.4627,heen,243,MM0 V=120:222:4903
9.4627,heen,243,"#55,YAW,1.86,GYRO,-30,-307,39,ACC,19,-7,254,ADC,1203,381,5,1,"
9.4627,heen,243,MM1 ?CR
9.4627,heen,243,MM0 ?CR
9.4627,heen,243,MM1 CR=57:-55
9.4627,heen,243,MM0 CR=56:-56
9.4627,heen,243,MM0 !M 239 -247
9.4627,heen,243,MM1 !M 239 -247
9.4627,heen,243,MM0 +
9.4627,heen,243,MM1 +
9.4627,heen,243,MM0 PING
9.4627,heen,243,MM1 PING
9.4820,heen,243,"#56,YAW,1.86,GYRO,327,-231,79,ACC,-12,-68,444,ADC,1271,444,6,2,"
9.4821,heen,243,MM0 !M 239 -247
9.4821,heen,243,MM0 +
9.4821,heen,243,MM1 !M 239 -247
9.4821,heen,243,MM1 +
9.4821,heen,243,MM0 ?A
9.4821,heen,243,MM1 ?A
9.4821,heen,243,MM0 A=0:0
9.4821,heen,243,MM1 A=4:0
9.5029,heen,230,"#57,YAW,1.86,GYRO,-92,153,58,ACC,-3,53,216,ADC,1278,502,5,2,"
9.5030,heen,230,"$GPRMC,103644.4,A,5050.50522,N,00419.39111,E,000.44,116.7,021026,000.4,E*5D"
9.5030,heen,230,MM1 ?AI
9.5030,heen,230,MM0 ?AI
9.5030,heen,230,MM1 AI=0:0:2397:2375:0:0
9.5030,heen,230,MM0 AI=0:0:2444:2477:0:0
9.5368,heen,230,"#58,YAW,1.86,GYRO,127,90,63,ACC,-13,30,221,ADC,1269,388,5,2,"
9.5368,heen,230,MM0 ?C
9.5368,heen,230,MM1 ?C
9.5368,heen,230,MM0 C=897:-889
9.5368,heen,230,MM1 C=896:-874
9.5368,heen,230,"#59,YAW,1.87,GYRO,-26,-93,27,ACC,-22,45,328,ADC,1287,399,6,2,"
9.5369,heen,230,MM1 ?D
9.5369,heen,230,MM0 ?D
9.5369,heen,230,MM1 D=16
9.5369,heen,230,MM0 D=26
9.5578,heen,167,"#60,YAW,1.87,GYRO,-115,176,-23,ACC,-5,36,190,ADC,1272,396,8,2,"
9.5578,heen,167,MM1 ?FF
9.5579,heen,167,MM0 ?FF
9.5579,heen,167,MM1 FF=0
9.5579,heen,167,MM0 FF=0
9.5579,heen,167,MM0 !M 227 -233
9.5579,heen,167,MM1 !M 227 -233
9.5579,heen,167,MM0 +
9.5579,heen,167,MM1 +
9.5579,heen,167,MM0 PING
9.5579,heen,167,MM1 PING
9.5921,heen,167,"#61,YAW,1.87,GYRO,-15,-7,-37,ACC,-8,0,168,ADC,1244,316,6,2,"
9.5922,heen,167,MM1 ?P
9.5922,heen,167,MM0 ?P
9.5922,heen,167,MM1 P=227:-233
9.5922,heen,167,MM0 P=227:-233
9.5922,heen,167,"#62,YAW,1.87,GYRO,3,-161,-46,ACC,-23,-45,364,ADC,1233,397,6,2,"
9.5922,heen,167,MM1 ?S
9.5922,heen,167,MM0 ?S
9.5922,heen,167,MM1 S=225:-225
9.5922,heen,167,MM0 S=150:-225
9.6431,heen,154,"#63,YAW,1.87,GYRO,-40,46,-14,ACC,-21,-11,332,ADC,1252,386,8,1,"
9.6431,heen,154,MM0 ?T
9.6431,heen,154,MM0 T=35:34
9.6431,heen,154,MM1 ?T
9.6431,heen,154,MM1 T=35:33
9.6431,heen,154,MM0 !M 165 -169
9.6431,heen,154,MM1 !M 165 -169
9.6431,heen,154,MM0 +
9.6431,heen,154,MM1 +
9.6431,heen,154,MM0 PING
9.6431,heen,154,MM1 PING
9.6431,heen,154,"#64,YAW,1.87,GYRO,-1,-12,8,ACC,-10,33,154,ADC,1270,500,6,2,"
9.6431,heen,154,MM1 ?V
9.6431,heen,154,MM0 ?V
9.6431,heen,154,MM1 V=120:221:4898
9.6431,heen,154,MM0 V=120:223:4904
9.6650,heen,140,"#65,YAW,1.87,GYRO,-55,174,19,ACC,-63,25,143,ADC,1261,496,7,2,"
9.6651,heen,140,MM0 ?CR
9.6651,heen,140,MM1 ?CR
9.6651,heen,140,MM0 CR=57:-56
9.6651,heen,140,MM1 CR=55:-56
9.7010,heen,124,"#66,YAW,1.87,GYRO,-33,-231,2,ACC,-12,-20,421,ADC,1238,496,6,2,"
9.7011,heen,124,MM0 ?A
9.7011,heen,124,MM1 ?A
9.7011,heen,124,MM0 A=-9:5
9.7011,heen,124,MM1 A=0:5
9.7011,heen,124,MM1 !M 150 -158
9.7011,heen,124,MM0 !M 150 -158
9.7011,heen,124,MM1 +
9.7011,heen,124,MM0 +
9.7011,heen,124,MM0 PING
9.7011,heen,124,MM1 PING
9.7011,heen,124,"#67,YAW,1.87,GYRO,-8,48,21,ACC,-45,-16,295,ADC,1270,500,5,2,"
9.7011,heen,124,"$GPRMC,103644.6,A,5050.50522,N,00419.39114,E,000.43,116.7,021026,000.4,E*5D"
9.7011,heen,124,MM0 ?AI
9.7011,heen,124,MM1 ?AI
9.7011,heen,124,MM0 AI=0:0:2464:2461:0:0
9.7011,heen,124,MM1 AI=0:0:2387:2371:0:0
9.7351,heen,124,"#68,YAW,1.87,GYRO,91,63,10,ACC,-15,-30,192,ADC,1236,381,8,2,"
9.7351,heen,124,MM0 ?C
9.7351,heen,124,MM1 ?C
9.7351,heen,124,MM0 C=951:-943
9.7351,heen,124,MM1 C=949:-927
9.7351,heen,124,MM0 !M 136 -144
9.7351,heen,124,MM1 !M 136 -144
9.7351,heen,124,MM0 +
9.7351,heen,124,MM1 +
9.7351,heen,124,MM0 PING
9.7351,heen,124,MM1 PING
9.7351,heen,124,MM0 !M 120 -128
9.7351,heen,124,MM1 !M 120 -128
9.7352,heen,124,MM0 +
9.7352,heen,124,MM1 +
9.7352,heen,124,"#69,YAW,1.88,GYRO,-72,-13,-3,ACC,-46,26,189,ADC,1305,311,5,2,"
9.7352,heen,124,MM0 ?D
9.7352,heen,124,MM1 ?D
9.7352,heen,124,MM0 D=16
9.7352,heen,124,MM1 D=50
9.7558,heen,138,"#70,YAW,1.88,GYRO,74,-37,0,ACC,-48,23,297,ADC,1173,380,7,1,"
9.7558,heen,138,MM0 ?FF
9.7558,heen,138,MM1 ?FF
9.7558,heen,138,MM0 FF=0
9.7558,heen,138,MM1 FF=0
9.7898,heen,138,"#71,YAW,1.88,GYRO,65,58,10,ACC,-32,-11,242,ADC,1317,397,5,2,"
9.7899,heen,138,MM0 ?P
9.7899,heen,138,MM1 ?P
9.7899,heen,138,MM0 P=120:-128
9.7899,heen,138,MM1 P=120:-128
9.7899,heen,138,MM0 !M 134 -142
9.7899,heen,138,MM1 !M 134 -142
9.7899,heen,138,MM0 +
9.7899,heen,138,MM1 +
9.7899,heen,138,"#72,YAW,1.88,GYRO,17,-83,31,ACC,-25,-7,280,ADC,1272,410,4,1,"
9.7899,heen,138,MM0 ?S
9.7899,heen,138,MM1 ?S
9.7899,heen,138,MM1 S=150:-150
9.7899,heen,138,MM0 S=150:-75
9.8452,heen,126,"#73,YAW,1.88,GYRO,20,20,20,ACC,-29,5,260,ADC,1264,391,5,1,"
9.8452,heen,126,MM0 ?T
9.8452,heen,126,MM1 ?T
9.8452,heen,126,MM0 T=35:34
9.8453,heen,126,MM1 T=35:33
9.8453,heen,126,MM0 !M 123 -129
9.8453,heen,126,MM1 !M 123 -129
9.8453,heen,126,MM0 +
9.8453,heen,126,MM1 +
9.8453,heen,126,"#74,YAW,1.88,GYRO,17,42,14,ACC,-8,16,229,ADC,1255,337,6,2,"
9.8453,heen,126,MM1 ?V
9.8453,heen,126,MM0 ?V
9.8453,heen,126,MM1 V=120:222:4897
9.8453,heen,126,MM0 V=120:222:4904
9.8951,heen,113,"#75,YAW,1.88,GYRO,-37,-2,-3,ACC,-27,13,259,ADC,1288,502,5,2,"
9.8952,heen,113,MM0 ?CR
9.8952,heen,113,MM1 ?CR
9.8952,heen,113,MM0 CR=42:-42
9.8952,heen,113,MM1 CR=41:-43
9.8952,heen,113,"#76,YAW,1.88,GYRO,-19,11,-17,ACC,-14,-6,240,ADC,1226,381,6,2,"
9.8952,heen,113,MM0 ?A
9.8952,heen,113,MM1 ?A
9.8952,heen,113,MM0 A=0:0
9.8952,heen,113,MM1 A=0:0
9.8952,heen,113,MM0 !M 110 -116
9.8952,heen,113,MM1 !M 110 -116
9.8952,heen,113,MM0 +
9.8952,heen,113,MM1 +
9.8952,heen,113,"#77,YAW,1.88,GYRO,5,-27,-22,ACC,-21,-14,226,ADC,1286,502,5,2,"
9.8952,heen,113,"$GPRMC,103644.8,A,5050.50522,N,00419.39118,E,000.41,116.7,021026,000.4,E*5D"
9.8952,heen,113,MM0 ?AI
9.8952,heen,113,MM1 ?AI
9.8952,heen,113,MM0 AI=0:0:2471:2476:0:0
9.9451,heen,98,MM1 AI=0:0:2379:2381:0:0
9.9451,heen,98,"#78,YAW,1.88,GYRO,14,-64,-13,ACC,-28,-4,300,ADC,1230,391,6,3,"
9.9451,heen,98,MM0 ?C
9.9451,heen,98,MM1 ?C
9.9451,heen,98,MM0 C=988:-980
9.9451,heen,98,MM1 C=985:-964
9.9451,heen,98,MM0 !M 94 -102
9.9451,heen,98,MM1 !M 94 -102
9.9451,heen,98,MM0 +
9.9452,heen,98,MM1 +
9.9452,heen,98,"#79,YAW,1.89,GYRO,4,-73,5,ACC,-18,5,244,ADC,1284,365,6,2,"
9.9452,heen,98,MM0 ?D
9.9452,heen,98,MM1 ?D
9.9452,heen,98,MM0 D=24
9.9452,heen,98,MM1 D=51
9.9452,heen,98,"#80,YAW,1.89,GYRO,-32,-6,-1,ACC,-16,20,245,ADC,1264,398,4,2,"
9.9452,heen,98,MM0 ?FF
9.9961,heen,117,MM1 ?FF
9.9961,heen,117,MM0 FF=0
9.9961,heen,117,MM1 FF=0
9.9961,heen,117,"#81,YAW,1.89,GYRO,-14,-46,2,ACC,-24,-4,257,ADC,1275,394,7,2,"
9.9961,heen,117,MM0 ?P
9.9961,heen,117,MM1 ?P
9.9962,heen,117,MM0 P=94:-102
9.9962,heen,117,MM1 P=94:-102
9.9962,heen,117,"#82,YAW,1.89,GYRO,-51,-66,5,ACC,-20,-15,239,ADC,1301,387,5,2,"
9.9962,heen,117,MM0 ?S
9.9962,heen,117,MM1 ?S
9.9962,heen,117,MM0 S=75:-150
9.9962,heen,117,MM1 S=75:-150
10.0471,heen,107,"#83,YAW,1.89,GYRO,11,13,1,ACC,-8,-4,236,ADC,1266,500,8,1,"
10.0471,heen,107,MM0 ?T
10.0471,heen,107,MM1 ?T
10.0471,heen,107,MM0 T=35:34
10.0471,heen,107,MM1 T=36:33
10.0471,heen,107,MM0 !M 113 -121
10.0471,heen,107,MM1 !M 113 -121
10.0471,heen,107,MM0 +
10.0471,heen,107,MM1 +
10.0472,heen,107,MM0 PING
10.0472,heen,107,MM1 PING
10.0472,heen,107,MM0 !M 103 -111
10.0472,heen,107,MM1 !M 103 -111
10.0472,heen,107,MM0 +
10.0472,heen,107,MM1 +
10.0472,heen,107,"#84,YAW,1.89,GYRO,-19,1,-13,ACC,-11,-6,252,ADC,1233,372,6,2,"
10.0472,heen,107,MM0 ?V
10.0472,heen,107,MM1 ?V
10.0472,heen,107,MM0 V=120:223:4904
10.0472,heen,107,MM1 V=120:222:4898
10.0472,heen,107,"#85,YAW,1.89,GYRO,19,-28,-26,ACC,-6,5,233,ADC,1297,395,4,1,"
10.0472,heen,107,MM0 ?CR
10.0472,heen,107,MM1 ?CR
10.0672,heen,95,MM0 CR=29:-29
10.0673,heen,95,MM1 CR=29:-28
10.0673,heen,95,"#86,YAW,1.89,GYRO,34,-1,-24,ACC,8,-5,247,ADC,1243,387,4,2,"
10.0673,heen,95,MM0 ?A
10.0673,heen,95,MM1 ?A
10.0673,heen,95,MM0 A=0:0
10.1063,heen,82,MM1 A=0:0
10.1064,heen,82,MM0 !M 90 -100
10.1064,heen,82,MM1 !M 90 -100
10.1064,heen,82,MM0 +
10.1064,heen,82,MM1 +
10.1064,heen,82,"#87,YAW,1.89,GYRO,27,15,-19,ACC,-3,2,275,ADC,1258,382,6,2,"
10.1064,heen,82,"$GPRMC,103645.0,A,5050.50521,N,00419.39121,E,000.40,116.7,021026,000.4,E*5C"
10.1064,heen,82,MM0 ?AI
10.1064,heen,82,MM1 ?AI
10.1064,heen,82,MM0 AI=0:0:2456:2473:0:0
10.1064,heen,82,MM1 AI=0:0:2373:2403:0:0
10.1064,heen,82,"#88,YAW,1.89,GYRO,2,14,-14,ACC,-4,6,237,ADC,1222,284,8,2,"
10.1064,heen,82,MM0 ?C
10.1064,heen,82,MM1 ?C
10.1410,heen,82,MM0 C=1014:-1007
10.1411,heen,82,MM1 C=1011:-991
10.1411,heen,82,MM0 !M 77 -87
10.1411,heen,82,MM1 !M 77 -87
10.1411,heen,82,MM0 +
10.1411,heen,82,MM1 +
10.1411,heen,82,"#89,YAW,1.90,GYRO,11,52,-4,ACC,-1,-1,251,ADC,1233,384,4,2,"
10.1411,heen,82,MM0 ?D
10.1411,heen,82,MM1 ?D
10.1411,heen,82,MM0 D=43
10.1411,heen,82,MM1 D=0
10.1620,heen,96,"#90,YAW,1.90,GYRO,-33,33,13,ACC,-10,4,256,ADC,1234,387,6,2,"
10.1620,heen,96,MM0 ?FF
10.1620,heen,96,MM1 ?FF
10.1621,heen,96,MM0 FF=0
10.1621,heen,96,MM1 FF=0
10.1969,heen,96,"#91,YAW,1.90,GYRO,10,4,37,ACC,-1,0,244,ADC,1256,402,5,2,"
10.1969,heen,96,MM0 ?P
10.1969,heen,96,MM1 ?P
10.1969,heen,96,MM0 P=77:-87
10.1969,heen,96,MM1 P=77:-87
10.1969,heen,96,MM0 !M 90 -102
10.1969,heen,96,MM1 !M 90 -102
10.1970,heen,96,MM0 +
10.1970,heen,96,MM1 +
10.1970,heen,96,"#92,YAW,1.90,GYRO,-35,23,34,ACC,-9,-2,253,ADC,1248,382,5,1,"
10.1970,heen,96,MM0 ?S
10.1970,heen,96,MM1 ?S
10.1970,heen,96,MM0 S=75:-75
10.1970,heen,96,MM1 S=75:-75
10.2481,heen,87,"#93,YAW,1.90,GYRO,-12,1,14,ACC,-5,-1,252,ADC,1288,499,5,2,"
10.2482,heen,87,MM0 ?T
10.2482,heen,87,MM1 ?T
10.2482,heen,87,MM0 T=34:34
10.2482,heen,87,MM1 T=35:33
10.2482,heen,87,"#94,YAW,1.90,GYRO,-28,15,-14,ACC,-4,4,245,ADC,1237,392,7,2,"
10.2482,heen,87,MM0 ?V
10.2482,heen,87,MM1 ?V
10.2482,heen,87,MM0 V=120:223:4903
10.2482,heen,87,MM1 V=120:222:4897
10.2482,heen,87,MM0 !M 83 -91
10.2482,heen,87,MM1 !M 83 -91
10.2482,heen,87,MM0 +
10.2482,heen,87,MM1 +
10.2482,heen,87,"#95,YAW,1.90,GYRO,6,26,-28,ACC,3,2,255,ADC,1255,384,4,2,"
10.2483,heen,87,MM0 ?CR
10.2483,heen,87,MM1 ?CR
10.2483,heen,87,MM0 CR=22:-22
10.2483,heen,87,MM1 CR=22:-22
10.2989,heen,76,"#96,YAW,1.90,GYRO,3,11,-11,ACC,-3,-4,251,ADC,1247,399,5,2,"
10.2989,heen,76,MM0 ?A
10.2989,heen,76,MM1 ?A
10.2989,heen,76,MM0 A=0:0
10.2989,heen,76,MM1 A=0:0
10.2989,heen,76,MM1 !M 71 -81
10.2990,heen,76,MM0 !M 71 -81
10.2990,heen,76,MM1 +
10.2990,heen,76,MM0 +
10.2990,heen,76,"#97,YAW,1.90,GYRO,16,-7,6,ACC,-5,-4,259,ADC,1260,386,8,2,"
10.2990,heen,76,"$GPRMC,103645.2,A,5050.50521,N,00419.39125,E,000.40,116.7,021026,000.4,E*5A"
10.2990,heen,76,MM0 ?AI
10.2990,heen,76,MM1 ?AI
10.2990,heen,76,MM0 AI=0:0:2458:2472:0:0
10.2990,heen,76,MM1 AI=0:0:2367:2372:0:0
10.3499,heen,64,"#98,YAW,1.90,GYRO,1,-32,25,ACC,-5,0,259,ADC,1317,502,8,2,"
10.3499,heen,64,MM0 ?C
10.3499,heen,64,MM1 ?C
10.3499,heen,64,MM0 C=1035:-1027
10.3499,heen,64,MM1 C=1032:-1011
10.3500,heen,64,"#99,YAW,1.90,GYRO,4,-33,35,ACC,-12,6,243,ADC,1257,392,9,2,"
10.3500,heen,64,MM0 ?D
10.3500,heen,64,MM1 ?D
10.3500,heen,64,MM0 D=35
10.3500,heen,64,MM1 D=0
10.3500,heen,64,MM1 !M 59 -69
10.3500,heen,64,MM0 !M 59 -69
10.3500,heen,64,MM1 +
10.3500,heen,64,MM0 +
10.3500,heen,64,"#100,YAW,1.90,GYRO,7,30,26,ACC,-17,9,252,ADC,1275,390,5,2,"
10.3500,heen,64,MM0 ?FF
10.3500,heen,64,MM1 ?FF
10.3500,heen,64,MM0 FF=0
10.3500,heen,64,MM1 FF=0
10.4005,heen,79,"#101,YAW,1.90,GYRO,1,4,14,ACC,-16,4,257,ADC,1233,399,6,2,"
10.4005,heen,79,MM0 ?P
10.4005,heen,79,MM1 ?P
10.4005,heen,79,MM0 P=59:-69
10.4005,heen,79,MM1 P=59:-69
10.4005,heen,79,MM0 !M 75 -83
10.4005,heen,79,MM1 !M 75 -83
10.4005,heen,79,MM0 +
10.4005,heen,79,MM1 +
10.4005,heen,79,"#102,YAW,1.90,GYRO,-4,-5,-1,ACC,-6,-6,243,ADC,1254,387,6,2,"
10.4006,heen,79,MM0 ?S
10.4006,heen,79,MM1 ?S
10.4006,heen,79,MM0 S=75:-75
10.4006,heen,79,MM1 S=75:-75
10.4510,heen,70,"#103,YAW,1.90,GYRO,-6,-13,-7,ACC,-8,-11,243,ADC,1279,502,7,2,"
10.4511,heen,70,MM0 ?T
10.4511,heen,70,MM1 ?T
10.4511,heen,70,MM0 T=35:34
10.4511,heen,70,MM1 T=35:33
10.4511,heen,70,"#104,YAW,1.90,GYRO,-16,21,-7,ACC,-11,-9,251,ADC,1262,502,4,2,"
10.4511,heen,70,MM0 ?V
10.4511,heen,70,MM1 ?V
10.4511,heen,70,MM0 V=120:220:4905
10.4511,heen,70,MM1 V=120:223:4896
10.4511,heen,70,MM0 !M 66 -74
10.4511,heen,70,MM1 !M 66 -74
10.4511,heen,70,MM0 +
10.4511,heen,70,MM1 +
10.4511,heen,70,"#105,YAW,1.90,GYRO,-11,25,-1,ACC,-6,-2,249,ADC,1233,401,4,3,"
10.4512,heen,70,MM0 ?CR
10.4512,heen,70,MM1 ?CR
10.4512,heen,70,MM0 CR=18:-18
10.4512,heen,70,MM1 CR=18:-18
10.5024,heen,61,"#106,YAW,1.90,GYRO,-17,14,1,ACC,3,-1,233,ADC,1233,383,4,2,"
10.5024,heen,61,MM0 ?A
10.5024,heen,61,MM1 ?A
10.5024,heen,61,MM0 A=0:0
10.5024,heen,61,MM1 A=0:0
10.5024,heen,61,MM0 !M 56 -66
10.5024,heen,61,MM1 !M 56 -66
10.5024,heen,61,MM0 +
10.5024,heen,61,MM1 +
10.5024,heen,61,"#107,YAW,1.90,GYRO,-15,13,1,ACC,8,5,253,ADC,1306,387,4,1,"
10.5024,heen,61,MM0 ?AI
10.5024,heen,61,MM1 ?AI
10.5024,heen,61,MM0 AI=0:0:2462:2474:0:0
10.5024,heen,61,MM1 AI=0:0:2388:2391:0:0
10.5024,heen,61,"$GPRMC,103645.4,A,5050.50521,N,00419.39128,E,000.39,116.7,021026,000.4,E*5F"
11.0529,heen,0,"#108,YAW,1.90,GYRO,1,21,-3,ACC,-4,2,258,ADC,1289,500,4,2,"
11.0530,heen,0,MM0 ?C
11.0530,heen,0,MM1 ?C
11.0530,heen,0,MM0 C=1051:-1044
11.0530,heen,0,MM1 C=1048:-1028
11.0530,heen,0,"#109,YAW,1.91,GYRO,5,20,0,ACC,-3,-8,260,ADC,1273,502,6,2,"
11.0530,heen,0,MM0 ?D
11.0530,heen,0,MM1 ?D
11.0530,heen,0,MM0 D=41
11.0530,heen,0,MM1 D=2
11.0531,heen,0,MM1 !M 55 -65
11.0531,heen,0,MM0 !M 55 -65
11.0531,heen,0,MM1 +
11.0531,heen,0,MM0 +
11.0531,heen,0,"#110,YAW,1.91,GYRO,9,29,4,ACC,9,0,257,ADC,1266,390,5,1,"
11.0531,heen,0,MM0 ?FF
11.0531,heen,0,MM1 ?FF
11.0531,heen,0,MM0 FF=0
11.0531,heen,0,MM1 FF=0
11.0531,heen,0,"#111,YAW,1.91,GYRO,11,39,5,ACC,1,2,258,ADC,1251,399,4,2,"
11.0531,heen,0,MM0 ?P
11.0531,heen,0,MM1 ?P
11.0531,heen,0,MM0 P=55:-65
11.0531,heen,0,MM1 P=55:-65
11.0531,heen,0,MM1 !M 55 -65
11.0531,heen,0,MM0 !M 55 -65
11.0531,heen,0,MM1 +
11.0531,heen,0,MM0 +
11.0531,heen,0,"#112,YAW,1.91,GYRO,16,4,3,ACC,-11,-1,254,ADC,1260,385,6,1,"
11.0531,heen,0,MM0 ?S
11.0531,heen,0,MM1 ?S
11.0531,heen,0,MM0 S=0:-75
11.0531,heen,0,MM1 S=0:-75
11.0531,heen,0,"#113,YAW,1.91,GYRO,11,-11,1,ACC,-9,1,240,ADC,1296,502,5,2,"
11.0531,heen,0,MM0 ?T
11.0531,heen,0,MM1 ?T
11.0531,heen,0,MM0 T=35:34
11.0532,heen,0,MM1 T=35:33
11.0532,heen,0,"#114,YAW,1.91,GYRO,11,13,-7,ACC,3,0,250,ADC,1254,502,4,2,"
11.0532,heen,0,MM0 ?V
11.0532,heen,0,MM1 ?V
11.0532,heen,0,MM0 V=120:222:4905
11.0532,heen,0,MM1 V=120:222:4897
11.0532,heen,0,MM0 !M 0 0
11.0532,heen,0,MM1 !M 0 0
11.0532,heen,0,MM0 +
11.0532,heen,0,MM1 +
11.0532,heen,0,"#115,YAW,1.91,GYRO,6,31,-13,ACC,-14,5,256,ADC,1255,398,5,2,"
11.0533,heen,0,MM0 ?CR
11.0533,heen,0,MM1 ?CR
11.0533,heen,0,MM0 CR=13:-14
11.0533,heen,0,MM1 CR=13:-14
11.0533,heen,0,"#116,YAW,1.91,GYRO,1,93,24,ACC,-51,3,242,ADC,1198,381,7,1,"
11.0533,heen,0,MM0 ?A
11.0533,heen,0,MM1 ?A
11.0533,heen,0,MM0 A=0:0
11.0533,heen,0,MM1 A=0:0
11.0533,heen,0,MM0 !M 0 0PING
11.0533,heen,0,MM1 !M 0 0PING
11.0533,heen,0,MM0 +
11.0533,heen,0,MM1 +
11.0533,heen,0,MM0 !M 0 0
11.0533,heen,0,MM1 !M 0 0
11.0533,heen,0,MM0 +
11.0533,heen,0,MM1 +
11.0533,heen,0,"#117,YAW,1.91,GYRO,5,0,-17,ACC,-36,1,259,ADC,1220,380,4,3,"
11.0533,heen,0,MM0 ?AI
11.0533,heen,0,MM1 ?AI
11.0533,heen,0,"$GPRMC,103645.6,A,5050.50520,N,00419.39131,E,000.38,116.7,021026,000.4,E*55"
11.0533,heen,0,MM0 AI=0:0:2458:2462:0:0
11.0533,heen,0,MM1 AI=0:0:2366:2396:0:0
11.0533,heen,0,"#118,YAW,1.91,GYRO,0,-12,-2,ACC,-22,3,250,ADC,1261,499,6,2,"
11.0533,heen,0,MM1 ?C
11.0533,heen,0,MM0 ?C
11.0533,heen,0,MM0 C=1063:-1055
11.0533,heen,0,MM1 C=1060:-1039
11.0533,heen,0,"#119,YAW,1.91,GYRO,15,54,-21,ACC,-36,3,253,ADC,1297,503,7,2,"
11.0534,heen,0,MM0 ?D
11.0534,heen,0,MM1 ?D
11.0534,heen,0,MM0 D=17
11.0534,heen,0,MM1 D=50
11.0534,heen,0,MM0 !M 0 0
11.0534,heen,0,MM1 !M 0 0
11.0534,heen,0,MM0 +
11.0534,heen,0,MM1 +
11.0534,heen,0,"#120,YAW,1.91,GYRO,-2,0,-1,ACC,-15,4,264,ADC,1256,500,8,2,"
11.0534,heen,0,MM0 ?FF
11.0534,heen,0,MM1 ?FF
11.0534,heen,0,MM0 FF=0
11.0534,heen,0,MM1 FF=0
11.0534,heen,0,"#121,YAW,1.91,GYRO,0,-22,9,ACC,-12,-1,244,ADC,1226,380,7,2,"
11.0534,heen,0,MM0 ?P
11.0534,heen,0,MM1 ?P
11.0534,heen,0,MM0 P=0:0
11.0534,heen,0,MM1 P=0:0
11.0534,heen,0,MM0 !M 0 0
11.0534,heen,0,MM1 !M 0 0
11.0534,heen,0,MM0 +
11.0534,heen,0,MM1 +
11.0534,heen,0,"#122,YAW,1.91,GYRO,4,24,-2,ACC,-18,-3,252,ADC,1254,344,7,2,"
11.0534,heen,0,MM0 ?S
11.0534,heen,0,MM1 ?S
11.0534,heen,0,MM1 S=0:0
11.0534,heen,0,MM0 S=0:-75
11.0534,heen,0,"#123,YAW,1.91,GYRO,2,23,-11,ACC,-19,0,249,ADC,1261,501,6,2,"
11.0534,heen,0,MM0 ?T
11.0534,heen,0,MM1 ?T
11.0534,heen,0,MM0 T=34:34
11.0535,heen,0,MM1 T=35:33
11.0535,heen,0,"#124,YAW,1.91,GYRO,1,-7,-9,ACC,-18,2,254,ADC,1270,501,6,2,"
11.0535,heen,0,MM0 ?V
11.0535,heen,0,MM1 ?V
11.0535,heen,0,MM0 V=120:223:4904
11.0535,heen,0,MM1 V=120:221:4897
11.0535,heen,0,MM1 !M 0 0
11.0535,heen,0,MM0 !M 0 0
11.0535,heen,0,MM1 +
11.0535,heen,0,MM0 +
11.0535,heen,0,"#125,YAW,1.91,GYRO,0,13,-2,ACC,-2,4,266,ADC,1285,389,5,3,"
11.0535,heen,0,MM0 ?CR
11.0535,heen,0,MM1 ?CR
11.0535,heen,0,MM0 CR=5:-4
11.0535,heen,0,MM1 CR=5:-4
11.0535,heen,0,"#126,YAW,1.91,GYRO,-4,-6,8,ACC,-4,-1,245,ADC,1254,386,5,2,"
11.0535,heen,0,MM0 ?A
11.0535,heen,0,MM1 ?A
11.0535,heen,0,MM0 A=0:0
11.0535,heen,0,MM1 A=0:0
11.0535,heen,0,MM0 !M 0 0
11.0535,heen,0,MM1 !M 0 0
11.0535,heen,0,MM0 +
11.0535,heen,0,MM1 +
11.0535,heen,0,"#127,YAW,1.91,GYRO,2,10,8,ACC,-1,-1,255,ADC,1239,309,6,2,"
11.0535,heen,0,MM0 ?AI
11.0535,heen,0,MM1 ?AI
11.0535,heen,0,"$GPRMC,103645.8,A,5050.50520,N,00419.39134,E,000.34,116.7,021026,000.4,E*52"
11.0535,heen,0,MM0 AI=0:0:2458:2482:0:0
11.0535,heen,0,MM1 AI=0:0:2404:2370:0:0
11.0535,heen,0,"#128,YAW,1.91,GYRO,-3,-4,4,ACC,1,1,252,ADC,1305,499,5,2,"
11.0536,heen,0,MM0 ?C
11.0536,heen,0,MM1 ?C
11.0536,heen,0,MM0 C=1065:-1057
11.0536,heen,0,MM1 C=1062:-1040
11.0536,heen,0,"#129,YAW,1.91,GYRO,1,6,0,ACC,0,1,253,ADC,1260,387,4,1,"
11.0536,heen,0,MM0 ?D
11.0536,heen,0,MM1 ?D
11.0536,heen,0,MM0 D=35
11.0536,heen,0,MM1 D=16
11.0536,heen,0,MM0 !M 0 0
11.0536,heen,0,MM1 !M 0 0
11.0536,heen,0,MM0 +
11.0536,heen,0,MM1 +
11.0536,heen,0,"#130,YAW,1.91,GYRO,0,5,-2,ACC,1,1,252,ADC,1229,381,6,2,"
11.0536,heen,0,MM0 ?FF
11.0536,heen,0,MM1 ?FF
11.0536,heen,0,MM0 FF=0
11.0536,heen,0,MM1 FF=0
11.0536,heen,0,"#131,YAW,1.91,GYRO,0,1,-2,ACC,1,0,254,ADC,1226,388,7,2,"
11.0536,heen,0,MM0 ?P
11.0536,heen,0,MM1 ?P
11.0536,heen,0,MM0 P=0:0
11.0536,heen,0,MM1 P=0:0
11.0536,heen,0,MM1 !M 0 0
11.0536,heen,0,MM0 !M 0 0
11.0536,heen,0,MM1 +
11.0536,heen,0,MM0 +
11.0536,heen,0,"#132,YAW,1.91,GYRO,0,8,-3,ACC,3,-3,250,ADC,1201,311,6,2,"
11.0536,heen,0,MM0 ?S
11.0537,heen,0,MM1 ?S
11.0537,heen,0,MM0 S=0:0
11.0537,heen,0,MM1 S=0:0
11.0537,heen,0,"#133,YAW,1.91,GYRO,-1,1,2,ACC,1,0,249,ADC,1225,380,7,2,"
11.0537,heen,0,MM0 ?T
11.0537,heen,0,MM1 ?T
11.0537,heen,0,MM0 T=35:34
11.0541,heen,0,MM1 T=35:33
11.0541,heen,0,"#134,YAW,1.91,GYRO,0,1,0,ACC,2,3,255,ADC,1269,501,7,2,"
11.0541,heen,0,MM0 ?V
11.0541,heen,0,MM1 ?V
11.0541,heen,0,MM0 V=120:223:4906
11.0541,heen,0,MM1 V=120:222:4896
11.0541,heen,0,MM1 !M 0 0
11.0541,heen,0,MM0 !M 0 0
11.0541,heen,0,MM0 +
11.0541,heen,0,MM1 +
11.0541,heen,0,"#135,YAW,1.91,GYRO,0,6,1,ACC,7,-3,255,ADC,1236,382,5,2,"
11.0541,heen,0,MM0 ?CR
11.0541,heen,0,MM1 ?CR
11.0541,heen,0,MM0 CR=0:0
11.0541,heen,0,MM1 CR=0:1
11.0729,heen,0,"#136,YAW,1.91,GYRO,0,5,-2,ACC,1,-1,252,ADC,1218,386,5,2,"
11.0729,heen,0,MM0 ?A
11.0729,heen,0,MM1 ?A
11.0729,heen,0,MM0 A=0:0
11.0729,heen,0,MM1 A=0:0
11.1072,heen,0,MM0 !M 0 0
11.1073,heen,0,MM1 !M 0 0
11.1073,heen,0,MM0 +
11.1073,heen,0,MM1 +
11.1073,heen,0,"#137,YAW,1.92,GYRO,0,8,-3,ACC,3,0,258,ADC,1247,344,6,1,"
11.1073,heen,0,MM0 ?AI
11.1073,heen,0,MM1 ?AI
11.1073,heen,0,"$GPRMC,103646.0,A,5050.50519,N,00419.39136,E,000.33,116.7,021026,000.4,E*56"
11.1073,heen,0,MM0 AI=0:0:2454:2473:0:0
11.1073,heen,0,MM1 AI=0:0:2384:2382:0:0
11.1073,heen,0,"#138,YAW,1.92,GYRO,1,6,2,ACC,2,-1,255,ADC,1223,368,5,2,"
11.1073,heen,0,MM0 ?C
11.1073,heen,0,MM1 ?C
11.1073,heen,0,MM0 C=1065:-1057
11.1589,heen,0,MM1 C=1062:-1040
11.1590,heen,0,"#139,YAW,1.92,GYRO,-1,7,4,ACC,3,2,250,ADC,1268,502,4,2,"
11.1590,heen,0,MM0 ?D
11.1590,heen,0,MM1 ?D
11.1590,heen,0,MM0 D=35
11.1590,heen,0,MM1 D=16
11.1590,heen,0,MM0 !M 0 0
11.1590,heen,0,MM1 !M 0 0
11.1590,heen,0,MM0 +
11.1590,heen,0,MM1 +
11.1590,heen,0,"#140,YAW,1.92,GYRO,1,7,5,ACC,1,-1,253,ADC,1225,382,7,2,"
11.1590,heen,0,MM0 ?FF
11.1590,heen,0,MM1 ?FF
11.1590,heen,0,MM0 FF=0
11.1590,heen,0,MM1 FF=0
11.2080,heen,60,"#141,YAW,1.92,GYRO,0,6,1,ACC,0,-1,253,ADC,1233,388,5,2,"
11.2080,heen,60,MM0 ?P
11.2080,heen,60,MM1 ?P
11.2080,heen,60,MM0 P=0:0
11.2080,heen,60,MM1 P=0:0
11.2080,heen,60,"#142,YAW,1.92,GYRO,1,7,-4,ACC,4,0,251,ADC,1308,503,4,2,"
11.2080,heen,60,MM0 ?S
11.2080,heen,60,MM1 ?S
11.2080,heen,60,MM0 S=0:0
11.2080,heen,60,MM1 S=0:0
11.2080,heen,60,MM0 !M 54 -66
11.2080,heen,60,MM0 +
11.2080,heen,60,MM1 !M 54 -66
11.2080,heen,60,MM1 +
11.2080,heen,60,"#143,YAW,1.92,GYRO,1,5,-4,ACC,25,8,248,ADC,1285,497,7,2,"
11.2081,heen,60,MM0 ?T
11.2081,heen,60,MM1 ?T
11.2081,heen,60,MM0 T=34:34
11.2081,heen,60,MM1 T=35:33
11.2590,heen,60,"#144,YAW,1.92,GYRO,-4,-16,4,ACC,24,4,251,ADC,1280,395,5,2,"
11.2590,heen,60,MM0 ?V
11.2590,heen,60,MM1 ?V
11.2590,heen,60,MM0 V=120:219:4905
11.2590,heen,60,MM1 V=120:222:4895
11.2590,heen,60,MM0 !M 54 -66
11.2590,heen,60,MM1 !M 54 -66
11.2590,heen,60,MM0 +
11.2590,heen,60,MM1 +
11.2590,heen,60,"#145,YAW,1.92,GYRO,-4,6,29,ACC,20,-6,253,ADC,1235,387,8,2,"
11.2591,heen,60,MM0 ?CR
11.2591,heen,60,MM1 ?CR
11.2591,heen,60,MM0 CR=1:-1
11.2591,heen,60,MM1 CR=1:-2
11.3102,heen,60,"#146,YAW,1.91,GYRO,3,2,19,ACC,20,-5,253,ADC,1274,397,5,2,"
11.3103,heen,60,MM0 ?A
11.3103,heen,60,MM1 ?A
11.3103,heen,60,MM0 A=0:0
11.3103,heen,60,MM1 A=0:0
11.3103,heen,60,"#147,YAW,1.92,GYRO,3,27,-23,ACC,13,-3,247,ADC,1241,492,5,2,"
11.3103,heen,60,MM0 ?AI
11.3103,heen,60,MM1 ?AI
11.3103,heen,60,"$GPRMC,103646.2,A,5050.50519,N,00419.39139,E,000.32,116.7,021026,000.4,E*5A"
11.3103,heen,60,MM1 AI=0:0:2356:2379:0:0
11.3103,heen,60,MM0 AI=0:0:2474:2480:0:0
11.3103,heen,60,MM1 !M 55 -65
11.3103,heen,60,MM0 !M 55 -65
11.3103,heen,60,MM1 +
11.3103,heen,60,MM0 +
11.3103,heen,60,"#148,YAW,1.92,GYRO,8,29,-32,ACC,8,0,258,ADC,1257,327,7,1,"
11.3103,heen,60,MM0 ?C
11.3104,heen,60,MM1 ?C
11.3104,heen,60,MM0 C=1067:-1059
11.3600,heen,60,MM1 C=1064:-1043
11.3600,heen,60,"#149,YAW,1.92,GYRO,0,3,-4,ACC,13,2,247,ADC,1265,402,7,2,"
11.3600,heen,60,MM0 ?D
11.3600,heen,60,MM1 ?D
11.3601,heen,60,MM0 D=25
11.3601,heen,60,MM1 D=50
11.3601,heen,60,MM1 !M 54 -66
11.3601,heen,60,MM0 !M 54 -66
11.3601,heen,60,MM1 +
11.3601,heen,60,MM0 +
11.3601,heen,60,"#150,YAW,1.92,GYRO,-1,7,1,ACC,2,0,243,ADC,1219,382,5,2,"
11.3601,heen,60,MM0 ?FF
11.3601,heen,60,MM1 ?FF
11.3601,heen,60,MM0 FF=0
11.3601,heen,60,MM1 FF=0
11.4099,heen,60,"#151,YAW,1.92,GYRO,6,44,5,ACC,-2,-2,257,ADC,1263,395,4,1,"
11.4099,heen,60,MM1 ?P
11.4099,heen,60,MM0 ?P
11.4099,heen,60,MM1 P=54:-66
11.4099,heen,60,MM0 P=54:-66
11.4099,heen,60,"#152,YAW,1.92,GYRO,-10,-12,21,ACC,10,1,262,ADC,1236,385,6,2,"
11.4099,heen,60,MM1 ?S
11.4099,heen,60,MM0 ?S
11.4099,heen,60,MM0 S=75:0
11.4100,heen,60,MM1 S=75:0
11.4100,heen,60,MM1 !M 54 -66
11.4100,heen,60,MM0 !M 54 -66
11.4100,heen,60,MM1 +
11.4100,heen,60,MM0 +
11.4100,heen,60,"#153,YAW,1.92,GYRO,-4,19,-3,ACC,-3,3,239,ADC,1230,383,5,2,"
11.4100,heen,60,MM1 ?T
11.4100,heen,60,MM0 ?T
11.4100,heen,60,MM1 T=35:33
11.4100,heen,60,MM0 T=34:34
11.4613,heen,60,"#154,YAW,1.92,GYRO,3,37,-7,ACC,9,2,262,ADC,1267,384,4,2,"
11.4614,heen,60,MM1 ?V
11.4614,heen,60,MM0 ?V
11.4614,heen,60,MM1 V=120:222:4897
11.4614,heen,60,MM0 V=120:223:4905
11.4614,heen,60,MM1 !M 54 -66
11.4614,heen,60,MM0 !M 54 -66
11.4614,heen,60,MM1 +
11.4614,heen,60,MM0 +
11.4614,heen,60,"#155,YAW,1.92,GYRO,-13,-39,0,ACC,8,0,248,ADC,1207,381,8,2,"
11.4614,heen,60,MM0 ?CR
11.4614,heen,60,MM1 ?CR
11.4614,heen,60,MM0 CR=6:-5
11.4614,heen,60,MM1 CR=6:-5
11.5119,heen,60,"#156,YAW,1.92,GYRO,0,60,-17,ACC,5,0,254,ADC,1280,500,9,2,"
11.5119,heen,60,MM0 ?A
11.5119,heen,60,MM1 ?A
11.5119,heen,60,MM0 A=0:0
11.5119,heen,60,MM1 A=0:0
11.5119,heen,60,"#157,YAW,1.92,GYRO,1,5,0,ACC,13,-2,264,ADC,1305,391,7,2,"
11.5119,heen,60,MM0 ?AI
11.5119,heen,60,MM1 ?AI
11.5119,heen,60,"$GPRMC,103646.4,A,5050.50518,N,00419.39141,E,000.32,116.7,021026,000.4,E*52"
11.5119,heen,60,MM0 AI=0:0:2460:2430:0:0
11.5120,heen,60,MM1 AI=0:0:2389:2375:0:0
11.5120,heen,60,MM0 !M 54 -66
11.5120,heen,60,MM1 !M 54 -66
11.5120,heen,60,MM0 +
11.5120,heen,60,MM1 +
11.5120,heen,60,"#158,YAW,1.92,GYRO,-17,13,-8,ACC,0,1,251,ADC,1215,349,6,2,"
11.5120,heen,60,MM0 ?C
11.5120,heen,60,MM1 ?C
11.5120,heen,60,MM0 C=1074:-1066
11.5120,heen,60,MM1 C=1071:-1050
11.5620,heen,60,"#159,YAW,1.92,GYRO,11,13,3,ACC,16,0,255,ADC,1252,386,4,2,"
11.5620,heen,60,MM0 ?D
11.5620,heen,60,MM1 ?D
11.5620,heen,60,MM0 D=24
11.5620,heen,60,MM1 D=35
11.5620,heen,60,MM0 !M 54 -66
11.5620,heen,60,MM1 !M 54 -66
11.5620,heen,60,MM0 +
11.5620,heen,60,MM1 +
11.5620,heen,60,"#160,YAW,1.92,GYRO,-6,12,-1,ACC,-7,0,248,ADC,1240,381,5,2,"
11.5621,heen,60,MM1 ?FF
11.5621,heen,60,MM0 ?FF
11.5621,heen,60,MM1 FF=0
11.5621,heen,60,MM0 FF=0
11.6172,heen,60,"#161,YAW,1.92,GYRO,7,-1,2,ACC,9,0,248,ADC,1266,385,4,2,"
11.6173,heen,60,MM0 ?P
11.6173,heen,60,MM1 ?P
11.6173,heen,60,MM0 P=54:-66
11.6173,heen,60,MM1 P=54:-66
11.6173,heen,60,"#162,YAW,1.92,GYRO,-1,21,3,ACC,-3,-1,249,ADC,1245,388,6,2,"
11.6173,heen,60,MM1 ?S
11.6173,heen,60,MM0 ?S
11.6173,heen,60,MM0 S=75:0
11.6173,heen,60,MM1 S=75:-75
11.6173,heen,60,MM0 !M 54 -66
11.6173,heen,60,MM1 !M 54 -66
11.6173,heen,60,MM0 +
11.6173,heen,60,MM1 +
11.6173,heen,60,"#163,YAW,1.92,GYRO,17,4,9,ACC,12,-3,249,ADC,1291,395,6,1,"
11.6173,heen,60,MM1 ?T
11.6173,heen,60,MM0 ?T
11.6173,heen,60,MM1 T=35:33
11.6173,heen,60,MM0 T=34:34
11.6509,heen,60,"#164,YAW,1.92,GYRO,-2,33,-3,ACC,-4,-3,256,ADC,1289,499,8,2,"
11.6509,heen,60,MM1 ?V
11.6509,heen,60,MM0 ?V
11.6509,heen,60,MM1 V=120:222:4897
11.6509,heen,60,MM0 V=120:223:4903
11.6509,heen,60,MM0 !M 53 -67
11.6509,heen,60,MM1 !M 53 -67
11.6509,heen,60,MM0 +
11.6509,heen,60,MM1 +
11.6509,heen,60,"#165,YAW,1.92,GYRO,24,-5,13,ACC,7,-5,251,ADC,1247,385,6,2,"
11.6509,heen,60,MM1 ?CR
11.6509,heen,60,MM0 ?CR
11.6509,heen,60,MM1 CR=8:-9
11.6510,heen,60,MM0 CR=8:-9
11.6729,heen,60,"#166,YAW,1.92,GYRO,5,14,1,ACC,15,7,256,ADC,1231,380,5,2,"
11.6729,heen,60,MM1 ?A
11.6730,heen,60,MM0 ?A
11.6730,heen,60,MM1 A=0:0
11.6730,heen,60,MM0 A=0:0
11.7072,heen,60,"#167,YAW,1.92,GYRO,21,15,6,ACC,0,0,256,ADC,1290,399,3,2,"
11.7072,heen,60,MM0 !M 54 -66
11.7073,heen,60,MM0 +
11.7073,heen,60,MM1 !M 54 -66
11.7073,heen,60,MM1 +
11.7073,heen,60,MM1 ?AI
11.7073,heen,60,MM0 ?AI
11.7073,heen,60,"$GPRMC,103646.6,A,5050.50518,N,00419.39144,E,000.33,116.7,021026,000.4,E*54"
11.7073,heen,60,MM1 AI=0:0:2359:2331:0:0
11.7073,heen,60,MM0 AI=0:0:2466:2465:0:0
11.7073,heen,60,"#168,YAW,1.92,GYRO,7,-10,-2,ACC,5,3,250,ADC,1234,282,4,2,"
11.7073,heen,60,MM1 ?C
11.7073,heen,60,MM0 ?C
11.7277,heen,0,MM1 C=1080:-1059
11.7277,heen,0,MM0 C=1084:-1075
11.7277,heen,0,"#169,YAW,1.92,GYRO,13,28,-16,ACC,4,1,254,ADC,1269,390,4,2,"
11.7277,heen,0,MM1 ?D
11.7277,heen,0,MM0 ?D
11.7277,heen,0,MM1 D=18
11.7277,heen,0,MM0 D=3
11.7615,heen,0,MM1 !M 54 -66
11.7616,heen,0,MM0 !M 54 -66
11.7616,heen,0,MM1 +
11.7616,heen,0,MM0 +
11.7616,heen,0,MM1 !M 0 0
11.7616,heen,0,MM0 !M 0 0
11.7616,heen,0,MM1 +
11.7616,heen,0,MM0 +
11.7616,heen,0,MM1 !M 0 0
11.7616,heen,0,MM0 !M 0 0
11.7616,heen,0,MM1 +
11.7616,heen,0,MM0 +
11.7616,heen,0,"#170,YAW,1.92,GYRO,10,12,-12,ACC,5,0,259,ADC,1231,305,5,2,"
11.7616,heen,0,MM1 ?FF
11.7616,heen,0,MM0 ?FF
11.7616,heen,0,MM1 FF=0
11.7616,heen,0,MM0 FF=0
11.7837,heen,0,"#171,YAW,1.92,GYRO,6,41,-12,ACC,38,6,228,ADC,1280,389,5,1,"
11.7838,heen,0,MM1 ?P
11.7838,heen,0,MM0 ?P
11.7838,heen,0,MM1 P=0:0
11.7838,heen,0,MM0 P=0:0
11.8178,heen,0,"#172,YAW,1.92,GYRO,13,69,34,ACC,-37,-1,257,ADC,1239,395,5,2,"
11.8178,heen,0,MM1 ?S
11.8179,heen,0,MM0 ?S
11.8179,heen,0,MM0 S=75:0
11.8179,heen,0,MM1 S=0:-75
11.8179,heen,0,MM1 !M 0 0
11.8179,heen,0,MM0 !M 0 0
11.8179,heen,0,MM1 +
11.8179,heen,0,MM0 +
11.8179,heen,0,"#173,YAW,1.92,GYRO,10,16,3,ACC,-44,3,235,ADC,1271,394,6,1,"
11.8179,heen,0,MM1 ?T
11.8179,heen,0,MM0 ?T
11.8179,heen,0,MM1 T=35:33
11.8179,heen,0,MM0 T=34:34
11.8392,heen,0,"#174,YAW,1.92,GYRO,-3,-28,0,ACC,-18,5,253,ADC,1274,502,8,2,"
11.8393,heen,0,MM1 ?V
11.8393,heen,0,MM0 ?V
11.8393,heen,0,MM1 V=120:221:4897
11.8393,heen,0,MM0 V=120:222:4903
11.8729,heen,0,"#175,YAW,1.92,GYRO,3,34,-13,ACC,-35,3,249,ADC,1253,390,5,3,"
11.8729,heen,0,MM1 ?CR
11.8729,heen,0,MM0 ?CR
11.8729,heen,0,MM1 CR=8:-8
11.8729,heen,0,MM0 CR=9:-8
11.8729,heen,0,MM0 !M 0 0
11.8729,heen,0,MM1 !M 0 0
11.8729,heen,0,MM0 +
11.8729,heen,0,MM1 +
11.8729,heen,0,"#176,YAW,1.92,GYRO,13,28,-17,ACC,-25,-1,259,ADC,1262,386,9,2,"
11.8729,heen,0,MM1 ?A
11.8729,heen,0,MM0 ?A
11.8729,heen,0,MM1 A=0:0
11.8729,heen,0,MM0 A=0:0
11.9263,heen,0,"#177,YAW,1.92,GYRO,-10,-28,-4,ACC,-18,1,244,ADC,1259,387,7,2,"
11.9264,heen,0,MM1 ?AI
11.9264,heen,0,MM0 ?AI
11.9264,heen,0,"$GPRMC,103646.8,A,5050.50517,N,00419.39146,E,000.35,116.7,021026,000.4,E*51"
11.9264,heen,0,MM1 AI=0:0:2361:2405:0:0
11.9264,heen,0,MM0 AI=0:0:2474:2460:0:0
11.9264,heen,0,MM1 !M 0 0
11.9264,heen,0,MM0 !M 0 0
11.9264,heen,0,MM1 +
11.9264,heen,0,MM0 +
11.9264,heen,0,"#178,YAW,1.92,GYRO,2,-11,2,ACC,-4,3,251,ADC,1224,356,5,2,"
11.9264,heen,0,MM1 ?C
11.9264,heen,0,MM0 ?C
11.9264,heen,0,MM1 C=1086:-1065
11.9264,heen,0,MM0 C=1090:-1081
11.9264,heen,0,"#179,YAW,1.92,GYRO,2,26,8,ACC,-5,-1,256,ADC,1240,500,5,2,"
11.9264,heen,0,MM1 ?D
11.9264,heen,0,MM0 ?D
11.9759,heen,0,MM0 D=34
11.9759,heen,0,MM1 D=0
11.9759,heen,0,"#180,YAW,1.92,GYRO,-2,-9,2,ACC,-5,0,254,ADC,1230,386,7,2,"
11.9759,heen,0,MM1 ?FF
11.9759,heen,0,MM0 ?FF
11.9760,heen,0,MM1 FF=0
11.9760,heen,0,MM0 FF=0
11.9760,heen,0,MM0 !M 0 0
11.9760,heen,0,MM1 !M 0 0
11.9760,heen,0,MM0 +
11.9760,heen,0,MM1 +
11.9760,heen,0,"#181,YAW,1.92,GYRO,1,8,-4,ACC,-6,0,251,ADC,1268,501,5,2,"
11.9760,heen,0,MM1 ?P
11.9760,heen,0,MM0 ?P
11.9760,heen,0,MM1 P=0:0
11.9760,heen,0,MM0 P=0:0
12.0269,heen,0,"#182,YAW,1.92,GYRO,0,12,-6,ACC,-8,2,254,ADC,1198,379,7,1,"
12.0270,heen,0,MM1 ?S
12.0270,heen,0,MM0 ?S
12.0270,heen,0,MM1 S=0:0
12.0270,heen,0,MM0 S=0:0
12.0271,heen,0,MM0 !M 0 0
12.0271,heen,0,MM1 !M 0 0
12.0271,heen,0,MM0 +
12.0271,heen,0,MM1 +
12.0271,heen,0,"#183,YAW,1.92,GYRO,2,2,-2,ACC,-6,2,252,ADC,1220,326,5,2,"
12.0271,heen,0,MM1 ?T
12.0271,heen,0,MM0 ?T
12.0271,heen,0,MM1 T=35:33
12.0271,heen,0,MM0 T=35:34
12.0271,heen,0,"#184,YAW,1.92,GYRO,0,5,1,ACC,-3,2,251,ADC,1224,500,8,2,"
12.0271,heen,0,MM0 ?V
12.0271,heen,0,MM1 ?V
12.0768,heen,0,MM0 V=120:222:4905
12.0768,heen,0,MM1 V=120:222:4896
12.0768,heen,0,"#185,YAW,1.92,GYRO,-1,5,2,ACC,-6,1,250,ADC,1250,492,4,2,"
12.0769,heen,0,MM0 ?CR
12.0769,heen,0,MM1 ?CR
12.0769,heen,0,MM0 CR=1:-1
12.0769,heen,0,MM1 CR=2:-1
12.0769,heen,0,MM1 !M 0 0
12.0769,heen,0,MM1 +
12.0769,heen,0,MM0 !M 0 0
12.0769,heen,0,MM0 +
12.0769,heen,0,"#186,YAW,1.92,GYRO,1,5,1,ACC,-2,2,252,ADC,1273,387,7,1,"
12.0769,heen,0,MM0 ?A
12.0769,heen,0,MM1 ?A
12.0769,heen,0,MM0 A=0:0
12.0769,heen,0,MM1 A=0:0
12.1280,heen,0,"#187,YAW,1.92,GYRO,1,9,-1,ACC,-2,-1,254,ADC,1253,388,6,2,"
12.1280,heen,0,MM0 ?AI
12.1280,heen,0,MM1 ?AI
12.1280,heen,0,"$GPRMC,103647.0,A,5050.50517,N,00419.39149,E,000.34,116.7,021026,000.4,E*56"
12.1280,heen,0,MM0 AI=0:0:2447:2474:0:0
12.1281,heen,0,MM1 AI=0:0:2371:2393:0:0
12.1281,heen,0,"#188,YAW,1.92,GYRO,1,3,-1,ACC,0,0,253,ADC,1277,499,4,1,"
12.1281,heen,0,MM0 !M 0 0
12.1281,heen,0,MM0 +
12.1281,heen,0,MM1 !M 0 0
12.1281,heen,0,MM1 +
12.1281,heen,0,MM0 ?C
12.1281,heen,0,MM1 ?C
12.1281,heen,0,MM0 C=1090:-1081
12.1281,heen,0,MM1 C=1087:-1065
12.1281,heen,0,"#189,YAW,1.92,GYRO,0,5,0,ACC,0,2,251,ADC,1240,385,7,2,"
12.1281,heen,0,MM0 ?D
12.1281,heen,0,MM1 ?D
12.1282,heen,0,MM0 D=34
12.1282,heen,0,MM1 D=1
12.1778,heen,0,"#190,YAW,1.92,GYRO,-1,5,-1,ACC,-4,-1,252,ADC,1226,418,6,1,"
12.1778,heen,0,MM0 ?FF
12.1778,heen,0,MM1 ?FF
12.1778,heen,0,MM0 FF=0
12.1778,heen,0,MM1 FF=0
12.1778,heen,0,MM0 !M 0 0
12.1779,heen,0,MM1 !M 0 0
12.1779,heen,0,MM0 +
12.1779,heen,0,MM1 +
12.1779,heen,0,"#191,YAW,1.92,GYRO,0,6,0,ACC,1,2,255,ADC,1282,501,4,2,"
12.1779,heen,0,MM0 ?P
12.1779,heen,0,MM1 ?P
12.1779,heen,0,MM0 P=0:0
12.1779,heen,0,MM1 P=0:0
12.2282,heen,0,"#192,YAW,1.92,GYRO,0,5,-1,ACC,2,1,249,ADC,1258,407,7,2,"
12.2282,heen,0,MM0 ?S
12.2282,heen,0,MM1 ?S
12.2282,heen,0,MM0 S=0:0
12.2282,heen,0,MM1 S=0:0
12.2282,heen,0,"#193,YAW,1.92,GYRO,0,6,0,ACC,1,1,255,ADC,1265,398,4,2,"
12.2283,heen,0,MM0 !M 0 0
12.2283,heen,0,MM0 +
12.2283,heen,0,MM1 !M 0 0
12.2283,heen,0,MM1 +
12.2283,heen,0,MM0 ?T
12.2283,heen,0,MM1 ?T
12.2283,heen,0,MM0 T=35:34
12.2283,heen,0,MM1 T=35:33
12.2283,heen,0,"#194,YAW,1.92,GYRO,0,6,0,ACC,-2,1,254,ADC,1253,500,7,2,"
12.2283,heen,0,MM0 ?V
12.2283,heen,0,MM1 ?V
12.2283,heen,0,MM0 V=120:223:4904
12.2788,heen,0,MM1 V=120:222:4895
12.2788,heen,0,"#195,YAW,1.92,GYRO,-1,6,-1,ACC,0,0,254,ADC,1224,387,7,2,"
12.2789,heen,0,MM0 ?CR
12.2789,heen,0,MM1 ?CR
12.2789,heen,0,MM0 CR=0:0
12.2789,heen,0,MM1 CR=0:0
12.2789,heen,0,MM1 !M 0 0
12.2789,heen,0,MM0 !M 0 0
12.2789,heen,0,MM1 +
12.2789,heen,0,MM0 +
12.2789,heen,0,"#196,YAW,1.92,GYRO,1,6,0,ACC,3,2,259,ADC,1282,501,4,2,"
12.2789,heen,0,MM0 ?A
12.2789,heen,0,MM1 ?A
12.2789,heen,0,MM0 A=0:0
12.2789,heen,0,MM1 A=0:0
12.3304,heen,0,"#197,YAW,1.92,GYRO,0,5,0,ACC,1,-1,254,ADC,1238,384,9,2,"
12.3304,heen,0,MM0 ?AI
12.3305,heen,0,MM1 ?AI
12.3305,heen,0,"$GPRMC,103647.2,A,5050.50516,N,00419.39152,E,000.34,116.7,021026,000.4,E*5F"
12.3305,heen,0,MM0 AI=0:0:2454:2467:0:0
12.3305,heen,0,MM1 AI=0:0:2375:2375:0:0
12.3305,heen,0,"#198,YAW,1.92,GYRO,2,7,0,ACC,1,0,252,ADC,1224,381,5,2,"
12.3305,heen,0,MM0 ?C
12.3305,heen,0,MM1 ?C
12.3305,heen,0,MM0 C=1090:-1081
12.3305,heen,0,MM1 C=1087:-1065
12.3305,heen,0,MM0 !M 0 0
12.3305,heen,0,MM1 !M 0 0
12.3305,heen,0,MM0 +
12.3305,heen,0,MM1 +
12.3305,heen,0,"#199,YAW,1.92,GYRO,1,6,0,ACC,1,0,252,ADC,1211,380,6,1,"
12.3305,heen,0,MM0 ?D
12.3305,heen,0,MM1 ?D
12.3306,heen,0,MM0 D=34
12.3306,heen,0,MM1 D=1
12.3800,heen,0,"#200,YAW,1.92,GYRO,1,6,1,ACC,-3,1,251,ADC,1268,388,4,2,"
12.3801,heen,0,MM0 ?FF
12.3801,heen,0,MM1 ?FF
12.3801,heen,0,MM0 FF=0
12.3801,heen,0,MM1 FF=0
12.3801,heen,0,MM1 !M 0 0
12.3801,heen,0,MM0 !M 0 0
12.3801,heen,0,MM1 +
12.3801,heen,0,MM0 +
12.3801,heen,0,"#201,YAW,1.92,GYRO,1,6,1,ACC,2,2,252,ADC,1226,389,5,1,"
12.3801,heen,0,MM0 ?P
12.3801,heen,0,MM1 ?P
12.3801,heen,0,MM0 P=0:0
12.3801,heen,0,MM1 P=0:0
12.4309,heen,0,"#202,YAW,1.92,GYRO,-1,6,-2,ACC,1,0,250,ADC,1237,384,4,2,"
12.4309,heen,0,MM0 ?S
12.4309,heen,0,MM1 ?S
12.4309,heen,0,MM0 S=0:0
12.4309,heen,0,MM1 S=0:0
12.4310,heen,0,"#203,YAW,1.92,GYRO,1,8,-1,ACC,0,-1,257,ADC,1269,500,4,2,"
12.4310,heen,0,MM0 ?T
12.4310,heen,0,MM1 ?T
12.4310,heen,0,MM0 T=35:34
12.4310,heen,0,MM1 T=35:33
12.4310,heen,0,MM1 !M 0 0
12.4310,heen,0,MM0 !M 0 0
12.4310,heen,0,MM1 +
12.4310,heen,0,MM0 +
12.4310,heen,0,"#204,YAW,1.92,GYRO,1,7,-1,ACC,-2,0,259,ADC,1239,501,6,1,"
12.4310,heen,0,MM0 ?V
12.4310,heen,0,MM1 ?V
12.4310,heen,0,MM0 V=120:223:4904
12.4310,heen,0,MM1 V=120:222:4896
12.4809,heen,0,"#205,YAW,1.92,GYRO,-1,7,0,ACC,-2,1,250,ADC,1256,497,6,2,"
12.4810,heen,0,MM0 ?CR
12.4810,heen,0,MM1 ?CR
12.4810,heen,0,MM0 CR=0:0
12.4810,heen,0,MM1 CR=0:0
12.4810,heen,0,MM1 !M 0 0
12.4810,heen,0,MM0 !M 0 0
12.4810,heen,0,MM1 +
12.4810,heen,0,MM0 +
12.4810,heen,0,"#206,YAW,1.92,GYRO,0,7,1,ACC,2,3,255,ADC,1220,381,5,2,"
12.4810,heen,0,MM0 ?A
12.4810,heen,0,MM1 ?A
12.4810,heen,0,MM0 A=0:0
12.4810,heen,0,MM1 A=0:0
12.5319,heen,0,"#207,YAW,1.93,GYRO,0,6,0,ACC,1,-1,253,ADC,1246,388,6,2,"
12.5320,heen,0,MM0 ?AI
12.5320,heen,0,MM1 ?AI
12.5320,heen,0,"$GPRMC,103647.4,A,5050.50516,N,00419.39155,E,000.34,116.7,021026,000.4,E*5E"
12.5320,heen,0,MM0 AI=0:0:2470:2464:0:0
12.5320,heen,0,MM1 AI=0:0:2364:2401:0:0
12.5320,heen,0,"#208,YAW,1.93,GYRO,-1,8,0,ACC,0,0,247,ADC,1279,491,7,2,"
12.5320,heen,0,MM0 ?C
12.5320,heen,0,MM1 ?C
12.5320,heen,0,MM0 C=1090:-1081
12.5320,heen,0,MM1 C=1087:-1065
12.5320,heen,0,MM1 !M 0 0
12.5320,heen,0,MM0 !M 0 0
12.5320,heen,0,MM1 +
12.5320,heen,0,MM0 +
12.5320,heen,0,"#209,YAW,1.93,GYRO,1,6,0,ACC,1,-1,257,ADC,1232,387,6,2,"
12.5320,heen,0,MM0 ?D
12.5321,heen,0,MM1 ?D
12.5321,heen,0,MM0 D=34
12.5321,heen,0,MM1 D=1
12.5819,heen,0,"#210,YAW,1.93,GYRO,0,8,-1,ACC,-2,0,253,ADC,1266,387,4,2,"
12.5819,heen,0,MM0 ?FF
12.5819,heen,0,MM1 ?FF
12.5819,heen,0,MM0 FF=0
12.5819,heen,0,MM1 FF=0
12.5819,heen,0,MM1 !M 0 0
12.5819,heen,0,MM0 !M 0 0
12.5819,heen,0,MM1 +
12.5819,heen,0,MM0 +
12.5819,heen,0,"#211,YAW,1.93,GYRO,1,7,1,ACC,0,0,250,ADC,1261,496,4,2,"
12.5819,heen,0,MM0 ?P
12.5820,heen,0,MM1 ?P
12.5820,heen,0,MM0 P=0:0
12.5820,heen,0,MM1 P=0:0
12.6318,heen,0,"#212,YAW,1.93,GYRO,1,4,-1,ACC,3,-1,253,ADC,1253,395,4,2,"
12.6319,heen,0,MM0 ?S
12.6319,heen,0,MM1 ?S
12.6319,heen,0,MM0 S=0:0
12.6319,heen,0,MM1 S=0:0
12.6319,heen,0,"#213,YAW,1.93,GYRO,0,6,0,ACC,0,1,255,ADC,1226,380,6,2,"
12.6319,heen,0,MM0 ?T
12.6319,heen,0,MM1 ?T
12.6319,heen,0,MM0 T=35:34
12.6319,heen,0,MM1 T=35:33
12.6319,heen,0,MM0 !M 0 0
12.6319,heen,0,MM1 !M 0 0
12.6319,heen,0,MM0 +
12.6319,heen,0,MM1 +
12.6319,heen,0,"#214,YAW,1.93,GYRO,1,5,0,ACC,-1,1,252,ADC,1233,397,4,2,"
12.6319,heen,0,MM0 ?V
12.6319,heen,0,MM1 ?V
12.6319,heen,0,MM0 V=120:223:4905
12.6320,heen,0,MM1 V=120:221:4895
12.6823,heen,0,"#215,YAW,1.93,GYRO,1,5,0,ACC,-2,2,251,ADC,1232,385,6,2,"
12.6824,heen,0,MM0 ?CR
12.6824,heen,0,MM1 ?CR
12.6824,heen,0,MM0 CR=0:0
12.6824,heen,0,MM1 CR=0:0
12.6824,heen,0,MM1 !M 0 0
12.6824,heen,0,MM0 !M 0 0
12.6824,heen,0,MM1 +
12.6824,heen,0,MM0 +
12.6824,heen,0,"#216,YAW,1.93,GYRO,1,5,0,ACC,0,1,254,ADC,1271,503,5,2,"
12.6824,heen,0,MM0 ?A
12.6824,heen,0,MM1 ?A
12.6824,heen,0,MM0 A=0:0
12.6824,heen,0,MM1 A=0:0
12.7329,heen,0,"#217,YAW,1.93,GYRO,1,6,-1,ACC,-2,0,253,ADC,1238,386,6,2,"
12.7330,heen,0,MM0 ?AI
12.7330,heen,0,MM1 ?AI
12.7330,heen,0,"$GPRMC,103647.6,A,5050.50515,N,00419.39157,E,000.33,116.7,021026,000.4,E*5A"
12.7330,heen,0,MM0 AI=0:0:2472:2473:0:0
12.7330,heen,0,MM1 AI=0:0:2361:2396:0:0
12.7330,heen,0,"#218,YAW,1.93,GYRO,0,8,0,ACC,0,-1,248,ADC,1256,380,7,2,"
12.7330,heen,0,MM0 ?C
12.7330,heen,0,MM1 ?C
12.7331,heen,0,MM0 C=1090:-1081
12.7331,heen,0,MM1 C=1087:-1065
12.7331,heen,0,MM0 !M 0 0
12.7331,heen,0,MM1 !M 0 0
12.7331,heen,0,MM0 +
12.7331,heen,0,MM1 +
12.7331,heen,0,"#219,YAW,1.93,GYRO,0,5,0,ACC,2,-1,255,ADC,1240,384,5,1,"
12.7331,heen,0,MM0 ?D
12.7331,heen,0,MM1 ?D
12.7331,heen,0,MM0 D=34
12.7332,heen,0,MM1 D=1
12.7536,heen,-60,"#220,YAW,1.93,GYRO,1,5,0,ACC,1,-1,254,ADC,1265,391,4,3,"
12.7537,heen,-60,MM0 ?FF
12.7537,heen,-60,MM1 ?FF
12.7537,heen,-60,MM0 FF=0
12.7537,heen,-60,MM1 FF=0
12.7878,heen,-60,"#221,YAW,1.93,GYRO,-1,4,0,ACC,1,-1,252,ADC,1248,390,5,2,"
12.7878,heen,-60,MM0 ?P
12.7879,heen,-60,MM1 ?P
12.7879,heen,-60,MM0 P=0:0
12.7879,heen,-60,MM1 P=0:0
12.7879,heen,-60,MM0 !M -57 63
12.7879,heen,-60,MM0 +
12.7879,heen,-60,MM1 !M -57 63
12.7879,heen,-60,MM1 +
12.7879,heen,-60,"#222,YAW,1.93,GYRO,2,9,1,ACC,2,4,255,ADC,1288,387,7,1,"
12.7879,heen,-60,MM0 ?S
12.7879,heen,-60,MM1 ?S
12.7879,heen,-60,MM0 S=0:0
12.7879,heen,-60,MM1 S=0:0
12.8353,heen,-60,"#223,YAW,1.93,GYRO,15,91,-13,ACC,-16,-11,237,ADC,1274,383,6,2,"
12.8353,heen,-60,MM0 ?T
12.8353,heen,-60,MM1 ?T
12.8353,heen,-60,MM0 T=35:34
12.8353,heen,-60,MM1 T=35:33
12.8353,heen,-60,MM0 !M -57 63
12.8354,heen,-60,MM1 !M -57 63
12.8354,heen,-60,MM1 +
12.8354,heen,-60,MM0 +
12.8354,heen,-60,"#224,YAW,1.93,GYRO,-13,-11,-4,ACC,-34,0,259,ADC,1256,392,5,2,"
12.8354,heen,-60,MM0 ?V
12.8354,heen,-60,MM1 ?V
12.8354,heen,-60,MM0 V=120:222:4905
12.8354,heen,-60,MM1 V=120:221:4894
12.8830,heen,0,"#225,YAW,1.93,GYRO,-5,-24,0,ACC,-21,8,246,ADC,1240,498,4,2,"
12.8830,heen,0,MM0 ?CR
12.8830,heen,0,MM1 ?CR
12.8830,heen,0,MM0 CR=-1:1
12.8830,heen,0,MM1 CR=-2:1
12.8830,heen,0,MM0 !M 0 0
12.8830,heen,0,MM1 !M 0 0
12.8830,heen,0,MM0 +
12.8831,heen,0,MM1 +
12.8831,heen,0,MM1 !M 0 0
12.8831,heen,0,MM0 !M 0 0
12.8831,heen,0,MM1 +
12.8831,heen,0,MM0 +
12.8831,heen,0,"#226,YAW,1.93,GYRO,-3,-4,11,ACC,-6,1,254,ADC,1235,325,5,2,"
12.8831,heen,0,MM0 ?A
12.8831,heen,0,MM1 ?A
12.8831,heen,0,MM0 A=0:0
12.8831,heen,0,MM1 A=0:0
12.9341,heen,0,"#227,YAW,1.93,GYRO,-2,-37,10,ACC,7,0,243,ADC,1265,382,8,2,"
12.9342,heen,0,MM0 ?AI
12.9342,heen,0,MM1 ?AI
12.9342,heen,0,"$GPRMC,103647.8,A,5050.50515,N,00419.39160,E,000.32,116.7,021026,000.4,E*51"
12.9342,heen,0,MM0 AI=0:0:2457:2459:0:0
12.9342,heen,0,MM1 AI=0:0:2369:2408:0:0
12.9342,heen,0,"#228,YAW,1.93,GYRO,2,13,0,ACC,12,-5,253,ADC,1239,391,7,2,"
12.9342,heen,0,MM0 ?C
12.9342,heen,0,MM1 ?C
12.9342,heen,0,MM0 C=1088:-1080
12.9342,heen,0,MM1 C=1085:-1063
12.9343,heen,0,MM1 !M 0 0
12.9343,heen,0,MM0 !M 0 0
12.9343,heen,0,MM1 +
12.9343,heen,0,MM0 +
12.9343,heen,0,"#229,YAW,1.93,GYRO,-6,-2,-6,ACC,28,-5,257,ADC,1285,501,6,2,"
12.9343,heen,0,MM0 ?D
12.9343,heen,0,MM1 ?D
12.9343,heen,0,MM1 D=50
12.9343,heen,0,MM0 D=1
12.9894,heen,0,"#230,YAW,1.93,GYRO,0,-25,-6,ACC,33,1,244,ADC,1259,386,5,2,"
12.9895,heen,0,MM0 ?FF
12.9895,heen,0,MM1 ?FF
12.9895,heen,0,MM0 FF=0
12.9895,heen,0,MM1 FF=0
12.9895,heen,0,MM1 !M 0 0
12.9895,heen,0,MM0 !M 0 0
12.9895,heen,0,MM1 +
12.9895,heen,0,MM0 +
12.9895,heen,0,"#231,YAW,1.93,GYRO,2,19,-3,ACC,19,-2,252,ADC,1213,347,6,1,"
12.9895,heen,0,MM0 ?P
12.9895,heen,0,MM1 ?P
12.9895,heen,0,MM0 P=0:0
12.9895,heen,0,MM1 P=0:0
12.9895,heen,0,"#232,YAW,1.93,GYRO,2,32,4,ACC,8,1,263,ADC,1258,392,6,2,"
12.9895,heen,0,MM0 ?S
12.9895,heen,0,MM1 ?S
13.0242,heen,0,MM0 S=0:0
13.0242,heen,0,MM1 S=0:0
13.0242,heen,0,MM1 !M 0 0
13.0242,heen,0,MM0 !M 0 0
13.0242,heen,0,MM1 +
13.0242,heen,0,MM0 +
13.0242,heen,0,"#233,YAW,1.93,GYRO,3,4,7,ACC,6,1,255,ADC,1273,398,4,2,"
13.0242,heen,0,MM0 ?T
13.0242,heen,0,MM1 ?T
13.0243,heen,0,MM0 T=35:34
13.0243,heen,0,MM1 T=35:33
13.0440,heen,0,"#234,YAW,1.93,GYRO,1,9,4,ACC,6,0,250,ADC,1285,500,6,2,"
13.0440,heen,0,MM0 ?V
13.0440,heen,0,MM1 ?V
13.0440,heen,0,MM0 V=120:223:4903
13.0440,heen,0,MM1 V=120:222:4898
13.0441,heen,0,"#235,YAW,1.93,GYRO,2,13,-3,ACC,2,3,255,ADC,1262,501,7,2,"
13.0778,heen,0,MM0 ?CR
13.0778,heen,0,MM1 ?CR
13.0778,heen,0,MM0 CR=-1:0
13.0778,heen,0,MM1 CR=0:1
13.0778,heen,0,MM0 !M 0 0
13.0778,heen,0,MM1 !M 0 0
13.0778,heen,0,MM0 +
13.0778,heen,0,MM1 +
13.0778,heen,0,"#236,YAW,1.93,GYRO,2,5,-6,ACC,-1,0,253,ADC,1223,403,6,1,"
13.0779,heen,0,MM0 ?A
13.0779,heen,0,MM1 ?A
13.0779,heen,0,MM0 A=0:0
13.0779,heen,0,MM1 A=0:0
13.0987,heen,0,"#237,YAW,1.93,GYRO,1,10,-3,ACC,-7,-2,256,ADC,1302,501,5,2,"
13.0988,heen,0,MM0 ?AI
13.0988,heen,0,MM1 ?AI
13.0988,heen,0,"$GPRMC,103648.0,A,5050.50514,N,00419.39162,E,000.30,116.7,021026,000.4,E*57"
13.0988,heen,0,MM0 AI=0:0:2464:2465:0:0
13.0988,heen,0,MM1 AI=0:0:2372:2367:0:0
13.1328,heen,0,"#238,YAW,1.93,GYRO,6,12,5,ACC,-6,0,248,ADC,1246,397,6,2,"
13.1328,heen,0,MM0 ?C
13.1328,heen,0,MM1 ?C
13.1328,heen,0,MM0 C=1088:-1080
13.1328,heen,0,MM1 C=1085:-1063
13.1329,heen,0,MM0 !M 0 0
13.1329,heen,0,MM1 !M 0 0
13.1329,heen,0,MM0 +
13.1329,heen,0,MM1 +
13.1329,heen,0,"#239,YAW,1.93,GYRO,2,3,7,ACC,-11,1,254,ADC,1266,416,6,2,"
13.1329,heen,0,MM0 ?D
13.1329,heen,0,MM1 ?D
13.1329,heen,0,MM1 D=50
13.1329,heen,0,MM0 D=1
13.1538,heen,0,"#240,YAW,1.93,GYRO,4,19,1,ACC,-11,1,252,ADC,1235,381,5,1,"
13.1538,heen,0,MM0 ?FF
13.1538,heen,0,MM1 ?FF
13.1538,heen,0,MM0 FF=0
13.1538,heen,0,MM1 FF=0
13.1878,heen,0,"#241,YAW,1.93,GYRO,2,3,0,ACC,-13,0,253,ADC,1245,384,6,2,"
13.1878,heen,0,MM0 !M 0 0
13.1878,heen,0,MM0 +
13.1879,heen,0,MM1 !M 0 0
13.1879,heen,0,MM1 +
13.1879,heen,0,MM0 ?P
13.1879,heen,0,MM1 ?P
13.1879,heen,0,MM0 P=0:0
13.1879,heen,0,MM1 P=0:0
13.1879,heen,0,"#242,YAW,1.93,GYRO,-2,6,0,ACC,-7,-1,251,ADC,1283,394,8,2,"
13.1879,heen,0,MM0 ?S
13.1879,heen,0,MM1 ?S
13.1879,heen,0,MM0 S=0:0
13.1879,heen,0,MM1 S=0:0
13.2400,heen,0,"#243,YAW,1.93,GYRO,-1,-1,2,ACC,-6,0,254,ADC,1213,379,5,2,"
13.2400,heen,0,MM0 ?T
13.2400,heen,0,MM1 ?T
13.2400,heen,0,MM0 T=35:34
13.2400,heen,0,MM1 T=35:33
13.2400,heen,0,MM0 !M 0 0
13.2400,heen,0,MM1 !M 0 0
13.2400,heen,0,MM0 +
13.2400,heen,0,MM1 +
13.2400,heen,0,"#244,YAW,1.93,GYRO,-2,1,-1,ACC,-1,0,252,ADC,1249,382,7,1,"
13.2401,heen,0,MM0 ?V
13.2401,heen,0,MM1 ?V
13.2401,heen,0,MM0 V=120:223:4903
13.2401,heen,0,MM1 V=120:223:4900
13.2880,heen,0,"#245,YAW,1.93,GYRO,1,13,-4,ACC,1,0,250,ADC,1241,381,4,2,"
13.2881,heen,0,MM0 ?CR
13.2881,heen,0,MM1 ?CR
13.2881,heen,0,MM1 CR=0:-1
13.2881,heen,0,MM0 CR=1:0
13.2881,heen,0,"#246,YAW,1.93,GYRO,-2,-2,-3,ACC,-3,2,253,ADC,1265,396,5,3,"
13.2881,heen,0,MM0 !M 0 0
13.2881,heen,0,MM0 +
13.2881,heen,0,MM1 !M 0 0
13.2881,heen,0,MM1 +
13.2881,heen,0,MM0 ?A
13.2881,heen,0,MM1 ?A
13.2881,heen,0,MM0 A=0:0
13.2881,heen,0,MM1 A=0:0
13.2881,heen,0,"#247,YAW,1.93,GYRO,2,8,0,ACC,3,-1,254,ADC,1266,500,4,1,"
13.2881,heen,0,MM0 ?AI
13.2881,heen,0,MM1 ?AI
13.3389,heen,0,"$GPRMC,103648.2,A,5050.50514,N,00419.39164,E,000.29,116.7,021026,000.4,E*5B"
13.3389,heen,0,MM0 AI=0:0:2459:2472:0:0
13.3389,heen,0,MM1 AI=0:0:2376:2377:0:0
13.3389,heen,0,"#248,YAW,1.93,GYRO,0,5,3,ACC,3,0,253,ADC,1236,387,5,2,"
13.3390,heen,0,MM0 ?C
13.3390,heen,0,MM1 ?C
13.3390,heen,0,MM0 C=1089:-1080
13.3390,heen,0,MM1 C=1085:-1064
13.3390,heen,0,MM0 !M 0 0
13.3390,heen,0,MM1 !M 0 0
13.3390,heen,0,MM0 +
13.3390,heen,0,MM1 +
13.3390,heen,0,"#249,YAW,1.93,GYRO,1,2,2,ACC,7,0,255,ADC,1270,396,4,2,"
13.3390,heen,0,MM0 ?D
13.3390,heen,0,MM1 ?D
13.3390,heen,0,MM1 D=18
13.3390,heen,0,MM0 D=3
13.3900,heen,0,"#250,YAW,1.93,GYRO,1,7,0,ACC,0,0,251,ADC,1290,502,4,1,"
13.3901,heen,0,MM0 ?FF
13.3901,heen,0,MM1 ?FF
13.3901,heen,0,MM0 FF=0
13.3901,heen,0,MM1 FF=0
13.3901,heen,0,"#251,YAW,1.93,GYRO,2,3,-2,ACC,2,-1,248,ADC,1217,384,7,2,"
13.3902,heen,0,MM0 ?P
13.3902,heen,0,MM1 ?P
13.3902,heen,0,MM0 P=0:0
13.3902,heen,0,MM1 P=0:0
13.3902,heen,0,MM0 !M 0 0
13.3902,heen,0,MM1 !M 0 0
13.3902,heen,0,MM0 +
13.3902,heen,0,MM1 +
13.3902,heen,0,"#252,YAW,1.93,GYRO,1,7,-3,ACC,2,0,256,ADC,1268,502,5,1,"
13.3902,heen,0,MM0 ?S
13.3902,heen,0,MM1 ?S
13.3902,heen,0,MM0 S=0:0
13.3902,heen,0,MM1 S=0:0
13.4410,heen,0,"#253,YAW,1.93,GYRO,1,6,-1,ACC,-1,1,252,ADC,1281,502,5,2,"
13.4411,heen,0,MM0 ?T
13.4411,heen,0,MM1 ?T
13.4411,heen,0,MM0 T=34:34
13.4411,heen,0,MM1 T=35:33
13.4412,heen,0,MM0 !M 0 0
13.4412,heen,0,MM1 !M 0 0
13.4412,heen,0,MM0 +
13.4412,heen,0,MM1 +
13.4412,heen,0,"#254,YAW,1.93,GYRO,0,7,1,ACC,0,1,248,ADC,1291,502,6,2,"
13.4412,heen,0,MM1 ?V
13.4412,heen,0,MM0 ?V
13.4412,heen,0,MM0 V=120:223:4904
13.4412,heen,0,MM1 V=120:223:4898
13.4942,heen,0,"#255,YAW,1.93,GYRO,1,5,2,ACC,-1,3,252,ADC,1263,393,7,2,"
13.4943,heen,0,MM0 ?CR
13.4943,heen,0,MM1 ?CR
13.4943,heen,0,MM0 CR=0:0
13.4943,heen,0,MM1 CR=0:0
13.4943,heen,0,"#0,YAW,1.93,GYRO,0,7,1,ACC,1,0,255,ADC,1292,389,4,2,"
13.4943,heen,0,MM0 ?A
13.4943,heen,0,MM1 ?A
13.4943,heen,0,MM0 A=0:0
13.4943,heen,0,MM1 A=0:0
13.4943,heen,0,MM1 !M 0 0
13.4943,heen,0,MM0 !M 0 0
13.4943,heen,0,MM1 +
13.4943,heen,0,MM0 +
13.4943,heen,0,"#1,YAW,1.93,GYRO,1,7,0,ACC,0,0,252,ADC,1272,387,5,2,"
13.4943,heen,0,MM1 ?AI
13.4943,heen,0,MM0 ?AI
13.4943,heen,0,"$GPRMC,103648.4,A,5050.50513,N,00419.39166,E,000.29,116.7,021026,000.4,E*58"
13.5422,heen,0,MM1 AI=0:0:2378:2383:0:0
13.5422,heen,0,MM0 AI=0:0:2468:2468:0:0
13.5422,heen,0,"#2,YAW,1.93,GYRO,1,6,-1,ACC,-1,0,251,ADC,1287,502,5,2,"
13.5423,heen,0,MM0 ?C
13.5423,heen,0,MM1 ?C
13.5423,heen,0,MM0 C=1089:-1080
13.5423,heen,0,MM1 C=1085:-1064
13.5423,heen,0,MM0 !M 0 0
13.5423,heen,0,MM1 !M 0 0
13.5423,heen,0,MM0 +
13.5423,heen,0,MM1 +
13.5423,heen,0,"#3,YAW,1.93,GYRO,0,8,4,ACC,-3,1,253,ADC,1258,501,5,2,"
13.5423,heen,0,MM0 ?D
13.5423,heen,0,MM1 ?D
13.5423,heen,0,MM1 D=18
13.5423,heen,0,MM0 D=3
13.5928,heen,0,"#4,YAW,1.93,GYRO,0,4,5,ACC,-3,1,239,ADC,1228,387,4,1,"
13.5929,heen,0,MM1 ?FF
13.5929,heen,0,MM0 ?FF
13.5929,heen,0,MM1 FF=0
13.5929,heen,0,MM0 FF=0
13.5929,heen,0,"#5,YAW,1.93,GYRO,1,6,-2,ACC,1,2,247,ADC,1277,503,7,2,"
13.5929,heen,0,MM0 ?P
13.5929,heen,0,MM1 ?P
13.5929,heen,0,MM0 P=0:0
13.5929,heen,0,MM1 P=0:0
13.5929,heen,0,MM0 !M 0 0
13.5929,heen,0,MM1 !M 0 0
13.5929,heen,0,MM0 +
13.5929,heen,0,MM1 +
13.5929,heen,0,"#6,YAW,1.93,GYRO,0,6,-5,ACC,2,1,256,ADC,1303,501,5,2,"
13.5929,heen,0,MM0 ?S
13.5929,heen,0,MM1 ?S
13.5929,heen,0,MM0 S=0:0
13.5930,heen,0,MM1 S=0:0
13.6430,heen,0,"#7,YAW,1.93,GYRO,2,3,-3,ACC,-1,0,250,ADC,1274,502,6,2,"
13.6431,heen,0,MM0 ?T
13.6431,heen,0,MM1 ?T
13.6431,heen,0,MM0 T=35:34
13.6431,heen,0,MM1 T=35:33
13.6431,heen,0,MM0 !M 0 0
13.6431,heen,0,MM1 !M 0 0
13.6431,heen,0,MM0 +
13.6431,heen,0,MM1 +
13.6431,heen,0,"#8,YAW,1.93,GYRO,0,4,1,ACC,-1,0,252,ADC,1251,394,7,2,"
13.6431,heen,0,MM0 ?V
13.6431,heen,0,MM1 ?V
13.6431,heen,0,MM0 V=120:222:4904
13.6431,heen,0,MM1 V=120:223:4897
13.6933,heen,0,"#9,YAW,1.93,GYRO,1,5,3,ACC,3,0,252,ADC,1269,395,5,2,"
13.6933,heen,0,MM1 ?CR
13.6934,heen,0,MM0 ?CR
13.6934,heen,0,MM1 CR=0:0
13.6934,heen,0,MM0 CR=0:0
13.6934,heen,0,"#10,YAW,1.93,GYRO,0,4,1,ACC,1,0,252,ADC,1258,391,8,2,"
13.6934,heen,0,MM0 ?A
13.6934,heen,0,MM1 ?A
13.6934,heen,0,MM0 A=0:0
13.6934,heen,0,MM1 A=0:0
13.6934,heen,0,MM0 !M 0 0
13.6934,heen,0,MM1 !M 0 0
13.6934,heen,0,MM0 +
13.6934,heen,0,MM1 +
13.6934,heen,0,"#11,YAW,1.93,GYRO,1,4,1,ACC,0,2,251,ADC,1229,408,5,3,"
13.6934,heen,0,MM1 ?AI
13.6934,heen,0,MM0 ?AI
13.6934,heen,0,"$GPRMC,103648.6,A,5050.50513,N,00419.39169,E,000.27,116.7,021026,000.4,E*5B"
13.7439,heen,0,MM1 AI=0:0:2394:2380:0:0
13.7439,heen,0,MM0 AI=0:0:2455:2468:0:0
13.7439,heen,0,"#12,YAW,1.93,GYRO,0,7,-2,ACC,2,1,253,ADC,1276,387,6,2,"
13.7440,heen,0,MM1 ?C
13.7440,heen,0,MM0 ?C
13.7440,heen,0,MM1 C=1085:-1064
13.7440,heen,0,MM0 C=1089:-1080
13.7440,heen,0,MM0 !M 0 0
13.7440,heen,0,MM1 !M 0 0
13.7440,heen,0,MM0 +
13.7440,heen,0,MM1 +
13.7440,heen,0,"#13,YAW,1.93,GYRO,0,8,-1,ACC,1,0,253,ADC,1290,500,6,2,"
13.7440,heen,0,MM0 ?D
13.7440,heen,0,MM1 ?D
13.7440,heen,0,MM1 D=18
13.7440,heen,0,MM0 D=3
13.7440,heen,0,"#14,YAW,1.93,GYRO,0,6,0,ACC,2,-1,253,ADC,1221,499,4,2,"
13.7949,heen,0,MM1 ?FF
13.7949,heen,0,MM0 ?FF
13.7949,heen,0,MM1 FF=0
13.7949,heen,0,MM0 FF=0
13.7949,heen,0,"#15,YAW,1.93,GYRO,0,5,0,ACC,-2,1,255,ADC,1238,403,4,2,"
13.7949,heen,0,MM1 ?P
13.7949,heen,0,MM0 ?P
13.7949,heen,0,MM1 P=0:0
13.7949,heen,0,MM0 P=0:0
13.7949,heen,0,MM0 !M 0 0
13.7949,heen,0,MM1 !M 0 0
13.7949,heen,0,MM0 +
13.7949,heen,0,MM1 +
13.7949,heen,0,"#16,YAW,1.93,GYRO,1,6,1,ACC,-2,2,252,ADC,1273,499,5,1,"
13.7950,heen,0,MM1 ?S
13.7950,heen,0,MM0 ?S
13.7950,heen,0,MM1 S=0:0
13.7950,heen,0,MM0 S=0:0
13.8450,heen,0,"#17,YAW,1.93,GYRO,0,6,-1,ACC,3,0,255,ADC,1245,388,6,2,"
13.8450,heen,0,MM1 ?T
13.8450,heen,0,MM0 ?T
13.8450,heen,0,MM1 T=35:33
13.8451,heen,0,MM0 T=34:34
13.8451,heen,0,MM0 !M 0 0
13.8451,heen,0,MM1 !M 0 0
13.8451,heen,0,MM0 +
13.8451,heen,0,MM1 +
13.8451,heen,0,"#18,YAW,1.93,GYRO,1,6,-1,ACC,-5,2,249,ADC,1256,408,8,2,"
13.8451,heen,0,MM1 ?V
13.8451,heen,0,MM0 ?V
13.8451,heen,0,MM1 V=120:222:4898
13.8451,heen,0,MM0 V=120:222:4905
13.8451,heen,0,"#19,YAW,1.93,GYRO,1,6,0,ACC,2,3,253,ADC,1236,384,5,1,"
13.8451,heen,0,MM0 ?CR
13.8952,heen,0,MM1 ?CR
13.8952,heen,0,MM0 CR=0:0
13.8952,heen,0,MM1 CR=0:0
13.8952,heen,0,"#20,YAW,1.93,GYRO,0,7,1,ACC,0,1,250,ADC,1259,503,6,2,"
13.8952,heen,0,MM1 ?A
13.8952,heen,0,MM0 ?A
13.8952,heen,0,MM1 A=0:0
13.8953,heen,0,MM0 A=0:0
13.8953,heen,0,MM0 !M 0 0
13.8953,heen,0,MM1 !M 0 0
13.8953,heen,0,MM0 +
13.8953,heen,0,MM1 +
13.8953,heen,0,"#21,YAW,1.93,GYRO,-1,5,0,ACC,-5,-1,251,ADC,1228,501,4,2,"
13.8953,heen,0,MM1 ?AI
13.8953,heen,0,MM0 ?AI
13.8953,heen,0,"$GPRMC,103648.8,A,5050.50513,N,00419.39170,E,000.25,116.7,021026,000.4,E*5F"
13.8953,heen,0,MM1 AI=0:0:2392:2369:0:0
13.9459,heen,0,MM0 AI=0:0:2449:2344:0:0
13.9460,heen,0,"#22,YAW,1.93,GYRO,0,6,0,ACC,1,0,258,ADC,1277,390,5,2,"
13.9460,heen,0,MM1 ?C
13.9460,heen,0,MM0 ?C
13.9460,heen,0,MM1 C=1085:-1064
13.9460,heen,0,MM0 C=1089:-1080
13.9460,heen,0,MM0 !M 0 0
13.9460,heen,0,MM0 +
13.9460,heen,0,MM1 !M 0 0
13.9460,heen,0,MM1 +
13.9460,heen,0,"#23,YAW,1.93,GYRO,0,5,0,ACC,-1,2,250,ADC,1292,339,5,2,"
13.9460,heen,0,MM1 ?D
13.9460,heen,0,MM0 ?D
13.9460,heen,0,MM1 D=18
13.9461,heen,0,MM0 D=11
13.9461,heen,0,"#24,YAW,1.93,GYRO,1,4,2,ACC,-5,0,255,ADC,1229,380,6,1,"
13.9461,heen,0,MM1 ?FF
13.9461,heen,0,MM0 ?FF
13.9958,heen,0,MM1 FF=0
13.9959,heen,0,MM0 FF=0
13.9959,heen,0,"#25,YAW,1.93,GYRO,1,5,0,ACC,-2,2,250,ADC,1240,499,6,1,"
13.9959,heen,0,MM1 ?P
13.9959,heen,0,MM0 ?P
13.9959,heen,0,MM1 P=0:0
13.9959,heen,0,MM0 P=0:0
13.9959,heen,0,MM1 !M 0 0
13.9959,heen,0,MM0 !M 0 0
13.9959,heen,0,MM1 +
13.9959,heen,0,MM0 +
13.9959,heen,0,"#26,YAW,1.94,GYRO,0,6,1,ACC,-2,2,254,ADC,1277,497,6,1,"
13.9959,heen,0,MM0 ?S
13.9959,heen,0,MM1 ?S
13.9959,heen,0,MM0 S=0:0
13.9959,heen,0,MM1 S=0:0
14.0475,heen,0,"#27,YAW,1.94,GYRO,0,5,-1,ACC,0,-2,249,ADC,1256,388,6,2,"
14.0476,heen,0,MM0 ?T
14.0476,heen,0,MM1 ?T
14.0476,heen,0,MM0 T=35:34
14.0476,heen,0,MM1 T=35:33
14.0476,heen,0,MM0 !M 0 0
14.0476,heen,0,MM1 !M 0 0
14.0476,heen,0,MM0 +
14.0476,heen,0,MM1 +
14.0476,heen,0,"#28,YAW,1.94,GYRO,0,5,1,ACC,-4,0,251,ADC,1245,341,5,2,"
14.0476,heen,0,MM1 ?V
14.0476,heen,0,MM0 ?V
14.0476,heen,0,MM1 V=120:222:4898
14.0476,heen,0,MM0 V=120:223:4903
14.0476,heen,0,"#29,YAW,1.94,GYRO,1,4,0,ACC,0,0,252,ADC,1205,380,5,1,"
14.0476,heen,0,MM0 ?CR
14.0477,heen,0,MM1 ?CR
14.0477,heen,0,MM0 CR=0:0
14.0983,heen,0,MM1 CR=0:0
14.0984,heen,0,"#30,YAW,1.94,GYRO,0,6,1,ACC,-2,-1,250,ADC,1212,390,6,2,"
14.0984,heen,0,MM0 ?A
14.0984,heen,0,MM1 ?A
14.0984,heen,0,MM0 A=0:0
14.0984,heen,0,MM1 A=0:0
14.0984,heen,0,MM0 !M 0 0
14.0984,heen,0,MM1 !M 0 0
14.0984,heen,0,MM0 +
14.0984,heen,0,MM1 +
14.0984,heen,0,"#31,YAW,1.94,GYRO,1,5,0,ACC,-5,0,249,ADC,1228,383,6,2,"
14.0984,heen,0,MM0 ?AI
14.0984,heen,0,MM1 ?AI
14.0984,heen,0,"$GPRMC,103649.0,A,5050.50513,N,00419.39172,E,000.25,116.7,021026,000.4,E*54"
14.0984,heen,0,MM1 AI=0:0:2353:2382:0:0
14.0984,heen,0,MM0 AI=0:0:2479:2469:0:0
14.1528,heen,0,"#32,YAW,1.94,GYRO,1,5,-1,ACC,-1,3,254,ADC,1247,392,6,2,"
14.1529,heen,0,MM0 ?C
14.1529,heen,0,MM1 ?C
14.1529,heen,0,MM0 C=1089:-1080
14.1529,heen,0,MM1 C=1085:-1064
14.1529,heen,0,"#33,YAW,1.94,GYRO,1,7,2,ACC,-5,0,248,ADC,1227,404,6,2,"
14.1529,heen,0,MM0 ?D
14.1529,heen,0,MM1 ?D
14.1529,heen,0,MM0 D=3
14.1529,heen,0,MM1 D=18
14.1530,heen,0,MM0 !M 0 0
14.1530,heen,0,MM0 +
14.1530,heen,0,MM1 !M 0 0
14.1530,heen,0,MM1 +
14.1530,heen,0,"#34,YAW,1.94,GYRO,1,5,0,ACC,0,-1,251,ADC,1233,379,4,1,"
14.1530,heen,0,MM1 ?FF
14.1530,heen,0,MM0 ?FF
14.1530,heen,0,MM1 FF=0
14.1530,heen,0,MM0 FF=0
14.1868,heen,0,MM1 !M 0 0
14.1869,heen,0,MM0 !M 0 0
14.1869,heen,0,MM1 +
14.1869,heen,0,MM0 +
14.1869,heen,0,"#35,YAW,1.94,GYRO,1,6,0,ACC,0,1,255,ADC,1256,346,7,2,"
14.1869,heen,0,MM0 ?P
14.1869,heen,0,MM1 ?P
14.1869,heen,0,MM0 P=0:0
14.1869,heen,0,MM1 P=0:0
14.1869,heen,0,"#36,YAW,1.94,GYRO,1,5,1,ACC,-2,0,256,ADC,1248,393,7,2,"
14.1869,heen,0,MM1 ?S
14.1869,heen,0,MM0 ?S
14.1869,heen,0,MM1 S=0:0
14.2079,heen,-60,MM0 S=0:0
14.2079,heen,-60,"#37,YAW,1.94,GYRO,2,3,1,ACC,1,0,250,ADC,1275,382,5,1,"
14.2079,heen,-60,MM1 ?T
14.2079,heen,-60,MM0 ?T
14.2079,heen,-60,MM1 T=35:33
14.2079,heen,-60,MM0 T=35:34
14.2455,heen,-60,MM0 !M -57 63
14.2455,heen,-60,MM1 !M -57 63
14.2455,heen,-60,MM0 +
14.2455,heen,-60,MM1 +
14.2455,heen,-60,"#38,YAW,1.94,GYRO,0,7,0,ACC,-2,4,253,ADC,1301,389,8,1,"
14.2456,heen,-60,MM0 ?V
14.2456,heen,-60,MM1 ?V
14.2456,heen,-60,MM0 V=120:222:4903
14.2456,heen,-60,MM1 V=120:220:4897
14.2631,heen,-60,"#39,YAW,1.94,GYRO,8,82,-6,ACC,-15,-1,261,ADC,1250,386,5,1,"
14.2632,heen,-60,MM0 ?CR
14.2632,heen,-60,MM1 ?CR
14.2632,heen,-60,MM0 CR=0:0
14.2632,heen,-60,MM1 CR=0:1
14.2968,heen,-60,"#40,YAW,1.94,GYRO,-17,-45,0,ACC,-15,-1,245,ADC,1237,497,6,1,"
14.2968,heen,-60,MM0 ?A
14.2968,heen,-60,MM1 ?A
14.2968,heen,-60,MM0 A=0:0
14.2968,heen,-60,MM1 A=0:0
14.2968,heen,-60,MM1 !M -57 63
14.2968,heen,-60,MM0 !M -57 63
14.2968,heen,-60,MM1 +
14.2968,heen,-60,MM0 +
14.2968,heen,-60,"$GPRMC,103649.2,A,5050.50513,N,00419.39174,E,000.26,116.7,021026,000.4,E*53"
14.2968,heen,-60,"#41,YAW,1.94,GYRO,4,5,-7,ACC,-8,5,251,ADC,1264,344,6,3,"
14.2968,heen,-60,MM1 ?AI
14.2969,heen,-60,MM0 ?AI
14.2969,heen,-60,MM1 AI=0:0:2363:2417:0:0
14.2969,heen,-60,MM0 AI=0:0:2447:2451:0:0
14.3528,heen,0,"#42,YAW,1.94,GYRO,-5,27,-2,ACC,-17,1,254,ADC,1268,498,5,2,"
14.3528,heen,0,MM0 ?C
14.3528,heen,0,MM1 ?C
14.3528,heen,0,MM0 C=1088:-1079
14.3528,heen,0,MM1 C=1084:-1063
14.3528,heen,0,"#43,YAW,1.94,GYRO,3,2,-2,ACC,-23,-1,243,ADC,1274,387,5,2,"
14.3528,heen,0,MM0 ?D
14.3528,heen,0,MM1 ?D
14.3528,heen,0,MM0 D=16
14.3528,heen,0,MM1 D=35
14.3528,heen,0,MM0 !M -57 63
14.3528,heen,0,MM1 !M -57 63
14.3528,heen,0,MM0 +
14.3528,heen,0,MM1 +
14.3528,heen,0,"#44,YAW,1.94,GYRO,-6,5,0,ACC,-11,2,253,ADC,1261,385,5,2,"
14.3529,heen,0,MM0 ?FF
14.3529,heen,0,MM1 ?FF
14.3529,heen,0,MM0 FF=0
14.3529,heen,0,MM1 FF=0
14.3882,heen,0,MM0 !M 0 0
14.3883,heen,0,MM1 !M 0 0
14.3883,heen,0,MM0 +
14.3883,heen,0,MM1 +
14.3883,heen,0,"#45,YAW,1.94,GYRO,-10,-26,9,ACC,0,4,256,ADC,1257,305,5,2,"
14.3883,heen,0,MM0 ?P
14.3883,heen,0,MM1 ?P
14.3883,heen,0,MM1 P=-11:16
14.3883,heen,0,MM0 P=-11:16
14.3883,heen,0,MM0 !M 0 0
14.3883,heen,0,MM1 !M 0 0
14.3883,heen,0,MM1 +
14.3883,heen,0,MM0 +
14.3883,heen,0,"#46,YAW,1.94,GYRO,-1,-23,10,ACC,15,2,244,ADC,1219,383,5,2,"
14.3883,heen,0,MM0 ?S
14.3883,heen,0,MM1 ?S
14.3883,heen,0,MM0 S=75:0
14.4086,heen,0,MM1 S=0:0
14.4087,heen,0,"#47,YAW,1.94,GYRO,-4,13,3,ACC,16,-2,256,ADC,1250,383,5,2,"
14.4087,heen,0,MM0 ?T
14.4087,heen,0,MM1 ?T
14.4087,heen,0,MM0 T=35:34
14.4087,heen,0,MM1 T=35:33
14.4432,heen,0,MM0 !M 0 0
14.4432,heen,0,MM1 !M 0 0
14.4432,heen,0,MM1 +
14.4432,heen,0,MM0 +
14.4432,heen,0,"#48,YAW,1.94,GYRO,1,-6,0,ACC,24,0,256,ADC,1238,398,7,1,"
14.4433,heen,0,MM0 ?V
14.4433,heen,0,MM1 ?V
14.4433,heen,0,MM0 V=120:221:4903
14.4433,heen,0,MM1 V=120:221:4898
14.4978,heen,0,"#49,YAW,1.94,GYRO,-2,-16,-4,ACC,31,0,244,ADC,1281,399,5,2,"
14.4979,heen,0,MM0 ?CR
14.4979,heen,0,MM1 ?CR
14.4979,heen,0,MM0 CR=-3:2
14.4979,heen,0,MM1 CR=-2:2
14.4979,heen,0,"#50,YAW,1.94,GYRO,1,17,-6,ACC,22,-8,260,ADC,1227,382,4,1,"
14.4979,heen,0,MM0 ?A
14.4979,heen,0,MM1 ?A
14.4979,heen,0,MM0 A=0:0
14.4979,heen,0,MM1 A=0:0
14.4979,heen,0,MM0 !M 0 0
14.4979,heen,0,MM1 !M 0 0
14.4979,heen,0,MM0 +
14.4979,heen,0,MM1 +
14.4979,heen,0,"$GPRMC,103649.4,A,5050.50513,N,00419.39176,E,000.25,116.7,021026,000.4,E*54"
14.4979,heen,0,"#51,YAW,1.94,GYRO,3,34,1,ACC,8,1,259,ADC,1279,383,6,1,"
14.4979,heen,0,MM0 ?AI
14.4980,heen,0,MM1 ?AI
14.4980,heen,0,MM0 AI=0:0:2478:2457:0:0
14.4980,heen,0,MM1 AI=0:0:2374:2372:0:0
14.5479,heen,0,"#52,YAW,1.94,GYRO,1,-7,6,ACC,12,1,254,ADC,1283,502,7,2,"
14.5479,heen,0,MM0 ?C
14.5479,heen,0,MM1 ?C
14.5479,heen,0,MM0 C=1087:-1078
14.5479,heen,0,MM1 C=1083:-1062
14.5479,heen,0,"#53,YAW,1.94,GYRO,3,14,3,ACC,6,3,245,ADC,1255,393,5,2,"
14.5479,heen,0,MM0 !M 0 0
14.5479,heen,0,MM0 +
14.5479,heen,0,MM1 !M 0 0
14.5479,heen,0,MM1 +
14.5479,heen,0,MM0 ?D
14.5479,heen,0,MM1 ?D
14.5479,heen,0,MM0 D=48
14.5480,heen,0,MM1 D=33
14.5480,heen,0,"#54,YAW,1.94,GYRO,1,16,-2,ACC,8,-1,261,ADC,1233,382,6,2,"
14.5480,heen,0,MM0 ?FF
14.5480,heen,0,MM1 ?FF
14.5480,heen,0,MM0 FF=0
14.5480,heen,0,MM1 FF=0
14.5989,heen,0,"#55,YAW,1.94,GYRO,4,9,-3,ACC,1,-4,248,ADC,1210,385,4,2,"
14.5990,heen,0,MM0 ?P
14.5990,heen,0,MM1 ?P
14.5990,heen,0,MM0 P=0:0
14.5990,heen,0,MM1 P=0:0
14.5990,heen,0,MM0 !M 0 0
14.5990,heen,0,MM1 !M 0 0
14.5990,heen,0,MM0 +
14.5990,heen,0,MM1 +
14.5990,heen,0,"#56,YAW,1.94,GYRO,5,13,0,ACC,-7,0,250,ADC,1217,383,5,2,"
14.5990,heen,0,MM0 ?S
14.5990,heen,0,MM1 ?S
14.5990,heen,0,MM0 S=0:0
14.5990,heen,0,MM1 S=0:0
14.6479,heen,0,"#57,YAW,1.94,GYRO,4,28,2,ACC,-15,0,259,ADC,1283,501,5,1,"
14.6479,heen,0,MM0 ?T
14.6479,heen,0,MM1 ?T
14.6479,heen,0,MM0 T=34:34
14.6479,heen,0,MM1 T=35:33
14.6479,heen,0,"#58,YAW,1.94,GYRO,0,8,5,ACC,-17,1,249,ADC,1218,372,5,1,"
14.6479,heen,0,MM0 !M 0 0
14.6479,heen,0,MM0 +
14.6479,heen,0,MM1 !M 0 0
14.6479,heen,0,MM1 +
14.6479,heen,0,MM0 ?V
14.6479,heen,0,MM1 ?V
14.6479,heen,0,MM0 V=120:223:4905
14.6480,heen,0,MM1 V=120:222:4898
14.6480,heen,0,"#59,YAW,1.94,GYRO,1,9,4,ACC,-20,-1,252,ADC,1254,389,7,2,"
14.6480,heen,0,MM0 ?CR
14.6480,heen,0,MM1 ?CR
14.6480,heen,0,MM0 CR=1:-1
14.6480,heen,0,MM1 CR=1:-1
14.6988,heen,0,"#60,YAW,1.94,GYRO,0,1,-1,ACC,-16,4,258,ADC,1286,384,6,2,"
14.6988,heen,0,MM0 ?A
14.6989,heen,0,MM1 ?A
14.6989,heen,0,MM0 A=0:0
14.6989,heen,0,MM1 A=0:0
14.6989,heen,0,MM1 !M 0 0
14.6989,heen,0,MM0 !M 0 0
14.6989,heen,0,MM0 +
14.6989,heen,0,MM1 +
14.6989,heen,0,"$GPRMC,103649.6,A,5050.50513,N,00419.39178,E,000.25,116.7,021026,000.4,E*58"
14.6989,heen,0,"#61,YAW,1.94,GYRO,-1,-12,-3,ACC,-2,1,252,ADC,1238,333,5,2,"
14.6989,heen,0,MM0 ?AI
14.6989,heen,0,MM1 ?AI
14.6989,heen,0,MM0 AI=0:0:2443:2476:0:0
14.6989,heen,0,MM1 AI=0:0:2382:2367:0:0
14.7498,heen,0,"#62,YAW,1.94,GYRO,0,10,-2,ACC,1,3,258,ADC,1275,497,4,2,"
14.7499,heen,0,MM0 ?C
14.7499,heen,0,MM1 ?C
14.7499,heen,0,MM0 C=1087:-1079
14.7499,heen,0,MM1 C=1084:-1062
14.7499,heen,0,"#63,YAW,1.94,GYRO,-2,0,-1,ACC,4,0,253,ADC,1258,384,5,2,"
14.7499,heen,0,MM0 ?D
14.7499,heen,0,MM1 ?D
14.7499,heen,0,MM0 D=16
14.7499,heen,0,MM1 D=35
14.7499,heen,0,MM1 !M 0 0
14.7499,heen,0,MM0 !M 0 0
14.7499,heen,0,MM1 +
14.7499,heen,0,MM0 +
14.7499,heen,0,"#64,YAW,1.94,GYRO,2,4,3,ACC,2,0,250,ADC,1215,385,5,2,"
14.7500,heen,0,MM0 ?FF
14.7500,heen,0,MM1 ?FF
14.7500,heen,0,MM0 FF=0
14.7500,heen,0,MM1 FF=0
14.7987,heen,0,"#65,YAW,1.94,GYRO,-1,7,4,ACC,6,2,254,ADC,1212,382,7,2,"
14.7987,heen,0,MM0 ?P
14.7988,heen,0,MM1 ?P
14.7988,heen,0,MM0 P=0:0
14.7988,heen,0,MM1 P=0:0
14.7988,heen,0,MM0 !M 0 0
14.7988,heen,0,MM1 !M 0 0
14.7988,heen,0,MM0 +
14.7988,heen,0,MM1 +
14.7988,heen,0,"#66,YAW,1.94,GYRO,0,5,2,ACC,1,1,250,ADC,1234,419,5,2,"
14.7988,heen,0,MM0 ?S
14.7988,heen,0,MM1 ?S
14.7988,heen,0,MM0 S=0:0
14.7988,heen,0,MM1 S=0:0
14.8499,heen,0,"#67,YAW,1.94,GYRO,2,12,-1,ACC,-1,-1,253,ADC,1238,502,7,2,"
14.8499,heen,0,MM0 ?T
14.8499,heen,0,MM1 ?T
14.8499,heen,0,MM0 T=34:34
14.8499,heen,0,MM1 T=35:33
14.8499,heen,0,"#68,YAW,1.94,GYRO,0,7,-1,ACC,-3,0,253,ADC,1308,501,4,1,"
14.8499,heen,0,MM0 ?V
14.8499,heen,0,MM1 ?V
14.8500,heen,0,MM0 V=120:223:4904
14.8500,heen,0,MM1 V=120:222:4900
14.8500,heen,0,MM1 !M 0 0
14.8500,heen,0,MM0 !M 0 0
14.8501,heen,0,MM1 +
14.8501,heen,0,MM0 +
14.8501,heen,0,"#69,YAW,1.94,GYRO,1,6,1,ACC,-3,3,255,ADC,1273,388,8,2,"
14.8501,heen,0,MM0 ?CR
14.8501,heen,0,MM1 ?CR
14.8501,heen,0,MM0 CR=0:0
14.8501,heen,0,MM1 CR=0:0
14.9010,heen,0,"#70,YAW,1.94,GYRO,-1,7,1,ACC,-3,-1,251,ADC,1278,501,5,2,"
14.9010,heen,0,MM0 ?A
14.9010,heen,0,MM1 ?A
14.9010,heen,0,MM0 A=0:0
14.9010,heen,0,MM1 A=0:0
14.9010,heen,0,MM1 !M 0 0
14.9010,heen,0,MM0 !M 0 0
14.9010,heen,0,MM1 +
14.9010,heen,0,MM0 +
14.9010,heen,0,"#71,YAW,1.94,GYRO,1,2,0,ACC,0,-1,250,ADC,1252,389,4,2,"
14.9010,heen,0,"$GPRMC,103649.8,A,5050.50513,N,00419.39180,E,000.26,116.7,021026,000.4,E*52"
14.9011,heen,0,MM0 ?AI
14.9011,heen,0,MM1 ?AI
14.9011,heen,0,MM0 AI=0:0:2457:2464:0:0
14.9011,heen,0,MM1 AI=0:0:2390:2371:0:0
14.9509,heen,0,"#72,YAW,1.94,GYRO,-1,4,-2,ACC,-1,0,251,ADC,1269,383,8,1,"
14.9510,heen,0,MM0 ?C
14.9510,heen,0,MM1 ?C
14.9510,heen,0,MM0 C=1087:-1079
14.9510,heen,0,MM1 C=1084:-1062
14.9510,heen,0,"#73,YAW,1.94,GYRO,0,4,1,ACC,3,0,250,ADC,1237,383,6,2,"
14.9510,heen,0,MM0 ?D
14.9510,heen,0,MM1 ?D
14.9510,heen,0,MM0 D=16
14.9510,heen,0,MM1 D=35
14.9510,heen,0,MM0 !M 0 0
14.9510,heen,0,MM1 !M 0 0
14.9510,heen,0,MM0 +
14.9510,heen,0,MM1 +
14.9510,heen,0,"#74,YAW,1.94,GYRO,1,7,2,ACC,-3,1,250,ADC,1291,502,4,2,"
14.9511,heen,0,MM0 ?FF
14.9511,heen,0,MM1 ?FF
14.9511,heen,0,MM0 FF=0
14.9511,heen,0,MM1 FF=0
15.0040,heen,0,"#75,YAW,1.94,GYRO,1,6,0,ACC,0,0,251,ADC,1185,382,5,2,"
15.0040,heen,0,MM0 ?P
15.0040,heen,0,MM1 ?P
15.0040,heen,0,MM0 P=0:0
15.0040,heen,0,MM1 P=0:0
15.0040,heen,0,MM1 !M 0 0
15.0040,heen,0,MM0 !M 0 0
15.0040,heen,0,MM1 +
15.0040,heen,0,MM0 +
15.0041,heen,0,"#76,YAW,1.94,GYRO,1,6,1,ACC,-3,0,251,ADC,1215,300,5,2,"
15.0041,heen,0,MM0 ?S
15.0041,heen,0,MM1 ?S
15.0041,heen,0,MM0 S=0:0
15.0041,heen,0,MM1 S=0:0
15.0041,heen,0,"#77,YAW,1.94,GYRO,1,4,0,ACC,-2,1,254,ADC,1240,401,5,2,"
15.0523,heen,0,MM1 ?T
15.0523,heen,0,MM0 ?T
15.0524,heen,0,MM0 T=35:34
15.0524,heen,0,MM1 T=35:33
15.0524,heen,0,"#78,YAW,1.94,GYRO,0,5,1,ACC,1,2,252,ADC,1259,390,4,1,"
15.0524,heen,0,MM0 ?V
15.0524,heen,0,MM1 ?V
15.0524,heen,0,MM0 V=120:221:4902
15.0524,heen,0,MM1 V=120:221:4900
15.0524,heen,0,MM1 !M 0 0
15.0525,heen,0,MM0 !M 0 0
15.0525,heen,0,MM1 +
15.0525,heen,0,MM0 +
15.0525,heen,0,"#79,YAW,1.94,GYRO,0,5,-1,ACC,0,0,255,ADC,1249,383,4,2,"
15.0525,heen,0,MM0 ?CR
15.0525,heen,0,MM1 ?CR
15.0525,heen,0,MM0 CR=0:0
15.0525,heen,0,MM1 CR=0:0
15.1038,heen,0,"#80,YAW,1.94,GYRO,1,7,-1,ACC,1,1,255,ADC,1288,503,6,2,"
15.1038,heen,0,MM0 ?A
15.1038,heen,0,MM1 ?A
15.1038,heen,0,MM0 A=0:0
15.1038,heen,0,MM1 A=0:0
15.1038,heen,0,MM1 !M 0 0
15.1038,heen,0,MM0 !M 0 0
15.1038,heen,0,MM1 +
15.1039,heen,0,MM0 +
15.1039,heen,0,"$GPRMC,103650.0,A,5050.50513,N,00419.39182,E,000.25,116.7,021026,000.4,E*53"
15.1039,heen,0,"#81,YAW,1.94,GYRO,2,6,0,ACC,0,0,252,ADC,1271,330,5,1,"
15.1039,heen,0,MM0 ?AI
15.1039,heen,0,MM1 ?AI
15.1039,heen,0,MM0 AI=0:0:2451:2478:0:0
15.1039,heen,0,MM1 AI=0:0:2379:2357:0:0
15.1558,heen,0,"#82,YAW,1.94,GYRO,1,3,1,ACC,2,0,253,ADC,1263,500,6,2,"
15.1558,heen,0,MM0 ?C
15.1558,heen,0,MM1 ?C
15.1558,heen,0,MM0 C=1087:-1079
15.1558,heen,0,MM1 C=1084:-1062
15.1558,heen,0,"#83,YAW,1.94,GYRO,1,3,-1,ACC,5,2,257,ADC,1222,384,6,2,"
15.1558,heen,0,MM0 ?D
15.1558,heen,0,MM1 ?D
15.1558,heen,0,MM0 D=16
15.1558,heen,0,MM1 D=35
15.1558,heen,0,MM1 !M 0 0
15.1558,heen,0,MM0 !M 0 0
15.1558,heen,0,MM1 +
15.1558,heen,0,MM0 +
15.1559,heen,0,"#84,YAW,1.94,GYRO,3,6,0,ACC,-2,1,249,ADC,1272,397,5,2,"
15.1559,heen,0,MM0 ?FF
15.1559,heen,0,MM1 ?FF
15.1559,heen,0,MM0 FF=0
15.1559,heen,0,MM1 FF=0
15.2042,heen,0,"#85,YAW,1.94,GYRO,1,6,-1,ACC,1,1,248,ADC,1266,498,4,2,"
15.2042,heen,0,MM0 ?P
15.2042,heen,0,MM1 ?P
15.2042,heen,0,MM0 P=0:0
15.2042,heen,0,MM1 P=0:0
15.2042,heen,0,MM0 !M 0 0
15.2042,heen,0,MM1 !M 0 0
15.2042,heen,0,MM0 +
15.2043,heen,0,MM1 +
15.2043,heen,0,"#86,YAW,1.94,GYRO,1,6,1,ACC,2,-1,252,ADC,1258,397,3,2,"
15.2043,heen,0,MM0 ?S
15.2043,heen,0,MM1 ?S
15.2043,heen,0,MM0 S=0:0
15.2043,heen,0,MM1 S=0:0
15.2043,heen,0,"#87,YAW,1.94,GYRO,0,6,1,ACC,-1,1,251,ADC,1229,380,5,1,"
15.2551,heen,0,MM0 ?T
15.2551,heen,0,MM1 ?T
15.2551,heen,0,MM0 T=35:34
15.2551,heen,0,MM1 T=35:33
15.2551,heen,0,"#88,YAW,1.94,GYRO,0,5,1,ACC,3,-1,251,ADC,1274,497,5,2,"
15.2552,heen,0,MM0 ?V
15.2552,heen,0,MM1 ?V
15.2552,heen,0,MM0 V=120:225:4902
15.2552,heen,0,MM1 V=120:222:4901
15.2552,heen,0,MM0 !M 0 0
15.2552,heen,0,MM1 !M 0 0
15.2552,heen,0,MM0 +
15.2552,heen,0,MM1 +
15.2552,heen,0,"#89,YAW,1.94,GYRO,0,5,-1,ACC,1,1,252,ADC,1284,390,7,2,"
15.2552,heen,0,MM0 ?CR
15.2552,heen,0,MM1 ?CR
15.2552,heen,0,MM0 CR=0:0
15.2552,heen,0,MM1 CR=0:0
15.3061,heen,0,"#90,YAW,1.94,GYRO,1,5,1,ACC,5,-1,256,ADC,1239,383,5,2,"
15.3062,heen,0,MM0 ?A
15.3062,heen,0,MM1 ?A
15.3062,heen,0,MM0 A=0:0
15.3062,heen,0,MM1 A=0:0
15.3062,heen,0,MM1 !M 0 0
15.3062,heen,0,MM0 !M 0 0
15.3062,heen,0,MM0 +
15.3062,heen,0,MM1 +
15.3062,heen,0,"$GPRMC,103650.2,A,5050.50513,N,00419.39184,E,000.25,116.7,021026,000.4,E*57"
15.3062,heen,0,"#91,YAW,1.94,GYRO,0,6,0,ACC,1,0,256,ADC,1252,333,5,1,"
15.3062,heen,0,MM0 ?AI
15.3062,heen,0,MM1 ?AI
15.3062,heen,0,MM0 AI=0:0:2448:2477:0:0
15.3062,heen,0,MM1 AI=0:0:2406:2441:0:0
15.3062,heen,0,"#92,YAW,1.94,GYRO,0,4,0,ACC,0,0,254,ADC,1260,498,8,2,"
15.3062,heen,0,MM0 ?C
15.3558,heen,0,MM1 ?C
15.3558,heen,0,MM0 C=1087:-1079
15.3559,heen,0,MM1 C=1084:-1062
15.3559,heen,0,"#93,YAW,1.94,GYRO,2,6,1,ACC,3,1,254,ADC,1274,501,4,2,"
15.3559,heen,0,MM0 ?D
15.3559,heen,0,MM1 ?D
15.3559,heen,0,MM0 D=16
15.3559,heen,0,MM1 D=35
15.3559,heen,0,MM0 !M 0 0
15.3559,heen,0,MM1 !M 0 0
15.3559,heen,0,MM0 +
15.3559,heen,0,MM1 +
15.3559,heen,0,"#94,YAW,1.94,GYRO,1,6,1,ACC,0,0,253,ADC,1288,500,7,2,"
15.3559,heen,0,MM0 ?FF
15.3559,heen,0,MM1 ?FF
15.3559,heen,0,MM0 FF=0
15.3559,heen,0,MM1 FF=0
15.4071,heen,0,"#95,YAW,1.94,GYRO,-1,7,1,ACC,2,2,255,ADC,1247,501,5,2,"
15.4071,heen,0,MM0 ?P
15.4071,heen,0,MM1 ?P
15.4071,heen,0,MM0 P=0:0
15.4071,heen,0,MM1 P=0:0
15.4071,heen,0,MM1 !M 0 0
15.4071,heen,0,MM0 !M 0 0
15.4071,heen,0,MM1 +
15.4071,heen,0,MM0 +
15.4071,heen,0,"#96,YAW,1.94,GYRO,2,5,-1,ACC,1,0,246,ADC,1267,353,5,1,"
15.4071,heen,0,MM0 ?S
15.4071,heen,0,MM1 ?S
15.4071,heen,0,MM0 S=0:0
15.4071,heen,0,MM1 S=0:0
15.4071,heen,0,"#97,YAW,1.94,GYRO,2,6,0,ACC,1,1,253,ADC,1284,498,7,2,"
15.4072,heen,0,MM0 ?T
15.4072,heen,0,MM1 ?T
15.4072,heen,0,MM0 T=35:34
15.4578,heen,0,MM1 T=35:33
15.4578,heen,0,"#98,YAW,1.94,GYRO,0,7,0,ACC,1,0,251,ADC,1266,388,5,1,"
15.4578,heen,0,MM0 ?V
15.4578,heen,0,MM1 ?V
15.4578,heen,0,MM0 V=120:222:4902
15.4578,heen,0,MM1 V=120:222:4900
15.4578,heen,0,MM0 !M 0 0
15.4578,heen,0,MM1 !M 0 0
15.4578,heen,0,MM0 +
15.4578,heen,0,MM1 +
15.4578,heen,0,"#99,YAW,1.94,GYRO,0,6,1,ACC,0,3,256,ADC,1266,500,5,2,"
15.4578,heen,0,MM0 ?CR
15.4578,heen,0,MM1 ?CR
15.4579,heen,0,MM0 CR=0:0
15.4579,heen,0,MM1 CR=0:0
15.5082,heen,0,"#100,YAW,1.94,GYRO,1,6,0,ACC,0,1,251,ADC,1253,498,6,2,"
15.5083,heen,0,MM0 ?A
15.5083,heen,0,MM1 ?A
15.5083,heen,0,MM0 A=0:0
15.5083,heen,0,MM1 A=0:0
15.5083,heen,0,"$GPRMC,103650.4,A,5050.50513,N,00419.39186,E,000.26,116.7,021026,000.4,E*50"
15.5083,heen,0,MM1 !M 0 0
15.5083,heen,0,MM0 !M 0 0
15.5083,heen,0,MM1 +
15.5083,heen,0,MM0 +
15.5083,heen,0,"#101,YAW,1.94,GYRO,1,4,0,ACC,-1,2,250,ADC,1260,371,4,3,"
15.5083,heen,0,MM0 ?AI
15.5083,heen,0,MM1 ?AI
15.5083,heen,0,MM0 AI=0:0:2453:2499:0:0
15.5083,heen,0,MM1 AI=0:0:2374:2446:0:0
15.5083,heen,0,"#102,YAW,1.94,GYRO,1,6,0,ACC,0,0,257,ADC,1249,385,4,2,"
15.5083,heen,0,MM0 ?C
15.5083,heen,0,MM1 ?C
15.5083,heen,0,MM0 C=1087:-1079
15.5587,heen,-60,MM1 C=1084:-1062
15.5587,heen,-60,"#103,YAW,1.94,GYRO,0,6,0,ACC,-1,0,253,ADC,1276,501,6,2,"
15.5587,heen,-60,MM0 ?D
15.5587,heen,-60,MM1 ?D
15.5588,heen,-60,MM0 D=16
15.5588,heen,-60,MM1 D=35
15.5588,heen,-60,MM0 !M -57 63
15.5588,heen,-60,MM1 !M -57 63
15.5588,heen,-60,MM1 +
15.5588,heen,-60,MM0 +
15.5588,heen,-60,"#104,YAW,1.94,GYRO,0,7,1,ACC,-6,1,251,ADC,1289,501,8,2,"
15.5588,heen,-60,MM0 ?FF
15.5588,heen,-60,MM1 ?FF
15.5589,heen,-60,MM0 FF=0
15.5589,heen,-60,MM1 FF=0
15.6088,heen,-60,"#105,YAW,1.95,GYRO,5,72,-2,ACC,-20,-1,267,ADC,1218,383,7,1,"
15.6088,heen,-60,MM0 ?P
15.6088,heen,-60,MM1 ?P
15.6088,heen,-60,MM0 P=-57:63
15.6088,heen,-60,MM1 P=-57:63
15.6088,heen,-60,"#106,YAW,1.95,GYRO,-17,-55,2,ACC,-15,0,240,ADC,1244,383,5,2,"
15.6089,heen,-60,MM0 ?S
15.6089,heen,-60,MM1 ?S
15.6089,heen,-60,MM0 S=0:0
15.6089,heen,-60,MM1 S=0:0
15.6089,heen,-60,MM0 !M -57 63
15.6089,heen,-60,MM1 !M -57 63
15.6089,heen,-60,MM0 +
15.6089,heen,-60,MM1 +
15.6089,heen,-60,"#107,YAW,1.95,GYRO,6,15,-3,ACC,-5,0,244,ADC,1274,385,6,2,"
15.6089,heen,-60,MM0 ?T
15.6089,heen,-60,MM1 ?T
15.6089,heen,-60,MM0 T=34:34
15.6089,heen,-60,MM1 T=35:33
15.6588,heen,-60,"#108,YAW,1.95,GYRO,-8,3,-2,ACC,-6,2,257,ADC,1273,392,4,2,"
15.6588,heen,-60,MM0 ?V
15.6589,heen,-60,MM1 ?V
15.6589,heen,-60,MM0 V=120:222:4902
15.6589,heen,-60,MM1 V=120:224:4900
15.6589,heen,-60,MM1 !M -57 63
15.6589,heen,-60,MM0 !M -57 63
15.6589,heen,-60,MM1 +
15.6589,heen,-60,MM0 +
15.6589,heen,-60,"#109,YAW,1.95,GYRO,-1,14,0,ACC,-14,1,249,ADC,1284,501,7,2,"
15.6589,heen,-60,MM0 ?CR
15.6589,heen,-60,MM1 ?CR
15.6589,heen,-60,MM0 CR=-1:2
15.6589,heen,-60,MM1 CR=-1:1
15.7112,heen,0,"#110,YAW,1.95,GYRO,-1,17,2,ACC,-21,3,250,ADC,1291,385,7,2,"
15.7113,heen,0,MM0 ?A
15.7113,heen,0,MM1 ?A
15.7113,heen,0,MM0 A=0:0
15.7113,heen,0,MM1 A=0:0
15.7113,heen,0,"$GPRMC,103650.6,A,5050.50514,N,00419.39188,E,000.25,116.7,021026,000.4,E*58"
15.7113,heen,0,"#111,YAW,1.95,GYRO,-4,-23,2,ACC,1,4,257,ADC,1274,367,7,2,"
15.7113,heen,0,MM0 ?AI
15.7113,heen,0,MM1 ?AI
15.7113,heen,0,MM0 AI=0:0:2472:2460:0:0
15.7113,heen,0,MM1 AI=0:0:2373:2397:0:0
15.7113,heen,0,MM0 !M -57 63
15.7113,heen,0,MM1 !M -57 63
15.7113,heen,0,MM1 +
15.7113,heen,0,MM0 +
15.7113,heen,0,"#112,YAW,1.95,GYRO,-2,-7,1,ACC,7,2,249,ADC,1250,318,4,1,"
15.7113,heen,0,MM0 ?C
15.7113,heen,0,MM1 ?C
15.7114,heen,0,MM0 C=1085:-1076
15.7114,heen,0,MM1 C=1081:-1060
15.7474,heen,0,MM1 !M 0 0
15.7474,heen,0,MM0 !M 0 0
15.7474,heen,0,MM1 +
15.7474,heen,0,MM0 +
15.7475,heen,0,MM1 !M 0 0
15.7475,heen,0,"#113,YAW,1.95,GYRO,4,21,-2,ACC,-14,-1,251,ADC,1269,385,5,3,"
15.7475,heen,0,MM0 !M 0 0
15.7475,heen,0,MM0 +
15.7475,heen,0,MM1 +
15.7475,heen,0,MM0 ?D
15.7475,heen,0,MM1 ?D
15.7475,heen,0,MM0 D=25
15.7475,heen,0,MM1 D=50
15.7475,heen,0,"#114,YAW,1.95,GYRO,-7,-56,5,ACC,19,3,259,ADC,1277,389,7,1,"
15.7475,heen,0,MM0 ?FF
15.7475,heen,0,MM1 ?FF
15.7669,heen,0,MM0 FF=0
15.7669,heen,0,MM1 FF=0
15.7669,heen,0,"#115,YAW,1.95,GYRO,-1,16,10,ACC,7,3,248,ADC,1255,386,7,2,"
15.7669,heen,0,MM0 ?P
15.7669,heen,0,MM1 ?P
15.7669,heen,0,MM0 P=0:0
15.8010,heen,0,MM1 P=0:0
15.8010,heen,0,MM0 !M 0 0
15.8010,heen,0,MM1 !M 0 0
15.8010,heen,0,MM0 +
15.8010,heen,0,MM1 +
15.8010,heen,0,"#116,YAW,1.95,GYRO,2,30,8,ACC,17,-1,260,ADC,1290,390,5,2,"
15.8010,heen,0,MM0 ?S
15.8010,heen,0,MM1 ?S
15.8010,heen,0,MM0 S=0:0
15.8010,heen,0,MM1 S=0:0
15.8583,heen,0,"#117,YAW,1.95,GYRO,-3,-30,3,ACC,18,1,257,ADC,1258,389,4,2,"
15.8584,heen,0,MM0 ?T
15.8584,heen,0,MM1 ?T
15.8584,heen,0,MM0 T=34:34
15.8584,heen,0,MM1 T=35:33
15.8584,heen,0,"#118,YAW,1.95,GYRO,0,16,-2,ACC,19,-4,248,ADC,1266,502,5,3,"
15.8584,heen,0,MM0 ?V
15.8584,heen,0,MM1 ?V
15.8584,heen,0,MM0 V=120:222:4905
15.8584,heen,0,MM1 V=120:221:4899
15.8584,heen,0,MM1 !M 0 0
15.8584,heen,0,MM0 !M 0 0
15.8584,heen,0,MM1 +
15.8584,heen,0,MM0 +
15.8584,heen,0,"#119,YAW,1.95,GYRO,-2,14,-3,ACC,6,-2,251,ADC,1262,499,7,2,"
15.8584,heen,0,MM1 ?CR
15.8584,heen,0,MM0 ?CR
15.8584,heen,0,MM1 CR=-2:2
15.8584,heen,0,MM0 CR=-2:2
15.8920,heen,0,"#120,YAW,1.95,GYRO,-1,2,2,ACC,11,0,258,ADC,1249,386,4,2,"
15.8920,heen,0,MM0 ?A
15.8920,heen,0,MM1 ?A
15.8920,heen,0,MM0 A=0:0
15.8920,heen,0,MM1 A=0:0
15.8920,heen,0,MM0 !M 0 0
15.8920,heen,0,MM1 !M 0 0
15.8920,heen,0,MM0 +
15.8920,heen,0,MM1 +
15.8920,heen,0,"$GPRMC,103650.8,A,5050.50514,N,00419.39190,E,000.25,116.7,021026,000.4,E*5F"
15.8920,heen,0,"#121,YAW,1.95,GYRO,0,5,3,ACC,14,0,245,ADC,1247,395,5,1,"
15.8920,heen,0,MM0 ?AI
15.8920,heen,0,MM1 ?AI
15.8920,heen,0,MM0 AI=0:0:2451:2473:0:0
15.9126,heen,0,MM1 AI=0:0:2381:2366:0:0
15.9127,heen,0,"#122,YAW,1.95,GYRO,1,7,3,ACC,9,0,253,ADC,1255,391,6,2,"
15.9127,heen,0,MM0 ?C
15.9127,heen,0,MM1 ?C
15.9127,heen,0,MM0 C=1084:-1075
15.9127,heen,0,MM1 C=1081:-1059
15.9469,heen,0,MM0 !M 0 0
15.9469,heen,0,MM1 !M 0 0
15.9469,heen,0,MM0 +
15.9469,heen,0,MM1 +
15.9469,heen,0,"#123,YAW,1.95,GYRO,3,10,-1,ACC,8,-1,259,ADC,1249,357,4,1,"
15.9469,heen,0,MM0 ?D
15.9469,heen,0,MM1 ?D
15.9469,heen,0,MM0 D=17
15.9469,heen,0,MM1 D=50
15.9469,heen,0,"#124,YAW,1.95,GYRO,2,5,-4,ACC,9,0,255,ADC,1268,385,7,2,"
15.9470,heen,0,MM1 ?FF
15.9470,heen,0,MM0 ?FF
15.9470,heen,0,MM1 FF=0
15.9679,heen,0,MM0 FF=0
15.9679,heen,0,"#125,YAW,1.95,GYRO,2,6,-6,ACC,2,1,258,ADC,1243,500,7,2,"
15.9680,heen,0,MM0 ?P
15.9680,heen,0,MM1 ?P
15.9680,heen,0,MM0 P=0:0
15.9680,heen,0,MM1 P=0:0
16.0019,heen,0,MM0 !M 0 0
16.0020,heen,0,MM1 !M 0 0
16.0020,heen,0,MM0 +
16.0020,heen,0,MM1 +
16.0020,heen,0,"#126,YAW,1.95,GYRO,4,28,-9,ACC,-8,0,253,ADC,1243,384,6,2,"
16.0020,heen,0,MM0 ?S
16.0020,heen,0,MM1 ?S
16.0020,heen,0,MM0 S=0:0
16.0020,heen,0,MM1 S=0:0
16.0604,heen,0,"#127,YAW,1.95,GYRO,2,18,-7,ACC,-18,0,250,ADC,1297,486,5,2,"
16.0605,heen,0,MM0 ?T
16.0605,heen,0,MM1 ?T
16.0605,heen,0,MM0 T=35:34
16.0605,heen,0,MM1 T=35:33
16.0605,heen,0,"#128,YAW,1.95,GYRO,0,2,6,ACC,-12,-1,258,ADC,1278,398,4,3,"
16.0605,heen,0,MM0 ?V
16.0605,heen,0,MM1 ?V
16.0605,heen,0,MM0 V=120:222:4903
16.0605,heen,0,MM1 V=120:222:4900
16.0605,heen,0,MM1 !M 0 0
16.0605,heen,0,MM0 !M 0 0
16.0605,heen,0,MM1 +
16.0605,heen,0,MM0 +
16.0605,heen,0,"#129,YAW,1.95,GYRO,0,-1,14,ACC,-7,9,249,ADC,1260,386,6,2,"
16.0605,heen,0,MM1 ?CR
16.0605,heen,0,MM0 ?CR
16.0605,heen,0,MM1 CR=0:0
16.0605,heen,0,MM0 CR=0:0
16.0939,heen,0,"#130,YAW,1.95,GYRO,1,7,12,ACC,-6,0,254,ADC,1269,395,6,2,"
16.0940,heen,0,MM1 ?A
16.0940,heen,0,MM0 ?A
16.0940,heen,0,MM1 A=0:0
16.0940,heen,0,MM0 A=0:0
16.0940,heen,0,MM0 !M 0 0
16.0940,heen,0,MM1 !M 0 0
16.0940,heen,0,MM0 +
16.0940,heen,0,MM1 +
16.0940,heen,0,"$GPRMC,103651.0,A,5050.50514,N,00419.39192,E,000.25,116.7,021026,000.4,E*54"
16.0940,heen,0,"#131,YAW,1.95,GYRO,-1,1,3,ACC,-2,0,256,ADC,1254,305,4,2,"
16.0940,heen,0,MM1 ?AI
16.0940,heen,0,MM0 ?AI
16.0940,heen,0,MM1 AI=0:0:2387:2364:0:0
16.0940,heen,0,MM0 AI=0:0:2455:2474:0:0
16.1146,heen,0,"#132,YAW,1.95,GYRO,1,4,-5,ACC,-2,0,251,ADC,1214,379,6,2,"
16.1147,heen,0,MM1 ?C
16.1147,heen,0,MM0 ?C
16.1147,heen,0,MM1 C=1081:-1059
16.1147,heen,0,MM0 C=1084:-1075
16.1487,heen,0,"#133,YAW,1.95,GYRO,-1,3,-2,ACC,1,1,253,ADC,1263,387,8,2,"
16.1487,heen,0,MM0 ?D
16.1487,heen,0,MM1 ?D
16.1487,heen,0,MM1 D=50
16.1488,heen,0,MM0 D=17
16.1488,heen,0,MM1 !M 0 0
16.1488,heen,0,MM0 !M 0 0
16.1488,heen,0,MM1 +
16.1488,heen,0,MM0 +
16.1488,heen,0,"#134,YAW,1.95,GYRO,1,6,2,ACC,2,0,254,ADC,1288,388,5,2,"
16.1488,heen,0,MM1 ?FF
16.1488,heen,0,MM0 ?FF
16.1488,heen,0,MM1 FF=0
16.1488,heen,0,MM0 FF=0
16.1697,heen,0,"#135,YAW,1.95,GYRO,2,7,2,ACC,-2,1,255,ADC,1240,397,5,3,"
16.1697,heen,0,MM1 ?P
16.1697,heen,0,MM0 ?P
16.1697,heen,0,MM1 P=0:0
16.1697,heen,0,MM0 P=0:0
16.2040,heen,0,MM0 !M 0 0
16.2040,heen,0,MM1 !M 0 0
16.2040,heen,0,MM0 +
16.2040,heen,0,MM1 +
16.2040,heen,0,"#136,YAW,1.95,GYRO,1,8,1,ACC,0,-1,252,ADC,1246,382,4,2,"
16.2040,heen,0,MM1 ?S
16.2040,heen,0,MM0 ?S
16.2040,heen,0,MM1 S=0:0
16.2041,heen,0,MM0 S=0:0
16.2261,heen,0,"#137,YAW,1.95,GYRO,1,7,1,ACC,-2,1,253,ADC,1242,492,4,1,"
16.2262,heen,0,MM1 ?T
16.2262,heen,0,MM0 ?T
16.2262,heen,0,MM1 T=35:33
16.2262,heen,0,MM0 T=34:34
16.2262,heen,0,"#138,YAW,1.95,GYRO,2,4,0,ACC,-1,2,254,ADC,1312,500,5,2,"
16.2262,heen,0,MM1 ?V
16.2611,heen,0,MM0 ?V
16.2611,heen,0,MM1 V=120:222:4900
16.2612,heen,0,MM0 V=120:223:4904
16.2612,heen,0,MM1 !M 0 0
16.2612,heen,0,MM0 !M 0 0
16.2612,heen,0,MM1 +
16.2612,heen,0,MM0 +
16.2612,heen,0,"#139,YAW,1.95,GYRO,1,3,1,ACC,1,2,257,ADC,1262,389,5,2,"
16.2612,heen,0,MM1 ?CR
16.2612,heen,0,MM0 ?CR
16.2612,heen,0,MM1 CR=0:0
16.2613,heen,0,MM0 CR=0:0
16.3097,heen,0,"#140,YAW,1.95,GYRO,2,5,0,ACC,0,0,251,ADC,1280,386,5,2,"
16.3098,heen,0,MM1 ?A
16.3098,heen,0,MM0 ?A
16.3098,heen,0,MM1 A=0:0
16.3098,heen,0,MM0 A=0:0
16.3098,heen,0,"$GPRMC,103651.2,A,5050.50514,N,00419.39194,E,000.25,116.7,021026,000.4,E*50"
16.3098,heen,0,"#141,YAW,1.95,GYRO,-1,7,1,ACC,2,-1,254,ADC,1274,305,4,2,"
16.3098,heen,0,MM1 ?AI
16.3098,heen,0,MM0 ?AI
16.3098,heen,0,MM1 AI=0:0:2372:2362:0:0
16.3098,heen,0,MM0 AI=0:0:2461:2455:0:0
16.3098,heen,0,MM1 !M 0 0
16.3099,heen,0,MM0 !M 0 0
16.3099,heen,0,MM1 +
16.3099,heen,0,MM0 +
16.3099,heen,0,"#142,YAW,1.95,GYRO,0,7,2,ACC,-2,2,251,ADC,1278,384,3,2,"
16.3099,heen,0,MM1 ?C
16.3099,heen,0,MM0 ?C
16.3099,heen,0,MM1 C=1081:-1059
16.3099,heen,0,MM0 C=1084:-1075
16.3599,heen,0,"#143,YAW,1.95,GYRO,0,6,0,ACC,-1,0,248,ADC,1319,504,6,2,"
16.3600,heen,0,MM1 ?D
16.3600,heen,0,MM0 ?D
16.3600,heen,0,MM1 D=50
16.3600,heen,0,MM0 D=17
16.3600,heen,0,MM1 !M 0 0
16.3600,heen,0,MM0 !M 0 0
16.3600,heen,0,MM1 +
16.3600,heen,0,MM0 +
16.3600,heen,0,"#144,YAW,1.95,GYRO,0,5,0,ACC,2,1,253,ADC,1266,390,3,2,"
16.3600,heen,0,MM1 ?FF
16.3600,heen,0,MM0 ?FF
16.3600,heen,0,MM1 FF=0
16.3600,heen,0,MM0 FF=0
16.4118,heen,0,"#145,YAW,1.95,GYRO,-1,5,1,ACC,1,0,255,ADC,1231,395,5,1,"
16.4119,heen,0,MM1 ?P
16.4119,heen,0,MM0 ?P
16.4119,heen,0,MM1 P=0:0
16.4119,heen,0,MM0 P=0:0
16.4119,heen,0,"#146,YAW,1.95,GYRO,0,7,1,ACC,0,1,250,ADC,1251,502,5,2,"
16.4119,heen,0,MM1 ?S
16.4119,heen,0,MM0 ?S
16.4119,heen,0,MM1 S=0:0
16.4119,heen,0,MM0 S=0:0
16.4119,heen,0,MM1 !M 0 0
16.4119,heen,0,MM0 !M 0 0
16.4119,heen,0,MM1 +
16.4119,heen,0,MM0 +
16.4119,heen,0,"#147,YAW,1.95,GYRO,0,6,1,ACC,0,2,252,ADC,1276,383,8,2,"
16.4120,heen,0,MM1 ?T
16.4120,heen,0,MM0 ?T
16.4120,heen,0,MM1 T=35:33
16.4120,heen,0,MM0 T=35:34
16.4629,heen,0,"#148,YAW,1.95,GYRO,0,7,-1,ACC,-2,-1,255,ADC,1274,384,7,2,"
16.4630,heen,0,MM1 ?V
16.4630,heen,0,MM0 ?V
16.4630,heen,0,MM1 V=120:222:4899
16.4630,heen,0,MM0 V=120:223:4904
16.4630,heen,0,MM1 !M 0 0
16.4630,heen,0,MM0 !M 0 0
16.4630,heen,0,MM1 +
16.4630,heen,0,MM0 +
16.4630,heen,0,"#149,YAW,1.95,GYRO,1,5,0,ACC,0,4,249,ADC,1274,501,6,2,"
16.4630,heen,0,MM1 ?CR
16.4630,heen,0,MM0 ?CR
16.4630,heen,0,MM1 CR=0:0
16.4630,heen,0,MM0 CR=0:0
16.5118,heen,0,"#150,YAW,1.95,GYRO,0,6,2,ACC,1,1,249,ADC,1233,387,6,2,"
16.5119,heen,0,MM1 ?A
16.5119,heen,0,MM0 ?A
16.5119,heen,0,MM1 A=0:0
16.5119,heen,0,MM0 A=0:0
16.5119,heen,0,"$GPRMC,103651.4,A,5050.50514,N,00419.39196,E,000.25,116.7,021026,000.4,E*54"
16.5119,heen,0,"#151,YAW,1.95,GYRO,-1,7,1,ACC,1,1,257,ADC,1277,299,8,2,"
16.5119,heen,0,MM1 ?AI
16.5119,heen,0,MM0 ?AI
16.5119,heen,0,MM1 AI=0:0:2385:2370:0:0
16.5119,heen,0,MM0 AI=0:0:2460:2474:0:0
16.5119,heen,0,MM0 !M 0 0
16.5119,heen,0,MM1 !M 0 0
16.5119,heen,0,MM0 +
16.5119,heen,0,MM1 +
16.5119,heen,0,"#152,YAW,1.95,GYRO,0,7,2,ACC,-2,-1,252,ADC,1263,501,5,2,"
16.5119,heen,0,MM1 ?C
16.5119,heen,0,MM0 ?C
16.5119,heen,0,MM1 C=1081:-1059
16.5120,heen,0,MM0 C=1084:-1075
16.5630,heen,0,"#153,YAW,1.95,GYRO,1,5,0,ACC,-3,-1,252,ADC,1251,384,5,1,"
16.5630,heen,0,MM1 ?D
16.5631,heen,0,MM0 ?D
16.5631,heen,0,MM1 D=50
16.5631,heen,0,MM0 D=17
16.5631,heen,0,MM0 !M 0 0
16.5631,heen,0,MM1 !M 0 0
16.5631,heen,0,MM0 +
16.5631,heen,0,MM1 +
16.5631,heen,0,"#154,YAW,1.95,GYRO,3,6,0,ACC,3,1,253,ADC,1234,493,4,2,"
16.5631,heen,0,MM1 ?FF
16.5631,heen,0,MM0 ?FF
16.5631,heen,0,MM1 FF=0
16.5631,heen,0,MM0 FF=0
16.6131,heen,0,"#155,YAW,1.95,GYRO,-1,6,0,ACC,1,0,252,ADC,1227,383,7,2,"
16.6131,heen,0,MM1 ?P
16.6131,heen,0,MM0 ?P
16.6131,heen,0,MM1 P=0:0
16.6131,heen,0,MM0 P=0:0
16.6131,heen,0,"#156,YAW,1.95,GYRO,-1,6,0,ACC,-1,0,251,ADC,1251,395,4,2,"
16.6131,heen,0,MM1 ?S
16.6131,heen,0,MM0 ?S
16.6131,heen,0,MM1 S=0:0
16.6132,heen,0,MM0 S=0:0
16.6132,heen,0,MM1 !M 0 0
16.6132,heen,0,MM0 !M 0 0
16.6132,heen,0,MM1 +
16.6132,heen,0,MM0 +
16.6132,heen,0,"#157,YAW,1.95,GYRO,1,8,0,ACC,1,3,256,ADC,1247,494,6,2,"
16.6132,heen,0,MM1 ?T
16.6132,heen,0,MM0 ?T
16.6132,heen,0,MM1 T=35:33
16.6132,heen,0,MM0 T=34:34
16.6630,heen,0,"#158,YAW,1.95,GYRO,1,8,0,ACC,2,2,251,ADC,1244,382,4,2,"
16.6630,heen,0,MM1 ?V
16.6630,heen,0,MM0 ?V
16.6630,heen,0,MM1 V=120:222:4901
16.6630,heen,0,MM0 V=120:223:4905
16.6630,heen,0,MM0 !M 0 0
16.6630,heen,0,MM1 !M 0 0
16.6630,heen,0,MM0 +
16.6630,heen,0,MM1 +
16.6631,heen,0,"#159,YAW,1.95,GYRO,1,5,0,ACC,-4,0,256,ADC,1259,383,7,3,"
16.6631,heen,0,MM0 ?CR
16.6631,heen,0,MM1 ?CR
16.6631,heen,0,MM0 CR=0:0
16.6631,heen,0,MM1 CR=0:0
16.7151,heen,0,"#160,YAW,1.95,GYRO,1,5,0,ACC,2,1,249,ADC,1231,441,5,2,"
16.7151,heen,0,MM1 ?A
16.7151,heen,0,MM0 ?A
16.7151,heen,0,MM1 A=0:0
16.7151,heen,0,MM0 A=0:0
16.7151,heen,0,"$GPRMC,103651.6,A,5050.50514,N,00419.39198,E,000.25,116.7,021026,000.4,E*58"
16.7151,heen,0,"#161,YAW,1.95,GYRO,1,6,1,ACC,0,1,259,ADC,1273,310,4,2,"
16.7151,heen,0,MM0 ?AI
16.7151,heen,0,MM1 ?AI
16.7151,heen,0,MM0 AI=0:0:2466:2459:0:0
16.7151,heen,0,MM1 AI=0:0:2381:2405:0:0
16.7151,heen,0,MM0 !M 0 0
16.7151,heen,0,MM1 !M 0 0
16.7152,heen,0,MM0 +
16.7152,heen,0,MM1 +
16.7152,heen,0,"#162,YAW,1.95,GYRO,0,6,-1,ACC,-2,2,248,ADC,1255,396,4,2,"
16.7152,heen,0,MM0 ?C
16.7152,heen,0,MM1 ?C
16.7152,heen,0,MM0 C=1084:-1075
16.7152,heen,0,MM1 C=1081:-1059
16.7642,heen,-60,"#163,YAW,1.95,GYRO,0,4,1,ACC,-2,3,248,ADC,1226,383,5,2,"
16.7642,heen,-60,MM0 ?D
16.7642,heen,-60,MM1 ?D
16.7642,heen,-60,MM0 D=17
16.7642,heen,-60,MM1 D=50
16.7642,heen,-60,MM0 !M -57 63
16.7642,heen,-60,MM1 !M -57 63
16.7642,heen,-60,MM0 +
16.7642,heen,-60,MM1 +
16.7642,heen,-60,"#164,YAW,1.95,GYRO,-1,6,0,ACC,-1,0,251,ADC,1273,318,6,2,"
16.7642,heen,-60,MM0 ?FF
16.7642,heen,-60,MM1 ?FF
16.7642,heen,-60,MM0 FF=0
16.7642,heen,-60,MM1 FF=0
16.8166,heen,-60,"#165,YAW,1.95,GYRO,7,66,-3,ACC,-27,-1,248,ADC,1213,379,5,2,"
16.8166,heen,-60,MM0 ?P
16.8166,heen,-60,MM1 ?P
16.8167,heen,-60,MM0 P=-57:63
16.8167,heen,-60,MM1 P=-57:63
16.8167,heen,-60,"#166,YAW,1.95,GYRO,-1,-25,-6,ACC,-25,-1,265,ADC,1288,396,6,1,"
16.8167,heen,-60,MM0 ?S
16.8167,heen,-60,MM1 ?S
16.8167,heen,-60,MM0 S=0:0
16.8167,heen,-60,MM1 S=-75:0
16.8167,heen,-60,MM0 !M -57 63
16.8167,heen,-60,MM1 !M -57 63
16.8167,heen,-60,MM0 +
16.8167,heen,-60,MM1 +
16.8167,heen,-60,"#167,YAW,1.95,GYRO,-3,-11,-11,ACC,-10,1,248,ADC,1297,501,6,2,"
16.8167,heen,-60,MM0 ?T
16.8167,heen,-60,MM1 ?T
16.8167,heen,-60,MM0 T=34:34
16.8167,heen,-60,MM1 T=35:33
16.8651,heen,0,"#168,YAW,1.95,GYRO,-4,8,-9,ACC,-3,-2,247,ADC,1242,384,7,1,"
16.8651,heen,0,MM0 ?V
16.8651,heen,0,MM1 ?V
16.8652,heen,0,MM0 V=120:223:4903
16.8652,heen,0,MM1 V=120:223:4900
16.8652,heen,0,MM0 !M -57 63
16.8652,heen,0,MM1 !M -57 63
16.8652,heen,0,MM0 +
16.8652,heen,0,MM1 +
16.8652,heen,0,"#169,YAW,1.95,GYRO,-2,-15,2,ACC,-3,0,253,ADC,1279,363,4,2,"
16.8652,heen,0,MM0 ?CR
16.8652,heen,0,MM1 ?CR
16.8652,heen,0,MM0 CR=-1:1
16.8652,heen,0,MM1 CR=-2:1
16.8652,heen,0,MM0 !M 0 0
16.8652,heen,0,MM0 +
16.8652,heen,0,MM1 !M 0 0
16.8652,heen,0,MM1 +
16.8652,heen,0,"#170,YAW,1.95,GYRO,-3,25,12,ACC,14,3,258,ADC,1252,390,7,2,"
16.8652,heen,0,MM0 ?A
16.8862,heen,0,MM1 ?A
16.8862,heen,0,MM0 A=0:0
16.8862,heen,0,MM1 A=0:0
16.8862,heen,0,"#171,YAW,1.95,GYRO,4,8,24,ACC,9,-1,250,ADC,1269,500,4,2,"
16.8862,heen,0,MM0 ?AI
16.8862,heen,0,MM1 ?AI
16.9199,heen,0,"$GPRMC,103651.8,A,5050.50514,N,00419.39200,E,000.24,116.7,021026,000.4,E*55"
16.9199,heen,0,MM0 AI=0:0:2448:2479:0:0
16.9199,heen,0,MM1 AI=0:0:2372:2378:0:0
16.9199,heen,0,MM0 !PING
16.9199,heen,0,MM1 !PING
16.9199,heen,0,MM0 -
16.9199,heen,0,MM1 -
16.9200,heen,0,MM0 !M 0 0
16.9200,heen,0,MM1 !M 0 0
16.9200,heen,0,MM0 +
16.9200,heen,0,MM1 +
16.9200,heen,0,"#172,YAW,1.95,GYRO,-6,9,13,ACC,15,-7,246,ADC,1263,361,7,1,"
16.9200,heen,0,MM0 ?C
16.9200,heen,0,MM1 ?C
16.9200,heen,0,MM0 C=1083:-1074
16.9200,heen,0,MM1 C=1079:-1058
16.9410,heen,0,"#173,YAW,1.95,GYRO,1,-4,-3,ACC,10,1,248,ADC,1257,497,5,2,"
16.9410,heen,0,MM0 ?D
16.9410,heen,0,MM1 ?D
16.9410,heen,0,MM0 D=48
16.9410,heen,0,MM1 D=33
16.9747,heen,0,"#174,YAW,1.95,GYRO,0,-4,-11,ACC,18,-1,254,ADC,1270,496,4,3,"
16.9748,heen,0,MM0 ?FF
16.9748,heen,0,MM1 ?FF
16.9748,heen,0,MM0 FF=0
16.9749,heen,0,MM1 FF=0
16.9749,heen,0,MM0 !M 0 0
16.9749,heen,0,MM1 !M 0 0
16.9749,heen,0,MM0 +
16.9749,heen,0,MM1 +
16.9749,heen,0,"#175,YAW,1.95,GYRO,-1,16,-6,ACC,11,-1,251,ADC,1269,382,6,2,"
16.9749,heen,0,MM0 ?P
16.9749,heen,0,MM1 ?P
16.9749,heen,0,MM0 P=0:0
16.9749,heen,0,MM1 P=0:0
17.0271,heen,0,"#176,YAW,1.95,GYRO,1,6,2,ACC,7,0,253,ADC,1265,402,7,2,"
17.0272,heen,0,MM0 ?S
17.0272,heen,0,MM1 ?S
17.0272,heen,0,MM0 S=0:0
17.0272,heen,0,MM1 S=0:0
17.0272,heen,0,MM0 !M 0 0
17.0272,heen,0,MM1 !M 0 0
17.0272,heen,0,MM0 +
17.0272,heen,0,MM1 +
17.0272,heen,0,"#177,YAW,1.95,GYRO,3,7,0,ACC,9,-1,254,ADC,1271,302,5,2,"
17.0272,heen,0,MM0 ?T
17.0272,heen,0,MM1 ?T
17.0272,heen,0,MM0 T=34:34
17.0272,heen,0,MM1 T=35:33
17.0272,heen,0,"#178,YAW,1.95,GYRO,2,8,-1,ACC,6,3,253,ADC,1250,395,8,2,"
17.0273,heen,0,MM0 ?V
17.0273,heen,0,MM1 ?V
17.0273,heen,0,MM0 V=120:223:4904
17.0788,heen,0,MM1 V=120:223:4900
17.0788,heen,0,"#179,YAW,1.95,GYRO,3,8,-4,ACC,-4,-1,245,ADC,1223,382,5,2,"
17.0788,heen,0,MM0 ?CR
17.0788,heen,0,MM1 ?CR
17.0788,heen,0,MM0 CR=0:0
17.0788,heen,0,MM1 CR=0:0
17.0788,heen,0,MM0 !M 0 0
17.0789,heen,0,MM1 !M 0 0
17.0789,heen,0,MM0 +
17.0789,heen,0,MM1 +
17.0789,heen,0,"#180,YAW,1.95,GYRO,4,13,-17,ACC,-2,0,247,ADC,1273,503,8,2,"
17.0789,heen,0,MM0 ?A
17.0789,heen,0,MM1 ?A
17.0789,heen,0,MM0 A=0:0
17.0789,heen,0,MM1 A=0:0
17.1288,heen,0,"#181,YAW,1.96,GYRO,1,4,-13,ACC,-5,1,254,ADC,1263,502,4,1,"
17.1288,heen,0,MM0 ?AI
17.1288,heen,0,MM1 ?AI
17.1288,heen,0,MM0 AI=0:0:2451:2473:0:0
17.1288,heen,0,MM1 AI=0:0:2396:2383:0:0
17.1288,heen,0,"$GPRMC,103652.0,A,5050.50515,N,00419.39202,E,000.25,116.7,021026,000.4,E*5C"
17.1288,heen,0,"#182,YAW,1.95,GYRO,2,7,9,ACC,0,2,248,ADC,1276,389,4,2,"
17.1288,heen,0,MM0 ?C
17.1288,heen,0,MM1 ?C
17.1288,heen,0,MM0 C=1083:-1074
17.1289,heen,0,MM1 C=1080:-1058
17.1289,heen,0,MM0 !M 0 0
17.1289,heen,0,MM1 !M 0 0
17.1289,heen,0,MM0 +
17.1289,heen,0,MM1 +
17.1289,heen,0,"#183,YAW,1.95,GYRO,2,-2,14,ACC,2,0,252,ADC,1270,393,5,2,"
17.1289,heen,0,MM0 ?D
17.1289,heen,0,MM1 ?D
17.1289,heen,0,MM0 D=16
17.1289,heen,0,MM1 D=35
17.1778,heen,0,"#184,YAW,1.95,GYRO,2,10,5,ACC,-1,2,260,ADC,1231,381,6,2,"
17.1778,heen,0,MM0 ?FF
17.1778,heen,0,MM1 ?FF
17.1778,heen,0,MM0 FF=0
17.1778,heen,0,MM1 FF=0
17.1778,heen,0,MM1 !M 0 0
17.1778,heen,0,MM0 !M 0 0
17.1778,heen,0,MM0 +
17.1778,heen,0,MM1 +
17.1778,heen,0,"#185,YAW,1.96,GYRO,1,16,-7,ACC,-7,1,253,ADC,1255,384,4,3,"
17.1778,heen,0,MM0 ?P
17.1778,heen,0,MM1 ?P
17.1779,heen,0,MM0 P=0:0
17.1779,heen,0,MM1 P=0:0
17.2311,heen,0,"#186,YAW,1.96,GYRO,1,5,-8,ACC,-12,1,247,ADC,1273,504,7,2,"
17.2311,heen,0,MM0 ?S
17.2311,heen,0,MM1 ?S
17.2311,heen,0,MM0 S=0:0
17.2311,heen,0,MM1 S=0:0
17.2311,heen,0,"#187,YAW,1.96,GYRO,0,9,-7,ACC,-13,0,252,ADC,1239,501,7,2,"
17.2311,heen,0,MM0 ?T
17.2311,heen,0,MM1 ?T
17.2312,heen,0,MM0 T=35:34
17.2312,heen,0,MM1 T=35:33
17.2312,heen,0,MM0 !M 0 0
17.2312,heen,0,MM0 +
17.2312,heen,0,MM1 !M 0 0
17.2312,heen,0,MM1 +
17.2312,heen,0,"#188,YAW,1.96,GYRO,2,7,3,ACC,-14,1,256,ADC,1264,496,4,2,"
17.2312,heen,0,MM0 ?V
17.2312,heen,0,MM1 ?V
17.2312,heen,0,MM0 V=120:223:4903
17.2312,heen,0,MM1 V=120:222:4900
17.2799,heen,0,"#189,YAW,1.96,GYRO,1,-1,5,ACC,0,-1,254,ADC,1252,499,6,2,"
17.2799,heen,0,MM0 ?CR
17.2800,heen,0,MM1 ?CR
17.2800,heen,0,MM0 CR=1:-1
17.2800,heen,0,MM1 CR=2:-1
17.2800,heen,0,MM0 !M 0 0
17.2800,heen,0,MM1 !M 0 0
17.2800,heen,0,MM0 +
17.2800,heen,0,MM1 +
17.2800,heen,0,"#190,YAW,1.96,GYRO,1,-3,1,ACC,7,-1,252,ADC,1245,500,4,3,"
17.2800,heen,0,MM0 ?A
17.2800,heen,0,MM1 ?A
17.2800,heen,0,MM0 A=0:0
17.2800,heen,0,MM1 A=0:0
17.3298,heen,0,"#191,YAW,1.96,GYRO,0,9,-2,ACC,4,0,249,ADC,1251,388,5,2,"
17.3298,heen,0,MM0 ?AI
17.3298,heen,0,MM1 ?AI
17.3298,heen,0,MM0 AI=0:0:2453:2462:0:0
17.3298,heen,0,MM1 AI=0:0:2378:2379:0:0
17.3298,heen,0,"$GPRMC,103652.2,A,5050.50515,N,00419.39204,E,000.26,116.7,021026,000.4,E*5B"
17.3298,heen,0,"#192,YAW,1.96,GYRO,1,3,0,ACC,5,0,255,ADC,1260,391,5,2,"
17.3298,heen,0,MM0 ?C
17.3298,heen,0,MM1 ?C
17.3298,heen,0,MM0 C=1084:-1075
17.3298,heen,0,MM1 C=1081:-1059
17.3298,heen,0,MM0 !M 0 0
17.3298,heen,0,MM1 !M 0 0
17.3299,heen,0,MM0 +
17.3299,heen,0,MM1 +
17.3299,heen,0,"#193,YAW,1.96,GYRO,3,9,-1,ACC,3,0,253,ADC,1297,502,5,2,"
17.3299,heen,0,MM0 ?D
17.3299,heen,0,MM1 ?D
17.3299,heen,0,MM0 D=17
17.3299,heen,0,MM1 D=50
17.3848,heen,0,"#194,YAW,1.96,GYRO,0,9,0,ACC,1,0,253,ADC,1225,385,5,2,"
17.3848,heen,0,MM0 ?FF
17.3848,heen,0,MM1 ?FF
17.3848,heen,0,MM0 FF=0
17.3848,heen,0,MM1 FF=0
17.3848,heen,0,MM0 !M 0 0
17.3849,heen,0,MM1 !M 0 0
17.3849,heen,0,MM0 +
17.3849,heen,0,MM1 +
17.3849,heen,0,"#195,YAW,1.96,GYRO,0,9,0,ACC,-4,1,252,ADC,1277,329,5,3,"
17.3849,heen,0,MM0 ?P
17.3849,heen,0,MM1 ?P
17.3849,heen,0,MM0 P=0:0
17.3849,heen,0,MM1 P=0:0
17.3849,heen,0,"#196,YAW,1.96,GYRO,2,6,0,ACC,1,1,253,ADC,1242,392,7,2,"
17.4187,heen,0,MM0 ?S
17.4187,heen,0,MM1 ?S
17.4187,heen,0,MM0 S=0:0
17.4187,heen,0,MM1 S=0:0
17.4187,heen,0,MM0 !M 0 0
17.4187,heen,0,MM1 !M 0 0
17.4187,heen,0,MM0 +
17.4187,heen,0,MM1 +
17.4187,heen,0,"#197,YAW,1.96,GYRO,0,4,1,ACC,3,6,251,ADC,1261,396,4,2,"
17.4187,heen,0,MM0 ?T
17.4188,heen,0,MM1 ?T
17.4188,heen,0,MM0 T=34:34
17.4188,heen,0,MM1 T=35:33
17.4397,heen,0,"#198,YAW,1.96,GYRO,1,9,-2,ACC,3,-1,252,ADC,1281,384,5,2,"
17.4398,heen,0,MM0 ?V
17.4398,heen,0,MM1 ?V
17.4398,heen,0,MM0 V=120:217:4904
17.4398,heen,0,MM1 V=120:222:4901
17.4752,heen,0,"#199,YAW,1.96,GYRO,1,11,-1,ACC,-4,1,252,ADC,1296,503,6,2,"
17.4753,heen,0,MM0 ?CR
17.4753,heen,0,MM1 ?CR
17.4753,heen,0,MM0 CR=0:0
17.4753,heen,0,MM1 CR=0:0
17.4753,heen,0,MM0 !M 0 0
17.4753,heen,0,MM1 !M 0 0
17.4753,heen,0,MM0 +
17.4753,heen,0,MM1 +
17.4753,heen,0,"#200,YAW,1.96,GYRO,0,8,-1,ACC,-2,2,256,ADC,1277,503,8,2,"
17.4753,heen,0,MM0 ?A
17.4753,heen,0,MM1 ?A
17.4753,heen,0,MM0 A=0:0
17.4753,heen,0,MM1 A=0:0
17.4958,heen,0,"#201,YAW,1.96,GYRO,0,6,2,ACC,-1,1,251,ADC,1218,388,4,2,"
17.4958,heen,0,MM0 ?AI
17.4958,heen,0,MM1 ?AI
17.4958,heen,0,MM0 AI=0:0:2461:2472:0:0
17.4959,heen,0,MM1 AI=0:0:2356:2392:0:0
17.5297,heen,0,"$GPRMC,103652.4,A,5050.50515,N,00419.39206,E,000.27,116.7,021026,000.4,E*5E"
17.5297,heen,0,"#202,YAW,1.96,GYRO,0,4,0,ACC,0,-1,253,ADC,1265,383,4,2,"
17.5297,heen,0,MM0 ?C
17.5297,heen,0,MM1 ?C
17.5297,heen,0,MM0 C=1084:-1075
17.5298,heen,0,MM1 C=1081:-1059
17.5298,heen,0,MM0 !M 0 0
17.5298,heen,0,MM1 !M 0 0
17.5298,heen,0,MM0 +
17.5298,heen,0,MM1 +
17.5298,heen,0,"#203,YAW,1.96,GYRO,1,6,0,ACC,0,0,252,ADC,1252,390,5,2,"
17.5298,heen,0,MM0 ?D
17.5298,heen,0,MM1 ?D
17.5298,heen,0,MM0 D=17
17.5298,heen,0,MM1 D=50
17.5829,heen,0,"#204,YAW,1.96,GYRO,0,7,-1,ACC,1,-1,251,ADC,1258,394,6,1,"
17.5829,heen,0,MM0 ?FF
17.5829,heen,0,MM1 ?FF
17.5829,heen,0,MM0 FF=0
17.5829,heen,0,MM1 FF=0
17.5829,heen,0,MM1 !M 0 0
17.5829,heen,0,MM0 !M 0 0
17.5829,heen,0,MM1 +
17.5829,heen,0,MM0 +
17.5829,heen,0,"#205,YAW,1.96,GYRO,0,7,1,ACC,-2,0,254,ADC,1252,499,6,2,"
17.5830,heen,0,MM0 ?P
17.5830,heen,0,MM1 ?P
17.5830,heen,0,MM0 P=0:0
17.5830,heen,0,MM1 P=0:0
17.6340,heen,0,"#206,YAW,1.96,GYRO,0,3,0,ACC,-2,0,253,ADC,1257,387,6,2,"
17.6340,heen,0,MM0 ?S
17.6340,heen,0,MM1 ?S
17.6340,heen,0,MM0 S=0:0
17.6340,heen,0,MM1 S=0:0
17.6340,heen,0,"#207,YAW,1.96,GYRO,2,5,0,ACC,0,-1,255,ADC,1245,394,6,2,"
17.6340,heen,0,MM0 ?T
17.6340,heen,0,MM1 ?T
17.6340,heen,0,MM0 T=34:34
17.6340,heen,0,MM1 T=35:33
17.6340,heen,0,MM0 !M 0 0
17.6340,heen,0,MM1 !M 0 0
17.6340,heen,0,MM0 +
17.6340,heen,0,MM1 +
17.6341,heen,0,"#208,YAW,1.96,GYRO,1,4,0,ACC,-1,1,254,ADC,1233,389,8,2,"
17.6341,heen,0,MM0 ?V
17.6341,heen,0,MM1 ?V
17.6341,heen,0,MM0 V=120:223:4904
17.6341,heen,0,MM1 V=120:224:4901
17.6838,heen,0,"#209,YAW,1.96,GYRO,-1,7,-1,ACC,-4,0,250,ADC,1293,498,5,2,"
17.6839,heen,0,MM0 ?CR
17.6839,heen,0,MM1 ?CR
17.6839,heen,0,MM0 CR=0:0
17.6839,heen,0,MM1 CR=0:0
17.6839,heen,0,MM0 !M 0 0
17.6839,heen,0,MM1 !M 0 0
17.6839,heen,0,MM0 +
17.6839,heen,0,MM1 +
17.6840,heen,0,"#210,YAW,1.96,GYRO,2,5,-1,ACC,0,0,253,ADC,1269,398,6,2,"
17.6840,heen,0,MM0 ?A
17.6840,heen,0,MM1 ?A
17.6840,heen,0,MM0 A=0:0
17.6840,heen,0,MM1 A=0:0
17.6840,heen,0,"#211,YAW,1.96,GYRO,0,7,0,ACC,-3,0,253,ADC,1273,386,5,2,"
17.7349,heen,0,MM0 ?AI
17.7349,heen,0,MM1 ?AI
17.7349,heen,0,MM0 AI=0:0:2454:2476:0:0
17.7349,heen,0,MM1 AI=0:0:2367:2402:0:0
17.7349,heen,0,"$GPRMC,103652.6,A,5050.50515,N,00419.39209,E,000.28,116.7,021026,000.4,E*5C"
17.7349,heen,0,"#212,YAW,1.96,GYRO,0,7,0,ACC,-5,-1,251,ADC,1267,384,4,1,"
17.7349,heen,0,MM0 ?C
17.7349,heen,0,MM1 ?C
17.7349,heen,0,MM0 C=1084:-1075
17.7350,heen,0,MM1 C=1081:-1059
17.7350,heen,0,MM0 !M 0 0
17.7350,heen,0,MM1 !M 0 0
17.7350,heen,0,MM0 +
17.7350,heen,0,MM1 +
17.7350,heen,0,"#213,YAW,1.96,GYRO,2,6,0,ACC,1,0,254,ADC,1252,393,5,2,"
17.7350,heen,0,MM0 ?D
17.7350,heen,0,MM1 ?D
17.7350,heen,0,MM0 D=17
17.7350,heen,0,MM1 D=50
17.7848,heen,0,"#214,YAW,1.96,GYRO,1,6,0,ACC,-1,0,253,ADC,1283,389,5,1,"
17.7848,heen,0,MM0 ?FF
17.7848,heen,0,MM1 ?FF
17.7848,heen,0,MM0 FF=0
17.7848,heen,0,MM1 FF=0
17.7848,heen,0,MM1 !M 0 0
17.7848,heen,0,MM0 !M 0 0
17.7848,heen,0,MM1 +
17.7848,heen,0,MM0 +
17.7848,heen,0,"#215,YAW,1.96,GYRO,0,6,0,ACC,-2,1,250,ADC,1249,353,4,2,"
17.7849,heen,0,MM0 ?P
17.7849,heen,0,MM1 ?P
17.7849,heen,0,MM0 P=0:0
17.7849,heen,0,MM1 P=0:0
17.8360,heen,0,"#216,YAW,1.96,GYRO,-1,6,0,ACC,-2,-1,253,ADC,1236,385,4,2,"
17.8360,heen,0,MM0 ?S
17.8360,heen,0,MM1 ?S
17.8360,heen,0,MM0 S=0:0
17.8360,heen,0,MM1 S=0:0
17.8360,heen,0,"#217,YAW,1.96,GYRO,1,6,1,ACC,-1,0,255,ADC,1233,380,5,1,"
17.8360,heen,0,MM0 ?T
17.8360,heen,0,MM1 ?T
17.8360,heen,0,MM0 T=34:34
17.8360,heen,0,MM1 T=36:33
17.8360,heen,0,MM0 !M 0 0
17.8360,heen,0,MM1 !M 0 0
17.8361,heen,0,MM0 +
17.8361,heen,0,MM1 +
17.8361,heen,0,"#218,YAW,1.96,GYRO,-2,6,1,ACC,5,-1,254,ADC,1275,386,5,2,"
17.8361,heen,0,MM0 ?V
17.8361,heen,0,MM1 ?V
17.8361,heen,0,MM0 V=120:221:4905
17.8361,heen,0,MM1 V=120:221:4901
17.8859,heen,0,"#219,YAW,1.96,GYRO,1,5,1,ACC,-3,1,251,ADC,1252,393,6,2,"
17.8860,heen,0,MM0 ?CR
17.8860,heen,0,MM1 ?CR
17.8860,heen,0,MM0 CR=0:0
17.8860,heen,0,MM1 CR=0:0
17.8860,heen,0,MM0 !M 0 0
17.8860,heen,0,MM1 !M 0 0
17.8860,heen,0,MM0 +
17.8860,heen,0,MM1 +
17.8860,heen,0,"#220,YAW,1.96,GYRO,1,6,0,ACC,1,0,254,ADC,1283,310,7,2,"
17.8860,heen,0,MM0 ?A
17.8860,heen,0,MM1 ?A
17.8860,heen,0,MM0 A=0:0
17.8860,heen,0,MM1 A=0:0
17.8860,heen,0,"#221,YAW,1.96,GYRO,0,7,0,ACC,-2,0,251,ADC,1224,386,5,2,"
17.8860,heen,0,MM0 ?AI
17.8860,heen,0,MM1 ?AI
17.9368,heen,0,MM0 AI=0:0:2450:2458:0:0
17.9369,heen,0,MM1 AI=0:0:2387:2375:0:0
17.9369,heen,0,"$GPRMC,103652.8,A,5050.50515,N,00419.39211,E,000.27,116.7,021026,000.4,E*54"
17.9369,heen,0,"#222,YAW,1.96,GYRO,0,6,1,ACC,1,0,252,ADC,1216,392,5,2,"
17.9369,heen,0,MM0 ?C
17.9369,heen,0,MM1 ?C
17.9369,heen,0,MM0 C=1084:-1075
17.9369,heen,0,MM1 C=1081:-1059
17.9369,heen,0,MM1 !M 0 0
17.9369,heen,0,MM0 !M 0 0
17.9369,heen,0,MM1 +
17.9369,heen,0,MM0 +
17.9369,heen,0,"#223,YAW,1.96,GYRO,2,5,0,ACC,1,1,255,ADC,1252,385,7,2,"
17.9369,heen,0,MM0 ?D
17.9369,heen,0,MM1 ?D
17.9369,heen,0,MM0 D=17
17.9370,heen,0,MM1 D=50
17.9870,heen,0,"#224,YAW,1.96,GYRO,0,5,0,ACC,0,0,251,ADC,1235,380,7,2,"
17.9871,heen,0,MM0 ?FF
17.9871,heen,0,MM1 ?FF
17.9871,heen,0,MM0 FF=0
17.9871,heen,0,MM1 FF=0
17.9871,heen,0,MM1 !M 0 0
17.9871,heen,0,MM0 !M 0 0
17.9871,heen,0,MM1 +
17.9871,heen,0,MM0 +
17.9871,heen,0,"#225,YAW,1.96,GYRO,0,6,-1,ACC,2,1,250,ADC,1217,330,6,2,"
17.9871,heen,0,MM0 ?P
17.9871,heen,0,MM1 ?P
17.9871,heen,0,MM0 P=0:0
17.9871,heen,0,MM1 P=0:0
17.9871,heen,0,"#226,YAW,1.96,GYRO,1,8,0,ACC,2,0,255,ADC,1237,385,4,3,"
17.9872,heen,0,MM0 ?S
17.9872,heen,0,MM1 ?S
17.9872,heen,0,MM0 S=0:0
18.0389,heen,0,MM1 S=0:0
18.0389,heen,0,"#227,YAW,1.96,GYRO,1,9,1,ACC,2,1,255,ADC,1217,380,4,2,"
18.0389,heen,0,MM0 ?T
18.0389,heen,0,MM1 ?T
18.0389,heen,0,MM0 T=35:34
18.0389,heen,0,MM1 T=35:33
18.0389,heen,0,MM0 !M 0 0
18.0389,heen,0,MM1 !M 0 0
18.0389,heen,0,MM0 +
18.0389,heen,0,MM1 +
18.0390,heen,0,"#228,YAW,1.96,GYRO,0,5,2,ACC,3,-1,254,ADC,1269,500,7,1,"
18.0390,heen,0,MM0 ?V
18.0390,heen,0,MM1 ?V
18.0390,heen,0,MM0 V=120:223:4904
18.0390,heen,0,MM1 V=120:222:4901
18.0891,heen,0,"#229,YAW,1.96,GYRO,1,5,0,ACC,0,0,251,ADC,1262,501,3,1,"
18.0891,heen,0,MM0 ?CR
18.0892,heen,0,MM1 ?CR
18.0892,heen,0,MM0 CR=0:0
18.0892,heen,0,MM1 CR=0:0
18.0892,heen,0,"#230,YAW,1.96,GYRO,1,8,1,ACC,2,2,257,ADC,1240,387,6,2,"
18.0892,heen,0,MM0 ?A
18.0892,heen,0,MM1 ?A
18.0892,heen,0,MM0 A=0:0
18.0892,heen,0,MM1 A=0:0
18.0892,heen,0,MM0 !M 0 0
18.0892,heen,0,MM0 +
18.0892,heen,0,MM1 !M 0 0
18.0892,heen,0,MM1 +
18.0892,heen,0,"#231,YAW,1.96,GYRO,2,6,1,ACC,-1,-1,254,ADC,1268,497,7,2,"
18.0892,heen,0,MM0 ?AI
18.0892,heen,0,MM1 ?AI
18.0892,heen,0,MM0 AI=0:0:2478:2468:0:0
18.1421,heen,0,MM1 AI=0:0:2393:2394:0:0
18.1422,heen,0,"$GPRMC,103653.0,A,5050.50515,N,00419.39213,E,000.26,116.7,021026,000.4,E*5E"
18.1422,heen,0,"#232,YAW,1.96,GYRO,1,5,0,ACC,0,3,254,ADC,1256,495,5,2,"
18.1422,heen,0,MM0 ?C
18.1422,heen,0,MM1 ?C
18.1422,heen,0,MM0 C=1084:-1075
18.1422,heen,0,MM1 C=1081:-1059
18.1423,heen,0,MM1 !M 0 0
18.1423,heen,0,MM1 +
18.1423,heen,0,MM0 !M 0 0
18.1423,heen,0,MM0 +
18.1423,heen,0,"#233,YAW,1.96,GYRO,0,5,0,ACC,2,-1,253,ADC,1281,498,7,2,"
18.1423,heen,0,MM0 ?D
18.1423,heen,0,MM1 ?D
18.1423,heen,0,MM0 D=17
18.1423,heen,0,MM1 D=50
18.1907,heen,-70,"#234,YAW,1.96,GYRO,0,8,-2,ACC,1,-2,250,ADC,1256,385,4,2,"
18.1907,heen,-70,MM1 ?FF
18.1907,heen,-70,MM0 ?FF
18.1907,heen,-70,MM1 FF=0
18.1907,heen,-70,MM0 FF=0
18.1907,heen,-70,"#235,YAW,1.96,GYRO,0,6,1,ACC,-1,-2,256,ADC,1247,383,6,1,"
18.1907,heen,-70,MM0 ?P
18.1907,heen,-70,MM1 ?P
18.1907,heen,-70,MM0 P=0:0
18.1907,heen,-70,MM1 P=0:0
18.1908,heen,-70,MM0 !M -68 72
18.1908,heen,-70,MM1 !M -68 72
18.1908,heen,-70,MM0 +
18.1908,heen,-70,MM1 +
18.1908,heen,-70,"#236,YAW,1.96,GYRO,6,24,2,ACC,-47,1,231,ADC,1252,500,4,1,"
18.1908,heen,-70,MM0 ?S
18.1908,heen,-70,MM1 ?S
18.1908,heen,-70,MM0 S=0:0
18.1908,heen,-70,MM1 S=0:0
18.2559,heen,0,"#237,YAW,1.96,GYRO,0,5,-2,ACC,-18,0,259,ADC,1248,381,5,2,"
18.2559,heen,0,MM0 ?T
18.2559,heen,0,MM1 ?T
18.2559,heen,0,MM0 T=35:34
18.2559,heen,0,MM1 T=35:33
18.2559,heen,0,MM0 !M -68 72
18.2559,heen,0,MM1 !M -68 72
18.2559,heen,0,MM0 +
18.2559,heen,0,MM1 +
18.2559,heen,0,"#238,YAW,1.96,GYRO,-1,-23,4,ACC,-13,2,254,ADC,1283,409,8,2,"
18.2559,heen,0,MM0 ?V
18.2559,heen,0,MM1 ?V
18.2559,heen,0,MM0 V=120:223:4904
18.2559,heen,0,MM1 V=120:223:4901
18.2559,heen,0,"#239,YAW,1.96,GYRO,3,28,1,ACC,-5,0,246,ADC,1246,393,8,2,"
18.2560,heen,0,MM0 ?CR
18.2560,heen,0,MM1 ?CR
18.2560,heen,0,MM0 CR=-1:1
18.2560,heen,0,MM1 CR=-1:1
18.2770,heen,0,"#240,YAW,1.96,GYRO,-2,4,8,ACC,-15,1,265,ADC,1290,501,5,2,"
18.2770,heen,0,MM0 ?A
18.2771,heen,0,MM1 ?A
18.2771,heen,0,MM0 A=0:0
18.2771,heen,0,MM1 A=0:0
18.2771,heen,0,MM0 !M 0 0PING
18.2771,heen,0,MM0 +
18.2771,heen,0,MM1 !M 0 0PING
18.2771,heen,0,MM1 +
18.3107,heen,0,"#241,YAW,1.96,GYRO,-5,23,13,ACC,-14,1,239,ADC,1276,496,7,2,"
18.3107,heen,0,MM0 ?AI
18.3107,heen,0,MM1 ?AI
18.3107,heen,0,MM1 AI=0:0:2385:2438:0:0
18.3107,heen,0,MM0 AI=0:0:2456:2485:0:0
18.3107,heen,0,"$GPRMC,103653.2,A,5050.50515,N,00419.39215,E,000.25,116.7,021026,000.4,E*59"
18.3107,heen,0,MM0 !M 0 0
18.3107,heen,0,MM0 +
18.3107,heen,0,MM1 !M 0 0
18.3107,heen,0,MM1 +
18.3107,heen,0,"#242,YAW,1.96,GYRO,-11,-46,-15,ACC,14,7,243,ADC,1254,299,4,1,"
18.3107,heen,0,MM0 ?C
18.3107,heen,0,MM1 ?C
18.3107,heen,0,MM0 C=1082:-1073
18.3107,heen,0,MM1 C=1079:-1057
18.3639,heen,0,"#243,YAW,1.96,GYRO,-2,-7,1,ACC,4,-1,258,ADC,1301,501,3,2,"
18.3639,heen,0,MM0 ?D
18.3639,heen,0,MM1 ?D
18.3639,heen,0,MM0 D=34
18.3639,heen,0,MM1 D=1
18.3639,heen,0,MM1 !M 0 0
18.3639,heen,0,MM0 !M 0 0
18.3639,heen,0,MM1 +
18.3639,heen,0,MM0 +
18.3639,heen,0,"#244,YAW,1.96,GYRO,-3,31,-4,ACC,19,-7,246,ADC,1278,392,6,2,"
18.3639,heen,0,MM1 ?FF
18.3639,heen,0,MM0 ?FF
18.3640,heen,0,MM1 FF=0
18.3640,heen,0,MM0 FF=0
18.3850,heen,0,"#245,YAW,1.96,GYRO,-3,-36,3,ACC,22,-1,258,ADC,1242,383,6,1,"
18.3851,heen,0,MM1 ?P
18.3851,heen,0,MM0 ?P
18.3851,heen,0,MM1 P=0:0
18.3851,heen,0,MM0 P=0:0
18.3851,heen,0,"#246,YAW,1.96,GYRO,-1,25,2,ACC,22,-1,250,ADC,1238,500,7,2,"
18.3851,heen,0,MM1 ?S
18.4200,heen,0,MM0 ?S
18.4200,heen,0,MM0 S=0:0
18.4200,heen,0,MM1 S=-75:0
18.4200,heen,0,MM0 !M 0 0
18.4200,heen,0,MM1 !M 0 0
18.4200,heen,0,MM0 +
18.4200,heen,0,MM1 +
18.4200,heen,0,"#247,YAW,1.96,GYRO,1,4,0,ACC,19,-1,250,ADC,1237,396,6,2,"
18.4200,heen,0,MM1 ?T
18.4200,heen,0,MM0 ?T
18.4200,heen,0,MM1 T=35:33
18.4200,heen,0,MM0 T=34:34
18.4538,heen,0,"#248,YAW,1.96,GYRO,1,18,3,ACC,5,-1,252,ADC,1221,380,6,1,"
18.4538,heen,0,MM1 ?V
18.4538,heen,0,MM0 ?V
18.4538,heen,0,MM1 V=120:221:4898
18.4538,heen,0,MM0 V=120:225:4904
18.4539,heen,0,MM1 !M 0 0
18.4539,heen,0,MM0 !M 0 0
18.4539,heen,0,MM1 +
18.4539,heen,0,MM0 +
18.4539,heen,0,"#249,YAW,1.96,GYRO,2,5,7,ACC,10,0,248,ADC,1224,381,5,2,"
18.4539,heen,0,MM1 ?CR
18.4539,heen,0,MM0 ?CR
18.4539,heen,0,MM1 CR=-2:1
18.4539,heen,0,MM0 CR=-1:1
18.4766,heen,0,"#250,YAW,1.96,GYRO,4,1,10,ACC,4,0,257,ADC,1292,500,6,2,"
18.4766,heen,0,MM1 ?A
18.4766,heen,0,MM0 ?A
18.4766,heen,0,MM1 A=0:0
18.4766,heen,0,MM0 A=0:0
18.5107,heen,0,"#251,YAW,1.96,GYRO,4,9,4,ACC,4,-1,252,ADC,1243,385,5,2,"
18.5107,heen,0,MM1 ?AI
18.5107,heen,0,MM0 ?AI
18.5107,heen,0,MM1 AI=0:0:2365:2397:0:0
18.5107,heen,0,MM0 AI=0:0:2463:2477:0:0
18.5107,heen,0,"$GPRMC,103653.4,A,5050.50516,N,00419.39218,E,000.25,116.7,021026,000.4,E*51"
18.5107,heen,0,MM0 !M 0 0
18.5107,heen,0,MM0 +
18.5107,heen,0,MM1 !M 0 0
18.5107,heen,0,MM1 +
18.5108,heen,0,"#252,YAW,1.96,GYRO,5,7,-4,ACC,-3,0,255,ADC,1273,384,3,2,"
18.5108,heen,0,MM1 ?C
18.5108,heen,0,MM0 ?C
18.5108,heen,0,MM1 C=1078:-1057
18.5108,heen,0,MM0 C=1082:-1073
18.5317,heen,0,"#253,YAW,1.96,GYRO,5,16,-7,ACC,1,2,256,ADC,1247,499,8,2,"
18.5317,heen,0,MM1 ?D
18.5317,heen,0,MM0 ?D
18.5317,heen,0,MM0 D=34
18.5317,heen,0,MM1 D=1
18.5659,heen,0,MM0 !M 0 0
18.5659,heen,0,MM1 !M 0 0
18.5659,heen,0,MM0 +
18.5659,heen,0,MM1 +
18.5659,heen,0,"#254,YAW,1.96,GYRO,3,8,-7,ACC,-8,1,254,ADC,1258,341,4,2,"
18.5659,heen,0,MM1 ?FF
18.5659,heen,0,MM0 ?FF
18.5659,heen,0,MM1 FF=0
18.5660,heen,0,MM0 FF=0
18.5660,heen,0,"#255,YAW,1.96,GYRO,4,24,-6,ACC,-14,0,255,ADC,1221,393,7,2,"
18.5660,heen,0,MM1 ?P
18.5660,heen,0,MM0 ?P
18.6194,heen,0,MM1 P=0:0
18.6195,heen,0,MM0 P=0:0
18.6195,heen,0,"#0,YAW,1.96,GYRO,2,5,-2,ACC,-13,0,256,ADC,1244,500,4,1,"
18.6195,heen,0,MM1 ?S
18.6195,heen,0,MM0 ?S
18.6195,heen,0,MM1 S=0:0
18.6195,heen,0,MM0 S=0:-75
18.6195,heen,0,MM1 !M 0 0
18.6195,heen,0,MM0 !M 0 0
18.6195,heen,0,MM0 +
18.6195,heen,0,MM1 +
18.6195,heen,0,"#1,YAW,1.96,GYRO,1,-2,12,ACC,-14,0,249,ADC,1284,501,5,2,"
18.6196,heen,0,MM1 ?T
18.6196,heen,0,MM0 ?T
18.6196,heen,0,MM1 T=35:33
18.6196,heen,0,MM0 T=34:34
18.6670,heen,0,"#2,YAW,1.96,GYRO,3,6,15,ACC,-11,2,250,ADC,1265,402,7,2,"
18.6671,heen,0,MM1 ?V
18.6671,heen,0,MM0 ?V
18.6671,heen,0,MM1 V=120:222:4897
18.6671,heen,0,MM0 V=120:220:4905
18.6671,heen,0,MM0 !M 0 0
18.6671,heen,0,MM1 !M 0 0
18.6671,heen,0,MM0 +
18.6671,heen,0,MM1 +
18.6671,heen,0,"#3,YAW,1.96,GYRO,1,-3,-1,ACC,-2,0,253,ADC,1249,312,4,2,"
18.6671,heen,0,MM1 ?CR
18.6671,heen,0,MM0 ?CR
18.6671,heen,0,MM1 CR=1:-1
18.6671,heen,0,MM0 CR=0:-1
18.6671,heen,0,"#4,YAW,1.96,GYRO,0,0,-7,ACC,1,1,255,ADC,1282,392,5,1,"
18.6671,heen,0,MM1 ?A
18.6671,heen,0,MM0 ?A
18.6671,heen,0,MM1 A=0:0
18.7216,heen,0,MM0 A=0:0
18.7216,heen,0,"#5,YAW,1.96,GYRO,-1,7,-7,ACC,6,0,251,ADC,1261,499,8,2,"
18.7216,heen,0,MM1 ?AI
18.7216,heen,0,MM0 ?AI
18.7216,heen,0,MM1 AI=0:0:2385:2371:0:0
18.7216,heen,0,MM0 AI=0:0:2461:2468:0:0
18.7216,heen,0,"$GPRMC,103653.6,A,5050.50516,N,00419.39220,E,000.25,116.7,021026,000.4,E*58"
18.7216,heen,0,MM1 !M 0 0
18.7216,heen,0,MM0 !M 0 0
18.7216,heen,0,MM1 +
18.7216,heen,0,MM0 +
18.7216,heen,0,"#6,YAW,1.97,GYRO,0,4,0,ACC,5,1,254,ADC,1260,358,6,2,"
18.7216,heen,0,MM1 ?C
18.7217,heen,0,MM0 ?C
18.7217,heen,0,MM1 C=1079:-1058
18.7217,heen,0,MM0 C=1082:-1074
18.7556,heen,0,"#7,YAW,1.97,GYRO,3,8,5,ACC,1,0,253,ADC,1194,385,6,1,"
18.7557,heen,0,MM1 ?D
18.7557,heen,0,MM0 ?D
18.7557,heen,0,MM1 D=33
18.7557,heen,0,MM0 D=58
18.7557,heen,0,"#8,YAW,1.97,GYRO,-1,6,2,ACC,3,0,254,ADC,1238,392,7,2,"
18.7557,heen,0,MM1 ?FF
18.7557,heen,0,MM0 ?FF
18.7557,heen,0,MM1 FF=0
18.7557,heen,0,MM0 FF=0
18.7770,heen,0,"#9,YAW,1.97,GYRO,2,7,-2,ACC,-2,-1,249,ADC,1255,502,7,2,"
18.7770,heen,0,MM1 ?P
18.7770,heen,0,MM0 ?P
18.7770,heen,0,MM1 P=0:0
18.7770,heen,0,MM0 P=0:0
18.8107,heen,0,MM1 !M 0 0PING
18.8107,heen,0,MM0 !M 0 0PING
18.8107,heen,0,MM1 +
18.8107,heen,0,MM0 +
18.8107,heen,0,"#10,YAW,1.97,GYRO,0,5,0,ACC,-3,-1,258,ADC,1236,327,7,2,"
18.8107,heen,0,MM1 ?S
18.8107,heen,0,MM0 ?S
18.8107,heen,0,MM1 S=0:0
18.8107,heen,0,MM0 S=0:0
18.8107,heen,0,MM1 !M 0 0
18.8108,heen,0,MM0 !M 0 0
18.8108,heen,0,MM1 +
18.8108,heen,0,MM0 +
18.8108,heen,0,"#11,YAW,1.97,GYRO,1,3,0,ACC,-1,0,253,ADC,1254,387,5,2,"
18.8108,heen,0,MM1 ?T
18.8108,heen,0,MM0 ?T
18.8108,heen,0,MM1 T=35:33
18.8108,heen,0,MM0 T=35:34
18.8315,heen,0,"#12,YAW,1.97,GYRO,0,5,-1,ACC,2,-1,248,ADC,1239,389,5,2,"
18.8315,heen,0,MM1 ?V
18.8316,heen,0,MM0 ?V
18.8316,heen,0,MM1 V=120:221:4898
18.8316,heen,0,MM0 V=120:223:4906
18.8659,heen,0,MM0 !M 0 0
18.8659,heen,0,MM1 !M 0 0
18.8659,heen,0,MM0 +
18.8660,heen,0,MM1 +
18.8660,heen,0,"#13,YAW,1.97,GYRO,0,5,0,ACC,2,0,259,ADC,1249,339,5,2,"
18.8660,heen,0,MM1 ?CR
18.8660,heen,0,MM0 ?CR
18.8660,heen,0,MM1 CR=0:0
18.8660,heen,0,MM0 CR=0:0
18.8660,heen,0,"#14,YAW,1.97,GYRO,0,6,2,ACC,-2,1,252,ADC,1314,501,6,2,"
18.8660,heen,0,MM1 ?A
18.8660,heen,0,MM0 ?A
18.9202,heen,0,MM1 A=0:0
18.9202,heen,0,MM0 A=0:0
18.9202,heen,0,"#15,YAW,1.97,GYRO,1,4,0,ACC,-3,0,252,ADC,1255,388,4,2,"
18.9202,heen,0,MM1 ?AI
18.9202,heen,0,MM0 ?AI
18.9202,heen,0,MM1 AI=0:0:2369:2402:0:0
18.9202,heen,0,MM0 AI=0:0:2462:2477:0:0
18.9203,heen,0,"$GPRMC,103653.8,A,5050.50516,N,00419.39222,E,000.25,116.7,021026,000.4,E*54"
18.9203,heen,0,MM1 !M 0 0
18.9203,heen,0,MM0 !M 0 0
18.9203,heen,0,MM1 +
18.9203,heen,0,MM0 +
18.9203,heen,0,"#16,YAW,1.97,GYRO,-1,7,0,ACC,4,0,253,ADC,1285,336,5,1,"
18.9203,heen,0,MM1 ?C
18.9203,heen,0,MM0 ?C
18.9203,heen,0,MM1 C=1079:-1058
18.9203,heen,0,MM0 C=1082:-1074
18.9708,heen,0,"#17,YAW,1.97,GYRO,0,4,0,ACC,1,-1,256,ADC,1288,382,6,2,"
18.9708,heen,0,MM1 ?D
18.9708,heen,0,MM0 ?D
18.9708,heen,0,MM1 D=33
18.9708,heen,0,MM0 D=50
18.9708,heen,0,"#18,YAW,1.97,GYRO,0,5,1,ACC,-2,0,257,ADC,1272,498,8,2,"
18.9709,heen,0,MM1 ?FF
18.9709,heen,0,MM0 ?FF
18.9709,heen,0,MM1 FF=0
18.9709,heen,0,MM0 FF=0
18.9709,heen,0,MM0 !M 0 0
18.9710,heen,0,MM1 !M 0 0
18.9710,heen,0,MM0 +
18.9710,heen,0,MM1 +
18.9710,heen,0,"#19,YAW,1.97,GYRO,1,5,1,ACC,1,0,253,ADC,1250,394,5,1,"
18.9710,heen,0,MM1 ?P
18.9710,heen,0,MM0 ?P
18.9710,heen,0,MM1 P=0:0
18.9710,heen,0,MM0 P=0:0
19.0239,heen,0,"#20,YAW,1.97,GYRO,0,6,0,ACC,2,-1,253,ADC,1269,393,6,2,"
19.0240,heen,0,MM1 ?S
19.0240,heen,0,MM0 ?S
19.0240,heen,0,MM1 S=0:0
19.0240,heen,0,MM0 S=0:0
19.0240,heen,0,MM1 !M 0 0
19.0240,heen,0,MM0 !M 0 0
19.0240,heen,0,MM1 +
19.0240,heen,0,MM0 +
19.0240,heen,0,"#21,YAW,1.97,GYRO,1,4,1,ACC,0,0,252,ADC,1237,382,5,2,"
19.0240,heen,0,MM0 ?T
19.0240,heen,0,MM1 ?T
19.0240,heen,0,MM0 T=34:34
19.0240,heen,0,MM1 T=35:33
19.0240,heen,0,"#22,YAW,1.97,GYRO,1,5,0,ACC,-1,0,251,ADC,1290,394,4,3,"
19.0738,heen,0,MM0 ?V
19.0738,heen,0,MM1 ?V
19.0738,heen,0,MM0 V=120:223:4906
19.0738,heen,0,MM1 V=120:222:4897
19.0738,heen,0,"#23,YAW,1.97,GYRO,1,6,0,ACC,3,1,254,ADC,1292,387,6,2,"
19.0738,heen,0,MM0 ?CR
19.0738,heen,0,MM1 ?CR
19.0738,heen,0,MM0 CR=0:0
19.0738,heen,0,MM1 CR=0:0
19.0738,heen,0,MM1 !M 0 0
19.0738,heen,0,MM0 !M 0 0
19.0738,heen,0,MM1 +
19.0738,heen,0,MM0 +
19.0738,heen,0,"#24,YAW,1.97,GYRO,1,5,0,ACC,-4,0,252,ADC,1272,502,5,2,"
19.0738,heen,0,MM0 ?A
19.0739,heen,0,MM1 ?A
19.0739,heen,0,MM0 A=0:0
19.0739,heen,0,MM1 A=0:0
19.1231,heen,0,"#25,YAW,1.97,GYRO,1,5,1,ACC,-2,3,250,ADC,1273,503,6,2,"
19.1231,heen,0,MM0 ?AI
19.1232,heen,0,MM1 ?AI
19.1233,heen,0,MM0 AI=0:0:2459:2467:0:0
19.1233,heen,0,MM1 AI=0:0:2360:2363:0:0
19.1233,heen,0,"$GPRMC,103654.0,A,5050.50516,N,00419.39224,E,000.25,116.7,021026,000.4,E*5D"
19.1233,heen,0,MM0 !M 0 0
19.1233,heen,0,MM1 !M 0 0
19.1233,heen,0,MM0 +
19.1233,heen,0,MM1 +
19.1233,heen,0,"#26,YAW,1.97,GYRO,1,6,0,ACC,4,0,256,ADC,1227,298,5,1,"
19.1233,heen,0,MM1 ?C
19.1234,heen,0,MM0 ?C
19.1234,heen,0,MM1 C=1079:-1058
19.1234,heen,0,MM0 C=1082:-1074
19.1748,heen,0,"#27,YAW,1.97,GYRO,0,6,0,ACC,-1,1,255,ADC,1258,502,6,3,"
19.1748,heen,0,MM0 ?D
19.1748,heen,0,MM1 ?D
19.1748,heen,0,MM0 D=50
19.1748,heen,0,MM1 D=33
19.1749,heen,0,"#28,YAW,1.97,GYRO,0,5,-1,ACC,-1,0,251,ADC,1252,496,5,2,"
19.1749,heen,0,MM0 ?FF
19.1749,heen,0,MM1 ?FF
19.1749,heen,0,MM0 FF=0
19.1749,heen,0,MM1 FF=0
19.1749,heen,0,MM1 !M 0 0
19.1749,heen,0,MM0 !M 0 0
19.1749,heen,0,MM1 +
19.1749,heen,0,MM0 +
19.1749,heen,0,"#29,YAW,1.97,GYRO,0,5,0,ACC,0,1,252,ADC,1239,386,5,1,"
19.1749,heen,0,MM0 ?P
19.1749,heen,0,MM1 ?P
19.1749,heen,0,MM0 P=0:0
19.1749,heen,0,MM1 P=0:0
19.2279,heen,0,"#30,YAW,1.97,GYRO,1,4,-1,ACC,1,1,256,ADC,1255,395,6,2,"
19.2279,heen,0,MM0 ?S
19.2279,heen,0,MM1 ?S
19.2279,heen,0,MM0 S=0:0
19.2279,heen,0,MM1 S=0:0
19.2279,heen,0,MM1 !M 0 0
19.2279,heen,0,MM0 !M 0 0
19.2279,heen,0,MM1 +
19.2279,heen,0,MM0 +
19.2280,heen,0,"#31,YAW,1.97,GYRO,1,5,1,ACC,1,0,249,ADC,1267,316,7,2,"
19.2280,heen,0,MM0 ?T
19.2280,heen,0,MM1 ?T
19.2280,heen,0,MM0 T=34:34
19.2280,heen,0,MM1 T=35:33
19.2280,heen,0,"#32,YAW,1.97,GYRO,-1,5,0,ACC,-1,0,254,ADC,1223,380,5,2,"
19.2621,heen,0,MM0 ?V
19.2621,heen,0,MM1 ?V
19.2621,heen,0,MM0 V=120:221:4907
19.2621,heen,0,MM1 V=120:221:4898
19.2621,heen,0,MM1 !M 0 0
19.2621,heen,0,MM0 !M 0 0
19.2621,heen,0,MM1 +
19.2621,heen,0,MM0 +
19.2621,heen,0,"#33,YAW,1.97,GYRO,1,6,0,ACC,3,0,252,ADC,1277,500,6,2,"
19.2622,heen,0,MM0 ?CR
19.2622,heen,0,MM1 ?CR
19.2622,heen,0,MM0 CR=0:0
19.2622,heen,0,MM1 CR=0:0
19.2830,heen,0,"#34,YAW,1.97,GYRO,1,4,1,ACC,-1,0,251,ADC,1213,384,9,2,"
19.2830,heen,0,MM0 ?A
19.2830,heen,0,MM1 ?A
19.2830,heen,0,MM0 A=0:0
19.2830,heen,0,MM1 A=0:0
19.3241,heen,0,"#35,YAW,1.97,GYRO,1,5,0,ACC,0,0,247,ADC,1290,502,4,2,"
19.3242,heen,0,MM0 ?AI
19.3242,heen,0,MM1 ?AI
19.3242,heen,0,MM0 AI=0:0:2458:2461:0:0
19.3242,heen,0,MM1 AI=0:0:2387:2353:0:0
19.3242,heen,0,"$GPRMC,103654.2,A,5050.50516,N,00419.39227,E,000.26,116.7,021026,000.4,E*5F"
19.3242,heen,0,MM1 !M 0 0
19.3242,heen,0,MM0 !M 0 0
19.3242,heen,0,MM1 +
19.3242,heen,0,MM0 +
19.3242,heen,0,"#36,YAW,1.97,GYRO,-1,4,1,ACC,-2,1,252,ADC,1244,331,6,1,"
19.3242,heen,0,MM0 ?C
19.3242,heen,0,MM1 ?C
19.3242,heen,0,MM0 C=1082:-1074
19.3242,heen,0,MM1 C=1079:-1058
19.3376,heen,0,"#37,YAW,1.97,GYRO,1,7,0,ACC,-2,0,256,ADC,1238,388,7,2,"
19.3376,heen,0,MM0 ?D
19.3376,heen,0,MM1 ?D
19.3376,heen,0,MM0 D=50
19.3376,heen,0,MM1 D=33
19.3719,heen,0,"#38,YAW,1.97,GYRO,0,6,-1,ACC,-5,1,252,ADC,1260,381,5,1,"
19.3719,heen,0,MM0 ?FF
19.3719,heen,0,MM1 ?FF
19.3719,heen,0,MM0 FF=0
19.3719,heen,0,MM1 FF=0
19.3719,heen,0,MM1 !M 0 0
19.3719,heen,0,MM0 !M 0 0
19.3719,heen,0,MM1 +
19.3719,heen,0,MM0 +
19.3719,heen,0,"#39,YAW,1.97,GYRO,0,4,0,ACC,0,-1,248,ADC,1303,502,6,2,"
19.3720,heen,0,MM0 ?P
19.3720,heen,0,MM1 ?P
19.3720,heen,0,MM0 P=0:0
19.3720,heen,0,MM1 P=0:0
19.4259,heen,0,"#40,YAW,1.97,GYRO,1,5,1,ACC,-1,0,254,ADC,1215,389,5,2,"
19.4260,heen,0,MM0 ?S
19.4260,heen,0,MM1 ?S
19.4260,heen,0,MM0 S=0:0
19.4260,heen,0,MM1 S=0:0
19.4260,heen,0,MM0 !M 0 0
19.4260,heen,0,MM1 !M 0 0
19.4260,heen,0,MM0 +
19.4260,heen,0,MM1 +
19.4260,heen,0,"#41,YAW,1.97,GYRO,1,5,1,ACC,1,6,253,ADC,1235,354,3,2,"
19.4260,heen,0,MM0 ?T
19.4260,heen,0,MM1 ?T
19.4260,heen,0,MM0 T=35:34
19.4260,heen,0,MM1 T=35:33
19.4260,heen,0,"#42,YAW,1.97,GYRO,0,5,1,ACC,0,0,249,ADC,1293,501,6,2,"
19.4260,heen,0,MM0 ?V
19.4260,heen,0,MM1 ?V
19.4777,heen,0,MM0 V=120:223:4906
19.4777,heen,0,MM1 V=120:221:4898
19.4778,heen,0,"#43,YAW,1.97,GYRO,0,5,0,ACC,2,-1,252,ADC,1236,380,5,2,"
19.4778,heen,0,MM0 ?CR
19.4778,heen,0,MM1 ?CR
19.4778,heen,0,MM0 CR=0:0
19.4778,heen,0,MM1 CR=0:0
19.4778,heen,0,MM1 !M 0 0
19.4778,heen,0,MM0 !M 0 0
19.4778,heen,0,MM1 +
19.4778,heen,0,MM0 +
19.4778,heen,0,"#44,YAW,1.97,GYRO,0,5,-1,ACC,-2,1,256,ADC,1268,386,6,2,"
19.4778,heen,0,MM0 ?A
19.4778,heen,0,MM1 ?A
19.4778,heen,0,MM0 A=0:0
19.4778,heen,0,MM1 A=0:0
19.5269,heen,0,"#45,YAW,1.97,GYRO,1,7,0,ACC,-3,-1,251,ADC,1259,398,5,2,"
19.5270,heen,0,MM0 ?AI
19.5270,heen,0,MM1 ?AI
19.5270,heen,0,"$GPRMC,103654.4,A,5050.50516,N,00419.39229,E,000.25,116.7,021026,000.4,E*54"
19.5270,heen,0,MM0 AI=0:0:2454:2469:0:0
19.5270,heen,0,MM1 AI=0:0:2408:2386:0:0
19.5270,heen,0,MM0 !M 0 0
19.5270,heen,0,MM1 !M 0 0
19.5270,heen,0,MM0 +
19.5270,heen,0,MM1 +
19.5270,heen,0,"#46,YAW,1.97,GYRO,0,5,1,ACC,0,0,256,ADC,1212,391,4,1,"
19.5270,heen,0,MM0 ?C
19.5270,heen,0,MM1 ?C
19.5270,heen,0,MM0 C=1082:-1074
19.5270,heen,0,MM1 C=1079:-1058
19.5270,heen,0,"#47,YAW,1.97,GYRO,0,5,-1,ACC,-1,-1,252,ADC,1202,380,4,1,"
19.5270,heen,0,MM0 ?D
19.5271,heen,0,MM1 ?D
19.5271,heen,0,MM0 D=50
19.5770,heen,0,MM1 D=41
19.5770,heen,0,"#48,YAW,1.97,GYRO,1,3,1,ACC,-3,2,253,ADC,1273,500,4,2,"
19.5770,heen,0,MM0 ?FF
19.5770,heen,0,MM1 ?FF
19.5770,heen,0,MM0 FF=0
19.5771,heen,0,MM1 FF=0
19.5771,heen,0,MM0 !M -68 72
19.5771,heen,0,MM0 +
19.5771,heen,0,MM1 !M -68 72
19.5771,heen,0,MM1 +
19.5771,heen,0,"#49,YAW,1.97,GYRO,1,7,0,ACC,-24,4,251,ADC,1243,497,6,2,"
19.5771,heen,0,MM0 ?P
19.5771,heen,0,MM1 ?P
19.5771,heen,0,MM0 P=-68:72
19.5771,heen,0,MM1 P=-68:72
19.6107,heen,0,"#50,YAW,1.97,GYRO,-11,60,-1,ACC,-28,-1,266,ADC,1275,386,5,2,"
19.6108,heen,0,MM0 ?S
19.6108,heen,0,MM1 ?S
19.6108,heen,0,MM0 S=0:0
19.6108,heen,0,MM1 S=0:0
19.6108,heen,0,MM0 !M 0 0
19.6108,heen,0,MM1 !M 0 0
19.6108,heen,0,MM0 +
19.6108,heen,0,MM1 +
19.6108,heen,0,"#51,YAW,1.97,GYRO,-6,-70,-1,ACC,11,-1,266,ADC,1276,503,6,2,"
19.6108,heen,0,MM0 ?T
19.6108,heen,0,MM1 ?T
19.6108,heen,0,MM0 T=35:34
19.6108,heen,0,MM1 T=35:33
19.6316,heen,0,"#52,YAW,1.97,GYRO,1,-2,4,ACC,8,-8,231,ADC,1233,381,4,2,"
19.6316,heen,0,MM0 ?V
19.6316,heen,0,MM1 ?V
19.6316,heen,0,MM0 V=120:223:4906
19.6316,heen,0,MM1 V=120:222:4898
19.6658,heen,0,MM1 !M 0 0
19.6658,heen,0,MM0 !M 0 0
19.6658,heen,0,MM1 +
19.6658,heen,0,MM0 +
19.6658,heen,0,"#53,YAW,1.97,GYRO,-7,33,3,ACC,16,-9,250,ADC,1268,460,5,1,"
19.6659,heen,0,MM0 ?CR
19.6659,heen,0,MM1 ?CR
19.6659,heen,0,MM0 CR=0:1
19.6659,heen,0,MM1 CR=0:1
19.6659,heen,0,"#54,YAW,1.97,GYRO,-5,-36,13,ACC,10,-1,265,ADC,1238,383,6,2,"
19.6659,heen,0,MM0 ?A
19.6659,heen,0,MM1 ?A
19.7194,heen,0,MM0 A=0:0
19.7194,heen,0,MM1 A=0:0
19.7194,heen,0,"#55,YAW,1.97,GYRO,5,36,6,ACC,8,-4,239,ADC,1291,501,7,2,"
19.7194,heen,0,MM0 ?AI
19.7194,heen,0,MM1 ?AI
19.7194,heen,0,MM0 AI=0:0:2464:2474:0:0
19.7195,heen,0,MM1 AI=0:0:2366:2383:0:0
19.7195,heen,0,"$GPRMC,103654.6,A,5050.50516,N,00419.39231,E,000.25,116.7,021026,000.4,E*5F"
19.7195,heen,0,MM0 !M 0 0
19.7195,heen,0,MM1 !M 0 0
19.7195,heen,0,MM0 +
19.7195,heen,0,MM1 +
19.7195,heen,0,"#56,YAW,1.97,GYRO,-3,-2,-2,ACC,11,0,268,ADC,1208,353,4,1,"
19.7195,heen,0,MM0 ?C
19.7195,heen,0,MM1 ?C
19.7195,heen,0,MM0 C=1082:-1073
19.7195,heen,0,MM1 C=1079:-1057
19.7698,heen,0,"#57,YAW,1.97,GYRO,-1,-3,-10,ACC,11,-1,249,ADC,1240,381,5,2,"
19.7698,heen,0,MM0 ?D
19.7698,heen,0,MM1 ?D
19.7698,heen,0,MM0 D=34
19.7698,heen,0,MM1 D=1
19.7698,heen,0,"#58,YAW,1.97,GYRO,2,19,-7,ACC,7,0,246,ADC,1245,499,5,2,"
19.7698,heen,0,MM0 ?FF
19.7698,heen,0,MM1 ?FF
19.7698,heen,0,MM0 FF=0
19.7698,heen,0,MM1 FF=0
19.7698,heen,0,MM0 !M 0 0
19.7698,heen,0,MM1 !M 0 0
19.7698,heen,0,MM0 +
19.7698,heen,0,MM1 +
19.7698,heen,0,"#59,YAW,1.97,GYRO,4,-10,1,ACC,9,0,261,ADC,1269,400,6,2,"
19.7698,heen,0,MM0 ?P
19.7698,heen,0,MM1 ?P
19.7698,heen,0,MM0 P=0:0
19.7699,heen,0,MM1 P=0:0
19.8199,heen,0,"#60,YAW,1.97,GYRO,4,14,4,ACC,7,2,246,ADC,1229,499,4,2,"
19.8199,heen,0,MM0 ?S
19.8199,heen,0,MM1 ?S
19.8199,heen,0,MM0 S=0:0
19.8199,heen,0,MM1 S=0:0
19.8199,heen,0,MM1 !M 0 0
19.8199,heen,0,MM0 !M 0 0
19.8199,heen,0,MM1 +
19.8199,heen,0,MM0 +
19.8200,heen,0,"#61,YAW,1.97,GYRO,3,7,5,ACC,-4,0,249,ADC,1239,389,6,2,"
19.8200,heen,0,MM0 ?T
19.8200,heen,0,MM1 ?T
19.8200,heen,0,MM0 T=35:34
19.8200,heen,0,MM1 T=35:33
19.8697,heen,0,"#62,YAW,1.97,GYRO,7,24,-13,ACC,-11,5,253,ADC,1238,404,3,2,"
19.8697,heen,0,MM0 ?V
19.8697,heen,0,MM1 ?V
19.8697,heen,0,MM0 V=120:222:4905
19.8697,heen,0,MM1 V=120:222:4897
19.8697,heen,0,"#63,YAW,1.97,GYRO,-2,0,-11,ACC,-11,4,254,ADC,1213,381,5,2,"
19.8698,heen,0,MM0 ?CR
19.8698,heen,0,MM1 ?CR
19.8698,heen,0,MM0 CR=0:0
19.8698,heen,0,MM1 CR=0:0
19.8698,heen,0,MM0 !M 0 0
19.8698,heen,0,MM1 !M 0 0
19.8698,heen,0,MM0 +
19.8698,heen,0,MM1 +
19.8698,heen,0,"#64,YAW,1.97,GYRO,6,5,-1,ACC,-12,1,250,ADC,1280,500,4,2,"
19.8698,heen,0,MM0 ?A
19.8698,heen,0,MM1 ?A
19.8698,heen,0,MM0 A=0:0
19.8698,heen,0,MM1 A=0:0
19.9199,heen,0,"#65,YAW,1.97,GYRO,-3,6,12,ACC,-8,-1,259,ADC,1277,384,8,2,"
19.9199,heen,0,MM0 ?AI
19.9199,heen,0,MM1 ?AI
19.9199,heen,0,MM0 AI=0:0:2474:2467:0:0
19.9199,heen,0,MM1 AI=0:0:2382:2384:0:0
19.9199,heen,0,"$GPRMC,103654.8,A,5050.50516,N,00419.39233,E,000.24,116.7,021026,000.4,E*52"
19.9200,heen,0,MM0 !M 0 0
19.9200,heen,0,MM1 !M 0 0
19.9200,heen,0,MM0 +
19.9200,heen,0,MM1 +
19.9200,heen,0,"#66,YAW,1.97,GYRO,0,-6,7,ACC,0,0,254,ADC,1277,347,5,2,"
19.9200,heen,0,MM0 ?C
19.9200,heen,0,MM1 ?C
19.9200,heen,0,MM0 C=1082:-1074
19.9200,heen,0,MM1 C=1079:-1057
19.9707,heen,0,"#67,YAW,1.97,GYRO,1,3,-4,ACC,3,0,249,ADC,1263,414,4,2,"
19.9708,heen,0,MM0 ?D
19.9708,heen,0,MM1 ?D
19.9708,heen,0,MM0 D=50
19.9708,heen,0,MM1 D=1
19.9708,heen,0,"#68,YAW,1.97,GYRO,0,4,-1,ACC,5,2,254,ADC,1215,383,7,2,"
19.9708,heen,0,MM0 ?FF
19.9708,heen,0,MM1 ?FF
19.9708,heen,0,MM0 FF=0
19.9708,heen,0,MM1 FF=0
19.9708,heen,0,MM0 !M 0 0
19.9708,heen,0,MM0 +
19.9708,heen,0,MM1 !M 0 0
19.9708,heen,0,MM1 +
19.9708,heen,0,"#69,YAW,1.97,GYRO,2,8,1,ACC,5,-3,253,ADC,1230,380,6,2,"
19.9708,heen,0,MM0 ?P
19.9708,heen,0,MM1 ?P
19.9708,heen,0,MM0 P=0:0
19.9708,heen,0,MM1 P=0:0
20.0254,heen,0,"#70,YAW,1.97,GYRO,0,7,1,ACC,-2,0,253,ADC,1230,388,9,2,"
20.0254,heen,0,MM0 ?S
20.0255,heen,0,MM1 ?S
20.0255,heen,0,MM0 S=0:0
20.0255,heen,0,MM1 S=0:0
20.0255,heen,0,MM0 !M 0 0
20.0255,heen,0,MM1 !M 0 0
20.0255,heen,0,MM0 +
20.0255,heen,0,MM1 +
20.0255,heen,0,"#71,YAW,1.97,GYRO,0,5,-2,ACC,-2,0,254,ADC,1267,500,5,1,"
20.0255,heen,0,MM0 ?T
20.0255,heen,0,MM1 ?T
20.0255,heen,0,MM0 T=34:34
20.0255,heen,0,MM1 T=35:33
20.0599,heen,0,"#72,YAW,1.97,GYRO,1,1,0,ACC,0,0,250,ADC,1271,499,7,2,"
20.0600,heen,0,MM0 ?V
20.0600,heen,0,MM1 ?V
20.0600,heen,0,MM0 V=120:221:4907
20.0600,heen,0,MM1 V=120:221:4897
20.0600,heen,0,MM1 !M 0 0
20.0600,heen,0,MM0 !M 0 0
20.0600,heen,0,MM1 +
20.0600,heen,0,MM0 +
20.0600,heen,0,"#73,YAW,1.97,GYRO,1,1,0,ACC,3,1,254,ADC,1269,401,6,2,"
20.0600,heen,0,MM0 ?CR
20.0600,heen,0,MM1 ?CR
20.0600,heen,0,MM0 CR=0:-1
20.0600,heen,0,MM1 CR=0:0
20.0807,heen,0,"#74,YAW,1.97,GYRO,0,5,2,ACC,6,0,253,ADC,1226,385,5,2,"
20.0807,heen,0,MM0 ?A
20.0808,heen,0,MM1 ?A
20.0808,heen,0,MM0 A=0:0
20.0808,heen,0,MM1 A=0:0
20.1159,heen,0,"#75,YAW,1.97,GYRO,1,7,-1,ACC,-2,1,252,ADC,1268,391,6,3,"
20.1159,heen,0,MM0 ?AI
20.1159,heen,0,MM1 ?AI
20.1160,heen,0,MM0 AI=0:0:2460:2468:0:0
20.1160,heen,0,MM1 AI=0:0:2379:2356:0:0
20.1160,heen,0,"$GPRMC,103655.0,A,5050.50516,N,00419.39235,E,000.22,116.7,021026,000.4,E*5B"
20.1160,heen,0,MM0 !M 0 0
20.1160,heen,0,MM1 !M 0 0
20.1160,heen,0,MM0 +
20.1160,heen,0,MM1 +
20.1160,heen,0,"#76,YAW,1.97,GYRO,1,7,0,ACC,0,1,256,ADC,1292,326,7,1,"
20.1160,heen,0,MM0 ?C
20.1160,heen,0,MM1 ?C
20.1160,heen,0,MM0 C=1082:-1074
20.1160,heen,0,MM1 C=1079:-1057
20.1362,heen,0,"#77,YAW,1.97,GYRO,0,2,1,ACC,-1,0,251,ADC,1259,500,6,2,"
20.1362,heen,0,MM0 ?D
20.1363,heen,0,MM1 ?D
20.1363,heen,0,MM0 D=50
20.1363,heen,0,MM1 D=1
20.1750,heen,0,"#78,YAW,1.97,GYRO,0,3,1,ACC,-1,0,251,ADC,1237,386,6,2,"
20.1751,heen,0,MM0 ?FF
20.1751,heen,0,MM1 ?FF
20.1751,heen,0,MM0 FF=0
20.1751,heen,0,MM1 FF=0
20.1751,heen,0,MM1 !M 0 0
20.1751,heen,0,MM0 !M 0 0
20.1751,heen,0,MM1 +
20.1751,heen,0,MM0 +
20.1751,heen,0,"#79,YAW,1.97,GYRO,0,4,0,ACC,1,1,252,ADC,1263,386,5,2,"
20.1751,heen,0,MM0 ?P
20.1751,heen,0,MM1 ?P
20.1751,heen,0,MM0 P=0:0
20.1751,heen,0,MM1 P=0:0
20.2238,heen,0,"#80,YAW,1.97,GYRO,2,7,-1,ACC,-2,0,252,ADC,1305,389,5,2,"
20.2239,heen,0,MM0 ?S
20.2239,heen,0,MM1 ?S
20.2239,heen,0,MM0 S=0:0
20.2239,heen,0,MM1 S=0:0
20.2243,heen,0,MM0 !M 0 0
20.2243,heen,0,MM1 !M 0 0
20.2243,heen,0,MM0 +
20.2243,heen,0,MM1 +
20.2243,heen,0,"#81,YAW,1.97,GYRO,0,5,0,ACC,-3,1,254,ADC,1236,404,6,2,"
20.2243,heen,0,MM0 ?T
20.2243,heen,0,MM1 ?T
20.2243,heen,0,MM0 T=34:34
20.2243,heen,0,MM1 T=35:33
20.2243,heen,0,"#82,YAW,1.97,GYRO,1,5,0,ACC,0,0,251,ADC,1249,501,6,2,"
20.2741,heen,0,MM0 ?V
20.2741,heen,0,MM1 ?V
20.2741,heen,0,MM0 V=120:223:4906
20.2741,heen,0,MM1 V=120:222:4897
20.2741,heen,0,"#83,YAW,1.97,GYRO,1,2,1,ACC,1,0,255,ADC,1238,494,6,2,"
20.2742,heen,0,MM0 ?CR
20.2742,heen,0,MM1 ?CR
20.2742,heen,0,MM0 CR=0:0
20.2742,heen,0,MM1 CR=0:0
20.2742,heen,0,MM0 !M 0 0
20.2742,heen,0,MM1 !M 0 0
20.2742,heen,0,MM0 +
20.2742,heen,0,MM1 +
20.2742,heen,0,"#84,YAW,1.98,GYRO,0,4,0,ACC,0,1,259,ADC,1198,380,6,1,"
20.2742,heen,0,MM0 ?A
20.2742,heen,0,MM1 ?A
20.2742,heen,0,MM0 A=0:0
20.2742,heen,0,MM1 A=0:0
20.3251,heen,0,"#85,YAW,1.98,GYRO,1,7,-1,ACC,0,-1,251,ADC,1308,398,5,2,"
20.3252,heen,0,MM0 ?AI
20.3252,heen,0,MM1 ?AI
20.3252,heen,0,MM0 AI=0:0:2457:2483:0:0
20.3252,heen,0,MM1 AI=0:0:2370:2395:0:0
20.3252,heen,0,"$GPRMC,103655.2,A,5050.50516,N,00419.39237,E,000.20,116.7,021026,000.4,E*59"
20.3252,heen,0,MM0 !M 0 0
20.3252,heen,0,MM1 !M 0 0
20.3252,heen,0,MM0 +
20.3252,heen,0,MM1 +
20.3252,heen,0,"#86,YAW,1.98,GYRO,1,5,-1,ACC,2,2,254,ADC,1238,292,4,1,"
20.3252,heen,0,MM0 ?C
20.3252,heen,0,MM1 ?C
20.3252,heen,0,MM0 C=1082:-1074
20.3252,heen,0,MM1 C=1079:-1057
20.3252,heen,0,"#87,YAW,1.98,GYRO,2,5,1,ACC,1,1,251,ADC,1237,380,5,2,"
20.3253,heen,0,MM0 ?D
20.3747,heen,0,MM1 ?D
20.3747,heen,0,MM0 D=50
20.3747,heen,0,MM1 D=1
20.3748,heen,0,"#88,YAW,1.98,GYRO,0,3,-1,ACC,2,-1,252,ADC,1236,490,6,2,"
20.3748,heen,0,MM0 ?FF
20.3748,heen,0,MM1 ?FF
20.3748,heen,0,MM0 FF=0
20.3748,heen,0,MM1 FF=0
20.3748,heen,0,MM1 !M 0 0
20.3748,heen,0,MM0 !M 0 0
20.3748,heen,0,MM1 +
20.3748,heen,0,MM0 +
20.3748,heen,0,"#89,YAW,1.98,GYRO,1,6,1,ACC,0,1,253,ADC,1239,382,5,2,"
20.3748,heen,0,MM0 ?P
20.3748,heen,0,MM1 ?P
20.3748,heen,0,MM0 P=0:0
20.3748,heen,0,MM1 P=0:0
20.4280,heen,0,"#90,YAW,1.98,GYRO,0,6,0,ACC,1,0,254,ADC,1261,500,7,2,"
20.4281,heen,0,MM0 ?S
20.4281,heen,0,MM1 ?S
20.4281,heen,0,MM0 S=0:0
20.4281,heen,0,MM1 S=0:0
20.4281,heen,0,"#91,YAW,1.98,GYRO,0,5,0,ACC,-3,1,249,ADC,1243,383,5,2,"
20.4281,heen,0,MM0 !M 0 0
20.4281,heen,0,MM0 +
20.4281,heen,0,MM1 !M 0 0
20.4281,heen,0,MM1 +
20.4281,heen,0,MM0 ?T
20.4281,heen,0,MM1 ?T
20.4281,heen,0,MM0 T=34:34
20.4281,heen,0,MM1 T=35:33
20.4281,heen,0,"#92,YAW,1.98,GYRO,0,6,-1,ACC,-2,-1,250,ADC,1247,395,4,2,"
20.4281,heen,0,MM0 ?V
20.4281,heen,0,MM1 ?V
20.4281,heen,0,MM0 V=120:222:4906
20.4788,heen,0,MM1 V=120:221:4897
20.4788,heen,0,"#93,YAW,1.98,GYRO,1,3,1,ACC,-3,0,253,ADC,1242,381,5,2,"
20.4788,heen,0,MM1 ?CR
20.4788,heen,0,MM0 ?CR
20.4788,heen,0,MM1 CR=0:0
20.4788,heen,0,MM0 CR=0:0
20.4788,heen,0,MM0 !M 0 0
20.4788,heen,0,MM0 +
20.4788,heen,0,MM1 !M 0 0
20.4788,heen,0,MM1 +
20.4788,heen,0,"#94,YAW,1.98,GYRO,1,2,0,ACC,0,1,256,ADC,1284,385,5,2,"
20.4788,heen,0,MM0 ?A
20.4788,heen,0,MM1 ?A
20.4788,heen,0,MM0 A=0:0
20.4788,heen,0,MM1 A=0:0
20.5292,heen,0,"#95,YAW,1.98,GYRO,-1,5,1,ACC,-2,1,250,ADC,1255,383,5,1,"
20.5293,heen,0,MM1 ?AI
20.5293,heen,0,MM0 ?AI
20.5293,heen,0,MM1 AI=0:0:2382:2365:0:0
20.5293,heen,0,MM0 AI=0:0:2466:2456:0:0
20.5293,heen,0,"$GPRMC,103655.4,A,5050.50516,N,00419.39239,E,000.19,116.7,021026,000.4,E*5B"
20.5293,heen,0,"#96,YAW,1.98,GYRO,0,4,2,ACC,-2,1,253,ADC,1250,503,6,2,"
20.5293,heen,0,MM0 ?C
20.5293,heen,0,MM1 ?C
20.5293,heen,0,MM0 C=1082:-1074
20.5293,heen,0,MM1 C=1079:-1057
20.5293,heen,0,MM0 !M 0 0
20.5293,heen,0,MM1 !M 0 0
20.5293,heen,0,MM0 +
20.5294,heen,0,MM1 +
20.5294,heen,0,"#97,YAW,1.98,GYRO,1,5,2,ACC,0,0,253,ADC,1253,385,4,2,"
20.5294,heen,0,MM0 ?D
20.5294,heen,0,MM1 ?D
20.5294,heen,0,MM0 D=50
20.5294,heen,0,MM1 D=1
20.5847,heen,0,"#98,YAW,1.98,GYRO,1,5,0,ACC,0,0,251,ADC,1251,387,5,2,"
20.5847,heen,0,MM1 ?FF
20.5847,heen,0,MM0 ?FF
20.5847,heen,0,MM1 FF=0
20.5847,heen,0,MM0 FF=0
20.5847,heen,0,MM0 !M 0 0
20.5847,heen,0,MM1 !M 0 0
20.5847,heen,0,MM0 +
20.5847,heen,0,MM1 +
20.5847,heen,0,"#99,YAW,1.98,GYRO,0,5,0,ACC,2,-1,254,ADC,1226,379,5,1,"
20.5847,heen,0,MM0 ?P
20.5848,heen,0,MM1 ?P
20.5848,heen,0,MM0 P=0:0
20.5848,heen,0,MM1 P=0:0
20.6187,heen,0,"#100,YAW,1.98,GYRO,1,4,0,ACC,-2,0,254,ADC,1243,496,6,1,"
20.6187,heen,0,MM0 ?S
20.6187,heen,0,MM1 ?S
20.6187,heen,0,MM0 S=0:0
20.6187,heen,0,MM1 S=0:0
20.6187,heen,0,MM1 !M 0 0
20.6187,heen,0,MM0 !M 0 0
20.6187,heen,0,MM1 +
20.6187,heen,0,MM0 +
20.6187,heen,0,"#101,YAW,1.98,GYRO,-1,6,0,ACC,-1,0,252,ADC,1240,386,8,2,"
20.6187,heen,0,MM0 ?T
20.6187,heen,0,MM1 ?T
20.6187,heen,0,MM0 T=34:34
20.6188,heen,0,MM1 T=35:33
20.6397,heen,0,"#102,YAW,1.98,GYRO,1,3,0,ACC,1,1,250,ADC,1240,500,6,2,"
20.6397,heen,0,MM0 ?V
20.6397,heen,0,MM1 ?V
20.6397,heen,0,MM0 V=120:221:4906
20.6397,heen,0,MM1 V=120:222:4895
20.6737,heen,0,"#103,YAW,1.98,GYRO,-1,4,1,ACC,-3,0,254,ADC,1244,500,4,3,"
20.6737,heen,0,MM1 ?CR
20.6737,heen,0,MM0 ?CR
20.6737,heen,0,MM1 CR=0:0
20.6737,heen,0,MM0 CR=0:0
20.6737,heen,0,MM0 !M 0 0
20.6737,heen,0,MM1 !M 0 0
20.6737,heen,0,MM0 +
20.6737,heen,0,MM1 +
20.6737,heen,0,"#104,YAW,1.98,GYRO,-1,4,0,ACC,3,0,254,ADC,1272,387,6,2,"
20.6738,heen,0,MM0 ?A
20.6738,heen,0,MM1 ?A
20.6738,heen,0,MM0 A=0:0
20.6738,heen,0,MM1 A=0:0
20.6948,heen,0,"#105,YAW,1.98,GYRO,1,4,0,ACC,-1,-2,252,ADC,1236,384,5,2,"
20.6948,heen,0,MM0 ?AI
20.6948,heen,0,MM1 ?AI
20.6948,heen,0,MM0 AI=0:0:2459:2474:0:0
20.6948,heen,0,MM1 AI=0:0:2362:2391:0:0
20.7289,heen,0,"$GPRMC,103655.6,A,5050.50516,N,00419.39240,E,000.16,116.7,021026,000.4,E*58"
20.7289,heen,0,"#106,YAW,1.98,GYRO,0,4,1,ACC,-1,-1,254,ADC,1305,394,4,2,"
20.7289,heen,0,MM0 ?C
20.7289,heen,0,MM1 ?C
20.7289,heen,0,MM1 C=1079:-1057
20.7289,heen,0,MM0 C=1082:-1074
20.7289,heen,0,MM1 !M 0 0
20.7289,heen,0,MM0 !M 0 0
20.7289,heen,0,MM1 +
20.7290,heen,0,MM0 +
20.7290,heen,0,"#107,YAW,1.98,GYRO,0,3,1,ACC,2,1,251,ADC,1275,395,6,2,"
20.7290,heen,0,MM1 ?D
20.7290,heen,0,MM0 ?D
20.7290,heen,0,MM0 D=50
20.7290,heen,0,MM1 D=1
20.7350,heen,0,STOP heen 3.0024
20.7828,pauze,0,"#108,YAW,1.98,GYRO,0,3,1,ACC,-2,0,252,ADC,1232,503,4,3,"
20.7829,pauze,0,MM0 ?FF
20.7829,pauze,0,MM1 ?FF
20.7829,pauze,0,MM0 FF=0
20.7829,pauze,0,MM1 FF=0
20.7829,pauze,0,MM1 !M 0 0
20.7829,pauze,0,MM0 !M 0 0
20.7829,pauze,0,MM1 +
20.7829,pauze,0,MM0 +
20.7829,pauze,0,"#109,YAW,1.98,GYRO,-1,5,1,ACC,4,0,256,ADC,1291,403,5,2,"
20.7829,pauze,0,MM1 ?P
20.7829,pauze,0,MM0 ?P
20.7829,pauze,0,MM1 P=0:0
20.7829,pauze,0,MM0 P=0:0
20.8040,pauze,0,"#110,YAW,1.98,GYRO,1,5,0,ACC,-1,0,253,ADC,1214,387,4,2,"
20.8040,pauze,0,MM1 ?S
20.8040,pauze,0,MM0 ?S
20.8040,pauze,0,MM1 S=0:0
20.8040,pauze,0,MM0 S=0:0
20.8040,pauze,0,"#111,YAW,1.98,GYRO,1,3,0,ACC,2,-1,252,ADC,1245,392,5,2,"
20.8251,pauze,0,MM1 ?T
20.8251,pauze,0,MM0 ?T
20.8251,pauze,0,MM1 T=35:33
20.8251,pauze,0,MM0 T=34:34
20.8251,pauze,0,"#112,YAW,1.98,GYRO,0,3,2,ACC,0,1,254,ADC,1235,397,8,2,"
20.8251,pauze,0,MM1 ?V
20.8458,pauze,0,MM0 ?V
20.8458,pauze,0,MM1 V=120:221:4895
20.8458,pauze,0,MM0 V=120:223:4907
20.8458,pauze,0,"#113,YAW,1.98,GYRO,0,6,1,ACC,-1,0,251,ADC,1219,386,6,2,"
20.8459,pauze,0,MM1 ?CR
20.8459,pauze,0,MM0 ?CR
20.8798,pauze,0,MM1 CR=0:0
20.8799,pauze,0,MM0 CR=0:0
20.8799,pauze,0,MM0 !M 0 0
20.8799,pauze,0,MM1 !M 0 0
20.8799,pauze,0,MM0 +
20.8799,pauze,0,MM1 +
20.8799,pauze,0,"#114,YAW,1.98,GYRO,1,6,0,ACC,2,-1,252,ADC,1230,398,4,3,"
20.8799,pauze,0,MM1 ?A
20.8799,pauze,0,MM0 ?A
20.8799,pauze,0,MM1 A=0:0
20.8799,pauze,0,MM0 A=0:0
20.9009,pauze,0,"#115,YAW,1.98,GYRO,0,5,0,ACC,1,1,251,ADC,1226,387,6,2,"
20.9009,pauze,0,MM1 ?AI
20.9009,pauze,0,MM0 ?AI
20.9009,pauze,0,MM1 AI=0:0:2364:2359:0:0
20.9009,pauze,0,MM0 AI=0:0:2455:2465:0:0
20.9009,pauze,0,"$GPRMC,103655.8,A,5050.50516,N,00419.39242,E,000.14,116.7,021026,000.4,E*56"
20.9217,pauze,0,"#116,YAW,1.98,GYRO,-1,4,1,ACC,3,0,255,ADC,1255,499,5,1,"
20.9217,pauze,0,MM1 ?C
20.9218,pauze,0,MM0 ?C
20.9218,pauze,0,MM1 C=1079:-1057
20.9218,pauze,0,MM0 C=1082:-1074
20.9427,pauze,0,"#117,YAW,1.98,GYRO,2,6,0,ACC,3,-1,254,ADC,1218,382,4,2,"
20.9427,pauze,0,MM1 ?D
20.9427,pauze,0,MM0 ?D
20.9428,pauze,0,MM0 D=58
20.9428,pauze,0,MM1 D=1
20.9768,pauze,0,"#118,YAW,1.98,GYRO,1,4,1,ACC,1,0,250,ADC,1266,502,7,2,"
20.9768,pauze,0,MM0 ?FF
20.9769,pauze,0,MM1 ?FF
20.9769,pauze,0,MM0 FF=0
20.9769,pauze,0,MM1 FF=0
20.9769,pauze,0,MM1 !M 0 0
20.9769,pauze,0,MM0 !M 0 0
20.9769,pauze,0,MM1 +
20.9769,pauze,0,MM0 +
20.9769,pauze,0,"#119,YAW,1.98,GYRO,1,6,0,ACC,4,1,253,ADC,1227,387,4,2,"
20.9769,pauze,0,MM1 ?P
20.9769,pauze,0,MM0 ?P
20.9769,pauze,0,MM1 P=0:0
20.9769,pauze,0,MM0 P=0:0
20.9976,pauze,0,"#120,YAW,1.98,GYRO,0,5,-1,ACC,-2,0,250,ADC,1247,389,4,1,"
20.9977,pauze,0,MM0 ?S
20.9977,pauze,0,MM1 ?S
20.9977,pauze,0,MM0 S=0:0
20.9977,pauze,0,MM1 S=0:0
21.0186,pauze,0,"#121,YAW,1.98,GYRO,-1,3,-1,ACC,0,0,251,ADC,1298,499,7,2,"
21.0186,pauze,0,MM0 ?T
21.0186,pauze,0,MM1 ?T
21.0186,pauze,0,MM0 T=35:34
21.0186,pauze,0,MM1 T=35:33
21.0397,pauze,0,"#122,YAW,1.98,GYRO,1,6,0,ACC,1,3,255,ADC,1220,384,4,3,"
21.0397,pauze,0,MM0 ?V
21.0397,pauze,0,MM1 ?V
21.0397,pauze,0,MM0 V=120:222:4906
21.0398,pauze,0,MM1 V=120:222:4896
21.0747,pauze,0,"#123,YAW,1.98,GYRO,0,5,-1,ACC,1,-2,252,ADC,1240,387,7,1,"
21.0747,pauze,0,MM0 ?CR
21.0747,pauze,0,MM1 ?CR
21.0747,pauze,0,MM0 CR=0:0
21.0747,pauze,0,MM1 CR=0:0
21.0747,pauze,0,MM0 !M 0 0
21.0747,pauze,0,MM1 !M 0 0
21.0747,pauze,0,MM0 +
21.0747,pauze,0,MM1 +
21.0747,pauze,0,"#124,YAW,1.98,GYRO,0,5,1,ACC,2,-1,249,ADC,1226,382,6,1,"
21.0748,pauze,0,MM0 ?A
21.0748,pauze,0,MM1 ?A
21.0748,pauze,0,MM0 A=0:0
21.0748,pauze,0,MM1 A=0:0
21.0949,pauze,0,"#125,YAW,1.98,GYRO,0,5,-1,ACC,-1,3,251,ADC,1243,385,6,2,"
21.0949,pauze,0,MM0 ?AI
21.0949,pauze,0,MM1 ?AI
21.0949,pauze,0,MM0 AI=0:0:2452:2446:0:0
21.0949,pauze,0,MM1 AI=0:0:2372:2369:0:0
21.1157,pauze,0,"$GPRMC,103656.0,A,5050.50516,N,00419.39243,E,000.14,116.7,021026,000.4,E*5C"
21.1158,pauze,0,"#126,YAW,1.98,GYRO,0,5,1,ACC,0,-2,253,ADC,1212,387,4,2,"
21.1158,pauze,0,MM1 ?C
21.1158,pauze,0,MM0 ?C
21.1158,pauze,0,MM1 C=1079:-1057
21.1158,pauze,0,MM0 C=1082:-1074
21.1367,pauze,0,"#127,YAW,1.98,GYRO,0,5,-1,ACC,-3,1,256,ADC,1228,383,5,1,"
21.1367,pauze,0,MM1 ?D
21.1367,pauze,0,MM0 ?D
21.1367,pauze,0,MM0 D=58
21.1368,pauze,0,MM1 D=1
21.1881,pauze,0,"#128,YAW,1.98,GYRO,1,7,0,ACC,-2,0,248,ADC,1243,387,5,2,"
21.1882,pauze,0,MM1 ?FF
21.1882,pauze,0,MM0 ?FF
21.1882,pauze,0,MM1 FF=0
21.1882,pauze,0,MM0 FF=0
21.1882,pauze,0,"#129,YAW,1.98,GYRO,0,6,-1,ACC,2,0,256,ADC,1270,426,6,2,"
21.1882,pauze,0,MM0 !M 0 0
21.1882,pauze,0,MM0 +
21.1882,pauze,0,MM1 !M 0 0
21.1882,pauze,0,MM1 +
21.1882,pauze,0,MM1 ?P
21.1882,pauze,0,MM0 ?P
21.1882,pauze,0,MM1 P=0:0
21.1882,pauze,0,MM0 P=0:0
21.1882,pauze,0,"#130,YAW,1.98,GYRO,0,6,0,ACC,4,-7,259,ADC,1218,492,5,1,"
21.1882,pauze,0,MM1 ?S
21.1882,pauze,0,MM0 ?S
21.1883,pauze,0,MM1 S=0:0
21.1883,pauze,0,MM0 S=0:0
21.2085,pauze,0,"#131,YAW,1.98,GYRO,1,6,0,ACC,1,0,253,ADC,1242,387,5,2,"
21.2086,pauze,0,MM1 ?T
21.2086,pauze,0,MM0 ?T
21.2086,pauze,0,MM1 T=35:33
21.2086,pauze,0,MM0 T=34:34
21.2302,pauze,0,"#132,YAW,1.98,GYRO,-1,5,2,ACC,2,1,255,ADC,1252,502,5,2,"
21.2302,pauze,0,MM1 ?V
21.2302,pauze,0,MM0 ?V
21.2302,pauze,0,MM1 V=120:221:4895
21.2302,pauze,0,MM0 V=120:222:4907
21.2505,pauze,0,"#133,YAW,1.98,GYRO,0,4,0,ACC,-2,1,248,ADC,1239,496,7,2,"
21.2506,pauze,0,MM1 ?CR
21.2506,pauze,0,MM0 ?CR
21.2506,pauze,0,MM1 CR=0:0
21.2506,pauze,0,MM0 CR=0:0
21.2866,pauze,0,MM0 !M 0 0
21.2866,pauze,0,MM1 !M 0 0
21.2866,pauze,0,MM0 +
21.2866,pauze,0,MM1 +
21.2866,pauze,0,"#134,YAW,1.98,GYRO,1,5,0,ACC,-1,-1,249,ADC,1241,298,6,1,"
21.2866,pauze,0,MM1 ?A
21.2866,pauze,0,MM0 ?A
21.2867,pauze,0,MM1 A=0:0
21.2867,pauze,0,MM0 A=0:0
21.2867,pauze,0,"#135,YAW,1.98,GYRO,0,5,0,ACC,2,1,253,ADC,1227,380,9,2,"
21.2867,pauze,0,MM0 ?AI
21.3065,pauze,0,MM1 ?AI
21.3066,pauze,0,MM0 AI=0:0:2481:2473:0:0
21.3066,pauze,0,MM1 AI=0:0:2374:2373:0:0
21.3066,pauze,0,"$GPRMC,103656.2,A,5050.50515,N,00419.39244,E,000.13,116.7,021026,000.4,E*5D"
21.3066,pauze,0,"#136,YAW,1.98,GYRO,-1,4,1,ACC,1,-1,253,ADC,1244,387,5,1,"
21.3066,pauze,0,MM0 ?C
21.3066,pauze,0,MM1 ?C
21.3268,pauze,0,MM0 C=1082:-1074
21.3268,pauze,0,MM1 C=1079:-1057
21.3268,pauze,0,"#137,YAW,1.98,GYRO,1,5,1,ACC,0,0,252,ADC,1282,501,4,2,"
21.3269,pauze,0,MM1 ?D
21.3269,pauze,0,MM0 ?D
21.3269,pauze,0,MM0 D=50
21.3269,pauze,0,MM1 D=1
21.3478,pauze,0,"#138,YAW,1.98,GYRO,2,5,0,ACC,0,2,254,ADC,1245,393,7,2,"
21.3478,pauze,0,MM0 ?FF
21.3478,pauze,0,MM1 ?FF
21.3478,pauze,0,MM0 FF=0
21.3478,pauze,0,MM1 FF=0
21.3848,pauze,0,MM0 !M 0 0
21.3849,pauze,0,MM1 !M 0 0
21.3849,pauze,0,MM0 +
21.3849,pauze,0,MM1 +
21.3849,pauze,0,"#139,YAW,1.98,GYRO,1,6,0,ACC,-2,0,255,ADC,1272,400,6,2,"
21.3849,pauze,0,MM0 ?P
21.3849,pauze,0,MM1 ?P
21.3849,pauze,0,MM0 P=0:0
21.3849,pauze,0,MM1 P=0:0
21.3849,pauze,0,"#140,YAW,1.98,GYRO,1,5,2,ACC,-2,0,254,ADC,1242,385,4,2,"
21.3849,pauze,0,MM0 ?S
21.4061,pauze,0,MM1 ?S
21.4061,pauze,0,MM0 S=0:0
21.4061,pauze,0,MM1 S=0:0
21.4061,pauze,0,"#141,YAW,1.98,GYRO,1,5,1,ACC,-3,-1,249,ADC,1241,383,8,1,"
21.4061,pauze,0,MM0 ?T
21.4062,pauze,0,MM1 ?T
21.4270,pauze,0,MM0 T=35:34
21.4270,pauze,0,MM1 T=36:33
21.4270,pauze,0,"#142,YAW,1.98,GYRO,2,7,-1,ACC,3,-1,253,ADC,1253,384,6,2,"
21.4270,pauze,0,MM0 ?V
21.4270,pauze,0,MM1 ?V
21.4480,pauze,0,MM0 V=120:223:4907
21.4481,pauze,0,MM1 V=120:221:4896
21.4481,pauze,0,"#143,YAW,1.98,GYRO,-1,6,1,ACC,1,-3,249,ADC,1238,393,5,2,"
21.4481,pauze,0,MM0 ?CR
21.4481,pauze,0,MM1 ?CR
21.4481,pauze,0,MM0 CR=0:0
21.4481,pauze,0,MM1 CR=0:0
21.4830,pauze,0,MM0 !M 0 0
21.4831,pauze,0,MM1 !M 0 0
21.4831,pauze,0,MM0 +
21.4831,pauze,0,MM1 +
21.4831,pauze,0,"#144,YAW,1.98,GYRO,0,5,2,ACC,-3,0,253,ADC,1286,497,4,3,"
21.4831,pauze,0,MM0 ?A
21.4831,pauze,0,MM1 ?A
21.4831,pauze,0,MM0 A=0:0
21.4831,pauze,0,MM1 A=0:0
21.5029,pauze,0,"#145,YAW,1.98,GYRO,2,3,0,ACC,-2,0,252,ADC,1260,501,5,2,"
21.5029,pauze,0,MM0 ?AI
21.5029,pauze,0,MM1 ?AI
21.5029,pauze,0,"$GPRMC,103656.4,A,5050.50515,N,00419.39245,E,000.13,116.7,021026,000.4,E*5A"
21.5029,pauze,0,MM0 AI=0:0:2464:2474:0:0
21.5029,pauze,0,MM1 AI=0:0:2385:2410:0:0
21.5238,pauze,0,"#146,YAW,1.98,GYRO,1,5,0,ACC,-2,1,252,ADC,1284,500,8,2,"
21.5238,pauze,0,MM0 ?C
21.5238,pauze,0,MM1 ?C
21.5238,pauze,0,MM0 C=1082:-1074
21.5238,pauze,0,MM1 C=1079:-1057
21.5453,pauze,0,"#147,YAW,1.98,GYRO,-1,4,0,ACC,-4,0,252,ADC,1271,389,4,2,"
21.5454,pauze,0,MM0 ?D
21.5454,pauze,0,MM1 ?D
21.5454,pauze,0,MM0 D=50
21.5454,pauze,0,MM1 D=1
21.5454,pauze,0,"#148,YAW,1.98,GYRO,0,4,-1,ACC,-1,0,250,ADC,1253,382,5,2,"
21.5454,pauze,0,MM0 ?FF
21.5786,pauze,0,MM1 ?FF
21.5786,pauze,0,MM0 FF=0
21.5786,pauze,0,MM1 FF=0
21.5786,pauze,0,MM0 !M 0 0
21.5786,pauze,0,MM1 !M 0 0
21.5787,pauze,0,MM0 +
21.5787,pauze,0,MM1 +
21.5787,pauze,0,"#149,YAW,1.98,GYRO,0,6,1,ACC,0,0,257,ADC,1227,381,4,2,"
21.5787,pauze,0,MM0 ?P
21.5787,pauze,0,MM1 ?P
21.5787,pauze,0,MM0 P=0:0
21.5787,pauze,0,MM1 P=0:0
21.5998,pauze,0,"#150,YAW,1.98,GYRO,2,4,0,ACC,1,1,252,ADC,1256,389,7,1,"
21.5998,pauze,0,MM0 ?S
21.5998,pauze,0,MM1 ?S
21.5998,pauze,0,MM0 S=0:0
21.5998,pauze,0,MM1 S=0:0
21.6208,pauze,0,"#151,YAW,1.98,GYRO,1,5,0,ACC,-1,0,250,ADC,1244,384,7,2,"
21.6208,pauze,0,MM0 ?T
21.6208,pauze,0,MM1 ?T
21.6208,pauze,0,MM0 T=34:34
21.6208,pauze,0,MM1 T=35:33
21.6426,pauze,0,"#152,YAW,1.98,GYRO,0,5,0,ACC,1,0,254,ADC,1262,391,6,2,"
21.6426,pauze,0,MM0 ?V
21.6426,pauze,0,MM1 ?V
21.6426,pauze,0,MM0 V=120:222:4908
21.6427,pauze,0,MM1 V=120:222:4895
21.6767,pauze,0,"#153,YAW,1.98,GYRO,0,4,0,ACC,5,-2,244,ADC,1225,385,6,2,"
21.6767,pauze,0,MM0 ?CR
21.6767,pauze,0,MM1 ?CR
21.6767,pauze,0,MM0 CR=0:0
21.6767,pauze,0,MM1 CR=0:0
21.6767,pauze,0,MM0 !M 0 0
21.6767,pauze,0,MM1 !M 0 0
21.6767,pauze,0,MM0 +
21.6767,pauze,0,MM1 +
21.6767,pauze,0,"#154,YAW,1.98,GYRO,1,4,-1,ACC,0,0,253,ADC,1262,394,4,2,"
21.6768,pauze,0,MM0 ?A
21.6768,pauze,0,MM1 ?A
21.6768,pauze,0,MM0 A=0:0
21.6768,pauze,0,MM1 A=0:0
21.6976,pauze,0,"#155,YAW,1.98,GYRO,0,5,0,ACC,-3,0,256,ADC,1247,387,8,2,"
21.6976,pauze,0,MM0 ?AI
21.6976,pauze,0,MM1 ?AI
21.6976,pauze,0,MM0 AI=0:0:2470:2459:0:0
21.6976,pauze,0,MM1 AI=0:0:2383:2374:0:0
21.6976,pauze,0,"$GPRMC,103656.6,A,5050.50515,N,00419.39246,E,000.13,116.7,021026,000.4,E*5B"
21.7186,pauze,0,"#156,YAW,1.98,GYRO,1,7,0,ACC,-1,-1,254,ADC,1256,387,5,2,"
21.7186,pauze,0,MM0 ?C
21.7187,pauze,0,MM1 ?C
21.7187,pauze,0,MM0 C=1082:-1074
21.7187,pauze,0,MM1 C=1079:-1057
21.7398,pauze,0,"#157,YAW,1.98,GYRO,0,4,1,ACC,0,-1,252,ADC,1264,502,6,2,"
21.7398,pauze,0,MM0 ?D
21.7398,pauze,0,MM1 ?D
21.7398,pauze,0,MM0 D=50
21.7398,pauze,0,MM1 D=1
21.7902,pauze,0,"#158,YAW,1.98,GYRO,1,7,0,ACC,0,1,254,ADC,1270,392,5,1,"
21.7902,pauze,0,MM0 ?FF
21.7902,pauze,0,MM1 ?FF
21.7902,pauze,0,MM0 FF=0
21.7902,pauze,0,MM1 FF=0
21.7902,pauze,0,"#159,YAW,1.98,GYRO,0,6,-1,ACC,0,-1,253,ADC,1257,396,4,2,"
21.7903,pauze,0,MM0 !M 0 0
21.7903,pauze,0,MM0 +
21.7903,pauze,0,MM1 !M 0 0
21.7903,pauze,0,MM1 +
21.7903,pauze,0,MM0 ?P
21.7903,pauze,0,MM1 ?P
21.7903,pauze,0,MM0 P=0:0
21.7903,pauze,0,MM1 P=0:0
21.7903,pauze,0,"#160,YAW,1.98,GYRO,2,5,1,ACC,2,1,256,ADC,1265,504,6,2,"
21.7903,pauze,0,MM0 ?S
21.7903,pauze,0,MM1 ?S
21.7903,pauze,0,MM0 S=0:0
21.7903,pauze,0,MM1 S=0:0
21.8091,pauze,0,"#161,YAW,1.99,GYRO,1,7,-1,ACC,0,-1,253,ADC,1292,499,4,1,"
21.8092,pauze,0,MM0 ?T
21.8092,pauze,0,MM1 ?T
21.8092,pauze,0,MM0 T=34:34
21.8092,pauze,0,MM1 T=36:33
21.8296,pauze,0,"#162,YAW,1.99,GYRO,0,4,-1,ACC,0,1,259,ADC,1255,395,5,2,"
21.8296,pauze,0,MM0 ?V
21.8296,pauze,0,MM1 ?V
21.8296,pauze,0,MM0 V=120:223:4906
21.8296,pauze,0,MM1 V=120:221:4897
21.8508,pauze,0,"#163,YAW,1.99,GYRO,1,5,2,ACC,2,-1,258,ADC,1277,386,6,1,"
21.8508,pauze,0,MM0 ?CR
21.8508,pauze,0,MM1 ?CR
21.8509,pauze,0,MM0 CR=0:0
21.8509,pauze,0,MM1 CR=0:0
21.8848,pauze,0,MM0 !M 0 0
21.8849,pauze,0,MM1 !M 0 0
21.8849,pauze,0,MM0 +
21.8849,pauze,0,MM1 +
21.8849,pauze,0,"#164,YAW,1.99,GYRO,1,4,0,ACC,2,1,250,ADC,1222,341,5,2,"
21.8849,pauze,0,MM0 ?A
21.8849,pauze,0,MM1 ?A
21.8849,pauze,0,MM0 A=0:0
21.8849,pauze,0,MM1 A=0:0
21.8849,pauze,0,"#165,YAW,1.99,GYRO,0,6,1,ACC,1,2,253,ADC,1236,498,7,2,"
21.8849,pauze,0,MM0 ?AI
21.9058,pauze,0,MM1 ?AI
21.9058,pauze,0,"$GPRMC,103656.8,A,5050.50515,N,00419.39247,E,000.13,116.7,021026,000.4,E*54"
21.9058,pauze,0,MM0 AI=0:0:2468:2473:0:0
21.9058,pauze,0,MM1 AI=0:0:2371:2424:0:0
21.9058,pauze,0,"#166,YAW,1.99,GYRO,1,4,-1,ACC,-2,-3,250,ADC,1266,385,9,2,"
21.9058,pauze,0,MM0 ?C
21.9058,pauze,0,MM1 ?C
21.9271,pauze,0,MM0 C=1082:-1074
21.9271,pauze,0,MM1 C=1079:-1057
21.9271,pauze,0,"#167,YAW,1.99,GYRO,0,6,0,ACC,0,0,252,ADC,1239,392,5,2,"
21.9271,pauze,0,MM0 ?D
21.9271,pauze,0,MM1 ?D
21.9271,pauze,0,MM0 D=50
21.9271,pauze,0,MM1 D=1
21.9475,pauze,0,"#168,YAW,1.99,GYRO,1,5,0,ACC,3,-1,253,ADC,1271,499,6,2,"
21.9476,pauze,0,MM0 ?FF
21.9476,pauze,0,MM1 ?FF
21.9476,pauze,0,MM0 FF=0
21.9819,pauze,0,MM1 FF=0
21.9819,pauze,0,MM0 !M 0 0
21.9819,pauze,0,MM1 !M 0 0
21.9819,pauze,0,MM0 +
21.9819,pauze,0,MM1 +
21.9820,pauze,0,"#169,YAW,1.99,GYRO,1,5,0,ACC,-2,-1,254,ADC,1250,384,5,2,"
21.9820,pauze,0,MM0 ?P
21.9820,pauze,0,MM1 ?P
21.9820,pauze,0,MM0 P=0:0
21.9820,pauze,0,MM1 P=0:0
22.0028,pauze,0,"#170,YAW,1.99,GYRO,-1,6,1,ACC,0,1,254,ADC,1212,381,6,2,"
22.0029,pauze,0,MM0 ?S
22.0029,pauze,0,MM1 ?S
22.0029,pauze,0,MM0 S=0:0
22.0029,pauze,0,MM1 S=0:0
22.0237,pauze,0,"#171,YAW,1.99,GYRO,0,6,2,ACC,3,-1,252,ADC,1213,384,5,1,"
22.0238,pauze,0,MM0 ?T
22.0238,pauze,0,MM1 ?T
22.0238,pauze,0,MM0 T=34:34
22.0238,pauze,0,MM1 T=35:33
22.0238,pauze,0,"#172,YAW,1.99,GYRO,0,4,-1,ACC,1,1,254,ADC,1281,394,5,1,"
22.0448,pauze,0,MM0 ?V
22.0448,pauze,0,MM1 ?V
22.0448,pauze,0,MM0 V=120:222:4907
22.0449,pauze,0,MM1 V=120:222:4896
22.0449,pauze,0,"#173,YAW,1.99,GYRO,0,6,-1,ACC,1,2,255,ADC,1250,385,5,2,"
22.0450,pauze,0,MM0 ?CR
22.0786,pauze,0,MM1 ?CR
22.0787,pauze,0,MM0 CR=0:0
22.0787,pauze,0,MM1 CR=0:0
22.0787,pauze,0,MM1 !M 0 0
22.0787,pauze,0,MM0 !M 0 0
22.0787,pauze,0,MM1 +
22.0787,pauze,0,MM0 +
22.0787,pauze,0,"#174,YAW,1.99,GYRO,1,6,1,ACC,1,0,250,ADC,1252,382,5,2,"
22.0787,pauze,0,MM0 ?A
22.0787,pauze,0,MM1 ?A
22.0787,pauze,0,MM0 A=0:0
22.0787,pauze,0,MM1 A=0:0
22.1007,pauze,0,"#175,YAW,1.99,GYRO,0,5,1,ACC,4,-1,254,ADC,1267,502,5,2,"
22.1007,pauze,0,MM0 ?AI
22.1007,pauze,0,MM1 ?AI
22.1007,pauze,0,MM0 AI=0:0:2459:2458:0:0
22.1007,pauze,0,MM1 AI=0:0:2362:2322:0:0
22.1007,pauze,0,"$GPRMC,103657.0,A,5050.50515,N,00419.39249,E,000.14,116.7,021026,000.4,E*54"
22.1210,pauze,0,"#176,YAW,1.99,GYRO,1,5,1,ACC,-2,-1,252,ADC,1249,383,5,2,"
22.1210,pauze,0,MM0 ?C
22.1210,pauze,0,MM1 ?C
22.1210,pauze,0,MM0 C=1082:-1074
22.1210,pauze,0,MM1 C=1079:-1057
22.1417,pauze,0,"#177,YAW,1.99,GYRO,0,5,0,ACC,1,-1,254,ADC,1220,392,5,1,"
22.1417,pauze,0,MM0 ?D
22.1417,pauze,0,MM1 ?D
22.1417,pauze,0,MM0 D=50
22.1417,pauze,0,MM1 D=1
22.1899,pauze,0,"#178,YAW,1.99,GYRO,0,5,0,ACC,3,1,252,ADC,1229,382,7,2,"
22.1900,pauze,0,MM0 ?FF
22.1900,pauze,0,MM1 ?FF
22.1900,pauze,0,MM0 FF=0
22.1900,pauze,0,MM1 FF=0
22.1900,pauze,0,"#179,YAW,1.99,GYRO,1,4,1,ACC,1,1,258,ADC,1225,500,6,2,"
22.1900,pauze,0,MM0 ?P
22.1900,pauze,0,MM1 ?P
22.1900,pauze,0,MM0 P=0:0
22.1900,pauze,0,MM1 P=0:0
22.1900,pauze,0,MM0 !M 0 0
22.1900,pauze,0,MM1 !M 0 0
22.1900,pauze,0,MM0 +
22.1900,pauze,0,MM1 +
22.1900,pauze,0,"#180,YAW,1.99,GYRO,0,7,0,ACC,-3,0,253,ADC,1251,397,5,2,"
22.1900,pauze,0,MM0 ?S
22.1900,pauze,0,MM1 ?S
22.1900,pauze,0,MM0 S=0:0
22.1900,pauze,0,MM1 S=0:0
22.2105,pauze,0,"#181,YAW,1.99,GYRO,1,7,0,ACC,0,0,254,ADC,1241,388,5,1,"
22.2106,pauze,0,MM0 ?T
22.2106,pauze,0,MM1 ?T
22.2106,pauze,0,MM0 T=35:34
22.2106,pauze,0,MM1 T=35:33
22.2317,pauze,0,"#182,YAW,1.99,GYRO,1,5,0,ACC,2,1,252,ADC,1259,386,4,2,"
22.2317,pauze,0,MM0 ?V
22.2317,pauze,0,MM1 ?V
22.2317,pauze,0,MM0 V=120:222:4906
22.2317,pauze,0,MM1 V=120:223:4897
22.2527,terug,0,"#183,YAW,1.99,GYRO,0,5,0,ACC,-1,1,252,ADC,1239,394,3,2,"
22.2527,terug,0,MM0 ?CR
22.2528,terug,0,MM1 ?CR
22.2528,terug,0,MM0 CR=0:0
22.2528,terug,0,MM1 CR=0:0
22.2875,terug,0,MM1 !M 0 0
22.2875,terug,0,MM0 !M 0 0
22.2875,terug,0,MM1 +
22.2875,terug,0,MM0 +
22.2875,terug,0,"#184,YAW,1.99,GYRO,0,5,-1,ACC,-3,-1,251,ADC,1286,384,4,1,"
22.2875,terug,0,MM0 ?A
22.2875,terug,0,MM1 ?A
22.2875,terug,0,MM0 A=0:0
22.2875,terug,0,MM1 A=0:0
22.2875,terug,0,"#185,YAW,1.99,GYRO,1,6,1,ACC,2,1,257,ADC,1211,382,6,2,"
22.2875,terug,0,MM0 ?AI
22.2875,terug,0,MM1 ?AI
22.3422,terug,0,MM0 AI=0:0:2464:2469:0:0
22.3423,terug,0,MM1 AI=0:0:2363:2382:0:0
22.3423,terug,0,"$GPRMC,103657.2,A,5050.50514,N,00419.39250,E,000.15,116.7,021026,000.4,E*5E"
22.3423,terug,0,"#186,YAW,1.99,GYRO,2,6,-1,ACC,-1,3,253,ADC,1294,502,5,2,"
22.3423,terug,0,MM0 ?C
22.3423,terug,0,MM1 ?C
22.3423,terug,0,MM0 C=1082:-1074
22.3423,terug,0,MM1 C=1079:-1057
22.3423,terug,0,MM1 !M 0 0
22.3423,terug,0,MM0 !M 0 0
22.3423,terug,0,MM1 +
22.3423,terug,0,MM0 +
22.3423,terug,0,"#187,YAW,1.99,GYRO,1,6,0,ACC,-1,0,250,ADC,1236,383,8,2,"
22.3423,terug,0,MM0 ?D
22.3423,terug,0,MM1 ?D
22.3424,terug,0,MM0 D=50
22.3424,terug,0,MM1 D=1
22.3907,terug,0,"#188,YAW,1.99,GYRO,2,6,1,ACC,0,0,252,ADC,1239,385,7,2,"
22.3907,terug,0,MM0 ?FF
22.3907,terug,0,MM1 ?FF
22.3907,terug,0,MM0 FF=0
22.3907,terug,0,MM1 FF=0
22.3907,terug,0,"#189,YAW,1.99,GYRO,-1,6,0,ACC,2,0,251,ADC,1236,382,6,2,"
22.3907,terug,0,MM0 ?P
22.3907,terug,0,MM1 ?P
22.3907,terug,0,MM0 P=0:0
22.3907,terug,0,MM1 P=0:0
22.3907,terug,0,MM0 !M 0 0
22.3907,terug,0,MM1 !M 0 0
22.3907,terug,0,MM0 +
22.3908,terug,0,MM1 +
22.3908,terug,0,"#190,YAW,1.99,GYRO,0,5,0,ACC,-5,0,254,ADC,1261,388,4,1,"
22.3908,terug,0,MM0 ?S
22.3908,terug,0,MM1 ?S
22.3908,terug,0,MM0 S=0:0
22.3908,terug,0,MM1 S=0:0
22.4419,terug,0,"#191,YAW,1.99,GYRO,0,6,0,ACC,-2,1,254,ADC,1274,401,8,2,"
22.4419,terug,0,MM0 ?T
22.4419,terug,0,MM1 ?T
22.4419,terug,0,MM0 T=34:34
22.4419,terug,0,MM1 T=35:33
22.4419,terug,0,MM0 !M 0 0
22.4419,terug,0,MM1 !M 0 0
22.4419,terug,0,MM0 +
22.4419,terug,0,MM1 +
22.4419,terug,0,"#192,YAW,1.99,GYRO,1,5,2,ACC,-1,2,253,ADC,1241,394,5,2,"
22.4419,terug,0,MM0 ?V
22.4419,terug,0,MM1 ?V
22.4419,terug,0,MM0 V=120:226:4908
22.4419,terug,0,MM1 V=120:221:4895
22.4949,terug,0,"#193,YAW,1.99,GYRO,0,6,0,ACC,-1,-1,252,ADC,1273,503,4,2,"
22.4949,terug,0,MM0 ?CR
22.4949,terug,0,MM1 ?CR
22.4949,terug,0,MM0 CR=0:0
22.4949,terug,0,MM1 CR=0:0
22.4949,terug,0,"#194,YAW,1.99,GYRO,0,6,-1,ACC,-3,0,251,ADC,1271,380,7,2,"
22.4949,terug,0,MM0 ?A
22.4949,terug,0,MM1 ?A
22.4949,terug,0,MM0 A=0:0
22.4949,terug,0,MM1 A=0:0
22.4949,terug,0,MM1 !M 0 0
22.4949,terug,0,MM0 !M 0 0
22.4950,terug,0,MM1 +
22.4950,terug,0,MM0 +
22.4950,terug,0,"#195,YAW,1.99,GYRO,0,5,2,ACC,2,-1,255,ADC,1262,393,5,1,"
22.4950,terug,0,MM0 ?AI
22.4950,terug,0,MM1 ?AI
22.4950,terug,0,"$GPRMC,103657.4,A,5050.50514,N,00419.39251,E,000.16,116.7,021026,000.4,E*5A"
22.4950,terug,0,MM0 AI=0:0:2457:2464:0:0
22.5447,terug,0,MM1 AI=0:0:2370:2375:0:0
22.5447,terug,0,"#196,YAW,1.99,GYRO,1,7,0,ACC,1,0,253,ADC,1275,492,4,2,"
22.5448,terug,0,MM0 ?C
22.5448,terug,0,MM1 ?C
22.5448,terug,0,MM0 C=1082:-1074
22.5448,terug,0,MM1 C=1079:-1057
22.5448,terug,0,MM1 !M 0 0
22.5448,terug,0,MM0 !M 0 0
22.5448,terug,0,MM1 +
22.5448,terug,0,MM0 +
22.5448,terug,0,"#197,YAW,1.99,GYRO,0,5,1,ACC,-2,1,251,ADC,1290,502,5,1,"
22.5449,terug,0,MM0 ?D
22.5449,terug,0,MM1 ?D
22.5449,terug,0,MM0 D=50
22.5449,terug,0,MM1 D=1
22.5459,terug,0,DOEL terug -3.0000 r=0.13360
22.5926,terug,0,"#198,YAW,1.99,GYRO,0,6,1,ACC,-1,1,254,ADC,1248,396,7,2,"
22.5927,terug,0,MM0 ?FF
22.5927,terug,0,MM1 ?FF
22.5927,terug,0,MM0 FF=0
22.5927,terug,0,MM1 FF=0
22.5927,terug,0,"#199,YAW,1.99,GYRO,-1,4,1,ACC,-1,0,252,ADC,1229,380,4,2,"
22.5927,terug,0,MM0 ?P
22.5927,terug,0,MM1 ?P
22.5927,terug,0,MM0 P=0:0
22.5927,terug,0,MM1 P=0:0
22.5927,terug,0,MM0 !M 0 0
22.5927,terug,0,MM1 !M 0 0
22.5927,terug,0,MM0 +
22.5927,terug,0,MM1 +
22.5927,terug,0,"#200,YAW,1.99,GYRO,-1,5,-1,ACC,-2,-1,253,ADC,1258,391,6,2,"
22.5927,terug,0,MM0 ?S
22.5927,terug,0,MM1 ?S
22.5927,terug,0,MM0 S=0:0
22.5927,terug,0,MM1 S=0:0
22.6429,terug,-8,"#201,YAW,1.99,GYRO,0,3,0,ACC,-2,2,252,ADC,1259,383,5,2,"
22.6429,terug,-8,MM0 ?T
22.6430,terug,-8,MM1 ?T
22.6430,terug,-8,MM0 T=34:34
22.6430,terug,-8,MM1 T=35:33
22.6430,terug,-8,MM0 !M -6 10
22.6430,terug,-8,MM1 !M -6 10
22.6430,terug,-8,MM0 +
22.6430,terug,-8,MM1 +
22.6430,terug,-8,"#202,YAW,1.99,GYRO,-1,6,0,ACC,-2,2,257,ADC,1267,386,4,1,"
22.6430,terug,-8,MM0 ?V
22.6430,terug,-8,MM1 ?V
22.6430,terug,-8,MM0 V=120:221:4907
22.6430,terug,-8,MM1 V=120:223:4895
22.6953,terug,-16,"#203,YAW,1.99,GYRO,1,5,1,ACC,-1,-1,252,ADC,1232,383,6,2,"
22.6953,terug,-16,MM0 ?CR
22.6953,terug,-16,MM1 ?CR
22.6953,terug,-16,MM0 CR=0:0
22.6953,terug,-16,MM1 CR=0:0
22.6953,terug,-16,"#204,YAW,1.99,GYRO,0,5,-1,ACC,1,0,251,ADC,1241,501,6,2,"
22.6954,terug,-16,MM0 ?A
22.6954,terug,-16,MM1 ?A
22.6954,terug,-16,MM0 A=0:0
22.6954,terug,-16,MM1 A=0:0
22.6954,terug,-16,MM1 !M -14 18
22.6954,terug,-16,MM0 !M -14 18
22.6954,terug,-16,MM1 +
22.6954,terug,-16,MM0 +
22.6954,terug,-16,"#205,YAW,1.99,GYRO,0,7,1,ACC,-2,0,255,ADC,1261,501,4,2,"
22.6954,terug,-16,MM0 ?AI
22.6954,terug,-16,MM1 ?AI
22.6954,terug,-16,"$GPRMC,103657.6,A,5050.50514,N,00419.39253,E,000.17,116.7,021026,000.4,E*5B"
22.7453,terug,-25,MM0 AI=0:0:2455:2462:0:0
22.7453,terug,-25,MM1 AI=0:0:2373:2363:0:0
22.7453,terug,-25,"#206,YAW,1.99,GYRO,0,4,-1,ACC,-3,0,250,ADC,1256,384,6,1,"
22.7453,terug,-25,MM0 ?C
22.7453,terug,-25,MM1 ?C
22.7453,terug,-25,MM0 C=1082:-1074
22.7453,terug,-25,MM1 C=1079:-1057
22.7453,terug,-25,MM1 !M -23 27
22.7453,terug,-25,MM0 !M -23 27
22.7453,terug,-25,MM1 +
22.7453,terug,-25,MM0 +
22.7453,terug,-25,"#207,YAW,1.99,GYRO,1,1,-2,ACC,-2,0,248,ADC,1241,348,8,2,"
22.7453,terug,-25,MM0 ?D
22.7453,terug,-25,MM1 ?D
22.7453,terug,-25,MM0 D=42
22.7453,terug,-25,MM1 D=1
22.7454,terug,-25,"#208,YAW,1.99,GYRO,1,19,-2,ACC,-3,1,251,ADC,1258,389,5,2,"
22.7454,terug,-25,MM0 ?FF
22.7946,terug,-33,MM1 ?FF
22.7946,terug,-33,MM0 FF=0
22.7946,terug,-33,MM1 FF=0
22.7946,terug,-33,"#209,YAW,1.99,GYRO,0,-10,-2,ACC,1,1,258,ADC,1248,391,4,2,"
22.7946,terug,-33,MM0 ?P
22.7946,terug,-33,MM1 ?P
22.7947,terug,-33,MM0 P=-23:27
22.7947,terug,-33,MM1 P=-23:27
22.7947,terug,-33,MM1 !M -31 35
22.7947,terug,-33,MM0 !M -31 35
22.7947,terug,-33,MM1 +
22.7947,terug,-33,MM0 +
22.7947,terug,-33,"#210,YAW,1.99,GYRO,-1,5,-2,ACC,-2,0,247,ADC,1255,503,6,2,"
22.7947,terug,-33,MM0 ?S
22.7947,terug,-33,MM1 ?S
22.7947,terug,-33,MM0 S=0:0
22.7947,terug,-33,MM1 S=0:0
22.8470,terug,-42,"#211,YAW,1.99,GYRO,-2,11,1,ACC,1,2,255,ADC,1237,390,8,1,"
22.8470,terug,-42,MM0 ?T
22.8470,terug,-42,MM1 ?T
22.8470,terug,-42,MM0 T=35:34
22.8470,terug,-42,MM1 T=35:33
22.8470,terug,-42,"#212,YAW,1.99,GYRO,-1,-2,5,ACC,3,2,253,ADC,1249,502,4,2,"
22.8470,terug,-42,MM0 !M -40 44
22.8470,terug,-42,MM0 +
22.8470,terug,-42,MM1 !M -40 44
22.8470,terug,-42,MM1 +
22.8470,terug,-42,MM0 ?V
22.8470,terug,-42,MM1 ?V
22.8470,terug,-42,MM0 V=120:224:4906
22.8471,terug,-42,MM1 V=120:222:4896
22.8471,terug,-42,"#213,YAW,1.99,GYRO,0,15,4,ACC,2,0,246,ADC,1264,503,4,1,"
22.8471,terug,-42,MM1 ?CR
22.8471,terug,-42,MM0 ?CR
22.8471,terug,-42,MM1 CR=-1:0
22.8957,terug,-50,MM0 CR=0:1
22.8958,terug,-50,"#214,YAW,1.99,GYRO,-1,-3,0,ACC,4,2,261,ADC,1274,502,5,2,"
22.8958,terug,-50,MM0 ?A
22.8958,terug,-50,MM1 ?A
22.8958,terug,-50,MM0 A=0:0
22.8958,terug,-50,MM1 A=0:0
22.8958,terug,-50,MM1 !M -48 52
22.8958,terug,-50,MM0 !M -48 52
22.8958,terug,-50,MM1 +
22.8959,terug,-50,MM0 +
22.8959,terug,-50,"#215,YAW,1.99,GYRO,0,4,-3,ACC,-3,0,251,ADC,1290,500,7,2,"
22.8959,terug,-50,MM1 ?AI
22.8959,terug,-50,MM0 ?AI
22.8959,terug,-50,"$GPRMC,103657.8,A,5050.50514,N,00419.39254,E,000.17,116.7,021026,000.4,E*52"
22.8959,terug,-50,MM1 AI=0:0:2369:2376:0:0
22.9489,terug,-58,MM0 AI=0:0:2456:2467:0:0
22.9489,terug,-58,"#216,YAW,1.99,GYRO,-1,16,-3,ACC,0,0,257,ADC,1246,386,6,1,"
22.9489,terug,-58,MM0 ?C
22.9489,terug,-58,MM1 ?C
22.9489,terug,-58,MM0 C=1081:-1073
22.9489,terug,-58,MM1 C=1078:-1057
22.9489,terug,-58,"#217,YAW,1.99,GYRO,1,2,4,ACC,-2,0,252,ADC,1218,378,4,2,"
22.9490,terug,-58,MM0 ?D
22.9490,terug,-58,MM1 ?D
22.9490,terug,-58,MM1 D=0
22.9490,terug,-58,MM0 D=43
22.9490,terug,-58,MM1 !M -56 60
22.9490,terug,-58,MM0 !M -56 60
22.9490,terug,-58,MM1 +
22.9490,terug,-58,MM0 +
22.9490,terug,-58,"#218,YAW,1.99,GYRO,-2,11,10,ACC,-12,1,252,ADC,1211,398,5,2,"
22.9490,terug,-58,MM1 ?FF
22.9490,terug,-58,MM0 ?FF
22.9490,terug,-58,MM1 FF=0
22.9490,terug,-58,MM0 FF=0
22.9966,terug,-67,"#219,YAW,1.99,GYRO,-2,7,15,ACC,-9,0,255,ADC,1271,502,6,2,"
22.9967,terug,-67,MM0 ?P
22.9967,terug,-67,MM1 ?P
22.9967,terug,-67,MM0 P=-56:60
22.9967,terug,-67,MM1 P=-56:60
22.9967,terug,-67,MM1 !M -65 69
22.9967,terug,-67,MM0 !M -65 69
22.9967,terug,-67,MM1 +
22.9967,terug,-67,MM0 +
22.9967,terug,-67,"#220,YAW,1.99,GYRO,-2,10,14,ACC,-21,1,251,ADC,1277,499,6,2,"
22.9967,terug,-67,MM1 ?S
22.9967,terug,-67,MM0 ?S
22.9967,terug,-67,MM1 S=0:0
22.9967,terug,-67,MM0 S=-75:0
23.0508,terug,-75,"#221,YAW,1.99,GYRO,-6,16,-2,ACC,-14,0,256,ADC,1214,383,6,2,"
23.0508,terug,-75,MM1 ?T
23.0508,terug,-75,MM0 ?T
23.0508,terug,-75,MM1 T=36:33
23.0508,terug,-75,MM0 T=34:34
23.0508,terug,-75,"#222,YAW,1.99,GYRO,-7,-10,-30,ACC,-9,1,252,ADC,1264,396,5,2,"
23.0508,terug,-75,MM1 ?V
23.0508,terug,-75,MM0 ?V
23.0508,terug,-75,MM1 V=120:222:4897
23.0508,terug,-75,MM0 V=120:222:4906
23.0508,terug,-75,MM1 !M -72 78
23.0508,terug,-75,MM0 !M -72 78
23.0508,terug,-75,MM1 +
23.0508,terug,-75,MM0 +
23.0508,terug,-75,"#223,YAW,1.99,GYRO,-3,-3,-33,ACC,-4,2,247,ADC,1247,383,6,2,"
23.0509,terug,-75,MM1 ?CR
23.0509,terug,-75,MM0 ?CR
23.0509,terug,-75,MM1 CR=-2:2
23.0509,terug,-75,MM0 CR=-3:2
23.0978,terug,-84,"#224,YAW,1.99,GYRO,-4,28,-3,ACC,-15,1,256,ADC,1234,385,5,2,"
23.0979,terug,-84,MM1 ?A
23.0979,terug,-84,MM0 ?A
23.0979,terug,-84,MM1 A=0:0
23.0979,terug,-84,MM0 A=0:0
23.0979,terug,-84,MM0 !M -82 86
23.0979,terug,-84,MM1 !M -82 86
23.0979,terug,-84,MM0 +
23.0979,terug,-84,MM1 +
23.0979,terug,-84,"#225,YAW,1.99,GYRO,-2,12,17,ACC,-15,-1,259,ADC,1222,500,7,2,"
23.0979,terug,-84,MM1 ?AI
23.0979,terug,-84,MM0 ?AI
23.0979,terug,-84,MM1 AI=0:0:2409:2385:0:0
23.0979,terug,-84,MM0 AI=0:0:2477:2466:0:0
23.0979,terug,-84,"$GPRMC,103658.0,A,5050.50513,N,00419.39256,E,000.18,116.7,021026,000.4,E*5F"
23.1488,terug,-92,"#226,YAW,1.99,GYRO,-5,-38,17,ACC,-7,5,253,ADC,1243,389,4,2,"
23.1488,terug,-92,MM1 ?C
23.1488,terug,-92,MM0 ?C
23.1488,terug,-92,MM1 C=1074:-1053
23.1489,terug,-92,MM0 C=1078:-1069
23.1489,terug,-92,"#227,YAW,1.99,GYRO,-4,33,20,ACC,-23,3,241,ADC,1230,379,5,2,"
23.1489,terug,-92,MM0 ?D
23.1489,terug,-92,MM1 ?D
23.1489,terug,-92,MM0 D=3
23.1489,terug,-92,MM1 D=16
23.1489,terug,-92,MM0 !M -90 94
23.1489,terug,-92,MM1 !M -90 94
23.1489,terug,-92,MM0 +
23.1489,terug,-92,MM1 +
23.1489,terug,-92,"#228,YAW,1.99,GYRO,7,-3,-9,ACC,-2,-1,254,ADC,1276,500,4,2,"
23.1489,terug,-92,MM1 ?FF
23.1489,terug,-92,MM0 ?FF
23.1489,terug,-92,MM1 FF=0
23.1489,terug,-92,MM0 FF=0
23.1857,terug,-100,"#229,YAW,1.99,GYRO,-9,-14,2,ACC,-31,-3,249,ADC,1270,501,8,2,"
23.1857,terug,-100,MM1 ?P
23.1857,terug,-100,MM0 ?P
23.1857,terug,-100,MM1 P=-90:94
23.1857,terug,-100,MM0 P=-90:94
23.1858,terug,-100,"#230,YAW,1.99,GYRO,11,-4,-16,ACC,8,-1,253,ADC,1269,383,5,2,"
23.1858,terug,-100,MM0 ?S
23.1858,terug,-100,MM1 ?S
23.2067,terug,-109,MM0 S=-75:0
23.2067,terug,-109,MM1 S=-75:0
23.2067,terug,-109,MM1 !M -98 102
23.2067,terug,-109,MM0 !M -98 102
23.2067,terug,-109,MM1 +
23.2067,terug,-109,MM0 +
23.2067,terug,-109,"#231,YAW,1.99,GYRO,1,20,3,ACC,-31,-1,257,ADC,1247,390,5,2,"
23.2067,terug,-109,MM1 ?T
23.2067,terug,-109,MM0 ?T
23.2067,terug,-109,MM1 T=36:33
23.2408,terug,-109,MM0 T=34:34
23.2408,terug,-109,MM1 !M -107 111
23.2408,terug,-109,MM0 !M -107 111
23.2408,terug,-109,MM1 +
23.2408,terug,-109,MM0 +
23.2409,terug,-109,"#232,YAW,1.99,GYRO,13,-42,-6,ACC,-20,-1,237,ADC,1256,499,8,2,"
23.2409,terug,-109,MM1 ?V
23.2409,terug,-109,MM0 ?V
23.2409,terug,-109,MM1 V=120:222:4897
23.2409,terug,-109,MM0 V=120:226:4906
23.2617,terug,-117,"#233,YAW,1.99,GYRO,4,17,8,ACC,-13,1,259,ADC,1276,390,5,2,"
23.2617,terug,-117,MM1 ?CR
23.2617,terug,-117,MM0 ?CR
23.2618,terug,-117,MM1 CR=-8:9
23.2618,terug,-117,MM0 CR=-8:9
23.2958,terug,-117,"#234,YAW,1.99,GYRO,19,33,18,ACC,-18,0,274,ADC,1273,403,6,2,"
23.2958,terug,-117,MM1 ?A
23.2958,terug,-117,MM0 ?A
23.2958,terug,-117,MM1 A=-4:5
23.2958,terug,-117,MM0 A=0:0
23.2958,terug,-117,"#235,YAW,1.99,GYRO,-8,-53,7,ACC,-13,1,238,ADC,1259,384,6,2,"
23.2958,terug,-117,MM1 ?AI
23.2958,terug,-117,MM0 ?AI
23.2958,terug,-117,MM1 AI=0:0:2407:2386:0:0
23.2958,terug,-117,MM0 AI=0:0:2458:2475:0:0
23.3168,terug,-126,"$GPRMC,103658.2,A,5050.50513,N,00419.39257,E,000.18,116.7,021026,000.4,E*5C"
23.3168,terug,-126,"#236,YAW,1.99,GYRO,-5,-35,5,ACC,-17,1,233,ADC,1298,388,4,3,"
23.3168,terug,-126,MM1 ?C
23.3168,terug,-126,MM0 ?C
23.3168,terug,-126,MM1 C=1063:-1042
23.3168,terug,-126,MM0 C=1066:-1058
23.3168,terug,-126,MM1 !M -115 119
23.3168,terug,-126,MM0 !M -115 119
23.3168,terug,-126,MM1 +
23.3168,terug,-126,MM0 +
23.3168,terug,-126,MM0 PING
23.3168,terug,-126,MM1 PING
23.3512,terug,-126,"#237,YAW,1.99,GYRO,-14,-30,9,ACC,-18,-1,249,ADC,1230,379,5,2,"
23.3512,terug,-126,MM1 ?D
23.3512,terug,-126,MM0 ?D
23.3512,terug,-126,MM1 D=18
23.3512,terug,-126,MM0 D=1
23.3512,terug,-126,"#238,YAW,1.99,GYRO,2,-32,2,ACC,-19,-7,249,ADC,1302,499,7,2,"
23.3512,terug,-126,MM1 ?FF
23.3512,terug,-126,MM0 ?FF
23.3512,terug,-126,MM1 FF=0
23.3512,terug,-126,MM0 FF=0
23.4062,terug,-143,"#239,YAW,1.99,GYRO,-6,-38,-8,ACC,-5,-1,243,ADC,1251,383,4,3,"
23.4062,terug,-143,MM0 !M -124 128
23.4062,terug,-143,MM0 +
23.4062,terug,-143,MM1 !M -124 128
23.4062,terug,-143,MM1 +
23.4062,terug,-143,MM0 PING
23.4062,terug,-143,MM1 PING
23.4062,terug,-143,MM0 ?P
23.4062,terug,-143,MM1 ?P
23.4062,terug,-143,MM0 P=-124:128
23.4063,terug,-143,MM1 P=-124:128
23.4063,terug,-143,MM1 !M -131 137
23.4063,terug,-143,MM0 !M -131 137
23.4063,terug,-143,MM1 +
23.4063,terug,-143,MM0 +
23.4063,terug,-143,"#240,YAW,1.99,GYRO,-9,18,-12,ACC,-6,-1,253,ADC,1219,299,7,2,"
23.4063,terug,-143,MM1 ?S
23.4063,terug,-143,MM0 ?S
23.4063,terug,-143,MM1 S=-75:75
23.4063,terug,-143,MM0 S=-75:75
23.4063,terug,-143,"#241,YAW,1.99,GYRO,-33,1,10,ACC,-12,5,264,ADC,1306,500,4,1,"
23.4063,terug,-143,MM1 ?T
23.4063,terug,-143,MM0 ?T
23.4400,terug,-143,MM1 T=35:33
23.4400,terug,-143,MM0 T=34:34
23.4400,terug,-143,MM0 !M -140 146
23.4401,terug,-143,MM1 !M -140 146
23.4401,terug,-143,MM0 +
23.4401,terug,-143,MM1 +
23.4401,terug,-143,"#242,YAW,1.99,GYRO,-8,-25,21,ACC,-12,3,250,ADC,1280,500,5,2,"
23.4401,terug,-143,MM1 ?V
23.4401,terug,-143,MM0 ?V
23.4401,terug,-143,MM1 V=120:222:4897
23.4401,terug,-143,MM0 V=120:222:4905
23.4606,terug,-151,"#243,YAW,1.99,GYRO,-12,0,18,ACC,-20,3,237,ADC,1246,498,6,2,"
23.4607,terug,-151,MM0 ?CR
23.4607,terug,-151,MM1 ?CR
23.4607,terug,-151,MM0 CR=-19:18
23.4607,terug,-151,MM1 CR=-19:18
23.4948,terug,-151,"#244,YAW,1.99,GYRO,15,-21,13,ACC,-15,-5,248,ADC,1270,394,6,2,"
23.4949,terug,-151,MM1 ?A
23.4949,terug,-151,MM0 ?A
23.4949,terug,-151,MM1 A=-4:5
23.4949,terug,-151,MM0 A=-4:5
23.4949,terug,-151,MM1 !M -148 154
23.4949,terug,-151,MM0 !M -148 154
23.4949,terug,-151,MM1 +
23.4949,terug,-151,MM0 +
23.4949,terug,-151,"#245,YAW,1.99,GYRO,19,-25,1,ACC,-8,-16,237,ADC,1225,383,5,3,"
23.4949,terug,-151,MM0 ?AI
23.4949,terug,-151,MM1 ?AI
23.4949,terug,-151,MM0 AI=0:0:2487:2472:0:0
23.4949,terug,-151,MM1 AI=0:0:2378:2343:0:0
23.5156,terug,-160,"$GPRMC,103658.4,A,5050.50513,N,00419.39259,E,000.18,116.7,021026,000.4,E*54"
23.5156,terug,-160,"#246,YAW,1.99,GYRO,20,-3,-1,ACC,-29,-1,230,ADC,1278,502,4,2,"
23.5156,terug,-160,MM1 ?C
23.5156,terug,-160,MM0 ?C
23.5156,terug,-160,MM1 C=1043:-1022
23.5156,terug,-160,MM0 C=1045:-1038
23.5516,terug,-160,"#247,YAW,1.99,GYRO,32,-33,2,ACC,-26,8,282,ADC,1212,379,6,1,"
23.5516,terug,-160,MM0 ?D
23.5517,terug,-160,MM1 ?D
23.5517,terug,-160,MM0 D=16
23.5517,terug,-160,MM1 D=51
23.5517,terug,-160,MM0 !M -157 163
23.5517,terug,-160,MM1 !M -157 163
23.5517,terug,-160,MM0 +
23.5517,terug,-160,MM1 +
23.5517,terug,-160,"#248,YAW,1.99,GYRO,-2,0,-16,ACC,-27,9,246,ADC,1267,500,5,2,"
23.5517,terug,-160,MM0 ?FF
23.5517,terug,-160,MM1 ?FF
23.5517,terug,-160,MM0 FF=0
23.5517,terug,-160,MM1 FF=0
23.5706,terug,-168,"#249,YAW,2.00,GYRO,25,39,-26,ACC,-21,-7,245,ADC,1277,383,7,2,"
23.5706,terug,-168,MM0 ?P
23.5706,terug,-168,MM1 ?P
23.5706,terug,-168,MM0 P=-157:163
23.5706,terug,-168,MM1 P=-157:163
23.6048,terug,-168,MM1 !M -165 171
23.6048,terug,-168,MM0 !M -165 171
23.6048,terug,-168,MM1 +
23.6048,terug,-168,MM0 +
23.6048,terug,-168,"#250,YAW,2.00,GYRO,-41,0,-21,ACC,-10,11,252,ADC,1283,331,6,2,"
23.6048,terug,-168,MM1 ?S
23.6048,terug,-168,MM0 ?S
23.6048,terug,-168,MM1 S=-75:75
23.6048,terug,-168,MM0 S=-75:75
23.6048,terug,-168,"#251,YAW,2.00,GYRO,-15,71,-16,ACC,-6,-8,267,ADC,1287,497,7,2,"
23.6561,terug,-177,MM0 ?T
23.6561,terug,-177,MM1 ?T
23.6561,terug,-177,MM0 T=34:34
23.6562,terug,-177,MM1 T=35:33
23.6562,terug,-177,"#252,YAW,2.00,GYRO,-7,15,-5,ACC,-5,-13,248,ADC,1227,387,5,2,"
23.6562,terug,-177,MM0 ?V
23.6562,terug,-177,MM1 ?V
23.6562,terug,-177,MM0 V=120:222:4905
23.6562,terug,-177,MM1 V=120:222:4898
23.6562,terug,-177,MM0 !M -175 179
23.6562,terug,-177,MM1 !M -175 179
23.6562,terug,-177,MM0 +
23.6562,terug,-177,MM1 +
23.6562,terug,-177,"#253,YAW,2.00,GYRO,14,-34,7,ACC,-21,-8,236,ADC,1241,387,9,2,"
23.6562,terug,-177,MM0 ?CR
23.6562,terug,-177,MM1 ?CR
23.6562,terug,-177,MM0 CR=-26:26
23.6562,terug,-177,MM1 CR=-26:26
23.6981,terug,-185,"#254,YAW,2.00,GYRO,38,-2,8,ACC,-17,-3,244,ADC,1231,384,5,2,"
23.6982,terug,-185,MM0 ?A
23.6982,terug,-185,MM1 ?A
23.6982,terug,-185,MM0 A=-4:10
23.6982,terug,-185,MM1 A=-9:10
23.6982,terug,-185,"#255,YAW,2.00,GYRO,36,-15,-4,ACC,-5,1,263,ADC,1258,385,5,2,"
23.6982,terug,-185,MM0 ?AI
23.6982,terug,-185,MM1 ?AI
23.6982,terug,-185,"$GPRMC,103658.6,A,5050.50512,N,00419.39260,E,000.18,116.7,021026,000.4,E*5D"
23.7149,terug,-193,MM0 AI=0:0:2459:2461:0:0
23.7149,terug,-193,MM1 AI=0:0:2371:2336:0:0
23.7149,terug,-193,"#0,YAW,2.00,GYRO,21,-16,-24,ACC,-1,6,250,ADC,1265,382,5,2,"
23.7149,terug,-193,MM0 ?C
23.7149,terug,-193,MM1 ?C
23.7149,terug,-193,MM0 C=1016:-1008
23.7150,terug,-193,MM1 C=1013:-992
23.7150,terug,-193,MM0 !M -183 187
23.7355,terug,-193,MM1 !M -183 187
23.7355,terug,-193,MM0 +
23.7355,terug,-193,MM1 +
23.7355,terug,-193,"#1,YAW,2.00,GYRO,0,-32,-37,ACC,-12,13,251,ADC,1283,395,7,2,"
23.7355,terug,-193,MM0 ?D
23.7355,terug,-193,MM1 ?D
23.7355,terug,-193,MM0 D=3
23.7355,terug,-193,MM1 D=8
23.7687,terug,-202,"#2,YAW,2.00,GYRO,-18,23,-15,ACC,-6,4,253,ADC,1297,499,6,3,"
23.7687,terug,-202,MM0 ?FF
23.7687,terug,-202,MM1 ?FF
23.7687,terug,-202,MM0 FF=0
23.7687,terug,-202,MM1 FF=0
23.7687,terug,-202,MM0 !M -191 195
23.7687,terug,-202,MM1 !M -191 195
23.7688,terug,-202,MM0 +
23.7688,terug,-202,MM1 +
23.7688,terug,-202,"#3,YAW,2.00,GYRO,-60,26,27,ACC,-21,-4,260,ADC,1264,385,7,2,"
23.7688,terug,-202,MM0 ?P
23.7688,terug,-202,MM1 ?P
23.7688,terug,-202,MM0 P=-191:195
23.7688,terug,-202,MM1 P=-191:195
23.8028,terug,-202,MM0 !M -201 203
23.8028,terug,-202,MM1 !M -201 203
23.8028,terug,-202,MM0 +
23.8028,terug,-202,MM1 +
23.8028,terug,-202,"#4,YAW,2.00,GYRO,43,21,38,ACC,5,-16,220,ADC,1246,328,7,1,"
23.8028,terug,-202,MM0 ?S
23.8028,terug,-202,MM1 ?S
23.8028,terug,-202,MM0 S=-150:150
23.8028,terug,-202,MM1 S=-150:150
23.8592,terug,-210,"#5,YAW,2.00,GYRO,37,43,29,ACC,-35,-14,221,ADC,1261,501,4,2,"
23.8592,terug,-210,MM0 ?T
23.8592,terug,-210,MM1 ?T
23.8592,terug,-210,MM0 T=34:34
23.8592,terug,-210,MM1 T=35:33
23.8592,terug,-210,"#6,YAW,2.00,GYRO,36,16,13,ACC,-10,4,328,ADC,1263,499,6,2,"
23.8592,terug,-210,MM0 ?V
23.8592,terug,-210,MM1 ?V
23.8592,terug,-210,MM0 V=120:222:4905
23.8592,terug,-210,MM1 V=120:222:4897
23.8592,terug,-210,"#7,YAW,2.00,GYRO,45,149,-27,ACC,-4,9,265,ADC,1283,500,6,2,"
23.8592,terug,-210,MM0 ?CR
23.8592,terug,-210,MM1 ?CR
23.8592,terug,-210,MM0 CR=-36:36
23.8592,terug,-210,MM1 CR=-36:36
23.8792,terug,-219,"#8,YAW,2.00,GYRO,-16,32,-11,ACC,-8,5,219,ADC,1266,383,7,2,"
23.8793,terug,-219,MM0 ?A
23.8793,terug,-219,MM1 ?A
23.8793,terug,-219,MM0 A=-3:4
23.8793,terug,-219,MM1 A=-8:4
23.8793,terug,-219,MM0 !M -208 212
23.8793,terug,-219,MM1 !M -208 212
23.8793,terug,-219,MM0 +
23.8793,terug,-219,MM1 +
23.8793,terug,-219,MM1 PING
23.8793,terug,-219,MM0 PING
23.9185,terug,-227,"#9,YAW,2.00,GYRO,-26,108,7,ACC,7,2,305,ADC,1266,342,4,1,"
23.9185,terug,-227,MM0 ?AI
23.9185,terug,-227,MM1 ?AI
23.9185,terug,-227,"$GPRMC,103658.8,A,5050.50512,N,00419.39262,E,000.17,116.7,021026,000.4,E*5E"
23.9185,terug,-227,MM0 AI=0:0:2462:2588:0:0
23.9185,terug,-227,MM1 AI=0:0:2328:2334:0:0
23.9185,terug,-227,"#10,YAW,2.00,GYRO,47,36,28,ACC,-23,-20,240,ADC,1247,498,5,3,"
23.9185,terug,-227,MM0 ?C
23.9185,terug,-227,MM1 ?C
23.9185,terug,-227,MM0 C=978:-970
23.9185,terug,-227,MM1 C=975:-954
23.9185,terug,-227,MM0 !M -217 221
23.9527,terug,-227,MM1 !M -217 221
23.9527,terug,-227,MM0 +
23.9527,terug,-227,MM1 +
23.9527,terug,-227,MM0 PING
23.9527,terug,-227,MM1 PING
23.9527,terug,-227,"#11,YAW,2.00,GYRO,28,-91,37,ACC,-34,-10,194,ADC,1270,342,5,2,"
23.9527,terug,-227,MM0 ?D
23.9527,terug,-227,MM1 ?D
23.9527,terug,-227,MM0 D=59
23.9527,terug,-227,MM1 D=33
23.9527,terug,-227,"#12,YAW,2.00,GYRO,-6,28,7,ACC,-22,8,300,ADC,1217,380,6,2,"
23.9527,terug,-227,MM0 ?FF
23.9527,terug,-227,MM1 ?FF
23.9528,terug,-227,MM0 FF=0
23.9528,terug,-227,MM1 FF=0
23.9736,terug,-235,"#13,YAW,2.00,GYRO,-46,21,-15,ACC,-16,28,268,ADC,1255,502,5,3,"
23.9736,terug,-235,MM0 ?P
23.9737,terug,-235,MM1 ?P
23.9737,terug,-235,MM0 P=-217:221
23.9737,terug,-235,MM1 P=-217:221
23.9737,terug,-235,MM0 !M -225 229
23.9737,terug,-235,MM1 !M -225 229
23.9737,terug,-235,MM0 +
23.9737,terug,-235,MM1 +
23.9737,terug,-235,MM0 PING
24.0077,terug,-235,MM1 PING
24.0078,terug,-235,"#14,YAW,2.00,GYRO,-51,21,-15,ACC,-3,19,243,ADC,1259,384,4,2,"
24.0078,terug,-235,MM0 ?S
24.0078,terug,-235,MM1 ?S
24.0078,terug,-235,MM0 S=-150:225
24.0078,terug,-235,MM1 S=-150:150
24.0078,terug,-235,MM0 !M -232 238
24.0078,terug,-235,MM1 !M -232 238
24.0079,terug,-235,MM0 +
24.0079,terug,-235,MM1 +
24.0079,terug,-235,"#15,YAW,2.00,GYRO,-66,7,-3,ACC,-16,-16,241,ADC,1286,502,5,2,"
24.0079,terug,-235,MM1 ?T
24.0079,terug,-235,MM0 ?T
24.0079,terug,-235,MM0 T=34:34
24.0642,terug,-250,MM1 T=35:33
24.0642,terug,-250,"#16,YAW,2.00,GYRO,38,0,-18,ACC,-12,-26,213,ADC,1246,397,5,1,"
24.0642,terug,-250,MM0 ?V
24.0642,terug,-250,MM1 ?V
24.0642,terug,-250,MM0 V=120:221:4904
24.0642,terug,-250,MM1 V=120:221:4898
24.0643,terug,-250,MM0 !M -242 246
24.0643,terug,-250,MM1 !M -242 246
24.0643,terug,-250,MM0 +
24.0643,terug,-250,MM1 +
24.0643,terug,-250,"#17,YAW,2.00,GYRO,-20,-1,-25,ACC,-10,10,280,ADC,1250,391,4,1,"
24.0643,terug,-250,MM0 ?CR
24.0643,terug,-250,MM1 ?CR
24.0643,terug,-250,MM0 CR=-44:44
24.0643,terug,-250,MM1 CR=-43:43
24.0979,terug,-250,"#18,YAW,2.00,GYRO,-42,24,-26,ACC,-32,38,273,ADC,1246,388,5,2,"
24.0980,terug,-250,MM0 ?A
24.0980,terug,-250,MM1 ?A
24.0980,terug,-250,MM0 A=-7:8
24.0980,terug,-250,MM1 A=-11:8
24.0980,terug,-250,MM0 !M -248 252
24.0980,terug,-250,MM1 !M -248 252
24.0980,terug,-250,MM0 +
24.0980,terug,-250,MM1 +
24.0980,terug,-250,"#19,YAW,2.00,GYRO,-9,-21,-11,ACC,-14,27,261,ADC,1288,384,5,1,"
24.0980,terug,-250,MM0 ?AI
24.0980,terug,-250,MM1 ?AI
24.0980,terug,-250,MM0 AI=0:0:2451:2496:0:0
24.0980,terug,-250,MM1 AI=0:0:2379:2432:0:0
24.0980,terug,-250,"$GPRMC,103659.0,A,5050.50512,N,00419.39263,E,000.17,116.7,021026,000.4,E*56"
24.1185,terug,-250,"#20,YAW,2.00,GYRO,21,51,6,ACC,6,-24,229,ADC,1285,380,7,2,"
24.1185,terug,-250,MM0 ?C
24.1186,terug,-250,MM1 ?C
24.1186,terug,-250,MM0 C=931:-924
24.1186,terug,-250,MM1 C=929:-908
24.1526,terug,-250,"#21,YAW,2.00,GYRO,96,34,6,ACC,-39,-29,174,ADC,1272,499,5,2,"
24.1527,terug,-250,MM0 ?D
24.1527,terug,-250,MM1 ?D
24.1527,terug,-250,MM0 D=18
24.1527,terug,-250,MM1 D=51
24.1527,terug,-250,"#22,YAW,2.00,GYRO,2,-49,-5,ACC,-11,5,285,ADC,1259,413,6,1,"
24.1527,terug,-250,MM0 ?FF
24.1527,terug,-250,MM1 ?FF
24.1527,terug,-250,MM0 FF=0
24.1527,terug,-250,MM1 FF=0
24.1738,terug,-250,"#23,YAW,2.00,GYRO,-1,126,-24,ACC,-21,46,308,ADC,1251,387,6,2,"
24.1738,terug,-250,MM0 ?P
24.1738,terug,-250,MM1 ?P
24.1738,terug,-250,MM0 P=-248:252
24.1738,terug,-250,MM1 P=-248:252
24.1738,terug,-250,MM1 !M -249 251
24.1738,terug,-250,MM0 !M -249 251
24.1738,terug,-250,MM1 +
24.1738,terug,-250,MM0 +
24.2078,terug,-250,MM0 PING
24.2078,terug,-250,MM1 PING
24.2078,terug,-250,"#24,YAW,2.00,GYRO,23,87,9,ACC,-2,2,301,ADC,1252,384,5,2,"
24.2078,terug,-250,MM0 ?S
24.2079,terug,-250,MM1 ?S
24.2079,terug,-250,MM0 S=-225:150
24.2079,terug,-250,MM1 S=-150:150
24.2079,terug,-250,MM0 !M -249 251
24.2079,terug,-250,MM1 !M -249 251
24.2079,terug,-250,MM0 +
24.2079,terug,-250,MM1 +
24.2079,terug,-250,"#25,YAW,2.00,GYRO,56,3,27,ACC,4,-26,146,ADC,1256,499,8,2,"
24.2079,terug,-250,MM0 ?T
24.2079,terug,-250,MM1 ?T
24.2079,terug,-250,MM0 T=34:34
24.2079,terug,-250,MM1 T=35:33
24.2608,terug,-250,"#26,YAW,2.00,GYRO,107,-154,19,ACC,-11,-52,249,ADC,1278,391,5,3,"
24.2608,terug,-250,MM0 ?V
24.2608,terug,-250,MM1 ?V
24.2608,terug,-250,MM0 V=120:222:4904
24.2609,terug,-250,MM1 V=120:217:4898
24.2609,terug,-250,MM1 !M -249 251
24.2609,terug,-250,MM0 !M -249 251
24.2609,terug,-250,MM1 +
24.2609,terug,-250,MM0 +
24.2609,terug,-250,"#27,YAW,2.00,GYRO,-132,-40,0,ACC,-17,39,335,ADC,1227,383,5,2,"
24.2609,terug,-250,MM0 ?CR
24.2609,terug,-250,MM1 ?CR
24.2609,terug,-250,MM0 CR=-52:51
24.2609,terug,-250,MM1 CR=-51:51
24.3119,terug,-250,"#28,YAW,2.00,GYRO,-1,62,13,ACC,12,34,251,ADC,1280,501,6,1,"
24.3119,terug,-250,MM0 ?A
24.3119,terug,-250,MM1 ?A
24.3119,terug,-250,MM0 A=-3:3
24.3119,terug,-250,MM1 A=-3:3
24.3119,terug,-250,"#29,YAW,2.00,GYRO,-31,-60,18,ACC,-5,-10,211,ADC,1231,384,6,2,"
24.3119,terug,-250,MM0 ?AI
24.3119,terug,-250,MM1 ?AI
24.3119,terug,-250,"$GPRMC,103659.2,A,5050.50512,N,00419.39265,E,000.17,116.7,021026,000.4,E*52"
24.3119,terug,-250,MM0 AI=0:0:2452:2471:0:0
24.3119,terug,-250,MM1 AI=0:0:2379:2374:0:0
24.3119,terug,-250,"#30,YAW,2.00,GYRO,-99,50,13,ACC,22,0,300,ADC,1276,402,9,2,"
24.3119,terug,-250,MM0 ?C
24.3119,terug,-250,MM1 ?C
24.3119,terug,-250,MM0 C=877:-870
24.3119,terug,-250,MM1 C=876:-856
24.3628,terug,-250,"#31,YAW,2.00,GYRO,-147,216,20,ACC,19,32,346,ADC,1276,405,4,1,"
24.3629,terug,-250,MM0 ?D
24.3629,terug,-250,MM0 D=41
24.3629,terug,-250,MM1 ?D
24.3629,terug,-250,MM1 D=33
24.3629,terug,-250,MM0 !M -248 252
24.3629,terug,-250,MM1 !M -248 252
24.3629,terug,-250,MM0 +
24.3629,terug,-250,MM1 +
24.3629,terug,-250,MM1 PING
24.3629,terug,-250,MM0 PING
24.3629,terug,-250,"#32,YAW,2.00,GYRO,145,414,-18,ACC,25,-68,165,ADC,1258,398,5,1,"
24.3630,terug,-250,MM0 ?FF
24.3630,terug,-250,MM1 ?FF
24.3630,terug,-250,MM0 FF=0
24.3630,terug,-250,MM1 FF=0
24.4140,terug,-250,"#33,YAW,2.00,GYRO,-21,200,-19,ACC,-10,-8,140,ADC,1263,389,5,2,"
24.4140,terug,-250,MM0 ?P
24.4140,terug,-250,MM1 ?P
24.4140,terug,-250,MM0 P=-248:252
24.4140,terug,-250,MM1 P=-248:252
24.4140,terug,-250,MM0 !M -248 252
24.4140,terug,-250,MM1 !M -248 252
24.4140,terug,-250,MM0 +
24.4140,terug,-250,MM1 +
24.4140,terug,-250,MM0 PING
24.4140,terug,-250,MM1 PING
24.4140,terug,-250,"#34,YAW,2.00,GYRO,50,-155,-19,ACC,-37,10,154,ADC,1251,500,6,2,"
24.4140,terug,-250,MM0 ?S
24.4140,terug,-250,MM1 ?S
24.4140,terug,-250,MM0 S=-150:150
24.4140,terug,-250,MM1 S=-225:225
24.4140,terug,-250,"#35,YAW,2.00,GYRO,-6,-227,-36,ACC,25,21,476,ADC,1232,382,5,2,"
24.4140,terug,-250,MM0 ?T
24.4140,terug,-250,MM1 ?T
24.4140,terug,-250,MM0 T=34:34
24.4140,terug,-250,MM1 T=36:33
24.4635,terug,-250,"#36,YAW,2.00,GYRO,15,370,-60,ACC,-23,34,220,ADC,1235,384,7,2,"
24.4635,terug,-250,MM0 ?V
24.4635,terug,-250,MM1 ?V
24.4635,terug,-250,MM1 V=120:222:4897
24.4635,terug,-250,MM0 V=120:221:4904
24.4635,terug,-250,MM1 !M -248 252
24.4635,terug,-250,MM0 !M -248 252
24.4635,terug,-250,MM1 +
24.4635,terug,-250,MM0 +
24.4635,terug,-250,MM0 PING
24.4635,terug,-250,MM1 PING
24.4635,terug,-250,"#37,YAW,2.00,GYRO,9,88,-13,ACC,19,9,162,ADC,1229,395,7,2,"
24.4635,terug,-250,MM0 ?CR
24.4635,terug,-250,MM1 ?CR
24.4635,terug,-250,MM0 CR=-54:54
24.4635,terug,-250,MM1 CR=-55:55
24.5129,terug,-250,"#38,YAW,2.00,GYRO,-120,-55,15,ACC,-19,7,269,ADC,1272,384,8,2,"
24.5129,terug,-250,MM0 ?A
24.5129,terug,-250,MM1 ?A
24.5129,terug,-250,MM1 A=-7:7
24.5129,terug,-250,MM0 A=-3:11
24.5129,terug,-250,MM0 !M -249 251
24.5129,terug,-250,MM1 !M -249 251
24.5129,terug,-250,MM0 +
24.5129,terug,-250,MM1 +
24.5129,terug,-250,MM1 PING
24.5129,terug,-250,MM0 PING
24.5129,terug,-250,"#39,YAW,2.00,GYRO,27,-275,16,ACC,-14,-26,197,ADC,1273,402,7,2,"
24.5129,terug,-250,MM0 ?AI
24.5129,terug,-250,MM1 ?AI
24.5129,terug,-250,"$GPRMC,103659.4,A,5050.50512,N,00419.39266,E,000.16,116.7,021026,000.4,E*56"
24.5129,terug,-250,MM0 AI=0:0:2441:2478:0:0
24.5129,terug,-250,MM1 AI=0:0:2365:2398:0:0
24.5129,terug,-250,"#40,YAW,2.01,GYRO,36,-250,-50,ACC,-11,-9,252,ADC,1298,497,8,2,"
24.5130,terug,-250,MM0 ?C
24.5130,terug,-250,MM1 ?C
24.5130,terug,-250,MM0 C=824:-817
24.5130,terug,-250,MM1 C=822:-802
24.5638,terug,-250,"#41,YAW,2.01,GYRO,43,-340,-61,ACC,3,3,218,ADC,1228,384,6,2,"
24.5639,terug,-250,MM0 ?D
24.5639,terug,-250,MM1 ?D
24.5639,terug,-250,MM1 D=18
24.5639,terug,-250,MM0 D=8
24.5639,terug,-250,MM0 !M -250 250
24.5639,terug,-250,MM1 !M -250 250
24.5639,terug,-250,MM0 +
24.5639,terug,-250,MM1 +
24.5639,terug,-250,MM1 PING
24.5639,terug,-250,MM0 PING
24.5639,terug,-250,MM0 !M -250 250
24.5639,terug,-250,MM1 !M -250 250
24.5639,terug,-250,MM0 +
24.5639,terug,-250,MM1 +
24.5639,terug,-250,"#42,YAW,2.01,GYRO,47,48,-56,ACC,31,-20,392,ADC,1303,374,5,2,"
24.5639,terug,-250,MM0 ?FF
24.5639,terug,-250,MM1 ?FF
24.5639,terug,-250,MM0 FF=0
24.5639,terug,-250,MM1 FF=0
24.6031,terug,-250,"#43,YAW,2.01,GYRO,165,350,4,ACC,-13,-20,236,ADC,1261,500,7,2,"
24.6032,terug,-250,MM0 ?P
24.6032,terug,-250,MM1 ?P
24.6032,terug,-250,MM0 P=-250:250
24.6032,terug,-250,MM1 P=-250:250
24.6032,terug,-250,"#44,YAW,2.01,GYRO,77,-129,24,ACC,13,-35,177,ADC,1227,400,3,2,"
24.6032,terug,-250,MM0 ?S
24.6032,terug,-250,MM1 ?S
24.6032,terug,-250,MM0 S=-150:225
24.6032,terug,-250,MM1 S=-225:225
24.6032,terug,-250,MM0 !M -251 249
24.6032,terug,-250,MM1 !M -251 249
24.6216,terug,-250,MM0 +
24.6216,terug,-250,MM1 +
24.6216,terug,-250,"#45,YAW,2.01,GYRO,-113,24,28,ACC,-6,40,379,ADC,1263,388,6,2,"
24.6216,terug,-250,MM0 ?T
24.6216,terug,-250,MM1 ?T
24.6216,terug,-250,MM0 T=34:34
24.6216,terug,-250,MM1 T=35:33
24.6574,terug,-250,"#46,YAW,2.01,GYRO,117,72,3,ACC,-27,-7,289,ADC,1263,387,5,2,"
24.6574,terug,-250,MM0 ?V
24.6574,terug,-250,MM1 ?V
24.6574,terug,-250,MM0 V=120:221:4904
24.6574,terug,-250,MM1 V=120:221:4898
24.6575,terug,-250,"#47,YAW,2.01,GYRO,25,-28,-7,ACC,11,-25,124,ADC,1262,499,4,3,"
24.6575,terug,-250,MM0 ?CR
24.6575,terug,-250,MM1 ?CR
24.6575,terug,-250,MM0 CR=-56:56
24.6575,terug,-250,MM1 CR=-55:55
24.6779,terug,-250,"#48,YAW,2.01,GYRO,-95,-166,-33,ACC,105,-36,302,ADC,1234,487,6,2,"
24.6780,terug,-250,MM0 ?A
24.6780,terug,-250,MM1 ?A
24.6780,terug,-250,MM1 A=-2:4
24.6780,terug,-250,MM0 A=0:4
24.6780,terug,-250,MM0 !M -250 250
24.6780,terug,-250,MM1 !M -250 250
24.6780,terug,-250,MM0 +
24.6780,terug,-250,MM1 +
24.7116,terug,-250,MM0 PING
24.7116,terug,-250,MM1 PING
24.7116,terug,-250,"#49,YAW,2.01,GYRO,-92,54,-30,ACC,28,23,303,ADC,1249,303,5,2,"
24.7116,terug,-250,MM0 ?AI
24.7116,terug,-250,MM1 ?AI
24.7116,terug,-250,"$GPRMC,103659.6,A,5050.50512,N,00419.39268,E,000.16,116.7,021026,000.4,E*5A"
24.7116,terug,-250,MM0 AI=0:0:2471:2481:0:0
24.7116,terug,-250,MM1 AI=0:0:2387:2407:0:0
24.7116,terug,-250,"#50,YAW,2.01,GYRO,15,0,4,ACC,-9,-19,196,ADC,1266,501,7,2,"
24.7116,terug,-250,MM1 ?C
24.7116,terug,-250,MM0 ?C
24.7116,terug,-250,MM0 C=767:-760
24.7116,terug,-250,MM1 C=766:-745
24.7657,terug,-250,"#51,YAW,2.01,GYRO,113,6,26,ACC,-4,-37,112,ADC,1266,498,6,1,"
24.7658,terug,-250,MM0 ?D
24.7658,terug,-250,MM1 ?D
24.7658,terug,-250,MM0 D=59
24.7658,terug,-250,MM1 D=51
24.7658,terug,-250,MM0 !M -250 250
24.7658,terug,-250,MM1 !M -250 250
24.7658,terug,-250,MM0 +
24.7658,terug,-250,MM1 +
24.7658,terug,-250,MM1 PING
24.7658,terug,-250,MM0 PING
24.7658,terug,-250,MM0 !M -251 249
24.7658,terug,-250,MM1 !M -251 249
24.7658,terug,-250,MM0 +
24.7658,terug,-250,MM1 +
24.7658,terug,-250,"#52,YAW,2.01,GYRO,-239,-229,19,ACC,-65,42,602,ADC,1226,345,5,2,"
24.7658,terug,-250,MM0 ?FF
24.7658,terug,-250,MM1 ?FF
24.7658,terug,-250,MM0 FF=0
24.7658,terug,-250,MM1 FF=0
24.7658,terug,-250,"#53,YAW,2.01,GYRO,-103,-190,95,ACC,-17,69,188,ADC,1269,392,4,1,"
24.8165,terug,-250,MM0 ?P
24.8166,terug,-250,MM1 ?P
24.8166,terug,-250,MM0 P=-251:249
24.8166,terug,-250,MM1 P=-251:249
24.8166,terug,-250,"#54,YAW,2.00,GYRO,-51,-132,112,ACC,24,-12,120,ADC,1249,495,6,2,"
24.8166,terug,-250,MM0 ?S
24.8166,terug,-250,MM1 ?S
24.8166,terug,-250,MM0 S=-225:225
24.8166,terug,-250,MM1 S=-225:225
24.8166,terug,-250,"#55,YAW,2.00,GYRO,228,-271,39,ACC,-7,-64,179,ADC,1228,389,5,2,"
24.8166,terug,-250,MM0 ?T
24.8166,terug,-250,MM1 ?T
24.8166,terug,-250,MM0 T=34:34
24.8166,terug,-250,MM1 T=35:33
25.3396,terug,-250,"#56,YAW,2.00,GYRO,137,-186,-6,ACC,-21,57,181,ADC,1304,400,5,2,"
25.3396,terug,-250,MM0 ?V
25.3396,terug,-250,MM1 ?V
25.3396,terug,-250,MM0 V=120:222:4904
25.3396,terug,-250,MM1 V=120:221:4897
25.3396,terug,-250,"#57,YAW,2.00,GYRO,-259,-46,-38,ACC,-2,90,370,ADC,1245,350,7,1,"
25.3396,terug,-250,MM0 !M -250 250
25.3396,terug,-250,MM0 +
25.3396,terug,-250,MM0 PING
25.3396,terug,-250,MM1 !M -250 250
25.3396,terug,-250,MM1 +
25.3396,terug,-250,MM1 PING
25.3396,terug,-250,MM0 ?CR
25.3396,terug,-250,MM1 ?CR
25.3396,terug,-250,MM0 CR=-56:55
25.3396,terug,-250,MM1 CR=-56:55
25.3396,terug,-250,"#58,YAW,2.01,GYRO,147,414,-54,ACC,9,13,254,ADC,1258,422,5,1,"
25.3396,terug,-250,MM0 ?A
25.3396,terug,-250,MM1 ?A
25.3396,terug,-250,MM0 A=-3:4
25.3397,terug,-250,MM1 A=-7:0
25.3397,terug,-250,"#59,YAW,2.01,GYRO,-27,-227,-13,ACC,6,-50,163,ADC,1212,394,6,2,"
25.3397,terug,-250,MM0 ?AI
25.3397,terug,-250,"$GPRMC,103659.8,A,5050.50512,N,00419.39269,E,000.16,116.7,021026,000.4,E*55"
25.3397,terug,-250,MM1 ?AI
25.3397,terug,-250,MM0 AI=0:0:2454:2570:0:0
25.3397,terug,-250,MM1 AI=0:0:2384:2460:0:0
25.3397,terug,-250,MM0 !M -248 252
25.3397,terug,-250,MM1 !M -248 252
25.3397,terug,-250,MM0 +
25.3397,terug,-250,MM1 +
25.3397,terug,-250,MM0 PING
25.3397,terug,-250,MM1 PING
25.3397,terug,-250,MM0 !M -248 252
25.3397,terug,-250,MM1 !M -248 252
25.3397,terug,-250,MM0 +
25.3397,terug,-250,MM1 +
25.3397,terug,-250,"#60,YAW,2.01,GYRO,51,-21,-21,ACC,-19,-5,242,ADC,1259,326,4,1,"
25.3397,terug,-250,MM0 ?C
25.3397,terug,-250,MM1 ?C
25.3397,terug,-250,MM0 C=712:-705
25.3397,terug,-250,MM1 C=711:-690
25.3397,terug,-250,"#61,YAW,2.01,GYRO,-65,129,-12,ACC,-11,32,307,ADC,1240,388,8,2,"
25.3397,terug,-250,MM0 ?D
25.3397,terug,-250,MM1 ?D
25.3397,terug,-250,MM0 D=2
25.3397,terug,-250,MM1 D=2
25.3397,terug,-250,MM0 !M -248 252
25.3397,terug,-250,MM1 !M -248 252
25.3397,terug,-250,MM0 +
25.3397,terug,-250,MM1 +
25.3397,terug,-250,"#62,YAW,2.01,GYRO,-28,187,34,ACC,4,22,196,ADC,1249,293,3,2,"
25.3397,terug,-250,MM0 ?FF
25.3397,terug,-250,MM1 ?FF
25.3397,terug,-250,MM0 FF=0
25.3398,terug,-250,MM1 FF=0
25.3398,terug,-250,"#63,YAW,2.01,GYRO,-74,229,56,ACC,4,11,147,ADC,1237,383,5,2,"
25.3398,terug,-250,MM0 ?P
25.3398,terug,-250,MM1 ?P
25.3398,terug,-250,MM0 P=-248:252
25.3398,terug,-250,MM1 P=-248:252
25.3398,terug,-250,"#64,YAW,2.00,GYRO,-31,337,65,ACC,17,69,235,ADC,1280,499,5,3,"
25.3398,terug,-250,MM0 ?S
25.3398,terug,-250,MM1 ?S
25.3398,terug,-250,MM0 S=-225:225
25.3398,terug,-250,MM1 S=-225:225
25.3398,terug,-250,MM1 !M -248 252
25.3398,terug,-250,MM0 !M -248 252
25.3398,terug,-250,MM1 +
25.3398,terug,-250,MM0 +
25.3398,terug,-250,"#65,YAW,2.01,GYRO,166,237,-24,ACC,31,-67,275,ADC,1253,383,7,2,"
25.3398,terug,-250,MM0 ?T
25.3398,terug,-250,MM1 ?T
25.3398,terug,-250,MM0 T=34:34
25.3398,terug,-250,MM1 T=35:33
25.3398,terug,-250,"#66,YAW,2.01,GYRO,-159,204,-61,ACC,-85,140,359,ADC,1198,381,8,2,"
25.3398,terug,-250,MM0 ?V
25.3398,terug,-250,MM1 ?V
25.3398,terug,-250,MM0 V=120:223:4907
25.3398,terug,-250,MM1 V=120:220:4899
25.3398,terug,-250,"#67,YAW,2.01,GYRO,80,-163,-17,ACC,5,14,-23,ADC,1289,500,6,1,"
25.3398,terug,-250,MM1 ?CR
25.3398,terug,-250,MM0 ?CR
25.3398,terug,-250,MM0 CR=-57:58
25.3398,terug,-250,MM1 CR=-58:58
25.3398,terug,-250,MM0 !M -248 252
25.3398,terug,-250,MM1 !M -248 252
25.3398,terug,-250,MM0 +
25.3398,terug,-250,MM1 +
25.3398,terug,-250,"#68,YAW,2.01,GYRO,-19,98,-29,ACC,-64,13,192,ADC,1279,500,4,2,"
25.3398,terug,-250,MM0 ?A
25.3398,terug,-250,MM1 ?A
25.3398,terug,-250,MM1 A=-3:3
25.3398,terug,-250,MM0 A=0:3
25.3398,terug,-250,"#69,YAW,2.01,GYRO,-193,-179,13,ACC,28,52,434,ADC,1231,388,8,2,"
25.3399,terug,-250,MM1 ?AI
25.3399,terug,-250,MM0 ?AI
25.3399,terug,-250,"$GPRMC,103700.0,A,5050.50512,N,00419.39271,E,000.16,116.7,021026,000.4,E*59"
25.3399,terug,-250,MM0 AI=0:0:2448:2478:0:0
25.3399,terug,-250,MM1 AI=0:0:2377:2369:0:0
25.3399,terug,-250,"#70,YAW,2.01,GYRO,26,256,7,ACC,-13,22,312,ADC,1233,395,5,2,"
25.3399,terug,-250,MM0 ?C
25.3399,terug,-250,MM1 ?C
25.3399,terug,-250,MM0 C=653:-647
25.3399,terug,-250,MM1 C=652:-632
25.3399,terug,-250,"#71,YAW,2.01,GYRO,-83,-204,21,ACC,36,-28,126,ADC,1241,383,5,1,"
25.3399,terug,-250,MM0 ?D
25.3399,terug,-250,MM1 ?D
25.3399,terug,-250,MM0 D=32
25.3399,terug,-250,MM1 D=49
25.3399,terug,-250,MM0 !M -248 252
25.3399,terug,-250,MM1 !M -248 252
25.3399,terug,-250,MM0 +
25.3399,terug,-250,MM1 +
25.3399,terug,-250,MM1 PING
25.3399,terug,-250,MM0 PING
25.3399,terug,-250,"#72,YAW,2.01,GYRO,76,178,-22,ACC,-16,3,241,ADC,1258,388,5,2,"
25.3399,terug,-250,MM0 ?FF
25.3399,terug,-250,MM0 FF=0
25.3399,terug,-250,MM1 ?FF
25.3399,terug,-250,MM1 FF=0
25.3399,terug,-250,MM1 !M -248 252
25.3400,terug,-250,MM0 !M -248 252
25.3400,terug,-250,MM1 +
25.3400,terug,-250,MM0 +
25.3400,terug,-250,"#73,YAW,2.01,GYRO,-99,-13,-30,ACC,-6,38,336,ADC,1227,400,5,2,"
25.3400,terug,-250,MM0 ?P
25.3400,terug,-250,MM1 ?P
25.3400,terug,-250,MM0 P=-248:252
25.3400,terug,-250,MM1 P=-248:252
25.3400,terug,-250,"#74,YAW,2.01,GYRO,46,-58,-22,ACC,4,12,346,ADC,1234,499,5,2,"
25.3400,terug,-250,MM0 ?S
25.3400,terug,-250,MM1 ?S
25.3400,terug,-250,MM0 S=-225:225
25.3400,terug,-250,MM1 S=-225:150
25.3400,terug,-250,MM0 !M -248 252
25.3400,terug,-250,MM1 !M -248 252
25.3400,terug,-250,MM0 +
25.3400,terug,-250,MM1 +
25.3400,terug,-250,"#75,YAW,2.01,GYRO,-4,34,-14,ACC,2,-23,142,ADC,1232,312,6,2,"
25.3400,terug,-250,MM0 ?T
25.3400,terug,-250,MM1 ?T
25.3400,terug,-250,MM0 T=34:34
25.3400,terug,-250,MM1 T=35:33
25.3400,terug,-250,"#76,YAW,2.01,GYRO,176,46,-15,ACC,-12,-20,174,ADC,1235,385,6,2,"
25.3401,terug,-250,MM0 ?V
25.3401,terug,-250,MM1 ?V
25.3401,terug,-250,MM0 V=120:222:4905
25.3401,terug,-250,MM1 V=120:221:4899
25.3401,terug,-250,"#77,YAW,2.01,GYRO,-75,-36,-24,ACC,16,11,326,ADC,1284,400,5,2,"
25.3401,terug,-250,MM0 ?CR
25.3401,terug,-250,MM1 ?CR
25.3401,terug,-250,MM0 CR=-59:57
25.3401,terug,-250,MM1 CR=-56:57
25.3401,terug,-250,"#78,YAW,2.01,GYRO,99,130,4,ACC,14,37,379,ADC,1259,501,4,2,"
25.3401,terug,-250,MM0 ?A
25.3401,terug,-250,MM1 ?A
25.3401,terug,-250,MM1 A=-3:3
25.3401,terug,-250,MM0 A=0:3
25.3401,terug,-250,"#79,YAW,2.01,GYRO,12,-37,25,ACC,6,-22,145,ADC,1265,385,6,2,"
25.3401,terug,-250,MM0 !M -248 252
25.3401,terug,-250,MM0 +
25.3401,terug,-250,MM1 !M -248 252
25.3401,terug,-250,MM1 +
25.3401,terug,-250,MM0 PING
25.3401,terug,-250,MM1 PING
25.3401,terug,-250,MM1 ?AI
25.3401,terug,-250,MM0 ?AI
25.3401,terug,-250,MM0 AI=0:0:2471:2460:0:0
25.3401,terug,-250,MM1 AI=0:0:2372:2399:0:0
25.3401,terug,-250,"$GPRMC,103700.2,A,5050.50512,N,00419.39272,E,000.16,116.7,021026,000.4,E*58"
25.3401,terug,-250,"#80,YAW,2.01,GYRO,143,-81,21,ACC,-18,-29,155,ADC,1255,325,4,2,"
25.3401,terug,-250,MM0 ?C
25.3401,terug,-250,MM1 ?C
25.3401,terug,-250,MM0 C=595:-590
25.3401,terug,-250,MM1 C=596:-575
25.3401,terug,-250,"#81,YAW,2.01,GYRO,-144,-110,5,ACC,-5,22,370,ADC,1237,502,6,2,"
25.3401,terug,-250,MM1 ?D
25.3401,terug,-250,MM0 ?D
25.3401,terug,-250,MM1 D=32
25.3402,terug,-250,MM0 D=3
25.3402,terug,-250,MM0 !M -248 252
25.3402,terug,-250,MM1 !M -248 252
25.3402,terug,-250,MM0 +
25.3402,terug,-250,MM1 +
25.3402,terug,-250,MM0 PING
25.3402,terug,-250,MM1 PING
25.3727,terug,-250,"#82,YAW,2.01,GYRO,20,63,21,ACC,26,37,241,ADC,1198,379,7,1,"
25.3727,terug,-250,MM1 ?FF
25.3727,terug,-250,MM0 ?FF
25.3727,terug,-250,MM1 FF=0
25.3727,terug,-250,MM0 FF=0
25.3727,terug,-250,"#83,YAW,2.01,GYRO,-35,5,23,ACC,-5,19,197,ADC,1273,499,8,1,"
25.3727,terug,-250,MM1 ?P
25.3727,terug,-250,MM0 ?P
25.3727,terug,-250,MM1 P=-248:252
25.3727,terug,-250,MM0 P=-248:252
25.4271,terug,-250,"#84,YAW,2.01,GYRO,83,-172,-2,ACC,6,-34,191,ADC,1252,499,5,2,"
25.4272,terug,-250,MM1 ?S
25.4272,terug,-250,MM0 ?S
25.4272,terug,-250,MM1 S=-225:150
25.4272,terug,-250,MM0 S=-225:225
25.4272,terug,-250,MM1 !M -248 252
25.4272,terug,-250,MM0 !M -248 252
25.4272,terug,-250,MM1 +
25.4272,terug,-250,MM0 +
25.4272,terug,-250,MM0 PING
25.4272,terug,-250,MM1 PING
25.4272,terug,-250,"#85,YAW,2.01,GYRO,-110,-41,-34,ACC,-23,22,311,ADC,1254,377,7,2,"
25.4272,terug,-250,MM0 !M -250 250
25.4272,terug,-250,MM0 +
25.4272,terug,-250,MM1 !M -250 250
25.4272,terug,-250,MM1 +
25.4272,terug,-250,MM1 ?T
25.4272,terug,-250,MM0 ?T
25.4272,terug,-250,MM1 T=35:33
25.4272,terug,-250,MM0 T=34:34
25.4272,terug,-250,"#86,YAW,2.01,GYRO,-117,-26,-18,ACC,13,43,312,ADC,1248,382,6,2,"
25.4272,terug,-250,MM1 ?V
25.4272,terug,-250,MM0 ?V
25.4606,terug,-250,MM1 V=120:222:4899
25.4607,terug,-250,MM0 V=120:220:4905
25.4607,terug,-250,MM0 !M -250 250
25.4607,terug,-250,MM1 !M -250 250
25.4607,terug,-250,MM0 +
25.4607,terug,-250,MM1 +
25.4607,terug,-250,"#87,YAW,2.01,GYRO,31,-52,-2,ACC,3,-22,189,ADC,1245,384,6,1,"
25.4607,terug,-250,MM1 ?CR
25.4607,terug,-250,MM0 ?CR
25.4607,terug,-250,MM1 CR=-57:56
25.4607,terug,-250,MM0 CR=-57:57
25.4816,terug,-250,"#88,YAW,2.01,GYRO,81,16,-6,ACC,-2,-32,190,ADC,1263,400,5,2,"
25.4816,terug,-250,MM1 ?A
25.4816,terug,-250,MM0 ?A
25.4816,terug,-250,MM1 A=-3:4
25.4816,terug,-250,MM0 A=-3:4
25.5156,terug,-250,"#89,YAW,2.01,GYRO,-7,-73,-1,ACC,-11,25,339,ADC,1272,501,5,2,"
25.5156,terug,-250,MM1 ?AI
25.5156,terug,-250,MM0 ?AI
25.5156,terug,-250,"$GPRMC,103700.4,A,5050.50512,N,00419.39273,E,000.15,116.7,021026,000.4,E*5C"
25.5156,terug,-250,MM1 AI=0:0:2391:2399:0:0
25.5156,terug,-250,MM0 AI=0:0:2450:2452:0:0
25.5156,terug,-250,MM1 !M -251 249
25.5156,terug,-250,MM0 !M -251 249
25.5156,terug,-250,MM1 +
25.5156,terug,-250,MM0 +
25.5156,terug,-250,"#90,YAW,2.01,GYRO,-149,137,10,ACC,5,76,250,ADC,1223,326,3,2,"
25.5156,terug,-250,MM1 ?C
25.5157,terug,-250,MM0 ?C
25.5157,terug,-250,MM1 C=539:-519
25.5157,terug,-250,MM0 C=538:-533
25.5364,terug,-250,"#91,YAW,2.01,GYRO,69,141,12,ACC,17,-7,229,ADC,1229,381,4,2,"
25.5365,terug,-250,MM1 ?D
25.5365,terug,-250,MM0 ?D
25.5365,terug,-250,MM0 D=17
25.5365,terug,-250,MM1 D=2
25.5706,terug,-250,"#92,YAW,2.01,GYRO,-1,-59,13,ACC,0,-36,198,ADC,1248,494,4,1,"
25.5706,terug,-250,MM1 ?FF
25.5706,terug,-250,MM0 ?FF
25.5706,terug,-250,MM1 FF=0
25.5706,terug,-250,MM0 FF=0
25.5706,terug,-250,"#93,YAW,2.01,GYRO,100,-151,-11,ACC,-9,-32,290,ADC,1230,389,7,2,"
25.5707,terug,-250,MM1 ?P
25.5707,terug,-250,MM0 ?P
25.5707,terug,-250,MM1 P=-251:249
25.5707,terug,-250,MM0 P=-251:249
25.6238,terug,-250,"#94,YAW,2.01,GYRO,-77,148,-24,ACC,16,40,260,ADC,1257,501,5,2,"
25.6239,terug,-250,MM1 ?S
25.6239,terug,-250,MM0 ?S
25.6239,terug,-250,MM1 S=-225:225
25.6239,terug,-250,MM0 S=-225:225
25.6239,terug,-250,MM0 !M -251 249
25.6239,terug,-250,MM1 !M -251 249
25.6239,terug,-250,MM0 +
25.6239,terug,-250,MM1 +
25.6239,terug,-250,MM0 PING
25.6239,terug,-250,MM1 PING
25.6239,terug,-250,"#95,YAW,2.01,GYRO,113,163,-12,ACC,9,28,278,ADC,1280,502,7,2,"
25.6239,terug,-250,MM1 ?T
25.6239,terug,-250,MM0 ?T
25.6239,terug,-250,MM1 T=35:33
25.6239,terug,-250,MM0 T=34:34
25.6757,terug,-250,"#96,YAW,2.01,GYRO,42,-13,14,ACC,-12,5,195,ADC,1237,386,4,1,"
25.6757,terug,-250,MM1 ?V
25.6757,terug,-250,MM0 ?V
25.6757,terug,-250,MM1 V=120:221:4898
25.6757,terug,-250,MM0 V=120:223:4906
25.6757,terug,-250,MM0 !M -251 249
25.6758,terug,-250,MM1 !M -251 249
25.6758,terug,-250,MM0 +
25.6758,terug,-250,MM1 +
25.6758,terug,-250,MM1 PING
25.6758,terug,-250,MM0 PING
25.6758,terug,-250,"#97,YAW,2.01,GYRO,13,-43,-1,ACC,-11,-6,224,ADC,1266,323,6,2,"
25.6758,terug,-250,MM1 ?CR
25.6758,terug,-250,MM0 ?CR
25.6758,terug,-250,MM1 CR=-57:57
25.6758,terug,-250,MM0 CR=-57:57
25.6758,terug,-250,MM0 !M -252 248
25.6758,terug,-250,MM1 !M -252 248
25.6758,terug,-250,MM0 +
25.6758,terug,-250,MM1 +
25.6758,terug,-250,"#98,YAW,2.01,GYRO,-81,168,-19,ACC,13,33,295,ADC,1276,402,6,2,"
25.6758,terug,-250,MM1 ?A
25.6758,terug,-250,MM0 ?A
25.6758,terug,-250,MM1 A=-2:4
25.6758,terug,-250,MM0 A=0:0
25.6967,terug,-250,"#99,YAW,2.01,GYRO,67,112,-22,ACC,-6,14,329,ADC,1220,382,4,3,"
25.6968,terug,-250,MM1 ?AI
25.6968,terug,-250,MM0 ?AI
25.6968,terug,-250,"$GPRMC,103700.6,A,5050.50512,N,00419.39275,E,000.15,116.7,021026,000.4,E*58"
25.6968,terug,-250,MM1 AI=0:0:2385:2379:0:0
25.7345,terug,-250,MM0 AI=0:0:2453:2444:0:0
25.7345,terug,-250,"#100,YAW,2.01,GYRO,12,-105,-1,ACC,-2,-13,153,ADC,1244,390,4,2,"
25.7345,terug,-250,MM1 ?C
25.7345,terug,-250,MM0 ?C
25.7345,terug,-250,MM1 C=482:-461
25.7345,terug,-250,MM0 C=481:-476
25.7345,terug,-250,MM1 !M -252 248
25.7345,terug,-250,MM0 !M -252 248
25.7345,terug,-250,MM1 +
25.7345,terug,-250,MM0 +
25.7345,terug,-250,"#101,YAW,2.02,GYRO,35,-114,-17,ACC,2,-5,243,ADC,1252,386,7,1,"
25.7345,terug,-250,MM1 ?D
25.7345,terug,-250,MM0 ?D
25.7346,terug,-250,MM1 D=19
25.7346,terug,-250,MM0 D=56
25.7716,terug,-250,"#102,YAW,2.02,GYRO,-174,63,-13,ACC,11,30,328,ADC,1260,394,6,2,"
25.7717,terug,-250,MM1 ?FF
25.7717,terug,-250,MM0 ?FF
25.7718,terug,-250,MM1 FF=0
25.7718,terug,-250,MM0 FF=0
25.7718,terug,-250,"#103,YAW,2.02,GYRO,34,12,-3,ACC,-1,9,295,ADC,1243,395,5,2,"
25.7718,terug,-250,MM1 ?P
25.7718,terug,-250,MM0 ?P
25.7718,terug,-250,MM1 P=-252:248
25.7718,terug,-250,MM0 P=-252:248
25.7928,terug,-250,"#104,YAW,2.02,GYRO,11,-45,20,ACC,2,-24,138,ADC,1240,382,7,2,"
25.7928,terug,-250,MM1 ?S
25.7928,terug,-250,MM0 ?S
25.7928,terug,-250,MM1 S=-225:225
25.7928,terug,-250,MM0 S=-150:225
25.7928,terug,-250,MM1 !M -252 248
25.7928,terug,-250,MM0 !M -252 248
25.7928,terug,-250,MM1 +
25.7928,terug,-250,MM0 +
25.8268,terug,-250,MM0 PING
25.8268,terug,-250,MM1 PING
25.8268,terug,-250,"#105,YAW,2.02,GYRO,84,-131,5,ACC,-12,-24,249,ADC,1288,405,6,2,"
25.8268,terug,-250,MM0 !M -253 247
25.8268,terug,-250,MM0 +
25.8268,terug,-250,MM1 !M -253 247
25.8268,terug,-250,MM1 +
25.8268,terug,-250,MM0 ?T
25.8268,terug,-250,MM1 ?T
25.8268,terug,-250,MM0 T=34:34
25.8268,terug,-250,MM1 T=35:33
25.8268,terug,-250,"#106,YAW,2.02,GYRO,-170,-114,2,ACC,3,36,380,ADC,1239,390,6,1,"
25.8268,terug,-250,MM1 ?V
25.8268,terug,-250,MM0 ?V
25.8766,terug,-250,MM1 V=120:222:4899
25.8766,terug,-250,MM0 V=120:223:4904
25.8766,terug,-250,"#107,YAW,2.02,GYRO,70,12,21,ACC,4,13,277,ADC,1240,396,4,1,"
25.8767,terug,-250,MM1 ?CR
25.8767,terug,-250,MM0 ?CR
25.8767,terug,-250,MM1 CR=-57:57
25.8767,terug,-250,MM0 CR=-57:57
25.8767,terug,-250,"#108,YAW,2.01,GYRO,28,-34,49,ACC,5,-27,118,ADC,1247,500,5,2,"
25.8767,terug,-250,MM1 ?A
25.8767,terug,-250,MM0 ?A
25.8767,terug,-250,MM1 A=-2:4
25.8767,terug,-250,MM0 A=-2:4
25.9288,terug,-250,"#109,YAW,2.01,GYRO,106,-92,27,ACC,-14,-52,225,ADC,1272,498,6,2,"
25.9289,terug,-250,MM0 ?AI
25.9289,terug,-250,MM1 ?AI
25.9289,terug,-250,"$GPRMC,103700.8,A,5050.50513,N,00419.39276,E,000.14,116.7,021026,000.4,E*55"
25.9289,terug,-250,MM0 AI=0:0:2464:2463:0:0
25.9289,terug,-250,MM1 AI=0:0:2386:2374:0:0
25.9289,terug,-250,MM1 !M -252 248
25.9289,terug,-250,MM0 !M -252 248
25.9289,terug,-250,MM1 +
25.9289,terug,-250,MM0 +
25.9289,terug,-250,MM0 PING
25.9289,terug,-250,MM1 PING
25.9289,terug,-250,"#110,YAW,2.01,GYRO,-190,8,-8,ACC,15,49,400,ADC,1245,303,3,1,"
25.9289,terug,-250,MM1 ?C
25.9289,terug,-250,MM0 ?C
25.9289,terug,-250,MM1 C=425:-406
25.9289,terug,-250,MM0 C=423:-419
25.9289,terug,-250,"#111,YAW,2.01,GYRO,89,149,-34,ACC,9,28,277,ADC,1259,382,8,2,"
25.9289,terug,-250,MM1 ?D
25.9289,terug,-250,MM0 ?D
25.9289,terug,-250,MM0 D=50
25.9289,terug,-250,MM1 D=17
25.9808,terug,-250,"#112,YAW,2.02,GYRO,-22,-63,-15,ACC,10,-21,175,ADC,1216,379,4,2,"
25.9808,terug,-250,MM0 !M -251 249
25.9808,terug,-250,MM0 +
25.9808,terug,-250,MM0 PING
25.9808,terug,-250,MM1 !M -251 249
25.9808,terug,-250,MM1 +
25.9808,terug,-250,MM1 PING
25.9808,terug,-250,MM0 ?FF
25.9809,terug,-250,MM1 ?FF
25.9809,terug,-250,MM0 FF=0
25.9809,terug,-250,MM1 FF=0
25.9809,terug,-250,"#113,YAW,2.02,GYRO,89,-100,-23,ACC,4,-21,196,ADC,1252,384,7,2,"
25.9809,terug,-250,MM0 ?P
25.9809,terug,-250,MM1 ?P
25.9809,terug,-250,MM0 P=-251:249
25.9809,terug,-250,MM1 P=-251:249
26.0279,terug,-250,"#114,YAW,2.02,GYRO,-108,70,-24,ACC,9,28,314,ADC,1261,500,8,2,"
26.0279,terug,-250,MM0 ?S
26.0279,terug,-250,MM1 ?S
26.0279,terug,-250,MM0 S=-225:225
26.0279,terug,-250,MM1 S=-225:150
26.0280,terug,-250,MM0 !M -252 248
26.0280,terug,-250,MM1 !M -252 248
26.0280,terug,-250,MM0 +
26.0280,terug,-250,MM1 +
26.0280,terug,-250,MM0 PING
26.0280,terug,-250,MM1 PING
26.0280,terug,-250,"#115,YAW,2.02,GYRO,18,73,7,ACC,11,22,327,ADC,1265,499,5,1,"
26.0280,terug,-250,MM0 ?T
26.0280,terug,-250,MM1 ?T
26.0280,terug,-250,MM0 T=34:34
26.0280,terug,-250,MM1 T=35:33
26.0280,terug,-250,MM0 !M -252 248
26.0280,terug,-250,MM1 !M -252 248
26.0280,terug,-250,MM0 +
26.0280,terug,-250,MM1 +
26.0280,terug,-250,"#116,YAW,2.02,GYRO,-21,-21,39,ACC,8,-14,191,ADC,1265,399,5,2,"
26.0280,terug,-250,MM0 ?V
26.0280,terug,-250,MM1 ?V
26.0280,terug,-250,MM0 V=120:222:4905
26.0786,terug,-250,MM1 V=120:221:4898
26.0786,terug,-250,"#117,YAW,2.02,GYRO,151,45,27,ACC,2,-48,189,ADC,1246,389,7,2,"
26.0786,terug,-250,MM0 ?CR
26.0786,terug,-250,MM1 ?CR
26.0786,terug,-250,MM0 CR=-58:57
26.0786,terug,-250,MM1 CR=-57:57
26.0786,terug,-250,MM0 !M -253 247
26.0786,terug,-250,MM1 !M -253 247
26.0786,terug,-250,MM0 +
26.0786,terug,-250,MM1 +
26.0786,terug,-250,"#118,YAW,2.02,GYRO,-48,162,-4,ACC,16,0,347,ADC,1271,390,6,2,"
26.0786,terug,-250,MM0 ?A
26.0786,terug,-250,MM1 ?A
26.0786,terug,-250,MM1 A=-2:4
26.0786,terug,-250,MM0 A=0:4
26.0997,terug,-250,"#119,YAW,2.02,GYRO,50,193,3,ACC,11,31,391,ADC,1256,502,6,2,"
26.0997,terug,-250,MM0 ?AI
26.0997,terug,-250,MM1 ?AI
26.0997,terug,-250,MM0 AI=0:0:2475:2474:0:0
26.0998,terug,-250,MM1 AI=0:0:2391:2376:0:0
26.0998,terug,-250,"$GPRMC,103701.0,A,5050.50513,N,00419.39277,E,000.15,116.7,021026,000.4,E*5C"
26.1214,terug,-250,"#120,YAW,2.02,GYRO,28,-85,37,ACC,20,2,134,ADC,1240,390,8,2,"
26.1214,terug,-250,MM0 ?C
26.1214,terug,-250,MM1 ?C
26.1214,terug,-250,MM0 C=365:-362
26.1214,terug,-250,MM1 C=367:-348
26.1214,terug,-250,MM0 !M -252 248
26.1214,terug,-250,MM1 !M -252 248
26.1214,terug,-250,MM0 +
26.1214,terug,-250,MM1 +
26.1424,terug,-250,"#121,YAW,2.01,GYRO,115,-80,14,ACC,-12,-29,145,ADC,1264,402,6,2,"
26.1424,terug,-250,MM0 ?D
26.1424,terug,-250,MM1 ?D
26.1424,terug,-250,MM1 D=32
26.1424,terug,-250,MM0 D=1
26.1765,terug,-250,"#122,YAW,2.02,GYRO,-267,-7,-10,ACC,3,6,334,ADC,1296,387,7,2,"
26.1765,terug,-250,MM0 ?FF
26.1765,terug,-250,MM1 ?FF
26.1765,terug,-250,MM0 FF=0
26.1765,terug,-250,MM1 FF=0
26.1765,terug,-250,"#123,YAW,2.02,GYRO,49,9,11,ACC,16,15,350,ADC,1271,385,5,2,"
26.1765,terug,-250,MM0 ?P
26.1765,terug,-250,MM1 ?P
26.1765,terug,-250,MM0 P=-252:248
26.1765,terug,-250,MM1 P=-252:248
26.1975,terug,-250,"#124,YAW,2.01,GYRO,-97,-18,15,ACC,0,0,178,ADC,1266,393,4,2,"
26.1975,terug,-250,MM0 ?S
26.1975,terug,-250,MM1 ?S
26.1975,terug,-250,MM0 S=-225:225
26.1975,terug,-250,MM1 S=-225:225
26.2185,terug,-250,MM0 !M -252 248
26.2185,terug,-250,MM1 !M -252 248
26.2186,terug,-250,MM0 +
26.2186,terug,-250,MM1 +
26.2186,terug,-250,MM0 PING
26.2186,terug,-250,MM1 PING
26.2186,terug,-250,"#125,YAW,2.02,GYRO,69,46,-16,ACC,3,-21,199,ADC,1263,382,6,2,"
26.2186,terug,-250,MM0 ?T
26.2186,terug,-250,MM1 ?T
26.2186,terug,-250,MM0 T=34:34
26.2186,terug,-250,MM1 T=35:33
26.2391,terug,-250,"#126,YAW,2.02,GYRO,-152,19,-31,ACC,-3,34,284,ADC,1273,499,8,2,"
26.2391,terug,-250,MM0 ?V
26.2391,terug,-250,MM1 ?V
26.2391,terug,-250,MM0 V=120:222:4904
26.2391,terug,-250,MM1 V=120:223:4897
26.2391,terug,-250,MM0 !M -252 248
26.2391,terug,-250,MM1 !M -252 248
26.2391,terug,-250,MM0 +
26.2391,terug,-250,MM1 +
26.2765,terug,-250,"#127,YAW,2.02,GYRO,62,-40,-25,ACC,-14,4,402,ADC,1267,390,6,2,"
26.2766,terug,-250,MM0 ?CR
26.2766,terug,-250,MM1 ?CR
26.2766,terug,-250,MM0 CR=-58:57
26.2766,terug,-250,MM1 CR=-58:57
26.2766,terug,-250,"#128,YAW,2.02,GYRO,-1,86,-19,ACC,4,-24,181,ADC,1241,502,5,2,"
26.2766,terug,-250,MM0 ?A
26.2766,terug,-250,MM1 ?A
26.2766,terug,-250,MM1 A=-2:4
26.2766,terug,-250,MM0 A=0:4
26.2993,terug,-250,"#129,YAW,2.02,GYRO,139,-14,-17,ACC,8,-26,154,ADC,1252,384,7,1,"
26.2993,terug,-250,MM0 ?AI
26.2993,terug,-250,MM1 ?AI
26.2993,terug,-250,MM0 AI=0:0:2469:2478:0:0
26.2993,terug,-250,MM1 AI=0:0:2364:2283:0:0
26.2993,terug,-250,"$GPRMC,103701.2,A,5050.50514,N,00419.39278,E,000.17,116.7,021026,000.4,E*54"
26.3389,terug,-250,MM0 !M -253 247
26.3389,terug,-250,MM1 !M -253 247
26.3389,terug,-250,MM0 +
26.3389,terug,-250,MM1 +
26.3389,terug,-250,MM0 PING
26.3389,terug,-250,MM1 PING
26.3389,terug,-250,"#130,YAW,2.02,GYRO,45,3,-8,ACC,-23,26,227,ADC,1228,394,5,2,"
26.3389,terug,-250,MM0 ?C
26.3389,terug,-250,MM1 ?C
26.3389,terug,-250,MM0 C=307:-304
26.3389,terug,-250,MM1 C=310:-291
26.3389,terug,-250,MM1 !M -254 246
26.3389,terug,-250,MM0 !M -254 246
26.3389,terug,-250,MM1 +
26.3389,terug,-250,MM0 +
26.3389,terug,-250,"#131,YAW,2.02,GYRO,4,70,5,ACC,59,22,556,ADC,1276,393,6,2,"
26.3390,terug,-250,MM0 ?D
26.3390,terug,-250,MM1 ?D
26.3390,terug,-250,MM0 D=27
26.3390,terug,-250,MM1 D=3
26.3728,terug,-250,"#132,YAW,2.02,GYRO,76,158,14,ACC,25,-25,181,ADC,1293,502,4,2,"
26.3728,terug,-250,MM0 ?FF
26.3728,terug,-250,MM1 ?FF
26.3728,terug,-250,MM0 FF=0
26.3728,terug,-250,MM1 FF=0
26.3728,terug,-250,"#133,YAW,2.02,GYRO,40,-184,23,ACC,9,-48,135,ADC,1285,504,6,2,"
26.3728,terug,-250,MM0 ?P
26.3728,terug,-250,MM1 ?P
26.3728,terug,-250,MM0 P=-254:246
26.3728,terug,-250,MM1 P=-254:246
26.3963,terug,-250,"#134,YAW,2.02,GYRO,-84,-30,11,ACC,-39,13,297,ADC,1245,500,4,2,"
26.3964,terug,-250,MM0 ?S
26.3964,terug,-250,MM1 ?S
26.3964,terug,-250,MM0 S=-225:150
26.3964,terug,-250,MM1 S=-225:225
26.3964,terug,-250,MM1 !M -254 246
26.4307,terug,-250,MM0 !M -254 246
26.4307,terug,-250,MM1 +
26.4307,terug,-250,MM0 +
26.4307,terug,-250,MM0 PING
26.4307,terug,-250,MM1 PING
26.4307,terug,-250,"#135,YAW,2.02,GYRO,-90,-53,33,ACC,45,38,471,ADC,1219,331,6,1,"
26.4307,terug,-250,MM0 ?T
26.4307,terug,-250,MM1 ?T
26.4307,terug,-250,MM0 T=34:34
26.4307,terug,-250,MM1 T=35:33
26.4307,terug,-250,"#136,YAW,2.02,GYRO,42,51,33,ACC,24,-14,206,ADC,1294,502,7,2,"
26.4307,terug,-250,MM0 ?V
26.4307,terug,-250,MM1 ?V
26.4307,terug,-250,MM0 V=120:222:4905
26.4308,terug,-250,MM1 V=120:221:4898
26.4840,terug,-248,"#137,YAW,2.02,GYRO,62,-305,3,ACC,18,-21,198,ADC,1254,402,4,2,"
26.4840,terug,-248,MM0 ?CR
26.4840,terug,-248,MM1 ?CR
26.4840,terug,-248,MM0 CR=-58:57
26.4840,terug,-248,MM1 CR=-57:57
26.4840,terug,-248,MM0 !M -254 246
26.4840,terug,-248,MM1 !M -254 246
26.4840,terug,-248,MM0 +
26.4840,terug,-248,MM1 +
26.4840,terug,-248,MM0 PING
26.4840,terug,-248,MM1 PING
26.4840,terug,-248,"#138,YAW,2.02,GYRO,-97,50,-29,ACC,26,0,312,ADC,1261,398,7,1,"
26.4840,terug,-248,MM0 ?A
26.4840,terug,-248,MM1 ?A
26.4840,terug,-248,MM0 A=-2:4
26.4840,terug,-248,MM1 A=-6:4
26.5418,terug,-234,"#139,YAW,2.02,GYRO,-137,-109,-3,ACC,11,10,421,ADC,1273,393,7,2,"
26.5418,terug,-234,MM0 ?AI
26.5418,terug,-234,MM1 ?AI
26.5419,terug,-234,"$GPRMC,103701.4,A,5050.50515,N,00419.39279,E,000.19,116.7,021026,000.4,E*5C"
26.5419,terug,-234,MM0 AI=0:0:2483:2489:0:0
26.5419,terug,-234,MM1 AI=0:0:2334:2346:0:0
26.5419,terug,-234,MM0 !M -251 245
26.5419,terug,-234,MM1 !M -251 245
26.5419,terug,-234,MM1 +
26.5419,terug,-234,MM0 +
26.5419,terug,-234,MM0 PING
26.5419,terug,-234,MM1 PING
26.5419,terug,-234,"#140,YAW,2.02,GYRO,49,0,4,ACC,12,-37,168,ADC,1219,362,5,2,"
26.5419,terug,-234,MM0 ?C
26.5419,terug,-234,MM1 ?C
26.5419,terug,-234,MM0 C=250:-248
26.5419,terug,-234,MM1 C=253:-234
26.5419,terug,-234,"#141,YAW,2.02,GYRO,89,-10,-2,ACC,-4,-43,141,ADC,1279,391,6,1,"
26.5419,terug,-234,MM0 ?D
26.5419,terug,-234,MM1 ?D
26.5419,terug,-234,MM0 D=49
26.5419,terug,-234,MM1 D=25
26.5765,terug,-234,"#142,YAW,2.02,GYRO,-2,-6,-14,ACC,-1,13,265,ADC,1258,385,4,2,"
26.5765,terug,-234,MM0 ?FF
26.5766,terug,-234,MM1 ?FF
26.5766,terug,-234,MM0 FF=0
26.5766,terug,-234,MM1 FF=0
26.5766,terug,-234,MM0 !M -244 238
26.5766,terug,-234,MM1 !M -244 238
26.5766,terug,-234,MM0 +
26.5766,terug,-234,MM1 +
26.5766,terug,-234,MM0 PING
26.5766,terug,-234,MM1 PING
26.5766,terug,-234,"#143,YAW,2.02,GYRO,-121,139,-9,ACC,25,61,465,ADC,1275,389,4,2,"
26.5766,terug,-234,MM0 ?P
26.5766,terug,-234,MM1 ?P
26.5766,terug,-234,MM0 P=-244:238
26.5766,terug,-234,MM1 P=-244:238
26.5997,terug,-224,"#144,YAW,2.02,GYRO,47,96,-7,ACC,21,-17,200,ADC,1255,499,7,1,"
26.5997,terug,-224,MM0 ?S
26.5997,terug,-224,MM1 ?S
26.5997,terug,-224,MM0 S=-225:225
26.5997,terug,-224,MM1 S=-225:225
26.5997,terug,-224,MM0 !M -238 230
26.5997,terug,-224,MM1 !M -238 230
26.5997,terug,-224,MM0 +
26.5998,terug,-224,MM1 +
26.6337,terug,-224,MM1 PING
26.6337,terug,-224,MM0 PING
26.6337,terug,-224,"#145,YAW,2.02,GYRO,5,-105,7,ACC,3,-34,126,ADC,1274,367,6,2,"
26.6337,terug,-224,MM0 ?T
26.6337,terug,-224,MM1 ?T
26.6337,terug,-224,MM0 T=35:34
26.6337,terug,-224,MM1 T=35:33
26.6337,terug,-224,"#146,YAW,2.02,GYRO,43,-117,-2,ACC,39,-35,237,ADC,1231,502,6,1,"
26.6337,terug,-224,MM0 ?V
26.6337,terug,-224,MM1 ?V
26.6337,terug,-224,MM0 V=120:223:4904
26.6338,terug,-224,MM1 V=120:222:4897
26.6863,terug,-217,"#147,YAW,2.02,GYRO,-81,239,-15,ACC,15,11,395,ADC,1260,496,7,1,"
26.6863,terug,-217,MM0 ?CR
26.6864,terug,-217,MM1 ?CR
26.6864,terug,-217,MM0 CR=-57:56
26.6864,terug,-217,MM1 CR=-57:56
26.6864,terug,-217,MM1 !M -228 220
26.6864,terug,-217,MM0 !M -228 220
26.6864,terug,-217,MM0 +
26.6864,terug,-217,MM1 +
26.6864,terug,-217,MM0 PING
26.6864,terug,-217,MM1 PING
26.6864,terug,-217,MM0 !M -221 213
26.6864,terug,-217,MM1 !M -221 213
26.6864,terug,-217,MM0 +
26.6864,terug,-217,MM1 +
26.6864,terug,-217,"#148,YAW,2.02,GYRO,106,41,1,ACC,27,-2,194,ADC,1244,336,3,2,"
26.6864,terug,-217,MM0 ?A
26.6864,terug,-217,MM1 ?A
26.6864,terug,-217,MM0 A=0:0
26.6864,terug,-217,MM1 A=0:0
26.6864,terug,-217,"#149,YAW,2.02,GYRO,-34,-9,16,ACC,14,5,222,ADC,1245,499,5,2,"
26.6864,terug,-217,MM0 ?AI
26.7418,terug,-202,MM1 ?AI
26.7419,terug,-202,MM0 AI=0:0:2504:2481:0:0
26.7419,terug,-202,MM1 AI=0:0:2370:2386:0:0
26.7419,terug,-202,"$GPRMC,103701.6,A,5050.50516,N,00419.39280,E,000.22,116.7,021026,000.4,E*53"
26.7419,terug,-202,"#150,YAW,2.02,GYRO,122,10,14,ACC,5,-4,220,ADC,1275,495,7,2,"
26.7419,terug,-202,MM0 ?C
26.7419,terug,-202,MM1 ?C
26.7419,terug,-202,MM0 C=194:-193
26.7419,terug,-202,MM1 C=197:-179
26.7419,terug,-202,MM1 !M -213 205
26.7419,terug,-202,MM0 !M -213 205
26.7419,terug,-202,MM1 +
26.7419,terug,-202,MM0 +
26.7419,terug,-202,"#151,YAW,2.02,GYRO,-148,125,7,ACC,25,39,352,ADC,1258,295,5,2,"
26.7419,terug,-202,MM0 ?D
26.7420,terug,-202,MM1 ?D
26.7420,terug,-202,MM0 D=17
26.7420,terug,-202,MM1 D=3
26.7798,terug,-202,"#152,YAW,2.02,GYRO,132,129,-7,ACC,21,-4,245,ADC,1236,500,8,2,"
26.7798,terug,-202,MM0 ?FF
26.7798,terug,-202,MM1 ?FF
26.7798,terug,-202,MM0 FF=0
26.7798,terug,-202,MM1 FF=0
26.7798,terug,-202,MM0 !M -206 198
26.7798,terug,-202,MM1 !M -206 198
26.7798,terug,-202,MM0 +
26.7798,terug,-202,MM1 +
26.7798,terug,-202,"#153,YAW,2.02,GYRO,-71,-62,-8,ACC,16,-5,253,ADC,1255,384,5,2,"
26.7798,terug,-202,MM0 ?P
26.7798,terug,-202,MM1 ?P
26.7798,terug,-202,MM0 P=-206:198
26.7799,terug,-202,MM1 P=-206:198
26.8006,terug,-194,"#154,YAW,2.02,GYRO,127,-32,-32,ACC,-1,-14,211,ADC,1278,403,5,1,"
26.8006,terug,-194,MM0 ?S
26.8006,terug,-194,MM1 ?S
26.8006,terug,-194,MM0 S=-150:150
26.8006,terug,-194,MM1 S=-150:150
26.8345,terug,-194,"#155,YAW,2.02,GYRO,-100,15,-21,ACC,36,23,243,ADC,1234,502,6,1,"
26.8345,terug,-194,MM0 ?T
26.8345,terug,-194,MM1 ?T
26.8346,terug,-194,MM0 T=34:34
26.8346,terug,-194,MM1 T=35:33
26.8346,terug,-194,MM0 !M -199 189
26.8346,terug,-194,MM1 !M -199 189
26.8346,terug,-194,MM0 +
26.8346,terug,-194,MM1 +
26.8346,terug,-194,"#156,YAW,2.02,GYRO,45,31,-9,ACC,12,9,406,ADC,1282,499,6,2,"
26.8346,terug,-194,MM0 ?V
26.8346,terug,-194,MM1 ?V
26.8346,terug,-194,MM0 V=120:224:4905
26.8346,terug,-194,MM1 V=120:221:4897
26.8890,terug,-186,"#157,YAW,2.02,GYRO,-87,-29,31,ACC,15,1,207,ADC,1255,385,6,2,"
26.8890,terug,-186,MM0 ?CR
26.8890,terug,-186,MM1 ?CR
26.8890,terug,-186,MM0 CR=-53:52
26.8890,terug,-186,MM1 CR=-51:52
26.8890,terug,-186,"#158,YAW,2.02,GYRO,68,-37,34,ACC,19,-24,157,ADC,1230,391,5,2,"
26.8891,terug,-186,MM0 ?A
26.8891,terug,-186,MM0 A=0:0
26.8891,terug,-186,MM1 ?A
26.8891,terug,-186,MM1 A=0:0
26.8891,terug,-186,MM0 !M -192 180
26.8891,terug,-186,MM1 !M -192 180
26.8891,terug,-186,MM0 +
26.8891,terug,-186,MM1 +
26.8891,terug,-186,"#159,YAW,2.02,GYRO,59,-14,13,ACC,-10,-18,240,ADC,1243,500,4,1,"
26.8891,terug,-186,MM0 ?AI
26.8891,terug,-186,MM1 ?AI
26.8891,terug,-186,MM0 AI=0:0:2470:2470:0:0
26.9418,terug,-177,MM1 AI=0:0:2374:2374:0:0
26.9418,terug,-177,"$GPRMC,103701.8,A,5050.50518,N,00419.39280,E,000.24,116.7,021026,000.4,E*55"
26.9418,terug,-177,"#160,YAW,2.02,GYRO,-110,-93,15,ACC,13,40,356,ADC,1230,389,3,1,"
26.9418,terug,-177,MM0 ?C
26.9418,terug,-177,MM1 ?C
26.9418,terug,-177,MM0 C=143:-143
26.9419,terug,-177,MM1 C=148:-129
26.9419,terug,-177,MM0 !M -181 173
26.9419,terug,-177,MM1 !M -181 173
26.9419,terug,-177,MM0 +
26.9419,terug,-177,MM1 +
26.9419,terug,-177,"#161,YAW,2.02,GYRO,59,19,15,ACC,18,14,263,ADC,1223,411,5,3,"
26.9420,terug,-177,MM0 ?D
26.9420,terug,-177,MM1 ?D
26.9420,terug,-177,MM0 D=50
26.9420,terug,-177,MM1 D=1
26.9902,terug,-172,"#162,YAW,2.02,GYRO,-98,-56,53,ACC,23,-4,217,ADC,1229,502,5,1,"
26.9902,terug,-172,MM0 ?FF
26.9902,terug,-172,MM1 ?FF
26.9902,terug,-172,MM0 FF=0
26.9902,terug,-172,MM1 FF=0
26.9902,terug,-172,"#163,YAW,2.02,GYRO,90,-11,26,ACC,16,-41,213,ADC,1279,500,4,2,"
26.9902,terug,-172,MM0 ?P
26.9902,terug,-172,MM1 ?P
26.9902,terug,-172,MM0 P=-181:173
26.9903,terug,-172,MM1 P=-181:173
26.9903,terug,-172,MM0 !M -176 168
26.9903,terug,-172,MM1 !M -176 168
26.9903,terug,-172,MM0 +
26.9903,terug,-172,MM1 +
26.9903,terug,-172,"#164,YAW,2.02,GYRO,11,-64,11,ACC,3,-10,221,ADC,1245,398,6,2,"
26.9903,terug,-172,MM0 ?S
26.9903,terug,-172,MM1 ?S
26.9903,terug,-172,MM0 S=-150:150
26.9903,terug,-172,MM1 S=-150:150
27.0397,terug,-163,"#165,YAW,2.02,GYRO,-34,61,-17,ACC,28,32,317,ADC,1250,385,6,1,"
27.0397,terug,-163,MM0 ?T
27.0397,terug,-163,MM1 ?T
27.0397,terug,-163,MM0 T=35:34
27.0398,terug,-163,MM1 T=36:33
27.0398,terug,-163,MM0 !M -167 159
27.0398,terug,-163,MM1 !M -167 159
27.0398,terug,-163,MM0 +
27.0398,terug,-163,MM1 +
27.0398,terug,-163,"#166,YAW,2.02,GYRO,9,83,-27,ACC,15,20,293,ADC,1257,392,8,2,"
27.0398,terug,-163,MM0 ?V
27.0398,terug,-163,MM1 ?V
27.0398,terug,-163,MM0 V=120:223:4905
27.0398,terug,-163,MM1 V=120:221:4897
27.0609,terug,-153,"#167,YAW,2.02,GYRO,-35,-44,-10,ACC,24,2,251,ADC,1229,383,7,1,"
27.0609,terug,-153,MM0 ?CR
27.0609,terug,-153,MM1 ?CR
27.0609,terug,-153,MM0 CR=-45:45
27.0609,terug,-153,MM1 CR=-45:44
27.0954,terug,-143,"#168,YAW,2.02,GYRO,17,-14,-10,ACC,20,-26,226,ADC,1278,395,4,2,"
27.0954,terug,-143,MM0 ?A
27.0954,terug,-143,MM1 ?A
27.0954,terug,-143,MM0 A=0:0
27.0954,terug,-143,MM1 A=0:0
27.0954,terug,-143,MM0 !M -158 148
27.0954,terug,-143,MM1 !M -158 148
27.0955,terug,-143,MM0 +
27.0955,terug,-143,MM1 +
27.0955,terug,-143,"#169,YAW,2.02,GYRO,68,-2,-15,ACC,3,-16,225,ADC,1233,383,7,2,"
27.0955,terug,-143,MM0 ?AI
27.0955,terug,-143,MM1 ?AI
27.0955,terug,-143,MM0 AI=0:0:2462:2458:0:0
27.0955,terug,-143,MM1 AI=0:0:2394:2401:0:0
27.1308,terug,-143,"$GPRMC,103702.0,A,5050.50519,N,00419.39281,E,000.26,116.7,021026,000.4,E*5C"
27.1308,terug,-143,"#170,YAW,2.02,GYRO,-33,8,-3,ACC,5,30,241,ADC,1246,380,4,2,"
27.1308,terug,-143,MM0 ?C
27.1308,terug,-143,MM1 ?C
27.1308,terug,-143,MM0 C=100:-101
27.1308,terug,-143,MM1 C=105:-87
27.1308,terug,-143,MM1 !M -148 138
27.1308,terug,-143,MM0 !M -148 138
27.1308,terug,-143,MM1 +
27.1309,terug,-143,MM0 +
27.1309,terug,-143,"#171,YAW,2.02,GYRO,-21,79,13,ACC,14,30,282,ADC,1217,381,4,2,"
27.1309,terug,-143,MM0 ?D
27.1309,terug,-143,MM1 ?D
27.1309,terug,-143,MM0 D=41
27.1309,terug,-143,MM1 D=50
27.1505,terug,-139,"#172,YAW,2.02,GYRO,-32,-66,23,ACC,21,0,281,ADC,1223,384,4,2,"
27.1505,terug,-139,MM0 ?FF
27.1505,terug,-139,MM1 ?FF
27.1505,terug,-139,MM0 FF=0
27.1506,terug,-139,MM1 FF=0
27.1847,terug,-139,MM0 !M -144 134
27.1848,terug,-139,MM1 !M -144 134
27.1848,terug,-139,MM0 +
27.1848,terug,-139,MM1 +
27.1848,terug,-139,"#173,YAW,2.02,GYRO,-56,11,21,ACC,14,-19,244,ADC,1286,366,4,2,"
27.1848,terug,-139,MM0 ?P
27.1848,terug,-139,MM1 ?P
27.1848,terug,-139,MM0 P=-144:134
27.1848,terug,-139,MM1 P=-144:134
27.1848,terug,-139,"#174,YAW,2.02,GYRO,1,28,19,ACC,29,-24,243,ADC,1247,383,4,3,"
27.2057,terug,-129,MM0 ?S
27.2057,terug,-129,MM1 ?S
27.2057,terug,-129,MM0 S=-150:150
27.2057,terug,-129,MM1 S=-75:150
27.2057,terug,-129,"#175,YAW,2.02,GYRO,58,28,-5,ACC,10,-16,232,ADC,1271,383,4,1,"
27.2057,terug,-129,MM0 ?T
27.2057,terug,-129,MM1 ?T
27.2398,terug,-129,MM0 T=34:34
27.2398,terug,-129,MM1 T=36:33
27.2398,terug,-129,MM1 !M -133 125
27.2398,terug,-129,MM0 !M -133 125
27.2398,terug,-129,MM1 +
27.2398,terug,-129,MM0 +
27.2398,terug,-129,"#176,YAW,2.02,GYRO,30,-1,-7,ACC,5,13,236,ADC,1227,389,6,3,"
27.2398,terug,-129,MM0 ?V
27.2398,terug,-129,MM1 ?V
27.2398,terug,-129,MM0 V=120:222:4903
27.2398,terug,-129,MM1 V=120:223:4898
27.2934,terug,-117,"#177,YAW,2.02,GYRO,6,77,-5,ACC,20,20,267,ADC,1232,390,5,2,"
27.2934,terug,-117,MM0 ?CR
27.2934,terug,-117,MM1 ?CR
27.2934,terug,-117,MM0 CR=-37:36
27.2934,terug,-117,MM1 CR=-37:37
27.2934,terug,-117,"#178,YAW,2.02,GYRO,19,90,3,ACC,15,3,303,ADC,1221,381,5,2,"
27.2934,terug,-117,MM0 ?A
27.2935,terug,-117,MM1 ?A
27.2935,terug,-117,MM0 A=0:0
27.2935,terug,-117,MM1 A=0:0
27.2935,terug,-117,"#179,YAW,2.02,GYRO,-2,-18,15,ACC,22,-18,223,ADC,1236,498,7,1,"
27.2935,terug,-117,MM0 ?AI
27.2935,terug,-117,MM1 ?AI
27.2935,terug,-117,MM0 AI=0:0:2457:2447:0:0
27.2935,terug,-117,MM1 AI=0:0:2378:2449:0:0
27.3428,terug,-105,"$GPRMC,103702.2,A,5050.50521,N,00419.39282,E,000.28,116.7,021026,000.4,E*58"
27.3428,terug,-105,"#180,YAW,2.02,GYRO,-4,53,15,ACC,27,-4,277,ADC,1257,380,6,2,"
27.3428,terug,-105,MM1 ?C
27.3428,terug,-105,MM0 ?C
27.3428,terug,-105,MM0 C=65:-66
27.3429,terug,-105,MM1 C=70:-52
27.3429,terug,-105,MM0 !M -122 112
27.3429,terug,-105,MM1 !M -122 112
27.3429,terug,-105,MM0 +
27.3429,terug,-105,MM1 +
27.3429,terug,-105,MM0 PING
27.3429,terug,-105,MM1 PING
27.3429,terug,-105,"#181,YAW,2.02,GYRO,13,43,9,ACC,22,3,250,ADC,1249,483,7,2,"
27.3429,terug,-105,MM0 ?D
27.3429,terug,-105,MM1 ?D
27.3429,terug,-105,MM0 D=26
27.3429,terug,-105,MM1 D=1
27.3935,terug,-110,"#182,YAW,2.02,GYRO,39,-77,11,ACC,14,-5,228,ADC,1281,502,5,2,"
27.3936,terug,-110,MM0 ?FF
27.3936,terug,-110,MM1 ?FF
27.3936,terug,-110,MM0 FF=0
27.3936,terug,-110,MM1 FF=0
27.3936,terug,-110,MM0 !M -110 100
27.3936,terug,-110,MM1 !M -110 100
27.3936,terug,-110,MM0 +
27.3936,terug,-110,MM1 +
27.3936,terug,-110,MM0 PING
27.3936,terug,-110,MM1 PING
27.3936,terug,-110,"#183,YAW,2.02,GYRO,6,-18,7,ACC,12,2,222,ADC,1248,381,4,2,"
27.3936,terug,-110,MM0 ?P
27.3936,terug,-110,MM1 ?P
27.3936,terug,-110,MM0 P=-110:100
27.3936,terug,-110,MM1 P=-110:100
27.3936,terug,-110,"#184,YAW,2.02,GYRO,-29,26,4,ACC,14,12,263,ADC,1266,387,5,2,"
27.3936,terug,-110,MM0 ?S
27.3936,terug,-110,MM1 ?S
27.3936,terug,-110,MM1 S=-75:75
27.3936,terug,-110,MM0 S=-150:150
27.4448,terug,-99,"#185,YAW,2.02,GYRO,-12,34,9,ACC,7,3,291,ADC,1215,389,6,1,"
27.4449,terug,-99,MM0 ?T
27.4449,terug,-99,MM1 ?T
27.4449,terug,-99,MM0 T=35:34
27.4449,terug,-99,MM1 T=36:33
27.4449,terug,-99,MM0 !M -115 105
27.4449,terug,-99,MM1 !M -115 105
27.4449,terug,-99,MM0 +
27.4449,terug,-99,MM1 +
27.4449,terug,-99,MM0 PING
27.4449,terug,-99,MM1 PING
27.4449,terug,-99,MM0 !M -104 94
27.4449,terug,-99,MM1 !M -104 94
27.4449,terug,-99,MM0 +
27.4449,terug,-99,MM1 +
27.4449,terug,-99,"#186,YAW,2.02,GYRO,-28,-44,6,ACC,19,-2,242,ADC,1266,333,8,2,"
27.4449,terug,-99,MM0 ?V
27.4449,terug,-99,MM1 ?V
27.4449,terug,-99,MM0 V=120:223:4905
27.4449,terug,-99,MM1 V=120:222:4898
27.4449,terug,-99,"#187,YAW,2.02,GYRO,-15,-4,-14,ACC,15,-4,253,ADC,1263,387,5,1,"
27.4954,terug,-86,MM1 ?CR
27.4954,terug,-86,MM0 ?CR
27.4954,terug,-86,MM1 CR=-29:29
27.4954,terug,-86,MM0 CR=-30:30
27.4954,terug,-86,"#188,YAW,2.02,GYRO,-20,25,-12,ACC,16,2,280,ADC,1219,381,6,2,"
27.4954,terug,-86,MM0 ?A
27.4954,terug,-86,MM1 ?A
27.4954,terug,-86,MM0 A=0:0
27.4954,terug,-86,MM1 A=0:0
27.4954,terug,-86,MM0 !M -91 81
27.4954,terug,-86,MM0 +
27.4954,terug,-86,MM1 !M -91 81
27.4954,terug,-86,MM1 +
27.4954,terug,-86,"#189,YAW,2.02,GYRO,-27,-7,-6,ACC,24,5,238,ADC,1210,381,6,2,"
27.4954,terug,-86,MM1 ?AI
27.4954,terug,-86,MM0 ?AI
27.4955,terug,-86,MM1 AI=0:0:2390:2419:0:0
27.4955,terug,-86,MM0 AI=0:0:2466:2456:0:0
27.5536,terug,-80,"$GPRMC,103702.4,A,5050.50523,N,00419.39282,E,000.30,116.7,021026,000.4,E*55"
27.5537,terug,-80,"#190,YAW,2.02,GYRO,4,-3,-8,ACC,11,-1,236,ADC,1258,413,8,2,"
27.5537,terug,-80,MM0 ?C
27.5537,terug,-80,MM1 ?C
27.5537,terug,-80,MM0 C=38:-39
27.5537,terug,-80,MM1 C=44:-25
27.5537,terug,-80,"#191,YAW,2.02,GYRO,7,10,-6,ACC,13,0,274,ADC,1295,499,8,2,"
27.5537,terug,-80,MM0 ?D
27.5537,terug,-80,MM1 ?D
27.5537,terug,-80,MM0 D=41
27.5537,terug,-80,MM1 D=50
27.5537,terug,-80,MM1 !M -85 75
27.5537,terug,-80,MM0 !M -85 75
27.5537,terug,-80,MM0 +
27.5538,terug,-80,MM1 +
27.5538,terug,-80,"#192,YAW,2.02,GYRO,-10,15,-1,ACC,6,5,260,ADC,1264,395,5,2,"
27.5538,terug,-80,MM1 ?FF
27.5538,terug,-80,MM0 ?FF
27.5538,terug,-80,MM1 FF=0
27.5538,terug,-80,MM0 FF=0
27.5877,terug,-80,"#193,YAW,2.02,GYRO,4,25,-1,ACC,1,4,233,ADC,1288,388,7,2,"
27.5878,terug,-80,MM0 !M -85 75
27.5878,terug,-80,MM0 +
27.5878,terug,-80,MM1 !M -85 75
27.5878,terug,-80,MM1 +
27.5878,terug,-80,MM0 ?P
27.5878,terug,-80,MM1 ?P
27.5878,terug,-80,MM0 P=-85:75
27.5878,terug,-80,MM1 P=-85:75
27.5878,terug,-80,"#194,YAW,2.02,GYRO,-33,14,4,ACC,14,10,274,ADC,1275,501,6,2,"
27.5878,terug,-80,MM0 ?S
27.5878,terug,-80,MM1 ?S
27.5878,terug,-80,MM0 S=-75:75
27.6084,terug,-80,MM1 S=-75:75
27.6084,terug,-80,"#195,YAW,2.02,GYRO,2,-9,5,ACC,11,-5,281,ADC,1241,385,7,1,"
27.6084,terug,-80,MM0 ?T
27.6084,terug,-80,MM1 ?T
27.6084,terug,-80,MM0 T=35:34
27.6084,terug,-80,MM1 T=35:33
27.6438,terug,-80,MM0 !M -85 75
27.6438,terug,-80,MM1 !M -85 75
27.6438,terug,-80,MM0 +
27.6438,terug,-80,MM1 +
27.6438,terug,-80,"#196,YAW,2.02,GYRO,-4,-39,-7,ACC,7,-6,229,ADC,1200,363,6,1,"
27.6439,terug,-80,MM0 ?V
27.6439,terug,-80,MM1 ?V
27.6439,terug,-80,MM0 V=120:223:4901
27.6439,terug,-80,MM1 V=120:222:4897
27.6968,terug,-80,"#197,YAW,2.02,GYRO,3,16,-22,ACC,7,-1,255,ADC,1274,501,4,2,"
27.6968,terug,-80,MM1 ?CR
27.6968,terug,-80,MM0 ?CR
27.6969,terug,-80,MM1 CR=-22:22
27.6969,terug,-80,MM0 CR=-22:21
27.6969,terug,-80,"#198,YAW,2.02,GYRO,12,23,-23,ACC,6,0,270,ADC,1267,387,7,2,"
27.6969,terug,-80,MM1 ?A
27.6969,terug,-80,MM0 ?A
27.6969,terug,-80,MM1 A=0:0
27.6969,terug,-80,MM0 A=0:0
27.6969,terug,-80,MM0 !M -86 74
27.6969,terug,-80,MM1 !M -86 74
27.6969,terug,-80,MM0 +
27.6969,terug,-80,MM1 +
27.6969,terug,-80,"#199,YAW,2.02,GYRO,2,-15,-14,ACC,12,1,260,ADC,1268,384,5,3,"
27.6969,terug,-80,MM0 ?AI
27.6969,terug,-80,MM1 ?AI
27.6969,terug,-80,"$GPRMC,103702.6,A,5050.50525,N,00419.39283,E,000.33,116.7,021026,000.4,E*53"
27.6969,terug,-80,MM0 AI=0:0:2471:2463:0:0
27.7477,terug,-80,MM1 AI=0:0:2365:2361:0:0
27.7477,terug,-80,"#200,YAW,2.02,GYRO,3,18,-1,ACC,11,-2,238,ADC,1260,501,6,2,"
27.7477,terug,-80,MM0 ?C
27.7477,terug,-80,MM1 ?C
27.7477,terug,-80,MM0 C=17:-19
27.7477,terug,-80,MM1 C=24:-6
27.7478,terug,-80,"#201,YAW,2.02,GYRO,5,29,9,ACC,13,3,251,ADC,1238,387,4,2,"
27.7478,terug,-80,MM0 !M -87 73
27.7478,terug,-80,MM0 +
27.7478,terug,-80,MM1 !M -87 73
27.7478,terug,-80,MM1 +
27.7478,terug,-80,MM0 ?D
27.7478,terug,-80,MM1 ?D
27.7478,terug,-80,MM0 D=49
27.7478,terug,-80,MM1 D=24
27.7478,terug,-80,"#202,YAW,2.02,GYRO,9,12,13,ACC,3,-6,252,ADC,1290,400,5,2,"
27.7478,terug,-80,MM0 ?FF
27.7478,terug,-80,MM1 ?FF
27.7478,terug,-80,MM0 FF=0
27.7478,terug,-80,MM1 FF=0
27.7976,terug,-80,"#203,YAW,2.02,GYRO,17,1,13,ACC,4,-13,268,ADC,1295,501,6,2,"
27.7976,terug,-80,MM0 ?P
27.7976,terug,-80,MM1 ?P
27.7977,terug,-80,MM0 P=-87:73
27.7977,terug,-80,MM1 P=-87:73
27.7977,terug,-80,MM0 !M -86 74
27.7977,terug,-80,MM1 !M -86 74
27.7977,terug,-80,MM0 +
27.7977,terug,-80,MM1 +
27.7977,terug,-80,"#204,YAW,2.02,GYRO,17,-1,11,ACC,-1,0,253,ADC,1272,501,3,2,"
27.7977,terug,-80,MM1 ?S
27.7977,terug,-80,MM0 ?S
27.7977,terug,-80,MM0 S=0:75
27.7977,terug,-80,MM1 S=-75:0
27.8485,terug,-80,"#205,YAW,2.02,GYRO,15,7,6,ACC,-10,2,255,ADC,1264,387,4,2,"
27.8485,terug,-80,MM1 ?T
27.8485,terug,-80,MM0 ?T
27.8485,terug,-80,MM0 T=35:34
27.8485,terug,-80,MM1 T=35:33
27.8486,terug,-80,"#206,YAW,2.02,GYRO,10,12,1,ACC,-7,3,254,ADC,1281,499,6,2,"
27.8486,terug,-80,MM0 ?V
27.8486,terug,-80,MM1 ?V
27.8486,terug,-80,MM0 V=120:222:4904
27.8486,terug,-80,MM1 V=120:221:4898
27.8486,terug,-80,MM0 !M -86 74
27.8486,terug,-80,MM1 !M -86 74
27.8486,terug,-80,MM0 +
27.8486,terug,-80,MM1 +
27.8486,terug,-80,"#207,YAW,2.02,GYRO,2,19,0,ACC,-8,-2,249,ADC,1271,397,6,2,"
27.8486,terug,-80,MM1 ?CR
27.8486,terug,-80,MM0 ?CR
27.8486,terug,-80,MM1 CR=-17:16
27.8987,terug,0,MM0 CR=-17:17
27.8988,terug,0,"#208,YAW,2.02,GYRO,7,20,3,ACC,-5,-6,260,ADC,1233,499,7,1,"
27.8988,terug,0,MM1 ?A
27.8988,terug,0,MM0 ?A
27.8988,terug,0,MM1 A=0:0
27.8988,terug,0,MM0 A=0:0
27.8988,terug,0,MM0 !M 0 0
27.8988,terug,0,MM1 !M 0 0
27.8988,terug,0,MM0 +
27.8988,terug,0,MM1 +
27.8988,terug,0,MM1 !M 0 0
27.8988,terug,0,MM0 !M 0 0
27.8988,terug,0,MM1 +
27.8988,terug,0,MM0 +
27.8988,terug,0,"#209,YAW,2.02,GYRO,15,13,-7,ACC,0,-10,268,ADC,1277,500,4,2,"
27.8988,terug,0,MM1 ?AI
27.8989,terug,0,MM0 ?AI
27.8989,terug,0,"$GPRMC,103702.8,A,5050.50527,N,00419.39283,E,000.37,116.7,021026,000.4,E*5B"
27.8989,terug,0,MM1 AI=0:0:2383:2382:0:0
27.8989,terug,0,MM0 AI=0:0:2458:2465:0:0
27.9506,terug,0,"#210,YAW,2.02,GYRO,1,-79,19,ACC,74,-2,236,ADC,1256,388,6,2,"
27.9506,terug,0,MM1 ?C
27.9506,terug,0,MM0 ?C
27.9507,terug,0,MM0 C=2:-4
27.9507,terug,0,MM1 C=9:9
27.9507,terug,0,"#211,YAW,2.02,GYRO,-3,42,-21,ACC,51,1,245,ADC,1247,501,6,2,"
27.9507,terug,0,MM0 ?D
27.9507,terug,0,MM1 ?D
27.9507,terug,0,MM1 D=1
27.9507,terug,0,MM0 D=19
27.9507,terug,0,MM1 !M 0 0
27.9507,terug,0,MM0 !M 0 0
27.9507,terug,0,MM1 +
27.9507,terug,0,MM0 +
27.9507,terug,0,"#212,YAW,2.02,GYRO,15,55,-10,ACC,38,-11,257,ADC,1282,396,5,2,"
27.9507,terug,0,MM0 ?FF
27.9507,terug,0,MM1 ?FF
27.9507,terug,0,MM0 FF=0
27.9507,terug,0,MM1 FF=0
27.9997,terug,0,"#213,YAW,2.03,GYRO,1,-30,-17,ACC,33,1,268,ADC,1270,388,5,2,"
27.9998,terug,0,MM0 ?P
27.9998,terug,0,MM1 ?P
27.9998,terug,0,MM0 P=0:0
27.9998,terug,0,MM1 P=0:0
27.9998,terug,0,MM0 !M 0 0
27.9998,terug,0,MM1 !M 0 0
27.9998,terug,0,MM0 +
27.9998,terug,0,MM1 +
27.9998,terug,0,"#214,YAW,2.03,GYRO,11,43,4,ACC,43,3,236,ADC,1259,386,5,2,"
27.9998,terug,0,MM0 ?S
27.9998,terug,0,MM1 ?S
27.9998,terug,0,MM0 S=0:75
27.9998,terug,0,MM1 S=0:0
28.0496,terug,0,"#215,YAW,2.03,GYRO,-2,-10,-4,ACC,34,1,268,ADC,1278,386,7,2,"
28.0496,terug,0,MM0 ?T
28.0496,terug,0,MM1 ?T
28.0496,terug,0,MM0 T=34:34
28.0496,terug,0,MM1 T=35:33
28.0496,terug,0,"#216,YAW,2.03,GYRO,6,22,2,ACC,29,3,252,ADC,1256,389,4,2,"
28.0496,terug,0,MM0 ?V
28.0496,terug,0,MM1 ?V
28.0496,terug,0,MM1 V=120:221:4897
28.0496,terug,0,MM0 V=120:223:4904
28.0496,terug,0,MM0 !M 0 0
28.0496,terug,0,MM1 !M 0 0
28.0496,terug,0,MM0 +
28.0496,terug,0,MM1 +
28.0496,terug,0,"#217,YAW,2.03,GYRO,1,25,8,ACC,21,0,247,ADC,1236,382,7,2,"
28.0497,terug,0,MM1 ?CR
28.0497,terug,0,MM0 ?CR
28.0497,terug,0,MM1 CR=-8:9
28.0497,terug,0,MM0 CR=-9:8
28.1008,terug,0,"#218,YAW,2.03,GYRO,0,1,12,ACC,12,-1,260,ADC,1284,498,7,2,"
28.1009,terug,0,MM1 ?A
28.1009,terug,0,MM0 ?A
28.1009,terug,0,MM1 A=0:0
28.1009,terug,0,MM0 A=0:0
28.1009,terug,0,MM0 !M 0 0
28.1009,terug,0,MM1 !M 0 0
28.1009,terug,0,MM0 +
28.1009,terug,0,MM1 +
28.1009,terug,0,"#219,YAW,2.03,GYRO,2,11,1,ACC,10,-1,246,ADC,1303,501,4,2,"
28.1009,terug,0,MM1 ?AI
28.1009,terug,0,MM0 ?AI
28.1009,terug,0,MM1 AI=0:0:2375:2405:0:0
28.1009,terug,0,"$GPRMC,103703.0,A,5050.50529,N,00419.39283,E,000.42,116.7,021026,000.4,E*5E"
28.1009,terug,0,MM0 AI=0:0:2468:2462:0:0
28.1496,terug,0,"#220,YAW,2.03,GYRO,-1,4,-8,ACC,13,0,255,ADC,1266,500,7,2,"
28.1496,terug,0,MM0 ?C
28.1496,terug,0,MM1 ?C
28.1496,terug,0,MM0 C=-3:0
28.1496,terug,0,MM1 C=4:14
28.1496,terug,0,"#221,YAW,2.03,GYRO,-1,15,-9,ACC,8,-1,258,ADC,1273,389,5,2,"
28.1497,terug,0,MM1 ?D
28.1497,terug,0,MM0 ?D
28.1497,terug,0,MM0 D=3
28.1497,terug,0,MM1 D=35
28.1497,terug,0,MM0 !M 0 0
28.1497,terug,0,MM1 !M 0 0
28.1497,terug,0,MM1 +
28.1497,terug,0,MM0 +
28.1497,terug,0,"#222,YAW,2.03,GYRO,-2,3,-3,ACC,0,-2,246,ADC,1210,387,5,2,"
28.1497,terug,0,MM1 ?FF
28.1497,terug,0,MM0 ?FF
28.1497,terug,0,MM1 FF=0
28.1497,terug,0,MM0 FF=0
28.2018,terug,0,"#223,YAW,2.03,GYRO,-1,16,11,ACC,0,3,255,ADC,1208,381,5,2,"
28.2018,terug,0,MM1 ?P
28.2018,terug,0,MM0 ?P
28.2018,terug,0,MM1 P=0:0
28.2018,terug,0,MM0 P=0:0
28.2018,terug,0,MM0 !M 0 0
28.2018,terug,0,MM1 !M 0 0
28.2018,terug,0,MM0 +
28.2019,terug,0,MM1 +
28.2019,terug,0,"#224,YAW,2.03,GYRO,-2,9,10,ACC,-4,-1,251,ADC,1244,397,7,2,"
28.2019,terug,0,MM1 ?S
28.2019,terug,0,MM0 ?S
28.2019,terug,0,MM1 S=0:0
28.2019,terug,0,MM0 S=0:0
28.2516,terug,0,"#225,YAW,2.03,GYRO,2,7,16,ACC,-7,1,246,ADC,1283,502,6,2,"
28.2517,terug,0,MM1 ?T
28.2517,terug,0,MM0 ?T
28.2517,terug,0,MM1 T=35:33
28.2517,terug,0,MM0 T=35:34
28.2517,terug,0,"#226,YAW,2.03,GYRO,-1,8,8,ACC,-5,-1,257,ADC,1244,503,5,2,"
28.2517,terug,0,MM1 ?V
28.2518,terug,0,MM0 ?V
28.2518,terug,0,MM1 V=120:222:4899
28.2518,terug,0,MM0 V=120:223:4903
28.2518,terug,0,MM0 !M 0 0
28.2518,terug,0,MM1 !M 0 0
28.2518,terug,0,MM0 +
28.2518,terug,0,MM1 +
28.2518,terug,0,"#227,YAW,2.03,GYRO,-1,6,-11,ACC,-3,2,253,ADC,1286,500,5,1,"
28.2518,terug,0,MM0 ?CR
28.2518,terug,0,MM1 ?CR
28.2518,terug,0,MM1 CR=0:-1
28.2518,terug,0,MM0 CR=1:0
28.3019,terug,0,"#228,YAW,2.03,GYRO,0,7,-25,ACC,-3,-1,246,ADC,1237,389,7,2,"
28.3019,terug,0,MM0 ?A
28.3019,terug,0,MM1 ?A
28.3019,terug,0,MM1 A=0:0
28.3019,terug,0,MM0 A=0:0
28.3019,terug,0,MM0 !M 0 0
28.3019,terug,0,MM1 !M 0 0
28.3019,terug,0,MM0 +
28.3019,terug,0,MM1 +
28.3019,terug,0,"#229,YAW,2.03,GYRO,1,4,-14,ACC,0,1,253,ADC,1241,395,6,1,"
28.3019,terug,0,MM0 ?AI
28.3019,terug,0,MM1 ?AI
28.3020,terug,0,MM0 AI=0:0:2471:2469:0:0
28.3020,terug,0,MM1 AI=0:0:2370:2401:0:0
28.3020,terug,0,"$GPRMC,103703.2,A,5050.50532,N,00419.39284,E,000.43,116.7,021026,000.4,E*50"
28.3526,terug,0,"#230,YAW,2.03,GYRO,0,8,4,ACC,0,-1,257,ADC,1260,385,5,2,"
28.3527,terug,0,MM0 ?C
28.3527,terug,0,MM1 ?C
28.3527,terug,0,MM0 C=-2:0
28.3527,terug,0,MM1 C=5:13
28.3527,terug,0,"#231,YAW,2.03,GYRO,1,4,10,ACC,2,-1,254,ADC,1269,384,5,1,"
28.3527,terug,0,MM0 ?D
28.3527,terug,0,MM1 ?D
28.3527,terug,0,MM1 D=50
28.3527,terug,0,MM0 D=2
28.3527,terug,0,MM1 !M 0 0
28.3527,terug,0,MM1 +
28.3527,terug,0,MM0 !M 0 0
28.3527,terug,0,MM0 +
28.3527,terug,0,"#232,YAW,2.03,GYRO,-1,4,3,ACC,3,-1,253,ADC,1261,390,6,2,"
28.3527,terug,0,MM0 ?FF
28.3527,terug,0,MM1 ?FF
28.3527,terug,0,MM0 FF=0
28.3527,terug,0,MM1 FF=0
28.4028,terug,0,"#233,YAW,2.03,GYRO,1,5,-1,ACC,3,-1,255,ADC,1234,389,7,2,"
28.4029,terug,0,MM0 ?P
28.4029,terug,0,MM1 ?P
28.4029,terug,0,MM0 P=0:0
28.4029,terug,0,MM1 P=0:0
28.4029,terug,0,MM0 !M 0 0
28.4029,terug,0,MM1 !M 0 0
28.4029,terug,0,MM0 +
28.4029,terug,0,MM1 +
28.4029,terug,0,"#234,YAW,2.03,GYRO,1,6,-1,ACC,1,2,257,ADC,1245,383,8,2,"
28.4029,terug,0,MM0 ?S
28.4029,terug,0,MM1 ?S
28.4029,terug,0,MM0 S=0:0
28.4029,terug,0,MM1 S=0:0
28.4536,terug,0,"#235,YAW,2.03,GYRO,1,6,2,ACC,4,1,251,ADC,1248,387,4,2,"
28.4536,terug,0,MM0 ?T
28.4536,terug,0,MM1 ?T
28.4536,terug,0,MM0 T=35:34
28.4537,terug,0,MM1 T=36:33
28.4537,terug,0,"#236,YAW,2.03,GYRO,0,6,1,ACC,4,-1,250,ADC,1257,394,7,2,"
28.4537,terug,0,MM1 ?V
28.4537,terug,0,MM0 ?V
28.4537,terug,0,MM0 V=120:223:4903
28.4537,terug,0,MM1 V=120:222:4900
28.4537,terug,0,MM0 !M 0 0
28.4537,terug,0,MM1 !M 0 0
28.4537,terug,0,MM0 +
28.4537,terug,0,MM1 +
28.4537,terug,0,"#237,YAW,2.03,GYRO,2,6,-3,ACC,3,0,251,ADC,1228,499,6,2,"
28.4537,terug,0,MM0 ?CR
28.4537,terug,0,MM1 ?CR
28.4537,terug,0,MM0 CR=0:0
28.4537,terug,0,MM1 CR=1:0
28.5049,terug,0,"#238,YAW,2.03,GYRO,0,8,-4,ACC,2,-1,254,ADC,1263,404,6,2,"
28.5049,terug,0,MM0 ?A
28.5049,terug,0,MM1 ?A
28.5049,terug,0,MM0 A=0:0
28.5049,terug,0,MM1 A=0:0
28.5050,terug,0,MM0 !M 0 0
28.5050,terug,0,MM1 !M 0 0
28.5050,terug,0,MM0 +
28.5050,terug,0,MM1 +
28.5050,terug,0,"#239,YAW,2.03,GYRO,0,7,3,ACC,1,0,252,ADC,1231,385,5,2,"
28.5050,terug,0,MM0 ?AI
28.5050,terug,0,MM1 ?AI
28.5050,terug,0,MM0 AI=0:0:2466:2467:0:0
28.5050,terug,0,MM1 AI=0:0:2380:2373:0:0
28.5050,terug,0,"$GPRMC,103703.4,A,5050.50534,N,00419.39285,E,000.45,116.7,021026,000.4,E*57"
28.5545,terug,0,"#240,YAW,2.03,GYRO,3,6,2,ACC,1,0,249,ADC,1230,388,6,2,"
28.5545,terug,0,MM0 ?C
28.5545,terug,0,MM1 ?C
28.5545,terug,0,MM0 C=-2:0
28.5545,terug,0,MM1 C=5:13
28.5545,terug,0,"#241,YAW,2.03,GYRO,1,6,0,ACC,1,0,250,ADC,1220,385,4,2,"
28.5545,terug,0,MM0 ?D
28.5545,terug,0,MM1 ?D
28.5546,terug,0,MM1 D=50
28.5546,terug,0,MM0 D=2
28.5546,terug,0,MM0 !M 0 0
28.5546,terug,0,MM1 !M 0 0
28.5546,terug,0,MM0 +
28.5546,terug,0,MM1 +
28.5546,terug,0,"#242,YAW,2.03,GYRO,2,6,0,ACC,6,-1,249,ADC,1209,380,6,3,"
28.5546,terug,0,MM0 ?FF
28.5546,terug,0,MM1 ?FF
28.5546,terug,0,MM0 FF=0
28.5546,terug,0,MM1 FF=0
28.6048,terug,0,"#243,YAW,2.03,GYRO,0,6,0,ACC,0,2,253,ADC,1259,382,5,2,"
28.6048,terug,0,MM0 ?P
28.6048,terug,0,MM1 ?P
28.6048,terug,0,MM0 P=0:0
28.6048,terug,0,MM1 P=0:0
28.6048,terug,0,MM0 !M 0 0
28.6048,terug,0,MM1 !M 0 0
28.6048,terug,0,MM0 +
28.6048,terug,0,MM1 +
28.6048,terug,0,"#244,YAW,2.03,GYRO,2,7,0,ACC,1,1,253,ADC,1286,330,4,3,"
28.6049,terug,0,MM0 ?S
28.6049,terug,0,MM1 ?S
28.6049,terug,0,MM0 S=0:0
28.6049,terug,0,MM1 S=0:0
28.6049,terug,0,"#245,YAW,2.03,GYRO,0,6,1,ACC,3,0,253,ADC,1297,492,7,2,"
28.6049,terug,0,MM0 ?T
28.6566,terug,0,MM1 ?T
28.6567,terug,0,MM0 T=35:34
28.6567,terug,0,MM1 T=35:33
28.6567,terug,0,"#246,YAW,2.03,GYRO,0,3,-1,ACC,2,0,253,ADC,1246,500,6,2,"
28.6567,terug,0,MM0 ?V
28.6567,terug,0,MM1 ?V
28.6567,terug,0,MM0 V=120:223:4902
28.6567,terug,0,MM1 V=120:222:4900
28.6567,terug,0,MM1 !M 0 0
28.6568,terug,0,MM0 !M 0 0
28.6568,terug,0,MM1 +
28.6568,terug,0,MM0 +
28.6568,terug,0,"#247,YAW,2.03,GYRO,2,6,1,ACC,5,0,254,ADC,1273,385,7,2,"
28.6568,terug,0,MM0 ?CR
28.6568,terug,0,MM1 ?CR
28.6568,terug,0,MM0 CR=0:0
28.6568,terug,0,MM1 CR=0:0
28.7087,terug,0,"#248,YAW,2.03,GYRO,1,5,1,ACC,4,-1,252,ADC,1227,386,6,2,"
28.7087,terug,0,MM0 ?A
28.7087,terug,0,MM1 ?A
28.7087,terug,0,MM0 A=0:0
28.7087,terug,0,MM1 A=0:0
28.7087,terug,0,MM0 !M 0 0
28.7088,terug,0,MM1 !M 0 0
28.7088,terug,0,MM0 +
28.7088,terug,0,MM1 +
28.7088,terug,0,"#249,YAW,2.03,GYRO,0,6,0,ACC,3,-1,255,ADC,1269,373,5,2,"
28.7088,terug,0,MM0 ?AI
28.7088,terug,0,MM1 ?AI
28.7088,terug,0,"$GPRMC,103703.6,A,5050.50537,N,00419.39285,E,000.46,116.7,021026,000.4,E*55"
28.7088,terug,0,MM0 AI=0:0:2463:2462:0:0
28.7088,terug,0,MM1 AI=0:0:2383:2384:0:0
28.7088,terug,0,"#250,YAW,2.03,GYRO,0,7,-1,ACC,2,0,253,ADC,1276,293,5,1,"
28.7088,terug,0,MM0 ?C
28.7088,terug,0,MM1 ?C
28.7088,terug,0,MM0 C=-2:0
28.7572,terug,80,MM1 C=5:13
28.7573,terug,80,"#251,YAW,2.03,GYRO,-1,6,2,ACC,4,-1,250,ADC,1257,393,6,2,"
28.7573,terug,80,MM0 ?D
28.7573,terug,80,MM1 ?D
28.7573,terug,80,MM1 D=50
28.7573,terug,80,MM0 D=2
28.7573,terug,80,MM0 !M 83 -77
28.7573,terug,80,MM1 !M 83 -77
28.7573,terug,80,MM0 +
28.7573,terug,80,MM1 +
28.7573,terug,80,"#252,YAW,2.03,GYRO,1,5,1,ACC,6,1,253,ADC,1294,502,9,3,"
28.7573,terug,80,MM0 ?FF
28.7573,terug,80,MM1 ?FF
28.7573,terug,80,MM0 FF=0
28.7573,terug,80,MM1 FF=0
28.8399,terug,0,"#253,YAW,2.03,GYRO,-1,-6,3,ACC,0,12,300,ADC,1297,502,4,2,"
28.8399,terug,0,MM0 ?P
28.8399,terug,0,MM1 ?P
28.8399,terug,0,MM0 P=83:-77
28.8399,terug,0,MM1 P=83:-77
28.8399,terug,0,"#254,YAW,2.03,GYRO,-7,-33,-1,ACC,31,-2,253,ADC,1288,490,6,2,"
28.8400,terug,0,MM0 ?S
28.8400,terug,0,MM1 ?S
28.8400,terug,0,MM0 S=0:0
28.8400,terug,0,MM1 S=75:0
28.8400,terug,0,MM0 !M 83 -77
28.8400,terug,0,MM0 +
28.8400,terug,0,MM1 !M 83 -77
28.8400,terug,0,MM1 +
28.8400,terug,0,"#255,YAW,2.03,GYRO,11,70,-25,ACC,28,0,257,ADC,1235,500,6,1,"
28.8400,terug,0,MM0 ?T
28.8400,terug,0,MM1 ?T
28.8400,terug,0,MM0 T=35:34
28.8400,terug,0,MM1 T=35:33
28.8400,terug,0,MM0 !M 0 0
28.8400,terug,0,MM1 !M 0 0
28.8400,terug,0,MM0 +
28.8400,terug,0,MM1 +
28.8400,terug,0,MM0 !M 0 0
28.8400,terug,0,MM1 !M 0 0
28.8400,terug,0,MM0 +
28.8400,terug,0,MM1 +
28.8400,terug,0,"#0,YAW,2.03,GYRO,-24,-32,3,ACC,13,5,281,ADC,1242,394,4,1,"
28.8400,terug,0,MM0 ?V
28.8400,terug,0,MM1 ?V
28.8401,terug,0,MM0 V=120:222:4903
28.8401,terug,0,MM1 V=120:222:4900
28.8889,terug,0,"#1,YAW,2.03,GYRO,15,68,17,ACC,-22,6,238,ADC,1244,501,6,2,"
28.8890,terug,0,MM0 ?CR
28.8890,terug,0,MM1 ?CR
28.8890,terug,0,MM0 CR=3:-3
28.8890,terug,0,MM1 CR=2:-2
28.8890,terug,0,"#2,YAW,2.03,GYRO,-14,-31,19,ACC,-26,0,240,ADC,1227,381,5,2,"
28.8890,terug,0,MM0 ?A
28.8890,terug,0,MM1 ?A
28.8890,terug,0,MM0 A=0:0
28.8890,terug,0,MM1 A=0:0
28.8890,terug,0,MM0 !M 0 0
28.8890,terug,0,MM1 !M 0 0
28.8890,terug,0,MM0 +
28.8890,terug,0,MM1 +
28.8890,terug,0,"#3,YAW,2.03,GYRO,7,55,9,ACC,-24,0,256,ADC,1269,502,8,2,"
28.8890,terug,0,MM0 ?AI
28.8891,terug,0,MM1 ?AI
28.9399,terug,0,"$GPRMC,103703.8,A,5050.50540,N,00419.39285,E,000.47,116.7,021026,000.4,E*5A"
28.9399,terug,0,MM0 AI=0:0:2461:2464:0:0
28.9399,terug,0,MM1 AI=0:0:2385:2381:0:0
28.9399,terug,0,"#4,YAW,2.03,GYRO,-10,-30,10,ACC,-21,-4,255,ADC,1239,388,5,2,"
28.9399,terug,0,MM0 ?C
28.9399,terug,0,MM1 ?C
28.9399,terug,0,MM0 C=1:-4
28.9399,terug,0,MM1 C=8:10
28.9399,terug,0,MM0 !M 0 0
28.9400,terug,0,MM1 !M 0 0
28.9400,terug,0,MM0 +
28.9400,terug,0,MM1 +
28.9400,terug,0,"#5,YAW,2.03,GYRO,1,12,-18,ACC,-21,0,245,ADC,1255,498,4,2,"
28.9400,terug,0,MM0 ?D
28.9400,terug,0,MM1 ?D
28.9400,terug,0,MM1 D=35
28.9400,terug,0,MM0 D=2
28.9909,terug,0,"#6,YAW,2.03,GYRO,0,5,-25,ACC,-11,2,252,ADC,1253,416,5,1,"
28.9909,terug,0,MM0 ?FF
28.9909,terug,0,MM1 ?FF
28.9910,terug,0,MM0 FF=0
28.9910,terug,0,MM1 FF=0
28.9910,terug,0,"#7,YAW,2.03,GYRO,1,-5,-9,ACC,-10,2,248,ADC,1272,386,5,2,"
28.9910,terug,0,MM0 ?P
28.9910,terug,0,MM1 ?P
28.9910,terug,0,MM0 P=0:0
28.9910,terug,0,MM1 P=0:0
28.9910,terug,0,MM0 !M 0 0
28.9910,terug,0,MM1 !M 0 0
28.9910,terug,0,MM0 +
28.9910,terug,0,MM1 +
28.9910,terug,0,"#8,YAW,2.03,GYRO,5,14,6,ACC,-8,0,252,ADC,1235,382,5,1,"
28.9910,terug,0,MM0 ?S
28.9910,terug,0,MM1 ?S
28.9910,terug,0,MM0 S=0:75
28.9910,terug,0,MM1 S=0:0
29.0407,terug,0,"#9,YAW,2.03,GYRO,-2,-5,17,ACC,-5,0,254,ADC,1238,386,6,2,"
29.0407,terug,0,MM0 ?T
29.0408,terug,0,MM1 ?T
29.0408,terug,0,MM0 T=34:34
29.0408,terug,0,MM1 T=35:33
29.0408,terug,0,MM0 !M 0 0
29.0408,terug,0,MM1 !M 0 0
29.0408,terug,0,MM0 +
29.0408,terug,0,MM1 +
29.0408,terug,0,"#10,YAW,2.03,GYRO,2,12,8,ACC,-4,-1,254,ADC,1248,384,5,1,"
29.0408,terug,0,MM0 ?V
29.0408,terug,0,MM1 ?V
29.0408,terug,0,MM0 V=120:223:4903
29.0408,terug,0,MM1 V=120:222:4899
29.0925,terug,0,"#11,YAW,2.03,GYRO,3,4,-8,ACC,1,0,265,ADC,1207,380,5,2,"
29.0925,terug,0,MM0 ?CR
29.0925,terug,0,MM1 ?CR
29.0925,terug,0,MM1 CR=1:-1
29.0925,terug,0,MM0 CR=1:0
29.0925,terug,0,"#12,YAW,2.03,GYRO,1,7,-17,ACC,7,2,245,ADC,1263,390,4,2,"
29.0925,terug,0,MM0 ?A
29.0925,terug,0,MM1 ?A
29.0925,terug,0,MM0 A=0:0
29.0925,terug,0,MM1 A=0:0
29.0926,terug,0,MM1 !M 0 0
29.0926,terug,0,MM0 !M 0 0
29.0926,terug,0,MM1 +
29.0926,terug,0,MM0 +
29.0926,terug,0,"#13,YAW,2.03,GYRO,2,-3,-15,ACC,11,-2,261,ADC,1255,502,6,3,"
29.0926,terug,0,MM0 ?AI
29.0926,terug,0,MM1 ?AI
29.0926,terug,0,MM0 AI=0:0:2456:2462:0:0
29.1417,terug,0,"$GPRMC,103704.0,A,5050.50542,N,00419.39286,E,000.49,116.7,021026,000.4,E*5A"
29.1418,terug,0,MM1 AI=0:0:2391:2385:0:0
29.1418,terug,0,"#14,YAW,2.04,GYRO,1,6,-9,ACC,19,0,257,ADC,1267,498,4,2,"
29.1418,terug,0,MM0 ?C
29.1418,terug,0,MM1 ?C
29.1418,terug,0,MM0 C=2:-3
29.1418,terug,0,MM1 C=8:10
29.1418,terug,0,MM0 !M 0 0
29.1418,terug,0,MM1 !M 0 0
29.1418,terug,0,MM0 +
29.1418,terug,0,MM1 +
29.1418,terug,0,"#15,YAW,2.04,GYRO,1,6,0,ACC,18,0,247,ADC,1262,397,6,2,"
29.1418,terug,0,MM0 ?D
29.1418,terug,0,MM1 ?D
29.1418,terug,0,MM0 D=18
29.1418,terug,0,MM1 D=35
29.1915,terug,0,"#16,YAW,2.04,GYRO,1,6,4,ACC,14,1,253,ADC,1249,384,7,2,"
29.1915,terug,0,MM0 ?FF
29.1915,terug,0,MM1 ?FF
29.1915,terug,0,MM0 FF=0
29.1915,terug,0,MM1 FF=0
29.1915,terug,0,"#17,YAW,2.04,GYRO,0,17,5,ACC,6,0,254,ADC,1261,498,6,2,"
29.1916,terug,0,MM0 ?P
29.1916,terug,0,MM1 ?P
29.1916,terug,0,MM0 P=0:0
29.1916,terug,0,MM1 P=0:0
29.1916,terug,0,MM0 !M 0 0
29.1916,terug,0,MM1 !M 0 0
29.1916,terug,0,MM0 +
29.1916,terug,0,MM1 +
29.1916,terug,0,"#18,YAW,2.04,GYRO,-2,3,9,ACC,-3,-1,253,ADC,1220,382,6,1,"
29.1916,terug,0,MM0 ?S
29.1916,terug,0,MM1 ?S
29.1916,terug,0,MM0 S=0:0
29.1916,terug,0,MM1 S=0:0
29.2427,terug,0,"#19,YAW,2.04,GYRO,2,7,10,ACC,0,0,246,ADC,1228,384,6,2,"
29.2428,terug,0,MM0 ?T
29.2428,terug,0,MM1 ?T
29.2428,terug,0,MM0 T=34:34
29.2428,terug,0,MM1 T=35:33
29.2428,terug,0,MM0 !M 0 0
29.2428,terug,0,MM1 !M 0 0
29.2428,terug,0,MM0 +
29.2428,terug,0,MM1 +
29.2428,terug,0,"#20,YAW,2.04,GYRO,0,5,5,ACC,-1,0,252,ADC,1259,384,5,1,"
29.2428,terug,0,MM0 ?V
29.2428,terug,0,MM1 ?V
29.2428,terug,0,MM0 V=120:223:4905
29.2428,terug,0,MM1 V=120:222:4899
29.2947,terug,0,"#21,YAW,2.04,GYRO,1,8,-3,ACC,-3,-1,253,ADC,1279,503,5,2,"
29.2948,terug,0,MM0 ?CR
29.2948,terug,0,MM1 ?CR
29.2948,terug,0,MM0 CR=0:0
29.2948,terug,0,MM1 CR=0:0
29.2948,terug,0,"#22,YAW,2.04,GYRO,0,4,-5,ACC,-5,1,251,ADC,1263,500,5,2,"
29.2948,terug,0,MM0 ?A
29.2948,terug,0,MM1 ?A
29.2948,terug,0,MM0 A=0:0
29.2948,terug,0,MM1 A=0:0
29.2948,terug,0,MM1 !M 0 0
29.2948,terug,0,MM0 !M 0 0
29.2948,terug,0,MM1 +
29.2948,terug,0,MM0 +
29.2948,terug,0,"#23,YAW,2.04,GYRO,2,5,-2,ACC,-1,-1,252,ADC,1261,500,6,1,"
29.2948,terug,0,MM0 ?AI
29.2948,terug,0,MM1 ?AI
29.2948,terug,0,"$GPRMC,103704.2,A,5050.50545,N,00419.39286,E,000.50,116.7,021026,000.4,E*57"
29.2949,terug,0,MM0 AI=0:0:2486:2469:0:0
29.3440,terug,0,MM1 AI=0:0:2377:2389:0:0
29.3440,terug,0,"#24,YAW,2.04,GYRO,0,8,2,ACC,0,-3,255,ADC,1281,391,4,2,"
29.3440,terug,0,MM0 ?C
29.3440,terug,0,MM1 ?C
29.3440,terug,0,MM0 C=2:-3
29.3440,terug,0,MM1 C=8:10
29.3440,terug,0,MM1 !M 0 0
29.3441,terug,0,MM0 !M 0 0
29.3441,terug,0,MM1 +
29.3441,terug,0,MM0 +
29.3441,terug,0,"#25,YAW,2.04,GYRO,1,3,3,ACC,-3,-3,248,ADC,1275,392,8,2,"
29.3441,terug,0,MM0 ?D
29.3441,terug,0,MM1 ?D
29.3441,terug,0,MM0 D=18
29.3441,terug,0,MM1 D=35
29.3945,terug,0,"#26,YAW,2.04,GYRO,1,6,-3,ACC,3,0,252,ADC,1285,390,4,2,"
29.3946,terug,0,MM0 ?FF
29.3946,terug,0,MM1 ?FF
29.3946,terug,0,MM0 FF=0
29.3946,terug,0,MM1 FF=0
29.3946,terug,0,"#27,YAW,2.04,GYRO,0,7,-7,ACC,5,-1,256,ADC,1246,384,5,1,"
29.3946,terug,0,MM0 ?P
29.3946,terug,0,MM1 ?P
29.3946,terug,0,MM0 P=0:0
29.3946,terug,0,MM1 P=0:0
29.3946,terug,0,MM1 !M 0 0
29.3946,terug,0,MM0 !M 0 0
29.3946,terug,0,MM1 +
29.3946,terug,0,MM0 +
29.3946,terug,0,"#28,YAW,2.04,GYRO,0,7,-3,ACC,1,-1,252,ADC,1280,500,6,2,"
29.3946,terug,0,MM0 ?S
29.3946,terug,0,MM1 ?S
29.3946,terug,0,MM0 S=0:0
29.3946,terug,0,MM1 S=0:0
29.4450,terug,0,"#29,YAW,2.04,GYRO,-1,5,3,ACC,3,1,253,ADC,1269,500,4,2,"
29.4450,terug,0,MM0 ?T
29.4450,terug,0,MM1 ?T
29.4450,terug,0,MM0 T=35:34
29.4450,terug,0,MM1 T=35:33
29.4450,terug,0,MM1 !M 0 0
29.4450,terug,0,MM0 !M 0 0
29.4450,terug,0,MM1 +
29.4450,terug,0,MM0 +
29.4450,terug,0,"#30,YAW,2.04,GYRO,1,5,5,ACC,3,-1,254,ADC,1217,303,7,2,"
29.4450,terug,0,MM0 ?V
29.4450,terug,0,MM1 ?V
29.4450,terug,0,MM0 V=120:223:4903
29.4450,terug,0,MM1 V=120:222:4898
29.4450,terug,0,"#31,YAW,2.04,GYRO,1,7,2,ACC,0,-1,255,ADC,1288,502,6,2,"
29.4451,terug,0,MM0 ?CR
29.4945,terug,0,MM1 ?CR
29.4945,terug,0,MM0 CR=0:0
29.4945,terug,0,MM1 CR=0:0
29.4946,terug,0,"#32,YAW,2.04,GYRO,1,8,1,ACC,-1,-1,250,ADC,1286,500,7,3,"
29.4946,terug,0,MM0 ?A
29.4946,terug,0,MM1 ?A
29.4946,terug,0,MM0 A=0:0
29.4946,terug,0,MM1 A=0:0
29.4946,terug,0,MM0 !M 0 0
29.4946,terug,0,MM1 !M 0 0
29.4946,terug,0,MM0 +
29.4946,terug,0,MM1 +
29.4946,terug,0,"#33,YAW,2.04,GYRO,-1,6,0,ACC,0,0,249,ADC,1227,387,5,1,"
29.4946,terug,0,MM0 ?AI
29.4946,terug,0,MM1 ?AI
29.4946,terug,0,MM0 AI=0:0:2467:2470:0:0
29.4946,terug,0,MM1 AI=0:0:2372:2394:0:0
29.5469,terug,0,"$GPRMC,103704.4,A,5050.50548,N,00419.39286,E,000.49,116.7,021026,000.4,E*54"
29.5469,terug,0,"#34,YAW,2.04,GYRO,0,5,3,ACC,3,-1,254,ADC,1199,381,6,1,"
29.5470,terug,0,MM1 ?C
29.5470,terug,0,MM0 ?C
29.5470,terug,0,MM0 C=2:-3
29.5470,terug,0,MM1 C=8:10
29.5470,terug,0,MM0 !M 0 0
29.5470,terug,0,MM1 !M 0 0
29.5470,terug,0,MM0 +
29.5470,terug,0,MM1 +
29.5470,terug,0,"#35,YAW,2.04,GYRO,-1,6,2,ACC,-2,0,253,ADC,1265,395,4,1,"
29.5470,terug,0,MM0 ?D
29.5470,terug,0,MM1 ?D
29.5470,terug,0,MM0 D=18
29.5470,terug,0,MM1 D=35
29.5470,terug,0,"#36,YAW,2.04,GYRO,1,6,0,ACC,0,-1,254,ADC,1296,500,6,1,"
29.5470,terug,0,MM0 ?FF
29.5470,terug,0,MM1 ?FF
29.5470,terug,0,MM0 FF=0
29.5955,terug,0,MM1 FF=0
29.5955,terug,0,"#37,YAW,2.04,GYRO,0,4,-2,ACC,5,0,254,ADC,1240,386,6,2,"
29.5955,terug,0,MM0 ?P
29.5956,terug,0,MM1 ?P
29.5956,terug,0,MM0 P=0:0
29.5956,terug,0,MM1 P=0:0
29.5956,terug,0,MM0 !M 0 0
29.5956,terug,0,MM1 !M 0 0
29.5956,terug,0,MM0 +
29.5956,terug,0,MM1 +
29.5956,terug,0,"#38,YAW,2.04,GYRO,0,5,-1,ACC,-1,0,249,ADC,1216,386,5,2,"
29.5956,terug,0,MM0 ?S
29.5957,terug,0,MM1 ?S
29.5958,terug,0,MM0 S=0:0
29.5958,terug,0,MM1 S=0:0
29.6469,terug,0,"#39,YAW,2.04,GYRO,1,6,0,ACC,0,0,251,ADC,1239,384,4,1,"
29.6469,terug,0,MM0 ?T
29.6469,terug,0,MM1 ?T
29.6469,terug,0,MM0 T=35:34
29.6469,terug,0,MM1 T=36:33
29.6469,terug,0,MM1 !M 0 0
29.6469,terug,0,MM0 !M 0 0
29.6469,terug,0,MM1 +
29.6469,terug,0,MM0 +
29.6469,terug,0,"#40,YAW,2.04,GYRO,0,6,1,ACC,6,1,258,ADC,1224,259,4,2,"
29.6470,terug,0,MM0 ?V
29.6470,terug,0,MM1 ?V
29.6470,terug,0,MM0 V=120:222:4905
29.6470,terug,0,MM1 V=120:222:4900
29.6470,terug,0,"#41,YAW,2.04,GYRO,0,8,1,ACC,2,2,252,ADC,1228,385,5,2,"
29.6470,terug,0,MM0 ?CR
29.6470,terug,0,MM1 ?CR
29.6470,terug,0,MM0 CR=0:0
29.6976,terug,0,MM1 CR=0:0
29.6976,terug,0,"#42,YAW,2.04,GYRO,2,5,1,ACC,1,-1,250,ADC,1254,500,4,2,"
29.6976,terug,0,MM0 ?A
29.6976,terug,0,MM1 ?A
29.6976,terug,0,MM0 A=0:0
29.6976,terug,0,MM1 A=0:0
29.6976,terug,0,MM0 !M 0 0
29.6976,terug,0,MM1 !M 0 0
29.6976,terug,0,MM0 +
29.6976,terug,0,MM1 +
29.6976,terug,0,"#43,YAW,2.04,GYRO,0,6,0,ACC,7,-2,248,ADC,1242,382,5,2,"
29.6976,terug,0,MM0 ?AI
29.6976,terug,0,MM1 ?AI
29.6976,terug,0,"$GPRMC,103704.6,A,5050.50551,N,00419.39286,E,000.49,116.7,021026,000.4,E*5E"
29.6976,terug,0,MM0 AI=0:0:2458:2466:0:0
29.6977,terug,0,MM1 AI=0:0:2373:2420:0:0
29.7486,terug,0,"#44,YAW,2.04,GYRO,2,6,1,ACC,3,0,252,ADC,1219,384,6,1,"
29.7486,terug,0,MM1 ?C
29.7486,terug,0,MM0 ?C
29.7486,terug,0,MM1 C=8:10
29.7486,terug,0,MM0 C=2:-3
29.7486,terug,0,"#45,YAW,2.04,GYRO,0,6,1,ACC,3,-1,251,ADC,1263,398,7,2,"
29.7486,terug,0,MM0 ?D
29.7486,terug,0,MM1 ?D
29.7486,terug,0,MM0 D=18
29.7486,terug,0,MM1 D=35
29.7486,terug,0,MM0 !M 0 0
29.7486,terug,0,MM1 !M 0 0
29.7486,terug,0,MM0 +
29.7487,terug,0,MM1 +
29.7487,terug,0,"#46,YAW,2.04,GYRO,1,5,-1,ACC,5,0,236,ADC,1289,500,6,2,"
29.7487,terug,0,MM0 ?FF
29.7487,terug,0,MM1 ?FF
29.7487,terug,0,MM0 FF=0
29.7487,terug,0,MM1 FF=0
29.7978,terug,0,"#47,YAW,2.04,GYRO,1,6,0,ACC,1,0,253,ADC,1255,400,5,1,"
29.7979,terug,0,MM0 ?P
29.7979,terug,0,MM1 ?P
29.7979,terug,0,MM0 P=0:0
29.7979,terug,0,MM1 P=0:0
29.7979,terug,0,MM1 !M 0 0
29.7979,terug,0,MM0 !M 0 0
29.7979,terug,0,MM1 +
29.7979,terug,0,MM0 +
29.7979,terug,0,"#48,YAW,2.04,GYRO,0,5,-1,ACC,3,0,248,ADC,1260,388,5,1,"
29.7979,terug,0,MM0 ?S
29.7979,terug,0,MM1 ?S
29.7979,terug,0,MM0 S=0:0
29.7979,terug,0,MM1 S=0:0
29.8480,terug,0,"#49,YAW,2.04,GYRO,0,7,0,ACC,4,0,256,ADC,1259,392,5,2,"
29.8480,terug,0,MM0 ?T
29.8480,terug,0,MM1 ?T
29.8480,terug,0,MM0 T=34:34
29.8480,terug,0,MM1 T=36:33
29.8480,terug,0,MM1 !M 0 0
29.8481,terug,0,MM0 !M 0 0
29.8481,terug,0,"#50,YAW,2.04,GYRO,1,7,1,ACC,4,0,257,ADC,1261,403,7,2,"
29.8481,terug,0,MM0 +
29.8481,terug,0,MM1 +
29.8481,terug,0,MM0 ?V
29.8481,terug,0,MM1 ?V
29.8481,terug,0,MM0 V=120:221:4905
29.8481,terug,0,MM1 V=120:221:4900
29.8481,terug,0,"#51,YAW,2.04,GYRO,0,5,1,ACC,1,0,252,ADC,1220,384,6,3,"
29.8481,terug,0,MM1 ?CR
29.8481,terug,0,MM0 ?CR
29.8481,terug,0,MM1 CR=0:0
29.8481,terug,0,MM0 CR=0:0
29.8985,terug,0,"#52,YAW,2.04,GYRO,2,6,1,ACC,2,0,249,ADC,1228,394,5,1,"
29.8986,terug,0,MM0 ?A
29.8986,terug,0,MM1 ?A
29.8986,terug,0,MM0 A=0:0
29.8986,terug,0,MM1 A=0:0
29.8986,terug,0,MM0 !M 0 0
29.8986,terug,0,MM1 !M 0 0
29.8986,terug,0,MM0 +
29.8986,terug,0,MM1 +
29.8986,terug,0,"#53,YAW,2.04,GYRO,0,5,2,ACC,2,-1,248,ADC,1256,500,5,2,"
29.8986,terug,0,MM1 ?AI
29.8986,terug,0,MM0 ?AI
29.8987,terug,0,MM1 AI=0:0:2373:2405:0:0
29.8987,terug,0,MM0 AI=0:0:2466:2471:0:0
29.8987,terug,0,"$GPRMC,103704.8,A,5050.50554,N,00419.39285,E,000.48,116.7,021026,000.4,E*57"
29.9487,terug,0,"#54,YAW,2.04,GYRO,1,7,0,ACC,5,3,255,ADC,1232,387,4,2,"
29.9488,terug,0,MM1 ?C
29.9488,terug,0,MM0 ?C
29.9488,terug,0,MM1 C=8:10
29.9488,terug,0,MM0 C=2:-3
29.9488,terug,0,"#55,YAW,2.04,GYRO,0,8,0,ACC,-1,0,250,ADC,1249,392,4,1,"
29.9488,terug,0,MM0 ?D
29.9489,terug,0,MM1 ?D
29.9489,terug,0,MM1 D=35
29.9489,terug,0,MM0 D=26
29.9489,terug,0,MM1 !M 0 0
29.9489,terug,0,MM0 !M 0 0
29.9489,terug,0,MM0 +
29.9489,terug,0,MM1 +
29.9489,terug,0,"#56,YAW,2.04,GYRO,1,5,-1,ACC,2,0,250,ADC,1270,394,7,2,"
29.9489,terug,0,MM1 ?FF
29.9489,terug,0,MM0 ?FF
29.9489,terug,0,MM1 FF=0
29.9489,terug,0,MM0 FF=0
30.0000,terug,0,"#57,YAW,2.04,GYRO,1,5,0,ACC,5,0,256,ADC,1286,389,4,2,"
30.0000,terug,0,MM0 ?P
30.0000,terug,0,MM1 ?P
30.0001,terug,0,MM0 P=0:0
30.0001,terug,0,MM1 P=0:0
30.0001,terug,0,MM1 !M 0 0
30.0001,terug,0,MM0 !M 0 0
30.0001,terug,0,MM1 +
30.0001,terug,0,MM0 +
30.0001,terug,0,"#58,YAW,2.04,GYRO,1,7,-1,ACC,2,0,252,ADC,1247,384,5,1,"
30.0001,terug,0,MM1 ?S
30.0001,terug,0,MM0 ?S
30.0001,terug,0,MM1 S=0:0
30.0001,terug,0,MM0 S=0:0
30.0501,terug,0,"#59,YAW,2.04,GYRO,1,6,0,ACC,3,0,256,ADC,1255,385,5,2,"
30.0501,terug,0,MM1 ?T
30.0501,terug,0,MM0 ?T
30.0501,terug,0,MM1 T=36:33
30.0501,terug,0,MM0 T=34:34
30.0501,terug,0,"#60,YAW,2.04,GYRO,0,4,0,ACC,0,2,251,ADC,1298,501,3,1,"
30.0501,terug,0,MM0 ?V
30.0501,terug,0,MM1 ?V
30.0501,terug,0,MM1 V=120:222:4900
30.0501,terug,0,MM0 V=120:222:4905
30.0501,terug,0,MM1 !M 0 0
30.0501,terug,0,MM0 !M 0 0
30.0501,terug,0,MM1 +
30.0501,terug,0,MM0 +
30.0502,terug,0,"#61,YAW,2.04,GYRO,1,6,-1,ACC,0,0,251,ADC,1271,500,4,2,"
30.0502,terug,0,MM1 ?CR
30.0502,terug,0,MM0 ?CR
30.0502,terug,0,MM1 CR=0:0
30.0502,terug,0,MM0 CR=0:0
30.1052,terug,0,"#62,YAW,2.04,GYRO,0,6,1,ACC,3,-1,253,ADC,1284,389,4,2,"
30.1052,terug,0,MM1 ?A
30.1052,terug,0,MM0 ?A
30.1053,terug,0,MM1 A=0:0
30.1053,terug,0,MM0 A=0:0
30.1053,terug,0,MM1 !M 0 0
30.1053,terug,0,MM0 !M 0 0
30.1053,terug,0,MM1 +
30.1053,terug,0,MM0 +
30.1053,terug,0,"#63,YAW,2.04,GYRO,1,6,0,ACC,2,-1,254,ADC,1260,500,6,2,"
30.1053,terug,0,MM1 ?AI
30.1053,terug,0,MM0 ?AI
30.1053,terug,0,MM1 AI=0:0:2376:2379:0:0
30.1053,terug,0,"$GPRMC,103705.0,A,5050.50556,N,00419.39285,E,000.48,116.7,021026,000.4,E*5C"
30.1053,terug,0,MM0 AI=0:0:2476:2467:0:0
30.1386,terug,0,"#64,YAW,2.04,GYRO,0,6,0,ACC,0,0,252,ADC,1211,381,6,2,"
30.1387,terug,0,MM1 ?C
30.1387,terug,0,MM0 ?C
30.1387,terug,0,MM1 C=8:10
30.1387,terug,0,MM0 C=2:-3
30.1387,terug,0,MM1 !M 0 0
30.1387,terug,0,MM0 !M 0 0
30.1387,terug,0,MM1 +
30.1387,terug,0,MM0 +
30.1387,terug,0,"#65,YAW,2.04,GYRO,1,5,-1,ACC,2,0,251,ADC,1198,381,4,1,"
30.1387,terug,0,MM1 ?D
30.1387,terug,0,MM0 ?D
30.1387,terug,0,MM1 D=35
30.1387,terug,0,MM0 D=26
30.1546,terug,0,STOP terug -3.0003
30.1596,uitbollen,0,"#66,YAW,2.04,GYRO,1,6,1,ACC,1,0,251,ADC,1244,383,6,2,"
30.1596,uitbollen,0,MM1 ?FF
30.1596,uitbollen,0,MM0 ?FF
30.1596,uitbollen,0,MM1 FF=0
30.1596,uitbollen,0,MM0 FF=0
30.1936,uitbollen,0,"#67,YAW,2.04,GYRO,1,5,1,ACC,4,-1,256,ADC,1264,386,4,2,"
30.1936,uitbollen,0,MM1 ?P
30.1936,uitbollen,0,MM0 ?P
30.1936,uitbollen,0,MM1 P=0:0
30.1936,uitbollen,0,MM0 P=0:0
30.1936,uitbollen,0,MM1 !M 0 0
30.1936,uitbollen,0,MM0 !M 0 0
30.1936,uitbollen,0,MM1 +
30.1936,uitbollen,0,MM0 +
30.1936,uitbollen,0,"#68,YAW,2.04,GYRO,0,4,0,ACC,0,-1,252,ADC,1219,387,5,2,"
30.1937,uitbollen,0,MM1 ?S
30.1937,uitbollen,0,MM0 ?S
30.1937,uitbollen,0,MM1 S=0:0
30.1937,uitbollen,0,MM0 S=0:0
30.2147,uitbollen,0,"#69,YAW,2.04,GYRO,1,4,2,ACC,-3,0,244,ADC,1249,500,5,2,"
30.2147,uitbollen,0,MM1 ?T
30.2147,uitbollen,0,MM0 ?T
30.2147,uitbollen,0,MM1 T=35:33
30.2147,uitbollen,0,MM0 T=35:34
30.2357,uitbollen,0,"#70,YAW,2.04,GYRO,1,5,0,ACC,2,0,253,ADC,1275,502,5,2,"
30.2357,uitbollen,0,MM1 ?V
30.2358,uitbollen,0,MM0 ?V
30.2358,uitbollen,0,MM1 V=120:222:4900
30.2358,uitbollen,0,MM0 V=120:223:4903
30.2565,uitbollen,0,"#71,YAW,2.04,GYRO,0,5,1,ACC,2,0,251,ADC,1257,382,6,2,"
30.2566,uitbollen,0,MM1 ?CR
30.2566,uitbollen,0,MM0 ?CR
30.2566,uitbollen,0,MM1 CR=0:0
30.2566,uitbollen,0,MM0 CR=0:0
30.2915,uitbollen,0,"#72,YAW,2.04,GYRO,0,5,0,ACC,4,0,254,ADC,1223,399,5,2,"
30.2916,uitbollen,0,MM1 ?A
30.2916,uitbollen,0,MM0 ?A
30.2916,uitbollen,0,MM1 A=0:0
30.2916,uitbollen,0,MM0 A=0:0
30.2916,uitbollen,0,MM0 !M 0 0
30.2916,uitbollen,0,MM1 !M 0 0
30.2916,uitbollen,0,MM0 +
30.2916,uitbollen,0,MM1 +
30.2916,uitbollen,0,"#73,YAW,2.04,GYRO,1,7,0,ACC,0,0,252,ADC,1261,503,5,2,"
30.2916,uitbollen,0,MM1 ?AI
30.2917,uitbollen,0,MM0 ?AI
30.3115,uitbollen,0,"$GPRMC,103705.2,A,5050.50559,N,00419.39285,E,000.49,116.7,021026,000.4,E*50"
30.3115,uitbollen,0,MM1 AI=0:0:2385:2417:0:0
30.3115,uitbollen,0,MM0 AI=0:0:2466:2478:0:0
30.3115,uitbollen,0,"#74,YAW,2.04,GYRO,0,6,-1,ACC,-1,1,249,ADC,1266,390,5,2,"
30.3116,uitbollen,0,MM0 ?C
30.3116,uitbollen,0,MM1 ?C
30.3116,uitbollen,0,MM0 C=2:-3
30.3116,uitbollen,0,MM1 C=8:10
30.3324,uitbollen,0,"#75,YAW,2.04,GYRO,-1,6,-1,ACC,2,0,251,ADC,1263,501,5,2,"
30.3325,uitbollen,0,MM1 ?D
30.3325,uitbollen,0,MM0 ?D
30.3325,uitbollen,0,MM1 D=35
30.3325,uitbollen,0,MM0 D=18
30.3535,uitbollen,0,"#76,YAW,2.04,GYRO,1,4,0,ACC,2,1,255,ADC,1267,501,6,2,"
30.3535,uitbollen,0,MM0 ?FF
30.3535,uitbollen,0,MM1 ?FF
30.3536,uitbollen,0,MM0 FF=0
30.3536,uitbollen,0,MM1 FF=0
30.4038,uitbollen,0,"#77,YAW,2.04,GYRO,1,6,-1,ACC,1,2,256,ADC,1291,387,7,2,"
30.4038,uitbollen,0,MM1 ?P
30.4038,uitbollen,0,MM0 ?P
30.4038,uitbollen,0,MM1 P=0:0
30.4038,uitbollen,0,MM0 P=0:0
30.4038,uitbollen,0,MM0 !M 0 0
30.4038,uitbollen,0,MM1 !M 0 0
30.4038,uitbollen,0,MM0 +
30.4038,uitbollen,0,MM1 +
30.4038,uitbollen,0,"#78,YAW,2.04,GYRO,2,7,1,ACC,0,0,249,ADC,1265,503,3,2,"
30.4038,uitbollen,0,MM1 ?S
30.4038,uitbollen,0,MM0 ?S
30.4038,uitbollen,0,MM1 S=0:0
30.4038,uitbollen,0,MM0 S=0:0
30.4038,uitbollen,0,"#79,YAW,2.04,GYRO,0,5,0,ACC,3,1,252,ADC,1259,388,4,2,"
30.4246,uitbollen,0,MM1 ?T
30.4246,uitbollen,0,MM0 ?T
30.4246,uitbollen,0,MM1 T=36:33
30.4247,uitbollen,0,MM0 T=34:34
30.4247,uitbollen,0,"#80,YAW,2.04,GYRO,0,6,2,ACC,4,-1,254,ADC,1254,501,6,2,"
30.4247,uitbollen,0,MM1 ?V
30.4460,uitbollen,0,MM0 ?V
30.4460,uitbollen,0,MM1 V=120:222:4900
30.4460,uitbollen,0,MM0 V=120:223:4904
30.4460,uitbollen,0,"#81,YAW,2.04,GYRO,1,5,1,ACC,-1,0,251,ADC,1230,404,4,1,"
30.4460,uitbollen,0,MM0 ?CR
30.4461,uitbollen,0,MM1 ?CR
30.4666,uitbollen,0,MM0 CR=0:0
30.4667,uitbollen,0,MM1 CR=0:0
30.4667,uitbollen,0,"#82,YAW,2.04,GYRO,1,5,0,ACC,2,2,250,ADC,1258,490,6,1,"
30.4667,uitbollen,0,MM0 ?A
30.4667,uitbollen,0,MM1 ?A
30.4667,uitbollen,0,MM0 A=0:0
30.5008,uitbollen,0,MM1 A=0:0
30.5008,uitbollen,0,MM0 !M 0 0
30.5008,uitbollen,0,MM0 +
30.5008,uitbollen,0,MM1 !M 0 0
30.5008,uitbollen,0,MM1 +
30.5008,uitbollen,0,"#83,YAW,2.04,GYRO,1,5,-1,ACC,1,0,254,ADC,1265,434,4,1,"
30.5008,uitbollen,0,MM0 ?AI
30.5008,uitbollen,0,MM1 ?AI
30.5008,uitbollen,0,MM0 AI=0:0:2459:2469:0:0
30.5008,uitbollen,0,MM1 AI=0:0:2406:2385:0:0
30.5008,uitbollen,0,"$GPRMC,103705.4,A,5050.50562,N,00419.39285,E,000.48,116.7,021026,000.4,E*5F"
30.5216,uitbollen,0,"#84,YAW,2.04,GYRO,1,5,0,ACC,-3,0,251,ADC,1284,500,5,3,"
30.5217,uitbollen,0,MM0 ?C
30.5217,uitbollen,0,MM1 ?C
30.5217,uitbollen,0,MM0 C=2:-3
30.5217,uitbollen,0,MM1 C=8:10
30.5427,uitbollen,0,"#85,YAW,2.04,GYRO,1,6,0,ACC,0,1,257,ADC,1273,501,4,2,"
30.5428,uitbollen,0,MM0 ?D
30.5428,uitbollen,0,MM1 ?D
30.5428,uitbollen,0,MM0 D=18
30.5428,uitbollen,0,MM1 D=35
30.5635,uitbollen,0,"#86,YAW,2.04,GYRO,1,6,0,ACC,3,-1,253,ADC,1253,500,7,2,"
30.5636,uitbollen,0,MM0 ?FF
30.5636,uitbollen,0,MM1 ?FF
30.5636,uitbollen,0,MM1 FF=0
30.5636,uitbollen,0,MM0 FF=0
30.5636,uitbollen,0,"#87,YAW,2.04,GYRO,0,6,0,ACC,0,1,253,ADC,1214,381,6,2,"
30.5993,uitbollen,0,MM0 ?P
30.5994,uitbollen,0,MM1 ?P
30.5994,uitbollen,0,MM0 P=0:0
30.5994,uitbollen,0,MM1 P=0:0
30.5994,uitbollen,0,MM1 !M 0 0
30.5994,uitbollen,0,MM0 !M 0 0
30.5994,uitbollen,0,MM1 +
30.5994,uitbollen,0,MM0 +
30.5994,uitbollen,0,"#88,YAW,2.04,GYRO,0,6,0,ACC,1,1,252,ADC,1264,391,4,2,"
30.5994,uitbollen,0,MM0 ?S
30.5994,uitbollen,0,MM1 ?S
30.5994,uitbollen,0,MM0 S=0:0
30.5994,uitbollen,0,MM1 S=0:0
30.6184,uitbollen,0,"#89,YAW,2.04,GYRO,1,5,1,ACC,3,1,253,ADC,1281,499,4,2,"
30.6185,uitbollen,0,MM0 ?T
30.6185,uitbollen,0,MM1 ?T
30.6185,uitbollen,0,MM0 T=34:34
30.6185,uitbollen,0,MM1 T=36:33
30.6397,uitbollen,0,"#90,YAW,2.04,GYRO,1,6,0,ACC,1,-1,256,ADC,1238,502,7,2,"
30.6398,uitbollen,0,MM0 ?V
30.6398,uitbollen,0,MM1 ?V
30.6398,uitbollen,0,MM0 V=120:223:4905
30.6398,uitbollen,0,MM1 V=120:221:4901
30.6603,uitbollen,0,"#91,YAW,2.04,GYRO,2,5,-1,ACC,2,-2,252,ADC,1255,501,5,2,"
30.6603,uitbollen,0,MM0 ?CR
30.6603,uitbollen,0,MM1 ?CR
30.6603,uitbollen,0,MM0 CR=0:0
30.6603,uitbollen,0,MM1 CR=0:0
30.6991,uitbollen,0,"#92,YAW,2.04,GYRO,0,6,0,ACC,0,0,256,ADC,1261,500,7,1,"
30.6992,uitbollen,0,MM0 ?A
30.6992,uitbollen,0,MM1 ?A
30.6992,uitbollen,0,MM0 A=0:0
30.6992,uitbollen,0,MM1 A=0:0
30.6992,uitbollen,0,MM0 !M 0 0
30.6992,uitbollen,0,MM1 !M 0 0
30.6992,uitbollen,0,MM0 +
30.6992,uitbollen,0,MM1 +
30.6992,uitbollen,0,"#93,YAW,2.04,GYRO,0,6,2,ACC,1,0,252,ADC,1256,501,6,2,"
30.6992,uitbollen,0,MM0 ?AI
30.6992,uitbollen,0,MM1 ?AI
30.6992,uitbollen,0,MM0 AI=0:0:2473:2477:0:0
30.6992,uitbollen,0,MM1 AI=0:0:2383:2397:0:0
30.7154,uitbollen,0,"$GPRMC,103705.6,A,5050.50564,N,00419.39285,E,000.48,116.7,021026,000.4,E*5B"
30.7154,uitbollen,0,"#94,YAW,2.04,GYRO,1,8,0,ACC,3,-1,252,ADC,1232,407,8,1,"
30.7154,uitbollen,0,MM0 ?C
30.7155,uitbollen,0,MM1 ?C
30.7155,uitbollen,0,MM0 C=2:-3
30.7155,uitbollen,0,MM1 C=8:10
30.7365,uitbollen,0,"#95,YAW,2.04,GYRO,0,6,0,ACC,3,-1,256,ADC,1257,502,4,2,"
30.7365,uitbollen,0,MM0 ?D
30.7365,uitbollen,0,MM1 ?D
30.7365,uitbollen,0,MM0 D=18
30.7365,uitbollen,0,MM1 D=35
30.7574,uitbollen,0,"#96,YAW,2.04,GYRO,0,7,0,ACC,4,0,253,ADC,1239,390,8,1,"
30.7575,uitbollen,0,MM0 ?FF
30.7575,uitbollen,0,MM1 ?FF
30.7575,uitbollen,0,MM0 FF=0
30.7575,uitbollen,0,MM1 FF=0
30.8056,uitbollen,0,"#97,YAW,2.04,GYRO,0,6,0,ACC,0,-3,251,ADC,1192,383,4,2,"
30.8057,uitbollen,0,MM0 ?P
30.8057,uitbollen,0,MM1 ?P
30.8057,uitbollen,0,MM0 P=0:0
30.8057,uitbollen,0,MM1 P=0:0
30.8057,uitbollen,0,MM0 !M 0 0
30.8057,uitbollen,0,MM1 !M 0 0
30.8057,uitbollen,0,MM0 +
30.8057,uitbollen,0,MM1 +
30.8057,uitbollen,0,"#98,YAW,2.04,GYRO,2,5,0,ACC,-1,0,253,ADC,1246,309,5,2,"
30.8057,uitbollen,0,MM0 ?S
30.8057,uitbollen,0,MM1 ?S
30.8057,uitbollen,0,MM0 S=0:0
30.8057,uitbollen,0,MM1 S=0:0
30.8057,uitbollen,0,"#99,YAW,2.04,GYRO,1,6,1,ACC,5,0,252,ADC,1232,411,7,2,"
30.8057,uitbollen,0,MM0 ?T
30.8267,uitbollen,0,MM1 ?T
30.8267,uitbollen,0,MM0 T=35:34
30.8267,uitbollen,0,MM1 T=35:33
30.8267,uitbollen,0,"#100,YAW,2.04,GYRO,0,7,0,ACC,1,0,252,ADC,1263,501,4,2,"
30.8267,uitbollen,0,MM0 ?V
30.8267,uitbollen,0,MM1 ?V
30.8477,uitbollen,0,MM0 V=120:222:4903
30.8477,uitbollen,0,MM1 V=120:223:4901
30.8477,uitbollen,0,"#101,YAW,2.04,GYRO,1,6,0,ACC,5,-1,251,ADC,1276,500,5,2,"
30.8478,uitbollen,0,MM0 ?CR
30.8478,uitbollen,0,MM1 ?CR
30.8478,uitbollen,0,MM0 CR=0:0
30.8478,uitbollen,0,MM1 CR=0:0
30.8685,uitbollen,0,"#102,YAW,2.04,GYRO,0,4,0,ACC,0,1,250,ADC,1279,500,5,2,"
30.8685,uitbollen,0,MM0 ?A
30.8685,uitbollen,0,MM1 ?A
30.8685,uitbollen,0,MM0 A=0:0
30.8685,uitbollen,0,MM1 A=0:0
30.9028,uitbollen,0,MM0 !M 0 0
30.9028,uitbollen,0,MM1 !M 0 0
30.9028,uitbollen,0,MM0 +
30.9028,uitbollen,0,MM1 +
30.9028,uitbollen,0,"#103,YAW,2.04,GYRO,0,6,1,ACC,4,0,255,ADC,1264,501,7,2,"
30.9028,uitbollen,0,MM0 ?AI
30.9028,uitbollen,0,MM1 ?AI
30.9028,uitbollen,0,"$GPRMC,103705.8,A,5050.50567,N,00419.39284,E,000.48,116.7,021026,000.4,E*57"
30.9029,uitbollen,0,MM0 AI=0:0:2459:2466:0:0
30.9029,uitbollen,0,MM1 AI=0:0:2361:2382:0:0
30.9251,uitbollen,0,"#104,YAW,2.05,GYRO,0,5,0,ACC,1,2,251,ADC,1233,393,5,2,"
30.9252,uitbollen,0,MM0 ?C
30.9252,uitbollen,0,MM1 ?C
30.9252,uitbollen,0,MM0 C=2:-3
30.9252,uitbollen,0,MM1 C=8:10
30.9446,uitbollen,0,"#105,YAW,2.04,GYRO,1,4,1,ACC,4,-1,255,ADC,1238,391,7,2,"
30.9446,uitbollen,0,MM0 ?D
30.9446,uitbollen,0,MM1 ?D
30.9446,uitbollen,0,MM0 D=18
30.9446,uitbollen,0,MM1 D=35
30.9446,uitbollen,0,"#106,YAW,2.04,GYRO,0,7,0,ACC,4,0,252,ADC,1223,388,8,2,"
30.9446,uitbollen,0,MM0 ?FF
30.9657,uitbollen,0,MM1 ?FF
30.9657,uitbollen,0,MM0 FF=0
30.9657,uitbollen,0,MM1 FF=0
30.9657,uitbollen,0,"#107,YAW,2.05,GYRO,1,5,0,ACC,1,0,251,ADC,1239,498,4,1,"
30.9658,uitbollen,0,MM0 ?P
30.9658,uitbollen,0,MM1 ?P
30.9999,uitbollen,0,MM0 P=0:0
31.0000,uitbollen,0,MM1 P=0:0
31.0000,uitbollen,0,MM1 !M 0 0
31.0000,uitbollen,0,MM0 !M 0 0
31.0000,uitbollen,0,MM1 +
31.0000,uitbollen,0,MM0 +
31.0001,uitbollen,0,"#108,YAW,2.05,GYRO,-1,5,0,ACC,3,1,253,ADC,1228,383,4,2,"
31.0002,uitbollen,0,MM0 ?S
31.0002,uitbollen,0,MM1 ?S
31.0002,uitbollen,0,MM0 S=0:0
31.0002,uitbollen,0,MM1 S=0:0
31.0205,uitbollen,0,"#109,YAW,2.05,GYRO,2,6,1,ACC,-1,3,254,ADC,1311,389,6,1,"
31.0205,uitbollen,0,MM0 ?T
31.0205,uitbollen,0,MM1 ?T
31.0205,uitbollen,0,MM0 T=34:34
31.0205,uitbollen,0,MM1 T=36:33
31.0418,uitbollen,0,"#110,YAW,2.05,GYRO,0,3,2,ACC,2,0,248,ADC,1300,503,5,2,"
31.0418,uitbollen,0,MM0 ?V
31.0418,uitbollen,0,MM1 ?V
31.0418,uitbollen,0,MM0 V=120:223:4903
31.0418,uitbollen,0,MM1 V=120:221:4900
31.0619,uitbollen,0,"#111,YAW,2.05,GYRO,1,4,-1,ACC,4,0,251,ADC,1242,499,6,2,"
31.0619,uitbollen,0,MM0 ?CR
31.0620,uitbollen,0,MM1 ?CR
31.0620,uitbollen,0,MM0 CR=0:0
31.0620,uitbollen,0,MM1 CR=0:0
31.0958,uitbollen,0,"#112,YAW,2.05,GYRO,1,5,-1,ACC,0,5,250,ADC,1222,385,5,2,"
31.0959,uitbollen,0,MM0 ?A
31.0959,uitbollen,0,MM1 ?A
31.0959,uitbollen,0,MM0 A=0:0
31.0959,uitbollen,0,MM1 A=0:0
31.0959,uitbollen,0,MM0 !M 0 0
31.0959,uitbollen,0,MM1 !M 0 0
31.0959,uitbollen,0,MM0 +
31.0959,uitbollen,0,MM1 +
31.0959,uitbollen,0,"#113,YAW,2.05,GYRO,1,5,-1,ACC,2,1,254,ADC,1206,383,4,2,"
31.0959,uitbollen,0,MM1 ?AI
31.0959,uitbollen,0,MM0 ?AI
31.0959,uitbollen,0,MM0 AI=0:0:2463:2471:0:0
31.0959,uitbollen,0,MM1 AI=0:0:2399:2407:0:0
31.1169,uitbollen,0,"$GPRMC,103706.0,A,5050.50570,N,00419.39284,E,000.47,116.7,021026,000.4,E*55"
31.1169,uitbollen,0,"#114,YAW,2.05,GYRO,1,7,-2,ACC,2,-1,251,ADC,1266,390,6,2,"
31.1169,uitbollen,0,MM0 ?C
31.1169,uitbollen,0,MM1 ?C
31.1169,uitbollen,0,MM0 C=2:-3
31.1169,uitbollen,0,MM1 C=8:10
31.1376,uitbollen,0,"#115,YAW,2.05,GYRO,0,5,0,ACC,4,0,255,ADC,1257,390,7,2,"
31.1376,uitbollen,0,MM0 ?D
31.1376,uitbollen,0,MM1 ?D
31.1376,uitbollen,0,MM0 D=18
31.1376,uitbollen,0,MM1 D=35
31.1584,uitbollen,0,"#116,YAW,2.05,GYRO,0,5,0,ACC,3,0,255,ADC,1237,380,5,2,"
31.1585,uitbollen,0,MM0 ?FF
31.1585,uitbollen,0,MM1 ?FF
31.1585,uitbollen,0,MM0 FF=0
31.1585,uitbollen,0,MM1 FF=0
31.2078,uitbollen,0,"#117,YAW,2.05,GYRO,0,3,0,ACC,3,-1,251,ADC,1271,389,5,2,"
31.2079,uitbollen,0,MM0 ?P
31.2079,uitbollen,0,MM1 ?P
31.2079,uitbollen,0,MM0 P=0:0
31.2079,uitbollen,0,MM1 P=0:0
31.2079,uitbollen,0,"#118,YAW,2.05,GYRO,0,3,0,ACC,5,0,253,ADC,1280,499,6,2,"
31.2079,uitbollen,0,MM0 !M 0 0
31.2079,uitbollen,0,MM0 +
31.2079,uitbollen,0,MM1 !M 0 0
31.2079,uitbollen,0,MM1 +
31.2079,uitbollen,0,MM0 ?S
31.2079,uitbollen,0,MM1 ?S
31.2079,uitbollen,0,MM0 S=0:0
31.2079,uitbollen,0,MM1 S=0:0
31.2079,uitbollen,0,"#119,YAW,2.05,GYRO,1,5,1,ACC,1,2,255,ADC,1236,387,5,2,"
31.2079,uitbollen,0,MM0 ?T
31.2079,uitbollen,0,MM1 ?T
31.2079,uitbollen,0,MM0 T=35:34
31.2080,uitbollen,0,MM1 T=36:33
31.2286,uitbollen,0,"#120,YAW,2.05,GYRO,0,5,-1,ACC,3,0,251,ADC,1280,501,5,2,"
31.2287,uitbollen,0,MM0 ?V
31.2287,uitbollen,0,MM1 ?V
31.2287,uitbollen,0,MM0 V=120:223:4904
31.2497,uitbollen,0,MM1 V=120:221:4900
31.2497,uitbollen,0,"#121,YAW,2.05,GYRO,0,6,1,ACC,3,0,251,ADC,1298,387,5,1,"
31.2498,uitbollen,0,MM0 ?CR
31.2498,uitbollen,0,MM1 ?CR
31.2498,uitbollen,0,MM0 CR=0:0
31.2498,uitbollen,0,MM1 CR=0:0
31.2707,uitbollen,0,"#122,YAW,2.05,GYRO,1,7,0,ACC,0,2,252,ADC,1270,504,4,2,"
31.2707,uitbollen,0,MM0 ?A
31.2707,uitbollen,0,MM1 ?A
31.2707,uitbollen,0,MM0 A=0:0
31.2707,uitbollen,0,MM1 A=0:0
31.3070,uitbollen,0,MM1 !M 0 0
31.3070,uitbollen,0,MM0 !M 0 0
31.3070,uitbollen,0,MM1 +
31.3070,uitbollen,0,MM0 +
31.3070,uitbollen,0,"#123,YAW,2.05,GYRO,0,5,1,ACC,-1,3,253,ADC,1231,286,5,1,"
31.3070,uitbollen,0,MM0 ?AI
31.3070,uitbollen,0,MM1 ?AI
31.3070,uitbollen,0,MM0 AI=0:0:2453:2479:0:0
31.3070,uitbollen,0,MM1 AI=0:0:2364:2379:0:0
31.3070,uitbollen,0,"$GPRMC,103706.2,A,5050.50572,N,00419.39283,E,000.46,116.7,021026,000.4,E*53"
31.3070,uitbollen,0,"#124,YAW,2.05,GYRO,0,7,-1,ACC,1,-1,254,ADC,1227,385,4,2,"
31.3255,uitbollen,0,MM0 ?C
31.3256,uitbollen,0,MM1 ?C
31.3256,uitbollen,0,MM0 C=2:-3
31.3256,uitbollen,0,MM1 C=8:10
31.3256,uitbollen,0,"#125,YAW,2.05,GYRO,1,4,1,ACC,3,-1,255,ADC,1287,498,5,2,"
31.3257,uitbollen,0,MM0 ?D
31.3467,uitbollen,0,MM1 ?D
31.3467,uitbollen,0,MM0 D=18
31.3467,uitbollen,0,MM1 D=35
31.3467,uitbollen,0,"#126,YAW,2.05,GYRO,1,5,-1,ACC,1,0,250,ADC,1272,500,4,2,"
31.3467,uitbollen,0,MM0 ?FF
31.3467,uitbollen,0,MM1 ?FF
31.3467,uitbollen,0,MM0 FF=0
31.3675,uitbollen,0,MM1 FF=0
31.3675,uitbollen,0,"#127,YAW,2.05,GYRO,0,5,1,ACC,2,0,252,ADC,1237,382,4,1,"
31.3675,uitbollen,0,MM0 ?P
31.3675,uitbollen,0,MM1 ?P
31.3675,uitbollen,0,MM0 P=0:0
31.3675,uitbollen,0,MM1 P=0:0
31.4016,uitbollen,0,MM0 !M 0 0
31.4016,uitbollen,0,MM1 !M 0 0
31.4016,uitbollen,0,MM0 +
31.4016,uitbollen,0,MM1 +
31.4016,uitbollen,0,"#128,YAW,2.05,GYRO,0,6,1,ACC,3,0,253,ADC,1270,500,6,2,"
31.4017,uitbollen,0,MM0 ?S
31.4017,uitbollen,0,MM1 ?S
31.4017,uitbollen,0,MM0 S=0:0
31.4017,uitbollen,0,MM1 S=0:0
31.4229,uitbollen,0,"#129,YAW,2.05,GYRO,1,6,1,ACC,3,0,251,ADC,1236,504,8,2,"
31.4229,uitbollen,0,MM0 ?T
31.4229,uitbollen,0,MM1 ?T
31.4229,uitbollen,0,MM0 T=35:34
31.4229,uitbollen,0,MM1 T=35:33
31.4439,uitbollen,0,"#130,YAW,2.05,GYRO,0,6,0,ACC,-1,-1,252,ADC,1233,384,7,2,"
31.4439,uitbollen,0,MM0 ?V
31.4439,uitbollen,0,MM1 ?V
31.4439,uitbollen,0,MM0 V=120:222:4903
31.4439,uitbollen,0,MM1 V=120:225:4898
31.4641,uitbollen,0,"#131,YAW,2.05,GYRO,1,7,0,ACC,2,1,255,ADC,1261,498,8,2,"
31.4641,uitbollen,0,MM0 ?CR
31.4641,uitbollen,0,MM1 ?CR
31.4641,uitbollen,0,MM0 CR=0:0
31.4641,uitbollen,0,MM1 CR=0:0
31.4641,uitbollen,0,"#132,YAW,2.05,GYRO,0,6,-1,ACC,1,2,250,ADC,1244,393,7,2,"
31.4642,uitbollen,0,MM0 ?A
31.4976,uitbollen,0,MM1 ?A
31.4976,uitbollen,0,MM0 A=0:0
31.4976,uitbollen,0,MM1 A=0:0
31.4976,uitbollen,0,MM0 !M 0 0
31.4976,uitbollen,0,MM1 !M 0 0
31.4976,uitbollen,0,MM0 +
31.4976,uitbollen,0,MM1 +
31.4976,uitbollen,0,"#133,YAW,2.05,GYRO,0,3,1,ACC,-1,0,251,ADC,1195,379,6,2,"
31.4976,uitbollen,0,MM0 ?AI
31.4976,uitbollen,0,MM1 ?AI
31.4976,uitbollen,0,"$GPRMC,103706.4,A,5050.50575,N,00419.39283,E,000.44,116.7,021026,000.4,E*50"
31.4977,uitbollen,0,MM0 AI=0:0:2469:2463:0:0
31.4977,uitbollen,0,MM1 AI=0:0:2387:2402:0:0
31.5187,uitbollen,0,"#134,YAW,2.05,GYRO,1,7,0,ACC,0,0,256,ADC,1300,502,4,2,"
31.5187,uitbollen,0,MM0 ?C
31.5188,uitbollen,0,MM1 ?C
31.5188,uitbollen,0,MM0 C=2:-3
31.5188,uitbollen,0,MM1 C=8:10
31.5396,uitbollen,0,"#135,YAW,2.05,GYRO,0,4,1,ACC,2,-1,251,ADC,1243,385,6,2,"
31.5397,uitbollen,0,MM0 ?D
31.5397,uitbollen,0,MM1 ?D
31.5397,uitbollen,0,MM0 D=18
31.5397,uitbollen,0,MM1 D=35
31.5606,uitbollen,0,"#136,YAW,2.05,GYRO,2,5,1,ACC,0,0,255,ADC,1180,381,6,1,"
31.5607,uitbollen,0,MM0 ?FF
31.5607,uitbollen,0,MM1 ?FF
31.5607,uitbollen,0,MM0 FF=0
31.5607,uitbollen,0,MM1 FF=0
31.6096,uitbollen,0,"#137,YAW,2.05,GYRO,2,4,0,ACC,0,1,251,ADC,1210,380,5,2,"
31.6096,uitbollen,0,MM0 ?P
31.6096,uitbollen,0,MM1 ?P
31.6096,uitbollen,0,MM0 P=0:0
31.6096,uitbollen,0,MM1 P=0:0
31.6096,uitbollen,0,"#138,YAW,2.05,GYRO,-1,4,0,ACC,1,-1,255,ADC,1271,382,7,2,"
31.6097,uitbollen,0,MM0 ?S
31.6097,uitbollen,0,MM1 ?S
31.6097,uitbollen,0,MM0 S=0:0
31.6097,uitbollen,0,MM1 S=0:0
31.6097,uitbollen,0,MM0 !M 0 0
31.6097,uitbollen,0,MM1 !M 0 0
31.6097,uitbollen,0,MM0 +
31.6097,uitbollen,0,MM1 +
31.6097,uitbollen,0,"#139,YAW,2.05,GYRO,0,6,0,ACC,3,3,252,ADC,1223,381,5,2,"
31.6097,uitbollen,0,MM0 ?T
31.6097,uitbollen,0,MM1 ?T
31.6097,uitbollen,0,MM0 T=35:34
31.6097,uitbollen,0,MM1 T=36:33
31.6304,uitbollen,0,"#140,YAW,2.05,GYRO,1,5,-1,ACC,-1,1,252,ADC,1245,389,5,2,"
31.6305,uitbollen,0,MM0 ?V
31.6305,uitbollen,0,MM1 ?V
31.6305,uitbollen,0,MM0 V=120:223:4904
31.6305,uitbollen,0,MM1 V=120:222:4900
31.6515,uitbollen,0,"#141,YAW,2.05,GYRO,2,4,0,ACC,3,0,254,ADC,1249,498,7,2,"
31.6515,uitbollen,0,MM0 ?CR
31.6515,uitbollen,0,MM1 ?CR
31.6515,uitbollen,0,MM0 CR=0:0
31.6515,uitbollen,0,MM1 CR=0:0
31.6723,uitbollen,0,"#142,YAW,2.05,GYRO,-2,7,0,ACC,2,1,254,ADC,1283,392,5,2,"
31.6724,uitbollen,0,MM0 ?A
31.6724,uitbollen,0,MM1 ?A
31.6724,uitbollen,0,MM0 A=0:0
31.6724,uitbollen,0,MM1 A=0:0
31.7067,uitbollen,0,MM0 !M 0 0
31.7067,uitbollen,0,MM1 !M 0 0
31.7067,uitbollen,0,MM0 +
31.7068,uitbollen,0,MM1 +
31.7068,uitbollen,0,"#143,YAW,2.05,GYRO,1,4,-2,ACC,-1,-1,250,ADC,1235,363,7,2,"
31.7068,uitbollen,0,MM0 ?AI
31.7068,uitbollen,0,MM1 ?AI
31.7068,uitbollen,0,MM0 AI=0:0:2462:2471:0:0
31.7068,uitbollen,0,MM1 AI=0:0:2364:2370:0:0
31.7068,uitbollen,0,"$GPRMC,103706.6,A,5050.50577,N,00419.39283,E,000.43,116.7,021026,000.4,E*57"
31.7068,uitbollen,0,"#144,YAW,2.05,GYRO,0,7,0,ACC,0,0,254,ADC,1226,317,4,2,"
31.7068,uitbollen,0,MM0 ?C
31.7068,uitbollen,0,MM1 ?C
31.7068,uitbollen,0,MM0 C=2:-3
31.7278,uitbollen,0,MM1 C=8:10
31.7279,uitbollen,0,"#145,YAW,2.05,GYRO,1,3,1,ACC,2,1,253,ADC,1208,393,5,2,"
31.7279,uitbollen,0,MM0 ?D
31.7279,uitbollen,0,MM1 ?D
31.7279,uitbollen,0,MM0 D=18
31.7279,uitbollen,0,MM1 D=35
31.7483,uitbollen,0,"#146,YAW,2.05,GYRO,1,4,1,ACC,-1,0,257,ADC,1251,387,5,2,"
31.7484,uitbollen,0,MM0 ?FF
31.7484,uitbollen,0,MM1 ?FF
31.7484,uitbollen,0,MM0 FF=0
31.7484,uitbollen,0,MM1 FF=0
31.7696,uitbollen,0,"#147,YAW,2.05,GYRO,1,6,1,ACC,0,1,254,ADC,1276,501,4,1,"
31.7696,uitbollen,0,MM0 ?P
31.7696,uitbollen,0,MM1 ?P
31.7696,uitbollen,0,MM1 P=0:0
31.7697,uitbollen,0,MM0 P=0:0
31.8037,uitbollen,0,MM1 !M 0 0
31.8037,uitbollen,0,MM0 !M 0 0
31.8037,uitbollen,0,MM0 +
31.8037,uitbollen,0,MM1 +
31.8037,uitbollen,0,"#148,YAW,2.05,GYRO,1,6,1,ACC,1,0,257,ADC,1240,381,8,2,"
31.8037,uitbollen,0,MM0 ?S
31.8037,uitbollen,0,MM1 ?S
31.8037,uitbollen,0,MM0 S=0:0
31.8037,uitbollen,0,MM1 S=0:0
31.8245,uitbollen,0,"#149,YAW,2.05,GYRO,0,8,1,ACC,4,0,252,ADC,1255,380,5,2,"
31.8246,uitbollen,0,MM1 ?T
31.8246,uitbollen,0,MM0 ?T
31.8246,uitbollen,0,MM0 T=34:34
31.8246,uitbollen,0,MM1 T=35:33
31.8246,uitbollen,0,"#150,YAW,2.05,GYRO,2,5,-1,ACC,2,0,249,ADC,1281,500,7,2,"
31.8246,uitbollen,0,MM0 ?V
31.8456,uitbollen,0,MM1 ?V
31.8457,uitbollen,0,MM0 V=120:223:4905
31.8457,uitbollen,0,MM1 V=120:221:4901
31.8457,uitbollen,0,"#151,YAW,2.05,GYRO,1,6,2,ACC,2,1,254,ADC,1256,383,7,2,"
31.8457,uitbollen,0,MM0 ?CR
31.8457,uitbollen,0,MM1 ?CR
31.8659,uitbollen,0,MM0 CR=0:0
31.8659,uitbollen,0,MM1 CR=0:0
31.8659,uitbollen,0,"#152,YAW,2.05,GYRO,2,4,0,ACC,0,1,254,ADC,1266,386,5,2,"
31.8659,uitbollen,0,MM0 ?A
31.8659,uitbollen,0,MM1 ?A
31.8659,uitbollen,0,MM0 A=0:0
31.8995,uitbollen,0,MM1 A=0:0
31.8995,uitbollen,0,MM1 !M 0 0
31.8995,uitbollen,0,MM0 !M 0 0
31.8995,uitbollen,0,MM1 +
31.8995,uitbollen,0,MM0 +
31.8995,uitbollen,0,"#153,YAW,2.05,GYRO,1,4,0,ACC,1,0,250,ADC,1295,501,5,2,"
31.8995,uitbollen,0,MM0 ?AI
31.8995,uitbollen,0,MM1 ?AI
31.8995,uitbollen,0,MM0 AI=0:0:2452:2475:0:0
31.8996,uitbollen,0,MM1 AI=0:0:2372:2387:0:0
31.8996,uitbollen,0,"$GPRMC,103706.8,A,5050.50580,N,00419.39282,E,000.42,116.7,021026,000.4,E*51"
31.9209,uitbollen,0,"#154,YAW,2.05,GYRO,0,3,-1,ACC,-1,1,258,ADC,1300,500,4,2,"
31.9209,uitbollen,0,MM0 ?C
31.9209,uitbollen,0,MM1 ?C
31.9209,uitbollen,0,MM0 C=2:-3
31.9209,uitbollen,0,MM1 C=8:10
31.9422,uitbollen,0,"#155,YAW,2.05,GYRO,1,8,0,ACC,1,0,256,ADC,1232,386,5,1,"
31.9422,uitbollen,0,MM0 ?D
31.9422,uitbollen,0,MM1 ?D
31.9422,uitbollen,0,MM0 D=18
31.9422,uitbollen,0,MM1 D=35
31.9626,uitbollen,0,"#156,YAW,2.05,GYRO,0,5,0,ACC,1,-1,252,ADC,1202,383,6,2,"
31.9626,uitbollen,0,MM0 ?FF
31.9626,uitbollen,0,MM1 ?FF
31.9626,uitbollen,0,MM0 FF=0
31.9626,uitbollen,0,MM1 FF=0
32.0115,uitbollen,0,"#157,YAW,2.05,GYRO,0,5,0,ACC,0,2,253,ADC,1293,502,5,2,"
32.0116,uitbollen,0,MM0 ?P
32.0116,uitbollen,0,MM1 ?P
32.0116,uitbollen,0,MM0 P=0:0
32.0116,uitbollen,0,MM1 P=0:0
32.0116,uitbollen,0,"#158,YAW,2.05,GYRO,0,6,1,ACC,2,0,255,ADC,1285,499,5,2,"
32.0116,uitbollen,0,MM0 ?S
32.0116,uitbollen,0,MM1 ?S
32.0116,uitbollen,0,MM0 S=0:0
32.0116,uitbollen,0,MM1 S=0:0
32.0116,uitbollen,0,MM1 !M 0 0
32.0116,uitbollen,0,MM0 !M 0 0
32.0116,uitbollen,0,MM1 +
32.0116,uitbollen,0,MM0 +
32.0116,uitbollen,0,"#159,YAW,2.05,GYRO,3,4,1,ACC,4,1,253,ADC,1198,382,5,2,"
32.0116,uitbollen,0,MM0 ?T
32.0116,uitbollen,0,MM1 ?T
32.0116,uitbollen,0,MM0 T=35:34
32.0116,uitbollen,0,MM1 T=36:33
32.0362,uitbollen,0,"#160,YAW,2.05,GYRO,2,7,1,ACC,3,0,255,ADC,1264,408,6,2,"
32.0363,uitbollen,0,MM0 ?V
32.0363,uitbollen,0,MM1 ?V
32.0363,uitbollen,0,MM0 V=120:223:4903
32.0363,uitbollen,0,MM1 V=120:221:4900
32.0536,uitbollen,0,"#161,YAW,2.05,GYRO,0,3,0,ACC,2,-1,253,ADC,1242,385,5,1,"
32.0536,uitbollen,0,MM0 ?CR
32.0536,uitbollen,0,MM1 ?CR
32.0536,uitbollen,0,MM0 CR=0:0
32.0536,uitbollen,0,MM1 CR=0:0
32.0744,uitbollen,0,"#162,YAW,2.05,GYRO,0,5,0,ACC,7,0,257,ADC,1293,388,5,2,"
32.0744,uitbollen,0,MM0 ?A
32.0744,uitbollen,0,MM1 ?A
32.0744,uitbollen,0,MM0 A=0:0
32.0744,uitbollen,0,MM1 A=0:0
32.1087,uitbollen,0,"#163,YAW,2.05,GYRO,1,6,0,ACC,1,1,252,ADC,1249,386,5,2,"
32.1087,uitbollen,0,MM0 ?AI
32.1087,uitbollen,0,MM1 ?AI
32.1088,uitbollen,0,MM1 AI=0:0:2372:2378:0:0
32.1088,uitbollen,0,MM0 AI=0:0:2451:2472:0:0
32.1088,uitbollen,0,"$GPRMC,103707.0,A,5050.50582,N,00419.39281,E,000.42,116.7,021026,000.4,E*59"
32.1088,uitbollen,0,MM0 !M 0 0
32.1088,uitbollen,0,MM1 !M 0 0
32.1088,uitbollen,0,MM0 +
32.1088,uitbollen,0,MM1 +
32.1088,uitbollen,0,"#164,YAW,2.05,GYRO,-1,5,-1,ACC,6,-1,255,ADC,1275,341,5,1,"
32.1088,uitbollen,0,MM0 ?C
32.1088,uitbollen,0,MM1 ?C
32.1088,uitbollen,0,MM0 C=2:-3
32.1088,uitbollen,0,MM1 C=8:10
32.1294,uitbollen,0,"#165,YAW,2.05,GYRO,2,5,0,ACC,7,-1,256,ADC,1292,398,6,1,"
32.1294,uitbollen,0,MM0 ?D
32.1294,uitbollen,0,MM1 ?D
32.1294,uitbollen,0,MM0 D=18
32.1294,uitbollen,0,MM1 D=43
32.1551,uitbollen,0,"#166,YAW,2.05,GYRO,1,6,1,ACC,2,0,250,ADC,1207,382,6,2,"
32.1551,uitbollen,0,MM1 ?FF
32.1551,uitbollen,0,MM0 ?FF
32.1551,uitbollen,0,MM1 FF=0
32.1551,uitbollen,0,MM0 FF=0
