t,fase,vermogen,regel
0.0289,rust,0,58
0.0289,rust,0,"#249,YAW,-1.28,GYRO,-9,44,-9,ACC,0,1,254,ADC,1252,383,6,1,"
0.0289,rust,0,MM0 !M 0 0
0.0289,rust,0,MM0 +
0.0289,rust,0,MM1 !M 0 0
0.0290,rust,0,MM1 +
0.0290,rust,0,MM1 ?D
0.0290,rust,0,MM0 ?D
0.0290,rust,0,MM1 D=0
0.0290,rust,0,MM0 D=16
0.0290,rust,0,MM1 !EX
0.0290,rust,0,MM1 +
0.0290,rust,0,MM0 !EX
0.0290,rust,0,MM0 +
0.0290,rust,0,"#250,YAW,-1.28,GYRO,-9,45,-9,ACC,4,2,254,ADC,1255,396,6,3,"
0.0290,rust,0,MM1 ?FF
0.0290,rust,0,MM0 ?FF
0.0290,rust,0,MM1 FF=16
0.0290,rust,0,MM0 FF=16
0.0290,rust,0,"#251,YAW,-1.28,GYRO,-9,44,-9,ACC,2,1,256,ADC,1265,501,5,2,"
0.0290,rust,0,MM1 ?P
0.0291,rust,0,MM0 ?P
0.0291,rust,0,MM1 P=0:0
0.0291,rust,0,MM0 P=0:0
0.0291,rust,0,"#252,YAW,-1.28,GYRO,-8,43,-9,ACC,0,2,255,ADC,1283,501,5,1,"
0.0291,rust,0,MM1 ?S
0.0291,rust,0,MM0 ?S
0.0291,rust,0,MM1 S=0:0
0.0291,rust,0,MM0 S=0:0
0.0291,rust,0,"#253,YAW,-1.28,GYRO,-9,44,-10,ACC,2,1,253,ADC,1245,431,4,2,"
0.0291,rust,0,MM1 ?T
0.0291,rust,0,MM0 ?T
0.0291,rust,0,MM1 T=36:34
0.0291,rust,0,MM0 T=35:35
0.0291,rust,0,"#254,YAW,-1.28,GYRO,-7,47,-10,ACC,2,1,258,ADC,1257,389,5,2,"
0.0291,rust,0,MM1 ?V
0.0291,rust,0,MM0 ?V
0.0291,rust,0,MM1 V=120:222:4894
0.0291,rust,0,MM0 V=120:223:4902
0.0291,rust,0,"#255,YAW,-1.28,GYRO,-9,44,-8,ACC,3,3,255,ADC,1227,383,5,2,"
0.0291,rust,0,MM1 ?CR
0.0291,rust,0,MM0 ?CR
0.0291,rust,0,MM1 CR=0:0
0.0291,rust,0,MM0 CR=0:0
0.0291,rust,0,"#0,YAW,-1.28,GYRO,-8,44,-9,ACC,2,1,256,ADC,1253,382,6,1,"
0.0291,rust,0,MM1 ?A
0.0291,rust,0,MM0 ?A
0.0291,rust,0,MM1 A=0:0
0.0291,rust,0,MM0 A=0:0
0.0291,rust,0,"#1,YAW,-1.28,GYRO,-9,43,-11,ACC,3,1,260,ADC,1200,381,4,2,"
0.0291,rust,0,MM1 ?AI
0.0292,rust,0,MM0 ?AI
0.0292,rust,0,MM1 AI=0:0:2341:2326:0:0
0.0292,rust,0,MM0 AI=0:0:2408:2426:0:0
0.0292,rust,0,"#2,YAW,-1.28,GYRO,-9,44,-10,ACC,2,2,253,ADC,1181,382,6,2,"
0.0292,rust,0,MM1 ?C
0.0292,rust,0,MM0 ?C
0.0292,rust,0,MM0 C=-430:340
0.0292,rust,0,MM1 C=1152:-1264
0.0292,rust,0,"$GPRMC,094145.2,A,5050.50693,N,00419.37073,E,000.14,300.9,021026,000.4,E*5E"
0.0292,rust,0,"#3,YAW,-1.28,GYRO,-9,45,-9,ACC,3,-5,263,ADC,1262,499,5,2,"
0.0292,rust,0,MM1 ?D
0.0292,rust,0,MM0 ?D
0.0292,rust,0,MM0 D=24
0.0292,rust,0,MM1 D=0
0.0292,rust,0,"#4,YAW,-1.28,GYRO,-7,44,-11,ACC,1,1,255,ADC,1268,383,6,2,"
0.0292,rust,0,MM1 ?FF
0.0292,rust,0,MM0 ?FF
0.0292,rust,0,MM1 FF=16
0.0292,rust,0,MM0 FF=16
0.0303,rust,0,"#5,YAW,-1.28,GYRO,-9,44,-9,ACC,1,1,258,ADC,1279,400,8,2,"
0.0303,rust,0,MM1 ?P
0.0303,rust,0,MM0 ?P
0.0303,rust,0,MM1 P=0:0
0.0303,rust,0,MM0 P=0:0
0.0303,rust,0,"#6,YAW,-1.28,GYRO,-9,43,-9,ACC,3,2,256,ADC,1268,388,5,2,"
0.0304,rust,0,MM1 ?S
0.0304,rust,0,MM0 ?S
0.0304,rust,0,MM1 S=0:0
0.0304,rust,0,MM0 S=0:0
0.0304,rust,0,"#7,YAW,-1.28,GYRO,-9,46,-9,ACC,6,2,256,ADC,1267,392,5,2,"
0.0304,rust,0,MM1 ?T
0.0304,rust,0,MM0 ?T
0.0304,rust,0,MM1 T=36:34
0.0304,rust,0,MM0 T=35:35
0.0304,rust,0,"#8,YAW,-1.28,GYRO,-8,46,-8,ACC,0,5,257,ADC,1288,384,4,2,"
0.0304,rust,0,MM1 ?V
0.0304,rust,0,MM0 ?V
0.0304,rust,0,MM1 V=120:223:4896
0.0304,rust,0,MM0 V=120:223:4902
0.0304,rust,0,"#9,YAW,-1.28,GYRO,-9,45,-10,ACC,2,2,256,ADC,1268,386,4,2,"
0.0304,rust,0,MM1 ?CR
0.0304,rust,0,MM0 ?CR
0.0304,rust,0,MM1 CR=0:0
0.0304,rust,0,MM0 CR=0:0
0.0304,rust,0,"#10,YAW,-1.28,GYRO,-9,42,-9,ACC,3,2,255,ADC,1234,382,5,2,"
0.0304,rust,0,MM1 ?A
0.0304,rust,0,MM0 ?A
0.0304,rust,0,MM1 A=0:0
0.0304,rust,0,MM0 A=0:0
0.0304,rust,0,"#11,YAW,-1.28,GYRO,-11,44,-10,ACC,4,3,253,ADC,1236,30 A=0:0"
0.0304,rust,0,MM1 A=0:0
0.0304,rust,0,"$GPRMC,100652.0,A,5050.52893,N,00419.37501,E,000.42,002.8,021026,000.4,E*5E"
0.0626,rust,0,"#77,YAW,-0.13,GYRO,-9,44,-9,ACC,-1,2,253,ADC,1259,297,4,1,"
0.0627,rust,0,MM0 ?AI
0.0627,rust,0,MM1 ?AI
0.0627,rust,0,MM0 AI=0:0:2466:2484:0:0
0.0627,rust,0,MM1 AI=0:0:2344:2387:0:0
0.0627,rust,0,MM0 !M 0 0
0.0627,rust,0,MM1 !M 0 0
0.0627,rust,0,MM0 +
0.0627,rust,0,MM1 +
0.0627,rust,0,"#78,YAW,-0.12,GYRO,-9,46,-9,ACC,1,2,254,ADC,1252,362,7,2,"
0.0627,rust,0,MM0 ?C
0.0627,rust,0,MM1 ?C
0.0627,rust,0,MM0 C=-432:341
0.0627,rust,0,MM1 C=1150:-1263
0.0834,rust,0,"#79,YAW,-0.12,GYRO,-9,45,-9,ACC,4,2,255,ADC,1238,387,6,2,"
0.0835,rust,0,MM0 ?D
0.0835,rust,0,MM1 ?D
0.0835,rust,0,MM0 D=51
0.0835,rust,0,MM1 D=27
0.1046,rust,0,"#80,YAW,-0.12,GYRO,-9,45,-10,ACC,2,3,258,ADC,1222,382,5,1,"
0.1046,rust,0,MM0 ?FF
0.1047,rust,0,MM1 ?FF
0.1047,rust,0,MM0 FF=16
0.1047,rust,0,MM1 FF=16
0.1261,rust,0,"#81,YAW,-0.12,GYRO,-10,46,-10,ACC,3,1,258,ADC,1266,386,5,2,"
0.1261,rust,0,MM0 ?P
0.1261,rust,0,MM1 ?P
0.1261,rust,0,MM0 P=0:0
0.1261,rust,0,MM1 P=0:0
0.1595,rust,0,"#82,YAW,-0.12,GYRO,-9,46,-10,ACC,3,3,255,ADC,1212,391,8,2,"
0.1596,rust,0,MM0 ?S
0.1596,rust,0,MM1 ?S
0.1596,rust,0,MM0 S=0:0
0.1596,rust,0,MM1 S=0:0
0.1596,rust,0,MM0 !M 0 0
0.1596,rust,0,MM1 !M 0 0
0.1596,rust,0,MM0 +
0.1596,rust,0,MM1 +
0.1596,rust,0,"#83,YAW,-0.12,GYRO,-9,48,-9,ACC,3,3,256,ADC,1246,494,5,2,"
0.1596,rust,0,MM0 ?T
0.1596,rust,0,MM1 ?T
0.1596,rust,0,MM0 T=35:35
0.1596,rust,0,MM1 T=36:34
0.1799,rust,0,"#84,YAW,-0.12,GYRO,-8,46,-8,ACC,2,1,253,ADC,1261,503,4,2,"
0.1799,rust,0,MM0 ?V
0.1799,rust,0,MM1 ?V
0.1799,rust,0,MM0 V=120:221:4910
0.1799,rust,0,MM1 V=120:223:4903
0.2014,rust,0,"#85,YAW,-0.12,GYRO,-9,44,-9,ACC,1,2,256,ADC,1247,389,4,1,"
0.2014,rust,0,MM0 ?CR
0.2014,rust,0,MM1 ?CR
0.2014,rust,0,MM0 CR=0:0
0.2014,rust,0,MM1 CR=0:0
0.2227,rust,0,"#86,YAW,-0.12,GYRO,-10,45,-9,ACC,2,2,258,ADC,1276,395,6,2,"
0.2228,rust,0,MM0 ?A
0.2228,rust,0,MM1 ?A
0.2228,rust,0,MM0 A=0:0
0.2228,rust,0,MM1 A=0:0
0.2699,rust,0,"$GPRMC,100652.2,A,5050.52895,N,00419.37499,E,000.40,002.8,021026,000.4,E*58"
0.2699,rust,0,"#87,YAW,-0.12,GYRO,-9,46,-10,ACC,2,1,254,ADC,1239,320,5,2,"
0.2699,rust,0,MM0 ?AI
0.2699,rust,0,MM1 ?AI
0.2699,rust,0,MM0 AI=0:0:2472:2458:0:0
0.2699,rust,0,MM1 AI=0:0:2392:2386:0:0
0.2699,rust,0,MM0 !M 0 0
0.2699,rust,0,MM1 !M 0 0
0.2699,rust,0,MM0 +
0.2699,rust,0,MM1 +
0.2699,rust,0,"#88,YAW,-0.11,GYRO,-10,46,-10,ACC,3,4,257,ADC,1257,377,5,2,"
0.2699,rust,0,MM0 ?C
0.2699,rust,0,MM1 ?C
0.2699,rust,0,MM0 C=-432:341
0.2700,rust,0,MM1 C=1150:-1263
0.2700,rust,0,"#89,YAW,-0.11,GYRO,-9,45,-10,ACC,2,3,256,ADC,1259,385,5,2,"
0.2700,rust,0,MM0 ?D
0.2700,rust,0,MM1 ?D
0.2700,rust,0,MM0 D=51
0.2906,rust,0,MM1 D=19
0.2906,rust,0,"#90,YAW,-0.11,GYRO,-9,45,-9,ACC,2,2,255,ADC,1288,502,6,2,"
0.2906,rust,0,MM0 ?FF
0.2906,rust,0,MM1 ?FF
0.2906,rust,0,MM0 FF=16
0.2906,rust,0,MM1 FF=16
0.3116,rust,0,"#91,YAW,-0.11,GYRO,-10,45,-10,ACC,2,3,258,ADC,1255,498,7,2,"
0.3116,rust,0,MM0 ?P
0.3116,rust,0,MM1 ?P
0.3117,rust,0,MM0 P=0:0
0.3117,rust,0,MM1 P=0:0
0.3325,rust,0,"#92,YAW,-0.11,GYRO,-8,46,-9,ACC,3,2,251,ADC,1269,497,4,2,"
0.3325,rust,0,MM0 ?S
0.3325,rust,0,MM1 ?S
0.3326,rust,0,MM0 S=0:0
0.3326,rust,0,MM1 S=0:0
0.3667,rust,0,MM0 !M 0 0
0.3667,rust,0,MM1 !M 0 0
0.3667,rust,0,MM0 +
0.3667,rust,0,MM1 +
0.3667,rust,0,"#93,YAW,-0.11,GYRO,-9,46,-9,ACC,4,2,253,ADC,1277,500,3,2,"
0.3667,rust,0,MM0 ?T
0.3667,rust,0,MM1 ?T
0.3667,rust,0,MM0 T=35:35
0.3667,rust,0,MM1 T=36:34
0.3878,rust,0,"#94,YAW,-0.11,GYRO,-9,45,-10,ACC,2,1,258,ADC,1286,502,7,2,"
0.3878,rust,0,MM0 ?V
0.3879,rust,0,MM1 ?V
0.3879,rust,0,MM0 V=120:222:4910
0.3879,rust,0,MM1 V=120:221:4904
0.3879,rust,0,"#95,YAW,-0.11,GYRO,-10,45,-10,ACC,4,2,254,ADC,1251,386,5,2,"
0.4085,rust,0,MM0 ?CR
0.4085,rust,0,MM1 ?CR
0.4085,rust,0,MM0 CR=0:0
0.4085,rust,0,MM1 CR=0:0
0.4085,rust,0,"#96,YAW,-0.11,GYRO,-9,45,-9,ACC,5,1,258,ADC,1295,501,4,2,"
0.4295,rust,0,MM0 ?A
0.4295,rust,0,MM1 ?A
0.4295,rust,0,MM0 A=0:0
0.4295,rust,0,MM1 A=0:0
0.4296,rust,0,"$GPRMC,100652.4,A,5050.52897,N,00419.37497,E,000.39,002.8,021026,000.4,E*5C"
0.4696,rust,0,"#97,YAW,-0.11,GYRO,-8,46,-10,ACC,0,3,252,ADC,1226,315,5,2,"
0.4696,rust,0,MM0 ?AI
0.4696,rust,0,MM1 ?AI
0.4696,rust,0,MM0 AI=0:0:2453:2455:0:0
0.4696,rust,0,MM1 AI=0:0:2367:2392:0:0
0.4696,rust,0,MM0 !M 0 0
0.4696,rust,0,MM1 !M 0 0
0.4696,rust,0,MM0 +
0.4696,rust,0,MM1 +
0.4696,rust,0,"#98,YAW,-0.10,GYRO,-9,45,-9,ACC,5,3,254,ADC,1249,326,5,2,"
0.4696,rust,0,MM0 ?C
0.4696,rust,0,MM1 ?C
0.4696,rust,0,MM0 C=-432:341
0.4696,rust,0,MM1 C=1150:-1263
0.4696,rust,0,"#99,YAW,-0.10,GYRO,-10,46,-9,ACC,1,1,259,ADC,1255,502,5,2,"
0.4696,rust,0,MM0 ?D
0.4696,rust,0,MM1 ?D
0.4906,rust,0,MM0 D=51
0.4907,rust,0,MM1 D=19
0.4907,rust,0,"#100,YAW,-0.10,GYRO,-8,45,-10,ACC,0,2,251,ADC,1255,501,3,3,"
0.4907,rust,0,MM0 ?FF
0.4907,rust,0,MM1 ?FF
0.4907,rust,0,MM0 FF=16
0.5115,rust,0,MM1 FF=16
0.5116,rust,0,"#101,YAW,-0.10,GYRO,-9,44,-9,ACC,0,3,253,ADC,1271,502,7,2,"
0.5116,rust,0,MM0 ?P
0.5116,rust,0,MM1 ?P
0.5116,rust,0,MM0 P=0:0
0.5116,rust,0,MM1 P=0:0
0.5326,rust,0,"#102,YAW,-0.10,GYRO,-8,44,-10,ACC,3,2,252,ADC,1262,492,5,2,"
0.5326,rust,0,MM0 ?S
0.5326,rust,0,MM1 ?S
0.5327,rust,0,MM0 S=0:0
0.5327,rust,0,MM1 S=0:0
0.5667,rust,0,MM0 !M 0 0
0.5667,rust,0,MM1 !M 0 0
0.5667,rust,0,MM0 +
0.5667,rust,0,MM1 +
0.5667,rust,0,"#103,YAW,-0.10,GYRO,-9,45,-10,ACC,-1,3,257,ADC,1241,389,7,2,"
0.5667,rust,0,MM0 ?T
0.5667,rust,0,MM1 ?T
0.5667,rust,0,MM0 T=35:35
0.5667,rust,0,MM1 T=36:34
0.5897,rust,0,"#104,YAW,-0.10,GYRO,-10,47,-10,ACC,-1,2,254,ADC,1283,401,6,2,"
0.5897,rust,0,MM0 ?V
0.5897,rust,0,MM1 ?V
0.5897,rust,0,MM0 V=120:222:4910
0.5897,rust,0,MM1 V=120:224:4903
0.5898,rust,0,"#105,YAW,-0.10,GYRO,-12,46,-9,ACC,4,3,259,ADC,1221,384,6,2,"
0.6087,rust,0,MM0 ?CR
0.6087,rust,0,MM1 ?CR
0.6087,rust,0,MM0 CR=0:0
0.6087,rust,0,MM1 CR=0:0
0.6087,rust,0,"#106,YAW,-0.10,GYRO,-9,46,-10,ACC,5,1,259,ADC,1259,393,4,2,"
0.6087,rust,0,MM0 ?A
0.6087,rust,0,MM1 ?A
0.6295,rust,0,MM0 A=0:0
0.6296,rust,0,MM1 A=0:0
0.6296,rust,0,"$GPRMC,100652.6,A,5050.52898,N,00419.37495,E,000.36,002.8,021026,000.4,E*5C"
0.6636,rust,0,"#107,YAW,-0.10,GYRO,-9,45,-9,ACC,-1,1,254,ADC,1253,300,4,2,"
0.6637,rust,0,MM0 ?AI
0.6637,rust,0,MM1 ?AI
0.6637,rust,0,MM0 AI=0:0:2453:2466:0:0
0.6637,rust,0,MM1 AI=0:0:2399:2373:0:0
0.6637,rust,0,MM0 !M 0 0
0.6637,rust,0,MM1 !M 0 0
0.6637,rust,0,MM1 +
0.6637,rust,0,MM0 +
0.6637,rust,0,"#108,YAW,-0.10,GYRO,-10,44,-9,ACC,3,2,258,ADC,1247,391,6,2,"
0.6637,rust,0,MM0 ?C
0.6637,rust,0,MM1 ?C
0.6637,rust,0,MM0 C=-432:341
0.6637,rust,0,MM1 C=1150:-1263
0.6845,rust,0,"#109,YAW,-0.10,GYRO,-9,47,-10,ACC,0,1,259,ADC,1237,382,4,2,"
0.6845,rust,0,MM0 ?D
0.6845,rust,0,MM1 ?D
0.6845,rust,0,MM0 D=51
0.6845,rust,0,MM1 D=19
0.7058,rust,0,"#110,YAW,-0.10,GYRO,-10,46,-10,ACC,2,2,255,ADC,1240,499,6,2,"
0.7058,rust,0,MM0 ?FF
0.7058,rust,0,MM1 ?FF
0.7058,rust,0,MM0 FF=16
0.7058,rust,0,MM1 FF=16
0.7266,rust,0,"#111,YAW,-0.10,GYRO,-11,46,-8,ACC,3,2,255,ADC,1255,384,6,1,"
0.7266,rust,0,MM0 ?P
0.7266,rust,0,MM1 ?P
0.7266,rust,0,MM0 P=0:0
0.7266,rust,0,MM1 P=0:0
0.7607,rust,0,"#112,YAW,-0.10,GYRO,-10,45,-9,ACC,3,2,261,ADC,1215,385,7,2,"
0.7607,rust,0,MM0 ?S
0.7607,rust,0,MM1 ?S
0.7607,rust,0,MM0 S=0:0
0.7607,rust,0,MM1 S=0:0
0.7607,rust,0,MM0 !M 0 0
0.7607,rust,0,MM1 !M 0 0
0.7607,rust,0,MM0 +
0.7607,rust,0,MM1 +
0.7607,rust,0,"#113,YAW,-0.10,GYRO,-10,46,-9,ACC,3,1,259,ADC,1262,399,5,2,"
0.7607,rust,0,MM1 ?T
0.7607,rust,0,MM0 ?T
0.7607,rust,0,MM0 T=35:35
0.7607,rust,0,MM1 T=36:34
0.7814,rust,0,"#114,YAW,-0.09,GYRO,-10,45,-9,ACC,2,2,255,ADC,1305,390,6,2,"
0.7815,rust,0,MM0 ?V
0.7815,rust,0,MM1 ?V
0.7815,rust,0,MM0 V=120:222:4911
0.7815,rust,0,MM1 V=120:223:4903
0.8026,rust,0,"#115,YAW,-0.09,GYRO,-9,44,-9,ACC,3,4,255,ADC,1221,391,4,2,"
0.8026,rust,0,MM0 ?CR
0.8026,rust,0,MM1 ?CR
0.8026,rust,0,MM0 CR=0:0
0.8026,rust,0,MM1 CR=0:0
0.8239,rust,0,"#116,YAW,-0.09,GYRO,-8,46,-9,ACC,1,0,257,ADC,1249,386,4,2,"
0.8239,rust,0,MM0 ?A
0.8239,rust,0,MM1 ?A
0.8239,rust,0,MM0 A=0:0
0.8239,rust,0,MM1 A=0:0
0.8767,rust,0,"$GPRMC,100652.8,A,5050.52900,N,00419.37494,E,000.34,002.8,021026,000.4,E*51"
0.8767,rust,0,"#117,YAW,-0.09,GYRO,-9,46,-9,ACC,0,2,258,ADC,1226,305,3,2,"
0.8767,rust,0,MM0 ?AI
0.8767,rust,0,MM1 ?AI
0.8767,rust,0,MM0 AI=0:0:2458:2472:0:0
0.8767,rust,0,MM1 AI=0:0:2390:2385:0:0
0.8767,rust,0,"#118,YAW,-0.09,GYRO,-9,45,-9,ACC,1,1,254,ADC,1255,382,5,2,"
0.8767,rust,0,MM0 ?C
0.8767,rust,0,MM1 ?C
0.8767,rust,0,MM0 C=-432:341
0.8767,rust,0,MM1 C=1150:-1263
0.8767,rust,0,MM0 !M 0 0
0.8768,rust,0,MM1 !M 0 0
0.8768,rust,0,MM0 +
0.8768,rust,0,MM1 +
0.8768,rust,0,"#119,YAW,-0.09,GYRO,-9,44,-8,ACC,3,4,256,ADC,1223,384,6,2,"
0.8768,rust,0,MM0 ?D
0.8768,rust,0,MM1 ?D
0.8768,rust,0,MM0 D=51
0.8768,rust,0,MM1 D=19
0.8976,rust,0,"#120,YAW,-0.09,GYRO,-9,47,-9,ACC,3,-2,252,ADC,1228,392,4,2,"
0.8976,rust,0,MM0 ?FF
0.8977,rust,0,MM1 ?FF
0.8977,rust,0,MM0 FF=16
0.8977,rust,0,MM1 FF=16
0.9186,rust,0,"#121,YAW,-0.09,GYRO,-6,46,-10,ACC,0,2,251,ADC,1285,499,3,1,"
0.9186,rust,0,MM0 ?P
0.9186,rust,0,MM1 ?P
0.9186,rust,0,MM0 P=0:0
0.9186,rust,0,MM1 P=0:0
0.9394,rust,0,"#122,YAW,-0.09,GYRO,-9,45,-10,ACC,1,3,255,ADC,1263,388,7,2,"
0.9394,rust,0,MM0 ?S
0.9394,rust,0,MM1 ?S
0.9394,rust,0,MM0 S=0:0
0.9394,rust,0,MM1 S=0:0
0.9734,rust,0,"#123,YAW,-0.09,GYRO,-10,46,-8,ACC,1,2,255,ADC,1221,381,5,2,"
0.9734,rust,0,MM0 ?T
0.9734,rust,0,MM1 ?T
0.9734,rust,0,MM0 T=35:35
0.9734,rust,0,MM1 T=37:34
0.9735,rust,0,MM0 !M 0 0
0.9735,rust,0,MM1 !M 0 0
0.9735,rust,0,MM1 +
0.9735,rust,0,MM0 +
0.9735,rust,0,"#124,YAW,-0.09,GYRO,-9,45,-9,ACC,0,1,256,ADC,1254,393,5,2,"
0.9735,rust,0,MM0 ?V
0.9735,rust,0,MM1 ?V
0.9735,rust,0,MM0 V=120:223:4910
0.9735,rust,0,MM1 V=120:223:4902
0.9944,rust,0,"#125,YAW,-0.09,GYRO,-9,44,-9,ACC,4,1,257,ADC,1264,389,5,2,"
0.9944,rust,0,MM0 ?CR
0.9944,rust,0,MM1 ?CR
0.9944,rust,0,MM0 CR=0:0
0.9944,rust,0,MM1 CR=0:0
1.0154,rust,0,"#126,YAW,-0.09,GYRO,-9,47,-10,ACC,2,4,257,ADC,1269,411,4,2,"
1.0155,rust,0,MM0 ?A
1.0155,rust,0,MM1 ?A
1.0155,rust,0,MM0 A=0:0
1.0155,rust,0,MM1 A=0:0
1.0367,rust,0,"$GPRMC,100653.0,A,5050.52901,N,00419.37492,E,000.31,002.8,021026,000.4,E*5A"
1.0367,rust,0,"#127,YAW,-0.09,GYRO,-10,46,-9,ACC,3,6,254,ADC,1275,365,5,2,"
1.0367,rust,0,MM0 ?AI
1.0367,rust,0,MM1 ?AI
1.0367,rust,0,MM0 AI=0:0:2446:2474:0:0
1.0708,rust,0,MM1 AI=0:0:2364:2359:0:0
1.0708,rust,0,"#128,YAW,-0.09,GYRO,-9,46,-9,ACC,4,2,252,ADC,1277,497,6,2,"
1.0708,rust,0,MM0 !M 0 0
1.0708,rust,0,MM0 +
1.0709,rust,0,MM1 !M 0 0
1.0709,rust,0,MM1 +
1.0709,rust,0,MM0 ?C
1.0709,rust,0,MM1 ?C
1.0709,rust,0,MM0 C=-432:341
1.0709,rust,0,MM1 C=1150:-1263
1.0709,rust,0,"#129,YAW,-0.09,GYRO,-9,44,-10,ACC,3,1,257,ADC,1252,383,4,1,"
1.0709,rust,0,MM0 ?D
1.0709,rust,0,MM1 ?D
1.0709,rust,0,MM0 D=51
1.0709,rust,0,MM1 D=19
1.0914,rust,0,"#130,YAW,-0.09,GYRO,-10,46,-8,ACC,2,1,254,ADC,1220,382,5,2,"
1.0915,rust,0,MM0 ?FF
1.0915,rust,0,MM1 ?FF
1.0915,rust,0,MM0 FF=16
1.0915,rust,0,MM1 FF=16
1.1124,rust,0,"#131,YAW,-0.09,GYRO,-10,45,-11,ACC,2,1,252,ADC,1213,382,5,1,"
1.1124,rust,0,MM0 ?P
1.1124,rust,0,MM1 ?P
1.1124,rust,0,MM0 P=0:0
1.1124,rust,0,MM1 P=0:0
1.1334,rust,0,"#132,YAW,-0.09,GYRO,-8,46,-10,ACC,3,3,258,ADC,1201,381,4,2,"
1.1334,rust,0,MM0 ?S
1.1334,rust,0,MM1 ?S
1.1334,rust,0,MM0 S=0:0
1.1334,rust,0,MM1 S=0:0
1.1676,rust,0,MM0 !M 0 0
1.1676,rust,0,MM1 !M 0 0
1.1676,rust,0,MM0 +
1.1676,rust,0,MM1 +
1.1676,rust,0,"#133,YAW,-0.09,GYRO,-9,45,-9,ACC,1,4,255,ADC,1308,370,4,2,"
1.1676,rust,0,MM0 ?T
1.1676,rust,0,MM1 ?T
1.1676,rust,0,MM0 T=35:35
1.1676,rust,0,MM1 T=36:34
1.1676,rust,0,"#134,YAW,-0.09,GYRO,-9,48,-9,ACC,1,3,255,ADC,1265,387,3,2,"
1.1896,rust,0,MM0 ?V
1.1896,rust,0,MM1 ?V
1.1896,rust,0,MM0 V=120:222:4910
1.1896,rust,0,MM1 V=120:222:4902
1.1896,rust,0,"#135,YAW,-0.09,GYRO,-9,46,-9,ACC,-1,3,255,ADC,1244,391,4,2,"
1.1896,rust,0,MM0 ?CR
1.2095,rust,0,MM1 ?CR
1.2095,rust,0,MM0 CR=0:0
1.2095,rust,0,MM1 CR=0:0
1.2095,rust,0,"#136,YAW,-0.09,GYRO,-9,46,-10,ACC,-1,2,255,ADC,1222,382,6,2,"
1.2095,rust,0,MM0 ?A
1.2095,rust,0,MM1 ?A
1.2305,rust,0,MM0 A=0:0
1.2306,rust,0,MM1 A=0:0
1.2306,rust,0,"$GPRMC,100653.2,A,5050.52903,N,00419.37491,E,000.31,002.8,021026,000.4,E*59"
1.2306,rust,0,"#137,YAW,-0.09,GYRO,-10,46,-8,ACC,3,1,255,ADC,1262,340,6,2,"
1.2651,rust,0,MM0 ?AI
1.2652,rust,0,MM1 ?AI
1.2652,rust,0,MM0 AI=0:0:2483:2470:0:0
1.2652,rust,0,MM1 AI=0:0:2381:2377:0:0
1.2652,rust,0,MM1 !M 0 0
1.2652,rust,0,MM0 !M 0 0
1.2652,rust,0,MM1 +
1.2652,rust,0,MM0 +
1.2652,rust,0,"#138,YAW,-0.09,GYRO,-9,46,-8,ACC,1,2,258,ADC,1275,503,7,2,"
1.2653,rust,0,MM0 ?C
1.2653,rust,0,MM1 ?C
1.2653,rust,0,MM0 C=-432:341
1.2653,rust,0,MM1 C=1150:-1263
1.2856,rust,0,"#139,YAW,-0.09,GYRO,-10,47,-9,ACC,-1,2,258,ADC,1268,388,4,2,"
1.2856,rust,0,MM0 ?D
1.2857,rust,0,MM1 ?D
1.2857,rust,0,MM0 D=51
1.2857,rust,0,MM1 D=19
1.3055,rust,0,"#140,YAW,-0.09,GYRO,-10,47,-9,ACC,-3,4,254,ADC,1244,383,4,1,"
1.3055,rust,0,MM0 ?FF
1.3055,rust,0,MM1 ?FF
1.3055,rust,0,MM0 FF=16
1.3055,rust,0,MM1 FF=16
1.3280,rust,0,"#141,YAW,-0.09,GYRO,-9,47,-10,ACC,2,1,256,ADC,1255,397,5,1,"
1.3280,rust,0,MM0 ?P
1.3281,rust,0,MM1 ?P
1.3281,rust,0,MM0 P=0:0
1.3281,rust,0,MM1 P=0:0
1.3281,rust,0,"#142,YAW,-0.09,GYRO,-9,48,-9,ACC,3,1,258,ADC,1216,381,5,2,"
1.3486,rust,0,MM0 ?S
1.3486,rust,0,MM1 ?S
1.3486,rust,0,MM0 S=0:0
1.3486,rust,0,MM1 S=0:0
1.3486,rust,0,"#143,YAW,-0.09,GYRO,-9,45,-9,ACC,-2,1,253,ADC,1235,408,6,1,"
1.3486,rust,0,MM0 ?T
1.3896,rust,0,MM1 ?T
1.3896,rust,0,MM0 T=35:35
1.3896,rust,0,MM1 T=36:34
1.3896,rust,0,MM1 !M 0 0
1.3896,rust,0,MM0 !M 0 0
1.3896,rust,0,MM1 +
1.3896,rust,0,MM0 +
1.3896,rust,0,"#144,YAW,-0.09,GYRO,-9,46,-9,ACC,1,2,252,ADC,1224,278,5,2,"
1.3896,rust,0,MM0 ?V
1.3896,rust,0,MM1 ?V
1.3896,rust,0,MM0 V=120:222:4910
1.3896,rust,0,MM1 V=120:221:4903
1.3896,rust,0,"#145,YAW,-0.09,GYRO,-9,46,-8,ACC,6,1,253,ADC,1260,400,6,2,"
1.3897,rust,0,MM0 ?CR
1.4096,rust,0,MM1 ?CR
1.4097,rust,0,MM0 CR=0:0
1.4097,rust,0,MM1 CR=0:0
1.4097,rust,0,"#146,YAW,-0.09,GYRO,-8,45,-9,ACC,2,4,257,ADC,1269,391,6,1,"
1.4097,rust,0,MM0 ?A
1.4097,rust,0,MM1 ?A
1.4097,rust,0,MM0 A=0:0
1.4314,rust,0,MM1 A=0:0
1.4314,rust,0,"$GPRMC,100653.4,A,5050.52904,N,00419.37489,E,000.30,002.8,021026,000.4,E*50"
1.4314,rust,0,"#147,YAW,-0.09,GYRO,-9,46,-9,ACC,0,1,255,ADC,1259,312,5,1,"
1.4314,rust,0,MM0 ?AI
1.4666,rust,0,MM1 ?AI
1.4666,rust,0,MM0 AI=0:0:2455:2474:0:0
1.4666,rust,0,MM1 AI=0:0:2392:2368:0:0
1.4666,rust,0,MM0 !M 0 0
1.4667,rust,0,MM1 !M 0 0
1.4667,rust,0,MM0 +
1.4667,rust,0,MM1 +
1.4667,rust,0,"#148,YAW,-0.09,GYRO,-9,47,-8,ACC,-1,3,254,ADC,1237,392,7,1,"
1.4667,rust,0,MM0 ?C
1.4667,rust,0,MM1 ?C
1.4667,rust,0,MM0 C=-432:341
1.4667,rust,0,MM1 C=1150:-1263
1.4878,rust,0,"#149,YAW,-0.09,GYRO,-11,48,-10,ACC,5,1,258,ADC,1221,381,7,2,"
1.4879,rust,0,MM0 ?D
1.4879,rust,0,MM1 ?D
1.4879,rust,0,MM0 D=51
1.4879,rust,0,MM1 D=27
1.4879,rust,0,"#150,YAW,-0.09,GYRO,-9,46,-10,ACC,0,4,256,ADC,1278,395,4,2,"
1.5103,rust,0,MM0 ?FF
1.5103,rust,0,MM1 ?FF
1.5103,rust,0,MM0 FF=16
1.5103,rust,0,MM1 FF=16
1.5103,rust,0,"#151,YAW,-0.09,GYRO,-9,45,-9,ACC,0,5,253,ADC,1277,405,5,2,"
1.5103,rust,0,MM0 ?P
1.5103,rust,0,MM1 ?P
1.5301,rust,0,MM0 P=0:0
1.5301,rust,0,MM1 P=0:0
1.5301,rust,0,"#152,YAW,-0.09,GYRO,-8,46,-9,ACC,2,2,255,ADC,1271,385,6,2,"
1.5301,rust,0,MM0 ?S
1.5301,rust,0,MM1 ?S
1.5301,rust,0,MM0 S=0:0
1.5636,rust,0,MM1 S=0:0
1.5636,rust,0,MM0 !M 0 0
1.5636,rust,0,MM1 !M 0 0
1.5636,rust,0,MM0 +
1.5636,rust,0,MM1 +
1.5636,rust,0,"#153,YAW,-0.09,GYRO,-11,46,-9,ACC,0,3,256,ADC,1267,497,4,2,"
1.5636,rust,0,MM0 ?T
1.5636,rust,0,MM1 ?T
1.5636,rust,0,MM0 T=35:35
1.5636,rust,0,MM1 T=37:34
1.5847,rust,0,"#154,YAW,-0.09,GYRO,-10,46,-11,ACC,1,-1,258,ADC,1256,499,4,1,"
1.5847,rust,0,MM0 ?V
1.5847,rust,0,MM1 ?V
1.5847,rust,0,MM0 V=120:221:4910
1.5847,rust,0,MM1 V=120:222:4903
1.6061,rust,0,"#155,YAW,-0.09,GYRO,-10,46,-9,ACC,3,3,254,ADC,1246,389,6,2,"
1.6061,rust,0,MM1 ?CR
1.6061,rust,0,MM0 ?CR
1.6061,rust,0,MM1 CR=0:0
1.6061,rust,0,MM0 CR=0:0
1.6265,rust,0,"#156,YAW,-0.09,GYRO,-10,45,-9,ACC,2,3,255,ADC,1254,390,6,2,"
1.6265,rust,0,MM0 ?A
1.6265,rust,0,MM1 ?A
1.6265,rust,0,MM0 A=0:0
1.6265,rust,0,MM1 A=0:0
1.6265,rust,0,"$GPRMC,100653.6,A,5050.52905,N,00419.37488,E,000.29,002.8,021026,000.4,E*5A"
1.6784,rust,0,"#157,YAW,-0.09,GYRO,-8,46,-9,ACC,1,1,257,ADC,1228,310,4,2,"
1.6784,rust,0,MM0 ?AI
1.6784,rust,0,MM1 ?AI
1.6784,rust,0,MM0 AI=0:0:2453:2478:0:0
1.6784,rust,0,MM1 AI=0:0:2361:2394:0:0
1.6784,rust,0,"#158,YAW,-0.08,GYRO,-9,45,-10,ACC,4,2,256,ADC,1257,499,5,1,"
1.6784,rust,0,MM0 ?C
1.6784,rust,0,MM1 ?C
1.6784,rust,0,MM0 C=-432:341
1.6784,rust,0,MM1 C=1150:-1263
1.6784,rust,0,MM1 !M 0 0
1.6784,rust,0,MM0 !M 0 0
1.6784,rust,0,MM1 +
1.6784,rust,0,MM0 +
1.6785,rust,0,"#159,YAW,-0.08,GYRO,-8,46,-10,ACC,2,2,256,ADC,1231,498,5,1,"
1.6785,rust,0,MM0 ?D
1.6785,rust,0,MM1 ?D
1.6785,rust,0,MM0 D=51
1.6785,rust,0,MM1 D=19
1.6974,rust,0,"#160,YAW,-0.08,GYRO,-9,46,-10,ACC,0,4,258,ADC,1285,385,4,2,"
1.6975,rust,0,MM1 ?FF
1.6975,rust,0,MM0 ?FF
1.6975,rust,0,MM1 FF=16
1.6975,rust,0,MM0 FF=16
1.7184,rust,0,"#161,YAW,-0.08,GYRO,-10,46,-9,ACC,4,1,253,ADC,1237,383,5,2,"
1.7184,rust,0,MM0 ?P
1.7184,rust,0,MM1 ?P
1.7184,rust,0,MM0 P=0:0
1.7184,rust,0,MM1 P=0:0
1.7396,rust,0,"#162,YAW,-0.08,GYRO,-8,46,-8,ACC,3,4,254,ADC,1239,385,5,2,"
1.7397,rust,0,MM1 ?S
1.7397,rust,0,MM0 ?S
1.7397,rust,0,MM1 S=0:0
1.7397,rust,0,MM0 S=0:0
1.7735,rust,0,"#163,YAW,-0.08,GYRO,-9,45,-10,ACC,3,4,259,ADC,1258,394,9,2,"
1.7735,rust,0,MM1 ?T
1.7735,rust,0,MM0 ?T
1.7735,rust,0,MM1 T=36:34
1.7735,rust,0,MM0 T=35:35
1.7735,rust,0,MM0 !M 0 0
1.7735,rust,0,MM1 !M 0 0
1.7735,rust,0,MM0 +
1.7735,rust,0,MM1 +
1.7735,rust,0,"#164,YAW,-0.08,GYRO,-9,48,-10,ACC,0,2,254,ADC,1258,500,6,2,"
1.7735,rust,0,MM1 ?V
1.7735,rust,0,MM0 ?V
1.7735,rust,0,MM1 V=120:222:4902
1.7735,rust,0,MM0 V=120:221:4911
1.7946,rust,0,"#165,YAW,-0.08,GYRO,-10,46,-10,ACC,3,2,255,ADC,1242,384,6,3,"
1.7946,rust,0,MM1 ?CR
1.7946,rust,0,MM0 ?CR
1.7946,rust,0,MM1 CR=0:0
1.7946,rust,0,MM0 CR=0:0
1.8172,rust,0,"#166,YAW,-0.08,GYRO,-10,44,-11,ACC,3,3,255,ADC,1234,381,5,2,"
1.8172,rust,0,MM1 ?A
1.8172,rust,0,MM0 ?A
1.8172,rust,0,MM1 A=0:0
1.8172,rust,0,MM0 A=0:0
1.8365,rust,0,"$GPRMC,100653.8,A,5050.52907,N,00419.37487,E,000.28,002.8,021026,000.4,E*58"
1.8365,rust,0,"#167,YAW,-0.08,GYRO,-9,45,-10,ACC,1,3,255,ADC,1282,300,4,2,"
1.8365,rust,0,MM1 ?AI
1.8365,rust,0,MM0 ?AI
1.8365,rust,0,MM1 AI=0:0:2362:2409:0:0
1.8705,rust,0,MM0 AI=0:0:2471:2478:0:0
1.8706,rust,0,MM1 !M 0 0
1.8706,rust,0,"#168,YAW,-0.08,GYRO,-9,46,-11,ACC,3,2,256,ADC,1296,444,4,1,"
1.8706,rust,0,MM0 !M 0 0
1.8706,rust,0,MM0 +
1.8706,rust,0,MM1 +
1.8706,rust,0,MM1 ?C
1.8706,rust,0,MM0 ?C
1.8706,rust,0,MM0 C=-432:341
1.8706,rust,0,MM1 C=1150:-1263
1.8706,rust,0,"#169,YAW,-0.08,GYRO,-8,46,-9,ACC,1,2,266,ADC,1282,503,5,1,"
1.8706,rust,0,MM1 ?D
1.8706,rust,0,MM0 ?D
1.8706,rust,0,MM1 D=19
1.8706,rust,0,MM0 D=51
1.8920,rust,0,"#170,YAW,-0.08,GYRO,-10,48,-9,ACC,3,1,257,ADC,1297,391,5,1,"
1.8920,rust,0,MM1 ?FF
1.8920,rust,0,MM0 ?FF
1.8920,rust,0,MM1 FF=16
1.8920,rust,0,MM0 FF=16
1.9123,rust,0,"#171,YAW,-0.08,GYRO,-8,47,-10,ACC,0,1,251,ADC,1236,389,5,2,"
1.9123,rust,0,MM1 ?P
1.9123,rust,0,MM0 ?P
1.9123,rust,0,MM1 P=0:0
1.9124,rust,0,MM0 P=0:0
1.9335,rust,0,"#172,YAW,-0.08,GYRO,-9,47,-10,ACC,2,1,256,ADC,1231,400,6,2,"
1.9335,rust,0,MM1 ?S
1.9335,rust,0,MM0 ?S
1.9335,rust,0,MM1 S=0:0
1.9335,rust,0,MM0 S=0:0
1.9676,rust,0,MM0 !M 0 0
1.9676,rust,0,MM1 !M 0 0
1.9676,rust,0,MM0 +
1.9676,rust,0,MM1 +
1.9676,rust,0,"#173,YAW,-0.08,GYRO,-10,46,-10,ACC,2,2,257,ADC,1289,343,5,2,"
1.9676,rust,0,MM1 ?T
1.9676,rust,0,MM0 ?T
1.9676,rust,0,MM1 T=36:34
1.9676,rust,0,MM0 T=35:35
1.9676,rust,0,"#174,YAW,-0.08,GYRO,-9,46,-10,ACC,2,1,254,ADC,1302,394,6,1,"
1.9885,rust,0,MM1 ?V
1.9885,rust,0,MM0 ?V
1.9885,rust,0,MM1 V=120:222:4903
1.9886,rust,0,MM0 V=120:222:4911
1.9886,rust,0,"#175,YAW,-0.08,GYRO,-9,45,-9,ACC,3,2,259,ADC,1242,413,6,2,"
1.9886,rust,0,MM1 ?CR
2.0096,rust,0,MM0 ?CR
2.0096,rust,0,MM1 CR=0:0
2.0096,rust,0,MM0 CR=0:0
2.0096,rust,0,"#176,YAW,-0.08,GYRO,-9,45,-9,ACC,5,3,256,ADC,1253,423,6,2,"
2.0096,rust,0,MM1 ?A
2.0096,rust,0,MM0 ?A
2.0096,rust,0,MM1 A=0:0
2.0305,rust,0,MM0 A=0:0
2.0305,rust,0,"$GPRMC,100654.0,A,5050.52908,N,00419.37486,E,000.28,002.8,021026,000.4,E*59"
2.0815,rust,0,"#177,YAW,-0.08,GYRO,-9,45,-10,ACC,5,2,256,ADC,1219,326,4,2,"
2.0815,rust,0,MM1 ?AI
2.0815,rust,0,MM0 ?AI
2.0815,rust,0,MM1 AI=0:0:2374:2378:0:0
2.0815,rust,0,MM0 AI=0:0:2446:2472:0:0
2.0815,rust,0,"#178,YAW,-0.08,GYRO,-9,46,-10,ACC,3,2,253,ADC,1256,401,6,3,"
2.0816,rust,0,MM1 ?C
2.0816,rust,0,MM0 ?C
2.0816,rust,0,MM0 C=-432:341
2.0816,rust,0,MM1 C=1150:-1263
2.0816,rust,0,MM0 !M 0 0
2.0816,rust,0,MM1 !M 0 0
2.0816,rust,0,MM0 +
2.0816,rust,0,MM1 +
2.0816,rust,0,"#179,YAW,-0.08,GYRO,-9,46,-9,ACC,3,2,260,ADC,1257,399,4,2,"
2.0816,rust,0,MM1 ?D
2.0816,rust,0,MM0 ?D
2.0816,rust,0,MM1 D=19
2.0816,rust,0,MM0 D=59
2.1025,rust,0,"#180,YAW,-0.08,GYRO,-9,45,-9,ACC,4,4,255,ADC,1240,390,5,2,"
2.1025,rust,0,MM1 ?FF
2.1025,rust,0,MM0 ?FF
2.1025,rust,0,MM1 FF=16
2.1025,rust,0,MM0 FF=16
2.1242,rust,0,"#181,YAW,-0.08,GYRO,-8,46,-9,ACC,3,2,255,ADC,1243,382,5,1,"
2.1242,rust,0,MM1 ?P
2.1242,rust,0,MM0 ?P
2.1242,rust,0,MM1 P=0:0
2.1242,rust,0,MM0 P=0:0
2.1444,rust,0,"#182,YAW,-0.08,GYRO,-11,48,-9,ACC,3,3,258,ADC,1247,383,4,2,"
2.1444,rust,0,MM1 ?S
2.1444,rust,0,MM0 ?S
2.1444,rust,0,MM1 S=0:0
2.1444,rust,0,MM0 S=0:0
2.1817,rust,0,"#183,YAW,-0.08,GYRO,-10,45,-9,ACC,3,2,254,ADC,1267,385,4,2,"
2.1817,rust,0,MM1 ?T
2.1817,rust,0,MM0 ?T
2.1817,rust,0,MM1 T=36:34
2.1817,rust,0,MM0 T=35:35
2.1817,rust,0,MM0 !M 0 0
2.1817,rust,0,MM1 !M 0 0
2.1817,rust,0,MM0 +
2.1817,rust,0,MM1 +
2.1817,rust,0,"#184,YAW,-0.08,GYRO,-9,44,-10,ACC,0,1,256,ADC,1221,383,5,1,"
2.1817,rust,0,MM1 ?V
2.1817,rust,0,MM0 ?V
2.1817,rust,0,MM1 V=120:222:4901
2.1817,rust,0,MM0 V=120:222:4910
2.2024,rust,0,"#185,YAW,-0.08,GYRO,-9,44,-10,ACC,2,1,253,ADC,1259,388,5,2,"
2.2024,rust,0,MM1 ?CR
2.2024,rust,0,MM0 ?CR
2.2024,rust,0,MM1 CR=0:0
2.2024,rust,0,MM0 CR=0:0
2.2234,rust,0,"#186,YAW,-0.08,GYRO,-11,46,-9,ACC,1,2,258,ADC,1264,385,7,2,"
2.2234,rust,0,MM1 ?A
2.2235,rust,0,MM0 ?A
2.2235,rust,0,MM1 A=0:0
2.2235,rust,0,MM0 A=0:0
2.2448,rust,0,"#187,YAW,-0.08,GYRO,-9,48,-9,ACC,-2,3,254,ADC,1297,500,4,2,"
2.2448,rust,0,MM1 ?AI
2.2448,rust,0,MM0 ?AI
2.2448,rust,0,MM1 AI=0:0:2386:2380:0:0
2.2448,rust,0,MM0 AI=0:0:2455:2471:0:0
2.2448,rust,0,"$GPRMC,100654.2,A,5050.52910,N,00419.37485,E,000.27,002.8,021026,000.4,E*5E"
2.2784,rust,0,"#188,YAW,-0.08,GYRO,-10,46,-10,ACC,2,-1,252,ADC,1253,499,5,2,"
2.2784,rust,0,MM1 ?C
2.2784,rust,0,MM0 ?C
2.2784,rust,0,MM0 C=-432:341
2.2784,rust,0,MM1 C=1150:-1263
2.2784,rust,0,MM1 !M 0 0
2.2784,rust,0,MM0 !M 0 0
2.2784,rust,0,MM1 +
2.2784,rust,0,MM0 +
2.2784,rust,0,"#189,YAW,-0.08,GYRO,-10,46,-10,ACC,2,2,259,ADC,1233,386,4,1,"
2.2784,rust,0,MM1 ?D
2.2784,rust,0,MM0 ?D
2.2784,rust,0,MM1 D=19
2.2784,rust,0,MM0 D=51
2.2993,rust,0,"#190,YAW,-0.08,GYRO,-10,48,-10,ACC,3,2,261,ADC,1250,384,6,2,"
2.2993,rust,0,MM1 ?FF
2.2993,rust,0,MM0 ?FF
2.2993,rust,0,MM1 FF=16
2.2993,rust,0,MM0 FF=16
2.3204,rust,0,"#191,YAW,-0.08,GYRO,-9,46,-9,ACC,3,2,255,ADC,1249,386,5,2,"
2.3204,rust,0,MM1 ?P
2.3204,rust,0,MM0 ?P
2.3204,rust,0,MM1 P=0:0
2.3204,rust,0,MM0 P=0:0
2.3413,rust,0,"#192,YAW,-0.08,GYRO,-9,46,-9,ACC,0,1,255,ADC,1237,395,6,2,"
2.3413,rust,0,MM1 ?S
2.3413,rust,0,MM0 ?S
2.3413,rust,0,MM1 S=0:0
2.3413,rust,0,MM0 S=0:0
2.3754,rust,0,"#193,YAW,-0.08,GYRO,-10,46,-10,ACC,3,2,257,ADC,1267,500,4,1,"
2.3754,rust,0,MM0 ?T
2.3754,rust,0,MM1 ?T
2.3754,rust,0,MM0 T=35:35
2.3754,rust,0,MM1 T=36:34
2.3754,rust,0,MM0 !M 0 0
2.3754,rust,0,MM1 !M 0 0
2.3754,rust,0,MM0 +
2.3754,rust,0,MM1 +
2.3754,rust,0,"#194,YAW,-0.08,GYRO,-10,46,-9,ACC,1,2,255,ADC,1242,381,4,2,"
2.3754,rust,0,MM0 ?V
2.3754,rust,0,MM1 ?V
2.3754,rust,0,MM0 V=120:223:4910
2.3754,rust,0,MM1 V=120:222:4902
2.3964,rust,0,"#195,YAW,-0.08,GYRO,-9,46,-8,ACC,3,1,253,ADC,1259,388,5,2,"
2.3964,rust,0,MM0 ?CR
2.3964,rust,0,MM1 ?CR
2.3964,rust,0,MM0 CR=0:0
2.3964,rust,0,MM1 CR=0:0
2.4173,rust,0,"#196,YAW,-0.08,GYRO,-9,46,-9,ACC,4,3,256,ADC,1225,384,5,2,"
2.4173,rust,0,MM0 ?A
2.4173,rust,0,MM1 ?A
2.4173,rust,0,MM0 A=0:0
2.4173,rust,0,MM1 A=0:0
2.4387,rust,0,"#197,YAW,-0.08,GYRO,-9,49,-10,ACC,1,4,247,ADC,1285,500,4,2,"
2.4387,rust,0,MM0 ?AI
2.4387,rust,0,MM1 ?AI
2.4387,rust,0,"$GPRMC,100654.4,A,5050.52911,N,00419.37484,E,000.26,002.8,021026,000.4,E*59"
2.4387,rust,0,MM0 AI=0:0:2458:2469:0:0
2.4735,rust,0,MM1 AI=0:0:2367:2391:0:0
2.4735,rust,0,"#198,YAW,-0.08,GYRO,-8,45,-9,ACC,0,4,252,ADC,1259,386,4,2,"
2.4735,rust,0,MM0 ?C
2.4735,rust,0,MM1 ?C
2.4735,rust,0,MM0 C=-432:341
2.4736,rust,0,MM1 C=1150:-1263
2.4736,rust,0,MM1 !M 0 0
2.4736,rust,0,MM0 !M 0 0
2.4736,rust,0,MM1 +
2.4736,rust,0,MM0 +
2.4736,rust,0,"#199,YAW,-0.08,GYRO,-10,46,-11,ACC,3,2,259,ADC,1219,499,5,2,"
2.4736,rust,0,MM0 ?D
2.4736,rust,0,MM1 ?D
2.4736,rust,0,MM0 D=51
2.4736,rust,0,MM1 D=19
2.4943,rust,0,"#200,YAW,-0.08,GYRO,-9,45,-9,ACC,2,1,255,ADC,1261,501,6,2,"
2.4943,rust,0,MM0 ?FF
2.4943,rust,0,MM1 ?FF
2.4943,rust,0,MM0 FF=16
2.4943,rust,0,MM1 FF=16
2.5157,rust,0,"#201,YAW,-0.07,GYRO,-10,46,-10,ACC,0,2,256,ADC,1241,387,6,1,"
2.5157,rust,0,MM0 ?P
2.5157,rust,0,MM1 ?P
2.5157,rust,0,MM0 P=0:0
2.5157,rust,0,MM1 P=0:0
2.5363,rust,0,"#202,YAW,-0.07,GYRO,-8,46,-9,ACC,-1,2,259,ADC,1304,412,4,2,"
2.5363,rust,0,MM0 ?S
2.5363,rust,0,MM1 ?S
2.5363,rust,0,MM0 S=0:0
2.5363,rust,0,MM1 S=0:0
2.5707,rust,0,MM0 !M 0 0
2.5708,rust,0,MM1 !M 0 0
2.5708,rust,0,MM0 +
2.5708,rust,0,MM1 +
2.5708,rust,0,"#203,YAW,-0.07,GYRO,-9,48,-8,ACC,0,4,261,ADC,1251,316,4,2,"
2.5708,rust,0,MM0 ?T
2.5708,rust,0,MM1 ?T
2.5708,rust,0,MM0 T=35:35
2.5708,rust,0,MM1 T=36:34
2.5708,rust,0,"#204,YAW,-0.07,GYRO,-8,46,-10,ACC,2,1,256,ADC,1237,386,4,1,"
2.5708,rust,0,MM0 ?V
2.5708,rust,0,MM1 ?V
2.5708,rust,0,MM0 V=120:222:4911
2.5915,rust,0,MM1 V=120:222:4902
2.5915,rust,0,"#205,YAW,-0.07,GYRO,-8,46,-9,ACC,0,3,254,ADC,1263,497,5,2,"
2.5916,rust,0,MM0 ?CR
2.5916,rust,0,MM1 ?CR
2.5916,rust,0,MM0 CR=0:0
2.5916,rust,0,MM1 CR=0:0
2.6124,rust,0,"#206,YAW,-0.07,GYRO,-9,48,-11,ACC,3,2,261,ADC,1259,387,5,2,"
2.6124,rust,0,MM0 ?A
2.6124,rust,0,MM1 ?A
2.6124,rust,0,MM0 A=0:0
2.6124,rust,0,MM1 A=0:0
2.6359,rust,0,"#207,YAW,-0.07,GYRO,-9,47,-8,ACC,0,1,258,ADC,1230,382,5,2,"
2.6359,rust,0,MM0 ?AI
2.6359,rust,0,MM1 ?AI
2.6696,rust,0,"$GPRMC,100654.6,A,5050.52912,N,00419.37483,E,000.24,002.8,021026,000.4,E*5D"
2.6696,rust,0,MM0 AI=0:0:2471:2466:0:0
2.6696,rust,0,MM1 AI=0:0:2382:2384:0:0
2.6696,rust,0,MM1 !M 0 0
2.6696,rust,0,MM0 !M 0 0
2.6696,rust,0,MM1 +
2.6696,rust,0,MM0 +
2.6696,rust,0,"#208,YAW,-0.07,GYRO,-9,46,-9,ACC,2,2,251,ADC,1220,374,6,1,"
2.6696,rust,0,MM0 ?C
2.6696,rust,0,MM1 ?C
2.6696,rust,0,MM0 C=-432:341
2.6697,rust,0,MM1 C=1150:-1263
2.6697,rust,0,"#209,YAW,-0.07,GYRO,-9,45,-10,ACC,3,1,256,ADC,1219,390,4,2,"
2.6697,rust,0,MM0 ?D
2.6697,rust,0,MM1 ?D
2.6697,rust,0,MM0 D=51
2.6907,rust,0,MM1 D=19
2.6907,rust,0,"#210,YAW,-0.07,GYRO,-10,45,-10,ACC,3,2,255,ADC,1258,391,6,2,"
2.6907,rust,0,MM0 ?FF
2.6907,rust,0,MM1 ?FF
2.6907,rust,0,MM0 FF=16
2.7114,rust,0,MM1 FF=16
2.7114,rust,0,"#211,YAW,-0.07,GYRO,-10,47,-9,ACC,2,2,250,ADC,1236,395,6,2,"
2.7114,rust,0,MM0 ?P
2.7114,rust,0,MM1 ?P
2.7114,rust,0,MM0 P=0:0
2.7114,rust,0,MM1 P=0:0
2.7323,rust,0,"#212,YAW,-0.07,GYRO,-10,46,-8,ACC,3,1,254,ADC,1249,499,5,2,"
2.7323,rust,0,MM0 ?S
2.7324,rust,0,MM1 ?S
2.7324,rust,0,MM0 S=0:0
2.7324,rust,0,MM1 S=0:0
2.7814,rust,0,"#213,YAW,-0.07,GYRO,-9,45,-8,ACC,4,3,260,ADC,1259,501,8,2,"
2.7815,rust,0,MM0 ?T
2.7815,rust,0,MM1 ?T
2.7815,rust,0,MM0 T=35:35
2.7815,rust,0,MM1 T=36:34
2.7815,rust,0,MM0 !M 0 0
2.7815,rust,0,MM1 !M 0 0
2.7815,rust,0,MM0 +
2.7815,rust,0,MM1 +
2.7815,rust,0,"#214,YAW,-0.07,GYRO,-8,45,-8,ACC,2,3,256,ADC,1289,490,5,2,"
2.7815,rust,0,MM0 ?V
2.7815,rust,0,MM1 ?V
2.7815,rust,0,MM0 V=120:222:4911
2.7815,rust,0,MM1 V=120:222:4902
2.8034,rust,0,"#215,YAW,-0.07,GYRO,-9,44,-10,ACC,3,1,254,ADC,1240,388,4,2,"
2.8034,rust,0,MM0 ?CR
2.8034,rust,0,MM1 ?CR
2.8034,rust,0,MM0 CR=0:0
2.8034,rust,0,MM1 CR=0:0
2.8250,rust,0,"#216,YAW,-0.07,GYRO,-9,45,-8,ACC,3,4,258,ADC,1218,398,4,2,"
2.8250,rust,0,MM0 ?A
2.8250,rust,0,MM1 ?A
2.8250,rust,0,MM0 A=0:0
2.8250,rust,0,MM1 A=0:0
2.8445,rust,0,"#217,YAW,-0.07,GYRO,-11,45,-9,ACC,2,4,254,ADC,1292,385,7,2,"
2.8445,rust,0,MM0 ?AI
2.8445,rust,0,MM1 ?AI
2.8445,rust,0,"$GPRMC,100654.8,A,5050.52913,N,00419.37482,E,000.23,002.8,021026,000.4,E*54"
2.8445,rust,0,MM0 AI=0:0:2456:2467:0:0
2.8446,rust,0,MM1 AI=0:0:2375:2616:0:0
2.8825,rust,0,"#218,YAW,-0.07,GYRO,-10,47,-9,ACC,4,1,254,ADC,1238,386,4,3,"
2.8825,rust,0,MM0 ?C
2.8825,rust,0,MM1 ?C
2.8825,rust,0,MM0 C=-432:341
2.8825,rust,0,MM1 C=1150:-1263
2.8825,rust,0,MM1 !M 0 0
2.8825,rust,0,MM0 !M 0 0
2.8825,rust,0,MM1 +
2.8825,rust,0,MM0 +
2.8825,rust,0,"#219,YAW,-0.07,GYRO,-8,46,-9,ACC,-1,1,258,ADC,1254,502,7,2,"
2.8825,rust,0,MM0 ?D
2.8825,rust,0,MM1 ?D
2.8825,rust,0,MM0 D=51
2.8825,rust,0,MM1 D=27
2.8993,rust,0,"#220,YAW,-0.07,GYRO,-9,47,-9,ACC,1,2,259,ADC,1209,381,6,2,"
2.8994,rust,0,MM0 ?FF
2.8994,rust,0,MM1 ?FF
2.8994,rust,0,MM0 FF=16
2.8994,rust,0,MM1 FF=16
2.9209,rust,0,"#221,YAW,-0.07,GYRO,-9,47,-10,ACC,0,1,252,ADC,1242,501,5,2,"
2.9209,rust,0,MM0 ?P
2.9209,rust,0,MM1 ?P
2.9209,rust,0,MM0 P=0:0
2.9209,rust,0,MM1 P=0:0
2.9428,rust,0,"#222,YAW,-0.07,GYRO,-8,45,-9,ACC,2,1,252,ADC,1254,384,4,2,"
2.9428,rust,0,MM0 ?S
2.9428,rust,0,MM1 ?S
2.9428,rust,0,MM0 S=0:0
2.9428,rust,0,MM1 S=0:0
2.9805,rust,0,"#223,YAW,-0.07,GYRO,-9,47,-10,ACC,3,4,260,ADC,1243,413,5,1,"
2.9805,rust,0,MM0 ?T
2.9805,rust,0,MM1 ?T
2.9805,rust,0,MM0 T=35:35
2.9805,rust,0,MM1 T=36:34
2.9805,rust,0,MM1 !M 0 0
2.9805,rust,0,MM0 !M 0 0
2.9805,rust,0,MM1 +
2.9805,rust,0,MM0 +
2.9805,rust,0,"#224,YAW,-0.07,GYRO,-10,47,-10,ACC,2,1,252,ADC,1246,500,6,1,"
2.9805,rust,0,MM0 ?V
2.9805,rust,0,MM1 ?V
2.9805,rust,0,MM0 V=120:227:4910
2.9805,rust,0,MM1 V=120:222:4902
3.0021,rust,0,"#225,YAW,-0.07,GYRO,-8,45,-10,ACC,5,3,256,ADC,1209,380,5,1,"
3.0022,rust,0,MM0 ?CR
3.0022,rust,0,MM1 ?CR
3.0022,rust,0,MM0 CR=0:0
3.0022,rust,0,MM1 CR=0:0
3.0225,rust,0,"#226,YAW,-0.07,GYRO,-8,47,-9,ACC,1,2,256,ADC,1226,499,6,2,"
3.0225,rust,0,MM0 ?A
3.0225,rust,0,MM1 ?A
3.0225,rust,0,MM0 A=0:0
3.0225,rust,0,MM1 A=0:0
3.0452,vrijgeven,0,"#227,YAW,-0.07,GYRO,-8,45,-10,ACC,2,1,255,ADC,1273,500,4,2,"
3.0452,vrijgeven,0,MM0 ?AI
3.0452,vrijgeven,0,MM1 ?AI
3.0452,vrijgeven,0,"$GPRMC,100655.0,A,5050.52914,N,00419.37481,E,000.20,002.8,021026,000.4,E*5A"
3.0452,vrijgeven,0,MM0 AI=0:0:2463:2474:0:0
3.0452,vrijgeven,0,MM1 AI=0:0:2376:2388:0:0
3.0795,vrijgeven,0,"#228,YAW,-0.07,GYRO,-9,44,-10,ACC,3,2,254,ADC,1255,501,5,2,"
3.0795,vrijgeven,0,MM0 ?C
3.0796,vrijgeven,0,MM1 ?C
3.0796,vrijgeven,0,MM0 C=-432:341
3.0796,vrijgeven,0,MM1 C=1150:-1263
3.0796,vrijgeven,0,MM1 !MG
3.0796,vrijgeven,0,MM0 !MG
3.0796,vrijgeven,0,MM1 +
3.0796,vrijgeven,0,MM0 +
3.0796,vrijgeven,0,"#229,YAW,-0.07,GYRO,-9,45,-10,ACC,3,3,259,ADC,1255,382,5,2,"
3.0796,vrijgeven,0,MM0 ?D
3.0796,vrijgeven,0,MM1 ?D
3.0796,vrijgeven,0,MM0 D=51
3.0796,vrijgeven,0,MM1 D=19
3.1003,vrijgeven,0,"#230,YAW,-0.07,GYRO,-10,46,-11,ACC,3,5,259,ADC,1259,495,7,2,"
3.1004,vrijgeven,0,MM0 ?FF
3.1004,vrijgeven,0,MM1 ?FF
3.1004,vrijgeven,0,MM0 FF=0
3.1004,vrijgeven,0,MM1 FF=0
3.1215,vrijgeven,0,"#231,YAW,-0.07,GYRO,-9,45,-9,ACC,1,1,253,ADC,1239,391,4,1,"
3.1215,vrijgeven,0,MM0 ?P
3.1215,vrijgeven,0,MM1 ?P
3.1215,vrijgeven,0,MM0 P=0:0
3.1215,vrijgeven,0,MM1 P=0:0
3.1425,vrijgeven,0,"#232,YAW,-0.07,GYRO,-9,45,-8,ACC,3,3,258,ADC,1252,398,7,2,"
3.1425,vrijgeven,0,MM0 ?S
3.1425,vrijgeven,0,MM1 ?S
3.1425,vrijgeven,0,MM0 S=0:0
3.1425,vrijgeven,0,MM1 S=0:0
3.1425,vrijgeven,0,MM0 !M 0 0PING
3.1775,vrijgeven,0,MM1 !M 0 0PING
3.1776,vrijgeven,0,MM0 +
3.1776,vrijgeven,0,MM1 +
3.1776,vrijgeven,0,"#233,YAW,-0.07,GYRO,-9,47,-9,ACC,3,6,255,ADC,1243,355,6,2,"
3.1776,vrijgeven,0,MM0 ?T
3.1776,vrijgeven,0,MM1 ?T
3.1776,vrijgeven,0,MM0 T=35:35
3.1776,vrijgeven,0,MM1 T=36:34
3.1776,vrijgeven,0,MM1 !M 0 0
3.1776,vrijgeven,0,MM0 !M 0 0
3.1776,vrijgeven,0,MM1 +
3.1776,vrijgeven,0,MM0 +
3.1776,vrijgeven,0,"#234,YAW,-0.07,GYRO,-9,46,-9,ACC,3,2,257,ADC,1258,502,6,2,"
3.1776,vrijgeven,0,MM0 ?V
3.1776,vrijgeven,0,MM1 ?V
3.1776,vrijgeven,0,MM0 V=120:221:4911
3.1776,vrijgeven,0,MM1 V=120:222:4902
3.1983,vrijgeven,0,"#235,YAW,-0.07,GYRO,-10,46,-11,ACC,3,3,253,ADC,1231,383,6,2,"
3.1983,vrijgeven,0,MM0 ?CR
3.1983,vrijgeven,0,MM1 ?CR
3.1983,vrijgeven,0,MM0 CR=0:0
3.1983,vrijgeven,0,MM1 CR=0:0
3.2194,vrijgeven,0,"#236,YAW,-0.07,GYRO,-10,44,-10,ACC,2,2,253,ADC,1248,382,7,2,"
3.2194,vrijgeven,0,MM0 ?A
3.2194,vrijgeven,0,MM1 ?A
3.2194,vrijgeven,0,MM0 A=0:0
3.2194,vrijgeven,0,MM1 A=0:0
3.2404,vrijgeven,0,"#237,YAW,-0.07,GYRO,-8,48,-9,ACC,2,2,257,ADC,1261,502,5,2,"
3.2405,vrijgeven,0,MM0 ?AI
3.2405,vrijgeven,0,MM1 ?AI
3.2405,vrijgeven,0,"$GPRMC,100655.2,A,5050.52915,N,00419.37481,E,000.18,002.8,021026,000.4,E*52"
3.2405,vrijgeven,0,MM0 AI=0:0:2462:2465:0:0
3.2405,vrijgeven,0,MM1 AI=0:0:2365:2379:0:0
3.2748,vrijgeven,0,"#238,YAW,-0.07,GYRO,-9,44,-10,ACC,-1,2,253,ADC,1244,383,5,2,"
3.2748,vrijgeven,0,MM0 ?C
3.2748,vrijgeven,0,MM1 ?C
3.2748,vrijgeven,0,MM0 C=-432:341
3.2749,vrijgeven,0,MM1 C=1150:-1263
3.2749,vrijgeven,0,MM0 !M 0 0
3.2749,vrijgeven,0,MM1 !M 0 0
3.2749,vrijgeven,0,MM0 +
3.2749,vrijgeven,0,MM1 +
3.2749,vrijgeven,0,"#239,YAW,-0.07,GYRO,-10,48,-9,ACC,4,2,259,ADC,1247,385,5,2,"
3.2749,vrijgeven,0,MM0 ?D
3.2749,vrijgeven,0,MM1 ?D
3.2749,vrijgeven,0,MM0 D=51
3.2749,vrijgeven,0,MM1 D=19
3.2955,vrijgeven,0,"#240,YAW,-0.07,GYRO,-9,47,-9,ACC,3,1,257,ADC,1209,382,5,2,"
3.2955,vrijgeven,0,MM0 ?FF
3.2955,vrijgeven,0,MM1 ?FF
3.2955,vrijgeven,0,MM0 FF=0
3.2955,vrijgeven,0,MM1 FF=0
3.3164,vrijgeven,0,"#241,YAW,-0.07,GYRO,-9,48,-10,ACC,1,2,252,ADC,1233,387,5,2,"
3.3164,vrijgeven,0,MM0 ?P
3.3164,vrijgeven,0,MM1 ?P
3.3164,vrijgeven,0,MM0 P=0:0
3.3164,vrijgeven,0,MM1 P=0:0
3.3374,vrijgeven,0,"#242,YAW,-0.07,GYRO,-10,46,-9,ACC,2,2,253,ADC,1245,499,7,2,"
3.3374,vrijgeven,0,MM0 ?S
3.3374,vrijgeven,0,MM1 ?S
3.3374,vrijgeven,0,MM0 S=0:0
3.3374,vrijgeven,0,MM1 S=0:0
3.3719,vrijgeven,0,"#243,YAW,-0.07,GYRO,-10,46,-9,ACC,3,1,253,ADC,1237,387,6,2,"
3.3719,vrijgeven,0,MM0 ?T
3.3719,vrijgeven,0,MM1 ?T
3.3719,vrijgeven,0,MM0 T=35:35
3.3719,vrijgeven,0,MM1 T=37:34
3.3719,vrijgeven,0,MM0 !M 0 0
3.3719,vrijgeven,0,MM1 !M 0 0
3.3719,vrijgeven,0,MM0 +
3.3719,vrijgeven,0,MM1 +
3.3719,vrijgeven,0,"#244,YAW,-0.06,GYRO,-9,47,-10,ACC,3,3,256,ADC,1269,502,4,2,"
3.3719,vrijgeven,0,MM0 ?V
3.3719,vrijgeven,0,MM1 ?V
3.3719,vrijgeven,0,MM0 V=120:223:4911
3.3977,vrijgeven,0,MM1 V=120:223:4903
3.3977,vrijgeven,0,"#245,YAW,-0.06,GYRO,-10,46,-9,ACC,4,2,255,ADC,1265,501,5,2,"
3.3977,vrijgeven,0,MM0 ?CR
3.3977,vrijgeven,0,MM1 ?CR
3.3977,vrijgeven,0,MM0 CR=0:0
3.3977,vrijgeven,0,MM1 CR=0:0
3.4170,vrijgeven,0,"#246,YAW,-0.06,GYRO,-8,46,-9,ACC,4,2,261,ADC,1266,500,5,2,"
3.4170,vrijgeven,0,MM0 ?A
3.4170,vrijgeven,0,MM1 ?A
3.4171,vrijgeven,0,MM0 A=0:0
3.4171,vrijgeven,0,MM1 A=0:0
3.4348,vrijgeven,0,"#247,YAW,-0.06,GYRO,-10,45,-10,ACC,6,2,255,ADC,1252,418,5,2,"
3.4349,vrijgeven,0,MM0 ?AI
3.4349,vrijgeven,0,MM1 ?AI
3.4905,vrijgeven,0,"$GPRMC,100655.4,A,5050.52916,N,00419.37480,E,000.18,002.8,021026,000.4,E*56"
3.4905,vrijgeven,0,MM0 AI=0:0:2465:2472:0:0
3.4905,vrijgeven,0,MM1 AI=0:0:2366:2370:0:0
3.4906,vrijgeven,0,"#248,YAW,-0.06,GYRO,-9,47,-11,ACC,0,1,257,ADC,1209,383,5,2,"
3.4906,vrijgeven,0,MM0 ?C
3.4906,vrijgeven,0,MM1 ?C
3.4906,vrijgeven,0,MM0 C=-432:341
3.4906,vrijgeven,0,MM1 C=1150:-1263
3.4906,vrijgeven,0,MM0 !M 0 0
3.4906,vrijgeven,0,MM1 !M 0 0
3.4906,vrijgeven,0,MM0 +
3.4906,vrijgeven,0,MM1 +
3.4906,vrijgeven,0,"#249,YAW,-0.06,GYRO,-9,47,-9,ACC,3,5,258,ADC,1264,380,5,2,"
3.4906,vrijgeven,0,MM0 ?D
3.4906,vrijgeven,0,MM1 ?D
3.4906,vrijgeven,0,MM0 D=51
3.4906,vrijgeven,0,MM1 D=19
3.4906,vrijgeven,0,"#250,YAW,-0.06,GYRO,-9,47,-8,ACC,1,1,257,ADC,1237,496,4,1,"
3.4906,vrijgeven,0,MM0 ?FF
3.5102,vrijgeven,0,MM1 ?FF
3.5102,vrijgeven,0,MM0 FF=0
3.5102,vrijgeven,0,MM1 FF=0
3.5102,vrijgeven,0,"#251,YAW,-0.06,GYRO,-9,46,-11,ACC,0,2,254,ADC,1251,501,4,2,"
3.5102,vrijgeven,0,MM0 ?P
3.5102,vrijgeven,0,MM1 ?P
3.5346,vrijgeven,0,MM0 P=0:0
3.5346,vrijgeven,0,MM1 P=0:0
3.5346,vrijgeven,0,"#252,YAW,-0.06,GYRO,-10,48,-10,ACC,1,0,252,ADC,1258,502,5,2,"
3.5346,vrijgeven,0,MM0 ?S
3.5346,vrijgeven,0,MM1 ?S
3.5346,vrijgeven,0,MM0 S=0:0
3.5516,vrijgeven,0,MM1 S=0:0
3.5516,vrijgeven,0,"#253,YAW,-0.06,GYRO,-8,47,-9,ACC,4,2,254,ADC,1251,384,5,2,"
3.5516,vrijgeven,0,MM0 ?T
3.5518,vrijgeven,0,MM1 ?T
3.5518,vrijgeven,0,MM0 T=35:35
3.5518,vrijgeven,0,MM1 T=36:34
3.5866,vrijgeven,0,MM0 !M 0 0
3.5866,vrijgeven,0,MM1 !M 0 0
3.5866,vrijgeven,0,MM0 +
3.5866,vrijgeven,0,MM1 +
3.5866,vrijgeven,0,"#254,YAW,-0.06,GYRO,-11,49,-9,ACC,3,2,257,ADC,1266,394,6,2,"
3.5866,vrijgeven,0,MM0 ?V
3.5866,vrijgeven,0,MM1 ?V
3.5866,vrijgeven,0,MM0 V=120:222:4911
3.5866,vrijgeven,0,MM1 V=120:223:4903
3.6123,vrijgeven,0,"#255,YAW,-0.06,GYRO,-9,48,-9,ACC,-2,3,254,ADC,1263,389,5,2,"
3.6124,vrijgeven,0,MM0 ?CR
3.6124,vrijgeven,0,MM1 ?CR
3.6124,vrijgeven,0,MM0 CR=0:0
3.6124,vrijgeven,0,MM1 CR=0:0
3.6275,vrijgeven,0,"#0,YAW,-0.06,GYRO,-9,46,-10,ACC,1,2,258,ADC,1291,498,6,2,"
3.6275,vrijgeven,0,MM0 ?A
3.6275,vrijgeven,0,MM1 ?A
3.6275,vrijgeven,0,MM0 A=0:0
3.6275,vrijgeven,0,MM1 A=0:0
3.6275,vrijgeven,0,"#1,YAW,-0.06,GYRO,-8,45,-10,ACC,4,1,256,ADC,1268,385,4,2,"
3.6486,vrijgeven,0,MM0 ?AI
3.6486,vrijgeven,0,MM1 ?AI
3.6486,vrijgeven,0,"$GPRMC,100655.6,A,5050.52917,N,00419.37480,E,000.18,002.8,021026,000.4,E*55"
3.6486,vrijgeven,0,MM0 AI=0:0:2456:2454:0:0
3.6486,vrijgeven,0,MM1 AI=0:0:2384:2371:0:0
3.6486,vrijgeven,0,"#2,YAW,-0.06,GYRO,-9,46,-10,ACC,2,2,259,ADC,1280,386,5,1,"
3.6486,vrijgeven,0,MM0 ?C
3.6486,vrijgeven,0,MM1 ?C
3.6824,vrijgeven,0,MM0 C=-432:341
3.6825,vrijgeven,0,MM1 C=1150:-1263
3.6825,vrijgeven,0,MM0 !M 0 0
3.6825,vrijgeven,0,MM1 !M 0 0
3.6825,vrijgeven,0,MM0 +
3.6825,vrijgeven,0,MM1 +
3.6825,vrijgeven,0,"#3,YAW,-0.06,GYRO,-10,46,-9,ACC,2,3,253,ADC,1270,403,6,2,"
3.6825,vrijgeven,0,MM0 ?D
3.6825,vrijgeven,0,MM1 ?D
3.6825,vrijgeven,0,MM0 D=51
3.6825,vrijgeven,0,MM1 D=19
3.7033,vrijgeven,0,"#4,YAW,-0.06,GYRO,-9,46,-9,ACC,4,2,257,ADC,1243,500,7,2,"
3.7033,vrijgeven,0,MM0 ?FF
3.7033,vrijgeven,0,MM1 ?FF
3.7033,vrijgeven,0,MM0 FF=0
3.7033,vrijgeven,0,MM1 FF=0
3.7258,vrijgeven,0,"#5,YAW,-0.06,GYRO,-9,46,-9,ACC,4,3,259,ADC,1261,387,7,1,"
3.7259,vrijgeven,0,MM0 ?P
3.7259,vrijgeven,0,MM1 ?P
3.7259,vrijgeven,0,MM0 P=0:0
3.7259,vrijgeven,0,MM1 P=0:0
3.7455,vrijgeven,0,"#6,YAW,-0.06,GYRO,-10,47,-10,ACC,3,2,257,ADC,1274,398,4,2,"
3.7455,vrijgeven,0,MM0 ?S
3.7456,vrijgeven,0,MM1 ?S
3.7456,vrijgeven,0,MM0 S=0:0
3.7456,vrijgeven,0,MM1 S=0:0
3.7795,vrijgeven,0,"#7,YAW,-0.06,GYRO,-9,46,-10,ACC,3,5,259,ADC,1233,384,5,2,"
3.7795,vrijgeven,0,MM0 ?T
3.7795,vrijgeven,0,MM1 ?T
3.7795,vrijgeven,0,MM0 T=35:35
3.7795,vrijgeven,0,MM1 T=36:34
3.7795,vrijgeven,0,MM0 !M 0 0
3.7795,vrijgeven,0,MM1 !M 0 0
3.7795,vrijgeven,0,MM0 +
3.7795,vrijgeven,0,MM1 +
3.7795,vrijgeven,0,"#8,YAW,-0.06,GYRO,-8,46,-10,ACC,3,4,257,ADC,1278,499,6,2,"
3.7795,vrijgeven,0,MM0 ?V
3.7795,vrijgeven,0,MM1 ?V
3.7795,vrijgeven,0,MM0 V=120:223:4910
3.7795,vrijgeven,0,MM1 V=120:222:4902
3.8004,vrijgeven,0,"#9,YAW,-0.06,GYRO,-10,47,-8,ACC,0,2,256,ADC,1241,381,5,2,"
3.8004,vrijgeven,0,MM0 ?CR
3.8004,vrijgeven,0,MM1 ?CR
3.8004,vrijgeven,0,MM0 CR=0:0
3.8004,vrijgeven,0,MM1 CR=0:0
3.8213,vrijgeven,0,"#10,YAW,-0.06,GYRO,-9,47,-10,ACC,4,2,254,ADC,1256,384,5,2,"
3.8213,vrijgeven,0,MM0 ?A
3.8213,vrijgeven,0,MM1 ?A
3.8213,vrijgeven,0,MM0 A=0:0
3.8213,vrijgeven,0,MM1 A=0:0
3.8424,vrijgeven,0,"#11,YAW,-0.06,GYRO,-8,46,-8,ACC,4,2,257,ADC,1261,394,6,2,"
3.8425,vrijgeven,0,"$GPRMC,100655.8,A,5050.52918,N,00419.37479,E,000.18,002.8,021026,000.4,E*52"
3.8425,vrijgeven,0,MM0 ?AI
3.8425,vrijgeven,0,MM1 ?AI
3.8425,vrijgeven,0,MM0 AI=0:0:2459:2466:0:0
3.8425,vrijgeven,0,MM1 AI=0:0:2376:2373:0:0
3.8805,vrijgeven,0,"#12,YAW,-0.06,GYRO,-9,46,-10,ACC,2,2,257,ADC,1275,391,5,2,"
3.8805,vrijgeven,0,MM0 ?C
3.8805,vrijgeven,0,MM1 ?C
3.8805,vrijgeven,0,MM0 C=-432:341
3.8805,vrijgeven,0,MM1 C=1150:-1263
3.8805,vrijgeven,0,MM0 !M 0 0
3.8805,vrijgeven,0,MM1 !M 0 0
3.8805,vrijgeven,0,MM0 +
3.8805,vrijgeven,0,MM1 +
3.8805,vrijgeven,0,"#13,YAW,-0.06,GYRO,-10,46,-9,ACC,0,2,251,ADC,1300,385,5,3,"
3.8805,vrijgeven,0,MM0 ?D
3.8805,vrijgeven,0,MM1 ?D
3.8805,vrijgeven,0,MM0 D=51
3.8805,vrijgeven,0,MM1 D=19
3.9016,vrijgeven,0,"#14,YAW,-0.06,GYRO,-8,47,-9,ACC,1,2,258,ADC,1282,501,4,2,"
3.9016,vrijgeven,0,MM0 ?FF
3.9016,vrijgeven,0,MM1 ?FF
3.9016,vrijgeven,0,MM0 FF=0
3.9016,vrijgeven,0,MM1 FF=0
3.9224,vrijgeven,0,"#15,YAW,-0.06,GYRO,-11,48,-9,ACC,2,4,256,ADC,1277,397,5,1,"
3.9224,vrijgeven,0,MM0 ?P
3.9224,vrijgeven,0,MM1 ?P
3.9224,vrijgeven,0,MM0 P=0:0
3.9224,vrijgeven,0,MM1 P=0:0
3.9433,vrijgeven,0,"#16,YAW,-0.06,GYRO,-9,45,-9,ACC,-3,2,255,ADC,1278,385,7,2,"
3.9433,vrijgeven,0,MM0 ?S
3.9433,vrijgeven,0,MM1 ?S
3.9433,vrijgeven,0,MM0 S=0:0
3.9433,vrijgeven,0,MM1 S=0:0
3.9775,vrijgeven,0,"#17,YAW,-0.06,GYRO,-10,45,-9,ACC,3,2,257,ADC,1252,502,5,2,"
3.9775,vrijgeven,0,MM0 ?T
3.9775,vrijgeven,0,MM1 ?T
3.9775,vrijgeven,0,MM0 T=35:35
3.9775,vrijgeven,0,MM1 T=36:34
3.9775,vrijgeven,0,MM0 !M 0 0
3.9775,vrijgeven,0,MM1 !M 0 0
3.9775,vrijgeven,0,MM0 +
3.9775,vrijgeven,0,MM1 +
3.9775,vrijgeven,0,"#18,YAW,-0.06,GYRO,-9,47,-9,ACC,0,2,258,ADC,1237,382,6,2,"
3.9775,vrijgeven,0,MM0 ?V
3.9775,vrijgeven,0,MM1 ?V
3.9775,vrijgeven,0,MM0 V=120:224:4911
3.9776,vrijgeven,0,MM1 V=120:222:4902
3.9984,vrijgeven,0,"#19,YAW,-0.06,GYRO,-9,46,-10,ACC,3,1,256,ADC,1234,381,3,1,"
3.9985,vrijgeven,0,MM0 ?CR
3.9985,vrijgeven,0,MM1 ?CR
3.9985,vrijgeven,0,MM0 CR=0:0
3.9985,vrijgeven,0,MM1 CR=0:0
4.0195,vrijgeven,0,"#20,YAW,-0.06,GYRO,-9,45,-8,ACC,1,2,252,ADC,1265,386,5,2,"
4.0195,vrijgeven,0,MM0 ?A
4.0195,vrijgeven,0,MM1 ?A
4.0195,vrijgeven,0,MM0 A=0:0
4.0195,vrijgeven,0,MM1 A=0:0
4.0406,heen,0,"#21,YAW,-0.06,GYRO,-9,45,-9,ACC,5,3,262,ADC,1216,382,4,2,"
4.0406,heen,0,MM1 ?AI
4.0406,heen,0,"$GPRMC,100656.0,A,5050.52919,N,00419.37479,E,000.19,002.8,021026,000.4,E*59"
4.0406,heen,0,MM0 ?AI
4.0406,heen,0,MM1 AI=0:0:2377:2405:0:0
4.0406,heen,0,MM0 AI=0:0:2470:2489:0:0
4.0875,heen,0,"#22,YAW,-0.06,GYRO,-10,48,-10,ACC,-1,3,253,ADC,1302,388,5,2,"
4.0876,heen,0,MM1 ?C
4.0876,heen,0,MM0 ?C
4.0876,heen,0,MM0 C=-432:341
4.0876,heen,0,MM1 C=1150:-1263
4.0876,heen,0,MM1 !M 0 0
4.0876,heen,0,MM0 !M 0 0
4.0876,heen,0,MM1 +
4.0876,heen,0,MM0 +
4.0876,heen,0,"#23,YAW,-0.06,GYRO,-9,47,-9,ACC,3,1,255,ADC,1311,390,5,2,"
4.0876,heen,0,MM1 ?D
4.0876,heen,0,MM0 ?D
4.0876,heen,0,MM1 D=27
4.0876,heen,0,MM0 D=51
4.0876,heen,0,"#24,YAW,-0.06,GYRO,-9,45,-9,ACC,6,1,254,ADC,1250,496,4,2,"
4.1404,heen,0,MM1 ?FF
4.1404,heen,0,MM0 ?FF
4.1404,heen,0,MM1 FF=0
4.1404,heen,0,MM0 FF=0
4.1404,heen,0,"#25,YAW,-0.06,GYRO,-9,46,-9,ACC,2,1,255,ADC,1253,383,4,2,"
4.1404,heen,0,MM0 ?P
4.1404,heen,0,MM1 ?P
4.1404,heen,0,MM0 P=0:0
4.1404,heen,0,MM1 P=0:0
4.1404,heen,0,MM1 !M 0 0
4.1404,heen,0,MM0 !M 0 0
4.1405,heen,0,MM1 +
4.1405,heen,0,MM0 +
4.1405,heen,0,"#26,YAW,-0.06,GYRO,-9,47,-10,ACC,3,2,256,ADC,1242,387,6,1,"
4.1405,heen,0,MM0 ?S
4.1405,heen,0,MM1 ?S
4.1405,heen,0,MM0 S=0:0
4.1405,heen,0,MM1 S=0:0
4.1896,heen,0,"#27,YAW,-0.06,GYRO,-10,47,-9,ACC,1,1,252,ADC,1257,381,6,2,"
4.1896,heen,0,MM0 ?T
4.1896,heen,0,MM1 ?T
4.1896,heen,0,MM0 T=35:35
4.1896,heen,0,MM1 T=36:34
4.1896,heen,0,MM0 !M 0 0
4.1896,heen,0,MM1 !M 0 0
4.1897,heen,0,MM0 +
4.1897,heen,0,MM1 +
4.1897,heen,0,"#28,YAW,-0.06,GYRO,-10,45,-9,ACC,4,1,258,ADC,1289,377,5,2,"
4.1897,heen,0,MM0 ?V
4.1897,heen,0,MM1 ?V
4.1897,heen,0,MM0 V=120:222:4910
4.1897,heen,0,MM1 V=120:223:4902
4.1897,heen,0,"#29,YAW,-0.06,GYRO,-9,47,-10,ACC,1,1,252,ADC,1237,388,3,1,"
4.1897,heen,0,MM0 ?CR
4.1897,heen,0,MM1 ?CR
4.2397,heen,0,MM0 CR=0:0
4.2397,heen,0,MM1 CR=0:0
4.2397,heen,0,"#30,YAW,-0.06,GYRO,-9,47,-10,ACC,-2,3,255,ADC,1258,384,9,2,"
4.2397,heen,0,MM0 ?A
4.2397,heen,0,MM1 ?A
4.2397,heen,0,MM0 A=0:0
4.2397,heen,0,MM1 A=0:0
4.2397,heen,0,MM0 !M 0 0
4.2397,heen,0,MM1 !M 0 0
4.2397,heen,0,MM0 +
4.2397,heen,0,MM1 +
4.2397,heen,0,"#31,YAW,-0.06,GYRO,-9,47,-8,ACC,2,2,258,ADC,1258,391,6,2,"
4.2397,heen,0,MM1 ?AI
4.2397,heen,0,"$GPRMC,100656.2,A,5050.52920,N,00419.37478,E,000.20,002.8,021026,000.4,E*5A"
4.2397,heen,0,MM0 ?AI
4.2397,heen,0,MM0 AI=0:0:2463:2485:0:0
4.2907,heen,0,MM1 AI=0:0:2360:2392:0:0
4.2907,heen,0,"#32,YAW,-0.05,GYRO,-10,44,-10,ACC,2,0,256,ADC,1292,498,5,2,"
4.2907,heen,0,MM1 ?C
4.2907,heen,0,MM0 ?C
4.2907,heen,0,MM0 C=-432:341
4.2908,heen,0,MM1 C=1150:-1263
4.2908,heen,0,MM1 !M 0 0
4.2908,heen,0,MM0 !M 0 0
4.2908,heen,0,MM1 +
4.2908,heen,0,MM0 +
4.2908,heen,0,"#33,YAW,-0.05,GYRO,-8,46,-11,ACC,1,2,254,ADC,1309,401,6,2,"
4.2908,heen,0,MM1 ?D
4.2908,heen,0,MM0 ?D
4.2908,heen,0,MM1 D=19
4.2908,heen,0,MM0 D=59
4.2908,heen,0,"#34,YAW,-0.05,GYRO,-9,47,-9,ACC,2,2,255,ADC,1221,381,4,2,"
4.2908,heen,0,MM1 ?FF
4.2908,heen,0,MM0 ?FF
4.2908,heen,0,MM1 FF=0
4.2908,heen,0,MM0 FF=0
4.3400,heen,0,"#35,YAW,-0.05,GYRO,-10,45,-10,ACC,2,4,257,ADC,1227,383,6,2,"
4.3401,heen,0,MM1 ?P
4.3401,heen,0,MM0 ?P
4.3401,heen,0,MM1 P=0:0
4.3401,heen,0,MM0 P=0:0
4.3401,heen,0,MM0 !M 0 0
4.3401,heen,0,MM1 !M 0 0
4.3401,heen,0,MM0 +
4.3401,heen,0,MM1 +
4.3401,heen,0,"#36,YAW,-0.05,GYRO,-8,47,-10,ACC,1,1,253,ADC,1252,496,4,2,"
4.3401,heen,0,MM1 ?S
4.3401,heen,0,MM0 ?S
4.3401,heen,0,MM1 S=0:0
4.3401,heen,0,MM0 S=0:0
4.3917,heen,0,"#37,YAW,-0.05,GYRO,-9,46,-9,ACC,3,4,253,ADC,1217,418,6,2,"
4.3917,heen,0,MM1 ?T
4.3917,heen,0,MM0 ?T
4.3917,heen,0,MM1 T=36:34
4.3917,heen,0,MM0 T=35:35
4.3917,heen,0,"#38,YAW,-0.05,GYRO,-10,47,-9,ACC,4,3,256,ADC,1258,387,5,2,"
4.3917,heen,0,MM0 !M 0 0
4.3917,heen,0,MM0 +
4.3917,heen,0,MM1 !M 0 0
4.3917,heen,0,MM1 +
4.3917,heen,0,MM1 ?V
4.3917,heen,0,MM0 ?V
4.3917,heen,0,MM1 V=120:221:4902
4.3918,heen,0,MM0 V=120:223:4910
4.3918,heen,0,"#39,YAW,-0.05,GYRO,-9,46,-9,ACC,1,2,255,ADC,1299,499,5,2,"
4.3918,heen,0,MM1 ?CR
4.3918,heen,0,MM0 ?CR
4.3918,heen,0,MM1 CR=0:0
4.3918,heen,0,MM0 CR=0:0
4.4427,heen,0,"#40,YAW,-0.05,GYRO,-9,46,-10,ACC,2,1,254,ADC,1233,385,6,2,"
4.4427,heen,0,MM1 ?A
4.4427,heen,0,MM0 ?A
4.4427,heen,0,MM1 A=0:0
4.4428,heen,0,MM0 A=0:0
4.4428,heen,0,MM1 !M 0 0
4.4428,heen,0,MM0 !M 0 0
4.4428,heen,0,MM1 +
4.4428,heen,0,MM0 +
4.4428,heen,0,"#41,YAW,-0.05,GYRO,-9,46,-9,ACC,4,1,259,ADC,1250,403,6,2,"
4.4428,heen,0,MM1 ?AI
4.4428,heen,0,"$GPRMC,100656.4,A,5050.52921,N,00419.37478,E,000.20,002.8,021026,000.4,E*5D"
4.4428,heen,0,MM0 ?AI
4.4428,heen,0,MM1 AI=0:0:2373:2378:0:0
4.4428,heen,0,MM0 AI=0:0:2468:2491:0:0
4.4925,heen,0,"#42,YAW,-0.05,GYRO,-10,48,-9,ACC,3,1,259,ADC,1255,389,5,2,"
4.4925,heen,0,MM1 ?C
4.4925,heen,0,MM0 ?C
4.4926,heen,0,MM0 C=-432:341
4.4926,heen,0,MM1 C=1150:-1263
4.4926,heen,0,"#43,YAW,-0.05,GYRO,-10,47,-9,ACC,0,1,253,ADC,1245,500,4,1,"
4.4926,heen,0,MM0 ?D
4.4926,heen,0,MM1 ?D
4.4926,heen,0,MM1 D=19
4.4926,heen,0,MM0 D=51
4.4926,heen,0,MM0 !M 0 0
4.4926,heen,0,MM1 !M 0 0
4.4926,heen,0,MM0 +
4.4926,heen,0,MM1 +
4.4926,heen,0,"#44,YAW,-0.05,GYRO,-10,48,-9,ACC,1,2,255,ADC,1279,395,4,2,"
4.4926,heen,0,MM1 ?FF
4.4926,heen,0,MM0 ?FF
4.4926,heen,0,MM1 FF=0
4.4926,heen,0,MM0 FF=0
4.4956,heen,0,DOEL heen 3.0000
4.5446,heen,0,"#45,YAW,-0.05,GYRO,-11,47,-11,ACC,6,4,258,ADC,1255,502,4,1,"
4.5447,heen,0,MM1 ?P
4.5447,heen,0,MM0 ?P
4.5447,heen,0,MM1 P=0:0
4.5447,heen,0,MM0 P=0:0
4.5447,heen,0,MM1 !M 0 0
4.5447,heen,0,MM0 !M 0 0
4.5447,heen,0,MM1 +
4.5447,heen,0,MM0 +
4.5447,heen,0,"#46,YAW,-0.05,GYRO,-8,44,-10,ACC,1,2,251,ADC,1248,388,5,2,"
4.5447,heen,0,MM1 ?S
4.5447,heen,0,MM0 ?S
4.5447,heen,0,MM1 S=0:0
4.5447,heen,0,MM0 S=0:0
4.5962,heen,8,"#47,YAW,-0.05,GYRO,-10,48,-9,ACC,0,1,257,ADC,1230,384,5,1,"
4.5962,heen,8,MM1 ?T
4.5962,heen,8,MM0 ?T
4.5962,heen,8,MM1 T=36:34
4.5962,heen,8,MM0 T=35:35
4.5962,heen,8,"#48,YAW,-0.05,GYRO,-8,47,-9,ACC,0,5,257,ADC,1238,385,5,2,"
4.5962,heen,8,MM1 ?V
4.5962,heen,8,MM0 ?V
4.5962,heen,8,MM1 V=120:222:4902
4.5962,heen,8,MM0 V=120:222:4910
4.5962,heen,8,MM1 !M 8 -8
4.5962,heen,8,MM0 !M 8 -8
4.5963,heen,8,MM1 +
4.5963,heen,8,MM0 +
4.5963,heen,8,"#49,YAW,-0.05,GYRO,-8,44,-10,ACC,0,1,261,ADC,1240,380,7,2,"
4.5963,heen,8,MM1 ?CR
4.5963,heen,8,MM0 ?CR
4.5963,heen,8,MM1 CR=0:0
4.5963,heen,8,MM0 CR=1:0
4.6438,heen,16,"#50,YAW,-0.05,GYRO,-9,47,-10,ACC,2,0,255,ADC,1248,497,8,2,"
4.6438,heen,16,MM1 ?A
4.6438,heen,16,MM0 ?A
4.6438,heen,16,MM1 A=0:0
4.6438,heen,16,MM0 A=0:0
4.6438,heen,16,MM0 !M 16 -16
4.6438,heen,16,MM1 !M 16 -16
4.6438,heen,16,MM0 +
4.6438,heen,16,MM1 +
4.6438,heen,16,"#51,YAW,-0.05,GYRO,-10,48,-10,ACC,4,2,256,ADC,1283,385,4,2,"
4.6438,heen,16,MM0 ?AI
4.6438,heen,16,MM1 ?AI
4.6439,heen,16,"$GPRMC,100656.6,A,5050.52922,N,00419.37477,E,000.21,002.8,021026,000.4,E*52"
4.6439,heen,16,MM0 AI=0:0:2462:2455:0:0
4.6439,heen,16,MM1 AI=0:0:2378:2371:0:0
4.6944,heen,25,"#52,YAW,-0.05,GYRO,-10,44,-7,ACC,2,5,256,ADC,1223,384,7,2,"
4.6944,heen,25,MM0 ?C
4.6944,heen,25,MM1 ?C
4.6944,heen,25,MM0 C=-431:341
4.6945,heen,25,MM1 C=1150:-1263
4.6945,heen,25,"#53,YAW,-0.05,GYRO,-8,50,-8,ACC,-1,3,256,ADC,1269,500,6,2,"
4.6945,heen,25,MM1 ?D
4.6945,heen,25,MM0 ?D
4.6945,heen,25,MM0 D=50
4.6945,heen,25,MM1 D=19
4.6945,heen,25,MM0 !M 25 -25
4.6945,heen,25,MM1 !M 25 -25
4.6945,heen,25,MM0 +
4.6945,heen,25,MM1 +
4.6945,heen,25,"#54,YAW,-0.05,GYRO,-9,44,-9,ACC,6,3,255,ADC,1269,394,5,1,"
4.6945,heen,25,MM0 ?FF
4.6945,heen,25,MM1 ?FF
4.6945,heen,25,MM0 FF=0
4.6945,heen,25,MM1 FF=0
4.7461,heen,33,"#55,YAW,-0.05,GYRO,-9,49,-7,ACC,4,2,256,ADC,1240,416,7,1,"
4.7461,heen,33,MM0 ?P
4.7461,heen,33,MM1 ?P
4.7462,heen,33,MM0 P=25:-25
4.7462,heen,33,MM1 P=25:-25
4.7462,heen,33,MM0 !M 33 -33
4.7462,heen,33,MM1 !M 33 -33
4.7462,heen,33,MM0 +
4.7462,heen,33,MM1 +
4.7462,heen,33,"#56,YAW,-0.05,GYRO,-9,45,-10,ACC,2,1,257,ADC,1217,380,5,2,"
4.7462,heen,33,MM0 ?S
4.7462,heen,33,MM1 ?S
4.7462,heen,33,MM0 S=0:0
4.7462,heen,33,MM1 S=0:0
4.7973,heen,42,"#57,YAW,-0.05,GYRO,-9,41,-10,ACC,3,3,252,ADC,1250,400,5,2,"
4.7973,heen,42,MM0 ?T
4.7973,heen,42,MM1 ?T
4.7973,heen,42,MM0 T=35:35
4.7973,heen,42,MM1 T=37:34
4.7973,heen,42,"#58,YAW,-0.05,GYRO,-8,55,-11,ACC,4,2,259,ADC,1212,497,6,1,"
4.7973,heen,42,MM0 ?V
4.7973,heen,42,MM1 ?V
4.7973,heen,42,MM0 V=120:226:4908
4.7973,heen,42,MM1 V=120:222:4902
4.7973,heen,42,MM0 !M 42 -42
4.7973,heen,42,MM1 !M 42 -42
4.7973,heen,42,MM0 +
4.7973,heen,42,MM1 +
4.7973,heen,42,"#59,YAW,-0.05,GYRO,-10,42,-10,ACC,9,2,257,ADC,1236,384,7,2,"
4.7973,heen,42,MM0 ?CR
4.7973,heen,42,MM1 ?CR
4.7973,heen,42,MM0 CR=0:0
4.7973,heen,42,MM1 CR=1:0
4.8467,heen,50,"#60,YAW,-0.05,GYRO,-9,53,-19,ACC,4,2,251,ADC,1251,389,5,1,"
4.8467,heen,50,MM0 ?A
4.8467,heen,50,MM1 ?A
4.8467,heen,50,MM0 A=0:0
4.8467,heen,50,MM1 A=0:0
4.8467,heen,50,MM1 !M 50 -50
4.8467,heen,50,MM0 !M 50 -50
4.8467,heen,50,MM1 +
4.8467,heen,50,MM0 +
4.8467,heen,50,"#61,YAW,-0.05,GYRO,-8,45,-16,ACC,7,1,261,ADC,1252,289,4,1,"
4.8467,heen,50,MM0 ?AI
4.8467,heen,50,MM1 ?AI
4.8467,heen,50,"$GPRMC,100656.8,A,5050.52924,N,00419.37477,E,000.22,002.8,021026,000.4,E*59"
4.8467,heen,50,MM0 AI=0:0:2461:2476:0:0
4.8467,heen,50,MM1 AI=0:0:2383:2379:0:0
4.8968,heen,58,"#62,YAW,-0.05,GYRO,-11,29,-10,ACC,16,1,252,ADC,1250,499,4,1,"
4.8968,heen,58,MM0 ?C
4.8968,heen,58,MM1 ?C
4.8968,heen,58,MM0 C=-430:341
4.8969,heen,58,MM1 C=1151:-1263
4.8969,heen,58,"#63,YAW,-0.05,GYRO,-8,55,-6,ACC,7,3,256,ADC,1230,392,6,2,"
4.8969,heen,58,MM0 ?D
4.8969,heen,58,MM1 ?D
4.8969,heen,58,MM0 D=16
4.8969,heen,58,MM1 D=18
4.8969,heen,58,MM1 !M 58 -58
4.8969,heen,58,MM0 !M 58 -58
4.8969,heen,58,MM1 +
4.8969,heen,58,MM0 +
4.8969,heen,58,"#64,YAW,-0.05,GYRO,-13,36,-2,ACC,18,3,259,ADC,1269,498,5,2,"
4.8969,heen,58,MM0 ?FF
4.8969,heen,58,MM1 ?FF
4.8969,heen,58,MM0 FF=0
4.8969,heen,58,MM1 FF=0
4.9467,heen,67,"#65,YAW,-0.05,GYRO,-9,57,1,ACC,11,2,253,ADC,1244,386,5,2,"
4.9467,heen,67,MM0 ?P
4.9467,heen,67,MM1 ?P
4.9467,heen,67,MM0 P=58:-58
4.9467,heen,67,MM1 P=58:-58
4.9467,heen,67,MM0 !M 67 -67
4.9467,heen,67,MM1 !M 67 -67
4.9467,heen,67,MM0 +
4.9467,heen,67,MM1 +
4.9467,heen,67,"#66,YAW,-0.05,GYRO,-12,57,3,ACC,-1,2,259,ADC,1247,316,4,1,"
4.9467,heen,67,MM0 ?S
4.9467,heen,67,MM1 ?S
4.9468,heen,67,MM0 S=0:0
4.9468,heen,67,MM1 S=0:0
4.9975,heen,75,"#67,YAW,-0.05,GYRO,-10,32,-6,ACC,3,2,258,ADC,1257,389,4,2,"
4.9975,heen,75,MM0 ?T
4.9975,heen,75,MM1 ?T
4.9975,heen,75,MM0 T=35:35
4.9975,heen,75,MM1 T=37:34
4.9975,heen,75,"#68,YAW,-0.05,GYRO,-13,51,-21,ACC,5,1,259,ADC,1277,384,5,2,"
4.9976,heen,75,MM0 ?V
4.9976,heen,75,MM1 ?V
4.9976,heen,75,MM0 V=120:221:4906
4.9976,heen,75,MM1 V=120:222:4901
4.9976,heen,75,MM0 !M 75 -75
4.9976,heen,75,MM1 !M 75 -75
4.9976,heen,75,MM0 +
4.9976,heen,75,MM1 +
4.9976,heen,75,"#69,YAW,-0.05,GYRO,-9,42,-21,ACC,19,2,262,ADC,1258,502,7,2,"
4.9976,heen,75,MM0 ?CR
4.9977,heen,75,MM1 ?CR
4.9977,heen,75,MM0 CR=3:-3
4.9977,heen,75,MM1 CR=2:-2
5.0476,heen,84,"#70,YAW,-0.05,GYRO,-14,41,-7,ACC,5,2,251,ADC,1275,498,6,2,"
5.0477,heen,84,MM0 ?A
5.0477,heen,84,MM1 ?A
5.0477,heen,84,MM0 A=0:0
5.0477,heen,84,MM1 A=5:0
5.0477,heen,84,MM0 !M 84 -84
5.0477,heen,84,MM1 !M 84 -84
5.0477,heen,84,MM0 +
5.0477,heen,84,MM1 +
5.0477,heen,84,"#71,YAW,-0.05,GYRO,-10,56,6,ACC,15,0,260,ADC,1222,306,5,2,"
5.0477,heen,84,MM0 ?AI
5.0477,heen,84,MM1 ?AI
5.0477,heen,84,MM0 AI=0:0:2472:2459:0:0
5.0477,heen,84,MM1 AI=0:0:2358:2380:0:0
5.0477,heen,84,"$GPRMC,100657.0,A,5050.52925,N,00419.37476,E,000.24,002.8,021026,000.4,E*56"
5.0985,heen,92,"#72,YAW,-0.05,GYRO,-18,24,-7,ACC,19,3,257,ADC,1323,498,7,2,"
5.0985,heen,92,MM0 ?C
5.0985,heen,92,MM1 ?C
5.0985,heen,92,MM0 C=-427:337
5.0985,heen,92,MM1 C=1155:-1267
5.0985,heen,92,"#73,YAW,-0.05,GYRO,-17,27,-10,ACC,12,7,251,ADC,1244,390,6,2,"
5.0985,heen,92,MM0 ?D
5.0985,heen,92,MM1 ?D
5.0985,heen,92,MM0 D=16
5.0985,heen,92,MM1 D=2
5.0985,heen,92,MM1 !M 92 -92
5.0985,heen,92,MM0 !M 92 -92
5.0985,heen,92,MM0 +
5.0985,heen,92,MM1 +
5.0986,heen,92,"#74,YAW,-0.05,GYRO,-11,69,-7,ACC,20,-5,263,ADC,1253,389,5,2,"
5.0986,heen,92,MM0 ?FF
5.0986,heen,92,MM1 ?FF
5.0986,heen,92,MM0 FF=0
5.0986,heen,92,MM1 FF=0
5.1488,heen,101,"#75,YAW,-0.05,GYRO,-25,19,-12,ACC,22,2,264,ADC,1325,498,4,2,"
5.1489,heen,101,MM0 ?P
5.1489,heen,101,MM1 ?P
5.1489,heen,101,MM0 P=92:-92
5.1489,heen,101,MM1 P=92:-92
5.1489,heen,101,MM1 !M 101 -101
5.1489,heen,101,MM0 !M 101 -101
5.1489,heen,101,MM1 +
5.1489,heen,101,MM0 +
5.1489,heen,101,"#76,YAW,-0.05,GYRO,-14,44,-7,ACC,21,1,255,ADC,1255,292,4,3,"
5.1489,heen,101,MM0 ?S
5.1489,heen,101,MM1 ?S
5.1489,heen,101,MM0 S=75:0
5.1489,heen,101,MM1 S=75:0
5.1489,heen,101,"#77,YAW,-0.04,GYRO,-23,31,-9,ACC,24,1,253,ADC,1212,394,4,2,"
5.1489,heen,101,MM0 ?T
5.2004,heen,109,MM1 ?T
5.2004,heen,109,MM0 T=35:35
5.2005,heen,109,MM1 T=37:34
5.2005,heen,109,"#78,YAW,-0.04,GYRO,-10,32,-3,ACC,20,-5,267,ADC,1222,389,6,2,"
5.2005,heen,109,MM0 ?V
5.2005,heen,109,MM1 ?V
5.2005,heen,109,MM0 V=120:221:4908
5.2005,heen,109,MM1 V=120:221:4901
5.2005,heen,109,"#79,YAW,-0.04,GYRO,-12,29,0,ACC,16,-2,245,ADC,1265,499,6,2,"
5.2005,heen,109,MM0 ?CR
5.2005,heen,109,MM1 ?CR
5.2005,heen,109,MM0 CR=8:-8
5.2005,heen,109,MM1 CR=8:-9
5.2545,heen,126,"#80,YAW,-0.04,GYRO,-5,6,-5,ACC,24,1,247,ADC,1233,499,5,2,"
5.2545,heen,126,MM0 ?A
5.2545,heen,126,MM1 ?A
5.2545,heen,126,MM0 A=0:0
5.2545,heen,126,MM1 A=5:0
5.2545,heen,126,MM1 !M 109 -109
5.2545,heen,126,MM0 !M 109 -109
5.2545,heen,126,MM0 +
5.2545,heen,126,MM1 +
5.2545,heen,126,MM0 PING
5.2545,heen,126,MM1 PING
5.2545,heen,126,"#81,YAW,-0.04,GYRO,9,31,5,ACC,15,4,273,ADC,1221,388,7,1,"
5.2545,heen,126,MM0 ?AI
5.2545,heen,126,"$GPRMC,100657.2,A,5050.52927,N,00419.37476,E,000.25,002.8,021026,000.4,E*57"
5.2545,heen,126,MM1 ?AI
5.2545,heen,126,MM0 AI=0:0:2477:2465:0:0
5.2545,heen,126,MM1 AI=0:0:2357:2374:0:0
5.2545,heen,126,"#82,YAW,-0.05,GYRO,15,52,16,ACC,26,3,270,ADC,1238,401,4,2,"
5.2545,heen,126,MM0 ?C
5.2545,heen,126,MM1 ?C
5.2545,heen,126,MM0 C=-416:326
5.2546,heen,126,MM1 C=1165:-1278
5.2886,heen,126,MM0 !M 117 -117
5.2886,heen,126,MM1 !M 117 -117
5.2886,heen,126,MM0 +
5.2886,heen,126,MM1 +
5.2886,heen,126,MM1 PING
5.2886,heen,126,MM0 PING
5.2886,heen,126,MM1 !M 126 -126
5.2886,heen,126,MM0 !M 126 -126
5.2886,heen,126,MM1 +
5.2886,heen,126,MM0 +
5.2886,heen,126,"#83,YAW,-0.05,GYRO,6,47,17,ACC,25,2,257,ADC,1264,338,7,2,"
5.2886,heen,126,MM0 ?D
5.2887,heen,126,MM1 ?D
5.2887,heen,126,MM0 D=16
5.2887,heen,126,MM1 D=2
5.2887,heen,126,"#84,YAW,-0.05,GYRO,-3,27,-1,ACC,22,8,259,ADC,1241,392,4,2,"
5.2887,heen,126,MM0 ?FF
5.3094,heen,134,MM1 ?FF
5.3094,heen,134,MM0 FF=0
5.3094,heen,134,MM1 FF=0
5.3094,heen,134,"#85,YAW,-0.05,GYRO,1,75,-21,ACC,19,8,261,ADC,1223,381,8,2,"
5.3094,heen,134,MM0 ?P
5.3094,heen,134,MM1 ?P
5.3435,heen,134,MM0 P=126:-126
5.3435,heen,134,MM1 P=126:-126
5.3435,heen,134,MM1 !M 134 -134
5.3435,heen,134,MM0 !M 134 -134
5.3435,heen,134,MM1 +
5.3435,heen,134,MM0 +
5.3435,heen,134,"#86,YAW,-0.04,GYRO,-1,59,-35,ACC,7,5,275,ADC,1276,502,5,1,"
5.3435,heen,134,MM0 ?S
5.3435,heen,134,MM1 ?S
5.3435,heen,134,MM0 S=75:-75
5.3435,heen,134,MM1 S=75:-75
5.3645,heen,143,"#87,YAW,-0.04,GYRO,0,28,-28,ACC,13,-2,237,ADC,1245,501,5,1,"
5.3645,heen,143,MM0 ?T
5.3645,heen,143,MM1 ?T
5.3645,heen,143,MM0 T=35:35
5.3645,heen,143,MM1 T=36:34
5.3989,heen,143,"#88,YAW,-0.04,GYRO,8,78,-18,ACC,14,-12,250,ADC,1257,414,6,1,"
5.3989,heen,143,MM0 ?V
5.3989,heen,143,MM1 ?V
5.3989,heen,143,MM0 V=120:222:4907
5.3989,heen,143,MM1 V=120:221:4900
5.3989,heen,143,"#89,YAW,-0.04,GYRO,-22,80,-17,ACC,17,1,274,ADC,1233,492,5,2,"
5.3989,heen,143,MM0 ?CR
5.3989,heen,143,MM1 ?CR
5.3989,heen,143,MM0 CR=18:-17
5.3989,heen,143,MM1 CR=18:-17
5.4518,heen,151,"#90,YAW,-0.04,GYRO,-28,23,-18,ACC,19,13,246,ADC,1203,384,4,1,"
5.4518,heen,151,MM0 ?A
5.4518,heen,151,MM1 ?A
5.4518,heen,151,MM0 A=5:-4
5.4518,heen,151,MM1 A=5:-4
5.4518,heen,151,MM0 !M 143 -143
5.4518,heen,151,MM1 !M 143 -143
5.4518,heen,151,MM0 +
5.4518,heen,151,MM1 +
5.4518,heen,151,MM1 PING
5.4518,heen,151,MM0 PING
5.4518,heen,151,"#91,YAW,-0.04,GYRO,-47,12,-15,ACC,13,4,228,ADC,1244,488,5,3,"
5.4518,heen,151,MM0 ?AI
5.4518,heen,151,MM1 ?AI
5.4518,heen,151,"$GPRMC,100657.4,A,5050.52928,N,00419.37475,E,000.27,002.8,021026,000.4,E*5F"
5.4518,heen,151,MM0 AI=0:0:2472:2461:0:0
5.4518,heen,151,MM1 AI=0:0:2367:2385:0:0
5.4518,heen,151,MM0 !M 151 -151
5.4518,heen,151,MM1 !M 151 -151
5.4518,heen,151,MM0 +
5.4519,heen,151,MM1 +
5.4519,heen,151,"#92,YAW,-0.04,GYRO,-33,11,-8,ACC,42,-3,266,ADC,1238,310,4,2,"
5.4519,heen,151,MM0 ?C
5.4519,heen,151,MM1 ?C
5.5012,heen,159,MM0 C=-395:305
5.5013,heen,159,MM1 C=1186:-1298
5.5013,heen,159,"#93,YAW,-0.04,GYRO,-33,20,-2,ACC,23,-14,263,ADC,1241,391,5,2,"
5.5013,heen,159,MM0 ?D
5.5013,heen,159,MM1 ?D
5.5013,heen,159,MM1 D=41
5.5013,heen,159,MM0 D=3
5.5013,heen,159,MM1 !M 159 -159
5.5013,heen,159,MM0 !M 159 -159
5.5013,heen,159,MM0 +
5.5013,heen,159,MM1 +
5.5013,heen,159,"#94,YAW,-0.04,GYRO,-2,57,8,ACC,11,-10,240,ADC,1290,387,5,2,"
5.5013,heen,159,MM0 ?FF
5.5013,heen,159,MM1 ?FF
5.5013,heen,159,MM0 FF=0
5.5013,heen,159,MM1 FF=0
5.5396,heen,168,"#95,YAW,-0.04,GYRO,0,37,5,ACC,20,4,261,ADC,1263,385,6,1,"
5.5396,heen,168,MM0 ?P
5.5396,heen,168,MM1 ?P
5.5396,heen,168,MM0 P=159:-159
5.5396,heen,168,MM1 P=159:-159
5.5396,heen,168,"#96,YAW,-0.04,GYRO,-3,62,-15,ACC,14,28,288,ADC,1207,385,9,2,"
5.5396,heen,168,MM0 ?S
5.5396,heen,168,MM1 ?S
5.5396,heen,168,MM0 S=75:-150
5.5396,heen,168,MM1 S=75:-150
5.5396,heen,168,MM0 !M 168 -168
5.5396,heen,168,MM1 !M 168 -168
5.5396,heen,168,MM0 +
5.5603,heen,176,MM1 +
5.5603,heen,176,"#97,YAW,-0.04,GYRO,6,65,-21,ACC,22,7,243,ADC,1303,389,5,2,"
5.5603,heen,176,MM0 ?T
5.5603,heen,176,MM1 ?T
5.5603,heen,176,MM0 T=35:35
5.5603,heen,176,MM1 T=36:34
5.5953,heen,176,"#98,YAW,-0.04,GYRO,-40,29,-22,ACC,11,-1,266,ADC,1246,502,8,2,"
5.5954,heen,176,MM0 ?V
5.5954,heen,176,MM1 ?V
5.5954,heen,176,MM0 V=120:225:4907
5.5954,heen,176,MM1 V=120:222:4901
5.5954,heen,176,"#99,YAW,-0.04,GYRO,-63,1,-22,ACC,17,8,235,ADC,1233,384,5,2,"
5.5954,heen,176,MM0 ?CR
5.5954,heen,176,MM1 ?CR
5.5954,heen,176,MM0 CR=28:-28
5.5954,heen,176,MM1 CR=28:-28
5.6165,heen,185,"#100,YAW,-0.04,GYRO,-20,24,-11,ACC,20,1,237,ADC,1232,501,6,1,"
5.6166,heen,185,MM0 ?A
5.6166,heen,185,MM1 ?A
5.6166,heen,185,MM0 A=5:-4
5.6166,heen,185,MM1 A=5:-4
5.6166,heen,185,MM0 !M 176 -176
5.6166,heen,185,MM1 !M 176 -176
5.6506,heen,185,MM0 +
5.6507,heen,185,MM1 +
5.6507,heen,185,MM1 PING
5.6507,heen,185,MM0 PING
5.6507,heen,185,"#101,YAW,-0.04,GYRO,-31,46,-2,ACC,13,-9,286,ADC,1311,387,5,2,"
5.6507,heen,185,MM0 !M 185 -185
5.6507,heen,185,MM1 !M 185 -185
5.6507,heen,185,MM1 +
5.6507,heen,185,MM0 +
5.6507,heen,185,"$GPRMC,100657.6,A,5050.52930,N,00419.37474,E,000.30,002.8,021026,000.4,E*53"
5.6508,heen,185,MM0 ?AI
5.6508,heen,185,MM1 ?AI
5.6508,heen,185,MM0 AI=0:0:2481:2473:0:0
5.6508,heen,185,MM1 AI=0:0:2375:2357:0:0
5.6508,heen,185,"#102,YAW,-0.04,GYRO,24,63,6,ACC,21,-11,239,ADC,1219,348,6,2,"
5.6508,heen,185,MM0 ?C
5.7059,heen,193,MM1 ?C
5.7059,heen,193,MM0 C=-365:275
5.7059,heen,193,MM1 C=1217:-1329
5.7059,heen,193,"#103,YAW,-0.04,GYRO,3,132,-19,ACC,0,16,290,ADC,1243,406,6,2,"
5.7059,heen,193,MM0 ?D
5.7059,heen,193,MM1 ?D
5.7059,heen,193,MM0 D=17
5.7059,heen,193,MM1 D=0
5.7060,heen,193,MM0 !M 193 -193
5.7060,heen,193,MM1 !M 193 -193
5.7060,heen,193,MM1 +
5.7060,heen,193,MM0 +
5.7060,heen,193,"#104,YAW,-0.04,GYRO,-14,68,-28,ACC,14,15,243,ADC,1273,500,5,2,"
5.7060,heen,193,MM0 ?FF
5.7060,heen,193,MM1 ?FF
5.7060,heen,193,MM0 FF=0
5.7060,heen,193,MM1 FF=0
5.7606,heen,210,"#105,YAW,-0.04,GYRO,-50,21,-28,ACC,8,4,258,ADC,1279,390,6,1,"
5.7606,heen,210,MM0 ?P
5.7607,heen,210,MM1 ?P
5.7607,heen,210,MM0 P=193:-193
5.7607,heen,210,MM1 P=193:-193
5.7607,heen,210,"#106,YAW,-0.04,GYRO,-78,-28,-16,ACC,21,3,197,ADC,1258,399,6,3,"
5.7607,heen,210,MM1 ?S
5.7607,heen,210,MM0 ?S
5.7607,heen,210,MM0 S=150:-150
5.7607,heen,210,MM1 S=150:-75
5.7607,heen,210,"#107,YAW,-0.04,GYRO,-36,14,-2,ACC,31,-25,241,ADC,1247,389,5,2,"
5.7607,heen,210,MM0 ?T
5.7607,heen,210,MM1 ?T
5.7607,heen,210,MM0 T=35:35
5.7607,heen,210,MM1 T=37:34
5.7945,heen,210,"#108,YAW,-0.04,GYRO,-4,46,13,ACC,12,-21,301,ADC,1258,503,6,2,"
5.7945,heen,210,MM0 ?V
5.7945,heen,210,MM1 ?V
5.7945,heen,210,MM0 V=120:221:4905
5.7945,heen,210,MM1 V=120:221:4901
5.7945,heen,210,MM0 !M 201 -201
5.7945,heen,210,MM1 !M 201 -201
5.7945,heen,210,MM0 +
5.7945,heen,210,MM1 +
5.7945,heen,210,MM1 PING
5.7945,heen,210,MM0 PING
5.7945,heen,210,"#109,YAW,-0.04,GYRO,77,157,17,ACC,27,-6,225,ADC,1266,385,6,2,"
5.7945,heen,210,MM0 ?CR
5.7945,heen,210,MM1 ?CR
5.7945,heen,210,MM0 CR=35:-35
5.7945,heen,210,MM1 CR=35:-35
5.8155,heen,218,"#110,YAW,-0.04,GYRO,41,171,12,ACC,7,17,300,ADC,1233,386,6,2,"
5.8155,heen,218,MM0 ?A
5.8155,heen,218,MM1 ?A
5.8155,heen,218,MM0 A=9:-8
5.8155,heen,218,MM1 A=9:-8
5.8155,heen,218,MM0 !M 210PING
5.8155,heen,218,MM1 !M 210PING
5.8155,heen,218,MM0 +
5.8506,heen,218,MM1 +
5.8507,heen,218,"#111,YAW,-0.04,GYRO,38,64,-1,ACC,16,25,265,ADC,1252,384,4,1,"
5.8507,heen,218,MM0 !M 218 -218
5.8507,heen,218,MM1 !M 218 -218
5.8507,heen,218,MM0 +
5.8507,heen,218,MM1 +
5.8507,heen,218,MM1 ?AI
5.8507,heen,218,MM0 ?AI
5.8507,heen,218,"$GPRMC,100657.8,A,5050.52932,N,00419.37474,E,000.32,002.8,021026,000.4,E*5D"
5.8507,heen,218,MM1 AI=0:0:2381:2369:0:0
5.8507,heen,218,MM0 AI=0:0:2467:2367:0:0
5.8507,heen,218,"#112,YAW,-0.04,GYRO,-68,0,-31,ACC,39,26,206,ADC,1284,352,6,2,"
5.8716,heen,227,MM0 ?C
5.8717,heen,227,MM1 ?C
5.8717,heen,227,MM0 C=-327:238
5.8717,heen,227,MM1 C=1254:-1366
5.8717,heen,227,"#113,YAW,-0.04,GYRO,11,-8,-32,ACC,12,-19,266,ADC,1282,384,5,2,"
5.8717,heen,227,MM0 ?D
5.8717,heen,227,MM1 ?D
5.8717,heen,227,MM0 D=40
5.8717,heen,227,MM1 D=50
5.9056,heen,227,MM0 !M 227 -227
5.9056,heen,227,MM1 !M 227 -227
5.9056,heen,227,MM0 +
5.9056,heen,227,MM1 +
5.9056,heen,227,"#114,YAW,-0.04,GYRO,45,78,5,ACC,35,-42,277,ADC,1248,316,8,2,"
5.9056,heen,227,MM0 ?FF
5.9056,heen,227,MM1 ?FF
5.9056,heen,227,MM0 FF=0
5.9056,heen,227,MM1 FF=0
5.9585,heen,235,"#115,YAW,-0.04,GYRO,51,76,6,ACC,7,0,287,ADC,1266,502,5,1,"
5.9585,heen,235,MM0 ?P
5.9585,heen,235,MM1 ?P
5.9586,heen,235,MM0 P=227:-227
5.9586,heen,235,MM1 P=227:-227
5.9586,heen,235,"#116,YAW,-0.04,GYRO,42,-4,11,ACC,25,13,240,ADC,1218,501,5,2,"
5.9586,heen,235,MM0 ?S
5.9586,heen,235,MM1 ?S
5.9586,heen,235,MM0 S=225:-150
5.9586,heen,235,MM1 S=225:-150
5.9586,heen,235,MM0 !M 235 -235
5.9586,heen,235,MM0 +
5.9586,heen,235,MM1 !M 235 -235
5.9586,heen,235,MM1 +
5.9586,heen,235,"#117,YAW,-0.04,GYRO,-88,-7,-17,ACC,23,49,220,ADC,1256,382,8,2,"
5.9586,heen,235,MM0 ?T
5.9586,heen,235,MM1 ?T
5.9586,heen,235,MM0 T=35:35
5.9586,heen,235,MM1 T=36:34
6.0066,heen,244,"#118,YAW,-0.04,GYRO,-49,-24,-14,ACC,35,16,188,ADC,1264,398,4,2,"
6.0066,heen,244,MM0 ?V
6.0066,heen,244,MM1 ?V
6.0067,heen,244,MM0 V=120:221:4906
6.0067,heen,244,MM1 V=120:222:4899
6.0067,heen,244,MM0 !M 244 -244
6.0067,heen,244,MM1 !M 244 -244
6.0067,heen,244,MM0 +
6.0067,heen,244,MM1 +
6.0067,heen,244,"#119,YAW,-0.04,GYRO,-50,-7,-13,ACC,13,-14,347,ADC,1226,283,4,2,"
6.0067,heen,244,MM0 ?CR
6.0067,heen,244,MM1 ?CR
6.0067,heen,244,MM0 CR=44:-43
6.0067,heen,244,MM1 CR=44:-43
6.0585,heen,250,"#120,YAW,-0.04,GYRO,35,162,-4,ACC,27,-37,280,ADC,1263,502,5,1,"
6.0585,heen,250,MM0 ?A
6.0585,heen,250,MM1 ?A
6.0585,heen,250,MM0 A=12:-11
6.0585,heen,250,MM1 A=12:-7
6.0585,heen,250,"#121,YAW,-0.04,GYRO,68,141,-3,ACC,4,-5,270,ADC,1246,387,7,2,"
6.0585,heen,250,MM0 ?AI
6.0585,heen,250,MM1 ?AI
6.0585,heen,250,"$GPRMC,100658.0,A,5050.52934,N,00419.37473,E,000.34,002.8,021026,000.4,E*5D"
6.0585,heen,250,MM0 AI=0:0:2449:2484:0:0
6.0585,heen,250,MM1 AI=0:0:2350:2377:0:0
6.0585,heen,250,MM0 !M 250 -250
6.0585,heen,250,MM1 !M 250 -250
6.0585,heen,250,MM0 +
6.0585,heen,250,MM1 +
6.0585,heen,250,"#122,YAW,-0.04,GYRO,-38,80,-27,ACC,25,50,202,ADC,1296,320,3,1,"
6.0585,heen,250,MM0 ?C
6.0585,heen,250,MM1 ?C
6.0585,heen,250,MM0 C=-280:192
6.0585,heen,250,MM1 C=1301:-1412
6.1096,heen,250,"#123,YAW,-0.03,GYRO,-69,-70,-34,ACC,25,39,207,ADC,1291,502,7,2,"
6.1096,heen,250,MM0 ?D
6.1096,heen,250,MM1 ?D
6.1096,heen,250,MM1 D=35
6.1096,heen,250,MM0 D=2
6.1096,heen,250,MM0 !M 250 -250
6.1096,heen,250,"#124,YAW,-0.03,GYRO,8,19,-19,ACC,-3,-5,365,ADC,1231,502,5,2,"
6.1096,heen,250,MM0 +
6.1096,heen,250,MM1 !M 250 -250
6.1096,heen,250,MM1 +
6.1096,heen,250,MM0 ?FF
6.1096,heen,250,MM1 ?FF
6.1096,heen,250,MM0 FF=0
6.1097,heen,250,MM1 FF=0
6.1097,heen,250,"#125,YAW,-0.03,GYRO,50,244,-33,ACC,7,-41,270,ADC,1246,380,5,2,"
6.1097,heen,250,MM0 ?P
6.1097,heen,250,MM1 ?P
6.1625,heen,250,MM0 P=250:-250
6.1625,heen,250,MM1 P=250:-250
6.1625,heen,250,"#126,YAW,-0.03,GYRO,46,143,-19,ACC,33,-26,224,ADC,1252,382,4,2,"
6.1625,heen,250,MM0 ?S
6.1625,heen,250,MM1 ?S
6.1625,heen,250,MM0 S=225:-225
6.1626,heen,250,MM1 S=225:-150
6.1626,heen,250,MM0 !M 250 -250
6.1626,heen,250,MM1 !M 250 -250
6.1626,heen,250,MM0 +
6.1626,heen,250,MM1 +
6.1626,heen,250,"#127,YAW,-0.03,GYRO,-81,40,-16,ACC,6,35,240,ADC,1265,384,4,1,"
6.1626,heen,250,MM0 ?T
6.1626,heen,250,MM1 ?T
6.1626,heen,250,MM0 T=35:35
6.1626,heen,250,MM1 T=36:34
6.1972,heen,250,"#128,YAW,-0.03,GYRO,41,-122,11,ACC,-1,37,261,ADC,1222,382,5,2,"
6.1973,heen,250,MM0 ?V
6.1973,heen,250,MM1 ?V
6.1973,heen,250,MM0 V=120:221:4905
6.1973,heen,250,MM1 V=120:221:4901
6.1973,heen,250,"#129,YAW,-0.03,GYRO,30,250,-5,ACC,5,-1,318,ADC,1241,384,6,2,"
6.1973,heen,250,MM1 ?CR
6.1973,heen,250,MM0 ?CR
6.1973,heen,250,MM1 CR=52:-52
6.1973,heen,250,MM0 CR=52:-53
6.2175,heen,250,"#130,YAW,-0.03,GYRO,-38,-7,0,ACC,2,-11,258,ADC,1259,500,7,2,"
6.2176,heen,250,MM0 ?A
6.2176,heen,250,MM1 ?A
6.2176,heen,250,MM0 A=4:-7
6.2176,heen,250,MM1 A=8:-3
6.2526,heen,250,MM0 !M 250PING
6.2527,heen,250,MM1 !M 250PING
6.2527,heen,250,MM0 +
6.2527,heen,250,MM1 +
6.2527,heen,250,"#131,YAW,-0.03,GYRO,-138,-163,-4,ACC,29,28,152,ADC,1263,321,5,2,"
6.2527,heen,250,MM0 ?AI
6.2527,heen,250,MM1 ?AI
6.2527,heen,250,"$GPRMC,100658.2,A,5050.52936,N,00419.37472,E,000.36,002.8,021026,000.4,E*5E"
6.2527,heen,250,MM1 AI=0:0:2353:2336:0:0
6.2527,heen,250,MM0 AI=0:0:2487:2460:0:0
6.2527,heen,250,MM1 !M 250 -250
6.2527,heen,250,MM0 !M 250 -250
6.2527,heen,250,MM1 +
6.2527,heen,250,MM0 +
6.2527,heen,250,"#132,YAW,-0.03,GYRO,10,21,-2,ACC,2,14,216,ADC,1220,284,5,2,"
6.2527,heen,250,MM0 ?C
6.2527,heen,250,MM1 ?C
6.2722,heen,250,MM0 C=-226:138
6.2723,heen,250,MM1 C=1355:-1465
6.2723,heen,250,"#133,YAW,-0.03,GYRO,-7,45,5,ACC,0,-26,437,ADC,1286,387,6,2,"
6.2723,heen,250,MM0 ?D
6.2723,heen,250,MM1 ?D
6.2723,heen,250,MM0 D=25
6.2723,heen,250,MM1 D=16
6.3066,heen,250,MM1 !M 250 -250
6.3066,heen,250,MM0 !M 250 -250
6.3066,heen,250,MM1 +
6.3066,heen,250,MM0 +
6.3066,heen,250,"#134,YAW,-0.03,GYRO,-40,-49,-14,ACC,15,-14,205,ADC,1255,327,5,1,"
6.3067,heen,250,MM1 ?FF
6.3067,heen,250,MM0 ?FF
6.3067,heen,250,MM1 FF=0
6.3067,heen,250,MM0 FF=0
6.3275,heen,250,"#135,YAW,-0.03,GYRO,-49,79,-29,ACC,33,12,171,ADC,1241,501,6,2,"
6.3275,heen,250,MM1 ?P
6.3275,heen,250,MM0 ?P
6.3275,heen,250,MM1 P=250:-250
6.3275,heen,250,MM0 P=250:-250
6.3275,heen,250,"#136,YAW,-0.03,GYRO,-72,71,-31,ACC,14,41,166,ADC,1274,403,4,1,"
6.3613,heen,250,MM0 ?S
6.3614,heen,250,MM1 ?S
6.3614,heen,250,MM0 S=225:-225
6.3614,heen,250,MM1 S=225:-150
6.3614,heen,250,MM1 !M 250 -250
6.3614,heen,250,MM0 !M 250 -250
6.3614,heen,250,MM1 +
6.3614,heen,250,MM0 +
6.3614,heen,250,"#137,YAW,-0.03,GYRO,113,-76,-11,ACC,51,1,439,ADC,1294,502,5,1,"
6.3614,heen,250,MM1 ?T
6.3614,heen,250,MM0 ?T
6.3614,heen,250,MM1 T=36:34
6.3614,heen,250,MM0 T=35:35
6.4124,heen,250,"#138,YAW,-0.03,GYRO,-55,247,-28,ACC,-6,-14,273,ADC,1233,391,4,1,"
6.4124,heen,250,MM1 ?V
6.4124,heen,250,MM0 ?V
6.4124,heen,250,MM1 V=120:222:4899
6.4124,heen,250,MM0 V=120:223:4906
6.4124,heen,250,"#139,YAW,-0.03,GYRO,19,16,1,ACC,31,3,147,ADC,1276,397,7,2,"
6.4124,heen,250,MM0 ?CR
6.4124,heen,250,MM1 ?CR
6.4124,heen,250,MM1 CR=56:-55
6.4124,heen,250,MM0 CR=56:-55
6.4124,heen,250,MM1 !M 250 -250
6.4124,heen,250,MM0 !M 250 -250
6.4124,heen,250,MM1 +
6.4124,heen,250,MM0 +
6.4124,heen,250,"#140,YAW,-0.03,GYRO,-123,29,1,ACC,-9,71,132,ADC,1259,397,4,2,"
6.4124,heen,250,MM1 ?A
6.4124,heen,250,MM0 ?A
6.4124,heen,250,MM0 A=4:-3
6.4124,heen,250,MM1 A=8:0
6.4627,heen,250,"#141,YAW,-0.03,GYRO,217,-141,25,ACC,12,-5,484,ADC,1268,503,6,2,"
6.4627,heen,250,MM1 ?AI
6.4627,heen,250,MM0 ?AI
6.4628,heen,250,"$GPRMC,100658.4,A,5050.52938,N,00419.37472,E,000.35,002.8,021026,000.4,E*55"
6.4628,heen,250,MM1 AI=0:0:2365:2358:0:0
6.4628,heen,250,MM0 AI=0:0:2434:2482:0:0
6.4628,heen,250,"#142,YAW,-0.03,GYRO,51,365,3,ACC,-13,-3,285,ADC,1258,381,4,2,"
6.4628,heen,250,MM1 ?C
6.4628,heen,250,MM0 ?C
6.4628,heen,250,MM1 C=1411:-1521
6.4628,heen,250,MM0 C=-170:82
6.4835,heen,250,"#143,YAW,-0.03,GYRO,50,7,1,ACC,50,-18,178,ADC,1240,391,4,1,"
6.4835,heen,250,MM1 ?D
6.4835,heen,250,MM0 ?D
6.4835,heen,250,MM1 D=48
6.4835,heen,250,MM0 D=27
6.4835,heen,250,MM1 !M 250 -250
6.4835,heen,250,MM0 !M 250 -250
6.4835,heen,250,MM1 +
6.4835,heen,250,MM0 +
6.4835,heen,250,MM0 PING
6.4835,heen,250,MM1 PING
6.5173,heen,250,"#144,YAW,-0.03,GYRO,-116,159,-8,ACC,-4,72,174,ADC,1240,392,3,2,"
6.5173,heen,250,MM1 ?FF
6.5173,heen,250,MM0 ?FF
6.5173,heen,250,MM1 FF=0
6.5174,heen,250,MM0 FF=0
6.5174,heen,250,"#145,YAW,-0.03,GYRO,-11,-297,3,ACC,6,60,397,ADC,1188,381,7,2,"
6.5174,heen,250,MM1 ?P
6.5174,heen,250,MM0 ?P
6.5174,heen,250,MM1 P=250:-250
6.5174,heen,250,MM0 P=250:-250
6.5517,heen,250,MM0 !M 250 -250
6.5517,heen,250,MM1 !M 250 -250
6.5517,heen,250,"#146,YAW,-0.03,GYRO,7,333,3,ACC,-18,-11,230,ADC,1252,378,5,2,"
6.5517,heen,250,MM0 +
6.5517,heen,250,MM0 PING
6.5517,heen,250,MM1 +
6.5517,heen,250,MM1 PING
6.5517,heen,250,MM0 ?S
6.5517,heen,250,MM1 ?S
6.5517,heen,250,MM0 S=150:-225
6.5520,heen,250,MM1 S=225:-225
6.5520,heen,250,MM0 !M 250 -250
6.5520,heen,250,MM1 !M 250 -250
6.5520,heen,250,MM0 +
6.5520,heen,250,MM1 +
6.5520,heen,250,"#147,YAW,-0.03,GYRO,34,3,20,ACC,28,-3,240,ADC,1206,327,6,2,"
6.5520,heen,250,MM1 ?T
6.5520,heen,250,MM0 ?T
6.5520,heen,250,MM1 T=36:34
6.5520,heen,250,MM0 T=35:35
6.5727,heen,250,"#148,YAW,-0.03,GYRO,-127,3,7,ACC,14,55,138,ADC,1239,382,8,2,"
6.5727,heen,250,MM1 ?V
6.5727,heen,250,MM0 ?V
6.5727,heen,250,MM1 V=120:222:4900
6.5727,heen,250,MM0 V=120:221:4905
6.5933,heen,250,"#149,YAW,-0.03,GYRO,0,-84,13,ACC,20,-17,516,ADC,1241,386,3,1,"
6.5933,heen,250,MM0 ?CR
6.5933,heen,250,MM1 ?CR
6.5933,heen,250,MM0 CR=58:-58
6.5933,heen,250,MM1 CR=57:-57
6.6143,heen,250,MM0 !M 250 -250
6.6143,heen,250,MM1 !M 250 -250
6.6143,heen,250,MM0 +
6.6143,heen,250,MM1 +
6.6143,heen,250,"#150,YAW,-0.03,GYRO,15,449,-33,ACC,-1,-11,215,ADC,1215,384,5,2,"
6.6143,heen,250,MM1 ?A
6.6143,heen,250,MM0 ?A
6.6143,heen,250,MM1 A=8:-3
6.6143,heen,250,MM0 A=4:-3
6.6358,heen,250,"$GPRMC,100658.6,A,5050.52940,N,00419.37472,E,000.35,002.8,021026,000.4,E*58"
6.6358,heen,250,"#151,YAW,-0.03,GYRO,-32,-162,7,ACC,17,-19,285,ADC,1255,419,5,2,"
6.6358,heen,250,MM1 ?AI
6.6358,heen,250,MM0 ?AI
6.6358,heen,250,MM1 AI=0:0:2357:2375:0:0
6.6695,heen,250,MM0 AI=0:0:2470:2613:0:0
6.6695,heen,250,"#152,YAW,-0.03,GYRO,-12,-61,-13,ACC,11,11,129,ADC,1243,452,5,1,"
6.6695,heen,250,MM0 !M 250 -250
6.6695,heen,250,MM0 +
6.6695,heen,250,MM1 !M 250 -250
6.6695,heen,250,MM1 +
6.6695,heen,250,MM0 ?C
6.6695,heen,250,MM1 ?C
6.6695,heen,250,MM0 C=-112:24
6.6695,heen,250,MM1 C=1469:-1578
6.6695,heen,250,"#153,YAW,-0.03,GYRO,86,-56,10,ACC,27,-55,348,ADC,1221,382,4,2,"
6.6695,heen,250,MM1 ?D
6.6695,heen,250,MM0 ?D
6.7042,heen,250,MM0 D=40
6.7042,heen,250,MM1 D=3
6.7042,heen,250,MM0 !M 250 -250
6.7042,heen,250,MM1 !M 250 -250
6.7042,heen,250,MM0 +
6.7042,heen,250,MM1 +
6.7042,heen,250,"#154,YAW,-0.03,GYRO,-23,274,2,ACC,-41,6,365,ADC,1269,385,6,2,"
6.7042,heen,250,MM0 ?FF
6.7042,heen,250,MM1 ?FF
6.7042,heen,250,MM0 FF=0
6.7042,heen,250,MM1 FF=0
6.7244,heen,250,"#155,YAW,-0.03,GYRO,42,-117,-3,ACC,31,3,180,ADC,1235,502,5,1,"
6.7245,heen,250,MM0 ?P
6.7245,heen,250,MM1 ?P
6.7245,heen,250,MM0 P=250:-250
6.7245,heen,250,MM1 P=250:-250
6.7594,heen,250,"#156,YAW,-0.03,GYRO,-101,143,-30,ACC,4,40,130,ADC,1246,385,6,2,"
6.7594,heen,250,MM1 ?S
6.7594,heen,250,MM0 ?S
6.7594,heen,250,MM1 S=225:-225
6.7594,heen,250,MM0 S=225:-225
6.7594,heen,250,MM1 !M 250 -250
6.7594,heen,250,MM0 !M 250 -250
6.7594,heen,250,MM1 +
6.7594,heen,250,MM0 +
6.7594,heen,250,"#157,YAW,-0.03,GYRO,-74,-175,-26,ACC,21,-70,466,ADC,1240,400,4,3,"
6.7594,heen,250,MM1 ?T
6.7594,heen,250,MM0 ?T
6.7594,heen,250,MM1 T=36:34
6.7594,heen,250,MM0 T=35:35
6.7793,heen,250,"#158,YAW,-0.03,GYRO,23,184,-27,ACC,-32,-6,249,ADC,1256,386,5,2,"
6.7793,heen,250,MM1 ?V
6.7793,heen,250,MM0 ?V
6.7793,heen,250,MM1 V=120:222:4900
6.7793,heen,250,MM0 V=120:219:4904
6.8134,heen,250,"#159,YAW,-0.03,GYRO,26,50,-13,ACC,-2,5,219,ADC,1278,386,5,2,"
6.8134,heen,250,MM0 ?CR
6.8134,heen,250,MM1 ?CR
6.8134,heen,250,MM0 CR=58:-57
6.8134,heen,250,MM1 CR=58:-58
6.8134,heen,250,MM0 !M 250 -250
6.8134,heen,250,MM1 !M 250 -250
6.8134,heen,250,MM0 +
6.8134,heen,250,MM1 +
6.8134,heen,250,"#160,YAW,-0.03,GYRO,-63,58,-20,ACC,-8,39,129,ADC,1265,498,6,2,"
6.8134,heen,250,MM0 ?A
6.8134,heen,250,MM1 ?A
6.8134,heen,250,MM1 A=4:-3
6.8134,heen,250,MM0 A=0:0
6.8657,heen,250,"$GPRMC,100658.8,A,5050.52942,N,00419.37472,E,000.36,002.8,021026,000.4,E*57"
6.8657,heen,250,"#161,YAW,-0.03,GYRO,-53,-174,-9,ACC,-23,-43,325,ADC,1269,311,6,2,"
6.8657,heen,250,MM0 ?AI
6.8657,heen,250,MM1 ?AI
6.8657,heen,250,MM0 AI=0:0:2466:2478:0:0
6.8657,heen,250,MM1 AI=0:0:2364:2414:0:0
6.8657,heen,250,"#162,YAW,-0.03,GYRO,21,393,-36,ACC,-22,11,307,ADC,1255,499,4,2,"
6.8657,heen,250,MM0 ?C
6.8657,heen,250,MM1 ?C
6.8657,heen,250,MM0 C=-53:-34
6.8657,heen,250,MM1 C=1527:-1636
6.9175,heen,250,"#163,YAW,-0.03,GYRO,-70,-49,-18,ACC,-7,23,219,ADC,1235,409,5,2,"
6.9175,heen,250,MM0 ?D
6.9175,heen,250,MM1 ?D
6.9175,heen,250,MM0 D=51
6.9175,heen,250,MM1 D=49
6.9175,heen,250,MM0 !M 250 -250
6.9175,heen,250,MM1 !M 250 -250
6.9175,heen,250,MM0 +
6.9175,heen,250,MM1 +
6.9175,heen,250,MM1 PING
6.9175,heen,250,MM0 PING
6.9175,heen,250,"#164,YAW,-0.03,GYRO,-108,-39,-13,ACC,18,27,96,ADC,1268,396,6,2,"
6.9175,heen,250,MM0 ?FF
6.9175,heen,250,MM1 ?FF
6.9175,heen,250,MM0 FF=0
6.9175,heen,250,MM1 FF=0
6.9175,heen,250,MM0 !M 250 -250
6.9175,heen,250,MM1 !M 250 -250
6.9175,heen,250,MM0 +
6.9176,heen,250,MM1 +
6.9176,heen,250,"#165,YAW,-0.03,GYRO,-43,-136,3,ACC,29,-106,322,ADC,1311,500,6,2,"
6.9176,heen,250,MM0 ?P
6.9176,heen,250,MM1 ?P
6.9176,heen,250,MM0 P=250:-250
6.9176,heen,250,MM1 P=250:-250
6.9678,heen,250,"#166,YAW,-0.03,GYRO,132,485,11,ACC,-10,-49,244,ADC,1290,393,6,1,"
6.9679,heen,250,MM0 ?S
6.9679,heen,250,MM1 ?S
6.9679,heen,250,MM0 S=150:-150
6.9679,heen,250,MM1 S=225:-225
6.9679,heen,250,MM0 !M 250 -250
6.9680,heen,250,MM1 !M 250 -250
6.9680,heen,250,MM0 +
6.9680,heen,250,MM1 +
6.9680,heen,250,"#167,YAW,-0.03,GYRO,17,31,30,ACC,7,2,179,ADC,1264,320,5,2,"
6.9680,heen,250,MM0 ?T
6.9680,heen,250,MM1 ?T
6.9680,heen,250,MM1 T=36:34
6.9680,heen,250,MM0 T=35:35
6.9680,heen,250,"#168,YAW,-0.03,GYRO,-80,2,1,ACC,5,67,130,ADC,1221,499,4,2,"
7.0174,heen,250,MM0 ?V
7.0174,heen,250,MM1 ?V
7.0174,heen,250,MM0 V=120:221:4906
7.0174,heen,250,MM1 V=120:222:4900
7.0174,heen,250,"#169,YAW,-0.03,GYRO,161,-117,0,ACC,-45,5,386,ADC,1271,500,4,2,"
7.0174,heen,250,MM0 ?CR
7.0174,heen,250,MM1 ?CR
7.0174,heen,250,MM0 CR=58:-58
7.0174,heen,250,MM1 CR=58:-57
7.0174,heen,250,MM1 !M 250 -250
7.0174,heen,250,MM0 !M 250 -250
7.0174,heen,250,MM1 +
7.0175,heen,250,MM0 +
7.0175,heen,250,"#170,YAW,-0.03,GYRO,70,292,-12,ACC,-17,-38,283,ADC,1269,498,4,2,"
7.0175,heen,250,MM0 ?A
7.0175,heen,250,MM1 ?A
7.0175,heen,250,MM0 A=8:-3
7.0175,heen,250,MM1 A=8:-3
7.0697,heen,250,"$GPRMC,100659.0,A,5050.52944,N,00419.37473,E,000.37,002.8,021026,000.4,E*58"
7.0697,heen,250,"#171,YAW,-0.03,GYRO,29,-128,7,ACC,38,-11,174,ADC,1272,310,5,1,"
7.0697,heen,250,MM0 ?AI
7.0697,heen,250,MM1 ?AI
7.0697,heen,250,MM0 AI=0:0:2464:2478:0:0
7.0697,heen,250,MM1 AI=0:0:2378:2607:0:0
7.0697,heen,250,MM1 !M 250 -250
7.0697,heen,250,MM0 !M 250 -250
7.0697,heen,250,MM1 +
7.0697,heen,250,MM0 +
7.0697,heen,250,"#172,YAW,-0.03,GYRO,-149,56,-24,ACC,-1,73,194,ADC,1237,312,5,2,"
7.0697,heen,250,MM0 ?C
7.0698,heen,250,MM1 ?C
7.0698,heen,250,MM0 C=4:-91
7.0698,heen,250,MM1 C=1584:-1693
7.0698,heen,250,"#173,YAW,-0.03,GYRO,-95,-31,-18,ACC,43,4,266,ADC,1232,502,4,2,"
7.0698,heen,250,MM0 ?D
7.1183,heen,250,MM1 ?D
7.1183,heen,250,MM0 D=26
7.1183,heen,250,MM1 D=51
7.1183,heen,250,"#174,YAW,-0.03,GYRO,90,147,-7,ACC,-1,-46,359,ADC,1257,499,3,1,"
7.1183,heen,250,MM0 ?FF
7.1183,heen,250,MM1 ?FF
7.1183,heen,250,MM0 FF=0
7.1184,heen,250,MM1 FF=0
7.1184,heen,250,MM1 !M 250 -250
7.1184,heen,250,MM0 !M 250 -250
7.1184,heen,250,MM1 +
7.1184,heen,250,MM0 +
7.1184,heen,250,"#175,YAW,-0.03,GYRO,30,154,10,ACC,21,-25,241,ADC,1265,390,4,2,"
7.1184,heen,250,MM0 ?P
7.1184,heen,250,MM1 ?P
7.1184,heen,250,MM0 P=250:-250
7.1184,heen,250,MM1 P=250:-250
7.1733,heen,250,"#176,YAW,-0.03,GYRO,-19,93,-13,ACC,29,32,158,ADC,1265,494,4,2,"
7.1733,heen,250,MM0 ?S
7.1733,heen,250,MM1 ?S
7.1733,heen,250,MM0 S=225:-225
7.1733,heen,250,MM1 S=225:-150
7.1733,heen,250,"#177,YAW,-0.03,GYRO,-142,-66,-33,ACC,-10,1,279,ADC,1281,391,3,2,"
7.1733,heen,250,MM0 ?T
7.1733,heen,250,MM1 ?T
7.1733,heen,250,MM0 T=35:35
7.1733,heen,250,MM1 T=37:34
7.1733,heen,250,MM0 !M 250 -250
7.1733,heen,250,MM1 !M 250 -250
7.1733,heen,250,MM0 +
7.1733,heen,250,MM1 +
7.1733,heen,250,"#178,YAW,-0.02,GYRO,66,128,-19,ACC,-4,-31,271,ADC,1244,388,4,2,"
7.1734,heen,250,MM0 ?V
7.1734,heen,250,MM1 ?V
7.2095,heen,250,MM0 V=120:223:4905
7.2096,heen,250,MM1 V=120:223:4901
7.2096,heen,250,MM0 !M 250 -250
7.2096,heen,250,"#179,YAW,-0.02,GYRO,20,155,0,ACC,9,-28,249,ADC,1285,375,4,2,"
7.2096,heen,250,MM0 +
7.2096,heen,250,MM1 !M 250 -250
7.2096,heen,250,MM1 +
7.2096,heen,250,MM0 ?CR
7.2096,heen,250,MM1 ?CR
7.2096,heen,250,MM0 CR=57:-57
7.2096,heen,250,MM1 CR=57:-57
7.2096,heen,250,"#180,YAW,-0.02,GYRO,-73,113,-24,ACC,-1,30,185,ADC,1239,380,3,1,"
7.2096,heen,250,MM0 ?A
7.2096,heen,250,MM1 ?A
7.2304,heen,250,MM0 A=0:-3
7.2305,heen,250,MM1 A=4:-3
7.2305,heen,250,"$GPRMC,100659.2,A,5050.52946,N,00419.37474,E,000.38,002.8,021026,000.4,E*50"
7.2305,heen,250,"#181,YAW,-0.02,GYRO,53,-149,4,ACC,-4,20,264,ADC,1248,299,4,2,"
7.2675,heen,250,MM0 ?AI
7.2675,heen,250,MM1 ?AI
7.2675,heen,250,MM0 AI=0:0:2443:2465:0:0
7.2675,heen,250,MM1 AI=0:0:2390:2390:0:0
7.2675,heen,250,MM1 !M 250 -250
7.2675,heen,250,MM0 !M 250 -250
7.2675,heen,250,MM1 +
7.2675,heen,250,MM0 +
7.2675,heen,250,"#182,YAW,-0.02,GYRO,48,304,-16,ACC,-12,-12,349,ADC,1239,311,4,2,"
7.2675,heen,250,MM0 ?C
7.2675,heen,250,MM1 ?C
7.2675,heen,250,MM0 C=61:-148
7.2676,heen,250,MM1 C=1641:-1750
7.2676,heen,250,"#183,YAW,-0.02,GYRO,2,-14,5,ACC,4,-18,209,ADC,1246,383,6,2,"
7.3216,heen,250,MM0 ?D
7.3216,heen,250,MM1 ?D
7.3216,heen,250,MM0 D=33
7.3216,heen,250,MM1 D=18
7.3216,heen,250,"#184,YAW,-0.02,GYRO,-150,-56,-8,ACC,7,38,149,ADC,1218,381,6,2,"
7.3217,heen,250,MM0 ?FF
7.3217,heen,250,MM1 ?FF
7.3217,heen,250,MM0 FF=0
7.3217,heen,250,MM1 FF=0
7.3217,heen,250,MM1 !M 250 -250
7.3217,heen,250,MM0 !M 250 -250
7.3217,heen,250,MM1 +
7.3217,heen,250,MM0 +
7.3217,heen,250,"#185,YAW,-0.02,GYRO,-44,-73,-3,ACC,27,-8,250,ADC,1299,385,7,2,"
7.3217,heen,250,MM0 ?P
7.3217,heen,250,MM1 ?P
7.3217,heen,250,MM0 P=250:-250
7.3217,heen,250,MM1 P=250:-250
7.3726,heen,250,"#186,YAW,-0.02,GYRO,25,63,-1,ACC,-22,-25,371,ADC,1211,379,4,1,"
7.3726,heen,250,MM0 ?S
7.3726,heen,250,MM1 ?S
7.3726,heen,250,MM0 S=225:-225
7.3726,heen,250,MM1 S=225:-225
7.3726,heen,250,"#187,YAW,-0.02,GYRO,-54,-109,-6,ACC,13,-22,205,ADC,1238,399,5,3,"
7.3726,heen,250,MM0 ?T
7.3726,heen,250,MM1 ?T
7.3726,heen,250,MM1 T=36:34
7.3726,heen,250,MM0 T=35:35
7.3726,heen,250,MM1 !M 250 -250
7.3726,heen,250,MM0 !M 250 -250
7.3726,heen,250,MM1 +
7.3726,heen,250,MM0 +
7.3726,heen,250,"#188,YAW,-0.02,GYRO,-76,165,-32,ACC,6,17,167,ADC,1244,399,6,2,"
7.3727,heen,250,MM0 ?V
7.3727,heen,250,MM1 ?V
7.3727,heen,250,MM0 V=120:222:4907
7.3727,heen,250,MM1 V=120:221:4899
7.4254,heen,250,"#189,YAW,-0.02,GYRO,-72,15,-33,ACC,5,-30,284,ADC,1278,388,4,2,"
7.4254,heen,250,MM0 ?CR
7.4254,heen,250,MM1 ?CR
7.4254,heen,250,MM0 CR=58:-57
7.4254,heen,250,MM1 CR=58:-57
7.4254,heen,250,MM0 !M 250 -250
7.4254,heen,250,MM1 !M 250 -250
7.4254,heen,250,MM0 +
7.4254,heen,250,MM1 +
7.4254,heen,250,"#190,YAW,-0.02,GYRO,96,17,-16,ACC,5,-57,270,ADC,1235,499,7,2,"
7.4254,heen,250,MM0 ?A
7.4254,heen,250,MM1 ?A
7.4254,heen,250,MM1 A=8:-3
7.4254,heen,250,MM0 A=4:0
7.4735,heen,250,"$GPRMC,100659.4,A,5050.52948,N,00419.37475,E,000.39,002.8,021026,000.4,E*58"
7.4735,heen,250,"#191,YAW,-0.02,GYRO,7,196,-19,ACC,4,-25,321,ADC,1273,307,8,2,"
7.4735,heen,250,MM0 ?AI
7.4736,heen,250,MM1 ?AI
7.4736,heen,250,MM0 AI=0:0:2462:2471:0:0
7.4736,heen,250,MM1 AI=0:0:2361:2387:0:0
7.4736,heen,250,"#192,YAW,-0.02,GYRO,-16,153,-22,ACC,19,22,158,ADC,1278,502,7,2,"
7.4736,heen,250,MM0 ?C
7.4736,heen,250,MM1 ?C
7.4736,heen,250,MM0 C=119:-205
7.4736,heen,250,MM1 C=1699:-1807
7.4736,heen,250,MM0 !M 250 -250
7.4736,heen,250,MM1 !M 250 -250
7.4736,heen,250,MM0 +
7.4736,heen,250,MM1 +
7.4736,heen,250,"#193,YAW,-0.02,GYRO,-123,-126,4,ACC,17,13,330,ADC,1296,493,6,2,"
7.4736,heen,250,MM0 ?D
7.4736,heen,250,MM1 ?D
7.4736,heen,250,MM0 D=58
7.4736,heen,250,MM1 D=1
7.5246,heen,250,"#194,YAW,-0.02,GYRO,153,-118,63,ACC,-15,-50,240,ADC,1249,384,5,2,"
7.5246,heen,250,MM0 ?FF
7.5246,heen,250,MM1 ?FF
7.5246,heen,250,MM0 FF=0
7.5246,heen,250,MM1 FF=0
7.5246,heen,250,MM0 !M 250 -250
7.5246,heen,250,MM1 !M 250 -250
7.5246,heen,250,MM0 +
7.5246,heen,250,MM1 +
7.5246,heen,250,"#195,YAW,-0.02,GYRO,14,169,72,ACC,5,-37,259,ADC,1223,268,8,2,"
7.5246,heen,250,MM0 ?P
7.5246,heen,250,MM1 ?P
7.5246,heen,250,MM0 P=250:-250
7.5246,heen,250,MM1 P=250:-250
7.5743,heen,250,"#196,YAW,-0.02,GYRO,-52,301,45,ACC,21,-17,204,ADC,1264,497,5,3,"
7.5743,heen,250,MM0 ?S
7.5743,heen,250,MM1 ?S
7.5743,heen,250,MM0 S=225:-150
7.5743,heen,250,MM1 S=225:-225
7.5743,heen,250,"#197,YAW,-0.02,GYRO,-195,-129,17,ACC,19,21,258,ADC,1240,382,4,2,"
7.5744,heen,250,MM0 ?T
7.5744,heen,250,MM1 ?T
7.5744,heen,250,MM0 T=35:35
7.5744,heen,250,MM1 T=37:34
7.5744,heen,250,"#198,YAW,-0.02,GYRO,150,-57,10,ACC,-14,-25,285,ADC,1218,386,7,2,"
7.5744,heen,250,MM0 ?V
7.5744,heen,250,MM1 ?V
7.5744,heen,250,MM0 V=120:222:4906
7.5744,heen,250,MM1 V=120:221:4901
7.6277,heen,250,"#199,YAW,-0.02,GYRO,-17,228,-6,ACC,0,-22,319,ADC,1251,403,5,2,"
7.6277,heen,250,MM0 ?CR
7.6277,heen,250,MM0 CR=58:-58
7.6277,heen,250,MM1 ?CR
7.6277,heen,250,MM1 CR=56:-57
7.6277,heen,250,MM1 !M 250 -250
7.6277,heen,250,MM0 !M 250 -250
7.6277,heen,250,MM1 +
7.6277,heen,250,MM0 +
7.6277,heen,250,MM0 PING
7.6277,heen,250,MM1 PING
7.6277,heen,250,"#200,YAW,-0.02,GYRO,11,125,-2,ACC,7,12,211,ADC,1263,387,5,1,"
7.6278,heen,250,MM0 ?A
7.6278,heen,250,MM1 ?A
7.6278,heen,250,MM1 A=8:-3
7.6278,heen,250,MM0 A=4:0
7.6278,heen,250,"$GPRMC,100659.6,A,5050.52950,N,00419.37476,E,000.40,002.8,021026,000.4,E*5E"
7.6766,heen,250,"#201,YAW,-0.02,GYRO,-164,-183,3,ACC,18,56,163,ADC,1247,300,4,2,"
7.6766,heen,250,MM0 ?AI
7.6766,heen,250,MM1 ?AI
7.6766,heen,250,MM0 AI=0:0:2460:2479:0:0
7.6766,heen,250,MM1 AI=0:0:2362:2371:0:0
7.6766,heen,250,MM0 !M 250 -250
7.6766,heen,250,MM1 !M 250 -250
7.6766,heen,250,MM0 +
7.6766,heen,250,MM1 +
7.6766,heen,250,MM0 PING
7.6766,heen,250,MM1 PING
7.6766,heen,250,"#202,YAW,-0.02,GYRO,138,105,10,ACC,-28,-10,354,ADC,1266,367,4,2,"
7.6767,heen,250,MM0 ?C
7.6767,heen,250,MM1 ?C
7.6767,heen,250,MM0 C=178:-263
7.6767,heen,250,MM1 C=1756:-1864
7.6767,heen,250,"#203,YAW,-0.02,GYRO,-23,306,-15,ACC,0,-15,294,ADC,1270,498,7,2,"
7.6767,heen,250,MM0 ?D
7.6767,heen,250,MM1 ?D
7.6767,heen,250,MM1 D=51
7.6767,heen,250,MM0 D=9
7.7311,heen,250,"#204,YAW,-0.02,GYRO,-48,-106,-3,ACC,-9,9,261,ADC,1248,502,5,2,"
7.7311,heen,250,MM0 ?FF
7.7312,heen,250,MM0 FF=0
7.7312,heen,250,MM1 ?FF
7.7312,heen,250,MM1 FF=0
7.7312,heen,250,MM0 !M 250 -250
7.7312,heen,250,MM1 !M 250 -250
7.7312,heen,250,MM0 +
7.7312,heen,250,MM1 +
7.7312,heen,250,MM1 PING
7.7312,heen,250,MM0 PING
7.7312,heen,250,"#205,YAW,-0.02,GYRO,-54,-191,-7,ACC,21,21,104,ADC,1269,500,6,2,"
7.7312,heen,250,MM0 ?P
7.7312,heen,250,MM1 ?P
7.7312,heen,250,MM0 P=250:-250
7.7312,heen,250,MM1 P=250:-250
7.7312,heen,250,MM0 !M 250 -250
7.7312,heen,250,MM1 !M 250 -250
7.7312,heen,250,MM0 +
7.7312,heen,250,MM1 +
7.7312,heen,250,"#206,YAW,-0.02,GYRO,151,81,7,ACC,-8,-51,320,ADC,1303,501,5,2,"
7.7312,heen,250,MM0 ?S
7.7312,heen,250,MM1 ?S
7.7312,heen,250,MM0 S=225:-225
7.7655,heen,250,MM1 S=225:-225
7.7656,heen,250,MM1 !M 250 -250
7.7656,heen,250,MM0 !M 250 -250
7.7656,heen,250,MM1 +
7.7656,heen,250,MM0 +
7.7656,heen,250,"#207,YAW,-0.02,GYRO,-44,267,11,ACC,1,7,379,ADC,1249,305,5,1,"
7.7656,heen,250,MM0 ?T
7.7656,heen,250,MM1 ?T
7.7656,heen,250,MM0 T=35:35
7.7656,heen,250,MM1 T=37:34
7.7866,heen,250,"#208,YAW,-0.02,GYRO,-42,-55,-12,ACC,40,31,140,ADC,1281,502,6,1,"
7.7866,heen,250,MM0 ?V
7.7866,heen,250,MM1 ?V
7.7866,heen,250,MM0 V=120:222:4906
7.7866,heen,250,MM1 V=120:221:4901
7.8211,heen,250,"#209,YAW,-0.02,GYRO,-98,48,-32,ACC,0,29,169,ADC,1274,503,5,2,"
7.8212,heen,250,MM0 ?CR
7.8212,heen,250,MM1 ?CR
7.8212,heen,250,MM0 CR=59:-58
7.8212,heen,250,MM1 CR=59:-58
7.8212,heen,250,"#210,YAW,-0.02,GYRO,37,-171,-10,ACC,-22,-15,395,ADC,1295,389,5,2,"
7.8212,heen,250,MM0 ?A
7.8212,heen,250,MM1 ?A
7.8212,heen,250,MM0 A=0:0
7.8212,heen,250,MM1 A=4:0
7.8415,heen,250,"#211,YAW,-0.02,GYRO,48,252,-19,ACC,6,-20,288,ADC,1283,390,5,1,"
7.8415,heen,250,MM0 ?AI
7.8415,heen,250,MM1 ?AI
7.8416,heen,250,"$GPRMC,100659.8,A,5050.52953,N,00419.37478,E,000.42,002.8,021026,000.4,E*5F"
7.8416,heen,250,MM0 AI=0:0:2446:2465:0:0
7.8416,heen,250,MM1 AI=0:0:2364:2385:0:0
7.8754,heen,250,MM0 !M 250 -250
7.8754,heen,250,MM1 !M 250 -250
7.8754,heen,250,MM0 +
7.8754,heen,250,MM1 +
7.8754,heen,250,MM1 PING
7.8754,heen,250,MM0 PING
7.8754,heen,250,"#212,YAW,-0.02,GYRO,-30,-26,-9,ACC,14,7,213,ADC,1221,377,6,1,"
7.8754,heen,250,MM0 ?C
7.8754,heen,250,MM1 ?C
7.8754,heen,250,MM0 C=236:-321
7.8754,heen,250,MM1 C=1814:-1922
7.8755,heen,250,"#213,YAW,-0.01,GYRO,-45,-179,5,ACC,-10,23,236,ADC,1244,381,6,2,"
7.8755,heen,250,MM0 ?D
7.8755,heen,250,MM1 ?D
7.8755,heen,250,MM0 D=56
7.8755,heen,250,MM1 D=0
7.9286,heen,250,"#214,YAW,-0.01,GYRO,131,7,46,ACC,-1,-28,309,ADC,1211,382,5,2,"
7.9286,heen,250,MM0 ?FF
7.9286,heen,250,MM1 ?FF
7.9286,heen,250,MM0 FF=0
7.9286,heen,250,MM1 FF=0
7.9286,heen,250,MM0 !M 250 -250
7.9286,heen,250,MM1 !M 250 -250
7.9286,heen,250,MM0 +
7.9286,heen,250,MM1 +
7.9286,heen,250,MM1 PING
7.9286,heen,250,MM0 PING
7.9287,heen,250,MM1 !M 250 -250
7.9287,heen,250,MM0 !M 250 -250
7.9287,heen,250,MM1 +
7.9287,heen,250,MM0 +
7.9287,heen,250,"#215,YAW,-0.01,GYRO,-188,20,-18,ACC,-61,32,510,ADC,1222,309,4,2,"
7.9287,heen,250,MM0 ?P
7.9287,heen,250,MM1 ?P
7.9287,heen,250,MM0 P=250:-250
7.9287,heen,250,MM1 P=250:-250
7.9287,heen,250,"#216,YAW,-0.01,GYRO,-82,-577,-15,ACC,29,34,88,ADC,1262,417,6,2,"
7.9287,heen,250,MM0 ?S
7.9786,heen,250,MM1 ?S
7.9786,heen,250,MM0 S=225:-225
7.9786,heen,250,MM1 S=225:-225
7.9786,heen,250,"#217,YAW,-0.01,GYRO,-110,-23,-7,ACC,19,13,108,ADC,1288,387,5,2,"
7.9786,heen,250,MM0 ?T
7.9786,heen,250,MM1 ?T
7.9786,heen,250,MM0 T=35:35
7.9786,heen,250,MM1 T=36:34
7.9786,heen,250,MM0 !M 250 -250
7.9786,heen,250,MM1 !M 250 -250
7.9786,heen,250,MM0 +
7.9786,heen,250,MM1 +
7.9786,heen,250,"#218,YAW,-0.01,GYRO,-73,-136,-36,ACC,-334,131,450,ADC,1285,496,6,2,"
7.9786,heen,250,MM0 ?V
7.9786,heen,250,MM1 ?V
7.9786,heen,250,MM0 V=120:221:4906
7.9787,heen,250,MM1 V=120:221:4900
8.0298,heen,250,"#219,YAW,-0.01,GYRO,217,586,4,ACC,80,-68,228,ADC,1259,501,4,2,"
8.0298,heen,250,MM0 ?CR
8.0298,heen,250,MM1 ?CR
8.0298,heen,250,MM0 CR=57:-58
8.0298,heen,250,MM1 CR=58:-57
8.0298,heen,250,MM1 !M 250 -250
8.0298,heen,250,MM0 !M 250 -250
8.0298,heen,250,MM1 +
8.0298,heen,250,"#220,YAW,-0.01,GYRO,-145,-18,45,ACC,-50,46,403,ADC,1260,317,3,2,"
8.0298,heen,250,MM0 +
8.0298,heen,250,MM0 ?A
8.0298,heen,250,MM1 ?A
8.0298,heen,250,MM0 A=4:-3
8.0298,heen,250,MM1 A=8:-7
8.0298,heen,250,"#221,YAW,-0.01,GYRO,107,-35,24,ACC,29,39,114,ADC,1244,394,5,3,"
8.0298,heen,250,MM0 ?AI
8.0298,heen,250,MM1 ?AI
8.0827,heen,250,MM0 AI=0:0:2447:2455:0:0
8.0827,heen,250,MM1 AI=0:0:2348:2399:0:0
8.0827,heen,250,"$GPRMC,100700.0,A,5050.52955,N,00419.37479,E,000.42,002.8,021026,000.4,E*5D"
8.0827,heen,250,"#222,YAW,-0.01,GYRO,-74,11,-36,ACC,-59,68,293,ADC,1238,381,4,2,"
8.0827,heen,250,MM0 ?C
8.0827,heen,250,MM1 ?C
8.0827,heen,250,MM0 C=293:-378
8.0827,heen,250,MM1 C=1871:-1979
8.0827,heen,250,"#223,YAW,-0.01,GYRO,107,317,-33,ACC,16,-42,204,ADC,1277,384,4,2,"
8.0827,heen,250,MM0 ?D
8.0827,heen,250,MM1 ?D
8.0827,heen,250,MM0 D=16
8.0827,heen,250,MM1 D=0
8.1353,heen,250,"#224,YAW,-0.01,GYRO,108,259,-23,ACC,16,-17,196,ADC,1246,381,6,2,"
8.1353,heen,250,MM0 ?FF
8.1353,heen,250,MM1 ?FF
8.1353,heen,250,MM0 FF=0
8.1354,heen,250,MM1 FF=0
8.1354,heen,250,MM0 !M 250 -250
8.1354,heen,250,MM1 !M 250 -250
8.1354,heen,250,MM0 +
8.1354,heen,250,MM1 +
8.1354,heen,250,MM1 PING
8.1354,heen,250,MM0 PING
8.1354,heen,250,"#225,YAW,-0.01,GYRO,32,313,-51,ACC,42,7,239,ADC,1190,380,5,2,"
8.1354,heen,250,MM0 ?P
8.1354,heen,250,MM1 ?P
8.1354,heen,250,MM0 P=250:-250
8.1354,heen,250,MM1 P=250:-250
8.1354,heen,250,"#226,YAW,-0.01,GYRO,-345,113,-21,ACC,23,88,209,ADC,1260,393,6,2,"
8.1354,heen,250,MM0 ?S
8.1354,heen,250,MM1 ?S
8.1354,heen,250,MM0 S=225:-225
8.1354,heen,250,MM1 S=225:-225
8.1695,heen,250,MM1 !M 250 -250
8.1695,heen,250,MM0 !M 250 -250
8.1695,heen,250,MM1 +
8.1695,heen,250,MM0 +
8.1695,heen,250,MM0 PING
8.1695,heen,250,MM1 PING
8.1695,heen,250,MM0 !M 250 -250
8.1695,heen,250,MM1 !M 250 -250
8.1695,heen,250,"#227,YAW,-0.01,GYRO,95,88,-17,ACC,-5,-36,585,ADC,1231,315,4,2,"
8.1695,heen,250,MM0 +
8.1695,heen,250,MM1 +
8.1695,heen,250,MM0 ?T
8.1696,heen,250,MM1 ?T
8.1696,heen,250,MM0 T=35:35
8.1696,heen,250,MM1 T=36:34
8.1696,heen,250,"#228,YAW,-0.01,GYRO,-83,164,31,ACC,21,-56,156,ADC,1315,391,6,2,"
8.1696,heen,250,MM0 ?V
8.1696,heen,250,MM1 ?V
8.1906,heen,250,MM0 V=120:221:4905
8.1906,heen,250,MM1 V=120:222:4901
8.1906,heen,250,"#229,YAW,-0.01,GYRO,-106,-53,-1,ACC,31,12,177,ADC,1239,410,6,2,"
8.1906,heen,250,MM0 ?CR
8.1906,heen,250,MM1 ?CR
8.2287,heen,250,MM0 CR=56:-56
8.2287,heen,250,MM1 CR=56:-56
8.2287,heen,250,MM1 !M 250 -250
8.2287,heen,250,MM0 !M 250 -250
8.2287,heen,250,MM1 +
8.2287,heen,250,MM0 +
8.2287,heen,250,"#230,YAW,-0.01,GYRO,47,-10,-1,ACC,1,30,178,ADC,1233,403,5,1,"
8.2287,heen,250,MM0 ?A
8.2287,heen,250,MM1 ?A
8.2287,heen,250,MM1 A=4:-3
8.2287,heen,250,MM0 A=0:0
8.2287,heen,250,"#231,YAW,-0.01,GYRO,72,174,-20,ACC,2,-19,505,ADC,1302,392,5,2,"
8.2287,heen,250,MM0 ?AI
8.2814,heen,250,MM1 ?AI
8.2814,heen,250,MM0 AI=0:0:2469:2471:0:0
8.2815,heen,250,MM1 AI=0:0:2367:2380:0:0
8.2815,heen,250,"$GPRMC,100700.2,A,5050.52957,N,00419.37481,E,000.43,002.8,021026,000.4,E*5B"
8.2815,heen,250,"#232,YAW,-0.01,GYRO,22,274,-28,ACC,6,-24,231,ADC,1207,384,5,2,"
8.2815,heen,250,MM0 ?C
8.2815,heen,250,MM1 ?C
8.2815,heen,250,MM0 C=350:-435
8.2815,heen,250,MM1 C=1928:-2035
8.2815,heen,250,"#233,YAW,-0.00,GYRO,-74,-58,-33,ACC,3,24,178,ADC,1261,392,5,2,"
8.2815,heen,250,MM0 ?D
8.2815,heen,250,MM1 ?D
8.2815,heen,250,MM1 D=35
8.2815,heen,250,MM0 D=3
8.3324,heen,250,"#234,YAW,-0.00,GYRO,6,-56,-20,ACC,-12,26,277,ADC,1251,388,5,2,"
8.3324,heen,250,MM0 ?FF
8.3324,heen,250,MM1 ?FF
8.3324,heen,250,MM0 FF=0
8.3324,heen,250,MM1 FF=0
8.3324,heen,250,MM0 !M 250 -250
8.3324,heen,250,MM1 !M 250 -250
8.3324,heen,250,MM0 +
8.3324,heen,250,MM1 +
8.3324,heen,250,MM1 PING
8.3324,heen,250,MM0 PING
8.3325,heen,250,"#235,YAW,-0.00,GYRO,67,228,-5,ACC,-14,-30,359,ADC,1255,501,4,2,"
8.3325,heen,250,MM0 ?P
8.3325,heen,250,MM1 ?P
8.3325,heen,250,MM1 P=250:-250
8.3325,heen,250,MM0 P=250:-250
8.3325,heen,250,MM1 !M 250 -250
8.3325,heen,250,MM0 !M 250 -250
8.3325,heen,250,MM1 +
8.3325,heen,250,MM0 +
8.3325,heen,250,"#236,YAW,-0.00,GYRO,-52,-8,-5,ACC,9,7,160,ADC,1240,396,4,3,"
8.3325,heen,250,MM0 ?S
8.3325,heen,250,MM1 ?S
8.3325,heen,250,MM0 S=225:-225
8.3325,heen,250,MM1 S=150:-150
8.3842,heen,244,"#237,YAW,-0.00,GYRO,-127,-27,-6,ACC,-35,50,179,ADC,1278,397,5,2,"
8.3843,heen,244,MM0 ?T
8.3843,heen,244,MM1 ?T
8.3843,heen,244,MM0 T=35:35
8.3843,heen,244,MM1 T=37:34
8.3843,heen,244,MM0 !M 244 -244
8.3843,heen,244,MM1 !M 244 -244
8.3843,heen,244,MM0 +
8.3843,heen,244,MM1 +
8.3843,heen,244,"#238,YAW,-0.00,GYRO,41,150,27,ACC,-21,-15,364,ADC,1268,388,4,1,"
8.3843,heen,244,MM0 ?V
8.3843,heen,244,MM1 ?V
8.3843,heen,244,MM0 V=120:221:4906
8.3843,heen,244,MM1 V=120:221:4901
8.4035,heen,237,"#239,YAW,-0.00,GYRO,-48,469,-8,ACC,-14,4,341,ADC,1272,500,6,2,"
8.4035,heen,237,MM0 ?CR
8.4035,heen,237,MM1 ?CR
8.4035,heen,237,MM0 CR=59:-58
8.4035,heen,237,MM1 CR=57:-57
8.4377,heen,230,"#240,YAW,-0.00,GYRO,39,168,-8,ACC,35,-2,122,ADC,1261,432,4,2,"
8.4377,heen,230,MM0 ?A
8.4377,heen,230,MM1 ?A
8.4377,heen,230,MM0 A=4:-3
8.4377,heen,230,MM1 A=8:-3
8.4377,heen,230,MM1 !M 237 -237
8.4377,heen,230,MM0 !M 237 -237
8.4377,heen,230,MM1 +
8.4377,heen,230,MM0 +
8.4377,heen,230,"#241,YAW,-0.00,GYRO,-133,136,-8,ACC,-9,29,131,ADC,1267,500,5,2,"
8.4377,heen,230,MM1 ?AI
8.4377,heen,230,MM0 ?AI
8.4378,heen,230,"$GPRMC,100700.4,A,5050.52959,N,00419.37483,E,000.43,002.8,021026,000.4,E*51"
8.4914,heen,223,MM0 AI=0:0:2446:2462:0:0
8.4915,heen,223,MM1 AI=0:0:2359:2402:0:0
8.4915,heen,223,"#242,YAW,-0.00,GYRO,-122,-392,-21,ACC,47,25,425,ADC,1243,385,9,2,"
8.4915,heen,223,MM1 ?C
8.4915,heen,223,MM0 ?C
8.4915,heen,223,MM0 C=407:-492
8.4915,heen,223,MM1 C=1985:-2092
8.4915,heen,223,"#243,YAW,0.00,GYRO,138,342,-37,ACC,-11,-59,239,ADC,1250,382,4,2,"
8.4915,heen,223,MM0 ?D
8.4915,heen,223,MM0 D=34
8.4915,heen,223,MM1 ?D
8.4915,heen,223,MM1 D=50
8.4915,heen,223,MM0 !M 230 -230
8.4915,heen,223,MM1 !M 230 -230
8.4915,heen,223,MM0 +
8.4915,heen,223,MM1 +
8.4915,heen,223,"#244,YAW,0.00,GYRO,51,37,-9,ACC,9,-20,195,ADC,1225,382,4,2,"
8.4915,heen,223,MM1 ?FF
8.4915,heen,223,MM0 ?FF
8.4915,heen,223,MM1 FF=0
8.4915,heen,223,MM0 FF=0
8.5255,heen,223,MM0 !M 223 -223
8.5256,heen,223,MM1 !M 223 -223
8.5256,heen,223,MM0 +
8.5256,heen,223,MM1 +
8.5256,heen,223,"#245,YAW,0.00,GYRO,-24,54,-18,ACC,7,64,164,ADC,1239,356,4,1,"
8.5256,heen,223,MM0 ?P
8.5256,heen,223,MM1 ?P
8.5256,heen,223,MM0 P=223:-223
8.5256,heen,223,MM1 P=223:-223
8.5466,heen,217,"#246,YAW,0.00,GYRO,31,-619,27,ACC,6,50,363,ADC,1262,501,5,2,"
8.5466,heen,217,MM0 ?S
8.5467,heen,217,MM1 ?S
8.5467,heen,217,MM0 S=225:-225
8.5467,heen,217,MM1 S=225:-225
8.5804,heen,217,"#247,YAW,0.00,GYRO,47,1,10,ACC,-5,2,335,ADC,1254,402,7,1,"
8.5805,heen,217,MM0 ?T
8.5805,heen,217,MM1 ?T
8.5805,heen,217,MM0 T=35:35
8.5805,heen,217,MM1 T=36:34
8.5805,heen,217,MM0 !M 217 -217
8.5805,heen,217,MM1 !M 217 -217
8.5805,heen,217,MM0 +
8.5805,heen,217,MM1 +
8.5805,heen,217,"#248,YAW,0.00,GYRO,-43,-102,-10,ACC,11,9,316,ADC,1242,391,5,2,"
8.5805,heen,217,MM0 ?V
8.5805,heen,217,MM1 ?V
8.5805,heen,217,MM0 V=120:222:4906
8.5805,heen,217,MM1 V=120:222:4900
8.6012,heen,210,"#249,YAW,0.00,GYRO,29,425,-55,ACC,-25,1,212,ADC,1270,394,5,2,"
8.6012,heen,210,MM1 ?CR
8.6012,heen,210,MM0 ?CR
8.6013,heen,210,MM1 CR=56:-55
8.6013,heen,210,MM0 CR=55:-55
8.6355,heen,210,"#250,YAW,0.00,GYRO,-226,-236,-34,ACC,-67,-18,168,ADC,1252,498,6,2,"
8.6355,heen,210,MM0 ?A
8.6355,heen,210,MM1 ?A
8.6355,heen,210,MM0 A=0:0
8.6355,heen,210,MM1 A=0:0
8.6355,heen,210,"#251,YAW,0.00,GYRO,129,-33,-4,ACC,-8,-63,208,ADC,1232,383,5,2,"
8.6355,heen,210,MM1 ?AI
8.6355,heen,210,MM0 ?AI
8.6868,heen,202,"$GPRMC,100700.6,A,5050.52961,N,00419.37484,E,000.44,002.8,021026,000.4,E*58"
8.6868,heen,202,MM1 AI=0:0:2371:2383:0:0
8.6868,heen,202,MM0 AI=0:0:2448:2434:0:0
8.6869,heen,202,"#252,YAW,0.00,GYRO,-32,127,21,ACC,-23,-31,410,ADC,1289,380,5,2,"
8.6869,heen,202,MM0 ?C
8.6869,heen,202,MM0 C=463:-547
8.6869,heen,202,MM1 ?C
8.6869,heen,202,MM1 C=2040:-2147
8.6869,heen,202,MM0 !M 210 -210
8.6869,heen,202,MM0 +
8.6869,heen,202,MM1 !M 210 -210
8.6869,heen,202,MM1 +
8.6869,heen,202,MM1 PING
8.6869,heen,202,MM0 PING
8.6869,heen,202,"#253,YAW,0.01,GYRO,49,164,23,ACC,-5,9,220,ADC,1253,500,5,1,"
8.6869,heen,202,MM1 ?D
8.6869,heen,202,MM0 ?D
8.6869,heen,202,MM0 D=19
8.6869,heen,202,MM1 D=1
8.7363,heen,193,"#254,YAW,0.01,GYRO,-210,-109,0,ACC,14,63,209,ADC,1261,388,4,2,"
8.7363,heen,193,MM1 ?FF
8.7363,heen,193,MM0 ?FF
8.7363,heen,193,MM1 FF=0
8.7363,heen,193,MM0 FF=0
8.7363,heen,193,MM0 !M 202 -202
8.7364,heen,193,MM1 !M 202 -202
8.7364,heen,193,MM0 +
8.7364,heen,193,MM1 +
8.7364,heen,193,MM0 PING
8.7364,heen,193,MM1 PING
8.7364,heen,193,"#255,YAW,0.01,GYRO,83,17,-1,ACC,-10,5,281,ADC,1253,500,4,1,"
8.7364,heen,193,MM1 ?P
8.7364,heen,193,MM0 ?P
8.7364,heen,193,MM1 P=202:-202
8.7364,heen,193,MM0 P=202:-202
8.7364,heen,193,"#0,YAW,0.01,GYRO,-22,173,1,ACC,-30,-24,298,ADC,1274,501,5,1,"
8.7364,heen,193,MM1 ?S
8.7364,heen,193,MM0 ?S
8.7364,heen,193,MM1 S=225:-225
8.7364,heen,193,MM0 S=225:-150
8.7876,heen,185,"#1,YAW,0.01,GYRO,27,22,16,ACC,-13,-5,291,ADC,1274,499,5,2,"
8.7876,heen,185,MM1 ?T
8.7876,heen,185,MM0 ?T
8.7876,heen,185,MM1 T=36:34
8.7876,heen,185,MM0 T=35:35
8.7876,heen,185,MM0 !M 193 -193
8.7876,heen,185,MM1 !M 193 -193
8.7876,heen,185,MM0 +
8.7876,heen,185,MM1 +
8.7876,heen,185,MM0 PING
8.7876,heen,185,MM1 PING
8.7876,heen,185,MM1 !M 185 -185
8.7877,heen,185,MM0 !M 185 -185
8.7877,heen,185,MM1 +
8.7877,heen,185,MM0 +
8.7877,heen,185,"#2,YAW,0.01,GYRO,-71,-56,-21,ACC,-17,35,204,ADC,1244,331,5,2,"
8.7877,heen,185,MM0 ?V
8.7877,heen,185,MM1 ?V
8.7877,heen,185,MM0 V=120:227:4906
8.7877,heen,185,MM1 V=120:222:4901
8.7877,heen,185,"#3,YAW,0.01,GYRO,-31,-17,-26,ACC,-19,20,212,ADC,1258,490,6,2,"
8.8393,heen,176,MM1 ?CR
8.8393,heen,176,MM0 ?CR
8.8393,heen,176,MM1 CR=52:-53
8.8393,heen,176,MM0 CR=53:-52
8.8393,heen,176,"#4,YAW,0.01,GYRO,119,86,-5,ACC,-5,-34,292,ADC,1254,501,5,1,"
8.8393,heen,176,MM1 ?A
8.8393,heen,176,MM0 ?A
8.8393,heen,176,MM1 A=0:0
8.8393,heen,176,MM0 A=0:0
8.8393,heen,176,MM0 !M 176 -176
8.8393,heen,176,MM1 !M 176 -176
8.8393,heen,176,MM0 +
8.8393,heen,176,MM1 +
8.8393,heen,176,"#5,YAW,0.01,GYRO,17,-31,15,ACC,-35,6,291,ADC,1221,501,5,2,"
8.8393,heen,176,MM1 ?AI
8.8393,heen,176,MM0 ?AI
8.8393,heen,176,"$GPRMC,100700.8,A,5050.52963,N,00419.37486,E,000.44,002.8,021026,000.4,E*56"
8.8885,heen,166,MM1 AI=0:0:2375:2392:0:0
8.8885,heen,166,MM0 AI=0:0:2467:2461:0:0
8.8886,heen,166,"#6,YAW,0.01,GYRO,42,105,-8,ACC,10,23,203,ADC,1254,500,4,2,"
8.8886,heen,166,MM1 ?C
8.8886,heen,166,MM0 ?C
8.8886,heen,166,MM0 C=513:-598
8.8886,heen,166,MM1 C=2090:-2197
8.8886,heen,166,MM0 !M 166 -166
8.8886,heen,166,MM1 !M 166 -166
8.8886,heen,166,MM0 +
8.8886,heen,166,MM1 +
8.8886,heen,166,"#7,YAW,0.01,GYRO,-148,118,-40,ACC,-16,59,241,ADC,1314,374,4,2,"
8.8886,heen,166,MM1 ?D
8.8887,heen,166,MM0 ?D
8.8887,heen,166,MM1 D=34
8.8887,heen,166,MM0 D=34
8.8887,heen,166,"#8,YAW,0.01,GYRO,-14,-74,-44,ACC,-18,5,269,ADC,1267,501,5,2,"
8.8887,heen,166,MM1 ?FF
8.9474,heen,151,MM0 ?FF
8.9474,heen,151,MM1 FF=0
8.9474,heen,151,MM0 FF=0
8.9474,heen,151,"#9,YAW,0.01,GYRO,27,-27,-25,ACC,-17,-40,231,ADC,1211,380,5,1,"
8.9474,heen,151,MM1 ?P
8.9474,heen,151,MM0 ?P
8.9474,heen,151,MM1 P=166:-166
8.9475,heen,151,MM0 P=166:-166
8.9475,heen,151,MM0 !M 161 -161
8.9475,heen,151,MM1 !M 161 -161
8.9475,heen,151,MM0 +
8.9475,heen,151,MM1 +
8.9475,heen,151,"#10,YAW,0.01,GYRO,51,104,-4,ACC,-11,-26,310,ADC,1250,386,6,2,"
8.9475,heen,151,MM1 ?S
8.9475,heen,151,MM0 ?S
8.9475,heen,151,MM1 S=150:-150
8.9475,heen,151,MM0 S=150:-150
8.9845,heen,151,"#11,YAW,0.01,GYRO,-17,-4,-4,ACC,1,18,260,ADC,1253,387,6,2,"
8.9845,heen,151,MM1 ?T
8.9846,heen,151,MM0 ?T
8.9846,heen,151,MM1 T=36:34
8.9846,heen,151,MM0 T=35:35
8.9846,heen,151,MM0 !M 151 -151
8.9846,heen,151,MM1 !M 151 -151
8.9846,heen,151,MM0 +
8.9846,heen,151,MM1 +
8.9846,heen,151,"#12,YAW,0.01,GYRO,-43,42,-15,ACC,-20,39,238,ADC,1212,383,7,2,"
8.9846,heen,151,MM1 ?V
8.9846,heen,151,MM0 ?V
8.9846,heen,151,MM1 V=120:222:4901
8.9846,heen,151,MM0 V=120:218:4906
9.0049,heen,140,"#13,YAW,0.01,GYRO,-98,-1,-32,ACC,-16,17,253,ADC,1222,384,7,2,"
9.0049,heen,140,MM1 ?CR
9.0050,heen,140,MM0 ?CR
9.0050,heen,140,MM1 CR=44:-43
9.0050,heen,140,MM0 CR=44:-44
9.0388,heen,140,"#14,YAW,0.01,GYRO,8,26,-26,ACC,-14,-28,258,ADC,1206,379,5,2,"
9.0388,heen,140,MM1 ?A
9.0388,heen,140,MM0 ?A
9.0388,heen,140,MM1 A=0:0
9.0388,heen,140,MM0 A=0:0
9.0388,heen,140,"#15,YAW,0.01,GYRO,34,36,-2,ACC,-1,-35,249,ADC,1256,381,6,2,"
9.0388,heen,140,MM1 ?AI
9.0388,heen,140,MM0 ?AI
9.0388,heen,140,"$GPRMC,100701.0,A,5050.52966,N,00419.37488,E,000.45,002.8,021026,000.4,E*55"
9.0388,heen,140,MM1 AI=0:0:2369:2370:0:0
9.0594,heen,128,MM0 AI=0:0:2463:2473:0:0
9.0594,heen,128,"#16,YAW,0.01,GYRO,0,83,4,ACC,-29,20,304,ADC,1261,383,5,2,"
9.0594,heen,128,MM1 ?C
9.0594,heen,128,MM0 ?C
9.0594,heen,128,MM0 C=555:-639
9.0594,heen,128,MM1 C=2132:-2238
9.0594,heen,128,MM0 !M 140 -140
9.0594,heen,128,MM1 !M 140 -140
9.0594,heen,128,MM0 +
9.0594,heen,128,MM1 +
9.0594,heen,128,MM1 PING
9.0595,heen,128,MM0 PING
9.0938,heen,128,"#17,YAW,0.01,GYRO,-17,43,-5,ACC,-7,34,233,ADC,1255,496,5,2,"
9.0938,heen,128,MM1 ?D
9.0938,heen,128,MM0 ?D
9.0938,heen,128,MM1 D=34
9.0938,heen,128,MM0 D=41
9.0938,heen,128,MM1 !M 128 -128
9.0938,heen,128,MM0 !M 128 -128
9.0938,heen,128,MM1 +
9.0939,heen,128,MM0 +
9.0939,heen,128,"#18,YAW,0.02,GYRO,-100,85,-34,ACC,-22,35,214,ADC,1262,502,6,2,"
9.0939,heen,128,MM1 ?FF
9.0939,heen,128,MM0 ?FF
9.0939,heen,128,MM1 FF=0
9.0939,heen,128,MM0 FF=0
9.1444,heen,120,"#19,YAW,0.02,GYRO,-94,11,-43,ACC,-13,-4,293,ADC,1232,392,5,2,"
9.1444,heen,120,MM1 ?P
9.1444,heen,120,MM0 ?P
9.1444,heen,120,MM1 P=128:-128
9.1444,heen,120,MM0 P=128:-128
9.1444,heen,120,MM1 !M 120 -120
9.1444,heen,120,MM0 !M 120 -120
9.1444,heen,120,MM1 +
9.1445,heen,120,MM0 +
9.1445,heen,120,"#20,YAW,0.02,GYRO,-50,-5,-32,ACC,-13,-30,237,ADC,1247,391,5,2,"
9.1445,heen,120,MM1 ?S
9.1445,heen,120,MM0 ?S
9.1445,heen,120,MM1 S=150:-75
9.1445,heen,120,MM0 S=150:-75
9.1992,heen,107,"#21,YAW,0.02,GYRO,29,91,4,ACC,-12,-37,237,ADC,1240,390,4,2,"
9.1993,heen,107,MM1 ?T
9.1993,heen,107,MM0 ?T
9.1993,heen,107,MM1 T=37:34
9.1993,heen,107,MM0 T=35:35
9.1993,heen,107,"#22,YAW,0.02,GYRO,58,117,36,ACC,-15,8,300,ADC,1237,382,5,2,"
9.1993,heen,107,MM1 ?V
9.1993,heen,107,MM0 ?V
9.1993,heen,107,MM1 V=120:222:4900
9.1993,heen,107,MM0 V=120:222:4905
9.1993,heen,107,"#23,YAW,0.02,GYRO,45,68,38,ACC,-17,38,259,ADC,1273,390,5,1,"
9.1993,heen,107,MM1 ?CR
9.1993,heen,107,MM0 ?CR
9.1993,heen,107,MM1 CR=35:-35
9.1993,heen,107,MM0 CR=35:-35
9.2466,heen,92,"#24,YAW,0.02,GYRO,8,69,3,ACC,-10,27,197,ADC,1233,499,4,2,"
9.2466,heen,92,MM1 ?A
9.2466,heen,92,MM0 ?A
9.2467,heen,92,MM0 A=0:0
9.2467,heen,92,MM1 A=0:0
9.2467,heen,92,MM0 !M 107 -107
9.2467,heen,92,MM1 !M 107 -107
9.2467,heen,92,MM0 +
9.2467,heen,92,MM1 +
9.2467,heen,92,MM1 PING
9.2467,heen,92,MM0 PING
9.2467,heen,92,MM0 !M 92 -92
9.2467,heen,92,MM0 +
9.2467,heen,92,MM1 !M 92 -92
9.2467,heen,92,MM1 +
9.2467,heen,92,"#25,YAW,0.02,GYRO,-75,73,-41,ACC,-17,9,287,ADC,1240,291,4,2,"
9.2467,heen,92,MM0 ?AI
9.2467,heen,92,MM1 ?AI
9.2467,heen,92,MM0 AI=0:0:2466:2444:0:0
9.2467,heen,92,MM1 AI=0:0:2362:2408:0:0
9.2467,heen,92,"$GPRMC,100701.2,A,5050.52968,N,00419.37490,E,000.46,002.8,021026,000.4,E*53"
9.2964,heen,75,"#26,YAW,0.02,GYRO,-27,76,-65,ACC,-24,-7,287,ADC,1283,391,5,1,"
9.2964,heen,75,MM0 ?C
9.2964,heen,75,MM1 ?C
9.2964,heen,75,MM0 C=587:-670
9.2964,heen,75,MM1 C=2164:-2269
9.2964,heen,75,"#27,YAW,0.02,GYRO,-64,-20,-45,ACC,-19,-12,205,ADC,1250,497,5,2,"
9.2964,heen,75,MM0 ?D
9.2964,heen,75,MM1 ?D
9.2964,heen,75,MM1 D=19
9.2964,heen,75,MM0 D=26
9.2964,heen,75,MM0 !M 75 -75
9.2964,heen,75,MM1 !M 75 -75
9.2964,heen,75,MM0 +
9.2964,heen,75,MM1 +
9.2965,heen,75,"#28,YAW,0.02,GYRO,32,49,-8,ACC,-27,-17,249,ADC,1259,395,5,1,"
9.2965,heen,75,MM0 ?FF
9.2965,heen,75,MM1 ?FF
9.2965,heen,75,MM0 FF=0
9.2965,heen,75,MM1 FF=0
9.3477,heen,96,"#29,YAW,0.02,GYRO,13,59,28,ACC,-24,-5,257,ADC,1279,388,5,2,"
9.3477,heen,96,MM0 ?P
9.3477,heen,96,MM1 ?P
9.3477,heen,96,MM0 P=75:-75
9.3477,heen,96,MM1 P=75:-75
9.3477,heen,96,MM1 !M 96 -96
9.3477,heen,96,MM0 !M 96 -96
9.3477,heen,96,MM1 +
9.3477,heen,96,MM0 +
9.3477,heen,96,"#30,YAW,0.02,GYRO,43,3,42,ACC,-11,4,267,ADC,1268,336,6,2,"
9.3477,heen,96,MM0 ?S
9.3477,heen,96,MM1 ?S
9.3477,heen,96,MM1 S=75:-75
9.3477,heen,96,MM0 S=75:-150
9.3477,heen,96,"#31,YAW,0.02,GYRO,0,16,30,ACC,-3,4,272,ADC,1276,398,6,2,"
9.3983,heen,84,MM0 ?T
9.3983,heen,84,MM1 ?T
9.3983,heen,84,MM0 T=35:35
9.3983,heen,84,MM1 T=37:34
9.3983,heen,84,"#32,YAW,0.02,GYRO,18,79,3,ACC,-14,3,253,ADC,1225,385,7,2,"
9.3983,heen,84,MM0 ?V
9.3983,heen,84,MM1 ?V
9.3983,heen,84,MM0 V=120:222:4906
9.3983,heen,84,MM1 V=120:222:4901
9.3984,heen,84,MM0 !M 84 -84
9.3984,heen,84,MM1 !M 84 -84
9.3984,heen,84,MM0 +
9.3984,heen,84,MM1 +
9.3984,heen,84,"#33,YAW,0.02,GYRO,-12,41,-36,ACC,-6,4,245,ADC,1277,396,7,2,"
9.3984,heen,84,MM0 ?CR
9.3984,heen,84,MM1 ?CR
9.3984,heen,84,MM0 CR=25:-24
9.3984,heen,84,MM1 CR=25:-24
9.4488,heen,69,"#34,YAW,0.02,GYRO,-5,59,-55,ACC,-6,5,261,ADC,1240,379,5,2,"
9.4488,heen,69,MM0 ?A
9.4488,heen,69,MM1 ?A
9.4488,heen,69,MM0 A=0:0
9.4488,heen,69,MM1 A=0:0
9.4488,heen,69,MM0 !M 69 -69
9.4488,heen,69,MM1 !M 69 -69
9.4488,heen,69,MM0 +
9.4488,heen,69,MM1 +
9.4489,heen,69,"#35,YAW,0.02,GYRO,-36,47,-42,ACC,-12,8,249,ADC,1289,274,7,2,"
9.4489,heen,69,MM0 ?AI
9.4489,heen,69,MM1 ?AI
9.4489,heen,69,"$GPRMC,100701.4,A,5050.52970,N,00419.37492,E,000.46,002.8,021026,000.4,E*5E"
9.4489,heen,69,MM0 AI=0:0:2445:2614:0:0
9.4489,heen,69,MM1 AI=0:0:2364:2383:0:0
9.4489,heen,69,"#36,YAW,0.02,GYRO,-47,40,-17,ACC,-19,8,247,ADC,1218,328,5,2,"
9.4489,heen,69,MM0 ?C
9.4983,heen,60,MM1 ?C
9.4983,heen,60,MM0 C=608:-691
9.4983,heen,60,MM1 C=2185:-2290
9.4983,heen,60,"#37,YAW,0.02,GYRO,-47,51,-5,ACC,-12,6,264,ADC,1268,500,4,2,"
9.4983,heen,60,MM0 ?D
9.4983,heen,60,MM1 ?D
9.4983,heen,60,MM0 D=8
9.4983,heen,60,MM1 D=2
9.4983,heen,60,MM0 !M 60 -60
9.4984,heen,60,MM1 !M 60 -60
9.4984,heen,60,MM0 +
9.4984,heen,60,MM1 +
9.4984,heen,60,"#38,YAW,0.02,GYRO,-40,33,7,ACC,-12,-1,251,ADC,1262,394,7,2,"
9.4984,heen,60,MM0 ?FF
9.4984,heen,60,MM1 ?FF
9.4984,heen,60,MM0 FF=0
9.4984,heen,60,MM1 FF=0
9.5499,heen,67,"#39,YAW,0.02,GYRO,-27,55,6,ACC,-4,-15,243,ADC,1277,500,5,2,"
9.5499,heen,67,MM0 ?P
9.5499,heen,67,MM1 ?P
9.5499,heen,67,MM0 P=60:-60
9.5499,heen,67,MM1 P=60:-60
9.5499,heen,67,MM1 !M 67 -67
9.5499,heen,67,"#40,YAW,0.02,GYRO,-13,36,7,ACC,-9,-14,255,ADC,1231,470,5,2,"
9.5499,heen,67,MM0 !M 67 -67
9.5499,heen,67,MM0 +
9.5499,heen,67,MM1 +
9.5499,heen,67,MM0 ?S
9.5499,heen,67,MM1 ?S
9.5499,heen,67,MM1 S=75:-75
9.5499,heen,67,MM0 S=0:-75
9.5499,heen,67,"#41,YAW,0.02,GYRO,0,36,8,ACC,-2,-13,256,ADC,1236,500,5,2,"
9.5500,heen,67,MM0 ?T
9.5500,heen,67,MM1 ?T
9.6014,heen,60,MM0 T=35:35
9.6015,heen,60,MM1 T=37:34
9.6015,heen,60,"#42,YAW,0.02,GYRO,10,43,8,ACC,-5,-7,240,ADC,1249,387,3,2,"
9.6015,heen,60,MM0 ?V
9.6015,heen,60,MM1 ?V
9.6015,heen,60,MM0 V=120:222:4905
9.6015,heen,60,MM1 V=120:221:4901
9.6015,heen,60,MM0 !M 60 -60
9.6015,heen,60,MM1 !M 60 -60
9.6015,heen,60,MM0 +
9.6015,heen,60,MM1 +
9.6015,heen,60,"#43,YAW,0.02,GYRO,21,38,3,ACC,-7,2,259,ADC,1250,500,6,3,"
9.6015,heen,60,MM0 ?CR
9.6015,heen,60,MM1 ?CR
9.6015,heen,60,MM0 CR=17:-17
9.6015,heen,60,MM1 CR=17:-18
9.6516,heen,60,"#44,YAW,0.02,GYRO,10,49,0,ACC,-17,9,252,ADC,1226,384,5,2,"
9.6516,heen,60,MM0 ?A
9.6516,heen,60,MM1 ?A
9.6516,heen,60,MM0 A=0:0
9.6516,heen,60,MM1 A=0:0
9.6516,heen,60,"#45,YAW,0.02,GYRO,24,37,-10,ACC,-16,3,242,ADC,1283,412,7,2,"
9.6516,heen,60,MM0 ?AI
9.6516,heen,60,MM1 ?AI
9.6516,heen,60,MM0 AI=0:0:2468:2395:0:0
9.6516,heen,60,MM1 AI=0:0:2441:2391:0:0
9.6516,heen,60,MM0 !M 60 -60
9.6516,heen,60,MM1 !M 60 -60
9.6516,heen,60,MM0 +
9.6516,heen,60,MM1 +
9.6516,heen,60,"$GPRMC,100701.6,A,5050.52972,N,00419.37495,E,000.46,002.8,021026,000.4,E*59"
9.6516,heen,60,"#46,YAW,0.02,GYRO,7,50,-24,ACC,-14,9,255,ADC,1235,346,4,1,"
9.6516,heen,60,MM0 ?C
9.6516,heen,60,MM1 ?C
9.7017,heen,0,MM0 C=625:-708
9.7017,heen,0,MM1 C=2201:-2307
9.7017,heen,0,"#47,YAW,0.03,GYRO,3,82,-29,ACC,-1,10,262,ADC,1234,390,5,2,"
9.7017,heen,0,MM0 ?D
9.7017,heen,0,MM1 ?D
9.7017,heen,0,MM1 D=10
9.7017,heen,0,MM0 D=0
9.7017,heen,0,MM0 !M 0 0
9.7017,heen,0,MM1 !M 0 0
9.7017,heen,0,MM0 +
9.7017,heen,0,MM1 +
9.7017,heen,0,MM0 !M 0 0
9.7017,heen,0,MM1 !M 0 0
9.7017,heen,0,MM0 +
9.7017,heen,0,MM1 +
9.7017,heen,0,"#48,YAW,0.03,GYRO,-2,74,-15,ACC,-4,8,267,ADC,1302,502,6,2,"
9.7017,heen,0,MM0 ?FF
9.7017,heen,0,MM1 ?FF
9.7017,heen,0,MM0 FF=0
9.7017,heen,0,MM1 FF=0
9.7516,heen,0,"#49,YAW,0.03,GYRO,-9,192,-9,ACC,-50,5,277,ADC,1286,394,5,2,"
9.7516,heen,0,MM0 ?P
9.7516,heen,0,MM1 ?P
9.7516,heen,0,MM0 P=0:0
9.7516,heen,0,MM1 P=0:0
9.7516,heen,0,"#50,YAW,0.03,GYRO,-27,-43,-13,ACC,-39,0,248,ADC,1243,385,6,2,"
9.7516,heen,0,MM0 !M 0 0
9.7516,heen,0,MM0 +
9.7516,heen,0,MM1 !M 0 0
9.7516,heen,0,MM1 +
9.7516,heen,0,MM0 ?S
9.7516,heen,0,MM1 ?S
9.7516,heen,0,MM0 S=0:0
9.7516,heen,0,MM1 S=0:-75
9.7516,heen,0,"#51,YAW,0.03,GYRO,-12,58,-16,ACC,-17,2,246,ADC,1274,502,6,2,"
9.7516,heen,0,MM0 ?T
9.7516,heen,0,MM1 ?T
9.7516,heen,0,MM0 T=35:35
9.7516,heen,0,MM1 T=36:34
9.7884,heen,0,"#52,YAW,0.03,GYRO,-12,73,-18,ACC,-43,6,261,ADC,1238,403,7,2,"
9.7885,heen,0,MM0 ?V
9.7885,heen,0,MM1 ?V
9.7885,heen,0,MM0 V=120:222:4905
9.7885,heen,0,MM1 V=120:222:4900
9.7885,heen,0,"#53,YAW,0.03,GYRO,-20,34,-12,ACC,-12,1,257,ADC,1269,497,6,2,"
9.7885,heen,0,MM0 ?CR
9.8094,heen,0,MM1 ?CR
9.8094,heen,0,MM0 CR=11:-11
9.8094,heen,0,MM1 CR=11:-10
9.8094,heen,0,MM0 !M 0 0
9.8094,heen,0,MM1 !M 0 0
9.8094,heen,0,MM0 +
9.8094,heen,0,MM1 +
9.8094,heen,0,"#54,YAW,0.03,GYRO,-12,27,-37,ACC,-23,9,244,ADC,1245,395,4,1,"
9.8094,heen,0,MM0 ?A
9.8094,heen,0,MM1 ?A
9.8437,heen,0,MM0 A=0:0
9.8437,heen,0,MM1 A=0:0
9.8437,heen,0,MM0 !M 0 0
9.8437,heen,0,MM1 !M 0 0
9.8437,heen,0,MM0 +
9.8437,heen,0,MM1 +
9.8437,heen,0,"#55,YAW,0.03,GYRO,-10,59,-13,ACC,-12,6,264,ADC,1289,500,6,2,"
9.8437,heen,0,MM0 ?AI
9.8437,heen,0,MM1 ?AI
9.8437,heen,0,MM0 AI=0:0:2463:2462:0:0
9.8437,heen,0,MM1 AI=0:0:2372:2363:0:0
9.8437,heen,0,"$GPRMC,100701.8,A,5050.52975,N,00419.37497,E,000.48,002.8,021026,000.4,E*5C"
9.8644,heen,0,"#56,YAW,0.03,GYRO,-9,43,15,ACC,-9,3,258,ADC,1275,399,6,2,"
9.8644,heen,0,MM0 ?C
9.8644,heen,0,MM1 ?C
9.8644,heen,0,MM0 C=632:-715
9.8645,heen,0,MM1 C=2209:-2314
9.9015,heen,0,"#57,YAW,0.03,GYRO,-9,45,28,ACC,-13,2,249,ADC,1274,499,3,2,"
9.9015,heen,0,MM0 ?D
9.9015,heen,0,MM1 ?D
9.9015,heen,0,MM0 D=51
9.9015,heen,0,MM1 D=49
9.9015,heen,0,MM1 !M 0 0
9.9015,heen,0,MM0 !M 0 0
9.9015,heen,0,MM1 +
9.9015,heen,0,MM0 +
9.9015,heen,0,"#58,YAW,0.03,GYRO,-10,41,8,ACC,-8,-1,257,ADC,1292,389,6,1,"
9.9015,heen,0,MM0 ?FF
9.9015,heen,0,MM1 ?FF
9.9015,heen,0,MM0 FF=0
9.9015,heen,0,MM1 FF=0
9.9192,heen,0,"#59,YAW,0.03,GYRO,-11,42,-27,ACC,-5,1,255,ADC,1248,502,6,2,"
9.9192,heen,0,MM0 ?P
9.9192,heen,0,MM1 ?P
9.9192,heen,0,MM0 P=0:0
9.9193,heen,0,MM1 P=0:0
9.9547,heen,0,"#60,YAW,0.03,GYRO,-10,51,-32,ACC,-6,1,258,ADC,1231,500,4,2,"
9.9548,heen,0,MM0 ?S
9.9548,heen,0,MM1 ?S
9.9548,heen,0,MM0 S=0:0
9.9548,heen,0,MM1 S=0:0
9.9548,heen,0,"#61,YAW,0.03,GYRO,-10,38,-26,ACC,1,2,257,ADC,1237,383,4,2,"
9.9548,heen,0,MM0 ?T
9.9548,heen,0,MM1 ?T
9.9548,heen,0,MM0 T=35:35
9.9548,heen,0,MM1 T=36:34
10.0056,heen,0,"#62,YAW,0.03,GYRO,-8,41,-14,ACC,6,1,259,ADC,1229,383,6,2,"
10.0056,heen,0,MM0 !M 0 0PING
10.0056,heen,0,MM0 +
10.0056,heen,0,MM1 !M 0 0PING
10.0056,heen,0,MM1 +
10.0056,heen,0,MM0 ?V
10.0056,heen,0,MM1 ?V
10.0056,heen,0,MM0 V=120:222:4909
10.0056,heen,0,MM1 V=120:222:4901
10.0056,heen,0,MM1 !M 0 0
10.0056,heen,0,MM0 !M 0 0
10.0056,heen,0,MM1 +
10.0056,heen,0,MM0 +
10.0056,heen,0,"#63,YAW,0.03,GYRO,-8,52,-5,ACC,2,3,254,ADC,1249,500,5,2,"
10.0057,heen,0,MM0 ?CR
10.0057,heen,0,MM1 ?CR
10.0057,heen,0,MM0 CR=1:-1
10.0057,heen,0,MM1 CR=1:-1
10.0553,heen,0,"#64,YAW,0.03,GYRO,-10,41,-1,ACC,5,2,253,ADC,1253,496,6,2,"
10.0554,heen,0,MM0 ?A
10.0554,heen,0,MM1 ?A
10.0554,heen,0,MM0 A=0:0
10.0554,heen,0,MM1 A=0:0
10.0554,heen,0,"#65,YAW,0.03,GYRO,-10,47,-3,ACC,3,1,254,ADC,1266,499,4,2,"
10.0554,heen,0,MM0 ?AI
10.0554,heen,0,MM1 ?AI
10.0554,heen,0,MM0 AI=0:0:2450:2465:0:0
10.0554,heen,0,MM1 AI=0:0:2385:2390:0:0
10.0554,heen,0,MM1 !M 0 0
10.0554,heen,0,MM0 !M 0 0
10.0554,heen,0,MM1 +
10.0554,heen,0,MM0 +
10.0554,heen,0,"$GPRMC,100702.0,A,5050.52977,N,00419.37500,E,000.51,002.8,021026,000.4,E*52"
10.0554,heen,0,"#66,YAW,0.03,GYRO,-10,47,-9,ACC,-1,2,256,ADC,1233,349,5,1,"
10.0554,heen,0,MM0 ?C
10.0554,heen,0,MM1 ?C
10.0554,heen,0,MM0 C=632:-715
10.0554,heen,0,MM1 C=2209:-2314
10.0752,heen,0,"#67,YAW,0.03,GYRO,-9,47,-15,ACC,3,1,255,ADC,1230,381,4,2,"
10.0753,heen,0,MM0 ?D
10.0753,heen,0,MM1 ?D
10.0753,heen,0,MM0 D=51
10.0753,heen,0,MM1 D=49
10.1106,heen,0,MM0 !M 0 0
10.1107,heen,0,MM1 !M 0 0
10.1107,heen,0,MM0 +
10.1107,heen,0,MM1 +
10.1107,heen,0,"#68,YAW,0.03,GYRO,-10,46,-15,ACC,9,1,256,ADC,1308,363,6,1,"
10.1107,heen,0,MM0 ?FF
10.1107,heen,0,MM1 ?FF
10.1107,heen,0,MM0 FF=0
10.1107,heen,0,MM1 FF=0
10.1107,heen,0,"#69,YAW,0.03,GYRO,-8,44,-10,ACC,4,1,250,ADC,1252,391,5,2,"
10.1107,heen,0,MM0 ?P
10.1107,heen,0,MM1 ?P
10.1108,heen,0,MM0 P=0:0
10.1444,heen,0,MM1 P=0:0
10.1444,heen,0,MM1 !M 0 0
10.1444,heen,0,MM0 !M 0 0
10.1444,heen,0,MM1 +
10.1445,heen,0,MM0 +
10.1445,heen,0,"#70,YAW,0.03,GYRO,-12,47,-5,ACC,3,3,250,ADC,1265,489,4,1,"
10.1445,heen,0,MM0 ?S
10.1445,heen,0,MM1 ?S
10.1445,heen,0,MM0 S=0:0
10.1445,heen,0,MM1 S=0:0
10.1654,heen,0,"#71,YAW,0.03,GYRO,-5,47,-7,ACC,5,2,248,ADC,1278,386,4,1,"
10.1654,heen,0,MM0 ?T
10.1654,heen,0,MM1 ?T
10.1654,heen,0,MM0 T=35:35
10.1654,heen,0,MM1 T=36:34
10.1867,heen,0,"#72,YAW,0.03,GYRO,-11,44,-9,ACC,4,1,260,ADC,1234,387,5,2,"
10.1867,heen,0,MM0 ?V
10.1867,heen,0,MM1 ?V
10.1867,heen,0,MM0 V=120:223:4909
10.1867,heen,0,MM1 V=120:223:4902
10.1867,heen,0,MM0 !M 0 0
10.1867,heen,0,MM1 !M 0 0
10.1867,heen,0,MM0 +
10.1867,heen,0,MM1 +
10.2085,heen,0,"#73,YAW,0.03,GYRO,-10,48,-14,ACC,4,3,257,ADC,1237,306,6,2,"
10.2085,heen,0,MM0 ?CR
10.2085,heen,0,MM1 ?CR
10.2085,heen,0,MM0 CR=0:0
10.2085,heen,0,MM1 CR=0:0
10.2085,heen,0,"#74,YAW,0.03,GYRO,-9,47,-13,ACC,-1,1,249,ADC,1245,383,5,2,"
10.2284,heen,0,MM0 ?A
10.2285,heen,0,MM1 ?A
10.2285,heen,0,MM0 A=0:0
10.2285,heen,0,MM1 A=0:0
10.2285,heen,0,"#75,YAW,0.03,GYRO,-10,53,-4,ACC,-2,4,265,ADC,1269,404,5,1,"
10.2285,heen,0,MM0 ?AI
10.2646,heen,0,MM1 ?AI
10.2646,heen,0,MM0 AI=0:0:2454:2479:0:0
10.2646,heen,0,MM1 AI=0:0:2366:2385:0:0
10.2646,heen,0,"$GPRMC,100702.2,A,5050.52979,N,00419.37503,E,000.53,002.8,021026,000.4,E*5F"
10.2647,heen,0,MM1 !M 0 0
10.2647,heen,0,MM0 !M 0 0
10.2647,heen,0,MM1 +
10.2647,heen,0,MM0 +
10.2647,heen,0,"#76,YAW,0.03,GYRO,-10,42,6,ACC,-4,2,254,ADC,1301,338,4,2,"
10.2647,heen,0,MM0 ?C
10.2647,heen,0,MM1 ?C
10.2647,heen,0,MM0 C=632:-715
10.2647,heen,0,MM1 C=2209:-2314
10.2852,heen,60,"#77,YAW,0.04,GYRO,-10,43,-1,ACC,0,1,243,ADC,1246,387,5,2,"
10.2852,heen,60,MM0 ?D
10.2852,heen,60,MM1 ?D
10.2852,heen,60,MM0 D=51
10.2852,heen,60,MM1 D=49
10.3192,heen,60,"#78,YAW,0.04,GYRO,-10,48,-17,ACC,-4,5,265,ADC,1305,500,5,2,"
10.3192,heen,60,MM0 ?FF
10.3192,heen,60,MM1 ?FF
10.3192,heen,60,MM0 FF=0
10.3192,heen,60,MM1 FF=0
10.3192,heen,60,MM0 !M 60 -60
10.3193,heen,60,MM1 !M 60 -60
10.3193,heen,60,MM0 +
10.3193,heen,60,MM1 +
10.3193,heen,60,"#79,YAW,0.04,GYRO,-8,49,-20,ACC,-2,1,254,ADC,1243,493,4,2,"
10.3193,heen,60,MM0 ?P
10.3193,heen,60,MM1 ?P
10.3193,heen,60,MM0 P=60:-60
10.3193,heen,60,MM1 P=60:-60
10.3543,heen,60,"#80,YAW,0.04,GYRO,-12,34,-19,ACC,9,20,259,ADC,1219,383,5,2,"
10.3543,heen,60,MM0 ?S
10.3543,heen,60,MM1 ?S
10.3543,heen,60,MM0 S=75:0
10.3543,heen,60,MM1 S=75:0
10.3543,heen,60,MM1 !M 60 -60
10.3543,heen,60,MM0 !M 60 -60
10.3543,heen,60,MM1 +
10.3543,heen,60,MM0 +
10.3543,heen,60,"#81,YAW,0.04,GYRO,-19,-14,-5,ACC,40,-2,243,ADC,1223,383,5,2,"
10.3543,heen,60,MM0 ?T
10.3543,heen,60,MM1 ?T
10.3543,heen,60,MM0 T=35:35
10.3543,heen,60,MM1 T=36:34
10.3744,heen,60,"#82,YAW,0.04,GYRO,-3,87,1,ACC,27,7,261,ADC,1262,498,7,2,"
10.3744,heen,60,MM0 ?V
10.3744,heen,60,MM1 ?V
10.3744,heen,60,MM0 V=120:222:4909
10.3744,heen,60,MM1 V=120:221:4901
10.4397,heen,0,MM0 !M 60 -60
10.4397,heen,0,MM1 !M 60 -60
10.4397,heen,0,MM0 +
10.4397,heen,0,MM1 +
10.4397,heen,0,"#83,YAW,0.04,GYRO,-14,62,6,ACC,12,2,258,ADC,1265,340,4,2,"
10.4397,heen,0,MM0 ?CR
10.4397,heen,0,MM1 ?CR
10.4397,heen,0,MM0 CR=2:-2
10.4397,heen,0,MM1 CR=2:-2
10.4397,heen,0,"#84,YAW,0.04,GYRO,-19,19,-18,ACC,20,3,250,ADC,1257,381,5,2,"
10.4397,heen,0,MM0 ?A
10.4397,heen,0,MM1 ?A
10.4397,heen,0,MM0 A=0:0
10.4397,heen,0,MM1 A=0:0
10.4397,heen,0,MM0 !M 0 0
10.4397,heen,0,MM1 !M 0 0
10.4397,heen,0,MM0 +
10.4397,heen,0,MM1 +
10.4397,heen,0,"#85,YAW,0.04,GYRO,-13,55,-50,ACC,4,10,253,ADC,1269,391,4,2,"
10.4397,heen,0,MM0 ?AI
10.4397,heen,0,MM1 ?AI
10.4397,heen,0,MM0 AI=0:0:2459:2475:0:0
10.4397,heen,0,MM1 AI=0:0:2363:2377:0:0
10.4885,heen,0,"$GPRMC,100702.4,A,5050.52982,N,00419.37507,E,000.56,002.8,021026,000.4,E*5C"
10.4886,heen,0,"#86,YAW,0.04,GYRO,-10,99,-29,ACC,3,7,269,ADC,1231,399,8,2,"
10.4886,heen,0,MM0 ?C
10.4886,heen,0,MM1 ?C
10.4886,heen,0,MM0 C=635:-718
10.4886,heen,0,MM1 C=2212:-2317
10.4886,heen,0,MM0 !M 0 0
10.4886,heen,0,MM1 !M 0 0
10.4886,heen,0,MM0 +
10.4886,heen,0,MM1 +
10.4886,heen,0,"#87,YAW,0.04,GYRO,-21,40,11,ACC,-4,10,259,ADC,1255,316,6,1,"
10.4886,heen,0,MM0 ?D
10.4886,heen,0,MM1 ?D
10.4886,heen,0,MM0 D=33
10.4886,heen,0,MM1 D=32
10.4886,heen,0,"#88,YAW,0.04,GYRO,-6,81,26,ACC,-17,-3,251,ADC,1243,391,6,2,"
10.4886,heen,0,MM0 ?FF
10.5394,heen,0,MM1 ?FF
10.5394,heen,0,MM0 FF=0
10.5394,heen,0,MM1 FF=0
10.5394,heen,0,"#89,YAW,0.04,GYRO,-17,48,34,ACC,-23,-6,258,ADC,1247,500,4,2,"
10.5394,heen,0,MM0 ?P
10.5394,heen,0,MM1 ?P
10.5394,heen,0,MM0 P=0:0
10.5394,heen,0,MM1 P=0:0
10.5394,heen,0,MM0 !M 0 0
10.5394,heen,0,MM1 !M 0 0
10.5394,heen,0,MM0 +
10.5395,heen,0,MM1 +
10.5395,heen,0,"#90,YAW,0.04,GYRO,-14,29,2,ACC,-15,-1,250,ADC,1244,391,6,2,"
10.5395,heen,0,MM0 ?S
10.5395,heen,0,MM1 ?S
10.5395,heen,0,MM0 S=0:0
10.5395,heen,0,MM1 S=0:0
10.5895,heen,0,"#91,YAW,0.04,GYRO,-9,45,-37,ACC,-15,0,253,ADC,1261,501,5,2,"
10.5895,heen,0,MM0 ?T
10.5895,heen,0,MM1 ?T
10.5895,heen,0,MM0 T=35:35
10.5895,heen,0,MM1 T=36:34
10.5895,heen,0,MM0 !M 0 0
10.5895,heen,0,MM1 !M 0 0
10.5895,heen,0,MM0 +
10.5895,heen,0,MM1 +
10.5895,heen,0,"#92,YAW,0.04,GYRO,-8,42,-46,ACC,-5,3,258,ADC,1268,331,4,3,"
10.5895,heen,0,MM0 ?V
10.5895,heen,0,MM1 ?V
10.5895,heen,0,MM0 V=120:222:4909
10.5895,heen,0,MM1 V=120:222:4902
10.5895,heen,0,"#93,YAW,0.04,GYRO,-6,43,-30,ACC,0,4,256,ADC,1250,388,5,1,"
10.5895,heen,0,MM0 ?CR
10.5895,heen,0,MM1 ?CR
10.6405,heen,0,MM0 CR=2:-2
10.6405,heen,0,MM1 CR=2:-2
10.6405,heen,0,"#94,YAW,0.04,GYRO,-8,48,-10,ACC,1,1,253,ADC,1269,387,3,2,"
10.6405,heen,0,MM0 ?A
10.6405,heen,0,MM1 ?A
10.6405,heen,0,MM0 A=0:0
10.6405,heen,0,MM1 A=0:0
10.6405,heen,0,MM0 !M 0 0
10.6405,heen,0,MM1 !M 0 0
10.6405,heen,0,MM0 +
10.6405,heen,0,MM1 +
10.6405,heen,0,"#95,YAW,0.04,GYRO,-8,43,5,ACC,0,3,257,ADC,1240,383,4,2,"
10.6405,heen,0,MM0 ?AI
10.6405,heen,0,MM1 ?AI
10.6405,heen,0,MM0 AI=0:0:2459:2465:0:0
10.6405,heen,0,MM1 AI=0:0:2368:2383:0:0
10.6405,heen,0,"$GPRMC,100702.6,A,5050.52984,N,00419.37511,E,000.61,002.8,021026,000.4,E*5B"
10.6907,heen,0,"#96,YAW,0.04,GYRO,-9,48,5,ACC,3,3,254,ADC,1220,387,5,2,"
10.6907,heen,0,MM0 ?C
10.6907,heen,0,MM1 ?C
10.6907,heen,0,MM0 C=636:-719
10.6908,heen,0,MM1 C=2213:-2318
10.6908,heen,0,MM0 !M 0 0
10.6908,heen,0,MM1 !M 0 0
10.6908,heen,0,MM0 +
10.6908,heen,0,MM1 +
10.6908,heen,0,"#97,YAW,0.04,GYRO,-8,44,-2,ACC,2,1,257,ADC,1296,372,7,2,"
10.6908,heen,0,MM0 ?D
10.6908,heen,0,MM1 ?D
10.6908,heen,0,MM0 D=51
10.6908,heen,0,MM1 D=49
10.6908,heen,0,"#98,YAW,0.04,GYRO,-8,45,-14,ACC,1,0,253,ADC,1235,391,6,2,"
10.6908,heen,0,MM0 ?FF
10.6908,heen,0,MM1 ?FF
10.6908,heen,0,MM0 FF=0
10.6908,heen,0,MM1 FF=0
10.7405,heen,0,"#99,YAW,0.04,GYRO,-7,46,-21,ACC,-1,4,251,ADC,1236,381,5,2,"
10.7405,heen,0,MM0 ?P
10.7405,heen,0,MM1 ?P
10.7405,heen,0,MM0 P=0:0
10.7405,heen,0,MM1 P=0:0
10.7405,heen,0,MM0 !M 0 0
10.7405,heen,0,MM1 !M 0 0
10.7405,heen,0,MM0 +
10.7405,heen,0,MM1 +
10.7405,heen,0,"#100,YAW,0.04,GYRO,-8,47,-18,ACC,-1,4,257,ADC,1290,494,5,2,"
10.7405,heen,0,MM0 ?S
10.7405,heen,0,MM1 ?S
10.7405,heen,0,MM0 S=0:0
10.7405,heen,0,MM1 S=0:0
10.7909,heen,0,"#101,YAW,0.04,GYRO,-10,45,-9,ACC,2,5,258,ADC,1305,500,5,2,"
10.7909,heen,0,MM0 ?T
10.7909,heen,0,MM1 ?T
10.7910,heen,0,MM0 T=35:35
10.7910,heen,0,MM1 T=36:34
10.7910,heen,0,MM0 !M 0 0
10.7910,heen,0,MM1 !M 0 0
10.7910,heen,0,MM0 +
10.7910,heen,0,MM1 +
10.7910,heen,0,"#102,YAW,0.04,GYRO,-9,46,-2,ACC,1,2,253,ADC,1226,313,6,2,"
10.7910,heen,0,MM0 ?V
10.7910,heen,0,MM1 ?V
10.7910,heen,0,MM0 V=120:221:4910
10.7910,heen,0,MM1 V=120:222:4902
10.7910,heen,0,"#103,YAW,0.04,GYRO,-8,45,-1,ACC,4,2,257,ADC,1257,386,5,2,"
10.7910,heen,0,MM0 ?CR
10.7910,heen,0,MM1 ?CR
10.7910,heen,0,MM1 CR=0:0
10.8414,heen,0,MM0 CR=0:0
10.8414,heen,0,"#104,YAW,0.04,GYRO,-10,48,-9,ACC,3,1,261,ADC,1237,396,5,1,"
10.8414,heen,0,MM0 ?A
10.8414,heen,0,MM1 ?A
10.8414,heen,0,MM0 A=0:0
10.8414,heen,0,MM1 A=0:0
10.8414,heen,0,MM0 !M 0 0
10.8414,heen,0,MM1 !M 0 0
10.8414,heen,0,MM0 +
10.8414,heen,0,MM1 +
10.8414,heen,0,"#105,YAW,0.04,GYRO,-10,47,-16,ACC,3,0,254,ADC,1265,498,4,2,"
10.8414,heen,0,MM1 ?AI
10.8414,heen,0,MM0 ?AI
10.8414,heen,0,MM1 AI=0:0:2387:2365:0:0
10.8414,heen,0,MM0 AI=0:0:2473:2469:0:0
10.8414,heen,0,"$GPRMC,100702.8,A,5050.52995,N,00419.37527,E,000.62,002.8,021026,000.4,E*53"
10.8935,heen,0,"#106,YAW,0.04,GYRO,-9,47,-16,ACC,3,1,258,ADC,1246,499,4,2,"
10.8935,heen,0,MM1 ?C
10.8935,heen,0,MM0 ?C
10.8935,heen,0,MM0 C=636:-719
10.8936,heen,0,MM1 C=2213:-2318
10.8936,heen,0,"#107,YAW,0.04,GYRO,-9,48,-12,ACC,2,3,253,ADC,1249,391,4,2,"
10.8936,heen,0,MM0 ?D
10.8936,heen,0,MM1 ?D
10.8936,heen,0,MM0 D=51
10.8936,heen,0,MM1 D=49
10.8936,heen,0,MM0 !M 0 0
10.8936,heen,0,MM1 !M 0 0
10.8936,heen,0,MM0 +
10.8936,heen,0,MM1 +
10.8936,heen,0,"#108,YAW,0.04,GYRO,-8,45,-6,ACC,2,1,258,ADC,1266,407,7,2,"
10.8936,heen,0,MM0 ?FF
10.8936,heen,0,MM1 ?FF
10.8936,heen,0,MM0 FF=0
10.8936,heen,0,MM1 FF=0
10.9435,heen,0,"#109,YAW,0.04,GYRO,-10,45,-5,ACC,1,1,258,ADC,1239,425,5,2,"
10.9435,heen,0,MM0 ?P
10.9435,heen,0,MM1 ?P
10.9435,heen,0,MM0 P=0:0
10.9436,heen,0,MM1 P=0:0
10.9436,heen,0,MM0 !M 0 0
10.9436,heen,0,MM1 !M 0 0
10.9436,heen,0,MM0 +
10.9436,heen,0,MM1 +
10.9436,heen,0,"#110,YAW,0.04,GYRO,-9,47,-8,ACC,2,1,251,ADC,1244,502,6,2,"
10.9436,heen,0,MM0 ?S
10.9436,heen,0,MM1 ?S
10.9436,heen,0,MM0 S=0:0
10.9436,heen,0,MM1 S=0:0
10.9949,heen,0,"#111,YAW,0.04,GYRO,-10,47,-11,ACC,5,3,258,ADC,1252,383,5,2,"
10.9949,heen,0,MM0 ?T
10.9949,heen,0,MM1 ?T
10.9949,heen,0,MM0 T=35:35
10.9949,heen,0,MM1 T=37:34
10.9949,heen,0,"#112,YAW,0.05,GYRO,-9,47,-15,ACC,2,1,255,ADC,1292,503,5,2,"
10.9949,heen,0,MM1 ?V
10.9950,heen,0,MM0 ?V
10.9950,heen,0,MM1 V=120:228:4902
10.9950,heen,0,MM0 V=120:222:4909
10.9950,heen,0,MM0 !M 0 0
10.9950,heen,0,MM1 !M 0 0
10.9950,heen,0,MM0 +
10.9950,heen,0,MM1 +
10.9950,heen,0,"#113,YAW,0.05,GYRO,-11,48,-11,ACC,-1,2,252,ADC,1274,502,7,3,"
10.9950,heen,0,MM0 ?CR
10.9950,heen,0,MM1 ?CR
10.9950,heen,0,MM0 CR=0:0
10.9950,heen,0,MM1 CR=0:0
11.0446,heen,0,"#114,YAW,0.05,GYRO,-10,46,-9,ACC,4,2,260,ADC,1257,397,5,2,"
11.0446,heen,0,MM0 ?A
11.0446,heen,0,MM1 ?A
11.0446,heen,0,MM0 A=0:0
11.0446,heen,0,MM1 A=0:0
11.0446,heen,0,MM0 !M 0 0
11.0447,heen,0,MM1 !M 0 0
11.0447,heen,0,MM0 +
11.0447,heen,0,MM1 +
11.0447,heen,0,"#115,YAW,0.05,GYRO,-9,46,-7,ACC,0,1,257,ADC,1248,496,5,2,"
11.0447,heen,0,MM0 ?AI
11.0447,heen,0,MM1 ?AI
11.0447,heen,0,MM0 AI=0:0:2466:2472:0:0
11.0447,heen,0,MM1 AI=0:0:2370:2377:0:0
11.0447,heen,0,"$GPRMC,100703.0,A,5050.53009,N,00419.37583,E,000.66,002.8,021026,000.4,E*5D"
11.0954,heen,0,"#116,YAW,0.05,GYRO,-8,48,-6,ACC,2,1,255,ADC,1252,382,5,2,"
11.0954,heen,0,MM1 ?C
11.0954,heen,0,MM0 ?C
11.0954,heen,0,MM0 C=636:-719
11.0954,heen,0,MM1 C=2213:-2318
11.0954,heen,0,"#117,YAW,0.05,GYRO,-9,47,-9,ACC,0,2,254,ADC,1219,382,5,1,"
11.0954,heen,0,MM0 ?D
11.0954,heen,0,MM1 ?D
11.0954,heen,0,MM0 D=59
11.0954,heen,0,MM1 D=49
11.0954,heen,0,MM0 !M 0 0
11.0954,heen,0,MM1 !M 0 0
11.0954,heen,0,MM0 +
11.0954,heen,0,MM1 +
11.0954,heen,0,"#118,YAW,0.05,GYRO,-9,46,-12,ACC,4,1,256,ADC,1234,498,5,2,"
11.0954,heen,0,MM1 ?FF
11.0954,heen,0,MM0 ?FF
11.0954,heen,0,MM1 FF=0
11.0954,heen,0,MM0 FF=0
11.1455,heen,0,"#119,YAW,0.05,GYRO,-10,47,-11,ACC,0,2,256,ADC,1257,385,7,2,"
11.1455,heen,0,MM1 ?P
11.1455,heen,0,MM0 ?P
11.1455,heen,0,MM1 P=0:0
11.1455,heen,0,MM0 P=0:0
11.1455,heen,0,MM1 !M 0 0
11.1455,heen,0,MM0 !M 0 0
11.1456,heen,0,MM1 +
11.1456,heen,0,MM0 +
11.1456,heen,0,"#120,YAW,0.05,GYRO,-10,47,-8,ACC,1,1,253,ADC,1187,381,4,2,"
11.1456,heen,0,MM1 ?S
11.1456,heen,0,MM0 ?S
11.1456,heen,0,MM1 S=0:0
11.1456,heen,0,MM0 S=0:0
11.1953,heen,0,"#121,YAW,0.05,GYRO,-10,47,-7,ACC,0,2,252,ADC,1245,381,6,2,"
11.1954,heen,0,MM1 ?T
11.1954,heen,0,MM0 ?T
11.1954,heen,0,MM1 T=37:34
11.1954,heen,0,MM0 T=35:35
11.1954,heen,0,"#122,YAW,0.05,GYRO,-10,48,-9,ACC,1,3,254,ADC,1277,497,6,2,"
11.1954,heen,0,MM1 ?V
11.1954,heen,0,MM0 ?V
11.1954,heen,0,MM1 V=120:221:4903
11.1954,heen,0,MM0 V=120:223:4910
11.1954,heen,0,MM1 !M 0 0
11.1954,heen,0,MM0 !M 0 0
11.1954,heen,0,MM1 +
11.1954,heen,0,MM0 +
11.1954,heen,0,"#123,YAW,0.05,GYRO,-10,47,-14,ACC,-1,3,258,ADC,1249,386,6,2,"
11.1954,heen,0,MM1 ?CR
11.1954,heen,0,MM0 ?CR
11.1954,heen,0,MM1 CR=0:0
11.1954,heen,0,MM0 CR=0:0
11.2554,heen,0,"#124,YAW,0.05,GYRO,-9,45,-11,ACC,-2,2,252,ADC,1266,397,5,2,"
11.2554,heen,0,MM1 ?A
11.2554,heen,0,MM0 ?A
11.2554,heen,0,MM1 A=0:0
11.2554,heen,0,MM0 A=0:0
11.2554,heen,0,MM0 !M 0 0
11.2554,heen,0,MM1 !M 0 0
11.2554,heen,0,MM0 +
11.2554,heen,0,MM1 +
11.2554,heen,0,"#125,YAW,0.05,GYRO,-10,48,-8,ACC,3,2,257,ADC,1256,501,5,2,"
11.2554,heen,0,MM1 ?AI
11.2555,heen,0,MM0 ?AI
11.2555,heen,0,MM1 AI=0:0:2396:2385:0:0
11.2555,heen,0,MM0 AI=0:0:2484:2452:0:0
11.2555,heen,0,"$GPRMC,100703.2,A,5050.53021,N,00419.37595,E,000.68,002.8,021026,000.4,E*5C"
11.2674,heen,0,"#126,YAW,0.05,GYRO,-7,45,-6,ACC,0,1,254,ADC,1250,386,6,1,"
11.2674,heen,0,MM1 ?C
11.2674,heen,0,MM0 ?C
11.2674,heen,0,MM0 C=636:-719
11.2675,heen,0,MM1 C=2213:-2318
11.2675,heen,0,MM1 !M 0 0
11.2675,heen,0,MM0 !M 0 0
11.2675,heen,0,MM1 +
11.2675,heen,0,MM0 +
11.2885,heen,0,"#127,YAW,0.05,GYRO,-10,46,-8,ACC,1,3,256,ADC,1229,361,5,1,"
11.2885,heen,0,MM1 ?D
11.2885,heen,0,MM0 ?D
11.2885,heen,0,MM1 D=49
11.2885,heen,0,MM0 D=59
11.2885,heen,0,"#128,YAW,0.05,GYRO,-7,45,-9,ACC,0,5,258,ADC,1247,497,4,3,"
11.2885,heen,0,MM1 ?FF
11.3093,heen,0,MM0 ?FF
11.3093,heen,0,MM1 FF=0
11.3093,heen,0,MM0 FF=0
11.3093,heen,0,"#129,YAW,0.05,GYRO,-9,46,-12,ACC,1,3,258,ADC,1289,388,4,2,"
11.3094,heen,0,MM1 ?P
11.3094,heen,0,MM0 ?P
11.3434,heen,0,MM1 P=0:0
11.3434,heen,0,MM0 P=0:0
11.3434,heen,0,MM0 !M 0 0
11.3434,heen,0,MM1 !M 0 0
11.3434,heen,0,MM0 +
11.3434,heen,0,MM1 +
11.3434,heen,0,"#130,YAW,0.05,GYRO,-8,44,-12,ACC,3,5,258,ADC,1278,499,5,1,"
11.3435,heen,0,MM1 ?S
11.3435,heen,0,MM0 ?S
11.3435,heen,0,MM1 S=0:0
11.3435,heen,0,MM0 S=0:0
11.3670,heen,0,"#131,YAW,0.05,GYRO,-9,44,-11,ACC,1,1,252,ADC,1246,393,7,2,"
11.3670,heen,0,MM1 ?T
11.3670,heen,0,MM0 ?T
11.3670,heen,0,MM1 T=36:34
11.3670,heen,0,MM0 T=35:35
11.4054,heen,0,"#132,YAW,0.05,GYRO,-8,46,-8,ACC,1,4,258,ADC,1277,503,5,2,"
11.4054,heen,0,MM1 ?V
11.4054,heen,0,MM0 ?V
11.4054,heen,0,MM1 V=120:223:4902
11.4054,heen,0,MM0 V=120:222:4910
11.4054,heen,0,MM1 !M 0 0
11.4054,heen,0,MM0 !M 0 0
11.4054,heen,0,MM1 +
11.4054,heen,0,MM0 +
11.4054,heen,0,"#133,YAW,0.05,GYRO,-8,46,-7,ACC,1,0,254,ADC,1227,385,7,2,"
11.4054,heen,0,MM1 ?CR
11.4055,heen,0,MM0 ?CR
11.4055,heen,0,MM1 CR=0:0
11.4055,heen,0,MM0 CR=0:0
11.4457,heen,0,"#134,YAW,0.05,GYRO,-10,46,-8,ACC,2,1,256,ADC,1226,382,5,1,"
11.4457,heen,0,MM1 ?A
11.4457,heen,0,MM0 ?A
11.4457,heen,0,MM1 A=0:0
11.4457,heen,0,MM0 A=0:0
11.4457,heen,0,MM1 !M 0 0
11.4457,heen,0,MM0 !M 0 0
11.4457,heen,0,MM1 +
11.4458,heen,0,MM0 +
11.4458,heen,0,"#135,YAW,0.05,GYRO,-10,46,-10,ACC,2,2,253,ADC,1231,501,7,2,"
11.4458,heen,0,MM1 ?AI
11.4458,heen,0,MM0 ?AI
11.4458,heen,0,MM1 AI=0:0:2376:2361:0:0
11.4458,heen,0,MM0 AI=0:0:2455:2478:0:0
11.4458,heen,0,"$GPRMC,100703.4,A,5050.53035,N,00419.37603,E,000.70,002.8,021026,000.4,E*5A"
11.4994,heen,0,"#136,YAW,0.05,GYRO,-8,44,-12,ACC,3,2,259,ADC,1300,500,5,2,"
11.4994,heen,0,MM0 ?C
11.4994,heen,0,MM1 ?C
11.4994,heen,0,MM0 C=636:-719
11.4994,heen,0,MM1 C=2213:-2318
11.4994,heen,0,"#137,YAW,0.05,GYRO,-9,47,-9,ACC,4,3,254,ADC,1207,384,5,2,"
11.4994,heen,0,MM1 ?D
11.4994,heen,0,MM0 ?D
11.4994,heen,0,MM1 D=49
11.4995,heen,0,MM0 D=59
11.4995,heen,0,MM0 !M 0 0
11.4995,heen,0,MM1 !M 0 0
11.4995,heen,0,MM0 +
11.4995,heen,0,MM1 +
11.4995,heen,0,"#138,YAW,0.05,GYRO,-9,47,-8,ACC,3,0,255,ADC,1260,385,4,2,"
11.4995,heen,0,MM1 ?FF
11.4995,heen,0,MM0 ?FF
11.4995,heen,0,MM1 FF=0
11.4995,heen,0,MM0 FF=0
11.5510,heen,0,"#139,YAW,0.05,GYRO,-9,48,-9,ACC,3,1,254,ADC,1251,385,7,2,"
11.5511,heen,0,MM1 ?P
11.5511,heen,0,MM0 ?P
11.5511,heen,0,MM1 P=0:0
11.5511,heen,0,MM0 P=0:0
11.5511,heen,0,MM0 !M 0 0
11.5511,heen,0,MM1 !M 0 0
11.5511,heen,0,MM0 +
11.5511,heen,0,"#140,YAW,0.05,GYRO,-10,47,-10,ACC,0,3,257,ADC,1279,381,5,2,"
11.5511,heen,0,MM1 +
11.5511,heen,0,MM1 ?S
11.5511,heen,0,MM0 ?S
11.5511,heen,0,MM1 S=0:0
11.5511,heen,0,MM0 S=0:0
11.5511,heen,0,"#141,YAW,0.05,GYRO,-8,45,-11,ACC,0,2,256,ADC,1229,502,5,1,"
11.5511,heen,0,MM1 ?T
11.5511,heen,0,MM0 ?T
11.5511,heen,0,MM1 T=36:34
11.6012,heen,0,MM0 T=35:35
11.6012,heen,0,"#142,YAW,0.05,GYRO,-8,46,-11,ACC,2,4,255,ADC,1252,389,2,2,"
11.6013,heen,0,MM1 ?V
11.6013,heen,0,MM0 ?V
11.6013,heen,0,MM1 V=120:223:4902
11.6013,heen,0,MM0 V=120:223:4911
11.6013,heen,0,MM0 !M 0 0
11.6013,heen,0,MM1 !M 0 0
11.6013,heen,0,MM0 +
11.6013,heen,0,MM1 +
11.6013,heen,0,"#143,YAW,0.05,GYRO,-9,44,-9,ACC,3,2,259,ADC,1238,382,8,1,"
11.6013,heen,0,MM1 ?CR
11.6013,heen,0,MM0 ?CR
11.6013,heen,0,MM1 CR=0:0
11.6013,heen,0,MM0 CR=0:0
11.6529,heen,0,"#144,YAW,0.05,GYRO,-9,48,-7,ACC,1,1,253,ADC,1222,392,5,2,"
11.6530,heen,0,MM1 ?A
11.6530,heen,0,MM0 ?A
11.6530,heen,0,MM1 A=0:0
11.6530,heen,0,MM0 A=0:0
11.6530,heen,0,"#145,YAW,0.05,GYRO,-9,46,-9,ACC,1,3,255,ADC,1270,388,6,2,"
11.6530,heen,0,MM0 ?AI
11.6530,heen,0,MM1 ?AI
11.6530,heen,0,MM0 AI=0:0:2456:2468:0:0
11.6530,heen,0,MM1 AI=0:0:2397:2383:0:0
11.6530,heen,0,MM0 !M 0 0
11.6530,heen,0,MM1 !M 0 0
11.6530,heen,0,MM0 +
11.6530,heen,0,MM1 +
11.6530,heen,0,"$GPRMC,100703.6,A,5050.53048,N,00419.37610,E,000.72,002.8,021026,000.4,E*52"
11.6530,heen,0,"#146,YAW,0.05,GYRO,-8,46,-8,ACC,5,2,258,ADC,1252,386,5,2,"
11.6530,heen,0,MM0 ?C
11.6530,heen,0,MM1 ?C
11.6530,heen,0,MM0 C=636:-719
11.7024,heen,0,MM1 C=2213:-2318
11.7024,heen,0,"#147,YAW,0.05,GYRO,-9,47,-11,ACC,3,4,256,ADC,1272,401,4,1,"
11.7024,heen,0,MM0 ?D
11.7024,heen,0,MM1 ?D
11.7024,heen,0,MM0 D=51
11.7025,heen,0,MM1 D=49
11.7025,heen,0,MM1 !M 0 0
11.7025,heen,0,MM0 !M 0 0
11.7025,heen,0,MM1 +
11.7025,heen,0,MM0 +
11.7025,heen,0,"#148,YAW,0.05,GYRO,-10,47,-10,ACC,1,3,256,ADC,1275,500,6,1,"
11.7025,heen,0,MM0 ?FF
11.7025,heen,0,MM1 ?FF
11.7025,heen,0,MM0 FF=0
11.7025,heen,0,MM1 FF=0
11.7064,heen,0,STOP heen 3.0013
11.7563,pauze,0,"#149,YAW,0.05,GYRO,-10,47,-9,ACC,1,3,252,ADC,1284,388,7,2,"
11.7563,pauze,0,MM0 ?P
11.7563,pauze,0,MM1 ?P
11.7563,pauze,0,MM0 P=0:0
11.7563,pauze,0,MM1 P=0:0
11.7563,pauze,0,"#150,YAW,0.05,GYRO,-10,45,-9,ACC,2,2,256,ADC,1243,386,4,2,"
11.7563,pauze,0,MM0 ?S
11.7563,pauze,0,MM1 ?S
11.7563,pauze,0,MM0 S=0:0
11.7563,pauze,0,MM1 S=0:0
11.7563,pauze,0,MM0 !M 0 0
11.7563,pauze,0,MM1 !M 0 0
11.7563,pauze,0,MM0 +
11.7564,pauze,0,MM1 +
11.7564,pauze,0,"#151,YAW,0.05,GYRO,-9,46,-9,ACC,4,2,255,ADC,1289,501,5,2,"
11.7564,pauze,0,MM0 ?T
11.7564,pauze,0,MM1 ?T
11.7564,pauze,0,MM0 T=35:35
11.7564,pauze,0,MM1 T=36:34
11.7742,pauze,0,"#152,YAW,0.05,GYRO,-10,49,-9,ACC,-1,2,255,ADC,1217,381,4,2,"
11.7742,pauze,0,MM0 ?V
11.7742,pauze,0,MM1 ?V
11.7742,pauze,0,MM0 V=120:223:4910
11.7742,pauze,0,MM1 V=120:223:4902
11.7964,pauze,0,"#153,YAW,0.05,GYRO,-9,48,-10,ACC,1,3,258,ADC,1231,386,6,2,"
11.7964,pauze,0,MM0 ?CR
11.7964,pauze,0,MM1 ?CR
11.7964,pauze,0,MM0 CR=0:0
11.7964,pauze,0,MM1 CR=0:0
11.8164,pauze,0,"#154,YAW,0.05,GYRO,-10,47,-7,ACC,-1,3,258,ADC,1302,388,4,3,"
11.8164,pauze,0,MM0 ?A
11.8164,pauze,0,MM1 ?A
11.8164,pauze,0,MM0 A=0:0
11.8164,pauze,0,MM1 A=0:0
11.8505,pauze,0,MM1 !M 0 0
11.8505,pauze,0,MM0 !M 0 0
11.8505,pauze,0,MM1 +
11.8505,pauze,0,MM0 +
11.8505,pauze,0,"#155,YAW,0.05,GYRO,-8,45,-10,ACC,3,2,254,ADC,1230,335,5,2,"
11.8505,pauze,0,MM0 ?AI
11.8505,pauze,0,MM1 ?AI
11.8505,pauze,0,MM0 AI=0:0:2466:2464:0:0
11.8505,pauze,0,MM1 AI=0:0:2361:2381:0:0
11.8505,pauze,0,"$GPRMC,100703.8,A,5050.53056,N,00419.37616,E,000.74,002.8,021026,000.4,E*53"
11.8505,pauze,0,"#156,YAW,0.06,GYRO,-11,47,-9,ACC,2,1,253,ADC,1242,384,4,2,"
11.8506,pauze,0,MM0 ?C
11.8506,pauze,0,MM1 ?C
11.8506,pauze,0,MM0 C=636:-719
11.8705,pauze,0,MM1 C=2213:-2318
11.8706,pauze,0,"#157,YAW,0.06,GYRO,-10,48,-9,ACC,-2,1,260,ADC,1235,384,8,2,"
11.8706,pauze,0,MM0 ?D
11.8706,pauze,0,MM1 ?D
11.8706,pauze,0,MM0 D=51
11.8706,pauze,0,MM1 D=49
11.8938,pauze,0,"#158,YAW,0.06,GYRO,-10,45,-9,ACC,-4,2,255,ADC,1252,392,4,2,"
11.8938,pauze,0,MM0 ?FF
11.8938,pauze,0,MM1 ?FF
11.8938,pauze,0,MM0 FF=0
11.8938,pauze,0,MM1 FF=0
11.9136,pauze,0,"#159,YAW,0.06,GYRO,-9,47,-8,ACC,-2,3,254,ADC,1247,497,6,2,"
11.9137,pauze,0,MM0 ?P
11.9137,pauze,0,MM1 ?P
11.9137,pauze,0,MM0 P=0:0
11.9137,pauze,0,MM1 P=0:0
11.9492,pauze,0,MM0 !M 0 0
11.9493,pauze,0,MM1 !M 0 0
11.9493,pauze,0,MM0 +
11.9493,pauze,0,MM1 +
11.9493,pauze,0,"#160,YAW,0.06,GYRO,-9,47,-10,ACC,3,3,255,ADC,1224,324,6,2,"
11.9493,pauze,0,MM0 ?S
11.9493,pauze,0,MM1 ?S
11.9493,pauze,0,MM0 S=0:0
11.9493,pauze,0,MM1 S=0:0
11.9493,pauze,0,"#161,YAW,0.06,GYRO,-11,48,-10,ACC,2,3,257,ADC,1256,395,6,1,"
11.9694,pauze,0,MM0 ?T
11.9694,pauze,0,MM1 ?T
11.9694,pauze,0,MM0 T=35:35
11.9694,pauze,0,MM1 T=36:34
11.9694,pauze,0,"#162,YAW,0.06,GYRO,-10,47,-10,ACC,2,2,258,ADC,1202,381,4,1,"
11.9694,pauze,0,MM0 ?V
11.9895,pauze,0,MM1 ?V
11.9895,pauze,0,MM0 V=120:220:4911
11.9895,pauze,0,MM1 V=120:222:4903
11.9895,pauze,0,"#163,YAW,0.06,GYRO,-9,46,-10,ACC,0,1,255,ADC,1197,382,7,2,"
11.9895,pauze,0,MM0 ?CR
11.9895,pauze,0,MM1 ?CR
12.0094,pauze,0,MM0 CR=0:0
12.0094,pauze,0,MM1 CR=0:0
12.0094,pauze,0,"#164,YAW,0.06,GYRO,-10,46,-9,ACC,1,2,259,ADC,1272,384,5,1,"
12.0094,pauze,0,MM0 ?A
12.0094,pauze,0,MM1 ?A
12.0094,pauze,0,MM0 A=0:0
12.0436,pauze,0,MM1 A=0:0
12.0437,pauze,0,MM0 !M 0 0
12.0437,pauze,0,MM1 !M 0 0
12.0437,pauze,0,MM0 +
12.0437,pauze,0,MM1 +
12.0437,pauze,0,"#165,YAW,0.06,GYRO,-10,49,-8,ACC,1,0,256,ADC,1246,384,6,2,"
12.0437,pauze,0,MM0 ?AI
12.0437,pauze,0,MM1 ?AI
12.0437,pauze,0,MM0 AI=0:0:2457:2467:0:0
12.0437,pauze,0,MM1 AI=0:0:2379:2375:0:0
12.0437,pauze,0,"$GPRMC,100704.0,A,5050.53060,N,00419.37616,E,000.74,002.8,021026,000.4,E*59"
12.0645,pauze,0,"#166,YAW,0.06,GYRO,-10,47,-10,ACC,2,-1,256,ADC,1216,385,4,2,"
12.0645,pauze,0,MM0 ?C
12.0645,pauze,0,MM1 ?C
12.0645,pauze,0,MM0 C=636:-719
12.0645,pauze,0,MM1 C=2213:-2318
12.0853,pauze,0,"#167,YAW,0.06,GYRO,-10,49,-10,ACC,4,3,254,ADC,1306,388,5,2,"
12.0853,pauze,0,MM0 ?D
12.0853,pauze,0,MM1 ?D
12.0853,pauze,0,MM0 D=51
12.0853,pauze,0,MM1 D=49
12.1064,pauze,0,"#168,YAW,0.06,GYRO,-10,48,-9,ACC,3,1,258,ADC,1285,498,5,2,"
12.1064,pauze,0,MM0 ?FF
12.1064,pauze,0,MM1 ?FF
12.1064,pauze,0,MM0 FF=0
12.1065,pauze,0,MM1 FF=0
12.1552,pauze,0,"#169,YAW,0.06,GYRO,-10,48,-9,ACC,2,5,255,ADC,1234,379,7,2,"
12.1553,pauze,0,MM0 ?P
12.1553,pauze,0,MM1 ?P
12.1553,pauze,0,MM0 P=0:0
12.1553,pauze,0,MM1 P=0:0
12.1553,pauze,0,"#170,YAW,0.06,GYRO,-9,47,-9,ACC,2,1,254,ADC,1265,398,5,2,"
12.1553,pauze,0,MM0 ?S
12.1553,pauze,0,MM1 ?S
12.1553,pauze,0,MM0 S=0:0
12.1553,pauze,0,MM1 S=0:0
12.1553,pauze,0,MM1 !M 0 0
12.1553,pauze,0,MM0 !M 0 0
12.1553,pauze,0,MM1 +
12.1553,pauze,0,MM0 +
12.1553,pauze,0,"#171,YAW,0.06,GYRO,-11,46,-9,ACC,7,2,258,ADC,1243,380,5,2,"
12.1553,pauze,0,MM0 ?T
12.1553,pauze,0,MM1 ?T
12.1553,pauze,0,MM0 T=35:35
12.1553,pauze,0,MM1 T=37:34
12.1763,pauze,0,"#172,YAW,0.06,GYRO,-10,46,-9,ACC,2,2,255,ADC,1289,387,7,2,"
12.1764,pauze,0,MM0 ?V
12.1764,pauze,0,MM1 ?V
12.1764,pauze,0,MM0 V=120:222:4911
12.1764,pauze,0,MM1 V=120:222:4902
12.1974,pauze,0,"#173,YAW,0.06,GYRO,-9,49,-10,ACC,0,2,257,ADC,1287,402,5,2,"
12.1974,pauze,0,MM0 ?CR
12.1974,pauze,0,MM1 ?CR
12.1974,pauze,0,MM0 CR=0:0
12.1974,pauze,0,MM1 CR=0:0
12.2183,pauze,0,"#174,YAW,0.06,GYRO,-8,48,-9,ACC,2,1,252,ADC,1242,499,6,2,"
12.2183,pauze,0,MM0 ?A
12.2183,pauze,0,MM1 ?A
12.2183,pauze,0,MM0 A=0:0
12.2183,pauze,0,MM1 A=0:0
12.2525,pauze,0,"#175,YAW,0.06,GYRO,-10,45,-8,ACC,4,3,256,ADC,1293,490,5,2,"
12.2525,pauze,0,MM0 ?AI
12.2525,pauze,0,MM1 ?AI
12.2525,pauze,0,MM0 AI=0:0:2470:2464:0:0
12.2525,pauze,0,MM1 AI=0:0:2370:2370:0:0
12.2525,pauze,0,MM0 !M 0 0
12.2525,pauze,0,MM1 !M 0 0
12.2525,pauze,0,MM0 +
12.2525,pauze,0,MM1 +
12.2525,pauze,0,"$GPRMC,100704.2,A,5050.53067,N,00419.37619,E,000.73,002.8,021026,000.4,E*54"
12.2525,pauze,0,"#176,YAW,0.06,GYRO,-10,47,-10,ACC,3,6,257,ADC,1224,301,5,2,"
12.2525,pauze,0,MM0 ?C
12.2525,pauze,0,MM1 ?C
12.2525,pauze,0,MM0 C=636:-719
12.2732,pauze,0,MM1 C=2213:-2318
12.2732,pauze,0,"#177,YAW,0.06,GYRO,-8,46,-8,ACC,1,2,251,ADC,1240,394,6,2,"
12.2732,pauze,0,MM0 ?D
12.2732,pauze,0,MM1 ?D
12.2732,pauze,0,MM0 D=51
12.2732,pauze,0,MM1 D=57
12.2944,pauze,0,"#178,YAW,0.06,GYRO,-9,46,-9,ACC,2,1,260,ADC,1291,502,4,2,"
12.2944,pauze,0,MM0 ?FF
12.2944,pauze,0,MM1 ?FF
12.2944,pauze,0,MM0 FF=0
12.2944,pauze,0,MM1 FF=0
12.3156,pauze,0,"#179,YAW,0.06,GYRO,-9,45,-8,ACC,-1,2,254,ADC,1250,389,4,2,"
12.3156,pauze,0,MM0 ?P
12.3156,pauze,0,MM1 ?P
12.3156,pauze,0,MM0 P=0:0
12.3157,pauze,0,MM1 P=0:0
12.3494,pauze,0,MM0 !M 0 0
12.3494,pauze,0,MM0 +
12.3494,pauze,0,MM1 !M 0 0
12.3494,pauze,0,MM1 +
12.3494,pauze,0,"#180,YAW,0.06,GYRO,-10,46,-10,ACC,-2,1,259,ADC,1266,371,5,1,"
12.3494,pauze,0,MM0 ?S
12.3494,pauze,0,MM1 ?S
12.3495,pauze,0,MM0 S=0:0
12.3495,pauze,0,MM1 S=0:0
12.3495,pauze,0,"#181,YAW,0.06,GYRO,-9,49,-10,ACC,1,1,252,ADC,1276,414,5,1,"
12.3495,pauze,0,MM0 ?T
12.3495,pauze,0,MM1 ?T
12.3706,pauze,0,MM0 T=35:35
12.3706,pauze,0,MM1 T=37:34
12.3706,pauze,0,"#182,YAW,0.06,GYRO,-9,46,-9,ACC,3,1,256,ADC,1290,390,5,2,"
12.3706,pauze,0,MM0 ?V
12.3706,pauze,0,MM1 ?V
12.3706,pauze,0,MM0 V=120:222:4911
12.3913,pauze,0,MM1 V=120:222:4902
12.3913,pauze,0,"#183,YAW,0.06,GYRO,-10,48,-11,ACC,3,2,263,ADC,1234,383,6,2,"
12.3913,pauze,0,MM0 ?CR
12.3913,pauze,0,MM1 ?CR
12.3913,pauze,0,MM0 CR=0:0
12.3914,pauze,0,MM1 CR=0:0
12.4113,pauze,0,"#184,YAW,0.06,GYRO,-8,49,-9,ACC,2,1,255,ADC,1233,499,4,2,"
12.4113,pauze,0,MM0 ?A
12.4113,pauze,0,MM1 ?A
12.4113,pauze,0,MM0 A=0:0
12.4113,pauze,0,MM1 A=0:0
12.4455,pauze,0,MM0 !M 0 0
12.4455,pauze,0,MM1 !M 0 0
12.4455,pauze,0,MM0 +
12.4455,pauze,0,MM1 +
12.4455,pauze,0,"#185,YAW,0.06,GYRO,-10,46,-8,ACC,4,1,257,ADC,1255,393,5,2,"
12.4457,pauze,0,MM0 ?AI
12.4457,pauze,0,MM1 ?AI
12.4457,pauze,0,MM0 AI=0:0:2455:2466:0:0
12.4457,pauze,0,MM1 AI=0:0:2358:2387:0:0
12.4457,pauze,0,"$GPRMC,100704.4,A,5050.53073,N,00419.37631,E,000.72,002.8,021026,000.4,E*5C"
12.4664,pauze,0,"#186,YAW,0.06,GYRO,-7,47,-10,ACC,1,1,254,ADC,1263,387,7,2,"
12.4664,pauze,0,MM0 ?C
12.4664,pauze,0,MM1 ?C
12.4664,pauze,0,MM0 C=636:-719
12.4664,pauze,0,MM1 C=2213:-2318
12.4875,pauze,0,"#187,YAW,0.06,GYRO,-9,46,-9,ACC,2,2,255,ADC,1282,396,4,2,"
12.4875,pauze,0,MM0 ?D
12.4875,pauze,0,MM1 ?D
12.4875,pauze,0,MM0 D=51
12.4875,pauze,0,MM1 D=49
12.4876,pauze,0,"#188,YAW,0.06,GYRO,-9,47,-10,ACC,0,4,255,ADC,1222,384,4,1,"
12.5084,pauze,0,MM0 ?FF
12.5084,pauze,0,MM1 ?FF
12.5084,pauze,0,MM0 FF=0
12.5084,pauze,0,MM1 FF=0
12.5084,pauze,0,"#189,YAW,0.06,GYRO,-9,46,-10,ACC,3,2,260,ADC,1322,501,5,2,"
12.5085,pauze,0,MM0 ?P
12.5573,pauze,0,MM1 ?P
12.5573,pauze,0,MM0 P=0:0
12.5573,pauze,0,MM1 P=0:0
12.5574,pauze,0,"#190,YAW,0.06,GYRO,-10,48,-8,ACC,2,3,254,ADC,1286,403,5,2,"
12.5574,pauze,0,MM1 ?S
12.5574,pauze,0,MM0 ?S
12.5574,pauze,0,MM0 S=0:0
12.5574,pauze,0,MM1 S=0:0
12.5574,pauze,0,MM0 !M 0 0
12.5574,pauze,0,MM1 !M 0 0
12.5574,pauze,0,MM0 +
12.5574,pauze,0,MM1 +
12.5574,pauze,0,"#191,YAW,0.06,GYRO,-11,46,-8,ACC,3,2,257,ADC,1276,413,7,2,"
12.5574,pauze,0,MM0 ?T
12.5574,pauze,0,MM1 ?T
12.5574,pauze,0,MM0 T=35:35
12.5574,pauze,0,MM1 T=37:34
12.5786,pauze,0,"#192,YAW,0.06,GYRO,-8,46,-10,ACC,4,1,259,ADC,1282,392,7,2,"
12.5786,pauze,0,MM0 ?V
12.5787,pauze,0,MM1 ?V
12.5787,pauze,0,MM0 V=120:222:4911
12.5787,pauze,0,MM1 V=120:222:4902
12.5993,pauze,0,"#193,YAW,0.06,GYRO,-10,48,-10,ACC,-1,3,254,ADC,1274,390,6,2,"
12.5993,pauze,0,MM0 ?CR
12.5993,pauze,0,MM1 ?CR
12.5993,pauze,0,MM0 CR=0:0
12.5993,pauze,0,MM1 CR=0:0
12.6201,pauze,0,"#194,YAW,0.06,GYRO,-9,50,-9,ACC,1,3,251,ADC,1229,389,4,2,"
12.6201,pauze,0,MM0 ?A
12.6201,pauze,0,MM1 ?A
12.6201,pauze,0,MM0 A=0:0
12.6202,pauze,0,MM1 A=0:0
12.6544,pauze,0,"#195,YAW,0.06,GYRO,-10,46,-9,ACC,3,3,256,ADC,1234,382,5,2,"
12.6544,pauze,0,MM0 ?AI
12.6544,pauze,0,MM1 ?AI
12.6544,pauze,0,MM0 AI=0:0:2468:2474:0:0
12.6544,pauze,0,MM1 AI=0:0:2365:2361:0:0
12.6544,pauze,0,MM0 !M 0 0
12.6544,pauze,0,MM1 !M 0 0
12.6544,pauze,0,MM0 +
12.6544,pauze,0,MM1 +
12.6544,pauze,0,"$GPRMC,100704.6,A,5050.53078,N,00419.37640,E,000.71,002.8,021026,000.4,E*50"
12.6544,pauze,0,"#196,YAW,0.06,GYRO,-8,49,-8,ACC,3,4,259,ADC,1259,298,7,1,"
12.6545,pauze,0,MM0 ?C
12.6545,pauze,0,MM1 ?C
12.6545,pauze,0,MM0 C=636:-719
12.6545,pauze,0,MM1 C=2213:-2318
12.6753,pauze,0,"#197,YAW,0.06,GYRO,-10,47,-9,ACC,6,3,249,ADC,1218,501,4,2,"
12.6753,pauze,0,MM0 ?D
12.6753,pauze,0,MM1 ?D
12.6753,pauze,0,MM0 D=51
12.6753,pauze,0,MM1 D=49
12.6962,pauze,0,"#198,YAW,0.06,GYRO,-9,48,-9,ACC,0,2,257,ADC,1204,496,3,1,"
12.6962,pauze,0,MM0 ?FF
12.6962,pauze,0,MM1 ?FF
12.6962,pauze,0,MM0 FF=0
12.6962,pauze,0,MM1 FF=0
12.7180,pauze,0,"#199,YAW,0.06,GYRO,-9,46,-10,ACC,3,3,255,ADC,1266,503,4,1,"
12.7180,pauze,0,MM0 ?P
12.7180,pauze,0,MM1 ?P
12.7180,pauze,0,MM0 P=0:0
12.7180,pauze,0,MM1 P=0:0
12.7514,pauze,0,"#200,YAW,0.06,GYRO,-10,48,-9,ACC,2,1,261,ADC,1209,384,3,2,"
12.7514,pauze,0,MM0 ?S
12.7515,pauze,0,MM1 ?S
12.7515,pauze,0,MM0 S=0:0
12.7515,pauze,0,MM1 S=0:0
12.7515,pauze,0,MM0 !M 0 0
12.7515,pauze,0,MM1 !M 0 0
12.7515,pauze,0,MM0 +
12.7515,pauze,0,MM1 +
12.7515,pauze,0,"#201,YAW,0.06,GYRO,-10,48,-9,ACC,0,2,256,ADC,1277,384,5,2,"
12.7515,pauze,0,MM0 ?T
12.7515,pauze,0,MM1 ?T
12.7515,pauze,0,MM0 T=35:35
12.7515,pauze,0,MM1 T=37:34
12.7726,pauze,0,"#202,YAW,0.06,GYRO,-9,47,-10,ACC,-2,3,255,ADC,1284,500,5,2,"
12.7726,pauze,0,MM0 ?V
12.7726,pauze,0,MM1 ?V
12.7726,pauze,0,MM0 V=120:220:4911
12.7726,pauze,0,MM1 V=120:221:4903
12.7933,pauze,0,"#203,YAW,0.06,GYRO,-10,46,-9,ACC,2,1,255,ADC,1245,499,6,2,"
12.7933,pauze,0,MM0 ?CR
12.7933,pauze,0,MM1 ?CR
12.7933,pauze,0,MM0 CR=0:0
12.7933,pauze,0,MM1 CR=0:0
12.8132,pauze,0,"#204,YAW,0.06,GYRO,-9,47,-10,ACC,4,5,256,ADC,1280,502,6,2,"
12.8132,pauze,0,MM0 ?A
12.8133,pauze,0,MM1 ?A
12.8133,pauze,0,MM0 A=0:0
12.8133,pauze,0,MM1 A=0:0
12.8475,pauze,0,MM0 !M 0 0
12.8475,pauze,0,MM0 +
12.8476,pauze,0,MM1 !M 0 0
12.8476,pauze,0,MM1 +
12.8476,pauze,0,"#205,YAW,0.06,GYRO,-10,46,-9,ACC,2,1,252,ADC,1216,300,8,2,"
12.8476,pauze,0,MM0 ?AI
12.8476,pauze,0,MM1 ?AI
12.8476,pauze,0,MM0 AI=0:0:2466:2482:0:0
12.8476,pauze,0,MM1 AI=0:0:2391:2388:0:0
12.8476,pauze,0,"$GPRMC,100704.8,A,5050.53087,N,00419.37664,E,000.70,002.8,021026,000.4,E*59"
12.8476,pauze,0,"#206,YAW,0.06,GYRO,-8,48,-11,ACC,-2,5,257,ADC,1267,499,6,1,"
12.8693,pauze,0,MM0 ?C
12.8693,pauze,0,MM1 ?C
12.8693,pauze,0,MM0 C=636:-719
12.8693,pauze,0,MM1 C=2213:-2318
12.8694,pauze,0,"#207,YAW,0.06,GYRO,-10,47,-9,ACC,1,2,255,ADC,1251,390,4,2,"
12.8694,pauze,0,MM0 ?D
12.8895,pauze,0,MM1 ?D
12.8895,pauze,0,MM0 D=51
12.8895,pauze,0,MM1 D=49
12.8895,pauze,0,"#208,YAW,0.06,GYRO,-10,47,-9,ACC,1,2,254,ADC,1263,501,5,2,"
12.8895,pauze,0,MM0 ?FF
12.8895,pauze,0,MM1 ?FF
12.9115,pauze,0,MM0 FF=0
12.9116,pauze,0,MM1 FF=0
12.9116,pauze,0,"#209,YAW,0.06,GYRO,-11,48,-9,ACC,2,3,255,ADC,1248,501,5,2,"
12.9116,pauze,0,MM1 ?P
12.9116,pauze,0,MM0 ?P
12.9116,pauze,0,MM0 P=0:0
12.9593,pauze,0,MM1 P=0:0
12.9593,pauze,0,"#210,YAW,0.06,GYRO,-10,48,-9,ACC,3,1,253,ADC,1242,384,6,3,"
12.9593,pauze,0,MM0 ?S
12.9593,pauze,0,MM1 ?S
12.9593,pauze,0,MM0 S=0:0
12.9593,pauze,0,MM1 S=0:0
12.9593,pauze,0,MM0 !M 0 0
12.9593,pauze,0,MM1 !M 0 0
12.9593,pauze,0,MM0 +
12.9593,pauze,0,MM1 +
12.9593,pauze,0,"#211,YAW,0.06,GYRO,-9,48,-10,ACC,3,1,258,ADC,1287,500,4,1,"
12.9593,pauze,0,MM0 ?T
12.9593,pauze,0,MM1 ?T
12.9593,pauze,0,MM0 T=35:35
12.9593,pauze,0,MM1 T=37:34
12.9803,pauze,0,"#212,YAW,0.06,GYRO,-10,47,-9,ACC,0,5,254,ADC,1251,500,5,1,"
12.9803,pauze,0,MM0 ?V
12.9803,pauze,0,MM1 ?V
12.9803,pauze,0,MM0 V=120:222:4911
12.9803,pauze,0,MM1 V=120:222:4903
13.0012,pauze,0,"#213,YAW,0.06,GYRO,-11,45,-10,ACC,3,3,253,ADC,1238,382,5,2,"
13.0013,pauze,0,MM0 ?CR
13.0013,pauze,0,MM1 ?CR
13.0013,pauze,0,MM0 CR=0:0
13.0013,pauze,0,MM1 CR=0:0
13.0226,pauze,0,"#214,YAW,0.07,GYRO,-10,48,-9,ACC,3,2,258,ADC,1269,384,3,3,"
13.0226,pauze,0,MM0 ?A
13.0226,pauze,0,MM1 ?A
13.0226,pauze,0,MM0 A=0:0
13.0226,pauze,0,MM1 A=0:0
13.0564,pauze,0,"#215,YAW,0.07,GYRO,-10,46,-9,ACC,2,2,258,ADC,1270,500,5,1,"
13.0565,pauze,0,MM0 ?AI
13.0565,pauze,0,MM1 ?AI
13.0565,pauze,0,MM0 AI=0:0:2469:2479:0:0
13.0565,pauze,0,MM1 AI=0:0:2361:2384:0:0
13.0565,pauze,0,MM1 !M 0 0
13.0565,pauze,0,MM0 !M 0 0
13.0565,pauze,0,MM1 +
13.0565,pauze,0,MM0 +
13.0565,pauze,0,"$GPRMC,100705.0,A,5050.53092,N,00419.37668,E,000.70,002.8,021026,000.4,E*58"
13.0565,pauze,0,"#216,YAW,0.07,GYRO,-9,48,-10,ACC,-2,2,252,ADC,1238,307,5,2,"
13.0565,pauze,0,MM0 ?C
13.0565,pauze,0,MM1 ?C
13.0565,pauze,0,MM0 C=636:-719
13.0565,pauze,0,MM1 C=2213:-2318
13.0781,pauze,0,"#217,YAW,0.06,GYRO,-9,48,-9,ACC,1,1,256,ADC,1216,383,6,2,"
13.0781,pauze,0,MM0 ?D
13.0781,pauze,0,MM1 ?D
13.0781,pauze,0,MM0 D=51
13.0782,pauze,0,MM1 D=49
13.0982,pauze,0,"#218,YAW,0.07,GYRO,-9,47,-9,ACC,2,2,255,ADC,1292,503,6,2,"
13.0982,pauze,0,MM0 ?FF
13.0982,pauze,0,MM1 ?FF
13.0982,pauze,0,MM0 FF=0
13.0982,pauze,0,MM1 FF=0
13.1192,pauze,0,"#219,YAW,0.07,GYRO,-9,48,-8,ACC,-2,1,254,ADC,1289,494,6,1,"
13.1192,pauze,0,MM0 ?P
13.1192,pauze,0,MM1 ?P
13.1193,pauze,0,MM0 P=0:0
13.1193,pauze,0,MM1 P=0:0
13.1535,pauze,0,"#220,YAW,0.07,GYRO,-10,46,-10,ACC,1,1,255,ADC,1246,396,5,2,"
13.1535,pauze,0,MM0 ?S
13.1535,pauze,0,MM1 ?S
13.1535,pauze,0,MM0 S=0:0
13.1535,pauze,0,MM1 S=0:0
13.1535,pauze,0,MM0 !M 0 0
13.1535,pauze,0,MM1 !M 0 0
13.1535,pauze,0,MM0 +
13.1535,pauze,0,MM1 +
13.1535,pauze,0,"#221,YAW,0.07,GYRO,-10,47,-10,ACC,-2,5,259,ADC,1245,381,5,2,"
13.1535,pauze,0,MM0 ?T
13.1535,pauze,0,MM1 ?T
13.1535,pauze,0,MM0 T=35:35
13.1535,pauze,0,MM1 T=36:34
13.1763,pauze,0,"#222,YAW,0.07,GYRO,-10,47,-9,ACC,2,1,258,ADC,1236,380,7,1,"
13.1763,pauze,0,MM0 ?V
13.1763,pauze,0,MM1 ?V
13.1763,pauze,0,MM0 V=120:222:4910
13.1763,pauze,0,MM1 V=120:222:4903
13.1953,pauze,0,"#223,YAW,0.07,GYRO,-9,47,-10,ACC,2,1,254,ADC,1252,381,5,2,"
13.1953,pauze,0,MM1 ?CR
13.1953,pauze,0,MM0 ?CR
13.1953,pauze,0,MM1 CR=0:0
13.1953,pauze,0,MM0 CR=0:0
13.2156,terug,0,"#224,YAW,0.07,GYRO,-10,47,-8,ACC,2,4,255,ADC,1225,382,5,2,"
13.2156,terug,0,MM0 ?A
13.2156,terug,0,MM1 ?A
13.2156,terug,0,MM0 A=0:0
13.2156,terug,0,MM1 A=0:0
13.2498,terug,0,MM1 !M 0 0
13.2498,terug,0,MM0 !M 0 0
13.2499,terug,0,MM1 +
13.2499,terug,0,MM0 +
13.2499,terug,0,"#225,YAW,0.07,GYRO,-8,47,-10,ACC,0,1,253,ADC,1271,342,4,2,"
13.2499,terug,0,MM0 ?AI
13.2499,terug,0,MM1 ?AI
13.2499,terug,0,MM0 AI=0:0:2461:2462:0:0
13.2499,terug,0,MM1 AI=0:0:2352:2362:0:0
13.2499,terug,0,"$GPRMC,100705.2,A,5050.53099,N,00419.37680,E,000.69,002.8,021026,000.4,E*5F"
13.2499,terug,0,"#226,YAW,0.07,GYRO,-10,49,-9,ACC,2,1,257,ADC,1275,339,4,2,"
13.2499,terug,0,MM1 ?C
13.2499,terug,0,MM0 ?C
13.2703,terug,0,MM0 C=636:-719
13.2703,terug,0,MM1 C=2213:-2318
13.2703,terug,0,"#227,YAW,0.07,GYRO,-9,48,-10,ACC,4,1,251,ADC,1279,384,5,3,"
13.2703,terug,0,MM0 ?D
13.2703,terug,0,MM1 ?D
13.2703,terug,0,MM0 D=51
13.2703,terug,0,MM1 D=49
13.3044,terug,0,MM1 !M 0 0
13.3044,terug,0,MM0 !M 0 0
13.3045,terug,0,MM1 +
13.3045,terug,0,MM0 +
13.3045,terug,0,"#228,YAW,0.07,GYRO,-9,47,-8,ACC,3,2,259,ADC,1316,504,6,2,"
13.3045,terug,0,MM1 ?FF
13.3045,terug,0,MM0 ?FF
13.3045,terug,0,MM1 FF=0
13.3045,terug,0,MM0 FF=0
13.3254,terug,0,"#229,YAW,0.07,GYRO,-9,48,-10,ACC,3,5,257,ADC,1203,381,7,2,"
13.3254,terug,0,MM1 ?P
13.3254,terug,0,MM0 ?P
13.3254,terug,0,MM1 P=0:0
13.3254,terug,0,MM0 P=0:0
13.3595,terug,0,"#230,YAW,0.07,GYRO,-10,45,-9,ACC,2,0,258,ADC,1270,500,3,2,"
13.3595,terug,0,MM1 ?S
13.3595,terug,0,MM0 ?S
13.3595,terug,0,MM1 S=0:0
13.3596,terug,0,MM0 S=0:0
13.3596,terug,0,MM1 !M 0 0
13.3596,terug,0,MM0 !M 0 0
13.3596,terug,0,MM1 +
13.3596,terug,0,MM0 +
13.3596,terug,0,"#231,YAW,0.07,GYRO,-9,48,-9,ACC,4,1,259,ADC,1261,394,4,2,"
13.3596,terug,0,MM1 ?T
13.3596,terug,0,MM0 ?T
13.3596,terug,0,MM1 T=36:34
13.3596,terug,0,MM0 T=35:35
13.4133,terug,0,"#232,YAW,0.07,GYRO,-8,48,-10,ACC,2,3,254,ADC,1244,384,6,2,"
13.4134,terug,0,MM1 ?V
13.4134,terug,0,MM0 ?V
13.4134,terug,0,MM1 V=120:222:4903
13.4134,terug,0,MM0 V=120:222:4910
13.4134,terug,0,"#233,YAW,0.07,GYRO,-9,47,-8,ACC,1,1,257,ADC,1266,389,5,2,"
13.4134,terug,0,MM0 ?CR
13.4134,terug,0,MM1 ?CR
13.4134,terug,0,MM0 CR=0:0
13.4134,terug,0,MM1 CR=0:0
13.4134,terug,0,MM0 !M 0 0
13.4134,terug,0,MM1 !M 0 0
13.4134,terug,0,MM0 +
13.4134,terug,0,MM1 +
13.4134,terug,0,"#234,YAW,0.07,GYRO,-10,45,-10,ACC,2,4,255,ADC,1218,382,6,2,"
13.4134,terug,0,MM1 ?A
13.4134,terug,0,MM0 ?A
13.4134,terug,0,MM1 A=0:0
13.4134,terug,0,MM0 A=0:0
13.4636,terug,0,"#235,YAW,0.07,GYRO,-9,48,-9,ACC,4,2,258,ADC,1256,499,5,2,"
13.4636,terug,0,MM0 ?AI
13.4636,terug,0,MM1 ?AI
13.4636,terug,0,MM0 AI=0:0:2466:2464:0:0
13.4636,terug,0,MM1 AI=0:0:2374:2382:0:0
13.4636,terug,0,"$GPRMC,100705.4,A,5050.53107,N,00419.37695,E,000.69,002.8,021026,000.4,E*5B"
13.4636,terug,0,MM0 !M 0 0
13.4636,terug,0,MM1 !M 0 0
13.4636,terug,0,MM0 +
13.4636,terug,0,MM1 +
13.4637,terug,0,"#236,YAW,0.07,GYRO,-9,46,-9,ACC,4,3,261,ADC,1273,356,8,2,"
13.4637,terug,0,MM1 ?C
13.4637,terug,0,MM0 ?C
13.4637,terug,0,MM0 C=636:-719
13.4637,terug,0,MM1 C=2213:-2318
13.4667,terug,0,DOEL terug -3.0000
13.5133,terug,0,"#237,YAW,0.07,GYRO,-10,46,-10,ACC,-1,2,252,ADC,1243,397,6,1,"
13.5133,terug,0,MM0 ?D
13.5133,terug,0,MM1 ?D
13.5133,terug,0,MM0 D=51
13.5133,terug,0,MM1 D=49
13.5133,terug,0,"#238,YAW,0.07,GYRO,-9,49,-9,ACC,3,1,256,ADC,1209,382,3,2,"
13.5133,terug,0,MM0 ?FF
13.5133,terug,0,MM1 ?FF
13.5134,terug,0,MM0 FF=0
13.5134,terug,0,MM1 FF=0
13.5134,terug,0,MM1 !M 0 0
13.5134,terug,0,MM0 !M 0 0
13.5134,terug,0,MM1 +
13.5134,terug,0,MM0 +
13.5134,terug,0,"#239,YAW,0.07,GYRO,-9,47,-10,ACC,1,3,257,ADC,1230,500,7,2,"
13.5134,terug,0,MM0 ?P
13.5134,terug,0,MM1 ?P
13.5134,terug,0,MM1 P=0:0
13.5134,terug,0,MM0 P=0:0
13.5647,terug,-8,"#240,YAW,0.07,GYRO,-10,45,-8,ACC,0,3,258,ADC,1277,386,4,2,"
13.5647,terug,-8,MM1 ?S
13.5647,terug,-8,MM0 ?S
13.5647,terug,-8,MM1 S=0:0
13.5647,terug,-8,MM0 S=0:0
13.5647,terug,-8,MM1 !M -8 8
13.5647,terug,-8,MM0 !M -8 8
13.5647,terug,-8,MM1 +
13.5647,terug,-8,MM0 +
13.5647,terug,-8,"#241,YAW,0.07,GYRO,-10,49,-9,ACC,-2,2,255,ADC,1283,401,7,2,"
13.5647,terug,-8,MM1 ?T
13.5647,terug,-8,MM0 ?T
13.5647,terug,-8,MM1 T=36:34
13.5647,terug,-8,MM0 T=35:35
13.6153,terug,-16,"#242,YAW,0.07,GYRO,-9,47,-10,ACC,2,2,255,ADC,1311,498,4,2,"
13.6154,terug,-16,MM1 ?V
13.6154,terug,-16,MM0 ?V
13.6154,terug,-16,MM1 V=120:223:4902
13.6154,terug,-16,MM0 V=120:220:4912
13.6154,terug,-16,"#243,YAW,0.07,GYRO,-10,46,-10,ACC,2,5,258,ADC,1235,499,7,2,"
13.6154,terug,-16,MM0 ?CR
13.6154,terug,-16,MM1 ?CR
13.6154,terug,-16,MM0 CR=0:0
13.6154,terug,-16,MM1 CR=0:0
13.6154,terug,-16,MM1 !M -16 16
13.6154,terug,-16,MM0 !M -16 16
13.6154,terug,-16,MM1 +
13.6154,terug,-16,MM0 +
13.6154,terug,-16,"#244,YAW,0.07,GYRO,-10,47,-11,ACC,-1,1,255,ADC,1248,497,6,2,"
13.6154,terug,-16,MM0 ?A
13.6154,terug,-16,MM1 ?A
13.6154,terug,-16,MM0 A=0:0
13.6154,terug,-16,MM1 A=0:0
13.6367,terug,-25,"#245,YAW,0.07,GYRO,-9,48,-13,ACC,2,2,252,ADC,1308,492,5,1,"
13.6368,terug,-25,MM0 ?AI
13.6368,terug,-25,MM1 ?AI
13.6368,terug,-25,MM0 AI=0:0:2455:2485:0:0
13.6368,terug,-25,MM1 AI=0:0:2360:2402:0:0
13.6749,terug,-33,"$GPRMC,100705.6,A,5050.53117,N,00419.37706,E,000.69,002.8,021026,000.4,E*53"
13.6750,terug,-33,"#246,YAW,0.07,GYRO,-8,52,-7,ACC,-2,2,256,ADC,1266,501,5,2,"
13.6750,terug,-33,MM0 ?C
13.6750,terug,-33,MM1 ?C
13.6750,terug,-33,MM0 C=636:-719
13.6750,terug,-33,MM1 C=2213:-2318
13.6750,terug,-33,MM0 !M -25 25
13.6750,terug,-33,MM1 !M -25 25
13.6750,terug,-33,MM0 +
13.6750,terug,-33,MM1 +
13.6750,terug,-33,"#247,YAW,0.07,GYRO,-8,46,-3,ACC,-6,4,255,ADC,1262,393,8,2,"
13.6750,terug,-33,MM0 ?D
13.6750,terug,-33,MM1 ?D
13.6750,terug,-33,MM0 D=51
13.6750,terug,-33,MM1 D=49
13.7084,terug,-33,MM0 !M -33 33
13.7085,terug,-33,MM1 !M -33 33
13.7085,terug,-33,MM0 +
13.7085,terug,-33,MM1 +
13.7085,terug,-33,"#248,YAW,0.07,GYRO,-11,55,2,ACC,-6,1,259,ADC,1274,321,4,1,"
13.7085,terug,-33,MM0 ?FF
13.7085,terug,-33,MM1 ?FF
13.7085,terug,-33,MM0 FF=0
13.7085,terug,-33,MM1 FF=0
13.7085,terug,-33,"#249,YAW,0.07,GYRO,-9,43,9,ACC,-9,3,255,ADC,1274,503,4,2,"
13.7085,terug,-33,MM0 ?P
13.7292,terug,-42,MM1 ?P
13.7293,terug,-42,MM0 P=-33:33
13.7293,terug,-42,MM1 P=-33:33
13.7293,terug,-42,"#250,YAW,0.07,GYRO,-6,39,-6,ACC,3,-7,269,ADC,1227,493,4,2,"
13.7293,terug,-42,MM0 ?S
13.7637,terug,-42,MM1 ?S
13.7637,terug,-42,MM0 S=0:0
13.7637,terug,-42,MM1 S=0:0
13.7637,terug,-42,MM0 !M -42 42
13.7637,terug,-42,MM1 !M -42 42
13.7637,terug,-42,MM0 +
13.7637,terug,-42,MM1 +
13.7637,terug,-42,"#251,YAW,0.07,GYRO,-9,46,-24,ACC,0,1,253,ADC,1296,501,6,2,"
13.7637,terug,-42,MM0 ?T
13.7637,terug,-42,MM1 ?T
13.7637,terug,-42,MM0 T=35:35
13.7637,terug,-42,MM1 T=36:34
13.8185,terug,-50,"#252,YAW,0.07,GYRO,-7,53,-25,ACC,2,2,260,ADC,1270,384,4,2,"
13.8185,terug,-50,MM0 ?V
13.8185,terug,-50,MM1 ?V
13.8185,terug,-50,MM1 V=120:221:4902
13.8185,terug,-50,MM0 V=120:222:4909
13.8185,terug,-50,"#253,YAW,0.07,GYRO,-6,48,-27,ACC,-2,2,251,ADC,1248,387,4,2,"
13.8185,terug,-50,MM1 ?CR
13.8185,terug,-50,MM0 ?CR
13.8185,terug,-50,MM1 CR=-1:2
13.8185,terug,-50,MM0 CR=-1:1
13.8185,terug,-50,MM0 !M -50 50
13.8185,terug,-50,MM1 !M -50 50
13.8185,terug,-50,MM0 +
13.8185,terug,-50,MM1 +
13.8185,terug,-50,"#254,YAW,0.07,GYRO,-6,51,-36,ACC,-11,1,249,ADC,1245,385,5,2,"
13.8185,terug,-50,MM1 ?A
13.8185,terug,-50,MM0 ?A
13.8185,terug,-50,MM1 A=0:0
13.8186,terug,-50,MM0 A=0:0
14.3729,terug,-143,"#255,YAW,0.07,GYRO,-9,47,-17,ACC,-8,3,257,ADC,1243,499,5,2,"
14.3729,terug,-143,MM1 ?AI
14.3729,terug,-143,MM0 ?AI
14.3729,terug,-143,MM1 AI=0:0:2361:2564:0:0
14.3729,terug,-143,MM0 AI=0:0:2455:2459:0:0
14.3729,terug,-143,"$GPRMC,100705.8,A,5050.53126,N,00419.37716,E,000.70,002.8,021026,000.4,E*56"
14.3729,terug,-143,"#0,YAW,0.07,GYRO,-7,43,22,ACC,-8,4,258,ADC,1281,392,4,1,"
14.3729,terug,-143,MM0 ?C
14.3730,terug,-143,MM1 ?C
14.3730,terug,-143,MM0 C=634:-717
14.3730,terug,-143,MM1 C=2211:-2316
14.3730,terug,-143,MM0 !M -59 59
14.3730,terug,-143,MM1 !M -59 59
14.3730,terug,-143,MM0 +
14.3730,terug,-143,MM1 +
14.3730,terug,-143,"#1,YAW,0.07,GYRO,-6,49,42,ACC,-5,1,250,ADC,1249,385,5,2,"
14.3730,terug,-143,MM1 ?D
14.3730,terug,-143,MM0 ?D
14.3730,terug,-143,MM1 D=27
14.3730,terug,-143,MM0 D=26
14.3731,terug,-143,"#2,YAW,0.07,GYRO,-6,38,10,ACC,-7,1,252,ADC,1271,381,5,1,"
14.3731,terug,-143,MM1 ?FF
14.3731,terug,-143,MM0 ?FF
14.3731,terug,-143,MM1 FF=0
14.3731,terug,-143,MM0 FF=0
14.3731,terug,-143,MM0 !M -67 67
14.3731,terug,-143,MM1 !M -67 67
14.3731,terug,-143,MM0 +
14.3731,terug,-143,MM1 +
14.3731,terug,-143,"#3,YAW,0.07,GYRO,-6,58,-48,ACC,-11,3,259,ADC,1292,323,5,2,"
14.3731,terug,-143,MM0 ?P
14.3731,terug,-143,MM1 ?P
14.3731,terug,-143,MM0 P=-67:67
14.3731,terug,-143,MM1 P=-67:67
14.3731,terug,-143,"#4,YAW,0.07,GYRO,-3,56,-41,ACC,-14,4,256,ADC,1230,384,3,2,"
14.3731,terug,-143,MM0 ?S
14.3731,terug,-143,MM1 ?S
14.3731,terug,-143,MM0 S=0:0
14.3731,terug,-143,MM1 S=0:0
14.3731,terug,-143,MM1 !M -75 75
14.3731,terug,-143,MM0 !M -75 75
14.3731,terug,-143,MM1 +
14.3731,terug,-143,MM0 +
14.3731,terug,-143,"#5,YAW,0.07,GYRO,-6,18,0,ACC,-5,2,248,ADC,1279,495,4,2,"
14.3731,terug,-143,MM1 ?T
14.3731,terug,-143,MM0 ?T
14.3731,terug,-143,MM1 T=36:34
14.3731,terug,-143,MM0 T=35:35
14.3731,terug,-143,"#6,YAW,0.07,GYRO,-1,64,-8,ACC,-7,6,259,ADC,1254,498,6,2,"
14.3731,terug,-143,MM0 ?V
14.3731,terug,-143,MM1 ?V
14.3731,terug,-143,MM0 V=120:220:4906
14.3731,terug,-143,MM1 V=120:222:4900
14.3731,terug,-143,"#7,YAW,0.07,GYRO,-4,56,9,ACC,-11,2,258,ADC,1230,500,5,2,"
14.3731,terug,-143,MM0 ?CR
14.3731,terug,-143,MM1 ?CR
14.3731,terug,-143,MM0 CR=-5:5
14.3731,terug,-143,MM1 CR=-5:4
14.3731,terug,-143,MM0 !M -84 84
14.3731,terug,-143,MM1 !M -84 84
14.3731,terug,-143,MM0 +
14.3731,terug,-143,MM1 +
14.3731,terug,-143,"#8,YAW,0.07,GYRO,-10,15,21,ACC,-10,-4,250,ADC,1250,496,4,2,"
14.3731,terug,-143,MM0 ?A
14.3732,terug,-143,MM1 ?A
14.3732,terug,-143,MM0 A=0:0
14.3732,terug,-143,MM1 A=0:5
14.3732,terug,-143,"#9,YAW,0.07,GYRO,-7,74,-8,ACC,-15,1,254,ADC,1261,384,6,2,"
14.3732,terug,-143,MM0 ?AI
14.3732,terug,-143,MM1 ?AI
14.3732,terug,-143,MM0 AI=0:0:2455:2474:0:0
14.3732,terug,-143,MM1 AI=0:0:2369:2354:0:0
14.3732,terug,-143,"$GPRMC,100706.0,A,5050.53139,N,00419.37740,E,000.70,002.8,021026,000.4,E*50"
14.3732,terug,-143,"#10,YAW,0.07,GYRO,-14,6,3,ACC,-7,0,257,ADC,1247,374,4,1,"
14.3732,terug,-143,MM0 !M -92 92
14.3732,terug,-143,MM0 +
14.3732,terug,-143,MM1 !M -92 92
14.3732,terug,-143,MM1 +
14.3732,terug,-143,MM0 ?C
14.3732,terug,-143,MM1 ?C
14.3732,terug,-143,MM0 C=628:-711
14.3732,terug,-143,MM1 C=2205:-2310
14.3732,terug,-143,"#11,YAW,0.07,GYRO,-9,73,-22,ACC,-20,3,251,ADC,1283,387,6,2,"
14.3732,terug,-143,MM0 ?D
14.3732,terug,-143,MM1 ?D
14.3732,terug,-143,MM0 D=33
14.3732,terug,-143,MM1 D=32
14.3732,terug,-143,"#12,YAW,0.07,GYRO,-17,11,-12,ACC,-12,-2,256,ADC,1248,495,4,1,"
14.3732,terug,-143,MM0 ?FF
14.3732,terug,-143,MM1 ?FF
14.3732,terug,-143,MM0 FF=0
14.3732,terug,-143,MM1 FF=0
14.3732,terug,-143,"#13,YAW,0.07,GYRO,-29,27,3,ACC,-7,2,260,ADC,1257,498,6,2,"
14.3732,terug,-143,MM0 ?P
14.3732,terug,-143,MM1 ?P
14.3732,terug,-143,MM0 P=-92:92
14.3732,terug,-143,MM1 P=-92:92
14.3732,terug,-143,MM1 !M -101 101
14.3733,terug,-143,MM0 !M -101 101
14.3733,terug,-143,MM1 +
14.3733,terug,-143,MM0 +
14.3733,terug,-143,"#14,YAW,0.07,GYRO,-25,59,-5,ACC,-17,8,255,ADC,1283,378,6,1,"
14.3733,terug,-143,MM0 ?S
14.3733,terug,-143,MM1 ?S
14.3733,terug,-143,MM0 S=-75:0
14.3733,terug,-143,MM1 S=-75:0
14.3733,terug,-143,"#15,YAW,0.07,GYRO,-36,-13,24,ACC,-10,2,254,ADC,1308,501,4,1,"
14.3733,terug,-143,MM0 ?T
14.3733,terug,-143,MM1 ?T
14.3733,terug,-143,MM0 T=35:35
14.3733,terug,-143,MM1 T=36:34
14.3733,terug,-143,"#16,YAW,0.07,GYRO,-26,62,15,ACC,2,2,270,ADC,1266,391,4,2,"
14.3733,terug,-143,MM0 ?V
14.3733,terug,-143,MM1 ?V
14.3733,terug,-143,MM0 V=120:223:4905
14.3733,terug,-143,MM1 V=120:221:4902
14.3733,terug,-143,MM1 !M -10PING
14.3733,terug,-143,MM0 !M -10PING
14.3733,terug,-143,MM1 +
14.3733,terug,-143,MM0 +
14.3733,terug,-143,"#17,YAW,0.07,GYRO,-30,74,-3,ACC,0,-1,274,ADC,1236,291,5,2,"
14.3733,terug,-143,MM0 ?CR
14.3733,terug,-143,MM1 ?CR
14.3733,terug,-143,MM0 CR=-11:10
14.3733,terug,-143,MM1 CR=-11:10
14.3733,terug,-143,"#18,YAW,0.07,GYRO,-32,33,-23,ACC,-10,-3,239,ADC,1259,500,8,2,"
14.3733,terug,-143,MM0 ?A
14.3733,terug,-143,MM1 ?A
14.3733,terug,-143,MM1 A=-4:0
14.3733,terug,-143,MM0 A=0:0
14.3733,terug,-143,"#19,YAW,0.07,GYRO,-24,20,-35,ACC,-9,1,231,ADC,1246,500,5,2,"
14.3733,terug,-143,MM0 ?AI
14.3733,terug,-143,MM1 ?AI
14.3733,terug,-143,MM0 AI=0:0:2450:2454:0:0
14.3733,terug,-143,MM1 AI=0:0:2358:2395:0:0
14.3733,terug,-143,"$GPRMC,100706.2,A,5050.53154,N,00419.37741,E,000.71,002.8,021026,000.4,E*59"
14.3733,terug,-143,MM0 !M -118 118
14.3733,terug,-143,MM1 !M -118 118
14.3733,terug,-143,MM0 +
14.3733,terug,-143,MM1 +
14.3733,terug,-143,MM0 PING
14.3733,terug,-143,MM1 PING
14.3733,terug,-143,"#20,YAW,0.07,GYRO,-9,27,-22,ACC,-19,5,258,ADC,1250,327,4,2,"
14.3734,terug,-143,MM0 ?C
14.3734,terug,-143,MM1 ?C
14.3734,terug,-143,MM0 C=615:-698
14.3734,terug,-143,MM1 C=2192:-2297
14.3734,terug,-143,"#21,YAW,0.07,GYRO,5,87,-7,ACC,-19,5,259,ADC,1247,384,5,2,"
14.3734,terug,-143,MM0 ?D
14.3734,terug,-143,MM1 ?D
14.3734,terug,-143,MM0 D=10
14.3734,terug,-143,MM1 D=2
14.3734,terug,-143,"#22,YAW,0.07,GYRO,20,53,-7,ACC,-14,3,267,ADC,1240,373,4,2,"
14.3734,terug,-143,MM0 !M -126 126
14.3734,terug,-143,MM0 +
14.3734,terug,-143,MM0 PING
14.3734,terug,-143,MM1 !M -126 126
14.3734,terug,-143,MM1 +
14.3734,terug,-143,MM1 PING
14.3734,terug,-143,MM0 ?FF
14.3734,terug,-143,MM0 FF=0
14.3734,terug,-143,MM1 ?FF
14.3734,terug,-143,MM1 FF=0
14.3734,terug,-143,MM0 !M -134 134
14.3734,terug,-143,MM1 !M -134 134
14.3734,terug,-143,MM0 +
14.3734,terug,-143,MM1 +
14.3734,terug,-143,"#23,YAW,0.07,GYRO,25,53,-16,ACC,-19,10,257,ADC,1242,370,5,1,"
14.3734,terug,-143,MM0 ?P
14.3734,terug,-143,MM1 ?P
14.3734,terug,-143,MM0 P=-134:134
14.3734,terug,-143,MM1 P=-134:134
14.3734,terug,-143,"#24,YAW,0.07,GYRO,29,73,-24,ACC,-20,7,248,ADC,1205,379,4,1,"
14.3734,terug,-143,MM0 ?S
14.3734,terug,-143,MM1 ?S
14.3734,terug,-143,MM0 S=-75:75
14.3734,terug,-143,MM1 S=-75:75
14.3734,terug,-143,MM0 !M -143 143
14.3734,terug,-143,MM1 !M -143 143
14.3734,terug,-143,MM0 +
14.3734,terug,-143,MM1 +
14.3734,terug,-143,"#25,YAW,0.07,GYRO,20,35,-24,ACC,-24,7,258,ADC,1235,275,4,2,"
14.3734,terug,-143,MM0 ?T
14.3734,terug,-143,MM1 ?T
14.3734,terug,-143,MM0 T=35:35
14.3734,terug,-143,MM1 T=36:34
14.3761,terug,-143,"#26,YAW,0.07,GYRO,8,60,-12,ACC,-22,21,257,ADC,1251,389,4,1,"
14.3761,terug,-143,MM0 ?V
14.3761,terug,-143,MM1 ?V
14.3761,terug,-143,MM0 V=120:222:4905
14.3761,terug,-143,MM1 V=120:221:4900
14.4247,terug,-151,"#27,YAW,0.07,GYRO,-3,36,8,ACC,-14,18,246,ADC,1235,393,4,2,"
14.4248,terug,-151,MM0 ?CR
14.4248,terug,-151,MM1 ?CR
14.4248,terug,-151,MM0 CR=-17:18
14.4248,terug,-151,MM1 CR=-17:18
14.4248,terug,-151,MM1 !M -151 151
14.4248,terug,-151,MM0 !M -151 151
14.4248,terug,-151,MM1 +
14.4248,terug,-151,MM0 +
14.4248,terug,-151,"#28,YAW,0.07,GYRO,-15,13,15,ACC,-17,2,245,ADC,1237,381,7,2,"
14.4248,terug,-151,MM0 ?A
14.4248,terug,-151,MM1 ?A
14.4248,terug,-151,MM0 A=-4:5
14.4248,terug,-151,MM1 A=-4:5
14.4744,terug,-160,"#29,YAW,0.07,GYRO,-63,57,8,ACC,-21,8,263,ADC,1272,386,4,2,"
14.4744,terug,-160,MM0 ?AI
14.4744,terug,-160,MM1 ?AI
14.4744,terug,-160,MM0 AI=0:0:2465:2473:0:0
14.4744,terug,-160,MM1 AI=0:0:2371:2380:0:0
14.4744,terug,-160,"$GPRMC,100706.4,A,5050.53169,N,00419.37764,E,000.72,002.8,021026,000.4,E*55"
14.4744,terug,-160,"#30,YAW,0.07,GYRO,-51,38,14,ACC,-10,9,274,ADC,1261,385,5,2,"
14.4744,terug,-160,MM0 ?C
14.4744,terug,-160,MM1 ?C
14.4744,terug,-160,MM0 C=595:-678
14.4744,terug,-160,MM1 C=2172:-2278
14.4744,terug,-160,"#31,YAW,0.07,GYRO,-35,72,6,ACC,-12,0,262,ADC,1238,500,5,2,"
14.4744,terug,-160,MM0 ?D
14.4745,terug,-160,MM1 ?D
14.4745,terug,-160,MM0 D=27
14.4745,terug,-160,MM1 D=17
14.5255,terug,-168,"#32,YAW,0.07,GYRO,-25,42,-17,ACC,-14,-9,227,ADC,1223,395,5,2,"
14.5256,terug,-168,MM0 ?FF
14.5256,terug,-168,MM0 FF=0
14.5256,terug,-168,MM1 ?FF
14.5256,terug,-168,MM1 FF=0
14.5256,terug,-168,MM0 !M -160 160
14.5256,terug,-168,MM1 !M -160 160
14.5256,terug,-168,MM0 +
14.5256,terug,-168,MM1 +
14.5256,terug,-168,MM1 PING
14.5256,terug,-168,MM0 PING
14.5256,terug,-168,"#33,YAW,0.07,GYRO,20,59,-33,ACC,-10,-5,254,ADC,1260,501,7,2,"
14.5256,terug,-168,MM0 ?P
14.5256,terug,-168,MM1 ?P
14.5256,terug,-168,MM0 P=-160:160
14.5256,terug,-168,MM1 P=-160:160
14.5756,terug,-176,"#34,YAW,0.07,GYRO,52,67,-46,ACC,-21,-4,249,ADC,1258,385,6,1,"
14.5756,terug,-176,MM0 ?S
14.5756,terug,-176,MM1 ?S
14.5756,terug,-176,MM1 S=-150:150
14.5756,terug,-176,MM0 S=-75:150
14.5756,terug,-176,MM0 !M -168 168
14.5756,terug,-176,MM1 !M -168 168
14.5756,terug,-176,MM0 +
14.5756,terug,-176,MM1 +
14.5756,terug,-176,MM1 PING
14.5756,terug,-176,MM0 PING
14.5756,terug,-176,"#35,YAW,0.07,GYRO,6,36,-40,ACC,-18,16,288,ADC,1253,384,3,3,"
14.5756,terug,-176,MM0 ?T
14.5756,terug,-176,MM1 ?T
14.5756,terug,-176,MM0 T=35:35
14.5756,terug,-176,MM1 T=37:34
14.5756,terug,-176,"#36,YAW,0.07,GYRO,-30,0,-5,ACC,-13,31,236,ADC,1261,497,5,2,"
14.5756,terug,-176,MM0 ?V
14.5756,terug,-176,MM1 ?V
14.5756,terug,-176,MM0 V=120:221:4905
14.5757,terug,-176,MM1 V=120:222:4900
14.6264,terug,-185,"#37,YAW,0.07,GYRO,-58,28,19,ACC,-8,19,240,ADC,1252,388,6,2,"
14.6264,terug,-185,MM0 ?CR
14.6264,terug,-185,MM0 CR=-27:27
14.6264,terug,-185,MM1 ?CR
14.6264,terug,-185,MM1 CR=-27:27
14.6264,terug,-185,MM0 !M -176 176
14.6264,terug,-185,MM1 !M -176 176
14.6264,terug,-185,MM0 +
14.6264,terug,-185,MM1 +
14.6264,terug,-185,MM0 PING
14.6264,terug,-185,MM1 PING
14.6264,terug,-185,"#38,YAW,0.07,GYRO,-117,7,42,ACC,-18,1,285,ADC,1256,386,6,1,"
14.6264,terug,-185,MM0 ?A
14.6264,terug,-185,MM1 ?A
14.6264,terug,-185,MM0 A=-4:5
14.6264,terug,-185,MM1 A=-4:5
14.6764,terug,-193,"#39,YAW,0.07,GYRO,-16,-17,20,ACC,-18,-33,255,ADC,1281,399,5,2,"
14.6764,terug,-193,MM0 ?AI
14.6764,terug,-193,MM1 ?AI
14.6764,terug,-193,MM0 AI=0:0:2464:2472:0:0
14.6764,terug,-193,MM1 AI=0:0:2384:2381:0:0
14.6764,terug,-193,"$GPRMC,100706.6,A,5050.53177,N,00419.37787,E,000.74,002.8,021026,000.4,E*53"
14.6764,terug,-193,MM0 !M -185 185
14.6764,terug,-193,MM1 !M -185 185
14.6764,terug,-193,MM0 +
14.6764,terug,-193,MM1 +
14.6764,terug,-193,MM0 PING
14.6764,terug,-193,MM1 PING
14.6764,terug,-193,"#40,YAW,0.07,GYRO,33,80,-26,ACC,-6,-23,215,ADC,1270,393,8,2,"
14.6764,terug,-193,MM0 ?C
14.6764,terug,-193,MM1 ?C
14.6764,terug,-193,MM0 C=564:-648
14.6764,terug,-193,MM1 C=2142:-2247
14.6764,terug,-193,MM0 !M -193 193
14.6764,terug,-193,MM1 !M -193 193
14.6764,terug,-193,MM1 +
14.6764,terug,-193,MM0 +
14.6764,terug,-193,"#41,YAW,0.07,GYRO,95,92,-53,ACC,-24,-5,233,ADC,1233,382,4,2,"
14.6764,terug,-193,MM0 ?D
14.6764,terug,-193,MM1 ?D
14.6764,terug,-193,MM0 D=2
14.6764,terug,-193,MM1 D=3
14.7269,terug,-202,"#42,YAW,0.07,GYRO,74,35,-58,ACC,-19,22,285,ADC,1225,501,7,2,"
14.7269,terug,-202,MM0 ?FF
14.7269,terug,-202,MM1 ?FF
14.7269,terug,-202,MM0 FF=0
14.7269,terug,-202,MM1 FF=0
14.7269,terug,-202,MM0 !M -202 202
14.7269,terug,-202,MM1 !M -202 202
14.7269,terug,-202,MM0 +
14.7269,terug,-202,MM1 +
14.7269,terug,-202,"#43,YAW,0.07,GYRO,-9,-3,-16,ACC,-16,37,257,ADC,1269,322,3,2,"
14.7269,terug,-202,MM0 ?P
14.7269,terug,-202,MM1 ?P
14.7269,terug,-202,MM0 P=-202:202
14.7269,terug,-202,MM1 P=-202:202
14.7476,terug,-210,"#44,YAW,0.07,GYRO,-47,77,21,ACC,-8,27,236,ADC,1239,495,5,2,"
14.7476,terug,-210,MM0 ?S
14.7476,terug,-210,MM1 ?S
14.7476,terug,-210,MM0 S=-150:150
14.7476,terug,-210,MM1 S=-150:75
14.7812,terug,-218,"#45,YAW,0.07,GYRO,-57,43,52,ACC,-10,-4,319,ADC,1226,380,4,2,"
14.7812,terug,-218,MM0 ?T
14.7812,terug,-218,MM1 ?T
14.7812,terug,-218,MM0 T=35:35
14.7812,terug,-218,MM1 T=36:34
14.7812,terug,-218,MM1 !M -210 210
14.7812,terug,-218,MM0 !M -210 210
14.7812,terug,-218,MM1 +
14.7812,terug,-218,MM0 +
14.7812,terug,-218,"#46,YAW,0.07,GYRO,-14,28,29,ACC,-16,-22,222,ADC,1246,390,5,2,"
14.7812,terug,-218,MM0 ?V
14.7812,terug,-218,MM1 ?V
14.7812,terug,-218,MM0 V=120:222:4906
14.7812,terug,-218,MM1 V=120:221:4901
14.8152,terug,-218,"#47,YAW,0.07,GYRO,83,119,-17,ACC,-9,-37,219,ADC,1235,380,4,2,"
14.8152,terug,-218,MM0 ?CR
14.8152,terug,-218,MM1 ?CR
14.8152,terug,-218,MM0 CR=-38:36
14.8152,terug,-218,MM1 CR=-37:36
14.8152,terug,-218,"#48,YAW,0.07,GYRO,50,98,-50,ACC,-10,9,303,ADC,1206,382,5,1,"
14.8152,terug,-218,MM0 ?A
14.8152,terug,-218,MM1 ?A
14.8152,terug,-218,MM0 A=-3:4
14.8152,terug,-218,MM1 A=-8:4
14.8366,terug,-227,"#49,YAW,0.07,GYRO,-47,1,-33,ACC,-10,44,260,ADC,1249,382,5,2,"
14.8366,terug,-227,MM0 ?AI
14.8366,terug,-227,MM1 ?AI
14.8366,terug,-227,MM0 AI=0:0:2443:2463:0:0
14.8366,terug,-227,MM1 AI=0:0:2363:2374:0:0
14.8704,terug,-227,"$GPRMC,100706.8,A,5050.53184,N,00419.37806,E,000.74,002.8,021026,000.4,E*57"
14.8705,terug,-227,MM0 !M -21PING
14.8705,terug,-227,MM1 !M -21PING
14.8705,terug,-227,MM0 +
14.8705,terug,-227,MM1 +
14.8705,terug,-227,"#50,YAW,0.07,GYRO,-58,104,-2,ACC,12,31,248,ADC,1275,341,5,1,"
14.8705,terug,-227,MM0 !M -227 227
14.8705,terug,-227,MM1 !M -227 227
14.8705,terug,-227,MM0 +
14.8705,terug,-227,MM1 +
14.8705,terug,-227,MM0 ?C
14.8705,terug,-227,MM1 ?C
14.8705,terug,-227,MM0 C=525:-609
14.8705,terug,-227,MM1 C=2102:-2208
14.8705,terug,-227,"#51,YAW,0.07,GYRO,-75,78,26,ACC,-11,-8,263,ADC,1306,500,5,2,"
14.8705,terug,-227,MM0 ?D
14.8705,terug,-227,MM1 ?D
14.8705,terug,-227,MM0 D=3
14.8705,terug,-227,MM1 D=3
14.8912,terug,-235,"#52,YAW,0.07,GYRO,76,79,4,ACC,-6,-54,204,ADC,1279,384,4,3,"
14.8912,terug,-235,MM0 ?FF
14.8912,terug,-235,MM1 ?FF
14.8912,terug,-235,MM0 FF=0
14.8912,terug,-235,MM1 FF=0
14.9253,terug,-235,MM1 !M -235 235
14.9253,terug,-235,MM0 !M -235 235
14.9253,terug,-235,MM1 +
14.9253,terug,-235,MM0 +
14.9253,terug,-235,"#53,YAW,0.07,GYRO,74,40,-29,ACC,-14,-24,273,ADC,1220,283,5,2,"
14.9254,terug,-235,MM0 ?P
14.9254,terug,-235,MM1 ?P
14.9254,terug,-235,MM0 P=-235:235
14.9254,terug,-235,MM1 P=-235:235
14.9785,terug,-244,"#54,YAW,0.07,GYRO,-13,-5,-24,ACC,-24,39,256,ADC,1286,390,5,2,"
14.9785,terug,-244,MM0 ?S
14.9785,terug,-244,MM1 ?S
14.9785,terug,-244,MM0 S=-150:150
14.9785,terug,-244,MM1 S=-225:150
14.9785,terug,-244,"#55,YAW,0.07,GYRO,-70,74,-6,ACC,-7,63,230,ADC,1233,388,6,1,"
14.9786,terug,-244,MM0 ?T
14.9786,terug,-244,MM1 ?T
14.9786,terug,-244,MM0 T=35:35
14.9786,terug,-244,MM1 T=37:34
14.9786,terug,-244,MM0 !M -244 244
14.9786,terug,-244,MM1 !M -244 244
14.9786,terug,-244,MM0 +
14.9786,terug,-244,MM1 +
14.9786,terug,-244,"#56,YAW,0.07,GYRO,-119,148,15,ACC,-3,23,294,ADC,1285,397,5,2,"
14.9786,terug,-244,MM0 ?V
14.9786,terug,-244,MM1 ?V
14.9786,terug,-244,MM0 V=120:221:4906
14.9786,terug,-244,MM1 V=120:222:4900
15.0293,terug,-250,"#57,YAW,0.07,GYRO,8,33,2,ACC,-12,-45,209,ADC,1253,381,5,1,"
15.0293,terug,-250,MM0 ?CR
15.0293,terug,-250,MM1 ?CR
15.0293,terug,-250,MM0 CR=-45:45
15.0293,terug,-250,MM1 CR=-45:45
15.0293,terug,-250,MM0 !M -250 250
15.0293,terug,-250,MM1 !M -250 250
15.0293,terug,-250,MM0 +
15.0293,terug,-250,MM1 +
15.0293,terug,-250,"#58,YAW,0.07,GYRO,40,38,-29,ACC,-8,-54,220,ADC,1213,380,6,1,"
15.0293,terug,-250,MM0 ?A
15.0293,terug,-250,MM1 ?A
15.0293,terug,-250,MM0 A=-7:8
15.0293,terug,-250,MM1 A=-7:8
15.0293,terug,-250,"#59,YAW,0.08,GYRO,59,175,-51,ACC,-25,27,316,ADC,1254,502,5,2,"
15.0294,terug,-250,MM0 ?AI
15.0803,terug,-250,MM1 ?AI
15.0804,terug,-250,MM0 AI=0:0:2459:2479:0:0
15.0804,terug,-250,MM1 AI=0:0:2364:2363:0:0
15.0804,terug,-250,"$GPRMC,100707.0,A,5050.53188,N,00419.37811,E,000.75,039.8,021026,000.4,E*5D"
15.0804,terug,-250,"#60,YAW,0.08,GYRO,-84,-43,1,ACC,-1,77,301,ADC,1221,383,7,2,"
15.0804,terug,-250,MM0 ?C
15.0804,terug,-250,MM1 ?C
15.0804,terug,-250,MM0 C=477:-562
15.0804,terug,-250,MM1 C=2055:-2161
15.0804,terug,-250,"#61,YAW,0.10,GYRO,-31,5,13,ACC,-16,35,221,ADC,1231,384,5,2,"
15.0805,terug,-250,MM0 ?D
15.0805,terug,-250,MM1 ?D
15.0805,terug,-250,MM0 D=3
15.0805,terug,-250,MM1 D=3
15.1315,terug,-250,"#62,YAW,0.10,GYRO,81,72,-7,ACC,-12,-32,222,ADC,1200,380,4,1,"
15.1315,terug,-250,MM0 ?FF
15.1315,terug,-250,MM1 ?FF
15.1315,terug,-250,MM0 FF=0
15.1315,terug,-250,MM1 FF=0
15.1315,terug,-250,MM0 !M -250 250
15.1315,terug,-250,MM1 !M -250 250
15.1315,terug,-250,MM0 +
15.1315,terug,-250,MM1 +
15.1315,terug,-250,MM1 PING
15.1315,terug,-250,MM0 PING
15.1315,terug,-250,"#63,YAW,0.11,GYRO,81,143,-40,ACC,5,-33,292,ADC,1229,383,5,2,"
15.1315,terug,-250,MM0 ?P
15.1315,terug,-250,MM1 ?P
15.1315,terug,-250,MM0 P=-250:250
15.1315,terug,-250,MM1 P=-250:250
15.1315,terug,-250,MM0 !M -250 250
15.1315,terug,-250,MM1 !M -250 250
15.1315,terug,-250,MM0 +
15.1315,terug,-250,MM1 +
15.1315,terug,-250,"#64,YAW,0.11,GYRO,-180,-14,-13,ACC,-2,58,260,ADC,1252,389,5,2,"
15.1315,terug,-250,MM0 ?S
15.1315,terug,-250,MM1 ?S
15.1315,terug,-250,MM0 S=-225:225
15.1813,terug,-250,MM1 S=-225:225
15.1813,terug,-250,"#65,YAW,0.11,GYRO,-10,50,-11,ACC,-12,35,297,ADC,1294,389,6,2,"
15.1813,terug,-250,MM0 ?T
15.1813,terug,-250,MM1 ?T
15.1813,terug,-250,MM0 T=35:35
15.1813,terug,-250,MM1 T=36:34
15.1813,terug,-250,MM0 !M -250 250
15.1813,terug,-250,MM1 !M -250 250
15.1813,terug,-250,MM0 +
15.1813,terug,-250,MM1 +
15.1813,terug,-250,"#66,YAW,0.11,GYRO,-6,115,-6,ACC,-5,-27,210,ADC,1217,384,4,1,"
15.1813,terug,-250,MM0 ?V
15.1813,terug,-250,MM1 ?V
15.1813,terug,-250,MM0 V=120:222:4905
15.1813,terug,-250,MM1 V=120:222:4901
15.2325,terug,-250,"#67,YAW,0.11,GYRO,168,31,-39,ACC,-3,-65,194,ADC,1249,389,6,2,"
15.2325,terug,-250,MM0 ?CR
15.2326,terug,-250,MM1 ?CR
15.2326,terug,-250,MM0 CR=-52:52
15.2326,terug,-250,MM1 CR=-51:51
15.2326,terug,-250,"#68,YAW,0.11,GYRO,-150,6,-44,ACC,-14,-6,373,ADC,1228,383,7,2,"
15.2326,terug,-250,MM0 ?A
15.2326,terug,-250,MM1 ?A
15.2326,terug,-250,MM0 A=-3:4
15.2326,terug,-250,MM1 A=-7:4
15.2326,terug,-250,MM0 !M -250 250
15.2326,terug,-250,MM1 !M -250 250
15.2326,terug,-250,MM0 +
15.2326,terug,-250,MM1 +
15.2326,terug,-250,"#69,YAW,0.11,GYRO,-22,135,-16,ACC,22,54,277,ADC,1263,502,5,1,"
15.2326,terug,-250,MM0 ?AI
15.2326,terug,-250,MM1 ?AI
15.2326,terug,-250,MM0 AI=0:0:2466:2463:0:0
15.2846,terug,-250,MM1 AI=0:0:2378:2318:0:0
15.2847,terug,-250,"$GPRMC,100707.2,A,5050.53194,N,00419.37817,E,000.75,039.9,021026,000.4,E*55"
15.2847,terug,-250,"#70,YAW,0.11,GYRO,-15,391,25,ACC,13,14,245,ADC,1295,496,7,2,"
15.2847,terug,-250,MM0 ?C
15.2847,terug,-250,MM1 ?C
15.2847,terug,-250,MM0 C=424:-508
15.2847,terug,-250,MM1 C=2002:-2108
15.2847,terug,-250,MM1 !M -250 250
15.2847,terug,-250,MM0 !M -250 250
15.2847,terug,-250,MM1 +
15.2847,terug,-250,MM0 +
15.2847,terug,-250,"#71,YAW,0.13,GYRO,-32,363,35,ACC,5,-7,218,ADC,1286,386,5,2,"
15.2847,terug,-250,MM0 ?D
15.2847,terug,-250,MM1 ?D
15.2847,terug,-250,MM0 D=56
15.2847,terug,-250,MM1 D=16
15.3323,terug,-250,"#72,YAW,0.13,GYRO,122,106,1,ACC,-16,-20,194,ADC,1251,386,5,2,"
15.3324,terug,-250,MM0 ?FF
15.3324,terug,-250,MM1 ?FF
15.3324,terug,-250,MM0 FF=0
15.3324,terug,-250,MM1 FF=0
15.3324,terug,-250,"#73,YAW,0.14,GYRO,-210,-65,-30,ACC,-16,33,259,ADC,1253,395,4,2,"
15.3324,terug,-250,MM0 ?P
15.3324,terug,-250,MM1 ?P
15.3324,terug,-250,MM0 P=-250:250
15.3324,terug,-250,MM1 P=-250:250
15.3324,terug,-250,MM0 !M -250 250
15.3324,terug,-250,MM1 !M -250 250
15.3324,terug,-250,MM0 +
15.3324,terug,-250,MM1 +
15.3324,terug,-250,"#74,YAW,0.14,GYRO,-20,-60,-40,ACC,-4,17,354,ADC,1281,501,6,2,"
15.3324,terug,-250,MM0 ?S
15.3324,terug,-250,MM1 ?S
15.3324,terug,-250,MM0 S=-225:225
15.3324,terug,-250,MM1 S=-225:225
15.3835,terug,-250,"#75,YAW,0.14,GYRO,-25,92,-33,ACC,-10,-34,168,ADC,1245,384,4,2,"
15.3835,terug,-250,MM1 ?T
15.3835,terug,-250,MM0 ?T
15.3835,terug,-250,MM0 T=35:35
15.3835,terug,-250,MM1 T=36:34
15.3835,terug,-250,MM1 !M -250 250
15.3835,terug,-250,MM0 !M -250 250
15.3835,terug,-250,MM1 +
15.3835,terug,-250,MM0 +
15.3835,terug,-250,"#76,YAW,0.14,GYRO,195,81,-47,ACC,-6,-66,203,ADC,1277,499,6,2,"
15.3835,terug,-250,MM0 ?V
15.3835,terug,-250,MM1 ?V
15.3835,terug,-250,MM0 V=120:221:4905
15.3835,terug,-250,MM1 V=120:222:4901
15.4044,terug,-250,"#77,YAW,0.14,GYRO,-110,-30,-24,ACC,-35,13,256,ADC,1238,383,5,1,"
15.4044,terug,-250,MM1 ?CR
15.4044,terug,-250,MM0 ?CR
15.4044,terug,-250,MM1 CR=-55:55
15.4044,terug,-250,MM0 CR=-54:54
15.4384,terug,-250,"#78,YAW,0.14,GYRO,39,-178,13,ACC,7,39,219,ADC,1258,384,4,2,"
15.4384,terug,-250,MM0 ?A
15.4384,terug,-250,MM1 ?A
15.4384,terug,-250,MM0 A=-3:4
15.4384,terug,-250,MM1 A=-7:4
15.4384,terug,-250,MM0 !M -250 250
15.4384,terug,-250,MM1 !M -250 250
15.4384,terug,-250,MM0 +
15.4384,terug,-250,MM1 +
15.4384,terug,-250,"#79,YAW,0.14,GYRO,46,-290,69,ACC,-44,-1,264,ADC,1230,400,4,2,"
15.4384,terug,-250,MM1 ?AI
15.4384,terug,-250,MM0 ?AI
15.4384,terug,-250,MM1 AI=0:0:2375:2378:0:0
15.4384,terug,-250,MM0 AI=0:0:2480:2494:0:0
15.4722,terug,-250,"$GPRMC,100707.4,A,5050.53203,N,00419.37823,E,000.75,039.9,021026,000.4,E*59"
15.4723,terug,-250,"#80,YAW,0.14,GYRO,15,-54,33,ACC,39,-9,418,ADC,1265,394,5,2,"
15.4723,terug,-250,MM0 ?C
15.4723,terug,-250,MM1 ?C
15.4723,terug,-250,MM0 C=370:-455
15.4723,terug,-250,MM1 C=1948:-2054
15.4723,terug,-250,MM0 !M -250 250
15.4723,terug,-250,MM0 +
15.4723,terug,-250,MM1 !M -250 250
15.4723,terug,-250,MM1 +
15.4723,terug,-250,"#81,YAW,0.16,GYRO,154,432,-22,ACC,-21,-40,222,ADC,1225,384,5,1,"
15.4723,terug,-250,MM0 ?D
15.4723,terug,-250,MM1 ?D
15.4723,terug,-250,MM0 D=11
15.4723,terug,-250,MM1 D=35
15.4931,terug,-250,"#82,YAW,0.16,GYRO,-198,-118,-37,ACC,-7,11,219,ADC,1234,383,4,2,"
15.4931,terug,-250,MM1 ?FF
15.4932,terug,-250,MM0 ?FF
15.4932,terug,-250,MM1 FF=0
15.4932,terug,-250,MM0 FF=0
15.5299,terug,-250,MM1 !M -250 250
15.5299,terug,-250,MM0 !M -250 250
15.5299,terug,-250,MM1 +
15.5299,terug,-250,MM0 +
15.5299,terug,-250,"#83,YAW,0.16,GYRO,-77,-266,-4,ACC,34,-8,336,ADC,1246,345,6,2,"
15.5299,terug,-250,MM0 ?P
15.5299,terug,-250,MM1 ?P
15.5299,terug,-250,MM0 P=-250:250
15.5299,terug,-250,MM1 P=-250:250
15.5482,terug,-250,"#84,YAW,0.16,GYRO,107,134,-24,ACC,11,-63,218,ADC,1230,385,5,1,"
15.5483,terug,-250,MM0 ?S
15.5483,terug,-250,MM1 ?S
15.5483,terug,-250,MM0 S=-225:225
15.5483,terug,-250,MM1 S=-225:225
15.5483,terug,-250,"#85,YAW,0.16,GYRO,-77,-16,-7,ACC,5,-12,225,ADC,1210,385,6,2,"
15.5483,terug,-250,MM1 ?T
15.5832,terug,-250,MM0 ?T
15.5832,terug,-250,MM1 T=36:34
15.5832,terug,-250,MM0 T=35:35
15.5832,terug,-250,MM0 !M -250 250
15.5832,terug,-250,MM1 !M -250 250
15.5832,terug,-250,MM0 +
15.5832,terug,-250,MM1 +
15.5832,terug,-250,"#86,YAW,0.16,GYRO,-176,-118,2,ACC,-16,33,290,ADC,1234,495,5,2,"
15.5832,terug,-250,MM0 ?V
15.5832,terug,-250,MM1 ?V
15.5832,terug,-250,MM0 V=120:222:4905
15.5832,terug,-250,MM1 V=120:221:4899
15.6366,terug,-250,"#87,YAW,0.16,GYRO,-2,-96,19,ACC,11,7,224,ADC,1285,389,4,1,"
15.6366,terug,-250,MM1 ?CR
15.6366,terug,-250,MM0 ?CR
15.6366,terug,-250,MM1 CR=-56:56
15.6366,terug,-250,MM0 CR=-57:57
15.6366,terug,-250,"#88,YAW,0.16,GYRO,96,202,-14,ACC,-2,-35,222,ADC,1228,382,5,2,"
15.6366,terug,-250,MM1 ?A
15.6366,terug,-250,MM0 ?A
15.6366,terug,-250,MM1 A=-3:4
15.6366,terug,-250,MM0 A=0:4
15.6366,terug,-250,"#89,YAW,0.17,GYRO,-27,28,-8,ACC,-10,7,247,ADC,1211,384,7,2,"
15.6366,terug,-250,MM1 ?AI
15.6366,terug,-250,MM0 ?AI
15.6366,terug,-250,MM1 AI=0:0:2370:2375:0:0
15.6366,terug,-250,MM0 AI=0:0:2455:2464:0:0
15.6864,terug,-250,"$GPRMC,100707.6,A,5050.53214,N,00419.37829,E,000.75,039.8,021026,000.4,E*56"
15.6864,terug,-250,"#90,YAW,0.16,GYRO,-199,-195,21,ACC,26,47,394,ADC,1240,398,5,1,"
15.6864,terug,-250,MM1 ?C
15.6864,terug,-250,MM0 ?C
15.6864,terug,-250,MM0 C=312:-397
15.6864,terug,-250,MM1 C=1891:-1997
15.6864,terug,-250,MM0 !M -250 250
15.6864,terug,-250,MM0 +
15.6864,terug,-250,MM1 !M -250 250
15.6864,terug,-250,MM1 +
15.6864,terug,-250,MM1 PING
15.6864,terug,-250,MM0 PING
15.6864,terug,-250,"#91,YAW,0.19,GYRO,187,-40,-30,ACC,29,-11,226,ADC,1271,501,7,1,"
15.6865,terug,-250,MM1 ?D
15.6865,terug,-250,MM0 ?D
15.6865,terug,-250,MM0 D=24
15.6865,terug,-250,MM1 D=1
15.7075,terug,-250,"#92,YAW,0.19,GYRO,171,-31,-74,ACC,-5,22,153,ADC,1220,385,4,2,"
15.7075,terug,-250,MM1 ?FF
15.7075,terug,-250,MM0 ?FF
15.7075,terug,-250,MM1 FF=0
15.7075,terug,-250,MM0 FF=0
15.7075,terug,-250,MM0 !M -250 250
15.7075,terug,-250,MM1 !M -250 250
15.7075,terug,-250,MM0 +
15.7075,terug,-250,MM1 +
15.7075,terug,-250,MM0 PING
15.7075,terug,-250,MM1 PING
15.7305,terug,-250,"#93,YAW,0.19,GYRO,-67,62,-59,ACC,26,52,248,ADC,1277,375,5,1,"
15.7305,terug,-250,MM0 ?P
15.7305,terug,-250,MM1 ?P
15.7305,terug,-250,MM0 P=-250:250
15.7305,terug,-250,MM1 P=-250:250
15.7305,terug,-250,"#94,YAW,0.19,GYRO,-302,-382,29,ACC,-3,129,199,ADC,1267,502,4,2,"
15.7305,terug,-250,MM1 ?S
15.7493,terug,-250,MM0 ?S
15.7493,terug,-250,MM1 S=-225:150
15.7493,terug,-250,MM0 S=-225:225
15.7493,terug,-250,"#95,YAW,0.19,GYRO,108,-169,36,ACC,9,33,356,ADC,1277,503,6,2,"
15.7493,terug,-250,MM1 ?T
15.7493,terug,-250,MM0 ?T
15.7834,terug,-250,MM1 T=36:34
15.7834,terug,-250,MM0 T=35:35
15.7834,terug,-250,MM0 !M -250 250
15.7834,terug,-250,MM1 !M -250 250
15.7834,terug,-250,MM0 +
15.7834,terug,-250,MM1 +
15.7834,terug,-250,MM0 PING
15.7834,terug,-250,MM1 PING
15.7834,terug,-250,"#96,YAW,0.19,GYRO,138,475,-19,ACC,20,-32,138,ADC,1224,379,5,2,"
15.7834,terug,-250,MM1 ?V
15.7834,terug,-250,MM0 ?V
15.7834,terug,-250,MM1 V=120:222:4901
15.7834,terug,-250,MM0 V=120:221:4907
15.8043,terug,-250,"#97,YAW,0.19,GYRO,39,-45,-52,ACC,57,-45,383,ADC,1213,384,6,2,"
15.8043,terug,-250,MM1 ?CR
15.8044,terug,-250,MM0 ?CR
15.8044,terug,-250,MM1 CR=-55:55
15.8044,terug,-250,MM0 CR=-55:55
15.8044,terug,-250,MM0 !M -250 250
15.8044,terug,-250,MM1 !M -250 250
15.8044,terug,-250,MM0 +
15.8044,terug,-250,MM1 +
15.8044,terug,-250,MM0 PING
15.8044,terug,-250,MM1 PING
15.8384,terug,-250,"#98,YAW,0.19,GYRO,-216,-124,-38,ACC,-25,57,193,ADC,1242,312,4,1,"
15.8384,terug,-250,MM1 ?A
15.8384,terug,-250,MM0 ?A
15.8384,terug,-250,MM1 A=-7:8
15.8384,terug,-250,MM0 A=-3:4
15.8384,terug,-250,MM0 !M -250 250
15.8384,terug,-250,MM1 !M -250 250
15.8384,terug,-250,MM0 +
15.8384,terug,-250,MM1 +
15.8384,terug,-250,"#99,YAW,0.20,GYRO,-129,-86,-13,ACC,-27,28,367,ADC,1209,382,5,2,"
15.8384,terug,-250,MM1 ?AI
15.8384,terug,-250,MM0 ?AI
15.8384,terug,-250,MM1 AI=0:0:2378:2376:0:0
15.8384,terug,-250,MM0 AI=0:0:2454:2333:0:0
15.8874,terug,-250,"$GPRMC,100707.8,A,5050.53226,N,00419.37837,E,000.75,039.7,021026,000.4,E*59"
15.8874,terug,-250,"#100,YAW,0.20,GYRO,70,76,-12,ACC,-7,-23,229,ADC,1254,382,5,2,"
15.8874,terug,-250,MM1 ?C
15.8875,terug,-250,MM0 ?C
15.8875,terug,-250,MM0 C=257:-342
15.8875,terug,-250,MM1 C=1836:-1943
15.8875,terug,-250,MM1 !M -250 250
15.8875,terug,-250,MM0 !M -250 250
15.8875,terug,-250,MM1 +
15.8875,terug,-250,MM0 +
15.8875,terug,-250,"#101,YAW,0.22,GYRO,164,243,-28,ACC,10,-63,165,ADC,1284,342,4,2,"
15.8875,terug,-250,MM1 ?D
15.8875,terug,-250,MM0 ?D
15.8875,terug,-250,MM1 D=35
15.8875,terug,-250,MM0 D=25
15.9391,terug,-250,"#102,YAW,0.22,GYRO,48,330,-13,ACC,-14,1,221,ADC,1244,397,5,2,"
15.9391,terug,-250,MM1 ?FF
15.9391,terug,-250,MM0 ?FF
15.9391,terug,-250,MM1 FF=0
15.9391,terug,-250,MM0 FF=0
15.9391,terug,-250,"#103,YAW,0.22,GYRO,-75,486,1,ACC,37,60,332,ADC,1265,504,7,2,"
15.9391,terug,-250,MM1 ?P
15.9391,terug,-250,MM0 ?P
15.9391,terug,-250,MM1 P=-250:250
15.9391,terug,-250,MM0 P=-250:250
15.9391,terug,-250,"#104,YAW,0.22,GYRO,-70,-32,54,ACC,4,52,368,ADC,1247,384,5,2,"
15.9391,terug,-250,MM1 ?S
15.9391,terug,-250,MM0 ?S
15.9391,terug,-250,MM1 S=-225:225
15.9391,terug,-250,MM0 S=-225:225
15.9905,terug,-250,"#105,YAW,0.22,GYRO,128,16,11,ACC,5,-65,180,ADC,1253,499,6,1,"
15.9905,terug,-250,MM1 ?T
15.9905,terug,-250,MM0 ?T
15.9905,terug,-250,MM1 T=37:34
15.9905,terug,-250,MM0 T=35:35
15.9905,terug,-250,MM0 !M -250 250
15.9905,terug,-250,MM1 !M -250 250
15.9905,terug,-250,MM0 +
15.9905,terug,-250,MM1 +
15.9905,terug,-250,MM1 PING
15.9905,terug,-250,MM0 PING
15.9905,terug,-250,MM0 !M -250 250
15.9905,terug,-250,MM1 !M -250 250
15.9905,terug,-250,MM0 +
15.9905,terug,-250,"#106,YAW,0.22,GYRO,-145,162,-13,ACC,13,-37,147,ADC,1227,332,4,2,"
15.9905,terug,-250,MM1 +
15.9905,terug,-250,MM1 ?V
15.9905,terug,-250,MM0 ?V
15.9905,terug,-250,MM1 V=120:222:4901
15.9905,terug,-250,MM0 V=120:221:4906
15.9905,terug,-250,"#107,YAW,0.22,GYRO,10,44,-25,ACC,10,-24,526,ADC,1258,390,6,1,"
15.9905,terug,-250,MM1 ?CR
15.9905,terug,-250,MM0 ?CR
16.0440,terug,-250,MM1 CR=-59:58
16.0440,terug,-250,MM0 CR=-59:58
16.0440,terug,-250,"#108,YAW,0.22,GYRO,49,53,-19,ACC,29,-16,121,ADC,1190,381,5,2,"
16.0440,terug,-250,MM1 ?A
16.0440,terug,-250,MM0 ?A
16.0440,terug,-250,MM1 A=-3:4
16.0440,terug,-250,MM0 A=-3:4
16.0440,terug,-250,"#109,YAW,0.22,GYRO,119,97,-32,ACC,4,-30,218,ADC,1282,387,5,2,"
16.0440,terug,-250,MM0 ?AI
16.0440,terug,-250,MM1 ?AI
16.0440,terug,-250,MM0 AI=0:0:2447:2456:0:0
16.0440,terug,-250,MM1 AI=0:0:2426:2399:0:0
16.0440,terug,-250,"$GPRMC,100708.0,A,5050.53242,N,00419.37857,E,000.76,039.5,021026,000.4,E*5B"
16.0800,terug,-250,"#110,YAW,0.22,GYRO,-245,-32,4,ACC,-28,54,303,ADC,1256,392,7,2,"
16.0800,terug,-250,MM0 ?C
16.0800,terug,-250,MM1 ?C
16.0800,terug,-250,MM0 C=198:-284
16.0800,terug,-250,MM1 C=1777:-1884
16.0800,terug,-250,MM0 !M -250 250
16.0800,terug,-250,MM1 !M -250 250
16.0800,terug,-250,MM1 +
16.0800,terug,-250,MM0 +
16.0800,terug,-250,MM0 PING
16.0800,terug,-250,MM1 PING
16.0800,terug,-250,"#111,YAW,0.24,GYRO,-22,87,12,ACC,23,23,365,ADC,1254,502,6,1,"
16.0800,terug,-250,MM1 ?D
16.0800,terug,-250,MM0 ?D
16.0800,terug,-250,MM1 D=18
16.0800,terug,-250,MM0 D=43
16.0800,terug,-250,MM1 !M -250 250
16.0800,terug,-250,MM0 !M -250 250
16.0800,terug,-250,MM1 +
16.0800,terug,-250,MM0 +
16.0991,terug,-250,"#112,YAW,0.24,GYRO,10,111,-2,ACC,-9,-44,165,ADC,1247,500,7,2,"
16.0991,terug,-250,MM0 ?FF
16.0991,terug,-250,MM1 ?FF
16.0991,terug,-250,MM0 FF=0
16.0991,terug,-250,MM1 FF=0
16.1332,terug,-250,"#113,YAW,0.24,GYRO,100,34,-28,ACC,11,-82,226,ADC,1257,500,5,1,"
16.1332,terug,-250,MM1 ?P
16.1332,terug,-250,MM0 ?P
16.1332,terug,-250,MM0 P=-250:250
16.1332,terug,-250,MM1 P=-250:250
16.1332,terug,-250,MM0 !M -250 250
16.1332,terug,-250,MM1 !M -250 250
16.1332,terug,-250,MM0 +
16.1332,terug,-250,MM1 +
16.1332,terug,-250,"#114,YAW,0.24,GYRO,-200,148,-29,ACC,-10,15,368,ADC,1273,394,5,1,"
16.1332,terug,-250,MM1 ?S
16.1332,terug,-250,MM0 ?S
16.1332,terug,-250,MM1 S=-150:150
16.1332,terug,-250,MM0 S=-225:225
16.1540,terug,-250,"#115,YAW,0.24,GYRO,82,-143,-16,ACC,-1,23,317,ADC,1224,502,4,2,"
16.1540,terug,-250,MM1 ?T
16.1540,terug,-250,MM0 ?T
16.1540,terug,-250,MM1 T=37:34
16.1540,terug,-250,MM0 T=35:35
16.1886,terug,-250,MM0 !M -250 250
16.1886,terug,-250,MM1 !M -250 250
16.1886,terug,-250,MM0 +
16.1886,terug,-250,MM1 +
16.1886,terug,-250,"#116,YAW,0.25,GYRO,-18,59,-6,ACC,-19,20,142,ADC,1238,324,5,2,"
16.1886,terug,-250,MM1 ?V
16.1886,terug,-250,MM0 ?V
16.1886,terug,-250,MM1 V=120:221:4902
16.1886,terug,-250,MM0 V=120:222:4905
16.1886,terug,-250,"#117,YAW,0.25,GYRO,156,43,-12,ACC,14,-52,216,ADC,1232,384,5,2,"
16.2424,terug,-250,MM0 ?CR
16.2424,terug,-250,MM1 ?CR
16.2424,terug,-250,MM0 CR=-57:57
16.2424,terug,-250,MM1 CR=-57:57
16.2424,terug,-250,"#118,YAW,0.25,GYRO,-166,161,-28,ACC,-26,14,361,ADC,1255,390,6,1,"
16.2424,terug,-250,MM0 ?A
16.2424,terug,-250,MM1 ?A
16.2424,terug,-250,MM1 A=-3:4
16.2424,terug,-250,MM0 A=0:0
16.2424,terug,-250,MM1 !M -250 250
16.2424,terug,-250,MM0 !M -250 250
16.2424,terug,-250,MM1 +
16.2424,terug,-250,MM0 +
16.2424,terug,-250,"#119,YAW,0.25,GYRO,-76,-180,-29,ACC,16,32,233,ADC,1264,398,5,2,"
16.2425,terug,-250,MM0 ?AI
16.2425,terug,-250,MM1 ?AI
16.2425,terug,-250,MM0 AI=0:0:2464:2473:0:0
16.2425,terug,-250,MM1 AI=0:0:2404:2372:0:0
16.2425,terug,-250,"$GPRMC,100708.2,A,5050.53254,N,00419.37876,E,000.77,039.3,021026,000.4,E*5A"
16.2948,terug,-250,"#120,YAW,0.25,GYRO,-25,90,-52,ACC,-8,-11,198,ADC,1233,382,5,2,"
16.2949,terug,-250,MM0 ?C
16.2949,terug,-250,MM1 ?C
16.2949,terug,-250,MM0 C=141:-227
16.2949,terug,-250,MM1 C=1721:-1828
16.2949,terug,-250,"#121,YAW,0.27,GYRO,154,116,-59,ACC,14,-39,148,ADC,1250,389,7,2,"
16.2949,terug,-250,MM0 ?D
16.2949,terug,-250,MM1 ?D
16.2949,terug,-250,MM0 D=33
16.2949,terug,-250,MM1 D=50
16.2949,terug,-250,MM0 !M -250 250
16.2949,terug,-250,MM0 +
16.2949,terug,-250,MM1 !M -250 250
16.2949,terug,-250,MM1 +
16.2949,terug,-250,"#122,YAW,0.27,GYRO,-103,101,-52,ACC,-60,76,330,ADC,1232,387,3,1,"
16.2949,terug,-250,MM0 ?FF
16.2949,terug,-250,MM1 ?FF
16.2949,terug,-250,MM0 FF=0
16.2949,terug,-250,MM1 FF=0
16.3485,terug,-250,"#123,YAW,0.27,GYRO,-243,-159,8,ACC,8,51,299,ADC,1314,386,7,2,"
16.3485,terug,-250,MM0 ?P
16.3485,terug,-250,MM1 ?P
16.3485,terug,-250,MM0 P=-250:250
16.3486,terug,-250,MM1 P=-250:250
16.3486,terug,-250,MM0 !M -250 250
16.3486,terug,-250,MM1 !M -250 250
16.3486,terug,-250,MM0 +
16.3486,terug,-250,MM1 +
16.3486,terug,-250,"#124,YAW,0.27,GYRO,17,139,7,ACC,-5,-31,221,ADC,1265,341,4,1,"
16.3486,terug,-250,MM0 ?S
16.3486,terug,-250,MM1 ?S
16.3486,terug,-250,MM0 S=-225:225
16.3486,terug,-250,MM1 S=-150:225
16.3834,terug,-250,"#125,YAW,0.27,GYRO,43,17,-18,ACC,4,-63,203,ADC,1233,502,6,2,"
16.3835,terug,-250,MM0 ?T
16.3835,terug,-250,MM1 ?T
16.3835,terug,-250,MM0 T=35:35
16.3835,terug,-250,MM1 T=36:34
16.3835,terug,-250,MM0 !M -250 250
16.3835,terug,-250,MM1 !M -250 250
16.3835,terug,-250,MM0 +
16.3835,terug,-250,MM1 +
16.3835,terug,-250,"#126,YAW,0.27,GYRO,20,59,-24,ACC,-8,-16,260,ADC,1276,410,7,2,"
16.3835,terug,-250,MM0 ?V
16.3835,terug,-250,MM1 ?V
16.3835,terug,-250,MM0 V=120:221:4906
16.3835,terug,-250,MM1 V=120:220:4901
16.4042,terug,-250,"#127,YAW,0.27,GYRO,-165,-72,5,ACC,-3,75,372,ADC,1228,383,5,2,"
16.4042,terug,-250,MM0 ?CR
16.4042,terug,-250,MM1 ?CR
16.4042,terug,-250,MM0 CR=-57:56
16.4042,terug,-250,MM1 CR=-55:55
16.4384,terug,-250,"#128,YAW,0.27,GYRO,33,26,14,ACC,11,33,220,ADC,1269,392,5,2,"
16.4384,terug,-250,MM0 ?A
16.4384,terug,-250,MM1 ?A
16.4384,terug,-250,MM1 A=-3:4
16.4384,terug,-250,MM0 A=0:0
16.4385,terug,-250,MM1 !M -250 250
16.4385,terug,-250,MM0 !M -250 250
16.4385,terug,-250,MM1 +
16.4385,terug,-250,MM0 +
16.4385,terug,-250,"#129,YAW,0.27,GYRO,24,60,0,ACC,18,-44,198,ADC,1223,384,6,1,"
16.4385,terug,-250,MM0 ?AI
16.4385,terug,-250,MM1 ?AI
16.4385,terug,-250,MM0 AI=0:0:2460:2451:0:0
16.4385,terug,-250,MM1 AI=0:0:2381:2410:0:0
16.4591,terug,-250,"$GPRMC,100708.4,A,5050.53262,N,00419.37888,E,000.78,039.1,021026,000.4,E*55"
16.4592,terug,-250,"#130,YAW,0.27,GYRO,157,126,-18,ACC,-8,-42,245,ADC,1232,383,7,3,"
16.4592,terug,-250,MM0 ?C
16.4592,terug,-250,MM1 ?C
16.4592,terug,-250,MM1 C=1665:-1772
16.4592,terug,-250,MM0 C=84:-171
16.4932,terug,-250,"#131,YAW,0.29,GYRO,-163,3,-2,ACC,-4,65,391,ADC,1272,384,6,1,"
16.4932,terug,-250,MM0 ?D
16.4932,terug,-250,MM1 ?D
16.4932,terug,-250,MM0 D=32
16.4932,terug,-250,MM1 D=50
16.4932,terug,-250,MM0 !M -250 250
16.4932,terug,-250,MM1 !M -250 250
16.4932,terug,-250,MM0 +
16.4932,terug,-250,MM1 +
16.4932,terug,-250,"#132,YAW,0.29,GYRO,105,294,-14,ACC,4,36,231,ADC,1236,397,6,2,"
16.4932,terug,-250,MM0 ?FF
16.4932,terug,-250,MM1 ?FF
16.4932,terug,-250,MM0 FF=0
16.4933,terug,-250,MM1 FF=0
16.5464,terug,-250,"#133,YAW,0.29,GYRO,27,1,-6,ACC,4,-18,181,ADC,1262,497,4,2,"
16.5464,terug,-250,MM0 ?P
16.5464,terug,-250,MM1 ?P
16.5464,terug,-250,MM0 P=-250:250
16.5464,terug,-250,MM1 P=-250:250
16.5464,terug,-250,MM1 !M -250 250
16.5464,terug,-250,MM0 !M -250 250
16.5464,terug,-250,MM1 +
16.5464,terug,-250,MM0 +
16.5464,terug,-250,"#134,YAW,0.29,GYRO,168,99,-23,ACC,-16,-39,212,ADC,1239,377,3,1,"
16.5464,terug,-250,MM0 ?S
16.5464,terug,-250,MM1 ?S
16.5464,terug,-250,MM0 S=-225:225
16.5465,terug,-250,MM1 S=-225:225
16.5992,terug,-250,"#135,YAW,0.29,GYRO,-279,34,-24,ACC,27,25,391,ADC,1272,409,6,2,"
16.5992,terug,-250,MM0 ?T
16.5992,terug,-250,MM1 ?T
16.5992,terug,-250,MM0 T=35:35
16.5992,terug,-250,MM1 T=37:34
16.5992,terug,-250,"#136,YAW,0.29,GYRO,90,2,-13,ACC,0,40,275,ADC,1285,500,4,2,"
16.5993,terug,-250,MM0 ?V
16.5993,terug,-250,MM1 ?V
16.5993,terug,-250,MM0 V=120:222:4905
16.5993,terug,-250,MM1 V=120:221:4901
16.5993,terug,-250,"#137,YAW,0.29,GYRO,-95,-86,2,ACC,14,-5,179,ADC,1237,384,5,2,"
16.5993,terug,-250,MM0 ?CR
16.5993,terug,-250,MM1 ?CR
16.5993,terug,-250,MM0 CR=-57:57
16.5993,terug,-250,MM1 CR=-57:57
16.6484,terug,-250,"#138,YAW,0.30,GYRO,141,94,-24,ACC,-1,-31,223,ADC,1253,396,5,2,"
16.6484,terug,-250,MM0 ?A
16.6484,terug,-250,MM1 ?A
16.6484,terug,-250,MM1 A=-3:0
16.6484,terug,-250,MM0 A=0:0
16.6484,terug,-250,MM0 !M -250 250
16.6484,terug,-250,MM1 !M -250 250
16.6484,terug,-250,MM0 +
16.6484,terug,-250,MM1 +
16.6484,terug,-250,MM0 PING
16.6484,terug,-250,MM1 PING
16.6485,terug,-250,MM0 !M -250 250
16.6485,terug,-250,MM1 !M -250 250
16.6485,terug,-250,MM0 +
16.6485,terug,-250,MM1 +
16.6485,terug,-250,"#139,YAW,0.30,GYRO,-224,11,2,ACC,8,27,357,ADC,1249,318,4,2,"
16.6485,terug,-250,MM0 ?AI
16.6485,terug,-250,MM1 ?AI
16.6485,terug,-250,MM0 AI=0:0:2460:2464:0:0
16.6485,terug,-250,MM1 AI=0:0:2363:2409:0:0
16.6485,terug,-250,"$GPRMC,100708.6,A,5050.53270,N,00419.37893,E,000.78,038.8,021026,000.4,E*56"
16.6975,terug,-250,"#140,YAW,0.29,GYRO,33,-140,11,ACC,-1,24,244,ADC,1253,364,4,2,"
16.6976,terug,-250,MM0 ?C
16.6976,terug,-250,MM1 ?C
16.6976,terug,-250,MM1 C=1607:-1715
16.6976,terug,-250,MM0 C=26:-114
16.6976,terug,-250,"#141,YAW,0.31,GYRO,-19,49,0,ACC,4,-13,201,ADC,1254,407,5,2,"
16.6976,terug,-250,MM0 ?D
16.6976,terug,-250,MM1 ?D
16.6976,terug,-250,MM0 D=18
16.6976,terug,-250,MM1 D=35
16.6976,terug,-250,MM0 !M -250 250
16.6976,terug,-250,MM1 !M -250 250
16.6976,terug,-250,MM0 +
16.6976,terug,-250,MM1 +
16.6976,terug,-250,"#142,YAW,0.31,GYRO,52,151,-19,ACC,9,-19,252,ADC,1277,502,6,2,"
16.6976,terug,-250,MM0 ?FF
16.6976,terug,-250,MM1 ?FF
16.6976,terug,-250,MM0 FF=0
16.6976,terug,-250,MM1 FF=0
16.7523,terug,-250,"#143,YAW,0.31,GYRO,-169,-120,13,ACC,-12,53,332,ADC,1236,384,6,2,"
16.7523,terug,-250,MM0 ?P
16.7523,terug,-250,MM1 ?P
16.7523,terug,-250,MM0 P=-250:250
16.7523,terug,-250,MM1 P=-250:250
16.7523,terug,-250,"#144,YAW,0.31,GYRO,38,-63,20,ACC,13,16,281,ADC,1243,381,4,2,"
16.7523,terug,-250,MM0 ?S
16.7523,terug,-250,MM1 ?S
16.7523,terug,-250,MM0 S=-225:225
16.7523,terug,-250,MM1 S=-150:225
16.7523,terug,-250,MM0 !M -250 250
16.7523,terug,-250,MM1 !M -250 250
16.7523,terug,-250,MM0 +
16.7523,terug,-250,MM1 +
16.7523,terug,-250,"#145,YAW,0.31,GYRO,65,182,-9,ACC,23,-29,191,ADC,1251,500,4,1,"
16.7523,terug,-250,MM0 ?T
16.7523,terug,-250,MM1 ?T
16.7523,terug,-250,MM0 T=35:35
16.7523,terug,-250,MM1 T=36:34
16.7992,terug,-250,"#146,YAW,0.31,GYRO,134,178,-30,ACC,3,-30,153,ADC,1218,380,6,1,"
16.7993,terug,-250,MM0 ?V
16.7993,terug,-250,MM1 ?V
16.7993,terug,-250,MM0 V=120:221:4906
16.7993,terug,-250,MM1 V=120:220:4901
16.7993,terug,-250,"#147,YAW,0.31,GYRO,-285,-62,-24,ACC,8,49,468,ADC,1257,505,5,1,"
16.7993,terug,-250,MM0 ?CR
16.7993,terug,-250,MM1 ?CR
16.7993,terug,-250,MM0 CR=-58:57
16.7993,terug,-250,MM1 CR=-58:57
16.8495,terug,-250,"#148,YAW,0.31,GYRO,22,68,3,ACC,-9,56,310,ADC,1247,388,4,1,"
16.8495,terug,-250,MM1 ?A
16.8495,terug,-250,MM0 ?A
16.8495,terug,-250,MM1 A=-3:4
16.8495,terug,-250,MM0 A=0:4
16.8495,terug,-250,MM0 !M -250 250
16.8495,terug,-250,MM1 !M -250 250
16.8495,terug,-250,MM0 +
16.8495,terug,-250,MM1 +
16.8495,terug,-250,MM1 PING
16.8495,terug,-250,MM0 PING
16.8495,terug,-250,MM0 !M -250 250
16.8495,terug,-250,MM1 !M -250 250
16.8495,terug,-250,MM0 +
16.8495,terug,-250,"#149,YAW,0.31,GYRO,-63,65,14,ACC,9,-8,153,ADC,1259,383,5,2,"
16.8495,terug,-250,MM1 +
16.8495,terug,-250,MM0 ?AI
16.8495,terug,-250,MM1 ?AI
16.8495,terug,-250,MM0 AI=0:0:2482:2470:0:0
16.8495,terug,-250,MM1 AI=0:0:2370:2353:0:0
16.8495,terug,-250,"$GPRMC,100708.8,A,5050.53280,N,00419.37902,E,000.79,038.6,021026,000.4,E*51"
16.8495,terug,-250,"#150,YAW,0.32,GYRO,152,100,-26,ACC,-1,-60,183,ADC,1316,356,5,1,"
16.8496,terug,-250,MM0 ?C
16.9003,terug,-250,MM1 ?C
16.9003,terug,-250,MM1 C=1550:-1658
16.9003,terug,-250,MM0 C=-31:-57
16.9003,terug,-250,"#151,YAW,0.33,GYRO,-286,5,-21,ACC,-13,13,394,ADC,1287,386,4,2,"
16.9003,terug,-250,MM0 ?D
16.9003,terug,-250,MM1 ?D
16.9003,terug,-250,MM0 D=57
16.9003,terug,-250,MM1 D=1
16.9003,terug,-250,"#152,YAW,0.33,GYRO,-24,-152,-7,ACC,10,47,240,ADC,1274,391,5,2,"
16.9003,terug,-250,MM0 ?FF
16.9003,terug,-250,MM1 ?FF
16.9003,terug,-250,MM0 FF=0
16.9003,terug,-250,MM1 FF=0
16.9514,terug,-250,"#153,YAW,0.33,GYRO,18,95,-15,ACC,3,0,198,ADC,1223,381,6,2,"
16.9514,terug,-250,MM0 ?P
16.9514,terug,-250,MM1 ?P
16.9514,terug,-250,MM0 P=-250:250
16.9514,terug,-250,MM1 P=-250:250
16.9514,terug,-250,MM0 !M -250 250
16.9514,terug,-250,MM1 !M -250 250
16.9514,terug,-250,MM0 +
16.9514,terug,-250,MM1 +
16.9514,terug,-250,MM0 PING
16.9514,terug,-250,MM1 PING
16.9514,terug,-250,"#154,YAW,0.33,GYRO,181,188,-24,ACC,2,-52,138,ADC,1229,389,4,2,"
16.9514,terug,-250,MM0 ?S
16.9514,terug,-250,MM1 ?S
16.9514,terug,-250,MM0 S=-225:225
16.9514,terug,-250,MM1 S=-225:225
16.9514,terug,-250,MM0 !M -250 250
16.9514,terug,-250,MM1 !M -250 250
16.9515,terug,-250,MM0 +
16.9515,terug,-250,MM1 +
16.9515,terug,-250,"#155,YAW,0.33,GYRO,-26,122,-25,ACC,41,83,381,ADC,1310,502,4,2,"
16.9515,terug,-250,MM0 ?T
16.9515,terug,-250,MM1 ?T
16.9515,terug,-250,MM0 T=35:35
17.0013,terug,-250,MM1 T=37:34
17.0013,terug,-250,"#156,YAW,0.33,GYRO,-145,-188,3,ACC,30,66,258,ADC,1247,499,5,2,"
17.0013,terug,-250,MM0 ?V
17.0013,terug,-250,MM1 ?V
17.0013,terug,-250,MM0 V=120:223:4904
17.0013,terug,-250,MM1 V=120:220:4901
17.0013,terug,-250,"#157,YAW,0.33,GYRO,63,164,8,ACC,-1,21,206,ADC,1266,399,6,1,"
17.0013,terug,-250,MM0 ?CR
17.0013,terug,-250,MM1 ?CR
17.0013,terug,-250,MM0 CR=-58:58
17.0013,terug,-250,MM1 CR=-57:58
17.0515,terug,-250,"#158,YAW,0.33,GYRO,86,204,-7,ACC,18,-41,143,ADC,1268,384,5,2,"
17.0515,terug,-250,MM0 ?A
17.0515,terug,-250,MM1 ?A
17.0515,terug,-250,MM0 A=0:0
17.0515,terug,-250,MM1 A=0:0
17.0515,terug,-250,MM0 !M -250 250
17.0515,terug,-250,MM1 !M -250 250
17.0515,terug,-250,MM0 +
17.0516,terug,-250,MM1 +
17.0516,terug,-250,MM0 PING
17.0516,terug,-250,MM1 PING
17.0516,terug,-250,"#159,YAW,0.33,GYRO,-184,-31,2,ACC,-32,-22,345,ADC,1286,383,4,2,"
17.0516,terug,-250,MM0 ?AI
17.0516,terug,-250,MM1 ?AI
17.0516,terug,-250,MM0 AI=0:0:2456:2473:0:0
17.0516,terug,-250,MM1 AI=0:0:2356:2379:0:0
17.0516,terug,-250,MM0 !M -250 250
17.0516,terug,-250,MM1 !M -250 250
17.0516,terug,-250,MM0 +
17.0516,terug,-250,MM1 +
17.0516,terug,-250,"$GPRMC,100709.0,A,5050.53290,N,00419.37914,E,000.79,038.4,021026,000.4,E*5C"
17.0516,terug,-250,"#160,YAW,0.33,GYRO,16,-9,-5,ACC,10,9,284,ADC,1236,319,6,1,"
17.0516,terug,-250,MM0 ?C
17.0516,terug,-250,MM1 ?C
17.1034,terug,-250,MM0 C=-90:1
17.1034,terug,-250,MM1 C=1492:-1600
17.1034,terug,-250,"#161,YAW,0.35,GYRO,64,197,-19,ACC,1,-8,157,ADC,1269,393,8,2,"
17.1034,terug,-250,MM0 ?D
17.1034,terug,-250,MM1 ?D
17.1034,terug,-250,MM1 D=50
17.1034,terug,-250,MM0 D=3
17.1034,terug,-250,MM0 !M -250 250
17.1034,terug,-250,MM1 !M -250 250
17.1034,terug,-250,MM0 +
17.1034,terug,-250,MM1 +
17.1034,terug,-250,"#162,YAW,0.35,GYRO,112,104,-26,ACC,8,-29,179,ADC,1280,501,4,2,"
17.1034,terug,-250,MM0 ?FF
17.1034,terug,-250,MM1 ?FF
17.1034,terug,-250,MM0 FF=0
17.1034,terug,-250,MM1 FF=0
17.1233,terug,-250,"#163,YAW,0.35,GYRO,-220,-57,-1,ACC,-17,36,350,ADC,1236,499,5,2,"
17.1233,terug,-250,MM0 ?P
17.1233,terug,-250,MM1 ?P
17.1233,terug,-250,MM0 P=-250:250
17.1233,terug,-250,MM1 P=-250:250
17.1571,terug,-250,"#164,YAW,0.35,GYRO,-6,159,23,ACC,13,52,351,ADC,1271,381,4,1,"
17.1571,terug,-250,MM0 ?S
17.1571,terug,-250,MM1 ?S
17.1571,terug,-250,MM0 S=-225:225
17.1572,terug,-250,MM1 S=-225:225
17.1572,terug,-250,MM1 !M -250 250
17.1572,terug,-250,MM0 !M -250 250
17.1572,terug,-250,MM1 +
17.1572,terug,-250,MM0 +
17.1572,terug,-250,"#165,YAW,0.35,GYRO,-49,96,22,ACC,2,7,155,ADC,1241,499,6,2,"
17.1572,terug,-250,MM0 ?T
17.1572,terug,-250,MM1 ?T
17.1572,terug,-250,MM0 T=35:35
17.1572,terug,-250,MM1 T=36:34
17.1913,terug,-250,"#166,YAW,0.35,GYRO,97,29,-24,ACC,2,-58,216,ADC,1220,393,4,1,"
17.1913,terug,-250,MM0 ?V
17.1913,terug,-250,MM1 ?V
17.1913,terug,-250,MM0 V=120:222:4906
17.1913,terug,-250,MM1 V=120:222:4901
17.1913,terug,-250,MM0 !M -250 250
17.1913,terug,-250,MM1 !M -250 250
17.1913,terug,-250,MM0 +
17.1913,terug,-250,MM1 +
17.1913,terug,-250,"#167,YAW,0.35,GYRO,-78,189,-35,ACC,-21,5,333,ADC,1271,393,7,2,"
17.1913,terug,-250,MM0 ?CR
17.1913,terug,-250,MM1 ?CR
17.1913,terug,-250,MM0 CR=-58:57
17.2121,terug,-250,MM1 CR=-58:57
17.2121,terug,-250,"#168,YAW,0.35,GYRO,9,-154,-14,ACC,13,12,314,ADC,1248,495,5,1,"
17.2121,terug,-250,MM0 ?A
17.2121,terug,-250,MM1 ?A
17.2121,terug,-250,MM0 A=-3:4
17.2121,terug,-250,MM1 A=-7:4
17.2476,terug,-250,MM0 !M -250 250
17.2476,terug,-250,MM1 !M -250 250
17.2476,terug,-250,MM0 +
17.2476,terug,-250,MM1 +
17.2476,terug,-250,"#169,YAW,0.35,GYRO,-15,36,-11,ACC,-28,16,180,ADC,1274,345,4,1,"
17.2476,terug,-250,MM0 ?AI
17.2476,terug,-250,MM1 ?AI
17.2476,terug,-250,MM0 AI=0:0:2444:2483:0:0
17.2476,terug,-250,MM1 AI=0:0:2365:2402:0:0
17.2476,terug,-250,"$GPRMC,100709.2,A,5050.53299,N,00419.37918,E,000.80,038.2,021026,000.4,E*5B"
17.2705,terug,-250,"#170,YAW,0.35,GYRO,108,27,-8,ACC,9,-32,177,ADC,1238,498,3,2,"
17.2705,terug,-250,MM0 ?C
17.2705,terug,-250,MM1 ?C
17.2705,terug,-250,MM1 C=1435:-1543
17.2705,terug,-250,MM0 C=-147:58
17.3083,terug,-241,"#171,YAW,0.37,GYRO,-52,308,-13,ACC,-27,91,299,ADC,1234,500,6,2,"
17.3083,terug,-241,MM0 ?D
17.3083,terug,-241,MM1 ?D
17.3083,terug,-241,MM0 D=25
17.3083,terug,-241,MM1 D=35
17.3084,terug,-241,MM0 !M -250 250
17.3084,terug,-241,MM1 !M -250 250
17.3084,terug,-241,MM0 +
17.3084,terug,-241,MM1 +
17.3084,terug,-241,"#172,YAW,0.37,GYRO,-145,-249,20,ACC,42,25,307,ADC,1255,319,5,2,"
17.3084,terug,-241,MM0 ?FF
17.3084,terug,-241,MM1 ?FF
17.3084,terug,-241,MM0 FF=0
17.3084,terug,-241,MM1 FF=0
17.3084,terug,-241,"#173,YAW,0.37,GYRO,-5,88,-6,ACC,-3,-6,207,ADC,1283,384,4,1,"
17.3084,terug,-241,MM0 ?P
17.3422,terug,-241,MM1 ?P
17.3422,terug,-241,MM0 P=-250:250
17.3422,terug,-241,MM1 P=-250:250
17.3422,terug,-241,MM1 !M -241 241
17.3422,terug,-241,MM0 !M -241 241
17.3422,terug,-241,MM1 +
17.3422,terug,-241,MM0 +
17.3422,terug,-241,"#174,YAW,0.37,GYRO,84,82,-23,ACC,12,-44,131,ADC,1268,392,6,2,"
17.3422,terug,-241,MM0 ?S
17.3422,terug,-241,MM1 ?S
17.3422,terug,-241,MM0 S=-225:225
17.3422,terug,-241,MM1 S=-150:225
17.3634,terug,-234,"#175,YAW,0.37,GYRO,-137,93,-29,ACC,-10,36,284,ADC,1288,499,6,2,"
17.3634,terug,-234,MM0 ?T
17.3634,terug,-234,MM1 ?T
17.3634,terug,-234,MM0 T=35:35
17.3634,terug,-234,MM1 T=36:34
17.3973,terug,-234,"#176,YAW,0.37,GYRO,-156,-254,8,ACC,45,67,393,ADC,1290,500,7,2,"
17.3973,terug,-234,MM0 ?V
17.3973,terug,-234,MM1 ?V
17.3973,terug,-234,MM0 V=120:222:4905
17.3973,terug,-234,MM1 V=120:221:4901
17.3973,terug,-234,MM0 !M -234 234
17.3973,terug,-234,MM1 !M -234 234
17.3973,terug,-234,MM0 +
17.3973,terug,-234,MM1 +
17.3973,terug,-234,"#177,YAW,0.37,GYRO,-11,139,-1,ACC,7,2,211,ADC,1239,501,6,1,"
17.3973,terug,-234,MM0 ?CR
17.3973,terug,-234,MM1 ?CR
17.3973,terug,-234,MM0 CR=-57:56
17.3974,terug,-234,MM1 CR=-56:56
17.4181,terug,-227,"#178,YAW,0.37,GYRO,60,29,-20,ACC,8,-58,190,ADC,1299,399,4,2,"
17.4182,terug,-227,MM0 ?A
17.4182,terug,-227,MM1 ?A
17.4182,terug,-227,MM0 A=0:0
17.4182,terug,-227,MM1 A=0:4
17.4525,terug,-227,"#179,YAW,0.37,GYRO,110,163,-21,ACC,-2,-21,239,ADC,1266,402,7,2,"
17.4525,terug,-227,MM0 ?AI
17.4525,terug,-227,MM1 ?AI
17.4525,terug,-227,MM0 AI=0:0:2464:2465:0:0
17.4525,terug,-227,MM1 AI=0:0:2382:2392:0:0
17.4525,terug,-227,MM0 !M -227 227
17.4525,terug,-227,MM1 !M -227 227
17.4525,terug,-227,MM0 +
17.4525,terug,-227,MM1 +
17.4525,terug,-227,"$GPRMC,100709.4,A,5050.53303,N,00419.37922,E,000.81,038.0,021026,000.4,E*55"
17.4525,terug,-227,"#180,YAW,0.37,GYRO,-144,-154,7,ACC,11,67,439,ADC,1262,358,5,2,"
17.4526,terug,-227,MM0 ?C
17.4526,terug,-227,MM1 ?C
17.5064,terug,-219,MM0 C=-204:114
17.5065,terug,-219,MM1 C=1379:-1488
17.5065,terug,-219,"#181,YAW,0.39,GYRO,80,56,2,ACC,33,23,193,ADC,1274,398,6,2,"
17.5065,terug,-219,MM0 ?D
17.5065,terug,-219,MM1 ?D
17.5065,terug,-219,MM1 D=51
17.5065,terug,-219,MM0 D=1
17.5065,terug,-219,MM0 !M -219 219
17.5065,terug,-219,MM1 !M -219 219
17.5065,terug,-219,MM0 +
17.5065,terug,-219,MM1 +
17.5065,terug,-219,"#182,YAW,0.39,GYRO,-12,43,-11,ACC,4,-38,186,ADC,1310,291,6,2,"
17.5065,terug,-219,MM0 ?FF
17.5065,terug,-219,MM1 ?FF
17.5065,terug,-219,MM0 FF=0
17.5065,terug,-219,MM1 FF=0
17.5475,terug,-220,"#183,YAW,0.39,GYRO,156,191,-26,ACC,8,-55,197,ADC,1299,501,4,1,"
17.5476,terug,-220,MM0 ?P
17.5476,terug,-220,MM1 ?P
17.5476,terug,-220,MM0 P=-219:219
17.5476,terug,-220,MM1 P=-219:219
17.5476,terug,-220,"#184,YAW,0.39,GYRO,-243,-58,-3,ACC,0,55,437,ADC,1244,387,4,2,"
17.5476,terug,-220,MM0 ?S
17.5476,terug,-220,MM1 ?S
17.5476,terug,-220,MM0 S=-225:225
17.5476,terug,-220,MM1 S=-225:225
17.5682,terug,-213,"#185,YAW,0.39,GYRO,141,197,-1,ACC,34,42,259,ADC,1216,382,5,2,"
17.5682,terug,-213,MM0 ?T
17.5682,terug,-213,MM1 ?T
17.5683,terug,-213,MM0 T=35:35
17.5683,terug,-213,MM1 T=37:34
17.5683,terug,-213,"#186,YAW,0.39,GYRO,-48,75,4,ACC,8,-2,203,ADC,1255,503,5,2,"
17.5683,terug,-213,MM0 ?V
17.6043,terug,-213,MM1 ?V
17.6043,terug,-213,MM0 V=120:222:4905
17.6043,terug,-213,MM1 V=120:221:4900
17.6043,terug,-213,MM0 !M -220 220
17.6043,terug,-213,MM1 !M -220 220
17.6043,terug,-213,MM0 +
17.6043,terug,-213,MM1 +
17.6043,terug,-213,MM0 PING
17.6043,terug,-213,MM1 PING
17.6043,terug,-213,"#187,YAW,0.39,GYRO,144,102,-26,ACC,-4,-36,148,ADC,1264,388,4,2,"
17.6044,terug,-213,MM0 ?CR
17.6044,terug,-213,MM1 ?CR
17.6044,terug,-213,MM0 CR=-54:54
17.6044,terug,-213,MM1 CR=-54:54
17.6584,terug,-205,"#188,YAW,0.39,GYRO,-67,176,-34,ACC,15,-13,296,ADC,1278,384,4,1,"
17.6585,terug,-205,MM0 ?A
17.6585,terug,-205,MM1 ?A
17.6585,terug,-205,MM0 A=0:0
17.6585,terug,-205,MM1 A=0:0
17.6585,terug,-205,MM0 !M -213 213
17.6585,terug,-205,MM1 !M -213 213
17.6585,terug,-205,MM0 +
17.6585,terug,-205,MM1 +
17.6585,terug,-205,MM0 PING
17.6585,terug,-205,MM1 PING
17.6585,terug,-205,"#189,YAW,0.39,GYRO,-23,22,-24,ACC,5,24,295,ADC,1271,500,7,2,"
17.6585,terug,-205,MM0 ?AI
17.6585,terug,-205,MM1 ?AI
17.6585,terug,-205,MM0 AI=0:0:2479:2462:0:0
17.6585,terug,-205,MM1 AI=0:0:2371:2130:0:0
17.6585,terug,-205,"$GPRMC,100709.6,A,5050.53306,N,00419.37919,E,000.81,037.9,021026,000.4,E*5C"
17.6585,terug,-205,MM0 !M -205 205
17.6585,terug,-205,MM0 +
17.6585,terug,-205,MM1 !M -205 205
17.6585,terug,-205,MM1 +
17.6585,terug,-205,"#190,YAW,0.39,GYRO,-47,-103,-8,ACC,0,24,238,ADC,1219,339,5,1,"
17.6585,terug,-205,MM0 ?C
17.6585,terug,-205,MM1 ?C
17.6585,terug,-205,MM0 C=-257:167
17.6585,terug,-205,MM1 C=1327:-1435
17.7074,terug,-191,"#191,YAW,0.40,GYRO,24,104,-11,ACC,16,-12,209,ADC,1301,385,5,1,"
17.7075,terug,-191,MM0 ?D
17.7075,terug,-191,MM1 ?D
17.7075,terug,-191,MM0 D=16
17.7075,terug,-191,MM1 D=59
17.7075,terug,-191,MM1 !M -191 191
17.7075,terug,-191,MM0 !M -191 191
17.7075,terug,-191,MM1 +
17.7075,terug,-191,MM0 +
17.7075,terug,-191,"#192,YAW,0.40,GYRO,77,119,-2,ACC,6,-36,251,ADC,1215,286,5,2,"
17.7075,terug,-191,MM0 ?FF
17.7075,terug,-191,MM1 ?FF
17.7075,terug,-191,MM0 FF=0
17.7075,terug,-191,MM1 FF=0
17.7583,terug,-182,"#193,YAW,0.40,GYRO,-129,-63,12,ACC,13,27,361,ADC,1260,398,5,1,"
17.7583,terug,-182,MM0 ?P
17.7583,terug,-182,MM1 ?P
17.7583,terug,-182,MM0 P=-191:191
17.7583,terug,-182,MM1 P=-191:191
17.7583,terug,-182,"#194,YAW,0.40,GYRO,-25,-120,15,ACC,17,31,250,ADC,1211,383,5,2,"
17.7584,terug,-182,MM0 ?S
17.7584,terug,-182,MM1 ?S
17.7584,terug,-182,MM0 S=-225:150
17.7584,terug,-182,MM1 S=-150:150
17.7584,terug,-182,MM0 !M -182 182
17.7584,terug,-182,MM1 !M -182 182
17.7584,terug,-182,MM0 +
17.7584,terug,-182,MM1 +
17.7584,terug,-182,"#195,YAW,0.40,GYRO,-2,108,8,ACC,31,-18,216,ADC,1255,387,5,2,"
17.7584,terug,-182,MM0 ?T
17.7584,terug,-182,MM1 ?T
17.7584,terug,-182,MM0 T=35:35
17.7584,terug,-182,MM1 T=37:34
17.8142,terug,-162,"#196,YAW,0.40,GYRO,83,141,-22,ACC,29,-54,215,ADC,1267,381,5,2,"
17.8143,terug,-162,MM0 ?V
17.8143,terug,-162,MM1 ?V
17.8143,terug,-162,MM0 V=120:225:4906
17.8143,terug,-162,MM1 V=120:222:4901
17.8143,terug,-162,"#197,YAW,0.40,GYRO,-89,61,-9,ACC,11,1,294,ADC,1231,384,7,2,"
17.8143,terug,-162,MM0 ?CR
17.8143,terug,-162,MM1 ?CR
17.8143,terug,-162,MM0 CR=-50:50
17.8143,terug,-162,MM1 CR=-49:49
17.8143,terug,-162,"#198,YAW,0.40,GYRO,-57,-96,24,ACC,21,43,273,ADC,1219,385,7,3,"
17.8143,terug,-162,MM0 ?A
17.8143,terug,-162,MM1 ?A
17.8143,terug,-162,MM0 A=0:0
17.8143,terug,-162,MM1 A=0:0
17.8484,terug,-162,MM0 !M -172 172
17.8484,terug,-162,MM1 !M -172 172
17.8484,terug,-162,MM0 +
17.8484,terug,-162,MM1 +
17.8484,terug,-162,MM0 PING
17.8484,terug,-162,MM1 PING
17.8484,terug,-162,MM0 !M -162 162
17.8484,terug,-162,MM1 !M -162 162
17.8484,terug,-162,MM0 +
17.8484,terug,-162,MM1 +
17.8484,terug,-162,"#199,YAW,0.40,GYRO,-31,-25,32,ACC,22,3,271,ADC,1227,315,5,2,"
17.8484,terug,-162,MM0 ?AI
17.8484,terug,-162,MM1 ?AI
17.8485,terug,-162,MM0 AI=0:0:2454:2451:0:0
17.8485,terug,-162,MM1 AI=0:0:2356:2359:0:0
17.8485,terug,-162,"$GPRMC,100709.8,A,5050.53313,N,00419.37914,E,000.81,037.6,021026,000.4,E*54"
17.8693,terug,-151,"#200,YAW,0.40,GYRO,8,105,6,ACC,43,-37,228,ADC,1219,332,5,2,"
17.8693,terug,-151,MM0 ?C
17.8693,terug,-151,MM1 ?C
17.8693,terug,-151,MM0 C=-305:214
17.8693,terug,-151,MM1 C=1280:-1388
17.8694,terug,-151,"#201,YAW,0.41,GYRO,58,128,-27,ACC,12,-38,193,ADC,1240,501,5,1,"
17.8694,terug,-151,MM1 ?D
17.8694,terug,-151,MM0 ?D
17.9034,terug,-151,MM0 D=33
17.9035,terug,-151,MM1 D=2
17.9035,terug,-151,MM0 !M -151 151
17.9035,terug,-151,MM1 !M -151 151
17.9035,terug,-151,MM0 +
17.9035,terug,-151,MM1 +
17.9035,terug,-151,"#202,YAW,0.42,GYRO,15,131,-42,ACC,14,8,261,ADC,1329,502,4,3,"
17.9035,terug,-151,MM1 ?FF
17.9035,terug,-151,MM0 ?FF
17.9035,terug,-151,MM1 FF=0
17.9035,terug,-151,MM0 FF=0
17.9243,terug,-154,"#203,YAW,0.42,GYRO,-87,93,-17,ACC,21,58,302,ADC,1279,389,4,2,"
17.9244,terug,-154,MM1 ?P
17.9244,terug,-154,MM0 ?P
17.9244,terug,-154,MM1 P=-151:151
17.9244,terug,-154,MM0 P=-151:151
17.9584,terug,-154,"#204,YAW,0.42,GYRO,-14,-9,4,ACC,18,23,250,ADC,1232,383,7,1,"
17.9584,terug,-154,MM1 ?S
17.9584,terug,-154,MM0 ?S
17.9584,terug,-154,MM1 S=-150:150
17.9584,terug,-154,MM0 S=-150:150
17.9584,terug,-154,MM0 !M -154 154
17.9584,terug,-154,MM0 +
17.9584,terug,-154,MM1 !M -154 154
17.9584,terug,-154,MM1 +
17.9584,terug,-154,"#205,YAW,0.42,GYRO,-81,29,12,ACC,17,-22,276,ADC,1259,498,6,2,"
17.9584,terug,-154,MM1 ?T
17.9584,terug,-154,MM0 ?T
17.9584,terug,-154,MM1 T=36:34
17.9584,terug,-154,MM0 T=35:35
17.9800,terug,-144,"#206,YAW,0.42,GYRO,-37,98,-3,ACC,20,-33,220,ADC,1231,389,6,2,"
17.9800,terug,-144,MM1 ?V
17.9800,terug,-144,MM0 ?V
17.9801,terug,-144,MM1 V=120:222:4901
17.9801,terug,-144,MM0 V=120:223:4905
18.0001,terug,-144,"#207,YAW,0.42,GYRO,55,57,-32,ACC,6,-17,235,ADC,1207,407,4,2,"
18.0002,terug,-144,MM1 ?CR
18.0002,terug,-144,MM0 ?CR
18.0002,terug,-144,MM1 CR=-41:41
18.0002,terug,-144,MM0 CR=-42:40
18.0214,terug,-133,"#208,YAW,0.42,GYRO,-22,82,-38,ACC,4,25,259,ADC,1259,389,7,2,"
18.0214,terug,-133,MM1 ?A
18.0214,terug,-133,MM0 ?A
18.0214,terug,-133,MM1 A=0:0
18.0214,terug,-133,MM0 A=0:0
18.0214,terug,-133,MM0 !M -144 144
18.0554,terug,-133,MM1 !M -144 144
18.0554,terug,-133,MM0 +
18.0554,terug,-133,MM1 +
18.0554,terug,-133,MM0 PING
18.0554,terug,-133,MM1 PING
18.0554,terug,-133,"#209,YAW,0.42,GYRO,-43,-39,2,ACC,1,43,303,ADC,1259,338,5,2,"
18.0554,terug,-133,MM1 ?AI
18.0554,terug,-133,MM0 ?AI
18.0554,terug,-133,MM1 AI=0:0:2354:2371:0:0
18.0554,terug,-133,MM0 AI=0:0:2468:2475:0:0
18.0554,terug,-133,"$GPRMC,100710.0,A,5050.53322,N,00419.37910,E,000.80,037.4,021026,000.4,E*51"
18.0554,terug,-133,"#210,YAW,0.42,GYRO,-62,-52,7,ACC,11,10,220,ADC,1302,384,5,1,"
18.0554,terug,-133,MM1 ?C
18.0555,terug,-133,MM0 ?C
18.0555,terug,-133,MM0 C=-343:252
18.0555,terug,-133,MM1 C=1241:-1350
18.0752,terug,-132,"#211,YAW,0.43,GYRO,-78,-31,6,ACC,10,-25,274,ADC,1266,384,7,2,"
18.0752,terug,-132,MM1 ?D
18.0753,terug,-132,MM0 ?D
18.0753,terug,-132,MM1 D=49
18.0753,terug,-132,MM0 D=26
18.0973,terug,-132,MM0 !M -133 133
18.0973,terug,-132,MM1 !M -133 133
18.0973,terug,-132,MM0 +
18.0973,terug,-132,MM1 +
18.0973,terug,-132,MM1 PING
18.0973,terug,-132,MM0 PING
18.0973,terug,-132,"#212,YAW,0.43,GYRO,6,86,-17,ACC,28,-36,256,ADC,1255,315,6,2,"
18.0973,terug,-132,MM1 ?FF
18.0973,terug,-132,MM0 ?FF
18.0973,terug,-132,MM1 FF=0
18.0973,terug,-132,MM0 FF=0
18.1181,terug,-122,"#213,YAW,0.43,GYRO,36,84,-35,ACC,13,-21,231,ADC,1244,383,6,2,"
18.1182,terug,-122,MM1 ?P
18.1182,terug,-122,MM0 ?P
18.1182,terug,-122,MM1 P=-133:133
18.1182,terug,-122,MM0 P=-133:133
18.1394,terug,-122,"#214,YAW,0.43,GYRO,68,60,-30,ACC,4,6,220,ADC,1264,501,4,2,"
18.1394,terug,-122,MM1 ?S
18.1394,terug,-122,MM0 ?S
18.1394,terug,-122,MM1 S=-150:75
18.1394,terug,-122,MM0 S=-75:150
18.1394,terug,-122,MM0 !M -132 132
18.1394,terug,-122,MM1 !M -132 132
18.1394,terug,-122,MM0 +
18.1394,terug,-122,MM1 +
18.1394,terug,-122,MM0 PING
18.1394,terug,-122,MM1 PING
18.1394,terug,-122,MM1 !M -122 122
18.1601,terug,-122,MM0 !M -122 122
18.1602,terug,-122,MM1 +
18.1602,terug,-122,MM0 +
18.1602,terug,-122,"#215,YAW,0.43,GYRO,31,102,-22,ACC,11,31,304,ADC,1275,280,3,1,"
18.1602,terug,-122,MM1 ?T
18.1602,terug,-122,MM0 ?T
18.1602,terug,-122,MM1 T=36:34
18.1602,terug,-122,MM0 T=35:35
18.2163,terug,-110,"#216,YAW,0.43,GYRO,-26,-3,2,ACC,23,27,261,ADC,1278,502,5,2,"
18.2164,terug,-110,MM1 ?V
18.2164,terug,-110,MM0 ?V
18.2164,terug,-110,MM1 V=120:224:4901
18.2164,terug,-110,MM0 V=120:221:4906
18.2164,terug,-110,"#217,YAW,0.43,GYRO,-28,10,6,ACC,22,1,248,ADC,1267,502,6,2,"
18.2164,terug,-110,MM1 ?CR
18.2164,terug,-110,MM0 ?CR
18.2164,terug,-110,MM1 CR=-35:34
18.2164,terug,-110,MM0 CR=-34:35
18.2164,terug,-110,"#218,YAW,0.43,GYRO,-39,27,14,ACC,23,-12,267,ADC,1283,500,5,3,"
18.2164,terug,-110,MM1 ?A
18.2164,terug,-110,MM0 ?A
18.2164,terug,-110,MM1 A=0:0
18.2164,terug,-110,MM0 A=0:0
18.2687,terug,-83,"#219,YAW,0.43,GYRO,-5,50,9,ACC,30,-14,234,ADC,1262,500,5,2,"
18.2687,terug,-83,MM1 ?AI
18.2687,terug,-83,MM0 ?AI
18.2687,terug,-83,MM1 AI=0:0:2343:2376:0:0
18.2687,terug,-83,MM0 AI=0:0:2489:2456:0:0
18.2687,terug,-83,MM0 !M -110 110
18.2687,terug,-83,MM1 !M -110 110
18.2687,terug,-83,MM0 +
18.2687,terug,-83,MM1 +
18.2687,terug,-83,"$GPRMC,100710.2,A,5050.53335,N,00419.37905,E,000.80,037.0,021026,000.4,E*55"
18.2687,terug,-83,MM0 PING
18.2687,terug,-83,MM1 PING
18.2687,terug,-83,MM1 !M -98 98
18.2687,terug,-83,MM0 !M -98 98
18.2687,terug,-83,MM0 +
18.2687,terug,-83,MM1 +
18.2687,terug,-83,"#220,YAW,0.43,GYRO,21,85,-11,ACC,23,1,243,ADC,1228,282,7,2,"
18.2687,terug,-83,MM1 ?C
18.2687,terug,-83,MM0 ?C
18.2687,terug,-83,MM0 C=-376:285
18.2688,terug,-83,MM1 C=1208:-1317
18.2688,terug,-83,"#221,YAW,0.44,GYRO,21,41,-22,ACC,19,6,244,ADC,1256,379,6,2,"
18.2688,terug,-83,MM1 ?D
18.2688,terug,-83,MM0 ?D
18.3021,terug,-83,MM1 D=49
18.3022,terug,-83,MM0 D=10
18.3022,terug,-83,MM0 !M -83 83
18.3022,terug,-83,MM1 !M -83 83
18.3022,terug,-83,MM0 +
18.3022,terug,-83,MM1 +
18.3022,terug,-83,"#222,YAW,0.44,GYRO,10,93,-27,ACC,17,9,277,ADC,1281,501,5,1,"
18.3022,terug,-83,MM1 ?FF
18.3022,terug,-83,MM0 ?FF
18.3022,terug,-83,MM1 FF=0
18.3022,terug,-83,MM0 FF=0
18.3233,terug,-92,"#223,YAW,0.44,GYRO,-10,25,-9,ACC,19,12,274,ADC,1250,492,4,2,"
18.3233,terug,-92,MM1 ?P
18.3233,terug,-92,MM0 ?P
18.3233,terug,-92,MM1 P=-83:83
18.3233,terug,-92,MM0 P=-83:83
18.3572,terug,-92,"#224,YAW,0.44,GYRO,-13,13,7,ACC,32,-2,247,ADC,1239,398,6,2,"
18.3573,terug,-92,MM1 ?S
18.3573,terug,-92,MM0 ?S
18.3573,terug,-92,MM0 S=-75:75
18.3573,terug,-92,MM1 S=-75:150
18.3573,terug,-92,MM0 !M -92 92
18.3573,terug,-92,MM1 !M -92 92
18.3573,terug,-92,MM0 +
18.3573,terug,-92,MM1 +
18.3573,terug,-92,"#225,YAW,0.44,GYRO,-22,86,-1,ACC,12,-10,248,ADC,1250,384,5,2,"
18.3573,terug,-92,MM1 ?T
18.3573,terug,-92,MM0 ?T
18.3573,terug,-92,MM1 T=37:34
18.3573,terug,-92,MM0 T=35:35
18.3781,terug,-80,"#226,YAW,0.44,GYRO,-11,43,0,ACC,22,0,274,ADC,1261,385,6,2,"
18.3781,terug,-80,MM1 ?V
18.3781,terug,-80,MM0 ?V
18.3781,terug,-80,MM1 V=120:222:4901
18.3782,terug,-80,MM0 V=120:223:4905
18.4123,terug,-80,"#227,YAW,0.44,GYRO,-12,40,-3,ACC,19,2,235,ADC,1301,386,4,2,"
18.4124,terug,-80,MM0 ?CR
18.4124,terug,-80,MM1 ?CR
18.4124,terug,-80,MM0 CR=-27:26
18.4124,terug,-80,MM1 CR=-26:26
18.4124,terug,-80,MM1 !M -80 80
18.4124,terug,-80,MM0 !M -80 80
18.4124,terug,-80,MM1 +
18.4124,terug,-80,MM0 +
18.4124,terug,-80,"#228,YAW,0.44,GYRO,4,68,-15,ACC,30,8,253,ADC,1235,382,7,2,"
18.4124,terug,-80,MM1 ?A
18.4124,terug,-80,MM0 ?A
18.4124,terug,-80,MM1 A=0:0
18.4124,terug,-80,MM0 A=0:0
18.5874,terug,0,"#229,YAW,0.44,GYRO,3,52,-25,ACC,10,1,249,ADC,1231,389,6,2,"
18.5874,terug,0,MM0 ?AI
18.5874,terug,0,MM1 ?AI
18.5874,terug,0,MM0 AI=0:0:2466:2455:0:0
18.5874,terug,0,MM1 AI=0:0:2372:2376:0:0
18.5874,terug,0,"$GPRMC,100710.4,A,5050.53346,N,00419.37908,E,000.80,036.6,021026,000.4,E*5D"
18.5874,terug,0,"#230,YAW,0.44,GYRO,19,66,-29,ACC,12,-5,231,ADC,1254,390,6,2,"
18.5874,terug,0,MM0 ?C
18.5874,terug,0,MM1 ?C
18.5874,terug,0,MM0 C=-400:308
18.5874,terug,0,MM1 C=1185:-1294
18.5874,terug,0,"#231,YAW,0.45,GYRO,18,80,-19,ACC,7,1,247,ADC,1242,403,5,1,"
18.5874,terug,0,MM1 ?D
18.5874,terug,0,MM0 ?D
18.5874,terug,0,MM0 D=49
18.5875,terug,0,MM1 D=2
18.5875,terug,0,"#232,YAW,0.45,GYRO,15,65,-4,ACC,4,6,258,ADC,1265,382,5,1,"
18.5875,terug,0,MM0 ?FF
18.5875,terug,0,MM1 ?FF
18.5875,terug,0,MM0 FF=0
18.5875,terug,0,MM1 FF=0
18.5875,terug,0,"#233,YAW,0.45,GYRO,0,61,11,ACC,8,7,261,ADC,1235,385,3,1,"
18.5875,terug,0,MM0 ?P
18.5875,terug,0,MM1 ?P
18.5875,terug,0,MM0 P=-80:80
18.5875,terug,0,MM1 P=-80:80
18.5875,terug,0,"#234,YAW,0.45,GYRO,-8,42,22,ACC,0,1,255,ADC,1255,393,6,1,"
18.5875,terug,0,MM0 ?S
18.5875,terug,0,MM1 ?S
18.5875,terug,0,MM0 S=-75:75
18.5875,terug,0,MM1 S=-75:75
18.5875,terug,0,"#235,YAW,0.45,GYRO,-21,23,21,ACC,3,-1,258,ADC,1242,386,6,2,"
18.5875,terug,0,MM0 ?T
18.5875,terug,0,MM1 ?T
18.5875,terug,0,MM0 T=35:35
18.5875,terug,0,MM1 T=36:34
18.5875,terug,0,"#236,YAW,0.45,GYRO,-16,39,2,ACC,6,0,254,ADC,1285,501,6,2,"
18.5875,terug,0,MM0 ?V
18.5875,terug,0,MM1 ?V
18.5875,terug,0,MM0 V=120:221:4906
18.5875,terug,0,MM1 V=120:222:4901
18.6000,terug,0,"#237,YAW,0.45,GYRO,-8,56,-22,ACC,5,1,260,ADC,1271,499,4,2,"
18.6000,terug,0,MM0 ?CR
18.6000,terug,0,MM1 ?CR
18.6000,terug,0,MM0 CR=-18:18
18.6000,terug,0,MM1 CR=-18:18
18.6000,terug,0,MM0 !M -65 65
18.6000,terug,0,MM1 !M -65 65
18.6000,terug,0,MM0 +
18.6000,terug,0,MM1 +
18.6000,terug,0,MM0 !M -60 60
18.6000,terug,0,MM1 !M -60 60
18.6201,terug,0,MM0 +
18.6201,terug,0,MM1 +
18.6201,terug,0,MM1 !M 0 0
18.6201,terug,0,MM0 !M 0 0
18.6201,terug,0,MM0 +
18.6202,terug,0,MM1 +
18.6202,terug,0,"#238,YAW,0.45,GYRO,-25,26,-32,ACC,13,10,259,ADC,1248,314,6,1,"
18.6202,terug,0,MM1 ?A
18.6202,terug,0,MM0 ?A
18.6202,terug,0,MM1 A=0:0
18.6202,terug,0,MM0 A=0:0
18.6675,terug,0,"#239,YAW,0.46,GYRO,-24,28,-29,ACC,126,15,299,ADC,1221,385,7,2,"
18.6676,terug,0,MM0 ?AI
18.6676,terug,0,MM1 ?AI
18.6676,terug,0,MM0 AI=0:0:2456:2454:0:0
18.6676,terug,0,MM1 AI=0:0:2374:2377:0:0
18.6676,terug,0,MM0 !M PING
18.6676,terug,0,MM1 !M PING
18.6676,terug,0,MM0 +
18.6676,terug,0,MM1 +
18.6676,terug,0,"$GPRMC,100710.6,A,5050.53354,N,00419.37906,E,000.80,036.1,021026,000.4,E*55"
18.6676,terug,0,MM0 !M 0 0
18.6676,terug,0,MM1 !M 0 0
18.6676,terug,0,MM0 +
18.6676,terug,0,MM1 +
18.6676,terug,0,"#240,YAW,0.46,GYRO,-17,36,8,ACC,50,-3,254,ADC,1230,367,5,1,"
18.6676,terug,0,MM1 ?C
18.6676,terug,0,MM0 ?C
18.6676,terug,0,MM0 C=-416:324
18.6677,terug,0,MM1 C=1169:-1278
18.7192,terug,0,"#241,YAW,0.46,GYRO,-11,81,13,ACC,62,0,239,ADC,1269,384,5,2,"
18.7192,terug,0,MM0 ?D
18.7192,terug,0,MM1 ?D
18.7192,terug,0,MM0 D=49
18.7192,terug,0,MM1 D=32
18.7192,terug,0,"#242,YAW,0.46,GYRO,-33,34,-16,ACC,28,0,260,ADC,1260,397,5,2,"
18.7193,terug,0,MM0 ?FF
18.7193,terug,0,MM1 ?FF
18.7193,terug,0,MM0 FF=0
18.7193,terug,0,MM1 FF=0
18.7193,terug,0,MM0 !M 0 0
18.7193,terug,0,MM1 !M 0 0
18.7193,terug,0,MM0 +
18.7193,terug,0,MM1 +
18.7193,terug,0,"#243,YAW,0.46,GYRO,0,60,11,ACC,34,0,253,ADC,1265,391,4,2,"
18.7193,terug,0,MM0 ?P
18.7193,terug,0,MM1 ?P
18.7193,terug,0,MM0 P=0:0
18.7193,terug,0,MM1 P=0:0
18.7582,terug,0,"#244,YAW,0.46,GYRO,-20,47,-10,ACC,32,2,247,ADC,1240,499,4,1,"
18.7582,terug,0,MM0 ?S
18.7582,terug,0,MM1 ?S
18.7582,terug,0,MM0 S=-75:0
18.7582,terug,0,MM1 S=-75:0
18.7582,terug,0,"#245,YAW,0.46,GYRO,-10,66,-40,ACC,23,1,263,ADC,1249,399,4,2,"
18.7582,terug,0,MM0 ?T
18.7582,terug,0,MM1 ?T
18.7582,terug,0,MM0 T=35:35
18.7582,terug,0,MM1 T=36:34
18.7582,terug,0,MM1 !M 0 0
18.7582,terug,0,MM0 !M 0 0
18.7582,terug,0,MM1 +
18.7582,terug,0,MM0 +
18.7792,terug,0,"#246,YAW,0.47,GYRO,-12,52,-42,ACC,15,1,260,ADC,1257,395,5,2,"
18.7793,terug,0,MM0 ?V
18.7793,terug,0,MM1 ?V
18.7793,terug,0,MM0 V=120:222:4905
18.7793,terug,0,MM1 V=120:222:4902
18.8002,terug,0,"#247,YAW,0.47,GYRO,-6,54,-13,ACC,12,4,250,ADC,1266,499,5,2,"
18.8003,terug,0,MM0 ?CR
18.8003,terug,0,MM1 ?CR
18.8003,terug,0,MM0 CR=-7:6
18.8003,terug,0,MM1 CR=-7:7
18.8003,terug,0,MM1 !M 0 0
18.8003,terug,0,MM0 !M 0 0
18.8003,terug,0,MM1 +
18.8003,terug,0,MM0 +
18.8211,terug,0,"#248,YAW,0.47,GYRO,-9,51,16,ACC,12,3,254,ADC,1229,382,5,1,"
18.8211,terug,0,MM0 ?A
18.8211,terug,0,MM1 ?A
18.8211,terug,0,MM0 A=0:0
18.8211,terug,0,MM1 A=0:0
18.8753,terug,0,"#249,YAW,0.47,GYRO,-5,43,30,ACC,15,2,251,ADC,1285,499,5,2,"
18.8753,terug,0,MM0 ?AI
18.8753,terug,0,MM1 ?AI
18.8753,terug,0,MM0 AI=0:0:2444:2476:0:0
18.8753,terug,0,MM1 AI=0:0:2393:2389:0:0
18.8753,terug,0,"$GPRMC,100710.8,A,5050.53361,N,00419.37902,E,000.80,035.6,021026,000.4,E*5D"
18.8753,terug,0,"#250,YAW,0.46,GYRO,-6,49,17,ACC,10,-2,253,ADC,1273,502,7,2,"
18.8753,terug,0,MM0 ?C
18.8753,terug,0,MM1 ?C
18.8753,terug,0,MM0 C=-418:326
18.8753,terug,0,MM1 C=1166:-1275
18.8753,terug,0,MM0 !M 0 0
18.8753,terug,0,MM1 !M 0 0
18.8753,terug,0,MM0 +
18.8754,terug,0,MM1 +
18.8754,terug,0,"#251,YAW,0.47,GYRO,-8,47,-10,ACC,3,-1,250,ADC,1263,499,4,2,"
18.8754,terug,0,MM0 ?D
18.8754,terug,0,MM1 ?D
18.8754,terug,0,MM0 D=32
18.8754,terug,0,MM1 D=19
18.9162,terug,0,"#252,YAW,0.47,GYRO,-6,53,-38,ACC,-3,1,256,ADC,1232,492,4,1,"
18.9162,terug,0,MM0 ?FF
18.9162,terug,0,MM1 ?FF
18.9162,terug,0,MM0 FF=0
18.9163,terug,0,MM1 FF=0
18.9163,terug,0,MM1 !M 0 0
18.9163,terug,0,MM0 !M 0 0
18.9163,terug,0,MM1 +
18.9163,terug,0,MM0 +
18.9163,terug,0,"#253,YAW,0.47,GYRO,-8,45,-41,ACC,-8,3,250,ADC,1291,503,7,2,"
18.9163,terug,0,MM0 ?P
18.9163,terug,0,MM1 ?P
18.9163,terug,0,MM0 P=0:0
18.9163,terug,0,MM1 P=0:0
18.9705,terug,0,"#254,YAW,0.48,GYRO,-8,59,-19,ACC,-5,3,253,ADC,1245,500,5,2,"
18.9705,terug,0,MM0 ?S
18.9705,terug,0,MM1 ?S
18.9705,terug,0,MM0 S=0:0
18.9705,terug,0,MM1 S=0:0
18.9705,terug,0,MM1 !M 0 0
18.9705,terug,0,MM0 !M 0 0
18.9705,terug,0,MM1 +
18.9705,terug,0,MM0 +
18.9705,terug,0,"#255,YAW,0.48,GYRO,-9,41,-5,ACC,-10,1,253,ADC,1240,307,4,2,"
18.9705,terug,0,MM0 ?T
18.9705,terug,0,MM1 ?T
18.9705,terug,0,MM0 T=35:35
18.9705,terug,0,MM1 T=36:34
18.9705,terug,0,"#0,YAW,0.48,GYRO,-6,48,5,ACC,-5,1,259,ADC,1215,381,6,2,"
18.9705,terug,0,MM0 ?V
18.9705,terug,0,MM1 ?V
18.9705,terug,0,MM0 V=120:224:4905
19.0223,terug,0,MM1 V=120:223:4902
19.0223,terug,0,"#1,YAW,0.47,GYRO,-10,45,11,ACC,-2,1,259,ADC,1253,399,4,2,"
19.0223,terug,0,MM0 ?CR
19.0224,terug,0,MM1 ?CR
19.0224,terug,0,MM0 CR=1:0
19.0224,terug,0,MM1 CR=1:0
19.0224,terug,0,MM0 !M 0 0
19.0224,terug,0,MM1 !M 0 0
19.0224,terug,0,MM0 +
19.0224,terug,0,MM1 +
19.0224,terug,0,"#2,YAW,0.47,GYRO,-9,44,5,ACC,1,4,252,ADC,1278,386,5,2,"
19.0224,terug,0,MM0 ?A
19.0224,terug,0,MM1 ?A
19.0224,terug,0,MM0 A=0:0
19.0224,terug,0,MM1 A=0:0
19.0723,terug,0,"#3,YAW,0.47,GYRO,-6,43,-1,ACC,3,0,256,ADC,1232,385,4,2,"
19.0723,terug,0,MM0 ?AI
19.0724,terug,0,MM1 ?AI
19.0724,terug,0,MM0 AI=0:0:2457:2466:0:0
19.0724,terug,0,MM1 AI=0:0:2360:2351:0:0
19.0724,terug,0,"$GPRMC,100711.0,A,5050.53369,N,00419.37898,E,000.80,035.0,021026,000.4,E*58"
19.0724,terug,0,"#4,YAW,0.48,GYRO,-8,48,-12,ACC,4,2,256,ADC,1252,499,5,1,"
19.0724,terug,0,MM0 ?C
19.0724,terug,0,MM1 ?C
19.0724,terug,0,MM0 C=-418:326
19.0724,terug,0,MM1 C=1167:-1276
19.0724,terug,0,MM0 !M 0 0
19.0724,terug,0,MM1 !M 0 0
19.0724,terug,0,MM0 +
19.0724,terug,0,MM1 +
19.0724,terug,0,"#5,YAW,0.48,GYRO,-7,48,-16,ACC,2,2,255,ADC,1293,386,7,2,"
19.0724,terug,0,MM0 ?D
19.0724,terug,0,MM1 ?D
19.0724,terug,0,MM0 D=32
19.0724,terug,0,MM1 D=2
19.1222,terug,0,"#6,YAW,0.48,GYRO,-9,45,-12,ACC,3,1,257,ADC,1287,388,5,2,"
19.1222,terug,0,MM0 ?FF
19.1222,terug,0,MM1 ?FF
19.1222,terug,0,MM0 FF=0
19.1222,terug,0,MM1 FF=0
19.1222,terug,0,MM1 !M 0 0
19.1222,terug,0,MM0 !M 0 0
19.1222,terug,0,MM1 +
19.1222,terug,0,MM0 +
19.1222,terug,0,"#7,YAW,0.48,GYRO,-8,48,-4,ACC,1,2,256,ADC,1273,415,6,2,"
19.1222,terug,0,MM0 ?P
19.1222,terug,0,MM1 ?P
19.1222,terug,0,MM0 P=0:0
19.1222,terug,0,MM1 P=0:0
19.1735,terug,0,"#8,YAW,0.48,GYRO,-8,44,0,ACC,4,2,256,ADC,1260,390,5,2,"
19.1735,terug,0,MM0 ?S
19.1735,terug,0,MM1 ?S
19.1735,terug,0,MM0 S=0:0
19.1735,terug,0,MM1 S=0:0
19.1735,terug,0,"#9,YAW,0.48,GYRO,-9,44,-1,ACC,3,2,257,ADC,1254,386,6,2,"
19.1736,terug,0,MM0 ?T
19.1736,terug,0,MM1 ?T
19.1736,terug,0,MM0 T=35:35
19.1736,terug,0,MM1 T=37:34
19.1736,terug,0,MM1 !M 0 0
19.1736,terug,0,MM0 !M 0 0
19.1736,terug,0,MM1 +
19.1736,terug,0,MM0 +
19.1736,terug,0,"#10,YAW,0.48,GYRO,-9,45,-5,ACC,0,4,263,ADC,1258,391,5,1,"
19.1736,terug,0,MM0 ?V
19.1736,terug,0,MM1 ?V
19.1736,terug,0,MM0 V=120:225:4904
19.1736,terug,0,MM1 V=120:222:4900
19.2244,terug,0,"#11,YAW,0.48,GYRO,-8,49,-11,ACC,3,1,257,ADC,1220,382,4,2,"
19.2244,terug,0,MM0 ?CR
19.2244,terug,0,MM1 ?CR
19.2244,terug,0,MM0 CR=0:-1
19.2244,terug,0,MM1 CR=0:-1
19.2244,terug,0,MM0 !M 0 0
19.2245,terug,0,MM1 !M 0 0
19.2245,terug,0,MM0 +
19.2245,terug,0,MM1 +
19.2245,terug,0,"#12,YAW,0.48,GYRO,-8,46,-12,ACC,4,3,256,ADC,1265,391,7,2,"
19.2245,terug,0,MM0 ?A
19.2245,terug,0,MM1 ?A
19.2245,terug,0,MM0 A=0:0
19.2245,terug,0,MM1 A=0:0
19.2763,terug,0,"#13,YAW,0.48,GYRO,-8,48,-9,ACC,1,3,256,ADC,1227,383,4,2,"
19.2763,terug,0,MM0 ?AI
19.2763,terug,0,MM1 ?AI
19.2763,terug,0,MM0 AI=0:0:2445:2462:0:0
19.2763,terug,0,MM1 AI=0:0:2368:2371:0:0
19.2763,terug,0,"$GPRMC,100711.2,A,5050.53375,N,00419.37897,E,000.80,034.4,021026,000.4,E*5D"
19.2763,terug,0,"#14,YAW,0.48,GYRO,-10,47,-8,ACC,1,0,252,ADC,1250,387,4,2,"
19.2764,terug,0,MM0 ?C
19.2764,terug,0,MM1 ?C
19.2764,terug,0,MM0 C=-418:325
19.2764,terug,0,MM1 C=1167:-1276
19.2764,terug,0,MM1 !M 0 0
19.2764,terug,0,MM0 !M 0 0
19.2764,terug,0,MM1 +
19.2764,terug,0,MM0 +
19.2764,terug,0,"#15,YAW,0.49,GYRO,-9,46,-11,ACC,0,5,256,ADC,1307,384,4,1,"
19.2764,terug,0,MM1 ?D
19.2764,terug,0,MM0 ?D
19.2764,terug,0,MM0 D=48
19.2764,terug,0,MM1 D=2
19.3254,terug,-60,"#16,YAW,0.49,GYRO,-9,46,-11,ACC,1,2,256,ADC,1250,501,4,2,"
19.3254,terug,-60,MM0 ?FF
19.3254,terug,-60,MM1 ?FF
19.3254,terug,-60,MM0 FF=0
19.3254,terug,-60,MM1 FF=0
19.3254,terug,-60,MM1 !M -60 60
19.3254,terug,-60,MM0 !M -60 60
19.3254,terug,-60,MM1 +
19.3254,terug,-60,MM0 +
19.3254,terug,-60,"#17,YAW,0.49,GYRO,-9,48,-7,ACC,2,1,255,ADC,1221,382,7,2,"
19.3254,terug,-60,MM0 ?P
19.3254,terug,-60,MM1 ?P
19.3254,terug,-60,MM0 P=-60:60
19.3254,terug,-60,MM1 P=-60:60
19.3752,terug,-60,"#18,YAW,0.49,GYRO,-7,86,-3,ACC,-23,-3,251,ADC,1265,502,6,3,"
19.3753,terug,-60,MM0 ?S
19.3753,terug,-60,MM1 ?S
19.3753,terug,-60,MM0 S=0:0
19.3753,terug,-60,MM1 S=0:0
19.3753,terug,-60,"#19,YAW,0.49,GYRO,-9,20,-19,ACC,-11,4,268,ADC,1250,387,5,1,"
19.3753,terug,-60,MM0 ?T
19.3753,terug,-60,MM1 ?T
19.3753,terug,-60,MM0 T=36:35
19.3753,terug,-60,MM1 T=36:34
19.3753,terug,-60,MM1 !M -60 60
19.3753,terug,-60,MM0 !M -60 60
19.3753,terug,-60,MM1 +
19.3753,terug,-60,MM0 +
19.3753,terug,-60,"#20,YAW,0.49,GYRO,-8,58,-29,ACC,-9,5,255,ADC,1243,502,6,2,"
19.3753,terug,-60,MM0 ?V
19.3754,terug,-60,MM1 ?V
19.3754,terug,-60,MM0 V=120:223:4904
19.3754,terug,-60,MM1 V=120:222:4899
19.4253,terug,-60,"#21,YAW,0.49,GYRO,-14,64,-36,ACC,-15,3,256,ADC,1225,498,5,2,"
19.4254,terug,-60,MM0 ?CR
19.4254,terug,-60,MM1 ?CR
19.4254,terug,-60,MM0 CR=-1:1
19.4254,terug,-60,MM1 CR=-1:1
19.4254,terug,-60,MM0 !M -60 60
19.4254,terug,-60,MM1 !M -60 60
19.4254,terug,-60,MM0 +
19.4254,terug,-60,MM1 +
19.4254,terug,-60,"#22,YAW,0.49,GYRO,-15,40,-29,ACC,-10,3,256,ADC,1295,397,7,2,"
19.4254,terug,-60,MM0 ?A
19.4254,terug,-60,MM1 ?A
19.4254,terug,-60,MM0 A=0:0
19.4254,terug,-60,MM1 A=0:0
19.4763,terug,-60,"#23,YAW,0.49,GYRO,-15,50,9,ACC,-4,2,254,ADC,1255,391,7,2,"
19.4763,terug,-60,MM0 ?AI
19.4763,terug,-60,MM1 ?AI
19.4763,terug,-60,MM0 AI=0:0:2468:2452:0:0
19.4763,terug,-60,MM1 AI=0:0:2366:2399:0:0
19.4763,terug,-60,"$GPRMC,100711.4,A,5050.53385,N,00419.37896,E,000.80,033.8,021026,000.4,E*5E"
19.4763,terug,-60,"#24,YAW,0.49,GYRO,-15,53,34,ACC,-4,1,261,ADC,1241,385,4,2,"
19.4763,terug,-60,MM0 ?C
19.4763,terug,-60,MM1 ?C
19.4763,terug,-60,MM0 C=-420:328
19.4764,terug,-60,MM1 C=1165:-1274
19.4764,terug,-60,MM0 !M -60 60
19.4764,terug,-60,MM1 !M -60 60
19.4764,terug,-60,MM0 +
19.4764,terug,-60,MM1 +
19.4764,terug,-60,"#25,YAW,0.50,GYRO,-16,49,-1,ACC,-10,1,248,ADC,1235,382,6,1,"
19.4764,terug,-60,MM0 ?D
19.4764,terug,-60,MM1 ?D
19.4764,terug,-60,MM0 D=19
19.4764,terug,-60,MM1 D=32
19.5274,terug,-60,"#26,YAW,0.50,GYRO,-13,67,-38,ACC,-2,1,255,ADC,1258,384,4,1,"
19.5274,terug,-60,MM0 ?FF
19.5274,terug,-60,MM1 ?FF
19.5274,terug,-60,MM0 FF=0
19.5274,terug,-60,MM1 FF=0
19.5274,terug,-60,MM0 !M -60 60
19.5274,terug,-60,MM1 !M -60 60
19.5274,terug,-60,MM0 +
19.5274,terug,-60,MM1 +
19.5274,terug,-60,"#27,YAW,0.50,GYRO,-13,32,-24,ACC,1,0,255,ADC,1269,339,3,2,"
19.5275,terug,-60,MM0 ?P
19.5275,terug,-60,MM1 ?P
19.5275,terug,-60,MM0 P=-60:60
19.5275,terug,-60,MM1 P=-60:60
19.5275,terug,-60,"#28,YAW,0.50,GYRO,-9,62,-32,ACC,-7,1,252,ADC,1287,501,5,2,"
19.5772,terug,-60,MM0 ?S
19.5773,terug,-60,MM1 ?S
19.5773,terug,-60,MM1 S=0:75
19.5773,terug,-60,MM0 S=0:0
19.5773,terug,-60,"#29,YAW,0.50,GYRO,-9,63,-26,ACC,-1,5,259,ADC,1258,500,5,2,"
19.5773,terug,-60,MM0 ?T
19.5773,terug,-60,MM1 ?T
19.5773,terug,-60,MM0 T=35:35
19.5773,terug,-60,MM1 T=37:34
19.5773,terug,-60,MM0 !M -60 60
19.5773,terug,-60,MM0 +
19.5773,terug,-60,MM1 !M -60 60
19.5773,terug,-60,MM1 +
19.5773,terug,-60,"#30,YAW,0.50,GYRO,-8,35,11,ACC,0,-3,255,ADC,1222,387,7,2,"
19.5773,terug,-60,MM0 ?V
19.5773,terug,-60,MM1 ?V
19.5773,terug,-60,MM0 V=120:221:4906
19.5773,terug,-60,MM1 V=120:222:4899
19.6294,terug,-60,"#31,YAW,0.50,GYRO,-8,63,-11,ACC,-4,4,263,ADC,1277,386,6,2,"
19.6295,terug,-60,MM0 ?CR
19.6295,terug,-60,MM1 ?CR
19.6295,terug,-60,MM0 CR=-5:6
19.6295,terug,-60,MM1 CR=-5:6
19.6295,terug,-60,MM0 !M -60 60
19.6295,terug,-60,MM1 !M -60 60
19.6295,terug,-60,MM0 +
19.6295,terug,-60,MM1 +
19.6295,terug,-60,"#32,YAW,0.50,GYRO,-5,58,4,ACC,-4,2,255,ADC,1253,308,4,2,"
19.6295,terug,-60,MM0 ?A
19.6295,terug,-60,MM1 ?A
19.6295,terug,-60,MM0 A=0:0
19.6295,terug,-60,MM1 A=0:0
19.6295,terug,-60,"#33,YAW,0.50,GYRO,-3,57,-11,ACC,-9,4,265,ADC,1226,390,5,2,"
19.6295,terug,-60,MM0 ?AI
19.6795,terug,-60,MM1 ?AI
19.6795,terug,-60,MM0 AI=0:0:2451:2456:0:0
19.6795,terug,-60,MM1 AI=0:0:2379:2361:0:0
19.6795,terug,-60,"$GPRMC,100711.6,A,5050.53401,N,00419.37896,E,000.80,033.1,021026,000.4,E*5E"
19.6795,terug,-60,"#34,YAW,0.50,GYRO,-2,68,-18,ACC,4,1,255,ADC,1235,382,5,2,"
19.6795,terug,-60,MM0 ?C
19.6795,terug,-60,MM1 ?C
19.6795,terug,-60,MM0 C=-427:334
19.6795,terug,-60,MM1 C=1158:-1267
19.6795,terug,-60,MM0 !M -60 60
19.6795,terug,-60,MM1 !M -60 60
19.6795,terug,-60,MM0 +
19.6796,terug,-60,MM1 +
19.6796,terug,-60,"#35,YAW,0.51,GYRO,-4,52,-17,ACC,-11,1,253,ADC,1250,389,4,1,"
19.6796,terug,-60,MM0 ?D
19.6796,terug,-60,MM1 ?D
19.6796,terug,-60,MM1 D=51
19.6796,terug,-60,MM0 D=3
19.7003,terug,-60,"#36,YAW,0.51,GYRO,1,56,-10,ACC,0,4,245,ADC,1287,384,8,2,"
19.7003,terug,-60,MM0 ?FF
19.7003,terug,-60,MM1 ?FF
19.7003,terug,-60,MM0 FF=0
19.7003,terug,-60,MM1 FF=0
19.7411,terug,-60,"#37,YAW,0.51,GYRO,13,52,-13,ACC,-10,5,273,ADC,1249,406,3,2,"
19.7412,terug,-60,MM0 ?P
19.7412,terug,-60,MM1 ?P
19.7412,terug,-60,MM0 P=-60:60
19.7412,terug,-60,MM1 P=-60:60
19.7412,terug,-60,MM0 !M -60 60
19.7412,terug,-60,MM0 +
19.7413,terug,-60,MM1 !M -60 60
19.7413,terug,-60,MM1 +
19.7413,terug,-60,"#38,YAW,0.51,GYRO,4,42,-5,ACC,-6,11,257,ADC,1239,382,6,2,"
19.7413,terug,-60,MM0 ?S
19.7413,terug,-60,MM1 ?S
19.7413,terug,-60,MM0 S=0:75
19.7413,terug,-60,MM1 S=0:75
19.8105,terug,0,"#39,YAW,0.51,GYRO,6,59,-20,ACC,-1,2,269,ADC,1250,500,5,2,"
19.8105,terug,0,MM0 ?T
19.8105,terug,0,MM1 ?T
19.8105,terug,0,MM0 T=35:35
19.8105,terug,0,MM1 T=36:34
19.8105,terug,0,MM0 !M -60 60
19.8105,terug,0,MM0 +
19.8105,terug,0,MM1 !M -60 60
19.8105,terug,0,MM1 +
19.8106,terug,0,"#40,YAW,0.51,GYRO,-6,32,-1,ACC,-2,-5,260,ADC,1267,502,7,2,"
19.8106,terug,0,MM0 ?V
19.8106,terug,0,MM1 ?V
19.8106,terug,0,MM0 V=120:222:4906
19.8106,terug,0,MM1 V=120:222:4900
19.8106,terug,0,MM1 !M 0 0
19.8106,terug,0,MM0 !M 0 0
19.8106,terug,0,MM1 +
19.8106,terug,0,"#41,YAW,0.51,GYRO,-19,32,-16,ACC,15,3,258,ADC,1235,357,6,2,"
19.8106,terug,0,MM0 +
19.8106,terug,0,MM0 ?CR
19.8106,terug,0,MM1 ?CR
19.8106,terug,0,MM1 CR=-10:9
19.8106,terug,0,MM0 CR=-10:9
19.8106,terug,0,MM0 !M 0 0
19.8106,terug,0,MM1 !M 0 0
19.8106,terug,0,MM0 +
19.8106,terug,0,MM1 +
19.8106,terug,0,"#42,YAW,0.51,GYRO,-21,33,-6,ACC,1,0,251,ADC,1261,383,5,2,"
19.8106,terug,0,MM0 ?A
19.8106,terug,0,MM1 ?A
19.8106,terug,0,MM0 A=0:0
19.8613,terug,0,MM1 A=0:0
19.8613,terug,0,"#43,YAW,0.51,GYRO,-18,-13,-23,ACC,54,11,243,ADC,1239,502,4,1,"
19.8613,terug,0,MM0 ?AI
19.8613,terug,0,MM1 ?AI
19.8613,terug,0,MM0 AI=0:0:2466:2462:0:0
19.8613,terug,0,MM1 AI=0:0:2395:2380:0:0
19.8613,terug,0,"$GPRMC,100711.8,A,5050.53409,N,00419.37895,E,000.80,032.5,021026,000.4,E*5E"
19.8613,terug,0,MM0 !M 0 0
19.8613,terug,0,MM1 !M 0 0
19.8613,terug,0,MM0 +
19.8613,terug,0,MM1 +
19.8613,terug,0,"#44,YAW,0.51,GYRO,-14,70,-12,ACC,37,7,252,ADC,1297,318,5,2,"
19.8613,terug,0,MM0 ?C
19.8613,terug,0,MM1 ?C
19.8614,terug,0,MM0 C=-435:343
19.8614,terug,0,MM1 C=1150:-1259
19.8951,terug,0,"#45,YAW,0.51,GYRO,4,48,-7,ACC,28,2,270,ADC,1269,500,7,2,"
19.8952,terug,0,MM0 ?D
19.8952,terug,0,MM1 ?D
19.8952,terug,0,MM1 D=49
19.8952,terug,0,MM0 D=3
19.8952,terug,0,"#46,YAW,0.51,GYRO,-11,33,-20,ACC,23,2,258,ADC,1247,390,3,1,"
19.8952,terug,0,MM0 ?FF
19.8952,terug,0,MM1 ?FF
19.8952,terug,0,MM0 FF=0
19.8952,terug,0,MM1 FF=0
19.9161,terug,0,"#47,YAW,0.51,GYRO,-11,54,10,ACC,24,2,250,ADC,1262,499,5,2,"
19.9161,terug,0,MM0 ?P
19.9162,terug,0,MM1 ?P
19.9162,terug,0,MM0 P=0:0
19.9162,terug,0,MM1 P=0:0
19.9504,terug,0,MM0 !M 0 0PING
19.9504,terug,0,MM0 +
19.9504,terug,0,MM1 !M 0 0PING
19.9504,terug,0,MM1 +
19.9504,terug,0,MM0 !M 0 0
19.9504,terug,0,MM1 !M 0 0
19.9504,terug,0,MM0 +
19.9504,terug,0,MM1 +
19.9504,terug,0,"#48,YAW,0.51,GYRO,-11,42,10,ACC,24,4,255,ADC,1267,311,5,2,"
19.9504,terug,0,MM0 ?S
19.9504,terug,0,MM1 ?S
19.9504,terug,0,MM0 S=0:0
19.9504,terug,0,MM1 S=0:0
19.9504,terug,0,"#49,YAW,0.51,GYRO,-9,47,-7,ACC,19,1,253,ADC,1245,502,5,2,"
19.9504,terug,0,MM0 ?T
19.9504,terug,0,MM1 ?T
19.9504,terug,0,MM0 T=35:35
19.9718,terug,0,MM1 T=37:34
19.9718,terug,0,"#50,YAW,0.51,GYRO,-9,59,-26,ACC,12,1,252,ADC,1216,381,4,2,"
19.9718,terug,0,MM0 ?V
19.9718,terug,0,MM1 ?V
19.9719,terug,0,MM0 V=120:222:4905
20.0053,terug,0,MM1 V=120:220:4901
20.0053,terug,0,MM0 !M 0 0
20.0053,terug,0,MM1 !M 0 0
20.0053,terug,0,MM0 +
20.0053,terug,0,MM1 +
20.0053,terug,0,"#51,YAW,0.51,GYRO,-7,54,-21,ACC,10,3,260,ADC,1230,503,4,2,"
20.0053,terug,0,MM1 ?CR
20.0053,terug,0,MM0 ?CR
20.0053,terug,0,MM1 CR=-3:3
20.0054,terug,0,MM0 CR=-3:3
20.0593,terug,0,"#52,YAW,0.51,GYRO,-9,47,-9,ACC,7,3,248,ADC,1204,384,6,2,"
20.0593,terug,0,MM0 ?A
20.0593,terug,0,MM1 ?A
20.0593,terug,0,MM0 A=0:0
20.0593,terug,0,MM1 A=0:0
20.0593,terug,0,"#53,YAW,0.51,GYRO,-10,56,-2,ACC,4,6,255,ADC,1239,395,5,1,"
20.0594,terug,0,MM1 ?AI
20.0594,terug,0,MM0 ?AI
20.0594,terug,0,MM1 AI=0:0:2375:2395:0:0
20.0594,terug,0,MM0 AI=0:0:2470:2466:0:0
20.0594,terug,0,"$GPRMC,100712.0,A,5050.53420,N,00419.37893,E,000.81,031.7,021026,000.4,E*58"
20.0594,terug,0,MM1 !M 0 0
20.0594,terug,0,MM0 !M 0 0
20.0594,terug,0,MM0 +
20.0595,terug,0,MM1 +
20.0595,terug,0,"#54,YAW,0.51,GYRO,-8,51,-2,ACC,7,0,255,ADC,1245,300,5,2,"
20.0595,terug,0,MM0 ?C
20.0595,terug,0,MM1 ?C
20.0595,terug,0,MM0 C=-437:344
20.0595,terug,0,MM1 C=1148:-1258
20.1094,terug,0,"#55,YAW,0.51,GYRO,-10,51,-11,ACC,1,1,251,ADC,1269,499,5,2,"
20.1095,terug,0,MM0 ?D
20.1095,terug,0,MM1 ?D
20.1095,terug,0,MM0 D=17
20.1095,terug,0,MM1 D=48
20.1095,terug,0,MM0 !M 0 0
20.1095,terug,0,MM1 !M 0 0
20.1095,terug,0,MM0 +
20.1095,terug,0,MM1 +
20.1095,terug,0,"#56,YAW,0.52,GYRO,-9,53,-19,ACC,-1,3,248,ADC,1232,339,4,2,"
20.1095,terug,0,MM0 ?FF
20.1095,terug,0,MM1 ?FF
20.1095,terug,0,MM0 FF=0
20.1095,terug,0,MM1 FF=0
20.1095,terug,0,"#57,YAW,0.52,GYRO,-10,50,-14,ACC,-6,6,263,ADC,1240,381,5,2,"
20.1095,terug,0,MM0 ?P
20.1095,terug,0,MM1 ?P
20.1601,terug,0,MM0 P=0:0
20.1601,terug,0,MM1 P=0:0
20.1601,terug,0,"#58,YAW,0.52,GYRO,-9,51,-10,ACC,-5,2,253,ADC,1250,386,7,1,"
20.1601,terug,0,MM0 ?S
20.1602,terug,0,MM1 ?S
20.1602,terug,0,MM1 S=75:0
20.1602,terug,0,MM0 S=0:0
20.1602,terug,0,MM1 !M 0 0
20.1602,terug,0,MM0 !M 0 0
20.1602,terug,0,MM1 +
20.1602,terug,0,MM0 +
20.1602,terug,0,"#59,YAW,0.52,GYRO,-12,46,-6,ACC,-8,1,252,ADC,1282,395,6,2,"
20.1602,terug,0,MM0 ?T
20.1602,terug,0,MM1 ?T
20.1602,terug,0,MM0 T=35:35
20.1602,terug,0,MM1 T=36:34
20.2113,terug,0,"#60,YAW,0.52,GYRO,-9,48,-8,ACC,-1,1,255,ADC,1262,497,5,3,"
20.2113,terug,0,MM0 ?V
20.2113,terug,0,MM1 ?V
20.2113,terug,0,MM0 V=120:221:4905
20.2114,terug,0,MM1 V=120:222:4901
20.2114,terug,0,"#61,YAW,0.52,GYRO,-11,45,-12,ACC,-2,2,259,ADC,1229,378,6,2,"
20.2114,terug,0,MM0 !M 0 0
20.2114,terug,0,MM0 +
20.2114,terug,0,MM1 !M 0 0
20.2114,terug,0,MM1 +
20.2114,terug,0,MM0 ?CR
20.2114,terug,0,MM1 ?CR
20.2114,terug,0,MM1 CR=1:-1
20.2114,terug,0,MM0 CR=1:0
20.2114,terug,0,"#62,YAW,0.52,GYRO,-10,43,-12,ACC,1,3,255,ADC,1252,406,4,1,"
20.2114,terug,0,MM1 ?A
20.2114,terug,0,MM0 ?A
20.2114,terug,0,MM1 A=0:0
20.2114,terug,0,MM0 A=0:0
20.2612,terug,0,"#63,YAW,0.52,GYRO,-9,47,-8,ACC,0,2,256,ADC,1267,383,6,2,"
20.2612,terug,0,MM0 ?AI
20.2612,terug,0,MM1 ?AI
20.2612,terug,0,MM0 AI=0:0:2450:2468:0:0
20.2612,terug,0,MM1 AI=0:0:2366:2360:0:0
20.2612,terug,0,"$GPRMC,100712.2,A,5050.53425,N,00419.37892,E,000.81,031.0,021026,000.4,E*59"
20.2612,terug,0,MM0 !M 0 0
20.2612,terug,0,MM1 !M 0 0
20.2612,terug,0,MM0 +
20.2612,terug,0,MM1 +
20.2612,terug,0,"#64,YAW,0.52,GYRO,-10,44,-4,ACC,5,1,254,ADC,1243,353,5,2,"
20.2613,terug,0,MM0 ?C
20.2613,terug,0,MM1 ?C
20.2613,terug,0,MM0 C=-436:344
20.2613,terug,0,MM1 C=1149:-1258
20.3123,terug,0,"#65,YAW,0.52,GYRO,-9,47,-7,ACC,5,1,258,ADC,1269,382,5,2,"
20.3123,terug,0,MM0 ?D
20.3123,terug,0,MM1 ?D
20.3123,terug,0,MM0 D=27
20.3123,terug,0,MM1 D=49
20.3123,terug,0,"#66,YAW,0.52,GYRO,-9,47,-8,ACC,4,2,253,ADC,1253,383,7,2,"
20.3123,terug,0,MM0 ?FF
20.3123,terug,0,MM1 ?FF
20.3123,terug,0,MM0 FF=0
20.3123,terug,0,MM1 FF=0
20.3123,terug,0,MM0 !M 0 0
20.3123,terug,0,MM1 !M 0 0
20.3123,terug,0,MM0 +
20.3123,terug,0,MM1 +
20.3123,terug,0,"#67,YAW,0.52,GYRO,-9,46,-11,ACC,4,3,256,ADC,1268,397,4,2,"
20.3123,terug,0,MM0 ?P
20.3123,terug,0,MM1 ?P
20.3123,terug,0,MM0 P=0:0
20.3123,terug,0,MM1 P=0:0
20.3633,terug,0,"#68,YAW,0.52,GYRO,-9,48,-11,ACC,6,2,259,ADC,1236,501,4,2,"
20.3633,terug,0,MM0 ?S
20.3634,terug,0,MM1 ?S
20.3634,terug,0,MM0 S=0:0
20.3634,terug,0,MM1 S=0:0
20.3634,terug,0,MM1 !M 0 0
20.3634,terug,0,MM0 !M 0 0
20.3634,terug,0,MM0 +
20.3634,terug,0,MM1 +
20.3634,terug,0,"#69,YAW,0.52,GYRO,-8,47,-9,ACC,2,2,255,ADC,1254,502,5,2,"
20.3634,terug,0,MM0 ?T
20.3634,terug,0,MM1 ?T
20.3634,terug,0,MM0 T=35:35
20.3634,terug,0,MM1 T=37:34
20.4161,terug,0,"#70,YAW,0.52,GYRO,-9,47,-7,ACC,3,1,258,ADC,1256,385,7,2,"
20.4162,terug,0,MM1 ?V
20.4162,terug,0,MM0 ?V
20.4162,terug,0,MM1 V=120:222:4902
20.4162,terug,0,MM0 V=120:222:4908
20.4162,terug,0,"#71,YAW,0.52,GYRO,-10,49,-8,ACC,5,1,259,ADC,1287,390,5,2,"
20.4162,terug,0,MM1 ?CR
20.4162,terug,0,MM0 ?CR
20.4162,terug,0,MM1 CR=0:0
20.4162,terug,0,MM0 CR=0:0
20.4162,terug,0,MM0 !M 0 0
20.4162,terug,0,MM1 !M 0 0
20.4162,terug,0,MM0 +
20.4162,terug,0,MM1 +
20.4162,terug,0,"#72,YAW,0.52,GYRO,-9,46,-11,ACC,-1,3,257,ADC,1289,392,4,2,"
20.4162,terug,0,MM1 ?A
20.4162,terug,0,MM0 ?A
20.4162,terug,0,MM1 A=0:0
20.4162,terug,0,MM0 A=0:0
20.4645,terug,0,"#73,YAW,0.52,GYRO,-10,49,-14,ACC,2,2,256,ADC,1260,500,4,2,"
20.4645,terug,0,MM0 ?AI
20.4645,terug,0,MM1 ?AI
20.4645,terug,0,MM0 AI=0:0:2450:2472:0:0
20.4645,terug,0,MM1 AI=0:0:2370:2373:0:0
20.4645,terug,0,"$GPRMC,100712.4,A,5050.53432,N,00419.37890,E,000.81,030.2,021026,000.4,E*58"
20.4645,terug,0,MM0 !M 0 0
20.4645,terug,0,MM1 !M 0 0
20.4645,terug,0,MM0 +
20.4645,terug,0,MM1 +
20.4645,terug,0,"#74,YAW,0.52,GYRO,-9,46,-10,ACC,3,1,259,ADC,1247,368,6,2,"
20.4645,terug,0,MM0 ?C
20.4645,terug,0,MM1 ?C
20.4645,terug,0,MM0 C=-436:344
20.4646,terug,0,MM1 C=1149:-1258
20.5165,terug,0,"#75,YAW,0.52,GYRO,-10,47,-9,ACC,2,3,257,ADC,1224,395,4,2,"
20.5165,terug,0,MM0 ?D
20.5165,terug,0,MM1 ?D
20.5165,terug,0,MM0 D=19
20.5165,terug,0,MM1 D=57
20.5165,terug,0,"#76,YAW,0.52,GYRO,-8,48,-8,ACC,2,1,253,ADC,1260,393,6,2,"
20.5165,terug,0,MM0 ?FF
20.5165,terug,0,MM1 ?FF
20.5165,terug,0,MM0 FF=0
20.5166,terug,0,MM1 FF=0
20.5166,terug,0,MM0 !M 0 0
20.5166,terug,0,MM1 !M 0 0
20.5166,terug,0,MM0 +
20.5166,terug,0,MM1 +
20.5166,terug,0,"#77,YAW,0.52,GYRO,-11,46,-8,ACC,3,3,256,ADC,1277,384,7,2,"
20.5166,terug,0,MM0 ?P
20.5166,terug,0,MM1 ?P
20.5166,terug,0,MM0 P=0:0
20.5166,terug,0,MM1 P=0:0
20.5674,terug,0,"#78,YAW,0.52,GYRO,-9,47,-10,ACC,2,1,254,ADC,1256,384,5,2,"
20.5674,terug,0,MM0 ?S
20.5675,terug,0,MM1 ?S
20.5675,terug,0,MM0 S=0:0
20.5675,terug,0,MM1 S=0:0
20.5675,terug,0,MM0 !M 0 0
20.5675,terug,0,MM1 !M 0 0
20.5675,terug,0,MM0 +
20.5675,terug,0,MM1 +
20.5675,terug,0,"#79,YAW,0.52,GYRO,-8,48,-10,ACC,2,2,257,ADC,1282,498,5,2,"
20.5675,terug,0,MM0 ?T
20.5675,terug,0,MM1 ?T
20.5675,terug,0,MM0 T=35:35
20.5675,terug,0,MM1 T=37:34
20.5675,terug,0,"#80,YAW,0.52,GYRO,-9,46,-9,ACC,5,2,254,ADC,1286,403,6,1,"
20.6172,terug,0,MM1 ?V
20.6173,terug,0,MM0 ?V
20.6173,terug,0,MM1 V=120:222:4903
20.6173,terug,0,MM0 V=120:221:4907
20.6173,terug,0,"#81,YAW,0.52,GYRO,-10,47,-9,ACC,2,2,255,ADC,1234,504,6,2,"
20.6173,terug,0,MM1 ?CR
20.6173,terug,0,MM0 ?CR
20.6173,terug,0,MM1 CR=0:0
20.6173,terug,0,MM0 CR=0:0
20.6173,terug,0,MM0 !M 0 0
20.6173,terug,0,MM1 !M 0 0
20.6173,terug,0,MM0 +
20.6173,terug,0,MM1 +
20.6173,terug,0,"#82,YAW,0.52,GYRO,-9,46,-11,ACC,3,2,259,ADC,1220,385,4,1,"
20.6173,terug,0,MM1 ?A
20.6173,terug,0,MM0 ?A
20.6173,terug,0,MM1 A=0:0
20.6173,terug,0,MM0 A=0:0
20.6679,terug,0,"#83,YAW,0.52,GYRO,-8,46,-11,ACC,0,3,252,ADC,1238,384,5,1,"
20.6679,terug,0,MM1 ?AI
20.6679,terug,0,MM0 ?AI
20.6679,terug,0,MM1 AI=0:0:2366:2374:0:0
20.6679,terug,0,MM0 AI=0:0:2467:2459:0:0
20.6679,terug,0,"$GPRMC,100712.6,A,5050.53444,N,00419.37890,E,000.81,029.4,021026,000.4,E*55"
20.6679,terug,0,MM0 !M 0 0
20.6679,terug,0,MM1 !M 0 0
20.6679,terug,0,MM0 +
20.6679,terug,0,MM1 +
20.6679,terug,0,"#84,YAW,0.52,GYRO,-9,49,-10,ACC,4,1,257,ADC,1271,320,4,1,"
20.6679,terug,0,MM1 ?C
20.6679,terug,0,MM0 ?C
20.6679,terug,0,MM0 C=-436:344
20.6680,terug,0,MM1 C=1149:-1258
20.6680,terug,0,"#85,YAW,0.52,GYRO,-9,46,-9,ACC,1,2,257,ADC,1293,501,4,2,"
20.7182,terug,0,MM1 ?D
20.7182,terug,0,MM0 ?D
20.7182,terug,0,MM1 D=49
20.7182,terug,0,MM0 D=27
20.7182,terug,0,"#86,YAW,0.52,GYRO,-10,47,-9,ACC,2,2,254,ADC,1256,499,4,2,"
20.7182,terug,0,MM1 ?FF
20.7182,terug,0,MM0 ?FF
20.7182,terug,0,MM1 FF=0
20.7182,terug,0,MM0 FF=0
20.7182,terug,0,MM1 !M 0 0
20.7183,terug,0,MM0 !M 0 0
20.7183,terug,0,MM1 +
20.7183,terug,0,MM0 +
20.7183,terug,0,"#87,YAW,0.52,GYRO,-11,44,-11,ACC,2,3,255,ADC,1224,383,5,2,"
20.7184,terug,0,MM1 ?P
20.7184,terug,0,MM0 ?P
20.7184,terug,0,MM1 P=0:0
20.7184,terug,0,MM0 P=0:0
20.7723,terug,0,"#88,YAW,0.52,GYRO,-9,46,-8,ACC,3,2,260,ADC,1227,381,5,2,"
20.7723,terug,0,MM1 ?S
20.7723,terug,0,MM0 ?S
20.7723,terug,0,MM1 S=0:0
20.7723,terug,0,MM0 S=0:0
20.7723,terug,0,"#89,YAW,0.52,GYRO,-10,45,-7,ACC,2,1,259,ADC,1277,385,6,2,"
20.7723,terug,0,MM0 ?T
20.7723,terug,0,MM1 ?T
20.7723,terug,0,MM0 T=35:35
20.7724,terug,0,MM1 T=36:34
20.7724,terug,0,MM0 !M 0 0
20.7724,terug,0,MM1 !M 0 0
20.7724,terug,0,MM0 +
20.7724,terug,0,MM1 +
20.7724,terug,0,"#90,YAW,0.52,GYRO,-8,47,-9,ACC,0,2,253,ADC,1234,381,3,1,"
20.7724,terug,0,MM1 ?V
20.7724,terug,0,MM0 ?V
20.7724,terug,0,MM1 V=120:223:4902
20.7724,terug,0,MM0 V=120:222:4908
20.7973,terug,0,"#91,YAW,0.52,GYRO,-10,47,-10,ACC,1,3,259,ADC,1261,385,7,2,"
20.7974,terug,0,MM0 ?CR
20.7974,terug,0,MM1 ?CR
20.7974,terug,0,MM1 CR=0:0
20.7974,terug,0,MM0 CR=0:0
20.8168,terug,0,"#92,YAW,0.53,GYRO,-8,48,-9,ACC,-1,3,255,ADC,1294,502,6,2,"
20.8168,terug,0,MM0 ?A
20.8168,terug,0,MM1 ?A
20.8168,terug,0,MM0 A=0:0
20.8168,terug,0,MM1 A=0:0
20.8393,terug,0,"#93,YAW,0.53,GYRO,-9,48,-9,ACC,2,2,257,ADC,1288,502,6,2,"
20.8393,terug,0,MM0 ?AI
20.8393,terug,0,MM1 ?AI
20.8393,terug,0,MM0 AI=0:0:2450:2461:0:0
20.8393,terug,0,MM1 AI=0:0:2364:2400:0:0
20.8604,terug,0,"$GPRMC,100712.8,A,5050.53453,N,00419.37891,E,000.82,028.6,021026,000.4,E*5C"
20.8604,terug,0,"#94,YAW,0.53,GYRO,-8,46,-8,ACC,1,2,253,ADC,1269,503,6,1,"
20.8604,terug,0,MM0 ?C
20.8604,terug,0,MM1 ?C
20.8604,terug,0,MM0 C=-436:344
20.8604,terug,0,MM1 C=1149:-1258
20.9104,terug,0,"#95,YAW,0.52,GYRO,-9,49,-10,ACC,1,2,258,ADC,1273,501,4,2,"
20.9104,terug,0,MM0 ?D
20.9104,terug,0,MM1 ?D
20.9104,terug,0,MM0 D=19
20.9104,terug,0,MM1 D=49
20.9104,terug,0,MM0 !M 0 0
20.9104,terug,0,MM1 !M 0 0
20.9104,terug,0,MM0 +
20.9104,terug,0,MM1 +
20.9104,terug,0,MM1 !MPING
20.9104,terug,0,MM0 !MPING
20.9104,terug,0,MM1 -
20.9104,terug,0,MM0 -
20.9104,terug,0,"#96,YAW,0.52,GYRO,-9,48,-10,ACC,2,0,255,ADC,1274,279,5,2,"
20.9104,terug,0,MM0 !M 0 0
20.9104,terug,0,MM0 +
20.9104,terug,0,MM1 !M 0 0
20.9104,terug,0,MM1 +
20.9104,terug,0,MM0 ?FF
20.9104,terug,0,MM1 ?FF
20.9104,terug,0,MM0 FF=0
20.9104,terug,0,MM1 FF=0
20.9104,terug,0,"#97,YAW,0.52,GYRO,-8,48,-10,ACC,1,1,251,ADC,1285,389,6,1,"
20.9105,terug,0,MM0 ?P
20.9105,terug,0,MM1 ?P
20.9105,terug,0,MM0 P=0:0
20.9313,terug,0,MM1 P=0:0
20.9313,terug,0,"#98,YAW,0.53,GYRO,-10,47,-9,ACC,4,3,258,ADC,1273,391,6,1,"
20.9313,terug,0,MM0 ?S
20.9313,terug,0,MM1 ?S
20.9313,terug,0,MM0 S=0:0
20.9313,terug,0,MM1 S=0:0
20.9654,terug,0,MM1 !M 0 0
20.9654,terug,0,MM0 !M 0 0
20.9654,terug,0,MM1 +
20.9654,terug,0,MM0 +
20.9654,terug,0,"#99,YAW,0.53,GYRO,-9,46,-7,ACC,4,1,255,ADC,1244,418,4,2,"
20.9654,terug,0,MM0 ?T
20.9654,terug,0,MM1 ?T
20.9654,terug,0,MM0 T=35:35
20.9654,terug,0,MM1 T=36:34
20.9863,terug,0,"#100,YAW,0.53,GYRO,-9,46,-9,ACC,2,4,255,ADC,1272,387,6,3,"
20.9863,terug,0,MM0 ?V
20.9863,terug,0,MM1 ?V
20.9863,terug,0,MM0 V=120:222:4908
20.9863,terug,0,MM1 V=120:224:4902
21.0207,terug,0,"#101,YAW,0.53,GYRO,-8,48,-9,ACC,2,2,253,ADC,1241,381,4,2,"
21.0207,terug,0,MM0 ?CR
21.0207,terug,0,MM1 ?CR
21.0207,terug,0,MM0 CR=0:0
21.0207,terug,0,MM1 CR=0:0
21.0207,terug,0,MM0 !M 0 0
21.0207,terug,0,MM1 !M 0 0
21.0207,terug,0,MM0 +
21.0207,terug,0,MM1 +
21.0207,terug,0,"#102,YAW,0.53,GYRO,-11,47,-11,ACC,3,2,255,ADC,1241,395,5,1,"
21.0207,terug,0,MM0 ?A
21.0207,terug,0,MM1 ?A
21.0207,terug,0,MM0 A=0:0
21.0207,terug,0,MM1 A=0:0
21.0714,terug,0,"#103,YAW,0.53,GYRO,-9,48,-10,ACC,1,5,261,ADC,1256,502,7,2,"
21.0715,terug,0,MM0 ?AI
21.0715,terug,0,MM1 ?AI
21.0715,terug,0,MM0 AI=0:0:2459:2459:0:0
21.0715,terug,0,MM1 AI=0:0:2360:2383:0:0
21.0715,terug,0,"$GPRMC,100713.0,A,5050.53463,N,00419.37893,E,000.82,027.8,021026,000.4,E*55"
21.0715,terug,0,"#104,YAW,0.53,GYRO,-9,48,-8,ACC,2,1,255,ADC,1243,387,5,2,"
21.0715,terug,0,MM0 !M 0 0
21.0715,terug,0,MM0 +
21.0715,terug,0,MM1 !M 0 0
21.0715,terug,0,MM1 +
21.0715,terug,0,MM0 ?C
21.0715,terug,0,MM1 ?C
21.0715,terug,0,MM0 C=-436:344
21.0715,terug,0,MM1 C=1149:-1258
21.0715,terug,0,"#105,YAW,0.52,GYRO,-11,48,-9,ACC,6,1,256,ADC,1220,381,4,2,"
21.0715,terug,0,MM0 ?D
21.0715,terug,0,MM1 ?D
21.0715,terug,0,MM0 D=19
21.0715,terug,0,MM1 D=49
21.1223,terug,60,"#106,YAW,0.52,GYRO,-9,45,-9,ACC,-1,3,252,ADC,1211,382,7,2,"
21.1223,terug,60,MM0 ?FF
21.1223,terug,60,MM1 ?FF
21.1223,terug,60,MM0 FF=0
21.1223,terug,60,MM1 FF=0
21.1223,terug,60,MM0 !M 60 -60
21.1223,terug,60,MM1 !M 60 -60
21.1223,terug,60,MM0 +
21.1223,terug,60,MM1 +
21.1223,terug,60,"#107,YAW,0.53,GYRO,-9,47,-9,ACC,1,1,253,ADC,1214,379,6,1,"
21.1223,terug,60,MM0 ?P
21.1223,terug,60,MM1 ?P
21.1223,terug,60,MM0 P=60:-60
21.1223,terug,60,MM1 P=60:-60
21.1725,terug,60,"#108,YAW,0.53,GYRO,-13,38,-3,ACC,21,-1,252,ADC,1256,386,4,2,"
21.1725,terug,60,MM0 ?S
21.1725,terug,60,MM1 ?S
21.1725,terug,60,MM0 S=0:0
21.1725,terug,60,MM1 S=0:0
21.1725,terug,60,"#109,YAW,0.53,GYRO,-18,8,-14,ACC,33,4,249,ADC,1244,385,4,2,"
21.1725,terug,60,MM0 ?T
21.1725,terug,60,MM1 ?T
21.1725,terug,60,MM0 T=35:35
21.1725,terug,60,MM1 T=36:34
21.1725,terug,60,MM0 !M 60 -60
21.1725,terug,60,MM1 !M 60 -60
21.1725,terug,60,MM0 +
21.1725,terug,60,MM1 +
21.1725,terug,60,"#110,YAW,0.53,GYRO,4,76,-29,ACC,24,-4,251,ADC,1269,385,7,2,"
21.1725,terug,60,MM0 ?V
21.1726,terug,60,MM1 ?V
21.1726,terug,60,MM0 V=120:223:4907
21.1726,terug,60,MM1 V=120:222:4903
21.2264,terug,0,"#111,YAW,0.53,GYRO,-16,50,-27,ACC,19,1,257,ADC,1225,381,5,2,"
21.2264,terug,0,MM0 ?CR
21.2264,terug,0,MM1 ?CR
21.2264,terug,0,MM0 CR=1:-2
21.2264,terug,0,MM1 CR=1:-1
21.2264,terug,0,MM1 !M 60 -60
21.2264,terug,0,MM0 !M 60 -60
21.2264,terug,0,MM1 +
21.2264,terug,0,MM0 +
21.2264,terug,0,MM1 !M 0 0
21.2265,terug,0,MM0 !M 0 0
21.2265,terug,0,MM1 +
21.2265,terug,0,MM0 +
21.2265,terug,0,MM1 !M 0 0
21.2265,terug,0,MM0 !M 0 0
21.2265,terug,0,MM1 +
21.2265,terug,0,MM0 +
21.2265,terug,0,"#112,YAW,0.53,GYRO,-10,51,9,ACC,17,1,252,ADC,1238,385,5,2,"
21.2265,terug,0,MM0 ?A
21.2265,terug,0,MM1 ?A
21.2265,terug,0,MM0 A=0:0
21.2265,terug,0,MM1 A=0:0
21.2474,terug,0,"#113,YAW,0.53,GYRO,-6,86,29,ACC,-8,6,254,ADC,1249,393,5,2,"
21.2474,terug,0,MM0 ?AI
21.2474,terug,0,MM1 ?AI
21.2474,terug,0,MM0 AI=0:0:2448:2465:0:0
21.2474,terug,0,MM1 AI=0:0:2360:2378:0:0
21.2474,terug,0,"$GPRMC,100713.2,A,5050.53474,N,00419.37899,E,000.83,027.0,021026,000.4,E*52"
21.2812,terug,0,"#114,YAW,0.53,GYRO,-8,37,11,ACC,-30,8,263,ADC,1274,391,5,2,"
21.2812,terug,0,MM0 ?C
21.2812,terug,0,MM1 ?C
21.2812,terug,0,MM0 C=-434:342
21.2812,terug,0,MM1 C=1151:-1260
21.2812,terug,0,MM0 !M 0 0
21.2812,terug,0,MM1 !M 0 0
21.2812,terug,0,MM0 +
21.2812,terug,0,MM1 +
21.2812,terug,0,"#115,YAW,0.52,GYRO,-5,75,-16,ACC,-21,11,264,ADC,1266,407,6,2,"
21.2812,terug,0,MM0 ?D
21.2812,terug,0,MM1 ?D
21.2812,terug,0,MM0 D=32
21.2812,terug,0,MM1 D=2
21.3332,terug,0,"#116,YAW,0.52,GYRO,-14,67,-26,ACC,-26,2,257,ADC,1262,386,5,2,"
21.3332,terug,0,MM0 ?FF
21.3332,terug,0,MM1 ?FF
21.3332,terug,0,MM0 FF=0
21.3332,terug,0,MM1 FF=0
21.3332,terug,0,"#117,YAW,0.52,GYRO,-9,17,-33,ACC,-18,3,245,ADC,1265,392,6,2,"
21.3333,terug,0,MM0 ?P
21.3333,terug,0,MM1 ?P
21.3333,terug,0,MM0 P=0:0
21.3333,terug,0,MM1 P=0:0
21.3333,terug,0,MM0 !M 0 0
21.3333,terug,0,MM1 !M 0 0
21.3333,terug,0,MM0 +
21.3333,terug,0,MM1 +
21.3333,terug,0,"#118,YAW,0.53,GYRO,-7,56,-29,ACC,-6,3,256,ADC,1210,383,7,2,"
21.3333,terug,0,MM0 ?S
21.3333,terug,0,MM1 ?S
21.3333,terug,0,MM0 S=75:0
21.3333,terug,0,MM1 S=0:0
21.3823,terug,0,"#119,YAW,0.53,GYRO,-15,39,-5,ACC,-9,2,254,ADC,1255,382,4,2,"
21.3823,terug,0,MM0 ?T
21.3823,terug,0,MM1 ?T
21.3823,terug,0,MM0 T=35:35
21.3823,terug,0,MM1 T=36:34
21.3823,terug,0,MM0 !M 0 0
21.3823,terug,0,MM1 !M 0 0
21.3823,terug,0,MM0 +
21.3823,terug,0,MM1 +
21.3823,terug,0,"#120,YAW,0.53,GYRO,-6,46,13,ACC,-5,1,249,ADC,1226,391,8,2,"
21.3823,terug,0,MM0 ?V
21.3823,terug,0,MM1 ?V
21.3823,terug,0,MM0 V=120:222:4906
21.3823,terug,0,MM1 V=120:223:4900
21.4344,terug,0,"#121,YAW,0.53,GYRO,-12,44,11,ACC,-3,1,252,ADC,1274,501,4,1,"
21.4344,terug,0,MM0 ?CR
21.4344,terug,0,MM1 ?CR
21.4344,terug,0,MM0 CR=2:-1
21.4344,terug,0,MM1 CR=1:-1
21.4344,terug,0,"#122,YAW,0.53,GYRO,-12,39,-4,ACC,1,3,257,ADC,1219,383,5,2,"
21.4344,terug,0,MM0 ?A
21.4344,terug,0,MM1 ?A
21.4344,terug,0,MM0 A=0:0
21.4344,terug,0,MM1 A=0:0
21.4344,terug,0,MM0 !M 0 0
21.4344,terug,0,MM1 !M 0 0
21.4344,terug,0,MM0 +
21.4344,terug,0,MM1 +
21.4344,terug,0,"#123,YAW,0.53,GYRO,-10,49,-17,ACC,1,4,254,ADC,1261,500,4,2,"
21.4344,terug,0,MM0 ?AI
21.4344,terug,0,MM1 ?AI
21.4344,terug,0,MM0 AI=0:0:2444:2474:0:0
21.4344,terug,0,MM1 AI=0:0:2378:2395:0:0
21.4854,terug,0,"$GPRMC,100713.4,A,5050.53485,N,00419.37903,E,000.84,026.3,021026,000.4,E*5D"
21.4855,terug,0,"#124,YAW,0.53,GYRO,-11,43,-23,ACC,3,4,255,ADC,1276,383,4,2,"
21.4855,terug,0,MM0 ?C
21.4855,terug,0,MM1 ?C
21.4855,terug,0,MM0 C=-433:341
21.4855,terug,0,MM1 C=1151:-1260
21.4855,terug,0,MM1 !M 0 0
21.4855,terug,0,MM0 !M 0 0
21.4855,terug,0,MM1 +
21.4855,terug,0,MM0 +
21.4855,terug,0,"#125,YAW,0.52,GYRO,-11,42,-22,ACC,2,1,253,ADC,1232,496,5,2,"
21.4855,terug,0,MM0 ?D
21.4855,terug,0,MM1 ?D
21.4855,terug,0,MM0 D=49
21.4855,terug,0,MM1 D=2
21.5383,terug,0,"#126,YAW,0.52,GYRO,-7,46,-10,ACC,6,2,259,ADC,1227,389,7,2,"
21.5383,terug,0,MM0 ?FF
21.5383,terug,0,MM1 ?FF
21.5383,terug,0,MM0 FF=0
21.5383,terug,0,MM1 FF=0
21.5383,terug,0,"#127,YAW,0.52,GYRO,-10,37,-10,ACC,11,2,255,ADC,1250,382,4,2,"
21.5383,terug,0,MM0 ?P
21.5383,terug,0,MM1 ?P
21.5383,terug,0,MM0 P=0:0
21.5383,terug,0,MM1 P=0:0
21.5383,terug,0,MM1 !M 0 0
21.5383,terug,0,MM0 !M 0 0
21.5383,terug,0,MM1 +
21.5383,terug,0,MM0 +
21.5383,terug,0,"#128,YAW,0.52,GYRO,-9,49,-9,ACC,12,3,256,ADC,1209,382,4,1,"
21.5384,terug,0,MM0 ?S
21.5384,terug,0,MM1 ?S
21.5384,terug,0,MM0 S=0:0
21.5384,terug,0,MM1 S=0:0
21.5611,terug,0,"#129,YAW,0.52,GYRO,-10,44,-10,ACC,11,1,256,ADC,1236,387,6,2,"
21.5611,terug,0,MM0 ?T
21.5611,terug,0,MM1 ?T
21.5611,terug,0,MM0 T=35:35
21.5611,terug,0,MM1 T=37:34
21.5820,terug,0,"#130,YAW,0.52,GYRO,-8,50,-13,ACC,8,0,250,ADC,1265,385,4,1,"
21.5821,terug,0,MM0 ?V
21.5821,terug,0,MM1 ?V
21.5821,terug,0,MM0 V=120:221:4908
21.5821,terug,0,MM1 V=120:223:4900
21.6054,terug,0,"#131,YAW,0.53,GYRO,-10,51,-10,ACC,5,1,259,ADC,1259,500,5,2,"
21.6054,terug,0,MM0 ?CR
21.6054,terug,0,MM1 ?CR
21.6054,terug,0,MM0 CR=-1:0
21.6054,terug,0,MM1 CR=0:0
21.6263,terug,0,"#132,YAW,0.53,GYRO,-11,44,-1,ACC,5,1,257,ADC,1238,382,4,2,"
21.6263,terug,0,MM0 ?A
21.6263,terug,0,MM1 ?A
21.6263,terug,0,MM0 A=0:0
21.6263,terug,0,MM1 A=0:0
21.6753,terug,0,"#133,YAW,0.53,GYRO,-8,51,0,ACC,-2,1,256,ADC,1237,385,4,2,"
21.6753,terug,0,MM0 ?AI
21.6753,terug,0,MM1 ?AI
21.6753,terug,0,MM0 AI=0:0:2457:2453:0:0
21.6753,terug,0,MM1 AI=0:0:2377:2368:0:0
21.6753,terug,0,"$GPRMC,100713.6,A,5050.53493,N,00419.37915,E,000.85,025.6,021026,000.4,E*58"
21.6753,terug,0,"#134,YAW,0.53,GYRO,-10,46,-3,ACC,1,2,255,ADC,1238,384,4,1,"
21.6753,terug,0,MM0 ?C
21.6753,terug,0,MM1 ?C
21.6753,terug,0,MM0 C=-434:341
21.6753,terug,0,MM1 C=1151:-1260
21.6753,terug,0,MM1 !M 0 0PING
21.6753,terug,0,MM0 !M 0 0PING
21.6753,terug,0,MM1 +
21.6753,terug,0,MM0 +
21.6753,terug,0,"#135,YAW,0.52,GYRO,-9,47,-14,ACC,3,1,256,ADC,1234,384,6,2,"
21.6753,terug,0,MM0 ?D
21.6753,terug,0,MM1 ?D
21.6753,terug,0,MM0 D=48
21.6753,terug,0,MM1 D=2
21.6962,terug,0,"#136,YAW,0.52,GYRO,-9,48,-14,ACC,1,2,258,ADC,1235,385,4,2,"
21.6962,terug,0,MM0 ?FF
21.6962,terug,0,MM1 ?FF
21.6962,terug,0,MM0 FF=0
21.6963,terug,0,MM1 FF=0
21.6963,terug,0,MM1 !M 0 0PING
21.7305,terug,0,MM0 !M 0 0PING
21.7305,terug,0,MM1 +
21.7305,terug,0,MM0 +
21.7305,terug,0,MM0 !M 0 0
21.7305,terug,0,MM1 !M 0 0
21.7305,terug,0,MM0 +
21.7305,terug,0,MM1 +
21.7305,terug,0,"#137,YAW,0.52,GYRO,-11,46,-12,ACC,2,1,255,ADC,1262,302,6,2,"
21.7305,terug,0,MM0 ?P
21.7306,terug,0,MM1 ?P
21.7306,terug,0,MM0 P=0:0
21.7306,terug,0,MM1 P=0:0
21.7306,terug,0,"#138,YAW,0.52,GYRO,-10,48,-7,ACC,4,1,257,ADC,1246,403,4,2,"
21.7306,terug,0,MM0 ?S
21.7306,terug,0,MM1 ?S
21.7306,terug,0,MM0 S=0:0
21.7513,terug,0,MM1 S=0:0
21.7513,terug,0,"#139,YAW,0.52,GYRO,-10,48,-4,ACC,1,3,256,ADC,1213,383,5,1,"
21.7513,terug,0,MM0 ?T
21.7513,terug,0,MM1 ?T
21.7513,terug,0,MM0 T=35:35
21.7513,terug,0,MM1 T=37:34
21.7883,terug,0,MM0 !M 0 0
21.7883,terug,0,MM1 !M 0 0
21.7883,terug,0,MM0 +
21.7883,terug,0,MM1 +
21.7883,terug,0,"#140,YAW,0.52,GYRO,-9,47,-6,ACC,1,1,254,ADC,1263,298,7,2,"
21.7883,terug,0,MM0 ?V
21.7883,terug,0,MM1 ?V
21.7883,terug,0,MM0 V=120:221:4906
21.7883,terug,0,MM1 V=120:222:4898
21.7883,terug,0,"#141,YAW,0.52,GYRO,-10,46,-11,ACC,3,1,255,ADC,1270,388,5,1,"
21.7883,terug,0,MM0 ?CR
21.8405,terug,0,MM1 ?CR
21.8405,terug,0,MM0 CR=1:0
21.8405,terug,0,MM1 CR=0:0
21.8405,terug,0,"#142,YAW,0.52,GYRO,-9,49,-15,ACC,5,4,252,ADC,1264,383,6,2,"
21.8406,terug,0,MM0 ?A
21.8406,terug,0,MM1 ?A
21.8406,terug,0,MM0 A=0:0
21.8406,terug,0,MM1 A=0:0
21.8406,terug,0,MM0 !M 0 0
21.8406,terug,0,MM1 !M 0 0
21.8406,terug,0,MM0 +
21.8406,terug,0,MM1 +
21.8406,terug,0,"#143,YAW,0.52,GYRO,-9,48,-14,ACC,3,6,256,ADC,1297,384,5,2,"
21.8406,terug,0,MM0 ?AI
21.8406,terug,0,MM1 ?AI
21.8406,terug,0,MM0 AI=0:0:2458:2479:0:0
21.8406,terug,0,MM1 AI=0:0:2389:2403:0:0
21.8406,terug,0,"$GPRMC,100713.8,A,5050.53496,N,00419.37927,E,000.86,025.0,021026,000.4,E*57"
21.8883,terug,0,"#144,YAW,0.52,GYRO,-10,46,-10,ACC,3,2,259,ADC,1270,390,5,1,"
21.8883,terug,0,MM0 ?C
21.8883,terug,0,MM1 ?C
21.8883,terug,0,MM0 C=-433:341
21.8884,terug,0,MM1 C=1151:-1260
21.8884,terug,0,MM1 !M 0 0
21.8884,terug,0,MM0 !M 0 0
21.8884,terug,0,MM1 +
21.8884,terug,0,MM0 +
21.8884,terug,0,"#145,YAW,0.52,GYRO,-10,47,-9,ACC,4,3,256,ADC,1229,320,4,2,"
21.8884,terug,0,MM0 ?D
21.8884,terug,0,MM1 ?D
21.8884,terug,0,MM0 D=49
21.8884,terug,0,MM1 D=10
21.8884,terug,0,"#146,YAW,0.52,GYRO,-9,46,-8,ACC,4,2,257,ADC,1238,395,6,2,"
21.8884,terug,0,MM0 ?FF
21.9396,terug,0,MM1 ?FF
21.9396,terug,0,MM0 FF=0
21.9396,terug,0,MM1 FF=0
21.9396,terug,0,"#147,YAW,0.52,GYRO,-9,47,-8,ACC,2,4,256,ADC,1230,393,3,1,"
21.9396,terug,0,MM0 ?P
21.9396,terug,0,MM1 ?P
21.9396,terug,0,MM0 P=0:0
21.9396,terug,0,MM1 P=0:0
21.9396,terug,0,MM1 !M 0 0
21.9396,terug,0,MM0 !M 0 0
21.9396,terug,0,MM1 +
21.9396,terug,0,MM0 +
21.9396,terug,0,"#148,YAW,0.52,GYRO,-10,47,-8,ACC,3,1,256,ADC,1224,381,4,1,"
21.9396,terug,0,MM0 ?S
21.9396,terug,0,MM1 ?S
21.9396,terug,0,MM0 S=0:0
21.9396,terug,0,MM1 S=0:0
21.9910,terug,0,"#149,YAW,0.52,GYRO,-7,47,-6,ACC,0,2,256,ADC,1204,381,5,2,"
21.9911,terug,0,MM0 ?T
21.9911,terug,0,MM1 ?T
21.9911,terug,0,MM0 T=35:35
21.9911,terug,0,MM1 T=37:34
21.9911,terug,0,MM0 !M 0 0
21.9911,terug,0,MM1 !M 0 0
21.9911,terug,0,MM0 +
21.9911,terug,0,MM1 +
21.9911,terug,0,"#150,YAW,0.52,GYRO,-10,48,-8,ACC,-2,1,256,ADC,1304,417,7,2,"
21.9911,terug,0,MM0 ?V
21.9911,terug,0,MM1 ?V
21.9911,terug,0,MM0 V=120:222:4907
21.9911,terug,0,MM1 V=120:221:4898
21.9911,terug,0,"#151,YAW,0.52,GYRO,-9,46,-8,ACC,1,1,251,ADC,1295,501,6,2,"
21.9911,terug,0,MM0 ?CR
21.9911,terug,0,MM1 ?CR
21.9911,terug,0,MM0 CR=0:0
22.0434,terug,0,MM1 CR=0:0
22.0435,terug,0,"#152,YAW,0.52,GYRO,-9,47,-10,ACC,1,5,260,ADC,1255,381,5,2,"
22.0435,terug,0,MM0 ?A
22.0435,terug,0,MM1 ?A
22.0435,terug,0,MM0 A=0:0
22.0435,terug,0,MM1 A=0:0
22.0435,terug,0,MM0 !M 0 0
22.0435,terug,0,MM1 !M 0 0
22.0435,terug,0,MM0 +
22.0435,terug,0,MM1 +
22.0435,terug,0,"$GPRMC,100714.0,A,5050.53504,N,00419.37932,E,000.87,024.4,021026,000.4,E*52"
22.0435,terug,0,"#153,YAW,0.52,GYRO,-8,49,-11,ACC,2,2,259,ADC,1240,498,4,2,"
22.0435,terug,0,MM1 ?AI
22.0435,terug,0,MM0 ?AI
22.0435,terug,0,MM1 AI=0:0:2367:2376:0:0
22.0435,terug,0,MM0 AI=0:0:2462:2464:0:0
22.0912,terug,0,"#154,YAW,0.52,GYRO,-9,49,-10,ACC,2,1,254,ADC,1249,382,3,2,"
22.0912,terug,0,MM0 ?C
22.0912,terug,0,MM1 ?C
22.0912,terug,0,MM0 C=-433:341
22.0913,terug,0,MM1 C=1151:-1260
22.0913,terug,0,"#155,YAW,0.52,GYRO,-8,47,-8,ACC,3,6,256,ADC,1266,379,5,2,"
22.0913,terug,0,MM0 !M 0 0
22.0913,terug,0,MM0 +
22.0913,terug,0,MM1 !M 0 0
22.0914,terug,0,MM1 +
22.0914,terug,0,MM0 ?D
22.0914,terug,0,MM1 ?D
22.0914,terug,0,MM0 D=49
22.0914,terug,0,MM1 D=2
22.0914,terug,0,"#156,YAW,0.52,GYRO,-8,47,-10,ACC,3,2,254,ADC,1286,404,8,2,"
22.0914,terug,0,MM0 ?FF
22.0914,terug,0,MM1 ?FF
22.0914,terug,0,MM0 FF=0
22.0914,terug,0,MM1 FF=0
22.1423,terug,0,"#157,YAW,0.52,GYRO,-9,47,-10,ACC,3,2,254,ADC,1277,503,4,2,"
22.1423,terug,0,MM0 ?P
22.1423,terug,0,MM1 ?P
22.1423,terug,0,MM0 P=0:0
22.1423,terug,0,MM1 P=0:0
22.1423,terug,0,MM1 !M 0 0
22.1423,terug,0,MM0 !M 0 0
22.1423,terug,0,MM1 +
22.1423,terug,0,MM0 +
22.1423,terug,0,"#158,YAW,0.52,GYRO,-10,48,-10,ACC,3,2,254,ADC,1247,501,4,2,"
22.1423,terug,0,MM0 ?S
22.1423,terug,0,MM1 ?S
22.1423,terug,0,MM0 S=0:0
22.1423,terug,0,MM1 S=0:0
22.1932,terug,0,"#159,YAW,0.52,GYRO,-10,46,-9,ACC,4,3,259,ADC,1262,391,5,2,"
22.1932,terug,0,MM0 ?T
22.1932,terug,0,MM1 ?T
22.1932,terug,0,MM0 T=35:35
22.1932,terug,0,MM1 T=36:34
22.1932,terug,0,"#160,YAW,0.52,GYRO,-8,49,-10,ACC,2,3,258,ADC,1280,393,4,2,"
22.1932,terug,0,MM1 ?V
22.1932,terug,0,MM0 ?V
22.1933,terug,0,MM0 V=120:222:4907
22.1933,terug,0,MM1 V=120:222:4898
22.1933,terug,0,MM0 !M 0 0
22.1933,terug,0,MM1 !M 0 0
22.1933,terug,0,MM0 +
22.1933,terug,0,MM1 +
22.1933,terug,0,"#161,YAW,0.52,GYRO,-10,47,-8,ACC,-2,3,254,ADC,1250,498,6,2,"
22.1933,terug,0,MM0 ?CR
22.1933,terug,0,MM1 ?CR
22.1933,terug,0,MM0 CR=0:0
22.1933,terug,0,MM1 CR=0:0
22.2435,terug,0,"#162,YAW,0.52,GYRO,-10,47,-9,ACC,1,5,255,ADC,1261,397,6,2,"
22.2436,terug,0,MM0 ?A
22.2436,terug,0,MM1 ?A
22.2436,terug,0,MM0 A=0:0
22.2436,terug,0,MM1 A=0:0
22.2436,terug,0,MM0 !M 0 0
22.2436,terug,0,MM1 !M 0 0
22.2436,terug,0,MM0 +
22.2436,terug,0,MM1 +
22.2436,terug,0,"$GPRMC,100714.2,A,5050.53524,N,00419.37929,E,000.88,023.8,021026,000.4,E*5C"
22.2436,terug,0,"#163,YAW,0.52,GYRO,-8,47,-10,ACC,1,2,260,ADC,1232,318,6,2,"
22.2436,terug,0,MM0 ?AI
22.2436,terug,0,MM1 ?AI
22.2436,terug,0,MM0 AI=0:0:2473:2466:0:0
22.2436,terug,0,MM1 AI=0:0:2374:2404:0:0
22.2962,terug,0,"#164,YAW,0.51,GYRO,-9,45,-9,ACC,0,1,256,ADC,1268,500,6,2,"
22.2962,terug,0,MM0 ?C
22.2962,terug,0,MM1 ?C
22.2963,terug,0,MM0 C=-433:341
22.2963,terug,0,MM1 C=1151:-1260
22.2963,terug,0,"#165,YAW,0.51,GYRO,-7,46,-9,ACC,1,4,253,ADC,1255,502,5,2,"
22.2963,terug,0,MM0 ?D
22.2963,terug,0,MM1 ?D
22.2963,terug,0,MM0 D=49
22.2963,terug,0,MM1 D=2
22.2963,terug,0,MM0 !M 0 0
22.2963,terug,0,MM1 !M 0 0
22.2963,terug,0,MM0 +
22.2963,terug,0,MM1 +
22.2963,terug,0,"#166,YAW,0.51,GYRO,-10,47,-11,ACC,0,2,260,ADC,1291,503,8,2,"
22.2963,terug,0,MM1 ?FF
22.2963,terug,0,MM0 ?FF
22.2963,terug,0,MM1 FF=0
22.2963,terug,0,MM0 FF=0
22.3483,terug,60,"#167,YAW,0.51,GYRO,-9,47,-8,ACC,2,3,256,ADC,1252,382,6,2,"
22.3484,terug,60,MM0 ?P
22.3484,terug,60,MM1 ?P
22.3484,terug,60,MM0 P=0:0
22.3484,terug,60,MM1 P=0:0
22.3484,terug,60,MM1 !M 0 0
22.3484,terug,60,MM0 !M 0 0
22.3484,terug,60,MM1 +
22.3484,terug,60,MM0 +
22.3484,terug,60,"#168,YAW,0.52,GYRO,-12,47,-9,ACC,-1,2,257,ADC,1253,336,4,2,"
22.3484,terug,60,MM0 ?S
22.3484,terug,60,MM1 ?S
22.3484,terug,60,MM0 S=0:0
22.3484,terug,60,MM1 S=0:0
22.3484,terug,60,"#169,YAW,0.52,GYRO,-10,49,-9,ACC,1,2,255,ADC,1245,499,4,1,"
22.3484,terug,60,MM0 ?T
22.3860,terug,60,MM1 ?T
22.3860,terug,60,MM0 T=35:35
22.3860,terug,60,MM1 T=37:34
22.3860,terug,60,MM0 !M 60 -60
22.3860,terug,60,MM1 !M 60 -60
22.3860,terug,60,MM0 +
22.3861,terug,60,MM1 +
22.3861,terug,60,"#170,YAW,0.52,GYRO,-10,47,-10,ACC,-1,1,253,ADC,1249,384,6,2,"
22.3861,terug,60,MM0 ?V
22.3861,terug,60,MM1 ?V
22.3861,terug,60,MM0 V=120:221:4908
22.3861,terug,60,MM1 V=120:223:4900
22.4376,terug,0,"#171,YAW,0.52,GYRO,-10,-13,-29,ACC,42,4,267,ADC,1274,414,5,2,"
22.4376,terug,0,MM1 ?CR
22.4376,terug,0,MM0 ?CR
22.4376,terug,0,MM1 CR=1:0
22.4376,terug,0,MM0 CR=0:0
22.4376,terug,0,"#172,YAW,0.52,GYRO,-3,82,-15,ACC,17,2,252,ADC,1279,390,5,1,"
22.4376,terug,0,MM1 ?A
22.4376,terug,0,MM0 ?A
22.4376,terug,0,MM0 A=0:0
22.4376,terug,0,MM1 A=0:0
22.4376,terug,0,MM0 !M 0 0
22.4376,terug,0,MM1 !M 0 0
22.4376,terug,0,MM0 +
22.4376,terug,0,MM1 +
22.4376,terug,0,MM0 !M 0 0
22.4376,terug,0,MM1 !M 0 0
22.4376,terug,0,MM0 +
22.4376,terug,0,MM1 +
22.4377,terug,0,"$GPRMC,100714.4,A,5050.53542,N,00419.37928,E,000.89,023.2,021026,000.4,E*50"
22.4377,terug,0,"#173,YAW,0.52,GYRO,-12,57,11,ACC,-9,1,243,ADC,1241,304,4,1,"
22.4377,terug,0,MM1 ?AI
22.4377,terug,0,MM0 ?AI
22.4377,terug,0,MM1 AI=0:0:2375:2369:0:0
22.4886,terug,0,MM0 AI=0:0:2454:2469:0:0
22.4887,terug,0,"#174,YAW,0.51,GYRO,-2,48,17,ACC,-4,2,259,ADC,1254,395,5,2,"
22.4887,terug,0,MM0 ?C
22.4887,terug,0,MM1 ?C
22.4887,terug,0,MM0 C=-433:341
22.4887,terug,0,MM1 C=1152:-1261
22.4887,terug,0,MM0 !M 0 0
22.4887,terug,0,MM0 +
22.4887,terug,0,MM1 !M 0 0
22.4887,terug,0,MM1 +
22.4887,terug,0,"#175,YAW,0.51,GYRO,-18,58,4,ACC,-9,4,249,ADC,1230,388,6,2,"
22.4887,terug,0,MM0 ?D
22.4887,terug,0,MM1 ?D
22.4887,terug,0,MM0 D=49
22.4887,terug,0,MM1 D=32
22.4887,terug,0,"#176,YAW,0.51,GYRO,-4,48,-21,ACC,-3,1,256,ADC,1262,390,5,1,"
22.4887,terug,0,MM1 ?FF
22.5391,terug,0,MM0 ?FF
22.5392,terug,0,MM1 FF=0
22.5392,terug,0,MM0 FF=0
22.5392,terug,0,"#177,YAW,0.51,GYRO,-14,40,-31,ACC,-12,2,255,ADC,1197,384,5,1,"
22.5392,terug,0,MM1 ?P
22.5392,terug,0,MM0 ?P
22.5392,terug,0,MM1 P=0:0
22.5392,terug,0,MM0 P=0:0
22.5392,terug,0,MM1 !M 0 0
22.5392,terug,0,MM0 !M 0 0
22.5392,terug,0,MM1 +
22.5392,terug,0,MM0 +
22.5392,terug,0,"#178,YAW,0.51,GYRO,-8,52,-20,ACC,-16,3,262,ADC,1236,380,4,2,"
22.5392,terug,0,MM1 ?S
22.5393,terug,0,MM0 ?S
22.5393,terug,0,MM1 S=0:0
22.5393,terug,0,MM0 S=0:0
22.5908,terug,0,"#179,YAW,0.51,GYRO,-7,44,-8,ACC,-6,3,254,ADC,1278,404,4,2,"
22.5908,terug,0,MM1 ?T
22.5908,terug,0,MM0 ?T
22.5908,terug,0,MM1 T=37:34
22.5908,terug,0,MM0 T=35:35
22.5908,terug,0,MM1 !M 0 0
22.5908,terug,0,MM0 !M 0 0
22.5908,terug,0,MM1 +
22.5908,terug,0,MM0 +
22.5908,terug,0,"#180,YAW,0.51,GYRO,-13,46,0,ACC,-5,4,250,ADC,1201,274,4,2,"
22.5908,terug,0,MM0 ?V
22.5908,terug,0,MM1 ?V
22.5908,terug,0,MM0 V=120:221:4907
22.5908,terug,0,MM1 V=120:221:4898
22.5908,terug,0,"#181,YAW,0.51,GYRO,-7,51,1,ACC,-8,4,263,ADC,1280,500,4,2,"
22.5908,terug,0,MM1 ?CR
22.5908,terug,0,MM0 ?CR
22.6396,terug,0,MM1 CR=0:-1
22.6397,terug,0,MM0 CR=0:0
22.6397,terug,0,"#182,YAW,0.51,GYRO,-10,42,-6,ACC,-5,1,255,ADC,1272,501,5,2,"
22.6397,terug,0,MM1 ?A
22.6397,terug,0,MM0 ?A
22.6397,terug,0,MM1 A=0:0
22.6397,terug,0,MM0 A=0:0
22.6397,terug,0,MM1 !M 0 0
22.6397,terug,0,MM0 !M 0 0
22.6397,terug,0,MM1 +
22.6397,terug,0,MM0 +
22.6397,terug,0,"$GPRMC,100714.6,A,5050.53556,N,00419.37927,E,000.90,022.7,021026,000.4,E*54"
22.6397,terug,0,"#183,YAW,0.51,GYRO,-12,46,-16,ACC,0,1,256,ADC,1246,383,4,2,"
22.6397,terug,0,MM0 ?AI
22.6397,terug,0,MM1 ?AI
22.6397,terug,0,MM0 AI=0:0:2456:2459:0:0
22.6905,terug,0,MM1 AI=0:0:2379:2375:0:0
22.6905,terug,0,"#184,YAW,0.51,GYRO,-10,47,-19,ACC,-2,2,258,ADC,1262,383,4,2,"
22.6905,terug,0,MM1 ?C
22.6905,terug,0,MM0 ?C
22.6905,terug,0,MM0 C=-433:341
22.6905,terug,0,MM1 C=1152:-1261
22.6905,terug,0,MM0 !M 0 0
22.6905,terug,0,MM1 !M 0 0
22.6905,terug,0,MM0 +
22.6905,terug,0,MM1 +
22.6905,terug,0,"#185,YAW,0.51,GYRO,-8,42,-12,ACC,-1,5,251,ADC,1231,415,5,2,"
22.6905,terug,0,MM1 ?D
22.6905,terug,0,MM0 ?D
22.6905,terug,0,MM1 D=32
22.6905,terug,0,MM0 D=49
22.6906,terug,0,"#186,YAW,0.51,GYRO,-10,46,-4,ACC,10,2,258,ADC,1256,500,6,2,"
22.6906,terug,0,MM1 ?FF
22.6906,terug,0,MM0 ?FF
22.6906,terug,0,MM1 FF=0
22.7402,terug,0,MM0 FF=0
22.7402,terug,0,"#187,YAW,0.51,GYRO,-10,34,3,ACC,16,2,257,ADC,1239,383,3,1,"
22.7402,terug,0,MM1 ?P
22.7402,terug,0,MM0 ?P
22.7402,terug,0,MM1 P=0:0
22.7402,terug,0,MM0 P=0:0
22.7402,terug,0,MM1 !M 0 0
22.7402,terug,0,MM0 !M 0 0
22.7402,terug,0,MM1 +
22.7402,terug,0,MM0 +
22.7402,terug,0,"#188,YAW,0.51,GYRO,-8,50,-1,ACC,17,-10,267,ADC,1243,500,6,2,"
22.7402,terug,0,MM1 ?S
22.7402,terug,0,MM0 ?S
22.7402,terug,0,MM1 S=0:0
22.7402,terug,0,MM0 S=0:0
22.7970,terug,0,"#189,YAW,0.51,GYRO,-11,47,-10,ACC,10,3,256,ADC,1290,500,5,2,"
22.7971,terug,0,MM1 ?T
22.7971,terug,0,MM0 ?T
22.7971,terug,0,MM1 T=36:34
22.7971,terug,0,MM0 T=35:35
22.7972,terug,0,"#190,YAW,0.51,GYRO,-9,51,-17,ACC,6,1,254,ADC,1231,386,5,2,"
22.7973,terug,0,MM0 ?V
22.7973,terug,0,MM1 ?V
22.7973,terug,0,MM1 V=120:223:4897
22.7973,terug,0,MM0 V=120:222:4909
22.7973,terug,0,MM1 !M 0 0
22.7973,terug,0,MM0 !M 0 0
22.7973,terug,0,MM1 +
22.7973,terug,0,MM0 +
22.7973,terug,0,"#191,YAW,0.51,GYRO,-9,53,-12,ACC,0,1,259,ADC,1255,397,4,2,"
22.7973,terug,0,MM1 ?CR
22.7973,terug,0,MM0 ?CR
22.7973,terug,0,MM1 CR=0:0
22.7973,terug,0,MM0 CR=0:0
22.8314,terug,0,"#192,YAW,0.51,GYRO,-11,45,-9,ACC,-2,2,252,ADC,1202,394,5,2,"
22.8314,terug,0,MM0 !M 0 0
22.8314,terug,0,MM0 +
22.8314,terug,0,MM1 !M 0 0
22.8314,terug,0,MM1 +
22.8314,terug,0,MM1 ?A
22.8314,terug,0,MM0 ?A
22.8314,terug,0,MM1 A=0:0
22.8314,terug,0,MM0 A=0:0
22.8314,terug,0,"#193,YAW,0.51,GYRO,-8,50,-8,ACC,3,2,259,ADC,1230,501,5,2,"
22.8523,terug,0,"$GPRMC,100714.8,A,5050.53567,N,00419.37930,E,000.91,022.2,021026,000.4,E*5A"
22.8524,terug,0,MM0 ?AI
22.8524,terug,0,MM1 ?AI
22.8524,terug,0,MM0 AI=0:0:2454:2462:0:0
22.8524,terug,0,MM1 AI=0:0:2369:2347:0:0
22.8524,terug,0,"#194,YAW,0.51,GYRO,-10,46,-7,ACC,1,0,255,ADC,1257,384,7,2,"
22.8524,terug,0,MM0 ?C
22.8524,terug,0,MM1 ?C
22.8524,terug,0,MM0 C=-433:341
22.8524,terug,0,MM1 C=1152:-1261
22.8862,terug,0,MM1 !M 0 0
22.8862,terug,0,MM0 !M 0 0
22.8862,terug,0,MM1 +
22.8862,terug,0,MM0 +
22.8862,terug,0,"#195,YAW,0.50,GYRO,-8,48,-8,ACC,1,4,260,ADC,1234,382,4,2,"
22.8862,terug,0,MM1 ?D
22.8862,terug,0,MM0 ?D
22.8862,terug,0,MM1 D=32
22.8863,terug,0,MM0 D=57
22.9073,terug,0,"#196,YAW,0.50,GYRO,-8,48,-10,ACC,0,1,254,ADC,1226,383,4,1,"
22.9073,terug,0,MM1 ?FF
22.9073,terug,0,MM0 ?FF
22.9073,terug,0,MM1 FF=0
22.9073,terug,0,MM0 FF=0
22.9411,terug,0,"#197,YAW,0.50,GYRO,-11,45,-11,ACC,0,2,256,ADC,1240,384,5,2,"
22.9411,terug,0,MM1 ?P
22.9411,terug,0,MM0 ?P
22.9411,terug,0,MM1 P=0:0
22.9411,terug,0,MM0 P=0:0
22.9411,terug,0,MM1 !M 0 0
22.9411,terug,0,MM0 !M 0 0
22.9411,terug,0,MM1 +
22.9411,terug,0,MM0 +
22.9411,terug,0,"#198,YAW,0.50,GYRO,-9,47,-8,ACC,1,4,255,ADC,1241,500,7,1,"
22.9411,terug,0,MM0 ?S
22.9412,terug,0,MM1 ?S
22.9412,terug,0,MM0 S=0:0
22.9412,terug,0,MM1 S=0:0
22.9943,terug,0,"#199,YAW,0.50,GYRO,-9,44,-5,ACC,0,2,251,ADC,1257,498,5,2,"
22.9943,terug,0,MM0 ?T
22.9943,terug,0,MM1 ?T
22.9943,terug,0,MM0 T=35:35
22.9943,terug,0,MM1 T=36:34
22.9943,terug,0,"#200,YAW,0.50,GYRO,-9,45,-3,ACC,0,3,257,ADC,1297,390,5,2,"
22.9944,terug,0,MM0 ?V
22.9944,terug,0,MM1 ?V
22.9944,terug,0,MM0 V=120:222:4907
22.9944,terug,0,MM1 V=120:222:4898
22.9944,terug,0,MM1 !M 0 0
22.9944,terug,0,MM0 !M 0 0
22.9944,terug,0,MM1 +
22.9944,terug,0,MM0 +
22.9944,terug,0,"#201,YAW,0.50,GYRO,-9,45,-7,ACC,3,1,256,ADC,1269,500,5,2,"
22.9944,terug,0,MM0 ?CR
22.9944,terug,0,MM1 ?CR
22.9944,terug,0,MM0 CR=0:0
22.9944,terug,0,MM1 CR=0:0
23.0455,terug,0,"#202,YAW,0.51,GYRO,-9,47,-10,ACC,4,2,253,ADC,1256,500,6,2,"
23.0455,terug,0,MM1 ?A
23.0455,terug,0,MM0 ?A
23.0455,terug,0,MM0 A=0:0
23.0455,terug,0,MM1 A=0:0
23.0455,terug,0,MM1 !M 0 0
23.0455,terug,0,MM0 !M 0 0
23.0455,terug,0,MM1 +
23.0455,terug,0,MM0 +
23.0455,terug,0,"#203,YAW,0.51,GYRO,-10,48,-9,ACC,4,1,256,ADC,1238,380,5,2,"
23.0455,terug,0,"$GPRMC,100715.0,A,5050.53575,N,00419.37930,E,000.92,021.8,021026,000.4,E*5A"
23.0455,terug,0,MM0 ?AI
23.0455,terug,0,MM1 ?AI
23.0455,terug,0,MM0 AI=0:0:2477:2470:0:0
23.0455,terug,0,MM1 AI=0:0:2363:2209:0:0
23.0952,terug,0,"#204,YAW,0.51,GYRO,-9,48,-11,ACC,-1,1,254,ADC,1249,380,7,2,"
23.0952,terug,0,MM0 ?C
23.0952,terug,0,MM1 ?C
23.0952,terug,0,MM0 C=-433:341
23.0952,terug,0,MM1 C=1152:-1261
23.0953,terug,0,"#205,YAW,0.50,GYRO,-11,49,-11,ACC,0,1,255,ADC,1283,396,4,2,"
23.0953,terug,0,MM0 ?D
23.0953,terug,0,MM1 ?D
23.0953,terug,0,MM0 D=49
23.0953,terug,0,MM1 D=40
23.0953,terug,0,MM0 !M 0 0
23.0953,terug,0,MM1 !M 0 0
23.0953,terug,0,MM0 +
23.0953,terug,0,MM1 +
23.0953,terug,0,"#206,YAW,0.50,GYRO,-10,48,-11,ACC,-3,2,252,ADC,1260,497,6,2,"
23.0953,terug,0,MM0 ?FF
23.0953,terug,0,MM1 ?FF
23.0953,terug,0,MM0 FF=0
23.0953,terug,0,MM1 FF=0
23.1485,terug,0,"#207,YAW,0.50,GYRO,-9,46,-12,ACC,2,1,257,ADC,1298,397,4,3,"
23.1485,terug,0,MM0 ?P
23.1485,terug,0,MM1 ?P
23.1485,terug,0,MM0 P=0:0
23.1485,terug,0,MM1 P=0:0
23.1485,terug,0,MM0 !M 0 0
23.1485,terug,0,MM1 !M 0 0
23.1485,terug,0,MM0 +
23.1485,terug,0,MM1 +
23.1485,terug,0,"#208,YAW,0.50,GYRO,-10,47,-9,ACC,-1,0,256,ADC,1271,328,6,2,"
23.1485,terug,0,MM0 ?S
23.1485,terug,0,MM1 ?S
23.1485,terug,0,MM0 S=0:0
23.1486,terug,0,MM1 S=0:0
23.1486,terug,0,"#209,YAW,0.50,GYRO,-10,47,-9,ACC,2,1,255,ADC,1256,500,5,2,"
23.1486,terug,0,MM0 ?T
23.1975,terug,0,MM1 ?T
23.1975,terug,0,MM0 T=35:35
23.1975,terug,0,MM1 T=37:34
23.1975,terug,0,"#210,YAW,0.50,GYRO,-10,48,-9,ACC,5,1,256,ADC,1246,391,5,1,"
23.1975,terug,0,MM0 ?V
23.1975,terug,0,MM1 ?V
23.1975,terug,0,MM0 V=120:222:4909
23.1976,terug,0,MM1 V=120:222:4898
23.1976,terug,0,MM0 !M 0 0
23.1976,terug,0,MM0 +
23.1976,terug,0,MM1 !M 0 0
23.1976,terug,0,MM1 +
23.1976,terug,0,"#211,YAW,0.50,GYRO,-9,47,-8,ACC,4,1,257,ADC,1256,500,5,2,"
23.1976,terug,0,MM0 ?CR
23.1976,terug,0,MM1 ?CR
23.1976,terug,0,MM0 CR=0:0
23.1976,terug,0,MM1 CR=0:0
23.2529,terug,0,"#212,YAW,0.50,GYRO,-10,47,-9,ACC,0,2,254,ADC,1247,382,5,2,"
23.2530,terug,0,MM0 ?A
23.2530,terug,0,MM1 ?A
23.2530,terug,0,MM0 A=0:0
23.2530,terug,0,MM1 A=0:0
23.2530,terug,0,"#213,YAW,0.50,GYRO,-10,47,-10,ACC,2,2,257,ADC,1271,382,7,2,"
23.2530,terug,0,"$GPRMC,100715.2,A,5050.53587,N,00419.37928,E,000.93,021.3,021026,000.4,E*56"
23.2530,terug,0,MM0 ?AI
23.2530,terug,0,MM1 ?AI
23.2530,terug,0,MM0 AI=0:0:2449:2472:0:0
23.2530,terug,0,MM1 AI=0:0:2372:2376:0:0
23.2530,terug,0,MM0 !M 0 0
23.2530,terug,0,MM1 !M 0 0
23.2530,terug,0,MM0 +
23.2530,terug,0,MM1 +
23.2530,terug,0,"#214,YAW,0.50,GYRO,-10,46,-9,ACC,5,2,259,ADC,1231,301,3,2,"
23.2530,terug,0,MM0 ?C
23.2530,terug,0,MM1 ?C
23.2530,terug,0,MM0 C=-433:341
23.2875,terug,0,MM1 C=1152:-1261
23.2875,terug,0,MM0 !M 0 0
23.2875,terug,0,MM1 !M 0 0
23.2875,terug,0,MM0 +
23.2875,terug,0,MM1 +
23.2875,terug,0,"#215,YAW,0.50,GYRO,-9,49,-10,ACC,2,1,253,ADC,1257,288,5,1,"
23.2876,terug,0,MM0 ?D
23.2876,terug,0,MM1 ?D
23.2876,terug,0,MM0 D=49
23.2876,terug,0,MM1 D=32
23.3091,terug,0,"#216,YAW,0.50,GYRO,-10,46,-9,ACC,6,3,250,ADC,1244,499,5,2,"
23.3091,terug,0,MM0 ?FF
23.3091,terug,0,MM1 ?FF
23.3091,terug,0,MM0 FF=0
23.3091,terug,0,MM1 FF=0
23.3091,terug,0,"#217,YAW,0.50,GYRO,-10,47,-9,ACC,3,2,255,ADC,1245,497,6,2,"
23.3091,terug,0,MM0 ?P
23.3432,terug,0,MM1 ?P
23.3433,terug,0,MM0 P=0:0
23.3433,terug,0,MM1 P=0:0
23.3433,terug,0,MM1 !M 0 0
23.3433,terug,0,MM0 !M 0 0
23.3433,terug,0,MM0 +
23.3433,terug,0,MM1 +
23.3433,terug,0,"#218,YAW,0.50,GYRO,-10,47,-10,ACC,1,3,258,ADC,1240,397,4,2,"
23.3433,terug,0,MM0 ?S
23.3433,terug,0,MM1 ?S
23.3433,terug,0,MM0 S=0:0
23.3433,terug,0,MM1 S=0:0
23.3645,terug,0,"#219,YAW,0.50,GYRO,-10,45,-8,ACC,1,4,250,ADC,1232,386,7,2,"
23.3646,terug,0,MM0 ?T
23.3646,terug,0,MM1 ?T
23.3646,terug,0,MM0 T=35:35
23.3646,terug,0,MM1 T=37:34
23.3984,terug,0,"#220,YAW,0.50,GYRO,-9,48,-11,ACC,2,1,258,ADC,1228,396,3,2,"
23.3984,terug,0,MM0 ?V
23.3984,terug,0,MM1 ?V
23.3984,terug,0,MM0 V=120:220:4908
23.3984,terug,0,MM1 V=120:222:4898
23.3984,terug,0,MM0 !M 0 0
23.3984,terug,0,MM1 !M 0 0
23.3984,terug,0,MM0 +
23.3984,terug,0,MM1 +
23.3984,terug,0,"#221,YAW,0.50,GYRO,-9,48,-11,ACC,3,1,257,ADC,1270,499,5,2,"
23.3984,terug,0,MM0 ?CR
23.3985,terug,0,MM1 ?CR
23.3985,terug,0,MM0 CR=0:0
23.3985,terug,0,MM1 CR=0:0
23.4505,terug,0,"#222,YAW,0.50,GYRO,-10,46,-10,ACC,1,2,254,ADC,1205,381,6,1,"
23.4505,terug,0,MM0 ?A
23.4505,terug,0,MM1 ?A
23.4505,terug,0,MM0 A=0:0
23.4505,terug,0,MM1 A=0:0
23.4505,terug,0,"$GPRMC,100715.4,A,5050.53601,N,00419.37925,E,000.93,020.7,021026,000.4,E*55"
23.4505,terug,0,MM0 !M 0 0
23.4505,terug,0,MM1 !M 0 0
23.4505,terug,0,MM0 +
23.4505,terug,0,MM1 +
23.4505,terug,0,"#223,YAW,0.50,GYRO,-11,48,-9,ACC,1,4,254,ADC,1239,381,5,1,"
23.4505,terug,0,MM0 ?AI
23.4505,terug,0,MM1 ?AI
23.4506,terug,0,MM0 AI=0:0:2446:2463:0:0
23.4506,terug,0,MM1 AI=0:0:2371:2377:0:0
23.4506,terug,0,"#224,YAW,0.49,GYRO,-8,48,-9,ACC,6,1,253,ADC,1232,316,5,2,"
23.4506,terug,0,MM0 ?C
23.4506,terug,0,MM1 ?C
23.4506,terug,0,MM0 C=-433:341
23.4535,terug,0,STOP terug -3.0020
23.5002,uitbollen,0,MM1 C=1152:-1261
23.5003,uitbollen,0,"#225,YAW,0.49,GYRO,-10,47,-9,ACC,2,3,257,ADC,1264,386,7,2,"
23.5003,uitbollen,0,MM0 ?D
23.5003,uitbollen,0,MM1 ?D
23.5003,uitbollen,0,MM0 D=49
23.5003,uitbollen,0,MM1 D=32
23.5003,uitbollen,0,MM0 !M 0 0
23.5003,uitbollen,0,MM1 !M 0 0
23.5003,uitbollen,0,MM0 +
23.5003,uitbollen,0,MM1 +
23.5003,uitbollen,0,"#226,YAW,0.49,GYRO,-9,47,-9,ACC,-1,2,254,ADC,1235,382,7,2,"
23.5003,uitbollen,0,MM0 ?FF
23.5003,uitbollen,0,MM1 ?FF
23.5003,uitbollen,0,MM0 FF=0
23.5003,uitbollen,0,MM1 FF=0
23.5210,uitbollen,0,"#227,YAW,0.49,GYRO,-9,46,-9,ACC,1,2,257,ADC,1219,494,7,3,"
23.5210,uitbollen,0,MM0 ?P
23.5210,uitbollen,0,MM1 ?P
23.5210,uitbollen,0,MM0 P=0:0
23.5210,uitbollen,0,MM1 P=0:0
23.5421,uitbollen,0,"#228,YAW,0.49,GYRO,-9,47,-10,ACC,2,4,259,ADC,1221,393,6,2,"
23.5421,uitbollen,0,MM1 ?S
23.5421,uitbollen,0,MM0 ?S
23.5421,uitbollen,0,MM0 S=0:0
23.5421,uitbollen,0,MM1 S=0:0
23.5641,uitbollen,0,"#229,YAW,0.49,GYRO,-10,47,-10,ACC,1,1,254,ADC,1208,378,4,1,"
23.5641,uitbollen,0,MM0 ?T
23.5641,uitbollen,0,MM1 ?T
23.5641,uitbollen,0,MM0 T=35:35
23.5641,uitbollen,0,MM1 T=36:34
23.5981,uitbollen,0,"#230,YAW,0.49,GYRO,-7,47,-9,ACC,1,3,259,ADC,1287,499,6,1,"
23.5981,uitbollen,0,MM0 ?V
23.5981,uitbollen,0,MM1 ?V
23.5981,uitbollen,0,MM0 V=120:222:4907
23.5982,uitbollen,0,MM1 V=120:223:4898
23.5982,uitbollen,0,MM0 !M 0 0
23.5982,uitbollen,0,MM1 !M 0 0
23.5982,uitbollen,0,MM0 +
23.5982,uitbollen,0,MM1 +
23.5982,uitbollen,0,"#231,YAW,0.49,GYRO,-9,48,-9,ACC,4,2,260,ADC,1251,500,4,2,"
23.5982,uitbollen,0,MM0 ?CR
23.5982,uitbollen,0,MM1 ?CR
23.5982,uitbollen,0,MM0 CR=0:0
23.5982,uitbollen,0,MM1 CR=0:0
23.6202,uitbollen,0,"#232,YAW,0.49,GYRO,-10,46,-10,ACC,4,1,255,ADC,1299,400,7,2,"
23.6202,uitbollen,0,MM0 ?A
23.6202,uitbollen,0,MM1 ?A
23.6202,uitbollen,0,MM0 A=0:0
23.6202,uitbollen,0,MM1 A=0:0
23.6401,uitbollen,0,"$GPRMC,100715.6,A,5050.53612,N,00419.37923,E,000.94,020.2,021026,000.4,E*51"
23.6401,uitbollen,0,"#233,YAW,0.49,GYRO,-10,46,-9,ACC,2,2,253,ADC,1290,314,4,2,"
23.6401,uitbollen,0,MM0 ?AI
23.6401,uitbollen,0,MM1 ?AI
23.6401,uitbollen,0,MM0 AI=0:0:2449:2476:0:0
23.6401,uitbollen,0,MM1 AI=0:0:2391:2379:0:0
23.6610,uitbollen,0,"#234,YAW,0.49,GYRO,-9,49,-9,ACC,1,4,256,ADC,1290,401,6,2,"
23.6610,uitbollen,0,MM0 ?C
23.6610,uitbollen,0,MM1 ?C
23.6610,uitbollen,0,MM0 C=-433:341
23.6610,uitbollen,0,MM1 C=1152:-1261
23.6959,uitbollen,0,"#235,YAW,0.49,GYRO,-9,46,-9,ACC,4,1,256,ADC,1238,385,4,2,"
23.6960,uitbollen,0,MM0 ?D
23.6960,uitbollen,0,MM1 ?D
23.6960,uitbollen,0,MM0 D=49
23.6960,uitbollen,0,MM1 D=32
23.6960,uitbollen,0,MM1 !M 0 0
23.6960,uitbollen,0,MM0 !M 0 0
23.6960,uitbollen,0,MM1 +
23.6960,uitbollen,0,MM0 +
23.6960,uitbollen,0,"#236,YAW,0.49,GYRO,-10,46,-8,ACC,-2,3,253,ADC,1204,381,4,1,"
23.6960,uitbollen,0,MM0 ?FF
23.6960,uitbollen,0,MM1 ?FF
23.6960,uitbollen,0,MM0 FF=0
23.6960,uitbollen,0,MM1 FF=0
23.7164,uitbollen,0,"#237,YAW,0.49,GYRO,-8,47,-10,ACC,2,2,256,ADC,1281,501,5,2,"
23.7164,uitbollen,0,MM0 ?P
23.7164,uitbollen,0,MM1 ?P
23.7164,uitbollen,0,MM0 P=0:0
23.7164,uitbollen,0,MM1 P=0:0
23.7370,uitbollen,0,"#238,YAW,0.49,GYRO,-8,48,-9,ACC,3,2,257,ADC,1224,383,6,2,"
23.7371,uitbollen,0,MM0 ?S
23.7371,uitbollen,0,MM1 ?S
23.7371,uitbollen,0,MM0 S=0:0
23.7371,uitbollen,0,MM1 S=0:0
23.7586,uitbollen,0,"#239,YAW,0.49,GYRO,-9,46,-9,ACC,3,2,255,ADC,1248,497,6,2,"
23.7587,uitbollen,0,MM0 ?T
23.7587,uitbollen,0,MM1 ?T
23.7587,uitbollen,0,MM0 T=35:35
23.7587,uitbollen,0,MM1 T=37:34
23.7922,uitbollen,0,"#240,YAW,0.49,GYRO,-9,49,-9,ACC,2,2,253,ADC,1248,497,6,2,"
23.7922,uitbollen,0,MM0 ?V
23.7922,uitbollen,0,MM1 ?V
23.7922,uitbollen,0,MM0 V=120:221:4909
23.7922,uitbollen,0,MM1 V=120:222:4898
23.7923,uitbollen,0,MM0 !M 0 0
23.7923,uitbollen,0,MM1 !M 0 0
23.7923,uitbollen,0,MM0 +
23.7923,uitbollen,0,MM1 +
23.7923,uitbollen,0,"#241,YAW,0.49,GYRO,-10,47,-9,ACC,2,2,253,ADC,1237,394,6,1,"
23.7923,uitbollen,0,MM0 ?CR
23.7923,uitbollen,0,MM1 ?CR
23.7923,uitbollen,0,MM0 CR=0:0
23.7923,uitbollen,0,MM1 CR=0:0
23.8130,uitbollen,0,"#242,YAW,0.49,GYRO,-8,47,-9,ACC,1,2,259,ADC,1282,399,5,2,"
23.8130,uitbollen,0,MM0 ?A
23.8130,uitbollen,0,MM1 ?A
23.8130,uitbollen,0,MM0 A=0:0
23.8130,uitbollen,0,MM1 A=0:0
23.8355,uitbollen,0,"#243,YAW,0.49,GYRO,-9,48,-9,ACC,-2,2,256,ADC,1272,383,5,1,"
23.8355,uitbollen,0,MM0 ?AI
23.8355,uitbollen,0,MM1 ?AI
23.8551,uitbollen,0,"$GPRMC,100715.8,A,5050.53624,N,00419.37921,E,000.95,019.7,021026,000.4,E*56"
23.8551,uitbollen,0,MM0 AI=0:0:2476:2474:0:0
23.8551,uitbollen,0,MM1 AI=0:0:2379:2360:0:0
23.8551,uitbollen,0,"#244,YAW,0.49,GYRO,-8,48,-9,ACC,1,3,254,ADC,1294,419,4,2,"
23.8551,uitbollen,0,MM0 ?C
23.8551,uitbollen,0,MM1 ?C
23.8551,uitbollen,0,MM0 C=-433:341
23.8552,uitbollen,0,MM1 C=1152:-1261
23.9021,uitbollen,0,"#245,YAW,0.48,GYRO,-10,48,-9,ACC,3,2,259,ADC,1264,385,6,2,"
23.9022,uitbollen,0,MM0 ?D
23.9022,uitbollen,0,MM1 ?D
23.9022,uitbollen,0,MM0 D=49
23.9022,uitbollen,0,MM1 D=32
23.9022,uitbollen,0,MM0 !M 0 0
23.9022,uitbollen,0,MM1 !M 0 0
23.9022,uitbollen,0,MM0 +
23.9022,uitbollen,0,MM1 +
23.9022,uitbollen,0,"#246,YAW,0.48,GYRO,-9,47,-9,ACC,1,2,254,ADC,1277,501,6,2,"
23.9022,uitbollen,0,MM0 ?FF
23.9022,uitbollen,0,MM1 ?FF
23.9022,uitbollen,0,MM0 FF=0
23.9022,uitbollen,0,MM1 FF=0
23.9233,uitbollen,0,"#247,YAW,0.48,GYRO,-9,48,-9,ACC,-2,3,258,ADC,1251,501,5,2,"
23.9233,uitbollen,0,MM0 ?P
23.9233,uitbollen,0,MM1 ?P
23.9233,uitbollen,0,MM0 P=0:0
23.9234,uitbollen,0,MM1 P=0:0
23.9442,uitbollen,0,"#248,YAW,0.48,GYRO,-8,47,-10,ACC,1,4,258,ADC,1271,387,4,2,"
23.9442,uitbollen,0,MM0 ?S
23.9442,uitbollen,0,MM1 ?S
23.9442,uitbollen,0,MM0 S=0:0
23.9442,uitbollen,0,MM1 S=0:0
23.9655,uitbollen,0,"#249,YAW,0.48,GYRO,-9,46,-9,ACC,4,-1,253,ADC,1246,502,6,2,"
23.9655,uitbollen,0,MM0 ?T
23.9655,uitbollen,0,MM1 ?T
23.9655,uitbollen,0,MM0 T=35:35
23.9655,uitbollen,0,MM1 T=37:34
24.0002,uitbollen,0,"#250,YAW,0.48,GYRO,-10,48,-10,ACC,2,2,254,ADC,1230,382,6,2,"
24.0002,uitbollen,0,MM0 ?V
24.0002,uitbollen,0,MM1 ?V
24.0002,uitbollen,0,MM0 V=120:222:4908
24.0003,uitbollen,0,MM1 V=120:223:4899
24.0003,uitbollen,0,MM1 !M 0 0
24.0003,uitbollen,0,MM0 !M 0 0
24.0003,uitbollen,0,MM1 +
24.0003,uitbollen,0,MM0 +
24.0003,uitbollen,0,"#251,YAW,0.48,GYRO,-10,48,-10,ACC,5,2,257,ADC,1220,382,5,2,"
24.0003,uitbollen,0,MM0 ?CR
24.0003,uitbollen,0,MM1 ?CR
24.0003,uitbollen,0,MM0 CR=0:0
24.0003,uitbollen,0,MM1 CR=0:0
24.0201,uitbollen,0,"#252,YAW,0.48,GYRO,-8,47,-8,ACC,2,2,256,ADC,1292,503,5,3,"
24.0201,uitbollen,0,MM0 ?A
24.0201,uitbollen,0,MM1 ?A
24.0201,uitbollen,0,MM0 A=0:0
24.0201,uitbollen,0,MM1 A=0:0
24.0411,uitbollen,0,"#253,YAW,0.48,GYRO,-8,47,-8,ACC,0,2,255,ADC,1249,499,4,2,"
24.0411,uitbollen,0,"$GPRMC,100716.0,A,5050.53629,N,00419.37921,E,000.95,019.1,021026,000.4,E*56"
24.0411,uitbollen,0,MM0 ?AI
24.0411,uitbollen,0,MM1 ?AI
24.0411,uitbollen,0,MM0 AI=0:0:2467:2462:0:0
24.0411,uitbollen,0,MM1 AI=0:0:2374:2357:0:0
24.0626,uitbollen,0,"#254,YAW,0.48,GYRO,-8,46,-10,ACC,3,3,260,ADC,1300,500,6,2,"
24.0627,uitbollen,0,MM0 ?C
24.0627,uitbollen,0,MM1 ?C
24.0627,uitbollen,0,MM0 C=-433:341
24.0627,uitbollen,0,MM1 C=1152:-1261
24.0964,uitbollen,0,"#255,YAW,0.48,GYRO,-8,46,-8,ACC,1,3,254,ADC,1273,397,7,1,"
24.0964,uitbollen,0,MM0 ?D
24.0965,uitbollen,0,MM1 ?D
24.0965,uitbollen,0,MM0 D=49
24.0965,uitbollen,0,MM1 D=32
24.0965,uitbollen,0,MM0 !M 0 0
24.0965,uitbollen,0,MM1 !M 0 0
24.0965,uitbollen,0,MM0 +
24.0965,uitbollen,0,MM1 +
24.0965,uitbollen,0,"#0,YAW,0.48,GYRO,-8,48,-9,ACC,4,1,255,ADC,1247,402,5,2,"
24.0965,uitbollen,0,MM0 ?FF
24.0965,uitbollen,0,MM1 ?FF
24.0965,uitbollen,0,MM0 FF=0
24.0965,uitbollen,0,MM1 FF=0
24.1172,uitbollen,0,"#1,YAW,0.48,GYRO,-8,47,-9,ACC,0,4,256,ADC,1229,498,4,2,"
24.1173,uitbollen,0,MM0 ?P
24.1173,uitbollen,0,MM1 ?P
24.1173,uitbollen,0,MM0 P=0:0
24.1173,uitbollen,0,MM1 P=0:0
24.1381,uitbollen,0,"#2,YAW,0.48,GYRO,-9,48,-10,ACC,4,3,256,ADC,1290,485,5,2,"
24.1382,uitbollen,0,MM0 ?S
24.1382,uitbollen,0,MM1 ?S
24.1382,uitbollen,0,MM0 S=0:0
24.1382,uitbollen,0,MM1 S=0:0
24.1587,uitbollen,0,"#3,YAW,0.48,GYRO,-9,47,-9,ACC,3,2,260,ADC,1248,385,5,2,"
24.1588,uitbollen,0,MM0 ?T
24.1588,uitbollen,0,MM1 ?T
24.1588,uitbollen,0,MM0 T=35:35
24.1588,uitbollen,0,MM1 T=37:34
24.1922,uitbollen,0,"#4,YAW,0.48,GYRO,-9,48,-10,ACC,1,3,253,ADC,1241,384,3,2,"
24.1923,uitbollen,0,MM0 ?V
24.1923,uitbollen,0,MM1 ?V
24.1923,uitbollen,0,MM0 V=120:222:4908
24.1923,uitbollen,0,MM1 V=120:221:4898
24.1923,uitbollen,0,MM0 !M 0 0
24.1923,uitbollen,0,MM1 !M 0 0
24.1923,uitbollen,0,MM0 +
24.1923,uitbollen,0,MM1 +
24.1923,uitbollen,0,"#5,YAW,0.48,GYRO,-9,45,-9,ACC,3,3,256,ADC,1264,384,4,1,"
24.1923,uitbollen,0,MM0 ?CR
24.1923,uitbollen,0,MM1 ?CR
24.1923,uitbollen,0,MM0 CR=0:0
24.1923,uitbollen,0,MM1 CR=0:0
24.2131,uitbollen,0,"#6,YAW,0.48,GYRO,-9,46,-8,ACC,1,2,255,ADC,1232,381,7,2,"
24.2132,uitbollen,0,MM0 ?A
24.2133,uitbollen,0,MM1 ?A
24.2133,uitbollen,0,MM0 A=0:0
24.2133,uitbollen,0,MM1 A=0:0
24.2343,uitbollen,0,"#7,YAW,0.48,GYRO,-9,45,-9,ACC,2,1,252,ADC,1250,500,6,2,"
24.2343,uitbollen,0,"$GPRMC,100716.2,A,5050.53631,N,00419.37923,E,000.95,018.6,021026,000.4,E*59"
24.2553,uitbollen,0,MM0 ?AI
24.2553,uitbollen,0,MM1 ?AI
24.2554,uitbollen,0,MM0 AI=0:0:2441:2474:0:0
24.2554,uitbollen,0,MM1 AI=0:0:2365:2395:0:0
24.2554,uitbollen,0,"#8,YAW,0.48,GYRO,-11,49,-9,ACC,1,3,259,ADC,1231,501,7,2,"
24.2554,uitbollen,0,MM0 ?C
24.2554,uitbollen,0,MM1 ?C
24.2554,uitbollen,0,MM0 C=-433:341
24.2554,uitbollen,0,MM1 C=1152:-1261
24.3044,uitbollen,0,"#9,YAW,0.47,GYRO,-8,47,-8,ACC,1,2,256,ADC,1246,388,5,2,"
24.3044,uitbollen,0,MM0 ?D
24.3044,uitbollen,0,MM1 ?D
24.3044,uitbollen,0,MM0 D=49
24.3044,uitbollen,0,MM1 D=32
24.3044,uitbollen,0,MM1 !M 0 0
24.3044,uitbollen,0,MM0 !M 0 0
24.3044,uitbollen,0,MM1 +
24.3044,uitbollen,0,MM0 +
24.3044,uitbollen,0,"#10,YAW,0.47,GYRO,-9,47,-10,ACC,1,1,254,ADC,1281,497,5,1,"
24.3044,uitbollen,0,MM0 ?FF
24.3044,uitbollen,0,MM1 ?FF
24.3044,uitbollen,0,MM0 FF=0
24.3044,uitbollen,0,MM1 FF=0
24.3263,uitbollen,0,"#11,YAW,0.47,GYRO,-9,47,-8,ACC,3,2,252,ADC,1231,385,6,3,"
24.3263,uitbollen,0,MM0 ?P
24.3263,uitbollen,0,MM1 ?P
24.3263,uitbollen,0,MM0 P=0:0
24.3263,uitbollen,0,MM1 P=0:0
24.3463,uitbollen,0,"#12,YAW,0.47,GYRO,-10,47,-8,ACC,4,3,259,ADC,1253,499,4,2,"
24.3463,uitbollen,0,MM0 ?S
24.3463,uitbollen,0,MM1 ?S
24.3463,uitbollen,0,MM0 S=0:0
24.3463,uitbollen,0,MM1 S=0:0
24.3672,uitbollen,0,"#13,YAW,0.47,GYRO,-10,47,-9,ACC,-2,4,255,ADC,1262,499,5,2,"
24.3672,uitbollen,0,MM0 ?T
24.3672,uitbollen,0,MM1 ?T
24.3672,uitbollen,0,MM0 T=35:35
24.3672,uitbollen,0,MM1 T=36:34
24.3672,uitbollen,0,"#14,YAW,0.47,GYRO,-9,47,-10,ACC,3,4,257,ADC,1252,500,7,3,"
24.4011,uitbollen,0,MM0 ?V
24.4011,uitbollen,0,MM1 ?V
24.4011,uitbollen,0,MM0 V=120:222:4909
24.4011,uitbollen,0,MM1 V=120:222:4898
24.4011,uitbollen,0,MM0 !M 0 0
24.4011,uitbollen,0,MM1 !M 0 0
24.4011,uitbollen,0,MM0 +
24.4011,uitbollen,0,MM1 +
24.4011,uitbollen,0,"#15,YAW,0.47,GYRO,-10,46,-10,ACC,4,3,255,ADC,1254,501,5,2,"
24.4011,uitbollen,0,MM0 ?CR
24.4011,uitbollen,0,MM1 ?CR
24.4011,uitbollen,0,MM0 CR=0:0
24.4011,uitbollen,0,MM1 CR=0:0
24.4221,uitbollen,0,"#16,YAW,0.47,GYRO,-10,47,-10,ACC,2,2,255,ADC,1262,504,5,2,"
24.4221,uitbollen,0,MM0 ?A
24.4221,uitbollen,0,MM1 ?A
24.4221,uitbollen,0,MM0 A=0:0
24.4221,uitbollen,0,MM1 A=0:0
24.4433,uitbollen,0,"#17,YAW,0.47,GYRO,-9,47,-9,ACC,2,2,256,ADC,1296,502,6,2,"
24.4433,uitbollen,0,MM0 ?AI
24.4433,uitbollen,0,MM1 ?AI
24.4433,uitbollen,0,"$GPRMC,100716.4,A,5050.53636,N,00419.37928,E,000.95,018.2,021026,000.4,E*57"
24.4433,uitbollen,0,MM0 AI=0:0:2453:2466:0:0
24.4433,uitbollen,0,MM1 AI=0:0:2365:2378:0:0
24.4645,uitbollen,0,"#18,YAW,0.47,GYRO,-10,47,-9,ACC,5,1,254,ADC,1240,384,5,2,"
24.4645,uitbollen,0,MM0 ?C
24.4645,uitbollen,0,MM1 ?C
24.4645,uitbollen,0,MM0 C=-433:341
24.4645,uitbollen,0,MM1 C=1152:-1261
24.4993,uitbollen,0,"#19,YAW,0.47,GYRO,-8,48,-8,ACC,3,2,255,ADC,1255,503,5,1,"
24.4993,uitbollen,0,MM0 ?D
24.4993,uitbollen,0,MM1 ?D
24.4993,uitbollen,0,MM0 D=49
24.4993,uitbollen,0,MM1 D=32
24.4993,uitbollen,0,MM1 !M 0 0
24.4993,uitbollen,0,MM0 !M 0 0
24.4993,uitbollen,0,MM1 +
24.4993,uitbollen,0,MM0 +
24.4993,uitbollen,0,"#20,YAW,0.47,GYRO,-10,45,-11,ACC,1,4,254,ADC,1263,501,6,2,"
24.4993,uitbollen,0,MM0 ?FF
24.4993,uitbollen,0,MM1 ?FF
24.4994,uitbollen,0,MM0 FF=0
24.4994,uitbollen,0,MM1 FF=0
24.5190,uitbollen,0,"#21,YAW,0.47,GYRO,-9,47,-9,ACC,1,3,253,ADC,1232,382,5,2,"
24.5191,uitbollen,0,MM0 ?P
24.5191,uitbollen,0,MM1 ?P
24.5191,uitbollen,0,MM0 P=0:0
24.5191,uitbollen,0,MM1 P=0:0
24.5400,uitbollen,0,"#22,YAW,0.47,GYRO,-8,49,-9,ACC,3,4,258,ADC,1228,382,5,1,"
24.5400,uitbollen,0,MM0 ?S
24.5400,uitbollen,0,MM1 ?S
24.5401,uitbollen,0,MM0 S=0:0
24.5401,uitbollen,0,MM1 S=0:0
24.5625,uitbollen,0,"#23,YAW,0.47,GYRO,-9,46,-9,ACC,0,4,256,ADC,1226,387,5,2,"
24.5625,uitbollen,0,MM0 ?T
24.5625,uitbollen,0,MM1 ?T
24.5625,uitbollen,0,MM0 T=35:35
24.5625,uitbollen,0,MM1 T=36:34
24.5822,uitbollen,0,"#24,YAW,0.47,GYRO,-9,48,-11,ACC,-1,1,257,ADC,1232,503,7,2,"
24.5822,uitbollen,0,MM0 ?V
24.5822,uitbollen,0,MM1 ?V
24.5822,uitbollen,0,MM0 V=120:222:4908
24.5822,uitbollen,0,MM1 V=120:222:4897
24.5822,uitbollen,0,MM0 !M 0 0
24.5822,uitbollen,0,MM1 !M 0 0
24.5822,uitbollen,0,MM0 +
24.5822,uitbollen,0,MM1 +
24.6032,uitbollen,0,"#25,YAW,0.47,GYRO,-11,48,-9,ACC,-4,4,253,ADC,1238,386,6,2,"
24.6032,uitbollen,0,MM1 ?CR
24.6032,uitbollen,0,MM0 ?CR
24.6032,uitbollen,0,MM1 CR=0:0
24.6032,uitbollen,0,MM0 CR=0:0
24.6245,uitbollen,0,"#26,YAW,0.47,GYRO,-7,48,-9,ACC,-1,1,257,ADC,1283,495,6,2,"
24.6245,uitbollen,0,MM0 ?A
24.6245,uitbollen,0,MM1 ?A
24.6245,uitbollen,0,MM0 A=0:0
24.6245,uitbollen,0,MM1 A=0:0
24.6452,uitbollen,0,"#27,YAW,0.47,GYRO,-8,47,-9,ACC,-2,2,255,ADC,1267,495,8,2,"
24.6452,uitbollen,0,MM1 ?AI
24.6452,uitbollen,0,MM0 ?AI
24.6452,uitbollen,0,"$GPRMC,100716.6,A,5050.53635,N,00419.37936,E,000.95,017.7,021026,000.4,E*53"
24.6452,uitbollen,0,MM1 AI=0:0:2370:2364:0:0
24.6452,uitbollen,0,MM0 AI=0:0:2474:2467:0:0
24.6662,uitbollen,0,"#28,YAW,0.47,GYRO,-9,47,-10,ACC,1,3,256,ADC,1260,500,6,2,"
24.6662,uitbollen,0,MM1 ?C
24.6662,uitbollen,0,MM0 ?C
24.6662,uitbollen,0,MM0 C=-433:341
24.6663,uitbollen,0,MM1 C=1152:-1261
24.7036,uitbollen,0,"#29,YAW,0.46,GYRO,-10,45,-9,ACC,4,3,255,ADC,1262,408,5,2,"
24.7036,uitbollen,0,MM0 ?D
24.7036,uitbollen,0,MM1 ?D
24.7036,uitbollen,0,MM0 D=49
24.7036,uitbollen,0,MM1 D=32
24.7036,uitbollen,0,MM1 !M 0 0
24.7036,uitbollen,0,MM0 !M 0 0
24.7036,uitbollen,0,MM1 +
24.7036,uitbollen,0,MM0 +
24.7036,uitbollen,0,"#30,YAW,0.46,GYRO,-10,45,-9,ACC,0,1,255,ADC,1245,494,8,1,"
24.7036,uitbollen,0,MM1 ?FF
24.7036,uitbollen,0,MM0 ?FF
24.7036,uitbollen,0,MM1 FF=0
24.7036,uitbollen,0,MM0 FF=0
24.7241,uitbollen,0,"#31,YAW,0.46,GYRO,-11,47,-9,ACC,1,2,253,ADC,1228,380,5,1,"
24.7241,uitbollen,0,MM0 ?P
24.7242,uitbollen,0,MM1 ?P
24.7242,uitbollen,0,MM0 P=0:0
24.7242,uitbollen,0,MM1 P=0:0
24.7455,uitbollen,0,"#32,YAW,0.46,GYRO,-11,46,-11,ACC,3,2,253,ADC,1298,386,7,2,"
24.7455,uitbollen,0,MM0 ?S
24.7455,uitbollen,0,MM1 ?S
24.7455,uitbollen,0,MM0 S=0:0
24.7455,uitbollen,0,MM1 S=0:0
24.7663,uitbollen,0,"#33,YAW,0.46,GYRO,-9,48,-10,ACC,1,1,260,ADC,1240,401,6,2,"
24.7664,uitbollen,0,MM0 ?T
24.7664,uitbollen,0,MM1 ?T
24.7664,uitbollen,0,MM0 T=35:35
24.7664,uitbollen,0,MM1 T=37:34
24.8002,uitbollen,0,"#34,YAW,0.46,GYRO,-8,49,-9,ACC,0,4,253,ADC,1232,386,4,2,"
24.8002,uitbollen,0,MM0 ?V
24.8002,uitbollen,0,MM1 ?V
24.8002,uitbollen,0,MM0 V=120:224:4907
24.8002,uitbollen,0,MM1 V=120:222:4898
24.8002,uitbollen,0,MM1 !M 0 0
24.8002,uitbollen,0,MM0 !M 0 0
24.8002,uitbollen,0,MM0 +
24.8002,uitbollen,0,MM1 +
24.8003,uitbollen,0,"#35,YAW,0.46,GYRO,-9,46,-10,ACC,1,3,255,ADC,1220,391,5,2,"
24.8003,uitbollen,0,MM1 ?CR
24.8003,uitbollen,0,MM0 ?CR
24.8003,uitbollen,0,MM1 CR=0:0
24.8003,uitbollen,0,MM0 CR=0:0
24.8210,uitbollen,0,"#36,YAW,0.46,GYRO,-9,46,-9,ACC,4,3,259,ADC,1209,381,5,2,"
24.8211,uitbollen,0,MM1 ?A
24.8213,uitbollen,0,MM0 ?A
24.8213,uitbollen,0,MM1 A=0:0
24.8213,uitbollen,0,MM0 A=0:0
24.8420,uitbollen,0,"#37,YAW,0.46,GYRO,-9,49,-9,ACC,1,1,252,ADC,1241,384,7,2,"
24.8421,uitbollen,0,MM1 ?AI
24.8421,uitbollen,0,MM0 ?AI
24.8421,uitbollen,0,"$GPRMC,100716.8,A,5050.53640,N,00419.37939,E,000.95,017.3,021026,000.4,E*54"
24.8421,uitbollen,0,MM1 AI=0:0:2362:2359:0:0
24.8421,uitbollen,0,MM0 AI=0:0:2444:2483:0:0
24.8625,uitbollen,0,"#38,YAW,0.46,GYRO,-9,48,-9,ACC,3,4,258,ADC,1235,500,5,2,"
24.8625,uitbollen,0,MM1 ?C
24.8625,uitbollen,0,MM0 ?C
24.8625,uitbollen,0,MM0 C=-433:341
24.8625,uitbollen,0,MM1 C=1152:-1261
24.8965,uitbollen,0,"#39,YAW,0.45,GYRO,-9,49,-9,ACC,4,3,263,ADC,1238,385,5,2,"
24.8965,uitbollen,0,MM1 ?D
24.8965,uitbollen,0,MM0 ?D
24.8965,uitbollen,0,MM1 D=32
24.8965,uitbollen,0,MM0 D=49
24.8965,uitbollen,0,MM1 !M 0 0
24.8965,uitbollen,0,MM0 !M 0 0
24.8965,uitbollen,0,MM1 +
24.8965,uitbollen,0,MM0 +
24.8965,uitbollen,0,"#40,YAW,0.45,GYRO,-9,48,-10,ACC,3,2,256,ADC,1211,395,5,2,"
24.8965,uitbollen,0,MM1 ?FF
24.8965,uitbollen,0,MM0 ?FF
24.8965,uitbollen,0,MM1 FF=0
24.8965,uitbollen,0,MM0 FF=0
24.9170,uitbollen,0,"#41,YAW,0.45,GYRO,-10,46,-9,ACC,0,3,254,ADC,1267,500,7,1,"
24.9170,uitbollen,0,MM1 ?P
24.9170,uitbollen,0,MM0 ?P
24.9170,uitbollen,0,MM1 P=0:0
24.9170,uitbollen,0,MM0 P=0:0
24.9384,uitbollen,0,"#42,YAW,0.46,GYRO,-9,47,-8,ACC,-1,2,251,ADC,1234,392,5,2,"
24.9384,uitbollen,0,MM1 ?S
24.9384,uitbollen,0,MM0 ?S
24.9384,uitbollen,0,MM1 S=0:0
24.9384,uitbollen,0,MM0 S=0:0
24.9589,uitbollen,0,"#43,YAW,0.46,GYRO,-11,49,-10,ACC,4,2,258,ADC,1219,498,4,1,"
24.9590,uitbollen,0,MM1 ?T
24.9590,uitbollen,0,MM0 ?T
24.9590,uitbollen,0,MM1 T=36:34
24.9590,uitbollen,0,MM0 T=35:35
25.0097,uitbollen,0,"#44,YAW,0.46,GYRO,-9,49,-10,ACC,1,1,253,ADC,1237,496,5,2,"
25.0097,uitbollen,0,MM1 ?V
25.0097,uitbollen,0,MM0 ?V
25.0097,uitbollen,0,MM1 V=120:222:4899
25.0097,uitbollen,0,MM0 V=120:222:4908
25.0097,uitbollen,0,MM0 !M 0 0
25.0097,uitbollen,0,MM1 !M 0 0
25.0097,uitbollen,0,MM0 +
25.0097,uitbollen,0,MM1 +
25.0097,uitbollen,0,"#45,YAW,0.46,GYRO,-9,47,-10,ACC,3,4,257,ADC,1263,329,4,2,"
25.0097,uitbollen,0,MM1 ?CR
25.0097,uitbollen,0,MM0 ?CR
25.0097,uitbollen,0,MM1 CR=0:0
25.0097,uitbollen,0,MM0 CR=0:0
25.0097,uitbollen,0,"#46,YAW,0.46,GYRO,-9,49,-10,ACC,1,1,257,ADC,1278,390,8,2,"
25.0097,uitbollen,0,MM1 ?A
25.0097,uitbollen,0,MM0 ?A
25.0302,uitbollen,0,MM1 A=0:0
25.0303,uitbollen,0,MM0 A=0:0
25.0303,uitbollen,0,"#47,YAW,0.46,GYRO,-9,48,-10,ACC,2,2,257,ADC,1259,384,6,2,"
25.0513,uitbollen,0,"$GPRMC,100717.0,A,5050.53649,N,00419.37941,E,000.95,016.9,021026,000.4,E*50"
25.0513,uitbollen,0,MM1 ?AI
25.0513,uitbollen,0,MM0 ?AI
25.0513,uitbollen,0,MM1 AI=0:0:2372:2380:0:0
25.0513,uitbollen,0,MM0 AI=0:0:2455:2453:0:0
25.0513,uitbollen,0,"#48,YAW,0.46,GYRO,-9,48,-9,ACC,3,3,251,ADC,1246,384,6,2,"
25.0513,uitbollen,0,MM1 ?C
25.0513,uitbollen,0,MM0 ?C
25.0513,uitbollen,0,MM0 C=-433:341
25.0722,uitbollen,0,MM1 C=1152:-1261
25.0723,uitbollen,0,"#49,YAW,0.45,GYRO,-10,48,-11,ACC,5,2,256,ADC,1288,502,4,2,"
25.0723,uitbollen,0,MM1 ?D
25.0723,uitbollen,0,MM0 ?D
25.0723,uitbollen,0,MM1 D=32
25.0723,uitbollen,0,MM0 D=49
25.1062,uitbollen,0,MM0 !M 0 0
25.1062,uitbollen,0,MM1 !M 0 0
25.1062,uitbollen,0,MM0 +
25.1062,uitbollen,0,MM1 +
25.1062,uitbollen,0,"#50,YAW,0.45,GYRO,-10,47,-9,ACC,1,3,259,ADC,1275,497,4,2,"
25.1062,uitbollen,0,MM1 ?FF
25.1062,uitbollen,0,MM0 ?FF
25.1062,uitbollen,0,MM1 FF=0
25.1062,uitbollen,0,MM0 FF=0
25.1275,uitbollen,0,"#51,YAW,0.45,GYRO,-10,47,-9,ACC,-1,2,256,ADC,1266,500,4,2,"
25.1276,uitbollen,0,MM1 ?P
25.1276,uitbollen,0,MM0 ?P
25.1276,uitbollen,0,MM1 P=0:0
25.1276,uitbollen,0,MM0 P=0:0
25.1276,uitbollen,0,"#52,YAW,0.45,GYRO,-9,47,-9,ACC,4,2,258,ADC,1278,391,6,2,"
25.1494,uitbollen,0,MM1 ?S
25.1494,uitbollen,0,MM0 ?S
25.1494,uitbollen,0,MM1 S=0:0
25.1494,uitbollen,0,MM0 S=0:0
25.1494,uitbollen,0,"#53,YAW,0.45,GYRO,-10,47,-10,ACC,3,2,254,ADC,1226,384,7,2,"
25.1494,uitbollen,0,MM1 ?T
25.1693,uitbollen,0,MM0 ?T
25.1694,uitbollen,0,MM1 T=37:34
25.1694,uitbollen,0,MM0 T=35:35
25.1694,uitbollen,0,"#54,YAW,0.45,GYRO,-10,46,-10,ACC,2,1,255,ADC,1297,496,4,1,"
25.1694,uitbollen,0,MM1 ?V
25.1694,uitbollen,0,MM0 ?V
25.2058,uitbollen,0,MM1 V=120:223:4898
25.2058,uitbollen,0,MM0 V=120:223:4908
25.2058,uitbollen,0,MM0 !M 0 0
25.2058,uitbollen,0,MM1 !M 0 0
25.2058,uitbollen,0,MM0 +
25.2058,uitbollen,0,MM1 +
25.2058,uitbollen,0,"#55,YAW,0.45,GYRO,-10,45,-10,ACC,1,1,256,ADC,1254,500,4,1,"
25.2058,uitbollen,0,MM1 ?CR
25.2058,uitbollen,0,MM0 ?CR
25.2058,uitbollen,0,MM1 CR=0:0
25.2058,uitbollen,0,MM0 CR=0:0
25.2251,uitbollen,0,"#56,YAW,0.45,GYRO,-9,48,-8,ACC,3,3,252,ADC,1221,381,7,1,"
25.2251,uitbollen,0,MM1 ?A
25.2251,uitbollen,0,MM0 ?A
25.2251,uitbollen,0,MM1 A=0:0
25.2251,uitbollen,0,MM0 A=0:0
25.2461,uitbollen,0,"#57,YAW,0.45,GYRO,-10,45,-9,ACC,2,5,254,ADC,1245,390,5,1,"
25.2461,uitbollen,0,"$GPRMC,100717.2,A,5050.53656,N,00419.37944,E,000.95,016.5,021026,000.4,E*55"
25.2461,uitbollen,0,MM1 ?AI
25.2461,uitbollen,0,MM0 ?AI
25.2461,uitbollen,0,MM1 AI=0:0:2368:2378:0:0
25.2461,uitbollen,0,MM0 AI=0:0:2453:2473:0:0
25.2670,uitbollen,0,"#58,YAW,0.45,GYRO,-9,46,-11,ACC,5,1,258,ADC,1211,382,3,2,"
25.2670,uitbollen,0,MM0 ?C
25.2670,uitbollen,0,MM1 ?C
25.2670,uitbollen,0,MM0 C=-433:341
25.2670,uitbollen,0,MM1 C=1152:-1261
25.3010,uitbollen,0,"#59,YAW,0.44,GYRO,-9,47,-9,ACC,2,2,255,ADC,1243,388,4,2,"
25.3011,uitbollen,0,MM1 ?D
25.3011,uitbollen,0,MM0 ?D
25.3011,uitbollen,0,MM1 D=32
25.3011,uitbollen,0,MM0 D=49
25.3011,uitbollen,0,MM0 !M 0 0
25.3011,uitbollen,0,MM1 !M 0 0
25.3011,uitbollen,0,MM0 +
25.3011,uitbollen,0,MM1 +
25.3011,uitbollen,0,"#60,YAW,0.44,GYRO,-9,46,-10,ACC,0,2,258,ADC,1260,389,4,1,"
25.3011,uitbollen,0,MM1 ?FF
25.3011,uitbollen,0,MM0 ?FF
25.3011,uitbollen,0,MM1 FF=0
25.3011,uitbollen,0,MM0 FF=0
25.3233,uitbollen,0,"#61,YAW,0.44,GYRO,-10,47,-9,ACC,-2,5,251,ADC,1237,395,5,1,"
25.3233,uitbollen,0,MM1 ?P
25.3233,uitbollen,0,MM0 ?P
25.3233,uitbollen,0,MM1 P=0:0
25.3233,uitbollen,0,MM0 P=0:0
25.3433,uitbollen,0,"#62,YAW,0.44,GYRO,-10,46,-9,ACC,1,2,256,ADC,1283,399,5,2,"
25.3433,uitbollen,0,MM1 ?S
25.3433,uitbollen,0,MM0 ?S
25.3433,uitbollen,0,MM1 S=0:0
25.3433,uitbollen,0,MM0 S=0:0
25.3642,uitbollen,0,"#63,YAW,0.44,GYRO,-9,48,-9,ACC,0,4,256,ADC,1260,383,6,1,"
25.3642,uitbollen,0,MM1 ?T
25.3642,uitbollen,0,MM0 ?T
25.3642,uitbollen,0,MM1 T=36:34
25.3642,uitbollen,0,MM0 T=35:35
25.3981,uitbollen,0,"#64,YAW,0.44,GYRO,-9,47,-11,ACC,0,1,257,ADC,1252,500,5,1,"
25.3981,uitbollen,0,MM1 ?V
25.3981,uitbollen,0,MM0 ?V
25.3981,uitbollen,0,MM1 V=120:221:4899
25.3981,uitbollen,0,MM0 V=120:222:4909
25.3981,uitbollen,0,MM0 !M 0 0
25.3981,uitbollen,0,MM1 !M 0 0
25.3981,uitbollen,0,MM0 +
25.3981,uitbollen,0,MM1 +
25.3981,uitbollen,0,"#65,YAW,0.44,GYRO,-10,48,-9,ACC,1,2,257,ADC,1252,500,5,1,"
25.3981,uitbollen,0,MM1 ?CR
25.3981,uitbollen,0,MM0 ?CR
25.3981,uitbollen,0,MM1 CR=0:0
25.3981,uitbollen,0,MM0 CR=0:0
25.4190,uitbollen,0,"#66,YAW,0.44,GYRO,-9,47,-9,ACC,3,2,262,ADC,1231,389,4,2,"
25.4190,uitbollen,0,MM1 ?A
25.4190,uitbollen,0,MM0 ?A
25.4190,uitbollen,0,MM1 A=0:0
25.4190,uitbollen,0,MM0 A=0:0
25.4402,uitbollen,0,"#67,YAW,0.45,GYRO,-10,47,-10,ACC,-2,4,255,ADC,1250,386,5,2,"
25.4403,uitbollen,0,MM0 ?AI
25.4403,uitbollen,0,MM1 ?AI
25.4403,uitbollen,0,"$GPRMC,100717.4,A,5050.53667,N,00419.37949,E,000.96,016.1,021026,000.4,E*5B"
25.4403,uitbollen,0,MM0 AI=0:0:2455:2454:0:0
25.4403,uitbollen,0,MM1 AI=0:0:2380:2397:0:0
25.4609,uitbollen,0,"#68,YAW,0.45,GYRO,-10,47,-9,ACC,1,2,254,ADC,1294,395,6,2,"
25.4610,uitbollen,0,MM0 ?C
25.4610,uitbollen,0,MM1 ?C
25.4610,uitbollen,0,MM0 C=-433:341
25.4610,uitbollen,0,MM1 C=1152:-1261
