t,fase,vermogen,regel
0.0294,rust,0,"C,5,1,259,ADC,1222,382,5,2,"
0.0295,rust,0,MM0 ?S
0.0295,rust,0,MM1 ?S
0.0295,rust,0,MM0 S=0:0
0.0295,rust,0,MM1 S=0:0
0.0295,rust,0,MM0 !M 0 0
0.0295,rust,0,MM1 !M 0 0
0.0295,rust,0,MM0 +
0.0295,rust,0,MM1 +
0.0295,rust,0,"#101,YAW,1.89,GYRO,-14,48,-6,ACC,4,2,259,ADC,1276,385,5,2,"
0.0295,rust,0,MM0 ?T
0.0295,rust,0,MM1 ?T
0.0295,rust,0,MM0 T=35:34
0.0295,rust,0,MM1 T=36:34
0.0295,rust,0,"#102,YAW,1.89,GYRO,-13,48,-5,ACC,6,-2,256,ADC,1275,385,5,2,"
0.0296,rust,0,MM0 ?V
0.0296,rust,0,MM1 ?V
0.0296,rust,0,MM0 V=120:224:4902
0.0296,rust,0,MM1 V=120:223:4899
0.0296,rust,0,"#103,YAW,1.89,GYRO,-13,48,-6,ACC,8,1,259,ADC,1242,497,8,2,"
0.0296,rust,0,MM0 ?CR
0.0296,rust,0,MM1 ?CR
0.0296,rust,0,MM0 CR=0:0
0.0296,rust,0,MM1 CR=0:0
0.0296,rust,0,"#104,YAW,1.89,GYRO,-14,48,-5,ACC,5,0,255,ADC,1298,503,5,2,"
0.0296,rust,0,MM0 ?A
0.0296,rust,0,MM1 ?A
0.0296,rust,0,MM0 A=0:0
0.0296,rust,0,MM1 A=0:0
0.0296,rust,0,"$GPRMC,130417.6,A,5050.50879,N,00419.37932,E,000.58,108.2,081026,000.4,E*52"
0.0296,rust,0,"#105,YAW,1.89,GYRO,-14,47,-6,ACC,5,1,260,ADC,1254,382,5,2,"
0.0296,rust,0,MM0 ?AI
0.0296,rust,0,MM1 ?AI
0.0296,rust,0,MM0 AI=0:0:2440:2456:0:0
0.0296,rust,0,MM1 AI=0:0:2343:2361:0:0
0.0296,rust,0,"#106,YAW,1.89,GYRO,-13,47,-5,ACC,4,3,242,ADC,1240,393,6,2,"
0.0297,rust,0,MM0 ?C
0.0297,rust,0,MM1 ?C
0.0297,rust,0,MM1 C=-890:-1205
0.0297,rust,0,MM0 C=-1045:-945
0.0297,rust,0,"#107,YAW,1.89,GYRO,-12,48,-5,ACC,5,1,255,ADC,1241,381,4,2,"
0.0297,rust,0,MM0 ?D
0.0297,rust,0,MM1 ?D
0.0297,rust,0,MM1 D=48
0.0297,rust,0,MM0 D=1
0.0297,rust,0,"#108,YAW,1.89,GYRO,-12,47,-6,ACC,2,2,260,ADC,1282,501,6,2,"
0.0297,rust,0,MM0 ?FF
0.0297,rust,0,MM1 ?FF
0.0297,rust,0,MM0 FF=0
0.0297,rust,0,MM1 FF=0
0.0297,rust,0,"#109,YAW,1.89,GYRO,-13,46,-5,ACC,4,1,261,ADC,1275,384,6,2,"
0.0297,rust,0,MM0 ?P
0.0297,rust,0,MM1 ?P
0.0297,rust,0,MM0 P=0:0
0.0298,rust,0,MM1 P=0:0
0.0298,rust,0,"#110,YAW,1.89,GYRO,-13,48,-5,ACC,5,0,261,ADC,1296,500,5,2,"
0.0298,rust,0,MM0 ?S
0.0298,rust,0,MM1 ?S
0.0298,rust,0,MM0 S=0:0
0.0298,rust,0,MM1 S=0:0
0.0298,rust,0,"#111,YAW,1.89,GYRO,-12,46,-5,ACC,3,3,255,ADC,1224,382,6,3,"
0.0298,rust,0,MM0 ?T
0.0298,rust,0,MM1 ?T
0.0298,rust,0,MM0 T=35:34
0.0298,rust,0,MM1 T=36:34
0.0298,rust,0,"#112,YAW,1.89,GYRO,-14,47,-5,ACC,5,0,256,ADC,1224,389,8,3,"
0.0307,rust,0,MM0 ?V
0.0307,rust,0,MM1 ?V
0.0307,rust,0,MM0 V=120:223:4903
0.0307,rust,0,MM1 V=120:224:4900
0.0307,rust,0,"#113,YAW,1.89,GYRO,-13,47,-5,ACC,4,1,260,ADC,1239,380,5,2,"
0.0307,rust,0,MM0 ?CR
0.0307,rust,0,MM1 ?CR
0.0307,rust,0,MM0 CR=0:0
0.0307,rust,0,MM1 CR=0:0
0.0307,rust,0,"#114,YAW,1.89,GYRO,-13,48,-4,ACC,5,0,255,ADC,1229,383,6,2,"
0.0308,rust,0,MM0 ?A
0.0308,rust,0,MM1 ?A
0.0308,rust,0,MM0 A=0:0
0.0308,rust,0,MM1 A=0:0
0.0308,rust,0,"#115,YAW,1.89,GYRO,-13,47,-6,ACC,6,0,257,ADC,1241,394,4,2,"
0.0308,rust,0,"$GPRMC,130417.8,A,5050.50875,N,00419.37940,E,000.57,108.2,081026,000.4,E*5A"
0.0308,rust,0,MM0 ?AI
0.0308,rust,0,MM1 ?AI
0.0308,rust,0,MM0 AI=0:0:2455:2445:0:0
0.0308,rust,0,MM1 AI=0:0:2340:2373:0:0
0.0308,rust,0,"#116,YAW,1.89,GYRO,-13,47,-6,ACC,5,0,259,ADC,1200,380,6,2,"
0.0308,rust,0,MM0 ?C
0.0308,rust,0,MM1 ?C
0.0308,rust,0,MM0 C=-1045:-945
0.0308,rust,0,MM1 C=-890:-1205
0.0309,rust,0,"#117,YAW,1.89,GYRO,-13,46,-5,ACC,9,-2,255,ADC,1235,382,5,2,"
0.0309,rust,0,MM0 ?D
0.0309,rust,0,MM1 ?D
0.0309,rust,0,MM1 C=-890:205
0.0309,rust,0,"#31,YAW,1.89,GYRO,-13,47,-5,ACC,4,0,255,ADC,1248,383,6,2,"
0.0309,rust,0,MM0 ?D
0.0309,rust,0,MM1 ?D
0.0309,rust,0,MM1 D=48
0.0309,rust,0,MM0 D=1
0.0662,rust,0,MM1 PING
0.0662,rust,0,MM0 PING
0.0662,rust,0,MM0 !M 0 0
0.0662,rust,0,MM1 !M 0 0
0.0662,rust,0,MM0 +
0.0662,rust,0,MM1 +
0.0662,rust,0,"#32,YAW,1.89,GYRO,-12,45,-6,ACC,2,3,254,ADC,1219,384,5,2,"
0.0662,rust,0,MM0 ?FF
0.0662,rust,0,MM1 ?FF
0.0662,rust,0,MM1 FF=16
0.0662,rust,0,MM0 FF=16
0.0853,rust,0,"#33,YAW,1.89,GYRO,-15,48,-5,ACC,3,0,256,ADC,1275,399,6,1,"
0.0853,rust,0,MM0 ?P
0.0853,rust,0,MM1 ?P
0.0853,rust,0,MM0 P=0:0
0.0853,rust,0,MM1 P=0:0
0.1057,rust,0,"#34,YAW,1.89,GYRO,-13,47,-6,ACC,9,0,262,ADC,1214,380,5,3,"
0.1057,rust,0,MM0 ?S
0.1057,rust,0,MM1 ?S
0.1057,rust,0,MM0 S=0:0
0.1057,rust,0,MM1 S=0:0
0.1565,rust,0,"#35,YAW,1.89,GYRO,-14,46,-4,ACC,5,1,256,ADC,1240,383,6,2,"
0.1565,rust,0,MM0 ?T
0.1565,rust,0,MM1 ?T
0.1565,rust,0,MM0 T=35:34
0.1565,rust,0,MM1 T=36:34
0.1565,rust,0,"#36,YAW,1.89,GYRO,-13,45,-7,ACC,4,0,251,ADC,1259,499,4,2,"
0.1565,rust,0,MM0 ?V
0.1565,rust,0,MM1 ?V
0.1565,rust,0,MM0 V=120:224:4903
0.1565,rust,0,MM1 V=120:223:4900
0.1565,rust,0,MM1 !M 0 0
0.1565,rust,0,MM0 !M 0 0
0.1565,rust,0,MM1 +
0.1566,rust,0,MM0 +
0.1566,rust,0,"#37,YAW,1.89,GYRO,-12,46,-7,ACC,7,1,257,ADC,1217,389,4,1,"
0.1566,rust,0,MM0 ?CR
0.1566,rust,0,MM1 ?CR
0.1566,rust,0,MM0 CR=0:0
0.1566,rust,0,MM1 CR=0:0
0.1776,rust,0,"#38,YAW,1.89,GYRO,-13,46,-5,ACC,4,0,258,ADC,1265,389,4,2,"
0.1777,rust,0,MM0 ?A
0.1777,rust,0,MM1 ?A
0.1777,rust,0,MM0 A=0:0
0.1777,rust,0,MM1 A=0:0
0.1984,rust,0,"$GPRMC,130421.4,A,5050.50779,N,00419.37867,E,000.47,108.2,081026,000.4,E*55"
0.1984,rust,0,"#39,YAW,1.89,GYRO,-13,47,-6,ACC,4,2,258,ADC,1263,394,5,2,"
0.1984,rust,0,MM0 ?AI
0.1985,rust,0,MM1 ?AI
0.1985,rust,0,MM0 AI=0:0:2452:2450:0:0
0.1985,rust,0,MM1 AI=0:0:2340:2381:0:0
0.2194,rust,0,"#40,YAW,1.89,GYRO,-13,47,-5,ACC,4,0,253,ADC,1304,500,7,2,"
0.2195,rust,0,MM0 ?C
0.2195,rust,0,MM1 ?C
0.2195,rust,0,MM0 C=-1045:-945
0.2195,rust,0,MM1 C=-890:-1205
0.2555,rust,0,"#41,YAW,1.89,GYRO,-13,47,-7,ACC,4,2,261,ADC,1295,501,5,2,"
0.2556,rust,0,MM0 ?D
0.2556,rust,0,MM1 ?D
0.2556,rust,0,MM1 D=48
0.2556,rust,0,MM0 D=1
0.2556,rust,0,MM0 !M 0 0
0.2556,rust,0,MM1 !M 0 0
0.2556,rust,0,MM0 +
0.2556,rust,0,MM1 +
0.2556,rust,0,"#42,YAW,1.89,GYRO,-14,46,-5,ACC,4,1,255,ADC,1237,385,3,2,"
0.2556,rust,0,MM0 ?FF
0.2556,rust,0,MM1 ?FF
0.2556,rust,0,MM0 FF=16
0.2556,rust,0,MM1 FF=16
0.2764,rust,0,"#43,YAW,1.89,GYRO,-14,47,-6,ACC,8,-1,259,ADC,1233,502,4,2,"
0.2764,rust,0,MM0 ?P
0.2764,rust,0,MM1 ?P
0.2764,rust,0,MM0 P=0:0
0.2764,rust,0,MM1 P=0:0
0.2974,rust,0,"#44,YAW,1.89,GYRO,-13,46,-7,ACC,3,0,255,ADC,1304,390,4,1,"
0.2975,rust,0,MM0 ?S
0.2975,rust,0,MM1 ?S
0.2975,rust,0,MM0 S=0:0
0.2975,rust,0,MM1 S=0:0
0.3184,rust,0,"#45,YAW,1.89,GYRO,-13,45,-6,ACC,3,1,260,ADC,1285,385,5,2,"
0.3184,rust,0,MM0 ?T
0.3184,rust,0,MM1 ?T
0.3184,rust,0,MM0 T=35:34
0.3184,rust,0,MM1 T=36:34
0.3595,rust,0,"#46,YAW,1.89,GYRO,-14,47,-6,ACC,7,1,260,ADC,1266,386,4,2,"
0.3595,rust,0,MM0 ?V
0.3595,rust,0,MM1 ?V
0.3595,rust,0,MM0 V=120:224:4903
0.3595,rust,0,MM1 V=120:223:4899
0.3596,rust,0,MM0 !M 0 0
0.3596,rust,0,MM1 !M 0 0
0.3596,rust,0,MM0 +
0.3596,rust,0,MM1 +
0.3596,rust,0,"#47,YAW,1.89,GYRO,-12,46,-4,ACC,5,0,255,ADC,1298,385,6,1,"
0.3596,rust,0,MM0 ?CR
0.3596,rust,0,MM1 ?CR
0.3596,rust,0,MM0 CR=0:0
0.3596,rust,0,MM1 CR=0:0
0.3806,rust,0,"#48,YAW,1.89,GYRO,-14,47,-5,ACC,5,0,260,ADC,1264,391,6,1,"
0.3806,rust,0,MM0 ?A
0.3806,rust,0,MM1 ?A
0.3806,rust,0,MM0 A=0:0
0.3806,rust,0,MM1 A=0:0
0.4014,rust,0,"$GPRMC,130421.6,A,5050.50773,N,00419.37861,E,000.48,108.2,081026,000.4,E*54"
0.4014,rust,0,"#49,YAW,1.89,GYRO,-13,46,-5,ACC,3,1,255,ADC,1242,331,5,1,"
0.4015,rust,0,MM0 ?AI
0.4015,rust,0,MM1 ?AI
0.4015,rust,0,MM0 AI=0:0:2428:2446:0:0
0.4015,rust,0,MM1 AI=0:0:2336:2379:0:0
0.4225,rust,0,"#50,YAW,1.89,GYRO,-12,47,-6,ACC,6,1,260,ADC,1284,502,6,2,"
0.4225,rust,0,MM0 ?C
0.4225,rust,0,MM1 ?C
0.4225,rust,0,MM0 C=-1045:-945
0.4226,rust,0,MM1 C=-890:-1205
0.4575,rust,0,"#51,YAW,1.89,GYRO,-12,46,-5,ACC,8,0,258,ADC,1242,499,4,2,"
0.4576,rust,0,MM0 ?D
0.4576,rust,0,MM1 ?D
0.4576,rust,0,MM1 D=48
0.4576,rust,0,MM0 D=1
0.4576,rust,0,MM0 !M 0 0
0.4576,rust,0,MM1 !M 0 0
0.4576,rust,0,MM0 +
0.4576,rust,0,MM1 +
0.4576,rust,0,"#52,YAW,1.89,GYRO,-14,44,-6,ACC,4,0,257,ADC,1227,500,3,2,"
0.4576,rust,0,MM0 ?FF
0.4576,rust,0,MM1 ?FF
0.4576,rust,0,MM0 FF=16
0.4576,rust,0,MM1 FF=16
0.4771,rust,0,"#53,YAW,1.89,GYRO,-14,47,-6,ACC,3,6,265,ADC,1253,381,4,2,"
0.4772,rust,0,MM1 ?P
0.4772,rust,0,MM0 ?P
0.4772,rust,0,MM0 P=0:0
0.4772,rust,0,MM1 P=0:0
0.4984,rust,0,"#54,YAW,1.89,GYRO,-14,46,-6,ACC,6,0,253,ADC,1263,392,5,1,"
0.4985,rust,0,MM1 ?S
0.4985,rust,0,MM0 ?S
0.4985,rust,0,MM0 S=0:0
0.4985,rust,0,MM1 S=0:0
0.5204,rust,0,"#55,YAW,1.89,GYRO,-14,46,-5,ACC,9,0,261,ADC,1283,386,5,2,"
0.5204,rust,0,MM0 ?T
0.5204,rust,0,MM1 ?T
0.5204,rust,0,MM0 T=35:34
0.5204,rust,0,MM1 T=36:34
0.5544,rust,0,"#56,YAW,1.89,GYRO,-13,49,-7,ACC,7,0,256,ADC,1215,381,7,2,"
0.5545,rust,0,MM0 ?V
0.5545,rust,0,MM1 ?V
0.5545,rust,0,MM0 V=120:222:4902
0.5545,rust,0,MM1 V=120:222:4899
0.5545,rust,0,MM1 !M 0 0
0.5545,rust,0,MM0 !M 0 0
0.5545,rust,0,MM1 +
0.5545,rust,0,MM0 +
0.5545,rust,0,"#57,YAW,1.89,GYRO,-14,47,-7,ACC,4,2,256,ADC,1223,379,6,1,"
0.5545,rust,0,MM0 ?CR
0.5545,rust,0,MM1 ?CR
0.5545,rust,0,MM0 CR=0:0
0.5545,rust,0,MM1 CR=0:0
0.5782,rust,0,"#58,YAW,1.89,GYRO,-13,49,-5,ACC,3,2,256,ADC,1268,499,4,2,"
0.5782,rust,0,MM0 ?A
0.5782,rust,0,MM1 ?A
0.5782,rust,0,MM0 A=0:0
0.5782,rust,0,MM1 A=0:0
0.5964,rust,0,"$GPRMC,130421.8,A,5050.50765,N,00419.37854,E,000.48,108.2,081026,000.4,E*5B"
0.5964,rust,0,"#59,YAW,1.89,GYRO,-14,46,-5,ACC,4,0,258,ADC,1260,331,4,1,"
0.5964,rust,0,MM0 ?AI
0.5964,rust,0,MM1 ?AI
0.5964,rust,0,MM0 AI=0:0:2436:2440:0:0
0.5964,rust,0,MM1 AI=0:0:2349:2360:0:0
0.6174,rust,0,"#60,YAW,1.89,GYRO,-14,47,-7,ACC,3,2,240,ADC,1242,382,4,1,"
0.6174,rust,0,MM0 ?C
0.6174,rust,0,MM1 ?C
0.6174,rust,0,MM0 C=-1045:-945
0.6175,rust,0,MM1 C=-890:-1205
0.6546,rust,0,"#61,YAW,1.89,GYRO,-14,48,-6,ACC,4,1,257,ADC,1237,407,4,2,"
0.6546,rust,0,MM0 ?D
0.6546,rust,0,MM1 ?D
0.6546,rust,0,MM1 D=48
0.6546,rust,0,MM0 D=1
0.6546,rust,0,MM0 !M 0 0
0.6546,rust,0,MM1 !M 0 0
0.6546,rust,0,MM0 +
0.6546,rust,0,MM1 +
0.6546,rust,0,"#62,YAW,1.89,GYRO,-13,46,-6,ACC,4,1,259,ADC,1282,386,6,3,"
0.6546,rust,0,MM0 ?FF
0.6546,rust,0,MM1 ?FF
0.6546,rust,0,MM0 FF=16
0.6546,rust,0,MM1 FF=16
0.6812,rust,0,"#63,YAW,1.89,GYRO,-13,47,-5,ACC,3,0,255,ADC,1260,381,5,1,"
0.6813,rust,0,MM0 ?P
0.6813,rust,0,MM1 ?P
0.6813,rust,0,MM0 P=0:0
0.6813,rust,0,MM1 P=0:0
0.6964,rust,0,"#64,YAW,1.89,GYRO,-14,47,-5,ACC,2,0,256,ADC,1248,383,5,2,"
0.6964,rust,0,MM0 ?S
0.6964,rust,0,MM1 ?S
0.6964,rust,0,MM0 S=0:0
0.6964,rust,0,MM1 S=0:0
0.7173,rust,0,"#65,YAW,1.89,GYRO,-11,48,-6,ACC,8,0,259,ADC,1264,396,4,2,"
0.7174,rust,0,MM0 ?T
0.7174,rust,0,MM1 ?T
0.7174,rust,0,MM0 T=35:34
0.7174,rust,0,MM1 T=36:34
0.7520,rust,0,"#66,YAW,1.89,GYRO,-14,48,-7,ACC,4,0,261,ADC,1202,382,4,1,"
0.7520,rust,0,MM0 ?V
0.7520,rust,0,MM1 ?V
0.7520,rust,0,MM0 V=120:225:4903
0.7520,rust,0,MM1 V=120:223:4899
0.7520,rust,0,MM0 !M 0 0
0.7520,rust,0,MM1 !M 0 0
0.7520,rust,0,MM0 +
0.7520,rust,0,MM1 +
0.7520,rust,0,"#67,YAW,1.89,GYRO,-13,46,-5,ACC,2,3,266,ADC,1256,387,4,2,"
0.7520,rust,0,MM0 ?CR
0.7520,rust,0,MM1 ?CR
0.7520,rust,0,MM0 CR=0:0
0.7520,rust,0,MM1 CR=0:0
0.7757,rust,0,"#68,YAW,1.89,GYRO,-13,47,-6,ACC,4,4,255,ADC,1220,381,4,1,"
0.7757,rust,0,MM0 ?A
0.7757,rust,0,MM1 ?A
0.7757,rust,0,MM0 A=0:0
0.7757,rust,0,MM1 A=0:0
0.7934,rust,0,"$GPRMC,130422.0,A,5050.50758,N,00419.37851,E,000.49,108.2,081026,000.4,E*5A"
0.7935,rust,0,"#69,YAW,1.89,GYRO,-12,47,-6,ACC,6,1,263,ADC,1255,396,8,2,"
0.7935,rust,0,MM0 ?AI
0.7935,rust,0,MM1 ?AI
0.7935,rust,0,MM0 AI=0:0:2438:2443:0:0
0.8156,rust,0,MM1 AI=0:0:2359:2350:0:0
0.8156,rust,0,"#70,YAW,1.89,GYRO,-12,48,-5,ACC,2,2,258,ADC,1267,499,5,2,"
0.8156,rust,0,MM0 ?C
0.8156,rust,0,MM1 ?C
0.8156,rust,0,MM0 C=-1045:-945
0.8157,rust,0,MM1 C=-890:-1205
0.8496,rust,0,MM0 !M 0 0
0.8496,rust,0,MM1 !M 0 0
0.8496,rust,0,MM0 +
0.8497,rust,0,"#71,YAW,1.89,GYRO,-14,49,-7,ACC,4,-1,256,ADC,1230,377,5,2,"
0.8497,rust,0,MM1 +
0.8497,rust,0,MM0 ?D
0.8497,rust,0,MM1 ?D
0.8497,rust,0,MM1 D=48
0.8497,rust,0,MM0 D=1
0.8497,rust,0,"#72,YAW,1.89,GYRO,-14,48,-6,ACC,8,0,257,ADC,1299,500,5,2,"
0.8497,rust,0,MM0 ?FF
0.8497,rust,0,MM1 ?FF
0.8705,rust,0,MM0 FF=16
0.8706,rust,0,MM1 FF=16
0.8706,rust,0,"#73,YAW,1.89,GYRO,-13,46,-6,ACC,4,1,258,ADC,1231,382,5,2,"
0.8706,rust,0,MM0 ?P
0.8706,rust,0,MM1 ?P
0.8706,rust,0,MM0 P=0:0
0.8706,rust,0,MM1 P=0:0
0.8924,rust,0,"#74,YAW,1.89,GYRO,-12,47,-6,ACC,3,0,244,ADC,1212,382,4,1,"
0.8925,rust,0,MM0 ?S
0.8925,rust,0,MM1 ?S
0.8925,rust,0,MM0 S=0:0
0.8925,rust,0,MM1 S=0:0
0.9124,rust,0,"#75,YAW,1.89,GYRO,-14,46,-6,ACC,2,2,252,ADC,1259,498,4,2,"
0.9125,rust,0,MM0 ?T
0.9125,rust,0,MM1 ?T
0.9125,rust,0,MM0 T=35:34
0.9125,rust,0,MM1 T=36:34
0.9625,rust,0,"#76,YAW,1.89,GYRO,-12,47,-5,ACC,4,1,262,ADC,1246,502,4,2,"
0.9625,rust,0,MM0 ?V
0.9625,rust,0,MM1 ?V
0.9625,rust,0,MM0 V=120:223:4903
0.9625,rust,0,MM1 V=120:223:4898
0.9625,rust,0,MM0 !M 0 0
0.9625,rust,0,MM1 !M 0 0
0.9625,rust,0,MM0 +
0.9626,rust,0,MM1 +
0.9626,rust,0,"#77,YAW,1.89,GYRO,-12,47,-5,ACC,4,1,255,ADC,1234,500,3,2,"
0.9626,rust,0,MM0 ?CR
0.9626,rust,0,MM1 ?CR
0.9626,rust,0,MM0 CR=0:0
0.9626,rust,0,MM1 CR=0:0
0.9882,rust,0,"#78,YAW,1.89,GYRO,-14,48,-5,ACC,6,0,256,ADC,1248,398,5,2,"
0.9883,rust,0,MM0 ?A
0.9884,rust,0,MM1 ?A
0.9884,rust,0,MM0 A=0:0
0.9884,rust,0,MM1 A=0:0
0.9884,rust,0,"$GPRMC,130422.2,A,5050.50748,N,00419.37846,E,000.50,108.2,081026,000.4,E*57"
1.0038,rust,0,"#79,YAW,1.89,GYRO,-13,49,-5,ACC,3,0,260,ADC,1260,332,6,2,"
1.0038,rust,0,MM0 ?AI
1.0038,rust,0,MM1 ?AI
1.0038,rust,0,MM0 AI=0:0:2428:2458:0:0
1.0038,rust,0,MM1 AI=0:0:2348:2365:0:0
1.0246,rust,0,"#80,YAW,1.89,GYRO,-13,48,-5,ACC,6,1,259,ADC,1211,384,4,2,"
1.0246,rust,0,MM0 ?C
1.0246,rust,0,MM1 ?C
1.0246,rust,0,MM0 C=-1045:-945
1.0247,rust,0,MM1 C=-890:-1205
1.0592,rust,0,"#81,YAW,1.89,GYRO,-12,47,-5,ACC,8,0,252,ADC,1218,398,4,2,"
1.0592,rust,0,MM0 ?D
1.0592,rust,0,MM1 ?D
1.0592,rust,0,MM1 D=48
1.0592,rust,0,MM0 D=1
1.0592,rust,0,MM1 !M 0 0
1.0593,rust,0,MM0 !M 0 0
1.0593,rust,0,MM1 +
1.0593,rust,0,MM0 +
1.0593,rust,0,"#82,YAW,1.89,GYRO,-13,47,-5,ACC,5,1,257,ADC,1249,384,5,2,"
1.0593,rust,0,MM0 ?FF
1.0593,rust,0,MM1 ?FF
1.0593,rust,0,MM0 FF=16
1.0593,rust,0,MM1 FF=16
1.0795,rust,0,"#83,YAW,1.89,GYRO,-13,48,-5,ACC,7,1,259,ADC,1216,384,4,1,"
1.0796,rust,0,MM0 ?P
1.0796,rust,0,MM1 ?P
1.0796,rust,0,MM0 P=0:0
1.0796,rust,0,MM1 P=0:0
1.1003,rust,0,"#84,YAW,1.89,GYRO,-12,47,-6,ACC,3,3,256,ADC,1225,383,7,1,"
1.1004,rust,0,MM0 ?S
1.1004,rust,0,MM1 ?S
1.1004,rust,0,MM0 S=0:0
1.1004,rust,0,MM1 S=0:0
1.1214,rust,0,"#85,YAW,1.89,GYRO,-13,47,-6,ACC,3,1,261,ADC,1239,382,5,2,"
1.1215,rust,0,MM0 ?T
1.1215,rust,0,MM1 ?T
1.1215,rust,0,MM0 T=35:34
1.1215,rust,0,MM1 T=36:34
1.1557,rust,0,"#86,YAW,1.89,GYRO,-15,46,-5,ACC,5,0,259,ADC,1269,499,6,1,"
1.1557,rust,0,MM0 ?V
1.1557,rust,0,MM1 ?V
1.1557,rust,0,MM0 V=120:223:4903
1.1557,rust,0,MM1 V=120:224:4900
1.1557,rust,0,MM1 !M 0 0
1.1557,rust,0,MM0 !M 0 0
1.1557,rust,0,MM1 +
1.1557,rust,0,MM0 +
1.1557,rust,0,"#87,YAW,1.89,GYRO,-12,47,-6,ACC,5,-1,255,ADC,1234,389,4,1,"
1.1557,rust,0,MM0 ?CR
1.1557,rust,0,MM1 ?CR
1.1557,rust,0,MM0 CR=0:0
1.1557,rust,0,MM1 CR=0:0
1.1764,rust,0,"#88,YAW,1.89,GYRO,-13,47,-6,ACC,6,1,254,ADC,1276,385,5,2,"
1.1764,rust,0,MM0 ?A
1.1765,rust,0,MM1 ?A
1.1765,rust,0,MM0 A=0:0
1.1765,rust,0,MM1 A=0:0
1.1975,rust,0,"$GPRMC,130422.4,A,5050.50741,N,00419.37838,E,000.51,108.2,081026,000.4,E*50"
1.1975,rust,0,"#89,YAW,1.89,GYRO,-13,49,-6,ACC,6,-2,252,ADC,1234,334,6,1,"
1.1975,rust,0,MM0 ?AI
1.1975,rust,0,MM1 ?AI
1.1975,rust,0,MM0 AI=0:0:2428:2457:0:0
1.1975,rust,0,MM1 AI=0:0:2357:2345:0:0
1.2185,rust,0,"#90,YAW,1.89,GYRO,-14,48,-6,ACC,8,0,256,ADC,1220,386,6,2,"
1.2185,rust,0,MM0 ?C
1.2186,rust,0,MM1 ?C
1.2186,rust,0,MM0 C=-1045:-945
1.2186,rust,0,MM1 C=-890:-1205
1.2525,rust,0,"#91,YAW,1.89,GYRO,-13,48,-5,ACC,3,0,258,ADC,1211,381,7,2,"
1.2525,rust,0,MM0 ?D
1.2525,rust,0,MM1 ?D
1.2525,rust,0,MM1 D=56
1.2525,rust,0,MM0 D=1
1.2525,rust,0,MM1 !M 0 0
1.2525,rust,0,MM0 !M 0 0
1.2525,rust,0,MM1 +
1.2525,rust,0,MM0 +
1.2525,rust,0,"#92,YAW,1.89,GYRO,-14,47,-6,ACC,6,0,256,ADC,1238,501,5,1,"
1.2526,rust,0,MM0 ?FF
1.2526,rust,0,MM1 ?FF
1.2526,rust,0,MM0 FF=16
1.2526,rust,0,MM1 FF=16
1.2734,rust,0,"#93,YAW,1.89,GYRO,-14,49,-6,ACC,5,1,260,ADC,1242,387,4,2,"
1.2735,rust,0,MM0 ?P
1.2735,rust,0,MM1 ?P
1.2735,rust,0,MM0 P=0:0
1.2735,rust,0,MM1 P=0:0
1.2949,rust,0,"#94,YAW,1.89,GYRO,-13,46,-5,ACC,4,0,258,ADC,1226,385,6,2,"
1.2951,rust,0,MM0 ?S
1.2951,rust,0,MM1 ?S
1.2951,rust,0,MM0 S=0:0
1.2951,rust,0,MM1 S=0:0
1.3183,rust,0,"#95,YAW,1.89,GYRO,-14,45,-5,ACC,4,0,260,ADC,1260,385,6,2,"
1.3183,rust,0,MM0 ?T
1.3183,rust,0,MM1 ?T
1.3183,rust,0,MM0 T=35:34
1.3183,rust,0,MM1 T=36:34
1.3525,rust,0,"#96,YAW,1.89,GYRO,-13,47,-6,ACC,3,0,259,ADC,1241,386,6,2,"
1.3525,rust,0,MM0 ?V
1.3526,rust,0,MM1 ?V
1.3526,rust,0,MM0 V=120:223:4903
1.3526,rust,0,MM1 V=120:222:4898
1.3526,rust,0,MM0 !M 0 0
1.3526,rust,0,MM1 !M 0 0
1.3526,rust,0,MM0 +
1.3526,rust,0,MM1 +
1.3526,rust,0,"#97,YAW,1.89,GYRO,-14,46,-6,ACC,7,1,261,ADC,1208,382,5,2,"
1.3526,rust,0,MM0 ?CR
1.3526,rust,0,MM1 ?CR
1.3526,rust,0,MM0 CR=0:0
1.3526,rust,0,MM1 CR=0:0
1.3748,rust,0,"#98,YAW,1.89,GYRO,-10,47,-6,ACC,3,0,257,ADC,1240,387,5,2,"
1.3749,rust,0,MM0 ?A
1.3749,rust,0,MM1 ?A
1.3749,rust,0,MM0 A=0:0
1.3749,rust,0,MM1 A=0:0
1.3974,rust,0,"$GPRMC,130422.6,A,5050.50736,N,00419.37831,E,000.52,108.2,081026,000.4,E*58"
1.3974,rust,0,"#99,YAW,1.90,GYRO,-13,46,-6,ACC,5,0,257,ADC,1287,335,3,2,"
1.3974,rust,0,MM1 ?AI
1.3975,rust,0,MM0 ?AI
1.3975,rust,0,MM1 AI=0:0:2341:2375:0:0
1.3975,rust,0,MM0 AI=0:0:2426:2453:0:0
1.4153,rust,0,"#100,YAW,1.89,GYRO,-12,47,-5,ACC,2,0,257,ADC,1272,500,6,2,"
1.4154,rust,0,MM0 ?C
1.4154,rust,0,MM1 ?C
1.4154,rust,0,MM0 C=-1045:-945
1.4154,rust,0,MM1 C=-890:-1205
1.4680,rust,0,"#101,YAW,1.89,GYRO,-13,49,-6,ACC,4,1,256,ADC,1218,383,6,1,"
1.4681,rust,0,MM0 ?D
1.4681,rust,0,MM1 ?D
1.4681,rust,0,MM1 D=48
1.4681,rust,0,MM0 D=1
1.4681,rust,0,MM0 !M 0 0
1.4681,rust,0,MM1 !M 0 0
1.4681,rust,0,MM0 +
1.4681,rust,0,MM1 +
1.4681,rust,0,"#102,YAW,1.89,GYRO,-13,49,-5,ACC,7,1,252,ADC,1251,383,4,2,"
1.4681,rust,0,MM0 ?FF
1.4681,rust,0,MM1 ?FF
1.4681,rust,0,MM0 FF=16
1.4681,rust,0,MM1 FF=16
1.4835,rust,0,"#103,YAW,1.89,GYRO,-13,48,-5,ACC,4,0,258,ADC,1287,390,6,2,"
1.4836,rust,0,MM0 ?P
1.4836,rust,0,MM1 ?P
1.4836,rust,0,MM0 P=0:0
1.4836,rust,0,MM1 P=0:0
1.5044,rust,0,"#104,YAW,1.89,GYRO,-12,47,-6,ACC,5,1,259,ADC,1242,500,7,2,"
1.5045,rust,0,MM0 ?S
1.5045,rust,0,MM1 ?S
1.5045,rust,0,MM0 S=0:0
1.5045,rust,0,MM1 S=0:0
1.5257,rust,0,"#105,YAW,1.89,GYRO,-12,47,-5,ACC,4,1,258,ADC,1253,501,4,1,"
1.5258,rust,0,MM0 ?T
1.5258,rust,0,MM1 ?T
1.5258,rust,0,MM0 T=35:34
1.5258,rust,0,MM1 T=36:34
1.5604,rust,0,"#106,YAW,1.89,GYRO,-13,46,-5,ACC,7,2,256,ADC,1194,381,4,2,"
1.5605,rust,0,MM0 ?V
1.5605,rust,0,MM1 ?V
1.5605,rust,0,MM0 V=120:223:4902
1.5605,rust,0,MM1 V=120:223:4899
1.5605,rust,0,MM0 !M 0 0
1.5605,rust,0,MM1 !M 0 0
1.5605,rust,0,MM0 +
1.5605,rust,0,MM1 +
1.5605,rust,0,"#107,YAW,1.89,GYRO,-12,46,-5,ACC,6,0,257,ADC,1223,382,6,2,"
1.5605,rust,0,MM1 ?CR
1.5605,rust,0,MM0 ?CR
1.5605,rust,0,MM1 CR=0:0
1.5605,rust,0,MM0 CR=0:0
1.5816,rust,0,"#108,YAW,1.90,GYRO,-13,48,-7,ACC,7,1,262,ADC,1285,401,4,2,"
1.5817,rust,0,MM0 ?A
1.5817,rust,0,MM1 ?A
1.5817,rust,0,MM0 A=0:0
1.5817,rust,0,MM1 A=0:0
1.6027,rust,0,"$GPRMC,130422.8,A,5050.50732,N,00419.37830,E,000.53,108.2,081026,000.4,E*52"
1.6027,rust,0,"#109,YAW,1.90,GYRO,-14,47,-5,ACC,6,8,257,ADC,1289,312,6,2,"
1.6027,rust,0,MM1 ?AI
1.6027,rust,0,MM0 ?AI
1.6027,rust,0,MM1 AI=0:0:2382:2360:0:0
1.6027,rust,0,MM0 AI=0:0:2458:2503:0:0
1.6236,rust,0,"#110,YAW,1.89,GYRO,-12,47,-5,ACC,7,0,255,ADC,1209,383,6,2,"
1.6236,rust,0,MM0 ?C
1.6237,rust,0,MM1 ?C
1.6237,rust,0,MM0 C=-1045:-945
1.6237,rust,0,MM1 C=-890:-1205
1.6588,rust,0,"#111,YAW,1.89,GYRO,-13,48,-6,ACC,2,2,260,ADC,1241,382,3,2,"
1.6588,rust,0,MM0 ?D
1.6588,rust,0,MM1 ?D
1.6588,rust,0,MM1 D=48
1.6588,rust,0,MM0 D=1
1.6588,rust,0,MM1 !M 0 0
1.6588,rust,0,MM0 !M 0 0
1.6588,rust,0,MM1 +
1.6588,rust,0,MM0 +
1.6588,rust,0,"#112,YAW,1.89,GYRO,-13,49,-5,ACC,4,1,259,ADC,1239,398,5,2,"
1.6588,rust,0,MM1 ?FF
1.6588,rust,0,MM0 ?FF
1.6588,rust,0,MM1 FF=16
1.6589,rust,0,MM0 FF=16
1.6794,rust,0,"#113,YAW,1.89,GYRO,-14,47,-5,ACC,3,1,255,ADC,1214,388,4,2,"
1.6795,rust,0,MM1 ?P
1.6795,rust,0,MM0 ?P
1.6795,rust,0,MM1 P=0:0
1.6795,rust,0,MM0 P=0:0
1.7047,rust,0,"#114,YAW,1.89,GYRO,-12,46,-5,ACC,5,0,259,ADC,1245,387,7,2,"
1.7047,rust,0,MM1 ?S
1.7047,rust,0,MM0 ?S
1.7048,rust,0,MM1 S=0:0
1.7048,rust,0,MM0 S=0:0
1.7214,rust,0,"#115,YAW,1.89,GYRO,-13,47,-7,ACC,5,0,258,ADC,1245,385,5,2,"
1.7214,rust,0,MM1 ?T
1.7214,rust,0,MM0 ?T
1.7214,rust,0,MM1 T=36:34
1.7214,rust,0,MM0 T=35:34
1.7566,rust,0,"#116,YAW,1.90,GYRO,-14,47,-6,ACC,5,1,250,ADC,1231,379,5,2,"
1.7566,rust,0,MM1 ?V
1.7566,rust,0,MM0 ?V
1.7566,rust,0,MM1 V=120:223:4898
1.7566,rust,0,MM0 V=120:223:4903
1.7566,rust,0,MM1 !M 0 0
1.7566,rust,0,MM0 !M 0 0
1.7566,rust,0,MM1 +
1.7566,rust,0,MM0 +
1.7566,rust,0,"#117,YAW,1.90,GYRO,-14,45,-6,ACC,4,1,257,ADC,1265,500,6,2,"
1.7567,rust,0,MM1 ?CR
1.7567,rust,0,MM0 ?CR
1.7567,rust,0,MM1 CR=0:0
1.7567,rust,0,MM0 CR=0:0
1.7764,rust,0,"#118,YAW,1.90,GYRO,-14,47,-5,ACC,5,1,261,ADC,1251,386,4,1,"
1.7765,rust,0,MM1 ?A
1.7765,rust,0,MM0 ?A
1.7765,rust,0,MM1 A=0:0
1.7765,rust,0,MM0 A=0:0
1.7974,rust,0,"$GPRMC,130423.0,A,5050.50729,N,00419.37828,E,000.53,108.2,081026,000.4,E*58"
1.7974,rust,0,"#119,YAW,1.90,GYRO,-13,47,-6,ACC,3,1,261,ADC,1291,307,7,2,"
1.7975,rust,0,MM1 ?AI
1.7975,rust,0,MM0 ?AI
1.7975,rust,0,MM1 AI=0:0:2347:2377:0:0
1.7975,rust,0,MM0 AI=0:0:2433:2459:0:0
1.8183,rust,0,"#120,YAW,1.89,GYRO,-12,48,-5,ACC,5,-2,257,ADC,1257,498,4,2,"
1.8184,rust,0,MM1 ?C
1.8184,rust,0,MM0 ?C
1.8184,rust,0,MM1 C=-890:-1205
1.8184,rust,0,MM0 C=-1045:-945
1.8536,rust,0,"#121,YAW,1.89,GYRO,-12,44,-5,ACC,7,1,255,ADC,1201,380,7,2,"
1.8537,rust,0,MM1 ?D
1.8537,rust,0,MM0 ?D
1.8537,rust,0,MM1 D=48
1.8537,rust,0,MM0 D=1
1.8537,rust,0,MM0 !M 0 0
1.8537,rust,0,MM1 !M 0 0
1.8537,rust,0,MM0 +
1.8537,rust,0,MM1 +
1.8537,rust,0,"#122,YAW,1.89,GYRO,-12,47,-6,ACC,4,2,259,ADC,1217,388,4,2,"
1.8537,rust,0,MM1 ?FF
1.8537,rust,0,MM0 ?FF
1.8537,rust,0,MM1 FF=16
1.8537,rust,0,MM0 FF=16
1.8734,rust,0,"#123,YAW,1.89,GYRO,-13,46,-5,ACC,7,0,255,ADC,1256,382,3,1,"
1.8734,rust,0,MM1 ?P
1.8734,rust,0,MM0 ?P
1.8734,rust,0,MM1 P=0:0
1.8734,rust,0,MM0 P=0:0
1.8944,rust,0,"#124,YAW,1.90,GYRO,-13,47,-6,ACC,5,2,256,ADC,1211,381,6,2,"
1.8944,rust,0,MM1 ?S
1.8944,rust,0,MM0 ?S
1.8945,rust,0,MM1 S=0:0
1.8945,rust,0,MM0 S=0:0
1.9154,rust,0,"#125,YAW,1.90,GYRO,-13,47,-5,ACC,5,2,257,ADC,1263,496,7,2,"
1.9155,rust,0,MM1 ?T
1.9155,rust,0,MM0 ?T
1.9155,rust,0,MM1 T=36:34
1.9155,rust,0,MM0 T=35:34
1.9665,rust,0,"#126,YAW,1.90,GYRO,-13,46,-5,ACC,4,3,256,ADC,1258,385,5,2,"
1.9665,rust,0,MM1 ?V
1.9665,rust,0,MM0 ?V
1.9665,rust,0,MM1 V=120:223:4900
1.9665,rust,0,MM0 V=120:225:4903
1.9665,rust,0,MM0 !M 0 0
1.9665,rust,0,MM1 !M 0 0
1.9665,rust,0,MM0 +
1.9665,rust,0,MM1 +
1.9665,rust,0,"#127,YAW,1.90,GYRO,-15,48,-5,ACC,6,0,256,ADC,1249,397,5,2,"
1.9666,rust,0,MM1 ?CR
1.9666,rust,0,MM0 ?CR
1.9666,rust,0,MM1 CR=0:0
1.9666,rust,0,MM0 CR=0:0
1.9666,rust,0,"#128,YAW,1.90,GYRO,-13,46,-5,ACC,9,1,255,ADC,1220,386,4,2,"
1.9876,rust,0,MM1 ?A
1.9876,rust,0,MM0 ?A
1.9876,rust,0,MM1 A=0:0
1.9876,rust,0,MM0 A=0:0
1.9876,rust,0,"$GPRMC,130423.2,A,5050.50726,N,00419.37827,E,000.54,108.2,081026,000.4,E*5D"
2.0118,rust,0,"#129,YAW,1.90,GYRO,-13,46,-6,ACC,4,2,261,ADC,1282,312,5,1,"
2.0118,rust,0,MM1 ?AI
2.0118,rust,0,MM0 ?AI
2.0119,rust,0,MM1 AI=0:0:2347:2359:0:0
2.0119,rust,0,MM0 AI=0:0:2426:2453:0:0
2.0119,rust,0,"#130,YAW,1.89,GYRO,-12,45,-6,ACC,5,7,257,ADC,1228,381,6,2,"
2.0119,rust,0,MM1 ?C
2.0119,rust,0,MM0 ?C
2.0295,rust,0,MM1 C=-890:-1205
2.0296,rust,0,MM0 C=-1045:-945
2.0296,rust,0,"#131,YAW,1.89,GYRO,-14,47,-4,ACC,4,0,260,ADC,1244,402,6,2,"
2.0296,rust,0,MM1 ?D
2.0296,rust,0,MM0 ?D
2.0296,rust,0,MM1 D=48
2.0296,rust,0,MM0 D=9
2.0645,rust,0,MM1 !M 0 0
2.0645,rust,0,MM0 !M 0 0
2.0645,rust,0,MM1 +
2.0646,rust,0,MM0 +
2.0646,rust,0,"#132,YAW,1.89,GYRO,-13,46,-6,ACC,5,1,260,ADC,1249,387,6,2,"
2.0646,rust,0,MM1 ?FF
2.0646,rust,0,MM0 ?FF
2.0646,rust,0,MM1 FF=16
2.0646,rust,0,MM0 FF=16
2.0846,rust,0,"#133,YAW,1.89,GYRO,-14,46,-4,ACC,2,3,257,ADC,1245,503,6,2,"
2.0847,rust,0,MM1 ?P
2.0847,rust,0,MM0 ?P
2.0847,rust,0,MM1 P=0:0
2.0847,rust,0,MM0 P=0:0
2.1055,rust,0,"#134,YAW,1.90,GYRO,-12,47,-6,ACC,5,1,254,ADC,1280,501,7,2,"
2.1056,rust,0,MM1 ?S
2.1056,rust,0,MM0 ?S
2.1056,rust,0,MM1 S=0:0
2.1056,rust,0,MM0 S=0:0
2.1269,rust,0,"#135,YAW,1.90,GYRO,-14,47,-6,ACC,6,0,258,ADC,1225,381,4,1,"
2.1269,rust,0,MM1 ?T
2.1269,rust,0,MM0 ?T
2.1269,rust,0,MM1 T=36:34
2.1269,rust,0,MM0 T=35:34
2.1269,rust,0,"#136,YAW,1.90,GYRO,-12,48,-5,ACC,5,3,258,ADC,1260,400,5,2,"
2.1615,rust,0,MM1 ?V
2.1615,rust,0,MM0 ?V
2.1615,rust,0,MM1 V=120:223:4900
2.1615,rust,0,MM0 V=120:218:4903
2.1615,rust,0,MM1 !M 0 0
2.1615,rust,0,MM0 !M 0 0
2.1615,rust,0,MM1 +
2.1615,rust,0,MM0 +
2.1615,rust,0,"#137,YAW,1.90,GYRO,-13,46,-6,ACC,7,2,256,ADC,1248,387,5,2,"
2.1615,rust,0,MM1 ?CR
2.1615,rust,0,MM0 ?CR
2.1615,rust,0,MM1 CR=0:0
2.1615,rust,0,MM0 CR=0:0
2.1825,rust,0,"#138,YAW,1.90,GYRO,-13,47,-6,ACC,3,0,257,ADC,1231,383,6,2,"
2.1826,rust,0,MM1 ?A
2.1826,rust,0,MM0 ?A
2.1826,rust,0,MM1 A=0:0
2.1826,rust,0,MM0 A=0:0
2.1826,rust,0,"$GPRMC,130423.4,A,5050.50723,N,00419.37825,E,000.54,108.2,081026,000.4,E*5C"
2.2049,rust,0,"#139,YAW,1.90,GYRO,-13,46,-7,ACC,7,0,260,ADC,1290,335,6,1,"
2.2049,rust,0,MM0 ?AI
2.2049,rust,0,MM1 ?AI
2.2049,rust,0,MM0 AI=0:0:2439:2452:0:0
2.2049,rust,0,MM1 AI=0:0:2341:2367:0:0
2.2253,rust,0,"#140,YAW,1.89,GYRO,-13,48,-5,ACC,4,-1,256,ADC,1280,498,5,2,"
2.2254,rust,0,MM1 ?C
2.2254,rust,0,MM0 ?C
2.2254,rust,0,MM1 C=-890:-1205
2.2254,rust,0,MM0 C=-1045:-945
2.2614,rust,0,"#141,YAW,1.89,GYRO,-12,47,-5,ACC,4,0,258,ADC,1225,381,6,2,"
2.2614,rust,0,MM1 ?D
2.2614,rust,0,MM0 ?D
2.2614,rust,0,MM1 D=48
2.2614,rust,0,MM0 D=1
2.2614,rust,0,MM1 !M 0 0
2.2614,rust,0,MM0 !M 0 0
2.2614,rust,0,MM1 +
2.2614,rust,0,MM0 +
2.2614,rust,0,"#142,YAW,1.90,GYRO,-14,46,-6,ACC,6,0,255,ADC,1244,386,5,2,"
2.2614,rust,0,MM0 ?FF
2.2614,rust,0,MM1 ?FF
2.2614,rust,0,MM0 FF=16
2.2614,rust,0,MM1 FF=16
2.2827,rust,0,"#143,YAW,1.90,GYRO,-14,47,-6,ACC,5,0,262,ADC,1294,501,4,2,"
2.2827,rust,0,MM1 ?P
2.2827,rust,0,MM0 ?P
2.2827,rust,0,MM1 P=0:0
2.2827,rust,0,MM0 P=0:0
2.3014,rust,0,"#144,YAW,1.90,GYRO,-14,46,-5,ACC,5,-8,269,ADC,1269,382,5,2,"
2.3014,rust,0,MM1 ?S
2.3014,rust,0,MM0 ?S
2.3014,rust,0,MM1 S=0:0
2.3014,rust,0,MM0 S=0:0
2.3244,rust,0,"#145,YAW,1.90,GYRO,-14,45,-6,ACC,5,0,256,ADC,1203,379,5,2,"
2.3245,rust,0,MM0 ?T
2.3245,rust,0,MM1 ?T
2.3245,rust,0,MM0 T=35:34
2.3245,rust,0,MM1 T=36:34
2.3585,rust,0,"#146,YAW,1.90,GYRO,-13,46,-6,ACC,7,0,259,ADC,1240,385,4,1,"
2.3585,rust,0,MM0 ?V
2.3585,rust,0,MM1 ?V
2.3585,rust,0,MM0 V=120:224:4903
2.3585,rust,0,MM1 V=120:224:4899
2.3585,rust,0,MM0 !M 0 0
2.3585,rust,0,MM0 +
2.3586,rust,0,MM1 !M 0 0
2.3586,rust,0,MM1 +
2.3586,rust,0,"#147,YAW,1.90,GYRO,-14,47,-4,ACC,4,1,253,ADC,1199,381,5,2,"
2.3586,rust,0,MM0 ?CR
2.3586,rust,0,MM1 ?CR
2.3586,rust,0,MM0 CR=0:0
2.3586,rust,0,MM1 CR=0:0
2.3793,rust,0,"#148,YAW,1.90,GYRO,-13,44,-8,ACC,2,2,253,ADC,1245,380,5,2,"
2.3794,rust,0,MM0 ?A
2.3794,rust,0,MM1 ?A
2.3794,rust,0,MM0 A=0:0
2.3794,rust,0,MM1 A=0:0
2.4005,rust,0,"$GPRMC,130423.6,A,5050.50720,N,00419.37823,E,000.55,108.2,081026,000.4,E*5A"
2.4005,rust,0,"#149,YAW,1.90,GYRO,-14,44,-6,ACC,5,0,261,ADC,1271,309,3,2,"
2.4005,rust,0,MM0 ?AI
2.4005,rust,0,MM1 ?AI
2.4005,rust,0,MM0 AI=0:0:2446:2436:0:0
2.4005,rust,0,MM1 AI=0:0:2351:2366:0:0
2.4218,rust,0,"#150,YAW,1.90,GYRO,-14,46,-7,ACC,3,0,258,ADC,1238,386,3,2,"
2.4218,rust,0,MM0 ?C
2.4218,rust,0,MM1 ?C
2.4218,rust,0,MM0 C=-1045:-945
2.4218,rust,0,MM1 C=-890:-1205
2.4554,rust,0,"#151,YAW,1.90,GYRO,-12,47,-4,ACC,5,1,251,ADC,1273,395,5,2,"
2.4554,rust,0,MM0 ?D
2.4555,rust,0,MM1 ?D
2.4555,rust,0,MM1 D=48
2.4555,rust,0,MM0 D=1
2.4555,rust,0,MM0 !M 0 0
2.4555,rust,0,MM1 !M 0 0
2.4555,rust,0,MM0 +
2.4555,rust,0,MM1 +
2.4555,rust,0,"#152,YAW,1.90,GYRO,-13,46,-6,ACC,5,2,256,ADC,1251,400,6,2,"
2.4555,rust,0,MM0 ?FF
2.4555,rust,0,MM1 ?FF
2.4555,rust,0,MM0 FF=16
2.4555,rust,0,MM1 FF=16
2.4764,rust,0,"#153,YAW,1.90,GYRO,-12,46,-6,ACC,5,0,262,ADC,1245,383,6,2,"
2.4765,rust,0,MM0 ?P
2.4765,rust,0,MM1 ?P
2.4765,rust,0,MM0 P=0:0
2.4765,rust,0,MM1 P=0:0
2.4973,rust,0,"#154,YAW,1.90,GYRO,-11,45,-5,ACC,5,0,258,ADC,1273,381,4,1,"
2.4974,rust,0,MM0 ?S
2.4974,rust,0,MM1 ?S
2.4974,rust,0,MM0 S=0:0
2.4974,rust,0,MM1 S=0:0
2.5237,rust,0,"#155,YAW,1.90,GYRO,-12,46,-6,ACC,4,2,256,ADC,1243,387,4,2,"
2.5237,rust,0,MM0 ?T
2.5237,rust,0,MM1 ?T
2.5237,rust,0,MM0 T=35:34
2.5237,rust,0,MM1 T=36:34
2.5573,rust,0,"#156,YAW,1.90,GYRO,-13,46,-4,ACC,5,3,258,ADC,1285,394,4,1,"
2.5573,rust,0,MM0 ?V
2.5573,rust,0,MM1 ?V
2.5574,rust,0,MM0 V=120:223:4903
2.5574,rust,0,MM1 V=120:223:4898
2.5574,rust,0,MM0 !M 0 0
2.5574,rust,0,MM1 !M 0 0
2.5574,rust,0,MM0 +
2.5574,rust,0,MM1 +
2.5574,rust,0,"#157,YAW,1.90,GYRO,-13,47,-6,ACC,5,1,256,ADC,1236,501,4,2,"
2.5574,rust,0,MM0 ?CR
2.5574,rust,0,MM1 ?CR
2.5574,rust,0,MM0 CR=0:0
2.5574,rust,0,MM1 CR=0:0
2.5786,rust,0,"#158,YAW,1.90,GYRO,-13,46,-6,ACC,3,4,255,ADC,1272,397,5,2,"
2.5787,rust,0,MM0 ?A
2.5787,rust,0,MM1 ?A
2.5787,rust,0,MM0 A=0:0
2.5787,rust,0,MM1 A=0:0
2.5995,rust,0,"$GPRMC,130423.8,A,5050.50718,N,00419.37822,E,000.54,108.2,081026,000.4,E*5F"
2.5995,rust,0,"#159,YAW,1.90,GYRO,-13,45,-5,ACC,6,2,254,ADC,1277,353,5,2,"
2.5995,rust,0,MM0 ?AI
2.5995,rust,0,MM1 ?AI
2.5995,rust,0,MM0 AI=0:0:2427:2451:0:0
2.5995,rust,0,MM1 AI=0:0:2348:2146:0:0
2.6263,rust,0,"#160,YAW,1.90,GYRO,-12,46,-6,ACC,8,1,253,ADC,1274,397,6,1,"
2.6263,rust,0,MM0 ?C
2.6263,rust,0,MM1 ?C
2.6264,rust,0,MM0 C=-1045:-945
2.6264,rust,0,MM1 C=-890:-1205
2.6614,rust,0,"#161,YAW,1.90,GYRO,-13,46,-5,ACC,4,0,253,ADC,1258,388,4,2,"
2.6614,rust,0,MM0 ?D
2.6614,rust,0,MM1 ?D
2.6614,rust,0,MM1 D=48
2.6614,rust,0,MM0 D=1
2.6614,rust,0,MM0 !M 0 0
2.6614,rust,0,MM0 +
2.6614,rust,0,MM1 !M 0 0
2.6614,rust,0,MM1 +
2.6614,rust,0,"#162,YAW,1.90,GYRO,-13,48,-6,ACC,4,2,258,ADC,1259,383,6,1,"
2.6614,rust,0,MM0 ?FF
2.6614,rust,0,MM1 ?FF
2.6614,rust,0,MM0 FF=16
2.6614,rust,0,MM1 FF=16
2.6815,rust,0,"#163,YAW,1.90,GYRO,-13,46,-5,ACC,6,0,260,ADC,1230,381,4,2,"
2.6815,rust,0,MM0 ?P
2.6815,rust,0,MM1 ?P
2.6815,rust,0,MM0 P=0:0
2.6815,rust,0,MM1 P=0:0
2.7023,rust,0,"#164,YAW,1.90,GYRO,-12,45,-6,ACC,3,1,258,ADC,1267,385,6,2,"
2.7023,rust,0,MM0 ?S
2.7023,rust,0,MM1 ?S
2.7023,rust,0,MM0 S=0:0
2.7023,rust,0,MM1 S=0:0
2.7286,rust,0,"#165,YAW,1.90,GYRO,-14,47,-5,ACC,5,-1,250,ADC,1226,391,4,2,"
2.7286,rust,0,MM0 ?T
2.7286,rust,0,MM1 ?T
2.7286,rust,0,MM0 T=35:34
2.7286,rust,0,MM1 T=36:34
2.7627,rust,0,"#166,YAW,1.90,GYRO,-12,48,-6,ACC,3,0,260,ADC,1266,389,5,2,"
2.7627,rust,0,MM0 ?V
2.7627,rust,0,MM1 ?V
2.7627,rust,0,MM0 V=120:224:4903
2.7627,rust,0,MM1 V=120:223:4898
2.7627,rust,0,MM0 !M 0 0
2.7627,rust,0,MM1 !M 0 0
2.7627,rust,0,MM0 +
2.7627,rust,0,MM1 +
2.7627,rust,0,"#167,YAW,1.90,GYRO,-13,46,-6,ACC,6,0,258,ADC,1245,395,4,2,"
2.7628,rust,0,MM0 ?CR
2.7628,rust,0,MM1 ?CR
2.7628,rust,0,MM0 CR=0:0
2.7628,rust,0,MM1 CR=0:0
2.7834,rust,0,"#168,YAW,1.90,GYRO,-13,47,-6,ACC,3,1,256,ADC,1242,387,5,2,"
2.7834,rust,0,MM0 ?A
2.7834,rust,0,MM1 ?A
2.7834,rust,0,MM0 A=0:0
2.7834,rust,0,MM1 A=0:0
2.8098,rust,0,"$GPRMC,130424.0,A,5050.50715,N,00419.37820,E,000.54,108.2,081026,000.4,E*5F"
2.8098,rust,0,"#169,YAW,1.90,GYRO,-13,47,-5,ACC,6,4,258,ADC,1250,386,5,1,"
2.8099,rust,0,MM0 ?AI
2.8099,rust,0,MM1 ?AI
2.8099,rust,0,MM0 AI=0:0:2444:2457:0:0
2.8099,rust,0,MM1 AI=0:0:2355:2349:0:0
2.8313,rust,0,"#170,YAW,1.90,GYRO,-14,43,-6,ACC,5,3,256,ADC,1232,397,4,2,"
2.8313,rust,0,MM0 ?C
2.8313,rust,0,MM1 ?C
2.8313,rust,0,MM0 C=-1045:-945
2.8314,rust,0,MM1 C=-890:-1205
2.8661,rust,0,"#171,YAW,1.90,GYRO,-13,47,-6,ACC,5,0,258,ADC,1235,381,4,2,"
2.8661,rust,0,MM0 ?D
2.8661,rust,0,MM1 ?D
2.8661,rust,0,MM1 D=48
2.8661,rust,0,MM0 D=1
2.8661,rust,0,MM1 !M 0 0
2.8661,rust,0,MM0 !M 0 0
2.8661,rust,0,MM1 +
2.8661,rust,0,MM0 +
2.8662,rust,0,"#172,YAW,1.90,GYRO,-13,45,-6,ACC,6,-1,254,ADC,1278,388,5,2,"
2.8662,rust,0,MM0 ?FF
2.8662,rust,0,MM1 ?FF
2.8662,rust,0,MM0 FF=16
2.8662,rust,0,MM1 FF=16
2.8866,rust,0,"#173,YAW,1.90,GYRO,-12,46,-4,ACC,5,1,253,ADC,1279,384,5,2,"
2.8866,rust,0,MM0 ?P
2.8866,rust,0,MM1 ?P
2.8866,rust,0,MM0 P=0:0
2.8867,rust,0,MM1 P=0:0
2.8867,rust,0,"#174,YAW,1.90,GYRO,-12,46,-6,ACC,4,1,261,ADC,1229,382,6,1,"
2.9075,rust,0,MM0 ?S
2.9075,rust,0,MM1 ?S
2.9075,rust,0,MM0 S=0:0
2.9075,rust,0,MM1 S=0:0
2.9075,rust,0,"#175,YAW,1.90,GYRO,-12,46,-5,ACC,2,1,252,ADC,1277,397,6,2,"
2.9076,rust,0,MM0 ?T
2.9372,rust,0,MM1 ?T
2.9373,rust,0,MM0 T=35:34
2.9373,rust,0,MM1 T=36:34
2.9373,rust,0,"#176,YAW,1.90,GYRO,-13,46,-5,ACC,5,0,254,ADC,1298,502,7,2,"
2.9373,rust,0,MM0 ?V
2.9373,rust,0,MM1 ?V
2.9562,rust,0,MM0 V=120:225:4904
2.9562,rust,0,MM1 V=120:224:4899
2.9562,rust,0,"#177,YAW,1.90,GYRO,-15,44,-7,ACC,7,0,256,ADC,1253,388,4,1,"
2.9562,rust,0,MM0 ?CR
2.9562,rust,0,MM1 ?CR
2.9562,rust,0,MM0 CR=0:0
2.9705,rust,0,MM1 CR=0:0
2.9705,rust,0,MM1 !M 0 0
2.9705,rust,0,MM0 !M 0 0
2.9705,rust,0,MM1 +
2.9705,rust,0,MM0 +
2.9705,rust,0,"#178,YAW,1.90,GYRO,-14,47,-7,ACC,5,0,257,ADC,1238,496,3,2,"
2.9706,rust,0,MM0 ?A
2.9706,rust,0,MM1 ?A
2.9706,rust,0,MM0 A=0:0
2.9706,rust,0,MM1 A=0:0
2.9915,rust,0,"$GPRMC,130424.2,A,5050.50712,N,00419.37818,E,000.54,108.2,081026,000.4,E*51"
2.9915,rust,0,"#179,YAW,1.90,GYRO,-13,46,-5,ACC,4,8,256,ADC,1206,290,4,1,"
3.0124,rust,0,MM0 ?AI
3.0124,rust,0,MM1 ?AI
3.0124,rust,0,MM0 AI=0:0:2457:2448:0:0
3.0124,rust,0,MM1 AI=0:0:2349:2355:0:0
3.0124,rust,0,"#180,YAW,1.90,GYRO,-13,47,-5,ACC,6,0,257,ADC,1253,395,6,2,"
3.0125,rust,0,MM0 ?C
3.0125,rust,0,MM1 ?C
3.0125,rust,0,MM0 C=-1045:-945
3.0125,rust,0,MM1 C=-890:-1205
3.0362,vrijgeven,0,"#181,YAW,1.90,GYRO,-13,47,-5,ACC,7,1,261,ADC,1271,502,4,2,"
3.0362,vrijgeven,0,MM0 ?D
3.0362,vrijgeven,0,MM1 ?D
3.0362,vrijgeven,0,MM1 D=48
3.0362,vrijgeven,0,MM0 D=1
3.0362,vrijgeven,0,MM0 !MG
3.0362,vrijgeven,0,MM1 !MG
3.0362,vrijgeven,0,MM0 +
3.0362,vrijgeven,0,MM1 +
3.0706,vrijgeven,0,"#182,YAW,1.90,GYRO,-14,45,-6,ACC,4,0,256,ADC,1224,381,5,2,"
3.0706,vrijgeven,0,MM0 ?FF
3.0706,vrijgeven,0,MM1 ?FF
3.0707,vrijgeven,0,MM0 FF=0
3.0707,vrijgeven,0,MM1 FF=0
3.0707,vrijgeven,0,MM0 !M 0 0
3.0707,vrijgeven,0,MM1 !M 0 0
3.0707,vrijgeven,0,MM0 +
3.0707,vrijgeven,0,MM1 +
3.0707,vrijgeven,0,"#183,YAW,1.90,GYRO,-14,45,-6,ACC,1,0,256,ADC,1244,405,6,2,"
3.0707,vrijgeven,0,MM1 ?P
3.0707,vrijgeven,0,MM0 ?P
3.0707,vrijgeven,0,MM0 P=0:0
3.0707,vrijgeven,0,MM1 P=0:0
3.0916,vrijgeven,0,"#184,YAW,1.90,GYRO,-13,45,-7,ACC,6,1,258,ADC,1276,496,4,2,"
3.0917,vrijgeven,0,MM0 ?S
3.0917,vrijgeven,0,MM1 ?S
3.0917,vrijgeven,0,MM0 S=0:0
3.0917,vrijgeven,0,MM1 S=0:0
3.1125,vrijgeven,0,"#185,YAW,1.90,GYRO,-14,46,-6,ACC,3,0,258,ADC,1257,392,4,2,"
3.1125,vrijgeven,0,MM0 ?T
3.1125,vrijgeven,0,MM1 ?T
3.1125,vrijgeven,0,MM0 T=35:34
3.1125,vrijgeven,0,MM1 T=36:34
3.1381,vrijgeven,0,"#186,YAW,1.90,GYRO,-13,46,-6,ACC,5,0,259,ADC,1263,381,6,2,"
3.1382,vrijgeven,0,MM0 ?V
3.1382,vrijgeven,0,MM1 ?V
3.1382,vrijgeven,0,MM0 V=120:224:4902
3.1382,vrijgeven,0,MM1 V=120:224:4899
3.1545,vrijgeven,0,"#187,YAW,1.90,GYRO,-13,46,-6,ACC,5,1,256,ADC,1211,403,6,2,"
3.1545,vrijgeven,0,MM0 ?CR
3.1545,vrijgeven,0,MM1 ?CR
3.1545,vrijgeven,0,MM0 CR=0:0
3.1545,vrijgeven,0,MM1 CR=0:0
3.1757,vrijgeven,0,MM0 !M 0 0
3.1757,vrijgeven,0,MM1 !M 0 0
3.1757,vrijgeven,0,MM0 +
3.1757,vrijgeven,0,MM1 +
3.1758,vrijgeven,0,"#188,YAW,1.90,GYRO,-11,48,-5,ACC,5,0,259,ADC,1267,388,5,2,"
3.1758,vrijgeven,0,MM0 ?A
3.1758,vrijgeven,0,MM1 ?A
3.1758,vrijgeven,0,MM0 A=0:0
3.1758,vrijgeven,0,MM1 A=0:0
3.1967,vrijgeven,0,"$GPRMC,130424.4,A,5050.50709,N,00419.37816,E,000.52,108.2,081026,000.4,E*55"
3.1967,vrijgeven,0,"#189,YAW,1.90,GYRO,-13,47,-5,ACC,2,0,256,ADC,1306,318,5,2,"
3.1967,vrijgeven,0,MM0 ?AI
3.1967,vrijgeven,0,MM1 ?AI
3.1967,vrijgeven,0,MM0 AI=0:0:2435:2465:0:0
3.2175,vrijgeven,0,MM1 AI=0:0:2358:2355:0:0
3.2175,vrijgeven,0,"#190,YAW,1.90,GYRO,-13,45,-5,ACC,7,0,255,ADC,1247,385,5,2,"
3.2176,vrijgeven,0,MM0 ?C
3.2176,vrijgeven,0,MM1 ?C
3.2176,vrijgeven,0,MM0 C=-1045:-945
3.2176,vrijgeven,0,MM1 C=-890:-1205
3.2413,vrijgeven,0,"#191,YAW,1.90,GYRO,-12,46,-5,ACC,5,0,258,ADC,1298,386,5,1,"
3.2414,vrijgeven,0,MM0 ?D
3.2414,vrijgeven,0,MM1 ?D
3.2414,vrijgeven,0,MM1 D=48
3.2414,vrijgeven,0,MM0 D=1
3.2766,vrijgeven,0,"#192,YAW,1.90,GYRO,-14,48,-4,ACC,5,2,260,ADC,1241,388,5,1,"
3.2767,vrijgeven,0,MM0 ?FF
3.2767,vrijgeven,0,MM1 ?FF
3.2767,vrijgeven,0,MM0 FF=0
3.2767,vrijgeven,0,MM1 FF=0
3.2767,vrijgeven,0,MM0 !M 0 0
3.2767,vrijgeven,0,MM1 !M 0 0
3.2767,vrijgeven,0,MM0 +
3.2767,vrijgeven,0,MM1 +
3.2767,vrijgeven,0,"#193,YAW,1.90,GYRO,-14,45,-5,ACC,5,9,255,ADC,1270,398,5,2,"
3.2768,vrijgeven,0,MM0 ?P
3.2768,vrijgeven,0,MM1 ?P
3.2768,vrijgeven,0,MM0 P=0:0
3.2768,vrijgeven,0,MM1 P=0:0
3.2976,vrijgeven,0,"#194,YAW,1.90,GYRO,-13,47,-5,ACC,5,2,256,ADC,1267,387,6,1,"
3.2977,vrijgeven,0,MM0 ?S
3.2977,vrijgeven,0,MM1 ?S
3.2977,vrijgeven,0,MM0 S=0:0
3.2977,vrijgeven,0,MM1 S=0:0
3.3184,vrijgeven,0,"#195,YAW,1.90,GYRO,-13,47,-5,ACC,4,1,260,ADC,1211,381,4,2,"
3.3185,vrijgeven,0,MM0 ?T
3.3185,vrijgeven,0,MM1 ?T
3.3185,vrijgeven,0,MM0 T=35:34
3.3185,vrijgeven,0,MM1 T=36:34
3.3431,vrijgeven,0,"#196,YAW,1.90,GYRO,-13,44,-5,ACC,5,1,255,ADC,1259,502,5,2,"
3.3432,vrijgeven,0,MM0 ?V
3.3432,vrijgeven,0,MM1 ?V
3.3432,vrijgeven,0,MM0 V=120:223:4903
3.3432,vrijgeven,0,MM1 V=120:223:4900
3.3777,vrijgeven,0,"#197,YAW,1.90,GYRO,-14,45,-6,ACC,4,1,260,ADC,1257,492,4,2,"
3.3778,vrijgeven,0,MM0 ?CR
3.3778,vrijgeven,0,MM1 ?CR
3.3778,vrijgeven,0,MM0 CR=0:0
3.3778,vrijgeven,0,MM1 CR=0:0
3.3778,vrijgeven,0,MM1 !M 0 0
3.3778,vrijgeven,0,MM0 !M 0 0
3.3778,vrijgeven,0,MM1 +
3.3778,vrijgeven,0,MM0 +
3.3778,vrijgeven,0,"#198,YAW,1.90,GYRO,-14,46,-7,ACC,5,1,257,ADC,1215,382,4,1,"
3.3778,vrijgeven,0,MM0 ?A
3.3778,vrijgeven,0,MM1 ?A
3.3778,vrijgeven,0,MM0 A=0:0
3.3778,vrijgeven,0,MM1 A=0:0
3.3985,vrijgeven,0,"$GPRMC,130424.6,A,5050.50706,N,00419.37815,E,000.50,108.2,081026,000.4,E*59"
3.3985,vrijgeven,0,"#199,YAW,1.90,GYRO,-14,46,-6,ACC,4,1,255,ADC,1207,283,5,1,"
3.3986,vrijgeven,0,MM0 ?AI
3.3986,vrijgeven,0,MM1 ?AI
3.3986,vrijgeven,0,MM0 AI=0:0:2433:2466:0:0
3.3986,vrijgeven,0,MM1 AI=0:0:2352:2362:0:0
3.4195,vrijgeven,0,"#200,YAW,1.90,GYRO,-13,47,-4,ACC,3,0,253,ADC,1266,384,5,1,"
3.4196,vrijgeven,0,MM0 ?C
3.4196,vrijgeven,0,MM1 ?C
3.4196,vrijgeven,0,MM0 C=-1045:-945
3.4196,vrijgeven,0,MM1 C=-890:-1205
3.4776,vrijgeven,0,"#201,YAW,1.90,GYRO,-13,46,-5,ACC,1,0,259,ADC,1224,382,4,2,"
3.4776,vrijgeven,0,MM0 ?D
3.4777,vrijgeven,0,MM1 ?D
3.4777,vrijgeven,0,MM1 D=48
3.4777,vrijgeven,0,MM0 D=1
3.4777,vrijgeven,0,"#202,YAW,1.90,GYRO,-13,45,-6,ACC,6,2,256,ADC,1269,501,5,2,"
3.4777,vrijgeven,0,MM0 ?FF
3.4777,vrijgeven,0,MM1 ?FF
3.4777,vrijgeven,0,MM0 FF=0
3.4777,vrijgeven,0,MM1 FF=0
3.4777,vrijgeven,0,MM0 !M 0 0
3.4777,vrijgeven,0,MM1 !M 0 0
3.4777,vrijgeven,0,MM0 +
3.4777,vrijgeven,0,MM1 +
3.4777,vrijgeven,0,"#203,YAW,1.90,GYRO,-12,46,-6,ACC,0,2,258,ADC,1246,381,3,2,"
3.4778,vrijgeven,0,MM0 ?P
3.4778,vrijgeven,0,MM1 ?P
3.4778,vrijgeven,0,MM0 P=0:0
3.4778,vrijgeven,0,MM1 P=0:0
3.4986,vrijgeven,0,"#204,YAW,1.90,GYRO,-13,46,-7,ACC,3,1,254,ADC,1291,503,4,1,"
3.4987,vrijgeven,0,MM0 ?S
3.4987,vrijgeven,0,MM1 ?S
3.4987,vrijgeven,0,MM0 S=0:0
3.4987,vrijgeven,0,MM1 S=0:0
3.5195,vrijgeven,0,"#205,YAW,1.90,GYRO,-13,46,-6,ACC,8,1,258,ADC,1267,391,6,1,"
3.5195,vrijgeven,0,MM0 ?T
3.5195,vrijgeven,0,MM1 ?T
3.5196,vrijgeven,0,MM0 T=35:34
3.5196,vrijgeven,0,MM1 T=36:34
3.5404,vrijgeven,0,"#206,YAW,1.90,GYRO,-12,45,-6,ACC,5,0,259,ADC,1238,388,7,2,"
3.5405,vrijgeven,0,MM0 ?V
3.5405,vrijgeven,0,MM1 ?V
3.5405,vrijgeven,0,MM0 V=120:224:4902
3.5405,vrijgeven,0,MM1 V=120:223:4900
3.5805,vrijgeven,0,"#207,YAW,1.90,GYRO,-15,46,-6,ACC,5,2,255,ADC,1247,497,5,1,"
3.5806,vrijgeven,0,MM0 ?CR
3.5806,vrijgeven,0,MM1 ?CR
3.5806,vrijgeven,0,MM0 CR=0:0
3.5806,vrijgeven,0,MM1 CR=0:0
3.5806,vrijgeven,0,MM0 !M 0 0
3.5806,vrijgeven,0,MM1 !M 0 0
3.5806,vrijgeven,0,MM0 +
3.5806,vrijgeven,0,MM1 +
3.5806,vrijgeven,0,"#208,YAW,1.90,GYRO,-12,45,-5,ACC,6,0,254,ADC,1248,397,7,1,"
3.5807,vrijgeven,0,MM0 ?A
3.5807,vrijgeven,0,MM1 ?A
3.5807,vrijgeven,0,MM0 A=0:0
3.5807,vrijgeven,0,MM1 A=0:0
3.6015,vrijgeven,0,"$GPRMC,130424.8,A,5050.50704,N,00419.37813,E,000.48,108.2,081026,000.4,E*5A"
3.6017,vrijgeven,0,"#209,YAW,1.90,GYRO,-13,45,-5,ACC,6,0,259,ADC,1245,321,5,1,"
3.6017,vrijgeven,0,MM0 ?AI
3.6017,vrijgeven,0,MM1 ?AI
3.6017,vrijgeven,0,MM0 AI=0:0:2441:2441:0:0
3.6017,vrijgeven,0,MM1 AI=0:0:2368:2583:0:0
3.6226,vrijgeven,0,"#210,YAW,1.90,GYRO,-14,46,-6,ACC,3,0,256,ADC,1266,500,5,2,"
3.6227,vrijgeven,0,MM0 ?C
3.6227,vrijgeven,0,MM1 ?C
3.6227,vrijgeven,0,MM0 C=-1045:-945
3.6227,vrijgeven,0,MM1 C=-890:-1205
3.6748,vrijgeven,0,"#211,YAW,1.90,GYRO,-13,47,-3,ACC,5,0,255,ADC,1270,396,5,1,"
3.6749,vrijgeven,0,MM0 ?D
3.6749,vrijgeven,0,MM1 ?D
3.6749,vrijgeven,0,MM1 D=48
3.6749,vrijgeven,0,MM0 D=1
3.6749,vrijgeven,0,"#212,YAW,1.90,GYRO,-12,46,-6,ACC,5,2,258,ADC,1237,499,5,2,"
3.6749,vrijgeven,0,MM0 ?FF
3.6749,vrijgeven,0,MM1 ?FF
3.6749,vrijgeven,0,MM0 FF=0
3.6749,vrijgeven,0,MM1 FF=0
3.6749,vrijgeven,0,MM0 !M 0 0
3.6749,vrijgeven,0,MM1 !M 0 0
3.6749,vrijgeven,0,MM0 +
3.6749,vrijgeven,0,MM1 +
3.6750,vrijgeven,0,"#213,YAW,1.90,GYRO,-13,47,-6,ACC,6,2,258,ADC,1245,384,3,2,"
3.6750,vrijgeven,0,MM0 ?P
3.6750,vrijgeven,0,MM1 ?P
3.6750,vrijgeven,0,MM0 P=0:0
3.6750,vrijgeven,0,MM1 P=0:0
3.6954,vrijgeven,0,"#214,YAW,1.90,GYRO,-13,45,-5,ACC,7,-7,264,ADC,1208,382,5,2,"
3.6955,vrijgeven,0,MM0 ?S
3.6955,vrijgeven,0,MM1 ?S
3.6955,vrijgeven,0,MM0 S=0:0
3.6955,vrijgeven,0,MM1 S=0:0
3.7164,vrijgeven,0,"#215,YAW,1.90,GYRO,-13,45,-7,ACC,3,0,257,ADC,1231,384,4,1,"
3.7164,vrijgeven,0,MM0 ?T
3.7165,vrijgeven,0,MM1 ?T
3.7165,vrijgeven,0,MM0 T=35:34
3.7165,vrijgeven,0,MM1 T=36:34
3.7372,vrijgeven,0,"#216,YAW,1.90,GYRO,-12,47,-5,ACC,5,4,254,ADC,1265,388,4,2,"
3.7372,vrijgeven,0,MM0 ?V
3.7372,vrijgeven,0,MM1 ?V
3.7373,vrijgeven,0,MM0 V=120:224:4903
3.7373,vrijgeven,0,MM1 V=120:223:4899
3.7722,vrijgeven,0,"#217,YAW,1.90,GYRO,-13,45,-5,ACC,1,2,257,ADC,1272,393,5,1,"
3.7722,vrijgeven,0,MM0 ?CR
3.7722,vrijgeven,0,MM1 ?CR
3.7722,vrijgeven,0,MM0 CR=0:0
3.7722,vrijgeven,0,MM1 CR=0:0
3.7722,vrijgeven,0,MM0 !M 0 0
3.7722,vrijgeven,0,MM1 !M 0 0
3.7722,vrijgeven,0,MM0 +
3.7722,vrijgeven,0,MM1 +
3.7722,vrijgeven,0,"#218,YAW,1.90,GYRO,-12,48,-6,ACC,3,0,259,ADC,1246,390,6,1,"
3.7722,vrijgeven,0,MM0 ?A
3.7722,vrijgeven,0,MM1 ?A
3.7722,vrijgeven,0,MM0 A=0:0
3.7722,vrijgeven,0,MM1 A=0:0
3.7940,vrijgeven,0,"$GPRMC,130425.0,A,5050.50701,N,00419.37811,E,000.48,108.2,081026,000.4,E*54"
3.7940,vrijgeven,0,"#219,YAW,1.90,GYRO,-13,47,-6,ACC,6,1,255,ADC,1235,292,5,1,"
3.7940,vrijgeven,0,MM0 ?AI
3.7940,vrijgeven,0,MM1 ?AI
3.8138,vrijgeven,0,MM0 AI=0:0:2427:2442:0:0
3.8138,vrijgeven,0,MM1 AI=0:0:2348:2379:0:0
3.8139,vrijgeven,0,"#220,YAW,1.90,GYRO,-13,44,-6,ACC,5,0,255,ADC,1252,391,5,1,"
3.8139,vrijgeven,0,MM0 ?C
3.8139,vrijgeven,0,MM1 ?C
3.8139,vrijgeven,0,MM0 C=-1045:-945
3.8139,vrijgeven,0,MM1 C=-890:-1205
3.8343,vrijgeven,0,"#221,YAW,1.90,GYRO,-13,47,-5,ACC,5,9,255,ADC,1229,382,6,1,"
3.8344,vrijgeven,0,MM0 ?D
3.8344,vrijgeven,0,MM1 ?D
3.8344,vrijgeven,0,MM1 D=48
3.8344,vrijgeven,0,MM0 D=1
3.8687,vrijgeven,0,MM1 !M 0 0
3.8687,vrijgeven,0,MM0 !M 0 0
3.8687,vrijgeven,0,MM1 +
3.8687,vrijgeven,0,MM0 +
3.8687,vrijgeven,0,"#222,YAW,1.90,GYRO,-13,46,-6,ACC,5,0,256,ADC,1268,387,3,2,"
3.8688,vrijgeven,0,MM0 ?FF
3.8688,vrijgeven,0,MM1 ?FF
3.8688,vrijgeven,0,MM0 FF=0
3.8688,vrijgeven,0,MM1 FF=0
3.8688,vrijgeven,0,"#223,YAW,1.90,GYRO,-12,47,-6,ACC,7,0,260,ADC,1299,501,6,1,"
3.8688,vrijgeven,0,MM0 ?P
3.8688,vrijgeven,0,MM1 ?P
3.8897,vrijgeven,0,MM0 P=0:0
3.8897,vrijgeven,0,MM1 P=0:0
3.8897,vrijgeven,0,"#224,YAW,1.90,GYRO,-13,47,-6,ACC,4,1,260,ADC,1280,400,5,1,"
3.8897,vrijgeven,0,MM0 ?S
3.8897,vrijgeven,0,MM1 ?S
3.8897,vrijgeven,0,MM0 S=0:0
3.9104,vrijgeven,0,MM1 S=0:0
3.9104,vrijgeven,0,"#225,YAW,1.90,GYRO,-13,46,-5,ACC,5,0,255,ADC,1231,384,4,2,"
3.9105,vrijgeven,0,MM0 ?T
3.9105,vrijgeven,0,MM1 ?T
3.9105,vrijgeven,0,MM0 T=35:34
3.9105,vrijgeven,0,MM1 T=36:34
3.9312,vrijgeven,0,"#226,YAW,1.90,GYRO,-13,47,-7,ACC,5,2,255,ADC,1228,389,7,2,"
3.9313,vrijgeven,0,MM0 ?V
3.9313,vrijgeven,0,MM1 ?V
3.9313,vrijgeven,0,MM0 V=120:224:4903
3.9313,vrijgeven,0,MM1 V=120:223:4900
3.9656,vrijgeven,0,MM0 !M 0 0
3.9656,vrijgeven,0,MM1 !M 0 0
3.9656,vrijgeven,0,MM0 +
3.9656,vrijgeven,0,MM1 +
3.9656,vrijgeven,0,"#227,YAW,1.90,GYRO,-13,45,-5,ACC,5,1,257,ADC,1291,395,6,2,"
3.9656,vrijgeven,0,MM0 ?CR
3.9656,vrijgeven,0,MM1 ?CR
3.9656,vrijgeven,0,MM0 CR=0:0
3.9656,vrijgeven,0,MM1 CR=0:0
3.9863,vrijgeven,0,"#228,YAW,1.90,GYRO,-14,48,-6,ACC,5,3,255,ADC,1255,394,5,2,"
3.9864,vrijgeven,0,MM0 ?A
3.9864,vrijgeven,0,MM1 ?A
3.9864,vrijgeven,0,MM0 A=0:0
3.9864,vrijgeven,0,MM1 A=0:0
3.9864,vrijgeven,0,"$GPRMC,130425.2,A,5050.50699,N,00419.37809,E,000.47,108.2,081026,000.4,E*50"
4.0076,vrijgeven,0,"#229,YAW,1.90,GYRO,-13,45,-5,ACC,2,2,258,ADC,1224,334,4,1,"
4.0076,vrijgeven,0,MM1 ?AI
4.0076,vrijgeven,0,MM0 ?AI
4.0076,vrijgeven,0,MM1 AI=0:0:2343:2347:0:0
4.0076,vrijgeven,0,MM0 AI=0:0:2434:2439:0:0
4.0076,vrijgeven,0,"#230,YAW,1.90,GYRO,-12,46,-6,ACC,5,2,257,ADC,1265,500,3,1,"
4.0076,vrijgeven,0,MM1 ?C
4.0285,vrijgeven,0,MM0 ?C
4.0285,vrijgeven,0,MM1 C=-890:-1205
4.0285,vrijgeven,0,MM0 C=-1045:-945
4.0286,vrijgeven,0,"#231,YAW,1.90,GYRO,-14,47,-5,ACC,5,3,259,ADC,1223,383,5,2,"
4.0286,vrijgeven,0,MM1 ?D
4.0286,vrijgeven,0,MM0 ?D
4.0837,heen,0,MM1 D=48
4.0838,heen,0,MM0 D=1
4.0838,heen,0,"#232,YAW,1.90,GYRO,-12,45,-4,ACC,3,0,258,ADC,1209,380,4,2,"
4.0838,heen,0,MM1 ?FF
4.0838,heen,0,MM0 ?FF
4.0838,heen,0,MM1 FF=0
4.0838,heen,0,MM0 FF=0
4.0838,heen,0,MM0 !M 0 0
4.0838,heen,0,MM1 !M 0 0
4.0838,heen,0,MM0 +
4.0838,heen,0,MM1 +
4.0838,heen,0,"#233,YAW,1.90,GYRO,-11,46,-6,ACC,3,0,255,ADC,1224,384,5,1,"
4.0839,heen,0,MM1 ?P
4.0839,heen,0,MM0 ?P
4.0839,heen,0,MM1 P=0:0
4.0839,heen,0,MM0 P=0:0
4.1186,heen,0,"#234,YAW,1.90,GYRO,-14,48,-6,ACC,5,1,262,ADC,1289,389,5,2,"
4.1187,heen,0,MM1 ?S
4.1187,heen,0,MM0 ?S
4.1187,heen,0,MM1 S=0:0
4.1187,heen,0,MM0 S=0:0
4.1187,heen,0,MM0 !M 0 0
4.1187,heen,0,MM1 !M 0 0
4.1187,heen,0,MM0 +
4.1187,heen,0,MM1 +
4.1187,heen,0,"#235,YAW,1.90,GYRO,-13,46,-4,ACC,7,1,256,ADC,1206,381,6,2,"
4.1187,heen,0,MM1 ?T
4.1187,heen,0,MM0 ?T
4.1187,heen,0,MM1 T=36:34
4.1187,heen,0,MM0 T=35:34
4.1393,heen,0,"#236,YAW,1.90,GYRO,-13,48,-5,ACC,5,0,256,ADC,1272,499,4,1,"
4.1394,heen,0,MM1 ?V
4.1394,heen,0,MM0 ?V
4.1394,heen,0,MM1 V=120:223:4898
4.1394,heen,0,MM0 V=120:224:4904
4.1732,heen,0,"#237,YAW,1.90,GYRO,-14,48,-6,ACC,7,0,258,ADC,1258,400,4,2,"
4.1733,heen,0,MM1 ?CR
4.1733,heen,0,MM0 ?CR
4.1733,heen,0,MM1 CR=0:0
4.1733,heen,0,MM0 CR=0:0
4.1733,heen,0,MM0 !M 0 0
4.1733,heen,0,MM1 !M 0 0
4.1733,heen,0,MM0 +
4.1733,heen,0,MM1 +
4.1733,heen,0,"#238,YAW,1.90,GYRO,-13,48,-7,ACC,5,2,258,ADC,1221,381,6,1,"
4.1734,heen,0,MM1 ?A
4.1734,heen,0,MM0 ?A
4.1734,heen,0,MM1 A=0:0
4.1734,heen,0,MM0 A=0:0
4.1946,heen,0,"$GPRMC,130425.4,A,5050.50696,N,00419.37807,E,000.48,108.2,081026,000.4,E*58"
4.1946,heen,0,"#239,YAW,1.90,GYRO,-13,46,-5,ACC,3,1,259,ADC,1213,309,4,2,"
4.1947,heen,0,MM1 ?AI
4.1947,heen,0,MM0 ?AI
4.1947,heen,0,MM1 AI=0:0:2344:2341:0:0
4.2286,heen,0,MM0 AI=0:0:2432:2447:0:0
4.2286,heen,0,MM1 !M 0 0
4.2286,heen,0,MM0 !M 0 0
4.2286,heen,0,MM1 +
4.2286,heen,0,MM0 +
4.2286,heen,0,"#240,YAW,1.90,GYRO,-13,46,-6,ACC,6,2,251,ADC,1270,417,4,2,"
4.2286,heen,0,MM1 ?C
4.2286,heen,0,MM0 ?C
4.2286,heen,0,MM1 C=-890:-1205
4.2286,heen,0,MM0 C=-1045:-945
4.2287,heen,0,"#241,YAW,1.90,GYRO,-14,45,-6,ACC,5,1,258,ADC,1252,383,5,1,"
4.2287,heen,0,MM1 ?D
4.2287,heen,0,MM0 ?D
4.2795,heen,0,MM1 D=48
4.2795,heen,0,MM0 D=1
4.2795,heen,0,"#242,YAW,1.90,GYRO,-15,48,-6,ACC,6,1,257,ADC,1245,500,6,1,"
4.2796,heen,0,MM1 ?FF
4.2796,heen,0,MM0 ?FF
4.2796,heen,0,MM1 FF=0
4.2796,heen,0,MM0 FF=0
4.2796,heen,0,MM1 !M 0 0
4.2796,heen,0,MM0 !M 0 0
4.2796,heen,0,MM1 +
4.2796,heen,0,MM0 +
4.2796,heen,0,"#243,YAW,1.90,GYRO,-13,46,-6,ACC,2,1,254,ADC,1240,501,7,2,"
4.2797,heen,0,MM1 ?P
4.2797,heen,0,MM0 ?P
4.2797,heen,0,MM1 P=0:0
4.2797,heen,0,MM0 P=0:0
4.3295,heen,0,"#244,YAW,1.90,GYRO,-14,47,-5,ACC,7,3,260,ADC,1263,388,6,2,"
4.3296,heen,0,MM1 ?S
4.3296,heen,0,MM0 ?S
4.3296,heen,0,MM1 S=0:0
4.3297,heen,0,MM0 S=0:0
4.3297,heen,0,MM0 !M 0 0
4.3297,heen,0,MM1 !M 0 0
4.3297,heen,0,MM0 +
4.3297,heen,0,MM1 +
4.3297,heen,0,"#245,YAW,1.90,GYRO,-13,46,-6,ACC,5,0,255,ADC,1225,373,6,2,"
4.3297,heen,0,MM0 ?T
4.3297,heen,0,MM1 ?T
4.3297,heen,0,MM1 T=36:34
4.3297,heen,0,MM0 T=35:34
4.3297,heen,0,"#246,YAW,1.90,GYRO,-14,46,-6,ACC,2,2,256,ADC,1274,395,6,1,"
4.3297,heen,0,MM1 ?V
4.3297,heen,0,MM0 ?V
4.3808,heen,0,MM1 V=120:223:4899
4.3808,heen,0,MM0 V=120:223:4903
4.3808,heen,0,"#247,YAW,1.90,GYRO,-12,48,-5,ACC,6,2,259,ADC,1299,500,4,1,"
4.3809,heen,0,MM1 ?CR
4.3809,heen,0,MM0 ?CR
4.3809,heen,0,MM1 CR=0:0
4.3809,heen,0,MM0 CR=0:0
4.3809,heen,0,MM1 !M 0 0
4.3809,heen,0,MM0 !M 0 0
4.3809,heen,0,MM1 +
4.3809,heen,0,MM0 +
4.3809,heen,0,"#248,YAW,1.90,GYRO,-13,46,-6,ACC,4,1,261,ADC,1259,380,5,2,"
4.3809,heen,0,MM1 ?A
4.3809,heen,0,MM0 ?A
4.3810,heen,0,MM1 A=0:0
4.3810,heen,0,MM0 A=0:0
4.4321,heen,0,"$GPRMC,130425.6,A,5050.50694,N,00419.37805,E,000.47,108.2,081026,000.4,E*55"
4.4321,heen,0,"#249,YAW,1.90,GYRO,-13,46,-5,ACC,8,2,260,ADC,1213,308,5,2,"
4.4322,heen,0,MM1 ?AI
4.4322,heen,0,MM0 ?AI
4.4322,heen,0,MM1 AI=0:0:2349:2360:0:0
4.4322,heen,0,MM0 AI=0:0:2424:2448:0:0
4.4322,heen,0,"#250,YAW,1.90,GYRO,-13,46,-5,ACC,5,0,254,ADC,1247,383,8,2,"
4.4322,heen,0,MM0 ?C
4.4322,heen,0,MM1 ?C
4.4322,heen,0,MM1 C=-890:-1205
4.4323,heen,0,MM0 C=-1045:-945
4.4324,heen,0,MM1 !M 0 0
4.4324,heen,0,MM0 !M 0 0
4.4324,heen,0,MM1 +
4.4324,heen,0,MM0 +
4.4324,heen,0,"#251,YAW,1.90,GYRO,-14,47,-6,ACC,5,1,257,ADC,1259,498,5,1,"
4.4324,heen,0,MM1 ?D
4.4325,heen,0,MM0 ?D
4.4325,heen,0,MM1 D=48
4.4325,heen,0,MM0 D=9
4.4350,heen,0,DOEL heen 5.0000 r=0.13360
4.4827,heen,0,"#252,YAW,1.90,GYRO,-14,47,-6,ACC,5,0,261,ADC,1280,501,3,3,"
4.4829,heen,0,MM1 ?FF
4.4829,heen,0,MM0 ?FF
4.4829,heen,0,MM1 FF=0
4.4829,heen,0,MM0 FF=0
4.4829,heen,0,MM1 !M 0 0
4.4829,heen,0,MM0 !M 0 0
4.4829,heen,0,MM1 +
4.4829,heen,0,MM0 +
4.4829,heen,0,"#253,YAW,1.90,GYRO,-13,47,-5,ACC,3,2,257,ADC,1236,407,6,1,"
4.4829,heen,0,MM1 ?P
4.4829,heen,0,MM0 ?P
4.4829,heen,0,MM1 P=0:0
4.4830,heen,0,MM0 P=0:0
4.5335,heen,8,"#254,YAW,1.90,GYRO,-12,47,-5,ACC,5,1,256,ADC,1267,396,6,1,"
4.5336,heen,8,MM1 ?S
4.5336,heen,8,MM0 ?S
4.5336,heen,8,MM1 S=0:0
4.5336,heen,8,MM0 S=0:0
4.5336,heen,8,"#255,YAW,1.90,GYRO,-12,48,-6,ACC,7,2,258,ADC,1233,388,5,2,"
4.5337,heen,8,MM1 ?T
4.5337,heen,8,MM0 ?T
4.5337,heen,8,MM1 T=36:34
4.5337,heen,8,MM0 T=35:34
4.5337,heen,8,MM0 !M 8 -8
4.5337,heen,8,MM1 !M 8 -8
4.5337,heen,8,MM0 +
4.5337,heen,8,MM1 +
4.5337,heen,8,"#0,YAW,1.90,GYRO,-13,46,-5,ACC,4,1,257,ADC,1267,395,4,1,"
4.5337,heen,8,MM1 ?V
4.5337,heen,8,MM0 ?V
4.5337,heen,8,MM1 V=120:223:4900
4.5337,heen,8,MM0 V=120:223:4903
4.5863,heen,16,"#1,YAW,1.90,GYRO,-13,47,-5,ACC,6,1,253,ADC,1248,502,5,2,"
4.5863,heen,16,MM1 ?CR
4.5863,heen,16,MM0 ?CR
4.5863,heen,16,MM1 CR=1:0
4.5863,heen,16,MM0 CR=0:0
4.5863,heen,16,MM0 !M 16 -16
4.5863,heen,16,MM1 !M 16 -16
4.5864,heen,16,MM0 +
4.5864,heen,16,MM1 +
4.5864,heen,16,"#2,YAW,1.90,GYRO,-13,47,-6,ACC,9,2,261,ADC,1267,401,5,2,"
4.5864,heen,16,MM1 ?A
4.5864,heen,16,MM0 ?A
4.5864,heen,16,MM1 A=0:0
4.5864,heen,16,MM0 A=0:0
4.6382,heen,25,"$GPRMC,130425.8,A,5050.50691,N,00419.37803,E,000.49,108.2,081026,000.4,E*56"
4.6382,heen,25,"#3,YAW,1.90,GYRO,-12,42,-3,ACC,10,0,255,ADC,1238,305,5,2,"
4.6383,heen,25,MM0 ?AI
4.6383,heen,25,MM1 ?AI
4.6383,heen,25,MM0 AI=0:0:2418:2443:0:0
4.6383,heen,25,MM1 AI=0:0:2363:2350:0:0
4.6383,heen,25,"#4,YAW,1.90,GYRO,-14,50,-9,ACC,8,1,259,ADC,1234,384,4,2,"
4.6383,heen,25,MM0 ?C
4.6383,heen,25,MM1 ?C
4.6383,heen,25,MM0 C=-1045:-945
4.6383,heen,25,MM1 C=-889:-1205
4.6385,heen,25,MM0 !M 25 -25
4.6385,heen,25,MM1 !M 25 -25
4.6385,heen,25,MM0 +
4.6385,heen,25,MM1 +
4.6385,heen,25,"#5,YAW,1.90,GYRO,-12,47,-10,ACC,12,-1,257,ADC,1203,380,6,1,"
4.6385,heen,25,MM0 ?D
4.6385,heen,25,MM1 ?D
4.6385,heen,25,MM1 D=49
4.6385,heen,25,MM0 D=9
4.6867,heen,33,"#6,YAW,1.90,GYRO,-13,39,-11,ACC,9,0,254,ADC,1236,383,6,2,"
4.6868,heen,33,MM0 ?FF
4.6868,heen,33,MM1 ?FF
4.6868,heen,33,MM0 FF=0
4.6869,heen,33,MM1 FF=0
4.6869,heen,33,MM0 !M 33 -33
4.6869,heen,33,MM0 +
4.6869,heen,33,MM1 !M 33 -33
4.6869,heen,33,MM1 +
4.6869,heen,33,"#7,YAW,1.90,GYRO,-15,56,-9,ACC,12,2,259,ADC,1277,295,4,2,"
4.6869,heen,33,MM0 ?P
4.6869,heen,33,MM1 ?P
4.6869,heen,33,MM0 P=33:-33
4.6869,heen,33,MM1 P=33:-33
4.6869,heen,33,"#8,YAW,1.90,GYRO,-13,34,-2,ACC,5,4,257,ADC,1250,501,5,2,"
4.7363,heen,42,MM0 ?S
4.7364,heen,42,MM1 ?S
4.7364,heen,42,MM0 S=0:0
4.7364,heen,42,MM1 S=0:0
4.7364,heen,42,"#9,YAW,1.90,GYRO,-13,62,-1,ACC,6,-2,252,ADC,1233,401,3,2,"
4.7364,heen,42,MM0 ?T
4.7364,heen,42,MM1 ?T
4.7364,heen,42,MM0 T=35:34
4.7364,heen,42,MM1 T=36:34
4.7364,heen,42,MM1 !M 42 -42
4.7364,heen,42,MM0 !M 42 -42
4.7364,heen,42,MM1 +
4.7364,heen,42,MM0 +
4.7364,heen,42,"#10,YAW,1.90,GYRO,-12,52,-4,ACC,1,0,261,ADC,1240,497,6,2,"
4.7365,heen,42,MM0 ?V
4.7365,heen,42,MM1 ?V
4.7365,heen,42,MM0 V=120:224:4903
4.7365,heen,42,MM1 V=120:223:4901
4.7877,heen,50,"#11,YAW,1.90,GYRO,-13,30,-2,ACC,21,-1,258,ADC,1277,499,6,2,"
4.7878,heen,50,MM0 ?CR
4.7878,heen,50,MM1 ?CR
4.7878,heen,50,MM0 CR=1:-1
4.7878,heen,50,MM1 CR=1:-1
4.7879,heen,50,MM0 !M 50 -50
4.7879,heen,50,MM1 !M 50 -50
4.7879,heen,50,MM0 +
4.7879,heen,50,MM1 +
4.7879,heen,50,"#12,YAW,1.90,GYRO,-16,50,-2,ACC,17,0,252,ADC,1242,338,3,2,"
4.7879,heen,50,MM0 ?A
4.7879,heen,50,MM1 ?A
4.7879,heen,50,MM1 A=0:0
4.7879,heen,50,MM0 A=0:0
4.7879,heen,50,"$GPRMC,130426.0,A,5050.50689,N,00419.37801,E,000.52,108.2,081026,000.4,E*5C"
4.8388,heen,59,"#13,YAW,1.90,GYRO,-13,30,4,ACC,25,0,260,ADC,1243,357,4,2,"
4.8389,heen,59,MM0 ?AI
4.8389,heen,59,MM1 ?AI
4.8389,heen,59,MM0 AI=0:0:2438:2450:0:0
4.8389,heen,59,MM1 AI=0:0:2344:2341:0:0
4.8389,heen,59,"#14,YAW,1.90,GYRO,-13,52,5,ACC,17,4,250,ADC,1228,383,4,1,"
4.8389,heen,59,MM0 ?C
4.8389,heen,59,MM1 ?C
4.8389,heen,59,MM1 C=-888:-1207
4.8389,heen,59,MM0 C=-1043:-947
4.8390,heen,59,MM1 !M 59 -59
4.8390,heen,59,MM0 !M 59 -59
4.8390,heen,59,MM1 +
4.8390,heen,59,MM0 +
4.8390,heen,59,"#15,YAW,1.90,GYRO,-10,64,-11,ACC,9,1,254,ADC,1279,499,6,2,"
4.8390,heen,59,MM0 ?D
4.8391,heen,59,MM1 ?D
4.8391,heen,59,MM0 D=50
4.8391,heen,59,MM1 D=2
4.8894,heen,67,"#16,YAW,1.90,GYRO,-12,35,-15,ACC,21,3,266,ADC,1253,391,7,2,"
4.8894,heen,67,MM0 ?FF
4.8894,heen,67,MM1 ?FF
4.8895,heen,67,MM0 FF=0
4.8895,heen,67,MM1 FF=0
4.8895,heen,67,MM0 !M 67 -67
4.8895,heen,67,MM1 !M 67 -67
4.8895,heen,67,MM0 +
4.8895,heen,67,MM1 +
4.8895,heen,67,"#17,YAW,1.90,GYRO,-13,33,1,ACC,23,1,255,ADC,1287,319,4,2,"
4.8895,heen,67,MM0 ?P
4.8895,heen,67,MM1 ?P
4.8895,heen,67,MM0 P=67:-67
4.8895,heen,67,MM1 P=67:-67
4.8895,heen,67,"#18,YAW,1.90,GYRO,-9,65,6,ACC,11,0,258,ADC,1247,391,4,1,"
4.8895,heen,67,MM0 ?S
4.8895,heen,67,MM1 ?S
4.9399,heen,76,MM1 S=75:0
4.9399,heen,76,MM0 S=0:0
4.9399,heen,76,"#19,YAW,1.90,GYRO,-4,68,1,ACC,18,1,269,ADC,1247,502,6,2,"
4.9400,heen,76,MM0 ?T
4.9400,heen,76,MM1 ?T
4.9400,heen,76,MM0 T=35:34
4.9400,heen,76,MM1 T=36:34
4.9400,heen,76,MM1 !M 76 -76
4.9400,heen,76,MM0 !M 76 -76
4.9400,heen,76,MM1 +
4.9400,heen,76,MM0 +
4.9400,heen,76,"#20,YAW,1.89,GYRO,-8,30,6,ACC,18,1,253,ADC,1277,501,4,2,"
4.9400,heen,76,MM0 ?V
4.9400,heen,76,MM1 ?V
4.9400,heen,76,MM0 V=120:224:4905
4.9400,heen,76,MM1 V=120:223:4900
4.9905,heen,84,"#21,YAW,1.90,GYRO,2,93,-10,ACC,19,4,254,ADC,1235,385,6,2,"
4.9906,heen,84,MM0 ?CR
4.9906,heen,84,MM1 ?CR
4.9906,heen,84,MM0 CR=5:-5
4.9906,heen,84,MM1 CR=5:-5
4.9907,heen,84,"#22,YAW,1.90,GYRO,-2,37,-4,ACC,18,-4,256,ADC,1256,383,6,1,"
4.9907,heen,84,MM0 !M 84 -84
4.9907,heen,84,MM0 +
4.9907,heen,84,MM1 !M 84 -84
4.9907,heen,84,MM1 +
4.9907,heen,84,MM0 ?A
4.9907,heen,84,MM1 ?A
4.9907,heen,84,MM0 A=0:0
4.9907,heen,84,MM1 A=5:0
4.9907,heen,84,"$GPRMC,130426.2,A,5050.50686,N,00419.37800,E,000.52,108.2,081026,000.4,E*50"
5.0283,heen,92,"#23,YAW,1.90,GYRO,-5,77,-17,ACC,21,5,263,ADC,1269,289,5,2,"
5.0284,heen,92,MM0 ?AI
5.0284,heen,92,MM1 ?AI
5.0284,heen,92,MM0 AI=0:0:2433:2436:0:0
5.0284,heen,92,MM1 AI=0:0:2352:2147:0:0
5.0285,heen,92,"#24,YAW,1.90,GYRO,-7,50,-17,ACC,6,1,252,ADC,1282,499,6,2,"
5.0285,heen,92,MM0 ?C
5.0285,heen,92,MM1 ?C
5.0285,heen,92,MM0 C=-1036:-954
5.0285,heen,92,MM1 C=-880:-1214
5.0286,heen,92,MM1 !M 92 -92
5.0286,heen,92,MM0 !M 92 -92
5.0286,heen,92,MM1 +
5.0286,heen,92,MM0 +
5.0496,heen,101,"#25,YAW,1.90,GYRO,-3,57,-12,ACC,29,3,267,ADC,1265,353,5,1,"
5.0496,heen,101,MM0 ?D
5.0497,heen,101,MM1 ?D
5.0497,heen,101,MM0 D=48
5.0497,heen,101,MM1 D=2
5.0497,heen,101,"#26,YAW,1.90,GYRO,-15,61,-12,ACC,6,3,255,ADC,1262,384,4,2,"
5.0497,heen,101,MM0 ?FF
5.0497,heen,101,MM1 ?FF
5.0840,heen,101,MM0 FF=0
5.0840,heen,101,MM1 FF=0
5.0840,heen,101,MM0 !M 101 -101
5.0840,heen,101,MM1 !M 101 -101
5.0840,heen,101,MM0 +
5.0840,heen,101,MM1 +
5.0840,heen,101,"#27,YAW,1.90,GYRO,-19,10,-3,ACC,22,-4,248,ADC,1280,500,5,2,"
5.0841,heen,101,MM0 ?P
5.0841,heen,101,MM1 ?P
5.0841,heen,101,MM0 P=101:-101
5.0841,heen,101,MM1 P=101:-101
5.1076,heen,109,"#28,YAW,1.90,GYRO,-23,62,-10,ACC,25,2,261,ADC,1252,385,4,2,"
5.1077,heen,109,MM0 ?S
5.1077,heen,109,MM1 ?S
5.1077,heen,109,MM1 S=75:-75
5.1077,heen,109,MM0 S=0:-75
5.1445,heen,109,"#29,YAW,1.90,GYRO,-14,99,-24,ACC,10,3,266,ADC,1258,500,4,2,"
5.1445,heen,109,MM0 ?T
5.1445,heen,109,MM1 ?T
5.1445,heen,109,MM0 T=35:34
5.1445,heen,109,MM1 T=36:34
5.1446,heen,109,MM0 !M 109 -109
5.1446,heen,109,MM1 !M 109 -109
5.1446,heen,109,MM0 +
5.1446,heen,109,MM1 +
5.1446,heen,109,"#30,YAW,1.90,GYRO,-24,38,-28,ACC,14,-3,268,ADC,1255,502,4,1,"
5.1446,heen,109,MM0 ?V
5.1446,heen,109,MM1 ?V
5.1446,heen,109,MM0 V=120:223:4905
5.1446,heen,109,MM1 V=120:222:4900
5.1927,heen,118,"#31,YAW,1.90,GYRO,-33,13,-25,ACC,15,0,241,ADC,1238,387,4,2,"
5.1928,heen,118,MM0 ?CR
5.1928,heen,118,MM1 ?CR
5.1928,heen,118,MM0 CR=13:-12
5.1928,heen,118,MM1 CR=12:-12
5.1928,heen,118,"#32,YAW,1.90,GYRO,-25,59,-8,ACC,4,0,257,ADC,1267,502,6,2,"
5.1928,heen,118,MM0 ?A
5.1929,heen,118,MM1 ?A
5.1929,heen,118,MM0 A=5:-4
5.1929,heen,118,MM1 A=5:0
5.1929,heen,118,"$GPRMC,130426.4,A,5050.50683,N,00419.37798,E,000.52,108.2,081026,000.4,E*5D"
5.1929,heen,118,"#33,YAW,1.90,GYRO,-20,51,7,ACC,4,0,257,ADC,1207,260,6,1,"
5.1929,heen,118,MM0 ?AI
5.1929,heen,118,MM1 ?AI
5.2433,heen,126,MM0 AI=0:0:2455:2451:0:0
5.2433,heen,126,MM1 AI=0:0:2353:2360:0:0
5.2433,heen,126,MM0 !M 118 -118
5.2433,heen,126,MM1 !M 118 -118
5.2433,heen,126,MM0 +
5.2433,heen,126,MM1 +
5.2433,heen,126,"#34,YAW,1.90,GYRO,-8,43,13,ACC,10,-2,248,ADC,1257,450,6,2,"
5.2434,heen,126,MM0 PING
5.2434,heen,126,MM1 PING
5.2434,heen,126,MM0 ?C
5.2434,heen,126,MM1 ?C
5.2434,heen,126,MM0 C=-1021:-968
5.2434,heen,126,MM1 C=-866:-1228
5.2435,heen,126,"#35,YAW,1.90,GYRO,-3,44,12,ACC,18,-5,238,ADC,1251,384,6,1,"
5.2435,heen,126,MM0 ?D
5.2435,heen,126,MM1 ?D
5.2435,heen,126,MM0 D=43
5.2435,heen,126,MM1 D=27
5.2958,heen,135,"#36,YAW,1.90,GYRO,8,76,12,ACC,17,4,238,ADC,1235,383,5,2,"
5.2958,heen,135,MM0 ?FF
5.2958,heen,135,MM1 ?FF
5.2958,heen,135,MM0 FF=0
5.2958,heen,135,MM1 FF=0
5.2959,heen,135,MM0 !M 126 -126
5.2959,heen,135,MM1 !M 126 -126
5.2959,heen,135,MM0 +
5.2959,heen,135,MM1 +
5.2959,heen,135,MM0 PING
5.2959,heen,135,MM1 PING
5.2959,heen,135,"#37,YAW,1.90,GYRO,9,89,9,ACC,25,2,247,ADC,1251,382,4,1,"
5.2959,heen,135,MM0 ?P
5.2959,heen,135,MM1 ?P
5.2959,heen,135,MM0 P=126:-126
5.2959,heen,135,MM1 P=126:-126
5.2959,heen,135,"#38,YAW,1.90,GYRO,1,95,5,ACC,29,8,264,ADC,1248,501,5,2,"
5.2959,heen,135,MM0 ?S
5.2959,heen,135,MM1 ?S
5.2959,heen,135,MM0 S=75:-75
5.2959,heen,135,MM1 S=75:-75
5.3163,heen,143,"#39,YAW,1.90,GYRO,0,85,-4,ACC,17,3,276,ADC,1248,502,3,2,"
5.3163,heen,143,MM0 ?T
5.3163,heen,143,MM1 ?T
5.3163,heen,143,MM0 T=35:34
5.3163,heen,143,MM1 T=36:34
5.3577,heen,151,MM0 !M 135 -135
5.3577,heen,151,MM1 !M 135 -135
5.3577,heen,151,MM0 +
5.3577,heen,151,MM1 +
5.3577,heen,151,MM0 PING
5.3577,heen,151,MM1 PING
5.3577,heen,151,"#40,YAW,1.90,GYRO,-29,40,-14,ACC,10,5,267,ADC,1299,338,4,1,"
5.3578,heen,151,MM0 ?V
5.3578,heen,151,MM1 ?V
5.3578,heen,151,MM0 V=120:223:4905
5.3578,heen,151,MM1 V=120:223:4900
5.3578,heen,151,"#41,YAW,1.90,GYRO,-8,0,-14,ACC,24,-6,237,ADC,1233,386,7,2,"
5.3578,heen,151,MM0 ?CR
5.3578,heen,151,MM1 ?CR
5.3578,heen,151,MM0 CR=19:-20
5.3578,heen,151,MM1 CR=19:-19
5.3579,heen,151,MM0 !M 143 -143
5.3579,heen,151,MM1 !M 143 -143
5.3579,heen,151,MM0 +
5.3579,heen,151,MM1 +
5.3579,heen,151,MM0 PING
5.3917,heen,151,MM1 PING
5.3917,heen,151,"#42,YAW,1.90,GYRO,-46,23,-14,ACC,15,5,292,ADC,1224,385,4,2,"
5.3917,heen,151,MM0 ?A
5.3917,heen,151,MM1 ?A
5.3917,heen,151,MM0 A=5:-4
5.3917,heen,151,MM1 A=5:-4
5.3917,heen,151,MM1 !M 151 -151
5.3917,heen,151,MM0 !M 151 -151
5.3917,heen,151,MM1 +
5.3917,heen,151,MM0 +
5.3917,heen,151,"$GPRMC,130426.6,A,5050.50680,N,00419.37796,E,000.52,108.2,081026,000.4,E*52"
5.3917,heen,151,"#43,YAW,1.90,GYRO,-46,-42,-15,ACC,14,5,246,ADC,1252,367,5,1,"
5.3918,heen,151,MM0 ?AI
5.3918,heen,151,MM1 ?AI
5.4459,heen,160,MM0 AI=0:0:2425:2458:0:0
5.4459,heen,160,MM1 AI=0:0:2354:2362:0:0
5.4459,heen,160,"#44,YAW,1.90,GYRO,-19,-19,-6,ACC,21,6,261,ADC,1261,390,4,2,"
5.4459,heen,160,MM0 ?C
5.4460,heen,160,MM1 ?C
5.4460,heen,160,MM0 C=-1000:-990
5.4460,heen,160,MM1 C=-844:-1250
5.4461,heen,160,MM0 !M 160 -160
5.4461,heen,160,MM1 !M 160 -160
5.4461,heen,160,MM0 +
5.4461,heen,160,MM1 +
5.4461,heen,160,"#45,YAW,1.90,GYRO,-31,23,1,ACC,17,-11,247,ADC,1262,308,5,1,"
5.4461,heen,160,MM0 ?D
5.4461,heen,160,MM1 ?D
5.4461,heen,160,MM1 D=32
5.4461,heen,160,MM0 D=1
5.4859,heen,168,"#46,YAW,1.90,GYRO,-15,18,3,ACC,23,-2,241,ADC,1305,407,5,1,"
5.4860,heen,168,MM0 ?FF
5.4860,heen,168,MM1 ?FF
5.4860,heen,168,MM0 FF=0
5.4860,heen,168,MM1 FF=0
5.4860,heen,168,"#47,YAW,1.90,GYRO,8,44,12,ACC,41,0,259,ADC,1263,502,6,2,"
5.4860,heen,168,MM0 ?P
5.4860,heen,168,MM1 ?P
5.4860,heen,168,MM0 P=160:-160
5.4860,heen,168,MM1 P=160:-160
5.4860,heen,168,MM0 !M 168 -168
5.4860,heen,168,MM1 !M 168 -168
5.4860,heen,168,MM0 +
5.4861,heen,168,MM1 +
5.5065,heen,177,"#48,YAW,1.89,GYRO,-36,100,11,ACC,32,8,272,ADC,1256,378,6,2,"
5.5066,heen,177,MM0 ?S
5.5066,heen,177,MM1 ?S
5.5066,heen,177,MM1 S=150:-150
5.5066,heen,177,MM0 S=150:-75
5.5066,heen,177,"#49,YAW,1.89,GYRO,23,98,-4,ACC,20,8,276,ADC,1253,382,5,1,"
5.5402,heen,177,MM0 ?T
5.5402,heen,177,MM1 ?T
5.5402,heen,177,MM0 T=35:34
5.5402,heen,177,MM1 T=36:34
5.5402,heen,177,MM1 !M 177 -177
5.5402,heen,177,MM0 !M 177 -177
5.5403,heen,177,MM1 +
5.5403,heen,177,MM0 +
5.5403,heen,177,"#50,YAW,1.90,GYRO,-38,-2,-17,ACC,16,3,219,ADC,1238,388,5,1,"
5.5403,heen,177,MM0 ?V
5.5403,heen,177,MM1 ?V
5.5403,heen,177,MM0 V=120:223:4906
5.5403,heen,177,MM1 V=120:223:4900
5.5614,heen,185,"#51,YAW,1.90,GYRO,-18,6,-29,ACC,12,2,309,ADC,1261,387,5,1,"
5.5615,heen,185,MM0 ?CR
5.5615,heen,185,MM1 ?CR
5.5615,heen,185,MM0 CR=28:-28
5.5615,heen,185,MM1 CR=29:-29
5.5959,heen,185,"#52,YAW,1.90,GYRO,-22,-8,-27,ACC,7,1,271,ADC,1230,381,6,2,"
5.5959,heen,185,MM0 ?A
5.5959,heen,185,MM1 ?A
5.5959,heen,185,MM0 A=5:-4
5.5959,heen,185,MM1 A=5:-9
5.5959,heen,185,"$GPRMC,130426.8,A,5050.50678,N,00419.37794,E,000.52,108.2,081026,000.4,E*59"
5.5959,heen,185,"#53,YAW,1.90,GYRO,4,49,-12,ACC,26,-8,196,ADC,1253,371,6,2,"
5.5960,heen,185,MM0 ?AI
5.5960,heen,185,MM1 ?AI
5.5960,heen,185,MM0 AI=0:0:2437:2461:0:0
5.6506,heen,194,MM1 AI=0:0:2342:2354:0:0
5.6507,heen,194,"#54,YAW,1.90,GYRO,18,87,21,ACC,21,-1,241,ADC,1235,384,4,2,"
5.6507,heen,194,MM0 ?C
5.6507,heen,194,MM1 ?C
5.6508,heen,194,MM0 C=-968:-1021
5.6508,heen,194,MM1 C=-813:-1281
5.6509,heen,194,MM0 !M 185 -185
5.6509,heen,194,MM1 !M 185 -185
5.6509,heen,194,MM0 +
5.6509,heen,194,MM1 +
5.6509,heen,194,MM1 PING
5.6509,heen,194,MM0 PING
5.6509,heen,194,MM0 !M 194 -194
5.6509,heen,194,MM1 !M 194 -194
5.6509,heen,194,"#55,YAW,1.89,GYRO,11,134,37,ACC,30,7,317,ADC,1245,372,4,2,"
5.6509,heen,194,MM0 +
5.6509,heen,194,MM1 +
5.6509,heen,194,MM0 ?D
5.6509,heen,194,MM1 ?D
5.6509,heen,194,MM0 D=17
5.6509,heen,194,MM1 D=32
5.6509,heen,194,"#56,YAW,1.89,GYRO,-34,46,22,ACC,23,15,256,ADC,1248,381,5,1,"
5.6509,heen,194,MM0 ?FF
5.6510,heen,194,MM1 ?FF
5.6986,heen,202,MM0 FF=0
5.6986,heen,202,MM1 FF=0
5.6986,heen,202,"#57,YAW,1.89,GYRO,-46,26,-11,ACC,11,9,246,ADC,1307,401,4,1,"
5.6987,heen,202,MM0 ?P
5.6987,heen,202,MM1 ?P
5.6987,heen,202,MM0 P=194:-194
5.6987,heen,202,MM1 P=194:-194
5.6987,heen,202,"#58,YAW,1.89,GYRO,-61,19,-39,ACC,17,-1,279,ADC,1254,411,4,1,"
5.6987,heen,202,MM0 ?S
5.6987,heen,202,MM1 ?S
5.6987,heen,202,MM0 S=150:-150
5.6987,heen,202,MM1 S=150:-75
5.7496,heen,211,"#59,YAW,1.90,GYRO,0,33,-31,ACC,20,-26,231,ADC,1230,381,3,1,"
5.7497,heen,211,MM0 ?T
5.7497,heen,211,MM1 ?T
5.7497,heen,211,MM0 T=35:34
5.7497,heen,211,MM1 T=36:34
5.7497,heen,211,MM0 !M 203 -201
5.7497,heen,211,MM1 !M 203 -201
5.7497,heen,211,MM0 +
5.7497,heen,211,MM1 +
5.7497,heen,211,MM1 PING
5.7497,heen,211,MM0 PING
5.7497,heen,211,"#60,YAW,1.90,GYRO,18,82,-15,ACC,23,-26,204,ADC,1252,387,4,2,"
5.7497,heen,211,MM0 !M 211 -211
5.7497,heen,211,MM0 +
5.7498,heen,211,MM1 !M 211 -211
5.7498,heen,211,MM1 +
5.7498,heen,211,MM0 ?V
5.7498,heen,211,MM1 ?V
5.7498,heen,211,MM0 V=120:223:4905
5.7498,heen,211,MM1 V=120:223:4900
5.7498,heen,211,"#61,YAW,1.90,GYRO,18,120,10,ACC,39,-1,283,ADC,1219,393,3,1,"
5.7498,heen,211,MM0 ?CR
5.7498,heen,211,MM1 ?CR
5.7498,heen,211,MM0 CR=37:-36
5.8018,heen,219,MM1 CR=36:-36
5.8019,heen,219,"#62,YAW,1.90,GYRO,-30,197,10,ACC,26,25,321,ADC,1259,391,4,1,"
5.8020,heen,219,MM0 ?A
5.8020,heen,219,MM1 ?A
5.8020,heen,219,MM0 A=9:-3
5.8020,heen,219,MM1 A=14:-8
5.8020,heen,219,"$GPRMC,130427.0,A,5050.50675,N,00419.37793,E,000.54,108.2,081026,000.4,E*5C"
5.8020,heen,219,"#63,YAW,1.89,GYRO,14,-4,5,ACC,15,13,228,ADC,1263,381,4,1,"
5.8020,heen,219,MM0 ?AI
5.8020,heen,219,MM1 ?AI
5.8020,heen,219,MM0 AI=0:0:2428:2439:0:0
5.8020,heen,219,MM1 AI=0:0:2377:2342:0:0
5.8584,heen,236,"#64,YAW,1.89,GYRO,-75,-31,-19,ACC,4,10,288,ADC,1272,502,6,2,"
5.8585,heen,236,MM0 ?C
5.8585,heen,236,MM1 ?C
5.8585,heen,236,MM1 C=-774:-1320
5.8585,heen,236,MM0 C=-929:-1060
5.8586,heen,236,MM0 !M 219 -219
5.8586,heen,236,MM1 !M 219 -219
5.8586,heen,236,MM0 +
5.8586,heen,236,MM1 +
5.8586,heen,236,MM0 PING
5.8586,heen,236,MM1 PING
5.8586,heen,236,"#65,YAW,1.90,GYRO,15,60,-35,ACC,17,-19,229,ADC,1235,389,8,1,"
5.8586,heen,236,MM0 ?D
5.8586,heen,236,MM1 ?D
5.8586,heen,236,MM1 D=33
5.8586,heen,236,MM0 D=3
5.8586,heen,236,"#66,YAW,1.90,GYRO,39,107,-23,ACC,37,-32,204,ADC,1259,389,6,2,"
5.8586,heen,236,MM0 ?FF
5.8586,heen,236,MM1 ?FF
5.8586,heen,236,MM0 FF=0
5.8586,heen,236,MM1 FF=0
5.8925,heen,236,MM0 !M 227 -227
5.8925,heen,236,MM1 !M 227 -227
5.8925,heen,236,MM0 +
5.8925,heen,236,MM1 +
5.8925,heen,236,MM0 PING
5.8925,heen,236,MM1 PING
5.8925,heen,236,"#67,YAW,1.90,GYRO,25,112,5,ACC,12,-1,317,ADC,1259,300,6,1,"
5.8925,heen,236,MM0 ?P
5.8925,heen,236,MM1 ?P
5.8925,heen,236,MM0 P=227:-227
5.8925,heen,236,MM1 P=227:-227
5.8925,heen,236,MM0 !M 236 -236
5.8925,heen,236,MM1 !M 236 -236
5.8925,heen,236,MM0 +
5.8926,heen,236,MM1 +
5.8926,heen,236,"#68,YAW,1.90,GYRO,-61,2,-9,ACC,19,39,319,ADC,1231,391,5,2,"
5.8926,heen,236,MM0 ?S
5.8926,heen,236,MM1 ?S
5.8926,heen,236,MM0 S=225:-150
5.8926,heen,236,MM1 S=225:-225
5.9133,heen,244,"#69,YAW,1.90,GYRO,3,31,-9,ACC,6,17,241,ADC,1265,407,6,2,"
5.9134,heen,244,MM0 ?T
5.9134,heen,244,MM1 ?T
5.9134,heen,244,MM0 T=35:34
5.9134,heen,244,MM1 T=36:34
5.9482,heen,244,MM1 !M 244 -244
5.9482,heen,244,MM0 !M 244 -244
5.9482,heen,244,MM1 +
5.9482,heen,244,MM0 +
5.9482,heen,244,"#70,YAW,1.90,GYRO,-38,34,-22,ACC,23,-12,165,ADC,1266,399,4,2,"
5.9483,heen,244,MM0 ?V
5.9483,heen,244,MM1 ?V
5.9483,heen,244,MM0 V=120:223:4905
5.9483,heen,244,MM1 V=120:223:4898
5.9483,heen,244,"#71,YAW,1.90,GYRO,45,85,-15,ACC,42,-27,270,ADC,1245,382,7,1,"
5.9687,heen,250,MM0 ?CR
5.9687,heen,250,MM1 ?CR
5.9687,heen,250,MM0 CR=47:-46
5.9687,heen,250,MM1 CR=46:-45
5.9687,heen,250,"#72,YAW,1.90,GYRO,-79,162,-19,ACC,15,-8,350,ADC,1215,380,3,1,"
5.9688,heen,250,MM0 ?A
5.9688,heen,250,MM1 ?A
6.0058,heen,250,MM0 A=12:-7
6.0059,heen,250,MM1 A=12:-7
6.0059,heen,250,MM0 !M 250 -250
6.0059,heen,250,MM1 !M 250 -250
6.0059,heen,250,MM0 +
6.0059,heen,250,MM1 +
6.0059,heen,250,"$GPRMC,130427.2,A,5050.50672,N,00419.37791,E,000.55,108.2,081026,000.4,E*5A"
6.0059,heen,250,"#73,YAW,1.90,GYRO,-99,-130,-13,ACC,12,34,225,ADC,1260,297,4,2,"
6.0059,heen,250,MM1 ?AI
6.0059,heen,250,MM0 ?AI
6.0059,heen,250,MM1 AI=0:0:2221:2353:0:0
6.0059,heen,250,MM0 AI=0:0:2423:2439:0:0
6.0401,heen,250,"#74,YAW,1.90,GYRO,-89,-70,-6,ACC,5,14,274,ADC,1247,389,5,1,"
6.0402,heen,250,MM0 ?C
6.0402,heen,250,MM1 ?C
6.0402,heen,250,MM0 C=-880:-1108
6.0402,heen,250,MM1 C=-725:-1367
6.0403,heen,250,"#75,YAW,1.90,GYRO,36,134,16,ACC,24,-30,165,ADC,1269,400,5,2,"
6.0403,heen,250,MM0 ?D
6.0403,heen,250,MM1 ?D
6.0403,heen,250,MM0 D=34
6.0403,heen,250,MM1 D=51
6.0612,heen,250,"#76,YAW,1.90,GYRO,74,104,31,ACC,34,-49,291,ADC,1281,385,6,1,"
6.0612,heen,250,MM0 ?FF
6.0612,heen,250,MM1 ?FF
6.0612,heen,250,MM0 FF=0
6.0612,heen,250,MM1 FF=0
6.0954,heen,250,"#77,YAW,1.90,GYRO,-105,-91,23,ACC,-9,31,330,ADC,1250,393,8,2,"
6.0955,heen,250,MM0 !M 250PING
6.0955,heen,250,MM1 !M 250PING
6.0955,heen,250,MM1 +
6.0955,heen,250,MM0 +
6.0955,heen,250,MM0 ?P
6.0955,heen,250,MM1 ?P
6.0955,heen,250,MM1 P=250:-250
6.0955,heen,250,MM0 P=250:-250
6.0955,heen,250,"#78,YAW,1.90,GYRO,-52,-46,-13,ACC,1,34,227,ADC,1238,388,4,1,"
6.0955,heen,250,MM0 ?S
6.0955,heen,250,MM1 ?S
6.0955,heen,250,MM0 S=225:-225
6.0955,heen,250,MM1 S=225:-225
6.1173,heen,250,"#79,YAW,1.90,GYRO,-36,-26,-30,ACC,39,8,183,ADC,1230,401,4,2,"
6.1173,heen,250,MM0 ?T
6.1173,heen,250,MM1 ?T
6.1173,heen,250,MM0 T=35:34
6.1173,heen,250,MM1 T=36:34
6.1173,heen,250,MM0 !M 250 -250
6.1174,heen,250,MM1 !M 250 -250
6.1174,heen,250,MM0 +
6.1174,heen,250,MM1 +
6.1174,heen,250,MM0 PING
6.6394,heen,250,MM1 PING
6.6395,heen,250,"#80,YAW,1.90,GYRO,30,130,-30,ACC,14,-28,232,ADC,1269,385,4,1,"
6.6395,heen,250,MM0 ?V
6.6395,heen,250,MM1 ?V
6.6395,heen,250,MM0 V=120:223:4905
6.6395,heen,250,MM1 V=120:222:4898
6.6395,heen,250,"#81,YAW,1.90,GYRO,90,106,8,ACC,2,-12,384,ADC,1259,387,6,1,"
6.6395,heen,250,MM1 ?CR
6.6395,heen,250,MM0 ?CR
6.6395,heen,250,MM1 CR=54:-53
6.6395,heen,250,MM0 CR=54:-53
6.6395,heen,250,"#82,YAW,1.90,GYRO,-116,-85,8,ACC,0,46,237,ADC,1265,405,6,2,"
6.6395,heen,250,MM0 ?A
6.6395,heen,250,MM1 ?A
6.6395,heen,250,MM0 A=4:-3
6.6396,heen,250,MM1 A=4:-3
6.6396,heen,250,MM0 !M 250 -250
6.6396,heen,250,MM1 !M 250 -250
6.6396,heen,250,MM0 +
6.6396,heen,250,MM1 +
6.6396,heen,250,MM0 PING
6.6396,heen,250,MM1 PING
6.6396,heen,250,"$GPRMC,130427.4,A,5050.50669,N,00419.37790,E,000.57,108.2,081026,000.4,E*55"
6.6396,heen,250,"#83,YAW,1.90,GYRO,46,-30,16,ACC,1,29,217,ADC,1249,303,4,1,"
6.6396,heen,250,MM0 ?AI
6.6396,heen,250,MM1 ?AI
6.6396,heen,250,MM0 AI=0:0:2453:2450:0:0
6.6396,heen,250,MM1 AI=0:0:2370:2386:0:0
6.6396,heen,250,"#84,YAW,1.89,GYRO,40,179,8,ACC,38,-11,147,ADC,1240,380,5,1,"
6.6396,heen,250,MM0 ?C
6.6396,heen,250,MM1 ?C
6.6396,heen,250,MM0 C=-824:-1163
6.6396,heen,250,MM1 C=-670:-1422
6.6397,heen,250,MM0 !M 250PING
6.6397,heen,250,MM1 !M 250PING
6.6397,heen,250,MM0 +
6.6397,heen,250,MM1 +
6.6397,heen,250,"#85,YAW,1.89,GYRO,66,208,-3,ACC,13,-32,426,ADC,1279,391,5,2,"
6.6397,heen,250,MM0 ?D
6.6397,heen,250,MM1 ?D
6.6397,heen,250,MM0 D=2
6.6397,heen,250,MM1 D=3
6.6397,heen,250,MM1 !M 250 -250
6.6397,heen,250,MM0 !M 250 -250
6.6397,heen,250,MM0 +
6.6397,heen,250,MM1 +
6.6398,heen,250,"#86,YAW,1.90,GYRO,-59,-39,-20,ACC,-4,13,225,ADC,1290,500,4,2,"
6.6398,heen,250,MM0 ?FF
6.6398,heen,250,MM1 ?FF
6.6398,heen,250,MM1 FF=0
6.6398,heen,250,MM0 FF=0
6.6398,heen,250,"#87,YAW,1.90,GYRO,-43,-48,-33,ACC,3,15,232,ADC,1222,381,7,2,"
6.6398,heen,250,MM1 ?P
6.6398,heen,250,MM0 ?P
6.6398,heen,250,MM1 P=250:-250
6.6398,heen,250,MM0 P=250:-250
6.6398,heen,250,"#88,YAW,1.90,GYRO,92,144,-34,ACC,18,3,154,ADC,1290,375,6,1,"
6.6398,heen,250,MM0 !M 250 -250
6.6398,heen,250,MM0 +
6.6398,heen,250,MM1 !M 250 -250
6.6398,heen,250,MM1 +
6.6398,heen,250,MM0 ?S
6.6398,heen,250,MM1 ?S
6.6398,heen,250,MM0 S=225:-225
6.6398,heen,250,MM1 S=225:-150
6.6399,heen,250,"#89,YAW,1.90,GYRO,226,378,17,ACC,51,-38,209,ADC,1261,501,7,2,"
6.6399,heen,250,MM1 ?T
6.6399,heen,250,MM0 ?T
6.6399,heen,250,MM1 T=36:34
6.6399,heen,250,MM0 T=35:34
6.6399,heen,250,"#90,YAW,1.90,GYRO,-108,-203,48,ACC,-64,60,713,ADC,1272,385,6,2,"
6.6399,heen,250,MM1 ?V
6.6399,heen,250,MM0 ?V
6.6399,heen,250,MM1 V=120:224:4900
6.6399,heen,250,MM0 V=120:223:4905
6.6399,heen,250,MM1 !M 250 -250
6.6399,heen,250,MM0 !M 250 -250
6.6399,heen,250,MM1 +
6.6399,heen,250,MM0 +
6.6399,heen,250,"#91,YAW,1.89,GYRO,102,146,26,ACC,25,23,151,ADC,1247,389,6,1,"
6.6399,heen,250,MM1 ?CR
6.6399,heen,250,MM0 ?CR
6.6399,heen,250,MM1 CR=57:-57
6.6400,heen,250,MM0 CR=56:-58
6.6400,heen,250,"#92,YAW,1.89,GYRO,4,87,5,ACC,38,-14,54,ADC,1239,392,5,2,"
6.6400,heen,250,MM1 ?A
6.6400,heen,250,MM0 ?A
6.6400,heen,250,MM1 A=8:-3
6.6400,heen,250,MM0 A=8:-3
6.6400,heen,250,"$GPRMC,130427.6,A,5050.50666,N,00419.37789,E,000.57,108.2,081026,000.4,E*50"
6.6400,heen,250,"#93,YAW,1.89,GYRO,28,209,-15,ACC,8,70,297,ADC,1227,318,4,2,"
6.6400,heen,250,MM1 ?AI
6.6400,heen,250,MM0 ?AI
6.6400,heen,250,MM0 AI=0:0:2436:2442:0:0
6.6400,heen,250,MM1 AI=0:0:2358:2356:0:0
6.6400,heen,250,"#94,YAW,1.89,GYRO,-200,-253,2,ACC,-15,24,346,ADC,1223,383,3,2,"
6.6400,heen,250,MM0 ?C
6.6400,heen,250,MM1 ?C
6.6400,heen,250,MM0 C=-767:-1221
6.6400,heen,250,MM1 C=-613:-1479
6.6401,heen,250,MM0 !M 250 -250
6.6401,heen,250,MM1 !M 250 -250
6.6401,heen,250,MM0 +
6.6401,heen,250,MM1 +
6.6401,heen,250,MM0 PING
6.6401,heen,250,MM1 PING
6.6401,heen,250,"#95,YAW,1.89,GYRO,-49,-96,-13,ACC,-13,28,246,ADC,1232,286,4,2,"
6.6401,heen,250,MM1 ?D
6.6401,heen,250,MM0 ?D
6.6401,heen,250,MM1 D=50
6.6401,heen,250,MM0 D=49
6.6401,heen,250,MM0 !M 250 -250
6.6401,heen,250,MM1 !M 250 -250
6.6401,heen,250,MM0 +
6.6401,heen,250,MM1 +
6.6401,heen,250,"#96,YAW,1.89,GYRO,24,102,-1,ACC,29,2,79,ADC,1285,375,6,2,"
6.6401,heen,250,MM0 ?FF
6.6401,heen,250,MM1 ?FF
6.6401,heen,250,MM0 FF=0
6.6401,heen,250,MM1 FF=0
6.6401,heen,250,"#97,YAW,1.89,GYRO,-86,240,-21,ACC,28,-29,618,ADC,1288,500,3,1,"
6.6401,heen,250,MM1 ?P
6.6401,heen,250,MM0 ?P
6.6401,heen,250,MM1 P=250:-250
6.6401,heen,250,MM0 P=250:-250
6.6401,heen,250,"#98,YAW,1.89,GYRO,-40,-129,-5,ACC,-4,10,138,ADC,1243,385,5,3,"
6.6401,heen,250,MM0 ?S
6.6401,heen,250,MM1 ?S
6.6402,heen,250,MM0 S=225:-225
6.6402,heen,250,MM1 S=225:-150
6.6402,heen,250,"#99,YAW,1.90,GYRO,-72,-20,-41,ACC,-14,6,293,ADC,1247,384,6,2,"
6.6402,heen,250,MM0 ?T
6.6402,heen,250,MM1 ?T
6.6402,heen,250,MM0 T=35:34
6.6402,heen,250,MM1 T=36:34
6.6402,heen,250,"#100,YAW,1.90,GYRO,82,328,-33,ACC,-11,-13,170,ADC,1306,397,5,2,"
6.6402,heen,250,MM0 ?V
6.6402,heen,250,MM1 ?V
6.6402,heen,250,MM0 V=120:223:4905
6.6402,heen,250,MM1 V=120:223:4898
6.6402,heen,250,MM0 !M 250 -250
6.6402,heen,250,MM1 !M 250 -250
6.6402,heen,250,MM0 +
6.6402,heen,250,MM1 +
6.6402,heen,250,MM0 PING
6.6402,heen,250,MM1 PING
6.6402,heen,250,"#101,YAW,1.90,GYRO,26,86,8,ACC,-9,-40,356,ADC,1270,503,7,2,"
6.6402,heen,250,MM0 ?CR
6.6402,heen,250,MM1 ?CR
6.6402,heen,250,MM0 CR=58:-58
6.6402,heen,250,MM1 CR=58:-57
6.6402,heen,250,"#102,YAW,1.90,GYRO,-67,-121,3,ACC,-21,42,258,ADC,1243,388,4,1,"
6.6402,heen,250,MM1 ?A
6.6402,heen,250,MM0 ?A
6.6402,heen,250,MM1 A=4:0
6.6402,heen,250,MM0 A=4:0
6.6402,heen,250,MM0 !M 250PING
6.6402,heen,250,MM1 !M 250PING
6.6402,heen,250,MM0 +
6.6402,heen,250,MM1 +
6.6402,heen,250,"$GPRMC,130427.8,A,5050.50663,N,00419.37788,E,000.56,108.2,081026,000.4,E*5B"
6.6402,heen,250,"#103,YAW,1.90,GYRO,15,69,-12,ACC,13,7,213,ADC,1253,308,6,2,"
6.6403,heen,250,MM1 ?AI
6.6403,heen,250,MM0 ?AI
6.6403,heen,250,MM1 AI=0:0:2350:2385:0:0
6.6403,heen,250,MM0 AI=0:0:2454:2322:0:0
6.6403,heen,250,"#104,YAW,1.90,GYRO,24,225,-11,ACC,17,-7,156,ADC,1220,388,6,2,"
6.6403,heen,250,MM0 ?C
6.6403,heen,250,MM1 ?C
6.6403,heen,250,MM0 C=-709:-1279
6.6403,heen,250,MM1 C=-555:-1536
6.6404,heen,250,"#105,YAW,1.90,GYRO,85,155,12,ACC,7,-33,376,ADC,1250,500,5,2,"
6.6404,heen,250,MM0 ?D
6.6404,heen,250,MM1 ?D
6.6404,heen,250,MM0 D=19
6.6404,heen,250,MM1 D=17
6.6404,heen,250,MM0 !M 250 -250
6.6404,heen,250,MM1 !M 250 -250
6.6404,heen,250,MM0 +
6.6404,heen,250,MM1 +
6.6404,heen,250,MM1 PING
6.6404,heen,250,MM0 PING
6.6594,heen,250,"#106,YAW,1.89,GYRO,-142,-203,8,ACC,-8,53,300,ADC,1278,385,7,2,"
6.6595,heen,250,MM1 ?FF
6.6595,heen,250,MM0 ?FF
6.6595,heen,250,MM1 FF=0
6.6595,heen,250,MM0 FF=0
6.6975,heen,250,"#107,YAW,1.90,GYRO,3,-107,-5,ACC,-10,19,207,ADC,1277,389,4,2,"
6.6976,heen,250,MM1 ?P
6.6976,heen,250,MM0 ?P
6.6977,heen,250,MM1 P=250:-250
6.6977,heen,250,MM0 P=250:-250
6.6977,heen,250,MM0 !M 250 -250
6.6977,heen,250,MM1 !M 250 -250
6.6977,heen,250,MM0 +
6.6977,heen,250,MM1 +
6.6977,heen,250,MM0 PING
6.6977,heen,250,MM1 PING
6.6977,heen,250,"#108,YAW,1.90,GYRO,-54,90,-16,ACC,31,-6,105,ADC,1263,396,6,1,"
6.6977,heen,250,MM1 ?S
6.6977,heen,250,MM0 ?S
6.6977,heen,250,MM1 S=225:-150
6.6977,heen,250,MM0 S=225:-225
6.7231,heen,250,MM1 !M 250 -250
6.7231,heen,250,MM0 !M 250 -250
6.7231,heen,250,MM1 +
6.7231,heen,250,MM0 +
6.7231,heen,250,"#109,YAW,1.90,GYRO,101,155,0,ACC,-12,-45,492,ADC,1228,298,4,2,"
6.7231,heen,250,MM1 ?T
6.7231,heen,250,MM0 ?T
6.7231,heen,250,MM1 T=36:34
6.7231,heen,250,MM0 T=35:34
6.7574,heen,250,"#110,YAW,1.89,GYRO,-115,-110,17,ACC,-16,3,274,ADC,1234,380,5,2,"
6.7575,heen,250,MM1 ?V
6.7575,heen,250,MM0 ?V
6.7575,heen,250,MM1 V=120:223:4898
6.7575,heen,250,MM0 V=120:223:4906
6.7575,heen,250,MM0 !M 250 -250
6.7575,heen,250,MM1 !M 250 -250
6.7575,heen,250,MM0 +
6.7575,heen,250,MM1 +
6.7575,heen,250,"#111,YAW,1.89,GYRO,30,-155,1,ACC,-10,18,233,ADC,1246,502,5,1,"
6.7576,heen,250,MM1 ?CR
6.7576,heen,250,MM0 ?CR
6.7576,heen,250,MM1 CR=58:-58
6.7576,heen,250,MM0 CR=59:-57
6.8117,heen,250,"#112,YAW,1.89,GYRO,-13,190,-20,ACC,35,7,123,ADC,1261,501,6,1,"
6.8118,heen,250,MM1 ?A
6.8118,heen,250,MM0 ?A
6.8118,heen,250,MM1 A=8:-3
6.8118,heen,250,MM0 A=4:-3
6.8118,heen,250,"$GPRMC,130428.0,A,5050.50659,N,00419.37787,E,000.56,108.2,081026,000.4,E*5A"
6.8118,heen,250,"#113,YAW,1.89,GYRO,28,206,4,ACC,-9,-56,395,ADC,1282,422,5,1,"
6.8118,heen,250,MM0 ?AI
6.8118,heen,250,MM1 ?AI
6.8118,heen,250,MM0 AI=0:0:2479:2447:0:0
6.8118,heen,250,MM1 AI=0:0:2463:2366:0:0
6.8118,heen,250,"#114,YAW,1.89,GYRO,-124,-123,26,ACC,-24,8,304,ADC,1260,495,7,2,"
6.8118,heen,250,MM1 ?C
6.8118,heen,250,MM0 ?C
6.8118,heen,250,MM1 C=-497:-1594
6.8640,heen,250,MM0 C=-651:-1336
6.8641,heen,250,MM0 !M 251 -249
6.8641,heen,250,MM1 !M 251 -249
6.8641,heen,250,MM0 +
6.8641,heen,250,MM1 +
6.8642,heen,250,MM0 PING
6.8642,heen,250,MM1 PING
6.8642,heen,250,"#115,YAW,1.89,GYRO,-10,-64,-2,ACC,14,9,241,ADC,1287,321,4,2,"
6.8642,heen,250,MM1 ?D
6.8642,heen,250,MM0 ?D
6.8642,heen,250,MM0 D=41
6.8642,heen,250,MM1 D=34
6.8642,heen,250,MM0 !M 251 -249
6.8642,heen,250,MM1 !M 251 -249
6.8642,heen,250,MM0 +
6.8642,heen,250,MM1 +
6.8642,heen,250,"#116,YAW,1.89,GYRO,25,225,-10,ACC,17,-4,132,ADC,1262,502,5,1,"
6.8642,heen,250,MM1 ?FF
6.8642,heen,250,MM0 ?FF
6.8642,heen,250,MM1 FF=0
6.8642,heen,250,MM0 FF=0
6.8995,heen,250,"#117,YAW,1.89,GYRO,39,168,11,ACC,9,-73,315,ADC,1269,386,7,2,"
6.8996,heen,250,MM0 ?P
6.8996,heen,250,MM1 ?P
6.8996,heen,250,MM0 P=251:-249
6.8996,heen,250,MM1 P=251:-249
6.8996,heen,250,"#118,YAW,1.89,GYRO,-73,44,-11,ACC,-21,4,335,ADC,1264,500,3,2,"
6.8996,heen,250,MM0 ?S
6.8996,heen,250,MM1 ?S
6.8996,heen,250,MM0 S=225:-225
6.8996,heen,250,MM1 S=225:-225
6.8996,heen,250,MM1 !M 251 -249
6.8996,heen,250,MM0 !M 251 -249
6.8996,heen,250,MM1 +
6.9204,heen,250,MM0 +
6.9204,heen,250,"#119,YAW,1.89,GYRO,-3,-1,-30,ACC,0,-4,261,ADC,1279,496,4,2,"
6.9205,heen,250,MM0 ?T
6.9205,heen,250,MM1 ?T
6.9205,heen,250,MM0 T=35:34
6.9205,heen,250,MM1 T=36:34
6.9593,heen,250,"#120,YAW,1.90,GYRO,8,100,-43,ACC,17,-7,140,ADC,1313,499,6,2,"
6.9593,heen,250,MM0 ?V
6.9593,heen,250,MM1 ?V
6.9593,heen,250,MM0 V=120:223:4905
6.9593,heen,250,MM1 V=120:223:4900
6.9593,heen,250,"#121,YAW,1.90,GYRO,96,240,-19,ACC,19,-39,245,ADC,1231,382,6,2,"
6.9594,heen,250,MM0 ?CR
6.9594,heen,250,MM1 ?CR
6.9595,heen,250,MM0 CR=57:-57
6.9595,heen,250,MM1 CR=57:-57
7.0146,heen,250,"#122,YAW,1.90,GYRO,-73,-32,5,ACC,-26,13,431,ADC,1241,501,5,1,"
7.0147,heen,250,MM0 ?A
7.0147,heen,250,MM1 ?A
7.0147,heen,250,MM1 A=3:-3
7.0147,heen,250,MM0 A=3:0
7.0147,heen,250,MM0 !M 251 -249
7.0147,heen,250,MM1 !M 251 -249
7.0147,heen,250,MM0 +
7.0147,heen,250,MM1 +
7.0147,heen,250,MM0 PING
7.0147,heen,250,MM1 PING
7.0147,heen,250,"$GPRMC,130428.2,A,5050.50656,N,00419.37786,E,000.56,108.2,081026,000.4,E*56"
7.0147,heen,250,"#123,YAW,1.90,GYRO,-4,-29,-1,ACC,5,26,245,ADC,1274,309,4,2,"
7.0147,heen,250,MM0 ?AI
7.0147,heen,250,MM1 ?AI
7.0147,heen,250,MM0 AI=0:0:2458:2459:0:0
7.0147,heen,250,MM1 AI=0:0:2354:2362:0:0
7.0147,heen,250,"#124,YAW,1.90,GYRO,12,173,-16,ACC,16,8,108,ADC,1272,500,6,2,"
7.0147,heen,250,MM0 ?C
7.0147,heen,250,MM1 ?C
7.0147,heen,250,MM0 C=-593:-1394
7.0148,heen,250,MM1 C=-439:-1651
7.0685,heen,250,"#125,YAW,1.90,GYRO,25,182,-8,ACC,6,-12,254,ADC,1220,381,4,1,"
7.0685,heen,250,MM0 ?D
7.0685,heen,250,MM0 D=18
7.0686,heen,250,MM1 ?D
7.0686,heen,250,MM1 D=49
7.0686,heen,250,MM0 !M 250 -250
7.0686,heen,250,MM1 !M 250 -250
7.0686,heen,250,MM0 +
7.0686,heen,250,MM1 +
7.0686,heen,250,MM1 PING
7.0686,heen,250,MM0 PING
7.0686,heen,250,"#126,YAW,1.90,GYRO,-236,-191,0,ACC,19,26,352,ADC,1263,388,5,1,"
7.0686,heen,250,MM0 ?FF
7.0686,heen,250,MM1 ?FF
7.0686,heen,250,MM0 FF=0
7.0686,heen,250,MM1 FF=0
7.1028,heen,250,"#127,YAW,1.90,GYRO,-9,-4,-11,ACC,-15,-7,272,ADC,1234,402,5,2,"
7.1028,heen,250,MM0 ?P
7.1028,heen,250,MM1 ?P
7.1028,heen,250,MM0 P=250:-250
7.1028,heen,250,MM1 P=250:-250
7.1028,heen,250,MM0 !M 250 -250
7.1029,heen,250,MM1 !M 250 -250
7.1029,heen,250,MM0 +
7.1029,heen,250,MM1 +
7.1029,heen,250,MM1 PING
7.1029,heen,250,MM0 PING
7.1029,heen,250,MM0 !M 250 -250
7.1029,heen,250,MM0 +
7.1029,heen,250,MM1 !M 250 -250
7.1029,heen,250,MM1 +
7.1029,heen,250,"#128,YAW,1.90,GYRO,14,116,6,ACC,34,-13,70,ADC,1210,394,5,2,"
7.1029,heen,250,MM0 ?S
7.1029,heen,250,MM1 ?S
7.1029,heen,250,MM0 S=225:-225
7.1029,heen,250,MM1 S=225:-225
7.1234,heen,250,"#129,YAW,1.90,GYRO,1,178,6,ACC,-28,26,292,ADC,1221,498,4,2,"
7.1235,heen,250,MM0 ?T
7.1235,heen,250,MM1 ?T
7.1235,heen,250,MM0 T=35:34
7.1235,heen,250,MM1 T=36:34
7.1579,heen,250,"#130,YAW,1.89,GYRO,-128,-261,28,ACC,-55,8,310,ADC,1206,380,4,2,"
7.1580,heen,250,MM0 ?V
7.1580,heen,250,MM1 ?V
7.1580,heen,250,MM0 V=120:223:4905
7.1580,heen,250,MM1 V=120:223:4899
7.1580,heen,250,MM1 !M 251 -249
7.1580,heen,250,MM0 !M 251 -249
7.1580,heen,250,MM1 +
7.1580,heen,250,MM0 +
7.1580,heen,250,"#131,YAW,1.89,GYRO,-80,-32,-22,ACC,-26,25,284,ADC,1255,499,4,2,"
7.1581,heen,250,MM0 ?CR
7.1581,heen,250,MM1 ?CR
7.1581,heen,250,MM0 CR=59:-59
7.1581,heen,250,MM1 CR=59:-57
7.1785,heen,250,"#132,YAW,1.90,GYRO,17,147,-39,ACC,50,-7,121,ADC,1224,501,5,2,"
7.1785,heen,250,MM0 ?A
7.1785,heen,250,MM1 ?A
7.1785,heen,250,MM0 A=3:-3
7.1785,heen,250,MM1 A=7:-3
7.2126,heen,250,"$GPRMC,130428.4,A,5050.50653,N,00419.37786,E,000.56,108.2,081026,000.4,E*55"
7.2126,heen,250,"#133,YAW,1.90,GYRO,51,90,-13,ACC,35,-84,428,ADC,1238,304,5,2,"
7.2126,heen,250,MM0 ?AI
7.2126,heen,250,MM1 ?AI
7.2126,heen,250,MM0 AI=0:0:2444:2455:0:0
7.2126,heen,250,MM1 AI=0:0:2372:2347:0:0
7.2126,heen,250,"#134,YAW,1.89,GYRO,-108,-119,24,ACC,-22,5,300,ADC,1222,382,6,2,"
7.2127,heen,250,MM0 ?C
7.2127,heen,250,MM1 ?C
7.2127,heen,250,MM0 C=-534:-1452
7.2127,heen,250,MM1 C=-381:-1708
7.2684,heen,250,"#135,YAW,1.89,GYRO,-9,-132,25,ACC,21,29,247,ADC,1264,391,5,2,"
7.2684,heen,250,MM0 ?D
7.2684,heen,250,MM1 ?D
7.2684,heen,250,MM0 D=35
7.2684,heen,250,MM1 D=18
7.2684,heen,250,MM0 !M 251 -249
7.2684,heen,250,MM1 !M 251 -249
7.2684,heen,250,MM0 +
7.2684,heen,250,MM1 +
7.2684,heen,250,MM1 PING
7.2684,heen,250,MM0 PING
7.2684,heen,250,MM0 !M 251 -249
7.2684,heen,250,MM1 !M 251 -249
7.2685,heen,250,MM0 +
7.2685,heen,250,"#136,YAW,1.89,GYRO,59,255,-10,ACC,-12,18,131,ADC,1238,401,6,1,"
7.2685,heen,250,MM1 +
7.2685,heen,250,MM0 ?FF
7.2685,heen,250,MM1 ?FF
7.2685,heen,250,MM0 FF=0
7.2685,heen,250,MM1 FF=0
7.2685,heen,250,"#137,YAW,1.89,GYRO,42,81,-8,ACC,36,-63,414,ADC,1237,382,4,2,"
7.2685,heen,250,MM0 ?P
7.3165,heen,250,MM1 ?P
7.3165,heen,250,MM0 P=251:-249
7.3165,heen,250,MM1 P=251:-249
7.3165,heen,250,"#138,YAW,1.89,GYRO,-63,82,-18,ACC,-3,-21,312,ADC,1279,392,5,2,"
7.3165,heen,250,MM0 ?S
7.3165,heen,250,MM1 ?S
7.3165,heen,250,MM0 S=225:-225
7.3165,heen,250,MM1 S=225:-150
7.3166,heen,250,"#139,YAW,1.90,GYRO,-47,-65,-34,ACC,-5,13,272,ADC,1267,387,6,2,"
7.3166,heen,250,MM0 ?T
7.3166,heen,250,MM1 ?T
7.3166,heen,250,MM0 T=35:34
7.3166,heen,250,MM1 T=36:34
7.3545,heen,250,"#140,YAW,1.90,GYRO,21,153,-57,ACC,12,4,133,ADC,1273,393,6,2,"
7.3546,heen,250,MM0 ?V
7.3546,heen,250,MM1 ?V
7.3546,heen,250,MM0 V=120:224:4906
7.3546,heen,250,MM1 V=120:223:4899
7.3546,heen,250,MM0 !M 251 -249
7.3546,heen,250,MM1 !M 251 -249
7.3546,heen,250,MM0 +
7.3546,heen,250,MM1 +
7.3546,heen,250,MM1 PING
7.3546,heen,250,MM0 PING
7.3546,heen,250,"#141,YAW,1.90,GYRO,110,358,-20,ACC,29,-26,167,ADC,1265,383,5,2,"
7.3546,heen,250,MM0 ?CR
7.3546,heen,250,MM1 ?CR
7.3546,heen,250,MM0 CR=58:-57
7.3546,heen,250,MM1 CR=58:-57
7.3896,heen,250,"#142,YAW,1.90,GYRO,55,-1,43,ACC,-18,-20,525,ADC,1266,382,4,2,"
7.3896,heen,250,MM0 !M 250 -250
7.3896,heen,250,MM1 !M 250 -250
7.3896,heen,250,MM1 +
7.3896,heen,250,MM0 +
7.3896,heen,250,MM0 ?A
7.3896,heen,250,MM1 ?A
7.3896,heen,250,MM1 A=7:-3
7.3897,heen,250,MM0 A=3:-3
7.3897,heen,250,"$GPRMC,130428.6,A,5050.50650,N,00419.37785,E,000.58,108.2,081026,000.4,E*59"
7.4106,heen,250,"#143,YAW,1.89,GYRO,-40,-184,47,ACC,22,14,276,ADC,1239,309,5,2,"
7.4107,heen,250,MM0 ?AI
7.4107,heen,250,MM1 ?AI
7.4107,heen,250,MM0 AI=0:0:2417:2450:0:0
7.4107,heen,250,MM1 AI=0:0:2360:2360:0:0
7.4107,heen,250,"#144,YAW,1.89,GYRO,19,339,8,ACC,33,19,108,ADC,1215,381,4,2,"
7.4107,heen,250,MM0 ?C
7.4107,heen,250,MM1 ?C
7.4107,heen,250,MM0 C=-476:-1510
7.4314,heen,250,MM1 C=-323:-1766
7.4315,heen,250,MM0 !M 250 -250
7.4316,heen,250,MM1 !M 250 -250
7.4316,heen,250,MM0 +
7.4316,heen,250,MM1 +
7.4316,heen,250,"#145,YAW,1.89,GYRO,44,252,-12,ACC,-1,-16,222,ADC,1235,501,6,2,"
7.4316,heen,250,MM0 ?D
7.4316,heen,250,MM1 ?D
7.4316,heen,250,MM0 D=24
7.4316,heen,250,MM1 D=1
7.4523,heen,250,"#146,YAW,1.89,GYRO,15,-286,14,ACC,109,-32,473,ADC,1225,382,4,1,"
7.4523,heen,250,MM0 ?FF
7.4523,heen,250,MM1 ?FF
7.4524,heen,250,MM0 FF=0
7.4524,heen,250,MM1 FF=0
7.4729,heen,250,"#147,YAW,1.89,GYRO,-140,-122,-35,ACC,-32,22,343,ADC,1237,389,5,2,"
7.4730,heen,250,MM0 ?P
7.4730,heen,250,MM1 ?P
7.4730,heen,250,MM0 P=250:-250
7.4730,heen,250,MM1 P=250:-250
7.5076,heen,250,MM0 !M 252 -248
7.5076,heen,250,MM1 !M 252 -248
7.5076,heen,250,MM0 +
7.5076,heen,250,MM1 +
7.5076,heen,250,MM0 PING
7.5076,heen,250,MM1 PING
7.5076,heen,250,MM1 !M 252 -248
7.5076,heen,250,MM0 !M 252 -248
7.5076,heen,250,MM1 +
7.5076,heen,250,MM0 +
7.5076,heen,250,"#148,YAW,1.90,GYRO,-22,5,-23,ACC,11,-9,93,ADC,1227,393,6,1,"
7.5077,heen,250,MM0 ?S
7.5077,heen,250,MM1 ?S
7.5077,heen,250,MM0 S=225:-225
7.5077,heen,250,MM1 S=225:-225
7.5077,heen,250,"#149,YAW,1.90,GYRO,16,322,-18,ACC,-22,0,249,ADC,1245,384,5,2,"
7.5284,heen,250,MM0 ?T
7.5284,heen,250,MM1 ?T
7.5284,heen,250,MM0 T=35:34
7.5284,heen,250,MM1 T=36:34
7.5284,heen,250,"#150,YAW,1.90,GYRO,-168,-112,-4,ACC,-28,-33,304,ADC,1206,381,4,1,"
7.5284,heen,250,MM0 ?V
7.5625,heen,250,MM1 ?V
7.5625,heen,250,MM0 V=120:223:4906
7.5625,heen,250,MM1 V=120:223:4900
7.5625,heen,250,MM0 !M 251 -249
7.5625,heen,250,MM1 !M 251 -249
7.5625,heen,250,MM0 +
7.5625,heen,250,MM1 +
7.5625,heen,250,"#151,YAW,1.90,GYRO,-5,-9,-29,ACC,-5,18,335,ADC,1291,499,5,2,"
7.5625,heen,250,MM0 ?CR
7.5626,heen,250,MM1 ?CR
7.5626,heen,250,MM0 CR=59:-60
7.5626,heen,250,MM1 CR=59:-59
7.5834,heen,250,"#152,YAW,1.90,GYRO,-30,259,-54,ACC,18,7,144,ADC,1247,385,7,2,"
7.5835,heen,250,MM0 ?A
7.5835,heen,250,MM1 ?A
7.5835,heen,250,MM0 A=3:-3
7.5835,heen,250,MM1 A=7:-3
7.6175,heen,250,"$GPRMC,130428.8,A,5050.50647,N,00419.37785,E,000.61,108.2,081026,000.4,E*5B"
7.6176,heen,250,"#153,YAW,1.90,GYRO,136,115,-15,ACC,20,-48,324,ADC,1240,302,4,1,"
7.6176,heen,250,MM0 ?AI
7.6176,heen,250,MM1 ?AI
7.6176,heen,250,MM0 AI=0:0:2462:2488:0:0
7.6176,heen,250,MM1 AI=0:0:2351:2353:0:0
7.6176,heen,250,"#154,YAW,1.90,GYRO,-144,-30,-3,ACC,-16,13,326,ADC,1240,381,5,2,"
7.6176,heen,250,MM0 ?C
7.6176,heen,250,MM1 ?C
7.6176,heen,250,MM1 C=-264:-1824
7.6176,heen,250,MM0 C=-417:-1569
7.6699,heen,250,"#155,YAW,1.90,GYRO,31,-14,-7,ACC,1,38,284,ADC,1261,387,4,1,"
7.6699,heen,250,MM0 ?D
7.6700,heen,250,MM1 ?D
7.6700,heen,250,MM0 D=50
7.6700,heen,250,MM1 D=16
7.6700,heen,250,MM0 !M 250 -250
7.6700,heen,250,MM1 !M 250 -250
7.6700,heen,250,MM0 +
7.6700,heen,250,MM1 +
7.6700,heen,250,MM1 PING
7.6700,heen,250,MM0 PING
7.6700,heen,250,"#156,YAW,1.90,GYRO,42,317,-20,ACC,14,10,108,ADC,1265,384,5,2,"
7.6700,heen,250,MM0 !M 250 -250
7.6700,heen,250,MM0 +
7.6700,heen,250,MM1 !M 250 -250
7.6700,heen,250,MM1 +
7.6700,heen,250,MM0 ?FF
7.6700,heen,250,MM1 ?FF
7.6700,heen,250,MM0 FF=0
7.6700,heen,250,MM1 FF=0
7.6700,heen,250,"#157,YAW,1.90,GYRO,19,118,-17,ACC,-113,-52,318,ADC,1231,384,5,2,"
7.6700,heen,250,MM0 ?P
7.6700,heen,250,MM1 ?P
7.7194,heen,250,MM0 P=250:-250
7.7195,heen,250,MM1 P=250:-250
7.7195,heen,250,"#158,YAW,1.90,GYRO,-156,-116,18,ACC,-35,-5,323,ADC,1252,386,5,2,"
7.7195,heen,250,MM1 ?S
7.7195,heen,250,MM0 ?S
7.7195,heen,250,MM0 S=225:-300
7.7195,heen,250,MM1 S=225:-225
7.7195,heen,250,"#159,YAW,1.90,GYRO,-1,-244,15,ACC,0,26,298,ADC,1293,501,6,2,"
7.7195,heen,250,MM0 ?T
7.7195,heen,250,MM1 ?T
7.7195,heen,250,MM0 T=35:34
7.7195,heen,250,MM1 T=36:34
7.7706,heen,250,"#160,YAW,1.90,GYRO,42,185,-7,ACC,-10,0,111,ADC,1235,388,4,1,"
7.7706,heen,250,MM0 ?V
7.7706,heen,250,MM1 ?V
7.7706,heen,250,MM0 V=120:223:4905
7.7706,heen,250,MM1 V=120:222:4898
7.7706,heen,250,MM0 !M 250 -250
7.7706,heen,250,MM1 !M 250 -250
7.7706,heen,250,MM0 +
7.7706,heen,250,MM1 +
7.7706,heen,250,MM0 PING
7.7706,heen,250,MM1 PING
7.7706,heen,250,"#161,YAW,1.90,GYRO,-142,75,-19,ACC,27,-164,470,ADC,1255,380,5,1,"
7.7707,heen,250,MM0 ?CR
7.7707,heen,250,MM1 ?CR
7.7707,heen,250,MM0 CR=58:-57
7.7707,heen,250,MM1 CR=58:-58
7.7707,heen,250,MM0 !M 251 -249
7.7707,heen,250,MM0 +
7.7707,heen,250,MM1 !M 251 -249
7.7707,heen,250,MM1 +
7.7707,heen,250,"#162,YAW,1.90,GYRO,44,32,23,ACC,-35,-21,184,ADC,1244,388,5,2,"
7.7707,heen,250,MM0 ?A
7.7707,heen,250,MM1 ?A
7.7707,heen,250,MM0 A=3:-3
7.7707,heen,250,MM1 A=3:0
7.8214,heen,250,"$GPRMC,130429.0,A,5050.50634,N,00419.37802,E,000.62,108.2,081026,000.4,E*55"
7.8214,heen,250,"#163,YAW,1.90,GYRO,-165,-285,9,ACC,-6,29,320,ADC,1246,389,5,2,"
7.8215,heen,250,MM0 ?AI
7.8215,heen,250,MM1 ?AI
7.8215,heen,250,MM0 AI=0:0:2427:2435:0:0
7.8215,heen,250,MM1 AI=0:0:2356:2351:0:0
7.8215,heen,250,"#164,YAW,1.90,GYRO,93,308,-33,ACC,42,-27,141,ADC,1256,386,5,1,"
7.8215,heen,250,MM0 ?C
7.8215,heen,250,MM1 ?C
7.8215,heen,250,MM0 C=-359:-1627
7.8215,heen,250,MM1 C=-206:-1882
7.8713,heen,250,"#165,YAW,1.90,GYRO,-160,223,-36,ACC,291,-97,390,ADC,1281,383,4,2,"
7.8714,heen,250,MM0 ?D
7.8714,heen,250,MM1 ?D
7.8714,heen,250,MM0 D=17
7.8714,heen,250,MM1 D=35
7.8714,heen,250,MM0 !M 251 -249
7.8714,heen,250,MM1 !M 251 -249
7.8714,heen,250,MM0 +
7.8714,heen,250,MM1 +
7.8714,heen,250,MM0 PING
7.8714,heen,250,MM1 PING
7.8714,heen,250,"#166,YAW,1.90,GYRO,19,-128,29,ACC,26,-24,171,ADC,1289,501,7,2,"
7.8714,heen,250,MM0 ?FF
7.8714,heen,250,MM0 FF=0
7.8714,heen,250,MM1 ?FF
7.8714,heen,250,MM1 FF=0
7.8714,heen,250,MM0 !M 250 -250
7.8714,heen,250,MM1 !M 250 -250
7.8714,heen,250,MM0 +
7.8714,heen,250,MM1 +
7.8714,heen,250,"#167,YAW,1.90,GYRO,-162,-175,12,ACC,23,-38,444,ADC,1235,494,5,2,"
7.8715,heen,250,MM0 ?P
7.8715,heen,250,MM1 ?P
7.8715,heen,250,MM0 P=250:-250
7.8715,heen,250,MM1 P=250:-250
7.9226,heen,250,"#168,YAW,1.90,GYRO,49,467,-7,ACC,7,-7,168,ADC,1233,392,7,2,"
7.9226,heen,250,MM0 ?S
7.9227,heen,250,MM1 ?S
7.9227,heen,250,MM0 S=225:-225
7.9227,heen,250,MM1 S=225:-225
7.9227,heen,250,MM1 !M 251 -249
7.9227,heen,250,MM0 !M 251 -249
7.9227,heen,250,MM1 +
7.9227,heen,250,MM0 +
7.9227,heen,250,"#169,YAW,1.90,GYRO,-19,78,-1,ACC,-26,71,273,ADC,1246,500,7,1,"
7.9227,heen,250,MM0 ?T
7.9227,heen,250,MM1 ?T
7.9227,heen,250,MM0 T=35:34
7.9227,heen,250,MM1 T=36:34
7.9714,heen,250,"#170,YAW,1.90,GYRO,38,5,6,ACC,11,-6,326,ADC,1244,383,4,2,"
7.9715,heen,250,MM0 ?V
7.9715,heen,250,MM1 ?V
7.9715,heen,250,MM0 V=120:223:4905
7.9715,heen,250,MM1 V=120:223:4900
7.9715,heen,250,"#171,YAW,1.90,GYRO,-114,-81,-34,ACC,8,18,355,ADC,1235,393,6,2,"
7.9715,heen,250,MM0 ?CR
7.9715,heen,250,MM1 ?CR
7.9715,heen,250,MM0 CR=59:-58
7.9715,heen,250,MM1 CR=58:-57
7.9715,heen,250,MM0 !M 251 -249
7.9715,heen,250,MM1 !M 251 -249
7.9715,heen,250,MM0 +
7.9715,heen,250,MM1 +
7.9715,heen,250,"#172,YAW,1.90,GYRO,56,231,-54,ACC,-15,4,167,ADC,1259,498,8,2,"
7.9715,heen,250,MM0 ?A
7.9715,heen,250,MM1 ?A
7.9715,heen,250,MM0 A=0:-3
7.9715,heen,250,MM1 A=7:-3
8.0381,heen,250,"$GPRMC,130429.2,A,5050.50634,N,00419.37813,E,000.63,108.2,081026,000.4,E*56"
8.0381,heen,250,"#173,YAW,1.90,GYRO,-33,126,-34,ACC,-39,-19,215,ADC,1302,385,6,2,"
8.0381,heen,250,MM0 ?AI
8.0381,heen,250,MM1 ?AI
8.0381,heen,250,MM0 AI=0:0:2431:2461:0:0
8.0381,heen,250,MM1 AI=0:0:2358:2378:0:0
8.0382,heen,250,MM0 !M 250 -250
8.0382,heen,250,MM1 !M 250 -250
8.0382,heen,250,MM0 +
8.0382,heen,250,MM1 +
8.0382,heen,250,"#174,YAW,1.90,GYRO,110,13,-3,ACC,-13,-15,322,ADC,1282,491,4,2,"
8.0382,heen,250,MM0 ?C
8.0382,heen,250,MM1 ?C
8.0382,heen,250,MM0 C=-300:-1684
8.0382,heen,250,MM1 C=-147:-1939
8.0383,heen,250,"#175,YAW,1.90,GYRO,-92,-114,14,ACC,-10,30,368,ADC,1267,387,4,2,"
8.0383,heen,250,MM0 ?D
8.0383,heen,250,MM1 ?D
8.0774,heen,250,MM0 D=32
8.0774,heen,250,MM1 D=49
8.0774,heen,250,"#176,YAW,1.90,GYRO,52,292,-24,ACC,-1,13,163,ADC,1268,389,4,2,"
8.0774,heen,250,MM0 ?FF
8.0774,heen,250,MM1 ?FF
8.0774,heen,250,MM0 FF=0
8.0774,heen,250,MM1 FF=0
8.0774,heen,250,MM0 !M 250 -250
8.0774,heen,250,MM1 !M 250 -250
8.0774,heen,250,MM0 +
8.0774,heen,250,MM1 +
8.0774,heen,250,"#177,YAW,1.90,GYRO,-14,107,-17,ACC,24,-42,192,ADC,1262,403,5,1,"
8.0775,heen,250,MM0 ?P
8.0775,heen,250,MM1 ?P
8.0775,heen,250,MM0 P=250:-250
8.0775,heen,250,MM1 P=250:-250
8.1116,heen,250,"#178,YAW,1.90,GYRO,-88,-67,-6,ACC,-33,23,344,ADC,1240,409,4,2,"
8.1116,heen,250,MM0 ?S
8.1116,heen,250,MM1 ?S
8.1116,heen,250,MM0 S=225:-225
8.1116,heen,250,MM1 S=225:-225
8.1116,heen,250,MM0 !M 250 -250
8.1116,heen,250,MM1 !M 250 -250
8.1116,heen,250,MM0 +
8.1116,heen,250,MM1 +
8.1116,heen,250,"#179,YAW,1.90,GYRO,-108,-109,-5,ACC,-3,-7,322,ADC,1263,394,8,2,"
8.1117,heen,250,MM0 ?T
8.1117,heen,250,MM1 ?T
8.1117,heen,250,MM0 T=35:34
8.1117,heen,250,MM1 T=36:34
8.1341,heen,250,"#180,YAW,1.90,GYRO,22,238,-10,ACC,26,-34,101,ADC,1267,502,7,2,"
8.1342,heen,250,MM0 ?V
8.1342,heen,250,MM1 ?V
8.1342,heen,250,MM0 V=120:223:4906
8.1342,heen,250,MM1 V=120:222:4900
8.1714,heen,250,"#181,YAW,1.90,GYRO,-32,111,7,ACC,19,-41,190,ADC,1247,497,5,2,"
8.1715,heen,250,MM0 ?CR
8.1715,heen,250,MM1 ?CR
8.1715,heen,250,MM0 CR=59:-59
8.1715,heen,250,MM1 CR=59:-58
8.1715,heen,250,MM0 !M 250 -250
8.1715,heen,250,MM1 !M 250 -250
8.1715,heen,250,MM0 +
8.1715,heen,250,MM1 +
8.1715,heen,250,"#182,YAW,1.90,GYRO,13,-230,26,ACC,8,3,276,ADC,1254,502,5,2,"
8.1715,heen,250,MM0 ?A
8.1715,heen,250,MM1 ?A
8.1715,heen,250,MM1 A=4:-3
8.1715,heen,250,MM0 A=0:0
8.2274,heen,250,"$GPRMC,130429.4,A,5050.50629,N,00419.37821,E,000.64,108.2,081026,000.4,E*5A"
8.2275,heen,250,"#183,YAW,1.90,GYRO,-118,-46,-8,ACC,-6,38,332,ADC,1251,496,5,2,"
8.2275,heen,250,MM1 ?AI
8.2275,heen,250,MM0 ?AI
8.2275,heen,250,MM1 AI=0:0:2347:2387:0:0
8.2275,heen,250,MM0 AI=0:0:2466:2447:0:0
8.2275,heen,250,MM0 !M 250 -250
8.2275,heen,250,MM1 !M 250 -250
8.2275,heen,250,MM0 +
8.2275,heen,250,MM1 +
8.2275,heen,250,"#184,YAW,1.90,GYRO,59,290,-38,ACC,25,-7,176,ADC,1265,317,6,2,"
8.2275,heen,250,MM0 ?C
8.2275,heen,250,MM1 ?C
8.2275,heen,250,MM0 C=-241:-1743
8.2276,heen,250,MM1 C=-88:-1997
8.2758,heen,250,"#185,YAW,1.90,GYRO,23,39,-7,ACC,38,-55,326,ADC,1256,501,4,2,"
8.2759,heen,250,MM0 ?D
8.2759,heen,250,MM1 ?D
8.2759,heen,250,MM0 D=2
8.2759,heen,250,MM1 D=2
8.2759,heen,250,"#186,YAW,1.90,GYRO,-6,-82,18,ACC,-11,1,278,ADC,1277,495,4,2,"
8.2759,heen,250,MM0 ?FF
8.2759,heen,250,MM1 ?FF
8.2759,heen,250,MM0 FF=0
8.2759,heen,250,MM1 FF=0
8.2759,heen,250,"#187,YAW,1.90,GYRO,-89,-151,28,ACC,8,31,299,ADC,1257,384,5,2,"
8.2759,heen,250,MM0 ?P
8.2759,heen,250,MM1 ?P
8.2759,heen,250,MM0 P=250:-250
8.2759,heen,250,MM1 P=250:-250
8.3254,heen,250,"#188,YAW,1.90,GYRO,124,281,-4,ACC,-8,-12,191,ADC,1242,498,3,1,"
8.3254,heen,250,MM0 ?S
8.3255,heen,250,MM0 S=225:-150
8.3255,heen,250,MM1 ?S
8.3255,heen,250,MM1 S=150:-225
8.3255,heen,250,MM0 !M 250 -250
8.3255,heen,250,MM1 !M 250 -250
8.3255,heen,250,MM0 +
8.3255,heen,250,MM1 +
8.3255,heen,250,MM1 PING
8.3255,heen,250,MM0 PING
8.3255,heen,250,"#189,YAW,1.90,GYRO,15,74,2,ACC,11,-36,265,ADC,1266,501,6,2,"
8.3255,heen,250,MM0 ?T
8.3255,heen,250,MM1 ?T
8.3255,heen,250,MM0 T=35:34
8.3255,heen,250,MM1 T=36:34
8.3755,heen,250,"#190,YAW,1.90,GYRO,49,8,0,ACC,-26,4,305,ADC,1241,393,6,1,"
8.3756,heen,250,MM0 ?V
8.3756,heen,250,MM1 ?V
8.3756,heen,250,MM0 V=120:223:4906
8.3756,heen,250,MM1 V=120:223:4898
8.3756,heen,250,MM1 !M 251 -249
8.3756,heen,250,MM0 !M 251 -249
8.3756,heen,250,MM1 +
8.3756,heen,250,MM0 +
8.3756,heen,250,MM0 PING
8.3756,heen,250,MM1 PING
8.3756,heen,250,"#191,YAW,1.90,GYRO,-90,14,-24,ACC,18,36,289,ADC,1220,381,6,2,"
8.3756,heen,250,MM0 ?CR
8.3756,heen,250,MM1 ?CR
8.3756,heen,250,MM0 CR=59:-58
8.3756,heen,250,MM1 CR=59:-58
8.3756,heen,250,"#192,YAW,1.90,GYRO,86,227,-53,ACC,14,-2,154,ADC,1238,498,7,2,"
8.3756,heen,250,MM0 ?A
8.3756,heen,250,MM1 ?A
8.3756,heen,250,MM0 A=3:-3
8.3757,heen,250,MM1 A=3:-3
8.3990,heen,250,"$GPRMC,130429.6,A,5050.50629,N,00419.37835,E,000.64,108.2,081026,000.4,E*5D"
8.3990,heen,250,"#193,YAW,1.90,GYRO,7,249,-20,ACC,3,-40,253,ADC,1265,502,7,2,"
8.3990,heen,250,MM1 ?AI
8.3990,heen,250,MM0 ?AI
8.3990,heen,250,MM1 AI=0:0:2363:2372:0:0
8.4176,heen,250,MM0 AI=0:0:2445:2444:0:0
8.4176,heen,250,MM0 !M 251 -249
8.4176,heen,250,MM1 !M 251 -249
8.4176,heen,250,MM0 +
8.4176,heen,250,MM1 +
8.4176,heen,250,MM0 PING
8.4176,heen,250,MM1 PING
8.4176,heen,250,"#194,YAW,1.90,GYRO,76,-137,19,ACC,-2,-4,276,ADC,1289,422,5,3,"
8.4177,heen,250,MM0 ?C
8.4177,heen,250,MM1 ?C
8.4177,heen,250,MM0 C=-182:-1801
8.4177,heen,250,MM1 C=-30:-2055
8.4178,heen,250,MM1 !M 250 -250
8.4178,heen,250,MM0 !M 250 -250
8.4382,heen,250,MM1 +
8.4383,heen,250,MM0 +
8.4383,heen,250,"#195,YAW,1.90,GYRO,-5,-134,38,ACC,17,21,407,ADC,1201,384,5,1,"
8.4383,heen,250,MM0 ?D
8.4383,heen,250,MM1 ?D
8.4383,heen,250,MM0 D=51
8.4383,heen,250,MM1 D=51
8.4723,heen,250,"#196,YAW,1.90,GYRO,28,345,20,ACC,11,52,169,ADC,1282,501,5,2,"
8.4724,heen,250,MM1 ?FF
8.4724,heen,250,MM0 ?FF
8.4724,heen,250,MM1 FF=0
8.4724,heen,250,MM0 FF=0
8.4724,heen,250,MM0 !M 250 -250
8.4724,heen,250,MM1 !M 250 -250
8.4724,heen,250,MM0 +
8.4724,heen,250,MM1 +
8.4724,heen,250,"#197,YAW,1.90,GYRO,15,76,10,ACC,12,-31,196,ADC,1211,379,5,2,"
8.4724,heen,250,MM0 ?P
8.4724,heen,250,MM1 ?P
8.4724,heen,250,MM0 P=250:-250
8.4724,heen,250,MM1 P=250:-250
8.4932,heen,250,"#198,YAW,1.90,GYRO,34,-207,7,ACC,-44,-21,448,ADC,1270,382,5,1,"
8.4933,heen,250,MM0 ?S
8.4933,heen,250,MM1 ?S
8.4933,heen,250,MM0 S=225:-225
8.4933,heen,250,MM1 S=225:-225
8.5275,heen,250,MM0 !M 251 -249
8.5275,heen,250,MM1 !M 251 -249
8.5275,heen,250,MM0 +
8.5275,heen,250,MM1 +
8.5275,heen,250,"#199,YAW,1.90,GYRO,-153,-204,-32,ACC,-8,17,310,ADC,1259,301,6,2,"
8.5275,heen,250,MM0 ?T
8.5275,heen,250,MM1 ?T
8.5275,heen,250,MM0 T=35:34
8.5275,heen,250,MM1 T=36:34
8.5275,heen,250,"#200,YAW,1.90,GYRO,46,282,-24,ACC,1,-4,150,ADC,1253,499,5,1,"
8.5276,heen,250,MM0 ?V
8.5777,heen,250,MM1 ?V
8.5778,heen,250,MM0 V=120:223:4904
8.5778,heen,250,MM1 V=120:223:4898
8.5778,heen,250,"#201,YAW,1.90,GYRO,-39,83,-19,ACC,124,-64,254,ADC,1270,500,4,2,"
8.5778,heen,250,MM1 ?CR
8.5778,heen,250,MM0 ?CR
8.5778,heen,250,MM1 CR=59:-59
8.5778,heen,250,MM0 CR=60:-59
8.5778,heen,250,MM0 !M 250 -250
8.5778,heen,250,MM0 +
8.5778,heen,250,MM1 !M 250 -250
8.5778,heen,250,MM1 +
8.5778,heen,250,"#202,YAW,1.90,GYRO,-124,-211,-3,ACC,-25,-11,283,ADC,1248,384,5,2,"
8.5779,heen,250,MM1 ?A
8.5779,heen,250,MM0 ?A
8.5779,heen,250,MM1 A=4:-3
8.5779,heen,250,MM0 A=0:-3
8.6285,heen,250,"$GPRMC,130429.8,A,5050.50628,N,00419.37843,E,000.64,108.2,081026,000.4,E*53"
8.6285,heen,250,"#203,YAW,1.90,GYRO,-30,78,-37,ACC,-4,8,317,ADC,1244,376,8,1,"
8.6285,heen,250,MM1 ?AI
8.6285,heen,250,MM0 ?AI
8.6285,heen,250,MM1 AI=0:0:2331:2348:0:0
8.6285,heen,250,MM0 AI=0:0:2450:2457:0:0
8.6285,heen,250,MM0 !M 250 -250
8.6285,heen,250,MM1 !M 250 -250
8.6286,heen,250,"#204,YAW,1.90,GYRO,19,331,-49,ACC,15,21,197,ADC,1211,376,4,3,"
8.6286,heen,250,MM0 +
8.6286,heen,250,MM1 +
8.6286,heen,250,MM1 ?C
8.6286,heen,250,MM0 ?C
8.6286,heen,250,MM1 C=30:-2114
8.6286,heen,250,MM0 C=-122:-1861
8.6286,heen,250,"#205,YAW,1.90,GYRO,120,9,-9,ACC,7,-38,252,ADC,1264,498,7,2,"
8.6286,heen,250,MM1 ?D
8.6286,heen,250,MM0 ?D
8.6679,heen,250,MM1 D=35
8.6679,heen,250,MM0 D=33
8.6679,heen,250,"#206,YAW,1.90,GYRO,-103,-122,3,ACC,-23,16,340,ADC,1234,382,5,2,"
8.6679,heen,250,MM1 ?FF
8.6679,heen,250,MM0 ?FF
8.6679,heen,250,MM1 FF=0
8.6679,heen,250,MM0 FF=0
8.6679,heen,250,MM0 !M 250 -250
8.6679,heen,250,MM1 !M 250 -250
8.6680,heen,250,MM0 +
8.6680,heen,250,MM1 +
8.6864,heen,250,"#207,YAW,1.90,GYRO,4,139,-20,ACC,15,37,188,ADC,1252,309,4,1,"
8.6864,heen,250,MM0 ?P
8.6864,heen,250,MM1 ?P
8.6864,heen,250,MM0 P=250:-250
8.6864,heen,250,MM1 P=250:-250
8.7276,heen,250,"#208,YAW,1.90,GYRO,-2,285,-24,ACC,6,19,144,ADC,1267,387,5,2,"
8.7276,heen,250,MM1 ?S
8.7276,heen,250,MM0 ?S
8.7276,heen,250,MM1 S=225:-225
8.7276,heen,250,MM0 S=225:-225
8.7276,heen,250,MM1 !M 250 -250
8.7276,heen,250,MM0 !M 250 -250
8.7276,heen,250,MM1 +
8.7276,heen,250,MM0 +
8.7276,heen,250,"#209,YAW,1.90,GYRO,80,39,-2,ACC,10,-17,326,ADC,1231,329,6,2,"
8.7276,heen,250,MM0 ?T
8.7276,heen,250,MM1 ?T
8.7276,heen,250,MM0 T=35:34
8.7276,heen,250,MM1 T=36:34
8.7816,heen,250,"#210,YAW,1.90,GYRO,-98,-174,21,ACC,-25,18,316,ADC,1217,390,7,1,"
8.7816,heen,250,MM1 ?V
8.7816,heen,250,MM0 ?V
8.7816,heen,250,MM1 V=120:223:4899
8.7816,heen,250,MM0 V=120:223:4905
8.7816,heen,250,"#211,YAW,1.90,GYRO,-68,-134,-9,ACC,16,36,193,ADC,1268,384,5,2,"
8.7816,heen,250,MM1 ?CR
8.7817,heen,250,MM0 ?CR
8.7817,heen,250,MM1 CR=58:-58
8.7817,heen,250,MM0 CR=59:-58
8.7817,heen,250,"#212,YAW,1.90,GYRO,12,202,-20,ACC,-7,22,178,ADC,1235,501,4,1,"
8.7817,heen,250,MM1 ?A
8.7817,heen,250,MM0 ?A
8.7817,heen,250,MM1 A=8:-3
8.7817,heen,250,MM0 A=4:-3
8.8296,heen,250,"$GPRMC,130430.0,A,5050.50624,N,00419.37850,E,000.65,108.2,081026,000.4,E*5C"
8.8296,heen,250,"#213,YAW,1.90,GYRO,44,-34,5,ACC,4,-46,314,ADC,1242,499,7,2,"
8.8297,heen,250,MM1 ?AI
8.8297,heen,250,MM0 ?AI
8.8297,heen,250,MM1 AI=0:0:2348:2387:0:0
8.8297,heen,250,MM0 AI=0:0:2441:2453:0:0
8.8297,heen,250,MM0 !M 250 -250
8.8297,heen,250,MM1 !M 250 -250
8.8297,heen,250,MM0 +
8.8297,heen,250,MM1 +
8.8297,heen,250,MM1 PING
8.8297,heen,250,MM0 PING
8.8297,heen,250,"#214,YAW,1.90,GYRO,90,9,17,ACC,-34,16,289,ADC,1214,326,4,1,"
8.8297,heen,250,MM1 ?C
8.8297,heen,250,MM0 ?C
8.8297,heen,250,MM1 C=88:-2172
8.8297,heen,250,MM0 C=-64:-1919
8.8298,heen,250,"#215,YAW,1.90,GYRO,-102,-153,4,ACC,37,41,195,ADC,1282,385,6,2,"
8.8298,heen,250,MM1 ?D
8.8298,heen,250,MM0 ?D
8.8298,heen,250,MM1 D=16
8.8815,heen,250,MM0 D=0
8.8816,heen,250,MM0 !M 250 -250
8.8816,heen,250,MM1 !M 250 -250
8.8816,heen,250,MM0 +
8.8816,heen,250,MM1 +
8.8816,heen,250,MM1 PING
8.8816,heen,250,MM0 PING
8.8816,heen,250,"#216,YAW,1.90,GYRO,6,268,-23,ACC,-5,22,183,ADC,1213,356,4,2,"
8.8816,heen,250,MM1 ?FF
8.8816,heen,250,MM0 ?FF
8.8816,heen,250,MM1 FF=0
8.8816,heen,250,MM0 FF=0
8.8816,heen,250,"#217,YAW,1.90,GYRO,73,132,4,ACC,17,-13,312,ADC,1235,381,4,2,"
8.8816,heen,250,MM1 ?P
8.8816,heen,250,MM0 ?P
8.8816,heen,250,MM1 P=250:-250
8.8818,heen,250,MM0 P=250:-250
8.9332,heen,250,"#218,YAW,1.90,GYRO,-21,-201,32,ACC,-11,-12,258,ADC,1298,412,5,1,"
8.9332,heen,250,MM1 ?S
8.9332,heen,250,MM0 ?S
8.9332,heen,250,MM1 S=225:-150
8.9332,heen,250,MM0 S=225:-225
8.9332,heen,250,MM0 !M 250 -250
8.9332,heen,250,MM1 !M 250 -250
8.9332,heen,250,MM0 +
8.9332,heen,250,MM1 +
8.9332,heen,250,MM1 PING
8.9332,heen,250,MM0 PING
8.9332,heen,250,"#219,YAW,1.90,GYRO,-96,-32,-2,ACC,7,13,318,ADC,1271,501,4,2,"
8.9333,heen,250,MM0 ?T
8.9333,heen,250,MM1 ?T
8.9333,heen,250,MM1 T=36:34
8.9333,heen,250,MM0 T=35:34
8.9333,heen,250,MM1 !M 250 -250
8.9333,heen,250,MM0 !M 250 -250
8.9333,heen,250,MM1 +
8.9333,heen,250,MM0 +
8.9333,heen,250,"#220,YAW,1.90,GYRO,-2,385,-4,ACC,22,9,176,ADC,1214,381,7,2,"
8.9333,heen,250,MM1 ?V
8.9333,heen,250,MM0 ?V
8.9333,heen,250,MM1 V=120:223:4900
8.9869,heen,250,MM0 V=120:222:4906
8.9869,heen,250,"#221,YAW,1.90,GYRO,6,143,4,ACC,41,-20,274,ADC,1193,380,6,2,"
8.9869,heen,250,MM0 ?CR
8.9869,heen,250,MM1 ?CR
8.9869,heen,250,MM0 CR=58:-58
8.9869,heen,250,MM1 CR=59:-58
8.9869,heen,250,MM1 !M 250 -250
8.9869,heen,250,MM0 !M 250 -250
8.9869,heen,250,MM1 +
8.9869,heen,250,MM0 +
8.9869,heen,250,"#222,YAW,1.90,GYRO,3,-84,3,ACC,-13,5,293,ADC,1237,310,3,1,"
8.9869,heen,250,MM1 ?A
8.9870,heen,250,MM0 ?A
8.9870,heen,250,MM1 A=4:-3
8.9870,heen,250,MM0 A=0:0
8.9870,heen,250,"$GPRMC,130430.2,A,5050.50621,N,00419.37860,E,000.65,108.2,081026,000.4,E*58"
9.0221,heen,250,"#223,YAW,1.90,GYRO,-71,21,-48,ACC,17,13,310,ADC,1262,360,4,1,"
9.0221,heen,250,MM0 ?AI
9.0221,heen,250,MM1 ?AI
9.0221,heen,250,MM1 AI=0:0:2378:2357:0:0
9.0221,heen,250,MM0 AI=0:0:2431:2444:0:0
9.0221,heen,250,"#224,YAW,1.90,GYRO,29,324,-56,ACC,-3,9,179,ADC,1250,389,4,1,"
9.0221,heen,250,MM1 ?C
9.0221,heen,250,MM0 ?C
9.0222,heen,250,MM0 C=-5:-1976
9.0222,heen,250,MM1 C=146:-2230
9.0424,heen,250,"#225,YAW,1.90,GYRO,19,58,-22,ACC,35,-28,253,ADC,1244,384,5,1,"
9.0424,heen,250,MM1 ?D
9.0424,heen,250,MM0 ?D
9.0424,heen,250,MM1 D=35
9.0425,heen,250,MM0 D=42
9.0425,heen,250,MM1 !M 250 -250
9.0775,heen,250,MM0 !M 250 -250
9.0775,heen,250,"#226,YAW,1.90,GYRO,68,-32,0,ACC,-19,-12,301,ADC,1220,383,8,1,"
9.0775,heen,250,MM0 +
9.0776,heen,250,MM0 PING
9.0776,heen,250,MM1 +
9.0776,heen,250,MM1 PING
9.0776,heen,250,MM0 ?FF
9.0776,heen,250,MM1 ?FF
9.0776,heen,250,MM0 FF=0
9.0776,heen,250,MM1 FF=0
9.0776,heen,250,"#227,YAW,1.90,GYRO,-69,-25,-1,ACC,8,16,314,ADC,1255,499,5,1,"
9.0776,heen,250,MM0 ?P
9.0776,heen,250,MM1 ?P
9.0776,heen,250,MM0 P=250:-250
9.0776,heen,250,MM1 P=250:-250
9.0973,heen,250,"#228,YAW,1.90,GYRO,53,309,-26,ACC,0,12,203,ADC,1245,383,5,1,"
9.0974,heen,250,MM0 ?S
9.0974,heen,250,MM1 ?S
9.0974,heen,250,MM0 S=225:-225
9.0974,heen,250,MM1 S=225:-150
9.0974,heen,250,MM0 !M 250 -250
9.0974,heen,250,MM1 !M 250 -250
9.0974,heen,250,MM0 +
9.0974,heen,250,MM1 +
9.0974,heen,250,MM0 PING
9.0974,heen,250,MM1 PING
9.1317,heen,250,"#229,YAW,1.90,GYRO,-3,91,-3,ACC,23,-12,187,ADC,1294,502,6,1,"
9.1317,heen,250,MM0 ?T
9.1318,heen,250,MM1 ?T
9.1318,heen,250,MM0 T=35:34
9.1318,heen,250,MM1 T=36:34
9.1318,heen,250,MM0 !M 250 -250
9.1318,heen,250,MM1 !M 250 -250
9.1318,heen,250,MM0 +
9.1318,heen,250,MM1 +
9.1318,heen,250,"#230,YAW,1.90,GYRO,-70,-123,5,ACC,-19,13,379,ADC,1249,392,5,2,"
9.1318,heen,250,MM0 ?V
9.1318,heen,250,MM1 ?V
9.1318,heen,250,MM0 V=120:223:4904
9.1875,heen,250,MM1 V=120:222:4898
9.1876,heen,250,"#231,YAW,1.90,GYRO,-104,-38,-2,ACC,-1,6,284,ADC,1239,381,5,2,"
9.1876,heen,250,MM0 ?CR
9.1876,heen,250,MM1 ?CR
9.1876,heen,250,MM0 CR=59:-59
9.1876,heen,250,MM1 CR=59:-58
9.1876,heen,250,MM0 !M 250 -250
9.1876,heen,250,MM1 !M 250 -250
9.1876,heen,250,MM0 +
9.1876,heen,250,MM1 +
9.1876,heen,250,"#232,YAW,1.90,GYRO,6,289,-8,ACC,21,-2,151,ADC,1252,323,6,1,"
9.1876,heen,250,MM1 ?A
9.1876,heen,250,MM0 ?A
9.1876,heen,250,MM1 A=8:-3
9.1876,heen,250,MM0 A=4:-3
9.1876,heen,250,"$GPRMC,130430.4,A,5050.50616,N,00419.37866,E,000.66,108.2,081026,000.4,E*5F"
9.2213,heen,250,"#233,YAW,1.90,GYRO,-15,-18,5,ACC,-18,-58,223,ADC,1242,344,4,3,"
9.2213,heen,250,MM0 ?AI
9.2213,heen,250,MM1 ?AI
9.2213,heen,250,MM0 AI=0:0:2450:2404:0:0
9.2213,heen,250,MM1 AI=0:0:2205:2373:0:0
9.2213,heen,250,"#234,YAW,1.90,GYRO,-59,-268,19,ACC,5,3,291,ADC,1218,382,4,1,"
9.2214,heen,250,MM0 ?C
9.2214,heen,250,MM1 ?C
9.2214,heen,250,MM0 C=54:-2035
9.2214,heen,250,MM1 C=205:-2288
9.2428,heen,250,"#235,YAW,1.90,GYRO,-132,37,-14,ACC,1,17,303,ADC,1193,380,4,2,"
9.2428,heen,250,MM0 ?D
9.2428,heen,250,MM1 ?D
9.2428,heen,250,MM0 D=11
9.2428,heen,250,MM1 D=27
9.2829,heen,250,"#236,YAW,1.90,GYRO,78,278,-18,ACC,21,-18,199,ADC,1256,385,5,2,"
9.2830,heen,250,MM0 ?FF
9.2830,heen,250,MM0 FF=0
9.2830,heen,250,MM1 ?FF
9.2830,heen,250,MM1 FF=0
9.2830,heen,250,MM0 !M 250 -250
9.2830,heen,250,MM1 !M 250 -250
9.2830,heen,250,MM0 +
9.2830,heen,250,MM1 +
9.2830,heen,250,MM0 PING
9.2830,heen,250,MM1 PING
9.2830,heen,250,MM0 !M 250 -250
9.2830,heen,250,MM1 !M 250 -250
9.2830,heen,250,MM0 +
9.2830,heen,250,MM1 +
9.2830,heen,250,"#237,YAW,1.90,GYRO,39,38,-2,ACC,15,-39,211,ADC,1279,277,5,2,"
9.2831,heen,250,MM0 ?P
9.2831,heen,250,MM1 ?P
9.2831,heen,250,MM0 P=250:-250
9.2831,heen,250,MM1 P=250:-250
9.2983,heen,250,"#238,YAW,1.90,GYRO,25,-153,17,ACC,7,-15,369,ADC,1295,502,5,2,"
9.2984,heen,250,MM0 ?S
9.2984,heen,250,MM1 ?S
9.2984,heen,250,MM0 S=225:-225
9.2984,heen,250,MM1 S=225:-225
9.3324,heen,250,"#239,YAW,1.90,GYRO,-115,-82,12,ACC,-5,22,286,ADC,1202,381,7,1,"
9.3324,heen,250,MM0 ?T
9.3324,heen,250,MM1 ?T
9.3325,heen,250,MM0 T=35:34
9.3325,heen,250,MM1 T=36:34
9.3325,heen,250,MM0 !M 250 -250
9.3325,heen,250,MM1 !M 250 -250
9.3325,heen,250,MM0 +
9.3325,heen,250,MM1 +
9.3325,heen,250,"#240,YAW,1.90,GYRO,118,189,6,ACC,27,-20,166,ADC,1292,500,6,2,"
9.3325,heen,250,MM0 ?V
9.3325,heen,250,MM1 ?V
9.3325,heen,250,MM0 V=120:223:4905
9.3325,heen,250,MM1 V=120:223:4898
9.3869,heen,250,"#241,YAW,1.90,GYRO,-17,81,-15,ACC,34,-36,282,ADC,1215,382,5,2,"
9.3869,heen,250,MM0 ?CR
9.3869,heen,250,MM1 ?CR
9.3869,heen,250,MM0 CR=59:-58
9.3869,heen,250,MM1 CR=59:-58
9.3869,heen,250,MM1 !M 250 -250
9.3869,heen,250,MM0 !M 250 -250
9.3869,heen,250,MM1 +
9.3869,heen,250,MM0 +
9.3869,heen,250,"#242,YAW,1.90,GYRO,41,-70,-5,ACC,-23,-9,316,ADC,1219,300,4,1,"
9.3870,heen,250,MM0 ?A
9.3870,heen,250,MM1 ?A
9.3870,heen,250,MM1 A=4:-3
9.3870,heen,250,MM0 A=4:0
9.3870,heen,250,"$GPRMC,130430.6,A,5050.50609,N,00419.37868,E,000.66,108.2,081026,000.4,E*5D"
9.4356,heen,250,"#243,YAW,1.90,GYRO,-170,29,-48,ACC,22,40,276,ADC,1257,392,5,1,"
9.4357,heen,250,MM0 ?AI
9.4357,heen,250,MM1 ?AI
9.4357,heen,250,MM0 AI=0:0:2396:2440:0:0
9.4357,heen,250,MM1 AI=0:0:2356:2366:0:0
9.4357,heen,250,"#244,YAW,1.90,GYRO,137,340,-36,ACC,13,-19,205,ADC,1223,384,6,1,"
9.4357,heen,250,MM0 ?C
9.4357,heen,250,MM1 ?C
9.4357,heen,250,MM0 C=113:-2093
9.4358,heen,250,MM1 C=265:-2346
9.4358,heen,250,"#245,YAW,1.90,GYRO,0,72,-15,ACC,23,-42,260,ADC,1268,392,4,2,"
9.4359,heen,250,MM0 ?D
9.4359,heen,250,MM1 ?D
9.4359,heen,250,MM0 D=57
9.4359,heen,250,MM1 D=32
9.4878,heen,250,"#246,YAW,1.90,GYRO,7,-215,19,ACC,8,-14,256,ADC,1252,381,5,2,"
9.4879,heen,250,MM0 ?FF
9.4879,heen,250,MM1 ?FF
9.4879,heen,250,MM0 FF=0
9.4879,heen,250,MM1 FF=0
9.4879,heen,250,MM0 !M 250 -250
9.4879,heen,250,MM1 !M 250 -250
9.4879,heen,250,MM0 +
9.4879,heen,250,MM1 +
9.4879,heen,250,MM0 PING
9.4879,heen,250,MM1 PING
9.4879,heen,250,MM0 !M 249 -251
9.4879,heen,250,MM1 !M 249 -251
9.4879,heen,250,MM0 +
9.4879,heen,250,MM1 +
9.4879,heen,250,"#247,YAW,1.90,GYRO,-32,-66,9,ACC,-8,20,411,ADC,1201,319,4,2,"
9.4879,heen,250,MM0 ?P
9.4879,heen,250,MM1 ?P
9.4879,heen,250,MM0 P=249:-251
9.4879,heen,250,MM1 P=249:-251
9.5363,heen,250,"#248,YAW,1.90,GYRO,46,274,18,ACC,22,21,213,ADC,1236,383,5,2,"
9.5364,heen,250,MM0 ?S
9.5364,heen,250,MM1 ?S
9.5364,heen,250,MM0 S=225:-225
9.5364,heen,250,MM1 S=225:-225
9.5364,heen,250,"#249,YAW,1.90,GYRO,-17,-59,10,ACC,10,-18,180,ADC,1251,384,7,2,"
9.5364,heen,250,MM0 ?T
9.5364,heen,250,MM1 ?T
9.5364,heen,250,MM0 T=35:34
9.5364,heen,250,MM1 T=36:34
9.5365,heen,250,"#250,YAW,1.90,GYRO,-70,-250,5,ACC,5,12,352,ADC,1237,500,6,2,"
9.5365,heen,250,MM0 ?V
9.5365,heen,250,MM1 ?V
9.5365,heen,250,MM0 V=120:224:4904
9.5365,heen,250,MM1 V=120:223:4898
9.5895,heen,250,"#251,YAW,1.90,GYRO,-91,-207,-23,ACC,-12,18,420,ADC,1282,399,4,2,"
9.5895,heen,250,MM0 ?CR
9.5895,heen,250,MM1 ?CR
9.5895,heen,250,MM0 CR=60:-59
9.5895,heen,250,MM1 CR=59:-59
9.5895,heen,250,MM0 !M 250 -250
9.5896,heen,250,MM1 !M 250 -250
9.5896,heen,250,MM0 +
9.5896,heen,250,MM1 +
9.5896,heen,250,MM1 PING
9.5896,heen,250,MM0 PING
9.5896,heen,250,MM1 !M 250 -250
9.5896,heen,250,MM0 !M 250 -250
9.5896,heen,250,MM0 +
9.5896,heen,250,MM1 +
9.5896,heen,250,"#252,YAW,1.90,GYRO,110,232,8,ACC,23,-39,134,ADC,1234,308,5,2,"
9.5896,heen,250,MM0 ?A
9.5896,heen,250,MM1 ?A
9.5896,heen,250,MM0 A=0:0
9.5896,heen,250,MM1 A=4:0
9.5896,heen,250,"$GPRMC,130430.8,A,5050.50604,N,00419.37872,E,000.67,108.2,081026,000.4,E*54"
9.6384,heen,250,"#253,YAW,1.90,GYRO,-79,40,-14,ACC,-27,-98,272,ADC,1269,295,6,1,"
9.6385,heen,250,MM0 ?AI
9.6385,heen,250,MM1 ?AI
9.6385,heen,250,MM0 AI=0:0:2460:2455:0:0
9.6385,heen,250,MM1 AI=0:0:2365:2360:0:0
9.6385,heen,250,"#254,YAW,1.90,GYRO,-110,-214,-2,ACC,11,7,274,ADC,1253,383,5,1,"
9.6385,heen,250,MM0 ?C
9.6385,heen,250,MM1 ?C
9.6385,heen,250,MM0 C=173:-2153
9.6385,heen,250,MM1 C=324:-2405
9.6386,heen,250,"#255,YAW,1.90,GYRO,-97,32,-40,ACC,6,27,383,ADC,1239,382,4,2,"
9.6386,heen,250,MM0 ?D
9.6386,heen,250,MM1 ?D
9.6386,heen,250,MM0 D=49
9.6386,heen,250,MM1 D=2
9.6921,heen,250,"#0,YAW,1.90,GYRO,112,298,-28,ACC,13,-31,199,ADC,1263,382,7,2,"
9.6922,heen,250,MM0 ?FF
9.6922,heen,250,MM1 ?FF
9.6922,heen,250,MM0 FF=0
9.6922,heen,250,MM1 FF=0
9.6922,heen,250,MM0 !M 250 -250
9.6922,heen,250,MM1 !M 250 -250
9.6922,heen,250,MM0 +
9.6922,heen,250,MM1 +
9.6922,heen,250,MM0 PING
9.6922,heen,250,MM1 PING
9.6922,heen,250,MM0 !M 250 -250
9.6922,heen,250,MM1 !M 250 -250
9.6922,heen,250,MM0 +
9.6922,heen,250,MM1 +
9.6922,heen,250,"#1,YAW,1.90,GYRO,-38,-28,-13,ACC,31,-32,218,ADC,1237,340,4,2,"
9.6922,heen,250,MM0 ?P
9.6923,heen,250,MM1 ?P
9.6923,heen,250,MM0 P=250:-250
9.6923,heen,250,MM1 P=250:-250
9.6923,heen,250,"#2,YAW,1.90,GYRO,11,-96,12,ACC,-11,-4,322,ADC,1234,385,6,2,"
9.6923,heen,250,MM0 ?S
9.6923,heen,250,MM1 ?S
9.7265,heen,250,MM0 S=225:-225
9.7265,heen,250,MM1 S=225:-225
9.7265,heen,250,MM0 !M 250 -250
9.7265,heen,250,MM1 !M 250 -250
9.7265,heen,250,MM0 +
9.7265,heen,250,MM1 +
9.7265,heen,250,"#3,YAW,1.90,GYRO,-64,107,-3,ACC,1,32,327,ADC,1216,329,5,1,"
9.7265,heen,250,MM0 ?T
9.7265,heen,250,MM1 ?T
9.7265,heen,250,MM0 T=35:34
9.7266,heen,250,MM1 T=36:34
9.7474,heen,250,"#4,YAW,1.90,GYRO,97,216,13,ACC,37,-12,178,ADC,1248,383,5,2,"
9.7475,heen,250,MM0 ?V
9.7475,heen,250,MM1 ?V
9.7475,heen,250,MM0 V=120:223:4905
9.7475,heen,250,MM1 V=120:223:4899
9.7475,heen,250,"#5,YAW,1.90,GYRO,-42,29,-2,ACC,-2,-28,211,ADC,1259,383,5,2,"
9.7813,heen,250,MM0 ?CR
9.7813,heen,250,MM1 ?CR
9.7813,heen,250,MM0 CR=58:-58
9.7813,heen,250,MM1 CR=58:-58
9.7813,heen,250,MM0 !M 250 -250
9.7813,heen,250,MM1 !M 250 -250
9.7813,heen,250,MM0 +
9.7813,heen,250,MM1 +
9.7813,heen,250,"#6,YAW,1.90,GYRO,-15,-96,9,ACC,26,18,337,ADC,1289,498,7,2,"
9.7814,heen,250,MM0 ?A
9.7814,heen,250,MM1 ?A
9.7814,heen,250,MM0 A=4:0
9.7814,heen,250,MM1 A=4:0
9.8037,heen,250,"#7,YAW,1.90,GYRO,-168,-85,-24,ACC,15,35,295,ADC,1223,381,5,2,"
9.8038,heen,250,MM0 ?AI
9.8038,heen,250,MM1 ?AI
9.8038,heen,250,MM0 AI=0:0:2449:2441:0:0
9.8038,heen,250,MM1 AI=0:0:2374:2372:0:0
9.8038,heen,250,"$GPRMC,130431.0,A,5050.50606,N,00419.37883,E,000.68,108.2,081026,000.4,E*5E"
9.8383,heen,250,"#8,YAW,1.90,GYRO,73,96,-17,ACC,15,-24,188,ADC,1217,320,6,2,"
9.8383,heen,250,MM0 ?C
9.8383,heen,250,MM1 ?C
9.8383,heen,250,MM0 C=231:-2210
9.8383,heen,250,MM1 C=381:-2463
9.8384,heen,250,MM1 !M 250 -250
9.8384,heen,250,MM0 !M 250 -250
9.8384,heen,250,MM0 +
9.8385,heen,250,MM1 +
9.8385,heen,250,"#9,YAW,1.90,GYRO,-83,8,6,ACC,42,-51,347,ADC,1221,381,5,2,"
9.8385,heen,250,MM0 ?D
9.8385,heen,250,MM1 ?D
9.8385,heen,250,MM0 D=18
9.8385,heen,250,MM1 D=49
9.8582,heen,250,"#10,YAW,1.90,GYRO,110,2,21,ACC,-5,-13,276,ADC,1243,381,7,2,"
9.8583,heen,250,MM0 ?FF
9.8583,heen,250,MM1 ?FF
9.8583,heen,250,MM0 FF=0
9.8583,heen,250,MM1 FF=0
9.8956,heen,250,"#11,YAW,1.90,GYRO,-139,99,-12,ACC,22,39,299,ADC,1241,392,4,2,"
9.8956,heen,250,MM0 ?P
9.8956,heen,250,MM1 ?P
9.8956,heen,250,MM1 P=250:-250
9.8956,heen,250,MM0 P=250:-250
9.8956,heen,250,MM1 !M 250 -250
9.8956,heen,250,MM0 !M 250 -250
9.8957,heen,250,MM1 +
9.8957,heen,250,MM0 +
9.8957,heen,250,"#12,YAW,1.90,GYRO,63,211,-18,ACC,1,16,209,ADC,1266,499,5,2,"
9.8957,heen,250,MM0 ?S
9.8957,heen,250,MM1 ?S
9.8957,heen,250,MM0 S=225:-225
9.8957,heen,250,MM1 S=225:-225
9.9293,heen,250,"#13,YAW,1.90,GYRO,-21,92,-3,ACC,34,-26,203,ADC,1249,395,5,2,"
9.9294,heen,250,MM0 !M 250 -250
9.9294,heen,250,MM0 +
9.9294,heen,250,MM1 !M 250 -250
9.9294,heen,250,MM1 +
9.9294,heen,250,MM0 ?T
9.9294,heen,250,MM1 ?T
9.9294,heen,250,MM0 T=35:34
9.9294,heen,250,MM1 T=36:34
9.9294,heen,250,"#14,YAW,1.90,GYRO,29,-45,12,ACC,-9,-16,300,ADC,1254,499,5,2,"
9.9294,heen,250,MM0 ?V
9.9294,heen,250,MM1 ?V
9.9517,heen,250,MM0 V=120:223:4906
9.9518,heen,250,MM1 V=120:223:4898
9.9518,heen,250,"#15,YAW,1.90,GYRO,-142,37,-13,ACC,4,17,310,ADC,1264,384,5,2,"
9.9518,heen,250,MM0 ?CR
9.9518,heen,250,MM1 ?CR
9.9518,heen,250,MM0 CR=58:-57
9.9865,heen,250,MM1 CR=58:-58
9.9865,heen,250,MM0 !M 250 -250
9.9865,heen,250,MM1 !M 250 -250
9.9865,heen,250,MM0 +
9.9865,heen,250,MM1 +
9.9865,heen,250,"#16,YAW,1.90,GYRO,-1,286,3,ACC,11,19,194,ADC,1227,337,7,1,"
9.9866,heen,250,MM0 ?A
9.9866,heen,250,MM1 ?A
9.9866,heen,250,MM0 A=4:-3
9.9866,heen,250,MM1 A=8:-7
9.9866,heen,250,"$GPRMC,130431.2,A,5050.50607,N,00419.37895,E,000.68,108.2,081026,000.4,E*5A"
10.0074,heen,250,"#17,YAW,1.90,GYRO,2,201,14,ACC,26,-18,214,ADC,1261,334,4,2,"
10.0075,heen,250,MM0 ?AI
10.0075,heen,250,MM1 ?AI
10.0075,heen,250,MM0 AI=0:0:2440:2438:0:0
10.0075,heen,250,MM1 AI=0:0:2355:2366:0:0
10.0075,heen,250,"#18,YAW,1.90,GYRO,37,-18,11,ACC,-21,3,305,ADC,1274,391,4,1,"
10.0075,heen,250,MM0 ?C
10.0413,heen,250,MM1 ?C
10.0413,heen,250,MM0 C=288:-2267
10.0413,heen,250,MM1 C=439:-2521
10.0414,heen,250,MM0 !M 250 -250
10.0414,heen,250,MM1 !M 250 -250
10.0414,heen,250,MM0 +
10.0414,heen,250,MM1 +
10.0414,heen,250,"#19,YAW,1.90,GYRO,-120,130,-52,ACC,19,16,298,ADC,1249,386,5,2,"
10.0414,heen,250,MM0 ?D
10.0414,heen,250,MM1 ?D
10.0414,heen,250,MM1 D=18
10.0414,heen,250,MM0 D=0
10.1016,heen,250,"#20,YAW,1.90,GYRO,62,266,-48,ACC,-17,-11,249,ADC,1264,501,6,1,"
10.1016,heen,250,MM0 ?FF
10.1016,heen,250,MM1 ?FF
10.1016,heen,250,MM0 FF=0
10.1016,heen,250,MM1 FF=0
10.1016,heen,250,"#21,YAW,1.90,GYRO,-22,85,-33,ACC,22,-8,175,ADC,1227,384,7,2,"
10.1017,heen,250,MM0 ?P
10.1017,heen,250,MM1 ?P
10.1017,heen,250,MM1 P=250:-250
10.1017,heen,250,MM0 P=250:-250
10.1017,heen,250,"#22,YAW,1.90,GYRO,67,-42,-4,ACC,5,-17,316,ADC,1255,415,5,2,"
10.1017,heen,250,MM0 ?S
10.1017,heen,250,MM1 ?S
10.1017,heen,250,MM0 S=225:-225
10.1017,heen,250,MM1 S=225:-150
10.1354,heen,250,"#23,YAW,1.90,GYRO,-66,71,-14,ACC,-9,17,346,ADC,1255,382,6,2,"
10.1355,heen,250,MM0 ?T
10.1355,heen,250,MM1 ?T
10.1355,heen,250,MM0 T=35:34
10.1355,heen,250,MM1 T=36:34
10.1355,heen,250,MM0 !M 250 -250
10.1355,heen,250,MM1 !M 250 -250
10.1355,heen,250,MM0 +
10.1355,heen,250,MM1 +
10.1355,heen,250,MM1 PING
10.1355,heen,250,MM0 PING
10.1355,heen,250,"#24,YAW,1.90,GYRO,36,196,-13,ACC,8,3,186,ADC,1226,381,6,1,"
10.1355,heen,250,MM0 ?V
10.1355,heen,250,MM1 ?V
10.1355,heen,250,MM0 V=120:223:4904
10.1355,heen,250,MM1 V=120:222:4900
10.1565,heen,250,"#25,YAW,1.90,GYRO,-27,130,-9,ACC,21,-6,172,ADC,1277,394,4,2,"
10.1565,heen,250,MM0 ?CR
10.1565,heen,250,MM1 ?CR
10.1565,heen,250,MM0 CR=59:-58
10.1565,heen,250,MM1 CR=58:-57
10.1565,heen,250,MM1 !M 250 -250
10.1565,heen,250,MM0 !M 250 -250
10.1565,heen,250,MM1 +
10.1565,heen,250,MM0 +
10.1894,heen,250,MM0 PING
10.1894,heen,250,MM1 PING
10.1895,heen,250,"#26,YAW,1.90,GYRO,-68,-125,15,ACC,-16,1,394,ADC,1199,391,6,2,"
10.1895,heen,250,MM0 ?A
10.1895,heen,250,MM0 A=4:0
10.1896,heen,250,MM1 ?A
10.1896,heen,250,MM1 A=4:0
10.1896,heen,250,MM0 !M 249 -251
10.1896,heen,250,MM1 !M 249 -251
10.1896,heen,250,MM0 +
10.1896,heen,250,MM1 +
10.1896,heen,250,"$GPRMC,130431.4,A,5050.50606,N,00419.37909,E,000.68,108.2,081026,000.4,E*59"
10.1896,heen,250,"#27,YAW,1.90,GYRO,-43,60,1,ACC,-8,13,301,ADC,1274,304,5,1,"
10.2114,heen,250,MM0 ?AI
10.2114,heen,250,MM1 ?AI
10.2114,heen,250,MM0 AI=0:0:2502:2452:0:0
10.2114,heen,250,MM1 AI=0:0:2361:2354:0:0
10.2114,heen,250,"#28,YAW,1.90,GYRO,6,153,7,ACC,16,-19,144,ADC,1237,381,5,2,"
10.2115,heen,250,MM0 ?C
10.2115,heen,250,MM1 ?C
10.2115,heen,250,MM0 C=348:-2326
10.2115,heen,250,MM1 C=497:-2578
10.2455,heen,250,MM0 !M 249 -251
10.2455,heen,250,MM1 !M 249 -251
10.2455,heen,250,MM0 +
10.2455,heen,250,MM1 +
10.2455,heen,250,"#29,YAW,1.90,GYRO,-14,23,7,ACC,12,-26,197,ADC,1217,332,5,1,"
10.2455,heen,250,MM0 ?D
10.2455,heen,250,MM1 ?D
10.2455,heen,250,MM0 D=16
10.2455,heen,250,MM1 D=33
10.2944,heen,250,"#30,YAW,1.90,GYRO,-47,-158,13,ACC,18,-8,288,ADC,1241,383,5,2,"
10.2944,heen,250,MM0 ?FF
10.2944,heen,250,MM1 ?FF
10.2944,heen,250,MM0 FF=0
10.2944,heen,250,MM1 FF=0
10.2944,heen,250,"#31,YAW,1.90,GYRO,-108,-11,-5,ACC,-18,9,361,ADC,1253,390,5,2,"
10.2944,heen,250,MM0 ?P
10.2944,heen,250,MM1 ?P
10.2944,heen,250,MM0 P=249:-251
10.2944,heen,250,MM1 P=249:-251
10.2944,heen,250,"#32,YAW,1.90,GYRO,83,165,7,ACC,9,-24,186,ADC,1281,388,5,1,"
10.2945,heen,250,MM0 ?S
10.2945,heen,250,MM1 ?S
10.2945,heen,250,MM0 S=225:-225
10.2945,heen,250,MM1 S=225:-225
10.3456,heen,250,"#33,YAW,1.90,GYRO,-41,53,-5,ACC,31,-15,233,ADC,1245,382,5,1,"
10.3456,heen,250,MM0 ?T
10.3456,heen,250,MM0 T=35:34
10.3456,heen,250,MM1 ?T
10.3456,heen,250,MM1 T=36:34
10.3456,heen,250,MM1 !M 250 -250
10.3456,heen,250,MM0 !M 250 -250
10.3456,heen,250,MM1 +
10.3456,heen,250,MM0 +
10.3456,heen,250,MM0 PING
10.3456,heen,250,MM1 PING
10.3456,heen,250,"#34,YAW,1.90,GYRO,41,-111,12,ACC,-8,-4,282,ADC,1247,388,4,3,"
10.3456,heen,250,MM0 ?V
10.3456,heen,250,MM1 ?V
10.3457,heen,250,MM0 V=120:223:4905
10.3457,heen,250,MM1 V=120:223:4900
10.3964,heen,250,"#35,YAW,1.90,GYRO,-100,-106,11,ACC,-5,24,400,ADC,1274,499,7,2,"
10.3965,heen,250,MM0 ?CR
10.3965,heen,250,MM1 ?CR
10.3965,heen,250,MM0 CR=59:-59
10.3965,heen,250,MM1 CR=59:-59
10.3965,heen,250,MM0 !M 250 -250
10.3965,heen,250,MM1 !M 250 -250
10.3965,heen,250,MM0 +
10.3965,heen,250,MM1 +
10.3965,heen,250,MM1 PING
10.3965,heen,250,MM0 PING
10.3965,heen,250,"#36,YAW,1.90,GYRO,98,84,17,ACC,10,-13,157,ADC,1244,407,4,2,"
10.3965,heen,250,MM0 ?A
10.3965,heen,250,MM1 ?A
10.3965,heen,250,MM0 A=0:-3
10.3965,heen,250,MM1 A=8:0
10.3965,heen,250,MM1 !M 250 -250
10.3965,heen,250,MM0 !M 250 -250
10.3965,heen,250,MM1 +
10.3965,heen,250,MM0 +
10.3965,heen,250,"$GPRMC,130431.6,A,5050.50603,N,00419.37923,E,000.68,108.2,081026,000.4,E*56"
10.3965,heen,250,"#37,YAW,1.90,GYRO,-41,27,-2,ACC,29,-26,248,ADC,1250,376,4,2,"
10.3966,heen,250,MM0 ?AI
10.3966,heen,250,MM1 ?AI
10.3966,heen,250,MM0 AI=0:0:2471:2448:0:0
10.4466,heen,250,MM1 AI=0:0:2370:2402:0:0
10.4466,heen,250,"#38,YAW,1.90,GYRO,69,-17,-4,ACC,-10,1,245,ADC,1254,381,5,2,"
10.4466,heen,250,MM0 ?C
10.4467,heen,250,MM1 ?C
10.4467,heen,250,MM0 C=407:-2384
10.4467,heen,250,MM1 C=557:-2637
10.4468,heen,250,MM0 !M 250 -250
10.4468,heen,250,MM1 !M 250 -250
10.4468,heen,250,MM0 +
10.4468,heen,250,MM1 +
10.4468,heen,250,"#39,YAW,1.90,GYRO,-148,100,-45,ACC,14,32,380,ADC,1249,318,3,2,"
10.4468,heen,250,MM0 ?D
10.4468,heen,250,MM1 ?D
10.4468,heen,250,MM0 D=34
10.4468,heen,250,MM1 D=1
10.4976,heen,250,"#40,YAW,1.90,GYRO,124,295,-26,ACC,8,-14,222,ADC,1250,391,6,2,"
10.4976,heen,250,MM0 ?FF
10.4977,heen,250,MM1 ?FF
10.4977,heen,250,MM0 FF=0
10.4977,heen,250,MM1 FF=0
10.4977,heen,250,"#41,YAW,1.90,GYRO,-58,-21,-7,ACC,9,-6,142,ADC,1264,501,4,2,"
10.4977,heen,250,MM0 ?P
10.4977,heen,250,MM1 ?P
10.4977,heen,250,MM0 P=250:-250
10.4977,heen,250,MM1 P=250:-250
10.4977,heen,250,MM1 !M 250 -250
10.4977,heen,250,MM0 !M 250 -250
10.4977,heen,250,MM1 +
10.4977,heen,250,MM0 +
10.4977,heen,250,"#42,YAW,1.90,GYRO,76,-75,13,ACC,8,-18,251,ADC,1256,388,5,2,"
10.4977,heen,250,MM0 ?S
10.4977,heen,250,MM1 ?S
10.4977,heen,250,MM0 S=225:-300
10.4977,heen,250,MM1 S=300:-225
10.5479,heen,250,"#43,YAW,1.90,GYRO,11,153,12,ACC,-12,23,494,ADC,1241,388,7,2,"
10.5480,heen,250,MM0 ?T
10.5480,heen,250,MM1 ?T
10.5480,heen,250,MM0 T=35:34
10.5480,heen,250,MM1 T=36:34
10.5480,heen,250,MM1 !M 250 -250
10.5480,heen,250,MM0 !M 250 -250
10.5480,heen,250,MM1 +
10.5480,heen,250,MM0 +
10.5480,heen,250,"#44,YAW,1.90,GYRO,-27,105,16,ACC,26,15,140,ADC,1275,338,6,2,"
10.5480,heen,250,MM0 ?V
10.5480,heen,250,MM1 ?V
10.5480,heen,250,MM0 V=120:223:4904
10.5480,heen,250,MM1 V=120:223:4898
10.5480,heen,250,"#45,YAW,1.90,GYRO,-20,-17,14,ACC,-3,7,135,ADC,1260,387,4,1,"
10.5983,heen,250,MM0 ?CR
10.5983,heen,250,MM1 ?CR
10.5983,heen,250,MM0 CR=59:-58
10.5983,heen,250,MM1 CR=59:-58
10.5983,heen,250,"#46,YAW,1.90,GYRO,-70,-160,-5,ACC,36,5,287,ADC,1241,387,4,2,"
10.5984,heen,250,MM0 ?A
10.5984,heen,250,MM1 ?A
10.5984,heen,250,MM0 A=4:0
10.5984,heen,250,MM1 A=4:0
10.5984,heen,250,"$GPRMC,130431.8,A,5050.50599,N,00419.37934,E,000.68,108.2,081026,000.4,E*5E"
10.5984,heen,250,"#47,YAW,1.90,GYRO,-51,-41,-23,ACC,-25,9,514,ADC,1267,339,6,1,"
10.5984,heen,250,MM1 ?AI
10.5984,heen,250,MM0 ?AI
10.5984,heen,250,MM1 AI=0:0:2352:2354:0:0
10.5984,heen,250,MM0 AI=0:0:2446:2324:0:0
10.6503,heen,250,"#48,YAW,1.90,GYRO,54,88,11,ACC,17,-32,147,ADC,1259,385,5,2,"
10.6503,heen,250,MM0 ?C
10.6503,heen,250,MM1 ?C
10.6503,heen,250,MM0 C=466:-2443
10.6503,heen,250,MM1 C=616:-2696
10.6504,heen,250,MM0 !M 250 -250
10.6504,heen,250,MM1 !M 250 -250
10.6504,heen,250,MM0 +
10.6504,heen,250,MM1 +
10.6504,heen,250,MM1 PING
10.6504,heen,250,MM0 PING
10.6504,heen,250,MM0 !M 250 -250
10.6505,heen,250,MM1 !M 250 -250
10.6505,heen,250,MM0 +
10.6505,heen,250,MM1 +
10.6505,heen,250,"#49,YAW,1.90,GYRO,-81,135,-7,ACC,0,-27,178,ADC,1245,323,5,1,"
10.6505,heen,250,MM0 ?D
10.6505,heen,250,MM1 ?D
10.6505,heen,250,MM0 D=11
10.6505,heen,250,MM1 D=24
10.6505,heen,250,"#50,YAW,1.90,GYRO,-33,-192,-3,ACC,-16,28,338,ADC,1300,496,5,2,"
10.6505,heen,250,MM0 ?FF
10.7003,heen,249,MM1 ?FF
10.7003,heen,249,MM0 FF=0
10.7003,heen,249,MM1 FF=0
10.7003,heen,249,"#51,YAW,1.90,GYRO,-10,206,-35,ACC,-42,23,450,ADC,1223,500,4,2,"
10.7004,heen,249,MM0 ?P
10.7004,heen,249,MM1 ?P
10.7004,heen,249,MM0 P=250:-250
10.7004,heen,249,MM1 P=250:-250
10.7004,heen,249,"#52,YAW,1.90,GYRO,32,131,-13,ACC,25,0,159,ADC,1266,407,5,1,"
10.7004,heen,249,MM0 ?S
10.7004,heen,249,MM1 ?S
10.7004,heen,249,MM0 S=225:-225
10.7004,heen,249,MM1 S=225:-225
10.7495,heen,244,"#53,YAW,1.90,GYRO,4,51,-9,ACC,-5,-22,167,ADC,1228,384,5,2,"
10.7495,heen,244,MM0 ?T
10.7495,heen,244,MM1 ?T
10.7495,heen,244,MM0 T=35:34
10.7495,heen,244,MM1 T=36:34
10.7495,heen,244,MM0 !M 249 -249
10.7495,heen,244,MM1 !M 249 -249
10.7495,heen,244,MM0 +
10.7495,heen,244,MM1 +
10.7495,heen,244,MM0 PING
10.7495,heen,244,MM1 PING
10.7496,heen,244,"#54,YAW,1.90,GYRO,10,-28,0,ACC,18,0,324,ADC,1245,388,7,2,"
10.7496,heen,244,MM0 !M 244 -244
10.7496,heen,244,MM0 +
10.7496,heen,244,MM1 !M 244 -244
10.7496,heen,244,MM1 +
10.7496,heen,244,MM1 ?V
10.7496,heen,244,MM0 ?V
10.7496,heen,244,MM1 V=120:223:4897
10.7496,heen,244,MM0 V=120:222:4905
10.7496,heen,244,"#55,YAW,1.90,GYRO,-25,231,-22,ACC,-18,32,415,ADC,1227,380,4,1,"
10.7496,heen,244,MM1 ?CR
10.7993,heen,237,MM0 ?CR
10.7993,heen,237,MM1 CR=59:-59
10.7993,heen,237,MM0 CR=60:-59
10.7993,heen,237,"#56,YAW,1.90,GYRO,22,64,13,ACC,41,-8,130,ADC,1250,395,5,2,"
10.7993,heen,237,MM0 ?A
10.7993,heen,237,MM1 ?A
10.7994,heen,237,MM1 A=4:-3
10.7994,heen,237,MM0 A=4:0
10.7994,heen,237,"$GPRMC,130432.0,A,5050.50600,N,00419.37947,E,000.68,175.0,081026,000.4,E*5A"
10.7994,heen,237,"#57,YAW,1.90,GYRO,-47,51,-4,ACC,3,9,213,ADC,1238,323,5,2,"
10.7994,heen,237,MM1 ?AI
10.7994,heen,237,MM0 ?AI
10.7994,heen,237,MM1 AI=0:0:2346:2356:0:0
10.7994,heen,237,MM0 AI=0:0:2433:2451:0:0
10.8547,heen,232,"#58,YAW,1.94,GYRO,-33,-34,-1,ACC,9,25,303,ADC,1256,408,4,1,"
10.8548,heen,232,MM0 ?C
10.8548,heen,232,MM1 ?C
10.8548,heen,232,MM0 C=525:-2502
10.8548,heen,232,MM1 C=674:-2754
10.8549,heen,232,MM0 !M 237 -237
10.8549,heen,232,MM1 !M 237 -237
10.8549,heen,232,MM0 +
10.8549,heen,232,MM1 +
10.8549,heen,232,MM0 PING
10.8549,heen,232,MM1 PING
10.8549,heen,232,"#59,YAW,1.94,GYRO,-133,-89,-28,ACC,-19,17,364,ADC,1277,502,5,2,"
10.8549,heen,232,MM1 ?D
10.8549,heen,232,MM0 ?D
10.8549,heen,232,MM1 D=35
10.8549,heen,232,MM0 D=49
10.8549,heen,232,MM0 !M 232 -232
10.8549,heen,232,MM1 !M 232 -232
10.8549,heen,232,MM0 +
10.8549,heen,232,MM1 +
10.8549,heen,232,"#60,YAW,1.94,GYRO,52,121,4,ACC,3,-17,153,ADC,1223,380,5,2,"
10.8550,heen,232,MM1 ?FF
10.8550,heen,232,MM0 ?FF
10.8550,heen,232,MM1 FF=0
10.8550,heen,232,MM0 FF=0
10.8898,heen,232,MM0 !M 232 -232
10.8898,heen,232,MM1 !M 232 -232
10.8898,heen,232,"#61,YAW,1.94,GYRO,-33,-64,20,ACC,7,-44,274,ADC,1225,388,7,2,"
10.8899,heen,232,MM0 +
10.8899,heen,232,MM1 +
10.8899,heen,232,MM1 ?P
10.8899,heen,232,MM0 ?P
10.8899,heen,232,MM1 P=232:-232
10.8899,heen,232,MM0 P=232:-232
10.8899,heen,232,"#62,YAW,1.94,GYRO,57,31,17,ACC,-6,0,271,ADC,1227,380,6,1,"
10.8899,heen,232,MM1 ?S
10.8899,heen,232,MM0 ?S
10.9094,heen,215,MM1 S=225:-150
10.9094,heen,215,MM0 S=225:-225
10.9094,heen,215,"#63,YAW,1.94,GYRO,-74,57,8,ACC,-16,36,371,ADC,1242,387,6,2,"
10.9094,heen,215,MM1 ?T
10.9094,heen,215,MM0 ?T
10.9094,heen,215,MM1 T=36:34
10.9434,heen,215,MM0 T=35:34
10.9434,heen,215,MM0 !M 215 -215
10.9435,heen,215,MM1 !M 215 -215
10.9435,heen,215,MM0 +
10.9435,heen,215,MM1 +
10.9435,heen,215,"#64,YAW,1.94,GYRO,46,147,0,ACC,-6,24,224,ADC,1211,379,5,2,"
10.9435,heen,215,MM1 ?V
10.9435,heen,215,MM0 ?V
10.9435,heen,215,MM1 V=120:222:4898
10.9435,heen,215,MM0 V=120:223:4906
10.9649,heen,210,"#65,YAW,1.94,GYRO,-19,41,9,ACC,1,-14,184,ADC,1265,401,7,1,"
10.9649,heen,210,MM1 ?CR
10.9650,heen,210,MM0 ?CR
10.9650,heen,210,MM1 CR=56:-56
10.9650,heen,210,MM0 CR=56:-56
10.9994,heen,210,"#66,YAW,1.94,GYRO,-12,-50,-6,ACC,-20,2,297,ADC,1231,382,6,2,"
10.9994,heen,210,MM1 ?A
10.9994,heen,210,MM0 ?A
10.9994,heen,210,MM1 A=0:0
10.9994,heen,210,MM0 A=0:0
10.9994,heen,210,"$GPRMC,130432.2,A,5050.50600,N,00419.37953,E,000.68,173.8,081026,000.4,E*53"
10.9994,heen,210,"#67,YAW,1.94,GYRO,-95,24,-18,ACC,-19,17,325,ADC,1267,334,5,1,"
10.9995,heen,210,MM1 ?AI
10.9995,heen,210,MM0 ?AI
10.9995,heen,210,MM1 AI=0:0:2357:2365:0:0
10.9995,heen,210,MM0 AI=0:0:2444:2439:0:0
11.0600,heen,202,"#68,YAW,1.99,GYRO,-21,152,13,ACC,-4,10,224,ADC,1242,392,5,1,"
11.0600,heen,202,MM1 ?C
11.0600,heen,202,MM0 ?C
11.0600,heen,202,MM1 C=729:-2809
11.0600,heen,202,MM0 C=580:-2556
11.0601,heen,202,MM0 !M 210 -210
11.0601,heen,202,MM1 !M 210 -210
11.0601,heen,202,MM0 +
11.0601,heen,202,MM1 +
11.0602,heen,202,MM1 PING
11.0602,heen,202,MM0 PING
11.0602,heen,202,"#69,YAW,1.98,GYRO,11,101,17,ACC,17,-15,198,ADC,1224,389,5,2,"
11.0602,heen,202,MM1 ?D
11.0602,heen,202,MM0 ?D
11.0602,heen,202,MM1 D=16
11.0602,heen,202,MM0 D=2
11.0602,heen,202,"#70,YAW,1.98,GYRO,46,49,-5,ACC,-17,-11,218,ADC,1214,390,5,2,"
11.0602,heen,202,MM1 ?FF
11.0602,heen,202,MM0 ?FF
11.0602,heen,202,MM1 FF=0
11.0602,heen,202,MM0 FF=0
11.0943,heen,202,MM0 !M 202 -202
11.0944,heen,202,MM1 !M 202 -202
11.0944,heen,202,MM0 +
11.0944,heen,202,MM1 +
11.0944,heen,202,"#71,YAW,1.99,GYRO,-78,31,-31,ACC,-11,28,357,ADC,1250,382,3,2,"
11.0944,heen,202,MM0 PING
11.0944,heen,202,MM1 PING
11.0944,heen,202,MM1 ?P
11.0944,heen,202,MM0 ?P
11.0944,heen,202,MM1 P=202:-202
11.0944,heen,202,MM0 P=202:-202
11.0944,heen,202,"#72,YAW,1.99,GYRO,29,165,-52,ACC,-19,4,269,ADC,1287,389,6,2,"
11.0944,heen,202,MM1 ?S
11.0944,heen,202,MM0 ?S
11.0944,heen,202,MM1 S=225:-150
11.0944,heen,202,MM0 S=150:-225
11.1153,heen,189,"#73,YAW,1.99,GYRO,16,63,-22,ACC,-16,-15,210,ADC,1271,503,7,1,"
11.1154,heen,189,MM1 ?T
11.1154,heen,189,MM0 ?T
11.1154,heen,189,MM1 T=36:34
11.1154,heen,189,MM0 T=35:34
11.1154,heen,189,MM0 !M 202 -202
11.1154,heen,189,MM1 !M 202 -202
11.1154,heen,189,MM0 +
11.1496,heen,189,MM1 +
11.1496,heen,189,MM1 PING
11.1496,heen,189,MM0 PING
11.1496,heen,189,"#74,YAW,1.99,GYRO,-3,41,-17,ACC,0,-8,193,ADC,1243,377,4,2,"
11.1497,heen,189,MM0 !M 189 -189
11.1497,heen,189,MM0 +
11.1497,heen,189,MM1 !M 189 -189
11.1497,heen,189,MM1 +
11.1497,heen,189,MM1 ?V
11.1497,heen,189,MM0 ?V
11.1497,heen,189,MM1 V=120:223:4900
11.1497,heen,189,MM0 V=120:224:4905
11.1497,heen,189,"#75,YAW,1.99,GYRO,49,9,-11,ACC,-10,-5,280,ADC,1238,501,4,2,"
11.1497,heen,189,MM1 ?CR
11.1497,heen,189,MM0 ?CR
11.2057,heen,182,MM1 CR=52:-51
11.2058,heen,182,MM0 CR=53:-52
11.2058,heen,182,"#76,YAW,1.99,GYRO,-36,68,-7,ACC,-19,8,337,ADC,1251,384,5,2,"
11.2058,heen,182,MM1 ?A
11.2058,heen,182,MM0 ?A
11.2058,heen,182,MM1 A=0:0
11.2058,heen,182,MM0 A=0:5
11.2058,heen,182,"$GPRMC,130432.4,A,5050.50600,N,00419.37961,E,000.68,172.6,081026,000.4,E*5B"
11.2058,heen,182,MM0 !M 182 -182
11.2058,heen,182,MM1 !M 182 -182
11.2058,heen,182,MM0 +
11.2058,heen,182,MM1 +
11.2058,heen,182,"#77,YAW,1.99,GYRO,14,66,5,ACC,-14,0,209,ADC,1222,301,5,1,"
11.2059,heen,182,MM1 ?AI
11.2059,heen,182,MM0 ?AI
11.2059,heen,182,MM1 AI=0:0:2337:2376:0:0
11.2059,heen,182,MM0 AI=0:0:2440:2457:0:0
11.2614,heen,177,"#78,YAW,2.03,GYRO,-42,85,-9,ACC,-13,2,226,ADC,1243,501,6,1,"
11.2615,heen,177,MM1 ?C
11.2615,heen,177,MM0 ?C
11.2615,heen,177,MM1 C=779:-2859
11.2615,heen,177,MM0 C=631:-2607
11.2616,heen,177,"#79,YAW,2.03,GYRO,-34,22,-12,ACC,-18,2,277,ADC,1254,387,7,2,"
11.2617,heen,177,MM1 ?D
11.2617,heen,177,MM0 ?D
11.2617,heen,177,MM0 D=59
11.2617,heen,177,MM1 D=3
11.2617,heen,177,MM0 !M 177 -177
11.2617,heen,177,MM1 !M 177 -177
11.2617,heen,177,MM0 +
11.2617,heen,177,MM1 +
11.2617,heen,177,"#80,YAW,2.03,GYRO,-69,-110,-6,ACC,-12,6,250,ADC,1280,390,4,2,"
11.2617,heen,177,MM1 ?FF
11.2617,heen,177,MM0 ?FF
11.2617,heen,177,MM1 FF=0
11.2617,heen,177,MM0 FF=0
11.2964,heen,177,"#81,YAW,2.03,GYRO,-31,48,2,ACC,-9,-3,282,ADC,1266,394,6,2,"
11.2965,heen,177,MM1 ?P
11.2965,heen,177,MM0 ?P
11.2965,heen,177,MM1 P=177:-177
11.2965,heen,177,MM0 P=177:-177
11.2965,heen,177,MM0 !M 177 -177
11.2965,heen,177,MM1 !M 177 -177
11.2965,heen,177,MM0 +
11.2965,heen,177,MM1 +
11.2965,heen,177,"#82,YAW,2.03,GYRO,-39,72,12,ACC,-9,4,230,ADC,1251,497,7,2,"
11.2965,heen,177,MM1 ?S
11.2965,heen,177,MM0 ?S
11.2965,heen,177,MM1 S=150:-150
11.2965,heen,177,MM0 S=150:-150
11.3173,heen,161,"#83,YAW,2.03,GYRO,-37,63,0,ACC,3,2,236,ADC,1296,388,6,1,"
11.3173,heen,161,MM1 ?T
11.3173,heen,161,MM0 ?T
11.3173,heen,161,MM1 T=36:34
11.3173,heen,161,MM0 T=35:34
11.3514,heen,161,"#84,YAW,2.03,GYRO,-25,50,-17,ACC,7,0,235,ADC,1233,392,5,2,"
11.3514,heen,161,MM0 ?V
11.3515,heen,161,MM1 ?V
11.3515,heen,161,MM0 V=120:224:4904
11.3515,heen,161,MM1 V=120:223:4898
11.3515,heen,161,MM0 !M 161 -161
11.3515,heen,161,MM1 !M 161 -161
11.3515,heen,161,MM0 +
11.3515,heen,161,MM1 +
11.3515,heen,161,"#85,YAW,2.03,GYRO,-49,-68,-17,ACC,-17,-1,240,ADC,1267,415,5,2,"
11.3515,heen,161,MM1 ?CR
11.3515,heen,161,MM0 ?CR
11.3515,heen,161,MM1 CR=45:-45
11.3515,heen,161,MM0 CR=46:-46
11.4056,heen,153,"#86,YAW,2.03,GYRO,-29,0,-7,ACC,-21,-2,279,ADC,1267,504,3,1,"
11.4056,heen,153,MM1 ?A
11.4056,heen,153,MM0 ?A
11.4056,heen,153,MM1 A=0:0
11.4056,heen,153,MM0 A=0:0
11.4056,heen,153,"$GPRMC,130432.6,A,5050.50596,N,00419.37967,E,000.68,171.5,081026,000.4,E*53"
11.4056,heen,153,MM1 !M 153 -153
11.4056,heen,153,MM0 !M 153 -153
11.4057,heen,153,MM1 +
11.4057,heen,153,MM0 +
11.4057,heen,153,"#87,YAW,2.03,GYRO,-32,46,-2,ACC,-6,-14,265,ADC,1213,331,3,1,"
11.4057,heen,153,MM0 ?AI
11.4057,heen,153,MM1 ?AI
11.4057,heen,153,MM0 AI=0:0:2449:2449:0:0
11.4057,heen,153,MM1 AI=0:0:2376:2366:0:0
11.4575,heen,148,"#88,YAW,2.07,GYRO,-14,61,7,ACC,-14,-10,241,ADC,1269,502,5,1,"
11.4575,heen,148,MM1 ?C
11.4575,heen,148,MM0 ?C
11.4575,heen,148,MM1 C=823:-2901
11.4576,heen,148,MM0 C=675:-2650
11.4577,heen,148,"#89,YAW,2.07,GYRO,4,106,-3,ACC,-2,-1,210,ADC,1287,500,4,1,"
11.4577,heen,148,MM1 ?D
11.4577,heen,148,MM0 ?D
11.4577,heen,148,MM1 D=49
11.4577,heen,148,MM0 D=33
11.4577,heen,148,MM0 !M 148 -148
11.4577,heen,148,MM1 !M 148 -148
11.4577,heen,148,MM0 +
11.4577,heen,148,MM1 +
11.4577,heen,148,"#90,YAW,2.07,GYRO,8,45,-11,ACC,-9,1,270,ADC,1232,383,5,2,"
11.4578,heen,148,MM1 ?FF
11.4578,heen,148,MM0 ?FF
11.4578,heen,148,MM1 FF=0
11.4578,heen,148,MM0 FF=0
11.5081,heen,138,"#91,YAW,2.07,GYRO,-13,15,-14,ACC,-5,3,272,ADC,1266,498,5,2,"
11.5082,heen,138,MM1 ?P
11.5082,heen,138,MM0 ?P
11.5082,heen,138,MM1 P=148:-148
11.5082,heen,138,MM0 P=148:-148
11.5082,heen,138,MM0 !M 138 -138
11.5082,heen,138,MM1 !M 138 -138
11.5082,heen,138,MM0 +
11.5082,heen,138,MM1 +
11.5082,heen,138,"#92,YAW,2.07,GYRO,27,-7,7,ACC,-8,2,258,ADC,1233,325,6,2,"
11.5082,heen,138,MM1 ?S
11.5082,heen,138,MM0 ?S
11.5082,heen,138,MM1 S=150:-150
11.5082,heen,138,MM0 S=150:-150
11.5082,heen,138,"#93,YAW,2.07,GYRO,-9,39,15,ACC,-12,8,266,ADC,1276,382,4,2,"
11.5082,heen,138,MM0 ?T
11.5573,heen,130,MM1 ?T
11.5573,heen,130,MM0 T=35:34
11.5573,heen,130,MM1 T=36:34
11.5573,heen,130,"#94,YAW,2.07,GYRO,11,43,15,ACC,-6,-5,241,ADC,1289,500,5,1,"
11.5573,heen,130,MM0 ?V
11.5573,heen,130,MM1 ?V
11.5573,heen,130,MM0 V=120:224:4905
11.5574,heen,130,MM1 V=120:223:4900
11.5574,heen,130,MM1 !M 130 -130
11.5574,heen,130,MM0 !M 130 -130
11.5574,heen,130,MM1 +
11.5574,heen,130,MM0 +
11.5574,heen,130,"#95,YAW,2.07,GYRO,-4,54,1,ACC,-11,1,238,ADC,1266,500,6,2,"
11.5574,heen,130,MM0 ?CR
11.5574,heen,130,MM1 ?CR
11.5574,heen,130,MM0 CR=38:-38
11.5574,heen,130,MM1 CR=39:-38
11.6075,heen,124,"#96,YAW,2.07,GYRO,5,65,-26,ACC,-9,0,249,ADC,1234,383,7,2,"
11.6076,heen,124,MM0 ?A
11.6076,heen,124,MM1 ?A
11.6076,heen,124,MM0 A=0:0
11.6076,heen,124,MM1 A=0:0
11.6076,heen,124,"$GPRMC,130432.8,A,5050.50597,N,00419.37977,E,000.67,170.3,081026,000.4,E*55"
11.6076,heen,124,"#97,YAW,2.07,GYRO,22,64,-39,ACC,2,-7,238,ADC,1253,310,6,2,"
11.6076,heen,124,MM0 ?AI
11.6076,heen,124,MM1 ?AI
11.6076,heen,124,MM0 AI=0:0:2444:2454:0:0
11.6076,heen,124,MM1 AI=0:0:2328:2352:0:0
11.6076,heen,124,"#98,YAW,2.11,GYRO,-11,98,-31,ACC,9,6,281,ADC,1240,395,3,2,"
11.6076,heen,124,MM0 ?C
11.6602,heen,116,MM1 ?C
11.6602,heen,116,MM0 C=711:-2685
11.6602,heen,116,MM1 C=859:-2937
11.6603,heen,116,MM1 !M 124 -124
11.6603,heen,116,MM0 !M 124 -124
11.6603,heen,116,MM1 +
11.6603,heen,116,MM0 +
11.6603,heen,116,MM1 PING
11.6603,heen,116,MM0 PING
11.6603,heen,116,"#99,YAW,2.11,GYRO,39,156,-18,ACC,2,12,282,ADC,1187,275,4,2,"
11.6603,heen,116,MM0 ?D
11.6603,heen,116,MM1 ?D
11.6604,heen,116,MM1 D=32
11.6604,heen,116,MM0 D=0
11.6604,heen,116,"#100,YAW,2.11,GYRO,-12,155,8,ACC,-15,6,240,ADC,1257,497,4,2,"
11.6604,heen,116,MM0 ?FF
11.6604,heen,116,MM1 ?FF
11.6604,heen,116,MM0 FF=0
11.6604,heen,116,MM1 FF=0
11.7115,heen,110,"#101,YAW,2.11,GYRO,-12,62,34,ACC,-17,11,284,ADC,1212,384,6,2,"
11.7115,heen,110,MM0 ?P
11.7115,heen,110,MM1 ?P
11.7115,heen,110,MM0 P=124:-124
11.7115,heen,110,MM1 P=124:-124
11.7115,heen,110,MM0 !M 116 -116
11.7115,heen,110,MM1 !M 116 -116
11.7115,heen,110,MM0 +
11.7115,heen,110,MM1 +
11.7115,heen,110,MM0 PING
11.7116,heen,110,MM1 PING
11.7116,heen,110,"#102,YAW,2.11,GYRO,-29,63,23,ACC,-5,8,231,ADC,1216,390,5,2,"
11.7116,heen,110,MM0 ?S
11.7116,heen,110,MM1 ?S
11.7116,heen,110,MM0 S=75:-150
11.7116,heen,110,MM1 S=150:-150
11.7116,heen,110,MM0 !M 110 -110
11.7116,heen,110,MM0 +
11.7116,heen,110,MM1 !M 110 -110
11.7116,heen,110,MM1 +
11.7116,heen,110,"#103,YAW,2.11,GYRO,7,86,-3,ACC,-18,-6,219,ADC,1277,384,5,2,"
11.7116,heen,110,MM0 ?T
11.7116,heen,110,MM1 ?T
11.7116,heen,110,MM0 T=35:34
11.7116,heen,110,MM1 T=36:34
11.7603,heen,101,"#104,YAW,2.11,GYRO,-1,46,-23,ACC,-5,-2,289,ADC,1230,384,5,2,"
11.7603,heen,101,MM0 ?V
11.7603,heen,101,MM1 ?V
11.7603,heen,101,MM0 V=120:224:4904
11.7603,heen,101,MM1 V=120:223:4898
11.7603,heen,101,"#105,YAW,2.11,GYRO,18,49,-30,ACC,7,6,267,ADC,1245,389,6,2,"
11.7604,heen,101,MM0 ?CR
11.7604,heen,101,MM1 ?CR
11.7604,heen,101,MM0 CR=31:-31
11.7604,heen,101,MM1 CR=31:-31
11.8136,heen,94,"#106,YAW,2.11,GYRO,17,26,-15,ACC,6,0,217,ADC,1216,381,7,3,"
11.8137,heen,94,MM0 ?A
11.8137,heen,94,MM1 ?A
11.8137,heen,94,MM0 A=0:0
11.8137,heen,94,MM1 A=0:0
11.8137,heen,94,MM0 !M 101 -101
11.8137,heen,94,MM1 !M 101 -101
11.8137,heen,94,MM0 +
11.8137,heen,94,MM1 +
11.8137,heen,94,MM0 PING
11.8137,heen,94,MM1 PING
11.8137,heen,94,"$GPRMC,130433.0,A,5050.50600,N,00419.37984,E,000.67,169.2,081026,000.4,E*54"
11.8137,heen,94,"#107,YAW,2.11,GYRO,25,19,12,ACC,-27,3,301,ADC,1222,319,7,1,"
11.8137,heen,94,MM0 ?AI
11.8137,heen,94,MM1 ?AI
11.8137,heen,94,MM0 AI=0:0:2424:2475:0:0
11.8137,heen,94,MM1 AI=0:0:2365:2408:0:0
11.8137,heen,94,MM0 !M 94 -94
11.8137,heen,94,MM1 !M 94 -94
11.8137,heen,94,MM0 +
11.8137,heen,94,MM1 +
11.8137,heen,94,"#108,YAW,2.15,GYRO,0,86,34,ACC,-23,9,286,ADC,1261,381,3,2,"
11.8138,heen,94,MM0 ?C
11.8138,heen,94,MM1 ?C
11.8138,heen,94,MM0 C=740:-2715
11.8138,heen,94,MM1 C=888:-2967
11.8495,heen,94,MM0 !M 94 -94
11.8495,heen,94,MM1 !M 94 -94
11.8495,heen,94,MM0 +
11.8495,heen,94,MM1 +
11.8495,heen,94,"#109,YAW,2.15,GYRO,-26,37,29,ACC,-10,3,232,ADC,1286,354,5,1,"
11.8495,heen,94,MM0 ?D
11.8495,heen,94,MM1 ?D
11.8495,heen,94,MM0 D=41
11.8495,heen,94,MM1 D=49
11.8495,heen,94,"#110,YAW,2.15,GYRO,-39,19,6,ACC,-26,7,261,ADC,1235,385,5,1,"
11.8496,heen,94,MM0 ?FF
11.8496,heen,94,MM1 ?FF
11.8693,heen,80,MM0 FF=0
11.8693,heen,80,MM1 FF=0
11.8693,heen,80,"#111,YAW,2.15,GYRO,-25,39,-18,ACC,-20,0,258,ADC,1282,499,4,2,"
11.8694,heen,80,MM0 ?P
11.8694,heen,80,MM1 ?P
11.8904,heen,80,MM0 P=94:-94
11.8904,heen,80,MM1 P=94:-94
11.8904,heen,80,"#112,YAW,2.15,GYRO,-43,-16,-31,ACC,-8,8,264,ADC,1241,382,5,2,"
11.8905,heen,80,MM0 ?S
11.8905,heen,80,MM1 ?S
11.8905,heen,80,MM0 S=75:-75
11.9111,heen,80,MM1 S=75:-75
11.9111,heen,80,MM1 !M 81 -79
11.9111,heen,80,MM0 !M 81 -79
11.9111,heen,80,MM1 +
11.9111,heen,80,MM0 +
11.9111,heen,80,"#113,YAW,2.15,GYRO,-41,-60,-26,ACC,-9,-2,242,ADC,1269,399,4,2,"
11.9111,heen,80,MM0 ?T
11.9111,heen,80,MM1 ?T
11.9111,heen,80,MM0 T=35:34
11.9111,heen,80,MM1 T=36:34
11.9704,heen,71,"#114,YAW,2.15,GYRO,-17,-11,-11,ACC,-21,3,242,ADC,1279,383,3,2,"
11.9704,heen,71,MM0 ?V
11.9704,heen,71,MM1 ?V
11.9704,heen,71,MM0 V=120:223:4905
11.9704,heen,71,MM1 V=120:224:4898
11.9704,heen,71,MM0 !M 71 -71
11.9704,heen,71,MM1 !M 71 -71
11.9704,heen,71,MM0 +
11.9704,heen,71,MM1 +
11.9704,heen,71,"#115,YAW,2.15,GYRO,-21,-46,6,ACC,-6,11,256,ADC,1285,501,5,2,"
11.9704,heen,71,MM0 ?CR
11.9704,heen,71,MM1 ?CR
11.9704,heen,71,MM0 CR=24:-24
11.9705,heen,71,MM1 CR=24:-24
11.9844,heen,71,"#116,YAW,2.15,GYRO,7,-11,28,ACC,-9,-1,262,ADC,1219,392,4,2,"
11.9844,heen,71,MM0 ?A
11.9844,heen,71,MM1 ?A
11.9845,heen,71,MM0 A=0:5
11.9845,heen,71,MM1 A=0:0
11.9845,heen,71,"$GPRMC,130433.2,A,5050.50605,N,00419.37994,E,000.66,168.0,081026,000.4,E*50"
11.9845,heen,71,MM0 !M 71 -71
11.9845,heen,71,MM1 !M 71 -71
12.0055,heen,71,MM0 +
12.0055,heen,71,MM1 +
12.0055,heen,71,"#117,YAW,2.15,GYRO,-11,-5,34,ACC,-14,2,248,ADC,1250,338,5,1,"
12.0056,heen,71,MM0 ?AI
12.0056,heen,71,MM1 ?AI
12.0056,heen,71,MM0 AI=0:0:2429:2442:0:0
12.0056,heen,71,MM1 AI=0:0:2358:2332:0:0
12.0263,heen,60,"#118,YAW,2.18,GYRO,-3,-6,20,ACC,-9,-2,249,ADC,1239,382,4,1,"
12.0264,heen,60,MM0 ?C
12.0264,heen,60,MM1 ?C
12.0264,heen,60,MM0 C=762:-2737
12.0264,heen,60,MM1 C=909:-2988
12.0604,heen,60,"#119,YAW,2.18,GYRO,-18,20,1,ACC,-8,-1,259,ADC,1283,385,5,2,"
12.0604,heen,60,MM0 ?D
12.0604,heen,60,MM1 ?D
12.0605,heen,60,MM0 D=33
12.0605,heen,60,MM1 D=49
12.0605,heen,60,MM0 !M 61 -59
12.0605,heen,60,MM1 !M 61 -59
12.0605,heen,60,MM0 +
12.0605,heen,60,MM1 +
12.0605,heen,60,"#120,YAW,2.18,GYRO,-13,38,-4,ACC,-9,0,250,ADC,1238,385,6,1,"
12.0605,heen,60,MM0 ?FF
12.0605,heen,60,MM1 ?FF
12.0605,heen,60,MM0 FF=0
12.0605,heen,60,MM1 FF=0
12.1135,heen,60,"#121,YAW,2.18,GYRO,-16,45,-7,ACC,-11,-1,247,ADC,1288,501,5,1,"
12.1136,heen,60,MM0 ?P
12.1136,heen,60,MM1 ?P
12.1136,heen,60,MM0 P=61:-59
12.1137,heen,60,MM1 P=61:-59
12.1137,heen,60,"#122,YAW,2.18,GYRO,-10,50,-2,ACC,-2,2,244,ADC,1265,498,5,2,"
12.1137,heen,60,MM0 ?S
12.1137,heen,60,MM1 ?S
12.1137,heen,60,MM0 S=0:0
12.1137,heen,60,MM1 S=0:-75
12.1137,heen,60,MM0 !M 61 -59
12.1137,heen,60,MM1 !M 61 -59
12.1137,heen,60,MM0 +
12.1137,heen,60,MM1 +
12.1137,heen,60,"#123,YAW,2.18,GYRO,-16,45,3,ACC,-5,8,263,ADC,1268,501,5,2,"
12.1137,heen,60,MM0 ?T
12.1137,heen,60,MM1 ?T
12.1138,heen,60,MM0 T=35:34
12.1138,heen,60,MM1 T=36:34
12.1635,heen,60,"#124,YAW,2.18,GYRO,-18,38,6,ACC,-7,7,253,ADC,1216,387,4,2,"
12.1635,heen,60,MM0 ?V
12.1635,heen,60,MM1 ?V
12.1635,heen,60,MM0 V=120:223:4904
12.1635,heen,60,MM1 V=120:222:4898
12.1635,heen,60,MM0 !M 61 -59
12.1635,heen,60,MM1 !M 61 -59
12.1635,heen,60,MM0 +
12.1635,heen,60,MM1 +
12.1635,heen,60,"#125,YAW,2.18,GYRO,-21,44,2,ACC,-6,4,262,ADC,1229,389,5,2,"
12.1636,heen,60,MM0 ?CR
12.1636,heen,60,MM1 ?CR
12.1636,heen,60,MM0 CR=15:-15
12.1636,heen,60,MM1 CR=15:-15
12.2144,heen,60,"#126,YAW,2.18,GYRO,-17,43,-7,ACC,5,6,260,ADC,1273,386,5,2,"
12.2145,heen,60,MM0 ?A
12.2145,heen,60,MM1 ?A
12.2145,heen,60,MM0 A=0:0
12.2145,heen,60,MM1 A=0:0
12.2145,heen,60,"$GPRMC,130433.4,A,5050.50606,N,00419.38001,E,000.64,166.8,081026,000.4,E*5B"
12.2145,heen,60,"#127,YAW,2.18,GYRO,-22,27,-21,ACC,3,0,257,ADC,1249,325,4,1,"
12.2145,heen,60,MM0 ?AI
12.2145,heen,60,MM1 ?AI
12.2145,heen,60,MM0 AI=0:0:2426:2457:0:0
12.2145,heen,60,MM1 AI=0:0:2337:2362:0:0
12.2145,heen,60,MM1 !M 61 -59
12.2145,heen,60,MM0 !M 61 -59
12.2145,heen,60,MM1 +
12.2145,heen,60,MM0 +
12.2145,heen,60,"#128,YAW,2.21,GYRO,-18,27,-21,ACC,1,1,255,ADC,1281,500,7,2,"
12.2145,heen,60,MM0 ?C
12.2145,heen,60,MM1 ?C
12.2145,heen,60,MM0 C=775:-2750
12.2145,heen,60,MM1 C=922:-3001
12.2644,heen,60,"#129,YAW,2.21,GYRO,-23,45,-11,ACC,8,2,246,ADC,1247,382,6,1,"
12.2645,heen,60,MM0 ?D
12.2645,heen,60,MM1 ?D
12.2645,heen,60,MM0 D=51
12.2645,heen,60,MM1 D=17
12.2645,heen,60,MM1 !M 61 -59
12.2645,heen,60,MM0 !M 61 -59
12.2645,heen,60,MM1 +
12.2645,heen,60,MM0 +
12.2645,heen,60,"#130,YAW,2.22,GYRO,-20,30,-7,ACC,6,2,254,ADC,1252,388,5,1,"
12.2645,heen,60,MM0 ?FF
12.2645,heen,60,MM1 ?FF
12.2645,heen,60,MM0 FF=0
12.2645,heen,60,MM1 FF=0
12.3154,heen,0,"#131,YAW,2.21,GYRO,-19,30,12,ACC,25,3,266,ADC,1257,502,7,1,"
12.3155,heen,0,MM0 ?P
12.3155,heen,0,MM1 ?P
12.3155,heen,0,MM0 P=61:-59
12.3155,heen,0,MM1 P=61:-59
12.3155,heen,0,"#132,YAW,2.21,GYRO,-24,40,-1,ACC,-1,6,253,ADC,1258,387,4,2,"
12.3155,heen,0,MM0 ?S
12.3155,heen,0,MM1 ?S
12.3155,heen,0,MM0 S=0:-75
12.3155,heen,0,MM1 S=0:-75
12.3155,heen,0,MM1 !M 0 0
12.3155,heen,0,MM0 !M 0 0
12.3155,heen,0,MM1 +
12.3155,heen,0,MM0 +
12.3155,heen,0,"#133,YAW,2.21,GYRO,-9,47,15,ACC,2,4,257,ADC,1252,491,5,2,"
12.3156,heen,0,MM0 ?T
12.3156,heen,0,MM1 ?T
12.3156,heen,0,MM0 T=35:34
12.3156,heen,0,MM1 T=36:34
12.3656,heen,0,"#134,YAW,2.21,GYRO,-24,55,0,ACC,-12,-7,252,ADC,1237,391,4,2,"
12.3656,heen,0,MM0 ?V
12.3656,heen,0,MM1 ?V
12.3656,heen,0,MM0 V=120:223:4905
12.3656,heen,0,MM1 V=120:223:4899
12.3656,heen,0,MM1 !M 0 0
12.3656,heen,0,MM0 !M 0 0
12.3656,heen,0,MM1 +
12.3656,heen,0,MM0 +
12.3656,heen,0,"#135,YAW,2.21,GYRO,-7,121,-21,ACC,-36,1,236,ADC,1265,404,4,2,"
12.3657,heen,0,MM0 ?CR
12.3657,heen,0,MM1 ?CR
12.3657,heen,0,MM0 CR=9:-9
12.3657,heen,0,MM1 CR=8:-9
12.4174,heen,0,"#136,YAW,2.21,GYRO,-17,15,0,ACC,-24,-3,258,ADC,1255,391,5,2,"
12.4174,heen,0,MM0 ?A
12.4175,heen,0,MM1 ?A
12.4175,heen,0,MM0 A=0:0
12.4175,heen,0,MM1 A=0:0
12.4175,heen,0,"$GPRMC,130433.6,A,5050.50606,N,00419.38006,E,000.63,165.6,081026,000.4,E*54"
12.4175,heen,0,"#137,YAW,2.21,GYRO,-17,38,-5,ACC,-11,2,255,ADC,1262,338,4,1,"
12.4175,heen,0,MM0 ?AI
12.4175,heen,0,MM1 ?AI
12.4175,heen,0,MM0 AI=0:0:2432:2450:0:0
12.4175,heen,0,MM1 AI=0:0:2348:2372:0:0
12.4175,heen,0,MM1 !M 0 0
12.4175,heen,0,MM0 !M 0 0
12.4175,heen,0,MM1 +
12.4175,heen,0,MM0 +
12.4175,heen,0,"#138,YAW,2.25,GYRO,-12,64,-9,ACC,-20,0,251,ADC,1299,401,3,1,"
12.4175,heen,0,MM0 ?C
12.4175,heen,0,MM1 ?C
12.4175,heen,0,MM0 C=781:-2757
12.4175,heen,0,MM1 C=929:-3007
12.4665,heen,0,"#139,YAW,2.25,GYRO,-18,43,-8,ACC,-11,-2,264,ADC,1236,389,4,2,"
12.4665,heen,0,MM0 ?D
12.4665,heen,0,MM1 ?D
12.4665,heen,0,MM1 D=34
12.4665,heen,0,MM0 D=2
12.4665,heen,0,MM1 !M 0 0
12.4665,heen,0,MM0 !M 0 0
12.4665,heen,0,MM1 +
12.4665,heen,0,MM0 +
12.4665,heen,0,"#140,YAW,2.25,GYRO,-13,44,0,ACC,-9,2,259,ADC,1291,391,5,2,"
12.4666,heen,0,MM0 ?FF
12.4666,heen,0,MM1 ?FF
12.4666,heen,0,MM0 FF=0
12.4666,heen,0,MM1 FF=0
12.5164,heen,0,"#141,YAW,2.25,GYRO,-16,43,-1,ACC,-5,2,258,ADC,1227,393,5,1,"
12.5165,heen,0,MM0 ?P
12.5165,heen,0,MM1 ?P
12.5165,heen,0,MM0 P=0:0
12.5165,heen,0,MM1 P=0:0
12.5165,heen,0,"#142,YAW,2.25,GYRO,-14,34,-10,ACC,2,6,260,ADC,1253,402,7,2,"
12.5165,heen,0,MM0 ?S
12.5165,heen,0,MM1 ?S
12.5165,heen,0,MM0 S=0:0
12.5165,heen,0,MM1 S=0:0
12.5165,heen,0,MM1 !M 0 0
12.5165,heen,0,MM0 !M 0 0
12.5165,heen,0,MM1 +
12.5165,heen,0,MM0 +
12.5165,heen,0,"#143,YAW,2.25,GYRO,-11,50,-12,ACC,2,7,253,ADC,1228,393,6,2,"
12.5165,heen,0,MM0 ?T
12.5165,heen,0,MM1 ?T
12.5165,heen,0,MM0 T=35:34
12.5165,heen,0,MM1 T=36:34
12.5675,heen,0,"#144,YAW,2.25,GYRO,-13,44,-10,ACC,6,1,260,ADC,1236,384,7,2,"
12.5675,heen,0,MM0 ?V
12.5675,heen,0,MM1 ?V
12.5675,heen,0,MM0 V=120:224:4903
12.5676,heen,0,MM1 V=120:222:4899
12.5676,heen,0,MM0 !M 0 0
12.5676,heen,0,MM1 !M 0 0
12.5676,heen,0,MM0 +
12.5676,heen,0,MM1 +
12.5676,heen,0,"#145,YAW,2.25,GYRO,-13,45,0,ACC,7,0,254,ADC,1244,331,6,2,"
12.5676,heen,0,MM0 ?CR
12.5676,heen,0,MM1 ?CR
12.5676,heen,0,MM0 CR=1:-2
12.5676,heen,0,MM1 CR=2:-2
12.5676,heen,0,"#146,YAW,2.25,GYRO,-12,45,1,ACC,9,2,256,ADC,1258,390,5,2,"
12.5676,heen,0,MM0 ?A
12.6184,heen,0,MM1 ?A
12.6184,heen,0,MM0 A=0:0
12.6184,heen,0,MM1 A=0:0
12.6184,heen,0,"$GPRMC,130433.8,A,5050.50607,N,00419.38010,E,000.62,164.4,081026,000.4,E*5E"
12.6184,heen,0,"#147,YAW,2.25,GYRO,-14,46,-3,ACC,9,2,259,ADC,1272,324,5,2,"
12.6185,heen,0,MM0 ?AI
12.6185,heen,0,MM1 ?AI
12.6185,heen,0,MM0 AI=0:0:2440:2465:0:0
12.6185,heen,0,MM1 AI=0:0:2379:2371:0:0
12.6185,heen,0,MM0 !M 0 0
12.6185,heen,0,MM1 !M 0 0
12.6185,heen,0,MM0 +
12.6185,heen,0,MM1 +
12.6185,heen,0,"#148,YAW,2.28,GYRO,-13,45,-10,ACC,8,1,254,ADC,1225,385,4,2,"
12.6185,heen,0,MM0 ?C
12.6185,heen,0,MM1 ?C
12.6185,heen,0,MM0 C=781:-2757
12.6185,heen,0,MM1 C=929:-3008
12.6674,heen,0,"#149,YAW,2.28,GYRO,-12,42,-11,ACC,11,0,255,ADC,1214,501,4,2,"
12.6675,heen,0,MM0 ?D
12.6675,heen,0,MM1 ?D
12.6675,heen,0,MM1 D=34
12.6675,heen,0,MM0 D=2
12.6675,heen,0,MM1 !M 0 0
12.6675,heen,0,MM0 !M 0 0
12.6675,heen,0,MM1 +
12.6675,heen,0,MM0 +
12.6675,heen,0,"#150,YAW,2.28,GYRO,-13,45,-7,ACC,9,4,254,ADC,1264,337,6,2,"
12.6675,heen,0,MM0 ?FF
12.6675,heen,0,MM1 ?FF
12.6675,heen,0,MM0 FF=0
12.6675,heen,0,MM1 FF=0
12.6675,heen,0,"#151,YAW,2.28,GYRO,-12,45,-3,ACC,7,3,257,ADC,1210,385,5,2,"
12.6675,heen,0,MM0 ?P
12.7184,heen,0,MM1 ?P
12.7184,heen,0,MM0 P=0:0
12.7184,heen,0,MM1 P=0:0
12.7184,heen,0,"#152,YAW,2.28,GYRO,-13,46,0,ACC,9,1,256,ADC,1278,393,5,2,"
12.7184,heen,0,MM0 ?S
12.7184,heen,0,MM1 ?S
12.7184,heen,0,MM0 S=0:0
12.7184,heen,0,MM1 S=0:0
12.7184,heen,0,MM0 !M 0 0
12.7184,heen,0,MM1 !M 0 0
12.7185,heen,0,MM0 +
12.7185,heen,0,MM1 +
12.7185,heen,0,"#153,YAW,2.28,GYRO,-13,46,-3,ACC,12,1,258,ADC,1247,393,6,2,"
12.7185,heen,0,MM0 ?T
12.7185,heen,0,MM1 ?T
12.7185,heen,0,MM0 T=35:34
12.7185,heen,0,MM1 T=36:34
12.7687,heen,0,"#154,YAW,2.28,GYRO,-14,45,-6,ACC,10,1,261,ADC,1225,386,5,2,"
12.7688,heen,0,MM0 ?V
12.7688,heen,0,MM1 ?V
12.7688,heen,0,MM0 V=120:224:4902
12.7688,heen,0,MM1 V=120:223:4899
12.7688,heen,0,MM0 !M 0 0
12.7688,heen,0,MM1 !M 0 0
12.7688,heen,0,MM0 +
12.7688,heen,0,MM1 +
12.7688,heen,0,"#155,YAW,2.28,GYRO,-14,48,-9,ACC,7,2,252,ADC,1253,311,4,2,"
12.7688,heen,0,MM0 ?CR
12.7688,heen,0,MM1 ?CR
12.7688,heen,0,MM0 CR=0:0
12.7688,heen,0,MM1 CR=0:0
12.7688,heen,0,"#156,YAW,2.28,GYRO,-13,45,-7,ACC,8,4,258,ADC,1242,497,4,1,"
12.7688,heen,0,MM0 ?A
12.7688,heen,0,MM1 ?A
12.8194,heen,0,MM0 A=0:0
12.8194,heen,0,MM1 A=0:0
12.8195,heen,0,"$GPRMC,130434.0,A,5050.50607,N,00419.38013,E,000.61,163.3,081026,000.4,E*51"
12.8195,heen,0,"#157,YAW,2.28,GYRO,-14,45,-5,ACC,9,2,258,ADC,1251,351,5,1,"
12.8195,heen,0,MM0 ?AI
12.8195,heen,0,MM1 ?AI
12.8195,heen,0,MM0 AI=0:0:2446:2459:0:0
12.8195,heen,0,MM1 AI=0:0:2359:2352:0:0
12.8195,heen,0,MM0 !M 0 0
12.8195,heen,0,MM1 !M 0 0
12.8195,heen,0,MM0 +
12.8196,heen,0,MM1 +
12.8196,heen,0,"#158,YAW,2.30,GYRO,-13,46,-2,ACC,5,1,255,ADC,1264,500,7,2,"
12.8196,heen,0,MM0 ?C
12.8196,heen,0,MM1 ?C
12.8196,heen,0,MM0 C=781:-2757
12.8196,heen,0,MM1 C=929:-3008
12.8696,heen,60,"#159,YAW,2.30,GYRO,-14,47,-5,ACC,6,0,256,ADC,1217,381,6,2,"
12.8696,heen,60,MM0 ?D
12.8696,heen,60,MM1 ?D
12.8696,heen,60,MM1 D=34
12.8696,heen,60,MM0 D=2
12.8696,heen,60,"#160,YAW,2.30,GYRO,-13,46,-6,ACC,5,2,260,ADC,1249,388,4,2,"
12.8697,heen,60,MM0 !M 61 -59
12.8697,heen,60,MM0 +
12.8697,heen,60,MM1 !M 61 -59
12.8697,heen,60,MM1 +
12.8697,heen,60,MM1 ?FF
12.8697,heen,60,MM0 ?FF
12.8697,heen,60,MM1 FF=0
12.8697,heen,60,MM0 FF=0
12.8697,heen,60,"#161,YAW,2.30,GYRO,-11,42,-9,ACC,-30,34,264,ADC,1248,391,6,2,"
12.8697,heen,60,MM0 ?P
12.8697,heen,60,MM1 ?P
12.9565,heen,0,MM0 P=61:-59
12.9565,heen,0,MM1 P=61:-59
12.9565,heen,0,"#162,YAW,2.30,GYRO,-19,22,10,ACC,26,-1,258,ADC,1224,384,3,1,"
12.9565,heen,0,MM0 ?S
12.9565,heen,0,MM1 ?S
12.9565,heen,0,MM0 S=0:0
12.9565,heen,0,MM1 S=0:0
12.9565,heen,0,MM1 !M 61 -59
12.9565,heen,0,MM0 !M 61 -59
12.9565,heen,0,MM1 +
12.9566,heen,0,MM0 +
12.9566,heen,0,"#163,YAW,2.30,GYRO,-13,72,-14,ACC,27,3,265,ADC,1273,393,5,2,"
12.9566,heen,0,MM0 ?T
12.9566,heen,0,MM1 ?T
12.9566,heen,0,MM0 T=35:34
12.9566,heen,0,MM1 T=36:34
12.9566,heen,0,"#164,YAW,2.30,GYRO,-21,46,-25,ACC,17,2,258,ADC,1232,384,5,2,"
12.9566,heen,0,MM0 ?V
12.9566,heen,0,MM1 ?V
12.9566,heen,0,MM0 V=120:224:4904
12.9566,heen,0,MM1 V=120:224:4898
12.9566,heen,0,MM0 !M 0 0
12.9566,heen,0,MM1 !M 0 0
12.9566,heen,0,MM0 +
12.9566,heen,0,MM1 +
12.9566,heen,0,"#165,YAW,2.30,GYRO,-12,44,-7,ACC,-1,-2,254,ADC,1252,387,6,1,"
12.9566,heen,0,MM1 ?CR
12.9566,heen,0,MM0 ?CR
12.9566,heen,0,MM1 CR=2:-1
12.9566,heen,0,MM0 CR=2:-2
13.0085,heen,0,"#166,YAW,2.30,GYRO,-9,63,1,ACC,0,6,259,ADC,1241,498,6,2,"
13.0086,heen,0,MM0 ?A
13.0086,heen,0,MM1 ?A
13.0086,heen,0,MM0 A=0:0
13.0086,heen,0,MM1 A=0:0
13.0086,heen,0,"$GPRMC,130434.2,A,5050.50605,N,00419.38011,E,000.60,162.3,081026,000.4,E*53"
13.0086,heen,0,MM0 !M 0 0
13.0086,heen,0,MM1 !M 0 0
13.0086,heen,0,MM0 +
13.0086,heen,0,MM1 +
13.0086,heen,0,"#167,YAW,2.30,GYRO,-16,49,3,ACC,2,5,263,ADC,1265,306,4,1,"
13.0086,heen,0,MM0 ?AI
13.0086,heen,0,MM1 ?AI
13.0086,heen,0,MM0 AI=0:0:2428:2452:0:0
13.0086,heen,0,MM1 AI=0:0:2357:2299:0:0
13.0086,heen,0,"#168,YAW,2.33,GYRO,-9,68,0,ACC,-11,4,250,ADC,1263,390,4,2,"
13.0086,heen,0,MM0 ?C
13.0086,heen,0,MM1 ?C
13.0573,heen,0,MM0 C=783:-2759
13.0573,heen,0,MM1 C=931:-3010
13.0574,heen,0,"#169,YAW,2.33,GYRO,-16,41,-8,ACC,-22,0,256,ADC,1243,381,4,2,"
13.0574,heen,0,MM0 ?D
13.0574,heen,0,MM1 ?D
13.0574,heen,0,MM0 D=49
13.0575,heen,0,MM1 D=17
13.0575,heen,0,MM0 !M 0 0
13.0575,heen,0,MM1 !M 0 0
13.0575,heen,0,MM0 +
13.0575,heen,0,MM1 +
13.0575,heen,0,"#170,YAW,2.33,GYRO,-11,46,-11,ACC,-10,1,253,ADC,1279,500,6,2,"
13.0575,heen,0,MM0 ?FF
13.0575,heen,0,MM1 ?FF
13.0575,heen,0,MM0 FF=0
13.0575,heen,0,MM1 FF=0
13.1084,heen,0,"#171,YAW,2.33,GYRO,-16,39,-10,ACC,-7,5,256,ADC,1212,381,5,1,"
13.1085,heen,0,MM0 ?P
13.1085,heen,0,MM1 ?P
13.1085,heen,0,MM0 P=0:0
13.1085,heen,0,MM1 P=0:0
13.1085,heen,0,MM0 !M 0 0
13.1085,heen,0,MM1 !M 0 0
13.1085,heen,0,MM0 +
13.1085,heen,0,MM1 +
13.1085,heen,0,"#172,YAW,2.33,GYRO,-12,46,-6,ACC,-1,4,262,ADC,1242,311,5,2,"
13.1085,heen,0,MM1 ?S
13.1085,heen,0,MM0 ?S
13.1085,heen,0,MM0 S=0:0
13.1085,heen,0,MM1 S=0:0
13.1085,heen,0,"#173,YAW,2.33,GYRO,-15,42,0,ACC,3,1,254,ADC,1219,386,5,2,"
13.1085,heen,0,MM0 ?T
13.1086,heen,0,MM1 ?T
13.1584,heen,0,MM0 T=35:34
13.1584,heen,0,MM1 T=36:34
13.1584,heen,0,"#174,YAW,2.33,GYRO,-14,48,-1,ACC,7,2,258,ADC,1233,394,5,2,"
13.1584,heen,0,MM0 ?V
13.1584,heen,0,MM1 ?V
13.1584,heen,0,MM0 V=120:223:4906
13.1584,heen,0,MM1 V=120:223:4899
13.1584,heen,0,MM0 !M 0 0
13.1584,heen,0,MM1 !M 0 0
13.1584,heen,0,MM0 +
13.1584,heen,0,MM1 +
13.1584,heen,0,"#175,YAW,2.33,GYRO,-13,48,-7,ACC,8,2,259,ADC,1291,389,4,2,"
13.1584,heen,0,MM0 ?CR
13.1584,heen,0,MM1 ?CR
13.1584,heen,0,MM1 CR=0:-1
13.1584,heen,0,MM0 CR=1:0
13.2084,heen,0,"#176,YAW,2.33,GYRO,-12,42,-10,ACC,7,3,258,ADC,1247,392,5,2,"
13.2084,heen,0,MM1 ?A
13.2084,heen,0,MM0 ?A
13.2084,heen,0,MM1 A=0:0
13.2084,heen,0,MM0 A=0:0
13.2084,heen,0,"$GPRMC,130434.4,A,5050.50607,N,00419.38011,E,000.59,161.3,081026,000.4,E*5E"
13.2084,heen,0,MM0 !M 0 0
13.2084,heen,0,MM1 !M 0 0
13.2084,heen,0,MM0 +
13.2084,heen,0,MM1 +
13.2084,heen,0,"#177,YAW,2.33,GYRO,-13,42,-18,ACC,17,0,260,ADC,1256,342,6,2,"
13.2085,heen,0,MM0 ?AI
13.2085,heen,0,MM1 ?AI
13.2085,heen,0,MM0 AI=0:0:2435:2445:0:0
13.2085,heen,0,MM1 AI=0:0:2338:2620:0:0
13.2085,heen,0,"#178,YAW,2.35,GYRO,-14,43,-13,ACC,18,0,259,ADC,1306,500,6,1,"
13.2085,heen,0,MM1 ?C
13.2085,heen,0,MM0 ?C
13.2593,heen,0,MM1 C=931:-3010
13.2593,heen,0,MM0 C=784:-2759
13.2594,heen,0,"#179,YAW,2.35,GYRO,-13,46,-1,ACC,18,1,257,ADC,1323,501,5,2,"
13.2595,heen,0,MM1 ?D
13.2595,heen,0,MM0 ?D
13.2595,heen,0,MM1 D=17
13.2595,heen,0,MM0 D=59
13.2595,heen,0,MM0 !M 0 0
13.2595,heen,0,MM1 !M 0 0
13.2595,heen,0,MM0 +
13.2595,heen,0,MM1 +
13.2595,heen,0,"#180,YAW,2.35,GYRO,-12,49,4,ACC,14,1,256,ADC,1246,501,5,2,"
13.2595,heen,0,MM0 ?FF
13.2595,heen,0,MM1 ?FF
13.2595,heen,0,MM0 FF=0
13.2595,heen,0,MM1 FF=0
13.3109,heen,0,"#181,YAW,2.35,GYRO,-12,51,-2,ACC,4,2,260,ADC,1249,393,5,1,"
13.3109,heen,0,MM0 ?P
13.3109,heen,0,MM1 ?P
13.3109,heen,0,MM0 P=0:0
13.3109,heen,0,MM1 P=0:0
13.3109,heen,0,"#182,YAW,2.35,GYRO,-12,46,-5,ACC,8,0,257,ADC,1265,378,4,2,"
13.3109,heen,0,MM0 !M 0 0
13.3109,heen,0,MM0 +
13.3109,heen,0,MM1 !M 0 0
13.3110,heen,0,MM1 +
13.3110,heen,0,MM1 ?S
13.3110,heen,0,MM0 ?S
13.3110,heen,0,MM1 S=0:0
13.3110,heen,0,MM0 S=0:0
13.3110,heen,0,"#183,YAW,2.35,GYRO,-12,50,-8,ACC,3,1,255,ADC,1258,440,4,2,"
13.3110,heen,0,MM0 ?T
13.3110,heen,0,MM1 ?T
13.3110,heen,0,MM0 T=35:34
13.3110,heen,0,MM1 T=36:34
13.3593,heen,0,"#184,YAW,2.35,GYRO,-13,47,-4,ACC,2,2,256,ADC,1237,501,6,2,"
13.3594,heen,0,MM0 ?V
13.3594,heen,0,MM1 ?V
13.3594,heen,0,MM0 V=120:224:4908
13.3594,heen,0,MM1 V=120:223:4899
13.3594,heen,0,MM0 !M 0 0
13.3594,heen,0,MM1 !M 0 0
13.3594,heen,0,MM0 +
13.3594,heen,0,MM1 +
13.3594,heen,0,"#185,YAW,2.35,GYRO,-13,46,-3,ACC,3,4,258,ADC,1267,495,8,2,"
13.3594,heen,0,MM1 ?CR
13.3594,heen,0,MM0 ?CR
13.3594,heen,0,MM1 CR=0:0
13.3594,heen,0,MM0 CR=0:0
13.4146,heen,0,"#186,YAW,2.35,GYRO,-12,45,-2,ACC,2,3,260,ADC,1217,382,6,2,"
13.4146,heen,0,MM1 ?A
13.4146,heen,0,MM0 ?A
13.4146,heen,0,MM1 A=0:0
13.4146,heen,0,MM0 A=0:0
13.4146,heen,0,"#187,YAW,2.35,GYRO,-14,47,-8,ACC,4,2,255,ADC,1222,386,4,2,"
13.4146,heen,0,"$GPRMC,130434.6,A,5050.50607,N,00419.38016,E,000.58,161.3,081026,000.4,E*5A"
13.4146,heen,0,MM0 ?AI
13.4146,heen,0,MM1 ?AI
13.4146,heen,0,MM0 AI=0:0:2427:2490:0:0
13.4146,heen,0,MM1 AI=0:0:2346:2446:0:0
13.4147,heen,0,MM0 !M 0 0
13.4147,heen,0,MM1 !M 0 0
13.4147,heen,0,MM0 +
13.4147,heen,0,MM1 +
13.4147,heen,0,"#188,YAW,2.35,GYRO,-12,46,-8,ACC,7,1,256,ADC,1232,350,4,1,"
13.4147,heen,0,MM0 ?C
13.4147,heen,0,MM1 ?C
13.4147,heen,0,MM1 C=931:-3010
13.4147,heen,0,MM0 C=784:-2759
13.4493,heen,0,MM1 !M 0 0
13.4494,heen,0,MM0 !M 0 0
13.4494,heen,0,MM1 +
13.4494,heen,0,MM0 +
13.4494,heen,0,"#189,YAW,2.38,GYRO,-14,47,-9,ACC,4,1,257,ADC,1226,327,5,1,"
13.4494,heen,0,MM0 ?D
13.4494,heen,0,MM1 ?D
13.4494,heen,0,MM0 D=59
13.4494,heen,0,MM1 D=17
13.4494,heen,0,"#190,YAW,2.38,GYRO,-13,45,-10,ACC,6,1,256,ADC,1237,501,5,2,"
13.4494,heen,0,MM1 ?FF
13.4494,heen,0,MM0 ?FF
13.4494,heen,0,MM0 FF=0
13.4705,heen,0,MM1 FF=0
13.4705,heen,0,"#191,YAW,2.38,GYRO,-14,45,-8,ACC,9,1,258,ADC,1226,385,5,1,"
13.4705,heen,0,MM1 ?P
13.4706,heen,0,MM0 ?P
13.4706,heen,0,MM1 P=0:0
13.5044,heen,0,MM0 P=0:0
13.5045,heen,0,MM0 !M 0 0
13.5045,heen,0,MM1 !M 0 0
13.5045,heen,0,MM0 +
13.5045,heen,0,MM1 +
13.5045,heen,0,"#192,YAW,2.38,GYRO,-14,48,-5,ACC,11,2,259,ADC,1244,393,5,2,"
13.5046,heen,0,MM1 ?S
13.5046,heen,0,MM0 ?S
13.5046,heen,0,MM1 S=0:0
13.5046,heen,0,MM0 S=0:0
13.5254,heen,0,"#193,YAW,2.38,GYRO,-13,46,-4,ACC,7,0,257,ADC,1217,383,5,2,"
13.5254,heen,0,MM1 ?T
13.5254,heen,0,MM0 ?T
13.5254,heen,0,MM1 T=36:34
13.5254,heen,0,MM0 T=35:34
13.5889,heen,0,"#194,YAW,2.38,GYRO,-13,49,-3,ACC,2,6,262,ADC,1272,500,5,1,"
13.5889,heen,0,MM1 ?V
13.5890,heen,0,MM0 ?V
13.5890,heen,0,MM1 V=120:223:4898
13.5890,heen,0,MM0 V=120:225:4909
13.5890,heen,0,MM1 !M 0 0
13.5890,heen,0,MM0 !M 0 0
13.5890,heen,0,MM1 +
13.5890,heen,0,MM0 +
13.5890,heen,0,"#195,YAW,2.38,GYRO,-13,47,-4,ACC,7,1,260,ADC,1222,381,5,2,"
13.5890,heen,0,MM1 ?CR
13.5890,heen,0,MM0 ?CR
13.5890,heen,0,MM1 CR=0:0
13.5890,heen,0,MM0 CR=0:0
13.5890,heen,0,"#196,YAW,2.38,GYRO,-13,46,-5,ACC,6,1,262,ADC,1218,381,5,2,"
13.5890,heen,0,MM1 ?A
13.5890,heen,0,MM0 ?A
13.5890,heen,0,MM1 A=0:0
13.5890,heen,0,MM0 A=0:0
13.6016,heen,0,"$GPRMC,130434.8,A,5050.50609,N,00419.38022,E,000.57,161.3,081026,000.4,E*52"
13.6016,heen,0,"#197,YAW,2.38,GYRO,-13,46,-4,ACC,5,1,255,ADC,1236,307,4,2,"
13.6016,heen,0,MM1 ?AI
13.6016,heen,0,MM0 ?AI
13.6016,heen,0,MM1 AI=0:0:2350:2351:0:0
13.6016,heen,0,MM0 AI=0:0:2453:2461:0:0
13.6016,heen,0,MM0 !M 0 0
13.6016,heen,0,MM1 !M 0 0
13.6016,heen,0,MM0 +
13.6016,heen,0,MM1 +
13.6233,heen,0,"#198,YAW,2.40,GYRO,-13,47,-6,ACC,6,1,256,ADC,1225,306,4,2,"
13.6233,heen,0,MM1 ?C
13.6233,heen,0,MM0 ?C
13.6233,heen,0,MM1 C=931:-3010
13.6234,heen,0,MM0 C=784:-2759
13.6583,heen,0,"#199,YAW,2.40,GYRO,-14,45,-7,ACC,7,0,258,ADC,1201,379,7,2,"
13.6584,heen,0,MM1 ?D
13.6584,heen,0,MM0 ?D
13.6584,heen,0,MM1 D=17
13.6584,heen,0,MM0 D=59
13.6584,heen,0,MM1 !M 0 0
13.6584,heen,0,MM0 !M 0 0
13.6584,heen,0,MM1 +
13.6584,heen,0,MM0 +
13.6584,heen,0,"#200,YAW,2.40,GYRO,-14,47,-6,ACC,4,2,255,ADC,1273,408,6,2,"
13.6584,heen,0,MM1 ?FF
13.6584,heen,0,MM0 ?FF
13.6584,heen,0,MM1 FF=0
13.6584,heen,0,MM0 FF=0
13.6782,heen,0,"#201,YAW,2.40,GYRO,-13,45,-7,ACC,9,0,260,ADC,1221,382,6,2,"
13.6783,heen,0,MM1 ?P
13.6783,heen,0,MM0 ?P
13.6783,heen,0,MM1 P=0:0
13.6783,heen,0,MM0 P=0:0
13.7201,heen,0,"#202,YAW,2.40,GYRO,-13,47,-8,ACC,8,2,260,ADC,1249,401,7,1,"
13.7201,heen,0,MM1 ?S
13.7202,heen,0,MM0 ?S
13.7202,heen,0,MM1 S=0:0
13.7202,heen,0,MM0 S=0:0
13.7202,heen,0,MM0 !M 0 0
13.7202,heen,0,MM1 !M 0 0
13.7202,heen,0,MM0 +
13.7202,heen,0,MM1 +
13.7202,heen,0,"#203,YAW,2.40,GYRO,-14,45,-6,ACC,7,1,259,ADC,1224,380,5,2,"
13.7202,heen,0,MM1 ?T
13.7202,heen,0,MM0 ?T
13.7202,heen,0,MM1 T=36:34
13.7203,heen,0,MM0 T=35:34
13.7543,heen,0,"#204,YAW,2.40,GYRO,-14,45,-5,ACC,5,3,254,ADC,1227,498,7,2,"
13.7543,heen,0,MM1 ?V
13.7543,heen,0,MM0 ?V
13.7543,heen,0,MM1 V=120:223:4899
13.7543,heen,0,MM0 V=120:224:4909
13.7543,heen,0,MM1 !M 0 0
13.7543,heen,0,MM1 +
13.7543,heen,0,MM0 !M 0 0
13.7543,heen,0,MM0 +
13.7543,heen,0,"#205,YAW,2.40,GYRO,-14,46,-3,ACC,8,1,257,ADC,1270,402,5,2,"
13.7543,heen,0,MM0 ?CR
13.7543,heen,0,MM1 ?CR
13.7544,heen,0,MM1 CR=0:0
13.7544,heen,0,MM0 CR=0:0
13.7755,heen,0,"#206,YAW,2.40,GYRO,-13,45,-4,ACC,4,5,260,ADC,1275,393,6,2,"
13.7755,heen,0,MM1 ?A
13.7755,heen,0,MM0 ?A
13.7755,heen,0,MM0 A=0:0
13.7755,heen,0,MM1 A=0:0
13.8095,heen,0,"$GPRMC,130435.0,A,5050.50611,N,00419.38027,E,000.56,161.3,081026,000.4,E*56"
13.8095,heen,0,"#207,YAW,2.40,GYRO,-14,46,-6,ACC,2,2,258,ADC,1245,343,6,2,"
13.8095,heen,0,MM0 !M 0 0
13.8095,heen,0,MM0 +
13.8095,heen,0,MM1 !M 0 0
13.8096,heen,0,MM1 +
13.8096,heen,0,MM0 ?AI
13.8096,heen,0,MM1 ?AI
13.8096,heen,0,MM0 AI=0:0:2440:2447:0:0
13.8096,heen,0,MM1 AI=0:0:2362:2360:0:0
13.8096,heen,0,"#208,YAW,2.42,GYRO,-13,47,-5,ACC,7,3,258,ADC,1249,398,7,2,"
13.8096,heen,0,MM0 ?C
13.8096,heen,0,MM1 ?C
13.8302,heen,0,MM0 C=784:-2759
13.8303,heen,0,MM1 C=931:-3010
13.8304,heen,0,"#209,YAW,2.42,GYRO,-14,48,-6,ACC,6,2,259,ADC,1248,501,7,2,"
13.8304,heen,0,MM0 ?D
13.8304,heen,0,MM1 ?D
13.8304,heen,0,MM0 D=51
13.8304,heen,0,MM1 D=17
13.8642,heen,0,MM1 !M 0 0
13.8642,heen,0,MM0 !M 0 0
13.8642,heen,0,MM1 +
13.8642,heen,0,MM0 +
13.8642,heen,0,"#210,YAW,2.42,GYRO,-14,45,-6,ACC,4,3,255,ADC,1274,389,4,2,"
13.8642,heen,0,MM0 ?FF
13.8642,heen,0,MM1 ?FF
13.8643,heen,0,MM0 FF=0
13.8643,heen,0,MM1 FF=0
13.9163,heen,0,"#211,YAW,2.42,GYRO,-11,46,-5,ACC,6,1,256,ADC,1260,383,5,2,"
13.9164,heen,0,MM0 ?P
13.9164,heen,0,MM1 ?P
13.9164,heen,0,MM0 P=0:0
13.9164,heen,0,MM1 P=0:0
13.9164,heen,0,"#212,YAW,2.42,GYRO,-14,46,-7,ACC,8,3,257,ADC,1242,403,5,2,"
13.9164,heen,0,MM0 ?S
13.9164,heen,0,MM1 ?S
13.9164,heen,0,MM0 S=0:0
13.9164,heen,0,MM1 S=0:0
13.9164,heen,0,MM0 !M 0 0
13.9164,heen,0,MM1 !M 0 0
13.9164,heen,0,MM0 +
13.9164,heen,0,MM1 +
13.9164,heen,0,"#213,YAW,2.42,GYRO,-12,45,-5,ACC,9,4,244,ADC,1223,381,4,2,"
13.9165,heen,0,MM0 ?T
13.9165,heen,0,MM1 ?T
13.9165,heen,0,MM0 T=35:34
13.9165,heen,0,MM1 T=36:34
13.9667,heen,0,"#214,YAW,2.42,GYRO,-13,49,-4,ACC,8,1,256,ADC,1255,383,5,2,"
13.9668,heen,0,MM0 ?V
13.9668,heen,0,MM1 ?V
13.9668,heen,0,MM0 V=120:224:4910
13.9668,heen,0,MM1 V=120:223:4898
13.9668,heen,0,MM0 !M 0 0
13.9668,heen,0,MM1 !M 0 0
13.9668,heen,0,MM0 +
13.9668,heen,0,MM1 +
13.9668,heen,0,"#215,YAW,2.42,GYRO,-13,46,-5,ACC,8,1,256,ADC,1228,380,5,2,"
13.9668,heen,0,MM0 ?CR
13.9668,heen,0,MM1 ?CR
13.9668,heen,0,MM0 CR=0:0
13.9668,heen,0,MM1 CR=0:0
14.0169,heen,0,"#216,YAW,2.42,GYRO,-15,47,-5,ACC,8,4,254,ADC,1268,388,5,2,"
14.0169,heen,0,MM0 ?A
14.0169,heen,0,MM1 ?A
14.0169,heen,0,MM0 A=0:0
14.0169,heen,0,MM1 A=0:0
14.0169,heen,0,"$GPRMC,130435.2,A,5050.50614,N,00419.38033,E,000.55,161.3,081026,000.4,E*57"
14.0170,heen,0,"#217,YAW,2.42,GYRO,-12,47,-5,ACC,6,0,255,ADC,1231,309,4,1,"
14.0170,heen,0,MM0 ?AI
14.0170,heen,0,MM1 ?AI
14.0170,heen,0,MM0 AI=0:0:2444:2445:0:0
14.0170,heen,0,MM1 AI=0:0:2368:2377:0:0
14.0170,heen,0,MM0 !M 0 0
14.0170,heen,0,MM1 !M 0 0
14.0170,heen,0,MM0 +
14.0170,heen,0,MM1 +
14.0170,heen,0,"#218,YAW,2.44,GYRO,-13,46,-5,ACC,7,1,253,ADC,1261,498,4,2,"
14.0170,heen,0,MM0 ?C
14.0170,heen,0,MM1 ?C
14.0170,heen,0,MM0 C=784:-2759
14.0170,heen,0,MM1 C=931:-3010
14.0674,heen,0,"#219,YAW,2.44,GYRO,-14,47,-6,ACC,6,1,260,ADC,1247,390,7,2,"
14.0674,heen,0,MM0 ?D
14.0674,heen,0,MM1 ?D
14.0674,heen,0,MM0 D=51
14.0675,heen,0,MM1 D=17
14.0675,heen,0,MM1 !M 0 0
14.0675,heen,0,MM0 !M 0 0
14.0675,heen,0,MM1 +
14.0675,heen,0,MM0 +
14.0675,heen,0,"#220,YAW,2.44,GYRO,-12,46,-6,ACC,6,4,261,ADC,1248,366,7,2,"
14.0675,heen,0,MM0 ?FF
14.0675,heen,0,MM1 ?FF
14.0675,heen,0,MM0 FF=0
14.0675,heen,0,MM1 FF=0
14.0675,heen,0,"#221,YAW,2.44,GYRO,-14,46,-6,ACC,8,0,257,ADC,1266,497,6,2,"
14.0675,heen,0,MM0 ?P
14.1183,heen,0,MM1 ?P
14.1183,heen,0,MM0 P=0:0
14.1183,heen,0,MM1 P=0:0
14.1183,heen,0,"#222,YAW,2.44,GYRO,-12,47,-6,ACC,6,2,260,ADC,1236,386,5,2,"
14.1184,heen,0,MM0 ?S
14.1184,heen,0,MM1 ?S
14.1184,heen,0,MM0 S=0:0
14.1184,heen,0,MM1 S=0:0
14.1184,heen,0,MM0 !M 0 0
14.1184,heen,0,MM1 !M 0 0
14.1184,heen,0,MM0 +
14.1184,heen,0,MM1 +
14.1184,heen,0,"#223,YAW,2.44,GYRO,-12,48,-6,ACC,5,0,255,ADC,1293,502,4,2,"
14.1184,heen,0,MM1 ?T
14.1184,heen,0,MM0 ?T
14.1184,heen,0,MM0 T=35:34
14.1184,heen,0,MM1 T=36:34
14.1684,heen,0,"#224,YAW,2.44,GYRO,-12,46,-5,ACC,5,4,259,ADC,1261,385,4,2,"
14.1685,heen,0,MM0 ?V
14.1685,heen,0,MM1 ?V
14.1685,heen,0,MM0 V=120:223:4909
14.1685,heen,0,MM1 V=120:222:4899
14.1685,heen,0,MM0 !M 0 0
14.1685,heen,0,MM1 !M 0 0
14.1685,heen,0,MM0 +
14.1685,heen,0,MM1 +
14.1685,heen,0,"#225,YAW,2.44,GYRO,-14,48,-5,ACC,6,2,255,ADC,1200,348,4,2,"
14.1685,heen,0,MM0 ?CR
14.1685,heen,0,MM1 ?CR
14.1685,heen,0,MM0 CR=0:0
14.1685,heen,0,MM1 CR=0:0
14.1685,heen,0,"#226,YAW,2.44,GYRO,-13,46,-6,ACC,7,0,262,ADC,1250,501,5,2,"
14.1685,heen,0,MM0 ?A
14.1685,heen,0,MM1 ?A
14.2188,heen,0,MM0 A=0:0
14.2188,heen,0,MM1 A=0:0
14.2188,heen,0,"$GPRMC,130435.4,A,5050.50620,N,00419.38038,E,000.54,161.3,081026,000.4,E*5C"
14.2188,heen,0,"#227,YAW,2.44,GYRO,-13,48,-6,ACC,9,1,256,ADC,1257,313,6,2,"
14.2190,heen,0,MM0 ?AI
14.2190,heen,0,MM1 ?AI
14.2190,heen,0,MM0 AI=0:0:2442:2440:0:0
14.2190,heen,0,MM1 AI=0:0:2353:2354:0:0
14.2190,heen,0,MM0 !M 0 0
14.2190,heen,0,MM1 !M 0 0
14.2190,heen,0,MM0 +
14.2190,heen,0,MM1 +
14.2190,heen,0,"#228,YAW,2.46,GYRO,-13,47,-6,ACC,7,2,256,ADC,1243,390,5,2,"
14.2190,heen,0,MM0 ?C
14.2190,heen,0,MM1 ?C
14.2190,heen,0,MM0 C=784:-2759
14.2190,heen,0,MM1 C=931:-3010
14.2214,heen,0,STOP heen 4.9994
14.2695,pauze,0,"#229,YAW,2.46,GYRO,-14,46,-6,ACC,10,2,257,ADC,1217,382,8,2,"
14.2696,pauze,0,MM0 ?D
14.2696,pauze,0,MM1 ?D
14.2696,pauze,0,MM0 D=51
14.2696,pauze,0,MM1 D=17
14.2696,pauze,0,MM0 !M 0 0
14.2696,pauze,0,MM1 !M 0 0
14.2696,pauze,0,MM0 +
14.2696,pauze,0,MM1 +
14.2696,pauze,0,"#230,YAW,2.46,GYRO,-13,44,-6,ACC,6,1,258,ADC,1206,312,5,2,"
14.2696,pauze,0,MM0 ?FF
14.2696,pauze,0,MM1 ?FF
14.2696,pauze,0,MM0 FF=0
14.2696,pauze,0,MM1 FF=0
14.2696,pauze,0,"#231,YAW,2.46,GYRO,-11,46,-6,ACC,9,1,259,ADC,1241,387,5,2,"
14.2696,pauze,0,MM0 ?P
14.2696,pauze,0,MM1 ?P
14.2696,pauze,0,MM0 P=0:0
14.3082,pauze,0,MM1 P=0:0
14.3082,pauze,0,"#232,YAW,2.46,GYRO,-13,46,-6,ACC,8,3,261,ADC,1246,395,4,2,"
14.3082,pauze,0,MM0 ?S
14.3082,pauze,0,MM1 ?S
14.3082,pauze,0,MM0 S=0:0
14.3083,pauze,0,MM1 S=0:0
14.3210,pauze,0,"#233,YAW,2.46,GYRO,-14,44,-4,ACC,9,1,259,ADC,1273,500,5,2,"
14.3210,pauze,0,MM1 ?T
14.3210,pauze,0,MM0 ?T
14.3210,pauze,0,MM0 T=35:34
14.3211,pauze,0,MM1 T=36:34
14.3340,pauze,0,"#234,YAW,2.46,GYRO,-12,44,-6,ACC,6,3,266,ADC,1273,390,3,1,"
14.3340,pauze,0,MM0 ?V
14.3340,pauze,0,MM1 ?V
14.3341,pauze,0,MM0 V=120:224:4910
14.3341,pauze,0,MM1 V=120:223:4899
14.3690,pauze,0,MM0 !M 0 0
14.3690,pauze,0,MM1 !M 0 0
14.3690,pauze,0,MM0 +
14.3690,pauze,0,MM1 +
14.3690,pauze,0,"#235,YAW,2.46,GYRO,-13,47,-6,ACC,3,2,258,ADC,1289,336,5,1,"
14.3691,pauze,0,MM0 ?CR
14.3691,pauze,0,MM1 ?CR
14.3691,pauze,0,MM0 CR=0:0
14.3691,pauze,0,MM1 CR=0:0
14.3691,pauze,0,"#236,YAW,2.46,GYRO,-14,45,-6,ACC,7,1,260,ADC,1230,386,7,1,"
14.3691,pauze,0,MM0 ?A
14.3691,pauze,0,MM1 ?A
14.3891,pauze,0,MM0 A=0:0
14.3891,pauze,0,MM1 A=0:0
14.3891,pauze,0,"$GPRMC,130435.6,A,5050.50626,N,00419.38041,E,000.52,161.3,081026,000.4,E*50"
14.4104,pauze,0,"#237,YAW,2.46,GYRO,-12,46,-5,ACC,9,0,258,ADC,1236,297,6,1,"
14.4104,pauze,0,MM0 ?AI
14.4104,pauze,0,MM1 ?AI
14.4104,pauze,0,MM0 AI=0:0:2453:2445:0:0
14.4104,pauze,0,MM1 AI=0:0:2372:2486:0:0
14.4104,pauze,0,"#238,YAW,2.47,GYRO,-14,45,-6,ACC,4,2,259,ADC,1262,415,3,1,"
14.4104,pauze,0,MM0 ?C
14.4104,pauze,0,MM1 ?C
14.4104,pauze,0,MM0 C=784:-2759
14.4312,pauze,0,MM1 C=931:-3010
14.4313,pauze,0,"#239,YAW,2.48,GYRO,-14,45,-6,ACC,6,2,253,ADC,1262,390,7,2,"
14.4314,pauze,0,MM0 ?D
14.4314,pauze,0,MM1 ?D
14.4314,pauze,0,MM0 D=51
14.4314,pauze,0,MM1 D=17
14.4656,pauze,0,MM0 !M 0 0
14.4656,pauze,0,MM1 !M 0 0
14.4656,pauze,0,MM0 +
14.4656,pauze,0,MM1 +
14.4656,pauze,0,"#240,YAW,2.48,GYRO,-15,46,-6,ACC,7,2,260,ADC,1266,493,4,2,"
14.4657,pauze,0,MM0 ?FF
14.4657,pauze,0,MM1 ?FF
14.4657,pauze,0,MM0 FF=0
14.4657,pauze,0,MM1 FF=0
14.4865,pauze,0,"#241,YAW,2.48,GYRO,-13,44,-7,ACC,8,2,254,ADC,1254,388,7,2,"
14.4866,pauze,0,MM0 ?P
14.4866,pauze,0,MM1 ?P
14.4866,pauze,0,MM0 P=0:0
14.4866,pauze,0,MM1 P=0:0
14.5075,pauze,0,"#242,YAW,2.48,GYRO,-17,45,-4,ACC,7,2,253,ADC,1211,381,6,2,"
14.5075,pauze,0,MM0 ?S
14.5075,pauze,0,MM1 ?S
14.5076,pauze,0,MM0 S=0:0
14.5076,pauze,0,MM1 S=0:0
14.5076,pauze,0,"#243,YAW,2.48,GYRO,-13,45,-6,ACC,7,2,261,ADC,1284,387,5,2,"
14.5076,pauze,0,MM0 ?T
14.5285,pauze,0,MM1 ?T
14.5285,pauze,0,MM0 T=35:34
14.5285,pauze,0,MM1 T=36:34
14.5285,pauze,0,"#244,YAW,2.48,GYRO,-14,46,-6,ACC,5,2,261,ADC,1309,396,5,2,"
14.5285,pauze,0,MM0 ?V
14.5286,pauze,0,MM1 ?V
14.5636,pauze,0,MM0 V=120:223:4910
14.5636,pauze,0,MM1 V=120:223:4898
14.5636,pauze,0,MM1 !M 0 0
14.5637,pauze,0,MM0 !M 0 0
14.5637,pauze,0,MM1 +
14.5637,pauze,0,MM0 +
14.5637,pauze,0,"#245,YAW,2.48,GYRO,-12,46,-6,ACC,5,2,255,ADC,1262,383,5,2,"
14.5637,pauze,0,MM0 ?CR
14.5637,pauze,0,MM1 ?CR
14.5637,pauze,0,MM0 CR=0:0
14.5637,pauze,0,MM1 CR=0:0
14.5845,pauze,0,"#246,YAW,2.48,GYRO,-13,45,-6,ACC,5,2,257,ADC,1245,383,5,2,"
14.5845,pauze,0,MM0 ?A
14.5845,pauze,0,MM1 ?A
14.5845,pauze,0,MM0 A=0:0
14.5845,pauze,0,MM1 A=0:0
14.6071,pauze,0,"$GPRMC,130435.8,A,5050.50634,N,00419.38048,E,000.50,161.3,081026,000.4,E*56"
14.6071,pauze,0,"#247,YAW,2.48,GYRO,-13,45,-5,ACC,6,0,259,ADC,1283,310,4,2,"
14.6071,pauze,0,MM0 ?AI
14.6071,pauze,0,MM1 ?AI
14.6071,pauze,0,MM0 AI=0:0:2443:2443:0:0
14.6071,pauze,0,MM1 AI=0:0:2342:2372:0:0
14.6276,pauze,0,"#248,YAW,2.49,GYRO,-13,47,-6,ACC,7,3,256,ADC,1270,387,5,2,"
14.6277,pauze,0,MM0 ?C
14.6277,pauze,0,MM1 ?C
14.6277,pauze,0,MM0 C=784:-2759
14.6277,pauze,0,MM1 C=931:-3010
14.6624,pauze,0,"#249,YAW,2.49,GYRO,-12,47,-6,ACC,6,1,256,ADC,1327,502,4,2,"
14.6625,pauze,0,MM0 ?D
14.6625,pauze,0,MM1 ?D
14.6625,pauze,0,MM0 D=51
14.6625,pauze,0,MM1 D=25
14.6625,pauze,0,MM1 !M 0 0
14.6625,pauze,0,MM0 !M 0 0
14.6625,pauze,0,MM1 +
14.6625,pauze,0,MM0 +
14.6625,pauze,0,"#250,YAW,2.49,GYRO,-13,46,-6,ACC,7,3,256,ADC,1248,387,6,3,"
14.6625,pauze,0,MM0 ?FF
14.6625,pauze,0,MM1 ?FF
14.6625,pauze,0,MM0 FF=0
14.6625,pauze,0,MM1 FF=0
14.6835,pauze,0,"#251,YAW,2.49,GYRO,-14,44,-7,ACC,9,2,255,ADC,1246,386,5,2,"
14.6836,pauze,0,MM0 ?P
14.6836,pauze,0,MM1 ?P
14.6836,pauze,0,MM0 P=0:0
14.6836,pauze,0,MM1 P=0:0
14.7100,pauze,0,"#252,YAW,2.49,GYRO,-12,44,-5,ACC,6,1,257,ADC,1294,390,4,1,"
14.7100,pauze,0,MM0 ?S
14.7100,pauze,0,MM1 ?S
14.7100,pauze,0,MM0 S=0:0
14.7100,pauze,0,MM1 S=0:0
14.7253,pauze,0,"#253,YAW,2.49,GYRO,-14,47,-5,ACC,6,2,257,ADC,1225,400,5,2,"
14.7253,pauze,0,MM0 ?T
14.7253,pauze,0,MM1 ?T
14.7253,pauze,0,MM0 T=35:34
14.7253,pauze,0,MM1 T=36:34
14.7804,pauze,0,"#254,YAW,2.49,GYRO,-13,44,-5,ACC,5,3,257,ADC,1261,502,6,2,"
14.7805,pauze,0,MM0 ?V
14.7805,pauze,0,MM1 ?V
14.7805,pauze,0,MM0 V=120:223:4910
14.7805,pauze,0,MM1 V=120:223:4899
14.7805,pauze,0,"#255,YAW,2.49,GYRO,-14,45,-6,ACC,8,8,260,ADC,1221,496,5,1,"
14.7805,pauze,0,MM0 ?CR
14.7805,pauze,0,MM1 ?CR
14.7805,pauze,0,MM0 CR=0:0
14.7805,pauze,0,MM1 CR=0:0
14.7805,pauze,0,MM0 !M 0 0
14.7805,pauze,0,MM1 !M 0 0
14.7805,pauze,0,MM0 +
14.7805,pauze,0,MM1 +
14.7805,pauze,0,"#0,YAW,2.49,GYRO,-14,45,-5,ACC,5,0,254,ADC,1269,391,6,1,"
14.7805,pauze,0,MM0 ?A
14.7805,pauze,0,MM1 ?A
14.7805,pauze,0,MM0 A=0:0
14.7805,pauze,0,MM1 A=0:0
14.7805,pauze,0,"$GPRMC,130436.0,A,5050.50625,N,00419.38058,E,000.49,161.3,081026,000.4,E*54"
14.8012,pauze,0,"#1,YAW,2.49,GYRO,-13,45,-6,ACC,7,1,259,ADC,1207,383,5,2,"
14.8013,pauze,0,MM0 ?AI
14.8013,pauze,0,MM1 ?AI
14.8013,pauze,0,MM0 AI=0:0:2447:2446:0:0
14.8013,pauze,0,MM1 AI=0:0:2353:2369:0:0
14.8227,pauze,0,"#2,YAW,2.51,GYRO,-13,45,-5,ACC,6,1,256,ADC,1249,497,7,2,"
14.8227,pauze,0,MM0 ?C
14.8227,pauze,0,MM1 ?C
14.8227,pauze,0,MM0 C=784:-2759
14.8228,pauze,0,MM1 C=931:-3010
14.8615,pauze,0,"#3,YAW,2.51,GYRO,-12,45,-5,ACC,7,3,253,ADC,1268,388,5,2,"
14.8615,pauze,0,MM0 ?D
14.8615,pauze,0,MM1 ?D
14.8615,pauze,0,MM0 D=51
14.8615,pauze,0,MM1 D=17
14.8615,pauze,0,"#4,YAW,2.51,GYRO,-14,44,-6,ACC,9,2,260,ADC,1246,387,5,2,"
14.8616,pauze,0,MM0 ?FF
14.8616,pauze,0,MM1 ?FF
14.8616,pauze,0,MM0 FF=0
14.8616,pauze,0,MM1 FF=0
14.8616,pauze,0,MM1 !M 0 0
14.8616,pauze,0,MM0 !M 0 0
14.8616,pauze,0,MM1 +
14.8829,pauze,0,MM0 +
14.8830,pauze,0,"#5,YAW,2.51,GYRO,-13,46,-4,ACC,7,0,256,ADC,1271,313,4,2,"
14.8830,pauze,0,MM0 ?P
14.8830,pauze,0,MM1 ?P
14.8830,pauze,0,MM0 P=0:0
14.8830,pauze,0,MM1 P=0:0
14.9032,pauze,0,"#6,YAW,2.51,GYRO,-14,46,-5,ACC,9,2,258,ADC,1251,499,8,2,"
14.9033,pauze,0,MM0 ?S
14.9033,pauze,0,MM1 ?S
14.9033,pauze,0,MM0 S=0:0
14.9033,pauze,0,MM1 S=0:0
14.9243,pauze,0,"#7,YAW,2.51,GYRO,-13,45,-5,ACC,8,2,262,ADC,1225,383,4,1,"
14.9243,pauze,0,MM0 ?T
14.9243,pauze,0,MM1 ?T
14.9243,pauze,0,MM0 T=35:34
14.9243,pauze,0,MM1 T=36:34
14.9734,pauze,0,"#8,YAW,2.51,GYRO,-13,46,-5,ACC,7,2,259,ADC,1242,383,5,2,"
14.9735,pauze,0,MM0 ?V
14.9735,pauze,0,MM1 ?V
14.9735,pauze,0,MM0 V=120:223:4909
14.9735,pauze,0,MM1 V=120:223:4899
14.9736,pauze,0,"#9,YAW,2.51,GYRO,-13,45,-6,ACC,5,2,257,ADC,1209,380,5,1,"
14.9736,pauze,0,MM0 ?CR
14.9736,pauze,0,MM1 ?CR
14.9736,pauze,0,MM0 CR=0:0
14.9736,pauze,0,MM1 CR=0:0
14.9736,pauze,0,MM0 !M 0 0
14.9736,pauze,0,MM1 !M 0 0
14.9736,pauze,0,MM0 +
14.9736,pauze,0,MM1 +
14.9736,pauze,0,"#10,YAW,2.51,GYRO,-14,45,-5,ACC,6,1,259,ADC,1254,385,4,2,"
14.9736,pauze,0,MM0 ?A
14.9736,pauze,0,MM1 ?A
14.9736,pauze,0,MM0 A=0:0
14.9736,pauze,0,MM1 A=0:0
14.9944,pauze,0,"$GPRMC,130436.2,A,5050.50630,N,00419.38061,E,000.48,161.3,081026,000.4,E*59"
14.9944,pauze,0,"#11,YAW,2.51,GYRO,-15,45,-7,ACC,6,5,260,ADC,1233,386,7,2,"
14.9945,pauze,0,MM1 ?AI
14.9945,pauze,0,MM0 ?AI
14.9945,pauze,0,MM1 AI=0:0:2365:2346:0:0
14.9945,pauze,0,MM0 AI=0:0:2431:2457:0:0
15.0172,pauze,0,"#12,YAW,2.52,GYRO,-13,45,-6,ACC,5,1,256,ADC,1279,383,6,2,"
15.0173,pauze,0,MM0 ?C
15.0173,pauze,0,MM1 ?C
15.0173,pauze,0,MM0 C=784:-2759
15.0173,pauze,0,MM1 C=931:-3010
15.0362,pauze,0,"#13,YAW,2.52,GYRO,-13,46,-5,ACC,5,0,261,ADC,1229,384,4,2,"
15.0363,pauze,0,MM0 ?D
15.0363,pauze,0,MM1 ?D
15.0363,pauze,0,MM0 D=51
15.0363,pauze,0,MM1 D=17
15.0706,pauze,0,"#14,YAW,2.52,GYRO,-14,46,-7,ACC,3,1,257,ADC,1243,385,4,1,"
15.0707,pauze,0,MM0 !M 0 0
15.0707,pauze,0,MM0 +
15.0707,pauze,0,MM1 !M 0 0
15.0707,pauze,0,MM1 +
15.0707,pauze,0,MM0 ?FF
15.0707,pauze,0,MM1 ?FF
15.0707,pauze,0,MM0 FF=0
15.0707,pauze,0,MM1 FF=0
15.0707,pauze,0,"#15,YAW,2.52,GYRO,-13,45,-5,ACC,7,1,260,ADC,1216,388,4,2,"
15.0707,pauze,0,MM0 ?P
15.0707,pauze,0,MM1 ?P
15.0707,pauze,0,MM0 P=0:0
15.0707,pauze,0,MM1 P=0:0
15.0912,pauze,0,"#16,YAW,2.52,GYRO,-13,44,-6,ACC,5,1,257,ADC,1264,498,4,2,"
15.0912,pauze,0,MM0 ?S
15.0912,pauze,0,MM1 ?S
15.0912,pauze,0,MM0 S=0:0
15.0912,pauze,0,MM1 S=0:0
15.1125,pauze,0,"#17,YAW,2.52,GYRO,-15,46,-6,ACC,5,1,256,ADC,1300,500,4,2,"
15.1125,pauze,0,MM1 ?T
15.1125,pauze,0,MM0 ?T
15.1125,pauze,0,MM0 T=35:34
15.1125,pauze,0,MM1 T=36:34
15.1334,pauze,0,"#18,YAW,2.52,GYRO,-12,47,-5,ACC,7,2,258,ADC,1236,399,6,2,"
15.1334,pauze,0,MM0 ?V
15.1334,pauze,0,MM1 ?V
15.1334,pauze,0,MM0 V=120:223:4909
15.1334,pauze,0,MM1 V=120:223:4899
15.1674,pauze,0,MM0 !M 0 0
15.1674,pauze,0,MM1 !M 0 0
15.1674,pauze,0,MM0 +
15.1674,pauze,0,MM1 +
15.1674,pauze,0,"#19,YAW,2.52,GYRO,-13,47,-6,ACC,3,1,257,ADC,1246,370,5,2,"
15.1674,pauze,0,MM0 ?CR
15.1674,pauze,0,MM1 ?CR
15.1674,pauze,0,MM0 CR=0:0
15.1674,pauze,0,MM1 CR=0:0
15.1674,pauze,0,"#20,YAW,2.52,GYRO,-13,47,-6,ACC,6,4,259,ADC,1225,382,5,2,"
15.1674,pauze,0,MM0 ?A
15.1885,pauze,0,MM1 ?A
15.1885,pauze,0,MM0 A=0:0
15.1885,pauze,0,MM1 A=0:0
15.1885,pauze,0,"$GPRMC,130436.4,A,5050.50620,N,00419.38066,E,000.47,161.3,081026,000.4,E*56"
15.1885,pauze,0,"#21,YAW,2.52,GYRO,-13,46,-5,ACC,8,1,259,ADC,1267,500,4,1,"
15.1886,pauze,0,MM1 ?AI
15.1886,pauze,0,MM0 ?AI
15.2094,pauze,0,MM1 AI=0:0:2345:2348:0:0
15.2094,pauze,0,MM0 AI=0:0:2459:2449:0:0
15.2094,pauze,0,"#22,YAW,2.54,GYRO,-14,45,-4,ACC,6,1,258,ADC,1279,500,4,2,"
15.2094,pauze,0,MM0 ?C
15.2094,pauze,0,MM1 ?C
15.2309,pauze,0,MM0 C=784:-2759
15.2309,pauze,0,MM1 C=931:-3010
15.2311,pauze,0,"#23,YAW,2.54,GYRO,-15,45,-4,ACC,4,1,254,ADC,1261,501,5,1,"
15.2311,pauze,0,MM0 ?D
15.2311,pauze,0,MM1 ?D
15.2311,pauze,0,MM0 D=51
15.2311,pauze,0,MM1 D=17
15.2654,pauze,0,MM0 !M 0 0
15.2655,pauze,0,MM1 !M 0 0
15.2655,pauze,0,MM0 +
15.2655,pauze,0,MM1 +
15.2655,pauze,0,"#24,YAW,2.54,GYRO,-12,46,-6,ACC,3,4,257,ADC,1244,389,6,2,"
15.2655,pauze,0,MM1 ?FF
15.2655,pauze,0,MM0 ?FF
15.2655,pauze,0,MM1 FF=0
15.2655,pauze,0,MM0 FF=0
15.2865,pauze,0,"#25,YAW,2.54,GYRO,-15,47,-5,ACC,7,2,259,ADC,1245,502,5,2,"
15.2865,pauze,0,MM0 ?P
15.2865,pauze,0,MM1 ?P
15.2865,pauze,0,MM0 P=0:0
15.2865,pauze,0,MM1 P=0:0
15.3074,pauze,0,"#26,YAW,2.54,GYRO,-13,47,-7,ACC,5,3,256,ADC,1263,394,4,2,"
15.3075,pauze,0,MM0 ?S
15.3075,pauze,0,MM1 ?S
15.3075,pauze,0,MM0 S=0:0
15.3075,pauze,0,MM1 S=0:0
15.3075,pauze,0,"#27,YAW,2.54,GYRO,-14,45,-5,ACC,5,1,252,ADC,1237,386,4,2,"
15.3075,pauze,0,MM0 ?T
15.3284,pauze,0,MM1 ?T
15.3284,pauze,0,MM0 T=35:34
15.3284,pauze,0,MM1 T=36:34
15.3284,pauze,0,"#28,YAW,2.54,GYRO,-13,46,-5,ACC,5,2,260,ADC,1244,500,7,2,"
15.3285,pauze,0,MM0 ?V
15.3285,pauze,0,MM1 ?V
15.3768,pauze,0,MM0 V=120:223:4910
15.3768,pauze,0,MM1 V=120:223:4898
15.3768,pauze,0,"#29,YAW,2.54,GYRO,-12,45,-5,ACC,7,0,261,ADC,1245,383,6,2,"
15.3769,pauze,0,MM1 ?CR
15.3769,pauze,0,MM0 ?CR
15.3769,pauze,0,MM1 CR=0:0
15.3769,pauze,0,MM0 CR=0:0
15.3769,pauze,0,MM1 !M 0 0
15.3769,pauze,0,MM0 !M 0 0
15.3769,pauze,0,MM1 +
15.3769,pauze,0,MM0 +
15.3769,pauze,0,"#30,YAW,2.54,GYRO,-13,45,-5,ACC,5,0,255,ADC,1297,396,5,2,"
15.3769,pauze,0,MM0 ?A
15.3769,pauze,0,MM1 ?A
15.3769,pauze,0,MM0 A=0:0
15.3769,pauze,0,MM1 A=0:0
15.3975,pauze,0,"$GPRMC,130436.6,A,5050.50622,N,00419.38065,E,000.47,161.3,081026,000.4,E*55"
15.3975,pauze,0,"#31,YAW,2.54,GYRO,-13,47,-6,ACC,5,1,261,ADC,1257,503,6,1,"
15.3975,pauze,0,MM1 ?AI
15.3975,pauze,0,MM0 ?AI
15.3976,pauze,0,MM1 AI=0:0:2344:2366:0:0
15.3976,pauze,0,MM0 AI=0:0:2450:2460:0:0
15.4182,pauze,0,"#32,YAW,2.55,GYRO,-12,45,-5,ACC,5,4,261,ADC,1259,398,5,2,"
15.4183,pauze,0,MM0 ?C
15.4183,pauze,0,MM1 ?C
15.4183,pauze,0,MM0 C=784:-2759
15.4183,pauze,0,MM1 C=931:-3010
15.4392,pauze,0,"#33,YAW,2.55,GYRO,-14,47,-6,ACC,3,0,259,ADC,1261,385,5,1,"
15.4392,pauze,0,MM0 ?D
15.4392,pauze,0,MM1 ?D
15.4392,pauze,0,MM0 D=51
15.4393,pauze,0,MM1 D=17
15.4733,pauze,0,"#34,YAW,2.55,GYRO,-12,46,-6,ACC,8,0,254,ADC,1255,382,5,2,"
15.4734,pauze,0,MM1 ?FF
15.4734,pauze,0,MM0 ?FF
15.4734,pauze,0,MM1 FF=0
15.4734,pauze,0,MM0 FF=0
15.4734,pauze,0,MM1 !M 0 0
15.4734,pauze,0,MM0 !M 0 0
15.4734,pauze,0,MM1 +
15.4734,pauze,0,MM0 +
15.4734,pauze,0,"#35,YAW,2.55,GYRO,-11,48,-7,ACC,4,2,257,ADC,1235,383,4,1,"
15.4734,pauze,0,MM1 ?P
15.4734,pauze,0,MM0 ?P
15.4734,pauze,0,MM1 P=0:0
15.4734,pauze,0,MM0 P=0:0
15.4943,pauze,0,"#36,YAW,2.55,GYRO,-12,47,-6,ACC,6,3,258,ADC,1251,389,6,1,"
15.4944,pauze,0,MM1 ?S
15.4944,pauze,0,MM0 ?S
15.4944,pauze,0,MM1 S=0:0
15.4944,pauze,0,MM0 S=0:0
15.5153,pauze,0,"#37,YAW,2.55,GYRO,-14,46,-5,ACC,5,3,258,ADC,1279,391,5,2,"
15.5153,pauze,0,MM1 ?T
15.5153,pauze,0,MM0 ?T
15.5153,pauze,0,MM1 T=36:34
15.5154,pauze,0,MM0 T=35:34
15.5369,pauze,0,"#38,YAW,2.55,GYRO,-13,48,-6,ACC,6,1,256,ADC,1257,399,4,2,"
15.5370,pauze,0,MM1 ?V
15.5370,pauze,0,MM0 ?V
15.5370,pauze,0,MM1 V=120:223:4898
15.5370,pauze,0,MM0 V=120:224:4910
15.5756,pauze,0,"#39,YAW,2.55,GYRO,-13,43,-6,ACC,9,1,258,ADC,1223,385,6,2,"
15.5757,pauze,0,MM1 ?CR
15.5757,pauze,0,MM0 ?CR
15.5757,pauze,0,MM1 CR=0:0
15.5757,pauze,0,MM0 CR=0:0
15.5757,pauze,0,MM0 !M 0 0
15.5757,pauze,0,MM1 !M 0 0
15.5757,pauze,0,MM0 +
15.5757,pauze,0,MM1 +
15.5757,pauze,0,"#40,YAW,2.55,GYRO,-14,45,-6,ACC,6,2,260,ADC,1201,388,5,1,"
15.5757,pauze,0,MM1 ?A
15.5757,pauze,0,MM0 ?A
15.5757,pauze,0,MM1 A=0:0
15.5757,pauze,0,MM0 A=0:0
15.5962,pauze,0,"$GPRMC,130436.8,A,5050.50618,N,00419.38071,E,000.47,161.3,081026,000.4,E*57"
15.5962,pauze,0,"#41,YAW,2.55,GYRO,-13,45,-5,ACC,5,0,257,ADC,1261,385,3,2,"
15.5962,pauze,0,MM1 ?AI
15.5962,pauze,0,MM0 ?AI
15.5963,pauze,0,MM0 AI=0:0:2431:2471:0:0
15.5963,pauze,0,MM1 AI=0:0:2371:2346:0:0
15.6170,pauze,0,"#42,YAW,2.57,GYRO,-14,45,-5,ACC,8,1,256,ADC,1270,395,4,2,"
15.6171,pauze,0,MM1 ?C
15.6171,pauze,0,MM0 ?C
15.6171,pauze,0,MM1 C=931:-3010
15.6171,pauze,0,MM0 C=784:-2759
15.6382,pauze,0,"#43,YAW,2.57,GYRO,-12,45,-5,ACC,9,1,259,ADC,1261,388,5,2,"
15.6382,pauze,0,MM1 ?D
15.6382,pauze,0,MM0 ?D
15.6382,pauze,0,MM1 D=17
15.6382,pauze,0,MM0 D=51
15.6723,pauze,0,"#44,YAW,2.57,GYRO,-14,46,-5,ACC,5,0,258,ADC,1219,383,5,1,"
15.6723,pauze,0,MM1 ?FF
15.6723,pauze,0,MM0 ?FF
15.6723,pauze,0,MM0 FF=0
15.6723,pauze,0,MM1 FF=0
15.6723,pauze,0,MM1 !M 0 0
15.6723,pauze,0,MM0 !M 0 0
15.6723,pauze,0,MM1 +
15.6723,pauze,0,MM0 +
15.6723,pauze,0,"#45,YAW,2.57,GYRO,-13,48,-6,ACC,4,1,256,ADC,1236,396,4,2,"
15.6723,pauze,0,MM1 ?P
15.6723,pauze,0,MM0 ?P
15.6723,pauze,0,MM1 P=0:0
15.6723,pauze,0,MM0 P=0:0
15.6937,pauze,0,"#46,YAW,2.57,GYRO,-13,45,-5,ACC,5,3,259,ADC,1250,494,6,2,"
15.6937,pauze,0,MM1 ?S
15.6938,pauze,0,MM0 ?S
15.6938,pauze,0,MM1 S=0:0
15.6938,pauze,0,MM0 S=0:0
15.7142,pauze,0,"#47,YAW,2.57,GYRO,-12,46,-6,ACC,7,1,257,ADC,1251,380,5,2,"
15.7142,pauze,0,MM1 ?T
15.7142,pauze,0,MM0 ?T
15.7142,pauze,0,MM1 T=36:34
15.7142,pauze,0,MM0 T=35:34
15.7354,terug,0,"#48,YAW,2.57,GYRO,-14,47,-5,ACC,9,2,251,ADC,1247,385,5,1,"
15.7355,terug,0,MM1 ?V
15.7355,terug,0,MM0 ?V
15.7355,terug,0,MM1 V=120:223:4898
15.7355,terug,0,MM0 V=120:223:4910
15.7695,terug,0,MM0 !M 0 0
15.7695,terug,0,MM1 !M 0 0
15.7695,terug,0,MM0 +
15.7695,terug,0,MM1 +
15.7695,terug,0,"#49,YAW,2.57,GYRO,-13,46,-4,ACC,5,2,254,ADC,1237,350,4,2,"
15.7695,terug,0,MM0 ?CR
15.7696,terug,0,MM1 ?CR
15.7696,terug,0,MM0 CR=0:0
15.7696,terug,0,MM1 CR=0:0
15.7696,terug,0,"#50,YAW,2.57,GYRO,-14,46,-6,ACC,7,1,258,ADC,1294,385,4,2,"
15.7696,terug,0,MM1 ?A
15.7696,terug,0,MM0 ?A
15.7696,terug,0,MM1 A=0:0
15.7906,terug,0,MM0 A=0:0
15.7906,terug,0,"$GPRMC,130437.0,A,5050.50624,N,00419.38081,E,000.47,161.3,081026,000.4,E*5E"
15.7906,terug,0,"#51,YAW,2.57,GYRO,-12,45,-6,ACC,5,3,255,ADC,1246,387,5,2,"
15.7906,terug,0,MM0 ?AI
15.7907,terug,0,MM1 ?AI
15.8254,terug,0,MM0 AI=0:0:2450:2467:0:0
15.8254,terug,0,MM1 AI=0:0:2341:2638:0:0
15.8254,terug,0,MM0 !M 0 0
15.8254,terug,0,MM1 !M 0 0
15.8254,terug,0,MM0 +
15.8254,terug,0,MM1 +
15.8254,terug,0,"#52,YAW,2.58,GYRO,-14,44,-6,ACC,6,1,254,ADC,1263,502,5,2,"
15.8255,terug,0,MM1 ?C
15.8255,terug,0,MM0 ?C
15.8255,terug,0,MM1 C=931:-3010
15.8255,terug,0,MM0 C=784:-2759
15.8506,terug,0,"#53,YAW,2.58,GYRO,-12,45,-5,ACC,9,1,258,ADC,1228,496,5,2,"
15.8507,terug,0,MM1 ?D
15.8507,terug,0,MM0 ?D
15.8507,terug,0,MM1 D=17
15.8507,terug,0,MM0 D=59
15.8757,terug,0,"#54,YAW,2.58,GYRO,-13,45,-5,ACC,5,0,258,ADC,1260,498,5,2,"
15.8758,terug,0,MM0 ?FF
15.8758,terug,0,MM1 ?FF
15.8758,terug,0,MM0 FF=0
15.8758,terug,0,MM1 FF=0
15.8758,terug,0,"#55,YAW,2.58,GYRO,-13,48,-6,ACC,7,1,253,ADC,1241,385,5,1,"
15.8758,terug,0,MM0 ?P
15.8886,terug,0,MM1 ?P
15.8886,terug,0,MM0 P=0:0
15.8886,terug,0,MM1 P=0:0
15.8886,terug,0,"#56,YAW,2.58,GYRO,-13,45,-6,ACC,4,1,258,ADC,1255,384,4,2,"
15.8886,terug,0,MM0 ?S
15.8886,terug,0,MM1 ?S
15.9264,terug,0,MM0 S=0:0
15.9264,terug,0,MM1 S=0:0
15.9264,terug,0,MM1 !M 0 0
15.9264,terug,0,MM0 !M 0 0
15.9264,terug,0,MM1 +
15.9264,terug,0,MM0 +
15.9264,terug,0,MM0 !M 0 0
15.9264,terug,0,MM0 +
15.9264,terug,0,MM1 !M 0 0
15.9264,terug,0,MM1 +
15.9264,terug,0,"#57,YAW,2.58,GYRO,-14,46,-6,ACC,5,0,258,ADC,1283,351,6,2,"
15.9265,terug,0,MM0 ?T
15.9265,terug,0,MM1 ?T
15.9265,terug,0,MM1 T=36:34
15.9265,terug,0,MM0 T=35:34
15.9474,terug,0,"#58,YAW,2.58,GYRO,-13,44,-6,ACC,6,1,255,ADC,1279,385,4,2,"
15.9474,terug,0,MM1 ?V
15.9474,terug,0,MM0 ?V
15.9474,terug,0,MM1 V=120:223:4898
15.9474,terug,0,MM0 V=120:224:4909
15.9474,terug,0,"#59,YAW,2.58,GYRO,-13,47,-5,ACC,5,2,255,ADC,1241,395,5,2,"
15.9474,terug,0,MM1 ?CR
15.9824,terug,0,MM0 ?CR
15.9824,terug,0,MM1 CR=0:0
15.9824,terug,0,MM0 CR=0:0
15.9824,terug,0,MM0 !M 0 0
15.9824,terug,0,MM1 !M 0 0
15.9824,terug,0,MM0 +
15.9824,terug,0,MM1 +
15.9824,terug,0,"#60,YAW,2.58,GYRO,-14,46,-4,ACC,8,1,259,ADC,1256,496,4,1,"
15.9825,terug,0,MM0 ?A
15.9825,terug,0,MM1 ?A
15.9825,terug,0,MM0 A=0:0
15.9825,terug,0,MM1 A=0:0
15.9825,terug,0,"$GPRMC,130437.2,A,5050.50627,N,00419.38092,E,000.47,161.3,081026,000.4,E*5D"
16.0508,terug,0,"#61,YAW,2.58,GYRO,-13,45,-6,ACC,6,1,258,ADC,1253,393,3,2,"
16.0508,terug,0,MM0 ?AI
16.0508,terug,0,MM1 ?AI
16.0508,terug,0,MM0 AI=0:0:2441:2448:0:0
16.0508,terug,0,MM1 AI=0:0:2366:2374:0:0
16.0508,terug,0,"#62,YAW,2.59,GYRO,-14,45,-4,ACC,6,3,258,ADC,1276,386,5,2,"
16.0508,terug,0,MM0 ?C
16.0508,terug,0,MM1 ?C
16.0508,terug,0,MM0 C=784:-2759
16.0509,terug,0,MM1 C=931:-3010
16.0509,terug,0,MM1 !M 0 0
16.0509,terug,0,MM0 !M 0 0
16.0509,terug,0,MM1 +
16.0509,terug,0,MM0 +
16.0509,terug,0,"#63,YAW,2.59,GYRO,-12,44,-4,ACC,8,2,257,ADC,1226,384,5,2,"
16.0509,terug,0,MM0 ?D
16.0509,terug,0,MM1 ?D
16.0509,terug,0,MM0 D=51
16.0509,terug,0,MM1 D=17
16.0604,terug,0,"#64,YAW,2.59,GYRO,-14,46,-6,ACC,10,0,258,ADC,1243,382,4,1,"
16.0604,terug,0,MM0 ?FF
16.0604,terug,0,MM1 ?FF
16.0604,terug,0,MM0 FF=0
16.0604,terug,0,MM1 FF=0
16.0831,terug,0,DOEL terug -5.0000 r=0.13360
16.0922,terug,0,"#65,YAW,2.59,GYRO,-15,45,-6,ACC,6,0,254,ADC,1285,501,5,2,"
16.0922,terug,0,MM0 ?P
16.0922,terug,0,MM1 ?P
16.0922,terug,0,MM0 P=0:0
16.0922,terug,0,MM1 P=0:0
16.0922,terug,0,MM0 !M 0 0
16.0923,terug,0,MM1 !M 0 0
16.0923,terug,0,MM1 +
16.0923,terug,0,MM0 +
16.0923,terug,0,"#66,YAW,2.59,GYRO,-12,44,-6,ACC,5,3,254,ADC,1231,390,6,2,"
16.0923,terug,0,MM0 ?S
16.0923,terug,0,MM1 ?S
16.0923,terug,0,MM0 S=0:0
16.0923,terug,0,MM1 S=0:0
16.1263,terug,0,MM0 !M 0 0
16.1264,terug,0,MM1 !M 0 0
16.1264,terug,0,MM0 +
16.1264,terug,0,MM1 +
16.1264,terug,0,"#67,YAW,2.59,GYRO,-12,45,-5,ACC,4,2,258,ADC,1257,333,6,2,"
16.1264,terug,0,MM0 ?T
16.1264,terug,0,MM1 ?T
16.1264,terug,0,MM0 T=35:34
16.1264,terug,0,MM1 T=36:34
16.1474,terug,-8,"#68,YAW,2.59,GYRO,-13,46,-6,ACC,4,2,260,ADC,1268,385,5,2,"
16.1474,terug,-8,MM0 ?V
16.1474,terug,-8,MM1 ?V
16.1474,terug,-8,MM0 V=120:223:4910
16.1474,terug,-8,MM1 V=120:225:4900
16.1474,terug,-8,"#69,YAW,2.59,GYRO,-13,47,-5,ACC,8,5,258,ADC,1240,390,5,1,"
16.1474,terug,-8,MM0 ?CR
16.1813,terug,-8,MM1 ?CR
16.1813,terug,-8,MM0 CR=0:0
16.1813,terug,-8,MM1 CR=0:0
16.1813,terug,-8,MM0 !M -7 9
16.1813,terug,-8,MM1 !M -7 9
16.1814,terug,-8,MM0 +
16.1814,terug,-8,MM1 +
16.1814,terug,-8,"#70,YAW,2.59,GYRO,-12,45,-5,ACC,5,1,255,ADC,1238,382,5,2,"
16.1814,terug,-8,MM0 ?A
16.1814,terug,-8,MM1 ?A
16.1814,terug,-8,MM0 A=0:0
16.1814,terug,-8,MM1 A=0:0
16.1814,terug,-8,"$GPRMC,130437.4,A,5050.50636,N,00419.38112,E,000.48,161.3,081026,000.4,E*5D"
16.2313,terug,-16,"#71,YAW,2.59,GYRO,-14,45,-5,ACC,8,1,260,ADC,1247,500,5,2,"
16.2313,terug,-16,MM0 ?AI
16.2313,terug,-16,MM1 ?AI
16.2313,terug,-16,MM0 AI=0:0:2454:2453:0:0
16.2313,terug,-16,MM1 AI=0:0:2362:2365:0:0
16.2313,terug,-16,"#72,YAW,2.60,GYRO,-13,46,-7,ACC,4,1,258,ADC,1258,499,4,1,"
16.2313,terug,-16,MM0 ?C
16.2313,terug,-16,MM1 ?C
16.2314,terug,-16,MM0 C=784:-2759
16.2314,terug,-16,MM1 C=931:-3010
16.2315,terug,-16,MM0 !M -15 17
16.2315,terug,-16,MM1 !M -15 17
16.2315,terug,-16,MM0 +
16.2315,terug,-16,MM1 +
16.2315,terug,-16,"#73,YAW,2.60,GYRO,-15,46,-6,ACC,5,2,258,ADC,1208,386,5,2,"
16.2315,terug,-16,MM0 ?D
16.2315,terug,-16,MM1 ?D
16.2315,terug,-16,MM0 D=59
16.2315,terug,-16,MM1 D=25
16.2824,terug,-25,"#74,YAW,2.60,GYRO,-13,44,-4,ACC,7,3,261,ADC,1287,500,4,2,"
16.2825,terug,-25,MM0 ?FF
16.2825,terug,-25,MM1 ?FF
16.2825,terug,-25,MM0 FF=0
16.2825,terug,-25,MM1 FF=0
16.2825,terug,-25,MM0 !M -24 26
16.2825,terug,-25,MM1 !M -24 26
16.2825,terug,-25,MM0 +
16.2825,terug,-25,MM1 +
16.2825,terug,-25,"#75,YAW,2.60,GYRO,-13,46,-5,ACC,8,1,259,ADC,1249,497,4,1,"
16.2825,terug,-25,MM0 ?P
16.2825,terug,-25,MM1 ?P
16.2825,terug,-25,MM0 P=-24:26
16.2825,terug,-25,MM1 P=-24:26
16.3332,terug,-33,"#76,YAW,2.60,GYRO,-14,46,-5,ACC,6,-9,268,ADC,1243,383,4,2,"
16.3333,terug,-33,MM0 ?S
16.3333,terug,-33,MM1 ?S
16.3333,terug,-33,MM0 S=0:0
16.3333,terug,-33,MM1 S=0:0
16.3333,terug,-33,"#77,YAW,2.60,GYRO,-14,42,-4,ACC,7,1,257,ADC,1266,386,5,2,"
16.3333,terug,-33,MM0 ?T
16.3333,terug,-33,MM1 ?T
16.3333,terug,-33,MM0 T=35:34
16.3333,terug,-33,MM1 T=36:34
16.3333,terug,-33,MM0 !M -32 34
16.3333,terug,-33,MM1 !M -32 34
16.3333,terug,-33,MM0 +
16.3333,terug,-33,MM1 +
16.3333,terug,-33,"#78,YAW,2.60,GYRO,-13,47,-5,ACC,8,3,259,ADC,1290,394,5,2,"
16.3333,terug,-33,MM0 ?V
16.3333,terug,-33,MM1 ?V
16.3333,terug,-33,MM0 V=120:224:4909
16.3333,terug,-33,MM1 V=120:223:4898
16.3835,terug,-42,"#79,YAW,2.60,GYRO,-14,44,-8,ACC,5,2,257,ADC,1264,498,5,3,"
16.3835,terug,-42,MM0 ?CR
16.3836,terug,-42,MM1 ?CR
16.3836,terug,-42,MM1 CR=-1:1
16.3836,terug,-42,MM0 CR=0:1
16.3836,terug,-42,MM0 !M -41 43
16.3836,terug,-42,MM1 !M -41 43
16.3836,terug,-42,MM0 +
16.3836,terug,-42,MM1 +
16.3836,terug,-42,"#80,YAW,2.60,GYRO,-13,48,-7,ACC,-1,-1,261,ADC,1256,501,6,2,"
16.3836,terug,-42,MM0 ?A
16.3836,terug,-42,MM1 ?A
16.3836,terug,-42,MM0 A=0:0
16.3836,terug,-42,MM1 A=0:0
16.3837,terug,-42,"$GPRMC,130437.6,A,5050.50641,N,00419.38129,E,000.49,161.3,081026,000.4,E*56"
16.4355,terug,-50,"#81,YAW,2.60,GYRO,-13,53,-18,ACC,-1,4,258,ADC,1242,386,5,2,"
16.4355,terug,-50,MM0 ?AI
16.4355,terug,-50,MM1 ?AI
16.4355,terug,-50,MM0 AI=0:0:2435:2450:0:0
16.4355,terug,-50,MM1 AI=0:0:2341:2351:0:0
16.4355,terug,-50,"#82,YAW,2.61,GYRO,-12,43,-12,ACC,-8,-1,253,ADC,1219,382,6,2,"
16.4355,terug,-50,MM0 ?C
16.4355,terug,-50,MM1 ?C
16.4356,terug,-50,MM0 C=782:-2758
16.4356,terug,-50,MM1 C=930:-3009
16.4356,terug,-50,MM0 !M -49 51
16.4357,terug,-50,MM1 !M -49 51
16.4357,terug,-50,MM0 +
16.4357,terug,-50,MM1 +
16.4357,terug,-50,"#83,YAW,2.61,GYRO,-12,44,-2,ACC,-8,4,253,ADC,1231,382,6,1,"
16.4357,terug,-50,MM0 ?D
16.4357,terug,-50,MM1 ?D
16.4357,terug,-50,MM0 D=32
16.4357,terug,-50,MM1 D=32
16.4845,terug,-58,"#84,YAW,2.61,GYRO,-12,58,3,ACC,-8,4,258,ADC,1251,499,7,2,"
16.4845,terug,-58,MM0 ?FF
16.4845,terug,-58,MM1 ?FF
16.4845,terug,-58,MM0 FF=0
16.4845,terug,-58,MM1 FF=0
16.4845,terug,-58,MM0 !M -57 59
16.4845,terug,-58,MM1 !M -57 59
16.4845,terug,-58,MM1 +
16.4845,terug,-58,MM0 +
16.4845,terug,-58,"#85,YAW,2.61,GYRO,-10,38,8,ACC,-6,2,255,ADC,1280,387,3,2,"
16.4846,terug,-58,MM0 ?P
16.4846,terug,-58,MM1 ?P
16.4846,terug,-58,MM0 P=-57:59
16.4846,terug,-58,MM1 P=-57:59
16.5363,terug,-67,"#86,YAW,2.61,GYRO,-13,53,-3,ACC,-9,-1,259,ADC,1223,498,3,2,"
16.5363,terug,-67,MM0 ?S
16.5363,terug,-67,MM1 ?S
16.5363,terug,-67,MM1 S=0:75
16.5363,terug,-67,MM0 S=0:0
16.5363,terug,-67,"#87,YAW,2.61,GYRO,-12,28,-14,ACC,-4,1,263,ADC,1263,386,6,2,"
16.5364,terug,-67,MM0 ?T
16.5364,terug,-67,MM1 ?T
16.5364,terug,-67,MM0 T=35:34
16.5364,terug,-67,MM1 T=36:34
16.5364,terug,-67,MM0 !M -66 68
16.5364,terug,-67,MM1 !M -66 68
16.5364,terug,-67,MM0 +
16.5364,terug,-67,MM1 +
16.5364,terug,-67,"#88,YAW,2.61,GYRO,-9,41,-5,ACC,-6,1,249,ADC,1281,498,4,2,"
16.5364,terug,-67,MM0 ?V
16.5364,terug,-67,MM1 ?V
16.5364,terug,-67,MM0 V=120:223:4906
16.5364,terug,-67,MM1 V=120:223:4897
16.5869,terug,-75,"#89,YAW,2.61,GYRO,-11,58,-2,ACC,-6,3,262,ADC,1248,393,3,2,"
16.5869,terug,-75,MM0 ?CR
16.5869,terug,-75,MM1 ?CR
16.5869,terug,-75,MM0 CR=-4:3
16.5869,terug,-75,MM1 CR=-3:3
16.5869,terug,-75,MM0 !M -74 76
16.5869,terug,-75,MM1 !M -74 76
16.5869,terug,-75,MM0 +
16.5869,terug,-75,MM1 +
16.5869,terug,-75,"#90,YAW,2.61,GYRO,-7,41,-4,ACC,-1,2,260,ADC,1218,285,7,1,"
16.5869,terug,-75,MM0 ?A
16.5870,terug,-75,MM1 ?A
16.5870,terug,-75,MM0 A=0:0
16.5870,terug,-75,MM1 A=0:0
16.5870,terug,-75,"$GPRMC,130437.8,A,5050.50647,N,00419.38135,E,000.52,161.3,081026,000.4,E*59"
16.6363,terug,-84,"#91,YAW,2.61,GYRO,-7,52,1,ACC,-8,1,256,ADC,1277,502,7,2,"
16.6364,terug,-84,MM0 ?AI
16.6364,terug,-84,MM1 ?AI
16.6364,terug,-84,MM0 AI=0:0:2437:2456:0:0
16.6364,terug,-84,MM1 AI=0:0:2349:2360:0:0
16.6364,terug,-84,"#92,YAW,2.62,GYRO,-10,55,-4,ACC,-6,4,255,ADC,1253,389,3,1,"
16.6364,terug,-84,MM0 ?C
16.6364,terug,-84,MM1 ?C
16.6364,terug,-84,MM0 C=778:-2753
16.6364,terug,-84,MM1 C=925:-3004
16.6366,terug,-84,MM0 !M -83 85
16.6366,terug,-84,MM1 !M -83 85
16.6366,terug,-84,MM0 +
16.6366,terug,-84,MM1 +
16.6366,terug,-84,"#93,YAW,2.62,GYRO,-10,38,-10,ACC,-1,4,253,ADC,1280,499,5,2,"
16.6366,terug,-84,MM0 ?D
16.6366,terug,-84,MM1 ?D
16.6366,terug,-84,MM0 D=2
16.6366,terug,-84,MM1 D=3
16.6894,terug,-100,"#94,YAW,2.62,GYRO,-9,67,0,ACC,-16,2,253,ADC,1256,499,7,1,"
16.6895,terug,-100,MM0 ?FF
16.6895,terug,-100,MM1 ?FF
16.6895,terug,-100,MM0 FF=0
16.6895,terug,-100,MM1 FF=0
16.6895,terug,-100,"#95,YAW,2.62,GYRO,-12,46,-11,ACC,-1,2,256,ADC,1258,385,6,2,"
16.6895,terug,-100,MM0 !M -90 94
16.6895,terug,-100,MM0 +
16.6895,terug,-100,MM1 !M -90 94
16.6895,terug,-100,MM1 +
16.6895,terug,-100,MM0 ?P
16.6895,terug,-100,MM1 ?P
16.6895,terug,-100,MM0 P=-90:94
16.6895,terug,-100,MM1 P=-90:94
16.6895,terug,-100,"#96,YAW,2.62,GYRO,-2,74,7,ACC,-18,2,251,ADC,1218,387,6,2,"
16.6896,terug,-100,MM0 ?S
16.6896,terug,-100,MM1 ?S
16.6896,terug,-100,MM0 S=0:0
16.7234,terug,-100,MM1 S=-75:75
16.7234,terug,-100,MM1 !M -98 102
16.7234,terug,-100,MM0 !M -98 102
16.7234,terug,-100,MM1 +
16.7234,terug,-100,MM0 +
16.7234,terug,-100,"#97,YAW,2.62,GYRO,-1,41,1,ACC,-5,9,258,ADC,1228,385,5,2,"
16.7234,terug,-100,MM0 ?T
16.7234,terug,-100,MM1 ?T
16.7234,terug,-100,MM0 T=35:34
16.7235,terug,-100,MM1 T=36:34
16.7443,terug,-109,"#98,YAW,2.62,GYRO,-13,59,2,ACC,-6,6,261,ADC,1225,381,6,2,"
16.7444,terug,-109,MM0 ?V
16.7444,terug,-109,MM1 ?V
16.7444,terug,-109,MM0 V=120:222:4906
16.7444,terug,-109,MM1 V=120:223:4899
16.7782,terug,-109,"#99,YAW,2.62,GYRO,0,59,21,ACC,-14,0,254,ADC,1257,382,5,2,"
16.7783,terug,-109,MM0 ?CR
16.7783,terug,-109,MM1 ?CR
16.7783,terug,-109,MM1 CR=-9:9
16.7783,terug,-109,MM0 CR=-10:9
16.7783,terug,-109,"#100,YAW,2.62,GYRO,-15,19,9,ACC,-10,4,261,ADC,1254,502,4,2,"
16.7783,terug,-109,MM0 ?A
16.7783,terug,-109,MM1 ?A
16.7783,terug,-109,MM0 A=0:5
16.7783,terug,-109,MM1 A=0:0
16.7783,terug,-109,"$GPRMC,130438.0,A,5050.50647,N,00419.38140,E,000.53,161.3,081026,000.4,E*5D"
16.7994,terug,-117,"#101,YAW,2.62,GYRO,-10,42,1,ACC,-14,4,250,ADC,1208,380,4,2,"
16.7994,terug,-117,MM0 ?AI
16.7995,terug,-117,MM1 ?AI
16.7995,terug,-117,MM0 AI=0:0:2431:2453:0:0
16.7995,terug,-117,MM1 AI=0:0:2339:2345:0:0
16.7995,terug,-117,MM0 !M -107 111
16.7995,terug,-117,MM1 !M -107 111
16.7995,terug,-117,MM0 +
16.7995,terug,-117,MM1 +
16.8333,terug,-117,MM1 PING
16.8333,terug,-117,MM0 PING
16.8333,terug,-117,"#102,YAW,2.63,GYRO,-16,44,-2,ACC,-11,0,265,ADC,1247,296,7,1,"
16.8333,terug,-117,MM0 ?C
16.8333,terug,-117,MM1 ?C
16.8333,terug,-117,MM0 C=766:-2742
16.8334,terug,-117,MM1 C=913:-2992
16.8334,terug,-117,"#103,YAW,2.63,GYRO,-18,65,-6,ACC,-10,0,260,ADC,1247,385,5,1,"
16.8335,terug,-117,MM0 ?D
16.8335,terug,-117,MM1 ?D
16.8335,terug,-117,MM0 D=19
16.8335,terug,-117,MM1 D=1
16.8599,terug,-126,"#104,YAW,2.63,GYRO,-19,60,-9,ACC,-7,-6,257,ADC,1228,385,4,2,"
16.8600,terug,-126,MM0 ?FF
16.8600,terug,-126,MM1 ?FF
16.8600,terug,-126,MM0 FF=0
16.8600,terug,-126,MM1 FF=0
16.8600,terug,-126,MM0 !M -114 120
16.8600,terug,-126,MM1 !M -114 120
16.8753,terug,-126,MM0 +
16.8753,terug,-126,MM1 +
16.8753,terug,-126,MM0 PING
16.8753,terug,-126,MM1 PING
16.8753,terug,-126,"#105,YAW,2.63,GYRO,-19,86,-7,ACC,-11,-1,257,ADC,1265,388,6,2,"
16.8754,terug,-126,MM0 ?P
16.8754,terug,-126,MM1 ?P
16.8754,terug,-126,MM0 P=-114:120
16.8754,terug,-126,MM1 P=-114:120
16.8959,terug,-134,"#106,YAW,2.63,GYRO,-19,121,4,ACC,-10,-2,246,ADC,1270,500,6,1,"
16.8959,terug,-134,MM0 ?S
16.8959,terug,-134,MM1 ?S
16.8959,terug,-134,MM0 S=-75:75
16.8959,terug,-134,MM1 S=-75:75
16.9376,terug,-134,"#107,YAW,2.63,GYRO,-20,133,14,ACC,-14,-5,257,ADC,1288,384,6,1,"
16.9377,terug,-134,MM0 ?T
16.9377,terug,-134,MM1 ?T
16.9377,terug,-134,MM0 T=35:34
16.9377,terug,-134,MM1 T=36:34
16.9377,terug,-134,MM0 !M -123 129
16.9377,terug,-134,MM1 !M -123 129
16.9377,terug,-134,MM0 +
16.9377,terug,-134,MM1 +
16.9377,terug,-134,MM0 PING
16.9377,terug,-134,MM1 PING
16.9377,terug,-134,MM0 !M -131 137
16.9377,terug,-134,MM1 !M -131 137
16.9377,terug,-134,MM0 +
16.9377,terug,-134,MM1 +
16.9377,terug,-134,"#108,YAW,2.63,GYRO,-16,155,1,ACC,-9,-1,267,ADC,1288,365,6,2,"
16.9377,terug,-134,MM0 ?V
16.9377,terug,-134,MM1 ?V
16.9377,terug,-134,MM0 V=120:223:4906
16.9377,terug,-134,MM1 V=120:223:4898
16.9845,terug,-143,"#109,YAW,2.63,GYRO,-2,120,-22,ACC,-15,-3,243,ADC,1192,381,5,2,"
16.9845,terug,-143,MM0 ?CR
16.9845,terug,-143,MM1 ?CR
16.9845,terug,-143,MM0 CR=-18:18
16.9845,terug,-143,MM1 CR=-19:19
16.9845,terug,-143,"#110,YAW,2.63,GYRO,24,110,-27,ACC,-17,-2,235,ADC,1241,383,4,2,"
16.9846,terug,-143,MM0 ?A
16.9846,terug,-143,MM1 ?A
16.9846,terug,-143,MM1 A=-4:5
16.9846,terug,-143,MM0 A=0:5
16.9846,terug,-143,"$GPRMC,130438.2,A,5050.50647,N,00419.38144,E,000.54,161.3,081026,000.4,E*5C"
16.9994,terug,-151,"#111,YAW,2.63,GYRO,6,118,-23,ACC,-15,14,285,ADC,1211,382,3,2,"
16.9995,terug,-151,MM0 ?AI
16.9995,terug,-151,MM1 ?AI
16.9995,terug,-151,MM0 AI=0:0:2420:2450:0:0
16.9995,terug,-151,MM1 AI=0:0:2360:2383:0:0
16.9995,terug,-151,MM0 !M -140 146
17.0334,terug,-151,MM1 !M -140 146
17.0334,terug,-151,MM0 +
17.0334,terug,-151,MM1 +
17.0334,terug,-151,MM1 PING
17.0334,terug,-151,MM0 PING
17.0334,terug,-151,"#112,YAW,2.64,GYRO,17,42,-2,ACC,-16,13,256,ADC,1245,284,4,2,"
17.0335,terug,-151,MM0 ?C
17.0335,terug,-151,MM1 ?C
17.0335,terug,-151,MM0 C=745:-2721
17.0335,terug,-151,MM1 C=892:-2971
17.0336,terug,-151,MM1 !M -148 154
17.0336,terug,-151,MM0 !M -148 154
17.0336,terug,-151,MM1 +
17.0336,terug,-151,MM0 +
17.0336,terug,-151,"#113,YAW,2.64,GYRO,-1,28,17,ACC,-19,12,260,ADC,1294,391,6,1,"
17.0336,terug,-151,MM0 ?D
17.0336,terug,-151,MM1 ?D
17.0336,terug,-151,MM0 D=32
17.0336,terug,-151,MM1 D=48
17.0542,terug,-159,"#114,YAW,2.64,GYRO,-28,21,18,ACC,-34,5,245,ADC,1234,385,5,2,"
17.0543,terug,-159,MM0 ?FF
17.0543,terug,-159,MM1 ?FF
17.0543,terug,-159,MM0 FF=0
17.0543,terug,-159,MM1 FF=0
17.0884,terug,-159,MM0 !M -156 162
17.0884,terug,-159,MM1 !M -156 162
17.0885,terug,-159,MM0 +
17.0885,terug,-159,"#115,YAW,2.64,GYRO,-8,59,6,ACC,-10,1,285,ADC,1253,386,5,2,"
17.0885,terug,-159,MM1 +
17.0885,terug,-159,MM0 ?P
17.0885,terug,-159,MM1 ?P
17.0885,terug,-159,MM0 P=-156:162
17.0885,terug,-159,MM1 P=-156:162
17.0885,terug,-159,"#116,YAW,2.64,GYRO,-59,63,-24,ACC,7,1,259,ADC,1234,383,4,1,"
17.0885,terug,-159,MM0 ?S
17.0885,terug,-159,MM1 ?S
17.1431,terug,-168,MM0 S=-75:150
17.1431,terug,-168,MM1 S=-150:75
17.1431,terug,-168,"#117,YAW,2.64,GYRO,-43,76,-44,ACC,-8,3,242,ADC,1289,498,4,2,"
17.1432,terug,-168,MM0 ?T
17.1432,terug,-168,MM1 ?T
17.1432,terug,-168,MM0 T=35:34
17.1432,terug,-168,MM1 T=36:34
17.1432,terug,-168,MM1 !M -165 171
17.1432,terug,-168,MM0 !M -165 171
17.1432,terug,-168,MM1 +
17.1432,terug,-168,MM0 +
17.1432,terug,-168,"#118,YAW,2.64,GYRO,-35,35,-43,ACC,-21,2,243,ADC,1206,380,6,2,"
17.1432,terug,-168,MM0 ?V
17.1432,terug,-168,MM1 ?V
17.1432,terug,-168,MM0 V=120:223:4905
17.1432,terug,-168,MM1 V=120:223:4899
17.1783,terug,-176,"#119,YAW,2.64,GYRO,-29,71,-10,ACC,-11,4,285,ADC,1197,379,5,2,"
17.1784,terug,-176,MM0 ?CR
17.1784,terug,-176,MM1 ?CR
17.1784,terug,-176,MM0 CR=-27:27
17.1784,terug,-176,MM1 CR=-26:27
17.1784,terug,-176,"#120,YAW,2.64,GYRO,-6,7,23,ACC,1,3,244,ADC,1244,389,5,2,"
17.1784,terug,-176,MM0 ?A
17.1784,terug,-176,MM1 ?A
17.1785,terug,-176,MM0 A=-4:5
17.1785,terug,-176,MM1 A=-4:10
17.1785,terug,-176,"$GPRMC,130438.4,A,5050.50647,N,00419.38149,E,000.56,161.3,081026,000.4,E*55"
17.1995,terug,-185,"#121,YAW,2.64,GYRO,-23,-55,31,ACC,-9,1,213,ADC,1279,501,8,1,"
17.1995,terug,-185,MM0 ?AI
17.1995,terug,-185,MM1 ?AI
17.1995,terug,-185,MM0 AI=0:0:2455:2447:0:0
17.1996,terug,-185,MM1 AI=0:0:2348:2347:0:0
17.2333,terug,-185,MM1 !M -174 178
17.2333,terug,-185,MM0 !M -174 178
17.2333,terug,-185,MM1 +
17.2333,terug,-185,MM0 +
17.2333,terug,-185,MM0 PING
17.2333,terug,-185,MM1 PING
17.2333,terug,-185,"#122,YAW,2.65,GYRO,-30,3,14,ACC,-17,0,290,ADC,1219,316,4,2,"
17.2334,terug,-185,MM0 ?C
17.2334,terug,-185,MM1 ?C
17.2334,terug,-185,MM0 C=716:-2692
17.2334,terug,-185,MM1 C=863:-2942
17.2335,terug,-185,"#123,YAW,2.65,GYRO,-5,-18,-35,ACC,-7,-5,240,ADC,1252,384,7,2,"
17.2335,terug,-185,MM0 ?D
17.2335,terug,-185,MM1 ?D
17.2335,terug,-185,MM0 D=19
17.2335,terug,-185,MM1 D=3
17.2543,terug,-193,"#124,YAW,2.65,GYRO,-38,-45,-59,ACC,4,6,299,ADC,1283,384,5,2,"
17.2544,terug,-193,MM0 ?FF
17.2544,terug,-193,MM1 ?FF
17.2544,terug,-193,MM0 FF=0
17.2544,terug,-193,MM1 FF=0
17.2544,terug,-193,MM0 !M -182 188
17.2544,terug,-193,MM1 !M -182 188
17.2544,terug,-193,MM0 +
17.2544,terug,-193,MM1 +
17.2885,terug,-193,MM0 PING
17.2885,terug,-193,MM1 PING
17.2885,terug,-193,MM0 !M -190 196
17.2885,terug,-193,MM1 !M -190 196
17.2885,terug,-193,MM0 +
17.2885,terug,-193,MM1 +
17.2885,terug,-193,"#125,YAW,2.65,GYRO,-34,28,-36,ACC,-11,9,253,ADC,1235,286,5,1,"
17.2886,terug,-193,MM0 ?P
17.2886,terug,-193,MM1 ?P
17.2886,terug,-193,MM0 P=-190:196
17.2886,terug,-193,MM1 P=-190:196
17.2886,terug,-193,"#126,YAW,2.65,GYRO,-37,90,-2,ACC,-24,7,239,ADC,1245,387,5,2,"
17.2886,terug,-193,MM0 ?S
17.2886,terug,-193,MM1 ?S
17.3424,terug,-202,MM1 S=-75:75
17.3424,terug,-202,MM0 S=-150:150
17.3424,terug,-202,"#127,YAW,2.65,GYRO,-39,-7,37,ACC,-17,3,250,ADC,1286,503,4,2,"
17.3425,terug,-202,MM0 ?T
17.3425,terug,-202,MM1 ?T
17.3425,terug,-202,MM0 T=35:34
17.3425,terug,-202,MM1 T=36:34
17.3425,terug,-202,MM0 !M -200 204
17.3425,terug,-202,MM1 !M -200 204
17.3425,terug,-202,MM0 +
17.3425,terug,-202,MM1 +
17.3425,terug,-202,"#128,YAW,2.65,GYRO,-51,-7,43,ACC,-17,-3,253,ADC,1296,501,4,2,"
17.3425,terug,-202,MM0 ?V
17.3425,terug,-202,MM1 ?V
17.3425,terug,-202,MM0 V=120:224:4905
17.3425,terug,-202,MM1 V=120:223:4898
17.3946,terug,-210,"#129,YAW,2.65,GYRO,-32,96,19,ACC,-4,-10,248,ADC,1280,501,5,2,"
17.3947,terug,-210,MM0 ?CR
17.3947,terug,-210,MM1 ?CR
17.3947,terug,-210,MM0 CR=-34:34
17.3947,terug,-210,MM1 CR=-35:33
17.3947,terug,-210,"#130,YAW,2.65,GYRO,-10,89,-31,ACC,8,-12,275,ADC,1200,381,4,2,"
17.3947,terug,-210,MM0 ?A
17.3947,terug,-210,MM1 ?A
17.3947,terug,-210,MM0 A=-4:4
17.3947,terug,-210,MM1 A=-4:4
17.3947,terug,-210,"$GPRMC,130438.6,A,5050.50648,N,00419.38154,E,000.57,161.3,081026,000.4,E*55"
17.3947,terug,-210,"#131,YAW,2.65,GYRO,-37,96,-39,ACC,-17,2,266,ADC,1238,384,4,2,"
17.3947,terug,-210,MM1 ?AI
17.3947,terug,-210,MM0 ?AI
17.3947,terug,-210,MM1 AI=0:0:2346:2354:0:0
17.3947,terug,-210,MM0 AI=0:0:2434:2451:0:0
17.4434,terug,-218,"#132,YAW,2.66,GYRO,-14,88,-42,ACC,-4,8,238,ADC,1246,382,5,1,"
17.4434,terug,-218,MM0 !M -206 214
17.4434,terug,-218,MM0 +
17.4434,terug,-218,MM1 !M -206 214
17.4434,terug,-218,MM1 +
17.4434,terug,-218,MM1 PING
17.4434,terug,-218,MM0 PING
17.4434,terug,-218,MM0 ?C
17.4435,terug,-218,MM1 ?C
17.4435,terug,-218,MM0 C=679:-2655
17.4435,terug,-218,MM1 C=826:-2905
17.4436,terug,-218,"#133,YAW,2.66,GYRO,-48,18,-7,ACC,-10,5,272,ADC,1255,502,4,2,"
17.4436,terug,-218,MM0 ?D
17.4436,terug,-218,MM1 ?D
17.4436,terug,-218,MM0 D=48
17.4436,terug,-218,MM1 D=48
17.4943,terug,-227,"#134,YAW,2.66,GYRO,-5,-79,6,ACC,-7,1,238,ADC,1239,384,6,2,"
17.4944,terug,-227,MM0 ?FF
17.4944,terug,-227,MM1 ?FF
17.4944,terug,-227,MM0 FF=0
17.4944,terug,-227,MM1 FF=0
17.4944,terug,-227,MM0 !M -215 221
17.4944,terug,-227,MM1 !M -215 221
17.4944,terug,-227,MM0 +
17.4944,terug,-227,MM1 +
17.4944,terug,-227,MM1 PING
17.4944,terug,-227,MM0 PING
17.4944,terug,-227,"#135,YAW,2.66,GYRO,-15,51,4,ACC,-7,-4,283,ADC,1249,381,7,2,"
17.4944,terug,-227,MM0 ?P
17.4944,terug,-227,MM1 ?P
17.4944,terug,-227,MM0 P=-215:221
17.4944,terug,-227,MM1 P=-215:221
17.4944,terug,-227,"#136,YAW,2.66,GYRO,24,181,-24,ACC,0,0,295,ADC,1221,386,4,1,"
17.4945,terug,-227,MM0 ?S
17.4945,terug,-227,MM1 ?S
17.4945,terug,-227,MM0 S=-225:150
17.4945,terug,-227,MM1 S=-150:150
17.5469,terug,-235,"#137,YAW,2.66,GYRO,-4,81,-17,ACC,-15,-5,203,ADC,1245,385,6,2,"
17.5470,terug,-235,MM0 ?T
17.5470,terug,-235,MM0 T=35:34
17.5470,terug,-235,MM1 ?T
17.5470,terug,-235,MM1 T=36:34
17.5470,terug,-235,MM1 !M -224 230
17.5470,terug,-235,MM0 !M -224 230
17.5470,terug,-235,MM1 +
17.5470,terug,-235,MM0 +
17.5470,terug,-235,MM0 PING
17.5470,terug,-235,MM1 PING
17.5470,terug,-235,"#138,YAW,2.66,GYRO,5,94,-10,ACC,-15,0,255,ADC,1246,391,4,2,"
17.5470,terug,-235,MM0 ?V
17.5470,terug,-235,MM1 ?V
17.5470,terug,-235,MM0 V=120:223:4905
17.5470,terug,-235,MM1 V=120:223:4898
17.5963,terug,-244,"#139,YAW,2.66,GYRO,2,-21,5,ACC,-20,-2,234,ADC,1259,503,4,1,"
17.5964,terug,-244,MM1 ?CR
17.5964,terug,-244,MM0 ?CR
17.5964,terug,-244,MM1 CR=-43:43
17.5964,terug,-244,MM0 CR=-43:43
17.5964,terug,-244,MM0 !M -232 238
17.5964,terug,-244,MM1 !M -232 238
17.5964,terug,-244,MM0 +
17.5964,terug,-244,MM1 +
17.5964,terug,-244,MM0 PING
17.5964,terug,-244,MM1 PING
17.5964,terug,-244,"#140,YAW,2.66,GYRO,22,-51,9,ACC,-19,12,303,ADC,1225,392,6,2,"
17.5964,terug,-244,MM0 ?A
17.5964,terug,-244,MM1 ?A
17.5964,terug,-244,MM0 A=-7:8
17.5964,terug,-244,MM1 A=-7:12
17.5964,terug,-244,"$GPRMC,130438.8,A,5050.50648,N,00419.38159,E,000.58,161.3,081026,000.4,E*59"
17.5965,terug,-244,"#141,YAW,2.66,GYRO,42,197,-22,ACC,-5,10,257,ADC,1289,502,4,2,"
17.5965,terug,-244,MM1 ?AI
17.5965,terug,-244,MM0 ?AI
17.5965,terug,-244,MM1 AI=0:0:2321:2381:0:0
17.5965,terug,-244,MM0 AI=0:0:2440:2442:0:0
17.6454,terug,-250,"#142,YAW,2.67,GYRO,33,125,-19,ACC,-22,12,286,ADC,1252,399,3,2,"
17.6455,terug,-250,MM0 ?C
17.6455,terug,-250,MM1 ?C
17.6455,terug,-250,MM1 C=781:-2861
17.6455,terug,-250,MM0 C=633:-2610
17.6456,terug,-250,MM1 !M -241 247
17.6456,terug,-250,MM0 !M -241 247
17.6456,terug,-250,MM1 +
17.6456,terug,-250,MM0 +
17.6456,terug,-250,MM1 PING
17.6456,terug,-250,MM0 PING
17.6456,terug,-250,"#143,YAW,2.67,GYRO,10,101,-17,ACC,-2,6,235,ADC,1219,385,4,2,"
17.6456,terug,-250,MM0 ?D
17.6456,terug,-250,MM1 ?D
17.6456,terug,-250,MM1 D=35
17.6456,terug,-250,MM0 D=3
17.6954,terug,-250,"#144,YAW,2.67,GYRO,13,-63,10,ACC,-26,6,236,ADC,1249,382,4,2,"
17.6954,terug,-250,MM1 ?FF
17.6955,terug,-250,MM0 ?FF
17.6955,terug,-250,MM1 FF=0
17.6955,terug,-250,MM0 FF=0
17.6955,terug,-250,MM0 !M -247 253
17.6955,terug,-250,MM1 !M -247 253
17.6955,terug,-250,MM0 +
17.6955,terug,-250,MM1 +
17.6955,terug,-250,MM0 PING
17.6955,terug,-250,MM1 PING
17.6955,terug,-250,"#145,YAW,2.67,GYRO,-88,-28,-3,ACC,-4,23,333,ADC,1275,381,6,1,"
17.6955,terug,-250,MM0 ?P
17.6955,terug,-250,MM1 ?P
17.6955,terug,-250,MM0 P=-247:253
17.6955,terug,-250,MM1 P=-247:253
17.6955,terug,-250,"#146,YAW,2.67,GYRO,18,156,-16,ACC,-14,5,242,ADC,1242,392,8,2,"
17.6955,terug,-250,MM0 ?S
17.6955,terug,-250,MM1 ?S
17.6955,terug,-250,MM0 S=-150:225
17.6955,terug,-250,MM1 S=-150:150
17.7454,terug,-250,"#147,YAW,2.67,GYRO,-100,66,-8,ACC,9,-17,215,ADC,1246,392,4,2,"
17.7455,terug,-250,MM0 ?T
17.7455,terug,-250,MM1 ?T
17.7455,terug,-250,MM0 T=35:34
17.7455,terug,-250,MM1 T=36:34
17.7455,terug,-250,MM0 !M -247 253
17.7455,terug,-250,MM1 !M -247 253
17.7455,terug,-250,MM0 +
17.7455,terug,-250,MM1 +
17.7455,terug,-250,MM0 PING
17.7455,terug,-250,MM1 PING
17.7455,terug,-250,"#148,YAW,2.67,GYRO,-11,9,10,ACC,-16,5,242,ADC,1258,497,5,2,"
17.7455,terug,-250,MM0 ?V
17.7455,terug,-250,MM1 ?V
17.7455,terug,-250,MM0 V=120:224:4904
17.7455,terug,-250,MM1 V=120:223:4898
17.7975,terug,-250,"#149,YAW,2.67,GYRO,-44,-77,8,ACC,-20,5,282,ADC,1262,389,4,2,"
17.7976,terug,-250,MM1 ?CR
17.7976,terug,-250,MM0 ?CR
17.7976,terug,-250,MM1 CR=-50:50
17.7976,terug,-250,MM0 CR=-52:51
17.7976,terug,-250,MM0 !M -247 253
17.7976,terug,-250,MM1 !M -247 253
17.7976,terug,-250,MM0 +
17.7976,terug,-250,MM1 +
17.7976,terug,-250,MM1 PING
17.7976,terug,-250,MM0 PING
17.7976,terug,-250,"#150,YAW,2.67,GYRO,18,14,-13,ACC,-1,7,305,ADC,1251,386,5,1,"
17.7976,terug,-250,MM1 ?A
17.7976,terug,-250,MM0 ?A
17.7976,terug,-250,MM1 A=-7:7
17.7976,terug,-250,MM0 A=-3:7
17.7976,terug,-250,MM0 !M -246 254
17.7976,terug,-250,MM1 !M -246 254
17.7976,terug,-250,MM0 +
17.7976,terug,-250,MM1 +
17.7976,terug,-250,"$GPRMC,130439.0,A,5050.50649,N,00419.38164,E,000.58,161.3,081026,000.4,E*5F"
17.7976,terug,-250,"#151,YAW,2.67,GYRO,-7,54,-17,ACC,-7,1,254,ADC,1195,299,6,1,"
17.7977,terug,-250,MM1 ?AI
17.7977,terug,-250,MM0 ?AI
17.7977,terug,-250,MM1 AI=0:0:2374:2365:0:0
17.7977,terug,-250,MM0 AI=0:0:2427:2453:0:0
17.8496,terug,-250,"#152,YAW,2.68,GYRO,-76,50,15,ACC,-2,15,201,ADC,1225,501,7,2,"
17.8496,terug,-250,MM1 ?C
17.8496,terug,-250,MM0 ?C
17.8496,terug,-250,MM1 C=729:-2809
17.8496,terug,-250,MM0 C=580:-2557
17.8497,terug,-250,"#153,YAW,2.68,GYRO,45,-101,41,ACC,-11,-14,209,ADC,1253,380,6,2,"
17.8497,terug,-250,MM0 !M -247 253
17.8497,terug,-250,MM0 +
17.8497,terug,-250,MM1 !M -247 253
17.8498,terug,-250,MM1 +
17.8498,terug,-250,MM1 ?D
17.8498,terug,-250,MM0 ?D
17.8498,terug,-250,MM1 D=33
17.8498,terug,-250,MM0 D=24
17.8498,terug,-250,"#154,YAW,2.68,GYRO,-6,15,-7,ACC,-2,-16,367,ADC,1281,388,6,2,"
17.8498,terug,-250,MM1 ?FF
17.8498,terug,-250,MM0 ?FF
17.8498,terug,-250,MM1 FF=0
17.8991,terug,-250,MM0 FF=0
17.8991,terug,-250,"#155,YAW,2.68,GYRO,18,229,-40,ACC,-4,-2,252,ADC,1222,384,4,1,"
17.8991,terug,-250,MM1 ?P
17.8991,terug,-250,MM0 ?P
17.8991,terug,-250,MM1 P=-247:253
17.8991,terug,-250,MM0 P=-247:253
17.8991,terug,-250,"#156,YAW,2.68,GYRO,-43,44,-25,ACC,15,10,188,ADC,1234,381,6,2,"
17.8991,terug,-250,MM1 ?S
17.8991,terug,-250,MM0 ?S
17.8992,terug,-250,MM1 S=-225:150
17.8992,terug,-250,MM0 S=-225:225
17.9493,terug,-250,"#157,YAW,2.68,GYRO,3,-101,6,ACC,-23,10,253,ADC,1272,501,5,1,"
17.9493,terug,-250,MM1 ?T
17.9493,terug,-250,MM0 ?T
17.9493,terug,-250,MM1 T=36:34
17.9493,terug,-250,MM0 T=35:34
17.9493,terug,-250,MM0 !M -245 255
17.9493,terug,-250,MM1 !M -245 255
17.9493,terug,-250,MM0 +
17.9493,terug,-250,MM1 +
17.9493,terug,-250,MM0 PING
17.9494,terug,-250,MM1 PING
17.9494,terug,-250,"#158,YAW,2.68,GYRO,-25,11,-6,ACC,-4,12,353,ADC,1256,384,5,2,"
17.9494,terug,-250,MM0 !M -246 254
17.9494,terug,-250,MM0 +
17.9494,terug,-250,MM1 !M -246 254
17.9494,terug,-250,MM1 +
17.9494,terug,-250,MM0 ?V
17.9494,terug,-250,MM1 ?V
17.9494,terug,-250,MM0 V=120:223:4905
17.9494,terug,-250,MM1 V=120:223:4900
17.9494,terug,-250,"#159,YAW,2.68,GYRO,17,151,-41,ACC,-6,-4,277,ADC,1238,386,4,2,"
17.9494,terug,-250,MM1 ?CR
17.9983,terug,-250,MM0 ?CR
17.9984,terug,-250,MM1 CR=-56:55
17.9984,terug,-250,MM0 CR=-55:55
17.9984,terug,-250,"#160,YAW,2.68,GYRO,-83,128,-22,ACC,16,1,178,ADC,1279,498,5,2,"
17.9984,terug,-250,MM1 ?A
17.9984,terug,-250,MM0 ?A
17.9984,terug,-250,MM1 A=-3:3
17.9984,terug,-250,MM0 A=0:3
17.9984,terug,-250,"$GPRMC,130439.2,A,5050.50653,N,00419.38167,E,000.58,161.3,081026,000.4,E*55"
17.9984,terug,-250,"#161,YAW,2.68,GYRO,5,8,5,ACC,-13,7,234,ADC,1249,500,6,2,"
17.9984,terug,-250,MM1 ?AI
17.9984,terug,-250,MM0 ?AI
17.9984,terug,-250,MM1 AI=0:0:2376:2367:0:0
17.9984,terug,-250,MM0 AI=0:0:2426:2446:0:0
18.0484,terug,-250,"#162,YAW,2.69,GYRO,-16,27,-2,ACC,10,-6,312,ADC,1256,502,5,2,"
18.0485,terug,-250,MM1 ?C
18.0485,terug,-250,MM0 ?C
18.0485,terug,-250,MM1 C=672:-2753
18.0485,terug,-250,MM0 C=523:-2501
18.0486,terug,-250,MM0 !M -247 253
18.0486,terug,-250,MM1 !M -247 253
18.0486,terug,-250,MM0 +
18.0486,terug,-250,MM1 +
18.0486,terug,-250,MM1 PING
18.0486,terug,-250,MM0 PING
18.0486,terug,-250,MM0 !M -246 254
18.0486,terug,-250,MM1 !M -246 254
18.0486,terug,-250,MM0 +
18.0486,terug,-250,MM1 +
18.0486,terug,-250,"#163,YAW,2.69,GYRO,101,230,-51,ACC,5,-30,277,ADC,1276,346,5,2,"
18.0486,terug,-250,MM1 ?D
18.0486,terug,-250,MM0 ?D
18.0486,terug,-250,MM0 D=48
18.0486,terug,-250,MM1 D=1
18.0486,terug,-250,"#164,YAW,2.69,GYRO,-47,117,-22,ACC,9,13,194,ADC,1266,385,7,2,"
18.0487,terug,-250,MM1 ?FF
18.0696,terug,-250,MM0 ?FF
18.0696,terug,-250,MM1 FF=0
18.0696,terug,-250,MM0 FF=0
18.0696,terug,-250,"#165,YAW,2.69,GYRO,-4,-76,17,ACC,-14,11,220,ADC,1275,388,5,2,"
18.0696,terug,-250,MM1 ?P
18.0696,terug,-250,MM0 ?P
18.1039,terug,-250,MM1 P=-246:254
18.1039,terug,-250,MM0 P=-246:254
18.1039,terug,-250,MM1 !M -247 253
18.1039,terug,-250,MM0 !M -247 253
18.1039,terug,-250,MM1 +
18.1039,terug,-250,MM0 +
18.1039,terug,-250,"#166,YAW,2.69,GYRO,-52,-80,30,ACC,1,8,301,ADC,1197,380,4,3,"
18.1039,terug,-250,MM1 ?S
18.1039,terug,-250,MM0 ?S
18.1039,terug,-250,MM1 S=-225:225
18.1039,terug,-250,MM0 S=-225:225
18.1382,terug,-250,"#167,YAW,2.69,GYRO,-7,73,-25,ACC,10,-12,300,ADC,1260,399,7,1,"
18.1383,terug,-250,MM1 ?T
18.1383,terug,-250,MM0 ?T
18.1383,terug,-250,MM1 T=36:34
18.1383,terug,-250,MM0 T=35:34
18.1383,terug,-250,"#168,YAW,2.69,GYRO,-69,80,-27,ACC,-6,5,220,ADC,1276,390,4,2,"
18.1383,terug,-250,MM1 ?V
18.1383,terug,-250,MM0 ?V
18.1383,terug,-250,MM1 V=120:223:4898
18.1383,terug,-250,MM0 V=120:224:4905
18.1597,terug,-250,"#169,YAW,2.69,GYRO,12,-84,-9,ACC,-1,6,183,ADC,1289,502,5,2,"
18.1598,terug,-250,MM1 ?CR
18.1598,terug,-250,MM0 ?CR
18.1598,terug,-250,MM1 CR=-57:57
18.1598,terug,-250,MM0 CR=-58:58
18.1598,terug,-250,MM0 !M -246 254
18.1951,terug,-250,MM1 !M -246 254
18.1951,terug,-250,MM0 +
18.1951,terug,-250,MM1 +
18.1951,terug,-250,MM0 PING
18.1951,terug,-250,MM1 PING
18.1952,terug,-250,"#170,YAW,2.69,GYRO,-102,-56,1,ACC,-29,6,320,ADC,1230,305,8,2,"
18.1953,terug,-250,MM1 ?A
18.1953,terug,-250,MM0 ?A
18.1953,terug,-250,MM1 A=-3:3
18.1953,terug,-250,MM0 A=0:7
18.1953,terug,-250,"$GPRMC,130439.4,A,5050.50656,N,00419.38172,E,000.59,161.3,081026,000.4,E*53"
18.1953,terug,-250,"#171,YAW,2.69,GYRO,23,106,-25,ACC,10,-4,322,ADC,1254,387,5,2,"
18.1953,terug,-250,MM0 ?AI
18.1953,terug,-250,MM1 ?AI
18.1953,terug,-250,MM0 AI=0:0:2445:2456:0:0
18.1953,terug,-250,MM1 AI=0:0:2347:2348:0:0
18.2152,terug,-250,"#172,YAW,2.69,GYRO,4,133,-7,ACC,1,-1,196,ADC,1265,499,4,2,"
18.2152,terug,-250,MM1 ?C
18.2152,terug,-250,MM0 ?C
18.2152,terug,-250,MM1 C=615:-2695
18.2153,terug,-250,MM0 C=465:-2443
18.2153,terug,-250,MM0 !M -247 253
18.2153,terug,-250,MM1 !M -247 253
18.2153,terug,-250,MM0 +
18.2153,terug,-250,MM1 +
18.2497,terug,-250,MM1 PING
18.2497,terug,-250,MM0 PING
18.2497,terug,-250,"#173,YAW,2.69,GYRO,-8,42,10,ACC,-6,16,211,ADC,1263,371,4,2,"
18.2498,terug,-250,MM0 !M -247 253
18.2498,terug,-250,MM0 +
18.2498,terug,-250,MM1 !M -247 253
18.2498,terug,-250,MM1 +
18.2498,terug,-250,MM0 ?D
18.2498,terug,-250,MM1 ?D
18.2498,terug,-250,MM1 D=50
18.2498,terug,-250,MM0 D=3
18.2498,terug,-250,"#174,YAW,2.69,GYRO,-27,-13,9,ACC,-2,10,317,ADC,1233,383,3,1,"
18.2498,terug,-250,MM1 ?FF
18.2498,terug,-250,MM0 ?FF
18.2498,terug,-250,MM1 FF=0
18.3002,terug,-250,MM0 FF=0
18.3002,terug,-250,"#175,YAW,2.69,GYRO,81,335,-30,ACC,20,-11,292,ADC,1278,500,5,1,"
18.3002,terug,-250,MM1 ?P
18.3002,terug,-250,MM0 ?P
18.3002,terug,-250,MM1 P=-247:253
18.3002,terug,-250,MM0 P=-247:253
18.3002,terug,-250,"#176,YAW,2.69,GYRO,-31,174,-17,ACC,16,1,224,ADC,1236,393,6,1,"
18.3002,terug,-250,MM1 ?S
18.3002,terug,-250,MM0 ?S
18.3002,terug,-250,MM1 S=-225:225
18.3003,terug,-250,MM0 S=-225:150
18.3505,terug,-250,"#177,YAW,2.69,GYRO,6,-160,12,ACC,-19,7,176,ADC,1236,383,5,2,"
18.3505,terug,-250,MM1 ?T
18.3505,terug,-250,MM0 ?T
18.3505,terug,-250,MM1 T=36:34
18.3505,terug,-250,MM0 T=35:34
18.3505,terug,-250,MM0 !M -246 254
18.3505,terug,-250,MM1 !M -246 254
18.3506,terug,-250,MM0 +
18.3506,terug,-250,MM1 +
18.3506,terug,-250,MM1 PING
18.3506,terug,-250,MM0 PING
18.3506,terug,-250,"#178,YAW,2.69,GYRO,-68,14,14,ACC,9,12,375,ADC,1261,387,6,2,"
18.3506,terug,-250,MM0 ?V
18.3506,terug,-250,MM1 ?V
18.3506,terug,-250,MM0 V=120:223:4905
18.3506,terug,-250,MM1 V=120:223:4900
18.3506,terug,-250,MM0 !M -246 254
18.3506,terug,-250,MM1 !M -246 254
18.3506,terug,-250,MM0 +
18.3506,terug,-250,MM1 +
18.3506,terug,-250,"#179,YAW,2.69,GYRO,-45,267,-20,ACC,3,10,307,ADC,1281,502,5,1,"
18.3506,terug,-250,MM0 ?CR
18.3506,terug,-250,MM1 ?CR
18.3506,terug,-250,MM0 CR=-58:58
18.3894,terug,-250,MM1 CR=-57:59
18.3894,terug,-250,"#180,YAW,2.69,GYRO,-23,64,-23,ACC,-4,0,203,ADC,1219,497,4,1,"
18.3895,terug,-250,MM0 ?A
18.3895,terug,-250,MM1 ?A
18.3895,terug,-250,MM1 A=-3:3
18.3895,terug,-250,MM0 A=0:7
18.3895,terug,-250,"$GPRMC,130439.6,A,5050.50657,N,00419.38176,E,000.59,161.3,081026,000.4,E*54"
18.3895,terug,-250,"#181,YAW,2.69,GYRO,-34,-95,-10,ACC,2,-5,152,ADC,1229,382,6,2,"
18.3895,terug,-250,MM0 ?AI
18.3895,terug,-250,MM1 ?AI
18.4103,terug,-250,MM0 AI=0:0:2445:2470:0:0
18.4103,terug,-250,MM1 AI=0:0:2355:2366:0:0
18.4103,terug,-250,"#182,YAW,2.70,GYRO,-40,-111,-16,ACC,-12,5,417,ADC,1241,501,5,2,"
18.4104,terug,-250,MM0 ?C
18.4104,terug,-250,MM1 ?C
18.4104,terug,-250,MM0 C=408:-2385
18.4443,terug,-250,MM1 C=558:-2637
18.4445,terug,-250,MM0 !M -246 254
18.4445,terug,-250,MM1 !M -246 254
18.4445,terug,-250,MM0 +
18.4445,terug,-250,MM1 +
18.4445,terug,-250,MM0 PING
18.4445,terug,-250,MM1 PING
18.4445,terug,-250,"#183,YAW,2.70,GYRO,-17,116,-52,ACC,1,13,304,ADC,1271,381,3,1,"
18.4445,terug,-250,MM0 ?D
18.4445,terug,-250,MM1 ?D
18.4445,terug,-250,MM0 D=16
18.4445,terug,-250,MM1 D=3
18.4653,terug,-250,"#184,YAW,2.70,GYRO,-19,69,-23,ACC,20,9,164,ADC,1229,381,4,2,"
18.4653,terug,-250,MM0 ?FF
18.4653,terug,-250,MM1 ?FF
18.4653,terug,-250,MM0 FF=0
18.4653,terug,-250,MM1 FF=0
18.4653,terug,-250,MM0 !M -246 254
18.4653,terug,-250,MM1 !M -246 254
18.4654,terug,-250,MM0 +
18.4654,terug,-250,MM1 +
18.4654,terug,-250,MM0 PING
18.4992,terug,-250,MM1 PING
18.4992,terug,-250,"#185,YAW,2.70,GYRO,-75,109,27,ACC,-32,9,197,ADC,1238,355,3,2,"
18.4993,terug,-250,MM0 ?P
18.4993,terug,-250,MM1 ?P
18.4993,terug,-250,MM0 P=-246:254
18.4993,terug,-250,MM1 P=-246:254
18.4993,terug,-250,"#186,YAW,2.70,GYRO,-50,21,31,ACC,2,-8,341,ADC,1220,394,4,2,"
18.4993,terug,-250,MM0 ?S
18.4993,terug,-250,MM1 ?S
18.4993,terug,-250,MM0 S=-225:225
18.4993,terug,-250,MM1 S=-225:225
18.5532,terug,-250,"#187,YAW,2.70,GYRO,-8,204,-13,ACC,19,-16,276,ADC,1222,383,5,2,"
18.5533,terug,-250,MM0 ?T
18.5533,terug,-250,MM1 ?T
18.5533,terug,-250,MM0 T=35:34
18.5533,terug,-250,MM1 T=36:34
18.5533,terug,-250,MM1 !M -247 253
18.5533,terug,-250,MM0 !M -247 253
18.5533,terug,-250,MM1 +
18.5533,terug,-250,MM0 +
18.5533,terug,-250,MM1 PING
18.5533,terug,-250,MM0 PING
18.5533,terug,-250,"#188,YAW,2.70,GYRO,-22,180,-24,ACC,0,-13,229,ADC,1211,386,5,1,"
18.5533,terug,-250,MM0 ?V
18.5533,terug,-250,MM1 ?V
18.5533,terug,-250,MM0 V=120:223:4906
18.5533,terug,-250,MM1 V=120:223:4899
18.5533,terug,-250,"#189,YAW,2.70,GYRO,-24,-31,-22,ACC,-19,6,262,ADC,1236,389,3,2,"
18.5533,terug,-250,MM0 ?CR
18.5533,terug,-250,MM1 ?CR
18.5533,terug,-250,MM0 CR=-58:56
18.5533,terug,-250,MM1 CR=-58:57
18.6035,terug,-250,"#190,YAW,2.70,GYRO,-44,-74,-6,ACC,-15,27,247,ADC,1260,396,8,2,"
18.6035,terug,-250,MM0 !M -246 254
18.6035,terug,-250,MM0 +
18.6035,terug,-250,MM0 PING
18.6035,terug,-250,MM1 !M -246 254
18.6035,terug,-250,MM1 +
18.6035,terug,-250,MM1 PING
18.6035,terug,-250,MM0 ?A
18.6036,terug,-250,MM1 ?A
18.6036,terug,-250,MM0 A=-3:3
18.6036,terug,-250,MM1 A=-7:7
18.6036,terug,-250,"$GPRMC,130439.8,A,5050.50662,N,00419.38182,E,000.59,161.3,081026,000.4,E*57"
18.6036,terug,-250,"#191,YAW,2.70,GYRO,13,195,-31,ACC,29,13,304,ADC,1257,382,3,2,"
18.6036,terug,-250,MM0 ?AI
18.6036,terug,-250,MM1 ?AI
18.6036,terug,-250,MM0 AI=0:0:2392:2437:0:0
18.6036,terug,-250,MM1 AI=0:0:2349:2379:0:0
18.6542,terug,-250,"#192,YAW,2.71,GYRO,-3,209,-17,ACC,-4,-6,233,ADC,1246,501,8,2,"
18.6543,terug,-250,MM0 ?C
18.6543,terug,-250,MM1 ?C
18.6543,terug,-250,MM0 C=350:-2328
18.6543,terug,-250,MM1 C=500:-2580
18.6544,terug,-250,MM1 !M -247 253
18.6544,terug,-250,MM0 !M -247 253
18.6544,terug,-250,MM1 +
18.6544,terug,-250,MM0 +
18.6544,terug,-250,MM0 PING
18.6544,terug,-250,MM1 PING
18.6544,terug,-250,"#193,YAW,2.71,GYRO,16,57,-4,ACC,12,-8,226,ADC,1265,391,5,2,"
18.6544,terug,-250,MM0 ?D
18.6544,terug,-250,MM1 ?D
18.6544,terug,-250,MM0 D=59
18.6544,terug,-250,MM1 D=16
18.6544,terug,-250,"#194,YAW,2.71,GYRO,25,-119,16,ACC,1,-9,226,ADC,1253,385,5,2,"
18.6545,terug,-250,MM0 ?FF
18.6545,terug,-250,MM1 ?FF
18.6545,terug,-250,MM0 FF=0
18.6545,terug,-250,MM1 FF=0
18.7045,terug,-250,"#195,YAW,2.71,GYRO,-7,70,-10,ACC,12,3,306,ADC,1229,387,5,2,"
18.7046,terug,-250,MM0 ?P
18.7046,terug,-250,MM0 P=-247:253
18.7046,terug,-250,MM1 ?P
18.7046,terug,-250,MM1 P=-247:253
18.7046,terug,-250,MM0 !M -247 253
18.7046,terug,-250,MM1 !M -247 253
18.7046,terug,-250,MM0 +
18.7046,terug,-250,MM1 +
18.7046,terug,-250,MM0 PING
18.7046,terug,-250,MM1 PING
18.7046,terug,-250,"#196,YAW,2.71,GYRO,33,225,-24,ACC,3,4,273,ADC,1294,502,5,2,"
18.7047,terug,-250,MM0 ?S
18.7047,terug,-250,MM1 ?S
18.7047,terug,-250,MM0 S=-225:225
18.7047,terug,-250,MM1 S=-225:225
18.7582,terug,-250,"#197,YAW,2.71,GYRO,-17,-9,-5,ACC,11,2,284,ADC,1243,502,7,2,"
18.7583,terug,-250,MM0 ?T
18.7583,terug,-250,MM1 ?T
18.7583,terug,-250,MM0 T=35:34
18.7583,terug,-250,MM1 T=36:34
18.7583,terug,-250,MM0 !M -246 254
18.7583,terug,-250,MM1 !M -246 254
18.7583,terug,-250,MM0 +
18.7583,terug,-250,MM1 +
18.7583,terug,-250,MM1 PING
18.7583,terug,-250,MM0 PING
18.7583,terug,-250,"#198,YAW,2.71,GYRO,43,-152,5,ACC,-13,-2,206,ADC,1278,397,7,2,"
18.7583,terug,-250,MM0 ?V
18.7583,terug,-250,MM1 ?V
18.7583,terug,-250,MM0 V=120:223:4905
18.7583,terug,-250,MM1 V=120:223:4898
18.7585,terug,-250,"#199,YAW,2.71,GYRO,-124,-21,-15,ACC,4,29,369,ADC,1267,390,6,2,"
18.7585,terug,-250,MM0 ?CR
18.7585,terug,-250,MM1 ?CR
18.7585,terug,-250,MM0 CR=-58:58
18.7585,terug,-250,MM1 CR=-57:57
18.8057,terug,-250,"#200,YAW,2.71,GYRO,2,229,-16,ACC,19,-14,227,ADC,1243,383,4,2,"
18.8057,terug,-250,MM0 ?A
18.8057,terug,-250,MM1 ?A
18.8057,terug,-250,MM0 A=0:3
18.8057,terug,-250,MM1 A=-3:3
18.8057,terug,-250,MM0 !M -247 253
18.8057,terug,-250,MM0 +
18.8057,terug,-250,MM1 !M -247 253
18.8057,terug,-250,MM1 +
18.8057,terug,-250,MM0 PING
18.8057,terug,-250,MM1 PING
18.8057,terug,-250,"$GPRMC,130440.0,A,5050.50664,N,00419.38187,E,000.59,161.3,081026,000.4,E*52"
18.8057,terug,-250,"#201,YAW,2.71,GYRO,-82,-40,15,ACC,13,-20,283,ADC,1217,283,6,1,"
18.8058,terug,-250,MM0 ?AI
18.8058,terug,-250,MM1 ?AI
18.8058,terug,-250,MM0 AI=0:0:2450:2446:0:0
18.8058,terug,-250,MM1 AI=0:0:2365:2363:0:0
18.8263,terug,-250,"#202,YAW,2.71,GYRO,92,-130,13,ACC,-3,-32,186,ADC,1268,397,5,1,"
18.8264,terug,-250,MM0 ?C
18.8264,terug,-250,MM1 ?C
18.8264,terug,-250,MM0 C=292:-2271
18.8264,terug,-250,MM1 C=443:-2523
18.8266,terug,-250,MM0 !M -246 254
18.8266,terug,-250,MM1 !M -246 254
18.8266,terug,-250,MM0 +
18.8266,terug,-250,MM1 +
18.8266,terug,-250,MM0 PING
18.8266,terug,-250,MM1 PING
18.8601,terug,-250,"#203,YAW,2.71,GYRO,-107,-56,-25,ACC,-16,29,383,ADC,1245,308,6,2,"
18.8601,terug,-250,MM0 ?D
18.8601,terug,-250,MM1 ?D
18.8601,terug,-250,MM1 D=48
18.8601,terug,-250,MM0 D=0
18.8601,terug,-250,"#204,YAW,2.72,GYRO,-7,108,-13,ACC,11,23,293,ADC,1251,389,5,1,"
18.8601,terug,-250,MM0 ?FF
18.8601,terug,-250,MM1 ?FF
18.8601,terug,-250,MM0 FF=0
18.8601,terug,-250,MM1 FF=0
18.8942,terug,-250,"#205,YAW,2.71,GYRO,-47,-109,17,ACC,9,2,188,ADC,1258,383,6,2,"
18.8942,terug,-250,MM0 ?P
18.8942,terug,-250,MM1 ?P
18.8942,terug,-250,MM0 P=-246:254
18.8943,terug,-250,MM1 P=-246:254
18.8943,terug,-250,MM0 !M -246 254
18.8943,terug,-250,MM1 !M -246 254
18.8943,terug,-250,MM0 +
18.8943,terug,-250,MM1 +
18.8943,terug,-250,MM0 PING
18.8943,terug,-250,MM1 PING
18.8943,terug,-250,"#206,YAW,2.71,GYRO,120,-123,24,ACC,-15,-39,186,ADC,1261,396,5,2,"
18.8943,terug,-250,MM0 ?S
18.8943,terug,-250,MM1 ?S
18.8943,terug,-250,MM0 S=-225:225
18.8944,terug,-250,MM1 S=-150:150
18.9153,terug,-250,"#207,YAW,2.71,GYRO,-92,-77,-20,ACC,13,1,351,ADC,1261,393,3,2,"
18.9154,terug,-250,MM0 ?T
18.9154,terug,-250,MM1 ?T
18.9154,terug,-250,MM0 T=35:34
18.9154,terug,-250,MM1 T=36:34
18.9154,terug,-250,MM0 !M -24PING
18.9494,terug,-250,MM1 !M -24PING
18.9494,terug,-250,MM0 +
18.9494,terug,-250,MM1 +
18.9494,terug,-250,"#208,YAW,2.72,GYRO,34,277,-39,ACC,3,31,262,ADC,1239,389,5,1,"
18.9494,terug,-250,MM0 !M -246 254
18.9495,terug,-250,MM0 +
18.9495,terug,-250,MM1 !M -246 254
18.9495,terug,-250,MM1 +
18.9495,terug,-250,MM0 ?V
18.9495,terug,-250,MM1 ?V
18.9495,terug,-250,MM0 V=120:223:4905
18.9495,terug,-250,MM1 V=120:222:4899
18.9495,terug,-250,"#209,YAW,2.72,GYRO,-22,-35,-14,ACC,3,11,240,ADC,1278,389,5,1,"
18.9495,terug,-250,MM0 ?CR
18.9495,terug,-250,MM1 ?CR
18.9703,terug,-250,MM0 CR=-57:57
18.9703,terug,-250,MM1 CR=-57:57
18.9703,terug,-250,"#210,YAW,2.72,GYRO,46,-75,0,ACC,-15,-7,187,ADC,1260,499,3,2,"
18.9703,terug,-250,MM0 ?A
18.9703,terug,-250,MM1 ?A
18.9703,terug,-250,MM0 A=-3:7
18.9704,terug,-250,MM1 A=-3:7
18.9924,terug,-250,"$GPRMC,130440.2,A,5050.50663,N,00419.38191,E,000.59,161.3,081026,000.4,E*50"
18.9924,terug,-250,"#211,YAW,2.72,GYRO,-20,-40,-23,ACC,28,8,333,ADC,1262,387,5,2,"
18.9925,terug,-250,MM0 ?AI
18.9925,terug,-250,MM1 ?AI
18.9925,terug,-250,MM0 AI=0:0:2429:2442:0:0
19.0121,terug,-250,MM1 AI=0:0:2357:2349:0:0
19.0122,terug,-250,"#212,YAW,2.72,GYRO,-34,153,-34,ACC,-8,22,279,ADC,1278,387,4,2,"
19.0122,terug,-250,MM0 ?C
19.0122,terug,-250,MM1 ?C
19.0122,terug,-250,MM0 C=234:-2214
19.0122,terug,-250,MM1 C=386:-2466
19.0475,terug,-250,MM0 !M -247 253
19.0476,terug,-250,MM1 !M -247 253
19.0476,terug,-250,MM0 +
19.0476,terug,-250,MM1 +
19.0476,terug,-250,MM1 PING
19.0476,terug,-250,MM0 PING
19.0476,terug,-250,MM1 !M -247 253
19.0476,terug,-250,MM0 !M -247 253
19.0476,terug,-250,MM1 +
19.0476,terug,-250,MM0 +
19.0476,terug,-250,"#213,YAW,2.72,GYRO,-70,99,-2,ACC,11,9,241,ADC,1242,274,5,2,"
19.0476,terug,-250,MM0 ?D
19.0476,terug,-250,MM1 ?D
19.0476,terug,-250,MM0 D=19
19.0476,terug,-250,MM1 D=35
19.0476,terug,-250,"#214,YAW,2.72,GYRO,29,9,7,ACC,18,-18,182,ADC,1253,382,5,1,"
19.0683,terug,-250,MM0 ?FF
19.0683,terug,-250,MM1 ?FF
19.0683,terug,-250,MM0 FF=0
19.0683,terug,-250,MM1 FF=0
19.0683,terug,-250,"#215,YAW,2.72,GYRO,5,28,-18,ACC,16,-18,314,ADC,1228,387,5,2,"
19.0683,terug,-250,MM0 ?P
19.0683,terug,-250,MM1 ?P
19.1023,terug,-250,MM1 P=-247:253
19.1023,terug,-250,MM0 P=-247:253
19.1023,terug,-250,MM0 !M -247 253
19.1023,terug,-250,MM1 !M -247 253
19.1023,terug,-250,MM0 +
19.1023,terug,-250,MM1 +
19.1023,terug,-250,"#216,YAW,2.72,GYRO,91,297,-42,ACC,2,2,261,ADC,1187,380,5,2,"
19.1023,terug,-250,MM0 ?S
19.1023,terug,-250,MM1 ?S
19.1023,terug,-250,MM0 S=-225:225
19.1024,terug,-250,MM1 S=-225:225
19.1233,terug,-250,"#217,YAW,2.72,GYRO,-72,67,0,ACC,-2,42,265,ADC,1236,498,5,2,"
19.1233,terug,-250,MM1 ?T
19.1233,terug,-250,MM0 ?T
19.1233,terug,-250,MM0 T=35:34
19.1233,terug,-250,MM1 T=36:34
19.1573,terug,-250,"#218,YAW,2.72,GYRO,54,-112,30,ACC,-17,15,164,ADC,1296,389,5,2,"
19.1573,terug,-250,MM0 ?V
19.1573,terug,-250,MM1 ?V
19.1573,terug,-250,MM0 V=120:224:4905
19.1573,terug,-250,MM1 V=120:222:4899
19.1573,terug,-250,MM0 !M -247 253
19.1573,terug,-250,MM0 +
19.1573,terug,-250,MM1 !M -247 253
19.1573,terug,-250,MM1 +
19.1573,terug,-250,"#219,YAW,2.72,GYRO,-158,-95,10,ACC,0,10,381,ADC,1246,395,6,2,"
19.1574,terug,-250,MM0 ?CR
19.1574,terug,-250,MM1 ?CR
19.1574,terug,-250,MM0 CR=-59:58
19.1574,terug,-250,MM1 CR=-58:58
19.2153,terug,-250,"#220,YAW,2.72,GYRO,-6,266,-20,ACC,-15,5,225,ADC,1259,387,4,2,"
19.2153,terug,-250,MM0 ?A
19.2153,terug,-250,MM1 ?A
19.2153,terug,-250,MM1 A=-3:3
19.2153,terug,-250,MM0 A=0:3
19.2153,terug,-250,"$GPRMC,130440.4,A,5050.50661,N,00419.38192,E,000.59,161.3,081026,000.4,E*57"
19.2153,terug,-250,"#221,YAW,2.72,GYRO,-17,-40,-15,ACC,19,10,269,ADC,1273,389,4,2,"
19.2153,terug,-250,MM0 !M -246 254
19.2153,terug,-250,MM0 +
19.2153,terug,-250,MM1 !M -246 254
19.2153,terug,-250,MM1 +
19.2153,terug,-250,MM0 ?AI
19.2154,terug,-250,MM1 ?AI
19.2154,terug,-250,MM0 AI=0:0:2424:2457:0:0
19.2154,terug,-250,MM1 AI=0:0:2340:2358:0:0
19.2154,terug,-250,"#222,YAW,2.73,GYRO,57,-63,1,ACC,-2,-7,170,ADC,1234,387,6,1,"
19.2154,terug,-250,MM0 ?C
19.2154,terug,-250,MM1 ?C
19.2494,terug,-250,MM0 C=176:-2156
19.2494,terug,-250,MM1 C=328:-2407
19.2495,terug,-250,"#223,YAW,2.73,GYRO,-44,-15,-26,ACC,4,15,376,ADC,1231,375,6,2,"
19.2495,terug,-250,MM0 !M -246 254
19.2495,terug,-250,MM0 +
19.2495,terug,-250,MM1 !M -246 254
19.2495,terug,-250,MM1 +
19.2495,terug,-250,MM0 ?D
19.2495,terug,-250,MM1 ?D
19.2495,terug,-250,MM0 D=32
19.2496,terug,-250,MM1 D=16
19.2496,terug,-250,"#224,YAW,2.73,GYRO,50,249,-25,ACC,0,2,215,ADC,1243,497,4,1,"
19.2496,terug,-250,MM0 ?FF
19.2496,terug,-250,MM1 ?FF
19.2496,terug,-250,MM0 FF=0
19.2703,terug,-250,MM1 FF=0
19.2703,terug,-250,"#225,YAW,2.73,GYRO,16,77,4,ACC,19,-14,243,ADC,1249,409,5,2,"
19.2703,terug,-250,MM0 ?P
19.2703,terug,-250,MM1 ?P
19.2703,terug,-250,MM0 P=-246:254
19.3048,terug,-250,MM1 P=-246:254
19.3048,terug,-250,MM0 !M -247 253
19.3048,terug,-250,MM1 !M -247 253
19.3048,terug,-250,MM0 +
19.3048,terug,-250,MM1 +
19.3048,terug,-250,"#226,YAW,2.73,GYRO,0,53,29,ACC,10,11,173,ADC,1240,285,4,1,"
19.3048,terug,-250,MM0 ?S
19.3048,terug,-250,MM1 ?S
19.3049,terug,-250,MM0 S=-225:225
19.3049,terug,-250,MM1 S=-150:150
19.3295,terug,-250,"#227,YAW,2.73,GYRO,16,100,-6,ACC,32,-10,359,ADC,1257,385,4,1,"
19.3295,terug,-250,MM0 ?T
19.3295,terug,-250,MM1 ?T
19.3295,terug,-250,MM0 T=35:34
19.3295,terug,-250,MM1 T=36:34
19.3645,terug,-250,"#228,YAW,2.73,GYRO,74,477,-33,ACC,9,-1,259,ADC,1280,397,5,2,"
19.3645,terug,-250,MM0 ?V
19.3645,terug,-250,MM1 ?V
19.3646,terug,-250,MM0 V=120:223:4905
19.3646,terug,-250,MM1 V=120:223:4898
19.3646,terug,-250,MM0 !M -246 254
19.3646,terug,-250,MM1 !M -246 254
19.3646,terug,-250,MM0 +
19.3646,terug,-250,MM1 +
19.3646,terug,-250,"#229,YAW,2.73,GYRO,-23,11,-10,ACC,6,12,229,ADC,1238,285,4,1,"
19.3646,terug,-250,MM0 ?CR
19.3646,terug,-250,MM1 ?CR
19.3646,terug,-250,MM0 CR=-59:59
19.3646,terug,-250,MM1 CR=-58:60
19.4115,terug,-250,"#230,YAW,2.73,GYRO,64,-112,21,ACC,-30,18,172,ADC,1249,385,5,1,"
19.4115,terug,-250,MM0 ?A
19.4115,terug,-250,MM1 ?A
19.4116,terug,-250,MM1 A=-7:7
19.4116,terug,-250,MM0 A=0:7
19.4116,terug,-250,"$GPRMC,130440.6,A,5050.50660,N,00419.38198,E,000.58,161.3,081026,000.4,E*5F"
19.4116,terug,-250,"#231,YAW,2.73,GYRO,-123,91,-3,ACC,20,18,351,ADC,1275,396,4,1,"
19.4116,terug,-250,MM0 ?AI
19.4116,terug,-250,MM1 ?AI
19.4116,terug,-250,MM0 AI=0:0:2495:2466:0:0
19.4116,terug,-250,MM1 AI=0:0:2345:2378:0:0
19.4116,terug,-250,MM0 !M -246 254
19.4116,terug,-250,MM1 !M -246 254
19.4116,terug,-250,MM0 +
19.4116,terug,-250,MM1 +
19.4116,terug,-250,"#232,YAW,2.73,GYRO,-33,367,-25,ACC,-28,7,270,ADC,1259,389,6,2,"
19.4116,terug,-250,MM0 ?C
19.4116,terug,-250,MM1 ?C
19.4116,terug,-250,MM0 C=116:-2097
19.4654,terug,-250,MM1 C=270:-2348
19.4655,terug,-250,"#233,YAW,2.73,GYRO,21,-71,-21,ACC,13,-28,207,ADC,1234,390,5,2,"
19.4655,terug,-250,MM0 ?D
19.4655,terug,-250,MM1 ?D
19.4655,terug,-250,MM0 D=49
19.4655,terug,-250,MM1 D=3
19.4655,terug,-250,MM0 !M -247 253
19.4655,terug,-250,MM1 !M -247 253
19.4655,terug,-250,MM0 +
19.4655,terug,-250,MM1 +
19.4655,terug,-250,"#234,YAW,2.73,GYRO,-16,-72,-15,ACC,-13,25,231,ADC,1279,337,5,2,"
19.4656,terug,-250,MM0 ?FF
19.4656,terug,-250,MM1 ?FF
19.4656,terug,-250,MM0 FF=0
19.4656,terug,-250,MM1 FF=0
19.5125,terug,-250,"#235,YAW,2.73,GYRO,-51,-98,-33,ACC,14,15,287,ADC,1291,500,4,1,"
19.5125,terug,-250,MM0 ?P
19.5125,terug,-250,MM1 ?P
19.5125,terug,-250,MM0 P=-247:253
19.5125,terug,-250,MM1 P=-247:253
19.5125,terug,-250,"#236,YAW,2.73,GYRO,-34,120,-37,ACC,-3,16,289,ADC,1242,384,5,2,"
19.5125,terug,-250,MM0 ?S
19.5125,terug,-250,MM1 ?S
19.5125,terug,-250,MM0 S=-225:225
19.5125,terug,-250,MM1 S=-225:225
19.5125,terug,-250,MM0 !M -247 253
19.5125,terug,-250,MM1 !M -247 253
19.5125,terug,-250,MM0 +
19.5125,terug,-250,MM1 +
19.5126,terug,-250,"#237,YAW,2.73,GYRO,-51,132,18,ACC,12,15,271,ADC,1289,499,5,2,"
19.5126,terug,-250,MM0 ?T
19.5126,terug,-250,MM1 ?T
19.5126,terug,-250,MM0 T=35:34
19.5126,terug,-250,MM1 T=36:34
19.5334,terug,-250,"#238,YAW,2.73,GYRO,-8,-49,40,ACC,13,-9,165,ADC,1227,384,5,2,"
19.5335,terug,-250,MM0 ?V
19.5335,terug,-250,MM1 ?V
19.5335,terug,-250,MM0 V=120:223:4905
19.5335,terug,-250,MM1 V=120:223:4900
19.5682,terug,-250,MM0 !M -247 253
19.5682,terug,-250,MM1 !M -247 253
19.5682,terug,-250,MM0 +
19.5682,terug,-250,MM1 +
19.5682,terug,-250,"#239,YAW,2.73,GYRO,-72,65,10,ACC,4,-4,298,ADC,1200,339,5,1,"
19.5682,terug,-250,MM0 ?CR
19.5682,terug,-250,MM1 ?CR
19.5682,terug,-250,MM0 CR=-58:57
19.5682,terug,-250,MM1 CR=-57:56
19.5682,terug,-250,"#240,YAW,2.73,GYRO,-3,305,-21,ACC,-3,25,286,ADC,1273,501,5,2,"
19.6024,terug,-250,MM0 ?A
19.6024,terug,-250,MM1 ?A
19.6024,terug,-250,MM1 A=-3:3
19.6024,terug,-250,MM0 A=0:3
19.6024,terug,-250,"$GPRMC,130440.8,A,5050.50661,N,00419.38198,E,000.57,161.3,081026,000.4,E*5F"
19.6024,terug,-250,"#241,YAW,2.73,GYRO,-23,45,-12,ACC,9,-1,298,ADC,1230,383,5,1,"
19.6025,terug,-250,MM0 ?AI
19.6025,terug,-250,MM1 ?AI
19.6025,terug,-250,MM0 AI=0:0:2442:2465:0:0
19.6025,terug,-250,MM1 AI=0:0:2354:2387:0:0
19.6251,terug,-250,"#242,YAW,2.74,GYRO,26,-128,-5,ACC,-8,0,143,ADC,1241,380,7,2,"
19.6252,terug,-250,MM0 ?C
19.6252,terug,-250,MM1 ?C
19.6252,terug,-250,MM0 C=59:-2040
19.6252,terug,-250,MM1 C=212:-2291
19.6590,terug,-250,"#243,YAW,2.74,GYRO,-89,-46,-25,ACC,34,-49,419,ADC,1255,404,5,1,"
19.6591,terug,-250,MM0 ?D
19.6591,terug,-250,MM1 ?D
19.6591,terug,-250,MM0 D=34
19.6591,terug,-250,MM1 D=17
19.6591,terug,-250,MM0 !M -246 254
19.6591,terug,-250,MM1 !M -246 254
19.6591,terug,-250,MM0 +
19.6591,terug,-250,MM1 +
19.6591,terug,-250,MM0 PING
19.6591,terug,-250,MM1 PING
19.6591,terug,-250,"#244,YAW,2.74,GYRO,29,402,-29,ACC,-8,4,240,ADC,1219,382,7,1,"
19.6592,terug,-250,MM0 ?FF
19.6592,terug,-250,MM1 ?FF
19.6592,terug,-250,MM0 FF=0
19.6592,terug,-250,MM1 FF=0
19.6805,terug,-250,"#245,YAW,2.74,GYRO,1,44,3,ACC,17,-22,249,ADC,1238,385,4,2,"
19.6805,terug,-250,MM0 ?P
19.6805,terug,-250,MM1 ?P
19.6805,terug,-250,MM0 P=-246:254
19.6805,terug,-250,MM1 P=-246:254
19.6805,terug,-250,MM0 !M -247 253
19.6805,terug,-250,MM1 !M -247 253
19.6805,terug,-250,MM0 +
19.6805,terug,-250,MM1 +
19.6805,terug,-250,MM0 PING
19.6805,terug,-250,MM1 PING
19.7142,terug,-250,"#246,YAW,2.74,GYRO,51,16,11,ACC,-14,-4,191,ADC,1288,498,5,2,"
19.7143,terug,-250,MM0 ?S
19.7143,terug,-250,MM1 ?S
19.7143,terug,-250,MM0 S=-225:225
19.7143,terug,-250,MM1 S=-225:225
19.7143,terug,-250,"#247,YAW,2.74,GYRO,38,-136,5,ACC,2,-4,326,ADC,1215,382,6,2,"
19.7143,terug,-250,MM0 ?T
19.7143,terug,-250,MM1 ?T
19.7143,terug,-250,MM0 T=35:34
19.7143,terug,-250,MM1 T=36:34
19.7652,terug,-250,"#248,YAW,2.74,GYRO,0,219,-30,ACC,10,25,273,ADC,1224,381,3,2,"
19.7652,terug,-250,MM0 ?V
19.7652,terug,-250,MM1 ?V
19.7652,terug,-250,MM0 V=120:223:4905
19.7652,terug,-250,MM1 V=120:228:4898
19.7652,terug,-250,MM0 !M -247 253
19.7652,terug,-250,MM1 !M -247 253
19.7652,terug,-250,MM0 +
19.7653,terug,-250,MM1 +
19.7653,terug,-250,MM1 PING
19.7653,terug,-250,MM0 PING
19.7653,terug,-250,"#249,YAW,2.74,GYRO,3,109,-9,ACC,18,3,298,ADC,1233,383,6,2,"
19.7653,terug,-250,MM0 ?CR
19.7653,terug,-250,MM1 ?CR
19.7653,terug,-250,MM0 CR=-58:58
19.7653,terug,-250,MM1 CR=-58:58
19.8164,terug,-250,"#250,YAW,2.74,GYRO,32,-68,-2,ACC,1,-12,181,ADC,1232,384,5,1,"
19.8164,terug,-250,MM0 ?A
19.8164,terug,-250,MM1 ?A
19.8165,terug,-250,MM1 A=-3:7
19.8165,terug,-250,MM0 A=0:3
19.8165,terug,-250,"$GPRMC,130441.0,A,5050.50661,N,00419.38198,E,000.56,161.3,081026,000.4,E*57"
19.8165,terug,-250,MM1 !M -247 253
19.8165,terug,-250,MM0 !M -247 253
19.8165,terug,-250,MM1 +
19.8165,terug,-250,MM0 +
19.8165,terug,-250,MM0 PING
19.8165,terug,-250,MM1 PING
19.8165,terug,-250,"#251,YAW,2.74,GYRO,-26,-163,-5,ACC,-25,20,274,ADC,1237,314,4,1,"
19.8165,terug,-250,MM0 ?AI
19.8165,terug,-250,MM1 ?AI
19.8165,terug,-250,MM1 AI=0:0:2370:2337:0:0
19.8165,terug,-250,MM0 AI=0:0:2453:2439:0:0
19.8165,terug,-250,"#252,YAW,2.74,GYRO,-109,113,-22,ACC,20,20,269,ADC,1255,387,6,2,"
19.8165,terug,-250,MM0 ?C
19.8165,terug,-250,MM1 ?C
19.8165,terug,-250,MM0 C=1:-1982
19.8165,terug,-250,MM1 C=155:-2234
19.8672,terug,-250,"#253,YAW,2.74,GYRO,-52,71,11,ACC,3,-3,300,ADC,1229,385,5,2,"
19.8673,terug,-250,MM0 ?D
19.8673,terug,-250,MM1 ?D
19.8673,terug,-250,MM0 D=17
19.8673,terug,-250,MM1 D=34
19.8673,terug,-250,MM1 !M -247 253
19.8673,terug,-250,MM0 !M -247 253
19.8673,terug,-250,MM1 +
19.8673,terug,-250,MM0 +
19.8673,terug,-250,MM0 PING
19.8673,terug,-250,MM1 PING
19.8673,terug,-250,MM0 !M -247 253
19.8673,terug,-250,MM1 !M -247 253
19.8673,terug,-250,MM0 +
19.8673,terug,-250,MM1 +
19.8673,terug,-250,"#254,YAW,2.74,GYRO,56,-130,10,ACC,-10,-19,165,ADC,1264,302,5,2,"
19.8673,terug,-250,MM0 ?FF
19.8673,terug,-250,MM1 ?FF
19.8673,terug,-250,MM0 FF=0
19.8674,terug,-250,MM1 FF=0
19.8674,terug,-250,"#255,YAW,2.74,GYRO,-41,-122,-14,ACC,-8,11,279,ADC,1259,392,7,3,"
19.9161,terug,-250,MM1 ?P
19.9161,terug,-250,MM0 ?P
19.9161,terug,-250,MM0 P=-247:253
19.9161,terug,-250,MM1 P=-247:253
19.9161,terug,-250,"#0,YAW,2.74,GYRO,-22,133,-30,ACC,13,38,266,ADC,1239,500,6,1,"
19.9161,terug,-250,MM0 ?S
19.9161,terug,-250,MM1 ?S
19.9161,terug,-250,MM0 S=-225:225
19.9161,terug,-250,MM1 S=-225:150
19.9161,terug,-250,"#1,YAW,2.74,GYRO,-49,50,9,ACC,14,21,299,ADC,1247,496,6,2,"
19.9162,terug,-250,MM0 ?T
19.9162,terug,-250,MM1 ?T
19.9162,terug,-250,MM0 T=35:34
19.9162,terug,-250,MM1 T=36:34
19.9677,terug,-250,"#2,YAW,2.74,GYRO,54,-76,27,ACC,5,-14,171,ADC,1258,396,5,2,"
19.9677,terug,-250,MM0 ?V
19.9677,terug,-250,MM1 ?V
19.9677,terug,-250,MM0 V=120:223:4905
19.9678,terug,-250,MM1 V=120:224:4899
19.9678,terug,-250,MM0 !M -247 253
19.9678,terug,-250,MM1 !M -247 253
19.9678,terug,-250,MM0 +
19.9678,terug,-250,MM1 +
19.9678,terug,-250,MM1 PING
19.9678,terug,-250,MM0 PING
19.9678,terug,-250,MM0 !M -247 253
19.9678,terug,-250,MM1 !M -247 253
19.9678,terug,-250,MM0 +
19.9678,terug,-250,MM1 +
19.9678,terug,-250,"#3,YAW,2.74,GYRO,75,-169,16,ACC,-25,-12,225,ADC,1234,352,6,2,"
19.9679,terug,-250,MM0 ?CR
19.9679,terug,-250,MM1 ?CR
19.9679,terug,-250,MM0 CR=-57:57
19.9679,terug,-250,MM1 CR=-57:57
19.9679,terug,-250,"#4,YAW,2.74,GYRO,-76,189,-39,ACC,15,23,313,ADC,1218,497,7,2,"
20.0196,terug,-250,MM0 ?A
20.0196,terug,-250,MM1 ?A
20.0196,terug,-250,MM1 A=-3:3
20.0196,terug,-250,MM0 A=0:3
20.0196,terug,-250,"$GPRMC,130441.2,A,5050.50656,N,00419.38195,E,000.55,161.3,081026,000.4,E*5F"
20.0196,terug,-250,"#5,YAW,2.74,GYRO,-1,251,-21,ACC,-3,11,357,ADC,1238,384,4,2,"
20.0196,terug,-250,MM0 ?AI
20.0196,terug,-250,MM1 ?AI
20.0196,terug,-250,MM0 AI=0:0:2468:2447:0:0
20.0196,terug,-250,MM1 AI=0:0:2340:2365:0:0
20.0196,terug,-250,"#6,YAW,2.75,GYRO,17,-112,-4,ACC,0,-11,143,ADC,1246,383,3,2,"
20.0196,terug,-250,MM0 ?C
20.0196,terug,-250,MM1 ?C
20.0196,terug,-250,MM1 C=98:-2177
20.0197,terug,-250,MM0 C=-57:-1925
20.0716,terug,-250,"#7,YAW,2.75,GYRO,-25,-136,-14,ACC,-49,-6,241,ADC,1217,385,6,2,"
20.0716,terug,-250,MM0 ?D
20.0716,terug,-250,MM1 ?D
20.0716,terug,-250,MM0 D=50
20.0716,terug,-250,MM1 D=3
20.0716,terug,-250,MM0 !M -247 253
20.0716,terug,-250,MM1 !M -247 253
20.0716,terug,-250,MM0 +
20.0716,terug,-250,MM1 +
20.0716,terug,-250,MM1 PING
20.0716,terug,-250,MM0 PING
20.0716,terug,-250,"#8,YAW,2.75,GYRO,-37,191,-44,ACC,8,18,317,ADC,1215,383,5,2,"
20.0717,terug,-250,MM0 ?FF
20.0717,terug,-250,MM0 FF=0
20.0717,terug,-250,MM1 ?FF
20.0717,terug,-250,MM1 FF=0
20.0717,terug,-250,MM0 !M -247 253
20.0717,terug,-250,MM1 !M -247 253
20.0717,terug,-250,MM0 +
20.0717,terug,-250,MM1 +
20.0717,terug,-250,"#9,YAW,2.75,GYRO,-90,177,-5,ACC,3,15,330,ADC,1224,393,4,1,"
20.0717,terug,-250,MM0 ?P
20.0717,terug,-250,MM1 ?P
20.0717,terug,-250,MM0 P=-247:253
20.0913,terug,-250,MM1 P=-247:253
20.0913,terug,-250,"#10,YAW,2.75,GYRO,9,12,3,ACC,-4,-20,186,ADC,1259,393,5,2,"
20.0913,terug,-250,MM0 ?S
20.0913,terug,-250,MM1 ?S
20.0913,terug,-250,MM0 S=-225:225
20.0913,terug,-250,MM1 S=-150:225
20.1268,terug,-250,MM1 !M -248 252
20.1269,terug,-250,MM0 !M -248 252
20.1269,terug,-250,MM1 +
20.1269,terug,-250,MM0 +
20.1269,terug,-250,"#11,YAW,2.75,GYRO,6,25,2,ACC,3,-6,215,ADC,1268,285,5,2,"
20.1269,terug,-250,MM0 ?T
20.1269,terug,-250,MM1 ?T
20.1269,terug,-250,MM0 T=35:34
20.1269,terug,-250,MM1 T=36:34
20.1616,terug,-250,"#12,YAW,2.75,GYRO,59,199,-37,ACC,22,-7,245,ADC,1222,382,5,2,"
20.1616,terug,-250,MM1 ?V
20.1616,terug,-250,MM0 ?V
20.1616,terug,-250,MM1 V=120:223:4898
20.1616,terug,-250,MM0 V=120:225:4905
20.1616,terug,-250,"#13,YAW,2.75,GYRO,-44,281,-20,ACC,-7,11,436,ADC,1271,385,6,1,"
20.1616,terug,-250,MM1 ?CR
20.1616,terug,-250,MM0 ?CR
20.1616,terug,-250,MM1 CR=-58:58
20.1616,terug,-250,MM0 CR=-59:58
20.1823,terug,-250,"#14,YAW,2.75,GYRO,37,-57,16,ACC,17,6,136,ADC,1257,500,5,2,"
20.1824,terug,-250,MM1 ?A
20.1824,terug,-250,MM0 ?A
20.1824,terug,-250,MM1 A=-7:3
20.1824,terug,-250,MM0 A=-3:3
20.1824,terug,-250,"$GPRMC,130441.4,A,5050.50650,N,00419.38191,E,000.54,161.3,081026,000.4,E*5A"
20.1824,terug,-250,MM0 !M -247 253
20.1824,terug,-250,MM1 !M -247 253
20.1824,terug,-250,MM0 +
20.1824,terug,-250,MM1 +
20.2177,terug,-250,MM1 PING
20.2178,terug,-250,MM0 PING
20.2178,terug,-250,"#15,YAW,2.75,GYRO,16,-217,15,ACC,-16,-12,225,ADC,1264,365,4,1,"
20.2178,terug,-250,MM1 ?AI
20.2178,terug,-250,MM0 ?AI
20.2178,terug,-250,MM1 AI=0:0:2332:2350:0:0
20.2178,terug,-250,MM0 AI=0:0:2463:2561:0:0
20.2178,terug,-250,"#16,YAW,2.75,GYRO,-150,138,-14,ACC,8,20,336,ADC,1218,382,5,2,"
20.2178,terug,-250,MM0 ?C
20.2178,terug,-250,MM1 ?C
20.2179,terug,-250,MM1 C=40:-2119
20.2179,terug,-250,MM0 C=-115:-1867
20.2752,terug,-250,"#17,YAW,2.75,GYRO,-24,132,-10,ACC,5,2,333,ADC,1313,391,5,2,"
20.2753,terug,-250,MM0 ?D
20.2753,terug,-250,MM1 ?D
20.2753,terug,-250,MM1 D=48
20.2753,terug,-250,MM0 D=1
20.2753,terug,-250,MM0 !M -248 252
20.2753,terug,-250,MM1 !M -248 252
20.2753,terug,-250,MM0 +
20.2753,terug,-250,MM1 +
20.2753,terug,-250,MM0 PING
20.2753,terug,-250,MM1 PING
20.2753,terug,-250,"#18,YAW,2.75,GYRO,-16,-82,-1,ACC,-9,-17,178,ADC,1238,391,10,2,"
20.2753,terug,-250,MM0 ?FF
20.2753,terug,-250,MM1 ?FF
20.2753,terug,-250,MM0 FF=0
20.2753,terug,-250,MM1 FF=0
20.2753,terug,-250,"#19,YAW,2.75,GYRO,53,-123,-9,ACC,7,-23,225,ADC,1264,390,4,2,"
20.2753,terug,-250,MM0 ?P
20.2753,terug,-250,MM1 ?P
20.2753,terug,-250,MM0 P=-248:252
20.2754,terug,-250,MM1 P=-248:252
20.3095,terug,-250,MM0 !M -247 253
20.3095,terug,-250,MM1 !M -247 253
20.3095,terug,-250,MM0 +
20.3095,terug,-250,MM1 +
20.3095,terug,-250,"#20,YAW,2.75,GYRO,-82,87,-30,ACC,-5,18,336,ADC,1268,371,4,2,"
20.3096,terug,-250,MM0 PING
20.3096,terug,-250,MM0 !M -247 253
20.3096,terug,-250,MM1 PING
20.3096,terug,-250,MM1 !M -247 253
20.3096,terug,-250,MM1 +
20.3096,terug,-250,MM0 +
20.3096,terug,-250,MM0 ?S
20.3096,terug,-250,MM1 ?S
20.3096,terug,-250,MM0 S=-225:225
20.3096,terug,-250,MM1 S=-225:225
20.3096,terug,-250,"#21,YAW,2.75,GYRO,65,205,-10,ACC,11,16,290,ADC,1273,380,6,1,"
20.3096,terug,-250,MM1 ?T
20.3096,terug,-250,MM0 ?T
20.3303,terug,-250,MM1 T=36:34
20.3303,terug,-250,MM0 T=35:34
20.3303,terug,-250,"#22,YAW,2.75,GYRO,-5,9,10,ACC,-5,4,195,ADC,1256,392,6,2,"
20.3303,terug,-250,MM1 ?V
20.3303,terug,-250,MM0 ?V
20.3303,terug,-250,MM1 V=120:223:4899
20.3645,terug,-250,MM0 V=120:223:4906
20.3645,terug,-250,MM0 !M -248 252
20.3645,terug,-250,MM1 !M -248 252
20.3645,terug,-250,MM0 +
20.3645,terug,-250,MM1 +
20.3645,terug,-250,"#23,YAW,2.75,GYRO,-8,-43,10,ACC,-2,1,235,ADC,1266,311,4,1,"
20.3646,terug,-250,MM1 ?CR
20.3646,terug,-250,MM0 ?CR
20.3646,terug,-250,MM1 CR=-58:58
20.3646,terug,-250,MM0 CR=-58:58
20.3856,terug,-250,"#24,YAW,2.75,GYRO,13,209,-25,ACC,21,3,289,ADC,1244,382,4,2,"
20.3857,terug,-250,MM1 ?A
20.3857,terug,-250,MM0 ?A
20.3857,terug,-250,MM1 A=-3:3
20.3857,terug,-250,MM0 A=0:3
20.3857,terug,-250,"$GPRMC,130441.6,A,5050.50645,N,00419.38188,E,000.52,161.3,081026,000.4,E*52"
20.4202,terug,-250,"#25,YAW,2.75,GYRO,27,372,-24,ACC,8,3,380,ADC,1238,381,6,2,"
20.4202,terug,-250,MM1 ?AI
20.4202,terug,-250,MM0 ?AI
20.4202,terug,-250,MM1 AI=0:0:2361:2386:0:0
20.4202,terug,-250,MM0 AI=0:0:2466:2441:0:0
20.4202,terug,-250,"#26,YAW,2.76,GYRO,22,-102,11,ACC,17,8,156,ADC,1284,501,4,1,"
20.4202,terug,-250,MM1 ?C
20.4202,terug,-250,MM0 ?C
20.4202,terug,-250,MM0 C=-174:-1808
20.4203,terug,-250,MM1 C=-18:-2060
20.4785,terug,-250,"#27,YAW,2.76,GYRO,8,-176,3,ACC,-15,-17,271,ADC,1271,499,4,2,"
20.4786,terug,-250,MM1 ?D
20.4786,terug,-250,MM0 ?D
20.4786,terug,-250,MM0 D=51
20.4786,terug,-250,MM1 D=3
20.4786,terug,-250,MM1 !M -247 253
20.4786,terug,-250,MM0 !M -247 253
20.4786,terug,-250,MM1 +
20.4786,terug,-250,MM0 +
20.4786,terug,-250,MM0 PING
20.4786,terug,-250,MM1 PING
20.4786,terug,-250,"#28,YAW,2.76,GYRO,-189,213,-11,ACC,2,28,304,ADC,1259,499,6,2,"
20.4786,terug,-250,MM1 ?FF
20.4786,terug,-250,MM0 ?FF
20.4786,terug,-250,MM1 FF=0
20.4786,terug,-250,MM0 FF=0
20.4786,terug,-250,"#29,YAW,2.76,GYRO,-25,175,-12,ACC,10,-5,358,ADC,1234,383,5,2,"
20.4786,terug,-250,MM1 ?P
20.4786,terug,-250,MM0 ?P
20.4786,terug,-250,MM1 P=-247:253
20.4786,terug,-250,MM0 P=-247:253
20.5122,terug,-250,"#30,YAW,2.76,GYRO,-23,-114,-10,ACC,3,-47,155,ADC,1242,388,6,2,"
20.5123,terug,-250,MM0 ?S
20.5123,terug,-250,MM0 S=-225:150
20.5123,terug,-250,MM1 ?S
20.5123,terug,-250,MM1 S=-225:225
20.5123,terug,-250,MM0 !M -248 252
20.5123,terug,-250,MM1 !M -248 252
20.5123,terug,-250,MM1 +
20.5123,terug,-250,MM0 +
20.5123,terug,-250,MM1 PING
20.5123,terug,-250,MM0 PING
20.5123,terug,-250,MM1 !M -248 252
20.5123,terug,-250,MM0 !M -248 252
20.5123,terug,-250,MM1 +
20.5123,terug,-250,MM0 +
20.5123,terug,-250,"#31,YAW,2.76,GYRO,-3,-154,-26,ACC,6,-38,232,ADC,1260,331,3,2,"
20.5124,terug,-250,MM1 ?T
20.5124,terug,-250,MM0 ?T
20.5124,terug,-250,MM1 T=36:34
20.5124,terug,-250,MM0 T=35:34
20.5332,terug,-250,"#32,YAW,2.76,GYRO,-125,112,-38,ACC,5,24,299,ADC,1230,389,4,2,"
20.5332,terug,-250,MM1 ?V
20.5332,terug,-250,MM0 ?V
20.5332,terug,-250,MM1 V=120:223:4898
20.5332,terug,-250,MM0 V=120:223:4905
20.5675,terug,-250,MM0 !M -248 252
20.5675,terug,-250,MM1 !M -248 252
20.5675,terug,-250,MM0 +
20.5675,terug,-250,MM1 +
20.5675,terug,-250,"#33,YAW,2.76,GYRO,-46,54,1,ACC,-2,16,357,ADC,1304,330,6,2,"
20.5675,terug,-250,MM1 ?CR
20.5675,terug,-250,MM0 ?CR
20.5675,terug,-250,MM1 CR=-57:57
20.5675,terug,-250,MM0 CR=-58:58
20.5675,terug,-250,"#34,YAW,2.76,GYRO,-34,-6,29,ACC,4,-23,167,ADC,1254,396,4,1,"
20.5891,terug,-250,MM1 ?A
20.5891,terug,-250,MM0 ?A
20.5891,terug,-250,MM1 A=-3:3
20.5891,terug,-250,MM0 A=0:3
20.5891,terug,-250,"$GPRMC,130441.8,A,5050.50644,N,00419.38188,E,000.50,161.3,081026,000.4,E*5F"
20.5891,terug,-250,"#35,YAW,2.76,GYRO,-29,1,21,ACC,-3,-18,243,ADC,1221,381,6,2,"
20.5892,terug,-250,MM0 ?AI
20.6238,terug,-250,MM1 ?AI
20.6238,terug,-250,MM0 AI=0:0:2445:2456:0:0
20.6238,terug,-250,MM1 AI=0:0:2349:2319:0:0
20.6238,terug,-250,MM0 !M -248 252
20.6238,terug,-250,MM1 !M -248 252
20.6238,terug,-250,MM0 +
20.6238,terug,-250,MM1 +
20.6238,terug,-250,"#36,YAW,2.76,GYRO,-66,139,-13,ACC,-2,15,293,ADC,1266,500,4,1,"
20.6238,terug,-250,MM1 ?C
20.6238,terug,-250,MM0 ?C
20.6238,terug,-250,MM0 C=-231:-1752
20.6239,terug,-250,MM1 C=-75:-2004
20.6810,terug,-250,"#37,YAW,2.76,GYRO,-17,204,-9,ACC,15,10,360,ADC,1251,393,5,2,"
20.6811,terug,-250,MM1 ?D
20.6811,terug,-250,MM0 ?D
20.6811,terug,-250,MM1 D=17
20.6811,terug,-250,MM0 D=33
20.6811,terug,-250,"#38,YAW,2.76,GYRO,12,8,-18,ACC,12,-18,161,ADC,1234,381,6,2,"
20.6811,terug,-250,MM1 ?FF
20.6811,terug,-250,MM0 ?FF
20.6811,terug,-250,MM1 FF=0
20.6811,terug,-250,MM0 FF=0
20.6811,terug,-250,MM0 !M -248 252
20.6811,terug,-250,MM1 !M -248 252
20.6811,terug,-250,MM0 +
20.6811,terug,-250,MM1 +
20.6811,terug,-250,"#39,YAW,2.76,GYRO,32,-118,-11,ACC,-16,-10,190,ADC,1290,387,5,2,"
20.6811,terug,-250,MM1 ?P
20.6811,terug,-250,MM0 ?P
20.6812,terug,-250,MM1 P=-248:252
20.6812,terug,-250,MM0 P=-248:252
20.7152,terug,-250,"#40,YAW,2.76,GYRO,-27,70,-23,ACC,19,19,333,ADC,1229,384,4,2,"
20.7152,terug,-250,MM0 ?S
20.7152,terug,-250,MM1 ?S
20.7152,terug,-250,MM0 S=-225:225
20.7152,terug,-250,MM1 S=-225:225
20.7152,terug,-250,"#41,YAW,2.76,GYRO,-3,362,-11,ACC,-1,2,372,ADC,1257,387,3,2,"
20.7153,terug,-250,MM1 ?T
20.7153,terug,-250,MM0 ?T
20.7153,terug,-250,MM1 T=36:34
20.7153,terug,-250,MM0 T=35:34
20.7363,terug,-250,"#42,YAW,2.76,GYRO,35,22,10,ACC,9,-24,151,ADC,1286,384,5,2,"
20.7363,terug,-250,MM1 ?V
20.7363,terug,-250,MM0 ?V
20.7363,terug,-250,MM1 V=120:224:4899
20.7363,terug,-250,MM0 V=120:223:4907
20.7363,terug,-250,MM0 !M -248 252
20.7363,terug,-250,MM1 !M -248 252
20.7707,terug,-250,MM0 +
20.7707,terug,-250,MM1 +
20.7707,terug,-250,MM0 PING
20.7707,terug,-250,MM1 PING
20.7707,terug,-250,"#43,YAW,2.76,GYRO,34,-85,13,ACC,-13,-8,184,ADC,1249,390,6,1,"
20.7708,terug,-250,MM0 ?CR
20.7708,terug,-250,MM1 ?CR
20.7708,terug,-250,MM0 CR=-58:56
20.7708,terug,-250,MM1 CR=-57:57
20.7708,terug,-250,MM0 !M -248 252
20.7708,terug,-250,MM1 !M -248 252
20.7708,terug,-250,MM0 +
20.7708,terug,-250,MM1 +
20.7708,terug,-250,"#44,YAW,2.76,GYRO,4,5,2,ACC,-14,7,306,ADC,1264,494,5,2,"
20.7708,terug,-250,MM0 ?A
20.7708,terug,-250,MM1 ?A
20.7708,terug,-250,MM0 A=-3:3
20.7708,terug,-250,MM1 A=-3:3
20.7914,terug,-250,"$GPRMC,130442.0,A,5050.50644,N,00419.38186,E,000.48,161.3,081026,000.4,E*53"
20.7914,terug,-250,"#45,YAW,2.76,GYRO,5,272,-21,ACC,12,30,343,ADC,1261,383,3,2,"
20.7915,terug,-250,MM0 ?AI
20.7915,terug,-250,MM1 ?AI
20.7915,terug,-250,MM0 AI=0:0:2447:2448:0:0
20.8254,terug,-250,MM1 AI=0:0:2357:2339:0:0
20.8254,terug,-250,MM0 !M -248 252
20.8254,terug,-250,MM1 !M -248 252
20.8254,terug,-250,MM0 +
20.8254,terug,-250,MM1 +
20.8254,terug,-250,"#46,YAW,2.76,GYRO,32,3,-15,ACC,9,-4,187,ADC,1271,369,5,2,"
20.8254,terug,-250,MM0 ?C
20.8254,terug,-250,MM1 ?C
20.8254,terug,-250,MM0 C=-290:-1694
20.8255,terug,-250,MM1 C=-133:-1946
20.8636,terug,-250,"#47,YAW,2.76,GYRO,-3,-112,-6,ACC,-13,-8,204,ADC,1288,501,4,2,"
20.8636,terug,-250,MM0 ?D
20.8636,terug,-250,MM1 ?D
20.8636,terug,-250,MM0 D=18
20.8636,terug,-250,MM1 D=48
20.8636,terug,-250,"#48,YAW,2.76,GYRO,-115,67,-17,ACC,-4,35,285,ADC,1264,392,8,2,"
20.8636,terug,-250,MM0 ?FF
20.8637,terug,-250,MM1 ?FF
20.8637,terug,-250,MM0 FF=0
20.8637,terug,-250,MM1 FF=0
20.8637,terug,-250,MM0 !M -248 252
20.8637,terug,-250,MM1 !M -248 252
20.8637,terug,-250,MM0 +
20.8637,terug,-250,MM1 +
20.8835,terug,-250,"#49,YAW,2.76,GYRO,-43,207,11,ACC,7,19,342,ADC,1221,313,5,2,"
20.8836,terug,-250,MM0 ?P
20.8836,terug,-250,MM1 ?P
20.8836,terug,-250,MM0 P=-248:252
20.8836,terug,-250,MM1 P=-248:252
20.9182,terug,-250,"#50,YAW,2.76,GYRO,-20,-38,20,ACC,12,-22,237,ADC,1244,490,5,2,"
20.9183,terug,-250,MM0 ?S
20.9183,terug,-250,MM1 ?S
20.9183,terug,-250,MM0 S=-225:225
20.9183,terug,-250,MM1 S=-150:150
20.9183,terug,-250,MM0 !M -249 251
20.9183,terug,-250,MM1 !M -249 251
20.9183,terug,-250,MM0 +
20.9183,terug,-250,MM1 +
20.9183,terug,-250,"#51,YAW,2.76,GYRO,53,-134,6,ACC,5,-22,174,ADC,1250,391,3,1,"
20.9183,terug,-250,MM0 ?T
20.9183,terug,-250,MM1 ?T
20.9183,terug,-250,MM0 T=35:34
20.9183,terug,-250,MM1 T=36:34
20.9394,terug,-250,"#52,YAW,2.76,GYRO,-112,-10,-15,ACC,9,30,288,ADC,1274,500,6,2,"
20.9395,terug,-250,MM0 ?V
20.9395,terug,-250,MM1 ?V
20.9395,terug,-250,MM0 V=120:223:4906
20.9395,terug,-250,MM1 V=120:222:4899
20.9734,terug,-250,"#53,YAW,2.76,GYRO,-21,161,-2,ACC,22,15,362,ADC,1244,382,5,2,"
20.9735,terug,-250,MM0 ?CR
20.9735,terug,-250,MM1 ?CR
20.9735,terug,-250,MM0 CR=-58:58
20.9735,terug,-250,MM1 CR=-58:57
20.9735,terug,-250,"#54,YAW,2.76,GYRO,-64,-57,31,ACC,6,-12,198,ADC,1234,384,6,2,"
20.9735,terug,-250,MM0 ?A
20.9735,terug,-250,MM1 ?A
20.9735,terug,-250,MM1 A=-3:3
20.9735,terug,-250,MM0 A=0:7
20.9943,terug,-250,"$GPRMC,130442.2,A,5050.50645,N,00419.38182,E,000.46,161.3,081026,000.4,E*5A"
20.9943,terug,-250,"#55,YAW,2.76,GYRO,100,-98,21,ACC,-12,-50,155,ADC,1230,380,6,1,"
20.9943,terug,-250,MM0 ?AI
20.9943,terug,-250,MM1 ?AI
20.9943,terug,-250,MM0 AI=0:0:2450:2436:0:0
20.9944,terug,-250,MM1 AI=0:0:2354:2362:0:0
21.0284,terug,-250,MM0 !M -248 252
21.0284,terug,-250,MM1 !M -248 252
21.0284,terug,-250,MM0 +
21.0284,terug,-250,MM1 +
21.0284,terug,-250,MM0 PING
21.0284,terug,-250,MM1 PING
21.0284,terug,-250,"#56,YAW,2.76,GYRO,-40,-20,3,ACC,-25,-35,198,ADC,1229,385,6,2,"
21.0284,terug,-250,MM0 ?C
21.0284,terug,-250,MM1 ?C
21.0284,terug,-250,MM0 C=-347:-1637
21.0284,terug,-250,MM1 C=-189:-1890
21.0285,terug,-250,"#57,YAW,2.76,GYRO,-68,289,-25,ACC,9,34,427,ADC,1232,384,7,2,"
21.0286,terug,-250,MM0 ?D
21.0286,terug,-250,MM1 ?D
21.0792,terug,-250,MM0 D=49
21.0793,terug,-250,MM1 D=34
21.0793,terug,-250,MM0 !M -247 253
21.0793,terug,-250,MM1 !M -247 253
21.0793,terug,-250,MM0 +
21.0793,terug,-250,MM1 +
21.0793,terug,-250,MM1 PING
21.0793,terug,-250,MM0 PING
21.0793,terug,-250,"#58,YAW,2.76,GYRO,-16,17,-22,ACC,8,8,234,ADC,1219,361,4,1,"
21.0793,terug,-250,MM0 ?FF
21.0793,terug,-250,MM1 ?FF
21.0793,terug,-250,MM0 FF=0
21.0793,terug,-250,MM1 FF=0
21.0793,terug,-250,MM0 !M -248 252
21.0794,terug,-250,MM1 !M -248 252
21.0794,terug,-250,MM0 +
21.0794,terug,-250,MM1 +
21.0794,terug,-250,"#59,YAW,2.77,GYRO,81,-15,-15,ACC,-6,-34,169,ADC,1234,384,4,1,"
21.0794,terug,-250,MM0 ?P
21.0794,terug,-250,MM1 ?P
21.0794,terug,-250,MM0 P=-248:252
21.0794,terug,-250,MM1 P=-248:252
21.1294,terug,-250,"#60,YAW,2.77,GYRO,-66,-58,-20,ACC,65,-3,221,ADC,1252,388,4,2,"
21.1294,terug,-250,MM0 ?S
21.1294,terug,-250,MM1 ?S
21.1294,terug,-250,MM0 S=-225:225
21.1294,terug,-250,MM1 S=-225:225
21.1295,terug,-250,"#61,YAW,2.77,GYRO,-49,253,-40,ACC,22,28,338,ADC,1269,495,4,2,"
21.1295,terug,-250,MM0 !M -248 252
21.1295,terug,-250,MM0 +
21.1295,terug,-250,MM1 !M -248 252
21.1295,terug,-250,MM1 +
21.1295,terug,-250,MM0 ?T
21.1295,terug,-250,MM1 ?T
21.1295,terug,-250,MM0 T=35:34
21.1295,terug,-250,MM1 T=36:34
21.1295,terug,-250,"#62,YAW,2.77,GYRO,-40,81,-11,ACC,4,-5,266,ADC,1237,392,5,1,"
21.1296,terug,-250,MM0 ?V
21.1296,terug,-250,MM1 ?V
21.1802,terug,-250,MM0 V=120:223:4906
21.1803,terug,-250,MM1 V=120:223:4898
21.1803,terug,-250,"#63,YAW,2.77,GYRO,63,34,6,ACC,7,-27,147,ADC,1276,501,5,2,"
21.1803,terug,-250,MM0 ?CR
21.1803,terug,-250,MM1 ?CR
21.1803,terug,-250,MM0 CR=-58:57
21.1803,terug,-250,MM1 CR=-58:58
21.1803,terug,-250,MM0 !M -249 251
21.1803,terug,-250,MM1 !M -249 251
21.1803,terug,-250,MM0 +
21.1803,terug,-250,MM1 +
21.1803,terug,-250,"#64,YAW,2.77,GYRO,6,20,-17,ACC,-8,-23,204,ADC,1267,381,4,1,"
21.1803,terug,-250,MM0 ?A
21.1803,terug,-250,MM1 ?A
21.1803,terug,-250,MM0 A=-3:3
21.1803,terug,-250,MM1 A=-3:3
21.1803,terug,-250,"$GPRMC,130442.4,A,5050.50647,N,00419.38181,E,000.45,161.3,081026,000.4,E*5E"
21.2316,terug,-250,"#65,YAW,2.77,GYRO,30,357,-43,ACC,32,15,347,ADC,1265,485,4,2,"
21.2317,terug,-250,MM0 ?AI
21.2317,terug,-250,MM1 ?AI
21.2317,terug,-250,MM0 AI=0:0:2427:2457:0:0
21.2317,terug,-250,MM1 AI=0:0:2358:2389:0:0
21.2317,terug,-250,"#66,YAW,2.77,GYRO,-13,4,-17,ACC,-20,6,285,ADC,1246,394,6,1,"
21.2317,terug,-250,MM0 ?C
21.2317,terug,-250,MM1 ?C
21.2317,terug,-250,MM0 C=-405:-1579
21.2318,terug,-250,MM1 C=-248:-1832
21.2318,terug,-250,MM0 !M -249 251
21.2318,terug,-250,MM1 !M -249 251
21.2319,terug,-250,MM0 +
21.2319,terug,-250,MM1 +
21.2319,terug,-250,"#67,YAW,2.77,GYRO,30,-73,13,ACC,-2,5,151,ADC,1255,501,5,2,"
21.2319,terug,-250,MM0 ?D
21.2319,terug,-250,MM1 ?D
21.2319,terug,-250,MM0 D=2
21.2319,terug,-250,MM1 D=1
21.2812,terug,-250,"#68,YAW,2.77,GYRO,52,-131,10,ACC,-13,-16,228,ADC,1278,385,7,2,"
21.2813,terug,-250,MM0 ?FF
21.2813,terug,-250,MM1 ?FF
21.2813,terug,-250,MM0 FF=0
21.2813,terug,-250,MM1 FF=0
21.2813,terug,-250,MM1 !M -249 251
21.2813,terug,-250,MM0 !M -249 251
21.2813,terug,-250,MM1 +
21.2813,terug,-250,MM0 +
21.2813,terug,-250,"#69,YAW,2.77,GYRO,-186,206,-14,ACC,0,37,380,ADC,1232,387,4,2,"
21.2813,terug,-250,MM0 ?P
21.2813,terug,-250,MM1 ?P
21.2813,terug,-250,MM1 P=-249:251
21.2813,terug,-250,MM0 P=-249:251
21.3314,terug,-250,"#70,YAW,2.77,GYRO,65,78,-6,ACC,-7,15,280,ADC,1225,388,4,1,"
21.3315,terug,-250,MM0 ?S
21.3315,terug,-250,MM1 ?S
21.3315,terug,-250,MM0 S=-225:225
21.3315,terug,-250,MM1 S=-225:225
21.3315,terug,-250,"#71,YAW,2.77,GYRO,-39,-120,2,ACC,20,0,117,ADC,1258,386,6,2,"
21.3315,terug,-250,MM0 ?T
21.3315,terug,-250,MM1 ?T
21.3315,terug,-250,MM0 T=35:34
21.3315,terug,-250,MM1 T=36:34
21.3315,terug,-250,MM0 !M -249 251
21.3315,terug,-250,MM1 !M -249 251
21.3315,terug,-250,MM0 +
21.3315,terug,-250,MM1 +
21.3315,terug,-250,"#72,YAW,2.77,GYRO,99,-95,-10,ACC,-12,-20,202,ADC,1235,503,4,1,"
21.3315,terug,-250,MM0 ?V
21.3315,terug,-250,MM1 ?V
21.3315,terug,-250,MM0 V=120:225:4905
21.3836,terug,-250,MM1 V=120:223:4899
21.3836,terug,-250,"#73,YAW,2.77,GYRO,-141,144,-31,ACC,-4,29,429,ADC,1283,498,3,2,"
21.3837,terug,-250,MM0 ?CR
21.3837,terug,-250,MM1 ?CR
21.3837,terug,-250,MM0 CR=-58:58
21.3837,terug,-250,MM1 CR=-57:57
21.3837,terug,-250,MM0 !M -249 251
21.3837,terug,-250,MM1 !M -249 251
21.3837,terug,-250,MM0 +
21.3837,terug,-250,MM1 +
21.3837,terug,-250,"#74,YAW,2.77,GYRO,117,138,-13,ACC,-1,8,189,ADC,1280,502,5,2,"
21.3837,terug,-250,MM0 ?A
21.3837,terug,-250,MM1 ?A
21.3837,terug,-250,MM1 A=-3:0
21.3837,terug,-250,MM0 A=0:0
21.3837,terug,-250,"$GPRMC,130442.6,A,5050.50645,N,00419.38173,E,000.43,161.3,081026,000.4,E*55"
21.4322,terug,-250,"#75,YAW,2.77,GYRO,-54,-69,18,ACC,4,9,139,ADC,1208,381,4,2,"
21.4322,terug,-250,MM0 ?AI
21.4323,terug,-250,MM1 ?AI
21.4323,terug,-250,MM0 AI=0:0:2422:2459:0:0
21.4323,terug,-250,MM1 AI=0:0:2357:2512:0:0
21.4323,terug,-250,"#76,YAW,2.77,GYRO,75,-7,2,ACC,-20,-4,233,ADC,1277,497,4,1,"
21.4323,terug,-250,MM0 ?C
21.4323,terug,-250,MM1 ?C
21.4323,terug,-250,MM0 C=-464:-1522
21.4323,terug,-250,MM1 C=-305:-1774
21.4324,terug,-250,MM0 !M -249 251
21.4324,terug,-250,MM0 +
21.4324,terug,-250,MM1 !M -249 251
21.4324,terug,-250,MM1 +
21.4324,terug,-250,"#77,YAW,2.77,GYRO,-68,276,-25,ACC,25,6,437,ADC,1213,381,3,1,"
21.4324,terug,-250,MM0 ?D
21.4324,terug,-250,MM1 ?D
21.4324,terug,-250,MM0 D=17
21.4324,terug,-250,MM1 D=34
21.4529,terug,-250,"#78,YAW,2.77,GYRO,61,249,-38,ACC,8,5,220,ADC,1243,491,5,2,"
21.4530,terug,-250,MM0 ?FF
21.4530,terug,-250,MM1 ?FF
21.4530,terug,-250,MM0 FF=0
21.4530,terug,-250,MM1 FF=0
21.4922,terug,-250,"#79,YAW,2.77,GYRO,-3,-201,17,ACC,-2,5,99,ADC,1263,389,5,2,"
21.4923,terug,-250,MM0 ?P
21.4923,terug,-250,MM1 ?P
21.4923,terug,-250,MM0 P=-249:251
21.4923,terug,-250,MM1 P=-249:251
21.4923,terug,-250,MM1 !M -249 251
21.4923,terug,-250,MM0 !M -249 251
21.4923,terug,-250,MM1 +
21.4923,terug,-250,MM0 +
21.4923,terug,-250,"#80,YAW,2.77,GYRO,95,-81,7,ACC,-14,5,254,ADC,1265,384,7,2,"
21.4923,terug,-250,MM0 ?S
21.4923,terug,-250,MM1 ?S
21.4923,terug,-250,MM0 S=-225:225
21.4923,terug,-250,MM1 S=-225:225
21.5263,terug,-250,MM0 !M -250 250
21.5264,terug,-250,MM1 !M -250 250
21.5264,terug,-250,MM1 +
21.5264,terug,-250,MM0 +
21.5264,terug,-250,"#81,YAW,2.77,GYRO,-199,240,12,ACC,16,41,456,ADC,1245,305,6,2,"
21.5264,terug,-250,MM0 ?T
21.5264,terug,-250,MM1 ?T
21.5264,terug,-250,MM0 T=35:34
21.5264,terug,-250,MM1 T=36:34
21.5473,terug,-250,"#82,YAW,2.77,GYRO,37,16,-16,ACC,-3,-22,146,ADC,1281,500,5,2,"
21.5473,terug,-250,MM0 ?V
21.5473,terug,-250,MM1 ?V
21.5473,terug,-250,MM0 V=120:223:4905
21.5473,terug,-250,MM1 V=120:223:4900
21.5473,terug,-250,"#83,YAW,2.77,GYRO,-65,-207,-33,ACC,-4,-28,163,ADC,1264,385,5,2,"
21.5823,terug,-250,MM0 ?CR
21.5823,terug,-250,MM1 ?CR
21.5823,terug,-250,MM0 CR=-58:58
21.5823,terug,-250,MM1 CR=-57:58
21.5823,terug,-250,MM0 !M -249 251
21.5823,terug,-250,MM1 !M -249 251
21.5823,terug,-250,MM0 +
21.5823,terug,-250,MM1 +
21.5823,terug,-250,"#84,YAW,2.77,GYRO,14,-71,-29,ACC,18,0,244,ADC,1260,500,4,2,"
21.5824,terug,-250,MM0 ?A
21.5824,terug,-250,MM1 ?A
21.5824,terug,-250,MM0 A=-3:3
21.5824,terug,-250,MM1 A=-7:3
21.5824,terug,-250,"$GPRMC,130442.8,A,5050.50645,N,00419.38170,E,000.41,161.3,081026,000.4,E*5A"
21.6344,terug,-250,"#85,YAW,2.78,GYRO,-150,158,-32,ACC,10,48,327,ADC,1262,392,4,2,"
21.6344,terug,-250,MM0 ?AI
21.6344,terug,-250,MM1 ?AI
21.6344,terug,-250,MM0 AI=0:0:2437:2448:0:0
21.6344,terug,-250,MM1 AI=0:0:2392:2390:0:0
21.6344,terug,-250,"#86,YAW,2.78,GYRO,-7,-2,6,ACC,18,24,301,ADC,1204,380,7,2,"
21.6345,terug,-250,MM0 ?C
21.6345,terug,-250,MM1 ?C
21.6345,terug,-250,MM0 C=-521:-1464
21.6345,terug,-250,MM1 C=-362:-1717
21.6345,terug,-250,"#87,YAW,2.78,GYRO,-63,-14,32,ACC,-8,-5,152,ADC,1188,380,5,2,"
21.6346,terug,-250,MM0 ?D
21.6346,terug,-250,MM1 ?D
21.6346,terug,-250,MM0 D=34
21.6346,terug,-250,MM1 D=3
21.6844,terug,-250,"#88,YAW,2.78,GYRO,56,27,22,ACC,-9,-29,208,ADC,1285,385,6,2,"
21.6844,terug,-250,MM0 ?FF
21.6844,terug,-250,MM0 FF=0
21.6844,terug,-250,MM1 ?FF
21.6844,terug,-250,MM1 FF=0
21.6844,terug,-250,MM0 !M -250 250
21.6844,terug,-250,MM1 !M -250 250
21.6844,terug,-250,MM0 +
21.6844,terug,-250,MM1 +
21.6844,terug,-250,MM1 PING
21.6844,terug,-250,MM0 PING
21.6844,terug,-250,"#89,YAW,2.78,GYRO,-173,208,-2,ACC,21,38,331,ADC,1227,382,3,1,"
21.6844,terug,-250,MM0 ?P
21.6844,terug,-250,MM1 ?P
21.6845,terug,-250,MM0 P=-250:250
21.6845,terug,-250,MM1 P=-250:250
21.7369,terug,-250,"#90,YAW,2.78,GYRO,112,216,-16,ACC,9,10,329,ADC,1286,497,6,2,"
21.7369,terug,-250,MM0 ?S
21.7369,terug,-250,MM1 ?S
21.7369,terug,-250,MM0 S=-300:225
21.7369,terug,-250,MM1 S=-225:225
21.7369,terug,-250,MM0 !M -249 251
21.7369,terug,-250,MM1 !M -249 251
21.7370,terug,-250,MM0 +
21.7370,terug,-250,MM1 +
21.7370,terug,-250,MM0 PING
21.7370,terug,-250,MM1 PING
21.7370,terug,-250,"#91,YAW,2.78,GYRO,-74,-59,-9,ACC,-5,4,151,ADC,1280,388,6,2,"
21.7370,terug,-250,MM0 ?T
21.7370,terug,-250,MM1 ?T
21.7370,terug,-250,MM0 T=35:34
21.7370,terug,-250,MM1 T=36:34
21.7370,terug,-250,"#92,YAW,2.78,GYRO,117,-147,-11,ACC,-16,-21,171,ADC,1212,494,4,2,"
21.7371,terug,-250,MM0 ?V
21.7371,terug,-250,MM1 ?V
21.7371,terug,-250,MM0 V=120:226:4906
21.7371,terug,-250,MM1 V=120:223:4900
21.7854,terug,-250,"#93,YAW,2.78,GYRO,-184,196,-27,ACC,43,14,417,ADC,1255,500,5,2,"
21.7854,terug,-250,MM1 ?CR
21.7854,terug,-250,MM0 ?CR
21.7854,terug,-250,MM0 CR=-58:57
21.7854,terug,-250,MM1 CR=-58:57
21.7854,terug,-250,MM0 !M -249 251
21.7854,terug,-250,MM1 !M -249 251
21.7854,terug,-250,MM0 +
21.7854,terug,-250,MM1 +
21.7854,terug,-250,MM0 PING
21.7854,terug,-250,MM1 PING
21.7854,terug,-250,"#94,YAW,2.78,GYRO,123,295,-12,ACC,12,0,267,ADC,1234,392,9,2,"
21.7855,terug,-250,MM0 ?A
21.7855,terug,-250,MM1 ?A
21.7855,terug,-250,MM0 A=0:3
21.7855,terug,-250,MM1 A=0:3
21.7855,terug,-250,"$GPRMC,130443.0,A,5050.50645,N,00419.38168,E,000.40,161.3,081026,000.4,E*5B"
21.8234,terug,-250,"#95,YAW,2.78,GYRO,43,11,12,ACC,8,-14,133,ADC,1257,397,4,1,"
21.8235,terug,-250,MM0 ?AI
21.8235,terug,-250,MM1 ?AI
21.8235,terug,-250,MM0 AI=0:0:2449:2457:0:0
21.8235,terug,-250,MM1 AI=0:0:2390:2368:0:0
21.8235,terug,-250,MM0 !M -250 250
21.8235,terug,-250,MM1 !M -250 250
21.8235,terug,-250,MM0 +
21.8235,terug,-250,MM1 +
21.8235,terug,-250,MM0 PING
21.8235,terug,-250,MM1 PING
21.8235,terug,-250,"#96,YAW,2.78,GYRO,76,-124,5,ACC,-1,-20,156,ADC,1260,394,7,2,"
21.8235,terug,-250,MM0 ?C
21.8235,terug,-250,MM1 ?C
21.8235,terug,-250,MM0 C=-579:-1407
21.8235,terug,-250,MM1 C=-420:-1660
21.8236,terug,-250,MM0 !M -250 250
21.8236,terug,-250,MM1 !M -250 250
21.8236,terug,-250,MM0 +
21.8236,terug,-250,MM1 +
21.8443,terug,-250,"#97,YAW,2.78,GYRO,-81,89,2,ACC,11,15,398,ADC,1260,301,6,2,"
21.8443,terug,-250,MM0 ?D
21.8443,terug,-250,MM1 ?D
21.8443,terug,-250,MM1 D=16
21.8443,terug,-250,MM0 D=1
21.8782,terug,-250,"#98,YAW,2.78,GYRO,123,240,-14,ACC,8,9,374,ADC,1241,383,3,1,"
21.8783,terug,-250,MM0 ?FF
21.8783,terug,-250,MM1 ?FF
21.8783,terug,-250,MM0 FF=0
21.8783,terug,-250,MM1 FF=0
21.8783,terug,-250,"#99,YAW,2.78,GYRO,-40,-114,-3,ACC,-5,-7,173,ADC,1268,500,7,2,"
21.8783,terug,-250,MM1 ?P
21.8783,terug,-250,MM0 ?P
21.8783,terug,-250,MM0 P=-250:250
21.8783,terug,-250,MM1 P=-250:250
21.9002,terug,-250,"#100,YAW,2.78,GYRO,55,-116,-2,ACC,-17,-8,154,ADC,1288,386,5,1,"
21.9003,terug,-250,MM0 ?S
21.9003,terug,-250,MM1 ?S
21.9003,terug,-250,MM0 S=-225:225
21.9003,terug,-250,MM1 S=-150:150
21.9003,terug,-250,MM0 !M -250 250
21.9003,terug,-250,MM1 !M -250 250
21.9003,terug,-250,MM0 +
21.9003,terug,-250,MM1 +
21.9201,terug,-250,MM1 PING
21.9201,terug,-250,MM0 PING
21.9201,terug,-250,"#101,YAW,2.78,GYRO,-239,126,-13,ACC,14,22,346,ADC,1225,288,4,2,"
21.9201,terug,-250,MM0 ?T
21.9201,terug,-250,MM1 ?T
21.9202,terug,-250,MM0 T=35:34
21.9202,terug,-250,MM1 T=36:34
21.9202,terug,-250,MM0 !M -250 250
21.9202,terug,-250,MM1 !M -250 250
21.9202,terug,-250,MM0 +
21.9202,terug,-250,MM1 +
21.9408,terug,-250,"#102,YAW,2.78,GYRO,65,145,10,ACC,23,-3,308,ADC,1254,500,7,2,"
21.9408,terug,-250,MM0 ?V
21.9409,terug,-250,MM1 ?V
21.9409,terug,-250,MM0 V=120:222:4906
21.9409,terug,-250,MM1 V=120:223:4900
21.9641,terug,-250,"#103,YAW,2.78,GYRO,-59,-99,10,ACC,-7,-12,195,ADC,1207,385,5,2,"
21.9642,terug,-250,MM0 ?CR
21.9642,terug,-250,MM1 ?CR
21.9642,terug,-250,MM0 CR=-59:58
21.9642,terug,-250,MM1 CR=-58:58
21.9914,terug,-250,"#104,YAW,2.78,GYRO,79,-107,-3,ACC,11,-26,146,ADC,1303,385,3,2,"
21.9914,terug,-250,MM0 ?A
21.9914,terug,-250,MM1 ?A
21.9914,terug,-250,MM0 A=-3:4
21.9914,terug,-250,MM1 A=-3:8
21.9914,terug,-250,"$GPRMC,130443.2,A,5050.50652,N,00419.38165,E,000.38,161.3,081026,000.4,E*5D"
22.0142,terug,-250,"#105,YAW,2.78,GYRO,-271,46,-26,ACC,15,16,320,ADC,1298,501,5,1,"
22.0142,terug,-250,MM0 ?AI
22.0142,terug,-250,MM1 ?AI
22.0142,terug,-250,MM0 AI=0:0:2448:2510:0:0
22.0142,terug,-250,MM1 AI=0:0:2352:2362:0:0
22.0142,terug,-250,"#106,YAW,2.78,GYRO,85,68,5,ACC,14,1,278,ADC,1279,496,6,2,"
22.0142,terug,-250,MM0 ?C
22.0142,terug,-250,MM1 ?C
22.0142,terug,-250,MM0 C=-638:-1349
22.0143,terug,-250,MM1 C=-478:-1603
22.0351,terug,-250,"#107,YAW,2.78,GYRO,-64,-107,22,ACC,-18,-7,175,ADC,1252,390,6,2,"
22.0351,terug,-250,MM0 ?D
22.0351,terug,-250,MM1 ?D
22.0351,terug,-250,MM0 D=59
22.0351,terug,-250,MM1 D=51
22.0843,terug,-250,"#108,YAW,2.78,GYRO,133,-15,18,ACC,-16,-27,102,ADC,1220,385,5,2,"
22.0844,terug,-250,MM0 ?FF
22.0844,terug,-250,MM1 ?FF
22.0844,terug,-250,MM0 FF=0
22.0844,terug,-250,MM1 FF=0
22.0844,terug,-250,MM0 !M -250 250
22.0844,terug,-250,MM1 !M -250 250
22.0844,terug,-250,MM0 +
22.0844,terug,-250,MM1 +
22.0844,terug,-250,MM0 !M -2PING
22.0844,terug,-250,MM0 +
22.0844,terug,-250,MM1 !M -2PING
22.0844,terug,-250,MM1 +
22.0844,terug,-250,MM1 !M -24251
22.0844,terug,-250,MM0 !M -24251
22.0844,terug,-250,MM1 +
22.0844,terug,-250,MM0 +
22.0844,terug,-250,"#109,YAW,2.78,GYRO,-209,51,-21,ACC,31,-64,400,ADC,1277,312,4,2,"
22.0845,terug,-250,MM0 ?P
22.0845,terug,-250,MM1 ?P
22.0845,terug,-250,MM0 P=-135:250
22.0845,terug,-250,MM1 P=-112:250
22.1053,terug,-250,"#110,YAW,2.78,GYRO,20,241,-28,ACC,58,11,354,ADC,1246,496,5,1,"
22.1053,terug,-250,MM0 ?S
22.1053,terug,-250,MM1 ?S
22.1053,terug,-250,MM1 S=0:225
22.1053,terug,-250,MM0 S=-75:225
22.1391,terug,-250,"#111,YAW,2.78,GYRO,-40,-219,-118,ACC,83,8,151,ADC,1256,387,4,2,"
22.1392,terug,-250,MM0 ?T
22.1392,terug,-250,MM1 ?T
22.1392,terug,-250,MM0 T=35:35
22.1392,terug,-250,MM1 T=36:34
22.1392,terug,-250,"#112,YAW,2.79,GYRO,-67,-291,-330,ACC,107,-8,159,ADC,1235,384,5,1,"
22.1392,terug,-250,MM0 ?V
22.1392,terug,-250,MM1 ?V
22.1392,terug,-250,MM0 V=120:208:4905
22.1392,terug,-250,MM1 V=120:207:4899
22.6970,terug,-250,"#113,YAW,2.80,GYRO,-149,-44,-627,ACC,194,-26,352,ADC,1278,500,3,1,"
22.6971,terug,-250,MM0 ?CR
22.6971,terug,-250,MM1 ?CR
22.6971,terug,-250,MM0 CR=-16:57
22.6971,terug,-250,MM1 CR=-28:56
22.6971,terug,-250,MM1 !M -250 250
22.6971,terug,-250,MM0 !M -250 250
22.6971,terug,-250,MM1 +
22.6971,terug,-250,MM0 +
22.6971,terug,-250,MM1 PING
22.6971,terug,-250,MM0 PING
22.6971,terug,-250,"#114,YAW,2.83,GYRO,143,530,-990,ACC,149,-65,153,ADC,1243,502,7,2,"
22.6971,terug,-250,MM0 !M -256 244
22.6971,terug,-250,MM0 +
22.6971,terug,-250,MM1 !M -256 244
22.6971,terug,-250,MM1 +
22.6971,terug,-250,MM0 ?A
22.6971,terug,-250,MM1 ?A
22.6971,terug,-250,MM0 A=60:8
22.6971,terug,-250,MM1 A=193:32
22.6971,terug,-250,"$GPRMC,130443.4,A,5050.50667,N,00419.38181,E,000.37,161.3,081026,000.4,E*58"
22.6971,terug,-250,"#115,YAW,2.86,GYRO,62,302,-1141,ACC,138,-17,426,ADC,1257,376,3,2,"
22.6972,terug,-250,MM0 ?AI
22.6972,terug,-250,MM1 ?AI
22.6972,terug,-250,MM0 AI=0:0:2448:2479:0:0
22.6972,terug,-250,MM1 AI=0:0:2381:2352:0:0
22.6972,terug,-250,"#116,YAW,2.88,GYRO,243,31,-1170,ACC,118,15,224,ADC,1297,396,5,2,"
22.6972,terug,-250,MM0 ?C
22.6972,terug,-250,MM1 ?C
22.6972,terug,-250,MM0 C=-588:-1292
22.6972,terug,-250,MM1 C=-472:-1548
22.6973,terug,-250,MM0 !M -256 244
22.6973,terug,-250,MM1 !M -256 244
22.6973,terug,-250,MM0 +
22.6973,terug,-250,MM1 +
22.6973,terug,-250,"#117,YAW,2.91,GYRO,-88,284,-1180,ACC,89,-44,98,ADC,1241,320,7,2,"
22.6973,terug,-250,MM0 ?D
22.6973,terug,-250,MM1 ?D
22.6973,terug,-250,MM0 D=49
22.6973,terug,-250,MM1 D=33
22.6973,terug,-250,"#118,YAW,2.94,GYRO,309,480,-1219,ACC,-102,208,718,ADC,1197,379,5,1,"
22.6974,terug,-250,MM1 ?FF
22.6974,terug,-250,MM0 ?FF
22.6974,terug,-250,MM1 FF=0
22.6974,terug,-250,MM0 FF=0
22.6974,terug,-250,MM0 !M -256 244
22.6974,terug,-250,MM1 !M -256 244
22.6974,terug,-250,MM0 +
22.6974,terug,-250,MM1 +
22.6974,terug,-250,"#119,YAW,2.96,GYRO,-99,42,-676,ACC,-40,197,165,ADC,1213,387,6,2,"
22.6974,terug,-250,MM0 ?P
22.6974,terug,-250,MM1 ?P
22.6974,terug,-250,MM0 P=-256:244
22.6974,terug,-250,MM1 P=-256:244
22.6974,terug,-250,"#120,YAW,2.97,GYRO,25,-147,-228,ACC,-35,-57,310,ADC,1248,389,3,1,"
22.6974,terug,-250,MM0 ?S
22.6974,terug,-250,MM1 ?S
22.6974,terug,-250,MM1 S=-75:75
22.6974,terug,-250,MM0 S=-150:150
22.6974,terug,-250,"#121,YAW,2.97,GYRO,44,367,-53,ACC,-131,74,352,ADC,1281,382,5,2,"
22.6974,terug,-250,MM0 ?T
22.6974,terug,-250,MM1 ?T
22.6976,terug,-250,MM0 T=35:34
22.6976,terug,-250,MM1 T=36:34
22.6976,terug,-250,"#122,YAW,2.96,GYRO,31,-132,118,ACC,-33,48,266,ADC,1251,498,7,1,"
22.6977,terug,-250,MM0 ?V
22.6977,terug,-250,MM1 ?V
22.6977,terug,-250,MM0 V=120:220:4904
22.6977,terug,-250,MM1 V=120:220:4899
22.6977,terug,-250,"#123,YAW,2.96,GYRO,-45,-3,158,ACC,-77,-3,264,ADC,1230,392,4,1,"
22.6977,terug,-250,MM1 ?CR
22.6977,terug,-250,MM0 ?CR
22.6977,terug,-250,MM1 CR=2:39
22.6977,terug,-250,MM0 CR=41:43
22.6977,terug,-250,MM0 !M -257 243
22.6977,terug,-250,MM1 !M -257 243
22.6977,terug,-250,MM0 +
22.6977,terug,-250,MM1 +
22.6977,terug,-250,MM0 PING
22.6977,terug,-250,MM1 PING
22.6977,terug,-250,"#124,YAW,2.96,GYRO,39,-42,120,ACC,-31,-34,219,ADC,1231,383,3,2,"
22.6977,terug,-250,MM1 ?A
22.6977,terug,-250,MM0 ?A
22.6978,terug,-250,MM0 A=-18:24
22.6978,terug,-250,MM1 A=-22:20
22.6978,terug,-250,MM0 !M -257 243
22.6978,terug,-250,MM1 !M -257 243
22.6978,terug,-250,MM0 +
22.6978,terug,-250,MM1 +
22.6978,terug,-250,"$GPRMC,130443.6,A,5050.50673,N,00419.38186,E,000.38,161.3,081026,000.4,E*57"
22.6978,terug,-250,"#125,YAW,2.96,GYRO,-134,1,57,ACC,-43,0,297,ADC,1272,297,4,2,"
22.6978,terug,-250,MM1 ?AI
22.6978,terug,-250,MM0 ?AI
22.6978,terug,-250,MM1 AI=0:0:2344:2369:0:0
22.6978,terug,-250,MM0 AI=0:0:2457:2448:0:0
22.6978,terug,-250,"#126,YAW,2.95,GYRO,60,127,0,ACC,-37,3,324,ADC,1240,398,3,2,"
22.6978,terug,-250,MM1 ?C
22.6978,terug,-250,MM0 ?C
22.6978,terug,-250,MM1 C=-500:-1513
22.6978,terug,-250,MM0 C=-609:-1255
22.6979,terug,-250,"#127,YAW,2.95,GYRO,-81,-47,-1,ACC,-6,15,196,ADC,1237,389,5,1,"
22.6979,terug,-250,MM1 ?D
22.6979,terug,-250,MM0 ?D
22.6979,terug,-250,MM1 D=51
22.6979,terug,-250,MM0 D=33
22.6979,terug,-250,MM0 !M -257 243
22.6979,terug,-250,MM1 !M -257 243
22.6979,terug,-250,MM0 +
22.6979,terug,-250,MM1 +
22.6979,terug,-250,"#128,YAW,2.96,GYRO,83,103,-30,ACC,-14,-2,199,ADC,1256,316,5,2,"
22.6980,terug,-250,MM1 ?FF
22.6980,terug,-250,MM0 ?FF
22.6980,terug,-250,MM1 FF=0
22.6980,terug,-250,MM0 FF=0
22.6980,terug,-250,"#129,YAW,2.96,GYRO,44,7,-27,ACC,-35,-18,253,ADC,1216,383,4,1,"
22.6980,terug,-250,MM1 ?P
22.6980,terug,-250,MM0 ?P
22.6980,terug,-250,MM1 P=-257:243
22.6980,terug,-250,MM0 P=-257:243
22.6980,terug,-250,"#130,YAW,2.96,GYRO,-33,-81,-15,ACC,-6,39,273,ADC,1273,384,5,1,"
22.6980,terug,-250,MM1 ?S
22.6980,terug,-250,MM0 ?S
22.6980,terug,-250,MM1 S=-150:150
22.6980,terug,-250,MM0 S=-225:150
22.6980,terug,-250,"#131,YAW,2.96,GYRO,9,74,3,ACC,-6,20,311,ADC,1213,379,6,2,"
22.6980,terug,-250,MM0 !M -257 243
22.6980,terug,-250,MM0 +
22.6980,terug,-250,MM0 PING
22.6980,terug,-250,MM1 !M -257 243
22.6980,terug,-250,MM1 +
22.6980,terug,-250,MM1 PING
22.6980,terug,-250,MM0 ?T
22.6980,terug,-250,MM1 ?T
22.6980,terug,-250,MM0 T=35:34
22.6980,terug,-250,MM1 T=36:34
22.6980,terug,-250,"#132,YAW,2.96,GYRO,-19,68,26,ACC,-1,3,236,ADC,1216,385,7,2,"
22.6981,terug,-250,MM1 ?V
22.6981,terug,-250,MM0 ?V
22.6981,terug,-250,MM1 V=120:222:4900
22.6981,terug,-250,MM0 V=120:222:4905
22.6981,terug,-250,"#133,YAW,2.96,GYRO,106,71,12,ACC,6,-14,197,ADC,1238,381,5,2,"
22.6981,terug,-250,MM0 ?CR
22.6981,terug,-250,MM1 ?CR
22.6981,terug,-250,MM0 CR=-47:45
22.6981,terug,-250,MM1 CR=-47:45
22.6981,terug,-250,MM0 !M -257 243
22.6981,terug,-250,MM1 !M -257 243
22.6981,terug,-250,MM0 +
22.6981,terug,-250,MM1 +
22.6981,terug,-250,MM1 PING
22.6981,terug,-250,MM0 PING
22.6981,terug,-250,"#134,YAW,2.96,GYRO,78,40,-8,ACC,-12,-1,254,ADC,1292,392,6,2,"
22.6981,terug,-250,MM0 ?A
22.6981,terug,-250,MM1 ?A
22.6981,terug,-250,MM0 A=-6:4
22.6981,terug,-250,MM1 A=-10:8
22.6981,terug,-250,MM0 !M -257 243
22.6981,terug,-250,MM1 !M -257 243
22.6981,terug,-250,MM0 +
22.6981,terug,-250,MM1 +
22.6981,terug,-250,"$GPRMC,130443.8,A,5050.50677,N,00419.38190,E,000.42,161.3,081026,000.4,E*57"
22.6981,terug,-250,"#135,YAW,2.96,GYRO,-108,214,-12,ACC,3,46,354,ADC,1266,301,4,1,"
22.6981,terug,-250,MM0 ?AI
22.6981,terug,-250,MM1 ?AI
22.6981,terug,-250,MM0 AI=0:0:2436:2466:0:0
22.6981,terug,-250,MM1 AI=0:0:2364:2284:0:0
22.6981,terug,-250,"#136,YAW,2.95,GYRO,-2,82,22,ACC,-8,31,279,ADC,1239,381,5,1,"
22.6982,terug,-250,MM1 ?C
22.6982,terug,-250,MM0 ?C
22.6982,terug,-250,MM1 C=-550:-1463
22.6982,terug,-250,MM0 C=-659:-1205
22.6982,terug,-250,MM0 !M -258 242
22.6982,terug,-250,MM1 !M -258 242
22.6982,terug,-250,MM0 +
22.6982,terug,-250,MM1 +
22.6982,terug,-250,"#137,YAW,2.95,GYRO,-21,30,29,ACC,7,-15,162,ADC,1235,387,5,2,"
22.6982,terug,-250,MM1 ?D
22.6982,terug,-250,MM0 ?D
22.6982,terug,-250,MM1 D=18
22.6982,terug,-250,MM0 D=57
22.6983,terug,-250,"#138,YAW,2.95,GYRO,67,-54,-4,ACC,-22,-42,197,ADC,1242,385,4,1,"
22.6983,terug,-250,MM0 ?FF
22.6983,terug,-250,MM1 ?FF
22.6983,terug,-250,MM0 FF=0
22.6983,terug,-250,MM1 FF=0
22.6983,terug,-250,"#139,YAW,2.95,GYRO,-232,-13,-13,ACC,-16,29,363,ADC,1248,385,5,2,"
22.6983,terug,-250,MM0 ?P
22.6983,terug,-250,MM1 ?P
22.6983,terug,-250,MM0 P=-258:242
22.6983,terug,-250,MM1 P=-258:242
22.6983,terug,-250,"#140,YAW,2.95,GYRO,-55,105,6,ACC,26,43,313,ADC,1241,502,4,2,"
22.6983,terug,-250,MM0 ?S
22.6983,terug,-250,MM1 ?S
22.6983,terug,-250,MM0 S=-225:225
22.6983,terug,-250,MM1 S=-150:225
22.7454,terug,-250,"#141,YAW,2.95,GYRO,-71,75,14,ACC,0,-8,172,ADC,1228,402,4,1,"
22.7454,terug,-250,MM0 ?T
22.7454,terug,-250,MM0 T=35:35
22.7454,terug,-250,MM1 ?T
22.7454,terug,-250,MM1 T=36:34
22.7454,terug,-250,MM0 !M -258 242
22.7454,terug,-250,MM1 !M -258 242
22.7454,terug,-250,MM0 +
22.7455,terug,-250,MM1 +
22.7455,terug,-250,MM0 PING
22.7455,terug,-250,MM1 PING
22.7455,terug,-250,"#142,YAW,2.95,GYRO,39,0,-11,ACC,-5,-39,188,ADC,1243,384,4,1,"
22.7455,terug,-250,MM0 ?V
22.7455,terug,-250,MM1 ?V
22.7455,terug,-250,MM0 V=120:223:4904
22.7455,terug,-250,MM1 V=120:223:4899
22.7992,terug,-250,"#143,YAW,2.95,GYRO,-74,-64,-27,ACC,-17,15,317,ADC,1236,501,4,2,"
22.7992,terug,-250,MM0 ?CR
22.7992,terug,-250,MM1 ?CR
22.7992,terug,-250,MM0 CR=-55:55
22.7992,terug,-250,MM1 CR=-54:54
22.7992,terug,-250,MM0 !M -325 175
22.7992,terug,-250,MM1 !M -325 175
22.7992,terug,-250,MM1 +
22.7992,terug,-250,MM0 +
22.7992,terug,-250,MM0 PING
22.7992,terug,-250,MM1 PING
22.7992,terug,-250,"#144,YAW,2.95,GYRO,-45,-35,-11,ACC,10,28,331,ADC,1223,385,5,2,"
22.7993,terug,-250,MM0 ?A
22.7993,terug,-250,MM1 ?A
22.7993,terug,-250,MM0 A=-17:0
22.7993,terug,-250,MM1 A=-17:0
22.7993,terug,-250,"$GPRMC,130444.0,A,5050.50678,N,00419.38193,E,000.43,161.3,081026,000.4,E*55"
22.7993,terug,-250,"#145,YAW,2.95,GYRO,-30,206,57,ACC,-18,14,214,ADC,1271,499,4,1,"
22.7993,terug,-250,MM0 ?AI
22.7993,terug,-250,MM1 ?AI
22.7993,terug,-250,MM0 AI=0:0:2435:2455:0:0
22.7993,terug,-250,MM1 AI=0:0:2348:2396:0:0
22.8332,terug,-250,"#146,YAW,2.94,GYRO,19,-90,138,ACC,-3,-24,205,ADC,1250,390,5,2,"
22.8332,terug,-250,MM1 ?C
22.8332,terug,-250,MM0 ?C
22.8332,terug,-250,MM1 C=-606:-1410
22.8332,terug,-250,MM0 C=-716:-1151
22.8333,terug,-250,MM0 !M -318 182
22.8333,terug,-250,MM1 !M -318 182
22.8333,terug,-250,MM0 +
22.8334,terug,-250,MM1 +
22.8334,terug,-250,MM1 PING
22.8334,terug,-250,MM0 PING
22.8334,terug,-250,"#147,YAW,2.93,GYRO,44,7,135,ACC,-17,34,218,ADC,1245,500,6,1,"
22.8334,terug,-250,MM1 ?D
22.8334,terug,-250,MM0 ?D
22.8334,terug,-250,MM1 D=35
22.8334,terug,-250,MM0 D=40
22.8551,terug,-235,"#148,YAW,2.93,GYRO,50,300,99,ACC,77,1,485,ADC,1270,397,6,2,"
22.8551,terug,-235,MM1 ?FF
22.8551,terug,-235,MM0 ?FF
22.8551,terug,-235,MM1 FF=0
22.8551,terug,-235,MM0 FF=0
22.8894,terug,-235,MM1 !M -321 17PING
22.8894,terug,-235,MM0 !M -321 17PING
22.8894,terug,-235,MM1 +
22.8894,terug,-235,MM0 +
22.8894,terug,-235,"#149,YAW,2.93,GYRO,-25,209,80,ACC,19,4,191,ADC,1236,346,5,2,"
22.8894,terug,-235,MM1 ?P
22.8894,terug,-235,MM0 ?P
22.8894,terug,-235,MM1 P=-321:182
22.8894,terug,-235,MM0 P=-321:182
22.8894,terug,-235,"#150,YAW,2.93,GYRO,11,-290,71,ACC,-29,-6,200,ADC,1284,386,4,1,"
22.8894,terug,-235,MM0 ?S
22.8894,terug,-235,MM1 ?S
22.9102,terug,-225,MM0 S=-225:150
22.9102,terug,-225,MM1 S=-225:225
22.9102,terug,-225,"#151,YAW,2.93,GYRO,-5,28,50,ACC,-37,11,206,ADC,1264,496,6,1,"
22.9105,terug,-225,MM0 ?T
22.9105,terug,-225,MM1 ?T
22.9105,terug,-225,MM0 T=35:35
22.9440,terug,-225,MM1 T=36:34
22.9441,terug,-225,MM0 !M -304 166
22.9441,terug,-225,MM1 !M -304 166
22.9441,terug,-225,MM0 +
22.9441,terug,-225,MM1 +
22.9441,terug,-225,MM0 PING
22.9441,terug,-225,MM1 PING
22.9441,terug,-225,"#152,YAW,2.92,GYRO,23,167,59,ACC,39,-22,531,ADC,1255,396,3,2,"
22.9441,terug,-225,MM0 ?V
22.9441,terug,-225,MM1 ?V
22.9441,terug,-225,MM0 V=120:223:4905
22.9441,terug,-225,MM1 V=120:223:4899
22.9967,terug,-218,"#153,YAW,2.92,GYRO,-26,87,58,ACC,21,-37,163,ADC,1270,500,5,2,"
22.9967,terug,-218,MM0 ?CR
22.9967,terug,-218,MM1 ?CR
22.9967,terug,-218,MM0 CR=-60:52
22.9968,terug,-218,MM1 CR=-60:53
22.9968,terug,-218,MM0 !M -292 158
22.9968,terug,-218,MM1 !M -292 158
22.9968,terug,-218,MM0 +
22.9968,terug,-218,MM1 +
22.9968,terug,-218,MM0 PING
22.9968,terug,-218,MM1 PING
22.9968,terug,-218,"#154,YAW,2.92,GYRO,-152,-134,49,ACC,0,-34,214,ADC,1283,497,7,2,"
22.9968,terug,-218,MM0 ?A
22.9968,terug,-218,MM1 ?A
22.9968,terug,-218,MM0 A=-12:-4
22.9968,terug,-218,MM1 A=-12:-4
22.9968,terug,-218,"$GPRMC,130444.2,A,5050.50678,N,00419.38197,E,000.45,161.3,081026,000.4,E*55"
22.9968,terug,-218,"#155,YAW,2.92,GYRO,-15,-38,26,ACC,-12,10,198,ADC,1215,383,7,2,"
22.9968,terug,-218,MM0 ?AI
22.9968,terug,-218,MM1 ?AI
22.9968,terug,-218,MM0 AI=0:0:2459:2452:0:0
22.9968,terug,-218,MM1 AI=0:0:2355:2370:0:0
23.0567,terug,-207,"#156,YAW,2.91,GYRO,39,36,25,ACC,16,13,466,ADC,1226,386,4,2,"
23.0567,terug,-207,MM0 ?C
23.0567,terug,-207,MM1 ?C
23.0567,terug,-207,MM0 C=-775:-1100
23.0567,terug,-207,MM1 C=-667:-1356
23.0568,terug,-207,MM0 !M -283 153
23.0568,terug,-207,MM1 !M -283 153
23.0568,terug,-207,MM0 +
23.0568,terug,-207,MM1 +
23.0568,terug,-207,MM0 PING
23.0568,terug,-207,MM1 PING
23.0568,terug,-207,"#157,YAW,2.91,GYRO,182,305,1,ACC,42,-29,227,ADC,1243,391,6,2,"
23.0569,terug,-207,MM0 ?D
23.0569,terug,-207,MM1 ?D
23.0569,terug,-207,MM0 D=17
23.0569,terug,-207,MM1 D=1
23.0569,terug,-207,"#158,YAW,2.91,GYRO,-31,-19,22,ACC,54,-13,299,ADC,1235,382,7,2,"
23.0569,terug,-207,MM0 ?FF
23.0569,terug,-207,MM1 ?FF
23.0569,terug,-207,MM0 FF=0
23.0569,terug,-207,MM1 FF=0
23.0913,terug,-207,MM0 !M -269 145
23.0913,terug,-207,MM1 !M -269 145
23.0913,terug,-207,MM0 +
23.0913,terug,-207,MM1 +
23.0913,terug,-207,MM0 PING
23.0913,terug,-207,MM1 PING
23.0913,terug,-207,"#159,YAW,2.91,GYRO,-80,-30,39,ACC,-11,20,167,ADC,1246,381,4,1,"
23.0913,terug,-207,MM1 ?P
23.0914,terug,-207,MM0 ?P
23.0914,terug,-207,MM0 P=-269:145
23.0914,terug,-207,MM1 P=-269:145
23.0914,terug,-207,"#160,YAW,2.91,GYRO,-112,-107,41,ACC,33,6,414,ADC,1233,386,4,2,"
23.0914,terug,-207,MM0 ?S
23.0914,terug,-207,MM1 ?S
23.0914,terug,-207,MM0 S=-225:150
23.0914,terug,-207,MM1 S=-225:225
23.1123,terug,-184,"#161,YAW,2.91,GYRO,125,241,32,ACC,50,-30,210,ADC,1241,381,6,1,"
23.1123,terug,-184,MM0 ?T
23.1124,terug,-184,MM1 ?T
23.1124,terug,-184,MM0 T=35:35
23.1124,terug,-184,MM1 T=36:34
23.1124,terug,-184,MM1 !M -269 145
23.1462,terug,-184,MM0 !M -269 145
23.1462,terug,-184,MM1 +
23.1462,terug,-184,MM0 +
23.1462,terug,-184,MM0 PING
23.1462,terug,-184,MM1 PING
23.1462,terug,-184,MM1 !M -239 129
23.1462,terug,-184,MM0 !M -239 129
23.1462,terug,-184,MM1 +
23.1462,terug,-184,MM0 +
23.1462,terug,-184,"#162,YAW,2.91,GYRO,-30,52,55,ACC,32,-37,324,ADC,1247,302,6,2,"
23.1463,terug,-184,MM1 ?V
23.1463,terug,-184,MM0 ?V
23.1463,terug,-184,MM1 V=120:222:4898
23.1463,terug,-184,MM0 V=120:223:4904
23.1982,terug,-177,"#163,YAW,2.91,GYRO,-69,-41,51,ACC,12,2,164,ADC,1277,499,6,2,"
23.1982,terug,-177,MM0 ?CR
23.1983,terug,-177,MM1 ?CR
23.1983,terug,-177,MM0 CR=-55:46
23.1983,terug,-177,MM1 CR=-60:51
23.1983,terug,-177,"#164,YAW,2.91,GYRO,-159,-69,39,ACC,-7,27,277,ADC,1227,381,6,2,"
23.1983,terug,-177,MM0 ?A
23.1983,terug,-177,MM1 ?A
23.1983,terug,-177,MM0 A=-3:0
23.1983,terug,-177,MM1 A=-11:-4
23.1983,terug,-177,"$GPRMC,130444.4,A,5050.50680,N,00419.38200,E,000.45,161.3,081026,000.4,E*59"
23.1983,terug,-177,"#165,YAW,2.91,GYRO,116,315,37,ACC,46,-46,291,ADC,1264,386,6,2,"
23.1983,terug,-177,MM0 ?AI
23.1983,terug,-177,MM1 ?AI
23.1983,terug,-177,MM0 AI=0:0:2464:2450:0:0
23.1983,terug,-177,MM1 AI=0:0:2365:2348:0:0
23.2192,terug,-164,"#166,YAW,2.90,GYRO,-104,-35,74,ACC,-2,-28,298,ADC,1243,391,6,2,"
23.2193,terug,-164,MM0 ?C
23.2193,terug,-164,MM1 ?C
23.2193,terug,-164,MM0 C=-828:-1056
23.2193,terug,-164,MM1 C=-723:-1307
23.2194,terug,-164,MM0 !M -230 124
23.2194,terug,-164,MM1 !M -230 124
23.2194,terug,-164,MM0 +
23.2194,terug,-164,MM1 +
23.2194,terug,-164,MM0 PING
23.2194,terug,-164,MM1 PING
23.2532,terug,-159,"#167,YAW,2.90,GYRO,-65,-47,61,ACC,8,14,217,ADC,1238,499,5,2,"
23.2532,terug,-159,MM0 ?D
23.2532,terug,-159,MM1 ?D
23.2532,terug,-159,MM0 D=19
23.2532,terug,-159,MM1 D=3
23.2532,terug,-159,"#168,YAW,2.90,GYRO,-48,18,58,ACC,20,6,275,ADC,1216,385,4,2,"
23.2532,terug,-159,MM0 ?FF
23.2532,terug,-159,MM1 ?FF
23.2532,terug,-159,MM0 FF=0
23.2532,terug,-159,MM1 FF=0
23.2871,terug,-159,MM0 !M -213 115
23.2872,terug,-159,MM1 !M -213 115
23.2872,terug,-159,MM0 +
23.2872,terug,-159,MM1 +
23.2872,terug,-159,MM0 PING
23.2872,terug,-159,MM1 PING
23.2872,terug,-159,MM0 !M -206 112
23.2872,terug,-159,MM1 !M -206 112
23.2872,terug,-159,MM0 +
23.2872,terug,-159,MM1 +
23.2872,terug,-159,"#169,YAW,2.89,GYRO,-56,129,58,ACC,12,-5,271,ADC,1268,329,4,2,"
23.2872,terug,-159,MM0 ?P
23.2872,terug,-159,MM1 ?P
23.2872,terug,-159,MM0 P=-206:112
23.2872,terug,-159,MM1 P=-206:112
23.2872,terug,-159,"#170,YAW,2.89,GYRO,47,-89,59,ACC,20,-35,218,ADC,1247,384,7,1,"
23.3113,terug,-140,MM0 ?S
23.3113,terug,-140,MM1 ?S
23.3113,terug,-140,MM0 S=-150:150
23.3113,terug,-140,MM1 S=-150:150
23.3113,terug,-140,"#171,YAW,2.89,GYRO,-64,-13,46,ACC,11,3,273,ADC,1242,382,5,2,"
23.3114,terug,-140,MM0 ?T
23.3114,terug,-140,MM1 ?T
23.3452,terug,-140,MM0 T=35:35
23.3452,terug,-140,MM1 T=36:34
23.3452,terug,-140,MM0 !M -182 98
23.3452,terug,-140,MM1 !M -182 98
23.3452,terug,-140,MM0 +
23.3452,terug,-140,MM1 +
23.3452,terug,-140,"#172,YAW,2.89,GYRO,55,140,35,ACC,34,-2,293,ADC,1198,296,5,2,"
23.3453,terug,-140,MM0 ?V
23.3453,terug,-140,MM1 ?V
23.3453,terug,-140,MM0 V=120:224:4905
23.3453,terug,-140,MM1 V=120:225:4900
23.3871,terug,-130,"#173,YAW,2.89,GYRO,-18,48,8,ACC,37,17,223,ADC,1268,500,4,2,"
23.3872,terug,-130,MM0 ?CR
23.3872,terug,-130,MM1 ?CR
23.3872,terug,-130,MM0 CR=-46:40
23.3872,terug,-130,MM1 CR=-46:42
23.3872,terug,-130,"#174,YAW,2.89,GYRO,-45,99,17,ACC,37,12,255,ADC,1250,502,4,2,"
23.3872,terug,-130,MM0 ?A
23.3872,terug,-130,MM1 ?A
23.3872,terug,-130,MM0 A=0:-4
23.3872,terug,-130,MM1 A=-4:-4
23.3872,terug,-130,"$GPRMC,130444.6,A,5050.50681,N,00419.38204,E,000.44,161.3,081026,000.4,E*5F"
23.4512,terug,-120,"#175,YAW,2.89,GYRO,-17,84,22,ACC,28,-16,267,ADC,1243,382,5,1,"
23.4512,terug,-120,MM0 ?AI
23.4513,terug,-120,MM1 ?AI
23.4513,terug,-120,MM0 AI=0:0:2430:2463:0:0
23.4513,terug,-120,MM1 AI=0:0:2347:2362:0:0
23.4513,terug,-120,MM0 !M -169 91
23.4513,terug,-120,MM1 !M -169 91
23.4513,terug,-120,MM0 +
23.4513,terug,-120,MM1 +
23.4513,terug,-120,"#176,YAW,2.89,GYRO,-26,-17,29,ACC,11,-15,242,ADC,1250,387,4,2,"
23.4513,terug,-120,MM0 ?C
23.4513,terug,-120,MM1 ?C
23.4513,terug,-120,MM0 C=-870:-1017
23.4513,terug,-120,MM1 C=-766:-1268
23.4514,terug,-120,"#177,YAW,2.88,GYRO,-27,0,34,ACC,24,1,240,ADC,1216,380,7,2,"
23.4514,terug,-120,MM0 ?D
23.4514,terug,-120,MM0 D=0
23.4514,terug,-120,MM1 ?D
23.4514,terug,-120,MM1 D=49
23.4514,terug,-120,MM0 !M -156 84
23.4514,terug,-120,MM0 +
23.4514,terug,-120,MM1 !M -156 84
23.4514,terug,-120,MM1 +
23.4514,terug,-120,"#178,YAW,2.88,GYRO,1,78,22,ACC,45,8,264,ADC,1246,494,5,2,"
23.4514,terug,-120,MM0 ?FF
23.4514,terug,-120,MM1 ?FF
23.4514,terug,-120,MM0 FF=0
23.4514,terug,-120,MM1 FF=0
23.4722,terug,-105,"#179,YAW,2.88,GYRO,-8,106,-12,ACC,19,-1,278,ADC,1256,497,5,2,"
23.4722,terug,-105,MM0 ?P
23.4722,terug,-105,MM1 ?P
23.4722,terug,-105,MM0 P=-156:84
23.4722,terug,-105,MM1 P=-156:84
23.5075,terug,-100,MM0 !M -136 74
23.5075,terug,-100,MM1 !M -136 74
23.5075,terug,-100,MM0 +
23.5075,terug,-100,MM1 +
23.5075,terug,-100,"#180,YAW,2.88,GYRO,-46,67,4,ACC,25,13,245,ADC,1217,311,4,2,"
23.5075,terug,-100,MM0 ?S
23.5075,terug,-100,MM1 ?S
23.5075,terug,-100,MM0 S=-75:75
23.5075,terug,-100,MM1 S=-75:75
23.5075,terug,-100,"#181,YAW,2.88,GYRO,-5,99,16,ACC,38,-2,259,ADC,1258,396,5,2,"
23.5411,terug,-100,MM0 ?T
23.5411,terug,-100,MM1 ?T
23.5411,terug,-100,MM0 T=35:35
23.5411,terug,-100,MM1 T=36:34
23.5411,terug,-100,MM0 !M -130 70
23.5411,terug,-100,MM1 !M -130 70
23.5411,terug,-100,MM0 +
23.5411,terug,-100,MM1 +
23.5411,terug,-100,"#182,YAW,2.88,GYRO,-12,12,5,ACC,23,-14,262,ADC,1239,383,6,2,"
23.5412,terug,-100,MM0 ?V
23.5412,terug,-100,MM1 ?V
23.5412,terug,-100,MM0 V=120:223:4906
23.5412,terug,-100,MM1 V=120:223:4898
23.5622,terug,-85,"#183,YAW,2.88,GYRO,-16,21,14,ACC,22,5,251,ADC,1225,392,5,2,"
23.5622,terug,-85,MM0 ?CR
23.5622,terug,-85,MM1 ?CR
23.5622,terug,-85,MM0 CR=-34:33
23.5622,terug,-85,MM1 CR=-34:33
23.5959,terug,-85,"#184,YAW,2.88,GYRO,-21,45,6,ACC,22,11,250,ADC,1212,382,5,2,"
23.5960,terug,-85,MM0 ?A
23.5960,terug,-85,MM1 ?A
23.5960,terug,-85,MM0 A=0:0
23.5960,terug,-85,MM1 A=0:0
23.5960,terug,-85,"$GPRMC,130444.8,A,5050.50682,N,00419.38207,E,000.44,161.3,081026,000.4,E*51"
23.5960,terug,-85,MM0 !M -110 60
23.5960,terug,-85,MM0 +
23.5960,terug,-85,MM1 !M -110 60
23.5960,terug,-85,MM1 +
23.5960,terug,-85,"#185,YAW,2.88,GYRO,-17,40,-4,ACC,16,7,264,ADC,1276,389,4,1,"
23.5960,terug,-85,MM0 ?AI
23.5960,terug,-85,MM1 ?AI
23.5960,terug,-85,MM0 AI=0:0:2451:2444:0:0
23.5960,terug,-85,MM1 AI=0:0:2359:2367:0:0
23.6184,terug,-69,"#186,YAW,2.88,GYRO,-9,30,-21,ACC,21,2,248,ADC,1215,383,5,1,"
23.6185,terug,-69,MM0 ?C
23.6185,terug,-69,MM1 ?C
23.6185,terug,-69,MM1 C=-796:-1239
23.6185,terug,-69,MM0 C=-901:-988
23.6521,terug,-69,"#187,YAW,2.88,GYRO,-11,76,-34,ACC,19,-1,267,ADC,1261,384,5,1,"
23.6521,terug,-69,MM0 ?D
23.6521,terug,-69,MM1 ?D
23.6521,terug,-69,MM1 D=32
23.6522,terug,-69,MM0 D=2
23.6522,terug,-69,MM0 !M -89 49
23.6522,terug,-69,MM1 !M -89 49
23.6522,terug,-69,MM0 +
23.6522,terug,-69,MM1 +
23.6522,terug,-69,"#188,YAW,2.88,GYRO,3,114,-24,ACC,34,3,270,ADC,1243,387,6,2,"
23.6522,terug,-69,MM0 ?FF
23.6522,terug,-69,MM1 ?FF
23.6522,terug,-69,MM0 FF=0
23.6522,terug,-69,MM1 FF=0
23.7025,terug,-60,"#189,YAW,2.88,GYRO,-36,49,17,ACC,23,6,285,ADC,1225,382,5,1,"
23.7025,terug,-60,MM0 ?P
23.7026,terug,-60,MM1 ?P
23.7026,terug,-60,MM0 P=-89:49
23.7026,terug,-60,MM1 P=-89:49
23.7026,terug,-60,MM0 !M -78 42
23.7026,terug,-60,MM1 !M -78 42
23.7026,terug,-60,MM0 +
23.7026,terug,-60,MM1 +
23.7026,terug,-60,"#190,YAW,2.88,GYRO,1,55,26,ACC,24,2,255,ADC,1267,501,5,2,"
23.7026,terug,-60,MM0 ?S
23.7026,terug,-60,MM1 ?S
23.7026,terug,-60,MM0 S=-75:75
23.7026,terug,-60,MM1 S=-75:75
23.7550,terug,-60,"#191,YAW,2.88,GYRO,-6,70,15,ACC,23,-6,247,ADC,1251,391,4,2,"
23.7550,terug,-60,MM0 ?T
23.7551,terug,-60,MM1 ?T
23.7551,terug,-60,MM0 T=35:35
23.7551,terug,-60,MM1 T=36:34
23.7551,terug,-60,"#192,YAW,2.88,GYRO,-16,22,-1,ACC,28,1,260,ADC,1245,397,5,2,"
23.7551,terug,-60,MM0 ?V
23.7551,terug,-60,MM1 ?V
23.7551,terug,-60,MM0 V=120:220:4906
23.7551,terug,-60,MM1 V=120:223:4901
23.7551,terug,-60,MM0 !M -78 42
23.7551,terug,-60,MM1 !M -78 42
23.7551,terug,-60,MM0 +
23.7551,terug,-60,MM1 +
23.7551,terug,-60,"#193,YAW,2.88,GYRO,-9,12,-14,ACC,21,-1,260,ADC,1248,387,6,2,"
23.7551,terug,-60,MM0 ?CR
23.7551,terug,-60,MM1 ?CR
23.7551,terug,-60,MM0 CR=-22:21
23.7551,terug,-60,MM1 CR=-21:21
23.8043,terug,0,"#194,YAW,2.88,GYRO,-7,22,-21,ACC,15,0,253,ADC,1260,399,5,2,"
23.8043,terug,0,MM0 ?A
23.8044,terug,0,MM1 ?A
23.8044,terug,0,MM0 A=0:0
23.8044,terug,0,MM1 A=0:0
23.8044,terug,0,"$GPRMC,130445.0,A,5050.50683,N,00419.38211,E,000.45,161.3,081026,000.4,E*5F"
23.8044,terug,0,MM0 !M 0 0
23.8044,terug,0,MM1 !M 0 0
23.8044,terug,0,MM0 +
23.8044,terug,0,MM1 +
23.8044,terug,0,"#195,YAW,2.88,GYRO,-9,16,-22,ACC,14,-3,254,ADC,1238,315,6,2,"
23.8044,terug,0,MM0 ?AI
23.8044,terug,0,MM1 ?AI
23.8044,terug,0,MM0 AI=0:0:2433:2455:0:0
23.8044,terug,0,MM1 AI=0:0:2354:2404:0:0
23.8572,terug,0,"#196,YAW,2.88,GYRO,-16,-11,-3,ACC,53,-4,251,ADC,1256,383,6,2,"
23.8572,terug,0,MM0 ?C
23.8572,terug,0,MM1 ?C
23.8572,terug,0,MM1 C=-813:-1221
23.8572,terug,0,MM0 C=-918:-970
23.8573,terug,0,"#197,YAW,2.88,GYRO,-21,-19,9,ACC,36,4,225,ADC,1244,387,5,2,"
23.8574,terug,0,MM0 ?D
23.8574,terug,0,MM1 ?D
23.8574,terug,0,MM1 D=33
23.8574,terug,0,MM0 D=2
23.8574,terug,0,MM0 !M 0 0
23.8574,terug,0,MM1 !M 0 0
23.8574,terug,0,MM0 +
23.8574,terug,0,MM1 +
23.8574,terug,0,"#198,YAW,2.88,GYRO,7,25,-12,ACC,57,-3,273,ADC,1232,400,5,2,"
23.8574,terug,0,MM0 ?FF
23.8574,terug,0,MM1 ?FF
23.8574,terug,0,MM0 FF=0
23.8574,terug,0,MM1 FF=0
23.9058,terug,0,"#199,YAW,2.88,GYRO,-11,81,-38,ACC,30,0,255,ADC,1279,386,5,1,"
23.9058,terug,0,MM0 ?P
23.9058,terug,0,MM1 ?P
23.9058,terug,0,MM0 P=0:0
23.9058,terug,0,MM1 P=0:0
23.9058,terug,0,MM0 !M 0 0
23.9058,terug,0,MM1 !M 0 0
23.9058,terug,0,MM0 +
23.9058,terug,0,MM1 +
23.9058,terug,0,"#200,YAW,2.88,GYRO,-12,31,-27,ACC,29,-4,258,ADC,1201,382,5,2,"
23.9058,terug,0,MM0 ?S
23.9059,terug,0,MM1 ?S
23.9059,terug,0,MM0 S=-75:75
23.9059,terug,0,MM1 S=0:0
23.9612,terug,0,"#201,YAW,2.88,GYRO,-10,31,-23,ACC,28,2,248,ADC,1278,388,5,2,"
23.9613,terug,0,MM0 ?T
23.9613,terug,0,MM1 ?T
23.9613,terug,0,MM0 T=35:35
23.9613,terug,0,MM1 T=36:34
23.9613,terug,0,"#202,YAW,2.88,GYRO,-8,81,-4,ACC,20,1,254,ADC,1303,497,5,2,"
23.9613,terug,0,MM0 ?V
23.9613,terug,0,MM1 ?V
23.9613,terug,0,MM0 V=120:224:4904
23.9613,terug,0,MM1 V=120:223:4899
23.9613,terug,0,MM0 !M 0 0
23.9613,terug,0,MM1 !M 0 0
23.9613,terug,0,MM0 +
23.9613,terug,0,MM1 +
23.9613,terug,0,"#203,YAW,2.88,GYRO,-21,44,20,ACC,16,0,269,ADC,1298,398,4,2,"
23.9614,terug,0,MM0 ?CR
23.9614,terug,0,MM1 ?CR
23.9614,terug,0,MM0 CR=-8:9
23.9614,terug,0,MM1 CR=-7:9
23.9952,terug,0,"#204,YAW,2.88,GYRO,-14,31,13,ACC,19,-5,250,ADC,1265,384,5,2,"
23.9953,terug,0,MM0 ?A
23.9953,terug,0,MM1 ?A
23.9953,terug,0,MM0 A=0:0
23.9953,terug,0,MM1 A=0:0
23.9953,terug,0,MM0 !M 0 0
23.9953,terug,0,MM1 !M 0 0
23.9953,terug,0,MM0 +
23.9953,terug,0,MM1 +
23.9953,terug,0,"$GPRMC,130445.2,A,5050.50684,N,00419.38214,E,000.44,161.3,081026,000.4,E*5E"
23.9953,terug,0,"#205,YAW,2.88,GYRO,-16,50,-8,ACC,21,-5,247,ADC,1223,316,4,2,"
23.9953,terug,0,MM0 ?AI
23.9953,terug,0,MM1 ?AI
23.9953,terug,0,MM0 AI=0:0:2458:2447:0:0
23.9953,terug,0,MM1 AI=0:0:2354:2105:0:0
24.0160,terug,0,"#206,YAW,2.88,GYRO,-12,56,-28,ACC,8,3,265,ADC,1247,391,6,2,"
24.0161,terug,0,MM0 ?C
24.0161,terug,0,MM1 ?C
24.0161,terug,0,MM1 C=-816:-1216
24.0161,terug,0,MM0 C=-923:-965
24.0502,terug,0,"#207,YAW,2.88,GYRO,-11,54,-20,ACC,7,4,259,ADC,1243,385,4,2,"
24.0503,terug,0,MM0 !M 0 0
24.0503,terug,0,MM0 +
24.0503,terug,0,MM1 !M 0 0
24.0503,terug,0,MM1 +
24.0503,terug,0,MM0 ?D
24.0503,terug,0,MM1 ?D
24.0503,terug,0,MM1 D=35
24.0503,terug,0,MM0 D=2
24.0503,terug,0,"#208,YAW,2.88,GYRO,-15,46,-3,ACC,4,1,253,ADC,1311,487,7,2,"
24.0503,terug,0,MM0 ?FF
24.0503,terug,0,MM1 ?FF
24.0503,terug,0,MM0 FF=0
24.0503,terug,0,MM1 FF=0
24.0711,terug,0,"#209,YAW,2.88,GYRO,-12,51,4,ACC,5,-3,254,ADC,1230,383,7,2,"
24.0711,terug,0,MM0 ?P
24.0711,terug,0,MM1 ?P
24.0711,terug,0,MM0 P=0:0
24.0711,terug,0,MM1 P=0:0
24.1053,terug,0,MM1 !M 0 0
24.1054,terug,0,MM0 !M 0 0
24.1054,terug,0,MM1 +
24.1054,terug,0,MM0 +
24.1054,terug,0,"#210,YAW,2.88,GYRO,-14,45,5,ACC,3,0,261,ADC,1247,499,4,1,"
24.1054,terug,0,MM0 ?S
24.1054,terug,0,MM1 ?S
24.1054,terug,0,MM0 S=0:0
24.1054,terug,0,MM1 S=0:0
24.1644,terug,0,"#211,YAW,2.88,GYRO,-13,47,-3,ACC,0,2,253,ADC,1261,388,6,2,"
24.1645,terug,0,MM0 ?T
24.1645,terug,0,MM1 ?T
24.1645,terug,0,MM0 T=35:35
24.1645,terug,0,MM1 T=36:34
24.1645,terug,0,"#212,YAW,2.88,GYRO,-13,51,-12,ACC,5,2,258,ADC,1301,500,6,1,"
24.1645,terug,0,MM0 ?V
24.1645,terug,0,MM1 ?V
24.1645,terug,0,MM0 V=120:224:4904
24.1645,terug,0,MM1 V=120:223:4899
24.1645,terug,0,MM0 !M 0 0
24.1645,terug,0,MM1 !M 0 0
24.1646,terug,0,MM0 +
24.1646,terug,0,MM1 +
24.1646,terug,0,"#213,YAW,2.88,GYRO,-14,46,-15,ACC,3,-1,259,ADC,1251,501,5,1,"
24.1646,terug,0,MM0 ?CR
24.1646,terug,0,MM1 ?CR
24.1646,terug,0,MM0 CR=0:0
24.1646,terug,0,MM1 CR=0:1
24.1982,terug,0,"#214,YAW,2.88,GYRO,-14,48,-10,ACC,5,-1,256,ADC,1272,387,5,1,"
24.1983,terug,0,MM0 ?A
24.1983,terug,0,MM1 ?A
24.1983,terug,0,MM0 A=0:0
24.1983,terug,0,MM1 A=0:0
24.1983,terug,0,"$GPRMC,130445.4,A,5050.50685,N,00419.38218,E,000.44,161.3,081026,000.4,E*55"
24.1983,terug,0,MM0 !M 0 0
24.1983,terug,0,MM1 !M 0 0
24.1983,terug,0,MM0 +
24.1983,terug,0,MM1 +
24.1983,terug,0,"#215,YAW,2.88,GYRO,-14,47,-2,ACC,0,0,258,ADC,1249,295,4,2,"
24.1984,terug,0,MM0 ?AI
24.1984,terug,0,MM1 ?AI
24.1984,terug,0,MM0 AI=0:0:2438:2457:0:0
24.1984,terug,0,MM1 AI=0:0:2363:2361:0:0
24.2191,terug,0,"#216,YAW,2.87,GYRO,-13,46,2,ACC,4,2,261,ADC,1273,393,5,2,"
24.2192,terug,0,MM0 ?C
24.2192,terug,0,MM1 ?C
24.2192,terug,0,MM1 C=-816:-1215
24.2192,terug,0,MM0 C=-923:-965
24.2531,terug,0,"#217,YAW,2.87,GYRO,-13,47,0,ACC,4,1,257,ADC,1237,385,4,2,"
24.2532,terug,0,MM0 ?D
24.2532,terug,0,MM1 ?D
24.2532,terug,0,MM0 D=2
24.2532,terug,0,MM1 D=3
24.2532,terug,0,MM0 !M 0 0
24.2532,terug,0,MM1 !M 0 0
24.2532,terug,0,MM0 +
24.2532,terug,0,MM1 +
24.2532,terug,0,"#218,YAW,2.87,GYRO,-12,44,-6,ACC,4,1,259,ADC,1229,383,4,1,"
24.2532,terug,0,MM0 ?FF
24.2532,terug,0,MM1 ?FF
24.2532,terug,0,MM0 FF=0
24.2532,terug,0,MM1 FF=0
24.2738,terug,0,"#219,YAW,2.87,GYRO,-13,47,-9,ACC,5,1,257,ADC,1193,382,4,2,"
24.2739,terug,0,MM0 ?P
24.2739,terug,0,MM1 ?P
24.2739,terug,0,MM0 P=0:0
24.2739,terug,0,MM1 P=0:0
24.3083,terug,0,MM1 !M 0 0
24.3083,terug,0,MM0 !M 0 0
24.3083,terug,0,MM1 +
24.3083,terug,0,MM0 +
24.3083,terug,0,"#220,YAW,2.87,GYRO,-12,44,-10,ACC,7,0,254,ADC,1267,295,4,1,"
24.3083,terug,0,MM0 ?S
24.3083,terug,0,MM1 ?S
24.3083,terug,0,MM0 S=0:0
24.3083,terug,0,MM1 S=0:0
24.3083,terug,0,"#221,YAW,2.87,GYRO,-13,48,-8,ACC,6,0,254,ADC,1238,382,4,2,"
24.3083,terug,0,MM0 ?T
24.3083,terug,0,MM1 ?T
24.3628,terug,0,MM0 T=35:35
24.3628,terug,0,MM1 T=36:34
24.3628,terug,0,"#222,YAW,2.87,GYRO,-14,47,-4,ACC,4,1,255,ADC,1218,383,4,2,"
24.3629,terug,0,MM0 ?V
24.3629,terug,0,MM1 ?V
24.3629,terug,0,MM0 V=120:223:4903
24.3629,terug,0,MM1 V=120:223:4900
24.3629,terug,0,MM1 !M 0 0
24.3629,terug,0,MM0 !M 0 0
24.3629,terug,0,MM1 +
24.3629,terug,0,MM0 +
24.3629,terug,0,"#223,YAW,2.87,GYRO,-14,45,-2,ACC,5,0,259,ADC,1267,499,7,2,"
24.3629,terug,0,MM0 ?CR
24.3629,terug,0,MM1 ?CR
24.3629,terug,0,MM0 CR=0:0
24.3629,terug,0,MM1 CR=0:0
24.4113,terug,0,"#224,YAW,2.87,GYRO,-13,46,-4,ACC,6,0,260,ADC,1252,391,5,2,"
24.4114,terug,0,MM0 ?A
24.4114,terug,0,MM1 ?A
24.4114,terug,0,MM0 A=0:0
24.4114,terug,0,MM1 A=0:0
24.4114,terug,0,"$GPRMC,130445.6,A,5050.50686,N,00419.38221,E,000.43,161.3,081026,000.4,E*59"
24.4114,terug,0,"#225,YAW,2.87,GYRO,-12,47,-6,ACC,6,1,256,ADC,1260,385,4,1,"
24.4114,terug,0,MM0 ?AI
24.4114,terug,0,MM1 ?AI
24.4114,terug,0,MM1 AI=0:0:2364:2349:0:0
24.4114,terug,0,MM0 AI=0:0:2427:2445:0:0
24.4114,terug,0,MM0 !M 0 0
24.4114,terug,0,MM1 !M 0 0
24.4114,terug,0,MM0 +
24.4114,terug,0,MM1 +
24.4114,terug,0,"#226,YAW,2.87,GYRO,-14,45,-10,ACC,6,1,259,ADC,1216,380,5,2,"
24.4114,terug,0,MM0 ?C
24.4114,terug,0,MM1 ?C
24.4115,terug,0,MM1 C=-816:-1215
24.4115,terug,0,MM0 C=-923:-965
24.4622,terug,0,"#227,YAW,2.87,GYRO,-13,46,-11,ACC,8,0,257,ADC,1253,501,4,2,"
24.4622,terug,0,MM0 ?D
24.4622,terug,0,MM1 ?D
24.4623,terug,0,MM0 D=2
24.4623,terug,0,MM1 D=3
24.4623,terug,0,MM1 !M 0 0
24.4623,terug,0,MM0 !M 0 0
24.4623,terug,0,MM1 +
24.4623,terug,0,MM0 +
24.4623,terug,0,"#228,YAW,2.87,GYRO,-14,46,-5,ACC,5,2,258,ADC,1270,501,4,1,"
24.4623,terug,0,MM0 ?FF
24.4623,terug,0,MM1 ?FF
24.4623,terug,0,MM0 FF=0
24.4623,terug,0,MM1 FF=0
24.5112,terug,0,"#229,YAW,2.87,GYRO,-13,47,-2,ACC,7,0,256,ADC,1227,382,6,2,"
24.5112,terug,0,MM0 ?P
24.5112,terug,0,MM1 ?P
24.5112,terug,0,MM0 P=0:0
24.5113,terug,0,MM1 P=0:0
24.5113,terug,0,"#230,YAW,2.87,GYRO,-14,47,-3,ACC,4,0,254,ADC,1238,501,7,2,"
24.5113,terug,0,MM0 ?S
24.5113,terug,0,MM1 ?S
24.5113,terug,0,MM0 S=0:0
24.5113,terug,0,MM1 S=0:0
24.5113,terug,0,MM0 !M 0 0
24.5113,terug,0,MM1 !M 0 0
24.5113,terug,0,MM0 +
24.5113,terug,0,MM1 +
24.5113,terug,0,"#231,YAW,2.87,GYRO,-14,47,-4,ACC,6,1,261,ADC,1226,388,5,2,"
24.5113,terug,0,MM0 ?T
24.5113,terug,0,MM1 ?T
24.5113,terug,0,MM0 T=35:35
24.5113,terug,0,MM1 T=36:34
24.5623,terug,0,"#232,YAW,2.87,GYRO,-14,48,-4,ACC,4,0,254,ADC,1219,385,6,2,"
24.5623,terug,0,MM0 ?V
24.5623,terug,0,MM1 ?V
24.5623,terug,0,MM0 V=120:224:4903
24.5623,terug,0,MM1 V=120:223:4901
24.5623,terug,0,MM1 !M 0 0
24.5623,terug,0,MM0 !M 0 0
24.5623,terug,0,MM1 +
24.5624,terug,0,MM0 +
24.5624,terug,0,"#233,YAW,2.87,GYRO,-13,47,-6,ACC,2,1,256,ADC,1280,502,4,2,"
24.5624,terug,0,MM1 ?CR
24.5624,terug,0,MM0 ?CR
24.5624,terug,0,MM1 CR=0:0
24.5624,terug,0,MM0 CR=0:0
24.6132,terug,0,"#234,YAW,2.87,GYRO,-12,48,-5,ACC,3,2,258,ADC,1254,385,5,2,"
24.6133,terug,0,MM0 ?A
24.6133,terug,0,MM1 ?A
24.6133,terug,0,MM0 A=0:0
24.6133,terug,0,MM1 A=0:0
24.6133,terug,0,"$GPRMC,130445.8,A,5050.50687,N,00419.38224,E,000.41,161.3,081026,000.4,E*51"
24.6133,terug,0,"#235,YAW,2.87,GYRO,-14,46,-6,ACC,4,2,260,ADC,1284,496,6,2,"
24.6133,terug,0,MM1 ?AI
24.6133,terug,0,MM0 ?AI
24.6133,terug,0,MM1 AI=0:0:2351:2381:0:0
24.6133,terug,0,MM0 AI=0:0:2452:2453:0:0
24.6133,terug,0,MM0 !M 0 0
24.6133,terug,0,MM1 !M 0 0
24.6133,terug,0,MM0 +
24.6133,terug,0,MM1 +
24.6133,terug,0,"#236,YAW,2.87,GYRO,-14,46,-4,ACC,4,1,256,ADC,1230,390,6,2,"
24.6133,terug,0,MM0 ?C
24.6133,terug,0,MM1 ?C
24.6133,terug,0,MM1 C=-816:-1215
24.6133,terug,0,MM0 C=-923:-965
24.6634,terug,0,"#237,YAW,2.87,GYRO,-14,46,-4,ACC,5,3,251,ADC,1281,500,5,2,"
24.6634,terug,0,MM0 ?D
24.6634,terug,0,MM1 ?D
24.6634,terug,0,MM0 D=2
24.6634,terug,0,MM1 D=3
24.6634,terug,0,MM1 !M 0 0
24.6634,terug,0,MM0 !M 0 0
24.6634,terug,0,MM1 +
24.6634,terug,0,MM0 +
24.6634,terug,0,"#238,YAW,2.87,GYRO,-12,47,-6,ACC,7,1,260,ADC,1210,381,4,2,"
24.6635,terug,0,MM1 ?FF
24.6635,terug,0,MM0 ?FF
24.6635,terug,0,MM1 FF=0
24.6635,terug,0,MM0 FF=0
24.7154,terug,0,"#239,YAW,2.87,GYRO,-14,46,-7,ACC,5,0,251,ADC,1249,384,7,2,"
24.7154,terug,0,MM0 ?P
24.7154,terug,0,MM1 ?P
24.7154,terug,0,MM0 P=0:0
24.7155,terug,0,MM1 P=0:0
24.7155,terug,0,"#240,YAW,2.87,GYRO,-13,46,-7,ACC,6,1,257,ADC,1233,390,7,2,"
24.7155,terug,0,MM0 ?S
24.7155,terug,0,MM1 ?S
24.7155,terug,0,MM0 S=0:0
24.7155,terug,0,MM1 S=0:0
24.7155,terug,0,MM0 !M 0 0
24.7155,terug,0,MM1 !M 0 0
24.7155,terug,0,MM0 +
24.7155,terug,0,MM1 +
24.7155,terug,0,"#241,YAW,2.87,GYRO,-14,46,-8,ACC,5,3,257,ADC,1251,499,5,2,"
24.7155,terug,0,MM1 ?T
24.7155,terug,0,MM0 ?T
24.7155,terug,0,MM1 T=36:34
24.7155,terug,0,MM0 T=35:35
24.7631,terug,0,"#242,YAW,2.87,GYRO,-12,46,-5,ACC,8,0,259,ADC,1250,387,4,1,"
24.7632,terug,0,MM1 ?V
24.7632,terug,0,MM0 ?V
24.7632,terug,0,MM1 V=120:223:4900
24.7632,terug,0,MM0 V=120:224:4902
24.7632,terug,0,MM0 !M 0 0
24.7632,terug,0,MM1 !M 0 0
24.7632,terug,0,MM0 +
24.7632,terug,0,MM1 +
24.7632,terug,0,"#243,YAW,2.87,GYRO,-14,44,-5,ACC,5,0,258,ADC,1301,500,4,2,"
24.7633,terug,0,MM1 ?CR
24.7633,terug,0,MM0 ?CR
24.7633,terug,0,MM1 CR=0:0
24.7633,terug,0,MM0 CR=0:0
24.8137,terug,0,"#244,YAW,2.87,GYRO,-13,46,-6,ACC,1,4,258,ADC,1193,384,6,2,"
24.8137,terug,0,MM1 ?A
24.8137,terug,0,MM0 ?A
24.8137,terug,0,MM1 A=0:0
24.8137,terug,0,MM0 A=0:0
24.8137,terug,0,"$GPRMC,130446.0,A,5050.50688,N,00419.38228,E,000.39,161.3,081026,000.4,E*56"
24.8137,terug,0,"#245,YAW,2.87,GYRO,-12,47,-3,ACC,3,1,256,ADC,1259,400,6,1,"
24.8137,terug,0,MM1 ?AI
24.8137,terug,0,MM0 ?AI
24.8137,terug,0,MM1 AI=0:0:2375:2353:0:0
24.8137,terug,0,MM0 AI=0:0:2453:2439:0:0
24.8138,terug,0,MM1 !M 0 0
24.8138,terug,0,MM0 !M 0 0
24.8138,terug,0,MM1 +
24.8138,terug,0,MM0 +
24.8138,terug,0,"#246,YAW,2.87,GYRO,-14,46,-5,ACC,4,1,258,ADC,1261,391,6,2,"
24.8138,terug,0,MM1 ?C
24.8138,terug,0,MM0 ?C
24.8138,terug,0,MM1 C=-816:-1215
24.8138,terug,0,MM0 C=-923:-965
24.8169,terug,0,STOP terug -5.0021
24.8644,uitbollen,0,"#247,YAW,2.87,GYRO,-14,45,-5,ACC,4,0,255,ADC,1244,500,5,2,"
24.8645,uitbollen,0,MM1 ?D
24.8645,uitbollen,0,MM0 ?D
24.8645,uitbollen,0,MM0 D=10
24.8645,uitbollen,0,MM1 D=3
24.8645,uitbollen,0,MM0 !M 0 0
24.8645,uitbollen,0,MM1 !M 0 0
24.8645,uitbollen,0,MM0 +
24.8645,uitbollen,0,MM1 +
24.8645,uitbollen,0,"#248,YAW,2.87,GYRO,-13,46,-4,ACC,3,-1,257,ADC,1318,500,5,2,"
24.8646,uitbollen,0,MM1 ?FF
24.8646,uitbollen,0,MM0 ?FF
24.8646,uitbollen,0,MM1 FF=0
24.8646,uitbollen,0,MM0 FF=0
24.8852,uitbollen,0,"#249,YAW,2.87,GYRO,-12,46,-5,ACC,4,0,259,ADC,1235,385,7,2,"
24.8852,uitbollen,0,MM1 ?P
24.8853,uitbollen,0,MM0 ?P
24.8853,uitbollen,0,MM1 P=0:0
24.8853,uitbollen,0,MM0 P=0:0
24.9060,uitbollen,0,"#250,YAW,2.87,GYRO,-13,46,-7,ACC,3,1,260,ADC,1241,392,5,2,"
24.9060,uitbollen,0,MM1 ?S
24.9060,uitbollen,0,MM0 ?S
24.9060,uitbollen,0,MM1 S=0:0
24.9060,uitbollen,0,MM0 S=0:0
24.9272,uitbollen,0,"#251,YAW,2.87,GYRO,-14,47,-6,ACC,4,2,248,ADC,1266,390,5,2,"
24.9272,uitbollen,0,MM1 ?T
24.9272,uitbollen,0,MM0 ?T
24.9272,uitbollen,0,MM1 T=36:34
24.9272,uitbollen,0,MM0 T=35:35
24.9272,uitbollen,0,"#252,YAW,2.87,GYRO,-14,47,-5,ACC,3,2,256,ADC,1264,394,6,2,"
24.9609,uitbollen,0,MM1 ?V
24.9609,uitbollen,0,MM0 ?V
24.9609,uitbollen,0,MM1 V=120:224:4900
24.9609,uitbollen,0,MM0 V=120:223:4903
24.9609,uitbollen,0,MM1 !M 0 0
24.9609,uitbollen,0,MM0 !M 0 0
24.9609,uitbollen,0,MM1 +
24.9609,uitbollen,0,MM0 +
24.9609,uitbollen,0,"#253,YAW,2.87,GYRO,-13,46,-6,ACC,6,1,260,ADC,1212,384,5,1,"
24.9610,uitbollen,0,MM1 ?CR
24.9610,uitbollen,0,MM0 ?CR
24.9610,uitbollen,0,MM1 CR=0:0
24.9610,uitbollen,0,MM0 CR=0:0
24.9823,uitbollen,0,"#254,YAW,2.87,GYRO,-12,45,-6,ACC,2,0,259,ADC,1283,499,5,2,"
24.9823,uitbollen,0,MM1 ?A
24.9823,uitbollen,0,MM0 ?A
24.9824,uitbollen,0,MM1 A=0:0
24.9824,uitbollen,0,MM0 A=0:0
25.0034,uitbollen,0,"$GPRMC,130446.2,A,5050.50688,N,00419.38231,E,000.39,161.3,081026,000.4,E*5C"
25.0034,uitbollen,0,"#255,YAW,2.87,GYRO,-14,49,-6,ACC,3,-1,248,ADC,1214,324,7,1,"
25.0035,uitbollen,0,MM1 ?AI
25.0035,uitbollen,0,MM0 ?AI
25.0035,uitbollen,0,MM1 AI=0:0:2359:2362:0:0
25.0035,uitbollen,0,MM0 AI=0:0:2447:2314:0:0
25.0242,uitbollen,0,"#0,YAW,2.86,GYRO,-11,43,-5,ACC,5,2,257,ADC,1267,497,5,1,"
25.0243,uitbollen,0,MM1 ?C
25.0243,uitbollen,0,MM0 ?C
25.0243,uitbollen,0,MM1 C=-816:-1215
25.0243,uitbollen,0,MM0 C=-923:-965
25.0592,uitbollen,0,"#1,YAW,2.86,GYRO,-14,48,-5,ACC,4,0,259,ADC,1242,386,6,1,"
25.0592,uitbollen,0,MM1 ?D
25.0592,uitbollen,0,MM0 ?D
25.0592,uitbollen,0,MM1 D=3
25.0592,uitbollen,0,MM0 D=2
25.0592,uitbollen,0,MM1 !M 0 0
25.0593,uitbollen,0,MM0 !M 0 0
25.0593,uitbollen,0,MM1 +
25.0593,uitbollen,0,MM0 +
25.0593,uitbollen,0,"#2,YAW,2.86,GYRO,-12,45,-4,ACC,6,2,258,ADC,1234,380,5,2,"
25.0593,uitbollen,0,MM1 ?FF
25.0593,uitbollen,0,MM0 ?FF
25.0593,uitbollen,0,MM1 FF=0
25.0593,uitbollen,0,MM0 FF=0
25.0793,uitbollen,0,"#3,YAW,2.86,GYRO,-13,46,-5,ACC,4,2,254,ADC,1267,386,4,1,"
25.0793,uitbollen,0,MM1 ?P
25.0793,uitbollen,0,MM0 ?P
25.0793,uitbollen,0,MM1 P=0:0
25.0793,uitbollen,0,MM0 P=0:0
25.0998,uitbollen,0,"#4,YAW,2.86,GYRO,-14,46,-6,ACC,7,1,255,ADC,1280,492,5,2,"
25.0998,uitbollen,0,MM1 ?S
25.0998,uitbollen,0,MM0 ?S
25.0998,uitbollen,0,MM1 S=0:0
25.0999,uitbollen,0,MM0 S=0:0
25.1239,uitbollen,0,"#5,YAW,2.86,GYRO,-12,46,-5,ACC,5,0,258,ADC,1271,393,5,2,"
25.1239,uitbollen,0,MM1 ?T
25.1239,uitbollen,0,MM0 ?T
25.1239,uitbollen,0,MM1 T=36:34
25.1239,uitbollen,0,MM0 T=35:35
25.1580,uitbollen,0,"#6,YAW,2.86,GYRO,-13,46,-6,ACC,3,0,255,ADC,1237,391,7,2,"
25.1580,uitbollen,0,MM1 ?V
25.1580,uitbollen,0,MM0 ?V
25.1580,uitbollen,0,MM1 V=120:223:4899
25.1580,uitbollen,0,MM0 V=120:223:4904
25.1580,uitbollen,0,MM1 !M 0 0
25.1580,uitbollen,0,MM0 !M 0 0
25.1580,uitbollen,0,MM1 +
25.1580,uitbollen,0,MM0 +
25.1580,uitbollen,0,"#7,YAW,2.86,GYRO,-12,47,-4,ACC,8,0,255,ADC,1246,386,4,2,"
25.1580,uitbollen,0,MM1 ?CR
25.1580,uitbollen,0,MM0 ?CR
25.1581,uitbollen,0,MM1 CR=0:0
25.1581,uitbollen,0,MM0 CR=0:0
25.1839,uitbollen,0,"#8,YAW,2.86,GYRO,-11,48,-6,ACC,6,1,259,ADC,1232,402,5,2,"
25.1839,uitbollen,0,MM1 ?A
25.1839,uitbollen,0,MM0 ?A
25.1839,uitbollen,0,MM1 A=0:0
25.1839,uitbollen,0,MM0 A=0:0
25.2000,uitbollen,0,"$GPRMC,130446.4,A,5050.50689,N,00419.38234,E,000.40,161.3,081026,000.4,E*50"
25.2001,uitbollen,0,"#9,YAW,2.86,GYRO,-12,45,-5,ACC,5,-2,253,ADC,1251,335,5,2,"
25.2001,uitbollen,0,MM0 ?AI
25.2001,uitbollen,0,MM1 ?AI
25.2001,uitbollen,0,MM0 AI=0:0:2436:2442:0:0
25.2001,uitbollen,0,MM1 AI=0:0:2342:2383:0:0
25.2227,uitbollen,0,"#10,YAW,2.86,GYRO,-12,46,-6,ACC,4,2,258,ADC,1276,501,4,1,"
25.2227,uitbollen,0,MM1 ?C
25.2227,uitbollen,0,MM0 ?C
25.2227,uitbollen,0,MM1 C=-816:-1215
25.2228,uitbollen,0,MM0 C=-923:-965
25.2582,uitbollen,0,"#11,YAW,2.86,GYRO,-12,46,-5,ACC,9,2,257,ADC,1254,502,5,1,"
25.2582,uitbollen,0,MM1 ?D
25.2582,uitbollen,0,MM0 ?D
25.2582,uitbollen,0,MM1 D=3
25.2582,uitbollen,0,MM0 D=2
25.2582,uitbollen,0,MM0 !M 0 0
25.2582,uitbollen,0,MM1 !M 0 0
25.2582,uitbollen,0,MM0 +
25.2582,uitbollen,0,MM1 +
25.2582,uitbollen,0,"#12,YAW,2.86,GYRO,-13,48,-7,ACC,5,1,258,ADC,1217,381,5,1,"
25.2582,uitbollen,0,MM0 ?FF
25.2582,uitbollen,0,MM1 ?FF
25.2582,uitbollen,0,MM0 FF=0
25.2582,uitbollen,0,MM1 FF=0
25.2790,uitbollen,0,"#13,YAW,2.86,GYRO,-13,47,-6,ACC,4,0,261,ADC,1239,384,5,2,"
25.2790,uitbollen,0,MM1 ?P
25.2790,uitbollen,0,MM0 ?P
25.2790,uitbollen,0,MM1 P=0:0
25.2791,uitbollen,0,MM0 P=0:0
25.3001,uitbollen,0,"#14,YAW,2.86,GYRO,-12,46,-6,ACC,3,0,259,ADC,1204,379,5,2,"
25.3002,uitbollen,0,MM1 ?S
25.3002,uitbollen,0,MM0 ?S
25.3002,uitbollen,0,MM1 S=0:0
25.3002,uitbollen,0,MM0 S=0:0
25.3211,uitbollen,0,"#15,YAW,2.86,GYRO,-13,47,-5,ACC,6,0,258,ADC,1267,497,7,2,"
25.3211,uitbollen,0,MM1 ?T
25.3211,uitbollen,0,MM0 ?T
25.3211,uitbollen,0,MM1 T=36:34
25.3211,uitbollen,0,MM0 T=35:35
25.3595,uitbollen,0,"#16,YAW,2.86,GYRO,-13,47,-6,ACC,5,0,256,ADC,1247,411,6,2,"
25.3596,uitbollen,0,MM1 ?V
25.3596,uitbollen,0,MM0 ?V
25.3596,uitbollen,0,MM1 V=120:223:4898
25.3596,uitbollen,0,MM0 V=120:227:4902
25.3596,uitbollen,0,MM1 !M 0 0
25.3596,uitbollen,0,MM0 !M 0 0
25.3596,uitbollen,0,MM1 +
25.3596,uitbollen,0,MM0 +
25.3596,uitbollen,0,"#17,YAW,2.86,GYRO,-12,46,-6,ACC,2,0,254,ADC,1243,497,6,2,"
25.3596,uitbollen,0,MM0 ?CR
25.3596,uitbollen,0,MM1 ?CR
25.3596,uitbollen,0,MM0 CR=0:0
25.3596,uitbollen,0,MM1 CR=0:0
25.3773,uitbollen,0,"#18,YAW,2.86,GYRO,-13,45,-5,ACC,7,0,260,ADC,1250,428,5,2,"
25.3774,uitbollen,0,MM0 ?A
25.3774,uitbollen,0,MM1 ?A
25.3774,uitbollen,0,MM1 A=0:0
25.3774,uitbollen,0,MM0 A=0:0
25.3981,uitbollen,0,"$GPRMC,130446.6,A,5050.50690,N,00419.38237,E,000.42,161.3,081026,000.4,E*5B"
25.3982,uitbollen,0,"#19,YAW,2.86,GYRO,-12,48,-7,ACC,2,1,261,ADC,1244,323,4,2,"
25.3982,uitbollen,0,MM0 ?AI
25.3982,uitbollen,0,MM1 ?AI
25.3982,uitbollen,0,MM0 AI=0:0:2452:2450:0:0
25.3982,uitbollen,0,MM1 AI=0:0:2355:2369:0:0
25.4193,uitbollen,0,"#20,YAW,2.86,GYRO,-12,46,-6,ACC,6,1,255,ADC,1255,401,4,1,"
25.4193,uitbollen,0,MM0 ?C
25.4193,uitbollen,0,MM1 ?C
25.4193,uitbollen,0,MM1 C=-816:-1215
25.4193,uitbollen,0,MM0 C=-923:-965
25.4695,uitbollen,0,"#21,YAW,2.86,GYRO,-12,46,-6,ACC,3,0,257,ADC,1261,393,5,1,"
25.4695,uitbollen,0,MM0 ?D
25.4695,uitbollen,0,MM1 ?D
25.4695,uitbollen,0,MM0 D=2
25.4695,uitbollen,0,MM1 D=3
25.4695,uitbollen,0,MM1 !M 0 0
25.4695,uitbollen,0,MM0 !M 0 0
25.4696,uitbollen,0,MM1 +
25.4696,uitbollen,0,MM0 +
25.4696,uitbollen,0,"#22,YAW,2.86,GYRO,-14,49,-4,ACC,3,1,261,ADC,1231,315,4,2,"
25.4696,uitbollen,0,MM0 ?FF
25.4696,uitbollen,0,MM1 ?FF
25.4696,uitbollen,0,MM0 FF=0
25.4696,uitbollen,0,MM1 FF=0
25.4696,uitbollen,0,"#23,YAW,2.86,GYRO,-14,47,-5,ACC,8,3,260,ADC,1254,498,7,2,"
25.4696,uitbollen,0,MM0 ?P
25.4696,uitbollen,0,MM1 ?P
25.4696,uitbollen,0,MM0 P=0:0
25.4900,uitbollen,0,MM1 P=0:0
25.4901,uitbollen,0,"#24,YAW,2.86,GYRO,-13,46,-6,ACC,4,2,251,ADC,1219,384,6,2,"
25.4902,uitbollen,0,MM0 ?S
25.4902,uitbollen,0,MM1 ?S
25.4902,uitbollen,0,MM0 S=0:0
25.4902,uitbollen,0,MM1 S=0:0
25.5111,uitbollen,0,"#25,YAW,2.86,GYRO,-13,47,-5,ACC,5,2,257,ADC,1244,382,5,2,"
25.5112,uitbollen,0,MM0 ?T
25.5113,uitbollen,0,MM1 ?T
25.5113,uitbollen,0,MM0 T=35:35
25.5113,uitbollen,0,MM1 T=36:34
25.5321,uitbollen,0,"#26,YAW,2.86,GYRO,-12,46,-5,ACC,4,1,259,ADC,1281,500,6,2,"
25.5322,uitbollen,0,MM0 ?V
25.5322,uitbollen,0,MM1 ?V
25.5322,uitbollen,0,MM0 V=120:224:4903
25.5322,uitbollen,0,MM1 V=120:223:4899
25.5674,uitbollen,0,MM0 !M 0 0
25.5674,uitbollen,0,MM1 !M 0 0
25.5674,uitbollen,0,MM0 +
25.5674,uitbollen,0,MM1 +
25.5674,uitbollen,0,"#27,YAW,2.86,GYRO,-14,47,-6,ACC,3,0,259,ADC,1253,348,5,1,"
25.5674,uitbollen,0,MM0 ?CR
25.5674,uitbollen,0,MM1 ?CR
25.5674,uitbollen,0,MM0 CR=0:0
25.5675,uitbollen,0,MM1 CR=0:0
25.5675,uitbollen,0,"#28,YAW,2.86,GYRO,-13,47,-6,ACC,7,0,254,ADC,1322,502,4,2,"
25.5907,uitbollen,0,MM0 ?A
25.5907,uitbollen,0,MM1 ?A
25.5907,uitbollen,0,MM0 A=0:0
25.5907,uitbollen,0,MM1 A=0:0
25.5907,uitbollen,0,"$GPRMC,130446.8,A,5050.50691,N,00419.38241,E,000.42,161.3,081026,000.4,E*55"
25.5907,uitbollen,0,"#29,YAW,2.86,GYRO,-13,49,-5,ACC,6,1,258,ADC,1247,328,6,2,"
25.5908,uitbollen,0,MM0 ?AI
25.6094,uitbollen,0,MM1 ?AI
25.6094,uitbollen,0,MM0 AI=0:0:2445:2463:0:0
25.6094,uitbollen,0,MM1 AI=0:0:2356:2346:0:0
25.6094,uitbollen,0,"#30,YAW,2.86,GYRO,-13,48,-5,ACC,3,2,261,ADC,1248,382,5,2,"
25.6095,uitbollen,0,MM0 ?C
25.6095,uitbollen,0,MM1 ?C
25.6301,uitbollen,0,MM1 C=-816:-1215
25.6301,uitbollen,0,MM0 C=-923:-965
25.6303,uitbollen,0,"#31,YAW,2.86,GYRO,-13,46,-5,ACC,2,1,256,ADC,1222,387,5,2,"
25.6303,uitbollen,0,MM0 ?D
25.6303,uitbollen,0,MM1 ?D
25.6303,uitbollen,0,MM1 D=11
25.6303,uitbollen,0,MM0 D=2
25.6665,uitbollen,0,MM1 !M 0 0
25.6665,uitbollen,0,MM0 !M 0 0
25.6665,uitbollen,0,MM1 +
25.6665,uitbollen,0,MM0 +
25.6665,uitbollen,0,"#32,YAW,2.86,GYRO,-12,47,-5,ACC,5,-1,255,ADC,1287,503,7,2,"
25.6666,uitbollen,0,MM0 ?FF
25.6666,uitbollen,0,MM1 ?FF
25.6666,uitbollen,0,MM0 FF=0
25.6666,uitbollen,0,MM1 FF=0
25.6852,uitbollen,0,"#33,YAW,2.86,GYRO,-13,46,-6,ACC,6,1,259,ADC,1243,382,7,2,"
25.6853,uitbollen,0,MM0 ?P
25.6853,uitbollen,0,MM1 ?P
25.6853,uitbollen,0,MM0 P=0:0
25.6853,uitbollen,0,MM1 P=0:0
25.7060,uitbollen,0,"#34,YAW,2.86,GYRO,-12,46,-6,ACC,5,2,258,ADC,1238,381,4,1,"
25.7061,uitbollen,0,MM0 ?S
25.7061,uitbollen,0,MM1 ?S
25.7061,uitbollen,0,MM0 S=0:0
25.7061,uitbollen,0,MM1 S=0:0
25.7272,uitbollen,0,"#35,YAW,2.86,GYRO,-15,46,-6,ACC,0,1,256,ADC,1214,388,5,2,"
25.7272,uitbollen,0,MM0 ?T
25.7273,uitbollen,0,MM1 ?T
25.7273,uitbollen,0,MM0 T=35:35
25.7273,uitbollen,0,MM1 T=36:34
25.7273,uitbollen,0,"#36,YAW,2.86,GYRO,-13,46,-6,ACC,5,2,260,ADC,1227,380,4,3,"
25.7613,uitbollen,0,MM0 ?V
25.7613,uitbollen,0,MM1 ?V
25.7613,uitbollen,0,MM0 V=120:224:4903
25.7613,uitbollen,0,MM1 V=120:224:4899
25.7613,uitbollen,0,MM0 !M 0 0
25.7613,uitbollen,0,MM1 !M 0 0
25.7613,uitbollen,0,MM0 +
25.7613,uitbollen,0,MM1 +
25.7614,uitbollen,0,"#37,YAW,2.86,GYRO,-14,45,-6,ACC,6,3,266,ADC,1284,395,5,2,"
25.7614,uitbollen,0,MM0 ?CR
25.7614,uitbollen,0,MM1 ?CR
25.7614,uitbollen,0,MM0 CR=0:0
25.7614,uitbollen,0,MM1 CR=0:0
25.7822,uitbollen,0,"#38,YAW,2.86,GYRO,-13,46,-6,ACC,6,0,256,ADC,1225,386,5,2,"
25.7823,uitbollen,0,MM0 ?A
25.7823,uitbollen,0,MM1 ?A
25.7823,uitbollen,0,MM0 A=0:0
25.7823,uitbollen,0,MM1 A=0:0
25.8039,uitbollen,0,"$GPRMC,130447.0,A,5050.50692,N,00419.38244,E,000.42,161.3,081026,000.4,E*5A"
25.8039,uitbollen,0,"#39,YAW,2.86,GYRO,-13,45,-5,ACC,8,1,255,ADC,1227,350,6,2,"
25.8039,uitbollen,0,MM0 ?AI
25.8039,uitbollen,0,MM1 ?AI
25.8039,uitbollen,0,MM0 AI=0:0:2441:2444:0:0
25.8039,uitbollen,0,MM1 AI=0:0:2343:2364:0:0
25.8243,uitbollen,0,"#40,YAW,2.86,GYRO,-13,47,-5,ACC,5,0,261,ADC,1207,498,4,2,"
25.8243,uitbollen,0,MM0 ?C
25.8243,uitbollen,0,MM1 ?C
25.8243,uitbollen,0,MM1 C=-816:-1215
25.8244,uitbollen,0,MM0 C=-923:-965
25.8581,uitbollen,0,"#41,YAW,2.86,GYRO,-13,45,-6,ACC,5,1,257,ADC,1256,382,4,1,"
25.8581,uitbollen,0,MM0 ?D
25.8581,uitbollen,0,MM1 ?D
25.8582,uitbollen,0,MM0 D=2
25.8582,uitbollen,0,MM1 D=3
25.8582,uitbollen,0,MM0 !M 0 0
25.8582,uitbollen,0,MM1 !M 0 0
25.8582,uitbollen,0,MM0 +
25.8582,uitbollen,0,MM1 +
25.8582,uitbollen,0,"#42,YAW,2.86,GYRO,-12,46,-6,ACC,5,0,256,ADC,1272,396,6,1,"
25.8582,uitbollen,0,MM0 ?FF
25.8582,uitbollen,0,MM1 ?FF
25.8582,uitbollen,0,MM0 FF=0
25.8582,uitbollen,0,MM1 FF=0
25.8791,uitbollen,0,"#43,YAW,2.86,GYRO,-13,46,-5,ACC,9,1,259,ADC,1280,384,3,2,"
25.8791,uitbollen,0,MM0 ?P
25.8791,uitbollen,0,MM1 ?P
25.8791,uitbollen,0,MM0 P=0:0
25.8792,uitbollen,0,MM1 P=0:0
25.9000,uitbollen,0,"#44,YAW,2.86,GYRO,-13,47,-6,ACC,5,0,258,ADC,1248,384,7,2,"
25.9001,uitbollen,0,MM0 ?S
25.9001,uitbollen,0,MM1 ?S
25.9001,uitbollen,0,MM0 S=0:0
25.9001,uitbollen,0,MM1 S=0:0
25.9211,uitbollen,0,"#45,YAW,2.86,GYRO,-13,46,-6,ACC,4,0,258,ADC,1230,499,4,2,"
25.9212,uitbollen,0,MM0 ?T
25.9212,uitbollen,0,MM1 ?T
25.9212,uitbollen,0,MM0 T=35:35
25.9212,uitbollen,0,MM1 T=36:34
25.9747,uitbollen,0,"#46,YAW,2.86,GYRO,-12,47,-5,ACC,4,1,254,ADC,1245,501,5,1,"
25.9748,uitbollen,0,MM0 ?V
25.9748,uitbollen,0,MM1 ?V
25.9748,uitbollen,0,MM0 V=120:224:4902
25.9748,uitbollen,0,MM1 V=120:223:4898
25.9748,uitbollen,0,"#47,YAW,2.86,GYRO,-12,47,-6,ACC,5,1,255,ADC,1256,501,6,2,"
25.9748,uitbollen,0,MM0 ?CR
25.9748,uitbollen,0,MM1 ?CR
25.9748,uitbollen,0,MM0 CR=0:0
25.9748,uitbollen,0,MM1 CR=0:0
25.9748,uitbollen,0,MM0 !M 0 0
25.9748,uitbollen,0,MM1 !M 0 0
25.9749,uitbollen,0,MM0 +
25.9749,uitbollen,0,MM1 +
25.9749,uitbollen,0,"#48,YAW,2.86,GYRO,-14,47,-5,ACC,5,1,258,ADC,1260,500,5,2,"
25.9749,uitbollen,0,MM0 ?A
25.9749,uitbollen,0,MM1 ?A
25.9749,uitbollen,0,MM0 A=0:0
25.9749,uitbollen,0,MM1 A=0:0
25.9923,uitbollen,0,"$GPRMC,130447.2,A,5050.50693,N,00419.38247,E,000.41,161.3,081026,000.4,E*59"
25.9923,uitbollen,0,"#49,YAW,2.86,GYRO,-13,47,-5,ACC,4,1,256,ADC,1221,306,4,1,"
25.9924,uitbollen,0,MM0 ?AI
26.0130,uitbollen,0,MM1 ?AI
26.0130,uitbollen,0,MM0 AI=0:0:2445:2439:0:0
26.0131,uitbollen,0,MM1 AI=0:0:2345:2354:0:0
26.0131,uitbollen,0,"#50,YAW,2.86,GYRO,-14,46,-5,ACC,5,1,257,ADC,1281,403,4,1,"
26.0131,uitbollen,0,MM0 ?C
26.0131,uitbollen,0,MM1 ?C
26.0131,uitbollen,0,MM1 C=-816:-1215
26.0131,uitbollen,0,MM0 C=-923:-965
26.0341,uitbollen,0,"#51,YAW,2.86,GYRO,-14,45,-5,ACC,4,3,259,ADC,1261,409,3,1,"
26.0341,uitbollen,0,MM0 ?D
26.0341,uitbollen,0,MM1 ?D
26.0341,uitbollen,0,MM0 D=2
26.0342,uitbollen,0,MM1 D=3
26.0683,uitbollen,0,MM0 !M 0 0
26.0683,uitbollen,0,MM1 !M 0 0
26.0683,uitbollen,0,MM0 +
26.0683,uitbollen,0,MM1 +
26.0684,uitbollen,0,"#52,YAW,2.86,GYRO,-12,47,-6,ACC,2,2,259,ADC,1276,300,7,1,"
26.0684,uitbollen,0,MM0 ?FF
26.0684,uitbollen,0,MM1 ?FF
26.0684,uitbollen,0,MM0 FF=0
26.0684,uitbollen,0,MM1 FF=0
26.0684,uitbollen,0,"#53,YAW,2.86,GYRO,-13,46,-6,ACC,3,1,256,ADC,1244,499,6,2,"
26.0684,uitbollen,0,MM0 ?P
26.0684,uitbollen,0,MM1 ?P
26.0902,uitbollen,0,MM0 P=0:0
26.0903,uitbollen,0,MM1 P=0:0
26.0903,uitbollen,0,"#54,YAW,2.86,GYRO,-14,46,-7,ACC,5,0,261,ADC,1228,391,4,2,"
26.0903,uitbollen,0,MM0 ?S
26.0903,uitbollen,0,MM1 ?S
26.0903,uitbollen,0,MM0 S=0:0
26.1102,uitbollen,0,MM1 S=0:0
26.1103,uitbollen,0,"#55,YAW,2.86,GYRO,-14,48,-6,ACC,2,1,260,ADC,1244,501,5,2,"
26.1103,uitbollen,0,MM0 ?T
26.1103,uitbollen,0,MM1 ?T
26.1103,uitbollen,0,MM0 T=35:35
26.1312,uitbollen,0,MM1 T=36:34
26.1312,uitbollen,0,"#56,YAW,2.86,GYRO,-14,47,-6,ACC,3,1,260,ADC,1251,387,3,2,"
26.1312,uitbollen,0,MM0 ?V
26.1313,uitbollen,0,MM1 ?V
26.1313,uitbollen,0,MM0 V=120:223:4904
26.1652,uitbollen,0,MM1 V=120:223:4900
26.1653,uitbollen,0,MM1 !M 0 0
26.1653,uitbollen,0,MM0 !M 0 0
26.1653,uitbollen,0,MM1 +
26.1653,uitbollen,0,MM0 +
26.1653,uitbollen,0,"#57,YAW,2.86,GYRO,-12,46,-6,ACC,6,0,257,ADC,1287,500,5,2,"
26.1653,uitbollen,0,MM0 ?CR
26.1653,uitbollen,0,MM1 ?CR
26.1653,uitbollen,0,MM0 CR=0:0
26.1653,uitbollen,0,MM1 CR=0:0
26.1863,uitbollen,0,"#58,YAW,2.86,GYRO,-14,47,-6,ACC,9,-1,257,ADC,1255,499,7,2,"
26.1864,uitbollen,0,MM0 ?A
26.1864,uitbollen,0,MM1 ?A
26.1864,uitbollen,0,MM0 A=0:0
26.1864,uitbollen,0,MM1 A=0:0
26.1864,uitbollen,0,"$GPRMC,130447.4,A,5050.50695,N,00419.38250,E,000.45,161.3,081026,000.4,E*5B"
26.2071,uitbollen,0,"#59,YAW,2.86,GYRO,-12,46,-5,ACC,5,1,257,ADC,1274,363,7,1,"
26.2072,uitbollen,0,MM0 ?AI
26.2072,uitbollen,0,MM1 ?AI
26.2072,uitbollen,0,MM0 AI=0:0:2447:2443:0:0
26.2072,uitbollen,0,MM1 AI=0:0:2362:2351:0:0
26.2430,uitbollen,0,"#60,YAW,2.85,GYRO,-13,46,-6,ACC,4,1,255,ADC,1246,385,4,2,"
26.2430,uitbollen,0,MM0 ?C
26.2430,uitbollen,0,MM1 ?C
26.2430,uitbollen,0,MM1 C=-816:-1215
26.2430,uitbollen,0,MM0 C=-923:-965
26.2431,uitbollen,0,"#61,YAW,2.85,GYRO,-14,47,-6,ACC,8,0,260,ADC,1222,387,4,2,"
26.2431,uitbollen,0,MM0 ?D
26.2431,uitbollen,0,MM1 ?D
26.2497,uitbollen,0,MM0 D=2
26.2497,uitbollen,0,MM1 D=3
26.2497,uitbollen,0,"#62,YAW,2.85,GYRO,-13,47,-6,ACC,4,-2,261,ADC,1301,391,5,2,"
26.2497,uitbollen,0,MM0 ?FF
26.2497,uitbollen,0,MM1 ?FF
26.2497,uitbollen,0,MM0 FF=0
26.2703,uitbollen,0,MM1 FF=0
26.2703,uitbollen,0,MM0 !M 0 0
26.2703,uitbollen,0,MM1 !M 0 0
26.2703,uitbollen,0,MM0 +
26.2703,uitbollen,0,MM1 +
26.2703,uitbollen,0,"#63,YAW,2.85,GYRO,-11,46,-5,ACC,5,0,252,ADC,1224,382,5,2,"
26.2703,uitbollen,0,MM0 ?P
26.2703,uitbollen,0,MM1 ?P
26.2703,uitbollen,0,MM0 P=0:0
26.2703,uitbollen,0,MM1 P=0:0
26.2909,uitbollen,0,"#64,YAW,2.85,GYRO,-13,46,-5,ACC,6,0,255,ADC,1231,385,4,2,"
26.2910,uitbollen,0,MM0 ?S
26.2910,uitbollen,0,MM1 ?S
26.2910,uitbollen,0,MM0 S=0:0
26.2910,uitbollen,0,MM1 S=0:0
26.3120,uitbollen,0,"#65,YAW,2.85,GYRO,-14,46,-6,ACC,6,0,257,ADC,1240,408,5,2,"
26.3121,uitbollen,0,MM0 ?T
26.3121,uitbollen,0,MM1 ?T
26.3121,uitbollen,0,MM0 T=35:35
26.3121,uitbollen,0,MM1 T=36:34
26.3335,uitbollen,0,"#66,YAW,2.85,GYRO,-14,48,-5,ACC,3,1,262,ADC,1275,499,5,2,"
26.3335,uitbollen,0,MM0 ?V
26.3335,uitbollen,0,MM1 ?V
26.3335,uitbollen,0,MM0 V=120:223:4903
26.3335,uitbollen,0,MM1 V=120:224:4899
26.3685,uitbollen,0,MM0 !M 0 0
26.3685,uitbollen,0,MM1 !M 0 0
26.3685,uitbollen,0,MM0 +
26.3685,uitbollen,0,MM1 +
26.3685,uitbollen,0,"#67,YAW,2.85,GYRO,-12,47,-5,ACC,5,2,257,ADC,1221,293,5,2,"
26.3685,uitbollen,0,MM0 ?CR
26.3685,uitbollen,0,MM1 ?CR
26.3686,uitbollen,0,MM0 CR=0:0
26.3686,uitbollen,0,MM1 CR=0:0
26.3686,uitbollen,0,"#68,YAW,2.85,GYRO,-12,47,-6,ACC,5,0,256,ADC,1270,394,3,1,"
26.3686,uitbollen,0,MM0 ?A
26.3686,uitbollen,0,MM1 ?A
26.3893,uitbollen,0,MM0 A=0:0
26.3893,uitbollen,0,MM1 A=0:0
26.3893,uitbollen,0,"$GPRMC,130447.6,A,5050.50696,N,00419.38253,E,000.47,161.3,081026,000.4,E*5B"
26.4105,uitbollen,0,"#69,YAW,2.85,GYRO,-14,48,-5,ACC,4,3,262,ADC,1257,316,5,1,"
26.4105,uitbollen,0,MM0 ?AI
26.4106,uitbollen,0,MM1 ?AI
26.4106,uitbollen,0,MM0 AI=0:0:2459:2447:0:0
26.4106,uitbollen,0,MM1 AI=0:0:2352:2394:0:0
26.4106,uitbollen,0,"#70,YAW,2.85,GYRO,-12,47,-5,ACC,3,0,258,ADC,1202,390,5,2,"
26.4106,uitbollen,0,MM0 ?C
26.4106,uitbollen,0,MM1 ?C
26.4106,uitbollen,0,MM1 C=-816:-1215
26.4311,uitbollen,0,MM0 C=-923:-965
26.4312,uitbollen,0,"#71,YAW,2.85,GYRO,-12,48,-6,ACC,4,1,256,ADC,1247,389,5,1,"
26.4312,uitbollen,0,MM0 ?D
26.4312,uitbollen,0,MM1 ?D
26.4312,uitbollen,0,MM0 D=2
26.4312,uitbollen,0,MM1 D=3
26.4650,uitbollen,0,MM1 !M 0 0
26.4651,uitbollen,0,MM0 !M 0 0
26.4651,uitbollen,0,MM1 +
26.4651,uitbollen,0,MM0 +
26.4651,uitbollen,0,"#72,YAW,2.85,GYRO,-13,47,-5,ACC,8,0,257,ADC,1239,384,5,1,"
26.4651,uitbollen,0,MM0 ?FF
26.4651,uitbollen,0,MM1 ?FF
26.4651,uitbollen,0,MM0 FF=0
26.4651,uitbollen,0,MM1 FF=0
26.4872,uitbollen,0,"#73,YAW,2.85,GYRO,-13,48,-5,ACC,5,0,259,ADC,1237,494,5,2,"
26.4872,uitbollen,0,MM0 ?P
26.4872,uitbollen,0,MM1 ?P
26.4872,uitbollen,0,MM0 P=0:0
26.4872,uitbollen,0,MM1 P=0:0
26.5069,uitbollen,0,"#74,YAW,2.85,GYRO,-13,46,-6,ACC,3,0,254,ADC,1240,381,6,1,"
26.5070,uitbollen,0,MM0 ?S
26.5070,uitbollen,0,MM1 ?S
26.5070,uitbollen,0,MM0 S=0:0
26.5070,uitbollen,0,MM1 S=0:0
26.5276,uitbollen,0,"#75,YAW,2.85,GYRO,-13,45,-5,ACC,8,0,259,ADC,1274,391,4,1,"
26.5276,uitbollen,0,MM0 ?T
26.5276,uitbollen,0,MM1 ?T
26.5276,uitbollen,0,MM0 T=35:35
26.5276,uitbollen,0,MM1 T=36:34
26.5277,uitbollen,0,"#76,YAW,2.85,GYRO,-13,47,-5,ACC,7,1,263,ADC,1284,393,5,2,"
26.5277,uitbollen,0,MM0 ?V
26.5277,uitbollen,0,MM1 ?V
26.5622,uitbollen,0,MM0 V=120:224:4904
26.5622,uitbollen,0,MM1 V=120:223:4898
26.5622,uitbollen,0,MM0 !M 0 0
26.5622,uitbollen,0,MM1 !M 0 0
26.5622,uitbollen,0,MM0 +
26.5622,uitbollen,0,MM1 +
26.5622,uitbollen,0,"#77,YAW,2.85,GYRO,-15,45,-5,ACC,2,1,260,ADC,1246,384,6,2,"
26.5622,uitbollen,0,MM0 ?CR
26.5622,uitbollen,0,MM1 ?CR
26.5622,uitbollen,0,MM0 CR=0:0
26.5623,uitbollen,0,MM1 CR=0:0
26.5879,uitbollen,0,"#78,YAW,2.85,GYRO,-13,46,-5,ACC,6,3,258,ADC,1316,399,4,2,"
26.5880,uitbollen,0,MM0 ?A
26.5880,uitbollen,0,MM1 ?A
26.5880,uitbollen,0,MM0 A=0:0
26.5880,uitbollen,0,MM1 A=0:0
26.6043,uitbollen,0,"$GPRMC,130447.8,A,5050.50698,N,00419.38256,E,000.47,161.3,081026,000.4,E*5E"
26.6043,uitbollen,0,"#79,YAW,2.85,GYRO,-14,47,-6,ACC,6,2,256,ADC,1308,350,7,1,"
26.6043,uitbollen,0,MM0 ?AI
26.6043,uitbollen,0,MM1 ?AI
26.6043,uitbollen,0,MM0 AI=0:0:2429:2451:0:0
26.6043,uitbollen,0,MM1 AI=0:0:2355:2350:0:0
26.6255,uitbollen,0,"#80,YAW,2.85,GYRO,-12,45,-6,ACC,6,2,261,ADC,1261,501,7,2,"
26.6255,uitbollen,0,MM0 ?C
26.6256,uitbollen,0,MM1 ?C
26.6256,uitbollen,0,MM1 C=-816:-1215
26.6256,uitbollen,0,MM0 C=-923:-965
26.6731,uitbollen,0,"#81,YAW,2.85,GYRO,-13,48,-5,ACC,5,0,253,ADC,1215,381,4,1,"
26.6732,uitbollen,0,MM0 ?D
26.6732,uitbollen,0,MM1 ?D
26.6732,uitbollen,0,MM0 D=2
26.6732,uitbollen,0,MM1 D=3
26.6732,uitbollen,0,"#82,YAW,2.85,GYRO,-12,45,-6,ACC,6,-1,262,ADC,1258,498,8,2,"
26.6732,uitbollen,0,MM0 ?FF
26.6732,uitbollen,0,MM1 ?FF
26.6732,uitbollen,0,MM0 FF=0
26.6732,uitbollen,0,MM1 FF=0
26.6732,uitbollen,0,MM0 !M 0 0
26.6732,uitbollen,0,MM1 !M 0 0
26.6732,uitbollen,0,MM0 +
26.6732,uitbollen,0,MM1 +
26.6732,uitbollen,0,"#83,YAW,2.85,GYRO,-14,46,-6,ACC,5,0,255,ADC,1238,390,5,2,"
26.6732,uitbollen,0,MM0 ?P
26.6732,uitbollen,0,MM1 ?P
26.6732,uitbollen,0,MM0 P=0:0
26.6732,uitbollen,0,MM1 P=0:0
26.6940,uitbollen,0,"#84,YAW,2.85,GYRO,-12,46,-6,ACC,2,0,258,ADC,1246,502,5,1,"
26.6941,uitbollen,0,MM0 ?S
26.6941,uitbollen,0,MM1 ?S
26.6941,uitbollen,0,MM0 S=0:0
26.6941,uitbollen,0,MM1 S=0:0
26.7165,uitbollen,0,"#85,YAW,2.85,GYRO,-14,47,-5,ACC,5,1,259,ADC,1265,384,5,2,"
26.7165,uitbollen,0,MM0 ?T
26.7165,uitbollen,0,MM1 ?T
26.7165,uitbollen,0,MM0 T=35:35
26.7165,uitbollen,0,MM1 T=36:34
26.7361,uitbollen,0,"#86,YAW,2.85,GYRO,-13,45,-6,ACC,3,0,258,ADC,1285,385,6,1,"
26.7361,uitbollen,0,MM0 ?V
26.7361,uitbollen,0,MM1 ?V
26.7361,uitbollen,0,MM0 V=120:226:4904
26.7361,uitbollen,0,MM1 V=120:223:4899
26.7702,uitbollen,0,"#87,YAW,2.85,GYRO,-14,46,-5,ACC,6,0,260,ADC,1242,410,7,1,"
26.7702,uitbollen,0,MM0 !M 0 0
26.7702,uitbollen,0,MM0 +
26.7702,uitbollen,0,MM1 !M 0 0
26.7702,uitbollen,0,MM1 +
26.7702,uitbollen,0,MM1 ?CR
26.7702,uitbollen,0,MM0 ?CR
26.7702,uitbollen,0,MM1 CR=0:0
26.7702,uitbollen,0,MM0 CR=0:0
26.7702,uitbollen,0,"#88,YAW,2.85,GYRO,-14,47,-7,ACC,3,1,255,ADC,1257,381,6,1,"
26.7703,uitbollen,0,MM0 ?A
26.7703,uitbollen,0,MM1 ?A
26.7703,uitbollen,0,MM0 A=0:0
26.7703,uitbollen,0,MM1 A=0:0
26.7929,uitbollen,0,"$GPRMC,130448.0,A,5050.50699,N,00419.38259,E,000.47,161.3,081026,000.4,E*57"
26.8128,uitbollen,0,"#89,YAW,2.85,GYRO,-13,48,-6,ACC,2,1,258,ADC,1220,322,5,1,"
26.8129,uitbollen,0,MM0 ?AI
26.8129,uitbollen,0,MM1 ?AI
26.8129,uitbollen,0,MM0 AI=0:0:2447:2448:0:0
26.8129,uitbollen,0,MM1 AI=0:0:2378:2373:0:0
26.8129,uitbollen,0,"#90,YAW,2.85,GYRO,-12,45,-5,ACC,7,0,260,ADC,1255,390,3,1,"
26.8129,uitbollen,0,MM0 ?C
26.8129,uitbollen,0,MM1 ?C
26.8129,uitbollen,0,MM1 C=-816:-1215
26.8129,uitbollen,0,MM0 C=-923:-965
