t,fase,vermogen,regel
1.0733,rust,0,MM0 !M 0 0
1.0734,rust,0,MM1 !M 0 0
1.0734,rust,0,MM0 +
1.0734,rust,0,MM1 +
1.0734,rust,0,MM0 !EX
1.0734,rust,0,MM1 !EX
1.0734,rust,0,"#165,YAW,0.39,GYRO,-8,46,-11,ACC,2,1,253,ADC,1223,284,5,2,"
1.0734,rust,0,MM0 +
1.0734,rust,0,MM1 +
1.0734,rust,0,MM1 ?P
1.0734,rust,0,MM0 ?P
1.0734,rust,0,MM1 P=0:0
1.0734,rust,0,MM0 P=0:0
1.0734,rust,0,"#166,YAW,0.39,GYRO,-9,45,-8,ACC,2,0,256,ADC,1274,497,4,2,"
1.0734,rust,0,MM0 ?S
1.0734,rust,0,MM1 ?S
1.0734,rust,0,MM0 S=0:0
1.0734,rust,0,MM1 S=0:0
1.0734,rust,0,"#167,YAW,0.39,GYRO,-9,45,-10,ACC,2,1,255,ADC,1306,501,4,2,"
1.0734,rust,0,MM0 ?T
1.0734,rust,0,MM1 ?T
1.0734,rust,0,MM0 T=35:34
1.0735,rust,0,MM1 T=36:33
1.0735,rust,0,"#168,YAW,0.39,GYRO,-10,46,-11,ACC,0,1,259,ADC,1253,404,4,2,"
1.0735,rust,0,MM0 ?V
1.0735,rust,0,MM1 ?V
1.0735,rust,0,MM0 V=120:224:4902
1.0735,rust,0,MM1 V=120:223:4900
1.0735,rust,0,"#169,YAW,0.39,GYRO,-8,46,-8,ACC,2,2,254,ADC,1290,500,4,2,"
1.0735,rust,0,MM0 ?CR
1.0735,rust,0,MM1 ?CR
1.0735,rust,0,MM0 CR=0:0
1.0735,rust,0,MM1 CR=0:0
1.0735,rust,0,"#170,YAW,0.39,GYRO,-9,46,-7,ACC,5,1,259,ADC,1251,387,6,2,"
1.0735,rust,0,MM1 ?A
1.0735,rust,0,MM0 ?A
1.0735,rust,0,MM0 A=0:0
1.0735,rust,0,MM1 A=0:0
1.0735,rust,0,"#171,YAW,0.39,GYRO,-10,45,-8,ACC,4,2,261,ADC,1291,501,5,2,"
1.0735,rust,0,MM0 ?AI
1.0735,rust,0,MM1 ?AI
1.0735,rust,0,MM0 AI=0:0:2416:2402:0:0
1.0735,rust,0,MM1 AI=0:0:2309:2340:0:0
1.0735,rust,0,"#172,YAW,0.39,GYRO,-9,44,-9,ACC,0,2,257,ADC,1272,386,4,1,"
1.0735,rust,0,MM0 ?C
1.0735,rust,0,MM1 ?C
1.0735,rust,0,MM0 C=-339:331
1.0735,rust,0,MM1 C=1237:-1363
1.0735,rust,0,"#173,YAW,0.39,GYRO,-7,44,-10,ACC,2,2,255,ADC,1250,498,4,2,"
1.0735,rust,0,"$GPRMC,092926.2,A,5050.51470,N,00419.37315,E,000.07,015.2,021026,000.4,E*56"
1.0735,rust,0,MM0 ?D
1.0735,rust,0,MM1 ?D
1.0735,rust,0,MM1 D=17
1.0735,rust,0,MM0 D=2
1.0735,rust,0,"#174,YAW,0.39,GYRO,-9,45,-10,ACC,2,0,256,ADC,1244,386,5,2,"
1.0736,rust,0,MM0 ?FF
1.0736,rust,0,MM1 ?FF
1.0736,rust,0,MM0 FF=16
1.0736,rust,0,MM1 FF=16
1.0736,rust,0,"#175,YAW,0.39,GYRO,-8,44,-7,ACC,0,2,254,ADC,1273,390,5,2,"
1.0736,rust,0,MM0 ?P
1.0736,rust,0,MM1 ?P
1.0736,rust,0,MM0 P=0:0
1.0736,rust,0,MM1 P=0:0
1.0736,rust,0,"#176,YAW,0.39,GYRO,-9,45,-9,ACC,4,0,250,ADC,1272,501,5,2,"
1.0736,rust,0,MM0 ?S
1.0736,rust,0,MM1 ?S
1.0736,rust,0,MM0 S=0:0
1.0736,rust,0,MM1 S=0:0
1.0736,rust,0,"#177,YAW,0.39,GYRO,-7,44,-9,ACC,5,1,259,ADC,1232,393,6,2,"
1.0736,rust,0,MM0 ?T
1.0736,rust,0,MM1 ?T
1.0736,rust,0,MM0 T=35:34
1.0736,rust,0,MM1 T=36:33
1.0736,rust,0,"#178,YAW,0.39,GYRO,-8,44,-7,ACC,3,0,258,ADC,1264,385,6,2,"
1.0736,rust,0,MM0 ?V
1.0736,rust,0,MM1 ?V
1.0736,rust,0,MM0 V=120:223:4902
1.0736,rust,0,MM1 V=120:216:4899
1.0736,rust,0,"#179,YAW,0.39,GYRO,-8,45,-9,ACC,2,1,256,ADC,1286,499,6,1,"
1.0736,rust,0,MM0 ?CR
1.0736,rust,0,MM1 ?CR
1.0736,rust,0,MM0 CR=0:0
1.0736,rust,0,MM1 CR=0:0
1.0736,rust,0,"#180,YAW,0.39,GYRO,-9,45,-9,ACC,2,1,258,ADC,1246,388,5,2,"
1.0736,rust,0,MM0 ?A
1.0736,rust,0,MM1 ?A
1.0736,rust,0,MM0 A=0:0
1.0736,rust,0,MM1 A=0:0
1.0736,rust,0,"#181,YAW,0.39,GYRO,-8,45,-8,ACC,4,1,256,ADC,1257,386,6,1,"
1.0736,rust,0,MM0 ?AI
1.0736,rust,0,MM1 ?AI
1.0736,rust,0,MM0 AI=0:0:2411:2407:0:0
1.0736,rust,0,MM1 AI=0:0:2334:2308:0:0
1.0736,rust,0,"#182,YAW,0.39,GYRO,-8,47,-9,ACC,2,1,254,ADC,1287,503,6,1,"
1.0736,rust,0,MM0 ?C
1.0736,rust,0,MM1 ?C
1.0736,rust,0,MM0 C=-339:331
1.0736,rust,0,MM1 C=1237:-1363
1.0736,rust,0,"#183,YAW,122,"
1.0736,rust,0,MM1 ?A
1.0736,rust,0,MM0 ?A
1.0736,rust,0,MM1 A=0:0
1.0736,rust,0,MM0 A=0:0
1.0942,rust,0,"#59,YAW,-0.23,GYRO,-8,44,-10,ACC,3,1,252,ADC,1199,385,5,1,"
1.0943,rust,0,MM1 ?AI
1.0943,rust,0,MM0 ?AI
1.0943,rust,0,MM1 AI=0:0:2317:2317:0:0
1.0943,rust,0,MM0 AI=0:0:2410:2414:0:0
1.1143,rust,0,"#60,YAW,-0.23,GYRO,-8,45,-10,ACC,1,1,257,ADC,1243,383,5,2,"
1.1144,rust,0,MM1 ?C
1.1144,rust,0,MM0 ?C
1.1144,rust,0,MM0 C=-339:331
1.1144,rust,0,MM1 C=1237:-1363
1.1144,rust,0,MM0 !M 0 0
1.1144,rust,0,MM1 !M 0 0
1.1144,rust,0,MM0 +
1.1144,rust,0,MM1 +
1.1353,rust,0,"#61,YAW,-0.23,GYRO,-7,45,-7,ACC,1,3,258,ADC,1247,400,6,2,"
1.1353,rust,0,MM1 ?D
1.1353,rust,0,MM0 ?D
1.1353,rust,0,MM1 D=17
1.1353,rust,0,MM0 D=2
1.1353,rust,0,"$GPRMC,093142.2,A,5050.51138,N,00419.37307,E,000.49,345.2,021026,000.4,E*5B"
1.1353,rust,0,"#62,YAW,-0.23,GYRO,-8,45,-10,ACC,1,2,258,ADC,1244,387,4,2,"
1.1575,rust,0,MM1 ?FF
1.1576,rust,0,MM0 ?FF
1.1576,rust,0,MM1 FF=16
1.1576,rust,0,MM0 FF=16
1.1576,rust,0,"#63,YAW,-0.23,GYRO,-8,44,-8,ACC,3,1,256,ADC,1295,501,4,2,"
1.1576,rust,0,MM1 ?P
1.1576,rust,0,MM0 ?P
1.1773,rust,0,MM1 P=0:0
1.1773,rust,0,MM0 P=0:0
1.1773,rust,0,MM1 !M 0 0
1.1773,rust,0,MM0 !M 0 0
1.1773,rust,0,MM1 +
1.1774,rust,0,MM0 +
1.1774,rust,0,"#64,YAW,-0.23,GYRO,-9,45,-10,ACC,2,1,254,ADC,1257,384,5,2,"
1.1774,rust,0,MM1 ?S
1.1774,rust,0,MM0 ?S
1.1774,rust,0,MM1 S=0:0
1.1983,rust,0,MM0 S=0:0
1.1983,rust,0,"#65,YAW,-0.23,GYRO,-7,44,-12,ACC,5,1,255,ADC,1241,392,4,2,"
1.1983,rust,0,MM1 ?T
1.1983,rust,0,MM0 ?T
1.1983,rust,0,MM1 T=36:33
1.1983,rust,0,MM0 T=35:34
1.2206,rust,0,"#66,YAW,-0.23,GYRO,-8,45,-9,ACC,1,2,254,ADC,1263,392,4,1,"
1.2206,rust,0,MM1 ?V
1.2206,rust,0,MM0 ?V
1.2206,rust,0,MM1 V=120:224:4900
1.2404,rust,0,MM0 V=120:223:4902
1.2404,rust,0,"#67,YAW,-0.23,GYRO,-9,44,-10,ACC,4,-1,256,ADC,1249,382,5,2,"
1.2404,rust,0,MM1 ?CR
1.2404,rust,0,MM0 ?CR
1.2404,rust,0,MM1 CR=0:0
1.2404,rust,0,MM0 CR=0:0
1.2743,rust,0,MM1 !M 0 0
1.2743,rust,0,MM0 !M 0 0
1.2744,rust,0,MM1 +
1.2744,rust,0,MM0 +
1.2744,rust,0,"#68,YAW,-0.23,GYRO,-9,44,-9,ACC,1,2,254,ADC,1300,376,6,1,"
1.2744,rust,0,MM1 ?A
1.2744,rust,0,MM0 ?A
1.2744,rust,0,MM1 A=0:0
1.2744,rust,0,MM0 A=0:0
1.2953,rust,0,"#69,YAW,-0.23,GYRO,-8,45,-8,ACC,3,1,254,ADC,1224,409,8,2,"
1.2953,rust,0,MM1 ?AI
1.2953,rust,0,MM0 ?AI
1.2953,rust,0,MM1 AI=0:0:2320:2329:0:0
1.2953,rust,0,MM0 AI=0:0:2399:2427:0:0
1.2953,rust,0,"#70,YAW,-0.23,GYRO,-8,45,-9,ACC,3,1,259,ADC,1221,492,5,2,"
1.2953,rust,0,MM1 ?C
1.3164,rust,0,MM0 ?C
1.3164,rust,0,MM0 C=-339:331
1.3164,rust,0,MM1 C=1237:-1363
1.3164,rust,0,"#71,YAW,-0.23,GYRO,-8,46,-10,ACC,0,1,250,ADC,1235,396,5,2,"
1.3165,rust,0,MM1 ?D
1.3165,rust,0,MM0 ?D
1.3373,rust,0,"$GPRMC,093142.4,A,5050.51136,N,00419.37310,E,000.50,345.2,021026,000.4,E*5D"
1.3373,rust,0,MM0 D=10
1.3373,rust,0,MM1 D=17
1.3373,rust,0,"#72,YAW,-0.23,GYRO,-8,47,-9,ACC,0,1,250,ADC,1297,502,7,2,"
1.3374,rust,0,MM0 ?FF
1.3374,rust,0,MM1 ?FF
1.3374,rust,0,MM0 FF=16
1.3731,rust,0,MM1 FF=16
1.3732,rust,0,MM0 !M 0 0
1.3732,rust,0,MM1 !M 0 0
1.3732,rust,0,MM0 +
1.3732,rust,0,MM1 +
1.3732,rust,0,"#73,YAW,-0.23,GYRO,-10,44,-7,ACC,2,1,258,ADC,1242,380,5,2,"
1.3732,rust,0,MM1 ?P
1.3732,rust,0,MM0 ?P
1.3732,rust,0,MM1 P=0:0
1.3732,rust,0,MM0 P=0:0
1.3922,rust,0,"#74,YAW,-0.23,GYRO,-8,48,-8,ACC,1,1,255,ADC,1255,500,5,2,"
1.3922,rust,0,MM1 ?S
1.3922,rust,0,MM0 ?S
1.3922,rust,0,MM1 S=0:0
1.3922,rust,0,MM0 S=0:0
1.4136,rust,0,"#75,YAW,-0.23,GYRO,-8,45,-10,ACC,3,1,252,ADC,1279,502,6,2,"
1.4137,rust,0,MM1 ?T
1.4137,rust,0,MM0 ?T
1.4137,rust,0,MM1 T=36:33
1.4137,rust,0,MM0 T=35:34
1.4350,rust,0,"#76,YAW,-0.23,GYRO,-9,46,-10,ACC,4,0,258,ADC,1228,381,4,2,"
1.4350,rust,0,MM1 ?V
1.4350,rust,0,MM0 ?V
1.4350,rust,0,MM1 V=120:223:4898
1.4350,rust,0,MM0 V=120:224:4902
1.4710,rust,0,"#77,YAW,-0.23,GYRO,-8,46,-9,ACC,4,2,253,ADC,1245,389,4,2,"
1.4711,rust,0,MM1 ?CR
1.4711,rust,0,MM0 ?CR
1.4711,rust,0,MM1 CR=0:0
1.4711,rust,0,MM0 CR=0:0
1.4711,rust,0,MM0 !M 0 0
1.4711,rust,0,MM1 !M 0 0
1.4711,rust,0,MM0 +
1.4711,rust,0,MM1 +
1.4711,rust,0,"#78,YAW,-0.23,GYRO,-9,46,-9,ACC,1,5,252,ADC,1219,383,6,1,"
1.4711,rust,0,MM1 ?A
1.4711,rust,0,MM0 ?A
1.4711,rust,0,MM1 A=0:0
1.4711,rust,0,MM0 A=0:0
1.4903,rust,0,"#79,YAW,-0.23,GYRO,-9,44,-10,ACC,4,2,259,ADC,1249,381,4,2,"
1.4903,rust,0,MM1 ?AI
1.4903,rust,0,MM0 ?AI
1.4903,rust,0,MM0 AI=0:0:2432:2422:0:0
1.4903,rust,0,MM1 AI=0:0:2316:2339:0:0
1.5113,rust,0,"#80,YAW,-0.23,GYRO,-7,44,-8,ACC,3,1,252,ADC,1233,502,6,2,"
1.5113,rust,0,MM0 ?C
1.5113,rust,0,MM1 ?C
1.5113,rust,0,MM0 C=-339:331
1.5113,rust,0,MM1 C=1237:-1363
1.5332,rust,0,"#81,YAW,-0.23,GYRO,-8,45,-8,ACC,3,4,256,ADC,1293,499,6,2,"
1.5332,rust,0,MM0 ?D
1.5332,rust,0,MM1 ?D
1.5333,rust,0,MM1 D=17
1.5333,rust,0,"$GPRMC,093142.6,A,5050.51134,N,00419.37313,E,000.50,345.2,021026,000.4,E*5E"
1.5333,rust,0,MM0 D=2
1.5806,rust,0,"#82,YAW,-0.23,GYRO,-8,46,-10,ACC,2,1,257,ADC,1261,382,5,2,"
1.5806,rust,0,MM0 ?FF
1.5806,rust,0,MM1 ?FF
1.5806,rust,0,MM0 FF=16
1.5806,rust,0,MM1 FF=16
1.5806,rust,0,"#83,YAW,-0.23,GYRO,-10,46,-9,ACC,1,1,256,ADC,1277,501,4,1,"
1.5806,rust,0,MM0 ?P
1.5806,rust,0,MM1 ?P
1.5806,rust,0,MM0 P=0:0
1.5807,rust,0,MM1 P=0:0
1.5807,rust,0,MM0 !M 0 0
1.5807,rust,0,MM1 !M 0 0
1.5807,rust,0,MM0 +
1.5807,rust,0,MM1 +
1.5807,rust,0,"#84,YAW,-0.23,GYRO,-8,46,-10,ACC,2,2,253,ADC,1297,416,5,2,"
1.5807,rust,0,MM0 ?S
1.5807,rust,0,MM1 ?S
1.5807,rust,0,MM0 S=0:0
1.5807,rust,0,MM1 S=0:0
1.6019,rust,0,"#85,YAW,-0.23,GYRO,-8,45,-10,ACC,3,0,256,ADC,1236,386,6,2,"
1.6020,rust,0,MM0 ?T
1.6020,rust,0,MM1 ?T
1.6020,rust,0,MM0 T=35:34
1.6020,rust,0,MM1 T=36:33
1.6235,rust,0,"#86,YAW,-0.23,GYRO,-8,44,-9,ACC,2,1,257,ADC,1251,497,6,2,"
1.6235,rust,0,MM0 ?V
1.6235,rust,0,MM1 ?V
1.6235,rust,0,MM0 V=120:223:4902
1.6235,rust,0,MM1 V=120:223:4899
1.6436,rust,0,"#87,YAW,-0.23,GYRO,-8,45,-8,ACC,5,0,253,ADC,1259,398,4,2,"
1.6436,rust,0,MM0 ?CR
1.6436,rust,0,MM1 ?CR
1.6436,rust,0,MM0 CR=0:0
1.6436,rust,0,MM1 CR=0:0
1.6843,rust,0,"#88,YAW,-0.23,GYRO,-8,46,-9,ACC,4,1,257,ADC,1253,369,4,1,"
1.6843,rust,0,MM0 !M 0 0
1.6843,rust,0,MM0 +
1.6843,rust,0,MM1 !M 0 0
1.6843,rust,0,MM1 +
1.6843,rust,0,MM0 ?A
1.6843,rust,0,MM1 ?A
1.6844,rust,0,MM0 A=0:0
1.6844,rust,0,MM1 A=0:0
1.6844,rust,0,"#89,YAW,-0.23,GYRO,-8,44,-9,ACC,5,0,255,ADC,1236,385,7,2,"
1.6844,rust,0,MM0 ?AI
1.6844,rust,0,MM1 ?AI
1.7007,rust,0,MM0 AI=0:0:2413:2399:0:0
1.7007,rust,0,MM1 AI=0:0:2309:2331:0:0
1.7007,rust,0,"#90,YAW,-0.23,GYRO,-8,44,-9,ACC,1,1,258,ADC,1276,389,5,2,"
1.7007,rust,0,MM0 ?C
1.7007,rust,0,MM1 ?C
1.7007,rust,0,MM0 C=-339:331
1.7008,rust,0,MM1 C=1237:-1363
1.7204,rust,0,"#91,YAW,-0.23,GYRO,-9,47,-10,ACC,4,1,259,ADC,1240,387,7,2,"
1.7205,rust,0,MM0 ?D
1.7205,rust,0,MM1 ?D
1.7443,rust,0,"$GPRMC,093142.8,A,5050.51132,N,00419.37316,E,000.50,345.2,021026,000.4,E*53"
1.7443,rust,0,MM0 D=2
1.7443,rust,0,MM1 D=17
1.7443,rust,0,"#92,YAW,-0.23,GYRO,-9,46,-10,ACC,5,2,258,ADC,1230,390,6,2,"
1.7443,rust,0,MM0 ?FF
1.7443,rust,0,MM1 ?FF
1.7443,rust,0,MM0 FF=16
1.7443,rust,0,MM1 FF=16
1.7783,rust,0,"#93,YAW,-0.23,GYRO,-9,44,-8,ACC,2,2,256,ADC,1242,351,6,2,"
1.7783,rust,0,MM0 !M 0 0
1.7783,rust,0,MM0 +
1.7783,rust,0,MM1 !M 0 0
1.7783,rust,0,MM1 +
1.7783,rust,0,MM0 ?P
1.7783,rust,0,MM1 ?P
1.7783,rust,0,MM0 P=0:0
1.7783,rust,0,MM1 P=0:0
1.7783,rust,0,"#94,YAW,-0.23,GYRO,-8,46,-9,ACC,4,1,260,ADC,1232,385,5,1,"
1.7783,rust,0,MM0 ?S
1.7783,rust,0,MM1 ?S
1.7783,rust,0,MM0 S=0:0
1.7783,rust,0,MM1 S=0:0
1.8037,rust,0,"#95,YAW,-0.23,GYRO,-7,47,-10,ACC,5,2,256,ADC,1203,384,4,1,"
1.8037,rust,0,MM0 ?T
1.8037,rust,0,MM1 ?T
1.8038,rust,0,MM0 T=35:34
1.8038,rust,0,MM1 T=36:33
1.8201,rust,0,"#96,YAW,-0.23,GYRO,-8,45,-11,ACC,2,1,256,ADC,1223,385,5,2,"
1.8202,rust,0,MM0 ?V
1.8202,rust,0,MM1 ?V
1.8202,rust,0,MM0 V=120:225:4902
1.8202,rust,0,MM1 V=120:223:4900
1.8419,rust,0,"#97,YAW,-0.23,GYRO,-8,46,-9,ACC,4,1,252,ADC,1263,384,6,3,"
1.8419,rust,0,MM0 ?CR
1.8419,rust,0,MM1 ?CR
1.8419,rust,0,MM0 CR=0:0
1.8419,rust,0,MM1 CR=0:0
1.8757,rust,0,MM0 !M 0 0
1.8757,rust,0,MM1 !M 0 0
1.8757,rust,0,MM0 +
1.8757,rust,0,MM1 +
1.8757,rust,0,"#98,YAW,-0.23,GYRO,-6,45,-9,ACC,4,1,258,ADC,1297,331,5,2,"
1.8757,rust,0,MM0 ?A
1.8757,rust,0,MM1 ?A
1.8757,rust,0,MM0 A=0:0
1.8757,rust,0,MM1 A=0:0
1.8757,rust,0,"#99,YAW,-0.23,GYRO,-9,45,-9,ACC,4,2,256,ADC,1258,383,4,2,"
1.8963,rust,0,MM0 ?AI
1.8963,rust,0,MM1 ?AI
1.8963,rust,0,MM0 AI=0:0:2403:2423:0:0
1.8963,rust,0,MM1 AI=0:0:2306:2316:0:0
1.8963,rust,0,"#100,YAW,-0.23,GYRO,-8,46,-9,ACC,2,1,252,ADC,1240,495,3,2,"
1.8963,rust,0,MM0 ?C
1.8963,rust,0,MM1 ?C
1.9173,rust,0,MM0 C=-339:331
1.9173,rust,0,MM1 C=1237:-1363
1.9173,rust,0,"#101,YAW,-0.23,GYRO,-8,45,-9,ACC,2,3,257,ADC,1255,504,4,1,"
1.9173,rust,0,MM0 ?D
1.9173,rust,0,MM1 ?D
1.9372,rust,0,"$GPRMC,093143.0,A,5050.51129,N,00419.37318,E,000.49,345.2,021026,000.4,E*56"
1.9372,rust,0,MM0 D=2
1.9372,rust,0,MM1 D=17
1.9372,rust,0,"#102,YAW,-0.23,GYRO,-8,47,-9,ACC,3,1,259,ADC,1257,500,5,2,"
1.9372,rust,0,MM0 ?FF
1.9372,rust,0,MM1 ?FF
1.9372,rust,0,MM0 FF=16
1.9372,rust,0,MM1 FF=16
1.9732,rust,0,MM0 !M 0 0
1.9732,rust,0,MM1 !M 0 0
1.9732,rust,0,MM0 +
1.9732,rust,0,MM1 +
1.9732,rust,0,"#103,YAW,-0.23,GYRO,-8,43,-9,ACC,0,2,258,ADC,1255,500,4,1,"
1.9732,rust,0,MM0 ?P
1.9732,rust,0,MM1 ?P
1.9732,rust,0,MM0 P=0:0
1.9732,rust,0,MM1 P=0:0
1.9923,rust,0,"#104,YAW,-0.23,GYRO,-9,46,-10,ACC,3,2,254,ADC,1247,396,4,1,"
1.9923,rust,0,MM0 ?S
1.9923,rust,0,MM1 ?S
1.9923,rust,0,MM0 S=0:0
1.9923,rust,0,MM1 S=0:0
2.0131,rust,0,"#105,YAW,-0.23,GYRO,-6,45,-9,ACC,4,1,252,ADC,1247,384,7,1,"
2.0131,rust,0,MM0 ?T
2.0131,rust,0,MM1 ?T
2.0131,rust,0,MM0 T=35:34
2.0131,rust,0,MM1 T=36:33
2.0347,rust,0,"#106,YAW,-0.23,GYRO,-9,45,-10,ACC,0,1,255,ADC,1240,389,6,2,"
2.0347,rust,0,MM0 ?V
2.0347,rust,0,MM1 ?V
2.0347,rust,0,MM0 V=120:223:4902
2.0347,rust,0,MM1 V=120:223:4899
2.0831,rust,0,"#107,YAW,-0.23,GYRO,-8,45,-9,ACC,0,2,257,ADC,1229,387,4,2,"
2.0831,rust,0,MM0 ?CR
2.0831,rust,0,MM1 ?CR
2.0831,rust,0,MM0 CR=0:0
2.0831,rust,0,MM1 CR=0:0
2.0831,rust,0,"#108,YAW,-0.23,GYRO,-8,45,-10,ACC,1,1,255,ADC,1212,496,5,1,"
2.0831,rust,0,MM0 ?A
2.0831,rust,0,MM1 ?A
2.0831,rust,0,MM0 A=0:0
2.0831,rust,0,MM1 A=0:0
2.0831,rust,0,MM0 !M 0 0
2.0832,rust,0,MM1 !M 0 0
2.0832,rust,0,MM0 +
2.0832,rust,0,MM1 +
2.0832,rust,0,"#109,YAW,-0.23,GYRO,-8,46,-9,ACC,-2,1,256,ADC,1266,399,4,2,"
2.0832,rust,0,MM0 ?AI
2.0832,rust,0,MM1 ?AI
2.0832,rust,0,MM0 AI=0:0:2408:2414:0:0
2.0832,rust,0,MM1 AI=0:0:2335:2343:0:0
2.1044,rust,0,"#110,YAW,-0.23,GYRO,-7,45,-9,ACC,2,1,254,ADC,1248,395,5,1,"
2.1044,rust,0,MM0 ?C
2.1045,rust,0,MM1 ?C
2.1045,rust,0,MM0 C=-339:331
2.1045,rust,0,MM1 C=1237:-1363
2.1247,rust,0,"#111,YAW,-0.23,GYRO,-8,42,-9,ACC,0,-1,257,ADC,1285,498,6,2,"
2.1247,rust,0,MM0 ?D
2.1247,rust,0,MM1 ?D
2.1247,rust,0,"$GPRMC,093143.2,A,5050.51127,N,00419.37321,E,000.49,345.2,021026,000.4,E*50"
2.1247,rust,0,MM0 D=2
2.1456,rust,0,MM1 D=17
2.1457,rust,0,"#112,YAW,-0.23,GYRO,-9,45,-8,ACC,0,3,254,ADC,1242,501,4,2,"
2.1457,rust,0,MM0 ?FF
2.1457,rust,0,MM1 ?FF
2.1457,rust,0,MM0 FF=16
2.1457,rust,0,MM1 FF=16
2.1812,rust,0,"#113,YAW,-0.23,GYRO,-7,44,-9,ACC,2,2,260,ADC,1286,501,5,2,"
2.1812,rust,0,MM0 ?P
2.1812,rust,0,MM1 ?P
2.1812,rust,0,MM0 P=0:0
2.1812,rust,0,MM1 P=0:0
2.1812,rust,0,MM0 !M 0 0
2.1812,rust,0,MM1 !M 0 0
2.1812,rust,0,MM0 +
2.1812,rust,0,MM1 +
2.1812,rust,0,"#114,YAW,-0.23,GYRO,-8,45,-9,ACC,2,2,257,ADC,1233,499,7,2,"
2.1812,rust,0,MM0 ?S
2.1812,rust,0,MM1 ?S
2.1812,rust,0,MM0 S=0:0
2.1813,rust,0,MM1 S=0:0
2.2020,rust,0,"#115,YAW,-0.23,GYRO,-9,46,-10,ACC,3,0,253,ADC,1278,400,4,1,"
2.2020,rust,0,MM0 ?T
2.2020,rust,0,MM1 ?T
2.2020,rust,0,MM0 T=35:34
2.2021,rust,0,MM1 T=36:33
2.2231,rust,0,"#116,YAW,-0.23,GYRO,-9,46,-10,ACC,5,2,255,ADC,1235,382,8,2,"
2.2231,rust,0,MM0 ?V
2.2231,rust,0,MM1 ?V
2.2231,rust,0,MM0 V=120:225:4902
2.2232,rust,0,MM1 V=120:224:4899
2.2440,rust,0,"#117,YAW,-0.23,GYRO,-9,44,-10,ACC,3,2,261,ADC,1213,391,5,2,"
2.2441,rust,0,MM0 ?CR
2.2441,rust,0,MM1 ?CR
2.2441,rust,0,MM0 CR=0:0
2.2441,rust,0,MM1 CR=0:0
2.2800,rust,0,MM0 !M 0 0
2.2801,rust,0,MM1 !M 0 0
2.2801,rust,0,"#118,YAW,-0.23,GYRO,-10,46,-9,ACC,2,1,259,ADC,1234,463,6,2,"
2.2801,rust,0,MM0 +
2.2801,rust,0,MM1 +
2.2801,rust,0,MM0 ?A
2.2801,rust,0,MM1 ?A
2.2801,rust,0,MM0 A=0:0
2.2801,rust,0,MM1 A=0:0
2.2801,rust,0,"#119,YAW,-0.23,GYRO,-9,44,-8,ACC,0,2,252,ADC,1239,395,6,1,"
2.2801,rust,0,MM0 ?AI
2.2801,rust,0,MM1 ?AI
2.3002,rust,0,MM0 AI=0:0:2413:2416:0:0
2.3003,rust,0,MM1 AI=0:0:2325:2334:0:0
2.3003,rust,0,"#120,YAW,-0.23,GYRO,-8,45,-10,ACC,2,3,256,ADC,1257,392,3,2,"
2.3003,rust,0,MM0 ?C
2.3003,rust,0,MM1 ?C
2.3003,rust,0,MM0 C=-339:331
2.3003,rust,0,MM1 C=1237:-1363
2.3201,rust,0,"#121,YAW,-0.23,GYRO,-7,46,-9,ACC,2,2,251,ADC,1256,385,5,2,"
2.3202,rust,0,MM0 ?D
2.3202,rust,0,MM1 ?D
2.3430,rust,0,"$GPRMC,093143.4,A,5050.51125,N,00419.37323,E,000.47,345.2,021026,000.4,E*58"
2.3430,rust,0,MM0 D=2
2.3430,rust,0,MM1 D=17
2.3430,rust,0,"#122,YAW,-0.23,GYRO,-9,44,-9,ACC,5,2,256,ADC,1237,394,5,2,"
2.3430,rust,0,MM0 ?FF
2.3430,rust,0,MM1 ?FF
2.3430,rust,0,MM0 FF=16
2.3430,rust,0,MM1 FF=16
2.3786,rust,0,"#123,YAW,-0.23,GYRO,-8,45,-9,ACC,3,1,258,ADC,1227,380,8,2,"
2.3786,rust,0,MM0 !M 0 0
2.3786,rust,0,MM0 +
2.3786,rust,0,MM1 !M 0 0
2.3786,rust,0,MM1 +
2.3786,rust,0,MM0 ?P
2.3786,rust,0,MM1 ?P
2.3786,rust,0,MM0 P=0:0
2.3786,rust,0,MM1 P=0:0
2.3786,rust,0,"#124,YAW,-0.23,GYRO,-8,45,-9,ACC,1,1,256,ADC,1254,500,5,2,"
2.3786,rust,0,MM0 ?S
2.3786,rust,0,MM1 ?S
2.3786,rust,0,MM0 S=0:0
2.3786,rust,0,MM1 S=0:0
2.3992,rust,0,"#125,YAW,-0.23,GYRO,-7,45,-11,ACC,3,2,254,ADC,1297,501,6,2,"
2.3992,rust,0,MM0 ?T
2.3992,rust,0,MM1 ?T
2.3992,rust,0,MM0 T=35:34
2.3993,rust,0,MM1 T=36:33
2.4206,rust,0,"#126,YAW,-0.23,GYRO,-9,46,-9,ACC,3,1,258,ADC,1267,383,4,2,"
2.4206,rust,0,MM0 ?V
2.4206,rust,0,MM1 ?V
2.4206,rust,0,MM0 V=120:223:4902
2.4206,rust,0,MM1 V=120:223:4898
2.4413,rust,0,"#127,YAW,-0.23,GYRO,-5,44,-10,ACC,0,1,255,ADC,1229,498,4,2,"
2.4413,rust,0,MM0 ?CR
2.4413,rust,0,MM1 ?CR
2.4413,rust,0,MM0 CR=0:0
2.4413,rust,0,MM1 CR=0:0
2.4753,rust,0,MM0 !M 0 0
2.4753,rust,0,MM1 !M 0 0
2.4753,rust,0,MM0 +
2.4754,rust,0,MM1 +
2.4754,rust,0,"#128,YAW,-0.23,GYRO,-9,46,-9,ACC,1,1,253,ADC,1235,331,5,2,"
2.4754,rust,0,MM0 ?A
2.4754,rust,0,MM1 ?A
2.4754,rust,0,MM0 A=0:0
2.4754,rust,0,MM1 A=0:0
2.4754,rust,0,"#129,YAW,-0.23,GYRO,-7,46,-10,ACC,2,1,257,ADC,1254,501,4,1,"
2.4963,rust,0,MM0 ?AI
2.4963,rust,0,MM1 ?AI
2.4963,rust,0,MM0 AI=0:0:2400:2423:0:0
2.4963,rust,0,MM1 AI=0:0:2311:2315:0:0
2.4963,rust,0,"#130,YAW,-0.23,GYRO,-7,43,-8,ACC,2,-1,258,ADC,1283,393,6,3,"
2.4963,rust,0,MM1 ?C
2.4963,rust,0,MM0 ?C
2.5179,rust,0,MM0 C=-339:331
2.5180,rust,0,MM1 C=1237:-1363
2.5180,rust,0,"#131,YAW,-0.23,GYRO,-7,46,-10,ACC,0,1,254,ADC,1243,498,5,2,"
2.5180,rust,0,MM0 ?D
2.5180,rust,0,MM1 ?D
2.5180,rust,0,MM1 D=17
2.5384,rust,0,"$GPRMC,093143.6,A,5050.51123,N,00419.37326,E,000.47,345.2,021026,000.4,E*59"
2.5384,rust,0,MM0 D=2
2.5384,rust,0,"#132,YAW,-0.23,GYRO,-8,46,-11,ACC,0,0,256,ADC,1268,496,4,2,"
2.5384,rust,0,MM0 ?FF
2.5384,rust,0,MM1 ?FF
2.5384,rust,0,MM0 FF=16
2.5384,rust,0,MM1 FF=16
2.5883,rust,0,"#133,YAW,-0.23,GYRO,-8,41,-10,ACC,7,2,258,ADC,1231,384,4,2,"
2.5883,rust,0,MM0 ?P
2.5883,rust,0,MM1 ?P
2.5883,rust,0,MM0 P=0:0
2.5883,rust,0,MM1 P=0:0
2.5883,rust,0,MM0 !M 0 0
2.5883,rust,0,MM1 !M 0 0
2.5883,rust,0,MM0 +
2.5883,rust,0,MM1 +
2.5883,rust,0,"#134,YAW,-0.23,GYRO,-6,45,-11,ACC,2,1,255,ADC,1257,499,6,2,"
2.5883,rust,0,MM0 ?S
2.5883,rust,0,MM1 ?S
2.5883,rust,0,MM0 S=0:0
2.5883,rust,0,MM1 S=0:0
2.6066,rust,0,"#135,YAW,-0.23,GYRO,-8,45,-7,ACC,0,4,256,ADC,1248,501,5,1,"
2.6066,rust,0,MM0 ?T
2.6066,rust,0,MM1 ?T
2.6066,rust,0,MM0 T=35:34
2.6066,rust,0,MM1 T=36:33
2.6274,rust,0,"#136,YAW,-0.23,GYRO,-7,46,-9,ACC,6,2,259,ADC,1241,389,5,2,"
2.6274,rust,0,MM0 ?V
2.6274,rust,0,MM1 ?V
2.6274,rust,0,MM0 V=120:223:4901
2.6274,rust,0,MM1 V=120:223:4900
2.6481,rust,0,"#137,YAW,-0.23,GYRO,-9,45,-9,ACC,2,2,255,ADC,1309,388,5,2,"
2.6481,rust,0,MM0 ?CR
2.6481,rust,0,MM1 ?CR
2.6481,rust,0,MM0 CR=0:0
2.6481,rust,0,MM1 CR=0:0
2.6825,rust,0,"#138,YAW,-0.23,GYRO,-8,44,-10,ACC,3,1,253,ADC,1214,382,4,2,"
2.6825,rust,0,MM0 ?A
2.6826,rust,0,MM1 ?A
2.6826,rust,0,MM0 A=0:0
2.6826,rust,0,MM1 A=0:0
2.6826,rust,0,MM0 !M 0 0
2.6826,rust,0,MM1 !M 0 0
2.6826,rust,0,MM0 +
2.6826,rust,0,MM1 +
2.6826,rust,0,"#139,YAW,-0.23,GYRO,-8,44,-10,ACC,2,0,259,ADC,1287,502,7,2,"
2.6826,rust,0,MM0 ?AI
2.6826,rust,0,MM1 ?AI
2.6826,rust,0,MM0 AI=0:0:2399:2423:0:0
2.6826,rust,0,MM1 AI=0:0:2334:2308:0:0
2.7070,rust,0,"#140,YAW,-0.23,GYRO,-8,43,-9,ACC,7,2,255,ADC,1269,400,4,2,"
2.7070,rust,0,MM0 ?C
2.7070,rust,0,MM1 ?C
2.7070,rust,0,MM0 C=-339:331
2.7071,rust,0,MM1 C=1237:-1363
2.7331,rust,0,"#141,YAW,-0.23,GYRO,-9,46,-9,ACC,2,2,253,ADC,1282,499,6,1,"
2.7331,rust,0,MM0 ?D
2.7331,rust,0,MM1 ?D
2.7331,rust,0,"$GPRMC,093143.8,A,5050.51121,N,00419.37329,E,000.50,345.2,021026,000.4,E*5C"
2.7331,rust,0,MM0 D=2
2.7452,rust,0,MM1 D=17
2.7453,rust,0,"#142,YAW,-0.23,GYRO,-10,45,-9,ACC,2,1,260,ADC,1238,498,7,2,"
2.7453,rust,0,MM0 ?FF
2.7453,rust,0,MM1 ?FF
2.7453,rust,0,MM0 FF=16
2.7453,rust,0,MM1 FF=16
2.7792,rust,0,"#143,YAW,-0.23,GYRO,-8,44,-9,ACC,3,4,257,ADC,1256,401,4,2,"
2.7792,rust,0,MM0 ?P
2.7792,rust,0,MM1 ?P
2.7792,rust,0,MM0 P=0:0
2.7792,rust,0,MM1 P=0:0
2.7792,rust,0,MM0 !M 0 0
2.7792,rust,0,MM1 !M 0 0
2.7792,rust,0,MM0 +
2.7792,rust,0,MM1 +
2.7792,rust,0,"#144,YAW,-0.23,GYRO,-8,45,-9,ACC,4,-1,254,ADC,1247,383,5,2,"
2.7792,rust,0,MM0 ?S
2.7792,rust,0,MM1 ?S
2.7792,rust,0,MM0 S=0:0
2.7792,rust,0,MM1 S=0:0
2.8001,rust,0,"#145,YAW,-0.23,GYRO,-9,45,-10,ACC,5,2,258,ADC,1233,380,5,2,"
2.8001,rust,0,MM0 ?T
2.8001,rust,0,MM1 ?T
2.8001,rust,0,MM0 T=35:34
2.8001,rust,0,MM1 T=36:33
2.8231,rust,0,"#146,YAW,-0.23,GYRO,-8,45,-9,ACC,3,3,255,ADC,1238,383,6,2,"
2.8231,rust,0,MM0 ?V
2.8231,rust,0,MM1 ?V
2.8231,rust,0,MM0 V=120:223:4902
2.8232,rust,0,MM1 V=120:223:4899
2.8429,rust,0,"#147,YAW,-0.23,GYRO,-9,46,-9,ACC,1,2,252,ADC,1246,382,4,2,"
2.8430,rust,0,MM0 ?CR
2.8430,rust,0,MM1 ?CR
2.8430,rust,0,MM0 CR=0:0
2.8430,rust,0,MM1 CR=0:0
2.8834,rust,0,"#148,YAW,-0.23,GYRO,-9,43,-9,ACC,4,3,255,ADC,1262,386,4,1,"
2.8834,rust,0,MM0 !M 0 0
2.8834,rust,0,MM0 +
2.8834,rust,0,MM1 !M 0 0
2.8834,rust,0,MM1 +
2.8834,rust,0,MM0 ?A
2.8834,rust,0,MM1 ?A
2.8834,rust,0,MM0 A=0:0
2.8834,rust,0,MM1 A=0:0
2.8834,rust,0,"#149,YAW,-0.23,GYRO,-9,43,-10,ACC,3,2,255,ADC,1244,500,7,2,"
2.8834,rust,0,MM0 ?AI
2.8834,rust,0,MM1 ?AI
2.8993,rust,0,MM0 AI=0:0:2414:2415:0:0
2.8994,rust,0,MM1 AI=0:0:2307:2355:0:0
2.8994,rust,0,"#150,YAW,-0.23,GYRO,-7,46,-9,ACC,2,1,256,ADC,1247,502,5,2,"
2.8994,rust,0,MM0 ?C
2.8994,rust,0,MM1 ?C
2.8994,rust,0,MM0 C=-339:331
2.8994,rust,0,MM1 C=1237:-1363
2.9202,rust,0,"#151,YAW,-0.23,GYRO,-9,44,-10,ACC,0,4,255,ADC,1241,384,7,2,"
2.9202,rust,0,MM0 ?D
2.9202,rust,0,MM1 ?D
2.9410,rust,0,"$GPRMC,093144.0,A,5050.51118,N,00419.37332,E,000.52,345.2,021026,000.4,E*51"
2.9411,rust,0,MM0 D=2
2.9411,rust,0,MM1 D=17
2.9411,rust,0,"#152,YAW,-0.23,GYRO,-9,44,-8,ACC,-1,2,256,ADC,1237,383,5,2,"
2.9411,rust,0,MM1 ?FF
2.9411,rust,0,MM0 ?FF
2.9411,rust,0,MM1 FF=16
2.9411,rust,0,MM0 FF=16
2.9761,rust,0,MM1 !M 0 0
2.9761,rust,0,MM0 !M 0 0
2.9761,rust,0,MM1 +
2.9761,rust,0,MM0 +
2.9761,rust,0,"#153,YAW,-0.23,GYRO,-8,45,-9,ACC,1,1,259,ADC,1245,306,3,2,"
2.9761,rust,0,MM0 ?P
2.9761,rust,0,MM1 ?P
2.9761,rust,0,MM0 P=0:0
2.9761,rust,0,MM1 P=0:0
2.9761,rust,0,"#154,YAW,-0.23,GYRO,-8,44,-10,ACC,2,1,258,ADC,1263,500,8,2,"
3.0004,rust,0,MM0 ?S
3.0004,rust,0,MM1 ?S
3.0004,rust,0,MM0 S=0:0
3.0004,rust,0,MM1 S=0:0
3.0004,rust,0,"#155,YAW,-0.23,GYRO,-8,44,-10,ACC,1,1,256,ADC,1252,387,6,3,"
3.0004,rust,0,MM0 ?T
3.0004,rust,0,MM1 ?T
3.0004,rust,0,MM0 T=35:34
3.0185,rust,0,MM1 T=36:33
3.0185,rust,0,"#156,YAW,-0.23,GYRO,-9,43,-9,ACC,1,1,253,ADC,1253,395,4,2,"
3.0185,rust,0,MM0 ?V
3.0185,rust,0,MM1 ?V
3.0185,rust,0,MM0 V=120:222:4902
3.0392,rust,0,MM1 V=120:223:4900
3.0392,rust,0,"#157,YAW,-0.23,GYRO,-8,43,-10,ACC,3,2,253,ADC,1254,384,6,2,"
3.0392,rust,0,MM1 ?CR
3.0392,rust,0,MM0 ?CR
3.0392,rust,0,MM1 CR=0:0
3.0392,rust,0,MM0 CR=0:0
3.0873,rust,0,"#158,YAW,-0.23,GYRO,-9,45,-8,ACC,4,1,257,ADC,1262,392,7,1,"
3.0874,rust,0,MM0 ?A
3.0874,rust,0,MM1 ?A
3.0874,rust,0,MM0 A=0:0
3.0874,rust,0,MM1 A=0:0
3.0874,rust,0,MM0 !M 0 0
3.0874,rust,0,MM1 !M 0 0
3.0874,rust,0,MM0 +
3.0874,rust,0,MM1 +
3.0874,rust,0,"#159,YAW,-0.23,GYRO,-7,45,-10,ACC,3,0,253,ADC,1263,501,4,2,"
3.0874,rust,0,MM1 ?AI
3.0874,rust,0,MM0 ?AI
3.0874,rust,0,MM1 AI=0:0:2307:2317:0:0
3.0874,rust,0,MM0 AI=0:0:2419:2414:0:0
3.1083,rust,0,"#160,YAW,-0.23,GYRO,-7,46,-9,ACC,2,1,252,ADC,1266,502,5,2,"
3.1083,rust,0,MM0 ?C
3.1083,rust,0,MM1 ?C
3.1083,rust,0,MM0 C=-339:331
3.1085,rust,0,MM1 C=1237:-1363
3.1290,rust,0,"#161,YAW,-0.23,GYRO,-7,45,-10,ACC,2,1,256,ADC,1217,498,5,2,"
3.1291,rust,0,MM0 ?D
3.1291,rust,0,MM1 ?D
3.1291,rust,0,MM1 D=17
3.1291,rust,0,MM0 D=2
3.1291,rust,0,"$GPRMC,093144.2,A,5050.51116,N,00419.37335,E,000.54,345.2,021026,000.4,E*5C"
3.1503,rust,0,"#162,YAW,-0.23,GYRO,-8,45,-10,ACC,1,1,255,ADC,1275,502,7,2,"
3.1503,rust,0,MM0 ?FF
3.1503,rust,0,MM1 ?FF
3.1503,rust,0,MM0 FF=16
3.1503,rust,0,MM1 FF=16
3.1853,rust,0,"#163,YAW,-0.23,GYRO,-8,44,-9,ACC,3,1,258,ADC,1284,398,6,1,"
3.1853,rust,0,MM0 ?P
3.1853,rust,0,MM1 ?P
3.1853,rust,0,MM0 P=0:0
3.1853,rust,0,MM1 P=0:0
3.1853,rust,0,MM0 !M 0 0
3.1853,rust,0,MM1 !M 0 0
3.1853,rust,0,MM0 +
3.1853,rust,0,MM1 +
3.1853,rust,0,"#164,YAW,-0.23,GYRO,-9,44,-10,ACC,2,2,257,ADC,1251,388,6,2,"
3.1853,rust,0,MM0 ?S
3.1853,rust,0,MM1 ?S
3.1853,rust,0,MM0 S=0:0
3.1853,rust,0,MM1 S=0:0
3.2061,rust,0,"#165,YAW,-0.23,GYRO,-7,43,-10,ACC,2,2,255,ADC,1309,430,5,2,"
3.2061,rust,0,MM1 ?T
3.2061,rust,0,MM0 ?T
3.2061,rust,0,MM1 T=36:33
3.2061,rust,0,MM0 T=35:34
3.2272,rust,0,"#166,YAW,-0.23,GYRO,-8,45,-10,ACC,4,1,256,ADC,1289,389,5,2,"
3.2272,rust,0,MM0 ?V
3.2272,rust,0,MM1 ?V
3.2272,rust,0,MM0 V=120:223:4901
3.2272,rust,0,MM1 V=120:223:4898
3.2481,rust,0,"#167,YAW,-0.23,GYRO,-7,44,-9,ACC,5,2,256,ADC,1270,388,5,2,"
3.2482,rust,0,MM0 ?CR
3.2482,rust,0,MM1 ?CR
3.2482,rust,0,MM0 CR=0:0
3.2482,rust,0,MM1 CR=0:0
3.2832,rust,0,"#168,YAW,-0.23,GYRO,-8,42,-9,ACC,1,1,254,ADC,1240,389,4,2,"
3.2832,rust,0,MM0 ?A
3.2832,rust,0,MM1 ?A
3.2832,rust,0,MM0 A=0:0
3.2832,rust,0,MM1 A=0:0
3.2832,rust,0,MM0 !M 0 0
3.2832,rust,0,MM1 !M 0 0
3.2832,rust,0,MM0 +
3.2832,rust,0,MM1 +
3.2832,rust,0,"#169,YAW,-0.23,GYRO,-7,42,-9,ACC,2,1,256,ADC,1251,383,5,1,"
3.2832,rust,0,MM0 ?AI
3.2832,rust,0,MM1 ?AI
3.2832,rust,0,MM0 AI=0:0:2407:2408:0:0
3.2832,rust,0,MM1 AI=0:0:2318:2340:0:0
3.3034,rust,0,"#170,YAW,-0.23,GYRO,-8,45,-9,ACC,-1,1,252,ADC,1256,499,4,2,"
3.3034,rust,0,MM0 ?C
3.3034,rust,0,MM1 ?C
3.3034,rust,0,MM0 C=-339:331
3.3034,rust,0,MM1 C=1237:-1363
3.3243,rust,0,"#171,YAW,-0.23,GYRO,-8,43,-9,ACC,2,1,259,ADC,1250,495,5,2,"
3.3243,rust,0,MM0 ?D
3.3244,rust,0,MM1 ?D
3.3244,rust,0,"$GPRMC,093144.4,A,5050.51113,N,00419.37338,E,000.59,345.2,021026,000.4,E*5F"
3.3244,rust,0,MM0 D=2
3.3460,rust,0,MM1 D=17
3.3460,rust,0,"#172,YAW,-0.23,GYRO,-9,44,-8,ACC,0,4,252,ADC,1290,385,5,2,"
3.3460,rust,0,MM0 ?FF
3.3460,rust,0,MM1 ?FF
3.3460,rust,0,MM0 FF=16
3.3460,rust,0,MM1 FF=16
3.3802,rust,0,"#173,YAW,-0.23,GYRO,-10,44,-10,ACC,3,2,256,ADC,1271,383,4,2,"
3.3802,rust,0,MM0 ?P
3.3802,rust,0,MM1 ?P
3.3802,rust,0,MM0 P=0:0
3.3802,rust,0,MM1 P=0:0
3.3802,rust,0,MM1 !M 0 0
3.3802,rust,0,MM0 !M 0 0
3.3802,rust,0,MM1 +
3.3802,rust,0,MM0 +
3.3802,rust,0,"#174,YAW,-0.23,GYRO,-8,43,-9,ACC,2,2,258,ADC,1232,396,4,2,"
3.3802,rust,0,MM0 ?S
3.3802,rust,0,MM1 ?S
3.3802,rust,0,MM0 S=0:0
3.3802,rust,0,MM1 S=0:0
3.4013,rust,0,"#175,YAW,-0.23,GYRO,-10,45,-9,ACC,0,1,253,ADC,1242,382,5,2,"
3.4013,rust,0,MM1 ?T
3.4013,rust,0,MM0 ?T
3.4013,rust,0,MM1 T=36:33
3.4013,rust,0,MM0 T=35:34
3.4223,rust,0,"#176,YAW,-0.23,GYRO,-10,44,-10,ACC,2,1,257,ADC,1269,390,6,2,"
3.4224,rust,0,MM1 ?V
3.4224,rust,0,MM0 ?V
3.4224,rust,0,MM1 V=120:223:4898
3.4224,rust,0,MM0 V=120:225:4902
3.4430,rust,0,"#177,YAW,-0.23,GYRO,-8,44,-9,ACC,5,1,254,ADC,1248,383,5,1,"
3.4430,rust,0,MM1 ?CR
3.4430,rust,0,MM0 ?CR
3.4430,rust,0,MM1 CR=0:0
3.4431,rust,0,MM0 CR=0:0
3.4773,rust,0,MM1 !M 0 0
3.4773,rust,0,MM0 !M 0 0
3.4773,rust,0,MM1 +
3.4773,rust,0,MM0 +
3.4773,rust,0,"#178,YAW,-0.23,GYRO,-9,43,-7,ACC,-1,2,253,ADC,1217,339,5,2,"
3.4773,rust,0,MM0 ?A
3.4773,rust,0,MM1 ?A
3.4773,rust,0,MM0 A=0:0
3.4773,rust,0,MM1 A=0:0
3.4773,rust,0,"#179,YAW,-0.23,GYRO,-8,45,-8,ACC,3,1,256,ADC,1254,387,4,2,"
3.4773,rust,0,MM0 ?AI
3.4773,rust,0,MM1 ?AI
3.4984,rust,0,MM0 AI=0:0:2396:2426:0:0
3.4985,rust,0,MM1 AI=0:0:2340:2315:0:0
3.4985,rust,0,"#180,YAW,-0.23,GYRO,-8,45,-11,ACC,0,1,259,ADC,1269,497,5,2,"
3.4985,rust,0,MM0 ?C
3.4985,rust,0,MM1 ?C
3.4985,rust,0,MM0 C=-339:331
3.5193,rust,0,MM1 C=1237:-1363
3.5193,rust,0,"#181,YAW,-0.23,GYRO,-8,44,-10,ACC,3,1,257,ADC,1244,385,5,2,"
3.5193,rust,0,MM0 ?D
3.5193,rust,0,MM1 ?D
3.5432,rust,0,"$GPRMC,093144.6,A,5050.51099,N,00419.37348,E,000.60,345.2,021026,000.4,E*53"
3.5432,rust,0,MM0 D=10
3.5432,rust,0,MM1 D=17
3.5432,rust,0,"#182,YAW,-0.23,GYRO,-8,46,-8,ACC,3,1,258,ADC,1220,382,6,1,"
3.5432,rust,0,MM1 ?FF
3.5432,rust,0,MM0 ?FF
3.5432,rust,0,MM1 FF=16
3.5432,rust,0,MM0 FF=16
3.5775,rust,0,MM0 !M 0 0
3.5775,rust,0,MM1 !M 0 0
3.5775,rust,0,MM0 +
3.5775,rust,0,MM1 +
3.5775,rust,0,"#183,YAW,-0.23,GYRO,-9,44,-10,ACC,3,1,259,ADC,1245,398,6,2,"
3.5775,rust,0,MM1 ?P
3.5775,rust,0,MM0 ?P
3.5775,rust,0,MM1 P=0:0
3.5775,rust,0,MM0 P=0:0
3.5775,rust,0,"#184,YAW,-0.23,GYRO,-9,45,-9,ACC,2,2,259,ADC,1258,502,5,2,"
3.5775,rust,0,MM0 ?S
3.5776,rust,0,MM1 ?S
3.5776,rust,0,MM0 S=0:0
3.6036,rust,0,MM1 S=0:0
3.6037,rust,0,"#185,YAW,-0.23,GYRO,-9,44,-8,ACC,3,2,257,ADC,1235,400,4,2,"
3.6037,rust,0,MM1 ?T
3.6037,rust,0,MM0 ?T
3.6037,rust,0,MM1 T=36:33
3.6193,rust,0,MM0 T=35:34
3.6193,rust,0,"#186,YAW,-0.23,GYRO,-7,46,-10,ACC,2,1,258,ADC,1230,382,5,2,"
3.6193,rust,0,MM1 ?V
3.6193,rust,0,MM0 ?V
3.6193,rust,0,MM1 V=120:223:4899
3.6404,rust,0,MM0 V=120:223:4901
3.6404,rust,0,"#187,YAW,-0.23,GYRO,-7,43,-10,ACC,2,2,257,ADC,1269,391,4,2,"
3.6404,rust,0,MM1 ?CR
3.6404,rust,0,MM0 ?CR
3.6404,rust,0,MM1 CR=0:0
3.6404,rust,0,MM0 CR=0:0
3.6974,rust,0,"#188,YAW,-0.23,GYRO,-8,43,-7,ACC,2,0,253,ADC,1293,502,5,2,"
3.6975,rust,0,MM1 ?A
3.6975,rust,0,MM0 ?A
3.6975,rust,0,MM1 A=0:0
3.6975,rust,0,MM0 A=0:0
3.6975,rust,0,MM1 !M 0 0
3.6975,rust,0,MM0 !M 0 0
3.6975,rust,0,MM1 +
3.6975,rust,0,MM0 +
3.6975,rust,0,"#189,YAW,-0.23,GYRO,-8,44,-9,ACC,3,1,255,ADC,1226,328,4,1,"
3.6975,rust,0,MM1 ?AI
3.6975,rust,0,MM0 ?AI
3.6975,rust,0,MM1 AI=0:0:2326:2331:0:0
3.6975,rust,0,MM0 AI=0:0:2416:2419:0:0
3.6975,rust,0,"#190,YAW,-0.23,GYRO,-8,43,-10,ACC,3,3,255,ADC,1210,386,6,2,"
3.6975,rust,0,MM1 ?C
3.6975,rust,0,MM0 ?C
3.7183,rust,0,MM0 C=-339:331
3.7183,rust,0,MM1 C=1237:-1363
3.7183,rust,0,"#191,YAW,-0.23,GYRO,-9,45,-9,ACC,2,-1,252,ADC,1266,389,6,2,"
3.7183,rust,0,MM1 ?D
3.7183,rust,0,MM0 ?D
3.7391,rust,0,"$GPRMC,093144.8,A,5050.51088,N,00419.37362,E,000.62,345.2,021026,000.4,E*57"
3.7391,rust,0,MM0 D=2
3.7391,rust,0,MM1 D=17
3.7391,rust,0,"#192,YAW,-0.23,GYRO,-8,45,-10,ACC,4,2,259,ADC,1225,385,4,2,"
3.7392,rust,0,MM0 ?FF
3.7392,rust,0,MM1 ?FF
3.7392,rust,0,MM0 FF=16
3.7903,rust,0,MM1 FF=16
3.7903,rust,0,"#193,YAW,-0.23,GYRO,-7,45,-10,ACC,2,3,257,ADC,1245,384,6,1,"
3.7903,rust,0,MM1 ?P
3.7903,rust,0,MM0 ?P
3.7903,rust,0,MM1 P=0:0
3.7903,rust,0,MM0 P=0:0
3.7903,rust,0,MM0 !M 0 0
3.7903,rust,0,MM1 !M 0 0
3.7903,rust,0,MM0 +
3.7903,rust,0,MM1 +
3.7903,rust,0,"#194,YAW,-0.23,GYRO,-8,45,-11,ACC,-1,1,253,ADC,1267,387,3,2,"
3.7903,rust,0,MM1 ?S
3.7903,rust,0,MM0 ?S
3.7903,rust,0,MM1 S=0:0
3.7903,rust,0,MM0 S=0:0
3.8113,rust,0,"#195,YAW,-0.23,GYRO,-8,44,-9,ACC,2,3,255,ADC,1258,382,6,2,"
3.8113,rust,0,MM1 ?T
3.8113,rust,0,MM0 ?T
3.8113,rust,0,MM1 T=36:33
3.8113,rust,0,MM0 T=35:34
3.8322,rust,0,"#196,YAW,-0.23,GYRO,-10,44,-9,ACC,0,3,256,ADC,1260,384,7,2,"
3.8322,rust,0,MM0 ?V
3.8322,rust,0,MM1 ?V
3.8322,rust,0,MM0 V=120:222:4902
3.8322,rust,0,MM1 V=120:222:4899
3.8533,rust,0,"#197,YAW,-0.23,GYRO,-9,45,-10,ACC,2,1,253,ADC,1264,389,7,2,"
3.8533,rust,0,MM0 ?CR
3.8533,rust,0,MM1 ?CR
3.8533,rust,0,MM0 CR=0:0
3.8533,rust,0,MM1 CR=0:0
3.8872,rust,0,"#198,YAW,-0.23,GYRO,-7,44,-9,ACC,3,2,257,ADC,1223,383,4,2,"
3.8872,rust,0,MM0 ?A
3.8873,rust,0,MM1 ?A
3.8873,rust,0,MM0 A=0:0
3.8873,rust,0,MM1 A=0:0
3.8873,rust,0,MM0 !M 0 0
3.8873,rust,0,MM1 !M 0 0
3.8873,rust,0,MM0 +
3.8873,rust,0,MM1 +
3.8873,rust,0,"#199,YAW,-0.23,GYRO,-7,46,-8,ACC,2,3,256,ADC,1259,386,7,2,"
3.8873,rust,0,MM0 ?AI
3.8873,rust,0,MM1 ?AI
3.8873,rust,0,MM0 AI=0:0:2415:2414:0:0
3.8873,rust,0,MM1 AI=0:0:2311:2316:0:0
3.9081,rust,0,"#200,YAW,-0.23,GYRO,-8,44,-8,ACC,2,1,250,ADC,1258,501,7,2,"
3.9081,rust,0,MM0 ?C
3.9082,rust,0,MM1 ?C
3.9082,rust,0,MM0 C=-339:331
3.9082,rust,0,MM1 C=1237:-1363
3.9291,rust,0,"#201,YAW,-0.23,GYRO,-7,45,-10,ACC,1,1,251,ADC,1261,391,5,1,"
3.9292,rust,0,MM0 ?D
3.9292,rust,0,MM1 ?D
3.9292,rust,0,MM1 D=17
3.9292,rust,0,MM0 D=2
3.9292,rust,0,"$GPRMC,093145.0,A,5050.51078,N,00419.37367,E,000.64,345.2,021026,000.4,E*52"
3.9508,rust,0,"#202,YAW,-0.23,GYRO,-9,46,-10,ACC,4,1,258,ADC,1243,380,6,1,"
3.9508,rust,0,MM0 ?FF
3.9508,rust,0,MM1 ?FF
3.9508,rust,0,MM0 FF=16
3.9508,rust,0,MM1 FF=16
3.9862,rust,0,"#203,YAW,-0.24,GYRO,-7,44,-9,ACC,3,1,254,ADC,1255,498,4,2,"
3.9862,rust,0,MM0 ?P
3.9862,rust,0,MM1 ?P
3.9862,rust,0,MM0 P=0:0
3.9862,rust,0,MM1 P=0:0
3.9862,rust,0,MM0 !M 0 0
3.9862,rust,0,MM1 !M 0 0
3.9862,rust,0,MM0 +
3.9862,rust,0,MM1 +
3.9862,rust,0,"#204,YAW,-0.24,GYRO,-9,45,-8,ACC,4,2,251,ADC,1277,388,5,2,"
3.9862,rust,0,MM0 ?S
3.9862,rust,0,MM1 ?S
3.9862,rust,0,MM0 S=0:0
3.9862,rust,0,MM1 S=0:0
4.0071,rust,0,"#205,YAW,-0.23,GYRO,-8,45,-9,ACC,4,1,254,ADC,1224,499,4,2,"
4.0071,rust,0,MM0 ?T
4.0071,rust,0,MM1 ?T
4.0071,rust,0,MM0 T=35:34
4.0071,rust,0,MM1 T=36:33
4.0283,rust,0,"#206,YAW,-0.23,GYRO,-9,46,-10,ACC,4,0,260,ADC,1255,383,5,2,"
4.0283,rust,0,MM0 ?V
4.0283,rust,0,MM1 ?V
4.0283,rust,0,MM0 V=120:223:4902
4.0283,rust,0,MM1 V=120:223:4898
4.0490,vrijgeven,0,"#207,YAW,-0.23,GYRO,-8,41,-8,ACC,4,-1,256,ADC,1271,502,8,2,"
4.0490,vrijgeven,0,MM0 ?CR
4.0491,vrijgeven,0,MM1 ?CR
4.0491,vrijgeven,0,MM0 CR=0:0
4.0491,vrijgeven,0,MM1 CR=0:0
4.0834,vrijgeven,0,"#208,YAW,-0.23,GYRO,-8,45,-9,ACC,5,1,251,ADC,1238,384,5,2,"
4.0835,vrijgeven,0,MM0 ?A
4.0835,vrijgeven,0,MM1 ?A
4.0835,vrijgeven,0,MM0 A=0:0
4.0835,vrijgeven,0,MM1 A=0:0
4.0835,vrijgeven,0,MM0 !MG
4.0835,vrijgeven,0,MM1 !MG
4.0835,vrijgeven,0,MM0 +
4.0835,vrijgeven,0,MM1 +
4.0835,vrijgeven,0,"#209,YAW,-0.23,GYRO,-9,46,-10,ACC,1,2,254,ADC,1217,393,5,1,"
4.0835,vrijgeven,0,MM0 ?AI
4.0835,vrijgeven,0,MM1 ?AI
4.0835,vrijgeven,0,MM0 AI=0:0:2400:2426:0:0
4.0835,vrijgeven,0,MM1 AI=0:0:2307:2310:0:0
4.1041,vrijgeven,0,"#210,YAW,-0.23,GYRO,-7,45,-9,ACC,2,1,257,ADC,1273,391,7,1,"
4.1041,vrijgeven,0,MM0 ?C
4.1041,vrijgeven,0,MM1 ?C
4.1041,vrijgeven,0,MM0 C=-339:331
4.1042,vrijgeven,0,MM1 C=1237:-1363
4.1252,vrijgeven,0,"#211,YAW,-0.23,GYRO,-8,45,-11,ACC,1,3,252,ADC,1247,384,5,2,"
4.1252,vrijgeven,0,MM0 ?D
4.1252,vrijgeven,0,MM1 ?D
4.1252,vrijgeven,0,MM1 D=17
4.1252,vrijgeven,0,MM0 D=2
4.1252,vrijgeven,0,"$GPRMC,093145.2,A,5050.51067,N,00419.37374,E,000.66,345.2,021026,000.4,E*5E"
4.1460,vrijgeven,0,"#212,YAW,-0.23,GYRO,-9,45,-10,ACC,4,0,256,ADC,1201,381,4,1,"
4.1460,vrijgeven,0,MM0 ?FF
4.1460,vrijgeven,0,MM1 ?FF
4.1460,vrijgeven,0,MM0 FF=0
4.1461,vrijgeven,0,MM1 FF=0
4.1801,vrijgeven,0,"#213,YAW,-0.24,GYRO,-9,45,-7,ACC,4,0,255,ADC,1256,400,5,2,"
4.1802,vrijgeven,0,MM0 ?P
4.1802,vrijgeven,0,MM1 ?P
4.1802,vrijgeven,0,MM0 P=0:0
4.1802,vrijgeven,0,MM1 P=0:0
4.1802,vrijgeven,0,MM0 !M 0 0PING
4.1802,vrijgeven,0,MM1 !M 0 0PING
4.1802,vrijgeven,0,MM0 +
4.1802,vrijgeven,0,MM1 +
4.1802,vrijgeven,0,MM0 !M 0 0
4.1802,vrijgeven,0,MM1 !M 0 0
4.1802,vrijgeven,0,MM0 +
4.1802,vrijgeven,0,MM1 +
4.1802,vrijgeven,0,"#214,YAW,-0.24,GYRO,-9,45,-9,ACC,2,2,256,ADC,1243,380,6,2,"
4.1802,vrijgeven,0,MM1 ?S
4.1802,vrijgeven,0,MM0 ?S
4.1802,vrijgeven,0,MM0 S=0:0
4.1802,vrijgeven,0,MM1 S=0:0
4.2011,vrijgeven,0,"#215,YAW,-0.24,GYRO,-7,44,-9,ACC,1,2,258,ADC,1265,502,7,2,"
4.2011,vrijgeven,0,MM0 ?T
4.2011,vrijgeven,0,MM1 ?T
4.2011,vrijgeven,0,MM0 T=35:34
4.2011,vrijgeven,0,MM1 T=36:33
4.2243,vrijgeven,0,"#216,YAW,-0.23,GYRO,-9,44,-9,ACC,0,1,254,ADC,1254,387,4,1,"
4.2243,vrijgeven,0,MM0 ?V
4.2243,vrijgeven,0,MM1 ?V
4.2243,vrijgeven,0,MM0 V=120:223:4903
4.2243,vrijgeven,0,MM1 V=120:225:4899
4.2433,vrijgeven,0,"#217,YAW,-0.23,GYRO,-9,44,-9,ACC,1,1,258,ADC,1252,493,5,2,"
4.2433,vrijgeven,0,MM0 ?CR
4.2433,vrijgeven,0,MM1 ?CR
4.2433,vrijgeven,0,MM0 CR=0:0
4.2433,vrijgeven,0,MM1 CR=0:0
4.2936,vrijgeven,0,"#218,YAW,-0.23,GYRO,-7,45,-9,ACC,4,2,258,ADC,1253,396,8,2,"
4.2936,vrijgeven,0,MM0 ?A
4.2936,vrijgeven,0,MM1 ?A
4.2936,vrijgeven,0,MM0 A=0:0
4.2936,vrijgeven,0,MM1 A=0:0
4.2936,vrijgeven,0,MM0 !M 0 0
4.2936,vrijgeven,0,MM1 !M 0 0
4.2936,vrijgeven,0,MM0 +
4.2936,vrijgeven,0,MM1 +
4.2936,vrijgeven,0,"#219,YAW,-0.23,GYRO,-8,43,-9,ACC,0,1,255,ADC,1271,401,4,2,"
4.2937,vrijgeven,0,MM0 ?AI
4.2937,vrijgeven,0,MM1 ?AI
4.2937,vrijgeven,0,MM0 AI=0:0:2421:2414:0:0
4.2937,vrijgeven,0,MM1 AI=0:0:2306:2308:0:0
4.3146,vrijgeven,0,"#220,YAW,-0.23,GYRO,-8,44,-10,ACC,1,1,254,ADC,1280,500,3,1,"
4.3146,vrijgeven,0,MM0 ?C
4.3146,vrijgeven,0,MM1 ?C
4.3146,vrijgeven,0,MM0 C=-339:331
4.3147,vrijgeven,0,MM1 C=1237:-1363
4.3353,vrijgeven,0,"#221,YAW,-0.23,GYRO,-8,45,-8,ACC,4,1,255,ADC,1278,386,5,2,"
4.3353,vrijgeven,0,MM0 ?D
4.3353,vrijgeven,0,MM1 ?D
4.3353,vrijgeven,0,MM1 D=17
4.3353,vrijgeven,0,MM0 D=2
4.3353,vrijgeven,0,"$GPRMC,093145.4,A,5050.51050,N,00419.37385,E,000.69,345.2,021026,000.4,E*5D"
4.3353,vrijgeven,0,"#222,YAW,-0.23,GYRO,-8,44,-9,ACC,5,1,258,ADC,1276,395,5,2,"
4.3562,vrijgeven,0,MM0 ?FF
4.3562,vrijgeven,0,MM1 ?FF
4.3562,vrijgeven,0,MM0 FF=0
4.3562,vrijgeven,0,MM1 FF=0
4.3562,vrijgeven,0,"#223,YAW,-0.24,GYRO,-8,44,-8,ACC,2,1,255,ADC,1246,397,4,1,"
4.3562,vrijgeven,0,MM0 ?P
4.3562,vrijgeven,0,MM1 ?P
4.3908,vrijgeven,0,MM0 P=0:0
4.3908,vrijgeven,0,MM1 P=0:0
4.3908,vrijgeven,0,MM0 !M 0 0
4.3908,vrijgeven,0,MM1 !M 0 0
4.3908,vrijgeven,0,MM0 +
4.3908,vrijgeven,0,MM1 +
4.3908,vrijgeven,0,"#224,YAW,-0.24,GYRO,-9,44,-10,ACC,2,1,259,ADC,1250,407,4,1,"
4.3908,vrijgeven,0,MM0 ?S
4.3908,vrijgeven,0,MM1 ?S
4.3908,vrijgeven,0,MM0 S=0:0
4.3908,vrijgeven,0,MM1 S=0:0
4.4112,vrijgeven,0,"#225,YAW,-0.24,GYRO,-8,45,-9,ACC,2,3,255,ADC,1241,383,5,2,"
4.4112,vrijgeven,0,MM0 ?T
4.4112,vrijgeven,0,MM1 ?T
4.4112,vrijgeven,0,MM0 T=35:34
4.4112,vrijgeven,0,MM1 T=36:33
4.4325,vrijgeven,0,"#226,YAW,-0.24,GYRO,-9,44,-8,ACC,3,1,256,ADC,1216,497,5,2,"
4.4325,vrijgeven,0,MM0 ?V
4.4325,vrijgeven,0,MM1 ?V
4.4325,vrijgeven,0,MM0 V=120:223:4903
4.4325,vrijgeven,0,MM1 V=120:223:4899
4.4532,vrijgeven,0,"#227,YAW,-0.24,GYRO,-8,45,-9,ACC,2,1,256,ADC,1240,389,4,2,"
4.4532,vrijgeven,0,MM0 ?CR
4.4532,vrijgeven,0,MM1 ?CR
4.4532,vrijgeven,0,MM0 CR=0:0
4.4532,vrijgeven,0,MM1 CR=0:0
4.4883,vrijgeven,0,"#228,YAW,-0.24,GYRO,-7,43,-9,ACC,4,3,254,ADC,1264,500,3,1,"
4.4884,vrijgeven,0,MM0 ?A
4.4884,vrijgeven,0,MM1 ?A
4.4884,vrijgeven,0,MM0 A=0:0
4.4884,vrijgeven,0,MM1 A=0:0
4.4884,vrijgeven,0,MM1 !M 0 0
4.4884,vrijgeven,0,MM0 !M 0 0
4.4884,vrijgeven,0,MM1 +
4.4884,vrijgeven,0,MM0 +
4.4884,vrijgeven,0,"#229,YAW,-0.23,GYRO,-8,44,-10,ACC,3,1,254,ADC,1253,498,3,2,"
4.4884,vrijgeven,0,MM0 ?AI
4.4884,vrijgeven,0,MM1 ?AI
4.4884,vrijgeven,0,MM0 AI=0:0:2406:2416:0:0
4.4884,vrijgeven,0,MM1 AI=0:0:2325:2315:0:0
4.5086,vrijgeven,0,"#230,YAW,-0.23,GYRO,-9,43,-9,ACC,7,1,257,ADC,1272,385,5,1,"
4.5086,vrijgeven,0,MM0 ?C
4.5086,vrijgeven,0,MM1 ?C
4.5086,vrijgeven,0,MM0 C=-339:331
4.5086,vrijgeven,0,MM1 C=1237:-1363
4.5314,vrijgeven,0,"#231,YAW,-0.23,GYRO,-10,44,-8,ACC,1,2,255,ADC,1275,385,6,2,"
4.5314,vrijgeven,0,MM0 ?D
4.5314,vrijgeven,0,MM1 ?D
4.5314,vrijgeven,0,"$GPRMC,093145.6,A,5050.51038,N,00419.37394,E,000.71,345.2,021026,000.4,E*58"
4.5314,vrijgeven,0,MM0 D=2
4.5314,vrijgeven,0,MM1 D=17
4.5501,vrijgeven,0,"#232,YAW,-0.23,GYRO,-7,45,-9,ACC,3,1,250,ADC,1268,406,7,2,"
4.5501,vrijgeven,0,MM0 ?FF
4.5501,vrijgeven,0,MM1 ?FF
4.5501,vrijgeven,0,MM0 FF=0
4.5501,vrijgeven,0,MM1 FF=0
4.5842,vrijgeven,0,"#233,YAW,-0.24,GYRO,-9,45,-9,ACC,3,1,253,ADC,1251,379,5,1,"
4.5843,vrijgeven,0,MM0 ?P
4.5843,vrijgeven,0,MM1 ?P
4.5843,vrijgeven,0,MM0 P=0:0
4.5843,vrijgeven,0,MM1 P=0:0
4.5843,vrijgeven,0,MM1 !M 0 0
4.5843,vrijgeven,0,MM0 !M 0 0
4.5843,vrijgeven,0,MM1 +
4.5843,vrijgeven,0,MM0 +
4.5843,vrijgeven,0,"#234,YAW,-0.24,GYRO,-9,44,-9,ACC,2,1,254,ADC,1260,497,5,2,"
4.5843,vrijgeven,0,MM0 ?S
4.5843,vrijgeven,0,MM1 ?S
4.5843,vrijgeven,0,MM0 S=0:0
4.5843,vrijgeven,0,MM1 S=0:0
4.6050,vrijgeven,0,"#235,YAW,-0.24,GYRO,-9,45,-9,ACC,1,1,260,ADC,1264,496,6,2,"
4.6050,vrijgeven,0,MM0 ?T
4.6050,vrijgeven,0,MM1 ?T
4.6052,vrijgeven,0,MM0 T=35:34
4.6052,vrijgeven,0,MM1 T=36:33
4.6268,vrijgeven,0,"#236,YAW,-0.24,GYRO,-8,43,-10,ACC,1,2,257,ADC,1269,392,3,2,"
4.6268,vrijgeven,0,MM0 ?V
4.6268,vrijgeven,0,MM1 ?V
4.6268,vrijgeven,0,MM0 V=120:223:4903
4.6268,vrijgeven,0,MM1 V=120:222:4900
4.6472,vrijgeven,0,"#237,YAW,-0.24,GYRO,-9,45,-8,ACC,4,1,256,ADC,1254,393,4,2,"
4.6472,vrijgeven,0,MM0 ?CR
4.6472,vrijgeven,0,MM1 ?CR
4.6472,vrijgeven,0,MM0 CR=0:0
4.6472,vrijgeven,0,MM1 CR=0:0
4.6991,vrijgeven,0,"#238,YAW,-0.24,GYRO,-9,44,-9,ACC,4,1,259,ADC,1291,392,6,2,"
4.6992,vrijgeven,0,MM0 ?A
4.6992,vrijgeven,0,MM1 ?A
4.6992,vrijgeven,0,MM0 A=0:0
4.6992,vrijgeven,0,MM1 A=0:0
4.6992,vrijgeven,0,MM0 !M 0 0
4.6992,vrijgeven,0,MM1 !M 0 0
4.6992,vrijgeven,0,MM0 +
4.6992,vrijgeven,0,MM1 +
4.6992,vrijgeven,0,"#239,YAW,-0.24,GYRO,-7,45,-8,ACC,-1,2,255,ADC,1263,388,6,2,"
4.6992,vrijgeven,0,MM0 ?AI
4.6992,vrijgeven,0,MM1 ?AI
4.6992,vrijgeven,0,MM0 AI=0:0:2420:2409:0:0
4.6992,vrijgeven,0,MM1 AI=0:0:2317:2314:0:0
4.6992,vrijgeven,0,"#240,YAW,-0.24,GYRO,-9,44,-9,ACC,2,0,253,ADC,1243,382,5,2,"
4.6992,vrijgeven,0,MM0 ?C
4.6992,vrijgeven,0,MM1 ?C
4.7186,vrijgeven,0,MM0 C=-339:331
4.7186,vrijgeven,0,MM1 C=1237:-1363
4.7186,vrijgeven,0,"#241,YAW,-0.23,GYRO,-9,46,-9,ACC,1,1,254,ADC,1231,389,5,2,"
4.7186,vrijgeven,0,MM0 ?D
4.7186,vrijgeven,0,MM1 ?D
4.7391,vrijgeven,0,"$GPRMC,093145.8,A,5050.51029,N,00419.37401,E,000.72,345.2,021026,000.4,E*5E"
4.7392,vrijgeven,0,MM0 D=2
4.7392,vrijgeven,0,MM1 D=25
4.7392,vrijgeven,0,"#242,YAW,-0.23,GYRO,-8,44,-10,ACC,2,-4,252,ADC,1230,390,6,2,"
4.7392,vrijgeven,0,MM0 ?FF
4.7392,vrijgeven,0,MM1 ?FF
4.7392,vrijgeven,0,MM0 FF=0
4.7392,vrijgeven,0,MM1 FF=0
4.7637,vrijgeven,0,"#243,YAW,-0.24,GYRO,-9,42,-11,ACC,1,2,254,ADC,1290,398,4,2,"
4.7637,vrijgeven,0,MM0 ?P
4.7637,vrijgeven,0,MM1 ?P
4.7637,vrijgeven,0,MM0 P=0:0
4.7638,vrijgeven,0,MM1 P=0:0
4.8001,vrijgeven,0,"#244,YAW,-0.24,GYRO,-8,45,-8,ACC,1,3,254,ADC,1263,395,8,2,"
4.8002,vrijgeven,0,MM0 ?S
4.8002,vrijgeven,0,MM1 ?S
4.8002,vrijgeven,0,MM1 S=0:0
4.8002,vrijgeven,0,MM0 S=0:0
4.8002,vrijgeven,0,MM0 !M 0 0
4.8002,vrijgeven,0,MM1 !M 0 0
4.8002,vrijgeven,0,MM0 +
4.8002,vrijgeven,0,MM1 +
4.8002,vrijgeven,0,"#245,YAW,-0.24,GYRO,-9,44,-8,ACC,0,1,256,ADC,1238,400,4,2,"
4.8002,vrijgeven,0,MM0 ?T
4.8002,vrijgeven,0,MM1 ?T
4.8002,vrijgeven,0,MM0 T=35:34
4.8002,vrijgeven,0,MM1 T=36:33
4.8211,vrijgeven,0,"#246,YAW,-0.24,GYRO,-10,43,-9,ACC,3,0,257,ADC,1293,500,5,2,"
4.8211,vrijgeven,0,MM0 ?V
4.8211,vrijgeven,0,MM1 ?V
4.8211,vrijgeven,0,MM0 V=120:223:4902
4.8212,vrijgeven,0,MM1 V=120:223:4898
4.8420,vrijgeven,0,"#247,YAW,-0.24,GYRO,-8,44,-8,ACC,1,3,257,ADC,1256,399,4,2,"
4.8420,vrijgeven,0,MM0 ?CR
4.8420,vrijgeven,0,MM1 ?CR
4.8420,vrijgeven,0,MM0 CR=0:0
4.8420,vrijgeven,0,MM1 CR=0:0
4.8631,vrijgeven,0,"#248,YAW,-0.24,GYRO,-7,43,-9,ACC,2,1,251,ADC,1304,499,5,2,"
4.8631,vrijgeven,0,MM0 ?A
4.8631,vrijgeven,0,MM1 ?A
4.8631,vrijgeven,0,MM0 A=0:0
4.8632,vrijgeven,0,MM1 A=0:0
4.8975,vrijgeven,0,MM1 !M 0 0
4.8975,vrijgeven,0,MM0 !M 0 0
4.8975,vrijgeven,0,MM1 +
4.8975,vrijgeven,0,MM0 +
4.8975,vrijgeven,0,"#249,YAW,-0.24,GYRO,-9,42,-9,ACC,7,2,257,ADC,1234,310,4,2,"
4.8975,vrijgeven,0,MM0 ?AI
4.8975,vrijgeven,0,MM1 ?AI
4.8975,vrijgeven,0,MM0 AI=0:0:2430:2425:0:0
4.8975,vrijgeven,0,MM1 AI=0:0:2321:2323:0:0
4.8975,vrijgeven,0,"#250,YAW,-0.24,GYRO,-8,44,-10,ACC,1,2,261,ADC,1253,394,7,2,"
4.8976,vrijgeven,0,MM0 ?C
4.8976,vrijgeven,0,MM1 ?C
4.9185,vrijgeven,0,MM0 C=-339:331
4.9187,vrijgeven,0,MM1 C=1237:-1363
4.9187,vrijgeven,0,"#251,YAW,-0.24,GYRO,-8,43,-10,ACC,3,1,252,ADC,1294,389,6,2,"
4.9407,vrijgeven,0,"$GPRMC,093146.0,A,5050.51030,N,00419.37404,E,000.73,345.2,021026,000.4,E*59"
4.9407,vrijgeven,0,MM0 ?D
4.9407,vrijgeven,0,MM1 ?D
4.9407,vrijgeven,0,MM1 D=17
4.9407,vrijgeven,0,MM0 D=2
4.9407,vrijgeven,0,"#252,YAW,-0.23,GYRO,-10,44,-8,ACC,2,1,253,ADC,1245,385,4,2,"
4.9407,vrijgeven,0,MM0 ?FF
4.9407,vrijgeven,0,MM1 ?FF
4.9407,vrijgeven,0,MM0 FF=0
4.9407,vrijgeven,0,MM1 FF=0
4.9600,vrijgeven,0,"#253,YAW,-0.24,GYRO,-9,44,-9,ACC,3,1,257,ADC,1275,388,7,2,"
4.9600,vrijgeven,0,MM0 ?P
4.9600,vrijgeven,0,MM1 ?P
4.9600,vrijgeven,0,MM0 P=0:0
4.9600,vrijgeven,0,MM1 P=0:0
4.9943,vrijgeven,0,MM1 !M 0 0
4.9943,vrijgeven,0,MM0 !M 0 0
4.9943,vrijgeven,0,MM1 +
4.9943,vrijgeven,0,MM0 +
4.9943,vrijgeven,0,"#254,YAW,-0.24,GYRO,-7,43,-9,ACC,-3,1,255,ADC,1232,383,6,2,"
4.9944,vrijgeven,0,MM0 ?S
4.9944,vrijgeven,0,MM1 ?S
4.9944,vrijgeven,0,MM0 S=0:0
4.9944,vrijgeven,0,MM1 S=0:0
5.0154,vrijgeven,0,"#255,YAW,-0.24,GYRO,-7,44,-9,ACC,1,3,253,ADC,1260,501,4,1,"
5.0154,vrijgeven,0,MM0 ?T
5.0154,vrijgeven,0,MM1 ?T
5.0154,vrijgeven,0,MM0 T=35:34
5.0154,vrijgeven,0,MM1 T=36:33
5.0154,vrijgeven,0,"#0,YAW,-0.24,GYRO,-8,45,-8,ACC,6,1,255,ADC,1259,388,4,1,"
5.0154,vrijgeven,0,MM0 ?V
5.0364,vrijgeven,0,MM1 ?V
5.0365,vrijgeven,0,MM0 V=120:222:4902
5.0365,vrijgeven,0,MM1 V=120:223:4899
5.0365,vrijgeven,0,"#1,YAW,-0.24,GYRO,-8,45,-9,ACC,3,1,260,ADC,1275,500,5,2,"
5.0365,vrijgeven,0,MM0 ?CR
5.0365,vrijgeven,0,MM1 ?CR
5.0572,heen,0,MM0 CR=0:0
5.0572,heen,0,MM1 CR=0:0
5.0572,heen,0,"#2,YAW,-0.24,GYRO,-8,45,-9,ACC,5,1,252,ADC,1248,500,6,2,"
5.0572,heen,0,MM0 ?A
5.0572,heen,0,MM1 ?A
5.0572,heen,0,MM0 A=0:0
5.0914,heen,0,MM1 A=0:0
5.0914,heen,0,MM1 !M 0 0
5.0914,heen,0,MM0 !M 0 0
5.0914,heen,0,MM1 +
5.0914,heen,0,MM0 +
5.0914,heen,0,"#3,YAW,-0.24,GYRO,-8,45,-10,ACC,3,1,254,ADC,1297,503,6,2,"
5.0914,heen,0,MM0 ?AI
5.0914,heen,0,MM1 ?AI
5.0914,heen,0,MM0 AI=0:0:2410:2416:0:0
5.0914,heen,0,MM1 AI=0:0:2311:2365:0:0
5.1123,heen,0,"#4,YAW,-0.24,GYRO,-8,45,-9,ACC,2,2,255,ADC,1266,393,5,1,"
5.1123,heen,0,MM0 ?C
5.1123,heen,0,MM1 ?C
5.1123,heen,0,MM0 C=-339:331
5.1124,heen,0,MM1 C=1237:-1363
5.1332,heen,0,"#5,YAW,-0.24,GYRO,-8,46,-10,ACC,2,1,253,ADC,1267,392,5,1,"
5.1332,heen,0,MM0 ?D
5.1332,heen,0,MM1 ?D
5.1333,heen,0,"$GPRMC,093146.2,A,5050.51027,N,00419.37406,E,000.73,345.2,021026,000.4,E*5F"
5.1333,heen,0,MM0 D=2
5.1333,heen,0,MM1 D=17
5.1558,heen,30,"#6,YAW,-0.24,GYRO,-8,44,-7,ACC,0,1,254,ADC,1249,383,5,2,"
5.1559,heen,30,MM1 ?FF
5.1559,heen,30,MM0 ?FF
5.1559,heen,30,MM1 FF=0
5.1559,heen,30,MM0 FF=0
5.1902,heen,30,"#7,YAW,-0.24,GYRO,-8,46,-9,ACC,1,3,259,ADC,1274,503,4,2,"
5.1902,heen,30,MM0 ?P
5.1902,heen,30,MM1 ?P
5.1902,heen,30,MM0 P=0:0
5.1902,heen,30,MM1 P=0:0
5.1902,heen,30,MM1 !M 30 -30
5.1902,heen,30,MM0 !M 30 -30
5.1902,heen,30,MM1 +
5.1902,heen,30,MM0 +
5.1902,heen,30,"#8,YAW,-0.24,GYRO,-8,44,-10,ACC,3,1,253,ADC,1268,393,5,2,"
5.1902,heen,30,MM0 ?S
5.1902,heen,30,MM1 ?S
5.1902,heen,30,MM0 S=0:0
5.1902,heen,30,MM1 S=0:0
5.2117,heen,30,"#9,YAW,-0.24,GYRO,-10,24,-14,ACC,14,5,265,ADC,1265,386,5,2,"
5.2117,heen,30,MM0 ?T
5.2117,heen,30,MM1 ?T
5.2117,heen,30,MM0 T=35:34
5.2117,heen,30,MM1 T=36:33
5.2324,heen,30,"#10,YAW,-0.24,GYRO,-4,62,-3,ACC,13,3,260,ADC,1235,384,6,2,"
5.2325,heen,30,MM0 ?V
5.2325,heen,30,MM1 ?V
5.2325,heen,30,MM0 V=120:223:4902
5.2325,heen,30,MM1 V=120:223:4898
5.2532,heen,60,"#11,YAW,-0.24,GYRO,-12,40,0,ACC,12,0,254,ADC,1243,500,4,1,"
5.2532,heen,60,MM0 ?CR
5.2532,heen,60,MM1 ?CR
5.2532,heen,60,MM0 CR=0:-1
5.2532,heen,60,MM1 CR=0:0
5.2742,heen,60,"#12,YAW,-0.24,GYRO,-8,42,-10,ACC,10,-1,248,ADC,1221,400,8,3,"
5.2742,heen,60,MM0 ?A
5.2743,heen,60,MM1 ?A
5.2743,heen,60,MM0 A=0:0
5.2743,heen,60,MM1 A=0:0
5.2743,heen,60,MM0 !M 60 -60
5.2743,heen,60,MM1 !M 60 -60
5.2743,heen,60,MM0 +
5.2743,heen,60,MM1 +
5.2953,heen,60,"#13,YAW,-0.24,GYRO,-11,56,-17,ACC,2,1,258,ADC,1217,308,4,1,"
5.2953,heen,60,MM0 ?AI
5.2953,heen,60,MM1 ?AI
5.2953,heen,60,MM0 AI=0:0:2405:2424:0:0
5.2953,heen,60,MM1 AI=0:0:2313:2318:0:0
5.2953,heen,60,"#14,YAW,-0.24,GYRO,-12,15,-15,ACC,8,2,255,ADC,1262,393,4,2,"
5.3166,heen,60,MM0 ?C
5.3166,heen,60,MM1 ?C
5.3166,heen,60,MM0 C=-338:330
5.3166,heen,60,MM1 C=1238:-1364
5.3166,heen,60,"#15,YAW,-0.24,GYRO,-9,47,-4,ACC,15,-4,260,ADC,1252,502,3,2,"
5.3166,heen,60,MM0 ?D
5.3166,heen,60,MM1 ?D
5.3374,heen,60,"$GPRMC,093146.4,A,5050.51020,N,00419.37409,E,000.73,345.2,021026,000.4,E*51"
5.3374,heen,60,MM0 D=48
5.3374,heen,60,MM1 D=35
5.3375,heen,60,"#16,YAW,-0.24,GYRO,-8,62,8,ACC,14,1,269,ADC,1234,393,5,1,"
5.3375,heen,60,MM1 ?FF
5.3375,heen,60,MM0 ?FF
5.3375,heen,60,MM1 FF=0
5.3582,heen,90,MM0 FF=0
5.3583,heen,90,"#17,YAW,-0.24,GYRO,-11,29,6,ACC,18,-1,252,ADC,1276,387,4,2,"
5.3583,heen,90,MM0 ?P
5.3583,heen,90,MM1 ?P
5.3583,heen,90,MM0 P=60:-60
5.3925,heen,90,MM1 P=60:-60
5.3926,heen,90,MM0 !M 90 -90
5.3926,heen,90,MM1 !M 90 -90
5.3926,heen,90,MM0 +
5.3926,heen,90,MM1 +
5.3926,heen,90,"#18,YAW,-0.24,GYRO,-11,39,-1,ACC,22,1,256,ADC,1266,501,6,2,"
5.3926,heen,90,MM0 ?S
5.3926,heen,90,MM1 ?S
5.3926,heen,90,MM0 S=0:0
5.3926,heen,90,MM1 S=0:0
5.4133,heen,90,"#19,YAW,-0.24,GYRO,-7,34,-6,ACC,20,2,255,ADC,1232,386,5,2,"
5.4133,heen,90,MM0 ?T
5.4133,heen,90,MM1 ?T
5.4134,heen,90,MM0 T=35:34
5.4134,heen,90,MM1 T=36:33
5.4344,heen,90,"#20,YAW,-0.24,GYRO,-2,52,-7,ACC,30,1,260,ADC,1247,380,5,2,"
5.4344,heen,90,MM0 ?V
5.4344,heen,90,MM1 ?V
5.4344,heen,90,MM0 V=120:222:4903
5.4344,heen,90,MM1 V=120:225:4899
5.4573,heen,120,"#21,YAW,-0.24,GYRO,6,40,-5,ACC,7,-1,250,ADC,1265,490,6,2,"
5.4573,heen,120,MM1 ?CR
5.4573,heen,120,MM0 ?CR
5.4574,heen,120,MM1 CR=4:-5
5.4574,heen,120,MM0 CR=4:-4
5.4574,heen,120,"#22,YAW,-0.24,GYRO,5,69,-8,ACC,23,3,261,ADC,1296,496,7,2,"
5.4915,heen,120,MM0 ?A
5.4915,heen,120,MM1 ?A
5.4915,heen,120,MM0 A=5:0
5.4915,heen,120,MM1 A=5:0
5.4915,heen,120,MM1 !M 120 -120
5.4915,heen,120,MM0 !M 120 -120
5.4915,heen,120,MM1 +
5.4915,heen,120,MM0 +
5.4915,heen,120,"#23,YAW,-0.24,GYRO,12,53,-9,ACC,5,4,253,ADC,1270,387,5,2,"
5.4915,heen,120,MM1 ?AI
5.4915,heen,120,MM0 ?AI
5.4915,heen,120,MM1 AI=0:0:2314:2308:0:0
5.4915,heen,120,MM0 AI=0:0:2411:2419:0:0
5.5138,heen,120,"#24,YAW,-0.24,GYRO,23,10,-18,ACC,44,1,264,ADC,1231,381,6,1,"
5.5138,heen,120,MM0 ?C
5.5138,heen,120,MM1 ?C
5.5138,heen,120,MM0 C=-332:323
5.5138,heen,120,MM1 C=1244:-1371
5.5335,heen,120,"#25,YAW,-0.24,GYRO,3,115,-16,ACC,16,5,256,ADC,1285,389,3,1,"
5.5335,heen,120,MM1 ?D
5.5335,heen,120,MM0 ?D
5.5335,heen,120,"$GPRMC,093146.6,A,5050.51007,N,00419.37415,E,000.73,345.2,021026,000.4,E*5B"
5.5335,heen,120,MM0 D=32
5.5335,heen,120,MM1 D=1
5.5547,heen,150,"#26,YAW,-0.24,GYRO,16,89,-24,ACC,25,1,241,ADC,1277,503,4,2,"
5.5547,heen,150,MM1 ?FF
5.5548,heen,150,MM0 ?FF
5.5548,heen,150,MM1 FF=0
5.5548,heen,150,MM0 FF=0
5.5913,heen,150,"#27,YAW,-0.24,GYRO,1,11,-24,ACC,21,1,258,ADC,1244,394,7,2,"
5.5913,heen,150,MM1 ?P
5.5913,heen,150,MM0 ?P
5.5913,heen,150,MM1 P=120:-120
5.5913,heen,150,MM0 P=120:-120
5.5913,heen,150,MM0 !M 150 -150
5.5913,heen,150,MM1 !M 150 -150
5.5913,heen,150,MM0 +
5.5914,heen,150,MM1 +
5.5914,heen,150,"#28,YAW,-0.24,GYRO,20,72,-3,ACC,16,1,250,ADC,1242,389,7,2,"
5.5914,heen,150,MM1 ?S
5.5914,heen,150,MM0 ?S
5.5914,heen,150,MM1 S=75:0
5.5914,heen,150,MM0 S=75:-75
5.6116,heen,150,"#29,YAW,-0.24,GYRO,6,12,3,ACC,41,6,251,ADC,1288,392,5,2,"
5.6116,heen,150,MM1 ?T
5.6116,heen,150,MM0 ?T
5.6116,heen,150,MM1 T=36:33
5.6116,heen,150,MM0 T=35:34
5.6322,heen,150,"#30,YAW,-0.24,GYRO,0,76,3,ACC,29,3,270,ADC,1261,400,5,2,"
5.6323,heen,150,MM1 ?V
5.6323,heen,150,MM0 ?V
5.6323,heen,150,MM1 V=120:222:4898
5.6323,heen,150,MM0 V=120:222:4904
5.6534,heen,150,"#31,YAW,-0.24,GYRO,-6,25,-10,ACC,19,1,235,ADC,1275,500,6,1,"
5.6534,heen,150,MM1 ?CR
5.6534,heen,150,MM0 ?CR
5.6534,heen,150,MM1 CR=14:-14
5.6534,heen,150,MM0 CR=15:-15
5.7011,heen,150,"#32,YAW,-0.24,GYRO,-16,-6,-27,ACC,26,5,261,ADC,1251,390,5,2,"
5.7012,heen,150,MM1 ?A
5.7012,heen,150,MM0 ?A
5.7012,heen,150,MM1 A=10:-4
5.7012,heen,150,MM0 A=10:-9
5.7012,heen,150,"#33,YAW,-0.24,GYRO,6,23,-23,ACC,19,0,272,ADC,1268,501,7,2,"
5.7012,heen,150,MM1 ?AI
5.7012,heen,150,MM0 ?AI
5.7012,heen,150,MM1 AI=0:0:2340:2321:0:0
5.7012,heen,150,MM0 AI=0:0:2395:2426:0:0
5.7012,heen,150,MM1 !M 150 -150
5.7012,heen,150,MM0 !M 150 -150
5.7012,heen,150,MM1 +
5.7012,heen,150,MM0 +
5.7012,heen,150,"#34,YAW,-0.24,GYRO,12,26,-2,ACC,22,1,242,ADC,1237,390,4,2,"
5.7012,heen,150,MM1 ?C
5.7012,heen,150,MM0 ?C
5.7012,heen,150,MM0 C=-313:304
5.7012,heen,150,MM1 C=1263:-1389
5.7227,heen,150,"#35,YAW,-0.24,GYRO,41,7,11,ACC,26,3,234,ADC,1271,395,4,1,"
5.7227,heen,150,MM1 ?D
5.7227,heen,150,MM0 ?D
5.7429,heen,150,"$GPRMC,093146.8,A,5050.50999,N,00419.37416,E,000.72,345.2,021026,000.4,E*58"
5.7430,heen,150,MM0 D=32
5.7430,heen,150,MM1 D=1
5.7430,heen,150,"#36,YAW,-0.24,GYRO,41,21,8,ACC,20,5,261,ADC,1324,499,4,1,"
5.7430,heen,150,MM0 ?FF
5.7430,heen,150,MM1 ?FF
5.7430,heen,150,MM0 FF=0
5.7430,heen,150,MM1 FF=0
5.7641,heen,150,"#37,YAW,-0.24,GYRO,30,145,-9,ACC,25,11,273,ADC,1265,391,5,2,"
5.7641,heen,150,MM1 ?P
5.7641,heen,150,MM0 ?P
5.7641,heen,150,MM1 P=150:-150
5.7641,heen,150,MM0 P=150:-150
5.7996,heen,150,"#38,YAW,-0.24,GYRO,-15,80,-28,ACC,9,24,233,ADC,1236,501,5,1,"
5.7996,heen,150,MM0 !M 150 -150
5.7996,heen,150,MM0 +
5.7996,heen,150,MM1 !M 150 -150
5.7996,heen,150,MM1 +
5.7996,heen,150,MM1 ?S
5.7996,heen,150,MM0 ?S
5.7996,heen,150,MM0 S=75:-75
5.7996,heen,150,MM1 S=150:-150
5.7996,heen,150,"#39,YAW,-0.24,GYRO,-1,36,-33,ACC,-3,11,274,ADC,1222,413,8,2,"
5.7996,heen,150,MM1 ?T
5.7996,heen,150,MM0 ?T
5.7996,heen,150,MM1 T=36:33
5.8190,heen,150,MM0 T=35:34
5.8190,heen,150,"#40,YAW,-0.24,GYRO,-79,81,-31,ACC,12,5,272,ADC,1259,383,5,2,"
5.8190,heen,150,MM1 ?V
5.8190,heen,150,MM0 ?V
5.8190,heen,150,MM1 V=120:223:4900
5.8400,heen,150,MM0 V=120:223:4905
5.8400,heen,150,"#41,YAW,-0.24,GYRO,-68,-6,-18,ACC,10,4,236,ADC,1235,386,5,2,"
5.8400,heen,150,MM1 ?CR
5.8400,heen,150,MM0 ?CR
5.8401,heen,150,MM1 CR=27:-27
5.8401,heen,150,MM0 CR=26:-26
5.8616,heen,150,"#42,YAW,-0.24,GYRO,-49,-5,-13,ACC,17,-3,247,ADC,1217,395,6,2,"
5.8616,heen,150,MM1 ?A
5.8616,heen,150,MM0 ?A
5.8616,heen,150,MM1 A=0:0
5.8617,heen,150,MM0 A=5:0
5.8953,heen,150,MM0 !M 150 -150
5.8953,heen,150,MM1 !M 150 -150
5.8953,heen,150,MM0 +
5.8953,heen,150,MM1 +
5.8953,heen,150,"#43,YAW,-0.24,GYRO,15,17,-1,ACC,19,-13,251,ADC,1273,329,5,1,"
5.8953,heen,150,MM1 ?AI
5.8953,heen,150,MM0 ?AI
5.8953,heen,150,MM1 AI=0:0:2301:2359:0:0
5.8953,heen,150,MM0 AI=0:0:2409:2424:0:0
5.8954,heen,150,"#44,YAW,-0.24,GYRO,8,46,7,ACC,9,-2,266,ADC,1256,384,4,1,"
5.8954,heen,150,MM1 ?C
5.9181,heen,150,MM0 ?C
5.9181,heen,150,MM0 C=-284:276
5.9181,heen,150,MM1 C=1291:-1418
5.9182,heen,150,"#45,YAW,-0.24,GYRO,13,124,-4,ACC,6,10,273,ADC,1228,389,6,2,"
5.9182,heen,150,MM1 ?D
5.9182,heen,150,MM0 ?D
5.9372,heen,150,"$GPRMC,093147.0,A,5050.50993,N,00419.37426,E,000.72,142.4,021026,000.4,E*5B"
5.9372,heen,150,MM0 D=49
5.9372,heen,150,MM1 D=35
5.9372,heen,150,"#46,YAW,-0.24,GYRO,-4,64,-19,ACC,-1,24,264,ADC,1250,382,6,1,"
5.9373,heen,150,MM0 ?FF
5.9373,heen,150,MM1 ?FF
5.9594,heen,150,MM0 FF=0
5.9594,heen,150,MM1 FF=0
5.9594,heen,150,"#47,YAW,-0.21,GYRO,-57,27,-26,ACC,-18,18,270,ADC,1233,503,4,2,"
5.9594,heen,150,MM1 ?P
5.9594,heen,150,MM0 ?P
5.9594,heen,150,MM1 P=150:-150
5.9933,heen,150,MM0 P=150:-150
5.9934,heen,150,MM0 !M 150 -150
5.9934,heen,150,MM1 !M 150 -150
5.9934,heen,150,MM0 +
5.9934,heen,150,MM1 +
5.9934,heen,150,"#48,YAW,-0.21,GYRO,-63,-11,-24,ACC,-3,5,256,ADC,1274,376,7,1,"
5.9934,heen,150,MM0 ?S
5.9934,heen,150,MM1 ?S
5.9934,heen,150,MM0 S=75:-150
5.9934,heen,150,MM1 S=150:-75
6.0142,heen,150,"#49,YAW,-0.21,GYRO,-88,-27,-30,ACC,2,-9,230,ADC,1263,494,5,2,"
6.0142,heen,150,MM0 ?T
6.0142,heen,150,MM1 ?T
6.0142,heen,150,MM0 T=35:34
6.0142,heen,150,MM1 T=36:33
6.0355,heen,150,"#50,YAW,-0.21,GYRO,-22,4,-21,ACC,2,-19,238,ADC,1245,383,4,1,"
6.0355,heen,150,MM0 ?V
6.0355,heen,150,MM1 ?V
6.0355,heen,150,MM0 V=120:223:4904
6.0355,heen,150,MM1 V=120:223:4899
6.0355,heen,150,"#51,YAW,-0.21,GYRO,19,40,-1,ACC,14,-15,254,ADC,1234,383,6,2,"
6.0565,heen,150,MM0 ?CR
6.0565,heen,150,MM1 ?CR
6.0565,heen,150,MM0 CR=32:-31
6.0565,heen,150,MM1 CR=31:-31
6.0565,heen,150,"#52,YAW,-0.21,GYRO,27,113,7,ACC,8,1,257,ADC,1203,381,6,1,"
6.0565,heen,150,MM0 ?A
6.0565,heen,150,MM1 ?A
6.1032,heen,150,MM0 A=0:0
6.1032,heen,150,MM1 A=5:0
6.1032,heen,150,"#53,YAW,-0.21,GYRO,26,164,-6,ACC,4,21,292,ADC,1262,499,8,2,"
6.1033,heen,150,MM0 ?AI
6.1033,heen,150,MM1 ?AI
6.1033,heen,150,MM0 AI=0:0:2411:2422:0:0
6.1033,heen,150,MM1 AI=0:0:2325:2334:0:0
6.1033,heen,150,"#54,YAW,-0.21,GYRO,11,8,-9,ACC,4,14,231,ADC,1233,392,6,1,"
6.1034,heen,150,MM0 ?C
6.1034,heen,150,MM1 ?C
6.1034,heen,150,MM0 C=-252:244
6.1034,heen,150,MM1 C=1323:-1449
6.1241,heen,150,"#55,YAW,-0.21,GYRO,-70,13,-7,ACC,1,8,277,ADC,1255,501,5,2,"
6.1242,heen,150,MM0 ?D
6.1242,heen,150,MM1 ?D
6.1242,heen,150,"$GPRMC,093147.2,A,5050.50982,N,00419.37446,E,000.73,142.1,021026,000.4,E*5B"
6.1451,heen,150,MM0 D=49
6.1451,heen,150,MM1 D=3
6.1451,heen,150,"#56,YAW,-0.21,GYRO,-29,13,-18,ACC,-12,-4,270,ADC,1276,499,5,2,"
6.1452,heen,150,MM0 ?FF
6.1452,heen,150,MM1 ?FF
6.1452,heen,150,MM0 FF=0
6.1452,heen,150,MM1 FF=0
6.1687,heen,150,"#57,YAW,-0.19,GYRO,-5,15,-17,ACC,7,-23,234,ADC,1256,386,4,2,"
6.1687,heen,150,MM0 ?P
6.1687,heen,150,MM1 ?P
6.1687,heen,150,MM0 P=150:-150
6.1687,heen,150,MM1 P=150:-150
6.1687,heen,150,MM1 !M 150 -150
6.1687,heen,150,MM0 !M 150 -150
6.1687,heen,150,MM1 +
6.1687,heen,150,MM0 +
6.2021,heen,150,MM0 PING
6.2022,heen,150,MM1 PING
6.2022,heen,150,"#58,YAW,-0.19,GYRO,37,44,-3,ACC,1,-15,237,ADC,1299,501,5,2,"
6.2022,heen,150,MM0 ?S
6.2022,heen,150,MM1 ?S
6.2022,heen,150,MM1 S=150:-150
6.2022,heen,150,MM0 S=150:-75
6.2022,heen,150,"#59,YAW,-0.19,GYRO,79,63,15,ACC,10,-11,252,ADC,1254,496,7,1,"
6.2022,heen,150,MM0 ?T
6.2022,heen,150,MM1 ?T
6.2022,heen,150,MM0 T=35:34
6.2022,heen,150,MM1 T=36:33
6.2231,heen,150,"#60,YAW,-0.19,GYRO,-12,84,19,ACC,6,24,275,ADC,1235,381,5,2,"
6.2231,heen,150,MM0 ?V
6.2231,heen,150,MM1 ?V
6.2231,heen,150,MM0 V=120:223:4904
6.2231,heen,150,MM1 V=120:222:4898
6.2440,heen,150,"#61,YAW,-0.19,GYRO,3,56,11,ACC,7,23,248,ADC,1262,499,4,2,"
6.2440,heen,150,MM0 ?CR
6.2441,heen,150,MM1 ?CR
6.2441,heen,150,MM0 CR=32:-32
6.2441,heen,150,MM1 CR=32:-32
6.2653,heen,150,"#62,YAW,-0.19,GYRO,-67,25,-6,ACC,0,8,265,ADC,1264,395,5,2,"
6.2653,heen,150,MM0 ?A
6.2653,heen,150,MM1 ?A
6.2653,heen,150,MM0 A=0:0
6.2653,heen,150,MM1 A=0:0
6.2653,heen,150,MM0 !M 150 -150
6.2653,heen,150,MM1 !M 150 -150
6.3006,heen,150,MM0 +
6.3006,heen,150,MM1 +
6.3006,heen,150,MM0 PING
6.3006,heen,150,MM1 PING
6.3006,heen,150,"#63,YAW,-0.19,GYRO,-73,22,-33,ACC,9,2,252,ADC,1251,313,5,2,"
6.3006,heen,150,MM0 ?AI
6.3006,heen,150,MM1 ?AI
6.3006,heen,150,MM0 AI=0:0:2406:2418:0:0
6.3007,heen,150,MM1 AI=0:0:2185:2320:0:0
6.3007,heen,150,MM0 !M 150 -150
6.3007,heen,150,MM1 !M 150 -150
6.3007,heen,150,MM0 +
6.3007,heen,150,MM1 +
6.3007,heen,150,"#64,YAW,-0.19,GYRO,-16,-5,-40,ACC,4,-11,247,ADC,1244,382,5,2,"
6.3007,heen,150,MM0 ?C
6.3007,heen,150,MM1 ?C
6.3007,heen,150,MM0 C=-220:212
6.3211,heen,150,MM1 C=1355:-1481
6.3211,heen,150,"$GPRMC,093147.4,A,5050.50976,N,00419.37448,E,000.74,141.9,021026,000.4,E*54"
6.3211,heen,150,"#65,YAW,-0.19,GYRO,16,4,-22,ACC,8,-18,232,ADC,1257,297,5,1,"
6.3211,heen,150,MM0 ?D
6.3211,heen,150,MM1 ?D
6.3411,heen,150,MM0 D=49
6.3411,heen,150,MM1 D=3
6.3411,heen,150,"#66,YAW,-0.17,GYRO,27,47,-15,ACC,15,2,242,ADC,1256,384,5,2,"
6.3411,heen,150,MM0 ?FF
6.3411,heen,150,MM1 ?FF
6.3411,heen,150,MM0 FF=0
6.3411,heen,150,MM1 FF=0
6.3621,heen,150,"#67,YAW,-0.17,GYRO,-1,112,-20,ACC,10,13,256,ADC,1225,497,5,2,"
6.3621,heen,150,MM0 ?P
6.3621,heen,150,MM1 ?P
6.3621,heen,150,MM0 P=150:-150
6.3621,heen,150,MM1 P=150:-150
6.3963,heen,150,MM0 !M 150 -150
6.3963,heen,150,MM1 !M 150 -150
6.3963,heen,150,MM0 +
6.3963,heen,150,MM1 +
6.3963,heen,150,"#68,YAW,-0.17,GYRO,-12,152,-29,ACC,0,14,297,ADC,1245,351,5,2,"
6.3963,heen,150,MM0 ?S
6.3963,heen,150,MM1 ?S
6.3963,heen,150,MM0 S=75:-75
6.3963,heen,150,MM1 S=150:-150
6.3964,heen,150,"#69,YAW,-0.17,GYRO,-27,35,-28,ACC,0,1,219,ADC,1262,500,7,1,"
6.3964,heen,150,MM0 ?T
6.3964,heen,150,MM1 ?T
6.4172,heen,150,MM0 T=35:34
6.4172,heen,150,MM1 T=36:33
6.4173,heen,150,"#70,YAW,-0.17,GYRO,-66,24,-26,ACC,-11,1,274,ADC,1222,382,7,2,"
6.4173,heen,150,MM0 ?V
6.4173,heen,150,MM1 ?V
6.4403,heen,150,MM0 V=120:223:4903
6.4403,heen,150,MM1 V=120:224:4900
6.4403,heen,150,"#71,YAW,-0.16,GYRO,-37,-2,-21,ACC,0,3,242,ADC,1258,504,3,1,"
6.4403,heen,150,MM0 ?CR
6.4403,heen,150,MM1 ?CR
6.4403,heen,150,MM0 CR=33:-32
6.4590,heen,150,MM1 CR=33:-32
6.4591,heen,150,"#72,YAW,-0.16,GYRO,20,54,-4,ACC,6,-17,245,ADC,1247,501,4,2,"
6.4591,heen,150,MM0 ?A
6.4591,heen,150,MM1 ?A
6.4591,heen,150,MM0 A=0:0
6.4591,heen,150,MM1 A=0:0
6.4934,heen,150,MM0 !M 150 -150
6.4934,heen,150,MM1 !M 150 -150
6.4934,heen,150,MM0 +
6.4934,heen,150,MM1 +
6.4934,heen,150,"#73,YAW,-0.17,GYRO,60,46,15,ACC,7,-15,239,ADC,1310,386,5,1,"
6.4934,heen,150,MM0 ?AI
6.4935,heen,150,MM1 ?AI
6.4935,heen,150,MM0 AI=0:0:2409:2429:0:0
6.4935,heen,150,MM1 AI=0:0:2281:2305:0:0
6.5148,heen,150,"#74,YAW,-0.17,GYRO,28,97,12,ACC,13,14,264,ADC,1224,407,7,2,"
6.5149,heen,150,MM0 ?C
6.5149,heen,150,MM1 ?C
6.5149,heen,150,MM0 C=-187:180
6.5149,heen,150,MM1 C=1388:-1513
6.5149,heen,150,"$GPRMC,093147.6,A,5050.50967,N,00419.37455,E,000.75,141.6,021026,000.4,E*54"
6.5354,heen,150,"#75,YAW,-0.17,GYRO,48,166,-7,ACC,6,16,286,ADC,1258,323,5,1,"
6.5354,heen,150,MM0 ?D
6.5354,heen,150,MM1 ?D
6.5354,heen,150,MM0 D=51
6.5354,heen,150,MM1 D=34
6.5354,heen,150,"#76,YAW,-0.14,GYRO,-5,63,-19,ACC,-3,13,242,ADC,1245,395,4,2,"
6.5563,heen,150,MM0 ?FF
6.5563,heen,150,MM1 ?FF
6.5563,heen,150,MM0 FF=0
6.5563,heen,150,MM1 FF=0
6.5563,heen,150,"#77,YAW,-0.14,GYRO,-43,20,-29,ACC,-1,8,252,ADC,1270,388,4,1,"
6.5564,heen,150,MM0 ?P
6.6065,heen,150,MM1 ?P
6.6065,heen,150,MM0 P=150:-150
6.6065,heen,150,MM1 P=150:-150
6.6065,heen,150,"#78,YAW,-0.14,GYRO,-44,-2,-25,ACC,-9,6,248,ADC,1253,499,5,1,"
6.6065,heen,150,MM0 ?S
6.6065,heen,150,MM1 ?S
6.6065,heen,150,MM0 S=75:-75
6.6065,heen,150,MM1 S=150:-75
6.6065,heen,150,"#79,YAW,-0.14,GYRO,36,38,-1,ACC,0,-12,237,ADC,1263,386,5,1,"
6.6065,heen,150,MM0 ?T
6.6065,heen,150,MM1 ?T
6.6065,heen,150,MM1 T=36:33
6.6065,heen,150,MM0 T=35:34
6.6270,heen,150,"#80,YAW,-0.14,GYRO,52,37,17,ACC,14,-16,214,ADC,1255,501,5,1,"
6.6270,heen,150,MM0 ?V
6.6270,heen,150,MM1 ?V
6.6270,heen,150,MM0 V=120:223:4903
6.6270,heen,150,MM1 V=120:224:4898
6.6481,heen,150,"#81,YAW,-0.14,GYRO,33,92,21,ACC,13,9,273,ADC,1261,387,5,2,"
6.6481,heen,150,MM0 ?CR
6.6482,heen,150,MM1 ?CR
6.6482,heen,150,MM0 CR=33:-33
6.6482,heen,150,MM1 CR=33:-32
6.6692,heen,150,"#82,YAW,-0.14,GYRO,1,103,9,ACC,-11,28,296,ADC,1276,501,7,2,"
6.6692,heen,150,MM0 ?A
6.6692,heen,150,MM1 ?A
6.6692,heen,150,MM0 A=0:0
6.6692,heen,150,MM1 A=0:0
6.6692,heen,150,MM0 !M 150 -150
6.6692,heen,150,MM1 !M 150 -150
6.6692,heen,150,MM0 +
6.6692,heen,150,MM1 +
6.6692,heen,150,MM0 PING
6.7032,heen,150,MM1 PING
6.7032,heen,150,"#83,YAW,-0.14,GYRO,-22,-44,10,ACC,-1,21,221,ADC,1232,289,4,2,"
6.7032,heen,150,MM0 ?AI
6.7032,heen,150,MM1 ?AI
6.7032,heen,150,MM0 AI=0:0:2411:2419:0:0
6.7032,heen,150,MM1 AI=0:0:2380:2318:0:0
6.7032,heen,150,"#84,YAW,-0.14,GYRO,-87,-33,0,ACC,5,13,275,ADC,1253,492,5,1,"
6.7032,heen,150,MM0 ?C
6.7032,heen,150,MM1 ?C
6.7032,heen,150,MM0 C=-154:147
6.7033,heen,150,MM1 C=1420:-1546
6.7241,heen,150,"$GPRMC,093147.8,A,5050.50956,N,00419.37459,E,000.76,141.5,021026,000.4,E*54"
6.7241,heen,150,"#85,YAW,-0.14,GYRO,-30,7,-14,ACC,-13,1,279,ADC,1257,314,3,1,"
6.7241,heen,150,MM0 ?D
6.7241,heen,150,MM1 ?D
6.7241,heen,150,MM1 D=48
6.7241,heen,150,MM0 D=2
6.7470,heen,150,"#86,YAW,-0.12,GYRO,-23,9,-5,ACC,5,-12,225,ADC,1291,388,6,1,"
6.7470,heen,150,MM0 ?FF
6.7470,heen,150,MM1 ?FF
6.7470,heen,150,MM0 FF=0
6.7470,heen,150,MM1 FF=0
6.7674,heen,150,"#87,YAW,-0.12,GYRO,45,13,6,ACC,4,-15,232,ADC,1280,389,5,2,"
6.7675,heen,150,MM0 ?P
6.7675,heen,150,MM1 ?P
6.7675,heen,150,MM0 P=150:-150
6.7675,heen,150,MM1 P=150:-150
6.7675,heen,150,MM0 !M 150 -150
6.8012,heen,150,MM1 !M 150 -150
6.8013,heen,150,MM0 +
6.8013,heen,150,MM1 +
6.8013,heen,150,MM1 PING
6.8013,heen,150,MM0 PING
6.8013,heen,150,"#88,YAW,-0.12,GYRO,-20,94,3,ACC,-2,17,290,ADC,1236,336,4,2,"
6.8013,heen,150,MM0 ?S
6.8013,heen,150,MM1 ?S
6.8013,heen,150,MM0 S=75:-75
6.8013,heen,150,MM1 S=75:-150
6.8013,heen,150,MM1 !M 150 -150
6.8013,heen,150,MM0 !M 150 -150
6.8013,heen,150,MM1 +
6.8014,heen,150,MM0 +
6.8014,heen,150,"#89,YAW,-0.12,GYRO,-8,105,2,ACC,-3,27,265,ADC,1279,504,6,2,"
6.8014,heen,150,MM0 ?T
6.8014,heen,150,MM1 ?T
6.8014,heen,150,MM0 T=35:34
6.8014,heen,150,MM1 T=36:33
6.8224,heen,150,"#90,YAW,-0.12,GYRO,-10,45,3,ACC,6,13,225,ADC,1236,501,5,2,"
6.8224,heen,150,MM0 ?V
6.8224,heen,150,MM1 ?V
6.8224,heen,150,MM0 V=120:223:4904
6.8224,heen,150,MM1 V=120:223:4898
6.8430,heen,150,"#91,YAW,-0.12,GYRO,-96,23,-12,ACC,0,2,287,ADC,1271,381,5,1,"
6.8431,heen,150,MM0 ?CR
6.8431,heen,150,MM1 ?CR
6.8431,heen,150,MM0 CR=33:-33
6.8431,heen,150,MM1 CR=32:-33
6.8640,heen,150,"#92,YAW,-0.12,GYRO,-25,9,-27,ACC,1,-15,265,ADC,1224,388,7,2,"
6.8640,heen,150,MM0 ?A
6.8640,heen,150,MM1 ?A
6.8640,heen,150,MM0 A=0:0
6.8640,heen,150,MM1 A=0:0
6.8984,heen,150,"#93,YAW,-0.12,GYRO,-2,15,-12,ACC,4,-22,225,ADC,1263,502,5,1,"
6.8984,heen,150,MM0 !M 150 -150
6.8984,heen,150,MM0 +
6.8984,heen,150,MM1 !M 150 -150
6.8984,heen,150,MM1 +
6.8984,heen,150,MM0 ?AI
6.8985,heen,150,MM1 ?AI
6.8985,heen,150,MM0 AI=0:0:2399:2425:0:0
6.8985,heen,150,MM1 AI=0:0:2337:2356:0:0
6.8985,heen,150,"#94,YAW,-0.12,GYRO,42,34,1,ACC,3,-17,238,ADC,1240,388,7,2,"
6.8985,heen,150,MM0 ?C
6.8985,heen,150,MM1 ?C
6.8985,heen,150,MM0 C=-121:114
6.9194,heen,150,MM1 C=1453:-1579
6.9194,heen,150,"#95,YAW,-0.12,GYRO,57,45,21,ACC,8,6,261,ADC,1301,501,3,1,"
6.9194,heen,150,MM0 ?D
6.9194,heen,150,MM1 ?D
6.9194,heen,150,MM1 D=48
6.9194,heen,150,MM0 D=0
6.9401,heen,150,"$GPRMC,093148.0,A,5050.50947,N,00419.37461,E,000.77,141.4,021026,000.4,E*58"
6.9401,heen,150,"#96,YAW,-0.12,GYRO,4,66,22,ACC,9,24,272,ADC,1249,389,4,2,"
6.9401,heen,150,MM0 ?FF
6.9401,heen,150,MM1 ?FF
6.9401,heen,150,MM0 FF=0
6.9401,heen,150,MM1 FF=0
6.9622,heen,150,"#97,YAW,-0.09,GYRO,-37,53,8,ACC,8,22,248,ADC,1244,498,5,2,"
6.9622,heen,150,MM0 ?P
6.9622,heen,150,MM1 ?P
6.9622,heen,150,MM0 P=150:-150
6.9622,heen,150,MM1 P=150:-150
6.9962,heen,150,MM1 !M 150 -150
6.9963,heen,150,MM0 !M 150 -150
6.9963,heen,150,MM1 +
6.9963,heen,150,MM0 +
6.9963,heen,150,"#98,YAW,-0.09,GYRO,-72,11,-17,ACC,-4,4,251,ADC,1232,374,6,2,"
6.9963,heen,150,MM0 ?S
6.9963,heen,150,MM1 ?S
6.9963,heen,150,MM0 S=150:-75
6.9963,heen,150,MM1 S=75:-150
6.9963,heen,150,"#99,YAW,-0.09,GYRO,-32,18,-41,ACC,0,-16,275,ADC,1239,396,6,2,"
6.9963,heen,150,MM0 ?T
7.0173,heen,150,MM1 ?T
7.0173,heen,150,MM0 T=35:34
7.0173,heen,150,MM1 T=36:33
7.0173,heen,150,"#100,YAW,-0.09,GYRO,12,27,-29,ACC,-2,-23,212,ADC,1270,392,5,2,"
7.0173,heen,150,MM1 ?V
7.0173,heen,150,MM0 ?V
7.0382,heen,150,MM0 V=120:223:4903
7.0382,heen,150,MM1 V=120:225:4899
7.0382,heen,150,"#101,YAW,-0.09,GYRO,36,6,-8,ACC,12,-8,231,ADC,1269,389,6,1,"
7.0382,heen,150,MM0 ?CR
7.0382,heen,150,MM1 ?CR
7.0382,heen,150,MM0 CR=33:-33
7.0589,heen,150,MM1 CR=33:-33
7.0589,heen,150,"#102,YAW,-0.09,GYRO,64,75,10,ACC,12,16,253,ADC,1255,390,3,1,"
7.0589,heen,150,MM0 ?A
7.0589,heen,150,MM1 ?A
7.0589,heen,150,MM0 A=5:0
7.0589,heen,150,MM1 A=5:0
7.1104,heen,150,"#103,YAW,-0.09,GYRO,7,109,18,ACC,5,23,268,ADC,1268,500,4,2,"
7.1104,heen,150,MM0 ?AI
7.1104,heen,150,MM1 ?AI
7.1104,heen,150,MM0 AI=0:0:2421:2429:0:0
7.1104,heen,150,MM1 AI=0:0:2301:2326:0:0
7.1104,heen,150,"#104,YAW,-0.09,GYRO,-7,68,-1,ACC,15,16,250,ADC,1264,390,4,1,"
7.1104,heen,150,MM0 ?C
7.1104,heen,150,MM1 ?C
7.1104,heen,150,MM0 C=-88:81
7.1104,heen,150,MM1 C=1486:-1612
7.1322,heen,150,"#105,YAW,-0.09,GYRO,-43,51,-23,ACC,-3,-9,270,ADC,1281,386,4,2,"
7.1322,heen,150,MM0 ?D
7.1322,heen,150,MM1 ?D
7.1322,heen,150,"$GPRMC,093148.2,A,5050.50939,N,00419.37463,E,000.77,141.4,021026,000.4,E*51"
7.1322,heen,150,MM0 D=33
7.1322,heen,150,MM1 D=17
7.1522,heen,150,"#106,YAW,-0.09,GYRO,-80,1,-58,ACC,-2,4,275,ADC,1237,389,7,2,"
7.1522,heen,150,MM0 ?FF
7.1522,heen,150,MM1 ?FF
7.1522,heen,150,MM0 FF=0
7.1522,heen,150,MM1 FF=0
7.1733,heen,150,"#107,YAW,-0.06,GYRO,-26,2,-54,ACC,2,-3,228,ADC,1273,387,5,1,"
7.1733,heen,150,MM0 ?P
7.1733,heen,150,MM1 ?P
7.1733,heen,150,MM0 P=150:-150
7.1733,heen,150,MM1 P=150:-150
7.1734,heen,150,MM0 !M 150 -150
7.1734,heen,150,MM1 !M 150 -150
7.1734,heen,150,MM0 +
7.1734,heen,150,MM1 +
7.1734,heen,150,MM0 PING
7.1734,heen,150,MM1 PING
7.2084,heen,150,"#108,YAW,-0.06,GYRO,18,32,-11,ACC,0,-11,246,ADC,1279,331,6,2,"
7.2084,heen,150,MM0 ?S
7.2084,heen,150,MM1 ?S
7.2085,heen,150,MM0 S=150:-150
7.2085,heen,150,MM1 S=150:-150
7.2085,heen,150,"#109,YAW,-0.06,GYRO,19,64,16,ACC,3,2,268,ADC,1230,384,4,1,"
7.2085,heen,150,MM0 ?T
7.2085,heen,150,MM1 ?T
7.2085,heen,150,MM0 T=35:34
7.2085,heen,150,MM1 T=36:33
7.2283,heen,150,"#110,YAW,-0.06,GYRO,-6,121,9,ACC,-2,13,288,ADC,1249,389,4,1,"
7.2283,heen,150,MM0 ?V
7.2283,heen,150,MM1 ?V
7.2283,heen,150,MM0 V=120:223:4904
7.2283,heen,150,MM1 V=120:224:4898
7.2490,heen,150,"#111,YAW,-0.06,GYRO,-10,69,-12,ACC,3,4,242,ADC,1222,380,4,2,"
7.2490,heen,150,MM0 ?CR
7.2490,heen,150,MM1 ?CR
7.2490,heen,150,MM0 CR=33:-33
7.2490,heen,150,MM1 CR=34:-33
7.2703,heen,150,"#112,YAW,-0.06,GYRO,-73,55,-36,ACC,-7,4,270,ADC,1266,395,6,2,"
7.2703,heen,150,MM0 ?A
7.2703,heen,150,MM1 ?A
7.2703,heen,150,MM1 A=0:-4
7.2704,heen,150,MM0 A=0:0
7.2704,heen,150,MM0 !M 150 -150
7.2704,heen,150,MM1 !M 150 -150
7.2704,heen,150,MM0 +
7.3062,heen,150,MM1 +
7.3062,heen,150,MM0 PING
7.3062,heen,150,MM1 PING
7.3062,heen,150,"#113,YAW,-0.06,GYRO,-60,-20,-52,ACC,-3,1,271,ADC,1238,328,4,2,"
7.3062,heen,150,MM0 ?AI
7.3062,heen,150,MM1 ?AI
7.3062,heen,150,MM0 AI=0:0:2411:2403:0:0
7.3062,heen,150,MM1 AI=0:0:2337:2314:0:0
7.3062,heen,150,"#114,YAW,-0.06,GYRO,-49,23,-31,ACC,1,-7,241,ADC,1260,386,6,2,"
7.3062,heen,150,MM0 ?C
7.3062,heen,150,MM1 ?C
7.3062,heen,150,MM0 C=-54:48
7.3063,heen,150,MM1 C=1520:-1645
7.3270,heen,150,"#115,YAW,-0.06,GYRO,29,57,8,ACC,18,-21,234,ADC,1244,391,5,1,"
7.3270,heen,150,MM0 ?D
7.3270,heen,150,MM1 ?D
7.3270,heen,150,"$GPRMC,093148.4,A,5050.50928,N,00419.37466,E,000.78,141.4,021026,000.4,E*5D"
7.3271,heen,150,MM0 D=50
7.3271,heen,150,MM1 D=2
7.3482,heen,150,"#116,YAW,-0.06,GYRO,18,60,31,ACC,6,-8,251,ADC,1241,381,7,2,"
7.3482,heen,150,MM0 ?FF
7.3482,heen,150,MM1 ?FF
7.3482,heen,150,MM0 FF=0
7.3483,heen,150,MM1 FF=0
7.3694,heen,150,"#117,YAW,-0.03,GYRO,9,139,10,ACC,10,14,283,ADC,1277,495,6,2,"
7.3694,heen,150,MM0 ?P
7.3694,heen,150,MM1 ?P
7.3694,heen,150,MM0 P=150:-150
7.3694,heen,150,MM1 P=150:-150
7.3694,heen,150,MM0 !M 150 -150
7.4032,heen,150,MM1 !M 150 -150
7.4032,heen,150,MM0 +
7.4032,heen,150,MM1 +
7.4032,heen,150,MM1 PING
7.4032,heen,150,MM0 PING
7.4032,heen,150,"#118,YAW,-0.03,GYRO,2,54,-23,ACC,7,15,261,ADC,1274,366,5,1,"
7.4032,heen,150,MM0 ?S
7.4032,heen,150,MM1 ?S
7.4032,heen,150,MM0 S=150:-150
7.4032,heen,150,MM1 S=150:-150
7.4032,heen,150,MM0 !M 150 -150
7.4032,heen,150,MM1 !M 150 -150
7.4032,heen,150,MM0 +
7.4032,heen,150,MM1 +
7.4032,heen,150,"#119,YAW,-0.03,GYRO,-86,-29,-33,ACC,-2,18,235,ADC,1241,381,4,1,"
7.4032,heen,150,MM0 ?T
7.4032,heen,150,MM1 ?T
7.4032,heen,150,MM0 T=35:34
7.4032,heen,150,MM1 T=36:33
7.4241,heen,150,"#120,YAW,-0.03,GYRO,-56,-35,-41,ACC,-6,4,276,ADC,1214,384,5,2,"
7.4241,heen,150,MM0 ?V
7.4241,heen,150,MM1 ?V
7.4241,heen,150,MM0 V=120:223:4903
7.4241,heen,150,MM1 V=120:223:4897
7.4450,heen,150,"#121,YAW,-0.03,GYRO,-34,29,-12,ACC,-8,-19,264,ADC,1237,380,4,1,"
7.4450,heen,150,MM0 ?CR
7.4450,heen,150,MM1 ?CR
7.4450,heen,150,MM0 CR=34:-33
7.4450,heen,150,MM1 CR=33:-33
7.4651,heen,150,"#122,YAW,-0.03,GYRO,69,65,30,ACC,6,-26,236,ADC,1237,391,6,2,"
7.4651,heen,150,MM0 ?A
7.4651,heen,150,MM1 ?A
7.4651,heen,150,MM0 A=5:0
7.4651,heen,150,MM1 A=0:0
7.4990,heen,150,"#123,YAW,-0.03,GYRO,61,82,45,ACC,13,4,248,ADC,1259,500,5,2,"
7.4991,heen,150,MM0 ?AI
7.4991,heen,150,MM1 ?AI
7.4991,heen,150,MM0 AI=0:0:2429:2291:0:0
7.4991,heen,150,MM1 AI=0:0:2304:2346:0:0
7.4991,heen,150,MM0 !M 150 -150
7.4991,heen,150,MM1 !M 150 -150
7.4991,heen,150,MM1 +
7.4991,heen,150,MM0 +
7.4991,heen,150,"#124,YAW,-0.03,GYRO,34,133,18,ACC,4,22,293,ADC,1254,398,5,2,"
7.4991,heen,150,MM0 ?C
7.4991,heen,150,MM1 ?C
7.4991,heen,150,MM0 C=-21:15
7.4991,heen,150,MM1 C=1553:-1678
7.5202,heen,150,"#125,YAW,-0.03,GYRO,3,10,-9,ACC,0,21,221,ADC,1288,398,5,1,"
7.5413,heen,150,"$GPRMC,093148.6,A,5050.50920,N,00419.37471,E,000.80,141.4,021026,000.4,E*56"
7.5413,heen,150,MM0 ?D
7.5413,heen,150,MM1 ?D
7.5413,heen,150,MM0 D=16
7.5413,heen,150,MM1 D=40
7.5413,heen,150,"#126,YAW,-0.03,GYRO,21,28,-22,ACC,1,1,236,ADC,1274,499,4,3,"
7.5413,heen,150,MM1 ?FF
7.5413,heen,150,MM0 ?FF
7.5413,heen,150,MM1 FF=0
7.5414,heen,150,MM0 FF=0
7.5621,heen,150,"#127,YAW,-0.00,GYRO,-19,6,-40,ACC,-7,-11,312,ADC,1231,500,6,2,"
7.5621,heen,150,MM0 ?P
7.5621,heen,150,MM1 ?P
7.5621,heen,150,MM0 P=150:-150
7.5621,heen,150,MM1 P=150:-150
7.5982,heen,150,"#128,YAW,0.00,GYRO,22,-2,-28,ACC,4,-13,242,ADC,1261,502,5,2,"
7.5982,heen,150,MM0 ?S
7.5982,heen,150,MM1 ?S
7.5982,heen,150,MM0 S=150:-150
7.5982,heen,150,MM1 S=150:-75
7.5982,heen,150,"#129,YAW,0.00,GYRO,14,46,-8,ACC,5,1,209,ADC,1218,380,7,1,"
7.5982,heen,150,MM0 ?T
7.5982,heen,150,MM1 ?T
7.5982,heen,150,MM0 T=35:34
7.6193,heen,150,MM1 T=36:33
7.6193,heen,150,"#130,YAW,0.00,GYRO,63,47,7,ACC,13,6,256,ADC,1238,500,5,2,"
7.6193,heen,150,MM0 ?V
7.6193,heen,150,MM1 ?V
7.6193,heen,150,MM0 V=120:223:4904
7.6400,heen,150,MM1 V=120:223:4899
7.6401,heen,150,"#131,YAW,-0.00,GYRO,-16,160,20,ACC,6,8,283,ADC,1268,384,7,2,"
7.6401,heen,150,MM0 ?CR
7.6401,heen,150,MM1 ?CR
7.6401,heen,150,MM0 CR=32:-33
7.6401,heen,150,MM1 CR=32:-32
7.6611,heen,150,"#132,YAW,-0.00,GYRO,-22,91,0,ACC,9,15,236,ADC,1303,500,6,2,"
7.6611,heen,150,MM0 ?A
7.6611,heen,150,MM1 ?A
7.6611,heen,150,MM1 A=0:-4
7.6611,heen,150,MM0 A=0:0
7.7114,heen,150,"#133,YAW,-0.00,GYRO,-43,34,-5,ACC,-3,9,273,ADC,1205,376,7,1,"
7.7114,heen,150,MM0 !M 150 -150
7.7114,heen,150,MM0 +
7.7114,heen,150,MM0 PING
7.7114,heen,150,MM1 !M 150 -150
7.7114,heen,150,MM1 +
7.7114,heen,150,MM1 PING
7.7114,heen,150,MM0 ?AI
7.7114,heen,150,MM1 ?AI
7.7114,heen,150,MM0 AI=0:0:2409:2444:0:0
7.7114,heen,150,MM1 AI=0:0:2321:2331:0:0
7.7114,heen,150,"#134,YAW,0.00,GYRO,-73,14,-34,ACC,11,3,253,ADC,1206,383,5,2,"
7.7114,heen,150,MM0 ?C
7.7114,heen,150,MM1 ?C
7.7114,heen,150,MM0 C=11:-17
7.7115,heen,150,MM1 C=1585:-1710
7.7324,heen,150,"#135,YAW,0.00,GYRO,-71,-19,-45,ACC,2,-2,240,ADC,1288,504,5,2,"
7.7324,heen,150,MM0 ?D
7.7324,heen,150,MM1 ?D
7.7324,heen,150,"$GPRMC,093148.8,A,5050.50914,N,00419.37472,E,000.81,141.4,021026,000.4,E*5D"
7.7324,heen,150,MM0 D=1
7.7324,heen,150,MM1 D=40
7.7531,heen,150,"#136,YAW,0.00,GYRO,3,41,-32,ACC,2,-18,256,ADC,1211,387,5,2,"
7.7531,heen,150,MM1 ?FF
7.7531,heen,150,MM0 ?FF
7.7531,heen,150,MM1 FF=0
7.7531,heen,150,MM0 FF=0
7.7742,heen,150,"#137,YAW,0.03,GYRO,32,62,-4,ACC,9,-13,240,ADC,1285,500,6,2,"
7.7742,heen,150,MM0 ?P
7.7742,heen,150,MM1 ?P
7.7742,heen,150,MM0 P=150:-150
7.7742,heen,150,MM1 P=150:-150
7.8081,heen,150,"#138,YAW,0.03,GYRO,10,118,17,ACC,7,11,298,ADC,1247,390,5,1,"
7.8081,heen,150,MM0 !M 150 -150
7.8081,heen,150,MM0 +
7.8081,heen,150,MM1 !M 150 -150
7.8081,heen,150,MM1 +
7.8081,heen,150,MM0 PING
7.8081,heen,150,MM1 PING
7.8081,heen,150,MM1 ?S
7.8081,heen,150,MM0 ?S
7.8081,heen,150,MM0 S=150:-150
7.8081,heen,150,MM1 S=75:-75
7.8081,heen,150,"#139,YAW,0.03,GYRO,-22,57,11,ACC,4,27,250,ADC,1300,389,6,2,"
7.8081,heen,150,MM0 ?T
7.8081,heen,150,MM1 ?T
7.8081,heen,150,MM0 T=35:34
7.8081,heen,150,MM1 T=36:33
7.8291,heen,150,"#140,YAW,0.03,GYRO,-55,12,5,ACC,-5,24,255,ADC,1284,389,7,2,"
7.8291,heen,150,MM0 ?V
7.8291,heen,150,MM1 ?V
7.8291,heen,150,MM0 V=120:223:4904
7.8291,heen,150,MM1 V=120:223:4900
7.8506,heen,150,"#141,YAW,0.03,GYRO,-101,-16,-22,ACC,13,1,261,ADC,1243,382,5,2,"
7.8506,heen,150,MM1 ?CR
7.8506,heen,150,MM0 ?CR
7.8506,heen,150,MM1 CR=33:-33
7.8506,heen,150,MM0 CR=34:-33
7.8729,heen,150,"#142,YAW,0.03,GYRO,-47,-10,-35,ACC,1,-11,243,ADC,1281,504,4,2,"
7.8729,heen,150,MM0 ?A
7.8729,heen,150,MM1 ?A
7.8729,heen,150,MM0 A=0:0
7.8729,heen,150,MM1 A=0:0
7.9086,heen,150,"#143,YAW,0.03,GYRO,-10,67,-29,ACC,2,-25,246,ADC,1280,499,4,1,"
7.9086,heen,150,MM1 ?AI
7.9086,heen,150,MM0 ?AI
7.9086,heen,150,MM1 AI=0:0:2334:2324:0:0
7.9086,heen,150,MM0 AI=0:0:2473:2447:0:0
7.9086,heen,150,MM1 !M 150 -150
7.9086,heen,150,MM0 !M 150 -150
7.9086,heen,150,MM1 +
7.9086,heen,150,MM0 +
7.9086,heen,150,MM1 PING
7.9086,heen,150,MM0 PING
7.9086,heen,150,"#144,YAW,0.03,GYRO,38,59,-8,ACC,-3,-17,236,ADC,1202,387,6,2,"
7.9086,heen,150,MM1 ?C
7.9086,heen,150,MM0 ?C
7.9086,heen,150,MM0 C=45:-50
7.9086,heen,150,MM1 C=1618:-1743
7.9285,heen,150,"#145,YAW,0.03,GYRO,10,121,10,ACC,8,16,282,ADC,1296,501,7,2,"
7.9285,heen,150,MM1 ?D
7.9286,heen,150,MM0 ?D
7.9286,heen,150,MM1 D=49
7.9286,heen,150,MM0 D=35
7.9286,heen,150,"$GPRMC,093149.0,A,5050.50908,N,00419.37475,E,000.81,141.4,021026,000.4,E*5E"
7.9490,heen,150,"#146,YAW,0.03,GYRO,7,144,11,ACC,5,26,278,ADC,1258,410,4,1,"
7.9490,heen,150,MM1 ?FF
7.9490,heen,150,MM0 ?FF
7.9490,heen,150,MM1 FF=0
7.9490,heen,150,MM0 FF=0
7.9701,heen,150,"#147,YAW,0.07,GYRO,1,12,8,ACC,-1,10,229,ADC,1292,387,6,2,"
7.9701,heen,150,MM1 ?P
7.9701,heen,150,MM0 ?P
7.9701,heen,150,MM1 P=150:-150
7.9701,heen,150,MM0 P=150:-150
8.0057,heen,150,"#148,YAW,0.07,GYRO,-74,-23,-19,ACC,-3,3,288,ADC,1228,384,3,2,"
8.0057,heen,150,MM0 ?S
8.0057,heen,150,MM0 S=150:-75
8.0057,heen,150,MM1 ?S
8.0057,heen,150,MM1 S=75:-150
8.0057,heen,150,MM1 !M 150 -150
8.0057,heen,150,MM0 !M 150 -150
8.0058,heen,150,MM1 +
8.0058,heen,150,MM0 +
8.0058,heen,150,MM1 PING
8.0058,heen,150,MM0 PING
8.0058,heen,150,"#149,YAW,0.07,GYRO,10,50,-35,ACC,1,-10,268,ADC,1243,385,5,2,"
8.0058,heen,150,MM1 ?T
8.0058,heen,150,MM0 ?T
8.0058,heen,150,MM1 T=36:33
8.0058,heen,150,MM0 T=35:34
8.0250,heen,150,"#150,YAW,0.07,GYRO,0,34,-22,ACC,3,-12,217,ADC,1213,384,4,2,"
8.0251,heen,150,MM1 ?V
8.0251,heen,150,MM0 ?V
8.0251,heen,150,MM1 V=120:223:4899
8.0251,heen,150,MM0 V=120:223:4905
8.0460,heen,150,"#151,YAW,0.07,GYRO,65,69,0,ACC,-1,-8,241,ADC,1260,383,7,2,"
8.0461,heen,150,MM1 ?CR
8.0461,heen,150,MM0 ?CR
8.0461,heen,150,MM1 CR=33:-32
8.0461,heen,150,MM0 CR=33:-32
8.0671,heen,150,"#152,YAW,0.07,GYRO,-2,83,27,ACC,8,6,297,ADC,1301,498,4,3,"
8.0671,heen,150,MM1 ?A
8.0671,heen,150,MM0 ?A
8.0671,heen,150,MM1 A=5:0
8.0671,heen,150,MM0 A=5:0
8.1010,heen,150,"#153,YAW,0.06,GYRO,6,73,35,ACC,4,21,255,ADC,1275,497,4,2,"
8.1011,heen,150,MM1 ?AI
8.1011,heen,150,MM0 ?AI
8.1011,heen,150,MM0 AI=0:0:2444:2423:0:0
8.1011,heen,150,MM1 AI=0:0:2329:2333:0:0
8.1011,heen,150,MM1 !M 150 -150
8.1011,heen,150,MM1 +
8.1011,heen,150,MM0 !M 150 -150
8.1011,heen,150,MM0 +
8.1011,heen,150,MM0 PING
8.1011,heen,150,MM1 PING
8.1011,heen,150,"#154,YAW,0.06,GYRO,-35,41,17,ACC,-2,9,259,ADC,1285,498,7,2,"
8.1011,heen,150,MM1 ?C
8.1011,heen,150,MM0 ?C
8.1011,heen,150,MM0 C=77:-83
8.1011,heen,150,MM1 C=1651:-1775
8.1225,heen,150,"#155,YAW,0.06,GYRO,-57,4,-25,ACC,-4,0,255,ADC,1212,380,6,2,"
8.1225,heen,150,MM1 ?D
8.1225,heen,150,MM0 ?D
8.1225,heen,150,MM1 D=51
8.1225,heen,150,MM0 D=34
8.1430,heen,150,"$GPRMC,093149.2,A,5050.50902,N,00419.37478,E,000.82,141.4,021026,000.4,E*58"
8.1430,heen,150,"#156,YAW,0.07,GYRO,-38,24,-58,ACC,-2,-6,261,ADC,1213,380,7,2,"
8.1430,heen,150,MM1 ?FF
8.1430,heen,150,MM0 ?FF
8.1430,heen,150,MM1 FF=0
8.1430,heen,150,MM0 FF=0
8.1640,heen,150,"#157,YAW,0.10,GYRO,1,13,-56,ACC,3,-12,225,ADC,1263,502,7,2,"
8.1641,heen,150,MM1 ?P
8.1641,heen,150,MM0 ?P
8.1641,heen,150,MM1 P=150:-150
8.1641,heen,150,MM0 P=150:-150
8.2197,heen,150,"#158,YAW,0.10,GYRO,6,31,-39,ACC,15,-10,234,ADC,1240,501,6,2,"
8.2197,heen,150,MM1 ?S
8.2197,heen,150,MM0 ?S
8.2197,heen,150,MM1 S=150:-150
8.2197,heen,150,MM0 S=150:-150
8.2197,heen,150,MM1 !M 150 -15PING
8.2197,heen,150,MM0 !M 150 -15PING
8.2197,heen,150,MM1 +
8.2197,heen,150,MM0 +
8.2197,heen,150,"#159,YAW,0.10,GYRO,9,86,-13,ACC,12,6,281,ADC,1269,391,6,2,"
8.2197,heen,150,MM0 ?T
8.2197,heen,150,MM1 ?T
8.2197,heen,150,MM1 T=36:33
8.2197,heen,150,MM0 T=35:34
8.2197,heen,150,MM1 !M 150 -150
8.2197,heen,150,MM0 !M 150 -150
8.2197,heen,150,MM1 +
8.2197,heen,150,MM0 +
8.2197,heen,150,"#160,YAW,0.10,GYRO,-11,127,0,ACC,5,11,291,ADC,1246,501,5,2,"
8.2198,heen,150,MM1 ?V
8.2198,heen,150,MM0 ?V
8.2199,heen,150,MM1 V=120:224:4899
8.2400,heen,150,MM0 V=120:223:4904
8.2400,heen,150,"#161,YAW,0.10,GYRO,10,60,-1,ACC,4,6,244,ADC,1239,386,7,2,"
8.2400,heen,150,MM1 ?CR
8.2400,heen,150,MM0 ?CR
8.2400,heen,150,MM1 CR=33:-33
8.2400,heen,150,MM0 CR=32:-33
8.2610,heen,150,"#162,YAW,0.10,GYRO,-41,52,-10,ACC,5,5,245,ADC,1262,390,4,3,"
8.2610,heen,150,MM1 ?A
8.2610,heen,150,MM0 ?A
8.2610,heen,150,MM1 A=0:0
8.2610,heen,150,MM0 A=0:0
8.3178,heen,150,"#163,YAW,0.10,GYRO,-22,30,-35,ACC,-5,4,277,ADC,1235,392,5,2,"
8.3178,heen,150,MM1 ?AI
8.3178,heen,150,MM0 ?AI
8.3178,heen,150,MM1 AI=0:0:2331:2342:0:0
8.3178,heen,150,MM0 AI=0:0:2402:2428:0:0
8.3178,heen,150,MM1 !M 150 -150
8.3178,heen,150,MM0 !M 150 -150
8.3178,heen,150,MM1 +
8.3178,heen,150,MM0 +
8.3178,heen,150,"#164,YAW,0.10,GYRO,-26,40,-51,ACC,6,0,251,ADC,1271,311,5,1,"
8.3178,heen,150,MM1 ?C
8.3178,heen,150,MM0 ?C
8.3178,heen,150,MM0 C=110:-115
8.3178,heen,150,MM1 C=1684:-1807
8.3178,heen,150,"#165,YAW,0.10,GYRO,40,58,-31,ACC,15,-18,223,ADC,1236,497,6,2,"
8.3362,heen,150,MM1 ?D
8.3363,heen,150,MM0 ?D
8.3363,heen,150,MM1 D=50
8.3363,heen,150,MM0 D=32
8.3363,heen,150,"$GPRMC,093149.4,A,5050.50896,N,00419.37483,E,000.82,141.5,021026,000.4,E*57"
8.3363,heen,150,"#166,YAW,0.10,GYRO,40,80,-7,ACC,12,-10,234,ADC,1244,416,6,1,"
8.3363,heen,150,MM0 ?FF
8.3581,heen,150,MM1 ?FF
8.3581,heen,150,MM0 FF=0
8.3581,heen,150,MM1 FF=0
8.3581,heen,150,"#167,YAW,0.14,GYRO,51,166,17,ACC,6,5,316,ADC,1246,393,8,2,"
8.3581,heen,150,MM1 ?P
8.3581,heen,150,MM0 ?P
8.3783,heen,150,MM1 P=150:-150
8.3783,heen,150,MM0 P=150:-150
8.3783,heen,150,"#168,YAW,0.14,GYRO,-7,36,13,ACC,5,24,247,ADC,1244,392,4,2,"
8.3783,heen,150,MM1 ?S
8.3783,heen,150,MM0 ?S
8.3783,heen,150,MM1 S=150:-150
8.4122,heen,150,MM0 S=150:-75
8.4122,heen,150,MM0 !M 150 -150
8.4122,heen,150,MM1 !M 150 -150
8.4122,heen,150,MM0 +
8.4122,heen,150,MM1 +
8.4122,heen,150,"#169,YAW,0.14,GYRO,-42,34,-2,ACC,3,17,238,ADC,1226,387,4,2,"
8.4122,heen,150,MM1 ?T
8.4122,heen,150,MM0 ?T
8.4122,heen,150,MM1 T=36:33
8.4123,heen,150,MM0 T=35:34
8.4332,heen,150,"#170,YAW,0.14,GYRO,-34,7,-23,ACC,-2,3,256,ADC,1264,392,5,2,"
8.4332,heen,150,MM1 ?V
8.4332,heen,150,MM0 ?V
8.4332,heen,150,MM1 V=120:223:4900
8.4332,heen,150,MM0 V=120:223:4903
8.4542,heen,150,"#171,YAW,0.14,GYRO,-13,16,-27,ACC,-13,-6,274,ADC,1229,395,5,2,"
8.4542,heen,150,MM1 ?CR
8.4542,heen,150,MM0 ?CR
8.4542,heen,150,MM1 CR=33:-32
8.4542,heen,150,MM0 CR=34:-32
8.4751,heen,150,"#172,YAW,0.14,GYRO,33,66,-13,ACC,8,-23,204,ADC,1261,392,5,2,"
8.4752,heen,150,MM1 ?A
8.4752,heen,150,MM0 ?A
8.4752,heen,150,MM1 A=0:0
8.4752,heen,150,MM0 A=0:0
8.4752,heen,150,"#173,YAW,0.14,GYRO,42,82,1,ACC,17,-8,226,ADC,1282,413,7,2,"
8.5094,heen,150,MM1 ?AI
8.5094,heen,150,MM0 ?AI
8.5094,heen,150,MM1 AI=0:0:2339:2341:0:0
8.5094,heen,150,MM0 AI=0:0:2405:2416:0:0
8.5094,heen,150,"#174,YAW,0.14,GYRO,-4,121,16,ACC,1,26,359,ADC,1203,384,8,2,"
8.5094,heen,150,MM1 ?C
8.5094,heen,150,MM0 ?C
8.5094,heen,150,MM0 C=144:-148
8.5094,heen,150,MM1 C=1717:-1840
8.5302,heen,150,"#175,YAW,0.14,GYRO,-17,-37,24,ACC,-5,19,192,ADC,1266,501,5,2,"
8.5302,heen,150,MM0 ?D
8.5302,heen,150,MM1 ?D
8.5302,heen,150,MM0 D=17
8.5302,heen,150,MM1 D=16
8.5302,heen,150,"$GPRMC,093149.6,A,5050.50893,N,00419.37485,E,000.82,141.5,021026,000.4,E*56"
8.5511,heen,150,"#176,YAW,0.14,GYRO,-65,-11,25,ACC,-4,8,254,ADC,1289,502,5,1,"
8.5511,heen,150,MM0 ?FF
8.5511,heen,150,MM1 ?FF
8.5511,heen,150,MM0 FF=0
8.5511,heen,150,MM1 FF=0
8.5712,heen,150,"#177,YAW,0.17,GYRO,-63,-17,-6,ACC,-4,3,291,ADC,1274,422,7,2,"
8.5713,heen,150,MM0 ?P
8.5713,heen,150,MM1 ?P
8.5713,heen,150,MM0 P=150:-150
8.5713,heen,150,MM1 P=150:-150
8.6050,heen,150,"#178,YAW,0.17,GYRO,-37,-6,-26,ACC,-7,-9,246,ADC,1251,495,4,1,"
8.6051,heen,150,MM0 ?S
8.6051,heen,150,MM1 ?S
8.6051,heen,150,MM0 S=150:-150
8.6051,heen,150,MM1 S=150:-150
8.6051,heen,150,MM0 !M 150 -150
8.6051,heen,150,MM1 !M 150 -150
8.6051,heen,150,MM0 +
8.6051,heen,150,MM1 +
8.6051,heen,150,MM1 PING
8.6051,heen,150,MM0 PING
8.6051,heen,150,MM1 !M 150 -150
8.6051,heen,150,MM0 !M 150 -150
8.6051,heen,150,MM1 +
8.6051,heen,150,MM0 +
8.6051,heen,150,"#179,YAW,0.17,GYRO,16,34,-19,ACC,8,-15,193,ADC,1263,319,4,2,"
8.6051,heen,150,MM0 ?T
8.6051,heen,150,MM1 ?T
8.6051,heen,150,MM0 T=35:34
8.6051,heen,150,MM1 T=36:33
8.6253,heen,150,"#180,YAW,0.17,GYRO,15,73,-11,ACC,5,2,285,ADC,1249,382,6,1,"
8.6253,heen,150,MM0 ?V
8.6254,heen,150,MM1 ?V
8.6254,heen,150,MM0 V=120:221:4905
8.6254,heen,150,MM1 V=120:223:4900
8.6470,heen,150,"#181,YAW,0.17,GYRO,-51,133,4,ACC,-5,23,296,ADC,1286,387,5,2,"
8.6470,heen,150,MM0 ?CR
8.6470,heen,150,MM1 ?CR
8.6470,heen,150,MM0 CR=33:-34
8.6470,heen,150,MM1 CR=33:-34
8.6681,heen,150,"#182,YAW,0.17,GYRO,3,44,9,ACC,9,3,206,ADC,1303,403,6,2,"
8.6682,heen,150,MM0 ?A
8.6682,heen,150,MM1 ?A
8.6682,heen,150,MM0 A=5:0
8.6682,heen,150,MM1 A=0:0
8.7163,heen,150,"#183,YAW,0.17,GYRO,-72,43,11,ACC,-6,2,269,ADC,1255,500,5,1,"
8.7163,heen,150,MM0 ?AI
8.7163,heen,150,MM1 ?AI
8.7163,heen,150,MM0 AI=0:0:2433:2410:0:0
8.7163,heen,150,MM1 AI=0:0:2313:2317:0:0
8.7163,heen,150,MM0 !M 150 -150
8.7163,heen,150,MM1 !M 150 -150
8.7163,heen,150,MM0 +
8.7163,heen,150,MM1 +
8.7163,heen,150,"#184,YAW,0.17,GYRO,-53,0,-15,ACC,-9,-1,283,ADC,1269,401,4,2,"
8.7163,heen,150,MM0 ?C
8.7163,heen,150,MM1 ?C
8.7163,heen,150,MM0 C=177:-182
8.7163,heen,150,MM1 C=1750:-1874
8.7164,heen,150,"#185,YAW,0.17,GYRO,-29,31,-22,ACC,8,-9,230,ADC,1226,499,6,2,"
8.7164,heen,150,MM0 ?D
8.7372,heen,150,MM1 ?D
8.7372,heen,150,"$GPRMC,093149.8,A,5050.50892,N,00419.37488,E,000.82,141.4,021026,000.4,E*55"
8.7372,heen,150,MM0 D=3
8.7372,heen,150,MM1 D=33
8.7372,heen,150,"#186,YAW,0.17,GYRO,31,43,-12,ACC,1,-10,224,ADC,1234,395,3,2,"
8.7372,heen,150,MM0 ?FF
8.7372,heen,150,MM1 ?FF
8.7582,heen,150,MM0 FF=0
8.7582,heen,150,MM1 FF=0
8.7582,heen,150,"#187,YAW,0.21,GYRO,43,71,1,ACC,20,0,249,ADC,1264,501,5,1,"
8.7582,heen,150,MM0 ?P
8.7582,heen,150,MM1 ?P
8.7582,heen,150,MM0 P=150:-150
8.7791,heen,150,MM1 P=150:-150
8.7791,heen,150,"#188,YAW,0.21,GYRO,47,77,18,ACC,5,14,303,ADC,1286,388,5,2,"
8.7791,heen,150,MM0 ?S
8.7791,heen,150,MM1 ?S
8.7791,heen,150,MM1 S=150:-150
8.7791,heen,150,MM0 S=75:-150
8.8133,heen,150,MM1 !M 150 -150
8.8133,heen,150,MM0 !M 150 -150
8.8133,heen,150,MM1 +
8.8133,heen,150,MM0 +
8.8133,heen,150,"#189,YAW,0.21,GYRO,-7,1,25,ACC,-6,18,253,ADC,1238,366,4,1,"
8.8133,heen,150,MM0 ?T
8.8133,heen,150,MM1 ?T
8.8133,heen,150,MM0 T=35:34
8.8133,heen,150,MM1 T=36:33
8.8344,heen,150,"#190,YAW,0.21,GYRO,-66,-16,3,ACC,0,22,230,ADC,1237,393,6,1,"
8.8344,heen,150,MM0 ?V
8.8344,heen,150,MM1 ?V
8.8344,heen,150,MM0 V=120:228:4904
8.8344,heen,150,MM1 V=120:224:4899
8.8551,heen,150,"#191,YAW,0.21,GYRO,-38,34,-37,ACC,-8,1,293,ADC,1266,386,7,2,"
8.8551,heen,150,MM0 ?CR
8.8551,heen,150,MM1 ?CR
8.8551,heen,150,MM0 CR=33:-33
8.8551,heen,150,MM1 CR=33:-33
8.8551,heen,150,"#192,YAW,0.21,GYRO,-21,43,-35,ACC,-5,-16,235,ADC,1274,497,4,2,"
8.8759,heen,150,MM0 ?A
8.8759,heen,150,MM1 ?A
8.8759,heen,150,MM0 A=0:0
8.8759,heen,150,MM1 A=0:0
8.8759,heen,150,"#193,YAW,0.21,GYRO,32,38,-22,ACC,8,-20,221,ADC,1238,497,6,2,"
8.9102,heen,150,MM0 ?AI
8.9102,heen,150,MM1 ?AI
8.9102,heen,150,MM0 AI=0:0:2401:2417:0:0
8.9102,heen,150,MM1 AI=0:0:2277:2310:0:0
8.9102,heen,150,"#194,YAW,0.21,GYRO,35,99,-6,ACC,19,1,246,ADC,1252,381,5,2,"
8.9102,heen,150,MM0 ?C
8.9102,heen,150,MM1 ?C
8.9102,heen,150,MM0 C=210:-215
8.9103,heen,150,MM1 C=1783:-1907
8.9318,heen,150,"#195,YAW,0.21,GYRO,38,108,19,ACC,0,19,307,ADC,1306,499,4,1,"
8.9318,heen,150,MM0 ?D
8.9319,heen,150,MM1 ?D
8.9319,heen,150,MM0 D=32
8.9319,heen,150,MM1 D=51
8.9319,heen,150,"$GPRMC,093150.0,A,5050.50887,N,00419.37503,E,000.82,141.3,021026,000.4,E*54"
8.9523,heen,150,"#196,YAW,0.21,GYRO,6,29,8,ACC,0,20,233,ADC,1231,391,4,2,"
8.9523,heen,150,MM0 ?FF
8.9523,heen,150,MM1 ?FF
8.9523,heen,150,MM0 FF=0
8.9523,heen,150,MM1 FF=0
8.9736,heen,150,"#197,YAW,0.25,GYRO,-21,44,-16,ACC,1,7,234,ADC,1258,499,4,2,"
8.9736,heen,150,MM0 ?P
8.9736,heen,150,MM1 ?P
8.9736,heen,150,MM0 P=150:-150
8.9738,heen,150,MM1 P=150:-150
9.0241,heen,150,"#198,YAW,0.25,GYRO,-65,15,-55,ACC,-1,6,306,ADC,1298,501,4,2,"
9.0241,heen,150,MM0 ?S
9.0241,heen,150,MM1 ?S
9.0241,heen,150,MM1 S=150:-150
9.0241,heen,150,MM0 S=150:-75
9.0241,heen,150,MM0 !M 150 -150
9.0241,heen,150,MM1 !M 150 -150
9.0241,heen,150,MM0 +
9.0241,heen,150,MM1 +
9.0241,heen,150,MM0 PING
9.0241,heen,150,MM1 PING
9.0241,heen,150,"#199,YAW,0.25,GYRO,-34,8,-51,ACC,-4,-7,237,ADC,1255,389,5,2,"
9.0241,heen,150,MM0 ?T
9.0241,heen,150,MM1 ?T
9.0241,heen,150,MM0 T=35:34
9.0241,heen,150,MM1 T=36:33
9.0241,heen,150,"#200,YAW,0.25,GYRO,5,38,-21,ACC,8,-13,220,ADC,1221,385,6,1,"
9.0241,heen,150,MM0 ?V
9.0241,heen,150,MM1 ?V
9.0241,heen,150,MM0 V=120:225:4905
9.0242,heen,150,MM1 V=120:222:4899
9.0451,heen,150,"#201,YAW,0.25,GYRO,31,83,9,ACC,15,-7,252,ADC,1255,389,7,2,"
9.0452,heen,150,MM0 ?CR
9.0452,heen,150,MM1 ?CR
9.0452,heen,150,MM0 CR=34:-33
9.0452,heen,150,MM1 CR=34:-33
9.0660,heen,150,"#202,YAW,0.25,GYRO,28,97,25,ACC,-6,13,319,ADC,1219,383,5,2,"
9.0660,heen,150,MM0 ?A
9.0660,heen,150,MM1 ?A
9.0661,heen,150,MM0 A=0:0
9.0661,heen,150,MM1 A=0:0
9.0885,heen,150,"#203,YAW,0.25,GYRO,-10,41,3,ACC,6,8,214,ADC,1243,383,4,2,"
9.0885,heen,150,MM0 ?AI
9.0885,heen,150,MM1 ?AI
9.0885,heen,150,MM0 AI=0:0:2429:2403:0:0
9.0885,heen,150,MM1 AI=0:0:2331:2317:0:0
9.0885,heen,150,MM0 !M 150 -150
9.0885,heen,150,MM1 !M 150 -150
9.0885,heen,150,MM0 +
9.0885,heen,150,MM1 +
9.1089,heen,150,MM1 PING
9.1089,heen,150,MM0 PING
9.1089,heen,150,"#204,YAW,0.25,GYRO,-74,68,-36,ACC,-3,20,275,ADC,1239,310,7,2,"
9.1089,heen,150,MM0 ?C
9.1089,heen,150,MM1 ?C
9.1089,heen,150,MM0 C=244:-248
9.1089,heen,150,MM1 C=1817:-1940
9.1412,heen,150,"#205,YAW,0.25,GYRO,-97,-32,-60,ACC,-13,15,266,ADC,1293,502,6,1,"
9.1413,heen,150,MM0 ?D
9.1413,heen,150,MM1 ?D
9.1413,heen,150,"$GPRMC,093150.2,A,5050.50884,N,00419.37508,E,000.81,141.2,021026,000.4,E*5C"
9.1413,heen,150,MM0 D=19
9.1413,heen,150,MM1 D=17
9.1413,heen,150,"#206,YAW,0.26,GYRO,-124,-68,-54,ACC,-8,5,282,ADC,1221,385,5,2,"
9.1413,heen,150,MM0 ?FF
9.1413,heen,150,MM1 ?FF
9.1413,heen,150,MM0 FF=0
9.1413,heen,150,MM1 FF=0
9.1620,heen,150,"#207,YAW,0.30,GYRO,-12,-84,6,ACC,-9,-16,259,ADC,1223,386,4,2,"
9.1620,heen,150,MM0 ?P
9.1620,heen,150,MM1 ?P
9.1620,heen,150,MM0 P=150:-150
9.1620,heen,150,MM1 P=150:-150
9.1831,heen,150,"#208,YAW,0.29,GYRO,5,-155,69,ACC,-3,-23,226,ADC,1208,382,6,2,"
9.1831,heen,150,MM0 ?S
9.1832,heen,150,MM1 ?S
9.1832,heen,150,MM0 S=150:-150
9.1832,heen,150,MM1 S=150:-75
9.2174,heen,150,MM0 !M 150 -150
9.2174,heen,150,MM1 !M 150 -150
9.2174,heen,150,MM0 +
9.2174,heen,150,MM1 +
9.2174,heen,150,MM0 PING
9.2174,heen,150,MM1 PING
9.2174,heen,150,"#209,YAW,0.29,GYRO,58,-107,70,ACC,-5,-7,239,ADC,1246,396,4,1,"
9.2174,heen,150,MM0 ?T
9.2174,heen,150,MM1 ?T
9.2174,heen,150,MM0 T=35:34
9.2174,heen,150,MM1 T=36:33
9.2174,heen,150,"#210,YAW,0.29,GYRO,17,10,13,ACC,16,22,251,ADC,1242,382,7,2,"
9.2174,heen,150,MM0 ?V
9.2174,heen,150,MM1 ?V
9.2386,heen,150,MM0 V=120:228:4906
9.2387,heen,150,MM1 V=120:223:4900
9.2387,heen,150,"#211,YAW,0.29,GYRO,-11,-1,-39,ACC,3,22,274,ADC,1258,502,5,2,"
9.2387,heen,150,MM0 ?CR
9.2387,heen,150,MM1 ?CR
9.2387,heen,150,MM0 CR=33:-34
9.2590,heen,150,MM1 CR=33:-33
9.2590,heen,150,"#212,YAW,0.29,GYRO,-65,-64,-74,ACC,2,11,230,ADC,1221,496,4,1,"
9.2590,heen,150,MM0 ?A
9.2590,heen,150,MM1 ?A
9.2590,heen,150,MM0 A=5:0
9.2590,heen,150,MM1 A=0:0
9.2798,heen,150,"#213,YAW,0.30,GYRO,-30,-10,-60,ACC,5,-16,265,ADC,1253,388,5,1,"
9.2798,heen,150,MM0 ?AI
9.2798,heen,150,MM1 ?AI
9.2798,heen,150,MM0 AI=0:0:2425:2402:0:0
9.3142,heen,150,MM1 AI=0:0:2358:2347:0:0
9.3142,heen,150,MM1 !M 150 -150
9.3142,heen,150,MM0 !M 150 -150
9.3142,heen,150,MM1 +
9.3142,heen,150,MM0 +
9.3142,heen,150,MM0 PING
9.3142,heen,150,MM1 PING
9.3142,heen,150,MM0 !M 150 -150
9.3142,heen,150,MM1 !M 150 -150
9.3142,heen,150,MM0 +
9.3142,heen,150,MM1 +
9.3142,heen,150,"#214,YAW,0.30,GYRO,7,64,-17,ACC,14,-23,262,ADC,1291,375,4,2,"
9.3142,heen,150,MM0 ?C
9.3142,heen,150,MM1 ?C
9.3142,heen,150,MM0 C=277:-280
9.3143,heen,150,MM1 C=1850:-1972
9.3352,heen,150,"#215,YAW,0.30,GYRO,48,86,25,ACC,10,-3,213,ADC,1234,391,4,2,"
9.3352,heen,150,MM0 ?D
9.3352,heen,150,MM1 ?D
9.3352,heen,150,"$GPRMC,093150.4,A,5050.50876,N,00419.37517,E,000.81,141.1,021026,000.4,E*5A"
9.3352,heen,150,MM0 D=51
9.3352,heen,150,MM1 D=17
9.3352,heen,150,"#216,YAW,0.29,GYRO,96,97,43,ACC,24,12,276,ADC,1222,498,3,1,"
9.3563,heen,150,MM0 ?FF
9.3563,heen,150,MM1 ?FF
9.3563,heen,150,MM0 FF=0
9.3563,heen,150,MM1 FF=0
9.3563,heen,150,"#217,YAW,0.33,GYRO,4,76,32,ACC,14,29,264,ADC,1242,386,6,2,"
9.3563,heen,150,MM0 ?P
9.3563,heen,150,MM1 ?P
9.3772,heen,150,MM0 P=150:-150
9.3772,heen,150,MM1 P=150:-150
9.3772,heen,150,"#218,YAW,0.33,GYRO,24,43,-2,ACC,8,21,239,ADC,1256,499,6,2,"
9.3772,heen,150,MM0 ?S
9.3772,heen,150,MM1 ?S
9.4251,heen,150,MM0 S=150:-150
9.4251,heen,150,MM1 S=75:-150
9.4251,heen,150,"#219,YAW,0.34,GYRO,-20,58,-40,ACC,19,5,213,ADC,1222,393,6,2,"
9.4251,heen,150,MM0 ?T
9.4251,heen,150,MM1 ?T
9.4251,heen,150,MM0 T=35:34
9.4251,heen,150,MM1 T=36:33
9.4251,heen,150,MM1 !M 150 -150
9.4251,heen,150,MM0 !M 150 -150
9.4251,heen,150,MM1 +
9.4251,heen,150,MM0 +
9.4251,heen,150,"#220,YAW,0.34,GYRO,-25,100,-58,ACC,24,-5,257,ADC,1249,385,6,1,"
9.4251,heen,150,MM0 ?V
9.4252,heen,150,MM1 ?V
9.4252,heen,150,MM0 V=120:223:4904
9.4252,heen,150,MM1 V=120:217:4898
9.4460,heen,150,"#221,YAW,0.34,GYRO,35,223,-53,ACC,21,-19,227,ADC,1249,391,6,2,"
9.4460,heen,150,MM0 ?CR
9.4460,heen,150,MM1 ?CR
9.4460,heen,150,MM0 CR=32:-30
9.4460,heen,150,MM1 CR=31:-30
9.4673,heen,150,"#222,YAW,0.34,GYRO,10,294,-34,ACC,22,8,229,ADC,1236,392,8,2,"
9.4673,heen,150,MM0 ?A
9.4673,heen,150,MM1 ?A
9.4673,heen,150,MM0 A=0:0
9.4673,heen,150,MM1 A=5:0
9.4880,heen,150,"#223,YAW,0.34,GYRO,159,373,-8,ACC,35,-20,299,ADC,1243,382,5,1,"
9.4881,heen,150,MM0 ?AI
9.4881,heen,150,MM1 ?AI
9.4881,heen,150,MM0 AI=0:0:2413:2417:0:0
9.4881,heen,150,MM1 AI=0:0:2321:2285:0:0
9.5221,heen,150,"#224,YAW,0.34,GYRO,-107,50,27,ACC,-13,25,395,ADC,1236,381,4,1,"
9.5221,heen,150,MM0 ?C
9.5221,heen,150,MM1 ?C
9.5221,heen,150,MM0 C=309:-312
9.5222,heen,150,MM1 C=1881:-2003
9.5222,heen,150,"#225,YAW,0.34,GYRO,41,-36,42,ACC,18,12,145,ADC,1284,499,7,2,"
9.5222,heen,150,MM0 ?D
9.5222,heen,150,MM1 ?D
9.5222,heen,150,MM0 D=19
9.5222,heen,150,MM1 D=48
9.5430,heen,150,"$GPRMC,093150.6,A,5050.50867,N,00419.37526,E,000.81,141.0,021026,000.4,E*5B"
9.5430,heen,150,"#226,YAW,0.34,GYRO,-126,65,6,ACC,-23,7,308,ADC,1241,389,4,2,"
9.5430,heen,150,MM0 ?FF
9.5431,heen,150,MM1 ?FF
9.5431,heen,150,MM0 FF=0
9.5431,heen,150,MM1 FF=0
9.5639,heen,150,"#227,YAW,0.38,GYRO,-72,-68,-42,ACC,0,-16,259,ADC,1277,384,6,2,"
9.5640,heen,150,MM0 ?P
9.5640,heen,150,MM1 ?P
9.5640,heen,150,MM0 P=150:-150
9.5640,heen,150,MM1 P=150:-150
9.5851,heen,150,"#228,YAW,0.38,GYRO,-26,-19,-69,ACC,-2,-22,243,ADC,1249,499,4,2,"
9.5851,heen,150,MM0 ?S
9.5852,heen,150,MM1 ?S
9.5852,heen,150,MM0 S=150:-150
9.5852,heen,150,MM1 S=150:-150
9.6192,heen,150,MM0 !M 150 -150
9.6192,heen,150,MM1 !M 150 -150
9.6192,heen,150,MM0 +
9.6193,heen,150,MM1 +
9.6193,heen,150,MM0 PING
9.6193,heen,150,MM1 PING
9.6193,heen,150,"#229,YAW,0.38,GYRO,11,193,-56,ACC,-3,-8,191,ADC,1251,375,4,2,"
9.6193,heen,150,MM0 ?T
9.6193,heen,150,MM1 ?T
9.6193,heen,150,MM0 T=35:34
9.6193,heen,150,MM1 T=36:33
9.6193,heen,150,"#230,YAW,0.38,GYRO,65,99,-7,ACC,6,-5,333,ADC,1262,392,4,2,"
9.6193,heen,150,MM0 ?V
9.6193,heen,150,MM1 ?V
9.6193,heen,150,MM0 V=120:223:4904
9.6400,heen,150,MM1 V=120:223:4898
9.6401,heen,150,"#231,YAW,0.38,GYRO,-64,11,27,ACC,-10,36,253,ADC,1251,396,6,2,"
9.6401,heen,150,MM0 ?CR
9.6401,heen,150,MM1 ?CR
9.6401,heen,150,MM0 CR=35:-35
9.6401,heen,150,MM1 CR=34:-34
9.6621,heen,150,"#232,YAW,0.38,GYRO,-19,32,19,ACC,-4,20,219,ADC,1253,500,4,1,"
9.6621,heen,150,MM0 ?A
9.6621,heen,150,MM1 ?A
9.6621,heen,150,MM0 A=0:0
9.6621,heen,150,MM1 A=0:0
9.6816,heen,150,"#233,YAW,0.38,GYRO,-112,-51,-11,ACC,-5,4,275,ADC,1239,496,5,1,"
9.6816,heen,150,MM0 ?AI
9.6818,heen,150,MM1 ?AI
9.6818,heen,150,MM0 AI=0:0:2409:2418:0:0
9.6818,heen,150,MM1 AI=0:0:2319:2314:0:0
9.7159,heen,150,MM0 !M 150 -150
9.7159,heen,150,MM1 !M 150 -150
9.7159,heen,150,MM0 +
9.7159,heen,150,MM1 +
9.7159,heen,150,MM0 PING
9.7159,heen,150,MM1 PING
9.7159,heen,150,MM0 !M 150 -150
9.7159,heen,150,MM0 +
9.7159,heen,150,MM1 !M 150 -150
9.7159,heen,150,MM1 +
9.7159,heen,150,"#234,YAW,0.38,GYRO,-13,24,-40,ACC,-21,-20,261,ADC,1281,351,3,1,"
9.7159,heen,150,MM0 ?C
9.7159,heen,150,MM1 ?C
9.7159,heen,150,MM0 C=344:-347
9.7159,heen,150,MM1 C=1916:-2038
9.7159,heen,150,"#235,YAW,0.38,GYRO,-16,91,-55,ACC,3,-22,213,ADC,1298,397,5,2,"
9.7365,heen,150,MM0 ?D
9.7365,heen,150,MM1 ?D
9.7365,heen,150,"$GPRMC,093150.8,A,5050.50862,N,00419.37529,E,000.81,140.9,021026,000.4,E*57"
9.7365,heen,150,MM0 D=51
9.7365,heen,150,MM1 D=34
9.7365,heen,150,"#236,YAW,0.38,GYRO,37,124,-31,ACC,-6,-10,244,ADC,1269,394,6,2,"
9.7365,heen,150,MM1 ?FF
9.7573,heen,150,MM0 ?FF
9.7574,heen,150,MM1 FF=0
9.7574,heen,150,MM0 FF=0
9.7574,heen,150,"#237,YAW,0.43,GYRO,51,98,14,ACC,-6,15,306,ADC,1220,385,6,2,"
9.7574,heen,150,MM0 ?P
9.7574,heen,150,MM1 ?P
9.7782,heen,150,MM0 P=150:-150
9.7782,heen,150,MM1 P=150:-150
9.7782,heen,150,"#238,YAW,0.43,GYRO,-17,48,36,ACC,6,29,231,ADC,1264,498,6,2,"
9.7782,heen,150,MM0 ?S
9.7782,heen,150,MM1 ?S
9.7782,heen,150,MM0 S=150:-150
9.7992,heen,150,MM1 S=150:-75
9.7992,heen,150,"#239,YAW,0.43,GYRO,-1,47,11,ACC,-6,4,231,ADC,1259,389,4,1,"
9.7992,heen,150,MM0 ?T
9.7992,heen,150,MM1 ?T
9.7992,heen,150,MM0 T=35:34
9.7992,heen,150,MM1 T=36:33
9.8333,heen,150,MM0 !M 150 -150
9.8333,heen,150,MM1 !M 150 -150
9.8333,heen,150,MM0 +
9.8333,heen,150,MM1 +
9.8333,heen,150,"#240,YAW,0.43,GYRO,-48,-39,-32,ACC,-7,-2,297,ADC,1307,353,3,2,"
9.8333,heen,150,MM0 ?V
9.8333,heen,150,MM1 ?V
9.8333,heen,150,MM0 V=120:223:4903
9.8333,heen,150,MM1 V=120:223:4898
9.8541,heen,150,"#241,YAW,0.43,GYRO,27,36,-42,ACC,-4,-13,236,ADC,1258,500,4,2,"
9.8543,heen,150,MM0 ?CR
9.8543,heen,150,MM1 ?CR
9.8543,heen,150,MM0 CR=34:-34
9.8543,heen,150,MM1 CR=35:-34
9.8752,heen,150,"#242,YAW,0.43,GYRO,-24,70,-45,ACC,8,4,201,ADC,1232,391,6,2,"
9.8753,heen,150,MM0 ?A
9.8753,heen,150,MM1 ?A
9.8753,heen,150,MM0 A=0:0
9.8753,heen,150,MM1 A=0:0
9.8753,heen,150,"#243,YAW,0.43,GYRO,58,128,-8,ACC,9,-4,259,ADC,1284,392,4,2,"
9.9275,heen,150,MM0 ?AI
9.9275,heen,150,MM1 ?AI
9.9275,heen,150,MM0 AI=0:0:2400:2420:0:0
9.9275,heen,150,MM1 AI=0:0:2308:2339:0:0
9.9275,heen,150,"#244,YAW,0.43,GYRO,9,58,31,ACC,-8,13,311,ADC,1276,502,5,2,"
9.9275,heen,150,MM0 ?C
9.9275,heen,150,MM1 ?C
9.9275,heen,150,MM0 C=378:-381
9.9276,heen,150,MM1 C=1949:-2071
9.9276,heen,150,"#245,YAW,0.43,GYRO,-13,50,14,ACC,-21,18,246,ADC,1244,385,5,2,"
9.9276,heen,150,MM0 ?D
9.9276,heen,150,MM1 ?D
9.9276,heen,150,MM0 D=18
9.9276,heen,150,MM1 D=49
9.9276,heen,150,"$GPRMC,093151.0,A,5050.50851,N,00419.37534,E,000.82,140.9,021026,000.4,E*51"
9.9482,heen,150,"#246,YAW,0.43,GYRO,-155,180,-77,ACC,-7,20,267,ADC,1220,384,5,2,"
9.9483,heen,150,MM0 ?FF
9.9483,heen,150,MM1 ?FF
9.9483,heen,150,MM0 FF=0
9.9483,heen,150,MM1 FF=0
9.9691,heen,150,"#247,YAW,0.48,GYRO,-57,98,-112,ACC,-13,3,259,ADC,1260,501,5,2,"
9.9691,heen,150,MM0 ?P
9.9691,heen,150,MM1 ?P
9.9691,heen,150,MM0 P=150:-150
9.9691,heen,150,MM1 P=150:-150
10.5027,heen,150,"#248,YAW,0.48,GYRO,16,81,-89,ACC,-6,-49,235,ADC,1227,501,5,1,"
10.5027,heen,150,MM0 ?S
10.5027,heen,150,MM1 ?S
10.5027,heen,150,MM1 S=75:-75
10.5027,heen,150,MM0 S=150:-75
10.5027,heen,150,"#249,YAW,0.48,GYRO,21,229,-33,ACC,5,-39,233,ADC,1254,502,4,2,"
10.5028,heen,150,MM0 ?T
10.5028,heen,150,MM1 ?T
10.5028,heen,150,MM0 T=35:34
10.5028,heen,150,MM1 T=36:33
10.5028,heen,150,MM1 !M 150 -150
10.5028,heen,150,MM0 !M 150 -150
10.5028,heen,150,MM1 +
10.5028,heen,150,MM0 +
10.5028,heen,150,MM1 PING
10.5028,heen,150,MM0 PING
10.5028,heen,150,"#250,YAW,0.48,GYRO,38,207,27,ACC,13,-1,233,ADC,1259,292,5,2,"
10.5028,heen,150,MM0 ?V
10.5028,heen,150,MM1 ?V
10.5028,heen,150,MM0 V=120:223:4905
10.5028,heen,150,MM1 V=120:223:4899
10.5028,heen,150,MM1 !M 150 -150
10.5028,heen,150,MM0 !M 150 -150
10.5028,heen,150,MM1 +
10.5028,heen,150,MM0 +
10.5028,heen,150,"#251,YAW,0.48,GYRO,23,137,57,ACC,10,30,247,ADC,1282,501,6,1,"
10.5028,heen,150,MM1 ?CR
10.5028,heen,150,MM0 ?CR
10.5028,heen,150,MM1 CR=31:-31
10.5028,heen,150,MM0 CR=32:-30
10.5028,heen,150,"#252,YAW,0.48,GYRO,5,80,51,ACC,-15,32,284,ADC,1229,383,4,1,"
10.5028,heen,150,MM0 ?A
10.5028,heen,150,MM1 ?A
10.5028,heen,150,MM1 A=5:-4
10.5028,heen,150,MM0 A=5:0
10.5028,heen,150,"#253,YAW,0.48,GYRO,-18,61,11,ACC,14,4,242,ADC,1228,380,5,3,"
10.5028,heen,150,MM0 ?AI
10.5028,heen,150,MM1 ?AI
10.5028,heen,150,MM0 AI=0:0:2343:2403:0:0
10.5029,heen,150,MM1 AI=0:0:2325:2352:0:0
10.5029,heen,150,"#254,YAW,0.48,GYRO,-6,50,-23,ACC,-7,-19,254,ADC,1224,385,6,2,"
10.5029,heen,150,MM0 ?C
10.5029,heen,150,MM1 ?C
10.5029,heen,150,MM0 C=409:-411
10.5029,heen,150,MM1 C=1980:-2102
10.5029,heen,150,"#255,YAW,0.48,GYRO,-58,30,-53,ACC,-8,0,283,ADC,1231,500,5,1,"
10.5029,heen,150,MM0 ?D
10.5029,heen,150,MM1 ?D
10.5029,heen,150,MM0 D=35
10.5029,heen,150,MM1 D=2
10.5029,heen,150,"$GPRMC,093151.2,A,5050.50844,N,00419.37541,E,000.83,141.0,021026,000.4,E*5C"
10.5029,heen,150,"#0,YAW,0.48,GYRO,32,28,-54,ACC,-7,0,250,ADC,1208,380,5,1,"
10.5029,heen,150,MM0 ?FF
10.5029,heen,150,MM1 ?FF
10.5029,heen,150,MM0 FF=0
10.5029,heen,150,MM1 FF=0
10.5029,heen,150,"#1,YAW,0.52,GYRO,-29,85,-39,ACC,15,9,203,ADC,1248,391,4,2,"
10.5029,heen,150,MM0 ?P
10.5029,heen,150,MM1 ?P
10.5029,heen,150,MM0 P=150:-150
10.5029,heen,150,MM1 P=150:-150
10.5029,heen,150,"#2,YAW,0.53,GYRO,30,53,-15,ACC,11,-4,254,ADC,1278,389,6,2,"
10.5029,heen,150,MM1 ?S
10.5029,heen,150,MM0 ?S
10.5029,heen,150,MM1 S=75:-150
10.5029,heen,150,MM0 S=150:-75
10.5029,heen,150,MM0 !M 150 -150
10.5029,heen,150,MM1 !M 150 -150
10.5029,heen,150,MM0 +
10.5029,heen,150,MM1 +
10.5029,heen,150,MM0 PING
10.5030,heen,150,MM1 PING
10.5030,heen,150,"#3,YAW,0.52,GYRO,38,-58,6,ACC,8,-3,260,ADC,1232,323,4,2,"
10.5030,heen,150,MM0 ?T
10.5030,heen,150,MM1 ?T
10.5030,heen,150,MM0 T=35:34
10.5030,heen,150,MM1 T=36:33
10.5030,heen,150,"#4,YAW,0.52,GYRO,-6,-157,33,ACC,7,7,263,ADC,1221,380,5,2,"
10.5030,heen,150,MM0 ?V
10.5030,heen,150,MM1 ?V
10.5030,heen,150,MM1 V=120:223:4899
10.5030,heen,150,MM0 V=120:223:4904
10.5030,heen,150,"#5,YAW,0.52,GYRO,44,-253,53,ACC,22,10,199,ADC,1216,388,6,1,"
10.5030,heen,150,MM1 ?CR
10.5030,heen,150,MM0 ?CR
10.5030,heen,150,MM0 CR=32:-33
10.5030,heen,150,MM1 CR=33:-32
10.5030,heen,150,"#6,YAW,0.52,GYRO,-133,-140,34,ACC,-31,25,414,ADC,1251,382,4,2,"
10.5030,heen,150,MM0 ?A
10.5030,heen,150,MM1 ?A
10.5030,heen,150,MM0 A=0:0
10.5030,heen,150,MM1 A=0:0
10.5030,heen,150,"#7,YAW,0.52,GYRO,101,115,-27,ACC,0,3,215,ADC,1228,497,6,2,"
10.5030,heen,150,MM0 ?AI
10.5030,heen,150,MM1 ?AI
10.5030,heen,150,MM1 AI=0:0:2308:2337:0:0
10.5030,heen,150,MM0 AI=0:0:2374:2421:0:0
10.5030,heen,150,MM1 !M 150 -150
10.5030,heen,150,MM0 !M 150 -150
10.5030,heen,150,MM1 +
10.5030,heen,150,MM0 +
10.5030,heen,150,"#8,YAW,0.52,GYRO,7,153,-67,ACC,5,-2,157,ADC,1269,377,5,1,"
10.5030,heen,150,MM0 PING
10.5030,heen,150,MM1 PING
10.5030,heen,150,MM0 ?C
10.5030,heen,150,MM1 ?C
10.5030,heen,150,MM0 C=443:-444
10.5030,heen,150,MM1 C=2014:-2135
10.5030,heen,150,MM0 !M 150 -150
10.5030,heen,150,MM0 +
10.5031,heen,150,MM1 !M 150 -150
10.5031,heen,150,MM1 +
10.5031,heen,150,"#9,YAW,0.53,GYRO,17,22,-57,ACC,1,9,305,ADC,1288,501,5,2,"
10.5031,heen,150,MM0 ?D
10.5031,heen,150,MM1 ?D
10.5031,heen,150,MM0 D=17
10.5031,heen,150,MM1 D=59
10.5031,heen,150,"$GPRMC,093151.4,A,5050.50840,N,00419.37547,E,000.83,141.0,021026,000.4,E*58"
10.5031,heen,150,"#10,YAW,0.53,GYRO,28,96,-3,ACC,-20,21,331,ADC,1313,501,4,2,"
10.5031,heen,150,MM1 ?FF
10.5031,heen,150,MM0 ?FF
10.5031,heen,150,MM1 FF=0
10.5031,heen,150,MM0 FF=0
10.5031,heen,150,"#11,YAW,0.57,GYRO,-17,-82,42,ACC,5,28,193,ADC,1282,495,5,2,"
10.5031,heen,150,MM0 ?P
10.5031,heen,150,MM1 ?P
10.5031,heen,150,MM0 P=150:-150
10.5031,heen,150,MM1 P=150:-150
10.5031,heen,150,"#12,YAW,0.57,GYRO,-39,-19,43,ACC,-34,8,217,ADC,1252,394,4,2,"
10.5032,heen,150,MM1 ?S
10.5032,heen,150,MM0 ?S
10.5032,heen,150,MM1 S=150:-150
10.5032,heen,150,MM0 S=150:-150
10.5032,heen,150,"#13,YAW,0.57,GYRO,-96,-95,18,ACC,-2,-5,295,ADC,1232,497,7,1,"
10.5032,heen,150,MM1 ?T
10.5032,heen,150,MM0 ?T
10.5032,heen,150,MM1 T=36:33
10.5032,heen,150,MM0 T=35:34
10.5032,heen,150,MM1 !M 150 -150
10.5032,heen,150,MM0 !M 150 -150
10.5032,heen,150,MM1 +
10.5032,heen,150,MM0 +
10.5032,heen,150,"#14,YAW,0.57,GYRO,2,62,-16,ACC,-6,-22,246,ADC,1266,503,4,2,"
10.5032,heen,150,MM1 ?V
10.5032,heen,150,MM0 ?V
10.5032,heen,150,MM1 V=120:222:4898
10.5032,heen,150,MM0 V=120:223:4904
10.5032,heen,150,"#15,YAW,0.57,GYRO,-47,96,-36,ACC,21,-5,211,ADC,1247,387,6,1,"
10.5032,heen,150,MM1 ?CR
10.5032,heen,150,MM0 ?CR
10.5032,heen,150,MM1 CR=34:-35
10.5032,heen,150,MM0 CR=36:-35
10.5032,heen,150,"#16,YAW,0.57,GYRO,48,67,-24,ACC,-2,1,299,ADC,1267,501,5,2,"
10.5032,heen,150,MM1 ?A
10.5032,heen,150,MM0 ?A
10.5032,heen,150,MM1 A=0:0
10.5032,heen,150,MM0 A=0:0
10.5032,heen,150,"#17,YAW,0.57,GYRO,-49,8,11,ACC,-3,16,262,ADC,1240,385,7,1,"
10.5032,heen,150,MM1 ?AI
10.5032,heen,150,MM0 ?AI
10.5032,heen,150,MM1 AI=0:0:2327:2335:0:0
10.5032,heen,150,MM0 AI=0:0:2425:2405:0:0
10.5064,heen,150,"#18,YAW,0.57,GYRO,18,54,27,ACC,-2,10,227,ADC,1268,500,3,2,"
10.5064,heen,150,MM1 ?C
10.5064,heen,150,MM0 ?C
10.5064,heen,150,MM0 C=478:-479
10.5064,heen,150,MM1 C=2049:-2169
10.5242,heen,150,"#19,YAW,0.57,GYRO,-60,-5,10,ACC,-4,10,276,ADC,1277,497,6,2,"
10.5242,heen,150,MM1 ?D
10.5243,heen,150,MM0 ?D
10.5243,heen,150,"$GPRMC,093151.6,A,5050.50834,N,00419.37559,E,000.84,141.0,021026,000.4,E*51"
10.5243,heen,150,MM0 D=50
10.5449,heen,150,MM1 D=32
10.5449,heen,150,"#20,YAW,0.57,GYRO,-24,26,-27,ACC,-12,1,289,ADC,1257,388,3,2,"
10.5449,heen,150,MM0 ?FF
10.5449,heen,150,MM1 ?FF
10.5449,heen,150,MM0 FF=0
10.5449,heen,150,MM1 FF=0
10.5663,heen,150,"#21,YAW,0.62,GYRO,-15,79,-33,ACC,12,-7,203,ADC,1223,502,5,2,"
10.5663,heen,150,MM1 ?P
10.5663,heen,150,MM0 ?P
10.5663,heen,150,MM1 P=150:-150
10.5663,heen,150,MM0 P=150:-150
10.5868,heen,150,"#22,YAW,0.62,GYRO,5,75,-24,ACC,11,-4,243,ADC,1238,498,5,2,"
10.5868,heen,150,MM1 ?S
10.5868,heen,150,MM0 ?S
10.5868,heen,150,MM0 S=75:-75
10.5868,heen,150,MM1 S=150:-150
10.6216,heen,150,"#23,YAW,0.62,GYRO,42,99,1,ACC,9,-9,307,ADC,1268,502,6,1,"
10.6217,heen,150,MM0 !M 150 -150
10.6217,heen,150,MM0 +
10.6217,heen,150,MM1 !M 150 -150
10.6217,heen,150,MM1 +
10.6217,heen,150,MM1 PING
10.6217,heen,150,MM0 PING
10.6217,heen,150,MM0 ?T
10.6217,heen,150,MM1 ?T
10.6217,heen,150,MM0 T=35:34
10.6217,heen,150,MM1 T=36:33
10.6217,heen,150,MM1 !M 150 -150
10.6217,heen,150,MM0 !M 150 -150
10.6217,heen,150,MM1 +
10.6217,heen,150,MM0 +
10.6217,heen,150,"#24,YAW,0.62,GYRO,45,-36,35,ACC,4,8,240,ADC,1229,293,5,1,"
10.6217,heen,150,MM1 ?V
10.6217,heen,150,MM0 ?V
10.6217,heen,150,MM1 V=120:223:4898
10.6217,heen,150,MM0 V=120:223:4905
10.6419,heen,150,"#25,YAW,0.62,GYRO,-19,-29,39,ACC,-8,15,247,ADC,1238,500,6,2,"
10.6419,heen,150,MM1 ?CR
10.6419,heen,150,MM0 ?CR
10.6419,heen,150,MM1 CR=34:-34
10.6419,heen,150,MM0 CR=33:-33
10.6630,heen,150,"#26,YAW,0.62,GYRO,-30,-14,3,ACC,-10,18,291,ADC,1247,384,6,2,"
10.6630,heen,150,MM1 ?A
10.6631,heen,150,MM0 ?A
10.6631,heen,150,MM1 A=0:0
10.6631,heen,150,MM0 A=0:0
10.6840,heen,150,"#27,YAW,0.62,GYRO,-22,54,-31,ACC,-4,-5,255,ADC,1273,499,5,2,"
10.6840,heen,150,MM1 ?AI
10.6840,heen,150,MM0 ?AI
10.6840,heen,150,MM1 AI=0:0:2330:2310:0:0
10.6840,heen,150,MM0 AI=0:0:2411:2408:0:0
10.7323,heen,150,"#28,YAW,0.62,GYRO,-39,30,-35,ACC,2,-4,216,ADC,1259,391,4,2,"
10.7324,heen,150,MM1 ?C
10.7324,heen,150,MM0 ?C
10.7324,heen,150,MM0 C=511:-512
10.7324,heen,150,MM1 C=2082:-2203
10.7324,heen,150,MM0 !M 150 -150
10.7324,heen,150,MM1 !M 150 -150
10.7324,heen,150,MM0 +
10.7324,heen,150,MM1 +
10.7324,heen,150,"#29,YAW,0.62,GYRO,17,126,-27,ACC,12,-2,246,ADC,1279,392,5,2,"
10.7324,heen,150,MM1 ?D
10.7324,heen,150,MM0 ?D
10.7324,heen,150,MM1 D=49
10.7324,heen,150,MM0 D=17
10.7324,heen,150,"$GPRMC,093151.8,A,5050.50830,N,00419.37566,E,000.84,141.0,021026,000.4,E*57"
10.7536,heen,150,"#30,YAW,0.62,GYRO,10,116,-6,ACC,17,1,270,ADC,1275,501,6,2,"
10.7536,heen,150,MM0 ?FF
10.7537,heen,150,MM1 ?FF
10.7537,heen,150,MM0 FF=0
10.7537,heen,150,MM1 FF=0
10.7738,heen,150,"#31,YAW,0.67,GYRO,42,50,18,ACC,4,-9,273,ADC,1304,387,4,2,"
10.7738,heen,150,MM1 ?P
10.7738,heen,150,MM0 ?P
10.7738,heen,150,MM1 P=150:-150
10.7739,heen,150,MM0 P=150:-150
10.7959,heen,150,"#32,YAW,0.67,GYRO,-12,13,10,ACC,9,8,242,ADC,1263,415,5,2,"
10.7959,heen,150,MM1 ?S
10.7959,heen,150,MM0 ?S
10.7959,heen,150,MM1 S=150:-150
10.7959,heen,150,MM0 S=75:-150
10.8292,heen,150,"#33,YAW,0.67,GYRO,-21,38,-25,ACC,-6,16,280,ADC,1274,496,5,2,"
10.8292,heen,150,MM0 ?T
10.8292,heen,150,MM1 ?T
10.8292,heen,150,MM0 T=35:34
10.8292,heen,150,MM1 T=36:33
10.8292,heen,150,MM0 !M 150 -150
10.8292,heen,150,MM1 !M 150 -150
10.8292,heen,150,MM0 +
10.8292,heen,150,MM1 +
10.8292,heen,150,"#34,YAW,0.67,GYRO,-46,-12,-50,ACC,-7,6,277,ADC,1271,394,7,2,"
10.8292,heen,150,MM0 ?V
10.8292,heen,150,MM1 ?V
10.8292,heen,150,MM0 V=120:223:4904
10.8292,heen,150,MM1 V=120:223:4899
10.8502,heen,150,"#35,YAW,0.67,GYRO,-47,-9,-47,ACC,9,-1,219,ADC,1254,499,6,2,"
10.8502,heen,150,MM0 ?CR
10.8502,heen,150,MM1 ?CR
10.8502,heen,150,MM0 CR=34:-34
10.8502,heen,150,MM1 CR=33:-33
10.8711,heen,150,"#36,YAW,0.67,GYRO,-28,94,-32,ACC,7,-2,237,ADC,1242,380,5,1,"
10.8711,heen,150,MM0 ?A
10.8711,heen,150,MM1 ?A
10.8711,heen,150,MM0 A=0:0
10.8711,heen,150,MM1 A=0:0
10.8923,heen,150,"#37,YAW,0.67,GYRO,47,104,1,ACC,14,-19,300,ADC,1223,381,6,2,"
10.8923,heen,150,MM0 ?AI
10.8923,heen,150,MM1 ?AI
10.8923,heen,150,MM0 AI=0:0:2426:2412:0:0
10.8923,heen,150,MM1 AI=0:0:2316:2302:0:0
10.9262,heen,150,"#38,YAW,0.67,GYRO,-13,26,27,ACC,-5,3,262,ADC,1240,386,5,2,"
10.9262,heen,150,MM0 ?C
10.9262,heen,150,MM1 ?C
10.9262,heen,150,MM0 C=545:-546
10.9262,heen,150,MM1 C=2116:-2236
10.9262,heen,150,"#39,YAW,0.67,GYRO,13,58,-3,ACC,-6,23,248,ADC,1289,499,5,2,"
10.9262,heen,150,MM0 ?D
10.9262,heen,150,MM1 ?D
10.9262,heen,150,MM1 D=18
10.9262,heen,150,MM0 D=3
10.9262,heen,150,"$GPRMC,093152.0,A,5050.50827,N,00419.37570,E,000.84,140.9,021026,000.4,E*55"
10.9469,heen,150,"#40,YAW,0.67,GYRO,-79,28,-28,ACC,-15,26,281,ADC,1295,397,4,2,"
10.9469,heen,150,MM0 ?FF
10.9469,heen,150,MM1 ?FF
10.9469,heen,150,MM0 FF=0
10.9469,heen,150,MM1 FF=0
10.9680,heen,150,"#41,YAW,0.72,GYRO,-63,-18,-43,ACC,-7,9,252,ADC,1284,499,5,1,"
10.9680,heen,150,MM0 ?P
10.9680,heen,150,MM1 ?P
10.9680,heen,150,MM0 P=150:-150
10.9680,heen,150,MM1 P=150:-150
10.9885,heen,150,"#42,YAW,0.72,GYRO,-36,59,-34,ACC,13,-19,228,ADC,1255,388,6,2,"
10.9885,heen,150,MM0 ?S
10.9885,heen,150,MM1 ?S
10.9885,heen,150,MM1 S=75:-75
10.9885,heen,150,MM0 S=150:-75
11.0230,heen,150,"#43,YAW,0.72,GYRO,-16,126,-23,ACC,13,-14,244,ADC,1272,393,4,2,"
11.0230,heen,150,MM0 ?T
11.0230,heen,150,MM1 ?T
11.0230,heen,150,MM0 T=35:34
11.0230,heen,150,MM1 T=36:33
11.0230,heen,150,MM0 !M 150 -150
11.0230,heen,150,MM1 !M 150 -150
11.0230,heen,150,MM0 +
11.0230,heen,150,MM1 +
11.0230,heen,150,MM0 PING
11.0230,heen,150,MM1 PING
11.0230,heen,150,"#44,YAW,0.72,GYRO,73,79,-3,ACC,4,-16,258,ADC,1276,497,3,2,"
11.0230,heen,150,MM0 ?V
11.0230,heen,150,MM1 ?V
11.0230,heen,150,MM0 V=120:223:4905
11.0230,heen,150,MM1 V=120:224:4899
11.0432,heen,150,"#45,YAW,0.72,GYRO,-17,68,15,ACC,8,11,286,ADC,1238,387,5,2,"
11.0432,heen,150,MM0 ?CR
11.0432,heen,150,MM1 ?CR
11.0432,heen,150,MM0 CR=34:-33
11.0432,heen,150,MM1 CR=34:-33
11.0640,heen,150,"#46,YAW,0.72,GYRO,7,57,-3,ACC,-3,34,253,ADC,1222,383,6,1,"
11.0640,heen,150,MM0 ?A
11.0640,heen,150,MM1 ?A
11.0640,heen,150,MM0 A=0:0
11.0640,heen,150,MM1 A=5:0
11.0850,heen,150,"#47,YAW,0.72,GYRO,-79,-32,-15,ACC,-10,19,264,ADC,1207,379,6,1,"
11.0850,heen,150,MM0 ?AI
11.0850,heen,150,MM1 ?AI
11.0850,heen,150,MM0 AI=0:0:2417:2424:0:0
11.0850,heen,150,MM1 AI=0:0:2336:2332:0:0
11.1382,heen,150,"#48,YAW,0.72,GYRO,-56,-62,-21,ACC,-9,-13,274,ADC,1248,385,4,1,"
11.1383,heen,150,MM0 ?C
11.1383,heen,150,MM1 ?C
11.1383,heen,150,MM0 C=579:-579
11.1383,heen,150,MM1 C=2150:-2269
11.1383,heen,150,MM0 !M 150 -150
11.1383,heen,150,MM0 +
11.1383,heen,150,MM1 !M 150 -150
11.1384,heen,150,MM1 +
11.1384,heen,150,MM0 PING
11.1384,heen,150,MM1 PING
11.1384,heen,150,"#49,YAW,0.72,GYRO,10,86,-15,ACC,0,-31,252,ADC,1273,388,4,2,"
11.1384,heen,150,MM0 !M 150 -150
11.1384,heen,150,MM1 !M 150 -150
11.1384,heen,150,MM1 +
11.1384,heen,150,MM0 +
11.1384,heen,150,MM0 ?D
11.1384,heen,150,MM1 ?D
11.1384,heen,150,MM0 D=33
11.1384,heen,150,MM1 D=1
11.1384,heen,150,"$GPRMC,093152.2,A,5050.50820,N,00419.37577,E,000.84,140.9,021026,000.4,E*57"
11.1384,heen,150,"#50,YAW,0.72,GYRO,43,154,-2,ACC,13,-13,246,ADC,1246,352,5,1,"
11.1384,heen,150,MM0 ?FF
11.1384,heen,150,MM1 ?FF
11.1384,heen,150,MM0 FF=0
11.1592,heen,150,MM1 FF=0
11.1592,heen,150,"#51,YAW,0.77,GYRO,64,73,25,ACC,5,11,240,ADC,1277,497,5,2,"
11.1592,heen,150,MM0 ?P
11.1592,heen,150,MM1 ?P
11.1592,heen,150,MM0 P=150:-150
11.1831,heen,150,MM1 P=150:-150
11.1831,heen,150,"#52,YAW,0.77,GYRO,19,53,28,ACC,-1,33,296,ADC,1270,498,5,1,"
11.1831,heen,150,MM0 ?S
11.1831,heen,150,MM1 ?S
11.1831,heen,150,MM0 S=75:-75
11.1831,heen,150,MM1 S=75:-75
11.2024,heen,150,"#53,YAW,0.77,GYRO,10,57,3,ACC,-7,22,244,ADC,1244,387,6,2,"
11.2024,heen,150,MM0 ?T
11.2024,heen,150,MM1 ?T
11.2025,heen,150,MM0 T=35:34
11.2025,heen,150,MM1 T=36:33
11.2363,heen,150,MM0 !M 150 -150
11.2364,heen,150,MM1 !M 150 -150
11.2364,heen,150,"#54,YAW,0.77,GYRO,-18,-2,-26,ACC,-3,0,246,ADC,1235,384,4,1,"
11.2364,heen,150,MM0 +
11.2364,heen,150,MM1 +
11.2364,heen,150,MM0 ?V
11.2364,heen,150,MM1 ?V
11.2364,heen,150,MM0 V=120:223:4904
11.2364,heen,150,MM1 V=120:223:4898
11.2364,heen,150,"#55,YAW,0.77,GYRO,-21,-23,-43,ACC,4,-13,278,ADC,1249,500,4,2,"
11.2364,heen,150,MM0 ?CR
11.2572,heen,150,MM1 ?CR
11.2573,heen,150,MM0 CR=33:-33
11.2573,heen,150,MM1 CR=33:-33
11.2573,heen,150,"#56,YAW,0.77,GYRO,0,90,-33,ACC,3,1,211,ADC,1236,395,6,2,"
11.2573,heen,150,MM0 ?A
11.2573,heen,150,MM1 ?A
11.2573,heen,150,MM1 A=5:-4
11.2781,heen,150,MM0 A=0:0
11.2781,heen,150,"#57,YAW,0.77,GYRO,16,110,-3,ACC,14,7,252,ADC,1247,387,6,2,"
11.2781,heen,150,MM0 ?AI
11.2782,heen,150,MM1 ?AI
11.3004,heen,150,MM0 AI=0:0:2416:2398:0:0
11.3004,heen,150,MM1 AI=0:0:2304:2330:0:0
11.3004,heen,150,"#58,YAW,0.77,GYRO,33,171,28,ACC,19,6,246,ADC,1289,393,5,1,"
11.3004,heen,150,MM0 ?C
11.3004,heen,150,MM1 ?C
11.3004,heen,150,MM0 C=612:-612
11.3004,heen,150,MM1 C=2182:-2302
11.3352,heen,150,MM1 !M 150 -150
11.3352,heen,150,MM0 !M 150 -150
11.3352,heen,150,MM1 +
11.3352,heen,150,MM0 +
11.3352,heen,150,"#59,YAW,0.77,GYRO,-4,27,46,ACC,9,1,274,ADC,1287,323,5,2,"
11.3352,heen,150,MM0 ?D
11.3352,heen,150,MM1 ?D
11.3352,heen,150,MM0 D=49
11.3352,heen,150,MM1 D=33
11.3352,heen,150,"$GPRMC,093152.4,A,5050.50815,N,00419.37583,E,000.84,140.8,021026,000.4,E*5D"
11.3352,heen,150,"#60,YAW,0.77,GYRO,-34,-9,32,ACC,1,3,262,ADC,1241,381,4,2,"
11.3562,heen,150,MM0 ?FF
11.3562,heen,150,MM1 ?FF
11.3562,heen,150,MM0 FF=0
11.3562,heen,150,MM1 FF=0
11.3563,heen,150,"#61,YAW,0.82,GYRO,-39,39,-16,ACC,-3,13,259,ADC,1254,389,5,2,"
11.3563,heen,150,MM0 ?P
11.3771,heen,150,MM1 ?P
11.3771,heen,150,MM0 P=150:-150
11.3771,heen,150,MM1 P=150:-150
11.3771,heen,150,"#62,YAW,0.82,GYRO,-79,-43,-58,ACC,-7,9,271,ADC,1277,396,5,2,"
11.3771,heen,150,MM0 ?S
11.3771,heen,150,MM1 ?S
11.3981,heen,150,MM0 S=150:-150
11.3981,heen,150,MM1 S=150:-150
11.3981,heen,150,"#63,YAW,0.82,GYRO,-27,24,-71,ACC,9,-9,236,ADC,1265,501,6,2,"
11.3981,heen,150,MM0 ?T
11.3981,heen,150,MM1 ?T
11.3981,heen,150,MM0 T=35:34
11.4322,heen,150,MM1 T=36:33
11.4323,heen,150,MM0 !M 150 -150
11.4323,heen,150,MM1 !M 150 -150
11.4323,heen,150,MM1 +
11.4323,heen,150,MM0 +
11.4323,heen,150,"#64,YAW,0.82,GYRO,-43,164,-42,ACC,5,-14,235,ADC,1297,498,7,2,"
11.4323,heen,150,MM0 ?V
11.4323,heen,150,MM1 ?V
11.4323,heen,150,MM0 V=120:224:4906
11.4323,heen,150,MM1 V=120:223:4899
11.4531,heen,150,"#65,YAW,0.82,GYRO,78,115,4,ACC,0,-16,263,ADC,1248,394,7,1,"
11.4531,heen,150,MM0 ?CR
11.4531,heen,150,MM1 ?CR
11.4531,heen,150,MM0 CR=33:-33
11.4531,heen,150,MM1 CR=34:-33
11.4743,heen,150,"#66,YAW,0.82,GYRO,-16,15,53,ACC,7,14,287,ADC,1278,404,4,1,"
11.4744,heen,150,MM0 ?A
11.4744,heen,150,MM1 ?A
11.4744,heen,150,MM0 A=5:0
11.4744,heen,150,MM1 A=0:0
11.4951,heen,150,"#67,YAW,0.82,GYRO,-25,27,36,ACC,-6,22,254,ADC,1272,398,5,2,"
11.4952,heen,150,MM0 ?AI
11.4952,heen,150,MM1 ?AI
11.4952,heen,150,MM0 AI=0:0:2419:2404:0:0
11.4952,heen,150,MM1 AI=0:0:2339:2332:0:0
11.4952,heen,150,"#68,YAW,0.82,GYRO,-68,-27,-8,ACC,-3,14,259,ADC,1265,492,5,2,"
11.5291,heen,150,MM0 ?C
11.5291,heen,150,MM1 ?C
11.5291,heen,150,MM0 C=645:-646
11.5291,heen,150,MM1 C=2216:-2335
11.5291,heen,150,MM1 !M 150 -150
11.5291,heen,150,MM0 !M 150 -150
11.5291,heen,150,MM1 +
11.5291,heen,150,MM0 +
11.5292,heen,150,"#69,YAW,0.82,GYRO,-82,-28,-49,ACC,-11,0,275,ADC,1231,500,4,2,"
11.5292,heen,150,MM0 ?D
11.5292,heen,150,MM1 ?D
11.5292,heen,150,"$GPRMC,093152.6,A,5050.50810,N,00419.37591,E,000.85,140.8,021026,000.4,E*58"
11.5292,heen,150,MM0 D=2
11.5292,heen,150,MM1 D=18
11.5501,heen,150,"#70,YAW,0.82,GYRO,-12,81,-58,ACC,-2,-26,226,ADC,1268,389,5,2,"
11.5501,heen,150,MM0 ?FF
11.5501,heen,150,MM1 ?FF
11.5501,heen,150,MM0 FF=0
11.5501,heen,150,MM1 FF=0
11.5712,heen,150,"#71,YAW,0.87,GYRO,-39,136,-42,ACC,7,-11,259,ADC,1258,386,7,2,"
11.5712,heen,150,MM0 ?P
11.5712,heen,150,MM1 ?P
11.5712,heen,150,MM0 P=150:-150
11.5712,heen,150,MM1 P=150:-150
11.5923,heen,150,"#72,YAW,0.87,GYRO,85,108,5,ACC,5,-4,273,ADC,1222,382,5,2,"
11.5923,heen,150,MM0 ?S
11.5923,heen,150,MM1 ?S
11.5923,heen,150,MM0 S=150:-150
11.5923,heen,150,MM1 S=150:-75
11.6261,heen,150,"#73,YAW,0.87,GYRO,8,65,44,ACC,1,18,264,ADC,1205,381,5,2,"
11.6261,heen,150,MM0 ?T
11.6261,heen,150,MM1 ?T
11.6261,heen,150,MM0 T=35:34
11.6261,heen,150,MM1 T=36:33
11.6261,heen,150,"#74,YAW,0.87,GYRO,15,50,13,ACC,-6,18,266,ADC,1246,496,4,2,"
11.6261,heen,150,MM0 ?V
11.6261,heen,150,MM1 ?V
11.6261,heen,150,MM0 V=120:223:4905
11.6261,heen,150,MM1 V=120:222:4900
11.6470,heen,150,"#75,YAW,0.87,GYRO,-16,26,-22,ACC,-5,5,262,ADC,1247,384,8,2,"
11.6471,heen,150,MM0 ?CR
11.6471,heen,150,MM1 ?CR
11.6471,heen,150,MM0 CR=34:-34
11.6471,heen,150,MM1 CR=33:-33
11.6682,heen,150,"#76,YAW,0.87,GYRO,-6,-17,-39,ACC,-5,-8,262,ADC,1216,382,6,2,"
11.6682,heen,150,MM0 ?A
11.6682,heen,150,MM1 ?A
11.6682,heen,150,MM0 A=0:0
11.6682,heen,150,MM1 A=5:0
11.6889,heen,150,"#77,YAW,0.87,GYRO,-7,86,-48,ACC,-3,-5,221,ADC,1242,383,7,2,"
11.6890,heen,150,MM0 ?AI
11.6890,heen,150,MM1 ?AI
11.6890,heen,150,MM0 AI=0:0:2412:2417:0:0
11.6890,heen,150,MM1 AI=0:0:2308:2316:0:0
11.7403,heen,150,"#78,YAW,0.87,GYRO,7,164,-29,ACC,2,2,256,ADC,1299,501,6,2,"
11.7403,heen,150,MM0 ?C
11.7403,heen,150,MM1 ?C
11.7403,heen,150,MM0 C=679:-678
11.7403,heen,150,MM1 C=2249:-2368
11.7403,heen,150,MM1 !M 150 -150
11.7403,heen,150,MM0 !M 150 -150
11.7403,heen,150,MM1 +
11.7403,heen,150,MM0 +
11.7403,heen,150,MM0 PING
11.7404,heen,150,MM1 PING
11.7404,heen,150,"#79,YAW,0.87,GYRO,47,110,14,ACC,1,-1,274,ADC,1249,500,5,2,"
11.7404,heen,150,MM0 ?D
11.7404,heen,150,MM1 ?D
11.7404,heen,150,MM0 D=32
11.7404,heen,150,MM1 D=16
11.7404,heen,150,"$GPRMC,093152.8,A,5050.50803,N,00419.37598,E,000.86,140.7,021026,000.4,E*51"
11.7404,heen,150,MM0 !M 150 -150
11.7404,heen,150,MM0 +
11.7404,heen,150,MM1 !M 150 -150
11.7404,heen,150,MM1 +
11.7404,heen,150,"#80,YAW,0.87,GYRO,10,-26,41,ACC,4,10,231,ADC,1237,323,5,1,"
11.7404,heen,150,MM0 ?FF
11.7404,heen,150,MM1 ?FF
11.7404,heen,150,MM0 FF=0
11.7404,heen,150,MM1 FF=0
11.7613,heen,150,"#81,YAW,0.92,GYRO,4,-3,30,ACC,-10,4,261,ADC,1249,389,7,2,"
11.7613,heen,150,MM0 ?P
11.7613,heen,150,MM1 ?P
11.7613,heen,150,MM0 P=150:-150
11.7613,heen,150,MM1 P=150:-150
11.7820,heen,150,"#82,YAW,0.92,GYRO,-39,-38,-17,ACC,2,11,272,ADC,1262,399,4,2,"
11.7821,heen,150,MM0 ?S
11.7821,heen,150,MM1 ?S
11.7821,heen,150,MM0 S=150:-150
11.7821,heen,150,MM1 S=150:-150
11.8035,heen,150,"#83,YAW,0.92,GYRO,-22,-25,-53,ACC,-10,-2,260,ADC,1280,390,4,2,"
11.8035,heen,150,MM0 ?T
11.8036,heen,150,MM1 ?T
11.8036,heen,150,MM0 T=35:34
11.8036,heen,150,MM1 T=36:33
11.8374,heen,150,"#84,YAW,0.92,GYRO,-43,50,-57,ACC,7,2,225,ADC,1254,381,4,2,"
11.8374,heen,150,MM0 !M 150 -150
11.8374,heen,150,MM0 +
11.8374,heen,150,MM1 !M 150 -150
11.8374,heen,150,MM1 +
11.8374,heen,150,MM0 ?V
11.8374,heen,150,MM1 ?V
11.8374,heen,150,MM0 V=120:223:4904
11.8374,heen,150,MM1 V=120:223:4900
11.8374,heen,150,"#85,YAW,0.92,GYRO,-46,111,-49,ACC,17,0,246,ADC,1256,389,5,2,"
11.8374,heen,150,MM0 ?CR
11.8374,heen,150,MM1 ?CR
11.8581,heen,150,MM0 CR=33:-32
11.8581,heen,150,MM1 CR=33:-33
11.8581,heen,150,"#86,YAW,0.92,GYRO,31,69,-20,ACC,-1,-11,269,ADC,1287,501,4,2,"
11.8581,heen,150,MM0 ?A
11.8581,heen,150,MM1 ?A
11.8581,heen,150,MM0 A=0:0
11.8794,heen,150,MM1 A=5:0
11.8794,heen,150,"#87,YAW,0.92,GYRO,25,32,12,ACC,1,-5,261,ADC,1236,381,5,2,"
11.8794,heen,150,MM0 ?AI
11.8795,heen,150,MM1 ?AI
11.8795,heen,150,MM0 AI=0:0:2416:2407:0:0
11.9010,heen,150,MM1 AI=0:0:2325:2364:0:0
11.9010,heen,150,"#88,YAW,0.92,GYRO,6,106,1,ACC,-7,22,280,ADC,1271,499,6,2,"
11.9010,heen,150,MM0 ?C
11.9010,heen,150,MM1 ?C
11.9010,heen,150,MM0 C=712:-711
11.9010,heen,150,MM1 C=2282:-2401
11.9440,heen,150,MM0 !M 150 -150
11.9440,heen,150,MM1 !M 150 -150
11.9440,heen,150,MM0 +
11.9440,heen,150,MM1 +
11.9440,heen,150,"#89,YAW,0.92,GYRO,-12,36,-18,ACC,-5,14,252,ADC,1279,307,6,3,"
11.9440,heen,150,MM0 ?D
11.9440,heen,150,MM1 ?D
11.9440,heen,150,"$GPRMC,093153.0,A,5050.50801,N,00419.37601,E,000.87,140.7,021026,000.4,E*58"
11.9440,heen,150,MM0 D=51
11.9440,heen,150,MM1 D=3
11.9441,heen,150,"#90,YAW,0.92,GYRO,-35,17,-35,ACC,6,5,255,ADC,1236,384,4,1,"
11.9563,heen,150,MM0 ?FF
11.9563,heen,150,MM1 ?FF
11.9564,heen,150,MM0 FF=0
11.9564,heen,150,MM1 FF=0
11.9564,heen,150,"#91,YAW,0.98,GYRO,-23,63,-43,ACC,2,-8,228,ADC,1320,501,5,2,"
11.9564,heen,150,MM0 ?P
11.9772,heen,150,MM1 ?P
11.9772,heen,150,MM0 P=150:-150
11.9772,heen,150,MM1 P=150:-150
11.9772,heen,150,"#92,YAW,0.98,GYRO,-12,103,-45,ACC,5,-16,280,ADC,1231,503,5,1,"
11.9772,heen,150,MM0 ?S
11.9772,heen,150,MM1 ?S
12.0061,heen,150,MM1 S=150:-150
12.0061,heen,150,MM0 S=150:-75
12.0061,heen,150,"#93,YAW,0.98,GYRO,83,68,-10,ACC,1,-25,229,ADC,1256,389,5,1,"
12.0061,heen,150,MM0 ?T
12.0061,heen,150,MM1 ?T
12.0061,heen,150,MM0 T=35:34
12.0192,heen,150,MM1 T=36:33
12.0192,heen,150,"#94,YAW,0.98,GYRO,38,61,24,ACC,2,-7,277,ADC,1260,396,6,2,"
12.0192,heen,150,MM0 ?V
12.0192,heen,150,MM1 ?V
12.0192,heen,150,MM1 V=120:223:4899
12.0399,heen,150,MM0 V=120:223:4904
12.0399,heen,150,MM1 !M 150 -150
12.0399,heen,150,MM0 !M 150 -150
12.0399,heen,150,MM1 +
12.0399,heen,150,MM0 +
12.0399,heen,150,"#95,YAW,0.97,GYRO,14,44,39,ACC,-6,25,267,ADC,1284,502,6,2,"
12.0399,heen,150,MM0 ?CR
12.0399,heen,150,MM1 ?CR
12.0399,heen,150,MM0 CR=34:-33
12.0400,heen,150,MM1 CR=33:-33
12.0611,heen,150,"#96,YAW,0.97,GYRO,1,13,32,ACC,-6,28,254,ADC,1267,494,4,2,"
12.0611,heen,150,MM0 ?A
12.0611,heen,150,MM1 ?A
12.0611,heen,150,MM0 A=5:0
12.0611,heen,150,MM1 A=5:0
12.0822,heen,150,"#97,YAW,0.97,GYRO,-31,-10,13,ACC,-9,11,264,ADC,1279,393,4,2,"
12.0822,heen,150,MM0 ?AI
12.0822,heen,150,MM1 ?AI
12.0822,heen,150,MM0 AI=0:0:2407:2408:0:0
12.0822,heen,150,MM1 AI=0:0:2264:2338:0:0
12.1039,heen,150,"#98,YAW,0.97,GYRO,-48,11,-26,ACC,-3,3,222,ADC,1288,391,5,2,"
12.1039,heen,150,MM1 ?C
12.1039,heen,150,MM0 ?C
12.1039,heen,150,MM0 C=746:-744
12.1039,heen,150,MM1 C=2315:-2434
12.1382,heen,150,"#99,YAW,0.98,GYRO,-54,25,-54,ACC,3,-2,266,ADC,1250,416,5,1,"
12.1382,heen,150,MM0 !M 150 -150
12.1382,heen,150,MM0 +
12.1382,heen,150,MM1 !M 150 -150
12.1382,heen,150,MM1 +
12.1382,heen,150,MM0 ?D
12.1382,heen,150,MM1 ?D
12.1382,heen,150,"$GPRMC,093153.2,A,5050.50796,N,00419.37602,E,000.87,140.7,021026,000.4,E*58"
12.1382,heen,150,MM0 D=18
12.1382,heen,150,MM1 D=35
12.1382,heen,150,"#100,YAW,0.98,GYRO,60,84,-43,ACC,6,-17,250,ADC,1252,349,5,1,"
12.1382,heen,150,MM1 ?FF
12.1382,heen,150,MM0 ?FF
12.1382,heen,150,MM1 FF=0
12.1595,heen,150,MM0 FF=0
12.1595,heen,150,"#101,YAW,1.03,GYRO,65,133,3,ACC,22,-7,224,ADC,1256,388,5,2,"
12.1595,heen,150,MM0 ?P
12.1595,heen,150,MM1 ?P
12.1595,heen,150,MM0 P=150:-150
12.1595,heen,150,MM1 P=150:-150
12.1801,heen,150,"#102,YAW,1.02,GYRO,17,-2,46,ACC,-2,22,308,ADC,1253,401,8,2,"
12.1801,heen,150,MM0 ?S
12.1801,heen,150,MM1 ?S
12.1801,heen,150,MM0 S=150:-150
12.1801,heen,150,MM1 S=150:-75
12.2010,heen,150,"#103,YAW,1.02,GYRO,-74,-80,50,ACC,-5,48,247,ADC,1270,383,5,2,"
12.2010,heen,150,MM0 ?T
12.2010,heen,150,MM1 ?T
12.2010,heen,150,MM0 T=35:34
12.2010,heen,150,MM1 T=36:33
12.2220,heen,150,"#104,YAW,1.02,GYRO,-20,-91,38,ACC,2,7,231,ADC,1258,391,4,2,"
12.2221,heen,150,MM0 ?V
12.2221,heen,150,MM1 ?V
12.2221,heen,150,MM0 V=120:225:4904
12.2221,heen,150,MM1 V=120:223:4898
12.2431,heen,150,"#105,YAW,1.02,GYRO,-73,-6,-6,ACC,4,-16,254,ADC,1261,381,6,2,"
12.2431,heen,150,MM0 ?CR
12.2431,heen,150,MM1 ?CR
12.2431,heen,150,MM0 CR=33:-34
12.2431,heen,150,MM1 CR=33:-33
12.2667,heen,150,"#106,YAW,1.02,GYRO,-14,77,-43,ACC,11,-22,270,ADC,1221,390,5,2,"
12.2667,heen,150,MM0 ?A
12.2667,heen,150,MM1 ?A
12.2667,heen,150,MM0 A=0:0
12.2667,heen,150,MM1 A=0:0
12.2852,heen,150,"#107,YAW,1.02,GYRO,12,67,-47,ACC,9,-11,262,ADC,1296,500,4,2,"
12.2853,heen,150,MM0 ?AI
12.2853,heen,150,MM1 ?AI
12.2853,heen,150,MM0 AI=0:0:2405:2432:0:0
12.2853,heen,150,MM1 AI=0:0:2298:2325:0:0
12.3089,heen,150,"#108,YAW,1.02,GYRO,23,45,-8,ACC,6,20,261,ADC,1293,501,5,2,"
12.3089,heen,150,MM0 ?C
12.3089,heen,150,MM1 ?C
12.3089,heen,150,MM0 C=779:-778
12.3089,heen,150,MM1 C=2348:-2467
12.3089,heen,150,MM0 !M 150PING
12.3089,heen,150,MM1 !M 150PING
12.3089,heen,150,MM0 +
12.3090,heen,150,MM1 +
12.3432,heen,150,"#109,YAW,1.02,GYRO,-21,-1,24,ACC,-3,21,256,ADC,1265,397,8,2,"
12.3432,heen,150,MM0 ?D
12.3432,heen,150,MM1 ?D
12.3432,heen,150,"$GPRMC,093153.4,A,5050.50788,N,00419.37602,E,000.87,140.8,021026,000.4,E*5E"
12.3432,heen,150,MM1 D=50
12.3432,heen,150,MM0 D=0
12.3432,heen,150,"#110,YAW,1.02,GYRO,-58,6,24,ACC,-3,12,260,ADC,1217,380,5,1,"
12.3432,heen,150,MM1 ?FF
12.3432,heen,150,MM0 ?FF
12.3432,heen,150,MM1 FF=0
12.3432,heen,150,MM0 FF=0
12.3645,heen,150,"#111,YAW,1.07,GYRO,-42,-36,7,ACC,-3,-5,264,ADC,1240,393,7,2,"
12.3645,heen,150,MM0 ?P
12.3645,heen,150,MM1 ?P
12.3645,heen,150,MM0 P=150:-150
12.3645,heen,150,MM1 P=150:-150
12.3930,heen,150,"#112,YAW,1.07,GYRO,-26,41,-15,ACC,-1,-17,233,ADC,1237,388,6,1,"
12.3930,heen,150,MM0 ?S
12.3930,heen,150,MM1 ?S
12.3930,heen,150,MM1 S=150:-150
12.3930,heen,150,MM0 S=150:-75
12.4060,heen,150,"#113,YAW,1.07,GYRO,-21,124,-35,ACC,6,-5,239,ADC,1279,392,5,2,"
12.4060,heen,150,MM0 ?T
12.4060,heen,150,MM1 ?T
12.4060,heen,150,MM0 T=35:34
12.4060,heen,150,MM1 T=36:33
12.4060,heen,150,MM0 !M 150 -150
12.4060,heen,150,MM1 !M 150 -150
12.4060,heen,150,MM0 +
12.4060,heen,150,MM1 +
12.4060,heen,150,MM1 PING
12.4060,heen,150,MM0 PING
12.4411,heen,150,"#114,YAW,1.07,GYRO,67,88,-24,ACC,-2,-4,269,ADC,1289,408,6,2,"
12.4411,heen,150,MM0 ?V
12.4411,heen,150,MM1 ?V
12.4411,heen,150,MM0 V=120:223:4904
12.4411,heen,150,MM1 V=120:223:4898
12.4411,heen,150,MM0 !M 150 -150
12.4411,heen,150,MM1 !M 150 -150
12.4411,heen,150,MM0 +
12.4411,heen,150,MM1 +
12.4411,heen,150,"#115,YAW,1.07,GYRO,32,42,8,ACC,9,6,255,ADC,1268,500,6,2,"
12.4411,heen,150,MM1 ?CR
12.4411,heen,150,MM0 ?CR
12.4411,heen,150,MM1 CR=33:-33
12.4411,heen,150,MM0 CR=33:-33
12.4610,heen,150,"#116,YAW,1.07,GYRO,46,-34,25,ACC,1,12,257,ADC,1236,384,5,1,"
12.4610,heen,150,MM0 ?A
12.4610,heen,150,MM1 ?A
12.4610,heen,150,MM0 A=0:0
12.4610,heen,150,MM1 A=5:0
12.4821,heen,150,"#117,YAW,1.07,GYRO,-29,-105,44,ACC,-3,11,276,ADC,1236,383,6,1,"
12.4821,heen,150,MM1 ?AI
12.4821,heen,150,MM0 ?AI
12.4821,heen,150,MM1 AI=0:0:2348:2352:0:0
12.4821,heen,150,MM0 AI=0:0:2428:2335:0:0
12.5030,heen,150,"#118,YAW,1.07,GYRO,-15,-4,5,ACC,2,3,264,ADC,1306,392,8,1,"
12.5030,heen,150,MM0 ?C
12.5030,heen,150,MM1 ?C
12.5031,heen,150,MM0 C=812:-811
12.5031,heen,150,MM1 C=2381:-2500
12.5373,heen,150,MM1 !M 150 -150
12.5373,heen,150,"#119,YAW,1.07,GYRO,-30,69,-30,ACC,-1,6,208,ADC,1264,383,4,3,"
12.5373,heen,150,MM0 !M 150 -150
12.5373,heen,150,MM0 +
12.5373,heen,150,MM1 +
12.5373,heen,150,MM1 ?D
12.5373,heen,150,MM0 ?D
12.5373,heen,150,"$GPRMC,093153.6,A,5050.50783,N,00419.37599,E,000.87,140.9,021026,000.4,E*57"
12.5373,heen,150,MM0 D=51
12.5373,heen,150,MM1 D=16
12.5373,heen,150,"#120,YAW,1.07,GYRO,-37,74,-35,ACC,19,2,256,ADC,1271,352,5,1,"
12.5373,heen,150,MM0 ?FF
12.5373,heen,150,MM1 ?FF
12.5581,heen,150,MM0 FF=0
12.5582,heen,150,MM1 FF=0
12.5582,heen,150,"#121,YAW,1.12,GYRO,25,149,-28,ACC,10,-6,272,ADC,1261,386,6,2,"
12.5582,heen,150,MM1 ?P
12.5582,heen,150,MM0 ?P
12.5582,heen,150,MM1 P=150:-150
12.5795,heen,150,MM0 P=150:-150
12.5795,heen,150,"#122,YAW,1.12,GYRO,40,54,-5,ACC,2,-16,253,ADC,1233,382,4,2,"
12.5795,heen,150,MM1 ?S
12.5795,heen,150,MM0 ?S
12.5795,heen,150,MM1 S=150:-150
12.5795,heen,150,MM0 S=75:-150
12.6040,heen,150,"#123,YAW,1.12,GYRO,33,7,12,ACC,8,6,262,ADC,1232,498,6,1,"
12.6040,heen,150,MM1 ?T
12.6040,heen,150,MM0 ?T
12.6040,heen,150,MM1 T=36:33
12.6040,heen,150,MM0 T=35:34
12.6382,heen,150,"#124,YAW,1.12,GYRO,2,-2,10,ACC,8,32,267,ADC,1293,391,4,2,"
12.6382,heen,150,MM0 !M 150 -150
12.6383,heen,150,MM0 +
12.6383,heen,150,MM1 !M 150 -150
12.6383,heen,150,MM1 +
12.6383,heen,150,MM1 ?V
12.6383,heen,150,MM0 ?V
12.6383,heen,150,MM1 V=120:223:4900
12.6383,heen,150,MM0 V=120:223:4906
12.6383,heen,150,"#125,YAW,1.12,GYRO,-18,17,-16,ACC,-3,12,267,ADC,1261,396,4,2,"
12.6383,heen,150,MM1 ?CR
12.6383,heen,150,MM0 ?CR
12.6383,heen,150,MM1 CR=33:-33
12.6590,heen,150,MM0 CR=34:-33
12.6590,heen,150,"#126,YAW,1.12,GYRO,-66,-16,-33,ACC,-6,2,236,ADC,1254,500,5,1,"
12.6590,heen,150,MM1 ?A
12.6590,heen,150,MM0 ?A
12.6590,heen,150,MM1 A=5:0
12.6590,heen,150,MM0 A=0:0
12.6804,heen,150,"#127,YAW,1.12,GYRO,-31,82,-33,ACC,0,2,255,ADC,1277,392,4,2,"
12.6804,heen,150,MM0 ?AI
12.6804,heen,150,MM1 ?AI
12.6804,heen,150,MM0 AI=0:0:2407:2420:0:0
12.7017,heen,150,MM1 AI=0:0:2329:2314:0:0
12.7018,heen,150,"#128,YAW,1.12,GYRO,27,94,-25,ACC,14,-20,256,ADC,1219,383,4,2,"
12.7018,heen,150,MM1 ?C
12.7018,heen,150,MM0 ?C
12.7018,heen,150,MM0 C=846:-844
12.7018,heen,150,MM1 C=2414:-2533
12.7222,heen,150,"#129,YAW,1.12,GYRO,43,49,0,ACC,7,-14,249,ADC,1277,386,4,2,"
12.7222,heen,150,MM1 ?D
12.7222,heen,150,MM0 ?D
12.7222,heen,150,MM0 D=26
12.7222,heen,150,MM1 D=3
12.7430,heen,150,"$GPRMC,093153.8,A,5050.50775,N,00419.37607,E,000.87,141.0,021026,000.4,E*5C"
12.7430,heen,150,"#130,YAW,1.12,GYRO,10,57,3,ACC,-7,18,281,ADC,1268,398,6,2,"
12.7430,heen,150,MM0 ?FF
12.7430,heen,150,MM1 ?FF
12.7430,heen,150,MM1 FF=0
12.7430,heen,150,MM0 FF=0
12.7639,heen,150,"#131,YAW,1.17,GYRO,-6,56,-8,ACC,6,27,241,ADC,1220,498,5,2,"
12.7639,heen,150,MM1 ?P
12.7639,heen,150,MM0 ?P
12.7639,heen,150,MM1 P=150:-150
12.7640,heen,150,MM0 P=150:-150
12.7849,heen,150,"#132,YAW,1.17,GYRO,-74,38,-22,ACC,-15,13,282,ADC,1252,384,6,2,"
12.7849,heen,150,MM1 ?S
12.7849,heen,150,MM0 ?S
12.7849,heen,150,MM1 S=150:-75
12.7849,heen,150,MM0 S=75:-150
12.8060,heen,150,"#133,YAW,1.17,GYRO,-46,34,-30,ACC,3,-6,242,ADC,1261,391,4,2,"
12.8060,heen,150,MM1 ?T
12.8060,heen,150,MM0 ?T
12.8060,heen,150,MM1 T=36:33
12.8060,heen,150,MM0 T=35:34
12.8060,heen,150,MM0 !M 150 -150
12.8060,heen,150,MM1 !M 150 -150
12.8060,heen,150,MM0 +
12.8060,heen,150,MM1 +
12.8404,heen,150,MM0 PING
12.8405,heen,150,MM1 PING
12.8405,heen,150,"#134,YAW,1.17,GYRO,-45,139,-35,ACC,11,-13,230,ADC,1243,393,6,1,"
12.8405,heen,150,MM1 ?V
12.8405,heen,150,MM0 ?V
12.8405,heen,150,MM1 V=120:223:4899
12.8405,heen,150,MM0 V=120:228:4905
12.8405,heen,150,MM1 !M 150 -150
12.8405,heen,150,MM0 !M 150 -150
12.8405,heen,150,MM1 +
12.8405,heen,150,MM0 +
12.8405,heen,150,"#135,YAW,1.17,GYRO,38,125,-24,ACC,8,-15,270,ADC,1276,384,7,2,"
12.8405,heen,150,MM0 ?CR
12.8405,heen,150,MM1 ?CR
12.8405,heen,150,MM0 CR=33:-33
12.8405,heen,150,MM1 CR=34:-33
12.8609,heen,150,"#136,YAW,1.17,GYRO,39,81,1,ACC,17,1,232,ADC,1198,380,7,2,"
12.8609,heen,150,MM0 ?A
12.8610,heen,150,MM1 ?A
12.8610,heen,150,MM0 A=0:0
12.8610,heen,150,MM1 A=0:0
12.8822,heen,150,"#137,YAW,1.17,GYRO,3,84,9,ACC,0,28,292,ADC,1234,384,6,2,"
12.8822,heen,150,MM0 ?AI
12.8822,heen,150,MM1 ?AI
12.8822,heen,150,MM0 AI=0:0:2402:2413:0:0
12.8822,heen,150,MM1 AI=0:0:2317:2314:0:0
12.9035,heen,150,"#138,YAW,1.17,GYRO,-15,45,4,ACC,-3,23,265,ADC,1301,403,5,2,"
12.9035,heen,150,MM0 ?C
12.9035,heen,150,MM1 ?C
12.9035,heen,150,MM0 C=879:-877
12.9035,heen,150,MM1 C=2448:-2566
12.9373,heen,150,"#139,YAW,1.17,GYRO,-56,-42,-3,ACC,-13,7,258,ADC,1249,376,6,2,"
12.9373,heen,150,MM0 !M 150 -150
12.9373,heen,150,MM0 +
12.9373,heen,150,MM1 !M 150 -150
12.9373,heen,150,MM1 +
12.9373,heen,150,MM0 ?D
12.9373,heen,150,MM1 ?D
12.9373,heen,150,MM1 D=50
12.9373,heen,150,MM0 D=1
12.9373,heen,150,"$GPRMC,093154.0,A,5050.50767,N,00419.37617,E,000.87,141.1,021026,000.4,E*50"
12.9373,heen,150,"#140,YAW,1.17,GYRO,-47,-16,-17,ACC,0,-12,246,ADC,1281,335,5,1,"
12.9373,heen,150,MM0 ?FF
12.9373,heen,150,MM1 ?FF
12.9630,heen,150,MM0 FF=0
12.9630,heen,150,MM1 FF=0
12.9630,heen,150,"#141,YAW,1.22,GYRO,26,127,-22,ACC,0,-21,277,ADC,1230,390,4,1,"
12.9630,heen,150,MM0 ?P
12.9630,heen,150,MM1 ?P
12.9630,heen,150,MM0 P=150:-150
12.9791,heen,150,MM1 P=150:-150
12.9791,heen,150,"#142,YAW,1.22,GYRO,42,137,-1,ACC,11,-9,230,ADC,1232,396,4,1,"
12.9791,heen,150,MM0 ?S
12.9791,heen,150,MM1 ?S
12.9791,heen,150,MM1 S=75:-150
12.9791,heen,150,MM0 S=150:-75
12.9995,heen,150,"#143,YAW,1.22,GYRO,61,94,21,ACC,11,9,246,ADC,1290,501,5,1,"
12.9996,heen,150,MM0 ?T
12.9996,heen,150,MM1 ?T
12.9996,heen,150,MM1 T=36:33
12.9996,heen,150,MM0 T=35:34
13.0332,heen,150,MM0 !M 150 -150
13.0333,heen,150,MM1 !M 150 -150
13.0333,heen,150,MM0 +
13.0333,heen,150,MM1 +
13.0333,heen,150,"#144,YAW,1.22,GYRO,-13,32,13,ACC,-2,40,299,ADC,1264,393,5,1,"
13.0333,heen,150,MM1 ?V
13.0333,heen,150,MM0 ?V
13.0333,heen,150,MM1 V=120:223:4899
13.0333,heen,150,MM0 V=120:223:4904
13.0542,heen,150,"#145,YAW,1.22,GYRO,13,40,-16,ACC,0,10,224,ADC,1224,381,6,2,"
13.0542,heen,150,MM0 ?CR
13.0542,heen,150,MM1 ?CR
13.0542,heen,150,MM0 CR=33:-33
13.0542,heen,150,MM1 CR=33:-33
13.0751,heen,150,"#146,YAW,1.22,GYRO,-16,18,-41,ACC,5,-8,260,ADC,1273,385,4,1,"
13.0751,heen,150,MM0 ?A
13.0751,heen,150,MM1 ?A
13.0751,heen,150,MM1 A=5:-4
13.0751,heen,150,MM0 A=5:0
13.0751,heen,150,"#147,YAW,1.22,GYRO,-20,72,-41,ACC,3,-14,257,ADC,1262,388,6,2,"
13.0963,heen,150,MM0 ?AI
13.0963,heen,150,MM1 ?AI
13.0963,heen,150,MM0 AI=0:0:2414:2427:0:0
13.0963,heen,150,MM1 AI=0:0:2322:2330:0:0
13.0963,heen,150,"#148,YAW,1.22,GYRO,-12,99,-26,ACC,-7,5,246,ADC,1285,503,6,2,"
13.0963,heen,150,MM0 ?C
13.1172,heen,150,MM1 ?C
13.1172,heen,150,MM0 C=912:-910
13.1172,heen,150,MM1 C=2481:-2598
13.1172,heen,150,"#149,YAW,1.22,GYRO,6,185,5,ACC,11,7,253,ADC,1271,390,6,2,"
13.1172,heen,150,MM0 ?D
13.1172,heen,150,MM1 ?D
13.1172,heen,150,MM1 D=48
13.1430,heen,150,MM0 D=1
13.1430,heen,150,"$GPRMC,093154.2,A,5050.50764,N,00419.37625,E,000.86,141.2,021026,000.4,E*52"
13.1430,heen,150,"#150,YAW,1.22,GYRO,41,116,39,ACC,5,3,256,ADC,1242,498,5,2,"
13.1431,heen,150,MM0 ?FF
13.1431,heen,150,MM1 ?FF
13.1431,heen,150,MM0 FF=0
13.1597,heen,150,MM1 FF=0
13.1597,heen,150,"#151,YAW,1.27,GYRO,-22,-28,36,ACC,1,6,260,ADC,1213,383,7,2,"
13.1597,heen,150,MM0 ?P
13.1597,heen,150,MM1 ?P
13.1597,heen,150,MM0 P=150:-150
13.1597,heen,150,MM1 P=150:-150
13.1799,heen,150,"#152,YAW,1.27,GYRO,-25,36,9,ACC,-4,18,257,ADC,1256,388,6,2,"
13.1799,heen,150,MM0 ?S
13.1799,heen,150,MM1 ?S
13.1799,heen,150,MM0 S=75:-75
13.1799,heen,150,MM1 S=75:-150
13.2040,heen,150,"#153,YAW,1.27,GYRO,-48,0,-34,ACC,-6,19,252,ADC,1258,503,6,2,"
13.2040,heen,150,MM0 ?T
13.2040,heen,150,MM1 ?T
13.2040,heen,150,MM0 T=35:34
13.2040,heen,150,MM1 T=36:33
13.2420,heen,150,"#154,YAW,1.27,GYRO,-76,-44,-65,ACC,-5,5,253,ADC,1244,385,6,2,"
13.2420,heen,150,MM0 ?V
13.2420,heen,150,MM1 ?V
13.2420,heen,150,MM0 V=120:225:4903
13.2421,heen,150,MM1 V=120:223:4900
13.2421,heen,150,MM0 !M 150 -150
13.2421,heen,150,MM1 !M 150 -150
13.2421,heen,150,MM0 +
13.2421,heen,150,MM1 +
13.2421,heen,150,MM0 PING
13.2421,heen,150,MM1 PING
13.2421,heen,150,"#155,YAW,1.27,GYRO,-22,154,-60,ACC,-10,-18,240,ADC,1281,383,6,1,"
13.2421,heen,150,MM0 ?CR
13.2421,heen,150,MM1 ?CR
13.2421,heen,150,MM0 CR=34:-33
13.2421,heen,150,MM1 CR=33:-33
13.2620,heen,150,"#156,YAW,1.27,GYRO,1,142,-20,ACC,15,-15,274,ADC,1231,384,7,1,"
13.2620,heen,150,MM0 ?A
13.2620,heen,150,MM1 ?A
13.2621,heen,150,MM0 A=5:0
13.2621,heen,150,MM1 A=5:0
13.2846,heen,150,"#157,YAW,1.27,GYRO,47,82,28,ACC,11,-5,233,ADC,1270,382,7,2,"
13.2846,heen,150,MM0 ?AI
13.2846,heen,150,MM1 ?AI
13.2846,heen,150,MM0 AI=0:0:2409:2418:0:0
13.2846,heen,150,MM1 AI=0:0:2337:2322:0:0
13.3074,heen,150,"#158,YAW,1.27,GYRO,-16,-14,42,ACC,-7,27,288,ADC,1244,497,5,1,"
13.3075,heen,150,MM0 ?C
13.3075,heen,150,MM1 ?C
13.3075,heen,150,MM0 C=946:-943
13.3075,heen,150,MM1 C=2514:-2632
13.3421,heen,150,MM0 !M 150 -150
13.3421,heen,150,MM1 !M 150 -150
13.3421,heen,150,MM0 +
13.3421,heen,150,MM1 +
13.3421,heen,150,MM1 PING
13.3421,heen,150,MM0 PING
13.3421,heen,150,"#159,YAW,1.27,GYRO,-32,22,20,ACC,-12,31,265,ADC,1283,396,4,2,"
13.3421,heen,150,MM1 ?D
13.3421,heen,150,MM0 ?D
13.3421,heen,150,MM0 D=58
13.3421,heen,150,MM1 D=17
13.3421,heen,150,"$GPRMC,093154.4,A,5050.50758,N,00419.37632,E,000.86,141.3,021026,000.4,E*5C"
13.3421,heen,150,"#160,YAW,1.27,GYRO,-62,-36,-27,ACC,-8,11,258,ADC,1238,383,4,2,"
13.3421,heen,150,MM0 ?FF
13.3421,heen,150,MM1 ?FF
13.3421,heen,150,MM0 FF=0
13.3422,heen,150,MM1 FF=0
13.3619,heen,150,"#161,YAW,1.32,GYRO,-55,-20,-54,ACC,-2,-5,242,ADC,1264,387,4,2,"
13.3619,heen,150,MM0 ?P
13.3619,heen,150,MM1 ?P
13.3619,heen,150,MM1 P=150:-150
13.3619,heen,150,MM0 P=150:-150
13.3829,heen,150,"#162,YAW,1.32,GYRO,-19,158,-49,ACC,1,-11,271,ADC,1292,502,7,1,"
13.3829,heen,150,MM0 ?S
13.3830,heen,150,MM1 ?S
13.3830,heen,150,MM0 S=75:-75
13.3830,heen,150,MM1 S=75:-150
13.4100,heen,150,"#163,YAW,1.32,GYRO,33,102,-12,ACC,10,-7,244,ADC,1257,500,5,2,"
13.4100,heen,150,MM0 ?T
13.4100,heen,150,MM1 ?T
13.4100,heen,150,MM0 T=35:34
13.4100,heen,150,MM1 T=36:33
13.4440,heen,150,MM0 !M 150 -150
13.4440,heen,150,MM1 !M 150 -150
13.4440,heen,150,MM0 +
13.4440,heen,150,MM1 +
13.4440,heen,150,MM0 PING
13.4440,heen,150,MM1 PING
13.4440,heen,150,"#164,YAW,1.32,GYRO,49,76,25,ACC,7,6,242,ADC,1277,361,5,2,"
13.4440,heen,150,MM0 ?V
13.4440,heen,150,MM1 ?V
13.4440,heen,150,MM0 V=120:223:4905
13.4440,heen,150,MM1 V=120:223:4900
13.4440,heen,150,"#165,YAW,1.32,GYRO,-14,30,30,ACC,-9,34,297,ADC,1287,503,4,2,"
13.4440,heen,150,MM0 ?CR
13.4440,heen,150,MM1 ?CR
13.4440,heen,150,MM0 CR=33:-33
13.4440,heen,150,MM1 CR=33:-33
13.4659,heen,150,"#166,YAW,1.32,GYRO,12,28,2,ACC,3,20,245,ADC,1250,504,4,2,"
13.4659,heen,150,MM0 ?A
13.4659,heen,150,MM1 ?A
13.4660,heen,150,MM0 A=0:0
13.4660,heen,150,MM1 A=0:0
13.4859,heen,150,"#167,YAW,1.32,GYRO,-21,8,-32,ACC,4,0,253,ADC,1282,415,5,2,"
13.4859,heen,150,MM0 ?AI
13.4859,heen,150,MM1 ?AI
13.4859,heen,150,MM0 AI=0:0:2383:2387:0:0
13.4859,heen,150,MM1 AI=0:0:2320:2301:0:0
13.5072,heen,150,"#168,YAW,1.32,GYRO,-12,31,-35,ACC,-3,1,248,ADC,1226,385,4,1,"
13.5072,heen,150,MM0 ?C
13.5072,heen,150,MM1 ?C
13.5072,heen,150,MM0 C=979:-976
13.5072,heen,150,MM1 C=2547:-2664
13.5414,heen,150,MM0 !M 150 -150
13.5414,heen,150,MM1 !M 150 -150
13.5414,heen,150,MM0 +
13.5414,heen,150,MM1 +
13.5414,heen,150,MM0 PING
13.5414,heen,150,MM1 PING
13.5414,heen,150,"#169,YAW,1.32,GYRO,1,119,-29,ACC,2,2,251,ADC,1256,302,5,1,"
13.5414,heen,150,MM0 ?D
13.5414,heen,150,MM1 ?D
13.5414,heen,150,MM0 D=48
13.5414,heen,150,MM1 D=3
13.5414,heen,150,"$GPRMC,093154.6,A,5050.50754,N,00419.37636,E,000.86,141.4,021026,000.4,E*51"
13.5414,heen,150,"#170,YAW,1.32,GYRO,12,162,-1,ACC,12,7,250,ADC,1284,395,6,2,"
13.5414,heen,150,MM0 ?FF
13.5414,heen,150,MM1 ?FF
13.5414,heen,150,MM0 FF=0
13.5414,heen,150,MM1 FF=0
13.5621,heen,150,"#171,YAW,1.37,GYRO,42,52,35,ACC,-7,6,268,ADC,1278,385,5,2,"
13.5621,heen,150,MM0 ?P
13.5621,heen,150,MM1 ?P
13.5621,heen,150,MM0 P=150:-150
13.5621,heen,150,MM1 P=150:-150
13.5829,heen,150,"#172,YAW,1.36,GYRO,27,-32,34,ACC,7,7,236,ADC,1247,393,4,2,"
13.5830,heen,150,MM0 ?S
13.5830,heen,150,MM1 ?S
13.5830,heen,150,MM0 S=150:-150
13.5830,heen,150,MM1 S=150:-75
13.6033,heen,150,"#173,YAW,1.36,GYRO,21,-40,15,ACC,-5,8,266,ADC,1224,502,4,1,"
13.6033,heen,150,MM0 ?T
13.6033,heen,150,MM1 ?T
13.6033,heen,150,MM0 T=35:34
13.6033,heen,150,MM1 T=36:33
13.6394,heen,150,MM1 !M 150 -150
13.6394,heen,150,MM0 !M 150 -150
13.6394,heen,150,MM1 +
13.6394,heen,150,MM0 +
13.6394,heen,150,MM0 PING
13.6394,heen,150,MM1 PING
13.6394,heen,150,"#174,YAW,1.36,GYRO,-47,-60,-36,ACC,7,24,260,ADC,1261,302,4,2,"
13.6394,heen,150,MM0 !M 150 -150
13.6394,heen,150,MM0 +
13.6394,heen,150,MM1 !M 150 -150
13.6394,heen,150,MM1 +
13.6394,heen,150,MM0 ?V
13.6394,heen,150,MM1 ?V
13.6394,heen,150,MM0 V=120:223:4903
13.6394,heen,150,MM1 V=120:223:4899
13.6394,heen,150,"#175,YAW,1.37,GYRO,-22,9,-54,ACC,7,15,242,ADC,1225,494,4,2,"
13.6394,heen,150,MM0 ?CR
13.6394,heen,150,MM1 ?CR
13.6582,heen,150,MM0 CR=33:-33
13.6582,heen,150,MM1 CR=33:-32
13.6582,heen,150,"#176,YAW,1.37,GYRO,-65,76,-46,ACC,14,-1,232,ADC,1269,388,6,2,"
13.6582,heen,150,MM0 ?A
13.6582,heen,150,MM1 ?A
13.6582,heen,150,MM0 A=0:0
13.6790,heen,150,MM1 A=0:0
13.6790,heen,150,"#177,YAW,1.37,GYRO,-29,110,-31,ACC,9,-14,279,ADC,1307,395,5,2,"
13.6790,heen,150,MM0 ?AI
13.6790,heen,150,MM1 ?AI
13.6790,heen,150,MM0 AI=0:0:2400:2416:0:0
13.7001,heen,150,MM1 AI=0:0:2314:2329:0:0
13.7001,heen,150,"#178,YAW,1.37,GYRO,37,28,-3,ACC,4,-25,236,ADC,1223,388,4,1,"
13.7002,heen,150,MM0 ?C
13.7002,heen,150,MM1 ?C
13.7002,heen,150,MM0 C=1012:-1009
13.7002,heen,150,MM1 C=2580:-2697
13.7490,heen,150,"#179,YAW,1.37,GYRO,40,40,15,ACC,3,-7,282,ADC,1276,402,5,2,"
13.7490,heen,150,MM0 ?D
13.7490,heen,150,MM1 ?D
13.7490,heen,150,MM0 D=19
13.7490,heen,150,MM1 D=34
13.7490,heen,150,"$GPRMC,093154.8,A,5050.50749,N,00419.37643,E,000.86,141.5,021026,000.4,E*50"
13.7491,heen,150,"#180,YAW,1.37,GYRO,-27,53,-5,ACC,-6,21,280,ADC,1262,501,5,2,"
13.7491,heen,150,MM0 ?FF
13.7491,heen,150,MM1 ?FF
13.7491,heen,150,MM0 FF=0
13.7491,heen,150,MM1 FF=0
13.7700,heen,150,"#181,YAW,1.41,GYRO,-8,8,-30,ACC,3,18,259,ADC,1255,394,5,2,"
13.7700,heen,150,MM0 ?P
13.7700,heen,150,MM1 ?P
13.7700,heen,150,MM0 P=150:-150
13.7700,heen,150,MM1 P=150:-150
13.7911,heen,150,"#182,YAW,1.41,GYRO,-64,34,-51,ACC,-3,9,234,ADC,1265,389,6,2,"
13.7911,heen,150,MM0 ?S
13.7911,heen,150,MM1 ?S
13.7911,heen,150,MM1 S=75:-75
13.7911,heen,150,MM0 S=150:-75
13.8122,heen,150,"#183,YAW,1.41,GYRO,-23,92,-53,ACC,-7,-12,256,ADC,1233,389,4,1,"
13.8122,heen,150,MM0 ?T
13.8123,heen,150,MM1 ?T
13.8123,heen,150,MM0 T=35:34
13.8123,heen,150,MM1 T=36:33
13.8123,heen,150,MM0 !M 150 -150
13.8123,heen,150,MM1 !M 150 -150
13.8123,heen,150,MM0 +
13.8123,heen,150,MM1 +
13.8123,heen,150,MM1 PING
13.8475,heen,150,MM0 PING
13.8475,heen,150,"#184,YAW,1.42,GYRO,20,88,-44,ACC,1,-28,292,ADC,1298,292,6,2,"
13.8475,heen,150,MM0 ?V
13.8475,heen,150,MM1 ?V
13.8475,heen,150,MM0 V=120:224:4904
13.8475,heen,150,MM1 V=120:222:4900
13.8475,heen,150,"#185,YAW,1.42,GYRO,42,92,-1,ACC,5,-14,221,ADC,1271,499,5,2,"
13.8475,heen,150,MM0 ?CR
13.8475,heen,150,MM1 ?CR
13.8475,heen,150,MM0 CR=34:-33
13.8475,heen,150,MM1 CR=33:-33
13.8672,heen,150,"#186,YAW,1.41,GYRO,76,59,35,ACC,6,3,251,ADC,1222,387,5,2,"
13.8672,heen,150,MM0 ?A
13.8672,heen,150,MM1 ?A
13.8672,heen,150,MM0 A=0:0
13.8672,heen,150,MM1 A=5:0
13.8947,heen,150,"#187,YAW,1.41,GYRO,-25,-2,48,ACC,5,31,292,ADC,1219,381,7,2,"
13.8948,heen,150,MM0 ?AI
13.8948,heen,150,MM1 ?AI
13.8948,heen,150,MM0 AI=0:0:2440:2423:0:0
13.8948,heen,150,MM1 AI=0:0:2325:2326:0:0
13.9091,heen,150,"#188,YAW,1.41,GYRO,14,13,23,ACC,-2,15,257,ADC,1225,500,6,2,"
13.9091,heen,150,MM0 ?C
13.9091,heen,150,MM1 ?C
13.9091,heen,150,MM0 C=1046:-1042
13.9091,heen,150,MM1 C=2613:-2730
13.9091,heen,150,MM0 !M 150 -150
13.9431,heen,150,MM1 !M 150 -150
13.9431,heen,150,MM0 +
13.9431,heen,150,MM1 +
13.9431,heen,150,MM1 PING
13.9431,heen,150,MM0 PING
13.9431,heen,150,"#189,YAW,1.41,GYRO,-82,-4,-13,ACC,-1,15,234,ADC,1258,346,5,2,"
13.9431,heen,150,MM0 ?D
13.9431,heen,150,MM1 ?D
13.9431,heen,150,MM0 D=34
13.9431,heen,150,MM1 D=49
13.9431,heen,150,MM1 !M 150 -150
13.9431,heen,150,"$GPRMC,093155.0,A,5050.50745,N,00419.37645,E,000.85,141.6,021026,000.4,E*53"
13.9431,heen,150,MM0 !M 150 -150
13.9431,heen,150,MM1 +
13.9431,heen,150,MM0 +
13.9431,heen,150,"#190,YAW,1.41,GYRO,-17,44,-48,ACC,-8,-4,257,ADC,1225,382,5,1,"
13.9431,heen,150,MM0 ?FF
13.9431,heen,150,MM1 ?FF
13.9431,heen,150,MM0 FF=0
13.9431,heen,150,MM1 FF=0
13.9640,heen,150,"#191,YAW,1.46,GYRO,-2,97,-55,ACC,-9,-19,294,ADC,1299,384,5,1,"
13.9640,heen,150,MM0 ?P
13.9640,heen,150,MM1 ?P
13.9640,heen,150,MM0 P=150:-150
13.9640,heen,150,MM1 P=150:-150
13.9856,heen,150,"#192,YAW,1.46,GYRO,47,134,-19,ACC,9,-16,223,ADC,1245,388,5,1,"
13.9856,heen,150,MM0 ?S
13.9856,heen,150,MM1 ?S
13.9856,heen,150,MM0 S=75:-75
13.9856,heen,150,MM1 S=150:-75
14.0062,heen,150,"#193,YAW,1.46,GYRO,41,50,20,ACC,11,16,263,ADC,1243,384,5,1,"
14.0062,heen,150,MM0 ?T
14.0063,heen,150,MM1 ?T
14.0063,heen,150,MM0 T=35:34
14.0063,heen,150,MM1 T=36:33
14.0499,heen,150,"#194,YAW,1.46,GYRO,-59,-93,58,ACC,7,43,292,ADC,1230,381,5,2,"
14.0499,heen,150,MM0 ?V
14.0499,heen,150,MM1 ?V
14.0499,heen,150,MM0 V=120:225:4905
14.0499,heen,150,MM1 V=120:223:4900
14.0499,heen,150,"#195,YAW,1.46,GYRO,-36,-43,47,ACC,-3,14,245,ADC,1294,502,3,2,"
14.0499,heen,150,MM0 ?CR
14.0499,heen,150,MM1 ?CR
14.0499,heen,150,MM0 CR=33:-34
14.0499,heen,150,MM1 CR=34:-34
14.0679,heen,150,"#196,YAW,1.46,GYRO,-74,-57,8,ACC,2,-5,217,ADC,1247,387,5,2,"
14.0679,heen,150,MM0 ?A
14.0679,heen,150,MM1 ?A
14.0679,heen,150,MM0 A=0:0
14.0679,heen,150,MM1 A=0:0
14.0889,heen,150,"#197,YAW,1.46,GYRO,-45,75,-41,ACC,4,-18,273,ADC,1253,397,8,1,"
14.0889,heen,150,MM0 ?AI
14.0889,heen,150,MM1 ?AI
14.0889,heen,150,MM0 AI=0:0:2405:2435:0:0
14.0889,heen,150,MM1 AI=0:0:2300:2329:0:0
14.1104,heen,150,"#198,YAW,1.46,GYRO,-9,112,-47,ACC,10,-25,283,ADC,1276,500,5,2,"
14.1104,heen,150,MM0 ?C
14.1104,heen,150,MM1 ?C
14.1104,heen,150,MM0 C=1080:-1076
14.1104,heen,150,MM1 C=2646:-2764
14.1104,heen,150,MM0 !M 150 -150
14.1481,heen,150,MM1 !M 150 -150
14.1481,heen,150,MM0 +
14.1481,heen,150,MM1 +
14.1481,heen,150,"#199,YAW,1.46,GYRO,32,77,-2,ACC,2,-1,238,ADC,1208,370,6,1,"
14.1481,heen,150,MM0 PING
14.1481,heen,150,MM1 PING
14.1481,heen,150,MM0 ?D
14.1482,heen,150,MM1 ?D
14.1482,heen,150,MM0 D=49
14.1482,heen,150,MM1 D=19
14.1482,heen,150,"$GPRMC,093155.2,A,5050.50737,N,00419.37647,E,000.85,141.7,021026,000.4,E*57"
14.1482,heen,150,"#200,YAW,1.46,GYRO,7,-5,25,ACC,2,22,261,ADC,1238,311,6,1,"
14.1482,heen,150,MM0 ?FF
14.1482,heen,150,MM1 ?FF
14.1482,heen,150,MM0 FF=0
14.1482,heen,150,MM1 FF=0
14.1690,heen,150,"#201,YAW,1.50,GYRO,-44,-9,40,ACC,-7,24,262,ADC,1279,499,6,2,"
14.1690,heen,150,MM0 ?P
14.1690,heen,150,MM1 ?P
14.1690,heen,150,MM0 P=150:-150
14.1690,heen,150,MM1 P=150:-150
14.1900,heen,150,"#202,YAW,1.50,GYRO,-37,33,-1,ACC,6,5,263,ADC,1242,395,4,2,"
14.1900,heen,150,MM0 ?S
14.1900,heen,150,MM1 ?S
14.1900,heen,150,MM1 S=150:-150
14.1900,heen,150,MM0 S=150:-75
14.2111,heen,150,"#203,YAW,1.50,GYRO,-60,13,-25,ACC,-2,-7,245,ADC,1293,500,6,2,"
14.2111,heen,150,MM0 ?T
14.2111,heen,150,MM1 ?T
14.2111,heen,150,MM0 T=35:34
14.2111,heen,150,MM1 T=36:33
14.2530,heen,150,"#204,YAW,1.50,GYRO,-40,103,-36,ACC,11,-7,246,ADC,1229,395,6,2,"
14.2530,heen,150,MM0 !M 150 -150
14.2530,heen,150,MM0 +
14.2531,heen,150,MM0 PING
14.2531,heen,150,MM1 !M 150 -150
14.2531,heen,150,MM1 +
14.2531,heen,150,MM1 PING
14.2531,heen,150,MM0 ?V
14.2531,heen,150,MM1 ?V
14.2531,heen,150,MM0 V=120:223:4905
14.2531,heen,150,MM1 V=120:223:4899
14.2531,heen,150,MM0 !M 150 -150
14.2531,heen,150,MM1 !M 150 -150
14.2531,heen,150,MM0 +
14.2531,heen,150,MM1 +
14.2531,heen,150,"#205,YAW,1.50,GYRO,22,106,-26,ACC,10,-14,248,ADC,1233,299,5,2,"
14.2531,heen,150,MM0 ?CR
14.2531,heen,150,MM1 ?CR
14.2531,heen,150,MM0 CR=34:-33
14.2531,heen,150,MM1 CR=33:-33
14.2658,heen,150,"#206,YAW,1.50,GYRO,44,71,6,ACC,10,-6,252,ADC,1236,383,3,1,"
14.2659,heen,150,MM0 ?A
14.2659,heen,150,MM1 ?A
14.2659,heen,150,MM1 A=5:-4
14.2659,heen,150,MM0 A=0:0
14.2873,heen,150,"#207,YAW,1.50,GYRO,59,47,20,ACC,3,12,280,ADC,1266,502,4,2,"
14.2873,heen,150,MM0 ?AI
14.2873,heen,150,MM1 ?AI
14.2873,heen,150,MM0 AI=0:0:2418:2432:0:0
14.2873,heen,150,MM1 AI=0:0:2317:2327:0:0
14.3081,heen,150,"#208,YAW,1.50,GYRO,3,-90,31,ACC,0,22,265,ADC,1226,384,5,2,"
14.3081,heen,150,MM0 ?C
14.3082,heen,150,MM1 ?C
14.3082,heen,150,MM0 C=1113:-1109
14.3082,heen,150,MM1 C=2680:-2797
14.3429,heen,150,"#209,YAW,1.50,GYRO,-32,-71,9,ACC,-6,16,273,ADC,1257,389,4,2,"
14.3430,heen,150,MM0 ?D
14.3430,heen,150,MM1 ?D
14.3430,heen,150,MM0 D=3
14.3430,heen,150,MM1 D=2
14.3430,heen,150,"$GPRMC,093155.4,A,5050.50728,N,00419.37648,E,000.84,142.0,021026,000.4,E*55"
14.3430,heen,150,"#210,YAW,1.50,GYRO,-35,98,-27,ACC,-8,4,232,ADC,1236,392,8,1,"
14.3430,heen,150,MM0 ?FF
14.3430,heen,150,MM1 ?FF
14.3430,heen,150,MM0 FF=0
14.3430,heen,150,MM1 FF=0
14.3629,heen,150,"#211,YAW,1.54,GYRO,-47,77,-31,ACC,8,6,253,ADC,1268,383,4,1,"
14.3629,heen,150,MM0 ?P
14.3630,heen,150,MM1 ?P
14.3630,heen,150,MM0 P=150:-150
14.3630,heen,150,MM1 P=150:-150
14.3838,heen,150,"#212,YAW,1.54,GYRO,11,127,-21,ACC,7,-10,251,ADC,1210,383,5,1,"
14.3839,heen,150,MM0 ?S
14.3839,heen,150,MM1 ?S
14.3839,heen,150,MM0 S=75:-75
14.3839,heen,150,MM1 S=150:-75
14.4049,heen,150,"#213,YAW,1.54,GYRO,33,102,-2,ACC,14,-13,251,ADC,1283,502,7,2,"
14.4050,heen,150,MM0 ?T
14.4050,heen,150,MM1 ?T
14.4050,heen,150,MM0 T=35:34
14.4050,heen,150,MM1 T=36:33
14.4531,heen,150,"#214,YAW,1.54,GYRO,41,66,5,ACC,2,3,266,ADC,1242,500,4,1,"
14.4532,heen,150,MM0 ?V
14.4532,heen,150,MM1 ?V
14.4532,heen,150,MM0 V=120:223:4904
14.4532,heen,150,MM1 V=120:223:4898
14.4532,heen,150,MM0 !M 150 -150
14.4532,heen,150,MM1 !M 150 -150
14.4532,heen,150,MM0 +
14.4532,heen,150,MM1 +
14.4532,heen,150,MM0 PING
14.4532,heen,150,MM1 PING
14.4532,heen,150,"#215,YAW,1.54,GYRO,-4,-14,-3,ACC,5,22,257,ADC,1235,382,3,2,"
14.4532,heen,150,MM0 ?CR
14.4532,heen,150,MM1 ?CR
14.4532,heen,150,MM0 CR=33:-33
14.4532,heen,150,MM1 CR=33:-33
14.4743,heen,150,"#216,YAW,1.54,GYRO,-19,31,-33,ACC,5,20,275,ADC,1263,384,3,2,"
14.4744,heen,150,MM0 ?A
14.4744,heen,150,MM1 ?A
14.4744,heen,150,MM0 A=0:0
14.4744,heen,150,MM1 A=0:0
14.4951,heen,150,"#217,YAW,1.54,GYRO,-69,18,-40,ACC,2,7,248,ADC,1260,393,5,2,"
14.4951,heen,150,MM0 ?AI
14.4951,heen,150,MM1 ?AI
14.4951,heen,150,MM0 AI=0:0:2411:2412:0:0
14.4951,heen,150,MM1 AI=0:0:2322:2319:0:0
14.4951,heen,150,"#218,YAW,1.54,GYRO,-26,19,-29,ACC,3,-5,244,ADC,1274,500,4,3,"
14.5162,heen,150,MM0 ?C
14.5162,heen,150,MM1 ?C
14.5162,heen,150,MM0 C=1147:-1143
14.5162,heen,150,MM1 C=2714:-2831
14.5163,heen,150,"#219,YAW,1.54,GYRO,1,110,-17,ACC,1,-17,258,ADC,1251,413,5,2,"
14.5163,heen,150,MM0 ?D
14.5501,heen,150,MM0 D=32
14.5501,heen,150,MM1 ?D
14.5502,heen,150,MM1 D=49
14.5502,heen,150,"$GPRMC,093155.6,A,5050.50712,N,00419.37658,E,000.84,142.2,021026,000.4,E*5D"
14.5502,heen,150,MM0 !M 150 -150
14.5502,heen,150,MM1 !M 150 -150
14.5502,heen,150,MM0 +
14.5502,heen,150,MM1 +
14.5502,heen,150,MM1 PING
14.5502,heen,150,MM0 PING
14.5502,heen,150,"#220,YAW,1.54,GYRO,49,100,-3,ACC,8,-11,236,ADC,1242,340,5,2,"
14.5502,heen,150,MM1 ?FF
14.5502,heen,150,MM0 ?FF
14.5502,heen,150,MM1 FF=0
14.5502,heen,150,MM0 FF=0
14.5713,heen,150,"#221,YAW,1.58,GYRO,24,20,7,ACC,8,7,259,ADC,1217,498,6,2,"
14.5713,heen,150,MM0 ?P
14.5713,heen,150,MM1 ?P
14.5713,heen,150,MM0 P=150:-150
14.5713,heen,150,MM1 P=150:-150
14.5925,heen,150,"#222,YAW,1.58,GYRO,-29,20,3,ACC,0,33,260,ADC,1292,389,5,2,"
14.5925,heen,150,MM0 ?S
14.5925,heen,150,MM1 ?S
14.5925,heen,150,MM0 S=75:-150
14.5925,heen,150,MM1 S=75:-150
14.6129,heen,133,"#223,YAW,1.58,GYRO,-38,43,-25,ACC,-3,8,267,ADC,1231,388,4,2,"
14.6130,heen,133,MM0 ?T
14.6130,heen,133,MM1 ?T
14.6130,heen,133,MM0 T=35:34
14.6130,heen,133,MM1 T=36:33
14.6479,heen,133,"#224,YAW,1.58,GYRO,-102,18,-33,ACC,-4,2,235,ADC,1233,381,4,2,"
14.6480,heen,133,MM0 ?V
14.6480,heen,133,MM1 ?V
14.6480,heen,133,MM0 V=120:223:4905
14.6480,heen,133,MM1 V=120:222:4900
14.6480,heen,133,MM0 !M 150 -150
14.6480,heen,133,MM1 !M 150 -150
14.6480,heen,133,MM0 +
14.6480,heen,133,MM1 +
14.6480,heen,133,MM0 PING
14.6480,heen,133,MM1 PING
14.6480,heen,133,"#225,YAW,1.59,GYRO,-15,93,-35,ACC,5,-22,271,ADC,1236,383,3,2,"
14.6480,heen,133,MM0 ?CR
14.6480,heen,133,MM1 ?CR
14.6480,heen,133,MM0 CR=35:-34
14.6480,heen,133,MM1 CR=35:-34
14.6684,heen,133,"#226,YAW,1.59,GYRO,-8,105,-26,ACC,5,-14,237,ADC,1259,500,3,1,"
14.6685,heen,133,MM0 ?A
14.6685,heen,133,MM1 ?A
14.6685,heen,133,MM0 A=0:0
14.6685,heen,133,MM1 A=5:0
14.6897,heen,133,"#227,YAW,1.59,GYRO,39,98,-4,ACC,1,-6,232,ADC,1238,495,5,2,"
14.6897,heen,133,MM1 ?AI
14.6898,heen,133,MM0 ?AI
14.6898,heen,133,MM1 AI=0:0:2322:2333:0:0
14.6898,heen,133,MM0 AI=0:0:2412:2421:0:0
14.7091,heen,103,"#228,YAW,1.59,GYRO,14,62,9,ACC,3,17,284,ADC,1257,383,5,2,"
14.7091,heen,103,MM0 ?C
14.7091,heen,103,MM1 ?C
14.7091,heen,103,MM0 C=1181:-1176
14.7091,heen,103,MM1 C=2748:-2864
14.7430,heen,103,"#229,YAW,1.59,GYRO,-34,-2,14,ACC,-3,32,283,ADC,1227,381,5,2,"
14.7431,heen,103,MM0 ?D
14.7431,heen,103,MM1 ?D
14.7431,heen,103,MM0 D=51
14.7431,heen,103,MM1 D=18
14.7431,heen,103,"$GPRMC,093155.8,A,5050.50700,N,00419.37670,E,000.85,142.5,021026,000.4,E*5C"
14.7431,heen,103,MM0 !M 133 -133
14.7431,heen,103,MM1 !M 133 -133
14.7431,heen,103,MM0 +
14.7431,heen,103,MM1 +
14.7431,heen,103,MM0 PING
14.7431,heen,103,MM1 PING
14.7431,heen,103,"#230,YAW,1.59,GYRO,-40,-33,-4,ACC,-6,10,239,ADC,1278,396,8,1,"
14.7431,heen,103,MM1 ?FF
14.7431,heen,103,MM0 ?FF
14.7431,heen,103,MM1 FF=0
14.7431,heen,103,MM0 FF=0
14.7664,heen,103,"#231,YAW,1.62,GYRO,-40,-19,-18,ACC,-15,-11,263,ADC,1268,412,6,2,"
14.7664,heen,103,MM0 ?P
14.7664,heen,103,MM1 ?P
14.7664,heen,103,MM0 P=133:-133
14.7664,heen,103,MM1 P=133:-133
14.7849,heen,103,"#232,YAW,1.63,GYRO,36,61,-24,ACC,-10,-27,257,ADC,1283,499,5,1,"
14.7850,heen,103,MM0 ?S
14.7850,heen,103,MM1 ?S
14.7850,heen,103,MM1 S=75:-75
14.7850,heen,103,MM0 S=75:-150
14.8059,heen,103,"#233,YAW,1.63,GYRO,31,126,-4,ACC,-3,0,243,ADC,1251,408,4,2,"
14.8059,heen,103,MM0 ?T
14.8059,heen,103,MM1 ?T
14.8059,heen,103,MM0 T=35:34
14.8059,heen,103,MM1 T=36:33
14.8573,heen,73,"#234,YAW,1.62,GYRO,67,93,17,ACC,-7,12,235,ADC,1255,382,4,2,"
14.8574,heen,73,MM0 ?V
14.8574,heen,73,MM1 ?V
14.8574,heen,73,MM0 V=120:222:4906
14.8574,heen,73,MM1 V=120:223:4900
14.8574,heen,73,MM0 !M 103 -103
14.8574,heen,73,MM1 !M 103 -103
14.8574,heen,73,MM0 +
14.8574,heen,73,MM1 +
14.8574,heen,73,MM1 PING
14.8574,heen,73,MM0 PING
14.8574,heen,73,MM0 !M 73 -73
14.8574,heen,73,"#235,YAW,1.62,GYRO,17,-3,25,ACC,-6,20,284,ADC,1255,395,5,2,"
14.8574,heen,73,MM0 +
14.8574,heen,73,MM1 !M 73 -73
14.8574,heen,73,MM1 +
14.8574,heen,73,MM1 ?CR
14.8574,heen,73,MM0 ?CR
14.8574,heen,73,MM1 CR=31:-31
14.8574,heen,73,MM0 CR=32:-32
14.8574,heen,73,"#236,YAW,1.62,GYRO,-8,53,-13,ACC,-59,24,229,ADC,1266,493,6,2,"
14.8574,heen,73,MM1 ?A
14.8574,heen,73,MM0 ?A
14.8832,heen,73,MM1 A=0:5
14.8832,heen,73,MM0 A=0:0
14.8832,heen,73,"#237,YAW,1.63,GYRO,6,52,-37,ACC,-29,-1,241,ADC,1257,398,4,2,"
14.8832,heen,73,MM1 ?AI
14.8832,heen,73,MM0 ?AI
14.8994,heen,73,MM1 AI=0:0:2323:2343:0:0
14.8994,heen,73,MM0 AI=0:0:2415:2411:0:0
14.8994,heen,73,"#238,YAW,1.63,GYRO,-44,-5,-42,ACC,-43,1,262,ADC,1254,500,6,2,"
14.8994,heen,73,MM1 ?C
14.8994,heen,73,MM0 ?C
14.8994,heen,73,MM1 C=2776:-2893
14.9200,heen,43,MM0 C=1210:-1205
14.9201,heen,43,"#239,YAW,1.63,GYRO,-9,43,-33,ACC,-11,9,253,ADC,1290,386,7,2,"
14.9201,heen,43,MM1 ?D
14.9201,heen,43,MM0 ?D
14.9201,heen,43,MM1 D=18
14.9201,heen,43,MM0 D=50
14.9563,heen,43,"$GPRMC,093156.0,A,5050.50692,N,00419.37681,E,000.86,142.8,021026,000.4,E*5D"
14.9563,heen,43,MM0 !M 43 -43
14.9563,heen,43,MM1 !M 43 -43
14.9563,heen,43,MM0 +
14.9564,heen,43,MM1 +
14.9564,heen,43,"#240,YAW,1.63,GYRO,-26,79,-12,ACC,-20,10,239,ADC,1250,337,6,1,"
14.9564,heen,43,MM1 ?FF
14.9564,heen,43,MM0 ?FF
14.9564,heen,43,MM1 FF=0
14.9564,heen,43,MM0 FF=0
14.9751,heen,43,"#241,YAW,1.66,GYRO,13,86,6,ACC,-36,2,267,ADC,1296,388,5,2,"
14.9751,heen,43,MM1 ?P
14.9751,heen,43,MM0 ?P
14.9751,heen,43,MM1 P=43:-43
14.9751,heen,43,MM0 P=43:-43
14.9751,heen,43,"#242,YAW,1.66,GYRO,-2,77,27,ACC,-29,0,255,ADC,1243,384,7,2,"
14.9960,heen,43,MM1 ?S
14.9960,heen,43,MM0 ?S
14.9960,heen,43,MM1 S=75:-75
14.9960,heen,43,MM0 S=75:-75
14.9960,heen,43,"#243,YAW,1.66,GYRO,10,78,30,ACC,-18,-2,241,ADC,1220,402,6,1,"
14.9960,heen,43,MM1 ?T
15.0175,heen,13,MM0 ?T
15.0175,heen,13,MM1 T=36:33
15.0175,heen,13,MM0 T=35:34
15.0175,heen,13,"#244,YAW,1.66,GYRO,2,56,12,ACC,-13,2,265,ADC,1275,394,3,1,"
15.0175,heen,13,MM1 ?V
15.0175,heen,13,MM0 ?V
15.0380,heen,13,MM1 V=120:223:4899
15.0380,heen,13,MM0 V=120:224:4903
15.0380,heen,13,"#245,YAW,1.66,GYRO,6,30,-1,ACC,-14,3,258,ADC,1219,380,5,2,"
15.0380,heen,13,MM1 ?CR
15.0380,heen,13,MM0 ?CR
15.0380,heen,13,MM1 CR=20:-21
15.0591,heen,13,MM0 CR=20:-20
15.0591,heen,13,MM1 !M 13 -13
15.0591,heen,13,MM0 !M 13 -13
15.0591,heen,13,MM1 +
15.0591,heen,13,MM0 +
15.0591,heen,13,"#246,YAW,1.66,GYRO,-4,34,-13,ACC,-54,2,231,ADC,1241,386,4,2,"
15.0591,heen,13,MM1 ?A
15.0591,heen,13,MM0 ?A
15.0591,heen,13,MM1 A=0:0
15.0591,heen,13,MM0 A=0:0
15.0803,heen,13,"#247,YAW,1.66,GYRO,-5,28,-18,ACC,-37,10,262,ADC,1258,397,5,2,"
15.0803,heen,13,MM1 ?AI
15.0803,heen,13,MM0 ?AI
15.0803,heen,13,MM1 AI=0:0:2302:2350:0:0
15.1009,heen,13,MM0 AI=0:0:2396:2403:0:0
15.1010,heen,13,"#248,YAW,1.66,GYRO,-7,30,-12,ACC,-24,11,256,ADC,1257,385,4,2,"
15.1010,heen,13,MM1 ?C
15.1010,heen,13,MM0 ?C
15.1010,heen,13,MM1 C=2793:-2910
15.1010,heen,13,MM0 C=1227:-1222
15.1220,pauze,0,"#249,YAW,1.66,GYRO,-2,38,-2,ACC,-35,-1,243,ADC,1276,385,5,2,"
15.1220,pauze,0,MM1 ?D
15.1220,pauze,0,MM0 ?D
15.1220,pauze,0,MM1 D=49
15.1220,pauze,0,MM0 D=59
15.1601,pauze,0,"$GPRMC,093156.2,A,5050.50687,N,00419.37693,E,000.87,142.9,021026,000.4,E*58"
15.1601,pauze,0,MM0 !M 0 0
15.1601,pauze,0,MM1 !M 0 0
15.1601,pauze,0,MM0 +
15.1601,pauze,0,MM1 +
15.1601,pauze,0,"#250,YAW,1.66,GYRO,-20,17,-21,ACC,-9,3,266,ADC,1282,382,4,2,"
15.1601,pauze,0,MM0 ?FF
15.1601,pauze,0,MM1 ?FF
15.1601,pauze,0,MM0 FF=0
15.1601,pauze,0,MM1 FF=0
15.1601,pauze,0,MM0 !M 0 0
15.1601,pauze,0,MM1 !M 0 0
15.1601,pauze,0,MM0 +
15.1601,pauze,0,MM1 +
15.1601,pauze,0,"#251,YAW,1.70,GYRO,-14,60,-7,ACC,-29,4,247,ADC,1282,501,6,2,"
15.1601,pauze,0,MM1 ?P
15.1602,pauze,0,MM0 ?P
15.1602,pauze,0,MM1 P=0:0
15.1602,pauze,0,MM0 P=0:0
15.1809,pauze,0,"#252,YAW,1.70,GYRO,-6,51,-13,ACC,-25,1,258,ADC,1262,500,7,2,"
15.1809,pauze,0,MM1 ?S
15.1809,pauze,0,MM0 ?S
15.1809,pauze,0,MM1 S=0:0
15.1809,pauze,0,MM0 S=0:0
15.2021,pauze,0,"#253,YAW,1.70,GYRO,-12,-1,-34,ACC,-13,4,262,ADC,1320,396,5,2,"
15.2021,pauze,0,MM1 ?T
15.2021,pauze,0,MM0 ?T
15.2021,pauze,0,MM1 T=36:33
15.2021,pauze,0,MM0 T=35:34
15.2229,pauze,0,"#254,YAW,1.70,GYRO,-7,50,-23,ACC,-6,3,245,ADC,1270,383,4,2,"
15.2229,pauze,0,MM1 ?V
15.2229,pauze,0,MM0 ?V
15.2229,pauze,0,MM1 V=120:223:4899
15.2230,pauze,0,MM0 V=120:223:4905
15.2581,pauze,0,"#255,YAW,1.70,GYRO,-8,47,-5,ACC,-10,5,259,ADC,1281,500,5,1,"
15.2582,pauze,0,MM0 !M 0 0
15.2582,pauze,0,MM0 +
15.2582,pauze,0,MM1 !M 0 0
15.2582,pauze,0,MM1 +
15.2582,pauze,0,MM1 ?CR
15.2582,pauze,0,MM0 ?CR
15.2582,pauze,0,MM1 CR=6:-6
15.2582,pauze,0,MM0 CR=7:-6
15.2582,pauze,0,"#0,YAW,1.70,GYRO,-8,37,9,ACC,-3,3,260,ADC,1273,499,4,2,"
15.2582,pauze,0,MM1 ?A
15.2582,pauze,0,MM0 ?A
15.2582,pauze,0,MM1 A=0:0
15.2582,pauze,0,MM0 A=0:0
15.2789,pauze,0,"#1,YAW,1.70,GYRO,-8,42,5,ACC,0,4,251,ADC,1223,381,5,2,"
15.2789,pauze,0,MM1 ?AI
15.2789,pauze,0,MM0 ?AI
15.3000,pauze,0,MM1 AI=0:0:2339:2318:0:0
15.3000,pauze,0,MM0 AI=0:0:2401:2412:0:0
15.3000,pauze,0,"#2,YAW,1.70,GYRO,-7,45,-8,ACC,1,1,258,ADC,1259,499,7,2,"
15.3000,pauze,0,MM1 ?C
15.3000,pauze,0,MM0 ?C
15.3001,pauze,0,MM1 C=2795:-2912
15.3001,pauze,0,MM0 C=1230:-1224
15.3210,pauze,0,"#3,YAW,1.70,GYRO,-8,40,-15,ACC,4,3,257,ADC,1264,394,5,2,"
15.3210,pauze,0,MM1 ?D
15.3210,pauze,0,MM0 ?D
15.3210,pauze,0,MM0 D=16
15.3210,pauze,0,MM1 D=2
15.3550,pauze,0,"$GPRMC,093156.4,A,5050.50680,N,00419.37700,E,000.87,143.0,021026,000.4,E*5A"
15.3550,pauze,0,MM0 !M 0 0
15.3551,pauze,0,MM1 !M 0 0
15.3551,pauze,0,MM0 +
15.3551,pauze,0,MM1 +
15.3551,pauze,0,"#4,YAW,1.70,GYRO,-8,45,-18,ACC,2,8,252,ADC,1260,287,9,1,"
15.3551,pauze,0,MM0 ?FF
15.3551,pauze,0,MM1 ?FF
15.3551,pauze,0,MM0 FF=0
15.3551,pauze,0,MM1 FF=0
15.3761,pauze,0,"#5,YAW,1.74,GYRO,-8,45,-8,ACC,1,4,262,ADC,1223,383,4,2,"
15.3761,pauze,0,MM1 ?P
15.3761,pauze,0,MM0 ?P
15.3761,pauze,0,MM1 P=0:0
15.3761,pauze,0,MM0 P=0:0
15.3761,pauze,0,"#6,YAW,1.74,GYRO,-8,44,-2,ACC,0,3,258,ADC,1279,502,7,2,"
15.3761,pauze,0,MM1 ?S
15.3761,pauze,0,MM0 ?S
15.3980,pauze,0,MM1 S=0:0
15.3981,pauze,0,MM0 S=0:0
15.3981,pauze,0,"#7,YAW,1.74,GYRO,-9,46,0,ACC,2,3,260,ADC,1302,398,5,2,"
15.3981,pauze,0,MM1 ?T
15.3981,pauze,0,MM0 ?T
15.3981,pauze,0,MM1 T=36:33
15.4181,pauze,0,MM0 T=35:34
15.4181,pauze,0,"#8,YAW,1.74,GYRO,-8,44,-6,ACC,4,1,255,ADC,1210,380,6,2,"
15.4181,pauze,0,MM1 ?V
15.4181,pauze,0,MM0 ?V
15.4181,pauze,0,MM1 V=120:223:4898
15.4533,pauze,0,MM0 V=120:223:4902
15.4533,pauze,0,MM0 !M 0 0
15.4533,pauze,0,MM1 !M 0 0
15.4533,pauze,0,MM0 +
15.4533,pauze,0,MM1 +
15.4533,pauze,0,"#9,YAW,1.74,GYRO,-8,45,-14,ACC,1,2,252,ADC,1258,499,5,2,"
15.4533,pauze,0,MM1 ?CR
15.4533,pauze,0,MM0 ?CR
15.4533,pauze,0,MM1 CR=0:0
15.4533,pauze,0,MM0 CR=0:0
15.4730,pauze,0,"#10,YAW,1.74,GYRO,-8,44,-16,ACC,3,3,258,ADC,1234,387,4,2,"
15.4730,pauze,0,MM1 ?A
15.4730,pauze,0,MM0 ?A
15.4730,pauze,0,MM1 A=0:0
15.4730,pauze,0,MM0 A=0:0
15.4942,pauze,0,"#11,YAW,1.74,GYRO,-8,45,-13,ACC,6,1,257,ADC,1238,381,4,2,"
15.4942,pauze,0,MM0 ?AI
15.4942,pauze,0,MM1 ?AI
15.4942,pauze,0,MM0 AI=0:0:2416:2416:0:0
15.4942,pauze,0,MM1 AI=0:0:2324:2314:0:0
15.5158,pauze,0,"#12,YAW,1.74,GYRO,-8,45,-7,ACC,1,2,254,ADC,1255,498,5,1,"
15.5158,pauze,0,MM1 ?C
15.5158,pauze,0,MM0 ?C
15.5158,pauze,0,MM1 C=2795:-2912
15.5159,pauze,0,MM0 C=1230:-1224
15.5159,pauze,0,"#13,YAW,1.74,GYRO,-9,42,-4,ACC,0,4,259,ADC,1288,500,6,2,"
15.5500,pauze,0,MM0 ?D
15.5500,pauze,0,MM1 ?D
15.5500,pauze,0,MM0 D=16
15.5500,pauze,0,MM1 D=2
15.5500,pauze,0,"$GPRMC,093156.6,A,5050.50675,N,00419.37703,E,000.88,143.1,021026,000.4,E*5F"
15.5500,pauze,0,MM0 !M 0 0
15.5500,pauze,0,MM1 !M 0 0
15.5500,pauze,0,MM0 +
15.5500,pauze,0,MM1 +
15.5500,pauze,0,"#14,YAW,1.74,GYRO,-8,44,-9,ACC,-1,6,253,ADC,1230,381,5,3,"
15.5500,pauze,0,MM0 ?FF
15.5500,pauze,0,MM1 ?FF
15.5500,pauze,0,MM0 FF=0
15.5500,pauze,0,MM1 FF=0
15.5721,pauze,0,"#15,YAW,1.77,GYRO,-7,44,-11,ACC,1,4,254,ADC,1241,383,4,2,"
15.5721,pauze,0,MM0 ?P
15.5721,pauze,0,MM1 ?P
15.5721,pauze,0,MM0 P=0:0
15.5721,pauze,0,MM1 P=0:0
15.5919,pauze,0,"#16,YAW,1.77,GYRO,-9,44,-15,ACC,2,4,259,ADC,1248,381,5,2,"
15.5919,pauze,0,MM0 ?S
15.5919,pauze,0,MM1 ?S
15.5919,pauze,0,MM0 S=0:0
15.5919,pauze,0,MM1 S=0:0
15.6131,pauze,0,"#17,YAW,1.77,GYRO,-9,46,-12,ACC,3,4,258,ADC,1293,503,4,2,"
15.6131,pauze,0,MM0 ?T
15.6131,pauze,0,MM1 ?T
15.6131,pauze,0,MM0 T=35:34
15.6131,pauze,0,MM1 T=36:33
15.6473,pauze,0,"#18,YAW,1.77,GYRO,-8,46,-8,ACC,0,4,254,ADC,1284,391,7,2,"
15.6473,pauze,0,MM0 ?V
15.6474,pauze,0,MM1 ?V
15.6474,pauze,0,MM0 V=120:223:4903
15.6474,pauze,0,MM1 V=120:223:4897
15.6474,pauze,0,MM0 !M 0 0
15.6474,pauze,0,MM1 !M 0 0
15.6474,pauze,0,MM0 +
15.6474,pauze,0,MM1 +
15.6474,pauze,0,"#19,YAW,1.77,GYRO,-7,46,-7,ACC,2,4,255,ADC,1238,405,4,1,"
15.6474,pauze,0,MM0 ?CR
15.6474,pauze,0,MM1 ?CR
15.6474,pauze,0,MM0 CR=0:0
15.6474,pauze,0,MM1 CR=0:0
15.6679,pauze,0,"#20,YAW,1.77,GYRO,-8,46,-9,ACC,2,2,254,ADC,1279,501,7,2,"
15.6679,pauze,0,MM0 ?A
15.6679,pauze,0,MM1 ?A
15.6679,pauze,0,MM0 A=0:0
15.6679,pauze,0,MM1 A=0:0
15.6890,pauze,0,"#21,YAW,1.78,GYRO,-9,46,-10,ACC,3,3,254,ADC,1220,381,6,2,"
15.6890,pauze,0,MM0 ?AI
15.6890,pauze,0,MM1 ?AI
15.6890,pauze,0,MM0 AI=0:0:2395:2413:0:0
15.6890,pauze,0,MM1 AI=0:0:2346:2334:0:0
15.7106,pauze,0,"#22,YAW,1.78,GYRO,-7,44,-9,ACC,-1,4,255,ADC,1223,389,5,2,"
15.7106,pauze,0,MM0 ?C
15.7106,pauze,0,MM1 ?C
15.7106,pauze,0,MM0 C=1230:-1224
15.7106,pauze,0,MM1 C=2795:-2912
15.7600,pauze,0,"#23,YAW,1.78,GYRO,-7,45,-7,ACC,3,4,256,ADC,1237,388,6,1,"
15.7600,pauze,0,MM0 ?D
15.7600,pauze,0,MM1 ?D
15.7600,pauze,0,MM0 D=16
15.7600,pauze,0,MM1 D=2
15.7600,pauze,0,"$GPRMC,093156.8,A,5050.50672,N,00419.37709,E,000.88,143.1,021026,000.4,E*5C"
15.7600,pauze,0,"#24,YAW,1.78,GYRO,-8,45,-9,ACC,1,4,254,ADC,1230,384,6,2,"
15.7600,pauze,0,MM0 ?FF
15.7600,pauze,0,MM1 ?FF
15.7600,pauze,0,MM0 FF=0
15.7600,pauze,0,MM1 FF=0
15.7600,pauze,0,MM0 !M 0 0
15.7600,pauze,0,MM1 !M 0 0
15.7600,pauze,0,MM0 +
15.7600,pauze,0,MM1 +
15.7600,pauze,0,"#25,YAW,1.81,GYRO,-8,45,-9,ACC,-2,3,248,ADC,1256,393,5,1,"
15.7600,pauze,0,MM0 ?P
15.7600,pauze,0,MM1 ?P
15.7600,pauze,0,MM0 P=0:0
15.7600,pauze,0,MM1 P=0:0
15.7810,pauze,0,"#26,YAW,1.81,GYRO,-9,44,-11,ACC,2,1,255,ADC,1238,385,7,2,"
15.7811,pauze,0,MM0 ?S
15.7811,pauze,0,MM1 ?S
15.7811,pauze,0,MM0 S=0:0
15.7811,pauze,0,MM1 S=0:0
15.8020,pauze,0,"#27,YAW,1.81,GYRO,-9,44,-11,ACC,4,1,256,ADC,1217,381,6,2,"
15.8020,pauze,0,MM0 ?T
15.8020,pauze,0,MM1 ?T
15.8020,pauze,0,MM0 T=35:34
15.8020,pauze,0,MM1 T=36:33
15.8228,pauze,0,"#28,YAW,1.81,GYRO,-8,44,-9,ACC,1,2,254,ADC,1270,387,4,1,"
15.8228,pauze,0,MM0 ?V
15.8228,pauze,0,MM1 ?V
15.8228,pauze,0,MM0 V=120:223:4902
15.8228,pauze,0,MM1 V=120:225:4897
15.8582,pauze,0,MM1 !M 0 0
15.8582,pauze,0,MM0 !M 0 0
15.8582,pauze,0,MM1 +
15.8582,pauze,0,MM0 +
15.8582,pauze,0,"#29,YAW,1.81,GYRO,-6,46,-6,ACC,1,4,259,ADC,1262,268,5,2,"
15.8582,pauze,0,MM0 ?CR
15.8582,pauze,0,MM1 ?CR
15.8582,pauze,0,MM0 CR=0:0
15.8582,pauze,0,MM1 CR=0:0
15.8582,pauze,0,"#30,YAW,1.81,GYRO,-7,45,-7,ACC,-1,2,259,ADC,1253,501,6,2,"
15.8582,pauze,0,MM0 ?A
15.8582,pauze,0,MM1 ?A
15.8582,pauze,0,MM0 A=0:0
15.8781,pauze,0,MM1 A=0:0
15.8781,pauze,0,"#31,YAW,1.81,GYRO,-10,45,-11,ACC,4,3,253,ADC,1235,385,5,2,"
15.8781,pauze,0,MM0 ?AI
15.8781,pauze,0,MM1 ?AI
15.8991,pauze,0,MM0 AI=0:0:2393:2423:0:0
15.8992,pauze,0,MM1 AI=0:0:2316:2342:0:0
15.8992,pauze,0,"#32,YAW,1.81,GYRO,-6,46,-11,ACC,3,4,256,ADC,1255,392,5,2,"
15.8992,pauze,0,MM0 ?C
15.8992,pauze,0,MM1 ?C
15.8992,pauze,0,MM0 C=1230:-1224
15.9209,pauze,0,MM1 C=2795:-2912
15.9209,pauze,0,"#33,YAW,1.81,GYRO,-9,44,-9,ACC,2,3,259,ADC,1266,502,6,2,"
15.9209,pauze,0,MM0 ?D
15.9209,pauze,0,MM1 ?D
15.9209,pauze,0,MM0 D=16
15.9210,pauze,0,MM1 D=2
15.9767,pauze,0,"$GPRMC,093157.0,A,5050.50672,N,00419.37696,E,000.87,143.2,021026,000.4,E*5E"
15.9767,pauze,0,MM0 !M 0 0
15.9767,pauze,0,MM1 !M 0 0
15.9767,pauze,0,MM0 +
15.9767,pauze,0,MM1 +
15.9767,pauze,0,"#34,YAW,1.81,GYRO,-9,45,-8,ACC,1,3,252,ADC,1249,449,5,2,"
15.9767,pauze,0,MM0 ?FF
15.9767,pauze,0,MM1 ?FF
15.9767,pauze,0,MM0 FF=0
15.9767,pauze,0,MM1 FF=0
15.9767,pauze,0,"#35,YAW,1.84,GYRO,-7,44,-7,ACC,0,2,250,ADC,1275,500,5,2,"
15.9777,pauze,0,MM0 ?P
15.9777,pauze,0,MM1 ?P
15.9777,pauze,0,MM0 P=0:0
15.9777,pauze,0,MM1 P=0:0
15.9777,pauze,0,"#36,YAW,1.84,GYRO,-9,45,-8,ACC,1,4,255,ADC,1230,382,5,2,"
15.9777,pauze,0,MM0 ?S
15.9777,pauze,0,MM1 ?S
15.9970,pauze,0,MM0 S=0:0
15.9970,pauze,0,MM1 S=0:0
15.9970,pauze,0,"#37,YAW,1.84,GYRO,-9,43,-9,ACC,-3,4,253,ADC,1234,385,5,2,"
15.9970,pauze,0,MM0 ?T
15.9970,pauze,0,MM1 ?T
16.0179,pauze,0,MM0 T=35:34
16.0180,pauze,0,MM1 T=36:33
16.0180,pauze,0,"#38,YAW,1.84,GYRO,-7,46,-9,ACC,2,7,255,ADC,1260,386,5,2,"
16.0180,pauze,0,MM0 ?V
16.0180,pauze,0,MM1 ?V
16.0180,pauze,0,MM0 V=120:223:4901
16.0521,pauze,0,MM1 V=120:223:4898
16.0521,pauze,0,MM1 !M 0 0
16.0521,pauze,0,MM0 !M 0 0
16.0521,pauze,0,MM1 +
16.0521,pauze,0,MM0 +
16.0521,pauze,0,"#39,YAW,1.84,GYRO,-9,45,-8,ACC,2,5,254,ADC,1210,385,5,2,"
16.0521,pauze,0,MM0 ?CR
16.0521,pauze,0,MM1 ?CR
16.0522,pauze,0,MM0 CR=0:0
16.0522,pauze,0,MM1 CR=0:0
16.0732,pauze,0,"#40,YAW,1.84,GYRO,-8,45,-9,ACC,2,2,256,ADC,1260,387,6,1,"
16.0732,pauze,0,MM0 ?A
16.0734,pauze,0,MM1 ?A
16.0734,pauze,0,MM0 A=0:0
16.0734,pauze,0,MM1 A=0:0
16.0964,pauze,0,"#41,YAW,1.84,GYRO,-9,44,-8,ACC,3,2,253,ADC,1280,498,4,2,"
16.0964,pauze,0,MM0 ?AI
16.0965,pauze,0,MM1 ?AI
16.0965,pauze,0,MM0 AI=0:0:2403:2417:0:0
16.0965,pauze,0,MM1 AI=0:0:2347:2343:0:0
16.1151,pauze,0,"#42,YAW,1.84,GYRO,-8,47,-10,ACC,1,4,255,ADC,1224,382,6,2,"
16.1151,pauze,0,MM0 ?C
16.1151,pauze,0,MM1 ?C
16.1151,pauze,0,MM0 C=1230:-1224
16.1151,pauze,0,MM1 C=2795:-2912
16.1151,pauze,0,"#43,YAW,1.84,GYRO,-8,45,-9,ACC,2,2,256,ADC,1266,386,4,1,"
16.1490,pauze,0,MM0 ?D
16.1490,pauze,0,MM1 ?D
16.1490,pauze,0,MM0 D=16
16.1490,pauze,0,MM1 D=2
16.1490,pauze,0,"$GPRMC,093157.2,A,5050.50674,N,00419.37659,E,000.87,143.4,021026,000.4,E*5F"
16.1490,pauze,0,MM0 !M 0 0
16.1490,pauze,0,MM1 !M 0 0
16.1490,pauze,0,MM0 +
16.1490,pauze,0,MM1 +
16.1490,pauze,0,"#44,YAW,1.84,GYRO,-7,44,-9,ACC,3,3,256,ADC,1242,398,5,2,"
16.1490,pauze,0,MM0 ?FF
16.1490,pauze,0,MM1 ?FF
16.1490,pauze,0,MM0 FF=0
16.1490,pauze,0,MM1 FF=0
16.1704,pauze,0,"#45,YAW,1.87,GYRO,-6,46,-9,ACC,5,5,254,ADC,1260,501,4,1,"
16.1704,pauze,0,MM0 ?P
16.1704,pauze,0,MM1 ?P
16.1704,pauze,0,MM0 P=0:0
16.1704,pauze,0,MM1 P=0:0
16.1914,pauze,0,"#46,YAW,1.87,GYRO,-10,46,-8,ACC,1,4,258,ADC,1283,501,4,2,"
16.1914,pauze,0,MM0 ?S
16.1914,pauze,0,MM1 ?S
16.1914,pauze,0,MM0 S=0:0
16.1914,pauze,0,MM1 S=0:0
16.2120,pauze,0,"#47,YAW,1.87,GYRO,-10,46,-10,ACC,-2,6,253,ADC,1256,500,6,2,"
16.2120,pauze,0,MM0 ?T
16.2120,pauze,0,MM1 ?T
16.2120,pauze,0,MM0 T=35:34
16.2120,pauze,0,MM1 T=36:33
16.2670,pauze,0,"#48,YAW,1.87,GYRO,-6,44,-10,ACC,6,3,257,ADC,1270,392,5,2,"
16.2671,pauze,0,MM0 ?V
16.2671,pauze,0,MM1 ?V
16.2671,pauze,0,MM0 V=120:223:4902
16.2671,pauze,0,MM1 V=120:224:4897
16.2671,pauze,0,"#49,YAW,1.87,GYRO,-9,46,-10,ACC,2,7,259,ADC,1208,390,7,2,"
16.2671,pauze,0,MM0 ?CR
16.2671,pauze,0,MM1 ?CR
16.2671,pauze,0,MM0 CR=0:0
16.2671,pauze,0,MM1 CR=0:0
16.2671,pauze,0,MM0 !M 0 0
16.2671,pauze,0,MM1 !M 0 0
16.2671,pauze,0,MM0 +
16.2671,pauze,0,MM1 +
16.2671,pauze,0,"#50,YAW,1.87,GYRO,-7,44,-9,ACC,-2,1,253,ADC,1230,381,4,2,"
16.2671,pauze,0,MM0 ?A
16.2671,pauze,0,MM1 ?A
16.2671,pauze,0,MM0 A=0:0
16.2671,pauze,0,MM1 A=0:0
16.2893,pauze,0,"#51,YAW,1.87,GYRO,-8,42,-9,ACC,4,6,261,ADC,1250,410,6,2,"
16.2894,pauze,0,MM0 ?AI
16.2894,pauze,0,MM1 ?AI
16.2894,pauze,0,MM0 AI=0:0:2405:2434:0:0
16.2894,pauze,0,MM1 AI=0:0:2309:2352:0:0
16.3089,pauze,0,"#52,YAW,1.87,GYRO,-7,46,-9,ACC,0,4,261,ADC,1288,499,7,2,"
16.3089,pauze,0,MM0 ?C
16.3090,pauze,0,MM1 ?C
16.3090,pauze,0,MM0 C=1230:-1224
16.3090,pauze,0,MM1 C=2795:-2912
16.3615,pauze,0,"#53,YAW,1.88,GYRO,-8,45,-9,ACC,1,3,254,ADC,1228,384,5,2,"
16.3615,pauze,0,MM0 ?D
16.3615,pauze,0,MM1 ?D
16.3615,pauze,0,MM0 D=16
16.3615,pauze,0,MM1 D=2
16.3615,pauze,0,"$GPRMC,093157.4,A,5050.50668,N,00419.37659,E,000.86,143.5,021026,000.4,E*54"
16.3615,pauze,0,"#54,YAW,1.88,GYRO,-6,44,-8,ACC,1,2,255,ADC,1236,386,4,1,"
16.3615,pauze,0,MM0 ?FF
16.3615,pauze,0,MM1 ?FF
16.3615,pauze,0,MM0 FF=0
16.3615,pauze,0,MM1 FF=0
16.3615,pauze,0,MM1 !M 0 0
16.3615,pauze,0,MM0 !M 0 0
16.3615,pauze,0,MM1 +
16.3615,pauze,0,MM0 +
16.3615,pauze,0,"#55,YAW,1.90,GYRO,-9,46,-10,ACC,4,4,255,ADC,1218,381,7,2,"
16.3615,pauze,0,MM0 ?P
16.3615,pauze,0,MM1 ?P
16.3615,pauze,0,MM0 P=0:0
16.3616,pauze,0,MM1 P=0:0
16.3820,pauze,0,"#56,YAW,1.90,GYRO,-9,45,-9,ACC,-1,1,257,ADC,1281,384,8,2,"
16.3820,pauze,0,MM0 ?S
16.3820,pauze,0,MM1 ?S
16.3820,pauze,0,MM0 S=0:0
16.3820,pauze,0,MM1 S=0:0
16.4030,pauze,0,"#57,YAW,1.91,GYRO,-8,46,-11,ACC,2,2,254,ADC,1206,389,7,1,"
16.4030,pauze,0,MM0 ?T
16.4030,pauze,0,MM1 ?T
16.4030,pauze,0,MM0 T=35:34
16.4030,pauze,0,MM1 T=36:33
16.4244,pauze,0,"#58,YAW,1.91,GYRO,-7,43,-10,ACC,4,3,257,ADC,1272,501,7,2,"
16.4244,pauze,0,MM0 ?V
16.4244,pauze,0,MM1 ?V
16.4244,pauze,0,MM0 V=120:223:4902
16.4245,pauze,0,MM1 V=120:223:4898
16.4583,pauze,0,"#59,YAW,1.91,GYRO,-7,44,-11,ACC,4,2,256,ADC,1289,421,5,2,"
16.4583,pauze,0,MM0 !M 0 0
16.4583,pauze,0,MM0 +
16.4583,pauze,0,MM1 !M 0 0
16.4583,pauze,0,MM1 +
16.4583,pauze,0,MM0 ?CR
16.4583,pauze,0,MM1 ?CR
16.4583,pauze,0,MM0 CR=0:0
16.4584,pauze,0,MM1 CR=0:0
16.4584,pauze,0,"#60,YAW,1.91,GYRO,-7,45,-7,ACC,0,6,258,ADC,1266,502,6,1,"
16.4584,pauze,0,MM0 ?A
16.4584,pauze,0,MM1 ?A
16.4584,pauze,0,MM0 A=0:0
16.4584,pauze,0,MM1 A=0:0
16.4790,pauze,0,"#61,YAW,1.91,GYRO,-8,43,-9,ACC,4,5,261,ADC,1276,498,4,2,"
16.4790,pauze,0,MM0 ?AI
16.4790,pauze,0,MM1 ?AI
16.4790,pauze,0,MM0 AI=0:0:2412:2408:0:0
16.5002,pauze,0,MM1 AI=0:0:2306:2324:0:0
16.5002,pauze,0,"#62,YAW,1.91,GYRO,-10,46,-9,ACC,2,3,256,ADC,1257,500,4,2,"
16.5002,pauze,0,MM0 ?C
16.5002,pauze,0,MM1 ?C
16.5002,pauze,0,MM0 C=1230:-1224
16.5002,pauze,0,MM1 C=2795:-2912
16.5210,pauze,0,"#63,YAW,1.91,GYRO,-8,46,-10,ACC,2,3,252,ADC,1235,385,6,2,"
16.5210,pauze,0,MM0 ?D
16.5210,pauze,0,MM1 ?D
16.5210,pauze,0,MM0 D=16
16.5210,pauze,0,MM1 D=2
16.5561,pauze,0,"$GPRMC,093157.6,A,5050.50660,N,00419.37665,E,000.85,143.7,021026,000.4,E*50"
16.5562,pauze,0,MM0 !M 0 0
16.5562,pauze,0,MM1 !M 0 0
16.5562,pauze,0,MM0 +
16.5562,pauze,0,MM1 +
16.5562,pauze,0,"#64,YAW,1.91,GYRO,-8,46,-10,ACC,3,5,255,ADC,1271,318,4,2,"
16.5562,pauze,0,MM0 ?FF
16.5562,pauze,0,MM1 ?FF
16.5562,pauze,0,MM0 FF=0
16.5562,pauze,0,MM1 FF=0
16.5562,pauze,0,"#65,YAW,1.93,GYRO,-9,45,-9,ACC,3,3,255,ADC,1271,391,4,2,"
16.5761,pauze,0,MM0 ?P
16.5761,pauze,0,MM1 ?P
16.5761,pauze,0,MM0 P=0:0
16.5761,pauze,0,MM1 P=0:0
16.5761,pauze,0,"#66,YAW,1.93,GYRO,-8,46,-10,ACC,5,2,257,ADC,1267,386,5,2,"
16.5761,pauze,0,MM0 ?S
16.5761,pauze,0,MM1 ?S
16.5970,pauze,0,MM0 S=0:0
16.5970,pauze,0,MM1 S=0:0
16.5970,pauze,0,"#67,YAW,1.93,GYRO,-7,45,-9,ACC,4,3,257,ADC,1270,384,4,1,"
16.5970,pauze,0,MM0 ?T
16.5970,pauze,0,MM1 ?T
16.6191,pauze,0,MM0 T=35:34
16.6191,pauze,0,MM1 T=36:33
16.6191,pauze,0,"#68,YAW,1.94,GYRO,-9,45,-10,ACC,2,2,259,ADC,1259,502,5,2,"
16.6191,pauze,0,MM0 ?V
16.6191,pauze,0,MM1 ?V
16.6191,pauze,0,MM0 V=120:223:4902
16.6532,pauze,0,MM1 V=120:223:4897
16.6532,pauze,0,MM1 !M 0 0
16.6532,pauze,0,MM0 !M 0 0
16.6532,pauze,0,MM1 +
16.6532,pauze,0,MM0 +
16.6532,pauze,0,"#69,YAW,1.94,GYRO,-8,45,-10,ACC,0,7,254,ADC,1264,502,3,2,"
16.6532,pauze,0,MM0 ?CR
16.6532,pauze,0,MM1 ?CR
16.6532,pauze,0,MM0 CR=0:0
16.6532,pauze,0,MM1 CR=0:0
16.6743,pauze,0,"#70,YAW,1.94,GYRO,-9,45,-10,ACC,4,3,252,ADC,1268,496,5,2,"
16.6743,pauze,0,MM0 ?A
16.6743,pauze,0,MM1 ?A
16.6743,pauze,0,MM0 A=0:0
16.6743,pauze,0,MM1 A=0:0
16.6952,pauze,0,"#71,YAW,1.94,GYRO,-9,45,-8,ACC,6,2,257,ADC,1282,499,6,2,"
16.6952,pauze,0,MM0 ?AI
16.6952,pauze,0,MM1 ?AI
16.6952,pauze,0,MM0 AI=0:0:2406:2418:0:0
16.6952,pauze,0,MM1 AI=0:0:2327:2304:0:0
16.6952,pauze,0,"#72,YAW,1.94,GYRO,-9,46,-10,ACC,2,2,257,ADC,1268,389,7,2,"
16.7160,pauze,0,MM0 ?C
16.7160,pauze,0,MM1 ?C
16.7161,pauze,0,MM0 C=1230:-1224
16.7161,pauze,0,MM1 C=2795:-2912
16.7161,pauze,0,"#73,YAW,1.94,GYRO,-9,43,-9,ACC,-1,3,257,ADC,1245,392,6,2,"
16.7161,pauze,0,MM0 ?D
16.7631,pauze,0,MM1 ?D
16.7631,pauze,0,MM0 D=16
16.7631,pauze,0,MM1 D=2
16.7631,pauze,0,"$GPRMC,093157.8,A,5050.50649,N,00419.37671,E,000.85,143.9,021026,000.4,E*5E"
16.7631,pauze,0,"#74,YAW,1.94,GYRO,-9,46,-9,ACC,1,3,257,ADC,1246,501,6,2,"
16.7631,pauze,0,MM0 ?FF
16.7631,pauze,0,MM1 ?FF
16.7631,pauze,0,MM0 FF=0
16.7632,pauze,0,MM1 FF=0
16.7632,pauze,0,MM1 !M 0 0
16.7632,pauze,0,MM0 !M 0 0
16.7632,pauze,0,MM1 +
16.7632,pauze,0,MM0 +
16.7632,pauze,0,"#75,YAW,1.96,GYRO,-9,45,-10,ACC,1,2,255,ADC,1238,401,5,2,"
16.7632,pauze,0,MM0 ?P
16.7632,pauze,0,MM1 ?P
16.7632,pauze,0,MM0 P=0:0
16.7632,pauze,0,MM1 P=0:0
16.7838,pauze,0,"#76,YAW,1.96,GYRO,-9,46,-10,ACC,-2,3,254,ADC,1263,494,7,1,"
16.7839,pauze,0,MM0 ?S
16.7839,pauze,0,MM1 ?S
16.7839,pauze,0,MM0 S=0:0
16.7839,pauze,0,MM1 S=0:0
16.8052,pauze,0,"#77,YAW,1.96,GYRO,-8,46,-9,ACC,5,2,258,ADC,1247,395,6,2,"
16.8053,pauze,0,MM0 ?T
16.8053,pauze,0,MM1 ?T
16.8053,pauze,0,MM0 T=35:34
16.8053,pauze,0,MM1 T=36:33
16.8260,pauze,0,"#78,YAW,1.96,GYRO,-7,45,-9,ACC,0,5,257,ADC,1254,499,4,1,"
16.8261,pauze,0,MM0 ?V
16.8261,pauze,0,MM1 ?V
16.8261,pauze,0,MM0 V=120:223:4902
16.8262,pauze,0,MM1 V=120:223:4898
16.8601,pauze,0,"#79,YAW,1.96,GYRO,-8,45,-9,ACC,1,3,256,ADC,1285,501,4,2,"
16.8601,pauze,0,MM0 ?CR
16.8601,pauze,0,MM1 ?CR
16.8601,pauze,0,MM0 CR=0:0
16.8601,pauze,0,MM1 CR=0:0
16.8601,pauze,0,MM0 !M 0 0
16.8601,pauze,0,MM1 !M 0 0
16.8601,pauze,0,MM0 +
16.8601,pauze,0,MM1 +
16.8601,pauze,0,"#80,YAW,1.96,GYRO,-8,44,-9,ACC,2,4,255,ADC,1260,385,6,2,"
16.8601,pauze,0,MM0 ?A
16.8601,pauze,0,MM1 ?A
16.8601,pauze,0,MM0 A=0:0
16.8602,pauze,0,MM1 A=0:0
16.8815,pauze,0,"#81,YAW,1.96,GYRO,-9,44,-8,ACC,1,3,259,ADC,1255,503,6,2,"
16.8816,pauze,0,MM0 ?AI
16.8816,pauze,0,MM1 ?AI
16.8816,pauze,0,MM0 AI=0:0:2392:2413:0:0
16.8816,pauze,0,MM1 AI=0:0:2308:2330:0:0
16.9018,pauze,0,"#82,YAW,1.96,GYRO,-7,45,-10,ACC,3,1,252,ADC,1284,502,5,2,"
16.9018,pauze,0,MM0 ?C
16.9018,pauze,0,MM1 ?C
16.9018,pauze,0,MM0 C=1230:-1224
16.9019,pauze,0,MM1 C=2795:-2912
16.9233,pauze,0,"#83,YAW,1.96,GYRO,-8,46,-10,ACC,3,4,256,ADC,1217,404,5,2,"
16.9233,pauze,0,MM0 ?D
16.9233,pauze,0,MM1 ?D
16.9233,pauze,0,MM0 D=16
16.9233,pauze,0,MM1 D=2
16.9583,pauze,0,"$GPRMC,093158.0,A,5050.50646,N,00419.37665,E,000.85,144.1,021026,000.4,E*5C"
16.9583,pauze,0,MM1 !M 0 0
16.9583,pauze,0,MM0 !M 0 0
16.9583,pauze,0,MM0 +
16.9583,pauze,0,MM1 +
16.9583,pauze,0,"#84,YAW,1.96,GYRO,-8,45,-10,ACC,4,2,257,ADC,1259,348,3,2,"
16.9583,pauze,0,MM0 ?FF
16.9583,pauze,0,MM1 ?FF
16.9583,pauze,0,MM0 FF=0
16.9583,pauze,0,MM1 FF=0
16.9583,pauze,0,"#85,YAW,1.99,GYRO,-6,44,-11,ACC,2,4,256,ADC,1286,385,6,2,"
16.9583,pauze,0,MM0 ?P
16.9583,pauze,0,MM1 ?P
16.9583,pauze,0,MM0 P=0:0
16.9828,pauze,0,MM1 P=0:0
16.9829,pauze,0,"#86,YAW,1.99,GYRO,-9,47,-9,ACC,0,3,250,ADC,1243,396,4,1,"
16.9829,pauze,0,MM0 ?S
16.9829,pauze,0,MM1 ?S
16.9829,pauze,0,MM0 S=0:0
16.9829,pauze,0,MM1 S=0:0
16.9989,pauze,0,"#87,YAW,1.99,GYRO,-8,47,-9,ACC,4,6,254,ADC,1247,383,6,2,"
16.9989,pauze,0,MM0 ?T
16.9989,pauze,0,MM1 ?T
16.9989,pauze,0,MM0 T=35:34
16.9989,pauze,0,MM1 T=36:33
17.0207,pauze,0,"#88,YAW,1.99,GYRO,-9,44,-9,ACC,3,2,254,ADC,1236,499,5,1,"
17.0207,pauze,0,MM0 ?V
17.0207,pauze,0,MM1 ?V
17.0207,pauze,0,MM0 V=120:223:4902
17.0207,pauze,0,MM1 V=120:224:4897
17.0552,pauze,0,MM1 !M 0 0
17.0552,pauze,0,MM0 !M 0 0
17.0552,pauze,0,MM1 +
17.0552,pauze,0,MM0 +
17.0552,pauze,0,"#89,YAW,1.99,GYRO,-10,43,-9,ACC,1,5,257,ADC,1292,322,7,2,"
17.0552,pauze,0,MM1 ?CR
17.0552,pauze,0,MM0 ?CR
17.0552,pauze,0,MM1 CR=0:0
17.0552,pauze,0,MM0 CR=0:0
17.0552,pauze,0,"#90,YAW,1.99,GYRO,-8,45,-8,ACC,7,3,255,ADC,1300,502,5,2,"
17.0762,pauze,0,MM0 ?A
17.0762,pauze,0,MM1 ?A
17.0763,pauze,0,MM0 A=0:0
17.0763,pauze,0,MM1 A=0:0
17.0763,pauze,0,"#91,YAW,1.99,GYRO,-8,45,-9,ACC,5,2,258,ADC,1238,394,5,2,"
17.0763,pauze,0,MM0 ?AI
17.0970,pauze,0,MM1 ?AI
17.0970,pauze,0,MM0 AI=0:0:2406:2419:0:0
17.0970,pauze,0,MM1 AI=0:0:2315:2199:0:0
17.0970,pauze,0,"#92,YAW,1.99,GYRO,-8,44,-9,ACC,2,4,256,ADC,1300,397,4,2,"
17.0970,pauze,0,MM0 ?C
17.0970,pauze,0,MM1 ?C
17.1183,pauze,0,MM0 C=1230:-1224
17.1183,pauze,0,MM1 C=2795:-2912
17.1183,pauze,0,"#93,YAW,1.99,GYRO,-9,46,-10,ACC,0,3,258,ADC,1254,395,5,2,"
17.1183,pauze,0,MM0 ?D
17.1183,pauze,0,MM1 ?D
17.1183,pauze,0,MM0 D=16
17.1183,pauze,0,MM1 D=2
17.1532,pauze,0,"$GPRMC,093158.2,A,5050.50638,N,00419.37662,E,000.84,144.3,021026,000.4,E*53"
17.1533,pauze,0,"#94,YAW,1.99,GYRO,-9,47,-9,ACC,2,3,254,ADC,1245,389,4,2,"
17.1533,pauze,0,MM1 ?FF
17.1533,pauze,0,MM0 ?FF
17.1533,pauze,0,MM1 FF=0
17.1533,pauze,0,MM0 FF=0
17.1740,pauze,0,"#95,YAW,2.02,GYRO,-7,46,-8,ACC,2,4,254,ADC,1297,498,7,2,"
17.1740,pauze,0,MM0 ?P
17.1740,pauze,0,MM1 ?P
17.1740,pauze,0,MM0 P=0:0
17.1740,pauze,0,MM1 P=0:0
17.1954,pauze,0,"#96,YAW,2.02,GYRO,-8,44,-9,ACC,-1,6,254,ADC,1234,382,4,2,"
17.1954,pauze,0,MM0 ?S
17.1954,pauze,0,MM1 ?S
17.1954,pauze,0,MM0 S=0:0
17.1954,pauze,0,MM1 S=0:0
17.1954,pauze,0,"#97,YAW,2.02,GYRO,-8,45,-8,ACC,2,4,257,ADC,1283,390,4,1,"
17.2160,pauze,0,MM0 ?T
17.2160,pauze,0,MM1 ?T
17.2160,pauze,0,MM0 T=35:34
17.2160,pauze,0,MM1 T=36:33
17.2160,pauze,0,"#98,YAW,2.02,GYRO,-10,44,-10,ACC,-2,0,255,ADC,1231,393,6,2,"
17.2160,pauze,0,MM1 ?V
17.2690,pauze,0,MM0 ?V
17.2690,pauze,0,MM1 V=120:223:4897
17.2691,pauze,0,MM0 V=120:223:4902
17.2691,pauze,0,MM1 !M 0 0PING
17.2691,pauze,0,MM0 !M 0 0PING
17.2691,pauze,0,MM1 +
17.2691,pauze,0,MM0 +
17.2691,pauze,0,"#99,YAW,2.02,GYRO,-9,46,-9,ACC,3,4,258,ADC,1253,330,5,2,"
17.2691,pauze,0,MM0 ?CR
17.2691,pauze,0,MM1 ?CR
17.2691,pauze,0,MM1 CR=0:0
17.2691,pauze,0,MM0 CR=0:0
17.2691,pauze,0,MM1 !M 0 0
17.2691,pauze,0,MM0 !M 0 0
17.2691,pauze,0,MM1 +
17.2691,pauze,0,MM0 +
17.2691,pauze,0,"#100,YAW,2.02,GYRO,-9,45,-10,ACC,2,5,258,ADC,1232,387,4,2,"
17.2691,pauze,0,MM1 ?A
17.2691,pauze,0,MM0 ?A
17.2691,pauze,0,MM1 A=0:0
17.2691,pauze,0,MM0 A=0:0
17.2899,pauze,0,"#101,YAW,2.02,GYRO,-9,45,-10,ACC,-2,4,258,ADC,1253,384,4,2,"
17.2899,pauze,0,MM1 ?AI
17.2899,pauze,0,MM0 ?AI
17.2899,pauze,0,MM1 AI=0:0:2321:2306:0:0
17.2899,pauze,0,MM0 AI=0:0:2401:2411:0:0
17.3113,pauze,0,"#102,YAW,2.02,GYRO,-7,45,-9,ACC,2,4,254,ADC,1288,387,4,2,"
17.3113,pauze,0,MM1 ?C
17.3113,pauze,0,MM0 ?C
17.3113,pauze,0,MM1 C=2795:-2912
17.3113,pauze,0,MM0 C=1230:-1224
17.3321,pauze,0,"$GPRMC,093158.4,A,5050.50628,N,00419.37664,E,000.84,144.6,021026,000.4,E*57"
17.3321,pauze,0,"#103,YAW,2.02,GYRO,-8,46,-9,ACC,4,4,259,ADC,1264,500,4,2,"
17.3321,pauze,0,MM0 ?D
17.3321,pauze,0,MM1 ?D
17.3321,pauze,0,MM0 D=16
17.3321,pauze,0,MM1 D=2
17.3660,pauze,0,"#104,YAW,2.04,GYRO,-8,47,-10,ACC,1,4,257,ADC,1320,499,4,1,"
17.3660,pauze,0,MM1 ?FF
17.3660,pauze,0,MM0 ?FF
17.3661,pauze,0,MM1 FF=0
17.3661,pauze,0,MM0 FF=0
17.3661,pauze,0,MM0 !M 0 0
17.3661,pauze,0,MM1 !M 0 0
17.3661,pauze,0,MM0 +
17.3661,pauze,0,MM1 +
17.3661,pauze,0,"#105,YAW,2.04,GYRO,-10,47,-8,ACC,0,5,258,ADC,1269,382,6,2,"
17.3661,pauze,0,MM1 ?P
17.3661,pauze,0,MM0 ?P
17.3661,pauze,0,MM1 P=0:0
17.3661,pauze,0,MM0 P=0:0
17.3869,pauze,0,"#106,YAW,2.04,GYRO,-7,46,-9,ACC,3,4,253,ADC,1232,385,4,2,"
17.3869,pauze,0,MM1 ?S
17.3869,pauze,0,MM0 ?S
17.3869,pauze,0,MM1 S=0:0
17.3869,pauze,0,MM0 S=0:0
17.4082,pauze,0,"#107,YAW,2.04,GYRO,-9,45,-9,ACC,4,3,258,ADC,1232,394,4,2,"
17.4082,pauze,0,MM1 ?T
17.4082,pauze,0,MM0 ?T
17.4082,pauze,0,MM1 T=36:33
17.4082,pauze,0,MM0 T=35:34
17.4289,pauze,0,"#108,YAW,2.04,GYRO,-8,45,-9,ACC,4,5,254,ADC,1237,387,7,2,"
17.4289,pauze,0,MM1 ?V
17.4289,pauze,0,MM0 ?V
17.4289,pauze,0,MM1 V=120:223:4897
17.4289,pauze,0,MM0 V=120:223:4902
17.4641,pauze,0,"#109,YAW,2.04,GYRO,-8,47,-10,ACC,2,2,256,ADC,1285,499,5,2,"
17.4641,pauze,0,MM1 ?CR
17.4641,pauze,0,MM0 ?CR
17.4641,pauze,0,MM1 CR=0:0
17.4641,pauze,0,MM0 CR=0:0
17.4641,pauze,0,MM0 !M 0 0
17.4641,pauze,0,MM1 !M 0 0
17.4641,pauze,0,MM0 +
17.4641,pauze,0,MM1 +
17.4641,pauze,0,"#110,YAW,2.04,GYRO,-10,46,-9,ACC,-1,7,258,ADC,1278,501,6,2,"
17.4641,pauze,0,MM1 ?A
17.4641,pauze,0,MM0 ?A
17.4641,pauze,0,MM1 A=0:0
17.4641,pauze,0,MM0 A=0:0
17.4839,pauze,0,"#111,YAW,2.04,GYRO,-6,46,-8,ACC,1,3,248,ADC,1309,499,5,2,"
17.4839,pauze,0,MM1 ?AI
17.4839,pauze,0,MM0 ?AI
17.4839,pauze,0,MM1 AI=0:0:2321:2335:0:0
17.4839,pauze,0,MM0 AI=0:0:2418:2414:0:0
17.5049,pauze,0,"#112,YAW,2.04,GYRO,-7,44,-10,ACC,3,2,261,ADC,1253,383,5,2,"
17.5049,pauze,0,MM1 ?C
17.5049,pauze,0,MM0 ?C
17.5049,pauze,0,MM1 C=2795:-2912
17.5049,pauze,0,MM0 C=1230:-1224
17.5288,pauze,0,"$GPRMC,093158.6,A,5050.50622,N,00419.37661,E,000.83,144.9,021026,000.4,E*52"
17.5288,pauze,0,"#113,YAW,2.04,GYRO,-9,44,-9,ACC,5,4,256,ADC,1251,400,4,1,"
17.5288,pauze,0,MM0 ?D
17.5288,pauze,0,MM1 ?D
17.5289,pauze,0,MM0 D=16
17.5289,pauze,0,MM1 D=2
17.5631,pauze,0,"#114,YAW,2.07,GYRO,-8,44,-10,ACC,0,1,253,ADC,1289,390,5,2,"
17.5631,pauze,0,MM1 ?FF
17.5631,pauze,0,MM0 ?FF
17.5631,pauze,0,MM1 FF=0
17.5631,pauze,0,MM0 FF=0
17.5631,pauze,0,MM1 !M 0 0
17.5631,pauze,0,MM0 !M 0 0
17.5631,pauze,0,MM1 +
17.5631,pauze,0,MM0 +
17.5631,pauze,0,"#115,YAW,2.07,GYRO,-8,46,-9,ACC,3,3,257,ADC,1259,502,5,2,"
17.5631,pauze,0,MM1 ?P
17.5631,pauze,0,MM0 ?P
17.5631,pauze,0,MM1 P=0:0
17.5631,pauze,0,MM0 P=0:0
17.5841,pauze,0,"#116,YAW,2.07,GYRO,-8,45,-9,ACC,-1,2,258,ADC,1254,502,7,2,"
17.5842,pauze,0,MM1 ?S
17.5842,pauze,0,MM0 ?S
17.5842,pauze,0,MM1 S=0:0
17.5842,pauze,0,MM0 S=0:0
17.6050,pauze,0,"#117,YAW,2.07,GYRO,-9,47,-10,ACC,0,4,255,ADC,1271,403,5,1,"
17.6050,pauze,0,MM1 ?T
17.6050,pauze,0,MM0 ?T
17.6050,pauze,0,MM1 T=36:33
17.6050,pauze,0,MM0 T=35:34
17.6261,pauze,0,"#118,YAW,2.07,GYRO,-6,45,-8,ACC,0,5,259,ADC,1259,491,7,2,"
17.6261,pauze,0,MM1 ?V
17.6261,pauze,0,MM0 ?V
17.6261,pauze,0,MM1 V=120:223:4897
17.6261,pauze,0,MM0 V=120:223:4902
17.6615,pauze,0,"#119,YAW,2.07,GYRO,-8,46,-9,ACC,1,3,253,ADC,1258,497,5,1,"
17.6615,pauze,0,MM1 ?CR
17.6615,pauze,0,MM0 ?CR
17.6615,pauze,0,MM1 CR=0:0
17.6615,pauze,0,MM0 CR=0:0
17.6615,pauze,0,MM0 !M 0 0
17.6615,pauze,0,MM1 !M 0 0
17.6615,pauze,0,MM0 +
17.6615,pauze,0,MM1 +
17.6615,pauze,0,"#120,YAW,2.07,GYRO,-8,46,-10,ACC,2,6,258,ADC,1271,388,5,2,"
17.6615,pauze,0,MM1 ?A
17.6615,pauze,0,MM0 ?A
17.6616,pauze,0,MM1 A=0:0
17.6616,pauze,0,MM0 A=0:0
17.6820,pauze,0,"#121,YAW,2.07,GYRO,-8,44,-9,ACC,1,3,257,ADC,1251,391,4,1,"
17.6820,pauze,0,MM1 ?AI
17.6820,pauze,0,MM0 ?AI
17.6820,pauze,0,MM1 AI=0:0:2340:2316:0:0
17.6820,pauze,0,MM0 AI=0:0:2410:2416:0:0
17.7034,pauze,0,"#122,YAW,2.07,GYRO,-9,44,-8,ACC,1,3,254,ADC,1238,401,7,2,"
17.7034,pauze,0,MM1 ?C
17.7034,pauze,0,MM0 ?C
17.7034,pauze,0,MM1 C=2795:-2912
17.7034,pauze,0,MM0 C=1230:-1224
17.7243,pauze,0,"$GPRMC,093158.8,A,5050.50620,N,00419.37667,E,000.82,145.1,021026,000.4,E*50"
17.7243,pauze,0,"#123,YAW,2.07,GYRO,-8,44,-10,ACC,5,3,254,ADC,1296,501,5,2,"
17.7243,pauze,0,MM0 ?D
17.7244,pauze,0,MM1 ?D
17.7582,pauze,0,MM0 D=16
17.7582,pauze,0,MM1 D=2
17.7582,pauze,0,"#124,YAW,2.09,GYRO,-7,45,-10,ACC,2,2,254,ADC,1212,382,4,1,"
17.7582,pauze,0,MM0 !M 0 0
17.7582,pauze,0,MM0 +
17.7582,pauze,0,MM1 !M 0 0
17.7582,pauze,0,MM1 +
17.7582,pauze,0,MM0 ?FF
17.7582,pauze,0,MM1 ?FF
17.7583,pauze,0,MM0 FF=0
17.7583,pauze,0,MM1 FF=0
17.7583,pauze,0,"#125,YAW,2.09,GYRO,-9,45,-11,ACC,2,4,258,ADC,1237,382,6,2,"
17.7583,pauze,0,MM1 ?P
17.7583,pauze,0,MM0 ?P
17.7583,pauze,0,MM1 P=0:0
17.7790,pauze,0,MM0 P=0:0
17.7790,pauze,0,"#126,YAW,2.09,GYRO,-7,45,-9,ACC,0,1,253,ADC,1225,400,5,1,"
17.7790,pauze,0,MM1 ?S
17.7790,pauze,0,MM0 ?S
17.7790,pauze,0,MM1 S=0:0
17.7790,pauze,0,MM0 S=0:0
17.8010,pauze,0,"#127,YAW,2.09,GYRO,-8,43,-10,ACC,2,2,255,ADC,1283,384,6,2,"
17.8010,pauze,0,MM1 ?T
17.8010,pauze,0,MM0 ?T
17.8010,pauze,0,MM1 T=36:33
17.8010,pauze,0,MM0 T=35:34
17.8209,pauze,0,"#128,YAW,2.09,GYRO,-8,44,-10,ACC,6,3,254,ADC,1272,502,7,2,"
17.8209,pauze,0,MM1 ?V
17.8209,pauze,0,MM0 ?V
17.8209,pauze,0,MM1 V=120:223:4897
17.8209,pauze,0,MM0 V=120:223:4902
17.8689,pauze,0,"#129,YAW,2.09,GYRO,-8,47,-9,ACC,2,3,255,ADC,1210,497,4,1,"
17.8689,pauze,0,MM0 ?CR
17.8690,pauze,0,MM1 ?CR
17.8690,pauze,0,MM1 CR=0:0
17.8690,pauze,0,MM0 CR=0:0
17.8690,pauze,0,MM1 !M 0 0
17.8690,pauze,0,MM0 !M 0 0
17.8690,pauze,0,MM1 +
17.8690,pauze,0,MM0 +
17.8690,pauze,0,"#130,YAW,2.09,GYRO,-7,45,-10,ACC,4,1,251,ADC,1303,394,7,2,"
17.8690,pauze,0,MM0 ?A
17.8690,pauze,0,MM1 ?A
17.8690,pauze,0,MM0 A=0:0
17.8690,pauze,0,MM1 A=0:0
17.8900,pauze,0,"#131,YAW,2.09,GYRO,-8,46,-9,ACC,2,4,254,ADC,1246,385,7,2,"
17.8900,pauze,0,MM0 ?AI
17.8900,pauze,0,MM1 ?AI
17.8900,pauze,0,MM0 AI=0:0:2428:2414:0:0
17.8900,pauze,0,MM1 AI=0:0:2315:2356:0:0
17.9111,pauze,0,"#132,YAW,2.09,GYRO,-8,45,-8,ACC,3,2,258,ADC,1262,399,3,1,"
17.9111,pauze,0,MM0 ?C
17.9111,pauze,0,MM1 ?C
17.9111,pauze,0,MM0 C=1230:-1224
17.9112,pauze,0,MM1 C=2795:-2912
17.9322,pauze,0,"#133,YAW,2.09,GYRO,-8,44,-9,ACC,1,4,251,ADC,1266,401,4,1,"
17.9322,pauze,0,MM0 ?D
17.9322,pauze,0,MM1 ?D
17.9322,pauze,0,MM0 D=16
17.9322,pauze,0,MM1 D=2
17.9322,pauze,0,"$GPRMC,093159.0,A,5050.50616,N,00419.37678,E,000.81,145.2,021026,000.4,E*52"
17.9730,pauze,0,"#134,YAW,2.09,GYRO,-8,44,-7,ACC,1,4,254,ADC,1280,384,6,2,"
17.9730,pauze,0,MM0 ?FF
17.9730,pauze,0,MM1 ?FF
17.9730,pauze,0,MM0 FF=0
17.9730,pauze,0,MM1 FF=0
17.9730,pauze,0,MM0 !M 0 0
17.9730,pauze,0,MM1 !M 0 0
17.9730,pauze,0,MM0 +
17.9730,pauze,0,MM1 +
17.9730,pauze,0,"#135,YAW,2.11,GYRO,-7,46,-9,ACC,5,1,259,ADC,1225,381,7,2,"
17.9730,pauze,0,MM0 ?P
17.9730,pauze,0,MM1 ?P
17.9730,pauze,0,MM0 P=0:0
17.9730,pauze,0,MM1 P=0:0
17.9868,pauze,0,"#136,YAW,2.11,GYRO,-8,46,-10,ACC,2,4,250,ADC,1226,383,6,2,"
17.9869,pauze,0,MM0 ?S
17.9869,pauze,0,MM1 ?S
17.9869,pauze,0,MM0 S=0:0
17.9869,pauze,0,MM1 S=0:0
18.0081,pauze,0,"#137,YAW,2.11,GYRO,-8,44,-8,ACC,1,2,253,ADC,1238,390,6,1,"
18.0081,pauze,0,MM0 ?T
18.0081,pauze,0,MM1 ?T
18.0081,pauze,0,MM0 T=35:34
18.0081,pauze,0,MM1 T=36:33
18.0329,pauze,0,"#138,YAW,2.12,GYRO,-8,45,-9,ACC,5,1,259,ADC,1286,497,5,3,"
18.0329,pauze,0,MM0 ?V
18.0329,pauze,0,MM1 ?V
18.0329,pauze,0,MM0 V=120:222:4902
18.0329,pauze,0,MM1 V=120:223:4897
18.0669,pauze,0,"#139,YAW,2.12,GYRO,-9,44,-9,ACC,-1,6,254,ADC,1286,502,7,2,"
18.0669,pauze,0,MM0 ?CR
18.0669,pauze,0,MM1 ?CR
18.0670,pauze,0,MM0 CR=0:0
18.0670,pauze,0,MM1 CR=0:0
18.0670,pauze,0,MM0 !M 0 0
18.0670,pauze,0,MM1 !M 0 0
18.0670,pauze,0,MM0 +
18.0670,pauze,0,MM1 +
18.0670,pauze,0,"#140,YAW,2.12,GYRO,-8,45,-8,ACC,-1,3,253,ADC,1252,501,4,1,"
18.0670,pauze,0,MM0 ?A
18.0670,pauze,0,MM1 ?A
18.0670,pauze,0,MM0 A=0:0
18.0670,pauze,0,MM1 A=0:0
18.0879,pauze,0,"#141,YAW,2.12,GYRO,-7,45,-9,ACC,2,2,256,ADC,1274,491,5,2,"
18.0879,pauze,0,MM0 ?AI
18.0879,pauze,0,MM1 ?AI
18.0879,pauze,0,MM0 AI=0:0:2394:2436:0:0
18.0879,pauze,0,MM1 AI=0:0:2306:2321:0:0
18.1088,pauze,0,"#142,YAW,2.12,GYRO,-6,46,-9,ACC,0,3,259,ADC,1280,385,7,1,"
18.1088,pauze,0,MM0 ?C
18.1088,pauze,0,MM1 ?C
18.1089,pauze,0,MM0 C=1230:-1224
18.1089,pauze,0,MM1 C=2795:-2912
18.1305,terug,0,"#143,YAW,2.12,GYRO,-8,45,-8,ACC,3,5,255,ADC,1210,396,6,2,"
18.1305,terug,0,MM0 ?D
18.1306,terug,0,MM1 ?D
18.1306,terug,0,MM0 D=16
18.1306,terug,0,MM1 D=2
18.1306,terug,0,"$GPRMC,093159.2,A,5050.50615,N,00419.37684,E,000.80,145.2,021026,000.4,E*51"
18.1639,terug,0,"#144,YAW,2.12,GYRO,-8,46,-10,ACC,2,2,258,ADC,1234,388,5,2,"
18.1639,terug,0,MM0 ?FF
18.1639,terug,0,MM1 ?FF
18.1639,terug,0,MM0 FF=0
18.1640,terug,0,MM1 FF=0
18.1640,terug,0,MM1 !M 0 0
18.1640,terug,0,MM0 !M 0 0
18.1640,terug,0,MM1 +
18.1640,terug,0,MM0 +
18.1640,terug,0,"#145,YAW,2.14,GYRO,-9,46,-9,ACC,0,3,261,ADC,1242,387,5,2,"
18.1640,terug,0,MM0 ?P
18.1640,terug,0,MM1 ?P
18.1640,terug,0,MM0 P=0:0
18.1640,terug,0,MM1 P=0:0
18.1848,terug,0,"#146,YAW,2.14,GYRO,-8,46,-9,ACC,3,3,252,ADC,1223,390,5,2,"
18.1848,terug,0,MM0 ?S
18.1848,terug,0,MM1 ?S
18.1849,terug,0,MM0 S=0:0
18.1849,terug,0,MM1 S=0:0
18.2058,terug,0,"#147,YAW,2.14,GYRO,-10,46,-9,ACC,-1,2,257,ADC,1267,384,6,2,"
18.2058,terug,0,MM0 ?T
18.2059,terug,0,MM1 ?T
18.2059,terug,0,MM0 T=35:34
18.2059,terug,0,MM1 T=36:33
18.2268,terug,-30,"#148,YAW,2.14,GYRO,-8,47,-8,ACC,3,4,258,ADC,1256,500,5,2,"
18.2268,terug,-30,MM0 ?V
18.2268,terug,-30,MM1 ?V
18.2268,terug,-30,MM0 V=120:221:4902
18.2268,terug,-30,MM1 V=120:223:4897
18.2614,terug,-30,"#149,YAW,2.14,GYRO,-8,43,-8,ACC,0,1,257,ADC,1250,383,5,1,"
18.2614,terug,-30,MM0 ?CR
18.2614,terug,-30,MM1 ?CR
18.2614,terug,-30,MM0 CR=0:0
18.2614,terug,-30,MM1 CR=0:0
18.2614,terug,-30,MM0 !M -30 30
18.2614,terug,-30,MM1 !M -30 30
18.2614,terug,-30,MM0 +
18.2614,terug,-30,MM1 +
18.2614,terug,-30,"#150,YAW,2.14,GYRO,-7,47,-11,ACC,-12,6,248,ADC,1265,396,6,2,"
18.2614,terug,-30,MM0 ?A
18.2614,terug,-30,MM1 ?A
18.2614,terug,-30,MM0 A=0:0
18.2614,terug,-30,MM1 A=0:0
18.2820,terug,-30,"#151,YAW,2.14,GYRO,-8,53,-11,ACC,-1,2,259,ADC,1248,383,4,2,"
18.2820,terug,-30,MM0 ?AI
18.2820,terug,-30,MM1 ?AI
18.2820,terug,-30,MM0 AI=0:0:2403:2406:0:0
18.2820,terug,-30,MM1 AI=0:0:2276:2303:0:0
18.3029,terug,-30,"#152,YAW,2.14,GYRO,-7,40,-10,ACC,-3,4,258,ADC,1255,503,5,2,"
18.3029,terug,-30,MM0 ?C
18.3029,terug,-30,MM1 ?C
18.3029,terug,-30,MM0 C=1230:-1224
18.3029,terug,-30,MM1 C=2795:-2912
18.3242,terug,-60,"#153,YAW,2.14,GYRO,-10,50,-11,ACC,-1,2,255,ADC,1298,400,4,2,"
18.3242,terug,-60,MM0 ?D
18.3242,terug,-60,MM1 ?D
18.3242,terug,-60,MM0 D=16
18.3242,terug,-60,MM1 D=2
18.3582,terug,-60,"$GPRMC,093159.4,A,5050.50609,N,00419.37687,E,000.79,145.3,021026,000.4,E*5E"
18.3583,terug,-60,"#154,YAW,2.14,GYRO,-6,43,-10,ACC,-4,6,255,ADC,1259,399,4,1,"
18.3583,terug,-60,MM0 !M -60 60
18.3583,terug,-60,MM0 +
18.3583,terug,-60,MM1 !M -60 60
18.3583,terug,-60,MM1 +
18.3583,terug,-60,MM0 ?FF
18.3583,terug,-60,MM1 ?FF
18.3583,terug,-60,MM0 FF=0
18.3583,terug,-60,MM1 FF=0
18.3583,terug,-60,"#155,YAW,2.16,GYRO,-4,63,-33,ACC,-8,6,243,ADC,1290,499,7,1,"
18.3583,terug,-60,MM0 ?P
18.3583,terug,-60,MM1 ?P
18.3583,terug,-60,MM0 P=-60:60
18.3789,terug,-60,MM1 P=-60:60
18.3789,terug,-60,"#156,YAW,2.16,GYRO,-13,53,-7,ACC,-12,8,250,ADC,1206,381,4,2,"
18.3789,terug,-60,MM0 ?S
18.3789,terug,-60,MM1 ?S
18.3789,terug,-60,MM0 S=0:0
18.3789,terug,-60,MM1 S=0:0
18.4000,terug,-60,"#157,YAW,2.16,GYRO,-6,40,18,ACC,-9,2,256,ADC,1251,387,7,2,"
18.4001,terug,-60,MM0 ?T
18.4001,terug,-60,MM1 ?T
18.4001,terug,-60,MM0 T=35:34
18.4001,terug,-60,MM1 T=36:33
18.4208,terug,-60,"#158,YAW,2.16,GYRO,-11,58,33,ACC,-8,0,254,ADC,1267,389,5,2,"
18.4208,terug,-60,MM0 ?V
18.4208,terug,-60,MM1 ?V
18.4208,terug,-60,MM0 V=120:223:4902
18.4208,terug,-60,MM1 V=120:222:4899
18.4700,terug,-90,"#159,YAW,2.16,GYRO,-4,51,10,ACC,-14,2,245,ADC,1255,502,4,1,"
18.4700,terug,-90,MM0 ?CR
18.4700,terug,-90,MM1 ?CR
18.4700,terug,-90,MM0 CR=-3:2
18.4700,terug,-90,MM1 CR=-2:2
18.4700,terug,-90,MM0 !M -90 90
18.4700,terug,-90,MM1 !M -90 90
18.4700,terug,-90,MM0 +
18.4700,terug,-90,MM1 +
18.4700,terug,-90,"#160,YAW,2.16,GYRO,-11,58,-31,ACC,-10,4,260,ADC,1252,389,7,1,"
18.4700,terug,-90,MM0 ?A
18.4700,terug,-90,MM1 ?A
18.4700,terug,-90,MM0 A=-4:0
18.4700,terug,-90,MM1 A=0:0
18.4912,terug,-90,"#161,YAW,2.16,GYRO,-10,76,-32,ACC,-15,4,263,ADC,1267,500,5,2,"
18.4912,terug,-90,MM0 ?AI
18.4912,terug,-90,MM1 ?AI
18.4912,terug,-90,MM0 AI=0:0:2414:2419:0:0
18.4912,terug,-90,MM1 AI=0:0:2240:2328:0:0
18.5121,terug,-90,"#162,YAW,2.16,GYRO,-9,51,-18,ACC,-31,6,245,ADC,1312,501,4,2,"
18.5121,terug,-90,MM0 ?C
18.5121,terug,-90,MM1 ?C
18.5121,terug,-90,MM0 C=1225:-1220
18.5121,terug,-90,MM1 C=2791:-2908
18.5330,terug,-120,"#163,YAW,2.16,GYRO,-13,42,-17,ACC,-5,5,260,ADC,1240,380,8,2,"
18.5330,terug,-120,MM0 ?D
18.5331,terug,-120,MM1 ?D
18.5331,terug,-120,MM0 D=18
18.5331,terug,-120,MM1 D=19
18.5331,terug,-120,"$GPRMC,093159.6,A,5050.50608,N,00419.37680,E,000.78,145.3,021026,000.4,E*5B"
18.5668,terug,-120,"#164,YAW,2.16,GYRO,-6,50,5,ACC,-20,6,244,ADC,1262,383,4,3,"
18.5668,terug,-120,MM0 ?FF
18.5668,terug,-120,MM1 ?FF
18.5668,terug,-120,MM0 FF=0
18.5668,terug,-120,MM1 FF=0
18.5668,terug,-120,"#165,YAW,2.18,GYRO,-16,40,-8,ACC,-1,6,261,ADC,1272,399,6,2,"
18.5668,terug,-120,MM0 ?P
18.5668,terug,-120,MM1 ?P
18.5669,terug,-120,MM0 P=-90:90
18.5669,terug,-120,MM1 P=-90:90
18.5880,terug,-120,"#166,YAW,2.18,GYRO,-6,40,-1,ACC,-14,1,252,ADC,1291,393,5,2,"
18.5880,terug,-120,MM0 ?S
18.5880,terug,-120,MM1 ?S
18.5881,terug,-120,MM0 S=0:0
18.5881,terug,-120,MM1 S=-75:75
18.6088,terug,-120,"#167,YAW,2.18,GYRO,-29,15,-8,ACC,-7,3,243,ADC,1248,385,8,2,"
18.6088,terug,-120,MM0 ?T
18.6088,terug,-120,MM1 ?T
18.6088,terug,-120,MM0 T=35:34
18.6088,terug,-120,MM1 T=36:33
18.6300,terug,-150,"#168,YAW,2.18,GYRO,-4,42,-15,ACC,0,3,261,ADC,1272,498,6,1,"
18.6300,terug,-150,MM0 ?V
18.6301,terug,-150,MM1 ?V
18.6301,terug,-150,MM0 V=120:223:4902
18.6301,terug,-150,MM1 V=120:223:4899
18.6532,terug,-150,"#169,YAW,2.18,GYRO,-21,12,-7,ACC,-19,1,261,ADC,1268,500,7,2,"
18.6532,terug,-150,MM0 ?CR
18.6532,terug,-150,MM0 CR=-9:9
18.6532,terug,-150,MM1 ?CR
18.6532,terug,-150,MM1 CR=-9:9
18.6532,terug,-150,MM1 !M -120 120
18.6533,terug,-150,MM0 !M -120 120
18.6533,terug,-150,MM1 +
18.6533,terug,-150,MM0 +
18.6533,terug,-150,MM0 PING
18.6533,terug,-150,MM1 PING
18.6723,terug,-150,"#170,YAW,2.18,GYRO,-20,7,-31,ACC,-29,1,228,ADC,1281,502,6,2,"
18.6723,terug,-150,MM0 ?A
18.6723,terug,-150,MM1 ?A
18.6723,terug,-150,MM0 A=-4:5
18.6723,terug,-150,MM1 A=-4:5
18.6930,terug,-150,"#171,YAW,2.18,GYRO,-9,47,-35,ACC,-17,7,253,ADC,1276,499,6,2,"
18.6930,terug,-150,MM0 ?AI
18.6930,terug,-150,MM1 ?AI
18.6930,terug,-150,MM0 AI=0:0:2409:2418:0:0
18.6930,terug,-150,MM1 AI=0:0:2311:2338:0:0
18.7141,terug,-150,"#172,YAW,2.18,GYRO,2,52,-30,ACC,-19,-2,269,ADC,1252,499,6,1,"
18.7141,terug,-150,MM0 ?C
18.7141,terug,-150,MM1 ?C
18.7141,terug,-150,MM0 C=1214:-1209
18.7141,terug,-150,MM1 C=2780:-2896
18.7354,terug,-150,"#173,YAW,2.18,GYRO,1,56,-16,ACC,-10,-1,249,ADC,1234,385,4,2,"
18.7354,terug,-150,MM0 ?D
18.7354,terug,-150,MM1 ?D
18.7355,terug,-150,MM0 D=50
18.7355,terug,-150,MM1 D=19
18.7355,terug,-150,"$GPRMC,093159.8,A,5050.50606,N,00419.37676,E,000.78,145.3,021026,000.4,E*52"
18.7355,terug,-150,"#174,YAW,2.18,GYRO,-9,31,-7,ACC,-7,-3,241,ADC,1222,383,5,2,"
18.7690,terug,-150,MM0 !M -150 150
18.7690,terug,-150,MM0 +
18.7690,terug,-150,MM0 PING
18.7690,terug,-150,MM1 !M -150 150
18.7690,terug,-150,MM1 +
18.7690,terug,-150,MM1 PING
18.7690,terug,-150,MM0 ?FF
18.7690,terug,-150,MM1 ?FF
18.7690,terug,-150,MM0 FF=0
18.7690,terug,-150,MM1 FF=0
18.7690,terug,-150,"#175,YAW,2.20,GYRO,4,89,-6,ACC,-34,1,236,ADC,1250,386,3,2,"
18.7690,terug,-150,MM0 ?P
18.7690,terug,-150,MM1 ?P
18.7690,terug,-150,MM0 P=-150:150
18.7690,terug,-150,MM1 P=-150:150
18.7900,terug,-150,"#176,YAW,2.20,GYRO,-2,44,0,ACC,-33,-8,265,ADC,1215,381,5,2,"
18.7900,terug,-150,MM0 ?S
18.7900,terug,-150,MM1 ?S
18.7900,terug,-150,MM0 S=-75:75
18.7900,terug,-150,MM1 S=-75:75
18.8109,terug,-150,"#177,YAW,2.20,GYRO,-33,38,10,ACC,-34,4,254,ADC,1239,502,5,2,"
18.8109,terug,-150,MM0 ?T
18.8109,terug,-150,MM1 ?T
18.8109,terug,-150,MM0 T=35:34
18.8109,terug,-150,MM1 T=36:33
18.8321,terug,-150,"#178,YAW,2.20,GYRO,-14,81,15,ACC,-27,1,240,ADC,1253,496,6,2,"
18.8321,terug,-150,MM0 ?V
18.8321,terug,-150,MM1 ?V
18.8321,terug,-150,MM0 V=120:223:4903
18.8321,terug,-150,MM1 V=120:223:4899
18.8729,terug,-150,"#179,YAW,2.20,GYRO,-47,47,16,ACC,-19,2,273,ADC,1230,325,5,2,"
18.8729,terug,-150,MM0 !M -150 150
18.8730,terug,-150,MM0 +
18.8730,terug,-150,MM0 PING
18.8730,terug,-150,MM1 !M -150 150
18.8730,terug,-150,MM1 +
18.8730,terug,-150,MM1 PING
18.8730,terug,-150,MM0 ?CR
18.8730,terug,-150,MM1 ?CR
18.8730,terug,-150,MM0 CR=-18:18
18.8730,terug,-150,MM1 CR=-18:19
18.8730,terug,-150,MM0 !M -150 150
18.8730,terug,-150,MM0 +
18.8730,terug,-150,MM1 !M -150 150
18.8730,terug,-150,MM1 +
18.8730,terug,-150,"#180,YAW,2.20,GYRO,-43,14,-5,ACC,-23,19,256,ADC,1232,295,5,2,"
18.8730,terug,-150,MM1 ?A
18.8730,terug,-150,MM0 ?A
18.8730,terug,-150,MM0 A=-4:5
18.8730,terug,-150,MM1 A=-4:5
18.8872,terug,-150,"#181,YAW,2.20,GYRO,-56,-10,-22,ACC,-27,6,231,ADC,1239,386,5,2,"
18.8872,terug,-150,MM0 ?AI
18.8872,terug,-150,MM1 ?AI
18.8872,terug,-150,MM0 AI=0:0:2400:2409:0:0
18.8872,terug,-150,MM1 AI=0:0:2331:2331:0:0
18.9079,terug,-150,"#182,YAW,2.20,GYRO,-26,-2,-34,ACC,-18,1,261,ADC,1252,391,4,2,"
18.9079,terug,-150,MM0 ?C
18.9080,terug,-150,MM1 ?C
18.9080,terug,-150,MM0 C=1192:-1187
18.9080,terug,-150,MM1 C=2758:-2875
18.9288,terug,-150,"#183,YAW,2.20,GYRO,-36,24,-39,ACC,-9,1,279,ADC,1241,382,5,2,"
18.9288,terug,-150,MM0 ?D
18.9288,terug,-150,MM1 ?D
18.9288,terug,-150,MM0 D=18
18.9288,terug,-150,MM1 D=2
18.9288,terug,-150,"$GPRMC,093200.0,A,5050.50606,N,00419.37670,E,000.77,145.4,021026,000.4,E*5B"
18.9651,terug,-150,"#184,YAW,2.20,GYRO,24,129,-24,ACC,-11,0,240,ADC,1209,381,6,2,"
18.9651,terug,-150,MM0 ?FF
18.9651,terug,-150,MM1 ?FF
18.9651,terug,-150,MM0 FF=0
18.9651,terug,-150,MM1 FF=0
18.9651,terug,-150,MM0 !M -150 150
18.9651,terug,-150,MM1 !M -150 150
18.9651,terug,-150,MM0 +
18.9651,terug,-150,MM1 +
18.9651,terug,-150,"#185,YAW,2.22,GYRO,29,115,-11,ACC,7,3,278,ADC,1267,384,7,2,"
18.9651,terug,-150,MM0 ?P
18.9651,terug,-150,MM1 ?P
18.9651,terug,-150,MM0 P=-150:150
18.9651,terug,-150,MM1 P=-150:150
18.9929,terug,-150,"#186,YAW,2.22,GYRO,-18,96,12,ACC,-7,8,286,ADC,1245,498,5,2,"
18.9929,terug,-150,MM0 ?S
18.9929,terug,-150,MM1 ?S
18.9929,terug,-150,MM0 S=-75:75
18.9929,terug,-150,MM1 S=-150:75
19.0072,terug,-150,"#187,YAW,2.21,GYRO,20,43,16,ACC,-8,4,259,ADC,1242,502,5,2,"
19.0073,terug,-150,MM0 ?T
19.0073,terug,-150,MM1 ?T
19.0074,terug,-150,MM0 T=35:34
19.0074,terug,-150,MM1 T=36:33
19.0279,terug,-150,"#188,YAW,2.21,GYRO,-62,5,2,ACC,3,10,231,ADC,1230,382,4,2,"
19.0279,terug,-150,MM0 ?V
19.0279,terug,-150,MM1 ?V
19.0279,terug,-150,MM0 V=120:224:4904
19.0279,terug,-150,MM1 V=120:223:4899
19.0625,terug,-150,"#189,YAW,2.21,GYRO,-9,-25,-13,ACC,-3,-3,238,ADC,1226,383,6,2,"
19.0626,terug,-150,MM0 ?CR
19.0626,terug,-150,MM1 ?CR
19.0626,terug,-150,MM0 CR=-30:29
19.0626,terug,-150,MM1 CR=-29:28
19.0626,terug,-150,"#190,YAW,2.22,GYRO,-11,-14,-34,ACC,-2,-7,270,ADC,1249,384,6,2,"
19.0626,terug,-150,MM0 ?A
19.0626,terug,-150,MM1 ?A
19.0626,terug,-150,MM0 A=-4:0
19.0626,terug,-150,MM1 A=0:0
19.0828,terug,-150,"#191,YAW,2.22,GYRO,50,65,-39,ACC,10,1,255,ADC,1232,389,4,2,"
19.0828,terug,-150,MM0 ?AI
19.0828,terug,-150,MM1 ?AI
19.0828,terug,-150,MM0 AI=0:0:2405:2420:0:0
19.0828,terug,-150,MM1 AI=0:0:2317:2333:0:0
19.1039,terug,-150,"#192,YAW,2.22,GYRO,51,63,-13,ACC,-6,7,239,ADC,1260,502,5,2,"
19.1039,terug,-150,MM0 ?C
19.1039,terug,-150,MM1 ?C
19.1039,terug,-150,MM0 C=1161:-1156
19.1039,terug,-150,MM1 C=2728:-2844
19.1250,terug,-150,"#193,YAW,2.22,GYRO,-15,81,8,ACC,2,22,261,ADC,1262,384,6,2,"
19.1250,terug,-150,"$GPRMC,093200.2,A,5050.50608,N,00419.37659,E,000.75,145.4,021026,000.4,E*5E"
19.1250,terug,-150,MM0 ?D
19.1250,terug,-150,MM1 ?D
19.1251,terug,-150,MM1 D=33
19.1251,terug,-150,MM0 D=0
19.1742,terug,-150,"#194,YAW,2.22,GYRO,2,47,31,ACC,-5,8,260,ADC,1200,381,3,2,"
19.1742,terug,-150,MM0 ?FF
19.1742,terug,-150,MM0 FF=0
19.1742,terug,-150,MM1 ?FF
19.1742,terug,-150,MM1 FF=0
19.1742,terug,-150,MM1 !M -150 150
19.1742,terug,-150,MM0 !M -150 150
19.1742,terug,-150,MM1 +
19.1742,terug,-150,MM0 +
19.1742,terug,-150,MM1 PING
19.1742,terug,-150,MM0 PING
19.1742,terug,-150,MM0 !M -150 150
19.1742,terug,-150,MM1 !M -150 150
19.1742,terug,-150,MM0 +
19.1742,terug,-150,MM1 +
19.1742,terug,-150,"#195,YAW,2.23,GYRO,-70,40,30,ACC,6,-2,231,ADC,1274,336,7,1,"
19.1742,terug,-150,MM0 ?P
19.1742,terug,-150,MM1 ?P
19.1742,terug,-150,MM0 P=-150:150
19.1742,terug,-150,MM1 P=-150:150
19.1950,terug,-150,"#196,YAW,2.23,GYRO,-29,7,8,ACC,-8,-8,265,ADC,1226,383,5,2,"
19.1950,terug,-150,MM0 ?S
19.1950,terug,-150,MM1 ?S
19.1950,terug,-150,MM0 S=-150:150
19.1950,terug,-150,MM1 S=-75:150
19.2159,terug,-150,"#197,YAW,2.23,GYRO,-8,-7,-15,ACC,-6,-13,253,ADC,1231,500,4,2,"
19.2159,terug,-150,MM0 ?T
19.2159,terug,-150,MM1 ?T
19.2159,terug,-150,MM0 T=35:34
19.2159,terug,-150,MM1 T=36:33
19.2159,terug,-150,"#198,YAW,2.23,GYRO,26,35,-30,ACC,3,-5,256,ADC,1234,500,5,3,"
19.2370,terug,-150,MM0 ?V
19.2370,terug,-150,MM1 ?V
19.2370,terug,-150,MM0 V=120:223:4904
19.2370,terug,-150,MM1 V=120:223:4899
19.2370,terug,-150,"#199,YAW,2.23,GYRO,52,87,-31,ACC,7,9,256,ADC,1249,389,6,2,"
19.2370,terug,-150,MM0 ?CR
19.2370,terug,-150,MM1 ?CR
19.2710,terug,-150,MM0 CR=-31:32
19.2710,terug,-150,MM1 CR=-31:32
19.2710,terug,-150,MM0 !M -150 150
19.2710,terug,-150,MM1 !M -150 150
19.2710,terug,-150,MM0 +
19.2710,terug,-150,MM1 +
19.2710,terug,-150,"#200,YAW,2.23,GYRO,0,102,-19,ACC,-3,28,262,ADC,1292,402,7,2,"
19.2710,terug,-150,MM0 ?A
19.2710,terug,-150,MM1 ?A
19.2710,terug,-150,MM0 A=0:0
19.2710,terug,-150,MM1 A=0:0
19.2924,terug,-150,"#201,YAW,2.23,GYRO,-24,42,14,ACC,13,19,266,ADC,1263,400,6,2,"
19.2925,terug,-150,MM0 ?AI
19.2925,terug,-150,MM1 ?AI
19.2925,terug,-150,MM0 AI=0:0:2391:2423:0:0
19.2925,terug,-150,MM1 AI=0:0:2333:2327:0:0
19.3130,terug,-150,"#202,YAW,2.23,GYRO,-52,68,28,ACC,4,0,254,ADC,1263,385,7,2,"
19.3130,terug,-150,MM0 ?C
19.3130,terug,-150,MM1 ?C
19.3130,terug,-150,MM0 C=1129:-1125
19.3130,terug,-150,MM1 C=2696:-2813
19.3340,terug,-150,"$GPRMC,093200.4,A,5050.50611,N,00419.37651,E,000.74,145.5,021026,000.4,E*58"
19.3341,terug,-150,"#203,YAW,2.23,GYRO,-48,14,23,ACC,-7,-13,237,ADC,1259,502,5,2,"
19.3341,terug,-150,MM0 ?D
19.3341,terug,-150,MM1 ?D
19.3341,terug,-150,MM1 D=49
19.3341,terug,-150,MM0 D=32
19.3829,terug,-150,"#204,YAW,2.25,GYRO,-29,-45,10,ACC,1,-13,257,ADC,1253,503,5,1,"
19.3829,terug,-150,MM1 ?FF
19.3829,terug,-150,MM0 ?FF
19.3829,terug,-150,MM1 FF=0
19.3829,terug,-150,MM0 FF=0
19.3829,terug,-150,"#205,YAW,2.25,GYRO,21,-7,-19,ACC,0,-12,244,ADC,1301,393,6,2,"
19.3829,terug,-150,MM0 ?P
19.3829,terug,-150,MM1 ?P
19.3829,terug,-150,MM0 P=-150:150
19.3829,terug,-150,MM1 P=-150:150
19.3830,terug,-150,"#206,YAW,2.25,GYRO,31,23,-41,ACC,-1,8,245,ADC,1239,393,7,2,"
19.3830,terug,-150,MM0 ?S
19.3830,terug,-150,MM1 ?S
19.3830,terug,-150,MM0 S=-75:75
19.3830,terug,-150,MM1 S=-150:75
19.4039,terug,-150,"#207,YAW,2.25,GYRO,16,85,-39,ACC,6,16,259,ADC,1246,503,5,2,"
19.4039,terug,-150,MM0 ?T
19.4039,terug,-150,MM1 ?T
19.4039,terug,-150,MM0 T=35:34
19.4039,terug,-150,MM1 T=36:33
19.4251,terug,-150,"#208,YAW,2.25,GYRO,-26,141,-26,ACC,15,20,266,ADC,1217,403,4,3,"
19.4251,terug,-150,MM0 ?V
19.4251,terug,-150,MM1 ?V
19.4251,terug,-150,MM0 V=120:223:4904
19.4251,terug,-150,MM1 V=120:222:4900
19.4753,terug,-150,"#209,YAW,2.25,GYRO,-39,135,20,ACC,3,1,258,ADC,1297,402,4,2,"
19.4753,terug,-150,MM1 ?CR
19.4753,terug,-150,MM0 ?CR
19.4753,terug,-150,MM1 CR=-32:31
19.4753,terug,-150,MM0 CR=-32:31
19.4753,terug,-150,MM0 !M -150 150
19.4753,terug,-150,MM1 !M -150 150
19.4753,terug,-150,MM0 +
19.4753,terug,-150,MM1 +
19.4753,terug,-150,MM1 PING
19.4754,terug,-150,MM0 PING
19.4754,terug,-150,MM0 !M -150 150
19.4754,terug,-150,MM1 !M -150 150
19.4754,terug,-150,MM0 +
19.4754,terug,-150,MM1 +
19.4754,terug,-150,"#210,YAW,2.25,GYRO,-64,34,26,ACC,0,-7,240,ADC,1274,354,5,2,"
19.4754,terug,-150,MM0 ?A
19.4754,terug,-150,MM1 ?A
19.4754,terug,-150,MM0 A=0:0
19.4754,terug,-150,MM1 A=0:0
19.4962,terug,-150,"#211,YAW,2.25,GYRO,-52,-46,14,ACC,-10,-4,244,ADC,1242,387,4,2,"
19.4962,terug,-150,MM1 ?AI
19.4962,terug,-150,MM0 ?AI
19.4963,terug,-150,MM1 AI=0:0:2327:2354:0:0
19.4963,terug,-150,MM0 AI=0:0:2389:2420:0:0
19.4963,terug,-150,"#212,YAW,2.25,GYRO,-4,-16,-19,ACC,-11,-9,252,ADC,1248,500,5,1,"
19.4963,terug,-150,MM0 ?C
19.5169,terug,-150,MM1 ?C
19.5169,terug,-150,MM0 C=1097:-1094
19.5169,terug,-150,MM1 C=2665:-2782
19.5169,terug,-150,"$GPRMC,093200.6,A,5050.50613,N,00419.37648,E,000.72,145.5,021026,000.4,E*56"
19.5380,terug,-150,"#213,YAW,2.25,GYRO,48,42,-52,ACC,0,-11,257,ADC,1202,273,4,1,"
19.5380,terug,-150,MM1 ?D
19.5380,terug,-150,MM0 ?D
19.5380,terug,-150,MM1 D=17
19.5380,terug,-150,MM0 D=48
19.5380,terug,-150,"#214,YAW,2.26,GYRO,14,57,-48,ACC,2,9,258,ADC,1258,383,4,2,"
19.5380,terug,-150,MM1 ?FF
19.5380,terug,-150,MM0 ?FF
19.5380,terug,-150,MM1 FF=0
19.5741,terug,-150,MM0 FF=0
19.5742,terug,-150,MM1 !M -150 150
19.5742,terug,-150,MM0 !M -150 150
19.5742,terug,-150,MM1 +
19.5742,terug,-150,MM0 +
19.5742,terug,-150,"#215,YAW,2.26,GYRO,19,120,-28,ACC,3,20,242,ADC,1246,320,4,2,"
19.5742,terug,-150,MM1 ?P
19.5742,terug,-150,MM0 ?P
19.5742,terug,-150,MM1 P=-150:150
19.5742,terug,-150,MM0 P=-150:150
19.5940,terug,-150,"#216,YAW,2.26,GYRO,-14,73,9,ACC,5,13,294,ADC,1265,395,4,2,"
19.5940,terug,-150,MM1 ?S
19.5940,terug,-150,MM0 ?S
19.5940,terug,-150,MM1 S=-150:75
19.5941,terug,-150,MM0 S=-150:75
19.6229,terug,-150,"#217,YAW,2.26,GYRO,-23,60,29,ACC,9,3,235,ADC,1261,401,7,2,"
19.6229,terug,-150,MM1 ?T
19.6230,terug,-150,MM0 ?T
19.6230,terug,-150,MM1 T=36:33
19.6230,terug,-150,MM0 T=35:34
19.6230,terug,-150,"#218,YAW,2.26,GYRO,-33,38,14,ACC,0,-3,273,ADC,1249,386,4,2,"
19.6360,terug,-150,MM1 ?V
19.6360,terug,-150,MM0 ?V
19.6360,terug,-150,MM1 V=120:223:4900
19.6360,terug,-150,MM0 V=120:221:4903
19.6360,terug,-150,"#219,YAW,2.26,GYRO,-15,-59,-21,ACC,-2,-7,248,ADC,1243,382,4,1,"
19.6360,terug,-150,MM1 ?CR
19.6713,terug,-150,MM0 ?CR
19.6713,terug,-150,MM1 CR=-32:32
19.6713,terug,-150,MM0 CR=-32:32
19.6713,terug,-150,MM0 !M -150 150
19.6713,terug,-150,MM1 !M -150 150
19.6713,terug,-150,MM1 +
19.6713,terug,-150,MM0 +
19.6713,terug,-150,"#220,YAW,2.26,GYRO,10,29,-61,ACC,0,2,261,ADC,1262,389,5,2,"
19.6714,terug,-150,MM1 ?A
19.6714,terug,-150,MM0 ?A
19.6714,terug,-150,MM1 A=0:0
19.6714,terug,-150,MM0 A=0:0
19.6923,terug,-150,"#221,YAW,2.27,GYRO,47,148,-65,ACC,8,-3,240,ADC,1242,382,5,2,"
19.6923,terug,-150,MM0 ?AI
19.6923,terug,-150,MM1 ?AI
19.6923,terug,-150,MM0 AI=0:0:2397:2477:0:0
19.6923,terug,-150,MM1 AI=0:0:2311:2341:0:0
19.7131,terug,-150,"#222,YAW,2.27,GYRO,36,144,-38,ACC,6,8,242,ADC,1245,386,6,2,"
19.7131,terug,-150,MM0 ?C
19.7131,terug,-150,MM1 ?C
19.7131,terug,-150,MM0 C=1065:-1061
19.7132,terug,-150,MM1 C=2633:-2749
19.7340,terug,-150,"$GPRMC,093200.8,A,5050.50614,N,00419.37647,E,000.69,145.5,021026,000.4,E*5A"
19.7340,terug,-150,"#223,YAW,2.27,GYRO,13,177,2,ACC,4,13,296,ADC,1203,269,4,2,"
19.7340,terug,-150,MM1 ?D
19.7340,terug,-150,MM0 ?D
19.7340,terug,-150,MM1 D=49
19.7341,terug,-150,MM0 D=32
19.7678,terug,-150,"#224,YAW,2.28,GYRO,-4,40,27,ACC,-1,10,244,ADC,1220,386,5,2,"
19.7679,terug,-150,MM0 ?FF
19.7679,terug,-150,MM1 ?FF
19.7679,terug,-150,MM0 FF=0
19.7679,terug,-150,MM1 FF=0
19.7679,terug,-150,MM0 !M -150 150
19.7679,terug,-150,MM1 !M -150 150
19.7679,terug,-150,MM0 +
19.7679,terug,-150,MM1 +
19.7679,terug,-150,"#225,YAW,2.28,GYRO,-61,57,5,ACC,-4,6,262,ADC,1224,382,5,2,"
19.7679,terug,-150,MM1 ?P
19.7679,terug,-150,MM0 ?P
19.7679,terug,-150,MM1 P=-150:150
19.7679,terug,-150,MM0 P=-150:150
19.7888,terug,-150,"#226,YAW,2.28,GYRO,-14,-35,-27,ACC,2,1,233,ADC,1273,391,7,1,"
19.7888,terug,-150,MM1 ?S
19.7888,terug,-150,MM0 ?S
19.7888,terug,-150,MM1 S=-75:75
19.7888,terug,-150,MM0 S=-150:150
19.8099,terug,-150,"#227,YAW,2.28,GYRO,-30,-53,-73,ACC,-2,0,274,ADC,1209,382,7,2,"
19.8099,terug,-150,MM1 ?T
19.8099,terug,-150,MM0 ?T
19.8099,terug,-150,MM1 T=36:33
19.8099,terug,-150,MM0 T=35:34
19.8311,terug,-150,"#228,YAW,2.28,GYRO,13,77,-87,ACC,9,-6,276,ADC,1247,403,5,2,"
19.8311,terug,-150,MM0 ?V
19.8312,terug,-150,MM1 ?V
19.8312,terug,-150,MM0 V=120:224:4904
19.8312,terug,-150,MM1 V=120:223:4899
19.8649,terug,-150,"#229,YAW,2.29,GYRO,44,122,-54,ACC,-3,-5,238,ADC,1248,497,5,2,"
19.8650,terug,-150,MM0 ?CR
19.8650,terug,-150,MM1 ?CR
19.8650,terug,-150,MM0 CR=-32:32
19.8650,terug,-150,MM1 CR=-31:32
19.8650,terug,-150,MM0 !M -150 150
19.8650,terug,-150,MM1 !M -150 150
19.8650,terug,-150,MM0 +
19.8650,terug,-150,MM1 +
19.8650,terug,-150,"#230,YAW,2.28,GYRO,-33,139,0,ACC,1,11,257,ADC,1250,383,5,2,"
19.8650,terug,-150,MM0 ?A
19.8650,terug,-150,MM1 ?A
19.8650,terug,-150,MM0 A=0:0
19.8650,terug,-150,MM1 A=0:0
19.8857,terug,-150,"#231,YAW,2.28,GYRO,-23,47,45,ACC,0,20,273,ADC,1268,386,4,2,"
19.8857,terug,-150,MM0 ?AI
19.8858,terug,-150,MM1 ?AI
19.8858,terug,-150,MM1 AI=0:0:2317:2338:0:0
19.8858,terug,-150,MM0 AI=0:0:2403:2436:0:0
19.9069,terug,-150,"#232,YAW,2.28,GYRO,-74,36,47,ACC,-5,15,241,ADC,1266,501,5,2,"
19.9069,terug,-150,MM1 ?C
19.9070,terug,-150,MM0 ?C
19.9070,terug,-150,MM1 C=2601:-2718
19.9070,terug,-150,MM0 C=1033:-1029
19.9279,terug,-150,"$GPRMC,093201.0,A,5050.50617,N,00419.37644,E,000.67,145.6,021026,000.4,E*5E"
19.9279,terug,-150,"#233,YAW,2.28,GYRO,-40,-24,11,ACC,9,-3,231,ADC,1278,336,4,2,"
19.9279,terug,-150,MM0 ?D
19.9279,terug,-150,MM1 ?D
19.9279,terug,-150,MM1 D=51
19.9279,terug,-150,MM0 D=32
19.9782,terug,-150,"#234,YAW,2.30,GYRO,-21,-49,-38,ACC,-12,-10,240,ADC,1281,388,7,2,"
19.9782,terug,-150,MM1 ?FF
19.9782,terug,-150,MM0 ?FF
19.9782,terug,-150,MM1 FF=0
19.9783,terug,-150,MM0 FF=0
19.9783,terug,-150,"#235,YAW,2.30,GYRO,14,15,-73,ACC,-15,-15,290,ADC,1253,503,4,2,"
19.9783,terug,-150,MM0 !M -150 150
19.9783,terug,-150,MM0 +
19.9783,terug,-150,MM1 !M -150 150
19.9783,terug,-150,MM1 +
19.9783,terug,-150,MM0 ?P
19.9783,terug,-150,MM1 ?P
19.9783,terug,-150,MM0 P=-150:150
19.9783,terug,-150,MM1 P=-150:150
19.9783,terug,-150,"#236,YAW,2.30,GYRO,30,80,-67,ACC,5,0,257,ADC,1251,499,4,1,"
19.9783,terug,-150,MM1 ?S
19.9783,terug,-150,MM0 ?S
19.9783,terug,-150,MM1 S=-75:75
19.9990,terug,-150,MM0 S=-75:150
19.9991,terug,-150,"#237,YAW,2.30,GYRO,-3,68,-15,ACC,-5,21,245,ADC,1269,499,4,2,"
19.9991,terug,-150,MM1 ?T
19.9991,terug,-150,MM0 ?T
19.9991,terug,-150,MM1 T=36:33
19.9991,terug,-150,MM0 T=35:34
20.0201,terug,-150,"#238,YAW,2.30,GYRO,-19,66,42,ACC,20,28,269,ADC,1262,503,4,2,"
20.0201,terug,-150,MM1 ?V
20.0201,terug,-150,MM0 ?V
20.0201,terug,-150,MM1 V=120:222:4899
20.0201,terug,-150,MM0 V=120:224:4905
20.0430,terug,-150,"#239,YAW,2.30,GYRO,-73,56,73,ACC,14,5,260,ADC,1239,380,5,2,"
20.0430,terug,-150,MM1 ?CR
20.0430,terug,-150,MM0 ?CR
20.0430,terug,-150,MM1 CR=-32:32
20.0430,terug,-150,MM0 CR=-32:32
20.0770,terug,-150,MM1 !M -150 150
20.0771,terug,-150,"#240,YAW,2.30,GYRO,-28,16,58,ACC,-5,-14,236,ADC,1260,372,4,2,"
20.0771,terug,-150,MM0 !M -150 150
20.0771,terug,-150,MM0 +
20.0771,terug,-150,MM1 +
20.0771,terug,-150,MM1 ?A
20.0771,terug,-150,MM0 ?A
20.0771,terug,-150,MM1 A=0:0
20.0771,terug,-150,MM0 A=0:0
20.0771,terug,-150,"#241,YAW,2.29,GYRO,-7,7,7,ACC,0,-21,250,ADC,1267,409,5,1,"
20.0771,terug,-150,MM1 ?AI
20.0981,terug,-150,MM0 ?AI
20.0981,terug,-150,MM1 AI=0:0:2331:2322:0:0
20.0981,terug,-150,MM0 AI=0:0:2410:2410:0:0
20.0981,terug,-150,"#242,YAW,2.30,GYRO,58,27,-45,ACC,1,-25,249,ADC,1280,406,4,2,"
20.0981,terug,-150,MM1 ?C
20.0982,terug,-150,MM0 ?C
20.0982,terug,-150,MM1 C=2569:-2686
20.1200,terug,-150,MM0 C=1001:-998
20.1200,terug,-150,"$GPRMC,093201.2,A,5050.50619,N,00419.37644,E,000.65,145.6,021026,000.4,E*50"
20.1399,terug,-150,"#243,YAW,2.30,GYRO,26,46,-58,ACC,1,9,237,ADC,1231,312,5,2,"
20.1399,terug,-150,MM0 ?D
20.1399,terug,-150,MM1 ?D
20.1399,terug,-150,MM0 D=32
20.1399,terug,-150,MM1 D=19
20.1400,terug,-150,"#244,YAW,2.31,GYRO,29,172,-53,ACC,0,32,269,ADC,1243,381,4,1,"
20.1400,terug,-150,MM1 ?FF
20.1400,terug,-150,MM0 ?FF
20.1400,terug,-150,MM1 FF=0
20.1400,terug,-150,MM0 FF=0
20.1741,terug,-150,MM0 !M -150 150
20.1742,terug,-150,MM1 !M -150 150
20.1742,terug,-150,MM0 +
20.1742,terug,-150,MM1 +
20.1742,terug,-150,"#245,YAW,2.31,GYRO,-53,100,4,ACC,2,25,274,ADC,1234,331,5,2,"
20.1742,terug,-150,MM1 ?P
20.1742,terug,-150,MM0 ?P
20.1742,terug,-150,MM1 P=-150:150
20.1742,terug,-150,MM0 P=-150:150
20.1951,terug,-150,"#246,YAW,2.31,GYRO,-31,132,32,ACC,0,1,253,ADC,1193,381,5,1,"
20.1951,terug,-150,MM1 ?S
20.1951,terug,-150,MM0 ?S
20.1951,terug,-150,MM1 S=-150:150
20.1952,terug,-150,MM0 S=-150:75
20.1952,terug,-150,"#247,YAW,2.31,GYRO,-53,31,33,ACC,1,-13,248,ADC,1240,391,4,1,"
20.2159,terug,-150,MM0 ?T
20.2160,terug,-150,MM1 ?T
20.2160,terug,-150,MM0 T=35:34
20.2160,terug,-150,MM1 T=36:33
20.2160,terug,-150,"#248,YAW,2.31,GYRO,-33,-36,11,ACC,0,-5,283,ADC,1287,501,6,2,"
20.2160,terug,-150,MM1 ?V
20.2373,terug,-150,MM0 ?V
20.2373,terug,-150,MM0 V=120:223:4905
20.2374,terug,-150,MM1 V=120:223:4900
20.2374,terug,-150,"#249,YAW,2.31,GYRO,0,-52,-31,ACC,-11,-1,234,ADC,1218,382,5,1,"
20.2374,terug,-150,MM0 ?CR
20.2374,terug,-150,MM1 ?CR
20.2582,terug,-150,MM0 CR=-32:32
20.2582,terug,-150,MM1 CR=-32:31
20.2582,terug,-150,"#250,YAW,2.31,GYRO,4,27,-68,ACC,2,1,240,ADC,1259,415,4,2,"
20.2582,terug,-150,MM0 ?A
20.2582,terug,-150,MM1 ?A
20.2582,terug,-150,MM0 A=0:0
20.2790,terug,-150,MM1 A=0:0
20.2790,terug,-150,MM0 !M -150 150
20.2790,terug,-150,MM1 !M -150 150
20.2790,terug,-150,MM0 +
20.2790,terug,-150,MM1 +
20.2790,terug,-150,"#251,YAW,2.31,GYRO,-6,114,-62,ACC,-2,7,240,ADC,1221,383,6,3,"
20.2790,terug,-150,MM0 ?AI
20.2790,terug,-150,MM1 ?AI
20.2791,terug,-150,MM0 AI=0:0:2409:2421:0:0
20.3001,terug,-150,MM1 AI=0:0:2314:2339:0:0
20.3001,terug,-150,"#252,YAW,2.31,GYRO,-26,63,-18,ACC,-2,16,294,ADC,1270,499,5,2,"
20.3001,terug,-150,MM0 ?C
20.3002,terug,-150,MM1 ?C
20.3002,terug,-150,MM0 C=969:-965
20.3002,terug,-150,MM1 C=2537:-2654
20.3209,terug,-150,"$GPRMC,093201.4,A,5050.50619,N,00419.37642,E,000.64,145.7,021026,000.4,E*50"
20.3209,terug,-150,"#253,YAW,2.31,GYRO,-17,12,21,ACC,3,9,257,ADC,1267,355,5,2,"
20.3209,terug,-150,MM0 ?D
20.3419,terug,-150,MM1 ?D
20.3419,terug,-150,MM0 D=32
20.3419,terug,-150,MM1 D=19
20.3419,terug,-150,"#254,YAW,2.32,GYRO,-49,89,39,ACC,-8,-8,244,ADC,1253,386,7,2,"
20.3419,terug,-150,MM0 ?FF
20.3419,terug,-150,MM1 ?FF
20.3419,terug,-150,MM0 FF=0
20.3420,terug,-150,MM1 FF=0
20.3761,terug,-150,MM0 !M -150 150
20.3761,terug,-150,MM1 !M -150 150
20.3761,terug,-150,MM0 +
20.3761,terug,-150,MM1 +
20.3761,terug,-150,"#255,YAW,2.32,GYRO,-51,-19,28,ACC,-2,1,242,ADC,1207,270,3,2,"
20.3761,terug,-150,MM0 ?P
20.3761,terug,-150,MM1 ?P
20.3761,terug,-150,MM0 P=-150:150
20.3761,terug,-150,MM1 P=-150:150
20.3761,terug,-150,"#0,YAW,2.32,GYRO,4,-68,-10,ACC,-2,-7,249,ADC,1260,384,3,1,"
20.3761,terug,-150,MM0 ?S
20.3970,terug,-150,MM1 ?S
20.3971,terug,-150,MM0 S=-75:75
20.3971,terug,-150,MM1 S=-150:150
20.3971,terug,-150,"#1,YAW,2.32,GYRO,35,39,-62,ACC,-3,-12,279,ADC,1233,392,3,2,"
20.3971,terug,-150,MM0 ?T
20.3971,terug,-150,MM1 ?T
20.4182,terug,-150,MM0 T=35:34
20.4182,terug,-150,MM1 T=36:33
20.4182,terug,-150,"#2,YAW,2.32,GYRO,36,108,-65,ACC,0,-1,235,ADC,1220,386,4,1,"
20.4182,terug,-150,MM0 ?V
20.4182,terug,-150,MM1 ?V
20.4182,terug,-150,MM0 V=120:223:4903
20.4388,terug,-150,MM1 V=120:223:4901
20.4388,terug,-150,"#3,YAW,2.33,GYRO,29,135,-40,ACC,4,20,296,ADC,1272,500,6,2,"
20.4388,terug,-150,MM0 ?CR
20.4388,terug,-150,MM1 ?CR
20.4388,terug,-150,MM0 CR=-33:33
20.4733,terug,-150,MM1 CR=-33:33
20.4733,terug,-150,MM0 !M -150 150
20.4733,terug,-150,MM1 !M -150 150
20.4733,terug,-150,MM1 +
20.4733,terug,-150,MM0 +
20.4733,terug,-150,"#4,YAW,2.32,GYRO,-5,60,16,ACC,8,16,256,ADC,1225,319,5,2,"
20.4733,terug,-150,MM0 ?A
20.4733,terug,-150,MM1 ?A
20.4733,terug,-150,MM0 A=0:0
20.4733,terug,-150,MM1 A=0:0
20.4951,terug,-150,"#5,YAW,2.32,GYRO,-23,61,39,ACC,6,3,245,ADC,1274,503,4,2,"
20.4952,terug,-150,MM0 ?AI
20.4952,terug,-150,MM1 ?AI
20.4952,terug,-150,MM0 AI=0:0:2433:2408:0:0
20.4952,terug,-150,MM1 AI=0:0:2324:2328:0:0
20.5153,terug,-150,"#6,YAW,2.32,GYRO,-47,-17,33,ACC,-6,1,255,ADC,1255,400,5,2,"
20.5154,terug,-150,MM0 ?C
20.5154,terug,-150,MM1 ?C
20.5154,terug,-150,MM0 C=936:-933
20.5154,terug,-150,MM1 C=2504:-2621
20.5154,terug,-150,"$GPRMC,093201.6,A,5050.50616,N,00419.37642,E,000.62,145.8,021026,000.4,E*54"
20.5352,terug,-150,"#7,YAW,2.32,GYRO,-6,-63,-17,ACC,-5,-17,241,ADC,1226,308,6,2,"
20.5352,terug,-150,MM0 ?D
20.5352,terug,-150,MM1 ?D
20.5352,terug,-150,MM0 D=34
20.5352,terug,-150,MM1 D=49
20.5352,terug,-150,"#8,YAW,2.34,GYRO,35,63,-61,ACC,4,-13,279,ADC,1252,383,6,3,"
20.5352,terug,-150,MM0 ?FF
20.5703,terug,-150,MM1 ?FF
20.5703,terug,-150,MM0 FF=0
20.5703,terug,-150,MM1 FF=0
20.5703,terug,-150,MM0 !M -150 150
20.5703,terug,-150,MM1 !M -150 150
20.5703,terug,-150,MM0 +
20.5703,terug,-150,MM1 +
20.5703,terug,-150,"#9,YAW,2.34,GYRO,43,122,-60,ACC,-3,9,232,ADC,1248,383,5,2,"
20.5704,terug,-150,MM0 ?P
20.5704,terug,-150,MM1 ?P
20.5704,terug,-150,MM0 P=-150:150
20.5704,terug,-150,MM1 P=-150:150
20.5912,terug,-150,"#10,YAW,2.34,GYRO,16,97,-20,ACC,-1,26,286,ADC,1242,389,6,1,"
20.5912,terug,-150,MM0 ?S
20.5912,terug,-150,MM1 ?S
20.5912,terug,-150,MM1 S=-150:150
20.5912,terug,-150,MM0 S=-75:150
20.6122,terug,-150,"#11,YAW,2.34,GYRO,7,34,23,ACC,2,20,263,ADC,1298,502,4,3,"
20.6123,terug,-150,MM0 ?T
20.6123,terug,-150,MM1 ?T
20.6123,terug,-150,MM0 T=35:34
20.6123,terug,-150,MM1 T=36:33
20.6324,terug,-150,"#12,YAW,2.34,GYRO,-48,57,36,ACC,-2,12,245,ADC,1243,401,5,2,"
20.6324,terug,-150,MM0 ?V
20.6324,terug,-150,MM1 ?V
20.6324,terug,-150,MM0 V=120:223:4905
20.6324,terug,-150,MM1 V=120:223:4899
20.6542,terug,-150,"#13,YAW,2.34,GYRO,-17,-19,17,ACC,9,0,244,ADC,1287,500,5,2,"
20.6542,terug,-150,MM0 ?CR
20.6542,terug,-150,MM1 ?CR
20.6542,terug,-150,MM0 CR=-33:32
20.6542,terug,-150,MM1 CR=-32:32
20.6881,terug,-150,"#14,YAW,2.34,GYRO,-21,-94,-28,ACC,-9,-6,236,ADC,1266,500,4,2,"
20.6882,terug,-150,MM0 ?A
20.6882,terug,-150,MM1 ?A
20.6882,terug,-150,MM0 A=-4:0
20.6882,terug,-150,MM1 A=0:0
20.6882,terug,-150,"#15,YAW,2.34,GYRO,-6,9,-77,ACC,0,2,269,ADC,1250,383,5,2,"
20.6882,terug,-150,MM0 ?AI
20.6882,terug,-150,MM1 ?AI
20.6882,terug,-150,MM0 AI=0:0:2407:2420:0:0
20.6882,terug,-150,MM1 AI=0:0:2295:2306:0:0
20.7087,terug,-150,"#16,YAW,2.34,GYRO,22,108,-72,ACC,-3,9,230,ADC,1251,381,5,2,"
20.7088,terug,-150,MM0 ?C
20.7088,terug,-150,MM1 ?C
20.7088,terug,-150,MM0 C=904:-900
20.7088,terug,-150,MM1 C=2473:-2589
20.7300,terug,-150,"$GPRMC,093201.8,A,5050.50615,N,00419.37641,E,000.61,145.9,021026,000.4,E*58"
20.7300,terug,-150,"#17,YAW,2.34,GYRO,-54,5,-34,ACC,-3,22,266,ADC,1296,501,5,2,"
20.7300,terug,-150,MM0 ?D
20.7300,terug,-150,MM1 ?D
20.7300,terug,-150,MM1 D=49
20.7300,terug,-150,MM0 D=2
20.7822,terug,-150,"#18,YAW,2.35,GYRO,-9,30,12,ACC,-5,8,270,ADC,1262,502,8,1,"
20.7822,terug,-150,MM0 ?FF
20.7822,terug,-150,MM1 ?FF
20.7822,terug,-150,MM0 FF=0
20.7822,terug,-150,MM1 FF=0
20.7822,terug,-150,MM0 !M -150 150
20.7822,terug,-150,MM1 !M -150 150
20.7822,terug,-150,MM0 +
20.7822,terug,-150,MM1 +
20.7822,terug,-150,MM0 PING
20.7822,terug,-150,MM1 PING
20.7822,terug,-150,"#19,YAW,2.35,GYRO,-18,111,34,ACC,12,4,245,ADC,1249,501,7,2,"
20.7822,terug,-150,MM0 ?P
20.7822,terug,-150,MM1 ?P
20.7822,terug,-150,MM0 P=-150:150
20.7822,terug,-150,MM1 P=-150:150
20.7822,terug,-150,"#20,YAW,2.35,GYRO,-69,-46,29,ACC,2,7,244,ADC,1279,390,4,2,"
20.7822,terug,-150,MM0 ?S
20.7822,terug,-150,MM1 ?S
20.7822,terug,-150,MM0 S=-75:150
20.7822,terug,-150,MM1 S=-75:150
20.8022,terug,-150,"#21,YAW,2.35,GYRO,-32,-52,-1,ACC,-2,2,231,ADC,1242,500,5,2,"
20.8022,terug,-150,MM0 ?T
20.8022,terug,-150,MM1 ?T
20.8022,terug,-150,MM0 T=35:34
20.8022,terug,-150,MM1 T=36:33
20.8238,terug,-150,"#22,YAW,2.35,GYRO,-39,20,-46,ACC,5,-7,280,ADC,1241,389,6,2,"
20.8239,terug,-150,MM0 ?V
20.8239,terug,-150,MM1 ?V
20.8239,terug,-150,MM0 V=120:224:4903
20.8239,terug,-150,MM1 V=120:223:4900
20.8453,terug,-150,"#23,YAW,2.35,GYRO,13,71,-59,ACC,7,-14,265,ADC,1236,503,6,1,"
20.8453,terug,-150,MM0 ?CR
20.8453,terug,-150,MM1 ?CR
20.8453,terug,-150,MM0 CR=-32:32
20.8453,terug,-150,MM1 CR=-32:33
20.8454,terug,-150,MM0 !M -150 150
20.8454,terug,-150,MM1 !M -150 150
20.8454,terug,-150,MM0 +
20.8454,terug,-150,MM1 +
20.8454,terug,-150,MM0 PING
20.8790,terug,-150,MM1 PING
20.8790,terug,-150,"#24,YAW,2.35,GYRO,27,117,-28,ACC,6,-2,234,ADC,1222,379,5,2,"
20.8790,terug,-150,MM0 ?A
20.8790,terug,-150,MM0 A=0:0
20.8790,terug,-150,MM1 ?A
20.8791,terug,-150,MM1 A=0:0
20.8791,terug,-150,MM0 !M -150 150
20.8791,terug,-150,MM1 !M -150 150
20.8791,terug,-150,MM0 +
20.8791,terug,-150,MM1 +
20.8791,terug,-150,"#25,YAW,2.35,GYRO,0,35,6,ACC,-4,5,319,ADC,1246,387,5,2,"
20.8791,terug,-150,MM0 ?AI
20.8791,terug,-150,MM1 ?AI
20.8791,terug,-150,MM0 AI=0:0:2420:2410:0:0
20.8998,terug,-150,MM1 AI=0:0:2322:2321:0:0
20.8998,terug,-150,"#26,YAW,2.35,GYRO,-18,10,16,ACC,13,13,242,ADC,1256,386,6,2,"
20.8998,terug,-150,MM0 ?C
20.8998,terug,-150,MM1 ?C
20.8998,terug,-150,MM0 C=871:-868
20.8999,terug,-150,MM1 C=2440:-2556
20.9212,terug,-150,"$GPRMC,093202.0,A,5050.50613,N,00419.37645,E,000.60,145.9,021026,000.4,E*50"
20.9212,terug,-150,"#27,YAW,2.35,GYRO,-34,-20,10,ACC,7,13,235,ADC,1224,331,3,1,"
20.9212,terug,-150,MM0 ?D
20.9419,terug,-150,MM1 ?D
20.9419,terug,-150,MM0 D=17
20.9419,terug,-150,MM1 D=33
20.9419,terug,-150,"#28,YAW,2.36,GYRO,-14,-30,-15,ACC,-1,-6,226,ADC,1258,397,6,2,"
20.9419,terug,-150,MM0 ?FF
20.9419,terug,-150,MM1 ?FF
20.9419,terug,-150,MM0 FF=0
20.9419,terug,-150,MM1 FF=0
20.9760,terug,-150,MM1 !M -150 150
20.9760,terug,-150,MM0 !M -150 150
20.9760,terug,-150,MM1 +
20.9760,terug,-150,MM0 +
20.9760,terug,-150,"#29,YAW,2.36,GYRO,11,-20,-34,ACC,-1,-12,283,ADC,1256,328,4,2,"
20.9760,terug,-150,MM0 ?P
20.9760,terug,-150,MM1 ?P
20.9760,terug,-150,MM0 P=-150:150
20.9760,terug,-150,MM1 P=-150:150
20.9760,terug,-150,"#30,YAW,2.36,GYRO,31,47,-33,ACC,3,-4,239,ADC,1309,499,5,1,"
20.9761,terug,-150,MM0 ?S
20.9972,terug,-150,MM1 ?S
20.9972,terug,-150,MM0 S=-75:75
20.9972,terug,-150,MM1 S=-150:75
20.9972,terug,-150,"#31,YAW,2.36,GYRO,23,82,-8,ACC,12,18,269,ADC,1209,384,5,2,"
20.9972,terug,-150,MM0 ?T
20.9972,terug,-150,MM1 ?T
21.0179,terug,-150,MM0 T=35:34
21.0179,terug,-150,MM1 T=36:33
21.0179,terug,-150,"#32,YAW,2.36,GYRO,-22,5,20,ACC,9,25,272,ADC,1268,496,6,2,"
21.0179,terug,-150,MM0 ?V
21.0179,terug,-150,MM1 ?V
21.0180,terug,-150,MM0 V=120:223:4904
21.0394,terug,-150,MM1 V=120:223:4899
21.0395,terug,-150,"#33,YAW,2.36,GYRO,-10,60,24,ACC,20,4,243,ADC,1248,396,5,3,"
21.0395,terug,-150,MM0 ?CR
21.0395,terug,-150,MM1 ?CR
21.0395,terug,-150,MM0 CR=-33:33
21.0732,terug,-150,MM1 CR=-33:32
21.0732,terug,-150,MM0 !M -150 150
21.0732,terug,-150,MM1 !M -150 150
21.0732,terug,-150,MM0 +
21.0732,terug,-150,MM1 +
21.0732,terug,-150,"#34,YAW,2.36,GYRO,-75,39,20,ACC,8,5,257,ADC,1231,327,3,2,"
21.0732,terug,-150,MM0 ?A
21.0732,terug,-150,MM1 ?A
21.0732,terug,-150,MM0 A=0:0
21.0732,terug,-150,MM1 A=0:0
21.0945,terug,-150,"#35,YAW,2.36,GYRO,2,-12,0,ACC,8,-17,249,ADC,1281,394,6,2,"
21.0946,terug,-150,MM0 ?AI
21.0946,terug,-150,MM1 ?AI
21.0946,terug,-150,MM0 AI=0:0:2399:2410:0:0
21.0946,terug,-150,MM1 AI=0:0:2279:2284:0:0
21.1151,terug,-150,"#36,YAW,2.36,GYRO,9,20,-24,ACC,7,-17,263,ADC,1244,384,7,2,"
21.1151,terug,-150,MM0 ?C
21.1151,terug,-150,MM1 ?C
21.1151,terug,-150,MM0 C=838:-835
21.1151,terug,-150,MM1 C=2407:-2524
21.1151,terug,-150,"#37,YAW,2.36,GYRO,47,88,-35,ACC,5,8,259,ADC,1273,389,6,2,"
21.1360,terug,-150,"$GPRMC,093202.2,A,5050.50615,N,00419.37647,E,000.58,146.0,021026,000.4,E*57"
21.1360,terug,-150,MM0 ?D
21.1360,terug,-150,MM1 ?D
21.1360,terug,-150,MM0 D=16
21.1360,terug,-150,MM1 D=32
21.1360,terug,-150,"#38,YAW,2.36,GYRO,0,123,-17,ACC,11,28,281,ADC,1294,501,5,1,"
21.1360,terug,-150,MM0 ?FF
21.1576,terug,-150,MM1 ?FF
21.1576,terug,-150,MM0 FF=0
21.1576,terug,-150,MM1 FF=0
21.1576,terug,-150,"#39,YAW,2.37,GYRO,-28,54,15,ACC,13,25,255,ADC,1273,388,5,2,"
21.1576,terug,-150,MM0 ?P
21.1576,terug,-150,MM1 ?P
21.1925,terug,-150,MM0 P=-150:150
21.1925,terug,-150,MM1 P=-150:150
21.1925,terug,-150,MM0 !M -150 150
21.1925,terug,-150,MM1 !M -150 150
21.1925,terug,-150,MM0 +
21.1925,terug,-150,MM1 +
21.1925,terug,-150,"#40,YAW,2.37,GYRO,-24,91,20,ACC,-1,-5,257,ADC,1238,388,7,2,"
21.1925,terug,-150,MM0 ?S
21.1925,terug,-150,MM1 ?S
21.1925,terug,-150,MM0 S=-150:150
21.1925,terug,-150,MM1 S=-150:75
21.2128,terug,-150,"#41,YAW,2.37,GYRO,-57,48,16,ACC,5,-13,243,ADC,1216,382,5,2,"
21.2128,terug,-150,MM0 ?T
21.2128,terug,-150,MM1 ?T
21.2128,terug,-150,MM0 T=35:34
21.2128,terug,-150,MM1 T=36:33
21.2340,terug,-150,"#42,YAW,2.37,GYRO,-33,-64,-9,ACC,11,0,254,ADC,1258,387,4,2,"
21.2340,terug,-150,MM0 ?V
21.2340,terug,-150,MM1 ?V
21.2341,terug,-150,MM0 V=120:223:4903
21.2341,terug,-150,MM1 V=120:223:4900
21.2852,terug,-150,"#43,YAW,2.37,GYRO,24,-2,-35,ACC,-1,-9,256,ADC,1277,498,4,1,"
21.2852,terug,-150,MM0 ?CR
21.2852,terug,-150,MM1 ?CR
21.2852,terug,-150,MM0 CR=-33:32
21.2852,terug,-150,MM1 CR=-32:32
21.2852,terug,-150,"#44,YAW,2.37,GYRO,20,52,-46,ACC,3,2,235,ADC,1237,498,5,2,"
21.2852,terug,-150,MM0 ?A
21.2852,terug,-150,MM1 ?A
21.2852,terug,-150,MM0 A=0:0
21.2852,terug,-150,MM1 A=0:0
21.2852,terug,-150,MM0 !M -150 150
21.2852,terug,-150,MM1 !M -150 150
21.2852,terug,-150,MM0 +
21.2852,terug,-150,MM1 +
21.2852,terug,-150,"#45,YAW,2.37,GYRO,-4,102,-28,ACC,8,15,263,ADC,1255,381,4,2,"
21.2852,terug,-150,MM0 ?AI
21.2852,terug,-150,MM1 ?AI
21.2853,terug,-150,MM0 AI=0:0:2443:2417:0:0
21.2853,terug,-150,MM1 AI=0:0:2328:2315:0:0
21.3059,terug,-150,"#46,YAW,2.37,GYRO,-38,152,0,ACC,10,30,280,ADC,1281,501,5,2,"
21.3059,terug,-150,MM0 ?C
21.3059,terug,-150,MM1 ?C
21.3060,terug,-150,MM0 C=805:-803
21.3060,terug,-150,MM1 C=2375:-2492
21.3268,terug,-150,"$GPRMC,093202.4,A,5050.50614,N,00419.37647,E,000.56,146.0,021026,000.4,E*5E"
21.3268,terug,-150,"#47,YAW,2.37,GYRO,-36,137,26,ACC,16,-1,257,ADC,1215,385,5,2,"
21.3268,terug,-150,MM1 ?D
21.3268,terug,-150,MM0 ?D
21.3269,terug,-150,MM0 D=16
21.3269,terug,-150,MM1 D=0
21.3478,terug,-150,"#48,YAW,2.38,GYRO,-42,89,12,ACC,-4,-15,250,ADC,1254,502,8,1,"
21.3478,terug,-150,MM0 ?FF
21.3478,terug,-150,MM1 ?FF
21.3478,terug,-150,MM0 FF=0
21.3478,terug,-150,MM1 FF=0
21.3819,terug,-150,"#49,YAW,2.38,GYRO,-52,-17,-11,ACC,7,0,245,ADC,1222,383,3,1,"
21.3819,terug,-150,MM0 ?P
21.3819,terug,-150,MM1 ?P
21.3819,terug,-150,MM0 P=-150:150
21.3819,terug,-150,MM1 P=-150:150
21.3819,terug,-150,"#50,YAW,2.38,GYRO,-31,-31,-35,ACC,-11,9,246,ADC,1259,500,5,1,"
21.3819,terug,-150,MM0 ?S
21.3819,terug,-150,MM1 ?S
21.3819,terug,-150,MM1 S=-150:150
21.3819,terug,-150,MM0 S=-150:75
21.4027,terug,-150,"#51,YAW,2.38,GYRO,41,43,-53,ACC,-7,-6,251,ADC,1272,499,4,2,"
21.4028,terug,-150,MM0 ?T
21.4028,terug,-150,MM1 ?T
21.4028,terug,-150,MM0 T=35:34
21.4028,terug,-150,MM1 T=36:33
21.4238,terug,-150,"#52,YAW,2.38,GYRO,-17,86,-38,ACC,9,6,241,ADC,1221,390,3,1,"
21.4238,terug,-150,MM0 ?V
21.4238,terug,-150,MM1 ?V
21.4238,terug,-150,MM0 V=120:223:4904
21.4238,terug,-150,MM1 V=120:223:4899
21.4452,terug,-150,"#53,YAW,2.38,GYRO,29,139,-9,ACC,2,2,272,ADC,1269,502,5,2,"
21.4452,terug,-150,MM0 ?CR
21.4452,terug,-150,MM1 ?CR
21.4452,terug,-150,MM0 CR=-32:32
21.4452,terug,-150,MM1 CR=-32:33
21.4452,terug,-150,MM0 !M -150 150
21.4791,terug,-150,MM1 !M -150 150
21.4791,terug,-150,MM0 +
21.4791,terug,-150,MM1 +
21.4791,terug,-150,MM0 PING
21.4791,terug,-150,MM1 PING
21.4791,terug,-150,"#54,YAW,2.38,GYRO,8,94,13,ACC,10,7,287,ADC,1242,281,6,1,"
21.4791,terug,-150,MM0 ?A
21.4791,terug,-150,MM0 A=0:0
21.4791,terug,-150,MM1 ?A
21.4791,terug,-150,MM1 A=0:0
21.4791,terug,-150,MM0 !M -150 150
21.4791,terug,-150,MM1 !M -150 150
21.4791,terug,-150,MM0 +
21.4791,terug,-150,MM1 +
21.4791,terug,-150,"#55,YAW,2.38,GYRO,-12,46,18,ACC,8,17,209,ADC,1241,501,5,2,"
21.4791,terug,-150,MM0 ?AI
21.4791,terug,-150,MM1 ?AI
21.4791,terug,-150,MM0 AI=0:0:2428:2429:0:0
21.4998,terug,-150,MM1 AI=0:0:2325:2353:0:0
21.4998,terug,-150,"#56,YAW,2.38,GYRO,-4,67,0,ACC,10,3,258,ADC,1270,396,7,2,"
21.4998,terug,-150,MM0 ?C
21.4998,terug,-150,MM1 ?C
21.4998,terug,-150,MM0 C=773:-771
21.4999,terug,-150,MM1 C=2343:-2459
21.5211,terug,-150,"$GPRMC,093202.6,A,5050.50615,N,00419.37648,E,000.54,146.0,021026,000.4,E*50"
21.5413,terug,-150,"#57,YAW,2.38,GYRO,-25,13,-28,ACC,-2,3,272,ADC,1252,500,7,2,"
21.5414,terug,-150,MM1 ?D
21.5414,terug,-150,MM0 ?D
21.5414,terug,-150,MM0 D=18
21.5414,terug,-150,MM1 D=0
21.5414,terug,-150,"#58,YAW,2.39,GYRO,-4,-3,-54,ACC,3,2,267,ADC,1221,382,4,3,"
21.5414,terug,-150,MM0 ?FF
21.5414,terug,-150,MM1 ?FF
21.5414,terug,-150,MM0 FF=0
21.5414,terug,-150,MM1 FF=0
21.5752,terug,-150,MM0 !M -150 150
21.5752,terug,-150,MM1 !M -150 150
21.5752,terug,-150,MM0 +
21.5752,terug,-150,MM1 +
21.5752,terug,-150,"#59,YAW,2.39,GYRO,29,140,-53,ACC,3,-4,221,ADC,1223,356,4,2,"
21.5752,terug,-150,MM0 ?P
21.5752,terug,-150,MM1 ?P
21.5752,terug,-150,MM0 P=-150:150
21.5752,terug,-150,MM1 P=-150:150
21.5752,terug,-150,"#60,YAW,2.39,GYRO,32,154,-18,ACC,3,-9,273,ADC,1254,501,6,2,"
21.5960,terug,-150,MM0 ?S
21.5960,terug,-150,MM1 ?S
21.5960,terug,-150,MM1 S=-150:150
21.5960,terug,-150,MM0 S=-75:150
21.5960,terug,-150,"#61,YAW,2.39,GYRO,59,159,-4,ACC,5,1,264,ADC,1261,392,5,2,"
21.5960,terug,-150,MM0 ?T
21.6170,terug,-150,MM1 ?T
21.6170,terug,-150,MM0 T=35:34
21.6170,terug,-150,MM1 T=36:33
21.6170,terug,-150,"#62,YAW,2.39,GYRO,-22,80,-4,ACC,13,15,231,ADC,1253,503,6,2,"
21.6170,terug,-150,MM0 ?V
21.6171,terug,-150,MM1 ?V
21.6380,terug,-150,MM0 V=120:223:4904
21.6380,terug,-150,MM1 V=120:223:4900
21.6380,terug,-150,"#63,YAW,2.39,GYRO,-7,62,-19,ACC,0,10,268,ADC,1261,500,6,2,"
21.6380,terug,-150,MM0 ?CR
21.6380,terug,-150,MM1 ?CR
21.6380,terug,-150,MM0 CR=-33:33
21.6869,terug,-150,MM1 CR=-33:32
21.6869,terug,-150,"#64,YAW,2.40,GYRO,-18,-9,-48,ACC,-1,6,235,ADC,1256,390,5,2,"
21.6869,terug,-150,MM0 ?A
21.6869,terug,-150,MM1 ?A
21.6869,terug,-150,MM0 A=-4:0
21.6869,terug,-150,MM1 A=0:0
21.6869,terug,-150,"#65,YAW,2.40,GYRO,-39,-56,-69,ACC,-1,3,249,ADC,1253,406,5,1,"
21.6869,terug,-150,MM1 ?AI
21.6869,terug,-150,MM0 ?AI
21.6869,terug,-150,MM1 AI=0:0:2319:2341:0:0
21.6869,terug,-150,MM0 AI=0:0:2410:2422:0:0
21.7079,terug,-150,"#66,YAW,2.40,GYRO,-50,-4,-72,ACC,-4,3,283,ADC,1268,500,5,2,"
21.7079,terug,-150,MM0 ?C
21.7079,terug,-150,MM1 ?C
21.7079,terug,-150,MM0 C=741:-739
21.7079,terug,-150,MM1 C=2311:-2427
21.7290,terug,-150,"#67,YAW,2.40,GYRO,-9,77,-28,ACC,-5,-3,237,ADC,1230,383,6,2,"
21.7291,terug,-150,"$GPRMC,093202.8,A,5050.50613,N,00419.37649,E,000.53,146.0,021026,000.4,E*5E"
21.7291,terug,-150,MM0 ?D
21.7291,terug,-150,MM1 ?D
21.7291,terug,-150,MM0 D=16
21.7291,terug,-150,MM1 D=0
21.7500,terug,-150,"#68,YAW,2.40,GYRO,12,157,16,ACC,2,-6,236,ADC,1290,501,6,2,"
21.7500,terug,-150,MM1 ?FF
21.7500,terug,-150,MM0 ?FF
21.7500,terug,-150,MM1 FF=0
21.7500,terug,-150,MM0 FF=0
21.7500,terug,-150,MM0 !M -150 150
21.7500,terug,-150,MM1 !M -150 150
21.7848,terug,-150,MM0 +
21.7848,terug,-150,MM1 +
21.7848,terug,-150,MM0 PING
21.7848,terug,-150,MM1 PING
21.7848,terug,-150,"#69,YAW,2.41,GYRO,23,157,37,ACC,2,3,307,ADC,1261,320,7,2,"
21.7849,terug,-150,MM0 ?P
21.7849,terug,-150,MM1 ?P
21.7849,terug,-150,MM0 P=-150:150
21.7849,terug,-150,MM1 P=-150:150
21.7849,terug,-150,"#70,YAW,2.40,GYRO,-94,19,40,ACC,3,25,259,ADC,1252,500,4,1,"
21.7849,terug,-150,MM0 ?S
21.7849,terug,-150,MM1 ?S
21.7849,terug,-150,MM0 S=-75:75
21.7849,terug,-150,MM1 S=-75:75
21.8049,terug,-150,"#71,YAW,2.40,GYRO,-47,-60,11,ACC,-10,18,198,ADC,1230,381,4,2,"
21.8049,terug,-150,MM0 ?T
21.8049,terug,-150,MM1 ?T
21.8049,terug,-150,MM0 T=35:34
21.8049,terug,-150,MM1 T=35:33
21.8255,terug,-150,"#72,YAW,2.40,GYRO,-23,6,-26,ACC,-10,-5,255,ADC,1235,382,4,2,"
21.8255,terug,-150,MM0 ?V
21.8255,terug,-150,MM1 ?V
21.8255,terug,-150,MM0 V=120:223:4905
21.8255,terug,-150,MM1 V=120:223:4900
21.8508,terug,-150,"#73,YAW,2.41,GYRO,-7,-1,-63,ACC,-3,-32,288,ADC,1263,499,4,3,"
21.8508,terug,-150,MM1 ?CR
21.8508,terug,-150,MM0 ?CR
21.8508,terug,-150,MM1 CR=-32:32
21.8508,terug,-150,MM0 CR=-32:32
21.8508,terug,-150,MM0 !M -150 150
21.8849,terug,-150,MM1 !M -150 150
21.8849,terug,-150,MM0 +
21.8849,terug,-150,MM1 +
21.8849,terug,-150,MM0 PING
21.8849,terug,-150,MM1 PING
21.8849,terug,-150,"#74,YAW,2.41,GYRO,4,44,-63,ACC,7,-12,236,ADC,1238,387,5,2,"
21.8849,terug,-150,MM0 ?A
21.8849,terug,-150,MM1 ?A
21.8849,terug,-150,MM1 A=-4:0
21.8849,terug,-150,MM0 A=0:0
21.8849,terug,-150,"#75,YAW,2.41,GYRO,18,111,-16,ACC,-3,11,273,ADC,1250,393,5,2,"
21.8850,terug,-150,MM1 ?AI
21.8850,terug,-150,MM0 ?AI
21.8850,terug,-150,MM1 AI=0:0:2326:2362:0:0
21.8850,terug,-150,MM0 AI=0:0:2431:2413:0:0
21.9060,terug,-150,"#76,YAW,2.41,GYRO,13,20,32,ACC,5,21,259,ADC,1254,384,4,2,"
21.9060,terug,-150,MM1 ?C
21.9061,terug,-150,MM0 ?C
21.9061,terug,-150,MM0 C=708:-706
21.9062,terug,-150,MM1 C=2279:-2395
21.9278,terug,-150,"$GPRMC,093203.0,A,5050.50614,N,00419.37650,E,000.51,146.0,021026,000.4,E*5A"
21.9278,terug,-150,"#77,YAW,2.41,GYRO,-50,20,54,ACC,0,18,259,ADC,1282,396,5,1,"
21.9278,terug,-150,MM1 ?D
21.9279,terug,-150,MM0 ?D
21.9279,terug,-150,MM0 D=50
21.9279,terug,-150,MM1 D=2
21.9473,terug,-150,"#78,YAW,2.41,GYRO,-18,19,43,ACC,-2,-12,260,ADC,1225,390,5,2,"
21.9473,terug,-150,MM1 ?FF
21.9473,terug,-150,MM0 ?FF
21.9473,terug,-150,MM1 FF=0
21.9473,terug,-150,MM0 FF=0
21.9850,terug,-150,"#79,YAW,2.41,GYRO,7,-6,-2,ACC,4,-27,230,ADC,1256,495,5,2,"
21.9850,terug,-150,MM0 ?P
21.9850,terug,-150,MM0 P=-150:150
21.9850,terug,-150,MM1 ?P
21.9850,terug,-150,MM1 P=-150:150
21.9850,terug,-150,MM0 !M -150 150
21.9850,terug,-150,MM1 !M -150 150
21.9850,terug,-150,MM0 +
21.9850,terug,-150,MM1 +
21.9850,terug,-150,MM1 PING
21.9850,terug,-150,MM0 PING
21.9850,terug,-150,MM0 !M -150 150
21.9851,terug,-150,MM1 !M -150 150
21.9851,terug,-150,MM0 +
21.9851,terug,-150,MM1 +
21.9851,terug,-150,"#80,YAW,2.41,GYRO,52,10,-47,ACC,-7,-17,237,ADC,1303,385,6,1,"
21.9851,terug,-150,MM1 ?S
21.9851,terug,-150,MM0 ?S
21.9851,terug,-150,MM1 S=-75:150
21.9851,terug,-150,MM0 S=-150:75
22.0058,terug,-150,"#81,YAW,2.41,GYRO,15,111,-55,ACC,0,17,262,ADC,1242,390,4,1,"
22.0058,terug,-150,MM1 ?T
22.0058,terug,-150,MM0 ?T
22.0058,terug,-150,MM1 T=36:33
22.0058,terug,-150,MM0 T=35:34
22.0269,terug,-150,"#82,YAW,2.41,GYRO,8,190,-38,ACC,2,38,269,ADC,1247,385,6,2,"
22.0269,terug,-150,MM1 ?V
22.0269,terug,-150,MM0 ?V
22.0269,terug,-150,MM1 V=120:222:4899
22.0269,terug,-150,MM0 V=120:223:4905
22.0478,terug,-150,"#83,YAW,2.41,GYRO,-41,72,13,ACC,-3,21,264,ADC,1221,379,4,1,"
22.0478,terug,-150,MM1 ?CR
22.0478,terug,-150,MM0 ?CR
22.0478,terug,-150,MM1 CR=-32:32
22.0478,terug,-150,MM0 CR=-32:32
22.0829,terug,-150,"#84,YAW,2.41,GYRO,-28,115,30,ACC,-9,-2,264,ADC,1244,387,7,2,"
22.0829,terug,-150,MM1 ?A
22.0829,terug,-150,MM0 ?A
22.0829,terug,-150,MM1 A=0:0
22.0829,terug,-150,MM0 A=0:0
22.0829,terug,-150,"#85,YAW,2.41,GYRO,-54,28,28,ACC,-6,-13,258,ADC,1259,503,4,1,"
22.0829,terug,-150,MM1 ?AI
22.0829,terug,-150,MM0 ?AI
22.0829,terug,-150,MM1 AI=0:0:2338:2321:0:0
22.0829,terug,-150,MM0 AI=0:0:2416:2402:0:0
22.1028,terug,-150,"#86,YAW,2.41,GYRO,-36,-70,-3,ACC,0,-2,244,ADC,1239,388,5,1,"
22.1028,terug,-150,MM1 ?C
22.1028,terug,-150,MM0 ?C
22.1028,terug,-150,MM0 C=676:-674
22.1028,terug,-150,MM1 C=2246:-2364
22.1250,terug,-150,"$GPRMC,093203.2,A,5050.50617,N,00419.37652,E,000.50,146.0,021026,000.4,E*58"
22.1250,terug,-150,"#87,YAW,2.41,GYRO,15,-27,-43,ACC,-9,3,257,ADC,1259,494,4,1,"
22.1250,terug,-150,MM1 ?D
22.1250,terug,-150,MM0 ?D
22.1250,terug,-150,MM0 D=50
22.1251,terug,-150,MM1 D=2
22.1441,terug,-150,"#88,YAW,2.42,GYRO,1,86,-67,ACC,-3,6,242,ADC,1281,500,5,2,"
22.1441,terug,-150,MM1 ?FF
22.1441,terug,-150,MM0 ?FF
22.1441,terug,-150,MM1 FF=0
22.1441,terug,-150,MM0 FF=0
22.1781,terug,-150,MM0 !M -150 150
22.1781,terug,-150,MM1 !M -150 150
22.1781,terug,-150,MM0 +
22.1781,terug,-150,MM1 +
22.1781,terug,-150,MM0 PING
22.1781,terug,-150,MM1 PING
22.1781,terug,-150,"#89,YAW,2.42,GYRO,-29,95,-44,ACC,0,17,274,ADC,1279,351,4,2,"
22.1781,terug,-150,MM0 !M -150 150
22.1781,terug,-150,MM0 +
22.1781,terug,-150,MM1 !M -150 150
22.1781,terug,-150,MM1 +
22.1781,terug,-150,MM1 ?P
22.1781,terug,-150,MM0 ?P
22.1781,terug,-150,MM1 P=-150:150
22.1781,terug,-150,MM0 P=-150:150
22.1782,terug,-150,"#90,YAW,2.42,GYRO,-14,21,5,ACC,-7,9,272,ADC,1252,389,4,2,"
22.1782,terug,-150,MM1 ?S
22.1782,terug,-150,MM0 ?S
22.1782,terug,-150,MM1 S=-150:150
22.1988,terug,-150,MM0 S=-150:150
22.1988,terug,-150,"#91,YAW,2.42,GYRO,-35,37,35,ACC,4,7,266,ADC,1258,500,8,2,"
22.1989,terug,-150,MM1 ?T
22.1989,terug,-150,MM0 ?T
22.1989,terug,-150,MM1 T=36:33
22.1989,terug,-150,MM0 T=35:34
22.2199,terug,-150,"#92,YAW,2.42,GYRO,-61,32,51,ACC,6,-1,227,ADC,1257,387,4,2,"
22.2199,terug,-150,MM1 ?V
22.2199,terug,-150,MM0 ?V
22.2199,terug,-150,MM1 V=120:222:4899
22.2199,terug,-150,MM0 V=120:223:4905
22.2418,terug,-150,"#93,YAW,2.42,GYRO,-42,-61,18,ACC,-5,-15,236,ADC,1259,502,5,2,"
22.2418,terug,-150,MM1 ?CR
22.2418,terug,-150,MM0 ?CR
22.2418,terug,-150,MM1 CR=-33:32
22.2418,terug,-150,MM0 CR=-33:32
22.2899,terug,-150,"#94,YAW,2.42,GYRO,33,-25,-32,ACC,-3,-22,282,ADC,1299,499,5,1,"
22.2900,terug,-150,MM1 ?A
22.2900,terug,-150,MM0 ?A
22.2900,terug,-150,MM1 A=-4:0
22.2900,terug,-150,MM0 A=0:0
22.2900,terug,-150,MM0 !M -150 150
22.2900,terug,-150,MM1 !M -150 150
22.2900,terug,-150,MM0 +
22.2900,terug,-150,MM1 +
22.2900,terug,-150,"#95,YAW,2.42,GYRO,25,73,-71,ACC,-5,-3,236,ADC,1269,500,6,2,"
22.2900,terug,-150,MM1 ?AI
22.2900,terug,-150,MM0 ?AI
22.2900,terug,-150,MM1 AI=0:0:2323:2350:0:0
22.2900,terug,-150,MM0 AI=0:0:2417:2405:0:0
22.3112,terug,-150,"#96,YAW,2.42,GYRO,54,144,-56,ACC,4,9,271,ADC,1265,382,4,2,"
22.3112,terug,-150,MM1 ?C
22.3112,terug,-150,MM0 ?C
22.3112,terug,-150,MM0 C=643:-642
22.3112,terug,-150,MM1 C=2214:-2331
22.3330,terug,-150,"$GPRMC,093203.4,A,5050.50626,N,00419.37653,E,000.48,146.0,021026,000.4,E*54"
22.3330,terug,-150,"#97,YAW,2.42,GYRO,7,80,-18,ACC,8,16,302,ADC,1266,499,3,2,"
22.3330,terug,-150,MM0 ?D
22.3330,terug,-150,MM1 ?D
22.3330,terug,-150,MM0 D=35
22.3330,terug,-150,MM1 D=19
22.3529,terug,-150,"#98,YAW,2.43,GYRO,6,65,26,ACC,7,16,240,ADC,1253,502,4,2,"
22.3530,terug,-150,MM1 ?FF
22.3530,terug,-150,MM0 ?FF
22.3530,terug,-150,MM0 FF=0
22.3530,terug,-150,MM1 FF=0
22.3868,terug,-150,"#99,YAW,2.43,GYRO,-60,20,48,ACC,8,5,242,ADC,1253,403,6,2,"
22.3868,terug,-150,MM1 ?P
22.3868,terug,-150,MM0 ?P
22.3869,terug,-150,MM1 P=-150:150
22.3869,terug,-150,MM0 P=-150:150
22.3869,terug,-150,"#100,YAW,2.43,GYRO,-34,-62,24,ACC,-6,-19,235,ADC,1280,498,4,2,"
22.3869,terug,-150,MM1 ?S
22.3869,terug,-150,MM0 ?S
22.3869,terug,-150,MM0 S=-75:75
22.3869,terug,-150,MM1 S=-150:150
22.4078,terug,-150,"#101,YAW,2.43,GYRO,34,-47,-25,ACC,1,-16,273,ADC,1269,500,3,1,"
22.4079,terug,-150,MM1 ?T
22.4079,terug,-150,MM0 ?T
22.4079,terug,-150,MM1 T=36:33
22.4079,terug,-150,MM0 T=35:34
22.4289,terug,-150,"#102,YAW,2.43,GYRO,20,94,-61,ACC,4,0,232,ADC,1259,501,5,1,"
22.4289,terug,-150,MM1 ?V
22.4290,terug,-150,MM0 ?V
22.4290,terug,-150,MM1 V=120:223:4899
22.4290,terug,-150,MM0 V=120:223:4903
22.4498,terug,-150,"#103,YAW,2.43,GYRO,44,151,-49,ACC,14,20,274,ADC,1299,499,5,2,"
22.4498,terug,-150,MM0 ?CR
22.4498,terug,-150,MM1 ?CR
22.4498,terug,-150,MM0 CR=-33:33
22.4498,terug,-150,MM1 CR=-32:33
22.4840,terug,-150,"#104,YAW,2.43,GYRO,15,59,-8,ACC,1,15,288,ADC,1246,384,4,2,"
22.4840,terug,-150,MM0 !M -150 150
22.4840,terug,-150,MM0 +
22.4840,terug,-150,MM0 PING
22.4840,terug,-150,MM1 !M -150 150
22.4840,terug,-150,MM1 +
22.4840,terug,-150,MM1 PING
22.4840,terug,-150,MM0 ?A
22.4840,terug,-150,MM1 ?A
22.4840,terug,-150,MM0 A=0:0
22.4840,terug,-150,MM1 A=0:0
22.4840,terug,-150,"#105,YAW,2.43,GYRO,13,59,21,ACC,15,5,234,ADC,1263,495,6,1,"
22.4840,terug,-150,MM0 ?AI
22.4840,terug,-150,MM1 ?AI
22.4840,terug,-150,MM0 AI=0:0:2406:2417:0:0
22.4840,terug,-150,MM1 AI=0:0:2317:2322:0:0
22.5049,terug,-150,"#106,YAW,2.43,GYRO,-61,61,36,ACC,12,1,273,ADC,1250,387,4,1,"
22.5049,terug,-150,MM0 ?C
22.5049,terug,-150,MM1 ?C
22.5049,terug,-150,MM0 C=610:-609
22.5049,terug,-150,MM1 C=2181:-2299
22.5258,terug,-150,"$GPRMC,093203.6,A,5050.50630,N,00419.37655,E,000.47,146.0,021026,000.4,E*58"
22.5258,terug,-150,"#107,YAW,2.43,GYRO,-13,-32,11,ACC,0,-7,220,ADC,1241,500,6,2,"
22.5258,terug,-150,MM0 ?D
22.5258,terug,-150,MM1 ?D
22.5258,terug,-150,MM0 D=33
22.5258,terug,-150,MM1 D=3
22.5479,terug,-150,"#108,YAW,2.44,GYRO,-31,-83,-27,ACC,-12,-5,237,ADC,1273,500,6,2,"
22.5479,terug,-150,MM0 ?FF
22.5479,terug,-150,MM1 ?FF
22.5479,terug,-150,MM0 FF=0
22.5479,terug,-150,MM1 FF=0
22.5819,terug,-150,"#109,YAW,2.44,GYRO,-7,50,-65,ACC,-12,-2,277,ADC,1232,411,3,1,"
22.5819,terug,-150,MM0 !M -150 150
22.5819,terug,-150,MM0 +
22.5819,terug,-150,MM0 PING
22.5820,terug,-150,MM1 !M -150 150
22.5820,terug,-150,MM1 +
22.5820,terug,-150,MM1 PING
22.5820,terug,-150,MM0 ?P
22.5820,terug,-150,MM1 ?P
22.5820,terug,-150,MM0 P=-150:150
22.5820,terug,-150,MM1 P=-150:150
22.5820,terug,-150,"#110,YAW,2.44,GYRO,7,111,-61,ACC,0,11,241,ADC,1262,398,9,1,"
22.5820,terug,-150,MM0 ?S
22.5820,terug,-150,MM1 ?S
22.5820,terug,-150,MM0 S=-150:150
22.5820,terug,-150,MM1 S=-75:150
22.6027,terug,-150,"#111,YAW,2.44,GYRO,-43,21,-25,ACC,-14,12,285,ADC,1277,389,5,2,"
22.6027,terug,-150,MM0 ?T
22.6027,terug,-150,MM1 ?T
22.6027,terug,-150,MM0 T=35:34
22.6027,terug,-150,MM1 T=36:33
22.6237,terug,-150,"#112,YAW,2.44,GYRO,-2,72,7,ACC,2,1,242,ADC,1244,388,5,2,"
22.6238,terug,-150,MM0 ?V
22.6238,terug,-150,MM1 ?V
22.6238,terug,-150,MM0 V=120:222:4905
22.6238,terug,-150,MM1 V=120:223:4899
22.6442,terug,-150,"#113,YAW,2.44,GYRO,-25,75,22,ACC,-7,0,251,ADC,1253,499,4,2,"
22.6442,terug,-150,MM0 ?CR
22.6442,terug,-150,MM1 ?CR
22.6442,terug,-150,MM0 CR=-32:32
22.6442,terug,-150,MM1 CR=-32:32
22.6921,terug,-150,"#114,YAW,2.44,GYRO,-46,-37,13,ACC,-8,9,248,ADC,1243,384,7,2,"
22.6921,terug,-150,MM0 !M -150 150
22.6921,terug,-150,MM0 +
22.6921,terug,-150,MM1 !M -150 150
22.6921,terug,-150,MM1 +
22.6921,terug,-150,MM0 PING
22.6921,terug,-150,MM1 PING
22.6921,terug,-150,MM0 ?A
22.6922,terug,-150,MM1 ?A
22.6922,terug,-150,MM0 A=0:0
22.6922,terug,-150,MM1 A=0:5
22.6922,terug,-150,"#115,YAW,2.44,GYRO,-44,-30,-18,ACC,-8,9,222,ADC,1256,390,6,1,"
22.6922,terug,-150,MM0 ?AI
22.6922,terug,-150,MM1 ?AI
22.6922,terug,-150,MM0 AI=0:0:2422:2375:0:0
22.6922,terug,-150,MM1 AI=0:0:2298:2599:0:0
22.7132,terug,-150,"#116,YAW,2.44,GYRO,-18,-3,-44,ACC,-1,-15,276,ADC,1228,405,3,2,"
22.7132,terug,-150,MM0 ?C
22.7132,terug,-150,MM1 ?C
22.7132,terug,-150,MM0 C=579:-577
22.7133,terug,-150,MM1 C=2149:-2267
22.7340,terug,-150,"$GPRMC,093203.8,A,5050.50634,N,00419.37656,E,000.45,146.0,021026,000.4,E*53"
22.7340,terug,-150,"#117,YAW,2.44,GYRO,3,103,-48,ACC,-2,-3,262,ADC,1287,340,6,2,"
22.7340,terug,-150,MM0 ?D
22.7340,terug,-150,MM1 ?D
22.7340,terug,-150,MM0 D=33
22.7340,terug,-150,MM1 D=3
22.7550,terug,-150,"#118,YAW,2.45,GYRO,57,144,-28,ACC,8,-9,271,ADC,1265,383,7,1,"
22.7550,terug,-150,MM0 ?FF
22.7550,terug,-150,MM1 ?FF
22.7550,terug,-150,MM0 FF=0
22.7550,terug,-150,MM1 FF=0
22.7550,terug,-150,"#119,YAW,2.45,GYRO,-3,30,-6,ACC,8,11,278,ADC,1239,388,3,2,"
22.7888,terug,-150,MM0 ?P
22.7888,terug,-150,MM0 P=-150:150
22.7888,terug,-150,MM1 ?P
22.7888,terug,-150,MM1 P=-150:150
22.7888,terug,-150,MM0 !M -150 150
22.7888,terug,-150,MM1 !M -150 150
22.7888,terug,-150,MM0 +
22.7888,terug,-150,MM1 +
22.7888,terug,-150,MM1 PING
22.7888,terug,-150,MM0 PING
22.7888,terug,-150,"#120,YAW,2.45,GYRO,-7,33,3,ACC,12,31,246,ADC,1226,383,6,2,"
22.7888,terug,-150,MM0 ?S
22.7889,terug,-150,MM1 ?S
22.7889,terug,-150,MM0 S=-150:75
22.7889,terug,-150,MM1 S=-150:75
22.8098,terug,-150,"#121,YAW,2.45,GYRO,-40,19,10,ACC,3,20,234,ADC,1257,498,4,3,"
22.8098,terug,-150,MM0 ?T
22.8098,terug,-150,MM1 ?T
22.8098,terug,-150,MM0 T=35:34
22.8098,terug,-150,MM1 T=36:33
22.8309,terug,-150,"#122,YAW,2.45,GYRO,-19,-27,-5,ACC,5,-9,248,ADC,1281,502,4,3,"
22.8309,terug,-150,MM0 ?V
22.8309,terug,-150,MM1 ?V
22.8309,terug,-150,MM0 V=120:223:4903
22.8309,terug,-150,MM1 V=120:223:4900
22.8519,terug,-150,"#123,YAW,2.45,GYRO,30,6,-26,ACC,-7,-20,263,ADC,1230,382,4,2,"
22.8519,terug,-150,MM0 ?CR
22.8519,terug,-150,MM1 ?CR
22.8519,terug,-150,MM0 CR=-33:33
22.8519,terug,-150,MM1 CR=-32:32
22.8859,terug,-150,"#124,YAW,2.45,GYRO,16,87,-29,ACC,-6,-5,241,ADC,1239,382,6,2,"
22.8859,terug,-150,MM0 ?A
22.8859,terug,-150,MM1 ?A
22.8859,terug,-150,MM0 A=0:0
22.8859,terug,-150,MM1 A=0:0
22.8859,terug,-150,MM0 !M -150 150
22.8860,terug,-150,MM1 !M -150 150
22.8860,terug,-150,MM0 +
22.8860,terug,-150,MM1 +
22.8860,terug,-150,MM1 PING
22.8860,terug,-150,MM0 PING
22.8860,terug,-150,MM0 !M -150 150
22.8860,terug,-150,MM0 +
22.8860,terug,-150,MM1 !M -150 150
22.8860,terug,-150,MM1 +
22.8860,terug,-150,"#125,YAW,2.45,GYRO,58,103,-9,ACC,1,17,302,ADC,1248,342,5,2,"
22.8860,terug,-150,MM0 ?AI
22.8860,terug,-150,MM1 ?AI
22.8860,terug,-150,MM0 AI=0:0:2404:2420:0:0
22.8860,terug,-150,MM1 AI=0:0:2307:2338:0:0
22.9068,terug,-150,"#126,YAW,2.45,GYRO,-39,21,14,ACC,15,29,258,ADC,1239,500,6,3,"
22.9068,terug,-150,MM0 ?C
22.9069,terug,-150,MM1 ?C
22.9069,terug,-150,MM0 C=545:-544
22.9069,terug,-150,MM1 C=2117:-2234
22.9278,terug,-150,"#127,YAW,2.45,GYRO,5,81,14,ACC,2,6,235,ADC,1225,386,4,2,"
22.9278,terug,-150,"$GPRMC,093204.0,A,5050.50644,N,00419.37651,E,000.44,146.0,021026,000.4,E*5D"
22.9279,terug,-150,MM0 ?D
22.9279,terug,-150,MM1 ?D
22.9279,terug,-150,MM1 D=17
22.9279,terug,-150,MM0 D=0
22.9521,terug,-150,"#128,YAW,2.45,GYRO,-73,22,14,ACC,9,2,260,ADC,1249,501,6,2,"
22.9521,terug,-150,MM0 ?FF
22.9521,terug,-150,MM1 ?FF
22.9521,terug,-150,MM0 FF=0
22.9521,terug,-150,MM1 FF=0
22.9859,terug,-150,"#129,YAW,2.45,GYRO,-13,-6,-5,ACC,6,-11,249,ADC,1246,501,4,1,"
22.9859,terug,-150,MM0 ?P
22.9859,terug,-150,MM1 ?P
22.9860,terug,-150,MM0 P=-150:150
22.9860,terug,-150,MM1 P=-150:150
22.9860,terug,-150,MM1 !M -150 150
22.9860,terug,-150,MM0 !M -150 150
22.9860,terug,-150,MM0 +
22.9860,terug,-150,MM1 +
22.9860,terug,-150,"#130,YAW,2.45,GYRO,19,23,-21,ACC,-7,-19,232,ADC,1245,501,6,1,"
22.9860,terug,-150,MM0 ?S
22.9860,terug,-150,MM1 ?S
22.9860,terug,-150,MM0 S=-150:75
22.9860,terug,-150,MM1 S=-75:150
23.0071,terug,-150,"#131,YAW,2.45,GYRO,42,80,-24,ACC,3,0,243,ADC,1249,501,6,2,"
23.0072,terug,-150,MM0 ?T
23.0072,terug,-150,MM1 ?T
23.0072,terug,-150,MM0 T=35:34
23.0072,terug,-150,MM1 T=36:33
23.0277,terug,-150,"#132,YAW,2.45,GYRO,-1,118,-8,ACC,-4,27,291,ADC,1277,404,5,2,"
23.0278,terug,-150,MM0 ?V
23.0279,terug,-150,MM1 ?V
23.0279,terug,-150,MM0 V=120:222:4904
23.0279,terug,-150,MM1 V=120:223:4899
23.0487,terug,-150,"#133,YAW,2.45,GYRO,-20,33,18,ACC,18,17,251,ADC,1224,380,6,1,"
23.0487,terug,-150,MM0 ?CR
23.0487,terug,-150,MM1 ?CR
23.0487,terug,-150,MM0 CR=-32:32
23.0487,terug,-150,MM1 CR=-33:32
23.0829,terug,-150,"#134,YAW,2.45,GYRO,-41,82,20,ACC,4,-3,254,ADC,1257,381,5,2,"
23.0829,terug,-150,MM0 ?A
23.0829,terug,-150,MM1 ?A
23.0829,terug,-150,MM0 A=0:0
23.0829,terug,-150,MM1 A=0:0
23.0829,terug,-150,"#135,YAW,2.45,GYRO,-43,33,19,ACC,7,-10,265,ADC,1262,379,7,1,"
23.0829,terug,-150,MM0 ?AI
23.0829,terug,-150,MM1 ?AI
23.0829,terug,-150,MM0 AI=0:0:2417:2417:0:0
23.0829,terug,-150,MM1 AI=0:0:2316:2342:0:0
23.1038,terug,-150,"#136,YAW,2.45,GYRO,-17,-41,1,ACC,3,-5,252,ADC,1253,501,6,2,"
23.1038,terug,-150,MM0 ?C
23.1038,terug,-150,MM1 ?C
23.1038,terug,-150,MM0 C=513:-513
23.1038,terug,-150,MM1 C=2085:-2202
23.1250,terug,-150,"$GPRMC,093204.2,A,5050.50654,N,00419.37648,E,000.42,146.0,021026,000.4,E*50"
23.1250,terug,-150,"#137,YAW,2.45,GYRO,21,10,-21,ACC,-9,0,231,ADC,1313,334,7,2,"
23.1250,terug,-150,MM0 ?D
23.1250,terug,-150,MM1 ?D
23.1250,terug,-150,MM0 D=32
23.1250,terug,-150,MM1 D=17
23.1461,terug,-150,"#138,YAW,2.46,GYRO,23,33,-36,ACC,-7,1,234,ADC,1223,386,4,2,"
23.1461,terug,-150,MM0 ?FF
23.1461,terug,-150,MM1 ?FF
23.1461,terug,-150,MM0 FF=0
23.1461,terug,-150,MM1 FF=0
23.1961,terug,-150,"#139,YAW,2.46,GYRO,2,70,-27,ACC,3,12,282,ADC,1261,382,5,2,"
23.1961,terug,-150,MM0 ?P
23.1961,terug,-150,MM1 ?P
23.1961,terug,-150,MM0 P=-150:150
23.1961,terug,-150,MM1 P=-150:150
23.1961,terug,-150,MM0 !M -150 150
23.1961,terug,-150,MM1 !M -150 150
23.1961,terug,-150,MM0 +
23.1961,terug,-150,MM1 +
23.1961,terug,-150,MM0 PING
23.1961,terug,-150,MM1 PING
23.1961,terug,-150,MM0 !M -150 150
23.1961,terug,-150,MM1 !M -150 150
23.1962,terug,-150,MM0 +
23.1962,terug,-150,MM1 +
23.1962,terug,-150,"#140,YAW,2.46,GYRO,-25,119,-8,ACC,7,21,265,ADC,1262,326,3,1,"
23.1962,terug,-150,MM0 ?S
23.1962,terug,-150,MM1 ?S
23.1962,terug,-150,MM0 S=-150:150
23.1962,terug,-150,MM1 S=-150:75
23.1962,terug,-150,"#141,YAW,2.46,GYRO,-29,85,10,ACC,3,-6,274,ADC,1262,500,6,2,"
23.1962,terug,-150,MM0 ?T
23.2168,terug,-150,MM1 ?T
23.2169,terug,-150,MM0 T=35:34
23.2169,terug,-150,MM1 T=36:33
23.2169,terug,-150,"#142,YAW,2.46,GYRO,-55,106,5,ACC,7,-5,253,ADC,1222,380,4,2,"
23.2169,terug,-150,MM0 ?V
23.2169,terug,-150,MM1 ?V
23.2381,terug,-150,MM0 V=120:223:4904
23.2381,terug,-150,MM1 V=120:222:4900
23.2381,terug,-150,"#143,YAW,2.46,GYRO,-35,22,-4,ACC,-8,-3,237,ADC,1229,383,6,1,"
23.2381,terug,-150,MM0 ?CR
23.2381,terug,-150,MM1 ?CR
23.2381,terug,-150,MM0 CR=-32:32
23.2583,terug,-150,MM1 CR=-32:32
23.2583,terug,-150,"#144,YAW,2.46,GYRO,-27,-22,-20,ACC,0,5,274,ADC,1261,391,4,2,"
23.2583,terug,-150,MM0 ?A
23.2583,terug,-150,MM1 ?A
23.2583,terug,-150,MM1 A=-4:0
23.2583,terug,-150,MM0 A=0:0
23.2923,terug,-150,MM0 !M -150 150
23.2923,terug,-150,MM1 !M -150 150
23.2923,terug,-150,MM0 +
23.2923,terug,-150,MM1 +
23.2923,terug,-150,"#145,YAW,2.46,GYRO,37,46,-40,ACC,-5,-2,242,ADC,1278,383,7,2,"
23.2923,terug,-150,MM0 ?AI
23.2923,terug,-150,MM1 ?AI
23.2923,terug,-150,MM0 AI=0:0:2425:2419:0:0
23.2923,terug,-150,MM1 AI=0:0:2344:2348:0:0
23.3130,terug,-150,"#146,YAW,2.46,GYRO,10,56,-33,ACC,2,0,233,ADC,1187,380,7,2,"
23.3131,terug,-150,MM0 ?C
23.3131,terug,-150,MM1 ?C
23.3131,terug,-150,MM0 C=481:-481
23.3131,terug,-150,MM1 C=2053:-2171
23.3339,terug,-150,"$GPRMC,093204.4,A,5050.50657,N,00419.37646,E,000.40,146.0,021026,000.4,E*59"
23.3339,terug,-150,"#147,YAW,2.46,GYRO,16,88,-11,ACC,-8,17,312,ADC,1268,322,6,2,"
23.3339,terug,-150,MM0 ?D
23.3339,terug,-150,MM1 ?D
23.3339,terug,-150,MM0 D=32
23.3339,terug,-150,MM1 D=3
23.3549,terug,-150,"#148,YAW,2.46,GYRO,20,70,9,ACC,3,12,258,ADC,1268,424,6,2,"
23.3550,terug,-150,MM0 ?FF
23.3550,terug,-150,MM1 ?FF
23.3550,terug,-150,MM0 FF=0
23.3550,terug,-150,MM1 FF=0
23.3550,terug,-150,"#149,YAW,2.46,GYRO,-9,61,16,ACC,-1,4,222,ADC,1266,502,7,1,"
23.3889,terug,-150,MM0 ?P
23.3889,terug,-150,MM1 ?P
23.3889,terug,-150,MM0 P=-150:150
23.3889,terug,-150,MM1 P=-150:150
23.3889,terug,-150,MM1 !M -150 150
23.3889,terug,-150,MM0 !M -150 150
23.3889,terug,-150,MM1 +
23.3889,terug,-150,MM0 +
23.3889,terug,-150,"#150,YAW,2.46,GYRO,-24,51,-1,ACC,9,0,287,ADC,1260,487,5,2,"
23.3889,terug,-150,MM0 ?S
23.3889,terug,-150,MM1 ?S
23.3889,terug,-150,MM1 S=-75:75
23.3889,terug,-150,MM0 S=-150:150
23.4099,terug,-150,"#151,YAW,2.46,GYRO,-15,-10,-25,ACC,-1,3,245,ADC,1251,496,7,2,"
23.4099,terug,-150,MM0 ?T
23.4099,terug,-150,MM1 ?T
23.4100,terug,-150,MM0 T=35:34
23.4100,terug,-150,MM1 T=36:33
23.4309,terug,-150,"#152,YAW,2.46,GYRO,32,-6,-48,ACC,-7,-11,226,ADC,1231,412,5,2,"
23.4309,terug,-150,MM0 ?V
23.4310,terug,-150,MM1 ?V
23.4310,terug,-150,MM0 V=120:222:4904
23.4310,terug,-150,MM1 V=120:222:4900
23.4520,terug,-150,"#153,YAW,2.47,GYRO,-11,116,-51,ACC,9,-1,264,ADC,1252,392,4,1,"
23.4520,terug,-150,MM0 ?CR
23.4520,terug,-150,MM1 ?CR
23.4520,terug,-150,MM0 CR=-32:32
23.4520,terug,-150,MM1 CR=-32:32
23.4920,terug,-150,"#154,YAW,2.47,GYRO,62,189,-21,ACC,4,1,268,ADC,1208,379,6,1,"
23.4921,terug,-150,MM0 ?A
23.4921,terug,-150,MM1 ?A
23.4921,terug,-150,MM0 A=0:0
23.4921,terug,-150,MM1 A=0:0
23.4921,terug,-150,MM0 !M -150 150
23.4921,terug,-150,MM0 +
23.4921,terug,-150,MM1 !M -150 150
23.4921,terug,-150,MM1 +
23.4921,terug,-150,"#155,YAW,2.47,GYRO,9,110,-3,ACC,15,2,269,ADC,1238,382,6,2,"
23.4921,terug,-150,MM0 ?AI
23.4921,terug,-150,MM1 ?AI
23.4921,terug,-150,MM0 AI=0:0:2417:2413:0:0
23.4921,terug,-150,MM1 AI=0:0:2316:2326:0:0
23.5120,terug,-150,"#156,YAW,2.47,GYRO,-5,83,6,ACC,2,13,231,ADC,1309,501,3,1,"
23.5120,terug,-150,MM0 ?C
23.5120,terug,-150,MM1 ?C
23.5120,terug,-150,MM0 C=448:-448
23.5120,terug,-150,MM1 C=2021:-2138
23.5329,terug,-150,"$GPRMC,093204.6,A,5050.50660,N,00419.37645,E,000.39,146.0,021026,000.4,E*52"
23.5329,terug,-150,"#157,YAW,2.47,GYRO,-11,59,-7,ACC,5,11,293,ADC,1248,313,6,2,"
23.5329,terug,-150,MM0 ?D
23.5330,terug,-150,MM1 ?D
23.5330,terug,-150,MM1 D=17
23.5330,terug,-150,MM0 D=2
23.5539,terug,-150,"#158,YAW,2.47,GYRO,-60,-20,-29,ACC,3,14,249,ADC,1252,383,6,1,"
23.5539,terug,-150,MM0 ?FF
23.5539,terug,-150,MM1 ?FF
23.5539,terug,-150,MM0 FF=0
23.5539,terug,-150,MM1 FF=0
23.5878,terug,-150,"#159,YAW,2.47,GYRO,4,-59,-55,ACC,0,2,225,ADC,1300,500,5,2,"
23.5878,terug,-150,MM0 ?P
23.5878,terug,-150,MM1 ?P
23.5878,terug,-150,MM0 P=-150:150
23.5878,terug,-150,MM1 P=-150:150
23.5878,terug,-150,"#160,YAW,2.47,GYRO,-27,19,-70,ACC,-1,1,263,ADC,1264,501,5,1,"
23.5878,terug,-150,MM0 ?S
23.5878,terug,-150,MM1 ?S
23.5878,terug,-150,MM0 S=-150:75
23.5878,terug,-150,MM1 S=-150:75
23.6089,terug,-150,"#161,YAW,2.48,GYRO,-9,151,-50,ACC,16,4,259,ADC,1255,498,4,1,"
23.6089,terug,-150,MM0 ?T
23.6089,terug,-150,MM1 ?T
23.6089,terug,-150,MM0 T=35:34
23.6089,terug,-150,MM1 T=36:33
23.6299,terug,-150,"#162,YAW,2.47,GYRO,24,146,1,ACC,23,1,302,ADC,1265,501,7,3,"
23.6299,terug,-150,MM0 ?V
23.6299,terug,-150,MM1 ?V
23.6299,terug,-150,MM0 V=120:223:4903
23.6299,terug,-150,MM1 V=120:223:4899
23.6508,terug,-150,"#163,YAW,2.47,GYRO,-2,110,21,ACC,22,7,233,ADC,1250,396,6,2,"
23.6509,terug,-150,MM0 ?CR
23.6509,terug,-150,MM1 ?CR
23.6509,terug,-150,MM0 CR=-33:32
23.6509,terug,-150,MM1 CR=-31:32
23.6848,terug,-150,"#164,YAW,2.47,GYRO,-30,206,4,ACC,10,4,274,ADC,1257,382,5,2,"
23.6848,terug,-150,MM0 ?A
23.6848,terug,-150,MM1 ?A
23.6849,terug,-150,MM0 A=-4:0
23.6849,terug,-150,MM1 A=0:0
23.6849,terug,-150,MM0 !M -150 150
23.6849,terug,-150,MM0 +
23.6849,terug,-150,MM1 !M -150 150
23.6849,terug,-150,MM1 +
23.6849,terug,-150,MM0 PING
23.6849,terug,-150,MM1 PING
23.6849,terug,-150,MM0 !M -150
23.6849,terug,-150,MM1 !M -150
23.6849,terug,-150,MM0 +
23.6849,terug,-150,MM1 +
23.6849,terug,-150,"#165,YAW,2.47,GYRO,-32,193,-28,ACC,8,0,248,ADC,1219,382,5,2,"
23.6849,terug,-150,MM0 ?AI
23.6849,terug,-150,MM1 ?AI
23.6849,terug,-150,MM0 AI=0:0:2413:2431:0:0
23.6849,terug,-150,MM1 AI=0:0:2307:2338:0:0
23.7059,terug,-150,"#166,YAW,2.48,GYRO,-26,102,-34,ACC,-3,4,220,ADC,1243,392,6,2,"
23.7059,terug,-150,MM0 ?C
23.7059,terug,-150,MM1 ?C
23.7059,terug,-150,MM0 C=417:-416
23.7059,terug,-150,MM1 C=1990:-2107
23.7268,terug,-150,"$GPRMC,093204.8,A,5050.50664,N,00419.37642,E,000.38,146.0,021026,000.4,E*5E"
23.7268,terug,-150,"#167,YAW,2.48,GYRO,-7,37,-31,ACC,-13,1,253,ADC,1258,323,4,1,"
23.7268,terug,-150,MM0 ?D
23.7268,terug,-150,MM1 ?D
23.7268,terug,-150,MM0 D=33
23.7268,terug,-150,MM1 D=2
23.7480,terug,-150,"#168,YAW,2.48,GYRO,-46,90,-21,ACC,-25,9,275,ADC,1249,390,6,1,"
23.7480,terug,-150,MM0 ?FF
23.7480,terug,-150,MM1 ?FF
23.7480,terug,-150,MM0 FF=0
23.7481,terug,-150,MM1 FF=0
23.7991,terug,-150,"#169,YAW,2.48,GYRO,-10,105,9,ACC,-13,13,273,ADC,1286,393,5,2,"
23.7991,terug,-150,MM0 ?P
23.7991,terug,-150,MM1 ?P
23.7991,terug,-150,MM0 P=-150:150
23.7991,terug,-150,MM1 P=-150:150
23.7991,terug,-150,"#170,YAW,2.48,GYRO,-3,22,21,ACC,-14,-2,221,ADC,1221,379,4,1,"
23.7991,terug,-150,MM0 !M -150 150
23.7991,terug,-150,MM0 +
23.7991,terug,-150,MM1 !M -150 150
23.7991,terug,-150,MM1 +
23.7991,terug,-150,MM0 ?S
23.7991,terug,-150,MM1 ?S
23.7991,terug,-150,MM0 S=-75:75
23.7991,terug,-150,MM1 S=-75:75
23.7991,terug,-150,"#171,YAW,2.48,GYRO,-3,30,7,ACC,-16,-9,277,ADC,1321,500,4,2,"
23.7991,terug,-150,MM0 ?T
23.7991,terug,-150,MM1 ?T
23.7991,terug,-150,MM0 T=35:34
23.8190,terug,-150,MM1 T=36:33
23.8190,terug,-150,"#172,YAW,2.48,GYRO,-33,21,9,ACC,-9,-1,260,ADC,1294,500,5,2,"
23.8190,terug,-150,MM0 ?V
23.8190,terug,-150,MM1 ?V
23.8190,terug,-150,MM0 V=120:223:4904
23.8402,terug,-150,MM1 V=120:222:4900
23.8402,terug,-150,"#173,YAW,2.48,GYRO,-17,-45,-3,ACC,-7,7,225,ADC,1276,503,6,2,"
23.8402,terug,-150,MM0 ?CR
23.8402,terug,-150,MM1 ?CR
23.8402,terug,-150,MM0 CR=-29:30
23.8608,terug,-150,MM1 CR=-30:30
23.8608,terug,-150,"#174,YAW,2.48,GYRO,-7,-59,-16,ACC,-17,6,241,ADC,1225,383,4,1,"
23.8608,terug,-150,MM0 ?A
23.8608,terug,-150,MM1 ?A
23.8608,terug,-150,MM0 A=-4:0
23.8608,terug,-150,MM1 A=0:5
23.8950,terug,-150,MM1 !M -150 150
23.8950,terug,-150,MM0 !M -150 150
23.8950,terug,-150,MM1 +
23.8951,terug,-150,MM0 +
23.8951,terug,-150,"#175,YAW,2.48,GYRO,3,-98,-21,ACC,-24,-4,224,ADC,1268,339,5,2,"
23.8951,terug,-150,MM0 ?AI
23.8951,terug,-150,MM1 ?AI
23.8951,terug,-150,MM0 AI=0:0:2403:2414:0:0
23.8951,terug,-150,MM1 AI=0:0:2289:2323:0:0
23.9160,terug,-150,"#176,YAW,2.48,GYRO,-8,-135,-33,ACC,-28,3,230,ADC,1294,396,5,2,"
23.9160,terug,-150,MM0 ?C
23.9160,terug,-150,MM1 ?C
23.9160,terug,-150,MM0 C=388:-387
23.9161,terug,-150,MM1 C=1960:-2077
23.9161,terug,-150,"$GPRMC,093205.0,A,5050.50668,N,00419.37639,E,000.37,146.0,021026,000.4,E*58"
23.9369,terug,-150,"#177,YAW,2.48,GYRO,34,-162,-30,ACC,-36,-11,313,ADC,1241,348,4,2,"
23.9369,terug,-150,MM0 ?D
23.9369,terug,-150,MM1 ?D
23.9369,terug,-150,MM0 D=18
23.9369,terug,-150,MM1 D=49
23.9369,terug,-150,"#178,YAW,2.48,GYRO,-30,17,-18,ACC,11,12,358,ADC,1239,380,4,2,"
23.9369,terug,-150,MM0 ?FF
23.9369,terug,-150,MM1 ?FF
23.9580,terug,-150,MM0 FF=0
23.9580,terug,-150,MM1 FF=0
23.9580,terug,-150,"#179,YAW,2.48,GYRO,15,215,23,ACC,18,15,212,ADC,1282,385,5,2,"
23.9580,terug,-150,MM0 ?P
23.9580,terug,-150,MM1 ?P
23.9580,terug,-150,MM0 P=-150:150
23.9919,terug,-150,MM1 P=-150:150
23.9919,terug,-150,MM0 !M -150 150
23.9919,terug,-150,MM1 !M -150 150
23.9919,terug,-150,MM0 +
23.9919,terug,-150,MM1 +
23.9920,terug,-150,"#180,YAW,2.48,GYRO,-31,-3,44,ACC,3,12,200,ADC,1237,389,5,2,"
23.9920,terug,-150,MM0 ?S
23.9920,terug,-150,MM1 ?S
23.9920,terug,-150,MM0 S=-150:150
23.9920,terug,-150,MM1 S=-150:150
24.0130,terug,-150,"#181,YAW,2.48,GYRO,-57,-135,16,ACC,-1,2,322,ADC,1269,382,7,2,"
24.0130,terug,-150,MM0 ?T
24.0130,terug,-150,MM1 ?T
24.0131,terug,-150,MM0 T=35:34
24.0131,terug,-150,MM1 T=36:33
24.0339,terug,-150,"#182,YAW,2.48,GYRO,31,27,-40,ACC,-9,-24,259,ADC,1285,501,5,2,"
24.0339,terug,-150,MM0 ?V
24.0339,terug,-150,MM1 ?V
24.0339,terug,-150,MM0 V=120:223:4906
24.0339,terug,-150,MM1 V=120:222:4902
24.0551,terug,-150,"#183,YAW,2.48,GYRO,-21,120,-68,ACC,5,-9,195,ADC,1275,398,5,2,"
24.0551,terug,-150,MM0 ?CR
24.0551,terug,-150,MM1 ?CR
24.0551,terug,-150,MM0 CR=-33:32
24.0551,terug,-150,MM1 CR=-33:32
24.0891,terug,-150,"#184,YAW,2.48,GYRO,-10,90,-46,ACC,-3,22,355,ADC,1257,386,6,1,"
24.0891,terug,-150,MM0 ?A
24.0891,terug,-150,MM1 ?A
24.0891,terug,-150,MM0 A=0:0
24.0892,terug,-150,MM1 A=0:0
24.0892,terug,-150,MM0 !M -150 150
24.0892,terug,-150,MM1 !M -150 150
24.0892,terug,-150,MM0 +
24.0892,terug,-150,MM1 +
24.0892,terug,-150,"#185,YAW,2.48,GYRO,-24,-2,-1,ACC,4,24,239,ADC,1224,381,5,2,"
24.0892,terug,-150,MM0 ?AI
24.0892,terug,-150,MM1 ?AI
24.0892,terug,-150,MM0 AI=0:0:2395:2271:0:0
24.0892,terug,-150,MM1 AI=0:0:2340:2449:0:0
24.1144,terug,-150,"#186,YAW,2.48,GYRO,-22,85,41,ACC,8,4,229,ADC,1243,393,5,1,"
24.1144,terug,-150,MM0 ?C
24.1144,terug,-150,MM1 ?C
24.1144,terug,-150,MM0 C=354:-354
24.1144,terug,-150,MM1 C=1926:-2043
24.1311,terug,-150,"$GPRMC,093205.2,A,5050.50670,N,00419.37631,E,000.36,146.0,021026,000.4,E*5A"
24.1311,terug,-150,"#187,YAW,2.48,GYRO,-57,-6,38,ACC,4,6,284,ADC,1250,389,4,2,"
24.1311,terug,-150,MM0 ?D
24.1311,terug,-150,MM1 ?D
24.1311,terug,-150,MM0 D=32
24.1311,terug,-150,MM1 D=2
24.1521,terug,-150,"#188,YAW,2.48,GYRO,2,-66,-6,ACC,-1,-14,243,ADC,1234,388,5,2,"
24.1521,terug,-150,MM1 ?FF
24.1521,terug,-150,MM0 ?FF
24.1521,terug,-150,MM1 FF=0
24.1521,terug,-150,MM0 FF=0
24.2001,terug,-150,"#189,YAW,2.48,GYRO,35,9,-55,ACC,-2,-16,224,ADC,1295,397,6,2,"
24.2001,terug,-150,MM0 ?P
24.2001,terug,-150,MM1 ?P
24.2001,terug,-150,MM0 P=-150:150
24.2001,terug,-150,MM1 P=-150:150
24.2001,terug,-150,"#190,YAW,2.48,GYRO,5,122,-68,ACC,9,0,262,ADC,1296,499,5,1,"
24.2001,terug,-150,MM0 ?S
24.2001,terug,-150,MM1 ?S
24.2001,terug,-150,MM1 S=-75:150
24.2001,terug,-150,MM0 S=-150:150
24.2001,terug,-150,MM1 !M -150 150
24.2001,terug,-150,MM0 !M -150 150
24.2001,terug,-150,MM1 +
24.2001,terug,-150,MM0 +
24.2001,terug,-150,"#191,YAW,2.48,GYRO,57,143,-51,ACC,3,11,297,ADC,1260,392,4,2,"
24.2001,terug,-150,MM0 ?T
24.2001,terug,-150,MM1 ?T
24.2001,terug,-150,MM0 T=35:34
24.2001,terug,-150,MM1 T=36:33
24.2209,terug,-150,"#192,YAW,2.48,GYRO,-9,32,-4,ACC,16,12,249,ADC,1250,384,5,2,"
24.2209,terug,-150,MM0 ?V
24.2210,terug,-150,MM1 ?V
24.2210,terug,-150,MM0 V=120:223:4905
24.2210,terug,-150,MM1 V=120:223:4901
24.2417,terug,-150,"#193,YAW,2.48,GYRO,-1,74,35,ACC,13,8,254,ADC,1275,385,6,2,"
24.2418,terug,-150,MM1 ?CR
24.2418,terug,-150,MM0 ?CR
24.2418,terug,-150,MM1 CR=-33:34
24.2418,terug,-150,MM0 CR=-34:34
24.2628,terug,-150,"#194,YAW,2.48,GYRO,-54,-16,36,ACC,9,5,246,ADC,1253,500,5,1,"
24.2628,terug,-150,MM1 ?A
24.2628,terug,-150,MM0 ?A
24.2628,terug,-150,MM1 A=0:0
24.2628,terug,-150,MM0 A=0:0
24.2970,terug,-150,MM0 !M -150 150
24.2970,terug,-150,MM1 !M -150 150
24.2970,terug,-150,MM0 +
24.2970,terug,-150,MM1 +
24.2971,terug,-150,"#195,YAW,2.48,GYRO,-13,-70,3,ACC,-2,-12,238,ADC,1242,386,5,2,"
24.2971,terug,-150,MM1 ?AI
24.2971,terug,-150,MM0 ?AI
24.2971,terug,-150,MM1 AI=0:0:2336:2239:0:0
24.2971,terug,-150,MM0 AI=0:0:2403:2430:0:0
24.2971,terug,-150,"#196,YAW,2.48,GYRO,32,35,-38,ACC,-2,-13,253,ADC,1253,499,5,2,"
24.2971,terug,-150,MM1 ?C
24.3180,terug,-150,MM0 ?C
24.3180,terug,-150,MM0 C=320:-320
24.3180,terug,-150,MM1 C=1893:-2010
24.3180,terug,-150,"$GPRMC,093205.4,A,5050.50675,N,00419.37622,E,000.34,146.0,021026,000.4,E*59"
24.3389,terug,-150,"#197,YAW,2.48,GYRO,13,155,-52,ACC,18,8,253,ADC,1271,328,4,1,"
24.3389,terug,-150,MM0 ?D
24.3389,terug,-150,MM1 ?D
24.3389,terug,-150,MM1 D=17
24.3389,terug,-150,MM0 D=2
24.3389,terug,-150,"#198,YAW,2.48,GYRO,55,127,-37,ACC,-1,8,288,ADC,1233,402,5,1,"
24.3389,terug,-150,MM1 ?FF
24.3389,terug,-150,MM0 ?FF
24.3389,terug,-150,MM1 FF=0
24.3599,terug,-150,MM0 FF=0
24.3599,terug,-150,"#199,YAW,2.48,GYRO,2,30,3,ACC,4,11,251,ADC,1234,486,4,2,"
24.3599,terug,-150,MM1 ?P
24.3599,terug,-150,MM0 ?P
24.3599,terug,-150,MM1 P=-150:150
24.3600,terug,-150,MM0 P=-150:150
24.3939,terug,-150,MM0 !M -150 150
24.3940,terug,-150,MM1 !M -150 150
24.3940,terug,-150,MM0 +
24.3940,terug,-150,MM1 +
24.3940,terug,-150,"#200,YAW,2.48,GYRO,-5,82,21,ACC,17,14,257,ADC,1268,308,5,1,"
24.3940,terug,-150,MM1 ?S
24.3940,terug,-150,MM0 ?S
24.3940,terug,-150,MM0 S=-150:150
24.3940,terug,-150,MM1 S=-75:150
24.4147,terug,-150,"#201,YAW,2.48,GYRO,-43,10,22,ACC,9,13,264,ADC,1292,387,6,2,"
24.4147,terug,-150,MM1 ?T
24.4147,terug,-150,MM0 ?T
24.4147,terug,-150,MM1 T=36:33
24.4147,terug,-150,MM0 T=35:34
24.4359,terug,-150,"#202,YAW,2.48,GYRO,-57,-142,15,ACC,20,5,279,ADC,1256,389,5,2,"
24.4359,terug,-150,MM1 ?V
24.4359,terug,-150,MM0 ?V
24.4359,terug,-150,MM1 V=120:223:4899
24.4359,terug,-150,MM0 V=120:223:4904
24.4359,terug,-150,"#203,YAW,2.48,GYRO,-97,-195,-18,ACC,-2,-4,271,ADC,1259,393,5,2,"
24.4569,terug,-150,MM1 ?CR
24.4569,terug,-150,MM0 ?CR
24.4569,terug,-150,MM1 CR=-32:32
24.4569,terug,-150,MM0 CR=-32:32
24.4569,terug,-150,"#204,YAW,2.48,GYRO,25,-81,-42,ACC,4,-29,221,ADC,1267,498,7,2,"
24.4569,terug,-150,MM1 ?A
24.4570,terug,-150,MM0 ?A
24.4909,terug,-150,MM1 A=-4:5
24.4909,terug,-150,MM0 A=-4:5
24.4910,terug,-150,MM1 !M -150 150
24.4910,terug,-150,MM0 !M -150 150
24.4910,terug,-150,MM1 +
24.4910,terug,-150,MM0 +
24.4910,terug,-150,"#205,YAW,2.48,GYRO,-47,-72,-44,ACC,-11,0,248,ADC,1269,395,6,2,"
24.4910,terug,-150,MM1 ?AI
24.4910,terug,-150,MM0 ?AI
24.4910,terug,-150,MM1 AI=0:0:2283:2331:0:0
24.4910,terug,-150,MM0 AI=0:0:2414:2420:0:0
24.5120,terug,-150,"#206,YAW,2.48,GYRO,47,-2,-46,ACC,13,2,241,ADC,1251,391,4,2,"
24.5120,terug,-150,MM1 ?C
24.5120,terug,-150,MM0 ?C
24.5120,terug,-150,MM0 C=290:-289
24.5121,terug,-150,MM1 C=1863:-1980
24.5334,terug,-150,"$GPRMC,093205.6,A,5050.50674,N,00419.37623,E,000.33,146.0,021026,000.4,E*5C"
24.5334,terug,-150,"#207,YAW,2.48,GYRO,-32,60,-26,ACC,-4,10,265,ADC,1296,307,5,1,"
24.5334,terug,-150,MM1 ?D
24.5334,terug,-150,MM0 ?D
24.5334,terug,-150,MM1 D=32
24.5334,terug,-150,MM0 D=33
24.5540,terug,-150,"#208,YAW,2.48,GYRO,-37,38,8,ACC,-13,25,251,ADC,1252,499,4,2,"
24.5540,terug,-150,MM1 ?FF
24.5540,terug,-150,MM0 ?FF
24.5540,terug,-150,MM1 FF=0
24.5540,terug,-150,MM0 FF=0
24.6019,terug,-150,"#209,YAW,2.48,GYRO,-63,-8,22,ACC,-8,3,227,ADC,1247,384,4,1,"
24.6019,terug,-150,MM1 ?P
24.6019,terug,-150,MM0 ?P
24.6019,terug,-150,MM1 P=-150:150
24.6019,terug,-150,MM0 P=-150:150
24.6019,terug,-150,"#210,YAW,2.48,GYRO,-46,-1,-2,ACC,-2,-17,237,ADC,1237,496,5,1,"
24.6019,terug,-150,MM1 ?S
24.6019,terug,-150,MM0 ?S
24.6019,terug,-150,MM1 S=-75:150
24.6019,terug,-150,MM0 S=-150:75
24.6019,terug,-150,"#211,YAW,2.48,GYRO,-22,10,-30,ACC,-9,-17,278,ADC,1225,385,5,1,"
24.6019,terug,-150,MM1 ?T
24.6019,terug,-150,MM0 ?T
24.6019,terug,-150,MM1 T=36:33
24.6019,terug,-150,MM0 T=35:34
24.6230,terug,-150,"#212,YAW,2.48,GYRO,-29,79,-35,ACC,11,-3,260,ADC,1273,383,6,2,"
24.6230,terug,-150,MM1 ?V
24.6230,terug,-150,MM0 ?V
24.6230,terug,-150,MM1 V=120:223:4899
24.6230,terug,-150,MM0 V=120:223:4905
24.6438,terug,-150,"#213,YAW,2.49,GYRO,61,135,-24,ACC,3,-6,261,ADC,1268,388,5,1,"
24.6438,terug,-150,MM1 ?CR
24.6438,terug,-150,MM0 ?CR
24.6438,terug,-150,MM1 CR=-30:30
24.6438,terug,-150,MM0 CR=-30:30
24.6651,terug,-150,"#214,YAW,2.49,GYRO,-19,96,-11,ACC,9,6,240,ADC,1241,380,7,1,"
24.6651,terug,-150,MM1 ?A
24.6651,terug,-150,MM0 ?A
24.6651,terug,-150,MM1 A=0:0
24.6651,terug,-150,MM0 A=0:0
24.6651,terug,-150,MM0 !M -150 150
24.6651,terug,-150,MM1 !M -150 150
24.6651,terug,-150,MM0 +
24.6651,terug,-150,MM1 +
24.6651,terug,-150,MM1 PING
24.6991,terug,-150,MM0 PING
24.6991,terug,-150,"#215,YAW,2.49,GYRO,11,136,4,ACC,1,16,229,ADC,1268,389,8,2,"
24.6991,terug,-150,MM0 ?AI
24.6991,terug,-150,MM1 ?AI
24.6992,terug,-150,MM1 AI=0:0:2336:2392:0:0
24.6992,terug,-150,MM0 AI=0:0:2427:2412:0:0
24.6992,terug,-150,MM1 !M -150 150
24.6992,terug,-150,MM0 !M -150 150
24.6992,terug,-150,MM1 +
24.6992,terug,-150,MM0 +
24.6992,terug,-150,"#216,YAW,2.48,GYRO,-31,228,17,ACC,-7,8,233,ADC,1261,387,5,1,"
24.6992,terug,-150,MM1 ?C
24.6992,terug,-150,MM0 ?C
24.6992,terug,-150,MM0 C=257:-258
24.7200,terug,-150,MM1 C=1831:-1949
24.7200,terug,-150,"$GPRMC,093205.8,A,5050.50672,N,00419.37624,E,000.32,146.0,021026,000.4,E*52"
24.7200,terug,-150,"#217,YAW,2.48,GYRO,-16,252,24,ACC,-11,5,217,ADC,1276,331,7,2,"
24.7407,terug,-150,MM1 ?D
24.7408,terug,-150,MM0 ?D
24.7408,terug,-150,MM1 D=32
24.7408,terug,-150,MM0 D=32
24.7408,terug,-150,"#218,YAW,2.48,GYRO,91,191,13,ACC,3,-22,343,ADC,1284,501,5,2,"
24.7408,terug,-150,MM1 ?FF
24.7408,terug,-150,MM0 ?FF
24.7408,terug,-150,MM1 FF=0
24.7408,terug,-150,MM0 FF=0
24.7617,terug,-150,"#219,YAW,2.48,GYRO,-60,92,-14,ACC,-8,6,336,ADC,1276,501,6,2,"
24.7617,terug,-150,MM1 ?P
24.7617,terug,-150,MM0 ?P
24.7617,terug,-150,MM1 P=-150:150
24.7617,terug,-150,MM0 P=-150:150
24.7959,terug,-150,MM0 !M -150 150
24.7959,terug,-150,MM1 !M -150 150
24.7959,terug,-150,MM0 +
24.7959,terug,-150,MM1 +
24.7959,terug,-150,"#220,YAW,2.48,GYRO,111,-43,-28,ACC,12,-8,188,ADC,1242,353,4,1,"
24.7959,terug,-150,MM1 ?S
24.7959,terug,-150,MM0 ?S
24.7959,terug,-150,MM0 S=-150:150
24.7959,terug,-150,MM1 S=-150:75
24.7959,terug,-150,"#221,YAW,2.49,GYRO,-49,124,-27,ACC,0,19,268,ADC,1237,383,7,3,"
24.7959,terug,-150,MM1 ?T
24.8169,terug,-150,MM0 ?T
24.8170,terug,-150,MM1 T=36:33
24.8170,terug,-150,MM0 T=35:34
24.8170,terug,-150,"#222,YAW,2.49,GYRO,10,52,3,ACC,18,20,282,ADC,1235,382,5,2,"
24.8170,terug,-150,MM1 ?V
24.8170,terug,-150,MM0 ?V
24.8379,terug,-150,MM1 V=120:223:4900
24.8379,terug,-150,MM0 V=120:222:4903
24.8379,terug,-150,"#223,YAW,2.48,GYRO,-69,-29,29,ACC,16,18,233,ADC,1245,382,5,1,"
24.8379,terug,-150,MM1 ?CR
24.8379,terug,-150,MM0 ?CR
24.8580,terug,-150,MM1 CR=-34:33
24.8581,terug,-150,MM0 CR=-35:34
24.8581,terug,-150,"#224,YAW,2.48,GYRO,5,15,9,ACC,-6,-6,226,ADC,1271,500,4,2,"
24.8581,terug,-150,MM1 ?A
24.8581,terug,-150,MM0 ?A
24.8581,terug,-150,MM1 A=0:5
24.8581,terug,-150,MM0 A=0:0
24.8920,terug,-150,MM1 !M -150 150
24.8921,terug,-150,MM0 !M -150 150
24.8921,terug,-150,MM1 +
24.8921,terug,-150,MM0 +
24.8921,terug,-150,"#225,YAW,2.48,GYRO,-30,16,-10,ACC,-4,-20,256,ADC,1273,498,5,2,"
24.8921,terug,-150,MM0 ?AI
24.8921,terug,-150,MM1 ?AI
24.8921,terug,-150,MM0 AI=0:0:2411:2430:0:0
24.8921,terug,-150,MM1 AI=0:0:2313:2371:0:0
24.9135,terug,-150,"#226,YAW,2.48,GYRO,46,97,-17,ACC,5,-9,273,ADC,1249,501,6,2,"
24.9136,terug,-150,MM0 ?C
24.9136,terug,-150,MM1 ?C
24.9136,terug,-150,MM0 C=223:-224
24.9136,terug,-150,MM1 C=1797:-1915
24.9340,terug,-150,"#227,YAW,2.49,GYRO,18,97,-21,ACC,8,13,288,ADC,1272,501,7,2,"
24.9340,terug,-150,"$GPRMC,093206.0,A,5050.50671,N,00419.37626,E,000.32,146.0,021026,000.4,E*58"
24.9340,terug,-150,MM0 ?D
24.9340,terug,-150,MM1 ?D
24.9340,terug,-150,MM1 D=19
24.9340,terug,-150,MM0 D=1
24.9550,terug,-150,"#228,YAW,2.49,GYRO,14,25,-12,ACC,3,22,247,ADC,1253,401,5,2,"
24.9550,terug,-150,MM0 ?FF
24.9550,terug,-150,MM1 ?FF
24.9550,terug,-150,MM0 FF=0
24.9550,terug,-150,MM1 FF=0
24.9760,terug,-150,"#229,YAW,2.48,GYRO,-48,83,14,ACC,15,12,258,ADC,1214,383,4,2,"
24.9760,terug,-150,MM0 ?P
24.9760,terug,-150,MM1 ?P
24.9760,terug,-150,MM0 P=-150:150
24.9760,terug,-150,MM1 P=-150:150
24.9760,terug,-150,"#230,YAW,2.48,GYRO,-36,48,24,ACC,15,2,244,ADC,1262,501,6,2,"
24.9760,terug,-150,MM0 ?S
25.0118,terug,-150,MM1 ?S
25.0118,terug,-150,MM0 S=-75:150
25.0118,terug,-150,MM1 S=-150:75
25.0118,terug,-150,MM0 !M -150 150
25.0118,terug,-150,MM1 !M -150 150
25.0118,terug,-150,MM0 +
25.0118,terug,-150,MM1 +
25.0118,terug,-150,"#231,YAW,2.48,GYRO,-46,-57,11,ACC,0,-10,229,ADC,1256,383,4,1,"
25.0118,terug,-150,MM0 ?T
25.0118,terug,-150,MM1 ?T
25.0119,terug,-150,MM0 T=35:34
25.0119,terug,-150,MM1 T=36:33
25.0329,terug,-150,"#232,YAW,2.48,GYRO,-2,-5,-14,ACC,-5,-19,230,ADC,1226,384,5,2,"
25.0329,terug,-150,MM0 ?V
25.0329,terug,-150,MM1 ?V
25.0329,terug,-150,MM0 V=120:223:4905
25.0329,terug,-150,MM1 V=120:223:4901
25.0537,terug,-150,"#233,YAW,2.48,GYRO,8,76,-34,ACC,-16,-1,253,ADC,1239,393,3,2,"
25.0537,terug,-150,MM0 ?CR
25.0537,terug,-150,MM1 ?CR
25.0537,terug,-150,MM0 CR=-33:32
25.0539,terug,-150,MM1 CR=-32:33
25.1037,terug,-150,"#234,YAW,2.49,GYRO,12,95,-31,ACC,1,11,301,ADC,1219,382,4,2,"
25.1037,terug,-150,MM1 ?A
25.1037,terug,-150,MM0 ?A
25.1037,terug,-150,MM1 A=-4:0
25.1037,terug,-150,MM0 A=0:0
25.1038,terug,-150,"#235,YAW,2.49,GYRO,-3,69,-19,ACC,11,12,248,ADC,1238,496,6,2,"
25.1038,terug,-150,MM0 ?AI
25.1038,terug,-150,MM1 ?AI
25.1038,terug,-150,MM0 AI=0:0:2423:2434:0:0
25.1038,terug,-150,MM1 AI=0:0:2323:2331:0:0
25.1038,terug,-150,"#236,YAW,2.49,GYRO,-25,109,-1,ACC,12,1,257,ADC,1260,398,5,2,"
25.1038,terug,-150,MM0 ?C
25.1038,terug,-150,MM1 ?C
25.1038,terug,-150,MM0 C=190:-192
25.1038,terug,-150,MM1 C=1765:-1883
25.1251,terug,-150,"#237,YAW,2.49,GYRO,-48,90,7,ACC,5,-3,242,ADC,1241,386,7,2,"
25.1252,terug,-150,"$GPRMC,093206.2,A,5050.50669,N,00419.37627,E,000.33,146.0,021026,000.4,E*53"
25.1252,terug,-150,MM0 ?D
25.1252,terug,-150,MM1 ?D
25.1252,terug,-150,MM1 D=19
25.1252,terug,-150,MM0 D=1
25.1458,terug,-150,"#238,YAW,2.49,GYRO,-40,-16,1,ACC,-4,-2,250,ADC,1260,501,4,2,"
25.1458,terug,-150,MM0 ?FF
25.1458,terug,-150,MM1 ?FF
25.1458,terug,-150,MM0 FF=0
25.1458,terug,-150,MM1 FF=0
25.1669,terug,-150,"#239,YAW,2.49,GYRO,-35,-32,-17,ACC,3,-6,236,ADC,1278,387,7,2,"
25.1669,terug,-150,MM0 ?P
25.1669,terug,-150,MM1 ?P
25.1669,terug,-150,MM0 P=-150:150
25.1669,terug,-150,MM1 P=-150:150
25.1669,terug,-150,MM1 !M -150 150
25.1669,terug,-150,MM0 !M -150 150
25.1669,terug,-150,MM1 +
25.1669,terug,-150,MM0 +
25.2025,terug,-150,MM0 PING
25.2025,terug,-150,MM1 PING
25.2025,terug,-150,"#240,YAW,2.49,GYRO,23,85,-36,ACC,-6,-6,238,ADC,1270,315,5,1,"
25.2025,terug,-150,MM0 ?S
25.2025,terug,-150,MM1 ?S
25.2025,terug,-150,MM0 S=-75:75
25.2025,terug,-150,MM1 S=-150:150
25.2025,terug,-150,MM1 !M -150 150
25.2025,terug,-150,MM0 !M -150 150
25.2025,terug,-150,MM1 +
25.2025,terug,-150,MM0 +
25.2025,terug,-150,"#241,YAW,2.49,GYRO,20,67,-32,ACC,-15,5,297,ADC,1248,501,7,2,"
25.2025,terug,-150,MM0 ?T
25.2025,terug,-150,MM1 ?T
25.2025,terug,-150,MM0 T=35:34
25.2025,terug,-150,MM1 T=36:33
25.2218,terug,-150,"#242,YAW,2.49,GYRO,4,40,-18,ACC,12,16,263,ADC,1255,397,4,1,"
25.2218,terug,-150,MM0 ?V
25.2218,terug,-150,MM1 ?V
25.2218,terug,-150,MM0 V=120:221:4903
25.2218,terug,-150,MM1 V=120:222:4900
25.2427,terug,-150,"#243,YAW,2.49,GYRO,33,55,-3,ACC,4,18,240,ADC,1240,389,5,1,"
25.2427,terug,-150,MM0 ?CR
25.2427,terug,-150,MM1 ?CR
25.2427,terug,-150,MM0 CR=-32:32
25.2427,terug,-150,MM1 CR=-32:32
25.2639,terug,-150,"#244,YAW,2.49,GYRO,-7,76,7,ACC,4,8,277,ADC,1249,387,7,2,"
25.2639,terug,-150,MM0 ?A
25.2639,terug,-150,MM1 ?A
25.2639,terug,-150,MM0 A=0:0
25.2639,terug,-150,MM1 A=0:0
25.2981,terug,-150,"#245,YAW,2.49,GYRO,-43,14,6,ACC,-2,12,261,ADC,1230,385,5,1,"
25.2981,terug,-150,MM0 !M -150 150
25.2981,terug,-150,MM0 +
25.2981,terug,-150,MM1 !M -150 150
25.2981,terug,-150,MM1 +
25.2981,terug,-150,MM0 ?AI
25.2981,terug,-150,MM1 ?AI
25.2981,terug,-150,MM0 AI=0:0:2409:2409:0:0
25.2981,terug,-150,MM1 AI=0:0:2341:2353:0:0
25.2981,terug,-150,"#246,YAW,2.49,GYRO,5,-21,-13,ACC,-13,-2,225,ADC,1258,385,5,2,"
25.2981,terug,-150,MM0 ?C
25.2981,terug,-150,MM1 ?C
25.2981,terug,-150,MM0 C=158:-160
25.3191,terug,-150,MM1 C=1733:-1851
25.3192,terug,-150,"#247,YAW,2.49,GYRO,2,28,-37,ACC,-17,-9,237,ADC,1263,391,5,2,"
25.3401,terug,-150,"$GPRMC,093206.4,A,5050.50668,N,00419.37628,E,000.33,146.0,021026,000.4,E*5B"
25.3401,terug,-150,MM0 ?D
25.3401,terug,-150,MM1 ?D
25.3401,terug,-150,MM1 D=19
25.3401,terug,-150,MM0 D=1
25.3401,terug,-150,"#248,YAW,2.49,GYRO,18,142,-36,ACC,4,-7,279,ADC,1249,384,5,1,"
25.3401,terug,-150,MM0 ?FF
25.3401,terug,-150,MM1 ?FF
25.3401,terug,-150,MM0 FF=0
25.3402,terug,-150,MM1 FF=0
25.3606,terug,-150,"#249,YAW,2.49,GYRO,54,112,-28,ACC,4,-1,267,ADC,1260,385,4,1,"
25.3606,terug,-150,MM0 ?P
25.3606,terug,-150,MM1 ?P
25.3606,terug,-150,MM0 P=-150:150
25.3606,terug,-150,MM1 P=-150:150
25.3954,terug,-150,MM0 !M -150 150
25.3954,terug,-150,MM1 !M -150 150
25.3954,terug,-150,MM0 +
25.3954,terug,-150,MM1 +
25.3954,terug,-150,"#250,YAW,2.49,GYRO,-3,110,-17,ACC,-3,18,251,ADC,1254,341,6,1,"
25.3954,terug,-150,MM0 ?S
25.3954,terug,-150,MM1 ?S
25.3954,terug,-150,MM0 S=-150:75
25.3954,terug,-150,MM1 S=-75:150
25.3954,terug,-150,"#251,YAW,2.49,GYRO,21,64,-5,ACC,12,15,243,ADC,1238,502,4,2,"
25.4159,terug,-150,MM0 ?T
25.4159,terug,-150,MM1 ?T
25.4159,terug,-150,MM0 T=35:34
25.4159,terug,-150,MM1 T=36:33
25.4159,terug,-150,"#252,YAW,2.49,GYRO,-57,36,-9,ACC,10,15,282,ADC,1257,502,6,2,"
25.4159,terug,-150,MM0 ?V
25.4369,terug,-150,MM1 ?V
25.4369,terug,-150,MM0 V=120:223:4906
25.4369,terug,-150,MM1 V=120:223:4900
25.4369,terug,-150,"#253,YAW,2.49,GYRO,-26,-33,-26,ACC,-9,3,231,ADC,1277,390,4,2,"
25.4369,terug,-150,MM0 ?CR
25.4370,terug,-150,MM1 ?CR
25.4579,terug,-150,MM0 CR=-32:33
25.4579,terug,-150,MM1 CR=-33:32
25.4580,terug,-150,"#254,YAW,2.49,GYRO,-23,-33,-42,ACC,-9,2,223,ADC,1291,503,6,2,"
25.4580,terug,-150,MM0 ?A
25.4580,terug,-150,MM1 ?A
25.4580,terug,-150,MM1 A=-4:0
25.5099,terug,-150,MM0 A=0:0
25.5099,terug,-150,"#255,YAW,2.49,GYRO,-13,64,-43,ACC,-1,2,277,ADC,1266,407,8,2,"
25.5099,terug,-150,MM0 ?AI
25.5099,terug,-150,MM1 ?AI
25.5099,terug,-150,MM0 AI=0:0:2397:2410:0:0
25.5099,terug,-150,MM1 AI=0:0:2305:2351:0:0
25.5099,terug,-150,"#0,YAW,2.49,GYRO,21,100,-34,ACC,6,-1,308,ADC,1252,394,5,2,"
25.5100,terug,-150,MM0 ?C
25.5100,terug,-150,MM1 ?C
25.5100,terug,-150,MM0 C=126:-127
25.5100,terug,-150,MM1 C=1701:-1818
25.5319,terug,-150,"$GPRMC,093206.6,A,5050.50666,N,00419.37629,E,000.31,146.0,021026,000.4,E*54"
25.5319,terug,-150,"#1,YAW,2.49,GYRO,-41,16,2,ACC,2,7,230,ADC,1233,306,5,1,"
25.5319,terug,-150,MM0 ?D
25.5319,terug,-150,MM1 ?D
25.5319,terug,-150,MM0 D=17
25.5319,terug,-150,MM1 D=27
25.5487,terug,-150,"#2,YAW,2.49,GYRO,1,62,15,ACC,12,4,261,ADC,1236,393,6,2,"
25.5487,terug,-150,MM0 ?FF
25.5487,terug,-150,MM1 ?FF
25.5487,terug,-150,MM0 FF=0
25.5487,terug,-150,MM1 FF=0
25.5702,terug,-150,"#3,YAW,2.49,GYRO,-64,31,8,ACC,10,7,276,ADC,1264,503,6,2,"
25.5702,terug,-150,MM0 ?P
25.5702,terug,-150,MM1 ?P
25.5702,terug,-150,MM0 P=-150:150
25.5702,terug,-150,MM1 P=-150:150
25.5702,terug,-150,MM0 !M -150 150
25.5702,terug,-150,MM1 !M -150 150
25.5702,terug,-150,MM0 +
25.5702,terug,-150,MM1 +
25.5702,terug,-150,MM1 PING
25.6038,terug,-150,MM0 PING
25.6039,terug,-150,"#4,YAW,2.49,GYRO,-14,-40,-13,ACC,2,3,228,ADC,1255,301,5,2,"
25.6039,terug,-150,MM0 ?S
25.6039,terug,-150,MM1 ?S
25.6039,terug,-150,MM0 S=-150:75
25.6039,terug,-150,MM1 S=-150:75
25.6039,terug,-150,"#5,YAW,2.49,GYRO,-33,-37,-27,ACC,-16,-3,203,ADC,1203,382,6,1,"
25.6039,terug,-150,MM0 ?T
25.6039,terug,-150,MM1 ?T
25.6039,terug,-150,MM0 T=35:34
25.6039,terug,-150,MM1 T=36:33
25.6249,terug,-150,"#6,YAW,2.49,GYRO,2,32,-43,ACC,-8,-1,274,ADC,1248,386,6,2,"
25.6250,terug,-150,MM0 ?V
25.6250,terug,-150,MM1 ?V
25.6250,terug,-150,MM0 V=120:223:4904
25.6250,terug,-150,MM1 V=120:223:4901
25.6458,terug,-150,"#7,YAW,2.50,GYRO,1,57,-39,ACC,-4,-3,340,ADC,1229,391,3,2,"
25.6459,terug,-150,MM0 ?CR
25.6459,terug,-150,MM1 ?CR
25.6459,terug,-150,MM0 CR=-32:32
25.6459,terug,-150,MM1 CR=-31:32
25.6669,terug,-150,"#8,YAW,2.50,GYRO,-11,-17,5,ACC,5,3,205,ADC,1239,498,4,2,"
25.6669,terug,-150,MM0 ?A
25.6669,terug,-150,MM1 ?A
25.6669,terug,-150,MM0 A=0:0
25.6669,terug,-150,MM1 A=0:0
25.6669,terug,-150,MM0 !M -150 150
25.7011,terug,-150,MM1 !M -150 150
25.7011,terug,-150,MM0 +
25.7011,terug,-150,MM1 +
25.7011,terug,-150,MM1 PING
25.7011,terug,-150,MM0 PING
25.7011,terug,-150,"#9,YAW,2.49,GYRO,-9,63,26,ACC,13,6,270,ADC,1280,366,6,2,"
25.7011,terug,-150,MM0 ?AI
25.7011,terug,-150,MM1 ?AI
25.7011,terug,-150,MM0 AI=0:0:2422:2458:0:0
25.7011,terug,-150,MM1 AI=0:0:2318:2296:0:0
25.7011,terug,-150,MM0 !M -150 150
25.7011,terug,-150,MM1 !M -150 150
25.7011,terug,-150,MM0 +
25.7011,terug,-150,MM1 +
25.7011,terug,-150,"#10,YAW,2.49,GYRO,-35,33,45,ACC,5,10,282,ADC,1255,385,8,2,"
25.7011,terug,-150,MM0 ?C
25.7011,terug,-150,MM1 ?C
25.7011,terug,-150,MM0 C=94:-95
25.7011,terug,-150,MM1 C=1669:-1786
25.7219,terug,-150,"$GPRMC,093206.8,A,5050.50665,N,00419.37630,E,000.30,146.0,021026,000.4,E*50"
25.7220,terug,-150,"#11,YAW,2.49,GYRO,-4,-21,24,ACC,3,-5,246,ADC,1257,300,5,2,"
25.7220,terug,-150,MM0 ?D
25.7220,terug,-150,MM1 ?D
25.7220,terug,-150,MM0 D=16
25.7221,terug,-150,MM1 D=19
25.7429,terug,-150,"#12,YAW,2.49,GYRO,8,39,-15,ACC,2,-10,205,ADC,1261,502,5,2,"
25.7429,terug,-150,MM0 ?FF
25.7429,terug,-150,MM1 ?FF
25.7430,terug,-150,MM0 FF=0
25.7430,terug,-150,MM1 FF=0
25.7639,terug,-150,"#13,YAW,2.49,GYRO,20,56,-40,ACC,-4,-8,267,ADC,1278,386,4,1,"
25.7639,terug,-150,MM0 ?P
25.7639,terug,-150,MM1 ?P
25.7639,terug,-150,MM0 P=-150:150
25.7639,terug,-150,MM1 P=-150:150
25.7979,terug,-150,"#14,YAW,2.50,GYRO,45,106,-42,ACC,5,0,285,ADC,1239,502,5,2,"
25.7979,terug,-150,MM0 !M -150 150
25.7979,terug,-150,MM0 +
25.7979,terug,-150,MM1 !M -150 150
25.7980,terug,-150,MM1 +
25.7980,terug,-150,MM0 ?S
25.7980,terug,-150,MM1 ?S
25.7980,terug,-150,MM0 S=-75:75
25.7980,terug,-150,MM1 S=-150:75
25.7980,terug,-150,"#15,YAW,2.50,GYRO,-14,94,-19,ACC,10,20,256,ADC,1266,500,3,2,"
25.7980,terug,-150,MM0 ?T
25.7980,terug,-150,MM1 ?T
25.7980,terug,-150,MM0 T=35:34
25.8198,terug,-150,MM1 T=36:33
25.8198,terug,-150,"#16,YAW,2.50,GYRO,18,81,9,ACC,6,13,261,ADC,1251,382,5,1,"
25.8198,terug,-150,MM0 ?V
25.8198,terug,-150,MM1 ?V
25.8199,terug,-150,MM0 V=120:223:4903
25.8398,terug,-150,MM1 V=120:223:4900
25.8398,terug,-150,"#17,YAW,2.49,GYRO,-53,107,32,ACC,-1,3,273,ADC,1238,380,4,2,"
25.8398,terug,-150,MM0 ?CR
25.8398,terug,-150,MM1 ?CR
25.8398,terug,-150,MM0 CR=-33:32
25.8398,terug,-150,MM1 CR=-33:32
25.8607,terug,-150,"#18,YAW,2.49,GYRO,-18,25,15,ACC,6,-15,245,ADC,1238,386,4,2,"
25.8607,terug,-150,MM0 ?A
25.8607,terug,-150,MM1 ?A
25.8607,terug,-150,MM0 A=0:0
25.8607,terug,-150,MM1 A=0:0
25.9103,terug,-150,"#19,YAW,2.49,GYRO,-55,-74,-19,ACC,-11,2,225,ADC,1243,382,7,2,"
25.9103,terug,-150,MM0 ?AI
25.9103,terug,-150,MM1 ?AI
25.9103,terug,-150,MM0 AI=0:0:2424:2437:0:0
25.9103,terug,-150,MM1 AI=0:0:2328:2330:0:0
25.9103,terug,-150,"#20,YAW,2.50,GYRO,10,51,-43,ACC,1,-1,230,ADC,1285,388,5,3,"
25.9103,terug,-150,MM0 ?C
25.9103,terug,-150,MM1 ?C
25.9103,terug,-150,MM0 C=61:-63
25.9103,terug,-150,MM1 C=1637:-1754
25.9297,terug,-150,"$GPRMC,093207.0,A,5050.50663,N,00419.37631,E,000.29,146.0,021026,000.4,E*56"
25.9298,terug,-150,"#21,YAW,2.50,GYRO,-10,121,-60,ACC,3,0,302,ADC,1258,312,4,1,"
25.9298,terug,-150,MM0 ?D
25.9298,terug,-150,MM1 ?D
25.9298,terug,-150,MM0 D=16
25.9298,terug,-150,MM1 D=17
25.9518,terug,-150,"#22,YAW,2.50,GYRO,-15,11,-28,ACC,15,7,277,ADC,1276,393,5,2,"
25.9518,terug,-150,MM0 ?FF
25.9518,terug,-150,MM1 ?FF
25.9518,terug,-150,MM0 FF=0
25.9518,terug,-150,MM1 FF=0
25.9719,terug,-150,"#23,YAW,2.50,GYRO,13,14,5,ACC,4,5,213,ADC,1229,386,5,1,"
25.9720,terug,-150,MM0 ?P
25.9720,terug,-150,MM1 ?P
25.9720,terug,-150,MM0 P=-150:150
25.9720,terug,-150,MM1 P=-150:150
25.9720,terug,-150,MM0 !M -150 150
25.9720,terug,-150,MM1 !M -150 150
25.9720,terug,-150,MM0 +
25.9720,terug,-150,MM1 +
25.9720,terug,-150,MM1 PING
26.0068,terug,-150,MM0 PING
26.0068,terug,-150,"#24,YAW,2.50,GYRO,-27,58,29,ACC,7,3,300,ADC,1256,386,5,2,"
26.0068,terug,-150,MM0 ?S
26.0068,terug,-150,MM1 ?S
26.0068,terug,-150,MM0 S=-75:75
26.0068,terug,-150,MM1 S=-150:75
26.0068,terug,-150,"#25,YAW,2.50,GYRO,-39,17,25,ACC,5,6,250,ADC,1235,384,8,2,"
26.0068,terug,-150,MM0 ?T
26.0068,terug,-150,MM1 ?T
26.0068,terug,-150,MM0 T=35:34
26.0068,terug,-150,MM1 T=36:33
26.0289,terug,-150,"#26,YAW,2.50,GYRO,-21,-67,-7,ACC,4,-1,202,ADC,1288,500,6,2,"
26.0290,terug,-150,MM0 ?V
26.0290,terug,-150,MM1 ?V
26.0290,terug,-150,MM0 V=120:224:4905
26.0290,terug,-150,MM1 V=120:223:4900
26.0488,terug,-150,"#27,YAW,2.50,GYRO,15,28,-40,ACC,0,-11,240,ADC,1250,381,5,1,"
26.0488,terug,-150,MM0 ?CR
26.0488,terug,-150,MM1 ?CR
26.0488,terug,-150,MM0 CR=-33:33
26.0488,terug,-150,MM1 CR=-33:33
26.0699,terug,-150,"#28,YAW,2.50,GYRO,44,124,-61,ACC,5,-12,291,ADC,1234,419,5,2,"
26.0699,terug,-150,MM0 ?A
26.0699,terug,-150,MM1 ?A
26.0699,terug,-150,MM0 A=0:0
26.0699,terug,-150,MM1 A=0:0
26.0699,terug,-150,MM0 !M -150 150
26.0699,terug,-150,MM1 !M -150 150
26.1039,terug,-150,MM0 +
26.1039,terug,-150,MM1 +
26.1039,terug,-150,MM0 PING
26.1039,terug,-150,MM1 PING
26.1039,terug,-150,"#29,YAW,2.50,GYRO,35,75,-51,ACC,14,8,272,ADC,1230,269,5,2,"
26.1039,terug,-150,MM0 ?AI
26.1039,terug,-150,MM1 ?AI
26.1039,terug,-150,MM0 AI=0:0:2414:2435:0:0
26.1039,terug,-150,MM1 AI=0:0:2311:2308:0:0
26.1039,terug,-150,MM0 !M -150 150
26.1039,terug,-150,MM1 !M -150 150
26.1039,terug,-150,MM0 +
26.1039,terug,-150,MM1 +
26.1039,terug,-150,"#30,YAW,2.50,GYRO,22,64,-11,ACC,9,25,246,ADC,1258,357,5,2,"
26.1039,terug,-150,MM0 ?C
26.1039,terug,-150,MM1 ?C
26.1039,terug,-150,MM0 C=28:-30
26.1040,terug,-150,MM1 C=1603:-1721
26.1247,terug,-150,"$GPRMC,093207.2,A,5050.50662,N,00419.37632,E,000.28,146.0,021026,000.4,E*57"
26.1247,terug,-150,"#31,YAW,2.50,GYRO,7,87,27,ACC,16,20,269,ADC,1255,403,4,2,"
26.1247,terug,-150,MM0 ?D
26.1247,terug,-150,MM1 ?D
26.1247,terug,-150,MM0 D=35
26.1247,terug,-150,MM1 D=48
26.1458,terug,-150,"#32,YAW,2.50,GYRO,-55,-4,37,ACC,11,13,271,ADC,1276,494,7,2,"
26.1458,terug,-150,MM0 ?FF
26.1459,terug,-150,MM1 ?FF
26.1459,terug,-150,MM0 FF=0
26.1459,terug,-150,MM1 FF=0
26.1667,terug,-150,"#33,YAW,2.50,GYRO,-19,-42,4,ACC,-3,-8,211,ADC,1247,394,7,2,"
26.1667,terug,-150,MM0 ?P
26.1667,terug,-150,MM1 ?P
26.1667,terug,-150,MM0 P=-150:150
26.1667,terug,-150,MM1 P=-150:150
26.2008,terug,-150,"#34,YAW,2.50,GYRO,-1,32,-31,ACC,-9,-11,249,ADC,1251,388,5,1,"
26.2008,terug,-150,MM0 ?S
26.2008,terug,-150,MM1 ?S
26.2008,terug,-150,MM0 S=-150:75
26.2008,terug,-150,MM1 S=-150:150
26.2008,terug,-150,MM0 !M -150 150
26.2008,terug,-150,MM1 !M -150 150
26.2008,terug,-150,MM0 +
26.2008,terug,-150,MM1 +
26.2008,terug,-150,"#35,YAW,2.50,GYRO,41,129,-54,ACC,2,-11,298,ADC,1237,499,5,2,"
26.2008,terug,-150,MM0 ?T
26.2008,terug,-150,MM1 ?T
26.2008,terug,-150,MM0 T=35:34
26.2008,terug,-150,MM1 T=36:33
26.2216,terug,-150,"#36,YAW,2.50,GYRO,33,58,-43,ACC,10,11,251,ADC,1281,496,5,1,"
26.2216,terug,-150,MM0 ?V
26.2216,terug,-150,MM1 ?V
26.2216,terug,-150,MM0 V=120:223:4905
26.2216,terug,-150,MM1 V=120:225:4899
26.2427,terug,-150,"#37,YAW,2.50,GYRO,23,68,-5,ACC,15,13,246,ADC,1247,383,5,2,"
26.2427,terug,-150,MM0 ?CR
26.2427,terug,-150,MM1 ?CR
26.2427,terug,-150,MM0 CR=-33:34
26.2427,terug,-150,MM1 CR=-32:33
26.2638,terug,-150,"#38,YAW,2.50,GYRO,-27,29,25,ACC,12,8,291,ADC,1276,503,6,2,"
26.2638,terug,-150,MM0 ?A
26.2638,terug,-150,MM1 ?A
26.2638,terug,-150,MM0 A=0:0
26.2638,terug,-150,MM1 A=0:0
26.3110,terug,-150,"#39,YAW,2.50,GYRO,-34,-3,23,ACC,-2,3,232,ADC,1275,500,6,2,"
26.3110,terug,-150,MM0 ?AI
26.3110,terug,-150,MM1 ?AI
26.3110,terug,-150,MM0 AI=0:0:2418:2428:0:0
26.3110,terug,-150,MM1 AI=0:0:2303:2358:0:0
26.3110,terug,-150,"#40,YAW,2.50,GYRO,-23,4,-11,ACC,-1,-6,191,ADC,1214,381,4,1,"
26.3110,terug,-150,MM0 ?C
26.3110,terug,-150,MM1 ?C
26.3110,terug,-150,MM0 C=-5:3
26.3110,terug,-150,MM1 C=1571:-1689
26.3318,terug,-150,"$GPRMC,093207.4,A,5050.50660,N,00419.37633,E,000.28,146.0,021026,000.4,E*52"
26.3318,terug,-150,"#41,YAW,2.50,GYRO,-58,1,-34,ACC,-11,1,287,ADC,1251,304,8,1,"
26.3318,terug,-150,MM0 ?D
26.3318,terug,-150,MM1 ?D
26.3318,terug,-150,MM0 D=35
26.3318,terug,-150,MM1 D=32
26.3527,terug,-150,"#42,YAW,2.50,GYRO,-9,149,-47,ACC,-2,1,271,ADC,1225,503,7,2,"
26.3527,terug,-150,MM0 ?FF
26.3527,terug,-150,MM1 ?FF
26.3527,terug,-150,MM0 FF=0
26.3528,terug,-150,MM1 FF=0
26.3738,terug,-150,"#43,YAW,2.50,GYRO,-39,71,-17,ACC,-6,5,244,ADC,1271,406,7,2,"
26.3738,terug,-150,MM0 ?P
26.3738,terug,-150,MM1 ?P
26.3738,terug,-150,MM0 P=-150:150
26.3738,terug,-150,MM1 P=-150:150
26.3738,terug,-150,MM0 !M -150 150
26.3738,terug,-150,MM1 !M -150 150
26.4077,terug,-150,"#44,YAW,2.50,GYRO,-7,-12,-6,ACC,0,0,268,ADC,1271,410,5,2,"
26.4077,terug,-150,MM0 +
26.4077,terug,-150,MM0 PING
26.4077,terug,-150,MM1 +
26.4077,terug,-150,MM1 PING
26.4077,terug,-150,MM0 ?S
26.4077,terug,-150,MM1 ?S
26.4077,terug,-150,MM0 S=-150:150
26.4077,terug,-150,MM1 S=-150:75
26.4077,terug,-150,"#45,YAW,2.50,GYRO,-17,115,-2,ACC,11,0,268,ADC,1250,385,4,2,"
26.4077,terug,-150,MM0 ?T
26.4077,terug,-150,MM1 ?T
26.4077,terug,-150,MM0 T=35:34
26.4077,terug,-150,MM1 T=36:33
26.4315,terug,-150,"#46,YAW,2.50,GYRO,-71,23,7,ACC,0,15,232,ADC,1255,501,5,1,"
26.4315,terug,-150,MM0 ?V
26.4315,terug,-150,MM1 ?V
26.4315,terug,-150,MM0 V=120:223:4905
26.4315,terug,-150,MM1 V=120:223:4900
26.4496,terug,-150,"#47,YAW,2.50,GYRO,-46,-33,5,ACC,0,3,237,ADC,1229,380,5,1,"
26.4496,terug,-150,MM0 ?CR
26.4496,terug,-150,MM1 ?CR
26.4496,terug,-150,MM0 CR=-33:32
26.4496,terug,-150,MM1 CR=-33:32
26.4709,terug,-150,"#48,YAW,2.50,GYRO,-38,7,-20,ACC,-11,-4,230,ADC,1208,380,5,2,"
26.4709,terug,-150,MM0 ?A
26.4709,terug,-150,MM1 ?A
26.4709,terug,-150,MM0 A=0:0
26.4709,terug,-150,MM1 A=0:0
26.5048,terug,-150,"#49,YAW,2.50,GYRO,-38,56,-31,ACC,-4,-8,299,ADC,1256,384,6,2,"
26.5048,terug,-150,MM0 !M -150 150
26.5048,terug,-150,MM0 +
26.5048,terug,-150,MM0 PING
26.5048,terug,-150,MM1 !M -150 150
26.5048,terug,-150,MM1 +
26.5048,terug,-150,MM1 PING
26.5048,terug,-150,MM0 ?AI
26.5048,terug,-150,MM1 ?AI
26.5048,terug,-150,MM0 AI=0:0:2405:2434:0:0
26.5048,terug,-150,MM1 AI=0:0:2329:2336:0:0
26.5048,terug,-150,"#50,YAW,2.50,GYRO,68,76,-43,ACC,8,-18,260,ADC,1251,385,6,2,"
26.5048,terug,-150,MM0 ?C
26.5048,terug,-150,MM1 ?C
26.5048,terug,-150,MM0 C=-38:36
26.5048,terug,-150,MM1 C=1539:-1656
26.5257,terug,-150,"$GPRMC,093207.6,A,5050.50658,N,00419.37633,E,000.29,146.0,021026,000.4,E*5A"
26.5257,terug,-150,"#51,YAW,2.50,GYRO,3,86,-43,ACC,8,6,262,ADC,1268,364,3,1,"
26.5257,terug,-150,MM0 ?D
26.5257,terug,-150,MM1 ?D
26.5257,terug,-150,MM0 D=1
26.5257,terug,-150,MM1 D=2
26.5469,terug,-150,"#52,YAW,2.50,GYRO,21,72,-18,ACC,15,15,245,ADC,1264,389,6,2,"
26.5469,terug,-150,MM0 ?FF
26.5469,terug,-150,MM1 ?FF
26.5469,terug,-150,MM0 FF=0
26.5469,terug,-150,MM1 FF=0
26.5669,terug,-150,"#53,YAW,2.50,GYRO,-33,58,3,ACC,7,28,278,ADC,1251,499,4,2,"
26.5669,terug,-150,MM0 ?P
26.5669,terug,-150,MM1 ?P
26.5669,terug,-150,MM0 P=-150:150
26.5669,terug,-150,MM1 P=-150:150
26.6008,terug,-150,"#54,YAW,2.50,GYRO,-23,5,11,ACC,-3,2,233,ADC,1285,500,5,2,"
26.6008,terug,-150,MM0 !M -150 150
26.6008,terug,-150,MM0 +
26.6008,terug,-150,MM1 !M -150 150
26.6008,terug,-150,MM1 +
26.6008,terug,-150,MM1 PING
26.6008,terug,-150,MM0 PING
26.6008,terug,-150,MM0 ?S
26.6008,terug,-150,MM1 ?S
26.6008,terug,-150,MM0 S=-150:75
26.6008,terug,-150,MM1 S=-150:75
26.6008,terug,-150,MM0 !M -150 150
26.6008,terug,-150,MM1 !M -150 150
26.6008,terug,-150,MM0 +
26.6009,terug,-150,MM1 +
26.6009,terug,-150,"#55,YAW,2.50,GYRO,-26,3,-1,ACC,1,-11,217,ADC,1266,356,4,2,"
26.6009,terug,-150,MM0 ?T
26.6009,terug,-150,MM1 ?T
26.6009,terug,-150,MM0 T=35:34
26.6009,terug,-150,MM1 T=36:33
26.6223,terug,-150,"#56,YAW,2.50,GYRO,42,41,-11,ACC,2,-12,294,ADC,1248,497,7,2,"
26.6224,terug,-150,MM1 ?V
26.6224,terug,-150,MM0 ?V
26.6224,terug,-150,MM1 V=120:223:4898
26.6224,terug,-150,MM0 V=120:223:4905
26.6428,terug,-150,"#57,YAW,2.50,GYRO,42,84,-23,ACC,-1,-1,262,ADC,1268,393,4,1,"
26.6428,terug,-150,MM1 ?CR
26.6428,terug,-150,MM0 ?CR
26.6428,terug,-150,MM1 CR=-33:33
26.6428,terug,-150,MM0 CR=-33:33
26.6638,terug,-150,"#58,YAW,2.51,GYRO,9,42,-21,ACC,0,29,254,ADC,1282,383,5,2,"
26.6638,terug,-150,MM1 ?A
26.6638,terug,-150,MM0 ?A
26.6638,terug,-150,MM1 A=0:0
26.6638,terug,-150,MM0 A=0:0
26.7131,terug,-150,"#59,YAW,2.51,GYRO,17,39,-6,ACC,19,21,274,ADC,1307,384,4,1,"
26.7131,terug,-150,MM0 ?AI
26.7131,terug,-150,MM1 ?AI
26.7131,terug,-150,MM0 AI=0:0:2439:2427:0:0
26.7131,terug,-150,MM1 AI=0:0:2316:2331:0:0
26.7131,terug,-150,MM0 !M -150 150
26.7131,terug,-150,MM1 !M -150 150
26.7131,terug,-150,MM0 +
26.7131,terug,-150,MM1 +
26.7131,terug,-150,"#60,YAW,2.51,GYRO,-37,24,8,ACC,10,4,262,ADC,1249,344,7,2,"
26.7131,terug,-150,MM0 ?C
26.7131,terug,-150,MM1 ?C
26.7131,terug,-150,MM0 C=-71:69
26.7131,terug,-150,MM1 C=1505:-1623
26.7340,terug,-150,"$GPRMC,093207.8,A,5050.50657,N,00419.37634,E,000.28,146.0,021026,000.4,E*5D"
26.7340,terug,-150,"#61,YAW,2.50,GYRO,-27,-6,8,ACC,-1,-2,237,ADC,1262,389,4,1,"
26.7340,terug,-150,MM0 ?D
26.7341,terug,-150,MM1 ?D
26.7341,terug,-150,MM0 D=18
26.7341,terug,-150,MM1 D=3
26.7552,terug,-150,"#62,YAW,2.50,GYRO,-5,45,0,ACC,8,-14,231,ADC,1211,383,4,2,"
26.7552,terug,-150,MM0 ?FF
26.7552,terug,-150,MM1 ?FF
26.7552,terug,-150,MM0 FF=0
26.7552,terug,-150,MM1 FF=0
26.7552,terug,-150,"#63,YAW,2.50,GYRO,24,91,0,ACC,0,-2,266,ADC,1287,500,6,1,"
26.7792,terug,-150,MM0 ?P
26.7792,terug,-150,MM1 ?P
26.7792,terug,-150,MM0 P=-150:150
26.7792,terug,-150,MM1 P=-150:150
26.7792,terug,-150,"#64,YAW,2.50,GYRO,37,57,-5,ACC,8,10,299,ADC,1283,393,3,2,"
26.7792,terug,-150,MM1 ?S
26.8170,terug,-150,MM0 ?S
26.8170,terug,-150,MM0 S=-150:150
26.8170,terug,-150,MM1 S=-150:75
26.8170,terug,-150,"#65,YAW,2.50,GYRO,-6,47,-1,ACC,10,19,229,ADC,1269,405,4,2,"
26.8170,terug,-150,MM0 !M -150 150
26.8170,terug,-150,MM0 +
26.8170,terug,-150,MM1 !M -150 150
26.8170,terug,-150,MM1 +
26.8170,terug,-150,MM0 ?T
26.8170,terug,-150,MM1 ?T
26.8170,terug,-150,MM0 T=35:34
26.8170,terug,-150,MM1 T=36:33
26.8170,terug,-150,"#66,YAW,2.50,GYRO,-13,72,1,ACC,13,3,270,ADC,1250,383,7,1,"
26.8170,terug,-150,MM0 ?V
26.8170,terug,-150,MM1 ?V
26.8398,terug,-150,MM0 V=120:222:4903
26.8398,terug,-150,MM1 V=120:221:4899
26.8398,terug,-150,"#67,YAW,2.50,GYRO,-36,57,5,ACC,15,-1,262,ADC,1228,384,4,1,"
26.8398,terug,-150,MM1 ?CR
26.8398,terug,-150,MM0 ?CR
26.8398,terug,-150,MM0 CR=-34:32
26.8588,terug,-150,MM1 CR=-32:33
26.8588,terug,-150,"#68,YAW,2.50,GYRO,-28,-8,-1,ACC,-7,-3,229,ADC,1266,382,4,1,"
26.8588,terug,-150,MM1 ?A
26.8588,terug,-150,MM0 ?A
26.8588,terug,-150,MM1 A=-4:0
26.8588,terug,-150,MM0 A=0:0
26.9131,terug,-150,"#69,YAW,2.50,GYRO,-20,6,-14,ACC,-9,0,222,ADC,1216,387,3,2,"
26.9131,terug,-150,MM1 ?AI
26.9131,terug,-150,MM0 ?AI
26.9131,terug,-150,MM1 AI=0:0:2286:2298:0:0
26.9131,terug,-150,MM0 AI=0:0:2424:2415:0:0
26.9131,terug,-150,MM0 !M -150 150
26.9131,terug,-150,MM1 !M -150 150
26.9131,terug,-150,MM0 +
26.9131,terug,-150,MM1 +
26.9131,terug,-150,"#70,YAW,2.51,GYRO,1,79,-21,ACC,-2,0,258,ADC,1246,340,3,2,"
26.9131,terug,-150,MM1 ?C
26.9131,terug,-150,MM0 ?C
26.9131,terug,-150,MM0 C=-104:101
26.9131,terug,-150,MM1 C=1473:-1591
26.9349,terug,-150,"$GPRMC,093208.0,A,5050.50655,N,00419.37635,E,000.28,146.0,021026,000.4,E*59"
26.9350,terug,-150,"#71,YAW,2.51,GYRO,23,74,-21,ACC,-9,0,281,ADC,1280,341,3,2,"
26.9350,terug,-150,MM0 ?D
26.9350,terug,-150,MM1 ?D
26.9350,terug,-150,MM0 D=18
26.9350,terug,-150,MM1 D=3
26.9559,terug,-150,"#72,YAW,2.51,GYRO,6,37,-16,ACC,12,9,256,ADC,1205,387,5,3,"
26.9559,terug,-150,MM1 ?FF
26.9559,terug,-150,MM0 ?FF
26.9559,terug,-150,MM1 FF=0
26.9559,terug,-150,MM0 FF=0
26.9759,terug,-150,"#73,YAW,2.51,GYRO,-18,99,-6,ACC,10,13,273,ADC,1256,497,4,1,"
26.9760,terug,-150,MM1 ?P
26.9760,terug,-150,MM0 ?P
26.9760,terug,-150,MM1 P=-150:150
26.9760,terug,-150,MM0 P=-150:150
26.9760,terug,-150,"#74,YAW,2.51,GYRO,-44,115,1,ACC,10,8,256,ADC,1255,399,4,2,"
26.9760,terug,-150,MM1 ?S
27.0098,terug,-150,MM0 ?S
27.0098,terug,-150,MM1 S=-150:75
27.0098,terug,-150,MM0 S=-75:150
27.0098,terug,-150,MM1 !M -150 150
27.0098,terug,-150,MM0 !M -150 150
27.0098,terug,-150,MM1 +
27.0098,terug,-150,MM0 +
27.0098,terug,-150,"#75,YAW,2.51,GYRO,-40,12,4,ACC,-1,-3,230,ADC,1229,399,7,2,"
27.0098,terug,-150,MM1 ?T
27.0098,terug,-150,MM0 ?T
27.0098,terug,-150,MM1 T=36:33
27.0098,terug,-150,MM0 T=35:34
27.0309,terug,-150,"#76,YAW,2.51,GYRO,-60,-36,-3,ACC,-10,2,219,ADC,1271,492,7,2,"
27.0309,terug,-150,MM1 ?V
27.0309,terug,-150,MM0 ?V
27.0309,terug,-150,MM1 V=120:223:4900
27.0309,terug,-150,MM0 V=120:223:4904
27.0525,terug,-150,"#77,YAW,2.51,GYRO,-3,65,-15,ACC,-11,-6,256,ADC,1243,501,4,2,"
27.0526,terug,-150,MM1 ?CR
27.0526,terug,-150,MM0 ?CR
27.0526,terug,-150,MM1 CR=-32:32
27.0526,terug,-150,MM0 CR=-32:32
27.0728,terug,-150,"#78,YAW,2.51,GYRO,38,93,-28,ACC,0,-15,290,ADC,1279,499,4,2,"
27.0729,terug,-150,MM1 ?A
27.0729,terug,-150,MM0 ?A
27.0729,terug,-150,MM1 A=0:0
27.0729,terug,-150,MM0 A=0:0
27.1068,terug,-150,"#79,YAW,2.51,GYRO,5,31,-28,ACC,7,5,264,ADC,1230,391,5,1,"
27.1068,terug,-150,MM1 ?AI
27.1068,terug,-150,MM0 ?AI
27.1068,terug,-150,MM1 AI=0:0:2318:2341:0:0
27.1068,terug,-150,MM0 AI=0:0:2415:2400:0:0
27.1068,terug,-150,"#80,YAW,2.51,GYRO,45,67,-18,ACC,-5,9,253,ADC,1258,385,7,2,"
27.1068,terug,-150,MM1 ?C
27.1068,terug,-150,MM0 ?C
27.1068,terug,-150,MM0 C=-137:133
27.1068,terug,-150,MM1 C=1441:-1558
27.1278,terug,-150,"$GPRMC,093208.2,A,5050.50654,N,00419.37636,E,000.29,146.0,021026,000.4,E*58"
27.1278,terug,-150,"#81,YAW,2.51,GYRO,12,66,-17,ACC,15,10,260,ADC,1278,311,5,2,"
27.1278,terug,-150,MM1 ?D
27.1278,terug,-150,MM0 ?D
27.1278,terug,-150,MM1 D=19
27.1278,terug,-150,MM0 D=19
27.1487,terug,-150,"#82,YAW,2.51,GYRO,-47,33,4,ACC,10,14,255,ADC,1243,384,7,2,"
27.1487,terug,-150,MM1 ?FF
27.1487,terug,-150,MM0 ?FF
27.1487,terug,-150,MM1 FF=0
27.1487,terug,-150,MM0 FF=0
27.1697,terug,-150,"#83,YAW,2.51,GYRO,-29,1,4,ACC,-8,1,213,ADC,1264,501,4,2,"
27.1697,terug,-150,MM1 ?P
27.1697,terug,-150,MM0 ?P
27.1697,terug,-150,MM1 P=-150:150
27.1697,terug,-150,MM0 P=-150:150
27.2038,terug,-150,"#84,YAW,2.51,GYRO,-27,42,-6,ACC,6,-3,236,ADC,1243,397,5,2,"
27.2038,terug,-150,MM1 ?S
27.2038,terug,-150,MM0 ?S
27.2038,terug,-150,MM0 S=-150:150
27.2038,terug,-150,MM1 S=-150:75
27.2038,terug,-150,MM0 !M -150 150
27.2039,terug,-150,MM1 !M -150 150
27.2039,terug,-150,MM0 +
27.2039,terug,-150,MM1 +
27.2039,terug,-150,MM1 PING
27.2039,terug,-150,MM0 PING
27.2039,terug,-150,"#85,YAW,2.51,GYRO,25,102,-24,ACC,-5,-15,319,ADC,1301,500,6,2,"
27.2039,terug,-150,MM1 ?T
27.2039,terug,-150,MM0 ?T
27.2039,terug,-150,MM1 T=36:33
27.2039,terug,-150,MM0 T=35:34
27.2246,terug,-150,"#86,YAW,2.51,GYRO,34,131,-45,ACC,6,-9,239,ADC,1245,500,7,1,"
27.2246,terug,-150,MM1 ?V
27.2246,terug,-150,MM0 ?V
27.2246,terug,-150,MM0 V=120:223:4904
27.2247,terug,-150,MM1 V=120:223:4900
27.2457,terug,-150,"#87,YAW,2.51,GYRO,37,125,-41,ACC,13,13,270,ADC,1243,404,6,1,"
27.2457,terug,-150,MM0 ?CR
27.2457,terug,-150,MM1 ?CR
27.2457,terug,-150,MM0 CR=-33:33
27.2457,terug,-150,MM1 CR=-33:33
27.2667,terug,-150,"#88,YAW,2.51,GYRO,3,80,-24,ACC,16,12,250,ADC,1263,412,6,2,"
27.2667,terug,-150,MM0 ?A
27.2667,terug,-150,MM1 ?A
27.2667,terug,-150,MM0 A=0:0
27.2667,terug,-150,MM1 A=0:0
27.3164,terug,-150,"#89,YAW,2.51,GYRO,-39,44,-8,ACC,1,19,271,ADC,1276,501,6,2,"
27.3164,terug,-150,MM0 ?AI
27.3164,terug,-150,MM1 ?AI
27.3164,terug,-150,MM0 AI=0:0:2406:2404:0:0
27.3164,terug,-150,MM1 AI=0:0:2381:2351:0:0
27.3164,terug,-150,MM0 !M -150 150
27.3164,terug,-150,MM1 !M -150 150
27.3164,terug,-150,MM0 +
27.3164,terug,-150,MM1 +
27.3164,terug,-150,MM0 PING
27.3164,terug,-150,MM1 PING
27.3164,terug,-150,"#90,YAW,2.51,GYRO,-48,-11,-1,ACC,-7,-1,221,ADC,1259,390,5,2,"
27.3164,terug,-150,MM0 ?C
27.3164,terug,-150,MM1 ?C
27.3164,terug,-150,MM0 C=-169:166
27.3164,terug,-150,MM1 C=1409:-1526
27.3164,terug,-150,"$GPRMC,093208.4,A,5050.50653,N,00419.37637,E,000.29,146.0,021026,000.4,E*58"
27.3360,terug,-150,"#91,YAW,2.51,GYRO,-51,-1,-12,ACC,-5,-7,214,ADC,1234,301,8,2,"
27.3360,terug,-150,MM1 ?D
27.3360,terug,-150,MM0 ?D
27.3360,terug,-150,MM1 D=17
27.3360,terug,-150,MM0 D=51
27.3360,terug,-150,"#92,YAW,2.51,GYRO,-6,37,-32,ACC,-11,-11,302,ADC,1219,391,5,1,"
27.3569,terug,-150,MM0 ?FF
27.3569,terug,-150,MM1 ?FF
27.3569,terug,-150,MM0 FF=0
27.3569,terug,-150,MM1 FF=0
27.3569,terug,-150,"#93,YAW,2.51,GYRO,10,92,-45,ACC,15,-6,288,ADC,1256,382,5,3,"
27.3569,terug,-150,MM0 ?P
27.3569,terug,-150,MM1 ?P
27.3778,terug,-150,MM0 P=-150:150
27.3779,terug,-150,MM1 P=-150:150
27.3779,terug,-150,"#94,YAW,2.51,GYRO,-10,42,-26,ACC,3,3,241,ADC,1279,390,4,1,"
27.3779,terug,-150,MM0 ?S
27.3779,terug,-150,MM1 ?S
27.3779,terug,-150,MM0 S=-75:75
27.3996,terug,-150,MM1 S=-75:75
27.3996,terug,-150,"#95,YAW,2.51,GYRO,-25,62,-9,ACC,11,7,274,ADC,1255,384,5,2,"
27.3996,terug,-150,MM0 ?T
27.3996,terug,-150,MM1 ?T
27.3996,terug,-150,MM0 T=35:34
27.3996,terug,-150,MM1 T=36:33
27.4198,terug,-150,MM0 !M -150 150
27.4199,terug,-150,MM1 !M -150 150
27.4199,terug,-150,MM0 +
27.4199,terug,-150,MM1 +
27.4199,terug,-150,MM0 PING
27.4199,terug,-150,MM1 PING
27.4199,terug,-150,MM0 !M -150 150
27.4199,terug,-150,MM0 +
27.4199,terug,-150,MM1 !M -150 150
27.4199,terug,-150,MM1 +
27.4199,terug,-150,"#96,YAW,2.51,GYRO,-55,41,18,ACC,13,15,260,ADC,1258,347,3,1,"
27.4199,terug,-150,MM0 ?V
27.4199,terug,-150,MM1 ?V
27.4199,terug,-150,MM0 V=120:224:4904
27.4199,terug,-150,MM1 V=120:222:4901
27.4419,terug,-150,"#97,YAW,2.51,GYRO,-41,-22,17,ACC,-4,5,208,ADC,1271,502,4,1,"
27.4419,terug,-150,MM0 ?CR
27.4419,terug,-150,MM1 ?CR
27.4419,terug,-150,MM0 CR=-32:33
27.4419,terug,-150,MM1 CR=-32:32
27.4616,terug,-150,"#98,YAW,2.51,GYRO,-48,2,-1,ACC,-10,-7,211,ADC,1246,385,5,2,"
27.4617,terug,-150,MM0 ?A
27.4617,terug,-150,MM1 ?A
27.4617,terug,-150,MM0 A=0:0
27.4617,terug,-150,MM1 A=0:5
27.5160,terug,-150,"#99,YAW,2.51,GYRO,7,9,-25,ACC,-9,-15,296,ADC,1171,381,4,1,"
27.5160,terug,-150,MM0 ?AI
27.5161,terug,-150,MM1 ?AI
27.5161,terug,-150,MM0 AI=0:0:2414:2418:0:0
27.5161,terug,-150,MM1 AI=0:0:2334:2338:0:0
27.5161,terug,-150,MM1 !M -150 150
27.5161,terug,-150,MM0 !M -150 150
27.5161,terug,-150,MM1 +
27.5161,terug,-150,MM0 +
27.5161,terug,-150,"#100,YAW,2.51,GYRO,7,16,-61,ACC,1,-3,284,ADC,1227,306,5,2,"
27.5161,terug,-150,MM0 ?C
27.5161,terug,-150,MM1 ?C
27.5161,terug,-150,MM0 C=-202:199
27.5161,terug,-150,MM1 C=1376:-1494
27.5161,terug,-150,"$GPRMC,093208.6,A,5050.50651,N,00419.37639,E,000.28,146.0,021026,000.4,E*57"
27.5368,terug,-150,"#101,YAW,2.52,GYRO,17,35,-41,ACC,-3,6,231,ADC,1254,296,7,2,"
27.5368,terug,-150,MM0 ?D
27.5368,terug,-150,MM1 ?D
27.5368,terug,-150,MM0 D=33
27.5368,terug,-150,MM1 D=49
27.5368,terug,-150,"#102,YAW,2.52,GYRO,6,42,-12,ACC,20,18,299,ADC,1301,403,6,2,"
27.5368,terug,-150,MM0 ?FF
27.5368,terug,-150,MM1 ?FF
27.5578,terug,-150,MM0 FF=0
27.5579,terug,-150,MM1 FF=0
27.5579,terug,-150,"#103,YAW,2.51,GYRO,-32,11,29,ACC,14,25,246,ADC,1241,382,3,2,"
27.5579,terug,-150,MM0 ?P
27.5579,terug,-150,MM1 ?P
27.5579,terug,-150,MM0 P=-150:150
27.5789,terug,-150,MM1 P=-150:150
27.5789,terug,-150,"#104,YAW,2.51,GYRO,-11,-16,32,ACC,1,5,212,ADC,1227,385,5,2,"
27.5789,terug,-150,MM0 ?S
27.5789,terug,-150,MM1 ?S
27.5789,terug,-150,MM0 S=-150:150
27.6130,terug,-150,MM1 S=-150:75
27.6130,terug,-150,MM0 !M -150 150
27.6131,terug,-150,MM1 !M -150 150
27.6131,terug,-150,MM0 +
27.6131,terug,-150,MM1 +
27.6131,terug,-150,"#105,YAW,2.51,GYRO,-11,67,12,ACC,0,0,219,ADC,1263,418,4,3,"
27.6131,terug,-150,MM0 ?T
27.6131,terug,-150,MM1 ?T
27.6131,terug,-150,MM0 T=35:34
27.6131,terug,-150,MM1 T=36:33
27.6353,terug,-150,"#106,YAW,2.51,GYRO,22,75,-15,ACC,1,-14,272,ADC,1274,496,4,1,"
27.6353,terug,-150,MM0 ?V
27.6353,terug,-150,MM1 ?V
27.6353,terug,-150,MM0 V=120:223:4904
27.6353,terug,-150,MM1 V=120:223:4899
27.6549,terug,-150,"#107,YAW,2.51,GYRO,27,96,-43,ACC,-1,0,284,ADC,1272,501,5,2,"
27.6549,terug,-150,MM0 ?CR
27.6549,terug,-150,MM1 ?CR
27.6549,terug,-150,MM0 CR=-33:32
27.6549,terug,-150,MM1 CR=-32:32
27.6767,terug,-135,"#108,YAW,2.52,GYRO,13,82,-26,ACC,4,20,271,ADC,1305,502,4,2,"
27.6767,terug,-135,MM0 ?A
27.6767,terug,-135,MM1 ?A
27.6767,terug,-135,MM0 A=0:0
27.6767,terug,-135,MM1 A=0:0
27.6767,terug,-135,"#109,YAW,2.52,GYRO,11,68,-7,ACC,13,14,270,ADC,1272,502,5,1,"
27.6767,terug,-135,MM0 ?AI
27.7115,terug,-135,MM1 ?AI
27.7115,terug,-135,MM0 AI=0:0:2422:2414:0:0
27.7115,terug,-135,MM1 AI=0:0:2317:2324:0:0
27.7115,terug,-135,"#110,YAW,2.52,GYRO,-28,59,9,ACC,4,3,247,ADC,1300,504,4,2,"
27.7115,terug,-135,MM0 ?C
27.7115,terug,-135,MM1 ?C
27.7115,terug,-135,MM0 C=-235:231
27.7115,terug,-135,MM1 C=1344:-1461
27.7323,terug,-135,"$GPRMC,093208.8,A,5050.50650,N,00419.37640,E,000.28,146.0,021026,000.4,E*56"
27.7323,terug,-135,"#111,YAW,2.52,GYRO,-33,25,3,ACC,0,2,247,ADC,1247,306,4,1,"
27.7323,terug,-135,MM0 ?D
27.7323,terug,-135,MM1 ?D
27.7323,terug,-135,MM0 D=32
27.7323,terug,-135,MM1 D=49
27.7531,terug,-135,"#112,YAW,2.52,GYRO,-40,8,-10,ACC,-8,7,218,ADC,1227,385,4,2,"
27.7531,terug,-135,MM0 ?FF
27.7531,terug,-135,MM1 ?FF
27.7531,terug,-135,MM0 FF=0
27.7531,terug,-135,MM1 FF=0
27.7757,terug,-105,"#113,YAW,2.52,GYRO,-29,45,-26,ACC,1,5,262,ADC,1229,386,6,2,"
27.7757,terug,-105,MM0 ?P
27.7757,terug,-105,MM1 ?P
27.7757,terug,-105,MM0 P=-150:150
27.7757,terug,-105,MM1 P=-150:150
27.8098,terug,-105,"#114,YAW,2.52,GYRO,-2,103,-42,ACC,6,-3,293,ADC,1255,386,6,1,"
27.8098,terug,-105,MM0 ?S
27.8099,terug,-105,MM1 ?S
27.8099,terug,-105,MM0 S=-150:150
27.8099,terug,-105,MM1 S=-150:150
27.8099,terug,-105,MM0 !M -135 135
27.8099,terug,-105,MM1 !M -135 135
27.8099,terug,-105,MM0 +
27.8099,terug,-105,MM1 +
27.8099,terug,-105,MM0 PING
27.8099,terug,-105,MM1 PING
27.8099,terug,-105,MM0 !M -105 105
27.8099,terug,-105,MM1 !M -105 105
27.8099,terug,-105,MM0 +
27.8099,terug,-105,MM1 +
27.8099,terug,-105,"#115,YAW,2.52,GYRO,-30,51,-27,ACC,8,4,253,ADC,1278,350,4,1,"
27.8099,terug,-105,MM0 ?T
27.8099,terug,-105,MM1 ?T
27.8099,terug,-105,MM0 T=35:34
27.8099,terug,-105,MM1 T=36:33
27.8311,terug,-105,"#116,YAW,2.52,GYRO,1,-11,-3,ACC,-4,8,264,ADC,1230,499,7,2,"
27.8311,terug,-105,MM1 ?V
27.8311,terug,-105,MM0 ?V
27.8311,terug,-105,MM0 V=120:223:4904
27.8311,terug,-105,MM1 V=120:223:4900
27.8520,terug,-105,"#117,YAW,2.52,GYRO,-33,15,12,ACC,49,3,273,ADC,1267,389,4,2,"
27.8520,terug,-105,MM0 ?CR
27.8520,terug,-105,MM1 ?CR
27.8520,terug,-105,MM0 CR=-31:32
27.8520,terug,-105,MM1 CR=-32:32
27.8729,terug,-75,"#118,YAW,2.52,GYRO,-19,37,11,ACC,20,6,261,ADC,1246,381,6,2,"
27.8729,terug,-75,MM0 ?A
27.8729,terug,-75,MM1 ?A
27.8729,terug,-75,MM0 A=0:-4
27.8729,terug,-75,MM1 A=0:0
27.9070,terug,-75,"#119,YAW,2.52,GYRO,-34,12,2,ACC,15,0,204,ADC,1278,502,7,2,"
27.9071,terug,-75,MM0 ?AI
27.9071,terug,-75,MM1 ?AI
27.9071,terug,-75,MM0 AI=0:0:2418:2422:0:0
27.9071,terug,-75,MM1 AI=0:0:2307:2405:0:0
27.9071,terug,-75,MM0 !M -75 75
27.9071,terug,-75,MM1 !M -75 75
27.9071,terug,-75,MM0 +
27.9071,terug,-75,MM1 +
27.9071,terug,-75,"#120,YAW,2.52,GYRO,-22,34,-20,ACC,14,-2,262,ADC,1255,387,5,2,"
27.9071,terug,-75,MM0 ?C
27.9071,terug,-75,MM1 ?C
27.9071,terug,-75,MM0 C=-265:261
27.9071,terug,-75,MM1 C=1314:-1431
27.9277,terug,-75,"$GPRMC,093209.0,A,5050.50649,N,00419.37642,E,000.26,146.0,021026,000.4,E*5B"
27.9277,terug,-75,"#121,YAW,2.52,GYRO,30,-20,-33,ACC,21,-2,299,ADC,1221,389,5,2,"
27.9277,terug,-75,MM0 ?D
27.9277,terug,-75,MM1 ?D
27.9277,terug,-75,MM0 D=19
27.9277,terug,-75,MM1 D=2
27.9486,terug,-75,"#122,YAW,2.52,GYRO,-3,103,-54,ACC,31,-4,242,ADC,1257,501,3,2,"
27.9487,terug,-75,MM0 ?FF
27.9487,terug,-75,MM1 ?FF
27.9487,terug,-75,MM0 FF=0
27.9487,terug,-75,MM1 FF=0
27.9701,terug,-75,"#123,YAW,2.52,GYRO,74,136,-31,ACC,36,2,255,ADC,1227,382,5,2,"
27.9701,terug,-75,MM0 ?P
27.9701,terug,-75,MM1 ?P
27.9701,terug,-75,MM0 P=-75:75
27.9701,terug,-75,MM1 P=-75:75
28.0201,terug,-45,"#124,YAW,2.52,GYRO,-22,54,-7,ACC,24,15,295,ADC,1265,500,7,2,"
28.0201,terug,-45,MM0 ?S
28.0201,terug,-45,MM1 ?S
28.0201,terug,-45,MM0 S=-75:75
28.0201,terug,-45,MM1 S=-75:75
28.0201,terug,-45,"#125,YAW,2.52,GYRO,42,77,9,ACC,20,4,230,ADC,1232,381,4,2,"
28.0201,terug,-45,MM0 ?T
28.0201,terug,-45,MM1 ?T
28.0201,terug,-45,MM0 T=35:34
28.0201,terug,-45,MM1 T=36:33
28.0201,terug,-45,MM0 !M -45 45
28.0201,terug,-45,MM1 !M -45 45
28.0201,terug,-45,MM0 +
28.0201,terug,-45,MM1 +
28.0201,terug,-45,"#126,YAW,2.52,GYRO,-29,28,21,ACC,51,-1,266,ADC,1247,502,4,1,"
28.0201,terug,-45,MM0 ?V
28.0201,terug,-45,MM1 ?V
28.0201,terug,-45,MM0 V=120:223:4903
28.0411,terug,-45,MM1 V=120:223:4900
28.0411,terug,-45,"#127,YAW,2.52,GYRO,-8,14,11,ACC,28,-1,272,ADC,1265,500,5,2,"
28.0411,terug,-45,MM0 ?CR
28.0411,terug,-45,MM1 ?CR
28.0411,terug,-45,MM0 CR=-25:23
28.0411,terug,-45,MM1 CR=-23:24
28.0617,terug,-45,"#128,YAW,2.52,GYRO,-19,40,-4,ACC,24,2,233,ADC,1264,396,4,2,"
28.0617,terug,-45,MM0 ?A
28.0617,terug,-45,MM1 ?A
28.0617,terug,-45,MM0 A=0:0
28.0617,terug,-45,MM1 A=0:0
28.0826,terug,-14,"#129,YAW,2.52,GYRO,-16,51,-17,ACC,18,6,241,ADC,1240,384,5,2,"
28.0826,terug,-14,MM0 ?AI
28.0827,terug,-14,MM1 ?AI
28.0827,terug,-14,MM0 AI=0:0:2389:2422:0:0
28.0827,terug,-14,MM1 AI=0:0:2311:2335:0:0
28.1229,terug,-14,"#130,YAW,2.52,GYRO,-22,33,-23,ACC,16,4,263,ADC,1202,379,5,1,"
28.1229,terug,-14,MM0 ?C
28.1229,terug,-14,MM1 ?C
28.1229,terug,-14,MM0 C=-285:281
28.1230,terug,-14,MM1 C=1294:-1411
28.1230,terug,-14,MM1 !M -14 14
28.1230,terug,-14,MM0 !M -14 14
28.1230,terug,-14,MM1 +
28.1230,terug,-14,MM0 +
28.1230,terug,-14,"$GPRMC,093209.2,A,5050.50648,N,00419.37644,E,000.25,146.0,021026,000.4,E*5D"
28.1230,terug,-14,"#131,YAW,2.52,GYRO,-18,35,-16,ACC,40,4,270,ADC,1273,313,4,1,"
28.1230,terug,-14,MM0 ?D
28.1230,terug,-14,MM1 ?D
28.1230,terug,-14,MM0 D=32
28.1230,terug,-14,MM1 D=49
28.1440,terug,-14,"#132,YAW,2.52,GYRO,-9,8,-7,ACC,23,0,235,ADC,1271,501,4,2,"
28.1440,terug,-14,MM0 ?FF
28.1440,terug,-14,MM1 ?FF
28.1440,terug,-14,MM0 FF=0
28.1441,terug,-14,MM1 FF=0
28.1646,terug,-14,"#133,YAW,2.52,GYRO,-9,45,-7,ACC,25,0,270,ADC,1246,380,7,2,"
28.1646,terug,-14,MM0 ?P
28.1646,terug,-14,MM1 ?P
28.1646,terug,-14,MM0 P=-14:14
28.1646,terug,-14,MM1 P=-14:14
28.1857,uitbollen,0,"#134,YAW,2.52,GYRO,2,57,-12,ACC,20,3,259,ADC,1255,386,5,2,"
28.1857,uitbollen,0,MM0 ?S
28.1857,uitbollen,0,MM1 ?S
28.1857,uitbollen,0,MM1 S=0:75
28.1857,uitbollen,0,MM0 S=-75:0
28.1858,uitbollen,0,MM0 !M 0 0
28.1858,uitbollen,0,MM1 !M 0 0
28.1858,uitbollen,0,MM0 +
28.1858,uitbollen,0,MM1 +
28.2202,uitbollen,0,"#135,YAW,2.52,GYRO,-1,38,-17,ACC,29,3,248,ADC,1259,491,6,1,"
28.2202,uitbollen,0,MM0 ?T
28.2202,uitbollen,0,MM1 ?T
28.2202,uitbollen,0,MM0 T=35:34
28.2202,uitbollen,0,MM1 T=36:33
28.2202,uitbollen,0,MM0 !M 0 0
28.2202,uitbollen,0,MM1 !M 0 0
28.2202,uitbollen,0,MM0 +
28.2202,uitbollen,0,MM1 +
28.2202,uitbollen,0,"#136,YAW,2.52,GYRO,-6,43,-21,ACC,30,1,262,ADC,1285,388,5,2,"
28.2202,uitbollen,0,MM0 ?V
28.2202,uitbollen,0,MM1 ?V
28.2202,uitbollen,0,MM0 V=120:223:4904
28.2203,uitbollen,0,MM1 V=120:223:4899
28.2407,uitbollen,0,"#137,YAW,2.52,GYRO,-1,62,-23,ACC,19,-2,253,ADC,1248,393,4,2,"
28.2407,uitbollen,0,MM0 ?CR
28.2407,uitbollen,0,MM1 ?CR
28.2407,uitbollen,0,MM0 CR=-9:10
28.2407,uitbollen,0,MM1 CR=-10:9
28.2618,uitbollen,0,"#138,YAW,2.52,GYRO,-6,49,-15,ACC,24,4,261,ADC,1284,500,5,2,"
28.2618,uitbollen,0,MM0 ?A
28.2618,uitbollen,0,MM1 ?A
28.2618,uitbollen,0,MM0 A=0:0
28.2618,uitbollen,0,MM1 A=0:0
28.2827,uitbollen,0,"#139,YAW,2.52,GYRO,-7,44,-9,ACC,19,4,246,ADC,1259,496,8,2,"
28.2828,uitbollen,0,MM0 ?AI
28.2828,uitbollen,0,MM1 ?AI
28.2828,uitbollen,0,MM0 AI=0:0:2401:2421:0:0
28.2828,uitbollen,0,MM1 AI=0:0:2344:2321:0:0
28.3168,uitbollen,0,MM0 !M 0 0
28.3169,uitbollen,0,MM1 !M 0 0
28.3169,uitbollen,0,MM0 +
28.3169,uitbollen,0,MM1 +
28.3169,uitbollen,0,"#140,YAW,2.52,GYRO,-6,56,-6,ACC,18,1,259,ADC,1273,325,6,2,"
28.3169,uitbollen,0,MM0 ?C
28.3169,uitbollen,0,MM1 ?C
28.3169,uitbollen,0,MM0 C=-291:287
28.3169,uitbollen,0,MM1 C=1289:-1405
28.3169,uitbollen,0,"$GPRMC,093209.4,A,5050.50647,N,00419.37646,E,000.26,146.0,021026,000.4,E*55"
28.3169,uitbollen,0,"#141,YAW,2.52,GYRO,-8,43,-5,ACC,10,2,254,ADC,1255,322,5,1,"
28.3380,uitbollen,0,MM0 ?D
28.3380,uitbollen,0,MM1 ?D
28.3380,uitbollen,0,MM1 D=33
28.3380,uitbollen,0,MM0 D=2
28.3380,uitbollen,0,"#142,YAW,2.52,GYRO,-7,54,-9,ACC,9,1,256,ADC,1262,399,4,1,"
28.3380,uitbollen,0,MM0 ?FF
28.3380,uitbollen,0,MM1 ?FF
28.3380,uitbollen,0,MM0 FF=0
28.3589,uitbollen,0,MM1 FF=0
28.3589,uitbollen,0,"#143,YAW,2.52,GYRO,-6,51,-9,ACC,5,2,258,ADC,1279,386,3,1,"
28.3589,uitbollen,0,MM0 ?P
28.3589,uitbollen,0,MM1 ?P
28.3589,uitbollen,0,MM0 P=0:0
28.3589,uitbollen,0,MM1 P=0:0
28.3797,uitbollen,0,"#144,YAW,2.52,GYRO,-8,47,-7,ACC,0,1,256,ADC,1247,396,6,2,"
28.3797,uitbollen,0,MM1 ?S
28.3797,uitbollen,0,MM0 ?S
28.3797,uitbollen,0,MM0 S=0:0
28.3797,uitbollen,0,MM1 S=0:0
28.4140,uitbollen,0,MM0 !M 0 0
28.4140,uitbollen,0,MM1 !M 0 0
28.4140,uitbollen,0,MM0 +
28.4140,uitbollen,0,MM1 +
28.4140,uitbollen,0,"#145,YAW,2.52,GYRO,-9,46,-8,ACC,0,4,252,ADC,1250,388,6,1,"
28.4141,uitbollen,0,MM0 ?T
28.4141,uitbollen,0,MM1 ?T
28.4141,uitbollen,0,MM0 T=35:34
28.4141,uitbollen,0,MM1 T=36:33
28.4349,uitbollen,0,"#146,YAW,2.52,GYRO,-9,47,-9,ACC,-3,4,260,ADC,1280,499,5,2,"
28.4350,uitbollen,0,MM0 ?V
28.4350,uitbollen,0,MM1 ?V
28.4350,uitbollen,0,MM0 V=120:224:4904
28.4350,uitbollen,0,MM1 V=120:223:4899
28.4350,uitbollen,0,"#147,YAW,2.52,GYRO,-8,47,-10,ACC,0,2,253,ADC,1270,392,5,2,"
28.4561,uitbollen,0,MM0 ?CR
28.4561,uitbollen,0,MM1 ?CR
28.4561,uitbollen,0,MM0 CR=-1:1
28.4561,uitbollen,0,MM1 CR=0:1
28.4561,uitbollen,0,"#148,YAW,2.52,GYRO,-8,49,-11,ACC,1,4,253,ADC,1235,388,5,2,"
28.4561,uitbollen,0,MM0 ?A
28.4771,uitbollen,0,MM1 ?A
28.4771,uitbollen,0,MM0 A=0:0
28.4771,uitbollen,0,MM1 A=0:0
28.4771,uitbollen,0,"#149,YAW,2.52,GYRO,-8,48,-10,ACC,1,2,257,ADC,1277,392,4,2,"
28.4771,uitbollen,0,MM0 ?AI
28.4771,uitbollen,0,MM1 ?AI
28.5108,uitbollen,0,MM0 AI=0:0:2412:2426:0:0
28.5109,uitbollen,0,MM1 AI=0:0:2323:2339:0:0
28.5109,uitbollen,0,MM1 !M 0 0
28.5109,uitbollen,0,MM0 !M 0 0
28.5109,uitbollen,0,MM1 +
28.5109,uitbollen,0,MM0 +
28.5109,uitbollen,0,"#150,YAW,2.52,GYRO,-7,44,-9,ACC,3,2,258,ADC,1286,500,4,1,"
28.5109,uitbollen,0,MM0 ?C
28.5109,uitbollen,0,MM1 ?C
28.5109,uitbollen,0,MM0 C=-291:287
28.5109,uitbollen,0,MM1 C=1289:-1405
28.5109,uitbollen,0,"$GPRMC,093209.6,A,5050.50647,N,00419.37648,E,000.26,146.0,021026,000.4,E*59"
28.5319,uitbollen,0,"#151,YAW,2.52,GYRO,-10,42,-6,ACC,6,2,256,ADC,1239,334,4,1,"
28.5319,uitbollen,0,MM0 ?D
28.5319,uitbollen,0,MM1 ?D
28.5319,uitbollen,0,MM1 D=33
28.5319,uitbollen,0,MM0 D=2
28.5528,uitbollen,0,"#152,YAW,2.52,GYRO,-8,46,-9,ACC,8,3,251,ADC,1302,501,7,2,"
28.5528,uitbollen,0,MM0 ?FF
28.5528,uitbollen,0,MM1 ?FF
28.5528,uitbollen,0,MM0 FF=0
28.5529,uitbollen,0,MM1 FF=0
28.5741,uitbollen,0,"#153,YAW,2.52,GYRO,-9,48,-10,ACC,4,3,259,ADC,1238,383,6,2,"
28.5741,uitbollen,0,MM0 ?P
28.5741,uitbollen,0,MM1 ?P
28.5741,uitbollen,0,MM0 P=0:0
28.5741,uitbollen,0,MM1 P=0:0
28.6277,uitbollen,0,"#154,YAW,2.52,GYRO,-7,49,-8,ACC,2,2,252,ADC,1283,501,4,1,"
28.6278,uitbollen,0,MM0 ?S
28.6278,uitbollen,0,MM1 ?S
28.6278,uitbollen,0,MM0 S=0:0
28.6278,uitbollen,0,MM1 S=0:0
28.6278,uitbollen,0,"#155,YAW,2.52,GYRO,-10,47,-10,ACC,2,2,255,ADC,1287,499,4,1,"
28.6278,uitbollen,0,MM0 ?T
28.6278,uitbollen,0,MM1 ?T
28.6278,uitbollen,0,MM0 T=35:34
28.6278,uitbollen,0,MM1 T=36:33
28.6278,uitbollen,0,MM1 !M 0 0
28.6278,uitbollen,0,MM0 !M 0 0
28.6278,uitbollen,0,MM1 +
28.6278,uitbollen,0,MM0 +
28.6278,uitbollen,0,"#156,YAW,2.52,GYRO,-8,46,-9,ACC,2,1,256,ADC,1290,500,5,2,"
28.6278,uitbollen,0,MM0 ?V
28.6278,uitbollen,0,MM1 ?V
28.6278,uitbollen,0,MM0 V=120:223:4903
28.6278,uitbollen,0,MM1 V=120:223:4900
28.6529,uitbollen,0,"#157,YAW,2.52,GYRO,-9,45,-8,ACC,-1,4,253,ADC,1232,381,7,2,"
28.6529,uitbollen,0,MM0 ?CR
28.6529,uitbollen,0,MM1 ?CR
28.6529,uitbollen,0,MM0 CR=0:0
28.6529,uitbollen,0,MM1 CR=0:0
28.6697,uitbollen,0,"#158,YAW,2.52,GYRO,-8,44,-9,ACC,4,1,253,ADC,1235,388,5,2,"
28.6697,uitbollen,0,MM0 ?A
28.6697,uitbollen,0,MM1 ?A
28.6697,uitbollen,0,MM0 A=0:0
28.6697,uitbollen,0,MM1 A=0:0
28.7222,uitbollen,0,"#159,YAW,2.52,GYRO,-8,44,-9,ACC,7,3,257,ADC,1239,384,6,2,"
28.7222,uitbollen,0,MM0 ?AI
28.7222,uitbollen,0,MM1 ?AI
28.7222,uitbollen,0,MM0 AI=0:0:2414:2417:0:0
28.7222,uitbollen,0,MM1 AI=0:0:2315:2347:0:0
28.7222,uitbollen,0,"#160,YAW,2.53,GYRO,-7,45,-9,ACC,4,1,255,ADC,1293,386,5,1,"
28.7222,uitbollen,0,MM0 ?C
28.7222,uitbollen,0,MM1 ?C
28.7222,uitbollen,0,MM0 C=-291:287
28.7222,uitbollen,0,MM1 C=1289:-1405
28.7222,uitbollen,0,MM0 !M 0 0
28.7222,uitbollen,0,MM1 !M 0 0
28.7222,uitbollen,0,MM0 +
28.7222,uitbollen,0,MM1 +
28.7223,uitbollen,0,"$GPRMC,093209.8,A,5050.50646,N,00419.37650,E,000.26,146.0,021026,000.4,E*5F"
28.7223,uitbollen,0,"#161,YAW,2.53,GYRO,-8,47,-9,ACC,3,3,254,ADC,1275,325,5,1,"
28.7223,uitbollen,0,MM0 ?D
28.7223,uitbollen,0,MM1 ?D
28.7223,uitbollen,0,MM1 D=33
28.7426,uitbollen,0,MM0 D=2
28.7426,uitbollen,0,"#162,YAW,2.53,GYRO,-7,48,-9,ACC,3,2,257,ADC,1236,383,5,1,"
28.7426,uitbollen,0,MM1 ?FF
28.7426,uitbollen,0,MM0 ?FF
28.7426,uitbollen,0,MM1 FF=0
28.7427,uitbollen,0,MM0 FF=0
28.7637,uitbollen,0,"#163,YAW,2.53,GYRO,-9,46,-11,ACC,2,1,256,ADC,1266,502,4,2,"
28.7637,uitbollen,0,MM0 ?P
28.7638,uitbollen,0,MM1 ?P
28.7638,uitbollen,0,MM0 P=0:0
28.7638,uitbollen,0,MM1 P=0:0
28.7850,uitbollen,0,"#164,YAW,2.53,GYRO,-10,45,-10,ACC,4,2,254,ADC,1292,500,3,1,"
28.7851,uitbollen,0,MM0 ?S
28.7851,uitbollen,0,MM1 ?S
28.7851,uitbollen,0,MM0 S=0:0
28.7851,uitbollen,0,MM1 S=0:0
28.8189,uitbollen,0,"#165,YAW,2.53,GYRO,-10,46,-10,ACC,1,2,254,ADC,1230,499,5,1,"
28.8189,uitbollen,0,MM0 !M 0 0
28.8189,uitbollen,0,MM0 +
28.8189,uitbollen,0,MM1 !M 0 0
28.8189,uitbollen,0,MM1 +
28.8189,uitbollen,0,MM0 ?T
28.8189,uitbollen,0,MM1 ?T
28.8189,uitbollen,0,MM0 T=35:34
28.8189,uitbollen,0,MM1 T=36:33
28.8189,uitbollen,0,"#166,YAW,2.53,GYRO,-10,47,-11,ACC,3,3,257,ADC,1245,501,6,2,"
28.8189,uitbollen,0,MM0 ?V
28.8189,uitbollen,0,MM1 ?V
28.8189,uitbollen,0,MM0 V=120:224:4902
28.8397,uitbollen,0,MM1 V=120:223:4899
28.8397,uitbollen,0,"#167,YAW,2.53,GYRO,-10,46,-10,ACC,0,1,252,ADC,1275,499,6,1,"
28.8398,uitbollen,0,MM1 ?CR
28.8398,uitbollen,0,MM0 ?CR
28.8398,uitbollen,0,MM1 CR=0:0
28.8398,uitbollen,0,MM0 CR=0:0
28.8608,uitbollen,0,"#168,YAW,2.53,GYRO,-9,46,-8,ACC,5,2,254,ADC,1308,502,6,2,"
28.8608,uitbollen,0,MM0 ?A
28.8608,uitbollen,0,MM1 ?A
28.8608,uitbollen,0,MM0 A=0:0
28.8609,uitbollen,0,MM1 A=0:0
28.8834,uitbollen,0,"#169,YAW,2.53,GYRO,-8,46,-8,ACC,2,2,256,ADC,1278,490,5,2,"
28.8834,uitbollen,0,MM1 ?AI
28.8834,uitbollen,0,MM0 ?AI
28.8834,uitbollen,0,MM1 AI=0:0:2342:2336:0:0
28.8834,uitbollen,0,MM0 AI=0:0:2419:2429:0:0
28.9189,uitbollen,0,"#170,YAW,2.53,GYRO,-8,46,-11,ACC,-2,1,256,ADC,1276,401,5,2,"
28.9189,uitbollen,0,MM0 ?C
28.9190,uitbollen,0,MM1 ?C
28.9190,uitbollen,0,MM1 C=1289:-1405
28.9190,uitbollen,0,MM0 C=-291:287
28.9190,uitbollen,0,MM0 !M 0 0
28.9190,uitbollen,0,MM1 !M 0 0
28.9190,uitbollen,0,MM0 +
28.9190,uitbollen,0,MM1 +
28.9190,uitbollen,0,"$GPRMC,093210.0,A,5050.50645,N,00419.37652,E,000.26,146.0,021026,000.4,E*5E"
28.9397,uitbollen,0,"#171,YAW,2.53,GYRO,-9,47,-9,ACC,4,2,257,ADC,1232,321,5,2,"
28.9397,uitbollen,0,MM0 ?D
28.9397,uitbollen,0,MM1 ?D
28.9397,uitbollen,0,MM1 D=33
28.9397,uitbollen,0,MM0 D=2
28.9397,uitbollen,0,"#172,YAW,2.53,GYRO,-9,48,-9,ACC,2,3,258,ADC,1260,382,5,2,"
28.9397,uitbollen,0,MM1 ?FF
28.9397,uitbollen,0,MM0 ?FF
28.9397,uitbollen,0,MM1 FF=0
28.9397,uitbollen,0,MM0 FF=0
28.9607,uitbollen,0,"#173,YAW,2.53,GYRO,-8,44,-9,ACC,3,1,254,ADC,1268,384,4,2,"
28.9607,uitbollen,0,MM1 ?P
28.9607,uitbollen,0,MM0 ?P
28.9607,uitbollen,0,MM1 P=0:0
28.9607,uitbollen,0,MM0 P=0:0
28.9818,uitbollen,0,"#174,YAW,2.53,GYRO,-8,47,-10,ACC,2,2,252,ADC,1269,392,4,2,"
28.9818,uitbollen,0,MM1 ?S
28.9818,uitbollen,0,MM0 ?S
28.9818,uitbollen,0,MM1 S=0:0
28.9818,uitbollen,0,MM0 S=0:0
29.0028,uitbollen,0,"#175,YAW,2.53,GYRO,-8,46,-9,ACC,4,1,255,ADC,1267,390,7,2,"
29.0028,uitbollen,0,MM1 ?T
29.0028,uitbollen,0,MM0 ?T
29.0028,uitbollen,0,MM1 T=36:33
29.0028,uitbollen,0,MM0 T=35:34
29.0029,uitbollen,0,MM0 !M 0 0
29.0029,uitbollen,0,MM1 !M 0 0
29.0029,uitbollen,0,MM0 +
29.0029,uitbollen,0,MM1 +
29.0255,uitbollen,0,"#176,YAW,2.53,GYRO,-8,47,-9,ACC,4,3,258,ADC,1291,500,5,1,"
29.0256,uitbollen,0,MM1 ?V
29.0256,uitbollen,0,MM0 ?V
29.0256,uitbollen,0,MM1 V=120:223:4899
29.0256,uitbollen,0,MM0 V=120:225:4902
29.0447,uitbollen,0,"#177,YAW,2.53,GYRO,-8,47,-9,ACC,2,4,254,ADC,1262,503,6,2,"
29.0447,uitbollen,0,MM1 ?CR
29.0448,uitbollen,0,MM0 ?CR
29.0448,uitbollen,0,MM1 CR=0:0
29.0448,uitbollen,0,MM0 CR=0:0
29.0670,uitbollen,0,"#178,YAW,2.53,GYRO,-8,47,-9,ACC,3,4,257,ADC,1255,500,6,2,"
29.0671,uitbollen,0,MM1 ?A
29.0671,uitbollen,0,MM0 ?A
29.0671,uitbollen,0,MM1 A=0:0
29.0671,uitbollen,0,MM0 A=0:0
29.0867,uitbollen,0,"#179,YAW,2.53,GYRO,-9,47,-9,ACC,5,1,254,ADC,1268,500,6,2,"
29.0867,uitbollen,0,MM1 ?AI
29.0867,uitbollen,0,MM0 ?AI
29.0867,uitbollen,0,MM1 AI=0:0:2346:2334:0:0
29.0868,uitbollen,0,MM0 AI=0:0:2397:2417:0:0
29.1078,uitbollen,0,"#180,YAW,2.53,GYRO,-8,46,-10,ACC,4,1,254,ADC,1241,406,5,2,"
29.1079,uitbollen,0,MM1 ?C
29.1079,uitbollen,0,MM0 ?C
29.1079,uitbollen,0,MM0 C=-291:287
29.1079,uitbollen,0,MM1 C=1289:-1405
29.1300,uitbollen,0,"$GPRMC,093210.2,A,5050.50644,N,00419.37654,E,000.26,146.0,021026,000.4,E*5B"
29.1300,uitbollen,0,MM0 !M 0 0
29.1300,uitbollen,0,MM0 +
29.1300,uitbollen,0,MM1 !M 0 0
29.1300,uitbollen,0,MM1 +
29.1300,uitbollen,0,"#181,YAW,2.53,GYRO,-7,46,-10,ACC,3,3,254,ADC,1259,337,3,2,"
29.1300,uitbollen,0,MM0 ?D
29.1300,uitbollen,0,MM1 ?D
29.1300,uitbollen,0,MM1 D=33
29.1300,uitbollen,0,MM0 D=2
29.1497,uitbollen,0,"#182,YAW,2.53,GYRO,-8,45,-9,ACC,4,4,257,ADC,1237,381,3,1,"
29.1497,uitbollen,0,MM1 ?FF
29.1497,uitbollen,0,MM0 ?FF
29.1497,uitbollen,0,MM1 FF=0
29.1497,uitbollen,0,MM0 FF=0
29.1711,uitbollen,0,"#183,YAW,2.53,GYRO,-8,45,-7,ACC,1,3,253,ADC,1220,387,6,2,"
29.1711,uitbollen,0,MM1 ?P
29.1711,uitbollen,0,MM0 ?P
29.1711,uitbollen,0,MM1 P=0:0
29.1711,uitbollen,0,MM0 P=0:0
29.1963,uitbollen,0,"#184,YAW,2.53,GYRO,-8,46,-8,ACC,3,2,257,ADC,1253,500,5,2,"
29.1963,uitbollen,0,MM1 ?S
29.1964,uitbollen,0,MM0 ?S
29.1964,uitbollen,0,MM1 S=0:0
29.1964,uitbollen,0,MM0 S=0:0
29.2329,uitbollen,0,"#185,YAW,2.53,GYRO,-9,45,-9,ACC,3,4,257,ADC,1252,391,6,2,"
29.2329,uitbollen,0,MM1 ?T
29.2330,uitbollen,0,MM0 ?T
29.2330,uitbollen,0,MM1 T=36:33
29.2330,uitbollen,0,MM0 T=35:34
29.2330,uitbollen,0,MM0 !M 0 0
29.2330,uitbollen,0,MM1 !M 0 0
29.2330,uitbollen,0,MM0 +
29.2330,uitbollen,0,MM1 +
29.2330,uitbollen,0,"#186,YAW,2.53,GYRO,-7,46,-9,ACC,2,1,255,ADC,1229,393,4,1,"
29.2330,uitbollen,0,MM1 ?V
29.2330,uitbollen,0,MM0 ?V
29.2330,uitbollen,0,MM1 V=120:223:4899
29.2330,uitbollen,0,MM0 V=120:222:4902
29.2541,uitbollen,0,"#187,YAW,2.53,GYRO,-8,44,-9,ACC,3,1,256,ADC,1271,500,4,2,"
29.2541,uitbollen,0,MM0 ?CR
29.2541,uitbollen,0,MM1 ?CR
29.2541,uitbollen,0,MM1 CR=0:0
29.2541,uitbollen,0,MM0 CR=0:0
29.2750,uitbollen,0,"#188,YAW,2.53,GYRO,-11,48,-9,ACC,7,2,256,ADC,1230,385,7,2,"
29.2750,uitbollen,0,MM1 ?A
29.2750,uitbollen,0,MM0 ?A
29.2750,uitbollen,0,MM1 A=0:0
29.2750,uitbollen,0,MM0 A=0:0
29.2750,uitbollen,0,"#189,YAW,2.53,GYRO,-9,45,-8,ACC,1,2,257,ADC,1265,501,5,2,"
29.3310,uitbollen,0,MM0 ?AI
29.3311,uitbollen,0,MM1 ?AI
29.3311,uitbollen,0,MM0 AI=0:0:2433:2419:0:0
29.3311,uitbollen,0,MM1 AI=0:0:2343:2318:0:0
29.3311,uitbollen,0,"#190,YAW,2.53,GYRO,-10,46,-8,ACC,1,2,256,ADC,1270,385,4,2,"
29.3311,uitbollen,0,MM1 ?C
29.3311,uitbollen,0,MM0 ?C
29.3311,uitbollen,0,MM0 C=-291:287
29.3311,uitbollen,0,MM1 C=1289:-1405
29.3311,uitbollen,0,MM0 !M 0 0
29.3311,uitbollen,0,MM1 !M 0 0
29.3311,uitbollen,0,MM0 +
29.3311,uitbollen,0,MM1 +
29.3311,uitbollen,0,"$GPRMC,093210.4,A,5050.50644,N,00419.37656,E,000.25,146.0,021026,000.4,E*5C"
29.3311,uitbollen,0,"#191,YAW,2.53,GYRO,-8,45,-9,ACC,3,3,260,ADC,1246,316,3,2,"
29.3311,uitbollen,0,MM1 ?D
29.3311,uitbollen,0,MM0 ?D
29.3311,uitbollen,0,MM1 D=33
29.3311,uitbollen,0,MM0 D=2
29.3519,uitbollen,0,"#192,YAW,2.53,GYRO,-9,46,-10,ACC,2,1,256,ADC,1262,501,4,1,"
29.3519,uitbollen,0,MM0 ?FF
29.3519,uitbollen,0,MM1 ?FF
29.3519,uitbollen,0,MM0 FF=0
29.3519,uitbollen,0,MM1 FF=0
29.3730,uitbollen,0,"#193,YAW,2.53,GYRO,-8,47,-10,ACC,3,2,251,ADC,1280,382,5,2,"
29.3730,uitbollen,0,MM1 ?P
29.3730,uitbollen,0,MM0 ?P
29.3730,uitbollen,0,MM1 P=0:0
29.3730,uitbollen,0,MM0 P=0:0
29.4278,uitbollen,0,"#194,YAW,2.53,GYRO,-8,45,-12,ACC,3,2,257,ADC,1270,398,7,2,"
29.4278,uitbollen,0,MM1 ?S
29.4278,uitbollen,0,MM0 ?S
29.4278,uitbollen,0,MM1 S=0:0
29.4278,uitbollen,0,MM0 S=0:0
29.4278,uitbollen,0,"#195,YAW,2.53,GYRO,-8,46,-10,ACC,6,1,255,ADC,1262,410,6,2,"
29.4278,uitbollen,0,MM1 ?T
29.4278,uitbollen,0,MM0 ?T
29.4278,uitbollen,0,MM1 T=36:33
29.4278,uitbollen,0,MM0 T=35:34
29.4278,uitbollen,0,MM1 !M 0 0
29.4278,uitbollen,0,MM0 !M 0 0
29.4278,uitbollen,0,MM1 +
29.4278,uitbollen,0,MM0 +
29.4279,uitbollen,0,"#196,YAW,2.53,GYRO,-8,46,-9,ACC,-1,2,254,ADC,1204,382,4,2,"
29.4279,uitbollen,0,MM1 ?V
29.4279,uitbollen,0,MM0 ?V
29.4279,uitbollen,0,MM1 V=120:223:4900
29.4279,uitbollen,0,MM0 V=120:223:4902
29.4487,uitbollen,0,"#197,YAW,2.53,GYRO,-8,48,-9,ACC,2,2,257,ADC,1190,381,7,2,"
29.4487,uitbollen,0,MM0 ?CR
29.4487,uitbollen,0,MM1 ?CR
29.4487,uitbollen,0,MM0 CR=0:0
29.4487,uitbollen,0,MM1 CR=0:0
29.4697,uitbollen,0,"#198,YAW,2.53,GYRO,-8,46,-10,ACC,4,1,255,ADC,1274,390,7,2,"
29.4697,uitbollen,0,MM0 ?A
29.4697,uitbollen,0,MM1 ?A
29.4697,uitbollen,0,MM0 A=0:0
29.4697,uitbollen,0,MM1 A=0:0
29.4909,uitbollen,0,"#199,YAW,2.53,GYRO,-7,45,-9,ACC,2,2,256,ADC,1230,387,6,1,"
29.4909,uitbollen,0,MM0 ?AI
29.4909,uitbollen,0,MM1 ?AI
29.4909,uitbollen,0,MM0 AI=0:0:2432:2416:0:0
29.4909,uitbollen,0,MM1 AI=0:0:2316:2331:0:0
29.5256,uitbollen,0,"#200,YAW,2.53,GYRO,-9,47,-8,ACC,4,2,253,ADC,1240,383,4,1,"
29.5256,uitbollen,0,MM0 ?C
29.5256,uitbollen,0,MM1 ?C
29.5256,uitbollen,0,MM0 C=-291:287
29.5256,uitbollen,0,MM1 C=1289:-1405
29.5256,uitbollen,0,MM0 !M 0 0
29.5256,uitbollen,0,MM1 !M 0 0
29.5256,uitbollen,0,MM0 +
29.5256,uitbollen,0,MM1 +
29.5256,uitbollen,0,"$GPRMC,093210.6,A,5050.50643,N,00419.37658,E,000.25,146.0,021026,000.4,E*57"
29.5256,uitbollen,0,"#201,YAW,2.53,GYRO,-8,46,-10,ACC,5,2,256,ADC,1234,360,6,1,"
29.5256,uitbollen,0,MM1 ?D
29.5256,uitbollen,0,MM0 ?D
29.5256,uitbollen,0,MM1 D=33
29.5256,uitbollen,0,MM0 D=2
29.5456,uitbollen,0,"#202,YAW,2.53,GYRO,-8,47,-10,ACC,7,4,255,ADC,1248,499,5,2,"
29.5456,uitbollen,0,MM0 ?FF
29.5456,uitbollen,0,MM1 ?FF
29.5456,uitbollen,0,MM0 FF=0
29.5456,uitbollen,0,MM1 FF=0
29.5666,uitbollen,0,"#203,YAW,2.53,GYRO,-8,46,-10,ACC,3,3,252,ADC,1271,390,5,2,"
29.5667,uitbollen,0,MM0 ?P
29.5667,uitbollen,0,MM1 ?P
29.5667,uitbollen,0,MM0 P=0:0
29.5667,uitbollen,0,MM1 P=0:0
29.5877,uitbollen,0,"#204,YAW,2.53,GYRO,-6,46,-9,ACC,5,1,259,ADC,1233,383,6,2,"
29.5877,uitbollen,0,MM0 ?S
29.5877,uitbollen,0,MM1 ?S
29.5878,uitbollen,0,MM0 S=0:0
29.5878,uitbollen,0,MM1 S=0:0
29.6218,uitbollen,0,"#205,YAW,2.53,GYRO,-8,45,-9,ACC,1,2,258,ADC,1233,386,4,1,"
29.6218,uitbollen,0,MM0 ?T
29.6218,uitbollen,0,MM1 ?T
29.6218,uitbollen,0,MM0 T=35:34
29.6218,uitbollen,0,MM1 T=36:33
29.6218,uitbollen,0,MM0 !M 0 0
29.6218,uitbollen,0,MM1 !M 0 0
29.6218,uitbollen,0,MM0 +
29.6218,uitbollen,0,MM1 +
29.6218,uitbollen,0,"#206,YAW,2.53,GYRO,-8,45,-9,ACC,2,1,255,ADC,1228,386,4,1,"
29.6219,uitbollen,0,MM0 ?V
29.6219,uitbollen,0,MM1 ?V
29.6219,uitbollen,0,MM0 V=120:223:4902
29.6219,uitbollen,0,MM1 V=120:223:4899
29.6428,uitbollen,0,"#207,YAW,2.53,GYRO,-8,45,-10,ACC,-1,4,252,ADC,1249,383,4,2,"
29.6428,uitbollen,0,MM0 ?CR
29.6428,uitbollen,0,MM1 ?CR
29.6428,uitbollen,0,MM0 CR=0:0
29.6428,uitbollen,0,MM1 CR=0:0
29.6636,uitbollen,0,"#208,YAW,2.53,GYRO,-7,44,-8,ACC,0,3,253,ADC,1248,391,6,2,"
29.6636,uitbollen,0,MM0 ?A
29.6636,uitbollen,0,MM1 ?A
29.6636,uitbollen,0,MM0 A=0:0
29.6636,uitbollen,0,MM1 A=0:0
29.6847,uitbollen,0,"#209,YAW,2.53,GYRO,-8,44,-7,ACC,3,2,257,ADC,1275,401,6,2,"
29.6847,uitbollen,0,MM0 ?AI
29.6847,uitbollen,0,MM1 ?AI
29.6847,uitbollen,0,MM0 AI=0:0:2421:2410:0:0
29.6847,uitbollen,0,MM1 AI=0:0:2350:2275:0:0
29.7190,uitbollen,0,"#210,YAW,2.53,GYRO,-7,46,-9,ACC,2,2,258,ADC,1282,377,5,2,"
29.7190,uitbollen,0,MM0 !M 0 0
29.7190,uitbollen,0,MM0 +
29.7190,uitbollen,0,MM1 !M 0 0
29.7190,uitbollen,0,MM1 +
29.7190,uitbollen,0,MM0 ?C
29.7190,uitbollen,0,MM1 ?C
29.7191,uitbollen,0,MM0 C=-291:287
29.7191,uitbollen,0,MM1 C=1289:-1405
29.7191,uitbollen,0,"$GPRMC,093210.8,A,5050.50643,N,00419.37660,E,000.26,146.0,021026,000.4,E*51"
29.7191,uitbollen,0,"#211,YAW,2.53,GYRO,-8,47,-10,ACC,3,1,256,ADC,1285,315,6,1,"
29.7397,uitbollen,0,MM0 ?D
29.7397,uitbollen,0,MM1 ?D
29.7397,uitbollen,0,MM1 D=33
29.7397,uitbollen,0,MM0 D=2
29.7397,uitbollen,0,"#212,YAW,2.53,GYRO,-8,46,-10,ACC,2,1,255,ADC,1260,502,4,2,"
29.7397,uitbollen,0,MM0 ?FF
29.7397,uitbollen,0,MM1 ?FF
29.7397,uitbollen,0,MM0 FF=0
29.7397,uitbollen,0,MM1 FF=0
29.7607,uitbollen,0,"#213,YAW,2.53,GYRO,-7,44,-9,ACC,3,0,254,ADC,1230,383,4,1,"
29.7607,uitbollen,0,MM0 ?P
29.7608,uitbollen,0,MM1 ?P
29.7608,uitbollen,0,MM0 P=0:0
29.7608,uitbollen,0,MM1 P=0:0
29.7819,uitbollen,0,"#214,YAW,2.53,GYRO,-11,46,-9,ACC,6,1,255,ADC,1255,383,7,2,"
29.7819,uitbollen,0,MM0 ?S
29.7819,uitbollen,0,MM1 ?S
29.7819,uitbollen,0,MM0 S=0:0
29.7819,uitbollen,0,MM1 S=0:0
29.8179,uitbollen,0,MM0 !M 0 0
29.8179,uitbollen,0,MM1 !M 0 0
29.8179,uitbollen,0,MM0 +
29.8179,uitbollen,0,MM1 +
29.8179,uitbollen,0,"#215,YAW,2.53,GYRO,-7,45,-8,ACC,2,-1,254,ADC,1234,316,5,2,"
29.8179,uitbollen,0,MM0 ?T
29.8179,uitbollen,0,MM1 ?T
29.8179,uitbollen,0,MM0 T=35:34
29.8179,uitbollen,0,MM1 T=36:33
29.8179,uitbollen,0,"#216,YAW,2.53,GYRO,-8,46,-9,ACC,2,2,258,ADC,1321,393,5,2,"
29.8179,uitbollen,0,MM0 ?V
29.8369,uitbollen,0,MM1 ?V
29.8369,uitbollen,0,MM0 V=120:223:4902
29.8369,uitbollen,0,MM1 V=120:223:4899
29.8369,uitbollen,0,"#217,YAW,2.53,GYRO,-8,44,-10,ACC,3,2,255,ADC,1295,387,5,2,"
29.8369,uitbollen,0,MM0 ?CR
29.8369,uitbollen,0,MM1 ?CR
29.8579,uitbollen,0,MM0 CR=0:0
29.8580,uitbollen,0,MM1 CR=0:0
29.8580,uitbollen,0,"#218,YAW,2.53,GYRO,-8,44,-10,ACC,3,2,253,ADC,1239,500,5,2,"
29.8580,uitbollen,0,MM0 ?A
29.8580,uitbollen,0,MM1 ?A
29.8580,uitbollen,0,MM0 A=0:0
29.8788,uitbollen,0,MM1 A=0:0
29.8788,uitbollen,0,"#219,YAW,2.53,GYRO,-8,45,-10,ACC,2,3,251,ADC,1257,389,5,2,"
29.8788,uitbollen,0,MM0 ?AI
29.8788,uitbollen,0,MM1 ?AI
29.8788,uitbollen,0,MM0 AI=0:0:2412:2416:0:0
29.9340,uitbollen,0,MM1 AI=0:0:2318:2334:0:0
29.9340,uitbollen,0,"#220,YAW,2.53,GYRO,-8,45,-8,ACC,5,2,256,ADC,1286,389,5,2,"
29.9340,uitbollen,0,MM0 ?C
29.9340,uitbollen,0,MM1 ?C
29.9340,uitbollen,0,MM0 C=-291:287
29.9340,uitbollen,0,MM1 C=1289:-1405
29.9340,uitbollen,0,MM0 !M 0 0
29.9340,uitbollen,0,MM1 !M 0 0
29.9340,uitbollen,0,MM0 +
29.9340,uitbollen,0,MM1 +
29.9340,uitbollen,0,"$GPRMC,093211.0,A,5050.50642,N,00419.37662,E,000.27,146.0,021026,000.4,E*5A"
29.9341,uitbollen,0,"#221,YAW,2.53,GYRO,-9,46,-11,ACC,3,3,256,ADC,1216,359,6,2,"
29.9341,uitbollen,0,MM0 ?D
29.9341,uitbollen,0,MM1 ?D
29.9341,uitbollen,0,MM1 D=33
29.9341,uitbollen,0,MM0 D=2
29.9550,uitbollen,0,"#222,YAW,2.53,GYRO,-8,47,-9,ACC,0,3,250,ADC,1261,390,6,1,"
29.9550,uitbollen,0,MM0 ?FF
29.9550,uitbollen,0,MM1 ?FF
29.9550,uitbollen,0,MM0 FF=0
29.9550,uitbollen,0,MM1 FF=0
29.9550,uitbollen,0,"#223,YAW,2.54,GYRO,-8,45,-9,ACC,0,5,256,ADC,1251,387,5,2,"
29.9760,uitbollen,0,MM0 ?P
29.9761,uitbollen,0,MM1 ?P
29.9761,uitbollen,0,MM0 P=0:0
29.9761,uitbollen,0,MM1 P=0:0
29.9761,uitbollen,0,"#224,YAW,2.54,GYRO,-6,46,-9,ACC,2,2,259,ADC,1229,383,3,1,"
29.9761,uitbollen,0,MM0 ?S
29.9969,uitbollen,0,MM1 ?S
29.9969,uitbollen,0,MM0 S=0:0
29.9969,uitbollen,0,MM1 S=0:0
29.9969,uitbollen,0,"#225,YAW,2.54,GYRO,-8,44,-9,ACC,4,2,254,ADC,1227,387,5,2,"
29.9969,uitbollen,0,MM0 ?T
29.9969,uitbollen,0,MM1 ?T
30.0319,uitbollen,0,MM0 T=35:34
30.0319,uitbollen,0,MM1 T=36:33
30.0319,uitbollen,0,MM0 !M 0 0
30.0319,uitbollen,0,MM1 !M 0 0
30.0319,uitbollen,0,MM0 +
30.0320,uitbollen,0,MM1 +
30.0320,uitbollen,0,"#226,YAW,2.54,GYRO,-7,45,-9,ACC,3,1,253,ADC,1232,385,5,2,"
30.0320,uitbollen,0,MM0 ?V
30.0320,uitbollen,0,MM1 ?V
30.0320,uitbollen,0,MM0 V=120:223:4902
30.0320,uitbollen,0,MM1 V=120:222:4900
30.0528,uitbollen,0,"#227,YAW,2.54,GYRO,-8,46,-9,ACC,3,3,256,ADC,1235,383,5,1,"
30.0528,uitbollen,0,MM0 ?CR
30.0528,uitbollen,0,MM1 ?CR
30.0528,uitbollen,0,MM0 CR=0:0
30.0528,uitbollen,0,MM1 CR=0:0
30.0738,uitbollen,0,"#228,YAW,2.54,GYRO,-8,45,-10,ACC,1,2,255,ADC,1271,499,4,2,"
30.0738,uitbollen,0,MM0 ?A
30.0738,uitbollen,0,MM1 ?A
30.0738,uitbollen,0,MM0 A=0:0
30.0738,uitbollen,0,MM1 A=0:0
30.0948,uitbollen,0,"#229,YAW,2.54,GYRO,-7,45,-11,ACC,6,1,252,ADC,1279,499,5,1,"
30.0948,uitbollen,0,MM0 ?AI
30.0949,uitbollen,0,MM1 ?AI
30.0949,uitbollen,0,MM0 AI=0:0:2415:2429:0:0
30.0949,uitbollen,0,MM1 AI=0:0:2337:2350:0:0
30.0949,uitbollen,0,"#230,YAW,2.54,GYRO,-8,45,-8,ACC,2,1,256,ADC,1280,491,4,2,"
30.1287,uitbollen,0,MM0 ?C
30.1287,uitbollen,0,MM1 ?C
30.1287,uitbollen,0,MM0 C=-291:287
30.1287,uitbollen,0,MM1 C=1289:-1405
30.1287,uitbollen,0,MM0 !M 0 0
30.1288,uitbollen,0,MM1 !M 0 0
30.1288,uitbollen,0,MM0 +
30.1288,uitbollen,0,MM1 +
30.1288,uitbollen,0,"$GPRMC,093211.2,A,5050.50641,N,00419.37664,E,000.26,146.0,021026,000.4,E*5C"
30.1288,uitbollen,0,"#231,YAW,2.54,GYRO,-9,44,-8,ACC,1,2,257,ADC,1223,348,5,2,"
30.1288,uitbollen,0,MM0 ?D
30.1288,uitbollen,0,MM1 ?D
30.1288,uitbollen,0,MM1 D=33
30.1288,uitbollen,0,MM0 D=2
30.1497,uitbollen,0,"#232,YAW,2.54,GYRO,-10,45,-10,ACC,-1,1,257,ADC,1302,500,7,2,"
30.1497,uitbollen,0,MM0 ?FF
30.1497,uitbollen,0,MM1 ?FF
30.1497,uitbollen,0,MM0 FF=0
30.1497,uitbollen,0,MM1 FF=0
30.1708,uitbollen,0,"#233,YAW,2.54,GYRO,-8,46,-9,ACC,5,1,253,ADC,1244,501,6,2,"
30.1708,uitbollen,0,MM0 ?P
30.1708,uitbollen,0,MM1 ?P
30.1708,uitbollen,0,MM0 P=0:0
30.1708,uitbollen,0,MM1 P=0:0
